COMMENTS;SHELF;PN;DESC;QTY;;COND;SN;TAG INFO;TAG INFO;TAG DATE;;;;;;;;;;;;;;;;;;;;;;;;;;;;;;;;;;;;;;;;;;;;;
SHELF C-3;BOX-1;3007383;TUBE-XFR;1;EA;OH;N/A;PRATT&WHITNEY - TCCA 24-0078;TCCA 24-0078;18/05/2006;;;;;;;;;;;;;;;;;;;;;;;;;;;;;;;;;;;;;;;;;;;;;
SHELF C-3;BOX-1;3026886;TUBE-TRANSFER;1;EA;OH;N/A;PRATT&WHITNEY - TCCA 24-0078;TCCA 24-0078;18/05/2006;;;;;;;;;;;;;;;;;;;;;;;;;;;;;;;;;;;;;;;;;;;;;
SHELF C-3;BOX-1;3002149;TUBE TRANSFER .974X.990;1;EA;OH;N/A;PRATT&WHITNEY - TCCA 24-0078;TCCA 24-0078;01/11/2005;;;;;;;;;;;;;;;;;;;;;;;;;;;;;;;;;;;;;;;;;;;;;
SHELF C-3;BOX-1;3003974;TUBE-TRANSFER;2;EA;OH;N/A;PRATT&WHITNEY - TCCA 24-0078;TCCA 24-0078;18/05/2006;;;;;;;;;;;;;;;;;;;;;;;;;;;;;;;;;;;;;;;;;;;;;
SHELF C-3;BOX-1;3022340;RING HALF-MOUNTING CONTAINMENT RING;1;EA;OH;N/A;PRATT&WHITNEY - TCCA 24-0078;TCCA 24-0078;18/05/2006;;;;;;;;;;;;;;;;;;;;;;;;;;;;;;;;;;;;;;;;;;;;;
SHELF C-3;BOX-1;3008348;STRAINER;1;EA;OH;N/A;TCAC 24-0078 ATLANTIC TURBINES;TCCA 24-0078;01/11/2005;;;;;;;;;;;;;;;;;;;;;;;;;;;;;;;;;;;;;;;;;;;;;
SHELF C-3;BOX-1;3026887;SLEEVE - PRESSURE RELIEF VALVE;1;EA;OH;N/A;PRATT&WHITNEY - TCCA 24-0078;TCCA 24-0078;01/11/2005;;;;;;;;;;;;;;;;;;;;;;;;;;;;;;;;;;;;;;;;;;;;;
SHELF C-3;BOX-1;MS28034-3;TEMP PROBE;9;EA;NE;VARIOUS;EXCELTECH TCAC 24-0078 ;TCCA 24-0078;;;;;;;;;;;;;;;;;;;;;;;;;;;;;;;;;;;;;;;;;;;;;;
SHELF C-3;BOX-1;3004244;TORQUEMETER VALVE SPRING;1;EA;OH;NSN;8130 DALLAS AIRMOTIVE;FAA 8130;15/11/2005;;;;;;;;;;;;;;;;;;;;;;;;;;;;;;;;;;;;;;;;;;;;;
SHELF C-3;BOX-1;3008657;DEFLECTOR-OIL SCAVENGE PUMP;1;EA;OH;N/A;PRATT&WHITNEY - TCCA 24-0078;TCCA 24-0078;01/11/2005;;;;;;;;;;;;;;;;;;;;;;;;;;;;;;;;;;;;;;;;;;;;;
SHELF C-3;BOX-1;3027693;WASHER-THRUST 1ST STAGE SUN GEAR;1;EA;OH;N/A;PRATT&WHITNEY - TCCA 24-0078;TCCA 24-0078;01/12/2005;;;;;;;;;;;;;;;;;;;;;;;;;;;;;;;;;;;;;;;;;;;;;
SHELF C-3;BOX-1;772410-2;COVER;1;EA;FN;N/A;8130 HAMILTON (109 EA);FAA 8130;10/12/1996;;;;;;;;;;;;;;;;;;;;;;;;;;;;;;;;;;;;;;;;;;;;;
SHELF C-3;BOX-1;31201-5;FUSE;24;EA;NE;1;WING ELECTRO SALES - PACKING - LITTELFUSE COC OEM;OEM COC;30/01/2002;;;;;;;;;;;;;;;;;;;;;;;;;;;;;;;;;;;;;;;;;;;;;
SHELF C-3;BOX-1;3003533;NOZZLE - OIL COMPRESSOR BEARING;1;EA;OH;N/A;8130 DALLAS AIRMOTIVE;FAA 8130;06/11/2003;;;;;;;;;;;;;;;;;;;;;;;;;;;;;;;;;;;;;;;;;;;;;
SHELF C-3;BOX-1;3023486;GEARSHAFT-BEVEL,GOV DR,17 TEETH;1;EA;OH;PWC04M289;TCCA 24-0078 PRATT&WHITNEY;TCCA 24-0078;04/02/2004;;;;;;;;;;;;;;;;;;;;;;;;;;;;;;;;;;;;;;;;;;;;;
SHELF C-3;BOX-1;3004029;GALLERY-MAIN OIL TRANSFER;1;EA;OH;N/A;8130 DALLAS AIRMOTIVE;FAA 8130;06/11/2003;;;;;;;;;;;;;;;;;;;;;;;;;;;;;;;;;;;;;;;;;;;;;
SHELF C-3;BOX-1;3029166;SCREEN ASSY-PUMP INTAKE;1;EA;OH;N/A;TCCA 24-0078 PRATT&WHITNEY;TCCA 24-0078;20/02/2006;;;;;;;;;;;;;;;;;;;;;;;;;;;;;;;;;;;;;;;;;;;;;
SHELF C-3;BOX-1;3011426;NOZZLE-OIL;1;EA;OH;N/A;PRATT&WHITNEY - TCCA 24-0078 ;TCCA 24-0078;17/02/2003;;;;;;;;;;;;;;;;;;;;;;;;;;;;;;;;;;;;;;;;;;;;;
SHELF C-3;BOX-1;3003862;NUT-SPANNER COMPR BRG;1;EA;OH;NSN;DALLAS AIRMOTIVE 8130;FAA 8130;16/11/2005;;;;;;;;;;;;;;;;;;;;;;;;;;;;;;;;;;;;;;;;;;;;;
SHELF C-3;BOX-1;3005698;NUT SPANNER 1.173-20;1;EA;OH;NSN;DALLAS AIRMOTIVE 8130;FAA 8130;16/11/2005;;;;;;;;;;;;;;;;;;;;;;;;;;;;;;;;;;;;;;;;;;;;;
SHELF C-3;BOX-1;3004179;CARRIER-SEAL;1;EA;OH;N/A;PRATT&WHITNEY - TCCA 24-0078;TCCA 24-0078;17/02/2006;;;;;;;;;;;;;;;;;;;;;;;;;;;;;;;;;;;;;;;;;;;;;
SHELF C-3;BOX-1;3008145;TUBE-ACC GEARBOX BREATHER;1;EA;OH;N/A;PRATT&WHITNEY - TCCA 24-0078;TCCA 24-0078;01/11/2005;;;;;;;;;;;;;;;;;;;;;;;;;;;;;;;;;;;;;;;;;;;;;
SHELF C-3;BOX-1;3014018;#1 BEARING ROTOR AIR SEAL;1;EA;OH;N/A;STANDARD AERO Transport Canada DR;TCCA 24-0079;11/05/2004;;;;;;;;;;;;;;;;;;;;;;;;;;;;;;;;;;;;;;;;;;;;;
SHELF C-3;BOX-1;3023679;PLATE-SEAL RTNG TURB.INTERSTAGE;1;EA;OH;N/A;PRATT&WHITNEY - TCCA 24-0078;TCCA 24-0078;30/11/2005;;;;;;;;;;;;;;;;;;;;;;;;;;;;;;;;;;;;;;;;;;;;;
SHELF C-3;BOX-1;3013453;EXTENSION STARTING CONTROL SHAFT;1;EA;OH;N/A;PRATT&WHITNEY - TCCA 24-0078 ;TCCA 24-0078;21/02/2006;;;;;;;;;;;;;;;;;;;;;;;;;;;;;;;;;;;;;;;;;;;;;
SHELF C-3;BOX-1;3012177;SHAFT COUPLING SCAV. PUMP;1;EA;OH;12-47-8;PRATT&WHITNEY - TCCA 24-0078 ;TCCA 24-0078;22/02/2006;;;;;;;;;;;;;;;;;;;;;;;;;;;;;;;;;;;;;;;;;;;;;
SHELF C-3;BOX-1;3003526;TUBE-TRANSFER 973X3.400;1;EA;OH;N/A;PRATT&WHITNEY - TCCA 24-0078;TCCA 24-0078;17/02/2006;;;;;;;;;;;;;;;;;;;;;;;;;;;;;;;;;;;;;;;;;;;;;
SHELF C-3;BOX-1;3106579-01;WASHER;1;EA;OH;N/A;JAA LUFTHASA;JAA FORM 1;09/04/2003;;;;;;;;;;;;;;;;;;;;;;;;;;;;;;;;;;;;;;;;;;;;;
SHELF C-3;BOX-1;3019488;TERMINAL PUSH-PULL REAR;1;EA;OH;N/A;STANDARD AERO - TCCA 24-0078;TCCA 24-0078;09/01/2004;;;;;;;;;;;;;;;;;;;;;;;;;;;;;;;;;;;;;;;;;;;;;
SHELF C-3;BOX-1;3007319;NUT PLAIN ROUND 2.125-20X.225;1;EA;OH;N/A;STANDARD AERO - TCCA 24-0078;TCCA 24-0078;11/05/2004;;;;;;;;;;;;;;;;;;;;;;;;;;;;;;;;;;;;;;;;;;;;;
SHELF C-3;BOX-1;3011533;REAR FIRE SEAL MOUNTING BRACKET;1;EA;OH;N/A;STANDARD AERO - TCCA 24-0078;TCCA 24-0078;11/05/2004;;;;;;;;;;;;;;;;;;;;;;;;;;;;;;;;;;;;;;;;;;;;;
SHELF C-3;BOX-1;3024564;BY-PASS VALVE SPRING;1;EA;OH;N/A;STANDARD AERO - TCCA 24-0078;TCCA 24-0078;27/06/2004;;;;;;;;;;;;;;;;;;;;;;;;;;;;;;;;;;;;;;;;;;;;;
SHELF C-3;BOX-1;3004116;COVER ASSY- MAIN SCAVENGE PUMP;1;EA;OH;N/A;STANDARD AERO - TCCA 24-0078;TCCA 24-0078;11/05/2004;;;;;;;;;;;;;;;;;;;;;;;;;;;;;;;;;;;;;;;;;;;;;
SHELF C-3;BOX-1;3011684;LEVER FOLLOWER PROP REV CONTROL;1;EA;OH;N/A;8130 DALLAS AIRMOTIVE;FAA 8130;06/11/2003;;;;;;;;;;;;;;;;;;;;;;;;;;;;;;;;;;;;;;;;;;;;;
SHELF C-3;BOX-1;3016003;SCAVENGE PUMP SPACER;4;EA;OH;;ATLANTIC TURBINES - TCCA 24-0078 ;TCCA 24-0078;01/11/2005;;;;;;;;;;;;;;;;;;;;;;;;;;;;;;;;;;;;;;;;;;;;;
SHELF C-3;BOX-1;MS9461-15;BALL BEARING;1;EA;OH;N/A;STANDARD AERO - TCCA 24-0078;TCCA 24-0078;05/11/2005;;;;;;;;;;;;;;;;;;;;;;;;;;;;;;;;;;;;;;;;;;;;;
SHELF C-3;BOX-1;3008146;TUBE-TRANSFER;1;EA;OH;N/A;STANDARD AERO - TCCA 24-0078;TCCA 24-0078;11/05/2004;;;;;;;;;;;;;;;;;;;;;;;;;;;;;;;;;;;;;;;;;;;;;
SHELF C-3;BOX-1;3101538-01;OIL SEAL CARRIER;1;EA;OH;N/A;STANDARD AERO - TCCA 24-0078;TCCA 24-0078;11/05/2004;;;;;;;;;;;;;;;;;;;;;;;;;;;;;;;;;;;;;;;;;;;;;
SHELF C-3;BOX-1;3007097;TUBE-TRANSFER;1;EA;OH;N/A;STANDARD AERO - TCCA 24-0078;TCCA 24-0078;11/05/2004;;;;;;;;;;;;;;;;;;;;;;;;;;;;;;;;;;;;;;;;;;;;;
SHELF C-3;BOX-1;3019299;FUEL HEATER BRACKET;1;EA;OH;N/A;STANDARD AERO - TCCA 24-0078;TCCA 24-0078;11/05/2004;;;;;;;;;;;;;;;;;;;;;;;;;;;;;;;;;;;;;;;;;;;;;
SHELF C-3;BOX-1;3003973;TUBE TRANSFER .715X.855;1;EA;OH;N/A;STANDARD AERO - TCCA 24-0078;TCCA 24-0078;11/05/2004;;;;;;;;;;;;;;;;;;;;;;;;;;;;;;;;;;;;;;;;;;;;;
SHELF C-3;BOX-1;3019250;TRANSFER TUBE;1;EA;OH;N/A;STANDARD AERO - TCCA 24-0078;TCCA 24-0078;11/05/2004;;;;;;;;;;;;;;;;;;;;;;;;;;;;;;;;;;;;;;;;;;;;;
SHELF C-3;BOX-1;3031639;COUPLING-POWER TURBINE SHAFT;1;EA;OH;3E321;ATLANTIC TURBINE TCCA AMO 3-92;TCCA 24-0078;01/11/2005;;;;;;;;;;;;;;;;;;;;;;;;;;;;;;;;;;;;;;;;;;;;;
SHELF C-3;BOX-2;3003526;TUBE-TRANSFER;1;EA;OH;N/A;DALLAS AIRMOTIVE 8130;FAA 8130;15/11/2005;;;;;;;;;;;;;;;;;;;;;;;;;;;;;;;;;;;;;;;;;;;;;
SHELF C-3;BOX-2;3008146;TUBE-TRANSFER;1;EA;OH;N/A;DALLAS AIRMOTIVE 8130;FAA 8130;21/11/2005;;;;;;;;;;;;;;;;;;;;;;;;;;;;;;;;;;;;;;;;;;;;;
SHELF C-3;BOX-2;3011684;LEVER FOLLOWER PROP REV CONTROL;1;EA;OH;N/A;DALLAS AIRMOTIVE 8130;FAA 8130;15/11/2004;;;;;;;;;;;;;;;;;;;;;;;;;;;;;;;;;;;;;;;;;;;;;
SHELF C-3;BOX-2;3026654;STRAINER SLEEVE-SCAVENGE OIL;1;EA;OH;N/A;DALLAS AIRMOTIVE 8130;FAA 8130;15/11/2004;;;;;;;;;;;;;;;;;;;;;;;;;;;;;;;;;;;;;;;;;;;;;
SHELF C-3;BOX-2;3013294;PLUG;1;EA;OH;N/A;DALLAS AIRMOTIVE 8130;FAA 8130;15/11/2005;;;;;;;;;;;;;;;;;;;;;;;;;;;;;;;;;;;;;;;;;;;;;
SHELF C-3;BOX-2;3011426;NOZZLE-OIL;1;EA;OH;N/A;DALLAS AIRMOTIVE 8130;FAA 8130;15/115;;;;;;;;;;;;;;;;;;;;;;;;;;;;;;;;;;;;;;;;;;;;;
SHELF C-3;BOX-2;3012896;BRACKET;6;EA;OH;N/A;DALLAS AIRMOTIVE 8130;FAA 8130;16/11/2005;;;;;;;;;;;;;;;;;;;;;;;;;;;;;;;;;;;;;;;;;;;;;
SHELF C-3;BOX-2;3011370;PLATE;1;EA;OH;N/A;DALLAS AIRMOTIVE 8130;FAA 8130;15/11/2005;;;;;;;;;;;;;;;;;;;;;;;;;;;;;;;;;;;;;;;;;;;;;
SHELF C-3;BOX-2;3010454;LEVER FUEL CONTROL ACTUATING;1;EA;OH;N/A;DALLAS AIRMOTIVE 8130;FAA 8130;15/11/2005;;;;;;;;;;;;;;;;;;;;;;;;;;;;;;;;;;;;;;;;;;;;;
SHELF C-3;BOX-2;3007105;TUBE TRANSFER;1;EA;OH;NSN;DALLAS AIRMOTIVE 8130;FAA 8130;21/11/2005;;;;;;;;;;;;;;;;;;;;;;;;;;;;;;;;;;;;;;;;;;;;;
SHELF C-3;BOX-2;3026758;STRAINER SLV IC CHIP DET;1;EA;OH;N/A;DALLAS AIRMOTIVE 8130;FAA 8130;15/11/2005;;;;;;;;;;;;;;;;;;;;;;;;;;;;;;;;;;;;;;;;;;;;;
SHELF C-3;BOX-2;3011158;FUEL MANIFOLD LOCK PLATE;14;EA;OH;N/A;DALLAS AIRMOTIVE 8130;FAA 8130;15/11/2005;;;;;;;;;;;;;;;;;;;;;;;;;;;;;;;;;;;;;;;;;;;;;
SHELF C-3;BOX-2;3013146;ADAPTER-PROP SHAFT OIL TRANS TUBE;1;EA;OH;N/A;DALLAS AIRMOTIVE 8130;FAA 8130;15/11/2005;;;;;;;;;;;;;;;;;;;;;;;;;;;;;;;;;;;;;;;;;;;;;
SHELF C-3;BOX-2;3005664;SHAFTGEAR-BEVEL GOVERNOR DRIVE;1;EA;OH;N/A;DALLAS AIRMOTIVE 8130;FAA 8130;01/11/2005;;;;;;;;;;;;;;;;;;;;;;;;;;;;;;;;;;;;;;;;;;;;;
SHELF C-3;BOX-2;3004220;PLATE;3;EA;OH;N/A;DALLAS AIRMOTIVE 8130;FAA 8130;15/11/2005;;;;;;;;;;;;;;;;;;;;;;;;;;;;;;;;;;;;;;;;;;;;;
SHELF C-3;BOX-2;3024559;SEAT-CHECK VALVE;1;EA;OH;N/A;DALLAS AIRMOTIVE 8130;FAA 8130;15/11/2005;;;;;;;;;;;;;;;;;;;;;;;;;;;;;;;;;;;;;;;;;;;;;
SHELF C-3;BOX-2;3017444;TRAY-OIL ACCESSORY GEARBOX;1;EA;OH;N/A;DALLAS AIRMOTIVE 8130;FAA 8130;01/11/2005;;;;;;;;;;;;;;;;;;;;;;;;;;;;;;;;;;;;;;;;;;;;;
SHELF C-3;BOX-2;MS9194-04;ELBOW;2;EA;OH;N/A;DALLAS AIRMOTIVE 8130;FAA 8130;15/11/2005;;;;;;;;;;;;;;;;;;;;;;;;;;;;;;;;;;;;;;;;;;;;;
SHELF C-3;BOX-2;3011204;TUBE-NO.3 BRG PRESS OIL;1;EA;OH;N/A;DALLAS AIRMOTIVE 8130;FAA 8130;21/11/2005;;;;;;;;;;;;;;;;;;;;;;;;;;;;;;;;;;;;;;;;;;;;;
SHELF C-3;BOX-2;MS9314-03;CAP;1;EA;OH;N/A;DALLAS AIRMOTIVE 8130;FAA 8130;22/11/2005;;;;;;;;;;;;;;;;;;;;;;;;;;;;;;;;;;;;;;;;;;;;;
SHELF C-3;BOX-2;3002149;TUBE TRANSFER .974X.990;1;EA;OH;N/A;DALLAS AIRMOTIVE 8130;FAA 8130;21/11/2005;;;;;;;;;;;;;;;;;;;;;;;;;;;;;;;;;;;;;;;;;;;;;
SHELF C-3;BOX-2;3008785;GEAR-SPUR;2;EA;OH;N/A;Atlantic Turbine TCCA 24-0078;TCCA 24-0078;November 2005;;;;;;;;;;;;;;;;;;;;;;;;;;;;;;;;;;;;;;;;;;;;;
SHELF C-3;BOX-2;3013222;PLATE;2;EA;OH;N/A;DALLAS AIRMOTIVE 8130;FAA 8130;15/11/2005;;;;;;;;;;;;;;;;;;;;;;;;;;;;;;;;;;;;;;;;;;;;;
SHELF C-3;BOX-2;3012536;ROD-INTERNALLY THDED;1;EA;OH;N/A;DALLAS AIRMOTIVE 8130;FAA 8130;21/11/2005;;;;;;;;;;;;;;;;;;;;;;;;;;;;;;;;;;;;;;;;;;;;;
SHELF C-3;BOX-2;3024567;VALVE-BY PASS;1;EA;OH;N/A;DALLAS AIRMOTIVE 8130;FAA 8130;21/11/2005;;;;;;;;;;;;;;;;;;;;;;;;;;;;;;;;;;;;;;;;;;;;;
SHELF C-3;BOX-2;3012516;SEAT - PRESSURE RELIEF VALVE SPRING;1;EA;OH;N/A;DALLAS AIRMOTIVE 8130;FAA 8130;21/11/2005;;;;;;;;;;;;;;;;;;;;;;;;;;;;;;;;;;;;;;;;;;;;;
SHELF C-3;BOX-2;3020904;GUIDE;1;EA;OH;N/A;DALLAS AIRMOTIVE 8130;FAA 8130;15/11/2005;;;;;;;;;;;;;;;;;;;;;;;;;;;;;;;;;;;;;;;;;;;;;
SHELF C-3;BOX-2;3013143;NOZZLE OIL 2ND STG REDN;2;EA;OH;N/A;DALLAS AIRMOTIVE 8130;FAA 8130;15/11/2005;;;;;;;;;;;;;;;;;;;;;;;;;;;;;;;;;;;;;;;;;;;;;
SHELF C-3;BOX-2;3004192;NUT-SPANNER;1;EA;OH;N/A;DALLAS AIRMOTIVE 8130;FAA 8130;21/11/2005;;;;;;;;;;;;;;;;;;;;;;;;;;;;;;;;;;;;;;;;;;;;;
SHELF C-3;BOX-2;3003974;TUBE-TRANSFER;2;EA;OH;NSN;DALLAS AIRMOTIVE 8130;FAA 8130;21/11/2005;;;;;;;;;;;;;;;;;;;;;;;;;;;;;;;;;;;;;;;;;;;;;
SHELF C-3;BOX-2;3011426;NOZZLE-OIL;1;EA;OH;N/A;DALLAS AIRMOTIVE 8130;FAA 8130;21/11/2005;;;;;;;;;;;;;;;;;;;;;;;;;;;;;;;;;;;;;;;;;;;;;
SHELF C-3;BOX-2;3004085;CARRIER OIL SEAL;2;EA;OH;N/A;DALLAS AIRMOTIVE 8130;FAA 8130;21/11/2005;;;;;;;;;;;;;;;;;;;;;;;;;;;;;;;;;;;;;;;;;;;;;
SHELF C-3;BOX-2;3011872;ELECTRICAL CONNECTOR BRACKET;1;EA;OH;N/A;DALLAS AIRMOTIVE 8130;FAA 8130;21/11/2005;;;;;;;;;;;;;;;;;;;;;;;;;;;;;;;;;;;;;;;;;;;;;
SHELF C-3;BOX-2;3024566;SEAT-BY PASS VALVE;1;EA;OH;N/A;DALLAS AIRMOTIVE 8130;FAA 8130;21/11/2005;;;;;;;;;;;;;;;;;;;;;;;;;;;;;;;;;;;;;;;;;;;;;
SHELF C-3;BOX-2;3004509;NUT SPANNER;1;EA;OH;N/A;DALLAS AIRMOTIVE 8130;FAA 8130;21/11/2005;;;;;;;;;;;;;;;;;;;;;;;;;;;;;;;;;;;;;;;;;;;;;
SHELF C-3;BOX-2;3008145;TUBE-ACC GEARBOX BREATHER;1;EA;OH;N/A;DALLAS AIRMOTIVE 8130;FAA 8130;21/11/2005;;;;;;;;;;;;;;;;;;;;;;;;;;;;;;;;;;;;;;;;;;;;;
SHELF C-3;BOX-2;3004183;TUBE-TRANSFER .311X.805;1;EA;OH;N/A;DALLAS AIRMOTIVE 8130;FAA 8130;21/11/2005;;;;;;;;;;;;;;;;;;;;;;;;;;;;;;;;;;;;;;;;;;;;;
SHELF C-3;BOX-2;3004238;RETAINING PLATE;3;EA;OH;NSN;DALLAS AIRMOTIVE 8130;FAA 8130;21/11/2005;;;;;;;;;;;;;;;;;;;;;;;;;;;;;;;;;;;;;;;;;;;;;
SHELF C-3;BOX-2;3006731;COUPLING - SHAFT;1;EA;OH;N/A;DALLAS AIRMOTIVE 8130;FAA 8130;21/11/2005;;;;;;;;;;;;;;;;;;;;;;;;;;;;;;;;;;;;;;;;;;;;;
SHELF C-3;BOX-2;3005665;COUPLING GOV. DRIVE;2;EA;OH;N/A;DALLAS AIRMOTIVE 8130;FAA 8130;21/11/2005;;;;;;;;;;;;;;;;;;;;;;;;;;;;;;;;;;;;;;;;;;;;;
SHELF C-3;BOX-2;3018834;COUPLING POWER TURBINE SHAFT;1;EA;OH;2B775;DALLAS AIRMOTIVE 8130;FAA 8130;21/11/2005;;;;;;;;;;;;;;;;;;;;;;;;;;;;;;;;;;;;;;;;;;;;;
SHELF C-3;BOX-2;3004179;CARRIER-SEAL;1;EA;OH;N/A;DALLAS AIRMOTIVE 8130;FAA 8130;21/11/2005;;;;;;;;;;;;;;;;;;;;;;;;;;;;;;;;;;;;;;;;;;;;;
SHELF C-3;BOX-2;3011351;TEE SCAV OIL REAR;1;EA;OH;N/A;DALLAS AIRMOTIVE 8130;FAA 8130;21/11/2005;;;;;;;;;;;;;;;;;;;;;;;;;;;;;;;;;;;;;;;;;;;;;
SHELF C-3;BOX-2;3010536;TUBE-NO.3 BRG OIL;1;EA;OH;N/A;DALLAS AIRMOTIVE 8130;FAA 8130;21/11/2005;;;;;;;;;;;;;;;;;;;;;;;;;;;;;;;;;;;;;;;;;;;;;
SHELF C-3;BOX-3;3003974;TUBE-TRANSFER;1;EA;OH;N/A;TCAC 24-0078 ATLANTIC TURBINES;TCCA 24-0078;01/11/2005;;;;;;;;;;;;;;;;;;;;;;;;;;;;;;;;;;;;;;;;;;;;;
SHELF C-3;BOX-3;3011405;SHAFT-COUPLING;1;EA;OH;NSN;DALLAS AIRMOTIVE 8130;FAA 8130;16/11/2005;;;;;;;;;;;;;;;;;;;;;;;;;;;;;;;;;;;;;;;;;;;;;
SHELF C-3;BOX-3;3004116;COVER ASSY- MAIN SCAVENGE PUMP;1;EA;OH;N/A;DALLAS AIRMOTIVE 8130;FAA 8130;16/11/2005;;;;;;;;;;;;;;;;;;;;;;;;;;;;;;;;;;;;;;;;;;;;;
SHELF C-3;BOX-3;3023254;STOP-2ND STAGE SUN GEAR;1;EA;OH;NSN;DALLAS AIRMOTIVE 8130;FAA 8130;15/11/2005;;;;;;;;;;;;;;;;;;;;;;;;;;;;;;;;;;;;;;;;;;;;;
SHELF C-3;BOX-3;3023252;ADAPTER-1ST STAGE CARRIER;1;EA;OH;8W780;DALLAS AIRMOTIVE 8130;FAA 8130;20/09/2005;;;;;;;;;;;;;;;;;;;;;;;;;;;;;;;;;;;;;;;;;;;;;
SHELF C-3;BOX-3;3026886;TUBE-TRANSFER;1;EA;OH;NSN;DALLAS AIRMOTIVE 8130;FAA 8130;21/11/2005;;;;;;;;;;;;;;;;;;;;;;;;;;;;;;;;;;;;;;;;;;;;;
SHELF C-3;BOX-3;3013227;BRACKET;2;EA;OH;N/A;DALLAS AIRMOTIVE 8130;FAA 8130;16/11/2005;;;;;;;;;;;;;;;;;;;;;;;;;;;;;;;;;;;;;;;;;;;;;
SHELF C-3;BOX-3;3024088;ADAPTER ASSY;1;EA;OH;N/A;DALLAS AIRMOTIVE 8130;FAA 8130;01/11/2005;;;;;;;;;;;;;;;;;;;;;;;;;;;;;;;;;;;;;;;;;;;;;
SHELF C-3;BOX-3;3004085;CARRIER OIL SEAL;4;EA;OH;N/A;DALLAS AIRMOTIVE 8130;FAA 8130;16/11/2005;;;;;;;;;;;;;;;;;;;;;;;;;;;;;;;;;;;;;;;;;;;;;
SHELF C-3;BOX-3;3024559;SEAT-CHECK VALVE;1;EA;OH;NSN;DALLAS AIRMOTIVE 8130;FAA 8130;15/11/2005;;;;;;;;;;;;;;;;;;;;;;;;;;;;;;;;;;;;;;;;;;;;;
SHELF C-3;BOX-3;3008179;GEARSHAFT-BEVEL;1;EA;OH;NSN;DALLAS AIRMOTIVE 8130;FAA 8130;21/11/2005;;;;;;;;;;;;;;;;;;;;;;;;;;;;;;;;;;;;;;;;;;;;;
SHELF C-3;BOX-3;3031568;SHAFT-SECOND STAGE PLANET GEAR;5;EA;OH;N/A;VECTOR AEROSPACE TCCA;TCCA 24-0078;13/06/2011;;;;;;;;;;;;;;;;;;;;;;;;;;;;;;;;;;;;;;;;;;;;;
SHELF C-3;BOX-3;3026887;SLEEVE - PRESSURE RELIEF VALVE;1;EA;OH;NSN;DALLAS AIRMOTIVE 8130;FAA 8130;16/11/2005;;;;;;;;;;;;;;;;;;;;;;;;;;;;;;;;;;;;;;;;;;;;;
SHELF C-3;BOX-3;3004586;WASHER-THR-1STG CARRIER;1;EA;OH;NSN;DALLAS AIRMOTIVE 8130;FAA 8130;15/11/2005;;;;;;;;;;;;;;;;;;;;;;;;;;;;;;;;;;;;;;;;;;;;;
SHELF C-3;BOX-3;3008146;TUBE-TRANSFER;1;EA;OH;NSN;DALLAS AIRMOTIVE 8130;FAA 8130;15/11/2005;;;;;;;;;;;;;;;;;;;;;;;;;;;;;;;;;;;;;;;;;;;;;
SHELF C-3;BOX-3;3003974;TUBE-TRANSFER;1;EA;OH;N/A;TCAC 24-0078 ATLANTIC TURBINES;TCCA 24-0078;01/11/2005;;;;;;;;;;;;;;;;;;;;;;;;;;;;;;;;;;;;;;;;;;;;;
SHELF C-3;BOX-3;3034720;STRAINER;1;EA;OH;NSN;DALLAS AIRMOTIVE 8130;FAA 8130;15/11/2005;;;;;;;;;;;;;;;;;;;;;;;;;;;;;;;;;;;;;;;;;;;;;
SHELF C-3;BOX-3;3013294;PLUG;1;EA;OH;NSN;DALLAS AIRMOTIVE 8130;FAA 8130;16/11/2005;;;;;;;;;;;;;;;;;;;;;;;;;;;;;;;;;;;;;;;;;;;;;
SHELF C-3;BOX-3;MS9954-08;PLUG-MACH THD .750-16JX.440 DR HEX;1;EA;OH;NSN;DALLAS AIRMOTIVE 8130;FAA 8130;16/11/2005;;;;;;;;;;;;;;;;;;;;;;;;;;;;;;;;;;;;;;;;;;;;;
SHELF C-3;BOX-3;3026886;TUBE-TRANSFER;1;EA;OH;N/A;Atlantic Turbine - TCCA 24-0078;TCCA 24-0078;01/11/2005;;;;;;;;;;;;;;;;;;;;;;;;;;;;;;;;;;;;;;;;;;;;;
SHELF C-3;BOX-3;3007097;TUBE-TRANSFER;1;EA;OH;N/A;Atlantic Turbine TCCA 24-0078;TCCA 24-0078;01/11/2005;;;;;;;;;;;;;;;;;;;;;;;;;;;;;;;;;;;;;;;;;;;;;
SHELF C-3;BOX-3;3008981;BRACKET;1;EA;OH;NSN;DALLAS AIRMOTIVE 8130;FAA 8130;16/11/2005;;;;;;;;;;;;;;;;;;;;;;;;;;;;;;;;;;;;;;;;;;;;;
SHELF C-3;BOX-3;3030997;RETAINING PLATE;1;EA;OH;N/A;ATLANTIC TURBINE TCCA 24-0078;TCCA 24-0078;01/11/2005;;;;;;;;;;;;;;;;;;;;;;;;;;;;;;;;;;;;;;;;;;;;;
SHELF C-3;BOX-3;3012491;TUBE TRANSFER PACKING .525X1.185;1;EA;OH;N/A;Dallas Air Motive FAA 8130 DR;FAA 8130;15/11/2005;;;;;;;;;;;;;;;;;;;;;;;;;;;;;;;;;;;;;;;;;;;;;
SHELF C-3;BOX-3;3004183;TUBE-TRANSFER .311X.805;1;EA;OH;NSN;DALLAS AIRMOTIVE 8130;FAA 8130;16/11/2005;;;;;;;;;;;;;;;;;;;;;;;;;;;;;;;;;;;;;;;;;;;;;
SHELF C-3;BOX-3;3015109;TERMINL;1;EA;OH;NSN;DALLAS AIRMOTIVE 8130;FAA 8130;16/11/2005;;;;;;;;;;;;;;;;;;;;;;;;;;;;;;;;;;;;;;;;;;;;;
SHELF C-3;BOX-3;3008657;DEFLECTOR-OIL SCAVENGE PUMP;1;EA;OH;NSN;DALLAS AIRMOTIVE 8130;FAA 8130;15/11/2005;;;;;;;;;;;;;;;;;;;;;;;;;;;;;;;;;;;;;;;;;;;;;
SHELF C-3;BOX-3;3011351;TEE SCAV OIL REAR;1;EA;OH;NSN;DALLAS AIRMOTIVE 8130;FAA 8130;15/11/2005;;;;;;;;;;;;;;;;;;;;;;;;;;;;;;;;;;;;;;;;;;;;;
SHELF C-3;BOX-3;3011838;COUPLING-TUBE BLKHD;1;EA;OH;NSN;DALLAS AIRMOTIVE 8130;FAA 8130;22/11/2005;;;;;;;;;;;;;;;;;;;;;;;;;;;;;;;;;;;;;;;;;;;;;
SHELF C-3;BOX-3;3004117;SHAFTGEAR MAIN SCAVENGE PUMP;1;EA;OH;N/A;DALLAS AIRMOTIVE 8130;FAA 8130;16/11/2005;;;;;;;;;;;;;;;;;;;;;;;;;;;;;;;;;;;;;;;;;;;;;
SHELF C-3;BOX-3;3013148;NOZZLE-OIL NO 4 BEARING;1;EA;OH;NSN;DALLAS AIRMOTIVE 8130;FAA 8130;16/11/2005;;;;;;;;;;;;;;;;;;;;;;;;;;;;;;;;;;;;;;;;;;;;;
SHELF C-3;BOX-3;3008799;GEAR - SPUR;2;EA;OH;NSN;DALLAS AIRMOTIVE 8130;FAA 8130;16/11/2005;;;;;;;;;;;;;;;;;;;;;;;;;;;;;;;;;;;;;;;;;;;;;
SHELF C-3;BOX-3;3004086;TUBE-TRANSFER .715X1.115;1;EA;OH;NSN;DALLAS AIRMOTIVE 8130;FAA 8130;16/11/2005;;;;;;;;;;;;;;;;;;;;;;;;;;;;;;;;;;;;;;;;;;;;;
SHELF C-3;BOX-3;3102825-01;TUBE   Y;1;EA;OH;NSN;DALLAS AIRMOTIVE 8130;FAA 8130;15/11/2005;;;;;;;;;;;;;;;;;;;;;;;;;;;;;;;;;;;;;;;;;;;;;
SHELF C-3;BOX-3;3017444;TRAY-OIL ACCESSORY GEARBOX;1;EA;OH;NSN;DALLAS AIRMOTIVE 8130;FAA 8130;15/11/2005;;;;;;;;;;;;;;;;;;;;;;;;;;;;;;;;;;;;;;;;;;;;;
SHELF C-3;BOX-3;3022341;RING HALF MOUNTING CONTAINMENT;1;EA;OH;NSN;DALLAS AIRMOTIVE 8130;FAA 8130;15/11/2005;;;;;;;;;;;;;;;;;;;;;;;;;;;;;;;;;;;;;;;;;;;;;
SHELF C-3;BOX-3;3004029;GALLERY-MAIN OIL TRANSFER;1;EA;OH;NSN;DALLAS AIRMOTIVE 8130;FAA 8130;21/11/2005;;;;;;;;;;;;;;;;;;;;;;;;;;;;;;;;;;;;;;;;;;;;;
SHELF C-3;BOX-3;3007024;CENTER OIL TANK TUBE;1;EA;OH;NSN;DALLAS AIRMOTIVE 8130;FAA 8130;21/11/2005;;;;;;;;;;;;;;;;;;;;;;;;;;;;;;;;;;;;;;;;;;;;;
SHELF C-3;BOX-3;3003862;NUT-SPANNER COMPR BRG;1;EA;OH;N/A;PRATT&WHITNEY - TCCA 24-0078;TCCA 24-0078;01/11/2005;;;;;;;;;;;;;;;;;;;;;;;;;;;;;;;;;;;;;;;;;;;;;
SHELF C-3;BOX-3;3023254;STOP-2ND STAGE SUN GEAR;1;EA;OH;N/A;PRATT&WHITNEY - TCCA 24-0078;TCCA 24-0078;01/12/2005;;;;;;;;;;;;;;;;;;;;;;;;;;;;;;;;;;;;;;;;;;;;;
SHELF C-3;BOX-3;3004586;WASHER-THR-1STG CARRIER;1;EA;OH;N/A;PRATT&WHITNEY - TCCA 24-0078;TCCA 24-0078;01/12/2005;;;;;;;;;;;;;;;;;;;;;;;;;;;;;;;;;;;;;;;;;;;;;
SHELF D-3;BOX-4;3013146;ADAPTER-PROP SHAFT OIL TRANS TUBE;1;EA;OH;NSN;DALLAS AIRMOTIVE 8130;FAA 8130;16/11/2005;;;;;;;;;;;;;;;;;;;;;;;;;;;;;;;;;;;;;;;;;;;;;
SHELF D-3;BOX-4;3008179;GEARSHAFT-BEVEL;1;EA;OH;HB3109;TEMPR TURBINES INC. - 8130;FAA 8130;03/04/2006;;;;;;;;;;;;;;;;;;;;;;;;;;;;;;;;;;;;;;;;;;;;;
SHELF D-3;BOX-4;3035892;TUBE   Y;1;EA;OH;N/A;DALLAS AIRMOTIVE 8130;FAA 8130;15/11/2005;;;;;;;;;;;;;;;;;;;;;;;;;;;;;;;;;;;;;;;;;;;;;
SHELF D-3;BOX-4;3031539;SCREEN;1;EA;OH;NSN;DALLAS AIRMOTIVE 8130;FAA 8130;15/11/2005;;;;;;;;;;;;;;;;;;;;;;;;;;;;;;;;;;;;;;;;;;;;;
SHELF D-3;BOX-4;3022850;PLATE;3;EA;OH;N/A;DALLAS AIRMOTIVE 8130;FAA 8130;15/11/2005;;;;;;;;;;;;;;;;;;;;;;;;;;;;;;;;;;;;;;;;;;;;;
SHELF D-3;BOX-4;3029305;SEAL-AIR COMPRESSOR TURBINE;1;EA;OH;SS1811E;ATLANTIC TURBINE TCCA 24-0078;TCCA 24-0078;01/11/2005;;;;;;;;;;;;;;;;;;;;;;;;;;;;;;;;;;;;;;;;;;;;;
SHELF D-3;BOX-4;3013306;TRAY-OIL DE-AERATOR;1;EA;OH;NSN;DALLAS AIRMOTIVE 8130;FAA 8130;15/11/2005;;;;;;;;;;;;;;;;;;;;;;;;;;;;;;;;;;;;;;;;;;;;;
SHELF D-3;BOX-4;3013145;TUBE-PROP.SHAFT OIL TRANSFER;1;EA;OH;NSN;DALLAS AIRMOTIVE 8130;FAA 8130;16/11/2005;;;;;;;;;;;;;;;;;;;;;;;;;;;;;;;;;;;;;;;;;;;;;
SHELF D-3;BOX-4;3004179;CARRIER-SEAL;1;EA;OH;NSN;DALLAS AIRMOTIVE 8130;FAA 8130;16/11/2005;;;;;;;;;;;;;;;;;;;;;;;;;;;;;;;;;;;;;;;;;;;;;
SHELF D-3;BOX-4;3018834;COUPLING POWER TURBINE SHAFT;1;EA;OH;8W584;DALLAS AIRMOTIVE 8130;FAA 8130;15/11/2005;;;;;;;;;;;;;;;;;;;;;;;;;;;;;;;;;;;;;;;;;;;;;
SHELF D-3;BOX-4;3011407;PLUG-MACH THD.8125-20X.440 HEX;1;EA;OH;NSN;DALLAS AIRMOTIVE 8130;FAA 8130;16/11/2005;;;;;;;;;;;;;;;;;;;;;;;;;;;;;;;;;;;;;;;;;;;;;
SHELF D-3;BOX-4;3003973;TUBE TRANSFER .715X.855;1;EA;OH;NSN;DALLAS AIRMOTIVE 8130;FAA 8130;15/11/2005;;;;;;;;;;;;;;;;;;;;;;;;;;;;;;;;;;;;;;;;;;;;;
SHELF D-3;BOX-4;3006246;RING-EXT;1;EA;OH;NSN;DALLAS AIRMOTIVE 8130;FAA 8130;15/11/2005;;;;;;;;;;;;;;;;;;;;;;;;;;;;;;;;;;;;;;;;;;;;;
SHELF D-3;BOX-4;3007319;NUT PLAIN ROUND 2.125-20X.225;1;EA;OH;NSN;DALLAS AIRMOTIVE 8130;FAA 8130;16/11/2005;;;;;;;;;;;;;;;;;;;;;;;;;;;;;;;;;;;;;;;;;;;;;
SHELF D-3;BOX-4;3013143;NOZZLE OIL 2ND STG REDN;5;EA;OH;NSN;DALLAS AIRMOTIVE 8130;FAA 8130;16/11/2005;;;;;;;;;;;;;;;;;;;;;;;;;;;;;;;;;;;;;;;;;;;;;
SHELF D-3;BOX-4;3011369;PLATE;4;EA;OH;NSN;DALLAS AIRMOTIVE 8130;FAA 8130;16/11/2005;;;;;;;;;;;;;;;;;;;;;;;;;;;;;;;;;;;;;;;;;;;;;
SHELF D-3;BOX-4;3022334;RETAINING PLATE;1;EA;OH;NSN;DALLAS AIRMOTIVE 8130;FAA 8130;16/11/2005;;;;;;;;;;;;;;;;;;;;;;;;;;;;;;;;;;;;;;;;;;;;;
SHELF D-3;BOX-4;3004238;RETAINING PLATE;1;EA;OH;NSN;DALLAS AIRMOTIVE 8130;FAA 8130;16/11/2005;;;;;;;;;;;;;;;;;;;;;;;;;;;;;;;;;;;;;;;;;;;;;
SHELF D-3;BOX-4;3010455;LEVER FUEL CONTROL ACTUATING;1;EA;OH;NSN;DALLAS AIRMOTIVE 8130;FAA 8130;15/11/2005;;;;;;;;;;;;;;;;;;;;;;;;;;;;;;;;;;;;;;;;;;;;;
SHELF D-3;BOX-4;3005665;COUPLING GOV. DRIVE;1;EA;OH;NSN;DALLAS AIRMOTIVE 8130;FAA 8130;15/11/2005;;;;;;;;;;;;;;;;;;;;;;;;;;;;;;;;;;;;;;;;;;;;;
SHELF D-3;BOX-4;3012896;BRACKET;6;EA;OH;NSN;DALLAS AIRMOTIVE 8130;FAA 8130;21/11/2005;;;;;;;;;;;;;;;;;;;;;;;;;;;;;;;;;;;;;;;;;;;;;
SHELF D-3;BOX-4;3020904;GUIDE;1;EA;OH;NSN;DALLAS AIRMOTIVE 8130;FAA 8130;15/11/2005;;;;;;;;;;;;;;;;;;;;;;;;;;;;;;;;;;;;;;;;;;;;;
SHELF D-3;BOX-4;3031568;SHAFT-SECOND STAGE PLANET GEAR;1;EA;OH;N/A;ATLANTIC TURBINE TCCA AMO 3-92;TCCA 24-0078;01/11/2005;;;;;;;;;;;;;;;;;;;;;;;;;;;;;;;;;;;;;;;;;;;;;
SHELF D-3;BOX-4;3026654;STRAINER SLEEVE-SCAVENGE OIL;1;EA;OH;NSN;DALLAS AIRMOTIVE 8130;FAA 8130;21/11/2005;;;;;;;;;;;;;;;;;;;;;;;;;;;;;;;;;;;;;;;;;;;;;
SHELF D-3;BOX-4;3003533;NOZZLE - OIL COMPRESSOR BEARING;1;EA;OH;NSN;DALLAS AIRMOTIVE 8130;FAA 8130;16/11/2005;;;;;;;;;;;;;;;;;;;;;;;;;;;;;;;;;;;;;;;;;;;;;
SHELF D-3;BOX-4;3005665;COUPLING GOV. DRIVE;1;EA;OH;NSN;DALLAS AIRMOTIVE 8130;FAA 8130;22/09/2005;;;;;;;;;;;;;;;;;;;;;;;;;;;;;;;;;;;;;;;;;;;;;
SHELF D-3;BOX-4;3012525;BRACKET;1;EA;OH;NSN;DALLAS AIRMOTIVE 8130;FAA 8130;16/11/2005;;;;;;;;;;;;;;;;;;;;;;;;;;;;;;;;;;;;;;;;;;;;;
SHELF D-3;BOX-4;3024567;VALVE-BY PASS;1;EA;OH;NSN;DALLAS AIRMOTIVE 8130;FAA 8130;15/11/2005;;;;;;;;;;;;;;;;;;;;;;;;;;;;;;;;;;;;;;;;;;;;;
SHELF D-3;BOX-4;3116348-01;AGB OIL TRAY;1;EA;OH;PWC95L3491;ATLANTIC TURBINES TCCA 24-0078;TCCA 24-0078;01/11/2005;;;;;;;;;;;;;;;;;;;;;;;;;;;;;;;;;;;;;;;;;;;;;
SHELF D-3;BOX-4;3008145;TUBE-ACC GEARBOX BREATHER;1;EA;OH;NSN;DALLAS AIRMOTIVE 8130;FAA 8130;15/11/2005;;;;;;;;;;;;;;;;;;;;;;;;;;;;;;;;;;;;;;;;;;;;;
SHELF D-3;BOX-4;3016158;HOUSING-RELIEF VALVE;1;EA;OH;N/A;ATLANTIC TURBINES - TCCA 24-0078 ;TCCA 24-0078;01/11/2005;;;;;;;;;;;;;;;;;;;;;;;;;;;;;;;;;;;;;;;;;;;;;
SHELF D-3;BOX-4;3008785;GEAR-SPUR;1;EA;OH;NSN;DALLAS AIRMOTIVE 8130;FAA 8130;27/09/2005;;;;;;;;;;;;;;;;;;;;;;;;;;;;;;;;;;;;;;;;;;;;;
SHELF D-3;BOX-4;3013305;ADAPTER-OIL TANK;1;EA;OH;NSN;DALLAS AIRMOTIVE 8130;FAA 8130;15/11/2005;;;;;;;;;;;;;;;;;;;;;;;;;;;;;;;;;;;;;;;;;;;;;
SHELF D-3;BOX-4;3004085;CARRIER OIL SEAL;1;EA;OH;N/A;ATLANTIC TURBINE - TCCA 24-0078;TCCA 24-0078;01/11/2005;;;;;;;;;;;;;;;;;;;;;;;;;;;;;;;;;;;;;;;;;;;;;
SHELF D-3;BOX-4;3007737;OIL SEAL RETAINER;1;EA;OH;N/A;ATLANTIC TURBINE - TCCA 24-0078;TCCA 24-0078;01/11/2005;;;;;;;;;;;;;;;;;;;;;;;;;;;;;;;;;;;;;;;;;;;;;
SHELF D-3;BOX-4;3012516;SEAT - PRESSURE RELIEF VALVE SPRING;1;EA;OH;NSN;DALLAS AIRMOTIVE 8130;FAA 8130;16/11/2005;;;;;;;;;;;;;;;;;;;;;;;;;;;;;;;;;;;;;;;;;;;;;
SHELF D-3;BOX-4;3003957;CARRIER-OIL SEAL;1;EA;OH;NSN;DALLAS AIRMOTIVE 8130;FAA 8130;16/11/2005;;;;;;;;;;;;;;;;;;;;;;;;;;;;;;;;;;;;;;;;;;;;;
SHELF D-3;BOX-4;3011266;TUBE-FLANGED OIL TRANSFER;1;EA;OH;NS;DALLAS AIRMOTIVE 8130;FAA 8130;15/11/2005;;;;;;;;;;;;;;;;;;;;;;;;;;;;;;;;;;;;;;;;;;;;;
SHELF D-3;BOX-4;3011512;BRACKET;7;EA;OH;NSN;DALLAS AIRMOTIVE 8130;FAA 8130;16/11/2005;;;;;;;;;;;;;;;;;;;;;;;;;;;;;;;;;;;;;;;;;;;;;
SHELF D-3;BOX-4;3013220;PLATE;1;EA;OH;NSN;DALLAS AIRMOTIVE 8130;FAA 8130;20/09/2005;;;;;;;;;;;;;;;;;;;;;;;;;;;;;;;;;;;;;;;;;;;;;
SHELF D-3;BOX-4;3008280;BRACKET;1;EA;OH;NSN;DALLAS AIRMOTIVE 8130;FAA 8130;16/11/2005;;;;;;;;;;;;;;;;;;;;;;;;;;;;;;;;;;;;;;;;;;;;;
SHELF D-3;BOX-4;3011533;REAR FIRE SEAL MOUNTING BRACKET;1;EA;OH;NSN;DALLAS AIRMOTIVE 8130;FAA 8130;16/11/2005;;;;;;;;;;;;;;;;;;;;;;;;;;;;;;;;;;;;;;;;;;;;;
SHELF D-3;BOX-4;3016158;HOUSING-RELIEF VALVE;1;EA;OH;NSN;DALLAS AIRMOTIVE 8130;FAA 8130;15/11/2005;;;;;;;;;;;;;;;;;;;;;;;;;;;;;;;;;;;;;;;;;;;;;
SHELF D-3;BOX-4;3013164;STOP-LOW PITCH ADJNG;1;EA;OH;NSN;DALLAS AIRMOTIVE 8130;FAA 8130;16/11/2005;;;;;;;;;;;;;;;;;;;;;;;;;;;;;;;;;;;;;;;;;;;;;
SHELF D-3;BOX-4;3011291;CAM-PROPELLER CONTROL;1;EA;OH;NSN;DALLAS AIRMOTIVE 8130;FAA 8130;15/11/2005;;;;;;;;;;;;;;;;;;;;;;;;;;;;;;;;;;;;;;;;;;;;;
SHELF D-3;BOX-4;3021781;SCAVENGE OIL TUBE RETAINING PLATE;1;EA;OH;N/A;Atlantic Turbine - TCCA 24-0078;TCCA 24-0078;01/11/2005;;;;;;;;;;;;;;;;;;;;;;;;;;;;;;;;;;;;;;;;;;;;;
SHELF D-3;BOX-4;3011838;COUPLING-TUBE BLKHD;1;EA;OH;NSN;DALLAS AIRMOTIVE 8130;FAA 8130;16/11/2005;;;;;;;;;;;;;;;;;;;;;;;;;;;;;;;;;;;;;;;;;;;;;
SHELF D-3;BOX-4;3012178;SHAFT SCAVENGE PUMP DRIVE;1;EA;OH;NSN;D.ELSWORTH INC 8130;FAA 8130;16/11/2005;;;;;;;;;;;;;;;;;;;;;;;;;;;;;;;;;;;;;;;;;;;;;
SHELF D-3;BOX-5;3002149;TUBE TRANSFER .974X.990;1;EA;OH;N/A;DALLAS AIRMOTIVE FAA Dual Release;FAA 8130;15/11/2005;;;;;;;;;;;;;;;;;;;;;;;;;;;;;;;;;;;;;;;;;;;;;
SHELF D-3;BOX-5;3003957;CARRIER-OIL SEAL;1;EA;OH;N/A;ATLANTIC TURBINES TCCA 24-0078;TCCA 24-0078;01/11/2005;;;;;;;;;;;;;;;;;;;;;;;;;;;;;;;;;;;;;;;;;;;;;
SHELF D-3;BOX-5;3003957;CARRIER-OIL SEAL;1;EA;OH;N/A;TCCA 24-0078 PRATT&WHITNEY;TCCA 24-0078;01/11/2015;;;;;;;;;;;;;;;;;;;;;;;;;;;;;;;;;;;;;;;;;;;;;
SHELF D-3;BOX-5;3003974;TUBE-TRANSFER;3;EA;OH;N/A;DALLAS AIRMOTIVE 8130;FAA 8130;15/11/2005;;;;;;;;;;;;;;;;;;;;;;;;;;;;;;;;;;;;;;;;;;;;;
SHELF D-3;BOX-5;3004005;GEAR-OIL PUMP;1;EA;OH;N/A;DALLAS AIRMOTIVE 8130;FAA 8130;06/11/2003;;;;;;;;;;;;;;;;;;;;;;;;;;;;;;;;;;;;;;;;;;;;;
SHELF D-3;BOX-5;3004005;GEAR-OIL PUMP;1;EA;OH;N/A;ATLANTIC TURBINES TCCA 24-0078;TCCA 24-0078;01/11/2005;;;;;;;;;;;;;;;;;;;;;;;;;;;;;;;;;;;;;;;;;;;;;
SHELF D-3;BOX-5;3004005;GEAR-OIL PUMP;1;EA;OH;N/A;DALLAS AIRMOTIVE 8130;FAA 8130;06/11/2003;;;;;;;;;;;;;;;;;;;;;;;;;;;;;;;;;;;;;;;;;;;;;
SHELF D-3;BOX-5;3004085;CARRIER OIL SEAL;3;EA;OH;N/A;TCCA 24-0078 PRATT&WHITNEY ;TCCA 24-0078;01/11/2005;;;;;;;;;;;;;;;;;;;;;;;;;;;;;;;;;;;;;;;;;;;;;
SHELF D-3;BOX-5;3004086;TUBE-TRANSFER .715X1.115;1;EA;OH;N/A;STANDARD AERO TCCA24-0078;TCCA 24-0078;11/05/2004;;;;;;;;;;;;;;;;;;;;;;;;;;;;;;;;;;;;;;;;;;;;;
SHELF D-3;BOX-5;3004117;SHAFTGEAR MAIN SCAVENGE PUMP;1;EA;OH;N/A;DALLAS AIRMOTIVE 8130;FAA 8130;06/11/2003;;;;;;;;;;;;;;;;;;;;;;;;;;;;;;;;;;;;;;;;;;;;;
SHELF D-3;BOX-5;3004220;PLATE;3;EA;OH;N/A;DALLAS AIRMOTIVE FAA Dual Release;FAA 8130;15/11/2005;;;;;;;;;;;;;;;;;;;;;;;;;;;;;;;;;;;;;;;;;;;;;
SHELF D-3;BOX-5;3005664;SHAFTGEAR-BEVEL GOVERNOR DRIVE;1;EA;OH;NSN;DALLAS AIRMOTIVE 8130;FAA 8130;06/11/2003;;;;;;;;;;;;;;;;;;;;;;;;;;;;;;;;;;;;;;;;;;;;;
SHELF D-3;BOX-5;3005665;COUPLING GOV. DRIVE;2;EA;OH;N/A;DALLAS AIRMOTIVE FAA Dual Release;FAA 8130;06/11/2003;;;;;;;;;;;;;;;;;;;;;;;;;;;;;;;;;;;;;;;;;;;;;
SHELF D-3;BOX-5;3005698;NUT SPANNER 1.173-20;1;EA;OH;N/A;DALLAS AIRMOTIVE FAA Dual Release;FAA 8130;06/11/2003;;;;;;;;;;;;;;;;;;;;;;;;;;;;;;;;;;;;;;;;;;;;;
SHELF D-3;BOX-5;3007735;OIL TRANSFER TUBE;1;EA;OH;N/A;DALLAS AIRMOTIVE FAA Dual Release;FAA 8130;06/11/2003;;;;;;;;;;;;;;;;;;;;;;;;;;;;;;;;;;;;;;;;;;;;;
SHELF D-3;BOX-5;3008778;COUPLING-SCAVENGE PUMP DRIVE;1;EA;OH;N/A;STANDARD AERO TCCA24-0078;TCCA 24-0078;11/05/2004;;;;;;;;;;;;;;;;;;;;;;;;;;;;;;;;;;;;;;;;;;;;;
SHELF D-3;BOX-5;3008784;GEAR-SPUR;2;EA;OH;N/A;DALLAS AIRMOTIVE FAA Dual Release;FAA 8130;15/11/2005;;;;;;;;;;;;;;;;;;;;;;;;;;;;;;;;;;;;;;;;;;;;;
SHELF D-3;BOX-5;3008784;GEAR-SPUR;1;EA;OH;N/A;DALLAS AIRMOTIVE FAA Dual Release;FAA 8130;06/11/2003;;;;;;;;;;;;;;;;;;;;;;;;;;;;;;;;;;;;;;;;;;;;;
SHELF D-3;BOX-5;3008784;GEAR-SPUR;1;EA;OH;N/A;DALLAS AIRMOTIVE FAA Dual Release;FAA 8130;06/11/2003;;;;;;;;;;;;;;;;;;;;;;;;;;;;;;;;;;;;;;;;;;;;;
SHELF D-3;BOX-5;3008799;GEAR - SPUR;1;EA;OH;N/A;Dallas Air Motive FAA 8130 DR;FAA 8130;06/11/2003;;;;;;;;;;;;;;;;;;;;;;;;;;;;;;;;;;;;;;;;;;;;;
SHELF D-3;BOX-5;3008799;GEAR - SPUR;1;EA;OH;N/A;Dallas Air Motive FAA 8130 DR;FAA 8130;06/11/2003;;;;;;;;;;;;;;;;;;;;;;;;;;;;;;;;;;;;;;;;;;;;;
SHELF D-3;BOX-5;3010454;LEVER FUEL CONTROL ACTUATING;1;EA;OH;N/A;Dallas Air Motive FAA 8130 DR;FAA 8130;06/11/2003;;;;;;;;;;;;;;;;;;;;;;;;;;;;;;;;;;;;;;;;;;;;;
SHELF D-3;BOX-5;3010455;LEVER FUEL CONTROL ACTUATING;1;EA;OH;N/A;Dallas Air Motive FAA 8130 DR;FAA 8130;06/11/2003;;;;;;;;;;;;;;;;;;;;;;;;;;;;;;;;;;;;;;;;;;;;;
SHELF D-3;BOX-5;3011095;SHAFT-POWER TURBINE;1;EA;OH;9001;Dallas Air Motive FAA 8130 DR;FAA 8130;06/11/2003;;;;;;;;;;;;;;;;;;;;;;;;;;;;;;;;;;;;;;;;;;;;;
SHELF D-3;BOX-5;3011204;TUBE-NO.3 BRG PRESS OIL;1;EA;OH;N/A;Dallas Air Motive FAA 8130 DR;FAA 8130;06/11/2003;;;;;;;;;;;;;;;;;;;;;;;;;;;;;;;;;;;;;;;;;;;;;
SHELF D-3;BOX-5;3011291;CAM-PROPELLER CONTROL;1;EA;OH;N/A;DALLAS AIRMOTIVE 8130;FAA 8130;06/11/2003;;;;;;;;;;;;;;;;;;;;;;;;;;;;;;;;;;;;;;;;;;;;;
SHELF D-3;BOX-5;3011351;TEE SCAV OIL REAR;1;EA;OH;N/A;DALLAS AIRMOTIVE 8130;FAA 8130;06/11/2003;;;;;;;;;;;;;;;;;;;;;;;;;;;;;;;;;;;;;;;;;;;;;
SHELF D-3;BOX-5;3011405;SHAFT-COUPLING;1;EA;OH;4-42-3;DALLAS AIRMOTIVE 8130;FAA 8130;06/11/2003;;;;;;;;;;;;;;;;;;;;;;;;;;;;;;;;;;;;;;;;;;;;;
SHELF D-3;BOX-5;3011434;CT STATOR SEAL;1;EA;OH;2-120-3;DALLAS AIRMOTIVE 8130;FAA 8130;06/11/2003;;;;;;;;;;;;;;;;;;;;;;;;;;;;;;;;;;;;;;;;;;;;;
SHELF D-3;BOX-5;3012178;SHAFT SCAVENGE PUMP DRIVE;1;EA;OH;N/A;Dallas Air Motive FAA 8130 DR;FAA 8130;06/11/2003;;;;;;;;;;;;;;;;;;;;;;;;;;;;;;;;;;;;;;;;;;;;;
SHELF D-3;BOX-5;3012343;VALVE;1;EA;OH;N/A;Dallas Air Motive FAA 8130 DR;FAA 8130;06/11/2003;;;;;;;;;;;;;;;;;;;;;;;;;;;;;;;;;;;;;;;;;;;;;
SHELF D-3;BOX-5;3012347;TORQUEMETER VALVE;1;EA;OH;N/A;Dallas Air Motive FAA 8130 DR;FAA 8130;06/11/2003;;;;;;;;;;;;;;;;;;;;;;;;;;;;;;;;;;;;;;;;;;;;;
SHELF D-3;BOX-5;3012381;BRACKET CONTROL LEVER MOUNTING;1;EA;OH;N/A;Dallas Air Motive FAA 8130 DR;FAA 8130;06/11/2003;;;;;;;;;;;;;;;;;;;;;;;;;;;;;;;;;;;;;;;;;;;;;
SHELF D-3;BOX-5;3014555;STRAINER ELEMENT ASSEMBLY OIL;1;EA;OH;N/A;STANDARD AERO Transport Canada DR;TCCA 24-0078;11/05/2004;;;;;;;;;;;;;;;;;;;;;;;;;;;;;;;;;;;;;;;;;;;;;
SHELF D-3;BOX-5;3018834;COUPLING POWER TURBINE SHAFT;1;EA;OH;SN: 0930;DALLAS AIRMOTIVE 8130;FAA 8130;06/11/2003;;;;;;;;;;;;;;;;;;;;;;;;;;;;;;;;;;;;;;;;;;;;;
SHELF D-3;BOX-5;3019301;RETAINING PLATE;1;EA;OH;N/A;ATLANTIC TURBINES TCCA 24-0078;TCCA 24-0078;31/10/2005;;;;;;;;;;;;;;;;;;;;;;;;;;;;;;;;;;;;;;;;;;;;;
SHELF D-3;BOX-5;3024566;SEAT-BY PASS VALVE;1;EA;OH;N/A;ATLANTIC TURBINES TCCA 24-0078;TCCA 24-0078;01/11/2005;;;;;;;;;;;;;;;;;;;;;;;;;;;;;;;;;;;;;;;;;;;;;
SHELF D-3;BOX-5;3100142-01;SCREW-PLANET GEAR BOLT;1;EA;OH;N/A;TCCA 24-0078 PRATT&WHITNEY;TCCA 24-0078;31/12/2003;;;;;;;;;;;;;;;;;;;;;;;;;;;;;;;;;;;;;;;;;;;;;
SHELF D-3;BOX-5;3105128-03;WASHER;1;EA;OH;N/A;JAA LUFTHASA;JAA FORM 1;09/04/2003;;;;;;;;;;;;;;;;;;;;;;;;;;;;;;;;;;;;;;;;;;;;;
SHELF D-3;BOX-5;MS9193-04;NIPPLE TUBE;1;EA;OH;N/A;STANDARD AERO - TCCA 24-0078;TCCA 24-0078;11/05/2004;;;;;;;;;;;;;;;;;;;;;;;;;;;;;;;;;;;;;;;;;;;;;
SHELF D-3;BOX-6;3003526;TUBE-TRANSFER;1;EA;OH;N/A;TCCA 24-0078 STANDARD AERO LIMITED;TCCA 24-0078;01/05/2004;;;;;;;;;;;;;;;;;;;;;;;;;;;;;;;;;;;;;;;;;;;;;
SHELF D-3;BOX-6;3003526;TUBE-TRANSFER;1;EA;OH;N/A;DALLAS AIRMOTIVE FAA Dual Release;FAA 8130;21/11/2005;;;;;;;;;;;;;;;;;;;;;;;;;;;;;;;;;;;;;;;;;;;;;
SHELF D-3;BOX-6;3003974;TUBE-TRANSFER;3;EA;OH;N/A;TCCA 24-0078 STANDARD AERO ;TCCA 24-0078;01/05/2004;;;;;;;;;;;;;;;;;;;;;;;;;;;;;;;;;;;;;;;;;;;;;
SHELF D-3;BOX-6;3004183;TUBE-TRANSFER .311X.805;1;EA;OH;N/A;TCCA 24-0078 STANDARD AERO ;TCCA 24-0078;01/05/2004;;;;;;;;;;;;;;;;;;;;;;;;;;;;;;;;;;;;;;;;;;;;;
SHELF D-3;BOX-6;3006960;BODY ASSY-MAIN SCAV PMP OUTER;1;EA;OH;N/A;DALLAS AIRMOTIVE FAA Dual Release;FAA 8130;15/11/2005;;;;;;;;;;;;;;;;;;;;;;;;;;;;;;;;;;;;;;;;;;;;;
SHELF D-3;BOX-6;3007097;TUBE-TRANSFER;1;EA;OH;N/A;DALLAS AIRMOTIVE FAA Dual Release;FAA 8130;21/11/2005;;;;;;;;;;;;;;;;;;;;;;;;;;;;;;;;;;;;;;;;;;;;;
SHELF D-3;BOX-6;3007319;NUT PLAIN ROUND 2.125-20X.225;1;EA;OH;N/A;DALLAS AIRMOTIVE 8130;FAA 8130;21/11/2005;;;;;;;;;;;;;;;;;;;;;;;;;;;;;;;;;;;;;;;;;;;;;
SHELF D-3;BOX-6;3008657;DEFLECTOR-OIL SCAVENGE PUMP;1;EA;OH;N/A;DALLAS AIRMOTIVE 8130;FAA 8130;21/11/2005;;;;;;;;;;;;;;;;;;;;;;;;;;;;;;;;;;;;;;;;;;;;;
SHELF D-3;BOX-6;3008785;GEAR-SPUR;1;EA;OH;N/A;DALLAS AIRMOTIVE 8130;FAA 8130;16/11/2005;;;;;;;;;;;;;;;;;;;;;;;;;;;;;;;;;;;;;;;;;;;;;
SHELF D-3;BOX-6;3009024;BOLT-CPRSR TURB STUB SHAFT;1;EA;OH;N/A;Dallas Air Motive FAA 8130 DR;FAA 8130;21/11/2005;;;;;;;;;;;;;;;;;;;;;;;;;;;;;;;;;;;;;;;;;;;;;
SHELF D-3;BOX-6;3011095;SHAFT-POWER TURBINE;1;EA;OH;3B103;Dallas Air Motive FAA 8130 DR;FAA 8130;21/11/2005;;;;;;;;;;;;;;;;;;;;;;;;;;;;;;;;;;;;;;;;;;;;;
SHELF D-3;BOX-6;3011266;TUBE-FLANGED OIL TRANSFER;1;EA;OH;N/A;DALLAS AIRMOTIVE 8130;FAA 8130;21/11/2005;;;;;;;;;;;;;;;;;;;;;;;;;;;;;;;;;;;;;;;;;;;;;
SHELF D-3;BOX-6;3011512;PLATE;6;EA;OH;N/A;DALLAS AIRMOTIVE 8130;FAA 8130;21/11/2005;;;;;;;;;;;;;;;;;;;;;;;;;;;;;;;;;;;;;;;;;;;;;
SHELF D-3;BOX-6;3012124;HOUSING ASY MAIN SCAV PUMP IN;1;EA;OH;N/A;Dallas Air Motive FAA 8130 DR;FAA 8130;21/11/2005;;;;;;;;;;;;;;;;;;;;;;;;;;;;;;;;;;;;;;;;;;;;;
SHELF D-3;BOX-6;3012178;SHAFT SCAVENGE PUMP DRIVE;1;EA;OH;N/A;Dallas Air Motive FAA 8130 DR;FAA 8130;21/11/2005;;;;;;;;;;;;;;;;;;;;;;;;;;;;;;;;;;;;;;;;;;;;;
SHELF D-3;BOX-6;3012491;TUBE TRANSFER PACKING .525X1.185;1;EA;OH;N/A;Dallas Air Motive FAA 8130 DR;FAA 8130;21/11/2005;;;;;;;;;;;;;;;;;;;;;;;;;;;;;;;;;;;;;;;;;;;;;
SHELF D-3;BOX-6;3013145;TUBE-PROP.SHAFT OIL TRANSFER;1;EA;OH;N/A;DALLAS AIRMOTIVE 8130;FAA 8130;15/11/2005;;;;;;;;;;;;;;;;;;;;;;;;;;;;;;;;;;;;;;;;;;;;;
SHELF D-3;BOX-6;3013148;NOZZLE-OIL NO 4 BEARING;1;EA;OH;NSN;DALLAS AIRMOTIVE 8130;FAA 8130;21/11/2005;;;;;;;;;;;;;;;;;;;;;;;;;;;;;;;;;;;;;;;;;;;;;
SHELF D-3;BOX-6;3013228;PLATE ASSY;1;EA;OH;N/A;DALLAS AIRMOTIVE 8130;FAA 8130;21/11/2005;;;;;;;;;;;;;;;;;;;;;;;;;;;;;;;;;;;;;;;;;;;;;
SHELF D-3;BOX-6;3014018;#1 BEARING ROTOR AIR SEAL;1;EA;OH;N/A;DALLAS AIRMOTIVE FAA8130;FAA 8130;21/11/2005;;;;;;;;;;;;;;;;;;;;;;;;;;;;;;;;;;;;;;;;;;;;;
SHELF D-3;BOX-6;3015109;TERMINL;1;EA;OH;NSN;DALLAS AIRMOTIVE 8130;FAA 8130;21/11/2005;;;;;;;;;;;;;;;;;;;;;;;;;;;;;;;;;;;;;;;;;;;;;
SHELF D-3;BOX-6;3015752;ADAPTER;1;EA;OH;N/A;STANDARD AERO LTD - TCCA 24-0078;TCCA 24-0078;11/05/2004;;;;;;;;;;;;;;;;;;;;;;;;;;;;;;;;;;;;;;;;;;;;;
SHELF D-3;BOX-6;3017299;CLEVIS-ROD END;1;EA;OH;N/A;Dallas Airmotive Faa 8130 DR Easa;FAA 8130;21/11/2005;;;;;;;;;;;;;;;;;;;;;;;;;;;;;;;;;;;;;;;;;;;;;
SHELF D-3;BOX-6;3017685;PLATE, PLATE-SEAL RT;1;EA;OH;N/A;Dallas Airmotive Faa 8130 DR Easa;FAA 8130;21/11/2005;;;;;;;;;;;;;;;;;;;;;;;;;;;;;;;;;;;;;;;;;;;;;
SHELF D-3;BOX-6;3019955;PLATE;1;EA;OH;N/A;DALLAS AIRMOTIVE 8130;FAA 8130;21/11/2005;;;;;;;;;;;;;;;;;;;;;;;;;;;;;;;;;;;;;;;;;;;;;
SHELF D-3;BOX-6;3020290;IMPELLER ASYO-CENTRIFUGAL BREATHER;1;EA;OH;N/A;Dallas Airmotive Faa 8130 DR Easa;FAA 8130;16/11/2005;;;;;;;;;;;;;;;;;;;;;;;;;;;;;;;;;;;;;;;;;;;;;
SHELF D-3;BOX-6;3020958;VALVE - PRESSURE RELIEF;1;EA;OH;N/A;DALLAS AIRMOTIVE 8130;FAA 8130;21/11/2005;;;;;;;;;;;;;;;;;;;;;;;;;;;;;;;;;;;;;;;;;;;;;
SHELF D-3;BOX-6;3021579;TRANSFER TUBE ASSY-XFR PACKING;1;EA;OH;N/A;STANDARD AERO - TCCA 24-0078;TCCA 24-0078;11/05/2004;;;;;;;;;;;;;;;;;;;;;;;;;;;;;;;;;;;;;;;;;;;;;
SHELF D-3;BOX-6;3021638;PLATE-LOCK CPRSR TURB VANE RING;1;EA;OH;N/A;DALLAS AIRMOTIVE FAA8130;FAA 8130;21/11/2005;;;;;;;;;;;;;;;;;;;;;;;;;;;;;;;;;;;;;;;;;;;;;
SHELF D-3;BOX-6;3021848;#1 BEARING OIL SLINGER SPACER;1;EA;OH;NSN;STANDARD AERO - TCCA 24-0078;TCCA 24-0078;11/05/2004;;;;;;;;;;;;;;;;;;;;;;;;;;;;;;;;;;;;;;;;;;;;;
SHELF D-3;BOX-6;3022334;RETAINING PLATE;1;EA;OH;NSN;STANDARD AERO - TCCA 24-0078;TCCA 24-0078;11/05/2004;;;;;;;;;;;;;;;;;;;;;;;;;;;;;;;;;;;;;;;;;;;;;
SHELF D-3;BOX-6;3024558;HOUSING OIL FILTER;1;EA;OH;N/A;Dallas Airmotive Faa 8130 DR;FAA 8130;16/11/2005;;;;;;;;;;;;;;;;;;;;;;;;;;;;;;;;;;;;;;;;;;;;;
SHELF D-3;BOX-6;3024558;HOUSING OIL FILTER;1;EA;OH;N/A;Dallas Airmotive Faa 8130 DR;FAA 8130;22/11/2005;;;;;;;;;;;;;;;;;;;;;;;;;;;;;;;;;;;;;;;;;;;;;
SHELF D-3;BOX-6;3024566;SEAT-BY PASS VALVE;1;EA;OH;N/A;STANDARD AERO - TCCA 24-0078;TCCA 24-0078;11/05/2004;;;;;;;;;;;;;;;;;;;;;;;;;;;;;;;;;;;;;;;;;;;;;
SHELF D-3;BOX-6;3030383;COVER ASSY - MAIN PRESSURE PUMP;1;EA;OH;N/A;STANDARD AERO - TCCA 24-0078;TCCA 24-0078;11/05/2004;;;;;;;;;;;;;;;;;;;;;;;;;;;;;;;;;;;;;;;;;;;;;
SHELF D-3;BOX-6;3031568;SHAFT-SECOND STAGE PLANET GEAR;1;EA;OH;N/A;ATLANTIC TURBINES TCCA 24-0078;TCCA 24-0078;01/11/2005;;;;;;;;;;;;;;;;;;;;;;;;;;;;;;;;;;;;;;;;;;;;;
SHELF D-3;BOX-6;3031568;SHAFT-SECOND STAGE PLANET GEAR;1;EA;OH;N/A;ATLANTIC TURBINES TCCA 24-0078;TCCA 24-0078;01/11/2005;;;;;;;;;;;;;;;;;;;;;;;;;;;;;;;;;;;;;;;;;;;;;
SHELF D-3;BOX-6;3031568;SHAFT-SECOND STAGE PLANET GEAR;1;EA;OH;N/A;ATLANTIC TURBINES TCCA 24-0078;TCCA 24-0078;01/11/2005;;;;;;;;;;;;;;;;;;;;;;;;;;;;;;;;;;;;;;;;;;;;;
SHELF D-3;BOX-6;3100142-01;SCREW-PLANET GEAR BOLT;5;EA;OH;N/A;STANDARD AERO - TCCA 24-0078;TCCA 24-0078;11/05/2004;;;;;;;;;;;;;;;;;;;;;;;;;;;;;;;;;;;;;;;;;;;;;
SHELF D-3;BOX-6;3100142-01;SCREW-PLANET GEAR BOLT;3;EA;OH;N/A;STANDARD AERO - TCCA 24-0078;TCCA 24-0078;11/05/2004;;;;;;;;;;;;;;;;;;;;;;;;;;;;;;;;;;;;;;;;;;;;;
SHELF D-3;BOX-6;3100610-01;PRV SLEEVE;1;EA;OH;N/A;STANDARD AERO - TCCA 24-0078;TCCA 24-0078;11/05/2004;;;;;;;;;;;;;;;;;;;;;;;;;;;;;;;;;;;;;;;;;;;;;
SHELF D-3;BOX-6;3100613-01;PRV PISTON SEAT;1;EA;OH;N/A;STANDARD AERO - TCCA 24-0078;TCCA 24-0078;11/05/2004;;;;;;;;;;;;;;;;;;;;;;;;;;;;;;;;;;;;;;;;;;;;;
SHELF D-3;BOX-6;3105436-01;COVER  Y;1;EA;OH;N/A;Dallas Airmotive Faa Dual Release ;FAA 8130;15/11/2005;;;;;;;;;;;;;;;;;;;;;;;;;;;;;;;;;;;;;;;;;;;;;
SHELF D-3;BOX-6;3122639-01;TUBE   Y;1;EA;OH;N/A;Dallas Airmotive Faa Dual Release ;FAA 8130;15/11/2005;;;;;;;;;;;;;;;;;;;;;;;;;;;;;;;;;;;;;;;;;;;;;
SHELF D-3;BOX-6;MS9193-03;NIPPLE TUBE TO BOSS;1;EA;OH;N/A;DALLAS AIRMOTIVE 8130;FAA 8130;22/11/2005;;;;;;;;;;;;;;;;;;;;;;;;;;;;;;;;;;;;;;;;;;;;;
SHELF E-3;BOX-7;3002149;TUBE TRANSFER .974X.990;1;EA;OH;N/A;TCCA 24-0078 STANDARD AERO LIMITED;TCCA 24-0078;01/05/2004;;;;;;;;;;;;;;;;;;;;;;;;;;;;;;;;;;;;;;;;;;;;;
SHELF E-3;BOX-7;3003533;NOZZLE - OIL COMPRESSOR BEARING;1;EA;OH;N/A;TCCA 24-0078 PRATT&WHITNEY;TCCA 24-0078;01/11/2005;;;;;;;;;;;;;;;;;;;;;;;;;;;;;;;;;;;;;;;;;;;;;
SHELF E-3;BOX-7;3003957;CARRIER-OIL SEAL;1;EA;OH;N/A;TCCA 24-0078 STANDARD AERO LIMITED;TCCA 24-0078;11/05/2004;;;;;;;;;;;;;;;;;;;;;;;;;;;;;;;;;;;;;;;;;;;;;
SHELF E-3;BOX-7;3004183;TUBE-TRANSFER .311X.805;1;EA;OH;N/A;PRATT&WHITNEY - TCCA 24-0078;TCCA 24-0078;01/11/2005;;;;;;;;;;;;;;;;;;;;;;;;;;;;;;;;;;;;;;;;;;;;;
SHELF E-3;BOX-7;3004192;NUT-SPANNER;1;EA;OH;N/A;PRATT&WHITNEY - TCCA 24-0078;TCCA 24-0078;18/05/2006;;;;;;;;;;;;;;;;;;;;;;;;;;;;;;;;;;;;;;;;;;;;;
SHELF E-3;BOX-7;3004509;NUT SPANNER;1;EA;OH;N/A;TCCA 24-0078 PRATT&WHITNEY;TCCA 24-0078;17/02/2006;;;;;;;;;;;;;;;;;;;;;;;;;;;;;;;;;;;;;;;;;;;;;
SHELF E-3;BOX-7;3004509;NUT SPANNER;1;EA;OH;N/A;TCCA 24-0078 PRATT&WHITNEY;TCCA 24-0078;01/11/2005;;;;;;;;;;;;;;;;;;;;;;;;;;;;;;;;;;;;;;;;;;;;;
SHELF E-3;BOX-7;3006505;DRAIN VALVE;2;EA;OH;N/A;TCCA 24-0078 STANDARD AERO ;TCCA 24-0078;11/05/2004;;;;;;;;;;;;;;;;;;;;;;;;;;;;;;;;;;;;;;;;;;;;;
SHELF E-3;BOX-7;3007097;TUBE-TRANSFER;1;EA;OH;N/A;TCCA 24-0078 PRATT&WHITNEY;TCCA 24-0078;18/05/2006;;;;;;;;;;;;;;;;;;;;;;;;;;;;;;;;;;;;;;;;;;;;;
SHELF E-3;BOX-7;3008348;STRAINER;1;EA;OH;N/A;STANDARD AERO - TCCA 24-0078;TCCA 24-0078;11/05/2004;;;;;;;;;;;;;;;;;;;;;;;;;;;;;;;;;;;;;;;;;;;;;
SHELF E-3;BOX-7;3010454;LEVER FUEL CONTROL ACTUATING;1;EA;OH;N/A;TCCA 24-0078 PRATT&WHITNEY;TCCA 24-0078;01/11/2005;;;;;;;;;;;;;;;;;;;;;;;;;;;;;;;;;;;;;;;;;;;;;
SHELF E-3;BOX-7;3010536;TUBE-NO.3 BRG OIL;1;EA;OH;N/A;Dallas Air Motive FAA 8130 DR;FAA 8130;06/11/2003;;;;;;;;;;;;;;;;;;;;;;;;;;;;;;;;;;;;;;;;;;;;;
SHELF E-3;BOX-7;3011426;NOZZLE-OIL;1;EA;OH;N/A;STANDARD AERO - TCCA 24-0078;TCCA 24-0078;11/05/2004;;;;;;;;;;;;;;;;;;;;;;;;;;;;;;;;;;;;;;;;;;;;;
SHELF E-3;BOX-7;3011426;NOZZLE-OIL;1;EA;OH;NSN;DALLAS AIRMOTIVE 8130;FAA 8130;06/11/2003;;;;;;;;;;;;;;;;;;;;;;;;;;;;;;;;;;;;;;;;;;;;;
SHELF E-3;BOX-7;3012347;TORQUEMETER VALVE;1;EA;OH;N/A;STANDARD AERO - TCCA 24-0078;TCCA 24-0078;11/05/2004;;;;;;;;;;;;;;;;;;;;;;;;;;;;;;;;;;;;;;;;;;;;;
SHELF E-3;BOX-7;3012419;CLEVIS ROD END .250-28JX.875;1;EA;OH;N/A;STANDARD AERO - TCCA 24-0078;TCCA 24-0078;11/05/2004;;;;;;;;;;;;;;;;;;;;;;;;;;;;;;;;;;;;;;;;;;;;;
SHELF E-3;BOX-7;3012491;TUBE TRANSFER PACKING .525X1.185;1;EA;OH;N/A;STANDARD AERO - TCCA 24-0078;TCCA 24-0078;11/05/2004;;;;;;;;;;;;;;;;;;;;;;;;;;;;;;;;;;;;;;;;;;;;;
SHELF E-3;BOX-7;3013143;NOZZLE OIL 2ND STG REDN;5;EA;OH;N/A;PRATT&WHITNEY - TCCA 24-0078;TCCA 24-0078;18/05/2006;;;;;;;;;;;;;;;;;;;;;;;;;;;;;;;;;;;;;;;;;;;;;
SHELF E-3;BOX-7;3013148;NOZZLE-OIL NO 4 BEARING;1;EA;OH;N/A;DALLAS AIRMOTIVE 8130;FAA 8130;06/11/2003;;;;;;;;;;;;;;;;;;;;;;;;;;;;;;;;;;;;;;;;;;;;;
SHELF E-3;BOX-7;3016410;RING-RET;1;EA;OH;N/A;Dallar Airmotive Faa 8130 DR Easa;FAA 8130;06/11/2003;;;;;;;;;;;;;;;;;;;;;;;;;;;;;;;;;;;;;;;;;;;;;
SHELF E-3;BOX-7;3017360;PLATES;5;EA;OH;N/A;Dallar Airmotive Faa 8130 DR Easa;FAA 8130;06/11/2003;;;;;;;;;;;;;;;;;;;;;;;;;;;;;;;;;;;;;;;;;;;;;
SHELF E-3;BOX-7;3017444;TRAY-OIL ACCESSORY GEARBOX;1;EA;OH;N/A;TCCA 24-0078 PRATT&WHITNEY;TCCA 24-0078;17/02/2006;;;;;;;;;;;;;;;;;;;;;;;;;;;;;;;;;;;;;;;;;;;;;
SHELF E-3;BOX-7;3017444;TRAY-OIL ACCESSORY GEARBOX;1;EA;OH;N/A;TCCA 24-0078 PRATT&WHITNEY;TCCA 24-0078;01/11/2005;;;;;;;;;;;;;;;;;;;;;;;;;;;;;;;;;;;;;;;;;;;;;
SHELF E-3;BOX-7;3020290;IMPELLER ASYO-CENTRIFUGAL BREATHER;1;EA;OH;N/A;Dallar Airmotive Faa 8130 DR Easa;FAA 8130;06/11/2003;;;;;;;;;;;;;;;;;;;;;;;;;;;;;;;;;;;;;;;;;;;;;
SHELF E-3;BOX-7;3020310;SEAT-CHECK VALVE SPRING;1;EA;OH;N/A;TCCA 24-0078 PRATT&WHITNEY;TCCA 24-0078;22/02/2006;;;;;;;;;;;;;;;;;;;;;;;;;;;;;;;;;;;;;;;;;;;;;
SHELF E-3;BOX-7;3022340;RING HALF-MOUNTING CONTAINMENT RING;1;EA;OH;N/A;Dallas Airmotive Faa 8130 DR;FAA 8130;06/11/2003;;;;;;;;;;;;;;;;;;;;;;;;;;;;;;;;;;;;;;;;;;;;;
SHELF E-3;BOX-7;3022341;RING HALF MOUNTING CONTAINMENT;1;EA;OH;N/A;PRATT&WHITNEY - TCCA 24-0078;TCCA 24-0078;18/05/2006;;;;;;;;;;;;;;;;;;;;;;;;;;;;;;;;;;;;;;;;;;;;;
SHELF E-3;BOX-7;3022341;RING HALF MOUNTING CONTAINMENT;1;EA;OH;N/A;DALLAS AIRMOTIVE 8130;FAA 8130;06/11/2003;;;;;;;;;;;;;;;;;;;;;;;;;;;;;;;;;;;;;;;;;;;;;
SHELF E-3;BOX-7;3023254;STOP-2ND STAGE SUN GEAR;1;EA;OH;N/A;Dallas Airmotive Faa 8130 DR;FAA 8130;06/11/2003;;;;;;;;;;;;;;;;;;;;;;;;;;;;;;;;;;;;;;;;;;;;;
SHELF E-3;BOX-7;3024565;SPRING;1;EA;OH;N/A;STANDARD AERO - TCCA 24-0078;TCCA 24-0078;11/05/2004;;;;;;;;;;;;;;;;;;;;;;;;;;;;;;;;;;;;;;;;;;;;;
SHELF E-3;BOX-7;3024915;PLATE RETAINING TRANSFER TUBE;1;EA;OH;N/A;STANDARD AERO - TCCA 24-0078;TCCA 24-0078;11/05/2004;;;;;;;;;;;;;;;;;;;;;;;;;;;;;;;;;;;;;;;;;;;;;
SHELF E-3;BOX-7;3024921;CHECK VALVE COVER;1;EA;OH;N/A;STANDARD AERO - TCCA 24-0078;TCCA 24-0078;11/05/2004;;;;;;;;;;;;;;;;;;;;;;;;;;;;;;;;;;;;;;;;;;;;;
SHELF E-3;BOX-7;3026654;STRAINER SLEEVE-SCAVENGE OIL;1;EA;OH;N/A;PRATT&WHITNEY - TCCA 24-0078;TCCA 24-0078;18/05/2006;;;;;;;;;;;;;;;;;;;;;;;;;;;;;;;;;;;;;;;;;;;;;
SHELF E-3;BOX-7;3026667;BAFFLE-AIR COMPRESSOR TURBINE;1;EA;OH;N/A;COVINGTON FAA8130;FAA 8130;30/08/2006;;;;;;;;;;;;;;;;;;;;;;;;;;;;;;;;;;;;;;;;;;;;;
SHELF E-3;BOX-7;3027979;SHAFT-SECOND STAGE PLANET GEAR;3;EA;OH;N/A;COVINGTON FAA8130;FAA 8130;30/08/2006;;;;;;;;;;;;;;;;;;;;;;;;;;;;;;;;;;;;;;;;;;;;;
SHELF E-3;BOX-7;3028222;SEAL-AIR;1;EA;OH;N/A; VECTOR - TCCA 24-0078;TCCA 24-0078;01/09/2011;;;;;;;;;;;;;;;;;;;;;;;;;;;;;;;;;;;;;;;;;;;;;
SHELF E-3;BOX-7;3030686;SPRING;1;EA;OH;N/A;STANDARD AERO - TCCA 24-0078;TCCA 24-0078;11/05/2004;;;;;;;;;;;;;;;;;;;;;;;;;;;;;;;;;;;;;;;;;;;;;
SHELF E-3;BOX-7;3033497CL15;RING HALF-SPACER;2;EA;OH;N/A;TCCA 24-0078 PRATT&WHITNEY;TCCA 24-0078;16/03/2004;;;;;;;;;;;;;;;;;;;;;;;;;;;;;;;;;;;;;;;;;;;;;
SHELF E-3;BOX-7;3038355;TUBE FRONT 6 & 7 BRG;1;EA;OH;N/A;LUFTHANSA - JAA;LUFTHANSA - JAA;10/04/2003;;;;;;;;;;;;;;;;;;;;;;;;;;;;;;;;;;;;;;;;;;;;;
SHELF E-3;BOX-7;3100978-01;PLATE RETAINING VALVE COVER;1;EA;OH;N/A;COVINGTON FAA8130;FAA 8130;30/08/2006;;;;;;;;;;;;;;;;;;;;;;;;;;;;;;;;;;;;;;;;;;;;;
SHELF E-3;BOX-7;MS9954-08;PLUG-MACH THD .750-16JX.440 DR HEX;1;EA;OH;N/A;STANDARD AERO - TCCA 24-0078;TCCA 24-0078;11/05/2004;;;;;;;;;;;;;;;;;;;;;;;;;;;;;;;;;;;;;;;;;;;;;
SHELF E-3;BOX-8;3003533;NOZZLE - OIL COMPRESSOR BEARING;1;EA;OH;;TCCA 24-0078 PRATT&WHITNEY;TCCA 24-0078;17/02/2006;;;;;;;;;;;;;;;;;;;;;;;;;;;;;;;;;;;;;;;;;;;;;
SHELF E-3;BOX-8;3003533;NOZZLE - OIL COMPRESSOR BEARING;1;EA;OH;NSN;DALLAS AIRMOTIVE 8130;FAA 8130;21/11/2005;;;;;;;;;;;;;;;;;;;;;;;;;;;;;;;;;;;;;;;;;;;;;
SHELF E-3;BOX-8;3004005;GEAR-OIL PUMP;2;EA;OH;N/A;TCCA 24-0078 PRATT&WHITNEY;TCCA 24-0078;###############################################################################################################################################################################################################################################################;;;;;;;;;;;;;;;;;;;;;;;;;;;;;;;;;;;;;;;;;;;;;
SHELF E-3;BOX-8;NAS620C10L;WASHER;728;EA;NE;N/A;BOEING INVOICE / COC;OEM COC;21/06/2001;;;;;;;;;;;;;;;;;;;;;;;;;;;;;;;;;;;;;;;;;;;;;
SHELF E-3;BOX-8;3106806-01;ELBOW;1;EA;OH;N/A;LUFTHANSA EASA;EASA FORM 1;28/01/2002;;;;;;;;;;;;;;;;;;;;;;;;;;;;;;;;;;;;;;;;;;;;;
SHELF E-3;BOX-8;3005664;SHAFTGEAR-BEVEL GOVERNOR DRIVE;1;EA;OH;N/A;ATLANTIC TURBINES TCCA 24-0078;TCCA 24-0078;01/11/2005;;;;;;;;;;;;;;;;;;;;;;;;;;;;;;;;;;;;;;;;;;;;;
SHELF E-3;BOX-8;3006731;COUPLING - SHAFT;1;EA;OH;N/A;TCCA 24-0078 PRATT&WHITNEY;TCCA 24-0078;17/03/2004;;;;;;;;;;;;;;;;;;;;;;;;;;;;;;;;;;;;;;;;;;;;;
SHELF E-3;BOX-8;3006960;BODY ASSY-MAIN SCAV PMP OUTER;1;EA;OH;N/A;DALLAS AIRMOTIVE FAA Dual Release;FAA 8130;06/11/2003;;;;;;;;;;;;;;;;;;;;;;;;;;;;;;;;;;;;;;;;;;;;;
SHELF E-3;BOX-8;3100142-01;SCREW-PLANET GEAR BOLT;3;EA;OH;N/A;TCCA 24-0078 PRATT&WHITNEY;TCCA 24-0078;17/02/2006;;;;;;;;;;;;;;;;;;;;;;;;;;;;;;;;;;;;;;;;;;;;;
SHELF E-3;BOX-8;3007101;CONNECTOR .4375-20 2 HOLE;1;EA;OH;N/A;COVINGTON 8130;FAA 8130;13/07/2006;;;;;;;;;;;;;;;;;;;;;;;;;;;;;;;;;;;;;;;;;;;;;
SHELF E-3;BOX-8;3007102;ELBOW SCAVENGE OIL TRANS FR.;1;EA;OH;N/A;COVINGTON 8130;FAA 8130;13/07/2006;;;;;;;;;;;;;;;;;;;;;;;;;;;;;;;;;;;;;;;;;;;;;
SHELF E-3;BOX-8;3007103;ELBOW-PRESSURE OIL TRANSFER FRONT;1;EA;OH;N/A;COVINGTON 8130;FAA 8130;13/07/2006;;;;;;;;;;;;;;;;;;;;;;;;;;;;;;;;;;;;;;;;;;;;;
SHELF E-3;BOX-8;3007105;TUBE TRANSFER;1;EA;OH;N/A;TCCA 24-0078 PRATT&WHITNEY;TCCA 24-0078;18/05/2006;;;;;;;;;;;;;;;;;;;;;;;;;;;;;;;;;;;;;;;;;;;;;
SHELF E-3;BOX-8;3008784;GEAR-SPUR;2;EA;OH;N/A;TCCA 24-0078 PRATT&WHITNEY;TCCA 24-0078;17/03/2004;;;;;;;;;;;;;;;;;;;;;;;;;;;;;;;;;;;;;;;;;;;;;
SHELF E-3;BOX-8;3009024;BOLT-CPRSR TURB STUB SHAFT;1;EA;OH;N/A;COVINGTON 8130;FAA 8130;13/07/2006;;;;;;;;;;;;;;;;;;;;;;;;;;;;;;;;;;;;;;;;;;;;;
SHELF E-3;BOX-8;3009024;BOLT-CPRSR TURB STUB SHAFT;1;EA;OH;N/A;Dallas Air Motive FAA 8130 DR;FAA 8130;06/11/2003;;;;;;;;;;;;;;;;;;;;;;;;;;;;;;;;;;;;;;;;;;;;;
SHELF E-3;BOX-8;3028664;GEAR-SPUR MAIN PRESSURE PUMP;2;EA;OH;N/A;PRATT&WHITNEY - TCCA 24-0078;TCCA 24-0078;27/01/2004;;;;;;;;;;;;;;;;;;;;;;;;;;;;;;;;;;;;;;;;;;;;;
SHELF E-3;BOX-8;3011217;SWIVEL JOINT-CASING PP CONT REAR;1;EA;OH;N\A;TCCA 24-0078 PRATT&WHITNEY ;TCCA 24-0078;01/11/2005;;;;;;;;;;;;;;;;;;;;;;;;;;;;;;;;;;;;;;;;;;;;;
SHELF E-3;BOX-8;3011684;LEVER FOLLOWER PROP REV CONTROL;1;EA;OH;N/A;TCCA 24-0078 PRATT&WHITNEY;TCCA 24-0078;01/11/2005;;;;;;;;;;;;;;;;;;;;;;;;;;;;;;;;;;;;;;;;;;;;;
SHELF E-3;BOX-8;3012177;SHAFT COUPLING SCAV. PUMP;1;EA;OH;1-82-0;TCCA 24-0078 PRATT&WHITNEY;TCCA 24-0078;01/11/2005;;;;;;;;;;;;;;;;;;;;;;;;;;;;;;;;;;;;;;;;;;;;;
SHELF E-3;BOX-8;3012178;SHAFT SCAVENGE PUMP DRIVE;1;EA;OH;N/A;TCCA 24-0078 PRATT&WHITNEY;TCCA 24-0078;22/02/2006;;;;;;;;;;;;;;;;;;;;;;;;;;;;;;;;;;;;;;;;;;;;;
SHELF E-3;BOX-8;3012287;NUT-PL;1;EA;OH;N/A;COVINGTON 8130;FAA 8130;13/07/2006;;;;;;;;;;;;;;;;;;;;;;;;;;;;;;;;;;;;;;;;;;;;;
SHELF E-3;BOX-8;3028279;TUBE-TRANSFER PROP OIL;1;EA;OH;N/A;COVINGTON 8130;FAA 8130;13/07/2006;;;;;;;;;;;;;;;;;;;;;;;;;;;;;;;;;;;;;;;;;;;;;
SHELF E-3;BOX-8;3028145CL1;SHAFT-FIRST STAGE PLANET GEAR;1;EA;OH;N/A;ATLANTIC TURBINES TCCA 24-0078;TCCA 24-0078;01/11/2005;;;;;;;;;;;;;;;;;;;;;;;;;;;;;;;;;;;;;;;;;;;;;
SHELF E-3;BOX-8;3012341;HOUSING-OIL RETURN CHECK VALVE;1;EA;OH;N/A;TCCA 24-0078 PRATT&WHITNEY;TCCA 24-0078;01/11/2005;;;;;;;;;;;;;;;;;;;;;;;;;;;;;;;;;;;;;;;;;;;;;
SHELF E-3;BOX-8;3024669;RING-RETAINING PROPELLER SHAFT OIL;1;EA;OH;N/A;COVINGTON 8130;FAA 8130;13/07/2006;;;;;;;;;;;;;;;;;;;;;;;;;;;;;;;;;;;;;;;;;;;;;
SHELF E-3;BOX-8;3012491;TUBE TRANSFER PACKING .525X1.185;1;EA;OH;N/A;TCCA 24-0078 PRATT&WHITNEY;TCCA 24-0078;01/11/2005;;;;;;;;;;;;;;;;;;;;;;;;;;;;;;;;;;;;;;;;;;;;;
SHELF E-3;BOX-8;3023679;PLATE-SEAL RTNG TURB.INTERSTAGE;1;EA;OH;N/A;PRATT&WHITNEY - TCCA 24-0078;TCCA 24-0078;23/01/2004;;;;;;;;;;;;;;;;;;;;;;;;;;;;;;;;;;;;;;;;;;;;;
SHELF E-3;BOX-8;3012516;SEAT - PRESSURE RELIEF VALVE SPRING;1;EA;OH;N/A;TCCA 24-0078 PRATT&WHITNEY;TCCA 24-0078;22/02/2006;;;;;;;;;;;;;;;;;;;;;;;;;;;;;;;;;;;;;;;;;;;;;
SHELF E-3;BOX-8;3012536;ROD-INTERNALLY THDED;1;EA;OH;N/A;TCCA 24-0078 PRATT&WHITNEY;TCCA 24-0078;17/02/2006;;;;;;;;;;;;;;;;;;;;;;;;;;;;;;;;;;;;;;;;;;;;;
SHELF E-3;BOX-8;3013145;TUBE-PROP.SHAFT OIL TRANSFER;1;EA;OH;N/A;DALLAS AIRMOTIVE 8130;FAA 8130;06/11/2003;;;;;;;;;;;;;;;;;;;;;;;;;;;;;;;;;;;;;;;;;;;;;
SHELF E-3;BOX-8;3013305;ADAPTER-OIL TANK;1;EA;OH;N/A;DALLAS AIRMOTIVE 8130;FAA 8130;06/11/2003;;;;;;;;;;;;;;;;;;;;;;;;;;;;;;;;;;;;;;;;;;;;;
SHELF E-3;BOX-8;3023252;ADAPTER-1ST STAGE CARRIER;1;EA;OH;1007;Dallas Airmotive Faa 8130 DR;FAA 8130;06/11/2003;;;;;;;;;;;;;;;;;;;;;;;;;;;;;;;;;;;;;;;;;;;;;
SHELF E-3;BOX-8;3022333;BRACKET-ENGINE LIFTING;1;EA;OH;NSN;COVINGTON 8130;FAA 8130;13/07/2006;;;;;;;;;;;;;;;;;;;;;;;;;;;;;;;;;;;;;;;;;;;;;
SHELF E-3;BOX-8;3013306;TRAY-OIL DE-AERATOR;1;EA;OH;N/A;TCCA 24-0078 PRATT&WHITNEY;TCCA 24-0078;20/02/2006;;;;;;;;;;;;;;;;;;;;;;;;;;;;;;;;;;;;;;;;;;;;;
SHELF E-3;BOX-8;3016003;SCAVENGE PUMP SPACER;1;EA;OH;N/A;ATLANTIC TURBINES TCCA 24-0078;TCCA 24-0078;01/11/2005;;;;;;;;;;;;;;;;;;;;;;;;;;;;;;;;;;;;;;;;;;;;;
SHELF E-3;BOX-8;3020358;SLEEVE-FUEL HEATER CHECK VALVE;1;EA;OH;N/A;PRATT&WHITNEY TCCA 24-0078;TCCA 24-0078;01/11/2005;;;;;;;;;;;;;;;;;;;;;;;;;;;;;;;;;;;;;;;;;;;;;
SHELF E-3;BOX-8;3016158;HOUSING-RELIEF VALVE;1;EA;OH;N/A;TCCA 24-0078 PRATT&WHITNEY;TCCA 24-0078;01/11/2005;;;;;;;;;;;;;;;;;;;;;;;;;;;;;;;;;;;;;;;;;;;;;
SHELF E-3;BOX-8;3016158;HOUSING-RELIEF VALVE;1;EA;OH;N/A;DALLAS AIRMOTIVE 8130;FAA 8130;06/11/2003;;;;;;;;;;;;;;;;;;;;;;;;;;;;;;;;;;;;;;;;;;;;;
SHELF E-3;BOX-8;3017479;NUT-PLAIN;1;EA;OH;N/A;PRATT&WHITNEY TCCA 24-0078;TCCA 24-0078;01/12/2005;;;;;;;;;;;;;;;;;;;;;;;;;;;;;;;;;;;;;;;;;;;;;
SHELF E-3;BOX-9;3002149;TUBE TRANSFER .974X.990;1;EA;OH;N/A;ATLANTIC TURBINES TCCA 24-0078;TCCA 24-0078;01/11/2005;;;;;;;;;;;;;;;;;;;;;;;;;;;;;;;;;;;;;;;;;;;;;
SHELF E-3;BOX-9;3002459;SPACER;1;EA;OH;N/A;ATLANTIC TURBINES TCCA 24-0078;TCCA 24-0078;01/11/2005;;;;;;;;;;;;;;;;;;;;;;;;;;;;;;;;;;;;;;;;;;;;;
SHELF E-3;BOX-9;3003957;CARRIER-OIL SEAL;1;EA;OH;N/A;ATLANTIC TURBINES TCCA 24-0078;TCCA 24-0078;01/11/2005;;;;;;;;;;;;;;;;;;;;;;;;;;;;;;;;;;;;;;;;;;;;;
SHELF E-3;BOX-9;3003973;TUBE TRANSFER .715X.855;1;EA;OH;N/A;ATLANTIC TURBINES TCCA 24-0078;TCCA 24-0078;15/11/2005;;;;;;;;;;;;;;;;;;;;;;;;;;;;;;;;;;;;;;;;;;;;;
SHELF E-3;BOX-9;3003974;TUBE-TRANSFER;2;EA;OH;N/A;ATLANTIC TURBINES TCCA 24-0078;TCCA 24-0078;01/11/2005;;;;;;;;;;;;;;;;;;;;;;;;;;;;;;;;;;;;;;;;;;;;;
SHELF E-3;BOX-9;3004086;TUBE-TRANSFER .715X1.115;1;EA;OH;N/A;ATLANTIC TURBINES TCCA 24-0078;TCCA 24-0078;01/11/2005;;;;;;;;;;;;;;;;;;;;;;;;;;;;;;;;;;;;;;;;;;;;;
SHELF E-3;BOX-9;3004183;TUBE-TRANSFER .311X.805;2;EA;OH;N/A;ATLANTIC TURBINES TCCA 24-0078;TCCA 24-0078;01/11/2005;;;;;;;;;;;;;;;;;;;;;;;;;;;;;;;;;;;;;;;;;;;;;
SHELF E-3;BOX-9;3005399;SPACER;1;EA;OH;N/A;ATLANTIC TURBINES TCCA 24-0078;TCCA 24-0078;01/11/2005;;;;;;;;;;;;;;;;;;;;;;;;;;;;;;;;;;;;;;;;;;;;;
SHELF E-3;BOX-9;3006246;RING-EXT;1;EA;OH;N/A;ATLANTIC TURBINES TCCA 24-0078;TCCA 24-0078;01/11/2005;;;;;;;;;;;;;;;;;;;;;;;;;;;;;;;;;;;;;;;;;;;;;
SHELF E-3;BOX-9;3006505;DRAIN VALVE;1;EA;OH;N/A;ATLANTIC TURBINES TCCA 24-0078;TCCA 24-0078;01/11/2005;;;;;;;;;;;;;;;;;;;;;;;;;;;;;;;;;;;;;;;;;;;;;
SHELF E-3;BOX-9;3006731;COUPLING - SHAFT;1;EA;OH;N/A;ATLANTIC TURBINES TCCA 24-0078;TCCA 24-0078;01/11/2005;;;;;;;;;;;;;;;;;;;;;;;;;;;;;;;;;;;;;;;;;;;;;
SHELF E-3;BOX-9;3007319;NUT PLAIN ROUND 2.125-20X.225;1;EA;OH;N/A;ATLANTIC TURBINES TCCA 24-0078;TCCA 24-0078;01/11/2005;;;;;;;;;;;;;;;;;;;;;;;;;;;;;;;;;;;;;;;;;;;;;
SHELF E-3;BOX-9;3008145;TUBE-ACC GEARBOX BREATHER;1;EA;OH;N/A;ATLANTIC TURBINES TCCA 24-0078;TCCA 24-0078;01/11/2005;;;;;;;;;;;;;;;;;;;;;;;;;;;;;;;;;;;;;;;;;;;;;
SHELF E-3;BOX-9;3008657;DEFLECTOR-OIL SCAVENGE PUMP;1;EA;OH;N/A;ATLANTIC TURBINES TCCA 24-0078;TCCA 24-0078;01/11/2005;;;;;;;;;;;;;;;;;;;;;;;;;;;;;;;;;;;;;;;;;;;;;
SHELF E-3;BOX-9;3008778;COUPLING-SCAVENGE PUMP DRIVE;1;EA;OH;N/A;ATLANTIC TURBINES TCCA 24-0078;TCCA 24-0078;01/11/2005;;;;;;;;;;;;;;;;;;;;;;;;;;;;;;;;;;;;;;;;;;;;;
SHELF E-3;BOX-9;3010195;ROD;1;EA;OH;N/A;ATLANTIC TURBINES TCCA 24-0078;TCCA 24-0078;01/11/2005;;;;;;;;;;;;;;;;;;;;;;;;;;;;;;;;;;;;;;;;;;;;;
SHELF E-3;BOX-9;3010466;FUEL CONTROL ARM;1;EA;OH;N/A;ATLANTIC TURBINES TCCA 24-0078;TCCA 24-0078;01/11/2005;;;;;;;;;;;;;;;;;;;;;;;;;;;;;;;;;;;;;;;;;;;;;
SHELF E-3;BOX-9;3011158;FUEL MANIFOLD LOCK PLATE;14;EA;OH;N/A;ATLANTIC TURBINES TCCA 24-0078;TCCA 24-0078;31/10/2005;;;;;;;;;;;;;;;;;;;;;;;;;;;;;;;;;;;;;;;;;;;;;
SHELF E-3;BOX-9;3011291;CAM-PROPELLER CONTROL;1;EA;OH;N/A;ATLANTIC TURBINES TCCA 24-0078;TCCA 24-0078;01/11/2005;;;;;;;;;;;;;;;;;;;;;;;;;;;;;;;;;;;;;;;;;;;;;
SHELF E-3;BOX-9;3011292;EXTENSION FUEL CONTROL ARM;1;EA;OH;N/A;ATLANTIC TURBINES TCCA 24-0078;TCCA 24-0078;01/11/2005;;;;;;;;;;;;;;;;;;;;;;;;;;;;;;;;;;;;;;;;;;;;;
SHELF E-3;BOX-9;3011426;NOZZLE-OIL;1;EA;OH;N/A;ATLANTIC TURBINES TCCA 24-0078;TCCA 24-0078;01/11/2005;;;;;;;;;;;;;;;;;;;;;;;;;;;;;;;;;;;;;;;;;;;;;
SHELF E-3;BOX-9;3011533;REAR FIRE SEAL MOUNTING BRACKET;1;EA;OH;N/A;ATLANTIC TURBINES TCCA 24-0078;TCCA 24-0078;01/11/2005;;;;;;;;;;;;;;;;;;;;;;;;;;;;;;;;;;;;;;;;;;;;;
SHELF E-3;BOX-9;3012124;HOUSING ASY MAIN SCAV PUMP IN;1;EA;OH;N/A;ATLANTIC TURBINES TCCA 24-0078;TCCA 24-0078;01/11/2005;;;;;;;;;;;;;;;;;;;;;;;;;;;;;;;;;;;;;;;;;;;;;
SHELF E-3;BOX-9;3013143;NOZZLE OIL 2ND STG REDN;2;EA;OH;N/A;ATLANTIC TURBINES TCCA 24-0078;TCCA 24-0078;03/11/2005;;;;;;;;;;;;;;;;;;;;;;;;;;;;;;;;;;;;;;;;;;;;;
SHELF E-3;BOX-9;3013143;NOZZLE OIL 2ND STG REDN;3;EA;OH;N/A;ATLANTIC TURBINES TCCA 24-0078;TCCA 24-0078;03/11/2005;;;;;;;;;;;;;;;;;;;;;;;;;;;;;;;;;;;;;;;;;;;;;
SHELF E-3;BOX-9;3013146;ADAPTER-PROP SHAFT OIL TRANS TUBE;1;EA;OH;N/A;ATLANTIC TURBINES TCCA 24-0078;TCCA 24-0078;15/11/2005;;;;;;;;;;;;;;;;;;;;;;;;;;;;;;;;;;;;;;;;;;;;;
SHELF E-3;BOX-9;3013294;PLUG;1;EA;OH;N/A;ATLANTIC TURBINES TCCA 24-0078;TCCA 24-0078;01/11/2005;;;;;;;;;;;;;;;;;;;;;;;;;;;;;;;;;;;;;;;;;;;;;
SHELF E-3;BOX-9;3013306;TRAY-OIL DE-AERATOR;1;EA;OH;N/A;ATLANTIC TURBINES TCCA 24-0078;TCCA 24-0078;03/10/2005;;;;;;;;;;;;;;;;;;;;;;;;;;;;;;;;;;;;;;;;;;;;;
SHELF E-3;BOX-9;3017477;NUT-PLAIN ROUND;1;EA;OH;N/A;ATLANTIC TURBINES TCCA 24-0078;TCCA 24-0078;01/11/2005;;;;;;;;;;;;;;;;;;;;;;;;;;;;;;;;;;;;;;;;;;;;;
SHELF E-3;BOX-9;3017479;NUT-PLAIN;1;EA;OH;N/A;ATLANTIC TURBINES TCCA 24-0078;TCCA 24-0078;01/11/2005;;;;;;;;;;;;;;;;;;;;;;;;;;;;;;;;;;;;;;;;;;;;;
SHELF E-3;BOX-9;3019248;TRANSFER TUBE;1;EA;OH;N/A;ATLANTIC TURBINES TCCA 24-0078;TCCA 24-0078;03/10/2005;;;;;;;;;;;;;;;;;;;;;;;;;;;;;;;;;;;;;;;;;;;;;
SHELF E-3;BOX-9;3019249;TRANSFER TUBE F/HEATER-OIL;1;EA;OH;N/A;ATLANTIC TURBINES TCCA 24-0078;TCCA 24-0078;01/11/2005;;;;;;;;;;;;;;;;;;;;;;;;;;;;;;;;;;;;;;;;;;;;;
SHELF E-3;BOX-9;3019250;TRANSFER TUBE;1;EA;OH;N/A;ATLANTIC TURBINES TCCA 24-0078;TCCA 24-0078;01/11/2005;;;;;;;;;;;;;;;;;;;;;;;;;;;;;;;;;;;;;;;;;;;;;
SHELF E-3;BOX-9;3019263;NUT;1;EA;OH;N/A;ATLANTIC TURBINES TCCA 24-0078;TCCA 24-0078;01/11/2005;;;;;;;;;;;;;;;;;;;;;;;;;;;;;;;;;;;;;;;;;;;;;
SHELF E-3;BOX-9;3019299;FUEL HEATER BRACKET;1;EA;OH;N/A;ATLANTIC TURBINES TCCA 24-0078;TCCA 24-0078;03/10/2005;;;;;;;;;;;;;;;;;;;;;;;;;;;;;;;;;;;;;;;;;;;;;
SHELF E-3;BOX-9;3019330;RETAINING PLATE;2;EA;OH;N/A;ATLANTIC TURBINES TCCA 24-0078;TCCA 24-0078;01/11/2005;;;;;;;;;;;;;;;;;;;;;;;;;;;;;;;;;;;;;;;;;;;;;
SHELF E-3;BOX-9;3019487;TERMINAL;1;EA;OH;N/A;ATLANTIC TURBINES TCCA 24-0078;TCCA 24-0078;01/11/2005;;;;;;;;;;;;;;;;;;;;;;;;;;;;;;;;;;;;;;;;;;;;;
SHELF E-3;BOX-9;3019488;TERMINAL PUSH-PULL REAR;1;EA;OH;N/A;ATLANTIC TURBINES TCCA 24-0078;TCCA 24-0078;01/11/2005;;;;;;;;;;;;;;;;;;;;;;;;;;;;;;;;;;;;;;;;;;;;;
SHELF E-3;BOX-9;3021291;SEAT;1;EA;OH;N/A;ATLANTIC TURBINES TCCA 24-0078;TCCA 24-0078;01/11/2005;;;;;;;;;;;;;;;;;;;;;;;;;;;;;;;;;;;;;;;;;;;;;
SHELF E-3;BOX-9;3021779;TUBE-NO.3+NO.4 BRG SCAV;1;EA;OH;N/A;ATLANTIC TURBINES TCCA 24-0078;TCCA 24-0078;01/11/2005;;;;;;;;;;;;;;;;;;;;;;;;;;;;;;;;;;;;;;;;;;;;;
SHELF E-3;BOX-9;3021848;#1 BEARING OIL SLINGER SPACER;1;EA;OH;N/A;ATLANTIC TURBINES TCCA 24-0078;TCCA 24-0078;01/11/2005;;;;;;;;;;;;;;;;;;;;;;;;;;;;;;;;;;;;;;;;;;;;;
SHELF E-3;BOX-9;3022041;#3 BEARING SPACER;1;EA;OH;N/A;ATLANTIC TURBINES TCCA 24-0078;TCCA 24-0078;01/11/2005;;;;;;;;;;;;;;;;;;;;;;;;;;;;;;;;;;;;;;;;;;;;;
SHELF E-3;BOX-9;3022999;FRONT AIR PRESSURE TUBE ASSY;1;EA;OH;N/A;ATLANTIC TURBINES TCCA 24-0078;TCCA 24-0078;01/11/2005;;;;;;;;;;;;;;;;;;;;;;;;;;;;;;;;;;;;;;;;;;;;;
SHELF E-3;BOX-9;3023252;ADAPTER-1ST STAGE CARRIER;1;EA;OH;2153;ATLANTIC TURBINES TCCA 24-0078;TCCA 24-0078;01/11/2005;;;;;;;;;;;;;;;;;;;;;;;;;;;;;;;;;;;;;;;;;;;;;
SHELF E-3;BOX-9;3023254;STOP-2ND STAGE SUN GEAR;1;EA;OH;N/A;ATLANTIC TURBINES TCCA 24-0078;TCCA 24-0078;01/11/2005;;;;;;;;;;;;;;;;;;;;;;;;;;;;;;;;;;;;;;;;;;;;;
SHELF E-3;BOX-9;3023679;PLATE-SEAL RTNG TURB.INTERSTAGE;1;EA;OH;N/A;ATLANTIC TURBINES TCCA 24-0078;TCCA 24-0078;01/11/2005;;;;;;;;;;;;;;;;;;;;;;;;;;;;;;;;;;;;;;;;;;;;;
SHELF E-3;BOX-9;3024033;#4 BEARING OIL NOZZLE;1;EA;OH;N/A;ATLANTIC TURBINES TCCA 24-0078;TCCA 24-0078;03/10/2005;;;;;;;;;;;;;;;;;;;;;;;;;;;;;;;;;;;;;;;;;;;;;
SHELF E-3;BOX-9;3024914;TRANSFER TUBE;1;EA;OH;N/A;ATLANTIC TURBINES TCCA 24-0078;TCCA 24-0078;01/11/2005;;;;;;;;;;;;;;;;;;;;;;;;;;;;;;;;;;;;;;;;;;;;;
SHELF E-3;BOX-9;3024921;CHECK VALVE COVER;1;EA;OH;N/A;ATLANTIC TURBINES TCCA 24-0078;TCCA 24-0078;01/11/2005;;;;;;;;;;;;;;;;;;;;;;;;;;;;;;;;;;;;;;;;;;;;;
SHELF E-3;BOX-9;3026648;OIL TANK ADAPTER;1;EA;OH;N/A;ATLANTIC TURBINES TCCA 24-0078;TCCA 24-0078;03/10/2005;;;;;;;;;;;;;;;;;;;;;;;;;;;;;;;;;;;;;;;;;;;;;
SHELF E-3;BOX-9;3026653;STRAINER;1;EA;OH;N/A;ATLANTIC TURBINES TCCA 24-0078;TCCA 24-0078;01/11/2005;;;;;;;;;;;;;;;;;;;;;;;;;;;;;;;;;;;;;;;;;;;;;
SHELF E-3;BOX-9;3026654;STRAINER SLEEVE-SCAVENGE OIL;1;EA;OH;N/A;ATLANTIC TURBINES TCCA 24-0078;TCCA 24-0078;01/11/2005;;;;;;;;;;;;;;;;;;;;;;;;;;;;;;;;;;;;;;;;;;;;;
SHELF E-3;BOX-9;3026831;THERMOCOUPLE TRIM COVER;1;EA;OH;N/A;ATLANTIC TURBINES TCCA 24-0078;TCCA 24-0078;01/11/2005;;;;;;;;;;;;;;;;;;;;;;;;;;;;;;;;;;;;;;;;;;;;;
SHELF E-3;BOX-9;3027693;WASHER-THRUST 1ST STAGE SUN GEAR;1;EA;OH;N/A;ATLANTIC TURBINES TCCA 24-0078;TCCA 24-0078;01/11/2005;;;;;;;;;;;;;;;;;;;;;;;;;;;;;;;;;;;;;;;;;;;;;
SHELF E-3;BOX-9;3028684;RETAINING PLATE;3;EA;OH;N/A;ATLANTIC TURBINES TCCA 24-0078;TCCA 24-0078;01/11/2005;;;;;;;;;;;;;;;;;;;;;;;;;;;;;;;;;;;;;;;;;;;;;
SHELF E-3;BOX-9;3030383;COVER ASSY - MAIN PRESSURE PUMP;1;EA;OH;844;ATLANTIC TURBINES TCCA 24-0078;TCCA 24-0078;01/11/2005;;;;;;;;;;;;;;;;;;;;;;;;;;;;;;;;;;;;;;;;;;;;;
SHELF E-3;BOX-9;3031539;SCREEN;1;EA;OH;N/A;ATLANTIC TURBINES TCCA 24-0078;TCCA 24-0078;01/11/2005;;;;;;;;;;;;;;;;;;;;;;;;;;;;;;;;;;;;;;;;;;;;;
SHELF E-3;BOX-9;3100614-01;SPACER;2;EA;OH;N/A;ATLANTIC TURBINES TCCA 24-0078;TCCA 24-0078;01/11/2005;;;;;;;;;;;;;;;;;;;;;;;;;;;;;;;;;;;;;;;;;;;;;
SHELF E-3;BOX-9;3101538-01;OIL SEAL CARRIER;1;EA;OH;N/A;ATLANTIC TURBINES TCCA 24-0078;TCCA 24-0078;01/11/2005;;;;;;;;;;;;;;;;;;;;;;;;;;;;;;;;;;;;;;;;;;;;;
SHELF E-3;BOX-9;3103345-01;RETAINER;1;EA;OH;N/A;ATLANTIC TURBINES TCCA 24-0078;TCCA 24-0078;01/11/2005;;;;;;;;;;;;;;;;;;;;;;;;;;;;;;;;;;;;;;;;;;;;;
SHELF E-3;BOX-9;3103345-01;RETAINER;1;EA;OH;N/A;ATLANTIC TURBINES TCCA 24-0078;TCCA 24-0078;03/10/2005;;;;;;;;;;;;;;;;;;;;;;;;;;;;;;;;;;;;;;;;;;;;;
SHELF E-3;BOX-9;3115154-01;#3 & #4 BEARING OIL PRESSURE TUBE;1;EA;OH;N/A;ATLANTIC TURBINES TCCA 24-0078;TCCA 24-0078;01/11/2005;;;;;;;;;;;;;;;;;;;;;;;;;;;;;;;;;;;;;;;;;;;;;
SHELF E-3;BOX-9;ST3007-052;METERING PLUG;1;EA;OH;N/A;ATLANTIC TURBINES TCCA 24-0078;TCCA 24-0078;03/10/2005;;;;;;;;;;;;;;;;;;;;;;;;;;;;;;;;;;;;;;;;;;;;;
SHELF E-3;BOX-9;ST3007-052;METERING PLUG;1;EA;OH;N/A;ATLANTIC TURBINES TCCA 24-0078;TCCA 24-0078;03/10/2005;;;;;;;;;;;;;;;;;;;;;;;;;;;;;;;;;;;;;;;;;;;;;
;SHELF A-1;3013045;CASE ASSY-COMPRESSOR INLET;1;EA;RP;17233;Dallas Airmotive Reparable Tag;REPAIRABLE TAG;19/08/2005;;;;;;;;;;;;;;;;;;;;;;;;;;;;;;;;;;;;;;;;;;;;;
PAPERWORK TO FIND;SHELF A-2;3024862;POWER TURBINE STATOR-ASYO;1;EA;OH;8C261;FAA 8130 SIFCO TURBINE COMPONENT ;FAA 8130 ;March 2011;;;;;;;;;;;;;;;;;;;;;;;;;;;;;;;;;;;;;;;;;;;;;
PAPERWORK FOUND;SHELF A-2;3028396;DIAPHRAGM ASSY-ACCESSORY GEARBOX;1;EA;OH;29016;Vector Aerospace Sep 2011 Fichier 102586 Page 65;Vector Aerospace Sep 2011 Fichier 102586 Page 65;01/09/2011;;;;;;;;;;;;;;;;;;;;;;;;;;;;;;;;;;;;;;;;;;;;;
PAPERWORK TO FIND;SHELF A-2;221287;DIAPHRAGM ASSY;1;EA;NE;;;;;;;;;;;;;;;;;;;;;;;;;;;;;;;;;;;;;;;;;;;;;;;;;
;SHELF A-3;3023906;RING - MTG,TOP,REAR FIRESEAL,ASYO;1;EA;RP;;;;15/03/2004;;;;;;;;;;;;;;;;;;;;;;;;;;;;;;;;;;;;;;;;;;;;;
;SHELF A-3;3036759;TUBE-INSU.AIR PRESS.GOV.REAR ASYO;1;EA;RP;;;;;;;;;;;;;;;;;;;;;;;;;;;;;;;;;;;;;;;;;;;;;;;;;
;SHELF A-3;3020031;RING-MTG TOP REAR FIRESEAL;1;EA;RP;;Dallas Airmotive Reparable Tag;REPAIRABLE TAG;;;;;;;;;;;;;;;;;;;;;;;;;;;;;;;;;;;;;;;;;;;;;;
;SHELF A-3;3011845;RING MNTG TOP CENTER FSEAL ASYO;1;EA;RP;;Dallas Airmotive Reparable Tag;REPAIRABLE TAG;;;;;;;;;;;;;;;;;;;;;;;;;;;;;;;;;;;;;;;;;;;;;;
;SHELF A-3;3104515-01;RING-MOUNTING,BTM CENTER FSEAL,ASYO;1;EA;RP;;;;;;;;;;;;;;;;;;;;;;;;;;;;;;;;;;;;;;;;;;;;;;;;;
;SHELF A-3;3104519-01;RING-MTNG,TOP CENTER FIRESEAL,ASYO;1;EA;RP;;;;;;;;;;;;;;;;;;;;;;;;;;;;;;;;;;;;;;;;;;;;;;;;;
;SHELF A-3;3020032;RING-MTG;1;EA;AR;;Dallas Airmotive Condemn Tag;CONDEMN TAG;;;;;;;;;;;;;;;;;;;;;;;;;;;;;;;;;;;;;;;;;;;;;;
;SHELF A-3;3032794;TUBE-FUEL PRESSURE,ASYO;1;EA;RP;;;;;;;;;;;;;;;;;;;;;;;;;;;;;;;;;;;;;;;;;;;;;;;;;
;SHELF A-3;3100174-01;PISTON-TORQUEMETER;1;EA;RP;;;;;;;;;;;;;;;;;;;;;;;;;;;;;;;;;;;;;;;;;;;;;;;;;
;SHELF A-3;3029132;DIAPHRAM;1;EA;RP;10077;Dallas Airmotive Reparable Tag;REPAIRABLE TAG;;;;;;;;;;;;;;;;;;;;;;;;;;;;;;;;;;;;;;;;;;;;;;
;SHELF A-3;3018950;HOUSING ASSY-ACCY GEARBOX;1;EA;RP;30281;Dallas Airmotive Reparable Tag;REPAIRABLE TAG;;;;;;;;;;;;;;;;;;;;;;;;;;;;;;;;;;;;;;;;;;;;;;
;SHELF A-3;;;;;;;;;;;;;;;;;;;;;;;;;;;;;;;;;;;;;;;;;;;;;;;;;;;;;;
;SHELF A-3;3101626-02;RING-MOUNT BOTTOM REAR FIRESEAL ASYO;1;EA;RP;;;;;;;;;;;;;;;;;;;;;;;;;;;;;;;;;;;;;;;;;;;;;;;;;
;SHELF A-4;3120081-03;HOUSING ASSY-PROP.RDCN GRBX, FRONT;1;EA;RP;9H832;;;;;;;;;;;;;;;;;;;;;;;;;;;;;;;;;;;;;;;;;;;;;;;;
;SHELF A-4;3041431;DISC-TURBINE;1;EA;AR;23B500;Unserviceable Tag;UNSV TAG;;;;;;;;;;;;;;;;;;;;;;;;;;;;;;;;;;;;;;;;;;;;;;
;SHELF B-1;3013217;TUBE-SCAVENGE OIL TRANSFER;1;EA;OH;N/A / C90989;WENCOR, LLC;WENCOR, LLC;08/08/2011;;;;;;;;;;;;;;;;;;;;;;;;;;;;;;;;;;;;;;;;;;;;;
2 UNITS REFER TO CERT REF#;SHELF B-1;3019274;TUBE-TRANS;2;EA;OH;N/A;ATLANTIC TURBINES TCCA 24-0078  CERT REF# 93175 & 93176;TCCA 24-0078;01/11/2005;;;;;;;;;;;;;;;;;;;;;;;;;;;;;;;;;;;;;;;;;;;;;
;SHELF B-1;3019267;CASING-FLEX.SHAFT;1;EA;OH;N/A;PWC Transport Canada DR;TCCA 24-0078;Dec 2005;;;;;;;;;;;;;;;;;;;;;;;;;;;;;;;;;;;;;;;;;;;;;
;SHELF B-1;3019274;TUBE-TRANS;2;EA;OH;N/A;STANDARD AERO Transport Canada DR;TCCA 24-0078;11/05/2004;;;;;;;;;;;;;;;;;;;;;;;;;;;;;;;;;;;;;;;;;;;;;
;SHELF B-1;3022406;DUCT ASSEMBLY TURBINE EXHAUST;1;EA;RP;4A290;STANDARD AERO reparable Tag;REPAIRABLE TAG;;;;;;;;;;;;;;;;;;;;;;;;;;;;;;;;;;;;;;;;;;;;;;
BOX-14;SHELF B-2;3008182;GEARSHAFT-SPUR;1;EA;OH;N/A;STANDARD AERO - TCCA 24-0078;TCCA 24-0078;11/05/2004;;;;;;;;;;;;;;;;;;;;;;;;;;;;;;;;;;;;;;;;;;;;;
BOX-14;SHELF B-2;3116034-01;SEAL AIR COMPRESSOR TURBINE ST;1;EA;OH;N/A;STANDARD AERO - TCCA 24-0078;TCCA 24-0078;11/05/2004;;;;;;;;;;;;;;;;;;;;;;;;;;;;;;;;;;;;;;;;;;;;;
BOX-14;SHELF B-2;3012124;HOUSING ASY MAIN SCAV PUMP IN;1;EA;OH;N/A;TCCA 24-0078 STANDARD AERO;TCCA 24-0078;11/05/2004;;;;;;;;;;;;;;;;;;;;;;;;;;;;;;;;;;;;;;;;;;;;;
BOX-14;SHELF B-2;3017967;SEAL-AIR COMPR ROTOR;1;EA;OH;N/A;STANDARD AERO Transport Canada DR;TCCA 24-0078;11/05/2004;;;;;;;;;;;;;;;;;;;;;;;;;;;;;;;;;;;;;;;;;;;;;
BOX-14;SHELF B-2;3027693;WASHER-THRUST 1ST STAGE SUN GEAR;1;EA;OH;N/A;STANDARD AERO LTD - TCCA 24-0078;TCCA 24-0078;11/05/2004;;;;;;;;;;;;;;;;;;;;;;;;;;;;;;;;;;;;;;;;;;;;;
BOX-14;SHELF B-2;3023254;STOP-2ND STAGE SUN GEAR;1;EA;OH;N/A;STANDARD AERO Transport Canada DR;TCCA 24-0078;11/05/2004;;;;;;;;;;;;;;;;;;;;;;;;;;;;;;;;;;;;;;;;;;;;;
BOX-14;SHELF B-2;3022041;#3 BEARING SPACER;1;EA;OH;N/A;STANDARD AERO Transport Canada DR;TCCA 24-0078;11/05/2004;;;;;;;;;;;;;;;;;;;;;;;;;;;;;;;;;;;;;;;;;;;;;
BOX-14;SHELF B-2;3023678;HOUSING-TURBINE INTERSTAGE AIR SEAL;1;EA;OH;N/A;STANDARD AERO Transport Canada DR;TCCA 24-0078;11/05/2004;;;;;;;;;;;;;;;;;;;;;;;;;;;;;;;;;;;;;;;;;;;;;
BOX-14;SHELF B-2;3017444;TRAY-OIL ACCESSORY GEARBOX;1;EA;OH;N/A;STANDARD AERO Transport Canada DR;TCCA 24-0078;11/05/2004;;;;;;;;;;;;;;;;;;;;;;;;;;;;;;;;;;;;;;;;;;;;;
BOX-14;SHELF B-2;3015599;HOUSING-NO 1 BEARING OUTER;1;EA;OH;N/A;STANDARD AERO LTD - TCCA 24-0078;TCCA 24-0078;11/05/2004;;;;;;;;;;;;;;;;;;;;;;;;;;;;;;;;;;;;;;;;;;;;;
BOX-14;SHELF B-2;3008786;SHAFT-SCAVENGE PUMP DRIVE;1;EA;OH;N/A;TCCA 24-0078 STANDARD AERO;TCCA 24-0078;11/05/2004;;;;;;;;;;;;;;;;;;;;;;;;;;;;;;;;;;;;;;;;;;;;;
BOX-14;SHELF B-2;3005664;SHAFTGEAR-BEVEL GOVERNOR DRIVE;2;EA;OH;N/A;TCCA 24-0078 STANDARD AERO ;TCCA 24-0078;11/05/2004;;;;;;;;;;;;;;;;;;;;;;;;;;;;;;;;;;;;;;;;;;;;;
BOX-14;SHELF B-2;3031639;COUPLING-POWER TURBINE SHAFT;1;EA;OH;3E316;STANDARD AERO LTD;TCCA 24-0078;11/05/2004;;;;;;;;;;;;;;;;;;;;;;;;;;;;;;;;;;;;;;;;;;;;;
BOX-14;SHELF B-2;3013146;ADAPTER-PROP SHAFT OIL TRANS TUBE;1;EA;OH;N/A;STANDARD AERO - TCCA 24-0078;TCCA 24-0078;11/05/2004;;;;;;;;;;;;;;;;;;;;;;;;;;;;;;;;;;;;;;;;;;;;;
BOX-14;SHELF B-2;3013145;TUBE-PROP.SHAFT OIL TRANSFER;1;EA;OH;N/A;STANDARD AERO - TCCA 24-0078;TCCA 24-0078;11/05/2004;;;;;;;;;;;;;;;;;;;;;;;;;;;;;;;;;;;;;;;;;;;;;
BOX-14;SHELF B-2;3008799;GEAR - SPUR;2;EA;OH;N/A;TCCA 24-0078 STANDARD AERO;TCCA 24-0078;11/05/2004;;;;;;;;;;;;;;;;;;;;;;;;;;;;;;;;;;;;;;;;;;;;;
BOX-14;SHELF B-2;3006960;BODY ASSY-MAIN SCAV PMP OUTER;1;EA;OH;N/A;STANDARD AERO - TCCA 24-0078;TCCA 24-0078;11/05/2004;;;;;;;;;;;;;;;;;;;;;;;;;;;;;;;;;;;;;;;;;;;;;
BOX-14;SHELF B-2;3013143;NOZZLE OIL 2ND STG REDN;5;EA;OH;N/A;STANDARD AERO - TCCA 24-0078;TCCA 24-0078;11/05/2004;;;;;;;;;;;;;;;;;;;;;;;;;;;;;;;;;;;;;;;;;;;;;
BOX-14;SHELF B-2;3004586;WASHER-THR-1STG CARRIER;1;EA;OH;N/A;TCCA 24-0078 STANDARD AERO;TCCA 24-0078;11/05/2004;;;;;;;;;;;;;;;;;;;;;;;;;;;;;;;;;;;;;;;;;;;;;
BOX-14;SHELF B-2;3105172-01;OIL PRESSURE TUBE RETAINING PLATE;1;EA;OH;N/A;STANDARD AERO - TCCA 24-0078;TCCA 24-0078;11/05/2004;;;;;;;;;;;;;;;;;;;;;;;;;;;;;;;;;;;;;;;;;;;;;
BOX-14;SHELF B-2;3024033;#4 BEARING OIL NOZZLE;1;EA;OH;N/A;STANDARD AERO Transport Canada DR;TCCA 24-0078;11/05/2004;;;;;;;;;;;;;;;;;;;;;;;;;;;;;;;;;;;;;;;;;;;;;
BOX-14;SHELF B-2;3026654;STRAINER SLEEVE-SCAVENGE OIL;1;EA;OH;N/A;STANDARD AERO LTD - TCCA 24-0078;TCCA 24-0078;11/05/2004;May 2004 Fichier 101325 page 34;;;;;;;;;;;;;;;;;;;;;;;;;;;;;;;;;;;;;;;;;;;;
BOX-14;SHELF B-2;3028393;SEAT - CHECK VALVE;1;EA;OH;N/A;STANDARD AERO TCCA24-0078;TCCA 24-0078;11/05/2004;;;;;;;;;;;;;;;;;;;;;;;;;;;;;;;;;;;;;;;;;;;;;
BOX-14;SHELF B-2;3019257;BALL;1;EA;OH;N/A;STANDARD AERO Transport Canada DR;TCCA 24-0078;11/05/2004;;;;;;;;;;;;;;;;;;;;;;;;;;;;;;;;;;;;;;;;;;;;;
BOX-14;SHELF B-2;3008785;GEAR-SPUR;2;EA;OH;N/A;TCCA 24-0078 STANDARD AERO;TCCA 24-0078;11/05/2004;;;;;;;;;;;;;;;;;;;;;;;;;;;;;;;;;;;;;;;;;;;;;
BOX-14;SHELF B-2;3008784;GEAR-SPUR;2;EA;OH;N/A;STANDARD AERO - TCCA 24-0078;TCCA 24-0078;11/05/2004;;;;;;;;;;;;;;;;;;;;;;;;;;;;;;;;;;;;;;;;;;;;;
BOX-14;SHELF B-2;3102546-01;NUT-PLAIN ROUND;1;EA;OH;N/A;STANDARD AERO - TCCA 24-0078;TCCA 24-0078;11/05/2004;;;;;;;;;;;;;;;;;;;;;;;;;;;;;;;;;;;;;;;;;;;;;
BOX-14;SHELF B-2;3023252;ADAPTER-1ST STAGE CARRIER;1;EA;OH;1T749;STANDARD AERO Transport Canada DR;TCCA 24-0078;11/05/2004;;;;;;;;;;;;;;;;;;;;;;;;;;;;;;;;;;;;;;;;;;;;;
BOX-14;SHELF B-2;3026886;TUBE-TRANSFER;1;EA;OH;N/A;STANDARD AERO LTD - TCCA 24-0078;TCCA 24-0078;11/05/2004;;;;;;;;;;;;;;;;;;;;;;;;;;;;;;;;;;;;;;;;;;;;;
BOX-14;SHELF B-2;3017477;NUT-PLAIN ROUND;1;EA;OH;N/A;STANDARD AERO Transport Canada DR;TCCA 24-0078;11/05/2004;;;;;;;;;;;;;;;;;;;;;;;;;;;;;;;;;;;;;;;;;;;;;
BOX-14;SHELF B-2;3017479;NUT-PLAIN;1;EA;OH;N/A;STANDARD AERO Transport Canada DR;TCCA 24-0078;11/05/2004;;;;;;;;;;;;;;;;;;;;;;;;;;;;;;;;;;;;;;;;;;;;;
BOX-15;SHELF B-2;3109091-01;COVER-#2 BEARING HOUSING;1;EA;OH;N/A;PRATT&WHITNEY - TCAA 24-0078;TCCA 24-0078;16/03/2004;;;;;;;;;;;;;;;;;;;;;;;;;;;;;;;;;;;;;;;;;;;;;
BOX-15;SHELF B-2;3106447-01;HOUSING-NO 1 BEARING,INNER;1;EA;OH;N/A;PRATT&WHITNEY - TCAA 24-0078;TCCA 24-0078;15/03/2004;;;;;;;;;;;;;;;;;;;;;;;;;;;;;;;;;;;;;;;;;;;;;
BOX-15;SHELF B-2;3028664;GEAR-SPUR MAIN PRESSURE PUMP;2;EA;OH;N/A;PRATT&WHITNEY - TCCA 24-0078;TCCA 24-0078;17/03/2004;;;;;;;;;;;;;;;;;;;;;;;;;;;;;;;;;;;;;;;;;;;;;
BOX-15;SHELF B-2;3106446-01;HOUSING-NO 1 BEARING,OUTER;1;EA;OH;N/A;PRATT&WHITNEY - TCAA 24-0078;TCCA 24-0078;15/03/2004;;;;;;;;;;;;;;;;;;;;;;;;;;;;;;;;;;;;;;;;;;;;;
BOX-15;SHELF B-2;3004117;SHAFTGEAR MAIN SCAVENGE PUMP;1;EA;OH;N/A;TCCA 24-0078 STANDARD AERO ;TCCA 24-0078;11/05/2004;;;;;;;;;;;;;;;;;;;;;;;;;;;;;;;;;;;;;;;;;;;;;
BOX-15;SHELF B-2;3004117;SHAFTGEAR MAIN SCAVENGE PUMP;1;EA;OH;N/A;TCCA 24-0078 PRATT&WHITNEY;TCCA 24-0078;26/01/2004;;;;;;;;;;;;;;;;;;;;;;;;;;;;;;;;;;;;;;;;;;;;;
BOX-15;SHELF B-2;3008785;GEAR-SPUR;2;EA;OH;N/A;TCCA 24-0078 PRATT&WHITNEY;TCCA 24-0078;26/01/2004;;;;;;;;;;;;;;;;;;;;;;;;;;;;;;;;;;;;;;;;;;;;;
BOX-15;SHELF B-2;3008785;GEAR-SPUR;2;EA;OH;N/A;DALLAS AIRMOTIVE 8130;FAA 8130;November 2003;;;;;;;;;;;;;;;;;;;;;;;;;;;;;;;;;;;;;;;;;;;;;
BOX-15;SHELF B-2;3013146;ADAPTER-PROP SHAFT OIL TRANS TUBE;1;EA;RP;N/A;Dallas Airmotive ID Tag;;;;;;;;;;;;;;;;;;;;;;;;;;;;;;;;;;;;;;;;;;;;;;;
BOX-15;SHELF B-2;3101826-01;SHAFT-PLANET GEAR;5;EA;OH;N/A;TCCA 24-0078 PRATT&WHITNEY;TCCA 24-0078;;;;;;;;;;;;;;;;;;;;;;;;;;;;;;;;;;;;;;;;;;;;;;
BOX-15;SHELF B-2;3029485;VALVE;1;EA;OH;N/A;Dallas Airmotive Faa Dual Release ;FAA 8130;06/11/2003;;;;;;;;;;;;;;;;;;;;;;;;;;;;;;;;;;;;;;;;;;;;;
BOX-15;SHELF B-2;3021182;HOUSING-IMPELLER;1;EA;OH;PWV1395;TCCA 24-0078 PRATT&WHITNEY;TCCA 24-0078;16/01/2004;;;;;;;;;;;;;;;;;;;;;;;;;;;;;;;;;;;;;;;;;;;;;
BOX-15;SHELF B-2;3008778;COUPLING-SCAVENGE PUMP DRIVE;1;EA;OH;N/A;TCCA 24-0078 PRATT&WHITNEY;TCCA 24-0078;17/03/2004;;;;;;;;;;;;;;;;;;;;;;;;;;;;;;;;;;;;;;;;;;;;;
BOX-15;SHELF B-2;3006246;RING-EXT;1;EA;OH;N/A;TCCA 24-0078 PRATT&WHITNEY;TCCA 24-0078;16/03/2004;;;;;;;;;;;;;;;;;;;;;;;;;;;;;;;;;;;;;;;;;;;;;
;SHELF B-3;3013045;CASE ASSY-COMPRESSOR INLET;1;EA;RP;P533;Vector Aerospace As Removed;AR TAG;;;;;;;;;;;;;;;;;;;;;;;;;;;;;;;;;;;;;;;;;;;;;;
;SHELF B-3;3028746;SHAFT ASSY;1;EA;RP;8B768;REPAIRABLE TAG;REPAIRABLE TAG;;;;;;;;;;;;;;;;;;;;;;;;;;;;;;;;;;;;;;;;;;;;;;
;SHELF B-3;3033353;VANE RING TURBINE;1;EA;RP;PWC7257;REPAIRABLE TAG;REPAIRABLE TAG;;;;;;;;;;;;;;;;;;;;;;;;;;;;;;;;;;;;;;;;;;;;;;
;SHELF B-3;3019274;TUBE-TRANS;2;EA;AR;;UNSERVICEABLE TAG;UNSV TAG;;;;;;;;;;;;;;;;;;;;;;;;;;;;;;;;;;;;;;;;;;;;;;
;SHELF B-4;3013132;CARRIER-SECOND STAGE REDUCTION;1;EA;RP;1504;REPAIRABLE TAG;REPAIRABLE TAG;;;;;;;;;;;;;;;;;;;;;;;;;;;;;;;;;;;;;;;;;;;;;;
SHIPPED 7-19-17;SHELF B-4;3007178 SB1236 SB1232;GEARBOX HOUSING;1;EA;OH;A4830;DALLAS AIRMOTIVE OH CERT;FAA 8130;;;;;;;;;;;;;;;;;;;;;;;;;;;;;;;;;;;;;;;;;;;;;;
;SHELF C-1;3007184;CASE ASSY-PROP RDCN GRBX FRONT;1;EA;AR;A3572;AR TAG VECTOR;AR TAG;29/08/2011;;;;;;;;;;;;;;;;;;;;;;;;;;;;;;;;;;;;;;;;;;;;;
JOEY PHOTOGRAPHED;SHELF C-1;3023498;EXHAUST DUCT;1;EA;AR;PWC00L2918;Atech Turbine Component;Atech Turbine Component;10/08/2006;;;;;;;;;;;;;;;;;;;;;;;;;;;;;;;;;;;;;;;;;;;;;
;SHELF C-2;693206WE;GASKET;21;EA;NE;277928-1;Wencor West INC;Wencor West INC;August 2000;;;;;;;;;;;;;;;;;;;;;;;;;;;;;;;;;;;;;;;;;;;;;
;SHELF C-2;3011095;SHAFT-POWER TURBINE;1;EA;OH;35A297;DALLAS AIRMOTIVE FAA;FAA 8130;16/11/2005;;;;;;;;;;;;;;;;;;;;;;;;;;;;;;;;;;;;;;;;;;;;;
;SHELF C-2;3015527;SEAL-AIR COMPRESSOR TURBINE STATOR;1;EA;OH;N/A;Dallas Air Motive FAA 8130 DR;FAA 8130;15/11/2005;;;;;;;;;;;;;;;;;;;;;;;;;;;;;;;;;;;;;;;;;;;;;
;SHELF C-2;3018389;SPACER-COMPRESSOR DISC;1;EA;OH;PWC91D3680;ATLANTIC TURBINES TCCA 24-0078;TCCA 24-0078;23/12/2005;;;;;;;;;;;;;;;;;;;;;;;;;;;;;;;;;;;;;;;;;;;;;
;SHELF C-2;3019283;TUBE-FUEL PRESSURE;1;EA;OH;N/A;ATLANTIC TURBINES TCCA 24-0078;TCCA 24-0078;31/10/2005;;;;;;;;;;;;;;;;;;;;;;;;;;;;;;;;;;;;;;;;;;;;;
;SHELF C-2;3019314;RING-MTG TOP CENTER FIRESEAL;1;EA;OH;N/A;STANDARD AERO - TCCA 24-0078;TCCA 24-0078;11/05/2004;;;;;;;;;;;;;;;;;;;;;;;;;;;;;;;;;;;;;;;;;;;;;
;SHELF C-2;3019316;RING-MTG BOTTOM CENTER FIRESEAL;1;EA;OH;N/A;STANDARD AERO - TCCA 24-0078;TCCA 24-0078;11/05/2004;;;;;;;;;;;;;;;;;;;;;;;;;;;;;;;;;;;;;;;;;;;;;
;SHELF C-2;3020667;TUBE-PRESS.OIL TRANSFER;1;EA;OH;N/A / C72122;8130 WENCOR;FAA 8130;08/08/2011;;;;;;;;;;;;;;;;;;;;;;;;;;;;;;;;;;;;;;;;;;;;;
;SHELF C-2;3021182;HOUSING-IMPELLER;1;EA;OH;N/A;COVINGTON AIRCRAFT 8130 DR;FAA 8130;29/01/2007;;;;;;;;;;;;;;;;;;;;;;;;;;;;;;;;;;;;;;;;;;;;;
;SHELF C-2;3021779;TUBE-NO.3+NO.4 BRG SCAV;1;EA;OH;N/A;STANDARD AERO - TCCA 24-0078;TCCA 24-0078;11/05/2004;;;;;;;;;;;;;;;;;;;;;;;;;;;;;;;;;;;;;;;;;;;;;
JOEY PHOTOGRAPHED;SHELF C-2;3023034;TUBE-FUEL PRESSURE PRIMARY;1;EA;OH;N/A;STANDARD AERO - TCCA 24-0078;TCCA 24-0078;11/05/2004;;;;;;;;;;;;;;;;;;;;;;;;;;;;;;;;;;;;;;;;;;;;;
;SHELF C-2;3026667;BAFFLE-AIR COMPRESSOR TURBINE;1;EA;OH;N/A;STANDARD AERO LTD - TCCA 24-0078;TCCA 24-0078;11/05/2004;;;;;;;;;;;;;;;;;;;;;;;;;;;;;;;;;;;;;;;;;;;;;
;SHELF C-2;3030994;RING ASSEMBLY MOUNTING BOTTOM;1;EA;OH;N/A;STANDARD AERO LTD - TCCA 24-0078;TCCA 24-0078;11/05/2004;;;;;;;;;;;;;;;;;;;;;;;;;;;;;;;;;;;;;;;;;;;;;
;SHELF C-2;3039172;SEAL, INTERSTAGE;1;EA;OH;35A516;LUFTHANSA - JAA;JAA FORM 1;10/04/2003;;;;;;;;;;;;;;;;;;;;;;;;;;;;;;;;;;;;;;;;;;;;;
;SHELF C-2;3105281-02;GEARSHAFT;1;EA;OH;N/A;DALLAS AIRMOTIVE 8130;FAA 8130;16/11/2005;;;;;;;;;;;;;;;;;;;;;;;;;;;;;;;;;;;;;;;;;;;;;
;SHELF C-2;3107063-01;COMPRESSOR-ASYO STATOR;1;EA;OH;SS3137E;CHROMALLOY DALLAS FAA DR EASA;FAA 8130;22/03/2011;;;;;;;;;;;;;;;;;;;;;;;;;;;;;;;;;;;;;;;;;;;;;
;SHELF D-1;3022406;DUCT ASSEMBLY TURBINE EXHAUST;1;EA;OH;A4749;TURBINE WELD INC 8130 DR;FAA 8130;11/09/2002;;;;;;;;;;;;;;;;;;;;;;;;;;;;;;;;;;;;;;;;;;;;;
;SHELF D-1;3100481-01;TUBE-TRANS.PKG..750X34.305,ASYO;1;EA;OH;N/A;PRATT&WHITNEY - TCCA 24-0078;TCCA 24-0078;26/01/2004;;;;;;;;;;;;;;;;;;;;;;;;;;;;;;;;;;;;;;;;;;;;;
;SHELF D-2;3007024;CENTER OIL TANK TUBE;1;EA;OH;N/A;DALLAS AIRMOTIVE 8130 JAA;FAA 8130;03/04/2011;;;;;;;;;;;;;;;;;;;;;;;;;;;;;;;;;;;;;;;;;;;;;
;SHELF D-2;3008182;GEARSHAFT-SPUR;1;EA;OH;N/A;PRATT&WHITNEY - TCCA 24-0078;TCCA 24-0078;16/02/2006;;;;;;;;;;;;;;;;;;;;;;;;;;;;;;;;;;;;;;;;;;;;;
;SHELF D-2;3011095;SHAFT-POWER TURBINE;1;EA;OH;6B312;TCCA 24-0078 PRATT&WHITNEY ;TCCA 24-0078;20/02/2006;;;;;;;;;;;;;;;;;;;;;;;;;;;;;;;;;;;;;;;;;;;;;
;SHELF D-2;3011498;NO. 2 BEARING COVER;1;EA;OH;1421;DALLAS AIRMOTIVE 8130;FAA 8130;06/11/2003;;;;;;;;;;;;;;;;;;;;;;;;;;;;;;;;;;;;;;;;;;;;;
;SHELF D-2;3011839;CASING-FLEX SHAFT;1;EA;OH;NSN;DALLAS AIRMOTIVE 8130;FAA 8130;21/11/2005;;;;;;;;;;;;;;;;;;;;;;;;;;;;;;;;;;;;;;;;;;;;;
;SHELF D-2;3011839;CASING-FLEX SHAFT;1;EA;OH;NSN;DALLAS AIRMOTIVE 8130;FAA 8130;27/09/2005;;;;;;;;;;;;;;;;;;;;;;;;;;;;;;;;;;;;;;;;;;;;;
;SHELF D-2;3012285;GEAR SUN 2ND STAGE;1;EA;OH;5239;TCCA 24-0078 PRATT&WHITNEY;TCCA 24-0078;18/05/2006;;;;;;;;;;;;;;;;;;;;;;;;;;;;;;;;;;;;;;;;;;;;;
;SHELF D-2;3012521;SPACER COMPR DISC;1;EA;OH;5B2063;VECTOR AEROSPACE TCCA;TCCA 24-0078;10/06/2011;;;;;;;;;;;;;;;;;;;;;;;;;;;;;;;;;;;;;;;;;;;;;
;SHELF D-2;3013217;TUBE-SCAVENGE OIL TRANSFER;1;EA;OH;N/A;VECTOR ARC FROM1;TCCA 24-0078;08/08/2011;;;;;;;;;;;;;;;;;;;;;;;;;;;;;;;;;;;;;;;;;;;;;
;SHELF D-2;3013611;HUB;1;EA;OH;8T704;PRATT&WHITNEY - FAA 8130 ;FAA 8130;08/05/2000;;;;;;;;;;;;;;;;;;;;;;;;;;;;;;;;;;;;;;;;;;;;;
;SHELF D-2;3015753;RETAINER;1;EA;OH;NSN;STANDARD AERO LTD - TCCA 24-0078;TCCA 24-0078;11/05/2004;;;;;;;;;;;;;;;;;;;;;;;;;;;;;;;;;;;;;;;;;;;;;
;SHELF D-2;3016459;SHAFT COUPLING;1;EA;OH;8B370;W.G TURBOPOWER FAA 8130;FAA 8130;09/08/2001;;;;;;;;;;;;;;;;;;;;;;;;;;;;;;;;;;;;;;;;;;;;;
;SHELF D-2;3020684;GEARSHAFT-FUEL CONTROL DRIVE;1;EA;OH;2-106-9;8130 TEMPR TURBINES;FAA 8130;28/11/2006;;;;;;;;;;;;;;;;;;;;;;;;;;;;;;;;;;;;;;;;;;;;;
;SHELF D-2;3021581;TUBE-TRANS;2;EA;OH;N/A;TCCA 24-0078 PRATT&WHITNEY;TCCA 24-0078;01/12/2005;;;;;;;;;;;;;;;;;;;;;;;;;;;;;;;;;;;;;;;;;;;;;
;SHELF D-2;3021779;TUBE-NO.3+NO.4 BRG SCAV;1;EA;OH;NSN;TCCA 24-0078 PRATT&WHITNEY;TCCA 24-0078;30/11/2005;;;;;;;;;;;;;;;;;;;;;;;;;;;;;;;;;;;;;;;;;;;;;
;SHELF D-2;3022226;COMPRESSOR BLEED VALVE HOUSING;1;EA;OH;N/A;ATLANTIC TURBINES TCCA 24-0078;TCCA 24-0078;31/10/2005;;;;;;;;;;;;;;;;;;;;;;;;;;;;;;;;;;;;;;;;;;;;;
;SHELF D-2;3023034;TUBE-FUEL PRESSURE PRIMARY;1;EA;OH;N/A;ATLANTIC TURBINES TCCA 24-0078;TCCA 24-0078;01/11/2005;;;;;;;;;;;;;;;;;;;;;;;;;;;;;;;;;;;;;;;;;;;;;
;SHELF D-2;3024014;THERMOCOUPLE;1;EA;OH;3577024;ATLANTIC TURBINES TCCA 24-0078;TCCA 24-0078;01/11/2005;;;;;;;;;;;;;;;;;;;;;;;;;;;;;;;;;;;;;;;;;;;;;
;SHELF D-2;3024133;TUBE-CENTER OIL TANK;1;EA;OH;N/A;DALLAS AIRMOTIVE 8130;FAA 8130;15/11/2005;;;;;;;;;;;;;;;;;;;;;;;;;;;;;;;;;;;;;;;;;;;;;
;SHELF D-2;3024133;TUBE-CENTER OIL TANK;1;EA;OH;N/A;TCCA 24-0078 PRATT&WHITNEY;TCCA 24-0078;01/11/2005;;;;;;;;;;;;;;;;;;;;;;;;;;;;;;;;;;;;;;;;;;;;;
;SHELF D-2;3024133;TUBE-CENTER OIL TANK;1;EA;OH;N/A;TCCA 24-0078 PRATT&WHITNEY;TCCA 24-0078;17/02/2006;;;;;;;;;;;;;;;;;;;;;;;;;;;;;;;;;;;;;;;;;;;;;
;SHELF D-2;3024996;HOUSING ASSY THERMO BY-PASS & CHECK;1;EA;OH;P691;COVINGTON 8130;FAA 8130;30/08/2006;;;;;;;;;;;;;;;;;;;;;;;;;;;;;;;;;;;;;;;;;;;;;
;SHELF D-2;3027791;INSULATED AIR PRESSURE TUBE ASSY;1;EA;OH;NSN;ATLANTIC TURBINES TCCA 24-0078;TCCA 24-0078;01/11/2005;;;;;;;;;;;;;;;;;;;;;;;;;;;;;;;;;;;;;;;;;;;;;
;SHELF D-2;3031832;TUBE-PRESSURE OIL TRANS,ASSY OF;1;EA;OH;N/A;PRATT&WHITNEY - TCCA 24-0078;TCCA 24-0078;17/03/2004;;;;;;;;;;;;;;;;;;;;;;;;;;;;;;;;;;;;;;;;;;;;;
;SHELF D-2;3031832;TUBE-PRESSURE OIL TRANS,ASSY OF;1;EA;OH;N/A;PRATT&WHITNEY - TCCA 24-0078;TCCA 24-0078;27/01/2004;;;;;;;;;;;;;;;;;;;;;;;;;;;;;;;;;;;;;;;;;;;;;
;SHELF D-2;3038108;NOZZLE FUEL;1;EA;SV;000F0125;LUFTHANSA;JAA FORM 1;10/02/1994;;;;;;;;;;;;;;;;;;;;;;;;;;;;;;;;;;;;;;;;;;;;;
;SHELF D-2;3038118;FUEL NOZZLE;1;EA;SV;000G0019;LUFTHANSA;JAA FORM 1;05/05/1993;;;;;;;;;;;;;;;;;;;;;;;;;;;;;;;;;;;;;;;;;;;;;
;SHELF D-2;3039172;SEAL, INTERSTAGE;1;EA;OH;42A164;LUFTHANSA - JAA;JAA FORM 1;10 April 2003;;;;;;;;;;;;;;;;;;;;;;;;;;;;;;;;;;;;;;;;;;;;;
;SHELF D-2;3045307;FUEL NOZZLE  INLET ADAPTER;1;EA;SV;61863591;JAA FORM 1;JAA FORM 1;03/09/1999;;;;;;;;;;;;;;;;;;;;;;;;;;;;;;;;;;;;;;;;;;;;;
;SHELF D-2;3100142-01;SCREW-PLANET GEAR BOLT;3;EA;OH;N/A;TCCA 24-0078 PRATT&WHITNEY;TCCA 24-0078;01/12/2005;;;;;;;;;;;;;;;;;;;;;;;;;;;;;;;;;;;;;;;;;;;;;
;SHELF D-2;3100742-01;COUPLING-POWER TURBINE SHAFT;1;EA;OH;4H066;TCCA 24-0078 PRATT&WHITNEY;TCCA 24-0078;28/01/2004;;;;;;;;;;;;;;;;;;;;;;;;;;;;;;;;;;;;;;;;;;;;;
;SHELF D-2;3105168-01;TUBE ASYO-#3 & #4 BEARING;1;EA;OH;N/A;TCCA 24-0078 PRATT&WHITNEY;TCCA 24-0078;30/11/2005;;;;;;;;;;;;;;;;;;;;;;;;;;;;;;;;;;;;;;;;;;;;;
;SHELF D-2;3862212-3;COVER;1;EA;SV;N/A;ANSETT AUSTRALIA;ANSETT AUSTRALIA;09/05/2003;;;;;;;;;;;;;;;;;;;;;;;;;;;;;;;;;;;;;;;;;;;;;
;SHELF D2 OR BOX-4;3004179;CARRIER-SEAL;1;EA;OH;NSN;ATLANTIC TURBINES TCCA 24-0078;TCCA 24-0078;01/11/2005;;;;;;;;;;;;;;;;;;;;;;;;;;;;;;;;;;;;;;;;;;;;;
;SHELF D2 OR BOX-4;3004244;TORQUEMETER VALVE SPRING;1;EA;OH;NSN;ATLANTIC TURBINES TCCA 24-0078;TCCA 24-0078;31/10/2005;;;;;;;;;;;;;;;;;;;;;;;;;;;;;;;;;;;;;;;;;;;;;
;SHELF D2 OR BOX-4;3005665;COUPLING GOV. DRIVE;1;EA;AR;N/A;DALLAS AIRMOTIVE CONDEMN TAG;CONDEMN TAG;;;;;;;;;;;;;;;;;;;;;;;;;;;;;;;;;;;;;;;;;;;;;;
;SHELF D2 OR BOX-4;3007097;TUBE-TRANSFER;1;EA;OH;N/A;DALLAS AIRMOTIVE FAA Dual Release;FAA 8130;15/11/2005;;;;;;;;;;;;;;;;;;;;;;;;;;;;;;;;;;;;;;;;;;;;;
;SHELF D2 OR BOX-4;3011158;FUEL MANIFOLD LOCK PLATE;11;EA;OH;N/A;DALLAS AIRMOTIVE 8130;FAA 8130;21/09/2005;;;;;;;;;;;;;;;;;;;;;;;;;;;;;;;;;;;;;;;;;;;;;
;SHELF D2 OR BOX-4;3014020;SEAL;1;EA;OH;N/A;Dallas Air Motive FAA 8130 DR;FAA 8130;15/11/2005;;;;;;;;;;;;;;;;;;;;;;;;;;;;;;;;;;;;;;;;;;;;;
;SHELF D2 OR BOX-4;3015863;OIL SEAL CARRIER;1;EA;OH;N/A;ATLANTIC TURBINES TCCA 24-0078;TCCA 24-0078;01/11/2005;;;;;;;;;;;;;;;;;;;;;;;;;;;;;;;;;;;;;;;;;;;;;
;SHELF D2 OR BOX-4;3017299;CLEVIS-ROD END;1;EA;OH;N/A;DALLAS AIRMOTIVE 8130;FAA 8130;15/11/2005;;;;;;;;;;;;;;;;;;;;;;;;;;;;;;;;;;;;;;;;;;;;;
;SHELF D2 OR BOX-4;3023678;HOUSING-TURBINE INTERSTAGE AIR SEAL;1;EA;OH;N/A;TCAC 24-0078 PRATT&WHITNEY;TCCA 24-0078;23/01/2004;;;;;;;;;;;;;;;;;;;;;;;;;;;;;;;;;;;;;;;;;;;;;
;SHELF D2 OR BOX-4;3024566;SEAT-BY PASS VALVE;1;EA;OH;N/A;DALLAS AIRMOTIVE 8130;FAA 8130;15/11/2005;;;;;;;;;;;;;;;;;;;;;;;;;;;;;;;;;;;;;;;;;;;;;
;SHELF D2 OR BOX-4;3027013;SUPPORT TUBE BRACKET;1;EA;OH;N/A;ATLANTIC TURBINES TCCA 24-0078;TCCA 24-0078;01/11/2005;;;;;;;;;;;;;;;;;;;;;;;;;;;;;;;;;;;;;;;;;;;;;
;SHELF D2 OR BOX-4;3031568;SHAFT-SECOND STAGE PLANET GEAR;1;EA;OH;N/A;ATLANTIC TURBINES TCCA 24-0078;TCCA 24-0078;01/11/2005;;;;;;;;;;;;;;;;;;;;;;;;;;;;;;;;;;;;;;;;;;;;;
;SHELF D2 OR BOX-4;P161P10;1ST STAGE HPT BLADE;1;EA;OH;NSN;GE;GE;22/01/1997;;;;;;;;;;;;;;;;;;;;;;;;;;;;;;;;;;;;;;;;;;;;;
;SHELF E-1;3018950;HOUSING ASSY-ACCY GEARBOX;1;EA;OH;N/A;Vector Aerospace;Vector Aerospace;07/09/2011;;;;;;;;;;;;;;;;;;;;;;;;;;;;;;;;;;;;;;;;;;;;;
;SHELF E-1;3026614;RING-MTG TOP REAR FIRESEAL;1;EA;OH;N/A;STANDARD AERO LTD - TCCA 24-0078;TCCA 24-0078;11/05/2004;;;;;;;;;;;;;;;;;;;;;;;;;;;;;;;;;;;;;;;;;;;;;
;SHELF E-1;3106862-01;COMPRESSOR STATOR - STAGE 2;1;EA;OH;PWC95L5183;CHROMALLOY DALLAS ;CHROMALLOY DALLAS ;21/03/2011;;;;;;;;;;;;;;;;;;;;;;;;;;;;;;;;;;;;;;;;;;;;;
;SHELF E-1;3107255-01;HOUSING ASYO-POWER TURBINE SHAFT;1;EA;OH;PWC04M254;TCCA 24-0078 PRATT&WHITNEY;TCCA 24-0078;18/02/2004;;;;;;;;;;;;;;;;;;;;;;;;;;;;;;;;;;;;;;;;;;;;;
;SHELF E-1;3104279-01;HOUSING-POWER TURB SHAFT;1;EA;OH;4864;VECTOR AEROSPACE TCCA;TCCA 24-0078;07/09/2011;;;;;;;;;;;;;;;;;;;;;;;;;;;;;;;;;;;;;;;;;;;;;
;SHELF E-1;3003999;SHAFT-PROPELLER;1;EA;OH;9A055;VECTOR AEROSPACE TCCA;TCCA 24-0078;22/09/2011;;;;;;;;;;;;;;;;;;;;;;;;;;;;;;;;;;;;;;;;;;;;;
;SHELF E-1;3029699;CARRIER-FIRST STAGE REDUCTION;1;EA;OH;77A437;PRATT&WHITNEY - TCCA 24-0078;TCCA 24-0078;19/02/2004;;;;;;;;;;;;;;;;;;;;;;;;;;;;;;;;;;;;;;;;;;;;;
;SHELF E-1;3016923;SLEEVE-HOUSING PROP OIL TRANSFER;1;EA;OH;N/A;STANDARD AERO - TCCA 24-0078;TCCA 24-0078;11/05/2004;;;;;;;;;;;;;;;;;;;;;;;;;;;;;;;;;;;;;;;;;;;;;
;SHELF E-1;3018701;SUPPORT ASSY;1;EA;OH;SET1160-3;DALLAS AIRMOTIVE 8130;FAA 8130;11/04/2008;;;;;;;;;;;;;;;;;;;;;;;;;;;;;;;;;;;;;;;;;;;;;
;SHELF E-1;3111353-01;SEAL ASSY-AIR,COMPRESSOR STATOR;1;EA;OH;N/A;PRATT&WHITNEY - TCAA 24-0078;TCCA 24-0078;23/01/2004;;;;;;;;;;;;;;;;;;;;;;;;;;;;;;;;;;;;;;;;;;;;;
;SHELF E-1;3109091-01;COVER-#2 BEARING HOUSING;1;EA;OH;N/A;PRATT&WHITNEY - TCAA 24-0078;TCCA 24-0078;27/01/2004;;;;;;;;;;;;;;;;;;;;;;;;;;;;;;;;;;;;;;;;;;;;;
;SHELF E-1;3012521;SPACER COMPR DISC;1;EA;OH;781;PRATT&WHITNEY - TCCA 24-0078 ;TCCA 24-0078;06/02/2004;;;;;;;;;;;;;;;;;;;;;;;;;;;;;;;;;;;;;;;;;;;;;
;SHELF E-1;3013632;SPACER COMPR DISC;1;EA;OH;N/A;Vector Aerospace;Vector Aerospace;17/08/2011;;;;;;;;;;;;;;;;;;;;;;;;;;;;;;;;;;;;;;;;;;;;;
;SHELF E-1;3014679;SPACER-COMPRESSOR DISC;1;EA;OH;5B2065;Vector Aerospace;Vector Aerospace;17/08/2011;;;;;;;;;;;;;;;;;;;;;;;;;;;;;;;;;;;;;;;;;;;;;
PLEASE CHECK IF ON SHELF;SHELF E-2;3101903-01;BLADE TURBINE;35;EA;OH;N/A;STD AERO ;STD AERO ;11/05/2004;;;;;;;;;;;;;;;;;;;;;;;;;;;;;;;;;;;;;;;;;;;;;
;SHELF E-2;3022378;CARRIER-1ST.STAGE RDCN;1;EA;OH;10-26-6;TCCA 24-0078 Atlantic Turbine;TCCA 24-0078;15/11/2005;;;;;;;;;;;;;;;;;;;;;;;;;;;;;;;;;;;;;;;;;;;;;
;SHELF E-2;3041511;DISK HP;1;EA;OH;A001CW58;EASA DR - VOLVO AERO;EASA FORM 1;27/08/2010;;;;;;;;;;;;;;;;;;;;;;;;;;;;;;;;;;;;;;;;;;;;;
;SHELF E-2;3041511;DISK HP;1;EA;OH;51A994;JAA - LUFTHANSA;JAA FORM 1;10/04/2003;;;;;;;;;;;;;;;;;;;;;;;;;;;;;;;;;;;;;;;;;;;;;
;SHELF E-2;03-1802-2001;ANTI COLLISION LIGHT ATR;1;EA;RP;SNT140034;FAA DR - BETTER AVIATION;FAA 8130;01/05/2014;;;;;;;;;;;;;;;;;;;;;;;;;;;;;;;;;;;;;;;;;;;;;
;SHELF E-2;3011204;TUBE-NO.3 BRG PRESS OIL;1;EA;OH;N/A;TCCA 24-0078 PRATT&WHITNEY ;TCCA 24-0078;18/05/2006;;;;;;;;;;;;;;;;;;;;;;;;;;;;;;;;;;;;;;;;;;;;;
;SHELF E-2;3013306;TRAY-OIL DE-AERATOR;1;EA;OH;N/A;STANDARD AERO Transport Canada DR;TCCA 24-0078;11/05/2004;;;;;;;;;;;;;;;;;;;;;;;;;;;;;;;;;;;;;;;;;;;;;
;SHELF E-2;3100142-01;SCREW-PLANET GEAR BOLT;3;EA;OH;N/A;TCCA 24-0078 PRATT&WHITNEY;TCCA 24-0078;18/05/2006;;;;;;;;;;;;;;;;;;;;;;;;;;;;;;;;;;;;;;;;;;;;;
;SHELF E-2;3100142-01;SCREW-PLANET GEAR BOLT;5;EA;OH;N/A;TCCA 24-0078 PRATT&WHITNEY;TCCA 24-0078;18/05/2006;;;;;;;;;;;;;;;;;;;;;;;;;;;;;;;;;;;;;;;;;;;;;
;SHELF E-2;3013148;NOZZLE-OIL NO 4 BEARING;1;EA;OH;N/A;TCCA 24-0078 PRATT&WHITNEY;TCCA 24-0078;18/05/2006;;;;;;;;;;;;;;;;;;;;;;;;;;;;;;;;;;;;;;;;;;;;;
;SHELF E-2;3031539;SCREEN;1;EA;OH;N/A;DALLAS AIRMOTIVE 8130;FAA 8130;21/11/2005;;;;;;;;;;;;;;;;;;;;;;;;;;;;;;;;;;;;;;;;;;;;;
;SHELF E-2;3031539;SCREEN;1;EA;OH;N/A;STANDARD AERO LTD;STANDARD AERO LTD;11/05/2004;;;;;;;;;;;;;;;;;;;;;;;;;;;;;;;;;;;;;;;;;;;;;
;SHELF E-2;3030054;HOUSING-COMPRESSOR TURBINE SHROUD;1;EA;OH;313519;PRATT & WHITNEY COMPONENT;PRATT & WHITNEY COMPONENT;20/09/2011;;;;;;;;;;;;;;;;;;;;;;;;;;;;;;;;;;;;;;;;;;;;;
;SHELF E-2;3023677;GEAR-RING 1STG RDCN;1;EA;OH;N/A;STANDARD AERO ;STANDARD AERO ;11/05/2004;;;;;;;;;;;;;;;;;;;;;;;;;;;;;;;;;;;;;;;;;;;;;
;SHELF E-2;3021303;HOUSING-BLEED VALVE EXHAUST;1;EA;OH;N/A;STANDARD AERO - TCCA 24-0078;TCCA 24-0078;11/05/2004;;;;;;;;;;;;;;;;;;;;;;;;;;;;;;;;;;;;;;;;;;;;;
;SHELF E-2;3028683;GEAR RING 2ND STAGE RED'N;1;EA;OH;5K031;ATLANTIC TURBINES TCCA 24-0078;TCCA 24-0078;01/11/2005;;;;;;;;;;;;;;;;;;;;;;;;;;;;;;;;;;;;;;;;;;;;;
;SHELF E-2;3023679;PLATE-SEAL RTNG TURB.INTERSTAGE;1;EA;OH;N/A;STANDARD AERO - TCCA 24-0078;TCCA 24-0078;11/05/2004;;;;;;;;;;;;;;;;;;;;;;;;;;;;;;;;;;;;;;;;;;;;;
;SHELF E-2;3027630;HOUSING-BLEED VALVE EXHAUST;1;EA;OH;N/A;STANDARD AERO LTD - TCCA 24-0078;TCCA 24-0078;11/05/2004;;;;;;;;;;;;;;;;;;;;;;;;;;;;;;;;;;;;;;;;;;;;;
;SHELF E-2;3022339;RING-CONTAINMENT;1;EA;OH;5B;DALLAS AIRMOTIVE 8130;FAA 8130;06/11/2003;;;;;;;;;;;;;;;;;;;;;;;;;;;;;;;;;;;;;;;;;;;;;
;SHELF E-2;3032207;TUBE-COMPRESSOR SPRAY RING,ASSY OF;1;EA;OH;N/A;PRATT&WHITNEY - TCCA 24-0078;TCCA 24-0078;27/01/2004;;;;;;;;;;;;;;;;;;;;;;;;;;;;;;;;;;;;;;;;;;;;;
;SHELF E-4;3040234;AGB HOUSING;1;EA;OH;PWC95L3488;ATLANTIC TURBINES TCCA 24-0078;TCCA 24-0078;28/12/2005;;;;;;;;;;;;;;;;;;;;;;;;;;;;;;;;;;;;;;;;;;;;;
;SHELF F-1;3022339;RING-CONTAINMENT;1;EA;OH;1726;COVINGTON 8130;FAA 8130;13/07/2006;;;;;;;;;;;;;;;;;;;;;;;;;;;;;;;;;;;;;;;;;;;;;
;SHELF F-1;3043833-01;STATOR-COMPRESSOR STAGE 3;1;EA;OH;826;CHROMALLOY DALLAS FAA DR;FAA 8130;20/06/2011;;;;;;;;;;;;;;;;;;;;;;;;;;;;;;;;;;;;;;;;;;;;;
;SHELF F-1;3011755;INSUL BLANKET-POWER SECT;1;EA;OH;N/A;VECTOR AEROSPACE TCCA;TCCA 24-0078;17/08/2011;;;;;;;;;;;;;;;;;;;;;;;;;;;;;;;;;;;;;;;;;;;;;
;SHELF F-1;3043833-01;STATOR-COMPRESSOR STAGE 3;1;EA;OH;3213;CHROMALLOY DALLAS FAA DR;FAA 8130;08/06/2011;;;;;;;;;;;;;;;;;;;;;;;;;;;;;;;;;;;;;;;;;;;;;
;SHELF F-1;3043833-01;STATOR-COMPRESSOR STAGE 3;1;EA;OH;1687/0204;CHROMALLOY DALLAS FAA DR;FAA 8130;08/06/2011;;;;;;;;;;;;;;;;;;;;;;;;;;;;;;;;;;;;;;;;;;;;;
;SHELF F-1;3039640;COVER, HP FRONT;1;EA;OH;43A920;LUFTHANSA - JAA;JAA FORM 1;07/04/2003;;;;;;;;;;;;;;;;;;;;;;;;;;;;;;;;;;;;;;;;;;;;;
;SHELF F-1;3022339;RING-CONTAINMENT;1;EA;OH;3007101;CONNECTOR .4375-20 2 HOLE;CONNECTOR .4375-20 2 HOLE;31-12-1899;;;;;;;;;;;;;;;;;;;;;;;;;;;;;;;;;;;;;;;;;;;;;
;SHELF F-1;3028683;GEAR RING 2ND STAGE RED'N;1;EA;OH;3979;PRATT&WHITNEY - TCCA 24-0078;TCCA 24-0078;01/12/2005;;;;;;;;;;;;;;;;;;;;;;;;;;;;;;;;;;;;;;;;;;;;;
;SHELF F-1;3039512;DISK, LP;1;EA;OH;56A456;LUFTHANSA - JAA;JAA FORM 1;10/04/2003;;;;;;;;;;;;;;;;;;;;;;;;;;;;;;;;;;;;;;;;;;;;;
;SHELF F-1;3007338;GEAR-RING SECOND STAGE;1;EA;OH;45D341;DALLAS AIRMOTIVE 8130;FAA 8130;16/11/2005;;;;;;;;;;;;;;;;;;;;;;;;;;;;;;;;;;;;;;;;;;;;;
;SHELF F-1;3039640;COVER, HP FRONT;1;EA;OH;55A131;LUFTHANSA - JAA;JAA FORM 1;April 2003;;;;;;;;;;;;;;;;;;;;;;;;;;;;;;;;;;;;;;;;;;;;;
;SHELF F-1;3039639;COVER, HP REAR;1;EA;OH;50A179;LUFTHANSA - JAA;JAA FORM 1;April 2003;;;;;;;;;;;;;;;;;;;;;;;;;;;;;;;;;;;;;;;;;;;;;
;SHELF F-1;3039640;COVER, HP FRONT;1;EA;OH;54A063;LUFTHANSA - JAA;JAA FORM 1;April 2003;;;;;;;;;;;;;;;;;;;;;;;;;;;;;;;;;;;;;;;;;;;;;
;SHELF F-1;3039639;COVER, HP REAR;1;EA;OH;54A084;LUFTHANSA - JAA;JAA FORM 1;April 2003;;;;;;;;;;;;;;;;;;;;;;;;;;;;;;;;;;;;;;;;;;;;;
;SHELF F-1;3039639;COVER, HP REAR;1;EA;OH;43A944;LUFTHANSA - JAA;JAA FORM 1;April 2003;;;;;;;;;;;;;;;;;;;;;;;;;;;;;;;;;;;;;;;;;;;;;
;SHELF F-1;3039640;COVER, HP FRONT;1;EA;OH;55A115;LUFTHANSA - JAA;JAA FORM 1;April 2003;;;;;;;;;;;;;;;;;;;;;;;;;;;;;;;;;;;;;;;;;;;;;
;SHELF F-1;3037623;HP FRONT COVER PH 2 SSD;1;EA;OH;41A189;LUFTHANSA - JAA;JAA FORM 1;April 2003;;;;;;;;;;;;;;;;;;;;;;;;;;;;;;;;;;;;;;;;;;;;;
ON SHELF CHK BY JOEY;SHELF F-1;3039172;SEAL, INTERSTAGE;1;EA;OH;46A887;LUFTHANSA - JAA;JAA FORM 1;10/04/2003;;;;;;;;;;;;;;;;;;;;;;;;;;;;;;;;;;;;;;;;;;;;;
;SHELF F-2;3028683;GEAR RING 2ND STAGE RED'N;1;EA;OH;6D735;STANDARD AERO LTD - TCCA 24-0078;TCCA 24-0078;11/05/2004;;;;;;;;;;;;;;;;;;;;;;;;;;;;;;;;;;;;;;;;;;;;;
;SHELF F-2;3109242-01;BUS-BAR POSITIVE;1;EA;OH;00369;STANDARD AERO - TCCA 24-0078;TCCA 24-0078;11/05/2004;;;;;;;;;;;;;;;;;;;;;;;;;;;;;;;;;;;;;;;;;;;;;
;SHELF F-2;3107194-01;DUCT, DIFFUSER EXIT;21;EA;SV;N/A; LUFTHANSA - JAA/FAA;FAA 8130;08/04/2003;;;;;;;;;;;;;;;;;;;;;;;;;;;;;;;;;;;;;;;;;;;;;
;SHELF F-2;3106702-01;BLADE-COMPRESSOR;7;EA;OH;N/A;PRATT&WHITNEY - TCAA 24-0078;TCCA 24-0078;05/05/2004;;;;;;;;;;;;;;;;;;;;;;;;;;;;;;;;;;;;;;;;;;;;;
;SHELF F-2;3106703-01;BLADE-COMPRESSOR;24;EA;OH;N/A;PRATT&WHITNEY - TCAA 24-0078;TCCA 24-0078;05/05/2004;;;;;;;;;;;;;;;;;;;;;;;;;;;;;;;;;;;;;;;;;;;;;
;SHELF F-2;3016761;IMPELLER;1;EA;OH;A2508;Consolidated Heliflight FAA FORM 1;FAA 8130;29/10/2001;;;;;;;;;;;;;;;;;;;;;;;;;;;;;;;;;;;;;;;;;;;;;
;SHELF F-2;3027630;HOUSING-BLEED VALVE EXHAUST;1;EA;OH;N/A;Atlantic Turbine - TCCA 24-0078;TCCA 24-0078;31/10/2005;;;;;;;;;;;;;;;;;;;;;;;;;;;;;;;;;;;;;;;;;;;;;
;SHELF F-2;3024657;HOUSING-POWER TURBINE STATOR;1;EA;OH;1176;Atlantic Turbine - TCCA 24-0078;TCCA 24-0078;20/12/2005;;;;;;;;;;;;;;;;;;;;;;;;;;;;;;;;;;;;;;;;;;;;;
;SHELF F-2;3039512;DISK, LP;1;EA;OH;41A270;LUFTHANSA - JAA;JAA FORM 1;10/04/2003;;;;;;;;;;;;;;;;;;;;;;;;;;;;;;;;;;;;;;;;;;;;;
;SHELF F-2;3024862;POWER TURBINE STATOR-ASYO;1;EA;OH;CP723;TURBINE COMPONENT SERVICES - FAA;FAA 8130;10/04/2002;;;;;;;;;;;;;;;;;;;;;;;;;;;;;;;;;;;;;;;;;;;;;
;SHELF F-2;3007338;GEAR-RING SECOND STAGE;1;EA;OH;6-18-3;DALLAS AIRMOTIVE - FAA DR;FAA 8130;06/11/2003;;;;;;;;;;;;;;;;;;;;;;;;;;;;;;;;;;;;;;;;;;;;;
;SHELF F-2;3011116;1ST STAGE-RING GEAR;1;EA;OH;2-14-3;Dallas Air Motive-  FAA DR;FAA 8130;06/11/2003;;;;;;;;;;;;;;;;;;;;;;;;;;;;;;;;;;;;;;;;;;;;;
;SHELF F-2;3039512;DISK, LP;1;EA;OH;53A210;LUFTHANSA - JAA;JAA FORM 1;10/04/2003;;;;;;;;;;;;;;;;;;;;;;;;;;;;;;;;;;;;;;;;;;;;;
SHIPPED 9/05/17;SHELF F-2;3104801-01;CT BLADE;29;EA;OH;N/A;TURBINE COMPONENT - GOODRICH FAA 8130;FAA 8130;;;;;;;;;;;;;;;;;;;;;;;;;;;;;;;;;;;;;;;;;;;;;;
;SHELF F-2;3102401-01;BLADCT;24;EA;OH;N/A;TURBINE COMPONENT - GOODRICH FAA 8130;FAA 8130;01/08/2002;;;;;;;;;;;;;;;;;;;;;;;;;;;;;;;;;;;;;;;;;;;;;
;SHELF F-2;3041431;DISC-TURBINE;1;EA;OH;17B097;STANDARD AERO - TCCA 24-0078;TCCA 24-0078;04/11/2004;;;;;;;;;;;;;;;;;;;;;;;;;;;;;;;;;;;;;;;;;;;;;
;SHELF F-3;3012801;BLADE-COMPRESSOR;16;EA;OH;N/A;D.ELSWORTH INC 8130;FAA 8130;28/09/2007;;;;;;;;;;;;;;;;;;;;;;;;;;;;;;;;;;;;;;;;;;;;;
;SHELF F-3;3040992;STATOR;1;EA;OH;453;WICHITA FALLS REFURBISHMENT 8130;FAA 8130;25/08/2000;;;;;;;;;;;;;;;;;;;;;;;;;;;;;;;;;;;;;;;;;;;;;
;SHELF F-3;312T1072-2;DUCT ASSY;1;EA;NS;N/A;US AIRWAYS;US AIRWAYS;12/12/2000;;;;;;;;;;;;;;;;;;;;;;;;;;;;;;;;;;;;;;;;;;;;;
;SHELF F-3;3102514-01;LINER COMB.CHAMBER INNER ASYO;1;EA;OH;PWC00L374;Turbine Wield FAA 8130 DR JAR 145;FAA 8130;23/01/2003;;;;;;;;;;;;;;;;;;;;;;;;;;;;;;;;;;;;;;;;;;;;;
;SHELF G-2;3019295;TUBE-INSULTD APRES;1;EA;RP;;;;;;;;;;;;;;;;;;;;;;;;;;;;;;;;;;;;;;;;;;;;;;;;;
;SHELF G-2;394230-4-1;FUEL SHUT OFF VALVE;1;EA;RP;P-4955;;;;;;;;;;;;;;;;;;;;;;;;;;;;;;;;;;;;;;;;;;;;;;;;
;SHELF G-3;3003999;SHAFT-PROPELLER;1;EA;RP;4810;RAPPORT DE PRATT - REPARABLE;REPAIRABLE TAG;;;;;;;;;;;;;;;;;;;;;;;;;;;;;;;;;;;;;;;;;;;;;;
;SHELF I-2;3112941-01;HOUSING ASYO-POWER TURBINE STATOR;1;EA;RP;BBCD9683;PWC Reparaible TAG ;REPAIRABLE TAG;;;;;;;;;;;;;;;;;;;;;;;;;;;;;;;;;;;;;;;;;;;;;;
BOX-10;SHELF D-4;3021693;FUEL HEATER BRACKET;1;EA;OH;N/A;ATLANTIC TURBINES TCCA 24-0078;TCCA 24-0078;October 2005;;;;;;;;;;;;;;;;;;;;;;;;;;;;;;;;;;;;;;;;;;;;;
BOX-10;SHELF D-4;3006960;BODY ASSY-MAIN SCAV PMP OUTER;1;EA;OH;N/A;ATLANTIC TURBINES TCCA 24-0078;TCCA 24-0078;01/05/2004;;;;;;;;;;;;;;;;;;;;;;;;;;;;;;;;;;;;;;;;;;;;;
BOX-10;SHELF D-4;3005665;COUPLING GOV. DRIVE;2;EA;OH;N/A;TCCA 24-0078 PRATT&WHITNEY;TCCA 24-0078;Dec 2005;;;;;;;;;;;;;;;;;;;;;;;;;;;;;;;;;;;;;;;;;;;;;
BOX-10;SHELF D-4;3008146;TUBE-TRANSFER;1;EA;OH;N/A;TCAC 24-0078 ATLANTIC TURBINES;TCCA 24-0078;October 2005;;;;;;;;;;;;;;;;;;;;;;;;;;;;;;;;;;;;;;;;;;;;;
BOX-10;SHELF D-4;3003526;TUBE-TRANSFER;1;EA;OH;N/A;ATLANTIC TURBINES TCCA 24-0078;TCCA 24-0078;October 2005;;;;;;;;;;;;;;;;;;;;;;;;;;;;;;;;;;;;;;;;;;;;;
BOX-10;SHELF D-4;3103830-01;OIL NOZZLE;1;EA;OH;N/A;ATLANTIC TURBINES TCCA 24-0078;TCCA 24-0078;31/10/2005;;;;;;;;;;;;;;;;;;;;;;;;;;;;;;;;;;;;;;;;;;;;;
BOX-10;SHELF D-4;3012491;TUBE TRANSFER PACKING .525X1.185;1;EA;OH;N/A;ATLANTIC TURBINES TCCA 24-0078;TCCA 24-0078;October 2005;;;;;;;;;;;;;;;;;;;;;;;;;;;;;;;;;;;;;;;;;;;;;
BOX-10;SHELF D-4;3027425;COMPRESSOR BLEED VALVE COVER;1;EA;OH;N/A;ATLANTIC TURBINES TCCA 24-0078;TCCA 24-0078;October 2005;;;;;;;;;;;;;;;;;;;;;;;;;;;;;;;;;;;;;;;;;;;;;
BOX-10;SHELF D-4;3005665;COUPLING GOV. DRIVE;1;EA;OH;N/A;ATLANTIC TURBINES TCCA 24-0078;TCCA 24-0078;01/11/2005;;;;;;;;;;;;;;;;;;;;;;;;;;;;;;;;;;;;;;;;;;;;;
BOX-10;SHELF D-4;AS3215-126;RETAINING RING;1;EA;OH;N/A;JAA LUFTHASA;JAA FORM 1;10/04/2003;;;;;;;;;;;;;;;;;;;;;;;;;;;;;;;;;;;;;;;;;;;;;
BOX-10;SHELF D-4;3031399;PIN-SECOND STAGE PLANET GEAR;5;EA;OH;N/A;TCCA 24-0078 PRATT&WHITNEY;TCCA 24-0078;01/12/2005;;;;;;;;;;;;;;;;;;;;;;;;;;;;;;;;;;;;;;;;;;;;;
BOX-10;SHELF D-4;3010458;ROD-INTERNALLY THDED;1;EA;OH;N/A;STANDARD AERO LTD;STANDARD AERO LTD;11/05/2004;;;;;;;;;;;;;;;;;;;;;;;;;;;;;;;;;;;;;;;;;;;;;
BOX-10;SHELF D-4;3024287;HOUSING-SCAVENGE PUMP;1;EA;OH;PWC95L3293;ATLANTIC TURBINES TCCA 24-0078;TCCA 24-0078;02/12/2005;;;;;;;;;;;;;;;;;;;;;;;;;;;;;;;;;;;;;;;;;;;;;
BOX-10;SHELF D-4;3008778;COUPLING-SCAVENGE PUMP DRIVE;1;EA;OH;N/A;TCCA 24-0078 PRATT&WHITNEY;TCCA 24-0078;01/12/2005;;;;;;;;;;;;;;;;;;;;;;;;;;;;;;;;;;;;;;;;;;;;;
BOX-10;SHELF D-4;3005665;COUPLING GOV. DRIVE;1;EA;OH;N/A;ATLANTIC TURBINES TCCA 24-0078;TCCA 24-0078;01/11/2005;;;;;;;;;;;;;;;;;;;;;;;;;;;;;;;;;;;;;;;;;;;;;
BOX-10;SHELF D-4;3027425;COMPRESSOR BLEED VALVE COVER;1;EA;OH;N/A;ATLANTIC TURBINES TCCA 24-0078;TCCA 24-0078;31/10/2005;;;;;;;;;;;;;;;;;;;;;;;;;;;;;;;;;;;;;;;;;;;;;
BOX-10;SHELF D-4;3006731;COUPLING - SHAFT;1;EA;OH;N/A;TCCA 24-0078 PRATT&WHITNEY;TCCA 24-0078;01/12/2005;;;;;;;;;;;;;;;;;;;;;;;;;;;;;;;;;;;;;;;;;;;;;
BOX-10;SHELF D-4;3100142-01;SCREW-PLANET GEAR BOLT;5;EA;OH;N/A;TCCA 24-0078 PRATT&WHITNEY;TCCA 24-0078;01/12/2005;;;;;;;;;;;;;;;;;;;;;;;;;;;;;;;;;;;;;;;;;;;;;
BOX-10;SHELF D-4;3004005;GEAR-OIL PUMP;2;EA;OH;N/A;TCCA 24-0078 PRATT&WHITNEY;TCCA 24-0078;06/12/2005;;;;;;;;;;;;;;;;;;;;;;;;;;;;;;;;;;;;;;;;;;;;;
BOX-10;SHELF D-4;3100615-01;VALVE ASSY - PRESSURE REGULATING;1;EA;OH;N/A;TCCA 24-0078 PRATT&WHITNEY;TCCA 24-0078;05/12/2005;;;;;;;;;;;;;;;;;;;;;;;;;;;;;;;;;;;;;;;;;;;;;
BOX-10;SHELF D-4;3102546-01;NUT-PLAIN ROUND;1;EA;OH;N/A;TCCA 24-0078 PRATT&WHITNEY;TCCA 24-0078;05/12/2005;;;;;;;;;;;;;;;;;;;;;;;;;;;;;;;;;;;;;;;;;;;;;
BOX-10;SHELF D-4;3109380-01;NUT-PLAIN ROUND;1;EA;OH;N/A;TCCA 24-0078 PRATT&WHITNEY;TCCA 24-0078;01/12/2005;;;;;;;;;;;;;;;;;;;;;;;;;;;;;;;;;;;;;;;;;;;;;
BOX-10;SHELF D-4;3007319;NUT PLAIN ROUND 2.125-20X.225;1;EA;OH;N/A;TCCA 24-0078 PRATT&WHITNEY;TCCA 24-0078;01/12/2005;;;;;;;;;;;;;;;;;;;;;;;;;;;;;;;;;;;;;;;;;;;;;
BOX-10;SHELF D-4;3008179;GEARSHAFT-BEVEL;1;EA;OH;A-124;TEMPR TURBINES INC. - 8130;FAA 8130;15/01/2007;;;;;;;;;;;;;;;;;;;;;;;;;;;;;;;;;;;;;;;;;;;;;
BOX-10;SHELF D-4;3010454;LEVER FUEL CONTROL ACTUATING;1;EA;OH;N/A;ATLANTIC TURBINES TCCA 24-0078;TCCA 24-0078;01/11/2005;;;;;;;;;;;;;;;;;;;;;;;;;;;;;;;;;;;;;;;;;;;;;
BOX-10;SHELF D-4;3028145CL1;SHAFT-FIRST STAGE PLANET GEAR;1;EA;OH;N/A;ATLANTIC TURBINES TCCA 24-0078;TCCA 24-0078;01/11/2005;;;;;;;;;;;;;;;;;;;;;;;;;;;;;;;;;;;;;;;;;;;;;
BOX-10;SHELF D-4;3028145CL1;SHAFT-FIRST STAGE PLANET GEAR;1;EA;OH;N/A;ATLANTIC TURBINES TCCA 24-0078;TCCA 24-0078;01/11/2005;;;;;;;;;;;;;;;;;;;;;;;;;;;;;;;;;;;;;;;;;;;;;
BOX-10;SHELF D-4;3010674;BEARING-RLR;1;EA;AR;H3419;Covington tag;Covington tag;27/06/2006;;;;;;;;;;;;;;;;;;;;;;;;;;;;;;;;;;;;;;;;;;;;;
BOX-11;SHELF D-4;3006246;RING-EXT;1;EA;OH;N/A;TCCA 24-0078 PRATT&WHITNEY;TCCA 24-0078;07/12/2005;;;;;;;;;;;;;;;;;;;;;;;;;;;;;;;;;;;;;;;;;;;;;
BOX-11;SHELF D-4;3022340;RING HALF-MOUNTING CONTAINMENT RING;1;EA;OH;N/A;Dallas Airmotive Faa 8130 DR;FAA 8130;15/11/2005;;;;;;;;;;;;;;;;;;;;;;;;;;;;;;;;;;;;;;;;;;;;;
BOX-11;SHELF D-4;3024566;SEAT-BY PASS VALVE;1;EA;OH;N/A;TCAC 24-0078 PRATT&WHITNEY;TCCA 24-0078;22/02/2006;;;;;;;;;;;;;;;;;;;;;;;;;;;;;;;;;;;;;;;;;;;;;
BOX-11;SHELF D-4;3008146;TUBE-TRANSFER;1;EA;OH;N/A;TCCA 24-0078 PRATT&WHITNEY;TCCA 24-0078;17/02/2006;;;;;;;;;;;;;;;;;;;;;;;;;;;;;;;;;;;;;;;;;;;;;
BOX-11;SHELF D-4;3010455;LEVER FUEL CONTROL ACTUATING;1;EA;OH;N/A;TCCA 24-0078 PRATT&WHITNEY;TCCA 24-0078;22/02/2006;;;;;;;;;;;;;;;;;;;;;;;;;;;;;;;;;;;;;;;;;;;;;
BOX-11;SHELF D-4;3012178;SHAFT SCAVENGE PUMP DRIVE;1;EA;OH;N/A;TCCA 24-0078 PRATT&WHITNEY;TCCA 24-0078;22/02/2006;;;;;;;;;;;;;;;;;;;;;;;;;;;;;;;;;;;;;;;;;;;;;
BOX-11;SHELF D-4;3008145;TUBE-ACC GEARBOX BREATHER;1;EA;OH;N/A;TCCA 24-0078 PRATT&WHITNEY;TCCA 24-0078;17/02/2006;;;;;;;;;;;;;;;;;;;;;;;;;;;;;;;;;;;;;;;;;;;;;
BOX-11;SHELF D-4;3022340;RING HALF-MOUNTING CONTAINMENT RING;1;EA;OH;N/A;TCCA 24-0078 PRATT&WHITNEY;TCCA 24-0078;17/02/2006;;;;;;;;;;;;;;;;;;;;;;;;;;;;;;;;;;;;;;;;;;;;;
BOX-11;SHELF D-4;3022341;RING HALF MOUNTING CONTAINMENT;1;EA;OH;N/A;TCCA 24-0078 PRATT&WHITNEY;TCCA 24-0078;17/02/2006;;;;;;;;;;;;;;;;;;;;;;;;;;;;;;;;;;;;;;;;;;;;;
BOX-11;SHELF D-4;3006731;COUPLING - SHAFT;1;EA;OH;N/A;TCCA 24-0078 PRATT&WHITNEY;TCCA 24-0078;21/02/2006;;;;;;;;;;;;;;;;;;;;;;;;;;;;;;;;;;;;;;;;;;;;;
BOX-11;SHELF D-4;3003957;CARRIER-OIL SEAL;1;EA;OH;N/A;TCCA 24-0078 PRATT&WHITNEY;TCCA 24-0078;17/02/2006;;;;;;;;;;;;;;;;;;;;;;;;;;;;;;;;;;;;;;;;;;;;;
BOX-11;SHELF D-4;3016158;HOUSING-RELIEF VALVE;1;EA;OH;N/A;TCCA 24-0078 PRATT&WHITNEY;TCCA 24-0078;17/02/2006;;;;;;;;;;;;;;;;;;;;;;;;;;;;;;;;;;;;;;;;;;;;;
BOX-11;SHELF D-4;3024559;SEAT-CHECK VALVE;1;EA;OH;N/A;TCCA 24-0078 PRATT&WHITNEY;TCCA 24-0078;21/02/2006;;;;;;;;;;;;;;;;;;;;;;;;;;;;;;;;;;;;;;;;;;;;;
BOX-11;SHELF D-4;3005665;COUPLING GOV. DRIVE;2;EA;OH;N/A;TCCA 24-0078 PRATT&WHITNEY;TCCA 24-0078;21/02/2006;;;;;;;;;;;;;;;;;;;;;;;;;;;;;;;;;;;;;;;;;;;;;
BOX-11;SHELF D-4;3011204;TUBE-NO.3 BRG PRESS OIL;1;EA;OH;N/A;TCCA 24-0078 PRATT&WHITNEY ;TCCA 24-0078;17/02/2006;;;;;;;;;;;;;;;;;;;;;;;;;;;;;;;;;;;;;;;;;;;;;
BOX-11;SHELF D-4;3011838;COUPLING-TUBE BLKHD;1;EA;OH;N/A;TCCA 24-0078 PRATT&WHITNEY;TCCA 24-0078;22/02/2006;;;;;;;;;;;;;;;;;;;;;;;;;;;;;;;;;;;;;;;;;;;;;
BOX-11;SHELF D-4;3017299;CLEVIS-ROD END;1;EA;OH;N/A;TCCA 24-0078 PRATT&WHITNEY;TCCA 24-0078;17/02/2006;;;;;;;;;;;;;;;;;;;;;;;;;;;;;;;;;;;;;;;;;;;;;
BOX-11;SHELF D-4;3010458;ROD-INTERNALLY THDED;1;EA;OH;N/A;TCCA 24-0078 PRATT&WHITNEY;TCCA 24-0078;17/02/2006;;;;;;;;;;;;;;;;;;;;;;;;;;;;;;;;;;;;;;;;;;;;;
BOX-11;SHELF D-4;3010536;TUBE-NO.3 BRG OIL;1;EA;OH;N/A;TCCA 24-0078 PRATT&WHITNEY;TCCA 24-0078;17/02/2006;;;;;;;;;;;;;;;;;;;;;;;;;;;;;;;;;;;;;;;;;;;;;
BOX-11;SHELF D-4;3007105;TUBE TRANSFER;1;EA;OH;N/A;TCCA 24-0078 PRATT&WHITNEY;TCCA 24-0078;17/02/2006;;;;;;;;;;;;;;;;;;;;;;;;;;;;;;;;;;;;;;;;;;;;;
BOX-11;SHELF D-4;3008657;DEFLECTOR-OIL SCAVENGE PUMP;1;EA;OH;N/A;PRATT&WHITNEY - TCCA 24-0078;TCCA 24-0078;17/02/2006;;;;;;;;;;;;;;;;;;;;;;;;;;;;;;;;;;;;;;;;;;;;;
BOX-11;SHELF D-4;3018834;COUPLING POWER TURBINE SHAFT;1;EA;OH;8A802;TCCA 24-0078 PRATT&WHITNEY FEB2006 Scanned_8-28-2014_383 Page 10 ;TCCA 24-0078;;;;;;;;;;;;;;;;;;;;;;;;;;;;;;;;;;;;;;;;;;;;;;
BOX-11;SHELF D-4;3100142-01;SCREW-PLANET GEAR BOLT;5;EA;OH;N/A;TCCA 24-0078 PRATT&WHITNEY;TCCA 24-0078;17/02/2006;;;;;;;;;;;;;;;;;;;;;;;;;;;;;;;;;;;;;;;;;;;;;
BOX-11;SHELF D-4;3004085;CARRIER OIL SEAL;4;EA;OH;N/A;TCCA 24-0078 PRATT&WHITNEY ;TCCA 24-0078;17/02/2006;;;;;;;;;;;;;;;;;;;;;;;;;;;;;;;;;;;;;;;;;;;;;
BOX-11;SHELF D-4;3011291;CAM-PROPELLER CONTROL;1;EA;OH;N/A;TCCA 24-0078 PRATT&WHITNEY;TCCA 24-0078;21/02/2006;;;;;;;;;;;;;;;;;;;;;;;;;;;;;;;;;;;;;;;;;;;;;
BOX-12;SHELF D-4;3016003;SCAVENGE PUMP SPACER;4;EA;OH;N/A;STANDARD AERO LTD - TCCA 24-0078;TCCA 24-0078;11/05/2004;;;;;;;;;;;;;;;;;;;;;;;;;;;;;;;;;;;;;;;;;;;;;
BOX-12;SHELF D-4;3028393;SEAT - CHECK VALVE;1;EA;OH;N/A;ATLANTIC TURBINES TCCA 24-0078;TCCA 24-0078;01/11/2005;;;;;;;;;;;;;;;;;;;;;;;;;;;;;;;;;;;;;;;;;;;;;
BOX-12;SHELF D-4;3008179;GEARSHAFT-BEVEL;1;EA;OH;9-60-9;TEMPR TURBINES INC. - 8130;FAA 8130;15/01/2007;;;;;;;;;;;;;;;;;;;;;;;;;;;;;;;;;;;;;;;;;;;;;
BOX-12;SHELF D-4;3024920;SPRING;1;EA;OH;N/A;STANDARD AERO - TCCA 24-0078;TCCA 24-0078;11/05/2004;;;;;;;;;;;;;;;;;;;;;;;;;;;;;;;;;;;;;;;;;;;;;
BOX-12;SHELF D-4;3024560 SB3178;VALVE CHECK;1;EA;OH;N/A;STANDARD AERO - TCCA 24-0078;TCCA 24-0078;11/05/2004;;;;;;;;;;;;;;;;;;;;;;;;;;;;;;;;;;;;;;;;;;;;;
BOX-12;SHELF D-4;3029306;SEAL-AIR COMPRESSOR TURBINE ROTOR;1;EA;OH;N/A;STANDARD AERO - TCCA 24-0078;TCCA 24-0078;11/05/2004;;;;;;;;;;;;;;;;;;;;;;;;;;;;;;;;;;;;;;;;;;;;;
BOX-12;SHELF D-4;3019248;TRANSFER TUBE;1;EA;OH;N/A;STANDARD AERO - TCCA 24-0078;TCCA 24-0078;11/05/2004;;;;;;;;;;;;;;;;;;;;;;;;;;;;;;;;;;;;;;;;;;;;;
BOX-12;SHELF D-4;3113604-01;LOCK SPRING INSERT;1;EA;OH;N/A;STANDARD AERO - TCCA 24-0078;TCCA 24-0078;11/05/2004;;;;;;;;;;;;;;;;;;;;;;;;;;;;;;;;;;;;;;;;;;;;;
BOX-12;SHELF D-4;3010195;ROD;1;EA;OH;N/A;STANDARD AERO - TCCA 24-0078;TCCA 24-0078;11/05/2004;;;;;;;;;;;;;;;;;;;;;;;;;;;;;;;;;;;;;;;;;;;;;
BOX-12;SHELF D-4;3028684;RETAINING PLATE;3;EA;OH;N/A;STANDARD AERO LTD - TCCA 24-0078;TCCA 24-0078;11/05/2004;;;;;;;;;;;;;;;;;;;;;;;;;;;;;;;;;;;;;;;;;;;;;
BOX-12;SHELF D-4;3010455;LEVER FUEL CONTROL ACTUATING;1;EA;OH;N/A;STANDARD AERO - TCCA 24-0078;TCCA 24-0078;11/05/2004;;;;;;;;;;;;;;;;;;;;;;;;;;;;;;;;;;;;;;;;;;;;;
BOX-12;SHELF D-4;3019257;BALL;1;EA;OH;N/A;STANDARD AERO - TCCA 24-0078;TCCA 24-0078;11/05/2004;;;;;;;;;;;;;;;;;;;;;;;;;;;;;;;;;;;;;;;;;;;;;
BOX-12;SHELF D-4;3008145;TUBE-ACC GEARBOX BREATHER;1;EA;OH;N/A;STANDARD AERO - TCCA 24-0078;TCCA 24-0078;11/05/2004;;;;;;;;;;;;;;;;;;;;;;;;;;;;;;;;;;;;;;;;;;;;;
BOX-12;SHELF D-4;3024567;VALVE-BY PASS;1;EA;OH;N/A;STANDARD AERO - TCCA 24-0078;TCCA 24-0078;11/05/2004;;;;;;;;;;;;;;;;;;;;;;;;;;;;;;;;;;;;;;;;;;;;;
BOX-12;SHELF D-4;3011872;ELECTRICAL CONNECTOR BRACKET;1;EA;OH;N/A;STANDARD AERO - TCCA 24-0078;TCCA 24-0078;12/05/2004;;;;;;;;;;;;;;;;;;;;;;;;;;;;;;;;;;;;;;;;;;;;;
BOX-12;SHELF D-4;3003862;NUT-SPANNER COMPR BRG;1;EA;OH;N/A;STANDARD AERO - TCCA 24-0078;TCCA 24-0078;11/05/2004;;;;;;;;;;;;;;;;;;;;;;;;;;;;;;;;;;;;;;;;;;;;;
BOX-12;SHELF D-4;3019263;NUT;1;EA;OH;N/A;STANDARD AERO - TCCA 24-0078;TCCA 24-0078;11/05/2004;;;;;;;;;;;;;;;;;;;;;;;;;;;;;;;;;;;;;;;;;;;;;
BOX-12;SHELF D-4;3021693;FUEL HEATER BRACKET;1;EA;OH;N/A;STANDARD AERO - TCCA 24-0078;TCCA 24-0078;11/05/2004;;;;;;;;;;;;;;;;;;;;;;;;;;;;;;;;;;;;;;;;;;;;;
BOX-12;SHELF D-4;083859-001;BRACKET ASSY-HINGE;1;EA;FN;359284;;;;;;;;;;;;;;;;;;;;;;;;;;;;;;;;;;;;;;;;;;;;;;;;
BOX-12;SHELF D-4;3028456;GEAR SET-SUN 1ST STAGE REDUCTION;1;EA;AR;24E888;TEMPR TURBINE packing slip;TEMPR TURBINE packing slip;;;;;;;;;;;;;;;;;;;;;;;;;;;;;;;;;;;;;;;;;;;;;;
BOX-12;SHELF D-4;3016158;HOUSING-RELIEF VALVE;1;EA;OH;N/A;STANDARD AERO - TCCA 24-0078;TCCA 24-0078;11/05/2004;;;;;;;;;;;;;;;;;;;;;;;;;;;;;;;;;;;;;;;;;;;;;
BOX-12;SHELF D-4;3004005;GEAR-OIL PUMP;2;EA;OH;N/A;STANDARD AERO - TCCA 24-0078;TCCA 24-0078;11/05/2004;;;;;;;;;;;;;;;;;;;;;;;;;;;;;;;;;;;;;;;;;;;;;
BOX-12;SHELF D-4;3006505;DRAIN VALVE;2;EA;OH;56618 & 56576;COVINGTON AIRCRAFT 12/2006;COVINGTON AIRCRAFT 12/2006;06/12/2006;;;;;;;;;;;;;;;;;;;;;;;;;;;;;;;;;;;;;;;;;;;;;
BOX-12;SHELF D-4;3010455;LEVER FUEL CONTROL ACTUATING;1;EA;OH;N/A;TCCA 24-0078 PRATT&WHITNEY;TCCA 24-0078;01/11/2005;;;;;;;;;;;;;;;;;;;;;;;;;;;;;;;;;;;;;;;;;;;;;
BOX-12;SHELF D-4;3010457;PIN STRAIGHT FLAT HEAD DRD;1;EA;OH;;TCCA 24-0078 STANDARD AERO;TCCA 24-0078;11/05/2004;;;;;;;;;;;;;;;;;;;;;;;;;;;;;;;;;;;;;;;;;;;;;
BOX-12;SHELF D-4;3024037;PLATE RETAINING TUBE;1;EA;OH;N/A;STANDARD AERO Transport Canada DR;TCCA 24-0078;11/05/2004;;;;;;;;;;;;;;;;;;;;;;;;;;;;;;;;;;;;;;;;;;;;;
BOX-12;SHELF D-4;3100612-01;PRV PISTON;1;EA;OH;N/A;STANDARD AERO - TCCA 24-0078;TCCA 24-0078;11/05/2004;;;;;;;;;;;;;;;;;;;;;;;;;;;;;;;;;;;;;;;;;;;;;
BOX-12;SHELF D-4;3100611-01;PRV SPRING SEAT;1;EA;OH;N/A;STANDARD AERO - TCCA 24-0078;TCCA 24-0078;11/05/2004;;;;;;;;;;;;;;;;;;;;;;;;;;;;;;;;;;;;;;;;;;;;;
BOX-12;SHELF D-4;3019249;TRANSFER TUBE F/HEATER-OIL;1;EA;OH;N/A;STANDARD AERO - TCCA 24-0078;TCCA 24-0078;11/05/2004;;;;;;;;;;;;;;;;;;;;;;;;;;;;;;;;;;;;;;;;;;;;;
BOX-12;SHELF D-4;3019487;TERMINAL;1;EA;OH;N/A;STANDARD AERO - TCCA 24-0078;TCCA 24-0078;11/05/2004;;;;;;;;;;;;;;;;;;;;;;;;;;;;;;;;;;;;;;;;;;;;;
BOX-12;SHELF D-4;3011291;CAM-PROPELLER CONTROL;1;EA;OH;N/A;STANDARD AERO - TCCA 24-0078;TCCA 24-0078;11/05/2004;;;;;;;;;;;;;;;;;;;;;;;;;;;;;;;;;;;;;;;;;;;;;
BOX-12;SHELF D-4;3004179;CARRIER-SEAL;1;EA;OH;N/A;STANDARD AERO - TCCA 24-0078;TCCA 24-0078;11/05/2004;;;;;;;;;;;;;;;;;;;;;;;;;;;;;;;;;;;;;;;;;;;;;
BOX-12;SHELF D-4;3103830-01;OIL NOZZLE;1;EA;OH;N/A;STANDARD AERO - TCCA 24-0078;TCCA 24-0078;11/05/2004;;;;;;;;;;;;;;;;;;;;;;;;;;;;;;;;;;;;;;;;;;;;;
BOX-12;SHELF D-4;3008657;DEFLECTOR-OIL SCAVENGE PUMP;1;EA;OH;N/A;STANDARD AERO TCCA24-0078;TCCA 24-0078;11/05/2004;;;;;;;;;;;;;;;;;;;;;;;;;;;;;;;;;;;;;;;;;;;;;
BOX-12;SHELF D-4;3108388-02;WASHER, KEY;1;EA;OH;N/A;LUFTHANSA AERO;JAA FORM 1;10/04/2003;;;;;;;;;;;;;;;;;;;;;;;;;;;;;;;;;;;;;;;;;;;;;
BOX-12;SHELF D-4;AS3217-188;RING;1;EA;OH;N/A;LUFTHANSA AERO;JAA FORM 1;10/04/2003;;;;;;;;;;;;;;;;;;;;;;;;;;;;;;;;;;;;;;;;;;;;;
BOX-12;SHELF D-4;AS3226-06;TEE;1;EA;OH;N/A;LUFTHANSA AERO;JAA FORM 1;10/04/2003;;;;;;;;;;;;;;;;;;;;;;;;;;;;;;;;;;;;;;;;;;;;;
BOX-12;SHELF D-4;3010455;LEVER FUEL CONTROL ACTUATING;1;EA;OH;N/A;ATLANTIC TURBINES TCCA 24-0078;TCCA 24-0078;01/11/2005;;;;;;;;;;;;;;;;;;;;;;;;;;;;;;;;;;;;;;;;;;;;;
BOX-12;SHELF D-4;3026653;STRAINER;1;EA;OH;N/A;STANDARD AERO LTD - TCCA 24-0078;TCCA 24-0078;11/05/2004;;;;;;;;;;;;;;;;;;;;;;;;;;;;;;;;;;;;;;;;;;;;;
BOX-12;SHELF D-4;3026831;THERMOCOUPLE TRIM COVER;1;EA;OH;N/A;STANDARD AERO LTD - TCCA 24-0078;TCCA 24-0078;11/05/2004;;;;;;;;;;;;;;;;;;;;;;;;;;;;;;;;;;;;;;;;;;;;;
BOX-12;SHELF D-4;3003957;CARRIER-OIL SEAL;1;EA;OH;N/A;STANDARD AERO - TCCA 24-0078;TCCA 24-0078;11/05/2004;;;;;;;;;;;;;;;;;;;;;;;;;;;;;;;;;;;;;;;;;;;;;
BOX-12;SHELF D-4;3005665;COUPLING GOV. DRIVE;2;EA;OH;N/A;STANDARD AERO - TCCA 24-0078;TCCA 24-0078;11/05/2004;;;;;;;;;;;;;;;;;;;;;;;;;;;;;;;;;;;;;;;;;;;;;
BOX-12;SHELF D-4;3015527;SEAL-AIR COMPRESSOR TURBINE STATOR;1;EA;OH;N/A;TCCA PWC Canada Feb 2006;TCCA 24-0078;17/02/2006;;;;;;;;;;;;;;;;;;;;;;;;;;;;;;;;;;;;;;;;;;;;;
BOX-12;SHELF D-4;3008360;GEARSHAFT ASY-MAIN SCAV PUMP;1;EA;OH;N/A;STANDARD AERO TCCA24-0078;TCCA 24-0078;11/05/2004;;;;;;;;;;;;;;;;;;;;;;;;;;;;;;;;;;;;;;;;;;;;;
BOX-12;SHELF D-4;3011158;FUEL MANIFOLD LOCK PLATE;14;EA;OH;N/A;STANDARD AERO - TCCA 24-0078;TCCA 24-0078;11/05/2004;;;;;;;;;;;;;;;;;;;;;;;;;;;;;;;;;;;;;;;;;;;;;
BOX-12;SHELF D-4;3011217;SWIVEL JOINT-CASING PP CONT REAR;1;EA;OH;N/A;STANDARD AERO - TCCA 24-0078;TCCA 24-0078;11/05/2004;;;;;;;;;;;;;;;;;;;;;;;;;;;;;;;;;;;;;;;;;;;;;
BOX-12;SHELF D-4;3004029;GALLERY-MAIN OIL TRANSFER;1;EA;OH;N/A;PRATT&WHITNEY - TCCA 24-0078;TCCA 24-0078;18/05/2006;;;;;;;;;;;;;;;;;;;;;;;;;;;;;;;;;;;;;;;;;;;;;
BOX-12;SHELF D-4;3004085;CARRIER OIL SEAL;2;EA;OH;N/A;STANDARD AERO TCCA24-0078;TCCA 24-0078;11/05/2017;;;;;;;;;;;;;;;;;;;;;;;;;;;;;;;;;;;;;;;;;;;;;
BOX-12;SHELF D-4;STD3061-11;BOLT;12;EA;NE;N/A;Werner ID Tag;Werner ID Tag;02/01/2008;;;;;;;;;;;;;;;;;;;;;;;;;;;;;;;;;;;;;;;;;;;;;
BOX-12;SHELF D-4;90474-1;TRIMMER;1;EA;NE;;;;;;;;;;;;;;;;;;;;;;;;;;;;;;;;;;;;;;;;;;;;;;;;;
BOX-12;SHELF D-4;4-301-061-02;PICK UP;1;EA;SV;;;;;;;;;;;;;;;;;;;;;;;;;;;;;;;;;;;;;;;;;;;;;;;;;
BOX-12;SHELF D-4;MS21256-3;CLIP;25;EA;NE;;;;;;;;;;;;;;;;;;;;;;;;;;;;;;;;;;;;;;;;;;;;;;;;;
BOX-13;SHELF E-4;3013440;HOUSING-FUEL HEATER CHECK VALVE;1;EA;OH;N/A;PRATT&WHITNEY - TCCA 24-0078 ;TCCA 24-0078;01/11/2005;;;;;;;;;;;;;;;;;;;;;;;;;;;;;;;;;;;;;;;;;;;;;
BOX-13;SHELF E-4;3024560;VALVE-CHECK;1;EA;OH;N/A;PRATT&WHITNEY - TCCA 24-0078;TCCA 24-0078;22/02/2005;;;;;;;;;;;;;;;;;;;;;;;;;;;;;;;;;;;;;;;;;;;;;
BOX-13;SHELF E-4;3004509;NUT SPANNER;1;EA;OH;N/A;DALLAS AIRMOTIVE 8130;FAA 8130;06/11/2003;;;;;;;;;;;;;;;;;;;;;;;;;;;;;;;;;;;;;;;;;;;;;
BOX-13;SHELF E-4;3004586;WASHER-THR-1STG CARRIER;1;EA;OH;4-155-3;DALLAS AIRMOTIVE 8130;FAA 8130;06/11/2003;;;;;;;;;;;;;;;;;;;;;;;;;;;;;;;;;;;;;;;;;;;;;
BOX-13;SHELF E-4;3016003;SCAVENGE PUMP SPACER;5;EA;OH;N/A;DALLAS AIRMOTIVE 8130;FAA 8130;15/11/2005;;;;;;;;;;;;;;;;;;;;;;;;;;;;;;;;;;;;;;;;;;;;;
BOX-13;SHELF E-4;3100142-01;SCREW-PLANET GEAR BOLT;7;EA;OH;N/A;TCCA 24-0078 PRATT&WHITNEY;TCCA 24-0078;22/01/2004;;;;;;;;;;;;;;;;;;;;;;;;;;;;;;;;;;;;;;;;;;;;;
BOX-13;SHELF E-4;3004005;GEAR-OIL PUMP;2;EA;OH;N/A;TCCA 24-0078 PRATT&WHITNEY;TCCA 24-0078;27/01/2004;;;;;;;;;;;;;;;;;;;;;;;;;;;;;;;;;;;;;;;;;;;;;
BOX-13;SHELF E-4;3005665;COUPLING GOV. DRIVE;2;EA;OH;N/A;TCCA 24-0078 PRATT&WHITNEY;TCCA 24-0078;28/01/2004;;;;;;;;;;;;;;;;;;;;;;;;;;;;;;;;;;;;;;;;;;;;;
BOX-13;SHELF E-4;3035567;SEAL-AIR,CPRSR TURB STATOR,ASSY OF;1;EA;OH;PWC04M257;TCCA 24-0078 PRATT&WHITNEY;TCCA 24-0078;10/02/2004;;;;;;;;;;;;;;;;;;;;;;;;;;;;;;;;;;;;;;;;;;;;;
BOX-13;SHELF E-4;3013305;ADAPTER-OIL TANK;1;EA;OH;71;TCCA 24-0078 PRATT&WHITNEY;TCCA 24-0078;01/11/2005;;;;;;;;;;;;;;;;;;;;;;;;;;;;;;;;;;;;;;;;;;;;;
BOX-13;SHELF E-4;3020936;DIPSTICK OIL TANK;1;EA;OH;N/A;STANDARD AERO - TCCA 24-0078;TCCA 24-0078;11/05/2004;;;;;;;;;;;;;;;;;;;;;;;;;;;;;;;;;;;;;;;;;;;;;
BOX-13;SHELF E-4;3021779;TUBE-NO.3+NO.4 BRG SCAV;1;EA;OH;N/A;TCCA 24-0078 PRATT&WHITNEY;TCCA 24-0078;26/01/2004;;;;;;;;;;;;;;;;;;;;;;;;;;;;;;;;;;;;;;;;;;;;;
BOX-13;SHELF E-4;3101826-01;SHAFT-PLANET GEAR;4;EA;OH;N/A;TCCA 24-0078 PRATT&WHITNEY;TCCA 24-0078;28/01/2004;;;;;;;;;;;;;;;;;;;;;;;;;;;;;;;;;;;;;;;;;;;;;
BOX-13;SHELF E-4;3033497;RING HALF-SPACER;2;EA;OH;N/A;TCCA 24-0078 PRATT&WHITNEY;TCCA 24-0078;27/01/2004;;;;;;;;;;;;;;;;;;;;;;;;;;;;;;;;;;;;;;;;;;;;;
BOX-13;SHELF E-4;3021579;TRANSFER TUBE ASSY-XFR PACKING;1;EA;OH;N/A;TCCA 24-0078 PRATT&WHITNEY;TCCA 24-0078;27/01/2004;;;;;;;;;;;;;;;;;;;;;;;;;;;;;;;;;;;;;;;;;;;;;
BOX-13;SHELF E-4;3010536;TUBE-NO.3 BRG OIL;1;EA;OH;N/A;TCCA 24-0078 PRATT&WHITNEY;TCCA 24-0078;18/05/2006;;;;;;;;;;;;;;;;;;;;;;;;;;;;;;;;;;;;;;;;;;;;;
BOX-13;SHELF E-4;3008778;COUPLING-SCAVENGE PUMP DRIVE;1;EA;OH;N/A;TCCA 24-0078 PRATT&WHITNEY;TCCA 24-0078;28/01/2004;;;;;;;;;;;;;;;;;;;;;;;;;;;;;;;;;;;;;;;;;;;;;
BOX-13;SHELF E-4;3012417;ADJUSTER EXTERNAL THREAD;1;EA;OH;N/A;STANDARD AERO - TCCA 24-0078;TCCA 24-0078;11/05/2004;;;;;;;;;;;;;;;;;;;;;;;;;;;;;;;;;;;;;;;;;;;;;
BOX-13;SHELF E-4;3006731;COUPLING - SHAFT;1;EA;OH;N/A;TCCA 24-0078 PRATT&WHITNEY;TCCA 24-0078;01/11/2005;;;;;;;;;;;;;;;;;;;;;;;;;;;;;;;;;;;;;;;;;;;;;
BOX-13;SHELF E-4;3003973;TUBE TRANSFER .715X.855;1;EA;OH;N/A;PRATT&WHITNEY - TCCA 24-0078;TCCA 24-0078;01/11/2005;;;;;;;;;;;;;;;;;;;;;;;;;;;;;;;;;;;;;;;;;;;;;
BOX-13;SHELF E-4;3013146;ADAPTER-PROP SHAFT OIL TRANS TUBE;1;EA;OH;N/A;TCCA 24-0078 PRATT&WHITNEY;TCCA 24-0078;18/05/2006;;;;;;;;;;;;;;;;;;;;;;;;;;;;;;;;;;;;;;;;;;;;;
BOX-13;SHELF E-4;3004179;CARRIER-SEAL;1;EA;OH;N/A;PRATT&WHITNEY - TCCA 24-0078;TCCA 24-0078;01/11/2005;;;;;;;;;;;;;;;;;;;;;;;;;;;;;;;;;;;;;;;;;;;;;
BOX-13;SHELF E-4;3003957;CARRIER-OIL SEAL;1;EA;OH;N/A;PRATT&WHITNEY - TCCA 24-0078;TCCA 24-0078;18/05/2006;;;;;;;;;;;;;;;;;;;;;;;;;;;;;;;;;;;;;;;;;;;;;
BOX-13;SHELF E-4;3004586;WASHER-THR-1STG CARRIER;1;EA;OH;N/A;PRATT&WHITNEY - TCCA 24-0078;TCCA 24-0078;18/05/2006;;;;;;;;;;;;;;;;;;;;;;;;;;;;;;;;;;;;;;;;;;;;;
BOX-13;SHELF E-4;3004121;CARRIER - OIL SEAL 1.125 I.D.;1;EA;OH;N/A;PRATT&WHITNEY - TCCA 24-0078;TCCA 24-0078;01/11/2005;;;;;;;;;;;;;;;;;;;;;;;;;;;;;;;;;;;;;;;;;;;;;
BOX-13;SHELF E-4;3010458;ROD-INTERNALLY THDED;1;EA;OH;N/A;TCCA 24-0078 PRATT&WHITNEY;TCCA 24-0078;01/11/2005;;;;;;;;;;;;;;;;;;;;;;;;;;;;;;;;;;;;;;;;;;;;;
BOX-13;SHELF E-4;3019295;TUBE-INSULTD APRES;1;EA;OH;N/A;ATLANTIC TURBINES TCCA 24-0078;TCCA 24-0078;01/11/2005;;;;;;;;;;;;;;;;;;;;;;;;;;;;;;;;;;;;;;;;;;;;;
BOX-13;SHELF E-4;3004086;TUBE-TRANSFER .715X1.115;1;EA;OH;N/A;PRATT&WHITNEY - TCCA 24-0078;TCCA 24-0078;01/11/2005;;;;;;;;;;;;;;;;;;;;;;;;;;;;;;;;;;;;;;;;;;;;;
BOX-13;SHELF E-4;3004117;SHAFTGEAR MAIN SCAVENGE PUMP;1;EA;OH;N/A;TCCA 24-0078 PRATT&WHITNEY;TCCA 24-0078;26/01/2004;;;;;;;;;;;;;;;;;;;;;;;;;;;;;;;;;;;;;;;;;;;;;
BOX-13;SHELF E-4;3006246;RING-EXT;1;EA;OH;N/A;TCCA 24-0078 PRATT&WHITNEY;TCCA 24-0078;23/01/2004;;;;;;;;;;;;;;;;;;;;;;;;;;;;;;;;;;;;;;;;;;;;;
BOX-13;SHELF E-4;3013306;TRAY-OIL DE-AERATOR;1;EA;OH;N/A;PRATT&WHITNEY - TCCA 24-0078 ;TCCA 24-0078;01/11/2005;;;;;;;;;;;;;;;;;;;;;;;;;;;;;;;;;;;;;;;;;;;;;
BOX-13;SHELF E-4;3018834;COUPLING POWER TURBINE SHAFT;1;EA;OH;3A383;TCCA 24-0078 PRATT&WHITNEY ;TCCA 24-0078;18/05/2006;;;;;;;;;;;;;;;;;;;;;;;;;;;;;;;;;;;;;;;;;;;;;
BOX-13;SHELF E-4;3003526;TUBE-TRANSFER 973X3.400;1;EA;OH;N/A;PRATT&WHITNEY - TCCA 24-0078;TCCA 24-0078;01/11/2005;;;;;;;;;;;;;;;;;;;;;;;;;;;;;;;;;;;;;;;;;;;;;
BOX-13;SHELF E-4;3024566;SEAT-BY PASS VALVE;1;EA;OH;N/A;PRATT&WHITNEY - TCCA 24-0078;TCCA 24-0078;01/11/2005;;;;;;;;;;;;;;;;;;;;;;;;;;;;;;;;;;;;;;;;;;;;;
BOX-13;SHELF E-4;3008785;GEAR-SPUR;2;EA;OH;N/A;TCCA 24-0078 PRATT&WHITNEY;TCCA 24-0078;26/01/2004;;;;;;;;;;;;;;;;;;;;;;;;;;;;;;;;;;;;;;;;;;;;;
BOX-13;SHELF E-4;3005665;COUPLING GOV. DRIVE;2;EA;OH;N/A;PRATT&WHITNEY - TCCA 24-0078;TCCA 24-0078;18/05/2006;;;;;;;;;;;;;;;;;;;;;;;;;;;;;;;;;;;;;;;;;;;;;
;SHELF  G-2;3028255;WASHER;1;EA;RP;5A511;DALLAS AIRMOTIVE;DALLAS AIRMOTIVE;07/11/2005;;;;;;;;;;;;;;;;;;;;;;;;;;;;;;;;;;;;;;;;;;;;;
;SHELF  G-2;3011843;HEATED AIR TUBE;1;EA;RP;N/A;Dallas Airmotive Reparable Tag;REPAIRABLE TAG;18/11/2005;;;;;;;;;;;;;;;;;;;;;;;;;;;;;;;;;;;;;;;;;;;;;
;SHELF  G-2;3013217;TUBE-SCAVENGE OIL TRANSFER;2;EA;RP;N/A;DALLAS AIRMOTIVE;DALLAS AIRMOTIVE;22/11/2005;;;;;;;;;;;;;;;;;;;;;;;;;;;;;;;;;;;;;;;;;;;;;
;SHELF  G-2;3014019;SEAL AIR COMPRESSOR REAR STATOR;1;EA;AR;AM438;Vector Aerospace As Removed;AR TAG;08/11/2002;;;;;;;;;;;;;;;;;;;;;;;;;;;;;;;;;;;;;;;;;;;;;
;SHELF  G-2;3004517;BEARING - HOUSING OUTER;1;EA;RP;PWC04M30;PRATT&WHITNEY;PRATT&WHITNEY;29/01/2004;;;;;;;;;;;;;;;;;;;;;;;;;;;;;;;;;;;;;;;;;;;;;
;SHELF  G-2;3012177;SHAFT COUPLING SCAV. PUMP;1;EA;AR;N/A;DALLAS AIRMOTIVE CONDEMED TAG;CONDEMN TAG;23/09/2005;;;;;;;;;;;;;;;;;;;;;;;;;;;;;;;;;;;;;;;;;;;;;
;SHELF  G-2;3022339;RING-CONTAINMENT;1;EA;RP;33086 OR 3B086;WERNER RP TAG;REPAIRABLE TAG;08/03/2010;;;;;;;;;;;;;;;;;;;;;;;;;;;;;;;;;;;;;;;;;;;;;
;SHELF  G-2;3013132;CARRIER-SECOND STAGE REDUCTION;1;EA;RP;38D555;Dallas Airmotive Reparable Tag;REPAIRABLE TAG;20/09/2005;;;;;;;;;;;;;;;;;;;;;;;;;;;;;;;;;;;;;;;;;;;;;
;SHELF  G-3;3003999;SHAFT-PROPELLER;1;EA;RP;4810;RAPPORT DE PRATT - REPARABLE;REPAIRABLE TAG;;;;;;;;;;;;;;;;;;;;;;;;;;;;;;;;;;;;;;;;;;;;;;
;SHELF  G-3;3103701-01;CT BLADE;24;EA;AS;;Fichier 20141028184910719 Page 7 ;;;;;;;;;;;;;;;;;;;;;;;;;;;;;;;;;;;;;;;;;;;;;;;
;SHELF  G-3;3103701-01;CT BLADE;44;EA;AS;;Fichier 20141028184910719page 7;;;;;;;;;;;;;;;;;;;;;;;;;;;;;;;;;;;;;;;;;;;;;;;
;SHELF  G-3;3023797;SHROUD-POWER TURBINE;1;EA;AI;N/A;CONDEMN TAG;CONDEMN TAG;31/08/2006;;;;;;;;;;;;;;;;;;;;;;;;;;;;;;;;;;;;;;;;;;;;;
;SHELF  G-3;3029123;DUCT-COMB CHAMB EXIT SMALL;1;EA;RP;PWC88D367;Covington rep Tag;REPAIRABLE TAG;18/10/2006;;;;;;;;;;;;;;;;;;;;;;;;;;;;;;;;;;;;;;;;;;;;;
;SHELF  G-3;3020031;RING-MTG TOP REAR FIRESEAL;1;EA;RP;N/A;PRATT&WHITNEY RP TAG;REPAIRABLE TAG;15/02/2006;;;;;;;;;;;;;;;;;;;;;;;;;;;;;;;;;;;;;;;;;;;;;
;SHELF  G-3;3028282;HOUSING ASY REDN GBOX REAR;1;EA;RP;39001;Werner ID;;;;;;;;;;;;;;;;;;;;;;;;;;;;;;;;;;;;;;;;;;;;;;;
;SHELF  G-4;3107063-01;COMPRESSOR-ASYO STATOR;1;EA;AR;N/A;PRATT&WHITNEY Unserviceable Tag;UNSV TAG;;;;;;;;;;;;;;;;;;;;;;;;;;;;;;;;;;;;;;;;;;;;;;
;SHELF  G-4;3024711;DISK TURBINE COMPRESSOR;1;EA;RP;6D387;STANDARD AERO;STANDARD AERO;26/04/2004;;;;;;;;;;;;;;;;;;;;;;;;;;;;;;;;;;;;;;;;;;;;;
;SHELF  G-4;3017463;IMPELLER-CENTRIFUGAL;1;EA;AI;5A361;UNSERVICEABLE TAG;UNSV TAG;;;;;;;;;;;;;;;;;;;;;;;;;;;;;;;;;;;;;;;;;;;;;;
;SHELF  G-4;3110741-02;RING-RETAINING COMPR.TURB.SHROUD;1;EA;RP;N/A;REPAIRABLE TAG;REPAIRABLE TAG;;;;;;;;;;;;;;;;;;;;;;;;;;;;;;;;;;;;;;;;;;;;;;
;SHELF  G-4;3022153;VANE RING-TURB;1;EA;RP;AW5970;Repairable Tag ;REPAIRABLE TAG;;;;;;;;;;;;;;;;;;;;;;;;;;;;;;;;;;;;;;;;;;;;;;
;SHELF  H-1;3011861;TUBE-FUEL PRESS SECOND ASYO;1;EA;AR;;Dallas Airmotive Condemn Tag;CONDEMN TAG;;;;;;;;;;;;;;;;;;;;;;;;;;;;;;;;;;;;;;;;;;;;;;
;SHELF  H-1;3018014;EXHAUST DUCT;1;EA;AR;3388;Atech Trace;Atech Trace;;;;;;;;;;;;;;;;;;;;;;;;;;;;;;;;;;;;;;;;;;;;;;
;SHELF  H-1;3040248;HOUSING ASSY-ACCESSORY GEARBOX;1;EA;RP;PWC92M223;Reparable ;REPAIRABLE TAG;;;;;;;;;;;;;;;;;;;;;;;;;;;;;;;;;;;;;;;;;;;;;;
;SHELF  H-1;3013045;CASE ASSY-COMPRESSOR INLET;1;EA;RP;8776;Reparable;REPAIRABLE TAG;;;;;;;;;;;;;;;;;;;;;;;;;;;;;;;;;;;;;;;;;;;;;;
;SHELF  H-2;3028266;HOUSING ASSY-PROP RED GBOX,FRONT;1;EA;RP;SK699;Dallas Airmotive Reparable Tag;REPAIRABLE TAG;;;;;;;;;;;;;;;;;;;;;;;;;;;;;;;;;;;;;;;;;;;;;;
;SHELF  H-2;3013132;CARRIER-SECOND STAGE REDUCTION;1;EA;RP;2K027;Dallas Airmotive Reparable Tag;REPAIRABLE TAG;;;;;;;;;;;;;;;;;;;;;;;;;;;;;;;;;;;;;;;;;;;;;;
;SHELF  H-2;3107453-01;HSGPTSHY;1;EA;RP;CPWA-Z283;Dallas Airmotive Reparable Tag;REPAIRABLE TAG;;;;;;;;;;;;;;;;;;;;;;;;;;;;;;;;;;;;;;;;;;;;;;
;SHELF  H-2;3028396;DIAPHRAGM ASSY-ACCESSORY GEARBOX;1;EA;RP;SS5428F;STANDARD AERO;STANDARD AERO;26/04/2004;;;;;;;;;;;;;;;;;;;;;;;;;;;;;;;;;;;;;;;;;;;;;
;SHELF  H-2;3112941-01;HOUSING ASYO-POWER TURBINE STATOR;1;EA;RP;BBCD9683;PWC Reparaible TAG ;REPAIRABLE TAG;;;;;;;;;;;;;;;;;;;;;;;;;;;;;;;;;;;;;;;;;;;;;;
;SHELF  H-2;3027977;CARRIER-SECOND STAGE REDUCTION;1;EA;RP;PWC05M1049;REPAIRABLE TAG;REPAIRABLE TAG;;;;;;;;;;;;;;;;;;;;;;;;;;;;;;;;;;;;;;;;;;;;;;
;SHELF  H-2;3032716;CYLINDER-TORQUEMETER;1;EA;RP;PWC94L1889;REPAIRABLE TAG;REPAIRABLE TAG;;;;;;;;;;;;;;;;;;;;;;;;;;;;;;;;;;;;;;;;;;;;;;
;SHELF  H-2;3024494;CARRIER SET-SECOND STAGE REDUCTION;1;EA;RP;49C061;REPAIRABLE TAG;REPAIRABLE TAG;;;;;;;;;;;;;;;;;;;;;;;;;;;;;;;;;;;;;;;;;;;;;;
;SHELF  H-3;3016923;SLEEVE-HOUSING PROP OIL TRANSFER;1;EA;AR;5296;AR Fichier 102586 Page 75;AR Fichier 102586 Page 75;;;;;;;;;;;;;;;;;;;;;;;;;;;;;;;;;;;;;;;;;;;;;;
;SHELF  H-3;3112496-01;SCREEN-AIR INLET;1;EA;AR;;VECTOR AEROSPACE;VECTOR AEROSPACE;08/11/2002;;;;;;;;;;;;;;;;;;;;;;;;;;;;;;;;;;;;;;;;;;;;;
;SHELF  H-3;3011361;HOUSING ASSY-SCAVENGE PUMP;1;EA;AR;PWC06M218;VECTOR AEROSPACE TCCA;VECTOR AEROSPACE TCCA;29/11/2008;;;;;;;;;;;;;;;;;;;;;;;;;;;;;;;;;;;;;;;;;;;;;
;SHELF  H-3;3013132;CARRIER-SECOND STAGE REDUCTION;1;EA;AR;7D784;AR Fichier 102586 Page 81;AR TAG;;;;;;;;;;;;;;;;;;;;;;;;;;;;;;;;;;;;;;;;;;;;;;
;SHELF  H-3;3024673;COVER ASSY-PROPELLER THRUST BEARING;1;EA;AR;PWC06M217;AR VECTOR AEROPACE TAG;AR TAG;29/11/2008;;;;;;;;;;;;;;;;;;;;;;;;;;;;;;;;;;;;;;;;;;;;;
;SHELF  H-3;3021182;HOUSING-IMPELLER;1;EA;AR;234;AR Fichier 102586 Page 71;AR TAG;;;;;;;;;;;;;;;;;;;;;;;;;;;;;;;;;;;;;;;;;;;;;;
;SHELF  H-3;3021769;HOUSING-POWER TURBINE SHAFT;1;EA;RP;N/A;REPAIRABLE TAG;REPAIRABLE TAG;;;;;;;;;;;;;;;;;;;;;;;;;;;;;;;;;;;;;;;;;;;;;;
;SHELF  H-3;3021769;HOUSING-POWER TURBINE SHAFT;1;EA;AR;0166;AR Condition;AR TAG;;;;;;;;;;;;;;;;;;;;;;;;;;;;;;;;;;;;;;;;;;;;;;
;SHELF  H-3;3008012CL11;GEAR-PLANET SECOND STAGE REDUCTION;5;EA;RP;3A412 & PWC05M1048 & 2A923 & 4-374A & 3A220;;;30/11/2005;;;;;;;;;;;;;;;;;;;;;;;;;;;;;;;;;;;;;;;;;;;;;
;SHELF  H-3;CH53399-07;CABLE ASSY-IGN  EXCITER TO IGNITER;1;EA;RP;N/A;WERNER ID TAG;WERNER ID TAG;;;;;;;;;;;;;;;;;;;;;;;;;;;;;;;;;;;;;;;;;;;;;;
;SHELF  H-3;3021338;SEAT;1;EA;AR;N/A;Dallas Airmotive Condemn Tag;Dallas Airmotive Condemn Tag;;;;;;;;;;;;;;;;;;;;;;;;;;;;;;;;;;;;;;;;;;;;;;
;SHELF  H-3;3004116;COVER ASSY- MAIN SCAVENGE PUMP;1;EA;RP;N/A;REPAIRABLE TAG;REPAIRABLE TAG;;;;;;;;;;;;;;;;;;;;;;;;;;;;;;;;;;;;;;;;;;;;;;
;SHELF  H-3;3007219;PLUG SCAVENGE OIL STRAINER;1;EA;RP;N/A;REPAIRABLE TAG;REPAIRABLE TAG;;;;;;;;;;;;;;;;;;;;;;;;;;;;;;;;;;;;;;;;;;;;;;
;SHELF  H-3;3018399;SPACER-COMPRESSOR DISC;1;EA;RP;PWC91D14102;REPAIRABLE TAG;REPAIRABLE TAG;;;;;;;;;;;;;;;;;;;;;;;;;;;;;;;;;;;;;;;;;;;;;;
;SHELF  H-3;3007102;ELBOW SCAVENGE OIL TRANS FR.;1;EA;AR;N/A;Dallas Airmotive Condemn Tag ;Dallas Airmotive Condemn Tag ;06/11/2005;;;;;;;;;;;;;;;;;;;;;;;;;;;;;;;;;;;;;;;;;;;;;
;SHELF  H-3;10-390667-1;PLUG IGNITER;1;EA;AR;NN01076887;Werner ID;Werner ID;;;;;;;;;;;;;;;;;;;;;;;;;;;;;;;;;;;;;;;;;;;;;;
;SHELF  H-3;3107970-01;HOUSING ASSY-COMPRESSOR AIR FILTER;1;EA;RP;CPWA-2189;Werner ID Tag;Werner ID Tag;;;;;;;;;;;;;;;;;;;;;;;;;;;;;;;;;;;;;;;;;;;;;;
;SHELF  H-3;3008786;SHAFT-SCAVENGE PUMP DRIVE;1;EA;RP;N/A;REPAIRABLE TAG;REPAIRABLE TAG;30/11/2005;;;;;;;;;;;;;;;;;;;;;;;;;;;;;;;;;;;;;;;;;;;;;
;SHELF  H-3;3017477;NUT-PLAIN ROUND;1;EA;RP;N/A;Repairable Tag ;REPAIRABLE TAG;;;;;;;;;;;;;;;;;;;;;;;;;;;;;;;;;;;;;;;;;;;;;;
;SHELF  H-3;3009911;COVER-PACKING;1;EA;RP;N/A;Repairable Tag;REPAIRABLE TAG;;;;;;;;;;;;;;;;;;;;;;;;;;;;;;;;;;;;;;;;;;;;;;
;SHELF  H-3;3019247;ELBOW-SCAVENGE OIL TRANSFER FRONT;1;EA;RP;N/A;REPAIRABLE TAG;REPAIRABLE TAG;29/11/2005;;;;;;;;;;;;;;;;;;;;;;;;;;;;;;;;;;;;;;;;;;;;;
;SHELF  H-3;3018398;SPACER-COMPRESSOR DISC;1;EA;RP;PWC91D14100;REPAIRABLE TAG;REPAIRABLE TAG;;;;;;;;;;;;;;;;;;;;;;;;;;;;;;;;;;;;;;;;;;;;;;
;SHELF  H-3;3004115;MAIN SCAVENGE COVER;1;EA;RP;N/A;RP TAG;REPAIRABLE TAG;05/11/2003;;;;;;;;;;;;;;;;;;;;;;;;;;;;;;;;;;;;;;;;;;;;;
;SHELF  H-3;3012124;HOUSING ASY MAIN SCAV PUMP IN;1;EA;RP;38-3-79;PWC RP TAG;REPAIRABLE TAG;29/11/2005;;;;;;;;;;;;;;;;;;;;;;;;;;;;;;;;;;;;;;;;;;;;;
;SHELF  H-3;3008360;GEARSHAFT ASY-MAIN SCAV PUMP;1;EA;RP;N/A;PWC REPAIRABLE TAG;REPAIRABLE TAG;30/11/2005;;;;;;;;;;;;;;;;;;;;;;;;;;;;;;;;;;;;;;;;;;;;;
;SHELF  H-3;3006960;BODY ASSY-MAIN SCAV PMP OUTER;1;EA;RP;31-2-79;PWC REPAIRABLE TAG;REPAIRABLE TAG;29/11/2005;;;;;;;;;;;;;;;;;;;;;;;;;;;;;;;;;;;;;;;;;;;;;
;SHELF  H-3;3019246;ELBOW-PRESSURE OIL TRANSFER FRONT;1;EA;RP;N/A;PWC REPAIRABLE TAG;REPAIRABLE TAG;29/11/2005;;;;;;;;;;;;;;;;;;;;;;;;;;;;;;;;;;;;;;;;;;;;;
;SHELF  H-3;3029305;SEAL-AIR COMPRESSOR TURBINE;1;EA;RP;N/A;PWC REPAIRABLE TAG;REPAIRABLE TAG;29/11/2005;;;;;;;;;;;;;;;;;;;;;;;;;;;;;;;;;;;;;;;;;;;;;
;SHELF  H-3;3024669;RING-RETAINING PROPELLER SHAFT OIL;1;EA;RP;N/A;PWC REPAIRABLE TAG;REPAIRABLE TAG;29/11/2005;;;;;;;;;;;;;;;;;;;;;;;;;;;;;;;;;;;;;;;;;;;;;
;SHELF  H-3;3028393;SEAT - CHECK VALVE;1;EA;RP;N/A;PWC REPAIRABLE TAG;REPAIRABLE TAG;30/11/2005;;;;;;;;;;;;;;;;;;;;;;;;;;;;;;;;;;;;;;;;;;;;;
;SHELF  H-3;3018869;CYLINDER-TORQUEMETER;1;EA;RP;N/A;PWC REPAIRABLE TAG;REPAIRABLE TAG;30/11/2005;;;;;;;;;;;;;;;;;;;;;;;;;;;;;;;;;;;;;;;;;;;;;
;SHELF  H-3;3024287;HOUSING-SCAVENGE PUMP;1;EA;RP;PWC91D14110;COVINGTON RP TAG;REPAIRABLE TAG;31/08/2006;;;;;;;;;;;;;;;;;;;;;;;;;;;;;;;;;;;;;;;;;;;;;
;SHELF  H-3;3101636-01;BRG, HYDRAULIC DRIVE;1;EA;AR;26A508;COVINGTON CONDEMN PART;CONDEMN TAG;27/06/2006;;;;;;;;;;;;;;;;;;;;;;;;;;;;;;;;;;;;;;;;;;;;;
;SHELF  H-3;3112117-02;BEARIING;1;EA;AR;FC48286;COVINGTON CONDEMN PART;CONDEMN TAG;27/06/2006;;;;;;;;;;;;;;;;;;;;;;;;;;;;;;;;;;;;;;;;;;;;;
;SHELF  H-3;3101636-01;BRG, HYDRAULIC DRIVE;1;EA;AR;26A426;COVINGTON CONDEMN PART;CONDEMN TAG;27/06/2006;;;;;;;;;;;;;;;;;;;;;;;;;;;;;;;;;;;;;;;;;;;;;
;SHELF  H-3;3101636-01;BRG, HYDRAULIC DRIVE;1;EA;AR;26A519;COVINGTON CONDEMN PART;CONDEMN TAG;27/06/2006;;;;;;;;;;;;;;;;;;;;;;;;;;;;;;;;;;;;;;;;;;;;;
;SHELF  H-3;3031639;COUPLING-POWER TURBINE SHAFT;1;EA;AR;1A792;COVINGTON CONDEMN PART;CONDEMN TAG;31/08/2006;;;;;;;;;;;;;;;;;;;;;;;;;;;;;;;;;;;;;;;;;;;;;
;SHELF  H-3;3008784;GEAR-SPUR;2;EA;AR;N/A;PRATT&WHITNEY UNSERV;UNSV TAG;30/11/2005;;;;;;;;;;;;;;;;;;;;;;;;;;;;;;;;;;;;;;;;;;;;;
;SHELF  H-3;3031396;PIN-FIRST STAGE PLANET GEAR;1;EA;AR;N/A;PRATT & WHITNEY UNSERV;UNSV TAG;30/11/2005;;;;;;;;;;;;;;;;;;;;;;;;;;;;;;;;;;;;;;;;;;;;;
;SHELF  H-3;3111230-01;RUNNER-PROPELLER SHAFT OIL SEAL;1;EA;AR;N/A;PRATT & WHITNEY UNSERV;UNSV TAG;30/11/2005;;;;;;;;;;;;;;;;;;;;;;;;;;;;;;;;;;;;;;;;;;;;;
;SHELF  H-3;3023683;SEAL AIR TURBINE INTERSTAGE ROTOR;1;EA;AR;N/A;PRATT & WHITNEY UNSERV;UNSV TAG;29/11/2005;;;;;;;;;;;;;;;;;;;;;;;;;;;;;;;;;;;;;;;;;;;;;
;SHELF  H-4;3022378;CARRIER-1ST.STAGE RDCN;1;EA;OH;PA5411;TCCA 24-0078 PRATT&WHITNEY;TCCA 24-0078;27/11/2004;;;;;;;;;;;;;;;;;;;;;;;;;;;;;;;;;;;;;;;;;;;;;
;SHELF  H-4;3020822;CASE ASSY-COMPRESSOR INLET;1;EA;RP;P324;RP TAG;REPAIRABLE TAG;29/11/2005;;;;;;;;;;;;;;;;;;;;;;;;;;;;;;;;;;;;;;;;;;;;;
;SHELF  I-1;3102514-01;LINER COMB.CHAMBER INNER ASYO;1;EA;RP;PWC88D12952;RP TAG;REPAIRABLE TAG;;;;;;;;;;;;;;;;;;;;;;;;;;;;;;;;;;;;;;;;;;;;;;
;SHELF  I-2;3028396;DIAPHRAGM ASSY-ACCESSORY GEARBOX;1;EA;RP;PWC91D14112;RP Tag ;REPAIRABLE TAG;;;;;;;;;;;;;;;;;;;;;;;;;;;;;;;;;;;;;;;;;;;;;;
;SHELF  I-2;3107453-01;HSGPTSHY;1;EA;RP;17233;Dallas Airmotive Reparable Tag;REPAIRABLE TAG;;;;;;;;;;;;;;;;;;;;;;;;;;;;;;;;;;;;;;;;;;;;;;
;SHELF  I-2;3021182;HOUSING-IMPELLER;1;EA;RP;CPWA-7258;Dallas Airmotive Reparable Tag;REPAIRABLE TAG;;;;;;;;;;;;;;;;;;;;;;;;;;;;;;;;;;;;;;;;;;;;;;
;SHELF  I-2;3003999;SHAFT-PROPELLER;1;EA;RP;3904;REPAIRABLE;REPAIRABLE TAG;;;;;;;;;;;;;;;;;;;;;;;;;;;;;;;;;;;;;;;;;;;;;;
;SHELF  I-2;3109595-01;RING Y;1;EA;AR;N/A;Dallas Airmotive Condemn Tag;CONDEMN TAG;November 2005;;;;;;;;;;;;;;;;;;;;;;;;;;;;;;;;;;;;;;;;;;;;;
;SHELF  I-2;3107324-01;HOUSING ASSY-SCAVENGE PUMP;1;EA;RP;PWC96L5243;;;;;;;;;;;;;;;;;;;;;;;;;;;;;;;;;;;;;;;;;;;;;;;;
;SHELF  I-2;3021303;HOUSING-BLEED VALVE EXHAUST;1;EA;RP;11-56-7;RP TAG;REPAIRABLE TAG;29/11/2005;;;;;;;;;;;;;;;;;;;;;;;;;;;;;;;;;;;;;;;;;;;;;
;SHELF  I-2;3117010-01;VALVE ASSY-COMPRESSOR BLEED;1;EA;RP;5W820;RP TAG;REPAIRABLE TAG;;;;;;;;;;;;;;;;;;;;;;;;;;;;;;;;;;;;;;;;;;;;;;
;SHELF  I-2;3027630;HOUSING-BLEED VALVE EXHAUST;1;EA;RP;N/A;PWC REPAIRABLE TAG;REPAIRABLE TAG;29/11/2005;;;;;;;;;;;;;;;;;;;;;;;;;;;;;;;;;;;;;;;;;;;;;
;SHELF  I-3;3007184;CASE ASSY-PROP RDCN GRBX FRONT;1;EA;AR;A3572;AR TAG VECTOR;AR TAG;29/08/2011;;;;;;;;;;;;;;;;;;;;;;;;;;;;;;;;;;;;;;;;;;;;;
;SHELF  I-3;3029022;HOUSING ASSY-PROP.REDN.GBOX;1;EA;RP;4A323;RP Tag ;REPAIRABLE TAG;26/04/2004;;;;;;;;;;;;;;;;;;;;;;;;;;;;;;;;;;;;;;;;;;;;;
;SHELF  I-3;3003999;SHAFT-PROPELLER;1;EA;RP;82112;repairable Tag;REPAIRABLE TAG;;;;;;;;;;;;;;;;;;;;;;;;;;;;;;;;;;;;;;;;;;;;;;
;SHELF  I-4;3103556-02;HOUSING ASSY-PROP.REDUCTION GEARBOX;1;EA;RP;3E825;;;;;;;;;;;;;;;;;;;;;;;;;;;;;;;;;;;;;;;;;;;;;;;;
;SHELF  J-4;80-0689-4-3;?;1;EA;?;266;?;?;?;;;;;;;;;;;;;;;;;;;;;;;;;;;;;;;;;;;;;;;;;;;;;
;SHELF  J-4;3013145;TUBE-PROP.SHAFT OIL TRANSFER;1;EA;RP;N/A;PWC RP TAG;REPAIRABLE TAG;16/05/2006;;;;;;;;;;;;;;;;;;;;;;;;;;;;;;;;;;;;;;;;;;;;;
;SHELF  J-4;3105162-01;BRACKET-IGNITION EXCITER,ASSY OF;1;EA;AR;N/A;VECTOR AR TAG;AR TAG;08/11/2002;;;;;;;;;;;;;;;;;;;;;;;;;;;;;;;;;;;;;;;;;;;;;
;SHELF  J-4;3008806;COVER ASSY - MAIN PRESSURE PUMP;1;EA;AR;PWC05M1028;VECTOR AEROSPACE AR TAG;AR TAG;08/11/2002;;;;;;;;;;;;;;;;;;;;;;;;;;;;;;;;;;;;;;;;;;;;;
;SHELF  J-4;3016058;COVER NO.2 BEARING HOUSING;1;EA;RP;2584;PWC RP TAG;REPAIRABLE TAG;26/10/2005;;;;;;;;;;;;;;;;;;;;;;;;;;;;;;;;;;;;;;;;;;;;;
;SHELF  J-4;3012057;PLATE-LOCK CPRSR TURB VANE RING;1;EA;AR;N/A;VECTOR AR TAG;AR TAG;08/11/2002;;;;;;;;;;;;;;;;;;;;;;;;;;;;;;;;;;;;;;;;;;;;;
;SHELF  J-4;3011361;HOUSING ASSY-SCAVENGE PUMP;1;EA;RP;N/A;PWC RP TAG;REPAIRABLE TAG;26/10/2005;;;;;;;;;;;;;;;;;;;;;;;;;;;;;;;;;;;;;;;;;;;;;
;SHELF  J-4;3011362;HOSE-NONMETALLIC;1;EA;RP;N/A;PWC RP TAG;REPAIRABLE TAG;27/10/2005;;;;;;;;;;;;;;;;;;;;;;;;;;;;;;;;;;;;;;;;;;;;;
;SHELF  J-4;3021182;HOUSING-IMPELLER;1;EA;RP;5B2062;PWC RP TAG;REPAIRABLE TAG;26/10/2005;;;;;;;;;;;;;;;;;;;;;;;;;;;;;;;;;;;;;;;;;;;;;
;SHELF  J-4;3013132;CARRIER-SECOND STAGE REDUCTION;1;EA;RP;PWC06M109;PWC RP TAG;REPAIRABLE TAG;16/05/2006;;;;;;;;;;;;;;;;;;;;;;;;;;;;;;;;;;;;;;;;;;;;;
;SHELF  J-3;3029022;HOUSING ASSY-PROP.REDN.GBOX;1;EA;RP;B0508;PWC RP TAG;REPAIRABLE TAG;29/11/2017;;;;;;;;;;;;;;;;;;;;;;;;;;;;;;;;;;;;;;;;;;;;;
;SHELF  J-3;3024657;HOUSING-POWER TURBINE STATOR;1;EA;RP;00008;PWC REPAIRABLE TAG;REPAIRABLE TAG;29/11/2005;;;;;;;;;;;;;;;;;;;;;;;;;;;;;;;;;;;;;;;;;;;;;
;SHELF  J-3;3009911;COVER-PACKING;1;EA;RP;N/A;DALLAS RP TAG;REPAIRABLE TAG;16/11/2005;;;;;;;;;;;;;;;;;;;;;;;;;;;;;;;;;;;;;;;;;;;;;
;SHELF  J-3;3024084;FILTER OIL;1;EA;RP;N/A;DALLAS RP TAG;REPAIRABLE TAG;21/11/2005;;;;;;;;;;;;;;;;;;;;;;;;;;;;;;;;;;;;;;;;;;;;;
;SHELF  J-3;3028279;TUBE-TRANSFER PROP OIL;1;EA;RP;N/A;DALLAS RP TAG;REPAIRABLE TAG;11/11/2005;;;;;;;;;;;;;;;;;;;;;;;;;;;;;;;;;;;;;;;;;;;;;
;SHELF  J-3;3024765;GEAR-SUN 1ST STAGE;1;EA;AR;53E387;;;;;;;;;;;;;;;;;;;;;;;;;;;;;;;;;;;;;;;;;;;;;;;;
;SHELF  J-3;3008787;CONNECTOR-ROD END .190-32UNFX1.250;3;EA;OH;N/A;DALLAS AIRMOTIVE 8130;FAA 8130;16/11/2005;;;;;;;;;;;;;;;;;;;;;;;;;;;;;;;;;;;;;;;;;;;;;
;SHELF  J-3;3013220;PLATE;1;EA;OH;NSN;DALLAS AIRMOTIVE 8130;FAA 8130;16/11/2005;;;;;;;;;;;;;;;;;;;;;;;;;;;;;;;;;;;;;;;;;;;;;
;SHELF  J-3;3028820;TUBE;1;EA;AR;N/A;Dallas Airmotive Condemn Tag;CONDEMN TAG;25/09/2005;;;;;;;;;;;;;;;;;;;;;;;;;;;;;;;;;;;;;;;;;;;;;
;SHELF  J-3;3011158;FUEL MANIFOLD LOCK PLATE;3;EA;OH;N/A;DALLAS AIRMOTIVE 8130;FAA 8130;15/11/2005;;;;;;;;;;;;;;;;;;;;;;;;;;;;;;;;;;;;;;;;;;;;;
;SHELF  J-3;3035102;IGNITER PLUG;1;EA;AR;N/A;International Turbine services ;International Turbine services ;;;;;;;;;;;;;;;;;;;;;;;;;;;;;;;;;;;;;;;;;;;;;;
;SHELF  J-3;3035102;IGNITER PLUG;1;EA;AR;N/A;DALLAS AIRMOTIVE;DALLAS AIRMOTIVE;;;;;;;;;;;;;;;;;;;;;;;;;;;;;;;;;;;;;;;;;;;;;;
;SHELF  J-3;3022333;BRACKET-ENGINE LIFTING;1;EA;AR;N/A;DALLAS AIRMOTIVE;DALLAS AIRMOTIVE;;;;;;;;;;;;;;;;;;;;;;;;;;;;;;;;;;;;;;;;;;;;;;
;SHELF  J-3;3028962;ARM;1;EA;AR;N/A;CONDEMN TAG;CONDEMN TAG;;;;;;;;;;;;;;;;;;;;;;;;;;;;;;;;;;;;;;;;;;;;;;
;SHELF  J-3;3013460;ROD-INTERCONNECT FUEL CONT;1;EA;AR;N/A;Dallas Airmotive Condemn Tag;CONDEMN TAG;11/11/2005;;;;;;;;;;;;;;;;;;;;;;;;;;;;;;;;;;;;;;;;;;;;;
;SHELF  J-3;3014019;SEAL AIR COMPRESSOR REAR STATOR;1;EA;AR;N/A;DALLAS AIRMOTIVE;DALLAS AIRMOTIVE;14/11/2005;;;;;;;;;;;;;;;;;;;;;;;;;;;;;;;;;;;;;;;;;;;;;
;SHELF  J-3;3016749;COVER;1;EA;RP;N/A;DALLAS AIRMOTIVE;DALLAS AIRMOTIVE;17/11/2005;;;;;;;;;;;;;;;;;;;;;;;;;;;;;;;;;;;;;;;;;;;;;
;SHELF  J-3;3022334;RETAINING PLATE;1;EA;RP;N/A;DALLAS AIRMOTIVE;DALLAS AIRMOTIVE;;;;;;;;;;;;;;;;;;;;;;;;;;;;;;;;;;;;;;;;;;;;;;
;SHELF  J-3;3024669;RING-RETAINING PROPELLER SHAFT OIL;1;EA;RP;N/A;DALLAS RP TAG;REPAIRABLE TAG;;;;;;;;;;;;;;;;;;;;;;;;;;;;;;;;;;;;;;;;;;;;;;
;SHELF  J-3;3100829-03;VALVE ASSY-COMPRESSOR BLEED;1;EA;RP;1A239;DALLAS AIRMOTIVE;DALLAS AIRMOTIVE;11/11/2005;;;;;;;;;;;;;;;;;;;;;;;;;;;;;;;;;;;;;;;;;;;;;
;SHELF  J-3;3100173-01;PISTON-TORQUEMETER;1;EA;RP;N/A;DALLAS AIRMOTIVE;DALLAS AIRMOTIVE;10/11/2005;;;;;;;;;;;;;;;;;;;;;;;;;;;;;;;;;;;;;;;;;;;;;
;SHELF  J-3;3012521;SPACER COMPR DISC;1;EA;RP ;N/A;DALLAS AIRMOTIVE;DALLAS AIRMOTIVE;22/11/2005;;;;;;;;;;;;;;;;;;;;;;;;;;;;;;;;;;;;;;;;;;;;;
;SHELF  J-3;3030890;SHAFT-SECOND STAGE PLANET GEAR;4;EA;OH;N/A;DALLAS AIRMOTIVE;DALLAS AIRMOTIVE;22/11/2005;;;;;;;;;;;;;;;;;;;;;;;;;;;;;;;;;;;;;;;;;;;;;
;SHELF  J-3;3021602;HOUSING ASSY - MAIN PRESSURE PUMP;1;EA;RP;N/A;DALLAS AIRMOTIVE;DALLAS AIRMOTIVE;10/11/2005;;;;;;;;;;;;;;;;;;;;;;;;;;;;;;;;;;;;;;;;;;;;;
;SHELF  J-3;3013444;ADAPTER-TUBE TO BOSS;1;EA;RP;N/A;DALLAS AIRMOTIVE;DALLAS AIRMOTIVE;10/11/2005;;;;;;;;;;;;;;;;;;;;;;;;;;;;;;;;;;;;;;;;;;;;;
;SHELF  J-3;3005664;SHAFTGEAR-BEVEL GOVERNOR DRIVE;1;EA;AR;EN616;DALLAS AIRMOTIVE;DALLAS AIRMOTIVE;23/11/2005;;;;;;;;;;;;;;;;;;;;;;;;;;;;;;;;;;;;;;;;;;;;;
;SHELF  J-3;3106454-02;RING;1;EA;AR;N/A;DALLAS AIRMOTIVE;DALLAS AIRMOTIVE;;;;;;;;;;;;;;;;;;;;;;;;;;;;;;;;;;;;;;;;;;;;;;
;SHELF  J-3;3007103;ELBOW-PRESSURE OIL TRANSFER FRONT;1;EA;RP;N/A;DALLAS AIRMOTIVE;DALLAS AIRMOTIVE;17/11/2005;;;;;;;;;;;;;;;;;;;;;;;;;;;;;;;;;;;;;;;;;;;;;
;SHELF  J-3;3008012;GEAR-PLANET SECOND STAGE REDUCTION;1;EA;AI;42D098;Dallas Airmotive Condemn Tag ;CONDEMN TAG;November 2005;;;;;;;;;;;;;;;;;;;;;;;;;;;;;;;;;;;;;;;;;;;;;
;SHELF  J-3;3004517;BEARING - HOUSING OUTER;1;EA;AR;N/A;DALLAS AIRMOTIVE;DALLAS AIRMOTIVE;;;;;;;;;;;;;;;;;;;;;;;;;;;;;;;;;;;;;;;;;;;;;;
;SHELF  J-3;3012286;COUPLING SHAFT FLEX 2ND STAGE RED'N;1;EA;AR;4B635;DALLAS AIRMOTIVE;DALLAS AIRMOTIVE;;;;;;;;;;;;;;;;;;;;;;;;;;;;;;;;;;;;;;;;;;;;;;
;SHELF  J-3;3011362;HOSE-NONMETALLIC;1;EA;RP;N/A;DALLAS RP TAG;REPAIRABLE TAG;21/11/2005;;;;;;;;;;;;;;;;;;;;;;;;;;;;;;;;;;;;;;;;;;;;;
;SHELF  J-3;3105162-01;BRACKET-IGNITION EXCITER,ASSY OF;1;EA;RP;95L1010;INTERNATIONAL TURBINE SERVICES;INTERNATIONAL TURBINE SERVICES;17/11/2005;;;;;;;;;;;;;;;;;;;;;;;;;;;;;;;;;;;;;;;;;;;;;
;SHELF  J-3;3011491;BRACKET FLAT ENG LIFT RR;1;EA;RP;N/A;DALLAS RP TAG;REPAIRABLE TAG;11/11/2005;;;;;;;;;;;;;;;;;;;;;;;;;;;;;;;;;;;;;;;;;;;;;
;SHELF  J-3;3004097;TUBE-FLANGED;1;EA;RP;N/A;DALLAS RP TAG;REPAIRABLE TAG;19/11/2005;;;;;;;;;;;;;;;;;;;;;;;;;;;;;;;;;;;;;;;;;;;;;
;SHELF  J-3;AS3221;COVER;1;EA;RP;N/A;DALLAS RP TAG;REPAIRABLE TAG;17/11/2005;;;;;;;;;;;;;;;;;;;;;;;;;;;;;;;;;;;;;;;;;;;;;
;SHELF  J-3;3008806;COVER ASSY - MAIN PRESSURE PUMP;1;EA;RP;N/A;DALLAS RP TAG;REPAIRABLE TAG;11/11/2005;;;;;;;;;;;;;;;;;;;;;;;;;;;;;;;;;;;;;;;;;;;;;
;SHELF  J-3;3030890;SHAFT-SECOND STAGE PLANET GEAR;1;EA;AR;N/A;Dallas Airmotive Condemn Tag;CONDEMN TAG;15/11/2005;;;;;;;;;;;;;;;;;;;;;;;;;;;;;;;;;;;;;;;;;;;;;
;SHELF  J-3;3008012;GEAR-PLANET SECOND STAGE REDUCTION;1;EA;AI;42D060;Dallas Airmotive Condemn tag;CONDEMN TAG;November 2005;;;;;;;;;;;;;;;;;;;;;;;;;;;;;;;;;;;;;;;;;;;;;
;SHELF  J-3;3008012;GEAR-PLANET SECOND STAGE REDUCTION;1;EA;AI;42D578;Dallas Airmotive Condemn tag;CONDEMN TAG;November 2005;;;;;;;;;;;;;;;;;;;;;;;;;;;;;;;;;;;;;;;;;;;;;
;SHELF  J-3;3007310;WASHER;1;EA;AR;N/A;DALLAS CONDEMN TAG;CONDEMN TAG;22/11/2005;;;;;;;;;;;;;;;;;;;;;;;;;;;;;;;;;;;;;;;;;;;;;
;SHELF  J-3;3008012;GEAR-PLANET SECOND STAGE REDUCTION;1;EA;AI;42D092;Dallas Airmotive Condemn Tag ;CONDEMN TAG;November 2005;;;;;;;;;;;;;;;;;;;;;;;;;;;;;;;;;;;;;;;;;;;;;
;SHELF  J-3;3012333;WASHER;1;EA;AR;N/A;DALLAS CONDEMN TAG;CONDEMN TAG;22/11/2005;;;;;;;;;;;;;;;;;;;;;;;;;;;;;;;;;;;;;;;;;;;;;
;SHELF  J-3;3009181;WASHER;1;EA;AR;N/A;DALLAS CONDEMN TAG;CONDEMN TAG;23/11/2005;;;;;;;;;;;;;;;;;;;;;;;;;;;;;;;;;;;;;;;;;;;;;
;SHELF  J-3;3106454-01;RING;1;EA;AR;N/A;DALLAS CONDEMN TAG;CONDEMN TAG;23/11/2005;;;;;;;;;;;;;;;;;;;;;;;;;;;;;;;;;;;;;;;;;;;;;
;SHELF  J-3;3011292;EXTENSION FUEL CONTROL ARM;1;EA;AR;N/A;DALLAS CONDEMN TAG;CONDEMN TAG;22/11/2005;;;;;;;;;;;;;;;;;;;;;;;;;;;;;;;;;;;;;;;;;;;;;
;SHELF  J-3;3013446;TUBE-OIL TO FUEL HEATER;1;EA;AR;N/A;DALLAS CONDEMN TAG;CONDEMN TAG;23/11/2005;;;;;;;;;;;;;;;;;;;;;;;;;;;;;;;;;;;;;;;;;;;;;
;SHELF  J-3;3007389;ELBOW-TUBE;1;EA;AR;N/A;DALLAS CONDEMN TAG;CONDEMN TAG;22/11/2005;;;;;;;;;;;;;;;;;;;;;;;;;;;;;;;;;;;;;;;;;;;;;
;SHELF  J-3;3009477;COUPLING;1;EA;AR;N/A;DALLAS CONDEMN TAG;CONDEMN TAG;23/11/2005;;;;;;;;;;;;;;;;;;;;;;;;;;;;;;;;;;;;;;;;;;;;;
;SHELF  J-3;3008360;GEARSHAFT ASY-MAIN SCAV PUMP;1;EA;AR;N/A;DALLAS CONDEMN TAG;CONDEMN TAG;22/11/2005;;;;;;;;;;;;;;;;;;;;;;;;;;;;;;;;;;;;;;;;;;;;;
;SHELF  J-3;3007101;CONNECTOR .4375-20 2 HOLE;1;EA;AR;N/A;DALLAS CONDEMN TAG;CONDEMN TAG;23/11/2005;;;;;;;;;;;;;;;;;;;;;;;;;;;;;;;;;;;;;;;;;;;;;
;SHELF  J-3;3010455;LEVER FUEL CONTROL ACTUATING;1;EA;AR;N/A;DALLAS CONDEMN TAG;CONDEMN TAG;23/11/2005;;;;;;;;;;;;;;;;;;;;;;;;;;;;;;;;;;;;;;;;;;;;;
;SHELF  J-3;3013164;STOP-LOW PITCH ADJNG;1;EA;AR;N/A;DALLAS CONDEMN TAG;CONDEMN TAG;23/11/2005;;;;;;;;;;;;;;;;;;;;;;;;;;;;;;;;;;;;;;;;;;;;;
;SHELF  J-3;3111764-01;BOLT-TURBINE RETAINING;1;EA;AR;N/A;DALLAS CONDEMN TAG;CONDEMN TAG;23/11/2005;;;;;;;;;;;;;;;;;;;;;;;;;;;;;;;;;;;;;;;;;;;;;
;SHELF  J-3;3111841-01;OIL SEAL RUNNER;1;EA;AR;N/A;Dallas Airmotive Condemn Tag;CONDEMN TAG;01/11/2005;;;;;;;;;;;;;;;;;;;;;;;;;;;;;;;;;;;;;;;;;;;;;
;SHELF  J-3;3004121;CARRIER - OIL SEAL 1.125 I.D.;1;EA;AR;N/A;DALLAS CONDEMN TAG;CONDEMN TAG;23/11/2005;;;;;;;;;;;;;;;;;;;;;;;;;;;;;;;;;;;;;;;;;;;;;
;SHELF  J-3;3020290;IMPELLER ASYO-CENTRIFUGAL BREATHER;1;EA;AR;N/A;DALLAS CONDEMN TAG;CONDEMN TAG;22/11/2005;;;;;;;;;;;;;;;;;;;;;;;;;;;;;;;;;;;;;;;;;;;;;
;SHELF  J-3;3013143;NOZZLE OIL 2ND STG REDN;3;EA;AR;N/A;DALLAS CONDEMN TAG;CONDEMN TAG;23/11/2005;;;;;;;;;;;;;;;;;;;;;;;;;;;;;;;;;;;;;;;;;;;;;
;SHELF  J-3;3009095;ADJUSTR;1;EA;AR;N/A;DALLAS CONDEMN TAG;CONDEMN TAG;23/11/2005;;;;;;;;;;;;;;;;;;;;;;;;;;;;;;;;;;;;;;;;;;;;;
;SHELF  J-3;3012177;SHAFT COUPLING SCAV. PUMP;1;EA;AR;N/A;Dallas Airmotive Condemn Tag;CONDEMN TAG;November 2005;;;;;;;;;;;;;;;;;;;;;;;;;;;;;;;;;;;;;;;;;;;;;
;SHELF  J-3;3011405;SHAFT-COUPLING;1;EA;AR;N/A;DALLAS CONDEMN TAG;CONDEMN TAG;23/11/2005;;;;;;;;;;;;;;;;;;;;;;;;;;;;;;;;;;;;;;;;;;;;;
;SHELF  J-3;MS9954-08;PLUG-MACH THD .750-16JX.440 DR HEX;1;EA;AR;N/A;DALLAS CONDEMN TAG;CONDEMN TAG;23/11/2005;;;;;;;;;;;;;;;;;;;;;;;;;;;;;;;;;;;;;;;;;;;;;
;SHELF  J-3;3007102;ELBOW SCAVENGE OIL TRANS FR.;1;EA;AR;N/A;Dallas Airmotive Condemn Tag ;CONDEMN TAG;01/11/2005;;;;;;;;;;;;;;;;;;;;;;;;;;;;;;;;;;;;;;;;;;;;;
;SHELF  J-3;3004117;SHAFTGEAR MAIN SCAVENGE PUMP;1;EA;AR;N/A;DALLAS CONDEMN TAG;CONDEMN TAG;23/11/2005;;;;;;;;;;;;;;;;;;;;;;;;;;;;;;;;;;;;;;;;;;;;;
;SHELF  J-3;3010458;ROD-INTERNALLY THDED;1;EA;AR;N/A;DALLAS CONDEMN TAG;CONDEMN TAG;23/11/2005;;;;;;;;;;;;;;;;;;;;;;;;;;;;;;;;;;;;;;;;;;;;;
;SHELF  J-3;3010674;BEARING-RLR;1;EA;AR;L868;COVINGTON CONDEMN TAG;CONDEMN TAG;22/06/2006;;;;;;;;;;;;;;;;;;;;;;;;;;;;;;;;;;;;;;;;;;;;;
;SHELF  J-3;3011407;PLUG-MACH THD.8125-20X.440 HEX;1;EA;AR;N/A;DALLAS CONDEMN TAG;CONDEMN TAG;23/11/2005;;;;;;;;;;;;;;;;;;;;;;;;;;;;;;;;;;;;;;;;;;;;;
;SHELF  J-3;3018701;SUPPORT ASSY;1;EA;AR;N/A;DALLAS CONDEMN TAG;CONDEMN TAG;23/11/2005;;;;;;;;;;;;;;;;;;;;;;;;;;;;;;;;;;;;;;;;;;;;;
;SHELF  J-3;3023250;GEAR-SUN;1;EA;AR;39D815;Dallas Airmotive Condemn Tag;CONDEMN TAG;November 2005;;;;;;;;;;;;;;;;;;;;;;;;;;;;;;;;;;;;;;;;;;;;;
;SHELF  J-3;3007194;BEARING BALL;1;EA;AR;M949;COVINGTON CONDEMN TAG;CONDEMN TAG;22/06/2006;;;;;;;;;;;;;;;;;;;;;;;;;;;;;;;;;;;;;;;;;;;;;
;SHELF  J-3;3010674;BEARING-RLR;1;EA;AR;L1354;COVINGTON CONDEMN TAG;CONDEMN TAG;22/06/2006;;;;;;;;;;;;;;;;;;;;;;;;;;;;;;;;;;;;;;;;;;;;;
;SHELF  J-3;3010674;BEARING-RLR;1;EA;AR;R2313;COVINGTON CONDEMN TAG;CONDEMN TAG;22/06/2006;;;;;;;;;;;;;;;;;;;;;;;;;;;;;;;;;;;;;;;;;;;;;
;SHELF  J-3;3008785;GEAR-SPUR;2;EA;AR;N/A;DALLAS CONDEMN TAG;CONDEMN TAG;23/11/2005;;;;;;;;;;;;;;;;;;;;;;;;;;;;;;;;;;;;;;;;;;;;;
;SHELF  J-3;3009476;COUPLING ASY EXT PRESS TRANS;1;EA;AR;N/A;DALLAS RP TAG;REPAIRABLE TAG;17/11/2005;;;;;;;;;;;;;;;;;;;;;;;;;;;;;;;;;;;;;;;;;;;;;
;SHELF  J-3;3006957;BODY;1;EA;RP;N/A;DALLAS RP TAG;REPAIRABLE TAG;11/11/2005;;;;;;;;;;;;;;;;;;;;;;;;;;;;;;;;;;;;;;;;;;;;;
;SHELF  J-3;3013151;COVER-OIL FILTER;1;EA;RP;N/A;DALLAS RP TAG;REPAIRABLE TAG;11/11/2005;;;;;;;;;;;;;;;;;;;;;;;;;;;;;;;;;;;;;;;;;;;;;
;SHELF  J-3;3004116;COVER ASSY- MAIN SCAVENGE PUMP;1;EA;RP;N/A;DALLAS RP TAG;REPAIRABLE TAG;10/11/2005;;;;;;;;;;;;;;;;;;;;;;;;;;;;;;;;;;;;;;;;;;;;;
;SHELF  J-3;3020908;FILLER CAP & DIPSTICK ASYO;1;EA;RP;N/A;DALLAS RP TAG;REPAIRABLE TAG;17/11/2005;;;;;;;;;;;;;;;;;;;;;;;;;;;;;;;;;;;;;;;;;;;;;
;SHELF  J-3;3053094;SHROUD SEGMENT-COMPRESSOR TURBINE;9;EA;AR;N/A;International Turbine AR TAG ;AR TAG;07/11/2005;;;;;;;;;;;;;;;;;;;;;;;;;;;;;;;;;;;;;;;;;;;;;
PAPER WORK LOST;SHELF  J-3;3019906;FLOW DIVIDER;1;EA;RP;11613;UNSERVICEABLE TAG;UNSV TAG;PAPER WORK LOST;;;;;;;;;;;;;;;;;;;;;;;;;;;;;;;;;;;;;;;;;;;;;
;SHELF  J-2;3110277-01;SHFTPRP;1;EA;RP;39A763;Dallas Airmotive Reparable Tag;REPAIRABLE TAG;14/09/2005;;;;;;;;;;;;;;;;;;;;;;;;;;;;;;;;;;;;;;;;;;;;;
;SHELF  J-2;3023797;SHROUD-POWER TURBINE;1;EA;RP;2054;WERNER PARTS TAG;WERNER PARTS TAG;;;;;;;;;;;;;;;;;;;;;;;;;;;;;;;;;;;;;;;;;;;;;;
;SHELF  J-2;3104279-01;HOUSING-POWER TURB SHAFT;1;EA;RP;2322;RP TAG;REPAIRABLE TAG;;;;;;;;;;;;;;;;;;;;;;;;;;;;;;;;;;;;;;;;;;;;;;
;SHELF  J-2;3018389;SPACER-COMPRESSOR DISC;1;EA;RP;PWC91D14098;PWC RP TAG;REPAIRABLE TAG;29/11/2005;;;;;;;;;;;;;;;;;;;;;;;;;;;;;;;;;;;;;;;;;;;;;
;SHELF  J-2;3021602;HOUSING ASSY - MAIN PRESSURE PUMP;1;EA;RP;2393;RP TAG;REPAIRABLE TAG;;;;;;;;;;;;;;;;;;;;;;;;;;;;;;;;;;;;;;;;;;;;;;
;SHELF  J-2;3010180;NO. 6 BEARING COVER;1;EA;RP;N/A;DALLAS RP TAG;REPAIRABLE TAG;05/11/2003;;;;;;;;;;;;;;;;;;;;;;;;;;;;;;;;;;;;;;;;;;;;;
;SHELF  J-2;3100173-01;PISTON-TORQUEMETER;1;EA;RP;N/A;PWC RP TAG;REPAIRABLE TAG;30/11/2005;;;;;;;;;;;;;;;;;;;;;;;;;;;;;;;;;;;;;;;;;;;;;
;SHELF  J-2;3024831;PLATE-LOCK CPRSR TURB VANE RING;1;EA;RP;PWC92S1259;PWC RP TAG;REPAIRABLE TAG;15/03/2004;;;;;;;;;;;;;;;;;;;;;;;;;;;;;;;;;;;;;;;;;;;;;
;SHELF  J-2;3033453;TURBINE VANE RING;1;EA;RP;022105;REPAIRABLE;REPAIRABLE TAG;;;;;;;;;;;;;;;;;;;;;;;;;;;;;;;;;;;;;;;;;;;;;;
;SHELF  J-2;3021095;IGNITION REGULATOR;1;EA;RP;7304122;Dallas Airmotive ID Tag;Dallas Airmotive ID Tag;;;;;;;;;;;;;;;;;;;;;;;;;;;;;;;;;;;;;;;;;;;;;;
;SHELF  J-2;3029109;IGNITER LEADS;2;EA;RP;N/A;Dallas Airmotive Rep tag;REPAIRABLE TAG;18/11/2005;;;;;;;;;;;;;;;;;;;;;;;;;;;;;;;;;;;;;;;;;;;;;
;SHELF  J-2;3011859;TUBE-FUEL PRESS. PRIMARY;1;EA;AR;PCERB007;Condemn TAG;CONDEMN TAG;;;;;;;;;;;;;;;;;;;;;;;;;;;;;;;;;;;;;;;;;;;;;;
;SHELF  J-2;3011861;TUBE-FUEL PRESS SECOND ASYO;1;EA;AR;N/A;Dallas Airmotive Condemn Tag;CONDEMN TAG;;;;;;;;;;;;;;;;;;;;;;;;;;;;;;;;;;;;;;;;;;;;;;
;SHELF  J-2;3028396;DIAPHRAGM ASSY-ACCESSORY GEARBOX;1;EA;RP;1440;Dallas Airmotive Reparable Tag;REPAIRABLE TAG;;;;;;;;;;;;;;;;;;;;;;;;;;;;;;;;;;;;;;;;;;;;;;
;SHELF  J-2;3018950;HOUSING ASSY-ACCY GEARBOX;1;EA;RP;0479;Dallas Airmotive Reparable Tag;REPAIRABLE TAG;August 05;;;;;;;;;;;;;;;;;;;;;;;;;;;;;;;;;;;;;;;;;;;;;
;SHELF  J-1;3011755;INSUL BLANKET-POWER SECT;1;EA;RP;N/A;DALLAS RP TAG;REPAIRABLE TAG;21/11/2005;;;;;;;;;;;;;;;;;;;;;;;;;;;;;;;;;;;;;;;;;;;;;
;SHELF  J-1;3007184;CASE ASSY-PROP RDCN GRBX FRONT;1;EA;AR;3883;ATLANTIC TURBINES AR TAG;ATLANTIC TURBINES AR TAG;03/07/2016;;;;;;;;;;;;;;;;;;;;;;;;;;;;;;;;;;;;;;;;;;;;;
;SHELF  J-1;3022406;DUCT ASSEMBLY TURBINE EXHAUST;1;EA;RP;A-4833;Unserviceable Fichier 101321;UNSV TAG;;;;;;;;;;;;;;;;;;;;;;;;;;;;;;;;;;;;;;;;;;;;;;
;SHELF  K-4;3013045;CASE ASSY-COMPRESSOR INLET;1;EA;RP;7038;DALLAS RP TAG;REPAIRABLE TAG;07/11/2005;;;;;;;;;;;;;;;;;;;;;;;;;;;;;;;;;;;;;;;;;;;;;
;SHELF  K-4;3033033;HOUSING ASSY-MAIN PRESSURE PUMP;1;EA;RP;PWC91D14094;COVINGTON RP PART;REPAIRABLE TAG;12/09/2006;;;;;;;;;;;;;;;;;;;;;;;;;;;;;;;;;;;;;;;;;;;;;
;SHELF  K-4;3011859;TUBE-FUEL PRESS. PRIMARY;1;EA;RP;N/A;PWC RP TAG;REPAIRABLE TAG;27/10/2005;;;;;;;;;;;;;;;;;;;;;;;;;;;;;;;;;;;;;;;;;;;;;
;SHELF  K-4;3030383;COVER ASSY - MAIN PRESSURE PUMP;1;EA;RP;N/A;PWC RP TAG;REPAIRABLE TAG;01/11/2905;;;;;;;;;;;;;;;;;;;;;;;;;;;;;;;;;;;;;;;;;;;;;
;SHELF  K-4;3026887;SLEEVE - PRESSURE RELIEF VALVE;1;EA;RP;N/A;PWC RP TAG;REPAIRABLE TAG;16/02/2006;;;;;;;;;;;;;;;;;;;;;;;;;;;;;;;;;;;;;;;;;;;;;
;SHELF  K-4;3009476;COUPLING ASY EXT PRESS TRANS;1;EA;RP;N/A;PWC RP TAG;REPAIRABLE TAG;15/02/2006;;;;;;;;;;;;;;;;;;;;;;;;;;;;;;;;;;;;;;;;;;;;;
;SHELF  K-4;3013446;TUBE-OIL TO FUEL HEATER;1;EA;RP;N/A;PWC RP TAG;REPAIRABLE TAG;15/02/2006;;;;;;;;;;;;;;;;;;;;;;;;;;;;;;;;;;;;;;;;;;;;;
NOT SURE - DOCS ?;SHELF  K-4;AN10004 OR AN100043;COVER-PLAIN;1;EA;RP;N/A;PWC Reparaible TAG ;REPAIRABLE TAG;15/02/2006;;;;;;;;;;;;;;;;;;;;;;;;;;;;;;;;;;;;;;;;;;;;;
;SHELF  K-4;3008144;CAP TUBE BREATHER BOSS;1;EA;RP;N/A;PWC RP TAG;REPAIRABLE TAG;15/02/2006;;;;;;;;;;;;;;;;;;;;;;;;;;;;;;;;;;;;;;;;;;;;;
;SHELF  K-4;3103152-01;OIL STRAINER ELEMENT;3;EA;RP;N/A;PARTS TAG;PARTS TAG;05/11/2003;;;;;;;;;;;;;;;;;;;;;;;;;;;;;;;;;;;;;;;;;;;;;
;SHELF  K-4;3023487;ADAPTER-PROP SHAFT OIL TRANS TUBE;1;EA;AR;N/A;PARTS TAG;PARTS TAG;22/04/2005;;;;;;;;;;;;;;;;;;;;;;;;;;;;;;;;;;;;;;;;;;;;;
;SHELF  K-4;3021638;PLATE-LOCK CPRSR TURB VANE RING;1;EA;RP;N/A;PWC RP TAG;REPAIRABLE TAG;14/02/2006;;;;;;;;;;;;;;;;;;;;;;;;;;;;;;;;;;;;;;;;;;;;;
;SHELF  K-4;3004097;TUBE-FLANGED;1;EA;AR;N/A;DALLAS ID TAG;DALLAS ID TAG;06/11/2003;;;;;;;;;;;;;;;;;;;;;;;;;;;;;;;;;;;;;;;;;;;;;
;SHELF  K-4;ST3389-01;COVER-PLAIN;1;EA;RP;N/A;PWC RP TAG;REPAIRABLE TAG;15/02/2006;;;;;;;;;;;;;;;;;;;;;;;;;;;;;;;;;;;;;;;;;;;;;
;SHELF  K-4;3103158-01;COUPLING-EXT.PRESSURE OIL TRANSFER;1;EA;RP;N/A;PWC RP TAG;REPAIRABLE TAG;29/11/2005;;;;;;;;;;;;;;;;;;;;;;;;;;;;;;;;;;;;;;;;;;;;;
;SHELF  K-4;3035890;TUBE-ASYO TRANSFER PACKING;1;EA;RP;N/A;PWC RP TAG;REPAIRABLE TAG;15/02/2006;;;;;;;;;;;;;;;;;;;;;;;;;;;;;;;;;;;;;;;;;;;;;
;SHELF  K-4;3038929;FLANGE-NO.2 BEARING HOUSING COVER;1;EA;RP;PWC96S479;PWC RP TAG;REPAIRABLE TAG;29/11/2005;;;;;;;;;;;;;;;;;;;;;;;;;;;;;;;;;;;;;;;;;;;;;
;SHELF  K-4;3011358;HOUSING-SCAVENGE PUMP;1;EA;RP;N/A;PWC RP TAG;REPAIRABLE TAG;14/02/2006;;;;;;;;;;;;;;;;;;;;;;;;;;;;;;;;;;;;;;;;;;;;;
;SHELF  K-4;3006960;BODY ASSY-MAIN SCAV PMP OUTER;1;EA;RP;N/A;PWC RP TAG;REPAIRABLE TAG;14/02/2006;;;;;;;;;;;;;;;;;;;;;;;;;;;;;;;;;;;;;;;;;;;;;
;SHELF  K-4;3023677;GEAR-RING 1STG RDCN;1;EA;RP;3702;PWC RP TAG;REPAIRABLE TAG;30/11/2005;;;;;;;;;;;;;;;;;;;;;;;;;;;;;;;;;;;;;;;;;;;;;
;SHELF  K-4;3030526;COVER-OIL FILTER;1;EA;RP;N/A;PWC RP TAG;REPAIRABLE TAG;29/11/2005;;;;;;;;;;;;;;;;;;;;;;;;;;;;;;;;;;;;;;;;;;;;;
;SHELF  K-4;3024831;PLATE-LOCK CPRSR TURB VANE RING;1;EA;RP;PWC98L2650;PWC RP TAG;REPAIRABLE TAG;29/11/2005;;;;;;;;;;;;;;;;;;;;;;;;;;;;;;;;;;;;;;;;;;;;;
;SHELF  K-4;3011359;SPACER-SCAVENGE PUMP;1;EA;RP;N/A;PWC RP TAG;REPAIRABLE TAG;14/02/2006;;;;;;;;;;;;;;;;;;;;;;;;;;;;;;;;;;;;;;;;;;;;;
;SHELF  K-4;3017967;SEAL-AIR COMPR ROTOR;1;EA;RP;N/A;PWC RP TAG;REPAIRABLE TAG;29/11/2005;;;;;;;;;;;;;;;;;;;;;;;;;;;;;;;;;;;;;;;;;;;;;
;SHELF  K-4;3011362;HOSE-NONMETALLIC;1;EA;RP;N/A;PWC RP TAG;REPAIRABLE TAG;15/02/2006;;;;;;;;;;;;;;;;;;;;;;;;;;;;;;;;;;;;;;;;;;;;;
;SHELF  K-4;3024007;COVER-NO.2 BEARING HOUSING;1;EA;RP;N/A;PWC RP TAG;REPAIRABLE TAG;29/11/2005;;;;;;;;;;;;;;;;;;;;;;;;;;;;;;;;;;;;;;;;;;;;;
;SHELF  K-4;3030885;SHAFT-FIRST STAGE PLANET GEAR;3;EA;RP;N/A;PWC RP TAG;REPAIRABLE TAG;15/02/2006;;;;;;;;;;;;;;;;;;;;;;;;;;;;;;;;;;;;;;;;;;;;;
;SHELF  K-4;3011351;TEE SCAV OIL REAR;1;EA;RP;N/A;PWC RP TAG;REPAIRABLE TAG;15/02/2006;;;;;;;;;;;;;;;;;;;;;;;;;;;;;;;;;;;;;;;;;;;;;
;SHELF  K-4;3019906;FLOW DIVIDER;1;EA;RP;N/A;PARTS TAG;PARTS TAG;;;;;;;;;;;;;;;;;;;;;;;;;;;;;;;;;;;;;;;;;;;;;;
;SHELF  K-4;3027790;TUBE (IC);1;EA;RP;SS2295C;PWC RP TAG;REPAIRABLE TAG;30/11/2005;;;;;;;;;;;;;;;;;;;;;;;;;;;;;;;;;;;;;;;;;;;;;
;SHELF  K-4;3007338;GEAR-RING SECOND STAGE;1;EA;RP;9E116;PWC RP TAG;REPAIRABLE TAG;15/02/2006;;;;;;;;;;;;;;;;;;;;;;;;;;;;;;;;;;;;;;;;;;;;;
;SHELF  K-4;3008623;TUBE TRANS;2;EA;RP;N/A;PWC RP TAG;REPAIRABLE TAG;15/02/2006;;;;;;;;;;;;;;;;;;;;;;;;;;;;;;;;;;;;;;;;;;;;;
;SHELF  K-4;3023678;HOUSING-TURBINE INTERSTAGE AIR SEAL;1;EA;RP;N/A;PWC RP TAG;REPAIRABLE TAG;30/11/2005;;;;;;;;;;;;;;;;;;;;;;;;;;;;;;;;;;;;;;;;;;;;;
;SHELF  K-4;3029306;SEAL-AIR COMPRESSOR TURBINE ROTOR;1;EA;RP;N/A;PWC RP TAG;REPAIRABLE TAG;29/11/2005;;;;;;;;;;;;;;;;;;;;;;;;;;;;;;;;;;;;;;;;;;;;;
;SHELF  K-4;3023252;ADAPTER-1ST STAGE CARRIER;1;EA;RP;1A194;PWC RP TAG;REPAIRABLE TAG;30/11/2005;;;;;;;;;;;;;;;;;;;;;;;;;;;;;;;;;;;;;;;;;;;;;
;SHELF  K-4;3020907;FILLER CAP-OIL;1;EA;RP;N/A;PWC RP TAG;REPAIRABLE TAG;29/11/2005;;;;;;;;;;;;;;;;;;;;;;;;;;;;;;;;;;;;;;;;;;;;;
;SHELF  K-4;3019335;COUPLING-EXTERNAL;1;EA;RP;N/A;PWC RP TAG;REPAIRABLE TAG;29/11/2005;;;;;;;;;;;;;;;;;;;;;;;;;;;;;;;;;;;;;;;;;;;;;
;SHELF  K-4;3018039;TUBE-CENTER OIL TANK;1;EA;RP;N/A;PWC RP TAG;REPAIRABLE TAG;29/11/2005;;;;;;;;;;;;;;;;;;;;;;;;;;;;;;;;;;;;;;;;;;;;;
;SHELF  K-4;3030150;TUBE-PRESSURE OIL TRANSFER;1;EA;RP;N/A;PWC RP TAG;REPAIRABLE TAG;03/11/2005;;;;;;;;;;;;;;;;;;;;;;;;;;;;;;;;;;;;;;;;;;;;;
;SHELF  K-4;3031266;GEAR-RING FIRST STAGE REDUCTION;1;EA;RP;3D836;PWC RP TAG;REPAIRABLE TAG;15/02/2006;;;;;;;;;;;;;;;;;;;;;;;;;;;;;;;;;;;;;;;;;;;;;
;SHELF  K-4;3021653;HOSE-NONMETALLIC;1;EA;RP;SS3696C;PWC RP TAG;REPAIRABLE TAG;15/02/2006;;;;;;;;;;;;;;;;;;;;;;;;;;;;;;;;;;;;;;;;;;;;;
;SHELF  K-4;3101636-01;BRG, HYDRAULIC DRIVE;1;EA;AR;26A456;COVINGTON CONDEMN PART;CONDEMN TAG;27/06/2006;;;;;;;;;;;;;;;;;;;;;;;;;;;;;;;;;;;;;;;;;;;;;
;SHELF  K-4;3004192;NUT-SPANNER;1;EA;RP;N/A;DALLAS AIRMOTIVE;DALLAS AIRMOTIVE;05/11/2003;;;;;;;;;;;;;;;;;;;;;;;;;;;;;;;;;;;;;;;;;;;;;
;SHELF  K-4;3024669;RING-RETAINING PROPELLER SHAFT OIL;1;EA;AR;N/A;VECTOR AEROSPACE AR TAG;AR TAG;29/11/2008;;;;;;;;;;;;;;;;;;;;;;;;;;;;;;;;;;;;;;;;;;;;;
;SHELF  K-4;3027698;SHAFT-POWER TURBINE;1;EA;AR;A6056;COVINGTON AR TAG;AR TAG;15/08/2006;;;;;;;;;;;;;;;;;;;;;;;;;;;;;;;;;;;;;;;;;;;;;
;SHELF  K-4;3016058;COVER NO.2 BEARING HOUSING;1;EA;AR;N/A;VECTOR AR TAG;AR TAG;08/11/2002;;;;;;;;;;;;;;;;;;;;;;;;;;;;;;;;;;;;;;;;;;;;;
;SHELF  K-4;3100173-01;PISTON-TORQUEMETER;1;EA;AR;PWC06M220;VECTOR AR TAG;AR TAG;09/11/2001;;;;;;;;;;;;;;;;;;;;;;;;;;;;;;;;;;;;;;;;;;;;;
;SHELF  K-4;3034389;T5 THERMOCOUPLES;8;EA;RP;N/A;DALLAS RP TAG;REPAIRABLE TAG;06/11/2003;;;;;;;;;;;;;;;;;;;;;;;;;;;;;;;;;;;;;;;;;;;;;
;SHELF  K-3;3011755;INSUL BLANKET-POWER SECT;1;EA;RP;N/A;PWC RP TAG & COVINGTON RP TAG;REPAIRABLE TAG;13/07/2006;;;;;;;;;;;;;;;;;;;;;;;;;;;;;;;;;;;;;;;;;;;;;
;SHELF  K-3;82950011-005;GROUND SPOILER ACTUATOR;1;EA;AR;LI0859;AR TAG;AR TAG;10/10/2002;;;;;;;;;;;;;;;;;;;;;;;;;;;;;;;;;;;;;;;;;;;;;
;SHELF  K-3;3012521;SPACER COMPR DISC;1;EA;AI;284;Dallas Airmotive Condemn Tag;CONDEMN TAG;01/09/2005;;;;;;;;;;;;;;;;;;;;;;;;;;;;;;;;;;;;;;;;;;;;;
;SHELF  K-3;3020031;RING-MTG TOP REAR FIRESEAL;1;EA;RP;N/A;DALLAS AIRMOTIVE RP TAG;REPAIRABLE TAG;28/09/2005;;;;;;;;;;;;;;;;;;;;;;;;;;;;;;;;;;;;;;;;;;;;;
;SHELF  K-3;3102782-01;FIRESELY;1;EA;AR;N/A;CONDEMN TAG 29/09/2005 DALLAS AIRMOTIVE;CONDEMN TAG;;;;;;;;;;;;;;;;;;;;;;;;;;;;;;;;;;;;;;;;;;;;;;
;SHELF  K-3;3102784-01;FIRESELY;1;EA;AR;N/A;CONDEMN TAG 29/09/2005 DALLAS AIRMOTIVE;CONDEMN TAG;;;;;;;;;;;;;;;;;;;;;;;;;;;;;;;;;;;;;;;;;;;;;;
;SHELF  K-2;3012124;HOUSING ASY MAIN SCAV PUMP IN;1;EA;RP;N/A;PWC RP TAG;REPAIRABLE TAG;11/03/2004;;;;;;;;;;;;;;;;;;;;;;;;;;;;;;;;;;;;;;;;;;;;;
;SHELF  K-2;3031013;COVER ASSY-MAIN PRESSURE PUMP;1;EA;RP;N/A;PWC RP TAG;REPAIRABLE TAG;11/03/2004;;;;;;;;;;;;;;;;;;;;;;;;;;;;;;;;;;;;;;;;;;;;;
;SHELF  K-2;3114590-01;SPACER-COMPRESSOR DISC;1;EA;RP;78A965;PWC RP TAG;REPAIRABLE TAG;12/03/2004;;;;;;;;;;;;;;;;;;;;;;;;;;;;;;;;;;;;;;;;;;;;;
;SHELF  K-2;3101721-02;COUPLING-FLEXIBLE,2 ND STAGE REDCTN;1;EA;RP;1T786;PWC RP TAG;REPAIRABLE TAG;12/03/2004;;;;;;;;;;;;;;;;;;;;;;;;;;;;;;;;;;;;;;;;;;;;;
;SHELF  K-2;3028859;SLEEVE - PROPELLER OIL TRANSFER;1;EA;RP;1-6-0;PWC RP TAG;REPAIRABLE TAG;12/03/2004;;;;;;;;;;;;;;;;;;;;;;;;;;;;;;;;;;;;;;;;;;;;;
;SHELF  K-2;3024794;COVER ASSY-PROPELLER THRUST BEARING;1;EA;RP;PWC95L810;PWC RP TAG;REPAIRABLE TAG;12/03/2004;;;;;;;;;;;;;;;;;;;;;;;;;;;;;;;;;;;;;;;;;;;;;
;SHELF  K-2;3029699;CARRIER-FIRST STAGE REDUCTION;1;EA;RP;57C647;PWC RP TAG;REPAIRABLE TAG;12/03/2004;;;;;;;;;;;;;;;;;;;;;;;;;;;;;;;;;;;;;;;;;;;;;
;SHELF  K-2;3112496-01;SCREEN-AIR INLET;1;EA;AR;N/A;PWC UNSERV TAG;UNSV TAG;15/02/2006;;;;;;;;;;;;;;;;;;;;;;;;;;;;;;;;;;;;;;;;;;;;;
PART SHIPPED 10/17/17;SHELF  K-2;3109871-01;SHAFT-PROPELLER;1;EA;RP;4T596;PWC RP TAG;REPAIRABLE TAG;12/03/2004;;;;;;;;;;;;;;;;;;;;;;;;;;;;;;;;;;;;;;;;;;;;;
;SHELF  K-2;3107255-01;HOUSING ASYO-POWER TURBINE SHAFT;1;EA;RP;PWC95L703;PWC RP TAG;REPAIRABLE TAG;12/03/2004;;;;;;;;;;;;;;;;;;;;;;;;;;;;;;;;;;;;;;;;;;;;;
;SHELF  K-2;3024913;TUBE-OIL TO COOLER;1;EA;RP;N/A;PWC RP TAG;REPAIRABLE TAG;16/03/2004;;;;;;;;;;;;;;;;;;;;;;;;;;;;;;;;;;;;;;;;;;;;;
;SHELF  K-2;3032206;TUBE-COMPRESSOR SPRAY RING,ASSY OF;1;EA;RP;N/A;PWC RP TAG;REPAIRABLE TAG;16/03/2004;;;;;;;;;;;;;;;;;;;;;;;;;;;;;;;;;;;;;;;;;;;;;
;SHELF  K-2;3022844;SLEEVE-SECOND STAGE SUN GEAR;1;EA;RP;N/A;PWC RP TAG;REPAIRABLE TAG;12/03/2004;;;;;;;;;;;;;;;;;;;;;;;;;;;;;;;;;;;;;;;;;;;;;
;SHELF  K-2;3030259;HOUSING-OIL FILTER;1;EA;RP;N/A;PWC RP TAG;REPAIRABLE TAG;29/11/2005;;;;;;;;;;;;;;;;;;;;;;;;;;;;;;;;;;;;;;;;;;;;;
;SHELF  K-2;3114664-01;RUNNER-PROP SHAFT OIL SEAL;1;EA;RP;N/A;PWC RP TAG;REPAIRABLE TAG;15/03/2004;;;;;;;;;;;;;;;;;;;;;;;;;;;;;;;;;;;;;;;;;;;;;
ID TAG PN# DOESN’T MATCH STICKER AND ENGRAVING….;SHELF  K-2;3011358;HOUSING-SCAVENGE PUMP;1;EA;RP;N/A;DALLAS ID TAG;DALLAS ID TAG;ID TAG PN# DOESN’T MATCH STICKER AND ENGRAVING….;;;;;;;;;;;;;;;;;;;;;;;;;;;;;;;;;;;;;;;;;;;;;
;SHELF  K-2;3004116;COVER ASSY- MAIN SCAVENGE PUMP;1;EA;RP;N/A;PWC RP TAG;REPAIRABLE TAG;11/03/2004;;;;;;;;;;;;;;;;;;;;;;;;;;;;;;;;;;;;;;;;;;;;;
;SHELF  K-2;3108084-01;SEAL-AIR COMPRESSOR TURBINE STATOR;1;EA;RP;N/A;PWC RP TAG;REPAIRABLE TAG;12/03/2004;;;;;;;;;;;;;;;;;;;;;;;;;;;;;;;;;;;;;;;;;;;;;
;SHELF  K-2;3008360;GEARSHAFT ASY-MAIN SCAV PUMP;1;EA;RP;N/A;PWC RP TAG;REPAIRABLE TAG;15/03/2004;;;;;;;;;;;;;;;;;;;;;;;;;;;;;;;;;;;;;;;;;;;;;
;SHELF  K-2;3006960;BODY ASSY-MAIN SCAV PMP OUTER;1;EA;RP;N/A;PWC RP TAG;REPAIRABLE TAG;11/03/2004;;;;;;;;;;;;;;;;;;;;;;;;;;;;;;;;;;;;;;;;;;;;;
;SHELF  K-2;3032093;TUBE-OIL DRAIN, G'NOR TO GBOX,ASYO;1;EA;RP;N/A;PWC RP TAG;REPAIRABLE TAG;16/03/2004;;;;;;;;;;;;;;;;;;;;;;;;;;;;;;;;;;;;;;;;;;;;;
;SHELF  K-2;3024287;HOUSING-SCAVENGE PUMP;1;EA;RP;PWV91-1190;PWC RP TAG;REPAIRABLE TAG;11/03/2004;;;;;;;;;;;;;;;;;;;;;;;;;;;;;;;;;;;;;;;;;;;;;
;SHELF  K-2;3023886;ADAPTER-SPLN,FIRST STAGE RDCN;1;EA;RP;10W737;PWC RP TAG;REPAIRABLE TAG;12/03/2004;;;;;;;;;;;;;;;;;;;;;;;;;;;;;;;;;;;;;;;;;;;;;
;SHELF  K-2;3008786;SHAFT-SCAVENGE PUMP DRIVE;1;EA;RP;N/A;PWC RP TAG;REPAIRABLE TAG;15/03/2004;;;;;;;;;;;;;;;;;;;;;;;;;;;;;;;;;;;;;;;;;;;;;
;SHELF  K-2;3028279;TUBE-TRANSFER PROP OIL;1;EA;RP;N/A;STANDARD AERO RP TAG;REPAIRABLE TAG;26/04/2004;;;;;;;;;;;;;;;;;;;;;;;;;;;;;;;;;;;;;;;;;;;;;
;SHELF  K-2;3031829;TUBE ASSY OF-INSUL.AIR PRESS.COMP.;1;EA;RP;N/A;PWC RP TAG;REPAIRABLE TAG;16/03/2004;;;;;;;;;;;;;;;;;;;;;;;;;;;;;;;;;;;;;;;;;;;;;
;SHELF  K-2;3032207;TUBE-COMPRESSOR SPRAY RING,ASSY OF;1;EA;RP;N/A;PWC RP TAG;REPAIRABLE TAG;16/03/2004;;;;;;;;;;;;;;;;;;;;;;;;;;;;;;;;;;;;;;;;;;;;;
;SHELF  K-2;3037342;T5 THERMOCOUPLES HARNESS;1;EA;RP;982449;DALLAS RP TAG;REPAIRABLE TAG;06/11/2003;;;;;;;;;;;;;;;;;;;;;;;;;;;;;;;;;;;;;;;;;;;;;
;SHELF  K-2;3008805;MAIN OIL PUMP COVER;1;EA;RP;N/A;DALLAS RP TAG;REPAIRABLE TAG;05/11/2003;;;;;;;;;;;;;;;;;;;;;;;;;;;;;;;;;;;;;;;;;;;;;
;SHELF  K-2;3105436-01;COVER  Y;1;EA;RP;3E804;DALLAS RP TAG;REPAIRABLE TAG;05/11/2003;;;;;;;;;;;;;;;;;;;;;;;;;;;;;;;;;;;;;;;;;;;;;
;SHELF  K-2;3013151;COVER-OIL FILTER;1;EA;RP;N/A;DALLAS RP TAG;REPAIRABLE TAG;06/11/2003;;;;;;;;;;;;;;;;;;;;;;;;;;;;;;;;;;;;;;;;;;;;;
;SHELF  K-2;3014679;SPACER-COMPRESSOR DISC;1;EA;RP;D5007;DALLAS RP TAG;REPAIRABLE TAG;04/11/2003;;;;;;;;;;;;;;;;;;;;;;;;;;;;;;;;;;;;;;;;;;;;;
;SHELF  K-1;3013230;RING-MTG;1;EA;AR;PWC89D7078;DALLAS ID TAG;DALLAS ID TAG;06/11/2003;;;;;;;;;;;;;;;;;;;;;;;;;;;;;;;;;;;;;;;;;;;;;
;SHELF  K-1;3020031;RING-MTG TOP REAR FIRESEAL;1;EA;RP;N/A;DALLAS RP TAG;REPAIRABLE TAG;06/11/2003;;;;;;;;;;;;;;;;;;;;;;;;;;;;;;;;;;;;;;;;;;;;;
;SHELF  K-1;3100828-01;HOUSINGY;1;EA;AR;N/A;Dallas Airmotive condemn tag;CONDEMN TAG;23/11/2005;;;;;;;;;;;;;;;;;;;;;;;;;;;;;;;;;;;;;;;;;;;;;
;SHELF  K-1;3032794;TUBE-FUEL PRESSURE,ASYO;1;EA;RP;N/A;PWC RP TAG;REPAIRABLE TAG;26/01/2004;;;;;;;;;;;;;;;;;;;;;;;;;;;;;;;;;;;;;;;;;;;;;
;SHELF  K-1;3103345-01;RETAINER;1;EA;AR;N/A;Dallas Airmotive condemn tag;CONDEMN TAG;22/11/2005;;;;;;;;;;;;;;;;;;;;;;;;;;;;;;;;;;;;;;;;;;;;;
;SHELF  K-1;3112496-01;SCREEN-AIR INLET;1;EA;AR;N/A;PWC UNSERV TAG;UNSV TAG;29/11/2005;;;;;;;;;;;;;;;;;;;;;;;;;;;;;;;;;;;;;;;;;;;;;
;SHELF  K-1;3011843;HEATED AIR TUBE;1;EA;RP;N/A;DALLAS RP TAG;REPAIRABLE TAG;05/11/2003;;;;;;;;;;;;;;;;;;;;;;;;;;;;;;;;;;;;;;;;;;;;;
;SHELF  K-1;3024312 SB3170;DUCT ASSEMBLY COMBUSTION CHAMB;1;EA;RP;0082;Werner ID SB3170 Unrepareable;Werner ID SB3170 Unrepareable;;;;;;;;;;;;;;;;;;;;;;;;;;;;;;;;;;;;;;;;;;;;;;
;SHELF  K-1;3019283;TUBE-FUEL PRESSURE;1;EA;RP;N/A;STANDARD AERO RP TAG;REPAIRABLE TAG;26/04/2004;;;;;;;;;;;;;;;;;;;;;;;;;;;;;;;;;;;;;;;;;;;;;
;SHELF  K-1;3111472-01;RING-MTG, BOTTOM REAR FIRESEAL ASYO;1;EA;RP;N/A;PWC RP TAG;REPAIRABLE TAG;22/01/2004;;;;;;;;;;;;;;;;;;;;;;;;;;;;;;;;;;;;;;;;;;;;;
;SHELF  K-1;3014660;RING-SEALING POWER TURBINE;2;EA;AR;N/A;UNSERVICEABLE TAG;UNSV TAG;;;;;;;;;;;;;;;;;;;;;;;;;;;;;;;;;;;;;;;;;;;;;;
;SHELF  K-1;3011845;RING MNTG TOP CENTER FSEAL ASYO;1;EA;RP;N/A;DALLAS RP TAG;REPAIRABLE TAG;06/11/2003;;;;;;;;;;;;;;;;;;;;;;;;;;;;;;;;;;;;;;;;;;;;;
;SHELF  K-1;3101826-01;SHAFT-PLANET GEAR;1;EA;RP;R27;WERNER RP TAG;REPAIRABLE TAG;03/01/2008;;;;;;;;;;;;;;;;;;;;;;;;;;;;;;;;;;;;;;;;;;;;;
;SHELF  K-1;3023250;GEAR-SUN;1;EA;AR;A0856;UNSERV AR TAG;UNSERV AR TAG;;;;;;;;;;;;;;;;;;;;;;;;;;;;;;;;;;;;;;;;;;;;;;
;SHELF  K-1;3014660;RING-SEALING POWER TURBINE;1;EA;AR;N/A;PWC UNSERV TAG;UNSV TAG;;;;;;;;;;;;;;;;;;;;;;;;;;;;;;;;;;;;;;;;;;;;;;
;SHELF  K-1;3109240-01;BUS BAR-POSITIVE TERMINAL,T5;1;EA;RP;N01387;WERNER UNSERV TAG;UNSV TAG;;;;;;;;;;;;;;;;;;;;;;;;;;;;;;;;;;;;;;;;;;;;;;
;SHELF  K-1;3109239-01;BUS BAR-NEGATIVE TERMINAL,T5;1;EA;RP;N01150;WERNER UNSERV TAG;UNSV TAG;;;;;;;;;;;;;;;;;;;;;;;;;;;;;;;;;;;;;;;;;;;;;;
;SHELF  K-1;3022378;CARRIER-1ST.STAGE RDCN;1;EA;AR;PWC05M1051;PWC UNSERV TAG;UNSV TAG;30/11/2005;;;;;;;;;;;;;;;;;;;;;;;;;;;;;;;;;;;;;;;;;;;;;
;SHELF  K-1;3016956;FAIRING-COMPRESSOR INLET;1;EA;AI;N/A;VECTOR UNSERV TAG;UNSV TAG;;;;;;;;;;;;;;;;;;;;;;;;;;;;;;;;;;;;;;;;;;;;;;
;SHELF  K-1;3024996;HOUSING ASSY THERMO BY-PASS & CHECK;1;EA;RP;PWV97-0049AS;WERNER RP TAG;REPAIRABLE TAG;;;;;;;;;;;;;;;;;;;;;;;;;;;;;;;;;;;;;;;;;;;;;;
;SHELF  K-1;3111431-01;RING ASYO-MOUNT.TOP CENTER FIRESEAL;1;EA;RP;N/A;PWC RP TAG;REPAIRABLE TAG;22/01/2004;;;;;;;;;;;;;;;;;;;;;;;;;;;;;;;;;;;;;;;;;;;;;
;SHELF  K-1;3028396;DIAPHRAGM ASSY-ACCESSORY GEARBOX;1;EA;RP;69029;PWC RP TAG;REPAIRABLE TAG;26/10/2005;;;;;;;;;;;;;;;;;;;;;;;;;;;;;;;;;;;;;;;;;;;;;
;SHELF  K-1;3040248;HOUSING ASSY-ACCESSORY GEARBOX;1;EA;RP;PWV91-1192;PWC RP TAG;REPAIRABLE TAG;11/03/2004;;;;;;;;;;;;;;;;;;;;;;;;;;;;;;;;;;;;;;;;;;;;;
;SHELF  K-1;3107285-01;CASE ASSY-COMPRESSOR INLET;1;EA;RP;N/A;PWC RP TAG;REPAIRABLE TAG;11/03/2004;;;;;;;;;;;;;;;;;;;;;;;;;;;;;;;;;;;;;;;;;;;;;
;SHELF  K-1;3013045;CASE ASSY-COMPRESSOR INLET;1;EA;RP;SW15457;PWC RP TAG;REPAIRABLE TAG;26/10/2005;;;;;;;;;;;;;;;;;;;;;;;;;;;;;;;;;;;;;;;;;;;;;
;SHELF  L-1;3012129;ACCY. GEARBOX (DIAPHRAGM);1;EA;RP;N/A;DALLAS RP TAG;REPAIRABLE TAG;05/11/2003;;;;;;;;;;;;;;;;;;;;;;;;;;;;;;;;;;;;;;;;;;;;;
;SHELF  L-1;3004116;COVER ASSY- MAIN SCAVENGE PUMP;1;EA;AR;N/A;UNSERV TAG;UNSV TAG;11/01/2005;;;;;;;;;;;;;;;;;;;;;;;;;;;;;;;;;;;;;;;;;;;;;
;SHELF  L-1;3026886;TUBE-TRANSFER;1;EA;AR;N/A;PWC UNSERV TAG;UNSV TAG;15/02/2006;;;;;;;;;;;;;;;;;;;;;;;;;;;;;;;;;;;;;;;;;;;;;
;SHELF  L-1;3021303;HOUSING-BLEED VALVE EXHAUST;1;EA;AR;N/A;UNSERV AR TAG;UNSV TAG;;;;;;;;;;;;;;;;;;;;;;;;;;;;;;;;;;;;;;;;;;;;;;
;SHELF  L-1;3003957;CARRIER-OIL SEAL;1;EA;AR;N/A;AR TAG;AR TAG;;;;;;;;;;;;;;;;;;;;;;;;;;;;;;;;;;;;;;;;;;;;;;
;SHELF  L-1;3002459;SPACER;1;EA;AR;N/A;ATLANTIC AR TAG;AR TAG;;;;;;;;;;;;;;;;;;;;;;;;;;;;;;;;;;;;;;;;;;;;;;
;SHELF  L-1;3009024;BOLT-CPRSR TURB STUB SHAFT;1;EA;AR;N/A;PWC AR TAG;AR TAG;15/02/2006;;;;;;;;;;;;;;;;;;;;;;;;;;;;;;;;;;;;;;;;;;;;;
;SHELF  L-1;3023034;TUBE-FUEL PRESSURE PRIMARY;1;EA;RP;N/A;PWC RP TAG;REPAIRABLE TAG;30/11/2005;;;;;;;;;;;;;;;;;;;;;;;;;;;;;;;;;;;;;;;;;;;;;
;SHELF  L-1;3012286;COUPLING SHAFT FLEX 2ND STAGE RED'N;1;EA;OH;4B728;TCCA AMO 3-92 Vector Aerospace;TCCA 24-0078;01/06/2011;;;;;;;;;;;;;;;;;;;;;;;;;;;;;;;;;;;;;;;;;;;;;
;SHELF  L-1;3004586;WASHER-THR-1STG CARRIER;1;EA;AR;N/A;ATLANTIC TURBINES TCCA 24-0078;TCCA 24-0078;31/10/2005;;;;;;;;;;;;;;;;;;;;;;;;;;;;;;;;;;;;;;;;;;;;;
;SHELF  L-1;3008799;GEAR - SPUR;2;EA;AR;N/A;PWC Unserviceable Tag;UNSV TAG;15/02/2006;;;;;;;;;;;;;;;;;;;;;;;;;;;;;;;;;;;;;;;;;;;;;
;SHELF  L-1;3023003;TUBE-AIR PRESS GOV FRONT;1;EA;AR;N/A;ATLANTIC TURBINES TCCA 24-0078;TCCA 24-0078;01/11/2005;;;;;;;;;;;;;;;;;;;;;;;;;;;;;;;;;;;;;;;;;;;;;
;SHELF  L-1;3019295;TUBE-INSULTD APRES;1;EA;RP;SS2296C;PWC RP TAG;REPAIRABLE TAG;30/11/2005;;;;;;;;;;;;;;;;;;;;;;;;;;;;;;;;;;;;;;;;;;;;;
;SHELF  L-1;3011292;EXTENSION FUEL CONTROL ARM;1;EA;AR;N/A;PWC AR TAG;REPAIRABLE TAG;15/02/2006;;;;;;;;;;;;;;;;;;;;;;;;;;;;;;;;;;;;;;;;;;;;;
;SHELF  L-1;3022333;BRACKET-ENGINE LIFTING;1;EA;AR;N/A;PWC UNSERV TAG;UNSV TAG;15/02/2006;;;;;;;;;;;;;;;;;;;;;;;;;;;;;;;;;;;;;;;;;;;;;
;SHELF  L-1;3011357;TUBE-NO.2 BEARING OIL SCAVENGE;1;EA;AR;N/A;PWC AR TAG;AR TAG;15/02/2006;;;;;;;;;;;;;;;;;;;;;;;;;;;;;;;;;;;;;;;;;;;;;
;SHELF  L-1;3004085;CARRIER OIL SEAL;2;EA;AR;N/A;ATLANTIC AR TAG;AR TAG;31/10/2005;;;;;;;;;;;;;;;;;;;;;;;;;;;;;;;;;;;;;;;;;;;;;
;SHELF  L-1;3007319;NUT PLAIN ROUND 2.125-20X.225;1;EA;AR;N/A;PWC AR TAG;AR TAG;16/02/2006;;;;;;;;;;;;;;;;;;;;;;;;;;;;;;;;;;;;;;;;;;;;;
;SHELF  L-1;3009478;COUPLING ASY EXT SCAV TRANS;1;EA;AR;N/A;PWC AR TAG;AR TAG;15/02/2006;;;;;;;;;;;;;;;;;;;;;;;;;;;;;;;;;;;;;;;;;;;;;
;SHELF  L-1;3007103;ELBOW-PRESSURE OIL TRANSFER FRONT;1;EA;AR;N/A;PWC AR TAG;AR TAG;15/02/2006;;;;;;;;;;;;;;;;;;;;;;;;;;;;;;;;;;;;;;;;;;;;;
;SHELF  L-1;3019288;TUBE-HTD AIR PRESS GOV REAR;1;EA;AR;N/A;ATLANTIC AR TAG;ATLANTIC AR TAG;01/11/2005;;;;;;;;;;;;;;;;;;;;;;;;;;;;;;;;;;;;;;;;;;;;;
;SHELF  L-1;3024567;VALVE-BY PASS;1;EA;AR;N/A;PWC AR TAG;AR TAG;15/02/2006;;;;;;;;;;;;;;;;;;;;;;;;;;;;;;;;;;;;;;;;;;;;;
;SHELF  L-1;3021579;TRANSFER TUBE ASSY-XFR PACKING;1;EA;AR;N/A;UNSERV TAG;UNSV TAG;;;;;;;;;;;;;;;;;;;;;;;;;;;;;;;;;;;;;;;;;;;;;;
;SHELF  L-1;3013164;STOP-LOW PITCH ADJNG;1;EA;AR;N/A;PWC AR TAG;AR TAG;16/02/2006;;;;;;;;;;;;;;;;;;;;;;;;;;;;;;;;;;;;;;;;;;;;;
;SHELF  L-1;3021403;COMPRESSOR ROTOR BLADES - STAGE 3;2;EA;AR;N/A;ATLANTIC TURBINES TCCA 24-0078;TCCA 24-0078;;;;;;;;;;;;;;;;;;;;;;;;;;;;;;;;;;;;;;;;;;;;;;
;SHELF  L-1;3019335;COUPLING-EXTERNAL;1;EA;AR;N/A;ATLANTIC AR TAG;AR TAG;01/11/2005;;;;;;;;;;;;;;;;;;;;;;;;;;;;;;;;;;;;;;;;;;;;;
;SHELF  L-1;3020358;SLEEVE-FUEL HEATER CHECK VALVE;1;EA;AR;N/A;AR Fichier 102586 Page 5;AR TAG;15/02/2006;;;;;;;;;;;;;;;;;;;;;;;;;;;;;;;;;;;;;;;;;;;;;
;SHELF  L-1;3020035;SEAL-AIR;1;EA;AR;N/A;PWC AR TAG;AR TAG;15/02/2006;;;;;;;;;;;;;;;;;;;;;;;;;;;;;;;;;;;;;;;;;;;;;
;SHELF  L-1;3012381;BRACKET CONTROL LEVER MOUNTING;1;EA;AR;N/A;VECTOR AR TAG;AR TAG;06/11/2013;;;;;;;;;;;;;;;;;;;;;;;;;;;;;;;;;;;;;;;;;;;;;
;SHELF  L-1;3012521;SPACER COMPR DISC;1;EA;AR;A0650;PWC AR TAG;AR TAG;15/02/2006;;;;;;;;;;;;;;;;;;;;;;;;;;;;;;;;;;;;;;;;;;;;;
;SHELF  L-1;3008787;CONNECTOR-ROD END .190-32UNFX1.250;2;EA;AR;N/A;ATLANTIC TURBINES TCCA 24-0078;TCCA 24-0078;31/10/2005;;;;;;;;;;;;;;;;;;;;;;;;;;;;;;;;;;;;;;;;;;;;;
;SHELF  L-1;3008360;GEARSHAFT ASY-MAIN SCAV PUMP;1;EA;AR;N/A;PWC AR TAG;AR TAG;15/02/2006;;;;;;;;;;;;;;;;;;;;;;;;;;;;;;;;;;;;;;;;;;;;;
;SHELF  L-1;3003862;NUT-SPANNER COMPR BRG;1;EA;AR;N/A;ATLANTIC AR TAG;AR TAG;01/11/2005;;;;;;;;;;;;;;;;;;;;;;;;;;;;;;;;;;;;;;;;;;;;;
;SHELF  L-1;3004117;SHAFTGEAR MAIN SCAVENGE PUMP;1;EA;AR;N/A;ATLANTIC AR TAG;AR TAG;01/11/2005;;;;;;;;;;;;;;;;;;;;;;;;;;;;;;;;;;;;;;;;;;;;;
;SHELF  L-1;3053995;THERMOCOUPLE-TRIM;1;EA;RP;NR00078;WERNER RP TAG;REPAIRABLE TAG;22/03/2005;;;;;;;;;;;;;;;;;;;;;;;;;;;;;;;;;;;;;;;;;;;;;
;SHELF  L-1;3005664;SHAFTGEAR-BEVEL GOVERNOR DRIVE;2;EA;AR;N/A;PWC AR TAG;AR TAG;15/02/2006;;;;;;;;;;;;;;;;;;;;;;;;;;;;;;;;;;;;;;;;;;;;;
;SHELF  L-1;3004238;RETAINING PLATE;3;EA;AR;N/A;ATLANTIC AR TAG;AR TAG;11-31-05;;;;;;;;;;;;;;;;;;;;;;;;;;;;;;;;;;;;;;;;;;;;;
;SHELF  L-1;3008784;GEAR-SPUR;2;EA;AR;N/A;Unserviceable TAG Trace 55;UNSV TAG;;;;;;;;;;;;;;;;;;;;;;;;;;;;;;;;;;;;;;;;;;;;;;
;SHELF  L-1;3030150;TUBE-PRESSURE OIL TRANSFER;1;EA;AR;N/A;ATLANTIC AR TAG;AR TAG;01/11/2005;;;;;;;;;;;;;;;;;;;;;;;;;;;;;;;;;;;;;;;;;;;;;
;SHELF  L-1;3026614;RING-MTG TOP REAR FIRESEAL;1;EA;RP;PWC91D3760;WERNER RP TAG;REPAIRABLE TAG;;;;;;;;;;;;;;;;;;;;;;;;;;;;;;;;;;;;;;;;;;;;;;
PWC91D3762 OR PWC91D3712;SHELF  L-1;3030996;RING-MOUNT BOTTOM REAR FIRESEAL ASYO;1;EA;RP;PWC91D3762 OR PWC91D3712;WERNER RP TAG;REPAIRABLE TAG;;;;;;;;;;;;;;;;;;;;;;;;;;;;;;;;;;;;;;;;;;;;;;
;SHELF  L-1;3116512-01;AGB DIAPHRAGM;1;EA;RP;5665;WERNER RP TAG;REPAIRABLE TAG;;;;;;;;;;;;;;;;;;;;;;;;;;;;;;;;;;;;;;;;;;;;;;
;SHELF  L-1;3019314;RING-MTG TOP CENTER FIRESEAL;1;EA;RP;PWC91D3756;WERNER RP TAG;REPAIRABLE TAG;;;;;;;;;;;;;;;;;;;;;;;;;;;;;;;;;;;;;;;;;;;;;;
;SHELF  L-1;3019316;RING-MTG BOTTOM CENTER FIRESEAL;1;EA;RP;PWC91D3758;WERNER RP TAG;REPAIRABLE TAG;;;;;;;;;;;;;;;;;;;;;;;;;;;;;;;;;;;;;;;;;;;;;;
;SHELF  L-1;3011755;INSUL BLANKET-POWER SECT;1;EA;RP;N/A;Dallas Airmotive Reparable Tag;REPAIRABLE TAG;;;;;;;;;;;;;;;;;;;;;;;;;;;;;;;;;;;;;;;;;;;;;;
;SHELF  L-1;3030996;RING-MOUNT BOTTOM REAR FIRESEAL ASYO;1;EA;AR;N/A;PWC AR TAG;AR TAG;30/11/2005;;;;;;;;;;;;;;;;;;;;;;;;;;;;;;;;;;;;;;;;;;;;;
;SHELF  L-1;3024567;VALVE-BY PASS;1;EA;AR;N/A;ATLANTIC AR TAG;AR TAG;;;;;;;;;;;;;;;;;;;;;;;;;;;;;;;;;;;;;;;;;;;;;;
;SHELF  L-1;3024919;CHECK VALVE HOUSING;1;EA;AR;N/A;ATLANTIC AR TAG;AR TAG;;;;;;;;;;;;;;;;;;;;;;;;;;;;;;;;;;;;;;;;;;;;;;
;SHELF  L-1;3113605-01;COUPLING SLEEVE;1;EA;AR;N/A;ATLANTIC AR TAG;AR TAG;;;;;;;;;;;;;;;;;;;;;;;;;;;;;;;;;;;;;;;;;;;;;;
;SHELF  L-1;3024673;COVER ASSY-PROPELLER THRUST BEARING;1;EA;AI;PWC956348;ATLANTIC AR TAG;AR TAG;;;;;;;;;;;;;;;;;;;;;;;;;;;;;;;;;;;;;;;;;;;;;;
;SHELF  L-1;3029247;FRONT OIL SCAVENGE ELBOW;1;EA;AR;N/A;ATLANTIC AR TAG;AR TAG;01/11/2005;;;;;;;;;;;;;;;;;;;;;;;;;;;;;;;;;;;;;;;;;;;;;
;SHELF  L-1;3029885;NUT;1;EA;AR;N/A;ATLANTIC AR TAG;AR TAG;31/10/2005;;;;;;;;;;;;;;;;;;;;;;;;;;;;;;;;;;;;;;;;;;;;;
;SHELF  L-1;3029306;SEAL-AIR COMPRESSOR TURBINE ROTOR;1;EA;AR;N/A;ATLANTIC AR TAG;AR TAG;01/11/2005;;;;;;;;;;;;;;;;;;;;;;;;;;;;;;;;;;;;;;;;;;;;;
;SHELF  L-1;3015752;ADAPTER;1;EA;AR;N/A;ATLANTIC AR TAG;AR TAG;31/10/2005;;;;;;;;;;;;;;;;;;;;;;;;;;;;;;;;;;;;;;;;;;;;;
;SHELF  L-1;3013145;TUBE-PROP.SHAFT OIL TRANSFER;1;EA;AR;N/A;ATLANTIC AR TAG;AR TAG;01/11/2005;;;;;;;;;;;;;;;;;;;;;;;;;;;;;;;;;;;;;;;;;;;;;
;SHELF  L-1;3018397;TIE ROD-CPRSR RTR;6;EA;AR;N/A;ATLANTIC AR TAG;AR TAG;30/10/2005;;;;;;;;;;;;;;;;;;;;;;;;;;;;;;;;;;;;;;;;;;;;;
;SHELF  L-1;AS3221;COVER;1;EA;AR;N/A;ATLANTIC AR TAG;AR TAG;;;;;;;;;;;;;;;;;;;;;;;;;;;;;;;;;;;;;;;;;;;;;;
;SHELF  L-1;3011429;SEAL-AIR;1;EA;AR;N/A;ATLANTIC AR TAG;AR TAG;;;;;;;;;;;;;;;;;;;;;;;;;;;;;;;;;;;;;;;;;;;;;;
;SHELF  L-1;3011543;BRACKET GUIDE PIN REVERS ASYO;1;EA;AR;N/A;ATLANTIC AR TAG;AR TAG;;;;;;;;;;;;;;;;;;;;;;;;;;;;;;;;;;;;;;;;;;;;;;
;SHELF  L-1;3035102;IGNITER PLUG;2;EA;AR;N/A;ATLANTIC AR TAG;AR TAG;;;;;;;;;;;;;;;;;;;;;;;;;;;;;;;;;;;;;;;;;;;;;;
;SHELF  L-1;3030686;SPRING;1;EA;AR;N/A;ATLANTIC AR TAG;AR TAG;;;;;;;;;;;;;;;;;;;;;;;;;;;;;;;;;;;;;;;;;;;;;;
;SHELF  L-1;3109766-01;PT COUPLING;1;EA;AR;N/A;ATLANTIC AR TAG;AR TAG;;;;;;;;;;;;;;;;;;;;;;;;;;;;;;;;;;;;;;;;;;;;;;
;SHELF  L-1;3030295;OIL FILTER HOUSING;1;EA;AR;N/A;ATLANTIC AR TAG;AR TAG;;;;;;;;;;;;;;;;;;;;;;;;;;;;;;;;;;;;;;;;;;;;;;
;SHELF  L-1;3034026;CHIP DETECTOR;1;EA;AR;N/A;ATLANTIC AR TAG;AR TAG;;;;;;;;;;;;;;;;;;;;;;;;;;;;;;;;;;;;;;;;;;;;;;
;SHELF  L-1;3028753;BLADE RETAINING RING;1;EA;AR;N/A;ATLANTIC AR TAG;AR TAG;;;;;;;;;;;;;;;;;;;;;;;;;;;;;;;;;;;;;;;;;;;;;;
;SHELF  L-1;3024920;SPRING;1;EA;AR;N/A;ATLANTIC AR TAG;AR TAG;;;;;;;;;;;;;;;;;;;;;;;;;;;;;;;;;;;;;;;;;;;;;;
;SHELF  L-1;3010467;SPRING;1;EA;AR;N/A;ATLANTIC AR TAG;AR TAG;;;;;;;;;;;;;;;;;;;;;;;;;;;;;;;;;;;;;;;;;;;;;;
;SHELF  L-1;3024565;SPRING;1;EA;AR;N/A;ATLANTIC AR TAG;AR TAG;;;;;;;;;;;;;;;;;;;;;;;;;;;;;;;;;;;;;;;;;;;;;;
;SHELF  L-1;3019246;ELBOW-PRESSURE OIL TRANSFER FRONT;1;EA;AR;N/A;ATLANTIC AR TAG;AR TAG;;;;;;;;;;;;;;;;;;;;;;;;;;;;;;;;;;;;;;;;;;;;;;
;SHELF  L-1;3024564;BY-PASS VALVE SPRING;1;EA;AR;N/A;ATLANTIC AR TAG;AR TAG;;;;;;;;;;;;;;;;;;;;;;;;;;;;;;;;;;;;;;;;;;;;;;
;SHELF  L-1;3015114;RETENTION PLATE;1;EA;AR;N/A;ATLANTIC AR TAG;AR TAG;;;;;;;;;;;;;;;;;;;;;;;;;;;;;;;;;;;;;;;;;;;;;;
;SHELF  L-1;3024870;POWER TURBINE SHAFT;1;EA;AR;A2052;ATLANTIC AR TAG;AR TAG;;;;;;;;;;;;;;;;;;;;;;;;;;;;;;;;;;;;;;;;;;;;;;
;SHELF  L-1;CH53399-06;IGNITION CABLE;2;EA;AR;N/A;ATLANTIC AR TAG;AR TAG;;;;;;;;;;;;;;;;;;;;;;;;;;;;;;;;;;;;;;;;;;;;;;
;SHELF  L-2;3012124;HOUSING ASY MAIN SCAV PUMP IN;1;EA;RP;N/A;DALLAS RP TAG;REPAIRABLE TAG;11/11/2005;;;;;;;;;;;;;;;;;;;;;;;;;;;;;;;;;;;;;;;;;;;;;
;SHELF  L-2;3013458;ROD-INTERCONNECT FUEL CONT;1;EA;AR;N/A;Dallas Airmotive Condemn Tag;CONDEMN TAG;November 2005;;;;;;;;;;;;;;;;;;;;;;;;;;;;;;;;;;;;;;;;;;;;;
;SHELF  L-2;3020667;TUBE-PRESS.OIL TRANSFER;1;EA;RP;N/A;Dallas Airmotive Reparable Tag;REPAIRABLE TAG;21/11/2005;;;;;;;;;;;;;;;;;;;;;;;;;;;;;;;;;;;;;;;;;;;;;
;SHELF  L-2;3014679;SPACER-COMPRESSOR DISC;1;EA;RP;N/A;DALLAS RP TAG;REPAIRABLE TAG;22/11/2005;;;;;;;;;;;;;;;;;;;;;;;;;;;;;;;;;;;;;;;;;;;;;
;SHELF  L-2;3024287;HOUSING-SCAVENGE PUMP;1;EA;RP;N/A;Dallas Airmotive Reparable Tag;REPAIRABLE TAG;November 2005;;;;;;;;;;;;;;;;;;;;;;;;;;;;;;;;;;;;;;;;;;;;;
;SHELF  L-2;3018869;CYLINDER-TORQUEMETER;1;EA;RP;N/A;DALLAS RP TAG;REPAIRABLE TAG;15/11/2005;;;;;;;;;;;;;;;;;;;;;;;;;;;;;;;;;;;;;;;;;;;;;
;SHELF  L-2;3013632;SPACER COMPR DISC;1;EA;RP;N/A;DALLAS RP TAG;REPAIRABLE TAG;22/11/2005;;;;;;;;;;;;;;;;;;;;;;;;;;;;;;;;;;;;;;;;;;;;;
;SHELF  L-2;3016058;COVER NO.2 BEARING HOUSING;1;EA;RP;N/A;DALLAS RP TAG;REPAIRABLE TAG;11/11/2005;;;;;;;;;;;;;;;;;;;;;;;;;;;;;;;;;;;;;;;;;;;;;
;SHELF  L-2;3011359;SPACER-SCAVENGE PUMP;1;EA;RP;N/A;DALLAS RP TAG;REPAIRABLE TAG;10/11/2005;;;;;;;;;;;;;;;;;;;;;;;;;;;;;;;;;;;;;;;;;;;;;
;SHELF  L-2;3021653;HOSE-NONMETALLIC;1;EA;RP;N/A;Dallas Airmotive Reparable Tag;REPAIRABLE TAG;;;;;;;;;;;;;;;;;;;;;;;;;;;;;;;;;;;;;;;;;;;;;;
;SHELF  L-2;3024671;COVER;1;EA;RP;N/A;Dallas Airmotive Reparable Tag;REPAIRABLE TAG;15/11/2005;;;;;;;;;;;;;;;;;;;;;;;;;;;;;;;;;;;;;;;;;;;;;
;SHELF  L-2;3016158;HOUSING-RELIEF VALVE;1;EA;AR;N/A;DALLAS AR TAG;AR TAG;16/11/2005;;;;;;;;;;;;;;;;;;;;;;;;;;;;;;;;;;;;;;;;;;;;;
;SHELF  L-2;3012381;BRACKET CONTROL LEVER MOUNTING;1;EA;AI;N/A;Dallas Airmotive Condemn Tag;CONDEMN TAG;November 2005;;;;;;;;;;;;;;;;;;;;;;;;;;;;;;;;;;;;;;;;;;;;;
;SHELF  L-2;3028222;SEAL-AIR;1;EA;AR;N/A;Dallas Airmotive Condemn Tag;CONDEMN TAG;November 2005;;;;;;;;;;;;;;;;;;;;;;;;;;;;;;;;;;;;;;;;;;;;;
;SHELF  L-2;3011291;CAM-PROPELLER CONTROL;1;EA;AR;N/A;Dallas Airmotive Condemn Tag;CONDEMN TAG;01/11/2005;;;;;;;;;;;;;;;;;;;;;;;;;;;;;;;;;;;;;;;;;;;;;
;SHELF  L-2;3008012;GEAR-PLANET SECOND STAGE REDUCTION;1;EA;AI;42D065;Dallas Airmotive Condemn Tag ;CONDEMN TAG;November 2005;;;;;;;;;;;;;;;;;;;;;;;;;;;;;;;;;;;;;;;;;;;;;
;SHELF  L-2;3021570;HOUSING - PRESSURE RELIEF VALVE;1;EA;AR;N/A;Dallas Airmotive Condemn Tag;CONDEMN TAG;November 2005;;;;;;;;;;;;;;;;;;;;;;;;;;;;;;;;;;;;;;;;;;;;;
;SHELF  L-2;3023254;STOP-2ND STAGE SUN GEAR;1;EA;AR;N/A;Dallas Airmotive Condemn Tag;CONDEMN TAG;10/11/2005;;;;;;;;;;;;;;;;;;;;;;;;;;;;;;;;;;;;;;;;;;;;;
;SHELF  L-2;3008799;GEAR - SPUR;2;EA;AR;N/A;DALLAS AR TAG;CONDEMN TAG;10/11/2005;;;;;;;;;;;;;;;;;;;;;;;;;;;;;;;;;;;;;;;;;;;;;
;SHELF  L-2;3008784;GEAR-SPUR;2;EA;AR;N/A;DALLAS AR TAG;AR TAG;11/11/2005;;;;;;;;;;;;;;;;;;;;;;;;;;;;;;;;;;;;;;;;;;;;;
;SHELF  L-2;3008182;GEARSHAFT-SPUR;1;EA;AR;N/A;DALLAS AR TAG;AR TAG;11/11/2005;;;;;;;;;;;;;;;;;;;;;;;;;;;;;;;;;;;;;;;;;;;;;
;SHELF  L-2;3032789;TUBE-INSULATED,AIR PRESS GOV,RR,ASYO;1;EA;RP;N/A;PWC Reparable Tag 03/2004;REPAIRABLE TAG;16/03/2004;;;;;;;;;;;;;;;;;;;;;;;;;;;;;;;;;;;;;;;;;;;;;
;SHELF  L-2;3018869;CYLINDER-TORQUEMETER;1;EA;RP;CPWA2339;Dallas Airmotive Reparable Tag;REPAIRABLE TAG;01/09/2005;;;;;;;;;;;;;;;;;;;;;;;;;;;;;;;;;;;;;;;;;;;;;
;SHELF  L-2;3118083-01;HSGPUMP;1;EA;RP;N/A;DALLAS RP TAG;REPAIRABLE TAG;27/09/2005;;;;;;;;;;;;;;;;;;;;;;;;;;;;;;;;;;;;;;;;;;;;;
;SHELF  L-2;3007102;ELBOW SCAVENGE OIL TRANS FR.;1;EA;RP;N/A;DALLAS RP TAG;REPAIRABLE TAG;20/09/2005;;;;;;;;;;;;;;;;;;;;;;;;;;;;;;;;;;;;;;;;;;;;;
;SHELF  L-2;3004517;BEARING - HOUSING OUTER;1;EA;RP;N/A;DALLAS RP TAG;REPAIRABLE TAG;21/09/2005;;;;;;;;;;;;;;;;;;;;;;;;;;;;;;;;;;;;;;;;;;;;;
;SHELF  L-2;3013151;COVER-OIL FILTER;1;EA;RP;N/A;Dallas Airmotive Reparable Tag;REPAIRABLE TAG;16/09/2005;;;;;;;;;;;;;;;;;;;;;;;;;;;;;;;;;;;;;;;;;;;;;
;SHELF  L-2;3006017;FLANGED COVER;1;EA;RP;N/A;DALLAS RP TAG;REPAIRABLE TAG;20/09/2005;;;;;;;;;;;;;;;;;;;;;;;;;;;;;;;;;;;;;;;;;;;;;
;SHELF  L-2;AN100043;COVER-PLAIN;2;EA;RP;N/A;DALLAS RP TAG;REPAIRABLE TAG;16/09/2005;;;;;;;;;;;;;;;;;;;;;;;;;;;;;;;;;;;;;;;;;;;;;
;SHELF  L-2;3108979-01;COVER;1;EA;RP;N/A;DALLAS RP TAG;REPAIRABLE TAG;19/09/2005;;;;;;;;;;;;;;;;;;;;;;;;;;;;;;;;;;;;;;;;;;;;;
;SHELF  L-2;3009478;COUPLING ASY EXT SCAV TRANS;1;EA;RP;N/A;DALLAS RP TAG;REPAIRABLE TAG;19/09/2005;;;;;;;;;;;;;;;;;;;;;;;;;;;;;;;;;;;;;;;;;;;;;
;SHELF  L-2;3028822;TUBE;1;EA;RP;N/A;DALLAS RP TAG;REPAIRABLE TAG;20/09/2005;;;;;;;;;;;;;;;;;;;;;;;;;;;;;;;;;;;;;;;;;;;;;
;SHELF  L-2;3008144;CAP TUBE BREATHER BOSS;1;EA;RP;N/A;DALLAS RP TAG;REPAIRABLE TAG;19/09/2005;;;;;;;;;;;;;;;;;;;;;;;;;;;;;;;;;;;;;;;;;;;;;
;SHELF  L-2;3013632;SPACER COMPR DISC;1;EA;RP;N/A;Dallas Airmotive Reparable Tag;REPAIRABLE TAG;16/09/2005;;;;;;;;;;;;;;;;;;;;;;;;;;;;;;;;;;;;;;;;;;;;;
;SHELF  L-2;3014679;SPACER-COMPRESSOR DISC;1;EA;RP;N/A;Dallas Airmotive Reparable Tag;REPAIRABLE TAG;16/09/2005;;;;;;;;;;;;;;;;;;;;;;;;;;;;;;;;;;;;;;;;;;;;;
;SHELF  L-2;3004097;TUBE-FLANGED;1;EA;AR;N/A;Unserviceable tag;UNSV TAG;19/09/2005;;;;;;;;;;;;;;;;;;;;;;;;;;;;;;;;;;;;;;;;;;;;;
;SHELF  L-2;3010464;PIN;1;EA;AR;N/A;DALLAS AR TAG;DALLAS AR TAG;21/09/2005;;;;;;;;;;;;;;;;;;;;;;;;;;;;;;;;;;;;;;;;;;;;;
;SHELF  L-2;3013460;ROD-INTERCONNECT FUEL CONT;1;EA;AR;N/A;DALLAS AR TAG;DALLAS AR TAG;23/09/2005;;;;;;;;;;;;;;;;;;;;;;;;;;;;;;;;;;;;;;;;;;;;;
;SHELF  L-2;3045163-01;TERMINL;1;EA;AR;N/A;DALLAS AR TAG;DALLAS AR TAG;16/09/2005;;;;;;;;;;;;;;;;;;;;;;;;;;;;;;;;;;;;;;;;;;;;;
;SHELF  L-2;3012286;COUPLING SHAFT FLEX 2ND STAGE RED'N;1;EA;AR;9W248;DALLAS AR TAG;DALLAS AR TAG;21/09/2005;;;;;;;;;;;;;;;;;;;;;;;;;;;;;;;;;;;;;;;;;;;;;
;SHELF  L-2;3020958;VALVE - PRESSURE RELIEF;1;EA;AR;N/A;Dallas Airmotive Condemn Tag;CONDEMN TAG;23/09/2005;;;;;;;;;;;;;;;;;;;;;;;;;;;;;;;;;;;;;;;;;;;;;
;SHELF  L-2;3022333;BRACKET-ENGINE LIFTING;1;EA;AR;N/A;Dallas Airmotive Condemn Tag;CONDEMN TAG;05/09/2014;;;;;;;;;;;;;;;;;;;;;;;;;;;;;;;;;;;;;;;;;;;;;
;SHELF  L-2;3007389;ELBOW-TUBE;1;EA;AR;N/A;DALLAS AR TAG;AR TAG;19/09/2005;;;;;;;;;;;;;;;;;;;;;;;;;;;;;;;;;;;;;;;;;;;;;
;SHELF  L-2;3019924;PLATE;2;EA;AR;N/A;Dallas Airmotive Condemn Tag;CONDEMN TAG;19/09/2005;;;;;;;;;;;;;;;;;;;;;;;;;;;;;;;;;;;;;;;;;;;;;
;SHELF  L-2;3034026;CHIP DETECTOR;1;EA;AR;N/A;Dallas Airmotive Condemn Tag;CONDEMN TAG;23/09/2005;;;;;;;;;;;;;;;;;;;;;;;;;;;;;;;;;;;;;;;;;;;;;
;SHELF  L-2;3111764-01;BOLT-TURBINE RETAINING;1;EA;AR;N/A;DALLAS AR TAG;AR TAG;19/09/2005;;;;;;;;;;;;;;;;;;;;;;;;;;;;;;;;;;;;;;;;;;;;;
;SHELF  L-2;3114662-01;RUNNER;1;EA;AR;N/A;DALLAS AR TAG;AR TAG;12/09/2005;;;;;;;;;;;;;;;;;;;;;;;;;;;;;;;;;;;;;;;;;;;;;
;SHELF  L-2;3007103;ELBOW-PRESSURE OIL TRANSFER FRONT;1;EA;RP;N/A;DALLAS RP TAG;REPAIRABLE TAG;19/09/2005;;;;;;;;;;;;;;;;;;;;;;;;;;;;;;;;;;;;;;;;;;;;;
;SHELF  L-2;3013444;ADAPTER-TUBE TO BOSS;1;EA;RP;N/A;DALLAS RP TAG;REPAIRABLE TAG;27/09/2005;;;;;;;;;;;;;;;;;;;;;;;;;;;;;;;;;;;;;;;;;;;;;
;SHELF  L-2;3035102;IGNITER PLUG;1;EA;AR;N/A;DALLAS AR TAG;AR TAG;23/09/2005;;;;;;;;;;;;;;;;;;;;;;;;;;;;;;;;;;;;;;;;;;;;;
;SHELF  L-2;3006731;COUPLING - SHAFT;2;EA;AR;N/A;DALLAS AR TAG;AR TAG;23/09/2005;;;;;;;;;;;;;;;;;;;;;;;;;;;;;;;;;;;;;;;;;;;;;
;SHELF  L-2;3109949-01;WASHER;1;EA;AR;N/A;DALLAS AR TAG;AR TAG;19/09/2005;;;;;;;;;;;;;;;;;;;;;;;;;;;;;;;;;;;;;;;;;;;;;
;SHELF  L-2;3009095;ADJUSTR;1;EA;AR;N/A;Dallas Airmotive Condemn Tag ;CONDEMN TAG;23/09/2005;;;;;;;;;;;;;;;;;;;;;;;;;;;;;;;;;;;;;;;;;;;;;
;SHELF  L-2;3109950-01;NUT;1;EA;AR;N/A;DALLAS AR TAG;AR TAG;19/09/2005;;;;;;;;;;;;;;;;;;;;;;;;;;;;;;;;;;;;;;;;;;;;;
;SHELF  L-2;3011857;TUBE-FUEL PRESSURE;1;EA;AR;N/A;DALLAS AR TAG;AR TAG;19/09/2005;;;;;;;;;;;;;;;;;;;;;;;;;;;;;;;;;;;;;;;;;;;;;
;SHELF  L-2;3017968;SEAL-AIR COMP;1;EA;AR;N/A;DALLAS AR TAG;AR TAG;14/09/2005;;;;;;;;;;;;;;;;;;;;;;;;;;;;;;;;;;;;;;;;;;;;;
;SHELF  L-2;3100828-01;HOUSINGY;1;EA;AR;N/A;DALLAS AR TAG;AR TAG;21/09/2005;;;;;;;;;;;;;;;;;;;;;;;;;;;;;;;;;;;;;;;;;;;;;
;SHELF  L-2;3010458;ROD-INTERNALLY THDED;1;EA;AR;N/A;DALLAS AR TAG;AR TAG;23/09/2005;;;;;;;;;;;;;;;;;;;;;;;;;;;;;;;;;;;;;;;;;;;;;
;SHELF  L-2;3012341;HOUSING-OIL RETURN CHECK VALVE;1;EA;AR;N/A;DALLAS AR TAG;AR TAG;29/09/2005;;;;;;;;;;;;;;;;;;;;;;;;;;;;;;;;;;;;;;;;;;;;;
;SHELF  L-2;3031184;SEAL-AIR COMPRESSOR;1;EA;AR;N/A;Dallas Airmotive Condemn Tag;CONDEMN TAG;29/09/2005;;;;;;;;;;;;;;;;;;;;;;;;;;;;;;;;;;;;;;;;;;;;;
;SHELF  L-2;3011491;BRACKET FLAT ENG LIFT RR;1;EA;AR;N/A;DALLAS AR TAG;AR TAG;29/09/2005;;;;;;;;;;;;;;;;;;;;;;;;;;;;;;;;;;;;;;;;;;;;;
;SHELF  L-2;3020907;FILLER CAP-OIL;1;EA;AR;N/A;Dallas Airmotive Condemn Tag;CONDEMN TAG;29/09/2006;;;;;;;;;;;;;;;;;;;;;;;;;;;;;;;;;;;;;;;;;;;;;
;SHELF  L-2;3009476;COUPLING ASY EXT PRESS TRANS;1;EA;AR;N/A;DALLAS RP TAG;REPAIRABLE TAG;29/09/2005;;;;;;;;;;;;;;;;;;;;;;;;;;;;;;;;;;;;;;;;;;;;;
;SHELF  L-2;3008128;GEARSHAFT,MAIN SCAVENGE PUMP;1;EA;AR;N/A;DALLAS AR TAG;AR TAG;21/09/2005;;;;;;;;;;;;;;;;;;;;;;;;;;;;;;;;;;;;;;;;;;;;;
;SHELF  L-2;3045079-01;TUBE   Y;1;EA;AR;N/A;DALLAS AR TAG;AR TAG;21/09/2005;;;;;;;;;;;;;;;;;;;;;;;;;;;;;;;;;;;;;;;;;;;;;
;SHELF  L-2;3111860-01;SUPPORT;1;EA;AR;N/A;Dallas Airmotive Condemn Tag;CONDEMN TAG;29/09/2005;;;;;;;;;;;;;;;;;;;;;;;;;;;;;;;;;;;;;;;;;;;;;
;SHELF  L-2;3005664;SHAFTGEAR-BEVEL GOVERNOR DRIVE;2;EA;AR;HB2903 & HB9073;DALLAS AR TAG;AR TAG;23/09/2005;;;;;;;;;;;;;;;;;;;;;;;;;;;;;;;;;;;;;;;;;;;;;
;SHELF  L-2;3112368-01;STARTER GEN BRG;1;EA;AR;FA9710674;Condemn Part;CONDEMN TAG;21/06/2006;;;;;;;;;;;;;;;;;;;;;;;;;;;;;;;;;;;;;;;;;;;;;
;SHELF  L-2;3112369-01;ACC BEARING;1;EA;AR;BB975590;CONDEMN Part Covington June 2006 ;CONDEMN TAG;21/06/2006;;;;;;;;;;;;;;;;;;;;;;;;;;;;;;;;;;;;;;;;;;;;;
;SHELF  L-2;3112368-01;STARTER GEN BRG;1;EA;AR;FA9711867;Condemn Part;CONDEMN TAG;21/06/2006;;;;;;;;;;;;;;;;;;;;;;;;;;;;;;;;;;;;;;;;;;;;;
;SHELF  L-2;3112368-01;STARTER GEN BRG;1;EA;AR;FA9710671;CONDEMN TAG;CONDEMN TAG;21/06/2006;;;;;;;;;;;;;;;;;;;;;;;;;;;;;;;;;;;;;;;;;;;;;
;SHELF  L-2;MS28034-3;TEMP PROBE;1;EA;AR;83921;INTL TURBINES AR TAG;AR TAG;;;;;;;;;;;;;;;;;;;;;;;;;;;;;;;;;;;;;;;;;;;;;;
;SHELF  L-2;211C117-14;SWITCH;1;EA;AR;0919;INTL TURBINES AR TAG;AR TAG;22/08/2005;;;;;;;;;;;;;;;;;;;;;;;;;;;;;;;;;;;;;;;;;;;;;
;SHELF  L-2;3053094;SHROUD SEGMENT-COMPRESSOR TURBINE;9;EA;AR;N/A;INTL TURBINES AR TAG;AR TAG;;;;;;;;;;;;;;;;;;;;;;;;;;;;;;;;;;;;;;;;;;;;;;
;SHELF  L-2;3111741-01;VANESGMY;7;EA;AR;N/A;INTL TURBINES AR TAG;AR TAG;;;;;;;;;;;;;;;;;;;;;;;;;;;;;;;;;;;;;;;;;;;;;;
;SHELF  L-3;3012381;BRACKET CONTROL LEVER MOUNTING;1;EA;RP;N/A;STANDARD AERO RP TAG;REPAIRABLE TAG;27/04/2004;;;;;;;;;;;;;;;;;;;;;;;;;;;;;;;;;;;;;;;;;;;;;
;SHELF  L-3;3026648;OIL TANK ADAPTER;1;EA;RP;N/A;27/04/2004;27/04/2004;;;;;;;;;;;;;;;;;;;;;;;;;;;;;;;;;;;;;;;;;;;;;;
;SHELF  L-3;3004097;TUBE-FLANGED;1;EA;RP;N/A;STANDARD AERO RP TAG;REPAIRABLE TAG;27/04/2004;;;;;;;;;;;;;;;;;;;;;;;;;;;;;;;;;;;;;;;;;;;;;
;SHELF  L-3;3108979-01;COVER;1;EA;RP;N/A;STANDARD AERO RP TAG;REPAIRABLE TAG;26/04/2004;;;;;;;;;;;;;;;;;;;;;;;;;;;;;;;;;;;;;;;;;;;;;
;SHELF  L-3;3019247;ELBOW-SCAVENGE OIL TRANSFER FRONT;1;EA;RP;N/A;STANDARD AERO RP TAG;REPAIRABLE TAG;26/04/2004;;;;;;;;;;;;;;;;;;;;;;;;;;;;;;;;;;;;;;;;;;;;;
;SHELF  L-3;3027791;INSULATED AIR PRESSURE TUBE ASSY;1;EA;RP;N/A;STANDARD AERO RP TAG;REPAIRABLE TAG;23/04/2004;;;;;;;;;;;;;;;;;;;;;;;;;;;;;;;;;;;;;;;;;;;;;
;SHELF  L-3;3022333;BRACKET-ENGINE LIFTING;1;EA;RP;N/A;STANDARD AERO RP TAG;REPAIRABLE TAG;26/04/2004;;;;;;;;;;;;;;;;;;;;;;;;;;;;;;;;;;;;;;;;;;;;;
;SHELF  L-3;3024007;COVER-NO.2 BEARING HOUSING;1;EA;RP;SS2999G;STANDARD AERO RP TAG;REPAIRABLE TAG;26/04/2004;;;;;;;;;;;;;;;;;;;;;;;;;;;;;;;;;;;;;;;;;;;;;
;SHELF  L-3;3006017;FLANGED COVER;1;EA;RP;N/A;STANDARD AERO RP TAG;REPAIRABLE TAG;26/04/2004;;;;;;;;;;;;;;;;;;;;;;;;;;;;;;;;;;;;;;;;;;;;;
;SHELF  L-3;3024914;TRANSFER TUBE;1;EA;RP;N/A;STANDARD AERO RP TAG;REPAIRABLE TAG;26/04/2004;;;;;;;;;;;;;;;;;;;;;;;;;;;;;;;;;;;;;;;;;;;;;
;SHELF  L-3;3100196-02;MAIN PRESSURE PUMP HOUSING;1;EA;RP;836;STANDARD AERO RP TAG;REPAIRABLE TAG;27/04/2004;;;;;;;;;;;;;;;;;;;;;;;;;;;;;;;;;;;;;;;;;;;;;
;SHELF  L-3;3107970-01;HOUSING ASSY-COMPRESSOR AIR FILTER;1;EA;RP;N/A;STANDARD AERO RP TAG;REPAIRABLE TAG;27/04/2004;;;;;;;;;;;;;;;;;;;;;;;;;;;;;;;;;;;;;;;;;;;;;
;SHELF  L-3;3030526;COVER-OIL FILTER;1;EA;RP;N/A;STANDARD AERO RP TAG;REPAIRABLE TAG;27/04/2004;;;;;;;;;;;;;;;;;;;;;;;;;;;;;;;;;;;;;;;;;;;;;
;SHELF  L-3;3024004;FLANGE-NO.2 BEARING HOUSING COVER;1;EA;RP;SS3000G;STANDARD AERO RP TAG;REPAIRABLE TAG;26/04/2004;;;;;;;;;;;;;;;;;;;;;;;;;;;;;;;;;;;;;;;;;;;;;
;SHELF  L-3;3004192;NUT-SPANNER;1;EA;RP;SS3378I;STANDARD AERO RP TAG;REPAIRABLE TAG;26/04/2004;;;;;;;;;;;;;;;;;;;;;;;;;;;;;;;;;;;;;;;;;;;;;
;SHELF  L-3;3020227;REAR SCAVENGE OIL ADAPTER TUBE;1;EA;RP;N/A;STANDARD AERO RP TAG;REPAIRABLE TAG;27/04/2004;;;;;;;;;;;;;;;;;;;;;;;;;;;;;;;;;;;;;;;;;;;;;
;SHELF  L-3;3100923-02;VALVE ASSY-COMPRESSOR BLEED;1;EA;RP;A4856;STANDARD AERO RP TAG;REPAIRABLE TAG;23/04/2004;;;;;;;;;;;;;;;;;;;;;;;;;;;;;;;;;;;;;;;;;;;;;
;SHELF  L-3;3100922-05;VALVE ASSY-COMPRESSOR BLEED;1;EA;RP;3119;STANDARD AERO RP TAG;REPAIRABLE TAG;23/04/2004;;;;;;;;;;;;;;;;;;;;;;;;;;;;;;;;;;;;;;;;;;;;;
;SHELF  L-3;3105175-01;TUBE ASSEMBLY NO. 3 AND 4 BEAR;1;EA;RP;N/A;STANDARD AERO RP TAG;REPAIRABLE TAG;26/04/2004;;;;;;;;;;;;;;;;;;;;;;;;;;;;;;;;;;;;;;;;;;;;;
;SHELF  L-3;3011071;ADAPTER, DRAIN VALVE;2;EA;RP;N/A;STANDARD AERO RP TAG;REPAIRABLE TAG;26/04/2004;;;;;;;;;;;;;;;;;;;;;;;;;;;;;;;;;;;;;;;;;;;;;
;SHELF  L-3;3024913;TUBE-OIL TO COOLER;1;EA;RP;N/A;STANDARD AERO RP TAG;REPAIRABLE TAG;26/04/2004;;;;;;;;;;;;;;;;;;;;;;;;;;;;;;;;;;;;;;;;;;;;;
;SHELF  L-3;3019333;COUPLING EXTERNAL PRESSURE OIL;1;EA;RP;N/A;STANDARD AERO RP TAG;REPAIRABLE TAG;26/04/2004;;;;;;;;;;;;;;;;;;;;;;;;;;;;;;;;;;;;;;;;;;;;;
;SHELF  L-3;3024604;COVER COMPRESSOR AIR FILTER;1;EA;RP;N/A;STANDARD AERO RP TAG;REPAIRABLE TAG;27/04/2004;;;;;;;;;;;;;;;;;;;;;;;;;;;;;;;;;;;;;;;;;;;;;
;SHELF  L-3;3028285;SHAFT-POWER TURBINE;1;EA;AR;1B606;PWC AR TAG;AR TAG;11/01/2005;;;;;;;;;;;;;;;;;;;;;;;;;;;;;;;;;;;;;;;;;;;;;
;SHELF  L-3;3011071;ADAPTER, DRAIN VALVE;2;EA;RP;N/A;PWC RP TAG;REPAIRABLE TAG;31/10/2005;;;;;;;;;;;;;;;;;;;;;;;;;;;;;;;;;;;;;;;;;;;;;
;SHELF  L-3;3004517;BEARING - HOUSING OUTER;1;EA;RP;N/A;PWC RP TAG;REPAIRABLE TAG;27/10/2005;;;;;;;;;;;;;;;;;;;;;;;;;;;;;;;;;;;;;;;;;;;;;
;SHELF  L-3;3005698;NUT SPANNER 1.173-20;1;EA;RP;N/A;PWC RP TAG;REPAIRABLE TAG;16/05/2006;;;;;;;;;;;;;;;;;;;;;;;;;;;;;;;;;;;;;;;;;;;;;
;SHELF  L-3;3015527;SEAL-AIR COMPRESSOR TURBINE STATOR;1;EA;RP;N/A;PWC RP TAG;REPAIRABLE TAG;27/10/2005;;;;;;;;;;;;;;;;;;;;;;;;;;;;;;;;;;;;;;;;;;;;;
;SHELF  L-3;3007319;NUT PLAIN ROUND 2.125-20X.225;1;EA;RP;N/A;PWC RP TAG;REPAIRABLE TAG;16/05/2006;;;;;;;;;;;;;;;;;;;;;;;;;;;;;;;;;;;;;;;;;;;;;
;SHELF  L-3;3009911;COVER-PACKING;1;EA;RP;N/A;PWC RP TAG;REPAIRABLE TAG;16/05/2006;;;;;;;;;;;;;;;;;;;;;;;;;;;;;;;;;;;;;;;;;;;;;
;SHELF  L-3;3005664;SHAFTGEAR-BEVEL GOVERNOR DRIVE;2;EA;RP;N/A;PWC RP TAG;REPAIRABLE TAG;16/05/2006;;;;;;;;;;;;;;;;;;;;;;;;;;;;;;;;;;;;;;;;;;;;;
;SHELF  L-3;3011351;TEE SCAV OIL REAR;1;EA;RP;N/A;PWC RP TAG;REPAIRABLE TAG;31/10/2005;;;;;;;;;;;;;;;;;;;;;;;;;;;;;;;;;;;;;;;;;;;;;
;SHELF  L-3;3008144;CAP TUBE BREATHER BOSS;1;EA;RP;N/A;PWC RP TAG;REPAIRABLE TAG;27/10/2005;;;;;;;;;;;;;;;;;;;;;;;;;;;;;;;;;;;;;;;;;;;;;
;SHELF  L-3;3013446;TUBE-OIL TO FUEL HEATER;1;EA;RP;N/A;PWC RP TAG;REPAIRABLE TAG;27/10/2005;;;;;;;;;;;;;;;;;;;;;;;;;;;;;;;;;;;;;;;;;;;;;
;SHELF  L-3;3006960;BODY ASSY-MAIN SCAV PMP OUTER;1;EA;RP;N/A;PWC RP TAG;REPAIRABLE TAG;26/10/2005;;;;;;;;;;;;;;;;;;;;;;;;;;;;;;;;;;;;;;;;;;;;;
;SHELF  L-3;3011358;HOUSING-SCAVENGE PUMP;1;EA;RP;N/A;PWC RP TAG;REPAIRABLE TAG;26/10/2005;;;;;;;;;;;;;;;;;;;;;;;;;;;;;;;;;;;;;;;;;;;;;
;SHELF  L-3;3004116;COVER ASSY- MAIN SCAVENGE PUMP;1;EA;RP;N/A;PWC RP TAG;REPAIRABLE TAG;26/10/2005;;;;;;;;;;;;;;;;;;;;;;;;;;;;;;;;;;;;;;;;;;;;;
;SHELF  L-3;3011857;TUBE-FUEL PRESSURE;1;EA;RP;N/A;PWC RP TAG;REPAIRABLE TAG;27/10/2005;;;;;;;;;;;;;;;;;;;;;;;;;;;;;;;;;;;;;;;;;;;;;
;SHELF  L-3;3011359;SPACER-SCAVENGE PUMP;1;EA;RP;N/A;PWC RP TAG;REPAIRABLE TAG;26/10/2005;;;;;;;;;;;;;;;;;;;;;;;;;;;;;;;;;;;;;;;;;;;;;
;SHELF  L-3;3011095;SHAFT-POWER TURBINE;1;EA;RP;7203;PWC RP TAG;REPAIRABLE TAG;16/05/2006;;;;;;;;;;;;;;;;;;;;;;;;;;;;;;;;;;;;;;;;;;;;;
;SHELF  L-3;3012124;HOUSING ASY MAIN SCAV PUMP IN;1;EA;RP;N/A;PWC RP TAG;REPAIRABLE TAG;26/10/2005;;;;;;;;;;;;;;;;;;;;;;;;;;;;;;;;;;;;;;;;;;;;;
;SHELF  L-3;3021653;HOSE-NONMETALLIC;1;EA;RP;N/A;PWC RP TAG;REPAIRABLE TAG;27/10/2005;;;;;;;;;;;;;;;;;;;;;;;;;;;;;;;;;;;;;;;;;;;;;
;SHELF  L-3;3012381;BRACKET CONTROL LEVER MOUNTING;1;EA;AR;N/A;VECTOR AR TAG;AR TAG;06/11/2013;;;;;;;;;;;;;;;;;;;;;;;;;;;;;;;;;;;;;;;;;;;;;
;SHELF  L-3;3010674;BEARING-RLR;1;EA;AR;L6257;COVINGTON AR TAG;AR TAG;22/06/2006;;;;;;;;;;;;;;;;;;;;;;;;;;;;;;;;;;;;;;;;;;;;;
;SHELF  L-3;3024765;GEAR-SUN 1ST STAGE;1;EA;AR;PKAA000K423;PWC AR TAG;AR TAG;16/05/2006;;;;;;;;;;;;;;;;;;;;;;;;;;;;;;;;;;;;;;;;;;;;;
;SHELF  L-3;3010674;BEARING-RLR;1;EA;AR;L6368;COVINGTON AR TAG;AR TAG;22/06/2006;;;;;;;;;;;;;;;;;;;;;;;;;;;;;;;;;;;;;;;;;;;;;
;SHELF  L-3;3010674;BEARING-RLR;1;EA;AR;L6302;COVINGTON AR TAG;AR TAG;22/06/2006;;;;;;;;;;;;;;;;;;;;;;;;;;;;;;;;;;;;;;;;;;;;;
;SHELF  L-3;3031396;PIN-FIRST STAGE PLANET GEAR;1;EA;AR;N/A;VECTOR AR TAG;AR TAG;06/11/2011;;;;;;;;;;;;;;;;;;;;;;;;;;;;;;;;;;;;;;;;;;;;;
;SHELF  L-3;3010674;BEARING-RLR;1;EA;AR;L6410;COVINGTON AR TAG;AR TAG;22/06/2006;;;;;;;;;;;;;;;;;;;;;;;;;;;;;;;;;;;;;;;;;;;;;
;SHELF  L-3;3012286;COUPLING SHAFT FLEX 2ND STAGE RED'N;1;EA;AR;5134;VECTOR AR TAG;AR TAG;06/11/2010;;;;;;;;;;;;;;;;;;;;;;;;;;;;;;;;;;;;;;;;;;;;;
;SHELF  L-3;3004035;GEAR - BEVEL FR ACC DRIVE;1;EA;AR;N/A;VECTOR AR TAG;AR TAG;06/11/2010;;;;;;;;;;;;;;;;;;;;;;;;;;;;;;;;;;;;;;;;;;;;;
;SHELF  L-3;3031398;SHAFT-FIRST STAGE PLANET GEAR;3;EA;AR;N/A;VECTOR AR TAG;AR TAG;06/11/2013;;;;;;;;;;;;;;;;;;;;;;;;;;;;;;;;;;;;;;;;;;;;;
;SHELF  L-3;3010674;BEARING-RLR;1;EA;AR;M9612;COVINGTON AR TAG;AR TAG;22/06/2006;;;;;;;;;;;;;;;;;;;;;;;;;;;;;;;;;;;;;;;;;;;;;
;SHELF  L-3;3008360;GEARSHAFT ASY-MAIN SCAV PUMP;1;EA;AR;N/A;PWC Unserviceable Tag;UNSV TAG;31/10/2005;;;;;;;;;;;;;;;;;;;;;;;;;;;;;;;;;;;;;;;;;;;;;
;SHELF  L-3;3008182;GEARSHAFT-SPUR;1;EA;AR;10-129-9;PWC AR TAG;AR TAG;27/10/2005;;;;;;;;;;;;;;;;;;;;;;;;;;;;;;;;;;;;;;;;;;;;;
;SHELF  L-3;3010674;BEARING-RLR;1;EA;AR;L6315;COVINGTON AR TAG;AR TAG;22/06/2006;;;;;;;;;;;;;;;;;;;;;;;;;;;;;;;;;;;;;;;;;;;;;
;SHELF  L-3;3010674;BEARING-RLR;1;EA;AR;L6296;COVINGTON AR TAG;AR TAG;22/06/2006;;;;;;;;;;;;;;;;;;;;;;;;;;;;;;;;;;;;;;;;;;;;;
;SHELF  L-3;3101864-01;BEARING NO. 1;1;EA;AR;FA9702241;COVINGTON AR TAG;AR TAG;22/06/2006;;;;;;;;;;;;;;;;;;;;;;;;;;;;;;;;;;;;;;;;;;;;;
;SHELF  L-3;3008785;GEAR-SPUR;2;EA;AR;N/A;PWC AR TAG;AR TAG;27/10/2005;;;;;;;;;;;;;;;;;;;;;;;;;;;;;;;;;;;;;;;;;;;;;
;SHELF  L-3;3010231;SHROUD POWER TURBINE;1;EA;AR;N/A;VECTOR AR TAG;AR TAG;06/11/2007;;;;;;;;;;;;;;;;;;;;;;;;;;;;;;;;;;;;;;;;;;;;;
;SHELF  L-3;3053094;SHROUD SEGMENT-COMPRESSOR TURBINE;9;EA;AR;N/A;PWC AR TAG;AR TAG;26/10/2005;;;;;;;;;;;;;;;;;;;;;;;;;;;;;;;;;;;;;;;;;;;;;
;SHELF  L-3;3008799;GEAR - SPUR;2;EA;AR;N/A;PWC AR TAG;AR TAG;31/10/2005;;;;;;;;;;;;;;;;;;;;;;;;;;;;;;;;;;;;;;;;;;;;;
;SHELF  L-3;3101525-02;1ST STG PLANET GEAR SET;1;EA;AR;2A741, 2A758, 2A763;PWC AR TAG;AR TAG;;;;;;;;;;;;;;;;;;;;;;;;;;;;;;;;;;;;;;;;;;;;;;
;SHELF  L-3;3119832-01;CABLE ASSY-IGN EXCITER TO IGNITER;1;EA;RP;N/A;WERNER AR TAG;AR TAG;07/03/2006;;;;;;;;;;;;;;;;;;;;;;;;;;;;;;;;;;;;;;;;;;;;;
;SHELF  L-3;3024559;SEAT-CHECK VALVE;1;EA;RP;N/A;PWC RP TAG;REPAIRABLE TAG;31/10/2005;;;;;;;;;;;;;;;;;;;;;;;;;;;;;;;;;;;;;;;;;;;;;
;SHELF  L-3;3013132;CARRIER-SECOND STAGE REDUCTION;1;EA;RP;1511;WERNER AR TAG;AR TAG;09/05/2009;;;;;;;;;;;;;;;;;;;;;;;;;;;;;;;;;;;;;;;;;;;;;
