Part Number;Description;Category;Qty In Stock;UM;Cond
002107-01;PLATE-INTEGRALLY LIGHTED;A319;1;EA;AR
0050N1;STICK SHAKER ACTUATOR;Embraer 190;1;EA;SV
0050N1;STICK SHAKER ACTUATOR;Embraer 190;1;EA;AR
0050N1;STICK SHAKER ACTUATOR;Embraer 190;1;EA;SV
0050N1;STICK SHAKER ACTUATOR;Embraer 190;1;EA;AR
005-RL-03;BOX RELAY;;1;EA;SV
005-RL-03;BOX RELAY;;1;EA;AR
005-RL-03;BOX RELAY;;1;EA;AR
005-RL-03;BOX RELAY;;1;EA;AR
005-RL-03;BOX RELAY;;1;EA;AR
01-0770544-00;CREW CALL HORN;;1;EA;AR
01-0770544-01;HORN ASSY, GROUND CREW CALL;Embraer 190;1;EA;AR
01-0770544-01;HORN ASSY, GROUND CREW CALL;Embraer 190;1;EA;AR
01930-007;WASTE TANK;B737;1;EA;AR
020-240-003;FUEL QUANTITY PROBE (E175 TU5) (E190 TU6);Embraer 190;1;EA;AR
020-240-003;FUEL QUANTITY PROBE (E175 TU5) (E190 TU6);Embraer 190;1;EA;AR
020-240-003;FUEL QUANTITY PROBE (E175 TU5) (E190 TU6);Embraer 190;1;EA;AR
020-240-003;FUEL QUANTITY PROBE (E175 TU5) (E190 TU6);Embraer 190;1;EA;AR
020-240-004;FUEL QUANTITY PROBE (E175 TU6) (E190 TU8);Embraer 190;1;EA;AR
020-240-004;FUEL QUANTITY PROBE (E175 TU6) (E190 TU8);Embraer 190;1;EA;AR
020-240-004;FUEL QUANTITY PROBE (E175 TU6) (E190 TU8);Embraer 190;1;EA;AR
020-240-004;FUEL QUANTITY PROBE (E175 TU6) (E190 TU8);Embraer 190;1;EA;AR
020-240-005;FUEL QUANTITY PROBE (E175 TU7) (E190 TU9);Embraer 190;1;EA;AR
020-240-005;FUEL QUANTITY PROBE (E175 TU7) (E190 TU9);Embraer 190;1;EA;AR
020-240-005;FUEL QUANTITY PROBE (E175 TU7) (E190 TU9);Embraer 190;1;EA;AR
020-240-005;FUEL QUANTITY PROBE (E175 TU7) (E190 TU9);Embraer 190;1;EA;AR
020-240-006;FUEL QUANTITY PROBE (E175 TU8) (E190 TU10);Embraer 190;1;EA;AR
020-240-006;FUEL QUANTITY PROBE (E175 TU8) (E190 TU10);Embraer 190;1;EA;AR
020-240-006;FUEL QUANTITY PROBE (E175 TU8) (E190 TU10);Embraer 190;1;EA;AR
020-240-006;FUEL QUANTITY PROBE (E175 TU8) (E190 TU10);Embraer 190;1;EA;AR
020-240-007;FUEL QUANTITY PROBE (E175 TU10) (E190 TU11);Embraer 190;1;EA;AR
020-240-007;FUEL QUANTITY PROBE (E175 TU10) (E190 TU11);Embraer 190;1;EA;AR
020-240-007;FUEL QUANTITY PROBE (E175 TU10) (E190 TU11);Embraer 190;1;EA;AR
020-240-007;FUEL QUANTITY PROBE (E175 TU10) (E190 TU11);Embraer 190;1;EA;AR
020-240-008;FUEL QUANTITY PROBE (E175 TU11) (E190 TU12,14&15);Embraer 190;1;EA;AR
020-240-008;FUEL QUANTITY PROBE (E175 TU11) (E190 TU12,14&15);Embraer 190;1;EA;AR
020-240-008;FUEL QUANTITY PROBE (E175 TU11) (E190 TU12,14&15);Embraer 190;1;EA;AR
020-240-008;FUEL QUANTITY PROBE (E175 TU11) (E190 TU12,14&15);Embraer 190;1;EA;AR
020-240-008;FUEL QUANTITY PROBE (E175 TU11) (E190 TU12,14&15);Embraer 190;1;EA;AR
020-240-008;FUEL QUANTITY PROBE (E175 TU11) (E190 TU12,14&15);Embraer 190;1;EA;AR
020-240-008;FUEL QUANTITY PROBE (E175 TU11) (E190 TU12,14&15);Embraer 190;1;EA;AR
020-240-008;FUEL QUANTITY PROBE (E175 TU11) (E190 TU12,14&15);Embraer 190;1;EA;AR
020-240-008;FUEL QUANTITY PROBE (E175 TU11) (E190 TU12,14&15);Embraer 190;1;EA;AR
020-240-008;FUEL QUANTITY PROBE (E175 TU11) (E190 TU12,14&15);Embraer 190;1;EA;AR
020-240-008;FUEL QUANTITY PROBE (E175 TU11) (E190 TU12,14&15);Embraer 190;1;EA;AR
020-240-008;FUEL QUANTITY PROBE (E175 TU11) (E190 TU12,14&15);Embraer 190;1;EA;AR
020-240-009;FUEL QUANTITY PROBE (E175 TU12&13) (E190 TU16&17);Embraer 190;1;EA;AR
020-240-009;FUEL QUANTITY PROBE (E175 TU12&13) (E190 TU16&17);Embraer 190;1;EA;AR
020-240-009;FUEL QUANTITY PROBE (E175 TU12&13) (E190 TU16&17);Embraer 190;1;EA;AR
020-240-009;FUEL QUANTITY PROBE (E175 TU12&13) (E190 TU16&17);Embraer 190;1;EA;AR
020-240-009;FUEL QUANTITY PROBE (E175 TU12&13) (E190 TU16&17);Embraer 190;1;EA;AR
020-240-009;FUEL QUANTITY PROBE (E175 TU12&13) (E190 TU16&17);Embraer 190;1;EA;AR
020-240-009;FUEL QUANTITY PROBE (E175 TU12&13) (E190 TU16&17);Embraer 190;1;EA;AR
020-240-009;FUEL QUANTITY PROBE (E175 TU12&13) (E190 TU16&17);Embraer 190;1;EA;AR
020-240-011;FUEL QUANTITY PROBE (E175 TU4);Embraer 190;1;EA;AR
020-240-011;FUEL QUANTITY PROBE (E175 TU4);Embraer 190;1;EA;AR
020-240-011;FUEL QUANTITY PROBE (E175 TU4);Embraer 190;1;EA;AR
020-240-011;FUEL QUANTITY PROBE (E175 TU4);Embraer 190;1;EA;AR
020-240-012;PROBE-FUEL QUANTITY (E190 TU5);Embraer 190;1;EA;AR
020-240-012;PROBE-FUEL QUANTITY (E190 TU5);Embraer 190;1;EA;AR
020-240-012;PROBE-FUEL QUANTITY (E190 TU5);Embraer 190;1;EA;AR
020-240-012;PROBE-FUEL QUANTITY (E190 TU5);Embraer 190;1;EA;AR
020-240-013;PROBE-FUEL QUANTITY (E190 TU7);Embraer 190;1;EA;AR
020-240-013;PROBE-FUEL QUANTITY (E190 TU7);Embraer 190;1;EA;AR
020-240-013;PROBE-FUEL QUANTITY (E190 TU7);Embraer 190;1;EA;AR
020-240-013;PROBE-FUEL QUANTITY (E190 TU7);Embraer 190;1;EA;AR
020-240-014;FUEL QUANTITY PROBE (E175 TU2&3);Embraer 190;1;EA;AR
020-240-014;FUEL QUANTITY PROBE (E175 TU2&3);Embraer 190;1;EA;AR
020-240-014;FUEL QUANTITY PROBE (E175 TU2&3);Embraer 190;1;EA;AR
020-240-014;FUEL QUANTITY PROBE (E175 TU2&3);Embraer 190;1;EA;AR
020-240-014;FUEL QUANTITY PROBE (E175 TU2&3);Embraer 190;1;EA;AR
020-240-014;FUEL QUANTITY PROBE (E175 TU2&3);Embraer 190;1;EA;AR
020-240-014;FUEL QUANTITY PROBE (E175 TU2&3);Embraer 190;1;EA;AR
020-240-014;FUEL QUANTITY PROBE (E175 TU2&3);Embraer 190;1;EA;AR
020-240-106;FUEL QUANTITY PROBE (E175 TU9) (E190 TU13);Embraer 190;1;EA;AR
020-240-106;FUEL QUANTITY PROBE (E175 TU9) (E190 TU13);Embraer 190;1;EA;AR
020-240-106;FUEL QUANTITY PROBE (E175 TU9) (E190 TU13);Embraer 190;1;EA;AR
020-240-106;FUEL QUANTITY PROBE (E175 TU9) (E190 TU13);Embraer 190;1;EA;AR
021-056-002;PROBE-FUEL QUANTITY (E190 TU1/ CMP);Embraer 190;1;EA;AR
021-056-002;PROBE-FUEL QUANTITY (E190 TU1/ CMP);Embraer 190;1;EA;AR
021-056-002;PROBE-FUEL QUANTITY (E190 TU1/ CMP);Embraer 190;1;EA;AR
021-056-002;PROBE-FUEL QUANTITY (E190 TU1/ CMP);Embraer 190;1;EA;AR
0218-0032-7;VALVE;Embraer 190;1;EA;AR
0218-0032-7;VALVE;Embraer 190;1;EA;AR
057-023-001;FUEL LOW LEVEL SENSOR;Embraer 190;1;EA;AR
057-023-001;FUEL LOW LEVEL SENSOR;Embraer 190;1;EA;AR
057-023-001;FUEL LOW LEVEL SENSOR;Embraer 190;1;EA;AR
057-023-001;FUEL LOW LEVEL SENSOR;Embraer 190;1;EA;AR
064-01072-0101;HF POWER AMPLIFIER;Embraer 190;1;EA;AR
064-01072-0101;HF POWER AMPLIFIER;Embraer 190;1;EA;SV
064-01073-0102;KRX1053 HF COMM TRANSCEIVER W/SELCA;Embraer 190;1;EA;SV
064-01073-0102;KRX1053 HF COMM TRANSCEIVER W/SELCA;Embraer 190;1;EA;SV
066-01127-1402;TRA-67A TRANSPONDER MODE S;A320;1;EA;SV
066-01153-4001;RADAR ALTIMETER;Embraer 190;1;EA;SV
066-01153-4001;RADAR ALTIMETER;Embraer 190;1;EA;SV
066-01153-4001;RADAR ALTIMETER;Embraer 190;1;EA;AR
066-01153-4001;RADAR ALTIMETER;Embraer 190;1;EA;AR
071-00097-0100;WXR RADAR CONFIG MODULE;Embraer 190;1;EA;AR
071-00097-0100;WXR RADAR CONFIG MODULE;Embraer 190;1;EA;AR
0711480-003;VALVE, SHUTOFF;A319;1;EA;AR
0711480-003;VALVE, SHUTOFF;A319;1;EA;SV
07323P000-01;BALL SCREW ASSY;B737-700;1;EA;AR
07323P000-01;BALL SCREW ASSY;B737-700;1;EA;AR
07324P000-01;BALL SCREW ASSY;B737-700;1;EA;AR
07324P000-01;BALL SCREW ASSY;B737-700;1;EA;SV
07594P000-01;BALLSCREW ASSEMBLY;Embraer 190;1;EA;AR
07594P000-01;BALLSCREW ASSEMBLY;Embraer 190;1;EA;AR
07594P000-01;BALLSCREW ASSEMBLY;Embraer 190;1;EA;AR
07594P000-01;BALLSCREW ASSEMBLY;Embraer 190;1;EA;AR
07595P000-01;FLAP ACTUATOR OFF TRACK #4;Embraer 190;1;EA;AR
07595P000-01;FLAP ACTUATOR OFF TRACK #4;Embraer 190;1;EA;AR
07595P000-01;FLAP ACTUATOR OFF TRACK #4;Embraer 190;1;EA;AR
07595P000-01;FLAP ACTUATOR OFF TRACK #4;Embraer 190;1;EA;AR
07595P000-01;FLAP ACTUATOR OFF TRACK #4;Embraer 190;1;EA;AR
07595P000-01;FLAP ACTUATOR OFF TRACK #4;Embraer 190;1;EA;AR
07595P000-01;FLAP ACTUATOR OFF TRACK #4;Embraer 190;1;EA;AR
07595P000-01;FLAP ACTUATOR OFF TRACK #4;Embraer 190;1;EA;AR
080-20705-01;TRANSFORMER RECTIFIR UNIT;B737-700;1;EA;SV
080-261-004;HARNESS WING TANK FUEL GAUGING;Embraer 190;1;EA;AR
080-261-004;HARNESS WING TANK FUEL GAUGING;Embraer 190;1;EA;AR
0861ED;AOA SENSOR;A320;1;EA;AR
0861ED;AOA SENSOR;A320;1;EA;SV
0871LD2;DETECTOR-ICE;Embraer 190;1;EA;SV
1000434-1;WATER INJECTOR;Embraer 190;1;EA;AR
1000434-1;WATER INJECTOR;Embraer 190;1;EA;AR
1000434-1;WATER INJECTOR;Embraer 190;1;EA;AR
1000700-5;ACM-AIR CYCLE MACHINE;Embraer 190;1;EA;SV
1000700-5;ACM-AIR CYCLE MACHINE;Embraer 190;1;EA;AI
1001050-4-016;AMS PROCESSOR;Embraer 190;1;EA;AR
1001050-4-016;AMS PROCESSOR;Embraer 190;1;EA;AR
1001050-6-016;AMS PROCESSOR;Embraer 190;1;EA;AR
1001050-6-016;AMS PROCESSOR;Embraer 190;1;EA;AR
1001060-2;CARD-AMS I/O;Embraer 190;1;EA;AR
1001060-4;AMS I/O CARD;Embraer 190;1;EA;AR
1001060-4;AMS I/O CARD;Embraer 190;1;EA;AR
1001060-4;AMS I/O CARD;Embraer 190;1;EA;AR
1001060-4;AMS I/O CARD;Embraer 190;1;EA;AR
1001060-4;AMS I/O CARD;Embraer 190;1;EA;AR
1001060-4;AMS I/O CARD;Embraer 190;1;EA;AR
1001060-4;AMS I/O CARD;Embraer 190;1;EA;AR
1001070-2;CARD-AMS MOTOR DRIVER;Embraer 190;1;EA;AR
1001070-4;AMS CARD MOTOR DRIVER;Embraer 190;1;EA;AR
1001070-4;AMS CARD MOTOR DRIVER;Embraer 190;1;EA;SV
1001249-2;VALVE-WING ANTI ICE;Embraer 190;1;EA;AR
1001249-2;VALVE-WING ANTI ICE;Embraer 190;1;EA;AR
1001250-2;VALVE-LOW LIMIT BYPASS;Embraer 190;1;EA;AR
1001250-2;VALVE-LOW LIMIT BYPASS;Embraer 190;1;EA;SV
1001250-3;VALVE-LOW LIMIT BYPASS;Embraer 190;1;EA;AR
1001250-3;VALVE-LOW LIMIT BYPASS;Embraer 190;1;EA;SV
1001251-1;VALVE-RAM AIR DOOR;Embraer 190;1;EA;AR
1001252-2;CHECK VALVE-CONDITIONED AIR;Embraer 190;1;EA;AR
1001252-2;CHECK VALVE-CONDITIONED AIR;Embraer 190;1;EA;AR
1001252-2;CHECK VALVE-CONDITIONED AIR;Embraer 190;1;EA;AR
1001252-2;CHECK VALVE-CONDITIONED AIR;Embraer 190;1;EA;AR
1001451-2;GROUND BLEED AIR COUPLING;Embraer 190;1;EA;AR
1001452-4;CHECK VALVE-EMERGENCY RAM AIR;Embraer 190;1;EA;AR
1001452-4;CHECK VALVE-EMERGENCY RAM AIR;Embraer 190;1;EA;AR
1001452-4;CHECK VALVE-EMERGENCY RAM AIR;Embraer 190;1;EA;AR
1001452-4;CHECK VALVE-EMERGENCY RAM AIR;Embraer 190;1;EA;AR
1001452-4;CHECK VALVE-EMERGENCY RAM AIR;Embraer 190;1;EA;AR
1001452-4;CHECK VALVE-EMERGENCY RAM AIR;Embraer 190;1;EA;AR
1001454-1;CHECK VALVE-CARGO COMPARTMENT;Embraer 190;1;EA;AR
1001454-1;CHECK VALVE-CARGO COMPARTMENT;Embraer 190;1;EA;AR
1001456-6;VALVE-FLOW CONTROL;Embraer 190;1;EA;AR
1001456-6;VALVE-FLOW CONTROL;Embraer 190;1;EA;AI
1001497-2;VALVE-SHUTOFF;Embraer 190;1;EA;AR
1001497-2;VALVE-SHUTOFF;Embraer 190;1;EA;AR
1001778-3;FLOW SENSOR;Embraer 190;1;EA;AI
1002391-1;SENSOR, PRESSURE;Embraer 190;1;EA;AR
1002391-1;SENSOR, PRESSURE;Embraer 190;1;EA;AR
1002391-1;SENSOR, PRESSURE;Embraer 190;1;EA;AR
100-2676-105-03;CAMERA SURVEILLANCE;Embraer 190;1;EA;AR
100-2676-105-03;CAMERA SURVEILLANCE;Embraer 190;1;EA;AR
100-2676-105-03;CAMERA SURVEILLANCE;Embraer 190;1;EA;AI
1002751-1;Y DUCT PIPE;Embraer 190;1;EA;AR
1002752-1;HIGH TEMP PIPE;Embraer 190;1;EA;AR
1002753-1;HIGH TEMP PIPE;Embraer 190;1;EA;AR
1002793-2;PRECOOLER-BLEED AIR E190;Embraer 190;1;EA;AR
1002793-2;PRECOOLER-BLEED AIR E190;Embraer 190;1;EA;AR
1002793-2;PRECOOLER-BLEED AIR E190;Embraer 190;1;EA;OH
1002793-2;PRECOOLER-BLEED AIR E190;Embraer 190;1;EA;AR
1002832-1;DUAL HEAT EXHANGER;Embraer 190;1;EA;OH
1003520-1;WATER COLLECTOR;Embraer 190;1;EA;SV
1003520-1;WATER COLLECTOR;Embraer 190;1;EA;SV
10065-5000-02;FQIS DENSIMETER;B737-800;1;EA;SV
10065-5000-02;FQIS DENSIMETER;B737-800;1;EA;AR
10065-5000-02;FQIS DENSIMETER;B737-800;1;EA;AR
1007086-5;VALVE-ENGINE FAN AIR;Embraer 190;1;EA;AR
1007086-5;VALVE-ENGINE FAN AIR;Embraer 190;1;EA;AR
1007086-5;VALVE-ENGINE FAN AIR;Embraer 190;1;EA;AR
1007086-5;VALVE-ENGINE FAN AIR;Embraer 190;1;EA;AR
10087-0101;INDICATOR - MULTITANK;A321;1;EA;AR
10088-0101;PRESELECTOR;A321;1;EA;AR
100923-1;SENSOR,  TEMP;A319;1;EA;AR
10101000CK;VALVE, DRAIN LAV SERVICE PANEL;A319;1;EA;AI
10-1037-3;ATT. LIGHT;B737-800;1;EA;AR
10-1092-01;FIRE/OVERHEAT DETECTOR;;1;EA;AR
10-1113-3;DOME LIGHT;B737-700;1;EA;AR
1012191-1;HPSOV PRESSURE SWITCH;Embraer 190;1;EA;AR
1012191-1;HPSOV PRESSURE SWITCH;Embraer 190;1;EA;AR
1012191-1;HPSOV PRESSURE SWITCH;Embraer 190;1;EA;AR
1012191-1;HPSOV PRESSURE SWITCH;Embraer 190;1;EA;AR
10147-0101;INDICATOR;B737-800;1;EA;AR
10148-0101;FUEL QTY IND.;B737-800;1;EA;SV
10148-0101;FUEL QTY IND.;B737-800;1;EA;AR
10166N01N00;INDICATOR RUDDER TRIM;B737;1;EA;SV
102-00000;TEMP SENSOR;F100;1;EA;AR
103-00163;TEMPERATURE SENSOR;Embraer 190;1;EA;AR
104003-2;EMERGENCY EVACUATIONSLIDE ASSY, FWD;Embraer 190;1;EA;OH
104005-1;EMERGENCY EVACUATION SLIDE ASSY, AF;Embraer 190;1;EA;OH
10-60897-86;WAVEGUIDE FLEXIBLE RIGID ASSY;B737-800;1;EA;AR
1070B0000-04;ACTUATOR - FLAP;A321;1;EA;AR
1071B0000-04;ACTUATOR - FLAP;A321;1;EA;AR
1072A0000-04;FLAP ROTARY ACTUATOR # 2;A321;1;EA;AR
1072A0000-04;FLAP ROTARY ACTUATOR # 2;A321;1;EA;AR
1073A0000-04;ACTUATOR - FLAP ROTARY #3;A321;1;EA;AR
1074C0000-01;ACTUATOR - FLAP ROTARY #4;A321;1;EA;AR
1074C0000-01;ACTUATOR - FLAP ROTARY #4;A321;1;EA;AR
1091A0000-01;WATER INJECTOR;A319;1;EA;AR
1091A0000-01;WATER INJECTOR;A319;1;EA;AR
10A348-350-450;CONNECTOR;A320;1;EA;AR
110-337-01;ANTENNA,ELT ANTENNA WITH ELASTOMERE;Embraer 190;1;EA;AR
110-337-01;ANTENNA,ELT ANTENNA WITH ELASTOMERE;Embraer 190;1;EA;AR
110A0113-56;FUEL DOOR ASSY RH;B737-700;1;EA;SV
1122492;TRANSMITTER,ASSY;RB211;1;EA;AR
1122492;TRANSMITTER,ASSY;RB211;1;EA;AR
1122492;TRANSMITTER,ASSY;RB211;1;EA;AR
1122599;TEMP SENSOR;B737-800;1;EA;AR
1122599;TEMP SENSOR;B737-800;1;EA;AR
112A5067-5;DOOR ASSY L/H;B737-800;1;EA;AR
112A5067-6;PANEL;B737-700;1;EA;AR
113A1150-1;FLAP TRACK FITTING ASSY LH;B737-800;1;EA;AR
113A1150-2;FLAP TRACK FITTING ASSY RH;B737-800;1;EA;AR
113A1319-1;FITTING;B737-800;1;EA;AR
113A1319-1;FITTING;B737-800;1;EA;AR
113A1351-1;SUPPORT;B737-800;1;EA;AR
113A1351-1;SUPPORT;B737-800;1;EA;AR
113A1550-11;FITTING ASSY;B737-800;1;EA;AR
113A1550-111;FLAP TRACK FITTING;B737-800;1;EA;AR
113A1551-1;FITTING ASSY;B737-800;1;EA;AR
113A1551-1;FITTING ASSY;B737-800;1;EA;AR
113A1750-107;FLAP TRACK FITTING;B737-800;1;EA;AR
113A7300-1;COUNTER WEIGHT PANEL;B737-800;1;EA;AR
113A7300-10;COUNTER WEIGHT PANEL;B737-800;1;EA;AR
113A7300-11;COUNTER WEIGHT PANEL;B737-800;1;EA;AR
113A7300-12;COUNTER WEIGHT PANEL;B737-800;1;EA;AR
113A7300-13;COUNTER WEIGHT PANEL;B737-800;1;EA;AR
113A7300-14;COUNTER WEIGHT PANEL;B737-800;1;EA;AR
113A7300-2;COUNTER WEIGHT PANEL;B737-800;1;EA;AR
113A7300-9;COUNTER WEIGHT PANEL;B737-800;1;EA;AR
114079015;VALVE - SELECTOR, GEAR;A320;1;EA;AR
114079016;VALVE - SELECTOR, DOOR;A320;1;EA;AR
114080003;BLOCK MANIFOLD, HYD;A319;1;EA;AR
114083003;VENT VALVE;B737;1;EA;SV
114083003;VENT VALVE;B737;1;EA;AR
114083003;VENT VALVE;B737;1;EA;AR
114083003;VENT VALVE;B737;1;EA;AR
114083003;VENT VALVE;B737;1;EA;AR
114086001;VALVE-CUT OUT;A321;1;EA;SV
114087006;DOOR BYPASS VALVE;A319;1;EA;AR
114087006;DOOR BYPASS VALVE;A319;1;EA;AR
114193007;RETRACTION ACTUATOR;;1;EA;AR
114193007;RETRACTION ACTUATOR;;1;EA;AR
1142301-130-01;ENTERTAINMENT CONTROLLER;A319;1;EA;AR
11483-000;HEAT EXCHANGER;B737-700;1;EA;AR
11483-000;HEAT EXCHANGER;B737-700;1;EA;AR
1151324-1M563;PORTABLE ELT;A320;1;EA;AR
1152464-265;APU START POWER UNIT,CONTROL;B737-700;1;EA;AR
1158000-21;VALVE REFUEL;A320;1;EA;AR
1158000-21;VALVE REFUEL;A320;1;EA;AR
1158000-21;VALVE REFUEL;A320;1;EA;AR
1158000-21;VALVE REFUEL;A320;1;EA;SV
1158000-21;VALVE REFUEL;A320;1;EA;SV
1158000-21;VALVE REFUEL;A320;1;EA;AR
1158000-21;VALVE REFUEL;A320;1;EA;AR
115A2712-14;PANEL ASSY R/H;B737-700;1;EA;AR
115A2722-911/J;PANEL 551DB;B737-800;1;EA;AR
115A4710-202;PANEL ASSY;B737-800;1;EA;AR
115A4711-4;PANEL ASSY;B737-800;1;EA;AR
115A4712-5;PANEL ASSY;B737-800;1;EA;AR
115A4712-6;PANEL ASSY;B737-800;1;EA;AR
115A4721-901/J2;PANEL 571CB;B737-800;1;EA;AR
115A5240-1;HOUSING ASSY;B737-800;1;EA;OH
115A5280-1;CAP FUSE PIN RENTENTION;;4;EA;OH
115A5283-1;NUT;;1;EA;OH
115A5283-1;NUT;;1;EA;OH
115A5284-1;ROD;;2;EA;OH
116A6105-HF;R/H PANEL 621AAB;B737-800;1;EA;AR
116A8510-13;DOOR ASSY, PANEL 521BB;B737-800;1;EA;AR
116A8510-14;ENGINE SHUTOFF VALVE PANEL;B737-800;1;EA;AR
116A8510-15;DEFUEL STATION PANEL;B737-800;1;EA;AR
116A9110-10;PANEL 621PB R/H;;1;EA;AR
116A9110-11;PANEL 521MB;;1;EA;AR
116A9110-12;PANEL 621IB R/H;;1;EA;AR
116A9110-13;PANEL 621KB;B737-800;1;EA;AR
116A9110-14;PANEL 621JB R/H;;1;EA;AR
116A9110-15;PANEL 521JB;B737-800;1;EA;AR
116A9110-16;PANEL 621HB R/H;;1;EA;AR
116A9110-17;L/E PANEL 521FB L/H;;1;EA;AR
116A9110-17;L/E PANEL 521FB L/H;;1;EA;AR
116A9110-2;PANEL 621YB R/H;B737-800;1;EA;AR
116A9110-21;L/E PANEL 521CB L/H;;1;EA;AR
116A9110-22;PANEL 621CB;;1;EA;AR
116A9110-24;PANEL 621FB;;1;EA;AR
116A9110-25;PANEL 521DB;B737-800;1;EA;AR
116A9110-26;PANEL;;1;EA;AR
116A9110-3;L/E PANEL 521WB L/H;B737-800;1;EA;AR
116A9110-4;PANEL 621VB R/H;;1;EA;AR
116A9110-5;PANEL 521TB;;1;EA;AR
116A9110-6;L/E PANEL 621SB R/H;;1;EA;AR
116A9110-8;L/E PANEL 621QB R/H;;1;EA;AR
116A9110-9;PANEL 521QB;;1;EA;AR
116A9121-1;L/E PANEL 521AAB L/H;;1;EA;AR
116A9121-10;PANEL 621TB R/H;;1;EA;AR
116A9121-11;PANEL;;1;EA;AR
116A9121-12;PANEL 621RB R/H;;1;EA;AR
116A9121-13;PANEL;;1;EA;AR
116A9121-14;L/E PANEL R/H;;1;EA;AR
116A9121-15;PANEL 521XB;;1;EA;AR
116A9121-16;L/E PANEL 621NB R/H;;1;EA;AR
116A9121-17;PANEL;;1;EA;AR
116A9121-18;L/E PANEL 621KB R/H;;1;EA;AR
116A9121-19;PANEL 521HR;B737-800;1;EA;AR
116A9121-21;PANEL 521GB L/H L/E;;1;EA;AR
116A9121-23;L/E PANEL 521EB L/H;;1;EA;AR
116A9121-3;L/E PANEL 521YB L/H;;1;EA;AR
116A9121-4;PANEL 621XB R/H;;1;EA;AR
116A9121-5;L/E PANEL XB L/H;;1;EA;AR
116A9121-6;PANEL R/H;;1;EA;AR
116A9121-7;L/E PANEL 521VB L/H;;1;EA;AR
116A9121-8;PANEL 621UB;;1;EA;AR
116A9121-9;PANEL 521UB;;1;EA;AR
1173T211;OVERHEAT SWITCH;B737-700;1;EA;SV
1173T211;OVERHEAT SWITCH;B737-700;1;EA;SV
11-851154-6;PRECOOLER EXCHANGER;A319;1;EA;OH
1187A6-23;BOX-CREW OXYGEN MASK STOWAGE;Embraer 190;1;EA;OH
1191018;ELECT CONTROL PANEL ASSY;B737-700;1;EA;AR
1191-8;AC IN-SEAT POWER SUPPLY;Embraer 190;1;EA;AR
1191-8;AC IN-SEAT POWER SUPPLY;Embraer 190;1;EA;AR
1191-8;AC IN-SEAT POWER SUPPLY;Embraer 190;1;EA;AR
1191-8;AC IN-SEAT POWER SUPPLY;Embraer 190;1;EA;AR
122648;WAVE GUIDE, RADAR;A319;1;EA;AR
123266-2-1;HOT AIR CHECK VALVE;B737;1;EA;AR
123268-1-1;COLD AIR CHECK VALVE;B737;1;EA;AR
123268-1-1;COLD AIR CHECK VALVE;B737;1;EA;SV
12507G-31;HEADSET;Embraer 190;1;EA;SV
12507G-31;HEADSET;Embraer 190;1;EA;AR
12507G-31;HEADSET;Embraer 190;1;EA;AR
12507G-31;HEADSET;Embraer 190;1;EA;AR
125329B-4;SHAFT ASSY;B737-700;1;EA;SV
125334D-2;VALVE BODY ASSEMBLY;B737-700;1;EA;AR
125334D-2;VALVE BODY ASSEMBLY;B737-700;1;EA;SV
125334D-2;VALVE BODY ASSEMBLY;B737-700;1;EA;AR
12664;RAM AIR CHECK VALVE;A319;1;EA;AR
12664;RAM AIR CHECK VALVE;A319;1;EA;AR
12664;RAM AIR CHECK VALVE;A319;1;EA;SV
12664;RAM AIR CHECK VALVE;A319;1;EA;AR
12664;RAM AIR CHECK VALVE;A319;1;EA;AR
12664;RAM AIR CHECK VALVE;A319;1;EA;AR
129694-2;SENSOR BLEED AIR OVERTEMP;B737;1;EA;SV
1330622V01;3RD OCCUPANT SEAT;A319;1;EA;SC
140-265;TRANSDUCER-WHEEL SPEED;Embraer 190;1;EA;AR
140-265;TRANSDUCER-WHEEL SPEED;Embraer 190;1;EA;AR
140-265;TRANSDUCER-WHEEL SPEED;Embraer 190;1;EA;AR
140-265;TRANSDUCER-WHEEL SPEED;Embraer 190;1;EA;AR
140-265;TRANSDUCER-WHEEL SPEED;Embraer 190;1;EA;AR
140-265;TRANSDUCER-WHEEL SPEED;Embraer 190;1;EA;AR
140-265;TRANSDUCER-WHEEL SPEED;Embraer 190;1;EA;AR
140-265;TRANSDUCER-WHEEL SPEED;Embraer 190;1;EA;AR
140-29120;HUBCAP ASSEMBLY;Embraer 190;1;EA;AR
140-29120;HUBCAP ASSEMBLY;Embraer 190;1;EA;AR
140-29120;HUBCAP ASSEMBLY;Embraer 190;1;EA;AR
140-29120;HUBCAP ASSEMBLY;Embraer 190;1;EA;AR
140-29120;HUBCAP ASSEMBLY;Embraer 190;1;EA;AR
140-29120;HUBCAP ASSEMBLY;Embraer 190;1;EA;AR
140-29120;HUBCAP ASSEMBLY;Embraer 190;1;EA;AR
140-29120;HUBCAP ASSEMBLY;Embraer 190;1;EA;AR
142-091143;BRAKE CONTROL MODULE;Embraer 190;1;EA;SV
142-091143;BRAKE CONTROL MODULE;Embraer 190;1;EA;SV
14403-007;INLET-WASTE;A319;1;EA;AR
14403-007;INLET-WASTE;A319;1;EA;AR
14404-010;VACUUM SYS CONTROLLR;A319;1;EA;SV
147A6116-22;DOOR - AFT ENTRY R2;B737;1;EA;AR
147A6502-21;DOOR - AFT SERVICE L2;B737;1;EA;AR
148A7141-11;ACCESS DOOR R/H;B737-800;1;EA;AR
149A7137-5;FWD MID. FAIRING;B737-800;1;EA;AR
149A7137-6;RAM AIR PANEL R/H;;1;EA;AR
149A7160-8;RAM AIR PANEL R/H;B737-800;1;EA;AR
149A7231-21;A/C BAY DOOR;B737-800;1;EA;AR
149A7231-22;A/C BAY DOOR;B737-800;1;EA;AR
149A7242-6;192DR ACCESS PANEL;B737-800;1;EA;AR
149A7558-14;FAIRING PANEL;B737-800;1;EA;AR
149A7561-3;DOOR ACC.;B737-800;1;EA;AR
149A8253-12;PANEL ASSY;B737-800;1;EA;AR
149A8253-12;PANEL ASSY;B737-800;1;EA;AR
1500-2360-001;OVERHEAD UNIT;B737-900;1;EA;SV
1500-2460-003;HGS COMPUTER;B737-900;1;EA;SV
15-0093-5;LIGHT;;1;EA;AR
15-0808-1;FLIGHT CREW READING;Embraer 190;1;EA;SV
15-0808-1;FLIGHT CREW READING;Embraer 190;1;EA;AR
15-0808-1;FLIGHT CREW READING;Embraer 190;1;EA;AR
15-0810-5;LIGHT , FLOOD/STORM;Embraer 190;1;EA;AR
15-0810-5;LIGHT , FLOOD/STORM;Embraer 190;1;EA;AR
15-0810-5;LIGHT , FLOOD/STORM;Embraer 190;1;EA;SV
15-0810-5;LIGHT , FLOOD/STORM;Embraer 190;1;EA;AR
15-0827-1;LIGHT-CARGO SERVICE;Embraer 190;1;EA;AR
152LMA23;APU EGT INDICATOR;B737-700;1;EA;SV
1552-002-19;PRESSURE REGULATOR;B737-700;1;EA;SV
1554A9900-01;BLUE HP MANIFOLD;A319;1;EA;SV
1554A9900-01;BLUE HP MANIFOLD;A319;1;EA;AR
1554A9900-01;BLUE HP MANIFOLD;A319;1;EA;AR
1559A9900-01;HP-MANIFOLD;A319;1;EA;AR
156306-101;DIPLEXER-LOW NOISE AMPLIFIER;B737-800;1;EA;AR
15800-029-4;TOILET ASSEMBLY;;1;EA;OH
15800-029A4;TOILET ASSY RH;Embraer 190;1;EA;OH
158300-101;ACTUATOR-AUTOPILOT;B737;1;EA;SV
158300-101;ACTUATOR-AUTOPILOT;B737;1;EA;AR
158300-101;ACTUATOR-AUTOPILOT;B737;1;EA;AR
158506-06F-E17;COUPLING ASSY;Embraer 190;1;EA;AR
158506-06F-E17;COUPLING ASSY;Embraer 190;1;EA;AR
158510-10E-001;QUICK DISCONNECT HALF EDP DISCHARGE;Embraer 190;1;EA;AR
158510-10E-001;QUICK DISCONNECT HALF EDP DISCHARGE;Embraer 190;1;EA;AR
158510-EMB-002;QUICK DISCONNECT;Embraer 190;1;EA;AR
158510-EMB-002;QUICK DISCONNECT;Embraer 190;1;EA;AR
158510-EMB-002;QUICK DISCONNECT;Embraer 190;1;EA;AR
158516-16E-001;QUICK DISCONNECT HALF EDP SUCTION;Embraer 190;1;EA;AR
158516-16E-001;QUICK DISCONNECT HALF EDP SUCTION;Embraer 190;1;EA;AR
158520-EMB-002;QUICK DISCONNECT;Embraer 190;1;EA;AR
158520-EMB-002;QUICK DISCONNECT;Embraer 190;1;EA;SV
158520-EMB-002;QUICK DISCONNECT;Embraer 190;1;EA;SV
160-11103-990;SUNVISOR ASSY-FRONT;A320;1;EA;AR
160-11103-990;SUNVISOR ASSY-FRONT;A320;1;EA;AR
1605-00-00;CVFDR;Embraer 190;1;EA;SV
1610403;SUN VISOR;Embraer 190;1;EA;AR
1610403;SUN VISOR;Embraer 190;1;EA;AR
16-21B;AERIAL-2RF3;BAE146;1;EA;AR
16-21B;AERIAL-2RF3;BAE146;1;EA;AR
16-21B;AERIAL-2RF3;BAE146;1;EA;AR
16-21B;AERIAL-2RF3;BAE146;1;EA;AR
162BL903;IND-CABIN TEMPERATURE;B737-700;1;EA;AR
16301-01;CVR AREA MICROPHONE;Embraer 190;1;EA;AR
163CV59;WATER QTY IND.;B737-800;1;EA;AR
1640-120-01;COCKPIT CONTROL UNIT;Embraer 190;1;EA;SV
165W01022;ELECTRIC MOTOR DRIVEN HYD PUMP;B737-800;1;EA;SV
1697EA-1;HYD. CONT. VALVE;B737-800;1;EA;AR
170-00595-409;MODULE ASSY;Embraer 190;1;EA;SV
170-00618-403;MODULE ASSY;Embraer 190;1;EA;AR
170-00618-403;MODULE ASSY;Embraer 190;1;EA;SV
170-00624-409;FIRE EXTINGUISH  OVERHEAD PANEL;Embraer 190;1;EA;SV
170-00624-409;FIRE EXTINGUISH  OVERHEAD PANEL;Embraer 190;1;EA;AR
170-00625-413;APU CONTROL OVERHEAD PANEL;Embraer 190;1;EA;SV
170-00626-407;PANEL-POWER PLANT CONTROL;Embraer 190;1;EA;SV
170-00626-407;PANEL-POWER PLANT CONTROL;Embraer 190;1;EA;AR
170-00627-401;TAKE OFF CONFIG PANEL;Embraer 190;1;EA;SV
170-00628-409;PANEL-FLIGHT CONTROL PEDESTAL MODULE;Embraer 190;1;EA;SV
170-00629-403;MODULE ASSY;Embraer 190;1;EA;SV
170-00629-403;MODULE ASSY;Embraer 190;1;EA;AR
170-00633-417;ICE PROTECTION OVER HEAD PANEL;Embraer 190;1;EA;AR
170-00633-417;ICE PROTECTION OVER HEAD PANEL;Embraer 190;1;EA;AI
170-00634-409;AC/PNUEMATIC CONTROL PANEL;Embraer 190;1;EA;SV
170-00635-403;WINDSHIELD WIPER PANEL;Embraer 190;1;EA;SV
1700064F;COMPUTER-SF ACE SLAT/FLAP ACTUATOR CONTROL UNIT;Embraer 190;1;EA;SV
1700064F;COMPUTER-SF ACE SLAT/FLAP ACTUATOR CONTROL UNIT;Embraer 190;1;EA;AR
170-00665-413;ACCESS DOOR;Embraer 190;1;EA;AR
170-00665-413;ACCESS DOOR;Embraer 190;1;EA;AR
170-00675-407;PANEL-LIGHT CONTROL RH;Embraer 190;1;EA;AI
170-00676-407;PANEL-LIGHT CONTROL LH;Embraer 190;1;EA;AI
170-00676-407;PANEL-LIGHT CONTROL LH;Embraer 190;1;EA;AR
170-00677-403;PANEL-DISPLAY REVERSIONARY CONTROL;Embraer 190;1;EA;AR
170-00677-403;PANEL-DISPLAY REVERSIONARY CONTROL;Embraer 190;1;EA;SV
170-00677-403;PANEL-DISPLAY REVERSIONARY CONTROL;Embraer 190;1;EA;AR
170-00677-403;PANEL-DISPLAY REVERSIONARY CONTROL;Embraer 190;1;EA;AR
170-00678-405;CPCS OVERHEAD PANEL MODULE;Embraer 190;1;EA;SV
170-00678-405;CPCS OVERHEAD PANEL MODULE;Embraer 190;1;EA;AR
170-00679-405;PANEL-TRIM CONTROL PEDESTAL MODULE;Embraer 190;1;EA;AI
170-00679-405;PANEL-TRIM CONTROL PEDESTAL MODULE;Embraer 190;1;EA;AR
170-00681-419;STRUCTURE ASSY;Embraer 190;1;EA;AR
170-00681-420;STRUCTURE ASSY;Embraer 190;1;EA;AR
170-01954-409;ACCESS DOOR;Embraer 190;1;EA;AR
170-01954-409;ACCESS DOOR;Embraer 190;1;EA;AR
170-05034-403;PANEL OBSERVER JACKS;Embraer 190;1;EA;AR
170-05034-403;PANEL OBSERVER JACKS;Embraer 190;1;EA;SV
1700591A;FLAP/SLAT PDU POWER  DRIVE UNIT;Embraer 190;1;EA;AR
1700591A;FLAP/SLAT PDU POWER  DRIVE UNIT;Embraer 190;1;EA;AR
1700591A;FLAP/SLAT PDU POWER  DRIVE UNIT;Embraer 190;1;EA;AR
1700591A;FLAP/SLAT PDU POWER  DRIVE UNIT;Embraer 190;1;EA;SV
1700595;SEALED BEARING SUPPORT;Embraer 190;1;EA;AR
1700595;SEALED BEARING SUPPORT;Embraer 190;1;EA;AR
1700595;SEALED BEARING SUPPORT;Embraer 190;1;EA;AR
1700595;SEALED BEARING SUPPORT;Embraer 190;1;EA;AR
170-05955-401;GROUND PROXIMITY GLIDE SLOPE INHIBIT/LANDING GEAR;Embraer 190;1;EA;SV
170-05955-401;GROUND PROXIMITY GLIDE SLOPE INHIBIT/LANDING GEAR;Embraer 190;1;EA;AR
170-05961-411;MODULE ASSY;Embraer 190;1;EA;AR
170-05961-411;MODULE ASSY;Embraer 190;1;EA;SV
170-06346-403;GROUND PROXIMITY TERRAIN INHIBIT/EMERGENCY PARK BR;Embraer 190;1;EA;AR
170-06346-403;GROUND PROXIMITY TERRAIN INHIBIT/EMERGENCY PARK BR;Embraer 190;1;EA;SV
1700637;FLAP ANGLE GEARBOX (141);Embraer 190;1;EA;AR
1700637;FLAP ANGLE GEARBOX (141);Embraer 190;1;EA;AR
1700637;FLAP ANGLE GEARBOX (141);Embraer 190;1;EA;SV
1700637;FLAP ANGLE GEARBOX (141);Embraer 190;1;EA;AR
1700639;FLAP ANGLE GEARBOX (161);Embraer 190;1;EA;SV
1700639;FLAP ANGLE GEARBOX (161);Embraer 190;1;EA;AR
1700639;FLAP ANGLE GEARBOX (161);Embraer 190;1;EA;AR
1700639;FLAP ANGLE GEARBOX (161);Embraer 190;1;EA;AR
1700641;BEARING SUPPORT;Embraer 190;1;EA;AR
1700641;BEARING SUPPORT;Embraer 190;1;EA;AR
1700641;BEARING SUPPORT;Embraer 190;1;EA;AR
1700641;BEARING SUPPORT;Embraer 190;1;EA;AR
1700641;BEARING SUPPORT;Embraer 190;1;EA;AR
1700641;BEARING SUPPORT;Embraer 190;1;EA;AR
1700641;BEARING SUPPORT;Embraer 190;1;EA;SV
1700641;BEARING SUPPORT;Embraer 190;1;EA;AR
170-08801-403;MANIFOLD ASSY;Embraer 190;1;EA;AR
170-08801-403;MANIFOLD ASSY;Embraer 190;1;EA;AR
170-08801-403;MANIFOLD ASSY;Embraer 190;1;EA;AR
170-08801-403;MANIFOLD ASSY;Embraer 190;1;EA;AR
1700894A;GCU-ADG GENERATOR CONTROL UNIT;Embraer 190;1;EA;AR
1700894A;GCU-ADG GENERATOR CONTROL UNIT;Embraer 190;1;EA;AR
170-11171-409;EICAS FULL PANEL;Embraer 190;1;EA;AR
170-11171-409;EICAS FULL PANEL;Embraer 190;1;EA;SV
170-11173-405;GROUND PROXIMITY FLAP WARNING OVERRIDE CONTROL PAN;Embraer 190;1;EA;SV
170-11173-405;GROUND PROXIMITY FLAP WARNING OVERRIDE CONTROL PAN;Embraer 190;1;EA;AR
170-11177-401;MODULE ASSY;Embraer 190;1;EA;AI
170-12417-403;AILERON QUADRANT;Embraer 190;1;EA;AR
170-12421-403;AILERON QUADRANT;Embraer 190;1;EA;AR
170-12425-901;R/H WING AILERON LINK;Embraer 190;1;EA;AR
1701320;GENERATOR-APU;Embraer 190;1;EA;AR
1701320C;GENERATOR-APU;;1;EA;SV
1701321D;GCU-GENERATOR CONTROL UNIT;Embraer 190;1;EA;AR
1701321D;GCU-GENERATOR CONTROL UNIT;Embraer 190;1;EA;AR
1701321D;GCU-GENERATOR CONTROL UNIT;Embraer 190;1;EA;AR
1701321D;GCU-GENERATOR CONTROL UNIT;Embraer 190;1;EA;AR
1701321D;GCU-GENERATOR CONTROL UNIT;Embraer 190;1;EA;AR
1701321E;GCU-GENERATOR CONTROL UNIT;Embraer 190;1;EA;SV
1701337D;MODULE-EXTERNAL POWER;Embraer 190;1;EA;AR
1701337E;MODULE-EXTERNAL POWER;Embraer 190;1;EA;AR
170-13667-413;PANEL-COCKPIT MAINTENANCE PANEL;Embraer 190;1;EA;AR
170-13667-413;PANEL-COCKPIT MAINTENANCE PANEL;Embraer 190;1;EA;SV
170-13689-403;PANEL-PA PILOT CONTROL PANEL;Embraer 190;1;EA;SV
170-13689-403;PANEL-PA PILOT CONTROL PANEL;Embraer 190;1;EA;AR
170-13689-403;PANEL-PA PILOT CONTROL PANEL;Embraer 190;1;EA;AR
170-13689-403;PANEL-PA PILOT CONTROL PANEL;Embraer 190;1;EA;AR
170-14232-001;PANEL;Embraer 190;1;EA;AR
170-14688-405;TRANSFORMER COVER;Embraer 190;1;EA;AR
170-16474-403;MODULE ASSY;Embraer 190;1;EA;AR
170-16474-403;MODULE ASSY;Embraer 190;1;EA;AR
170-16474-403;MODULE ASSY;Embraer 190;1;EA;AR
170-16474-403;MODULE ASSY;Embraer 190;1;EA;AR
170-16907-403;MODULE ASSY;Embraer 190;1;EA;AR
170-16907-403;MODULE ASSY;Embraer 190;1;EA;AR
170-16907-403;MODULE ASSY;Embraer 190;1;EA;AR
170-16907-403;MODULE ASSY;Embraer 190;1;EA;AR
170-18675-405;RAT COMPARTMENT DOOR;Embraer 190;1;EA;AR
170-18675-405;RAT COMPARTMENT DOOR;Embraer 190;1;EA;AR
1702114B;MASTER REAR PLATE;Embraer 190;1;EA;AR
1702114B;MASTER REAR PLATE;Embraer 190;1;EA;AR
1702116B;MASTER REAR PLATE 26 SLOTS;Embraer 190;1;EA;AR
1702116B;MASTER REAR PLATE 26 SLOTS;Embraer 190;1;EA;AR
1702118;FILLER MODULE;Embraer 190;1;EA;AR
1702118;FILLER MODULE;Embraer 190;1;EA;AR
1702118;FILLER MODULE;Embraer 190;1;EA;AR
1702118;FILLER MODULE;Embraer 190;1;EA;AR
1702118;FILLER MODULE;Embraer 190;1;EA;AR
1702118;FILLER MODULE;Embraer 190;1;EA;AR
1702118;FILLER MODULE;Embraer 190;1;EA;AR
1702118;FILLER MODULE;Embraer 190;1;EA;AR
170-24096-401;MODULE ASSY;Embraer 190;1;EA;AR
170-24096-401;MODULE ASSY;Embraer 190;1;EA;AR
170-24099-401;MODULE ASSY;Embraer 190;1;EA;AR
170-24099-401;MODULE ASSY;Embraer 190;1;EA;AR
170-28299-414;STRUCTURE ASSEMBLY;Embraer 190;1;EA;OH
1702961;FLAP/SLAT BEARING SUPPORT;Embraer 190;1;EA;AR
1702961;FLAP/SLAT BEARING SUPPORT;Embraer 190;1;EA;AR
1702961;FLAP/SLAT BEARING SUPPORT;Embraer 190;1;EA;AR
1702961;FLAP/SLAT BEARING SUPPORT;Embraer 190;1;EA;AR
1702961;FLAP/SLAT BEARING SUPPORT;Embraer 190;1;EA;AR
1702961;FLAP/SLAT BEARING SUPPORT;Embraer 190;1;EA;AR
1702961;FLAP/SLAT BEARING SUPPORT;Embraer 190;1;EA;AR
1702961;FLAP/SLAT BEARING SUPPORT;Embraer 190;1;EA;AR
1702961;FLAP/SLAT BEARING SUPPORT;Embraer 190;1;EA;AR
1702961;FLAP/SLAT BEARING SUPPORT;Embraer 190;1;EA;AR
1702961;FLAP/SLAT BEARING SUPPORT;Embraer 190;1;EA;AR
1702961;FLAP/SLAT BEARING SUPPORT;Embraer 190;1;EA;SV
170-30521-421;FUEL ACCESS PANEL;Embraer 190;1;EA;AR
170-30521-421;FUEL ACCESS PANEL;Embraer 190;1;EA;AR
170-30521-421;FUEL ACCESS PANEL;Embraer 190;1;EA;AR
170-30521-421;FUEL ACCESS PANEL;Embraer 190;1;EA;AR
1703781A;RAT AIR DRIVEN GENERATOR;Embraer 190;1;EA;AR
1703781A;RAT AIR DRIVEN GENERATOR;Embraer 190;1;EA;AR
1703785A;RAT DEPLOYMENT ACTUATOR;Embraer 190;1;EA;AR
1703785A;RAT DEPLOYMENT ACTUATOR;Embraer 190;1;EA;AR
1703787;ADG UPLOCK;Embraer 190;1;EA;AR
1703787;ADG UPLOCK;Embraer 190;1;EA;AR
1703909B;SLAT ACTUATOR TYPE D E190;Embraer 190;1;EA;AR
1703909B;SLAT ACTUATOR TYPE D E190;Embraer 190;1;EA;AR
1703909B;SLAT ACTUATOR TYPE D E190;Embraer 190;1;EA;SV
1703909B;SLAT ACTUATOR TYPE D E190;Embraer 190;1;EA;AR
1703909B;SLAT ACTUATOR TYPE D E190;Embraer 190;1;EA;AR
1703909B;SLAT ACTUATOR TYPE D E190;Embraer 190;1;EA;AR
1703909B;SLAT ACTUATOR TYPE D E190;Embraer 190;1;EA;AR
1703909B;SLAT ACTUATOR TYPE D E190;Embraer 190;1;EA;AR
1703909B;SLAT ACTUATOR TYPE D E190;Embraer 190;1;EA;AR
1703909B;SLAT ACTUATOR TYPE D E190;Embraer 190;1;EA;AR
1703909B;SLAT ACTUATOR TYPE D E190;Embraer 190;1;EA;AR
1703909B;SLAT ACTUATOR TYPE D E190;Embraer 190;1;EA;AR
1703909B;SLAT ACTUATOR TYPE D E190;Embraer 190;1;EA;AR
1703909B;SLAT ACTUATOR TYPE D E190;Embraer 190;1;EA;AR
1703909B;SLAT ACTUATOR TYPE D E190;Embraer 190;1;EA;AR
1703909B;SLAT ACTUATOR TYPE D E190;Embraer 190;1;EA;AR
1703913-1;TORQUE TUBE;Embraer 190;1;EA;AR
1703913-1;TORQUE TUBE;Embraer 190;1;EA;AR
1703913-1;TORQUE TUBE;Embraer 190;1;EA;AR
1703913-1;TORQUE TUBE;Embraer 190;1;EA;AR
1703917-1;TORQUE TUBE;Embraer 190;1;EA;AR
1703917-1;TORQUE TUBE;Embraer 190;1;EA;SV
1703917-1;TORQUE TUBE;Embraer 190;1;EA;AR
1703917-1;TORQUE TUBE;Embraer 190;1;EA;AR
170-40549-401;CARGO NET ASSY;Embraer 190;1;EA;AR
170-40549-401;CARGO NET ASSY;Embraer 190;1;EA;AR
170-40549-401;CARGO NET ASSY;Embraer 190;1;EA;AR
170-40549-401;CARGO NET ASSY;Embraer 190;1;EA;AR
170-40549-401;CARGO NET ASSY;Embraer 190;1;EA;AR
170-40550-401;CARGO NET ASSY;Embraer 190;1;EA;AR
170-40552-401;FWD DOOR NET ASSY;Embraer 190;1;EA;AR
170-40553-401;AFT DOOR NET ASSY;Embraer 190;1;EA;AR
170-40554-401;CARGO NET;Embraer 190;1;EA;AR
170-40575-401;CARGO NET;Embraer 190;1;EA;AR
170-41867-407;BUSTLE ASSY -FWD PAX DOOR;Embraer 190;1;EA;AR
170-41868-407;BUSTLE ASSY - FWD SERVICE DOOR;Embraer 190;1;EA;AR
170-41869-407;BUSTLE ASSY- AFT PAX DOOR;Embraer 190;1;EA;AR
170-41870-407;BUSTLE ASSY - AFT PAX DOOR;Embraer 190;1;EA;AR
1704208;SLAT ANGLE GEARBOX;Embraer 190;1;EA;AR
1704208;SLAT ANGLE GEARBOX;Embraer 190;1;EA;AR
1704208;SLAT ANGLE GEARBOX;Embraer 190;1;EA;AR
1704208;SLAT ANGLE GEARBOX;Embraer 190;1;EA;AR
1704208;SLAT ANGLE GEARBOX;Embraer 190;1;EA;AR
1704208;SLAT ANGLE GEARBOX;Embraer 190;1;EA;AR
1704208;SLAT ANGLE GEARBOX;Embraer 190;1;EA;AR
1704208;SLAT ANGLE GEARBOX;Embraer 190;1;EA;AR
170-43895-403;INTERPHONE CRADLE;Embraer 190;1;EA;AR
170-43895-403;INTERPHONE CRADLE;Embraer 190;1;EA;AR
170-44178-403;ELECTRONICS BOX;Embraer 190;1;EA;AR
170-44178-403;ELECTRONICS BOX;Embraer 190;1;EA;AR
170-44450-411;WASTE HOLDING TANK ASSY;Embraer 190;1;EA;SV
170-44450-411;WASTE HOLDING TANK ASSY;Embraer 190;1;EA;AR
170-44939-401;GSU PANEL;Embraer 190;1;EA;AR
170-45412-405;PSU;Embraer 190;1;EA;AR
170-45412-405;PSU;Embraer 190;1;EA;AR
170-45412-405;PSU;Embraer 190;1;EA;AR
170-45412-405;PSU;Embraer 190;1;EA;AR
170-45412-405;PSU;Embraer 190;1;EA;AR
170-45412-405;PSU;Embraer 190;1;EA;AR
170-45412-405;PSU;Embraer 190;1;EA;AR
170-45412-405;PSU;Embraer 190;1;EA;AR
170-45412-405;PSU;Embraer 190;1;EA;AR
170-45412-405;PSU;Embraer 190;1;EA;AR
170-45412-405;PSU;Embraer 190;1;EA;AR
170-45412-405;PSU;Embraer 190;1;EA;AR
170-45412-405;PSU;Embraer 190;1;EA;AR
170-45412-405;PSU;Embraer 190;1;EA;AR
170-45412-405;PSU;Embraer 190;1;EA;AR
170-45412-405;PSU;Embraer 190;1;EA;AR
170-45412-405;PSU;Embraer 190;1;EA;AR
170-45412-405;PSU;Embraer 190;1;EA;AR
170-45412-405;PSU;Embraer 190;1;EA;AR
170-45412-405;PSU;Embraer 190;1;EA;AR
170-45412-405;PSU;Embraer 190;1;EA;AR
170-45412-405;PSU;Embraer 190;1;EA;AR
170-45412-405;PSU;Embraer 190;1;EA;AR
170-45412-405;PSU;Embraer 190;1;EA;AR
170-45412-405;PSU;Embraer 190;1;EA;AR
170-45412-405;PSU;Embraer 190;1;EA;AR
170-45413-405;PSU;Embraer 190;1;EA;AR
170-45413-405;PSU;Embraer 190;1;EA;AR
170-45413-405;PSU;Embraer 190;1;EA;AR
170-45413-405;PSU;Embraer 190;1;EA;AR
170-45413-405;PSU;Embraer 190;1;EA;AR
170-45413-405;PSU;Embraer 190;1;EA;AR
170-45413-405;PSU;Embraer 190;1;EA;AR
170-45413-405;PSU;Embraer 190;1;EA;AR
170-45413-405;PSU;Embraer 190;1;EA;AR
170-45413-405;PSU;Embraer 190;1;EA;AR
170-45413-405;PSU;Embraer 190;1;EA;AR
170-45413-405;PSU;Embraer 190;1;EA;AR
170-45413-405;PSU;Embraer 190;1;EA;AR
170-45413-405;PSU;Embraer 190;1;EA;AR
170-45413-405;PSU;Embraer 190;1;EA;AR
170-45413-405;PSU;Embraer 190;1;EA;AR
170-45413-405;PSU;Embraer 190;1;EA;AR
170-45413-405;PSU;Embraer 190;1;EA;AR
170-45413-405;PSU;Embraer 190;1;EA;AR
170-45413-405;PSU;Embraer 190;1;EA;AR
170-45413-405;PSU;Embraer 190;1;EA;AR
170-45413-405;PSU;Embraer 190;1;EA;AR
170-45413-405;PSU;Embraer 190;1;EA;AR
170-45413-405;PSU;Embraer 190;1;EA;AR
170-45413-405;PSU;Embraer 190;1;EA;AR
170-45413-405;PSU;Embraer 190;1;EA;AR
170-45413-405;PSU;Embraer 190;1;EA;AR
170-45442-401;50 MM FILLER PANEL ASSY;;35;EA;AR
170-45443-401;75 MM FILLER PANEL ASSY;;4;EA;AR
170-45446-401;NSFSB PANEL ASSY LH;;1;EA;AR
170-45446-401;NSFSB PANEL ASSY LH;;1;EA;AR
170-45446-401;NSFSB PANEL ASSY LH;;1;EA;AR
170-45446-401;NSFSB PANEL ASSY LH;;1;EA;AR
170-45446-401;NSFSB PANEL ASSY LH;;1;EA;AR
170-45446-401;NSFSB PANEL ASSY LH;;1;EA;AR
170-45446-401;NSFSB PANEL ASSY LH;;1;EA;AR
170-45446-401;NSFSB PANEL ASSY LH;;1;EA;AR
170-45446-401;NSFSB PANEL ASSY LH;;1;EA;AR
170-45446-401;NSFSB PANEL ASSY LH;;1;EA;AR
170-45446-401;NSFSB PANEL ASSY LH;;1;EA;AR
170-45446-401;NSFSB PANEL ASSY LH;;1;EA;AR
170-45446-401;NSFSB PANEL ASSY LH;;1;EA;AR
170-45446-401;NSFSB PANEL ASSY LH;;1;EA;AR
170-45446-401;NSFSB PANEL ASSY LH;;1;EA;AR
170-45446-401;NSFSB PANEL ASSY LH;;1;EA;AR
170-45446-401;NSFSB PANEL ASSY LH;;1;EA;AR
170-45446-401;NSFSB PANEL ASSY LH;;1;EA;AR
170-45446-401;NSFSB PANEL ASSY LH;;1;EA;AR
170-45446-401;NSFSB PANEL ASSY LH;;1;EA;AR
170-45446-401;NSFSB PANEL ASSY LH;;1;EA;AR
170-45446-401;NSFSB PANEL ASSY LH;;1;EA;AR
170-45446-401;NSFSB PANEL ASSY LH;;1;EA;AR
170-45446-401;NSFSB PANEL ASSY LH;;1;EA;AR
170-45446-401;NSFSB PANEL ASSY LH;;1;EA;AR
170-45446-401;NSFSB PANEL ASSY LH;;1;EA;AR
170-45446-401;NSFSB PANEL ASSY LH;;1;EA;AR
170-45447-401;NSFSB PANEL ASSY RH;;1;EA;AR
170-45447-401;NSFSB PANEL ASSY RH;;1;EA;AR
170-45447-401;NSFSB PANEL ASSY RH;;1;EA;AR
170-45447-401;NSFSB PANEL ASSY RH;;1;EA;AR
170-45447-401;NSFSB PANEL ASSY RH;;1;EA;AR
170-45447-401;NSFSB PANEL ASSY RH;;1;EA;AR
170-45447-401;NSFSB PANEL ASSY RH;;1;EA;AR
170-45447-401;NSFSB PANEL ASSY RH;;1;EA;AR
170-45447-401;NSFSB PANEL ASSY RH;;1;EA;AR
170-45447-401;NSFSB PANEL ASSY RH;;1;EA;AR
170-45447-401;NSFSB PANEL ASSY RH;;1;EA;AR
170-45447-401;NSFSB PANEL ASSY RH;;1;EA;AR
170-45447-401;NSFSB PANEL ASSY RH;;1;EA;AR
170-45447-401;NSFSB PANEL ASSY RH;;1;EA;AR
170-45447-401;NSFSB PANEL ASSY RH;;1;EA;AR
170-45447-401;NSFSB PANEL ASSY RH;;1;EA;AR
170-45447-401;NSFSB PANEL ASSY RH;;1;EA;AR
170-45447-401;NSFSB PANEL ASSY RH;;1;EA;AR
170-45447-401;NSFSB PANEL ASSY RH;;1;EA;AR
170-45447-401;NSFSB PANEL ASSY RH;;1;EA;AR
170-45447-401;NSFSB PANEL ASSY RH;;1;EA;AR
170-45447-401;NSFSB PANEL ASSY RH;;1;EA;AR
170-45447-401;NSFSB PANEL ASSY RH;;1;EA;AR
170-45447-401;NSFSB PANEL ASSY RH;;1;EA;AR
170-45447-401;NSFSB PANEL ASSY RH;;1;EA;AR
170-45447-401;NSFSB PANEL ASSY RH;;1;EA;AR
170-45447-401;NSFSB PANEL ASSY RH;;1;EA;AR
170-45447-401;NSFSB PANEL ASSY RH;;1;EA;AR
170-50005-425;TAIL CONE;Embraer 190;1;EA;AR
1-7054-3;HANDLE-FIRE EXTINGUISHING,ENGINE 1;Embraer 190;1;EA;AR
1-7054-3;HANDLE-FIRE EXTINGUISHING,ENGINE 1;Embraer 190;1;EA;SV
170-55281-401;HIGH TEMPERATURE PIPE;Embraer 190;1;EA;AR
170-55781-401;HIGH TEMPERATURE MUFFLER;Embraer 190;1;EA;AR
1705621-1;TORQUE TUBE;Embraer 190;1;EA;AR
1705621-1;TORQUE TUBE;Embraer 190;1;EA;AR
1705621-1;TORQUE TUBE;Embraer 190;1;EA;AR
1705621-1;TORQUE TUBE;Embraer 190;1;EA;AR
1705683;WING TIP MOUNTING BRACKET;Embraer 190;1;EA;AR
1705683;WING TIP MOUNTING BRACKET;Embraer 190;1;EA;AR
1705683;WING TIP MOUNTING BRACKET;Embraer 190;1;EA;AR
1705683;WING TIP MOUNTING BRACKET;Embraer 190;1;EA;AR
1705800-1;FEEL SHIFT MODULE;B737-900;1;EA;SV
170-60070-403;FUSELAGE PANEL;Embraer 190;1;EA;AR
170-60071-401;DRAIN POINT;Embraer 190;1;EA;AR
170-63022-411;VERTICAL STAB TOP PANEL;Embraer 190;1;EA;AR
170-63022-411;VERTICAL STAB TOP PANEL;Embraer 190;1;EA;AR
170-63042-409;DORSAL FIN;Embraer 190;1;EA;AR
170-63084-401;VERTICAL STAB PANEL, LEADING EDGE;Embraer 190;1;EA;AR
170-63084-401;VERTICAL STAB PANEL, LEADING EDGE;Embraer 190;1;EA;AR
170-63358-401;PANEL;Embraer 190;1;EA;AR
170-63419-401;FUSELAGE PANEL;Embraer 190;1;EA;AR
170-63420-401;FUSELAGE PANEL;Embraer 190;1;EA;AR
170-63422-901;FUSELAGE PANEL;Embraer 190;1;EA;AR
170-68000-455;PASSENGER DOOR;Embraer 190;1;EA;AR
170-68500-451;E190 AFT PASSENGER DOOR;;1;EA;AR
170-69000-451;PASSENGER DOOR;Embraer 190;1;EA;AR
170-69000-451;PASSENGER DOOR;Embraer 190;1;EA;AR
170-69000-455;PAX DOOR 1L;Embraer 190;1;EA;AR
170-69300-453;PASSENGER DOOR;Embraer 190;1;EA;AR
170-69300-453;PASSENGER DOOR;Embraer 190;1;EA;AR
170-69600-441;CARGO DOOR;;1;EA;AR
170-69600-441;CARGO DOOR;;1;EA;AR
170-69819-907;ACTUATOR-BAGGAGE DOOR;Embraer 190;1;EA;AR
170-69819-907;ACTUATOR-BAGGAGE DOOR;Embraer 190;1;EA;AR
170-69819-907;ACTUATOR-BAGGAGE DOOR;Embraer 190;1;EA;AR
170-69819-907;ACTUATOR-BAGGAGE DOOR;Embraer 190;1;EA;SV
170-70770-911;ROD, ASSY TELESCOPIC;Embraer 190;1;EA;AR
170-70770-911;ROD, ASSY TELESCOPIC;Embraer 190;1;EA;AR
170-70770-911;ROD, ASSY TELESCOPIC;Embraer 190;1;EA;AR
170-70770-911;ROD, ASSY TELESCOPIC;Embraer 190;1;EA;AR
170-70850-407;VALVE-LDG GEAR SELECTOR;Embraer 190;1;EA;AR
170-70850-407;VALVE-LDG GEAR SELECTOR;Embraer 190;1;EA;AR
170-71000-407;UPLOCK BOX EQUIPPED;Embraer 190;1;EA;AR
170-71000-407;UPLOCK BOX EQUIPPED;Embraer 190;1;EA;AR
170-71000-407;UPLOCK BOX EQUIPPED;Embraer 190;1;EA;AR
170-71000-407;UPLOCK BOX EQUIPPED;Embraer 190;1;EA;AR
170-71000-407;UPLOCK BOX EQUIPPED;Embraer 190;1;EA;AR
170-71000-407;UPLOCK BOX EQUIPPED;Embraer 190;1;EA;AR
170-71180-409;RETRACTION ACTUATOR NLG;Embraer 190;1;EA;SV
170-71180-409;RETRACTION ACTUATOR NLG;Embraer 190;1;EA;AR
170-71200-407;DOWNLOCK RELEASE ACTUATOR NLG;Embraer 190;1;EA;AR
170-71200-407;DOWNLOCK RELEASE ACTUATOR NLG;Embraer 190;1;EA;AR
170-71250-403;EMERGENCY EXTENSION SELECTOR VALVE;Embraer 190;1;EA;AR
170-71250-403;EMERGENCY EXTENSION SELECTOR VALVE;Embraer 190;1;EA;AR
170-71306-407;MECHANISM, CMD ASSY;Embraer 190;1;EA;AR
170-71306-407;MECHANISM, CMD ASSY;Embraer 190;1;EA;AR
1707789E;MODULE-SPDA MICRO COMMS;Embraer 190;1;EA;AR
1707789E;MODULE-SPDA MICRO COMMS;Embraer 190;1;EA;AR
1707789E;MODULE-SPDA MICRO COMMS;Embraer 190;1;EA;AR
1707789E;MODULE-SPDA MICRO COMMS;Embraer 190;1;EA;AR
1707789E;MODULE-SPDA MICRO COMMS;Embraer 190;1;EA;AR
1707789E;MODULE-SPDA MICRO COMMS;Embraer 190;1;EA;SV
1707789E;MODULE-SPDA MICRO COMMS;Embraer 190;1;EA;SV
1707930;MASTER HOOD CHASSIS;Embraer 190;1;EA;AR
1707930;MASTER HOOD CHASSIS;Embraer 190;1;EA;AR
1707944;MASTER HOOD CHASSIS - 26 SLOTS;Embraer 190;1;EA;AR
1707944;MASTER HOOD CHASSIS - 26 SLOTS;Embraer 190;1;EA;AR
1708007;MODULE-SPDA-ASCB COMMS;Embraer 190;1;EA;AR
1708007;MODULE-SPDA-ASCB COMMS;Embraer 190;1;EA;AR
1708007;MODULE-SPDA-ASCB COMMS;Embraer 190;1;EA;AR
1708007;MODULE-SPDA-ASCB COMMS;Embraer 190;1;EA;AR
1708009;MODULE-SPDA AC POWER;Embraer 190;1;EA;AR
1708009;MODULE-SPDA AC POWER;Embraer 190;1;EA;AR
1708009;MODULE-SPDA AC POWER;Embraer 190;1;EA;AR
1708009;MODULE-SPDA AC POWER;Embraer 190;1;EA;AR
1708011;MODULE-SPDA DC POWER;Embraer 190;1;EA;AR
1708011;MODULE-SPDA DC POWER;Embraer 190;1;EA;SV
1708011;MODULE-SPDA DC POWER;Embraer 190;1;EA;AR
1708011;MODULE-SPDA DC POWER;Embraer 190;1;EA;AR
1708011;MODULE-SPDA DC POWER;Embraer 190;1;EA;AR
1708011;MODULE-SPDA DC POWER;Embraer 190;1;EA;AR
1708011;MODULE-SPDA DC POWER;Embraer 190;1;EA;SV
1708011;MODULE-SPDA DC POWER;Embraer 190;1;EA;AR
1708011;MODULE-SPDA DC POWER;Embraer 190;1;EA;AR
1708011;MODULE-SPDA DC POWER;Embraer 190;1;EA;AR
1708011;MODULE-SPDA DC POWER;Embraer 190;1;EA;AR
1708011;MODULE-SPDA DC POWER;Embraer 190;1;EA;AR
1708011;MODULE-SPDA DC POWER;Embraer 190;1;EA;AR
1708011;MODULE-SPDA DC POWER;Embraer 190;1;EA;AR
1708011;MODULE-SPDA DC POWER;Embraer 190;1;EA;AR
1708011;MODULE-SPDA DC POWER;Embraer 190;1;EA;AR
1708011;MODULE-SPDA DC POWER;Embraer 190;1;EA;AR
1708011;MODULE-SPDA DC POWER;Embraer 190;1;EA;AR
1708011;MODULE-SPDA DC POWER;Embraer 190;1;EA;AR
1708011;MODULE-SPDA DC POWER;Embraer 190;1;EA;AR
1708011;MODULE-SPDA DC POWER;Embraer 190;1;EA;AR
1708011;MODULE-SPDA DC POWER;Embraer 190;1;EA;AR
1708011;MODULE-SPDA DC POWER;Embraer 190;1;EA;AR
1708011;MODULE-SPDA DC POWER;Embraer 190;1;EA;AR
1708011;MODULE-SPDA DC POWER;Embraer 190;1;EA;AR
1708013;MODULE-SPDA ARINC429;Embraer 190;1;EA;AR
1708013;MODULE-SPDA ARINC429;Embraer 190;1;EA;AR
1708013;MODULE-SPDA ARINC429;Embraer 190;1;EA;AR
1708013;MODULE-SPDA ARINC429;Embraer 190;1;EA;AR
1708015;MODULE-SPDA DISCRETE I/O;Embraer 190;1;EA;AR
1708015;MODULE-SPDA DISCRETE I/O;Embraer 190;1;EA;SV
1708015;MODULE-SPDA DISCRETE I/O;Embraer 190;1;EA;AR
1708015;MODULE-SPDA DISCRETE I/O;Embraer 190;1;EA;SV
1708015;MODULE-SPDA DISCRETE I/O;Embraer 190;1;EA;AR
1708015;MODULE-SPDA DISCRETE I/O;Embraer 190;1;EA;AR
1708015;MODULE-SPDA DISCRETE I/O;Embraer 190;1;EA;AR
1708015;MODULE-SPDA DISCRETE I/O;Embraer 190;1;EA;AR
1708015;MODULE-SPDA DISCRETE I/O;Embraer 190;1;EA;AR
1708015;MODULE-SPDA DISCRETE I/O;Embraer 190;1;EA;AR
1708017;MODULE-SPDA1 ANALOG I/O;Embraer 190;1;EA;AR
1708017;MODULE-SPDA1 ANALOG I/O;Embraer 190;1;EA;AR
1708337;FIRE EXTINGUISHER;;1;EA;AR
170-84520-437;CARGO DOOR;;1;EA;AR
170-84520-437;CARGO DOOR;;1;EA;AR
170-96662-401;COVER/GUARD;Embraer 190;1;EA;AR
171-02991-401;ADS PROBES HEATER  PANEL MODULE;Embraer 190;1;EA;AR
171-02991-401;ADS PROBES HEATER  PANEL MODULE;Embraer 190;1;EA;SV
171-04650-401;FWD RAMP INTERPHONE PANEL;Embraer 190;1;EA;AR
171-08170-401;WIRE HARNESS;Embraer 190;1;EA;AR
171-08170-401;WIRE HARNESS;Embraer 190;1;EA;AR
171-09681-401;MODULE ASSY ,PC OUTLET LEFT 150VA;Embraer 190;1;EA;AR
171-09682-401;MODULE ASSY, PC OUTLET RIGHT 150VA;Embraer 190;1;EA;AR
171-09682-401;MODULE ASSY, PC OUTLET RIGHT 150VA;Embraer 190;1;EA;AR
1713255;ACTUATOR-SLAT E190 TYPE E;Embraer 190;1;EA;AR
1713255;ACTUATOR-SLAT E190 TYPE E;Embraer 190;1;EA;AR
1713255;ACTUATOR-SLAT E190 TYPE E;Embraer 190;1;EA;AR
1713255;ACTUATOR-SLAT E190 TYPE E;Embraer 190;1;EA;AR
1713255;ACTUATOR-SLAT E190 TYPE E;Embraer 190;1;EA;AR
1713255;ACTUATOR-SLAT E190 TYPE E;Embraer 190;1;EA;AR
1713255;ACTUATOR-SLAT E190 TYPE E;Embraer 190;1;EA;AR
1713255;ACTUATOR-SLAT E190 TYPE E;Embraer 190;1;EA;AR
1713255;ACTUATOR-SLAT E190 TYPE E;Embraer 190;1;EA;AR
1713255;ACTUATOR-SLAT E190 TYPE E;Embraer 190;1;EA;AR
1713255;ACTUATOR-SLAT E190 TYPE E;Embraer 190;1;EA;AR
1713255;ACTUATOR-SLAT E190 TYPE E;Embraer 190;1;EA;AR
1713255;ACTUATOR-SLAT E190 TYPE E;Embraer 190;1;EA;AR
1713255;ACTUATOR-SLAT E190 TYPE E;Embraer 190;1;EA;AR
1713255;ACTUATOR-SLAT E190 TYPE E;Embraer 190;1;EA;AR
1713255;ACTUATOR-SLAT E190 TYPE E;Embraer 190;1;EA;AR
171-45702-401;COCKPIT DOOR FINISH TOP;Embraer 190;1;EA;AR
1732030-01;FILTER;B737-700;1;EA;AR
1732030-01;FILTER;B737-700;1;EA;AR
1732510;FILTER ELEMENT ASSY;B737-800;1;EA;AR
176A3009-7;BODY PANEL;B737-800;1;EA;AR
18011-05-01;PILOT SEAT - FULL SHEEPSKIN;Embraer 190;1;EA;AR
18012-05-01;SEAT CO-PILOT;;1;EA;AR
18-2141-3;TRANSMITTER PRESSURE;B737;1;EA;AR
18-2141-3;TRANSMITTER PRESSURE;B737;1;EA;SV
18-2141-3;TRANSMITTER PRESSURE;B737;1;EA;AR
18-2141-3;TRANSMITTER PRESSURE;B737;1;EA;AR
18-2141-3;TRANSMITTER PRESSURE;B737;1;EA;SV
183010-4;WATER SEPARATOR;B737;1;EA;SV
183010-4;WATER SEPARATOR;B737;1;EA;AR
18301905-1;AIR PRESSURE GAUGE;A319;1;EA;AR
18301905-1;AIR PRESSURE GAUGE;A319;1;EA;AR
18301905-1;AIR PRESSURE GAUGE;A319;1;EA;SV
18301905-1;AIR PRESSURE GAUGE;A319;1;EA;AR
18301905-1;AIR PRESSURE GAUGE;A319;1;EA;AR
18301905-1;AIR PRESSURE GAUGE;A319;1;EA;AR
18301905-1;AIR PRESSURE GAUGE;A319;1;EA;AR
18330904-2;HIGH PRESSURE GAUGE;A319;1;EA;AR
18330904-2;HIGH PRESSURE GAUGE;A319;1;EA;AR
18330904-2;HIGH PRESSURE GAUGE;A319;1;EA;AR
18330904-2;HIGH PRESSURE GAUGE;A319;1;EA;AR
18330904-2;HIGH PRESSURE GAUGE;A319;1;EA;AR
18330904-2;HIGH PRESSURE GAUGE;A319;1;EA;AR
18330904-2;HIGH PRESSURE GAUGE;A319;1;EA;AR
18330904-2;HIGH PRESSURE GAUGE;A319;1;EA;AR
18330904-2;HIGH PRESSURE GAUGE;A319;1;EA;AR
185A1702-61;PANEL ASSY;B737-800;1;EA;AR
185A1702-62;PANEL 343CB;B737-800;1;EA;AR
185A1702-69;PANEL 333DB;B737-800;1;EA;AR
185A1702-70;PANEL ASSY R/H;B737-800;1;EA;AR
19000-040;CONTROLLER-WATER AND WASTE SYSTEM;Embraer 190;1;EA;SV
19000-131;RELAY, ASSY, MOTOR STARTING;Embraer 190;1;EA;SV
19000-131;RELAY, ASSY, MOTOR STARTING;Embraer 190;1;EA;AR
19000-195;MAST-DRAIN;Embraer 190;1;EA;SV
19000-195;MAST-DRAIN;Embraer 190;1;EA;AR
19000-195;MAST-DRAIN;Embraer 190;1;EA;SV
19000-200-401;SENSOR-WASTE LEVEL FULL;Embraer 190;1;EA;SV
19000-210;HEATER ASSEMBLY, FILL/DRAIN VALVE;Embraer 190;1;EA;AR
19000-210;HEATER ASSEMBLY, FILL/DRAIN VALVE;Embraer 190;1;EA;AR
19000-314;HEATER  MANIFOLD  FITTING;Embraer 190;1;EA;AR
19000-320;SERVICE PANEL DOOR SWITCH ASSEMBLY;Embraer 190;1;EA;AR
19000-780;VALVE-POTABLE WATER FILL & DRAIN;Embraer 190;1;EA;SV
19000-780;VALVE-POTABLE WATER FILL & DRAIN;Embraer 190;1;EA;AR
190-03051-404;REAR FAIRING;Embraer 190;1;EA;AR
190-03083-001;BOAT FAIRING;Embraer 190;1;EA;AR
190-04425-001;FUEL FEED CONNECTOR;Embraer 190;1;EA;AR
190-04433-003;FUEL FEED CONNECTOR SMALL;Embraer 190;1;EA;AR
190-09276-403;HORIZONTAL STAB PANEL;Embraer 190;1;EA;AR
190-09276-409;HORIZONTAL STAB PANEL;Embraer 190;1;EA;AR
190-09279-403;HORIZONTAL STAB LE PANEL;Embraer 190;1;EA;AR
190-09279-403;HORIZONTAL STAB LE PANEL;Embraer 190;1;EA;AR
190-09279-404;HORIZONTAL STAB LE PANEL;Embraer 190;1;EA;AR
190-09279-404;HORIZONTAL STAB LE PANEL;Embraer 190;1;EA;AR
190-09281-401;HORIZONTAL STAB LE PANEL;Embraer 190;1;EA;AR
190-09281-402;HORIZONTAL STAB LE PANEL;Embraer 190;1;EA;AR
190-09281-402;HORIZONTAL STAB LE PANEL;Embraer 190;1;EA;AR
190-09381-403;L/E O/B PANELS;Embraer 190;1;EA;AR
190-09616-405;TIP PANEL;Embraer 190;1;EA;AR
190-09616-406;TIP PANEL;Embraer 190;1;EA;AR
190-09910-435;BALANCED RUDDER ASSY;Embraer 190;1;EA;AR
190-09910-439;BALANCED RUDDER ASSY;Embraer 190;1;EA;AR
190-10343-403;LEFT NLG DOOR;Embraer 190;1;EA;AR
190-10343-403;LEFT NLG DOOR;Embraer 190;1;EA;AR
190-10343-404;DOOR ASSY REPAIR EQUIP;;1;EA;AR
190-10343-404;DOOR ASSY REPAIR EQUIP;;1;EA;AR
190-10345-411;NOSE LANDING GEAR DOOR FWD LH;;1;EA;AR
190-10345-411;NOSE LANDING GEAR DOOR FWD LH;;1;EA;AR
190-10345-412;NOSE LANDING GEAR DOOR FWD RH;;1;EA;AR
190-10345-412;NOSE LANDING GEAR DOOR FWD RH;;1;EA;AR
190-10755-401;HARNESS W182, NOSE LDG GR COMPT;Embraer 190;1;EA;AR
190-13610-107;AFT DRAIN COVER;Embraer 190;1;EA;AR
190-13612-405;FAIRING, DRAIN;Embraer 190;1;EA;AR
190-13614-405;FAIRING, DRAIN;Embraer 190;1;EA;AR
190-15500-401;FAIRING ASSY, MOVEABLE;Embraer 190;1;EA;AR
190-15500-402;FAIRING ASSY, MOVEABLE;Embraer 190;1;EA;AR
190-16831-404;SLAT 1;Embraer 190;1;EA;AR
190-16831-404;SLAT 1;Embraer 190;1;EA;AR
190-17111-409;REINFORCED COCKPIT DOOR ASSY;Embraer 190;1;EA;AR
190-17111-627;COCKPIT DOOR;Embraer 190;1;EA;AR
190-17918-413;SLAT 2;Embraer 190;1;EA;AR
190-17918-414;SLAT 2;Embraer 190;1;EA;AR
190-17918-414;SLAT 2;Embraer 190;1;EA;AR
190-17919-407;SLAT 3;Embraer 190;1;EA;AR
190-17919-408;SLAT 3;Embraer 190;1;EA;AR
190-17919-408;SLAT 3;Embraer 190;1;EA;AR
190-17920-413;SLAT 4;Embraer 190;1;EA;AR
190-17920-414;SLAT 4;Embraer 190;1;EA;AR
190-17920-414;SLAT 4;Embraer 190;1;EA;AR
190-18429-457;DOOR ASSY;Embraer 190;1;EA;AR
190-18429-458;DOOR ASSY;Embraer 190;1;EA;AR
190-18429-459;MLG INBOARD DOOR ASSY;Embraer 190;1;EA;AR
190-18429-460;MLG INBOARD DOOR ASSY;Embraer 190;1;EA;AR
190-26026-417;PANEL ASSY, CENTER;Embraer 190;1;EA;AR
190-26026-417;PANEL ASSY, CENTER;Embraer 190;1;EA;AR
190-26030-402;DOOR ASSY;Embraer 190;1;EA;AR
190-26064-403;ACCESS DOOR;Embraer 190;1;EA;AR
190-26064-404;ACCESS DOOR;Embraer 190;1;EA;AR
190-26073-405;ACCESS PANEL;Embraer 190;1;EA;AR
190-26074-403;ACCESS DOOR;Embraer 190;1;EA;AR
190-26078-403;ACCESS DOOR;Embraer 190;1;EA;AR
190-26080-405;ACCES PANEL;Embraer 190;1;EA;AR
190-26082-403;ACCESS PANEL;Embraer 190;1;EA;AR
190-26082-404;ACCESS DOOR;Embraer 190;1;EA;AR
190-26084-415;WING TO BODY FAIRING - CH;Embraer 190;1;EA;AR
190-26084-415;WING TO BODY FAIRING - CH;Embraer 190;1;EA;AR
190-26084-416;WING TO BODY FAIRING - RH;Embraer 190;1;EA;AR
190-26084-416;WING TO BODY FAIRING - RH;Embraer 190;1;EA;AR
190-26116-403;ACCESS DOOR;Embraer 190;1;EA;AR
190-26116-404;ACCESS DOOR;Embraer 190;1;EA;AR
190-26120-402;ACCESS DOOR;Embraer 190;1;EA;AR
190-26124-407;ACCESS PANEL;Embraer 190;1;EA;AR
190-26124-407;ACCESS PANEL;Embraer 190;1;EA;AR
190-26124-408;ACCESS PANEL;Embraer 190;1;EA;AR
190-26124-408;ACCESS PANEL;Embraer 190;1;EA;AR
190-26130-406;ACCESS PANEL;Embraer 190;1;EA;AR
190-26268-403;L/H EMERGENCY LIGHT SUPPORT;Embraer 190;1;EA;AR
190-26268-404;EMERGENCY LIGHT SUPPORT;Embraer 190;1;EA;AR
190-26299-407;FUSELAGE PANEL;Embraer 190;1;EA;AR
190-26407-901;L/H EMERGENCY LIGHT LENS;Embraer 190;1;EA;AR
190-26407-902;R/H EMERGENCY LIGHT LENS;Embraer 190;1;EA;AR
190-28120-404;ACCESS DOOR;Embraer 190;1;EA;AR
190-30522-421;FUEL ACCESS PANEL;Embraer 190;1;EA;AR
190-30522-421;FUEL ACCESS PANEL;Embraer 190;1;EA;AR
190-31070-421;FUEL PANEL, ACCESS DOOR ASSY;Embraer 190;1;EA;AR
190-31384-901;LANDING LIGHT LENS ASSY LH;Embraer 190;1;EA;AR
190-31384-901;LANDING LIGHT LENS ASSY LH;Embraer 190;1;EA;AR
190-31384-902;LANDING LIGHT LENS ASSY RH;Embraer 190;1;EA;AR
190-31384-902;LANDING LIGHT LENS ASSY RH;Embraer 190;1;EA;AR
190-31652-021;SLAT TRACK ASSORTED COMPONENTS;Embraer 190;1;EA;AR
190-31662-021;SLAT TRACK ASSORTED COMPONENTS;Embraer 190;1;EA;AR
190-32051-421;WING PANEL;Embraer 190;1;EA;AR
190-32053-022;R/H U/C MAIN JACK ACCESS PANEL;Embraer 190;1;EA;AR
190-33100-421;FUEL ACCESS PANEL #1 LH;Embraer 190;1;EA;AR
190-33100-422;FUEL ACCESS PANEL #1 RH;Embraer 190;1;EA;AR
190-33101-421;FUEL ACCESS PANEL #2 LH;Embraer 190;1;EA;AR
190-33102-421;FUEL ACCESS PANEL #3 LH;Embraer 190;1;EA;AR
190-33102-422;FUEL ACCESS PANEL #3 RH;Embraer 190;1;EA;AR
190-33104-421;FUEL ACCESS PANEL #6 RH;Embraer 190;1;EA;AR
190-33104-421;FUEL ACCESS PANEL #6 RH;Embraer 190;1;EA;AR
190-33106-421;FUEL ACCESS PANEL #8 RH;Embraer 190;1;EA;AR
190-33106-421;FUEL ACCESS PANEL #8 RH;Embraer 190;1;EA;AR
190-33106-421;FUEL ACCESS PANEL #8 RH;Embraer 190;1;EA;AR
190-33106-421;FUEL ACCESS PANEL #8 RH;Embraer 190;1;EA;AR
190-33106-421;FUEL ACCESS PANEL #8 RH;Embraer 190;1;EA;AR
190-33106-421;FUEL ACCESS PANEL #8 RH;Embraer 190;1;EA;AR
190-33107-421;FUEL ACCESS PANEL #11;Embraer 190;1;EA;AR
190-33111-421;FUEL ACCESS PANEL #16 LH;Embraer 190;1;EA;AR
190-33111-421;FUEL ACCESS PANEL #16 LH;Embraer 190;1;EA;AR
190-33115-421;OUTER WING ACCESS PANEL;Embraer 190;1;EA;AR
190-33115-422;FUEL TANK ACCESS PANEL;Embraer 190;1;EA;AR
190-33116-421;FUEL ACCESS PANEL #6 LH;Embraer 190;1;EA;AR
190-33116-421;FUEL ACCESS PANEL #6 LH;Embraer 190;1;EA;AR
190-33117-421;FUEL ACCESS PANEL #15 RH;Embraer 190;1;EA;AR
190-33117-421;FUEL ACCESS PANEL #15 RH;Embraer 190;1;EA;AR
190-33121-021;RETAINER ACCESS DOOR 2 AL;Embraer 190;1;EA;AR
190-33124-021;RETAINER ACCESS DOOR 6 AL;Embraer 190;1;EA;AR
190-33124-021;RETAINER ACCESS DOOR 6 AL;Embraer 190;1;EA;AR
190-33126-021;RETAINER ACCESS DOOR 8 9 10 AL;Embraer 190;1;EA;AR
190-33126-021;RETAINER ACCESS DOOR 8 9 10 AL;Embraer 190;1;EA;AR
190-33126-021;RETAINER ACCESS DOOR 8 9 10 AL;Embraer 190;1;EA;AR
190-33126-021;RETAINER ACCESS DOOR 8 9 10 AL;Embraer 190;1;EA;AR
190-33126-021;RETAINER ACCESS DOOR 8 9 10 AL;Embraer 190;1;EA;AR
190-33126-021;RETAINER ACCESS DOOR 8 9 10 AL;Embraer 190;1;EA;AR
190-33136-021;RETAINER ACCESS DOOR 5 AL;Embraer 190;1;EA;AR
190-33401-022;FUEL ACCESS PANEL #2 RH;Embraer 190;1;EA;AR
190-33405-021;FUEL ACCESS PANEL #7;Embraer 190;1;EA;AR
190-33405-022;FUEL ACCESS PANEL #7 RH;Embraer 190;1;EA;AR
190-33407-021;FUEL ACCESSS PANEL #11 LH;Embraer 190;1;EA;AR
190-33408-021;FUEL ACCESS PANEL #12 LH;Embraer 190;1;EA;AR
190-33408-022;FUEL ACCESS PANEL #11;Embraer 190;1;EA;AR
190-34001-423;WINGLET ASSY;Embraer 190;1;EA;AR
190-34001-424;WINGLET ASSY;Embraer 190;1;EA;AR
190-36702-003;SLAT TRACK ENGAGEMENT COG;Embraer 190;1;EA;AR
190-36801-403;TRACK 1 ASSY LINKAGE, LH;Embraer 190;1;EA;AR
190-36801-404;TRACK 1 ASSY LINKAGE, RH;Embraer 190;1;EA;AR
190-36801-405;SLAT TRACK;Embraer 190;1;EA;AR
190-36801-406;SLAT TRACK;Embraer 190;1;EA;AR
190-36802-403;TRACK 2 ASSY LINKAGE, LH;Embraer 190;1;EA;AR
190-36802-404;TRACK 2 ASSY LINKAGE, RH;Embraer 190;1;EA;AR
190-36802-405;SLAT TRACK;Embraer 190;1;EA;AR
190-36802-406;SLAT TRACK;Embraer 190;1;EA;AR
190-36803-403;TRACK 3 ASSY LINKAGE, LH;Embraer 190;1;EA;AR
190-36803-404;TARCK 3 ASSY LINKAGE , RH;Embraer 190;1;EA;AR
190-36803-405;SLAT TRACK;Embraer 190;1;EA;AR
190-36803-406;SLAT TRACK;Embraer 190;1;EA;AR
190-36804-405;TRACK 4 ASSY LINKAGE , LH;Embraer 190;1;EA;AR
190-36804-406;TRACK 4 ASSY LINKAGE, RH;Embraer 190;1;EA;AR
190-36804-407;SLAT TRACK;Embraer 190;1;EA;AR
190-36804-408;SLAT TRACK;Embraer 190;1;EA;AR
190-36805-405;TRACK 5 ASSY LINKAGE, LH;Embraer 190;1;EA;AR
190-36805-406;TRACK 5 ASSY LINKAGE, RH;Embraer 190;1;EA;AR
190-36805-407;SLAT TRACK;Embraer 190;1;EA;AR
190-36805-408;SLAT TRACK;Embraer 190;1;EA;AR
190-36806-405;TRACK 6 ASSY LINKAGE, LH;Embraer 190;1;EA;AR
190-36806-406;TRACK 6 ASSY LINKAGE, RH;Embraer 190;1;EA;AR
190-36806-407;SLAT TRACK;Embraer 190;1;EA;AR
190-36806-408;SLAT TRACK;Embraer 190;1;EA;AR
190-36807-405;TRACK 7 ASSY LINKAGE, LH;Embraer 190;1;EA;AR
190-36807-406;TRACK 7 ASSY LINKAGE, RH;Embraer 190;1;EA;AR
190-36807-407;SLAT TRACK;Embraer 190;1;EA;AR
190-36807-408;SLAT TRACK;Embraer 190;1;EA;AR
190-36808-405;TRACK 8 ASSY LINKAGE, LH;Embraer 190;1;EA;AR
190-36808-406;TRACK 8 ASSY LINKAGE, RH;Embraer 190;1;EA;AR
190-36808-407;SLAT TRACK;Embraer 190;1;EA;AR
190-36808-408;SLAT TRACK;Embraer 190;1;EA;AR
190-36809-405;TRACK 9 ASSY LINKAGE, LH;Embraer 190;1;EA;AR
190-36809-406;TRACK 9 ASSY LINKAGE, RH;Embraer 190;1;EA;AR
190-36809-407;SLAT TRACK;Embraer 190;1;EA;AR
190-36809-408;SLAT TRACK;Embraer 190;1;EA;AR
190-38301-403;FLAP ASSY;Embraer 190;1;EA;AR
190-38301-404;FLAP ASSY;Embraer 190;1;EA;AR
190-38605-407;SPOILER 1 ASSY;Embraer 190;1;EA;AR
190-38605-407;SPOILER 1 ASSY;Embraer 190;1;EA;AR
190-38605-408;SPOILER 1 ASSY;Embraer 190;1;EA;AR
190-38605-408;SPOILER 1 ASSY;Embraer 190;1;EA;AR
190-38651-407;SPOILER2 ASSY;Embraer 190;1;EA;AR
190-38651-407;SPOILER2 ASSY;Embraer 190;1;EA;AR
190-38651-408;SPOILER2 ASSY;Embraer 190;1;EA;AR
190-38651-408;SPOILER2 ASSY;Embraer 190;1;EA;AR
190-38701-407;SPOILER3 ASSY,LH;Embraer 190;1;EA;AR
190-38701-407;SPOILER3 ASSY,LH;Embraer 190;1;EA;AR
190-38729-407;SPOILER3 ASSY,RH;Embraer 190;1;EA;AR
190-38729-407;SPOILER3 ASSY,RH;Embraer 190;1;EA;AR
190-38731-407;SPOILER4 ASSY,LH;Embraer 190;1;EA;AR
190-38731-407;SPOILER4 ASSY,LH;Embraer 190;1;EA;AR
190-38759-407;SPOILER4 ASSY,RH;Embraer 190;1;EA;AR
190-38759-407;SPOILER4 ASSY,RH;Embraer 190;1;EA;AR
190-38761-407;SPOILER5 ASSY,LH;Embraer 190;1;EA;AR
190-38761-407;SPOILER5 ASSY,LH;Embraer 190;1;EA;AR
190-38789-407;SPOILER5 ASSY,RH;Embraer 190;1;EA;AR
190-38789-407;SPOILER5 ASSY,RH;Embraer 190;1;EA;AR
190-38801-405;AILERON ASSY,LH;Embraer 190;1;EA;AR
190-38801-405;AILERON ASSY,LH;Embraer 190;1;EA;AR
190-38801-406;AILERON ASSY,RH;Embraer 190;1;EA;AR
190-38801-406;AILERON ASSY,RH;Embraer 190;1;EA;AR
190-39390-405;DOOR ASSY;;1;EA;AR
190-39390-406;DOOR ASSY;;1;EA;AR
190-39470-411;DOOR ASSY;;1;EA;AR
190-39470-411;DOOR ASSY;;1;EA;AR
190-39470-412;DOOR ASSY;;1;EA;AR
190-39470-412;DOOR ASSY;;1;EA;AR
190-45412-401;PSU;Embraer 190;1;EA;AR
190-45413-401;PSU;Embraer 190;1;EA;AR
190-45451-401;FILLER O/W EXIT PANEL ASSY;Embraer 190;1;EA;AR
190-55161-403;LH WAI TELESCOPIC DUCT;Embraer 190;1;EA;AR
190-55163-403;RH WAI TELESCOPIC DUCT;Embraer 190;1;EA;AR
190-62062-411;ELEVATOR COMPLETION;Embraer 190;1;EA;AR
190-62062-412;ELEVATOR COMPLETION;Embraer 190;1;EA;AR
190-62062-413;ELEVATOR L/H;Embraer 190;1;EA;AR
190-62062-414;ELEVATOR R/H;Embraer 190;1;EA;AR
190-70200-401;MLG SIDE STAY;Embraer 190;1;EA;SV
190-70200-402;MLG SIDE STAY;;1;EA;SV
190-70250-409;MLG LOCKING STAY;Embraer 190;1;EA;SV
190-70250-409;MLG LOCKING STAY;Embraer 190;1;EA;SV
190-70300-401;SPRING;Embraer 190;1;EA;SV
190-70300-401;SPRING;Embraer 190;1;EA;SV
190-70300-401;SPRING;Embraer 190;1;EA;SV
190-70300-401;SPRING;Embraer 190;1;EA;SV
190-70550-403;NLG DRAG BRACE ASSY;Embraer 190;1;EA;SV
190-70650-401;NLG LOCKING STAY;Embraer 190;1;EA;SV
190-70745-611;NLG SHOCK STRUT;Embraer 190;1;EA;SV
190-71100-405;DOWNLOCK REALEASE ACTUATOR MLG;Embraer 190;1;EA;AR
190-71100-405;DOWNLOCK REALEASE ACTUATOR MLG;Embraer 190;1;EA;AR
190-71100-405;DOWNLOCK REALEASE ACTUATOR MLG;Embraer 190;1;EA;SV
190-71100-405;DOWNLOCK REALEASE ACTUATOR MLG;Embraer 190;1;EA;AR
190-71341-403;MECHANISM;Embraer 190;1;EA;AR
190-83000-413;DOOR;Embraer 190;1;EA;AR
190-83000-413;DOOR;Embraer 190;1;EA;AR
190-83000-413;DOOR;Embraer 190;1;EA;AR
190-83000-413;DOOR;Embraer 190;1;EA;AR
190-92001-431;L/H FLAP TRACK CARRIAGE #1;Embraer 190;1;EA;AR
190-92001-432;INB FLAP TRACK CARRIAGE ASSY #1;Embraer 190;1;EA;AR
190-92051-431;O/B FLAP TRACK CARRIAGE #4;Embraer 190;1;EA;AR
190-92051-432;R/H FLAP TRACK CARRIAGE #4;Embraer 190;1;EA;AR
190-92101-431;O/B FLAP TRACK CARRIAGE # 4;Embraer 190;1;EA;AR
190-92101-432;R/H FLAP TRACK CARRIAGE #4;Embraer 190;1;EA;AR
190-92101-432;R/H FLAP TRACK CARRIAGE #4;Embraer 190;1;EA;AR
190-92101-432;R/H FLAP TRACK CARRIAGE #4;Embraer 190;1;EA;AR
190-92151-431;FLAP TRACK SUPPORT #1;Embraer 190;1;EA;AR
190-92151-431;FLAP TRACK SUPPORT #1;Embraer 190;1;EA;AR
190-92151-432;FLAP TRACK SUPPORT #1;Embraer 190;1;EA;AR
190-92151-432;FLAP TRACK SUPPORT #1;Embraer 190;1;EA;AR
190-92191-421;FLAP TRACK SUPPORT #2;Embraer 190;1;EA;AR
190-92191-422;FLAP TRACK SUPPORT #2;Embraer 190;1;EA;AR
190-92221-421;FLAP TRACK SUPPORT #3;Embraer 190;1;EA;AR
190-92221-422;FLAP TRACK SUPPORT #3;Embraer 190;1;EA;AR
190-92245-421;FLAP TRACK SUPPORT #4;Embraer 190;1;EA;AR
190-92245-422;FLAP TRACK SUPPORT #4;Embraer 190;1;EA;AR
190-92270-031;I/B FLAP TRACK #2-RAIL;Embraer 190;1;EA;AR
190-92270-031;I/B FLAP TRACK #2-RAIL;Embraer 190;1;EA;AR
190-92270-032;O/B FLAP TRACK #2-RAIL;Embraer 190;1;EA;AR
190-92270-032;O/B FLAP TRACK #2-RAIL;Embraer 190;1;EA;AR
190-92272-031;I/B FLAP TRACK #3 #4-RAIL;Embraer 190;1;EA;AR
190-92272-031;I/B FLAP TRACK #3 #4-RAIL;Embraer 190;1;EA;AR
190-92272-031;I/B FLAP TRACK #3 #4-RAIL;Embraer 190;1;EA;AR
190-92272-031;I/B FLAP TRACK #3 #4-RAIL;Embraer 190;1;EA;AR
190-92272-032;I/B FLAP TRACK #3 #4-RAIL;Embraer 190;1;EA;AR
190-92272-032;I/B FLAP TRACK #3 #4-RAIL;Embraer 190;1;EA;AR
190-92272-032;I/B FLAP TRACK #3 #4-RAIL;Embraer 190;1;EA;AR
190-92272-032;I/B FLAP TRACK #3 #4-RAIL;Embraer 190;1;EA;AR
190-92401-403;FLAP ASSY;Embraer 190;1;EA;AR
190-92401-404;FLAP ASSY;Embraer 190;1;EA;AR
190-92402-405;REAR FLAP;Embraer 190;1;EA;AR
190-92402-406;FLAP, REAR;Embraer 190;1;EA;AR
190-92404-401;TRACK FAIRING ASSY;Embraer 190;1;EA;AR
190-92405-403;TRACK FAIRING ASSY;Embraer 190;1;EA;AR
190-92406-403;NO 2 BOAT FAIRING LH;Embraer 190;1;EA;AR
190-92406-404;NO 1 FLAP BOAT FAIRING RH;Embraer 190;1;EA;AR
190-92406-404;NO 1 FLAP BOAT FAIRING RH;Embraer 190;1;EA;AR
190-92503-403;NO 3 LH BOAT FAIRING;Embraer 190;1;EA;AR
190-92503-403;NO 3 LH BOAT FAIRING;Embraer 190;1;EA;AR
190-92503-404;NO 3 BOAT FAIRING RH;Embraer 190;1;EA;AR
190-92503-404;NO 3 BOAT FAIRING RH;Embraer 190;1;EA;AR
190-92509-403;NO 1 BOAT FAIRING LH;Embraer 190;1;EA;AR
190-92509-403;NO 1 BOAT FAIRING LH;Embraer 190;1;EA;AR
190-92509-404;NO 4 RH BOAT FAIRING;Embraer 190;1;EA;AR
190-92509-404;NO 4 RH BOAT FAIRING;Embraer 190;1;EA;AR
190QA01;TRANSFORMER;A319;1;EA;AR
190QA01;TRANSFORMER;A319;1;EA;AR
190QA01;TRANSFORMER;A319;1;EA;AR
190QA01;TRANSFORMER;A319;1;EA;AR
190QA01;TRANSFORMER;A319;1;EA;AR
190QA01;TRANSFORMER;A319;1;EA;AR
195PN01Y01;INDICATOR RUDDER TRIM;A319;1;EA;AR
1C27-29;DC FUEL PUMP CARTRIDGE;Embraer 190;1;EA;OH
1C3510;CHECK VALVE;B737-800;1;EA;AR
1C3594;CHECK VALVE;B737-800;1;EA;AR
1C3594;CHECK VALVE;B737-800;1;EA;AR
1C64-20;CANISTER-APU FUEL PUMP;Embraer 190;1;EA;OH
1C64-20;CANISTER-APU FUEL PUMP;Embraer 190;1;EA;OH
1EN578-6;TWO POLE MICROSWITCH;Embraer 190;1;EA;AR
1EN578-6;TWO POLE MICROSWITCH;Embraer 190;1;EA;AR
1M1226;VALVE - CHECK;A321;1;EA;AR
2003KPT2;TRANSMITTER;RB211;1;EA;AR
2003KPT2;TRANSMITTER;RB211;1;EA;AR
2003KPT2;TRANSMITTER;RB211;1;EA;AR
200651698;OVERDRIVE ASSEMBLY;Embraer 190;1;EA;AR
201117017;LH MLG UPLOCK;A319;1;EA;AR
201117017;LH MLG UPLOCK;A319;1;EA;AR
201117018;RH MLG UPLOCK;A319;1;EA;AR
201117021;UPLOCK, MLG;A320;1;EA;AR
201117022;UPLOCK, MLG;A320;1;EA;AR
201122008;MLG DOOR UPLOCK;A319;1;EA;AR
201122008;MLG DOOR UPLOCK;A319;1;EA;AR
201122008;MLG DOOR UPLOCK;A319;1;EA;AR
201122008;MLG DOOR UPLOCK;A319;1;EA;AR
201122008;MLG DOOR UPLOCK;A319;1;EA;SV
20149-0101;COMPENSATOR - DUAL;A321;1;EA;AR
2015G2H2H-8A;PROBE-AIR DATA SMART;Embraer 190;1;EA;SV
20-171501;BRAKE PEDAL POSITION TRANSDUCER;Embraer 190;1;EA;AR
20-171501;BRAKE PEDAL POSITION TRANSDUCER;Embraer 190;1;EA;AR
20-171501;BRAKE PEDAL POSITION TRANSDUCER;Embraer 190;1;EA;AR
20-171501;BRAKE PEDAL POSITION TRANSDUCER;Embraer 190;1;EA;AR
20200-0115;FUEL GAUGE TANK UNIT;B737-700;1;EA;SV
20200-0202;FUEL GAUGE TANK UNIT;B737-700;1;EA;SV
20200-0202;FUEL GAUGE TANK UNIT;B737-700;1;EA;SV
20200-0202;FUEL GAUGE TANK UNIT;B737-700;1;EA;SV
20200-0202;FUEL GAUGE TANK UNIT;B737-700;1;EA;SV
20200-0213;FUEL GAUGE TANK UNIT;B737-700;1;EA;SV
20200-0216;FUEL GAUGE TANK UNIT;B737-700;1;EA;SV
20200-0216;FUEL GAUGE TANK UNIT;B737-700;1;EA;SV
20202-01;FUEL COMPENSATOR;B737-700;1;EA;SV
2040016-101;PRESSURE RELIEF VALVE;Embraer 190;1;EA;AR
2040016-101;PRESSURE RELIEF VALVE;Embraer 190;1;EA;AR
2040016-101;PRESSURE RELIEF VALVE;Embraer 190;1;EA;AR
2040024-101;CHECK VALVE;;1;EA;AR
2060091-101;VALVE, FLOAT VENT;Embraer 190;1;EA;AR
2060091-101;VALVE, FLOAT VENT;Embraer 190;1;EA;AR
2060091-101;VALVE, FLOAT VENT;Embraer 190;1;EA;AI
2060091-101;VALVE, FLOAT VENT;Embraer 190;1;EA;AR
20798-01;EXHAUST VALVE;B737-700;1;EA;SV
20C144-5;VALVE - CHECK;B737;1;EA;SV
20C144-5;VALVE - CHECK;B737;1;EA;AR
20C144-5;VALVE - CHECK;B737;1;EA;AR
20C144-5;VALVE - CHECK;B737;1;EA;AR
20C144-5;VALVE - CHECK;B737;1;EA;AR
210TS07Y01;L/GEAR CONTROL LEVER;A319;1;EA;AR
2110-301MJ;ATTENDANT SEAT;B737-800;1;EA;AR
2110-302MJ;ATTENDANT SEAT;B737-800;1;EA;AR
211C223-527;SWITCH - PRESSURE HYDRAULIC;B737-700;1;EA;SV
211C223-527;SWITCH - PRESSURE HYDRAULIC;B737-700;1;EA;AR
211C223-527;SWITCH - PRESSURE HYDRAULIC;B737-700;1;EA;AR
213A3220-1;DUCT;B737-800;1;EA;AR
213A3220-2;R/H VENT;B737-700;1;EA;AR
213A3420-7;PANEL ASSY;B737-800;1;EA;AR
213A3420-8;PANEL ASSY;;1;EA;AR
21425-01;VALVE-OFV OUTFLOW VALVE;Embraer 190;1;EA;SV
214C40-1-110;ALT. PRESS SWITCH;B737-800;1;EA;AR
214C50-2;SWITCH - PRESSURE ALTITUDE;B737-700;1;EA;AR
214C50-2;SWITCH - PRESSURE ALTITUDE;B737-700;1;EA;AR
215A2131-2;ROD ASSY;B737-800;1;EA;AR
21609-04BA;CONTROLLER-CPC CABIN PRESSURE CONTROLLER;Embraer 190;1;EA;SV
21615-02;VALVE-CABIN PRESSURE SAFETY RELIEF;Embraer 190;1;EA;OH
21665-02;NEGATIVE RELIEF VALVE;Embraer 190;1;EA;AR
21665-02;NEGATIVE RELIEF VALVE;Embraer 190;1;EA;AR
218A3112-1;FIRE LOOP;B737-800;1;EA;AR
218A3112-1;FIRE LOOP;B737-800;1;EA;AR
218A4039-1;NOZZLE ASSY;B737-800;1;EA;AR
21C1-3-21;PRESSURE SWITCH;B737-700;1;EA;AR
21SN04-104A;SWITCH;RB211;1;EA;AR
21SN04-104A;SWITCH;RB211;1;EA;AR
21SN04-104B;SWITCH;RB211;1;EA;AR
21SN04-104B;SWITCH;RB211;1;EA;AR
21SN04-104D;SWITCH;RB211;1;EA;AR
21SN04-104D;SWITCH;RB211;1;EA;AR
21SN04-104E;SWITCH,OIL DIFFERENTIAL PRESSURE;RB211;1;EA;AR
21SN04-104E;SWITCH,OIL DIFFERENTIAL PRESSURE;RB211;1;EA;AR
21SN04-104E;SWITCH,OIL DIFFERENTIAL PRESSURE;RB211;1;EA;AR
21SN04-158A;SWITCH,ASSY;RB211;1;EA;AR
21SN04-158A;SWITCH,ASSY;RB211;1;EA;AR
21SN04-158B;SWITCH;RB211;1;EA;AR
21SN04-158B;SWITCH;RB211;1;EA;AR
21SN04-158C;SWITCH,;RB211;1;EA;AR
21SN04-158C;SWITCH,;RB211;1;EA;AR
21SN04-159A;SWITCH;B757;1;EA;AR
21SN04-159A;SWITCH;B757;1;EA;AR
21SN04-159B;SWITCH,;RB211;1;EA;AR
21SN04-159B;SWITCH,;RB211;1;EA;AR
21SN04-159C;SWITCH ASSY;RB211;1;EA;SV
21SN04-23H;SWITCH,;RB211;1;EA;AR
21SN04-23H;SWITCH,;RB211;1;EA;AR
21SN04-23J;SWITCH,;RB211;1;EA;AR
21SN04-23J;SWITCH,;RB211;1;EA;AR
21SN04-23K;SWITCH,;RB211;1;EA;AR
21SN04-23K;SWITCH,;RB211;1;EA;AR
21SN04-275A;LOW OIL PRESS SWITCH;A319;1;EA;AR
21SN04-275A;LOW OIL PRESS SWITCH;A319;1;EA;AR
21SN04-275A;LOW OIL PRESS SWITCH;A319;1;EA;AR
21SN04-275A;LOW OIL PRESS SWITCH;A319;1;EA;SV
21SN04-298A;SCAV FLOW PRESSURE SWITCH;A319;1;EA;AR
21SN04-298A;SCAV FLOW PRESSURE SWITCH;A319;1;EA;AR
21SN04-298A;SCAV FLOW PRESSURE SWITCH;A319;1;EA;AR
21SN04-298A;SCAV FLOW PRESSURE SWITCH;A319;1;EA;AR
21SN04-300B;F FILTER DIFF PRESS SWITCH;A319;1;EA;AR
21SN04-300B;F FILTER DIFF PRESS SWITCH;A319;1;EA;AR
21SN04-300B;F FILTER DIFF PRESS SWITCH;A319;1;EA;AR
21SN04-300B;F FILTER DIFF PRESS SWITCH;A319;1;EA;AR
2203185-2;INJECTOR;;1;EA;AR
2215625-1;MUFF, MIXING, TURBINE OUTLET;B737-700;1;EA;AR
2215625-1;MUFF, MIXING, TURBINE OUTLET;B737-700;1;EA;AR
22186-69;MAIN / AUIX FUEL PANEL;B737-800;1;EA;AR
22260-9;AUX. FUEL TFR PANEL;B737-800;1;EA;AR
22262-9;AUX. FUEL BLD. AIR PANEL;B737-800;1;EA;AR
22264-29;COCKPIT PANEL ASSY;B737-800;1;EA;AR
22265-19;COCKPIT PANEL;B737-800;1;EA;AR
22266-49;COCKPIT PANEL ASSY;B737-800;1;EA;AR
22464-69;ISOLATION UNIT;B737-800;1;EA;AR
22464-69;ISOLATION UNIT;B737-800;1;EA;AR
22464-69;ISOLATION UNIT;B737-800;1;EA;AR
22715-000-02;NLG DOOR ACT CYLINDR;A319;1;EA;AR
22715-000-02;NLG DOOR ACT CYLINDR;A319;1;EA;SV
2313M-588-4;LH MOTOR;Embraer 190;1;EA;SV
2313M-589-4;CONVERTER-WIPER MOTOR RH;Embraer 190;1;EA;SV
2314M-512-5;L/H WINDSHEILD WIPER ARM;Embraer 190;1;EA;AR
2314M-512-5;L/H WINDSHEILD WIPER ARM;Embraer 190;1;EA;AR
2314M-513-5;R/H WINDSHEILD WIPER ARM;Embraer 190;1;EA;AR
2314M-513-5;R/H WINDSHEILD WIPER ARM;Embraer 190;1;EA;AR
233A2222-54;CDS DISPLAY PANEL;B737-800;1;EA;SV
233A3202-5;FUEL CONTROL PANEL MODULE;B737-700;1;EA;SV
233A3204-1;MODULE GEN/APU CONT;B737-700;1;EA;SV
233A3205-3;MODULE STANDBY POWER;B737-700;1;EA;AR
233A3207-4;DOOR WARNING MODULE;B737-800;1;EA;AR
233A7203-10;DATA LOAD SELEC. MOD.;B737-800;1;EA;SV
233A7206-2;FUEL TEST AUTO SHUTOFF PANEL;B737-800;1;EA;AR
2341H000-003;RESERVOIR-HYDRAULIC SYSTEM 1;Embraer 190;1;EA;AR
2341H000-003;RESERVOIR-HYDRAULIC SYSTEM 1;Embraer 190;1;EA;OH
2342H000-001;RESERVOIR-HYDRAULIC SYSTEM 3;Embraer 190;1;EA;AR
2343H000-001;SWITCH PRESSURE;Embraer 190;1;EA;SV
2343H000-001;SWITCH PRESSURE;Embraer 190;1;EA;AR
2344H000-001;HEAT EXCHANGER BYPASS   VALVE;Embraer 190;1;EA;AR
2344H000-001;HEAT EXCHANGER BYPASS   VALVE;Embraer 190;1;EA;SV
2344H000-001;HEAT EXCHANGER BYPASS   VALVE;Embraer 190;1;EA;AR
2344H000-001;HEAT EXCHANGER BYPASS   VALVE;Embraer 190;1;EA;AR
2345H000-003;FILTER MANIFOLD SYSTEMS #3;Embraer 190;1;EA;AR
2345H000-003;FILTER MANIFOLD SYSTEMS #3;Embraer 190;1;EA;AI
2346H000-006;MANIFOLD-FILTER SYSTEM 1&2;Embraer 190;1;EA;AR
2346H000-006;MANIFOLD-FILTER SYSTEM 1&2;Embraer 190;1;EA;AR
2346H000-006;MANIFOLD-FILTER SYSTEM 1&2;Embraer 190;1;EA;AR
2352H000-002;ASSEMBLY-CASE DRAIN FILTER;Embraer 190;1;EA;AR
2352H000-002;ASSEMBLY-CASE DRAIN FILTER;Embraer 190;1;EA;AR
2352H000-002;ASSEMBLY-CASE DRAIN FILTER;Embraer 190;1;EA;AR
2352H000-002;ASSEMBLY-CASE DRAIN FILTER;Embraer 190;1;EA;AR
2352H000-002;ASSEMBLY-CASE DRAIN FILTER;Embraer 190;1;EA;AR
2352H000-002;ASSEMBLY-CASE DRAIN FILTER;Embraer 190;1;EA;AR
2377H000-002;RESERVOIR-HYDRAULIC SYSTEM 2;Embraer 190;1;EA;AR
2377H000-002;RESERVOIR-HYDRAULIC SYSTEM 2;Embraer 190;1;EA;AR
2381H000-001;SWITCH, HYDRAULIC FLUID TEMPERATURE;Embraer 190;1;EA;AI
2381H000-001;SWITCH, HYDRAULIC FLUID TEMPERATURE;Embraer 190;1;EA;AI
2403-89;ANTENNA VHF COM;A320;1;EA;OH
2406-89-03;ANTENNA-DME ATC;A321;1;EA;AR
2406-89-03;ANTENNA-DME ATC;A321;1;EA;AR
2406-89-03;ANTENNA-DME ATC;A321;1;EA;AR
2406-89-03;ANTENNA-DME ATC;A321;1;EA;AR
2407-89-03;ANTENNA DME;A320;1;EA;AR
2407-89-03;ANTENNA DME;A320;1;EA;AR
2407-89-03;ANTENNA DME;A320;1;EA;AR
2407-89-03;ANTENNA DME;A320;1;EA;AR
2407-89-03;ANTENNA DME;A320;1;EA;AR
2407-89-03;ANTENNA DME;A320;1;EA;AR
2407-89-03;ANTENNA DME;A320;1;EA;AR
2407-89-03;ANTENNA DME;A320;1;EA;AR
2407-89-03;ANTENNA DME;A320;1;EA;AR
2407-89-03;ANTENNA DME;A320;1;EA;AR
241-247-012-005;EVMU-ENGINE VIBRATION MONITORING UNIT;A319;1;EA;AR
241-292-004-023;CARD-ENGINE VIBRATION MONITORING MODULE;Embraer 190;1;EA;AR
2438-89-00;ANTENNA;A320;1;EA;AR
2439-89-03;ANTENNA;A319;1;EA;AR
2439-89-03;ANTENNA;A319;1;EA;AR
2439-89-03;ANTENNA;A319;1;EA;AR
2439-89-03;ANTENNA;A319;1;EA;AR
245-604067-001;GPS MODULE;Embraer 190;1;EA;SV
245-604067-001;GPS MODULE;Embraer 190;1;EA;AR
245-604067-001;GPS MODULE;Embraer 190;1;EA;AI
245-604067-001;GPS MODULE;Embraer 190;1;EA;AR
24C236;VALVE-CHECK;;1;EA;AR
24C236;VALVE-CHECK;;1;EA;AR
24E507009G03;WATER HEATER;A319;1;EA;AI
24E507009G03;WATER HEATER;A319;1;EA;AI
24E507009G03;WATER HEATER;A319;1;EA;AI
251A1240-3;FLIGHT SPOILER ACTUATOR;B737-700;1;EA;SV
251A1240-5;FLT. SPLR. PWR. CONT. UNIT;B737-800;1;EA;AR
251A1240-5;FLT. SPLR. PWR. CONT. UNIT;B737-800;1;EA;AR
251A1240-5;FLT. SPLR. PWR. CONT. UNIT;B737-800;1;EA;AR
251A1240-5;FLT. SPLR. PWR. CONT. UNIT;B737-800;1;EA;AR
251A1240-5;FLT. SPLR. PWR. CONT. UNIT;B737-800;1;EA;AR
251A1240-5;FLT. SPLR. PWR. CONT. UNIT;B737-800;1;EA;AR
251A1240-5;FLT. SPLR. PWR. CONT. UNIT;B737-800;1;EA;AR
251A1660-4;AILERON CONT. ASSY;B737-800;1;EA;AR
251A2160-2;AILERON / ELEVATOR PCU ASSY;B737-700;1;EA;SV
251A2160-2;AILERON / ELEVATOR PCU ASSY;B737-700;1;EA;SV
251A4410-2;SWITCH ASSEMBLY;B737-700;1;EA;SV
251A4430-4;SWITCH ASSY;B737-700;1;EA;SV
252CA01C102Y1;CONTACTOR THREE POLE;A319;1;EA;AR
252CA01C102Y1;CONTACTOR THREE POLE;A319;1;EA;AR
252CA01C1-02Y1;TPST-NO CONTACTOR;A320;1;EA;AR
254A1121-3;CONT. UNIT;B737-800;1;EA;AR
254A1141-5;TRANSMITTER;B737-800;1;EA;AR
254A1147-1;GEARBOX ASSY, STEEL, ALUMINUM ALLOY;B737-800;1;EA;AR
254A1290-1;ENG. START CONTROL BRAKE ASSY LH;;1;EA;SV
254A1290-6;BRAKE ASSY, ENG. START;;1;EA;SV
256A3110-7; #1 FLAP TRANSMISSION;B737-700;1;EA;AR
256A3110-8; #8 FLAP TRANSMISSION;B737-700;1;EA;SV
256A3210-10;TRANS ASSY;B737-800;1;EA;AR
256A3210-7; #2 FLAP TRANSMISSION;B737-700;1;EA;AR
256A3310-7; #3 FLAP TRANSMISSION;B737-700;1;EA;AR
256A3310-8; #6 FLAP TRANSMISSION;B737-700;1;EA;AR
256A3410-7; #4 FLAP TRANSMISSION;B737-700;1;EA;AR
256A3410-8; #5 FLAP TRANSMISSION;B737-700;1;EA;AR
256A3515-4;PWR. DRIVE. FLAP ACT. UNIT;B737-800;1;EA;AR
256A3550-4;FLAP CONTROL UNIT ASSY;B737-800;1;EA;SV
256A3630-1;ANGLE GEARBOX;B737-700;1;EA;AR
256A3630-1;ANGLE GEARBOX;B737-700;1;EA;AR
256A3650-3;TEE GEARBOX ASSY;B737-800;1;EA;AR
256A3650-4;TEE GEARBOX ASSY;B737-800;1;EA;AR
256A3710-1;TORQUE TUBE ASSY;B737-800;1;EA;AR
256A3710-1;TORQUE TUBE ASSY;B737-800;1;EA;AR
256A3710-2;TORQUE TUBE ASSY;B737-800;1;EA;AR
256A3710-3;TORQUE TUBE ASSY;B737-800;1;EA;AR
256A3710-4;TORQUE TUBE ASSY;B737-800;1;EA;AR
256A3710-4;TORQUE TUBE ASSY;B737-800;1;EA;AR
256A3710-5;TORQUE TUBE;B737-700;1;EA;AR
256A3710-5;TORQUE TUBE;B737-700;1;EA;AR
256A3710-6;TORQUE TUBE ASSY;B737-800;1;EA;AR
256A3710-6;TORQUE TUBE ASSY;B737-800;1;EA;AR
256A3710-6;TORQUE TUBE ASSY;B737-800;1;EA;AR
256A3710-7;TORQUE TUBE;B737-800;1;EA;AR
256A3710-7;TORQUE TUBE;B737-800;1;EA;AR
256A3750-3;TORQUE TUBE SPRT. ASSY;B737-800;1;EA;AR
256A3914-1;ROD AY;B737-700;1;EA;AR
256A3914-2;CONT. ROD;B737-800;1;EA;AR
256A3914-2;CONT. ROD;B737-800;1;EA;AR
2598D;TRANSFORMER-LIGHTING;A319;1;EA;AR
2598D;TRANSFORMER-LIGHTING;A319;1;EA;AR
2601-27;SOLENOID SHUTOFF VALVE;Embraer 190;1;EA;AR
2610-13-1;CLOCK;A321;1;EA;AI
2610-13-1;CLOCK;A321;1;EA;AR
2624-82;ANTENNA, ELT;F100;1;EA;AR
2624-82;ANTENNA, ELT;F100;1;EA;AR
2660608M2;CHECK VALVE;;1;EA;AR
2660608M2;CHECK VALVE;;1;EA;AR
2660608M2;CHECK VALVE;;1;EA;AR
2660608M2;CHECK VALVE;;1;EA;AR
2660608M2;CHECK VALVE;;1;EA;AR
2-7054-3;HANDLE FIRE EXTINGUISHING,ENGINE 2;Embraer 190;1;EA;SV
2-7054-3;HANDLE FIRE EXTINGUISHING,ENGINE 2;Embraer 190;1;EA;AR
270N2000-187;BLOCK ASSY;;1;EA;AR
271A7443-2;VALVE ASSY;B737-700;1;EA;AR
272-381704-00;CAP-LEVER;A319;1;EA;AR
273A1401-2;MANIFOLD ASSY;B737-700;1;EA;AR
273A2310-1;CYLINDER ASSY;B737-700;1;EA;AR
273A2310-1;CYLINDER ASSY;B737-700;1;EA;AR
274N1051-3;ACCUMULATOR ISOLAT VALVE;B737-700;1;EA;AR
274N1051-3;ACCUMULATOR ISOLAT VALVE;B737-700;1;EA;OH
276A3100-11;HYD RES. ASSY;B737-800;1;EA;AR
276A3100-7;HYDRAULIC RESERVOIR ASSY;B737-700;1;EA;AR
277A6111-1;WHEEL HUBCAP ASSY;B737-800;1;EA;AR
277A6111-1;WHEEL HUBCAP ASSY;B737-800;1;EA;AR
2-7892-2;SNUBBER;B737-700;1;EA;AR
2-7892-2;SNUBBER;B737-700;1;EA;SV
2790475-103;PRESSURE RELIEF VALVE;B737;1;EA;SV
2790482-102;VALVE-FUEL VENT FLOAT;;1;EA;AR
2790482-102;VALVE-FUEL VENT FLOAT;;1;EA;AR
2-8041-1;HYDRAULIC FUSE ASSY;B737-700;1;EA;SV
2-8041-1;HYDRAULIC FUSE ASSY;B737-700;1;EA;SV
284A0173-3;TAXI LIGHT  LH;B737-800;1;EA;AR
284A0173-4;TAXI LIGHT  RH;B737-800;1;EA;AR
284A2211-10;INTERPHONE SERVICE;B737-800;1;EA;AR
284A6807-4;GROUND COMM. PANEL;B737-800;1;EA;AR
285A1840-7;MODULE ELECT METERS GALLERY POWER;B737-800;1;EA;AR
285U0037-615;RADIO COMM PANEL;B737;1;EA;SV
285U0037-615;RADIO COMM PANEL;B737;1;EA;SV
286A7157-001;NOSE ANT. CONN.;B737-800;1;EA;AR
286A7159-002;GLIDE SCOPE CABLE;B737-800;1;EA;AR
286A8157-001;NOSE ANT. CONN.;B737-800;1;EA;AR
286A8159-002;GLIDE SCOPE CABLE;B737-800;1;EA;AR
286A8489-014;WIRE BUNDLE;B737-800;1;EA;AR
291302A;SERVO BRACKET;Embraer 190;1;EA;AI
291302A;SERVO BRACKET;Embraer 190;1;EA;AR
291302A;SERVO BRACKET;Embraer 190;1;EA;AR
291302A;SERVO BRACKET;Embraer 190;1;EA;AR
292-1-3100-00;SWITCH-PRESSURE;A319;1;EA;AR
292-1-3100-00;SWITCH-PRESSURE;A319;1;EA;AR
2940039-104;REFUEL/DEFUEL ADAPTOR;Embraer 190;1;EA;AR
2940039-104;REFUEL/DEFUEL ADAPTOR;Embraer 190;1;EA;AR
2950004-304;ACTUATOR-SOV  SHUTOFF VALVE;Embraer 190;1;EA;SV
2950004-304;ACTUATOR-SOV  SHUTOFF VALVE;Embraer 190;1;EA;AR
2950004-304;ACTUATOR-SOV  SHUTOFF VALVE;Embraer 190;1;EA;AR
2990050-101;FLAME ARRESTOR;Embraer 190;1;EA;AR
2990050-101;FLAME ARRESTOR;Embraer 190;1;EA;AR
2990051-102;VALVE SHUTOFF;;1;EA;AR
2990051-102;VALVE SHUTOFF;;1;EA;AR
2990051-102;VALVE SHUTOFF;;1;EA;AR
2990051-102;VALVE SHUTOFF;;1;EA;AR
2990051-102;VALVE SHUTOFF;;1;EA;AR
2990051-102;VALVE SHUTOFF;;1;EA;AR
2990051-102;VALVE SHUTOFF;;1;EA;AR
2990053-102;VALVE-SHUTOFF (WITH ACTUATOR);Embraer 190;1;EA;AR
2990053-102;VALVE-SHUTOFF (WITH ACTUATOR);Embraer 190;1;EA;AR
2990054-101;VALVE-EJECTOR PUMP ENGINE;Embraer 190;1;EA;AI
2990054-101;VALVE-EJECTOR PUMP ENGINE;Embraer 190;1;EA;AI
2990054-101;VALVE-EJECTOR PUMP ENGINE;Embraer 190;1;EA;AR
2990054-101;VALVE-EJECTOR PUMP ENGINE;Embraer 190;1;EA;AR
2990055-101;SCAVENGE EJECTOR PUMP;Embraer 190;1;EA;AR
2990055-101;SCAVENGE EJECTOR PUMP;Embraer 190;1;EA;AR
2990055-101;SCAVENGE EJECTOR PUMP;Embraer 190;1;EA;AR
2990055-101;SCAVENGE EJECTOR PUMP;Embraer 190;1;EA;AR
2990055-101;SCAVENGE EJECTOR PUMP;Embraer 190;1;EA;AR
2990055-101;SCAVENGE EJECTOR PUMP;Embraer 190;1;EA;AR
2990055-101;SCAVENGE EJECTOR PUMP;Embraer 190;1;EA;AR
2990055-101;SCAVENGE EJECTOR PUMP;Embraer 190;1;EA;AR
2990055-101;SCAVENGE EJECTOR PUMP;Embraer 190;1;EA;AR
2990055-101;SCAVENGE EJECTOR PUMP;Embraer 190;1;EA;AR
2990055-101;SCAVENGE EJECTOR PUMP;Embraer 190;1;EA;AR
2990055-101;SCAVENGE EJECTOR PUMP;Embraer 190;1;EA;AR
2990059-102;VALVE-REFUEL SOLENOID;Embraer 190;1;EA;AR
2990059-102;VALVE-REFUEL SOLENOID;Embraer 190;1;EA;AR
2990059-102;VALVE-REFUEL SOLENOID;Embraer 190;1;EA;AR
2990059-102;VALVE-REFUEL SOLENOID;Embraer 190;1;EA;AR
2990073-104;VALVE-WATER DRAIN;Embraer 190;1;EA;AR
2990073-104;VALVE-WATER DRAIN;Embraer 190;1;EA;AR
2990073-104;VALVE-WATER DRAIN;Embraer 190;1;EA;AR
2990073-104;VALVE-WATER DRAIN;Embraer 190;1;EA;AR
2990074-101;FLOAT PILOT VALVE;Embraer 190;1;EA;AR
2990074-101;FLOAT PILOT VALVE;Embraer 190;1;EA;AR
2990074-101;FLOAT PILOT VALVE;Embraer 190;1;EA;AR
2990074-101;FLOAT PILOT VALVE;Embraer 190;1;EA;AR
2990075-101;PRESSURE RELIEF VALVE;Embraer 190;1;EA;AR
2990075-101;PRESSURE RELIEF VALVE;Embraer 190;1;EA;AR
2990076-102;FLOAT ACTUATED DRAIN VALVE;Embraer 190;1;EA;AR
2990076-102;FLOAT ACTUATED DRAIN VALVE;Embraer 190;1;EA;AR
2990076-102;FLOAT ACTUATED DRAIN VALVE;Embraer 190;1;EA;AR
2990076-102;FLOAT ACTUATED DRAIN VALVE;Embraer 190;1;EA;AR
2990076-102;FLOAT ACTUATED DRAIN VALVE;Embraer 190;1;EA;SV
2990076-102;FLOAT ACTUATED DRAIN VALVE;Embraer 190;1;EA;AR
2990076-102;FLOAT ACTUATED DRAIN VALVE;Embraer 190;1;EA;AR
2990078-102;REFUEL SHUTOFF VALVE;Embraer 190;1;EA;AR
2990078-102;REFUEL SHUTOFF VALVE;Embraer 190;1;EA;AR
2990078-102;REFUEL SHUTOFF VALVE;Embraer 190;1;EA;SV
2990078-102;REFUEL SHUTOFF VALVE;Embraer 190;1;EA;AR
2A1126;P3/T3 SENSOR;A319;1;EA;AI
2A1126;P3/T3 SENSOR;A319;1;EA;AI
2A2224;T/C PROBE;A319;1;EA;SV
2A3106CL01;DEP;A319;1;EA;AR
2EN19-RB;MICRO SWITCH;B737-700;1;EA;AR
2LA005127-01;LIGHT-EMERGENCY OVERW;A319;1;EA;AR
2LA005128-01;LIGHT-EMERGENCY OVERW;A319;1;EA;AR
2LA005128-01;LIGHT-EMERGENCY OVERW;A319;1;EA;SV
2LA005308-01;LIGHT UNIT- STROBE;A321;1;EA;AR
2LA005308-05;WNG TIP STROBE LIGHT;A319;1;EA;AR
2LA005308-05;WNG TIP STROBE LIGHT;A319;1;EA;AR
2LA005413-01;LIGHT-EMERGENCY OVERW;A319;1;EA;AR
2LA005414-01;LIGHT-EMERGENCY OVERW;A319;1;EA;AR
2LA005469-01;PANEL-WARNING LIGHT;A319;1;EA;AR
2R5310A;AUTOPILOT SERVO;Embraer 190;1;EA;AR
2R5310A;AUTOPILOT SERVO;Embraer 190;1;EA;AR
2R5310A;AUTOPILOT SERVO;Embraer 190;1;EA;SV
2R5310A;AUTOPILOT SERVO;Embraer 190;1;EA;AR
2S2072;SWING CHECK VALVE;B737;1;EA;AR
2S2566;CHECK VALVE;;1;EA;AR
3000-46-27;SWITCH;B737;1;EA;AR
3000-46-27;SWITCH;B737;1;EA;AR
3000-46-29;SWITCH;B737-800;1;EA;SV
3001-01-111;ACCELEROMETER FLIGHT RECORDER;B737;1;EA;AI
30042-0000-0501;CONTROL UNIT-LEVEL,SENSING;A320;1;EA;SV
30128-51;FUEL QTY PROC. UNIT;B737-800;1;EA;SV
30-1883-5;LH WNG/ENG SCAN LGHT;A319;1;EA;AR
30-1883-6;RH WNG/ENG SCAN LGHT;A319;1;EA;AR
30-1883-6;RH WNG/ENG SCAN LGHT;A319;1;EA;AR
30189-0301;PROCESSOR-FUEL QUANTITY;B737-800;1;EA;AR
3025;STATIC CONVERTER;A319;1;EA;AR
3025;STATIC CONVERTER;A319;1;EA;AR
30-2683-14;LIGHT ASSY;Embraer 190;1;EA;SV
30-2683-14;LIGHT ASSY;Embraer 190;1;EA;SV
30-2722-1;STROBE LIGHT ASSY;Embraer 190;1;EA;AR
30-2722-1;STROBE LIGHT ASSY;Embraer 190;1;EA;AR
30-2778-1;LIGHT POSITION-ANTICOLLISION;Embraer 190;1;EA;AI
30283-0101;PROTECTOR UNIT;B737-800;1;EA;AR
30-2848-5;INTEGRATED WINTIP LIGHT ASSY;;1;EA;SV
30-2848-5;INTEGRATED WINTIP LIGHT ASSY;;1;EA;AR
30-2906-1;LIGHT , STROBOSCOPE , RED;Embraer 190;1;EA;AR
30-2906-1;LIGHT , STROBOSCOPE , RED;Embraer 190;1;EA;AR
30-2906-1;LIGHT , STROBOSCOPE , RED;Embraer 190;1;EA;SV
30-2906-1;LIGHT , STROBOSCOPE , RED;Embraer 190;1;EA;AR
30490;ACTUATOR;B737;1;EA;AR
30490;ACTUATOR;B737;1;EA;SV
30571004-501;AUDIO REPRODUCER UNIT (SSARU);B737-800;1;EA;AR
30571004-502;SS AUDIO REPRODUCER;A319;1;EA;AR
3105-89;GLIDE SLOPE ANTENNA;A319;1;EA;AR
3105-89;GLIDE SLOPE ANTENNA;A319;1;EA;AR
3105-89;GLIDE SLOPE ANTENNA;A319;1;EA;AR
3106-89;LOOP ANTENNA;A319;1;EA;AR
3106-89;LOOP ANTENNA;A319;1;EA;AR
3106-89;LOOP ANTENNA;A319;1;EA;AR
31077-111;SPOILER SERVO CONTROL;A320;1;EA;SV
3107-89;MARKER ANTENNA;A319;1;EA;AR
3107-89;MARKER ANTENNA;A319;1;EA;AR
3107-89;MARKER ANTENNA;A319;1;EA;AR
310ZN01Y01;SENSOR,UNBALANCE CURRENT;A319;1;EA;AR
310ZN01Y01;SENSOR,UNBALANCE CURRENT;A319;1;EA;AR
310ZN01Y01;SENSOR,UNBALANCE CURRENT;A319;1;EA;AR
310ZN01Y01;SENSOR,UNBALANCE CURRENT;A319;1;EA;AR
310ZN01Y01;SENSOR,UNBALANCE CURRENT;A319;1;EA;AR
310ZN01Y01;SENSOR,UNBALANCE CURRENT;A319;1;EA;AR
313A2110-15;FAIRING LH SIDE;B737-800;1;EA;AR
313A2110-16;PYLON ACCESS PANEL;B737-800;1;EA;AR
314-2200-15;FAN COWL ASSY LH ENG POSITION #1;B737;1;EA;SV
314-2200-17;FAN COWL ASSY RH ENG POSITION #1;B737;1;EA;AR
315-2;TRIP REMINDER/COUNTER;B737-800;1;EA;AR
3-1531;WHEEL, NLG;A320;1;EA;OH
315A2295-233;THRUST REVERSER LH ENG POSITION #1;B737;1;EA;AR
315A2295-700;THRUST REVERSER RH ENG POSITION #1;B737;1;EA;AR
315A2295-701;THRUST REVERSER#2-LH;B737;1;EA;SV
315A2295-702;THRUST REVERSER#2-RH;B737;1;EA;SV
316565;PRESSURE RELIEF VALVE;B737;1;EA;AR
316565;PRESSURE RELIEF VALVE;B737;1;EA;AR
3202096-2;CHECK VALVE;B737;1;EA;AR
3214-54;EPSU SUPPLY UNIT;A319;1;EA;AR
3214-54-10;EPSU EMERGENCY POWER SUPPLY UNIT;A319;1;EA;AR
3214-54-10;EPSU EMERGENCY POWER SUPPLY UNIT;A319;1;EA;AR
3214-54-10;EPSU EMERGENCY POWER SUPPLY UNIT;A319;1;EA;AR
3214-54-10;EPSU EMERGENCY POWER SUPPLY UNIT;A319;1;EA;AR
3214-54-10;EPSU EMERGENCY POWER SUPPLY UNIT;A319;1;EA;SV
3214-54-10;EPSU EMERGENCY POWER SUPPLY UNIT;A319;1;EA;AR
3214-54-10;EPSU EMERGENCY POWER SUPPLY UNIT;A319;1;EA;AR
3214-54-10;EPSU EMERGENCY POWER SUPPLY UNIT;A319;1;EA;AR
3214-54-10;EPSU EMERGENCY POWER SUPPLY UNIT;A319;1;EA;AR
3214-55;EPSU - EMERGENCY POWER SUPPLY UNIT;A321;1;EA;AR
3214-55;EPSU - EMERGENCY POWER SUPPLY UNIT;A321;1;EA;AR
3214-55-10;EPSU - EMERGENCY POWER SUPPLY UNIT;A321;1;EA;AR
321942-1-1;S/O CONTROL VALVE;B737;1;EA;AR
322000M02;RDDR TRANSDUCER UNIT;A319;1;EA;AR
322000M02;RDDR TRANSDUCER UNIT;A319;1;EA;AR
322000M02;RDDR TRANSDUCER UNIT;A319;1;EA;SV
330RU01B01E00;RELAY, GALLEY PWR SPLY;A319;1;EA;AR
330RU01B01E00;RELAY, GALLEY PWR SPLY;A319;1;EA;AR
330TS08Y;ENG/APU FIRE PANEL;A319;1;EA;SV
331-0006-01;WASTE DRAIN VALVE ASSY;B737-700;1;EA;AI
33-159500-1;ACCUMULATOR-PARKING BRAKE;Embraer 190;1;EA;AR
33-159500-1;ACCUMULATOR-PARKING BRAKE;Embraer 190;1;EA;AR
33-159500-1;ACCUMULATOR-PARKING BRAKE;Embraer 190;1;EA;AR
33-159500-1;ACCUMULATOR-PARKING BRAKE;Embraer 190;1;EA;AR
3367-11;BALLAST UNIT;Embraer 190;1;EA;AR
3367-11;BALLAST UNIT;Embraer 190;1;EA;AR
3389-10;SWITCH - TOILET;A321;1;EA;AR
3389-10;SWITCH - TOILET;A321;1;EA;AR
3389-10;SWITCH - TOILET;A321;1;EA;AR
33D01300-6;WAVE GUIDE SWITCH;B737-800;1;EA;AR
341-1010-509;INLET COWL;Embraer 190;1;EA;SV
341-1010-509;INLET COWL;Embraer 190;1;EA;AR
341-1010-509;INLET COWL;Embraer 190;1;EA;AR
341-2002-509;COWL ASSEMBLY, FAN;Embraer 190;1;EA;AR
341-2002-509;COWL ASSEMBLY, FAN;Embraer 190;1;EA;AR
341E030000;SOLENOID VALVE;A319;1;EA;AR
342300M01;RDDR TRANSDUCER UNIT;A319;1;EA;AR
342300M01;RDDR TRANSDUCER UNIT;A319;1;EA;AR
34265-8;COCKPIT LIGHT;B737-700;1;EA;AR
34265-8;COCKPIT LIGHT;B737-700;1;EA;AR
343A2151-1;TUBE ASSY;B737-800;1;EA;AR
343A2151-2;TUBE ASSY;B737-800;1;EA;AR
343A2161-13;TUBE ASSY;B737-800;1;EA;AR
343A2161-14;TUBE ASSY;B737-800;1;EA;AR
344A2104-1;FUEL TUBE ASSY;B737-800;1;EA;AR
345-6196-04;REMOTE SWITCH;Embraer 190;1;EA;AR
345-6196-04;REMOTE SWITCH;Embraer 190;1;EA;AR
350880-7;HYDRAULIC PUMP;B747;1;EA;AI
35-0D5-1003;AMPLIFR LOUD SPEAKER;A319;1;EA;SV
350E053020909;FWC-FLIGHT WARNING CO;A320;1;EA;SV
350E053020909;FWC-FLIGHT WARNING CO;A320;1;EA;SV
350E053021212;FWC - FLIGHT WARNING COMPUTER;A321;1;EA;SV
35-0E5-1513;S.D.A.C.;A320;1;EA;AR
3510-0056-03;EXPRESS COFFEE MAKER;A319;1;EA;AR
351GZ01Y01;RIGHT INTEGRATED CONTROL CENTER;Embraer 190;1;EA;SV
35200007-1A;TEE CHECK VALVE;B737-800;1;EA;AR
354A3000-10;APU EXHAUST;;1;EA;AR
354A4000-12;APU EXHAUST;B737-800;1;EA;AR
3552BAADAACXCD;O2 BOTTLE;A320;1;EA;AR
3552BAADAACXCD;O2 BOTTLE;A320;1;EA;AR
3552CAADAACXCD;O2 BOTTLE;A320;1;EA;AR
355A5340-2;APU FIRE CONT. PANEL;B737-800;1;EA;AI
35-833500;CHARGE VALVE ASSY;Embraer 190;1;EA;AR
3601-155-565/193C-5M;SENSOR, FIRE DETECTOR;Embraer 190;1;EA;SV
3601-155-565/193C-5M;SENSOR, FIRE DETECTOR;Embraer 190;1;EA;SV
3601-155-565/193C-5M;SENSOR, FIRE DETECTOR;Embraer 190;1;EA;SV
366-208-001;PANEL-REFUELING/DEFUEL;Embraer 190;1;EA;SV
3669;SMOKE DETECTOR PANEL;;1;EA;AR
366-927-001;FUEL REPEATER INDICATOR;;1;EA;AR
366-927-001;FUEL REPEATER INDICATOR;;1;EA;AR
367-336-002;UNIT-FUEL SIGNAL CONDITIONING UNIT;Embraer 190;1;EA;AR
367-336-002;UNIT-FUEL SIGNAL CONDITIONING UNIT;Embraer 190;1;EA;SV
3720-00-00;FIRE DETECTION UNIT;A320;1;EA;AR
37757-3009;VALVE,OIL BY-PASS;RB211;1;EA;AR
37757-3009;VALVE,OIL BY-PASS;RB211;1;EA;AR
37757-3009;VALVE,OIL BY-PASS;RB211;1;EA;AR
3810056-106;MODULE ASSY VALVE MODULE THRUST;B737-700;1;EA;SV
381200-1001;P.C.U.;B737;1;EA;SV
381800-1005;ACTUATOR L/E SLAT;B737-700;1;EA;AR
381800-1005;ACTUATOR L/E SLAT;B737-700;1;EA;AR
381800-1005;ACTUATOR L/E SLAT;B737-700;1;EA;SV
381800-1005;ACTUATOR L/E SLAT;B737-700;1;EA;AR
381800-1005;ACTUATOR L/E SLAT;B737-700;1;EA;AR
381800-1005;ACTUATOR L/E SLAT;B737-700;1;EA;AR
382000-1001;ACTUATOR;B737-700;1;EA;SV
382000-1001;ACTUATOR;B737-700;1;EA;AR
382000-1001;ACTUATOR;B737-700;1;EA;AR
383300-1009;AILERON TRIM ACTUATOR;Embraer 190;1;EA;AR
383300-1009;AILERON TRIM ACTUATOR;Embraer 190;1;EA;AR
383300-1009;AILERON TRIM ACTUATOR;Embraer 190;1;EA;SV
383300-1009;AILERON TRIM ACTUATOR;Embraer 190;1;EA;AR
38-909500-2;PARK AND MAIN BRAKE FUSE;Embraer 190;1;EA;AR
38-909500-2;PARK AND MAIN BRAKE FUSE;Embraer 190;1;EA;AR
38-909500-2;PARK AND MAIN BRAKE FUSE;Embraer 190;1;EA;AR
38-909500-2;PARK AND MAIN BRAKE FUSE;Embraer 190;1;EA;AR
38-909500-2;PARK AND MAIN BRAKE FUSE;Embraer 190;1;EA;AR
38-909500-2;PARK AND MAIN BRAKE FUSE;Embraer 190;1;EA;AR
38-909500-2;PARK AND MAIN BRAKE FUSE;Embraer 190;1;EA;AR
38-909500-2;PARK AND MAIN BRAKE FUSE;Embraer 190;1;EA;AR
38-909500-2;PARK AND MAIN BRAKE FUSE;Embraer 190;1;EA;AR
38-909500-2;PARK AND MAIN BRAKE FUSE;Embraer 190;1;EA;AR
38-909500-2;PARK AND MAIN BRAKE FUSE;Embraer 190;1;EA;AR
38-909500-2;PARK AND MAIN BRAKE FUSE;Embraer 190;1;EA;SV
38-919500;CHECK VALVE;Embraer 190;1;EA;AR
38-919500;CHECK VALVE;Embraer 190;1;EA;AR
38-919500;CHECK VALVE;Embraer 190;1;EA;AR
38-919501;ONE WAY RESTRICTOR VALVE;Embraer 190;1;EA;AR
38-919501;ONE WAY RESTRICTOR VALVE;Embraer 190;1;EA;AR
38-957500-2;VALVE-BRAKE SHUTOFF;Embraer 190;1;EA;AR
38-957500-2;VALVE-BRAKE SHUTOFF;Embraer 190;1;EA;AR
38-957500-2;VALVE-BRAKE SHUTOFF;Embraer 190;1;EA;OH
38-957500-2;VALVE-BRAKE SHUTOFF;Embraer 190;1;EA;AR
38E93-5;VALVE-CONTROL,WING ANTI ICING;A319;1;EA;SV
39-353;ANTI-SKID VALVE;B737;1;EA;AR
39-353;ANTI-SKID VALVE;B737;1;EA;SV
39-353;ANTI-SKID VALVE;B737;1;EA;AR
39-353;ANTI-SKID VALVE;B737;1;EA;AR
39-353;ANTI-SKID VALVE;B737;1;EA;SV
394100-1003;VALVE-LE SHUTOFF;B737-700;1;EA;SV
3945123506;ELEVATOR AILERON COMPUTER;A320;1;EA;AR
3945123506;ELEVATOR AILERON COMPUTER;A320;1;EA;SV
3957985205;ENGINE INTERFACE UNIT;A319;1;EA;AR
398116-1-1;DUAL MIX VALVE;B737;1;EA;SC
398116-1-1;DUAL MIX VALVE;B737;1;EA;SC
39-891-3;BRAKE CONTROL VALVE WITH FILTERS;Embraer 190;1;EA;AR
39-891-3;BRAKE CONTROL VALVE WITH FILTERS;Embraer 190;1;EA;AR
39-891-3;BRAKE CONTROL VALVE WITH FILTERS;Embraer 190;1;EA;AR
39-891-3;BRAKE CONTROL VALVE WITH FILTERS;Embraer 190;1;EA;AR
39-891-3;BRAKE CONTROL VALVE WITH FILTERS;Embraer 190;1;EA;AR
39-891-3;BRAKE CONTROL VALVE WITH FILTERS;Embraer 190;1;EA;AR
39-891-3;BRAKE CONTROL VALVE WITH FILTERS;Embraer 190;1;EA;SV
39-891-3;BRAKE CONTROL VALVE WITH FILTERS;Embraer 190;1;EA;AR
3R1208B;LOAD CELL-AILERON CONTROL WHEEL;Embraer 190;1;EA;AR
3R1208B;LOAD CELL-AILERON CONTROL WHEEL;Embraer 190;1;EA;AR
3R1208B;LOAD CELL-AILERON CONTROL WHEEL;Embraer 190;1;EA;AR
3R1208B;LOAD CELL-AILERON CONTROL WHEEL;Embraer 190;1;EA;AR
3R1208B;LOAD CELL-AILERON CONTROL WHEEL;Embraer 190;1;EA;AR
3R1208B;LOAD CELL-AILERON CONTROL WHEEL;Embraer 190;1;EA;AR
3R1208B;LOAD CELL-AILERON CONTROL WHEEL;Embraer 190;1;EA;AR
3R1209B;LOAD CELL;Embraer 190;1;EA;AR
3R1209B;LOAD CELL;Embraer 190;1;EA;AR
3R1209B;LOAD CELL;Embraer 190;1;EA;AR
3R1209B;LOAD CELL;Embraer 190;1;EA;AR
3R1209B;LOAD CELL;Embraer 190;1;EA;AR
3R1209B;LOAD CELL;Embraer 190;1;EA;AR
3R1209B;LOAD CELL;Embraer 190;1;EA;AR
3R1209B;LOAD CELL;Embraer 190;1;EA;AR
3R1210B;LOAD CELL-ELEVATOR CONTROL COLUMN;Embraer 190;1;EA;AR
3R1210B;LOAD CELL-ELEVATOR CONTROL COLUMN;Embraer 190;1;EA;AR
3R1221A;LOAD CELL AILERON CONTROL WHEEL;Embraer 190;1;EA;NE
3R1223A;ELEVATOR LOAD CELL;Embraer 190;1;EA;AR
402-167;SWITCH, SPDT COAXIAL;B737-800;1;EA;AR
4028-39-1002;EXIT IDENTIFIER SIGN;Embraer 190;1;EA;AR
4041-18;"BIN LIGHT 18""";B737-800;1;EA;AR
4041-18;"BIN LIGHT 18""";B737-800;1;EA;AR
4041-48;"BIN LIGHT 48""";B737-800;1;EA;SV
4041-48;"BIN LIGHT 48""";B737-800;1;EA;SV
4042-10;RECESS LIGHT;B737-800;1;EA;SV
4042-10;RECESS LIGHT;B737-800;1;EA;SV
4077880-961;MCDU MULTIFNC CONT DISPLAY UNIT;A319;1;EA;SV
4086850-924;DISPLAY UNIT-FLAT PANEL;B737-700;1;EA;AR
4101634A;FAN-FWD ELECTRONIC BAY;Embraer 190;1;EA;AR
4101634A;FAN-FWD ELECTRONIC BAY;Embraer 190;1;EA;AI
4101634A;FAN-FWD ELECTRONIC BAY;Embraer 190;1;EA;OH
4101634A;FAN-FWD ELECTRONIC BAY;Embraer 190;1;EA;AI
4101634A;FAN-FWD ELECTRONIC BAY;Embraer 190;1;EA;AR
4101634A;FAN-FWD ELECTRONIC BAY;Embraer 190;1;EA;AR
4101636A;FAN-CARGO COMPARTMENT;Embraer 190;1;EA;AR
4101638;FAN-MID ELECTRONIC BAY;Embraer 190;1;EA;SV
4101638;FAN-MID ELECTRONIC BAY;Embraer 190;1;EA;AR
4101638;FAN-MID ELECTRONIC BAY;Embraer 190;1;EA;AR
4101638;FAN-MID ELECTRONIC BAY;Embraer 190;1;EA;AR
4101722;CABIN RECIRCULATION FAN;Embraer 190;1;EA;AR
4101722;CABIN RECIRCULATION FAN;Embraer 190;1;EA;AR
4101722;CABIN RECIRCULATION FAN;Embraer 190;1;EA;SV
4101724A;FAN-TWO SPEED MID ELECTRONIC BAY;Embraer 190;1;EA;SV
41102001-101;OBSERVER SEAT ASSY;;1;EA;AR
41102001-101;OBSERVER SEAT ASSY;;1;EA;AR
41131001-209;SEAT FLT ATTD;;1;EA;AR
41131001-209;SEAT FLT ATTD;;1;EA;AR
41131001-211;SEAT FLT ATTD;;1;EA;AR
41142001-157;FLIGHT ATTD SEAT, FWD;Embraer 190;1;EA;AR
4119-0017-2;MOTOR ASSY;Embraer 190;1;EA;AI
411N1210-1115B;SIDEWALL PANEL;B737-800;1;EA;AR
411N1210-1116B;SIDEWALL PANEL;B737-800;1;EA;AR
411N1210-1117B;SIDEWALL PANEL;B737-800;1;EA;AR
411N1210-827C;SIDEWALL PANEL;B737-800;1;EA;AR
411N1210-829C;SIDEWALL PANEL;B737-800;1;EA;AR
41-2-1100-02;R/AIR EMERG ACTUATOR;A319;1;EA;AR
414500-1001;SENSOR-SINGLE LVDT POSITION;Embraer 190;1;EA;AR
414500-1001;SENSOR-SINGLE LVDT POSITION;Embraer 190;1;EA;AR
414500-1001;SENSOR-SINGLE LVDT POSITION;Embraer 190;1;EA;AR
414500-1001;SENSOR-SINGLE LVDT POSITION;Embraer 190;1;EA;AR
414500-1001;SENSOR-SINGLE LVDT POSITION;Embraer 190;1;EA;AR
414500-1001;SENSOR-SINGLE LVDT POSITION;Embraer 190;1;EA;AR
414500-1001;SENSOR-SINGLE LVDT POSITION;Embraer 190;1;EA;AR
414500-1001;SENSOR-SINGLE LVDT POSITION;Embraer 190;1;EA;AR
414500-1001;SENSOR-SINGLE LVDT POSITION;Embraer 190;1;EA;AR
414500-1001;SENSOR-SINGLE LVDT POSITION;Embraer 190;1;EA;AR
414500-1001;SENSOR-SINGLE LVDT POSITION;Embraer 190;1;EA;AR
414500-1001;SENSOR-SINGLE LVDT POSITION;Embraer 190;1;EA;AR
414500-1001;SENSOR-SINGLE LVDT POSITION;Embraer 190;1;EA;AR
414500-1001;SENSOR-SINGLE LVDT POSITION;Embraer 190;1;EA;AR
414500-1001;SENSOR-SINGLE LVDT POSITION;Embraer 190;1;EA;AR
414500-1001;SENSOR-SINGLE LVDT POSITION;Embraer 190;1;EA;AR
414500-1001;SENSOR-SINGLE LVDT POSITION;Embraer 190;1;EA;AR
414500-1001;SENSOR-SINGLE LVDT POSITION;Embraer 190;1;EA;AR
414500-1001;SENSOR-SINGLE LVDT POSITION;Embraer 190;1;EA;AR
414500-1001;SENSOR-SINGLE LVDT POSITION;Embraer 190;1;EA;AR
414500-1001;SENSOR-SINGLE LVDT POSITION;Embraer 190;1;EA;AR
414500-1001;SENSOR-SINGLE LVDT POSITION;Embraer 190;1;EA;AR
414500-1001;SENSOR-SINGLE LVDT POSITION;Embraer 190;1;EA;AR
414500-1001;SENSOR-SINGLE LVDT POSITION;Embraer 190;1;EA;AR
414500-1001;SENSOR-SINGLE LVDT POSITION;Embraer 190;1;EA;AR
414500-1001;SENSOR-SINGLE LVDT POSITION;Embraer 190;1;EA;AR
414500-1001;SENSOR-SINGLE LVDT POSITION;Embraer 190;1;EA;AR
414500-1001;SENSOR-SINGLE LVDT POSITION;Embraer 190;1;EA;AR
414500-1001;SENSOR-SINGLE LVDT POSITION;Embraer 190;1;EA;AR
414800-1011;MULTI-FUNCTION SPOILER PCU;Embraer 190;1;EA;AR
414800-1011;MULTI-FUNCTION SPOILER PCU;Embraer 190;1;EA;AR
414800-1011;MULTI-FUNCTION SPOILER PCU;Embraer 190;1;EA;AR
414800-1011;MULTI-FUNCTION SPOILER PCU;Embraer 190;1;EA;AR
414800-1011;MULTI-FUNCTION SPOILER PCU;Embraer 190;1;EA;AR
414800-1011;MULTI-FUNCTION SPOILER PCU;Embraer 190;1;EA;SV
414800-1011;MULTI-FUNCTION SPOILER PCU;Embraer 190;1;EA;AR
414800-1011;MULTI-FUNCTION SPOILER PCU;Embraer 190;1;EA;AR
414800-1011;MULTI-FUNCTION SPOILER PCU;Embraer 190;1;EA;AR
414800-1011;MULTI-FUNCTION SPOILER PCU;Embraer 190;1;EA;AR
414800-1011;MULTI-FUNCTION SPOILER PCU;Embraer 190;1;EA;AR
414800-9011;PCU-MULTI-FUNCTION SPOILER POWER CONTROL UNIT;Embraer 190;1;EA;AR
414900-1005;ACTUATOR-GROUND SPOILER;Embraer 190;1;EA;AR
414900-1005;ACTUATOR-GROUND SPOILER;Embraer 190;1;EA;AR
414900-1005;ACTUATOR-GROUND SPOILER;Embraer 190;1;EA;SV
414900-1005;ACTUATOR-GROUND SPOILER;Embraer 190;1;EA;SV
414900-1005;ACTUATOR-GROUND SPOILER;Embraer 190;1;EA;AR
414900-1005;ACTUATOR-GROUND SPOILER;Embraer 190;1;EA;AR
414900-1005;ACTUATOR-GROUND SPOILER;Embraer 190;1;EA;AR
414900-1005;ACTUATOR-GROUND SPOILER;Embraer 190;1;EA;AR
414950-1003;MODULE-GROUND SPOILER CONTROL;Embraer 190;1;EA;AR
414950-1003;MODULE-GROUND SPOILER CONTROL;Embraer 190;1;EA;AR
414950-1003;MODULE-GROUND SPOILER CONTROL;Embraer 190;1;EA;AR
414950-1003;MODULE-GROUND SPOILER CONTROL;Embraer 190;1;EA;SV
415100-1003;ACTUATOR-AILERON PCU;Embraer 190;1;EA;SV
415100-1003;ACTUATOR-AILERON PCU;Embraer 190;1;EA;SV
415100-1003;ACTUATOR-AILERON PCU;Embraer 190;1;EA;SV
415100-1003;ACTUATOR-AILERON PCU;Embraer 190;1;EA;SV
415100-1003;ACTUATOR-AILERON PCU;Embraer 190;1;EA;SV
415100-1003;ACTUATOR-AILERON PCU;Embraer 190;1;EA;SV
415100-1003;ACTUATOR-AILERON PCU;Embraer 190;1;EA;SV
415400-1009;ACTUATOR-RUDDER;Embraer 190;1;EA;SV
415700-1001;AILERON OVERRIDE UNIT;Embraer 190;1;EA;SV
415700-1001;AILERON OVERRIDE UNIT;Embraer 190;1;EA;AR
416100-1003;ACTUATOR-ELEVATOR POWER CONTROL;Embraer 190;1;EA;AR
416100-1003;ACTUATOR-ELEVATOR POWER CONTROL;Embraer 190;1;EA;AR
416100-1003;ACTUATOR-ELEVATOR POWER CONTROL;Embraer 190;1;EA;AR
416100-1003;ACTUATOR-ELEVATOR POWER CONTROL;Embraer 190;1;EA;SV
416100-1003;ACTUATOR-ELEVATOR POWER CONTROL;Embraer 190;1;EA;AR
416100-1003;ACTUATOR-ELEVATOR POWER CONTROL;Embraer 190;1;EA;AR
416100-1003;ACTUATOR-ELEVATOR POWER CONTROL;Embraer 190;1;EA;AR
416200-1007;HORIZONTAL STAB TRIM ACTUATOR;Embraer 190;1;EA;AR
416200-1009;HORIZONTAL STAB TRIM ACTUATOR;Embraer 190;1;EA;SV
417A2093-2;MAST ASSY - DRAIN;;1;EA;AR
417A6110-157L;ATTENDANT PANEL ASSY;B737-800;1;EA;AR
417A6110-68L;ATTENDANT PANEL ASSY;B737-800;1;EA;SV
4188-00;STATIC INVERETER;A320;1;EA;AR
419300-1003;PCU;B737-700;1;EA;SV
41SG240-1;TRANSMITTER OIL;V2500-A5;1;EA;AR
41SG240-1;TRANSMITTER OIL;V2500-A5;1;EA;AR
4233257;BLOCK-BEARING;A319;1;EA;AR
4234-11-0200;FLIGHT ATTENDANT PANEL;Embraer 190;1;EA;AR
4235-11-0200;PANEL-FLIGHT ATTENDANT FWD;Embraer 190;1;EA;AR
4236534;LIGHT-RUNWAY TURNOFF;A319;1;EA;AR
424800-1001;UNIT-RUDDER ARTIFICIAL FEEL;Embraer 190;1;EA;AR
424800-1001;UNIT-RUDDER ARTIFICIAL FEEL;Embraer 190;1;EA;AR
424900-1003;SPOILER CONTROL LEVER MODULE;Embraer 190;1;EA;SV
424900-1003;SPOILER CONTROL LEVER MODULE;Embraer 190;1;EA;AR
425900-1001;SENSOR-DUAL LVDT POSITION;Embraer 190;1;EA;AR
425900-1001;SENSOR-DUAL LVDT POSITION;Embraer 190;1;EA;AR
425900-1001;SENSOR-DUAL LVDT POSITION;Embraer 190;1;EA;AR
425900-1001;SENSOR-DUAL LVDT POSITION;Embraer 190;1;EA;AR
425900-1001;SENSOR-DUAL LVDT POSITION;Embraer 190;1;EA;AR
425900-1001;SENSOR-DUAL LVDT POSITION;Embraer 190;1;EA;AR
425900-1001;SENSOR-DUAL LVDT POSITION;Embraer 190;1;EA;AR
425900-1001;SENSOR-DUAL LVDT POSITION;Embraer 190;1;EA;AR
4259A0000-02;SHOCK STRUT ASSY LH;Embraer 190;1;EA;SV
4260A0000-02;SHOCK STRUT ASSY RH;Embraer 190;1;EA;SV
4263-10;UNIT, PASSENGER SERVICE;Embraer 190;1;EA;AR
4263-10;UNIT, PASSENGER SERVICE;Embraer 190;1;EA;AR
4279198;WIPER MOTOR;A319;1;EA;AR
4279198;WIPER MOTOR;A319;1;EA;SV
4279204;WIPER MOTOR;A320;1;EA;SV
430107;EXCITER UNIT;B757;1;EA;AR
430107;EXCITER UNIT;B757;1;EA;SV
4357626;WIPER ARM L.H.;A319;1;EA;AR
43885001;OZONE CONVERTER;B737-900;1;EA;SV
43885001;OZONE CONVERTER;B737-900;1;EA;AR
4394916;LIGHT ASSY;B737-800;1;EA;AR
44111-307;TRANSDUCER BOX ASSEMBLY;RB211;1;EA;AR
44111-307;TRANSDUCER BOX ASSEMBLY;RB211;1;EA;AR
44111-307;TRANSDUCER BOX ASSEMBLY;RB211;1;EA;AR
4421003-001;CABIN ALTIMETRIC SWITCH;Embraer 190;1;EA;AR
442920-1;MANIFOLD DISTRIBUTION;A319;1;EA;AR
4441018-001;OXYGEN PRESSURE TRANSDUCER;Embraer 190;1;EA;AR
4441018-001;OXYGEN PRESSURE TRANSDUCER;Embraer 190;1;EA;AR
4441111-077;CYLINDER, OXYGEN;Embraer 190;1;EA;SV
4441111-077;CYLINDER, OXYGEN;Embraer 190;1;EA;AR
44760;IGNITION EXCITER;B757;1;EA;AR
44760;IGNITION EXCITER;B757;1;EA;AR
4500003L;ELECTRONIC CONTROL BOX;A321;1;EA;SV
4505003K;APU CONTROLLER FADEC;Embraer 190;1;EA;AR
4505003M;APU CONTROLLER FADEC;Embraer 190;1;EA;SV
4508022;CONTROLLER-STARTER CONTROLLER UNIT;Embraer 190;1;EA;SV
453-5000;ELT;DASH8;1;EA;SV
453-5000;ELT;DASH8;1;EA;AR
453-6500;MAIN ASSY, NAVY INTERFACE UNIT;Embraer 190;1;EA;AR
453-6500;MAIN ASSY, NAVY INTERFACE UNIT;Embraer 190;1;EA;AR
453A2910-19;WASTE DRAIN/ LOGIC CONT. PANEL;B737-800;1;EA;AR
4550-01-482;FIRE/OVERHEAT DETECTOR;A320;1;EA;AR
4603KPS23-5;SWITCH, PRESSURE;RB211;1;EA;AR
4603KPS23-5;SWITCH, PRESSURE;RB211;1;EA;AR
4603KPS23-5;SWITCH, PRESSURE;RB211;1;EA;SV
4604KPS27-40;SWITCH, PRESSURE HP;RB211;1;EA;SV
4604KPS27-40;SWITCH, PRESSURE HP;RB211;1;EA;AR
4604KPS27-40;SWITCH, PRESSURE HP;RB211;1;EA;AR
4611025900;BRAKE FAN;A321;1;EA;AR
4611025900;BRAKE FAN;A321;1;EA;AR
4611025900;BRAKE FAN;A321;1;EA;AR
4611025900;BRAKE FAN;A321;1;EA;AR
465010-0300-0300;CONTRL DISPLY UNIT;A320;1;EA;AR
465020-03030316;AIR DATA AND INERTIAL REFERENCE UNIT;A320;1;EA;SV
4663-8;NIPPLE CHECK VALVE ASSY;B737-800;1;EA;AR
473597-5;SMOKE DETECTOR;B737-700;1;EA;SV
473597-5;SMOKE DETECTOR;B737-700;1;EA;SV
473597-5;SMOKE DETECTOR;B737-700;1;EA;SV
474080;CARGO BAY EXTINGUISER MONITOR;B737-800;1;EA;AR
474242-3;RELAY WITH FLOW DIRECTION;Embraer 190;1;EA;AR
474349-1;DRIER METERING UNIT, 1/2 INCH;Embraer 190;1;EA;AR
474349-1;DRIER METERING UNIT, 1/2 INCH;Embraer 190;1;EA;AR
474349-1;DRIER METERING UNIT, 1/2 INCH;Embraer 190;1;EA;AR
474349-1;DRIER METERING UNIT, 1/2 INCH;Embraer 190;1;EA;AR
49-170-11;SLAT AND FLAP CONTROL COMPUTER;A319;1;EA;SV
4952354;ASSEMBLY-APU INLET SILENCER;Embraer 190;1;EA;SV
4952447;VALVE-APU BLEED AIR SHUTOFF VALVE;Embraer 190;1;EA;SV
4952447;VALVE-APU BLEED AIR SHUTOFF VALVE;Embraer 190;1;EA;AR
4952614;APU SILENCER, OUTLET;Embraer 190;1;EA;AR
50026001-1;COOLER OIL;V2500-A5;1;EA;AI
50026001-1;COOLER OIL;V2500-A5;1;EA;AR
50026001-1;COOLER OIL;V2500-A5;1;EA;AR
50-0325-3;TAXING LIGHT;Embraer 190;1;EA;AR
50-0325-3;TAXING LIGHT;Embraer 190;1;EA;AR
50-0325-3;TAXING LIGHT;Embraer 190;1;EA;AR
50-0325-3;TAXING LIGHT;Embraer 190;1;EA;AR
50-0326-3;LANDING LIGHT;Embraer 190;1;EA;AR
50-0326-3;LANDING LIGHT;Embraer 190;1;EA;AR
50-0326-3;LANDING LIGHT;Embraer 190;1;EA;AR
50-0326-3;LANDING LIGHT;Embraer 190;1;EA;AR
50-0342-1;LIGHT, TAXI;Embraer 190;1;EA;SV
5009913D;PUMP,FUEL LP/HP;V2500-A5;1;EA;AI
5009913F;PUMP, FUEL LP/HP;V2500-A5;1;EA;AI
501-1228-04;EMERGENCY POWER SUPPLY;Embraer 190;1;EA;SV
5059-4;SHUTTLE VALVE;B737-700;1;EA;AR
5059-4;SHUTTLE VALVE;B737-700;1;EA;SV
5059-4;SHUTTLE VALVE;B737-700;1;EA;SV
5060-5;VALVE ASSY -  HYDRAULIC, SHUTTLE;B737-700;1;EA;AR
5080-107;NOSE RADOME;Embraer 190;1;EA;SV
51165;POWER TRANSFER UNIT;Embraer 190;1;EA;AR
51165;POWER TRANSFER UNIT;Embraer 190;1;EA;SV
51166-03;PUMP-ACMP AC MOTOR PUMP;Embraer 190;1;EA;AR
51166-03;PUMP-ACMP AC MOTOR PUMP;Embraer 190;1;EA;AR
51166-03;PUMP-ACMP AC MOTOR PUMP;Embraer 190;1;EA;AR
51166-03;PUMP-ACMP AC MOTOR PUMP;Embraer 190;1;EA;SV
51166-03;PUMP-ACMP AC MOTOR PUMP;Embraer 190;1;EA;AR
51166-03;PUMP-ACMP AC MOTOR PUMP;Embraer 190;1;EA;AR
51166-04;PUMP-ACMP AC MOTOR PUMP;Embraer 190;1;EA;SV
51166-04;PUMP-ACMP AC MOTOR PUMP;Embraer 190;1;EA;AR
520913;CSMG-CONST GENERATOR;A319;1;EA;AR
520913;CSMG-CONST GENERATOR;A319;1;EA;SV
520913;CSMG-CONST GENERATOR;A319;1;EA;AR
520915;CONTROL UNIT-GENERATOR;A321;1;EA;AR
521100;GCU-GENERATOR CONTROL UNIT;A319;1;EA;SV
521A0200-01;PPU ADAPTER;A319;1;EA;AR
521A0200-01;PPU ADAPTER;A319;1;EA;AR
52-615500;PRESSURE SWITCH (130 PSI);Embraer 190;1;EA;AI
52-615500;PRESSURE SWITCH (130 PSI);Embraer 190;1;EA;AI
52-621500;PANEL SWITCH;;1;EA;AR
52-633500-1;PRESSURE TRANSDUCER;Embraer 190;1;EA;AR
52-633500-1;PRESSURE TRANSDUCER;Embraer 190;1;EA;AR
52-633500-1;PRESSURE TRANSDUCER;Embraer 190;1;EA;AR
52-633500-1;PRESSURE TRANSDUCER;Embraer 190;1;EA;AR
52-633500-1;PRESSURE TRANSDUCER;Embraer 190;1;EA;AR
52-633500-1;PRESSURE TRANSDUCER;Embraer 190;1;EA;AR
52-633500-1;PRESSURE TRANSDUCER;Embraer 190;1;EA;AR
52-633500-1;PRESSURE TRANSDUCER;Embraer 190;1;EA;AR
52-633500-1;PRESSURE TRANSDUCER;Embraer 190;1;EA;AR
52-633500-1;PRESSURE TRANSDUCER;Embraer 190;1;EA;AR
52-633500-1;PRESSURE TRANSDUCER;Embraer 190;1;EA;AR
52-633500-1;PRESSURE TRANSDUCER;Embraer 190;1;EA;AR
548384-1;SENSOR;B737;1;EA;AR
548384-1;SENSOR;B737;1;EA;AR
5500-B1A-BF23A;OXYGEN BOTTLE;A320;1;EA;AR
5583-1-2;PA HANDST/CRADLE HANDSET;Embraer 190;1;EA;AI
5583-1-2;PA HANDST/CRADLE HANDSET;Embraer 190;1;EA;AI
558CA01Y1;CONTACTOR-THREE POLE;A321;1;EA;AR
558CA01Y1;CONTACTOR-THREE POLE;A321;1;EA;AR
558CA01Y1;CONTACTOR-THREE POLE;A321;1;EA;AR
558CA01Y1;CONTACTOR-THREE POLE;A321;1;EA;AR
558CA01Y1;CONTACTOR-THREE POLE;A321;1;EA;AR
558CA01Y1;CONTACTOR-THREE POLE;A321;1;EA;AR
564CA01Y1;RELAY, GALLEY POWER SUPPLY;A319;1;EA;AR
564CA01Y1;RELAY, GALLEY POWER SUPPLY;A319;1;EA;AR
564CA01Y1;RELAY, GALLEY POWER SUPPLY;A319;1;EA;AR
564CA01Y1;RELAY, GALLEY POWER SUPPLY;A319;1;EA;AR
564CA01Y1;RELAY, GALLEY POWER SUPPLY;A319;1;EA;AR
564CA01Y1;RELAY, GALLEY POWER SUPPLY;A319;1;EA;AR
564CA01Y1;RELAY, GALLEY POWER SUPPLY;A319;1;EA;AR
564CA02FY1;CONTACTOR-THREE POLE,60A FOR A320 / A321;A321;1;EA;AR
564CA04A11Y00;CONTACTOR;A320;1;EA;AR
564CA04A11Y00;CONTACTOR;A320;1;EA;AR
564CA04A11Y00;CONTACTOR;A320;1;EA;AR
56B98;THERMOCOUPLE, OIL SAV TEMP;V2500-A5;1;EA;AR
56B98;THERMOCOUPLE, OIL SAV TEMP;V2500-A5;1;EA;AR
58-0108-3;TRANSFORMER;Embraer 190;1;EA;AR
58-0108-3;TRANSFORMER;Embraer 190;1;EA;AR
58-0108-3;TRANSFORMER;Embraer 190;1;EA;AR
58-0108-3;TRANSFORMER;Embraer 190;1;EA;AR
58-0108-3;TRANSFORMER;Embraer 190;1;EA;AR
58-0108-3;TRANSFORMER;Embraer 190;1;EA;AR
58-0108-3;TRANSFORMER;Embraer 190;1;EA;AR
58-0108-3;TRANSFORMER;Embraer 190;1;EA;AR
58-0108-3;TRANSFORMER;Embraer 190;1;EA;AR
58-0108-3;TRANSFORMER;Embraer 190;1;EA;AR
58-0108-3;TRANSFORMER;Embraer 190;1;EA;AR
5822-21;POWER SUPPLY;A319;1;EA;AR
5822-21;POWER SUPPLY;A319;1;EA;AR
5822-21;POWER SUPPLY;A319;1;EA;SV
5822-21;POWER SUPPLY;A319;1;EA;AR
5822-21;POWER SUPPLY;A319;1;EA;AR
5822-21;POWER SUPPLY;A319;1;EA;AR
5860016-139;ACTUATOR VALVE;V2500-A5;1;EA;AI
5860016-139;ACTUATOR VALVE;V2500-A5;1;EA;AI
5860017-139;ACTUATOR, VALVE;V2500-A5;1;EA;AI
5906733;TRANSFORMER;A319;1;EA;AR
5906733;TRANSFORMER;A319;1;EA;AR
5906734;TRANSFORMER-CURRENT,3 HOLE FOR A320 / A321;A321;1;EA;AR
5906734;TRANSFORMER-CURRENT,3 HOLE FOR A320 / A321;A321;1;EA;AR
5906734;TRANSFORMER-CURRENT,3 HOLE FOR A320 / A321;A321;1;EA;AR
5906734;TRANSFORMER-CURRENT,3 HOLE FOR A320 / A321;A321;1;EA;AR
5906734;TRANSFORMER-CURRENT,3 HOLE FOR A320 / A321;A321;1;EA;AR
590SE01;BASE CONTACTOR;A321;1;EA;AR
590SE01;BASE CONTACTOR;A321;1;EA;AR
5912843-7;SENSOR-FLAP SKEW DETECTION OB;Embraer 190;1;EA;AI
5912843-7;SENSOR-FLAP SKEW DETECTION OB;Embraer 190;1;EA;AI
5912843-7;SENSOR-FLAP SKEW DETECTION OB;Embraer 190;1;EA;AI
5912843-7;SENSOR-FLAP SKEW DETECTION OB;Embraer 190;1;EA;AI
5912843-7;SENSOR-FLAP SKEW DETECTION OB;Embraer 190;1;EA;AI
5912843-7;SENSOR-FLAP SKEW DETECTION OB;Embraer 190;1;EA;AI
5912855-01;BATTERY;Embraer 190;1;EA;AR
5912855-01;BATTERY;Embraer 190;1;EA;AR
5912855-01;BATTERY;Embraer 190;1;EA;AR
5912855-01;BATTERY;Embraer 190;1;EA;AR
5912868-11;TORQUE TUBE;Embraer 190;1;EA;AR
5912868-11;TORQUE TUBE;Embraer 190;1;EA;AR
5912868-11;TORQUE TUBE;Embraer 190;1;EA;AR
5912868-11;TORQUE TUBE;Embraer 190;1;EA;AR
5912868-12;TORQUE TUBE;Embraer 190;1;EA;AR
5912868-12;TORQUE TUBE;Embraer 190;1;EA;AR
5912868-12;TORQUE TUBE;Embraer 190;1;EA;AR
5912868-12;TORQUE TUBE;Embraer 190;1;EA;AR
5912868-12;TORQUE TUBE;Embraer 190;1;EA;AR
5912868-12;TORQUE TUBE;Embraer 190;1;EA;AR
5912868-12;TORQUE TUBE;Embraer 190;1;EA;AR
5912868-12;TORQUE TUBE;Embraer 190;1;EA;AR
5912868-13;TORQUE TUBE;Embraer 190;1;EA;AR
5912868-13;TORQUE TUBE;Embraer 190;1;EA;AR
5912868-13;TORQUE TUBE;Embraer 190;1;EA;AR
5912868-13;TORQUE TUBE;Embraer 190;1;EA;AR
5912868-13;TORQUE TUBE;Embraer 190;1;EA;AR
5912868-13;TORQUE TUBE;Embraer 190;1;EA;AR
5912868-13;TORQUE TUBE;Embraer 190;1;EA;AR
5912868-13;TORQUE TUBE;Embraer 190;1;EA;AR
5912868-14;TORQUE TUBE;Embraer 190;1;EA;AR
5912868-14;TORQUE TUBE;Embraer 190;1;EA;AR
5912868-14;TORQUE TUBE;Embraer 190;1;EA;AR
5912868-14;TORQUE TUBE;Embraer 190;1;EA;AR
5912868-15;TORQUE TUBE;Embraer 190;1;EA;AR
5912868-15;TORQUE TUBE;Embraer 190;1;EA;AR
5912868-15;TORQUE TUBE;Embraer 190;1;EA;AR
5912868-15;TORQUE TUBE;Embraer 190;1;EA;AR
5912868-5;TORQUE TUBE;Embraer 190;1;EA;AR
5912868-5;TORQUE TUBE;Embraer 190;1;EA;AR
5912868-5;TORQUE TUBE;Embraer 190;1;EA;AR
5912868-5;TORQUE TUBE;Embraer 190;1;EA;AR
5912868-6;TORQUE TUBE;Embraer 190;1;EA;AR
5912868-6;TORQUE TUBE;Embraer 190;1;EA;AR
5912868-6;TORQUE TUBE;Embraer 190;1;EA;AR
5912868-6;TORQUE TUBE;Embraer 190;1;EA;AR
5912868-7;TORQUE TUBE;Embraer 190;1;EA;AR
5912868-7;TORQUE TUBE;Embraer 190;1;EA;AR
5912868-7;TORQUE TUBE;Embraer 190;1;EA;AR
5912868-7;TORQUE TUBE;Embraer 190;1;EA;AR
5912868-9;TORQUE TUBE;Embraer 190;1;EA;AR
5912868-9;TORQUE TUBE;Embraer 190;1;EA;AR
5912868-9;TORQUE TUBE;Embraer 190;1;EA;AR
5912868-9;TORQUE TUBE;Embraer 190;1;EA;AR
5912869-2;TORQUE TUBE;Embraer 190;1;EA;AR
5912869-2;TORQUE TUBE;Embraer 190;1;EA;AR
5912869-2;TORQUE TUBE;Embraer 190;1;EA;AR
5912869-2;TORQUE TUBE;Embraer 190;1;EA;AR
5912869-2;TORQUE TUBE;Embraer 190;1;EA;AR
5912869-2;TORQUE TUBE;Embraer 190;1;EA;SV
5912869-2;TORQUE TUBE;Embraer 190;1;EA;AR
5912949-3;TORQUE TUBE;Embraer 190;1;EA;SV
5912949-3;TORQUE TUBE;Embraer 190;1;EA;AR
5912949-3;TORQUE TUBE;Embraer 190;1;EA;AR
5912949-3;TORQUE TUBE;Embraer 190;1;EA;AR
5912949-5;TORQUE TUBE;Embraer 190;1;EA;AR
5912949-5;TORQUE TUBE;Embraer 190;1;EA;AR
5912949-5;TORQUE TUBE;Embraer 190;1;EA;AR
5912949-5;TORQUE TUBE;Embraer 190;1;EA;AR
5912949-6;TORQUE TUBE;Embraer 190;1;EA;AR
5912949-6;TORQUE TUBE;Embraer 190;1;EA;AR
5912949-6;TORQUE TUBE;Embraer 190;1;EA;AR
5912949-6;TORQUE TUBE;Embraer 190;1;EA;AR
5912949-7;TORQUE TUBE;Embraer 190;1;EA;AR
5912949-7;TORQUE TUBE;Embraer 190;1;EA;AR
5912949-7;TORQUE TUBE;Embraer 190;1;EA;AR
5912949-7;TORQUE TUBE;Embraer 190;1;EA;AR
5912949-7;TORQUE TUBE;Embraer 190;1;EA;AR
5912949-7;TORQUE TUBE;Embraer 190;1;EA;AR
5912949-7;TORQUE TUBE;Embraer 190;1;EA;AR
5912949-7;TORQUE TUBE;Embraer 190;1;EA;AR
5912949-8;TORQUE TUBE;Embraer 190;1;EA;SV
5912949-8;TORQUE TUBE;Embraer 190;1;EA;AR
5912949-8;TORQUE TUBE;Embraer 190;1;EA;AR
5912949-8;TORQUE TUBE;Embraer 190;1;EA;AR
5913003-1;TORQUE TUBE;Embraer 190;1;EA;AR
5913003-1;TORQUE TUBE;Embraer 190;1;EA;AR
5913003-1;TORQUE TUBE;Embraer 190;1;EA;AR
5913003-1;TORQUE TUBE;Embraer 190;1;EA;AR
5913016-5;POWER SUPPLY MODULE SPDA;Embraer 190;1;EA;SV
5913016-5;POWER SUPPLY MODULE SPDA;Embraer 190;1;EA;SV
5913016-5;POWER SUPPLY MODULE SPDA;Embraer 190;1;EA;AR
5913016-5;POWER SUPPLY MODULE SPDA;Embraer 190;1;EA;AR
5913152-2;AUXILARY INTEGRATED CONTROL CENTER;Embraer 190;1;EA;SV
5913161;RAT MANUAL RELEASE;Embraer 190;1;EA;AR
5913161;RAT MANUAL RELEASE;Embraer 190;1;EA;AR
5913447;RAT RESTOW PUMP;Embraer 190;1;EA;AR
5913447;RAT RESTOW PUMP;Embraer 190;1;EA;AR
5913479;SENSOR-SLAT SKEW E190;Embraer 190;1;EA;AR
5913479;SENSOR-SLAT SKEW E190;Embraer 190;1;EA;AR
5913479;SENSOR-SLAT SKEW E190;Embraer 190;1;EA;AR
5913479;SENSOR-SLAT SKEW E190;Embraer 190;1;EA;AR
5913479;SENSOR-SLAT SKEW E190;Embraer 190;1;EA;AR
5913479;SENSOR-SLAT SKEW E190;Embraer 190;1;EA;AR
5913479;SENSOR-SLAT SKEW E190;Embraer 190;1;EA;AR
5913479;SENSOR-SLAT SKEW E190;Embraer 190;1;EA;AR
5913840;UNIT-FLAP/SLAT PSU POSITION SENSOR UNIT;Embraer 190;1;EA;AR
5914480-2;LEFT INTERGRATED CONTROLL CENTER;Embraer 190;1;EA;AI
5914481-2;RIGHT INTEGRATED CONTROL CENTER;Embraer 190;1;EA;AR
5914482-2;INTGRATED CONTROL CENTER;Embraer 190;1;EA;AR
5930-4-000;IMPACT SWITCH;Embraer 190;1;EA;AR
5930-4-000;IMPACT SWITCH;Embraer 190;1;EA;AR
5930-4-000;IMPACT SWITCH;Embraer 190;1;EA;AR
5U0030;THERMOCOUPLE, OIL TEMP;V2500-A5;1;EA;AR
5U0030;THERMOCOUPLE, OIL TEMP;V2500-A5;1;EA;AR
5XA005032-01;CONTROLLER LIGHTING;A319;1;EA;AR
600SE01;BASE-SNGL POLE CONTACTOR;A319;1;EA;AR
600SE01;BASE-SNGL POLE CONTACTOR;A319;1;EA;AR
600SE01;BASE-SNGL POLE CONTACTOR;A319;1;EA;AR
600SE01;BASE-SNGL POLE CONTACTOR;A319;1;EA;AR
601C0006-009;BRACKET PDO FAN CASE;Embraer 190;2;EA;AR
601C0006-009;BRACKET PDO FAN CASE;Embraer 190;1;EA;AR
601C0031-007;ISOLATION CONTROL UNIT, ICU;Embraer 190;1;EA;AR
601C0031-007;ISOLATION CONTROL UNIT, ICU;Embraer 190;1;EA;AR
601C0031-007;ISOLATION CONTROL UNIT, ICU;Embraer 190;1;EA;AR
601C0031-007;ISOLATION CONTROL UNIT, ICU;Embraer 190;1;EA;AR
601E0100-539;THRUST REVERSER LH ASSY-LH WING;Embraer 190;1;EA;AR
601E0100-540;THRUST REVERSER RH ASSY-LH WING;Embraer 190;1;EA;OH
601E0100-540;THRUST REVERSER RH ASSY-LH WING;Embraer 190;1;EA;AR
601E0100-542;THRUST REVERSER RH ASSY-RH WING;Embraer 190;1;EA;AR
601R120164-2;LEADING EDGE;B737-800;1;EA;AR
602-3375;DYNAMIC MICROPHONE;Embraer 190;1;EA;AR
602-3375;DYNAMIC MICROPHONE;Embraer 190;1;EA;SV
602-3375;DYNAMIC MICROPHONE;Embraer 190;1;EA;AR
602-3375;DYNAMIC MICROPHONE;Embraer 190;1;EA;AR
60-5127-1;POWER SUPPLY;Embraer 190;1;EA;SV
60-5127-1;POWER SUPPLY;Embraer 190;1;EA;AR
60-5127-1;POWER SUPPLY;Embraer 190;1;EA;AR
60-5174-1;POWER SUPPLY, DUAL STROBE;Embraer 190;1;EA;AR
60-5174-1;POWER SUPPLY, DUAL STROBE;Embraer 190;1;EA;AR
60-5174-1;POWER SUPPLY, DUAL STROBE;Embraer 190;1;EA;SV
60592-101;RESERVOIR;A319;1;EA;AR
606515-1;CHECK, VALVE;B777;1;EA;AR
607400-1-1;TEMP SELECTOR;B737;1;EA;SV
607400-1-1;TEMP SELECTOR;B737;1;EA;SV
607518-2;RAM AIR CONTROL;B737;1;EA;AR
607518-2;RAM AIR CONTROL;B737;1;EA;SV
60-75502;HOUSING;;1;EA;AR
60-75502;HOUSING;;1;EA;AR
60-75502;HOUSING;;1;EA;AR
60-755100-5;MOTOR-FUEL BOOST PUMP;B737;1;EA;AR
60-98907;MOTOR IMP. HOUSING;B737-800;1;EA;AR
60-98907;MOTOR IMP. HOUSING;B737-800;1;EA;AR
60-989100-5;FUEL PUMP;B737;1;EA;AR
6100-11;HYD FLUID LEVEL INDICATOR;F50;1;EA;AR
610870-0004;TAPPING UNIT;A319;1;EA;AR
610870-0004;TAPPING UNIT;A319;1;EA;AR
610870-0004;TAPPING UNIT;A319;1;EA;AR
610870-0004;TAPPING UNIT;A319;1;EA;AR
610870-0004;TAPPING UNIT;A319;1;EA;AR
610870-0004;TAPPING UNIT;A319;1;EA;AR
610870-0004;TAPPING UNIT;A319;1;EA;AR
610870-0004;TAPPING UNIT;A319;1;EA;AR
610870-0004;TAPPING UNIT;A319;1;EA;AR
610870-0004;TAPPING UNIT;A319;1;EA;AR
610870-0004;TAPPING UNIT;A319;1;EA;AR
610870-0004;TAPPING UNIT;A319;1;EA;AR
610SE01;BASE CONTACTOR;A319;1;EA;AR
610SE01;BASE CONTACTOR;A319;1;EA;AR
610SE01;BASE CONTACTOR;A319;1;EA;AR
610SE01;BASE CONTACTOR;A319;1;EA;AR
6-1404-0000-4;HYDRAULIC HAND PUMP;A319;1;EA;AR
6-1404-0000-4;HYDRAULIC HAND PUMP;A319;1;EA;AR
6-1404-0102-4;HANDLE-HYDRAULIC PUMP;A321;1;EA;AR
6147-3;FLOW REGULATOR VALVE;B737-800;1;EA;SV
617166-1;SENSOR - RAM AIR;B737-700;1;EA;AR
617166-1;SENSOR - RAM AIR;B737-700;1;EA;AR
620SE01Y1;BASE CONTACTOR;A319;1;EA;AR
622-5130-020;WEATHER RADAR CONTROL PANEL;A321;1;EA;AR
622-5130-802;WX RADAR CONTROL PANEL;B737-800;1;EA;SV
622-5133-007;WXR MOUNT;B737-800;1;EA;SV
622-5133-007;WXR MOUNT;B737-800;1;EA;SV
622-5135-201;ANTENNA DRIVE;F100;1;EA;SV
622-5137-601;ANTENNA PLATE;A319;1;EA;AR
622-5222-020;RECEIVER - ADF;A321;1;EA;AR
622-5222-020;RECEIVER - ADF;A321;1;EA;AR
622-5272-020;HF TRANSCEIVER;BAE146;1;EA;AR
622-5272-020;HF TRANSCEIVER;BAE146;1;EA;AR
622-7878-301;ATC TRANSPONDER;A321;1;EA;AR
622-7878-301;ATC TRANSPONDER;A321;1;EA;AR
622-8971-322;TCAS;A321;1;EA;AR
622-8973-001;TCAS ANTENNA;B737-700;1;EA;OH
622-8973-001;TCAS ANTENNA;B737-700;1;EA;OH
622EN94-6;MICROSWITCH;Embraer 190;1;EA;AR
62364-101;SLIDE COVER, DECORATIVE;A321;1;EA;AR
62364-301;SLIDE COVER, DECORATIVE;A321;1;EA;AR
62364-301;SLIDE COVER, DECORATIVE;A321;1;EA;AR
62364-301;SLIDE COVER, DECORATIVE;A321;1;EA;AR
62369-101;SLIDE COVER, DECORATIVE;A321;1;EA;AR
62369-301;SLIDE COVER, DECORATIVE;A321;1;EA;AR
627570-1;TEMPERATURE SENSOR;B737;1;EA;AR
627570-1;TEMPERATURE SENSOR;B737;1;EA;AR
630CC01Y1;CONTACTOR SINGLE POLE;A319;1;EA;AR
630CC01Y1;CONTACTOR SINGLE POLE;A319;1;EA;AR
630CC01Y1;CONTACTOR SINGLE POLE;A319;1;EA;AR
630CC01Y1;CONTACTOR SINGLE POLE;A319;1;EA;AR
630CC04A1Y00;CONTACTOR;A320;1;EA;AR
630CC04A1Y00;CONTACTOR;A320;1;EA;AR
630CC04A2Y00;CONTACTOR - SINGLE POLE;A319;1;EA;AR
630CC04A2Y00;CONTACTOR - SINGLE POLE;A319;1;EA;AR
6343-16917-2;GEARBOX AND MOTOR ASSY;A321;1;EA;AR
6373-2;HYDRAULIC FLOW REGULATOR;B737-700;1;EA;AR
640CC01Y1;CONTACTOR- SINGLE POLE;A319;1;EA;AR
640CC01Y1;CONTACTOR- SINGLE POLE;A319;1;EA;AR
640CC01Y1;CONTACTOR- SINGLE POLE;A319;1;EA;AR
640CC01Y1;CONTACTOR- SINGLE POLE;A319;1;EA;AR
640CC01Y1;CONTACTOR- SINGLE POLE;A319;1;EA;AR
640CC01Y1;CONTACTOR- SINGLE POLE;A319;1;EA;AR
640CC01Y1;CONTACTOR- SINGLE POLE;A319;1;EA;AR
640CC01Y1;CONTACTOR- SINGLE POLE;A319;1;EA;AR
640CC04A2Y00;CONTACTOR-SINGLE POLE;A320;1;EA;AR
640CC04A2Y00;CONTACTOR-SINGLE POLE;A320;1;EA;AR
64300-210;BOOM SET;A319;1;EA;AR
64300-210;BOOM SET;A319;1;EA;AR
64300-210;BOOM SET;A319;1;EA;AR
645172-2;VACUUM WASTE BLOWER;B737-700;1;EA;OH
64882-206-1;INDICATOR-BRAKE PRESSURE;A319;1;EA;SV
64882-206-1;INDICATOR-BRAKE PRESSURE;A319;1;EA;AR
65-16323-34;WINDOW #3 FIXED;B737-700;1;EA;AI
65-17821-21;MODULAR PACKGE ASSY;B737-700;1;EA;AR
65-17821-21;MODULAR PACKGE ASSY;B737-700;1;EA;SV
65-44681-18;MODULAR ASSEMBLY;B737-800;1;EA;SV
65-44751-2;LOCK ACTUATOR ASSY;B737-700;1;EA;AR
65-44751-2;LOCK ACTUATOR ASSY;B737-700;1;EA;AR
65-44891-8;MODULAR PACKAGE ASSY;B737;1;EA;SV
65-44981-6;GRD SERV MODULAR PACKAGE;B737-700;1;EA;AR
65-44981-6;GRD SERV MODULAR PACKAGE;B737-700;1;EA;OH
655CC01Y1;CONTACTOR - SINGLE POLE;A321;1;EA;AR
655CC01Y1;CONTACTOR - SINGLE POLE;A321;1;EA;AR
65-84209-21;AUTO SPEED BRAKE CONTROL;B737;1;EA;SV
65C25410-7;RUDDER CENTERING UNIT;B737-800;1;EA;AR
65C25465-23;ELEV FEEL & CENTERING UNIT;B737-700;1;EA;SV
65C26864-3;O/B GRD SPOILER ACTUATOR;B737-700;1;EA;OH
65C33409-3;DIMMING RELAY MODULE;;1;EA;AR
664700500A4D;LANDING GEAR CONTROL;A319;1;EA;AR
664700500A4D;LANDING GEAR CONTROL;A319;1;EA;AR
664700500A4D;LANDING GEAR CONTROL;A319;1;EA;SV
67262-001-003;OVEN;A319;1;EA;AI
67262-001-003;OVEN;A319;1;EA;AI
6730B01;FAN AIR VALVE;A319;1;EA;AR
6730B01;FAN AIR VALVE;A319;1;EA;AR
6730B01;FAN AIR VALVE;A319;1;EA;AR
6730B01;FAN AIR VALVE;A319;1;EA;SV
6730F010000;VALVE FAN AIR;A321;1;EA;SV
67321-27-250;SWTCH-TH;B737;1;EA;AR
67321-27-250;SWTCH-TH;B737;1;EA;AR
69-14106-7;NLG HYD TRANSFER CYLINDER;;1;EA;AR
693335;PUMP ELECTRIC;A319;1;EA;AI
69-37317-300;HYD PUMP MODULE(P5-8);B737-700;1;EA;SV
69-55179-78;LIGHT DIMMING MODULE;CFM56-7B;1;EA;AR
69-76435-5;FLOOD/PANEL LIGHTING MODULE;B737-700;1;EA;AR
69-78190-1;VIDEO MONITOR ANNUNCIATOR;B737-800;1;EA;AR
6989405300;WINDSHIELD WIPER;A320;1;EA;AR
6989405400;WINDSHIELD WIPER;A320;1;EA;AR
6A4504;HARNESS, ASSY;V2500-A5;1;EA;AR
6A4716;HARNESS, ASSY;V2500-A5;1;EA;AR
6A5668;HARNESS ASSY;V2500-A5;1;EA;AR
6A5668;HARNESS ASSY;V2500-A5;1;EA;AR
6A5877;HARNESS ASSY;V2500-A5;1;EA;AR
6A5877;HARNESS ASSY;V2500-A5;1;EA;AR
6A7447;HARNESS,ASSY EEC FAN;V2500-A5;1;EA;AR
6A8171;HARNESS, ASSY;V2500-A5;1;EA;AR
6A8171;HARNESS, ASSY;V2500-A5;1;EA;AR
700-2146-001;BOX - JUNCTION;A321;1;EA;AR
700-2200-001;VIDEO DIST UNIT;;1;EA;AR
700-2200-001;VIDEO DIST UNIT;;1;EA;AR
700-2200-001;VIDEO DIST UNIT;;1;EA;AR
700-2200-001;VIDEO DIST UNIT;;1;EA;AR
700-2200-001;VIDEO DIST UNIT;;1;EA;AR
70-0466-1;MULTI-CHANEL DIMMER UNIT;Embraer 190;1;EA;SV
7012-17971-3;VALVE, OUTFLOW;A319;1;EA;AR
70200;VALVE 2-2 WAY MAN. BLEED;;1;EA;AR
70200;VALVE 2-2 WAY MAN. BLEED;;1;EA;AR
70200;VALVE 2-2 WAY MAN. BLEED;;1;EA;AR
7021450-801;WEATHER RADAR;EMB170;1;EA;SV
7021479-4;RADAR FLAT PLATE, 24-INCH;Embraer 190;1;EA;SV
7021479-4;RADAR FLAT PLATE, 24-INCH;Embraer 190;1;EA;AR
7024440-1903;PWR902 POWER MODULE;Embraer 190;1;EA;SV
7024440-1903;PWR902 POWER MODULE;Embraer 190;1;EA;SV
7024440-1903;PWR902 POWER MODULE;Embraer 190;1;EA;AR
7024440-1903;PWR902 POWER MODULE;Embraer 190;1;EA;AR
7024440-1903;PWR902 POWER MODULE;Embraer 190;1;EA;AR
7024440-1903;PWR902 POWER MODULE;Embraer 190;1;EA;AR
7024440-1903;PWR902 POWER MODULE;Embraer 190;1;EA;AR
7024440-1903;PWR902 POWER MODULE;Embraer 190;1;EA;AR
7024440-1903;PWR902 POWER MODULE;Embraer 190;1;EA;AR
7024440-1903;PWR902 POWER MODULE;Embraer 190;1;EA;AR
7024440-1903;PWR902 POWER MODULE;Embraer 190;1;EA;AR
7024440-1903;PWR902 POWER MODULE;Embraer 190;1;EA;AR
7024440-1903;PWR902 POWER MODULE;Embraer 190;1;EA;AR
7024440-1903;PWR902 POWER MODULE;Embraer 190;1;EA;AR
7025050-941;CC800 - CURSOR CONTROL DEVICE;Embraer 190;1;EA;SV
7025050-941;CC800 - CURSOR CONTROL DEVICE;Embraer 190;1;EA;AR
7025050-941;CC800 - CURSOR CONTROL DEVICE;Embraer 190;1;EA;AI
7025050-941;CC800 - CURSOR CONTROL DEVICE;Embraer 190;1;EA;AR
7025365-1901;GENERIC I/O MODULE;Embraer 190;1;EA;AR
7025365-1901;GENERIC I/O MODULE;Embraer 190;1;EA;SV
7025365-1901;GENERIC I/O MODULE;Embraer 190;1;EA;AR
7025365-1901;GENERIC I/O MODULE;Embraer 190;1;EA;AR
7025365-1901;GENERIC I/O MODULE;Embraer 190;1;EA;AR
7025365-1901;GENERIC I/O MODULE;Embraer 190;1;EA;SV
7026201-801;VHF DIGITAL RADIO;Embraer 190;1;EA;SV
7026201-801;VHF DIGITAL RADIO;Embraer 190;1;EA;AR
7026201-801;VHF DIGITAL RADIO;Embraer 190;1;EA;AR
7026201-804;VHF DIGITAL RADIO FOR DATA MODE;Embraer 190;1;EA;SV
7026201-804;VHF DIGITAL RADIO FOR DATA MODE;Embraer 190;1;EA;AR
7026202-802;VIDL MODULE;Embraer 190;1;EA;SV
7026202-802;VIDL MODULE;Embraer 190;1;EA;AR
7026202-802;VIDL MODULE;Embraer 190;1;EA;AR
7026202-802;VIDL MODULE;Embraer 190;1;EA;AR
7026240-901;MMRC;Embraer 190;1;EA;SV
7026240-901;MMRC;Embraer 190;1;EA;AR
7026534-1902;CONTROL I/O MODULE;Embraer 190;1;EA;AR
7026534-1902;CONTROL I/O MODULE;Embraer 190;1;EA;AR
7026534-1902;CONTROL I/O MODULE;Embraer 190;1;EA;AR
7027208-1903;AVIONICS UNIT MODULE;Embraer 190;1;EA;AR
7027208-1903;AVIONICS UNIT MODULE;Embraer 190;1;EA;AR
7027208-1903;AVIONICS UNIT MODULE;Embraer 190;1;EA;AR
7027208-1903;AVIONICS UNIT MODULE;Embraer 190;1;EA;AR
7027208-1903;AVIONICS UNIT MODULE;Embraer 190;1;EA;AR
7027208-1903;AVIONICS UNIT MODULE;Embraer 190;1;EA;AR
7027208-1903;AVIONICS UNIT MODULE;Embraer 190;1;EA;AR
7027208-1903;AVIONICS UNIT MODULE;Embraer 190;1;EA;AR
7027208-1903;AVIONICS UNIT MODULE;Embraer 190;1;EA;AR
7027208-1903;AVIONICS UNIT MODULE;Embraer 190;1;EA;AR
7027208-1903;AVIONICS UNIT MODULE;Embraer 190;1;EA;AR
7027208-1903;AVIONICS UNIT MODULE;Embraer 190;1;EA;AR
7027208-1903;AVIONICS UNIT MODULE;Embraer 190;1;EA;AR
7027208-1903;AVIONICS UNIT MODULE;Embraer 190;1;EA;AR
7027208-1903;AVIONICS UNIT MODULE;Embraer 190;1;EA;AR
7027208-1903;AVIONICS UNIT MODULE;Embraer 190;1;EA;AR
7027208-1903;AVIONICS UNIT MODULE;Embraer 190;1;EA;AR
7027208-1903;AVIONICS UNIT MODULE;Embraer 190;1;EA;AR
7027208-1903;AVIONICS UNIT MODULE;Embraer 190;1;EA;AR
7027208-1903;AVIONICS UNIT MODULE;Embraer 190;1;EA;AR
7027566-902;BUS COUPLER;Embraer 190;1;EA;AR
7028272-1801;MODULE, ELECTRONIC;Embraer 190;1;EA;SV
7028272-1801;MODULE, ELECTRONIC;Embraer 190;1;EA;AR
7028272-1801;MODULE, ELECTRONIC;Embraer 190;1;EA;AR
7028272-1801;MODULE, ELECTRONIC;Embraer 190;1;EA;AR
7028272-1801;MODULE, ELECTRONIC;Embraer 190;1;EA;AR
7028272-1801;MODULE, ELECTRONIC;Embraer 190;1;EA;AR
7028272-1801;MODULE, ELECTRONIC;Embraer 190;1;EA;AR
7028272-1801;MODULE, ELECTRONIC;Embraer 190;1;EA;AR
7028273-822;ACTUATOR CONTROL ELECTRONICS;Embraer 190;1;EA;AR
7028273-822;ACTUATOR CONTROL ELECTRONICS;Embraer 190;1;EA;AR
7028273-822;ACTUATOR CONTROL ELECTRONICS;Embraer 190;1;EA;AR
7028273-822;ACTUATOR CONTROL ELECTRONICS;Embraer 190;1;EA;AR
7028422-1902;CUSTOM I/O MODULE;Embraer 190;1;EA;SV
7028422-1902;CUSTOM I/O MODULE;Embraer 190;1;EA;AR
7028422-1902;CUSTOM I/O MODULE;Embraer 190;1;EA;AR
7028422-1902;CUSTOM I/O MODULE;Embraer 190;1;EA;AR
7028432-1902;PM AIOP MODULE;Embraer 190;1;EA;AR
7028432-1902;PM AIOP MODULE;Embraer 190;1;EA;AR
7028432-1902;PM AIOP MODULE;Embraer 190;1;EA;AR
7028432-1902;PM AIOP MODULE;Embraer 190;1;EA;AR
7028432-1902;PM AIOP MODULE;Embraer 190;1;EA;AR
7028432-1902;PM AIOP MODULE;Embraer 190;1;EA;AR
7028432-1902;PM AIOP MODULE;Embraer 190;1;EA;AR
7028590-901;GUIDANCE PANEL;Embraer 190;1;EA;SV
7029782-1914;MAU CABINET;Embraer 190;1;EA;AR
7029782-1914;MAU CABINET;Embraer 190;1;EA;AR
7029782-1923;CABINET;Embraer 190;1;EA;AR
7029782-1923;CABINET;Embraer 190;1;EA;AR
7029782-1923;CABINET;Embraer 190;1;EA;AR
7029782-1923;CABINET;Embraer 190;1;EA;AR
7031051-903;DATA MANAGEMENT UNIT;Embraer 190;1;EA;SV
7031051-903;DATA MANAGEMENT UNIT;Embraer 190;1;EA;AR
7034055-1901;CMC MODULE;Embraer 190;1;EA;SV
7034055-1901;CMC MODULE;Embraer 190;1;EA;AR
7034057-1902;PM NIC+PROC MODULE WITH CF MEM;Embraer 190;1;EA;SV
7034057-1902;PM NIC+PROC MODULE WITH CF MEM;Embraer 190;1;EA;AR
7034057-1902;PM NIC+PROC MODULE WITH CF MEM;Embraer 190;1;EA;AR
7034057-1902;PM NIC+PROC MODULE WITH CF MEM;Embraer 190;1;EA;AR
7034057-1902;PM NIC+PROC MODULE WITH CF MEM;Embraer 190;1;EA;AR
7034057-1902;PM NIC+PROC MODULE WITH CF MEM;Embraer 190;1;EA;AR
7034057-1902;PM NIC+PROC MODULE WITH CF MEM;Embraer 190;1;EA;AR
7034057-1902;PM NIC+PROC MODULE WITH CF MEM;Embraer 190;1;EA;AR
7034057-1902;PM NIC+PROC MODULE WITH CF MEM;Embraer 190;1;EA;AR
7034057-1902;PM NIC+PROC MODULE WITH CF MEM;Embraer 190;1;EA;AR
7034057-1902;PM NIC+PROC MODULE WITH CF MEM;Embraer 190;1;EA;AR
7034057-1902;PM NIC+PROC MODULE WITH CF MEM;Embraer 190;1;EA;AR
7036340-803;DISPLAY UNIT;Embraer 190;1;EA;SV
7037620-813;DISPLAY UNIT;Embraer 190;1;EA;SV
7037620-813;DISPLAY UNIT;Embraer 190;1;EA;SV
7037620-813;DISPLAY UNIT;Embraer 190;1;EA;AR
7037620-813;DISPLAY UNIT;Embraer 190;1;EA;AR
7037620-813;DISPLAY UNIT;Embraer 190;1;EA;AR
7037620-813;DISPLAY UNIT;Embraer 190;1;EA;AR
7037620-813;DISPLAY UNIT;Embraer 190;1;EA;AR
7037620-813;DISPLAY UNIT;Embraer 190;1;EA;AR
70400;AIR RELIEF VALVE;A319;1;EA;AR
70400;AIR RELIEF VALVE;A319;1;EA;AR
70400;AIR RELIEF VALVE;A319;1;EA;AR
70400;AIR RELIEF VALVE;A319;1;EA;AR
70400;AIR RELIEF VALVE;A319;1;EA;AR
70400;AIR RELIEF VALVE;A319;1;EA;AR
70400;AIR RELIEF VALVE;A319;1;EA;AR
71404-1;DUAL BRAKE METERING VALVE;B737-700;1;EA;AR
71404-1;DUAL BRAKE METERING VALVE;B737-700;1;EA;SV
716TS06Y;TRANSMITTER UNIT;A319;1;EA;SV
720710-00-04-06;STEAM OVEN;;1;EA;AR
720737-6;CABIN PRESSURE RELIEF VALVE;B737-800;1;EA;SV
720737-6;CABIN PRESSURE RELIEF VALVE;B737-800;1;EA;SV
7304-01-02;FIRE DETECTION UNIT;A319;1;EA;AR
7304-01-02;FIRE DETECTION UNIT;A319;1;EA;AR
7304-01-02;FIRE DETECTION UNIT;A319;1;EA;AR
7304-01-02;FIRE DETECTION UNIT;A319;1;EA;AR
733A0000-01;VALVE;A320;1;EA;AR
736A0000-02;DUCT TEMP SENSOR;A319;1;EA;AR
736A0000-02;DUCT TEMP SENSOR;A319;1;EA;AR
73984300;IDG OIL TEMP T/C;A319;1;EA;AR
740-0235-543;CASCADE;A319;1;EA;AR
740120C;GENERATOR CONTROL UNIT;A319;1;EA;AR
740120C;GENERATOR CONTROL UNIT;A319;1;EA;AR
740120C;GENERATOR CONTROL UNIT;A319;1;EA;AR
740120C;GENERATOR CONTROL UNIT;A319;1;EA;AR
740120C;GENERATOR CONTROL UNIT;A319;1;EA;AR
740120C;GENERATOR CONTROL UNIT;A319;1;EA;SV
740-5966-525;HARNESS, GENERAL SVS;V2500-A5;1;EA;AR
740-5966-525;HARNESS, GENERAL SVS;V2500-A5;1;EA;AR
74-20;FIRE EXT PORTABLE;A319;1;EA;AR
74-20;FIRE EXT PORTABLE;A319;1;EA;AR
74-20;FIRE EXT PORTABLE;A319;1;EA;AR
74-20;FIRE EXT PORTABLE;A319;1;EA;AR
74-20;FIRE EXT PORTABLE;A319;1;EA;AR
74-20;FIRE EXT PORTABLE;A319;1;EA;AR
74-20;FIRE EXT PORTABLE;A319;1;EA;AR
74-20;FIRE EXT PORTABLE;A319;1;EA;AR
74-20;FIRE EXT PORTABLE;A319;1;EA;AR
743-0301-002;AUDIO MULTIPLEXER;B737-800;1;EA;AR
745-1101-505;COMMON NOZZLE ASSY;A319;1;EA;OH
745-4000-501;ENGINE FAN COWL - L/H;A319;1;EA;OH
745-4000-501;ENGINE FAN COWL - L/H;A319;1;EA;AI
745-5862-503;HARNESS;V2500-A5;1;EA;AR
745-5862-901;HARNESS, FIRE DETECT (SYS B);V2500-A5;1;EA;AR
745-5870-503;HARNESS;V2500-A5;1;EA;SV
745-5870-503;HARNESS;V2500-A5;1;EA;AR
746923E;ELECT GEN INTERFACE;A319;1;EA;AR
746923E;ELECT GEN INTERFACE;A319;1;EA;AR
746923E;ELECT GEN INTERFACE;A319;1;EA;AR
747A0000-03;WATER EXTRACTOR;A319;1;EA;AR
747A0000-03;WATER EXTRACTOR;A319;1;EA;AR
747A0000-03;WATER EXTRACTOR;A319;1;EA;AR
747C0000-01;EXTRACTOR - WATER;A321;1;EA;AR
748A0000-08;VALVE, ANTI-ICING;A319;1;EA;AR
748A0000-08;VALVE, ANTI-ICING;A319;1;EA;AR
748A0000-08;VALVE, ANTI-ICING;A319;1;EA;AR
748A0000-08;VALVE, ANTI-ICING;A319;1;EA;SV
748B0000-01;VALVE-ANTI ICING;A321;1;EA;AR
748B0000-01;VALVE-ANTI ICING;A321;1;EA;AR
750A0000-02;VALVE-TRIM AIR;A321;1;EA;AR
7510114-855;ADF MODULE;Embraer 190;1;EA;SV
7510114-855;ADF MODULE;Embraer 190;1;EA;AR
7510184-855;DME MODULE;Embraer 190;1;EA;AR
7510184-855;DME MODULE;Embraer 190;1;EA;AR
7511900-92502;AUDIO CONTROL UNIT;Embraer 190;1;EA;SV
7511900-92703;DIGITAL AUDIO PANEL - AV900;Embraer 190;1;EA;AR
7511900-92703;DIGITAL AUDIO PANEL - AV900;Embraer 190;1;EA;AR
7511900-92703;DIGITAL AUDIO PANEL - AV900;Embraer 190;1;EA;SV
7511900-92703;DIGITAL AUDIO PANEL - AV900;Embraer 190;1;EA;SV
7517400-950;TRANSPONDER MODULE;;1;EA;AR
7517400-950;TRANSPONDER MODULE;;1;EA;SV
7517401-960;MODE S TRANSPONDER;Embraer 190;1;EA;SV
7517401-960;MODE S TRANSPONDER;Embraer 190;1;EA;AR
7517900-55020;COMPUTER RT-951 TCAS 2000;A320;1;EA;AR
7517959-902;MRC CABINET INCL FANS;Embraer 190;1;EA;AR
7517959-902;MRC CABINET INCL FANS;Embraer 190;1;EA;AR
7517959-902;MRC CABINET INCL FANS;Embraer 190;1;EA;AR
7517959-902;MRC CABINET INCL FANS;Embraer 190;1;EA;AR
7517964-917;NETWORK INTERFACE MODULE;Embraer 190;1;EA;SV
7517964-917;NETWORK INTERFACE MODULE;Embraer 190;1;EA;AR
7517964-917;NETWORK INTERFACE MODULE;Embraer 190;1;EA;AR
7519272-901;ACFT PERSONALITY MODULE;Embraer 190;1;EA;SV
7519272-901;ACFT PERSONALITY MODULE;Embraer 190;1;EA;AR
7519272-901;ACFT PERSONALITY MODULE;Embraer 190;1;EA;AR
7519272-901;ACFT PERSONALITY MODULE;Embraer 190;1;EA;AR
7551901;FILTER;B767;1;EA;AR
7552355;FILTER ASSY, HYDRAULIC UTILITY;B737-700;1;EA;SV
756A0000-04;CONDENSER;A321;1;EA;AR
7579078;HYDRAULIC LINE FILTER;CFM56-7B;1;EA;AR
7579078;HYDRAULIC LINE FILTER;CFM56-7B;1;EA;AR
7579078;HYDRAULIC LINE FILTER;CFM56-7B;1;EA;AR
758A0000-02;VALVE BYPASS;A319;1;EA;SV
758A0000-02;VALVE BYPASS;A319;1;EA;AR
759C0000-02;PACK CONTROLLER;A321;1;EA;SV
759D0000-02;CONTROLLER PACK;A319;1;EA;SV
761A0000-04;AIR INLET FLAP ACT;A319;1;EA;SV
761B0000-01;AIR INLET ACTUATOR;A319;1;EA;SV
761B0000-01;AIR INLET ACTUATOR;A319;1;EA;SV
762308B;RAT-RAM AIR TURBINE;A321;1;EA;AR
763A0000-03;SENSOR-TEMPERATURE;A320;1;EA;SV
763A0000-03;SENSOR-TEMPERATURE;A320;1;EA;AR
763A0000-03;SENSOR-TEMPERATURE;A320;1;EA;AR
763A0000-03;SENSOR-TEMPERATURE;A320;1;EA;AR
763A0000-03;SENSOR-TEMPERATURE;A320;1;EA;AR
764B0000-01;SENSOR;A320;1;EA;AR
764B0000-01;SENSOR;A320;1;EA;AR
766A0000-01;SENSOR, TEMP. PNEUMATIC;A319;1;EA;AR
766A0000-01;SENSOR, TEMP. PNEUMATIC;A319;1;EA;AR
766A0000-01;SENSOR, TEMP. PNEUMATIC;A319;1;EA;AR
766A0000-01;SENSOR, TEMP. PNEUMATIC;A319;1;EA;AR
766A0000-01;SENSOR, TEMP. PNEUMATIC;A319;1;EA;AR
766A0000-01;SENSOR, TEMP. PNEUMATIC;A319;1;EA;AR
767A0000-04;TEMP SENSOR;A319;1;EA;AR
767A0000-04;TEMP SENSOR;A319;1;EA;AR
769B0000-01;DOWN STRAEM CHK VALVE;A319;1;EA;AR
769B0000-01;DOWN STRAEM CHK VALVE;A319;1;EA;AR
772A0000-02;SENSOR-TEMPERTURE FOR A320;A321;1;EA;AR
773A0000-01;TEMPERATURE SENSOR;A319;1;EA;AR
773A0000-01;TEMPERATURE SENSOR;A319;1;EA;AR
775C0000-04;CONTROLLER - ZONE;A321;1;EA;AR
775D0000-01;ZONE TEMP CONTROLLER;A319;1;EA;AR
775D0000-01;ZONE TEMP CONTROLLER;A319;1;EA;AR
778A0200-03;PIPE ASSY;A319;1;EA;AR
778A0200-03;PIPE ASSY;A319;1;EA;AR
778A0200-03;PIPE ASSY;A319;1;EA;AR
785-002-61;BMC;A319;1;EA;AR
785-002-61;BMC;A319;1;EA;AR
785-002-7;BLEED MONITORING COMPUTER;A319;1;EA;SV
786A0000-12;FLP/SLT PWR CONTROL UNIT;A319;1;EA;SV
788A0000-02;RIGHT ANGLE GEARBOX;A319;1;EA;AR
788A0000-02;RIGHT ANGLE GEARBOX;A319;1;EA;AR
788A0000-02;RIGHT ANGLE GEARBOX;A319;1;EA;AR
788A0000-02;RIGHT ANGLE GEARBOX;A319;1;EA;AR
788A0000-02;RIGHT ANGLE GEARBOX;A319;1;EA;AR
789830-1;EPR TRANSMITTER;B757;1;EA;AR
789830-1;EPR TRANSMITTER;B757;1;EA;SV
789A0000-02;FLAP LINE GEARBOX;A319;1;EA;AR
789A0000-02;FLAP LINE GEARBOX;A319;1;EA;AR
789A0000-02;FLAP LINE GEARBOX;A319;1;EA;AR
789A0000-02;FLAP LINE GEARBOX;A319;1;EA;AR
789A0000-02;FLAP LINE GEARBOX;A319;1;EA;AR
789A0000-02;FLAP LINE GEARBOX;A319;1;EA;AR
790A0000-02;FLAP BEVEL GEARBOX;A319;1;EA;AR
790A0000-02;FLAP BEVEL GEARBOX;A319;1;EA;AR
791A0000-06;FLAP ACTUATOR;A320;1;EA;SV
791A0000-06;FLAP ACTUATOR;A320;1;EA;AI
791C0000-01;ACTUATOR FLAP 1;A319;1;EA;AR
792-6140-001;HF COUPLER UNIT;F50;1;EA;AR
792-6140-001;HF COUPLER UNIT;F50;1;EA;AR
792-6140-001;HF COUPLER UNIT;F50;1;EA;SV
792A0000-07;FLAP ACTUATOR;A319;1;EA;AR
792A0000-07;FLAP ACTUATOR;A319;1;EA;AR
793C0000-01;ACTUATOR FLAP;A320;1;EA;AR
793C0000-01;ACTUATOR FLAP;A320;1;EA;AR
795040-31-003;DATA MANAGEMENT UNIT;A321;1;EA;AR
796050-1;FUEL DISTRIBUTION VALVE;V2500-A5;1;EA;SV
796050-1;FUEL DISTRIBUTION VALVE;V2500-A5;1;EA;AR
800-008577-1;PLACARD;Embraer 190;1;EA;AR
800-008577-1;PLACARD;Embraer 190;1;EA;AR
800-008577-1;PLACARD;Embraer 190;1;EA;AR
800-008577-1;PLACARD;Embraer 190;1;EA;AR
8000283Y00;LIGHT TAKE OFF;A320;1;EA;SV
80-003-06;CARD-MAU PROXIMITY SENSOR ELECTRONIC MODULE (MAU 1;Embraer 190;1;EA;SV
80-003-06;CARD-MAU PROXIMITY SENSOR ELECTRONIC MODULE (MAU 1;Embraer 190;1;EA;AR
80-003-06;CARD-MAU PROXIMITY SENSOR ELECTRONIC MODULE (MAU 1;Embraer 190;1;EA;AR
80-003-06;CARD-MAU PROXIMITY SENSOR ELECTRONIC MODULE (MAU 1;Embraer 190;1;EA;AR
80-019-01;SENSOR, PROXIMITY;Embraer 190;1;EA;AR
80-019-01;SENSOR, PROXIMITY;Embraer 190;1;EA;AR
80-019-01;SENSOR, PROXIMITY;Embraer 190;1;EA;AR
80-019-01;SENSOR, PROXIMITY;Embraer 190;1;EA;AR
80-019-01;SENSOR, PROXIMITY;Embraer 190;1;EA;AR
80-019-01;SENSOR, PROXIMITY;Embraer 190;1;EA;AR
80-019-01;SENSOR, PROXIMITY;Embraer 190;1;EA;AR
80-019-01;SENSOR, PROXIMITY;Embraer 190;1;EA;AR
80-019-01;SENSOR, PROXIMITY;Embraer 190;1;EA;AR
80-019-01;SENSOR, PROXIMITY;Embraer 190;1;EA;AR
80-019-01;SENSOR, PROXIMITY;Embraer 190;1;EA;SV
80-019-01;SENSOR, PROXIMITY;Embraer 190;1;EA;AR
80-019-01;SENSOR, PROXIMITY;Embraer 190;1;EA;AR
80-019-01;SENSOR, PROXIMITY;Embraer 190;1;EA;AR
80-019-01;SENSOR, PROXIMITY;Embraer 190;1;EA;AR
80-019-01;SENSOR, PROXIMITY;Embraer 190;1;EA;AR
80-019-01;SENSOR, PROXIMITY;Embraer 190;1;EA;AR
80-019-01;SENSOR, PROXIMITY;Embraer 190;1;EA;AR
80-019-01;SENSOR, PROXIMITY;Embraer 190;1;EA;AR
800A0000-03;ACTUATOR;A319;1;EA;AR
801A0300-01;FLAP TRANSMS SHAFT;A319;1;EA;AR
801A0300-01;FLAP TRANSMS SHAFT;A319;1;EA;AR
801A0300-01;FLAP TRANSMS SHAFT;A319;1;EA;AR
801A0300-01;FLAP TRANSMS SHAFT;A319;1;EA;AR
801A0800-01;FLAP TRANSMS SHAFT;A319;1;EA;AR
801A0800-01;FLAP TRANSMS SHAFT;A319;1;EA;AR
801A0800-01;FLAP TRANSMS SHAFT;A319;1;EA;AR
801A0800-01;FLAP TRANSMS SHAFT;A319;1;EA;AR
801A0800-01;FLAP TRANSMS SHAFT;A319;1;EA;AR
801A1500-01;FLAP TRANSMS SHAFT;A319;1;EA;AR
801A1500-01;FLAP TRANSMS SHAFT;A319;1;EA;AR
801A2200-01;SHAFT ASSY, CONNECTION;A319;1;EA;AR
801A2200-01;SHAFT ASSY, CONNECTION;A319;1;EA;AR
801A2200-01;SHAFT ASSY, CONNECTION;A319;1;EA;AR
801A2200-01;SHAFT ASSY, CONNECTION;A319;1;EA;AR
801A2200-01;SHAFT ASSY, CONNECTION;A319;1;EA;AR
801A2200-01;SHAFT ASSY, CONNECTION;A319;1;EA;AR
801A3100-01;JOINT, SHAFT UNIVERSAL;A319;1;EA;AR
801A3100-01;JOINT, SHAFT UNIVERSAL;A319;1;EA;AR
801A3100-01;JOINT, SHAFT UNIVERSAL;A319;1;EA;AR
801A3100-01;JOINT, SHAFT UNIVERSAL;A319;1;EA;AR
801A3100-01;JOINT, SHAFT UNIVERSAL;A319;1;EA;AR
801A3100-01;JOINT, SHAFT UNIVERSAL;A319;1;EA;AR
801A3100-01;JOINT, SHAFT UNIVERSAL;A319;1;EA;AR
801A3100-01;JOINT, SHAFT UNIVERSAL;A319;1;EA;AR
801A3100-01;JOINT, SHAFT UNIVERSAL;A319;1;EA;AR
801A3100-01;JOINT, SHAFT UNIVERSAL;A319;1;EA;AR
801A3100-01;JOINT, SHAFT UNIVERSAL;A319;1;EA;AR
801A3100-01;JOINT, SHAFT UNIVERSAL;A319;1;EA;AR
801A3100-01;JOINT, SHAFT UNIVERSAL;A319;1;EA;AR
801A3100-01;JOINT, SHAFT UNIVERSAL;A319;1;EA;AR
801A3100-01;JOINT, SHAFT UNIVERSAL;A319;1;EA;AR
801A3100-01;JOINT, SHAFT UNIVERSAL;A319;1;EA;AR
801A3100-01;JOINT, SHAFT UNIVERSAL;A319;1;EA;AR
801A3100-01;JOINT, SHAFT UNIVERSAL;A319;1;EA;AR
801A3100-01;JOINT, SHAFT UNIVERSAL;A319;1;EA;AR
801A3100-01;JOINT, SHAFT UNIVERSAL;A319;1;EA;AR
801A3100-01;JOINT, SHAFT UNIVERSAL;A319;1;EA;AR
801A3100-01;JOINT, SHAFT UNIVERSAL;A319;1;EA;AR
801A3100-01;JOINT, SHAFT UNIVERSAL;A319;1;EA;AR
801A3100-01;JOINT, SHAFT UNIVERSAL;A319;1;EA;AR
801A3100-01;JOINT, SHAFT UNIVERSAL;A319;1;EA;AR
801A3100-01;JOINT, SHAFT UNIVERSAL;A319;1;EA;AR
801A3100-01;JOINT, SHAFT UNIVERSAL;A319;1;EA;AR
801A3100-01;JOINT, SHAFT UNIVERSAL;A319;1;EA;AR
801A3100-01;JOINT, SHAFT UNIVERSAL;A319;1;EA;AR
801A3100-01;JOINT, SHAFT UNIVERSAL;A319;1;EA;AR
801A3100-01;JOINT, SHAFT UNIVERSAL;A319;1;EA;AR
801A3100-01;JOINT, SHAFT UNIVERSAL;A319;1;EA;AR
801A3100-01;JOINT, SHAFT UNIVERSAL;A319;1;EA;AR
801A3100-01;JOINT, SHAFT UNIVERSAL;A319;1;EA;AR
801A3100-01;JOINT, SHAFT UNIVERSAL;A319;1;EA;AR
801A3100-01;JOINT, SHAFT UNIVERSAL;A319;1;EA;AR
801A3100-01;JOINT, SHAFT UNIVERSAL;A319;1;EA;AR
801A3100-01;JOINT, SHAFT UNIVERSAL;A319;1;EA;AR
801A3100-01;JOINT, SHAFT UNIVERSAL;A319;1;EA;AR
801A3100-01;JOINT, SHAFT UNIVERSAL;A319;1;EA;AR
801A3100-01;JOINT, SHAFT UNIVERSAL;A319;1;EA;AR
801A3100-01;JOINT, SHAFT UNIVERSAL;A319;1;EA;AR
801A3100-01;JOINT, SHAFT UNIVERSAL;A319;1;EA;AR
801A3100-01;JOINT, SHAFT UNIVERSAL;A319;1;EA;AR
801A3100-01;JOINT, SHAFT UNIVERSAL;A319;1;EA;AR
801A3100-01;JOINT, SHAFT UNIVERSAL;A319;1;EA;AR
801A3100-01;JOINT, SHAFT UNIVERSAL;A319;1;EA;AR
801A3100-01;JOINT, SHAFT UNIVERSAL;A319;1;EA;AR
801A3100-01;JOINT, SHAFT UNIVERSAL;A319;1;EA;AR
801A3100-01;JOINT, SHAFT UNIVERSAL;A319;1;EA;AR
801A3100-01;JOINT, SHAFT UNIVERSAL;A319;1;EA;AR
801A3100-01;JOINT, SHAFT UNIVERSAL;A319;1;EA;AR
801A3100-01;JOINT, SHAFT UNIVERSAL;A319;1;EA;AR
801A3100-01;JOINT, SHAFT UNIVERSAL;A319;1;EA;AR
801A3100-01;JOINT, SHAFT UNIVERSAL;A319;1;EA;AR
801A3100-01;JOINT, SHAFT UNIVERSAL;A319;1;EA;AR
801A3100-01;JOINT, SHAFT UNIVERSAL;A319;1;EA;AR
801A3100-01;JOINT, SHAFT UNIVERSAL;A319;1;EA;AR
801A3100-01;JOINT, SHAFT UNIVERSAL;A319;1;EA;AR
801A3100-01;JOINT, SHAFT UNIVERSAL;A319;1;EA;AR
801A3100-01;JOINT, SHAFT UNIVERSAL;A319;1;EA;AR
801A3100-01;JOINT, SHAFT UNIVERSAL;A319;1;EA;AR
801A3100-01;JOINT, SHAFT UNIVERSAL;A319;1;EA;AR
801A3100-01;JOINT, SHAFT UNIVERSAL;A319;1;EA;AR
801A3100-01;JOINT, SHAFT UNIVERSAL;A319;1;EA;AR
801A3100-01;JOINT, SHAFT UNIVERSAL;A319;1;EA;AR
801A3100-01;JOINT, SHAFT UNIVERSAL;A319;1;EA;AR
801A3100-01;JOINT, SHAFT UNIVERSAL;A319;1;EA;AR
801A3100-01;JOINT, SHAFT UNIVERSAL;A319;1;EA;AR
801A3300-01;JOINT, SHAFT UNIVERSAL;A319;1;EA;AR
801A3300-01;JOINT, SHAFT UNIVERSAL;A319;1;EA;AR
801A3300-01;JOINT, SHAFT UNIVERSAL;A319;1;EA;AR
801A3300-01;JOINT, SHAFT UNIVERSAL;A319;1;EA;AR
801A3300-01;JOINT, SHAFT UNIVERSAL;A319;1;EA;AR
801A3300-01;JOINT, SHAFT UNIVERSAL;A319;1;EA;AR
801A3300-01;JOINT, SHAFT UNIVERSAL;A319;1;EA;AR
801A3300-01;JOINT, SHAFT UNIVERSAL;A319;1;EA;AR
801A3300-01;JOINT, SHAFT UNIVERSAL;A319;1;EA;AR
801A3300-01;JOINT, SHAFT UNIVERSAL;A319;1;EA;AR
801A3300-01;JOINT, SHAFT UNIVERSAL;A319;1;EA;AR
801A3300-01;JOINT, SHAFT UNIVERSAL;A319;1;EA;AR
801A3300-01;JOINT, SHAFT UNIVERSAL;A319;1;EA;AR
801A3300-01;JOINT, SHAFT UNIVERSAL;A319;1;EA;AR
801A3300-01;JOINT, SHAFT UNIVERSAL;A319;1;EA;AR
801A3300-01;JOINT, SHAFT UNIVERSAL;A319;1;EA;AR
801A3300-01;JOINT, SHAFT UNIVERSAL;A319;1;EA;AR
801A3300-01;JOINT, SHAFT UNIVERSAL;A319;1;EA;AR
801A3300-01;JOINT, SHAFT UNIVERSAL;A319;1;EA;AR
801A3300-01;JOINT, SHAFT UNIVERSAL;A319;1;EA;AR
801A3300-01;JOINT, SHAFT UNIVERSAL;A319;1;EA;AR
801A3300-01;JOINT, SHAFT UNIVERSAL;A319;1;EA;AR
801A3300-01;JOINT, SHAFT UNIVERSAL;A319;1;EA;AR
801A3300-01;JOINT, SHAFT UNIVERSAL;A319;1;EA;AR
801A3300-01;JOINT, SHAFT UNIVERSAL;A319;1;EA;AR
801A3300-01;JOINT, SHAFT UNIVERSAL;A319;1;EA;AR
801A3300-01;JOINT, SHAFT UNIVERSAL;A319;1;EA;AR
801A3300-01;JOINT, SHAFT UNIVERSAL;A319;1;EA;AR
801A3300-01;JOINT, SHAFT UNIVERSAL;A319;1;EA;AR
801A3300-01;JOINT, SHAFT UNIVERSAL;A319;1;EA;AR
801A3300-01;JOINT, SHAFT UNIVERSAL;A319;1;EA;AR
801A3300-01;JOINT, SHAFT UNIVERSAL;A319;1;EA;AR
801A3500-01;JOINT ASSY, SLAT DRIVE;A319;1;EA;AR
801A3500-01;JOINT ASSY, SLAT DRIVE;A319;1;EA;AR
801A3500-01;JOINT ASSY, SLAT DRIVE;A319;1;EA;AR
801A3500-01;JOINT ASSY, SLAT DRIVE;A319;1;EA;AR
801A3500-01;JOINT ASSY, SLAT DRIVE;A319;1;EA;SV
801A4000-01;SHAFT ASSY;A319;1;EA;AR
801A4000-01;SHAFT ASSY;A319;1;EA;AR
801A4000-01;SHAFT ASSY;A319;1;EA;AR
801A4000-01;SHAFT ASSY;A319;1;EA;AR
801A4000-01;SHAFT ASSY;A319;1;EA;AR
801B0400-01;FLAP TRANSMS SHAFT;A319;1;EA;AR
801B0400-01;FLAP TRANSMS SHAFT;A319;1;EA;AR
801B0400-01;FLAP TRANSMS SHAFT;A319;1;EA;AR
801B0400-01;FLAP TRANSMS SHAFT;A319;1;EA;AR
801B0400-01;FLAP TRANSMS SHAFT;A319;1;EA;AR
801B0400-01;FLAP TRANSMS SHAFT;A319;1;EA;AR
801B0500-01;FLAP TRANSMS SHAFT;A319;1;EA;AR
801B0500-01;FLAP TRANSMS SHAFT;A319;1;EA;AR
801B0500-01;FLAP TRANSMS SHAFT;A319;1;EA;AR
801B0500-01;FLAP TRANSMS SHAFT;A319;1;EA;AR
801B0500-01;FLAP TRANSMS SHAFT;A319;1;EA;AR
801B0500-01;FLAP TRANSMS SHAFT;A319;1;EA;AR
801B0600-01;FLAP TRANSMS SHAFT;A319;1;EA;AR
801B0600-01;FLAP TRANSMS SHAFT;A319;1;EA;AR
801B0600-01;FLAP TRANSMS SHAFT;A319;1;EA;AR
801B0600-01;FLAP TRANSMS SHAFT;A319;1;EA;AR
801B0600-01;FLAP TRANSMS SHAFT;A319;1;EA;AR
801B0600-01;FLAP TRANSMS SHAFT;A319;1;EA;AR
801B0700-01;FLAP TRANSMS SHAFT;A319;1;EA;AR
801B0700-01;FLAP TRANSMS SHAFT;A319;1;EA;AR
801B0700-01;FLAP TRANSMS SHAFT;A319;1;EA;AR
801B0700-01;FLAP TRANSMS SHAFT;A319;1;EA;AR
801B0700-01;FLAP TRANSMS SHAFT;A319;1;EA;AR
801B1200-01;FLAP TRANSMS SHAFT;A319;1;EA;AR
801B1200-01;FLAP TRANSMS SHAFT;A319;1;EA;AR
801B1200-01;FLAP TRANSMS SHAFT;A319;1;EA;AR
801B1200-01;FLAP TRANSMS SHAFT;A319;1;EA;AR
801B1200-01;FLAP TRANSMS SHAFT;A319;1;EA;AR
801B1200-01;FLAP TRANSMS SHAFT;A319;1;EA;AR
801B1300-01;FLAP TRANSMS SHAFT;A319;1;EA;AR
801B1300-01;FLAP TRANSMS SHAFT;A319;1;EA;AR
801B1300-01;FLAP TRANSMS SHAFT;A319;1;EA;AR
801B1300-01;FLAP TRANSMS SHAFT;A319;1;EA;AR
801B1300-01;FLAP TRANSMS SHAFT;A319;1;EA;AR
801B1300-01;FLAP TRANSMS SHAFT;A319;1;EA;AR
801B1400-01;FLAP TRANSMS SHAFT;A319;1;EA;AR
801B1400-01;FLAP TRANSMS SHAFT;A319;1;EA;AR
801B1400-01;FLAP TRANSMS SHAFT;A319;1;EA;AR
801B1600-01;FLAP TRANSMS SHAFT;A319;1;EA;AR
801B1600-01;FLAP TRANSMS SHAFT;A319;1;EA;AR
801B1600-01;FLAP TRANSMS SHAFT;A319;1;EA;AR
801B1600-01;FLAP TRANSMS SHAFT;A319;1;EA;AR
801B1600-01;FLAP TRANSMS SHAFT;A319;1;EA;AR
801B1600-01;FLAP TRANSMS SHAFT;A319;1;EA;AR
801B2900-01;SHAFT-DRIVE;A319;1;EA;AR
801B2900-01;SHAFT-DRIVE;A319;1;EA;AR
801B2900-01;SHAFT-DRIVE;A319;1;EA;AR
801B2900-01;SHAFT-DRIVE;A319;1;EA;AR
801B2900-01;SHAFT-DRIVE;A319;1;EA;AR
801B4400-01;FLAP TRANSMS SHAFT;A319;1;EA;AR
801B4400-01;FLAP TRANSMS SHAFT;A319;1;EA;AR
801B4400-01;FLAP TRANSMS SHAFT;A319;1;EA;AR
801B4400-01;FLAP TRANSMS SHAFT;A319;1;EA;AR
801B4400-01;FLAP TRANSMS SHAFT;A319;1;EA;AR
801B4500-01;JOINT ASSY-UNIVERSAL;A319;1;EA;AR
801B4500-01;JOINT ASSY-UNIVERSAL;A319;1;EA;AR
801B4500-01;JOINT ASSY-UNIVERSAL;A319;1;EA;AR
801B4500-01;JOINT ASSY-UNIVERSAL;A319;1;EA;AR
801B4500-01;JOINT ASSY-UNIVERSAL;A319;1;EA;AR
801B4500-01;JOINT ASSY-UNIVERSAL;A319;1;EA;AR
801B4500-01;JOINT ASSY-UNIVERSAL;A319;1;EA;AR
801B4500-01;JOINT ASSY-UNIVERSAL;A319;1;EA;AR
801B4500-01;JOINT ASSY-UNIVERSAL;A319;1;EA;AR
801B4500-01;JOINT ASSY-UNIVERSAL;A319;1;EA;AR
801B4600-02;FLAP TRANSMS SHAFT;A319;1;EA;AR
801B4600-02;FLAP TRANSMS SHAFT;A319;1;EA;AR
801B4600-02;FLAP TRANSMS SHAFT;A319;1;EA;AR
801B4600-02;FLAP TRANSMS SHAFT;A319;1;EA;AR
801B4600-02;FLAP TRANSMS SHAFT;A319;1;EA;AR
801B4700-01;FLAP TRANSMS SHAFT;A319;1;EA;AR
801B4700-01;FLAP TRANSMS SHAFT;A319;1;EA;AR
801B4700-01;FLAP TRANSMS SHAFT;A319;1;EA;AR
801B4700-01;FLAP TRANSMS SHAFT;A319;1;EA;AR
801C1400-01;K0377 LUCAS LIEBHERR SHAFT AND JOINT ASSY;A320;1;EA;AR
801C1400-01;K0377 LUCAS LIEBHERR SHAFT AND JOINT ASSY;A320;1;EA;AR
801C1700-02;FLAP STEADY BEARING;A319;1;EA;AR
801C1700-02;FLAP STEADY BEARING;A319;1;EA;AR
801C1700-02;FLAP STEADY BEARING;A319;1;EA;AR
801C1700-02;FLAP STEADY BEARING;A319;1;EA;AR
801C1700-02;FLAP STEADY BEARING;A319;1;EA;AR
801C1700-02;FLAP STEADY BEARING;A319;1;EA;AR
801C1700-02;FLAP STEADY BEARING;A319;1;EA;AR
801C1700-02;FLAP STEADY BEARING;A319;1;EA;AR
801C1700-02;FLAP STEADY BEARING;A319;1;EA;AR
801C1700-02;FLAP STEADY BEARING;A319;1;EA;AR
801C1700-02;FLAP STEADY BEARING;A319;1;EA;AR
801C1700-02;FLAP STEADY BEARING;A319;1;EA;AR
801C1700-02;FLAP STEADY BEARING;A319;1;EA;AR
801C1700-02;FLAP STEADY BEARING;A319;1;EA;AR
801C1700-02;FLAP STEADY BEARING;A319;1;EA;AR
801C1700-02;FLAP STEADY BEARING;A319;1;EA;AR
801C1700-02;FLAP STEADY BEARING;A319;1;EA;AR
801C1700-02;FLAP STEADY BEARING;A319;1;EA;AR
801C1700-02;FLAP STEADY BEARING;A319;1;EA;AR
801C1700-02;FLAP STEADY BEARING;A319;1;EA;AR
801C1700-02;FLAP STEADY BEARING;A319;1;EA;AR
801C1700-02;FLAP STEADY BEARING;A319;1;EA;AR
801C1700-02;FLAP STEADY BEARING;A319;1;EA;AR
801C1700-02;FLAP STEADY BEARING;A319;1;EA;AR
801C1700-02;FLAP STEADY BEARING;A319;1;EA;AR
801C1700-02;FLAP STEADY BEARING;A319;1;EA;AR
801C1700-02;FLAP STEADY BEARING;A319;1;EA;AR
801C1700-02;FLAP STEADY BEARING;A319;1;EA;AR
801C1700-02;FLAP STEADY BEARING;A319;1;EA;AR
801C1700-02;FLAP STEADY BEARING;A319;1;EA;AR
801C1700-02;FLAP STEADY BEARING;A319;1;EA;AR
801C1700-02;FLAP STEADY BEARING;A319;1;EA;AR
801C1700-02;FLAP STEADY BEARING;A319;1;EA;AR
801C1700-02;FLAP STEADY BEARING;A319;1;EA;AR
801C1700-02;FLAP STEADY BEARING;A319;1;EA;AR
801C1700-02;FLAP STEADY BEARING;A319;1;EA;AR
801C1700-02;FLAP STEADY BEARING;A319;1;EA;AR
801C1700-02;FLAP STEADY BEARING;A319;1;EA;AR
801C1900-02;FLAP STEADY BEARING;A319;1;EA;AR
801C1900-02;FLAP STEADY BEARING;A319;1;EA;AR
801C1900-02;FLAP STEADY BEARING;A319;1;EA;AR
801C1900-02;FLAP STEADY BEARING;A319;1;EA;AR
80271001-501;DIGITAL VIDEO FILE SERVER;A319;1;EA;AR
80271005-502;TEAC VIDEO;B737-800;1;EA;AR
803163-13;TRANSDUCER ASSY-CPLG;B737-700;1;EA;OH
80810-1;VALVE, FILL SELECTOR;B737-700;1;EA;AR
81000-17502;MAP LIGHT;B737-800;1;EA;AR
810211-2;E BAY TEMPERATURE SENSOR;Embraer 190;1;EA;AR
810213-2;SPRAY NOZZLE;Embraer 190;1;EA;AR
810234-3;TEMPERATURE SENSOR  PACK AIR SUPPLY;Embraer 190;1;EA;AR
810234-3;TEMPERATURE SENSOR  PACK AIR SUPPLY;Embraer 190;1;EA;AR
815289-2;SENSOR, TEMP;Embraer 190;1;EA;AR
815289-2;SENSOR, TEMP;Embraer 190;1;EA;AR
815289-2;SENSOR, TEMP;Embraer 190;1;EA;AI
815289-2;SENSOR, TEMP;Embraer 190;1;EA;AR
815289-2;SENSOR, TEMP;Embraer 190;1;EA;AR
815289-2;SENSOR, TEMP;Embraer 190;1;EA;AR
815289-2;SENSOR, TEMP;Embraer 190;1;EA;AR
815289-2;SENSOR, TEMP;Embraer 190;1;EA;AR
815289-2;SENSOR, TEMP;Embraer 190;1;EA;AR
815289-2;SENSOR, TEMP;Embraer 190;1;EA;AR
815289-2;SENSOR, TEMP;Embraer 190;1;EA;AR
816656-3;SENSOR TEMPERATURE;Embraer 190;1;EA;SV
816656-3;SENSOR TEMPERATURE;Embraer 190;1;EA;SV
816656-3;SENSOR TEMPERATURE;Embraer 190;1;EA;SV
816656-3;SENSOR TEMPERATURE;Embraer 190;1;EA;AR
816656-3;SENSOR TEMPERATURE;Embraer 190;1;EA;AR
816656-3;SENSOR TEMPERATURE;Embraer 190;1;EA;AR
816656-3;SENSOR TEMPERATURE;Embraer 190;1;EA;AR
816656-3;SENSOR TEMPERATURE;Embraer 190;1;EA;AR
816656-3;SENSOR TEMPERATURE;Embraer 190;1;EA;AR
8171-1;BALLAST UNIT;B737-800;1;EA;AR
820914-5;PACK BYPASS;EMB120;1;EA;AR
820914-5;PACK BYPASS;EMB120;1;EA;AR
820914-7;VALVE PACK BYPASS;Embraer 190;1;EA;AR
820914-7;VALVE PACK BYPASS;Embraer 190;1;EA;AR
820914-7;VALVE PACK BYPASS;Embraer 190;1;EA;AR
820914-7;VALVE PACK BYPASS;Embraer 190;1;EA;AR
820914-7;VALVE PACK BYPASS;Embraer 190;1;EA;SV
820914-7;VALVE PACK BYPASS;Embraer 190;1;EA;SV
820964-1;BLEED PRESSURE SENSOR;Embraer 190;1;EA;AR
820964-1;BLEED PRESSURE SENSOR;Embraer 190;1;EA;AR
820964-1;BLEED PRESSURE SENSOR;Embraer 190;1;EA;AR
820965-7;SENSOR, PRESSURE DIFFERENTIAL;Embraer 190;1;EA;AI
820966-3;VALVE-ADDITIONAL HEAT;Embraer 190;1;EA;AR
820966-3;VALVE-ADDITIONAL HEAT;Embraer 190;1;EA;AR
820966-3;VALVE-ADDITIONAL HEAT;Embraer 190;1;EA;AR
822-0299-001;ADF RECEIVER;B737-800;1;EA;AR
822-0299-001;ADF RECEIVER;B737-800;1;EA;SV
822-0299-020;ADF RECEIVER;A319;1;EA;SV
822-0329-020;DME INTERROGATOR;A319;1;EA;SV
822-0330-020;HF TRANSCEIVER;A319;1;EA;AR
822-0330-020;HF TRANSCEIVER;A319;1;EA;SV
822-0334-003;RADIO ALTIMETER (LRRA);B737-800;1;EA;SV
822-0726-020;VOR TRANSCEIVER;A320;1;EA;AR
822-1047-030;VHF TRANSCEIVER;A319;1;EA;SV
822-1047-030;VHF TRANSCEIVER;A319;1;EA;AR
822-1047-030;VHF TRANSCEIVER;A319;1;EA;AR
822-1047-030;VHF TRANSCEIVER;A319;1;EA;AR
822-1152-003;GLU-920 GLOBAL LANDING UNIT;B737;1;EA;SV
822-1152-003;GLU-920 GLOBAL LANDING UNIT;B737;1;EA;AR
822-1330-001;ANTENNA-GPS ACTIVE;A320;1;EA;AR
822-201-000-201;BOX,JUNCTION;RB211;1;EA;SV
822-201-000-201;BOX,JUNCTION;RB211;1;EA;AR
822-201-000-201;BOX,JUNCTION;RB211;1;EA;AR
827A0000-02;SLAT TEE GEARBOX;A319;1;EA;AR
827A0000-02;SLAT TEE GEARBOX;A319;1;EA;AR
827A0000-02;SLAT TEE GEARBOX;A319;1;EA;AR
828A0000-02;SLAT BEVEL GEARBOX;A319;1;EA;AR
828A0000-02;SLAT BEVEL GEARBOX;A319;1;EA;AR
828A0000-02;SLAT BEVEL GEARBOX;A319;1;EA;AR
828A0000-02;SLAT BEVEL GEARBOX;A319;1;EA;AR
828A0000-02;SLAT BEVEL GEARBOX;A319;1;EA;AR
828A0000-02;SLAT BEVEL GEARBOX;A319;1;EA;AR
828A0000-02;SLAT BEVEL GEARBOX;A319;1;EA;AR
828A0000-02;SLAT BEVEL GEARBOX;A319;1;EA;AR
828A0000-02;SLAT BEVEL GEARBOX;A319;1;EA;AR
828A0000-02;SLAT BEVEL GEARBOX;A319;1;EA;AR
829B0000-01;SLAT ROTARY ACT A;A319;1;EA;AR
829B0000-01;SLAT ROTARY ACT A;A319;1;EA;AR
829B0000-01;SLAT ROTARY ACT A;A319;1;EA;AR
829B0000-01;SLAT ROTARY ACT A;A319;1;EA;AR
829B0000-01;SLAT ROTARY ACT A;A319;1;EA;AR
829B0000-01;SLAT ROTARY ACT A;A319;1;EA;AR
829B0000-01;SLAT ROTARY ACT A;A319;1;EA;AR
829B0000-01;SLAT ROTARY ACT A;A319;1;EA;AR
829C0000-01;ROTARY ACTUATOR;A320;1;EA;AR
829C0000-01;ROTARY ACTUATOR;A320;1;EA;AR
830A0000-04;SLAT ROTARY ACT B;A319;1;EA;AR
830A0000-04;SLAT ROTARY ACT B;A319;1;EA;AR
830A0000-04;SLAT ROTARY ACT B;A319;1;EA;AR
830A0000-04;SLAT ROTARY ACT B;A319;1;EA;AR
830A0000-04;SLAT ROTARY ACT B;A319;1;EA;AR
830A0000-04;SLAT ROTARY ACT B;A319;1;EA;AR
830A0000-04;SLAT ROTARY ACT B;A319;1;EA;AR
830A0000-04;SLAT ROTARY ACT B;A319;1;EA;AR
830A0000-04;SLAT ROTARY ACT B;A319;1;EA;AR
830A0000-04;SLAT ROTARY ACT B;A319;1;EA;AR
830A0000-04;SLAT ROTARY ACT B;A319;1;EA;AR
830A0000-04;SLAT ROTARY ACT B;A319;1;EA;AR
830A0000-04;SLAT ROTARY ACT B;A319;1;EA;AR
830A0000-04;SLAT ROTARY ACT B;A319;1;EA;AR
830A0000-04;SLAT ROTARY ACT B;A319;1;EA;AR
830A0000-04;SLAT ROTARY ACT B;A319;1;EA;AR
830A0000-04;SLAT ROTARY ACT B;A319;1;EA;AR
830A0000-04;SLAT ROTARY ACT B;A319;1;EA;AR
830A0000-04;SLAT ROTARY ACT B;A319;1;EA;AR
830A0000-04;SLAT ROTARY ACT B;A319;1;EA;AR
830A0000-04;SLAT ROTARY ACT B;A319;1;EA;AR
830A0000-04;SLAT ROTARY ACT B;A319;1;EA;AR
830A0000-04;SLAT ROTARY ACT B;A319;1;EA;AR
830A0000-04;SLAT ROTARY ACT B;A319;1;EA;AR
830A0000-04;SLAT ROTARY ACT B;A319;1;EA;AR
830A0000-04;SLAT ROTARY ACT B;A319;1;EA;AR
830C0000-01;ROTARY ACTUATOR;A320;1;EA;AR
830C0000-01;ROTARY ACTUATOR;A320;1;EA;AR
830C0000-01;ROTARY ACTUATOR;A320;1;EA;AR
830C0000-01;ROTARY ACTUATOR;A320;1;EA;AR
830C0000-01;ROTARY ACTUATOR;A320;1;EA;AR
830C0000-01;ROTARY ACTUATOR;A320;1;EA;AR
830C0000-01;ROTARY ACTUATOR;A320;1;EA;AR
830C0000-01;ROTARY ACTUATOR;A320;1;EA;AR
830C0000-01;ROTARY ACTUATOR;A320;1;EA;AR
830C0000-01;ROTARY ACTUATOR;A320;1;EA;AR
830C0000-01;ROTARY ACTUATOR;A320;1;EA;AR
830C0000-01;ROTARY ACTUATOR;A320;1;EA;AR
830C0000-01;ROTARY ACTUATOR;A320;1;EA;AR
831B0000-01;BRAKE WING TIP;A320;1;EA;SV
833A0500-01;L SLT XSMS SHAFT KB;A319;1;EA;AR
833A0600-01;SLAT TRANSMS SHAFT;A319;1;EA;AR
833A0600-01;SLAT TRANSMS SHAFT;A319;1;EA;AR
833A0600-01;SLAT TRANSMS SHAFT;A319;1;EA;AR
833A0600-01;SLAT TRANSMS SHAFT;A319;1;EA;AR
833A0600-01;SLAT TRANSMS SHAFT;A319;1;EA;AR
833A0600-01;SLAT TRANSMS SHAFT;A319;1;EA;AR
833A0700-01;SLAT TRANSMS SHAFT;A319;1;EA;AR
833A0700-01;SLAT TRANSMS SHAFT;A319;1;EA;AR
833A0700-01;SLAT TRANSMS SHAFT;A319;1;EA;AR
833A0700-01;SLAT TRANSMS SHAFT;A319;1;EA;AR
833A0700-01;SLAT TRANSMS SHAFT;A319;1;EA;AR
833A0700-01;SLAT TRANSMS SHAFT;A319;1;EA;AR
833A1400-01;SLAT TRANSMS SHAFT;A319;1;EA;AR
833A1400-01;SLAT TRANSMS SHAFT;A319;1;EA;AR
833A1400-01;SLAT TRANSMS SHAFT;A319;1;EA;AR
833A1500-01;SLAT TRANSMS SHAFT;A319;1;EA;AR
833A1500-01;SLAT TRANSMS SHAFT;A319;1;EA;AR
833A1500-01;SLAT TRANSMS SHAFT;A319;1;EA;AR
833A1500-01;SLAT TRANSMS SHAFT;A319;1;EA;AR
833A1500-01;SLAT TRANSMS SHAFT;A319;1;EA;AR
833A1600-01;SLAT TRANSMS SHAFT;A319;1;EA;AR
833A1600-01;SLAT TRANSMS SHAFT;A319;1;EA;AR
833A1600-01;SLAT TRANSMS SHAFT;A319;1;EA;AR
833A1600-01;SLAT TRANSMS SHAFT;A319;1;EA;AR
833A1600-01;SLAT TRANSMS SHAFT;A319;1;EA;AR
833A1600-01;SLAT TRANSMS SHAFT;A319;1;EA;AR
833A1700-01;SLAT TRANSMS SHAFT;A319;1;EA;AR
833A1700-01;SLAT TRANSMS SHAFT;A319;1;EA;AR
833A1700-01;SLAT TRANSMS SHAFT;A319;1;EA;AR
833A1700-01;SLAT TRANSMS SHAFT;A319;1;EA;AR
833A1700-01;SLAT TRANSMS SHAFT;A319;1;EA;AR
833A1700-01;SLAT TRANSMS SHAFT;A319;1;EA;AR
833A1800-01;SLAT TRANSMS SHAFT;A319;1;EA;AR
833A1800-01;SLAT TRANSMS SHAFT;A319;1;EA;AR
833A1800-01;SLAT TRANSMS SHAFT;A319;1;EA;AR
833A1800-01;SLAT TRANSMS SHAFT;A319;1;EA;AR
833A1800-01;SLAT TRANSMS SHAFT;A319;1;EA;AR
833A1800-01;SLAT TRANSMS SHAFT;A319;1;EA;AR
833A1900-01;SLAT TRANSMS SHAFT;A319;1;EA;AR
833A1900-01;SLAT TRANSMS SHAFT;A319;1;EA;AR
833A1900-01;SLAT TRANSMS SHAFT;A319;1;EA;AR
833A1900-01;SLAT TRANSMS SHAFT;A319;1;EA;AR
833A1900-01;SLAT TRANSMS SHAFT;A319;1;EA;AR
833A2000-01;SLAT TRANSMS SHAFT;A319;1;EA;AR
833A2000-01;SLAT TRANSMS SHAFT;A319;1;EA;AR
833A2000-01;SLAT TRANSMS SHAFT;A319;1;EA;AR
833A2000-01;SLAT TRANSMS SHAFT;A319;1;EA;AR
833A2000-01;SLAT TRANSMS SHAFT;A319;1;EA;AR
833A2000-01;SLAT TRANSMS SHAFT;A319;1;EA;AR
833A2100-01;SLAT TRANSMS SHAFT;A319;1;EA;AR
833A2100-01;SLAT TRANSMS SHAFT;A319;1;EA;AR
833A2100-01;SLAT TRANSMS SHAFT;A319;1;EA;AR
833A2100-01;SLAT TRANSMS SHAFT;A319;1;EA;AR
833A2100-01;SLAT TRANSMS SHAFT;A319;1;EA;AR
833A2200-01;L SLT XSMS SHAFT BB;A319;1;EA;AR
833A2400-02;APPU TORQUE SHAFT;A319;1;EA;AR
833A2400-02;APPU TORQUE SHAFT;A319;1;EA;AR
833A2400-02;APPU TORQUE SHAFT;A319;1;EA;AR
833A2400-02;APPU TORQUE SHAFT;A319;1;EA;AR
833A2700-01;SHAFT ASSY, CONNECTION;A319;1;EA;AR
833A2700-01;SHAFT ASSY, CONNECTION;A319;1;EA;AR
833A2700-01;SHAFT ASSY, CONNECTION;A319;1;EA;AR
833A2700-01;SHAFT ASSY, CONNECTION;A319;1;EA;AR
833A2700-01;SHAFT ASSY, CONNECTION;A319;1;EA;AR
833A2700-01;SHAFT ASSY, CONNECTION;A319;1;EA;AR
833A2700-01;SHAFT ASSY, CONNECTION;A319;1;EA;AR
833A2700-01;SHAFT ASSY, CONNECTION;A319;1;EA;AR
833A2700-01;SHAFT ASSY, CONNECTION;A319;1;EA;AR
833A2700-01;SHAFT ASSY, CONNECTION;A319;1;EA;AR
833A2700-01;SHAFT ASSY, CONNECTION;A319;1;EA;AR
833A2700-01;SHAFT ASSY, CONNECTION;A319;1;EA;AR
833A2700-01;SHAFT ASSY, CONNECTION;A319;1;EA;AR
833A2700-01;SHAFT ASSY, CONNECTION;A319;1;EA;AR
833A2700-01;SHAFT ASSY, CONNECTION;A319;1;EA;AR
833A2700-01;SHAFT ASSY, CONNECTION;A319;1;EA;AR
833A2700-01;SHAFT ASSY, CONNECTION;A319;1;EA;AR
833A2700-01;SHAFT ASSY, CONNECTION;A319;1;EA;AR
833A2700-01;SHAFT ASSY, CONNECTION;A319;1;EA;AR
833A2700-01;SHAFT ASSY, CONNECTION;A319;1;EA;AR
833A2700-01;SHAFT ASSY, CONNECTION;A319;1;EA;AR
833A2700-01;SHAFT ASSY, CONNECTION;A319;1;EA;AR
833A2700-01;SHAFT ASSY, CONNECTION;A319;1;EA;AR
833A2700-01;SHAFT ASSY, CONNECTION;A319;1;EA;AR
833A2700-01;SHAFT ASSY, CONNECTION;A319;1;EA;AR
833A2700-01;SHAFT ASSY, CONNECTION;A319;1;EA;AR
833A2700-01;SHAFT ASSY, CONNECTION;A319;1;EA;AR
833A2700-01;SHAFT ASSY, CONNECTION;A319;1;EA;AR
833A2700-01;SHAFT ASSY, CONNECTION;A319;1;EA;AR
833A2700-01;SHAFT ASSY, CONNECTION;A319;1;EA;AR
833A2700-01;SHAFT ASSY, CONNECTION;A319;1;EA;AR
833A2700-01;SHAFT ASSY, CONNECTION;A319;1;EA;AR
833A2700-01;SHAFT ASSY, CONNECTION;A319;1;EA;AR
833A2700-01;SHAFT ASSY, CONNECTION;A319;1;EA;AR
833A2700-01;SHAFT ASSY, CONNECTION;A319;1;EA;AR
833A2700-01;SHAFT ASSY, CONNECTION;A319;1;EA;AR
833A2700-01;SHAFT ASSY, CONNECTION;A319;1;EA;AR
833A2700-01;SHAFT ASSY, CONNECTION;A319;1;EA;AR
833A2700-01;SHAFT ASSY, CONNECTION;A319;1;EA;AR
833A2700-01;SHAFT ASSY, CONNECTION;A319;1;EA;AR
833A2800-01;SHAFT ASSY, CONNECTION;A319;1;EA;AR
833A2800-01;SHAFT ASSY, CONNECTION;A319;1;EA;AR
833A2800-01;SHAFT ASSY, CONNECTION;A319;1;EA;AR
833A2800-01;SHAFT ASSY, CONNECTION;A319;1;EA;AR
833A2800-01;SHAFT ASSY, CONNECTION;A319;1;EA;AR
833A2800-01;SHAFT ASSY, CONNECTION;A319;1;EA;AR
833A2800-01;SHAFT ASSY, CONNECTION;A319;1;EA;AR
833A2800-01;SHAFT ASSY, CONNECTION;A319;1;EA;AR
833A2800-01;SHAFT ASSY, CONNECTION;A319;1;EA;AR
833A2800-01;SHAFT ASSY, CONNECTION;A319;1;EA;AR
833A2800-01;SHAFT ASSY, CONNECTION;A319;1;EA;AR
833A2800-01;SHAFT ASSY, CONNECTION;A319;1;EA;AR
833A2800-01;SHAFT ASSY, CONNECTION;A319;1;EA;AR
833A2800-01;SHAFT ASSY, CONNECTION;A319;1;EA;AR
833A2800-01;SHAFT ASSY, CONNECTION;A319;1;EA;AR
833A2800-01;SHAFT ASSY, CONNECTION;A319;1;EA;AR
833A2800-01;SHAFT ASSY, CONNECTION;A319;1;EA;AR
833A2800-01;SHAFT ASSY, CONNECTION;A319;1;EA;AR
833A2800-01;SHAFT ASSY, CONNECTION;A319;1;EA;AR
833A2800-01;SHAFT ASSY, CONNECTION;A319;1;EA;AR
833A2800-01;SHAFT ASSY, CONNECTION;A319;1;EA;AR
833A2800-01;SHAFT ASSY, CONNECTION;A319;1;EA;AR
833A2800-01;SHAFT ASSY, CONNECTION;A319;1;EA;AR
833A2800-01;SHAFT ASSY, CONNECTION;A319;1;EA;AR
833A2800-01;SHAFT ASSY, CONNECTION;A319;1;EA;AR
833A2800-01;SHAFT ASSY, CONNECTION;A319;1;EA;AR
833A2800-01;SHAFT ASSY, CONNECTION;A319;1;EA;AR
833A2800-01;SHAFT ASSY, CONNECTION;A319;1;EA;AR
833A2800-01;SHAFT ASSY, CONNECTION;A319;1;EA;AR
833A2800-01;SHAFT ASSY, CONNECTION;A319;1;EA;AR
833A2800-01;SHAFT ASSY, CONNECTION;A319;1;EA;AR
833A2800-01;SHAFT ASSY, CONNECTION;A319;1;EA;AR
833A2800-01;SHAFT ASSY, CONNECTION;A319;1;EA;AR
833A2800-01;SHAFT ASSY, CONNECTION;A319;1;EA;AR
833A2800-01;SHAFT ASSY, CONNECTION;A319;1;EA;AR
833A2800-01;SHAFT ASSY, CONNECTION;A319;1;EA;AR
833A2800-01;SHAFT ASSY, CONNECTION;A319;1;EA;AR
833A2800-01;SHAFT ASSY, CONNECTION;A319;1;EA;AR
833A2800-01;SHAFT ASSY, CONNECTION;A319;1;EA;AR
833A2800-01;SHAFT ASSY, CONNECTION;A319;1;EA;AR
833A2800-01;SHAFT ASSY, CONNECTION;A319;1;EA;AR
833A2800-01;SHAFT ASSY, CONNECTION;A319;1;EA;AR
833A2800-01;SHAFT ASSY, CONNECTION;A319;1;EA;AR
833A2800-01;SHAFT ASSY, CONNECTION;A319;1;EA;AR
833A2800-01;SHAFT ASSY, CONNECTION;A319;1;EA;AR
833A2800-01;SHAFT ASSY, CONNECTION;A319;1;EA;AR
833A2800-01;SHAFT ASSY, CONNECTION;A319;1;EA;AR
833A2800-01;SHAFT ASSY, CONNECTION;A319;1;EA;AR
833A2800-01;SHAFT ASSY, CONNECTION;A319;1;EA;AR
833A2800-01;SHAFT ASSY, CONNECTION;A319;1;EA;AR
833A2800-01;SHAFT ASSY, CONNECTION;A319;1;EA;AR
833A2800-01;SHAFT ASSY, CONNECTION;A319;1;EA;AR
833A3400-01;SHAFT, DRIVE;A319;1;EA;AR
833A3400-01;SHAFT, DRIVE;A319;1;EA;AR
833A3400-01;SHAFT, DRIVE;A319;1;EA;AR
833A3400-01;SHAFT, DRIVE;A319;1;EA;AR
833A3400-01;SHAFT, DRIVE;A319;1;EA;AR
833A3500-01;SHAFT, DRIVE;A319;1;EA;AR
833A3500-01;SHAFT, DRIVE;A319;1;EA;AR
833A3500-01;SHAFT, DRIVE;A319;1;EA;AR
833A3500-01;SHAFT, DRIVE;A319;1;EA;AR
833A3500-01;SHAFT, DRIVE;A319;1;EA;AR
833A3500-01;SHAFT, DRIVE;A319;1;EA;AR
833B0300-01;SLAT TRANSMS SHAFT;A319;1;EA;AR
833B0300-01;SLAT TRANSMS SHAFT;A319;1;EA;AR
833B0300-01;SLAT TRANSMS SHAFT;A319;1;EA;AR
833B0400-01;SLAT TRANSMS SHAFT;A319;1;EA;AR
833B0400-01;SLAT TRANSMS SHAFT;A319;1;EA;AR
833B0400-01;SLAT TRANSMS SHAFT;A319;1;EA;AR
833B0400-01;SLAT TRANSMS SHAFT;A319;1;EA;AR
833B0500-01;SHAFT AND JOINT ASSY;A320;1;EA;AR
833B0800-01;SLAT TRANSMS SHAFT;A319;1;EA;AR
833B0800-01;SLAT TRANSMS SHAFT;A319;1;EA;AR
833B0800-01;SLAT TRANSMS SHAFT;A319;1;EA;AR
833B0800-01;SLAT TRANSMS SHAFT;A319;1;EA;AR
833B0900-01;SLAT TRANSMS SHAFT;A319;1;EA;AR
833B0900-01;SLAT TRANSMS SHAFT;A319;1;EA;AR
833B1000-01;SLAT TRANSMS SHAFT;A319;1;EA;AR
833B1000-01;SLAT TRANSMS SHAFT;A319;1;EA;AR
833B1000-01;SLAT TRANSMS SHAFT;A319;1;EA;AR
833B1000-01;SLAT TRANSMS SHAFT;A319;1;EA;AR
833B1000-01;SLAT TRANSMS SHAFT;A319;1;EA;AR
833B1100-01;SHAFT ASSY;A319;1;EA;AR
833B1100-01;SHAFT ASSY;A319;1;EA;AR
833B1100-01;SHAFT ASSY;A319;1;EA;AR
833B1100-01;SHAFT ASSY;A319;1;EA;AR
833B1100-01;SHAFT ASSY;A319;1;EA;AR
833B1100-01;SHAFT ASSY;A319;1;EA;AR
833B1200-01;SLAT TRANSMS SHAFT;A319;1;EA;AR
833B1200-01;SLAT TRANSMS SHAFT;A319;1;EA;AR
833B1200-01;SLAT TRANSMS SHAFT;A319;1;EA;AR
833B1200-01;SLAT TRANSMS SHAFT;A319;1;EA;AR
833B1300-01;SLAT TRANSMS SHAFT;A319;1;EA;AR
833B1300-01;SLAT TRANSMS SHAFT;A319;1;EA;AR
833B1300-01;SLAT TRANSMS SHAFT;A319;1;EA;AR
833B1300-01;SLAT TRANSMS SHAFT;A319;1;EA;AR
833B1400-01;SHAFT & JOINT ASSY;A319;1;EA;AR
833B1400-01;SHAFT & JOINT ASSY;A319;1;EA;AR
833B2200-01;SHAFT AND JOINT ASSY;A320;1;EA;AR
833B5400-01;SHAFT-DRIVE;A319;1;EA;AR
833B5400-01;SHAFT-DRIVE;A319;1;EA;AR
833B5400-01;SHAFT-DRIVE;A319;1;EA;AR
833C0900-01;SHAFT AND JOINT ASSY;A320;1;EA;AR
833C1200-01;SHAFT;A320;1;EA;AR
833C1300-01;KO377 LUCAS LIEBHERR SHAFT AND JOINT ASSY;A320;1;EA;AR
833C1300-01;KO377 LUCAS LIEBHERR SHAFT AND JOINT ASSY;A320;1;EA;AR
833C2300-02;FLAP STEADY BEARING;A319;1;EA;AR
833C2300-02;FLAP STEADY BEARING;A319;1;EA;AR
833C5200-02;FLAP STEADY BEARING;A319;1;EA;AR
840002-074;FILTER, ACOUSTIC;B737-700;1;EA;SV
840002-074;FILTER, ACOUSTIC;B737-700;1;EA;AR
8400K2;VIDEO INTERFACE UNIT;B737-800;1;EA;AR
8410B1-204-105;DOOR CAMERA CDSS;B737-800;1;EA;AR
8410B1-204-105;DOOR CAMERA CDSS;B737-800;1;EA;AR
8410B1-204-105;DOOR CAMERA CDSS;B737-800;1;EA;AR
8420B1-101;CONTROLLER ASSY-LCD;A340;1;EA;AR
864-001;INDICATOR;A320;1;EA;AI
87232323V00;DUCT TEMP SPEED SENSOR;A320;1;EA;AR
8851C000-001;HEAT EXCHANGER;Embraer 190;1;EA;AR
8851C000-001;HEAT EXCHANGER;Embraer 190;1;EA;AR
8851C000-001;HEAT EXCHANGER;Embraer 190;1;EA;AR
8851C000-001;HEAT EXCHANGER;Embraer 190;1;EA;SV
8901-205;SENSOR - CIT;RB211;1;EA;SV
892480;WATER FIRE EXTINGUISHER;B737-700;1;EA;AR
892480;WATER FIRE EXTINGUISHER;B737-700;1;EA;AR
89794077;OX BOTTLE, CREW;A321;1;EA;AR
898052;FIRE EXTINGUISHER;B737-800;1;EA;AR
898052;FIRE EXTINGUISHER;B737-800;1;EA;AR
898052;FIRE EXTINGUISHER;B737-800;1;EA;AR
899-0850-003;RMP - RADIO MANAGEMENT PANEL;A321;1;EA;AR
899-0850-003;RMP - RADIO MANAGEMENT PANEL;A321;1;EA;AR
8D111-7;SUMP DRAIN FLAPPER;B737-800;1;EA;AR
8ES005237-03;POWER UNIT;A319;1;EA;AR
8F111-101;FLOAT OP. DRAIN VALVE;B737-800;1;EA;AR
8F111-101;FLOAT OP. DRAIN VALVE;B737-800;1;EA;AR
8F111-101;FLOAT OP. DRAIN VALVE;B737-800;1;EA;AR
8F111-101;FLOAT OP. DRAIN VALVE;B737-800;1;EA;AR
8TJ124GGL1;METER,FLOW RATE;RB211;1;EA;SV
8TJ124GGL1;METER,FLOW RATE;RB211;1;EA;AR
8TJ124GGL1;METER,FLOW RATE;RB211;1;EA;AR
8TJ143TAA1;FUEL FLOAT SWITCH;B737-800;1;EA;AR
8TJ143TAA1;FUEL FLOAT SWITCH;B737-800;1;EA;AR
8TJ143TAA1;FUEL FLOAT SWITCH;B737-800;1;EA;AR
8TJ99GBU2;LIQUID LEVEL XMTR;B757;1;EA;AR
8TJ99GBU2;LIQUID LEVEL XMTR;B757;1;EA;AR
8TJ99GBU2;LIQUID LEVEL XMTR;B757;1;EA;SV
9000421-3;FLAP SKEW SENSOR;B737-800;1;EA;SV
9000421-3;FLAP SKEW SENSOR;B737-800;1;EA;SV
9000421-3;FLAP SKEW SENSOR;B737-800;1;EA;AR
900105-1;HYDRAULIC ACCUMULATOR SYSTEM #1;Embraer 190;1;EA;OH
9022-15702-10;CABIN PRS CONTROLLER;A319;1;EA;AR
9022-15702-10;CABIN PRS CONTROLLER;A319;1;EA;SV
9022-15702-10;CABIN PRS CONTROLLER;A319;1;EA;AR
9022-15702-10;CABIN PRS CONTROLLER;A319;1;EA;AR
9023-15703-8;VALVE-OUTFLOW FOR A320;A321;1;EA;AR
9028A0004-01;PPU-POSITION PICK-OFF UNIT;A319;1;EA;AR
9028A0004-01;PPU-POSITION PICK-OFF UNIT;A319;1;EA;AR
9028A0004-01;PPU-POSITION PICK-OFF UNIT;A319;1;EA;AR
9028A0004-01;PPU-POSITION PICK-OFF UNIT;A319;1;EA;AR
9028A0004-01;PPU-POSITION PICK-OFF UNIT;A319;1;EA;AR
9028A0004-01;PPU-POSITION PICK-OFF UNIT;A319;1;EA;AR
9028A0004-01;PPU-POSITION PICK-OFF UNIT;A319;1;EA;AR
9028A0004-01;PPU-POSITION PICK-OFF UNIT;A319;1;EA;AR
9028A0004-01;PPU-POSITION PICK-OFF UNIT;A319;1;EA;AR
903-1341;HAND MIC;B737;1;EA;AR
903-1341;HAND MIC;B737;1;EA;AR
903-1342;MICROPHONE-HAND;B737-800;1;EA;AR
9037B0001-04;PANEL-LDG GEAR CONTROL LEVER;Embraer 190;1;EA;AR
9045405-7;LEAD IGNITION;V2500-A5;1;EA;AR
9045405-7;LEAD IGNITION;V2500-A5;1;EA;AR
9045405-7;LEAD IGNITION;V2500-A5;1;EA;AR
9045405-7;LEAD IGNITION;V2500-A5;1;EA;AR
9045405-7;LEAD IGNITION;V2500-A5;1;EA;SV
9045405-7;LEAD IGNITION;V2500-A5;1;EA;OH
9045405-7;LEAD IGNITION;V2500-A5;1;EA;AR
905613-1;BALL ATTENUATOR;Embraer 190;1;EA;AR
905613-1;BALL ATTENUATOR;Embraer 190;1;EA;AR
905613-1;BALL ATTENUATOR;Embraer 190;1;EA;AR
905613-1;BALL ATTENUATOR;Embraer 190;1;EA;AR
905614-1;ATTENUATOR PRESSURE LINE ACMP;Embraer 190;1;EA;SV
905614-1;ATTENUATOR PRESSURE LINE ACMP;Embraer 190;1;EA;SV
9069A1001-02;ACTUATOR;A321;1;EA;AR
9069A1003-02;ACTUATOR;A321;1;EA;AR
9070B0018-01;HANDWHEEL-NOSE WHEEL STEERING FO;Embraer 190;1;EA;AR
9070B0019-01;SENSOR-NOSE WHEEL STEERING PEDAL;Embraer 190;1;EA;AR
9070B0019-01;SENSOR-NOSE WHEEL STEERING PEDAL;Embraer 190;1;EA;AR
9070B0019-01;SENSOR-NOSE WHEEL STEERING PEDAL;Embraer 190;1;EA;AR
9070B0019-01;SENSOR-NOSE WHEEL STEERING PEDAL;Embraer 190;1;EA;AR
90-900-1032;GAUGE PRESSURE IND.;B737-800;1;EA;AR
925010-100;DIU AIRSHOW 4200;B737-700;1;EA;SV
93835S0CN920307-4-J;FILTER ASSY;A319;1;EA;AR
93835S0CN920307-4-J;FILTER ASSY;A319;1;EA;AR
93N6035;ELT;A319;1;EA;AR
93N6035;ELT;A319;1;EA;AR
94-0500-00-00X;TANK ASSY, WATER;A319;1;EA;AR
94830-04;BRACKET;A319;1;EA;AR
94830-05;BRACKET;A319;1;EA;AR
94830-06;BRACKET;A319;1;EA;AR
94830-09;ISOLATOR ASSY, APU, FWD;A319;1;EA;AR
94830-11;ISOLATOR ASSY, APU, AFT;A319;1;EA;AR
9599-607-12352;ANTENNA - RADIO ALTIMETER;A321;1;EA;AR
9599-607-12352;ANTENNA - RADIO ALTIMETER;A321;1;EA;AR
9599-607-12352;ANTENNA - RADIO ALTIMETER;A321;1;EA;AR
9599-607-12352;ANTENNA - RADIO ALTIMETER;A321;1;EA;AR
9599-607-12352;ANTENNA - RADIO ALTIMETER;A321;1;EA;AR
9599-607-12352;ANTENNA - RADIO ALTIMETER;A321;1;EA;AR
9599-607-12352;ANTENNA - RADIO ALTIMETER;A321;1;EA;AR
9599-607-12352;ANTENNA - RADIO ALTIMETER;A321;1;EA;AR
9599-607-14942;RADIO ALTIMETER;A321;1;EA;SV
95N6088;ELT A06;A319;1;EA;AR
95N6088;ELT A06;A319;1;EA;AR
96043-01;APU VIBRATION ISOLATOR;;1;EA;AR
96043-02;APU VIBRATION ISOLATOR;;1;EA;AR
96073-04;STRUT ASSY, LOWER;Embraer 190;1;EA;AR
96073-05;STRUT ASSY, UPPER LH;Embraer 190;1;EA;AR
96073-06;STRUT ASSY, LOWER RIGHT;Embraer 190;1;EA;AR
96073-07;STRUT ASSY, UPPER RH;Embraer 190;1;EA;AR
96073-08;STRUT ASSY, LEFT TOP;Embraer 190;1;EA;AR
96073-09;STRUT ASSY, RIGHT TOP;Embraer 190;1;EA;AR
96073-10;STRUT ASSY, CENTER TOP;Embraer 190;1;EA;AR
96073-11;APU MOUNT;Embraer 190;1;EA;AR
96073-12;APU MOUNT;Embraer 190;1;EA;AR
96073-12;APU MOUNT;Embraer 190;1;EA;AR
96073-13;ISOLATER;Embraer 190;1;EA;AR
96073-14;ISOLATOR, APU LH SIDE;Embraer 190;1;EA;AR
96073-15;ISOLATOR, APU RH SIDE;Embraer 190;1;EA;AR
9631110-0001;VALVE, DRAIN MOTOR OPERATED;Embraer 190;1;EA;AR
9631110-0001;VALVE, DRAIN MOTOR OPERATED;Embraer 190;1;EA;AR
9631220-0001;MANIFOLD-AIR;Embraer 190;1;EA;AR
9631220-0001;MANIFOLD-AIR;Embraer 190;1;EA;AR
9631680-0004;TANK PORTABLE WATER;Embraer 190;1;EA;AR
9631680-0004;TANK PORTABLE WATER;Embraer 190;1;EA;AR
9631710-0001;INDICATION, SERVICE PANEL;Embraer 190;1;EA;AR
9631770-0101;PORTABLE WATER HEATER HOSE;Embraer 190;1;EA;AR
963A0000-02;VALVE,TRIM AIR;A320;1;EA;SV
963A0000-02;VALVE,TRIM AIR;A320;1;EA;AR
963A0000-02;VALVE,TRIM AIR;A320;1;EA;AR
964-0401-017;AIRBORNE DATA LOADER;B737-800;1;EA;SV
965-0976-003-206-206;EGPWS;A320;1;EA;SV
965-1676-001;EGPWS - ENHANCED GROUND PROXIMITY WARNING COMPUTER;A319;1;EA;AR
965-1676-002;EGPWS - ENHANCED GROUND PROXIMITY WARNING COMPUTER;A321;1;EA;SV
9700-C1A-BF23B;PORTABLE O2 BOTTLE;;1;EA;AR
9700-C1A-BF23B;PORTABLE O2 BOTTLE;;1;EA;AR
9700-C1A-BF23B;PORTABLE O2 BOTTLE;;1;EA;AR
9700-C1A-BF23B;PORTABLE O2 BOTTLE;;1;EA;AR
9700-C1A-F23AN;OXYGEN PORTABLE CYLINDER ASSEMBLY;A319;1;EA;AR
9700-C1A-F23AN;OXYGEN PORTABLE CYLINDER ASSEMBLY;A319;1;EA;AR
9700-C1A-F23AN;OXYGEN PORTABLE CYLINDER ASSEMBLY;A319;1;EA;AR
9700-C1A-F23AN;OXYGEN PORTABLE CYLINDER ASSEMBLY;A319;1;EA;AR
9700-C1A-F23AN;OXYGEN PORTABLE CYLINDER ASSEMBLY;A319;1;EA;AR
9700-C1A-F23AN;OXYGEN PORTABLE CYLINDER ASSEMBLY;A319;1;EA;AR
9700-C1A-F23AN;OXYGEN PORTABLE CYLINDER ASSEMBLY;A319;1;EA;AR
9700G2ABF10A;OXYGEN BOTTLE;B737-800;1;EA;AR
9700G2ABF10A;OXYGEN BOTTLE;B737-800;1;EA;AR
9700G2ABF10A;OXYGEN BOTTLE;B737-800;1;EA;AR
9700G2ABF10A;OXYGEN BOTTLE;B737-800;1;EA;AR
9700G2ABF10A;OXYGEN BOTTLE;B737-800;1;EA;AR
9700G2ABF10A;OXYGEN BOTTLE;B737-800;1;EA;AR
9700G2ABF10A;OXYGEN BOTTLE;B737-800;1;EA;AR
9700G2ABF10A;OXYGEN BOTTLE;B737-800;1;EA;AR
9700G2ABF10A;OXYGEN BOTTLE;B737-800;1;EA;AR
9700G2ABF10A;OXYGEN BOTTLE;B737-800;1;EA;AR
9700G2ABF10A;OXYGEN BOTTLE;B737-800;1;EA;AR
972C10-1;VALVE, SHUTTLE;A319;1;EA;AR
975254-1;CHECK VALVE;Embraer 190;1;EA;AR
975254-1;CHECK VALVE;Embraer 190;1;EA;AR
975254-1;CHECK VALVE;Embraer 190;1;EA;AR
975254-1;CHECK VALVE;Embraer 190;1;EA;AR
975254-1;CHECK VALVE;Embraer 190;1;EA;AR
975254-4;CHECK VALVE, RTN;Embraer 190;1;EA;AR
975254-8;CHECK VALVE;Embraer 190;1;EA;AR
975285-3;VALVE-PTU SELECTOR SYSTEM 1;Embraer 190;1;EA;AR
975285-3;VALVE-PTU SELECTOR SYSTEM 1;Embraer 190;1;EA;AR
975287-701;FIREWALL SHUTOFF VALVE ACTUATOR (SUB ASSY OF VALVE;Embraer 190;1;EA;AR
975287-701;FIREWALL SHUTOFF VALVE ACTUATOR (SUB ASSY OF VALVE;Embraer 190;1;EA;AR
975287-701;FIREWALL SHUTOFF VALVE ACTUATOR (SUB ASSY OF VALVE;Embraer 190;1;EA;AR
975287-701;FIREWALL SHUTOFF VALVE ACTUATOR (SUB ASSY OF VALVE;Embraer 190;1;EA;AR
975288-3;PRIORITY VALVE   VALVE;Embraer 190;1;EA;AR
975288-3;PRIORITY VALVE   VALVE;Embraer 190;1;EA;AR
975288-3;PRIORITY VALVE   VALVE;Embraer 190;1;EA;AR
975289-3;VALVE-DUMP & THERMAL RELIEF;Embraer 190;1;EA;AR
975289-3;VALVE-DUMP & THERMAL RELIEF;Embraer 190;1;EA;AR
975289-3;VALVE-DUMP & THERMAL RELIEF;Embraer 190;1;EA;AR
975289-3;VALVE-DUMP & THERMAL RELIEF;Embraer 190;1;EA;AR
975289-3;VALVE-DUMP & THERMAL RELIEF;Embraer 190;1;EA;AR
975289-3;VALVE-DUMP & THERMAL RELIEF;Embraer 190;1;EA;AR
975301-5;FLOW LIMITER VALVE SYSTEM #3;Embraer 190;1;EA;SV
975302-1;VALVE-PUMP UNLOADER SYSTEM #3;Embraer 190;1;EA;SV
975302-1;VALVE-PUMP UNLOADER SYSTEM #3;Embraer 190;1;EA;AR
975303-3;VALVE-PRIORITY;Embraer 190;1;EA;SV
975303-3;VALVE-PRIORITY;Embraer 190;1;EA;AR
975303-3;VALVE-PRIORITY;Embraer 190;1;EA;AR
975303-3;VALVE-PRIORITY;Embraer 190;1;EA;AR
975303-3;VALVE-PRIORITY;Embraer 190;1;EA;AR
975303-3;VALVE-PRIORITY;Embraer 190;1;EA;AR
9811795;CHECK VALVE;A319;1;EA;AR
9811795;CHECK VALVE;A319;1;EA;AR
986F12-1;PRESS SERV CHK VALVE;A319;1;EA;AR
986F12-1;PRESS SERV CHK VALVE;A319;1;EA;AR
9C148-4;CARTRIDGE-AUXILIARY AC FUEL PUMP;Embraer 190;1;EA;SV
9C148-4;CARTRIDGE-AUXILIARY AC FUEL PUMP;Embraer 190;1;EA;AR
9C148-4;CARTRIDGE-AUXILIARY AC FUEL PUMP;Embraer 190;1;EA;SV
9C148-4;CARTRIDGE-AUXILIARY AC FUEL PUMP;Embraer 190;1;EA;AR
9C149-3;CANISTER-AC AUXILIARY BOOST PUMP;Embraer 190;1;EA;AR
9C149-3;CANISTER-AC AUXILIARY BOOST PUMP;Embraer 190;1;EA;AR
9C149-3;CANISTER-AC AUXILIARY BOOST PUMP;Embraer 190;1;EA;AR
9C149-3;CANISTER-AC AUXILIARY BOOST PUMP;Embraer 190;1;EA;AR
9EL410333-01;STROBE LIGHT COVER;A319;1;EA;AR
9EL410333-01;STROBE LIGHT COVER;A319;1;EA;AR
A12SA;VOICE GUN/ELEC MEG PHONE;Embraer 190;1;EA;SV
A12SA;VOICE GUN/ELEC MEG PHONE;Embraer 190;1;EA;SV
A12SA;VOICE GUN/ELEC MEG PHONE;Embraer 190;1;EA;AR
A156039-1;VALVE, SHUTOFF;Embraer 190;1;EA;AR
A171061-1;CARGO FLOOD LIGHT;Embraer 190;1;EA;AR
A171061-1;CARGO FLOOD LIGHT;Embraer 190;1;EA;AR
A171061-1;CARGO FLOOD LIGHT;Embraer 190;1;EA;AR
A171061-1;CARGO FLOOD LIGHT;Embraer 190;1;EA;AR
A171061-1;CARGO FLOOD LIGHT;Embraer 190;1;EA;AR
A171061-1;CARGO FLOOD LIGHT;Embraer 190;1;EA;AR
A171061-1;CARGO FLOOD LIGHT;Embraer 190;1;EA;AR
A171061-1;CARGO FLOOD LIGHT;Embraer 190;1;EA;AR
A171061-1;CARGO FLOOD LIGHT;Embraer 190;1;EA;AR
A171061-1;CARGO FLOOD LIGHT;Embraer 190;1;EA;AR
A25315-1;PARK BRKOPERT VALVE;A319;1;EA;SV
A25315-1;PARK BRKOPERT VALVE;A319;1;EA;AR
A25316-101;VALVE;A319;1;EA;SV
A25316-101;VALVE;A319;1;EA;AR
A25434006-200;VALVE - DUAL DISTRIBUTION;A321;1;EA;AR
A80986-2;VALVE BODY;A321;1;EA;AR
AA50004-4;CABIN UNIT, WALL MOUNT (GEC SENSORS);A319;1;EA;AR
ABS0309-03;SWITCH-LIMIT;A319;1;EA;AR
AC40-0217100;NET-DOOR TYPE B;A319;1;EA;AR
AC40-0217200;NET-DOOR;A320;1;EA;AR
AC40-0217400;NET, DOOR;A320;1;EA;AR
AC40-0217500;NET DIVIDER;A320;1;EA;AR
AC67760;VALVE,ASSY;RB211;1;EA;AR
AC67760;VALVE,ASSY;RB211;1;EA;AR
AC67760;VALVE,ASSY;RB211;1;EA;AR
AC67760;VALVE,ASSY;RB211;1;EA;AR
AC67760;VALVE,ASSY;RB211;1;EA;AR
AC67760;VALVE,ASSY;RB211;1;EA;AR
AC67760;VALVE,ASSY;RB211;1;EA;AR
AC67760;VALVE,ASSY;RB211;1;EA;AR
AC67760;VALVE,ASSY;RB211;1;EA;AR
AC67926;HP HANDLING BLEED VALVE;B757;1;EA;OH
AC67926;HP HANDLING BLEED VALVE;B757;1;EA;AR
AC67926;HP HANDLING BLEED VALVE;B757;1;EA;AR
AC67926;HP HANDLING BLEED VALVE;B757;1;EA;AR
AC67926;HP HANDLING BLEED VALVE;B757;1;EA;AI
AC67926;HP HANDLING BLEED VALVE;B757;1;EA;AR
AC67926;HP HANDLING BLEED VALVE;B757;1;EA;AR
AC67926;HP HANDLING BLEED VALVE;B757;1;EA;AR
AC67926;HP HANDLING BLEED VALVE;B757;1;EA;AR
AC67960;HP SOLONOID VALVE;RB211;1;EA;AR
AC67960;HP SOLONOID VALVE;RB211;1;EA;AR
AC67960;HP SOLONOID VALVE;RB211;1;EA;AR
AC67960;HP SOLONOID VALVE;RB211;1;EA;AR
AC67960;HP SOLONOID VALVE;RB211;1;EA;AR
AC67960;HP SOLONOID VALVE;RB211;1;EA;AR
AC67960;HP SOLONOID VALVE;RB211;1;EA;AR
AC67960;HP SOLONOID VALVE;RB211;1;EA;AR
AC67960;HP SOLONOID VALVE;RB211;1;EA;AR
AC68A100;MDDU-M DISK DRIVE UNT;A319;1;EA;AR
AC69022;VALVE,BLEED;RB211;1;EA;AR
AC69022;VALVE,BLEED;RB211;1;EA;AR
AC69022;VALVE,BLEED;RB211;1;EA;AR
AC69022;VALVE,BLEED;RB211;1;EA;AR
AC69022;VALVE,BLEED;RB211;1;EA;AR
AC69022;VALVE,BLEED;RB211;1;EA;AR
AC69178;HP SOLONOID VALVE;RB211;1;EA;AR
AC69178;HP SOLONOID VALVE;RB211;1;EA;AR
AC69178;HP SOLONOID VALVE;RB211;1;EA;AR
AC69178;HP SOLONOID VALVE;RB211;1;EA;AR
AC69178;HP SOLONOID VALVE;RB211;1;EA;SV
AC69178;HP SOLONOID VALVE;RB211;1;EA;AR
AC69574;HPC STG 10 SOLENOID VALVE;A319;1;EA;AR
AC69574;HPC STG 10 SOLENOID VALVE;A319;1;EA;AR
AC69576;CABIN AIR SOLENOID VALVE;A319;1;EA;SV
AC69606;VALVE,ASSY;RB211;1;EA;AR
AC69606;VALVE,ASSY;RB211;1;EA;AR
AC69606;VALVE,ASSY;RB211;1;EA;AR
AC69606;VALVE,ASSY;RB211;1;EA;AI
AC69606;VALVE,ASSY;RB211;1;EA;AR
AC69674;STG 10 SOLENOID VALVE;A319;1;EA;AR
AC69674;STG 10 SOLENOID VALVE;A319;1;EA;SV
AC69924;VALVE, BLEED;V2500-A5;1;EA;AR
AC69924;VALVE, BLEED;V2500-A5;1;EA;AR
AC69924;VALVE, BLEED;V2500-A5;1;EA;AR
AC69924;VALVE, BLEED;V2500-A5;1;EA;AR
AC69924;VALVE, BLEED;V2500-A5;1;EA;AR
AC69924;VALVE, BLEED;V2500-A5;1;EA;AR
AC69924;VALVE, BLEED;V2500-A5;1;EA;AR
AC69924;VALVE, BLEED;V2500-A5;1;EA;AR
ACP2788AB04;AUDIO CONTROL PANEL;A320;1;EA;SV
ACR/EM-1A;MEGAPHONE PORTABLE SAFETY;B737;1;EA;AR
AL-RF15-100-2;REFRIGERATOR;A319;1;EA;AR
AMU2790CB04;AMU - AUDIO MANAGEMENT UNIT;A321;1;EA;SV
APE5100;COCKPIT CLOCK;A319;1;EA;SV
APE5200;ELECTRONIC CLOCK;Embraer 190;1;EA;SV
APTE182-30BARG;PRESSURE TRANSDUCER;A320;1;EA;AR
APTE182-30BARG;PRESSURE TRANSDUCER;A320;1;EA;AR
APTE182-30BARG;PRESSURE TRANSDUCER;A320;1;EA;AR
APTE182-30BARG;PRESSURE TRANSDUCER;A320;1;EA;AR
APTE182-30BARG;PRESSURE TRANSDUCER;A320;1;EA;AR
AR4709-3;CONTROLLER, CDLS;A320;1;EA;AR
AR4709-3;CONTROLLER, CDLS;A320;1;EA;AR
AS-200-00003;REINFORCED COCKPIT DOOR ATTENDANT C;Embraer 190;1;EA;AR
AS-33-0008;LED EXTERNAL EMERGENCY LIGHT;Embraer 190;1;EA;AR
AS-33-0008;LED EXTERNAL EMERGENCY LIGHT;Embraer 190;1;EA;AR
AS-33-0008;LED EXTERNAL EMERGENCY LIGHT;Embraer 190;1;EA;AR
AS-33-0008;LED EXTERNAL EMERGENCY LIGHT;Embraer 190;1;EA;AR
AS-33-0008;LED EXTERNAL EMERGENCY LIGHT;Embraer 190;1;EA;AR
AS-52-0004;COCKPIT DOOR LOCK;Embraer 190;1;EA;SV
AT-10-4501-01;CABIN ANTENNA;A319;1;EA;AR
AT-10-4513-01;CABIN ANTENNA;A319;1;EA;AR
AV13J5144;FUEL CONNECT/BYPASS VALVE;B737-700;1;EA;SV
B221200HK641;COCKPIT DOOR;B737-800;1;EA;AR
B222401AN503;COCKPIT DOOR JAMB;B737-800;1;EA;AR
B372BAM0511;SPOILER ELEVATOR COMPUTER;A319;1;EA;AR
B372BAM0511;SPOILER ELEVATOR COMPUTER;A319;1;EA;SV
B401ACM0507;CF DIU-C F D1SPLY UNT;A319;1;EA;SV
B401ACM0507;CF DIU-C F D1SPLY UNT;A319;1;EA;AR
B546CCM0106;FLIGHT MANAGMENT COMPUTER;A320;1;EA;AR
B546CCM0106;FLIGHT MANAGMENT COMPUTER;A320;1;EA;AR
B546CCM0106;FLIGHT MANAGMENT COMPUTER;A320;1;EA;AR
B546CCM0106;FLIGHT MANAGMENT COMPUTER;A320;1;EA;SV
B924-90270-000-00;SECTION TRANSVERSE;A319;1;EA;AR
BA21741GSR-2;FIRE EXT BOTTLE,PXICBN;A319;1;EA;AR
BA21741GSR-2;FIRE EXT BOTTLE,PXICBN;A319;1;EA;AR
BA21741GSR-2;FIRE EXT BOTTLE,PXICBN;A319;1;EA;AR
BA21741GSR-2;FIRE EXT BOTTLE,PXICBN;A319;1;EA;AR
BA23094-1;G.A. AUTO EXTINGUISHER;Embraer 190;1;EA;AR
BA23094-1;G.A. AUTO EXTINGUISHER;Embraer 190;1;EA;AR
BA24320A-1;FIRE EXT BOTTLE, LAV;A319;1;EA;AR
BA24320A-1;FIRE EXT BOTTLE, LAV;A319;1;EA;AR
BA24320A-1;FIRE EXT BOTTLE, LAV;A319;1;EA;AR
BA24320A-1;FIRE EXT BOTTLE, LAV;A319;1;EA;AR
BA24320A-1;FIRE EXT BOTTLE, LAV;A319;1;EA;AR
BA24320A-1;FIRE EXT BOTTLE, LAV;A319;1;EA;AR
BC2065C;SELCAL CODE PANEL;A319;1;EA;AR
BC2065C;SELCAL CODE PANEL;A319;1;EA;AR
BHC1060-04;HYDRAULIC CONTROL UNIT;A319;1;EA;AR
BMA3603AA01;AUDIO JUNCTION BOX;A319;1;EA;AR
C-07202-2;COAXIAL CONTROL SHAKER;B737;1;EA;AR
C-07202-2;COAXIAL CONTROL SHAKER;B737;1;EA;AR
C12404AA01;CONTROL UNIT - ATC, TCAS;A321;1;EA;AR
C158818-1;FLAP ACTUATOR 1L ASSEMBLY E175;Embraer 190;1;EA;AR
C158818-1;FLAP ACTUATOR 1L ASSEMBLY E175;Embraer 190;1;EA;AR
C158819-1;FLAP ACTUATOR 2L ASSEMBLY E175;Embraer 190;1;EA;AR
C158819-1;FLAP ACTUATOR 2L ASSEMBLY E175;Embraer 190;1;EA;AR
C158820-1;FLAP ACTUATOR 3L 4L ASSEMBLY E175;Embraer 190;1;EA;AR
C158820-1;FLAP ACTUATOR 3L 4L ASSEMBLY E175;Embraer 190;1;EA;AR
C158820-1;FLAP ACTUATOR 3L 4L ASSEMBLY E175;Embraer 190;1;EA;AR
C158820-1;FLAP ACTUATOR 3L 4L ASSEMBLY E175;Embraer 190;1;EA;AR
C158821-1;FLAP ACTUATOR 1R ASSEMBLY E175;Embraer 190;1;EA;AR
C158821-1;FLAP ACTUATOR 1R ASSEMBLY E175;Embraer 190;1;EA;AR
C158822-1;ACTUATOR-FLAP E190 2R;Embraer 190;1;EA;AR
C158822-1;ACTUATOR-FLAP E190 2R;Embraer 190;1;EA;AR
C158823-1;FLAP ACTUATOR 3R 4R ASSEMBLY E175;Embraer 190;1;EA;AR
C158823-1;FLAP ACTUATOR 3R 4R ASSEMBLY E175;Embraer 190;1;EA;AR
C158823-1;FLAP ACTUATOR 3R 4R ASSEMBLY E175;Embraer 190;1;EA;AR
C158823-1;FLAP ACTUATOR 3R 4R ASSEMBLY E175;Embraer 190;1;EA;AR
C19BQ0014;RESERVOIR - HYDRAULIC BLUE;A321;1;EA;AR
C19BQ0016;BLUE HYD RESERVOIR;A319;1;EA;AR
C19BQ0016;BLUE HYD RESERVOIR;A319;1;EA;AR
C19DS0014;RESERVOIR - HYDRAULIC, YELLOW;A321;1;EA;AR
C19DS0016;YELLOW HYD RESERVOIR;A319;1;EA;AR
C19DS0016;YELLOW HYD RESERVOIR;A319;1;EA;AR
C19DS0024;RESERVOIR-HYDRAULIC, GREEN;A321;1;EA;AR
C19DS0026;GREEN HYD RESERVOIR;A319;1;EA;AR
C19DS0026;GREEN HYD RESERVOIR;A319;1;EA;AR
C20105000;MLG TACHOMETER;A319;1;EA;AR
C20105000;MLG TACHOMETER;A319;1;EA;AR
C20105000;MLG TACHOMETER;A319;1;EA;AR
C20105000-2;TACHOMETER;A320;1;EA;SV
C202163392E34;BSCU BRAKE STEERING;A320;1;EA;AR
C24592000-1;HYD MASTER CYLINDER;A319;1;EA;AR
C24592000-1;HYD MASTER CYLINDER;A319;1;EA;AR
C24730001-6;NLG UPLOCK;A319;1;EA;AR
C24730001-6;NLG UPLOCK;A319;1;EA;AR
C24730100;NLG DOOR UPLOCK;A319;1;EA;SV
C24730100;NLG DOOR UPLOCK;A319;1;EA;AR
C24739001;MANIFOLD-BRAKE L/H;A319;1;EA;AR
C24740001;MANIFOLD-BRAKE R/H;A319;1;EA;AR
C24837101-3;MANIFOLD-NORMAL BRAKE ASSY;A319;1;EA;SV
C24837101-3;MANIFOLD-NORMAL BRAKE ASSY;A319;1;EA;AR
C-5K;COMPASS - STANDBY;A319;1;EA;SV
C-5L;COMPASS - STANDBY;B737;1;EA;AR
C93R38-601;FUEL PUMP CANISTER;A319;1;EA;AR
C93R38-601;FUEL PUMP CANISTER;A319;1;EA;AR
C93R38-606;PUMP, FUEL CANISTER;A319;1;EA;AR
C93R38-606;PUMP, FUEL CANISTER;A319;1;EA;AR
C93R38-606;PUMP, FUEL CANISTER;A319;1;EA;AR
C93R38-606;PUMP, FUEL CANISTER;A319;1;EA;AR
CG1151AC03;CONTROL AND DISPLAY;A319;1;EA;SV
CMK80-01;PRESSURE SWITCH;A319;1;EA;AR
CN120;VALVE - MANUAL CONTROL;A321;1;EA;AR
CN120;VALVE - MANUAL CONTROL;A321;1;EA;AR
CT191B;AIR CHECK VALVE;A319;1;EA;AR
CU09644003;RESOLVER ASSY-AUTOTHROTTLE;B737-700;1;EA;AR
CU09644003;RESOLVER ASSY-AUTOTHROTTLE;B737-700;1;EA;AR
CV02-55;CHECK VALVE;B737-800;1;EA;AR
CV02-55;CHECK VALVE;B737-800;1;EA;AR
CZ9284E;TRANSDUCER - PRESSURE;A321;1;EA;AR
CZ9DM6A;TRANSDUCER-PRESSURE;A319;1;EA;SV
D0001039000000;FAIRING ASSY-MOVEABLE;A319;1;EA;AR
D00010390000BL;FAIRING ASSY-MOVABLE LH;A320;1;EA;AR
D0001039000100;FAIRING ASSY-MOVEABLE R/H;A319;1;EA;AR
D00010390001BL;FAIRING ASSY-MOVABLE RH;A320;1;EA;AR
D2121139100000;AIR OUTLET INDICATOR COCKPIT;A319;1;EA;AR
D2121139100000;AIR OUTLET INDICATOR COCKPIT;A319;1;EA;AR
D2127415000200;DUCT ASSY;A321;1;EA;AR
D2127415100000;DUCT ASSY;A319;1;EA;AR
D2157110002200;INLET ASSY RAM AIR RH;A319;1;EA;AR
D2157120101400;DUCT;A320;1;EA;AR
D2157180002200;MAIN DUCT-HEAT SECONDARY;A321;1;EA;AR
D23969-125;LIFE RAFT - 10 PERSON;A319;1;EA;AR
D27270001014;RUDDER CONTROL UNIT;A321;1;EA;AR
D2727025120000;SPRING ROD;A319;1;EA;AR
D272-70400-010;SOLENOID-ART, FEEL RUDDER;A319;1;EA;AR
D2727040001200;ARTIFICIAL FEEL UNIT;A320;1;EA;SV
D2755001500000;FLAP CONT ARM;A319;1;EA;AR
D2755001500100;FLAP CONTROL ARM;A319;1;EA;AR
D2755001600000;FLAP CONTROL ARM;A319;1;EA;AR
D2755001600100;FLAP CONTROL ARM;A319;1;EA;AR
D2755001700000;FLAP CONT ARM;A319;1;EA;AR
D2785001700100;FLAP CONTROL ARM;A319;1;EA;AR
D28104000-000;FUEL DRAIN TOOL;A319;1;EA;AR
D28150030006;FUEL TUBE;A320;1;EA;AR
D2815003000702;FUEL TANK;A320;1;EA;AR
D282-70039-006-00;APU DRAIN MAST;A320;1;EA;AR
D2907017000400;HYDRAULIC MANIFOLD;A321;1;EA;AR
D2907017400000;MANIFOLD;A319;1;EA;AR
D2907017400000;MANIFOLD;A319;1;EA;AR
D2907017400000;MANIFOLD;A319;1;EA;AR
D2907017500200;MANIFOLD;A321;1;EA;AR
D2907023400000;UNION- PWR TRANSFER SPCL;A319;1;EA;AR
D2907023400000D;CONNECTOR, HYDRAULIC;A319;1;EA;AR
D2907023400000D;CONNECTOR, HYDRAULIC;A319;1;EA;AR
D3221011600200;ROD ASSY NLG W/W ADJUSTABLE;A320;1;EA;AR
D3221011600200;ROD ASSY NLG W/W ADJUSTABLE;A320;1;EA;AR
D3221011600400;ROD ASSY-ADJUSTABLE;A319;1;EA;AR
D3221011600400;ROD ASSY-ADJUSTABLE;A319;1;EA;AR
D3221011600400;ROD ASSY-ADJUSTABLE;A319;1;EA;AR
D3221011600400;ROD ASSY-ADJUSTABLE;A319;1;EA;AR
D3221401500351;MECHANISM-DR OPS;A320;1;EA;AR
D323-70101-000;MANIFOLD-FUSES;A320;1;EA;AR
D3237010100000;DUAL VALVE-SAFETY;A319;1;EA;AR
D323-70101-000-00F;VALVE, BLOCK;A319;1;EA;AR
D3237010500400;MANIFOLD ASSY;A321;1;EA;AR
D3237010500400;MANIFOLD ASSY;A321;1;EA;AR
D32370107000;VALVE ASSY;;1;EA;SV
D3237010900400;VALVE ASSY;A319;1;EA;AR
D3247010400200;MANIFOLD ASSY;A319;1;EA;AR
D3292-4000A;IDG COOLER;RB211;1;EA;AI
D3611018500800;DUCT ASSY LH;A321;1;EA;AR
D3611018500900;DUCT ASSY RH;A319;1;EA;AR
D3611018500900;DUCT ASSY RH;A319;1;EA;AR
D52000-42000;OPTICAL QUICK ACCESS RECORDER;;1;EA;AR
D5211000100000;DOOR ASSY - FWD PAX L/H;A321;1;EA;AR
D5211000100000B00;LH FWD PAX DOOR;A319;1;EA;AR
D5211000100100;PAX DOOR;A320;1;EA;AR
D5211000100100B00;DOOR, R-1;A319;1;EA;AR
D5211100100000;DOOR ASSY - FWD PAX L/H;A321;1;EA;AR
D5211100100000B00;LH AFT PAX DOOR;A319;1;EA;AR
D5211100100100;PAX DOOR;A320;1;EA;AR
D5211100100100B00;DOOR, R-2;A319;1;EA;AR
D5227900200600;DOOR ASSY-EMERGENCY EXIT;A319;1;EA;AR
D5227900200600;DOOR ASSY-EMERGENCY EXIT;A319;1;EA;AR
D5227900200600;DOOR ASSY-EMERGENCY EXIT;A319;1;EA;AR
D5227900200700;DOOR ASSY-EMERGENCY EXIT;A319;1;EA;AR
D5227900200700;DOOR ASSY-EMERGENCY EXIT;A319;1;EA;AR
D5227900200700;DOOR ASSY-EMERGENCY EXIT;A319;1;EA;AR
D5237180000000;DOOR ASSY - CARGO COMPARTMENT, FWD;A319;1;EA;AR
D5237180000800;CARGO DOOR;A320;1;EA;AR
D5237197000800;CARGO DOOR;A320;1;EA;AR
D5237200002400;BULK CARGO DOOR;A320;1;EA;AR
D5237295000000;DOOR ASSY - CARGO COMPARTMENT AFT;A319;1;EA;AR
D5241012501000;FWD E&E DOOR ACCESS;A319;1;EA;AR
D5241012502000;AVIONICS ACCESS DOOR;A320;1;EA;AR
D5241014800400;ACCESS DOOR RH;A319;1;EA;AR
D5241014800400;ACCESS DOOR RH;A319;1;EA;AR
D5241018000400;ACCESS DOOR LH;A319;1;EA;AR
D5241018000400;ACCESS DOOR LH;A319;1;EA;AR
D5241020700400;AFT E&E DOOR ACCESS;A319;1;EA;AR
D5241020700400;AFT E&E DOOR ACCESS;A319;1;EA;AR
D5247000500200;DOOR ASSY-SERVICE DOOR- FLT RE;A319;1;EA;AR
D5248550000400;DOOR-ACCESS;A319;1;EA;AR
D5248550000800;ACCESS DOOR L/H;A320;1;EA;AR
D5248570000400;DOOR-ACCESS;A319;1;EA;AR
D5248570001000;DOOR ASSY;A320;1;EA;AR
D5281008901600;DOOR ASSY NLG AFT;A319;1;EA;AR
D5281008901700;DOOR ASSY NLG AFT;A319;1;EA;AR
D5284000800600;HINGED FAIRING ASSY LH;A319;1;EA;AR
D5284000800700;HINGED FAIRING ASSY;A319;1;EA;AR
D52853012000;HINGE ASSY;;1;EA;AR
D5285600000200;LEG FAIRING ASSY LH;A319;1;EA;AR
D5285600000300;LEG FAIRING ASSY;A319;1;EA;AR
D52856010002;UC LEG FAIRING GA;A320;1;EA;AR
D52856010003;LEG FAIRING;A320;1;EA;AR
D5311085100000;CENTRAL SHIELD;A319;1;EA;AR
D5311085100000;CENTRAL SHIELD;A319;1;EA;AR
D5311085200000;LH SHIELD;A319;1;EA;AR
D5311085200000;LH SHIELD;A319;1;EA;AR
D5311085300000;RH SHIELD;A319;1;EA;AR
D5311085300000;RH SHIELD;A319;1;EA;AR
D5323185200000;PANEL ASSY;A319;1;EA;AR
D5323185800000;PANEL ASSY, LOWER;A319;1;EA;AR
D5323187200000;PANEL ASSY;A319;1;EA;AR
D5331015900400;DOOR, ACCESS PANEL;A319;1;EA;AR
D5331015900400;DOOR, ACCESS PANEL;A319;1;EA;AR
D5331016600400;PANEL ASSY;A319;1;EA;AR
D5331016600500;PANEL ASSY;A319;1;EA;AR
D5331034500400;FAIRING ASSY;A319;1;EA;AR
D5331103800000;PANEL ASSY;A319;1;EA;AR
D5335000900800;PANEL ASSY;A319;1;EA;AR
D5335000900900;PANEL ASSY;A319;1;EA;AR
D5337170605200;PANEL, LOWER ACCESS L/H;A319;1;EA;AR
D533-71706-054;FAIRING;A320;1;EA;AR
D5337170702000;ACCESS DOOR ASSY;A320;1;EA;AR
D5337171605200;PANEL, LOWER ACESS, R/H;A319;1;EA;AR
D5337171702000;ACCESS DOOR ASSY;A320;1;EA;AR
D5337172001000;DOOR, SELECTOR VALVE LH;A319;1;EA;AR
D5337173005400;FAIRING WING TO FUSE. 36-40;A319;1;EA;AR
D5337176005400R;WING TO BODY PANEL RH;A319;1;EA;AR
D5337177005000;FAIRNING-WING TO FUSELAGE-LH;A319;1;EA;AR
D5337177505400;FAIRING-WING TO FUSELAGE;A319;1;EA;AR
D5337178000200;FAIRING ASSY-WING TO FUSELAGE;A319;1;EA;AR
D5337178601000M;FAIRING-UPR;A319;1;EA;AR
D5337178601100;FAIRING-UPPER;A319;1;EA;AR
D5337501001100Q;FAIRING ASSY RH;A319;1;EA;AR
D5337509005200;FAIRING, WING -TO FUSELAGE;A319;1;EA;AR
D5347501005600AE;FAIRING;A319;1;EA;AR
D5347502005600AE;WING TO BODY FAIRING RH;A319;1;EA;AR
D5347503005200;FAIRING;A319;1;EA;AR
D5347504005400;FAIRING-AFT;A319;1;EA;AR
D5348005700851;PANEL ASSY-SERVICE DOOR, PORT WATER;A319;1;EA;AR
D5348005900052;PANAL ASSY-SERVICE DOOR LAV;A319;1;EA;AR
D5357072500600;FAIRING VERT. STAB BEH;A320;1;EA;AR
D5357072500700;FAIRING VERT. STAB BEH;A320;1;EA;AR
D5453032200400;PANEL;A319;1;EA;AR
D5453033900000;PANEL;A319;1;EA;AR
D5453037700100;PANEL;A319;1;EA;AR
D5453037900000;PANEL;A319;1;EA;AR
D5453037980100;PANEL;A319;1;EA;AR
D5453038300000;FILLET;A319;1;EA;AR
D5453038500000;FILLET;A319;1;EA;AR
D5453038500100;FILLET;A319;1;EA;AR
D5453038700000;FILLET ASSY-OUTER,PAINTED LH;A319;1;EA;AR
D5453038703100;FILLET ASSY-OUTER R/H;A319;1;EA;AR
D5453038900100;FILLET ASSY-INNER R/H;A319;1;EA;AR
D5517003000000;FAIRING, HTP;A319;1;EA;AR
D5517003000100;FAIRING, HTP;A319;1;EA;AR
D5517004000000;FAIRING ASSY LH, HTP;A319;1;EA;AR
D5517004000100;FAIRING, HTP;A319;1;EA;AR
D551-83116-002;LEX ASSY L/H;A319;1;EA;AR
D551-83116-003;LEX ASSY, R/H;A319;1;EA;AR
D551-83300-004;HORIZONTAL STAB PANEL L/H I/B;A319;1;EA;AR
D551-83300-005;LEADING EDGE;A319;1;EA;AR
D551-83400-004;LEADING EDGE;A319;1;EA;AR
D551-83400-005;LEADING EDGE;A319;1;EA;AR
D5518421001000;ASSY PANEL 1 L/H;A320;1;EA;AR
D5518421001100;ASSY PANEL 1;A320;1;EA;AR
D5518423001000;ASSY PNL #3;A320;1;EA;AR
D5518423001100;ASSY PANEL #3;A320;1;EA;AR
D5518424001000;ASSY PANEL 4 L/H;A320;1;EA;AR
D5518424001100;ASSY PNL 4 R/H;A320;1;EA;AR
D55184300-009;PANEL ASSY - ACCESS 1 LOWER;A319;1;EA;AR
D5518430001000;ACCESS DOOR #1 ASSY;A320;1;EA;AR
D5518430001100;ACCESS DOOR # 1 ASSY;A320;1;EA;AR
D5518431001000;ASSY ACCESS DOOR #2;A320;1;EA;AR
D5518431001100;ACCESS DOOR # 11, ASSY;A320;1;EA;AR
D55184320-009;PANEL ASSY - ACCESS 1 LOWER;A319;1;EA;AR
D5518432001000;ASSY ACCESS DOOR #3;A320;1;EA;AR
D5518432001100;ASSY ACCESS DOOR #3;A320;1;EA;AR
D5518434000900;PANEL ASSY - ACCESS 5 LOWER;A319;1;EA;AR
D5518434001000;ASSY ACCESS DOOR #5;A320;1;EA;AR
D55184350-010;COVER #5;A320;1;EA;AR
D5518436001000;ASSY ACCESS DOOR #7;A320;1;EA;AR
D5518436001100;ASSY ACCESS DOOR #7;A320;1;EA;AR
D55184361009A01;PANEL;A319;1;EA;AR
D5518437000100;ASSY ACCESS  DOOR #8;A320;1;EA;AR
D55184371090A;ACCESS PANEL;A320;1;EA;AR
D5518439000A01;COVER #4;A320;1;EA;AR
D55184395006A01;COVER 4 RIGHT;A320;1;EA;AR
D5537003700000;TIP ASSY, VERTICAL STAB;A319;1;EA;AR
D5537125000500N;PNL R/H;A320;1;EA;AR
D5537125200600P;PNL L/H;A320;1;EA;AR
D5537125200800P;VERTICAL PNL R/H;A320;1;EA;AR
D5537125300800;PANEL;A319;1;EA;AR
D5537125300900S;VERTICAL PNL R/H;A320;1;EA;AR
D5537125800000A;PNL LEADING EDGE L/H;A320;1;EA;AR
D5537125800100A;VERTICAL PNL R/H;A320;1;EA;AR
D56270002200;WINDOW, PASSENGER;A321;67;EA;AR
D57351200002E;RH WINGTIP FENCE;A319;1;EA;AR
D57351200003E;L H WINGTIP FENCE;A319;1;EA;AR
D5735127600200;PANEL GLAZING ASSY;A319;1;EA;AR
D5744358001200Z;PANEL;A319;1;EA;AR
D5744358101218A;LEADING EDGE PANEL;A320;1;EA;AR
D5744358101300Z;PANEL;A319;1;EA;AR
D57443581019;PANEL R/H 16;A320;1;EA;AR
D5744358201200Z;PANEL - LEADING EDGE;A319;1;EA;AR
D5744358201218A;LEADING EDGE PANEL L/H 14;A320;1;EA;AR
D5744358201318A;LEADING EDGE PANEL R/H 14;A320;1;EA;AR
D5744358301200Z;LEADING EDGE PANEL A;A319;1;EA;AR
D5744358301218A;LEADING EDGE PNL L/H 4;A320;1;EA;AR
D5744358301318A;LEADING EDGE PANEL R/H 13;A320;1;EA;AR
D574-43584-016-00Z;LEADING EDGE PANEL A;A319;1;EA;AR
D5744358401618A;LEADING EDGE PNL 12;A320;1;EA;AR
D5744358401718A;LEADING EDGE PNL R/H 12;A320;1;EA;AR
D5744358501200Z;PANEL;A319;1;EA;AR
D5744358501218A;LEADING EDGE PNL L/H 11;A320;1;EA;AR
D5744358501300Z;FAIRING;A319;1;EA;AR
D5744358501318A;LEADING EDGE PNL R/H 11;A320;1;EA;AR
D5744358601218A;LEADING EDGE PNL L/H 9;A320;1;EA;AR
D5744358601300Z;LEADING EDGE , PANEL;A319;1;EA;AR
D5744358602000Z;PANEL ASSY;A319;1;EA;AR
D57443586023;PANEL R-9;A320;1;EA;AR
D5744358701200Z;LEADING EDGE PANEL;A319;1;EA;AR
D5744358701218A;LEADING EDGE PNL L/H 5;A320;1;EA;AR
D5744358701300Z;PANEL;A319;1;EA;AR
D5744358701318A;LEADING EDGE PANEL R/H 5;A320;1;EA;AR
D5744358801200Z;PANEL;A319;1;EA;AR
D5744358801218A;LEADING EDGE PNL L/H 4;A320;1;EA;AR
D5744358801318A;LEADING EDGE PANEL R-4;A320;1;EA;AR
D5744358901200Z;PANEL ASSY - ACCESS BLOW OFF;A319;1;EA;AR
D5744358901218A;LEADING EDGE PNL L/H 3;A320;1;EA;AR
D5744358901300Z;LEADING EDGE PANEL A;A319;1;EA;AR
D5744358901318A;LEADING EDGE PANEL;A320;1;EA;AR
D5744359001218A;LEADING EDGE PNL L/H 2;A320;1;EA;AR
D5744359001300Z;PANEL, LEADING EDGE;A319;1;EA;AR
D57443590023;LEADING EDGE PANEL R-2;A320;1;EA;AR
D5744359101218A;LEADING EDGR PNL L/H 1;A320;1;EA;AR
D5744359101318A;LEADING EDGE PANEL R-1;A320;1;EA;AR
D5744379200400Z;LEADING EDGE PANEL LH;A319;1;EA;AR
D5744379200418A;ACCESS PANEL;A320;1;EA;AR
D5744379300418A;ACCESS PNL L/H 7;A320;1;EA;AR
D5744379300518A;ACCESS PANEL R/H 7;A320;1;EA;AR
D5744380800600Z;LEADING EDGE PANEL;A319;1;EA;AR
D5744380800618A;LEADING EDGE PNL L/H 6;A320;1;EA;AR
D5744380800718A;LEADING EDGE PANEL R/H 6;A320;1;EA;AR
D5744381100418A;ACCESS PANEL;A320;1;EA;AR
D5745006600100Z;PANEL-ACCESS (RH);A319;1;EA;AR
D5745014600618A;PANEL ASSY L/H 15;A320;1;EA;AR
D5745014600718A;PANEL R-5;A320;1;EA;AR
D5746027800400;SLAT ASSY NO 2 LH;A319;1;EA;AR
D5746027800500;SLAT ASSY NO 2 RH;A319;1;EA;AR
D5746037800700;SLAT ASSY NO 3 RH;A319;1;EA;AR
D5746047700100;SLAT ASSY NO 4 RH;A319;1;EA;AR
D5746047800800;SLAT ASSY NO 4 LH;A319;1;EA;AR
D5746059800700;SLAT ASSY NO 5 RH;A319;1;EA;AR
D5746060000600;SLAT ASSY NO 1 LH;A319;1;EA;AR
D5746060000700;SLAT ASSY NO 1 RH;A319;1;EA;AR
D5746130100800;SLAT TRACK# 1;A319;1;EA;AR
D5746130100800;SLAT TRACK# 1;A319;1;EA;AR
D5746130101000;TRACK ASSY #1 R/H;A320;1;EA;AR
D5746130101000;TRACK ASSY #1 R/H;A320;1;EA;AR
D5746130200800;SLAT TRACK #2;;1;EA;AR
D5746130200800;SLAT TRACK #2;;1;EA;AR
D5746130201000;TRACK ASSY #2 L/H;A320;1;EA;AR
D5746130201000;TRACK ASSY #2 L/H;A320;1;EA;AR
D5746130300600;SLAT TRACK #9;A319;1;EA;AR
D5746130301200;SLAT TRACK #3;A319;1;EA;AR
D5746130301200;SLAT TRACK #3;A319;1;EA;AR
D5746130301400;TRACK ASSY L/H#3;A320;1;EA;AR
D5746130301400;TRACK ASSY L/H#3;A320;1;EA;AR
D5746130400800;SLAT TRACK #4;A319;1;EA;AR
D5746130400800;SLAT TRACK #4;A319;1;EA;AR
D5746130401000;TRACK ASSY #4 R/H;A320;1;EA;AR
D5746130401000;TRACK ASSY #4 R/H;A320;1;EA;AR
D5746130501000;SLAT TRACK #5;A319;1;EA;AR
D5746130501000;SLAT TRACK #5;A319;1;EA;AR
D5746130501200;TRACK ASSY #5 L/H;A320;1;EA;AR
D5746130501200;TRACK ASSY #5 L/H;A320;1;EA;AR
D5746130600600;SLAT TRACK #6;A319;1;EA;AR
D5746130600600;SLAT TRACK #6;A319;1;EA;AR
D5746130600800;TRACK ASSY #6 L/H;A320;1;EA;AR
D5746130600800;TRACK ASSY #6 L/H;A320;1;EA;AR
D5746130700800;SLAT TRACK #7;A319;1;EA;AR
D5746130700900;SLAT TRACK #7;A319;1;EA;AR
D5746130701000;TRACK ASSY #7 L/H;A320;1;EA;AR
D5746130701100;TRACK ASSY #7 R/H;A320;1;EA;AR
D5746130800600;SLAT TRACK #8;A319;1;EA;AR
D5746130800600;SLAT TRACK #8;A319;1;EA;AR
D5746130800800;TRACK ASSY #8 L/H;A320;1;EA;AR
D5746130800800;TRACK ASSY #8 L/H;A320;1;EA;AR
D5746130900600;SLAT TRACK #9;;1;EA;AR
D5746130900800;TRACK ASSY #9 L/H;A320;1;EA;AR
D5746130900800;TRACK ASSY #9 L/H;A320;1;EA;AR
D5746131000600;SLAT TRACK #10;;1;EA;AR
D5746131000600;SLAT TRACK #10;;1;EA;AR
D5746131000800;TRACK ASSY #10 L/H;A320;1;EA;AR
D5746131000800;TRACK ASSY #10 L/H;A320;1;EA;AR
D5746131101000;SLAT TRACK #11;A319;1;EA;AR
D5746131101000;SLAT TRACK #11;A319;1;EA;AR
D5746131101200;TRACK ASSY #11 L/H;A320;1;EA;AR
D5746131101200;TRACK ASSY #11 L/H;A320;1;EA;AR
D5746131200600;SLAT TRACK #12;A319;1;EA;AR
D5746131200600;SLAT TRACK #12;A319;1;EA;AR
D5746131200800;TRACK ASSY - #12;A321;1;EA;AR
D5746131200800;TRACK ASSY - #12;A321;1;EA;AR
D5754050100600A;FWD FAIRING;A320;1;EA;AR
D5754050100700A;FWD FAIRING R/H#2;A320;1;EA;AR
D5754050100700Z;FAIRING;A319;1;EA;AR
D5754050100800A;FAIRING ASSY FWD FIXED FLAP TRACK;A319;1;EA;AR
D5754050200200Z;FAIRING, AFT LH;A319;1;EA;AR
D5754050200218A;AFT FAIRING;A320;1;EA;AR
D5754050200300Z;FAIRING ASSY;A319;1;EA;AR
D5754050200318A;AFT FAIRING R/H;A320;1;EA;AR
D5754050400218A;TOP COVER TRACK 2L/H;A320;1;EA;AR
D5754050400318A;TOP COVER TRACK 2R/H;A320;1;EA;AR
D5754051001100Z;FAIRING ASSY, FLAP TRACK 2 RH;A319;1;EA;AR
D57540534002;L/H I/B;A320;1;EA;AR
D57540534003;R/H I/B;A320;1;EA;AR
D5754060100600Z;FAIRING;A319;1;EA;AR
D5754060200200Z;FAIRING, AFT LH #2;A319;1;EA;AR
D5754060200218A;AFT FAIRING;A320;1;EA;AR
D5754060200300Z;FAIRING AFT R/H;A319;1;EA;AR
D5754060200318A;AFT FAIRING;A320;1;EA;AR
D5754060400318A;TOP COVER TRACK 3 R/H;A320;1;EA;AR
D5754070100600Z;FAIRING;A319;1;EA;AR
D5754070100700A;FWD FAIRING L/H;A320;1;EA;AR
D5754070100800A;FAIRING;A320;1;EA;AR
D5754070100900A;FAIRING FXD-FWD;A319;1;EA;AR
D5754070200200Z;FAIRING, AFT L/H;A319;1;EA;AR
D5754070200200Z;FAIRING, AFT L/H;A319;1;EA;AR
D5754070200218A;AFT FAIRING L/H;A320;1;EA;AR
D5754070200300Z;FAIRING, AFT RH;A319;1;EA;AR
D5754070200318A;AFT FAIRING R/H;A320;1;EA;AR
D5754070300061;FAIRING, FLAP TRACK 4 LH;A320;1;EA;AR
D5754070300161;FAIRING, FLAP TRACK 4 RH;A320;1;EA;AR
D5754070400218A;TOP COVER TRACK 4L/H;A320;1;EA;AR
D5754180600500;RIB CRUISE ROLLER (RH);;1;EA;AR
D5754600000800Z;PANEL ASSY ACCESS, NO 1 LH;A319;1;EA;AR
D5754600000900Z;PANEL ASSY ACCESS, NO 1 RH;A319;1;EA;AR
D5754600400500;PANEL ASSY;A319;1;EA;AR
D5754600500900Z;PANEL;A319;1;EA;AR
D5754600600500Z;PANEL ASSY;A319;1;EA;AR
D5754600600800Z;PANEL ASSY ACCESS NO 7 LH;A319;1;EA;AR
D5754600700400;PANEL ASSY;A319;1;EA;AR
D5754600700500;PANEL ASSY;A319;1;EA;AR
D5754600800500Z;PANEL ASSY R/H;A319;1;EA;AR
D5754600800800Z;PANEL;A319;1;EA;AR
D5754600900800Z;PANEL;A319;1;EA;AR
D5754601001100Z;PANEL ASSY ACCESS, NO 11;A319;1;EA;AR
D5754601101000Z;PANEL;A319;1;EA;AR
D5754601101718A;AILERON PNL R/H 3;A320;1;EA;AR
D5754601201400Z;PANEL AY- LH #2 LWR ACC;A319;1;EA;AR
D5754601201418A;AILERON PNL L/H 2;A320;1;EA;AR
D5754601201500Z;PANEL;A319;1;EA;AR
D5754601301400Z;PANEL AY- LH #3 LWR ACC;A319;1;EA;AR
D5754601301500Z;PANEL AY- RH #3 LWR ACC;A319;1;EA;AR
D5754601301518A;AILERON PNL R/H 1;A320;1;EA;AR
D5754601401818A;AILERON PNL L/H;A320;1;EA;AR
D5754601401918A;AILERON PNL;A320;1;EA;AR
D5754604900400Z;PANEL ASSY ACCESS, NO 4 LH;A319;1;EA;AR
D5754604900500Z;PANEL ASSY ACCESS NO 4 RH;A319;1;EA;AR
D5754800100800Z;PANEL;A319;1;EA;AR
D5755005501200;FLAP BEAM ASSY #2;A319;1;EA;AR
D5755005501400;BEAM ASSY FLAP TRACK NO 2;A319;1;EA;AR
D5755005601200;FLAP BEAM ASSY #3 LH;A319;1;EA;AR
D5755005601400;BEAM, R/H FLAP TRACK #3;A319;1;EA;AR
D5755005700400;BEAM ASSY - FLAP TRACK # 4 L/H;A319;1;EA;AR
D5755005701400;BEAM ASSY FLAP TRACK NO 4;A319;1;EA;AR
D5755105300000Z;FAIRING ASSY-MOVABLE FLAP TRACK;A319;1;EA;AR
D5755105300200A;FAIRING, FLAP TRACK 2 LH;A320;1;EA;AR
D5755105300300A;FAIRING, FLAP TRACK 2 RH;A320;1;EA;AR
D5755105400000Z;FAIRING ASSY- MOVABLE FLAP TRACK;A319;1;EA;AR
D5755105400100Z;FAIRING ASSY, MOVABLE, FLAP TRACK;A319;1;EA;AR
D5755105500100Z;FAIRING ASSY, MOVABLE-FLAP TRACK;A319;1;EA;AR
D5757030500200E;INTERCONNECTING STRUT ASSY;A319;1;EA;AR
D5757030500200E;INTERCONNECTING STRUT ASSY;A319;1;EA;AR
D5757065001100;FLAP ASSY, IN BOUND R/H;A319;1;EA;AR
D57571008000000000;FLAP ASSY, OUTBOARD  L/H;A319;1;EA;AR
D57571008001000000;FLAP ASSY, OUTBOARD R/H;A319;1;EA;AR
D5757200100000;SUPPORT, FLAP TRACK #1 LH;A319;1;EA;AR
D5757200100100;SUPPORT, FLAP TRACK #1 RH;A319;1;EA;AR
D5764000000800Z;AILERON ASSY  LH;A319;1;EA;AR
D5764000000900Z;AILERON ASSY RH;A319;1;EA;AR
D5775000300000Z;SPOILER ASSY - #3 LH;A319;1;EA;AR
D5775000400000Z;SPOILER ASSY - #4 LH;A319;1;EA;AR
D577-50004-001-00Z;SPOILER ASSY - #4 RH;A319;1;EA;AR
D5775000500000Z;SPOILER ASSY - #5 LH;A319;1;EA;AR
D5775610100200Z;SPOILER ASSY NO 1 LH;A319;1;EA;AR
D5775612200200Z;SPOILER #2 LH;A319;1;EA;AR
D9251066200000B00;SWITCHING PANEL;A319;1;EA;AR
D9251081000000C00;LIGHT CONTROL PANEL;A319;1;EA;AR
D92510811-00000C00;AUDIO PANEL;A319;1;EA;AR
D9251107300000A00;MIC JACK;A319;1;EA;AR
D92512276000-00A00;CARGO SMOKE PANEL;A319;1;EA;AR
D9251228100000B00;AUDIO SWITCH PANEL;A319;1;EA;AR
D9251235400000A00;OXY, HYD , APU PANEL;A319;1;EA;AR
D9251411600000A00;LG POSITION INDICATOR PANEL;A319;1;EA;AR
D9251499200000;COCKPIT DOOR CONTROL PNL;A320;1;EA;AR
D9251500200000;SWITCHING PNL;A320;1;EA;AR
D9251500600000;MUTI.FUNCTION PNL;A320;1;EA;AR
D9251500700000;CARGO SMOKE/VENT/WIPER CNTRL PNL;A320;1;EA;AR
D9251500800000;ELT CNTRL PNL;A320;1;EA;AR
D9251500900000;FLT CNTRL PNL;A320;1;EA;AR
D9251501000000;ANTI-ICE/PROBE WINDOW/CABIN PRESS PNL;A320;1;EA;AR
D9251501100000;COCKPIT DOOR VIDEO CNTRL PNL;A320;1;EA;AR
D9251501300000;AIR COND. PNL CONTROL;A320;1;EA;AR
D9251501400000;ELECT. PNL;A320;1;EA;AR
D9251501500000;HYD/FUEL PNL;A320;1;EA;AR
D9251501600000;LIGHT/AUDIO SWITCHING PNL;A320;1;EA;AR
D9251501800000;OXY/HYD/APU/ENG CTL PNL;A320;1;EA;AR
D9251502000000;SYS. 1&2 PNL;A320;1;EA;AR
D9251502100000;READING LIGHT PNL;A320;1;EA;AR
D9251502200000;ELT PNL;A320;1;EA;AR
D9251502700000;BOOM SET/HAND MIC;A320;1;EA;AR
D9251504300000;PANEL;A320;1;EA;AR
D9251504500000;TRIM/PRK BRK COCKPIT PNL;A320;1;EA;AR
D9251504600000;LIGHT PANEL;A320;1;EA;AR
D9251504700000;LIGHT CONTROL PNL;A320;1;EA;AR
D9251504900000;PANEL;A320;1;EA;AR
D9251505400000;LIGHT CTL PNL;A320;1;EA;AR
D9251506100000;CONTROL PANEL;A320;1;EA;AR
D9251584800000;COCKPIT DOOR BACKUP PNL;A320;1;EA;AR
D92550032002;REFUEL CONTROL UNIT;A320;1;EA;AR
D9259002300200;PANEL 2023VU;A319;1;EA;AR
D9259002300200C;PANEL 2023VU;A321;1;EA;AR
D9259005508800U;SPEAKER, CABIN;A319;1;EA;AR
D9259010600000;ANTENNA;A319;1;EA;AR
D9259046003800AD;OVERHEAD CONSOLE ASSY, FWD CABIN;A319;1;EA;AR
D9259046103600AE;OVERHEAD CONSOLE ASSY, AFT CABIN;A319;1;EA;AR
D9259049106600B0;OVER HEAD PNL;A320;1;EA;AR
D929794700-000;APU WIRE HARNESS;A319;1;EA;AR
D9337072420000;MANIFOLD;A319;1;EA;AR
DM1601354-001;ANTENNA - L BAND;B737-700;1;EA;AR
DM1601354-001;ANTENNA - L BAND;B737-700;1;EA;AR
DM1601354-001;ANTENNA - L BAND;B737-700;1;EA;AR
DMC50-17;ANTENNA, VHF;B737-700;1;EA;AR
DMC50-17;ANTENNA, VHF;B737-700;1;EA;AR
DMC50-17;ANTENNA, VHF;B737-700;1;EA;AR
DMN27-2;ANTENNA-MARKER;B737-700;1;EA;AR
DMN4-26;ANTENNA;B737-700;1;EA;AR
DMNI50-2-6;L-BAND ANTENNA;B737-800;1;EA;AR
DRT68923;SLEEVE-LOCK GROUND MLG;A320;1;EA;AR
DRT68923;SLEEVE-LOCK GROUND MLG;A320;1;EA;AR
E190 COCKPIT;COCKPIT;Embraer 190;1;EA;AR
E190 COCKPIT;COCKPIT;Embraer 190;1;EA;AR
E190 L/H OVERWING;OVERWING L/H;Embraer 190;1;EA;AR
E190 R/H OVERWING;OVERWING R/H;Embraer 190;1;EA;AR
ED35E109-04-00;QUICK ACCESS RECORDER QAR - AFDAMU;Embraer 190;1;EA;SV
ED43A1D5;FLT DATA INTRFC UNIT;A319;1;EA;SV
ESV010;VALVE;RB211;1;EA;AR
ESV010;VALVE;RB211;1;EA;AR
ESV010;VALVE;RB211;1;EA;AR
EVT174-21C;FAN MOTOR ASSY;A320;1;EA;AR
EVT174-21C;FAN MOTOR ASSY;A320;1;EA;AR
EVT174-21C;FAN MOTOR ASSY;A320;1;EA;AR
EVT174-21C;FAN MOTOR ASSY;A320;1;EA;AI
EVT174-2E8;BRAKE COOLING FAN;A320;1;EA;AR
EVT174-2E8;BRAKE COOLING FAN;A320;1;EA;AR
EVT174-2E8;BRAKE COOLING FAN;A320;1;EA;AR
EVT174-2E9;FAN ASSY;A320;1;EA;AR
F7-330-1;PRESSURE SWITCH;Embraer 190;1;EA;AR
F7-330-1;PRESSURE SWITCH;Embraer 190;1;EA;AR
F7-330-1;PRESSURE SWITCH;Embraer 190;1;EA;AR
F7-337-1;PRESSURE SWITCH;Embraer 190;1;EA;AR
F7-337-1;PRESSURE SWITCH;Embraer 190;1;EA;AR
F7-337-1;PRESSURE SWITCH;Embraer 190;1;EA;AR
FD932DVD-4B;DVD/CD/MP3 PLAYER;Embraer 190;1;EA;AR
FE374500000;ACTUATOR-DOOR DAMPER CYLINDER;Embraer 190;1;EA;AR
FE374500000;ACTUATOR-DOOR DAMPER CYLINDER;Embraer 190;1;EA;AR
FH285-03;KNEED GUIDE;A321;1;EA;AR
FH285-07;BULKHEAD CONNECTION;A320;1;EA;AR
FN00B3D3YS01037;SEAT-CABIN ATTENDANT;A321;1;EA;AR
FN24QYD3YS01037;SEAT-CABIN ATTENDANT;A321;1;EA;AR
FN24QYD3YS01037;SEAT-CABIN ATTENDANT;A321;1;EA;AR
FRH100013A;SWITCH-PRESSURE;A319;1;EA;AR
FRH230003C;VALVE PRESSURE REDECER;A320;1;EA;AR
FRH340003H;DRAIN VALVE;A320;1;EA;AR
FRH340003H;DRAIN VALVE;A320;1;EA;AR
FRH340003H;DRAIN VALVE;A320;1;EA;SV
FT1140;TRANSFORMER;B737-700;1;EA;AR
FT1140;TRANSFORMER;B737-700;1;EA;AR
FT1145;AUTOTRANSFORMER;B737-800;1;EA;AR
FT1348;AUTOTRANSFORMER;B737-700;1;EA;AR
FT1348;AUTOTRANSFORMER;B737-700;1;EA;AR
G-4304F;PRESSURE GAUGE;Embraer 190;1;EA;AR
G-4304F;PRESSURE GAUGE;Embraer 190;1;EA;AR
G-4304F;PRESSURE GAUGE;Embraer 190;1;EA;AR
G-4304F;PRESSURE GAUGE;Embraer 190;1;EA;AR
G-4304F;PRESSURE GAUGE;Embraer 190;1;EA;AR
G-4304F;PRESSURE GAUGE;Embraer 190;1;EA;SV
G6986-01;EVENT PRINT MODULE;B737-800;1;EA;AR
G7235-02;VIU CONT. PANEL;B737-800;1;EA;AR
G800100-3;FIRE EXTINGUISHER;B737-800;1;EA;AR
G800100-3;FIRE EXTINGUISHER;B737-800;1;EA;AR
G800100-3;FIRE EXTINGUISHER;B737-800;1;EA;AR
GLS01-001-0000;SHUTOFF VALVE;Embraer 190;1;EA;AR
GLS01-001-0000;SHUTOFF VALVE;Embraer 190;1;EA;AR
GLS01-001-0000;SHUTOFF VALVE;Embraer 190;1;EA;AR
H504B;POSITION TRANSMITTER;B737-700;1;EA;AR
H504B;POSITION TRANSMITTER;B737-700;1;EA;AR
H504B;POSITION TRANSMITTER;B737-700;1;EA;AR
H504B;POSITION TRANSMITTER;B737-700;1;EA;AR
H504B;POSITION TRANSMITTER;B737-700;1;EA;AR
H504B;POSITION TRANSMITTER;B737-700;1;EA;AR
H504B;POSITION TRANSMITTER;B737-700;1;EA;AR
H505B;TRANSMITTER ASSY-POSITION;B737-700;1;EA;AR
H505B;TRANSMITTER ASSY-POSITION;B737-700;1;EA;AR
H505B;TRANSMITTER ASSY-POSITION;B737-700;1;EA;SV
H505B;TRANSMITTER ASSY-POSITION;B737-700;1;EA;AR
H505B;TRANSMITTER ASSY-POSITION;B737-700;1;EA;AR
H505B;TRANSMITTER ASSY-POSITION;B737-700;1;EA;AR
H505B;TRANSMITTER ASSY-POSITION;B737-700;1;EA;AR
H505B;TRANSMITTER ASSY-POSITION;B737-700;1;EA;SV
H505B;TRANSMITTER ASSY-POSITION;B737-700;1;EA;AR
HA70-0214003;HOLD NETS;A320;1;EA;AR
HAD19795;THERMOCOUPLE, IMMERSION;V2500-A5;1;EA;SV
HAD22308;THERMOCOUPLE, FUEL TEMP;V2500-A5;1;EA;AR
HAD22308;THERMOCOUPLE, FUEL TEMP;V2500-A5;1;EA;AR
HAD22308;THERMOCOUPLE, FUEL TEMP;V2500-A5;1;EA;AR
HAD22308;THERMOCOUPLE, FUEL TEMP;V2500-A5;1;EA;AR
HG2100AB02;INERTIAL REFERENCE UNIT (IRU);Embraer 190;1;EA;SV
HG2100AB02;INERTIAL REFERENCE UNIT (IRU);Embraer 190;1;EA;SV
HG2100AB02;INERTIAL REFERENCE UNIT (IRU);Embraer 190;1;EA;AR
HG2100AB07;INERTIAL REFERENCE UNIT (IRU);Embraer 190;1;EA;SV
HR6B9-002-EA5;RELIEF VALVE;A320;1;EA;AR
HTE190001-2;VALVE ACTUATOR TWIM MOTOR;A319;1;EA;AR
HTE190001-2;VALVE ACTUATOR TWIM MOTOR;A319;1;EA;AR
HTE190001-2;VALVE ACTUATOR TWIM MOTOR;A319;1;EA;AR
HTE190001-2;VALVE ACTUATOR TWIM MOTOR;A319;1;EA;AR
HTE200002-1;ACTUATOR VALVE SINGLE MOTOR;A320;1;EA;AR
HTE200002-1;ACTUATOR VALVE SINGLE MOTOR;A320;1;EA;AR
HTE310021-1;AIR INLET VALVE;A319;1;EA;AR
HTE310021-1;AIR INLET VALVE;A319;1;EA;AR
HTE370001;CONNECTOR HP GROUND;A319;1;EA;AR
HTE690047;PRESSURE SWITCH;A321;1;EA;AR
HTE690070-001;SWITCH, PRESSURE;A319;1;EA;AR
HTE690070-001;SWITCH, PRESSURE;A319;1;EA;AR
HTE690070-001;SWITCH, PRESSURE;A319;1;EA;AR
HTE690070-001;SWITCH, PRESSURE;A319;1;EA;AR
HTE690070-001;SWITCH, PRESSURE;A319;1;EA;AR
HTE900087-001;VALVE-TRANSFER;A319;1;EA;AR
HTE900087-001;VALVE-TRANSFER;A319;1;EA;AR
HTE900087-001;VALVE-TRANSFER;A319;1;EA;AR
HTE900087-001;VALVE-TRANSFER;A319;1;EA;AR
HTE900118-001;FUEL FLOW VALVE;A320;1;EA;AR
HTE900118-001;FUEL FLOW VALVE;A320;1;EA;AR
HTE900118-001;FUEL FLOW VALVE;A320;1;EA;SV
HTE900118-001;FUEL FLOW VALVE;A320;1;EA;AR
HTE900118-001;FUEL FLOW VALVE;A320;1;EA;AR
HTE900118-001;FUEL FLOW VALVE;A320;1;EA;AR
J172ABM;VERT ACCELEROMETER UNT;A319;1;EA;AR
J172ABM;VERT ACCELEROMETER UNT;A319;1;EA;AR
J172ABM;VERT ACCELEROMETER UNT;A319;1;EA;AR
JD029001;WATER POT, HEATER;A319;1;EA;AR
JD029001;WATER POT, HEATER;A319;1;EA;AR
JD029001;WATER POT, HEATER;A319;1;EA;AR
K226ABM5;MCDU - MULTIPURPOSE CONTROL AND DISPLAY UNIT;A321;1;EA;AR
L32A310-230-3;LEVER;A319;1;EA;AR
L96H15-501;SENSOR;A319;1;EA;AR
L96H15-501;SENSOR;A319;1;EA;AR
MA20A2027;ACTUATOR ASSY, FUEL VALVE;B737-800;1;EA;SV
MIL-C-38373;FUEL CAP;Embraer 190;1;EA;AR
MIL-C-38373;FUEL CAP;Embraer 190;1;EA;AR
MISC3201;SERVER-COFFEE MAKER;A319;1;EA;AR
MISC3201;SERVER-COFFEE MAKER;A319;1;EA;AR
MS28889-2;VALVE;;1;EA;AR
N14FF101;TRANSDUCER,;RB211;1;EA;AR
N14FF104;TRANSDUCER;RB211;1;EA;AR
N14FF104;TRANSDUCER;RB211;1;EA;SV
NH16031;WIDEBAND TRANSFORMER;B737-800;1;EA;AR
NH16031;WIDEBAND TRANSFORMER;B737-800;1;EA;AR
NH16031;WIDEBAND TRANSFORMER;B737-800;1;EA;AR
NP-187301-17;WINDSHIELD, LH, GLASS, HEATED;;1;EA;AI
NP-187301-17;WINDSHIELD, LH, GLASS, HEATED;;1;EA;AR
NP-187301-18;WINDSHIELD, RH, GLASS, HEATED;Embraer 190;1;EA;NE
NSA8064-64B01TI;SLEEVE;A319;1;EA;AR
P2-07-0003-001;FLASH LIGHT;A319;1;EA;AR
P2-07-0003-001;FLASH LIGHT;A319;1;EA;AR
P2-07-0003-001;FLASH LIGHT;A319;1;EA;AR
P2-07-0003-001;FLASH LIGHT;A319;1;EA;AR
P2-07-0003-001;FLASH LIGHT;A319;1;EA;AR
P2-07-0003-001;FLASH LIGHT;A319;1;EA;AR
P2-07-0003-001;FLASH LIGHT;A319;1;EA;AR
P2-07-0003-001;FLASH LIGHT;A319;1;EA;AR
P2-07-0003-001;FLASH LIGHT;A319;1;EA;AR
P2-07-0003-001;FLASH LIGHT;A319;1;EA;AR
P2-07-0003-001;FLASH LIGHT;A319;1;EA;AR
P2-07-0003-001;FLASH LIGHT;A319;1;EA;AR
P2-07-0003-001;FLASH LIGHT;A319;1;EA;AR
P2-07-0004-101;FLASHLIGHT BRACKET;B737-800;1;EA;AR
P2-07-0004-101;FLASHLIGHT BRACKET;B737-800;1;EA;AR
P2-07-0004-101;FLASHLIGHT BRACKET;B737-800;1;EA;AR
P2-07-0004-101;FLASHLIGHT BRACKET;B737-800;1;EA;AR
P2-07-0004-101;FLASHLIGHT BRACKET;B737-800;1;EA;AR
P2-07-0004-101;FLASHLIGHT BRACKET;B737-800;1;EA;AR
P2-07-0004-201;BRACKET;A319;1;EA;AR
P2-07-0004-201;BRACKET;A319;1;EA;AR
P2-07-0009-520;FLASHLIGHT SYSTEM;F50;1;EA;AR
P2-07-0009-520;FLASHLIGHT SYSTEM;F50;1;EA;AR
P2-07-0009-520;FLASHLIGHT SYSTEM;F50;1;EA;AR
P2-07-0009-520;FLASHLIGHT SYSTEM;F50;1;EA;AR
P2-07-0009-520;FLASHLIGHT SYSTEM;F50;1;EA;AR
P39-401REVF;VALVE,;RB211;1;EA;AR
P3C0040800;SENSOR TEMP;A319;1;EA;AR
P3C0040800;SENSOR TEMP;A319;1;EA;AR
P3C0040800;SENSOR TEMP;A319;1;EA;AR
P547A0001-02;ACTUATOR-C DUCT COWL OPENING;Embraer 190;1;EA;AR
P547A0001-02;ACTUATOR-C DUCT COWL OPENING;Embraer 190;1;EA;AR
P614579;AIR FILTER;Embraer 190;1;EA;AR
P614579;AIR FILTER;Embraer 190;1;EA;AR
P99C38-601;FUEL PUMP;A319;1;EA;AR
P99C38-601;FUEL PUMP;A319;1;EA;AR
P99C38-601;FUEL PUMP;A319;1;EA;AR
P99C38-601;FUEL PUMP;A319;1;EA;OH
PBS400-1-P5;BRIEFER COMPUTER;Embraer 190;1;EA;SV
PBS400-1-P5;BRIEFER COMPUTER;Embraer 190;1;EA;AR
PG1152AC04;AIR DATA MODULE;A321;1;EA;AR
PG1152AC04;AIR DATA MODULE;A321;1;EA;AR
PG1152AC04;AIR DATA MODULE;A321;1;EA;AR
PG1152AC04;AIR DATA MODULE;A321;1;EA;AR
PG1152AC05;AIR DATA MODULE;A319;1;EA;AR
PG1152AC05;AIR DATA MODULE;A319;1;EA;AR
PG1152AC05;AIR DATA MODULE;A319;1;EA;AR
PG1152AC05;AIR DATA MODULE;A319;1;EA;AR
PG1152AC05;AIR DATA MODULE;A319;1;EA;AR
PG1152AC05;AIR DATA MODULE;A319;1;EA;AR
PG1152AC05;AIR DATA MODULE;A319;1;EA;SV
PG1152BC02;AIR DATA MODULE;A319;1;EA;SV
PGA0105W;COMPASS-STANDBY;A320;1;EA;AR
PGA0105WG;MAGNETIC COMPASS;Embraer 190;1;EA;AR
QA04586;FILTER AIR;A319;1;EA;AR
QA04586;FILTER AIR;A319;1;EA;AR
QA04586;FILTER AIR;A319;1;EA;AR
QA05561;FILTER-MAIN HYD LP;A319;1;EA;AR
QA05561;FILTER-MAIN HYD LP;A319;1;EA;AR
QA05561;FILTER-MAIN HYD LP;A319;1;EA;AR
QA05561;FILTER-MAIN HYD LP;A319;1;EA;AR
QA05604;FILTER LP;A319;1;EA;AR
QA05604;FILTER LP;A319;1;EA;AR
QA05604;FILTER LP;A319;1;EA;AR
QA05797;HYD FILTER;A319;1;EA;AR
QA05797;HYD FILTER;A319;1;EA;AR
QA05797;HYD FILTER;A319;1;EA;AR
QA05797;HYD FILTER;A319;1;EA;AR
QA05797;HYD FILTER;A319;1;EA;AR
QA06305;FILTER ASSEMBLY;V2500-A5;1;EA;AR
QA06305;FILTER ASSEMBLY;V2500-A5;1;EA;AR
QA06305;FILTER ASSEMBLY;V2500-A5;1;EA;SV
QA06305-01;FILTER MODULE;A320;1;EA;AR
R15048;AILERON TRIM ACTUATOR;B737;1;EA;AI
RD-AV4001-11;TAPPING UNIT L/H#5;A320;1;EA;AR
RD-AV4001-11;TAPPING UNIT L/H#5;A320;1;EA;AR
RD-AV4001-11;TAPPING UNIT L/H#5;A320;1;EA;AR
RD-AV4001-11;TAPPING UNIT L/H#5;A320;1;EA;AR
RD-AV4001-11;TAPPING UNIT L/H#5;A320;1;EA;AR
RD-AV4001-11;TAPPING UNIT L/H#5;A320;1;EA;AR
RD-AV4001-11;TAPPING UNIT L/H#5;A320;1;EA;AR
RD-AV4001-11;TAPPING UNIT L/H#5;A320;1;EA;AR
RD-AV4001-11;TAPPING UNIT L/H#5;A320;1;EA;AR
RD-AV4001-11;TAPPING UNIT L/H#5;A320;1;EA;AR
RD-AV4001-11;TAPPING UNIT L/H#5;A320;1;EA;AR
RD-AV4001-11;TAPPING UNIT L/H#5;A320;1;EA;AR
RD-AX1301-2E;MULTIPLEXER, MAIN;A320;1;EA;AR
RD-AX7094-04;REPRODUCER - AUDIO;A319;1;EA;AR
RD-AX7360-02;WALL MOUNT PRAM;B737-800;1;EA;AR
RL27FYS3YS00037;SEAT-CABIN ATTENDANT;A321;1;EA;AR
RV05-362;POT. WATER RELIEF VALVE;B737-800;1;EA;AR
S152-0020-00;CVR CONTROL UNIT;B737-700;1;EA;SV
S1823502-03;ELT KANNAD 406 AS;Embraer 190;1;EA;AR
S210W110-2136;TEMP SENSOR;Embraer 190;1;EA;AR
S210W110-2136;TEMP SENSOR;Embraer 190;1;EA;AR
S281T001-5;ADAPTOR,ASSY;RB211;1;EA;AR
S281T001-5;ADAPTOR,ASSY;RB211;1;EA;AR
S281T001-5;ADAPTOR,ASSY;RB211;1;EA;AR
S35-1000-2;MARKER BEACON ANTENNA;Embraer 190;1;EA;OH
S35-1000-2;MARKER BEACON ANTENNA;Embraer 190;1;EA;AR
S41422;GLIDESLOPE ANTENN/A;Embraer 190;1;EA;OH
S41422;GLIDESLOPE ANTENN/A;Embraer 190;1;EA;AR
S4-3401310-04;L/G ISLTN SAFETY VLV;A319;1;EA;AR
S4-3401320;VALVE-PILOT;A319;1;EA;AR
S4-3500711;GROUND SRVC MANIFOLD;A319;1;EA;SV
S4-3500711;GROUND SRVC MANIFOLD;A319;1;EA;AR
S4-3500711;GROUND SRVC MANIFOLD;A319;1;EA;AR
S4-3500711;GROUND SRVC MANIFOLD;A319;1;EA;AR
S4-3500712;GROUND SRVC MANIFOLD;A319;1;EA;AR
S4-3500712;GROUND SRVC MANIFOLD;A319;1;EA;AR
S65-247-33;ANTENNA-DUAL VOR;Embraer 190;1;EA;AR
S65-247-33;ANTENNA-DUAL VOR;Embraer 190;1;EA;AR
S65-5366-7L;ATC TOP ANTENN/A;Embraer 190;1;EA;AR
S65-5366-7L;ATC TOP ANTENN/A;Embraer 190;1;EA;AR
S65-5366-7L;ATC TOP ANTENN/A;Embraer 190;1;EA;AR
S65-5366-7L;ATC TOP ANTENN/A;Embraer 190;1;EA;AR
S65-5366-7L;ATC TOP ANTENN/A;Embraer 190;1;EA;AR
S65-5366-7L;ATC TOP ANTENN/A;Embraer 190;1;EA;AR
S65-5366-7L;ATC TOP ANTENN/A;Embraer 190;1;EA;AR
S65-5366-7L;ATC TOP ANTENN/A;Embraer 190;1;EA;AR
S65-5366-7L;ATC TOP ANTENN/A;Embraer 190;1;EA;AR
S65-5366-7L;ATC TOP ANTENN/A;Embraer 190;1;EA;AR
S65-5366-7L;ATC TOP ANTENN/A;Embraer 190;1;EA;AR
S65-5366-7L;ATC TOP ANTENN/A;Embraer 190;1;EA;AR
S65-5366-7L;ATC TOP ANTENN/A;Embraer 190;1;EA;AR
S65-5366-7L;ATC TOP ANTENN/A;Embraer 190;1;EA;AR
S65-8280-41;ANTENNA,VHF ANTENNA;Embraer 190;1;EA;AR
S65-8280-41;ANTENNA,VHF ANTENNA;Embraer 190;1;EA;OH
S67-1575-132;GPS ANTENNA;Embraer 190;1;EA;AR
S67-1575-132;GPS ANTENNA;Embraer 190;1;EA;AR
S67-1575-133;GPS ANTENNA;B767;1;EA;OH
S67-2002-18;ANTENNA RADIO ALTIMETER;F100;1;EA;AR
S67-2002-18;ANTENNA RADIO ALTIMETER;F100;1;EA;AR
S67-2002-18;ANTENNA RADIO ALTIMETER;F100;1;EA;AR
S67-2002-18;ANTENNA RADIO ALTIMETER;F100;1;EA;AR
S67-2002-45;RADAR ALTIMETER ANTENNA;Embraer 190;1;EA;AR
S67-2002-45;RADAR ALTIMETER ANTENNA;Embraer 190;1;EA;AR
S67-2002-45;RADAR ALTIMETER ANTENNA;Embraer 190;1;EA;AR
S67-2002-45;RADAR ALTIMETER ANTENNA;Embraer 190;1;EA;AR
S67-2002-45;RADAR ALTIMETER ANTENNA;Embraer 190;1;EA;AR
S67-2002-45;RADAR ALTIMETER ANTENNA;Embraer 190;1;EA;AR
S67-2002-45;RADAR ALTIMETER ANTENNA;Embraer 190;1;EA;AR
S67-2002-45;RADAR ALTIMETER ANTENNA;Embraer 190;1;EA;AR
S800-3000-00;DIGITAL FLIGHT DATA RECORDER;A321;1;EA;AR
SB209L1A1-1483;HYD FLUID ACCUMULATR;A319;1;EA;AR
SB209L1A1-1483;HYD FLUID ACCUMULATR;A319;1;EA;AR
SB209L1A1-1483;HYD FLUID ACCUMULATR;A319;1;EA;AR
SB209L1A1-1483;HYD FLUID ACCUMULATR;A319;1;EA;AR
SB209L1A1-1483;HYD FLUID ACCUMULATR;A319;1;EA;AR
SB209L1A1-1484;ACCUMULATOR-HYDRAVLIC;A319;1;EA;AR
SEDL-OC9C;DUAL DUCT PRESSURE INDICATOR;B737-800;1;EA;SV
SP3337-31;SWITCH;A321;1;EA;AR
SPC-10(Y);INVERTER,STATIC-250VA;Embraer 190;1;EA;SV
SPC-10(Y);INVERTER,STATIC-250VA;Embraer 190;1;EA;AR
SPSA320-3-3-2;WINDOW, SLIDING LEFT;A321;1;EA;AR
SPSA320-4-2-1;WINDOW, SLIDING RIGHT;A321;1;EA;AR
SPSA320-5-2-2;WINDOW, REAR LEFT;A321;1;EA;AR
SPSA320-5-2-2;WINDOW, REAR LEFT;A321;1;EA;AR
SPSA320-6-1-1C;WINDOW-FIXED R/H;A321;1;EA;AR
SPSA320-8-3-2A;SLIDING WINDOW R/H;A320;1;EA;AR
STA320-1-7-1;WINDSHIELD, LH;A319;1;EA;AI
SYLZ-53118;CONTROLLER-WHC WINDOW HEAT CONTROLLER;Embraer 190;1;EA;SV
SYLZ-53118;CONTROLLER-WHC WINDOW HEAT CONTROLLER;Embraer 190;1;EA;SV
SYLZ-53118;CONTROLLER-WHC WINDOW HEAT CONTROLLER;Embraer 190;1;EA;AR
SYLZ-53118;CONTROLLER-WHC WINDOW HEAT CONTROLLER;Embraer 190;1;EA;AR
TA01Z6005;TRANSFORMER;A319;1;EA;AR
TA01Z6005;TRANSFORMER;A319;1;EA;AR
TA01Z6005;TRANSFORMER;A319;1;EA;AR
TM113-1;TEMP TRANSDUCER/SW;A319;1;EA;AR
TM113-1;TEMP TRANSDUCER/SW;A319;1;EA;AR
TM113-1;TEMP TRANSDUCER/SW;A319;1;EA;AR
TM113-1;TEMP TRANSDUCER/SW;A319;1;EA;AR
TM113-1;TEMP TRANSDUCER/SW;A319;1;EA;AR
TP0710014;SWITCH - PRESSURE;A321;1;EA;AR
TSF010A;SENSOR,;RB211;1;EA;AR
TSF010A;SENSOR,;RB211;1;EA;AR
TY1540-24B;HCU-HYDRAULIC CONTROL UNIT;A321;1;EA;AR
TY1540-24C;HYDRAULIC CONTROL UNIT;A319;1;EA;SV
U26B;ACTUATOR;B737;1;EA;SV
UL39542;GENERATOR,ASSY;RB211;1;EA;AR
UL39542;GENERATOR,ASSY;RB211;1;EA;AR
UL39542;GENERATOR,ASSY;RB211;1;EA;AR
VD3900-03;RECIRCULATION FAN;A320;1;EA;SV
VD3920;FAN-EXTRACTION FOR A320;A319;1;EA;SV
W92C;RUDDER PEDAL ACTUATOR;B737-700;1;EA;SV
WL501RC1;INDICATOR CABIN RATE OF CLIMB;B737;1;EA;SV
WN25BYD3YS01037;SEAT-ATTENDANT;A321;1;EA;AR
WN93BYS3YS00037;SEAT ATTENDANT;A321;1;EA;AR
Y005-2;TRNSFORMER RECTIFIER;A319;1;EA;AR
YA211-25;PLUG,;RB211;1;EA;AR
YA211-25;PLUG,;RB211;1;EA;AR
YA211-25;PLUG,;RB211;1;EA;AR
YA211-25;PLUG,;RB211;1;EA;AR
YA211-25;PLUG,;RB211;1;EA;AR
Z030H0004110;DEU-DECODER ENCODER UNIT;A319;1;EA;AR
Z030H0004110;DEU-DECODER ENCODER UNIT;A319;1;EA;AR
Z030H0004110;DEU-DECODER ENCODER UNIT;A319;1;EA;AR
Z030H0004110;DEU-DECODER ENCODER UNIT;A319;1;EA;AR
Z030H0004110;DEU-DECODER ENCODER UNIT;A319;1;EA;AR
Z030H0004110;DEU-DECODER ENCODER UNIT;A319;1;EA;AR
Z030H0004110;DEU-DECODER ENCODER UNIT;A319;1;EA;AR
Z030H0004110;DEU-DECODER ENCODER UNIT;A319;1;EA;AR
Z030H0004110;DEU-DECODER ENCODER UNIT;A319;1;EA;AR
Z030H0004110;DEU-DECODER ENCODER UNIT;A319;1;EA;AR
Z030H0004110;DEU-DECODER ENCODER UNIT;A319;1;EA;AR
Z030H0004110;DEU-DECODER ENCODER UNIT;A319;1;EA;AR
Z030H0004110;DEU-DECODER ENCODER UNIT;A319;1;EA;AR
Z030H0004110;DEU-DECODER ENCODER UNIT;A319;1;EA;AR
Z030H0004110;DEU-DECODER ENCODER UNIT;A319;1;EA;AR
Z030H0004110;DEU-DECODER ENCODER UNIT;A319;1;EA;AR
Z030H0004110;DEU-DECODER ENCODER UNIT;A319;1;EA;AR
Z030H0004110;DEU-DECODER ENCODER UNIT;A319;1;EA;AR
Z030H0004110;DEU-DECODER ENCODER UNIT;A319;1;EA;AR
Z030H0004110;DEU-DECODER ENCODER UNIT;A319;1;EA;AR
Z030H0004110;DEU-DECODER ENCODER UNIT;A319;1;EA;AR
Z030H0004110;DEU-DECODER ENCODER UNIT;A319;1;EA;AR
Z030H0004110;DEU-DECODER ENCODER UNIT;A319;1;EA;AR
Z030H0004110;DEU-DECODER ENCODER UNIT;A319;1;EA;AR
Z030H0004110;DEU-DECODER ENCODER UNIT;A319;1;EA;AR
Z030H0004110;DEU-DECODER ENCODER UNIT;A319;1;EA;AR
Z030H0004110;DEU-DECODER ENCODER UNIT;A319;1;EA;AR
Z030H0004110;DEU-DECODER ENCODER UNIT;A319;1;EA;AR
Z030H0004110;DEU-DECODER ENCODER UNIT;A319;1;EA;AR
Z030H0004110;DEU-DECODER ENCODER UNIT;A319;1;EA;AR
Z030H0004110;DEU-DECODER ENCODER UNIT;A319;1;EA;AR
Z030H0004110;DEU-DECODER ENCODER UNIT;A319;1;EA;AR
Z030H0004110;DEU-DECODER ENCODER UNIT;A319;1;EA;AR
Z030H0005110;DECODER ENCODER UNIT A;A319;1;EA;AR
Z030H0005110;DECODER ENCODER UNIT A;A319;1;EA;AR
Z030H0005110;DECODER ENCODER UNIT A;A319;1;EA;SV
Z030H0005110;DECODER ENCODER UNIT A;A319;1;EA;AR
Z030H0005110;DECODER ENCODER UNIT A;A319;1;EA;AR
Z030H0005110;DECODER ENCODER UNIT A;A319;1;EA;SV
Z030H0005110;DECODER ENCODER UNIT A;A319;1;EA;AR
Z030H0005110;DECODER ENCODER UNIT A;A319;1;EA;AR
Z030H0005110;DECODER ENCODER UNIT A;A319;1;EA;AR
Z030H0005110;DECODER ENCODER UNIT A;A319;1;EA;SV
Z030H0005110;DECODER ENCODER UNIT A;A319;1;EA;AR
Z030H0005110;DECODER ENCODER UNIT A;A319;1;EA;AR
Z030H0005110;DECODER ENCODER UNIT A;A319;1;EA;AR
Z030H0005110;DECODER ENCODER UNIT A;A319;1;EA;AR
Z030H0005110;DECODER ENCODER UNIT A;A319;1;EA;AR
Z030H0005110;DECODER ENCODER UNIT A;A319;1;EA;AR
Z030H0005110;DECODER ENCODER UNIT A;A319;1;EA;AR
Z030H0005110;DECODER ENCODER UNIT A;A319;1;EA;AR
Z030H0005110;DECODER ENCODER UNIT A;A319;1;EA;AR
Z030H0005110;DECODER ENCODER UNIT A;A319;1;EA;AR
Z030H0005110;DECODER ENCODER UNIT A;A319;1;EA;AR
Z030H0005110;DECODER ENCODER UNIT A;A319;1;EA;AR
Z030H0005110;DECODER ENCODER UNIT A;A319;1;EA;AR
Z030H0005110;DECODER ENCODER UNIT A;A319;1;EA;AR
Z030H0005110;DECODER ENCODER UNIT A;A319;1;EA;AR
Z030H0005110;DECODER ENCODER UNIT A;A319;1;EA;AR
Z030H0005110;DECODER ENCODER UNIT A;A319;1;EA;AR
Z030H0005110;DECODER ENCODER UNIT A;A319;1;EA;AR
Z030H0005110;DECODER ENCODER UNIT A;A319;1;EA;AR
Z030H0005110;DECODER ENCODER UNIT A;A319;1;EA;AR
Z030H0005110;DECODER ENCODER UNIT A;A319;1;EA;AR
Z030H0005110;DECODER ENCODER UNIT A;A319;1;EA;AR
Z030H0005110;DECODER ENCODER UNIT A;A319;1;EA;AR
Z030H0005110;DECODER ENCODER UNIT A;A319;1;EA;AR
Z030H0005110;DECODER ENCODER UNIT A;A319;1;EA;AR
Z030H0005110;DECODER ENCODER UNIT A;A319;1;EA;AR
Z030H0005110;DECODER ENCODER UNIT A;A319;1;EA;AR
Z030H0005110;DECODER ENCODER UNIT A;A319;1;EA;AR
Z030H0005110;DECODER ENCODER UNIT A;A319;1;EA;AR
Z040H000720A;DEU DECODER ENCODER UNIT;A320;1;EA;AR
Z040H000820A;DEU-DECODER ENCODER UNIT B;A320;1;EA;AR
Z040H000820A;DEU-DECODER ENCODER UNIT B;A320;1;EA;SV
Z040H000820A;DEU-DECODER ENCODER UNIT B;A320;1;EA;AR
Z130H0105110;CIDS - FWD ATTENDANT PANEL;A321;1;EA;AR
Z130H0153110;CIDS - FWD ATTENDANT PANEL;A320;1;EA;AR
Z130H0167110;CIDS - FWD ATTENDANT PANEL;A319;1;EA;AR
Z212H0001110;FWD ICE PROT CTL UNT;A319;1;EA;SV
Z220H0002110;AFT ICE PROT CTL UNT;A319;1;EA;SV
Z272H0000114;MASTER CONT. UNIT;B737-800;1;EA;AR
ZCV241;VALVE;A321;1;EA;AR
ZCV241;VALVE;A321;1;EA;AR
ZCV241;VALVE;A321;1;EA;AR
ZCV63-6;VALVE - CHECK;A321;1;EA;AR
ZCV63-6;VALVE - CHECK;A321;1;EA;AR
ZCV63-6;VALVE - CHECK;A321;1;EA;AR
ZCV63-6-1;VALVE - CHECK;A321;1;EA;AR
