Part Number,,Cond,Qty In Stock,UM,Description,,W/H,Serial No.,,Reserved Qty,,,
002107-01,,AR,1,EA,PLATE-INTEGRALLY LIGHTED,,Airbus,870,,0,,,
005-RL-03,,AR,1,EA,BOX RELAY,,Airbus,2690,,0,,,
0050N1,,SV,1,EA,STICK SHAKER ACTUATOR,,Embraer,4009,,0,,,
0711480-003,,AR,1,EA,"VALVE, SHUTOFF",,Airbus,784,,0,,,
0050N1,,SV,1,EA,STICK SHAKER ACTUATOR,,Embraer,3899,,0,,,
0861ED,,AR,1,EA,AOA SENSOR,,Airbus,0861ED-835,,0,,,
005-RL-03,,SV,1,EA,BOX RELAY,,Airbus,2525,,0,,,
10087-0101,,AR,1,EA,INDICATOR - MULTITANK,,Airbus,102,,0,,,
10088-0101,,AR,1,EA,PRESELECTOR,,Airbus,382,,0,,,
100923-1,,AR,1,EA,"SENSOR,  TEMP",,Airbus,890016,,0,,,
10-1092-01,,AR,1,EA,FIRE/OVERHEAT DETECTOR,,Airbus,03-0048,,0,,,
1070B0000-04,,AR,1,EA,ACTUATOR - FLAP,,Airbus,T088,,0,,,
1071B0000-04,,AR,1,EA,ACTUATOR - FLAP,,Airbus,T088,,0,,,
1072A0000-04,,AR,1,EA,FLAP ROTARY ACTUATOR # 2,,Airbus,T169,,0,,,
1072A0000-04,,AR,1,EA,FLAP ROTARY ACTUATOR # 2,,Airbus,T170,,0,,,
1073A0000-04,,AR,1,EA,ACTUATOR - FLAP ROTARY #3,,Airbus,T167,,0,,,
1074C0000-01,,AR,1,EA,ACTUATOR - FLAP ROTARY #4,,Airbus,1074C00GA050115,,0,,,
1074C0000-01,,AR,1,EA,ACTUATOR - FLAP ROTARY #4,,Airbus,1074C00GA050092,,0,,,
1091A0000-01,,AR,1,EA,WATER INJECTOR,,Airbus,2101,,0,,,
1091A0000-01,,AR,1,EA,WATER INJECTOR,,Airbus,2109,,0,,,
10A348-350-450,,AR,1,EA,CONNECTOR,,Airbus,N/A,,0,,,
114079015,,AR,1,EA,"VALVE - SELECTOR, GEAR",,Airbus,CWDD/DRG 110/91,,0,,,
114079016,,AR,1,EA,"VALVE - SELECTOR, DOOR",,Airbus,DH-2036-06,,0,,,
114080003,,AR,1,EA,"BLOCK MANIFOLD, HYD",,Airbus,CWDD/DRG 83/91,,0,,,
114083003,,AR,1,EA,VENT VALVE,,Airbus,CWDD-DH46-94,,0,,,
114083003,,AR,1,EA,VENT VALVE,,Airbus,CWDD-DH44-94,,0,,,
114083003,,AR,1,EA,VENT VALVE,,Airbus,CWDD-DH24-98,,0,,,
114083003,,AR,1,EA,VENT VALVE,,Airbus,CWDD-DH290-98,,0,,,
114087005,,AR,1,EA,DOOR BYPASS VALVE,,Airbus,DH-0266-02,,0,,,
114087006,,AR,1,EA,DOOR BYPASS VALVE,,Airbus,CWDD-DH133-94,,0,,,
114087006,,AR,1,EA,DOOR BYPASS VALVE,,Airbus,CWDD-DH270-92,,0,,,
114193007,,AR,1,EA,RETRACTION ACTUATOR,,Airbus,B1368,,0,,,
114193007,,AR,1,EA,RETRACTION ACTUATOR,,Airbus,B1369,,0,,,
1142301-130-01,,AR,1,EA,ENTERTAINMENT CONTROLLER,,Airbus,4040037,,0,,,
1151324-1M563,,AR,1,EA,PORTABLE ELT,,Airbus,109C-2714,,0,,,
1158000-21,,AR,1,EA,VALVE REFUEL,,Airbus,8030507,,0,,,
1158000-21,,AR,1,EA,VALVE REFUEL,,Airbus,FRTR209AY,,0,,,
1158000-21,,AR,1,EA,VALVE REFUEL,,Airbus,10030847,,0,,,
1158000-21,,AR,1,EA,VALVE REFUEL,,Airbus,FRTR.115/AP,,0,,,
1158000-21,,AR,1,EA,VALVE REFUEL,,Airbus,FRTR.114/AP,,0,,,
1191018,,AR,1,EA,ELECT CONTROL PANEL ASSY,,Airbus,11,,0,,,
122648,,AR,1,EA,"WAVE GUIDE, RADAR",,Airbus,N/A,,0,,,
12664,,AR,1,EA,RAM AIR CHECK VALVE,,Airbus,314674,,0,,,
12664,,AR,1,EA,RAM AIR CHECK VALVE,,Airbus,266408,,0,,,
12664,,AR,1,EA,RAM AIR CHECK VALVE,,Airbus,115056,,0,,,
12664,,AR,1,EA,RAM AIR CHECK VALVE,,Airbus,9514669,,0,,,
12664,,AR,1,EA,RAM AIR CHECK VALVE,,Airbus,9514671,,0,,,
1330622V01,,AR,1,EA,3RD OCCUPANT SEAT,,Airbus,954,,0,,,
14403-007,,AR,1,EA,INLET-WASTE,,Airbus,N / A,,0,,,
14403-007,,AR,1,EA,INLET-WASTE,,Airbus,N / A,,0,,,
1554A9900-01,,AR,1,EA,BLUE HP MANIFOLD,,Airbus,1309,,0,,,
1554A9900-01,,AR,1,EA,BLUE HP MANIFOLD,,Airbus,N/A,,0,,,
1559A9900-01,,AR,1,EA,HP-MANIFOLD,,Airbus,N/A,,0,,,
160-11103-990,,AR,1,EA,SUNVISOR ASSY-FRONT,,Airbus,N/A,,0,,,
160-11103-990,,AR,1,EA,SUNVISOR ASSY-FRONT,,Airbus,N/A,,0,,,
1708337,,AR,1,EA,FIRE EXTINGUISHER,,Airbus,1051572,,0,,,
18301905-1,,AR,1,EA,AIR PRESSURE GAUGE,,Airbus,20263,,0,,,
18301905-1,,AR,1,EA,AIR PRESSURE GAUGE,,Airbus,47852D,,0,,,
18301905-1,,AR,1,EA,AIR PRESSURE GAUGE,,Airbus,5870,,0,,,
18301905-1,,AR,1,EA,AIR PRESSURE GAUGE,,Airbus,13385,,0,,,
18301905-1,,AR,1,EA,AIR PRESSURE GAUGE,,Airbus,31856D,,0,,,
18301905-1,,AR,1,EA,AIR PRESSURE GAUGE,,Airbus,32156D,,0,,,
18330904-2,,AR,1,EA,HIGH PRESSURE GAUGE,,Airbus,32668D,,0,,,
18330904-2,,AR,1,EA,HIGH PRESSURE GAUGE,,Airbus,32118D,,0,,,
18330904-2,,AR,1,EA,HIGH PRESSURE GAUGE,,Airbus,38664C,,0,,,
18330904-2,,AR,1,EA,HIGH PRESSURE GAUGE,,Airbus,38796C,,0,,,
18330904-2,,AR,1,EA,HIGH PRESSURE GAUGE,,Airbus,32653D,,0,,,
18330904-2,,AR,1,EA,HIGH PRESSURE GAUGE,,Airbus,18015D,,0,,,
18330904-2,,AR,1,EA,HIGH PRESSURE GAUGE,,Airbus,20181,,0,,,
18330904-2,,AR,1,EA,HIGH PRESSURE GAUGE,,Airbus,N/A,,0,,,
18330904-2,,AR,1,EA,HIGH PRESSURE GAUGE,,Airbus,20146,,0,,,
190QA01,,AR,1,EA,TRANSFORMER,,Airbus,6013,,0,,,
190QA01,,AR,1,EA,TRANSFORMER,,Airbus,6010,,0,,,
190QA01,,AR,1,EA,TRANSFORMER,,Airbus,3711,,0,,,
190QA01,,AR,1,EA,TRANSFORMER,,Airbus,3710,,0,,,
190QA01,,AR,1,EA,TRANSFORMER,,Airbus,3191,,0,,,
190QA01,,AR,1,EA,TRANSFORMER,,Airbus,2115,,0,,,
195PN01Y01,,AR,1,EA,INDICATOR RUDDER TRIM,,Airbus,2422,,0,,,
1M1226,,AR,1,EA,VALVE - CHECK,,Airbus,453,,0,,,
1X2005097-00,,AR,1,EA,LOGO LIGHT,,Airbus,295978,,0,,,
1X2005097-00,,AR,1,EA,LOGO LIGHT,,Airbus,1242412,,0,,,
201117017,,AR,1,EA,LH MLG UPLOCK,,Airbus,CWDD-DH160-98,,0,,,
201117017,,AR,1,EA,LH MLG UPLOCK,,Airbus,CWDD-DH48-94,,0,,,
201117018,,AR,1,EA,RH MLG UPLOCK,,Airbus,CWDD-DH154-98,,0,,,
201117021,,AR,1,EA,"UPLOCK, MLG",,Airbus,DH-0256-03,,0,,,
201117022,,AR,1,EA,"UPLOCK, MLG",,Airbus,DH-0278-03,,0,,,
201122008,,AR,1,EA,MLG DOOR UPLOCK,,Airbus,DH-0249-03,,0,,,
201122008,,AR,1,EA,MLG DOOR UPLOCK,,Airbus,DH-0248-03,,0,,,
201122008,,AR,1,EA,MLG DOOR UPLOCK,,Airbus,CWDD-DH313-98,,0,,,
064-01072-0101,,SV,1,EA,HF POWER AMPLIFIER,,Embraer,KPA1052-4375,,0,,,
064-01073-0102,,SV,1,EA,KRX1053 HF COMM TRANSCEIVER W/SELCA,,Embraer,KRX1053-5230,,0,,,
064-01073-0102,,SV,1,EA,KRX1053 HF COMM TRANSCEIVER W/SELCA,,Embraer,KRX1053-4870,,0,,,
066-01127-1402,,SV,1,EA,TRA-67A TRANSPONDER MODE S,,Airbus,TRA67A-25574,,0,,,
066-01153-4001,,SV,1,EA,RADAR ALTIMETER,,Embraer,KRA405B-10562,,0,,,
066-01153-4001,,SV,1,EA,RADAR ALTIMETER,,Embraer,KRA405B-10564,,0,,,
201122008,,AR,1,EA,MLG DOOR UPLOCK,,Airbus,CWDD-DH195-92,,0,,,
20149-0101,,AR,1,EA,COMPENSATOR - DUAL,,Airbus,142,,0,,,
2041230-3532,,AR,1,EA,RECEIVER - INSTRUMENT LANDING SYSTEM,,Airbus,6053,,0,,,
2041230-3532,,AR,1,EA,RECEIVER - INSTRUMENT LANDING SYSTEM,,Airbus,6684,,0,,,
210TS07Y01,,AR,1,EA,L/GEAR CONTROL LEVER,,Airbus,2603,,0,,,
0711480-003,,SV,1,EA,"VALVE, SHUTOFF",,Airbus,785,,0,,,
071-50001-8104,,SV,1,EA,TCAS ANTENNA,,Airbus,596-10958,,0,,,
21SN04-298A,,AR,1,EA,SCAV FLOW PRESSURE SWITCH,,Airbus,W46680,,0,,,
21SN04-300B,,AR,1,EA,F FILTER DIFF PRESS SWITCH,,Airbus,V43229,,0,,,
22715-000-02,,AR,1,EA,NLG DOOR ACT CYLINDR,,Airbus,H0873,,0,,,
22715-000-02,,AR,1,EA,NLG DOOR ACT CYLINDR,,Airbus,B207,,0,,,
07324P000-01,,SV,1,EA,BALL SCREW ASSY,,Boeing,4373,,0,,,
2403-89,,AR,1,EA,ANTENNA VHF COM,,Airbus,240389-8764,,0,,,
2406-89-03,,AR,1,EA,ANTENNA-DME ATC,,Airbus,3441,,0,,,
2406-89-03,,AR,1,EA,ANTENNA-DME ATC,,Airbus,3453,,0,,,
2406-89-03,,AR,1,EA,ANTENNA-DME ATC,,Airbus,4373,,0,,,
07325P000-01,,SV,1,EA,BALL SCREW ASSY,,Boeing,9121,,0,,,
2406-89-03,,AR,1,EA,ANTENNA-DME ATC,,Airbus,3440,,0,,,
2407-89-03,,AR,1,EA,ANTENNA DME,,Airbus,4699,,0,,,
2407-89-03,,AR,1,EA,ANTENNA DME,,Airbus,4659,,0,,,
2407-89-03,,AR,1,EA,ANTENNA DME,,Airbus,4681,,0,,,
2407-89-03,,AR,1,EA,ANTENNA DME,,Airbus,4666,,0,,,
2407-89-03,,AR,1,EA,ANTENNA DME,,Airbus,240789-16055,,0,,,
2407-89-03,,AR,1,EA,ANTENNA DME,,Airbus,240789-14555,,0,,,
2407-89-03,,AR,1,EA,ANTENNA DME,,Airbus,8657,,0,,,
2407-89-03,,AR,1,EA,ANTENNA DME,,Airbus,8596,,0,,,
2407-89-03,,AR,1,EA,ANTENNA DME,,Airbus,240789-16056,,0,,,
2407-89-03,,AR,1,EA,ANTENNA DME,,Airbus,240789-14707,,0,,,
241-247-012-005,,AR,1,EA,EVMU-ENGINE VIBRATION MONITORING UNIT,,Airbus,AA85086,,0,,,
2438-89-00,,AR,1,EA,ANTENNA,,Airbus,243889-7567,,0,,,
2439-89-03,,AR,1,EA,ANTENNA,,Airbus,243989-5424,,0,,,
2439-89-03,,AR,1,EA,ANTENNA,,Airbus,243989-3273,,0,,,
080-20705-01,,SV,1,EA,TRANSFORMER RECTIFIR UNIT,,Boeing,6824,,0,,,
2439-89-03,,AR,1,EA,ANTENNA,,Airbus,243989-2832,,0,,,
2439-89-03,,AR,1,EA,ANTENNA,,Airbus,243989-3912,,0,,,
0861ED,,SV,1,EA,AOA SENSOR,,Airbus,0861ED-903,,0,,,
24E507009G03,,AR,1,EA,WATER HEATER,,Airbus,UJW04308,,0,,,
24E507009G03,,AR,1,EA,WATER HEATER,,Airbus,UJW03634,,0,,,
24E507009G03,,AR,1,EA,WATER HEATER,,Airbus,UJW10111,,0,,,
252CA01C102Y1,,AR,1,EA,CONTACTOR THREE POLE,,Airbus,4405,,0,,,
252CA01C102Y1,,AR,1,EA,CONTACTOR THREE POLE,,Airbus,966,,0,,,
252CA01C1-02Y1,,AR,1,EA,TPST-NO CONTACTOR,,Airbus,7228,,0,,,
2598D,,AR,1,EA,TRANSFORMER-LIGHTING,,Airbus,5076,,0,,,
2598D,,AR,1,EA,TRANSFORMER-LIGHTING,,Airbus,5078,,0,,,
2610-13-1,,AR,1,EA,CLOCK,,Airbus,CL2006,,0,,,
2624-82,,AR,1,EA,"ANTENNA, ELT",,Airbus,262482-3724,,0,,,
2624-82,,AR,1,EA,"ANTENNA, ELT",,Airbus,262482-1683,,0,,,
272-381704-00,,AR,1,EA,CAP-LEVER,,Airbus,N/A,,0,,,
292-1-3100-00,,AR,1,EA,SWITCH-PRESSURE,,Airbus,869,,0,,,
292-1-3100-00,,AR,1,EA,SWITCH-PRESSURE,,Airbus,1411,,0,,,
2A3106CL01,,AR,1,EA,DEP,,Airbus,V10403,,0,,,
2LA003968-00,,AR,1,EA,LIGHT ANTICOLLISION,,Airbus,3083,,0,,,
2LA003968-00,,AR,1,EA,LIGHT ANTICOLLISION,,Airbus,3073,,0,,,
2LA005127-01,,AR,1,EA,LIGHT-EMERGENCY OVERW,,Airbus,363358,,0,,,
2LA005128-01,,AR,1,EA,LIGHT-EMERGENCY OVERW,,Airbus,364622,,0,,,
2LA005308-01,,AR,1,EA,LIGHT UNIT- STROBE,,Airbus,1517,,0,,,
2LA005308-05,,AR,1,EA,WNG TIP STROBE LIGHT,,Airbus,362551,,0,,,
2LA005308-05,,AR,1,EA,WNG TIP STROBE LIGHT,,Airbus,362533,,0,,,
2LA005413-01,,AR,1,EA,LIGHT-EMERGENCY OVERW,,Airbus,362629,,0,,,
2LA005414-01,,AR,1,EA,LIGHT-EMERGENCY OVERW,,Airbus,360199,,0,,,
2LA005469-01,,AR,1,EA,PANEL-WARNING LIGHT,,Airbus,359160,,0,,,
1001248-2,,SV,1,EA,VALVE-CROSS BLEED ISOLATION CARGO,,Embraer,2006090069,,0,,,
30042-0000-0501,,AR,1,EA,"CONTROL UNIT-LEVEL,SENSING",,Airbus,4474,,0,,,
30042-0000-0501,,AR,1,EA,"CONTROL UNIT-LEVEL,SENSING",,Airbus,2218,,0,,,
30-1883-5,,AR,1,EA,LH WNG/ENG SCAN LGHT,,Airbus,1090,,0,,,
30-1883-6,,AR,1,EA,RH WNG/ENG SCAN LGHT,,Airbus,1129,,0,,,
1001250-2,,SV,1,EA,VALVE-LOW LIMIT BYPASS,,Embraer,2010041450,,0,,,
1001250-3,,SV,1,EA,VALVE-LOW LIMIT BYPASS,,Embraer,2008071271,,0,,,
30-1883-6,,AR,1,EA,RH WNG/ENG SCAN LGHT,,Airbus,2724,,0,,,
3025,,AR,1,EA,STATIC CONVERTER,,Airbus,1080,,0,,,
3025,,AR,1,EA,STATIC CONVERTER,,Airbus,2189,,0,,,
30571004-502,,AR,1,EA,SS AUDIO REPRODUCER,,Airbus,260109,,0,,,
3105-89,,AR,1,EA,GLIDE SLOPE ANTENNA,,Airbus,1346,,0,,,
3105-89,,AR,1,EA,GLIDE SLOPE ANTENNA,,Airbus,714,,0,,,
3105-89,,AR,1,EA,GLIDE SLOPE ANTENNA,,Airbus,310589-2736,,0,,,
3106-89,,AR,1,EA,LOOP ANTENNA,,Airbus,310689-2908,,0,,,
3106-89,,AR,1,EA,LOOP ANTENNA,,Airbus,1347,,0,,,
3106-89,,AR,1,EA,LOOP ANTENNA,,Airbus,716,,0,,,
31075-218,,AR,1,EA,SERVO CONTROL ELEVATOR,,Airbus,2328,,0,,,
31075-270,,AR,1,EA,SERVO CONTROL ELEVATOR,,Airbus,2325,,0,,,
31075-270,,AR,1,EA,SERVO CONTROL ELEVATOR,,Airbus,1163,,0,,,
31077-100,,AR,1,EA,SERVO CONTROL - SPOILER I/B,,Airbus,P3546,,0,,,
31077-100,,AR,1,EA,SERVO CONTROL - SPOILER I/B,,Airbus,P3550,,0,,,
31077-100,,AR,1,EA,SERVO CONTROL - SPOILER I/B,,Airbus,P3551,,0,,,
31077-100,,AR,1,EA,SERVO CONTROL - SPOILER I/B,,Airbus,S4175,,0,,,
31077-100,,AR,1,EA,SERVO CONTROL - SPOILER I/B,,Airbus,L1987,,0,,,
31077-100,,AR,1,EA,SERVO CONTROL - SPOILER I/B,,Airbus,P3540,,0,,,
1001456-6,,SV,1,EA,VALVE-FLOW CONTROL,,Embraer,2010031021,,0,,,
31077-100,,AR,1,EA,SERVO CONTROL - SPOILER I/B,,Airbus,P3341,,0,,,
31077-100,,AR,1,EA,SERVO CONTROL - SPOILER I/B,,Airbus,P3539,,0,,,
1001778-3,,AI,1,EA,FLOW SENSOR,,Embraer,804773324,,0,,,
31077-100,,AR,1,EA,SERVO CONTROL - SPOILER I/B,,Airbus,L1746,,0,,,
31077-111,,AR,1,EA,SPOILER SERVO CONTROL,,Airbus,8498,,0,,,
31077-111,,AR,1,EA,SPOILER SERVO CONTROL,,Airbus,22650,,0,,,
31077-111,,AR,1,EA,SPOILER SERVO CONTROL,,Airbus,8497,,0,,,
31077-111,,AR,1,EA,SPOILER SERVO CONTROL,,Airbus,8496,,0,,,
31077-111,,AR,1,EA,SPOILER SERVO CONTROL,,Airbus,8385,,0,,,
31077-111,,AR,1,EA,SPOILER SERVO CONTROL,,Airbus,8503,,0,,,
31077-111,,AR,1,EA,SPOILER SERVO CONTROL,,Airbus,19074,,0,,,
31077-111,,AR,1,EA,SPOILER SERVO CONTROL,,Airbus,17684,,0,,,
31077-111,,AR,1,EA,SPOILER SERVO CONTROL,,Airbus,19073,,0,,,
31077-111,,AR,1,EA,SPOILER SERVO CONTROL,,Airbus,18917,,0,,,
31077-111,,AR,1,EA,SPOILER SERVO CONTROL,,Airbus,19072,,0,,,
31077-111,,AR,1,EA,SPOILER SERVO CONTROL,,Airbus,19071,,0,,,
31077-111,,AR,1,EA,SPOILER SERVO CONTROL,,Airbus,19068,,0,,,
1002793-2,,OH,1,EA,PRECOOLER-BLEED AIR E190,,Embraer,2010040917,,0,,,
1002832-1,,OH,1,EA,DUAL HEAT EXHANGER,,Embraer,774,,0,,,
31077-111,,AR,1,EA,SPOILER SERVO CONTROL,,Airbus,19076,,0,,,
31077-111,,AR,1,EA,SPOILER SERVO CONTROL,,Airbus,19075,,0,,,
3107-89,,AR,1,EA,MARKER ANTENNA,,Airbus,310789-3559,,0,,,
3107-89,,AR,1,EA,MARKER ANTENNA,,Airbus,1814,,0,,,
3107-89,,AR,1,EA,MARKER ANTENNA,,Airbus,1049,,0,,,
310ZN01Y01,,AR,1,EA,"SENSOR,UNBALANCE CURRENT",,Airbus,3661,,0,,,
310ZN01Y01,,AR,1,EA,"SENSOR,UNBALANCE CURRENT",,Airbus,3660,,0,,,
310ZN01Y01,,AR,1,EA,"SENSOR,UNBALANCE CURRENT",,Airbus,2687,,0,,,
310ZN01Y01,,AR,1,EA,"SENSOR,UNBALANCE CURRENT",,Airbus,2688,,0,,,
10065-5000-02,,SV,1,EA,FQIS DENSIMETER,,Boeing,9329,,0,,,
310ZN01Y01,,AR,1,EA,"SENSOR,UNBALANCE CURRENT",,Airbus,5905,,0,,,
310ZN01Y01,,AR,1,EA,"SENSOR,UNBALANCE CURRENT",,Airbus,5918,,0,,,
321200M02,,AR,1,EA,SPDBRK XDUCER UNIT,,Airbus,AK02639,,0,,,
3214-54,,AR,1,EA,EPSU SUPPLY UNIT,,Airbus,7117,,0,,,
3214-54-10,,AR,1,EA,EPSU EMERGENCY POWER SUPPLY UNIT,,Airbus,8285,,0,,,
3214-54-10,,AR,1,EA,EPSU EMERGENCY POWER SUPPLY UNIT,,Airbus,4269,,0,,,
3214-54-10,,AR,1,EA,EPSU EMERGENCY POWER SUPPLY UNIT,,Airbus,3096,,0,,,
3214-54-10,,AR,1,EA,EPSU EMERGENCY POWER SUPPLY UNIT,,Airbus,8825,,0,,,
10101000CK,,AI,1,EA,"VALVE, DRAIN LAV SERVICE PANEL",,Airbus,2315,,0,,,
3214-54-10,,AR,1,EA,EPSU EMERGENCY POWER SUPPLY UNIT,,Airbus,5982,,0,,,
3214-54-10,,AR,1,EA,EPSU EMERGENCY POWER SUPPLY UNIT,,Airbus,5970,,0,,,
3214-54-10,,AR,1,EA,EPSU EMERGENCY POWER SUPPLY UNIT,,Airbus,4675,,0,,,
3214-54-10,,AR,1,EA,EPSU EMERGENCY POWER SUPPLY UNIT,,Airbus,3661,,0,,,
3214-55,,AR,1,EA,EPSU - EMERGENCY POWER SUPPLY UNIT,,Airbus,3240,,0,,,
3214-55,,AR,1,EA,EPSU - EMERGENCY POWER SUPPLY UNIT,,Airbus,3133,,0,,,
3214-55-10,,AR,1,EA,EPSU - EMERGENCY POWER SUPPLY UNIT,,Airbus,2525,,0,,,
322000M02,,AR,1,EA,RDDR TRANSDUCER UNIT,,Airbus,2181,,0,,,
322000M02,,AR,1,EA,RDDR TRANSDUCER UNIT,,Airbus,2049,,0,,,
330RU01B01E00,,AR,1,EA,"RELAY, GALLEY PWR SPLY",,Airbus,E0175,,0,,,
10148-0101,,SV,1,EA,FUEL QTY IND.,,Boeing,272,,0,,,
330RU01B01E00,,AR,1,EA,"RELAY, GALLEY PWR SPLY",,Airbus,E0175B,,0,,,
544122,,AR,1,EA,SWITCH - TOILET,,Airbus,2263,,0,,,
544122,,AR,1,EA,SWITCH - TOILET,,Airbus,2267,,0,,,
544122,,AR,1,EA,SWITCH - TOILET,,Airbus,2264,,0,,,
10166N01N00,,SV,1,EA,INDICATOR RUDDER TRIM,,Boeing,06114879BA,,0,,,
341E030000,,AR,1,EA,SOLENOID VALVE,,Airbus,2036,,0,,,
342300M01,,AR,1,EA,RDDR TRANSDUCER UNIT,,Airbus,10938,,0,,,
342300M01,,AR,1,EA,RDDR TRANSDUCER UNIT,,Airbus,10927,,0,,,
104003-2,,OH,1,EA,"EMERGENCY EVACUATIONSLIDE ASSY, FWD",,Embraer,EF1110,,0,,,
104003-2,,OH,1,EA,"EMERGENCY EVACUATIONSLIDE ASSY, FWD",,Embraer,EF0570,,0,,,
104005-1,,OH,1,EA,"EMERGENCY EVACUATION SLIDE ASSY, AF",,Embraer,EE0694,,0,,,
35-0E5-1513,,AR,1,EA,S.D.A.C.,,Airbus,0E5002119,,0,,,
3510-0056-03,,AR,1,EA,EXPRESS COFFEE MAKER,,Airbus,01K8151290001,,0,,,
3552BAADAACXCD,,AR,1,EA,O2 BOTTLE,,Airbus,P11021174,,0,,,
3552BAADAACXCD,,AR,1,EA,O2 BOTTLE,,Airbus,P09120189,,0,,,
3552CAADAACXCD,,AR,1,EA,O2 BOTTLE,,Airbus,P12091498,,0,,,
3720-00-00,,AR,1,EA,FIRE DETECTION UNIT,,Airbus,ME1890,,0,,,
3800278-4,,AR,1,EA,APU,,Airbus,R888,,0,,,
3945123506,,AR,1,EA,ELEVATOR AILERON COMPUTER,,Airbus,5981,,0,,,
3957985205,,AR,1,EA,ENGINE INTERFACE UNIT,,Airbus,Q05720007750,,0,,,
41-2-1100-02,,AR,1,EA,R/AIR EMERG ACTUATOR,,Airbus,2167,,0,,,
4188-00,,AR,1,EA,STATIC INVERETER,,Airbus,1858,,0,,,
4233257,,AR,1,EA,BLOCK-BEARING,,Airbus,N/A,,0,,,
4236534,,AR,1,EA,LIGHT-RUNWAY TURNOFF,,Airbus,75849,,0,,,
4279198,,AR,1,EA,WIPER MOTOR,,Airbus,26445,,0,,,
4357626,,AR,1,EA,WIPER ARM L.H.,,Airbus,N/A,,0,,,
442920-1,,AR,1,EA,MANIFOLD DISTRIBUTION,,Airbus,3305,,0,,,
4550-01-482,,AR,1,EA,FIRE/OVERHEAT DETECTOR,,Airbus,11428,,0,,,
4611025900,,AR,1,EA,BRAKE FAN,,Airbus,49,,0,,,
110A0113-56,,SV,1,EA,FUEL DOOR ASSY RH,,Boeing,340705,,0,,,
4611025900,,AR,1,EA,BRAKE FAN,,Airbus,110,,0,,,
4611025900,,AR,1,EA,BRAKE FAN,,Airbus,N/A,,0,,,
4611025900,,AR,1,EA,BRAKE FAN,,Airbus,45,,0,,,
465010-0300-0300,,AR,1,EA,CONTRL DISPLY UNIT,,Airbus,317,,0,,,
520913,,AR,1,EA,CSMG-CONST GENERATOR,,Airbus,G0310330,,0,,,
520913,,AR,1,EA,CSMG-CONST GENERATOR,,Airbus,F9443390,,0,,,
520915,,AR,1,EA,CONTROL UNIT-GENERATOR,,Airbus,F9443616,,0,,,
521A0200-01,,AR,1,EA,PPU ADAPTER,,Airbus,2164,,0,,,
521A0200-01,,AR,1,EA,PPU ADAPTER,,Airbus,3725,,0,,,
5500-B1A-BF23A,,AR,1,EA,OXYGEN BOTTLE,,Airbus,P07011163,,0,,,
558CA01Y1,,AR,1,EA,CONTACTOR-THREE POLE,,Airbus,3603,,0,,,
558CA01Y1,,AR,1,EA,CONTACTOR-THREE POLE,,Airbus,3593,,0,,,
558CA01Y1,,AR,1,EA,CONTACTOR-THREE POLE,,Airbus,3596,,0,,,
558CA01Y1,,AR,1,EA,CONTACTOR-THREE POLE,,Airbus,3600,,0,,,
558CA01Y1,,AR,1,EA,CONTACTOR-THREE POLE,,Airbus,3589,,0,,,
558CA01Y1,,AR,1,EA,CONTACTOR-THREE POLE,,Airbus,3595,,0,,,
564CA01Y1,,AR,1,EA,"RELAY, GALLEY POWER SUPPLY",,Airbus,10401,,0,,,
564CA01Y1,,AR,1,EA,"RELAY, GALLEY POWER SUPPLY",,Airbus,8008,,0,,,
564CA01Y1,,AR,1,EA,"RELAY, GALLEY POWER SUPPLY",,Airbus,5353,,0,,,
564CA01Y1,,AR,1,EA,"RELAY, GALLEY POWER SUPPLY",,Airbus,5358,,0,,,
564CA01Y1,,AR,1,EA,"RELAY, GALLEY POWER SUPPLY",,Airbus,5363,,0,,,
564CA01Y1,,AR,1,EA,"RELAY, GALLEY POWER SUPPLY",,Airbus,5346,,0,,,
564CA01Y1,,AR,1,EA,"RELAY, GALLEY POWER SUPPLY",,Airbus,5344,,0,,,
564CA02FY1,,AR,1,EA,"CONTACTOR-THREE POLE,60A FOR A320 / A321",,Airbus,1464,,0,,,
564CA04A11Y00,,AR,1,EA,CONTACTOR,,Airbus,7197,,0,,,
564CA04A11Y00,,AR,1,EA,CONTACTOR,,Airbus,7208,,0,,,
564CA04A11Y00,,AR,1,EA,CONTACTOR,,Airbus,7198,,0,,,
5822-21,,AR,1,EA,POWER SUPPLY,,Airbus,N / A,,0,,,
5822-21,,AR,1,EA,POWER SUPPLY,,Airbus,N / A,,0,,,
5822-21,,AR,1,EA,POWER SUPPLY,,Airbus,N / A,,0,,,
5822-21,,AR,1,EA,POWER SUPPLY,,Airbus,N / A,,0,,,
5822-21,,AR,1,EA,POWER SUPPLY,,Airbus,N / A,,0,,,
5906733,,AR,1,EA,TRANSFORMER,,Airbus,8332,,0,,,
5906733,,AR,1,EA,TRANSFORMER,,Airbus,8333,,0,,,
5906734,,AR,1,EA,"TRANSFORMER-CURRENT,3 HOLE FOR A320 / A321",,Airbus,9231,,0,,,
5906734,,AR,1,EA,"TRANSFORMER-CURRENT,3 HOLE FOR A320 / A321",,Airbus,9227,,0,,,
5906734,,AR,1,EA,"TRANSFORMER-CURRENT,3 HOLE FOR A320 / A321",,Airbus,9225,,0,,,
5906734,,AR,1,EA,"TRANSFORMER-CURRENT,3 HOLE FOR A320 / A321",,Airbus,9224,,0,,,
5906734,,AR,1,EA,"TRANSFORMER-CURRENT,3 HOLE FOR A320 / A321",,Airbus,9228,,0,,,
590SE01,,AR,1,EA,BASE CONTACTOR,,Airbus,1456,,0,,,
590SE01,,AR,1,EA,BASE CONTACTOR,,Airbus,1455,,0,,,
5XA005032-01,,AR,1,EA,CONTROLLER LIGHTING,,Airbus,1243,,0,,,
600SE01,,AR,1,EA,BASE-SNGL POLE CONTACTOR,,Airbus,7095,,0,,,
600SE01,,AR,1,EA,BASE-SNGL POLE CONTACTOR,,Airbus,7006,,0,,,
600SE01,,AR,1,EA,BASE-SNGL POLE CONTACTOR,,Airbus,3572,,0,,,
600SE01,,AR,1,EA,BASE-SNGL POLE CONTACTOR,,Airbus,3133,,0,,,
114083003,,SV,1,EA,VENT VALVE,,Airbus,DH-0194-03,,0,,,
60592-101,,AR,1,EA,RESERVOIR,,Airbus,A8653,,0,,,
610870-0004,,AR,1,EA,TAPPING UNIT,,Airbus,KJKN,,0,,,
610870-0004,,AR,1,EA,TAPPING UNIT,,Airbus,V1HV,,0,,,
610870-0004,,AR,1,EA,TAPPING UNIT,,Airbus,3JN0W,,0,,,
114086001,,SV,1,EA,VALVE-CUT OUT,,Airbus,DH-0138-03,,0,,,
114087005,,OH,1,EA,DOOR BYPASS VALVE,,Airbus,DH-0152-02,,0,,,
610870-0004,,AR,1,EA,TAPPING UNIT,,Airbus,12001497,,0,,,
610870-0004,,AR,1,EA,TAPPING UNIT,,Airbus,105001602,,0,,,
610870-0004,,AR,1,EA,TAPPING UNIT,,Airbus,CH4P,,0,,,
114170008,,SV,1,EA,MLG SELCT VLV MANFLD,,Airbus,DH-0101-03,,0,,,
610870-0004,,AR,1,EA,TAPPING UNIT,,Airbus,9910001272,,0,,,
610870-0004,,AR,1,EA,TAPPING UNIT,,Airbus,VPWC,,0,,,
610870-0004,,AR,1,EA,TAPPING UNIT,,Airbus,V93K,,0,,,
610870-0004,,AR,1,EA,TAPPING UNIT,,Airbus,105001689,,0,,,
610870-0004,,AR,1,EA,TAPPING UNIT,,Airbus,9903000030,,0,,,
1151324-1,,SV,1,EA,ELT-RESCUE 406 BEACO,,Airbus,077C-1135,,0,,,
610870-0004,,AR,1,EA,TAPPING UNIT,,Airbus,VJNK,,0,,,
1152464-265,,SV,1,EA,"APU START POWER UNIT,CONTROL",,Boeing,1152464-01636,,0,,,
610SE01,,AR,1,EA,BASE CONTACTOR,,Airbus,4323,,0,,,
610SE01,,AR,1,EA,BASE CONTACTOR,,Airbus,4326,,0,,,
610SE01,,AR,1,EA,BASE CONTACTOR,,Airbus,4318,,0,,,
610SE01,,AR,1,EA,BASE CONTACTOR,,Airbus,3765,,0,,,
1158000-21,,SV,1,EA,VALVE REFUEL,,Airbus,FR389BA,,0,,,
1158000-21,,SV,1,EA,VALVE REFUEL,,Airbus,FRTR.161/AS,,0,,,
6-1404-0000-4,,AR,1,EA,HYDRAULIC HAND PUMP,,Airbus,2.0392,,0,,,
6-1404-0000-4,,AR,1,EA,HYDRAULIC HAND PUMP,,Airbus,3.0026,,0,,,
6-1404-0102-4,,AR,1,EA,HANDLE-HYDRAULIC PUMP,,Airbus,98.0194,,0,,,
620SE01Y1,,AR,1,EA,BASE CONTACTOR,,Airbus,12639,,0,,,
622-5130-020,,AR,1,EA,WEATHER RADAR CONTROL PANEL,,Airbus,2650,,0,,,
622-5222-020,,AR,1,EA,RECEIVER - ADF,,Airbus,5854,,0,,,
622-5222-020,,AR,1,EA,RECEIVER - ADF,,Airbus,3984,,0,,,
622-5272-020,,AR,1,EA,HF TRANSCEIVER,,Airbus,6518,,0,,,
622-5272-020,,AR,1,EA,HF TRANSCEIVER,,Airbus,6525,,0,,,
622-7878-301,,AR,1,EA,ATC TRANSPONDER,,Airbus,9187,,0,,,
622-7878-301,,AR,1,EA,ATC TRANSPONDER,,Airbus,9265,,0,,,
622-8971-322,,AR,1,EA,TCAS,,Airbus,N / A,,0,,,
62364-101,,AR,1,EA,"SLIDE COVER, DECORATIVE",,Airbus,C0360,,0,,,
115A5240-1,,OH,1,EA,HOUSING ASSY,,Boeing,200098497-01,,0,,,
115A5280-1,,OH,4,EA,CAP FUSE PIN RENTENTION,,Boeing,N / A,,0,,,
115A5283-1,,OH,1,EA,NUT,,Boeing,N / A,,0,,,
115A5283-1,,OH,1,EA,NUT,,Boeing,N / A,,0,,,
115A5284-1,,OH,2,EA,ROD,,Boeing,N / A,,0,,,
62364-301,,AR,1,EA,"SLIDE COVER, DECORATIVE",,Airbus,A-6038,,0,,,
62364-301,,AR,1,EA,"SLIDE COVER, DECORATIVE",,Airbus,A-5071,,0,,,
62364-301,,AR,1,EA,"SLIDE COVER, DECORATIVE",,Airbus,A-5073,,0,,,
62369-101,,AR,1,EA,"SLIDE COVER, DECORATIVE",,Airbus,C0189,,0,,,
62369-301,,AR,1,EA,"SLIDE COVER, DECORATIVE",,Airbus,A-5116,,0,,,
630CC01Y1,,AR,1,EA,CONTACTOR SINGLE POLE,,Airbus,6705,,0,,,
630CC01Y1,,AR,1,EA,CONTACTOR SINGLE POLE,,Airbus,6773,,0,,,
630CC01Y1,,AR,1,EA,CONTACTOR SINGLE POLE,,Airbus,6781,,0,,,
630CC01Y1,,AR,1,EA,CONTACTOR SINGLE POLE,,Airbus,5228,,0,,,
630CC04A1Y00,,AR,1,EA,CONTACTOR,,Airbus,4269,,0,,,
630CC04A1Y00,,AR,1,EA,CONTACTOR,,Airbus,4271,,0,,,
630CC04A2Y00,,AR,1,EA,CONTACTOR - SINGLE POLE,,Airbus,4292,,0,,,
630CC04A2Y00,,AR,1,EA,CONTACTOR - SINGLE POLE,,Airbus,36060,,0,,,
6343-16917-2,,AR,1,EA,GEARBOX AND MOTOR ASSY,,Airbus,9535653,,0,,,
640CC01Y1,,AR,1,EA,CONTACTOR- SINGLE POLE,,Airbus,8527,,0,,,
640CC01Y1,,AR,1,EA,CONTACTOR- SINGLE POLE,,Airbus,8268,,0,,,
640CC01Y1,,AR,1,EA,CONTACTOR- SINGLE POLE,,Airbus,4358,,0,,,
640CC01Y1,,AR,1,EA,CONTACTOR- SINGLE POLE,,Airbus,4355,,0,,,
640CC01Y1,,AR,1,EA,CONTACTOR- SINGLE POLE,,Airbus,4301,,0,,,
640CC01Y1,,AR,1,EA,CONTACTOR- SINGLE POLE,,Airbus,4319,,0,,,
640CC01Y1,,AR,1,EA,CONTACTOR- SINGLE POLE,,Airbus,4318,,0,,,
640CC01Y1,,AR,1,EA,CONTACTOR- SINGLE POLE,,Airbus,4317,,0,,,
640CC04A2Y00,,AR,1,EA,CONTACTOR-SINGLE POLE,,Airbus,4248,,0,,,
640CC04A2Y00,,AR,1,EA,CONTACTOR-SINGLE POLE,,Airbus,4249,,0,,,
64300-210,,AR,1,EA,BOOM SET,,Airbus,NSN,,0,,,
64300-210,,AR,1,EA,BOOM SET,,Airbus,N/A,,0,,,
64300-210,,AR,1,EA,BOOM SET,,Airbus,N/A,,0,,,
64882-206-1,,AR,1,EA,INDICATOR-BRAKE PRESSURE,,Airbus,5126,,0,,,
655CC01Y1,,AR,1,EA,CONTACTOR - SINGLE POLE,,Airbus,1255,,0,,,
655CC01Y1,,AR,1,EA,CONTACTOR - SINGLE POLE,,Airbus,1251,,0,,,
664700500A4D,,AR,1,EA,LANDING GEAR CONTROL,,Airbus,2876,,0,,,
664700500A4D,,AR,1,EA,LANDING GEAR CONTROL,,Airbus,749,,0,,,
6730B01,,AR,1,EA,FAN AIR VALVE,,Airbus,1752,,0,,,
6730B01,,AR,1,EA,FAN AIR VALVE,,Airbus,1272,,0,,,
6730B01,,AR,1,EA,FAN AIR VALVE,,Airbus,1271,,0,,,
6740E010000,,AR,1,EA,OVERPRESSURE VALVE,,Airbus,2507,,0,,,
6989405300,,AR,1,EA,WINDSHIELD WIPER,,Airbus,4357619,,0,,,
6989405400,,AR,1,EA,WINDSHIELD WIPER,,Airbus,4357626,,0,,,
6A7447,,AR,1,EA,"HARNESS,ASSY EEC FAN",,Airbus,267,,0,,,
700-2146-001,,AR,1,EA,BOX - JUNCTION,,Airbus,220,,0,,,
7012-17971-3,,AR,1,EA,"VALVE, OUTFLOW",,Airbus,2087,,0,,,
70200,,AR,1,EA,VALVE 2-2 WAY MAN. BLEED,,Airbus,8055,,0,,,
70200,,AR,1,EA,VALVE 2-2 WAY MAN. BLEED,,Airbus,25194,,0,,,
70200,,AR,1,EA,VALVE 2-2 WAY MAN. BLEED,,Airbus,8086,,0,,,
70400,,AR,1,EA,AIR RELIEF VALVE,,Airbus,5738,,0,,,
70400,,AR,1,EA,AIR RELIEF VALVE,,Airbus,3470,,0,,,
70400,,AR,1,EA,AIR RELIEF VALVE,,Airbus,1785,,0,,,
70400,,AR,1,EA,AIR RELIEF VALVE,,Airbus,3249,,0,,,
70400,,AR,1,EA,AIR RELIEF VALVE,,Airbus,1783,,0,,,
70400,,AR,1,EA,AIR RELIEF VALVE,,Airbus,1741,,0,,,
70400,,AR,1,EA,AIR RELIEF VALVE,,Airbus,15238,,0,,,
1973773,,AR,1,EA,FIRE DETECTION UNIT,,Airbus,7919,,0,,,
1973773,,AR,1,EA,FIRE DETECTION UNIT,,Airbus,7927,,0,,,
1973773,,AR,1,EA,FIRE DETECTION UNIT,,Airbus,7229,,0,,,
1973773,,AR,1,EA,FIRE DETECTION UNIT,,Airbus,8271,,0,,,
733A0000-01,,AR,1,EA,VALVE,,Airbus,N/A,,0,,,
736A0000-02,,AR,1,EA,DUCT TEMP SENSOR,,Airbus,8133,,0,,,
736A0000-02,,AR,1,EA,DUCT TEMP SENSOR,,Airbus,3676,,0,,,
740-0235-543,,AR,1,EA,CASCADE,,Airbus,N/A,,0,,,
740120C,,AR,1,EA,GENERATOR CONTROL UNIT,,Airbus,4148,,0,,,
740120C,,AR,1,EA,GENERATOR CONTROL UNIT,,Airbus,4893,,0,,,
740120C,,AR,1,EA,GENERATOR CONTROL UNIT,,Airbus,4873,,0,,,
740120C,,AR,1,EA,GENERATOR CONTROL UNIT,,Airbus,4157,,0,,,
740120C,,AR,1,EA,GENERATOR CONTROL UNIT,,Airbus,4149,,0,,,
74-20,,AR,1,EA,FIRE EXT PORTABLE,,Airbus,B23694,,0,,,
74-20,,AR,1,EA,FIRE EXT PORTABLE,,Airbus,16953,,0,,,
74-20,,AR,1,EA,FIRE EXT PORTABLE,,Airbus,B23534,,0,,,
74-20,,AR,1,EA,FIRE EXT PORTABLE,,Airbus,16449,,0,,,
746923E,,AR,1,EA,ELECT GEN INTERFACE,,Airbus,862,,0,,,
746923E,,AR,1,EA,ELECT GEN INTERFACE,,Airbus,316,,0,,,
746923E,,AR,1,EA,ELECT GEN INTERFACE,,Airbus,3653,,0,,,
747A0000-03,,AR,1,EA,WATER EXTRACTOR,,Airbus,1292,,0,,,
747A0000-03,,AR,1,EA,WATER EXTRACTOR,,Airbus,4281,,0,,,
747A0000-03,,AR,1,EA,WATER EXTRACTOR,,Airbus,4283,,0,,,
747C0000-01,,AR,1,EA,EXTRACTOR - WATER,,Airbus,0747C00LI001427,,0,,,
748A0000-08,,AR,1,EA,"VALVE, ANTI-ICING",,Airbus,2232,,0,,,
748A0000-08,,AR,1,EA,"VALVE, ANTI-ICING",,Airbus,2231,,0,,,
748A0000-08,,AR,1,EA,"VALVE, ANTI-ICING",,Airbus,0748A00LI004456,,0,,,
748B0000-01,,AR,1,EA,VALVE-ANTI ICING,,Airbus,1369,,0,,,
748B0000-01,,AR,1,EA,VALVE-ANTI ICING,,Airbus,1261,,0,,,
750A0000-02,,AR,1,EA,VALVE-TRIM AIR,,Airbus,1889,,0,,,
756A0000-04,,AR,1,EA,CONDENSER,,Airbus,1540,,0,,,
758A0000-02,,AR,1,EA,VALVE BYPASS,,Airbus,1721,,0,,,
758A0000-02,,AR,1,EA,VALVE BYPASS,,Airbus,1451,,0,,,
759C0000-02,,AR,1,EA,PACK CONTROLLER,,Airbus,2139,,0,,,
762308B,,AR,1,EA,RAT-RAM AIR TURBINE,,Airbus,139,,0,,,
763A0000-03,,AR,1,EA,SENSOR-TEMPERATURE,,Airbus,19577,,0,,,
763A0000-03,,AR,1,EA,SENSOR-TEMPERATURE,,Airbus,26641,,0,,,
763A0000-03,,AR,1,EA,SENSOR-TEMPERATURE,,Airbus,19586,,0,,,
763A0000-03,,AR,1,EA,SENSOR-TEMPERATURE,,Airbus,26636,,0,,,
764711A,,AR,1,EA,RAT ACTUATOR,,Airbus,646,,0,,,
764B0000-01,,AR,1,EA,SENSOR,,Airbus,9248,,0,,,
764B0000-01,,AR,1,EA,SENSOR,,Airbus,9277,,0,,,
766A0000-01,,AR,1,EA,"SENSOR, TEMP. PNEUMATIC",,Airbus,4847,,0,,,
766A0000-01,,AR,1,EA,"SENSOR, TEMP. PNEUMATIC",,Airbus,4845,,0,,,
766A0000-01,,AR,1,EA,"SENSOR, TEMP. PNEUMATIC",,Airbus,1488,,0,,,
766A0000-01,,AR,1,EA,"SENSOR, TEMP. PNEUMATIC",,Airbus,3256,,0,,,
11-851154-6,,OH,1,EA,PRECOOLER EXCHANGER,,Airbus,3360,,0,,,
766A0000-01,,AR,1,EA,"SENSOR, TEMP. PNEUMATIC",,Airbus,1307,,0,,,
1187A6-23,,OH,1,EA,BOX-CREW OXYGEN MASK STOWAGE,,Embraer,1583,,0,,,
766A0000-01,,AR,1,EA,"SENSOR, TEMP. PNEUMATIC",,Airbus,2589,,0,,,
767A0000-04,,AR,1,EA,TEMP SENSOR,,Airbus,2492,,0,,,
767A0000-04,,AR,1,EA,TEMP SENSOR,,Airbus,4625,,0,,,
769B0000-01,,AR,1,EA,DOWN STRAEM CHK VALVE,,Airbus,0769B00LI004365,,0,,,
769B0000-01,,AR,1,EA,DOWN STRAEM CHK VALVE,,Airbus,0769B00LI005671,,0,,,
772A0000-02,,AR,1,EA,SENSOR-TEMPERTURE FOR A320,,Airbus,2336,,0,,,
773A0000-01,,AR,1,EA,TEMPERATURE SENSOR,,Airbus,13015,,0,,,
773A0000-01,,AR,1,EA,TEMPERATURE SENSOR,,Airbus,13416,,0,,,
775C0000-04,,AR,1,EA,CONTROLLER - ZONE,,Airbus,862,,0,,,
775D0000-01,,AR,1,EA,ZONE TEMP CONTROLLER,,Airbus,1582,,0,,,
775D0000-01,,AR,1,EA,ZONE TEMP CONTROLLER,,Airbus,1957,,0,,,
123268-1-1,,SV,1,EA,COLD AIR CHECK VALVE,,Boeing,9063,,0,,,
778A0200-03,,AR,1,EA,PIPE ASSY,,Airbus,4289,,0,,,
778A0200-03,,AR,1,EA,PIPE ASSY,,Airbus,3163,,0,,,
778A0200-03,,AR,1,EA,PIPE ASSY,,Airbus,2755,,0,,,
785-002-61,,AR,1,EA,BMC,,Airbus,1435,,0,,,
785-002-61,,AR,1,EA,BMC,,Airbus,1128,,0,,,
12507G-31,,SV,1,EA,HEADSET,,Embraer,N / A,,0,,,
12507G-31,,SV,1,EA,HEADSET,,Embraer,N / A,,0,,,
125329B-4,,SV,1,EA,SHAFT ASSY,,Boeing,AA96245,,0,,,
786A0000-12,,AR,1,EA,FLP/SLT PWR CONTROL UNIT,,Airbus,4256,,0,,,
786A0000-12,,AR,1,EA,FLP/SLT PWR CONTROL UNIT,,Airbus,4261,,0,,,
788A0000-02,,AR,1,EA,RIGHT ANGLE GEARBOX,,Airbus,P1136,,0,,,
788A0000-02,,AR,1,EA,RIGHT ANGLE GEARBOX,,Airbus,P1135,,0,,,
125329D,,SV,1,EA,MANUAL ACTUATOR,,Boeing,AA102817,,0,,,
788A0000-02,,AR,1,EA,RIGHT ANGLE GEARBOX,,Airbus,U2005,,0,,,
788A0000-02,,AR,1,EA,RIGHT ANGLE GEARBOX,,Airbus,Z21296,,0,,,
788A0000-02,,AR,1,EA,RIGHT ANGLE GEARBOX,,Airbus,Z21297,,0,,,
125334D-2,,SV,1,EA,VALVE BODY ASSEMBLY,,Boeing,AA198165,,0,,,
789A0000-02,,AR,1,EA,FLAP LINE GEARBOX,,Airbus,Z21304,,0,,,
789A0000-02,,AR,1,EA,FLAP LINE GEARBOX,,Airbus,Z21303,,0,,,
789A0000-02,,AR,1,EA,FLAP LINE GEARBOX,,Airbus,U2002,,0,,,
1263A0000-03,,AI,1,EA,AIR CYCLE MACHINE,,Airbus,4032,,0,,,
1263A0000-03,,AI,1,EA,AIR CYCLE MACHINE,,Airbus,4029,,0,,,
789A0000-02,,AR,1,EA,FLAP LINE GEARBOX,,Airbus,U2001,,0,,,
789A0000-02,,AR,1,EA,FLAP LINE GEARBOX,,Airbus,P1117,,0,,,
789A0000-02,,AR,1,EA,FLAP LINE GEARBOX,,Airbus,P1118,,0,,,
790A0000-02,,AR,1,EA,FLAP BEVEL GEARBOX,,Airbus,U2938,,0,,,
790A0000-02,,AR,1,EA,FLAP BEVEL GEARBOX,,Airbus,Z21961,,0,,,
12664,,SV,1,EA,RAM AIR CHECK VALVE,,Airbus,9866223,,0,,,
129694-2,,SV,1,EA,SENSOR BLEED AIR OVERTEMP,,Boeing,4328,,0,,,
1303910-100,,SV,1,EA,LCD MONITOR-RETRACTOR,,Boeing,JM3MY,,0,,,
1303910-100,,AI,1,EA,LCD MONITOR-RETRACTOR,,Boeing,L83MF,,0,,,
1303910-101,,SV,1,EA,LCD MONITOR-RETRACTOR,,Boeing,L859J,,0,,,
791C0000-01,,AR,1,EA,ACTUATOR FLAP 1,,Airbus,Z21106,,0,,,
792-6140-001,,AR,1,EA,HF COUPLER UNIT,,Airbus,10488,,0,,,
792-6140-001,,AR,1,EA,HF COUPLER UNIT,,Airbus,8193,,0,,,
792A0000-07,,AR,1,EA,FLAP ACTUATOR,,Airbus,U2122,,0,,,
792A0000-07,,AR,1,EA,FLAP ACTUATOR,,Airbus,U2123,,0,,,
140-025-2,,SV,1,EA,ANTISKID TRANSDUCER,,Boeing,304020,,0,,,
792D0000-01,,AR,1,EA,FLAP ACTUATOR #2 F/B L/H,,Airbus,Z21095,,0,,,
793C0000-01,,AR,1,EA,ACTUATOR FLAP,,Airbus,Z21091,,0,,,
793C0000-01,,AR,1,EA,ACTUATOR FLAP,,Airbus,Z21090,,0,,,
795040-31-003,,AR,1,EA,DATA MANAGEMENT UNIT,,Airbus,32,,0,,,
800A0000-03,,AR,1,EA,ACTUATOR,,Airbus,H193,,0,,,
801A0300-01,,AR,1,EA,FLAP TRANSMS SHAFT,,Airbus,U1993,,0,,,
801A0300-01,,AR,1,EA,FLAP TRANSMS SHAFT,,Airbus,R1098,,0,,,
801A0300-01,,AR,1,EA,FLAP TRANSMS SHAFT,,Airbus,Z4137,,0,,,
801A0300-01,,AR,1,EA,FLAP TRANSMS SHAFT,,Airbus,Z4138,,0,,,
801A0800-01,,AR,1,EA,FLAP TRANSMS SHAFT,,Airbus,Z4156,,0,,,
801A0800-01,,AR,1,EA,FLAP TRANSMS SHAFT,,Airbus,Z4153,,0,,,
801A0800-01,,AR,1,EA,FLAP TRANSMS SHAFT,,Airbus,R1096,,0,,,
801A0800-01,,AR,1,EA,FLAP TRANSMS SHAFT,,Airbus,U1964,,0,,,
801A0800-01,,AR,1,EA,FLAP TRANSMS SHAFT,,Airbus,U1963,,0,,,
801A1500-01,,AR,1,EA,FLAP TRANSMS SHAFT,,Airbus,U1970,,0,,,
801A1500-01,,AR,1,EA,FLAP TRANSMS SHAFT,,Airbus,Z4153,,0,,,
141A6105-6,,OH,1,EA,SNUBBER,,Boeing,EFS4985,,0,,,
801A2200-01,,AR,1,EA,"SHAFT ASSY, CONNECTION",,Airbus,N / A,,0,,,
801A2200-01,,AR,1,EA,"SHAFT ASSY, CONNECTION",,Airbus,N / A,,0,,,
801A2200-01,,AR,1,EA,"SHAFT ASSY, CONNECTION",,Airbus,N / A,,0,,,
801A2200-01,,AR,1,EA,"SHAFT ASSY, CONNECTION",,Airbus,N / A,,0,,,
14404-010,,SV,1,EA,VACUUM SYS CONTROLLR,,Airbus,3031677,,0,,,
801A2200-01,,AR,1,EA,"SHAFT ASSY, CONNECTION",,Airbus,N / A,,0,,,
801A2200-01,,AR,1,EA,"SHAFT ASSY, CONNECTION",,Airbus,N / A,,0,,,
801A3100-01,,AR,1,EA,"JOINT, SHAFT UNIVERSAL",,Airbus,TP1758C98,,0,,,
801A3100-01,,AR,1,EA,"JOINT, SHAFT UNIVERSAL",,Airbus,TP56BC98,,0,,,
801A3100-01,,AR,1,EA,"JOINT, SHAFT UNIVERSAL",,Airbus,A371E94,,0,,,
801A3100-01,,AR,1,EA,"JOINT, SHAFT UNIVERSAL",,Airbus,A360E94,,0,,,
801A3100-01,,AR,1,EA,"JOINT, SHAFT UNIVERSAL",,Airbus,A315E94,,0,,,
801A3100-01,,AR,1,EA,"JOINT, SHAFT UNIVERSAL",,Airbus,A399E94,,0,,,
801A3100-01,,AR,1,EA,"JOINT, SHAFT UNIVERSAL",,Airbus,A317E94,,0,,,
801A3100-01,,AR,1,EA,"JOINT, SHAFT UNIVERSAL",,Airbus,A370E94,,0,,,
801A3100-01,,AR,1,EA,"JOINT, SHAFT UNIVERSAL",,Airbus,A915B94,,0,,,
801A3100-01,,AR,1,EA,"JOINT, SHAFT UNIVERSAL",,Airbus,A439E94,,0,,,
801A3100-01,,AR,1,EA,"JOINT, SHAFT UNIVERSAL",,Airbus,A520E94,,0,,,
801A3100-01,,AR,1,EA,"JOINT, SHAFT UNIVERSAL",,Airbus,A344E94,,0,,,
801A3100-01,,AR,1,EA,"JOINT, SHAFT UNIVERSAL",,Airbus,A700E94,,0,,,
801A3100-01,,AR,1,EA,"JOINT, SHAFT UNIVERSAL",,Airbus,A413E94,,0,,,
801A3100-01,,AR,1,EA,"JOINT, SHAFT UNIVERSAL",,Airbus,A252E94,,0,,,
801A3100-01,,AR,1,EA,"JOINT, SHAFT UNIVERSAL",,Airbus,A689C94,,0,,,
801A3100-01,,AR,1,EA,"JOINT, SHAFT UNIVERSAL",,Airbus,A518E94,,0,,,
801A3100-01,,AR,1,EA,"JOINT, SHAFT UNIVERSAL",,Airbus,A443E94,,0,,,
801A3100-01,,AR,1,EA,"JOINT, SHAFT UNIVERSAL",,Airbus,A147D94,,0,,,
801A3100-01,,AR,1,EA,"JOINT, SHAFT UNIVERSAL",,Airbus,A49E94,,0,,,
801A3100-01,,AR,1,EA,"JOINT, SHAFT UNIVERSAL",,Airbus,A368E94,,0,,,
801A3100-01,,AR,1,EA,"JOINT, SHAFT UNIVERSAL",,Airbus,A257E94,,0,,,
801A3100-01,,AR,1,EA,"JOINT, SHAFT UNIVERSAL",,Airbus,A346E94,,0,,,
801A3100-01,,AR,1,EA,"JOINT, SHAFT UNIVERSAL",,Airbus,A464E94,,0,,,
801A3100-01,,AR,1,EA,"JOINT, SHAFT UNIVERSAL",,Airbus,TP258098,,0,,,
801A3100-01,,AR,1,EA,"JOINT, SHAFT UNIVERSAL",,Airbus,TP201B098,,0,,,
801A3100-01,,AR,1,EA,"JOINT, SHAFT UNIVERSAL",,Airbus,EX3563FP,,0,,,
801A3100-01,,AR,1,EA,"JOINT, SHAFT UNIVERSAL",,Airbus,TP537BC98,,0,,,
801A3100-01,,AR,1,EA,"JOINT, SHAFT UNIVERSAL",,Airbus,TP6748H98,,0,,,
801A3100-01,,AR,1,EA,"JOINT, SHAFT UNIVERSAL",,Airbus,TP1203798,,0,,,
1500-0500-002,,SV,1,EA,HGS CONTROL PANEL,,Boeing,22797,,0,,,
801A3100-01,,AR,1,EA,"JOINT, SHAFT UNIVERSAL",,Airbus,TP536BC98,,0,,,
1500-2360-001,,SV,1,EA,OVERHEAD UNIT,,Boeing,21326,,0,,,
1500-2360-001,,SV,1,EA,OVERHEAD UNIT,,Boeing,26330,,0,,,
1500-2430-001,,SV,1,EA,ANNUNCIATOR PANEL,,Boeing,21228,,0,,,
1500-2460-003,,SV,1,EA,HGS COMPUTER,,Boeing,24610,,0,,,
1500-2460-003,,SV,1,EA,HGS COMPUTER,,Boeing,26920,,0,,,
801A3100-01,,AR,1,EA,"JOINT, SHAFT UNIVERSAL",,Airbus,TP191BD98,,0,,,
801A3100-01,,AR,1,EA,"JOINT, SHAFT UNIVERSAL",,Airbus,TP538798,,0,,,
801A3100-01,,AR,1,EA,"JOINT, SHAFT UNIVERSAL",,Airbus,TP162BC98,,0,,,
801A3100-01,,AR,1,EA,"JOINT, SHAFT UNIVERSAL",,Airbus,TP665BH98,,0,,,
801A3100-01,,AR,1,EA,"JOINT, SHAFT UNIVERSAL",,Airbus,TP80BD98,,0,,,
15-0810-5,,SV,1,EA,"LIGHT , FLOOD/STORM",,Embraer,1517,,0,,,
801A3100-01,,AR,1,EA,"JOINT, SHAFT UNIVERSAL",,Airbus,TP163BH98,,0,,,
801A3100-01,,AR,1,EA,"JOINT, SHAFT UNIVERSAL",,Airbus,TP165BC98,,0,,,
801A3100-01,,AR,1,EA,"JOINT, SHAFT UNIVERSAL",,Airbus,TP128BL98,,0,,,
801A3100-01,,AR,1,EA,"JOINT, SHAFT UNIVERSAL",,Airbus,TP096BL98,,0,,,
152LMA23,,SV,1,EA,APU EGT INDICATOR,,Boeing,6107812,,0,,,
1552-002-19,,SV,1,EA,PRESSURE REGULATOR,,Boeing,R06-010375,,0,,,
801A3100-01,,AR,1,EA,"JOINT, SHAFT UNIVERSAL",,Airbus,TP829BH98,,0,,,
801A3100-01,,AR,1,EA,"JOINT, SHAFT UNIVERSAL",,Airbus,TP214BL98,,0,,,
1554A9900-01,,SV,1,EA,BLUE HP MANIFOLD,,Airbus,109,,0,,,
801A3100-01,,AR,1,EA,"JOINT, SHAFT UNIVERSAL",,Airbus,TP2268C98,,0,,,
801A3100-01,,AR,1,EA,"JOINT, SHAFT UNIVERSAL",,Airbus,TP678C98,,0,,,
801A3100-01,,AR,1,EA,"JOINT, SHAFT UNIVERSAL",,Airbus,TP1168C98,,0,,,
15800-029-4,,OH,1,EA,TOILET ASSEMBLY,,Boeing,447,,0,,,
801A3100-01,,AR,1,EA,"JOINT, SHAFT UNIVERSAL",,Airbus,TP1198C98,,0,,,
801A3100-01,,AR,1,EA,"JOINT, SHAFT UNIVERSAL",,Airbus,A9C94,,0,,,
158300-101,,SV,1,EA,ACTUATOR-AUTOPILOT,,Boeing,18188,,0,,,
801A3100-01,,AR,1,EA,"JOINT, SHAFT UNIVERSAL",,Airbus,TP469AX02,,0,,,
801A3100-01,,AR,1,EA,"JOINT, SHAFT UNIVERSAL",,Airbus,DJ06-005,,0,,,
801A3100-01,,AR,1,EA,"JOINT, SHAFT UNIVERSAL",,Airbus,TP580AX02,,0,,,
801A3100-01,,AR,1,EA,"JOINT, SHAFT UNIVERSAL",,Airbus,DJ06-075,,0,,,
801A3100-01,,AR,1,EA,"JOINT, SHAFT UNIVERSAL",,Airbus,DK25-055,,0,,,
801A3100-01,,AR,1,EA,"JOINT, SHAFT UNIVERSAL",,Airbus,TP471AX02,,0,,,
801A3100-01,,AR,1,EA,"JOINT, SHAFT UNIVERSAL",,Airbus,DK25-093,,0,,,
801A3100-01,,AR,1,EA,"JOINT, SHAFT UNIVERSAL",,Airbus,DG26-358,,0,,,
801A3100-01,,AR,1,EA,"JOINT, SHAFT UNIVERSAL",,Airbus,TP446AX02,,0,,,
801A3100-01,,AR,1,EA,"JOINT, SHAFT UNIVERSAL",,Airbus,DK25-108,,0,,,
801A3100-01,,AR,1,EA,"JOINT, SHAFT UNIVERSAL",,Airbus,DH28-008,,0,,,
1605-00-00,,SV,1,EA,CVFDR,,Embraer,188,,0,,,
1605-01-00,,SV,1,EA,CVFDR W/RIPS,,Embraer,233,,0,,,
801A3100-01,,AR,1,EA,"JOINT, SHAFT UNIVERSAL",,Airbus,DH30-534,,0,,,
801A3100-01,,AR,1,EA,"JOINT, SHAFT UNIVERSAL",,Airbus,DG16-249,,0,,,
801A3100-01,,AR,1,EA,"JOINT, SHAFT UNIVERSAL",,Airbus,DG26-204,,0,,,
801A3100-01,,AR,1,EA,"JOINT, SHAFT UNIVERSAL",,Airbus,DJ06-669,,0,,,
801A3100-01,,AR,1,EA,"JOINT, SHAFT UNIVERSAL",,Airbus,DH30-485,,0,,,
801A3100-01,,AR,1,EA,"JOINT, SHAFT UNIVERSAL",,Airbus,DH30-409,,0,,,
162700-100,,SV,1,EA,ELEVATOR FEEL COMPUTER,,Boeing,B1259,,0,,,
801A3100-01,,AR,1,EA,"JOINT, SHAFT UNIVERSAL",,Airbus,DJ06-051,,0,,,
162BL903,,SV,1,EA,IND-CABIN TEMPERATURE,,Boeing,7028643,,0,,,
801A3100-01,,AR,1,EA,"JOINT, SHAFT UNIVERSAL",,Airbus,DJ06-131,,0,,,
801A3100-01,,AR,1,EA,"JOINT, SHAFT UNIVERSAL",,Airbus,DJ06-673,,0,,,
801A3100-01,,AR,1,EA,"JOINT, SHAFT UNIVERSAL",,Airbus,TP522AX02,,0,,,
1640-120-01,,SV,1,EA,COCKPIT CONTROL UNIT,,Embraer,136,,0,,,
165W01022,,SV,1,EA,ELECTRIC MOTOR DRIVEN HYD PUMP,,Boeing,MX704091B,,0,,,
801A3100-01,,AR,1,EA,"JOINT, SHAFT UNIVERSAL",,Airbus,DK25-131,,0,,,
801A3300-01,,AR,1,EA,"JOINT, SHAFT UNIVERSAL",,Airbus,DK25-139,,0,,,
170-00595-409,,SV,1,EA,MODULE ASSY,,Embraer,646450,,0,,,
170-00618-403,,SV,1,EA,MODULE ASSY,,Embraer,552939,,0,,,
801A3300-01,,AR,1,EA,"JOINT, SHAFT UNIVERSAL",,Airbus,DG26-203,,0,,,
170-00624-409,,SV,1,EA,FIRE EXTINGUISH  OVERHEAD PANEL,,Embraer,551927,,0,,,
801A3300-01,,AR,1,EA,"JOINT, SHAFT UNIVERSAL",,Airbus,TP534AX02,,0,,,
801A3300-01,,AR,1,EA,"JOINT, SHAFT UNIVERSAL",,Airbus,DJ06-006,,0,,,
170-00626-407,,SV,1,EA,PANEL-POWER PLANT CONTROL,,Embraer,554577,,0,,,
801A3300-01,,AR,1,EA,"JOINT, SHAFT UNIVERSAL",,Airbus,DJ06-012,,0,,,
170-00627-401,,SV,1,EA,TAKE OFF CONFIG PANEL,,Embraer,551916,,0,,,
801A3300-01,,AR,1,EA,"JOINT, SHAFT UNIVERSAL",,Airbus,TP447AX02,,0,,,
170-00628-409,,SV,1,EA,PANEL-FLIGHT CONTROL PEDESTAL MODULE,,Embraer,551534,,0,,,
801A3300-01,,AR,1,EA,"JOINT, SHAFT UNIVERSAL",,Airbus,DK25-034,,0,,,
170-00629-403,,SV,1,EA,MODULE ASSY,,Embraer,552071,,0,,,
801A3300-01,,AR,1,EA,"JOINT, SHAFT UNIVERSAL",,Airbus,DH30-441,,0,,,
170-00633-417,,AI,1,EA,ICE PROTECTION OVER HEAD PANEL,,Embraer,551908,,0,,,
801A3300-01,,AR,1,EA,"JOINT, SHAFT UNIVERSAL",,Airbus,TP496AX02,,0,,,
170-00634-409,,SV,1,EA,AC/PNUEMATIC CONTROL PANEL,,Embraer,260001,,0,,,
801A3300-01,,AR,1,EA,"JOINT, SHAFT UNIVERSAL",,Airbus,DH30-533,,0,,,
170-00635-403,,SV,1,EA,WINDSHIELD WIPER PANEL,,Embraer,552091,,0,,,
170-00635-403,,SV,1,EA,WINDSHIELD WIPER PANEL,,Embraer,643876,,0,,,
1700064F,,SV,1,EA,COMPUTER-SF ACE SLAT/FLAP ACTUATOR CONTROL UNIT,,Embraer,1647,,0,,,
801A3300-01,,AR,1,EA,"JOINT, SHAFT UNIVERSAL",,Airbus,TP451AX02,,0,,,
801A3300-01,,AR,1,EA,"JOINT, SHAFT UNIVERSAL",,Airbus,DK25-095,,0,,,
801A3300-01,,AR,1,EA,"JOINT, SHAFT UNIVERSAL",,Airbus,DK21-052,,0,,,
801A3300-01,,AR,1,EA,"JOINT, SHAFT UNIVERSAL",,Airbus,DK25-106,,0,,,
170-00675-407,,AI,1,EA,PANEL-LIGHT CONTROL RH,,Embraer,551536,,0,,,
801A3300-01,,AR,1,EA,"JOINT, SHAFT UNIVERSAL",,Airbus,DH30-450,,0,,,
170-00676-407,,AI,1,EA,PANEL-LIGHT CONTROL LH,,Embraer,551539,,0,,,
801A3300-01,,AR,1,EA,"JOINT, SHAFT UNIVERSAL",,Airbus,DK25-142,,0,,,
170-00677-403,,SV,1,EA,PANEL-DISPLAY REVERSIONARY CONTROL,,Embraer,551082,,0,,,
801A3300-01,,AR,1,EA,"JOINT, SHAFT UNIVERSAL",,Airbus,TP535AX02,,0,,,
801A3300-01,,AR,1,EA,"JOINT, SHAFT UNIVERSAL",,Airbus,TP301BA94,,0,,,
801A3300-01,,AR,1,EA,"JOINT, SHAFT UNIVERSAL",,Airbus,A484C94,,0,,,
170-00678-405,,SV,1,EA,CPCS OVERHEAD PANEL MODULE,,Embraer,553179,,0,,,
801A3300-01,,AR,1,EA,"JOINT, SHAFT UNIVERSAL",,Airbus,A377E94,,0,,,
170-00679-405,,AI,1,EA,PANEL-TRIM CONTROL PEDESTAL MODULE,,Embraer,534418,,0,,,
801A3300-01,,AR,1,EA,"JOINT, SHAFT UNIVERSAL",,Airbus,A483E94,,0,,,
801A3300-01,,AR,1,EA,"JOINT, SHAFT UNIVERSAL",,Airbus,TP3775A94,,0,,,
801A3300-01,,AR,1,EA,"JOINT, SHAFT UNIVERSAL",,Airbus,A378E94,,0,,,
801A3300-01,,AR,1,EA,"JOINT, SHAFT UNIVERSAL",,Airbus,TP3095A94,,0,,,
801A3300-01,,AR,1,EA,"JOINT, SHAFT UNIVERSAL",,Airbus,A316E94,,0,,,
170-02748-423,,SV,1,EA,MODULE ASSY,,Embraer,258088,,0,,,
170-05034-403,,SV,1,EA,PANEL OBSERVER JACKS,,Embraer,553393,,0,,,
801A3300-01,,AR,1,EA,"JOINT, SHAFT UNIVERSAL",,Airbus,A424E94,,0,,,
801A3300-01,,AR,1,EA,"JOINT, SHAFT UNIVERSAL",,Airbus,A417E94,,0,,,
801A3300-01,,AR,1,EA,"JOINT, SHAFT UNIVERSAL",,Airbus,A157D94,,0,,,
801A3300-01,,AR,1,EA,"JOINT, SHAFT UNIVERSAL",,Airbus,A304E94,,0,,,
801A3300-01,,AR,1,EA,"JOINT, SHAFT UNIVERSAL",,Airbus,A254E94,,0,,,
801A3300-01,,AR,1,EA,"JOINT, SHAFT UNIVERSAL",,Airbus,TP735BH98,,0,,,
801A3300-01,,AR,1,EA,"JOINT, SHAFT UNIVERSAL",,Airbus,AB15C94,,0,,,
801A3500-01,,AR,1,EA,"JOINT ASSY, SLAT DRIVE",,Airbus,N/A,,0,,,
170-05955-401,,SV,1,EA,GROUND PROXIMITY GLIDE SLOPE INHIBIT/LANDING GEAR,,Embraer,551541,,0,,,
801A3500-01,,AR,1,EA,"JOINT ASSY, SLAT DRIVE",,Airbus,TP982H02,,0,,,
170-05961-411,,SV,1,EA,MODULE ASSY,,Embraer,552104,,0,,,
801A3500-01,,AR,1,EA,"JOINT ASSY, SLAT DRIVE",,Airbus,TP917H02,,0,,,
170-06346-403,,SV,1,EA,GROUND PROXIMITY TERRAIN INHIBIT/EMERGENCY PARK BR,,Embraer,551528,,0,,,
801A3500-01,,AR,1,EA,"JOINT ASSY, SLAT DRIVE",,Airbus,TP992H02,,0,,,
1700637,,SV,1,EA,FLAP ANGLE GEARBOX (141),,Embraer,4184,,0,,,
801A4000-01,,AR,1,EA,SHAFT ASSY,,Airbus,N / A,,0,,,
801A4000-01,,AR,1,EA,SHAFT ASSY,,Airbus,N / A,,0,,,
801A4000-01,,AR,1,EA,SHAFT ASSY,,Airbus,N / A,,0,,,
801A4000-01,,AR,1,EA,SHAFT ASSY,,Airbus,N / A,,0,,,
1700639,,SV,1,EA,FLAP ANGLE GEARBOX (161),,Embraer,3900,,0,,,
801A4000-01,,AR,1,EA,SHAFT ASSY,,Airbus,N / A,,0,,,
801B0400-01,,AR,1,EA,FLAP TRANSMS SHAFT,,Airbus,U1961,,0,,,
801B0400-01,,AR,1,EA,FLAP TRANSMS SHAFT,,Airbus,U1960,,0,,,
801B0400-01,,AR,1,EA,FLAP TRANSMS SHAFT,,Airbus,R1093,,0,,,
801B0400-01,,AR,1,EA,FLAP TRANSMS SHAFT,,Airbus,R1092,,0,,,
1700641,,SV,1,EA,BEARING SUPPORT,,Embraer,4559,,0,,,
801B0400-01,,AR,1,EA,FLAP TRANSMS SHAFT,,Airbus,Z4152,,0,,,
801B0400-01,,AR,1,EA,FLAP TRANSMS SHAFT,,Airbus,Z4153,,0,,,
801B0500-01,,AR,1,EA,FLAP TRANSMS SHAFT,,Airbus,Z4156,,0,,,
801B0500-01,,AR,1,EA,FLAP TRANSMS SHAFT,,Airbus,Z4153,,0,,,
801B0500-01,,AR,1,EA,FLAP TRANSMS SHAFT,,Airbus,R1094,,0,,,
801B0500-01,,AR,1,EA,FLAP TRANSMS SHAFT,,Airbus,R1095,,0,,,
801B0500-01,,AR,1,EA,FLAP TRANSMS SHAFT,,Airbus,U1967,,0,,,
801B0500-01,,AR,1,EA,FLAP TRANSMS SHAFT,,Airbus,U1962,,0,,,
801B0600-01,,AR,1,EA,FLAP TRANSMS SHAFT,,Airbus,U1964,,0,,,
801B0600-01,,AR,1,EA,FLAP TRANSMS SHAFT,,Airbus,U1958,,0,,,
170-11171-409,,SV,1,EA,EICAS FULL PANEL,,Embraer,551532,,0,,,
801B0600-01,,AR,1,EA,FLAP TRANSMS SHAFT,,Airbus,R1092,,0,,,
170-11173-405,,SV,1,EA,GROUND PROXIMITY FLAP WARNING OVERRIDE CONTROL PAN,,Embraer,551542,,0,,,
801B0600-01,,AR,1,EA,FLAP TRANSMS SHAFT,,Airbus,R1091,,0,,,
170-11177-401,,AI,1,EA,MODULE ASSY,,Embraer,537442,,0,,,
801B0600-01,,AR,1,EA,FLAP TRANSMS SHAFT,,Airbus,Z4153,,0,,,
801B0600-01,,AR,1,EA,FLAP TRANSMS SHAFT,,Airbus,Z4157,,0,,,
801B0700-01,,AR,1,EA,FLAP TRANSMS SHAFT,,Airbus,Z4154,,0,,,
801B0700-01,,AR,1,EA,FLAP TRANSMS SHAFT,,Airbus,Z4156,,0,,,
1701320C,,SV,1,EA,GENERATOR-APU,,Embraer,1009,,0,,,
801B0700-01,,AR,1,EA,FLAP TRANSMS SHAFT,,Airbus,R1093,,0,,,
801B0700-01,,AR,1,EA,FLAP TRANSMS SHAFT,,Airbus,R1094,,0,,,
801B0700-01,,AR,1,EA,FLAP TRANSMS SHAFT,,Airbus,U1964,,0,,,
801B1200-01,,AR,1,EA,FLAP TRANSMS SHAFT,,Airbus,U1955,,0,,,
1701321E,,SV,1,EA,GCU-GENERATOR CONTROL UNIT,,Embraer,2334,,0,,,
801B1200-01,,AR,1,EA,FLAP TRANSMS SHAFT,,Airbus,U1956,,0,,,
170-13667-413,,SV,1,EA,PANEL-COCKPIT MAINTENANCE PANEL,,Embraer,552110,,0,,,
801B1200-01,,AR,1,EA,FLAP TRANSMS SHAFT,,Airbus,R1092,,0,,,
170-13689-403,,SV,1,EA,PANEL-PA PILOT CONTROL PANEL,,Embraer,551545,,0,,,
801B1200-01,,AR,1,EA,FLAP TRANSMS SHAFT,,Airbus,R1091,,0,,,
801B1200-01,,AR,1,EA,FLAP TRANSMS SHAFT,,Airbus,Z4157,,0,,,
801B1200-01,,AR,1,EA,FLAP TRANSMS SHAFT,,Airbus,Z4164,,0,,,
801B1300-01,,AR,1,EA,FLAP TRANSMS SHAFT,,Airbus,Z4155,,0,,,
801B1300-01,,AR,1,EA,FLAP TRANSMS SHAFT,,Airbus,Z4152,,0,,,
801B1300-01,,AR,1,EA,FLAP TRANSMS SHAFT,,Airbus,P1092,,0,,,
801B1300-01,,AR,1,EA,FLAP TRANSMS SHAFT,,Airbus,P1093,,0,,,
801B1300-01,,AR,1,EA,FLAP TRANSMS SHAFT,,Airbus,U1958,,0,,,
801B1300-01,,AR,1,EA,FLAP TRANSMS SHAFT,,Airbus,U1963,,0,,,
801B1400-01,,AR,1,EA,FLAP TRANSMS SHAFT,,Airbus,U1957,,0,,,
801B1400-01,,AR,1,EA,FLAP TRANSMS SHAFT,,Airbus,U1958,,0,,,
801B1400-01,,AR,1,EA,FLAP TRANSMS SHAFT,,Airbus,R1093,,0,,,
801B1600-01,,AR,1,EA,FLAP TRANSMS SHAFT,,Airbus,R1092,,0,,,
801B1600-01,,AR,1,EA,FLAP TRANSMS SHAFT,,Airbus,R1091,,0,,,
801B1600-01,,AR,1,EA,FLAP TRANSMS SHAFT,,Airbus,U1962,,0,,,
801B1600-01,,AR,1,EA,FLAP TRANSMS SHAFT,,Airbus,U1963,,0,,,
801B1600-01,,AR,1,EA,FLAP TRANSMS SHAFT,,Airbus,Z4164,,0,,,
801B1600-01,,AR,1,EA,FLAP TRANSMS SHAFT,,Airbus,Z4156,,0,,,
801B2900-01,,AR,1,EA,SHAFT-DRIVE,,Airbus,N / A,,0,,,
801B2900-01,,AR,1,EA,SHAFT-DRIVE,,Airbus,N / A,,0,,,
801B2900-01,,AR,1,EA,SHAFT-DRIVE,,Airbus,N / A,,0,,,
801B2900-01,,AR,1,EA,SHAFT-DRIVE,,Airbus,N / A,,0,,,
801B2900-01,,AR,1,EA,SHAFT-DRIVE,,Airbus,N / A,,0,,,
801B4400-01,,AR,1,EA,FLAP TRANSMS SHAFT,,Airbus,R1097,,0,,,
801B4400-01,,AR,1,EA,FLAP TRANSMS SHAFT,,Airbus,R1096,,0,,,
801B4400-01,,AR,1,EA,FLAP TRANSMS SHAFT,,Airbus,U1987,,0,,,
801B4400-01,,AR,1,EA,FLAP TRANSMS SHAFT,,Airbus,Z4138,,0,,,
801B4400-01,,AR,1,EA,FLAP TRANSMS SHAFT,,Airbus,Z4137,,0,,,
801B4500-01,,AR,1,EA,JOINT ASSY-UNIVERSAL,,Airbus,TP446H02,,0,,,
801B4500-01,,AR,1,EA,JOINT ASSY-UNIVERSAL,,Airbus,TP393H02,,0,,,
801B4500-01,,AR,1,EA,JOINT ASSY-UNIVERSAL,,Airbus,TP408H02,,0,,,
170-28299-413,,OH,1,EA,STRUCTURE ASSEMBLY,,Embraer,545424,,0,,,
170-28299-414,,OH,1,EA,STRUCTURE ASSEMBLY,,Embraer,545427,,0,,,
801B4500-01,,AR,1,EA,JOINT ASSY-UNIVERSAL,,Airbus,TP658B98,,0,,,
801B4500-01,,AR,1,EA,JOINT ASSY-UNIVERSAL,,Airbus,A90A94,,0,,,
801B4500-01,,AR,1,EA,JOINT ASSY-UNIVERSAL,,Airbus,A94A94,,0,,,
801B4500-01,,AR,1,EA,JOINT ASSY-UNIVERSAL,,Airbus,A137A94,,0,,,
801B4500-01,,AR,1,EA,JOINT ASSY-UNIVERSAL,,Airbus,A156A94,,0,,,
801B4500-01,,AR,1,EA,JOINT ASSY-UNIVERSAL,,Airbus,TP691898,,0,,,
801B4500-01,,AR,1,EA,JOINT ASSY-UNIVERSAL,,Airbus,TP622898,,0,,,
801B4600-02,,AR,1,EA,FLAP TRANSMS SHAFT,,Airbus,P1111,,0,,,
801B4600-02,,AR,1,EA,FLAP TRANSMS SHAFT,,Airbus,U2019,,0,,,
801B4600-02,,AR,1,EA,FLAP TRANSMS SHAFT,,Airbus,U2018,,0,,,
801B4600-02,,AR,1,EA,FLAP TRANSMS SHAFT,,Airbus,Z4228,,0,,,
801B4600-02,,AR,1,EA,FLAP TRANSMS SHAFT,,Airbus,Z4229,,0,,,
801B4700-01,,AR,1,EA,FLAP TRANSMS SHAFT,,Airbus,Z4153,,0,,,
801B4700-01,,AR,1,EA,FLAP TRANSMS SHAFT,,Airbus,Z4152,,0,,,
801B4700-01,,AR,1,EA,FLAP TRANSMS SHAFT,,Airbus,U1975,,0,,,
801B4700-01,,AR,1,EA,FLAP TRANSMS SHAFT,,Airbus,U1974,,0,,,
801C1400-01,,AR,1,EA,K0377 LUCAS LIEBHERR SHAFT AND JOINT ASSY,,Airbus,Z4152,,0,,,
801C1400-01,,AR,1,EA,K0377 LUCAS LIEBHERR SHAFT AND JOINT ASSY,,Airbus,Z4157,,0,,,
801C1700-02,,AR,1,EA,FLAP STEADY BEARING,,Airbus,Z1858,,0,,,
801C1700-02,,AR,1,EA,FLAP STEADY BEARING,,Airbus,Z1859,,0,,,
801C1700-02,,AR,1,EA,FLAP STEADY BEARING,,Airbus,Z1865,,0,,,
801C1700-02,,AR,1,EA,FLAP STEADY BEARING,,Airbus,Z1868,,0,,,
801C1700-02,,AR,1,EA,FLAP STEADY BEARING,,Airbus,Z1851,,0,,,
801C1700-02,,AR,1,EA,FLAP STEADY BEARING,,Airbus,Z1862,,0,,,
801C1700-02,,AR,1,EA,FLAP STEADY BEARING,,Airbus,Z1861,,0,,,
801C1700-02,,AR,1,EA,FLAP STEADY BEARING,,Airbus,Z1860,,0,,,
801C1700-02,,AR,1,EA,FLAP STEADY BEARING,,Airbus,Z1857,,0,,,
801C1700-02,,AR,1,EA,FLAP STEADY BEARING,,Airbus,Z1856,,0,,,
801C1700-02,,AR,1,EA,FLAP STEADY BEARING,,Airbus,Z1867,,0,,,
801C1700-02,,AR,1,EA,FLAP STEADY BEARING,,Airbus,Z1866,,0,,,
801C1700-02,,AR,1,EA,FLAP STEADY BEARING,,Airbus,Z1855,,0,,,
801C1700-02,,AR,1,EA,FLAP STEADY BEARING,,Airbus,Z1911,,0,,,
801C1700-02,,AR,1,EA,FLAP STEADY BEARING,,Airbus,Z1850,,0,,,
801C1700-02,,AR,1,EA,FLAP STEADY BEARING,,Airbus,Z2024,,0,,,
801C1700-02,,AR,1,EA,FLAP STEADY BEARING,,Airbus,Z1852,,0,,,
801C1700-02,,AR,1,EA,FLAP STEADY BEARING,,Airbus,Z1863,,0,,,
801C1700-02,,AR,1,EA,FLAP STEADY BEARING,,Airbus,Z1869,,0,,,
801C1700-02,,AR,1,EA,FLAP STEADY BEARING,,Airbus,Z2025,,0,,,
801C1700-02,,AR,1,EA,FLAP STEADY BEARING,,Airbus,U21363,,0,,,
801C1700-02,,AR,1,EA,FLAP STEADY BEARING,,Airbus,U21752,,0,,,
801C1700-02,,AR,1,EA,FLAP STEADY BEARING,,Airbus,U21439,,0,,,
801C1700-02,,AR,1,EA,FLAP STEADY BEARING,,Airbus,U21362,,0,,,
801C1700-02,,AR,1,EA,FLAP STEADY BEARING,,Airbus,U21753,,0,,,
801C1700-02,,AR,1,EA,FLAP STEADY BEARING,,Airbus,U21436,,0,,,
801C1700-02,,AR,1,EA,FLAP STEADY BEARING,,Airbus,U21441,,0,,,
801C1700-02,,AR,1,EA,FLAP STEADY BEARING,,Airbus,U21445,,0,,,
801C1700-02,,AR,1,EA,FLAP STEADY BEARING,,Airbus,U21435,,0,,,
801C1700-02,,AR,1,EA,FLAP STEADY BEARING,,Airbus,U21747,,0,,,
801C1700-02,,AR,1,EA,FLAP STEADY BEARING,,Airbus,R12125,,0,,,
801C1700-02,,AR,1,EA,FLAP STEADY BEARING,,Airbus,R12138,,0,,,
801C1700-02,,AR,1,EA,FLAP STEADY BEARING,,Airbus,R12136,,0,,,
801C1700-02,,AR,1,EA,FLAP STEADY BEARING,,Airbus,R12140,,0,,,
801C1700-02,,AR,1,EA,FLAP STEADY BEARING,,Airbus,R12130,,0,,,
801C1700-02,,AR,1,EA,FLAP STEADY BEARING,,Airbus,R12139,,0,,,
801C1700-02,,AR,1,EA,FLAP STEADY BEARING,,Airbus,U21742,,0,,,
801C1700-02,,AR,1,EA,FLAP STEADY BEARING,,Airbus,U21750,,0,,,
801C1900-02,,AR,1,EA,FLAP STEADY BEARING,,Airbus,U3956,,0,,,
801C1900-02,,AR,1,EA,FLAP STEADY BEARING,,Airbus,U3957,,0,,,
801C1900-02,,AR,1,EA,FLAP STEADY BEARING,,Airbus,R2225,,0,,,
801C1900-02,,AR,1,EA,FLAP STEADY BEARING,,Airbus,R2226,,0,,,
80271001-501,,AR,1,EA,DIGITAL VIDEO FILE SERVER,,Airbus,110154,,0,,,
822-0330-020,,AR,1,EA,HF TRANSCEIVER,,Airbus,133994,,0,,,
822-0726-020,,AR,1,EA,VOR TRANSCEIVER,,Airbus,5766,,0,,,
822-1047-030,,AR,1,EA,VHF TRANSCEIVER,,Airbus,11523,,0,,,
822-1047-030,,AR,1,EA,VHF TRANSCEIVER,,Airbus,11558,,0,,,
822-1047-030,,AR,1,EA,VHF TRANSCEIVER,,Airbus,8278,,0,,,
822-1330-001,,AR,1,EA,ANTENNA-GPS ACTIVE,,Airbus,343,,0,,,
827A0000-02,,AR,1,EA,SLAT TEE GEARBOX,,Airbus,U1009,,0,,,
827A0000-02,,AR,1,EA,SLAT TEE GEARBOX,,Airbus,P572,,0,,,
827A0000-02,,AR,1,EA,SLAT TEE GEARBOX,,Airbus,Z20647,,0,,,
828A0000-02,,AR,1,EA,SLAT BEVEL GEARBOX,,Airbus,Z22595,,0,,,
828A0000-02,,AR,1,EA,SLAT BEVEL GEARBOX,,Airbus,Z22596,,0,,,
170-44450-411,,SV,1,EA,WASTE HOLDING TANK ASSY,,Embraer,834,,0,,,
828A0000-02,,AR,1,EA,SLAT BEVEL GEARBOX,,Airbus,Z22597,,0,,,
828A0000-02,,AR,1,EA,SLAT BEVEL GEARBOX,,Airbus,Z22594,,0,,,
828A0000-02,,AR,1,EA,SLAT BEVEL GEARBOX,,Airbus,U3968,,0,,,
828A0000-02,,AR,1,EA,SLAT BEVEL GEARBOX,,Airbus,U3969,,0,,,
828A0000-02,,AR,1,EA,SLAT BEVEL GEARBOX,,Airbus,U3970,,0,,,
828A0000-02,,AR,1,EA,SLAT BEVEL GEARBOX,,Airbus,U3971,,0,,,
828A0000-02,,AR,1,EA,SLAT BEVEL GEARBOX,,Airbus,P2227,,0,,,
828A0000-02,,AR,1,EA,SLAT BEVEL GEARBOX,,Airbus,P2225,,0,,,
829B0000-01,,AR,1,EA,SLAT ROTARY ACT A,,Airbus,4151,,0,,,
829B0000-01,,AR,1,EA,SLAT ROTARY ACT A,,Airbus,4150,,0,,,
829B0000-01,,AR,1,EA,SLAT ROTARY ACT A,,Airbus,4149,,0,,,
829B0000-01,,AR,1,EA,SLAT ROTARY ACT A,,Airbus,4148,,0,,,
829B0000-01,,AR,1,EA,SLAT ROTARY ACT A,,Airbus,2305,,0,,,
829B0000-01,,AR,1,EA,SLAT ROTARY ACT A,,Airbus,2302,,0,,,
829B0000-01,,AR,1,EA,SLAT ROTARY ACT A,,Airbus,2304,,0,,,
829B0000-01,,AR,1,EA,SLAT ROTARY ACT A,,Airbus,2303,,0,,,
829C0000-01,,AR,1,EA,ROTARY ACTUATOR,,Airbus,8895,,0,,,
829C0000-01,,AR,1,EA,ROTARY ACTUATOR,,Airbus,8901,,0,,,
830A0000-04,,AR,1,EA,SLAT ROTARY ACT B,,Airbus,8830,,0,,,
830A0000-04,,AR,1,EA,SLAT ROTARY ACT B,,Airbus,16073,,0,,,
830A0000-04,,AR,1,EA,SLAT ROTARY ACT B,,Airbus,16079,,0,,,
830A0000-04,,AR,1,EA,SLAT ROTARY ACT B,,Airbus,16078,,0,,,
830A0000-04,,AR,1,EA,SLAT ROTARY ACT B,,Airbus,16075,,0,,,
830A0000-04,,AR,1,EA,SLAT ROTARY ACT B,,Airbus,16077,,0,,,
830A0000-04,,AR,1,EA,SLAT ROTARY ACT B,,Airbus,16082,,0,,,
830A0000-04,,AR,1,EA,SLAT ROTARY ACT B,,Airbus,8834,,0,,,
830A0000-04,,AR,1,EA,SLAT ROTARY ACT B,,Airbus,8825,,0,,,
830A0000-04,,AR,1,EA,SLAT ROTARY ACT B,,Airbus,8838,,0,,,
830A0000-04,,AR,1,EA,SLAT ROTARY ACT B,,Airbus,8840,,0,,,
830A0000-04,,AR,1,EA,SLAT ROTARY ACT B,,Airbus,8826,,0,,,
830A0000-04,,AR,1,EA,SLAT ROTARY ACT B,,Airbus,8829,,0,,,
830A0000-04,,AR,1,EA,SLAT ROTARY ACT B,,Airbus,8839,,0,,,
830A0000-04,,AR,1,EA,SLAT ROTARY ACT B,,Airbus,8833,,0,,,
830A0000-04,,AR,1,EA,SLAT ROTARY ACT B,,Airbus,16071,,0,,,
830A0000-04,,AR,1,EA,SLAT ROTARY ACT B,,Airbus,16072,,0,,,
830A0000-04,,AR,1,EA,SLAT ROTARY ACT B,,Airbus,16074,,0,,,
830A0000-04,,AR,1,EA,SLAT ROTARY ACT B,,Airbus,16076,,0,,,
830A0000-04,,AR,1,EA,SLAT ROTARY ACT B,,Airbus,8831,,0,,,
830A0000-04,,AR,1,EA,SLAT ROTARY ACT B,,Airbus,8836,,0,,,
830A0000-04,,AR,1,EA,SLAT ROTARY ACT B,,Airbus,8837,,0,,,
830A0000-04,,AR,1,EA,SLAT ROTARY ACT B,,Airbus,8835,,0,,,
830A0000-04,,AR,1,EA,SLAT ROTARY ACT B,,Airbus,8827,,0,,,
830A0000-04,,AR,1,EA,SLAT ROTARY ACT B,,Airbus,8832,,0,,,
830A0000-04,,AR,1,EA,SLAT ROTARY ACT B,,Airbus,8828,,0,,,
830C0000-01,,AR,1,EA,ROTARY ACTUATOR,,Airbus,33408,,0,,,
830C0000-01,,AR,1,EA,ROTARY ACTUATOR,,Airbus,33405,,0,,,
830C0000-01,,AR,1,EA,ROTARY ACTUATOR,,Airbus,33407,,0,,,
830C0000-01,,AR,1,EA,ROTARY ACTUATOR,,Airbus,33413,,0,,,
830C0000-01,,AR,1,EA,ROTARY ACTUATOR,,Airbus,33410,,0,,,
830C0000-01,,AR,1,EA,ROTARY ACTUATOR,,Airbus,33414,,0,,,
830C0000-01,,AR,1,EA,ROTARY ACTUATOR,,Airbus,33412,,0,,,
830C0000-01,,AR,1,EA,ROTARY ACTUATOR,,Airbus,33406,,0,,,
830C0000-01,,AR,1,EA,ROTARY ACTUATOR,,Airbus,33411,,0,,,
830C0000-01,,AR,1,EA,ROTARY ACTUATOR,,Airbus,33409,,0,,,
830C0000-01,,AR,1,EA,ROTARY ACTUATOR,,Airbus,33402,,0,,,
830C0000-01,,AR,1,EA,ROTARY ACTUATOR,,Airbus,33403,,0,,,
830C0000-01,,AR,1,EA,ROTARY ACTUATOR,,Airbus,33404,,0,,,
833A0500-01,,AR,1,EA,L SLT XSMS SHAFT KB,,Airbus,U1001,,0,,,
833A0600-01,,AR,1,EA,SLAT TRANSMS SHAFT,,Airbus,U1993,,0,,,
833A0600-01,,AR,1,EA,SLAT TRANSMS SHAFT,,Airbus,U1994,,0,,,
833A0600-01,,AR,1,EA,SLAT TRANSMS SHAFT,,Airbus,R1098,,0,,,
833A0600-01,,AR,1,EA,SLAT TRANSMS SHAFT,,Airbus,P1086,,0,,,
833A0600-01,,AR,1,EA,SLAT TRANSMS SHAFT,,Airbus,Z4137,,0,,,
833A0600-01,,AR,1,EA,SLAT TRANSMS SHAFT,,Airbus,Z4138,,0,,,
833A0700-01,,AR,1,EA,SLAT TRANSMS SHAFT,,Airbus,Z4153,,0,,,
833A0700-01,,AR,1,EA,SLAT TRANSMS SHAFT,,Airbus,Z4152,,0,,,
833A0700-01,,AR,1,EA,SLAT TRANSMS SHAFT,,Airbus,R1097,,0,,,
833A0700-01,,AR,1,EA,SLAT TRANSMS SHAFT,,Airbus,U1936,,0,,,
833A0700-01,,AR,1,EA,SLAT TRANSMS SHAFT,,Airbus,U1971,,0,,,
833A0700-01,,AR,1,EA,SLAT TRANSMS SHAFT,,Airbus,R1098,,0,,,
833A1400-01,,AR,1,EA,SLAT TRANSMS SHAFT,,Airbus,R1095,,0,,,
833A1400-01,,AR,1,EA,SLAT TRANSMS SHAFT,,Airbus,Z4152,,0,,,
833A1400-01,,AR,1,EA,SLAT TRANSMS SHAFT,,Airbus,Z4153,,0,,,
833A1500-01,,AR,1,EA,SLAT TRANSMS SHAFT,,Airbus,Z4153,,0,,,
833A1500-01,,AR,1,EA,SLAT TRANSMS SHAFT,,Airbus,Z4152,,0,,,
833A1500-01,,AR,1,EA,SLAT TRANSMS SHAFT,,Airbus,R1098,,0,,,
833A1500-01,,AR,1,EA,SLAT TRANSMS SHAFT,,Airbus,U1936,,0,,,
833A1500-01,,AR,1,EA,SLAT TRANSMS SHAFT,,Airbus,U1937,,0,,,
833A1600-01,,AR,1,EA,SLAT TRANSMS SHAFT,,Airbus,U1935,,0,,,
833A1600-01,,AR,1,EA,SLAT TRANSMS SHAFT,,Airbus,U1934,,0,,,
833A1600-01,,AR,1,EA,SLAT TRANSMS SHAFT,,Airbus,R1097,,0,,,
833A1600-01,,AR,1,EA,SLAT TRANSMS SHAFT,,Airbus,R1096,,0,,,
833A1600-01,,AR,1,EA,SLAT TRANSMS SHAFT,,Airbus,Z4153,,0,,,
833A1600-01,,AR,1,EA,SLAT TRANSMS SHAFT,,Airbus,Z4152,,0,,,
833A1700-01,,AR,1,EA,SLAT TRANSMS SHAFT,,Airbus,Z4153,,0,,,
833A1700-01,,AR,1,EA,SLAT TRANSMS SHAFT,,Airbus,Z4152,,0,,,
833A1700-01,,AR,1,EA,SLAT TRANSMS SHAFT,,Airbus,R1097,,0,,,
833A1700-01,,AR,1,EA,SLAT TRANSMS SHAFT,,Airbus,R1098,,0,,,
833A1700-01,,AR,1,EA,SLAT TRANSMS SHAFT,,Airbus,U1934,,0,,,
833A1700-01,,AR,1,EA,SLAT TRANSMS SHAFT,,Airbus,U1935,,0,,,
833A1800-01,,AR,1,EA,SLAT TRANSMS SHAFT,,Airbus,U1935,,0,,,
833A1800-01,,AR,1,EA,SLAT TRANSMS SHAFT,,Airbus,U1936,,0,,,
833A1800-01,,AR,1,EA,SLAT TRANSMS SHAFT,,Airbus,R1099,,0,,,
833A1800-01,,AR,1,EA,SLAT TRANSMS SHAFT,,Airbus,R1098,,0,,,
833A1800-01,,AR,1,EA,SLAT TRANSMS SHAFT,,Airbus,Z4152,,0,,,
833A1800-01,,AR,1,EA,SLAT TRANSMS SHAFT,,Airbus,Z4153,,0,,,
833A1900-01,,AR,1,EA,SLAT TRANSMS SHAFT,,Airbus,Z4153,,0,,,
833A1900-01,,AR,1,EA,SLAT TRANSMS SHAFT,,Airbus,Z4152,,0,,,
833A1900-01,,AR,1,EA,SLAT TRANSMS SHAFT,,Airbus,R1100,,0,,,
833A1900-01,,AR,1,EA,SLAT TRANSMS SHAFT,,Airbus,R1101,,0,,,
833A1900-01,,AR,1,EA,SLAT TRANSMS SHAFT,,Airbus,U1938,,0,,,
833A2000-01,,AR,1,EA,SLAT TRANSMS SHAFT,,Airbus,U1941,,0,,,
833A2000-01,,AR,1,EA,SLAT TRANSMS SHAFT,,Airbus,U1940,,0,,,
833A2000-01,,AR,1,EA,SLAT TRANSMS SHAFT,,Airbus,R1098,,0,,,
833A2000-01,,AR,1,EA,SLAT TRANSMS SHAFT,,Airbus,R1099,,0,,,
833A2000-01,,AR,1,EA,SLAT TRANSMS SHAFT,,Airbus,Z4153,,0,,,
833A2000-01,,AR,1,EA,SLAT TRANSMS SHAFT,,Airbus,Z4152,,0,,,
833A2100-01,,AR,1,EA,SLAT TRANSMS SHAFT,,Airbus,Z5268,,0,,,
833A2100-01,,AR,1,EA,SLAT TRANSMS SHAFT,,Airbus,Z5269,,0,,,
833A2100-01,,AR,1,EA,SLAT TRANSMS SHAFT,,Airbus,P1310,,0,,,
833A2100-01,,AR,1,EA,SLAT TRANSMS SHAFT,,Airbus,U2531,,0,,,
833A2100-01,,AR,1,EA,SLAT TRANSMS SHAFT,,Airbus,U2530,,0,,,
1-7054-3,,SV,1,EA,"HANDLE-FIRE EXTINGUISHING,ENGINE 1",,Embraer,2196,,0,,,
833A2200-01,,AR,1,EA,L SLT XSMS SHAFT BB,,Airbus,U1000,,0,,,
833A2400-02,,AR,1,EA,APPU TORQUE SHAFT,,Airbus,U2558,,0,,,
833A2400-02,,AR,1,EA,APPU TORQUE SHAFT,,Airbus,R1405,,0,,,
833A2400-02,,AR,1,EA,APPU TORQUE SHAFT,,Airbus,Z1076,,0,,,
833A2400-02,,AR,1,EA,APPU TORQUE SHAFT,,Airbus,Z1077,,0,,,
833A2700-01,,AR,1,EA,"SHAFT ASSY, CONNECTION",,Airbus,DE24-117,,0,,,
833A2700-01,,AR,1,EA,"SHAFT ASSY, CONNECTION",,Airbus,DE24-140,,0,,,
833A2700-01,,AR,1,EA,"SHAFT ASSY, CONNECTION",,Airbus,DE24-109,,0,,,
833A2700-01,,AR,1,EA,"SHAFT ASSY, CONNECTION",,Airbus,DJ27-085,,0,,,
833A2700-01,,AR,1,EA,"SHAFT ASSY, CONNECTION",,Airbus,DJ27-006,,0,,,
833A2700-01,,AR,1,EA,"SHAFT ASSY, CONNECTION",,Airbus,DE24-118,,0,,,
1705800-1,,SV,1,EA,FEEL SHIFT MODULE,,Boeing,2176,,0,,,
833A2700-01,,AR,1,EA,"SHAFT ASSY, CONNECTION",,Airbus,DE24-103,,0,,,
833A2700-01,,AR,1,EA,"SHAFT ASSY, CONNECTION",,Airbus,DE24-101,,0,,,
833A2700-01,,AR,1,EA,"SHAFT ASSY, CONNECTION",,Airbus,DE24-104,,0,,,
833A2700-01,,AR,1,EA,"SHAFT ASSY, CONNECTION",,Airbus,DJ27-285,,0,,,
833A2700-01,,AR,1,EA,"SHAFT ASSY, CONNECTION",,Airbus,DE24-125,,0,,,
833A2700-01,,AR,1,EA,"SHAFT ASSY, CONNECTION",,Airbus,DJ27-040,,0,,,
833A2700-01,,AR,1,EA,"SHAFT ASSY, CONNECTION",,Airbus,DE24-127,,0,,,
833A2700-01,,AR,1,EA,"SHAFT ASSY, CONNECTION",,Airbus,A301B94,,0,,,
833A2700-01,,AR,1,EA,"SHAFT ASSY, CONNECTION",,Airbus,A836A94,,0,,,
833A2700-01,,AR,1,EA,"SHAFT ASSY, CONNECTION",,Airbus,A413B94,,0,,,
833A2700-01,,AR,1,EA,"SHAFT ASSY, CONNECTION",,Airbus,A877A94,,0,,,
833A2700-01,,AR,1,EA,"SHAFT ASSY, CONNECTION",,Airbus,A477A93,,0,,,
833A2700-01,,AR,1,EA,"SHAFT ASSY, CONNECTION",,Airbus,A256B94,,0,,,
833A2700-01,,AR,1,EA,"SHAFT ASSY, CONNECTION",,Airbus,TD273A94,,0,,,
833A2700-01,,AR,1,EA,"SHAFT ASSY, CONNECTION",,Airbus,A860A94,,0,,,
833A2700-01,,AR,1,EA,"SHAFT ASSY, CONNECTION",,Airbus,A914A94,,0,,,
833A2700-01,,AR,1,EA,"SHAFT ASSY, CONNECTION",,Airbus,TP725U98,,0,,,
833A2700-01,,AR,1,EA,"SHAFT ASSY, CONNECTION",,Airbus,T727A98,,0,,,
833A2700-01,,AR,1,EA,"SHAFT ASSY, CONNECTION",,Airbus,TP601U98,,0,,,
833A2700-01,,AR,1,EA,"SHAFT ASSY, CONNECTION",,Airbus,T9150598,,0,,,
833A2700-01,,AR,1,EA,"SHAFT ASSY, CONNECTION",,Airbus,TP8598,,0,,,
833A2700-01,,AR,1,EA,"SHAFT ASSY, CONNECTION",,Airbus,TP162598,,0,,,
833A2700-01,,AR,1,EA,"SHAFT ASSY, CONNECTION",,Airbus,TP30398,,0,,,
170-69819-907,,SV,1,EA,ACTUATOR-BAGGAGE DOOR,,Embraer,2708,,0,,,
833A2700-01,,AR,1,EA,"SHAFT ASSY, CONNECTION",,Airbus,TP660U98,,0,,,
833A2700-01,,AR,1,EA,"SHAFT ASSY, CONNECTION",,Airbus,TP720U98,,0,,,
833A2700-01,,AR,1,EA,"SHAFT ASSY, CONNECTION",,Airbus,TP712V98,,0,,,
833A2700-01,,AR,1,EA,"SHAFT ASSY, CONNECTION",,Airbus,TP152598,,0,,,
833A2700-01,,AR,1,EA,"SHAFT ASSY, CONNECTION",,Airbus,TP669U98,,0,,,
833A2700-01,,AR,1,EA,"SHAFT ASSY, CONNECTION",,Airbus,TP358X98,,0,,,
833A2700-01,,AR,1,EA,"SHAFT ASSY, CONNECTION",,Airbus,TP406X98,,0,,,
833A2700-01,,AR,1,EA,"SHAFT ASSY, CONNECTION",,Airbus,A924A94,,0,,,
833A2700-01,,AR,1,EA,"SHAFT ASSY, CONNECTION",,Airbus,TD1A94,,0,,,
833A2700-01,,AR,1,EA,"SHAFT ASSY, CONNECTION",,Airbus,A433A93,,0,,,
833A2700-01,,AR,1,EA,"SHAFT ASSY, CONNECTION",,Airbus,A802A93,,0,,,
833A2800-01,,AR,1,EA,"SHAFT ASSY, CONNECTION",,Airbus,A125B94,,0,,,
833A2800-01,,AR,1,EA,"SHAFT ASSY, CONNECTION",,Airbus,A77B04,,0,,,
833A2800-01,,AR,1,EA,"SHAFT ASSY, CONNECTION",,Airbus,A508A93,,0,,,
833A2800-01,,AR,1,EA,"SHAFT ASSY, CONNECTION",,Airbus,A137B94,,0,,,
833A2800-01,,AR,1,EA,"SHAFT ASSY, CONNECTION",,Airbus,A116B94,,0,,,
833A2800-01,,AR,1,EA,"SHAFT ASSY, CONNECTION",,Airbus,A81B94,,0,,,
170-71180-409,,SV,1,EA,RETRACTION ACTUATOR NLG,,Embraer,907,,0,,,
833A2800-01,,AR,1,EA,"SHAFT ASSY, CONNECTION",,Airbus,A105B94,,0,,,
833A2800-01,,AR,1,EA,"SHAFT ASSY, CONNECTION",,Airbus,A149B94,,0,,,
833A2800-01,,AR,1,EA,"SHAFT ASSY, CONNECTION",,Airbus,A83B94,,0,,,
833A2800-01,,AR,1,EA,"SHAFT ASSY, CONNECTION",,Airbus,A75B94,,0,,,
833A2800-01,,AR,1,EA,"SHAFT ASSY, CONNECTION",,Airbus,B4174,,0,,,
833A2800-01,,AR,1,EA,"SHAFT ASSY, CONNECTION",,Airbus,TP136T98,,0,,,
170-72900-407,,SV,1,EA,STEERING MANIFOLD,,Embraer,868,,0,,,
833A2800-01,,AR,1,EA,"SHAFT ASSY, CONNECTION",,Airbus,TP163T98,,0,,,
1707789E,,SV,1,EA,MODULE-SPDA MICRO COMMS,,Embraer,2656,,0,,,
1707789E,,SV,1,EA,MODULE-SPDA MICRO COMMS,,Embraer,2640,,0,,,
833A2800-01,,AR,1,EA,"SHAFT ASSY, CONNECTION",,Airbus,TP104798,,0,,,
833A2800-01,,AR,1,EA,"SHAFT ASSY, CONNECTION",,Airbus,TP94T98,,0,,,
833A2800-01,,AR,1,EA,"SHAFT ASSY, CONNECTION",,Airbus,TP238X98,,0,,,
833A2800-01,,AR,1,EA,"SHAFT ASSY, CONNECTION",,Airbus,TP186X98,,0,,,
833A2800-01,,AR,1,EA,"SHAFT ASSY, CONNECTION",,Airbus,TP120T98,,0,,,
833A2800-01,,AR,1,EA,"SHAFT ASSY, CONNECTION",,Airbus,TP727D98,,0,,,
833A2800-01,,AR,1,EA,"SHAFT ASSY, CONNECTION",,Airbus,TP127T98,,0,,,
833A2800-01,,AR,1,EA,"SHAFT ASSY, CONNECTION",,Airbus,TP129T98,,0,,,
833A2800-01,,AR,1,EA,"SHAFT ASSY, CONNECTION",,Airbus,TP264X98,,0,,,
833A2800-01,,AR,1,EA,"SHAFT ASSY, CONNECTION",,Airbus,TP142T98,,0,,,
833A2800-01,,AR,1,EA,"SHAFT ASSY, CONNECTION",,Airbus,TP711U98,,0,,,
833A2800-01,,AR,1,EA,"SHAFT ASSY, CONNECTION",,Airbus,TP156T98,,0,,,
833A2800-01,,AR,1,EA,"SHAFT ASSY, CONNECTION",,Airbus,TP89798,,0,,,
833A2800-01,,AR,1,EA,"SHAFT ASSY, CONNECTION",,Airbus,A120B94,,0,,,
833A2800-01,,AR,1,EA,"SHAFT ASSY, CONNECTION",,Airbus,A476A93,,0,,,
833A2800-01,,AR,1,EA,"SHAFT ASSY, CONNECTION",,Airbus,DE24-058,,0,,,
833A2800-01,,AR,1,EA,"SHAFT ASSY, CONNECTION",,Airbus,DJ27-041,,0,,,
833A2800-01,,AR,1,EA,"SHAFT ASSY, CONNECTION",,Airbus,DE24-094,,0,,,
833A2800-01,,AR,1,EA,"SHAFT ASSY, CONNECTION",,Airbus,DJ27-073,,0,,,
833A2800-01,,AR,1,EA,"SHAFT ASSY, CONNECTION",,Airbus,DE24-070,,0,,,
833A2800-01,,AR,1,EA,"SHAFT ASSY, CONNECTION",,Airbus,DE24-134,,0,,,
833A2800-01,,AR,1,EA,"SHAFT ASSY, CONNECTION",,Airbus,DE24-054,,0,,,
1708011,,SV,1,EA,MODULE-SPDA DC POWER,,Embraer,2010,,0,,,
1708011,,SV,1,EA,MODULE-SPDA DC POWER,,Embraer,9047,,0,,,
833A2800-01,,AR,1,EA,"SHAFT ASSY, CONNECTION",,Airbus,DE24-139,,0,,,
833A2800-01,,AR,1,EA,"SHAFT ASSY, CONNECTION",,Airbus,DE24-021,,0,,,
833A2800-01,,AR,1,EA,"SHAFT ASSY, CONNECTION",,Airbus,DE24-115,,0,,,
833A2800-01,,AR,1,EA,"SHAFT ASSY, CONNECTION",,Airbus,DE24-033,,0,,,
833A2800-01,,AR,1,EA,"SHAFT ASSY, CONNECTION",,Airbus,DE24-079,,0,,,
833A2800-01,,AR,1,EA,"SHAFT ASSY, CONNECTION",,Airbus,DE24-084,,0,,,
833A2800-01,,AR,1,EA,"SHAFT ASSY, CONNECTION",,Airbus,DE24-061,,0,,,
833A2800-01,,AR,1,EA,"SHAFT ASSY, CONNECTION",,Airbus,DJ27-304,,0,,,
833A2800-01,,AR,1,EA,"SHAFT ASSY, CONNECTION",,Airbus,DE24-090,,0,,,
833A2800-01,,AR,1,EA,"SHAFT ASSY, CONNECTION",,Airbus,DE24-051,,0,,,
1708011,,SV,1,EA,MODULE-SPDA DC POWER,,Embraer,7145,,0,,,
833A2800-01,,AR,1,EA,"SHAFT ASSY, CONNECTION",,Airbus,DH02-401,,0,,,
833A2800-01,,AR,1,EA,"SHAFT ASSY, CONNECTION",,Airbus,DE24-009,,0,,,
833A2800-01,,AR,1,EA,"SHAFT ASSY, CONNECTION",,Airbus,DE24-136,,0,,,
833A2800-01,,AR,1,EA,"SHAFT ASSY, CONNECTION",,Airbus,DJ27-314,,0,,,
833A2800-01,,AR,1,EA,"SHAFT ASSY, CONNECTION",,Airbus,DE24-095,,0,,,
833A2800-01,,AR,1,EA,"SHAFT ASSY, CONNECTION",,Airbus,DE24-016,,0,,,
833A2800-01,,AR,1,EA,"SHAFT ASSY, CONNECTION",,Airbus,DE24-130,,0,,,
833A3400-01,,AR,1,EA,"SHAFT, DRIVE",,Airbus,N / A,,0,,,
833A3400-01,,AR,1,EA,"SHAFT, DRIVE",,Airbus,N / A,,0,,,
833A3400-01,,AR,1,EA,"SHAFT, DRIVE",,Airbus,N / A,,0,,,
833A3400-01,,AR,1,EA,"SHAFT, DRIVE",,Airbus,N / A,,0,,,
833A3400-01,,AR,1,EA,"SHAFT, DRIVE",,Airbus,N / A,,0,,,
833A3500-01,,AR,1,EA,"SHAFT, DRIVE",,Airbus,N / A,,0,,,
833A3500-01,,AR,1,EA,"SHAFT, DRIVE",,Airbus,N / A,,0,,,
833A3500-01,,AR,1,EA,"SHAFT, DRIVE",,Airbus,N / A,,0,,,
833A3500-01,,AR,1,EA,"SHAFT, DRIVE",,Airbus,N / A,,0,,,
1708015,,SV,1,EA,MODULE-SPDA DISCRETE I/O,,Embraer,763,,0,,,
1708015,,SV,1,EA,MODULE-SPDA DISCRETE I/O,,Embraer,3538,,0,,,
833A3500-01,,AR,1,EA,"SHAFT, DRIVE",,Airbus,N / A,,0,,,
833A3500-01,,AR,1,EA,"SHAFT, DRIVE",,Airbus,N / A,,0,,,
833B0300-01,,AR,1,EA,SLAT TRANSMS SHAFT,,Airbus,Z4152,,0,,,
833B0300-01,,AR,1,EA,SLAT TRANSMS SHAFT,,Airbus,Z4153,,0,,,
833B0300-01,,AR,1,EA,SLAT TRANSMS SHAFT,,Airbus,U1931,,0,,,
833B0400-01,,AR,1,EA,SLAT TRANSMS SHAFT,,Airbus,U1933,,0,,,
833B0400-01,,AR,1,EA,SLAT TRANSMS SHAFT,,Airbus,U1934,,0,,,
833B0400-01,,AR,1,EA,SLAT TRANSMS SHAFT,,Airbus,Z4152,,0,,,
833B0400-01,,AR,1,EA,SLAT TRANSMS SHAFT,,Airbus,Z4153,,0,,,
833B0500-01,,AR,1,EA,SHAFT AND JOINT ASSY,,Airbus,Z2124,,0,,,
833B0800-01,,AR,1,EA,SLAT TRANSMS SHAFT,,Airbus,Z4152,,0,,,
171-02991-401,,SV,1,EA,ADS PROBES HEATER  PANEL MODULE,,Embraer,552362,,0,,,
833B0800-01,,AR,1,EA,SLAT TRANSMS SHAFT,,Airbus,U1931,,0,,,
833B0800-01,,AR,1,EA,SLAT TRANSMS SHAFT,,Airbus,U1932,,0,,,
833B0800-01,,AR,1,EA,SLAT TRANSMS SHAFT,,Airbus,R1091,,0,,,
833B0900-01,,AR,1,EA,SLAT TRANSMS SHAFT,,Airbus,P1089,,0,,,
833B0900-01,,AR,1,EA,SLAT TRANSMS SHAFT,,Airbus,U2002,,0,,,
833B1000-01,,AR,1,EA,SLAT TRANSMS SHAFT,,Airbus,U1999,,0,,,
833B1000-01,,AR,1,EA,SLAT TRANSMS SHAFT,,Airbus,U1998,,0,,,
833B1000-01,,AR,1,EA,SLAT TRANSMS SHAFT,,Airbus,P1092,,0,,,
833B1000-01,,AR,1,EA,SLAT TRANSMS SHAFT,,Airbus,Z4209,,0,,,
833B1000-01,,AR,1,EA,SLAT TRANSMS SHAFT,,Airbus,Z4208,,0,,,
833B1100-01,,AR,1,EA,SHAFT ASSY,,Airbus,Z4153,,0,,,
833B1100-01,,AR,1,EA,SHAFT ASSY,,Airbus,Z4152,,0,,,
833B1100-01,,AR,1,EA,SHAFT ASSY,,Airbus,P1089,,0,,,
833B1100-01,,AR,1,EA,SHAFT ASSY,,Airbus,P1090,,0,,,
833B1100-01,,AR,1,EA,SHAFT ASSY,,Airbus,U1933,,0,,,
833B1100-01,,AR,1,EA,SHAFT ASSY,,Airbus,U1934,,0,,,
833B1200-01,,AR,1,EA,SLAT TRANSMS SHAFT,,Airbus,U1936,,0,,,
833B1200-01,,AR,1,EA,SLAT TRANSMS SHAFT,,Airbus,U1937,,0,,,
833B1200-01,,AR,1,EA,SLAT TRANSMS SHAFT,,Airbus,R1091,,0,,,
833B1200-01,,AR,1,EA,SLAT TRANSMS SHAFT,,Airbus,R1092,,0,,,
833B1300-01,,AR,1,EA,SLAT TRANSMS SHAFT,,Airbus,R1089,,0,,,
833B1300-01,,AR,1,EA,SLAT TRANSMS SHAFT,,Airbus,R1090,,0,,,
833B1300-01,,AR,1,EA,SLAT TRANSMS SHAFT,,Airbus,U1931,,0,,,
833B1300-01,,AR,1,EA,SLAT TRANSMS SHAFT,,Airbus,U1930,,0,,,
172934-001,,SV,1,EA,SELECTOR SWITCH,,Boeing,28237,,0,,,
833B1400-01,,AR,1,EA,SHAFT & JOINT ASSY,,Airbus,U1932,,0,,,
833B1400-01,,AR,1,EA,SHAFT & JOINT ASSY,,Airbus,U1931,,0,,,
833B2200-01,,AR,1,EA,SHAFT AND JOINT ASSY,,Airbus,Z2124,,0,,,
833B5400-01,,AR,1,EA,SHAFT-DRIVE,,Airbus,N / A,,0,,,
833B5400-01,,AR,1,EA,SHAFT-DRIVE,,Airbus,N / A,,0,,,
833B5400-01,,AR,1,EA,SHAFT-DRIVE,,Airbus,N / A,,0,,,
833C0900-01,,AR,1,EA,SHAFT AND JOINT ASSY,,Airbus,Z4209,,0,,,
833C1200-01,,AR,1,EA,SHAFT,,Airbus,Z4153,,0,,,
833C1300-01,,AR,1,EA,KO377 LUCAS LIEBHERR SHAFT AND JOINT ASSY,,Airbus,Z4152,,0,,,
833C1300-01,,AR,1,EA,KO377 LUCAS LIEBHERR SHAFT AND JOINT ASSY,,Airbus,Z4153,,0,,,
833C2300-02,,AR,1,EA,FLAP STEADY BEARING,,Airbus,Z1074,,0,,,
18-1738-12,,SV,1,EA,SENSOR FLAP,,Boeing,337,,0,,,
18-2141-3,,SV,1,EA,TRANSMITTER PRESSURE,,Boeing,24306,,0,,,
833C2300-02,,AR,1,EA,FLAP STEADY BEARING,,Airbus,U1974,,0,,,
833C5200-02,,AR,1,EA,FLAP STEADY BEARING,,Airbus,U1985,,0,,,
8420B1-101,,AR,1,EA,CONTROLLER ASSY-LCD,,Airbus,8420B1-101-734,,0,,,
87232323V00,,AR,1,EA,DUCT TEMP SPEED SENSOR,,Airbus,1079,,0,,,
892480,,AR,1,EA,WATER FIRE EXTINGUISHER,,Airbus,930,,0,,,
892480,,AR,1,EA,WATER FIRE EXTINGUISHER,,Airbus,18282,,0,,,
89794077,,AR,1,EA,"OX BOTTLE, CREW",,Airbus,C06050729,,0,,,
899-0850-003,,AR,1,EA,RMP - RADIO MANAGEMENT PANEL,,Airbus,3278,,0,,,
18-2141-3,,SV,1,EA,TRANSMITTER PRESSURE,,Boeing,24634,,0,,,
182936,,SV,1,EA,CREW OXYGEN PRESSURE INDICATOR,,Boeing,0702A3947A,,0,,,
899-0850-003,,AR,1,EA,RMP - RADIO MANAGEMENT PANEL,,Airbus,4176,,0,,,
8ES005237-03,,AR,1,EA,POWER UNIT,,Airbus,N/A,,0,,,
9022-15702-10,,AR,1,EA,CABIN PRS CONTROLLER,,Airbus,9931853,,0,,,
183010-4,,SV,1,EA,WATER SEPARATOR,,Boeing,5377,,0,,,
9022-15702-10,,AR,1,EA,CABIN PRS CONTROLLER,,Airbus,9970229,,0,,,
9022-15702-10,,AR,1,EA,CABIN PRS CONTROLLER,,Airbus,9531717,,0,,,
9023-15703-8,,AR,1,EA,VALVE-OUTFLOW FOR A320,,Airbus,9531919,,0,,,
18301905-1,,SV,1,EA,AIR PRESSURE GAUGE,,Airbus,47751D,,0,,,
9028A0004-01,,AR,1,EA,PPU-POSITION PICK-OFF UNIT,,Airbus,8618,,0,,,
9028A0004-01,,AR,1,EA,PPU-POSITION PICK-OFF UNIT,,Airbus,8619,,0,,,
9028A0004-01,,AR,1,EA,PPU-POSITION PICK-OFF UNIT,,Airbus,4924,,0,,,
9028A0004-01,,AR,1,EA,PPU-POSITION PICK-OFF UNIT,,Airbus,4921,,0,,,
9028A0004-01,,AR,1,EA,PPU-POSITION PICK-OFF UNIT,,Airbus,4923,,0,,,
9028A0004-01,,AR,1,EA,PPU-POSITION PICK-OFF UNIT,,Airbus,4922,,0,,,
9028A0004-01,,AR,1,EA,PPU-POSITION PICK-OFF UNIT,,Airbus,8617,,0,,,
9028A0004-01,,AR,1,EA,PPU-POSITION PICK-OFF UNIT,,Airbus,8616,,0,,,
9028A0004-01,,AR,1,EA,PPU-POSITION PICK-OFF UNIT,,Airbus,16938,,0,,,
9045405-7,,AR,1,EA,LEAD IGNITION,,Airbus,Y6366,,0,,,
9045405-7,,AR,1,EA,LEAD IGNITION,,Airbus,0800J,,0,,,
9069A1001-02,,AR,1,EA,ACTUATOR,,Airbus,2394,,0,,,
1855A0000-06,,SV,1,EA,STEERING CONTROL MODULE,,Embraer,718,,0,,,
9069A1003-02,,AR,1,EA,ACTUATOR,,Airbus,4670,,0,,,
9069A1003-02,,AR,1,EA,ACTUATOR,,Airbus,2434,,0,,,
93835S0CN920307-4-J,,AR,1,EA,FILTER ASSY,,Airbus,18350/1491,,0,,,
93835S0CN920307-4-J,,AR,1,EA,FILTER ASSY,,Airbus,18350/1459,,0,,,
93N6035,,AR,1,EA,ELT,,Airbus,422884,,0,,,
93N6035,,AR,1,EA,ELT,,Airbus,226641,,0,,,
94-0500-00-00X,,AR,1,EA,"TANK ASSY, WATER",,Airbus,2075,,0,,,
94830-04,,AR,1,EA,BRACKET,,Airbus,4845,,0,,,
94830-05,,AR,1,EA,BRACKET,,Airbus,5297,,0,,,
19000-131,,SV,1,EA,"RELAY, ASSY, MOTOR STARTING",,Embraer,802,,0,,,
94830-06,,AR,1,EA,BRACKET,,Airbus,6482,,0,,,
94830-09,,AR,1,EA,"ISOLATOR ASSY, APU, FWD",,Airbus,1588,,0,,,
94830-11,,AR,1,EA,"ISOLATOR ASSY, APU, AFT",,Airbus,1591,,0,,,
19000-195,,SV,1,EA,MAST-DRAIN,,Embraer,MBDT070-18,,0,,,
19000-200-401,,SV,1,EA,SENSOR-WASTE LEVEL FULL,,Embraer,784,,0,,,
9599-607-12352,,AR,1,EA,ANTENNA - RADIO ALTIMETER,,Airbus,42906,,0,,,
9599-607-12352,,AR,1,EA,ANTENNA - RADIO ALTIMETER,,Airbus,43120,,0,,,
9599-607-12352,,AR,1,EA,ANTENNA - RADIO ALTIMETER,,Airbus,28056,,0,,,
9599-607-12352,,AR,1,EA,ANTENNA - RADIO ALTIMETER,,Airbus,43119,,0,,,
9599-607-12352,,AR,1,EA,ANTENNA - RADIO ALTIMETER,,Airbus,40276,,0,,,
19000-780,,SV,1,EA,VALVE-POTABLE WATER FILL & DRAIN,,Embraer,485,,0,,,
9599-607-12352,,AR,1,EA,ANTENNA - RADIO ALTIMETER,,Airbus,40270,,0,,,
9599-607-12352,,AR,1,EA,ANTENNA - RADIO ALTIMETER,,Airbus,40277,,0,,,
9599-607-12352,,AR,1,EA,ANTENNA - RADIO ALTIMETER,,Airbus,40278,,0,,,
95N6088,,AR,1,EA,ELT A06,,Airbus,4241616,,0,,,
95N6088,,AR,1,EA,ELT A06,,Airbus,2131050,,0,,,
9615325060,,AR,1,EA,DSPLY MNGMT COMPUTER,,Airbus,9.98256E+11,,0,,,
9615325060,,AR,1,EA,DSPLY MNGMT COMPUTER,,Airbus,4275,,0,,,
9615325060,,AR,1,EA,DSPLY MNGMT COMPUTER,,Airbus,1148,,0,,,
9615325060,,AR,1,EA,DSPLY MNGMT COMPUTER,,Airbus,1521,,0,,,
963A0000-02,,AR,1,EA,"VALVE,TRIM AIR",,Airbus,4101,,0,,,
963A0000-02,,AR,1,EA,"VALVE,TRIM AIR",,Airbus,3502,,0,,,
965-1676-001,,AR,1,EA,EGPWS - ENHANCED GROUND PROXIMITY WARNING COMPUTER,,Airbus,EMK5-16390,,0,,,
9700-C1A-F23AN,,AR,1,EA,OXYGEN PORTABLE CYLINDER ASSEMBLY,,Airbus,ST95648,,0,,,
9700-C1A-F23AN,,AR,1,EA,OXYGEN PORTABLE CYLINDER ASSEMBLY,,Airbus,ST91319,,0,,,
9700-C1A-F23AN,,AR,1,EA,OXYGEN PORTABLE CYLINDER ASSEMBLY,,Airbus,ST95495,,0,,,
9700-C1A-F23AN,,AR,1,EA,OXYGEN PORTABLE CYLINDER ASSEMBLY,,Airbus,ST42395,,0,,,
9700-C1A-F23AN,,AR,1,EA,OXYGEN PORTABLE CYLINDER ASSEMBLY,,Airbus,526443,,0,,,
9700-C1A-F23AN,,AR,1,EA,OXYGEN PORTABLE CYLINDER ASSEMBLY,,Airbus,321712,,0,,,
9700-C1A-F23AN,,AR,1,EA,OXYGEN PORTABLE CYLINDER ASSEMBLY,,Airbus,P08053491,,0,,,
972C10-1,,AR,1,EA,"VALVE, SHUTTLE",,Airbus,1050,,0,,,
9811795,,AR,1,EA,CHECK VALVE,,Airbus,FRTR 325BA,,0,,,
9811795,,AR,1,EA,CHECK VALVE,,Airbus,FRTR 327BA,,0,,,
986F12-1,,AR,1,EA,PRESS SERV CHK VALVE,,Airbus,1122,,0,,,
986F12-1,,AR,1,EA,PRESS SERV CHK VALVE,,Airbus,1125,,0,,,
9EL410333-01,,AR,1,EA,STROBE LIGHT COVER,,Airbus,N/A,,0,,,
9EL410333-01,,AR,1,EA,STROBE LIGHT COVER,,Airbus,NSN,,0,,,
A06L00,,AR,1,EA,ACTUATOR,,Airbus,6861,,0,,,
A12SA,,AR,1,EA,VOICE GUN/ELEC MEG PHONE,,Airbus,,,0,,,
A12SA,,AR,1,EA,VOICE GUN/ELEC MEG PHONE,,Airbus,,,0,,,
A25315-1,,AR,1,EA,PARK BRKOPERT VALVE,,Airbus,H3851,,0,,,
A25316-101,,AR,1,EA,VALVE,,Airbus,U1308,,0,,,
A25434006-200,,AR,1,EA,VALVE - DUAL DISTRIBUTION,,Airbus,H77,,0,,,
A80986-2,,AR,1,EA,VALVE BODY,,Airbus,N/A,,0,,,
AA50004-4,,AR,1,EA,"CABIN UNIT, WALL MOUNT (GEC SENSORS)",,Airbus,818700,,0,,,
ABS0309-03,,AR,1,EA,SWITCH-LIMIT,,Airbus,N / A,,0,,,
AC40-0217100,,AR,1,EA,NET-DOOR TYPE B,,Airbus,66914/3/003,,0,,,
AC40-0217200,,AR,1,EA,NET-DOOR,,Airbus,23994/003,,0,,,
AC40-0217400,,AR,1,EA,"NET, DOOR",,Airbus,103251/11/005,,0,,,
AC40-0217500,,AR,1,EA,NET DIVIDER,,Airbus,72656/4/011,,0,,,
AC68A100,,AR,1,EA,MDDU-M DISK DRIVE UNT,,Airbus,833,,0,,,
AL-RF15-100-2,,AR,1,EA,REFRIGERATOR,,Airbus,209,,0,,,
APTE182-30BARG,,AR,1,EA,PRESSURE TRANSDUCER,,Airbus,7520-10-785,,0,,,
APTE182-30BARG,,AR,1,EA,PRESSURE TRANSDUCER,,Airbus,7520-10-861,,0,,,
APTE182-30BARG,,AR,1,EA,PRESSURE TRANSDUCER,,Airbus,7097-9-195,,0,,,
APTE182-30BARG,,AR,1,EA,PRESSURE TRANSDUCER,,Airbus,10/18/7915,,0,,,
APTE182-30BARG,,AR,1,EA,PRESSURE TRANSDUCER,,Airbus,7097-8-66,,0,,,
AR4709-3,,AR,1,EA,"CONTROLLER, CDLS",,Airbus,N-C3194,,0,,,
AR4709-3,,AR,1,EA,"CONTROLLER, CDLS",,Airbus,N-C3162,,0,,,
AT-10-4501-01,,AR,1,EA,CABIN ANTENNA,,Airbus,NSN,,0,,,
AT-10-4513-01,,AR,1,EA,CABIN ANTENNA,,Airbus,NSN,,0,,,
B372BAM0511,,AR,1,EA,SPOILER ELEVATOR COMPUTER,,Airbus,6113,,0,,,
B401ACM0507,,AR,1,EA,CF DIU-C F D1SPLY UNT,,Airbus,723,,0,,,
B546CCM0106,,AR,1,EA,FLIGHT MANAGMENT COMPUTER,,Airbus,5894,,0,,,
B546CCM0106,,AR,1,EA,FLIGHT MANAGMENT COMPUTER,,Airbus,Q00194008068,,0,,,
B546CCM0106,,AR,1,EA,FLIGHT MANAGMENT COMPUTER,,Airbus,6136,,0,,,
B924-90270-000-00,,AR,1,EA,SECTION TRANSVERSE,,Airbus,NSN,,0,,,
BA21741GSR-2,,AR,1,EA,"FIRE EXT BOTTLE,PXICBN",,Airbus,73831,,0,,,
BA21741GSR-2,,AR,1,EA,"FIRE EXT BOTTLE,PXICBN",,Airbus,61342,,0,,,
BA21741GSR-2,,AR,1,EA,"FIRE EXT BOTTLE,PXICBN",,Airbus,61364,,0,,,
BA21741GSR-2,,AR,1,EA,"FIRE EXT BOTTLE,PXICBN",,Airbus,61355,,0,,,
BA24320A-1,,AR,1,EA,"FIRE EXT BOTTLE, LAV",,Airbus,26116,,0,,,
BA24320A-1,,AR,1,EA,"FIRE EXT BOTTLE, LAV",,Airbus,24580,,0,,,
BA24320A-1,,AR,1,EA,"FIRE EXT BOTTLE, LAV",,Airbus,28833,,0,,,
BA24320A-1,,AR,1,EA,"FIRE EXT BOTTLE, LAV",,Airbus,35942,,0,,,
BA24320A-1,,AR,1,EA,"FIRE EXT BOTTLE, LAV",,Airbus,28858,,0,,,
BA24320A-1,,AR,1,EA,"FIRE EXT BOTTLE, LAV",,Airbus,35489,,0,,,
BC2065C,,AR,1,EA,SELCAL CODE PANEL,,Airbus,1414,,0,,,
BC2065C,,AR,1,EA,SELCAL CODE PANEL,,Airbus,2065-3526,,0,,,
BHC1060-04,,AR,1,EA,HYDRAULIC CONTROL UNIT,,Airbus,1921,,0,,,
BMA3603AA01,,AR,1,EA,AUDIO JUNCTION BOX,,Airbus,3603-1489,,0,,,
C12404AA01,,AR,1,EA,"CONTROL UNIT - ATC, TCAS",,Airbus,367,,0,,,
C16291AA,,AR,1,EA,SENSOR-ANGLE OF ATTACK,,Airbus,2281,,0,,,
C16291AA,,AR,1,EA,SENSOR-ANGLE OF ATTACK,,Airbus,4614,,0,,,
C16291AA,,AR,1,EA,SENSOR-ANGLE OF ATTACK,,Airbus,12555,,0,,,
C16291AA,,AR,1,EA,SENSOR-ANGLE OF ATTACK,,Airbus,10170,,0,,,
C19BQ0014,,AR,1,EA,RESERVOIR - HYDRAULIC BLUE,,Airbus,606,,0,,,
C19BQ0016,,AR,1,EA,BLUE HYD RESERVOIR,,Airbus,234,,0,,,
C19BQ0016,,AR,1,EA,BLUE HYD RESERVOIR,,Airbus,1162,,0,,,
C19DS0014,,AR,1,EA,"RESERVOIR - HYDRAULIC, YELLOW",,Airbus,604,,0,,,
C19DS0016,,AR,1,EA,YELLOW HYD RESERVOIR,,Airbus,103,,0,,,
C19DS0016,,AR,1,EA,YELLOW HYD RESERVOIR,,Airbus,1172,,0,,,
C19DS0024,,AR,1,EA,"RESERVOIR-HYDRAULIC, GREEN",,Airbus,607,,0,,,
C19DS0026,,AR,1,EA,GREEN HYD RESERVOIR,,Airbus,99,,0,,,
C19DS0026,,AR,1,EA,GREEN HYD RESERVOIR,,Airbus,1153,,0,,,
C20105000,,AR,1,EA,MLG TACHOMETER,,Airbus,14898,,0,,,
C20105000,,AR,1,EA,MLG TACHOMETER,,Airbus,14890,,0,,,
C20105000,,AR,1,EA,MLG TACHOMETER,,Airbus,14896,,0,,,
C202163392E34,,AR,1,EA,BSCU BRAKE STEERING,,Airbus,5398,,0,,,
C24592000-1,,AR,1,EA,HYD MASTER CYLINDER,,Airbus,H2117,,0,,,
C24592000-1,,AR,1,EA,HYD MASTER CYLINDER,,Airbus,H1656,,0,,,
C24730001-6,,AR,1,EA,NLG UPLOCK,,Airbus,H3564,,0,,,
C24730001-6,,AR,1,EA,NLG UPLOCK,,Airbus,U875,,0,,,
C24730100,,AR,1,EA,NLG DOOR UPLOCK,,Airbus,U431,,0,,,
C24739001,,AR,1,EA,MANIFOLD-BRAKE L/H,,Airbus,H1704,,0,,,
C24740001,,AR,1,EA,MANIFOLD-BRAKE R/H,,Airbus,H1711,,0,,,
C24837101-3,,AR,1,EA,MANIFOLD-NORMAL BRAKE ASSY,,Airbus,H4348,,0,,,
C82LL0010,,AR,1,EA,HYD RSRV DRAIN VALVE,,Airbus,3460,,0,,,
C93R38-601,,AR,1,EA,FUEL PUMP CANISTER,,Airbus,B03784,,0,,,
C93R38-601,,AR,1,EA,FUEL PUMP CANISTER,,Airbus,B03785,,0,,,
C93R38-606,,AR,1,EA,"PUMP, FUEL CANISTER",,Airbus,B03806,,0,,,
C93R38-606,,AR,1,EA,"PUMP, FUEL CANISTER",,Airbus,B03800,,0,,,
C93R38-606,,AR,1,EA,"PUMP, FUEL CANISTER",,Airbus,A24385,,0,,,
C93R38-606,,AR,1,EA,"PUMP, FUEL CANISTER",,Airbus,B03793,,0,,,
CMK80-01,,AR,1,EA,PRESSURE SWITCH,,Airbus,2235,,0,,,
CN120,,AR,1,EA,VALVE - MANUAL CONTROL,,Airbus,466,,0,,,
CN120,,AR,1,EA,VALVE - MANUAL CONTROL,,Airbus,465,,0,,,
CT191B,,AR,1,EA,AIR CHECK VALVE,,Airbus,2139,,0,,,
CZ9284E,,AR,1,EA,TRANSDUCER - PRESSURE,,Airbus,HEK30208,,0,,,
D0001039000000,,AR,1,EA,FAIRING ASSY-MOVEABLE,,Airbus,SC2717,,0,,,
D00010390000BL,,AR,1,EA,FAIRING ASSY-MOVABLE LH,,Airbus,N/A,,0,,,
D0001039000100,,AR,1,EA,FAIRING ASSY-MOVEABLE R/H,,Airbus,SC1976,,0,,,
D00010390001BL,,AR,1,EA,FAIRING ASSY-MOVABLE RH,,Airbus,N/A,,0,,,
D06A00,,AR,1,EA,VALVE-FILL AND DRAIN,,Airbus,232,,0,,,
D2121139100000,,AR,1,EA,AIR OUTLET INDICATOR COCKPIT,,Airbus,843,,0,,,
D2121139100000,,AR,1,EA,AIR OUTLET INDICATOR COCKPIT,,Airbus,501,,0,,,
D2127415000200,,AR,1,EA,DUCT ASSY,,Airbus,524,,0,,,
D2127415100000,,AR,1,EA,DUCT ASSY,,Airbus,N/A,,0,,,
D2157110002200,,AR,1,EA,INLET ASSY RAM AIR RH,,Airbus,1984,,0,,,
D2157120101400,,AR,1,EA,DUCT,,Airbus,NSN,,0,,,
D2157180002200,,AR,1,EA,MAIN DUCT-HEAT SECONDARY,,Airbus,N/A,,0,,,
D23969-125,,AR,1,EA,LIFE RAFT - 10 PERSON,,Airbus,5077A,,0,,,
D27270001014,,AR,1,EA,RUDDER CONTROL UNIT,,Airbus,TH2544,,0,,,
D2727025120000,,AR,1,EA,SPRING ROD,,Airbus,814,,0,,,
D272-70400-010,,AR,1,EA,"SOLENOID-ART, FEEL RUDDER",,Airbus,TH-1024,,0,,,
D2755001500000,,AR,1,EA,FLAP CONT ARM,,Airbus,N/A,,0,,,
D2755001500100,,AR,1,EA,FLAP CONTROL ARM,,Airbus,N/A,,0,,,
D2755001600000,,AR,1,EA,FLAP CONTROL ARM,,Airbus,N/A,,0,,,
D2755001600100,,AR,1,EA,FLAP CONTROL ARM,,Airbus,N/A,,0,,,
D2755001700000,,AR,1,EA,FLAP CONT ARM,,Airbus,N/A,,0,,,
D2785001700100,,AR,1,EA,FLAP CONTROL ARM,,Airbus,N/A,,0,,,
D28104000-000,,AR,1,EA,FUEL DRAIN TOOL,,Airbus,N/A,,0,,,
D28150030006,,AR,1,EA,FUEL TUBE,,Airbus,N/A,,0,,,
D2815003000702,,AR,1,EA,FUEL TANK,,Airbus,AF3039,,0,,,
D282-70039-006-00,,AR,1,EA,APU DRAIN MAST,,Airbus,TH-03004,,0,,,
D2907017000400,,AR,1,EA,HYDRAULIC MANIFOLD,,Airbus,N/A,,0,,,
D2907017400000,,AR,1,EA,MANIFOLD,,Airbus,505,,0,,,
D2907017400000,,AR,1,EA,MANIFOLD,,Airbus,927,,0,,,
D2907017400000,,AR,1,EA,MANIFOLD,,Airbus,N/A,,0,,,
D2907017500200,,AR,1,EA,MANIFOLD,,Airbus,1291,,0,,,
D2907023400000,,AR,1,EA,UNION- PWR TRANSFER SPCL,,Airbus,N/A,,0,,,
D2907023400000D,,AR,1,EA,"CONNECTOR, HYDRAULIC",,Airbus,743,,0,,,
D2907023400000D,,AR,1,EA,"CONNECTOR, HYDRAULIC",,Airbus,1847,,0,,,
D3221011600200,,AR,1,EA,ROD ASSY NLG W/W ADJUSTABLE,,Airbus,N/A,,0,,,
D3221011600200,,AR,1,EA,ROD ASSY NLG W/W ADJUSTABLE,,Airbus,NSN,,0,,,
D3221011600400,,AR,1,EA,ROD ASSY-ADJUSTABLE,,Airbus,13861,,0,,,
D3221011600400,,AR,1,EA,ROD ASSY-ADJUSTABLE,,Airbus,20888,,0,,,
D3221011600400,,AR,1,EA,ROD ASSY-ADJUSTABLE,,Airbus,N/A,,0,,,
D3221011600400,,AR,1,EA,ROD ASSY-ADJUSTABLE,,Airbus,NA,,0,,,
D3221401500351,,AR,1,EA,MECHANISM-DR OPS,,Airbus,N/A,,0,,,
D323-70101-000,,AR,1,EA,MANIFOLD-FUSES,,Airbus,1830,,0,,,
D3237010100000,,AR,1,EA,DUAL VALVE-SAFETY,,Airbus,403,,0,,,
D323-70101-000-00F,,AR,1,EA,"VALVE, BLOCK",,Airbus,695,,0,,,
D3237010500400,,AR,1,EA,MANIFOLD ASSY,,Airbus,N/A,,0,,,
D3237010500400,,AR,1,EA,MANIFOLD ASSY,,Airbus,NSN,,0,,,
D3237010900400,,AR,1,EA,VALVE ASSY,,Airbus,N/A,,0,,,
D3247010400200,,AR,1,EA,MANIFOLD ASSY,,Airbus,N/A,,0,,,
D3611018500800,,AR,1,EA,DUCT ASSY LH,,Airbus,N/A,,0,,,
D3611018500900,,AR,1,EA,DUCT ASSY RH,,Airbus,N / A,,0,,,
D3611018500900,,AR,1,EA,DUCT ASSY RH,,Airbus,N / A,,0,,,
D52000-42000,,AR,1,EA,OPTICAL QUICK ACCESS RECORDER,,Airbus,557009-005,,0,,,
D5211000100000,,AR,1,EA,DOOR ASSY - FWD PAX L/H,,Airbus,LE2727,,0,,,
D5211000100000B00,,AR,1,EA,LH FWD PAX DOOR,,Airbus,LE1907,,0,,,
D5211000100100,,AR,1,EA,PAX DOOR,,Airbus,LE2727,,0,,,
D5211000100100B00,,AR,1,EA,"DOOR, R-1",,Airbus,LE1907,,0,,,
D5211100100000,,AR,1,EA,DOOR ASSY - FWD PAX L/H,,Airbus,LE2717,,0,,,
D5211100100000B00,,AR,1,EA,LH AFT PAX DOOR,,Airbus,LE1931,,0,,,
D5211100100100,,AR,1,EA,PAX DOOR,,Airbus,LE2717,,0,,,
D5211100100100B00,,AR,1,EA,"DOOR, R-2",,Airbus,LE-1931,,0,,,
D5227900200600,,AR,1,EA,DOOR ASSY-EMERGENCY EXIT,,Airbus,UH2959,,0,,,
D5227900200600,,AR,1,EA,DOOR ASSY-EMERGENCY EXIT,,Airbus,UH-5138,,0,,,
D5227900200600,,AR,1,EA,DOOR ASSY-EMERGENCY EXIT,,Airbus,UH-5137,,0,,,
D5227900200700,,AR,1,EA,DOOR ASSY-EMERGENCY EXIT,,Airbus,UH-5137,,0,,,
D5227900200700,,AR,1,EA,DOOR ASSY-EMERGENCY EXIT,,Airbus,UH-5138,,0,,,
D5227900200700,,AR,1,EA,DOOR ASSY-EMERGENCY EXIT,,Airbus,UH2959,,0,,,
D5237180000000,,AR,1,EA,"DOOR ASSY - CARGO COMPARTMENT, FWD",,Airbus,UH-1976,,0,,,
D5237180000800,,AR,1,EA,CARGO DOOR,,Airbus,UH-4058,,0,,,
D5237197000800,,AR,1,EA,CARGO DOOR,,Airbus,UH-4058,,0,,,
D5237200002400,,AR,1,EA,BULK CARGO DOOR,,Airbus,UH-3058,,0,,,
D5237295000000,,AR,1,EA,DOOR ASSY - CARGO COMPARTMENT AFT,,Airbus,UH1976,,0,,,
D5241012501000,,AR,1,EA,FWD E&E DOOR ACCESS,,Airbus,NZ1989,,0,,,
D5241012502000,,AR,1,EA,AVIONICS ACCESS DOOR,,Airbus,2961,,0,,,
D5241014800400,,AR,1,EA,ACCESS DOOR RH,,Airbus,2959,,0,,,
D5241014800400,,AR,1,EA,ACCESS DOOR RH,,Airbus,NZ1980,,0,,,
D5241018000400,,AR,1,EA,ACCESS DOOR LH,,Airbus,NZ1979,,0,,,
D5241018000400,,AR,1,EA,ACCESS DOOR LH,,Airbus,2929,,0,,,
D5241020700400,,AR,1,EA,AFT E&E DOOR ACCESS,,Airbus,2901,,0,,,
D5241020700400,,AR,1,EA,AFT E&E DOOR ACCESS,,Airbus,NZ1980,,0,,,
D5247000500200,,AR,1,EA,DOOR ASSY-SERVICE DOOR- FLT RE,,Airbus,N/A,,0,,,
D5248550000400,,AR,1,EA,DOOR-ACCESS,,Airbus,1976,,0,,,
D5248550000800,,AR,1,EA,ACCESS DOOR L/H,,Airbus,12004,,0,,,
D5248570000400,,AR,1,EA,DOOR-ACCESS,,Airbus,1974,,0,,,
D5248570001000,,AR,1,EA,DOOR ASSY,,Airbus,12004,,0,,,
D5281008901600,,AR,1,EA,DOOR ASSY NLG AFT,,Airbus,NT1999,,0,,,
D5281008901700,,AR,1,EA,DOOR ASSY NLG AFT,,Airbus,NT2005,,0,,,
D5284000800600,,AR,1,EA,HINGED FAIRING ASSY LH,,Airbus,J5M481007,,0,,,
D5284000800700,,AR,1,EA,HINGED FAIRING ASSY,,Airbus,J5MH80010,,0,,,
D52853012000,,AR,1,EA,HINGE ASSY,,Airbus,N/A,,0,,,
D5285600000200,,AR,1,EA,LEG FAIRING ASSY LH,,Airbus,J5M479001,,0,,,
D5285600000300,,AR,1,EA,LEG FAIRING ASSY,,Airbus,J5M477004,,0,,,
D52856010002,,AR,1,EA,UC LEG FAIRING GA,,Airbus,J5A225001,,0,,,
D52856010003,,AR,1,EA,LEG FAIRING,,Airbus,J5A221004,,0,,,
D5311085100000,,AR,1,EA,CENTRAL SHIELD,,Airbus,NSN,,0,,,
D5311085100000,,AR,1,EA,CENTRAL SHIELD,,Airbus,1923,,0,,,
D5311085200000,,AR,1,EA,LH SHIELD,,Airbus,709,,0,,,
D5311085200000,,AR,1,EA,LH SHIELD,,Airbus,NSN,,0,,,
D5311085300000,,AR,1,EA,RH SHIELD,,Airbus,NSN,,0,,,
D5311085300000,,AR,1,EA,RH SHIELD,,Airbus,1923,,0,,,
D5323185200000,,AR,1,EA,PANEL ASSY,,Airbus,HD386,,0,,,
D5323185800000,,AR,1,EA,"PANEL ASSY, LOWER",,Airbus,HD382,,0,,,
D5323187200000,,AR,1,EA,PANEL ASSY,,Airbus,N/A,,0,,,
D5331015900400,,AR,1,EA,"DOOR, ACCESS PANEL",,Airbus,HD1002,,0,,,
D5331015900400,,AR,1,EA,"DOOR, ACCESS PANEL",,Airbus,HD 2176,,0,,,
D5331016600400,,AR,1,EA,PANEL ASSY,,Airbus,HD2171,,0,,,
D5331016600500,,AR,1,EA,PANEL ASSY,,Airbus,HD 2176,,0,,,
D5331034500400,,AR,1,EA,FAIRING ASSY,,Airbus,HD1004,,0,,,
D5331103800000,,AR,1,EA,PANEL ASSY,,Airbus,HD1004,,0,,,
D5335000900800,,AR,1,EA,PANEL ASSY,,Airbus,N/A,,0,,,
D5335000900900,,AR,1,EA,PANEL ASSY,,Airbus,N/A,,0,,,
D5337170605200,,AR,1,EA,"PANEL, LOWER ACCESS L/H",,Airbus,N/A,,0,,,
D533-71706-054,,AR,1,EA,FAIRING,,Airbus,146,,0,,,
D5337170702000,,AR,1,EA,ACCESS DOOR ASSY,,Airbus,N/A,,0,,,
190-70980-405,,SV,1,EA,RETRACTION ACTUATOR MLG - EQUIPPED,,Embraer,973,,0,,,
190-70980-405,,SV,1,EA,RETRACTION ACTUATOR MLG - EQUIPPED,,Embraer,949,,0,,,
D5337171605200,,AR,1,EA,"PANEL, LOWER ACESS, R/H",,Airbus,N/A,,0,,,
D5337171702000,,AR,1,EA,ACCESS DOOR ASSY,,Airbus,N / A,,0,,,
D5337172001000,,AR,1,EA,"DOOR, SELECTOR VALVE LH",,Airbus,N/A,,0,,,
D5337173005400,,AR,1,EA,FAIRING WING TO FUSE. 36-40,,Airbus,UH,,0,,,
D5337176005400R,,AR,1,EA,WING TO BODY PANEL RH,,Airbus,UH-0850,,0,,,
D5337177005000,,AR,1,EA,FAIRNING-WING TO FUSELAGE-LH,,Airbus,UH0951,,0,,,
D5337177505400,,AR,1,EA,FAIRING-WING TO FUSELAGE,,Airbus,N/A,,0,,,
D5337178000200,,AR,1,EA,FAIRING ASSY-WING TO FUSELAGE,,Airbus,N/A,,0,,,
D5337178601000M,,AR,1,EA,FAIRING-UPR,,Airbus,UH-0869,,0,,,
D5337178601100,,AR,1,EA,FAIRING-UPPER,,Airbus,UH-0869,,0,,,
D5337501001100Q,,AR,1,EA,FAIRING ASSY RH,,Airbus,UH-1023,,0,,,
D5337509005200,,AR,1,EA,"FAIRING, WING -TO FUSELAGE",,Airbus,DH0260,,0,,,
D5347501005600AE,,AR,1,EA,FAIRING,,Airbus,UH-0928,,0,,,
D5347502005600AE,,AR,1,EA,WING TO BODY FAIRING RH,,Airbus,UH0861,,0,,,
D5347503005200,,AR,1,EA,FAIRING,,Airbus,N/A,,0,,,
D5347504005400,,AR,1,EA,FAIRING-AFT,,Airbus,N/A,,0,,,
D5347523500600G,,AR,1,EA,FAIRING R/H,,Airbus,UH-0136,,0,,,
D5348005700851,,AR,1,EA,"PANEL ASSY-SERVICE DOOR, PORT WATER",,Airbus,N/A,,0,,,
D5348005900052,,AR,1,EA,PANAL ASSY-SERVICE DOOR LAV,,Airbus,N/A,,0,,,
D5357072500600,,AR,1,EA,FAIRING VERT. STAB BEH,,Airbus,2047,,0,,,
D5357072500700,,AR,1,EA,FAIRING VERT. STAB BEH,,Airbus,2054,,0,,,
D5453032200400,,AR,1,EA,PANEL,,Airbus,N/A,,0,,,
D5453033900000,,AR,1,EA,PANEL,,Airbus,N/A,,0,,,
D5453037700100,,AR,1,EA,PANEL,,Airbus,N/ A,,0,,,
D5453037900000,,AR,1,EA,PANEL,,Airbus,N/A,,0,,,
D5453037980100,,AR,1,EA,PANEL,,Airbus,N/A,,0,,,
D5453038300000,,AR,1,EA,FILLET,,Airbus,N/A,,0,,,
D5453038500000,,AR,1,EA,FILLET,,Airbus,N/A,,0,,,
D5453038500100,,AR,1,EA,FILLET,,Airbus,N/A,,0,,,
D5453038700000,,AR,1,EA,"FILLET ASSY-OUTER,PAINTED LH",,Airbus,N/A,,0,,,
D5453038703100,,AR,1,EA,FILLET ASSY-OUTER R/H,,Airbus,N/A,,0,,,
D5453038900100,,AR,1,EA,FILLET ASSY-INNER R/H,,Airbus,N/A,,0,,,
D5517003000000,,AR,1,EA,"FAIRING, HTP",,Airbus,498,,0,,,
D5517003000100,,AR,1,EA,"FAIRING, HTP",,Airbus,502,,0,,,
D5517004000000,,AR,1,EA,"FAIRING ASSY LH, HTP",,Airbus,SN-0509,,0,,,
D5517004000100,,AR,1,EA,"FAIRING, HTP",,Airbus,SN-0513,,0,,,
D551-83116-002,,AR,1,EA,LEX ASSY L/H,,Airbus,AR924,,0,,,
D551-83116-003,,AR,1,EA,"LEX ASSY, R/H",,Airbus,AR903,,0,,,
D551-83300-004,,AR,1,EA,HORIZONTAL STAB PANEL L/H I/B,,Airbus,AR975,,0,,,
D551-83300-005,,AR,1,EA,LEADING EDGE,,Airbus,AR933,,0,,,
D551-83400-004,,AR,1,EA,LEADING EDGE,,Airbus,AR996,,0,,,
D551-83400-005,,AR,1,EA,LEADING EDGE,,Airbus,AR982,,0,,,
D5518421001000,,AR,1,EA,ASSY PANEL 1 L/H,,Airbus,C020800,,0,,,
D5518421001100,,AR,1,EA,ASSY PANEL 1,,Airbus,C020792,,0,,,
D5518423001000,,AR,1,EA,ASSY PNL #3,,Airbus,C020806,,0,,,
D5518423001100,,AR,1,EA,ASSY PANEL #3,,Airbus,C020806,,0,,,
D5518424001000,,AR,1,EA,ASSY PANEL 4 L/H,,Airbus,C020797,,0,,,
D5518424001100,,AR,1,EA,ASSY PNL 4 R/H,,Airbus,C020786,,0,,,
D55184300-009,,AR,1,EA,PANEL ASSY - ACCESS 1 LOWER,,Airbus,C0376,,0,,,
D5518430001000,,AR,1,EA,ACCESS DOOR #1 ASSY,,Airbus,C020791,,0,,,
D5518430001100,,AR,1,EA,ACCESS DOOR # 1 ASSY,,Airbus,C020801,,0,,,
D5518431001000,,AR,1,EA,ASSY ACCESS DOOR #2,,Airbus,C020794,,0,,,
D5518431001100,,AR,1,EA,"ACCESS DOOR # 11, ASSY",,Airbus,C02078R,,0,,,
D55184320-009,,AR,1,EA,PANEL ASSY - ACCESS 1 LOWER,,Airbus,C0378,,0,,,
D5518432001000,,AR,1,EA,ASSY ACCESS DOOR #3,,Airbus,C020794,,0,,,
D5518432001100,,AR,1,EA,ASSY ACCESS DOOR #3,,Airbus,C020795,,0,,,
D5518434000900,,AR,1,EA,PANEL ASSY - ACCESS 5 LOWER,,Airbus,CO361,,0,,,
D5518434001000,,AR,1,EA,ASSY ACCESS DOOR #5,,Airbus,C020785,,0,,,
D55184350-010,,AR,1,EA,COVER #5,,Airbus,C020208,,0,,,
D5518436001000,,AR,1,EA,ASSY ACCESS DOOR #7,,Airbus,C020803,,0,,,
D5518436001100,,AR,1,EA,ASSY ACCESS DOOR #7,,Airbus,C020788,,0,,,
D55184361009A01,,AR,1,EA,PANEL,,Airbus,N/A,,0,,,
D5518437000100,,AR,1,EA,ASSY ACCESS  DOOR #8,,Airbus,C020780R,,0,,,
D55184371090A,,AR,1,EA,ACCESS PANEL,,Airbus,N/A,,0,,,
D5518439000A01,,AR,1,EA,COVER #4,,Airbus,C020400,,0,,,
D55184395006A01,,AR,1,EA,COVER 4 RIGHT,,Airbus,C020401,,0,,,
D5537003700000,,AR,1,EA,"TIP ASSY, VERTICAL STAB",,Airbus,TS-1091,,0,,,
D5537125000500N,,AR,1,EA,PNL R/H,,Airbus,1985,,0,,,
D5537125200600P,,AR,1,EA,PNL L/H,,Airbus,1881,,0,,,
D5537125200800P,,AR,1,EA,VERTICAL PNL R/H,,Airbus,1898,,0,,,
D5537125300800,,AR,1,EA,PANEL,,Airbus,2002,,0,,,
D5537125300900S,,AR,1,EA,VERTICAL PNL R/H,,Airbus,2000,,0,,,
D5537125800000A,,AR,1,EA,PNL LEADING EDGE L/H,,Airbus,318,,0,,,
D5537125800100A,,AR,1,EA,VERTICAL PNL R/H,,Airbus,316,,0,,,
D56270002200,,AR,67,EA,"WINDOW, PASSENGER",,Airbus,N / A,,0,,,
D57351200002E,,AR,1,EA,RH WINGTIP FENCE,,Airbus,SF1467,,0,,,
D57351200003E,,AR,1,EA,L H WINGTIP FENCE,,Airbus,SF1467,,0,,,
D5735127600200,,AR,1,EA,PANEL GLAZING ASSY,,Airbus,3074,,0,,,
D5744358001200Z,,AR,1,EA,PANEL,,Airbus,AP288,,0,,,
D5744358101218A,,AR,1,EA,LEADING EDGE PANEL,,Airbus,CSN 0185,,0,,,
D5744358101300Z,,AR,1,EA,PANEL,,Airbus,AP283,,0,,,
D57443581019,,AR,1,EA,PANEL R/H 16,,Airbus,CSN 0147/159,,0,,,
D5744358201200Z,,AR,1,EA,PANEL - LEADING EDGE,,Airbus,AP284,,0,,,
D5744358201218A,,AR,1,EA,LEADING EDGE PANEL L/H 14,,Airbus,CSN 0152,,0,,,
D5744358201318A,,AR,1,EA,LEADING EDGE PANEL R/H 14,,Airbus,CSN 0158,,0,,,
D5744358301200Z,,AR,1,EA,LEADING EDGE PANEL A,,Airbus,AP280,,0,,,
D5744358301218A,,AR,1,EA,LEADING EDGE PNL L/H 4,,Airbus,CSN 0105,,0,,,
D5744358301318A,,AR,1,EA,LEADING EDGE PANEL R/H 13,,Airbus,CSN 0186,,0,,,
D574-43584-016-00Z,,AR,1,EA,LEADING EDGE PANEL A,,Airbus,AP284,,0,,,
D5744358401618A,,AR,1,EA,LEADING EDGE PNL 12,,Airbus,CSN 0223,,0,,,
D5744358401718A,,AR,1,EA,LEADING EDGE PNL R/H 12,,Airbus,CSN 0172,,0,,,
D5744358501200Z,,AR,1,EA,PANEL,,Airbus,AP287,,0,,,
D5744358501218A,,AR,1,EA,LEADING EDGE PNL L/H 11,,Airbus,CSN 0190,,0,,,
D5744358501300Z,,AR,1,EA,FAIRING,,Airbus,AP280,,0,,,
D5744358501318A,,AR,1,EA,LEADING EDGE PNL R/H 11,,Airbus,CSN 0202,,0,,,
201122008,,SV,1,EA,MLG DOOR UPLOCK,,Airbus,CWDD-DH314-98,,0,,,
D5744358601218A,,AR,1,EA,LEADING EDGE PNL L/H 9,,Airbus,CSN 0167,,0,,,
D5744358601300Z,,AR,1,EA,"LEADING EDGE , PANEL",,Airbus,AP287,,0,,,
2015G2H2H-8A,,SV,1,EA,PROBE-AIR DATA SMART,,Embraer,1288,,0,,,
2015G2H2H-9,,SV,1,EA,INTEGRATED PITOT/STA,,Embraer,2829,,0,,,
2015G2H2H-9,,SV,1,EA,INTEGRATED PITOT/STA,,Embraer,2422,,0,,,
D5744358602000Z,,AR,1,EA,PANEL ASSY,,Airbus,N/A,,0,,,
2015G2H2H-9,,SV,1,EA,INTEGRATED PITOT/STA,,Embraer,4053,,0,,,
D57443586023,,AR,1,EA,PANEL R-9,,Airbus,CSN 0147/169,,0,,,
D5744358701200Z,,AR,1,EA,LEADING EDGE PANEL,,Airbus,AP285,,0,,,
D5744358701218A,,AR,1,EA,LEADING EDGE PNL L/H 5,,Airbus,CSN 0147,,0,,,
D5744358701300Z,,AR,1,EA,PANEL,,Airbus,AP289,,0,,,
D5744358701318A,,AR,1,EA,LEADING EDGE PANEL R/H 5,,Airbus,CSN 0147,,0,,,
D5744358801200Z,,AR,1,EA,PANEL,,Airbus,AP290,,0,,,
D5744358801218A,,AR,1,EA,LEADING EDGE PNL L/H 4,,Airbus,CSN 0166,,0,,,
D5744358801318A,,AR,1,EA,LEADING EDGE PANEL R-4,,Airbus,CSN 0167,,0,,,
D5744358901200Z,,AR,1,EA,PANEL ASSY - ACCESS BLOW OFF,,Airbus,AP279,,0,,,
D5744358901218A,,AR,1,EA,LEADING EDGE PNL L/H 3,,Airbus,CSN 0160,,0,,,
D5744358901300Z,,AR,1,EA,LEADING EDGE PANEL A,,Airbus,AP284,,0,,,
20200-0115,,SV,1,EA,FUEL GAUGE TANK UNIT,,Boeing,4672,,0,,,
20200-0115,,SV,1,EA,FUEL GAUGE TANK UNIT,,Boeing,4673,,0,,,
20200-0115,,SV,1,EA,FUEL GAUGE TANK UNIT,,Boeing,4519,,0,,,
20200-0202,,SV,1,EA,FUEL GAUGE TANK UNIT,,Boeing,9144,,0,,,
20200-0202,,SV,1,EA,FUEL GAUGE TANK UNIT,,Boeing,9180,,0,,,
20200-0202,,SV,1,EA,FUEL GAUGE TANK UNIT,,Boeing,9143,,0,,,
20200-0202,,SV,1,EA,FUEL GAUGE TANK UNIT,,Boeing,8912,,0,,,
20200-0202,,SV,1,EA,FUEL GAUGE TANK UNIT,,Boeing,8913,,0,,,
20200-0202,,SV,1,EA,FUEL GAUGE TANK UNIT,,Boeing,8817,,0,,,
20200-0202,,SV,1,EA,FUEL GAUGE TANK UNIT,,Boeing,8570,,0,,,
20200-0202,,SV,1,EA,FUEL GAUGE TANK UNIT,,Boeing,9181,,0,,,
20200-0205,,SV,1,EA,FUEL GAUGE TANK UNIT,,Boeing,4669,,0,,,
20200-0207,,SV,1,EA,FUEL GAUGE TANK UNIT,,Boeing,4655,,0,,,
20200-0207,,SV,1,EA,FUEL GAUGE TANK UNIT,,Boeing,4635,,0,,,
20200-0211,,SV,1,EA,FUEL GAUGE TANK UNIT,,Boeing,4655,,0,,,
20200-0211,,SV,1,EA,FUEL GAUGE TANK UNIT,,Boeing,4636,,0,,,
20200-0213,,SV,1,EA,FUEL GAUGE TANK UNIT,,Boeing,4663,,0,,,
20200-0213,,SV,1,EA,FUEL GAUGE TANK UNIT,,Boeing,4646,,0,,,
20200-0213,,SV,1,EA,FUEL GAUGE TANK UNIT,,Boeing,4146,,0,,,
20200-0214,,SV,1,EA,FUEL GAUGE TANK UNIT,,Boeing,4685,,0,,,
20200-0214,,SV,1,EA,FUEL GAUGE TANK UNIT,,Boeing,4667,,0,,,
20200-0216,,SV,1,EA,FUEL GAUGE TANK UNIT,,Boeing,4537,,0,,,
20200-0216,,SV,1,EA,FUEL GAUGE TANK UNIT,,Boeing,4538,,0,,,
20200-0216,,SV,1,EA,FUEL GAUGE TANK UNIT,,Boeing,4685,,0,,,
20200-0216,,SV,1,EA,FUEL GAUGE TANK UNIT,,Boeing,4686,,0,,,
D5744358901318A,,AR,1,EA,LEADING EDGE PANEL,,Airbus,CSN 0197,,0,,,
D5744359001218A,,AR,1,EA,LEADING EDGE PNL L/H 2,,Airbus,CSN 0149,,0,,,
20202-01,,SV,1,EA,FUEL COMPENSATOR,,Boeing,7664,,0,,,
20202-01,,SV,1,EA,FUEL COMPENSATOR,,Boeing,2353,,0,,,
D5744359001300Z,,AR,1,EA,"PANEL, LEADING EDGE",,Airbus,AP286,,0,,,
D57443590023,,AR,1,EA,LEADING EDGE PANEL R-2,,Airbus,CSN 0151/171,,0,,,
D5744359101218A,,AR,1,EA,LEADING EDGR PNL L/H 1,,Airbus,CSN 0143,,0,,,
D5744359101318A,,AR,1,EA,LEADING EDGE PANEL R-1,,Airbus,CSN 0163,,0,,,
D5744379200400Z,,AR,1,EA,LEADING EDGE PANEL LH,,Airbus,N / A,,0,,,
D5744379200418A,,AR,1,EA,ACCESS PANEL,,Airbus,NSN,,0,,,
D5744379300418A,,AR,1,EA,ACCESS PNL L/H 7,,Airbus,NSN,,0,,,
D5744379300518A,,AR,1,EA,ACCESS PANEL R/H 7,,Airbus,NSN,,0,,,
D5744380800600Z,,AR,1,EA,LEADING EDGE PANEL,,Airbus,AP262,,0,,,
D5744380800618A,,AR,1,EA,LEADING EDGE PNL L/H 6,,Airbus,CSN 0156,,0,,,
20798-01,,SV,1,EA,EXHAUST VALVE,,Boeing,647137,,0,,,
D5744380800718A,,AR,1,EA,LEADING EDGE PANEL R/H 6,,Airbus,CSN 0154,,0,,,
D5744381100418A,,AR,1,EA,ACCESS PANEL,,Airbus,NSN,,0,,,
D5745006600100Z,,AR,1,EA,PANEL-ACCESS (RH),,Airbus,N/A,,0,,,
D5745014600618A,,AR,1,EA,PANEL ASSY L/H 15,,Airbus,NSN,,0,,,
20C144-5,,SV,1,EA,VALVE - CHECK,,Boeing,24410,,0,,,
D5745014600718A,,AR,1,EA,PANEL R-5,,Airbus,NSN,,0,,,
D5746027800400,,AR,1,EA,SLAT ASSY NO 2 LH,,Airbus,SA1976,,0,,,
D5746027800500,,AR,1,EA,SLAT ASSY NO 2 RH,,Airbus,SA1976,,0,,,
D5746037800700,,AR,1,EA,SLAT ASSY NO 3 RH,,Airbus,SA1976,,0,,,
D5746047700100,,AR,1,EA,SLAT ASSY NO 4 RH,,Airbus,SA2806,,0,,,
D5746047800800,,AR,1,EA,SLAT ASSY NO 4 LH,,Airbus,SA2103,,0,,,
D5746059800700,,AR,1,EA,SLAT ASSY NO 5 RH,,Airbus,SA1976,,0,,,
D5746060000600,,AR,1,EA,SLAT ASSY NO 1 LH,,Airbus,SA1976,,0,,,
D5746060000700,,AR,1,EA,SLAT ASSY NO 1 RH,,Airbus,SA1976,,0,,,
D5746130100800,,AR,1,EA,SLAT TRACK# 1,,Airbus,50591,,0,,,
D5746130100800,,AR,1,EA,SLAT TRACK# 1,,Airbus,50590,,0,,,
D5746130101000,,AR,1,EA,TRACK ASSY #1 R/H,,Airbus,99693,,0,,,
211C223-518,,SV,1,EA,SWITCH-PRESSURE,,Boeing,H003922A,,0,,,
D5746130101000,,AR,1,EA,TRACK ASSY #1 R/H,,Airbus,99688,,0,,,
D5746130200800,,AR,1,EA,SLAT TRACK #2,,Airbus,71437,,0,,,
D5746130200800,,AR,1,EA,SLAT TRACK #2,,Airbus,71438,,0,,,
211C223-527,,SV,1,EA,SWITCH - PRESSURE HYDRAULIC,,Boeing,F034220A,,0,,,
D5746130201000,,AR,1,EA,TRACK ASSY #2 L/H,,Airbus,99667,,0,,,
D5746130201000,,AR,1,EA,TRACK ASSY #2 L/H,,Airbus,99666,,0,,,
D5746130300600,,AR,1,EA,SLAT TRACK #9,,Airbus,71612,,0,,,
D5746130301200,,AR,1,EA,SLAT TRACK #3,,Airbus,71389,,0,,,
2124-0001-405,,OH,1,EA,LINEAR DAMPER,,Embraer,2176,,0,,,
D5746130301200,,AR,1,EA,SLAT TRACK #3,,Airbus,71388,,0,,,
D5746130301400,,AR,1,EA,TRACK ASSY L/H#3,,Airbus,91879,,0,,,
D5746130301400,,AR,1,EA,TRACK ASSY L/H#3,,Airbus,91881,,0,,,
D5746130400800,,AR,1,EA,SLAT TRACK #4,,Airbus,71476,,0,,,
D5746130400800,,AR,1,EA,SLAT TRACK #4,,Airbus,71475,,0,,,
D5746130401000,,AR,1,EA,TRACK ASSY #4 R/H,,Airbus,AD000608,,0,,,
D5746130401000,,AR,1,EA,TRACK ASSY #4 R/H,,Airbus,AD000606,,0,,,
D5746130501000,,AR,1,EA,SLAT TRACK #5,,Airbus,50638,,0,,,
D5746130501000,,AR,1,EA,SLAT TRACK #5,,Airbus,50641,,0,,,
D5746130501200,,AR,1,EA,TRACK ASSY #5 L/H,,Airbus,AD004052,,0,,,
D5746130501200,,AR,1,EA,TRACK ASSY #5 L/H,,Airbus,AD004060,,0,,,
D5746130600600,,AR,1,EA,SLAT TRACK #6,,Airbus,41555,,0,,,
D5746130600600,,AR,1,EA,SLAT TRACK #6,,Airbus,41554,,0,,,
D5746130600800,,AR,1,EA,TRACK ASSY #6 L/H,,Airbus,AD004127,,0,,,
D5746130600800,,AR,1,EA,TRACK ASSY #6 L/H,,Airbus,AD004130,,0,,,
D5746130700800,,AR,1,EA,SLAT TRACK #7,,Airbus,41533,,0,,,
D5746130700900,,AR,1,EA,SLAT TRACK #7,,Airbus,41519,,0,,,
D5746130701000,,AR,1,EA,TRACK ASSY #7 L/H,,Airbus,AD004113,,0,,,
21609-04BA,,SV,1,EA,CONTROLLER-CPC CABIN PRESSURE CONTROLLER,,Embraer,10104476,,0,,,
21615-02,,OH,1,EA,VALVE-CABIN PRESSURE SAFETY RELIEF,,Embraer,10112698,,0,,,
D5746130701100,,AR,1,EA,TRACK ASSY #7 R/H,,Airbus,AD004028,,0,,,
D5746130800600,,AR,1,EA,SLAT TRACK #8,,Airbus,41436,,0,,,
D5746130800600,,AR,1,EA,SLAT TRACK #8,,Airbus,41437,,0,,,
D5746130800800,,AR,1,EA,TRACK ASSY #8 L/H,,Airbus,AD004032,,0,,,
D5746130800800,,AR,1,EA,TRACK ASSY #8 L/H,,Airbus,AD004033,,0,,,
D5746130900600,,AR,1,EA,SLAT TRACK #9,,Airbus,71610,,0,,,
D5746130900800,,AR,1,EA,TRACK ASSY #9 L/H,,Airbus,AD002399,,0,,,
D5746130900800,,AR,1,EA,TRACK ASSY #9 L/H,,Airbus,AD002367,,0,,,
D5746131000600,,AR,1,EA,SLAT TRACK #10,,Airbus,72341,,0,,,
D5746131000600,,AR,1,EA,SLAT TRACK #10,,Airbus,72340,,0,,,
D5746131000800,,AR,1,EA,TRACK ASSY #10 L/H,,Airbus,AD001808,,0,,,
21933-01AD,,SV,1,EA,CABIN PRESSURE CONTROL MODULE,,Boeing,896478,,0,,,
D5746131000800,,AR,1,EA,TRACK ASSY #10 L/H,,Airbus,AD001813,,0,,,
21C1-3-22,,SV,1,EA,SWITCH,,Boeing,NO36053,,0,,,
D5746131101000,,AR,1,EA,SLAT TRACK #11,,Airbus,71637,,0,,,
21SN04-275A,,SV,1,EA,LOW OIL PRESS SWITCH,,Airbus,V34927,,0,,,
D5746131101000,,AR,1,EA,SLAT TRACK #11,,Airbus,71636,,0,,,
D5746131101200,,AR,1,EA,TRACK ASSY #11 L/H,,Airbus,AD002361,,0,,,
D5746131101200,,AR,1,EA,TRACK ASSY #11 L/H,,Airbus,AD002356,,0,,,
D5746131200600,,AR,1,EA,SLAT TRACK #12,,Airbus,71655,,0,,,
D5746131200600,,AR,1,EA,SLAT TRACK #12,,Airbus,71658,,0,,,
D5746131200800,,AR,1,EA,TRACK ASSY - #12,,Airbus,AD005743,,0,,,
D5746131200800,,AR,1,EA,TRACK ASSY - #12,,Airbus,AD005726,,0,,,
D5754050100600A,,AR,1,EA,FWD FAIRING,,Airbus,N/A,,0,,,
D5754050100700A,,AR,1,EA,FWD FAIRING R/H#2,,Airbus,N/A,,0,,,
D5754050100700Z,,AR,1,EA,FAIRING,,Airbus,N/A,,0,,,
D5754050100800A,,AR,1,EA,FAIRING ASSY FWD FIXED FLAP TRACK,,Airbus,N/A,,0,,,
22200-49,,SV,1,EA,AUX FUEL CONT. UNIT,,Boeing,1884,,0,,,
D5754050200200Z,,AR,1,EA,"FAIRING, AFT LH",,Airbus,AP866,,0,,,
D5754050200218A,,AR,1,EA,AFT FAIRING,,Airbus,AP1759,,0,,,
D5754050200300Z,,AR,1,EA,FAIRING ASSY,,Airbus,AP866,,0,,,
D5754050200318A,,AR,1,EA,AFT FAIRING R/H,,Airbus,AP1759,,0,,,
D5754050400218A,,AR,1,EA,TOP COVER TRACK 2L/H,,Airbus,C021011C,,0,,,
D5754050400318A,,AR,1,EA,TOP COVER TRACK 2R/H,,Airbus,C021044B,,0,,,
D5754051001100Z,,AR,1,EA,"FAIRING ASSY, FLAP TRACK 2 RH",,Airbus,N/A,,0,,,
D57540534002,,AR,1,EA,L/H I/B,,Airbus,N/A,,0,,,
D57540534003,,AR,1,EA,R/H I/B,,Airbus,NSN,,0,,,
D5754060100600Z,,AR,1,EA,FAIRING,,Airbus,N/A,,0,,,
D5754060200200Z,,AR,1,EA,"FAIRING, AFT LH #2",,Airbus,AP866,,0,,,
D5754060200218A,,AR,1,EA,AFT FAIRING,,Airbus,AP1759,,0,,,
D5754060200300Z,,AR,1,EA,FAIRING AFT R/H,,Airbus,AP866,,0,,,
22715-000-02,,SV,1,EA,NLG DOOR ACT CYLINDR,,Airbus,H3436,,0,,,
D5754060200318A,,AR,1,EA,AFT FAIRING,,Airbus,AP1759,,0,,,
2313M-589-4,,SV,1,EA,RH MOTOR,,Embraer,1049,,0,,,
D5754060400318A,,AR,1,EA,TOP COVER TRACK 3 R/H,,Airbus,24456,,0,,,
D5754070100600Z,,AR,1,EA,FAIRING,,Airbus,N/A,,0,,,
D5754070100700A,,AR,1,EA,FWD FAIRING L/H,,Airbus,N/A,,0,,,
D5754070100800A,,AR,1,EA,FAIRING,,Airbus,N/A,,0,,,
D5754070100900A,,AR,1,EA,FAIRING FXD-FWD,,Airbus,N/A,,0,,,
D5754070200200Z,,AR,1,EA,"FAIRING, AFT L/H",,Airbus,N/A,,0,,,
D5754070200200Z,,AR,1,EA,"FAIRING, AFT L/H",,Airbus,AP866,,0,,,
D5754070200218A,,AR,1,EA,AFT FAIRING L/H,,Airbus,AP1759,,0,,,
233A2222-54,,SV,1,EA,CDS DISPLAY PANEL,,Boeing,D02179,,0,,,
D5754070200300Z,,AR,1,EA,"FAIRING, AFT RH",,Airbus,AP866,,0,,,
D5754070200318A,,AR,1,EA,AFT FAIRING R/H,,Airbus,AP1759,,0,,,
D5754070300061,,AR,1,EA,"FAIRING, FLAP TRACK 4 LH",,Airbus,N/A,,0,,,
233A3204-1,,SV,1,EA,MODULE GEN/APU CONT,,Boeing,D02303,,0,,,
D5754070300161,,AR,1,EA,"FAIRING, FLAP TRACK 4 RH",,Airbus,NSN,,0,,,
D5754070400218A,,AR,1,EA,TOP COVER TRACK 4L/H,,Airbus,C007603B,,0,,,
233A3206-2,,SV,1,EA,INSTRUMENT MODULE ASSY,,Boeing,D02288,,0,,,
D5754070400318A,,AR,1,EA,TOP COVER TRACK 4 RH,,Airbus,24688,,0,,,
D5754180600500,,AR,1,EA,RIB CRUISE ROLLER (RH),,Airbus,NSN,,0,,,
D5754600000800Z,,AR,1,EA,"PANEL ASSY ACCESS, NO 1 LH",,Airbus,AP990,,0,,,
233A7203-10,,SV,1,EA,DATA LOAD SELEC. MOD.,,Boeing,D02235,,0,,,
D5754600000900Z,,AR,1,EA,"PANEL ASSY ACCESS, NO 1 RH",,Airbus,AP999,,0,,,
D5754600400500,,AR,1,EA,PANEL ASSY,,Airbus,N/A,,0,,,
D5754600500900Z,,AR,1,EA,PANEL,,Airbus,AP995,,0,,,
D5754600600500Z,,AR,1,EA,PANEL ASSY,,Airbus,N/A,,0,,,
2341178-2,,OH,1,EA,AIR CONDITION PRECOOLER,,Boeing,6423,,0,,,
D5754600600800Z,,AR,1,EA,PANEL ASSY ACCESS NO 7 LH,,Airbus,AP972,,0,,,
D5754600700400,,AR,1,EA,PANEL ASSY,,Airbus,N/A,,0,,,
D5754600700500,,AR,1,EA,PANEL ASSY,,Airbus,N/A,,0,,,
D5754600800500Z,,AR,1,EA,PANEL ASSY R/H,,Airbus,N/A,,0,,,
D5754600800800Z,,AR,1,EA,PANEL,,Airbus,AP968,,0,,,
D5754600900800Z,,AR,1,EA,PANEL,,Airbus,AP994,,0,,,
D5754600900900Z,,AR,1,EA,PANEL ASSY,,Airbus,AP984,,0,,,
D5754601001100Z,,AR,1,EA,"PANEL ASSY ACCESS, NO 11",,Airbus,AP975,,0,,,
D5754601101000Z,,AR,1,EA,PANEL,,Airbus,AP1034,,0,,,
D5754601101718A,,AR,1,EA,AILERON PNL R/H 3,,Airbus,AP 2015,,0,,,
D5754601201400Z,,AR,1,EA,PANEL AY- LH #2 LWR ACC,,Airbus,AP997,,0,,,
D5754601201418A,,AR,1,EA,AILERON PNL L/H 2,,Airbus,AP 2088,,0,,,
D5754601201500Z,,AR,1,EA,PANEL,,Airbus,AP996,,0,,,
D5754601301400Z,,AR,1,EA,PANEL AY- LH #3 LWR ACC,,Airbus,AP1004,,0,,,
D5754601301500Z,,AR,1,EA,PANEL AY- RH #3 LWR ACC,,Airbus,AP1009,,0,,,
D5754601301518A,,AR,1,EA,AILERON PNL R/H 1,,Airbus,AP 2089,,0,,,
D5754601401818A,,AR,1,EA,AILERON PNL L/H,,Airbus,AP 2201,,0,,,
D5754601401918A,,AR,1,EA,AILERON PNL,,Airbus,AP 2191,,0,,,
D5754604900400Z,,AR,1,EA,"PANEL ASSY ACCESS, NO 4 LH",,Airbus,AP979,,0,,,
D5754604900500Z,,AR,1,EA,PANEL ASSY ACCESS NO 4 RH,,Airbus,AP990,,0,,,
D5754800100800Z,,AR,1,EA,PANEL,,Airbus,AP990,,0,,,
D5755005501200,,AR,1,EA,FLAP BEAM ASSY #2,,Airbus,AP860,,0,,,
D5755005501400,,AR,1,EA,BEAM ASSY FLAP TRACK NO 2,,Airbus,860,,0,,,
D5755005601200,,AR,1,EA,FLAP BEAM ASSY #3 LH,,Airbus,AP857,,0,,,
D5755005601400,,AR,1,EA,"BEAM, R/H FLAP TRACK #3",,Airbus,AP859,,0,,,
D5755005700400,,AR,1,EA,BEAM ASSY - FLAP TRACK # 4 L/H,,Airbus,N/A,,0,,,
D5755005701400,,AR,1,EA,BEAM ASSY FLAP TRACK NO 4,,Airbus,861,,0,,,
2381H000-001,,AI,1,EA,"SWITCH, HYDRAULIC FLUID TEMPERATURE",,Embraer,1615,,0,,,
2381H000-001,,AI,1,EA,"SWITCH, HYDRAULIC FLUID TEMPERATURE",,Embraer,1940,,0,,,
D5755105300000Z,,AR,1,EA,FAIRING ASSY-MOVABLE FLAP TRACK,,Airbus,APO881,,0,,,
D5755105300200A,,AR,1,EA,"FAIRING, FLAP TRACK 2 LH",,Airbus,N/A,,0,,,
2403-89,,OH,1,EA,ANTENNA VHF COM,,Airbus,240389-9678,,0,,,
D5755105300300A,,AR,1,EA,"FAIRING, FLAP TRACK 2 RH",,Airbus,N/A,,0,,,
D5755105400000Z,,AR,1,EA,FAIRING ASSY- MOVABLE FLAP TRACK,,Airbus,APO882,,0,,,
D5755105400100Z,,AR,1,EA,"FAIRING ASSY, MOVABLE, FLAP TRACK",,Airbus,APO881,,0,,,
D5755105500100Z,,AR,1,EA,"FAIRING ASSY, MOVABLE-FLAP TRACK",,Airbus,N/A,,0,,,
D5757030500200E,,AR,1,EA,INTERCONNECTING STRUT ASSY,,Airbus,70201224923,,0,,,
D5757030500200E,,AR,1,EA,INTERCONNECTING STRUT ASSY,,Airbus,6399058,,0,,,
D5757065001100,,AR,1,EA,"FLAP ASSY, IN BOUND R/H",,Airbus,TS-2337,,0,,,
D57571008000000000,,AR,1,EA,"FLAP ASSY, OUTBOARD  L/H",,Airbus,1857,,0,,,
D57571008001000000,,AR,1,EA,"FLAP ASSY, OUTBOARD R/H",,Airbus,1857,,0,,,
D5757200100000,,AR,1,EA,"SUPPORT, FLAP TRACK #1 LH",,Airbus,N/A,,0,,,
D5757200100100,,AR,1,EA,"SUPPORT, FLAP TRACK #1 RH",,Airbus,N/A,,0,,,
D5764000000800Z,,AR,1,EA,AILERON ASSY  LH,,Airbus,N/A,,0,,,
D5764000000900Z,,AR,1,EA,AILERON ASSY RH,,Airbus,N/A,,0,,,
D5775000300000Z,,AR,1,EA,SPOILER ASSY - #3 LH,,Airbus,N/A,,0,,,
D5775000400000Z,,AR,1,EA,SPOILER ASSY - #4 LH,,Airbus,N/A,,0,,,
D577-50004-001-00Z,,AR,1,EA,SPOILER ASSY - #4 RH,,Airbus,N/A,,0,,,
D5775000500000Z,,AR,1,EA,SPOILER ASSY - #5 LH,,Airbus,N/A,,0,,,
D5775610100200Z,,AR,1,EA,SPOILER ASSY NO 1 LH,,Airbus,N/A,,0,,,
D5775612200200Z,,AR,1,EA,SPOILER #2 LH,,Airbus,AP276,,0,,,
D9251066200000B00,,AR,1,EA,SWITCHING PANEL,,Airbus,1334,,0,,,
D9251081000000C00,,AR,1,EA,LIGHT CONTROL PANEL,,Airbus,1337,,0,,,
D92510811-00000C00,,AR,1,EA,AUDIO PANEL,,Airbus,1369,,0,,,
D9251107300000A00,,AR,1,EA,MIC JACK,,Airbus,1339,,0,,,
245-604067-001,,AI,1,EA,GPS MODULE,,Embraer,10034423,,0,,,
D92512276000-00A00,,AR,1,EA,CARGO SMOKE PANEL,,Airbus,1334,,0,,,
245-604067-001,,SV,1,EA,GPS MODULE,,Embraer,10084761,,0,,,
D9251228100000B00,,AR,1,EA,AUDIO SWITCH PANEL,,Airbus,1335,,0,,,
D9251235400000A00,,AR,1,EA,"OXY, HYD , APU PANEL",,Airbus,1336,,0,,,
24E507009G03,,AI,1,EA,WATER HEATER,,Embraer,N0827302,,0,,,
D9251411600000A00,,AR,1,EA,LG POSITION INDICATOR PANEL,,Airbus,1335,,0,,,
D9251499200000,,AR,1,EA,COCKPIT DOOR CONTROL PNL,,Airbus,PB10230,,0,,,
D9251500200000,,AR,1,EA,SWITCHING PNL,,Airbus,PB10913,,0,,,
251A1240-3,,SV,1,EA,FLIGHT SPOILER ACTUATOR,,Boeing,A0020399,,0,,,
D9251500600000,,AR,1,EA,MUTI.FUNCTION PNL,,Airbus,PB10912,,0,,,
D9251500700000,,AR,1,EA,CARGO SMOKE/VENT/WIPER CNTRL PNL,,Airbus,PB10913,,0,,,
D9251500800000,,AR,1,EA,ELT CNTRL PNL,,Airbus,PB10912,,0,,,
D9251500900000,,AR,1,EA,FLT CNTRL PNL,,Airbus,PB10912,,0,,,
D9251501000000,,AR,1,EA,ANTI-ICE/PROBE WINDOW/CABIN PRESS PNL,,Airbus,PB10912,,0,,,
D9251501100000,,AR,1,EA,COCKPIT DOOR VIDEO CNTRL PNL,,Airbus,PB10365,,0,,,
D9251501300000,,AR,1,EA,AIR COND. PNL CONTROL,,Airbus,PB10915,,0,,,
D9251501400000,,AR,1,EA,ELECT. PNL,,Airbus,PB10912,,0,,,
D9251501500000,,AR,1,EA,HYD/FUEL PNL,,Airbus,PB10912,,0,,,
D9251501600000,,AR,1,EA,LIGHT/AUDIO SWITCHING PNL,,Airbus,PB10912,,0,,,
D9251501800000,,AR,1,EA,OXY/HYD/APU/ENG CTL PNL,,Airbus,PB10912,,0,,,
D9251502000000,,AR,1,EA,SYS. 1&2 PNL,,Airbus,PB10181,,0,,,
D9251502100000,,AR,1,EA,READING LIGHT PNL,,Airbus,PB11692,,0,,,
D9251502200000,,AR,1,EA,ELT PNL,,Airbus,PB10005,,0,,,
D9251502700000,,AR,1,EA,BOOM SET/HAND MIC,,Airbus,PB10911,,0,,,
D9251504300000,,AR,1,EA,PANEL,,Airbus,PB10913,,0,,,
D9251504500000,,AR,1,EA,TRIM/PRK BRK COCKPIT PNL,,Airbus,PB10913,,0,,,
D9251504600000,,AR,1,EA,LIGHT PANEL,,Airbus,PB10913,,0,,,
D9251504700000,,AR,1,EA,LIGHT CONTROL PNL,,Airbus,PB10913,,0,,,
D9251504900000,,AR,1,EA,PANEL,,Airbus,PB10199,,0,,,
D9251505400000,,AR,1,EA,LIGHT CTL PNL,,Airbus,PB10912,,0,,,
D9251506100000,,AR,1,EA,CONTROL PANEL,,Airbus,PB10912,,0,,,
251A1741-5,,SV,1,EA,SPOILER MIXER ASSY,,Boeing,E2105,,0,,,
D9251584800000,,AR,1,EA,COCKPIT DOOR BACKUP PNL,,Airbus,PB10012,,0,,,
D92550032002,,AR,1,EA,REFUEL CONTROL UNIT,,Airbus,AF6029,,0,,,
251A2160-2,,SV,1,EA,AILERON / ELEVATOR PCU ASSY,,Boeing,8611,,0,,,
D9259002300200,,AR,1,EA,PANEL 2023VU,,Airbus,N/A,,0,,,
D9259002300200C,,AR,1,EA,PANEL 2023VU,,Airbus,N/A,,0,,,
D9259005508800U,,AR,1,EA,"SPEAKER, CABIN",,Airbus,N/A,,0,,,
251A4410-2,,SV,1,EA,SWITCH ASSEMBLY,,Boeing,N/A,,0,,,
D9259010600000,,AR,1,EA,ANTENNA,,Airbus,N/A,,0,,,
D9259046003800AD,,AR,1,EA,"OVERHEAD CONSOLE ASSY, FWD CABIN",,Airbus,TH1979,,0,,,
251A4430-4,,SV,1,EA,SWITCH ASSY,,Boeing,344986,,0,,,
D9259046103600AE,,AR,1,EA,"OVERHEAD CONSOLE ASSY, AFT CABIN",,Airbus,TH1979,,0,,,
D9259049106600B0,,AR,1,EA,OVER HEAD PNL,,Airbus,1WW-TH1004,,0,,,
D929794700-000,,AR,1,EA,APU WIRE HARNESS,,Airbus,N/A,,0,,,
D9337072420000,,AR,1,EA,MANIFOLD,,Airbus,N/A,,0,,,
DRT68923,,AR,1,EA,SLEEVE-LOCK GROUND MLG,,Airbus,N/A,,0,,,
DRT68923,,AR,1,EA,SLEEVE-LOCK GROUND MLG,,Airbus,QME31256,,0,,,
EVT174-21C,,AR,1,EA,FAN MOTOR ASSY,,Airbus,N/A,,0,,,
EVT174-21C,,AR,1,EA,FAN MOTOR ASSY,,Airbus,12023,,0,,,
EVT174-21C,,AR,1,EA,FAN MOTOR ASSY,,Airbus,13007,,0,,,
EVT174-2E8,,AR,1,EA,BRAKE COOLING FAN,,Airbus,N / A,,0,,,
254A1290-1,,SV,1,EA,ENG. START CONTROL BRAKE ASSY LH,,Boeing,351370,,0,,,
254A1290-6,,SV,1,EA,"BRAKE ASSY, ENG. START",,Boeing,228944PAI,,0,,,
EVT174-2E8,,AR,1,EA,BRAKE COOLING FAN,,Airbus,N / A,,0,,,
EVT174-2E8,,AR,1,EA,BRAKE COOLING FAN,,Airbus,N / A,,0,,,
EVT174-2E9,,AR,1,EA,FAN ASSY,,Airbus,NSN,,0,,,
FH285-03,,AR,1,EA,KNEED GUIDE,,Airbus,N/A,,0,,,
FH285-07,,AR,1,EA,BULKHEAD CONNECTION,,Airbus,6938140024,,0,,,
FN00B3D3YS01037,,AR,1,EA,SEAT-CABIN ATTENDANT,,Airbus,1,,0,,,
FN24QYD3YS01037,,AR,1,EA,SEAT-CABIN ATTENDANT,,Airbus,2,,0,,,
FN24QYD3YS01037,,AR,1,EA,SEAT-CABIN ATTENDANT,,Airbus,1,,0,,,
FRH100013A,,AR,1,EA,SWITCH-PRESSURE,,Airbus,20068,,0,,,
FRH230003C,,AR,1,EA,VALVE PRESSURE REDECER,,Airbus,NSN,,0,,,
FRH340003H,,AR,1,EA,DRAIN VALVE,,Airbus,N/A,,0,,,
FRH340003H,,AR,1,EA,DRAIN VALVE,,Airbus,NSN,,0,,,
HA70-0214003,,AR,1,EA,HOLD NETS,,Airbus,5726,,0,,,
HAD22308,,AR,1,EA,"THERMOCOUPLE, FUEL TEMP",,Airbus,319759,,0,,,
HR6B9-002-EA5,,AR,1,EA,RELIEF VALVE,,Airbus,F9911504,,0,,,
HTE190001-2,,AR,1,EA,VALVE ACTUATOR TWIM MOTOR,,Airbus,FRTR260AX,,0,,,
HTE190001-2,,AR,1,EA,VALVE ACTUATOR TWIM MOTOR,,Airbus,M399GB0203,,0,,,
256A3550-4,,SV,1,EA,FLAP CONTROL UNIT ASSY,,Boeing,6090625,,0,,,
HTE190001-2,,AR,1,EA,VALVE ACTUATOR TWIM MOTOR,,Airbus,M205GB0303,,0,,,
HTE190001-2,,AR,1,EA,VALVE ACTUATOR TWIM MOTOR,,Airbus,1193GB263,,0,,,
HTE200002-1,,AR,1,EA,ACTUATOR VALVE SINGLE MOTOR,,Airbus,M391GB1098,,0,,,
HTE200002-1,,AR,1,EA,ACTUATOR VALVE SINGLE MOTOR,,Airbus,M357GB0203,,0,,,
HTE200002-1,,AR,1,EA,ACTUATOR VALVE SINGLE MOTOR,,Airbus,M229GB0203,,0,,,
HTE200002-1,,AR,1,EA,ACTUATOR VALVE SINGLE MOTOR,,Airbus,M227GB0203,,0,,,
HTE200002-1,,AR,1,EA,ACTUATOR VALVE SINGLE MOTOR,,Airbus,M228GB0203,,0,,,
HTE200002-1,,AR,1,EA,ACTUATOR VALVE SINGLE MOTOR,,Airbus,M226GB0203,,0,,,
HTE310021-1,,AR,1,EA,AIR INLET VALVE,,Airbus,3030627,,0,,,
HTE310021-1,,AR,1,EA,AIR INLET VALVE,,Airbus,3030626,,0,,,
HTE370001,,AR,1,EA,CONNECTOR HP GROUND,,Airbus,M0354VNR0203,,0,,,
HTE690047,,AR,1,EA,PRESSURE SWITCH,,Airbus,FRTR019AR,,0,,,
HTE690070-001,,AR,1,EA,"SWITCH, PRESSURE",,Airbus,5084,,0,,,
HTE690070-001,,AR,1,EA,"SWITCH, PRESSURE",,Airbus,FR543AP,,0,,,
HTE690070-001,,AR,1,EA,"SWITCH, PRESSURE",,Airbus,FR544AP,,0,,,
HTE690070-001,,AR,1,EA,"SWITCH, PRESSURE",,Airbus,FR542AP,,0,,,
HTE690070-001,,AR,1,EA,"SWITCH, PRESSURE",,Airbus,FR545AP,,0,,,
HTE900087-001,,AR,1,EA,VALVE-TRANSFER,,Airbus,FR209BA,,0,,,
HTE900087-001,,AR,1,EA,VALVE-TRANSFER,,Airbus,FR212BA,,0,,,
HTE900087-001,,AR,1,EA,VALVE-TRANSFER,,Airbus,FR211BA,,0,,,
HTE900087-001,,AR,1,EA,VALVE-TRANSFER,,Airbus,FR210BA,,0,,,
HTE900118-001,,AR,1,EA,FUEL FLOW VALVE,,Airbus,M164VB694,,0,,,
HTE900118-001,,AR,1,EA,FUEL FLOW VALVE,,Airbus,M190VB789,,0,,,
HTE900118-001,,AR,1,EA,FUEL FLOW VALVE,,Airbus,FR338BA,,0,,,
HTE900118-001,,AR,1,EA,FUEL FLOW VALVE,,Airbus,9030685,,0,,,
HTE900118-001,,AR,1,EA,FUEL FLOW VALVE,,Airbus,9030690,,0,,,
J172ABM,,AR,1,EA,VERT ACCELEROMETER UNT,,Airbus,J172AB014487,,0,,,
J172ABM,,AR,1,EA,VERT ACCELEROMETER UNT,,Airbus,J172AB014673,,0,,,
J172ABM,,AR,1,EA,VERT ACCELEROMETER UNT,,Airbus,J172AB014677,,0,,,
JD029001,,AR,1,EA,"WATER POT, HEATER",,Airbus,2071384,,0,,,
JD029001,,AR,1,EA,"WATER POT, HEATER",,Airbus,2071351,,0,,,
JD029001,,AR,1,EA,"WATER POT, HEATER",,Airbus,2071370,,0,,,
K226ABM5,,AR,1,EA,MCDU - MULTIPURPOSE CONTROL AND DISPLAY UNIT,,Airbus,95042112,,0,,,
L32A310-230-3,,AR,1,EA,LEVER,,Airbus,212009,,0,,,
L95F100-603,,AR,1,EA,TK OVR PRESS PROTECTR,,Airbus,20835,,0,,,
L95F100-603,,AR,1,EA,TK OVR PRESS PROTECTR,,Airbus,31270,,0,,,
L95F100-603,,AR,1,EA,TK OVR PRESS PROTECTR,,Airbus,31271,,0,,,
L95F100-603,,AR,1,EA,TK OVR PRESS PROTECTR,,Airbus,30329,,0,,,
L95F100-603,,AR,1,EA,TK OVR PRESS PROTECTR,,Airbus,B02125,,0,,,
L95F100-603,,AR,1,EA,TK OVR PRESS PROTECTR,,Airbus,B02126,,0,,,
L96H15-501,,AR,1,EA,SENSOR,,Airbus,E73190,,0,,,
L96H15-501,,AR,1,EA,SENSOR,,Airbus,E73191,,0,,,
LOG BOOK ENGINE,,AR,1,EA,LOG BOOK ENGINE,,Airbus,R888-1,,0,,,
LOG BOOK ENGINE,,AR,1,EA,LOG BOOK ENGINE,,Airbus,R888-2,,0,,,
MF10-05-11,,AR,1,EA,MASK,,Airbus,101776,,0,,,
MF10-05-11,,AR,1,EA,MASK,,Airbus,47542,,0,,,
MF10-05-11,,AR,1,EA,MASK,,Airbus,51382,,0,,,
MF10-05-11,,AR,1,EA,MASK,,Airbus,56948,,0,,,
MF10-05-11,,AR,1,EA,MASK,,Airbus,57004,,0,,,
MISC3201,,AR,1,EA,SERVER-COFFEE MAKER,,Airbus,N / A,,0,,,
MISC3201,,AR,1,EA,SERVER-COFFEE MAKER,,Airbus,N / A,,0,,,
MS28889-2,,AR,1,EA,VALVE,,Airbus,N / A,,0,,,
NSA8064-64B01TI,,AR,1,EA,SLEEVE,,Airbus,1039,,0,,,
2610-13-1,,AI,1,EA,CLOCK,,Airbus,337,,0,,,
P2-07-0003-001,,AR,1,EA,FLASH LIGHT,,Airbus,N / A,,0,,,
P2-07-0003-001,,AR,1,EA,FLASH LIGHT,,Airbus,N / A,,0,,,
2651-278-21,,OH,1,EA,DRAIN VALVE-LAVATORY BALL,,Boeing,2030,,0,,,
P2-07-0003-001,,AR,1,EA,FLASH LIGHT,,Airbus,N / A,,0,,,
P2-07-0003-001,,AR,1,EA,FLASH LIGHT,,Airbus,N / A,,0,,,
P2-07-0003-001,,AR,1,EA,FLASH LIGHT,,Airbus,N / A,,0,,,
P2-07-0003-001,,AR,1,EA,FLASH LIGHT,,Airbus,N / A,,0,,,
P2-07-0003-001,,AR,1,EA,FLASH LIGHT,,Airbus,N / A,,0,,,
P2-07-0004-201,,AR,1,EA,BRACKET,,Airbus,N / A,,0,,,
P2-07-0004-201,,AR,1,EA,BRACKET,,Airbus,N / A,,0,,,
P3C0040800,,AR,1,EA,SENSOR TEMP,,Airbus,8593,,0,,,
P3C0040800,,AR,1,EA,SENSOR TEMP,,Airbus,2683,,0,,,
P3C0040800,,AR,1,EA,SENSOR TEMP,,Airbus,14970,,0,,,
P99C38-601,,AR,1,EA,FUEL PUMP,,Airbus,20630,,0,,,
2-7054-3,,SV,1,EA,"HANDLE FIRE EXTINGUISHING,ENGINE 2",,Embraer,2208,,0,,,
P99C38-601,,AR,1,EA,FUEL PUMP,,Airbus,21402,,0,,,
P99C38-601,,AR,1,EA,FUEL PUMP,,Airbus,20740,,0,,,
P99C38-605,,AR,1,EA,FUEL PUMP,,Airbus,A73471,,0,,,
P99C38-605,,AR,1,EA,FUEL PUMP,,Airbus,A73474,,0,,,
P99C38-605,,AR,1,EA,FUEL PUMP,,Airbus,A73470,,0,,,
P99C38-605,,AR,1,EA,FUEL PUMP,,Airbus,A73479,,0,,,
PG1152AC04,,AR,1,EA,AIR DATA MODULE,,Airbus,93010515,,0,,,
PG1152AC04,,AR,1,EA,AIR DATA MODULE,,Airbus,93020553,,0,,,
PG1152AC04,,AR,1,EA,AIR DATA MODULE,,Airbus,93010540,,0,,,
PG1152AC04,,AR,1,EA,AIR DATA MODULE,,Airbus,93030587,,0,,,
PG1152AC05,,AR,1,EA,AIR DATA MODULE,,Airbus,98101542,,0,,,
PG1152AC05,,AR,1,EA,AIR DATA MODULE,,Airbus,98101355,,0,,,
2-7462-3,,SV,1,EA,AUTO BRAKE SHUTTLE VALVE MODULE,,Boeing,14100,,0,,,
274N1051-3,,OH,1,EA,ACCUMULATOR ISOLAT VALVE,,Boeing,13454,,0,,,
PG1152AC05,,AR,1,EA,AIR DATA MODULE,,Airbus,98101540,,0,,,
PG1152AC05,,AR,1,EA,AIR DATA MODULE,,Airbus,98091505,,0,,,
PG1152AC05,,AR,1,EA,AIR DATA MODULE,,Airbus,98101544,,0,,,
PG1152AC05,,AR,1,EA,AIR DATA MODULE,,Airbus,98091471,,0,,,
PGA0105W,,AR,1,EA,COMPASS-STANDBY,,Airbus,616426-05,,0,,,
QA04586,,AR,1,EA,FILTER AIR,,Airbus,RM2-3466,,0,,,
QA04586,,AR,1,EA,FILTER AIR,,Airbus,RG11-1176,,0,,,
QA04586,,AR,1,EA,FILTER AIR,,Airbus,RG11-1178,,0,,,
QA05561,,AR,1,EA,FILTER-MAIN HYD LP,,Airbus,RC6-3137,,0,,,
QA05561,,AR,1,EA,FILTER-MAIN HYD LP,,Airbus,RC11-1276,,0,,,
2-7892-2,,SV,1,EA,SNUBBER,,Boeing,7502,,0,,,
QA05561,,AR,1,EA,FILTER-MAIN HYD LP,,Airbus,RM1-6003,,0,,,
QA05561,,AR,1,EA,FILTER-MAIN HYD LP,,Airbus,RM1-6011,,0,,,
QA05604,,AR,1,EA,FILTER LP,,Airbus,RM1-3263,,0,,,
2790475-103,,SV,1,EA,PRESSURE RELIEF VALVE,,Boeing,11274,,0,,,
QA05604,,AR,1,EA,FILTER LP,,Airbus,RC9-2229,,0,,,
QA05604,,AR,1,EA,FILTER LP,,Airbus,RG9-1992,,0,,,
QA05797,,AR,1,EA,HYD FILTER,,Airbus,RG9 2221,,0,,,
QA05797,,AR,1,EA,HYD FILTER,,Airbus,RC7-1471,,0,,,
QA05797,,AR,1,EA,HYD FILTER,,Airbus,RC8-1185,,0,,,
2-8020-5,,SV,1,EA,HYDRAULIC FUSE ASSY,,Boeing,10134,,0,,,
2-8020-6,,SV,1,EA,HYDRAULC FUSE ASSY,,Boeing,2780,,0,,,
2-8041-1,,SV,1,EA,HYDRAULIC FUSE ASSY,,Boeing,3550,,0,,,
QA05797,,AR,1,EA,HYD FILTER,,Airbus,RM1-1050,,0,,,
QA05797,,AR,1,EA,HYD FILTER,,Airbus,RM2-3640,,0,,,
QA06305-01,,AR,1,EA,FILTER MODULE,,Airbus,RY10-1753,,0,,,
RD-AV4001-11,,AR,1,EA,TAPPING UNIT L/H#5,,Airbus,C356627,,0,,,
RD-AV4001-11,,AR,1,EA,TAPPING UNIT L/H#5,,Airbus,C356637,,0,,,
RD-AV4001-11,,AR,1,EA,TAPPING UNIT L/H#5,,Airbus,C356656,,0,,,
2-8041-1,,SV,1,EA,HYDRAULIC FUSE ASSY,,Boeing,3545,,0,,,
RD-AV4001-11,,AR,1,EA,TAPPING UNIT L/H#5,,Airbus,C356632,,0,,,
RD-AV4001-11,,AR,1,EA,TAPPING UNIT L/H#5,,Airbus,C356642,,0,,,
RD-AV4001-11,,AR,1,EA,TAPPING UNIT L/H#5,,Airbus,C356626,,0,,,
RD-AV4001-11,,AR,1,EA,TAPPING UNIT L/H#5,,Airbus,C339978,,0,,,
RD-AV4001-11,,AR,1,EA,TAPPING UNIT L/H#5,,Airbus,C356629,,0,,,
RD-AV4001-11,,AR,1,EA,TAPPING UNIT L/H#5,,Airbus,C356651,,0,,,
285A1010-7,,SV,1,EA,STALL MANAGEMENT YAW DAMPER COMPUTER,,Boeing,D04740,,0,,,
RD-AV4001-11,,AR,1,EA,TAPPING UNIT L/H#5,,Airbus,C356653,,0,,,
RD-AV4001-11,,AR,1,EA,TAPPING UNIT L/H#5,,Airbus,C356625,,0,,,
RD-AV4001-11,,AR,1,EA,TAPPING UNIT L/H#5,,Airbus,C356655,,0,,,
285U0037-615,,SV,1,EA,RADIO COMM PANEL,,Boeing,D03335,,0,,,
285U0037-615,,SV,1,EA,RADIO COMM PANEL,,Boeing,D03334,,0,,,
RD-AX1301-2E,,AR,1,EA,"MULTIPLEXER, MAIN",,Airbus,900184,,0,,,
RD-AX7094-04,,AR,1,EA,REPRODUCER - AUDIO,,Airbus,100343,,0,,,
285W0024-1B,,AI,1,EA,HANDSET,,Boeing,D04988,,0,,,
RL27FYS3YS00037,,AR,1,EA,SEAT-CABIN ATTENDANT,,Airbus,1,,0,,,
S4-3401310-04,,AR,1,EA,L/G ISLTN SAFETY VLV,,Airbus,1159,,0,,,
S4-3401320,,AR,1,EA,VALVE-PILOT,,Airbus,1159,,0,,,
S4-3500711,,AR,1,EA,GROUND SRVC MANIFOLD,,Airbus,601,,0,,,
S4-3500711,,AR,1,EA,GROUND SRVC MANIFOLD,,Airbus,4538,,0,,,
S4-3500711,,AR,1,EA,GROUND SRVC MANIFOLD,,Airbus,5093,,0,,,
S4-3500712,,AR,1,EA,GROUND SRVC MANIFOLD,,Airbus,5045,,0,,,
291302A,,AI,1,EA,SERVO BRACKET,,Embraer,A2390,,0,,,
S4-3500712,,AR,1,EA,GROUND SRVC MANIFOLD,,Airbus,5429,,0,,,
S800-3000-00,,AR,1,EA,DIGITAL FLIGHT DATA RECORDER,,Airbus,703,,0,,,
SB209L1A1-1483,,AR,1,EA,HYD FLUID ACCUMULATR,,Airbus,18144,,0,,,
SB209L1A1-1483,,AR,1,EA,HYD FLUID ACCUMULATR,,Airbus,20258,,0,,,
SB209L1A1-1483,,AR,1,EA,HYD FLUID ACCUMULATR,,Airbus,18157,,0,,,
SB209L1A1-1483,,AR,1,EA,HYD FLUID ACCUMULATR,,Airbus,16399,,0,,,
SB209L1A1-1483,,AR,1,EA,HYD FLUID ACCUMULATR,,Airbus,20184,,0,,,
SB209L1A1-1484,,AR,1,EA,ACCUMULATOR-HYDRAVLIC,,Airbus,52919,,0,,,
SP3337-31,,AR,1,EA,SWITCH,,Airbus,N/A,,0,,,
2950004-304,,SV,1,EA,ACTUATOR-SOV  SHUTOFF VALVE,,Embraer,AA220729,,0,,,
SPSA320-3-3-2,,AR,1,EA,"WINDOW, SLIDING LEFT",,Airbus,7821,,0,,,
SPSA320-4-2-1,,AR,1,EA,"WINDOW, SLIDING RIGHT",,Airbus,2022,,0,,,
SPSA320-5-2-2,,AR,1,EA,"WINDOW, REAR LEFT",,Airbus,5151,,0,,,
SPSA320-5-2-2,,AR,1,EA,"WINDOW, REAR LEFT",,Airbus,4129,,0,,,
SPSA320-6-1-1C,,AR,1,EA,WINDOW-FIXED R/H,,Airbus,2068,,0,,,
SPSA320-8-3-2A,,AR,1,EA,SLIDING WINDOW R/H,,Airbus,1466,,0,,,
TA01Z6005,,AR,1,EA,TRANSFORMER,,Airbus,9030,,0,,,
TA01Z6005,,AR,1,EA,TRANSFORMER,,Airbus,1731,,0,,,
TA01Z6005,,AR,1,EA,TRANSFORMER,,Airbus,3120,,0,,,
TM113-1,,AR,1,EA,TEMP TRANSDUCER/SW,,Airbus,1078,,0,,,
TM113-1,,AR,1,EA,TEMP TRANSDUCER/SW,,Airbus,1107,,0,,,
TM113-1,,AR,1,EA,TEMP TRANSDUCER/SW,,Airbus,2575,,0,,,
TM113-1,,AR,1,EA,TEMP TRANSDUCER/SW,,Airbus,2582,,0,,,
TM113-1,,AR,1,EA,TEMP TRANSDUCER/SW,,Airbus,3017,,0,,,
TP0710014,,AR,1,EA,SWITCH - PRESSURE,,Airbus,1136,,0,,,
TY1540-24B,,AR,1,EA,HCU-HYDRAULIC CONTROL UNIT,,Airbus,T653,,0,,,
TY1541-50,,AR,1,EA,UPR T/R NONLOCK ACTR,,Airbus,2454,,0,,,
TY1542-50,,AR,1,EA,LWR T/R LOCKING ACTR,,Airbus,2459,,0,,,
WN25BYD3YS01037,,AR,1,EA,SEAT-ATTENDANT,,Airbus,1,,0,,,
WN93BYS3YS00037,,AR,1,EA,SEAT ATTENDANT,,Airbus,N/A,,0,,,
Y005-2,,AR,1,EA,TRNSFORMER RECTIFIER,,Airbus,6672,,0,,,
Z030H0004110,,AR,1,EA,DEU-DECODER ENCODER UNIT,,Airbus,16506,,0,,,
Z030H0004110,,AR,1,EA,DEU-DECODER ENCODER UNIT,,Airbus,16563,,0,,,
Z030H0004110,,AR,1,EA,DEU-DECODER ENCODER UNIT,,Airbus,16493,,0,,,
Z030H0004110,,AR,1,EA,DEU-DECODER ENCODER UNIT,,Airbus,17737,,0,,,
Z030H0004110,,AR,1,EA,DEU-DECODER ENCODER UNIT,,Airbus,16526,,0,,,
Z030H0004110,,AR,1,EA,DEU-DECODER ENCODER UNIT,,Airbus,16531,,0,,,
Z030H0004110,,AR,1,EA,DEU-DECODER ENCODER UNIT,,Airbus,16511,,0,,,
Z030H0004110,,AR,1,EA,DEU-DECODER ENCODER UNIT,,Airbus,16530,,0,,,
Z030H0004110,,AR,1,EA,DEU-DECODER ENCODER UNIT,,Airbus,16508,,0,,,
2990058-101,,SV,1,EA,CHECK VALVE-FUEL SYSTEM,,Embraer,2046,,0,,,
Z030H0004110,,AR,1,EA,DEU-DECODER ENCODER UNIT,,Airbus,16512,,0,,,
Z030H0004110,,AR,1,EA,DEU-DECODER ENCODER UNIT,,Airbus,16497,,0,,,
Z030H0004110,,AR,1,EA,DEU-DECODER ENCODER UNIT,,Airbus,16509,,0,,,
Z030H0004110,,AR,1,EA,DEU-DECODER ENCODER UNIT,,Airbus,16575,,0,,,
Z030H0004110,,AR,1,EA,DEU-DECODER ENCODER UNIT,,Airbus,15082,,0,,,
Z030H0004110,,AR,1,EA,DEU-DECODER ENCODER UNIT,,Airbus,16491,,0,,,
Z030H0004110,,AR,1,EA,DEU-DECODER ENCODER UNIT,,Airbus,16558,,0,,,
Z030H0004110,,AR,1,EA,DEU-DECODER ENCODER UNIT,,Airbus,16517,,0,,,
Z030H0004110,,AR,1,EA,DEU-DECODER ENCODER UNIT,,Airbus,16521,,0,,,
Z030H0004110,,AR,1,EA,DEU-DECODER ENCODER UNIT,,Airbus,16532,,0,,,
Z030H0004110,,AR,1,EA,DEU-DECODER ENCODER UNIT,,Airbus,16559,,0,,,
Z030H0004110,,AR,1,EA,DEU-DECODER ENCODER UNIT,,Airbus,10364,,0,,,
Z030H0004110,,AR,1,EA,DEU-DECODER ENCODER UNIT,,Airbus,16574,,0,,,
Z030H0004110,,AR,1,EA,DEU-DECODER ENCODER UNIT,,Airbus,16525,,0,,,
Z030H0004110,,AR,1,EA,DEU-DECODER ENCODER UNIT,,Airbus,16500,,0,,,
Z030H0004110,,AR,1,EA,DEU-DECODER ENCODER UNIT,,Airbus,16907,,0,,,
Z030H0004110,,AR,1,EA,DEU-DECODER ENCODER UNIT,,Airbus,16565,,0,,,
Z030H0004110,,AR,1,EA,DEU-DECODER ENCODER UNIT,,Airbus,16529,,0,,,
Z030H0004110,,AR,1,EA,DEU-DECODER ENCODER UNIT,,Airbus,030H00017015,,0,,,
Z030H0004110,,AR,1,EA,DEU-DECODER ENCODER UNIT,,Airbus,16534,,0,,,
Z030H0004110,,AR,1,EA,DEU-DECODER ENCODER UNIT,,Airbus,16523,,0,,,
Z030H0004110,,AR,1,EA,DEU-DECODER ENCODER UNIT,,Airbus,16514,,0,,,
Z030H0004110,,AR,1,EA,DEU-DECODER ENCODER UNIT,,Airbus,16533,,0,,,
2990078-102,,SV,1,EA,REFUEL SHUTOFF VALVE,,Embraer,2163,,0,,,
Z030H0004110,,AR,1,EA,DEU-DECODER ENCODER UNIT,,Airbus,030H00007836,,0,,,
Z030H0005110,,AR,1,EA,DECODER ENCODER UNIT A,,Airbus,32029,,0,,,
Z030H0005110,,AR,1,EA,DECODER ENCODER UNIT A,,Airbus,32033,,0,,,
2A7206B,,SV,1,EA,MACH TRIM ACTUATOR,,Boeing,B2177,,0,,,
Z030H0005110,,AR,1,EA,DECODER ENCODER UNIT A,,Airbus,030H00047470,,0,,,
Z030H0005110,,AR,1,EA,DECODER ENCODER UNIT A,,Airbus,32036,,0,,,
Z030H0005110,,AR,1,EA,DECODER ENCODER UNIT A,,Airbus,32048,,0,,,
Z030H0005110,,AR,1,EA,DECODER ENCODER UNIT A,,Airbus,32041,,0,,,
Z030H0005110,,AR,1,EA,DECODER ENCODER UNIT A,,Airbus,030H00049960,,0,,,
Z030H0005110,,AR,1,EA,DECODER ENCODER UNIT A,,Airbus,32030,,0,,,
Z030H0005110,,AR,1,EA,DECODER ENCODER UNIT A,,Airbus,32038,,0,,,
2LA005128-01,,SV,1,EA,LIGHT-EMERGENCY OVERW,,Airbus,1009,,0,,,
Z030H0005110,,AR,1,EA,DECODER ENCODER UNIT A,,Airbus,32034,,0,,,
Z030H0005110,,AR,1,EA,DECODER ENCODER UNIT A,,Airbus,030H00060858,,0,,,
Z030H0005110,,AR,1,EA,DECODER ENCODER UNIT A,,Airbus,030H00060629,,0,,,
Z030H0005110,,AR,1,EA,DECODER ENCODER UNIT A,,Airbus,030H00060867,,0,,,
Z030H0005110,,AR,1,EA,DECODER ENCODER UNIT A,,Airbus,030H00060868,,0,,,
Z030H0005110,,AR,1,EA,DECODER ENCODER UNIT A,,Airbus,030H00060849,,0,,,
Z030H0005110,,AR,1,EA,DECODER ENCODER UNIT A,,Airbus,030H00060862,,0,,,
Z030H0005110,,AR,1,EA,DECODER ENCODER UNIT A,,Airbus,030H00060846,,0,,,
Z030H0005110,,AR,1,EA,DECODER ENCODER UNIT A,,Airbus,030H00060853,,0,,,
Z030H0005110,,AR,1,EA,DECODER ENCODER UNIT A,,Airbus,030H00060859,,0,,,
2R5310A,,SV,1,EA,AUTOPILOT SERVO,,Embraer,C1642,,0,,,
Z030H0005110,,AR,1,EA,DECODER ENCODER UNIT A,,Airbus,030H00060861,,0,,,
Z030H0005110,,AR,1,EA,DECODER ENCODER UNIT A,,Airbus,030H00060869,,0,,,
Z030H0005110,,AR,1,EA,DECODER ENCODER UNIT A,,Airbus,030H00060857,,0,,,
Z030H0005110,,AR,1,EA,DECODER ENCODER UNIT A,,Airbus,030H00060866,,0,,,
Z030H0005110,,AR,1,EA,DECODER ENCODER UNIT A,,Airbus,030H00060851,,0,,,
Z030H0005110,,AR,1,EA,DECODER ENCODER UNIT A,,Airbus,030H00060865,,0,,,
3001-01-111,,AI,1,EA,ACCELEROMETER FLIGHT RECORDER,,Embraer,DTF0392,,0,,,
Z030H0005110,,AR,1,EA,DECODER ENCODER UNIT A,,Airbus,030H00060499,,0,,,
30042-0000-0501,,SV,1,EA,"CONTROL UNIT-LEVEL,SENSING",,Airbus,7266,,0,,,
Z030H0005110,,AR,1,EA,DECODER ENCODER UNIT A,,Airbus,030H00060852,,0,,,
30128-51,,SV,1,EA,FUEL QTY PROC. UNIT,,Boeing,224,,0,,,
Z030H0005110,,AR,1,EA,DECODER ENCODER UNIT A,,Airbus,030H00060850,,0,,,
30136-0106,,SV,1,EA,TRANSMITTER ASSY-POTABLE WATER QUANTITY,,Boeing,2505,,0,,,
Z030H0005110,,AR,1,EA,DECODER ENCODER UNIT A,,Airbus,030H00060854,,0,,,
Z030H0005110,,AR,1,EA,DECODER ENCODER UNIT A,,Airbus,030H00059967,,0,,,
Z030H0005110,,AR,1,EA,DECODER ENCODER UNIT A,,Airbus,030H00060847,,0,,,
Z030H0005110,,AR,1,EA,DECODER ENCODER UNIT A,,Airbus,030H00060860,,0,,,
Z030H0005110,,AR,1,EA,DECODER ENCODER UNIT A,,Airbus,030H00060856,,0,,,
30-2481-5,,SV,1,EA,REAR POS. LIGHT,,Boeing,3255,,1,,,
Z030H0005110,,AR,1,EA,DECODER ENCODER UNIT A,,Airbus,030H00060500,,0,,,
Z030H0005110,,AR,1,EA,DECODER ENCODER UNIT A,,Airbus,030H00060864,,0,,,
30-2683-14,,SV,1,EA,LIGHT ASSY,,Embraer,PT17554,,0,,,
30-2683-14,,SV,1,EA,LIGHT ASSY,,Embraer,PT17590,,0,,,
Z030H0005110,,AR,1,EA,DECODER ENCODER UNIT A,,Airbus,030H00060848,,0,,,
Z040H000720A,,AR,1,EA,DEU DECODER ENCODER UNIT,,Airbus,040H00008787,,0,,,
Z040H000820A,,AR,1,EA,DEU-DECODER ENCODER UNIT B,,Airbus,040H00012832,,0,,,
Z040H000820A,,AR,1,EA,DEU-DECODER ENCODER UNIT B,,Airbus,040H00013651,,0,,,
30-2848-5,,SV,1,EA,INTEGRATED WINTIP LIGHT ASSY,,Embraer,597,,0,,,
Z120H0064112,,AR,1,EA,"ATTENDANT PANEL, AFT",,Airbus,1173,,0,,,
30-2848-6,,SV,1,EA,INTEGRATED WINTIP LIGHT ASSY,,Embraer,678,,0,,,
30-2906-1,,SV,1,EA,"LIGHT , STROBOSCOPE , RED",,Embraer,1237,,0,,,
Z130H0105110,,AR,1,EA,CIDS - FWD ATTENDANT PANEL,,Airbus,620,,0,,,
Z130H0153110,,AR,1,EA,CIDS - FWD ATTENDANT PANEL,,Airbus,130H01002040,,0,,,
Z130H0167110,,AR,1,EA,CIDS - FWD ATTENDANT PANEL,,Airbus,130H01001723,,0,,,
30490,,SV,1,EA,ACTUATOR,,Boeing,339583,,0,,,
Z220H0002110,,AR,1,EA,AFT ICE PROT CTL UNT,,Airbus,220H00005513,,0,,,
ZCV241,,AR,1,EA,VALVE,,Airbus,07-0606117,,0,,,
ZCV241,,AR,1,EA,VALVE,,Airbus,07-0606121,,0,,,
ZCV241,,AR,1,EA,VALVE,,Airbus,07-0606119,,0,,,
ZCV63-6,,AR,1,EA,VALVE - CHECK,,Airbus,94120513,,0,,,
ZCV63-6,,AR,1,EA,VALVE - CHECK,,Airbus,94091523,,0,,,
ZCV63-6,,AR,1,EA,VALVE - CHECK,,Airbus,94092810,,0,,,
305RAA1,,OH,1,EA,AUTOTHROTTLE SERVO MOTOR,,Boeing,AS00273,,0,,,
305RAA1,,OH,1,EA,AUTOTHROTTLE SERVO MOTOR,,Boeing,AS04701,,0,,,
ZCV63-6-1,,AR,1,EA,VALVE - CHECK,,Airbus,1120327,,0,,,
01-0770544-00,,AR,1,EA,CREW CALL HORN,,Boeing,10253,,0,,,
01-0770544-00,,AR,1,EA,CREW CALL HORN,,Boeing,10138,,0,,,
01930-007,,AR,1,EA,WASTE TANK,,Boeing,11-06-2249,,0,,,
01930-007,,AR,1,EA,WASTE TANK,,Boeing,02-07-2311,,0,,,
01N65920,,AR,1,EA,EMERGENCY LOCATOR TRANSMITTER,,Boeing,7271727,,0,,,
21169,,AR,1,EA,"FAN, COOLING",,Boeing,106454475,,0,,,
21169,,AR,1,EA,"FAN, COOLING",,Boeing,106454470,,0,,,
07323P000-01,,AR,1,EA,BALL SCREW ASSY,,Boeing,N/A,,0,,,
07323P000-01,,AR,1,EA,BALL SCREW ASSY,,Boeing,4386,,0,,,
07323P000-01,,AR,1,EA,BALL SCREW ASSY,,Boeing,4401,,0,,,
07323P000-01,,AR,1,EA,BALL SCREW ASSY,,Boeing,4442,,0,,,
07324P000-01,,AR,1,EA,BALL SCREW ASSY,,Boeing,4556,,0,,,
07324P000-01,,AR,1,EA,BALL SCREW ASSY,,Boeing,4555,,0,,,
07324P000-01,,AR,1,EA,BALL SCREW ASSY,,Boeing,4354,,0,,,
07325P000-01,,AR,1,EA,BALL SCREW ASSY,,Boeing,9107,,0,,,
080-20705-01,,AR,1,EA,TRANSFORMER RECTIFIR UNIT,,Boeing,6996,,0,,,
080-20705-01,,AR,1,EA,TRANSFORMER RECTIFIR UNIT,,Boeing,7003,,0,,,
080-20705-01,,AR,1,EA,TRANSFORMER RECTIFIR UNIT,,Boeing,6999,,0,,,
10-0015-5,,AR,1,EA,LIGHT ASSY,,Boeing,N/A,,0,,,
10-0015-5,,AR,1,EA,LIGHT ASSY,,Boeing,10053,,0,,,
10-0015-5,,AR,1,EA,LIGHT ASSY,,Boeing,10059,,0,,,
100-602200-001,,AR,1,EA,DIPLEXER-LOW NOISE AMPLIFIER,,Boeing,4906044,,0,,,
10065-5000-01,,AR,1,EA,DENSITOMETER,,Boeing,783,,0,,,
10065-5000-02,,AR,1,EA,FQIS DENSIMETER,,Boeing,9286,,0,,,
10065-5000-02,,AR,1,EA,FQIS DENSIMETER,,Boeing,9332,,0,,,
10065-5000-02,,AR,1,EA,FQIS DENSIMETER,,Boeing,9328,,0,,,
10065-5000-02,,AR,1,EA,FQIS DENSIMETER,,Boeing,2029,,0,,,
10-1037-3,,AR,1,EA,ATT. LIGHT,,Boeing,N/A,,0,,,
10-1113-3,,AR,1,EA,DOME LIGHT,,Boeing,N/A.,,0,,,
10147-0101,,AR,1,EA,INDICATOR,,Boeing,256,,0,,,
10147-0101,,AR,1,EA,INDICATOR,,Boeing,259,,0,,,
10147-0101,,AR,1,EA,INDICATOR,,Boeing,121,,0,,,
10148-0101,,AR,1,EA,FUEL QTY IND.,,Boeing,267,,0,,,
10148-0101,,AR,1,EA,FUEL QTY IND.,,Boeing,271,,0,,,
10148-0101,,AR,1,EA,FUEL QTY IND.,,Boeing,295,,0,,,
10166N01N00,,AR,1,EA,INDICATOR RUDDER TRIM,,Boeing,07024958BA,,0,,,
102-00000,,AR,1,EA,TEMP SENSOR,,Boeing,136335,,0,,,
102-00000,,AR,1,EA,TEMP SENSOR,,Boeing,135958,,0,,,
10-60897-86,,AR,1,EA,WAVEGUIDE FLEXIBLE RIGID ASSY,,Boeing,R3762,,0,,,
10-60897-86,,AR,1,EA,WAVEGUIDE FLEXIBLE RIGID ASSY,,Boeing,R1854,,0,,,
10951000,,AR,1,EA,HEAT EXCHANGER,,Boeing,95100177,,0,,,
10951000,,AR,1,EA,HEAT EXCHANGER,,Boeing,95100189,,0,,,
110-328-01,,AR,1,EA,ANTENNA ELT,,Boeing,Jan-55,,0,,,
110A0113-55,,AR,1,EA,FUEL DOOR ASSY LH,,Boeing,N/A,,0,,,
1122599,,AR,1,EA,TEMP SENSOR,,Boeing,N2778,,0,,,
1122599,,AR,1,EA,TEMP SENSOR,,Boeing,P2797,,0,,,
1122599,,AR,1,EA,TEMP SENSOR,,Boeing,N2784,,0,,,
3-1531,,OH,1,EA,"WHEEL, NLG",,Airbus,2475/2475,,0,,,
3-1558,,OH,1,EA,MAIN WHEEL ASSY,,Boeing,6567,,0,,,
3-1558,,OH,1,EA,MAIN WHEEL ASSY,,Boeing,5304,,0,,,
3-1558,,OH,1,EA,MAIN WHEEL ASSY,,Boeing,5840,,0,,,
3-1558,,OH,1,EA,MAIN WHEEL ASSY,,Boeing,6435,,0,,,
1122599,,AR,1,EA,TEMP SENSOR,,Boeing,N2786,,0,,,
112A5067-5,,AR,1,EA,DOOR ASSY L/H,,Boeing,N/A,,0,,,
112A5067-6,,AR,1,EA,PANEL,,Boeing,N/A,,0,,,
113A1150-1,,AR,1,EA,FLAP TRACK FITTING ASSY LH,,Boeing,N/A,,0,,,
113A1150-2,,AR,1,EA,FLAP TRACK FITTING ASSY RH,,Boeing,N/A,,0,,,
113A1319-1,,AR,1,EA,FITTING,,Boeing,N/A,,0,,,
315A2295-701,,SV,1,EA,THRUST REVERSER#2-LH,,Boeing,2175,,0,,,
315A2295-702,,SV,1,EA,THRUST REVERSER#2-RH,,Boeing,2166,,0,,,
113A1319-1,,AR,1,EA,FITTING,,Boeing,N/A.,,0,,,
113A1350-111,,AR,1,EA,SUPPORT,,Boeing,N/A,,0,,,
113A1350-112,,AR,1,EA,SUPPORT,,Boeing,N/A,,0,,,
113A1350-3,,AR,1,EA,SUPPORT,,Boeing,N/A,,0,,,
113A1350-3,,AR,1,EA,SUPPORT,,Boeing,N/A,,0,,,
113A1351-1,,AR,1,EA,SUPPORT,,Boeing,N/A,,0,,,
113A1351-1,,AR,1,EA,SUPPORT,,Boeing,N/A,,0,,,
113A1351-1,,AR,1,EA,SUPPORT,,Boeing,N/A,,0,,,
113A1351-3,,AR,1,EA,SUPPORT,,Boeing,N/A,,0,,,
113A1550-11,,AR,1,EA,FITTING ASSY,,Boeing,N/A,,0,,,
113A1550-111,,AR,1,EA,FLAP TRACK FITTING,,Boeing,N/A,,0,,,
113A1550-111,,AR,1,EA,FLAP TRACK FITTING,,Boeing,N/A,,0,,,
3214-54-10,,SV,1,EA,EPSU EMERGENCY POWER SUPPLY UNIT,,Airbus,4344,,0,,,
113A1550-111,,AR,1,EA,FLAP TRACK FITTING,,Boeing,N/A,,0,,,
113A1550-3,,AR,1,EA,SUPPORT,,Boeing,N/A,,0,,,
113A1550-4,,AR,1,EA,SUPPORT,,Boeing,N/A,,0,,,
113A1551-1,,AR,1,EA,FITTING ASSY,,Boeing,N/A,,0,,,
113A1551-1,,AR,1,EA,FITTING ASSY,,Boeing,N/A,,0,,,
113A1551-1,,AR,1,EA,FITTING ASSY,,Boeing,N/A,,0,,,
113A1551-1,,AR,1,EA,FITTING ASSY,,Boeing,N/A,,0,,,
321942-1-1,,AI,1,EA,S/O CONTROL VALVE,,Boeing,11441,,0,,,
113A1750-107,,AR,1,EA,FLAP TRACK FITTING,,Boeing,N/A,,0,,,
113A1750-107,,AR,1,EA,FLAP TRACK FITTING,,Boeing,N/A,,0,,,
113A1750-107,,AR,1,EA,FLAP TRACK FITTING,,Boeing,N/A,,0,,,
322000M02,,SV,1,EA,RDDR TRANSDUCER UNIT,,Airbus,4305,,0,,,
113A1750-3,,AR,1,EA,SUPPORT,,Boeing,N/A,,0,,,
113A1750-4,,AR,1,EA,SUPPORT,,Boeing,N/A,,0,,,
330TS08Y,,SV,1,EA,ENG/APU FIRE PANEL,,Airbus,1508,,0,,,
331-0006-01,,AI,1,EA,WASTE DRAIN VALVE ASSY,,Boeing,X3256,,0,,,
113A7300-1,,AR,1,EA,COUNTER WEIGHT PANEL,,Boeing,HDH2138,,0,,,
113A7300-10,,AR,1,EA,COUNTER WEIGHT PANEL,,Boeing,HDH2165,,0,,,
113A7300-11,,AR,1,EA,COUNTER WEIGHT PANEL,,Boeing,HDH2138,,0,,,
113A7300-12,,AR,1,EA,COUNTER WEIGHT PANEL,,Boeing,HDH2165,,0,,,
33600081-3,,OH,1,EA,"FIREX BOTTLE, 224 CU INCH, 5LB HALO",,Embraer,71581D1,,0,,,
113A7300-13,,AR,1,EA,COUNTER WEIGHT PANEL,,Boeing,HDH2138,,0,,,
113A7300-14,,AR,1,EA,COUNTER WEIGHT PANEL,,Boeing,HDH2165,,0,,,
113A7300-2,,AR,1,EA,COUNTER WEIGHT PANEL,,Boeing,HDH2165,,0,,,
113A7300-9,,AR,1,EA,COUNTER WEIGHT PANEL,,Boeing,HDH2138,,0,,,
113A8100-5,,AR,1,EA,DOOR ASSY - OUTBD MLG,,Boeing,N/A,,0,,,
113A8100-6,,AR,1,EA,DOOR ASSY - OUTBD MLG,,Boeing,N/A,,0,,,
11483-000,,AR,1,EA,HEAT EXCHANGER,,Boeing,9810-M,,0,,,
341-1010-509,,SV,1,EA,INLET COWL,,Embraer,746001,,0,,,
341-1010-509,,SV,1,EA,INLET COWL,,Embraer,747001,,0,,,
11483-000,,AR,1,EA,HEAT EXCHANGER,,Boeing,9769-M,,0,,,
1152464-265,,AR,1,EA,"APU START POWER UNIT,CONTROL",,Boeing,1152464-01550,,0,,,
115A2712-14,,AR,1,EA,PANEL ASSY R/H,,Boeing,541673001,,0,,,
115A2722-911/J,,AR,1,EA,PANEL 551DB,,Boeing,7370605-3507,,0,,,
115A4710-202,,AR,1,EA,PANEL ASSY,,Boeing,459891001,,0,,,
115A4710-202,,AR,1,EA,PANEL ASSY,,Boeing,7370610-2336,,0,,,
115A4711-4,,AR,1,EA,PANEL ASSY,,Boeing,7370610-0905,,0,,,
115A4711-4,,AR,1,EA,PANEL ASSY,,Boeing,474135001,,0,,,
115A4712-5,,AR,1,EA,PANEL ASSY,,Boeing,N/A,,0,,,
115A4712-5,,AR,1,EA,PANEL ASSY,,Boeing,446325001,,0,,,
115A4712-6,,AR,1,EA,PANEL ASSY,,Boeing,475519001,,0,,,
342B050000,,SV,1,EA,FAN AIR VLV THERMSTT,,Airbus,4173,,0,,,
115A4721-901/J2,,AR,1,EA,PANEL 571CB,,Boeing,7370605-0936,,0,,,
115A4721-901/J2,,AR,1,EA,PANEL 571CB,,Boeing,7370609-1688,,0,,,
116817-5,,AR,1,EA,FWD DOOR AREA HEATER,,Boeing,859320000000EC9,,0,,,
116A1510-4,,AR,1,EA,LENS ASSY,,Boeing,N/A,,0,,,
116A6105-HF,,AR,1,EA,R/H PANEL 621AAB,,Boeing,N/A,,0,,,
116A6105-HF,,AR,1,EA,R/H PANEL 621AAB,,Boeing,N/A,,0,,,
116A8510-13,,AR,1,EA,"DOOR ASSY, PANEL 521BB",,Boeing,7370610-2009,,0,,,
116A8510-14,,AR,1,EA,ENGINE SHUTOFF VALVE PANEL,,Boeing,7370609-3811,,0,,,
35-0D5-1003,,SV,1,EA,AMPLIFR LOUD SPEAKER,,Airbus,0D5002426,,0,,,
350E053020909,,SV,1,EA,FWC-FLIGHT WARNING CO,,Airbus,0E0009865,,0,,,
350E053020909,,SV,1,EA,FWC-FLIGHT WARNING CO,,Airbus,0E0010489,,0,,,
350E053021212,,SV,1,EA,FWC - FLIGHT WARNING COMPUTER,,Airbus,0E0010483,,0,,,
116A8510-15,,AR,1,EA,DEFUEL STATION PANEL,,Boeing,7370611-0813,,0,,,
116A9110-10,,AR,1,EA,PANEL 621PB R/H,,Boeing,7370611-0434,,0,,,
351GZ01Y01,,SV,1,EA,RIGHT INTEGRATED CONTROL CENTER,,Embraer,A0683,,0,,,
116A9110-11,,AR,1,EA,PANEL 521MB,,Boeing,7370610-3075,,0,,,
116A9110-11,,AR,1,EA,PANEL 521MB,,Boeing,14644-38583,,0,,,
116A9110-12,,AR,1,EA,PANEL 621IB R/H,,Boeing,14645-39154,,0,,,
116A9110-12,,AR,1,EA,PANEL 621IB R/H,,Boeing,7370611-0721,,0,,,
116A9110-13,,AR,1,EA,PANEL 621KB,,Boeing,7370610-3476,,0,,,
116A9110-13,,AR,1,EA,PANEL 621KB,,Boeing,14646-38861,,0,,,
116A9110-14,,AR,1,EA,PANEL 621JB R/H,,Boeing,7370611-0279,,0,,,
116A9110-14,,AR,1,EA,PANEL 621JB R/H,,Boeing,14647-38772,,0,,,
116A9110-15,,AR,1,EA,PANEL 521JB,,Boeing,14648-37841,,0,,,
116A9110-15,,AR,1,EA,PANEL 521JB,,Boeing,7370611-0284,,0,,,
116A9110-16,,AR,1,EA,PANEL 621HB R/H,,Boeing,14649-37853,,0,,,
116A9110-16,,AR,1,EA,PANEL 621HB R/H,,Boeing,7370611-0824,,0,,,
116A9110-17,,AR,1,EA,L/E PANEL 521FB L/H,,Boeing,7370610-3303,,0,,,
366-208-001,,SV,1,EA,PANEL-REFUELING/DEFUEL,,Embraer,729,,0,,,
116A9110-17,,AR,1,EA,L/E PANEL 521FB L/H,,Boeing,737610-3473,,0,,,
116A9110-17,,AR,1,EA,L/E PANEL 521FB L/H,,Boeing,14650-39164,,0,,,
116A9110-2,,AR,1,EA,PANEL 621YB R/H,,Boeing,7370611-0334,,0,,,
116A9110-2,,AR,1,EA,PANEL 621YB R/H,,Boeing,14635-39264,,0,,,
116A9110-21,,AR,1,EA,L/E PANEL 521CB L/H,,Boeing,14654-38931,,0,,,
116A9110-21,,AR,1,EA,L/E PANEL 521CB L/H,,Boeing,7370611-0055,,0,,,
116A9110-22,,AR,1,EA,PANEL 621CB,,Boeing,7370611-0856,,0,,,
116A9110-22,,AR,1,EA,PANEL 621CB,,Boeing,14655-38693,,0,,,
116A9110-24,,AR,1,EA,PANEL 621FB,,Boeing,14651-38850,,0,,,
3810056-106,,SV,1,EA,MODULE ASSY VALVE MODULE THRUST,,Boeing,8604,,0,,,
381200-1001,,SV,1,EA,P.C.U.,,Boeing,2850,,0,,,
116A9110-24,,AR,1,EA,PANEL 621FB,,Boeing,7370611-0282,,0,,,
116A9110-25,,AR,1,EA,PANEL 521DB,,Boeing,7370609-1299A,,0,,,
116A9110-26,,AR,1,EA,PANEL,,Boeing,7370611-0332,,0,,,
116A9110-26,,AR,1,EA,PANEL,,Boeing,49178-39390,,0,,,
116A9110-3,,AR,1,EA,L/E PANEL 521WB L/H,,Boeing,7370610-0058A,,0,,,
116A9110-3,,AR,1,EA,L/E PANEL 521WB L/H,,Boeing,14636-37353,,0,,,
116A9110-4,,AR,1,EA,PANEL 621VB R/H,,Boeing,14637-38254,,0,,,
116A9110-4,,AR,1,EA,PANEL 621VB R/H,,Boeing,7370611-0101,,0,,,
116A9110-5,,AR,1,EA,PANEL 521TB,,Boeing,7370611-0276,,0,,,
116A9110-5,,AR,1,EA,PANEL 521TB,,Boeing,14638-38744,,0,,,
116A9110-6,,AR,1,EA,L/E PANEL 621SB R/H,,Boeing,7370610-3722,,0,,,
116A9110-7,,AR,1,EA,PANEL 521RB,,Boeing,14640-39258,,0,,,
116A9110-8,,AR,1,EA,L/E PANEL 621QB R/H,,Boeing,14641-37696,,0,,,
116A9110-8,,AR,1,EA,L/E PANEL 621QB R/H,,Boeing,7370610-0822A,,0,,,
116A9110-9,,AR,1,EA,PANEL 521QB,,Boeing,7370611-0312,,0,,,
116A9110-9,,AR,1,EA,PANEL 521QB,,Boeing,14642-38941,,0,,,
116A9121-1,,AR,1,EA,L/E PANEL 521AAB L/H,,Boeing,14656-38575,,0,,,
116A9121-1,,AR,1,EA,L/E PANEL 521AAB L/H,,Boeing,7370611-0557,,0,,,
116A9121-10,,AR,1,EA,PANEL 621TB R/H,,Boeing,7370611-0548,,0,,,
116A9121-10,,AR,1,EA,PANEL 621TB R/H,,Boeing,14665-38702,,0,,,
116A9121-11,,AR,1,EA,PANEL,,Boeing,49188-33075A,,0,,,
116A9121-11,,AR,1,EA,PANEL,,Boeing,7370611-0310,,0,,,
116A9121-12,,AR,1,EA,PANEL 621RB R/H,,Boeing,7370611-0556,,0,,,
383300-1009,,SV,1,EA,AILERON TRIM ACTUATOR,,Embraer,3187,,0,,,
116A9121-12,,AR,1,EA,PANEL 621RB R/H,,Boeing,14667-38963,,0,,,
116A9121-13,,AR,1,EA,PANEL,,Boeing,14668-38965,,0,,,
116A9121-13,,AR,1,EA,PANEL,,Boeing,7370610-3716,,0,,,
116A9121-14,,AR,1,EA,L/E PANEL R/H,,Boeing,7370610-3701,,0,,,
116A9121-14,,AR,1,EA,L/E PANEL R/H,,Boeing,14669-38765,,0,,,
116A9121-15,,AR,1,EA,PANEL 521XB,,Boeing,14670-38723,,0,,,
116A9121-15,,AR,1,EA,PANEL 521XB,,Boeing,7370611-0257,,0,,,
38-909500-2,,SV,1,EA,PARK AND MAIN BRAKE FUSE,,Embraer,1492,,0,,,
116A9121-16,,AR,1,EA,L/E PANEL 621NB R/H,,Boeing,7370611-0256,,0,,,
116A9121-16,,AR,1,EA,L/E PANEL 621NB R/H,,Boeing,14671-39130,,0,,,
116A9121-17,,AR,1,EA,PANEL,,Boeing,14672-39270,,0,,,
116A9121-17,,AR,1,EA,PANEL,,Boeing,7370611-0255,,0,,,
116A9121-18,,AR,1,EA,L/E PANEL 621KB R/H,,Boeing,7370611-0738,,0,,,
116A9121-18,,AR,1,EA,L/E PANEL 621KB R/H,,Boeing,14673-38983,,0,,,
116A9121-19,,AR,1,EA,PANEL 521HR,,Boeing,14674-39135,,0,,,
116A9121-19,,AR,1,EA,PANEL 521HR,,Boeing,7370611-0554,,0,,,
116A9121-2,,AR,1,EA,L/E PANEL 621ZB R/H,,Boeing,14657-39279,,0,,,
116A9121-2,,AR,1,EA,L/E PANEL 621ZB R/H,,Boeing,7370611-0553,,0,,,
116A9121-21,,AR,1,EA,PANEL 521GB L/H L/E,,Boeing,7370610-1392A,,0,,,
116A9121-21,,AR,1,EA,PANEL 521GB L/H L/E,,Boeing,14675-38970,,0,,,
116A9121-23,,AR,1,EA,L/E PANEL 521EB L/H,,Boeing,7370611-0569,,0,,,
38E93-5,,SV,1,EA,"VALVE-CONTROL,WING ANTI ICING",,Airbus,127,,0,,,
116A9121-3,,AR,1,EA,L/E PANEL 521YB L/H,,Boeing,7370609-2856,,0,,,
116A9121-3,,AR,1,EA,L/E PANEL 521YB L/H,,Boeing,14658-37202A,,0,,,
116A9121-4,,AR,1,EA,PANEL 621XB R/H,,Boeing,14659-38563,,0,,,
116A9121-4,,AR,1,EA,PANEL 621XB R/H,,Boeing,7370610-3484,,0,,,
116A9121-5,,AR,1,EA,L/E PANEL XB L/H,,Boeing,14660-38753,,0,,,
116A9121-5,,AR,1,EA,L/E PANEL XB L/H,,Boeing,7370611-0265,,0,,,
116A9121-6,,AR,1,EA,PANEL R/H,,Boeing,7370611-0565,,0,,,
116A9121-6,,AR,1,EA,PANEL R/H,,Boeing,14661-39030,,0,,,
116A9121-7,,AR,1,EA,L/E PANEL 521VB L/H,,Boeing,14662-38486,,0,,,
116A9121-7,,AR,1,EA,L/E PANEL 521VB L/H,,Boeing,7370611-0564,,0,,,
116A9121-8,,AR,1,EA,PANEL 621UB,,Boeing,7370611-0057,,0,,,
394100-1003,,SV,1,EA,VALVE-LE SHUTOFF,,Boeing,4432,,0,,,
116A9121-8,,AR,1,EA,PANEL 621UB,,Boeing,14663-37062A,,0,,,
3945123506,,SV,1,EA,ELEVATOR AILERON COMPUTER,,Airbus,6524,,0,,,
116A9121-9,,AR,1,EA,PANEL 521UB,,Boeing,14664-39139,,0,,,
3957985206,,SV,1,EA,ENGINE INTERFACE,,Airbus,Q05720011356,,0,,,
396498-2,,AI,1,EA,FLOW CONTROL VALVE,,Boeing,3055,,0,,,
396498-2,,SV,1,EA,FLOW CONTROL VALVE,,Boeing,3149,,0,,,
398116-1-1,,SC,1,EA,DUAL MIX VALVE,,Boeing,8364,,0,,,
398116-1-1,,SC,1,EA,DUAL MIX VALVE,,Boeing,8390,,0,,,
398116-1-1,,SC,1,EA,DUAL MIX VALVE,,Boeing,8366,,0,,,
116A9121-9,,AR,1,EA,PANEL 521UB,,Boeing,7370611-0563,,0,,,
1173T11,,AR,1,EA,CPRSR. DISCH. THERM. SWITCH.,,Boeing,13697,,0,,,
1173T11,,AR,1,EA,CPRSR. DISCH. THERM. SWITCH.,,Boeing,13760,,0,,,
1173T11,,AR,1,EA,CPRSR. DISCH. THERM. SWITCH.,,Boeing,13520,,0,,,
1173T11,,AR,1,EA,CPRSR. DISCH. THERM. SWITCH.,,Boeing,13546,,0,,,
39-891-3,,SV,1,EA,BRAKE CONTROL VALVE WITH FILTERS,,Embraer,4272,,0,,,
1173T12,,AR,1,EA,TURBINE INLET THERM SWITCH,,Boeing,12794,,0,,,
1173T12,,AR,1,EA,TURBINE INLET THERM SWITCH,,Boeing,12811,,0,,,
1173T12,,AR,1,EA,TURBINE INLET THERM SWITCH,,Boeing,13087,,0,,,
1173T12,,AR,1,EA,TURBINE INLET THERM SWITCH,,Boeing,13028,,0,,,
1173T211,,AR,1,EA,OVERHEAT SWITCH,,Boeing,20390,,0,,,
1173T211,,AR,1,EA,OVERHEAT SWITCH,,Boeing,20415,,0,,,
123266-2-1,,AR,1,EA,HOT AIR CHECK VALVE,,Boeing,15419,,0,,,
123266-2-1,,AR,1,EA,HOT AIR CHECK VALVE,,Boeing,15378,,0,,,
123266-2-1,,AR,1,EA,HOT AIR CHECK VALVE,,Boeing,15487,,0,,,
123266-2-1,,AR,1,EA,HOT AIR CHECK VALVE,,Boeing,15511,,0,,,
123268-1-1,,AR,1,EA,COLD AIR CHECK VALVE,,Boeing,9061,,0,,,
123268-1-1,,AR,1,EA,COLD AIR CHECK VALVE,,Boeing,9112,,0,,,
123268-1-1,,AR,1,EA,COLD AIR CHECK VALVE,,Boeing,9116,,0,,,
125329B-4,,AR,1,EA,SHAFT ASSY,,Boeing,AA105752,,0,,,
125329B-4,,AR,1,EA,SHAFT ASSY,,Boeing,AA99642,,0,,,
125329B-4,,AR,1,EA,SHAFT ASSY,,Boeing,AA105230,,0,,,
125329B-4,,AR,1,EA,SHAFT ASSY,,Boeing,AA105239,,0,,,
125334D-2,,AR,1,EA,VALVE BODY ASSEMBLY,,Boeing,AA224554,,0,,,
125334D-2,,AR,1,EA,VALVE BODY ASSEMBLY,,Boeing,AA209780,,0,,,
125334D-2,,AR,1,EA,VALVE BODY ASSEMBLY,,Boeing,AA224501,,0,,,
125334D-2,,AR,1,EA,VALVE BODY ASSEMBLY,,Boeing,AA224627,,0,,,
125334D-2,,AR,1,EA,VALVE BODY ASSEMBLY,,Boeing,P12290,,0,,,
125334D-2,,AR,1,EA,VALVE BODY ASSEMBLY,,Boeing,N96030,,0,,,
1303910-101,,AR,1,EA,LCD MONITOR-RETRACTOR,,Boeing,N88KW,,0,,,
1303910-101,,AR,1,EA,LCD MONITOR-RETRACTOR,,Boeing,L83GC,,0,,,
1303910-101,,AR,1,EA,LCD MONITOR-RETRACTOR,,Boeing,L861Y,,0,,,
1303910-101,,AR,1,EA,LCD MONITOR-RETRACTOR,,Boeing,L83FW,,0,,,
141A6802-6,,AR,1,EA,FWD ACCESS DOOR ASSY,,Boeing,450,,0,,,
143A6110-29,,AR,1,EA,CARGO DOOR FWD,,Boeing,2237,,0,,,
144A6505-9,,AR,1,EA,EMERGENCY DOOR,,Boeing,6854,,0,,,
144A6505-9,,AR,1,EA,EMERGENCY DOOR,,Boeing,6859,,0,,,
144A6631-3,,AR,1,EA,DAMPER ASSY,,Boeing,NSN,,0,,,
144A6631-3,,AR,1,EA,DAMPER ASSY,,Boeing,NSN,,0,,,
4041-48,,SV,1,EA,"BIN LIGHT 48""",,Boeing,43501,,0,,,
4041-48,,SV,1,EA,"BIN LIGHT 48""",,Boeing,43755,,0,,,
144A6631-3,,AR,1,EA,DAMPER ASSY,,Boeing,NSN,,0,,,
144A6631-3,,AR,1,EA,DAMPER ASSY,,Boeing,NSN,,0,,,
147A6116-22,,AR,1,EA,DOOR - AFT ENTRY R2,,Boeing,2165,,0,,,
147A6116-22,,AR,1,EA,DOOR - AFT ENTRY R2,,Boeing,2240,,0,,,
782625,,SV,1,EA,RECESS LIGHT,,Boeing,44053,,0,,,
782625,,SV,1,EA,RECESS LIGHT,,Boeing,42796,,0,,,
4077880-961,,SV,1,EA,MCDU MULTIFNC CONT DISPLAY UNIT,,Airbus,2024586,,0,,,
4081600-930,,SV,1,EA,DISPLAY ELECT UNIT,,Boeing,32191307,,0,,,
4081600-930,,SV,1,EA,DISPLAY ELECT UNIT,,Boeing,31924755,,0,,,
147A6502-21,,AR,1,EA,DOOR - AFT SERVICE L2,,Boeing,2162,,0,,,
147A6502-21,,AR,1,EA,DOOR - AFT SERVICE L2,,Boeing,2237,,0,,,
148A6350-64,,AR,1,EA,"DOOR, APU",,Boeing,N/A,,0,,,
148A6350-64F,,AR,1,EA,APU DOOR,,Boeing,YG252,,0,,,
148A7141-11,,AR,1,EA,ACCESS DOOR R/H,,Boeing,520138,,0,,,
4101054,,SV,1,EA,FAN - EQUIP COOLING,,Boeing,12143,,0,,,
149A7137-5,,AR,1,EA,FWD MID. FAIRING,,Boeing,N/A,,0,,,
4101634A,,OH,1,EA,FAN-FWD ELECTRONIC BAY,,Embraer,2149,,0,,,
4101634A,,AI,1,EA,FAN-FWD ELECTRONIC BAY,,Embraer,2143,,0,,,
4101634A,,AI,1,EA,FAN-FWD ELECTRONIC BAY,,Embraer,2140,,0,,,
149A7137-5,,AR,1,EA,FWD MID. FAIRING,,Boeing,N/A,,0,,,
149A7137-6,,AR,1,EA,RAM AIR PANEL R/H,,Boeing,N/A,,0,,,
149A7137-6,,AR,1,EA,RAM AIR PANEL R/H,,Boeing,N/A,,0,,,
149A7160-8,,AR,1,EA,RAM AIR PANEL R/H,,Boeing,114950001,,0,,,
149A7160-8,,AR,1,EA,RAM AIR PANEL R/H,,Boeing,115062001,,0,,,
4101638,,SV,1,EA,FAN-MID ELECTRONIC BAY,,Embraer,1439,,0,,,
149A7172-1,,AR,1,EA,SPLICE ASSY,,Boeing,N/A,,0,,,
149A7231-21,,AR,1,EA,A/C BAY DOOR,,Boeing,N / A,,0,,,
4101722,,SV,1,EA,CABIN RECIRCULATION FAN,,Embraer,1442,,0,,,
4101722,,SV,1,EA,CABIN RECIRCULATION FAN,,Embraer,1560,,0,,,
149A7231-21,,AR,1,EA,A/C BAY DOOR,,Boeing,N / A,,0,,,
149A7231-22,,AR,1,EA,A/C BAY DOOR,,Boeing,N / A,,0,,,
4101724A,,SV,1,EA,FAN-TWO SPEED MID ELECTRONIC BAY,,Embraer,766,,0,,,
149A7231-22,,AR,1,EA,A/C BAY DOOR,,Boeing,N / A,,0,,,
149A7242-6,,AR,1,EA,192DR ACCESS PANEL,,Boeing,N/A,,0,,,
149A7253-12,,AR,1,EA,OVERWING PANEL ASSY,,Boeing,NSN,,0,,,
149A7253-13,,AR,1,EA,UNDERWING PANEL ASSY,,Boeing,N/A,,0,,,
149A7558-14,,AR,1,EA,FAIRING PANEL,,Boeing,N/A,,0,,,
149A7561-3,,AR,1,EA,DOOR ACC.,,Boeing,N/A,,0,,,
149A7561-3,,AR,1,EA,DOOR ACC.,,Boeing,N/A,,0,,,
149A8253-12,,AR,1,EA,PANEL ASSY,,Boeing,N/A,,0,,,
149A8253-12,,AR,1,EA,PANEL ASSY,,Boeing,N/A,,0,,,
1500-0500-002,,AR,1,EA,HGS CONTROL PANEL,,Boeing,24730,,0,,,
15-0093-5,,AR,1,EA,LIGHT,,Boeing,N/A,,0,,,
152LMA23,,AR,1,EA,APU EGT INDICATOR,,Boeing,7018457,,0,,,
1552-002-19,,AR,1,EA,PRESSURE REGULATOR,,Boeing,R07-000770,,0,,,
156306-101,,AR,1,EA,DIPLEXER-LOW NOISE AMPLIFIER,,Boeing,3706259,,0,,,
15800-029-4,,AR,1,EA,TOILET ASSEMBLY,,Boeing,696,,0,,,
158300-101,,AR,1,EA,ACTUATOR-AUTOPILOT,,Boeing,18387,,0,,,
158300-101,,AR,1,EA,ACTUATOR-AUTOPILOT,,Boeing,16089,,0,,,
158300-101,,AR,1,EA,ACTUATOR-AUTOPILOT,,Boeing,18151,,0,,,
158300-101,,AR,1,EA,ACTUATOR-AUTOPILOT,,Boeing,18642,,0,,,
158300-101,,AR,1,EA,ACTUATOR-AUTOPILOT,,Boeing,6878B,,0,,,
162BL903,,AR,1,EA,IND-CABIN TEMPERATURE,,Boeing,6107917,,0,,,
163CV59,,AR,1,EA,WATER QTY IND.,,Boeing,6107940,,0,,,
163CV59,,AR,1,EA,WATER QTY IND.,,Boeing,6107937,,0,,,
1697EA-1,,AR,1,EA,HYD. CONT. VALVE,,Boeing,9782,,0,,,
1697EA-1,,AR,1,EA,HYD. CONT. VALVE,,Boeing,9645,,0,,,
1705800-1,,AR,1,EA,FEEL SHIFT MODULE,,Boeing,97,,0,,,
172934-001,,AR,1,EA,SELECTOR SWITCH,,Boeing,28238,,0,,,
1732030-01,,AR,1,EA,FILTER,,Boeing,1057,,0,,,
1732030-01,,AR,1,EA,FILTER,,Boeing,1058,,0,,,
1732030-01,,AR,1,EA,FILTER,,Boeing,737,,0,,,
1732030-01,,AR,1,EA,FILTER,,Boeing,684,,0,,,
1732510,,AR,1,EA,FILTER ELEMENT ASSY,,Boeing,N/A,,0,,,
1732510,,AR,1,EA,FILTER ELEMENT ASSY,,Boeing,38057,,0,,,
176A3009-7,,AR,1,EA,BODY PANEL,,Boeing,N/A,,0,,,
18-2141-3,,AR,1,EA,TRANSMITTER PRESSURE,,Boeing,24530,,0,,,
18-2141-3,,AR,1,EA,TRANSMITTER PRESSURE,,Boeing,24988,,0,,,
18-2141-3,,AR,1,EA,TRANSMITTER PRESSURE,,Boeing,24964,,0,,,
18-2141-3,,AR,1,EA,TRANSMITTER PRESSURE,,Boeing,24995,,0,,,
18-2141-3,,AR,1,EA,TRANSMITTER PRESSURE,,Boeing,24690,,0,,,
18-2141-3,,AR,1,EA,TRANSMITTER PRESSURE,,Boeing,24992,,0,,,
18-2141-3,,AR,1,EA,TRANSMITTER PRESSURE,,Boeing,24539,,0,,,
18-2141-3,,AR,1,EA,TRANSMITTER PRESSURE,,Boeing,22758,,0,,,
183010-4,,AR,1,EA,WATER SEPARATOR,,Boeing,5348,,0,,,
183010-4,,AR,1,EA,WATER SEPARATOR,,Boeing,5397,,0,,,
183010-4,,AR,1,EA,WATER SEPARATOR,,Boeing,5389,,0,,,
185A1702-61,,AR,1,EA,PANEL ASSY,,Boeing,N/A,,0,,,
185A1702-61,,AR,1,EA,PANEL ASSY,,Boeing,N/A,,0,,,
185A1702-62,,AR,1,EA,PANEL 343CB,,Boeing,N/A,,0,,,
185A1702-62,,AR,1,EA,PANEL 343CB,,Boeing,N/A,,0,,,
185A1702-69,,AR,1,EA,PANEL 333DB,,Boeing,N/A,,0,,,
414800-1011,,SV,1,EA,MULTI-FUNCTION SPOILER PCU,,Embraer,4571,,0,,,
185A1702-69,,AR,1,EA,PANEL 333DB,,Boeing,N/A,,0,,,
185A1702-70,,AR,1,EA,PANEL ASSY R/H,,Boeing,N/A,,0,,,
185A1702-70,,AR,1,EA,PANEL ASSY R/H,,Boeing,N/A,,0,,,
1C3510,,AR,1,EA,CHECK VALVE,,Boeing,N/A,,0,,,
1C3510,,AR,1,EA,CHECK VALVE,,Boeing,N/A,,0,,,
1C3594,,AR,1,EA,CHECK VALVE,,Boeing,N/A,,0,,,
1C3594,,AR,1,EA,CHECK VALVE,,Boeing,N/A.,,0,,,
1C3594,,AR,1,EA,CHECK VALVE,,Boeing,N/A,,0,,,
1C3594,,AR,1,EA,CHECK VALVE,,Boeing,N/A,,0,,,
1G409,,AR,1,EA,PRESSURE SWITCH,,Boeing,4045,,0,,,
20202-01,,AR,1,EA,FUEL COMPENSATOR,,Boeing,7373,,0,,,
414900-1005,,SV,1,EA,ACTUATOR-GROUND SPOILER,,Embraer,2831,,0,,,
414900-1005,,SV,1,EA,ACTUATOR-GROUND SPOILER,,Embraer,2837,,0,,,
20202-01,,AR,1,EA,FUEL COMPENSATOR,,Boeing,6893,,0,,,
2030172-101,,AR,1,EA,"CHECK VALVE, FLOAT",,Boeing,AAA3769,,0,,,
2040024-101,,AR,1,EA,CHECK VALVE,,Boeing,AAA3274,,0,,,
2040024-101,,AR,1,EA,CHECK VALVE,,Boeing,AAA3227,,0,,,
20798-01,,AR,1,EA,EXHAUST VALVE,,Boeing,746890,,0,,,
414950-1003,,SV,1,EA,MODULE-GROUND SPOILER CONTROL,,Embraer,1449,,0,,,
20C144-5,,AR,1,EA,VALVE - CHECK,,Boeing,24914,,0,,,
20C144-5,,AR,1,EA,VALVE - CHECK,,Boeing,24767,,0,,,
20C144-5,,AR,1,EA,VALVE - CHECK,,Boeing,24511,,0,,,
20C144-5,,AR,1,EA,VALVE - CHECK,,Boeing,24405,,0,,,
415100-1003,,SV,1,EA,ACTUATOR-AILERON PCU,,Embraer,1520,,0,,,
20C144-5,,AR,1,EA,VALVE - CHECK,,Boeing,24441,,0,,,
20C144-5,,AR,1,EA,VALVE - CHECK,,Boeing,24489,,0,,,
20C144-5,,AR,1,EA,VALVE - CHECK,,Boeing,25061,,0,,,
20C144-5,,AR,1,EA,VALVE - CHECK,,Boeing,30484,,0,,,
415400-1009,,SV,1,EA,ACTUATOR-RUDDER,,Embraer,1577,,0,,,
20C144-5,,AR,1,EA,VALVE - CHECK,,Boeing,24432,,0,,,
20C144-5,,AR,1,EA,VALVE - CHECK,,Boeing,24426,,0,,,
2110-301MJ,,AR,1,EA,ATTENDANT SEAT,,Boeing,5957-2110,,0,,,
2110-301MJ,,AR,1,EA,ATTENDANT SEAT,,Boeing,6146-2110,,0,,,
416100-1003,,SV,1,EA,ACTUATOR-ELEVATOR POWER CONTROL,,Embraer,1690,,0,,,
2110-302MJ,,AR,1,EA,ATTENDANT SEAT,,Boeing,5961-2110,,0,,,
2110-302MJ,,AR,1,EA,ATTENDANT SEAT,,Boeing,6152-2110,,0,,,
211C223-527,,AR,1,EA,SWITCH - PRESSURE HYDRAULIC,,Boeing,G055027A,,0,,,
211C223-527,,AR,1,EA,SWITCH - PRESSURE HYDRAULIC,,Boeing,H003791A,,0,,,
211C223-527,,AR,1,EA,SWITCH - PRESSURE HYDRAULIC,,Boeing,G054989A,,0,,,
213A3220-1,,AR,1,EA,DUCT,,Boeing,997-001,,0,,,
213A3220-2,,AR,1,EA,R/H VENT,,Boeing,991-001,,0,,,
213A3410-1,,AR,1,EA,RAM AIR DOOR,,Boeing,N/A,,0,,,
213A3420-7,,AR,1,EA,PANEL ASSY,,Boeing,N/A,,0,,,
213A3420-7,,AR,1,EA,PANEL ASSY,,Boeing,N/A,,0,,,
213A3420-8,,AR,1,EA,PANEL ASSY,,Boeing,N/A,,0,,,
417A6110-68L,,SV,1,EA,ATTENDANT PANEL ASSY,,Boeing,D04319,,0,,,
213A3420-8,,AR,1,EA,PANEL ASSY,,Boeing,N/A,,0,,,
214C40-1-110,,AR,1,EA,ALT. PRESS SWITCH,,Boeing,6044611B,,0,,,
214C40-1-110,,AR,1,EA,ALT. PRESS SWITCH,,Boeing,H029541B,,0,,,
214C40-1-77,,AR,1,EA,SWITCH,,Boeing,H010213B,,0,,,
214C40-1-77,,AR,1,EA,SWITCH,,Boeing,M028115B,,0,,,
214C50-2,,AR,1,EA,SWITCH - PRESSURE ALTITUDE,,Boeing,H009744A,,0,,,
214C50-2,,AR,1,EA,SWITCH - PRESSURE ALTITUDE,,Boeing,M016827A,,0,,,
214C50-2,,AR,1,EA,SWITCH - PRESSURE ALTITUDE,,Boeing,E012508A,,0,,,
214C50-2,,AR,1,EA,SWITCH - PRESSURE ALTITUDE,,Boeing,M019208A,,0,,,
215A2131-2,,AR,1,EA,ROD ASSY,,Boeing,N/A,,0,,,
218A3110-3,,AR,1,EA,SENSOR MODULE,,Boeing,N/A,,0,,,
218A3110-3,,AR,1,EA,SENSOR MODULE,,Boeing,N/A,,0,,,
218A3110-3,,AR,1,EA,SENSOR MODULE,,Boeing,N/A,,0,,,
218A3110-3,,AR,1,EA,SENSOR MODULE,,Boeing,N/A,,0,,,
218A3112-1,,AR,1,EA,FIRE LOOP,,Boeing,N/A,,0,,,
218A3112-1,,AR,1,EA,FIRE LOOP,,Boeing,N/A,,0,,,
218A4039-1,,AR,1,EA,NOZZLE ASSY,,Boeing,N/A,,0,,,
218A4039-1,,AR,1,EA,NOZZLE ASSY,,Boeing,N/A,,0,,,
218A4039-1,,AR,1,EA,NOZZLE ASSY,,Boeing,N/A,,0,,,
21C1-3-21,,AR,1,EA,PRESSURE SWITCH,,Boeing,G047482,,0,,,
419300-1003,,SV,1,EA,PCU,,Boeing,41930002003,,0,,,
21C1-3-22,,AR,1,EA,SWITCH,,Boeing,H010149,,0,,,
2203185-2,,AR,1,EA,INJECTOR,,Boeing,70210,,0,,,
2203185-2,,AR,1,EA,INJECTOR,,Boeing,N/A,,0,,,
2203185-2,,AR,1,EA,INJECTOR,,Boeing,N/A,,0,,,
2215625-1,,AR,1,EA,"MUFF, MIXING, TURBINE OUTLET",,Boeing,2053,,0,,,
2215625-1,,AR,1,EA,"MUFF, MIXING, TURBINE OUTLET",,Boeing,2052,,0,,,
2215625-1,,AR,1,EA,"MUFF, MIXING, TURBINE OUTLET",,Boeing,2138,,0,,,
2215625-1,,AR,1,EA,"MUFF, MIXING, TURBINE OUTLET",,Boeing,2142,,0,,,
2215632-2,,AR,1,EA,RH SECONDARY PLENUM,,Boeing,1119,,0,,,
22186-69,,AR,1,EA,MAIN / AUIX FUEL PANEL,,Boeing,AA133907,,0,,,
22260-9,,AR,1,EA,AUX. FUEL TFR PANEL,,Boeing,1546,,0,,,
22260-9,,AR,1,EA,AUX. FUEL TFR PANEL,,Boeing,1053,,0,,,
424900-1003,,SV,1,EA,SPOILER CONTROL LEVER MODULE,,Embraer,D0765,,0,,,
22262-9,,AR,1,EA,AUX. FUEL BLD. AIR PANEL,,Boeing,1548,,0,,,
22262-9,,AR,1,EA,AUX. FUEL BLD. AIR PANEL,,Boeing,1342,,0,,,
22264-29,,AR,1,EA,COCKPIT PANEL ASSY,,Boeing,1430,,0,,,
22264-29,,AR,1,EA,COCKPIT PANEL ASSY,,Boeing,1250,,0,,,
22265-19,,AR,1,EA,COCKPIT PANEL,,Boeing,16421,,0,,,
22266-49,,AR,1,EA,COCKPIT PANEL ASSY,,Boeing,1364,,0,,,
22266-49,,AR,1,EA,COCKPIT PANEL ASSY,,Boeing,1331,,0,,,
22464-69,,AR,1,EA,ISOLATION UNIT,,Boeing,1418,,0,,,
22464-69,,AR,1,EA,ISOLATION UNIT,,Boeing,1420,,0,,,
22464-69,,AR,1,EA,ISOLATION UNIT,,Boeing,1788,,0,,,
2314M-72-1,,AR,1,EA,WIPER ARM ASSY,,Boeing,N/A,,0,,,
2314M-72-1,,AR,1,EA,WIPER ARM ASSY,,Boeing,N/A,,0,,,
232A4440-1,,AR,1,EA,AUDIO BOX,,Boeing,61,,0,,,
233A2222-54,,AR,1,EA,CDS DISPLAY PANEL,,Boeing,F03725,,0,,,
4279198,,SV,1,EA,WIPER MOTOR,,Airbus,27089,,0,,,
233A3202-5,,AR,1,EA,FUEL CONTROL PANEL MODULE,,Boeing,D02574,,0,,,
4279204,,SV,1,EA,WIPER MOTOR,,Airbus,13738,,0,,,
233A3202-5,,AR,1,EA,FUEL CONTROL PANEL MODULE,,Boeing,D02020,,0,,,
233A3204-1,,AR,1,EA,MODULE GEN/APU CONT,,Boeing,D02382,,0,,,
233A3205-3,,AR,1,EA,MODULE STANDBY POWER,,Boeing,D02273,,0,,,
233A3206-2,,AR,1,EA,INSTRUMENT MODULE ASSY,,Boeing,D02353,,0,,,
233A3207-4,,AR,1,EA,DOOR WARNING MODULE,,Boeing,D02251,,0,,,
43885001,,SV,1,EA,OZONE CONVERTER,,Boeing,6838,,0,,,
233A3207-4,,AR,1,EA,DOOR WARNING MODULE,,Boeing,D02359,,0,,,
233A7203-10,,AR,1,EA,DATA LOAD SELEC. MOD.,,Boeing,D02310,,0,,,
233A7206-2,,AR,1,EA,FUEL TEST AUTO SHUTOFF PANEL,,Boeing,D01180,,0,,,
233A7206-2,,AR,1,EA,FUEL TEST AUTO SHUTOFF PANEL,,Boeing,D01255,,0,,,
2341178-2,,AR,1,EA,AIR CONDITION PRECOOLER,,Boeing,3766,,0,,,
236535-1,,AR,1,EA,FUEL SHUTOFF VALVE MOTOR,,Boeing,469,,0,,,
4441111-077,,SV,1,EA,"CYLINDER, OXYGEN",,Embraer,689173802,,0,,,
236535-1,,AR,1,EA,FUEL SHUTOFF VALVE MOTOR,,Boeing,412,,0,,,
4500003L,,SV,1,EA,ELECTRONIC CONTROL BOX,,Airbus,2045,,0,,KLM,
4505001B,,SV,1,EA,"OUTLINE, ENGINE APS2300 - APU",,Embraer,HSC-E1023759,,0,635,575,240K la rep
236545-1,,AR,1,EA,REFUELING VALVE,,Boeing,685,,0,,,
4508022,,SV,1,EA,CONTROLLER-STARTER CONTROLLER UNIT,,Embraer,1074,,0,,,
236545-1,,AR,1,EA,REFUELING VALVE,,Boeing,738,,0,,,
24C236,,AR,1,EA,VALVE-CHECK,,Boeing,11148,,0,,,
24C236,,AR,1,EA,VALVE-CHECK,,Boeing,11101,,0,,,
453-5000,,SV,1,EA,ELT,,Embraer,170-12159,,0,,,
251A1240-5,,AR,1,EA,FLT. SPLR. PWR. CONT. UNIT,,Boeing,A0031693,,0,,,
251A1240-5,,AR,1,EA,FLT. SPLR. PWR. CONT. UNIT,,Boeing,A0031687,,0,,,
251A1240-5,,AR,1,EA,FLT. SPLR. PWR. CONT. UNIT,,Boeing,A0031692,,0,,,
251A1240-5,,AR,1,EA,FLT. SPLR. PWR. CONT. UNIT,,Boeing,A0031686,,0,,,
251A1240-5,,AR,1,EA,FLT. SPLR. PWR. CONT. UNIT,,Boeing,A0031695,,0,,,
251A1240-5,,AR,1,EA,FLT. SPLR. PWR. CONT. UNIT,,Boeing,A0031685,,0,,,
251A1240-5,,AR,1,EA,FLT. SPLR. PWR. CONT. UNIT,,Boeing,A0031826,,0,,,
251A1240-5,,AR,1,EA,FLT. SPLR. PWR. CONT. UNIT,,Boeing,A0029451,,0,,,
251A1240-5,,AR,1,EA,FLT. SPLR. PWR. CONT. UNIT,,Boeing,A0029366,,0,,,
251A1240-5,,AR,1,EA,FLT. SPLR. PWR. CONT. UNIT,,Boeing,A0029452,,0,,,
465020-03030316,,SV,1,EA,AIR DATA AND INERTIAL REFERENCE UNIT,,Airbus,001-8486,,0,,,
251A1240-5,,AR,1,EA,FLT. SPLR. PWR. CONT. UNIT,,Boeing,A0029368,,0,,,
251A1240-5,,AR,1,EA,FLT. SPLR. PWR. CONT. UNIT,,Boeing,A0029365,,0,,,
473597-5,,SV,1,EA,SMOKE DETECTOR,,Boeing,34289,,0,,,
473597-5,,SV,1,EA,SMOKE DETECTOR,,Boeing,33516,,0,,,
473597-5,,SV,1,EA,SMOKE DETECTOR,,Boeing,33464,,0,,,
473597-5,,SV,1,EA,SMOKE DETECTOR,,Boeing,33498,,0,,,
251A1240-5,,AR,1,EA,FLT. SPLR. PWR. CONT. UNIT,,Boeing,A0029367,,0,,,
473597-5,,SV,1,EA,SMOKE DETECTOR,,Boeing,34245,,0,,,
473597-5,,SV,1,EA,SMOKE DETECTOR,,Boeing,34239,,0,,,
251A1240-5,,AR,1,EA,FLT. SPLR. PWR. CONT. UNIT,,Boeing,A0031694,,0,,,
251A1240-5,,AR,1,EA,FLT. SPLR. PWR. CONT. UNIT,,Boeing,A0031684,,0,,,
473925,,SV,1,EA,CARGO ELECTRONIC UNIT,,Boeing,9924,,0,,,
251A1492-7,,AR,1,EA,BRACKET ASSY,,Boeing,N/A,,0,,,
251A1631-3,,AR,1,EA,AILERON CONT. QUAD.,,Boeing,N/A,,0,,,
251A1631-3,,AR,1,EA,AILERON CONT. QUAD.,,Boeing,N/A,,0,,,
251A1640-2,,AR,1,EA,AILERON INST. CENTER,,Boeing,N/A,,0,,,
251A1640-2,,AR,1,EA,AILERON INST. CENTER,,Boeing,N/A,,0,,,
251A1660-4,,AR,1,EA,AILERON CONT. ASSY,,Boeing,N/A,,0,,,
251A1660-6,,AR,1,EA,AIL/ELEV CONTROL UNIT,,Boeing,N/A,,0,,,
251A2160-2,,AR,1,EA,AILERON / ELEVATOR PCU ASSY,,Boeing,9118,,0,,,
251A2160-2,,AR,1,EA,AILERON / ELEVATOR PCU ASSY,,Boeing,9123,,0,,,
49-170-11,,SV,1,EA,SLAT AND FLAP CONTROL COMPUTER,,Airbus,49-170BA10159,,0,,,
251A2160-2,,AR,1,EA,AILERON / ELEVATOR PCU ASSY,,Boeing,8752,,0,,,
4952354,,SV,1,EA,ASSEMBLY-APU INLET SILENCER,,Embraer,746,,0,,,
251A2160-2,,AR,1,EA,AILERON / ELEVATOR PCU ASSY,,Boeing,9120,,0,,,
251A2160-2,,AR,1,EA,AILERON / ELEVATOR PCU ASSY,,Boeing,9117,,0,,,
251A4410-2,,AR,1,EA,SWITCH ASSEMBLY,,Boeing,919,,0,,,
251A4430-4,,AR,1,EA,SWITCH ASSY,,Boeing,898,,0,,,
254A1121-3,,AR,1,EA,CONT. UNIT,,Boeing,N/A,,0,,,
254A1141-5,,AR,1,EA,TRANSMITTER,,Boeing,166566,,0,,,
254A1141-6,,AR,1,EA,TRANSMITTER,,Boeing,183097,,0,,,
254A1141-7,,AR,1,EA,TRANSMITTER,,Boeing,398573,,0,,,
254A1147-1,,AR,1,EA,"GEARBOX ASSY, STEEL, ALUMINUM ALLOY",,Boeing,N/A,,0,,,
254A1147-1,,AR,1,EA,"GEARBOX ASSY, STEEL, ALUMINUM ALLOY",,Boeing,N/A,,0,,,
254A1147-1,,AR,1,EA,"GEARBOX ASSY, STEEL, ALUMINUM ALLOY",,Boeing,N/A,,0,,,
256A3110-7,,AR,1,EA, #1 FLAP TRANSMISSION,,Boeing,4354/3110,,0,,,
256A3110-7,,AR,1,EA, #1 FLAP TRANSMISSION,,Boeing,4496/3110,,0,,,
256A3110-8,,AR,1,EA, #8 FLAP TRANSMISSION,,Boeing,4516/3110,,0,,,
501-1228-04,,SV,1,EA,EMERGENCY POWER SUPPLY,,Embraer,85923,,0,,,
256A3210-10,,AR,1,EA,TRANS ASSY,,Boeing,4345/3210,,0,,,
256A3210-10,,AR,1,EA,TRANS ASSY,,Boeing,4472/3210,,0,,,
256A3210-7,,AR,1,EA, #2 FLAP TRANSMISSION,,Boeing,4506/3210,,0,,,
256A3210-7,,AR,1,EA, #2 FLAP TRANSMISSION,,Boeing,4308/3210,,0,,,
256A3310-7,,AR,1,EA, #3 FLAP TRANSMISSION,,Boeing,4350/3310,,0,,,
256A3310-7,,AR,1,EA, #3 FLAP TRANSMISSION,,Boeing,4501/3310,,0,,,
256A3310-8,,AR,1,EA, #6 FLAP TRANSMISSION,,Boeing,4335/3310,,0,,,
1154320,,OH,1,EA,SHUTTLE VALVE-THRUST REV.LH,,Boeing,3129,,0,,,
5080-107,,SV,1,EA,NOSE RADOME,,Embraer,977,,0,,,
51165,,SV,1,EA,POWER TRANSFER UNIT,,Embraer,K0702,,0,,,
256A3310-8,,AR,1,EA, #6 FLAP TRANSMISSION,,Boeing,4512/3310,,0,,,
51166-03,,SV,1,EA,PUMP-ACMP AC MOTOR PUMP,,Embraer,K2937,,0,,,
256A3410-7,,AR,1,EA, #4 FLAP TRANSMISSION,,Boeing,4496/3410,,0,,,
256A3410-7,,AR,1,EA, #4 FLAP TRANSMISSION,,Boeing,4359/3410,,0,,,
256A3410-8,,AR,1,EA, #5 FLAP TRANSMISSION,,Boeing,4366/3410,,0,,,
256A3410-8,,AR,1,EA, #5 FLAP TRANSMISSION,,Boeing,4474/3410,,0,,,
256A3515-4,,AR,1,EA,PWR. DRIVE. FLAP ACT. UNIT,,Boeing,6120118,,0,,,
256A3515-4,,AR,1,EA,PWR. DRIVE. FLAP ACT. UNIT,,Boeing,6090566,,0,,,
51166-04,,SV,1,EA,PUMP-ACMP AC MOTOR PUMP,,Embraer,K2798,,0,,,
1184118,,SV,1,EA,COCKPIT LOUDSPEAKER,,Boeing,8968,,0,,,
256A3550-4,,AR,1,EA,FLAP CONTROL UNIT ASSY,,Boeing,6120090,,0,,,
256A3630-1,,AR,1,EA,ANGLE GEARBOX,,Boeing,6120364,,0,,,
520913,,SV,1,EA,CSMG-CONST GENERATOR,,Airbus,F9932154,,0,,,
256A3630-1,,AR,1,EA,ANGLE GEARBOX,,Boeing,6090587,,0,,,
256A3630-1,,AR,1,EA,ANGLE GEARBOX,,Boeing,6090568,,0,,,
521100,,SV,1,EA,GCU-GENERATOR CONTROL UNIT,,Airbus,G0320147,,0,,,
256A3630-1,,AR,1,EA,ANGLE GEARBOX,,Boeing,6120363,,0,,,
256A3650-3,,AR,1,EA,TEE GEARBOX ASSY,,Boeing,6120129,,0,,,
52-615500,,AI,1,EA,PRESSURE SWITCH (130 PSI),,Embraer,1627,,0,,,
52-615500,,AI,1,EA,PRESSURE SWITCH (130 PSI),,Embraer,1619,,0,,,
256A3650-3,,AR,1,EA,TEE GEARBOX ASSY,,Boeing,6090596,,0,,,
256A3650-4,,AR,1,EA,TEE GEARBOX ASSY,,Boeing,6120130,,0,,,
256A3650-4,,AR,1,EA,TEE GEARBOX ASSY,,Boeing,6090610,,0,,,
256A3710-1,,AR,1,EA,TORQUE TUBE ASSY,,Boeing,N / A,,0,,,
256A3710-1,,AR,1,EA,TORQUE TUBE ASSY,,Boeing,N / A,,0,,,
256A3710-1,,AR,1,EA,TORQUE TUBE ASSY,,Boeing,N / A,,0,,,
256A3710-1,,AR,1,EA,TORQUE TUBE ASSY,,Boeing,N / A,,0,,,
256A3710-2,,AR,1,EA,TORQUE TUBE ASSY,,Boeing,,,0,,,
256A3710-2,,AR,1,EA,TORQUE TUBE ASSY,,Boeing,NSN,,0,,,
256A3710-2,,AR,1,EA,TORQUE TUBE ASSY,,Boeing,NSN,,0,,,
256A3710-3,,AR,1,EA,TORQUE TUBE ASSY,,Boeing,N / A,,0,,,
256A3710-3,,AR,1,EA,TORQUE TUBE ASSY,,Boeing,N / A,,0,,,
256A3710-3,,AR,1,EA,TORQUE TUBE ASSY,,Boeing,N / A,,0,,,
256A3710-4,,AR,1,EA,TORQUE TUBE ASSY,,Boeing,N / A,,0,,,
256A3710-4,,AR,1,EA,TORQUE TUBE ASSY,,Boeing,N / A,,0,,,
256A3710-4,,AR,1,EA,TORQUE TUBE ASSY,,Boeing,N / A,,0,,,
256A3710-4,,AR,1,EA,TORQUE TUBE ASSY,,Boeing,N / A,,0,,,
256A3710-5,,AR,1,EA,TORQUE TUBE,,Boeing,N / A,,0,,,
256A3710-5,,AR,1,EA,TORQUE TUBE,,Boeing,N / A,,0,,,
256A3710-5,,AR,1,EA,TORQUE TUBE,,Boeing,N / A,,0,,,
1/2/5583,,AI,1,EA,PA HANDST/CRADLE HANDSET,,Embraer,3285,,0,,,
1/2/5583,,AI,1,EA,PA HANDST/CRADLE HANDSET,,Embraer,2808,,0,,,
256A3710-5,,AR,1,EA,TORQUE TUBE,,Boeing,N / A,,0,,,
256A3710-6,,AR,1,EA,TORQUE TUBE ASSY,,Boeing,N / A,,0,,,
256A3710-6,,AR,1,EA,TORQUE TUBE ASSY,,Boeing,N / A,,0,,,
256A3710-6,,AR,1,EA,TORQUE TUBE ASSY,,Boeing,N / A,,0,,,
256A3710-6,,AR,1,EA,TORQUE TUBE ASSY,,Boeing,N / A,,0,,,
256A3710-6,,AR,1,EA,TORQUE TUBE ASSY,,Boeing,N / A,,0,,,
256A3710-7,,AR,1,EA,TORQUE TUBE,,Boeing,N / A,,0,,,
256A3710-7,,AR,1,EA,TORQUE TUBE,,Boeing,N / A,,0,,,
256A3710-7,,AR,1,EA,TORQUE TUBE,,Boeing,N / A,,0,,,
256A3750-3,,AR,1,EA,TORQUE TUBE SPRT. ASSY,,Boeing,N/A,,0,,,
256A3750-3,,AR,1,EA,TORQUE TUBE SPRT. ASSY,,Boeing,N/A,,0,,,
256A3750-4,,AR,1,EA,SUPPORT ASSY,,Boeing,N/A,,0,,,
256A3914-1,,AR,1,EA,ROD AY,,Boeing,N/A,,0,,,
256A3914-1,,AR,1,EA,ROD AY,,Boeing,N/A,,0,,,
256A3914-1,,AR,1,EA,ROD AY,,Boeing,N/A,,0,,,
256A3914-1,,AR,1,EA,ROD AY,,Boeing,N/A,,0,,,
256A3914-1,,AR,1,EA,ROD AY,,Boeing,N/A,,0,,,
568-1-27202-05R,,SV,1,EA,FUEL PUMP,,Airbus,11428,,0,,,
256A3914-2,,AR,1,EA,CONT. ROD X2,,Boeing,N/A,,0,,,
256A3914-2,,AR,1,EA,CONT. ROD X2,,Boeing,N/A,,0,,,
256A3914-2,,AR,1,EA,CONT. ROD X2,,Boeing,N/A,,0,,,
256A3914-3,,AR,1,EA,CONTROL ROD,,Boeing,N/A,,0,,,
258A4301-1,,AR,1,EA,SNUBBER,,Boeing,EFS6993,,0,,,
258A4301-1,,AR,1,EA,SNUBBER,,Boeing,EFS6985,,0,,,
2660608M2,,AR,1,EA,CHECK VALVE,,Boeing,32431A,,0,,,
2660608M2,,AR,1,EA,CHECK VALVE,,Boeing,32375A,,0,,,
2660608M2,,AR,1,EA,CHECK VALVE,,Boeing,32370A,,0,,,
2660608M2,,AR,1,EA,CHECK VALVE,,Boeing,33080A,,0,,,
2660608M2,,AR,1,EA,CHECK VALVE,,Boeing,33064A,,0,,,
2660608M2,,AR,1,EA,CHECK VALVE,,Boeing,32507A,,0,,,
2660608M2,,AR,1,EA,CHECK VALVE,,Boeing,33062A,,0,,,
2660608M2,,AR,1,EA,CHECK VALVE,,Boeing,32361A,,0,,,
2660608M2,,AR,1,EA,CHECK VALVE,,Boeing,32478A,,0,,,
2660608M2,,AR,1,EA,CHECK VALVE,,Boeing,33078A,,0,,,
2660608M2,,AR,1,EA,CHECK VALVE,,Boeing,32501A,,0,,,
270N2000-187,,AR,1,EA,BLOCK ASSY,,Boeing,N/A,,0,,,
5822-21,,SV,1,EA,POWER SUPPLY,,Airbus,N / A,,0,,,
271A7443-2,,AR,1,EA,VALVE ASSY,,Boeing,N/A,,0,,,
27-250,,AR,1,EA,THERMAL SWITCH,,Boeing,624,,0,,,
273A1401-2,,AR,1,EA,MANIFOLD ASSY,,Boeing,99240-0455,,0,,,
273A1401-2,,AR,1,EA,MANIFOLD ASSY,,Boeing,99240-0580,,0,,,
273A2310-1,,AR,1,EA,CYLINDER ASSY,,Boeing,4331,,0,,,
273A2310-1,,AR,1,EA,CYLINDER ASSY,,Boeing,4462,,0,,,
273A2310-1,,AR,1,EA,CYLINDER ASSY,,Boeing,4448,,0,,,
273A2310-1,,AR,1,EA,CYLINDER ASSY,,Boeing,4303,,0,,,
2-7462-3,,AR,1,EA,AUTO BRAKE SHUTTLE VALVE MODULE,,Boeing,14067,,0,,,
274N1051-3,,AR,1,EA,ACCUMULATOR ISOLAT VALVE,,Boeing,13628,,0,,,
274N1051-3,,AR,1,EA,ACCUMULATOR ISOLAT VALVE,,Boeing,13664,,0,,,
274N1051-3,,AR,1,EA,ACCUMULATOR ISOLAT VALVE,,Boeing,13297,,0,,,
276A3100-11,,AR,1,EA,HYD RES. ASSY,,Boeing,N/A,,0,,,
276A3100-11,,AR,1,EA,HYD RES. ASSY,,Boeing,100587930,,0,,,
276A3100-7,,AR,1,EA,HYDRAULIC RESERVOIR ASSY,,Boeing,100583579,,0,,,
276A3100-7,,AR,1,EA,HYDRAULIC RESERVOIR ASSY,,Boeing,N/A,,0,,,
277A6111-1,,AR,1,EA,WHEEL HUBCAP ASSY,,Boeing,NC1211,,0,,,
277A6111-1,,AR,1,EA,WHEEL HUBCAP ASSY,,Boeing,NC1210,,0,,,
2-7892-2,,AR,1,EA,SNUBBER,,Boeing,7496,,0,,,
2-7892-2,,AR,1,EA,SNUBBER,,Boeing,7323,,0,,,
2-7892-2,,AR,1,EA,SNUBBER,,Boeing,7315,,0,,,
2790475-103,,AR,1,EA,PRESSURE RELIEF VALVE,,Boeing,10691,,0,,,
2790482-102,,AR,1,EA,VALVE-FUEL VENT FLOAT,,Boeing,6629,,0,,,
2790482-102,,AR,1,EA,VALVE-FUEL VENT FLOAT,,Boeing,6440,,0,,,
2790482-102,,AR,1,EA,VALVE-FUEL VENT FLOAT,,Boeing,6444,,0,,,
2790482-102,,AR,1,EA,VALVE-FUEL VENT FLOAT,,Boeing,6638,,0,,,
2-8020-1,,AR,1,EA,HYDRAULIC FUSE,,Boeing,2823,,0,,,
2-8041-1,,AR,1,EA,HYDRAULIC FUSE ASSY,,Boeing,1412,,0,,,
2-8041-1,,AR,1,EA,HYDRAULIC FUSE ASSY,,Boeing,10,,0,,,
2-8041-1,,AR,1,EA,HYDRAULIC FUSE ASSY,,Boeing,61,,0,,,
2-8041-1,,AR,1,EA,HYDRAULIC FUSE ASSY,,Boeing,3697,,0,,,
2-8041-1,,AR,1,EA,HYDRAULIC FUSE ASSY,,Boeing,3706,,0,,,
2-8041-1,,AR,1,EA,HYDRAULIC FUSE ASSY,,Boeing,396,,0,,,
284A0173-3,,AR,1,EA,TAXI LIGHT  LH,,Boeing,N/A,,0,,,
284A0173-4,,AR,1,EA,TAXI LIGHT  RH,,Boeing,N/A,,0,,,
284A2211-10,,AR,1,EA,INTERPHONE SERVICE,,Boeing,N/A,,0,,,
284A2211-10,,AR,1,EA,INTERPHONE SERVICE,,Boeing,N/A,,0,,,
284A6807-4,,AR,1,EA,GROUND COMM. PANEL,,Boeing,N/A,,0,,,
285A1010-7,,AR,1,EA,STALL MANAGEMENT YAW DAMPER COMPUTER,,Boeing,D04808,,0,,,
285A1840-7,,AR,1,EA,MODULE ELECT METERS GALLERY POWER,,Boeing,D02269,,0,,,
285A1840-7,,AR,1,EA,MODULE ELECT METERS GALLERY POWER,,Boeing,D02414,,0,,,
285U0037-615,,AR,1,EA,RADIO COMM PANEL,,Boeing,D03361,,0,,,
285U0037-615,,AR,1,EA,RADIO COMM PANEL,,Boeing,D03363,,0,,,
285U0037-615,,AR,1,EA,RADIO COMM PANEL,,Boeing,D03364,,0,,,
286A7157-001,,AR,1,EA,NOSE ANT. CONN.,,Boeing,N/A,,0,,,
286A7159-002,,AR,1,EA,GLIDE SCOPE CABLE,,Boeing,N / A,,0,,,
286A7159-002,,AR,1,EA,GLIDE SCOPE CABLE,,Boeing,N / A,,0,,,
286A8157-001,,AR,1,EA,NOSE ANT. CONN.,,Boeing,N/A,,0,,,
286A8159-002,,AR,1,EA,GLIDE SCOPE CABLE,,Boeing,N / A,,0,,,
286A8159-002,,AR,1,EA,GLIDE SCOPE CABLE,,Boeing,N / A,,0,,,
286A8489-014,,AR,1,EA,WIRE BUNDLE,,Boeing,N/A,,0,,,
2A7206B,,AR,1,EA,MACH TRIM ACTUATOR,,Boeing,B2328,,0,,,
2EN19-RB,,AR,1,EA,MICRO SWITCH,,Boeing,N/A.,,0,,,
2EN19-RB,,AR,1,EA,MICRO SWITCH,,Boeing,N/A,,0,,,
2S2072,,AR,1,EA,SWING CHECK VALVE,,Boeing,15481,,0,,,
2S2566,,AR,1,EA,CHECK VALVE,,Boeing,13086,,0,,,
3000-46-27,,AR,1,EA,SWITCH,,Boeing,9499,,0,,,
3000-46-27,,AR,1,EA,SWITCH,,Boeing,9221,,0,,,
3000-46-27,,AR,1,EA,SWITCH,,Boeing,9470,,0,,,
3000-46-27,,AR,1,EA,SWITCH,,Boeing,9498,,0,,,
30128-51,,AR,1,EA,FUEL QTY PROC. UNIT,,Boeing,243,,0,,,
30189-0301,,AR,1,EA,PROCESSOR-FUEL QUANTITY,,Boeing,231,,0,,,
5912869-2,,SV,1,EA,TORQUE TUBE,,Embraer,4368,,0,,,
30189-0301,,AR,1,EA,PROCESSOR-FUEL QUANTITY,,Boeing,224,,0,,,
30283-0101,,AR,1,EA,PROTECTOR UNIT,,Boeing,549,,0,,,
30283-0101,,AR,1,EA,PROTECTOR UNIT,,Boeing,384,,0,,,
5912949-3,,SV,1,EA,TORQUE TUBE,,Embraer,2966,,0,,,
30490,,AR,1,EA,ACTUATOR,,Boeing,N/A,,0,,,
30490,,AR,1,EA,ACTUATOR,,Boeing,A09AN6R,,0,,,
30490,,AR,1,EA,ACTUATOR,,Boeing,9070,,0,,,
30490,,AR,1,EA,ACTUATOR,,Boeing,N/A,,0,,,
30490,,AR,1,EA,ACTUATOR,,Boeing,N/A,,0,,,
30571004-501,,AR,1,EA,AUDIO REPRODUCER UNIT (SSARU),,Boeing,260085,,0,,,
30571004-501,,AR,1,EA,AUDIO REPRODUCER UNIT (SSARU),,Boeing,260003,,0,,,
313A2110-15,,AR,1,EA,PYLON ACCESS PANEL,,Boeing,N/A,,0,,,
313A2110-16,,AR,1,EA,PYLON ACCESS PANEL,,Boeing,N/A,,0,,,
313A2110-16,,AR,1,EA,PYLON ACCESS PANEL,,Boeing,54216001,,0,,,
314-2200-17,,AR,1,EA,FAN COWL ASSY RH ENG POSITION #1,,Boeing,8649001,,0,,,
315-2,,AR,1,EA,TRIP REMINDER/COUNTER,,Boeing,45,,0,,,
315-2,,AR,1,EA,TRIP REMINDER/COUNTER,,Boeing,P7266,,0,,,
315A2295-219,,AR,1,EA,THRUST REVERSER,,Boeing,2267,,0,,,
315A2295-220,,AR,1,EA,THRUST REVERSER,,Boeing,2258,,0,,,
315A2295-221,,AR,1,EA,THRUST REVERSER,,Boeing,2249,,0,,,
315A2295-222,,AR,1,EA,THRUST REVERSER,,Boeing,2241,,0,,,
315A2295-233,,AR,1,EA,THRUST REVERSER LH ENG POSITION #1,,Boeing,2795,,0,,,
315A2295-700,,AR,1,EA,THRUST REVERSER RH ENG POSITION #1,,Boeing,2183,,0,,,
316565,,AR,1,EA,PRESSURE RELIEF VALVE,,Boeing,12664G,,0,,,
5912949-8,,SV,1,EA,TORQUE TUBE,,Embraer,3255,,0,,,
316565,,AR,1,EA,PRESSURE RELIEF VALVE,,Boeing,12675G,,0,,,
316565,,AR,1,EA,PRESSURE RELIEF VALVE,,Boeing,12812G,,0,,,
316565,,AR,1,EA,PRESSURE RELIEF VALVE,,Boeing,12833G,,0,,,
3202096-2,,AR,1,EA,CHECK VALVE,,Boeing,8984,,0,,,
3202096-2,,AR,1,EA,CHECK VALVE,,Boeing,9116,,0,,,
321942-1-1,,AR,1,EA,S/O CONTROL VALVE,,Boeing,11384,,0,,,
33D01300-6,,AR,1,EA,WAVE GUIDE SWITCH,,Boeing,184,,0,,,
34265-8,,AR,1,EA,COCKPIT LIGHT,,Boeing,N/A,,0,,,
34265-8,,AR,1,EA,COCKPIT LIGHT,,Boeing,N7334,,0,,,
5913016-5,,SV,1,EA,POWER SUPPLY MODULE SPDA,,Embraer,242855-F0056,,0,,,
343A2151-1,,AR,1,EA,TUBE ASSY,,Boeing,N/A,,0,,,
343A2151-2,,AR,1,EA,TUBE ASSY,,Boeing,N/A,,0,,,
5913148-3,,SV,1,EA,TRU TRASFORMER RECTIFIER UNIT,,Embraer,240698-368,,0,,,
343A2161-13,,AR,1,EA,TUBE ASSY,,Boeing,N/A,,0,,,
343A2161-14,,AR,1,EA,TUBE ASSY,,Boeing,N/A,,0,,,
344A2104-1,,AR,1,EA,FUEL TUBE ASSY,,Boeing,N/A,,0,,,
344A2801-2,,AR,1,EA,REFUEL CONTROL PANEL,,Boeing,D02229,,0,,,
35200007-1A,,AR,1,EA,TEE CHECK VALVE,,Boeing,4009,,0,,,
3530-0305-01,,AR,1,EA,COFFEE POT,,Boeing,N/A,,0,,,
354A4000-12,,AR,1,EA,APU EXHAUST,,Boeing,454493,,0,,,
35594-4-255,,AR,1,EA,ELEMENT-SENSING,,Boeing,N / A,,0,,,
35594-4-255,,AR,1,EA,ELEMENT-SENSING,,Boeing,N / A,,0,,,
355A5340-2,,AR,1,EA,APU FIRE CONT. PANEL,,Boeing,N/A,,0,,,
355A5340-7,,AR,1,EA,"VALVE, 3 WAY",,Boeing,D02282,,0,,,
3669,,AR,1,EA,SMOKE DETECTOR PANEL,,Boeing,N/A,,0,,,
3810056-106,,AR,1,EA,MODULE ASSY VALVE MODULE THRUST,,Boeing,8727,,0,,,
3810056-106,,AR,1,EA,MODULE ASSY VALVE MODULE THRUST,,Boeing,8739,,0,,,
381200-1001,,AR,1,EA,P.C.U.,,Boeing,2931,,0,,,
5913840,,SV,1,EA,UNIT-FLAP/SLAT PSU POSITION SENSOR UNIT,,Embraer,A1794,,0,,,
381800-1005,,AR,1,EA,ACTUATOR L/E SLAT,,Boeing,21173,,0,,,
381800-1005,,AR,1,EA,ACTUATOR L/E SLAT,,Boeing,21182,,0,,,
381800-1005,,AR,1,EA,ACTUATOR L/E SLAT,,Boeing,21147,,0,,,
381800-1005,,AR,1,EA,ACTUATOR L/E SLAT,,Boeing,21155,,0,,,
381800-1005,,AR,1,EA,ACTUATOR L/E SLAT,,Boeing,21172,,0,,,
381800-1005,,AR,1,EA,ACTUATOR L/E SLAT,,Boeing,21149,,0,,,
381800-1005,,AR,1,EA,ACTUATOR L/E SLAT,,Boeing,21171,,0,,,
381800-1005,,AR,1,EA,ACTUATOR L/E SLAT,,Boeing,21180,,0,,,
381800-1005,,AR,1,EA,ACTUATOR L/E SLAT,,Boeing,20615,,0,,,
381800-1005,,AR,1,EA,ACTUATOR L/E SLAT,,Boeing,20603,,0,,,
381800-1005,,AR,1,EA,ACTUATOR L/E SLAT,,Boeing,20617,,0,,,
381800-1005,,AR,1,EA,ACTUATOR L/E SLAT,,Boeing,20588,,0,,,
381800-1005,,AR,1,EA,ACTUATOR L/E SLAT,,Boeing,20578,,0,,,
382000-1001,,AR,1,EA,ACTUATOR,,Boeing,8867,,0,,,
382000-1001,,AR,1,EA,ACTUATOR,,Boeing,9087,,0,,,
382000-1001,,AR,1,EA,ACTUATOR,,Boeing,9142,,0,,,
601E0100-539,,OH,1,EA,THRUST REVERSER LH ASSY-LH WING,,Embraer,MR-EL-0744,,0,,,
382000-1001,,AR,1,EA,ACTUATOR,,Boeing,9147,,0,,,
601E0100-540,,OH,1,EA,THRUST REVERSER RH ASSY-LH WING,,Embraer,MR-ER-0748,,0,,,
382000-1001,,AR,1,EA,ACTUATOR,,Boeing,9144,,0,,,
382000-1001,,AR,1,EA,ACTUATOR,,Boeing,8857,,0,,,
382000-1001,,AR,1,EA,ACTUATOR,,Boeing,8855,,0,,,
39-353,,AR,1,EA,ANTI-SKID VALVE,,Boeing,31526,,0,,,
602-3375,,SV,1,EA,DYNAMIC MICROPHONE,,Embraer,1010110,,0,,,
39-353,,AR,1,EA,ANTI-SKID VALVE,,Boeing,16228,,0,,,
39-353,,AR,1,EA,ANTI-SKID VALVE,,Boeing,32051,,0,,,
39-353,,AR,1,EA,ANTI-SKID VALVE,,Boeing,13262,,0,,,
39-353,,AR,1,EA,ANTI-SKID VALVE,,Boeing,32044,,0,,,
39-353,,AR,1,EA,ANTI-SKID VALVE,,Boeing,36409,,0,,,
39-353,,AR,1,EA,ANTI-SKID VALVE,,Boeing,31203,,0,,,
39-353,,AR,1,EA,ANTI-SKID VALVE,,Boeing,32020,,0,,,
39-353,,AR,1,EA,ANTI-SKID VALVE,,Boeing,16521,,0,,,
394100-1003,,AR,1,EA,VALVE-LE SHUTOFF,,Boeing,4581,,0,,,
394100-1003,,AR,1,EA,VALVE-LE SHUTOFF,,Boeing,4596,,0,,,
60-4983-3,,SV,1,EA,POWER SUPPLY,,Boeing,9410,,0,,,
60-5127-1,,SV,1,EA,POWER SUPPLY,,Embraer,1478,,0,,,
402-167,,AR,1,EA,"SWITCH, SPDT COAXIAL",,Boeing,16511,,0,,,
402-167,,AR,1,EA,"SWITCH, SPDT COAXIAL",,Boeing,15648,,0,,,
402-167,,AR,1,EA,"SWITCH, SPDT COAXIAL",,Boeing,15657,,0,,,
4041-18,,AR,1,EA,"BIN LIGHT 18""",,Boeing,40017,,0,,,
4041-18,,AR,1,EA,"BIN LIGHT 18""",,Boeing,40021,,0,,,
60-5174-1,,SV,1,EA,"POWER SUPPLY, DUAL STROBE",,Embraer,1603,,1,,,
4041-18,,AR,1,EA,"BIN LIGHT 18""",,Boeing,40012,,0,,,
4041-18,,AR,1,EA,"BIN LIGHT 18""",,Boeing,40013,,0,,,
4041-24,,AR,1,EA,LIGHT ASSY,,Boeing,40081,,0,,,
4041-24,,AR,1,EA,LIGHT ASSY,,Boeing,40084,,0,,,
4041-48,,AR,1,EA,"BIN LIGHT 48""",,Boeing,44204,,0,,,
607400-1-1,,SV,1,EA,TEMP SELECTOR,,Boeing,607400-08982,,0,,,
607400-1-1,,SV,1,EA,TEMP SELECTOR,,Boeing,607400-09000,,0,,,
4041-48,,AR,1,EA,"BIN LIGHT 48""",,Boeing,44194,,0,,,
607510-3,,SV,1,EA,35 DEGREE TEMP CONTROL,,Boeing,607510-11429,,0,,,
4041-70,,AR,1,EA,LIGHT ASSY,,Boeing,50477,,0,,,
4041-70,,AR,1,EA,LIGHT ASSY,,Boeing,50472,,0,,,
4041-70,,AR,1,EA,LIGHT ASSY,,Boeing,50467,,0,,,
607518-2,,SV,1,EA,RAM AIR CONTROL,,Boeing,607518-07999,,0,,,
4041-70,,AR,1,EA,LIGHT ASSY,,Boeing,50471,,0,,,
4082730-901,,AR,1,EA,"CONTROL PANEL, EFIS CDS",,Boeing,32291119,,0,,,
4082730-901,,AR,1,EA,"CONTROL PANEL, EFIS CDS",,Boeing,32294490,,0,,,
4086850-924,,AR,1,EA,DISPLAY UNIT-FLAT PANEL,,Boeing,32119566,,0,,,
4086850-924,,AR,1,EA,DISPLAY UNIT-FLAT PANEL,,Boeing,32129192,,0,,,
4101054,,AR,1,EA,FAN - EQUIP COOLING,,Boeing,12146,,0,,,
411A2810-4,,AR,1,EA,OVERWING EMER EXIT LIGHT ASSY,,Boeing,N/A,,0,,,
411A2810-4,,AR,1,EA,OVERWING EMER EXIT LIGHT ASSY,,Boeing,N/A,,0,,,
60-755100-5,,OH,1,EA,MOTOR-FUEL BOOST PUMP,,Boeing,20736218,,0,,,
60-755100-5,,OH,1,EA,MOTOR-FUEL BOOST PUMP,,Boeing,20736216,,0,,,
60-755100-5,,AI,1,EA,MOTOR-FUEL BOOST PUMP,,Boeing,20736221,,0,,,
411A2870-10,,AR,1,EA,OVERWING HATCH HEATER ASSY,,Boeing,N/A,,0,,,
411A2870-7,,AR,1,EA,OVERWING HATCH HEATER ASSY,,Boeing,N/A,,0,,,
411A2870-8,,AR,1,EA,OVERWING HATCH HEATER ASSY,,Boeing,N/A,,0,,,
411A2870-9,,AR,1,EA,OVERWING HATCH HEATER ASSY,,Boeing,N/A,,0,,,
411N1210-1115B,,AR,1,EA,SIDEWALL PANEL,,Boeing,N / A,,0,,,
411N1210-1116B,,AR,1,EA,SIDEWALL PANEL,,Boeing,N / A,,0,,,
411N1210-1117B,,AR,1,EA,SIDEWALL PANEL,,Boeing,N/A,,0,,,
411N1210-827C,,AR,1,EA,SIDEWALL PANEL,,Boeing,N / A,,0,,,
411N1210-829C,,AR,1,EA,SIDEWALL PANEL,,Boeing,N / A,,0,,,
4163DA,,AR,1,EA,L/E CONTROL VALVE,,Boeing,6793,,0,,,
417A2093-2,,AR,1,EA,MAST ASSY - DRAIN,,Boeing,N/A,,0,,,
417A6110-157L,,AR,1,EA,ATTENDANT PANEL ASSY,,Boeing,D04311,,0,,,
417A6110-157L,,AR,1,EA,ATTENDANT PANEL ASSY,,Boeing,D04491,,0,,,
417A6110-68L,,AR,1,EA,ATTENDANT PANEL ASSY,,Boeing,D04481,,0,,,
417N3026-4A,,AR,1,EA,PANEL ASSY,,Boeing,N/A,,0,,,
417N3045-13A,,AR,4,EA,PANEL ASSY,,Boeing,N / A,,0,,,
417N3045-13A,,AR,5,EA,PANEL ASSY,,Boeing,N / A,,0,,,
417N3045-13A,,AR,4,EA,PANEL ASSY,,Boeing,N / A,,0,,,
417N3045-14A,,AR,5,EA,PANEL ASSY,,Boeing,N / A,,0,,,
417N3045-14A,,AR,5,EA,PANEL ASSY,,Boeing,N / A,,0,,,
417N3045-17A,,AR,1,EA,PANEL ASSY,,Boeing,N / A,,0,,,
417N3045-18A,,AR,1,EA,PANEL ASSY,,Boeing,N / A,,0,,,
417N3045-20A,,AR,6,EA,PANEL ASSY,,Boeing,N / A,,0,,,
417N3045-20A,,AR,6,EA,PANEL ASSY,,Boeing,N / A,,0,,,
417N3045-20A,,AR,5,EA,PANEL ASSY,,Boeing,N / A,,0,,,
417N3045-20A,,AR,5,EA,PANEL ASSY,,Boeing,N / A,,0,,,
417N3045-20A,,AR,5,EA,PANEL ASSY,,Boeing,N / A,,0,,,
1551246,,SV,1,EA,FLOW REGULATOR VALVE,,Boeing,2735B,,0,,,
417N3045-20A,,AR,5,EA,PANEL ASSY,,Boeing,N / A,,0,,,
417N3045-20A,,AR,5,EA,PANEL ASSY,,Boeing,N / A,,0,,,
417N3045-20A,,AR,5,EA,PANEL ASSY,,Boeing,N / A,,0,,,
417N3045-22A,,AR,1,EA,PANEL ASSY,,Boeing,N / A,,0,,,
417N3045-23A,,AR,1,EA,PANEL ASSY,,Boeing,N / A,,0,,,
419300-1003,,AR,1,EA,PCU,,Boeing,419300-02187,,0,,,
42D8331,,AR,1,EA,AXE,,Boeing,N / A,,0,,,
622-5130-802,,SV,1,EA,WX RADAR CONTROL PANEL,,Boeing,16L5KP,,0,,,
622-5133-007,,SV,1,EA,WXR MOUNT,,Boeing,16GD43,,0,,,
622-5133-007,,SV,1,EA,WXR MOUNT,,Boeing,16GD44,,0,,,
622-5135-201,,SV,1,EA,ANTENNA DRIVE,,Airbus,4929,,0,,,
622-5136-802,,SV,1,EA,WX RADAR ANTENNA DRIVE,,Boeing,16GFCM,,0,,,
43885001,,AR,1,EA,OZONE CONVERTER,,Boeing,6867,,0,,,
43885001,,AR,1,EA,OZONE CONVERTER,,Boeing,6857,,0,,,
43885001,,AR,1,EA,OZONE CONVERTER,,Boeing,6837,,0,,,
4394916,,AR,1,EA,LIGHT ASSY,,Boeing,N/A,,0,,,
4394916,,AR,1,EA,LIGHT ASSY,,Boeing,N/A,,0,,,
4510-42UG-00,,AR,1,EA,COFFEE MAKER,,Boeing,244828623,,0,,,
4510-42UG-00,,AR,1,EA,COFFEE MAKER,,Boeing,379406403,,0,,,
453A2910-19,,AR,1,EA,WASTE DRAIN/ LOGIC CONT. PANEL,,Boeing,N/A,,0,,,
622-8973-001,,OH,1,EA,TCAS ANTENNA,,Boeing,2FG9D,,0,,,
622-8973-001,,OH,1,EA,TCAS ANTENNA,,Boeing,2FG9C,,0,,,
622-8973-001,,AI,1,EA,TCAS ANTENNA,,Boeing,2FK2K,,0,,,
4551,,AR,1,EA,"BULB, TAXI",,Boeing,N / A,,0,,,
1009379,,AR,1,EA,NIPPLE CHECK VALVE ASSY,,Boeing,N/A,,0,,,
1009379,,AR,1,EA,NIPPLE CHECK VALVE ASSY,,Boeing,N/A,,0,,,
473597-5,,AR,1,EA,SMOKE DETECTOR,,Boeing,34418,,0,,,
473597-5,,AR,1,EA,SMOKE DETECTOR,,Boeing,34195,,0,,,
473597-5,,AR,1,EA,SMOKE DETECTOR,,Boeing,34285,,0,,,
473925,,AR,1,EA,CARGO ELECTRONIC UNIT,,Boeing,9920,,0,,,
474080,,AR,1,EA,CARGO BAY EXTINGUISER MONITOR,,Boeing,147,,0,,,
474080,,AR,1,EA,CARGO BAY EXTINGUISER MONITOR,,Boeing,149,,0,,,
4E3206-13,,AR,1,EA,HEATER ASSY,,Boeing,2261,,0,,,
1153893,,AR,1,EA,SHUTTLE VALVE,,Boeing,12310,,0,,,
1153893,,AR,1,EA,SHUTTLE VALVE,,Boeing,12320,,0,,,
1153893,,AR,1,EA,SHUTTLE VALVE,,Boeing,12332,,0,,,
1153893,,AR,1,EA,SHUTTLE VALVE,,Boeing,12318,,0,,,
1153893,,AR,1,EA,SHUTTLE VALVE,,Boeing,11989,,0,,,
1154289,,AR,1,EA,"VALVE ASSY -  HYDRAULIC, SHUTTLE",,Boeing,3033,,0,,,
1184118,,AR,1,EA,COCKPIT LOUDSPEAKER,,Boeing,9013,,0,,,
548384-1,,AR,1,EA,SENSOR,,Boeing,548384-18217,,0,,,
1633732,,SV,1,EA,HYDRAULIC FLOW REGULATOR,,Boeing,4519,,0,,,
548384-1,,AR,1,EA,SENSOR,,Boeing,548384-18162,,0,,,
548384-1,,AR,1,EA,SENSOR,,Boeing,548384-18106,,0,,,
548384-1,,AR,1,EA,SENSOR,,Boeing,548384-18154,,0,,,
548388-1,,AR,1,EA,SENSOR,,Boeing,548388-17078,,0,,,
548388-1,,AR,1,EA,SENSOR,,Boeing,548388-17083,,0,,,
64050-866-1,,SV,1,EA,INDICATOR AIRSPEED,,Airbus,Q09745006073,,0,,,
575-206-222,,AR,1,EA,CABLE ASSY,,Boeing,N/A,,0,,,
575-206-222,,AR,1,EA,CABLE ASSY,,Boeing,N/A,,0,,,
601R120164-2,,AR,1,EA,LEADING EDGE,,Boeing,N/A,,0,,,
60-4983-3,,AR,1,EA,POWER SUPPLY,,Boeing,9475,,0,,,
60-4983-3,,AR,1,EA,POWER SUPPLY,,Boeing,9457,,0,,,
60-4983-3,,AR,1,EA,POWER SUPPLY,,Boeing,9822,,0,,,
60-4983-3,,AR,1,EA,POWER SUPPLY,,Boeing,9831,,0,,,
60-4983-3,,AR,1,EA,POWER SUPPLY,,Boeing,9816,,0,,,
60-4983-3,,AR,1,EA,POWER SUPPLY,,Boeing,9858,,0,,,
60-4983-3,,AR,1,EA,POWER SUPPLY,,Boeing,9462,,0,,,
606515-1,,AR,1,EA,"CHECK, VALVE",,Boeing,7794,,0,,,
606515-1,,AR,1,EA,"CHECK, VALVE",,Boeing,7955,,0,,,
607400-1-1,,AR,1,EA,TEMP SELECTOR,,Boeing,607400-09009,,0,,,
645172-2,,OH,1,EA,VACUUM WASTE BLOWER,,Boeing,645172-1269,,0,,,
64882-206-1,,SV,1,EA,INDICATOR-BRAKE PRESSURE,,Airbus,855,,0,,,
607400-1-1,,AR,1,EA,TEMP SELECTOR,,Boeing,039C-7196,,0,,,
65-16323-31,,OH,1,EA,WINDSHIELD ASSY L/H #3,,Boeing,00031 04-10,,0,,,
607510-3,,AR,1,EA,35 DEGREE TEMP CONTROL,,Boeing,607510-11421,,0,,,
65-16323-34,,AI,1,EA,WINDOW #3 FIXED,,Boeing,0006604-14,,0,,,
607518-2,,AR,1,EA,RAM AIR CONTROL,,Boeing,607518-08094,,0,,,
607518-2,,AR,1,EA,RAM AIR CONTROL,,Boeing,607518-08088,,0,,,
607518-2,,AR,1,EA,RAM AIR CONTROL,,Boeing,607518-08035,,0,,,
65-17821-21,,SV,1,EA,MODULAR PACKGE ASSY,,Boeing,A0031885,,0,,,
65-44681-18,,SV,1,EA,MODULAR ASSEMBLY,,Boeing,A0030753,,0,,,
60-75502,,AR,1,EA,HOUSING,,Boeing,20736182,,0,,,
60-75502,,AR,1,EA,HOUSING,,Boeing,20736189,,0,,,
60-75502,,AR,1,EA,HOUSING,,Boeing,90635165,,0,,,
60-75502,,AR,1,EA,HOUSING,,Boeing,100635502,,0,,,
60-75502,,AR,1,EA,HOUSING,,Boeing,100635504,,0,,,
60-75502,,AR,1,EA,HOUSING,,Boeing,20736196,,0,,,
65-44891-8,,SV,1,EA,MODULAR PACKAGE ASSY,,Boeing,A0020223,,0,,,
60-75502,,AR,1,EA,HOUSING,,Boeing,20736237,,0,,,
60-755100-5,,AR,1,EA,MOTOR-FUEL BOOST PUMP,,Boeing,100635452,,0,,,
60-98907,,AR,1,EA,MOTOR IMP. HOUSING,,Boeing,2076832,,0,,,
65-44981-6,,OH,1,EA,GRD SERV MODULAR PACKAGE,,Boeing,A0029054,,0,,,
60-98907,,AR,1,EA,MOTOR IMP. HOUSING,,Boeing,11066694,,0,,,
60-98907,,AR,1,EA,MOTOR IMP. HOUSING,,Boeing,11066698,,0,,,
60-98907,,AR,1,EA,MOTOR IMP. HOUSING,,Boeing,2076846,,0,,,
60-989100-5,,AR,1,EA,FUEL PUMP,,Boeing,110607364,,0,,,
60-989100-5,,AR,1,EA,FUEL PUMP,,Boeing,20707577,,0,,,
65-84209-21,,SV,1,EA,AUTO SPEED BRAKE CONTROL,,Boeing,D04387,,0,,,
1534325,,AR,1,EA,HYD FLUID LEVEL INDICATOR,,Boeing,N/A,,0,,,
1551246,,AR,1,EA,FLOW REGULATOR VALVE,,Boeing,2812B,,0,,,
617166-1,,AR,1,EA,SENSOR - RAM AIR,,Boeing,617166-15352,,0,,,
65C25465-23,,OH,1,EA,ELEV FEEL & CENTERING UNIT,,Boeing,3884,,0,,,
65C25465-23,,SV,1,EA,ELEV FEEL & CENTERING UNIT,,Boeing,3813,,0,,,
65C26864-3,,OH,1,EA,O/B GRD SPOILER ACTUATOR,,Boeing,EFS07903,,0,,,
617166-1,,AR,1,EA,SENSOR - RAM AIR,,Boeing,617166-15348,,0,,,
617166-1,,AR,1,EA,SENSOR - RAM AIR,,Boeing,617166-15432,,0,,,
617166-1,,AR,1,EA,SENSOR - RAM AIR,,Boeing,617166-15453,,0,,,
622-5130-802,,AR,1,EA,WX RADAR CONTROL PANEL,,Boeing,16G0X3,,0,,,
622-5137-601,,AR,1,EA,ANTENNA PLATE,,Boeing,2FHDD,,0,,,
627570-1,,AR,1,EA,TEMPERATURE SENSOR,,Boeing,627570-15705,,0,,,
664700500A4D,,SV,1,EA,LANDING GEAR CONTROL,,Airbus,4488,,0,,,
67262-001-003,,AI,1,EA,OVEN,,Airbus,16730,,0,,,
67262-001-003,,AI,1,EA,OVEN,,Airbus,00-11-0200,,0,,,
627570-1,,AR,1,EA,TEMPERATURE SENSOR,,Boeing,627570-15681,,0,,,
6730B01,,SV,1,EA,FAN AIR VALVE,,Airbus,1753,,0,,,
1633732,,AR,1,EA,HYDRAULIC FLOW REGULATOR,,Boeing,4524,,0,,,
1633763,,AR,1,EA,HYDRAULIC FLOW REGULATOR,,Boeing,2202,,0,,,
6730F010000,,SV,1,EA,VALVE FAN AIR,,Airbus,6730-05891,,0,,,
1633763,,AR,1,EA,HYDRAULIC FLOW REGULATOR,,Boeing,2274,,0,,,
65-16323-32,,AR,1,EA,WINDOW ASSY R/H #3,,Boeing,00032 03-09,,0,,,
65-17821-21,,AR,1,EA,MODULAR PACKGE ASSY,,Boeing,A0035051,,0,,,
6740E010000,,OH,1,EA,OVERPRESSURE VALVE,,Airbus,2509,,0,,,
65-17821-21,,AR,1,EA,MODULAR PACKGE ASSY,,Boeing,A0035324,,0,,,
65-17821-21,,AR,1,EA,MODULAR PACKGE ASSY,,Boeing,A0031646,,0,,,
65-44681-18,,AR,1,EA,MODULAR ASSEMBLY,,Boeing,A0035282,,0,,,
693335,,AI,1,EA,PUMP ELECTRIC,,Airbus,MX-532344,,0,,,
69-37307-300,,AI,1,EA,FIRE DETECTION MODULE,,Boeing,D05080,,0,,,
69-37317-300,,SV,1,EA,HYD PUMP MODULE(P5-8),,Boeing,D05033,,0,,,
65-44751-2,,AR,1,EA,LOCK ACTUATOR ASSY,,Boeing,EFS4569,,0,,,
69-37319-308,,SV,1,EA,AIR CONDITIONG MODULE,,Boeing,D05451,,0,,,
65-44751-2,,AR,1,EA,LOCK ACTUATOR ASSY,,Boeing,EFS4535,,0,,,
65-44751-2,,AR,1,EA,LOCK ACTUATOR ASSY,,Boeing,EFS4718,,0,,,
69-37334-12,,SV,1,EA,PANEL CABIN ALT RATE OF CLIMB MODULE,,Boeing,D04737,,0,,,
65-44751-2,,AR,1,EA,LOCK ACTUATOR ASSY,,Boeing,EFS4714,,0,,,
65-44891-8,,AR,1,EA,MODULAR PACKAGE ASSY,,Boeing,A0020251,,0,,,
65-44891-8,,AR,1,EA,MODULAR PACKAGE ASSY,,Boeing,A0033427,,0,,,
69-73703-13,,SV,1,EA,RUDDER TRIM MODULE,,Boeing,D04438,,0,,,
65-44891-8,,AR,1,EA,MODULAR PACKAGE ASSY,,Boeing,A0033450,,0,,,
65-44981-6,,AR,1,EA,GRD SERV MODULAR PACKAGE,,Boeing,A0029052,,0,,,
65-44981-6,,AR,1,EA,GRD SERV MODULAR PACKAGE,,Boeing,A0033021,,0,,,
65-44981-6,,AR,1,EA,GRD SERV MODULAR PACKAGE,,Boeing,A0030273,,0,,,
65-50939-89,,AR,1,EA,"DOOR ASSY-INLET,ENG AIR APU",,Boeing,665,,0,,,
65-84209-21,,AR,1,EA,AUTO SPEED BRAKE CONTROL,,Boeing,D04463,,0,,,
65C25410-7,,AR,1,EA,RUDDER CENTERING UNIT,,Boeing,N/A,,0,,,
65C25410-7,,AR,1,EA,RUDDER CENTERING UNIT,,Boeing,4318,,0,,,
65C26864-3,,AR,1,EA,O/B GRD SPOILER ACTUATOR,,Boeing,EFS08060,,0,,,
65C26864-3,,AR,1,EA,O/B GRD SPOILER ACTUATOR,,Boeing,EFS08059,,0,,,
65C33409-3,,AR,1,EA,DIMMING RELAY MODULE,,Boeing,D04850,,0,,,
65C33409-3,,AR,1,EA,DIMMING RELAY MODULE,,Boeing,D05101,,0,,,
67321-27-250,,AR,1,EA,SWTCH-TH,,Boeing,N/A,,0,,,
67321-27-250,,AR,1,EA,SWTCH-TH,,Boeing,N/A,,0,,,
67321-27-250,,AR,1,EA,SWTCH-TH,,Boeing,N/A,,0,,,
69-14106-7,,AR,1,EA,NLG HYD TRANSFER CYLINDER,,Boeing,5968,,0,,,
69-14106-7,,AR,1,EA,NLG HYD TRANSFER CYLINDER,,Boeing,5934,,0,,,
69-37317-300,,AR,1,EA,HYD PUMP MODULE(P5-8),,Boeing,D05129,,0,,,
69-37319-308,,AR,1,EA,AIR CONDITIONG MODULE,,Boeing,D05019,,0,,,
70-0466-1,,SV,1,EA,MULTI-CHANEL DIMMER UNIT,,Embraer,1058,,0,,,
69-37322-15,,AR,1,EA,OXYGEN SYSTEM MODULE,,Boeing,D04639,,0,,,
69-55179-78,,AR,1,EA,LIGHT DIMMING MODULE,,Boeing,D05112,,0,,,
69-55179-78,,AR,1,EA,LIGHT DIMMING MODULE,,Boeing,D04612,,0,,,
69-73703-13,,AR,1,EA,RUDDER TRIM MODULE,,Boeing,D04516,,0,,,
7021450-801,,SV,1,EA,WEATHER RADAR,,Embraer,6086558,,0,,,
7021450-801,,SV,1,EA,WEATHER RADAR,,Embraer,7037233,,0,,,
7021479-4,,SV,1,EA,"RADAR FLAT PLATE, 24-INCH",,Embraer,1863,,0,,,
69-76435-5,,AR,1,EA,FLOOD/PANEL LIGHTING MODULE,,Boeing,D03731,,0,,,
69-76435-5,,AR,1,EA,FLOOD/PANEL LIGHTING MODULE,,Boeing,D03753,,0,,,
69-78190-1,,AR,1,EA,VIDEO MONITOR ANNUNCIATOR,,Boeing,D00520,,0,,,
7024440-1903,,SV,1,EA,PWR902 POWER MODULE,,Embraer,1004I268,,0,,,
7024440-1903,,SV,1,EA,PWR902 POWER MODULE,,Embraer,1004I228,,0,,,
69-78190-1,,AR,1,EA,VIDEO MONITOR ANNUNCIATOR,,Boeing,D00530,,0,,,
700-2200-001,,AR,1,EA,VIDEO DIST UNIT,,Boeing,2BH7X,,0,,,
700-2200-001,,AR,1,EA,VIDEO DIST UNIT,,Boeing,2BH7Y,,0,,,
700-2200-001,,AR,1,EA,VIDEO DIST UNIT,,Boeing,2BH7W,,0,,,
700-2200-001,,AR,1,EA,VIDEO DIST UNIT,,Boeing,2BH8B,,0,,,
700-2200-001,,AR,1,EA,VIDEO DIST UNIT,,Boeing,2BH7V,,0,,,
700-2200-001,,AR,1,EA,VIDEO DIST UNIT,,Boeing,2BFKN,,0,,,
700-2200-001,,AR,1,EA,VIDEO DIST UNIT,,Boeing,1PXTH,,0,,,
700-2200-001,,AR,1,EA,VIDEO DIST UNIT,,Boeing,213LV,,0,,,
700-2200-001,,AR,1,EA,VIDEO DIST UNIT,,Boeing,3JXLT,,0,,,
7025050-941,,SV,1,EA,CC800 - CURSOR CONTROL DEVICE,,Embraer,1004E370,,0,,,
7025050-941,,AI,1,EA,CC800 - CURSOR CONTROL DEVICE,,Embraer,1003E365,,0,,,
700-2200-001,,AR,1,EA,VIDEO DIST UNIT,,Boeing,2BFKP,,0,,,
70-0366-11,,AR,1,EA,BALLAST,,Boeing,11789,,0,,,
71404-1,,AR,1,EA,DUAL BRAKE METERING VALVE,,Boeing,8123A,,0,,,
7025365-1901,,SV,1,EA,GENERIC I/O MODULE,,Embraer,10056682,,0,,,
71404-1,,AR,1,EA,DUAL BRAKE METERING VALVE,,Boeing,8127A,,0,,,
71404-1,,AR,1,EA,DUAL BRAKE METERING VALVE,,Boeing,7917A,,0,,,
71784,,AR,1,EA,VALVE-L/G TRANSFER,,Boeing,2283,,0,,,
7025725-932,,SV,1,EA,MULTI-PURPOSE CONTROL AND DISPLAY UNIT,,Embraer,4060714,,0,,,
7026201-801,,SV,1,EA,VHF DIGITAL RADIO,,Embraer,10047837,,0,,,
720710-00-04-06,,AR,1,EA,STEAM OVEN,,Boeing,1406,,0,,,
720710-00-04-06,,AR,1,EA,STEAM OVEN,,Boeing,1052,,0,,,
7026201-801,,SV,1,EA,VHF DIGITAL RADIO,,Embraer,9037301,,0,,,
7026201-804,,SV,1,EA,VHF DIGITAL RADIO FOR DATA MODE,,Embraer,10057863,,0,,,
720710-00-04-06,,AR,1,EA,STEAM OVEN,,Boeing,1253,,0,,,
720737-6,,AR,1,EA,CABIN PRESSURE RELIEF VALVE,,Boeing,2007020900,,0,,,
7026202-802,,SV,1,EA,VIDL MODULE,,Embraer,10045607,,0,,,
720737-6,,AR,1,EA,CABIN PRESSURE RELIEF VALVE,,Boeing,2008090667,,0,,,
743-0301-002,,AR,1,EA,AUDIO MULTIPLEXER,,Boeing,2GPMC,,0,,,
7026240-901,,SV,1,EA,MMRC,,Embraer,10034091,,0,,,
743-0301-002,,AR,1,EA,AUDIO MULTIPLEXER,,Boeing,2FCFN,,0,,,
7551901,,AR,1,EA,FILTER,,Boeing,11297,,0,,,
7026534-1902,,SV,1,EA,CONTROL I/O MODULE,,Embraer,10035726,,0,,,
7551901,,AR,1,EA,FILTER,,Boeing,11398,,0,,,
7579078,,AR,1,EA,HYDRAULIC LINE FILTER,,Boeing,22504,,0,,,
7579078,,AR,1,EA,HYDRAULIC LINE FILTER,,Boeing,22915,,0,,,
7579078,,AR,1,EA,HYDRAULIC LINE FILTER,,Boeing,22487,,0,,,
7579078,,AR,1,EA,HYDRAULIC LINE FILTER,,Boeing,22952,,0,,,
7579078,,AR,1,EA,HYDRAULIC LINE FILTER,,Boeing,22939,,0,,,
7579078,,AR,1,EA,HYDRAULIC LINE FILTER,,Boeing,22640,,0,,,
7583695-101,,AR,1,EA,FILTER - SYSTEM RETURN,,Boeing,6363,,0,,,
7583695-101,,AR,1,EA,FILTER - SYSTEM RETURN,,Boeing,6361,,0,,,
80-207-01,,AR,1,EA,SENSOR,,Boeing,248808-122254,,0,,,
80-207-01,,AR,1,EA,SENSOR,,Boeing,248808-122248,,0,,,
80-207-01,,AR,1,EA,SENSOR,,Boeing,248808-122245,,0,,,
80-207-01,,AR,1,EA,SENSOR,,Boeing,248808-122250,,0,,,
80-207-01,,AR,1,EA,SENSOR,,Boeing,248808-122281,,0,,,
80-207-01,,AR,1,EA,SENSOR,,Boeing,248808-122319,,0,,,
80-207-01,,AR,1,EA,SENSOR,,Boeing,248808-122278,,0,,,
80-207-01,,AR,1,EA,SENSOR,,Boeing,248808-122316,,0,,,
80-207-01,,AR,1,EA,SENSOR,,Boeing,248808-122259,,0,,,
80-207-01,,AR,1,EA,SENSOR,,Boeing,248808-122253,,0,,,
80-207-01,,AR,1,EA,SENSOR,,Boeing,248808-122277,,0,,,
80-207-01,,AR,1,EA,SENSOR,,Boeing,248808-122297,,0,,,
80-207-01,,AR,1,EA,SENSOR,,Boeing,248808-122296,,0,,,
80-207-01,,AR,1,EA,SENSOR,,Boeing,248808-122282,,0,,,
80-207-01,,AR,1,EA,SENSOR,,Boeing,248808-122295,,0,,,
80271005-502,,AR,1,EA,TEAC VIDEO,,Boeing,280081,,0,,,
80271005-502,,AR,1,EA,TEAC VIDEO,,Boeing,280134,,0,,,
7028272-1801,,SV,1,EA,"MODULE, ELECTRONIC",,Embraer,10044103,,0,,,
803163-13,,AR,1,EA,TRANSDUCER ASSY-CPLG,,Boeing,3735,,0,,,
80810-1,,AR,1,EA,"VALVE, FILL SELECTOR",,Boeing,3684,,0,,,
80810-1,,AR,1,EA,"VALVE, FILL SELECTOR",,Boeing,3809,,0,,,
81000-17502,,AR,1,EA,MAP LIGHT,,Boeing,N/A,,0,,,
81000-17502,,AR,1,EA,MAP LIGHT,,Boeing,N/A,,0,,,
81000-17502,,AR,1,EA,MAP LIGHT,,Boeing,N/A,,0,,,
2290438,,AR,1,EA,BALLAST UNIT,,Boeing,42816,,0,,,
822-0299-001,,AR,1,EA,ADF RECEIVER,,Boeing,156886,,0,,,
822-0299-001,,AR,1,EA,ADF RECEIVER,,Boeing,156409,,0,,,
7028419-1904,,SV,1,EA,EGPWM MODULE,,Embraer,10043637,,0,,,
822-0299-001,,AR,1,EA,ADF RECEIVER,,Boeing,156368,,0,,,
822-0329-001,,AR,1,EA,DME TRANSCEIVER,,Boeing,1R1WM,,0,,,
7028422-1902,,SV,1,EA,CUSTOM I/O MODULE,,Embraer,10101953,,0,,,
822-0329-001,,AR,1,EA,DME TRANSCEIVER,,Boeing,3R75X,,0,,,
822-0330-001,,AR,1,EA,HF TRANSCEIVER,,Boeing,661,,0,,,
822-1126-001,,AR,1,EA,HF COUPLER MOUNT,,Boeing,16L3DV,,0,,,
822-1152-003,,AR,1,EA,GLU-920 GLOBAL LANDING UNIT,,Boeing,16GDG8,,0,,,
822-1152-003,,AR,1,EA,GLU-920 GLOBAL LANDING UNIT,,Boeing,16NT6D,,0,,,
7028432-1902,,SV,1,EA,PM AIOP MODULE,,Embraer,1009C131,,0,,,
822-1152-003,,AR,1,EA,GLU-920 GLOBAL LANDING UNIT,,Boeing,16NT6C,,0,,,
822-2023-001,,AR,1,EA,SATELLITE DATA UNIT,,Boeing,146961,,0,,,
840002-074,,AR,1,EA,"FILTER, ACOUSTIC",,Boeing,9726,,0,,,
840002-074,,AR,1,EA,"FILTER, ACOUSTIC",,Boeing,9844,,0,,,
7028590-901,,SV,1,EA,GUIDANCE PANEL,,Embraer,8110798,,0,,,
840002-074,,AR,1,EA,"FILTER, ACOUSTIC",,Boeing,9868,,0,,,
8400K2,,AR,1,EA,VIDEO INTERFACE UNIT,,Boeing,8400K2-16,,0,,,
8400K2,,AR,1,EA,VIDEO INTERFACE UNIT,,Boeing,8400K2-15,,0,,,
8410B1-204-105,,AR,1,EA,DOOR CAMERA CDSS,,Boeing,8410B1-204-105-1057,,0,,,
8410B1-204-105,,AR,1,EA,DOOR CAMERA CDSS,,Boeing,8410B1-204-105-1067,,0,,,
8410B1-204-105,,AR,1,EA,DOOR CAMERA CDSS,,Boeing,8410B1-204-105-1029,,0,,,
8410B1-204-105,,AR,1,EA,DOOR CAMERA CDSS,,Boeing,8410B1-204-105-1157,,0,,,
7031051-903,,SV,1,EA,DATA MANAGEMENT UNIT,,Embraer,8031561,,0,,,
7034055-1901,,SV,1,EA,CMC MODULE,,Embraer,10011123,,0,,,
8410B1-204-105,,AR,1,EA,DOOR CAMERA CDSS,,Boeing,8410B1-204-105-1143,,0,,,
8-788-02,,AR,1,EA,PROXIMITY SENSOR,,Boeing,B20558,,0,,,
8-788-02,,AR,1,EA,PROXIMITY SENSOR,,Boeing,B20557,,0,,,
8-788-02,,AR,1,EA,PROXIMITY SENSOR,,Boeing,B20556,,0,,,
8-788-02,,AR,1,EA,PROXIMITY SENSOR,,Boeing,B20572,,0,,,
8-788-02,,AR,1,EA,PROXIMITY SENSOR,,Boeing,B20555,,0,,,
7034057-1902,,SV,1,EA,PM NIC+PROC MODULE WITH CF MEM,,Embraer,10113779,,0,,,
898052,,AR,1,EA,FIRE EXTINGUISHER,,Boeing,Y-77195,,0,,,
898052,,AR,1,EA,FIRE EXTINGUISHER,,Boeing,X-401848,,0,,,
898052,,AR,1,EA,FIRE EXTINGUISHER,,Boeing,Y-77196,,0,,,
898052,,AR,1,EA,FIRE EXTINGUISHER,,Boeing,X-401259,,0,,,
898052,,AR,1,EA,FIRE EXTINGUISHER,,Boeing,X-401009,,0,,,
898052,,AR,1,EA,FIRE EXTINGUISHER,,Boeing,X-401283,,0,,,
7036340-803,,SV,1,EA,DISPLAY UNIT,,Embraer,13041738,,0,,,
7037620-813,,SV,1,EA,DISPLAY UNIT,,Embraer,9047569,,0,,,
898052,,AR,1,EA,FIRE EXTINGUISHER,,Boeing,A93643402,,0,,,
7037620-813,,SV,1,EA,DISPLAY UNIT,,Embraer,10049740,,0,,,
899-156-612-1,,AR,1,EA,"SENSOR, WASTE TANK",,Boeing,DTK2918,,0,,,
899-156-612-1,,AR,1,EA,"SENSOR, WASTE TANK",,Boeing,DTK5098,,0,,,
8D111-7,,AR,1,EA,SUMP DRAIN FLAPPER,,Boeing,17919,,0,,,
8F111-101,,AR,1,EA,FLOAT OP. DRAIN VALVE,,Boeing,35444,,0,,,
8F111-101,,AR,1,EA,FLOAT OP. DRAIN VALVE,,Boeing,35443,,0,,,
7037620-813,,SV,1,EA,DISPLAY UNIT,,Embraer,16034244,,0,,,
8F111-101,,AR,1,EA,FLOAT OP. DRAIN VALVE,,Boeing,35439,,0,,,
8F111-101,,AR,1,EA,FLOAT OP. DRAIN VALVE,,Boeing,35461,,0,,,
8TJ143TAA1,,AR,1,EA,FUEL FLOAT SWITCH,,Boeing,MD015755,,0,,,
8TJ143TAA1,,AR,1,EA,FUEL FLOAT SWITCH,,Boeing,MD015509,,0,,,
8TJ143TAA1,,AR,1,EA,FUEL FLOAT SWITCH,,Boeing,MD015420,,0,,,
8TJ143TAA1,,AR,1,EA,FUEL FLOAT SWITCH,,Boeing,MD013863,,0,,,
8TJ143TAA1,,AR,1,EA,FUEL FLOAT SWITCH,,Boeing,20273U,,0,,,
8TJ143TAA1,,AR,1,EA,FUEL FLOAT SWITCH,,Boeing,MD014273,,0,,,
9000421-3,,AR,1,EA,FLAP SKEW SENSOR,,Boeing,735,,0,,,
9000421-3,,AR,1,EA,FLAP SKEW SENSOR,,Boeing,589,,0,,,
71404-1,,SV,1,EA,DUAL BRAKE METERING VALVE,,Boeing,7891A,,0,,,
716TS06Y,,SV,1,EA,TRANSMITTER UNIT,,Airbus,447,,0,,,
9000421-3,,AR,1,EA,FLAP SKEW SENSOR,,Boeing,591,,0,,,
9000421-3,,AR,1,EA,FLAP SKEW SENSOR,,Boeing,510,,0,,,
903-1341,,AR,1,EA,HAND MIC,,Boeing,N/A,,0,,,
903-1341,,AR,1,EA,HAND MIC,,Boeing,N/A.,,0,,,
720737-6,,SV,1,EA,CABIN PRESSURE RELIEF VALVE,,Boeing,2006050340,,0,,,
720737-6,,SV,1,EA,CABIN PRESSURE RELIEF VALVE,,Boeing,2006111565,,0,,,
903-1342,,AR,1,EA,MICROPHONE-HAND,,Boeing,N/A,,0,,,
903E,,AR,1,EA,HAND MIC,,Boeing,N/A,,0,,,
903E,,AR,1,EA,HAND MIC,,Boeing,N/A,,0,,,
903E,,AR,1,EA,HAND MIC,,Boeing,N/A,,0,,,
903E,,AR,1,EA,HAND MIC,,Boeing,N/A,,0,,,
90-900-1032,,AR,1,EA,GAUGE PRESSURE IND.,,Boeing,060202006-01-13,,0,,,
90-900-1032,,AR,1,EA,GAUGE PRESSURE IND.,,Boeing,130212005-01-68,,0,,,
925010-100,,AR,1,EA,DIU AIRSHOW 4200,,Boeing,G00569192,,0,,,
96043-01,,AR,1,EA,APU VIBRATION ISOLATOR,,Boeing,2407,,0,,,
96043-01,,AR,1,EA,APU VIBRATION ISOLATOR,,Boeing,2283,,0,,,
96043-02,,AR,1,EA,APU VIBRATION ISOLATOR,,Boeing,2240,,0,,,
96043-02,,AR,1,EA,APU VIBRATION ISOLATOR,,Boeing,2332,,0,,,
740120C,,SV,1,EA,GENERATOR CONTROL UNIT,,Airbus,7026,,0,,,
96043-03,,AR,1,EA,APU VIBRATION ISOLATOR,,Boeing,2371,,0,,,
964-0401-017,,AR,1,EA,AIRBORNE DATA LOADER,,Boeing,3673,,0,,,
9700G2ABF10A,,AR,1,EA,OXYGEN BOTTLE,,Boeing,ALT621-10309,,0,,,
9700G2ABF10A,,AR,1,EA,OXYGEN BOTTLE,,Boeing,ALT621-9786,,0,,,
9700G2ABF10A,,AR,1,EA,OXYGEN BOTTLE,,Boeing,ALT621-9780,,0,,,
9700G2ABF10A,,AR,1,EA,OXYGEN BOTTLE,,Boeing,ALT621-8253,,0,,,
9700G2ABF10A,,AR,1,EA,OXYGEN BOTTLE,,Boeing,ALT621-7027,,0,,,
9700G2ABF10A,,AR,1,EA,OXYGEN BOTTLE,,Boeing,ALT621-8261,,0,,,
9700G2ABF10A,,AR,1,EA,OXYGEN BOTTLE,,Boeing,ALT621-10021,,0,,,
9700G2ABF10A,,AR,1,EA,OXYGEN BOTTLE,,Boeing,ALT621-12061,,0,,,
9700G2ABF10A,,AR,1,EA,OXYGEN BOTTLE,,Boeing,ALT621-9785,,0,,,
9700G2ABF10A,,AR,1,EA,OXYGEN BOTTLE,,Boeing,ALT621-7177,,0,,,
9700G2ABF10A,,AR,1,EA,OXYGEN BOTTLE,,Boeing,ALT621-11424,,0,,,
9700G2ABF10A,,AR,1,EA,OXYGEN BOTTLE,,Boeing,ALT621-16687,,0,,,
745-1101-507,,OH,1,EA,NOZZLE ASSY COMMON,,Airbus,8929001,,0,,,
745-4000-501,,OH,1,EA,ENGINE FAN COWL - L/H,,Airbus,1172001,,0,,,
745-4000-501,,AI,1,EA,ENGINE FAN COWL - L/H,,Airbus,3354001,,0,,,
9700G2ABF10A,,AR,1,EA,OXYGEN BOTTLE,,Boeing,ALT621-17316,,0,,,
9700G2ABF10A,,AR,1,EA,OXYGEN BOTTLE,,Boeing,ALT621-19512,,0,,,
9700G2ABF10A,,AR,1,EA,OXYGEN BOTTLE,,Boeing,ALT621-11856,,0,,,
9700G2ABF10A,,AR,1,EA,OXYGEN BOTTLE,,Boeing,ALT621-7975,,0,,,
9700G2ABF10A,,AR,1,EA,OXYGEN BOTTLE,,Boeing,ALT621-14142,,0,,,
9700G2ABF10A,,AR,1,EA,OXYGEN BOTTLE,,Boeing,ALT621-9813,,0,,,
9700G2ABF10A,,AR,1,EA,OXYGEN BOTTLE,,Boeing,ALT621-12209,,0,,,
A300-8120-MO,,AR,1,EA,PRESSURE TRANSDUCER,,Boeing,685489,,0,,,
ACR/EM-1A,,AR,1,EA,MEGAPHONE PORTABLE SAFETY,,Boeing,11995,,0,,,
ACR/EM-1A,,AR,1,EA,MEGAPHONE PORTABLE SAFETY,,Boeing,16681,,0,,,
AV13J5144,,AR,1,EA,FUEL CONNECT/BYPASS VALVE,,Boeing,AA98426,,0,,,
B221200HK641,,AR,1,EA,COCKPIT DOOR,,Boeing,12,,0,,,
748A0000-08,,SV,1,EA,"VALVE, ANTI-ICING",,Airbus,0748A00L1004453,,0,,,
B221200HK641,,AR,1,EA,COCKPIT DOOR,,Boeing,11,,0,,,
B222401AN503,,AR,1,EA,COCKPIT DOOR JAMB,,Boeing,1100,,0,,,
B222401AN503,,AR,1,EA,COCKPIT DOOR JAMB,,Boeing,1053,,0,,,
7510114-855,,SV,1,EA,ADF MODULE,,Embraer,1004E487,,0,,,
C-07202-2,,AR,1,EA,COAXIAL CONTROL SHAKER,,Boeing,18900,,0,,,
C-07202-2,,AR,1,EA,COAXIAL CONTROL SHAKER,,Boeing,18849,,0,,,
7510184-855,,SV,1,EA,DME MODULE,,Embraer,0812E928,,0,,,
C-07202-2,,AR,1,EA,COAXIAL CONTROL SHAKER,,Boeing,19064,,0,,,
C-07202-2,,AR,1,EA,COAXIAL CONTROL SHAKER,,Boeing,19081,,0,,,
7510300-901,,SV,1,EA,ANTENNA ADF,,Embraer,0911G364,,0,,,
C-5L,,AR,1,EA,COMPASS - STANDBY,,Boeing,705900013,,0,,,
7511900-92502,,SV,1,EA,AUDIO CONTROL UNIT,,Embraer,9016422,,0,,,
C-5L,,AR,1,EA,COMPASS - STANDBY,,Boeing,634100003,,0,,,
7511900-92703,,SV,1,EA,DIGITAL AUDIO PANEL - AV900,,Embraer,10109931,,0,,,
7511900-92703,,SV,1,EA,DIGITAL AUDIO PANEL - AV900,,Embraer,10109954,,0,,,
CU09644003,,AR,1,EA,RESOLVER ASSY-AUTOTHROTTLE,,Boeing,5515,,0,,,
CU09644003,,AR,1,EA,RESOLVER ASSY-AUTOTHROTTLE,,Boeing,5691,,0,,,
7517400-950,,SV,1,EA,TRANSPONDER MODULE,,Embraer,0901F379,,0,,,
CU09644003,,AR,1,EA,RESOLVER ASSY-AUTOTHROTTLE,,Boeing,5693,,0,,,
7517401-960,,SV,1,EA,MODE S TRANSPONDER,,Embraer,0908F805,,0,,,
7517900-55020,,SV,1,EA,COMPUTER RT-951 TCAS 2000,,Embraer,20009905,,0,,,
CV02-55,,AR,1,EA,CHECK VALVE,,Boeing,07-012698,,0,,,
CV02-55,,AR,1,EA,CHECK VALVE,,Boeing,07-0126101,,0,,,
CV02-55,,AR,1,EA,CHECK VALVE,,Boeing,06-0926308,,0,,,
CV02-55,,AR,1,EA,CHECK VALVE,,Boeing,06-0926314,,0,,,
D434-56-001,,AR,1,EA,FLIGHT MODE ANNUNCIATOR,,Boeing,8031/02-2007,,0,,,
D717-02-001,,AR,1,EA,EMERGENCY POWER SUPPLY,,Boeing,30961,,0,,,
7517964-917,,SV,1,EA,NETWORK INTERFACE MODULE,,Embraer,10047086,,0,,,
D717-02-001,,AR,1,EA,EMERGENCY POWER SUPPLY,,Boeing,34970,,0,,,
D717-02-001,,AR,1,EA,EMERGENCY POWER SUPPLY,,Boeing,35799,,0,,,
7519272-901,,SV,1,EA,ACFT PERSONALITY MODULE,,Embraer,36068778,,0,,,
DM1601354-001,,AR,1,EA,ANTENNA - L BAND,,Boeing,60471,,0,,,
DM1601354-001,,AR,1,EA,ANTENNA - L BAND,,Boeing,45318,,0,,,
DM1601354-001,,AR,1,EA,ANTENNA - L BAND,,Boeing,45317,,0,,,
DM1601354-001,,AR,1,EA,ANTENNA - L BAND,,Boeing,66217,,0,,,
DM1601354-001,,AR,1,EA,ANTENNA - L BAND,,Boeing,45932,,0,,,
7552355,,SV,1,EA,"FILTER ASSY, HYDRAULIC UTILITY",,Boeing,5571,,0,,,
7552355,,SV,1,EA,"FILTER ASSY, HYDRAULIC UTILITY",,Boeing,5636,,0,,,
DM1601354-001,,AR,1,EA,ANTENNA - L BAND,,Boeing,41814,,0,,,
DM1601354-001,,AR,1,EA,ANTENNA - L BAND,,Boeing,45926,,0,,,
DMC50-17,,AR,1,EA,"ANTENNA, VHF",,Boeing,29966,,0,,,
DMC50-17,,AR,1,EA,"ANTENNA, VHF",,Boeing,29873,,0,,,
DMC50-17,,AR,1,EA,"ANTENNA, VHF",,Boeing,29941,,0,,,
DMC50-17,,AR,1,EA,"ANTENNA, VHF",,Boeing,42998,,0,,,
DMC50-17,,AR,1,EA,"ANTENNA, VHF",,Boeing,38971,,0,,,
DMC50-17,,AR,1,EA,"ANTENNA, VHF",,Boeing,36659,,0,,,
DMN27-2,,AR,1,EA,ANTENNA-MARKER,,Boeing,29022,,0,,,
DMN27-2,,AR,1,EA,ANTENNA-MARKER,,Boeing,28678,,0,,,
DMN4-26,,AR,1,EA,ANTENNA,,Boeing,6207,,0,,,
759C0000-02,,SV,1,EA,PACK CONTROLLER,,Airbus,1611,,0,,,
DMN4-26,,AR,1,EA,ANTENNA,,Boeing,6290,,0,,,
759D0000-02,,SV,1,EA,CONTROLLER PACK,,Airbus,1704,,0,,,
761A0000-04,,SV,1,EA,AIR INLET FLAP ACT,,Airbus,1129,,0,,,
761B0000-01,,SV,1,EA,AIR INLET ACTUATOR,,Airbus,4183,,0,,,
761B0000-01,,SV,1,EA,AIR INLET ACTUATOR,,Airbus,4843,,0,,,
DMNI50-2-6,,AR,1,EA,L-BAND ANTENNA,,Boeing,N/A,,0,,,
763A0000-03,,SV,1,EA,SENSOR-TEMPERATURE,,Airbus,27339,,0,,,
EM56-20-5,,AR,1,EA,HYDRAULIC SHUTOFF VALVE,,Boeing,07-022211,,0,,,
EM56-20-5,,AR,1,EA,HYDRAULIC SHUTOFF VALVE,,Boeing,07-0202201,,0,,,
FT1140,,AR,1,EA,TRANSFORMER,,Boeing,17445,,0,,,
FT1140,,AR,1,EA,TRANSFORMER,,Boeing,17128,,0,,,
FT1140,,AR,1,EA,TRANSFORMER,,Boeing,16842,,0,,,
FT1145,,AR,1,EA,AUTOTRANSFORMER,,Boeing,19547,,0,,,
FT1348,,AR,1,EA,AUTOTRANSFORMER,,Boeing,4840,,0,,,
FT1348,,AR,1,EA,AUTOTRANSFORMER,,Boeing,4846,,0,,,
FT1348,,AR,1,EA,AUTOTRANSFORMER,,Boeing,5184,,0,,,
FT1348,,AR,1,EA,AUTOTRANSFORMER,,Boeing,5186,,0,,,
G6986-01,,AR,1,EA,EVENT PRINT MODULE,,Boeing,249,,0,,,
G6986-01,,AR,1,EA,EVENT PRINT MODULE,,Boeing,246,,0,,,
G7116-01,,AR,1,EA,PANEL ASSY-CONTROL EMERGENCY,,Boeing,1530,,0,,,
G7235-02,,AR,1,EA,VIU CONT. PANEL,,Boeing,69,,0,,,
G7235-02,,AR,1,EA,VIU CONT. PANEL,,Boeing,88,,0,,,
G800100-3,,AR,1,EA,FIRE EXTINGUISHER,,Boeing,0017/037,,0,,,
G800100-3,,AR,1,EA,FIRE EXTINGUISHER,,Boeing,0016/033,,0,,,
G800100-3,,AR,1,EA,FIRE EXTINGUISHER,,Boeing,0017/010,,0,,,
G800100-3,,AR,1,EA,FIRE EXTINGUISHER,,Boeing,46,,0,,,
G800100-3,,AR,1,EA,FIRE EXTINGUISHER,,Boeing,58,,0,,,
G800100-3,,AR,1,EA,FIRE EXTINGUISHER,,Boeing,81,,0,,,
H504B,,AR,1,EA,POSITION TRANSMITTER,,Boeing,H2328,,0,,,
H504B,,AR,1,EA,POSITION TRANSMITTER,,Boeing,H2878,,0,,,
H504B,,AR,1,EA,POSITION TRANSMITTER,,Boeing,H1947,,0,,,
H504B,,AR,1,EA,POSITION TRANSMITTER,,Boeing,H2506,,0,,,
H504B,,AR,1,EA,POSITION TRANSMITTER,,Boeing,H2513,,0,,,
H504B,,AR,1,EA,POSITION TRANSMITTER,,Boeing,H2659,,0,,,
H504B,,AR,1,EA,POSITION TRANSMITTER,,Boeing,H2510,,0,,,
785-002-7,,SV,1,EA,BLEED MONITORING COMPUTER,,Airbus,785002IN3539,,0,,,
H504B,,AR,1,EA,POSITION TRANSMITTER,,Boeing,H0848,,0,,,
H504B,,AR,1,EA,POSITION TRANSMITTER,,Boeing,H0821,,0,,,
786A0000-12,,SV,1,EA,FLP/SLT PWR CONTROL UNIT,,Airbus,1688,,0,,,
H504B,,AR,1,EA,POSITION TRANSMITTER,,Boeing,H0964,,0,,,
H504B,,AR,1,EA,POSITION TRANSMITTER,,Boeing,G2178,,0,,,
H504B,,AR,1,EA,POSITION TRANSMITTER,,Boeing,G2101,,0,,,
H504B,,AR,1,EA,POSITION TRANSMITTER,,Boeing,G1955,,0,,,
H504B,,AR,1,EA,POSITION TRANSMITTER,,Boeing,BT8934T19,,0,,,
H505B,,AR,1,EA,TRANSMITTER ASSY-POSITION,,Boeing,H1109,,0,,,
H505B,,AR,1,EA,TRANSMITTER ASSY-POSITION,,Boeing,H1134,,0,,,
H505B,,AR,1,EA,TRANSMITTER ASSY-POSITION,,Boeing,G1130,,0,,,
H505B,,AR,1,EA,TRANSMITTER ASSY-POSITION,,Boeing,H2628,,0,,,
H505B,,AR,1,EA,TRANSMITTER ASSY-POSITION,,Boeing,H2702,,0,,,
H505B,,AR,1,EA,TRANSMITTER ASSY-POSITION,,Boeing,H2844,,0,,,
H505B,,AR,1,EA,TRANSMITTER ASSY-POSITION,,Boeing,H2835,,0,,,
H505B,,AR,1,EA,TRANSMITTER ASSY-POSITION,,Boeing,H2856,,0,,,
791A0000-06,,SV,1,EA,FLAP ACTUATOR,,Airbus,M741,,0,,,
791A0000-06,,AI,1,EA,FLAP ACTUATOR,,Airbus,L627,,0,,,
H505B,,AR,1,EA,TRANSMITTER ASSY-POSITION,,Boeing,H2615,,0,,,
H505B,,AR,1,EA,TRANSMITTER ASSY-POSITION,,Boeing,H2686,,0,,,
792-6140-001,,SV,1,EA,HF COUPLER UNIT,,Airbus,10495,,0,,,
H505B,,AR,1,EA,TRANSMITTER ASSY-POSITION,,Boeing,H2829,,0,,,
H505B,,AR,1,EA,TRANSMITTER ASSY-POSITION,,Boeing,H1018,,0,,,
H505B,,AR,1,EA,TRANSMITTER ASSY-POSITION,,Boeing,H1140,,0,,,
H505B,,AR,1,EA,TRANSMITTER ASSY-POSITION,,Boeing,H1006,,0,,,
H505B,,AR,1,EA,TRANSMITTER ASSY-POSITION,,Boeing,H2848,,0,,,
H505B,,AR,1,EA,TRANSMITTER ASSY-POSITION,,Boeing,H1124,,0,,,
HC083,,AR,1,EA,HEATER,,Boeing,R3578,,0,,,
796-809-6A,,SV,1,EA,CADENSICON,,Airbus,2803,,0,,,
NA138-714C,,AR,1,EA,SELCAL DECODER,,Boeing,10832,,0,,,
NH16031,,AR,1,EA,WIDEBAND TRANSFORMER,,Boeing,230,,0,,,
NH16031,,AR,1,EA,WIDEBAND TRANSFORMER,,Boeing,226,,0,,,
NH16031,,AR,1,EA,WIDEBAND TRANSFORMER,,Boeing,227,,0,,,
8000283Y00,,SV,1,EA,LIGHT TAKE OFF,,Airbus,887,,0,,,
NH16031,,AR,1,EA,WIDEBAND TRANSFORMER,,Boeing,272,,0,,,
80-003-06,,SV,1,EA,CARD-MAU PROXIMITY SENSOR ELECTRONIC MODULE (MAU 1,,Embraer,F1637,,0,,,
NH16031,,AR,1,EA,WIDEBAND TRANSFORMER,,Boeing,279,,0,,,
NH16031,,AR,1,EA,WIDEBAND TRANSFORMER,,Boeing,283,,0,,,
P2-07-0003-001,,AR,1,EA,FLASH LIGHT,,Boeing,N / A,,0,,,
P2-07-0003-001,,AR,1,EA,FLASH LIGHT,,Boeing,N / A,,0,,,
P2-07-0003-001,,AR,1,EA,FLASH LIGHT,,Boeing,N / A,,0,,,
P2-07-0003-001,,AR,1,EA,FLASH LIGHT,,Boeing,N / A,,0,,,
P2-07-0003-001,,AR,1,EA,FLASH LIGHT,,Boeing,N / A,,0,,,
P2-07-0003-001,,AR,1,EA,FLASH LIGHT,,Boeing,N / A,,0,,,
P2-07-0003-001,,AR,1,EA,FLASH LIGHT,,Boeing,N / A,,0,,,
P2-07-0003-001,,AR,1,EA,FLASH LIGHT,,Boeing,N / A,,0,,,
P2-07-0003-001,,AR,1,EA,FLASH LIGHT,,Boeing,N / A,,0,,,
P2-07-0003-001,,AR,1,EA,FLASH LIGHT,,Boeing,N / A,,0,,,
80-019-01,,SV,1,EA,"SENSOR, PROXIMITY",,Embraer,33487,,0,,,
P2-07-0003-001,,AR,1,EA,FLASH LIGHT,,Boeing,N / A,,0,,,
P2-07-0003-001,,AR,1,EA,FLASH LIGHT,,Boeing,N / A,,0,,,
P2-07-0004-101,,AR,1,EA,FLASHLIGHT BRACKET,,Boeing,N / A,,0,,,
P2-07-0004-101,,AR,1,EA,FLASHLIGHT BRACKET,,Boeing,N / A,,0,,,
P2-07-0004-101,,AR,1,EA,FLASHLIGHT BRACKET,,Boeing,N / A,,0,,,
P2-07-0004-101,,AR,1,EA,FLASHLIGHT BRACKET,,Boeing,N / A,,0,,,
P2-07-0004-101,,AR,1,EA,FLASHLIGHT BRACKET,,Boeing,N / A,,0,,,
P2-07-0004-101,,AR,1,EA,FLASHLIGHT BRACKET,,Boeing,N / A,,0,,,
P2-07-0004-101,,AR,1,EA,FLASHLIGHT BRACKET,,Boeing,N / A,,0,,,
P2-07-0004-101,,AR,1,EA,FLASHLIGHT BRACKET,,Boeing,N / A,,0,,,
P2-07-0004-101,,AR,1,EA,FLASHLIGHT BRACKET,,Boeing,N / A,,0,,,
P2-07-0004-101,,AR,1,EA,FLASHLIGHT BRACKET,,Boeing,N / A,,0,,,
P2-07-0004-101,,AR,1,EA,FLASHLIGHT BRACKET,,Boeing,N / A,,0,,,
P2-07-0004-101,,AR,1,EA,FLASHLIGHT BRACKET,,Boeing,N / A,,0,,,
PU90-499,,AR,1,EA,SMOKE DETECTOR ASSY,,Boeing,22851,,0,,,
RD-AX7360-02,,AR,1,EA,WALL MOUNT PRAM,,Boeing,D288087,,0,,,
RD-AX7360-02,,AR,1,EA,WALL MOUNT PRAM,,Boeing,D318768,,0,,,
RV05-362,,AR,1,EA,POT. WATER RELIEF VALVE,,Boeing,05-0210430,,0,,,
RV05-362,,AR,1,EA,POT. WATER RELIEF VALVE,,Boeing,06-0821358,,0,,,
S152-0020-00,,AR,1,EA,CVR CONTROL UNIT,,Boeing,443414,,0,,,
S41422,,AR,1,EA,GLIDESLOPE ANTENN/A,,Boeing,108-16047,,0,,,
S41422,,AR,1,EA,GLIDESLOPE ANTENN/A,,Boeing,108-16271,,0,,,
S67-2002-18,,AR,1,EA,ANTENNA RADIO ALTIMETER,,Boeing,548-63164,,0,,,
S67-2002-18,,AR,1,EA,ANTENNA RADIO ALTIMETER,,Boeing,548-51019,,0,,,
S67-2002-18,,AR,1,EA,ANTENNA RADIO ALTIMETER,,Boeing,548-61431,,0,,,
S67-2002-18,,AR,1,EA,ANTENNA RADIO ALTIMETER,,Boeing,548-61433,,0,,,
S67-2002-18,,AR,1,EA,ANTENNA RADIO ALTIMETER,,Boeing,548-57565,,0,,,
S67-2002-18,,AR,1,EA,ANTENNA RADIO ALTIMETER,,Boeing,548-57543,,0,,,
S67-2002-18,,AR,1,EA,ANTENNA RADIO ALTIMETER,,Boeing,548-70522,,0,,,
S67-2002-18,,AR,1,EA,ANTENNA RADIO ALTIMETER,,Boeing,548-63170,,0,,,
SEDL-OC9C,,AR,1,EA,DUAL DUCT PRESSURE INDICATOR,,Boeing,2929BA,,0,,,
U26B,,AR,1,EA,ACTUATOR,,Boeing,C4491,,0,,,
W92C,,AR,1,EA,RUDDER PEDAL ACTUATOR,,Boeing,D4438,,0,,,
WL501RC1,,AR,1,EA,INDICATOR CABIN RATE OF CLIMB,,Boeing,AU147/027,,0,,,
Z272H0000114,,AR,1,EA,MASTER CONT. UNIT,,Boeing,272H00001783,,0,,,
Z272H0000114,,AR,1,EA,MASTER CONT. UNIT,,Boeing,272H00001555,,0,,,
ZA3PD-2-12,,AR,1,EA,MINI CIRCUIT CONNECTOR,,Boeing,N / A,,0,,,
ZA3PD-2-12,,AR,1,EA,MINI CIRCUIT CONNECTOR,,Boeing,N / A,,0,,,
0050N1,,AR,1,EA,STICK SHAKER ACTUATOR,,Embraer,4014,,0,,,
0050N1,,AR,1,EA,STICK SHAKER ACTUATOR,,Embraer,3909,,0,,,
01-0770544-01,,AR,1,EA,"HORN ASSY, GROUND CREW CALL",,Embraer,12659,,0,,,
01-0770544-01,,AR,1,EA,"HORN ASSY, GROUND CREW CALL",,Embraer,15304,,0,,,
020-240-003,,AR,1,EA,FUEL QUANTITY PROBE (E175 TU5) (E190 TU6),,Embraer,1602,,0,,,
020-240-003,,AR,1,EA,FUEL QUANTITY PROBE (E175 TU5) (E190 TU6),,Embraer,1600,,0,,,
020-240-003,,AR,1,EA,FUEL QUANTITY PROBE (E175 TU5) (E190 TU6),,Embraer,1482,,0,,,
020-240-003,,AR,1,EA,FUEL QUANTITY PROBE (E175 TU5) (E190 TU6),,Embraer,1487,,0,,,
020-240-004,,AR,1,EA,FUEL QUANTITY PROBE (E175 TU6) (E190 TU8),,Embraer,1506,,0,,,
020-240-004,,AR,1,EA,FUEL QUANTITY PROBE (E175 TU6) (E190 TU8),,Embraer,1499,,0,,,
020-240-004,,AR,1,EA,FUEL QUANTITY PROBE (E175 TU6) (E190 TU8),,Embraer,1603,,0,,,
020-240-004,,AR,1,EA,FUEL QUANTITY PROBE (E175 TU6) (E190 TU8),,Embraer,1607,,0,,,
020-240-005,,AR,1,EA,FUEL QUANTITY PROBE (E175 TU7) (E190 TU9),,Embraer,1606,,0,,,
020-240-005,,AR,1,EA,FUEL QUANTITY PROBE (E175 TU7) (E190 TU9),,Embraer,1604,,0,,,
020-240-005,,AR,1,EA,FUEL QUANTITY PROBE (E175 TU7) (E190 TU9),,Embraer,1518,,0,,,
020-240-005,,AR,1,EA,FUEL QUANTITY PROBE (E175 TU7) (E190 TU9),,Embraer,1519,,0,,,
020-240-006,,AR,1,EA,FUEL QUANTITY PROBE (E175 TU8) (E190 TU10),,Embraer,1516,,0,,,
020-240-006,,AR,1,EA,FUEL QUANTITY PROBE (E175 TU8) (E190 TU10),,Embraer,1525,,0,,,
020-240-006,,AR,1,EA,FUEL QUANTITY PROBE (E175 TU8) (E190 TU10),,Embraer,1620,,0,,,
020-240-006,,AR,1,EA,FUEL QUANTITY PROBE (E175 TU8) (E190 TU10),,Embraer,1624,,0,,,
020-240-007,,AR,1,EA,FUEL QUANTITY PROBE (E175 TU10) (E190 TU11),,Embraer,1595,,0,,,
020-240-007,,AR,1,EA,FUEL QUANTITY PROBE (E175 TU10) (E190 TU11),,Embraer,1496,,0,,,
020-240-007,,AR,1,EA,FUEL QUANTITY PROBE (E175 TU10) (E190 TU11),,Embraer,1503,,0,,,
020-240-008,,AR,1,EA,"FUEL QUANTITY PROBE (E175 TU11) (E190 TU12,14&15)",,Embraer,3337,,0,,,
020-240-008,,AR,1,EA,"FUEL QUANTITY PROBE (E175 TU11) (E190 TU12,14&15)",,Embraer,3058,,0,,,
020-240-008,,AR,1,EA,"FUEL QUANTITY PROBE (E175 TU11) (E190 TU12,14&15)",,Embraer,3056,,0,,,
020-240-008,,AR,1,EA,"FUEL QUANTITY PROBE (E175 TU11) (E190 TU12,14&15)",,Embraer,3055,,0,,,
020-240-008,,AR,1,EA,"FUEL QUANTITY PROBE (E175 TU11) (E190 TU12,14&15)",,Embraer,3068,,0,,,
020-240-008,,AR,1,EA,"FUEL QUANTITY PROBE (E175 TU11) (E190 TU12,14&15)",,Embraer,3048,,0,,,
020-240-008,,AR,1,EA,"FUEL QUANTITY PROBE (E175 TU11) (E190 TU12,14&15)",,Embraer,3046,,0,,,
020-240-008,,AR,1,EA,"FUEL QUANTITY PROBE (E175 TU11) (E190 TU12,14&15)",,Embraer,3326,,0,,,
020-240-008,,AR,1,EA,"FUEL QUANTITY PROBE (E175 TU11) (E190 TU12,14&15)",,Embraer,3330,,0,,,
020-240-008,,AR,1,EA,"FUEL QUANTITY PROBE (E175 TU11) (E190 TU12,14&15)",,Embraer,3338,,0,,,
020-240-008,,AR,1,EA,"FUEL QUANTITY PROBE (E175 TU11) (E190 TU12,14&15)",,Embraer,3345,,0,,,
020-240-009,,AR,1,EA,FUEL QUANTITY PROBE (E175 TU12&13) (E190 TU16&17),,Embraer,3101,,0,,,
020-240-009,,AR,1,EA,FUEL QUANTITY PROBE (E175 TU12&13) (E190 TU16&17),,Embraer,3089,,0,,,
020-240-009,,AR,1,EA,FUEL QUANTITY PROBE (E175 TU12&13) (E190 TU16&17),,Embraer,3104,,0,,,
020-240-009,,AR,1,EA,FUEL QUANTITY PROBE (E175 TU12&13) (E190 TU16&17),,Embraer,3102,,0,,,
020-240-009,,AR,1,EA,FUEL QUANTITY PROBE (E175 TU12&13) (E190 TU16&17),,Embraer,2899,,0,,,
020-240-009,,AR,1,EA,FUEL QUANTITY PROBE (E175 TU12&13) (E190 TU16&17),,Embraer,2901,,0,,,
020-240-009,,AR,1,EA,FUEL QUANTITY PROBE (E175 TU12&13) (E190 TU16&17),,Embraer,2887,,0,,,
020-240-009,,AR,1,EA,FUEL QUANTITY PROBE (E175 TU12&13) (E190 TU16&17),,Embraer,2886,,0,,,
020-240-011,,AR,1,EA,FUEL QUANTITY PROBE (E175 TU4),,Embraer,942,,0,,,
020-240-011,,AR,1,EA,FUEL QUANTITY PROBE (E175 TU4),,Embraer,872,,0,,,
020-240-011,,AR,1,EA,FUEL QUANTITY PROBE (E175 TU4),,Embraer,865,,0,,,
020-240-011,,AR,1,EA,FUEL QUANTITY PROBE (E175 TU4),,Embraer,947,,0,,,
020-240-012,,AR,1,EA,PROBE-FUEL QUANTITY (E190 TU5),,Embraer,956,,0,,,
020-240-012,,AR,1,EA,PROBE-FUEL QUANTITY (E190 TU5),,Embraer,944,,0,,,
020-240-012,,AR,1,EA,PROBE-FUEL QUANTITY (E190 TU5),,Embraer,879,,0,,,
020-240-012,,AR,1,EA,PROBE-FUEL QUANTITY (E190 TU5),,Embraer,174,,0,,,
020-240-013,,AR,1,EA,PROBE-FUEL QUANTITY (E190 TU7),,Embraer,954,,0,,,
020-240-013,,AR,1,EA,PROBE-FUEL QUANTITY (E190 TU7),,Embraer,875,,0,,,
020-240-013,,AR,1,EA,PROBE-FUEL QUANTITY (E190 TU7),,Embraer,870,,0,,,
020-240-013,,AR,1,EA,PROBE-FUEL QUANTITY (E190 TU7),,Embraer,959,,0,,,
020-240-014,,AR,1,EA,FUEL QUANTITY PROBE (E175 TU2&3),,Embraer,1794,,0,,,
020-240-014,,AR,1,EA,FUEL QUANTITY PROBE (E175 TU2&3),,Embraer,1769,,0,,,
020-240-014,,AR,1,EA,FUEL QUANTITY PROBE (E175 TU2&3),,Embraer,1759,,0,,,
020-240-014,,AR,1,EA,FUEL QUANTITY PROBE (E175 TU2&3),,Embraer,1801,,0,,,
020-240-014,,AR,1,EA,FUEL QUANTITY PROBE (E175 TU2&3),,Embraer,1644,,0,,,
020-240-014,,AR,1,EA,FUEL QUANTITY PROBE (E175 TU2&3),,Embraer,1598,,0,,,
020-240-014,,AR,1,EA,FUEL QUANTITY PROBE (E175 TU2&3),,Embraer,1597,,0,,,
020-240-014,,AR,1,EA,FUEL QUANTITY PROBE (E175 TU2&3),,Embraer,1642,,0,,,
020-240-106,,AR,1,EA,FUEL QUANTITY PROBE (E175 TU9) (E190 TU13),,Embraer,1635,,0,,,
020-240-106,,AR,1,EA,FUEL QUANTITY PROBE (E175 TU9) (E190 TU13),,Embraer,1518,,0,,,
020-240-106,,AR,1,EA,FUEL QUANTITY PROBE (E175 TU9) (E190 TU13),,Embraer,1519,,0,,,
020-240-106,,AR,1,EA,FUEL QUANTITY PROBE (E175 TU9) (E190 TU13),,Embraer,1615,,0,,,
021-056-002,,AR,1,EA,PROBE-FUEL QUANTITY (E190 TU1/ CMP),,Embraer,964,,0,,,
021-056-002,,AR,1,EA,PROBE-FUEL QUANTITY (E190 TU1/ CMP),,Embraer,966,,0,,,
021-056-002,,AR,1,EA,PROBE-FUEL QUANTITY (E190 TU1/ CMP),,Embraer,865,,0,,,
021-056-002,,AR,1,EA,PROBE-FUEL QUANTITY (E190 TU1/ CMP),,Embraer,864,,0,,,
0218-0032-7,,AR,1,EA,VALVE,,Embraer,141272,,0,,,
0218-0032-7,,AR,1,EA,VALVE,,Embraer,126898,,0,,,
057-023-001,,AR,1,EA,FUEL LOW LEVEL SENSOR,,Embraer,1658,,0,,,
057-023-001,,AR,1,EA,FUEL LOW LEVEL SENSOR,,Embraer,1547,,0,,,
057-023-001,,AR,1,EA,FUEL LOW LEVEL SENSOR,,Embraer,1550,,0,,,
057-023-001,,AR,1,EA,FUEL LOW LEVEL SENSOR,,Embraer,1668,,0,,,
064-01072-0101,,AR,1,EA,HF POWER AMPLIFIER,,Embraer,KPA1052-4412,,0,,,
066-01153-4001,,AR,1,EA,RADAR ALTIMETER,,Embraer,KRA405B-9942,,0,,,
066-01153-4001,,AR,1,EA,RADAR ALTIMETER,,Embraer,KRA405B-9924,,0,,,
071-00097-0100,,AR,1,EA,WXR RADAR CONFIG MODULE,,Embraer,CM2000-23614,,0,,,
071-00097-0100,,AR,1,EA,WXR RADAR CONFIG MODULE,,Embraer,CM2000-23616,,0,,,
07594P000-01,,AR,1,EA,FLAP ACTUATOR OFF TRACK #4,,Embraer,1064,,0,,,
07594P000-01,,AR,1,EA,FLAP ACTUATOR OFF TRACK #4,,Embraer,1031,,0,,,
07594P000-01,,AR,1,EA,FLAP ACTUATOR OFF TRACK #4,,Embraer,1145,,0,,,
07594P000-01,,AR,1,EA,FLAP ACTUATOR OFF TRACK #4,,Embraer,1141,,0,,,
07595P000-01,,AR,1,EA,FLAP ACTUATOR OFF TRACK #4,,Embraer,1185,,0,,,
07595P000-01,,AR,1,EA,FLAP ACTUATOR OFF TRACK #4,,Embraer,1229,,0,,,
07595P000-01,,AR,1,EA,FLAP ACTUATOR OFF TRACK #4,,Embraer,1331,,0,,,
07595P000-01,,AR,1,EA,FLAP ACTUATOR OFF TRACK #4,,Embraer,1223,,0,,,
07595P000-01,,AR,1,EA,FLAP ACTUATOR OFF TRACK #4,,Embraer,1154,,0,,,
07595P000-01,,AR,1,EA,FLAP ACTUATOR OFF TRACK #4,,Embraer,1110,,0,,,
07595P000-01,,AR,1,EA,FLAP ACTUATOR OFF TRACK #4,,Embraer,1097,,0,,,
07595P000-01,,AR,1,EA,FLAP ACTUATOR OFF TRACK #4,,Embraer,1135,,0,,,
801A3500-01,,SV,1,EA,"JOINT ASSY, SLAT DRIVE",,Airbus,TP976H02,,0,,,
080-261-004,,AR,1,EA,HARNESS WING TANK FUEL GAUGING,,Embraer,3459,,0,,,
080-261-004,,AR,1,EA,HARNESS WING TANK FUEL GAUGING,,Embraer,3457,,0,,,
1000434-1,,AR,1,EA,WATER INJECTOR,,Embraer,4380,,0,,,
1000434-1,,AR,1,EA,WATER INJECTOR,,Embraer,5132,,0,,,
1000434-1,,AR,1,EA,WATER INJECTOR,,Embraer,5134,,0,,,
1000700-5,,AR,1,EA,ACM-AIR CYCLE MACHINE,,Embraer,2010090015,,0,,,
1000700-5,,AR,1,EA,ACM-AIR CYCLE MACHINE,,Embraer,2008030168,,0,,,
1001050-4-016,,AR,1,EA,AMS PROCESSOR,,Embraer,PR2010050023,,0,,,
1001050-4-016,,AR,1,EA,AMS PROCESSOR,,Embraer,PR2008085338,,0,,,
1001050-6-016,,AR,1,EA,AMS PROCESSOR,,Embraer,PR04119039,,0,,,
1001050-6-016,,AR,1,EA,AMS PROCESSOR,,Embraer,PR06084865,,0,,,
1001060-2,,AR,1,EA,CARD-AMS I/O,,Embraer,PR2008063162,,0,,,
1001060-4,,AR,1,EA,AMS I/O CARD,,Embraer,PR2010040016,,0,,,
1001060-4,,AR,1,EA,AMS I/O CARD,,Embraer,PR2010080017,,0,,,
1001060-4,,AR,1,EA,AMS I/O CARD,,Embraer,PR2010030021,,0,,,
1001060-4,,AR,1,EA,AMS I/O CARD,,Embraer,PR2010030022,,0,,,
1001060-4,,AR,1,EA,AMS I/O CARD,,Embraer,PR2010040032,,0,,,
1001060-4,,AR,1,EA,AMS I/O CARD,,Embraer,PR2010030020,,0,,,
1001060-4,,AR,1,EA,AMS I/O CARD,,Embraer,PR2010080026,,0,,,
1001070-2,,AR,1,EA,CARD-AMS MOTOR DRIVER,,Embraer,PR2008115405,,0,,,
1001070-4,,AR,1,EA,AMS CARD MOTOR DRIVER,,Embraer,PR2010080010,,0,,,
1001070-4,,AR,1,EA,AMS CARD MOTOR DRIVER,,Embraer,PR2010030046,,0,,,
1001248-2,,AR,1,EA,VALVE-CROSS BLEED ISOLATION CARGO,,Embraer,2009110297,,0,,,
1001249-2,,AR,1,EA,VALVE-WING ANTI ICE,,Embraer,2008070608,,0,,,
1001249-2,,AR,1,EA,VALVE-WING ANTI ICE,,Embraer,2010090639,,0,,,
1001249-2,,AR,1,EA,VALVE-WING ANTI ICE,,Embraer,2004111095,,0,,,
1001250-2,,AR,1,EA,VALVE-LOW LIMIT BYPASS,,Embraer,2008061542,,0,,,
1001250-3,,AR,1,EA,VALVE-LOW LIMIT BYPASS,,Embraer,2010100296,,0,,,
1001251-1,,AR,1,EA,VALVE-RAM AIR DOOR,,Embraer,10116127,,0,,,
1001251-1,,AR,1,EA,VALVE-RAM AIR DOOR,,Embraer,8116124,,0,,,
1001252-2,,AR,1,EA,CHECK VALVE-CONDITIONED AIR,,Embraer,2012040044,,0,,,
1001252-2,,AR,1,EA,CHECK VALVE-CONDITIONED AIR,,Embraer,2012030057,,0,,,
1001252-2,,AR,1,EA,CHECK VALVE-CONDITIONED AIR,,Embraer,2011061887,,0,,,
1001252-2,,AR,1,EA,CHECK VALVE-CONDITIONED AIR,,Embraer,2011061885,,0,,,
1001451-2,,AR,1,EA,GROUND BLEED AIR COUPLING,,Embraer,10080807,,0,,,
1001452-4,,AR,1,EA,CHECK VALVE-EMERGENCY RAM AIR,,Embraer,10082758,,0,,,
1001452-4,,AR,1,EA,CHECK VALVE-EMERGENCY RAM AIR,,Embraer,10082747,,0,,,
1001452-4,,AR,1,EA,CHECK VALVE-EMERGENCY RAM AIR,,Embraer,10082753,,0,,,
1001452-4,,AR,1,EA,CHECK VALVE-EMERGENCY RAM AIR,,Embraer,10032610,,0,,,
1001452-4,,AR,1,EA,CHECK VALVE-EMERGENCY RAM AIR,,Embraer,10032602,,0,,,
1001452-4,,AR,1,EA,CHECK VALVE-EMERGENCY RAM AIR,,Embraer,10032600,,0,,,
1001454-1,,AR,1,EA,CHECK VALVE-CARGO COMPARTMENT,,Embraer,10060629,,0,,,
1001454-1,,AR,1,EA,CHECK VALVE-CARGO COMPARTMENT,,Embraer,10030610,,0,,,
1001456-6,,AR,1,EA,VALVE-FLOW CONTROL,,Embraer,2010100210,,0,,,
1001456-6,,AR,1,EA,VALVE-FLOW CONTROL,,Embraer,2010080019,,0,,,
1001456-6,,AR,1,EA,VALVE-FLOW CONTROL,,Embraer,200404039,,0,,,
1001497-2,,AR,1,EA,VALVE-SHUTOFF,,Embraer,2010090142,,0,,,
1001497-2,,AR,1,EA,VALVE-SHUTOFF,,Embraer,2008051390,,0,,,
1002391-1,,AR,1,EA,"SENSOR, PRESSURE",,Embraer,D10071850-200,,0,,,
1002391-1,,AR,1,EA,"SENSOR, PRESSURE",,Embraer,D11052115,,0,,,
1002391-1,,AR,1,EA,"SENSOR, PRESSURE",,Embraer,D11112334,,0,,,
100-2676-105-03,,AR,1,EA,CAMERA SURVEILLANCE,,Embraer,1020057,,0,,,
100-2676-105-03,,AR,1,EA,CAMERA SURVEILLANCE,,Embraer,1020055,,0,,,
100-2676-105-03,,AR,1,EA,CAMERA SURVEILLANCE,,Embraer,1020054,,0,,,
100-2676-105-03,,AR,1,EA,CAMERA SURVEILLANCE,,Embraer,916742,,0,,,
100-2676-105-03,,AR,1,EA,CAMERA SURVEILLANCE,,Embraer,1018704,,0,,,
1002751-1,,AR,1,EA,Y DUCT PIPE,,Embraer,N/A,,0,,,
1002752-1,,AR,1,EA,HIGH TEMP PIPE,,Embraer,N/A,,0,,,
1002753-1,,AR,1,EA,HIGH TEMP PIPE,,Embraer,N/A,,0,,,
1002793-2,,AR,1,EA,PRECOOLER-BLEED AIR E190,,Embraer,2010091188,,0,,,
1002793-2,,AR,1,EA,PRECOOLER-BLEED AIR E190,,Embraer,2010091268,,0,,,
1002793-2,,AR,1,EA,PRECOOLER-BLEED AIR E190,,Embraer,2010040916,,0,,,
1003520-1,,AR,1,EA,WATER COLLECTOR,,Embraer,2010080028,,0,,,
1003520-1,,AR,1,EA,WATER COLLECTOR,,Embraer,2010090026,,0,,,
1003520-1,,AR,1,EA,WATER COLLECTOR,,Embraer,2008051824,,0,,,
1003520-1,,AR,1,EA,WATER COLLECTOR,,Embraer,2008080037,,0,,,
1007086-5,,AR,1,EA,VALVE-ENGINE FAN AIR,,Embraer,2008061561,,0,,,
1007086-5,,AR,1,EA,VALVE-ENGINE FAN AIR,,Embraer,2009031315,,0,,,
1007086-5,,AR,1,EA,VALVE-ENGINE FAN AIR,,Embraer,2012030032,,0,,,
1007086-5,,AR,1,EA,VALVE-ENGINE FAN AIR,,Embraer,2008090462,,0,,,
1012191-1,,AR,1,EA,HPSOV PRESSURE SWITCH,,Embraer,7567-11-866,,0,,,
1012191-1,,AR,1,EA,HPSOV PRESSURE SWITCH,,Embraer,7533-5-208,,0,,,
1012191-1,,AR,1,EA,HPSOV PRESSURE SWITCH,,Embraer,7533-5-207,,0,,,
1012191-1,,AR,1,EA,HPSOV PRESSURE SWITCH,,Embraer,7567-11-861,,0,,,
103-00163,,AR,1,EA,TEMPERATURE SENSOR,,Embraer,8218,,0,,,
110-337-01,,AR,1,EA,"ANTENNA,ELT ANTENNA WITH ELASTOMERE",,Embraer,280407,,0,,,
110-337-01,,AR,1,EA,"ANTENNA,ELT ANTENNA WITH ELASTOMERE",,Embraer,262650,,0,,,
1187A6-23,,AR,1,EA,BOX-CREW OXYGEN MASK STOWAGE,,Embraer,747,,0,,,
1191-8,,AR,1,EA,AC IN-SEAT POWER SUPPLY,,Embraer,52174,,0,,,
1191-8,,AR,1,EA,AC IN-SEAT POWER SUPPLY,,Embraer,52179,,0,,,
1191-8,,AR,1,EA,AC IN-SEAT POWER SUPPLY,,Embraer,58073,,0,,,
1191-8,,AR,1,EA,AC IN-SEAT POWER SUPPLY,,Embraer,58164,,0,,,
12507G-31,,AR,1,EA,HEADSET,,Embraer,N / A,,0,,,
12507G-31,,AR,1,EA,HEADSET,,Embraer,N / A,,0,,,
12507G-31,,AR,1,EA,HEADSET,,Embraer,N / A,,0,,,
140-265,,AR,1,EA,TRANSDUCER-WHEEL SPEED,,Embraer,2980,,0,,,
140-265,,AR,1,EA,TRANSDUCER-WHEEL SPEED,,Embraer,2181,,0,,,
140-265,,AR,1,EA,TRANSDUCER-WHEEL SPEED,,Embraer,2981,,0,,,
140-265,,AR,1,EA,TRANSDUCER-WHEEL SPEED,,Embraer,2990,,0,,,
140-265,,AR,1,EA,TRANSDUCER-WHEEL SPEED,,Embraer,3186,,0,,,
140-265,,AR,1,EA,TRANSDUCER-WHEEL SPEED,,Embraer,3185,,0,,,
140-265,,AR,1,EA,TRANSDUCER-WHEEL SPEED,,Embraer,3180,,0,,,
140-265,,AR,1,EA,TRANSDUCER-WHEEL SPEED,,Embraer,3181,,0,,,
140-29120,,AR,1,EA,HUBCAP ASSEMBLY,,Embraer,N/A,,0,,,
140-29120,,AR,1,EA,HUBCAP ASSEMBLY,,Embraer,N/A,,0,,,
140-29120,,AR,1,EA,HUBCAP ASSEMBLY,,Embraer,N/A,,0,,,
140-29120,,AR,1,EA,HUBCAP ASSEMBLY,,Embraer,N/A,,0,,,
140-29120,,AR,1,EA,HUBCAP ASSEMBLY,,Embraer,NSN,,0,,,
140-29120,,AR,1,EA,HUBCAP ASSEMBLY,,Embraer,NSN,,0,,,
140-29120,,AR,1,EA,HUBCAP ASSEMBLY,,Embraer,NSN,,0,,,
140-29120,,AR,1,EA,HUBCAP ASSEMBLY,,Embraer,NSN,,0,,,
15-0808-1,,AR,1,EA,FLIGHT CREW READING,,Embraer,1656109,,0,,,
15-0808-1,,AR,1,EA,FLIGHT CREW READING,,Embraer,1656105,,0,,,
15-0808-1,,AR,1,EA,FLIGHT CREW READING,,Embraer,1656099,,0,,,
15-0810-5,,AR,1,EA,"LIGHT , FLOOD/STORM",,Embraer,1518,,0,,,
15-0810-5,,AR,1,EA,"LIGHT , FLOOD/STORM",,Embraer,1635,,0,,,
15-0810-5,,AR,1,EA,"LIGHT , FLOOD/STORM",,Embraer,1641,,0,,,
15-0827-1,,AR,1,EA,LIGHT-CARGO SERVICE,,Embraer,N/A,,0,,,
158510-EMB-002,,AR,1,EA,QUICK DISCONNECT,,Embraer,971,,0,,,
158510-EMB-002,,AR,1,EA,QUICK DISCONNECT,,Embraer,974,,0,,,
158510-EMB-002,,AR,1,EA,QUICK DISCONNECT,,Embraer,1036,,0,,,
158520-EMB-002,,AR,1,EA,QUICK DISCONNECT,,Embraer,949,,0,,,
158520-EMB-002,,AR,1,EA,QUICK DISCONNECT,,Embraer,952,,0,,,
1610403,,AR,1,EA,SUN VISOR,,Embraer,N / A,,0,,,
1610403,,AR,1,EA,SUN VISOR,,Embraer,N / A,,0,,,
16-21B,,AR,1,EA,AERIAL-2RF3,,Embraer,50614,,0,,,
16-21B,,AR,1,EA,AERIAL-2RF3,,Embraer,25055,,0,,,
16-21B,,AR,1,EA,AERIAL-2RF3,,Embraer,25348,,0,,,
16-21B,,AR,1,EA,AERIAL-2RF3,,Embraer,25349,,0,,,
16301-01,,AR,1,EA,CVR AREA MICROPHONE,,Embraer,3444,,0,,,
170-00618-403,,AR,1,EA,MODULE ASSY,,Embraer,644312,,0,,,
170-00624-409,,AR,1,EA,FIRE EXTINGUISH  OVERHEAD PANEL,,Embraer,643987,,0,,,
170-00625-413,,AR,1,EA,APU CONTROL OVERHEAD PANEL,,Embraer,645227,,0,,,
170-00626-407,,AR,1,EA,PANEL-POWER PLANT CONTROL,,Embraer,646364,,0,,,
170-00627-401,,AR,1,EA,TAKE OFF CONFIG PANEL,,Embraer,644314,,0,,,
170-00628-409,,AR,1,EA,PANEL-FLIGHT CONTROL PEDESTAL MODULE,,Embraer,644318,,0,,,
170-00629-403,,AR,1,EA,MODULE ASSY,,Embraer,645189,,0,,,
170-00633-417,,AR,1,EA,ICE PROTECTION OVER HEAD PANEL,,Embraer,644004,,0,,,
170-00634-409,,AR,1,EA,AC/PNUEMATIC CONTROL PANEL,,Embraer,645243,,0,,,
1700064F,,AR,1,EA,COMPUTER-SF ACE SLAT/FLAP ACTUATOR CONTROL UNIT,,Embraer,1612,,0,,,
1700064F,,AR,1,EA,COMPUTER-SF ACE SLAT/FLAP ACTUATOR CONTROL UNIT,,Embraer,1258,,0,,,
170-00665-413,,AR,1,EA,ACCESS DOOR,,Embraer,548152,,0,,,
170-00665-413,,AR,1,EA,ACCESS DOOR,,Embraer,635530,,0,,,
170-00675-407,,AR,1,EA,PANEL-LIGHT CONTROL RH,,Embraer,51560,,0,,,
170-00676-407,,AR,1,EA,PANEL-LIGHT CONTROL LH,,Embraer,644008,,0,,,
170-00677-403,,AR,1,EA,PANEL-DISPLAY REVERSIONARY CONTROL,,Embraer,551083,,0,,,
170-00677-403,,AR,1,EA,PANEL-DISPLAY REVERSIONARY CONTROL,,Embraer,643993,,0,,,
170-00677-403,,AR,1,EA,PANEL-DISPLAY REVERSIONARY CONTROL,,Embraer,643994,,0,,,
170-00678-405,,AR,1,EA,CPCS OVERHEAD PANEL MODULE,,Embraer,643034,,0,,,
170-00679-405,,AR,1,EA,PANEL-TRIM CONTROL PEDESTAL MODULE,,Embraer,642809,,0,,,
803163-13,,OH,1,EA,TRANSDUCER ASSY-CPLG,,Boeing,7269,,0,,,
170-00681-419,,AR,1,EA,STRUCTURE ASSY,,Embraer,640950,,0,,,
170-00681-420,,AR,1,EA,STRUCTURE ASSY,,Embraer,640876,,0,,,
170-01954-409,,AR,1,EA,ACCESS DOOR,,Embraer,SA9406,,0,,,
170-01954-409,,AR,1,EA,ACCESS DOOR,,Embraer,SA1313,,0,,,
170-05034-403,,AR,1,EA,PANEL OBSERVER JACKS,,Embraer,644300,,0,,,
1700591A,,AR,1,EA,FLAP/SLAT PDU POWER  DRIVE UNIT,,Embraer,3339,,0,,,
1700591A,,AR,1,EA,FLAP/SLAT PDU POWER  DRIVE UNIT,,Embraer,3343,,0,,,
1700591A,,AR,1,EA,FLAP/SLAT PDU POWER  DRIVE UNIT,,Embraer,3435,,0,,,
1700595,,AR,1,EA,SEALED BEARING SUPPORT,,Embraer,4262,,0,,,
1700595,,AR,1,EA,SEALED BEARING SUPPORT,,Embraer,4263,,0,,,
810352-6,,SV,1,EA,"SENSOR, PRESSURE - DIFFERENTIAL",,Embraer,7783-1-119,,0,,,
1700595,,AR,1,EA,SEALED BEARING SUPPORT,,Embraer,3938,,0,,,
1700595,,AR,1,EA,SEALED BEARING SUPPORT,,Embraer,3941,,0,,,
815289-2,,SV,1,EA,"SENSOR, TEMP",,Embraer,8770,,0,,,
815289-2,,AI,1,EA,"SENSOR, TEMP",,Embraer,11799,,0,,,
170-05955-401,,AR,1,EA,GROUND PROXIMITY GLIDE SLOPE INHIBIT/LANDING GEAR,,Embraer,644014,,0,,,
170-05961-411,,AR,1,EA,MODULE ASSY,,Embraer,643801,,0,,,
170-06346-403,,AR,1,EA,GROUND PROXIMITY TERRAIN INHIBIT/EMERGENCY PARK BR,,Embraer,644009,,0,,,
1700637,,AR,1,EA,FLAP ANGLE GEARBOX (141),,Embraer,4190,,0,,,
1700637,,AR,1,EA,FLAP ANGLE GEARBOX (141),,Embraer,4869,,0,,,
1700637,,AR,1,EA,FLAP ANGLE GEARBOX (141),,Embraer,4867,,0,,,
1700639,,AR,1,EA,FLAP ANGLE GEARBOX (161),,Embraer,3901,,0,,,
1700639,,AR,1,EA,FLAP ANGLE GEARBOX (161),,Embraer,4277,,0,,,
1700639,,AR,1,EA,FLAP ANGLE GEARBOX (161),,Embraer,4271,,0,,,
816656-3,,SV,1,EA,SENSOR TEMPERATURE,,Embraer,8322,,0,,,
1700641,,AR,1,EA,BEARING SUPPORT,,Embraer,4562,,0,,,
1700641,,AR,1,EA,BEARING SUPPORT,,Embraer,4892,,0,,,
1700641,,AR,1,EA,BEARING SUPPORT,,Embraer,4881,,0,,,
1700641,,AR,1,EA,BEARING SUPPORT,,Embraer,4556,,0,,,
1700641,,AR,1,EA,BEARING SUPPORT,,Embraer,4555,,0,,,
1700641,,AR,1,EA,BEARING SUPPORT,,Embraer,4894,,0,,,
1700641,,AR,1,EA,BEARING SUPPORT,,Embraer,4902,,0,,,
170-08801-403,,AR,1,EA,MANIFOLD ASSY,,Embraer,N / A,,0,,,
170-08801-403,,AR,1,EA,MANIFOLD ASSY,,Embraer,N / A,,0,,,
170-08801-403,,AR,1,EA,MANIFOLD ASSY,,Embraer,N / A,,0,,,
2295186,,SV,1,EA,ELECTRONIC BALLAST,,Boeing,201377,,0,,,
2295186,,SV,1,EA,ELECTRONIC BALLAST,,Boeing,201297,,0,,,
170-08801-403,,AR,1,EA,MANIFOLD ASSY,,Embraer,N / A,,0,,,
1700894A,,AR,1,EA,GCU-ADG GENERATOR CONTROL UNIT,,Embraer,835,,0,,,
1700894A,,AR,1,EA,GCU-ADG GENERATOR CONTROL UNIT,,Embraer,884,,0,,,
170-11171-409,,AR,1,EA,EICAS FULL PANEL,,Embraer,644017,,0,,,
170-11173-405,,AR,1,EA,GROUND PROXIMITY FLAP WARNING OVERRIDE CONTROL PAN,,Embraer,644015,,0,,,
820914-7,,SV,1,EA,VALVE PACK BYPASS,,Embraer,2007060823,,0,,,
820914-7,,SV,1,EA,VALVE PACK BYPASS,,Embraer,2010030730,,0,,,
170-12417-403,,AR,1,EA,AILERON QUADRANT,,Embraer,F036013875,,0,,,
170-12421-403,,AR,1,EA,AILERON QUADRANT,,Embraer,F036013876,,0,,,
170-12425-901,,AR,1,EA,R/H WING AILERON LINK,,Embraer,10005-30,,0,,,
1701320,,AR,1,EA,GENERATOR-APU,,Embraer,807,,0,,,
1701321D,,AR,1,EA,GCU-GENERATOR CONTROL UNIT,,Embraer,1656,,0,,,
1701321D,,AR,1,EA,GCU-GENERATOR CONTROL UNIT,,Embraer,2483,,0,,,
1701321D,,AR,1,EA,GCU-GENERATOR CONTROL UNIT,,Embraer,2135,,0,,,
1701321D,,AR,1,EA,GCU-GENERATOR CONTROL UNIT,,Embraer,875,,0,,,
1701337D,,AR,1,EA,MODULE-EXTERNAL POWER,,Embraer,663,,0,,,
820973-4,,SV,1,EA,PRESSURE SWITCH,,Embraer,4875,,0,,,
820973-4,,SV,1,EA,PRESSURE SWITCH,,Embraer,2857,,0,,,
822-0297-001,,SV,1,EA,VOR MARKER BEACON RECEIVER,,Boeing,151842,,0,,,
170-13667-413,,AR,1,EA,PANEL-COCKPIT MAINTENANCE PANEL,,Embraer,643865,,0,,,
170-13689-403,,AR,1,EA,PANEL-PA PILOT CONTROL PANEL,,Embraer,551544,,0,,,
170-13689-403,,AR,1,EA,PANEL-PA PILOT CONTROL PANEL,,Embraer,643814,,0,,,
822-0299-001,,SV,1,EA,ADF RECEIVER,,Boeing,155639,,0,,,
822-0299-020,,SV,1,EA,ADF RECEIVER,,Airbus,114324,,0,,,
170-13689-403,,AR,1,EA,PANEL-PA PILOT CONTROL PANEL,,Embraer,643813,,0,,,
170-14232-001,,AR,1,EA,PANEL,,Embraer,N/A,,0,,,
822-0329-020,,SV,1,EA,DME INTERROGATOR,,Airbus,112919,,0,,,
170-14688-405,,AR,1,EA,TRANSFORMER COVER,,Embraer,N/A,,0,,,
822-0330-001,,SV,1,EA,HF TRANSCEIVER,,Boeing,16FVMO,,0,,,
170-16474-403,,AR,1,EA,MODULE ASSY,,Embraer,551548,,0,,,
822-0330-020,,SV,1,EA,HF TRANSCEIVER,,Airbus,143570,,0,,,
822-0334-003,,SV,1,EA,RADIO ALTIMETER (LRRA),,Boeing,491KD8,,0,,,
170-16474-403,,AR,1,EA,MODULE ASSY,,Embraer,551549,,0,,,
822-1047-030,,SV,1,EA,VHF TRANSCEIVER,,Airbus,9455,,0,,,
170-16474-403,,AR,1,EA,MODULE ASSY,,Embraer,644020,,0,,,
170-16474-403,,AR,1,EA,MODULE ASSY,,Embraer,644021,,0,,,
170-16907-403,,AR,1,EA,MODULE ASSY,,Embraer,549257,,0,,,
822-1126-001,,SV,1,EA,HF COUPLER MOUNT,,Boeing,16GD5H,,0,,,
170-16907-403,,AR,1,EA,MODULE ASSY,,Embraer,549258,,0,,,
170-16907-403,,AR,1,EA,MODULE ASSY,,Embraer,643804,,0,,,
822-1152-003,,SV,1,EA,GLU-920 GLOBAL LANDING UNIT,,Boeing,1690NV,,0,,,
170-16907-403,,AR,1,EA,MODULE ASSY,,Embraer,643988,,0,,,
170-18675-405,,AR,1,EA,RAT COMPARTMENT DOOR,,Embraer,2009041634,,0,,,
170-18675-405,,AR,1,EA,RAT COMPARTMENT DOOR,,Embraer,2010024945,,0,,,
822-1588-101,,SV,1,EA,SERVO ROLLOUT GUIDANCE,,Boeing,44TYB,,0,,,
822-2023-001,,SV,1,EA,SATELLITE DATA UNIT,,Boeing,199214,,0,,,
1702114B,,AR,1,EA,MASTER REAR PLATE,,Embraer,716,,0,,,
1702114B,,AR,1,EA,MASTER REAR PLATE,,Embraer,771,,0,,,
1702116B,,AR,1,EA,MASTER REAR PLATE 26 SLOTS,,Embraer,780,,0,,,
1702116B,,AR,1,EA,MASTER REAR PLATE 26 SLOTS,,Embraer,723,,0,,,
1702118,,AR,1,EA,FILLER MODULE,,Embraer,3125,,0,,,
1702118,,AR,1,EA,FILLER MODULE,,Embraer,3105,,0,,,
1702118,,AR,1,EA,FILLER MODULE,,Embraer,3100,,0,,,
1702118,,AR,1,EA,FILLER MODULE,,Embraer,3124,,0,,,
1702118,,AR,1,EA,FILLER MODULE,,Embraer,3343,,0,,,
1702118,,AR,1,EA,FILLER MODULE,,Embraer,3360,,0,,,
1702118,,AR,1,EA,FILLER MODULE,,Embraer,3359,,0,,,
1702118,,AR,1,EA,FILLER MODULE,,Embraer,3352,,0,,,
170-24096-401,,AR,1,EA,MODULE ASSY,,Embraer,551087,,0,,,
170-24096-401,,AR,1,EA,MODULE ASSY,,Embraer,643998,,0,,,
170-24099-401,,AR,1,EA,MODULE ASSY,,Embraer,551088,,0,,,
170-24099-401,,AR,1,EA,MODULE ASSY,,Embraer,643848,,0,,,
1702961,,AR,1,EA,FLAP/SLAT BEARING SUPPORT,,Embraer,6528,,0,,,
1702961,,AR,1,EA,FLAP/SLAT BEARING SUPPORT,,Embraer,6545,,0,,,
1702961,,AR,1,EA,FLAP/SLAT BEARING SUPPORT,,Embraer,6540,,0,,,
1702961,,AR,1,EA,FLAP/SLAT BEARING SUPPORT,,Embraer,6526,,0,,,
1702961,,AR,1,EA,FLAP/SLAT BEARING SUPPORT,,Embraer,6876,,0,,,
1702961,,AR,1,EA,FLAP/SLAT BEARING SUPPORT,,Embraer,6544,,0,,,
1702961,,AR,1,EA,FLAP/SLAT BEARING SUPPORT,,Embraer,6548,,0,,,
1702961,,AR,1,EA,FLAP/SLAT BEARING SUPPORT,,Embraer,6877,,0,,,
1702961,,AR,1,EA,FLAP/SLAT BEARING SUPPORT,,Embraer,7040,,0,,,
1702961,,AR,1,EA,FLAP/SLAT BEARING SUPPORT,,Embraer,6878,,0,,,
1702961,,AR,1,EA,FLAP/SLAT BEARING SUPPORT,,Embraer,7002,,0,,,
1702961,,AR,1,EA,FLAP/SLAT BEARING SUPPORT,,Embraer,7045,,0,,,
170-30521-421,,AR,1,EA,FUEL ACCESS PANEL,,Embraer,N / A,,0,,,
170-30521-421,,AR,1,EA,FUEL ACCESS PANEL,,Embraer,N / A,,0,,,
170-30521-421,,AR,1,EA,FUEL ACCESS PANEL,,Embraer,N / A,,0,,,
170-30521-421,,AR,1,EA,FUEL ACCESS PANEL,,Embraer,N / A,,0,,,
1703781A,,AR,1,EA,RAT AIR DRIVEN GENERATOR,,Embraer,841,,0,,,
1703781A,,AR,1,EA,RAT AIR DRIVEN GENERATOR,,Embraer,889,,0,,,
1703785A,,AR,1,EA,RAT DEPLOYMENT ACTUATOR,,Embraer,826,,0,,,
1703785A,,AR,1,EA,RAT DEPLOYMENT ACTUATOR,,Embraer,880,,0,,,
1703787,,AR,1,EA,ADG UPLOCK,,Embraer,801,,0,,,
1703787,,AR,1,EA,ADG UPLOCK,,Embraer,857,,0,,,
1703909B,,AR,1,EA,SLAT ACTUATOR TYPE D E190,,Embraer,D5872,,0,,,
1703909B,,AR,1,EA,SLAT ACTUATOR TYPE D E190,,Embraer,D5900,,0,,,
1703909B,,AR,1,EA,SLAT ACTUATOR TYPE D E190,,Embraer,D5903,,0,,,
1703909B,,AR,1,EA,SLAT ACTUATOR TYPE D E190,,Embraer,D5862,,0,,,
1703909B,,AR,1,EA,SLAT ACTUATOR TYPE D E190,,Embraer,D5874,,0,,,
1703909B,,AR,1,EA,SLAT ACTUATOR TYPE D E190,,Embraer,D5864,,0,,,
1703909B,,AR,1,EA,SLAT ACTUATOR TYPE D E190,,Embraer,D5873,,0,,,
1703909B,,AR,1,EA,SLAT ACTUATOR TYPE D E190,,Embraer,D5875,,0,,,
1703909B,,AR,1,EA,SLAT ACTUATOR TYPE D E190,,Embraer,D6236,,0,,,
1703909B,,AR,1,EA,SLAT ACTUATOR TYPE D E190,,Embraer,D6246,,0,,,
1703909B,,AR,1,EA,SLAT ACTUATOR TYPE D E190,,Embraer,D6249,,0,,,
1703909B,,AR,1,EA,SLAT ACTUATOR TYPE D E190,,Embraer,D6248,,0,,,
1703909B,,AR,1,EA,SLAT ACTUATOR TYPE D E190,,Embraer,D6234,,0,,,
1703909B,,AR,1,EA,SLAT ACTUATOR TYPE D E190,,Embraer,D6250,,0,,,
1703909B,,AR,1,EA,SLAT ACTUATOR TYPE D E190,,Embraer,D6237,,0,,,
1703909B,,AR,1,EA,SLAT ACTUATOR TYPE D E190,,Embraer,D6242,,0,,,
1703913-1,,AR,1,EA,TORQUE TUBE,,Embraer,3257,,0,,,
1703913-1,,AR,1,EA,TORQUE TUBE,,Embraer,3266,,0,,,
1703913-1,,AR,1,EA,TORQUE TUBE,,Embraer,3451,,0,,,
1703913-1,,AR,1,EA,TORQUE TUBE,,Embraer,3459,,0,,,
1703917-1,,AR,1,EA,TORQUE TUBE,,Embraer,3453,,0,,,
1703917-1,,AR,1,EA,TORQUE TUBE,,Embraer,3458,,0,,,
1703917-1,,AR,1,EA,TORQUE TUBE,,Embraer,3234,,0,,,
170-40549-401,,AR,1,EA,CARGO NET ASSY,,Embraer,0910-9136-1-0026,,0,,,
170-40549-401,,AR,1,EA,CARGO NET ASSY,,Embraer,0110-09122-1-0003,,0,,,
831B0000-01,,SV,1,EA,BRAKE WING TIP,,Airbus,10807,,0,,,
170-40549-401,,AR,1,EA,CARGO NET ASSY,,Embraer,N/A,,0,,,
170-40549-401,,AR,1,EA,CARGO NET ASSY,,Embraer,0410-09136-1-0021,,0,,,
170-40549-401,,AR,1,EA,CARGO NET ASSY,,Embraer,011-09122-1-0014,,0,,,
170-40550-401,,AR,1,EA,CARGO NET ASSY,,Embraer,0211-09122-2-0012,,0,,,
170-40552-401,,AR,1,EA,FWD DOOR NET ASSY,,Embraer,N/A,,0,,,
170-40553-401,,AR,1,EA,AFT DOOR NET ASSY,,Embraer,N/A,,0,,,
170-40554-401,,AR,1,EA,CARGO NET,,Embraer,0209-07480-5-0009,,0,,,
170-40575-401,,AR,1,EA,CARGO NET,,Embraer,0309-075-419-8-0003,,0,,,
170-41867-407,,AR,1,EA,BUSTLE ASSY -FWD PAX DOOR,,Embraer,N/A,,0,,,
170-41868-407,,AR,1,EA,BUSTLE ASSY - FWD SERVICE DOOR,,Embraer,N/A,,0,,,
170-41869-407,,AR,1,EA,BUSTLE ASSY- AFT PAX DOOR,,Embraer,N/A,,0,,,
170-41870-407,,AR,1,EA,BUSTLE ASSY - AFT PAX DOOR,,Embraer,N/A,,0,,,
1704208,,AR,1,EA,SLAT ANGLE GEARBOX,,Embraer,3630,,0,,,
1704208,,AR,1,EA,SLAT ANGLE GEARBOX,,Embraer,3631,,0,,,
1704208,,AR,1,EA,SLAT ANGLE GEARBOX,,Embraer,3628,,0,,,
1704208,,AR,1,EA,SLAT ANGLE GEARBOX,,Embraer,3629,,0,,,
1704208,,AR,1,EA,SLAT ANGLE GEARBOX,,Embraer,4346,,0,,,
1704208,,AR,1,EA,SLAT ANGLE GEARBOX,,Embraer,4348,,0,,,
1704208,,AR,1,EA,SLAT ANGLE GEARBOX,,Embraer,4345,,0,,,
1704208,,AR,1,EA,SLAT ANGLE GEARBOX,,Embraer,4327,,0,,,
170-43895-403,,AR,1,EA,INTERPHONE CRADLE,,Embraer,N / A,,0,,,
170-43895-403,,AR,1,EA,INTERPHONE CRADLE,,Embraer,N / A,,0,,,
170-44178-403,,AR,1,EA,ELECTRONICS BOX,,Embraer,N / A,,0,,,
170-44178-403,,AR,1,EA,ELECTRONICS BOX,,Embraer,N / A,,0,,,
170-44450-411,,AR,1,EA,WASTE HOLDING TANK ASSY,,Embraer,782,,0,,,
170-44939-401,,AR,1,EA,GSU PANEL,,Embraer,N/A,,0,,,
170-45412-405,,AR,1,EA,PSU,,Embraer,EM020343,,0,,,
170-45412-405,,AR,1,EA,PSU,,Embraer,EM020344,,0,,,
170-45412-405,,AR,1,EA,PSU,,Embraer,EM020339,,0,,,
170-45412-405,,AR,1,EA,PSU,,Embraer,EM020353,,0,,,
170-45412-405,,AR,1,EA,PSU,,Embraer,EM020351,,0,,,
170-45412-405,,AR,1,EA,PSU,,Embraer,EM020360,,0,,,
170-45412-405,,AR,1,EA,PSU,,Embraer,EM020345,,0,,,
170-45412-405,,AR,1,EA,PSU,,Embraer,EM020340,,0,,,
170-45412-405,,AR,1,EA,PSU,,Embraer,EM020363,,0,,,
170-45412-405,,AR,1,EA,PSU,,Embraer,EM020357,,0,,,
170-45412-405,,AR,1,EA,PSU,,Embraer,EM020362,,0,,,
170-45412-405,,AR,1,EA,PSU,,Embraer,EM020354,,0,,,
170-45412-405,,AR,1,EA,PSU,,Embraer,EM020346,,0,,,
170-45412-405,,AR,1,EA,PSU,,Embraer,EM020347,,0,,,
170-45412-405,,AR,1,EA,PSU,,Embraer,EM020356,,0,,,
170-45412-405,,AR,1,EA,PSU,,Embraer,EM020359,,0,,,
170-45412-405,,AR,1,EA,PSU,,Embraer,EM020358,,0,,,
170-45412-405,,AR,1,EA,PSU,,Embraer,EM020355,,0,,,
170-45412-405,,AR,1,EA,PSU,,Embraer,EM020361,,0,,,
170-45412-405,,AR,1,EA,PSU,,Embraer,EM020349,,0,,,
170-45412-405,,AR,1,EA,PSU,,Embraer,EM020341,,0,,,
170-45412-405,,AR,1,EA,PSU,,Embraer,EM020348,,0,,,
170-45412-405,,AR,1,EA,PSU,,Embraer,EM020350,,0,,,
170-45412-405,,AR,1,EA,PSU,,Embraer,EM020342,,0,,,
170-45412-405,,AR,1,EA,PSU,,Embraer,EM020364,,0,,,
170-45412-405,,AR,1,EA,PSU,,Embraer,EM020352,,0,,,
170-45413-405,,AR,1,EA,PSU,,Embraer,EM007911,,0,,,
170-45413-405,,AR,1,EA,PSU,,Embraer,EM020367,,0,,,
170-45413-405,,AR,1,EA,PSU,,Embraer,EM020381,,0,,,
170-45413-405,,AR,1,EA,PSU,,Embraer,EM020386,,0,,,
170-45413-405,,AR,1,EA,PSU,,Embraer,EM020378,,0,,,
170-45413-405,,AR,1,EA,PSU,,Embraer,EM020376,,0,,,
170-45413-405,,AR,1,EA,PSU,,Embraer,EM020387,,0,,,
170-45413-405,,AR,1,EA,PSU,,Embraer,EM020384,,0,,,
170-45413-405,,AR,1,EA,PSU,,Embraer,EM020365,,0,,,
170-45413-405,,AR,1,EA,PSU,,Embraer,EM020369,,0,,,
170-45413-405,,AR,1,EA,PSU,,Embraer,EM020375,,0,,,
170-45413-405,,AR,1,EA,PSU,,Embraer,EM020383,,0,,,
170-45413-405,,AR,1,EA,PSU,,Embraer,EM020373,,0,,,
170-45413-405,,AR,1,EA,PSU,,Embraer,EM020371,,0,,,
170-45413-405,,AR,1,EA,PSU,,Embraer,EM020377,,0,,,
170-45413-405,,AR,1,EA,PSU,,Embraer,EM020391,,0,,,
170-45413-405,,AR,1,EA,PSU,,Embraer,EM020388,,0,,,
170-45413-405,,AR,1,EA,PSU,,Embraer,EM020385,,0,,,
170-45413-405,,AR,1,EA,PSU,,Embraer,EM020368,,0,,,
170-45413-405,,AR,1,EA,PSU,,Embraer,EM020390,,0,,,
170-45413-405,,AR,1,EA,PSU,,Embraer,EM020366,,0,,,
170-45413-405,,AR,1,EA,PSU,,Embraer,EM020382,,0,,,
170-45413-405,,AR,1,EA,PSU,,Embraer,EM020370,,0,,,
170-45413-405,,AR,1,EA,PSU,,Embraer,EM020389,,0,,,
170-45413-405,,AR,1,EA,PSU,,Embraer,EM020380,,0,,,
170-45413-405,,AR,1,EA,PSU,,Embraer,EM020374,,0,,,
170-45413-405,,AR,1,EA,PSU,,Embraer,EM020372,,0,,,
170-45442-401,,AR,35,EA,50 MM FILLER PANEL ASSY,,Embraer,N / A,,0,,,
170-45443-401,,AR,4,EA,75 MM FILLER PANEL ASSY,,Embraer,N / A,,0,,,
170-45446-401,,AR,1,EA,NSFSB PANEL ASSY LH,,Embraer,EM020405,,0,,,
170-45446-401,,AR,1,EA,NSFSB PANEL ASSY LH,,Embraer,EM020416,,0,,,
170-45446-401,,AR,1,EA,NSFSB PANEL ASSY LH,,Embraer,EM020416,,0,,,
170-45446-401,,AR,1,EA,NSFSB PANEL ASSY LH,,Embraer,EM020411,,0,,,
170-45446-401,,AR,1,EA,NSFSB PANEL ASSY LH,,Embraer,EM020404,,0,,,
170-45446-401,,AR,1,EA,NSFSB PANEL ASSY LH,,Embraer,EM020414,,0,,,
170-45446-401,,AR,1,EA,NSFSB PANEL ASSY LH,,Embraer,EM020418,,0,,,
170-45446-401,,AR,1,EA,NSFSB PANEL ASSY LH,,Embraer,EM020393,,0,,,
170-45446-401,,AR,1,EA,NSFSB PANEL ASSY LH,,Embraer,EM020397,,0,,,
170-45446-401,,AR,1,EA,NSFSB PANEL ASSY LH,,Embraer,EM020399,,0,,,
170-45446-401,,AR,1,EA,NSFSB PANEL ASSY LH,,Embraer,EM020417,,0,,,
170-45446-401,,AR,1,EA,NSFSB PANEL ASSY LH,,Embraer,EM020395,,0,,,
170-45446-401,,AR,1,EA,NSFSB PANEL ASSY LH,,Embraer,EM020406,,0,,,
170-45446-401,,AR,1,EA,NSFSB PANEL ASSY LH,,Embraer,EM020415,,0,,,
170-45446-401,,AR,1,EA,NSFSB PANEL ASSY LH,,Embraer,EM020401,,0,,,
170-45446-401,,AR,1,EA,NSFSB PANEL ASSY LH,,Embraer,EM020400,,0,,,
170-45446-401,,AR,1,EA,NSFSB PANEL ASSY LH,,Embraer,N/A,,0,,,
170-45446-401,,AR,1,EA,NSFSB PANEL ASSY LH,,Embraer,EM020396,,0,,,
170-45446-401,,AR,1,EA,NSFSB PANEL ASSY LH,,Embraer,EM020398,,0,,,
170-45446-401,,AR,1,EA,NSFSB PANEL ASSY LH,,Embraer,EM020407,,0,,,
170-45446-401,,AR,1,EA,NSFSB PANEL ASSY LH,,Embraer,EM020412,,0,,,
170-45446-401,,AR,1,EA,NSFSB PANEL ASSY LH,,Embraer,NA,,0,,,
170-45446-401,,AR,1,EA,NSFSB PANEL ASSY LH,,Embraer,EM020392,,0,,,
170-45446-401,,AR,1,EA,NSFSB PANEL ASSY LH,,Embraer,EM020394,,0,,,
170-45446-401,,AR,1,EA,NSFSB PANEL ASSY LH,,Embraer,EM020403,,0,,,
170-45446-401,,AR,1,EA,NSFSB PANEL ASSY LH,,Embraer,EM020413,,0,,,
170-45446-401,,AR,1,EA,NSFSB PANEL ASSY LH,,Embraer,EM020410,,0,,,
170-45447-401,,AR,1,EA,NSFSB PANEL ASSY RH,,Embraer,EM020439,,0,,,
170-45447-401,,AR,1,EA,NSFSB PANEL ASSY RH,,Embraer,EM020424,,0,,,
170-45447-401,,AR,1,EA,NSFSB PANEL ASSY RH,,Embraer,EM020440,,0,,,
170-45447-401,,AR,1,EA,NSFSB PANEL ASSY RH,,Embraer,EM020421,,0,,,
170-45447-401,,AR,1,EA,NSFSB PANEL ASSY RH,,Embraer,EM020430,,0,,,
170-45447-401,,AR,1,EA,NSFSB PANEL ASSY RH,,Embraer,EM020434,,0,,,
170-45447-401,,AR,1,EA,NSFSB PANEL ASSY RH,,Embraer,EM020441,,0,,,
170-45447-401,,AR,1,EA,NSFSB PANEL ASSY RH,,Embraer,EM020427,,0,,,
170-45447-401,,AR,1,EA,NSFSB PANEL ASSY RH,,Embraer,EM020442,,0,,,
170-45447-401,,AR,1,EA,NSFSB PANEL ASSY RH,,Embraer,EM020444,,0,,,
170-45447-401,,AR,1,EA,NSFSB PANEL ASSY RH,,Embraer,EM020425,,0,,,
170-45447-401,,AR,1,EA,NSFSB PANEL ASSY RH,,Embraer,EM020426,,0,,,
170-45447-401,,AR,1,EA,NSFSB PANEL ASSY RH,,Embraer,EM020428,,0,,,
170-45447-401,,AR,1,EA,NSFSB PANEL ASSY RH,,Embraer,EM020437,,0,,,
170-45447-401,,AR,1,EA,NSFSB PANEL ASSY RH,,Embraer,EM020438,,0,,,
170-45447-401,,AR,1,EA,NSFSB PANEL ASSY RH,,Embraer,EM020420,,0,,,
170-45447-401,,AR,1,EA,NSFSB PANEL ASSY RH,,Embraer,EM020429,,0,,,
170-45447-401,,AR,1,EA,NSFSB PANEL ASSY RH,,Embraer,EM020443,,0,,,
170-45447-401,,AR,1,EA,NSFSB PANEL ASSY RH,,Embraer,EM020445,,0,,,
170-45447-401,,AR,1,EA,NSFSB PANEL ASSY RH,,Embraer,EM020423,,0,,,
170-45447-401,,AR,1,EA,NSFSB PANEL ASSY RH,,Embraer,EM020432,,0,,,
170-45447-401,,AR,1,EA,NSFSB PANEL ASSY RH,,Embraer,EM020435,,0,,,
170-45447-401,,AR,1,EA,NSFSB PANEL ASSY RH,,Embraer,EM020422,,0,,,
170-45447-401,,AR,1,EA,NSFSB PANEL ASSY RH,,Embraer,EM020431,,0,,,
170-45447-401,,AR,1,EA,NSFSB PANEL ASSY RH,,Embraer,EM020446,,0,,,
170-45447-401,,AR,1,EA,NSFSB PANEL ASSY RH,,Embraer,EM020419,,0,,,
170-45447-401,,AR,1,EA,NSFSB PANEL ASSY RH,,Embraer,EM020433,,0,,,
170-45447-401,,AR,1,EA,NSFSB PANEL ASSY RH,,Embraer,EM020436,,0,,,
170-50005-425,,AR,1,EA,TAIL CONE,,Embraer,733001,,0,,,
1-7054-3,,AR,1,EA,"HANDLE-FIRE EXTINGUISHING,ENGINE 1",,Embraer,2255,,0,,,
170-55281-401,,AR,1,EA,HIGH TEMPERATURE PIPE,,Embraer,NSN,,0,,,
170-55781-401,,AR,1,EA,HIGH TEMPERATURE MUFFLER,,Embraer,N/A,,0,,,
1705621-1,,AR,1,EA,TORQUE TUBE,,Embraer,3233,,0,,,
1705621-1,,AR,1,EA,TORQUE TUBE,,Embraer,3250,,0,,,
1705621-1,,AR,1,EA,TORQUE TUBE,,Embraer,3464,,0,,,
1705621-1,,AR,1,EA,TORQUE TUBE,,Embraer,3472,,0,,,
1705683,,AR,1,EA,WING TIP MOUNTING BRACKET,,Embraer,3252,,0,,,
1705683,,AR,1,EA,WING TIP MOUNTING BRACKET,,Embraer,3454,,0,,,
1705683,,AR,1,EA,WING TIP MOUNTING BRACKET,,Embraer,3449,,0,,,
1705683,,AR,1,EA,WING TIP MOUNTING BRACKET,,Embraer,3256,,0,,,
170-60070-403,,AR,1,EA,FUSELAGE PANEL,,Embraer,NSN,,0,,,
170-60071-401,,AR,1,EA,DRAIN POINT,,Embraer,NSN,,0,,,
170-63022-411,,AR,1,EA,VERTICAL STAB TOP PANEL,,Embraer,508,,0,,,
170-63022-411,,AR,1,EA,VERTICAL STAB TOP PANEL,,Embraer,780,,0,,,
170-63042-409,,AR,1,EA,DORSAL FIN,,Embraer,795,,0,,,
170-63084-401,,AR,1,EA,"VERTICAL STAB PANEL, LEADING EDGE",,Embraer,86676-9,,0,,,
170-63084-401,,AR,1,EA,"VERTICAL STAB PANEL, LEADING EDGE",,Embraer,N/A,,0,,,
170-63358-401,,AR,1,EA,PANEL,,Embraer,SK-339217,,0,,,
170-63419-401,,AR,1,EA,FUSELAGE PANEL,,Embraer,N/A,,0,,,
170-63420-401,,AR,1,EA,FUSELAGE PANEL,,Embraer,N/A,,0,,,
170-63422-901,,AR,1,EA,FUSELAGE PANEL,,Embraer,N/A,,0,,,
170-68000-455,,AR,1,EA,PASSENGER DOOR,,Embraer,L0685,,0,,,
170-68500-451,,AR,1,EA,E190 AFT PASSENGER DOOR,,Embraer,L0684,,0,,,
170-69000-451,,AR,1,EA,PASSENGER DOOR,,Embraer,L0685,,0,,,
170-69000-451,,AR,1,EA,PASSENGER DOOR,,Embraer,L0375,,0,,,
170-69000-455,,AR,1,EA,PAX DOOR 1L,,Embraer,L0726,,0,,,
170-69300-453,,AR,1,EA,PASSENGER DOOR,,Embraer,L0685,,0,,,
170-69300-453,,AR,1,EA,PASSENGER DOOR,,Embraer,L0733,,0,,,
170-69600-441,,AR,1,EA,CARGO DOOR,,Embraer,L0732,,0,,,
170-69600-441,,AR,1,EA,CARGO DOOR,,Embraer,L0678,,0,,,
170-69819-907,,AR,1,EA,ACTUATOR-BAGGAGE DOOR,,Embraer,2949,,0,,,
170-69819-907,,AR,1,EA,ACTUATOR-BAGGAGE DOOR,,Embraer,3187,,0,,,
170-69819-907,,AR,1,EA,ACTUATOR-BAGGAGE DOOR,,Embraer,2886,,0,,,
170-69819-907,,AR,1,EA,ACTUATOR-BAGGAGE DOOR,,Embraer,2893,,0,,,
170-69819-907,,AR,1,EA,ACTUATOR-BAGGAGE DOOR,,Embraer,3348,,0,,,
170-69819-907,,AR,1,EA,ACTUATOR-BAGGAGE DOOR,,Embraer,3351,,0,,,
170-70770-911,,AR,1,EA,"ROD, ASSY TELESCOPIC",,Embraer,1393,,0,,,
170-70770-911,,AR,1,EA,"ROD, ASSY TELESCOPIC",,Embraer,1395,,0,,,
170-70770-911,,AR,1,EA,"ROD, ASSY TELESCOPIC",,Embraer,1461,,0,,,
170-70770-911,,AR,1,EA,"ROD, ASSY TELESCOPIC",,Embraer,1459,,0,,,
170-70850-407,,AR,1,EA,VALVE-LDG GEAR SELECTOR,,Embraer,862,,0,,,
170-70850-407,,AR,1,EA,VALVE-LDG GEAR SELECTOR,,Embraer,913,,0,,,
170-71000-407,,AR,1,EA,UPLOCK-MLG,,Embraer,2319,,0,,,
170-71099-407,,AR,1,EA,UPLOCK BOX ASSY,,Embraer,2168,,0,,,
170-71099-407,,AR,1,EA,UPLOCK BOX ASSY,,Embraer,2169,,0,,,
170-71099-407,,AR,1,EA,UPLOCK BOX ASSY,,Embraer,2170,,0,,,
170-71099-407,,AR,1,EA,UPLOCK BOX ASSY,,Embraer,2322,,0,,,
170-71099-407,,AR,1,EA,UPLOCK BOX ASSY,,Embraer,2318,,0,,,
170-71180-409,,AR,1,EA,RETRACTION ACTUATOR NLG,,Embraer,927,,0,,,
170-71200-407,,AR,1,EA,DOWNLOCK RELEASE ACTUATOR NLG,,Embraer,801,,0,,,
170-71200-407,,AR,1,EA,DOWNLOCK RELEASE ACTUATOR NLG,,Embraer,857,,0,,,
170-71250-403,,AR,1,EA,EMERGENCY EXTENSION SELECTOR VALVE,,Embraer,773,,0,,,
170-71250-403,,AR,1,EA,EMERGENCY EXTENSION SELECTOR VALVE,,Embraer,834,,0,,,
170-71306-407,,AR,1,EA,"MECHANISM, CMD ASSY",,Embraer,726,,0,,,
170-71306-407,,AR,1,EA,"MECHANISM, CMD ASSY",,Embraer,775,,0,,,
1707789E,,AR,1,EA,MODULE-SPDA MICRO COMMS,,Embraer,2472,,0,,,
1707789E,,AR,1,EA,MODULE-SPDA MICRO COMMS,,Embraer,2070,,0,,,
1707789E,,AR,1,EA,MODULE-SPDA MICRO COMMS,,Embraer,2042,,0,,,
1707789E,,AR,1,EA,MODULE-SPDA MICRO COMMS,,Embraer,2476,,0,,,
1707789E,,AR,1,EA,MODULE-SPDA MICRO COMMS,,Embraer,1078,,0,,,
1707930,,AR,1,EA,MASTER HOOD CHASSIS,,Embraer,1116,,0,,,
1707930,,AR,1,EA,MASTER HOOD CHASSIS,,Embraer,1171,,0,,,
1707944,,AR,1,EA,MASTER HOOD CHASSIS - 26 SLOTS,,Embraer,1131,,0,,,
1707944,,AR,1,EA,MASTER HOOD CHASSIS - 26 SLOTS,,Embraer,1179,,0,,,
1708007,,AR,1,EA,MODULE-SPDA-ASCB COMMS,,Embraer,1232,,0,,,
1708007,,AR,1,EA,MODULE-SPDA-ASCB COMMS,,Embraer,1345,,0,,,
1708007,,AR,1,EA,MODULE-SPDA-ASCB COMMS,,Embraer,1336,,0,,,
1708007,,AR,1,EA,MODULE-SPDA-ASCB COMMS,,Embraer,1233,,0,,,
1708009,,AR,1,EA,MODULE-SPDA AC POWER,,Embraer,2197,,0,,,
1708009,,AR,1,EA,MODULE-SPDA AC POWER,,Embraer,2196,,0,,,
1708009,,AR,1,EA,MODULE-SPDA AC POWER,,Embraer,2194,,0,,,
1708009,,AR,1,EA,MODULE-SPDA AC POWER,,Embraer,2026,,0,,,
1708009,,AR,1,EA,MODULE-SPDA AC POWER,,Embraer,413,,0,,,
1708009,,AR,1,EA,MODULE-SPDA AC POWER,,Embraer,1473,,0,,,
840002-074,,SV,1,EA,"FILTER, ACOUSTIC",,Boeing,15749,,0,,,
1708011,,AR,1,EA,MODULE-SPDA DC POWER,,Embraer,8400,,0,,,
1708011,,AR,1,EA,MODULE-SPDA DC POWER,,Embraer,8393,,0,,,
1708011,,AR,1,EA,MODULE-SPDA DC POWER,,Embraer,8389,,0,,,
1708011,,AR,1,EA,MODULE-SPDA DC POWER,,Embraer,8387,,0,,,
1708011,,AR,1,EA,MODULE-SPDA DC POWER,,Embraer,9042,,0,,,
1708011,,AR,1,EA,MODULE-SPDA DC POWER,,Embraer,9045,,0,,,
1708011,,AR,1,EA,MODULE-SPDA DC POWER,,Embraer,8981,,0,,,
1708011,,AR,1,EA,MODULE-SPDA DC POWER,,Embraer,9049,,0,,,
864-001,,AI,1,EA,INDICATOR,,Airbus,579,,0,,,
1708011,,AR,1,EA,MODULE-SPDA DC POWER,,Embraer,9046,,0,,,
1708011,,AR,1,EA,MODULE-SPDA DC POWER,,Embraer,9043,,0,,,
1708011,,AR,1,EA,MODULE-SPDA DC POWER,,Embraer,9018,,0,,,
1708011,,AR,1,EA,MODULE-SPDA DC POWER,,Embraer,9041,,0,,,
1708011,,AR,1,EA,MODULE-SPDA DC POWER,,Embraer,9048,,0,,,
1708011,,AR,1,EA,MODULE-SPDA DC POWER,,Embraer,8980,,0,,,
8-788-02,,SV,1,EA,PROXIMITY SENSOR,,Boeing,B20554,,0,,,
1708011,,AR,1,EA,MODULE-SPDA DC POWER,,Embraer,8392,,0,,,
1708011,,AR,1,EA,MODULE-SPDA DC POWER,,Embraer,8327,,0,,,
1708011,,AR,1,EA,MODULE-SPDA DC POWER,,Embraer,8394,,0,,,
1708011,,AR,1,EA,MODULE-SPDA DC POWER,,Embraer,6400,,0,,,
1708011,,AR,1,EA,MODULE-SPDA DC POWER,,Embraer,8391,,0,,,
1708011,,AR,1,EA,MODULE-SPDA DC POWER,,Embraer,8403,,0,,,
1708011,,AR,1,EA,MODULE-SPDA DC POWER,,Embraer,8398,,0,,,
1708011,,AR,1,EA,MODULE-SPDA DC POWER,,Embraer,8396,,0,,,
1708011,,AR,1,EA,MODULE-SPDA DC POWER,,Embraer,8397,,0,,,
1708013,,AR,1,EA,MODULE-SPDA ARINC429,,Embraer,1322,,0,,,
1708013,,AR,1,EA,MODULE-SPDA ARINC429,,Embraer,1427,,0,,,
1708013,,AR,1,EA,MODULE-SPDA ARINC429,,Embraer,1431,,0,,,
1708013,,AR,1,EA,MODULE-SPDA ARINC429,,Embraer,1321,,0,,,
1708015,,AR,1,EA,MODULE-SPDA DISCRETE I/O,,Embraer,3552,,0,,,
1708015,,AR,1,EA,MODULE-SPDA DISCRETE I/O,,Embraer,1944,,0,,,
1708015,,AR,1,EA,MODULE-SPDA DISCRETE I/O,,Embraer,3535,,0,,,
899-0850-004,,AI,1,EA,RMP 850 (RADIO MANAGEMENT PANEL),,Airbus,3461,,0,,,
1708015,,AR,1,EA,MODULE-SPDA DISCRETE I/O,,Embraer,3265,,0,,,
1708015,,AR,1,EA,MODULE-SPDA DISCRETE I/O,,Embraer,3278,,0,,,
1708015,,AR,1,EA,MODULE-SPDA DISCRETE I/O,,Embraer,3276,,0,,,
1708015,,AR,1,EA,MODULE-SPDA DISCRETE I/O,,Embraer,3283,,0,,,
1708015,,AR,1,EA,MODULE-SPDA DISCRETE I/O,,Embraer,3279,,0,,,
1708017,,AR,1,EA,MODULE-SPDA1 ANALOG I/O,,Embraer,697,,0,,,
1708017,,AR,1,EA,MODULE-SPDA1 ANALOG I/O,,Embraer,741,,0,,,
170-84520-437,,AR,1,EA,CARGO DOOR,,Embraer,L0730,,0,,,
170-84520-437,,AR,1,EA,CARGO DOOR,,Embraer,L0678,,0,,,
170-96662-401,,AR,1,EA,COVER/GUARD,,Embraer,N/A,,0,,,
171-02991-401,,AR,1,EA,ADS PROBES HEATER  PANEL MODULE,,Embraer,644298,,0,,,
171-04650-401,,AR,1,EA,FWD RAMP INTERPHONE PANEL,,Embraer,643608,,0,,,
171-08170-401,,AR,1,EA,WIRE HARNESS,,Embraer,F036022001,,0,,,
171-08170-401,,AR,1,EA,WIRE HARNESS,,Embraer,F035738585,,0,,,
90002317-2,,OH,1,EA,"MAIN WHEEL ASSY H41X16,0",,Embraer,MAY09-2479/MAY09-2479,,0,,,
90002340-4PR,,OH,1,EA,BRAKE ASSY,,Embraer,MAY09-1652,,0,,,
171-09682-401,,AR,1,EA,"MODULE ASSY, PC OUTLET RIGHT 150VA",,Embraer,642218,,0,,,
1713255,,AR,1,EA,ACTUATOR-SLAT E190 TYPE E,,Embraer,A3994,,0,,,
90002340-5PR,,OH,1,EA,BRAKE ASSY,,Embraer,AUG08-1293,,0,,,
1713255,,AR,1,EA,ACTUATOR-SLAT E190 TYPE E,,Embraer,A3987,,0,,,
1713255,,AR,1,EA,ACTUATOR-SLAT E190 TYPE E,,Embraer,A3992,,0,,,
1713255,,AR,1,EA,ACTUATOR-SLAT E190 TYPE E,,Embraer,A3990,,0,,,
1713255,,AR,1,EA,ACTUATOR-SLAT E190 TYPE E,,Embraer,A3995,,0,,,
1713255,,AR,1,EA,ACTUATOR-SLAT E190 TYPE E,,Embraer,A3988,,0,,,
1713255,,AR,1,EA,ACTUATOR-SLAT E190 TYPE E,,Embraer,A3984,,0,,,
1713255,,AR,1,EA,ACTUATOR-SLAT E190 TYPE E,,Embraer,A3993,,0,,,
1713255,,AR,1,EA,ACTUATOR-SLAT E190 TYPE E,,Embraer,A3585,,0,,,
900105-1,,OH,1,EA,HYDRAULIC ACCUMULATOR SYSTEM #1,,Embraer,EFS0771,,0,,,
902013-01,,SV,1,EA,FIRE DETECTOR ASSY,,Boeing,3372,,0,,,
1713255,,AR,1,EA,ACTUATOR-SLAT E190 TYPE E,,Embraer,A3589,,0,,,
9022-15702-10,,SV,1,EA,CABIN PRS CONTROLLER,,Airbus,9931730,,0,,,
1713255,,AR,1,EA,ACTUATOR-SLAT E190 TYPE E,,Embraer,A3578,,0,,,
1713255,,AR,1,EA,ACTUATOR-SLAT E190 TYPE E,,Embraer,A3580,,0,,,
1713255,,AR,1,EA,ACTUATOR-SLAT E190 TYPE E,,Embraer,A3583,,0,,,
1713255,,AR,1,EA,ACTUATOR-SLAT E190 TYPE E,,Embraer,A3588,,0,,,
1713255,,AR,1,EA,ACTUATOR-SLAT E190 TYPE E,,Embraer,A3591,,0,,,
1713255,,AR,1,EA,ACTUATOR-SLAT E190 TYPE E,,Embraer,A3587,,0,,,
1713878,,AR,1,EA,MICRO MODULE,,Embraer,48,,0,,,
171-45702-401,,AR,1,EA,COCKPIT DOOR FINISH TOP,,Embraer,N/A,,0,,,
18011-04-01,,AR,1,EA,PILOT SEAT - FULL SHEEPSKIN,,Embraer,10T0896,,0,,,
18011-05-01,,AR,1,EA,PILOT SEAT - FULL SHEEPSKIN,,Embraer,10T2929,,0,,,
18012-04-01,,AR,1,EA,SEAT CO-PILOT,,Embraer,10T1337,,0,,,
18012-05-01,,AR,1,EA,SEAT CO-PILOT,,Embraer,10T3281,,0,,,
1855A0000-06,,AR,1,EA,STEERING CONTROL MODULE,,Embraer,951,,0,,,
19000-131,,AR,1,EA,"RELAY, ASSY, MOTOR STARTING",,Embraer,750,,0,,,
19000-195,,AR,1,EA,MAST-DRAIN,,Embraer,MBSR950-1,,0,,,
19000-195,,AR,1,EA,MAST-DRAIN,,Embraer,MYTP260-8,,0,,,
19000-210,,AR,1,EA,"HEATER ASSEMBLY, FILL/DRAIN VALVE",,Embraer,630,,0,,,
19000-210,,AR,1,EA,"HEATER ASSEMBLY, FILL/DRAIN VALVE",,Embraer,700,,0,,,
19000-314,,AR,1,EA,HEATER  MANIFOLD  FITTING,,Embraer,60,,0,,,
19000-320,,AR,1,EA,SERVICE PANEL DOOR SWITCH ASSEMBLY,,Embraer,826,,0,,,
19000-780,,AR,1,EA,VALVE-POTABLE WATER FILL & DRAIN,,Embraer,546,,0,,,
190-03051-404,,AR,1,EA,REAR FAIRING,,Embraer,N/A,,0,,,
190-03083-001,,AR,1,EA,BOAT FAIRING,,Embraer,WMI31791-007,,0,,,
190-04425-001,,AR,1,EA,FUEL FEED CONNECTOR,,Embraer,N/A,,0,,,
190-04433-003,,AR,1,EA,FUEL FEED CONNECTOR SMALL,,Embraer,N/A,,0,,,
190-09276-403,,AR,1,EA,HORIZONTAL STAB PANEL,,Embraer,OP113857,,0,,,
190-09276-409,,AR,1,EA,HORIZONTAL STAB PANEL,,Embraer,OP116255,,0,,,
905614-1,,SV,1,EA,ATTENUATOR PRESSURE LINE ACMP,,Embraer,2262,,0,,,
905614-1,,SV,1,EA,ATTENUATOR PRESSURE LINE ACMP,,Embraer,2256,,0,,,
190-09279-403,,AR,1,EA,HORIZONTAL STAB LE PANEL,,Embraer,431,,0,,,
190-09279-403,,AR,1,EA,HORIZONTAL STAB LE PANEL,,Embraer,391,,0,,,
190-09279-404,,AR,1,EA,HORIZONTAL STAB LE PANEL,,Embraer,427,,0,,,
190-09279-404,,AR,1,EA,HORIZONTAL STAB LE PANEL,,Embraer,387,,0,,,
190-09281-401,,AR,1,EA,HORIZONTAL STAB LE PANEL,,Embraer,382,,0,,,
190-09281-402,,AR,1,EA,HORIZONTAL STAB LE PANEL,,Embraer,376,,0,,,
190-09281-402,,AR,1,EA,HORIZONTAL STAB LE PANEL,,Embraer,424,,0,,,
190-09381-403,,AR,1,EA,L/E O/B PANELS,,Embraer,422,,0,,,
190-09616-405,,AR,1,EA,TIP PANEL,,Embraer,440,,0,,,
190-09616-406,,AR,1,EA,TIP PANEL,,Embraer,442,,0,,,
190-09910-435,,AR,1,EA,BALANCED RUDDER ASSY,,Embraer,550080,,0,,,
925010-100,,SV,1,EA,DIU AIRSHOW 4200,,Boeing,H01001119,,0,,,
190-09910-439,,AR,1,EA,BALANCED RUDDER ASSY,,Embraer,642027,,0,,,
190-10343-403,,AR,1,EA,LEFT NLG DOOR,,Embraer,551344,,0,,,
190-10343-403,,AR,1,EA,LEFT NLG DOOR,,Embraer,640133,,0,,,
190-10343-404,,AR,1,EA,DOOR ASSY REPAIR EQUIP,,Embraer,551313,,0,,,
190-10343-404,,AR,1,EA,DOOR ASSY REPAIR EQUIP,,Embraer,645064,,0,,,
940732,,AI,1,EA,PUMP,,Boeing,MX702705B,,0,,,
190-10345-411,,AR,1,EA,NOSE LANDING GEAR DOOR FWD LH,,Embraer,645068,,0,,,
190-10345-411,,AR,1,EA,NOSE LANDING GEAR DOOR FWD LH,,Embraer,551364,,0,,,
190-10345-412,,AR,1,EA,NOSE LANDING GEAR DOOR FWD RH,,Embraer,551386,,0,,,
190-10345-412,,AR,1,EA,NOSE LANDING GEAR DOOR FWD RH,,Embraer,645075,,0,,,
190-10755-401,,AR,1,EA,"HARNESS W182, NOSE LDG GR COMPT",,Embraer,N/A,,0,,,
190-13610-107,,AR,1,EA,AFT DRAIN COVER,,Embraer,N/A,,0,,,
190-13610-407,,AR,1,EA,DRAIN MAST,,Embraer,N/A,,0,,,
190-13612-405,,AR,1,EA,"FAIRING, DRAIN",,Embraer,N/A,,0,,,
190-13614-405,,AR,1,EA,"FAIRING, DRAIN",,Embraer,N/A,,0,,,
190-15500-401,,AR,1,EA,"FAIRING ASSY, MOVEABLE",,Embraer,N/A,,0,,,
190-15500-402,,AR,1,EA,"FAIRING ASSY, MOVEABLE",,Embraer,N/A,,0,,,
190-16831-403,,AR,1,EA,SLAT 1,,Embraer,SA1396,,0,,,
190-16831-404,,AR,1,EA,SLAT 1,,Embraer,SA1363,,0,,,
9599-607-14942,,SV,1,EA,RADIO ALTIMETER,,Airbus,9317,,0,,,
190-16831-404,,AR,1,EA,SLAT 1,,Embraer,SA1396,,0,,,
190-17111-409,,AR,1,EA,REINFORCED COCKPIT DOOR ASSY,,Embraer,702,,0,,,
190-17111-627,,AR,1,EA,COCKPIT DOOR,,Embraer,752,,0,,,
190-17918-413,,AR,1,EA,SLAT 2,,Embraer,SA1361,,0,,,
190-17918-413,,AR,1,EA,SLAT 2,,Embraer,SA1400,,0,,,
190-17918-414,,AR,1,EA,SLAT 2,,Embraer,SA1374,,0,,,
190-17918-414,,AR,1,EA,SLAT 2,,Embraer,SA1364,,0,,,
190-17919-407,,AR,1,EA,SLAT 3,,Embraer,SA1365,,0,,,
190-17919-407,,AR,1,EA,SLAT 3,,Embraer,SA1349,,0,,,
190-17919-408,,AR,1,EA,SLAT 3,,Embraer,SA1397,,0,,,
190-17919-408,,AR,1,EA,SLAT 3,,Embraer,SA1362,,0,,,
190-17920-413,,AR,1,EA,SLAT 4,,Embraer,SA1337,,0,,,
190-17920-413,,AR,1,EA,SLAT 4,,Embraer,SA1349,,0,,,
190-17920-414,,AR,1,EA,SLAT 4,,Embraer,SA1388,,0,,,
190-17920-414,,AR,1,EA,SLAT 4,,Embraer,SA1350,,0,,,
190-18429-457,,AR,1,EA,DOOR ASSY,,Embraer,553651,,0,,,
190-18429-458,,AR,1,EA,DOOR ASSY,,Embraer,553653,,0,,,
190-18429-459,,AR,1,EA,MLG INBOARD DOOR ASSY,,Embraer,642640,,0,,,
190-18429-460,,AR,1,EA,MLG INBOARD DOOR ASSY,,Embraer,642641,,0,,,
190-26026-417,,AR,1,EA,"PANEL ASSY, CENTER",,Embraer,554192,,0,,,
190-26026-417,,AR,1,EA,"PANEL ASSY, CENTER",,Embraer,645309,,0,,,
190-26030-401,,AR,1,EA,DOOR ASSY,,Embraer,N/A,,0,,,
190-26030-402,,AR,1,EA,DOOR ASSY,,Embraer,N/A,,0,,,
190-26064-403,,AR,1,EA,ACCESS DOOR,,Embraer,360,,0,,,
190-26064-404,,AR,1,EA,ACCESS DOOR,,Embraer,190,,0,,,
190-26073-405,,AR,1,EA,ACCESS PANEL,,Embraer,N/A,,0,,,
190-26074-403,,AR,1,EA,ACCESS DOOR,,Embraer,N/A,,0,,,
190-26078-403,,AR,1,EA,ACCESS DOOR,,Embraer,N/A,,0,,,
190-26080-405,,AR,1,EA,ACCES PANEL,,Embraer,N/A,,0,,,
190-26082-403,,AR,1,EA,ACCESS PANEL,,Embraer,N/A,,0,,,
190-26082-404,,AR,1,EA,ACCESS DOOR,,Embraer,N/A,,0,,,
190-26084-415,,AR,1,EA,WING TO BODY FAIRING - CH,,Embraer,N / A,,0,,,
190-26084-415,,AR,1,EA,WING TO BODY FAIRING - CH,,Embraer,N / A,,0,,,
963A0000-02,,SV,1,EA,"VALVE,TRIM AIR",,Airbus,1318,,0,,,
964-0401-017,,SV,1,EA,AIRBORNE DATA LOADER,,Boeing,3588,,0,,,
190-26084-416,,AR,1,EA,WING TO BODY FAIRING - RH,,Embraer,N / A,,0,,,
965-0976-003-206-206,,SV,1,EA,EGPWS,,Airbus,22757,,0,,,
190-26084-416,,AR,1,EA,WING TO BODY FAIRING - RH,,Embraer,N / A,,0,,,
965-1676-002,,SV,1,EA,EGPWS - ENHANCED GROUND PROXIMITY WARNING COMPUTER,,Airbus,EMK5-07970,,0,,,
190-26116-403,,AR,1,EA,ACCESS DOOR,,Embraer,N/A,,0,,,
190-26116-404,,AR,1,EA,ACCESS DOOR,,Embraer,N/A,,0,,,
190-26120-402,,AR,1,EA,ACCESS DOOR,,Embraer,N/A,,0,,,
190-26124-407,,AR,1,EA,ACCESS PANEL,,Embraer,N / A,,0,,,
190-26124-407,,AR,1,EA,ACCESS PANEL,,Embraer,N / A,,0,,,
190-26124-408,,AR,1,EA,ACCESS PANEL,,Embraer,N / A,,0,,,
190-26124-408,,AR,1,EA,ACCESS PANEL,,Embraer,N / A,,0,,,
190-26130-406,,AR,1,EA,ACCESS PANEL,,Embraer,NSN,,0,,,
190-26268-403,,AR,1,EA,L/H EMERGENCY LIGHT SUPPORT,,Embraer,N/A,,0,,,
190-26268-404,,AR,1,EA,EMERGENCY LIGHT SUPPORT,,Embraer,N/A,,0,,,
190-26299-407,,AR,1,EA,FUSELAGE PANEL,,Embraer,N/A,,0,,,
190-26407-901,,AR,1,EA,L/H EMERGENCY LIGHT LENS,,Embraer,476,,0,,,
190-26407-902,,AR,1,EA,R/H EMERGENCY LIGHT LENS,,Embraer,490,,0,,,
190-28120-404,,AR,1,EA,ACCESS DOOR,,Embraer,N/A,,0,,,
190-30522-421,,AR,1,EA,FUEL ACCESS PANEL,,Embraer,N / A,,0,,,
190-30522-421,,AR,1,EA,FUEL ACCESS PANEL,,Embraer,N / A,,0,,,
190-31070-421,,AR,1,EA,"FUEL PANEL, ACCESS DOOR ASSY",,Embraer,N/A,,0,,,
190-31384-901,,AR,1,EA,LANDING LIGHT LENS ASSY LH,,Embraer,N / A,,0,,,
190-31384-901,,AR,1,EA,LANDING LIGHT LENS ASSY LH,,Embraer,N / A,,0,,,
190-31384-902,,AR,1,EA,LANDING LIGHT LENS ASSY RH,,Embraer,N / A,,0,,,
190-31384-902,,AR,1,EA,LANDING LIGHT LENS ASSY RH,,Embraer,N / A,,0,,,
190-31652-021,,AR,1,EA,SLAT TRACK ASSORTED COMPONENTS,,Embraer,NSN,,0,,,
190-31662-021,,AR,1,EA,SLAT TRACK ASSORTED COMPONENTS,,Embraer,NSN,,0,,,
190-32051-421,,AR,1,EA,WING PANEL,,Embraer,3588422,,0,,,
190-32053-022,,AR,1,EA,R/H U/C MAIN JACK ACCESS PANEL,,Embraer,35799156,,0,,,
190-33100-421,,AR,1,EA,FUEL ACCESS PANEL #1 LH,,Embraer,F035685874,,0,,,
190-33100-422,,AR,1,EA,FUEL ACCESS PANEL #1 RH,,Embraer,F035687732,,0,,,
190-33101-421,,AR,1,EA,FUEL ACCESS PANEL #2 LH,,Embraer,F035685874,,0,,,
190-33102-421,,AR,1,EA,FUEL ACCESS PANEL #3 LH,,Embraer,F035685874,,0,,,
190-33102-422,,AR,1,EA,FUEL ACCESS PANEL #3 RH,,Embraer,F035687732,,0,,,
971-4193-001,,AI,1,EA,ACCELEROMETER,,Boeing,11709,,0,,,
190-33104-421,,AR,1,EA,FUEL ACCESS PANEL #6 RH,,Embraer,F035685874,,0,,,
190-33104-421,,AR,1,EA,FUEL ACCESS PANEL #6 RH,,Embraer,F035687732,,0,,,
190-33106-421,,AR,1,EA,FUEL ACCESS PANEL #8 RH,,Embraer,N / A,,0,,,
190-33106-421,,AR,1,EA,FUEL ACCESS PANEL #8 RH,,Embraer,N / A,,0,,,
190-33106-421,,AR,1,EA,FUEL ACCESS PANEL #8 RH,,Embraer,N / A,,0,,,
190-33106-421,,AR,1,EA,FUEL ACCESS PANEL #8 RH,,Embraer,N / A,,0,,,
190-33106-421,,AR,1,EA,FUEL ACCESS PANEL #8 RH,,Embraer,N / A,,0,,,
190-33106-421,,AR,1,EA,FUEL ACCESS PANEL #8 RH,,Embraer,N / A,,0,,,
190-33107-421,,AR,1,EA,FUEL ACCESS PANEL #11,,Embraer,F035687732,,0,,,
190-33111-421,,AR,1,EA,FUEL ACCESS PANEL #16 LH,,Embraer,N / A,,0,,,
190-33111-421,,AR,1,EA,FUEL ACCESS PANEL #16 LH,,Embraer,N / A,,0,,,
190-33115-421,,AR,1,EA,OUTER WING ACCESS PANEL,,Embraer,N/A,,0,,,
190-33115-422,,AR,1,EA,FUEL TANK ACCESS PANEL,,Embraer,N/A,,0,,,
190-33116-421,,AR,1,EA,FUEL ACCESS PANEL #6 LH,,Embraer,F035685874,,0,,,
190-33116-421,,AR,1,EA,FUEL ACCESS PANEL #6 LH,,Embraer,F035687732,,0,,,
190-33117-421,,AR,1,EA,FUEL ACCESS PANEL #15 RH,,Embraer,F035687732,,0,,,
190-33117-421,,AR,1,EA,FUEL ACCESS PANEL #15 RH,,Embraer,F035685874,,0,,,
190-33121-021,,AR,1,EA,RETAINER ACCESS DOOR 2 AL,,Embraer,F035569988,,0,,,
190-33124-021,,AR,1,EA,RETAINER ACCESS DOOR 6 AL,,Embraer,N / A,,0,,,
190-33124-021,,AR,1,EA,RETAINER ACCESS DOOR 6 AL,,Embraer,N / A,,0,,,
190-33126-021,,AR,1,EA,RETAINER ACCESS DOOR 8 9 10 AL,,Embraer,N / A,,0,,,
190-33126-021,,AR,1,EA,RETAINER ACCESS DOOR 8 9 10 AL,,Embraer,N / A,,0,,,
190-33126-021,,AR,1,EA,RETAINER ACCESS DOOR 8 9 10 AL,,Embraer,N / A,,0,,,
190-33126-021,,AR,1,EA,RETAINER ACCESS DOOR 8 9 10 AL,,Embraer,N / A,,0,,,
190-33126-021,,AR,1,EA,RETAINER ACCESS DOOR 8 9 10 AL,,Embraer,N / A,,0,,,
975302-1,,SV,1,EA,VALVE-PUMP UNLOADER SYSTEM #3,,Embraer,736,,0,,,
190-33126-021,,AR,1,EA,RETAINER ACCESS DOOR 8 9 10 AL,,Embraer,N / A,,0,,,
190-33136-021,,AR,1,EA,RETAINER ACCESS DOOR 5 AL,,Embraer,N/A,,0,,,
190-33401-022,,AR,1,EA,FUEL ACCESS PANEL #2 RH,,Embraer,NSN,,0,,,
975303-3,,SV,1,EA,VALVE-PRIORITY,,Embraer,2096,,0,,,
190-33405-021,,AR,1,EA,FUEL ACCESS PANEL #7,,Embraer,N/A,,0,,,
190-33405-022,,AR,1,EA,FUEL ACCESS PANEL #7 RH,,Embraer,N/A,,0,,,
190-33407-021,,AR,1,EA,FUEL ACCESSS PANEL #11 LH,,Embraer,N/A,,0,,,
190-33408-021,,AR,1,EA,FUEL ACCESS PANEL #12 LH,,Embraer,N/A,,0,,,
190-33408-022,,AR,1,EA,FUEL ACCESS PANEL #11,,Embraer,N/A,,0,,,
190-34001-423,,AR,1,EA,WINGLET ASSY,,Embraer,415,,0,,,
190-34001-424,,AR,1,EA,WINGLET ASSY,,Embraer,415,,0,,,
190-36702-003,,AR,1,EA,SLAT TRACK ENGAGEMENT COG,,Embraer,SNE6929,,0,,,
190-36801-403,,AR,1,EA,"TRACK 1 ASSY LINKAGE, LH",,Embraer,X357SNAAD001821,,0,,,
190-36801-404,,AR,1,EA,"TRACK 1 ASSY LINKAGE, RH",,Embraer,X357SNAAD001822,,0,,,
190-36801-405,,AR,1,EA,SLAT TRACK,,Embraer,AD002995,,0,,,
190-36801-406,,AR,1,EA,SLAT TRACK,,Embraer,AD002996,,0,,,
190-36802-403,,AR,1,EA,"TRACK 2 ASSY LINKAGE, LH",,Embraer,X357SNAAD002095,,0,,,
190-36802-404,,AR,1,EA,"TRACK 2 ASSY LINKAGE, RH",,Embraer,X360SNAAD002105,,0,,,
190-36802-405,,AR,1,EA,SLAT TRACK,,Embraer,AD002749,,0,,,
190-36802-406,,AR,1,EA,SLAT TRACK,,Embraer,AD002752,,0,,,
190-36803-403,,AR,1,EA,"TRACK 3 ASSY LINKAGE, LH",,Embraer,X357SNAAD001899,,0,,,
190-36803-404,,AR,1,EA,"TARCK 3 ASSY LINKAGE , RH",,Embraer,X360SNAAD001916,,0,,,
A12SA,,SV,1,EA,VOICE GUN/ELEC MEG PHONE,,Embraer,367MG2,,0,,,
A12SA,,SV,1,EA,VOICE GUN/ELEC MEG PHONE,,Embraer,367MG1,,0,,,
190-36803-405,,AR,1,EA,SLAT TRACK,,Embraer,AD001612,,0,,,
190-36803-406,,AR,1,EA,SLAT TRACK,,Embraer,AD002991,,0,,,
190-36804-405,,AR,1,EA,"TRACK 4 ASSY LINKAGE , LH",,Embraer,X357SNAAD002317,,0,,,
190-36804-406,,AR,1,EA,"TRACK 4 ASSY LINKAGE, RH",,Embraer,X359SNAAQD002334,,0,,,
190-36804-407,,AR,1,EA,SLAT TRACK,,Embraer,AD002846,,0,,,
190-36804-408,,AR,1,EA,SLAT TRACK,,Embraer,AD002847,,0,,,
190-36805-405,,AR,1,EA,"TRACK 5 ASSY LINKAGE, LH",,Embraer,X357SNAAD002211,,0,,,
190-36805-406,,AR,1,EA,"TRACK 5 ASSY LINKAGE, RH",,Embraer,X357SNAAD002212,,0,,,
190-36805-407,,AR,1,EA,SLAT TRACK,,Embraer,AD002200,,0,,,
190-36805-408,,AR,1,EA,SLAT TRACK,,Embraer,AD002584,,0,,,
190-36806-405,,AR,1,EA,"TRACK 6 ASSY LINKAGE, LH",,Embraer,X357SNAAD001303,,0,,,
190-36806-406,,AR,1,EA,"TRACK 6 ASSY LINKAGE, RH",,Embraer,X357SNAAD002330,,0,,,
190-36806-407,,AR,1,EA,SLAT TRACK,,Embraer,AD002842,,0,,,
190-36806-408,,AR,1,EA,SLAT TRACK,,Embraer,AD002843,,0,,,
A25315-1,,SV,1,EA,PARK BRKOPERT VALVE,,Airbus,H2835,,0,,,
190-36807-405,,AR,1,EA,"TRACK 7 ASSY LINKAGE, LH",,Embraer,X360SNAAD001872,,0,,,
A25316-101,,SV,1,EA,VALVE,,Airbus,H3190,,0,,,
190-36807-406,,AR,1,EA,"TRACK 7 ASSY LINKAGE, RH",,Embraer,X357SNAAD001866,,0,,,
A25434006-3000,,SV,1,EA,DUAL DISTRIBUT VALVE,,Airbus,H3078,,0,,,
190-36807-407,,AR,1,EA,SLAT TRACK,,Embraer,AD003168,,0,,,
190-36807-408,,AR,1,EA,SLAT TRACK,,Embraer,AD002810,,0,,,
190-36808-405,,AR,1,EA,"TRACK 8 ASSY LINKAGE, LH",,Embraer,X357SNAAD002183,,0,,,
190-36808-406,,AR,1,EA,"TRACK 8 ASSY LINKAGE, RH",,Embraer,X357SNAAD002184,,0,,,
190-36808-407,,AR,1,EA,SLAT TRACK,,Embraer,AD003055,,0,,,
190-36808-408,,AR,1,EA,SLAT TRACK,,Embraer,AD003056,,0,,,
190-36809-405,,AR,1,EA,"TRACK 9 ASSY LINKAGE, LH",,Embraer,X357SNAAD002188,,0,,,
190-36809-406,,AR,1,EA,"TRACK 9 ASSY LINKAGE, RH",,Embraer,X357SNAAD002190,,0,,,
190-36809-407,,AR,1,EA,SLAT TRACK,,Embraer,AD002982,,0,,,
ACP2788AB04,,SV,1,EA,AUDIO CONTROL PANEL,,Airbus,1146,,0,,,
190-36809-408,,AR,1,EA,SLAT TRACK,,Embraer,AD002983,,0,,,
190-38100-001,,AR,1,EA,FLAP TRACK I/N FLAP #1 L/H,,Embraer,N/A,,0,,,
190-38100-002,,AR,1,EA,FLAP TRACK I/B FLAP #1 R/H,,Embraer,N/A,,0,,,
AMU2790CB04,,SV,1,EA,AMU - AUDIO MANAGEMENT UNIT,,Airbus,790,,0,,,
AMU2790CB06,,SV,1,EA,AMU-AUDIO MANAGEMENT UNIT,,Airbus,1828,,0,,,
APE5100,,SV,1,EA,COCKPIT CLOCK,,Airbus,20,,0,,,
APS2300 APU-BOX,,SV,1,EA,APU SHIPPING CONTAINER FOR APS2300,,Embraer,N / A,,0,,,
190-38102-001,,AR,1,EA,INBOARD FLAP TRACK,,Embraer,N/A,,0,,,
190-38102-002,,AR,1,EA,INB FLAP TRACK,,Embraer,NSN,,0,,,
190-38103-001,,AR,1,EA,OUTBOARD FLAP TRACK,,Embraer,N/A,,0,,,
190-38103-002,,AR,1,EA,O/B FLAP TRACK,,Embraer,NSN,,0,,,
190-38301-403,,AR,1,EA,FLAP ASSY,,Embraer,409,,0,,,
APU LOG BOOK,,SV,1,EA,APU LOG BOOK,,Embraer,HSC-E1023759-1,,0,,,
190-38301-404,,AR,1,EA,FLAP ASSY,,Embraer,411,,0,,,
190-38605-407,,AR,1,EA,SPOILER 1 ASSY,,Embraer,375,,0,,,
190-38605-407,,AR,1,EA,SPOILER 1 ASSY,,Embraer,415,,0,,,
190-38605-408,,AR,1,EA,SPOILER 1 ASSY,,Embraer,375,,0,,,
190-38605-408,,AR,1,EA,SPOILER 1 ASSY,,Embraer,414,,0,,,
190-38651-407,,AR,1,EA,SPOILER2 ASSY,,Embraer,374,,0,,,
190-38651-407,,AR,1,EA,SPOILER2 ASSY,,Embraer,413,,0,,,
190-38651-408,,AR,1,EA,SPOILER2 ASSY,,Embraer,374,,0,,,
190-38651-408,,AR,1,EA,SPOILER2 ASSY,,Embraer,411,,0,,,
190-38701-407,,AR,1,EA,"SPOILER3 ASSY,LH",,Embraer,374,,0,,,
190-38701-407,,AR,1,EA,"SPOILER3 ASSY,LH",,Embraer,411,,0,,,
190-38729-407,,AR,1,EA,"SPOILER3 ASSY,RH",,Embraer,373,,0,,,
190-38729-407,,AR,1,EA,"SPOILER3 ASSY,RH",,Embraer,414,,0,,,
190-38731-407,,AR,1,EA,"SPOILER4 ASSY,LH",,Embraer,411,,0,,,
190-38731-407,,AR,1,EA,"SPOILER4 ASSY,LH",,Embraer,372,,0,,,
190-38759-407,,AR,1,EA,"SPOILER4 ASSY,RH",,Embraer,413,,0,,,
AV13J5144,,SV,1,EA,FUEL CONNECT/BYPASS VALVE,,Boeing,AA92088,,0,,,
190-38759-407,,AR,1,EA,"SPOILER4 ASSY,RH",,Embraer,371,,0,,,
190-38761-407,,AR,1,EA,"SPOILER5 ASSY,LH",,Embraer,413,,0,,,
190-38761-407,,AR,1,EA,"SPOILER5 ASSY,LH",,Embraer,371,,0,,,
190-38789-407,,AR,1,EA,"SPOILER5 ASSY,RH",,Embraer,410,,0,,,
B372BAM0511,,SV,1,EA,SPOILER ELEVATOR COMPUTER,,Airbus,Q00136011395,,0,,,
190-38789-407,,AR,1,EA,"SPOILER5 ASSY,RH",,Embraer,373,,0,,,
B372BAM0515,,SV,1,EA,SPOILER ELEVATOR COMPUTER,,Airbus,Q00136011001,,0,,,
B401ACM0507,,SV,1,EA,CF DIU-C F D1SPLY UNT,,Airbus,416,,0,,,
190-38801-405,,AR,1,EA,"AILERON ASSY,LH",,Embraer,415,,0,,,
190-38801-405,,AR,1,EA,"AILERON ASSY,LH",,Embraer,379,,0,,,
B546CCM0106,,SV,1,EA,FLIGHT MANAGMENT COMPUTER,,Airbus,6612,,0,,,
190-38801-406,,AR,1,EA,"AILERON ASSY,RH",,Embraer,416,,0,,,
190-38801-406,,AR,1,EA,"AILERON ASSY,RH",,Embraer,226,,0,,,
190-39390-405,,AR,1,EA,DOOR ASSY,,Embraer,376,,0,,,
190-39390-406,,AR,1,EA,DOOR ASSY,,Embraer,372,,0,,,
190-39470-411,,AR,1,EA,DOOR ASSY,,Embraer,417,,0,,,
190-39470-411,,AR,1,EA,DOOR ASSY,,Embraer,378,,0,,,
190-39470-412,,AR,1,EA,DOOR ASSY,,Embraer,374,,0,,,
190-39470-412,,AR,1,EA,DOOR ASSY,,Embraer,413,,0,,,
190-45412-401,,AR,1,EA,PSU,,Embraer,EM020447,,0,,,
190-45413-401,,AR,1,EA,PSU,,Embraer,EM020448,,0,,,
190-45451-401,,AR,1,EA,FILLER O/W EXIT PANEL ASSY,,Embraer,EM020451,,0,,,
190-55161-403,,AR,1,EA,LH WAI TELESCOPIC DUCT,,Embraer,B5005-2,,0,,,
190-55163-403,,AR,1,EA,RH WAI TELESCOPIC DUCT,,Embraer,B5102-2,,0,,,
190-62062-411,,AR,1,EA,ELEVATOR COMPLETION,,Embraer,754,,0,,,
190-62062-412,,AR,1,EA,ELEVATOR COMPLETION,,Embraer,734,,0,,,
190-62062-413,,AR,1,EA,ELEVATOR L/H,,Embraer,804,,0,,,
190-62062-414,,AR,1,EA,ELEVATOR R/H,,Embraer,784,,0,,,
190-70980-405,,AR,1,EA,RETRACTION ACTUATOR MLG - EQUIPPED,,Embraer,870,,0,,,
190-70980-405,,AR,1,EA,RETRACTION ACTUATOR MLG - EQUIPPED,,Embraer,866,,0,,,
190-71100-405,,AR,1,EA,DOWNLOCK REALEASE ACTUATOR MLG,,Embraer,1491,,0,,,
190-71100-405,,AR,1,EA,DOWNLOCK REALEASE ACTUATOR MLG,,Embraer,1586,,0,,,
190-71100-405,,AR,1,EA,DOWNLOCK REALEASE ACTUATOR MLG,,Embraer,1587,,0,,,
190-71341-403,,AR,1,EA,MECHANISM,,Embraer,1369963/001,,0,,,
190-83000-413,,AR,1,EA,DOOR,,Embraer,L0681-1,,0,,,
190-83000-413,,AR,1,EA,DOOR,,Embraer,L0663-2,,0,,,
190-83000-413,,AR,1,EA,DOOR,,Embraer,L0733-2,,0,,,
190-83000-413,,AR,1,EA,DOOR,,Embraer,L0732-1,,0,,,
190-92001-431,,AR,1,EA,L/H FLAP TRACK CARRIAGE #1,,Embraer,644905,,0,,,
190-92001-432,,AR,1,EA,INB FLAP TRACK CARRIAGE ASSY #1,,Embraer,642644,,0,,,
190-92051-431,,AR,1,EA,O/B FLAP TRACK CARRIAGE #4,,Embraer,643743,,0,,,
190-92051-432,,AR,1,EA,R/H FLAP TRACK CARRIAGE #4,,Embraer,640445,,0,,,
190-92101-431,,AR,1,EA,O/B FLAP TRACK CARRIAGE # 4,,Embraer,641679,,0,,,
190-92101-432,,AR,1,EA,R/H FLAP TRACK CARRIAGE #4,,Embraer,641678,,0,,,
190-92101-432,,AR,1,EA,R/H FLAP TRACK CARRIAGE #4,,Embraer,641681,,0,,,
190-92101-432,,AR,1,EA,R/H FLAP TRACK CARRIAGE #4,,Embraer,641682,,0,,,
190-92151-431,,AR,1,EA,FLAP TRACK SUPPORT #1,,Embraer,549854,,0,,,
190-92151-431,,AR,1,EA,FLAP TRACK SUPPORT #1,,Embraer,644919,,0,,,
190-92151-432,,AR,1,EA,FLAP TRACK SUPPORT #1,,Embraer,549855,,0,,,
190-92151-432,,AR,1,EA,FLAP TRACK SUPPORT #1,,Embraer,643755,,0,,,
190-92191-421,,AR,1,EA,FLAP TRACK SUPPORT #2,,Embraer,521961,,0,,,
190-92191-422,,AR,1,EA,FLAP TRACK SUPPORT #2,,Embraer,545803,,0,,,
190-92221-421,,AR,1,EA,FLAP TRACK SUPPORT #3,,Embraer,546171,,0,,,
190-92221-422,,AR,1,EA,FLAP TRACK SUPPORT #3,,Embraer,545801,,0,,,
190-92245-421,,AR,1,EA,FLAP TRACK SUPPORT #4,,Embraer,546006,,0,,,
C16393AA02,,SV,1,EA,INDICATOR-ISIS INTEGRATED STANDBY INDICATING SYSTE,,Embraer,C16393001226,,0,,,
C16393AA02,,SV,1,EA,INDICATOR-ISIS INTEGRATED STANDBY INDICATING SYSTE,,Embraer,C16393000433,,0,,,
190-92245-422,,AR,1,EA,FLAP TRACK SUPPORT #4,,Embraer,543754,,0,,,
190-92270-031,,AR,1,EA,I/B FLAP TRACK #2,,Embraer,N / A,,0,,,
190-92270-031,,AR,1,EA,I/B FLAP TRACK #2,,Embraer,N / A,,0,,,
190-92270-031,,AR,1,EA,I/B FLAP TRACK #2,,Embraer,N / A,,0,,,
190-92270-031,,AR,1,EA,I/B FLAP TRACK #2,,Embraer,N / A,,0,,,
190-92270-032,,AR,1,EA,O/B FLAP TRACK #2,,Embraer,N / A,,0,,,
190-92270-032,,AR,1,EA,O/B FLAP TRACK #2,,Embraer,N / A,,0,,,
190-92270-032,,AR,1,EA,O/B FLAP TRACK #2,,Embraer,N / A,,0,,,
190-92272-031,,AR,1,EA,O/B FLAP TRACK #3,,Embraer,N / A,,0,,,
190-92272-031,,AR,1,EA,O/B FLAP TRACK #3,,Embraer,N / A,,0,,,
190-92272-031,,AR,1,EA,O/B FLAP TRACK #3,,Embraer,N / A,,0,,,
190-92272-031,,AR,1,EA,O/B FLAP TRACK #3,,Embraer,N / A,,0,,,
C20105000-2,,SV,1,EA,TACHOMETER,,Airbus,58185,,0,,,
190-92272-031,,AR,1,EA,O/B FLAP TRACK #3,,Embraer,N / A,,0,,,
190-92272-031,,AR,1,EA,O/B FLAP TRACK #3,,Embraer,N / A,,0,,,
190-92272-031,,AR,1,EA,O/B FLAP TRACK #3,,Embraer,N / A,,0,,,
C24703003-1,,SV,1,EA,ELEC PARK BRKG VALVE,,Airbus,H1232,,0,,,
190-92272-032,,AR,1,EA,I/B FLAP TRACK #4,,Embraer,N / A,,0,,,
190-92272-032,,AR,1,EA,I/B FLAP TRACK #4,,Embraer,N / A,,0,,,
190-92272-032,,AR,1,EA,I/B FLAP TRACK #4,,Embraer,N / A,,0,,,
C24730100,,SV,1,EA,NLG DOOR UPLOCK,,Airbus,H3900,,0,,,
190-92272-032,,AR,1,EA,I/B FLAP TRACK #4,,Embraer,N / A,,0,,,
190-92272-032,,AR,1,EA,I/B FLAP TRACK #4,,Embraer,N / A,,0,,,
C24837101-3,,SV,1,EA,MANIFOLD-NORMAL BRAKE ASSY,,Airbus,H4353,,0,,,
190-92272-032,,AR,1,EA,I/B FLAP TRACK #4,,Embraer,N / A,,0,,,
C-5K,,SV,1,EA,COMPASS - STANDBY,,Airbus,98061341A,,0,,,
190-92272-032,,AR,1,EA,I/B FLAP TRACK #4,,Embraer,N / A,,0,,,
190-92272-032,,AR,1,EA,I/B FLAP TRACK #4,,Embraer,N / A,,0,,,
C82LL0010,,SV,1,EA,HYD RSRV DRAIN VALVE,,Airbus,1791,,0,,,
190-92272-032,,AR,1,EA,I/B FLAP TRACK #4,,Embraer,N / A,,0,,,
190-92401-403,,AR,1,EA,FLAP ASSY,,Embraer,415,,0,,,
190-92401-404,,AR,1,EA,FLAP ASSY,,Embraer,417,,0,,,
190-92402-405,,AR,1,EA,REAR FLAP,,Embraer,422,,0,,,
190-92402-406,,AR,1,EA,"FLAP, REAR",,Embraer,249,,0,,,
190-92404-401,,AR,1,EA,TRACK FAIRING ASSY,,Embraer,366,,0,,,
190-92405-403,,AR,1,EA,TRACK FAIRING ASSY,,Embraer,369,,0,,,
CG1151AC03,,SV,1,EA,CONTROL AND DISPLAY,,Airbus,1086,,0,,,
190-92406-403,,AR,1,EA,NO 2 BOAT FAIRING LH,,Embraer,401,,0,,,
190-92406-404,,AR,1,EA,NO 1 FLAP BOAT FAIRING RH,,Embraer,N/A,,0,,,
190-92406-404,,AR,1,EA,NO 1 FLAP BOAT FAIRING RH,,Embraer,376,,0,,,
190-92503-403,,AR,1,EA,NO 3 LH BOAT FAIRING,,Embraer,380,,0,,,
190-92503-403,,AR,1,EA,NO 3 LH BOAT FAIRING,,Embraer,379,,0,,,
CU09644003,,SV,1,EA,RESOLVER ASSY-AUTOTHROTTLE,,Boeing,5862,,0,,,
190-92503-404,,AR,1,EA,NO 3 BOAT FAIRING RH,,Embraer,N/A,,0,,,
190-92503-404,,AR,1,EA,NO 3 BOAT FAIRING RH,,Embraer,386,,0,,,
190-92509-403,,AR,1,EA,NO 1 BOAT FAIRING LH,,Embraer,381,,0,,,
190-92509-403,,AR,1,EA,NO 1 BOAT FAIRING LH,,Embraer,90,,0,,,
190-92509-404,,AR,1,EA,NO 4 RH BOAT FAIRING,,Embraer,N/A,,0,,,
190-92509-404,,AR,1,EA,NO 4 RH BOAT FAIRING,,Embraer,87,,0,,,
1C27-29,,AR,1,EA,DC FUEL PUMP CARTRIDGE,,Embraer,7BF42,,0,,,
CZ9DM6A,,SV,1,EA,TRANSDUCER-PRESSURE,,Airbus,HAK19056,,0,,,
1EN578-6,,AR,1,EA,TWO POLE MICROSWITCH,,Embraer,N/A,,0,,,
1EN578-6,,AR,1,EA,TWO POLE MICROSWITCH,,Embraer,N/A,,0,,,
200651698,,AR,1,EA,OVERDRIVE ASSEMBLY,,Embraer,N/A,,0,,,
2015G2H2H-9,,AR,1,EA,INTEGRATED PITOT/STA,,Embraer,4230,,0,,,
2015G2H2H-9,,AR,1,EA,INTEGRATED PITOT/STA,,Embraer,5596,,0,,,
2015G2H2H-9,,AR,1,EA,INTEGRATED PITOT/STA,,Embraer,4785,,0,,,
2015G2H2H-9,,AR,1,EA,INTEGRATED PITOT/STA,,Embraer,3095,,0,,,
20-171501,,AR,1,EA,BRAKE PEDAL POSITION TRANSDUCER,,Embraer,4689,,0,,,
20-171501,,AR,1,EA,BRAKE PEDAL POSITION TRANSDUCER,,Embraer,4698,,0,,,
20-171501,,AR,1,EA,BRAKE PEDAL POSITION TRANSDUCER,,Embraer,4697,,0,,,
20-171501,,AR,1,EA,BRAKE PEDAL POSITION TRANSDUCER,,Embraer,4486,,0,,,
20-171501,,AR,1,EA,BRAKE PEDAL POSITION TRANSDUCER,,Embraer,4517,,0,,,
20-171501,,AR,1,EA,BRAKE PEDAL POSITION TRANSDUCER,,Embraer,4512,,0,,,
20-171501,,AR,1,EA,BRAKE PEDAL POSITION TRANSDUCER,,Embraer,4485,,0,,,
20-171501,,AR,1,EA,BRAKE PEDAL POSITION TRANSDUCER,,Embraer,4690,,0,,,
2040016-101,,AR,1,EA,PRESSURE RELIEF VALVE,,Embraer,1612,,0,,,
D2727040001200,,SV,1,EA,ARTIFICIAL FEEL UNIT,,Airbus,TH-2319,,0,,,
2040016-101,,AR,1,EA,PRESSURE RELIEF VALVE,,Embraer,1493,,0,,,
2040016-101,,AR,1,EA,PRESSURE RELIEF VALVE,,Embraer,1494,,0,,,
2060091-101,,AR,1,EA,"VALVE, FLOAT VENT",,Embraer,395,,0,,,
2060091-101,,AR,1,EA,"VALVE, FLOAT VENT",,Embraer,500,,0,,,
2124-0001-405,,AR,1,EA,LINEAR DAMPER,,Embraer,2156,,0,,,
2124-0001-405,,AR,1,EA,LINEAR DAMPER,,Embraer,2332,,0,,,
2124-0001-405,,AR,1,EA,LINEAR DAMPER,,Embraer,2330,,0,,,
2124-0001-405,,AR,1,EA,LINEAR DAMPER,,Embraer,2175,,0,,,
21425-01,,AR,1,EA,VALVE-OFV OUTFLOW VALVE,,Embraer,10113048,,0,,,
21425-01,,AR,1,EA,VALVE-OFV OUTFLOW VALVE,,Embraer,1082657,,0,,,
21665-02,,AR,1,EA,NEGATIVE RELIEF VALVE,,Embraer,10114462,,0,,,
21665-02,,AR,1,EA,NEGATIVE RELIEF VALVE,,Embraer,10114511,,0,,,
2313M-589-4,,AR,1,EA,RH MOTOR,,Embraer,172,,0,,,
2314M-512-5,,AR,1,EA,L/H WINDSHEILD WIPER ARM,,Embraer,N/A,,0,,,
2314M-512-5,,AR,1,EA,L/H WINDSHEILD WIPER ARM,,Embraer,808,,0,,,
2314M-513-5,,AR,1,EA,R/H WINDSHEILD WIPER ARM,,Embraer,N/A,,0,,,
2314M-513-5,,AR,1,EA,R/H WINDSHEILD WIPER ARM,,Embraer,801,,0,,,
2341H000-003,,AR,1,EA,RESERVOIR-HYDRAULIC SYSTEM 1,,Embraer,1241,,0,,,
2342H000-001,,AR,1,EA,RESERVOIR-HYDRAULIC SYSTEM 3,,Embraer,1238,,0,,,
2342H000-001,,AR,1,EA,RESERVOIR-HYDRAULIC SYSTEM 3,,Embraer,1184,,0,,,
2343H000-001,,AR,1,EA,SWITCH PRESSURE,,Embraer,6209,,0,,,
2343H000-001,,AR,1,EA,SWITCH PRESSURE,,Embraer,6073,,0,,,
2344H000-001,,AR,1,EA,HEAT EXCHANGER BYPASS   VALVE,,Embraer,1500,,0,,,
2344H000-001,,AR,1,EA,HEAT EXCHANGER BYPASS   VALVE,,Embraer,1384,,0,,,
2344H000-001,,AR,1,EA,HEAT EXCHANGER BYPASS   VALVE,,Embraer,1405,,0,,,
2344H000-001,,AR,1,EA,HEAT EXCHANGER BYPASS   VALVE,,Embraer,1499,,0,,,
2345H000-003,,AR,1,EA,FILTER MANIFOLD SYSTEMS #3,,Embraer,712,,0,,,
2345H000-003,,AR,1,EA,FILTER MANIFOLD SYSTEMS #3,,Embraer,760,,0,,,
2346H000-006,,AR,1,EA,MANIFOLD-FILTER SYSTEM 1&2,,Embraer,1547,,0,,,
2346H000-006,,AR,1,EA,MANIFOLD-FILTER SYSTEM 1&2,,Embraer,1538,,0,,,
D32370107000,,SV,1,EA,VALVE ASSY,,Airbus,143,,0,,,
2346H000-006,,AR,1,EA,MANIFOLD-FILTER SYSTEM 1&2,,Embraer,1452,,0,,,
2346H000-006,,AR,1,EA,MANIFOLD-FILTER SYSTEM 1&2,,Embraer,1450,,0,,,
2352H000-002,,AR,1,EA,ASSEMBLY-CASE DRAIN FILTER,,Embraer,3363,,0,,,
2352H000-002,,AR,1,EA,ASSEMBLY-CASE DRAIN FILTER,,Embraer,3361,,0,,,
2352H000-002,,AR,1,EA,ASSEMBLY-CASE DRAIN FILTER,,Embraer,3150,,0,,,
2352H000-002,,AR,1,EA,ASSEMBLY-CASE DRAIN FILTER,,Embraer,3133,,0,,,
D434-56-001,,SV,1,EA,FLIGHT MODE ANNUNCIATOR,,Boeing,4449/12-99,,0,,,
2352H000-002,,AR,1,EA,ASSEMBLY-CASE DRAIN FILTER,,Embraer,3188,,0,,,
2352H000-002,,AR,1,EA,ASSEMBLY-CASE DRAIN FILTER,,Embraer,3369,,0,,,
2377H000-002,,AR,1,EA,RESERVOIR-HYDRAULIC SYSTEM 2,,Embraer,1116,,0,,,
2377H000-002,,AR,1,EA,RESERVOIR-HYDRAULIC SYSTEM 2,,Embraer,1156,,0,,,
2381H000-001,,AR,1,EA,"SWITCH, HYDRAULIC FLUID TEMPERATURE",,Embraer,4408,,0,,,
241-292-004-023,,AR,1,EA,CARD-ENGINE VIBRATION MONITORING MODULE,,Embraer,N/A,,0,,,
241-292-004-023,,AR,1,EA,CARD-ENGINE VIBRATION MONITORING MODULE,,Embraer,N/A,,0,,,
245-604067-001,,AR,1,EA,GPS MODULE,,Embraer,10034452,,0,,,
245-604067-001,,AR,1,EA,GPS MODULE,,Embraer,10084765,,0,,,
2601-27,,AR,1,EA,SOLENOID SHUTOFF VALVE,,Embraer,1116,,0,,,
2-7054-3,,AR,1,EA,"HANDLE FIRE EXTINGUISHING,ENGINE 2",,Embraer,2265,,0,,,
291302A,,AR,1,EA,SERVO BRACKET,,Embraer,A2405,,0,,,
291302A,,AR,1,EA,SERVO BRACKET,,Embraer,A2517,,0,,,
291302A,,AR,1,EA,SERVO BRACKET,,Embraer,A2494,,0,,,
2940039-104,,AR,1,EA,REFUEL/DEFUEL ADAPTOR,,Embraer,987,,0,,,
2940039-104,,AR,1,EA,REFUEL/DEFUEL ADAPTOR,,Embraer,1166,,0,,,
2950004-304,,AR,1,EA,ACTUATOR-SOV  SHUTOFF VALVE,,Embraer,AA242831,,0,,,
2950004-304,,AR,1,EA,ACTUATOR-SOV  SHUTOFF VALVE,,Embraer,AA217197,,0,,,
2950004-304,,AR,1,EA,ACTUATOR-SOV  SHUTOFF VALVE,,Embraer,AA243790,,0,,,
2950004-304,,AR,1,EA,ACTUATOR-SOV  SHUTOFF VALVE,,Embraer,AA242850,,0,,,
2990050-101,,AR,1,EA,FLAME ARRESTOR,,Embraer,1426,,0,,,
2990050-101,,AR,1,EA,FLAME ARRESTOR,,Embraer,1440,,0,,,
2990051-102,,AR,1,EA,VALVE SHUTOFF,,Embraer,AA245392,,0,,,
2990051-102,,AR,1,EA,VALVE SHUTOFF,,Embraer,AA218545,,0,,,
2990051-102,,AR,1,EA,VALVE SHUTOFF,,Embraer,AA218547,,0,,,
2990051-102,,AR,1,EA,VALVE SHUTOFF,,Embraer,AA218558,,0,,,
2990051-102,,AR,1,EA,VALVE SHUTOFF,,Embraer,AA239800,,0,,,
2990051-102,,AR,1,EA,VALVE SHUTOFF,,Embraer,AA243594,,0,,,
2990051-102,,AR,1,EA,VALVE SHUTOFF,,Embraer,AA243592,,0,,,
2990053-102,,AR,1,EA,VALVE-SHUTOFF (WITH ACTUATOR),,Embraer,AA242199,,0,,,
2990053-102,,AR,1,EA,VALVE-SHUTOFF (WITH ACTUATOR),,Embraer,AA214082,,0,,,
2990054-101,,AR,1,EA,PUMP-MAIN EJECTOR,,Embraer,1770,,0,,,
2990054-101,,AR,1,EA,PUMP-MAIN EJECTOR,,Embraer,1672,,0,,,
2990054-101,,AR,1,EA,PUMP-MAIN EJECTOR,,Embraer,1680,,0,,,
2990054-101,,AR,1,EA,PUMP-MAIN EJECTOR,,Embraer,1784,,0,,,
2990055-101,,AR,1,EA,SCAVENGE EJECTOR PUMP,,Embraer,4543,,0,,,
2990055-101,,AR,1,EA,SCAVENGE EJECTOR PUMP,,Embraer,4540,,0,,,
2990055-101,,AR,1,EA,SCAVENGE EJECTOR PUMP,,Embraer,4545,,0,,,
2990055-101,,AR,1,EA,SCAVENGE EJECTOR PUMP,,Embraer,4472,,0,,,
2990055-101,,AR,1,EA,SCAVENGE EJECTOR PUMP,,Embraer,4469,,0,,,
2990055-101,,AR,1,EA,SCAVENGE EJECTOR PUMP,,Embraer,4171,,0,,,
2990055-101,,AR,1,EA,SCAVENGE EJECTOR PUMP,,Embraer,4176,,0,,,
2990055-101,,AR,1,EA,SCAVENGE EJECTOR PUMP,,Embraer,4285,,0,,,
2990055-101,,AR,1,EA,SCAVENGE EJECTOR PUMP,,Embraer,4249,,0,,,
2990055-101,,AR,1,EA,SCAVENGE EJECTOR PUMP,,Embraer,4293,,0,,,
2990055-101,,AR,1,EA,SCAVENGE EJECTOR PUMP,,Embraer,4276,,0,,,
2990055-101,,AR,1,EA,SCAVENGE EJECTOR PUMP,,Embraer,4534,,0,,,
2990058-101,,AR,1,EA,CHECK VALVE-FUEL SYSTEM,,Embraer,5470,,0,,,
2990059-102,,AR,1,EA,VALVE-REFUEL SOLENOID,,Embraer,3830,,0,,,
2990059-102,,AR,1,EA,VALVE-REFUEL SOLENOID,,Embraer,3857,,0,,,
2990059-102,,AR,1,EA,VALVE-REFUEL SOLENOID,,Embraer,3997,,0,,,
2990059-102,,AR,1,EA,VALVE-REFUEL SOLENOID,,Embraer,3985,,0,,,
2990073-104,,AR,1,EA,VALVE-WATER DRAIN,,Embraer,4446,,0,,,
2990073-104,,AR,1,EA,VALVE-WATER DRAIN,,Embraer,4434,,0,,,
2990073-104,,AR,1,EA,VALVE-WATER DRAIN,,Embraer,4734,,0,,,
2990073-104,,AR,1,EA,VALVE-WATER DRAIN,,Embraer,4732,,0,,,
2990074-101,,AR,1,EA,FLOAT PILOT VALVE,,Embraer,2575,,0,,,
2990074-101,,AR,1,EA,FLOAT PILOT VALVE,,Embraer,2573,,0,,,
2990074-101,,AR,1,EA,FLOAT PILOT VALVE,,Embraer,2477,,0,,,
2990074-101,,AR,1,EA,FLOAT PILOT VALVE,,Embraer,2473,,0,,,
2990075-101,,AR,1,EA,PRESSURE RELIEF VALVE,,Embraer,1423,,0,,,
2990075-101,,AR,1,EA,PRESSURE RELIEF VALVE,,Embraer,1441,,0,,,
2990076-102,,AR,1,EA,FLOAT ACTUATED DRAIN VALVE,,Embraer,4065,,0,,,
2990076-102,,AR,1,EA,FLOAT ACTUATED DRAIN VALVE,,Embraer,4066,,0,,,
2990076-102,,AR,1,EA,FLOAT ACTUATED DRAIN VALVE,,Embraer,4071,,0,,,
2990076-102,,AR,1,EA,FLOAT ACTUATED DRAIN VALVE,,Embraer,4064,,0,,,
2990076-102,,AR,1,EA,FLOAT ACTUATED DRAIN VALVE,,Embraer,4373,,0,,,
2990076-102,,AR,1,EA,FLOAT ACTUATED DRAIN VALVE,,Embraer,4370,,0,,,
2990076-102,,AR,1,EA,FLOAT ACTUATED DRAIN VALVE,,Embraer,4369,,0,,,
2990076-102,,AR,1,EA,FLOAT ACTUATED DRAIN VALVE,,Embraer,4374,,0,,,
2990078-102,,AR,1,EA,REFUEL SHUTOFF VALVE,,Embraer,2157,,0,,,
2990078-102,,AR,1,EA,REFUEL SHUTOFF VALVE,,Embraer,2273,,0,,,
2990078-102,,AR,1,EA,REFUEL SHUTOFF VALVE,,Embraer,2274,,0,,,
2LA006954-11,,AR,1,EA,EMERGENCY EXIT LIGHT,,Embraer,2683424,,0,,,
2R5310A,,AR,1,EA,AUTOPILOT SERVO,,Embraer,C1310,,0,,,
2R5310A,,AR,1,EA,AUTOPILOT SERVO,,Embraer,C1778,,0,,,
2R5310A,,AR,1,EA,AUTOPILOT SERVO,,Embraer,C1795,,0,,,
30-2722-1,,AR,1,EA,STROBE LIGHT ASSY,,Embraer,1736,,0,,,
30-2722-1,,AR,1,EA,STROBE LIGHT ASSY,,Embraer,1743,,0,,,
30-2848-5,,AR,1,EA,INTEGRATED WINTIP LIGHT ASSY,,Embraer,686,,0,,,
30-2906-1,,AR,1,EA,"LIGHT , STROBOSCOPE , RED",,Embraer,1176,,0,,,
30-2906-1,,AR,1,EA,"LIGHT , STROBOSCOPE , RED",,Embraer,1324,,0,,,
33-159500-1,,AR,1,EA,ACCUMULATOR-PARKING BRAKE,,Embraer,EFS1503,,0,,,
33-159500-1,,AR,1,EA,ACCUMULATOR-PARKING BRAKE,,Embraer,EFS1155,,0,,,
33-159500-1,,AR,1,EA,ACCUMULATOR-PARKING BRAKE,,Embraer,EFS1617,,0,,,
33-159500-1,,AR,1,EA,ACCUMULATOR-PARKING BRAKE,,Embraer,EFS0743,,0,,,
33600081-3,,AR,1,EA,"FIREX BOTTLE, 224 CU INCH, 5LB HALO",,Embraer,71381D1,,0,,,
536117,,AR,1,EA,BALLAST UNIT,,Embraer,3858,,0,,,
536117,,AR,1,EA,BALLAST UNIT,,Embraer,4168,,0,,,
341-1010-509,,AR,1,EA,INLET COWL,,Embraer,817001,,0,,,
341-1010-509,,AR,1,EA,INLET COWL,,Embraer,818001,,0,,,
341-2001-515,,AR,1,EA,COWL ASSEMBLY,,Embraer,810001,,0,,,
341-2001-515,,AR,1,EA,COWL ASSEMBLY,,Embraer,808001,,0,,,
341-2002-509,,AR,1,EA,"COWL ASSEMBLY, FAN",,Embraer,810001,,0,,,
341-2002-509,,AR,1,EA,"COWL ASSEMBLY, FAN",,Embraer,808001,,0,,,
345-6196-04,,AR,1,EA,REMOTE SWITCH,,Embraer,118290,,0,,,
345-6196-04,,AR,1,EA,REMOTE SWITCH,,Embraer,NSN,,0,,,
35-833500,,AR,1,EA,CHARGE VALVE ASSY,,Embraer,1752,,0,,,
35-833500,,AR,1,EA,CHARGE VALVE ASSY,,Embraer,1756,,0,,,
366-208-001,,AR,1,EA,PANEL-REFUELING/DEFUEL,,Embraer,780,,0,,,
366-927-001,,AR,1,EA,FUEL REPEATER INDICATOR,,Embraer,2084,,0,,,
366-927-001,,AR,1,EA,FUEL REPEATER INDICATOR,,Embraer,1763,,0,,,
367-336-002,,AR,1,EA,UNIT-FUEL SIGNAL CONDITIONING UNIT,,Embraer,1270,,0,,,
367-336-002,,AR,1,EA,UNIT-FUEL SIGNAL CONDITIONING UNIT,,Embraer,1406,,0,,,
383300-1009,,AR,1,EA,AILERON TRIM ACTUATOR,,Embraer,3559,,0,,,
383300-1009,,AR,1,EA,AILERON TRIM ACTUATOR,,Embraer,3681,,0,,,
383300-1009,,AR,1,EA,AILERON TRIM ACTUATOR,,Embraer,3802,,0,,,
38-909500-2,,AR,1,EA,PARK AND MAIN BRAKE FUSE,,Embraer,1781,,0,,,
38-909500-2,,AR,1,EA,PARK AND MAIN BRAKE FUSE,,Embraer,1745,,0,,,
38-909500-2,,AR,1,EA,PARK AND MAIN BRAKE FUSE,,Embraer,1515,,0,,,
38-909500-2,,AR,1,EA,PARK AND MAIN BRAKE FUSE,,Embraer,1779,,0,,,
38-909500-2,,AR,1,EA,PARK AND MAIN BRAKE FUSE,,Embraer,1775,,0,,,
38-909500-2,,AR,1,EA,PARK AND MAIN BRAKE FUSE,,Embraer,1732,,0,,,
38-909500-2,,AR,1,EA,PARK AND MAIN BRAKE FUSE,,Embraer,1516,,0,,,
38-909500-2,,AR,1,EA,PARK AND MAIN BRAKE FUSE,,Embraer,1520,,0,,,
38-909500-2,,AR,1,EA,PARK AND MAIN BRAKE FUSE,,Embraer,1514,,0,,,
38-909500-2,,AR,1,EA,PARK AND MAIN BRAKE FUSE,,Embraer,1494,,0,,,
38-909500-2,,AR,1,EA,PARK AND MAIN BRAKE FUSE,,Embraer,1774,,0,,,
38-919500,,AR,1,EA,CHECK VALVE,,Embraer,4812,,0,,,
38-919500,,AR,1,EA,CHECK VALVE,,Embraer,3727,,0,,,
38-919500,,AR,1,EA,CHECK VALVE,,Embraer,3724,,0,,,
38-919501,,AR,1,EA,ONE WAY RESTRICTOR VALVE,,Embraer,327,,0,,,
38-919501,,AR,1,EA,ONE WAY RESTRICTOR VALVE,,Embraer,322,,0,,,
38-957500-2,,AR,1,EA,VALVE-BRAKE SHUTOFF,,Embraer,1162,,0,,,
38-957500-2,,AR,1,EA,VALVE-BRAKE SHUTOFF,,Embraer,1163,,0,,,
38-957500-2,,AR,1,EA,VALVE-BRAKE SHUTOFF,,Embraer,0092C,,0,,,
39-891-3,,AR,1,EA,BRAKE CONTROL VALVE WITH FILTERS,,Embraer,5418,,0,,,
39-891-3,,AR,1,EA,BRAKE CONTROL VALVE WITH FILTERS,,Embraer,5405,,0,,,
39-891-3,,AR,1,EA,BRAKE CONTROL VALVE WITH FILTERS,,Embraer,5254,,0,,,
39-891-3,,AR,1,EA,BRAKE CONTROL VALVE WITH FILTERS,,Embraer,5255,,0,,,
39-891-3,,AR,1,EA,BRAKE CONTROL VALVE WITH FILTERS,,Embraer,5261,,0,,,
39-891-3,,AR,1,EA,BRAKE CONTROL VALVE WITH FILTERS,,Embraer,5325,,0,,,
39-891-3,,AR,1,EA,BRAKE CONTROL VALVE WITH FILTERS,,Embraer,5407,,0,,,
3R1208B,,AR,1,EA,LOAD CELL-AILERON CONTROL WHEEL,,Embraer,C6975,,0,,,
3R1208B,,AR,1,EA,LOAD CELL-AILERON CONTROL WHEEL,,Embraer,C6967,,0,,,
3R1208B,,AR,1,EA,LOAD CELL-AILERON CONTROL WHEEL,,Embraer,C6976,,0,,,
3R1208B,,AR,1,EA,LOAD CELL-AILERON CONTROL WHEEL,,Embraer,C7078,,0,,,
3R1208B,,AR,1,EA,LOAD CELL-AILERON CONTROL WHEEL,,Embraer,C7069,,0,,,
3R1208B,,AR,1,EA,LOAD CELL-AILERON CONTROL WHEEL,,Embraer,C7070,,0,,,
3R1208B,,AR,1,EA,LOAD CELL-AILERON CONTROL WHEEL,,Embraer,C7077,,0,,,
3R1209B,,AR,1,EA,LOAD CELL,,Embraer,C7521,,0,,,
3R1209B,,AR,1,EA,LOAD CELL,,Embraer,C7523,,0,,,
3R1209B,,AR,1,EA,LOAD CELL,,Embraer,C7524,,0,,,
3R1209B,,AR,1,EA,LOAD CELL,,Embraer,C7273,,0,,,
3R1209B,,AR,1,EA,LOAD CELL,,Embraer,C7256,,0,,,
3R1209B,,AR,1,EA,LOAD CELL,,Embraer,C7272,,0,,,
3R1209B,,AR,1,EA,LOAD CELL,,Embraer,C7270,,0,,,
3R1209B,,AR,1,EA,LOAD CELL,,Embraer,C7526,,0,,,
3R1210B,,AR,1,EA,LOAD CELL-ELEVATOR CONTROL COLUMN,,Embraer,C1851,,0,,,
3R1210B,,AR,1,EA,LOAD CELL-ELEVATOR CONTROL COLUMN,,Embraer,C1837,,0,,,
3R1223A,,AR,1,EA,ELEVATOR LOAD CELL,,Embraer,E0024,,0,,,
3R1223A,,AR,1,EA,ELEVATOR LOAD CELL,,Embraer,E0023,,0,,,
4028-39-1002,,AR,1,EA,EXIT IDENTIFIER SIGN,,Embraer,1041,,0,,,
4101634A,,AR,1,EA,FAN-FWD ELECTRONIC BAY,,Embraer,2307,,0,,,
4101634A,,AR,1,EA,FAN-FWD ELECTRONIC BAY,,Embraer,2304,,0,,,
4101634A,,AR,1,EA,FAN-FWD ELECTRONIC BAY,,Embraer,2306,,0,,,
4101636A,,AR,1,EA,FAN-CARGO COMPARTMENT,,Embraer,830,,0,,,
4101636A,,AR,1,EA,FAN-CARGO COMPARTMENT,,Embraer,890,,0,,,
4101638,,AR,1,EA,FAN-MID ELECTRONIC BAY,,Embraer,1440,,0,,,
4101638,,AR,1,EA,FAN-MID ELECTRONIC BAY,,Embraer,1544,,0,,,
4101638,,AR,1,EA,FAN-MID ELECTRONIC BAY,,Embraer,1529,,0,,,
4101722,,AR,1,EA,CABIN RECIRCULATION FAN,,Embraer,426,,0,,,
4101722,,AR,1,EA,CABIN RECIRCULATION FAN,,Embraer,1532,,0,,,
4101724A,,AR,1,EA,FAN-TWO SPEED MID ELECTRONIC BAY,,Embraer,819,,0,,,
41102001-101,,AR,1,EA,OBSERVER SEAT ASSY,,Embraer,5283541,,0,,,
41102001-101,,AR,1,EA,OBSERVER SEAT ASSY,,Embraer,5782475,,0,,,
41131001-209,,AR,1,EA,SEAT FLT ATTD,,Embraer,4234158,,0,,,
41131001-209,,AR,1,EA,SEAT FLT ATTD,,Embraer,4360531,,0,,,
41131001-211,,AR,1,EA,SEAT FLT ATTD,,Embraer,4234154,,0,,,
41142001-157,,AR,1,EA,"FLIGHT ATTD SEAT, FWD",,Embraer,4234150,,0,,,
414500-1001,,AR,1,EA,SENSOR-SINGLE LVDT POSITION,,Embraer,2158,,0,,,
414500-1001,,AR,1,EA,SENSOR-SINGLE LVDT POSITION,,Embraer,2155,,0,,,
414500-1001,,AR,1,EA,SENSOR-SINGLE LVDT POSITION,,Embraer,5001,,0,,,
414500-1001,,AR,1,EA,SENSOR-SINGLE LVDT POSITION,,Embraer,863206,,0,,,
414500-1001,,AR,1,EA,SENSOR-SINGLE LVDT POSITION,,Embraer,860398,,0,,,
414500-1001,,AR,1,EA,SENSOR-SINGLE LVDT POSITION,,Embraer,860379,,0,,,
414500-1001,,AR,1,EA,SENSOR-SINGLE LVDT POSITION,,Embraer,860384,,0,,,
414500-1001,,AR,1,EA,SENSOR-SINGLE LVDT POSITION,,Embraer,860376,,0,,,
414500-1001,,AR,1,EA,SENSOR-SINGLE LVDT POSITION,,Embraer,857317,,0,,,
414500-1001,,AR,1,EA,SENSOR-SINGLE LVDT POSITION,,Embraer,860380,,0,,,
414500-1001,,AR,1,EA,SENSOR-SINGLE LVDT POSITION,,Embraer,863203,,0,,,
414500-1001,,AR,1,EA,SENSOR-SINGLE LVDT POSITION,,Embraer,860389,,0,,,
414500-1001,,AR,1,EA,SENSOR-SINGLE LVDT POSITION,,Embraer,860383,,0,,,
414500-1001,,AR,1,EA,SENSOR-SINGLE LVDT POSITION,,Embraer,857323,,0,,,
414500-1001,,AR,1,EA,SENSOR-SINGLE LVDT POSITION,,Embraer,5007,,0,,,
414500-1001,,AR,1,EA,SENSOR-SINGLE LVDT POSITION,,Embraer,5003,,0,,,
414500-1001,,AR,1,EA,SENSOR-SINGLE LVDT POSITION,,Embraer,1983,,0,,,
414500-1001,,AR,1,EA,SENSOR-SINGLE LVDT POSITION,,Embraer,1989,,0,,,
414500-1001,,AR,1,EA,SENSOR-SINGLE LVDT POSITION,,Embraer,848,,0,,,
414500-1001,,AR,1,EA,SENSOR-SINGLE LVDT POSITION,,Embraer,2150,,0,,,
414500-1001,,AR,1,EA,SENSOR-SINGLE LVDT POSITION,,Embraer,4996,,0,,,
414500-1001,,AR,1,EA,SENSOR-SINGLE LVDT POSITION,,Embraer,2132,,0,,,
414500-1001,,AR,1,EA,SENSOR-SINGLE LVDT POSITION,,Embraer,1995,,0,,,
414500-1001,,AR,1,EA,SENSOR-SINGLE LVDT POSITION,,Embraer,2144,,0,,,
414500-1001,,AR,1,EA,SENSOR-SINGLE LVDT POSITION,,Embraer,1994,,0,,,
414500-1001,,AR,1,EA,SENSOR-SINGLE LVDT POSITION,,Embraer,2140,,0,,,
414500-1001,,AR,1,EA,SENSOR-SINGLE LVDT POSITION,,Embraer,6165,,0,,,
414500-1001,,AR,1,EA,SENSOR-SINGLE LVDT POSITION,,Embraer,900,,0,,,
414500-1001,,AR,1,EA,SENSOR-SINGLE LVDT POSITION,,Embraer,2139,,0,,,
414800-1011,,AR,1,EA,MULTI-FUNCTION SPOILER PCU,,Embraer,4884,,0,,,
414800-1011,,AR,1,EA,MULTI-FUNCTION SPOILER PCU,,Embraer,4881,,0,,,
414800-1011,,AR,1,EA,MULTI-FUNCTION SPOILER PCU,,Embraer,4568,,0,,,
414800-1011,,AR,1,EA,MULTI-FUNCTION SPOILER PCU,,Embraer,4570,,0,,,
414800-1011,,AR,1,EA,MULTI-FUNCTION SPOILER PCU,,Embraer,4574,,0,,,
414800-1011,,AR,1,EA,MULTI-FUNCTION SPOILER PCU,,Embraer,4572,,0,,,
414800-1011,,AR,1,EA,MULTI-FUNCTION SPOILER PCU,,Embraer,4883,,0,,,
414800-1011,,AR,1,EA,MULTI-FUNCTION SPOILER PCU,,Embraer,4882,,0,,,
414800-1011,,AR,1,EA,MULTI-FUNCTION SPOILER PCU,,Embraer,4862,,0,,,
414800-1011,,AR,1,EA,MULTI-FUNCTION SPOILER PCU,,Embraer,4861,,0,,,
414800-9011,,AR,1,EA,PCU-MULTI-FUNCTION SPOILER POWER CONTROL UNIT,,Embraer,1753,,0,,,
414900-1005,,AR,1,EA,ACTUATOR-GROUND SPOILER,,Embraer,2833,,0,,,
414900-1005,,AR,1,EA,ACTUATOR-GROUND SPOILER,,Embraer,2835,,0,,,
414900-1005,,AR,1,EA,ACTUATOR-GROUND SPOILER,,Embraer,3036,,0,,,
414900-1005,,AR,1,EA,ACTUATOR-GROUND SPOILER,,Embraer,3033,,0,,,
414900-1005,,AR,1,EA,ACTUATOR-GROUND SPOILER,,Embraer,3035,,0,,,
414900-1005,,AR,1,EA,ACTUATOR-GROUND SPOILER,,Embraer,3028,,0,,,
414950-1003,,AR,1,EA,MODULE-GROUND SPOILER CONTROL,,Embraer,1548,,0,,,
414950-1003,,AR,1,EA,MODULE-GROUND SPOILER CONTROL,,Embraer,1447,,0,,,
414950-1003,,AR,1,EA,MODULE-GROUND SPOILER CONTROL,,Embraer,1549,,0,,,
415100-1003,,AR,1,EA,ACTUATOR-AILERON PCU,,Embraer,964,,0,,,
415100-1003,,AR,1,EA,ACTUATOR-AILERON PCU,,Embraer,1512,,0,,,
415100-1003,,AR,1,EA,ACTUATOR-AILERON PCU,,Embraer,1674,,0,,,
415100-1003,,AR,1,EA,ACTUATOR-AILERON PCU,,Embraer,1138,,0,,,
415100-1003,,AR,1,EA,ACTUATOR-AILERON PCU,,Embraer,1673,,0,,,
415100-1003,,AR,1,EA,ACTUATOR-AILERON PCU,,Embraer,1518,,0,,,
415700-1001,,AR,1,EA,AILERON OVERRIDE UNIT,,Embraer,BB0038,,0,,,
415700-1001,,AR,1,EA,AILERON OVERRIDE UNIT,,Embraer,BB0092,,0,,,
416100-1003,,AR,1,EA,ACTUATOR-ELEVATOR POWER CONTROL,,Embraer,1534,,0,,,
416100-1003,,AR,1,EA,ACTUATOR-ELEVATOR POWER CONTROL,,Embraer,1528,,0,,,
416100-1003,,AR,1,EA,ACTUATOR-ELEVATOR POWER CONTROL,,Embraer,2861B,,0,,,
416100-1003,,AR,1,EA,ACTUATOR-ELEVATOR POWER CONTROL,,Embraer,1701,,0,,,
416100-1003,,AR,1,EA,ACTUATOR-ELEVATOR POWER CONTROL,,Embraer,1692,,0,,,
416100-1003,,AR,1,EA,ACTUATOR-ELEVATOR POWER CONTROL,,Embraer,1695,,0,,,
416200-1007,,AR,1,EA,HORIZONTAL STAB TRIM ACTUATOR,,Embraer,442,,0,,,
416500-1007,,AR,1,EA,CONTROLLER- HSTA ACE,,Embraer,4034,,0,,,
4234-11-0200,,AR,1,EA,FLIGHT ATTENDANT PANEL,,Embraer,2349,,0,,,
4235-11-0200,,AR,1,EA,PANEL-FLIGHT ATTENDANT FWD,,Embraer,2654,,0,,,
424600-1005,,AR,1,EA,UNIT-AILERON ARTIFICIAL FEEL,,Embraer,782,,0,,,
424600-1005,,AR,1,EA,UNIT-AILERON ARTIFICIAL FEEL,,Embraer,772,,0,,,
424700-1003,,AR,1,EA,ELEVATOR ARTIFICIAL FEEL UNIT,,Embraer,1440,,0,,,
424700-1003,,AR,1,EA,ELEVATOR ARTIFICIAL FEEL UNIT,,Embraer,1441,,0,,,
424700-1003,,AR,1,EA,ELEVATOR ARTIFICIAL FEEL UNIT,,Embraer,1407,,0,,,
424700-1003,,AR,1,EA,ELEVATOR ARTIFICIAL FEEL UNIT,,Embraer,1411,,0,,,
424800-1001,,AR,1,EA,UNIT-RUDDER ARTIFICIAL FEEL,,Embraer,764,,0,,,
424800-1001,,AR,1,EA,UNIT-RUDDER ARTIFICIAL FEEL,,Embraer,717,,0,,,
424900-1003,,AR,1,EA,SPOILER CONTROL LEVER MODULE,,Embraer,D0826,,0,,,
861152,,AR,1,EA,LIGHT-CARGO SERVICE,,Embraer,2572,,0,,,
861152,,AR,1,EA,LIGHT-CARGO SERVICE,,Embraer,2540,,0,,,
861152,,AR,1,EA,LIGHT-CARGO SERVICE,,Embraer,2706,,0,,,
425900-1001,,AR,1,EA,SENSOR-DUAL LVDT POSITION,,Embraer,4475,,0,,,
425900-1001,,AR,1,EA,SENSOR-DUAL LVDT POSITION,,Embraer,4479,,0,,,
425900-1001,,AR,1,EA,SENSOR-DUAL LVDT POSITION,,Embraer,4284,,0,,,
425900-1001,,AR,1,EA,SENSOR-DUAL LVDT POSITION,,Embraer,4283,,0,,,
425900-1001,,AR,1,EA,SENSOR-DUAL LVDT POSITION,,Embraer,2351,,0,,,
425900-1001,,AR,1,EA,SENSOR-DUAL LVDT POSITION,,Embraer,4286,,0,,,
425900-1001,,AR,1,EA,SENSOR-DUAL LVDT POSITION,,Embraer,4478,,0,,,
425900-1001,,AR,1,EA,SENSOR-DUAL LVDT POSITION,,Embraer,4487,,0,,,
863343,,AR,1,EA,"UNIT, PASSENGER SERVICE",,Embraer,2290,,0,,,
863343,,AR,1,EA,"UNIT, PASSENGER SERVICE",,Embraer,2201,,0,,,
4421003-001,,AR,1,EA,CABIN ALTIMETRIC SWITCH,,Embraer,1033884,,0,,,
4441018-001,,AR,1,EA,OXYGEN PRESSURE TRANSDUCER,,Embraer,797,,0,,,
4441018-001,,AR,1,EA,OXYGEN PRESSURE TRANSDUCER,,Embraer,843,,0,,,
4441111-077,,AR,1,EA,"CYLINDER, OXYGEN",,Embraer,1870-21920,,0,,,
4505003K,,AR,1,EA,APU CONTROLLER FADEC,,Embraer,595,,0,,,
453-5000,,AR,1,EA,ELT,,Embraer,170-13351,,0,,,
453-6500,,AR,1,EA,"MAIN ASSY, NAVY INTERFACE UNIT",,Embraer,8284,,0,,,
453-6500,,AR,1,EA,"MAIN ASSY, NAVY INTERFACE UNIT",,Embraer,8456,,0,,,
474152-1,,AR,1,EA,"FIRE EXTINGUISHER, CARGO 378 CU HRD",,Embraer,1130H,,0,,,
474242-3,,AR,1,EA,RELAY WITH FLOW DIRECTION,,Embraer,N/A,,0,,,
474349-1,,AR,1,EA,"DRIER METERING UNIT, 1/2 INCH",,Embraer,6725,,0,,,
474349-1,,AR,1,EA,"DRIER METERING UNIT, 1/2 INCH",,Embraer,4723,,0,,,
474349-1,,AR,1,EA,"DRIER METERING UNIT, 1/2 INCH",,Embraer,5264,,0,,,
474349-1,,AR,1,EA,"DRIER METERING UNIT, 1/2 INCH",,Embraer,5273,,0,,,
4952354,,AR,1,EA,ASSEMBLY-APU INLET SILENCER,,Embraer,798,,0,,,
4952447,,AR,1,EA,VALVE-APU BLEED AIR SHUTOFF VALVE,,Embraer,405,,0,,,
4952447,,AR,1,EA,VALVE-APU BLEED AIR SHUTOFF VALVE,,Embraer,576,,0,,,
4952614,,AR,1,EA,"APU SILENCER, OUTLET",,Embraer,N/A,,0,,,
50-0325-3,,AR,1,EA,TAXING LIGHT,,Embraer,N / A,,0,,,
50-0325-3,,AR,1,EA,TAXING LIGHT,,Embraer,N / A,,0,,,
50-0325-3,,AR,1,EA,TAXING LIGHT,,Embraer,N / A,,0,,,
50-0325-3,,AR,1,EA,TAXING LIGHT,,Embraer,N / A,,0,,,
50-0326-3,,AR,1,EA,LANDING LIGHT,,Embraer,N / A,,0,,,
50-0326-3,,AR,1,EA,LANDING LIGHT,,Embraer,N / A,,0,,,
50-0326-3,,AR,1,EA,LANDING LIGHT,,Embraer,N / A,,0,,,
50-0326-3,,AR,1,EA,LANDING LIGHT,,Embraer,N / A,,0,,,
50-0342-1,,AR,1,EA,"LIGHT, TAXI",,Embraer,N/A,,0,,,
50-0343-3,,AR,1,EA,"LIGHT, LANDING",,Embraer,N/A,,0,,,
501-1228-04,,AR,1,EA,EMERGENCY POWER SUPPLY,,Embraer,83190,,0,,,
51165,,AR,1,EA,POWER TRANSFER UNIT,,Embraer,K0757,,0,,,
51166-03,,AR,1,EA,PUMP-ACMP AC MOTOR PUMP,,Embraer,K2930,,0,,,
51166-03,,AR,1,EA,PUMP-ACMP AC MOTOR PUMP,,Embraer,K2911,,0,,,
51166-03,,AR,1,EA,PUMP-ACMP AC MOTOR PUMP,,Embraer,K3153,,0,,,
51166-03,,AR,1,EA,PUMP-ACMP AC MOTOR PUMP,,Embraer,K3152,,0,,,
51166-03,,AR,1,EA,PUMP-ACMP AC MOTOR PUMP,,Embraer,K2969,,0,,,
51166-04,,AR,1,EA,PUMP-ACMP AC MOTOR PUMP,,Embraer,K2694,,0,,,
52-621500,,AR,1,EA,PANEL SWITCH,,Embraer,2397,,0,,,
52-633500-1,,AR,1,EA,PRESSURE TRANSDUCER,,Embraer,3/22/7702,,0,,,
52-633500-1,,AR,1,EA,PRESSURE TRANSDUCER,,Embraer,3122221,,0,,,
52-633500-1,,AR,1,EA,PRESSURE TRANSDUCER,,Embraer,2342449,,0,,,
52-633500-1,,AR,1,EA,PRESSURE TRANSDUCER,,Embraer,3032574,,0,,,
52-633500-1,,AR,1,EA,PRESSURE TRANSDUCER,,Embraer,2981768,,0,,,
52-633500-1,,AR,1,EA,PRESSURE TRANSDUCER,,Embraer,3018053,,0,,,
52-633500-1,,AR,1,EA,PRESSURE TRANSDUCER,,Embraer,3032571,,0,,,
52-633500-1,,AR,1,EA,PRESSURE TRANSDUCER,,Embraer,3032572,,0,,,
52-633500-1,,AR,1,EA,PRESSURE TRANSDUCER,,Embraer,7635-12-82,,0,,,
52-633500-1,,AR,1,EA,PRESSURE TRANSDUCER,,Embraer,3122223,,0,,,
52-633500-1,,AR,1,EA,PRESSURE TRANSDUCER,,Embraer,3145900,,0,,,
52-633500-1,,AR,1,EA,PRESSURE TRANSDUCER,,Embraer,3145905,,0,,,
58-0108-3,,AR,1,EA,TRANSFORMER,,Embraer,N / A,,0,,,
58-0108-3,,AR,1,EA,TRANSFORMER,,Embraer,N / A,,0,,,
58-0108-3,,AR,1,EA,TRANSFORMER,,Embraer,N / A,,0,,,
58-0108-3,,AR,1,EA,TRANSFORMER,,Embraer,N / A,,0,,,
58-0108-3,,AR,1,EA,TRANSFORMER,,Embraer,N / A,,0,,,
58-0108-3,,AR,1,EA,TRANSFORMER,,Embraer,N / A,,0,,,
58-0108-3,,AR,1,EA,TRANSFORMER,,Embraer,N / A,,0,,,
58-0108-3,,AR,1,EA,TRANSFORMER,,Embraer,N / A,,0,,,
58-0108-3,,AR,1,EA,TRANSFORMER,,Embraer,N / A,,0,,,
58-0108-3,,AR,1,EA,TRANSFORMER,,Embraer,N / A,,0,,,
58-0108-3,,AR,1,EA,TRANSFORMER,,Embraer,N / A,,0,,,
5912855-01,,AR,1,EA,BATTERY,,Embraer,X01242,,0,,,
5912855-01,,AR,1,EA,BATTERY,,Embraer,T02791,,0,,,
5912855-01,,AR,1,EA,BATTERY,,Embraer,R05322,,0,,,
5912855-01,,AR,1,EA,BATTERY,,Embraer,T04234,,0,,,
5912868-11,,AR,1,EA,TORQUE TUBE,,Embraer,3249,,0,,,
5912868-11,,AR,1,EA,TORQUE TUBE,,Embraer,3248,,0,,,
5912868-11,,AR,1,EA,TORQUE TUBE,,Embraer,3465,,0,,,
5912868-11,,AR,1,EA,TORQUE TUBE,,Embraer,3466,,0,,,
5912868-12,,AR,1,EA,TORQUE TUBE,,Embraer,4012,,0,,,
5912868-12,,AR,1,EA,TORQUE TUBE,,Embraer,4013,,0,,,
5912868-12,,AR,1,EA,TORQUE TUBE,,Embraer,4006,,0,,,
D717-02-001,,SV,1,EA,EMERGENCY POWER SUPPLY,,Boeing,34991,,0,,,
D717-02-001,,SV,1,EA,EMERGENCY POWER SUPPLY,,Boeing,35359,,0,,,
5912868-12,,AR,1,EA,TORQUE TUBE,,Embraer,4011,,0,,,
5912868-12,,AR,1,EA,TORQUE TUBE,,Embraer,4339,,0,,,
5912868-12,,AR,1,EA,TORQUE TUBE,,Embraer,4350,,0,,,
D717-02-001,,SV,1,EA,EMERGENCY POWER SUPPLY,,Boeing,34976,,0,,,
5912868-12,,AR,1,EA,TORQUE TUBE,,Embraer,4349,,0,,,
5912868-12,,AR,1,EA,TORQUE TUBE,,Embraer,4337,,0,,,
5912868-13,,AR,1,EA,TORQUE TUBE,,Embraer,3973,,0,,,
5912868-13,,AR,1,EA,TORQUE TUBE,,Embraer,3980,,0,,,
5912868-13,,AR,1,EA,TORQUE TUBE,,Embraer,3985,,0,,,
5912868-13,,AR,1,EA,TORQUE TUBE,,Embraer,3970,,0,,,
5912868-13,,AR,1,EA,TORQUE TUBE,,Embraer,4333,,0,,,
5912868-13,,AR,1,EA,TORQUE TUBE,,Embraer,4329,,0,,,
5912868-13,,AR,1,EA,TORQUE TUBE,,Embraer,4317,,0,,,
5912868-13,,AR,1,EA,TORQUE TUBE,,Embraer,4318,,0,,,
5912868-14,,AR,1,EA,TORQUE TUBE,,Embraer,3242,,0,,,
5912868-14,,AR,1,EA,TORQUE TUBE,,Embraer,3236,,0,,,
5912868-14,,AR,1,EA,TORQUE TUBE,,Embraer,3467,,0,,,
5912868-14,,AR,1,EA,TORQUE TUBE,,Embraer,3470,,0,,,
5912868-15,,AR,1,EA,TORQUE TUBE,,Embraer,3461,,0,,,
5912868-15,,AR,1,EA,TORQUE TUBE,,Embraer,3235,,0,,,
5912868-15,,AR,1,EA,TORQUE TUBE,,Embraer,3234,,0,,,
5912868-15,,AR,1,EA,TORQUE TUBE,,Embraer,3452,,0,,,
5912868-5,,AR,1,EA,TORQUE TUBE,,Embraer,3140,,0,,,
5912868-5,,AR,1,EA,TORQUE TUBE,,Embraer,3147,,0,,,
5912868-5,,AR,1,EA,TORQUE TUBE,,Embraer,3488,,0,,,
5912868-5,,AR,1,EA,TORQUE TUBE,,Embraer,3489,,0,,,
5912868-6,,AR,1,EA,TORQUE TUBE,,Embraer,2904,,0,,,
5912868-6,,AR,1,EA,TORQUE TUBE,,Embraer,2905,,0,,,
5912868-6,,AR,1,EA,TORQUE TUBE,,Embraer,3445,,0,,,
5912868-6,,AR,1,EA,TORQUE TUBE,,Embraer,3444,,0,,,
5912868-7,,AR,1,EA,TORQUE TUBE,,Embraer,2723,,0,,,
5912868-7,,AR,1,EA,TORQUE TUBE,,Embraer,2724,,0,,,
5912868-7,,AR,1,EA,TORQUE TUBE,,Embraer,3468,,0,,,
5912868-7,,AR,1,EA,TORQUE TUBE,,Embraer,3465,,0,,,
5912868-9,,AR,1,EA,TORQUE TUBE,,Embraer,3148,,0,,,
5912868-9,,AR,1,EA,TORQUE TUBE,,Embraer,3152,,0,,,
5912868-9,,AR,1,EA,TORQUE TUBE,,Embraer,3481,,0,,,
5912868-9,,AR,1,EA,TORQUE TUBE,,Embraer,3471,,0,,,
5912869-2,,AR,1,EA,TORQUE TUBE,,Embraer,3989,,0,,,
5912869-2,,AR,1,EA,TORQUE TUBE,,Embraer,3988,,0,,,
5912869-2,,AR,1,EA,TORQUE TUBE,,Embraer,3995,,0,,,
5912869-2,,AR,1,EA,TORQUE TUBE,,Embraer,3994,,0,,,
5912869-2,,AR,1,EA,TORQUE TUBE,,Embraer,4353,,0,,,
5912869-2,,AR,1,EA,TORQUE TUBE,,Embraer,4345,,0,,,
5912869-2,,AR,1,EA,TORQUE TUBE,,Embraer,4355,,0,,,
5912949-3,,AR,1,EA,TORQUE TUBE,,Embraer,2967,,0,,,
5912949-3,,AR,1,EA,TORQUE TUBE,,Embraer,3482,,0,,,
5912949-3,,AR,1,EA,TORQUE TUBE,,Embraer,3473,,0,,,
5912949-5,,AR,1,EA,TORQUE TUBE,,Embraer,3293,,0,,,
5912949-5,,AR,1,EA,TORQUE TUBE,,Embraer,3298,,0,,,
5912949-5,,AR,1,EA,TORQUE TUBE,,Embraer,3459,,0,,,
5912949-5,,AR,1,EA,TORQUE TUBE,,Embraer,3454,,0,,,
5912949-6,,AR,1,EA,TORQUE TUBE,,Embraer,3241,,0,,,
5912949-6,,AR,1,EA,TORQUE TUBE,,Embraer,3246,,0,,,
5912949-6,,AR,1,EA,TORQUE TUBE,,Embraer,3438,,0,,,
5912949-6,,AR,1,EA,TORQUE TUBE,,Embraer,3442,,0,,,
5912949-7,,AR,1,EA,TORQUE TUBE,,Embraer,3958,,0,,,
5912949-7,,AR,1,EA,TORQUE TUBE,,Embraer,3964,,0,,,
5912949-7,,AR,1,EA,TORQUE TUBE,,Embraer,3959,,0,,,
5912949-7,,AR,1,EA,TORQUE TUBE,,Embraer,3963,,0,,,
DMN23-1C,,OH,1,EA,ANTENNA - VOR/ILS,,Boeing,6159,,0,,,
5912949-7,,AR,1,EA,TORQUE TUBE,,Embraer,4346,,0,,,
5912949-7,,AR,1,EA,TORQUE TUBE,,Embraer,4339,,0,,,
5912949-7,,AR,1,EA,TORQUE TUBE,,Embraer,4348,,0,,,
5912949-7,,AR,1,EA,TORQUE TUBE,,Embraer,4347,,0,,,
5912949-8,,AR,1,EA,TORQUE TUBE,,Embraer,3460,,0,,,
5912949-8,,AR,1,EA,TORQUE TUBE,,Embraer,3256,,0,,,
5912949-8,,AR,1,EA,TORQUE TUBE,,Embraer,3452,,0,,,
5913003-1,,AR,1,EA,TORQUE TUBE,,Embraer,A1495,,0,,,
5913003-1,,AR,1,EA,TORQUE TUBE,,Embraer,A1382,,0,,,
5913003-1,,AR,1,EA,TORQUE TUBE,,Embraer,A1404,,0,,,
5913003-1,,AR,1,EA,TORQUE TUBE,,Embraer,A1493,,0,,,
5913016-5,,AR,1,EA,POWER SUPPLY MODULE SPDA,,Embraer,242855-F0275,,0,,,
ED35E109-04-00,,SV,1,EA,QUICK ACCESS RECORDER QAR - AFDAMU,,Embraer,2486,,0,,,
ED43A1D5,,SV,1,EA,FLT DATA INTRFC UNIT,,Airbus,2351,,0,,,
5913016-5,,AR,1,EA,POWER SUPPLY MODULE SPDA,,Embraer,242855-F0303,,0,,,
5913016-5,,AR,1,EA,POWER SUPPLY MODULE SPDA,,Embraer,242855-F0055,,0,,,
EM91-79-5,,SV,1,EA,SHUTOFF VALVE,,Boeing,06-112716P,,0,,,
5913016-5,,AR,1,EA,POWER SUPPLY MODULE SPDA,,Embraer,242855-F0302,,0,,,
5913148-3,,AR,1,EA,TRU TRASFORMER RECTIFIER UNIT,,Embraer,240698-292,,0,,,
5913148-3,,AR,1,EA,TRU TRASFORMER RECTIFIER UNIT,,Embraer,240698-367,,0,,,
EVT174-21C,,AI,1,EA,FAN MOTOR ASSY,,Airbus,11564,,0,,,
5913148-3,,AR,1,EA,TRU TRASFORMER RECTIFIER UNIT,,Embraer,240698-1128,,0,,,
5913148-3,,AR,1,EA,TRU TRASFORMER RECTIFIER UNIT,,Embraer,240698-1119,,0,,,
5913152-2,,AR,1,EA,AUXILARY INTEGRATED CONTROL CENTER,,Embraer,A0777,,0,,,
5913161,,AR,1,EA,RAT MANUAL RELEASE,,Embraer,830,,0,,,
5913161,,AR,1,EA,RAT MANUAL RELEASE,,Embraer,874,,0,,,
5913447,,AR,1,EA,RAT RESTOW PUMP,,Embraer,C0808,,0,,,
5913447,,AR,1,EA,RAT RESTOW PUMP,,Embraer,C0853,,0,,,
5913479,,AR,1,EA,SENSOR-SLAT SKEW E190,,Embraer,A1730,,0,,,
5913479,,AR,1,EA,SENSOR-SLAT SKEW E190,,Embraer,A1729,,0,,,
5913479,,AR,1,EA,SENSOR-SLAT SKEW E190,,Embraer,A1554,,0,,,
5913479,,AR,1,EA,SENSOR-SLAT SKEW E190,,Embraer,A1547,,0,,,
5913479,,AR,1,EA,SENSOR-SLAT SKEW E190,,Embraer,A1550,,0,,,
5913479,,AR,1,EA,SENSOR-SLAT SKEW E190,,Embraer,A1542,,0,,,
5913479,,AR,1,EA,SENSOR-SLAT SKEW E190,,Embraer,A0866,,0,,,
5913479,,AR,1,EA,SENSOR-SLAT SKEW E190,,Embraer,A1733,,0,,,
5914480-2,,AR,1,EA,LEFT INTERGRATED CONTROLL CENTER,,Embraer,A0432,,0,,,
5914481-2,,AR,1,EA,RIGHT INTEGRATED CONTROL CENTER,,Embraer,A0728,,0,,,
5914482-2,,AR,1,EA,INTGRATED CONTROL CENTER,,Embraer,A0746,,0,,,
5930-4-000,,AR,1,EA,IMPACT SWITCH,,Embraer,4768,,0,,,
5930-4-000,,AR,1,EA,IMPACT SWITCH,,Embraer,5045,,0,,,
5930-4-000,,AR,1,EA,IMPACT SWITCH,,Embraer,4993,,0,,,
1500418,,AR,1,EA,CONTROLLER - WATER AND WASTE SYSTEM,,Embraer,687,,0,,,
601C0031-007,,AR,1,EA,"ISOLATION CONTROL UNIT, ICU",,Embraer,A0089672,,0,,,
FRH340003H,,SV,1,EA,DRAIN VALVE,,Airbus,M0229VD0210,,0,,,
601C0031-007,,AR,1,EA,"ISOLATION CONTROL UNIT, ICU",,Embraer,A0083463,,0,,,
601C0031-007,,AR,1,EA,"ISOLATION CONTROL UNIT, ICU",,Embraer,A0083465,,0,,,
601C0031-007,,AR,1,EA,"ISOLATION CONTROL UNIT, ICU",,Embraer,A0121150,,0,,,
601E0100-539,,AR,1,EA,THRUST REVERSER LH ASSY-LH WING,,Embraer,MR-EL-0828,,0,,,
601E0100-540,,AR,1,EA,THRUST REVERSER RH ASSY-LH WING,,Embraer,MR-ER-0828,,0,,,
601E0100-541,,AR,1,EA,THRUST REVERSER LH ASSY-RH WING,,Embraer,MR-EL-0805,,0,,,
601E0100-542,,AR,1,EA,THRUST REVERSER RH ASSY-RH WING,,Embraer,MR-ER-0819,,0,,,
602-3375,,AR,1,EA,DYNAMIC MICROPHONE,,Embraer,1010117,,0,,,
602-3375,,AR,1,EA,DYNAMIC MICROPHONE,,Embraer,943863,,0,,,
602-3375,,AR,1,EA,DYNAMIC MICROPHONE,,Embraer,943838,,0,,,
60-5127-1,,AR,1,EA,POWER SUPPLY,,Embraer,1688,,0,,,
60-5127-1,,AR,1,EA,POWER SUPPLY,,Embraer,1591,,0,,,
60-5174-1,,AR,1,EA,"POWER SUPPLY, DUAL STROBE",,Embraer,1210,,0,,,
60-5174-1,,AR,1,EA,"POWER SUPPLY, DUAL STROBE",,Embraer,25,,0,,,
60-5174-1,,AR,1,EA,"POWER SUPPLY, DUAL STROBE",,Embraer,1175,,1,,,
G7116-01,,SV,1,EA,PANEL ASSY-CONTROL EMERGENCY,,Boeing,1462,,0,,,
622EN94-6,,AR,1,EA,MICROSWITCH,,Embraer,N/A,,0,,,
6375A0001-01,,AR,1,EA,ACTUATOR-RUDDER PEDALS ADJUSTMENT,,Embraer,1034,,0,,,
6375A0001-01,,AR,1,EA,ACTUATOR-RUDDER PEDALS ADJUSTMENT,,Embraer,1025,,0,,,
G7403-03,,SV,1,EA,ADF CONTROL PANEL (DUAL),,Boeing,1357,,0,,,
7021479-4,,AR,1,EA,"RADAR FLAT PLATE, 24-INCH",,Embraer,2024,,0,,,
7024440-1903,,AR,1,EA,PWR902 POWER MODULE,,Embraer,1004I265,,0,,,
7024440-1903,,AR,1,EA,PWR902 POWER MODULE,,Embraer,1004I267,,0,,,
7024440-1903,,AR,1,EA,PWR902 POWER MODULE,,Embraer,1004I264,,0,,,
7024440-1903,,AR,1,EA,PWR902 POWER MODULE,,Embraer,1004I269,,0,,,
7024440-1903,,AR,1,EA,PWR902 POWER MODULE,,Embraer,1004I276,,0,,,
7024440-1903,,AR,1,EA,PWR902 POWER MODULE,,Embraer,1010J216,,0,,,
7024440-1903,,AR,1,EA,PWR902 POWER MODULE,,Embraer,1010J211,,0,,,
7024440-1903,,AR,1,EA,PWR902 POWER MODULE,,Embraer,1010J226,,0,,,
7024440-1903,,AR,1,EA,PWR902 POWER MODULE,,Embraer,1010J217,,0,,,
7024440-1903,,AR,1,EA,PWR902 POWER MODULE,,Embraer,1010J219,,0,,,
7024440-1903,,AR,1,EA,PWR902 POWER MODULE,,Embraer,1010J264,,0,,,
7024440-1903,,AR,1,EA,PWR902 POWER MODULE,,Embraer,1010J178,,0,,,
7025050-941,,AR,1,EA,CC800 - CURSOR CONTROL DEVICE,,Embraer,1009E499,,0,,,
7025050-941,,AR,1,EA,CC800 - CURSOR CONTROL DEVICE,,Embraer,1009E493,,0,,,
7025365-1901,,AR,1,EA,GENERIC I/O MODULE,,Embraer,10046653,,0,,,
7025365-1901,,AR,1,EA,GENERIC I/O MODULE,,Embraer,10097078,,0,,,
7025365-1901,,AR,1,EA,GENERIC I/O MODULE,,Embraer,10097102,,0,,,
7025365-1901,,AR,1,EA,GENERIC I/O MODULE,,Embraer,8074167,,0,,,
7026201-801,,AR,1,EA,VHF DIGITAL RADIO,,Embraer,10108357,,0,,,
7026201-801,,AR,1,EA,VHF DIGITAL RADIO,,Embraer,8034386,,0,,,
7026201-804,,AR,1,EA,VHF DIGITAL RADIO FOR DATA MODE,,Embraer,10098252,,0,,,
7026202-802,,AR,1,EA,VIDL MODULE,,Embraer,10035605,,0,,,
7026202-802,,AR,1,EA,VIDL MODULE,,Embraer,10055679,,0,,,
7026202-802,,AR,1,EA,VIDL MODULE,,Embraer,10105918,,0,,,
7026240-901,,AR,1,EA,MMRC,,Embraer,10084210,,0,,,
7026534-1902,,AR,1,EA,CONTROL I/O MODULE,,Embraer,10035723,,0,,,
H505B,,SV,1,EA,TRANSMITTER ASSY-POSITION,,Boeing,H1234,,0,,,
7026534-1902,,AR,1,EA,CONTROL I/O MODULE,,Embraer,10095991,,0,,,
7026534-1902,,AR,1,EA,CONTROL I/O MODULE,,Embraer,10096010,,0,,,
7027208-1903,,AR,1,EA,AVIONICS UNIT MODULE,,Embraer,N / A,,0,,,
7027208-1903,,AR,1,EA,AVIONICS UNIT MODULE,,Embraer,N / A,,0,,,
7027208-1903,,AR,1,EA,AVIONICS UNIT MODULE,,Embraer,N / A,,0,,,
7027208-1903,,AR,1,EA,AVIONICS UNIT MODULE,,Embraer,N / A,,0,,,
7027208-1903,,AR,1,EA,AVIONICS UNIT MODULE,,Embraer,N / A,,0,,,
7027208-1903,,AR,1,EA,AVIONICS UNIT MODULE,,Embraer,N / A,,0,,,
7027208-1903,,AR,1,EA,AVIONICS UNIT MODULE,,Embraer,N / A,,0,,,
7027208-1903,,AR,1,EA,AVIONICS UNIT MODULE,,Embraer,N / A,,0,,,
H505B,,SV,1,EA,TRANSMITTER ASSY-POSITION,,Boeing,H1066,,0,,,
H505B,,SV,1,EA,TRANSMITTER ASSY-POSITION,,Boeing,G9033,,0,,,
7027208-1903,,AR,1,EA,AVIONICS UNIT MODULE,,Embraer,N / A,,0,,,
7027208-1903,,AR,1,EA,AVIONICS UNIT MODULE,,Embraer,N / A,,0,,,
7027208-1903,,AR,1,EA,AVIONICS UNIT MODULE,,Embraer,N / A,,0,,,
7027208-1903,,AR,1,EA,AVIONICS UNIT MODULE,,Embraer,N / A,,0,,,
7027208-1903,,AR,1,EA,AVIONICS UNIT MODULE,,Embraer,N / A,,0,,,
HG2100AB02,,SV,1,EA,INERTIAL REFERENCE UNIT (IRU),,Embraer,56025324,,0,,,
HG2100AB02,,SV,1,EA,INERTIAL REFERENCE UNIT (IRU),,Embraer,56025379,,0,,,
7027208-1903,,AR,1,EA,AVIONICS UNIT MODULE,,Embraer,N / A,,0,,,
7027208-1903,,AR,1,EA,AVIONICS UNIT MODULE,,Embraer,N / A,,0,,,
7027208-1903,,AR,1,EA,AVIONICS UNIT MODULE,,Embraer,N / A,,0,,,
7027208-1903,,AR,1,EA,AVIONICS UNIT MODULE,,Embraer,N / A,,0,,,
7027208-1903,,AR,1,EA,AVIONICS UNIT MODULE,,Embraer,N / A,,0,,,
7027208-1903,,AR,1,EA,AVIONICS UNIT MODULE,,Embraer,N / A,,0,,,
7027208-1903,,AR,1,EA,AVIONICS UNIT MODULE,,Embraer,N / A,,0,,,
7027566-902,,AR,1,EA,BUS COUPLER,,Embraer,10076950,,0,,,
7028272-1801,,AR,1,EA,"MODULE, ELECTRONIC",,Embraer,10034069,,0,,,
7028272-1801,,AR,1,EA,"MODULE, ELECTRONIC",,Embraer,8082675,,0,,,
7028272-1801,,AR,1,EA,"MODULE, ELECTRONIC",,Embraer,10044105,,0,,,
7028272-1801,,AR,1,EA,"MODULE, ELECTRONIC",,Embraer,11014482,,0,,,
7028272-1801,,AR,1,EA,"MODULE, ELECTRONIC",,Embraer,10084276,,0,,,
7028272-1801,,AR,1,EA,"MODULE, ELECTRONIC",,Embraer,10084301,,0,,,
7028272-1801,,AR,1,EA,"MODULE, ELECTRONIC",,Embraer,10084287,,0,,,
7028273-822,,AR,1,EA,PRIMARY ACTUATOR ELECTRONICS,,Embraer,10093135,,0,,,
7028273-822,,AR,1,EA,PRIMARY ACTUATOR ELECTRONICS,,Embraer,10093236,,0,,,
7028273-822,,AR,1,EA,PRIMARY ACTUATOR ELECTRONICS,,Embraer,11123710,,0,,,
7028273-822,,AR,1,EA,PRIMARY ACTUATOR ELECTRONICS,,Embraer,10093214,,0,,,
7028273-822,,AR,1,EA,PRIMARY ACTUATOR ELECTRONICS,,Embraer,10043074,,0,,,
7028419-1904,,AR,1,EA,EGPWM MODULE,,Embraer,10103807,,0,,,
7028422-1902,,AR,1,EA,CUSTOM I/O MODULE,,Embraer,6060574,,0,,,
7028422-1902,,AR,1,EA,CUSTOM I/O MODULE,,Embraer,8030759,,0,,,
7028422-1902,,AR,1,EA,CUSTOM I/O MODULE,,Embraer,10101949,,0,,,
7028432-1902,,AR,1,EA,PM AIOP MODULE,,Embraer,1010C208,,0,,,
7028432-1902,,AR,1,EA,PM AIOP MODULE,,Embraer,1010C207,,0,,,
7028432-1902,,AR,1,EA,PM AIOP MODULE,,Embraer,1010C199,,0,,,
7028432-1902,,AR,1,EA,PM AIOP MODULE,,Embraer,1010C232,,0,,,
7028432-1902,,AR,1,EA,PM AIOP MODULE,,Embraer,0907A762,,0,,,
HTE900118-001,,SV,1,EA,FUEL FLOW VALVE,,Airbus,FR.339BA,,0,,,
7028432-1902,,AR,1,EA,PM AIOP MODULE,,Embraer,1010C282,,0,,,
7028432-1902,,AR,1,EA,PM AIOP MODULE,,Embraer,1208F239,,0,,,
7029782-1914,,AR,1,EA,MAU CABINET,,Embraer,10044728,,0,,,
7029782-1914,,AR,1,EA,MAU CABINET,,Embraer,10105028,,0,,,
7029782-1923,,AR,1,EA,CABINET,,Embraer,10044785,,0,,,
7029782-1923,,AR,1,EA,CABINET,,Embraer,10044783,,0,,,
7029782-1923,,AR,1,EA,CABINET,,Embraer,10105037,,0,,,
7029782-1923,,AR,1,EA,CABINET,,Embraer,10105029,,0,,,
K217ABM11,,SV,1,EA,FLIGHT CONTROL UNIT,,Airbus,975,,0,,,
7031051-903,,AR,1,EA,DATA MANAGEMENT UNIT,,Embraer,9092128,,0,,,
7034055-1901,,AR,1,EA,CMC MODULE,,Embraer,11011557,,0,,,
7034057-1902,,AR,1,EA,PM NIC+PROC MODULE WITH CF MEM,,Embraer,10113786,,0,,,
7034057-1902,,AR,1,EA,PM NIC+PROC MODULE WITH CF MEM,,Embraer,10113778,,0,,,
7034057-1902,,AR,1,EA,PM NIC+PROC MODULE WITH CF MEM,,Embraer,10113774,,0,,,
7034057-1902,,AR,1,EA,PM NIC+PROC MODULE WITH CF MEM,,Embraer,10113772,,0,,,
7034057-1902,,AR,1,EA,PM NIC+PROC MODULE WITH CF MEM,,Embraer,10113784,,0,,,
7034057-1902,,AR,1,EA,PM NIC+PROC MODULE WITH CF MEM,,Embraer,10083464,,0,,,
7034057-1902,,AR,1,EA,PM NIC+PROC MODULE WITH CF MEM,,Embraer,10093616,,0,,,
7034057-1902,,AR,1,EA,PM NIC+PROC MODULE WITH CF MEM,,Embraer,10083388,,0,,,
7034057-1902,,AR,1,EA,PM NIC+PROC MODULE WITH CF MEM,,Embraer,10113767,,0,,,
7034057-1902,,AR,1,EA,PM NIC+PROC MODULE WITH CF MEM,,Embraer,9041013,,0,,,
MA20A2027,,SV,1,EA,ACT. ASSY,,Boeing,AA82758A,,0,,,
7034057-1902,,AR,1,EA,PM NIC+PROC MODULE WITH CF MEM,,Embraer,10083461,,0,,,
7037620-813,,AR,1,EA,DISPLAY UNIT,,Embraer,10049735,,0,,,
7037620-813,,AR,1,EA,DISPLAY UNIT,,Embraer,9017312,,0,,,
7037620-813,,AR,1,EA,DISPLAY UNIT,,Embraer,1009A217,,0,,,
7037620-813,,AR,1,EA,DISPLAY UNIT,,Embraer,1009A202,,0,,,
7037620-813,,AR,1,EA,DISPLAY UNIT,,Embraer,1008A099,,0,,,
7037620-813,,AR,1,EA,DISPLAY UNIT,,Embraer,9047585,,0,,,
74-20,,AR,1,EA,FIRE EXT PORTABLE,,Embraer,22866,,0,,,
74-20,,AR,1,EA,FIRE EXT PORTABLE,,Embraer,22867,,0,,,
74-20,,AR,1,EA,FIRE EXT PORTABLE,,Embraer,22869,,0,,,
NA138-714C,,SV,1,EA,SELCAL DECODER,,Boeing,10808,,0,,,
74-20,,AR,1,EA,FIRE EXT PORTABLE,,Embraer,B25422,,0,,,
74-20,,AR,1,EA,FIRE EXT PORTABLE,,Embraer,22868,,0,,,
7-45726-2,,AR,1,EA,HANDLE-EMERGENCY BRAKE,,Embraer,779,,0,,,
7-45726-2,,AR,1,EA,HANDLE-EMERGENCY BRAKE,,Embraer,832,,0,,,
7510114-855,,AR,1,EA,ADF MODULE,,Embraer,0805D035,,0,,,
7510184-855,,AR,1,EA,DME MODULE,,Embraer,1002F807,,0,,,
7510184-855,,AR,1,EA,DME MODULE,,Embraer,1008G220,,0,,,
7510184-855,,AR,1,EA,DME MODULE,,Embraer,1010G330,,0,,,
7510300-901,,AR,1,EA,ANTENNA ADF,,Embraer,1510P275,,0,,,
7511900-92703,,AR,1,EA,DIGITAL AUDIO PANEL - AV900,,Embraer,10089799,,0,,,
7511900-92703,,AR,1,EA,DIGITAL AUDIO PANEL - AV900,,Embraer,10109932,,0,,,
7517400-950,,AR,1,EA,TRANSPONDER MODULE,,Embraer,0806E409,,0,,,
7517401-960,,AR,1,EA,MODE S TRANSPONDER,,Embraer,1012G891,,0,,,
7517900-55020,,AR,1,EA,COMPUTER RT-951 TCAS 2000,,Embraer,20009998,,0,,,
7517959-902,,AR,1,EA,MRC CABINET INCL FANS,,Embraer,10047302,,0,,,
7517959-902,,AR,1,EA,MRC CABINET INCL FANS,,Embraer,10047305,,0,,,
7517959-902,,AR,1,EA,MRC CABINET INCL FANS,,Embraer,10097565,,0,,,
7517959-902,,AR,1,EA,MRC CABINET INCL FANS,,Embraer,10097580,,0,,,
7517964-917,,AR,1,EA,NETWORK INTERFACE MODULE,,Embraer,10047079,,0,,,
7517964-917,,AR,1,EA,NETWORK INTERFACE MODULE,,Embraer,8084567,,0,,,
7517964-917,,AR,1,EA,NETWORK INTERFACE MODULE,,Embraer,10077286,,0,,,
7519272-901,,AR,1,EA,ACFT PERSONALITY MODULE,,Embraer,36068777,,0,,,
7519272-901,,AR,1,EA,ACFT PERSONALITY MODULE,,Embraer,40002030,,0,,,
7519272-901,,AR,1,EA,ACFT PERSONALITY MODULE,,Embraer,40002029,,0,,,
800-008577-1,,AR,1,EA,PLACARD,,Embraer,1590,,0,,,
800-008577-1,,AR,1,EA,PLACARD,,Embraer,1591,,0,,,
800-008577-1,,AR,1,EA,PLACARD,,Embraer,1687,,0,,,
800-008577-1,,AR,1,EA,PLACARD,,Embraer,1692,,0,,,
80-003-06,,AR,1,EA,CARD-MAU PROXIMITY SENSOR ELECTRONIC MODULE (MAU 1,,Embraer,F1632,,0,,,
80-003-06,,AR,1,EA,CARD-MAU PROXIMITY SENSOR ELECTRONIC MODULE (MAU 1,,Embraer,F1253,,0,,,
80-003-06,,AR,1,EA,CARD-MAU PROXIMITY SENSOR ELECTRONIC MODULE (MAU 1,,Embraer,F1736,,0,,,
80-019-01,,AR,1,EA,"SENSOR, PROXIMITY",,Embraer,35575,,0,,,
80-019-01,,AR,1,EA,"SENSOR, PROXIMITY",,Embraer,34453,,0,,,
80-019-01,,AR,1,EA,"SENSOR, PROXIMITY",,Embraer,35576,,0,,,
80-019-01,,AR,1,EA,"SENSOR, PROXIMITY",,Embraer,35370,,0,,,
80-019-01,,AR,1,EA,"SENSOR, PROXIMITY",,Embraer,33606,,0,,,
80-019-01,,AR,1,EA,"SENSOR, PROXIMITY",,Embraer,33609,,0,,,
80-019-01,,AR,1,EA,"SENSOR, PROXIMITY",,Embraer,33486,,0,,,
80-019-01,,AR,1,EA,"SENSOR, PROXIMITY",,Embraer,33608,,0,,,
80-019-01,,AR,1,EA,"SENSOR, PROXIMITY",,Embraer,33489,,0,,,
80-019-01,,AR,1,EA,"SENSOR, PROXIMITY",,Embraer,33610,,0,,,
80-019-01,,AR,1,EA,"SENSOR, PROXIMITY",,Embraer,35558,,0,,,
80-019-01,,AR,1,EA,"SENSOR, PROXIMITY",,Embraer,31507,,0,,,
80-019-01,,AR,1,EA,"SENSOR, PROXIMITY",,Embraer,31515,,0,,,
80-019-01,,AR,1,EA,"SENSOR, PROXIMITY",,Embraer,34474,,0,,,
80-019-01,,AR,1,EA,"SENSOR, PROXIMITY",,Embraer,35329,,0,,,
80-019-01,,AR,1,EA,"SENSOR, PROXIMITY",,Embraer,22185,,0,,,
80-019-01,,AR,1,EA,"SENSOR, PROXIMITY",,Embraer,35326,,0,,,
80-019-01,,AR,1,EA,"SENSOR, PROXIMITY",,Embraer,35569,,0,,,
810211-2,,AR,1,EA,E BAY TEMPERATURE SENSOR,,Embraer,21035,,0,,,
810213-2,,AR,1,EA,SPRAY NOZZLE,,Embraer,4384,,0,,,
810234-3,,AR,1,EA,TEMPERATURE SENSOR  PACK AIR SUPPLY,,Embraer,12195,,0,,,
810234-3,,AR,1,EA,TEMPERATURE SENSOR  PACK AIR SUPPLY,,Embraer,12063,,0,,,
810352-6,,AR,1,EA,"SENSOR, PRESSURE - DIFFERENTIAL",,Embraer,7816-8-141,,0,,,
815289-2,,AR,1,EA,"SENSOR, TEMP",,Embraer,8786,,0,,,
815289-2,,AR,1,EA,"SENSOR, TEMP",,Embraer,12619,,0,,,
815289-2,,AR,1,EA,"SENSOR, TEMP",,Embraer,12651,,0,,,
815289-2,,AR,1,EA,"SENSOR, TEMP",,Embraer,12288,,0,,,
815289-2,,AR,1,EA,"SENSOR, TEMP",,Embraer,12347,,0,,,
P99C38-601,,OH,1,EA,FUEL PUMP,,Airbus,20665,,0,,,
815289-2,,AR,1,EA,"SENSOR, TEMP",,Embraer,12337,,0,,,
815289-2,,AR,1,EA,"SENSOR, TEMP",,Embraer,12649,,0,,,
815289-2,,AR,1,EA,"SENSOR, TEMP",,Embraer,12637,,0,,,
815289-2,,AR,1,EA,"SENSOR, TEMP",,Embraer,12478,,0,,,
PBS400-1-P5,,SV,1,EA,BRIEFER COMPUTER,,Embraer,411002802,,0,,,
815289-2,,AR,1,EA,"SENSOR, TEMP",,Embraer,12375,,0,,,
816656-3,,AR,1,EA,SENSOR TEMPERATURE,,Embraer,7751,,0,,,
816656-3,,AR,1,EA,SENSOR TEMPERATURE,,Embraer,7737,,0,,,
816656-3,,AR,1,EA,SENSOR TEMPERATURE,,Embraer,7746,,0,,,
816656-3,,AR,1,EA,SENSOR TEMPERATURE,,Embraer,6065,,0,,,
PG1152AC05,,SV,1,EA,AIR DATA MODULE,,Airbus,98101541,,0,,,
816656-3,,AR,1,EA,SENSOR TEMPERATURE,,Embraer,6234,,0,,,
816656-3,,AR,1,EA,SENSOR TEMPERATURE,,Embraer,8392,,0,,,
816656-3,,AR,1,EA,SENSOR TEMPERATURE,,Embraer,8152,,0,,,
816656-3,,AR,1,EA,SENSOR TEMPERATURE,,Embraer,8232,,0,,,
816656-3,,AR,1,EA,SENSOR TEMPERATURE,,Embraer,8256,,0,,,
8201-11-0000,,AR,1,EA,OVEN,,Embraer,10-07-29083,,0,,,
820914-5,,AR,1,EA,PACK BYPASS,,Embraer,2006081268,,0,,,
820914-5,,AR,1,EA,PACK BYPASS,,Embraer,2008061338,,0,,,
820914-7,,AR,1,EA,VALVE PACK BYPASS,,Embraer,2006030773,,0,,,
820914-7,,AR,1,EA,VALVE PACK BYPASS,,Embraer,2010090789,,0,,,
820914-7,,AR,1,EA,VALVE PACK BYPASS,,Embraer,2010090793,,0,,,
820914-7,,AR,1,EA,VALVE PACK BYPASS,,Embraer,2010110137,,0,,,
820964-1,,AR,1,EA,BLEED PRESSURE SENSOR,,Embraer,D10082111,,0,,,
820964-1,,AR,1,EA,BLEED PRESSURE SENSOR,,Embraer,D10032001,,0,,,
820964-1,,AR,1,EA,BLEED PRESSURE SENSOR,,Embraer,D10021990,,0,,,
820965-7,,AR,1,EA,"SERNSOR, PRESSURE DIFFERENTIOL",,Embraer,D14081188,,0,,,
820966-3,,AR,1,EA,VALVE-ADDITIONAL HEAT,,Embraer,1104,,0,,,
820966-3,,AR,1,EA,VALVE-ADDITIONAL HEAT,,Embraer,1384,,0,,,
820966-3,,AR,1,EA,VALVE-ADDITIONAL HEAT,,Embraer,1584,,0,,,
8851C000-001,,AR,1,EA,HEAT EXCHANGER,,Embraer,4397,,0,,,
8851C000-001,,AR,1,EA,HEAT EXCHANGER,,Embraer,4391,,0,,,
8851C000-001,,AR,1,EA,HEAT EXCHANGER,,Embraer,4303,,0,,,
8851C000-001,,AR,1,EA,HEAT EXCHANGER,,Embraer,4300,,0,,,
90002340-4PR,,AR,1,EA,BRAKE ASSY,,Embraer,APR07-0583,,0,,,
90002340-4PR,,AR,1,EA,BRAKE ASSY,,Embraer,FEB09-1584,,0,,,
R15048,,AI,1,EA,AILERON TRIM ACTUATOR,,Boeing,70224,,0,,,
R15048,,AI,1,EA,AILERON TRIM ACTUATOR,,Boeing,960407,,0,,,
R5303M1-1,,SV,1,EA,ELECT. MECH MOTOR ACTUATOR,,Boeing,60622,,0,,,
900099-3,,AR,1,EA,ACCUMULATOR-HYDRAULIC SYSTEM 2,,Embraer,EFS0769,,0,,,
900099-3,,AR,1,EA,ACCUMULATOR-HYDRAULIC SYSTEM 2,,Embraer,EFS0806,,0,,,
900103-1,,AR,1,EA,HYDRAULIC ACCUMULATOR SYSTEM #3,,Embraer,EFS0723,,0,,,
900103-1,,AR,1,EA,HYDRAULIC ACCUMULATOR SYSTEM #3,,Embraer,EFS0784,,0,,,
9037B0001-04,,AR,1,EA,PANEL-LDG GEAR CONTROL LEVER,,Embraer,1480,,0,,,
9037B0001-04,,AR,1,EA,PANEL-LDG GEAR CONTROL LEVER,,Embraer,1022,,0,,,
905613-1,,AR,1,EA,BALL ATTENUATOR,,Embraer,1485,,0,,,
905613-1,,AR,1,EA,BALL ATTENUATOR,,Embraer,1482,,0,,,
905613-1,,AR,1,EA,BALL ATTENUATOR,,Embraer,1597,,0,,,
905613-1,,AR,1,EA,BALL ATTENUATOR,,Embraer,1599,,0,,,
9070B0018-01,,AR,1,EA,HANDWHEEL-NOSE WHEEL STEERING FO,,Embraer,954,,0,,,
9070B0019-01,,AR,1,EA,SENSOR-NOSE WHEEL STEERING PEDAL,,Embraer,1584,,0,,,
9070B0019-01,,AR,1,EA,SENSOR-NOSE WHEEL STEERING PEDAL,,Embraer,1635,,0,,,
9070B0019-01,,AR,1,EA,SENSOR-NOSE WHEEL STEERING PEDAL,,Embraer,1755,,0,,,
9070B0019-01,,AR,1,EA,SENSOR-NOSE WHEEL STEERING PEDAL,,Embraer,1748,,0,,,
96073-04,,AR,1,EA,"STRUT ASSY, LOWER",,Embraer,1149,,0,,,
96073-05,,AR,1,EA,"STRUT ASSY, UPPER LH",,Embraer,1148,,0,,,
96073-06,,AR,1,EA,"STRUT ASSY, LOWER RIGHT",,Embraer,1154,,0,,,
96073-07,,AR,1,EA,"STRUT ASSY, UPPER RH",,Embraer,1151,,0,,,
96073-08,,AR,1,EA,"STRUT ASSY, LEFT TOP",,Embraer,1156,,0,,,
S152-0020-00,,SV,1,EA,CVR CONTROL UNIT,,Boeing,431336,,0,,,
96073-09,,AR,1,EA,"STRUT ASSY, RIGHT TOP",,Embraer,1149,,0,,,
96073-10,,AR,1,EA,"STRUT ASSY, CENTER TOP",,Embraer,1148,,0,,,
96073-11,,AR,1,EA,APU MOUNT,,Embraer,1117,,0,,,
S35-1000-2,,OH,1,EA,MARKER BEACON ANTENNA,,Embraer,102-8552,,0,,,
96073-12,,AR,1,EA,APU MOUNT,,Embraer,2372,,0,,,
S41422,,OH,1,EA,GLIDESLOPE ANTENN/A,,Embraer,108-19133,,0,,,
96073-12,,AR,1,EA,APU MOUNT,,Embraer,2381,,0,,,
96073-14,,AR,1,EA,"ISOLATOR, APU LH SIDE",,Embraer,1139,,0,,,
96073-15,,AR,1,EA,"ISOLATOR, APU RH SIDE",,Embraer,1045,,0,,,
9631110-0001,,AR,1,EA,"VALVE, DRAIN MOTOR OPERATED",,Embraer,1234,,0,,,
9631110-0001,,AR,1,EA,"VALVE, DRAIN MOTOR OPERATED",,Embraer,1341,,0,,,
S4-3500711,,SV,1,EA,GROUND SRVC MANIFOLD,,Airbus,952,,0,,,
9631220-0001,,AR,1,EA,MANIFOLD-AIR,,Embraer,1249,,0,,,
9631220-0001,,AR,1,EA,MANIFOLD-AIR,,Embraer,1425,,0,,,
9631680-0004,,AR,1,EA,TANK PORTABLE WATER,,Embraer,1126,,0,,,
9631680-0004,,AR,1,EA,TANK PORTABLE WATER,,Embraer,1177,,0,,,
9631710-0001,,AR,1,EA,"INDICATION, SERVICE PANEL",,Embraer,1208,,0,,,
9631770-0101,,AR,1,EA,PORTABLE WATER HEATER HOSE,,Embraer,3298,,0,,,
9700-C1A-BF23B,,AR,1,EA,PORTABLE O2 BOTTLE,,Embraer,ST98427,,0,,,
9700-C1A-BF23B,,AR,1,EA,PORTABLE O2 BOTTLE,,Embraer,P08053042,,0,,,
9700-C1A-BF23B,,AR,1,EA,PORTABLE O2 BOTTLE,,Embraer,ST273743,,0,,,
9700-C1A-BF23B,,AR,1,EA,PORTABLE O2 BOTTLE,,Embraer,ST254706,,0,,,
975254-1,,AR,1,EA,CHECK VALVE,,Embraer,5737,,0,,,
975254-1,,AR,1,EA,CHECK VALVE,,Embraer,5637,,0,,,
975254-1,,AR,1,EA,CHECK VALVE,,Embraer,5653,,0,,,
975254-1,,AR,1,EA,CHECK VALVE,,Embraer,5751,,0,,,
975254-1,,AR,1,EA,CHECK VALVE,,Embraer,5735,,0,,,
975254-4,,AR,1,EA,"CHECK VALVE, RTN",,Embraer,5246,,0,,,
975254-8,,AR,1,EA,CHECK VALVE,,Embraer,2739,,0,,,
975285-3,,AR,1,EA,VALVE-PTU SELECTOR SYSTEM 1,,Embraer,702,,0,,,
975285-3,,AR,1,EA,VALVE-PTU SELECTOR SYSTEM 1,,Embraer,774,,0,,,
975287-701,,AR,1,EA,FIREWALL SHUTOFF VALVE ACTUATOR (SUB ASSY OF VALVE,,Embraer,1645,,0,,,
975287-701,,AR,1,EA,FIREWALL SHUTOFF VALVE ACTUATOR (SUB ASSY OF VALVE,,Embraer,1642,,0,,,
S65-8280-41,,OH,1,EA,"ANTENNA,VHF ANTENNA",,Embraer,322-2276,,0,,,
975287-701,,AR,1,EA,FIREWALL SHUTOFF VALVE ACTUATOR (SUB ASSY OF VALVE,,Embraer,1763,,0,,,
975287-701,,AR,1,EA,FIREWALL SHUTOFF VALVE ACTUATOR (SUB ASSY OF VALVE,,Embraer,1759,,0,,,
S67-1575-133,,OH,1,EA,GPS ANTENNA,,Boeing,436-16540,,0,,,
S67-1575-133,,OH,1,EA,GPS ANTENNA,,Boeing,436-16136,,0,,,
S67-1575-133,,OH,1,EA,GPS ANTENNA,,Boeing,436-16099,,0,,,
975288-3,,AR,1,EA,PRIORITY VALVE   VALVE,,Embraer,1457,,0,,,
975288-3,,AR,1,EA,PRIORITY VALVE   VALVE,,Embraer,1440,,0,,,
975288-3,,AR,1,EA,PRIORITY VALVE   VALVE,,Embraer,1548,,0,,,
975289-3,,AR,1,EA,VALVE-DUMP & THERMAL RELIEF,,Embraer,2122,,0,,,
975289-3,,AR,1,EA,VALVE-DUMP & THERMAL RELIEF,,Embraer,2128,,0,,,
975289-3,,AR,1,EA,VALVE-DUMP & THERMAL RELIEF,,Embraer,2147,,0,,,
975289-3,,AR,1,EA,VALVE-DUMP & THERMAL RELIEF,,Embraer,2292,,0,,,
975289-3,,AR,1,EA,VALVE-DUMP & THERMAL RELIEF,,Embraer,2301,,0,,,
975289-3,,AR,1,EA,VALVE-DUMP & THERMAL RELIEF,,Embraer,2293,,0,,,
975301-5,,AR,1,EA,FLOW LIMITER VALVE SYSTEM #3,,Embraer,487,,0,,,
975301-5,,AR,1,EA,FLOW LIMITER VALVE SYSTEM #3,,Embraer,858,,0,,,
975302-1,,AR,1,EA,VALVE-PUMP UNLOADER SYSTEM #3,,Embraer,803,,0,,,
975303-3,,AR,1,EA,VALVE-PRIORITY,,Embraer,2164,,0,,,
975303-3,,AR,1,EA,VALVE-PRIORITY,,Embraer,2172,,0,,,
975303-3,,AR,1,EA,VALVE-PRIORITY,,Embraer,2291,,0,,,
975303-3,,AR,1,EA,VALVE-PRIORITY,,Embraer,2297,,0,,,
975303-3,,AR,1,EA,VALVE-PRIORITY,,Embraer,2290,,0,,,
9C148-4,,AR,1,EA,CARTRIDGE-AUXILIARY AC FUEL PUMP,,Embraer,2BF10,,0,,,
9C148-4,,AR,1,EA,CARTRIDGE-AUXILIARY AC FUEL PUMP,,Embraer,9BF114,,0,,,
9C148-4,,AR,1,EA,CARTRIDGE-AUXILIARY AC FUEL PUMP,,Embraer,7BF100,,0,,,
9C148-4,,AR,1,EA,CARTRIDGE-AUXILIARY AC FUEL PUMP,,Embraer,2BF8,,0,,,
9C149-3,,AR,1,EA,CANISTER-AC AUXILIARY BOOST PUMP,,Embraer,1BF3,,0,,,
9C149-3,,AR,1,EA,CANISTER-AC AUXILIARY BOOST PUMP,,Embraer,1BF7,,0,,,
SB209L1A1-1484,,SV,1,EA,ACCUMULATOR-HYDRAVLIC,,Airbus,50388,,0,,,
SEDL-OC9C,,SV,1,EA,DUAL DUCT PRESSURE INDICATOR,,Boeing,2847BA,,0,,,
9C149-3,,AR,1,EA,CANISTER-AC AUXILIARY BOOST PUMP,,Embraer,8BF100,,0,,,
9C149-3,,AR,1,EA,CANISTER-AC AUXILIARY BOOST PUMP,,Embraer,8BF103,,0,,,
A156039-1,,AR,1,EA,"VALVE, SHUTOFF",,Embraer,2008-0018244,,0,,,
A171061-1,,AR,1,EA,CARGO FLOOD LIGHT,,Embraer,N / A,,0,,,
A171061-1,,AR,1,EA,CARGO FLOOD LIGHT,,Embraer,N / A,,0,,,
A171061-1,,AR,1,EA,CARGO FLOOD LIGHT,,Embraer,N / A,,0,,,
A171061-1,,AR,1,EA,CARGO FLOOD LIGHT,,Embraer,N / A,,0,,,
A171061-1,,AR,1,EA,CARGO FLOOD LIGHT,,Embraer,N / A,,0,,,
A171061-1,,AR,1,EA,CARGO FLOOD LIGHT,,Embraer,N / A,,0,,,
STA320-1-7-1,,AI,1,EA,"WINDSHIELD, LH",,Airbus,56779,,0,,,
SYLZ-53118,,SV,1,EA,CONTROLLER-WHC WINDOW HEAT CONTROLLER,,Embraer,642 K,,0,,,
SYLZ-53118,,SV,1,EA,CONTROLLER-WHC WINDOW HEAT CONTROLLER,,Embraer,2549K,,0,,,
A171061-1,,AR,1,EA,CARGO FLOOD LIGHT,,Embraer,N / A,,0,,,
A171061-1,,AR,1,EA,CARGO FLOOD LIGHT,,Embraer,N / A,,0,,,
A171061-1,,AR,1,EA,CARGO FLOOD LIGHT,,Embraer,N / A,,0,,,
A171061-1,,AR,1,EA,CARGO FLOOD LIGHT,,Embraer,N / A,,0,,,
AS-200-00003,,AR,1,EA,REINFORCED COCKPIT DOOR ATTENDANT C,,Embraer,666,,0,,,
AS-33-0008,,AR,1,EA,LED EXTERNAL EMERGENCY LIGHT,,Embraer,2360,,0,,,
AS-33-0008,,AR,1,EA,LED EXTERNAL EMERGENCY LIGHT,,Embraer,2372,,0,,,
AS-33-0008,,AR,1,EA,LED EXTERNAL EMERGENCY LIGHT,,Embraer,2366,,0,,,
AS-33-0008,,AR,1,EA,LED EXTERNAL EMERGENCY LIGHT,,Embraer,2368,,0,,,
AS-33-0008,,AR,1,EA,LED EXTERNAL EMERGENCY LIGHT,,Embraer,2614,,0,,,
AS-33-0008,,AR,1,EA,LED EXTERNAL EMERGENCY LIGHT,,Embraer,2603,,0,,,
AS-33-0008,,AR,1,EA,LED EXTERNAL EMERGENCY LIGHT,,Embraer,2604,,0,,,
TY1540-24C,,SV,1,EA,HYDRAULIC CONTROL UNIT,,Airbus,R523,,0,,,
AS-33-0008,,AR,1,EA,LED EXTERNAL EMERGENCY LIGHT,,Embraer,2602,,0,,,
AS-33-0008,,AR,1,EA,LED EXTERNAL EMERGENCY LIGHT,,Embraer,2599,,0,,,
U26B,,SV,1,EA,ACTUATOR,,Boeing,C4414,,0,,,
AS-52-0004,,AR,1,EA,COCKPIT DOOR LOCK,,Embraer,692,,0,,,
VD3900-03,,SV,1,EA,RECIRCULATION FAN,,Airbus,3032384,,0,,,
VD3920,,SV,1,EA,FAN-EXTRACTION FOR A320,,Airbus,98041145,,0,,,
W92C,,SV,1,EA,RUDDER PEDAL ACTUATOR,,Boeing,D4342,,0,,,
BA23094-1,,AR,1,EA,G.A. AUTO EXTINGUISHER,,Embraer,65298,,0,,,
WL501RC1,,SV,1,EA,INDICATOR CABIN RATE OF CLIMB,,Boeing,AU039/096,,0,,,
BA23094-1,,AR,1,EA,G.A. AUTO EXTINGUISHER,,Embraer,59132,,0,,,
C158818-1,,AR,1,EA,FLAP ACTUATOR 1L ASSEMBLY E175,,Embraer,1383,,0,,,
C158818-1,,AR,1,EA,FLAP ACTUATOR 1L ASSEMBLY E175,,Embraer,1430,,0,,,
C158819-1,,AR,1,EA,FLAP ACTUATOR 2L ASSEMBLY E175,,Embraer,1393,,0,,,
Z010H000521A,,SV,1,EA,CIDS DIRECTOR,,Airbus,010H00006313,,0,,,
Z020H0001112,,SV,1,EA,PROGRAM & TEST PANEL,,Airbus,674,,0,,,
C158819-1,,AR,1,EA,FLAP ACTUATOR 2L ASSEMBLY E175,,Embraer,1436,,0,,,
C158820-1,,AR,1,EA,FLAP ACTUATOR 3L 4L ASSEMBLY E175,,Embraer,1768,,0,,,
C158820-1,,AR,1,EA,FLAP ACTUATOR 3L 4L ASSEMBLY E175,,Embraer,1767,,0,,,
C158820-1,,AR,1,EA,FLAP ACTUATOR 3L 4L ASSEMBLY E175,,Embraer,1843,,0,,,
C158820-1,,AR,1,EA,FLAP ACTUATOR 3L 4L ASSEMBLY E175,,Embraer,1842,,0,,,
C158821-1,,AR,1,EA,FLAP ACTUATOR 1R ASSEMBLY E175,,Embraer,1393,,0,,,
C158821-1,,AR,1,EA,FLAP ACTUATOR 1R ASSEMBLY E175,,Embraer,1431,,0,,,
C158822-1,,AR,1,EA,ACTUATOR-FLAP E190 2R,,Embraer,1396,,0,,,
C158822-1,,AR,1,EA,ACTUATOR-FLAP E190 2R,,Embraer,1435,,0,,,
C158823-1,,AR,1,EA,FLAP ACTUATOR 3R 4R ASSEMBLY E175,,Embraer,1768,,0,,,
C158823-1,,AR,1,EA,FLAP ACTUATOR 3R 4R ASSEMBLY E175,,Embraer,1766,,0,,,
C158823-1,,AR,1,EA,FLAP ACTUATOR 3R 4R ASSEMBLY E175,,Embraer,1849,,0,,,
C158823-1,,AR,1,EA,FLAP ACTUATOR 3R 4R ASSEMBLY E175,,Embraer,1850,,0,,,
E190 COCKPIT,,AR,1,EA,COCKPIT,,Embraer,19000367,,0,,,
E190 COCKPIT,,AR,1,EA,COCKPIT,,Embraer,N/A,,0,,,
E190 L/H OVERWING,,AR,1,EA,OVERWING L/H,,Embraer,19000367,,0,,,
E190 R/H OVERWING,,AR,1,EA,OVERWING R/H,,Embraer,19000367,,0,,,
ED35E109-04-00,,AR,1,EA,QUICK ACCESS RECORDER QAR - AFDAMU,,Embraer,1001,,0,,,
F7-330-1,,AR,1,EA,PRESSURE SWITCH,,Embraer,1263,,0,,,
F7-330-1,,AR,1,EA,PRESSURE SWITCH,,Embraer,1582,,0,,,
F7-330-1,,AR,1,EA,PRESSURE SWITCH,,Embraer,1569,,0,,,
F7-337-1,,AR,1,EA,PRESSURE SWITCH,,Embraer,3575,,0,,,
F7-337-1,,AR,1,EA,PRESSURE SWITCH,,Embraer,3435,,0,,,
F7-337-1,,AR,1,EA,PRESSURE SWITCH,,Embraer,3430,,0,,,
F7-337-1,,AR,1,EA,PRESSURE SWITCH,,Embraer,3622,,0,,,
FD932DVD-4B,,AR,1,EA,DVD/CD/MP3 PLAYER,,Embraer,8721159,,0,,,
FE374500000,,AR,1,EA,ACTUATOR-DOOR DAMPER CYLINDER,,Embraer,FR1627,,0,,,
FE374500000,,AR,1,EA,ACTUATOR-DOOR DAMPER CYLINDER,,Embraer,FR1638,,0,,,
G-4304F,,AR,1,EA,PRESSURE GAUGE,,Embraer,10A3704,,0,,,
G-4304F,,AR,1,EA,PRESSURE GAUGE,,Embraer,10A3702,,0,,,
G-4304F,,AR,1,EA,PRESSURE GAUGE,,Embraer,10G3917,,0,,,
G-4304F,,AR,1,EA,PRESSURE GAUGE,,Embraer,10J3953,,0,,,
G-4304F,,AR,1,EA,PRESSURE GAUGE,,Embraer,10J3949,,0,,,
GLS01-001-0000,,AR,1,EA,SHUTOFF VALVE,,Embraer,2008-0019882,,0,,,
GLS01-001-0000,,AR,1,EA,SHUTOFF VALVE,,Embraer,N/A,,0,,,
GLS01-001-0000,,AR,1,EA,SHUTOFF VALVE,,Embraer,2008-0019879,,0,,,
HG2100AB02,,AR,1,EA,INERTIAL REFERENCE UNIT (IRU),,Embraer,56032354,,0,,,
HG2100AB02,,AR,1,EA,INERTIAL REFERENCE UNIT (IRU),,Embraer,56032286,,0,,,
MIL-C-38373,,AR,1,EA,FUEL CAP,,Embraer,N / A,,0,,,
MIL-C-38373,,AR,1,EA,FUEL CAP,,Embraer,N / A,,0,,,
NP-187301-17,,AR,1,EA,"TRANSPARENCY, STORM WINDOW",,Embraer,14120H3833,,0,,,
NP-187301-20,,AR,1,EA,WINDSHIELD R/H,,Embraer,16147H3260,,0,,,
P2-07-0009-520,,AR,1,EA,FLASHLIGHT SYSTEM,,Embraer,N/A,,0,,,
Z030H0005110,,SV,1,EA,DECODER ENCODER UNIT A,,Airbus,32037,,0,,,
Z030H0005110,,SV,1,EA,DECODER ENCODER UNIT A,,Airbus,32042,,0,,,
Z030H0005110,,SV,1,EA,DECODER ENCODER UNIT A,,Airbus,32045,,0,,,
P2-07-0009-520,,AR,1,EA,FLASHLIGHT SYSTEM,,Embraer,N/A,,0,,,
P2-07-0009-520,,AR,1,EA,FLASHLIGHT SYSTEM,,Embraer,N/A,,0,,,
P2-07-0009-520,,AR,1,EA,FLASHLIGHT SYSTEM,,Embraer,N/A,,0,,,
P2-07-0009-520,,AR,1,EA,FLASHLIGHT SYSTEM,,Embraer,N/A,,0,,,
P547A0001-02,,AR,1,EA,ACTUATOR-C DUCT COWL OPENING,,Embraer,A0093501,,0,,,
P547A0001-02,,AR,1,EA,ACTUATOR-C DUCT COWL OPENING,,Embraer,A0093498,,0,,,
P547A0001-02,,AR,1,EA,ACTUATOR-C DUCT COWL OPENING,,Embraer,A0058142,,0,,,
P614579,,AR,1,EA,AIR FILTER,,Embraer,DM1551527-0007,,0,,,
P614579,,AR,1,EA,AIR FILTER,,Embraer,KK13351208-0016,,0,,,
PBS400-1-P5,,AR,1,EA,BRIEFER COMPUTER,,Embraer,411002801,,0,,,
PGA0105WG,,AR,1,EA,MAGNETIC COMPASS,,Embraer,722088-04,,0,,,
S1823502-03,,AR,1,EA,ELT KANNAD 406 AS,,Embraer,LX1100125770,,0,,,
S210W110-2136,,AR,1,EA,TEMP SENSOR,,Embraer,9582,,0,,,
S210W110-2136,,AR,1,EA,TEMP SENSOR,,Embraer,9707,,0,,,
S35-1000-2,,AR,1,EA,MARKER BEACON ANTENNA,,Embraer,102-8764,,0,,,
S65-247-33,,AR,1,EA,ANTENNA-DUAL VOR,,Embraer,869,,0,,,
S65-247-33,,AR,1,EA,ANTENNA-DUAL VOR,,Embraer,917,,0,,,
S65-5366-7L,,AR,1,EA,ATC TOP ANTENN/A,,Embraer,261-86905,,0,,,
S65-5366-7L,,AR,1,EA,ATC TOP ANTENN/A,,Embraer,261-100708,,0,,,
S65-5366-7L,,AR,1,EA,ATC TOP ANTENN/A,,Embraer,261-86937,,0,,,
S65-5366-7L,,AR,1,EA,ATC TOP ANTENN/A,,Embraer,261-100760,,0,,,
S65-5366-7L,,AR,1,EA,ATC TOP ANTENN/A,,Embraer,261-100802,,0,,,
S65-5366-7L,,AR,1,EA,ATC TOP ANTENN/A,,Embraer,261-102157,,0,,,
S65-5366-7L,,AR,1,EA,ATC TOP ANTENN/A,,Embraer,261-86901,,0,,,
S65-5366-7L,,AR,1,EA,ATC TOP ANTENN/A,,Embraer,261-86863,,0,,,
S65-5366-7L,,AR,1,EA,ATC TOP ANTENN/A,,Embraer,261-85194,,0,,,
S65-5366-7L,,AR,1,EA,ATC TOP ANTENN/A,,Embraer,261-116085,,0,,,
S65-5366-7L,,AR,1,EA,ATC TOP ANTENN/A,,Embraer,44976,,0,,,
S65-5366-7L,,AR,1,EA,ATC TOP ANTENN/A,,Embraer,261-102135,,0,,,
Z040H000820A,,SV,1,EA,DEU-DECODER ENCODER UNIT B,,Airbus,040H00012801,,0,,,
S65-5366-7L,,AR,1,EA,ATC TOP ANTENN/A,,Embraer,261-102174,,0,,,
S65-5366-7L,,AR,1,EA,ATC TOP ANTENN/A,,Embraer,261-102169,,0,,,
S65-8280-41,,AR,1,EA,"ANTENNA,VHF ANTENNA",,Embraer,322-2542,,0,,,
S67-1575-132,,AR,1,EA,GPS ANTENNA,,Embraer,435-4233,,0,,,
Z212H0001110,,SV,1,EA,FWD ICE PROT CTL UNT,,Airbus,212H00009509,,0,,,
S67-1575-132,,AR,1,EA,GPS ANTENNA,,Embraer,435-4231,,0,,,
Z220H0002110,,SV,1,EA,AFT ICE PROT CTL UNT,,Airbus,220H00006395,,0,,,
S67-2002-45,,AR,1,EA,RADAR ALTIMETER ANTENNA,,Embraer,553-5907,,0,,,
S67-2002-45,,AR,1,EA,RADAR ALTIMETER ANTENNA,,Embraer,553-6804,,0,,,
S67-2002-45,,AR,1,EA,RADAR ALTIMETER ANTENNA,,Embraer,553-3627,,0,,,
S67-2002-45,,AR,1,EA,RADAR ALTIMETER ANTENNA,,Embraer,553-3640,,0,,,
S67-2002-45,,AR,1,EA,RADAR ALTIMETER ANTENNA,,Embraer,553-3646,,0,,,
S67-2002-45,,AR,1,EA,RADAR ALTIMETER ANTENNA,,Embraer,553-3629,,0,,,
S67-2002-45,,AR,1,EA,RADAR ALTIMETER ANTENNA,,Embraer,553-3336,,0,,,
S67-2002-45,,AR,1,EA,RADAR ALTIMETER ANTENNA,,Embraer,553-3337,,0,,,
SPC-10(Y),,AR,1,EA,"INVERTER,STATIC-250VA",,Embraer,655,,0,,,
SYLZ-53118,,AR,1,EA,CONTROLLER-WHC WINDOW HEAT CONTROLLER,,Embraer,1587K,,0,,,
SYLZ-53118,,AR,1,EA,CONTROLLER-WHC WINDOW HEAT CONTROLLER,,Embraer,1589K,,0,,,
