25;A252899;Cabin attendant seat - Freestanding (CMM sans IPC);AIRBUS;AIRBUS;Inspection - Repair;;;
25;A252899;Cabin attendant seat - Freestanding (IPC);AIRBUS;AIRBUS;Inspection - Repair;;;
25;A252899;Cabin attendant seat, Wall - Mounted;AIRBUS;AIRBUS;Inspection - Repair;;;
25;2524,532 - 2524,533 - 2524,534;Dynamic serie 200 single seat;AIRBUS;AIRCRAFT MODULAR PRODUCTS;Inspection - Repair;;;
25;2524.014.01;Passenger single seat;FALCON;AIRCRAFT MODULAR PRODUCTS;Inspection - Repair;;;
25;11639;Passager Double -Triple seat ;A321/200;AIRLINE INTERIORS A SIMULA COMPANY;Inspection - Repair;;;
25;"116023
116024";PassagerTriple seat ;A320;AIRLINE INTERIORS A SIMULA COMPANY;Inspection - Repair;;;
25;"119511
119512";Passager Triple seat;A320;AIRLINE INTERIORS A SIMULA COMPANY;Inspection - Repair;;;
30;S5741200600400;Leading edge assy;ATR72;ATR;Inspection - Repair;;;
54;S5741200600400;Leading edge assy;ATR72;ATR;Repair;;;
54;S5741200600400;Leading edge assy;ATR72;ATR;Repair;;;
25;133;Passenger double and triple seat;A321;AVIOINTERIORS;Inspection - Repair;;;
25;184;Passenger double and triple seat;A321-200;AVIOINTERIORS;Inspection - Repair;;;
25;190;Passenger triple seat;A320-200;AVIOINTERIORS;Inspection - Repair;;;
25;191;Passenger triple seat;A319 A320 A321;AVIOINTERIORS;Inspection - Repair;;;
25;191;Passenger double et triple seat;A319 A320 A321;AVIOINTERIORS;Inspection - Repair;;;
25;120 A2;Passenger double seat;ATR42;AVIOINTERIORS;Inspection - Repair;;;
25;123R2;Passenger double seat;ATR42;AVIOINTERIORS;Inspection - Repair;;;
25;133E6-133N3;Passenger double and triple seat;A321;AVIOINTERIORS;Inspection - Repair;;;
25;133F2 - 133W2;Passenger triple seat;A320-200;AVIOINTERIORS;Inspection - Repair;;;
25;87119;Passager doule seat;A300-600;BE Aerospace;Inspection - Repair;;;
25;87120;Passager  triple  seat;A300-600;BE Aerospace;Inspection - Repair;;;
25;87135;Passager quadruple seat;A300-600;BE Aerospace;Inspection - Repair;;;
25;87639;Passager simple seat;A300-600;BE Aerospace;Inspection - Repair;;;
25;1002062;Passager double seat;A300-600;BE Aerospace;Inspection - Repair;;;
25;1002063;Passager triple  seat;A300-600;BE Aerospace;Inspection - Repair;;;
25;1002064;Passager quadruple seat;A300-600;BE Aerospace;Inspection - Repair;;;
25;1002065;standard simple seat ;A300-600;BE Aerospace;Inspection - Repair;;;
25;M14202/14302;Passenger triple, triple seat;/;BRITAX;Inspection - Repair;;;
25;M14209-001;Passenger double seat;A330 - A340;BRITAX;Inspection - Repair;;;
25;8658;Passenger simple seat;A300;BURNS AEROSPACE CORPORATION;Inspection - Repair;;;
25;8708;Passenger double and triple seat;A310-300;BURNS AEROSPACE CORPORATION;Inspection - Repair;;;
25;8711;Passenger double, triple, quadruple seat;A340;BURNS AEROSPACE CORPORATION;Inspection - Repair;;;
25;8712;Passenger triple, seat;A340;BURNS AEROSPACE CORPORATION;Inspection - Repair;;;
25;8713;Passenger  quadruple seat;A340;BURNS AEROSPACE CORPORATION;Inspection - Repair;;;
25;8777;Triple passenger seat;A320;BURNS AEROSPACE CORPORATION;Inspection - Repair;;;
25;950;Passenger double and triple seat;A300 / A310;CONTOUR SEAT;Inspection - Repair;;;
25;model 5000;Passenger single seat;A319 CASTA;DETTMERS;Inspection - Repair;;;
25;8679;Double passenger seat;A320;JEPSON;Inspection - Repair;;;
25;8681;Passenger double and triple seat;A310;JEPSON;Inspection - Repair;;;
25;8698;Triple passenger seat;A320;JEPSON;Inspection - Repair;;;
25;83178B;Seat assy Model number ARS-514;A340;KOITO;Inspection - Repair;;;
25;83214B;Sleeper seat assy Model number ARS-516;A340;KOITO;Inspection - Repair;;;
25;881-08A;Passenger double, triple and quadruple seat;A310/300;PTC Aerospace;Inspection - Repair;;;
25;910-13;Passenger double seat;ATR42;PTC Aerospace;Inspection - Repair;;;
25;910-13;Passenger double seat;ATR42;PTC Aerospace;Inspection - Repair;;;
25;910-13;Passenger double seat;ATR42;PTC Aerospace;Inspection - Repair;;;
25;950-02B;Passenger double seat;B727;PTC Aerospace;Inspection - Repair;;;
25;3A063 series;Pilot & copilot seat;ATR;ATR;Inspection - Repair;;;
25;985-PR108A;Passenger double and triple seat;A340-200;PTC Aerospace;Inspection - Repair;;;
25;173;Passenger double and triple seat;/;RECARO;Inspection - Repair;;;
25;181;Passenger double and triple seat;/;RECARO;Inspection - Repair;;;
25;272;Passenger double and triple seat;/;RECARO;Inspection - Repair;;;
25;568;Passenger triple seat;/;RECARO;Inspection - Repair;;;
25;577;Passenger triple seat;/;RECARO;Inspection - Repair;;;
25;578;Passenger double and triple seat;A310;RECARO;Inspection - Repair;;;
25;580;Passenger triple seat;A320;RECARO;Inspection - Repair;;;
25;604;Passenger double and triple seat;A300-600;RECARO;Inspection - Repair;;;
25;728;Passager double et triple;A330/300;RECARO;Inspection - Repair;;;
25;907;Passager double et triple et quadruple seat;A300-600;RECARO;Inspection - Repair;;;
25;M14202-001;Passenger double seat;A340;RUMBOLD;Inspection - Repair;;;
25;M70214-001;Passenger double seat;A300 - A310;RUMBOLD;Inspection - Repair;;;
25;133;Third occupant seat;A320;SICMA AERO SEAT;Inspection - Repair;;;
25;136;Cabin crew member seat;ATR72;SICMA AERO SEAT;Inspection - Repair;;;
25;142;Pilot & copilot seat;Falcon 2000;SICMA AERO SEAT;Inspection - Repair;;;
25;728;Passenger double and triple seat 3410 model;A330-300;RECARO;Inspection - Repair;;;
25;4707;Passenger double seat;A300-600;SICMA AERO SEAT;Inspection - Repair;;;
25;5032;Passenger double seat;A300/600;SICMA AERO SEAT;Inspection - Repair;;;
25;5010;Passenger double seat;A310-300;SICMA AERO SEAT;Inspection - Repair;;;
25;5038;Passenger double seat;A340-300;SICMA AERO SEAT;Inspection - Repair;;;
25;5044;First class double seat;A340;SICMA AERO SEAT;Inspection - Repair;;;
25;5048;Double passenger seat;A300-600;SICMA AERO SEAT;Inspection - Repair;;;
25;5063;Passenger double seat;A340-200A330-300;SICMA AERO SEAT;Inspection - Repair;;;
25;5083;Passenger double seat;A340-200;SICMA AERO SEAT;Inspection - Repair;;;
25;5091;Passenger double seat;A340-200;SICMA AERO SEAT;Inspection - Repair;;;
25;6523;Passenger double and triple seat;A300-600 A310-300;SICMA AERO SEAT;Inspection - Repair;;;
25;6527;Passenger double seat;MD 83;SICMA AERO SEAT;Inspection - Repair;;;
25;6588;Passenger double seat;A340-200 A330-300;SICMA AERO SEAT;Inspection - Repair;;;
25;6591;Passenger double seat;A320/321;SICMA AERO SEAT;Inspection - Repair;;;
25;7122;Passenger double, triple and quadruple seat;A300-600 A310;SICMA AERO SEAT;Inspection - Repair;;;
25;7160;Passenger double, triple and quadruple seat;A300/600-A310/300;SICMA AERO SEAT;Inspection - Repair;;;
25;7304; Passenger double seat;ATR42;SICMA AERO SEAT;Inspection - Repair;;;
25;7309;Passenger double seat;ATR42;SICMA AERO SEAT;Inspection - Repair;;;
25;7310;Passager Double seat ;ATR42;SICMA AERO SEAT;Inspection - Repair;;;
25;7401;Passenger double seat;ATR42;SICMA AERO SEAT;Inspection - Repair;;;
25;7402;Passenger double seat;ATR42;SICMA AERO SEAT;Inspection - Repair;;;
25;7403;Passenger double seat;ATR42;SICMA AERO SEAT;Inspection - Repair;;;
25;7404;Passenger double seat;ATR42;SICMA AERO SEAT;Inspection - Repair;;;
25;7405;Passenger double seat;ATR42/72;SICMA AERO SEAT;Inspection - Repair;;;
25;7407;Passenger double seat;ATR42;SICMA AERO SEAT;Inspection - Repair;;;
25;7409;Passenger double seat;ATR42;SICMA AERO SEAT;Inspection - Repair;;;
25;7411;Passenger double seat;ATR42;SICMA AERO SEAT;Inspection - Repair;;;
25;7412;Passenger double seat;ATR42;SICMA AERO SEAT;Inspection - Repair;;;
25;7413;Passenger double seat;ATR42;SICMA AERO SEAT;Inspection - Repair;;;
25;7417;Passenger double seat;ATR42;SICMA AERO SEAT;Inspection - Repair;;;
25;7418;Passenger double seat;ATR42;SICMA AERO SEAT;Inspection - Repair;;;
25;7425;Passenger double seat;ATR42;SICMA AERO SEAT;Inspection - Repair;;;
25;7427;Passenger double seat;ATR42;SICMA AERO SEAT;Inspection - Repair;;;
25;7430;Passenger double seat;ATR42;SICMA AERO SEAT;Inspection - Repair;;;
25;7432;Passenger double seat;ATR42;SICMA AERO SEAT;Inspection - Repair;;;
25;7434;Passenger double seat;ATR42;SICMA AERO SEAT;Inspection - Repair;;;
25;7435;Passenger double seat;ATR42/72;SICMA AERO SEAT;Inspection - Repair;;;
25;7435;Passenger double seat;ATR42-500;SICMA AERO SEAT;Inspection - Repair;;;
25;7437;Passenger double seat;ATR72;SICMA AERO SEAT;Inspection - Repair;;;
25;7440;Passenger double seat;ATR42-500;SICMA AERO SEAT;Inspection - Repair;;;
25;7447;Passenger double seat;ATR72;SICMA AERO SEAT;Inspection - Repair;;;
25;7448;Passenger double seat;ATR42;SICMA AERO SEAT;Inspection - Repair;;;
25;7449;Passenger double seat;ATR42 ;SICMA AERO SEAT;Inspection - Repair;;;
25;7452;Passenger double seat;ATR42;SICMA AERO SEAT;Inspection - Repair;;;
25;7453;Passenger double seat;ATR72;SICMA AERO SEAT;Inspection - Repair;;;
25;7455;Passenger double seat ;ATR72;SICMA AERO SEAT;Inspection - Repair;;;
25;7464 serie;Passenger double seat;ATR42;SICMA AERO SEAT;Inspection - Repair;;;
25;7469;Passenger double seat;ATR42;SICMA AERO SEAT;Inspection - Repair;;;
25;7467;Passenger double seat;ATR42;SICMA AERO SEAT;Inspection - Repair;;;
25;7471;Passenger double seat;ATR42/72;SICMA AERO SEAT;Inspection - Repair;;;
25;7474;Passenger double seat;ATR42 / 72;SICMA AERO SEAT;Inspection - Repair;;;
25;7469;Passenger double seat;ATR42/72;SICMA AERO SEAT;Inspection - Repair;;;
25;7477;Passenger double seat;ATR42;SICMA AERO SEAT;Inspection - Repair;;;
25;7479;Passenger double seat;ATR42;SICMA AERO SEAT;Inspection - Repair;;;
25;7475;Passenger double seat;ATR42;SICMA AERO SEAT;Inspection - Repair;;;
25;7480 series;Passenger double seat;ATR72;SICMA AERO SEAT;Inspection - Repair;;;
25;7482;Passenger double seat;ATR42;SICMA AERO SEAT;Inspection - Repair;;;
25;7483;Passenger double seat;ATR72;SICMA AERO SEAT;Inspection - Repair;;;
25;7485;Passenger double seat;ATR42/72;SICMA AERO SEAT;Inspection - Repair;;;
25;7486; Passenger double seat;ATR42;SICMA AERO SEAT;Inspection - Repair;;;
25;7487;Passenger double seat;ATR42;SICMA AERO SEAT;Inspection - Repair;;;
25;7486; Passenger double seat;ATR42;SICMA AERO SEAT;Inspection - Repair;;;
25;7494;Passenger double seat;ATR42;SICMA AERO SEAT;Inspection - Repair;;;
25;7495;Passenger double seat;ATR42;SICMA AERO SEAT;Inspection - Repair;;;
25;7496;Passenger double seat;ATR72;SICMA AERO SEAT;Inspection - Repair;;;
25;7497;Passenger double seat;ATR42;SICMA AERO SEAT;Inspection - Repair;;;
25;7499;Passenger double seat;ATR42;SICMA AERO SEAT;Inspection - Repair;;;
25;7807;Passenger single, double and triple seat;A300/600;SICMA AERO SEAT;Inspection - Repair;;;
25;7901;Passenger double seat;ATR42;SICMA AERO SEAT;Inspection - Repair;;;
25;7904;Passenger double seat;ATR42;SICMA AERO SEAT;Inspection - Repair;;;
25;7905;Passenger double seat;ATR42/72;SICMA AERO SEAT;Inspection - Repair;;;
25;7907;Passenger double seat;ATR42 ;SICMA AERO SEAT;Inspection - Repair;;;
25;7910;Passenger double seat;ATR42 ;SICMA AERO SEAT;Inspection - Repair;;;
25;7911;Passenger double seat;ATR42/72;SICMA AERO SEAT;Inspection - Repair;;;
25;7912;Passenger double seat;ATR42/72;SICMA AERO SEAT;Inspection - Repair;;;
25;7915;Passenger double seat;ATR42;SICMA AERO SEAT;Inspection - Repair;;;
25;7917;Passenger double seat;ATR42;SICMA AERO SEAT;Inspection - Repair;;;
25;7919;Passenger double seat;ATR42;SICMA AERO SEAT;Inspection - Repair;;;
25;9021;Passenger double seat;ATR42;SICMA AERO SEAT;Inspection - Repair;;;
25;9038;Passenger double seat;ATR72;SICMA AERO SEAT;Inspection - Repair;;;
25;9041;Passenger double seat;ATR72;SICMA AERO SEAT;Inspection - Repair;;;
25;9043;Passenger double seat;ATR42;SICMA AERO SEAT;Inspection - Repair;;;
25;9047;Passenger double seat;ATR72;SICMA AERO SEAT;Inspection - Repair;;;
25;9049;Passenger double seat;ATR72;SICMA AERO SEAT;Inspection - Repair;;;
25;9101;Passenger double and triple seat;A320 & A321-100;SICMA AERO SEAT;Inspection - Repair;;;
25;9109;Passenger double seat;ATR42;SICMA AERO SEAT;Inspection - Repair;;;
25;9128;Passenger double and triple seat;A310/300;SICMA AERO SEAT;Inspection - Repair;;;
25;9139;Passenger double, triple and quadruple seat;A310-300 A300-600;SICMA AERO SEAT;Inspection - Repair;;;
25;9162;Passenger triple seat;A320;SICMA AERO SEAT;Inspection - Repair;;;
25;9165;Passenger double and triple seat;A310-300/600;SICMA AERO SEAT;Inspection - Repair;;;
25;9167;Passenger triple seat;A320;SICMA AERO SEAT;Inspection - Repair;;;
25;9172;Passenger triple seat;A320-200;SICMA AERO SEAT;Inspection - Repair;;;
25;9173;Passenger double, triple and quadruple seat;A340-300;SICMA AERO SEAT;Inspection - Repair;;;
25;9196;Passenger double, triple and quadruple seat;A340/200-300;SICMA AERO SEAT;Inspection - Repair;;;
25;9206;Passenger double seat;ATR72;SICMA AERO SEAT;Inspection - Repair;;;
25;9209;Passenger double seat;ATR72;SICMA AERO SEAT;Inspection - Repair;;;
25;9210;Passenger double seat;ATR72;SICMA AERO SEAT;Inspection - Repair;;;
25;9211;Passenger double seat;ATR42;SICMA AERO SEAT;Inspection - Repair;;;
25;9301;Passenger double and triple seat;A330-300;SICMA AERO SEAT;Inspection - Repair;;;
25;9511;Passenger double and triple seat;B 757-200;SICMA AERO SEAT;Inspection - Repair;;;
25;9512;Passenger double and triple seat;A 320-200 A321-200;SICMA AERO SEAT;Inspection - Repair;;;
25;9517;Passenger double and triple seat;A321;SICMA AERO SEAT;Inspection - Repair;;;
25;9529;Passenger double and triple seat;A319-A320-A321;SICMA AERO SEAT;Inspection - Repair;;;
25;9601;Passenger double seat;ATR72;SICMA AERO SEAT;Inspection - Repair;;;
25;9602;Passenger double seat;ATR42;SICMA AERO SEAT;Inspection - Repair;;;
25;9609;Passenger double seat;ATR42 / ATR72;SICMA AERO SEAT;Inspection - Repair;;;
25;9621;Passenger double seat;ATR72;SICMA AERO SEAT;Inspection - Repair;;;
25;9918;Passenger double and triple seat;A319-A320-A321;SICMA AERO SEAT;Inspection - Repair;;;
25;65B1;Passengers double seat;A330-200;SICMA AERO SEAT;Inspection - Repair;;;
25;91C2;Passenger double and triple seat;A340-200;SICMA AERO SEAT;Inspection - Repair;;;
25;91C3;Passenger double and triple seat;A340-199;SICMA AERO SEAT;Inspection - Repair;;;
25;91C4;Passenger double and triple seat;A340-200-300;SICMA AERO SEAT;Inspection - Repair;;;
25;9A04;Passengers double and triple seat;A330-200;SICMA AERO SEAT;Inspection - Repair;;;
25;TB1074930;Pilot and copilot seat;TB 10, TB 20;SOCATA;Inspection - Repair;;;
25;2510112;Pilot and copilot seat;/;SOGERMA-SOCEA;Inspection - Repair;;;
25;2510113;Pilot and copilot seat;/;SOGERMA-SOCEA;Inspection - Repair;;;
25;2510132;Air crew seat;/;SOGERMA-SOCEA;Inspection - Repair;;;
25;2510136;Third occupant seat;/;SOGERMA-SOCEA;Inspection - Repair;;;
25;2510155;Fourth occupant seat;/;SOGERMA-SOCEA;Inspection - Repair;;;
25;117;Passenger double, triple, quadruple seat;A320-200;WEBER;Inspection - Repair;;;
25;119;Passenger double and triple seat;A321-200;WEBER;Inspection - Repair;;;
25;857;Passenger double, triple, quadruple seat;A320-200;WEBER;Inspection - Repair;;;
25;11538;Passenger double and triple seat;A320-200;WEBER;Inspection - Repair;;;
25;11938;Passenger double and triple seat;A320-200;WEBER;Inspection - Repair;;;
25;84901;First class double triple et quad;A310;WEBER;Inspection - Repair;;;
25;118354;Passenger triple seat;A321/200;WEBER;Inspection - Repair;;;
25;118355;Passenger triple seat;A321/200;WEBER;Inspection - Repair;;;
25;119001;Passenger triple seat;A321-200;WEBER;Inspection - Repair;;;
25;119002;Passenger triple seat;A321-200;WEBER;Inspection - Repair;;;
25;119003;Passenger double seat;A321/200;WEBER;Inspection - Repair;;;
25;119004;Passenger double seat;A321/200;WEBER;Inspection - Repair;;;
25;119005;Passenger triple seat;A321/200;WEBER;Inspection - Repair;;;
25;119006;Passenger triple seat;A321-200;WEBER;Inspection - Repair;;;
25;119007;Passenger double seat;A321-200;WEBER;Inspection - Repair;;;
25;119008;Passenger double seat;A321/200;WEBER;Inspection - Repair;;;
25;830460;Passenger double and triple seat;B737-100, -200;WEBER;Inspection - Repair;;;
25;830850;Passenger double seat;A310;WEBER;Inspection - Repair;;;
25;833940;Passenger double and triple seat;B737-100, -200;WEBER;Inspection - Repair;;;
25;835130;Passenger double and triple seat;B737-100, -200;WEBER;Inspection - Repair;;;
25;835140;Passenger double and triple seat;B737-100, -200;WEBER;Inspection - Repair;;;
25;842482;Passenger double and triple seat;A300-600;WEBER;Inspection - Repair;;;
25;842483;Passenger double and triple seat;A300-600;WEBER;Inspection - Repair;;;
25;844036;Passenger double seat;A310;WEBER;Inspection - Repair;;;
25;844038;Passenger double, triple, quadruple seat;A310;WEBER;Inspection - Repair;;;
25;844039;Passenger double, triple, quadruple seat;A310;WEBER;Inspection - Repair;;;
25;844040;Passenger double, triple, quadruple seat;A310;WEBER;Inspection - Repair;;;
25;844041;Passenger double, triple, quadruple seat;A310;WEBER;Inspection - Repair;;;
25;844042;Passenger double, triple, quadruple seat;A310;WEBER;Inspection - Repair;;;
25;844043;Passenger double, triple, quadruple seat;A310;WEBER;Inspection - Repair;;;
25;848019;Double sleeper seat assy Model 7070 ;A310-300 & 747 287B;WEBER;Inspection - Repair;;;
25;848392;Double sleeper seat assy Model 7070  F/C;A310-300;WEBER;Inspection - Repair;;;
25;852226;Passenger double seat F/C;A330-200;WEBER;Inspection - Repair;;;
25;852227;Passenger double seat B/C;A330-200;WEBER;Inspection - Repair;;;
25;852228;Passenger double seat Y/C;A330-200;WEBER;Inspection - Repair;;;
25;852229;Passenger triple seat Y/C;A330-200;WEBER;Inspection - Repair;;;
25;852230;Passenger double seat Y/C;A330-200;WEBER;Inspection - Repair;;;
25;852231;Passenger triple seat Y/C;A330-200;WEBER;Inspection - Repair;;;
25;852308;Passenger quadruple seat Y/C;A330-200;WEBER;Inspection - Repair;;;
25;016.10001;Cabin Attendant Seat;A310/325;XWYSSAG;Inspection - Repair;;;
25;016.10002;Cabin Attendant Seat;A310/325;XWYSSAG;Inspection - Repair;;;
25;2071;Single attendant seat;/;AMI AIRCRAFT SEATING SYSTEMS;Inspection - Repair;;;
25;8506;Passenger triple seat;A320/200;SICMA AERO SEAT;Inspection - Repair;;;
25;9202;Passenger double seat;ATR72;SICMA AERO SEAT;Inspection - Repair;;;
25;AC40;Underfloor hold net set;A318/A319/A320/A321;BRIDPORT;Inspection - Repair;;;
25;9045;Passengers double seat;ATR42;SICMA AERO SEAT;Inspection - Repair;;;
25;141;Fourth observateur seat;A330-A340;SICMA AERO SEAT;Inspection - Repair;;;
25;1402;Passenger double seat;A340-300/600;SICMA AERO SEAT;Inspection - Repair;;;
25;5837;Passengers double  seat;A330-200;SICMA AERO SEAT;Inspection - Repair;;;
25;7451;Passenger double seat;ATR42;SICMA AERO SEAT;Inspection - Repair;;;
25;7470;Passenger double seat;ATR42;SICMA AERO SEAT;Inspection - Repair;;;
25;FN;CAS;A320/A321;SICMA AERO SEAT;Inspection - Repair;;;
25;RL;CAS;A320/A321;SICMA AERO SEAT;Inspection - Repair;;;
25;1005887;Passenger seat;A321;BE Aerospace;Inspection - Repair;;;
25;1005888;Passenger seat;A321;BE Aerospace;Inspection - Repair;;;
25;8733;Triple passenger seat;A320;BURNS AEROSPACE CORPORATION;Inspection - Repair;;;
25;125 series;Observer seat;ATR;SICMA AERO SEAT;Inspection - Repair;;;
25;4720;Passenger double seat;A310/300;SICMA AERO SEAT;Inspection - Repair;;;
25;781;Passager double et triple et quadruple seat;A330-200;RECARO;Inspection - Repair;;;
25;1501 serie;Passenger double seat;A340-200/300/600;SICMA AERO SEAT;Inspection - Repair;;;
25;9040;Passenger double seat;ATR72;SICMA AERO SEAT;Inspection - Repair;;;
25;8494;Passenger double seat;A320;WEBER;Inspection - Repair;;;
25;DN;CAS;A319/A320/A321;SICMA AERO SEAT;Inspection - Repair;;;
25;5075;Passenger double seat;A340-300;SICMA AERO SEAT;Inspection - Repair;;;
30;52SP158;Pneumatic de-icers ATR42 Wing;ATR42;AERAZUR;Inspection - Repair;;;
30;52SP172;Pneumatic de-icers ATR72 Wing;ATR72;AERAZUR;Inspection - Repair;;;
30;S5411267000000;Duct Assy;ATR;ATR;Inspection - Repair;;;
25;74A0;Passenger double seat;ATR42;SICMA AERO SEAT;Inspection - Repair;;;
25;9133;Passenger double, triple and quadruple seat;A310/300/600;SICMA AERO SEAT;Inspection - Repair;;;
25;WA;CAS;A318/A319/A320/A321;SICMA AERO SEAT;Inspection - Repair;;;
25;1506;Passenger double seat;B777-200;SICMA AERO SEAT;Inspection - Repair;;;
25;1605;Passenger double seat;B777-200;SICMA AERO SEAT;Inspection - Repair;;;
25;3510;Passenger double seat;B777-200;SICMA AERO SEAT;Inspection - Repair;;;
25;9065;Passenger double seat;ATR42;SICMA AERO SEAT;Inspection - Repair;;;
25;9066;Passenger double seat;ATR42-500;SICMA AERO SEAT;Inspection - Repair;;;
25;9632;Passenger double seat;ATR42;SICMA AERO SEAT;Inspection - Repair;;;
25;9634;Passenger double seat;ATR42-500;SICMA AERO SEAT;Inspection - Repair;;;
25;9314;Passenger double and triple seat;A321;SICMA AERO SEAT;Inspection - Repair;;;
25;"115661
115662";PassagerTriple seat ;A320;AIRLINE INTERIORS A SIMULA COMPANY;Inspection - Repair;;;
25;RL;CAS;A319/A320/A321;SICMA AERO SEAT;Inspection - Repair;;;
25;9801;Passenger double and triple seat;A340-300;SICMA AERO SEAT;Inspection - Repair;;;
25;ADB2109-4;Aisle MCD;A320 MSN 764;ACJC;Inspection - Repair;;;
25;850270;First Class seat assemblies;B737-700/800;WEBER;Inspection - Repair;;;
25;ADD1624-1;Side Divider;A320 MSN 764;ACJC;Inspection - Repair;;;
25;8491;Passenger double and triple seat;B737-700/800;WEBER;Inspection - Repair;;;
25;8737;Passenger double, triple and quadruple seat;A340;BE Aerospace;Inspection - Repair;;;
25;87854;Passenger double seat;A320;BE Aerospace;Inspection - Repair;;;
25;8783/8793;Passenger double seat;B767;BE Aerospace;Inspection - Repair;;;
25;83255;First class double seat;A320;KOITO;Inspection - Repair;;;
25;9042;Passengerr double seat;ATR72;SICMA AERO SEAT;Inspection - Repair;;;
25;9044;Passenger double seat;ATR42;SICMA AERO SEAT;Inspection - Repair;;;
25;9A14;Passenger triple seat;A320;SICMA AERO SEAT;Inspection - Repair;;;
25;FFDS1-01JM;First class seat;A340;SOGERMA-SOCEA;Inspection - Repair;;;
25;1173;Passenger double and triple seat;A320/A321;WEBER;Inspection - Repair;;;
25;845840;Passenger double seat;A340;WEBER;Inspection - Repair;;;
52;S5237900000000;Door;ATR;ATR;Inspection - Repair;;;
30;S5537220000600;Vertical stabilizer leading edge assy;ATR;ATR;Inspection - Repair;;;
25;5004, 5005, 6004, 6005;Executive Seat assy;VIP seat;DECRANE;Inspection - Repair;;;
25;619DWG0x00;Seat assy;VIP seat;FAST;Inspection - Repair;;;
25;740;Triple passenger seat;/;RECARO;Inspection - Repair;;;
25;FA;CAS;A318/A319/A320/A321;SICMA AERO SEAT;Inspection - Repair;;;
25;FN;CAS;A318/A319/A320/A321;SICMA AERO SEAT;Inspection - Repair;;;
25;WN;Cabin Attendant Seat;A318/A319/A320/A321;SICMA AERO SEAT;Inspection - Repair;;;
25;7156;Passenger double seat;ATR42;SICMA AERO SEAT;Inspection - Repair;;;
25;7459;Passenger double seat ;ATR72;SICMA AERO SEAT;Inspection - Repair;;;
25;7416;Passenger double seat;ATR42;SICMA AERO SEAT;Inspection - Repair;;;
25;74A2;Passenger double seat;ATR72;SICMA AERO SEAT;Inspection - Repair;;;
25;9140 series;Passenger single, double, triple and quadruple seat;A340-200/300;SICMA AERO SEAT;Inspection - Repair;;;
25;118931 / 118932;Passenger triple seat;A320-200;WEBER;Inspection - Repair;;;
25;120011 / 120012;Passenger triple seat;A320-200;WEBER;Inspection - Repair;;;
25;572;Passenger double and triple seat;/;RECARO;Inspection - Repair;;;
25;827;Passenger double seat;A319CJ;RECARO;Inspection - Repair;;;
25;7114;Passenger double and triple seat;A310;SICMA AERO SEAT;Inspection - Repair;;;
25;"FFDS1-01RJ
FFDS1-02RJ";First class seat;A340-200;SOGERMA-SOCEA;Inspection - Repair;;;
25;8551;Passenger double and triple seat;A320;WEBER;Inspection - Repair;;;
25;WA;Cabin Attendant Seat;A318/A319/A320/A321;SICMA AERO SEAT;Inspection - Repair;;;
25;812;Passenger double seat;A340-300;RECARO;Inspection - Repair;;;
25;9007;Passenger triple seat;A320-200;SICMA AERO SEAT;Inspection - Repair;;;
25;DN;CAS;A319/A320/A321;SICMA AERO SEAT;Inspection - Repair;;;
25;FA;CAS;A318/A319/A320/A321;SICMA AERO SEAT;Inspection - Repair;;;
25;RL;CAS;A319/A320/A321;SICMA AERO SEAT;Inspection - Repair;;;
25;2520211;Double seat First Class;/;SOGERMA-SOCEA;Inspection - Repair;;;
25;1175;Passenger double and triple seat;A320/A321;WEBER;Inspection - Repair;;;
25;8532;Passenger triple seat Y/C;A318 & A319;WEBER;Inspection - Repair;;;
25;912-17;Passenger  seat;BEECHCRAFT 1900C;PTC Aerospace;Inspection - Repair;;;
25;134 series;Cabin crew member seat;ATR42 / 42-500 / 72;SICMA AERO SEAT;Inspection - Repair;;;
25;9574;Passenger double, triple and quadruple seat;A340-600;SICMA AERO SEAT;Inspection - Repair;;;
25;S2541012800001;Wash basin;ATR;ATR;Inspection - Repair;;;
25;S2541013200000;Houssing assy;ATR;ATR;Inspection - Repair;;;
25;S2541019200100;Splash guard;ATR;ATR;Inspection - Repair;;;
25;S2541019300100;Lining wash basin;ATR;ATR;Inspection - Repair;;;
25;S254101940000;Panel access;ATR;ATR;Inspection - Repair;;;
54;S5411275900000;Air Intake leading edge assy;ATR72;ATR;Repair;;;
30;S5411275900000;Air Intake leading edge assy;ATR72;ATR;Inspection - Repair;;;
25;133H1;Passenger double seat;ATR42;AVIOINTERIORS;Inspection - Repair;;;
25;167Y2;Passenger double seat;ATR42;AVIOINTERIORS;Inspection - Repair;;;
25;167Y2;Passenger double seat;ATR42;AVIOINTERIORS;Inspection - Repair;;;
25;5834;Passenger double seat;A319/A320/A321;SICMA AERO SEAT;Inspection - Repair;;;
25;9580;Passenger double and triple seat;A319-A320-A321;SICMA AERO SEAT;Inspection - Repair;;;
57;S0041012200000;Air Intake leading edge assy;ATR42;ATR;Repair;;;
57;S0041012200000;Air Intake leading edge assy;ATR42;ATR;Repair;;;
54;S5411275900000;Air Intake leading edge assy;ATR72;ATR;Repair;;;
30;S5517200000600;Leading edge assy;ATR72;ATR;Inspection - Repair;;;
55;S5517200000600;Leading edge assy;ATR72;ATR;Repair;;;
55;S5517200000700;Leading edge assy;ATR72;ATR;Repair;;;
53;S5307030200200;Floor panel;ATR;ATR;Repair;;;
53;S5307030206400;Floor panel;ATR;ATR;Repair;;;
53;S5307030302200;Floor panel;ATR;ATR;Repair;;;
53;S5307030302400;Floor panel;ATR;ATR;Repair;;;
53;S5307030309400;Floor panel;ATR;ATR;Repair;;;
53;S5307030404400;Floor panel;ATR;ATR;Repair;;;
53;S5307030501000;Floor panel;ATR;ATR;Repair;;;
53;S5307150200200;Floor panel;ATR;ATR;Repair;;;
53;S5307150501800;Floor panel;ATR;ATR;Repair;;;
25;12MA;Passengers seats;ATR42/72;AVIOINTERIORS;Inspection - Repair;;;
25;12MC;Passengers seats;ATR42/72;AVIOINTERIORS;Inspection - Repair;;;
25;12MP;Passengers seats;ATR42/72;AVIOINTERIORS;Inspection - Repair;;;
25;12PP;Passengers seats;ATR42-500   ;AVIOINTERIORS;Inspection - Repair;;;
25;1010020;Passenger seats;A320/A321-200;BE Aerospace;Inspection - Repair;;;
25;1010021;Passenger seats;A320/A321-200;BE Aerospace;Inspection - Repair;;;
25;S2728118500800;Cover assy blue pedestal;ATR;ATR;Inspection - Repair;;;
25;940-25;Tourist passenger seats;A320;PTC Aerospace;Inspection - Repair;;;
25;D252-71123083-000;Window panel double;A319 ;AIRBUS;Repair;;;
25;D2527114313800;Window panel   ;A319 ;AIRBUS;Repair;;;
25;D2527114313900;Window panel   ;A319 ;AIRBUS;Repair;;;
25;D2527114512800;Window panel   ;A319 ;AIRBUS;Repair;;;
25;D2527114512900;Window panel   ;A319 ;AIRBUS;Repair;;;
30;S5741212501010;Leading edge assy;ATR72;ATR;Inspection - Repair;;;
30;S5741212501110;Leading edge assy;ATR72;ATR;Inspection - Repair;;;
30;S0041012200000;Air Intake leading edge assy;ATR42;ATR;Inspection - Repair;;;
57;S0041040100000;Air Intake leading edge assy;ATR42;ATR;Repair;;;
30;S0041040100000;Air Intake leading edge assy;ATR42;ATR;Inspection - Repair;;;
53;S5307150200400;Floor panel;ATR;ATR;Repair;;;
53;S5307150300000;Floor panel;ATR72;ATR;Repair;;;
53;S5307150400000;Floor panel;ATR;ATR;Repair;;;
53;S5307150700200;Floor Panel;ATR;ATR;Repair;;;
30;S5411052500002;Air Intake leading edge assy;ATR42;ATR;Repair;;;
54;S5411052500002;Leading edge assy;ATR42;ATR;Repair;;;
54;S5411052500002;Leading edge assy;ATR42;ATR;Repair;;;
25;138 series;Cabin crew member seat;ATR42/72;SICMA AERO SEAT;Inspection - Repair;;;
25;9407;Double seats;ATR72;SICMA AERO SEAT;Inspection - Repair;;;
25;S2511002600100;Box assy-smoke goggle sto;ATR;ATR;Inspection - Repair;;;
25;S2511040100200;Panel assy;ATR;ATR;Inspection - Repair;;;
25;S2521122800601;Panel;ATR;ATR;Inspection - Repair;;;
25;S2521122800701;Panel;ATR;ATR;Inspection - Repair;;;
25;S2521124700400;Door assy;ATR;ATR;Inspection - Repair;;;
25;S2521158100101;Emergency exit;ATR;ATR;Inspection - Repair;;;
25;S2521190100101;Panel;ATR;ATR;Inspection - Repair;;;
25;S2521190500101;Panel;ATR;ATR;Inspection - Repair;;;
25;S2521190500301;Panel;ATR;ATR;Inspection - Repair;;;
25;S2521192500101;Panel;ATR;ATR;Inspection - Repair;;;
25;S2521209000000;Panel;ATR;ATR;Inspection - Repair;;;
25;S2521265000001;Panel;ATR;ATR;Inspection - Repair;;;
25;S2521265100101;Panel;ATR;ATR;Inspection - Repair;;;
25;S2521265200301;Panel;ATR;ATR;Inspection - Repair;;;
25;S2521265202101;Panel;ATR;ATR;Inspection - Repair;;;
25;S2521265300101;Panel;ATR;ATR;Inspection - Repair;;;
25;S2521265500101;Panel;ATR;ATR;Inspection - Repair;;;
25;S2521267700101;Panel;ATR;ATR;Inspection - Repair;;;
25;S2521267800901;Panel;ATR;ATR;Inspection - Repair;;;
25;S2521305302000;Door;ATR;ATR;Inspection - Repair;;;
25;S2521339800800;Panel;ATR;ATR;Inspection - Repair;;;
25;S2521339900300;Panel;ATR;ATR;Inspection - Repair;;;
25;S2521347300000;Panel;ATR;ATR;Inspection - Repair;;;
25;S2521347500000;Panel;ATR;ATR;Inspection - Repair;;;
25;S2521732000000;Panel;ATR;ATR;Inspection - Repair;;;
25;S2541009900000;Panel assy hinged;ATR;ATR;Inspection - Repair;;;
25;S2541012500001;Panel assy hinged;ATR;ATR;Inspection - Repair;;;
25;133Y2;Passenger seat;ATR42;AVIOINTERIORS;Inspection - Repair;;;
25;5244;Extension Net FWD Compartment door side assy;ATR42/72;INDRAERO SIREN;Inspection - Repair;;;
25;5245;Common net FWD Compartment door side assy;ATR42/72;INDRAERO SIREN;Inspection - Repair;;;
25;5248;Net/Mast Assy Rear Compartment;ATR42/72;INDRAERO SIREN;Inspection - Repair;;;
25;5366;Net Longitudinal FWD Compartment;ATR42/72;INDRAERO SIREN;Inspection - Repair;;;
25;5367;Net Longitudinal FWD Compartment;ATR42/72;INDRAERO SIREN;Inspection - Repair;;;
25;5368;Net Longitudinal FWD Compartment;ATR42/72;INDRAERO SIREN;Inspection - Repair;;;
25;5370;Net Longitudinal FWD Compartment;ATR42/72;INDRAERO SIREN;Inspection - Repair;;;
25;5374;Net transversal FWD Compartment;ATR42/72;INDRAERO SIREN;Inspection - Repair;;;
25;5375;Net Longitudinal FWD Compartment;ATR42/72;INDRAERO SIREN;Inspection - Repair;;;
25;5376;Net Longitudinal FWD Compartment;ATR42/72;INDRAERO SIREN;Inspection - Repair;;;
25;5378;Net intermediate Rear compartment;ATR42/72;INDRAERO SIREN;Inspection - Repair;;;
25;5380;Net door-side FWD Compartment;ATR42/72;INDRAERO SIREN;Inspection - Repair;;;
25;5387;Net transversal FWD Compartment;ATR42/72;INDRAERO SIREN;Inspection - Repair;;;
25;5389;Net panel protection;ATR42/72;INDRAERO SIREN;Inspection - Repair;;;
25;5390;Strap aircraft kit bag;ATR42/72;INDRAERO SIREN;Inspection - Repair;;;
25;5400;Net transversal FWD Compartment;ATR42/72;INDRAERO SIREN;Inspection - Repair;;;
25;5453;Stretcher Maintain Net;ATR42/72;INDRAERO SIREN;Inspection - Repair;;;
25;5456;Net/Mast Assy Rear Compartment;ATR42/72;INDRAERO SIREN;Inspection - Repair;;;
25;5457;Net intermediate Rear compartment;ATR42/72;INDRAERO SIREN;Inspection - Repair;;;
25;5458;Net door-side;ATR42/72;INDRAERO SIREN;Inspection - Repair;;;
25;5459;Net door-side FWD Compartment;ATR42/72;INDRAERO SIREN;Inspection - Repair;;;
25;5460;Net door-side FWD Compartment;ATR42/72;INDRAERO SIREN;Inspection - Repair;;;
25;5461;Net door-side FWD Compartment;ATR42/72;INDRAERO SIREN;Inspection - Repair;;;
25;5474;Net Longitudinal FWD Compartment;ATR42/72;INDRAERO SIREN;Inspection - Repair;;;
25;5475;Net Longitudinal FWD Compartment;ATR42/72;INDRAERO SIREN;Inspection - Repair;;;
25;5482;Net Longitudinal FWD Compartment;ATR42/72;INDRAERO SIREN;Inspection - Repair;;;
25;5493;Net right intermediate Rear Compartment;ATR42/72;INDRAERO SIREN;Inspection - Repair;;;
25;5494;Net intermediate left Rear Compartment;ATR42/72;INDRAERO SIREN;Inspection - Repair;;;
25;5496;Net Mast Assy Rear Compartment;ATR42/72;INDRAERO SIREN;Inspection - Repair;;;
25;5510;Equipped bulk Net;ATR42/72;INDRAERO SIREN;Inspection - Repair;;;
25;5511;Net Longitudinal FWD Compartment;ATR42/72;INDRAERO SIREN;Inspection - Repair;;;
25;5523;Equipped bulk Net;ATR42/72;INDRAERO SIREN;Inspection - Repair;;;
25;5553;Net Longitudinal FWD Compartment;ATR42/72;INDRAERO SIREN;Inspection - Repair;;;
25;5555;Net Longitudinal FWD Compartment;ATR42/72;INDRAERO SIREN;Inspection - Repair;;;
25;5573;Net door-side FWD Compartment;ATR42/72;INDRAERO SIREN;Inspection - Repair;;;
25;5578;Net Longitudinal FWD Compartment;ATR42/72;INDRAERO SIREN;Inspection - Repair;;;
25;5579;Net Longitudinal FWD Compartment;ATR42/72;INDRAERO SIREN;Inspection - Repair;;;
25;5580;Net door-side FWD Compartment;ATR42/72;INDRAERO SIREN;Inspection - Repair;;;
25;5687;Net Longitudinal FWD Compartment;ATR42/72;INDRAERO SIREN;Inspection - Repair;;;
25;5688;Net Longitudinal FWD Compartment;ATR42/72;INDRAERO SIREN;Inspection - Repair;;;
25;5694;Intermediate Net left Rear Compartment;ATR42/72;INDRAERO SIREN;Inspection - Repair;;;
25;5709;Net Mast Assy Rear Compartment;ATR42/72;INDRAERO SIREN;Inspection - Repair;;;
25;5366 Amdt a;Net Longitudinal FWD Compartment;ATR42/72;INDRAERO SIREN;Inspection - Repair;;;
25;5367 Amdt a;Net Longitudinal FWD Compartment;ATR42/72;INDRAERO SIREN;Inspection - Repair;;;
25;5368 Amdt a;Net Longitudinal FWD Compartment;ATR42/72;INDRAERO SIREN;Inspection - Repair;;;
25;5370 Amdt a;Net Longitudinal FWD Compartment;ATR42/72;INDRAERO SIREN;Inspection - Repair;;;
25;5374 Amdt a;Net transversal FWD Compartment;ATR42/72;INDRAERO SIREN;Inspection - Repair;;;
25;5375 Amdt a;Net Longitudinal FWD Compartment;ATR42/72;INDRAERO SIREN;Inspection - Repair;;;
25;5376 Amdt a;Net Longitudinal FWD Compartment;ATR42/72;INDRAERO SIREN;Inspection - Repair;;;
25;5387 Amdt a;Net transversal FWD Compartment;ATR42/72;INDRAERO SIREN;Inspection - Repair;;;
25;5389 Amdt a;Net panel protection;ATR42/72;INDRAERO SIREN;Inspection - Repair;;;
25;5390 Amdt a;Strap aircraft kit bag;ATR42/72;INDRAERO SIREN;Inspection - Repair;;;
25;5400 Amdt a;Net transversal FWD Compartment;ATR42/72;INDRAERO SIREN;Inspection - Repair;;;
25;5455A;Net/Mast Assy Rear Compartment;ATR42/72;INDRAERO SIREN;Inspection - Repair;;;
25;5455A Amdt a;Net/Mast Assy Rear Compartment;ATR42/72;INDRAERO SIREN;Inspection - Repair;;;
25;5455A Amdt b;Net/Mast Assy Rear Compartment;ATR42/72;INDRAERO SIREN;Inspection - Repair;;;
25;5456 Amdt a;Net/Mast Assy Rear Compartment;ATR42/72;INDRAERO SIREN;Inspection - Repair;;;
25;5457 Amdt a;Net intermediate Rear compartment;ATR42/72;INDRAERO SIREN;Inspection - Repair;;;
25;5458 Amdt a;Net door-side;ATR42/72;INDRAERO SIREN;Inspection - Repair;;;
25;5459 Amdt a;Net door-side FWD Compartment;ATR42/72;INDRAERO SIREN;Inspection - Repair;;;
25;5460 Amdt a;Net door-side FWD Compartment;ATR42/72;INDRAERO SIREN;Inspection - Repair;;;
25;5461 Amdt a;Net door-side FWD Compartment;ATR42/72;INDRAERO SIREN;Inspection - Repair;;;
25;5475 Amdt a;Net Longitudinal FWD Compartment;ATR42/72;INDRAERO SIREN;Inspection - Repair;;;
25;5482 Amdt a;Net Longitudinal FWD Compartment;ATR42/72;INDRAERO SIREN;Inspection - Repair;;;
25;5493A;Net right intermediate Rear Compartment;ATR42/72;INDRAERO SIREN;Inspection - Repair;;;
25;5494A;Net intermediate left Rear Compartment;ATR42/72;INDRAERO SIREN;Inspection - Repair;;;
25;5496 Amdt a;Net Mast Assy Rear Compartment;ATR42/72;INDRAERO SIREN;Inspection - Repair;;;
25;5496A;Net Mast Assy Rear Compartment;ATR42/72;INDRAERO SIREN;Inspection - Repair;;;
25;5511 Amdt a;Net Longitudinal FWD Compartment;ATR42/72;INDRAERO SIREN;Inspection - Repair;;;
25;5553 Amdt a;Net Longitudinal FWD Compartment;ATR42/72;INDRAERO SIREN;Inspection - Repair;;;
25;5555 Amdt a;Net Longitudinal FWD Compartment;ATR42/72;INDRAERO SIREN;Inspection - Repair;;;
25;5555 Amdt b;Net Longitudinal FWD Compartment;ATR42/72;INDRAERO SIREN;Inspection - Repair;;;
25;5573 Amdt a;Net door-side FWD Compartment;ATR42/72;INDRAERO SIREN;Inspection - Repair;;;
25;5573A;Net door-side FWD Compartment;ATR42/72;INDRAERO SIREN;Inspection - Repair;;;
25;5573A Amdt a;Net door-side FWD Compartment;ATR42/72;INDRAERO SIREN;Inspection - Repair;;;
25;5578 Amdt a;Net Longitudinal FWD Compartment;ATR42/72;INDRAERO SIREN;Inspection - Repair;;;
25;5579 Amdt a;Net Longitudinal FWD Compartment;ATR42/72;INDRAERO SIREN;Inspection - Repair;;;
25;5580 Amdt a;Net door-side FWD Compartment;ATR42/72;INDRAERO SIREN;Inspection - Repair;;;
25;5687 Amdt a;Net Longitudinal FWD Compartment;ATR42/72;INDRAERO SIREN;Inspection - Repair;;;
25;5688 Amdt a;Net Longitudinal FWD Compartment;ATR42/72;INDRAERO SIREN;Inspection - Repair;;;
25;AS33-20;Net Mast Assy Rear Compartment;ATR42/72;INDRAERO SIREN;Inspection - Repair;;;
25;AS33-21;Net intermediate left Rear Compartment;ATR42/72;INDRAERO SIREN;Inspection - Repair;;;
25;AS33-22;Net right intermediate Rear Compartment;ATR42/72;INDRAERO SIREN;Inspection - Repair;;;
25;AS33-23;Net door-side FWD Compartment;ATR42/72;INDRAERO SIREN;Inspection - Repair;;;
25;AS33-24;Net Longitudinal FWD Compartment;ATR42/72;INDRAERO SIREN;Inspection - Repair;;;
25;AS33-25;Net Longitudinal FWD Compartment;ATR42/72;INDRAERO SIREN;Inspection - Repair;;;
25;830;Passenger seat;A319 A320 A321;RECARO;Inspection - Repair;;;
30;S5411275900001;Air Intake leading edge assy;ATR72;ATR;Inspection - Repair;;;
25;65C6;Triple and Double seats;A319 CASTA;SICMA AERO SEAT;Inspection - Repair;;;
53;S5307150300400;Floor panel;ATR;ATR;Repair;;;
53;S5307150502200;Floor Panel;ATR;ATR;Repair;;;
53;S5307150900600;Floor Panel;ATR;ATR;Repair;;;
53;S5307150900800;Floor Panel;ATR;ATR;Repair;;;
53;S5307150901000;Floor Panel;ATR;ATR;Repair;;;
53;S5307150901400;Floor Panel;ATR;ATR;Repair;;;
30;S5741004601800;Leading edge assy;ATR42;ATR;Inspection - Repair;;;
25;2523.540.01-07;D1000 side facing 1 - Place divan;/;BE Aerospace;Inspection - Repair;;;
25;TAAI1-03CE;First officer seats;/;SOGERMA-SOCEA;Inspection - Repair;;;
25;TAAI1-03PE;Captain seats;/;SOGERMA-SOCEA;Inspection - Repair;;;
25;S7618075000800;Stowage;ATR;ATR;Inspection - Repair;;;
55;S5517200000500;Leading edge assy;ATR72;ATR;Repair;;;
30;S5517200000500;Leading edge assy;ATR72;ATR;Inspection - Repair;;;
30;S5741212100300;Leading edge assy;ATR72;ATR;Inspection - Repair;;;
30;S5741212500800;Leading edge assy;ATR72;ATR;Inspection - Repair;;;
57;S5741212500800;Leading edge assy;ATR72;ATR;Repair;;;
57;S5741212500800;Leading edge assy;ATR72;ATR;Repair;;;
30;S0041012200100;Air Intake leading edge assy;ATR42;ATR;Inspection - Repair;;;
57;S0041012200100;Air Intake leading edge assy;ATR42;ATR;Repair;;;
57;S0041012200100;Air Intake leading edge assy;ATR42;ATR;Repair;;;
30;S0041040000000;Air Intake leading edge assy;ATR42;ATR;Inspection - Repair;;;
57;S0041040000000;Air Intake leading edge assy;ATR42;ATR;Repair;;;
30;S5411052500000;Air Intake leading edge assy;ATR;ATR;Repair;;;
54;S5411052500000;Air Intake leading edge assy;ATR;ATR;Repair;;;
30;S5741004601200;Leading edge assy;ATR42;ATR;Inspection - Repair;;;
30;S5741004601500;Leading edge assy;ATR42;ATR;Inspection - Repair;;;
25;990-CX408;Passengers seats;"A330-300
A340-300";BE Aerospace;Inspection - Repair;;;
25;990-CX808;Passengers seats;"A330-300
A340-300";BE Aerospace;Inspection - Repair;;;
30;S5517200000651;Leading edge assy;ATR72;ATR;Inspection - Repair;;;
55;S5517200000651;Leading edge assy;ATR72;ATR;Repair;;;
57;S5741004601800;Leading edge assy;ATR42;ATR;Repair;;;
30;S5741211400300;Leading edge assy;ATR72;ATR;Inspection - Repair;;;
57;S5741211400300;Leading edge assy;ATR72;ATR;Repair;;;
57;S5741211400300;Leading edge assy;ATR72;ATR;Repair;;;
25;170-11464-99;Window curtain unit;ATR;RBE APPAREILLAGE;Inspection - Repair;;;
25;170-11464-990;Window curtain unit;ATR;RBE APPAREILLAGE;Inspection - Repair;;;
25;170-11613-99;Window curtain unit;ATR;RBE APPAREILLAGE;Inspection - Repair;;;
25;170-11613-990;Window curtain unit;ATR;RBE APPAREILLAGE;Inspection - Repair;;;
25;170-14176-990;Window curtain unit;ATR;RBE APPAREILLAGE;Inspection - Repair;;;
25;170-14202-990;Window curtain unit;ATR;RBE APPAREILLAGE;Inspection - Repair;;;
25;170-14203-990;Window curtain unit;ATR;RBE APPAREILLAGE;Inspection - Repair;;;
25;170-14303-990;Window curtain unit;ATR;RBE APPAREILLAGE;Inspection - Repair;;;
25;7490;Passenger double seat;ATR42;SICMA AERO SEAT;Inspection - Repair;;;
25;7918;Seat;ATR42;SICMA AERO SEAT;Inspection - Repair;;;
30;S0041012300000;Leading edge assy;ATR72;ATR;Inspection - Repair;;;
57;S0041012300000;Leading edge assy;ATR72;ATR;Repair;;;
57;S0041012300000;Leading edge assy;ATR72;ATR;Repair;;;
53;S5307030205600;Floor panel;ATR;ATR;Repair;;;
53;S5307030301600;Floor panel;ATR;ATR;Repair;;;
53;S5307030304400;Floor panel;ATR;ATR;Repair;;;
53;S5307030401500;Floor panel;ATR;ATR;Repair;;;
53;S5307030401900;Floor panel;ATR;ATR;Repair;;;
53;S5307030502800;Floor panel;ATR;ATR;Repair;;;
53;S5307030503000;Floor panel;ATR;ATR;Repair;;;
53;S5307030503300;Floor panel;ATR;ATR;Repair;;;
53;S5307030503400;Floor panel;ATR;ATR;Repair;;;
53;S5307030504606;Floor panel;ATR;ATR;Repair;;;
53;S5307150502600;Floor Panel;ATR;ATR;Repair;;;
30;S5411060900040;Duct assy;ATR;ATR;Repair;;;
57;S5741004601200;Leading edge assy;ATR42;ATR;Repair;;;
57;S5741004601200;Leading edge assy;ATR42;ATR;Repair;;;
57;S5741004601500;Leading edge assy;ATR42;ATR;Repair;;;
57;S5741004601500;Leading edge assy;ATR42;ATR;Repair;;;
30;S5741212500900;Leading edge assy;ATR72;ATR;Inspection - Repair;;;
57;S5741212500900;Leading edge assy;ATR72;ATR;Repair;;;
57;S5741212500900;Leading edge assy;ATR72;ATR;Repair;;;
25;170-15922-990;Hublots;ATR;RBE APPAREILLAGE;Inspection - Repair;;;
25;7462;Passenger double seat;ATR42/72;SICMA AERO SEAT;Inspection - Repair;;;
25;9509;Double and Triple seats;A321-200;SICMA AERO SEAT;Inspection - Repair;;;
25;91A8;Seats;A320;SICMA AERO SEAT;Inspection - Repair;;;
30;S5411265600000;Duct Assy;ATR;ATR;Inspection - Repair;;;
25;CD930-252160-01;Executive seating RH triple Divan;A319;ACJC;Modification;;;
25;FS1209;Single seats;A320;PAC SEATING SYSTEMS;Inspection - Repair;;;
25;FS1210;Single seats;A320;PAC SEATING SYSTEMS;Inspection - Repair;;;
25;FS2206;Double seats;A320;PAC SEATING SYSTEMS;Inspection - Repair;;;
25;FS2207;Double seats;A320;PAC SEATING SYSTEMS;Inspection - Repair;;;
25;FS2208;Double seats;A320;PAC SEATING SYSTEMS;Inspection - Repair;;;
25;FS2209;Double seats;A320;PAC SEATING SYSTEMS;Inspection - Repair;;;
53;S5307150301200;Floor panel;ATR72;ATR;Repair;;;
25;5058;Double seats;B747-400;SICMA AERO SEAT;Inspection - Repair;;;
25;9605;Passenger double seat;ATR72;SICMA AERO SEAT;Inspection - Repair;;;
25;WN;Cabin Attendant Seat;A319/A320/A321;SICMA AERO SEAT;Inspection - Repair;;;
25;9179;Double and Triple seats;A319/A321;SICMA AERO SEAT;Inspection - Repair;;;
25;7023-02;Spare seats modification;A320;AEROCONSEIL;Modification;;;
30;S5741004600100;Leading edge assy;ATR42;ATR;Inspection - Repair;;;
30;S5741212100095;Leading edge assy;ATR72;ATR;Inspection - Repair;;;
57;S5741212100095;Leading edge assy;ATR72;ATR;Repair;;;
57;S5741004600100;Leading edge assy;ATR42;ATR;Repair;;;
57;S5741004600100;Leading edge assy;ATR42;ATR;Repair;;;
25;D25270520-046-009;Panel assy sidewall;A320;AIRBUS;Repair;;;
25;D25270520-047-009;Panel assy sidewall;A320;AIRBUS;Repair;;;
25;D25270529046009;Panel assy sidewall;A320;AIRBUS;Repair;;;
25;D25270529047009;Panel assy sidewall;A320;AIRBUS;Repair;;;
25;D25270531048009;Panel assy sidewall;A320;AIRBUS;Repair;;;
25;D25270531049009;Panel assy sidewall;A320;AIRBUS;Repair;;;
25;D25271014075009;Panel assy sidewall;A320;AIRBUS;Repair;;;
25;D25271018044009;Panel assy sidewall;A320;AIRBUS;Repair;;;
25;D25271018045009;Panel assy sidewall;A320;AIRBUS;Repair;;;
25;D25271029043009;Panel assy sidewall;A320;AIRBUS;Repair;;;
25;D25271049044009;Panel assy sidewall;A320;AIRBUS;Repair;;;
25;D25271049045009;Panel assy sidewall;A320;AIRBUS;Repair;;;
25;D25271057030009;Panel assy sidewall;A320;AIRBUS;Repair;;;
25;D25271057031009;Panel assy sidewall;A320;AIRBUS;Repair;;;
25;D25271058028009;Panel assy sidewall;A320;AIRBUS;Repair;;;
25;D25271058029009;Panel assy sidewall;A320;AIRBUS;Repair;;;
25;D25271059028009;Panel assy sidewall;A320;AIRBUS;Repair;;;
25;D252-74006-052-00;Panel assy sidewall;A320;AIRBUS;Repair;;;
25;D252-74006-055-00;Panel assy sidewall;A320;AIRBUS;Repair;;;
30;S0041040200100;Leading edge assy;ATR72;ATR;Inspection - Repair;;;
57;S5741004200295;Leading edge assy;ATR42;ATR;Inspection - Repair;;;
57;S5741004200395;Leading edge assy;ATR42;ATR;Inspection - Repair;;;
57;S5741004200395;Leading edge assy;ATR42;ATR;Repair;;;
57;S5741004200395;Leading edge assy;ATR42;ATR;Repair;;;
57;S5741004201200;Leading edge assy;ATR42;ATR;Inspection - Repair;;;
57;S5741004201200;Leading edge assy;ATR42;ATR;Repair;;;
57;S5741004201200;Leading edge assy;ATR42;ATR;Repair;;;
57;S5741005600195;Leading edge assy;ATR42;ATR;Inspection - Repair;;;
57;S5741005600195;Leading edge assy;ATR42;ATR;Repair;;;
30;S5741212500295;Leading edge assy;ATR72;ATR;Inspection - Repair;;;
57;S5741212500295;Leading edge assy;ATR72;ATR;Repair;;;
57;S5741212500295;Leading edge assy;ATR72;ATR;Repair;;;
25;118354;Triple seats;A320-200;WEBER;Inspection - Repair;;;
25;118355;Triple seats;A320-200;WEBER;Inspection - Repair;;;
25;D252-78496-004-009-17;Window panel;A320;AIRBUS;Repair;;;
30;S5411060900000;Duct assy;ATR;ATR;Repair;;;
25;8710;Double seats;A320;BURNS AEROSPACE CORPORATION;Inspection - Repair;;;
25;9A51;Double and Triple seats;A320-A321;SICMA AERO SEAT;Inspection - Repair;;;
25;9B51;Triple seats;A320-A321;SICMA AERO SEAT;Inspection - Repair;;;
25;S2521794600000;Panel assy;ATR;ATR;Inspection - Repair;;;
53;S5387300500200;Cap end;ATR;ATR;Repair;;;
30;S5741211400195;Leading edge assy;ATR72;ATR;Inspection - Repair;;;
57;S5741211400195;Leading edge assy;ATR72;ATR;Repair;;;
57;S5741211400195;Leading edge assy;ATR72;ATR;Repair;;;
25;S2521881100200;Window panel;ATR72;ATR;Inspection - Repair;;;
25;S2521882200200;Window panel;ATR72;ATR;Inspection - Repair;;;
25;S2521882200300;Window panel;ATR72;ATR;Inspection - Repair;;;
53;S5307030200000;Floor panel;ATR42;ATR;Repair;;;
53;S5307030200280;Floor panel;ATR42;ATR;Repair;;;
53;S5307030201600;Floor panel;ATR42;ATR;Repair;;;
53;S5307030202000;Floor panel;ATR42;ATR;Repair;;;
53;S5307030202400;Floor panel;ATR42;ATR;Repair;;;
53;S5307030203000;Floor panel;ATR42;ATR;Repair;;;
53;S5307030300800;Floor panel;ATR42;ATR;Repair;;;
53;S5307030301000;Floor panel;ATR42;ATR;Repair;;;
53;S5307030401200;Floor panel;ATR42;ATR;Repair;;;
53;S5307030401300;Floor panel;ATR42;ATR;Repair;;;
53;S5307030401400;Floor panel;ATR42;ATR;Repair;;;
53;S5307030401600;Floor panel;ATR42;ATR;Repair;;;
53;S5307030401800;Floor panel;ATR42;ATR;Repair;;;
53;S5307030504000;Floor panel;ATR42;ATR;Repair;;;
53;S5307030504400;Floor panel;ATR42;ATR;Repair;;;
53;S5307030508600;Floor panel;ATR42;ATR;Repair;;;
53;S5307030603307;Floor panel;ATR42;ATR;Repair;;;
53;S5307050401000;Floor panel;ATR42;ATR;Repair;;;
53;S5307150300000;Floor panel;ATR42;ATR;Repair;;;
30;S5741504600100;Leading edge assy;ATR42;ATR;Inspection - Repair;;;
57;S5741504600100;Leading edge assy;ATR42;ATR;Repair;;;
57;S5741504600100;Leading edge assy;ATR42;ATR;Repair;;;
25;783;Passenger seat;"A319/A320
/A321";RECARO;Inspection - Repair;;;
25;906;Passenger seat;"A319/A320
/A321";RECARO;Inspection - Repair;;;
25;15-0025;3 place divan;A319/A320/A321;LIFEPORT;Inspection - Repair;;;
25;FD3100;Divan;"A319/A320
/A321";PAC SEATING SYSTEMS;Inspection - Repair;;;
30;S0041012300100;Air Intake leading edge assy;ATR72;ATR;Inspection - Repair;;;
57;S0041012300100;Air Intake leading edge assy;ATR72;ATR;Repair;;;
57;S0041012300100;Air Intake leading edge assy;ATR72;ATR;Repair;;;
30;S5741212100200;Leading edge assy;ATR72;ATR;Inspection - Repair;;;
57;S5741212100200;Leading edge assy;ATR72;ATR;Repair;;;
57;S5741212100200;Leading edge assy;ATR72;ATR;Repair;;;
30;S5741222000300;Leading edge assy;ATR72;ATR;Inspection - Repair;;;
57;S5741222000300;Leading edge assy;ATR72;ATR;Repair;;;
57;S5741222000300;Leading edge assy;ATR72;ATR;Repair;;;
57;S5741212501110;Leading edge assy;ATR72;ATR;Repair;;;
53;S5307030205800;Floor panel;ATR42;ATR;Repair;;;
53;S5307150200000;Floor panel;ATR;ATR;Repair;;;
53;S5307150300100;Floor panel;ATR;ATR;Repair;;;
53;S5307150301600;Floor panel;ATR42;ATR;Repair;;;
53;S5307150400800;Floor panel;ATR42;ATR;Repair;;;
25;D25271123037009;Window panel;A319 ;AIRBUS;Repair;;;
53;S5307150300200;Floor panel;ATR;ATR;Repair;;;
53;S5307150300800;Floor panel;ATR;ATR;Repair;;;
53;S5307150301400;Floor Panel;ATR;ATR;Repair;;;
53;S5307150500200;Floor Panel;ATR;ATR;Repair;;;
53;S5307150500800;Floor Panel;ATR;ATR;Repair;;;
53;S5307150501200;Floor Panel;ATR;ATR;Repair;;;
53;S5307150502000;Floor Panel;ATR;ATR;Repair;;;
53;S5307150700400;Floor Panel;ATR;ATR;Repair;;;
30;S5741200600100;Leading edge assy;ATR72;ATR;Inspection - Repair;;;
54;S5741200600100;Leading edge assy;ATR72;ATR;Repair;;;
54;S5741200600100;Leading edge assy;ATR72;ATR;Repair;;;
30;S5741212100400;Leading edge assy;ATR72;ATR;Inspection - Repair;;;
54;S5741212100400;Leading edge assy;ATR72;ATR;Repair;;;
30;S5741212500700;Leading edge assy;ATR72;ATR;Inspection - Repair;;;
54;S5741212500700;Leading edge assy;ATR72;ATR;Repair;;;
54;S5741212500700;Leading edge assy;ATR72;ATR;Repair;;;
57;S0041040200000;Leading edge assy;ATR72;ATR;Repair;;;
57;S5731005100400;Cover;ATR;ATR;Repair;;;
57;S5731005100500;Cover;ATR42-500;ATR;Repair;;;
57;S5731200200000;Lens LH;ATR;ATR;Repair;;;
57;S5731200200900;Wing Tip Light RH;ATR;ATR;Repair;;;
53;S5307030302300;Floor panel;ATR;ATR;Repair;;;
53;S5307031000200;Floor panel;ATR;ATR;Repair;;;
53;S5307150504200;Floor Panel;ATR;ATR;Repair;;;
30;S5741004200700;Leading edge assy;ATR42;ATR;Inspection - Repair;;;
57;S5741004200700;Leading edge assy;ATR42;ATR;Repair;;;
57;S5741004200700;Leading edge assy;ATR42;ATR;Repair;;;
30;S5741004200900;Leading edge assy;ATR42;ATR;Inspection - Repair;;;
57;S5741212501110;Leading edge assy;ATR72;ATR;Repair;;;
25;170-114176-990;Window curtain unit;ATR;RBE APPAREILLAGE;Inspection - Repair;;;
25;S2511065900600;Panel assy;ATR;ATR;Inspection - Repair;;;
25;S2521349300400;Panel;ATR;ATR;Inspection - Repair;;;
25;S2521715400300;Panel;ATR;ATR;Inspection - Repair;;;
25;S2521794800000;Panel;ATR;ATR;Inspection - Repair;;;
30;S5741004201000;Leading edge assy;ATR42;ATR;Inspection - Repair;;;
57;S5741004201000;Leading edge assy;ATR42;ATR;Repair;;;
57;S5741004201000;Leading edge assy;ATR42;ATR;Repair;;;
25;503091;Single and double executive VIP seats;/;DECRANE;Inspection - Repair;;;
25;503092;Single and double executive VIP seats;/;DECRANE;Inspection - Repair;;;
25;503097-59 thru -62;Fwd and aft facing double seats model 5005;/;DECRANE;Inspection - Repair;;;
25;503097-69 thru -76;Fwd and aft facing double seats model 5005;/;DECRANE;Inspection - Repair;;;
25;503145-17 thru -32;Single seat model 5004;/;DECRANE;Inspection - Repair;;;
25;7119;Passenger seats;/;SICMA AERO SEAT;Inspection - Repair;;;
25;785;Passengers seats;A340;RECARO;Inspection - Repair;;;
25;3AMF0217;Passengers seats;A319;BE Aerospace;Inspection - Repair;;;
25;3AMF0104;Passengers seats;A319;BE Aerospace;Inspection - Repair;;;
25;3PAP0081;Passengers seats;A319;BE Aerospace;Inspection - Repair;;;
25;3AMF0104;Passengers seats;A319;BE Aerospace;Inspection - Repair;;;
25;3PAP0080;Passengers seats;A319;BE Aerospace;Inspection - Repair;;;
25;521;Passenger seats;/;RECARO;Inspection - Repair;;;
25;86815;Passenger seats;A310;JEPSON;Inspection - Repair;;;
25;86816;Passenger seats;A310;JEPSON;Inspection - Repair;;;
25;3A090-0053 et 54;Crew Seat Assembly;/;IPECO;Inspection - Repair;;;
25;9557;Triple seats;A321-200;SICMA AERO SEAT;Inspection - Repair;;;
57;S5741212501010;Leading edge assy;ATR72;ATR;Repair;;;
57;S5741212501010;Leading edge assy;ATR72;ATR;Repair;;;
25;170-14201-080;Window curtain unit;ATR;RBE APPAREILLAGE;Inspection - Repair;;;
25;3ACF0107 ;Passengers seats;G5000 & GXRS aircraft;BE Aerospace;Inspection - Repair;;;
25;3ACF0207;Passengers seats;G5000 & GXRS aircraft;BE Aerospace;Inspection - Repair;;;
25;7059;Seats assemblies;A320-214/A319-100;BRICE;Inspection - Repair;;;
25;7067;Seats assemblies;A320-214/A319-100;BRICE;Inspection - Repair;;;
25;785;Seats;A310-304 MSN418;RECARO;Repair;;;
25;168;Third occupant seat;A318/A319/A320/A321;SICMA AERO SEAT;Inspection - Repair;;;
57;S5741504600100;Leading edge assy;ATR;ATR;Repair;;;
25;74 model;Seats 74 model armrests replacement;ATR72;SICMA AERO SEAT;Modification;;;
54;D5347501007200;Panel;A319;AIRBUS;Repair;;;
25;9612;Passenger double seat;ATR72;SICMA AERO SEAT;Inspection - Repair;;;
25;"141 s
167 s
168 s";Cabin interiors - 3e and 4e occupant seat - Modification of PNs SICMA AERO SEAT;A318/A319/A320/A321/A330/A340;SICMA AERO SEAT;Modification;;;
25;FD2205-(1001);2 places side facing divan model FD2205-();/;PAC SEATING SYSTEMS;Inspection - Repair;;;
30;S5741212100195;Leading edge assy;ATR72;ATR;Inspection - Repair;;;
25;FD1209-1002;1 place side facing divan model FD1209-();A319 MSN 4319;PAC SEATING SYSTEMS;Inspection - Repair;;;
25;FD1209-1004;1 place side facing divan model FD1209-();A319 MSN 4319;PAC SEATING SYSTEMS;Inspection - Repair;;;
25;FD1210-();1 place side facing divan model FD1210-();A319 MSN 4319;PAC SEATING SYSTEMS;Inspection - Repair;;;
53;S5307030503600;Floor panel;ATR;ATR;Repair;;;
53;S5307030504006;Floor panel;ATR;ATR;Repair;;;
25;7494 Series;Double seats;ATR42;ATR;Inspection - Repair;;;
30;S5741201600110;Leading edge assy;ATR72;ATR;Inspection - Repair;;;
57;S5741201600110;Leading edge assy;ATR72;ATR;Repair;;;
57;S5741201600110;Leading edge assy;ATR72;ATR;Repair;;;
25;F-HA-PAN-CA0052;Sidewall panel FR23-25 LH;A319 MSN 3243;ACJC;Repair;;;
25;F-HA-PAN-CA0053;Sidewall panel FR23-25 RH;A319 MSN 3243;ACJC;Repair;;;
25;F-HA-PAN-PV0200;Closure panel;A319 MSN 3243;ACJC;Repair;;;
25;170-14922-990;Window curtain unit;ATR;RBE APPAREILLAGE;Inspection - Repair;;;
25;6534097092;Galley;/;EADS;Inspection - Repair;;;
35;AH5L32;Oxygen container assembly;/;PURITAIN BENNETT AERO SYSTEMS;Inspection - Repair;;;
35;AH5L33;Oxygen container assembly;/;PURITAIN BENNETT AERO SYSTEMS;Inspection - Repair;;;
35;AH5L34;Oxygen container assembly;/;PURITAIN BENNETT AERO SYSTEMS;Inspection - Repair;;;
35;AH5R32;Oxygen container assembly;/;PURITAIN BENNETT AERO SYSTEMS;Inspection - Repair;;;
35;AH5R33;Oxygen container assembly;/;PURITAIN BENNETT AERO SYSTEMS;Inspection - Repair;;;
35;AH5R34;Oxygen container assembly;/;PURITAIN BENNETT AERO SYSTEMS;Inspection - Repair;;;
53;S5307030500000;Floor panel;ATR;ATR;Inspection - Repair;;;
53;S5307030502600;Floor panel;ATR;ATR;Inspection - Repair;;;
53;S5307030402200;Floor panel;ATR;ATR;Inspection - Repair;;;
53;S5307030303400;Floor panel;ATR;ATR;Inspection - Repair;;;
53;S5307030100400;Floor panel;ATR;ATR;Inspection - Repair;;;
53;S5307030402400;Floor panel;ATR;ATR;Inspection - Repair;;;
30;S5517200000751;Leading edge assy;ATR72;ATR;Inspection - Repair;;;
30;S5411267000200;Duct Assy;ATR;ATR;Inspection - Repair;;;
25;3510A type 392 ;Cabin reconfiguration;A320;AEROCONSEIL;Modification;;;
25;S2521794100000;Lining;ATR72;ATR;Inspection - Repair;;;
25;392;Passenger seat;A320-200;RECARO;Inspection - Repair;;;
25;S2521794000000;Lining;ATR;ATR;Inspection - Repair;;;
53;S5387300500202;Cap end;ATR;ATR;Inspection - Repair;;;
53;S5387300500202;Cap end;ATR;ATR;Repair;;;
25;9213;Double seats;ATR72;ATR;Inspection - Repair;;;
25;FJ900A ;Divan model FJ900A;/;PRECISION AIRCRAFT COMPONENTS;Inspection - Repair;;;
53;S5307031000000;Floor panel;ATR72;ATR;Repair;;;
30;S5741504600095;Leading edge assy;ATR42;ATR;Inspection - Repair;;;
57;S5741504600095;Leading edge assy;ATR42;ATR;Repair;;;
57;S5741504600095;Leading edge assy;ATR42;ATR;Repair;;;
25;170-11614-990;Repair window;ATR72;ATR;Inspection - Repair;;;
25;D25271022043009;Window panel;A320;AIRBUS;Repair;;;
25;1002913 s;Passenger seats;B737-800;BE Aerospace;Inspection - Repair;;;
25;1002913 s;Passenger seats;B737-800;BE Aerospace;Inspection - Repair;;;
57;/;Wings;ATR72;ATR;Modification;;;
30;S5411275900200;Air Intake leading edge assy;ATR72;ATR;Inspection - Repair;;;
54;S5411275900200;Air Intake leading edge assy;ATR72;ATR;Repair;;;
54;S5411275900200;Air Intake leading edge assy;ATR72;ATR;Repair;;;
25;9608 series;Double seats;ATR72;ATR;Inspection - Repair;;;
25;9633 series;Double seats;ATR42/72;ATR;Inspection - Repair;;;
30;S5741004601900;Leading edge assy;ATR42;ATR;Inspection - Repair;;;
57;S5741004601900;Leading edge assy;ATR42;ATR;Repair;;;
30;S5741201600010;Leading edge assy;ATR72;ATR;Inspection - Repair;;;
57;S5741201600010;Leading edge assy;ATR72;ATR;Repair;;;
57;S5741201600010;Leading edge assy;ATR72;ATR;Repair;;;
30;S5741200600200;Leading edge assy;ATR72;ATR;Inspection - Repair;;;
57;S5741200600200;Leading edge assy;ATR72;ATR;Repair;;;
57;S5741200600200;Leading edge assy;ATR72;ATR;Repair;;;
30;S5741211700210;Leading edge assy;ATR72;ATR;Inspection - Repair;;;
57;S5741211700210;Leading edge assy;ATR72;ATR;Repair;;;
53;S5307031000400;Floor Panel;ATR;ATR;Repair;;;
30;S5741004201300;Leading edge assy;ATR42;ATR;Inspection - Repair;;;
57;S5741004201300;Leading edge assy;ATR42;ATR;Repair;;;
57;S5741004201300;Leading edge assy;ATR42;ATR;Repair;;;
53;S5307030208200;Floor panel;ATR;ATR;Inspection - Repair;;;
53;S5307030307200;Floor panel;ATR;ATR;Inspection - Repair;;;
53;S5307032300200;Floor panel;ATR;ATR;Inspection - Repair;;;
53;S5307032200600;Floor panel;ATR;ATR;Inspection - Repair;;;
53;S5307032300800;Floor panel;ATR;ATR;Inspection - Repair;;;
53;S5307030300400;Floor panel;ATR;ATR;Inspection - Repair;;;
53;S5307030208400;Floor panel;ATR;ATR;Inspection - Repair;;;
53;S5307030503200;Floor panel;ATR;ATR;Inspection - Repair;;;
53;S5387300500200;Cap end;ATR;ATR;Inspection - Repair;;;
25;S2541047700000;repair seat and cover;ATR;ATR;Inspection - Repair;;;
25;S2541012600100;repair cover;ATR;ATR;Inspection - Repair;;;
25;8505;Passager Standard/Andicap triple Seat;B737-800;WEBER;Inspection - Repair;;;
30;S5741003800895;Leading edge assy;ATR42;ATR;Inspection - Repair;;;
57;S5741003800895;Leading edge assy;ATR42;ATR;Repair;;;
57;S5741003800895;Leading edge assy;ATR42;ATR;Repair;;;
25;D25271058032009;Window panel;A320;AIRBUS;Repair;;;
25;D25271029039009;Window panel;A320;AIRBUS;Repair;;;
25;D25271018041009;Window panel;A320;AIRBUS;Repair;;;
30;S5741004600600;Leading edge assy;ATR42;ATR;Inspection - Repair;;;
57;S5741004600600;Leading edge assy;ATR42;ATR;Repair;;;
57;S5741004600600;Leading edge assy;ATR42;ATR;Repair;;;
25;74xx Series;"PASSENGER SEAT ASSEMBLIES ? MARK IV SERIES
MODIFICATION OF THE BACKREST ATTACHMENT"; /;SICMA AERO SEAT;Modification;;;
25;7501 Series;"PASSENGER SEAT ASSEMBLIES ? MARK IV SERIES
MODIFICATION OF THE BACKREST ATTACHMENT"; /;SICMA AERO SEAT;Modification;;;
25;79xx Series;"PASSENGER SEAT ASSEMBLIES ? MARK IV SERIES
MODIFICATION OF THE BACKREST ATTACHMENT"; /;SICMA AERO SEAT;Modification;;;
25;CD936-252150-10 & -20 ;"DOUBLE SEAT
WP4150";A319 MSN 4319 OPTIMA;PMVI;Repair;;;
25;CD936-252151-10 & -20 ;"DOUBLE SEAT
WP4151";A319 MSN 4319 OPTIMA;PMVI;Repair;;;
57;S5741211700210;Leading edge assy;ATR72;ATR;Repair;;;
25;9608 series;Passengers seats;ATR;ATR;Inspection - Repair;;;
53;S5307030402100;Floor panel;ATR;ATR;Repair;;;
30;S5741004200800;Leading edge assy;ATR42;ATR;Inspection - Repair;;;
57;S5741004200800;Leading edge assy;ATR42;ATR;Repair;;;
57;S5741004200800;Leading edge assy;ATR42;ATR;Repair;;;
25;8505;Passager Standard/Andicap triple Seat;B737-800;WEBER;Modification;;;
25;8508;Passager Standard/Andicap triple Seat;B737-800;WEBER;Modification;;;
53;S5307030300600;Floor Panel;ATR42;ATR;Repair;;;
53;S5307030400600;Floor Panel;ATR42;ATR;Repair;;;
53;S5307030501200;Floor Panel;ATR42;ATR;Repair;;;
53;S5307030500200;Floor Panel;ATR42;ATR;Repair;;;
53;S5307030201000;Floor Panel;ATR42;ATR;Repair;;;
53;S5307030501400;Floor Panel;ATR42;ATR;Repair;;;
53;S5307030202200;Floor Panel;ATR42;ATR;Repair;;;
25;413A3110-115B;Sidewall panel;B737-800;BOEING;Repair;;;
25;411N1210-453BW;Sidewall panel;B737-800;BOEING;Repair;;;
30;S5741009300095;Leading edge assy;ATR42;ATR;Inspection - Repair;;;
57;S5741009300095;Leading edge assy;ATR42;ATR;Repair;;;
30;S5741212100910;Leading edge assy;ATR72;ATR;Inspection - Repair;;;
57;S5741212100910;Leading edge assy;ATR72;ATR;Repair;;;
57;S5741212100910;Leading edge assy;ATR72;ATR;Repair;;;
30;S5411265720000;Duct Assy;ATR;ATR;Inspection - Repair;;;
25;8505 series;Seat covers replacement;B737-800 MSN 30007 et MSN 30567;WEBER;Modification;;;
25;F-AC-ACC-PV0012;ARMREST;A320-200 MSN 3164 Shining Star 1;PMVI;Inspection - Repair;;;
25;F-AC-ACC-PV0013;ARMREST;A320-200 MSN 3164 Shining Star 1;PMVI;Inspection - Repair;;;
25;F-AC-ACC-PV0014;ARMREST;A320-200 MSN 3164 Shining Star 1;PMVI;Inspection - Repair;;;
25;F-AC-ACC-PV0019;ARMREST;A320-200 MSN 3164 Shining Star 1;PMVI;Inspection - Repair;;;
25;F-AC-ACC-PV0020;ARMREST;A320-200 MSN 3164 Shining Star 1;PMVI;Inspection - Repair;;;
25;F-AC-ACC-PV0021;ARMREST;A320-200 MSN 3164 Shining Star 1;PMVI;Inspection - Repair;;;
25;F-SQ-FAB-PV0009;1p SEAT DIVAN;A320-200 MSN 3164 Shining Star 1;PMVI;Inspection - Repair;;;
25;F-SQ-FAB-PV0010;1p SEAT DIVAN;A320-200 MSN 3164 Shining Star 1;PMVI;Inspection - Repair;;;
25;F-SQ-FAB-PV0011;1p SEAT DIVAN;A320-200 MSN 3164 Shining Star 1;PMVI;Inspection - Repair;;;
25;F-AC-ACC-PV0015;ARMREST;A320-200 MSN 3164 Shining Star 1;PMVI;Inspection - Repair;;;
25;F-AC-ACC-PV0022;ARMREST;A320-200 MSN 3164 Shining Star 1;PMVI;Inspection - Repair;;;
25;F-SQ-FAB-PV0013;2p SEAT DIVAN;A320-200 MSN 3164 Shining Star 1;PMVI;Inspection - Repair;;;
25;F-SQ-FAB-PV0014;2p SEAT DIVAN;A320-200 MSN 3164 Shining Star 1;PMVI;Inspection - Repair;;;
25;F-AC-ACC-PV0009;ARMREST;A320-200 MSN 3164 Shining Star 1;PMVI;Inspection - Repair;;;
25;F-AC-ACC-PV0010;ARMREST;A320-200 MSN 3164 Shining Star 1;PMVI;Inspection - Repair;;;
25;F-AC-ACC-PV0011;ARMREST;A320-200 MSN 3164 Shining Star 1;PMVI;Inspection - Repair;;;
25;F-AC-ACC-PV0016;ARMREST;A320-200 MSN 3164 Shining Star 1;PMVI;Inspection - Repair;;;
25;F-AC-ACC-PV0017;ARMREST;A320-200 MSN 3164 Shining Star 1;PMVI;Inspection - Repair;;;
25;F-AC-ACC-PV0018;ARMREST;A320-200 MSN 3164 Shining Star 1;PMVI;Inspection - Repair;;;
25;F-SQ-FAB-PV0006;3p SEAT DIVAN;A320-200 MSN 3164 Shining Star 1;PMVI;Inspection - Repair;;;
25;F-SQ-FAB-PV0007;3p SEAT DIVAN;A320-200 MSN 3164 Shining Star 1;PMVI;Inspection - Repair;;;
25;F-SQ-FAB-PV0008;3p SEAT DIVAN;A320-200 MSN 3164 Shining Star 1;PMVI;Inspection - Repair;;;
25;F-SG-FAB-PV0024;1p SEAT DIVAN;A320-200 MSN 3164 Shining Star 1;PMVI;Inspection - Repair;;;
25;F-SG-FAB-PV0025;1p SEAT DIVAN;A320-200 MSN 3164 Shining Star 1;PMVI;Inspection - Repair;;;
25;F-SG-FAB-PV0026;1p SEAT DIVAN;A320-200 MSN 3164 Shining Star 1;PMVI;Inspection - Repair;;;
25;F-SG-FAB-PV0027;1p SEAT DIVAN;A320-200 MSN 3164 Shining Star 1;PMVI;Inspection - Repair;;;
25;F-SG-FAB-PV0028;1p SEAT DIVAN;A320-200 MSN 3164 Shining Star 1;PMVI;Inspection - Repair;;;
25;F-AC-ACC-PV0038;ARMREST;A319-200 MSN 3356 ?RESIDENCE?;PMVI;Inspection - Repair;;;
25;F-AC-ACC-PV0039;ARMREST;A319-200 MSN 3356 ?RESIDENCE?;PMVI;Inspection - Repair;;;
25;F-SQ-FAB-PV0018;3p SEAT DIVAN P/N;A319-200 MSN 3356 ?RESIDENCE?;PMVI;Inspection - Repair;;;
25;F-SQ-FAB-PV0016;2p SEAT DIVAN;A319-200 MSN 3356 ?RESIDENCE?;PMVI;Inspection - Repair;;;
25;F-AC-ACC-PV0034;ARMREST;A319-200 MSN 3356 ?RESIDENCE?;PMVI;Inspection - Repair;;;
25;F-AC-ACC-PV0035;ARMREST;A319-200 MSN 3356 ?RESIDENCE?;PMVI;Inspection - Repair;;;
25;F-SQ-FAB-PV0017;2p SEAT DIVAN;A319-200 MSN 3356 ?RESIDENCE?;PMVI;Inspection - Repair;;;
25;F-AC-ACC-PV0036;ARMREST;A319-200 MSN 3356 ?RESIDENCE?;PMVI;Inspection - Repair;;;
25;F-AC-ACC-PV0037;ARMREST;A319-200 MSN 3356 ?RESIDENCE?;PMVI;Inspection - Repair;;;
25;F-AC-ACC-PV0032;ARMREST;A319-200 MSN 3356 ?RESIDENCE?;PMVI;Inspection - Repair;;;
25;F-AC-ACC-PV0033;ARMREST;A319-200 MSN 3356 ?RESIDENCE?;PMVI;Inspection - Repair;;;
25;F-SQ-FAB-PV0015;1p SEAT DIVAN;A319-200 MSN 3356 ?RESIDENCE?;PMVI;Inspection - Repair;;;
25;F-SG-FAB-PV0047;1p SEAT;A319-200 MSN 3356 ?RESIDENCE?;PMVI;Inspection - Repair;;;
25;F-SG-FAB-PV0048;1p SEAT;A319-200 MSN 3356 ?RESIDENCE?;PMVI;Inspection - Repair;;;
25;F-SQ-FAB-PV0022;3p SEAT DIVAN;A319 MSN 3243 ?ALF?;PMVI;Inspection - Repair;;;
25;F-SQ-FAB-PV0023;3p SEAT DIVAN;A319 MSN 3243 ?ALF?;PMVI;Inspection - Repair;;;
25;F-SG-FAB-PV0069;SEAT 1pl;A319 MSN 3243 ?ALF?;PMVI;Inspection - Repair;;;
25;F-SG-FAB-PV0070;SEAT 1pl;A319 MSN 3243 ?ALF?;PMVI;Inspection - Repair;;;
25;F-SG-FAB-PV0074;SEAT 1pl;A319 MSN 3243 ?ALF?;PMVI;Inspection - Repair;;;
25;F-SG-FAB-PV0073;SEAT 1pl;A319 MSN 3243 ?ALF?;PMVI;Inspection - Repair;;;
25;F-SG-FAB-PV0071;SEAT 2pl;A319 MSN 3243 ?ALF?;PMVI;Inspection - Repair;;;
25;F-SG-FAB-PV0072;SEAT 2pl;A319 MSN 3243 ?ALF?;PMVI;Inspection - Repair;;;
25;F-SG-FAB-PV0078;SEAT 1pl;A319 MSN 3826 ?ACROPOLIS?;PMVI;Inspection - Repair;;;
25;F-SG-FAB-PV0079;SEAT 1pl;A319 MSN 3826 ?ACROPOLIS?;PMVI;Inspection - Repair;;;
25;F-SG-FAB-PV0080;SEAT 1pl;A319 MSN 3826 ?ACROPOLIS?;PMVI;Inspection - Repair;;;
25;F-SG-FAB-PV0081;SEAT 1pl;A319 MSN 3826 ?ACROPOLIS?;PMVI;Inspection - Repair;;;
25;F-SG-FAB-PV0082;SEAT 1pl;A319 MSN 3826 ?ACROPOLIS?;PMVI;Inspection - Repair;;;
25;F-SG-FAB-PV0083;SEAT 1pl;A319 MSN 3826 ?ACROPOLIS?;PMVI;Inspection - Repair;;;
25;F-SG-FAB-PV0084;SEAT 1pl;A319 MSN 3826 ?ACROPOLIS?;PMVI;Inspection - Repair;;;
25;F-SG-FAB-PV0085;SEAT 1pl;A319 MSN 3826 ?ACROPOLIS?;PMVI;Inspection - Repair;;;
25;F-SG-FAB-PV0086;SEAT 1pl;A319 MSN 3826 ?ACROPOLIS?;PMVI;Inspection - Repair;;;
25;F-SG-FAB-PV0087;SEAT 1pl;A319 MSN 3826 ?ACROPOLIS?;PMVI;Inspection - Repair;;;
25;F-SG-FAB-PV0088;SEAT 1pl;A319 MSN 3826 ?ACROPOLIS?;PMVI;Inspection - Repair;;;
25;F-SG-FAB-PV0089;SEAT 2pl;A319 MSN 3826 ?ACROPOLIS?;PMVI;Inspection - Repair;;;
25;F-SG-FAB-PV0090;SEAT 2pl;A319 MSN 3826 ?ACROPOLIS?;PMVI;Inspection - Repair;;;
25;F-SQ-FAB-PV0026;RH CREW REST SEAT;A319 MSN 3826 ?ACROPOLIS?;PMVI;Inspection - Repair;;;
25;F-AM-FAB-CA0042;TABLE SOCIAL AREA WP4247;A320 MSN 4170 QATAR;PMVI;Inspection - Repair;;;
25;F-AM-FAB-CA0044;BAGGAGE STOWAGE AREA WP4361;A320 MSN 4170 QATAR;PMVI;Inspection - Repair;;;
25;F-AM-FAB-CA0043;LH PARTITION WITH DOGHOUSE WP4362;A320 MSN 4170 QATAR;PMVI;Inspection - Repair;;;
25;CD082-252152-10 & -20;"SEAT 1pl WP4152
Upholstery and elec wiring";A320 MSN 4170 QATAR;PMVI;Inspection - Repair;;;
25;CD082-252161-10 & -20;"SEAT 1pl WP4161
Upholstery and elec wiring";A320 MSN 4170 QATAR;PMVI;Inspection - Repair;;;
25;CD082-252150-10 & -20;"DOUBLE SEAT WP4150
Upholstery and elec wiring";A320 MSN 4170 QATAR;PMVI;Inspection - Repair;;;
25;CD082-252151-10 & -20;"DOUBLE SEAT WP4151
Upholstery and elec wiring";A320 MSN 4170 QATAR;PMVI;Inspection - Repair;;;
25;CD082-252153-10 & -20;"DOUBLE SEAT WP4153
Upholstery and elec wiring";A320 MSN 4170 QATAR;PMVI;Inspection - Repair;;;
25;CD082-252154-10 & -20;"DOUBLE SEAT WP4154
Upholstery and elec wiring";A320 MSN 4170 QATAR;PMVI;Inspection - Repair;;;
25;CD082-252155-10 & -20;"DOUBLE SEAT WP4155
Upholstery and elec wiring";A320 MSN 4170 QATAR;PMVI;Inspection - Repair;;;
25;CD082-252156-10 & -20;"DOUBLE SEAT WP4156
Upholstery and elec wiring";A320 MSN 4170 QATAR;PMVI;Inspection - Repair;;;
25;CD082-252157-10 & -20;"DOUBLE SEAT WP4157
Upholstery and elec wiring";A320 MSN 4170 QATAR;PMVI;Inspection - Repair;;;
25;CD082-252158-10 & -20;"DOUBLE SEAT WP4158
Upholstery and elec wiring";A320 MSN 4170 QATAR;PMVI;Inspection - Repair;;;
25;CD082-252159-10 & -20;"DOUBLE SEAT WP4159
Upholstery and elec wiring";A320 MSN 4170 QATAR;PMVI;Inspection - Repair;;;
25;CD082-252162-10 & -20;"DOUBLE SEAT WP4162
Upholstery and elec wiring";A320 MSN 4170 QATAR;PMVI;Inspection - Repair;;;
25;CD082-252171-10 & -20;"TRIPLE SEAT WP4171
Upholstery and elec wiring";A320 MSN 4170 QATAR;PMVI;Inspection - Repair;;;
25;CD082-252172-10 & -20;"TRIPLE SEAT WP4172
Upholstery and elec wiring";A320 MSN 4170 QATAR;PMVI;Inspection - Repair;;;
25;CD082-252173-10 & -20;"TRIPLE SEAT WP4173
Upholstery and elec wiring";A320 MSN 4170 QATAR;PMVI;Inspection - Repair;;;
25;CD082-252174-10 & -20;"TRIPLE SEAT WP4174
Upholstery and elec wiring";A320 MSN 4170 QATAR;PMVI;Inspection - Repair;;;
25;CD082-252175-10 & -20;"TRIPLE SEAT WP4175
Upholstery and elec wiring";A320 MSN 4170 QATAR;PMVI;Inspection - Repair;;;
25;CD082-252176-10 & -20;"TRIPLE SEAT WP4176
Upholstery and elec wiring";A320 MSN 4170 QATAR;PMVI;Inspection - Repair;;;
25;CD082-252170-10 & -20;"SOFA WP4170
Upholstery and elec wiring";A320 MSN 4170 QATAR;PMVI;Inspection - Repair;;;
25;F-AM-FAB-CA0040;"AFT LOUNGE LOW STOWAGE AND ENCLOSURE
WP4365";A319 MSN 3994 ORION;PMVI;Inspection - Repair;;;
25;F-AM-FAB-CA0045;"AFT LOUNGE LOW STOWAGE AND ENCLOSURE
WP4366";A319 MSN 3994 ORION;PMVI;Inspection - Repair;;;
25;CD934-252170-10;SOFA WP4170 UPHOLSTERY;A319 MSN 3994 ORION;PMVI;Inspection - Repair;;;
25;CD934-252171-10;SOFA WP4171 UPHOLSTERY;A319 MSN 3994 ORION;PMVI;Inspection - Repair;;;
25;CD934-252172-10;SOFA WP4172 UPHOLSTERY;A319 MSN 3994 ORION;PMVI;Inspection - Repair;;;
25;CD934-252150-10 & 20;"SEAT 2pl WP4150 
Upholstery and elec wiring";A319 MSN 3994 ORION;PMVI;Inspection - Repair;;;
25;CD934-252153-10 & 20;"SEAT 2pl WP4153
Upholstery and elec wiring";A319 MSN 3994 ORION;PMVI;Inspection - Repair;;;
25;CD934-252154-10 & 20;"SEAT 2pl WP4154 
Upholstery and elec wiring";A319 MSN 3994 ORION;PMVI;Inspection - Repair;;;
25;CD934-252160-10 & 20;"SEAT 1pl WP4160
Upholstery and elec wiring";A319 MSN 3994 ORION;PMVI;Inspection - Repair;;;
25;CD934-252161-10 & 20;"SEAT 1pl WP4161
Upholstery and elec wiring";A319 MSN 3994 ORION;PMVI;Inspection - Repair;;;
25;CD934-252163-10 & 20;"SEAT 1pl WP4163
Upholstery and elec wiring";A319 MSN 3994 ORION;PMVI;Inspection - Repair;;;
25;CD934-252165-10 & 20;"SEAT 1pl WP4165
Upholstery and elec wiring";A319 MSN 3994 ORION;PMVI;Inspection - Repair;;;
25;603150-52P0E;HEADREST MODIFICATION;A340-500 P611;AIRBUS;Modification;;;
25;603150-56P0E;HEADREST MODIFICATION;A340-500 P611;AIRBUS;Modification;;;
25;603150-58POE;HEADREST MODIFICATION;A340-500 P611;AIRBUS;Modification;;;
25;603150-61POE;HEADREST MODIFICATION;A340-500 P611;AIRBUS;Modification;;;
25;603150-75P7E;HEADREST MODIFICATION;A340-500 P611;AIRBUS;Modification;;;
25;603150-77P7EF;HEADREST MODIFICATION;A340-500 P611;AIRBUS;Modification;;;
25;603150-65P0E;HEADREST MODIFICATION;A340-500 P611;AIRBUS;Modification;;;
54;S5411052500000;Air Intake leading edge assy;ATR42;ATR;Repair;;;
30;S5741003800195;Leading edge assy;ATR42;ATR;Inspection - Repair;;;
57;S5741003800195;Leading edge assy;ATR42;ATR;Repair;;;
57;S5741003800195;Leading edge assy;ATR42;ATR;Repair;;;
30;S5517200000400;Leading edge assy;ATR42;ATR;Repair;;;
55;S5517200000400;Leading edge assy;ATR42;ATR;Repair;;;
30;S5517200000500;Leading edge assy;ATR42;ATR;Repair;;;
55;S5517200000500;Leading edge assy;ATR42;ATR;Repair;;;
53;S5307032301600;Floor Panel;ATR72;ATR;Repair;;;
53;S5307032401600;Floor Panel;ATR72;ATR;Repair;;;
25;94XX series;Lateral and central spreaders replacement;/;SICMA AERO SEAT;Modification;;;
25;BD915-2523XX-XX;Modification of curtains on the window shade;"A319-133 MSN2421
AL SALAM";ACJC;Modification;;;
25;BD915-2523XX-XX;Modification of curtains on the window shade;"A319-133 MSN2421
AL SALAM";ACJC;Modification;;;
25;BD915-2523XX-XX;Modification of curtains on the window shade;"A319-133 MSN2421
AL SALAM";ACJC;Modification;;;
25;BD915-2523XX-XX;Modification of curtains on the window shade;"A319-133 MSN2421
AL SALAM";ACJC;Modification;;;
25;CD900-111051-01;Modification of divan cup holders;A319-115;ACJC;Modification;;;
25;3510A392-XX-XXX;A320 Cabin reconfiguration for Nouvelair Tunisie;A320;RECARO;Modification;;;
25;1010020-XXX;Seats covers replacement on A320;A320 MSN 4094;BE Aerospace;Modification;;;
25;1380823-XX;Siäge PNC SICMA AERO SEAT SB 138-25-008;ATR72;SICMA AERO SEAT;Modification;;;
25;1380823-XX;Siäge PNC SICMA AERO SEAT SB 138-25-007;ATR42;SICMA AERO SEAT;Modification;;;
57;S5741004601800;wings-leading edges-add thermal protection on leading adges;ATR42;ATR;Modification;;;
57;S5741004601900;wings-leading edges-add thermal protection on leading adges;ATR42;ATR;Modification;;;
25;9179;Seats modification on A320 for AVINCO;A320 MSN 1823 & 1896;SICMA AERO SEAT;Modification;;;
25;91A8;Seats modification on A320 for AVINCO;A320 MSN 1823 & 1896;SICMA AERO SEAT;Modification;;;
25;/;SICMA seats (74 model) armrest replacement;"ATR72
MSN 450, 519, 523, 396, 316, 352, and 365";SICMA AERO SEAT;Modification;;;
25;857007;A320 Cabin Reconfiguration for AVINCO;A320-200;WEBER;Modification;;;
25;851974;A320 Cabin Reconfiguration for AVINCO;A320-200;WEBER;Modification;;;
25;1010020;Spare seats modification linked to SB 7023-01-A-3101;A320 MSN 3748 & 3812;BE Aerospace;Modification;;;
25;1010020;Seats covers replacement;A320 MSN 4094;BE Aerospace;Modification;;;
25;849482;"EQUIPMENT/FURNISHINGS - GENERAL - MISCELLANEOUS ITEMS TO STANDARDIZE
CABIN";A320 MSN 737-749;/;Modification;;;
25;849483;"EQUIPMENT/FURNISHINGS - GENERAL - MISCELLANEOUS ITEMS TO STANDARDIZE
CABIN";A320 MSN 737-749;/;Modification;;;
25;849485;"EQUIPMENT/FURNISHINGS - GENERAL - MISCELLANEOUS ITEMS TO STANDARDIZE
CABIN";A320 MSN 737-749;/;Modification;;;
25;Model AI--1000;"INSTRUCTIONS REQUIRED TO
INSPECT AND REPLACE
CRACKED METAL BACK ASSEMBLIES";"A320; B727; B737--200, --300, --400, --500; B757--200;
MD80; L1011; and RJ85";AIRLINE INTERIOR;Modification;;;
30;31P-158-9-1;Ice & rain protection - reinforce gaspath de-icers;ATR42-300;ATR;Modification;;;
30;31P-158-16-1;Ice & rain protection - reinforce gaspath de-icers;ATR42-300;ATR;Modification;;;
54;/;Engine nacelles-install a removable air intake lip;ATR42-300;ATR;Modification;;;
57;S57412004XXXXX;wings - inner slat & lower surface rear parts - modify hinge pin stop;ATR72-102, -201, -202;ATR;Modification;;;
57;S57512390XXXXX;wings - inner slat & lower surface rear parts - modify hinge pin stop;ATR72-102, -201, -202;ATR;Modification;;;
57;S57512277XXXXX;wings - inner slat & lower surface rear parts - modify hinge pin stop;ATR72-102, -201, -202;ATR;Modification;;;
25;12M()()-()()()()()();"INSPECTION TO CHECK THE BACKREST FITTING
CONDITION";ATR42/72;AVIOINTERIORS;Modification;;;
25;1005887;HARNESS COVER INSTALLATION;"ILFC / Air Mediterranee A321aircraft,
tail number MSN2707";SPECTRUM;Modification;;;
25;1005888;HARNESS COVER INSTALLATION;"ILFC / Air Mediterranee A321aircraft,
tail number MSN2707";SPECTRUM;Modification;;;
25;M14209001011;TO REPLACE FIXED LEGREST AND ADD 6 INCH FOOTLAP ON BUSINESS CLASS SEATS FOR SABENA;/;/;Modification;;;
25;M14209001012;TO REPLACE FIXED LEGREST AND ADD 6 INCH FOOTLAP ON BUSINESS CLASS SEATS FOR SABENA;/;/;Modification;;;
25;0950-02-0293;To remove equipment, blank off apertures and fit legrest stops on double seats for Air India;/;BRITAX ;Modification;;;
25;0950-02-0292;To remove equipment, blank off apertures and fit legrest stops on double seats for Air India;/;BRITAX ;Modification;;;
25;0950-02-0291;To remove equipment, blank off apertures and fit legrest stops on double seats for Air India;/;BRITAX ;Modification;;;
25;0950-02-0294;To remove equipment, blank off apertures and fit legrest stops on double seats for Air India;/;BRITAX ;Modification;;;
25;0950-03-001;To remove equipment, blank off apertures and fit legrest stops on triple seats for Air India;/;/;Modification;;;
25;0950-02-031;To remove equipment, replace in seat IFE system and fit legrest stops on double seats for Air India;MSN 598;BRITAX ;Modification;;;
25;0950-02-050;To remove equipment, replace in seat IFE system and fit legrest stops on double seats for Air India;MSN 598;BRITAX ;Modification;;;
25;0950-02-049;To remove equipment, replace in seat IFE system and fit legrest stops on double seats for Air India;MSN 598;BRITAX ;Modification;;;
25;0950-02-032;To remove equipment, replace in seat IFE system and fit legrest stops on double seats for Air India;MSN 598;BRITAX ;Modification;;;
25;0950-03-001;To remove equipment, replace in seat IFE system and fit legrest stops on triple seats for Air India;MSN 598;BRITAX ;Modification;;;
25;5300 SERIES;Y/C seats covers replacement;B737?800;WEBER;Modification;;;
25;A225401818-012;Replacement of the toilet cover, the wash basin, the cable loom & installation of new spot lights;MSN 3243;DASELL;Modification;;;
25;A292901162-014;Replacement of the toilet cover, the wash basin, the cable loom & installation of new spot lights;MSN 3243;DASELL;Modification;;;
25;3A063;Flight compartment;ATR42;IPECO;Modification;;;
25;3A063;Heightlook mechanism;ATR42/72;IPECO;Modification;;;
25;3A063;Installation of restraint crocht strap;ATR42/72;IPECO;Modification;;;
25;3A063;Addition of headrest;ATR42/72;IPECO;Modification;;;
25;3A063;Inspection of base sleeve;ATR42/72;IPECO;Modification;;;
25;3A063;Inspection of seat guide block;ATR42/72;IPECO;Modification;;;
25;0A063-0047;Base structure IPECO;ATR42;IPECO;Modification;;;
25;BD081-252162-01;Change of cupholder in the Fold up armrest;A319-200 MSN 3164 SHINING STAR I;/;Modification;;;
25;BD081-252164-01 ;Change of cupholder in the Fold up armrest;A319-200 MSN 3164 SHINING STAR I;/;Modification;;;
25;BD081-252160-01 ;Change of cupholder in the Fold up armrest;A319-200 MSN 3164 SHINING STAR I;/;Modification;;;
25;CD931-252162-01B;Modification of armrest RH and LH;A319 MSN 3243 ALF;/;Modification;;;
25;CD930-252160-01 ;Change of cupholder in the Fold up armrest;A319 MSN 3356 RESIDENCE;/;Modification;;;
25;CD931-252160-01;Installation of strap on the decompression flap;A319 MSN 3243 ALF;/;Modification;;;
25;CD931-252161-01;Installation of strap on the decompression flap;A319 MSN 3243 ALF;/;Modification;;;
25;M-BS-P0029;WP 4362 modifications during install on A/C;A320-200 MSN4170;/;Modification;;;
25;M-CP-D0137;WP 4362 modifications during install on A/C;A320-200 MSN4170;/;Modification;;;
25;M-CL-T0025;WP 4362 modifications during install on A/C;A320-200 MSN4170;/;Modification;;;
25;M-CP-T0096;WP 4362 modifications during install on A/C;A320-200 MSN4170;/;Modification;;;
25;F-SQ-FAB-PV0022;Installation of kick board ;A319 MSN 3243 ALF;/;Modification;;;
25;F-SQ-FAB-PV0023;Installation of kick board ;A319 MSN 3243 ALF;/;Modification;;;
25;F-SG-FAB-PV0072;Integration of shim under the bottom cushion;A319 MSN 3243 ALF;/;Modification;;;
25;F-SG-FAB-PV0069;Integration of shim under the bottom cushion;A319 MSN 3243 ALF;/;Modification;;;
25;F-SG-FAB-PV0074;Integration of shim under the bottom cushion;A319 MSN 3243 ALF;/;Modification;;;
25;F-SG-FAB-PV0070;Integration of shim under the bottom cushion;A319 MSN 3243 ALF;/;Modification;;;
25;F-SG-FAB-PV0071;Integration of shim under the bottom cushion;A319 MSN 3243 ALF;/;Modification;;;
25;CD082-252170-01B;Integration of shroud under the control and switch brackets;A320 MSN 4170 QATAR;/;Modification;;;
25;CD082-252161-01B;Integration of shroud under the control and switch brackets;A320 MSN 4170 QATAR;/;Modification;;;
25;CD082-252162-01B;Integration of shroud under the control and switch brackets;A320 MSN 4170 QATAR;/;Modification;;;
25;CD082-252159-01B;Integration of shroud under the control and switch brackets;A320 MSN 4170 QATAR;/;Modification;;;
25;CD082-252158-01B;Integration of shroud under the control and switch brackets;A320 MSN 4170 QATAR;/;Modification;;;
25;CD082-252157-01B;Integration of shroud under the control and switch brackets;A320 MSN 4170 QATAR;/;Modification;;;
25;CD082-252156-01B;Integration of shroud under the control and switch brackets;A320 MSN 4170 QATAR;/;Modification;;;
25;CD082-252150-01B;Integration of shroud under the control and switch brackets;A320 MSN 4170 QATAR;/;Modification;;;
25;CD082-252154-01B;Integration of shroud under the control and switch brackets;A320 MSN 4170 QATAR;/;Modification;;;
25;CD082-252153-01B;Integration of shroud under the control and switch brackets;A320 MSN 4170 QATAR;/;Modification;;;
25;CD082-252152-01B;Integration of shroud under the control and switch brackets;A320 MSN 4170 QATAR;/;Modification;;;
25;CD082-252151-01B;Integration of shroud under the control and switch brackets;A320 MSN 4170 QATAR;/;Modification;;;
25;CD082-252155-01B;Integration of shroud under the control and switch brackets;A320 MSN 4170 QATAR;/;Modification;;;
25;F-AM-FAB-CA0040;Modification of electrical wiring;A319 MSN 3994 ORION;/;Modification;;;
25;F-AM-FAB-CA0045;Change of connector plug;A319 MSN 3994 ORION;/;Modification;;;
25;F-SG-FAB-PV0142;Installation of fairing on track fitting;A320 MSN 4170 QATAR;/;Modification;;;
25;F-SG-FAB-PV0141;Installation of fairing on track fitting;A320 MSN 4170 QATAR;/;Modification;;;
25;F-SG-FAB-PV0140;Installation of fairing on track fitting;A320 MSN 4170 QATAR;/;Modification;;;
25;F-SG-FAB-PV0137;Installation of fairing on track fitting;A320 MSN 4170 QATAR;/;Modification;;;
25;F-SG-FAB-PV0138;Installation of fairing on track fitting;A320 MSN 4170 QATAR;/;Modification;;;
25;F-SG-FAB-PV0139;Installation of fairing on track fitting;A320 MSN 4170 QATAR;/;Modification;;;
25;F-SQ-FAB-PV0049;Modification of divan structure upholstery ;A319 MSN 3994 ORION;/;Modification;;;
25;F-SQ-FAB-PV0050;Modification of divan structure upholstery ;A319 MSN 3994 ORION;/;Modification;;;
25;F-SQ-FAB-PV0051;Modification of divan structure upholstery ;A319 MSN 3994 ORION;/;Modification;;;
25;F-SG-FAB-PV0104;Modification of identification of CSP and Jack plug ;A319 MSN 3994 ORION;/;Modification;;;
25;F-SG-FAB-PV0103;Modification of identification of CSP and Jack plug ;A319 MSN 3994 ORION;/;Modification;;;
25;F-SG-FAB-PV0102;Modification of identification of CSP and Jack plug ;A319 MSN 3994 ORION;/;Modification;;;
25;F-SG-FAB-PV0112;Change of receptacles and modules;A319 MSN 3994 ORION;/;Modification;;;
25;F-SG-FAB-PV0107;Change of receptacles and modules;A319 MSN 3994 ORION;/;Modification;;;
25;F-SG-FAB-PV0108;Change of receptacles and modules;A319 MSN 3994 ORION;/;Modification;;;
25;F-SG-FAB-PV0110;Change of receptacles and modules;A319 MSN 3994 ORION;/;Modification;;;
25;F-SG-FAB-PV0102;Decrease of length of cable and new fixation of outlet on the seat  ;A319 MSN 3994 ORION;/;Modification;;;
25;F-SQ-FAB-PV0051;Modification of divan upholstery (foam cushions and dress covers);A319 MSN 3994 ORION;/;Modification;;;
25;F-SQ-FAB-PV0049;Modification of divan upholstery (foam cushions and dress covers);A319 MSN 3994 ORION;/;Modification;;;
25;F-SQ-FAB-PV0050;Modification of divan upholstery (foam cushions and dress covers);A319 MSN 3994 ORION;/;Modification;;;
25;F-SQ-FAB-PV0051;"Modification of divan upholstery 
(Seal, increase of stowage capacity, modification of emergency equipment)";A319 MSN 3994 ORION;/;Modification;;;
25;F-SQ-FAB-PV0049;"Modification of divan upholstery 
(Seal, increase of stowage capacity, modification of emergency equipment)";A319 MSN 3994 ORION;/;Modification;;;
25;F-SQ-FAB-PV0050;"Modification of divan upholstery 
(Seal, increase of stowage capacity, modification of emergency equipment)";A319 MSN 3994 ORION;/;Modification;;;
25;CD934-252167-01;Lock of recline control;A319 MSN 3994 ORION;/;Modification;;;
25;9608 series;"Installation of standard rack fitting
P/N 61000-120-790-0";ATR42 MSN 579;/;Modification;;;
25;577 series;Recaro aircomfort model 3230;"A320-200
A349";RECARO;Modification;;;
25;785;"RECARO AIRCOMFORT
MODEL 341 0";/;RECARO;Modification;;;
25;786;"RECARO AIRCOMFORT
MODEL 341 0";/;RECARO;Modification;;;
25;3410 model;Armrest IAT - Structure improvement;/;RECARO;Modification;;;
25;785 series;ARMCAP REPLACEMENT;/;RECARO;Modification;;;
25;786 series;ARMCAP REPLACEMENT;/;RECARO;Modification;;;
25;728 series;Foldable aisle armrest (HC) release system;/;RECARO;Modification;;;
25;785 series;REMOVAL OF ASHTRAY AND INSTL OF NEW ESCUTCHEON;A340-200 & -300;RECARO;Modification;;;
25;786 series;REMOVAL OF ASHTRAY AND INSTL OF NEW ESCUTCHEON;B747-200 & -400;RECARO;Modification;;;
25;728 series;COMFORT MODIFICATION;/;RECARO;Modification;;;
25;785 series;TRAY TABLE LATCH;/;RECARO;Modification;;;
25;786 series;TRAY TABLE LATCH;/;RECARO;Modification;;;
25;785 series;INSTALLATION OF NEW DRESS COVERS;A340-200;RECARO;Modification;;;
25;785 series;Baggage bar repair;/;RECARO;Modification;;;
25;302 series;seat belt attachment, replacement of bolt;/;RECARO;Modification;;;
25;303 series;seat belt attachment, replacement of bolt;/;RECARO;Modification;;;
25;306 series;seat belt attachment, replacement of bolt;/;RECARO;Modification;;;
25;307 series;seat belt attachment, replacement of bolt;/;RECARO;Modification;;;
25;314 series;seat belt attachment, replacement of bolt;/;RECARO;Modification;;;
25;316 series;seat belt attachment, replacement of bolt;/;RECARO;Modification;;;
25;317 series;seat belt attachment, replacement of bolt;/;RECARO;Modification;;;
25;791 series;seat belt attachment, replacement of bolt;/;RECARO;Modification;;;
25;792 series;seat belt attachment, replacement of bolt;/;RECARO;Modification;;;
25;795 series;seat belt attachment, replacement of bolt;/;RECARO;Modification;;;
25;785 series;DLH RETROFIT A340-300;A340-300;RECARO;Modification;;;
25;/;F/C SEATS REPLACEMENT;A310-304 MSN 422;/;Modification;;;
25;785;E/C SEATS MODIFICATION;A310-304 MSN418;/;Modification;;;
25;5038 series;READING LIGHT POWER BOX CHANGE;B747-B777-B767-A340-A330;SICMA AERO SEAT;Modification;;;
25;5039 series;READING LIGHT POWER BOX CHANGE;B747-B777-B767-A340-A330;SICMA AERO SEAT;Modification;;;
25;5040 series;READING LIGHT POWER BOX CHANGE;B747-B777-B767-A340-A330;SICMA AERO SEAT;Modification;;;
25;5044 series;READING LIGHT POWER BOX CHANGE;B747-B777-B767-A340-A330;SICMA AERO SEAT;Modification;;;
25;5045 series;READING LIGHT POWER BOX CHANGE;B747-B777-B767-A340-A330;SICMA AERO SEAT;Modification;;;
25;5046 series;READING LIGHT POWER BOX CHANGE;B747-B777-B767-A340-A330;SICMA AERO SEAT;Modification;;;
25;50A0 series;READING LIGHT POWER BOX CHANGE;B747-B777-B767-A340-A330;SICMA AERO SEAT;Modification;;;
25;50A7 series;READING LIGHT POWER BOX CHANGE;B747-B777-B767-A340-A330;SICMA AERO SEAT;Modification;;;
25;50A8 series;READING LIGHT POWER BOX CHANGE;B747-B777-B767-A340-A330;SICMA AERO SEAT;Modification;;;
25;5069 series;READING LIGHT POWER BOX CHANGE;B747-B777-B767-A340-A330;SICMA AERO SEAT;Modification;;;
25;5075 series;READING LIGHT POWER BOX CHANGE;B747-B777-B767-A340-A330;SICMA AERO SEAT;Modification;;;
25;74 model;SICMA seats (74 model) armrest replacement;"ATR72
MSN 450, 519, 523, 396, 316, 352, 365 and 192";SICMA AERO SEAT;Modification;;;
25;5032 series;Goldwing mechanical mod;Aer Lingus A330;SICMA AERO SEAT;Modification;;;
25;5083 series;Life vest box's change;Air Tahiti Nui A340-200;SICMA AERO SEAT;Modification;;;
25;5038 series;IFEs & DRESS COVERS change;Air France A340-300;SICMA AERO SEAT;Modification;;;
25-20;711 series;Modification of the backrest attachment;/;SICMA AERO SEAT;Modification;;;
25-20;712 series;Modification of the backrest attachment;/;SICMA AERO SEAT;Modification;;;
25-20;713 series;Modification of the backrest attachment;/;SICMA AERO SEAT;Modification;;;
25-20;714 series;Modification of the backrest attachment;/;SICMA AERO SEAT;Modification;;;
25-20;715 series;Modification of the backrest attachment;/;SICMA AERO SEAT;Modification;;;
25-20;716 series;Modification of the backrest attachment;/;SICMA AERO SEAT;Modification;;;
25-20;7160 series;Modification of the backrest attachment;/;SICMA AERO SEAT;Modification;;;
25-20;770 series;Modification of the backrest attachment;/;SICMA AERO SEAT;Modification;;;
25-20;780 series;Modification of the backrest attachment;/;SICMA AERO SEAT;Modification;;;
25-20;840 series;Modification of the backrest attachment;/;SICMA AERO SEAT;Modification;;;
25-20;850 series;Modification of the backrest attachment;/;SICMA AERO SEAT;Modification;;;
25;7160 SERIES;SEAT MODIFICATION;"AIR INDIA
A310-300 MSN 695";SICMA AERO SEAT;Modification;;;
25;92-000121-790-0;Installation of quick disconnect, track fitting;ATR42;SICMA AERO SEAT;Modification;;;
25;8506 SERIES;SEAT BELT REPLACEMENT;A320 MSN 615;SICMA AERO SEAT;Modification;;;
25;88xx series;BACKREST LINKS CHANGE;/;SICMA AERO SEAT;Modification;;;
25;96xx series;BACKREST LINKS CHANGE;/;SICMA AERO SEAT;Modification;;;
25;95xx series;BACKREST LINKS CHANGE;/;SICMA AERO SEAT;Modification;;;
25;93xx series;BACKREST LINKS CHANGE;/;SICMA AERO SEAT;Modification;;;
25;92xx series;BACKREST LINKS CHANGE;/;SICMA AERO SEAT;Modification;;;
25;91xx series;BACKREST LINKS CHANGE;/;SICMA AERO SEAT;Modification;;;
25;89xx series;BACKREST LINKS CHANGE;/;SICMA AERO SEAT;Modification;;;
25; 90xx series;BACKREST LINKS CHANGE;/;SICMA AERO SEAT;Modification;;;
25;9140 series;BACKREST LINKS, ROUTINE INSPECTION;/;SICMA AERO SEAT;Modification;;;
25;9166 series;BACKREST LINKS, ROUTINE INSPECTION;/;SICMA AERO SEAT;Modification;;;
25;9196 series;BACKREST LINKS, ROUTINE INSPECTION;/;SICMA AERO SEAT;Modification;;;
25;9173 series;BACKREST LINKS, ROUTINE INSPECTION;/;SICMA AERO SEAT;Modification;;;
25;91B7 series;BACKREST LINKS, ROUTINE INSPECTION;/;SICMA AERO SEAT;Modification;;;
25;9174 series;BACKREST LINKS, ROUTINE INSPECTION;/;SICMA AERO SEAT;Modification;;;
25;9184 series;BACKREST LINKS, ROUTINE INSPECTION;/;SICMA AERO SEAT;Modification;;;
25;9188 series;BACKREST LINKS, ROUTINE INSPECTION;/;SICMA AERO SEAT;Modification;;;
25;91B8 series;BACKREST LINKS, ROUTINE INSPECTION;/;SICMA AERO SEAT;Modification;;;
25;91C0 series;BACKREST LINKS, ROUTINE INSPECTION;/;SICMA AERO SEAT;Modification;;;
25;91C2 series;BACKREST LINKS, ROUTINE INSPECTION;/;SICMA AERO SEAT;Modification;;;
25;91C3 series;BACKREST LINKS, ROUTINE INSPECTION;/;SICMA AERO SEAT;Modification;;;
25;91C4 series;BACKREST LINKS, ROUTINE INSPECTION;/;SICMA AERO SEAT;Modification;;;
25;91C5 series;BACKREST LINKS, ROUTINE INSPECTION;/;SICMA AERO SEAT;Modification;;;
25;91C9 series;BACKREST LINKS, ROUTINE INSPECTION;/;SICMA AERO SEAT;Modification;;;
25;9301 series;BACKREST LINKS, ROUTINE INSPECTION;/;SICMA AERO SEAT;Modification;;;
25;9501 series;BACKREST LINKS, ROUTINE INSPECTION;/;SICMA AERO SEAT;Modification;;;
25;9179 series;Changement d'habillage;A320/A321 & A319;SICMA AERO SEAT;Modification;;;
25;91xx series;Seat belt attachment fitting modification;/;SICMA AERO SEAT;Modification;;;
25;9Axx series;Seat belt attachment fitting modification;/;SICMA AERO SEAT;Modification;;;
25; 93xx series;Seat belt attachment fitting modification;/;SICMA AERO SEAT;Modification;;;
25;9Bxx series;Seat belt attachment fitting modification;/;SICMA AERO SEAT;Modification;;;
25;9Cxx series;Seat belt attachment fitting modification;/;SICMA AERO SEAT;Modification;;;
25;95xx series;Seat belt attachment fitting modification;/;SICMA AERO SEAT;Modification;;;
25; 96xx series;Seat belt attachment fitting modification;/;SICMA AERO SEAT;Modification;;;
25;97xx series;Seat belt attachment fitting modification;/;SICMA AERO SEAT;Modification;;;
25;98xx series;Seat belt attachment fitting modification;/;SICMA AERO SEAT;Modification;;;
25;99xx series;Seat belt attachment fitting modification;/;SICMA AERO SEAT;Modification;;;
25;91xx series;"PROCEDURE DE REPARATION DES STRUCTURES DE DOSSIERS
EN ""S"" P/N 90-00x2xx-100-x";/;SICMA AERO SEAT;Modification;;;
25;92xx series;"PROCEDURE DE REPARATION DES STRUCTURES DE DOSSIERS
EN ""S"" P/N 90-00x2xx-100-x";/;SICMA AERO SEAT;Modification;;;
25;93xx series;"PROCEDURE DE REPARATION DES STRUCTURES DE DOSSIERS
EN ""S"" P/N 90-00x2xx-100-x";/;SICMA AERO SEAT;Modification;;;
53;S5307030402900;Floor Panel;ATR42;ATR;Repair;;;
53;S5307030402600;Floor Panel;ATR42;ATR;Repair;;;
53;S5307030402000;Floor Panel;ATR42;ATR;Repair;;;
53;S5307030402100;Floor Panel;ATR42;ATR;Repair;;;
53;S5307030403100;Floor Panel;ATR42;ATR;Repair;;;
53;S5307030301200;Floor Panel;ATR42;ATR;Repair;;;
53;S5307030301000;Floor Panel;ATR42;ATR;Repair;;;
53;S5307030500400;Floor Panel;ATR42;ATR;Repair;;;
53;S5307030300100;Floor Panel;ATR42;ATR;Repair;;;
53;S5307030303400;Floor Panel;ATR42;ATR;Repair;;;
25;90-00x2xx-100-x;"""S"" SHAPE BACKREST STRUCTURE repair procedure";/;SICMA AERO SEAT;Modification;;;
25;90-10x2xx-100-x;"""S"" SHAPE BACKREST STRUCTURE repair procedure";/;SICMA AERO SEAT;Modification;;;
25;91xx series;Seat belt attachment fitting modification;/;SICMA AERO SEAT;Modification;;;
25;93xx;Seat belt attachment fitting modification;/;SICMA AERO SEAT;Modification;;;
25;95xx;Seat belt attachment fitting modification;/;SICMA AERO SEAT;Modification;;;
25;96xx;Seat belt attachment fitting modification;/;SICMA AERO SEAT;Modification;;;
25;97xx;Seat belt attachment fitting modification;/;SICMA AERO SEAT;Modification;;;
25;98xx;Seat belt attachment fitting modification;/;SICMA AERO SEAT;Modification;;;
25;99xx;Seat belt attachment fitting modification;/;SICMA AERO SEAT;Modification;;;
25;9Axx;Seat belt attachment fitting modification;/;SICMA AERO SEAT;Modification;;;
25; 9Bxx;Seat belt attachment fitting modification;/;SICMA AERO SEAT;Modification;;;
25;9Cxx;Seat belt attachment fitting modification;/;SICMA AERO SEAT;Modification;;;
25;90-00x1xx-900-x;Seat pan repair procedure Rev4;/;SICMA AERO SEAT;Modification;;;
25;95-00x1xx-900-x;Seat pan repair procedure Rev4;/;SICMA AERO SEAT;Modification;;;
25;91C4 series;Dress cover change;A340-200 (MSN 038, 043);SICMA AERO SEAT;Modification;;;
25;9133 SERIES;SEAT MODIFICATION;"AIR INDIA on
A310-300";EMIRATES passenger seat;Modification;;;
25;91C2 SERIES;Dress cover change;Air Tahiti Airlines, A340-200 (MSN 031);SKII seats;Modification;;;
25;9139 series;Video monitor removal;A310-100 MSN 573;Emirates seats;Modification;;;
25;9027 series;Central Spreader Modification;/;SICMA seat;Modification;;;
25;9038 series;Central Spreader Modification;/;SICMA seat;Modification;;;
25;9040 series;Central Spreader Modification;/;SICMA seat;Modification;;;
25;9042 series;Central Spreader Modification;/;SICMA seat;Modification;;;
25;9044 series;Central Spreader Modification;/;SICMA seat;Modification;;;
25;9045 series;Central Spreader Modification;/;SICMA AERO SEAT;Modification;;;
25;9049 series;Central Spreader Modification;/;SICMA seat;Modification;;;
25;9051 series;Central Spreader Modification;/;SICMA seat;Modification;;;
25;9202 series;Central Spreader Modification;/;SICMA AERO SEAT;Modification;;;
25;9206 series;Central Spreader Modification;ATR72;SICMA AERO SEAT;Modification;;;
25;9209 series;Central Spreader Modification;ATR72;SICMA AERO SEAT;Modification;;;
25;9210 series;Central Spreader Modification;ATR72;SICMA AERO SEAT;Modification;;;
25;9211 series;Central Spreader Modification;ATR42;SICMA AERO SEAT;Modification;;;
25;9213 series;Central Spreader Modification;/;SICMA seat;Modification;;;
25;9215 series;Central Spreader Modification;/;SICMA seat;Modification;;;
25;9216 series;Central Spreader Modification;/;SICMA seat;Modification;;;
25;94XX SERIES;CENTRAL SPREADER REPAIR SOLUTION;/;STD seat;Modification;;;
25;9401 series;CENTRAL SPREADER REPAIR SOLUTION;/;STD seat;Modification;;;
25;9402 series;CENTRAL SPREADER REPAIR SOLUTION;/;STD seat;Modification;;;
25;9404 series;CENTRAL SPREADER REPAIR SOLUTION;/;STD seat;Modification;;;
25;9405 series;CENTRAL SPREADER REPAIR SOLUTION;/;STD seat;Modification;;;
25;9406 series;CENTRAL SPREADER REPAIR SOLUTION;/;STD seat;Modification;;;
25;9407 series;CENTRAL SPREADER REPAIR SOLUTION;/;STD seat;Modification;;;
25;9408 series;CENTRAL SPREADER REPAIR SOLUTION;/;STD seat;Modification;;;
25;9401 SERIES;LATERAL AND CENTRAL SPREADERS REPLACEMENT;/;SICMA AERO SEAT;Modification;;;
25;9402 SERIES;LATERAL AND CENTRAL SPREADERS REPLACEMENT;/;SICMA AERO SEAT;Modification;;;
25;9404 SERIES;LATERAL AND CENTRAL SPREADERS REPLACEMENT;/;SICMA AERO SEAT;Modification;;;
25;9405 SERIES;LATERAL AND CENTRAL SPREADERS REPLACEMENT;/;SICMA AERO SEAT;Modification;;;
25;9406 SERIES;LATERAL AND CENTRAL SPREADERS REPLACEMENT;/;SICMA AERO SEAT;Modification;;;
25;9407 SERIES;LATERAL AND CENTRAL SPREADERS REPLACEMENT;/;SICMA AERO SEAT;Modification;;;
25;9408 SERIES;LATERAL AND CENTRAL SPREADERS REPLACEMENT;/;SICMA AERO SEAT;Modification;;;
25;9409 SERIES;LATERAL AND CENTRAL SPREADERS REPLACEMENT;/;SICMA AERO SEAT;Modification;;;
25;9401 SERIES;LATERAL AND CENTRAL SPREADERS CHECKING PROCEDURES;/;SICMA AERO SEAT;Modification;;;
25;9402 SERIES;LATERAL AND CENTRAL SPREADERS CHECKING PROCEDURES;/;SICMA AERO SEAT;Modification;;;
25;9404 SERIES;LATERAL AND CENTRAL SPREADERS CHECKING PROCEDURES;/;SICMA AERO SEAT;Modification;;;
25;9405 SERIES;LATERAL AND CENTRAL SPREADERS CHECKING PROCEDURES;/;SICMA AERO SEAT;Modification;;;
25;9406 SERIES;LATERAL AND CENTRAL SPREADERS CHECKING PROCEDURES;/;SICMA AERO SEAT;Modification;;;
25;9407 SERIES;LATERAL AND CENTRAL SPREADERS CHECKING PROCEDURES;/;SICMA AERO SEAT;Modification;;;
25;9408 SERIES;LATERAL AND CENTRAL SPREADERS CHECKING PROCEDURES;/;SICMA AERO SEAT;Modification;;;
25;9409 SERIES;LATERAL AND CENTRAL SPREADERS CHECKING PROCEDURES;/;SICMA AERO SEAT;Modification;;;
25;9407 series;Placard replacement - seat PN replacement;/;SICMA AERO SEAT;Modification;;;
25;9407 series;SEAT BELT REPLACEMENT;MSN 666;SICMA AERO SEAT;Modification;;;
25;5036 series;Seat leg collars change PN 95-000100-008-0;Emirates Airlines;SICMA seat;Modification;;;
25;6573 series;Seat leg collars change PN 95-000100-008-0;Emirates Airlines;SICMA seat;Modification;;;
25;9184 series;Seat leg collars change PN 95-000100-008-0;Emirates Airlines;SICMA seat;Modification;;;
25;91A1 series;Seat leg collars change PN 95-000100-008-0;Ansett Airlines;SICMA seat;Modification;;;
25;9611 series;Seat leg collars change PN 95-000100-008-0;Air Mauritius;SICMA seat;Modification;;;
25;9612 series;Seat leg collars change PN 95-000100-008-0;Iacaa;SICMA seat;Modification;;;
25;5038 series;Seat leg collars change PN 95-000100-008-0;Air France;SICMA seat;Modification;;;
25;5044 series;Seat leg collars change PN 95-000100-008-0;Air France;SICMA seat;Modification;;;
25;9551 SERIES;IFE installation on seat;Nippon Airways B747-100;SICMA AERO SEAT;Modification;;;
25;9551 SERIES;Seat leg assy change;Nippon Airways B747-100;SICMA AERO SEAT;Modification;;;
25;9605 series;Handicapped armrest installation;"Mount Cook ATR72
MSN 453, 454, 458, 460, 463, 464, 465";SICMA AERO SEAT;Modification;;;
25;96XX SERIES;REDUCING BACKREST PLAY;/;SICMA AERO SEAT;Modification;;;
25;9801 series;IFE harness protection;"Air France A340-300
TAM A330-200";SICMA AERO SEAT;Modification;;;
25;9802 series;IFE harness protection;"Air France A340-300
TAM A330-200";SICMA AERO SEAT;Modification;;;
25;9801 series;Modification of the IFE harness installation;"Air France A340-300
TAM A330-200";SICMA AERO SEAT;Modification;;;
25;9802 series;Modification of the IFE harness installation;"Air France A340-300
TAM A330-200";SICMA AERO SEAT;Modification;;;
25;9801 series;Modification of the IFE harness installation;"Air France A340-300
TAM A330-200";SICMA AERO SEAT;Modification;;;
25;9802 series;Modification of the IFE harness installation;"Air France A340-300
TAM A330-200";SICMA AERO SEAT;Modification;;;
25;9529 series;Ashtray attachment improvment;Sabena Airlines A319/320/321;SICMA AERO SEAT;Modification;;;
25;9918 series;Ashtray attachment improvment;Sabena Airlines A319/320/321;SICMA AERO SEAT;Modification;;;
25;9918 series;Cable guard installation improvment;Sabena Airlines A319/320/321;SICMA AERO SEAT;Modification;;;
25;9646 series;PASSENGER SEATS;ATR72;SICMA AERO SEAT;Inspection - Repair;;;
25;13404226G76;Seat conversion;Binter Canarias Airlines ATR72 (A/C 489);SICMA AERO SEAT;Modification;;;
25;1340422G96;Seat conversion;Tarom ATR42 (A/C 566 & 569);SICMA AERO SEAT;Modification;;;
25;1340422G;Seat conversion;Air Inter Gabon ATR42 (A/C 377);SICMA AERO SEAT;Modification;;;
25;1340422-5;Seat conversion;EUROLOT MSN 080;SICMA AERO SEAT;Modification;;;
25;1340422GXXX;Insert installation;/;SICMA AERO SEAT;Modification;;;
25;1340422676 (SN 222);Dress cover change - seat conversion;ARKIA MSN 577;SICMA AERO SEAT;Modification;;;
25;1340422G106;Dress cover change - seat conversion;"ARKIA ISRELI Airlines
MSN 577, 523 & 525";SICMA AERO SEAT;Modification;;;
25;1380423-76 (SN 270);Seat conversion;ARKIA ATR72 MSN 577;SICMA AERO SEAT;Modification;;;
25;1380423-XXX;Harness assembly change;ATR42/72;SICMA;Modification;;;
25;1380823;SEAT DRESS COVER CHANGE;"AMERICA AIRLINES
ATR42, ATR42-500 & ATR72";SICMA AERO SEAT;Modification;;;
25;1380423-xxx;"HARNESS ASSEMBLY REPLACE
BACKREST FOAM AND COVER MODIFICATION";ATR42/72;SICMA;Modification;;;
25;FN(XX)(XX)(XX)(X)S(X)(XXXX);Installation of 2 protection plates on the seat structure;/;SICMA;Modification;;;
25;FN(XX)(XX)(XX)(X)(X)(X)(XXXX);Installation of 2 protection plates on the seat structure;/;SICMA AERO SEAT;Modification;;;
25;WN 5XX)(XX)(XX)(X)S(X)(XXXX);Installation of 2 protection plates on the seat structure;/;SICMA AERO SEAT;Modification;;;
25;RL(XX)(XX)(XX)(X)S(X)(XXXX);SPRING CHANGE;/;SICMA AERO SEAT;Modification;;;
25-20;50006 series;Seat covers & cushions replacement;A310-325;/;Modification;;;
25;1402 serie;Majesty B/C seats modification;A340 MSN 197 & MSN 378;SICMA;Modification;;;
25;CD931-252160-01;Installation of magnets on the decompression flap and the structure cover;A319MSN3243ALF;/;Modification;;;
25;CD931-252161-01;Installation of magnets on the decompression flap and the structure cover;A319MSN3243ALF;/;Modification;;;
25-20;8440 series;Cabin refurbishing A310-300 PIA;A310-324 MSN 678, 676, 682, 686;/;Modification;;;
25;/;Introduction of new seat foams and leather dress covers;A321 MSN1972;/;Modification;;;
25;118352;EQUIPMENT/FURNISHINGS - PASSENGER SEATS - DRESS COVERS AND CUSHION ASSYS;GATX/AIR LUXOR A320---200;Weber Aircraft LP;Modification;;;
25;118353;EQUIPMENT/FURNISHINGS - PASSENGER SEATS - DRESS COVERS AND CUSHION ASSYS;GATX/AIR LUXOR A320---200;Weber Aircraft LP;Modification;;;
25;1183 SERIES;EQUIPMENT/FURNISHINGS - PASSENGER SEATS -COVERCHANGE / SEB / BLANK OFFPLATES;GATX/LOTUS AIR AI---1000I;Weber Aircraft LP;Modification;;;
25;5150 series;EQUIPMENT/FURNISHINGS --- PASSENGER SEATS --- GTE AIRFONER INSTALLATION;Delta Air Lines (DAL) A310;/;Modification;;;
25;844042 series;EQUIPMENT/FURNISHINGS - PASSENGER SEATS - HEADSTRIKE MOD KIT;DAL airplanes;Weber Aircraft LP;Modification;;;
25;844040 series;EQUIPMENT/FURNISHINGS - PASSENGER SEATS - TRACK ADAPTOR MOD KIT;DAL airplanes;Weber Aircraft LP;Modification;;;
25;844036 SERIES;EQUIPMENT/FURNISHINGS - PASSENGER SEATS - MOD KIT B/C LEG;DAL airplanes;Weber Aircraft LP;Modification;;;
25;850574 series;EQUIPMENT/FURNISHINGS - PASSENGER SEATS - NAMEPLATE MODIFICATION;GATX 737;Weber Aircraft, Inc;Modification;;;
25;8505 series;EQUIPMENT/FURNISHINGS - PASSENGER SEATS - DRESS COVER CHANGE;EXCEL airplanes;Weber Aircraft LP;Modification;;;
25;842483 series;EQUIPMENT/FURNISHINGS - PASSENGER SEATS - MOD---KIT;AFA A310;Weber Aircraft LP;Modification;;;
25;8494 SERIES;EQUIPMENT/FURNISHINGS - PASSENGER SEATS - MOD KIT DRESS COVERS;Eurofly (EUY) A320;Weber Aircraft LP;Modification;;;
25;861837 SERIES;EQUIPMENT/FURNISHINGS - PASSENGER SEATS -BOTTOMDIAPHRAGMS& LIFEVEST POUCH;Volare (VLE) A320---200;Weber Aircraft LP;Modification;;;
25;10xx;AFT TRACK FITTING MODIFICATION;/;SICMA AERO SEAT;Modification;;;
25;11xx;AFT TRACK FITTING MODIFICATION;/;SICMA AERO SEAT;Modification;;;
25;12xx;AFT TRACK FITTING MODIFICATION;/;SICMA AERO SEAT;Modification;;;
25;14xx;AFT TRACK FITTING MODIFICATION;/;SICMA AERO SEAT;Modification;;;
25; 15xx;AFT TRACK FITTING MODIFICATION;/;SICMA AERO SEAT;Modification;;;
25; 17xx;AFT TRACK FITTING MODIFICATION;/;SICMA AERO SEAT;Modification;;;
25;23xx;AFT TRACK FITTING MODIFICATION;/;SICMA AERO SEAT;Modification;;;
25;50xx;AFT TRACK FITTING MODIFICATION;/;SICMA AERO SEAT;Modification;;;
25;58xx;AFT TRACK FITTING MODIFICATION;/;SICMA AERO SEAT;Modification;;;
25;65xx;AFT TRACK FITTING MODIFICATION;/;SICMA AERO SEAT;Modification;;;
25;91xx series;AFT TRACK FITTING MODIFICATION;/;SICMA AERO SEAT;Modification;;;
25;95xx;AFT TRACK FITTING MODIFICATION;/;SICMA AERO SEAT;Modification;;;
25;9Axx;AFT TRACK FITTING MODIFICATION;/;SICMA AERO SEAT;Modification;;;
25;9Bxx;AFT TRACK FITTING MODIFICATION;/;SICMA AERO SEAT;Modification;;;
25;10xx;AFT TRACK FITTING SCREW CHANGE;/;SICMA AERO SEAT;Modification;;;
25;11xx;AFT TRACK FITTING SCREW CHANGE;/;SICMA AERO SEAT;Modification;;;
25;12xx;AFT TRACK FITTING SCREW CHANGE;/;SICMA AERO SEAT;Modification;;;
25;14xx;AFT TRACK FITTING SCREW CHANGE;/;SICMA AERO SEAT;Modification;;;
25; 15xx;AFT TRACK FITTING SCREW CHANGE;/;SICMA AERO SEAT;Modification;;;
25; 17xx;AFT TRACK FITTING SCREW CHANGE;/;SICMA AERO SEAT;Modification;;;
25;23xx;AFT TRACK FITTING SCREW CHANGE;/;SICMA AERO SEAT;Modification;;;
25;50xx;AFT TRACK FITTING SCREW CHANGE;/;SICMA AERO SEAT;Modification;;;
25;58xx;AFT TRACK FITTING SCREW CHANGE;/;SICMA AERO SEAT;Modification;;;
25;65xx;AFT TRACK FITTING SCREW CHANGE;/;SICMA AERO SEAT;Modification;;;
25;91xx series;AFT TRACK FITTING SCREW CHANGE;/;SICMA AERO SEAT;Modification;;;
25;95xx;AFT TRACK FITTING SCREW CHANGE;/;SICMA AERO SEAT;Modification;;;
25;9Axx;AFT TRACK FITTING SCREW CHANGE;/;SICMA AERO SEAT;Modification;;;
25;9Bxx;AFT TRACK FITTING SCREW CHANGE;/;SICMA AERO SEAT;Modification;;;
25;5834 SERIES;Reinforcement of the upper fairing;A319, 320, 321;SICMA AERO SEAT;Modification;;;
25;91B7 series;BACKREST LINK CHANGE;/;SICMA AERO SEAT;Modification;;;
25; 91B8 series;BACKREST LINK CHANGE;/;SICMA AERO SEAT;Modification;;;
25;91C5 series;BACKREST LINK CHANGE;/;SICMA AERO SEAT;Modification;;;
25;91xx series;PROCEDURE DE REPARATION DES KICK PANELS;/;SICMA AERO SEAT;Modification;;;
25;9174 SERIES;UPHOLSTERY AND FOOTREST CARPET REPLACEMENT;AIR MAURITIUS A340/A300;SICMA AERO SEAT;Modification;;;
25;91xx series;SECURISATION DES AXES SUPPORTS D?ASSISES;/;SICMA AERO SEAT;Modification;;;
25;7171 SERIES;PHONE KIT DESINSTALLATION;Air France B737, A319, A320/A321;SICMA AERO SEAT;Modification;;;
25;7172 SERIES;PHONE KIT DESINSTALLATION;Air France B737, A319, A320/A321;SICMA AERO SEAT;Modification;;;
25;9108 SERIES;PHONE KIT DESINSTALLATION;Air France B737, A319, A320/A321;SICMA AERO SEAT;Modification;;;
25;9179 SERIES;PHONE KIT DESINSTALLATION;Air France B737, A319, A320/A321;SICMA AERO SEAT;Modification;;;
25;91A8 SERIES;PHONE KIT DESINSTALLATION;Air France B737, A319, A320/A321;SICMA AERO SEAT;Modification;;;
25;9303 SERIES;PHONE KIT DESINSTALLATION;Air France B737, A319, A320/A321;SICMA AERO SEAT;Modification;;;
25;9304 SERIES;PHONE KIT DESINSTALLATION;Air France B737, A319, A320/A321;SICMA AERO SEAT;Modification;;;
25;9318 SERIES;PHONE KIT DESINSTALLATION;Air France B737, A319, A320/A321;SICMA AERO SEAT;Modification;;;
25;9A01 SERIES;PHONE KIT DESINSTALLATION;Air France B737, A319, A320/A321;SICMA AERO SEAT;Modification;;;
25;9A02 SERIES;PHONE KIT DESINSTALLATION;Air France B737, A319, A320/A321;SICMA AERO SEAT;Modification;;;
25;9B01 SERIES;PHONE KIT DESINSTALLATION;Air France B737, A319, A320/A321;SICMA AERO SEAT;Modification;;;
25;9B02 SERIES;PHONE KIT DESINSTALLATION;Air France B737, A319, A320/A321;SICMA AERO SEAT;Modification;;;
25;7171 SERIES;REMPLACEMENT DE LA CEINTURE DE SECURITE;Air France;SICMA AERO SEAT;Modification;;;
25;7172 SERIES;REMPLACEMENT DE LA CEINTURE DE SECURITE;Air France;SICMA AERO SEAT;Modification;;;
25;9108 SERIES;REMPLACEMENT DE LA CEINTURE DE SECURITE;Air France;SICMA AERO SEAT;Modification;;;
25;9179 SERIES;REMPLACEMENT DE LA CEINTURE DE SECURITE;Air France;SICMA AERO SEAT;Modification;;;
25;91A8 SERIES;REMPLACEMENT DE LA CEINTURE DE SECURITE;Air France;SICMA AERO SEAT;Modification;;;
25;9303 SERIES;REMPLACEMENT DE LA CEINTURE DE SECURITE;Air France;SICMA AERO SEAT;Modification;;;
25;9304 SERIES;REMPLACEMENT DE LA CEINTURE DE SECURITE;Air France;SICMA AERO SEAT;Modification;;;
25;9318 SERIES;REMPLACEMENT DE LA CEINTURE DE SECURITE;Air France;SICMA AERO SEAT;Modification;;;
25;9A01 SERIES;REMPLACEMENT DE LA CEINTURE DE SECURITE;Air France;SICMA AERO SEAT;Modification;;;
25;9A02 SERIES;REMPLACEMENT DE LA CEINTURE DE SECURITE;Air France;SICMA AERO SEAT;Modification;;;
25;9B01 SERIES;REMPLACEMENT DE LA CEINTURE DE SECURITE;Air France;SICMA AERO SEAT;Modification;;;
25;9B02 SERIES;REMPLACEMENT DE LA CEINTURE DE SECURITE;Air France;SICMA AERO SEAT;Modification;;;
25;91xx series;PROCEDURE DE REPARATION DES CAPOTS D'ACCOUDOIRS;/;SICMA AERO SEAT;Modification;;;
25;93xx series;PROCEDURE DE REPARATION DES CAPOTS D'ACCOUDOIRS;/;SICMA AERO SEAT;Modification;;;
57;S5741004201100;Leading edge assy;ATR42;ATR;Repair;;;
57;S5741004201100;Leading edge assy;ATR42;ATR;Repair;;;
30;S5741004201100;Leading edge assy;ATR42;ATR;Repair;;;
25;2510132 serie;Cabin Attendant Seat;ATR MSN 107;SOCEA;Inspection - Repair;;;
25;F-AM-FAB-CA0057;"RH TABLE and SIDELEDGE AFT LOUNGE
WP4246";A319 MSN 4024/4679 METROPOLE;PMVI;Repair;;;
25;F-AM-FAB-CA0053;"AFT LOUNGE LOW STOWAGE AND ENCLOSURE
WP4365";A319 MSN 4024/4679 METROPOLE;PMVI;Repair;;;
30;S5517200000700;Leading edge assy;ATR72;ATR;Repair;;;
30;S5537220000600;Leading edge assy;ATR42;ATR;Repair;;;
25;1006830 series;PASSENGER SEATS;GB/BRITISH AIRWAYS A320;BE Aerospace;Inspection - Repair;;;
25;87488 series;INNOVATOR II PASSENGER SEATS;"AMERICA WEST
A319/A320 AIRCRAFT";BE Aerospace;Inspection - Repair;;;
25;87489 series;INNOVATOR II PASSENGER SEATS;"AMERICA WEST
A319/A320 AIRCRAFT";BE Aerospace;Inspection - Repair;;;
57;S5741004601800;Leading edge assy;ATR42;ATR;Repair;;;
25;D2557153000200;Pannel assy - Decompression;A319/A320;AIRBUS;Repair;;;
57;~;Hinge;ATR42-300;ATR;Modification;;;
57;~;Wings;ATR42;ATR;Modification;;;
25;S2728118500402;Cover assy;ATR72;ATR;Repair;;;
57;S5741004201400;Leading edge assy;ATR42;ATR;Repair;;;
57;S5741004201400;Leading edge assy;ATR42;ATR;Repair;;;
53;S5307150700000;Floor Panel;ATR;ATR;Repair;;;
25;S2728118500400;Cover rudder pedal;ATR72;ATR;Repair;;;
25;DN series;Double-Bench seats;A319-A320-A321;SICMA AERO SEAT;Repair;;;
25;912 series;PASSENGER SEAT;B777?300 AIRCRAFT;RECARO;Repair;;;
25;677 series;PASSENGER SEAT;B777?300 AIRCRAFT;RECARO;Repair;;;
25;AMDT1 series;Seat furniture;/;/;Repair;;;
25;FJEV series;Evolys seat;/;/;Repair;;;
25;3008 series;Triple seats;"TAAG ANGOLA AIRLINES
B737-700";SICMA AERO SEAT;Repair;;;
25;5842 series;Double seats;B737-700;SICMA AERO SEAT;Repair;;;
25;FFCL;FIRST CLASS SEAT;/;/;Repair;;;
25;SVL6022;GALLEY;/;/;Repair;;;
25;SVL6023;STOWAGE COMPARTMENT;/;/;Repair;;;
25;S7618075000400;Stowage;ATR;ATR;Repair;;;
25;3506-SERIES;Double, triple & quadruple seats;"ANGOLA
B777-200";SICMA AERO SEAT;Repair;;;
25;WA;Cabin Attendant Seat;/;SICMA AERO SEAT (ZODIAC);Inspection - Repair;;;
25;2330 series;Triple seats;"AFRIQIYAH AIRWAYS
A319-100 & A320-200";SICMA AERO SEAT;Inspection - Repair;;;
25;5845 series;Double seats;"AFRIQIYA Airways
A319/A320";SICMA AERO SEAT;Inspection - Repair;;;
25;FA;Cabin Attendant Seat;/;SICMA AERO SEAT (ZODIAC);Inspection - Repair;;;
25;D25271133009009;Window panel;A321;AIRBUS;Repair;;;
25;RL;Cabin attendant seat;"A318, A319, A320,
A321";SICMA AERO SEAT (ZODIAC);Inspection - Repair;;;
30;S5741200600500;Leading edge assy;ATR72;ATR;Repair;;;
57;S5741200600500;Leading edge assy;ATR72;ATR;Repair;;;
57;S5741200600500;Leading edge assy;ATR72;ATR;Repair;;;
30;S5741212100810;Leading edge assy;ATR72;ATR;Repair;;;
57;S5741212100810;Leading edge assy;ATR72;ATR;Repair;;;
57;S5741212100810;Leading edge assy;ATR72;ATR;Repair;;;
25;CD936-252152-10 & -20 ;SINGLE SEAT;A319 MSN 4319 OPTIMA;PMVI;Repair;;;
25;CD936-252153-10 & -20 ;SINGLE SEAT;A319 MSN 4319 OPTIMA;PMVI;Repair;;;
25;CD936-252154-10 & -20 ;SINGLE SEAT;A319 MSN 4319 OPTIMA;PMVI;Repair;;;
25;CD936-252155-10 & -20 ;SINGLE SEAT;A319 MSN 4319 OPTIMA;PMVI;Repair;;;
25;CD936-252156-10 & -20 ;SINGLE SEAT;A319 MSN 4319 OPTIMA;PMVI;Repair;;;
25;CD936-252157-10 & -20;SINGLE SEAT;A319 MSN 4319 OPTIMA;PMVI;Repair;;;
25;CD936-252158-10 & -20 ;SINGLE SEAT;A319 MSN 4319 OPTIMA;PMVI;Repair;;;
25;CD936-252159-10 & -20 ;SINGLE SEAT;A319 MSN 4319 OPTIMA;PMVI;Repair;;;
25;CD936-252160-10 & -20 ;SINGLE SEAT;A319 MSN 4319 OPTIMA;PMVI;Repair;;;
25;CD936-252161-10 & -20;SINGLE SEAT;A319 MSN 4319 OPTIMA;PMVI;Repair;;;
25;CD936-252170-10 & -20;SOFA;A319 MSN 4319 OPTIMA;PMVI;Repair;;;
25;CD936-252171-10 & -20 ;SOFA;A319 MSN 4319 OPTIMA;PMVI;Repair;;;
25;CD936-252172-10 & -20;SOFA;A319 MSN 4319 OPTIMA;PMVI;Repair;;;
30;S5741504600195;Leading edge assy;ATR42;ATR;Repair;;;
57;S5741504600195;Leading edge assy;ATR42;ATR;Repair;;;
57;S5741504600195;Leading edge assy;ATR42;ATR;Repair;;;
55;S5517200000751;Leading edge assy;ATR72;ATR;Repair;;;
30;S5411265600200;Duct Assy;ATR72;ATR;Repair;;;
25;D2557153600000;Decomp. & Lining panels;A319/A320;AIRBUS;Repair;;;
30;S0041040200000;Leading edge assy;ATR72;ATR;Repair;;;
25;S2511065900700;Panel assy;ATR;ATR;Inspection - Repair;;;
25;S2511066100800;Panel assy;ATR;ATR;Inspection - Repair;;;
25;CD936-252153-01;DINING SEATS UPHOLSTERY;A319 MSN 4319 OPTIMA;PMVI;Modification;;;
25;CD936-252156-01;DINING SEATS UPHOLSTERY;A319 MSN 4319 OPTIMA;PMVI;Modification;;;
25;CD936-252157-01;DINING SEATS UPHOLSTERY;A319 MSN 4319 OPTIMA;PMVI;Modification;;;
25;CD936-252152-01;DINING SEATS UPHOLSTERY;A319 MSN 4319 OPTIMA;PMVI;Modification;;;
25;CD936-252154-01;DINING SEATS UPHOLSTERY;A319 MSN 4319 OPTIMA;PMVI;Modification;;;
25;CD936-252155-01;DINING SEATS UPHOLSTERY;A319 MSN 4319 OPTIMA;PMVI;Modification;;;
25;985-SQ101 Series;PASSENGER SEATS;B747-400;BE Aerospace;Inspection - Repair;;;
25;16YB( )( )( )( )( )QQ;PASSENGER SEATS;B747-400;AVIOINTERIORS;Inspection - Repair;;;
25;16ZB( )-( )( )( )( )QQ;PASSENGER SEATS;B747-400;AVIOINTERIORS;Inspection - Repair;;;
25;DD2003202;CONFERENCE DIVIDER (RH);A320-200 MSN 2165 NAS;SIMAIR;Inspection - Repair;;;
25;96000652;DIVAN;A320-200 MSN 2165 NAS;DECRANE;Inspection - Repair;;;
25;2523.103.01-52;DIVAN;A320-200 MSN 2165 NAS;BE Aerospace;Inspection - Repair;;;
25;2523.521.01-02;DIVAN;A320-200 MSN 2165 NAS;BE Aerospace;Inspection - Repair;;;
25;CAT 00320500000;DIVAN 3 SEATS STOWAGE;A320-200 MSN 2165 NAS;CATHERINEAU;Inspection - Repair;;;
25;CD936-252170-01;ENTOURAGE DIVAN UPHOLSTERY;A319 MSN 4319 OPTIMA;PMVI;Modification;;;
25;CD936-252158-01;FOOTBALL LOUNGE SEATS UPHOLSTERY;A319 MSN 4319 OPTIMA;PMVI;Modification;;;
25;CD936-252159-01;FOOTBALL LOUNGE SEATS UPHOLSTERY;A319 MSN 4319 OPTIMA;PMVI;Modification;;;
25;CD936-252160-01;FOOTBALL LOUNGE SEATS UPHOLSTERY;A319 MSN 4319 OPTIMA;PMVI;Modification;;;
25;CD936-252161-01;FOOTBALL LOUNGE SEATS UPHOLSTERY;A319 MSN 4319 OPTIMA;PMVI;Modification;;;
25;CD936-252172-01;DIVANS UPHOLSTERY;A319 MSN 4319 OPTIMA;PMVI;Modification;;;
25;101-590020-159;PILOT AND COPILOT SEATS;SUPER KING AIR B200;BEECH CRAFT;Inspection - Repair;;;
25;101-590020-159;PASSENGER SEATS;SUPER KING AIR B200;BEECH CRAFT;Inspection - Repair;;;
25;549 series;PASSENGER SEAT;A320-200;RECARO;Inspection - Repair;;;
25;409 series;PASSENGER SEAT;A320-200;RECARO;Inspection - Repair;;;
25;2523.522.01-01/05;DIVAN;A320-200 MSN 2165 NAS;BE Aerospace;Inspection - Repair;;;
25;503145-17 THRU -40;SINGLE SEAT;;GOODRICH;Inspection - Repair;;;
25;503097-59 THRU -62, -69 THRU -80;DOUBLE SEAT;;GOODRICH;Inspection - Repair;;;
25;CD936-252150-01;ENTOURAGE SEATS UPHOLSTERY;A319 MSN 4319 OPTIMA;PMVI;Modification;;;
25;CD936-252151-01;ENTOURAGE SEATS UPHOLSTERY;A319 MSN 4319 OPTIMA;PMVI;Modification;;;
30;S5741208000400;Leading edge assy;ATR72;ATR;Repair;;;
57;S5741208000400;Leading edge assy;ATR72;ATR;Repair;;;
25;9407 Series;LABEL AND SEATS BELT REPLACEMENT;ATR72;SICMA AERO SEAT;Modification;;;
25;F-SG-FAB-PV0218;STOOL;A319 MSN 4470 2A;PMVI;Repair;;;
25;23-00X1XX-90X-0;PASSENGER SEAT ASSEMBLIES;/;SICMA AERO SEAT;Modification;;;
25;3 MNF 000(XXXX);ULTRA BUSINESS CLASS PASSENGER SUITES;A330-A340 AIRCRAFT;BE Aerospace;Inspection - Repair;;;
25;3 CNF 100 (XXXX);ULTRA BUSINESS CLASS PASSENGER SUITES;A330-A340 AIRCRAFT;BE Aerospace;Inspection - Repair;;;
25;3 PNF 000 (XXXX);ULTRA BUSINESS CLASS PASSENGER SUITES;A330-A340 AIRCRAFT;BE Aerospace;Inspection - Repair;;;
25;3AAF0245501;ULTRA BUSINESS CLASS PASSENGER SEATS;A330-A340 AIRCRAFT;BE Aerospace;Inspection - Repair;;;
25;3AAF0245503;ULTRA BUSINESS CLASS PASSENGER SEATS;A330-A340 AIRCRAFT;BE Aerospace;Inspection - Repair;;;
25;3AAF0245505;ULTRA BUSINESS CLASS PASSENGER SEATS;A330-A340 AIRCRAFT;BE Aerospace;Inspection - Repair;;;
25;CD939-252171-20;SOFA WP4171;A319 MSN 4024/4679 METROPOLE;PMVI;Inspection - Repair;;;
25;CD939-252171-20;SOFA WP4171;A319 MSN 4679;PMVI;Inspection - Repair;;;
25;CD939-25215(x)-20 &-30 Series;DOUBLE SEAT;A319 MSN 4024/4679 METROPOLE;PMVI;Inspection - Repair;;;
25;CD939-25215(x)-20 &-30 Series;DOUBLE SEAT;A319 MSN 4679;PMVI;Inspection - Repair;;;
25;S37213-001-(XXX) Series;BUSINESS CLASS DOUBLE SEAT PASSENGER ASSEMBLIES;A330-200;CONTOUR;Inspection - Repair;;;
25;603150-(XX)P(X)E Series;SINGLE EXECUTIVE CABIN SEATS MODEL 6004;/;GOODRICH;Inspection - Repair;;;
25;CD939-2521(XX)-20 & -30 Series;SINGLE SEAT UPHOLSTERY;A319 MSN 4024/4679 METROPOLE;PMVI;Repair;;;
25;D254 90309 116 00;LAVATORY;A319 MSN 4470 2A;PMVE;Inspection - Repair;;;
25;3ANF11070XX Series;PASSENGER SEATS;A330 AIRCRAFT;BE Aerospace;Inspection - Repair;;;
25;3PAP0063501;PASSENGER SEATS;A330 AIRCRAFT;BE Aerospace;Inspection - Repair;;;
30;S5741504600000;Leading edge assy;ATR42;ATR;Inspection - Repair;;;
57;S5741504600000;Leading edge assy;ATR42;ATR;Repair;;;
57;S5741504600000;Leading edge assy;ATR42;ATR;Repair;;;
25;S7618075001000;Stowage;ATR;ATR;Inspection - Repair;;;
25;S2511016200600;Panel assy;ATR;ATR;Inspection - Repair;;;
25;S2511501800600;Panel assy;ATR;ATR;Inspection - Repair;;;
25;41042021-(XXX) serie;SINGLE PASSENGER SEAT ASSEMBLIES;/;4/FLIGHT industries;Inspection - Repair;;;
25;41032021-(XXX) serie;DOUBLE PASSENGER SEAT ASSEMBLIES;/;4/FLIGHT industries;Inspection - Repair;;;
25;41082021-(XXX) serie;FRONT ROW SINGLE SEAT ASSEMBLY;/;4/FLIGHT industries;Inspection - Repair;;;
25;41072021-(XXX) serie;FRONT ROW DOUBLE SEAT ASSEMBLY;/;4/FLIGHT industries;Inspection - Repair;;;
25;718XXXXX-XXX serie;DOUBLE SEAT ASSEMBLY;/;C&D ZODIAC;Inspection - Repair;;;
25;724XXXXX-XXX serie;SINGLE SEAT ASSEMBLY;/;C&D ZODIAC;Inspection - Repair;;;
30;S5741003800795;Air Intake leading edge assy;ATR42;ATR;Inspection - Repair;;;
57;S5741003800795;Air Intake leading edge assy;ATR42;ATR;Repair;;;
57;S5741003800795;Air Intake leading edge assy;ATR42;ATR;Repair;;;
25;133J6 - 133Z6 serie;PASSENGER SEATS;ATR72 & 42;AVIOINTERIORS;Inspection - Repair;;;
25;3AMF122200xxxxx serie;PASSENGER SEATS;A319;BE Aerospace;Inspection - Repair;;;
25;D2557153000000;Pannel assy - Decompression;A319;AIRBUS;Repair;;;
25;3010;Passenger seats;A320;SICMA AERO SEAT;Repair;;;
25;9415 serie;Passenger seats;ATR72;SICMA AERO SEAT;Inspection - Repair;;;
25;CD939-252162-01;SINGLE SEAT WP4162;A319 MSN 4024&4679 METROPOLE 1&2;PMVI;Modification;;;
25;F-AM-FAB-CA0053;Aft Lounge LH Low Stowage And Enclosure WP4365;A319 MSN 4024&4679 METROPOLE 1&2;PMVI;Modification;;;
25;F-AM-FAB-CA0057;Rh Table and sideledge WP4246;A319 MSN 4024&4679 METROPOLE 1&2;PMVI;Modification;;;
25;D25271029038009;Window panel;A320;AIRBUS;Repair;;;
25;D25271029039009;Window panel;A320;AIRBUS;Repair;;;
25;D25271014066009;Window panel;A320;AIRBUS;Repair;;;
25;D25271014067009;Window panel;A320;AIRBUS;Repair;;;
25;D25271049041009;Window panel;A320;AIRBUS;Repair;;;
25;D25271018040009;Window panel;A320;AIRBUS;Repair;;;
25;D25271018041009;Window panel;A320;AIRBUS;Repair;;;
25;D25271049040009;Window panel;A320;AIRBUS;Repair;;;
25;D25270531054009;LINING ASSY - DOOR FRAME;A320;AIRBUS;Repair;;;
25;D25270531055009;LINING ASSY - DOOR FRAME;A320;AIRBUS;Repair;;;
25;D25270529053009;LINING ASSY - DOOR FRAME;A320;AIRBUS;Repair;;;
25;D25270529052009;LINING ASSY - DOOR FRAME;A320;AIRBUS;Repair;;;
25;D25271058032009;Window panel;A320;AIRBUS;Repair;;;
25;D25271058033009;Window panel;A320;AIRBUS;Repair;;;
25;D25271022029009;Window panel;A320;AIRBUS;Repair;;;
25;D25271022028009;Window panel;A320;AIRBUS;Repair;;;
25;D25271059032009;Window panel;A320;AIRBUS;Repair;;;
25;D25271033015009;Window panel;A320;AIRBUS;Repair;;;
25;D25271033014009;Window panel;A320;AIRBUS;Repair;;;
30;S5741201600210;Leading edge assy;ATR72;ATR;Inspection - Repair;;;
57;S5741201600210;Leading edge assy;ATR72;ATR;Repair;;;
57;S5741201600210;Leading edge assy;ATR72;ATR;Repair;;;
30;S5741201600310;Leading edge assy;ATR72;ATR;Inspection - Repair;;;
57;S5741201600310;Leading edge assy;ATR72;ATR;Repair;;;
57;S5741201600310;Leading edge assy;ATR72;ATR;Repair;;;
25;CD939-252153-01;Double seat assy;A319 MSN 4024&4679 METROPOLE 1&2;PMVI;Modification;;;
25;CD939-252154-01;Double seat assy;A319 MSN 4024&4679 METROPOLE 1&2;PMVI;Modification;;;
25;916-13;Passenger double seat;ATR42 - ATR72;PTC Aerospace;Inspection - Repair;;;
25;"ES200 serie 
& ES 202 serie";Executive single seat model 5004 & 6004;/;DECRANE;Inspection - Repair;;;
25;925-BB113A series;Passenger seats;ATR42 - ATR72;PTC Aerospace;Inspection - Repair;;;
53;S5307030205800;Floor Panel;ATR72;ATR;Repair;;;
53;S5307030100000;Floor Panel;ATR72;ATR;Repair;;;
53;S5307030501400;Floor Panel;ATR72;ATR;Repair;;;
53;S5307030205400;Floor panel;ATR72;ATR;Repair;;;
53;S5307030504400;Floor panel;ATR72;ATR;Repair;;;
53;S5307032200400;Floor panel;ATR72;ATR;Inspection - Repair;;;
53;S5307150900400;Floor Panel;ATR;ATR;Repair;;;
53;S5307150301000;Floor panel;ATR;ATR;Repair;;;
53;S5307150901200;Floor Panel;ATR;ATR;Repair;;;
53;S5307150700000;Floor Panel;ATR72;ATR;Repair;;;
53;S5307150400800;Floor panel;ATR72;ATR;Repair;;;
53;S5307150502400;Floor Panel;ATR72;ATR;Repair;;;
53;S5307150202400;Floor Panel;ATR72;ATR;Repair;;;
53;S5307150300600;Floor panel;ATR;ATR;Repair;;;
53;S5307030402600;Floor Panel;ATR72;ATR;Repair;;;
25;CD939-252164-01;SINGLE SEAT WP4164;A319 MSN 4024&4679 METROPOLE 1&2;PMVI;Modification;;;
25;CD939-252165-01;SINGLE SEAT WP4165;A319 MSN 4024&4679 METROPOLE 1&2;PMVI;Modification;;;
25;ERC909X069-XX;GALLEY TYPE A0713J1100 NL; /;COMPOSITES AQUITAINE;Inspection - Repair;;;
38;14350-0xx;FLUSHING TOILET ASSEMBLY; /;MONOGRAM SYSTEMS;Inspection - Repair;;;
25;"AC40-02xxxxx
HA70-02140xx";UNDERFLOOR HOLD NET SET;A318/A319/A320/A321;BRIDPORT AVIATION;Inspection - Repair;;;
25;916-13A serie;Replacement of PL Porter Hydrolock & Cushion Assy-Headrest;ATR;PTC AEROSPACE;Modification;;;
25;"910 serie
916 serie";Lifevest Pouch Installation;ATR;PTC AEROSPACE;Modification;;;
25;ALL  B/E aircarft using composite backs;Repair procedure for composite back; /;B/E AEROSPACE;Modification;;;
25;"93341-ALL
123298-ALL
87330-ALL
123163-ALL
123154-ALL
87329-ALL";COMPOSITE BACK REPAIR; /;B/E AEROSPACE;Modification;;;
25;7910 serie;SICMA emergency exit seat improvements on ATR42;ATR42;SICMA AERO SEAT;Modification;;;
25;7304 serie;SICMA emergency exit seat improvements on ATR42;ATR42;SICMA AERO SEAT;Modification;;;
30;S0041045000100;Leading edge assy;ATR72;ATR;Inspection - Repair;;;
25;3510A377-XX-XXX;Passenger seats;A319, A320/A321;RECARO;Inspection - Repair;;;
25;ALL  PTC AEROSPACE SEATS;Repair procedure for composite benches; /;PTC AEROSPACE;Modification;;;
25;3A063-0035 Ö 0038;Crew seat pilot and co-pilot;ATR;IPECO;Inspection - Repair;;;
25;3A063-0079 et 0080;Crew seat pilot and co-pilot;ATR;IPECO;Inspection - Repair;;;
25;8729xxxx serie;Replacement of Armcaps, Dress Covers and Seat Belts. Removal of Footrests;A340-300;B/E AEROSPACE (BURNS AEROSPACE CORPORATION);Modification;;;
57;S5741004600600;Leading edge assy;ATR42;ATR;Inspection - Repair;;;
52;S5237600220800;LINING ASSY - CARGO DOOR ; /;ATR;Repair;;;
25;S2511065900800;PANEL COCKPIT UPPER; /;ATR;Repair;;;
25;S2541209800000;LINING ASSY; /;ATR;Repair;;;
25;70751 series;Modified Model B1000S Triple Seat Assemblies;A319-100;BRICE;Repair;;;
25;1010026 SERIE;SPECTRUM PASSENGER SEATS;A320;B/E AEROSPACE;Inspection - Repair;;;
25;1010025 SERIE;SPECTRUM CONVERTIBLE PASSENGER SEATS;A320;B/E AEROSPACE;Inspection - Repair;;;
25;88726 SERIE;MILLENIUM PASSENGER SEATS;A319;B/E AEROSPACE;Inspection - Repair;;;
25;1002984 series;Spectrum passenger seats;B737-600, B737-700, B737-800;BE Aerospace;Inspection - Repair;;;
25;1002913 series;Spectrum passenger seats;B737-800;BE Aerospace;Inspection - Repair;;;
25;D25271143064009;Window panel;A320;AIRBUS;Repair;;;
25;1002984-103;Spectrum IAT seats;B737-200;B/E AEROSPACE;Modification;;;
25;8565 serie;Passenger seats;A330-200;Weber Aircraft LP;Inspection - Repair;;;
25;2524.015.01;Series 200 track and swivel lws dbl seats ; /;Aircraft modular products;Inspection - Repair;;;
25;5000-(   );Track and swivel seats ; /;Aircraft modular products;Inspection - Repair;;;
30;S5411275900201;Air Intake leading edge assy;ATR72;ATR;Inspection - Repair;;;
54;S5411275900201;Air Intake leading edge assy;ATR72;ATR;Repair;;;
54;S5411275900201;Air Intake leading edge assy;ATR72;ATR;Repair;;;
53;S5307030100000;Floor Panel;ATR42;ATR;Repair;;;
53;S5307030302300;Floor Panel;ATR42;ATR;Repair;;;
53;S5307030400200;Floor Panel;ATR42;ATR;Repair;;;
53;S5307030202800;Floor Panel;ATR42;ATR;Repair;;;
53;S5307030403300;Floor Panel;ATR42;ATR;Repair;;;
53;S5307030204400;Floor panel;ATR;ATR;Repair;;;
25;1002984 series;Replace Quickloc on spectrum seats;B737-700;B/E AEROSPACE;Modification;;;
25;1003379 series;Replace Quickloc on spectrum seats;B737-800;B/E AEROSPACE;Modification;;;
25;1002913 series;Replace Quickloc on spectrum seats;B737-800;B/E AEROSPACE;Modification;;;
53;S5307030305600;Floor panel;ATR;ATR;Repair;;;
53;S5307032300400;Floor panel;ATR;ATR;Inspection - Repair;;;
53;S5307032300000;Floor panel;ATR;ATR;Inspection - Repair;;;
53;S5307032300600;Floor panel;ATR;ATR;Inspection - Repair;;;
53;S5307030305600;Floor panel;ATR;ATR;Inspection - Repair;;;
53;S5307032301000;Floor panel;ATR;ATR;Repair;;;
53;S5307030307600;Floor panel;ATR;ATR;Repair;;;
25;CD939-252161-01;WP4161 Dining AFT Single Seat Post-STC;A319 MSN 4024&4679 METROPOLE 1&2;PMVI;Modification;;;
25;CD939-252162-01;WP4162 Dining LH FWD Single Seat Post-STC;A319 MSN 4024&4679 METROPOLE 1&2;PMVI;Modification;;;
25;CD939-252163-01;WP4163 Dining RH FWD Single Seat Post-STC;A319 MSN 4024&4679 METROPOLE 1&2;PMVI;Modification;;;
25;CD939-252164-01;WP4164 Dining LH AFT Single Seat Post-STC;A319 MSN 4024&4679 METROPOLE 1&2;PMVI;Modification;;;
25;CD939-252165-01;WP4165 Dining RH AFT Single Seat Post-STC;A319 MSN 4024&4679 METROPOLE 1&2;PMVI;Modification;;;
25;65C31833-728;Sidewall panel;B737-800;BOEING;Modification;;;
25;1002913 series;Spectrum seats;B737-800;B/E AEROSPACE;Modification;;;
25;1002984 series;Spectrum seats;B737-800;B/E AEROSPACE;Modification;;;
25;653029XXXX serie;GALLEY TYPE A0111 NL BP;ATR;SIMAIR;Inspection - Repair;;;
57;S0041040200100;Leading edge assy;ATR72;ATR;Repair;;;
25;1011828 & 1011831 SERIE;SPECTRUM PASSENGER SEATS;A330-300 / A330-200;B/E AEROSPACE;Inspection - Repair;;;
53;S5307030202600;Floor Panel;ATR;ATR;Repair;;;
25;D2528972105700;Window panel;A320;AIRBUS;Repair;;;
25;D2528975905600;Window panel;A320;AIRBUS;Repair;;;
25;D2528375305700;Window panel;A320;AIRBUS;Repair;;;
25;D2528375402600;Window panel;A320;AIRBUS;Repair;;;
25;D2527113200100;Window panel;A320;AIRBUS;Repair;;;
25;D2528970009900;Window panel;A320;AIRBUS;Repair;;;
25;65E0 series;Double seats;A319;SICMA AERO SEAT;Inspection - Repair;;;
25;9108 series;Double & triple seats;A320;SICMA AERO SEAT;Inspection - Repair;;;
25;1004650 & 1004655 series;SPECTRUM PASSENGER SEATS;A321-200;B/E AEROSPACE;Inspection - Repair;;;
25;916 SERIES;Replacement of seat cushions and covers on ex-American Eagle fleet;ATR72;PTC Aerospace;Modification;;;
25;925 SERIES;Replacement of seat cushions and covers on ex-American Eagle fleet;ATR72;PTC Aerospace;Modification;;;
25;9055;Passenger double seat;ATR42-500;SICMA AERO SEAT;Inspection - Repair;;;
25;9606;Passenger double seat;ATR42-500;SICMA AERO SEAT;Inspection - Repair;;;
25;232U1451-126;Box Nav Chart RH;B747-400;BOEING;Modification;;;
25;232U1451-127;Box Nav Chart LH;B747-400;BOEING;Modification;;;
53;S5307030305048;Floor panel;ATR;ATR;Repair;;;
25;2112-301AF;"Single Wall Mounted Attendant Seat
Model 2112";Boeing;AMI AIRCRAFT SEATING SYSTEMS;Inspection - Repair;;;
25;2110- series;"Narrow Double Wall Mounted Attendant Seat
Model 2110";Boeing;GOODRICH;Inspection - Repair;;;
25;D25271146-032-009;Window panel;A319;AIRBUS;Repair;;;
25;D25271148-033-009;Window panel;A319;AIRBUS;Repair;;;
57;S5741212100195;Leading edge assy;ATR72;ATR;Repair;;;
57;S5741212100195;Leading edge assy;ATR72;ATR;Repair;;;
30;S5741212100700;Leading edge assy;ATR72;ATR;Inspection - Repair;;;
57;S5741212100700;Leading edge assy;ATR72;ATR;Repair;;;
57;S5741212100700;Leading edge assy;ATR72;ATR;Repair;;;
25;S2541012600200;Cover assy toilet;ATR;ATR;Inspection - Repair;;;
25;87836 series;Millenium passenger seats;B737;B/E AEROSPACE;Inspection - Repair;;;
30;S5741211400095;Leading edge assy;ATR72;ATR;Inspection - Repair;;;
57;S5741211400095;Leading edge assy;ATR72;ATR;Repair;;;
57;S5741211400095;Leading edge assy;ATR72;ATR;Repair;;;
25;87836 series;Millenium passenger seats;B737-800 MSN 27985, 27990, 27991;B/E AEROSPACE;Modification;;;
25;D25271143073009;Window panel;A319;AIRBUS;Repair;;;
25;9620 series;Passenger seats;ATR72;SICMA AERO SEAT;Inspection - Repair;;;
30;S5741212500810;Leading edge assy;ATR72;ATR;Inspection - Repair;;;
57;S5741212500810;Leading edge assy;ATR72;ATR;Repair;;;
57;S5741212500810;Leading edge assy;ATR72;ATR;Repair;;;
30;S5741212500910;Leading edge assy;ATR72;ATR;Inspection - Repair;;;
57;S5741212500910;Leading edge assy;ATR72;ATR;Repair;;;
57;S5741212500910;Leading edge assy;ATR72;ATR;Repair;;;
25;133 series;Third occupant seat;A320;SICMA AERO SEAT;Inspection - Repair;;;
25;7501210-04;Double seats;A300;SICMA AERO SEAT;Inspection - Repair;;;
25;7501200-05;Double seats;A300;SICMA AERO SEAT;Inspection - Repair;;;
25;7501212-09;Double seats;A300;SICMA AERO SEAT;Inspection - Repair;;;
25;7501202-10;Double seats;A300;SICMA AERO SEAT;Inspection - Repair;;;
25;750121-310-0500;Double seats;A300;SICMA AERO SEAT;Inspection - Repair;;;
25;750120-310-0500;Double seats;A300;SICMA AERO SEAT;Inspection - Repair;;;
25;7501310-01;Triple seats;A300;SICMA AERO SEAT;Inspection - Repair;;;
25;7501300-02;Triple seats;A300;SICMA AERO SEAT;Inspection - Repair;;;
25;7501340-03;Triple seats;A300;SICMA AERO SEAT;Inspection - Repair;;;
25;7501312-06;Triple seats;A300;SICMA AERO SEAT;Inspection - Repair;;;
25;7501302-07;Triple seats;A300;SICMA AERO SEAT;Inspection - Repair;;;
25;7501342-08;Triple seats;A300;SICMA AERO SEAT;Inspection - Repair;;;
25;750130-110-0500;Triple seats;A300;SICMA AERO SEAT;Inspection - Repair;;;
25;750134-110-0500;Triple seats;A300;SICMA AERO SEAT;Inspection - Repair;;;
25;7501310-16;Triple seats;A300;SICMA AERO SEAT;Inspection - Repair;;;
25;7501300-17;Triple seats;A300;SICMA AERO SEAT;Inspection - Repair;;;
25;7501310-20;Triple seats;A300;SICMA AERO SEAT;Inspection - Repair;;;
25;7501300-21;Triple seats;A300;SICMA AERO SEAT;Inspection - Repair;;;
25;2523.521.01-02;D2000 FWD FACING 1 PLACE DIVAN; /;B/E AEROSPACE;Inspection - Repair;;;
25;3510B387 SERIES;Passenger seats;A330-200 & A330-300;RECARO;Inspection - Repair;;;
25;6510B663 SERIES;Passenger seats;A330-200 & A330-300;RECARO;Inspection - Repair;;;
30;S5741212100710;Leading edge assy;ATR72;ATR;Inspection - Repair;;;
57;S5741212100710;Leading edge assy;ATR72;ATR;Repair;;;
57;S5741212100710;Leading edge assy;ATR72;ATR;Repair;;;
25;74A3 series;Passenger seats;ATR42-500;SICMA AERO SEAT;Inspection - Repair;;;
25;2523.500.01-69U;Divan;A319 MSN4822;B/E AEROSPACE;Modification;;;
25;2523.500.01-72U;Divan;A319 MSN4822;B/E AEROSPACE;Modification;;;
25;2523.514.01-35U;Divan;A319 MSN4822;B/E AEROSPACE;Modification;;;
25;2523.514.01-38U;Divan;A319 MSN4822;B/E AEROSPACE;Modification;;;
25;232U1451-126;Box Nav Chart RH;B747-400;BOEING;Modification;;;
25;232U1451-127;Box Nav Chart LH;B747-400;BOEING;Modification;;;
25;750120-310 series;Double seats; /;SICMA AERO SEAT;Inspection - Repair;;;
25;750121-310 series;Double seats; /;SICMA AERO SEAT;Inspection - Repair;;;
25;750130-110 series;Triple seats; /;SICMA AERO SEAT;Inspection - Repair;;;
25;750130-115 series;Triple seats; /;SICMA AERO SEAT;Inspection - Repair;;;
25;750130-116 series;Triple seats; /;SICMA AERO SEAT;Inspection - Repair;;;
25;750131-110 series;Triple seats; /;SICMA AERO SEAT;Inspection - Repair;;;
25;750131-115 series;Triple seats; /;SICMA AERO SEAT;Inspection - Repair;;;
25;750131-116 series;Triple seats; /;SICMA AERO SEAT;Inspection - Repair;;;
25;750134-110 series;Triple seats; /;SICMA AERO SEAT;Inspection - Repair;;;
25;184A3-()()()()LU;Passenger  seat;A320-200 LOTUS AIR;AVIOINTERIORS;Inspection - Repair;;;
25;184N3-()()()()LU;Passenger  seat;A320-200 LOTUS AIR;AVIOINTERIORS;Inspection - Repair;;;
25;S2511066100700;Panel assy;ATR;ATR;Inspection - Repair;;;
25;01-020102-02AIB;Zest series passenger seat;/;OPTIMARES;Inspection - Repair;;;
25;70522-4xx-001A;Model B1010 seat assemblies;A320-200;BRICE;Inspection - Repair;;;
25;841075-xxx;First class single sleeper seat assemblies;767-300ER;WEBER AIRCRAFT LLC;Inspection - Repair;;;
25;841074-xxx;First class double sleeper seat assemblies;767-300ER;WEBER AIRCRAFT LLC;Inspection - Repair;;;
25;841073-xxx;Business class double  seat assemblies;767-300ER;WEBER AIRCRAFT LLC;Inspection - Repair;;;
25;841062-xxx;Tourist class double  seat assemblies;767-300ER;WEBER AIRCRAFT LLC;Inspection - Repair;;;
25;841064-xxx;Tourist class triple  seat assemblies;767-300ER;WEBER AIRCRAFT LLC;Inspection - Repair;;;
25;854364-xxx-xx;Model 5500 tourist class double seat assemblies;A320/A321;WEBER AIRCRAFT LLC;Inspection - Repair;;;
25;854365-xxx-xx;Model 5500 tourist class double seat assemblies;A320/A321;WEBER AIRCRAFT LLC;Inspection - Repair;;;
25;853151-xxx-xx;Model 5500 tourist class triple seat assemblies;A320/A321;WEBER AIRCRAFT LLC;Inspection - Repair;;;
25;853152-xxx-xx;Model 5500 tourist class triple seat assemblies;A320/A321;WEBER AIRCRAFT LLC;Inspection - Repair;;;
25;853150-xxx-xx;Model 5500 tourist class triple seat assemblies;A320/A321;WEBER AIRCRAFT LLC;Inspection - Repair;;;
25;860925-401, -402;Model 5750 tourist class IAT double seat assemblies;A330 / A340;WEBER AIRCRAFT LLC;Inspection - Repair;;;
25;860926-401 to -404;Model 5750 tourist class STD double seat assemblies;A330 / A340;WEBER AIRCRAFT LLC;Inspection - Repair;;;
25;860927-401 to -404;Model 5750 tourist class STD double seat assemblies;A330 / A340;WEBER AIRCRAFT LLC;Inspection - Repair;;;
25;861344-401, -402;Model 5750 tourist class STD double seat assemblies;A330 / A340;WEBER AIRCRAFT LLC;Inspection - Repair;;;
25;861345-401, -402;Model 5750 tourist class STD double seat assemblies;A330 / A340;WEBER AIRCRAFT LLC;Inspection - Repair;;;
25;860931-401;Model 5750 tourist class central STD triple seat assemblies;A330 / A340;WEBER AIRCRAFT LLC;Inspection - Repair;;;
25;860932-401, -403, -405;Model 5750 tourist class central STD triple seat assemblies;A330 / A340;WEBER AIRCRAFT LLC;Inspection - Repair;;;
25;860928-401;Model 5750 tourist class central IAT quad seat assemblies;A330 / A340;WEBER AIRCRAFT LLC;Inspection - Repair;;;
25;860929-401, -403, -405;Model 5750 tourist class central STD quad seat assemblies;A330 / A340;WEBER AIRCRAFT LLC;Inspection - Repair;;;
25;860930-401, -403;Model 5750 tourist class central STD quad seat assemblies;A330 / A340;WEBER AIRCRAFT LLC;Inspection - Repair;;;
53;S5307030400400;Floor panel;ATR;ATR;Repair;;;
53;S5307032202000;Floor panel;ATR;ATR;Inspection - Repair;;;
25;12M4YZ()()()()XF;Passenger  seat;ATR72 King fisher;AVIOINTERIORS;Inspection - Repair;;;
25;12M4MZ()()()()XF;Passenger  seat;ATR72 King fisher;AVIOINTERIORS;Inspection - Repair;;;
25;12M4NZ()()()()XF;Passenger  seat;ATR72 King fisher;AVIOINTERIORS;Inspection - Repair;;;
25;2510154-00-00;Air crew seat; /;EADS SOGERMA;Inspection - Repair;;;
25;2510154-01-00;Air crew seat; /;EADS SOGERMA;Inspection - Repair;;;
25;TAAI1-03CE;First officer seats;/;SOGERMA-SOCEA;Inspection - Repair;;;
25;TAAI1-03PE;Captain seats;/;SOGERMA-SOCEA;Inspection - Repair;;;
25;1011194 series;SPECTRUM CONVERTIBLE PASSENGER SEATS;A319/A320/A321 Aigle azur;B/E AEROSPACE;Inspection - Repair;;;
25;1011192 series;SPECTRUM PASSENGER SEATS;A319/A320/A321 Aigle azur;B/E AEROSPACE;Inspection - Repair;;;
25;1011193 series;SPECTRUM PASSENGER SEATS;A319/A320/A321 Aigle azur;B/E AEROSPACE;Inspection - Repair;;;
25;FFDS1-01VZ02-01;Seat first class F17;/;EADS SOGERMA;Inspection - Repair;;;
25;9A01 series;Double and Triple seats;A319/A320/A321 AIR France;SICMA AERO SEAT;Inspection - Repair;;;
25;2523.540.01-01;D3000 Divan assembly;/;B/E AEROSPACE;Inspection - Repair;;;
53;S5307151000400;Floor panel;ATR;ATR;Repair;;;
53;S5307150100200;Floor Panel;ATR;ATR;Repair;;;
25;7460 series;Passenger seats;ATR72;SICMA AERO SEAT;Inspection - Repair;;;
30;S5741003800695;Leading edge assy;ATR42;ATR;Inspection - Repair;;;
57;S5741003800695;Leading edge assy;ATR42;ATR;Repair;;;
57;S5741003800695;Leading edge assy;ATR42;ATR;Repair;;;
25;S9248350200300;Panel assy;ATR;ATR;Repair;;;
25;2071 serie;Single attendant seat;/;AIRCRAFT INTERIOR PRODUCT - GOODRICH CORP;Inspection - Repair;;;
25;A14204(BE229);Divan;/;DETTMERS INDUSTRIES;Inspection - Repair;;;
25;2523.014.01;Series 200 dynamic Single seat;/;Aircraft modular products;Inspection - Repair;;;
25;S7618075000600;Support;ATR;ATR;Inspection - Repair;;;
30;S5741209000500;Leading edge assy;ATR72;ATR;Repair;;;
57;S5741209000500;Leading edge assy;ATR72;ATR;Repair;;;
52;S5237600220202;FAIRING; /;ATR;Repair;;;
25;AA100054;Passenger seats (skylux);A340-300;B/E AEROSPACE;Inspection - Repair;;;
25;AA100055;Passenger seats (skylux);A340-300;B/E AEROSPACE;Inspection - Repair;;;
25;AA100056;Passenger seats (skylux);A340-300;B/E AEROSPACE;Inspection - Repair;;;
25;WA93BYU3YS01141;Cabin Attendant Seat;A319-133 MSN 4842;SICMA AERO SEAT;Modification;;;
25;WA25BYU3YS01141;Cabin Attendant Seat;A319-133 MSN 4842;SICMA AERO SEAT;Modification;;;
30;S5741212500600;Leading edge assy;ATR72;ATR;Inspection - Repair;;;
57;S5741212500600;Leading edge assy;ATR72;ATR;Repair;;;
57;S5741212500600;Leading edge assy;ATR72;ATR;Repair;;;
25;3510A331-XX-XXX;Passenger seats;B737-700 / B737-800;RECARO;Inspection - Repair;;;
25;853150 Serie;Passenger seats;A320 MSN2425;WEBER AIRCRAFT LLC;Modification;;;
25;853151 Serie;Passenger seats;A320 MSN2425;WEBER AIRCRAFT LLC;Modification;;;
25;853152 Serie;Passenger seats;A320 MSN2425;WEBER AIRCRAFT LLC;Modification;;;
53;S5307150401200;Floor Panel;ATR;ATR;Repair;;;
25;AP943-2521(XX)-20 & -30 Series;SINGLE SEAT & DOUBLE SEAT UPHOLSTERY;A319 MSN 4228 BEL AIR;PMVI;Repair;;;
25;AP944-2521(XX)-20 & AP943-2521(XX)-30 Series;SINGLE SEAT & DOUBLE SEAT UPHOLSTERY;A319 MSN 4768 LAGUNA BLANCA;PMVI;Repair;;;
25;AP943-2521(XX)-20 & -30 Series;DIVANS UPHOLSTERY;A319 MSN 4228 BEL AIR;PMVI;Repair;;;
25;AP944-2521(XX)-20 & AP943-2521(XX)-30 Series;DIVANS UPHOLSTERY;A319 MSN 4768 LAGUNA BLANCA;PMVI;Repair;;;
25;2523.500.01-();Divans; /;B/E AEROSPACE;Modification;;;
25;2523.514.01-();Divans; /;B/E AEROSPACE;Modification;;;
25;1004071 series;Spectrum passenger seats;A320;B/E AEROSPACE;Inspection - Repair;;;
25;1004071 series;Spectrum passenger seats;A320;B/E AEROSPACE;Inspection - Repair;;;
25;F-SQ-FAB-PV0117;Divan upholstery;A318 MSN 2910;PMVI;Repair;;;
25;F-SQ-FAB-PV0118;Divan upholstery;A318 MSN 2910;PMVI;Repair;;;
25;F-SQ-FAB-PV0119;Divan upholstery;A318 MSN 2910;PMVI;Repair;;;
25;F-SQ-FAB-PV0120;Divan upholstery;A318 MSN 2910;PMVI;Repair;;;
25;F-SQ-FAB-PV0121;Divan upholstery;A318 MSN 2910;PMVI;Repair;;;
53;S5307030400000;Floor panel;ATR;ATR;Repair;;;
53;S5307150201400;Floor panel;ATR;ATR;Repair;;;
53;S5307030300000;Floor panel;ATR;ATR;Repair;;;
25;990-SQ108( )-( )( )- series;Passenger seats;A340-300;B/E AEROSPACE;Inspection - Repair;;;
25;990-SQ108( )-( )( )- series;Passenger seats;A340-300;B/E AEROSPACE;Inspection - Repair;;;
25;8729xxxx serie;PASSENGER SEAT;A340-300;B/E AEROSPACE (BURNS AEROSPACE CORPORATION);Inspection - Repair;;;
30;S5741005600095;Leading edge assy;ATR42;ATR;Inspection - Repair;;;
57;S5741005600095;Leading edge assy;ATR42;ATR;Repair;;;
57;S5741004200900;Leading edge assy;ATR42;ATR;Repair;;;
25;8729xxxx serie;PASSENGER SEAT Modification for ARSA;A340-300 MSN 193;B/E AEROSPACE (BURNS AEROSPACE CORPORATION);Modification;;;
53;S5307032200800;Floor panel;ATR;ATR;Repair;;;
53;S5307030403600;Floor panel;ATR;ATR;Repair;;;
25;990-MU108( )-( )( );Y/C seats;A340-300;B/E AEROSPACE;Inspection - Repair;;;
25;AA1004( ) ( );B/C seats;A340-300;B/E AEROSPACE;Inspection - Repair;;;
57;S5741004200295;Leading edge assy;ATR42;ATR;Repair;;;
57;S5741004200295;Leading edge assy;ATR42;ATR;Repair;;;
54;S5411275900001;Air Intake leading edge assy;ATR72;ATR;Repair;;;
54;S5411275900001;Air Intake leading edge assy;ATR72;ATR;Repair;;;
25;1004159 series;Seat 3 places;A320;B/E AEROSPACE;Repair;;;
25;1004159 series;Seat 3 places;A321;B/E AEROSPACE;Repair;;;
25;74A3210-1 series;LH Seat;ATR72;SICMA AERO SEAT;Modification;;;
25;503097-( );Double Decrane seats;/;DECRANE;Inspection - Repair;;;
25;CAT03319331020;Cushion;/;CATHERINEAU;Inspection - Repair;;;
53;S5367139101000;Floor Panel;ATR;ATR;Repair;;;
53;S5307150504000;Floor Panel;ATR;ATR;Repair;;;
25;D2528312302300;Dado panel refurbishing;A321;AIRBUS;Modification;;;
30;S5741003800595;Leading edge assy;ATR42;ATR;Inspection - Repair;;;
57;S5741003800595;Leading edge assy;ATR42;ATR;Repair;;;
57;S5741003800595;Leading edge assy;ATR42;ATR;Repair;;;
25;101663-1;Refurbushing coatroom;B757;DRIESSEN;Modification;;;
30;S5741211700310;Leading edge assy;ATR72;ATR;Inspection - Repair;;;
57;S5741211700310;Leading edge assy;ATR72;ATR;Repair;;;
57;S5741211700310;Leading edge assy;ATR72;ATR;Repair;;;
25;70705-401-001;Seat;A340;Brice;Repair;;;
25;1004159 series;Seat 3 places;A320;B/E AEROSPACE;Repair;;;
25;D2527054113200;Window panel;A318/A319/A320/A321;AIRBUS;Repair;;;
25;F-AM-FAB-CA0070;EXECUTIVE RH DIVAN ENCLOSURE;A320 MSN5255;PMVI;Repair;;;
25;F-AM-FAB-CA0071;EXECUTIVE LH DIVAN ARMREST STOWAGE;A320 MSN5255;PMVI;Repair;;;
25;F-AM-FAB-CA0072;CONFERENCE RH DIVAN ENCLOSURE;A320 MSN5255;PMVI;Repair;;;
25;F-AM-FAB-CA0073;CONFERENCE LH DIVAN ARMREST STOWAGE;A320 MSN5255;PMVI;Repair;;;
25;F-AM-FAB-CA0074;EXECUTIVE SEATING RH SIDELEDGE;A320 MSN5255;PMVI;Repair;;;
25;F-AM-FAB-CA0075;CONFERENCE RH SIDELEDGE;A320 MSN5255;PMVI;Repair;;;
25;50914000-1;Refurbushing Stowage;A330 MSN 871;AIRBUS;Modification;;;
53;S5307150401500;Floor panel;ATR42;ATR;Repair;;;
53;S5307150401400;Floor panel;ATR;ATR;Repair;;;
25;503098-58POV;Single Seat Model 5004;A320 MSN5255;GOODRICH;Inspection - Repair;;;
25;160209-2;2pl side facing berthing divan model 1609;A320 MSN5255;GOODRICH;Inspection - Repair;;;
25;960106 series;Sloucher Divan model 1622;A320 MSN5255;GOODRICH;Inspection - Repair;;;
25;960098 series;3pl side facing berthing divan model 1618;A320 MSN5255;GOODRICH;Inspection - Repair;;;
25;EC1511K111 series;Passenger Seats;A320 MSN5255;ZIM GmbH;Inspection - Repair;;;
25;01-020102-02AIB;Zest series passenger seat;A320 MSN5255;OPTIMARES;Inspection - Repair;;;
57;S5741212100300;Leading edge assy;ATR72;ATR;Repair;;;
25;2532-022-01-29;Flight Crew Rest Compartment;A340;Aircraft modular products;Inspection - Repair;;;
25;2532-022-01-29;Flight Crew Rest Compartment;A340;Aircraft modular products;Inspection - Repair;;;
25;F9255400100000; 4FR Overhead bin;A340;AIRBUS;Modification;;;
25;F9255100100200;1FR Overhead bin;A340;AIRBUS;Modification;;;
25;F9255100100000;1FR Overhead bin;A340;AIRBUS;Modification;;;
25;F2525001100000;1/2FR Overhead bin;A340;AIRBUS;Modification;;;
25;A2528847910200;Handrail;A340;AIRBUS;Repair;;;
25;A2528847904000;Handrail;A340;AIRBUS;Repair;;;
25;A2527358800000;Handrail;A340;AIRBUS;Repair;;;
25;F2527358800000;Handrail;A340;AIRBUS;Repair;;;
25;F2527359100000A;End cover panel;A340;AIRBUS;Repair;;;
25;A25288644026009F;Cover light panel 1fr;A340;AIRBUS;Repair;;;
25;F2527354400000;Cover filler;A340;AIRBUS;Repair;;;
25;F-SG-FAB-PV0266;WP4150 modification applied on double seats;A320-232 MSN5255;PMVI;Modification;;;
25;F-SG-FAB-PV0268;WP4152 modification applied on double seats;A320-232 MSN5255;PMVI;Modification;;;
57;S5741212100300;Leading edge assy;ATR72;ATR;Repair;;;
25;F-SQ-FAB-PV0112;WP4170 3plc Divan assy;A320 MSN5255;PMVI;Repair;;;
25;F-SQ-FAB-PV0089;WP4141 Executive divan 3pl;A320 MSN5255;PMVI;Repair;;;
25;F-SQ-FAB-PV0090;EXECUTIVE DIVAN 1 PLACE;A320 MSN5255;PMVI;Repair;;;
25;F-SQ-FAB-PV0091;CONFERENCE DIVAN 1 PLACE;A320 MSN5255;PMVI;Repair;;;
25;F-SQ-FAB-PV0092;CONFERENCE DIVAN 2 PLACES;A320 MSN5255;PMVI;Repair;;;
25;F-SG-FAB-PV0287;COCCON DOUBLE SEAT ;A320 MSN5255;PMVI;Repair;;;
25;F-SG-FAB-PV0292;FWD Y/C DBL SEAT LH ASSY;A320 MSN5255;PMVI;Repair;;;
25;F-SG-FAB-PV0294;MID Y/C DBL SEAT LH ASSY;A320 MSN5255;PMVI;Repair;;;
25;F-SG-FAB-PV0293;AFT Y/C DBL SEAT LH ASSY;A320 MSN5255;PMVI;Repair;;;
25;F-SG-FAB-PV0266;WP4150 DBL SEAT RH AFT FACING ASSY;A320 MSN5255;PMVI;Repair;;;
25;F-SG-FAB-PV0267;WP4151 DBL SEAT RH FWD FACING ASSY;A320 MSN5255;PMVI;Repair;;;
25;F-SG-FAB-PV0268;WP4152 DBL SEAT RH AFT FACING ASSY;A320 MSN5255;PMVI;Repair;;;
25;F-SG-FAB-PV0269;WP4153 DBL SEAT RH FWD FACING ASSY;A320 MSN5255;PMVI;Repair;;;
25;F-SG-FAB-PV0270;WP4154 SGL SEAT LH AFT FACING ASSY;A320 MSN5255;PMVI;Repair;;;
25;F-SG-FAB-PV0271;WP4155 SGL SEAT LH FWD FACING ASSY;A320 MSN5255;PMVI;Repair;;;
25;8729xxxx serie;PASSENGER SEAT Modification for PAL;A340 MSN 302, 318, 332, 387;B/E AEROSPACE (BURNS AEROSPACE CORPORATION);Modification;;;
25;663 SERIES;Passenger seats;A330-200 & A330-300;RECARO;Inspection - Repair;;;
25;849978-xxx-xx;Model 8001 First class electric sleeper single seat;A340 - A330;WEBER AIRCRAFT LLC;Inspection - Repair;;;
25;650-21-xxx-xx;Passenger seat 6510 type;A340 - A330;RECARO;Inspection - Repair;;;
25;3510B346 series;Passenger seat 3510 type 346 series;A340 - A330;RECARO;Inspection - Repair;;;
25;3510B346 series;Modification to Lufthansa Airlines Economy Class Recaro CL3510B 346 series seats;A340;RECARO;Modification;;;
25;3510B346 series;Hinge bracket repair - monitor link exchange - handicap lever replacement;A340;RECARO;Modification;;;
25;3510B346 series;Hinge bracket repair;A340;RECARO;Modification;;;
25;3510B346 series;Handicap lever replacement;A340;RECARO;Modification;;;
25;1016401 series;Diamonds passenger seats;A330 - A340;B/E AEROSPACE;Diassembly - Assembly;;;
25;3510A364 series;Passenger seats 3510A type ;A319-100 / A320-200 / A321-200;RECARO;Inspection - Repair;;;
25;DN series;Cabin Attendant Seat; /;SICMA AERO SEAT (ZODIAC);Inspection - Repair;;;
25;2532-022-01-29;Flight Crew Rest Compartment;A330 - A340;Aircraft modular products;Modification;;;
25;9630 series;Double seats;ATR42;SICMA AERO SEAT;Inspection - Repair;;;
25;9055 series;Double seats;ATR42;SICMA AERO SEAT;Inspection - Repair;;;
53;S5307030506400;Floor panel;ATR42;ATR;Repair;;;
53;S5307030506800;Floor panel;ATR42;ATR;Repair;;;
53;S5307030507000;Floor panel;ATR42;ATR;Repair;;;
25;8729xxxx serie;PASSENGER SEAT;A340-300;B/E AEROSPACE (BURNS AEROSPACE CORPORATION);Repair;;;
25;/;Replacement of current placards;ATR42-500 SN443;ATR;Modification;;;
25;FFCL8-01-CJ series;FIRST CLASS SEAT;A319 MSN5768;EADS SOGERMA;Inspection - Repair;;;
25;S5307150305200;Panel assy;ATR42-500;ATR;Repair;;;
25;BD080-252175-01;Passenger seats;A320 MSN 0764;AIRLINE INTERIORS ;Modification;;;
25;BD080-252172-01;Passenger seats;A320 MSN 0764;AIRLINE INTERIORS ;Modification;;;
25;BD080-252176-02;Passenger seats;A320 MSN 0764;AIRLINE INTERIORS ;Modification;;;
25;BD080-252173-01;Passenger seats;A320 MSN 0764;AIRLINE INTERIORS ;Modification;;;
25;BD080-252174-01;Passenger seats;A320 MSN 0764;AIRLINE INTERIORS ;Modification;;;
25;BD080-252177-01;Passenger seats;A320 MSN 0764;AIRLINE INTERIORS ;Modification;;;
25;ERC409;GALLEY type A0713J1100 NL;/;COMPOSITES AQUITAINE;Inspection - Repair;;;
25;ERC409;GALLEY type A0510D0110NL;/;COMPOSITES AQUITAINE;Inspection - Repair;;;
25;9034 series;Passenger seats;ATR72;SICMA AERO SEAT (ZODIAC);Inspection - Repair;;;
25;3A063 series;Pilot anc Co-Pilot crew seats;ATR42/72;IPECO;Repair;;;
25;7497 series;Passenger seats;/;SICMA AERO SEAT (ZODIAC);Inspection - Repair;;;
25;D25490 series;LAVATORY D;/;DIEHL;Inspection - Repair;;;
25;D25490 series;LAVATORY A;/;DIEHL;Inspection - Repair;;;
25;785 serie;E/C SEATS MODIFICATION;A310-304 MSN421 &422;RECARO;Modification;;;
25;785 serie;Modification of seats;A310-304 MSN421 &422;RECARO;Modification;;;
25;71051;Single Seat;/;AERO SEATING TECHNOLOGIES;Inspection - Repair;;;
25;71052;Single Seat;/;AERO SEATING TECHNOLOGIES;Inspection - Repair;;;
25;71053;Single Divan;/;AERO SEATING TECHNOLOGIES;Inspection - Repair;;;
25;71054;DoubleDivan;/;AERO SEATING TECHNOLOGIES;Inspection - Repair;;;
25;71055;DoubleDivan;/;AERO SEATING TECHNOLOGIES;Inspection - Repair;;;
25;71056;Side-facing Double Divan;/;AERO SEATING TECHNOLOGIES;Inspection - Repair;;;
25;A0L504 serie;Passenger seat;A320;GEVEN;Inspection - Repair;;;
25;A0F204 serie;Passenger seat;A320;GEVEN;Inspection - Repair;;;
25;2524.512-01;Series 1050 fixed double seat;/;B/E AEROSPACE;Inspection - Repair;;;
25;818 serie;Passenger seat;B737-700;RECARO;Inspection - Repair;;;
25;C5-01, C5-02 serie;Passenger seat;A320 / A321;GEVEN;Inspection - Repair;;;
25;/;Exit Lenses Modification;ATR42-500 SN443 & 528 & ATR42-320 SN333;ATR;Modification;;;
25;9034 series;Armrest seat modification;ATR72;SICMA AERO SEAT;Modification;;;
25;Z280H Series;AC Outlet Unit;/;AIRBUS;Inspection - Repair;;;
25;CD087-253301-01;Lavatory A Refurbished;A320-232 MSN5255;DIEHL AIRCABIN;Modification;;;
25;CD087-253302-01;Lavatory D Refurbished;A320-232 MSN5255;DIEHL AIRCABIN;Modification;;;
25;CD087-253301-01;Lavatory A L11 assembly;A320-232 MSN5255;DIEHL AIRCABIN;Modification;;;
25;CD087-253302-01;Lavatory D L43 assembly;A320-232 MSN5255;DIEHL AIRCABIN;Modification;;;
25;F-SQ-FAB-PV0112;WP4170 modification apllied on divan cushion;A320-232 MSN5255;PMVI;Modification;;;
25;F-SQ-FAB-PV0089;WP4171 modification apllied on divan cushion;A320-232 MSN5255;PMVI;Modification;;;
25;F-SQ-FAB-PV0090;WP4172 modification apllied on divan cushion;A320-232 MSN5255;PMVI;Modification;;;
25;F-SQ-FAB-PV0091;WP4173 modification apllied on divan cushion;A320-232 MSN5255;PMVI;Modification;;;
25;F-SQ-FAB-PV0092;WP4174 modification apllied on divan cushion;A320-232 MSN5255;PMVI;Modification;;;
25;7469 series;Seat;ATR42-320 MSN 333;SICMA;Modification;;;
25;7477 series;Seat;ATR42-320 MSN 333;SICMA;Modification;;;
25;7462 series;Seat;ATR42-320 MSN 333;SICMA;Modification;;;
25;7470 series;Seat;ATR42-320 MSN 333;SICMA;Modification;;;
25;7497 series;Seat;ATR42-320 MSN 333;SICMA;Modification;;;
25;3A063-0035&-0036&-0037&-0038 series;Pilot anc Co-Pilot crew seats;ATR42/72;IPECO;Repair;;;
25;3A063-0079 et -0080 series;Pilot anc Co-Pilot crew seats;ATR42/72;IPECO;Repair;;;
25;F-AM-FAB-CA0070;WP4349  modification apllied on executive RH divan enclosure;A320-232 MSN5255;PMVI;Modification;;;
25;F-AM-FAB-CA0072;WP4357  modification apllied on conference RH divan enclosure;A320-232 MSN5255;PMVI;Modification;;;
25;65A9 series;Modification of Seat;A310-304 MSN 421  &422;SICMA AERO SEAT;Modification;;;
25;65A9 series;Seat;A310-300;SICMA AERO SEAT;Inspection - Repair;;;
25;D254 90336 11000;AFT RH LAVATORY E MODIFICATION;A319-112 MSN 1791;DASELL;Modification;;;
25;D254 90336 11000;AFT RH LAVATORY E REPLACEMENT;A319-112 MSN 1791;DASELL;Modification;;;
25;D1-03-()()()-()()();LIGHTWEIGHT classic and prestige seats;ATR;GEVEN;Modification;;;
25;D1-02-()()()-()()();LIGHTWEIGHT AFT facing seats;ATR;GEVEN;Modification;;;
25;503098-71P0EC;Single Seat Model 5004;A319 MSN 5768;GOODRICH;Inspection - Repair;;;
25;503098-73P0EC;Single Seat Model 5004;A319 MSN 5768;GOODRICH;Inspection - Repair;;;
25;503098-70P4EC;Single Seat Model 5004;A319 MSN 5768;GOODRICH;Inspection - Repair;;;
25;503098-68P4EC;Single Seat Model 5004;A319 MSN 5768;GOODRICH;Inspection - Repair;;;
25;503098-63P0EC;Single Seat Model 5005;A319 MSN 5768;GOODRICH;Inspection - Repair;;;
25;502755 series;Lap Belt assembly;ATR;AMSAFE;Inspection - Repair;;;
25;12MM()Z()()()()XF;Passenger  seat;ATR72 King fisher;AVIOINTERIORS;Inspection - Repair;;;
25;12MN()Z()()()()XF;Passenger  seat;ATR72 King fisher;AVIOINTERIORS;Inspection - Repair;;;
25;12MU()Z()()()()XF;Passenger  seat;ATR72 King fisher;AVIOINTERIORS;Inspection - Repair;;;
25;450A-C005-001;DOUBLE DIVAN SIDE FACING WP4160;A319 MSN 5445;PMVI;Inspection - Repair;;;
25;450A-C015-001;DIVAN ARMREST RH WP4353;A319 MSN 5445;PMVI;Inspection - Repair;;;
25;450A-C017-001;DIVAN ARMREST LH WP4356;A319 MSN 5445;PMVI;Inspection - Repair;;;
25;450A-C007-001;TRIPLE DIVAN SIDE FACING WP4161;A319 MSN 5445;PMVI;Inspection - Repair;;;
25;450A-C009-001;CORNER DIVAN WP4164;A319 MSN 5445;PMVI;Inspection - Repair;;;
25;450A-C011-001;TRIPLE DIVAN SIDE FACING WP4167;A319 MSN 5445;PMVI;Inspection - Repair;;;
25;450A-C013-001;CORNER DIVAN WP4173;A319 MSN 5445;PMVI;Inspection - Repair;;;
25;FD3100-RP5;3-PLACE SIDE FACING DIVAN;/;PAC SEATING SYSTEMS;Inspection - Repair;;;
25;FS1401-1003, 1005, 1006;FWD / AFT FACING SINGLE SEAT;/;PAC SEATING SYSTEMS;Inspection - Repair;;;
25;FS2401-2001 thru 2004;FWD / AFT FACING DOUBLE SEAT;/;PAC SEATING SYSTEMS;Inspection - Repair;;;
25;450A-C003-001;VCC;A319 MSN 5445;PMVI;Inspection - Repair;;;
25;"12MM()Z()()()()XF
12MN()Z()()()()XF
12MU()Z()()()()XF";Passenger  seat;ATR72 MSN 754, 772, 758, 759, 782, 777, 762, 767, 776 ;AVIOINTERIORS;Modification;;;
25;"FFCL8-02CJ01-01
FFCL8-02CJ01-02";FIRST CLASS SEAT;A319 MSN5768;EADS SOGERMA;Inspection - Repair;;;
53;S5307150500400;Floor panel;ATR;ATR;Repair;;;
53;S5307150501000;Floor panel;ATR;ATR;Repair;;;
25;87992 series;Passenger seats;A320 KINGFISHER;B/E AEROSPACE;Inspection - Repair;;;
25;487A-C005-001;WP4345 modifications applied on Staff seating divan;A319-115 MSN 5768;PMVI;Modification;;;
25;TB10 74106xxx;Pilot and copilot seat;TB 10, TB 20;EADS SOCATA;Modification;;;
25;TB10 74203xxx;Pilot and copilot seat;TB 10, TB 20;EADS SOCATA;Modification;;;
25;TB10 74936xxx;Pilot and copilot seat;TB 10, TB 20;EADS SOCATA;Modification;;;
25;TB10 xxxxxxxx;Pilot and copilot seat;TB 10, TB 20;EADS SOCATA;Modification;;;
25;TB10 74936xxx;Pilot and copilot seat;TB 10, TB 20;EADS SOCATA;Repair;;;
25;487A-C003-001;WP4341 modifications applied on Galley G1 Assy;A319-115 MSN 5768;PMVI;Modification;;;
25;9045210-01;LH double seat;ATR42 MSN 351;SICMA AERO SEAT;Modification;;;
25;9045200-02;RH double seat;ATR42 MSN 351;SICMA AERO SEAT;Modification;;;
25;9045 series;Passenger seat;ATR42 MSN 351;SICMA AERO SEAT;Modification;;;
53;S5307150402300;Floor panel;ATR;ATR;Repair;;;
25;"SU948-252325-20 & SE948-252325-30
SU948-252330-20 & SE948-252330-30 ";"EXECUTIVE AREA LH AND RH SEATS
 (WP4151&4152)";A319 MSN 5768;PMVI;Inspection - Repair;;;
25;487A-C005-001;STAFF SEATING DIVAN ASSY (WP4345);A319 MSN 5768;PMVI;Inspection - Repair;;;
25;SU948-252320-20;CREW REST SINGLE SEAT (WP4150);A319 MSN 5768;PMVI;Inspection - Repair;;;
25;SU948-252350-20 & SU948-252355-20;"LOUNGE RH FWD & AFT SINGLE SEAT
(WP4157 - WP4159)
BEDROOM FWD & AFT SINGLE SEAT
(WP4161 - WP4162)";A319 MSN 5768;PMVI;Inspection - Repair;;;
25;"SE948-252355-30 & SE948-252365-30
SU948-252355-20";"LOUNGE LH FWD AND AFT SINGLE SEAT ASSY
(WP4158 - WP4160)";A319 MSN 5768;PMVI;Inspection - Repair;;;
25;D1-03-(xxx)-1LS serie;Passenger seat - Prestige model;ATR72;GEVEN;Inspection - Repair;;;
25;ALL;Install / Replace velcro strips; / ;GEVEN;Modification;;;
25;LBG1000378-001;VCC DOOR;B767-300ER;B/E AEROSPACE;Modification;;;
25;3520D919 SERIES;Passenger seats;A319-100, A320-200, A321-200;RECARO;Inspection - Repair;;;
25;3520E919 SERIES;Passenger seats;A319-100, A320-200, A321-200;RECARO;Inspection - Repair;;;
25;8799 series;Millenium Passenger seat ;A321-211;B/E AEROSPACE;Modification;;;
25;450A-C005-001;WP4160 MODIFICATIONS APPLIED on corridor side facing bench structure and upholstery ;A319-115 MSN 5445;PMVI;Modification;;;
25;450A-C015-001;WP4353 RH Arrnrest Assy;A319-115 MSN 5445;PMVI;Modification;;;
25;450A-C013-001;WP4173 modification apllied on main saloon cornerdivan structure and upholstery;A319-115 MSN 5445;PMVI;Modification;;;
25;450A-C011-001;WP4167 MODIFICATIONS APPLIED on forward saloon side facing double and corner divans structure and upholstery;A319-115 MSN 5445;PMVI;Modification;;;
25;450A-C009-001;"WP4I64 MODIFICATIONS APPLIED on main saloon corner divan structure and
upholstery ";A319-115 MSN 5445;PMVI;Modification;;;
25;450A-C007-001;"WP4161 MODIFICATIONS APPLIED on guest bedroom side facing double and corner
divans structure and upholstery ";A319-115 MSN 5445;PMVI;Modification;;;
25;450A-C017-001;WP4356 MODIFICATIONS APPLIED on LH Armrest Assy ;A319-115 MSN 5445;PMVI;Modification;;;
25;450A-C003-001;WP4341 modifications applied on VCC;A319-115 MSN 5445;PMVI;Modification;;;
25;487A-C003-001;Galley G1 WP4341;A319 MSN 5768;PMVI;Inspection - Repair;;;
25;503078 series;First class seat;B737-700 MSN 29268;GOODRICH;Modification;;;
25;"603180
603182";Single and double cabin seats model 6004 and 6005;/;GOODRICH;Inspection - Repair;;;
53;S5307151001100;Floor panel;ATR;ATR;Repair;;;
53;S5307151000500;Floor panel;ATR;ATR;Repair;;;
25;CD946-252330-01B;RHS FWD FACING SINGLE SEAT WP4151;A319-115 MSN 5445;PMVI;Modification;;;
25;1132 serie;Doghouse;/;ALBERT MUHLENBERG APPARATEBAU;Inspection - Repair;;;
25;3510B series;Passenger seat;A330 MSN 269, 330, 397, 841, 847,985, 1025,1106;RECARO;Modification;;;
25;WA93BYU3YS01141;Cabin Attendant Seat;A319-115 MSN 5040;SICMA AERO SEAT;Modification;;;
25;WA25BYU3YS01141;Cabin Attendant Seat;A319-115 MSN 5040;SICMA AERO SEAT;Modification;;;
25;D1-03-021-2UT;Passenger seat - lightweight model;ATR72;GEVEN;Inspection - Repair;;;
25;D1-03-022-2UT;Passenger seat - lightweight model;ATR72;GEVEN;Inspection - Repair;;;
25;D1-06-02x-2UT serie;Passenger seat - lightweight model;ATR72;GEVEN;Inspection - Repair;;;
25;MS3-10-006/21 ;Cargo ceiling panel;A318 MSN 3751;AIRBUS;Modification;;;
25;D25490 series;LAVATORY D;/;DIEHL;Inspection - Repair;;;
25;D25490 series;LAVATORY E;/;DIEHL;Inspection - Repair;;;
25;EPA-AE-15049-157;Windscreen assy;B757-204 MSN 27208;BOEING;Modification;;;
25;494A-C003-001;ENCLOSURE ASSY WP4355;A320 MSN 6112;PMVI;Inspection - Repair;;;
25;494A-C003-001;WP4355 DIVAN ENCLOSURE;A320 MSN 6112;PMVI;Modification;;;
25;494A-C005-001;WP4371 VIP PARTITION;A320 MSN 6112;PMVI;Modification;;;
25;1402 serie;Majesty seats modification;A340-300 MSN 0170 & 0193;SICMA AERO SEAT;Modification;;;
53;S5307030504800;Floor panel;ATR42;ATR;Repair;;;
53;S5307150303800;Floor panel;ATR42;ATR;Repair;;;
53;S5307030507200;Floor panel;ATR42;ATR;Repair;;;
25;JCB10142-101;GALLEY;ATR72-212A MSN 722, 724, 727, 734, 742, 745;JCB;Modification;;;
25;JCB000162;GALLEY;ATR72;JCB;Inspection - Repair;;;
25;CD088-253303-01A;WP3609 AFT LAV E MODIFICATION;A320 MSN 6112;PMVI;Modification;;;
25;CAB-01590-PL001;PLACARDS REPLACEMENTS ENGLISH-URDU;ATR72 MSN 0994, 1029, 1000, 1036, 1037;ATR;Modification;;;
53;S5397121102260;Panel inst MLG FAIR 191GL;ATR42;ATR;Repair;;;
53;S5397121102260;Panel inst MLG FAIR 191GL;ATR42;ATR;Repair;;;
53;S5397121102260;Panel inst MLG FAIR 191GL;ATR42;ATR;Repair;;;
53;S5397121102360;Panel inst MLG FAIR 192GR;ATR42;ATR;Repair;;;
53;S5397121102360;Panel inst MLG FAIR 192GR;ATR42;ATR;Repair;;;
53;S5397121102360;Panel inst MLG FAIR 192GR;ATR42;ATR;Repair;;;
25;ASP04351B1ME;Rear Meal table assy;"A321-111 MSN 517, 535, 642, 519, 
A321-211 MSN 666, 827
A321-212 MSN 891";GEVEN;Modification;;;
25;503078 series;First class seat;B737-700 MSN 29268;GOODRICH;Modification;;;
25;12M()()Z()()()()X5;Passenger seat;ATR72 ISLAS;AVIOINTERIORS;Inspection - Repair;;;
25;SB-25CJ400M01-A;G2 waste compartment additional table;A319-115 MSN 3356;ACJC;Modification;;;
25;301-xxxx-00 series;Exit lenses replacement English-Urdu;ATR72 MSN 0994, 1029, 1000, 1036, 1037;NEC AERO;Modification;;;
25;301-xxxx-00 series;Exit lenses modification;ATR72 MSN 0994, 1029, 1000, 1036, 1037;NEC AERO;Modification;;;
25;12MHFZ2H0()K X;Passenger  seat;ATR72 LONHRO;AVIOINTERIORS;Inspection - Repair;;;
30;S5741003800995;Leading edge assy;ATR42;ATR;Inspection - Repair;;;
57;S5741003800995;Leading edge assy;ATR42;ATR;Repair;;;
57;S5741003800995;Leading edge assy;ATR42;ATR;Repair;;;
25;FS1408-1007;Single seat; /;PAC SEATING SYSTEMS;Inspection - Repair;;;
25;FS1412-1001 thru-1011;Fwd/Aft facing conference area single seats; /;PAC SEATING SYSTEMS;Inspection - Repair;;;
53;S5397121703000;Panel assy RH MLG FAIRING ;ATR42;ATR;Repair;;;
53;S5397121703000;Panel assy RH MLG FAIRING ;ATR42;ATR;Repair;;;
53;S5397130300601;Panel assy LH MLG FAIRING ;ATR42;ATR;Repair;;;
53;S5397130300601;Panel assy LH MLG FAIRING ;ATR42;ATR;Repair;;;
25;"SU088-252330-20 & SE088-252330-30
SU088-252375-20 & SE088-252375-30  
SU088-252385-20 & SE088-252385-30 
SU088-252335-20 & SE088-252335-30";DOUBLE SEAT ASSEMBLIES WP4151-53-61-62-63-64-65;A320 MSN 6112;PMVI;Inspection - Repair;;;
25;"SU088-252320-20 & SE088-252320-30
SU088-252335-20 & SE088-252335-30  
SU088-252340-20 & SE088-252340-30 
SU088-252340-20 & SE088-252350-30";SINGLE SEAT ASSEMBLIES WP4150-52-54-56-60;A320 MSN 6112;PMVI;Inspection - Repair;;;
25;CD088-252345-01A;WP4154 LHS AFT SINGLE SEAT ASSY;A320 MSN 6112;PMVI;Modification;;;
25;CD088-252350-01A;WP4156 LHS FWD SINGLE SEAT ASSY;A320 MSN 6112;PMVI;Modification;;;
25;CD088-252330-01A;WP4161 RHS FWD FACING 2 SEATS ASSY;A320 MSN 6112;PMVI;Modification;;;
25;CD088-252405-01A;WP4162 LHS FWD FACING 2 SEATS ASSY;A320 MSN 6112;PMVI;Modification;;;
25;CD088-252435-01A;WP4163 RHS FWD FACING 2 SEATS ASSY;A320 MSN 6112;PMVI;Modification;;;
25;CD088-252415-01A;WP4164 LHS FWD FACING 2 SEATS ASSY;A320 MSN 6112;PMVI;Modification;;;
25;CD088-252445-01A;WP4165 RHS FWD FACING 2 SEATS ASSY;A320 MSN 6112;PMVI;Modification;;;
53;S5397121102100;Panel assy Marbill RH MLG Fairing;ATR42;ATR;Repair;;;
53;S5397121102100;Panel assy Marbill RH MLG Fairing;ATR42;ATR;Repair;;;
53;S5397121102000;Panel assy Marbill LH ;ATR42;ATR;Repair;;;
53;S5397121102000;Panel assy Marbill LH ;ATR42;ATR;Repair;;;
25;D2528972006600;Panel assy - sidewall UPR;A320;AIRBUS;Repair;;;
25;D2528972006700;Panel assy - sidewall UPR;A320;AIRBUS;Repair;;;
25;D2528972106000;Panel assy - sidewall UPR;A320;AIRBUS;Repair;;;
25;D2528972106100;Panel assy - sidewall UPR;A320;AIRBUS;Repair;;;
25;D2528972206500;Panel assy - sidewall UPR;A320;AIRBUS;Repair;;;
25;D2528972306000;Panel assy - sidewall UPR;A320;AIRBUS;Repair;;;
25;D2528973008100;Panel sidewall UPR exit;A320;AIRBUS;Repair;;;
25;D2528975306300;Panel assy - sidewall UPR;A320;AIRBUS;Repair;;;
25;D2528975710000;Panel assy;A320;AIRBUS;Repair;;;
25;D2528975906400;Panel assy - sidewall UPR;A320;AIRBUS;Repair;;;
25;D2528975906500;Panel assy - sidewall UPR;A320;AIRBUS;Repair;;;
25;PA(10) model;Passenger seat;A319 / A320 / A321;EXPLISEAT;Inspection - Repair;;;
57;S5731005100500;Cover;ATR42-500;ATR;Repair;;;
25;9615 series;Passenger double seat;ATR42;SICMA AERO SEAT;Inspection - Repair;;;
25;9058 series;Passenger double seat;ATR42;SICMA AERO SEAT;Inspection - Repair;;;
25;514A-C003-001;WP4341 GALLEY G1;A319 MSN 5792;PMVI;Modification;;;
25;CD950-252320-01A;WP4150 FWD FACING SINGLE SEAT;A319 MSN 5792;PMVI;Modification;;;
25;CD950-252325-01A;WP4151 FWD FACING DOUBLE SEAT;A319 MSN 5792;PMVI;Modification;;;
25;CD950-252335-01A;WP4153 FWD FACING DOUBLE SEAT;A319 MSN 5792;PMVI;Modification;;;
25;CD950-252345-01A;WP4155 AFT FACING SINGLE SEAT;A319 MSN 5792;PMVI;Modification;;;
25;CD950-252350-01A;WP4156 AFT FACING SINGLE SEAT;A319 MSN 5792;PMVI;Modification;;;
25;CD950-252355-01A;WP4157 FWD FACING SINGLE SEAT;A319 MSN 5792;PMVI;Modification;;;
25;CD950-252360-01A;WP4158 FWD FACING SINGLE SEAT;A319 MSN 5792;PMVI;Modification;;;
25;CD950-252365-01A;WP4159 AFT FACING SINGLE SEAT;A319 MSN 5792;PMVI;Modification;;;
25;CD950-252370-01A;WP4160 FWD FACING SINGLE SEAT;A319 MSN 5792;PMVI;Modification;;;
25;12M()()Z()()()()X5;Passenger  seat cabin reconfiguration;ATR72 MSN 463;AVIOINTERIORS;Modification;;;
53;S5397471100500;Air inlet;ATR72 prior to MSN 241;ATR;Modification;;;
53;S5397471100400;Air inlet;ATR72 prior to MSN 241;ATR;Modification;;;
25;"AMGF2-100000-01
AMGF2-200000-01
AMGF2-300000-01";F/C SEAT FURNITURE; / ;EADS SOGERMA;Inspection - Repair;;;
25;"FFCL4-02GF03-01
FFCL5-02GF01-01
FFCL5-02GF02-01";FIRST CLASS SEAT; / ;EADS SOGERMA;Inspection - Repair;;;
25;9636 serie;Double seats;ATR72 CEBU PACIFIC;SICMA AERO SEAT;Inspection - Repair;;;
25;9068 serie;Double seats AFT facing;ATR72 CEBU PACIFIC;SICMA AERO SEAT;Inspection - Repair;;;
25;3AGF0107 serie;Single Seat;/;B/E AEROSPACE;Inspection - Repair;;;
25;JCB10142-101;GALLEY;ATR72;JCB;Repair;;;
25;9636 serie;Seat replacement;ATR72-212A MSN 756;SICMA AERO SEAT;Modification;;;
25;CD950-252320-01A;WP4150 FWD FACING SINGLE SEAT;A319 MSN 5792;PMVI;Modification;;;
25;CD950-252345-01A;WP4155 AFT FACING SINGLE SEAT;A319 MSN 5792;PMVI;Modification;;;
25;CD950-252350-01A;WP4156 AFT FACING SINGLE SEAT;A319 MSN 5792;PMVI;Modification;;;
25;CD950-252355-01A;WP4157 FWD FACING SINGLE SEAT;A319 MSN 5792;PMVI;Modification;;;
25;CD950-252360-01A;WP4158 FWD FACING SINGLE SEAT;A319 MSN 5792;PMVI;Modification;;;
25;CD950-252365-01A;WP4159 AFT FACING SINGLE SEAT;A319 MSN 5792;PMVI;Modification;;;
25;CD950-252370-01A;WP4160 FWD FACING SINGLE SEAT;A319 MSN 5792;PMVI;Modification;;;
25;514A-C003-001;WP4341 GALLEY G1;A319 MSN 5792;PMVI;Modification;;;
25;7480 series;Passenger  seat cabin reconfiguration;ATR42 MSN 315;SICMA AERO SEAT;Modification;;;
30;S5741003800095;Leading edge assy;ATR72;ATR;Inspection - Repair;;;
57;S5741003800095;Leading edge assy;ATR72;ATR;Repair;;;
57;S5741003800095;Leading edge assy;ATR72;ATR;Repair;;;
25;"AMGF1-100000-01
AMGF1-200000-01
AMGF1-300000-01
AMGF1-100001-01
AMGF1-200001-01
AMGF1-300001-01";F/C SEAT FURNITURE; / ;EADS SOGERMA;Inspection - Repair;;;
25;"FFCL4-01GF03-01
FFCL4-03GF03-01
FFCL5-01GF01-01
FFCL5-01GF02-01
FFCL5-03GF01-01
FFCL5-03GF02-01";FIRST CLASS SEAT; / ;EADS SOGERMA;Inspection - Repair;;;
25;"87937 serie
87938 serie
88730 serie
88731 serie";Passenger seat Innovator 3;A340 Lufthansa;B/E AEROSPACE;Inspection - Repair;;;
53;S5397130300701;Panel RH MLG Fairing;ATR42-500;ATR;Repair;;;
53;S5397130300701;Panel RH MLG Fairing;ATR42-500;ATR;Repair;;;
52;S5247121200900;Door assy MLG Fairing;ATR42-500;ATR;Repair;;;
52;S5247121200900;Door assy MLG Fairing;ATR42-500;ATR;Repair;;;
25;3AGF0107105;Passenger seat;B737-700 MSN 61040;B/E AEROSPACE;Modification;;;
57;S5741003800095;Leading edge assy;ATR42;ATR;Repair;;;
57;S5741003800095;Leading edge assy;ATR42;ATR;Repair;;;
30;S5741003800095;Leading edge assy;ATR42;ATR;Repair;;;
25;CAB-01413-PL001;Placards replacement;ATR42 MSN 315;ATR;Modification;;;
25;FJBP-02AIxx-01 series;EVOLYS SEAT; / ;EADS SOGERMA;Inspection - Repair;;;
30;S5411561900000;Duct Assy;ATR72;ATR;Repair;;;
25;603 series;SINGLE EXECUTIVE SEAT MODEL 6004;/;DECRANE;Inspection - Repair;;;
25;8729xxxx serie;PASSENGER SEAT Modification for Suriname Airways;A340-300 MSN 242;B/E AEROSPACE (BURNS AEROSPACE CORPORATION);Modification;;;
55;S5527301000002;Pannel assy LH;ATR72;ATR;Repair;;;
55;S5527301000002;Pannel assy LH;ATR72;ATR;Repair;;;
55;S5527301000102;Pannel assy RH;ATR72;ATR;Repair;;;
55;S5527301000102;Pannel assy RH;ATR72;ATR;Repair;;;
30;S5741504800100;Leading edge assy;ATR42-500;ATR;Inspection - Repair;;;
57;S5741504800100;Leading edge assy;ATR42-500;ATR;Repair;;;
57;S5741504800100;Leading edge assy;ATR42-500;ATR;Repair;;;
25;CD938-252328-10A;Ceiling panel;A319-115 MSN 4822;ACJC;Repair;;;
25;8729xxxx serie;PASSENGER SEAT Modification;A330 MSN 437;B/E AEROSPACE (BURNS AEROSPACE CORPORATION);Modification;;;
25;"1003558-001
1003558-010
1003558-101
1003558-102";Spectrum back pan repair ;A320-200 MSN 1968;B/E AEROSPACE;Modification;;;
25;CD952-252316-01D;Single seat (RH FWD OFFICE) WP3616;A319-133 MSN 2192;DECRANE;Modification;;;
25;CD952-252317-01D;Single seat (RH AFT OFFICE) WP3617;A319-133 MSN 2192;DECRANE;Modification;;;
25;CD952-252322-01C;Upper back cushion (office) WP3622;A319-133 MSN 2192; / ;Modification;;;
25;CD952-252323-01C;FWD back cushion (bedroom) WP3623;A319-133 MSN 2192; / ;Modification;;;
25;CD952-252322-02C;Lower back cushion (office) WP3622;A319-133 MSN 2192; / ;Modification;;;
25;CD952-252322-03C;Bottom cushion (office) WP3622;A319-133 MSN 2192; / ;Modification;;;
25;CD952-252322-04B;Divan closeout assy (office) WP3622;A319-133 MSN 2192; / ;Modification;;;
25;CD952-252323-02C;MID back cushion (bedroom) WP3623;A319-133 MSN 2192; / ;Modification;;;
25;CD952-252323-03C;AFT back cushion (bedroom) WP3623;A319-133 MSN 2192; / ;Modification;;;
25;CD952-252323-04C;FWD bottom cushion (bedroom) WP3623;A319-133 MSN 2192; / ;Modification;;;
25;CD952-252323-05C;MID bottom cushion (bedroom) WP3623;A319-133 MSN 2192; / ;Modification;;;
25;CD952-252323-06C;AFT bottom cushion (bedroom) WP3623;A319-133 MSN 2192; / ;Modification;;;
25;CD952-252323-07C;Enclosure and drawer (bedroom) WP3623;A319-133 MSN 2192; / ;Modification;;;
25;CD952-252311-01C;Single seat (LH FWD DIN) WP3611;A319-133 MSN 2192;DECRANE;Modification;;;
25;CD952-252310-01C;Single seat (CTL FWD DIN) WP3610;A319-133 MSN 2192;DECRANE;Modification;;;
25;CD952-252313-01C;Single seat (LH AFT DIN) WP3613;A319-133 MSN 2192;DECRANE;Modification;;;
25;CD952-252312-01C;Single seat RH FWD DIN) WP3612;A319-133 MSN 2192;DECRANE;Modification;;;
25;CD952-252315-01C;Single seat (CTL AFT DIN) WP3615;A319-133 MSN 2192;DECRANE;Modification;;;
25;CD952-252314-01C;Single seat (RH AFT DIN) WP3614;A319-133 MSN 2192;DECRANE;Modification;;;
53;S5397130201500;Panel RH MLG Fairing;ATR42-500;ATR;Repair;;;
53;S5397130201500;Panel RH MLG Fairing;ATR42-500;ATR;Repair;;;
54;S5421014000700;COWL ASSY (Upper cowl);ATR42-500;ATR;Repair;;;
54;S5421014000700;COWL ASSY (Upper cowl);ATR42-500;ATR;Repair;;;
57;S5741200600300;Wings - Leadind edge - add thermal protection;ATR72 prior MSN 494;ATR;Modification;;;
57;S5741200600395;Wings - Leadind edge - add thermal protection;ATR72 prior MSN 494;ATR;Modification;;;
25;528A-C005-001;LH VIP LOUNGE SOFA (S04);B737-700 MSN 61040;PMVI;Inspection - Repair;;;
25;528A-C003-001;RH VIP LOUNGE SOFA (S05);B737-700 MSN 61040;PMVI;Inspection - Repair;;;
25;"7304 series
7486 series";Seats cover replacement;ATR42-500 MSN 606;SICMA AERO SEAT;Modification;;;
25;ASI-0323-1100-xxx-xxx;Modification of external livery, interior marking installation, new carpet and painting of overhead bin cover.;ATR72 MSN 808;ATR;Modification;;;
25;"301-2323
301-2320
301-2653
301-2426
301-2420
301-2504
301-2503";Exit Sign Cover and Exit Marker;ATR72 MSN 949, 1268, 1273, 1279;NEC AERO;Modification;;;
53;S5397121103300;Panel assy Marbill RH ;ATR42;ATR;Repair;;;
53;S5397121103300;Panel assy Marbill RH ;ATR42;ATR;Repair;;;
53;S5397121103300;Panel assy Marbill RH ;ATR42;ATR;Repair;;;
53;S5397121102000;Panel assy Marbill LH ;ATR42;ATR;Repair;;;
25;F92554405 serie;Compartment assy - CTR OVHD STWG;A340;Airbus;Repair;;;
25;F25250510 serie;Compartment assy - CTR OVHD STWG;A340;Airbus;Repair;;;
25;G25285800 serie;Door assy - CTR OVHD STWG;A340;Airbus;Repair;;;
25;G25285810 serie;Door assy - CTR OVHD STWG;A340;Airbus;Repair;;;
25;G25285840 serie;"Panel assy - END,CTR 
(end cap)";A340;Airbus;Repair;;;
25;G25285850 serie;"Panel assy - END,CTR 
(end cap)";A340;Airbus;Repair;;;
25;G25285860 serie;"Panel assy - END,CTR 
(end cap)";A340;Airbus;Repair;;;
25;98571(X)0-501;Oxygen system assy;A340;Airbus;Repair;;;
25;"F9254 serie
F2525 serie";OVERHEAD STOWAGE COMPARTMENTS INSTL;A340;Airbus;Repair;;;
25;"F9254 serie
F2525 serie";"OVERHEAD STOWAGE COMPARTMENTS 
- removal/installation";A340;Airbus;Repair;;;
57;S5741200600200;Wings - Leadind edge - add thermal protection;ATR72 prior MSN 494;ATR;Modification;;;
25;F925-50510-006;1/2 frame center bin;A330 MSN 625 & 632;Airbus;Modification;;;
25;F925-52405-000;2 frame center bin;A330 MSN 625 & 632;Airbus;Modification;;;
25;F925-54405-000;4 frame center bin;A330 MSN 625 & 632;Airbus;Modification;;;
25;G252 85840-008;End cap;A330 MSN 625 & 632;Airbus;Modification;;;
25;CAB-01711-M001-EPA;Hatrack fitting cover;A330 MSN 625 & 632;Airbus;Modification;;;
25;VT15-00-00x-xx;Vantage VT15 business class seats AER LINGUS;A330-200 / A300-300;Thompson Aero Seating;Inspection - Repair;;;
25;514A-C003-001; WP4341 Galley G1;A319 MSN 5792;PMVI;Inspection - Repair;;;
25;494A-C005-001;WP4371 VIP PARTITION;A320 MSN 6112;PMVI;Inspection - Repair;;;
25;SU950-252320-20 & SE950-252320-30;WP4150 FWD FACING SINGLE SEAT;A319 MSN 5792;PMVI;Inspection - Repair;;;
25;SU950-252325-20 & SE950-252325-30;WP4151 FWD FACING DOUBLE SEAT;A319 MSN 5792;PMVI;Inspection - Repair;;;
25;SU950-252325-20 & SE950-252325-30;WP4153 FWD FACING DOUBLE SEAT;A319 MSN 5792;PMVI;Inspection - Repair;;;
25;SU950-252335-20 & SE950-252335-30;WP4155 AFT FACING SINGLE SEAT;A319 MSN 5792;PMVI;Inspection - Repair;;;
25;SU950-252340-20 & SE950-252340-30;WP4156 AFT FACING SINGLE SEAT;A319 MSN 5792;PMVI;Inspection - Repair;;;
25;SU950-252345-20 & SE950-252345-20;WP4157 FWD FACING SINGLE SEAT;A319 MSN 5792;PMVI;Inspection - Repair;;;
25;SU950-252350-20 & SE950-252350-30;WP4158 FWD FACING SINGLE SEAT;A319 MSN 5792;PMVI;Inspection - Repair;;;
25;SU950-252355-20 & SE950-252355-30 ;WP4159 AFT FACING SINGLE SEAT;A319 MSN 5792;PMVI;Inspection - Repair;;;
25;SU950-252360-20 & SE950-252360-30;WP4160 FWD FACING SINGLE SEAT;A319 MSN 5792;PMVI;Inspection - Repair;;;
25;514A-C011-001 & 514A-C013-001;HATRACKS WP3254-4 & 3254-5;A319 MSN 5792;PMVI;Inspection - Repair;;;
25;514A-C005-001 & 514A-C007-001 &514A-C009-001;HATRACKS WP3254-1 & 3254-2 & 3254-3;A319 MSN 5792;PMVI;Inspection - Repair;;;
25;F925-58240-01600;2 frame center Overhead bin;A330-200 MSN 345;Airbus;Modification;;;
25;F2527358000200;Door;A330-200 MSN 345;Airbus;Modification;;;
25;A2528847903800;Handrails;A330-200 MSN 345;Airbus;Modification;;;
54;S5421210600100;COWL ASSY ENG PANEL;ATR42-500;ATR;Repair;;;
53;S5397130201400;Panel LH MLG Fairing;ATR42-500;ATR;Repair;;;
53;S5397130201400;Panel LH MLG Fairing;ATR42-500;ATR;Repair;;;
53;S5391503000200;Panel assy LH (Wing to fuselage Fairing, Front);ATR42-500;ATR;Repair;;;
53;S5391503000200;Panel assy LH (Wing to fuselage Fairing, Front);ATR42-500;ATR;Repair;;;
53;S5391503000200;Panel assy LH (Wing to fuselage Fairing, Front);ATR42-500;ATR;Repair;;;
57;S5741003400200;Leading edge assy center box;ATR42-500;ATR;Repair;;;
57;S5741003400200;Leading edge assy center box;ATR42-500;ATR;Repair;;;
53;S5397470000200;Panel 195JL MLG Fairing;ATR42-500;ATR;Repair;;;
53;S5397470000200;Panel 195JL MLG Fairing;ATR42-500;ATR;Repair;;;
53;S5307150100000;Floor Panel;ATR;ATR;Repair;;;
53;S5397902800800;Panel dorsal fin 322DL;ATR42-500;ATR;Repair;;;
53;S5397902800800;Panel dorsal fin 322DL;ATR42-500;ATR;Repair;;;
25;2010-1-771-2251;Seat belt assembly;A330;AMSAFE;Modification;;;
25;"AMGF1-100000-01
AMGF1-200000-01
AMGF1-300000-01
AMGF1-100001-01
AMGF1-200001-01
AMGF1-300001-01";Privacy area (seat environnement); / ;EADS SOGERMA;Modification;;;
25;"FFCL5-01GF01-01
FFCL5-01GF02-01";Control lateral armrest : cable replacement; / ;EADS SOGERMA;Modification;;;
25;FS 820.75;Tail cone;CL 601R;BOMBARDIER;Repair;;;
53;S5217640801800;Panel assy - 834FZ (door step);ATR72;ATR;Repair;;;
53;S5217640802000;Panel assy - 834CZ/DZ/EZ (door step);ATR72;ATR;Repair;;;
53;S5217640802200;Panel assy - 834BZ (door step);ATR72;ATR;Repair;;;
53;S5217640802200;Panel assy - 834BZ (door step);ATR72;ATR;Inspection;;;
25;2128 model;Wall mounted Single Cabin Attendant seat;/;GOODRICH;Inspection - Repair;;;
25;2127 model;Floor mounted Single Cabin Attendant seat;/;GOODRICH;Inspection - Repair;;;
25;2130 model;Floor mounted pivoting Cabin Attendant seat;/;GOODRICH;Inspection - Repair;;;
25;2131 model;Double Wall mounted Cabin Attendant seat;/;GOODRICH;Inspection - Repair;;;
25;2128-75LE00BAI1;Wall mounted Single Cabin Attendant seat;A320-214 MSN 5182;GOODRICH;Modification;;;
25;2128-75CE00BAI1;Wall mounted Single Cabin Attendant seat;A320-214 MSN 5182;GOODRICH;Modification;;;
25;2130-15CH00CAI1;Floor mounted pivoting Cabin Attendant seat;A320-214 MSN 5182;GOODRICH;Modification;;;
25;2127-15AD00BAI1;Floor mounted Single Cabin Attendant seat;A320-214 MSN 5182;GOODRICH;Modification;;;
25;2131-75NK00DAI1;Double Wall mounted Cabin Attendant seat;A320-214 MSN 5182;GOODRICH;Modification;;;
30;S5741004201500;Leadding edge assy;ATR42-500;ATR;Inspection - Repair;;;
57;S5741004201500;Leading edge assy;ATR42-500;ATR;Repair;;;
57;S5741004201500;Leadding edge assy;ATR42-500;ATR;Repair;;;
54;S5421210700000;COWL ASSY (Engine side);ATR42-500;ATR;Repair;;;
54;S5421014000300;COWL ASSY (Upper cowl);ATR42-500;ATR;Repair;;;
54;S5421014000300;COWL ASSY (Upper cowl);ATR42-500;ATR;Repair;;;
53;S5307150402400;Floor panel;ATR;ATR;Repair;;;
25;ADB1624D;Divider beam assy;A319 - A320 - A321;ADDER;Inspection - Repair;;;
25;301-2504;Exit sign Cover  on the wall;ATR72-600;NEC AERO;Modification;;;
25;"JSPA502142x
JSPA502144x
JSPA502147x";"EQUIPMENT/FURNISHINGS - BUSINESS CLASS SEAT -
LEGREST CUSHION MODIFICATION";/;JAMCO AMERICA;Modification;;;
25;"44198059
44198001";ARM CAP of PASSENGER SEAT Modification for Suriname Airways;A340-300 MSN 242;B/E AEROSPACE (BURNS AEROSPACE CORPORATION);Modification;;;
25;ADB2109-4 series;Movable Class Divider (Header Curtain);A320 family;ADDER;Inspection - Repair;;;
25;1402 serie;Majesty seats modification;A330-200 MSN 0587 & 0634;SICMA AERO SEAT;Modification;;;
25;ADR2109-2;RAIL SYSTEM;A320 family;ADDER;Inspection - Repair;;;
25;70691 series;Model B1010SS Slim Seat Assemblies;ATR72;BRICE;Inspection - Repair;;;
25;69025-101;Dress cover assy back;ATR72;BRICE;Inspection - Repair;;;
25;69025-253;Dress cover assy bottom;ATR72;BRICE;Inspection - Repair;;;
25;69025-103;Dress cover literature;ATR72;BRICE;Inspection - Repair;;;
25;"110123
110123A";Pelmet G3/G4; / ;MUHLENBERG;Inspection - Repair;;;
25;"106299
106299A";Galley G3; / ;MUHLENBERG;Inspection - Repair;;;
25;"106300
106300A";Galley G4; / ;MUHLENBERG;Inspection - Repair;;;
25;1005898 series;SPECTRUM Passenger Seats;A319 Aercap / Batavia Air;B/E AEROSPACE;Inspection - Repair;;;
25;1005898 series;SEAT INSTL PASSENGER COMPARTMENT;A319;Airbus;Repair;;;
25;3510D389 series;Passenger seat;A319/A320/A321;RECARO;Inspection - Repair;;;
25;1004650 series;Passenger seat;A319;B/E AEROSPACE;Inspection - Repair;;;
25;3104 series;Passenger seat;A320;ZODIAC SEATS France;Inspection - Repair;;;
25;1003312 series;Passenger seat;A319;B/E AEROSPACE;Inspection - Repair;;;
25;CAB-02260-A004-EPA;Carpet replacement;A318  MSN 3985;/;Modification;;;
53;S5307030506600;Floor panel;ATR42;ATR;Repair;;;
52;S5247121200800;Door assy MLG Fairing;ATR42-500;ATR;Repair;;;
52;S5247121200800;Door assy MLG Fairing;ATR42-500;ATR;Repair;;;
52;S5247121200800;Door assy MLG Fairing;ATR42-500;ATR;Repair;;;
25;47414001-000;Center bin assy STD 4 Frame;A330;C&D INTERIORS;Repair;;;
25;47412002-006;Center bin assy STD 2 Frame;A330;C&D INTERIORS;Repair;;;
25;2527359103600;End cap;A330;C&D INTERIORS;Repair;;;
25;2-1378-20-000-EPA;Defibrillator installation on A320 for LATAM;A320 LATAM Fleet;/;Modification;;;
25;F2527358000000;Door (on 4FR CTR BIN);A330;AIRBUS;Repair;;;
25;F2527358000100;Door (on 4FR CTR BIN);A330;AIRBUS;Repair;;;
25;F2527358000200;Door (on 4FR CTR BIN);A330;AIRBUS;Repair;;;
25;A25288479102009;Handrail assy (on 4FR CTR BIN);A330;AIRBUS;Repair;;;
25;A25288479038009;Handrail assy (on 2FR CTR BIN);A330;AIRBUS;Repair;;;
23;Z054H231T010;CIDS CAM ;A320 MSN 3264 & 3330;AIRBUS;Modification;;;
25;411N1210-207SP;SIDEWALL PANEL ASSY;B737;BOEING;Repair;;;
25;411N1210-307SP;SIDEWALL PANEL ASSY;B737;BOEING;Repair;;;
25;411N1210-309BH;SIDEWALL PANEL ASSY;B737;BOEING;Repair;;;
25;411N1210-310AP;SIDEWALL PANEL ASSY;B737;BOEING;Repair;;;
25;411N1210-311BC;SIDEWALL PANEL ASSY;B737;BOEING;Repair;;;
25;411N1210-311BC;SIDEWALL PANEL ASSY;B737;BOEING;Repair;;;
25;411N1210-312CJ;SIDEWALL PANEL ASSY;B737;BOEING;Repair;;;
25;411N1210-347AS;SIDEWALL PANEL ASSY;B737;BOEING;Repair;;;
25;411N1210-348BC;SIDEWALL PANEL ASSY;B737;BOEING;Repair;;;
25;411N1210-349BC;SIDEWALL PANEL ASSY;B737;BOEING;Repair;;;
25;411N1210-351BC;SIDEWALL PANEL ASSY;B737;BOEING;Repair;;;
25;411N1210-352BC;SIDEWALL PANEL ASSY;B737;BOEING;Repair;;;
25;411N1210-353BC;SIDEWALL PANEL ASSY;B737;BOEING;Repair;;;
25;411N1210-375SP;SIDEWALL PANEL ASSY;B737;BOEING;Repair;;;
25;411N1210-380M;SIDEWALL PANEL ASSY;B737;BOEING;Repair;;;
25;411N1210-381M;SIDEWALL PANEL ASSY;B737;BOEING;Repair;;;
25;411N1210-382M;SIDEWALL PANEL ASSY;B737;BOEING;Repair;;;
25;411N1210-383M;SIDEWALL PANEL ASSY;B737;BOEING;Repair;;;
25;411N1210-384M;SIDEWALL PANEL ASSY;B737;BOEING;Repair;;;
25;411N1210-385M;SIDEWALL PANEL ASSY;B737;BOEING;Repair;;;
25;411N1210-386M;SIDEWALL PANEL ASSY;B737;BOEING;Repair;;;
25;411N1210-387M;SIDEWALL PANEL ASSY;B737;BOEING;Repair;;;
25;411N1210-395M;SIDEWALL PANEL ASSY;B737;BOEING;Repair;;;
25;411N1210-432SP;SIDEWALL PANEL ASSY;B737;BOEING;Repair;;;
25;411N1210-433SP;SIDEWALL PANEL ASSY;B737;BOEING;Repair;;;
25;411N1210-434V;SIDEWALL PANEL ASSY;B737;BOEING;Repair;;;
25;411N1210-435V;SIDEWALL PANEL ASSY;B737;BOEING;Repair;;;
25;411N1210-632SP;SIDEWALL PANEL ASSY;B737;BOEING;Repair;;;
25;65D22xx-xx serie;DOUBLE PASSENGER SEATS;A330-200;SICMA AERO SEAT;Inspection - Repair;;;
25;65D23xx-xx serie;TRIPLE PASSENGER SEATS;A330-200;SICMA AERO SEAT;Inspection - Repair;;;
25;9A13 series;Passenger double and triple seat;A330-200;SICMA AERO SEAT;Inspection - Repair;;;
25;9A13 series;Passenger double and triple seat;A330-200;SICMA AERO SEAT;Inspection - Repair;;;
25;3A063-0035 Ö 0038;Crew seat pilot and co-pilot : replacement of restraint system's rotary buckle AMSAFE;ATR;IPECO;Inspection - Repair;;;
25;3A063-0079 et 0080;Crew seat pilot and co-pilot : replacement of restraint system's rotary buckle AMSAFE;ATR;IPECO;Inspection - Repair;;;
25;"0150001-()-()
1180003-()-()
1180011-()-()
1180002-()-()
1180010-()-()";Restraint system : replacement of rotary buckle 1150004 series; /;AMSAFE;Inspection - Repair;;;
25;F2528890102900;WINDOW PANEL ASSY (LH);A340;Airbus;Repair;;;
25;F2528562200400;WINDOW PANEL ASSY (LH-RH);A340;Airbus;Repair;;;
25;F2528562200400;WINDOW PANEL ASSY (LH-RH);A340;Airbus;Repair;;;
25;F2528562200600;WINDOW PANEL ASSY;A340;Airbus;Repair;;;
25;F2528567400200;WINDOW PANEL ASSY (RH);A340;Airbus;Repair;;;
25;F2528891100000;WINDOW PANEL ASSY (RH);A340;Airbus;Repair;;;
25;301-xxxx-00 series;Exit lenses modification;ATR72 MSN 527, 558;NEC AERO;Modification;;;
25;2524.53x series;DYNAMIC SERIES 200 SINGLE SEAT; / ;Aircraft modular products;Inspection - Repair;;;
25;2524.532.01-29A;DYNAMIC SERIES 200 SINGLE SEAT; / ;Aircraft modular products;Repair;;;
25;2524.532.01-30B;DYNAMIC SERIES 200 SINGLE SEAT; / ;Aircraft modular products;Repair;;;
25;1016101 series;Super diamond passenger seat;A350-900 QATAR AIRWAYS;B/E AEROSPACE;Inspection - Repair;;;
53;S5397130201400;Panel LH MLG Fairing;ATR42-500;ATR;Repair;;;
25;2057 & 2058 series;Cabin Attendant Seat; / ;GOODRICH;Inspection - Repair;;;
53;S5307150500000;Floor panel;ATR;ATR;Repair;;;
53;S5397240600200;Panel MLG Fairing;ATR42-500;ATR;Repair;;;
53;S5397240600200;Panel MLG Fairing;ATR42-500;ATR;Repair;;;
53;S5397240600200;Panel MLG Fairing;ATR42-500;ATR;Repair;;;
25;727-1544-01;Exit sign Cover - sidewall;ATR72-600;SIRIOPANEL;Modification;;;
25;727-1542-01;Exit sign Cover - attendant;ATR72-600;SIRIOPANEL;Modification;;;
25;727-1543-01;Exit sign Cover - partitions;ATR72-600;SIRIOPANEL;Modification;;;
25;"87937 serie
87938 serie
88730 serie
88731 serie";Passenger seat Innovator 3;A330-300 Lufthansa;B/E AEROSPACE;Inspection - Repair;;;
25;EPA 6414-2-01-34;Seat Belt;B737, B747, B757;ACM (Aircraft Cabin Maintenance);Modification;;;
25;3A063-0035 Ö 0038;Crew seat pilot and co-pilot : change of track lock mechanism & configuration control;ATR;IPECO;Inspection - Repair;;;
25;A252899;Cabin attendant seat - Freestanding;Flotte AIRBUS;AIRBUS;Inspection - Repair;;;
25;"B252730
R252H03";Cabin attendant seat - Freestanding;Flotte AIRBUS;AIRBUS;Inspection - Repair;;;
25;A252752;Cabin attendant seat - Swivel;Flotte AIRBUS;AIRBUS;Inspection - Repair;;;
25;"A2528
B252703";Cabin attendant seat - Swivel;Flotte AIRBUS;AIRBUS;Inspection - Repair;;;
25;CD96-254304-00A;Closure panel assy;A319 MSN5445;ACJC;Repair;;;
25;CD96-254310-02A;Closure panel assy;A319 MSN5445;ACJC;Repair;;;
25;D2529180200800;Panel assy - sidewall UPR;A319;AIRBUS;Repair;;;
25;D2528970800800;Panel assy - sidewall UPR;A319;AIRBUS;Repair;;;
53;S5397130300601;Panel assy LH MLG FAIRING ;ATR42;ATR;Repair;;;
23;Z054H230D020;CIDS CAM ;A320 MSN 2947;AIRBUS;Modification;;;
25;A252899;Cabin attendant seat -  Swivel;A310 MSN 422;AIRBUS;Modification;;;
25;A252899;Cabin attendant seat - Free standing;A310 MSN 422;AIRBUS;Modification;;;
25;A252899;Cabin attendant seat -  Wall mounted ;A310 MSN 422;AIRBUS;Modification;;;
25;3A063-0079 et -0080 series;Crew seat pilot and co-pilot : change of track lock mechanism & configuration control;ATR;IPECO;Inspection - Repair;;;
25;PT15A model;Passenger seat;ATR42/72;EXPLISEAT;Inspection - Repair;;;
25;PT15A model;"Replacement of armrest rings on Passenger seat
(Movable Aisle Armrest, Reinforced Blocked Movable Aisle Armrest, Movable Aisle Armrest)";ATR42/72;EXPLISEAT;Repair;;;
25;PT15A model;Change of big foot titanium chassis on passenger seat ;ATR42/72;EXPLISEAT;Repair;;;
53;S5307150401000;Floor panel;ATR72;ATR;Repair;;;
53;S5307151001300;Floor panel;ATR72;ATR;Repair;;;
53;S5307151001000;Floor panel;ATR72;ATR;Repair;;;
25;44198059;Modification of outboard armrest assy;A340-300 MSN 242;B/E AEROSPACE (BURNS AEROSPACE CORPORATION);Modification;;;
25;44198001;Modification of armrest endbay assy;A340-300 MSN 242;B/E AEROSPACE (BURNS AEROSPACE CORPORATION);Modification;;;
25;44198060;Modification of outboard armrest assy;A340-300 MSN 242;B/E AEROSPACE (BURNS AEROSPACE CORPORATION);Modification;;;
25;44198175;Modification of center armrest assy;A340-300 MSN 242;B/E AEROSPACE (BURNS AEROSPACE CORPORATION);Modification;;;
25;44198176;Modification of center armrest assy;A340-300 MSN 242;B/E AEROSPACE (BURNS AEROSPACE CORPORATION);Modification;;;
25;43363022L023700;Shroud endbay;A340-300 MSN 242; / ;Inspection - Repair;;;
21;S2158130101800;CHAMBER ASSY MIXING (LH);ATR42;ATR;Repair;;;
32;S3248002200400;COVER ASSY;ATR72;ATR;Repair;;;
25;"87937 serie
87938 serie
88730 serie
88731 serie";Passenger seat modification;A310 MSN 422;B/E AEROSPACE;Modification;;;
25;1004202 series;Spectrum passenger seats;A320 CIT-CHINA SOUTHERN;B/E AEROSPACE;Inspection - Repair;;;
25;14-602630-200-1;Front bumper LH modification;A340-300 MSN 0170 & 0193;SICMA AERO SEAT;Modification;;;
25;14-602630-200-2;Front bumper RH modification;A340-300 MSN 0170 & 0193;SICMA AERO SEAT;Modification;;;
25;1004202 series;Spectrum passenger seats;A319 IFC / CHINA SOUTHERN / CHINA NORTHERN;B/E AEROSPACE;Inspection - Repair;;;
25;CAB-02530;ATR42 Placards replacement - English / French;ATR42-320 MSN 093;ATR;Modification;;;
56;NP-1588xx;Cabin window;ATR42 / ATR72 ALENIA;PPG AEROSPACE;Inspection - Repair;;;
56;NP-1588xx;Cabin window;ATR42 / ATR72 ALENIA;PPG AEROSPACE;Inspection - Repair;;;
25;1013305-xxx;Passenger seats Minipod ;A319 AMAC AEROSPACE / QATAR;B/E AEROSPACE;Inspection - Repair;;;
25;1005898 SERIES;Seats covers change;"A319 MSN 2648
A319 MSN 2660";B/E AEROSPACE;Modification;;;
25;3510D TYPE 389 SERIES;Seats covers change;A319 MSN 2634;RECARO;Modification;;;
25;1004650 SERIES;Seats covers change;A319 MSN 2664;B/E AEROSPACE;Modification;;;
25;3104 SERIES;Seats covers change;A320 MSN 2366;ZODIAC AEROSPACE;Modification;;;
25;"1003312 SERIES
1004202 SERIES";Seats covers change;A319 MSN 2273;B/E AEROSPACE;Modification;;;
25;2524.513.01;Executive tracking seat ;CESSNA;Aircraft modular products;Inspection - Repair;;;
25;2524.515.01;Light weight Executive tracking seat;CESSNA;Aircraft modular products;Inspection - Repair;;;
25;Model 525;General;CESSNA 525;CESSNA;Inspection - Repair;;;
25;Model 525;Passenger Compartment;CESSNA 525;CESSNA;Inspection - Repair;;;
25;2324 series;Passenger seats;A340-300 AIR TAHITI NUI;ZODIAC (SICMA);Inspection - Repair;;;
53;S5397450001200;Panel 193AL MLG Fairing;ATR42-500;ATR;Repair;;;
53;S5397450001200;Panel 193AL MLG Fairing;ATR42-500;ATR;Repair;;;
53;S5397450001200;Panel 193AL MLG Fairing;ATR42-500;ATR;Repair;;;
25;"FS2203 serie
FS2204 serie";Double seat ;A319 MSN 4114;PAC SEATING SYSTEMS;Inspection - Repair;;;
25;FS1306 serie;Single seat ;A319 MSN 4114;PAC SEATING SYSTEMS;Inspection - Repair;;;
25;FS2212 serie;Double seat ;A319 MSN 4114;PAC SEATING SYSTEMS;Inspection - Repair;;;
25;4711285-1;Passenger seat LH AFT AND RH FWD FACING;CESSNA CJ1 525 MSN 0429;CESSNA;Modification;;;
25;4711285-2;Passenger seat RH AFT AND LH FWD FACING;CESSNA CJ1 525 MSN 0429;CESSNA;Modification;;;
25;4819308-1 ;Pilot seat;CESSNA CJ1 525 MSN 0429;CESSNA;Modification;;;
25;4819308-2;Co-Pilot seat;CESSNA CJ1 525 MSN 0429;CESSNA;Modification;;;
25;4711282-1;Side facing seat bottom cushion;CESSNA CJ1 525 MSN 0429;CESSNA;Modification;;;
25;4711282-2;Side facing seat backrest cushion;CESSNA CJ1 525 MSN 0429;CESSNA;Modification;;;
25;4711286-2;Toilet seat - bottom cushion;CESSNA CJ1 525 MSN 0429;CESSNA;Modification;;;
25;4711286-1;Toilet seat - backrest cushion;CESSNA CJ1 525 MSN 0429;CESSNA;Modification;;;
25;"3035xx-(all)
3036xx-(all)";Med-aid chairs model 3037, 3070, 3037, 3056, 3097; / ;GOODRICH;Inspection - Repair;;;
25;70691 series;Tourist class double seat, Model B1010;ATR72 CCM AIRLINE;BRICE;Inspection - Repair;;;
53;S5307151000700;Floor panel;ATR;ATR;Repair;;;
25;67415-301-1BD;SUB ASSY, FOODTRAY, WIDE;ATR72 CCM AIRLINE;BRICE;Inspection - Repair;;;
25;"87937 serie
87938 serie
88730 serie
88731 serie";Passenger seat modification;A310 MSN 418;B/E AEROSPACE;Modification;;;
25;3510B346 series;Passenger seat 3510 type 346 series;A340 - A330;RECARO;Inspection - Repair;;;
25;D252 74704 027 00;Partition;A320;AIRBUS;Inspection;;;
25;D256 70464 016 00;Slide raft cover;A320;AIRBUS;Inspection;;;
25;D256 70464 018 00;Slide raft cover;A320;AIRBUS;Inspection;;;
25;D256 70464 020 00;Slide raft cover;A320;AIRBUS;Inspection;;;
25;FA259-64110-280;Grip rail - 1_2 frame bin;A320;AIRBUS;Inspection;;;
25;FA259-64400-280;Grip rail - 4 frame bin;A320;AIRBUS;Inspection;;;
25;FA259-64400-283;Grip rail - 4 frame bin;A320;AIRBUS;Inspection;;;
25;FA259-64520-280;Grip rail - spacer bin;A320;AIRBUS;Inspection;;;
25;FA259-64600-282;Grip rail - 4_2 frame bin;A320;AIRBUS;Inspection;;;
25;FA259-64600-283;Grip rail - 4_2 frame bin;A320;AIRBUS;Inspection;;;
25;FA259-64400-282;Grip rail - 4 frame bin;A320;AIRBUS;Inspection;;;
57;S5731005100400;Wing tip light transparent cover;ATR;ATR;Repair;;;
25;3510B346 series;Passenger seat 3510 type 346 series;A340 - A330;RECARO;Modification;;;
23;Z054H2375010;CIDS CAM ;A320 MSN 2376;AIRBUS;Modification;;;
23;Z054H2375020;CIDS CAM ;A320 MSN 5055;AIRBUS;Modification;;;
25;D1-03-517 Ö -524;Passenger seat - Lightweight model; / ;GEVEN;Inspection - Repair;;;
25;D1-06-519 Ö -524;Passenger seat - Lightweight model; / ;GEVEN;Inspection - Repair;;;
25;D1-xx-xxx-xxx;Installation of additional plate on the D.P. armrest hook on LIGHTWEIGHT seats; / ;GEVEN;Modification;;;
25;D1-03-051 Ö -056 series;Passenger seat - Lightweight model; / ;GEVEN;Inspection - Repair;;;
25;D1-03-215 Ö -056 series;Passenger seat - Lightweight model; / ;GEVEN;Inspection - Repair;;;
25;D1-06-053 Ö -056 series;Passenger seat - Lightweight model; / ;GEVEN;Inspection - Repair;;;
25;D1-06-215 Ö -056 series;Passenger seat - Lightweight model; / ;GEVEN;Inspection - Repair;;;
25;2158-1S10()()DSQJTA;Wall Mounted Attendant Seat;A330 - A340;GOODRICH;Inspection - Repair;;;
53;S5307151001200;Floor panel;ATR;ATR;Repair;;;
25;D252840490xxxx serie;PANEL ASSY - LOWER SIDEWALL;A320 MSN 3882 et 3952;AIRBUS;Modification;;;
25;D2527178411xxx serie;PANEL ASSY - DADO;A320 MSN 3882 et 3952;AIRBUS;Modification;;;
25;D25271784xxxxx serie;PANEL ASSY - LOWER SIDEWALL;A320 MSN 5887 et 5906;AIRBUS;Modification;;;
25;D2527178404xxx serie;PANEL-SIDEWALL, LWR;A320 MSN 5887 et 5906;AIRBUS;Modification;;;
25;D25284xxxxxxxx serie;PANEL ASSY - LOWER SIDEWALL;A320 MSN 3325;AIRBUS;Modification;;;
25;D2527178411xxx serie;PANEL ASSY - DADO;A320 MSN 3325;AIRBUS;Modification;;;
23;Z054H2375021;CIDS CAM ;A320 MSN 5055;AIRBUS;Modification;;;
25;D1-03-(xxx)-1CK series;Passenger seat - Lightweight model; / ;GEVEN;Inspection - Repair;;;
25;D1-06-(xxx)-1CK series;Passenger seat - Lightweight model; / ;GEVEN;Inspection - Repair;;;
25;9627 series;Passenger DOUBLE seat; / ;ZODIAC SEATS France;Inspection - Repair;;;
30;S5411267001200;Duct assy;ATR;ATR;Inspection - Repair;;;
25;2324 series;Passenger seats;A330-200 MSN 535;ZODIAC (SICMA);Modification;;;
25;AS33-30;Net aisle longitudinal;ATR42/72;INDRAERO SIREN;Inspection - Repair;;;
25;6534098xxx;GALLEY TYPE A0510D0110 NL BP; / ;SIMAIR;Inspection - Repair;;;
25;3A258;First officer and captain crew seat;ATR;IPECO;Inspection - Repair;;;
23;Z054H234T010;CIDS CAM ;A320 MSN 3063;AIRBUS;Modification;;;
30;S5411275900300;Air Intake leading edge assy;ATR72;ATR;Inspection - Repair;;;
54;S5411275900300;Air Intake leading edge assy;ATR72;ATR;Repair;;;
54;S5411275900300;Air Intake leading edge assy;ATR72;ATR;Repair;;;
25;3AAA2850501;LH Armrest assembly;A330 MSN 240 AUG;B/E AEROSPACE;Modification;;;
25;50021-1902;Seat bottom cover;A340 MSN 495 DAWLAT;PMV Industrie;Repair;;;
25;50021-1904;Seat backrest cover;A340 MSN 495 DAWLAT;PMV Industrie;Repair;;;
25;3510B526 series;Passsenger seat 3510B type 526 series;B737-800;RECARO;Inspection - Repair;;;
23;73001011 serie;Cab-n-connect A100, LRU CWAP ASSY; / ;KONTRON;Inspection - Repair;;;
23;73002004 serie;ACE Flight 600 Server, 4G; / ;KONTRON;Inspection - Repair;;;
25;D2527114406000;Panel assy - sidewall UPR;A318/A319/A320/A321;AIRBUS;Repair;;;
25;D25270541081009;Panel sidewall UPR exit;A318/A319/A320/A321;AIRBUS;Repair;;;
25;D2528975306200;Panel assy - sidewall UPR;A318/A319/A320/A321;AIRBUS;Repair;;;
25;D25271145065009;Panel assy - sidewall UPR;A318/A319/A320/A321;AIRBUS;Repair;;;
25;D25271144061009;Panel assy - sidewall UPR;A318/A319/A320/A321;AIRBUS;Repair;;;
25;3ANF1209 series;Millenium Passenger seats;A330-200;B/E  AEROSPACE;Inspection - Repair;;;
25;"2158-1S1010DSQJTA
2158-1S1010DS
2158-1S1030DS";Wall Mounted Attendant Seat;A340 MSN 924;GOODRICH;Modification;;;
53;F5367284200000;Floor panel;A330;AIRBUS;Repair;;;
53;F5367286700300;Floor panel;A330;AIRBUS;Repair;;;
53;F5367283817000;Floor panel;A330;AIRBUS;Repair;;;
53;F5367283816800;Floor panel;A330;AIRBUS;Repair;;;
53;F5367283817200;Floor panel;A330;AIRBUS;Repair;;;
53;F5367284108400;Floor panel;A330;AIRBUS;Repair;;;
53;F5367284200000;Floor panel;A330;AIRBUS;Repair;;;
53;F5367284300900;Floor panel;A330;AIRBUS;Repair;;;
53;F5367283817600;Floor panel;A330;AIRBUS;Repair;;;
53;F5367114004800;Floor panel;A330;AIRBUS;Repair;;;
53;F5367283817100;Floor panel;A330;AIRBUS;Repair;;;
53;F5367281000200;Floor panel;A330;AIRBUS;Repair;;;
53;F5367280300000;Floor panel;A330;AIRBUS;Repair;;;
53;F5367112900000;Floor panel;A330;AIRBUS;Repair;;;
53;F53671112502600;Floor panel;A330;AIRBUS;Repair;;;
53;F53671112502700;Floor panel;A330;AIRBUS;Repair;;;
53;F5367113100000;Floor panel;A330;AIRBUS;Repair;;;
53;F5367111302400;Floor panel;A330;AIRBUS;Repair;;;
53;F5367111500800;Floor panel;A330;AIRBUS;Repair;;;
53;F5367111800000;Floor panel;A330;AIRBUS;Repair;;;
53;F5367283816900;Floor panel;A330;AIRBUS;Repair;;;
53;F5367232600000;Floor panel;A330;AIRBUS;Repair;;;
53;F5367280900000;Floor panel;A330;AIRBUS;Repair;;;
53;F5367286600300;Floor panel;A330;AIRBUS;Repair;;;
53;F5367280300000;Floor panel;A330;AIRBUS;Repair;;;
53;F5367232501500;Floor panel;A330;AIRBUS;Repair;;;
53;F5367232600100;Floor panel;A330;AIRBUS;Repair;;;
53;F5367232501400;Floor panel;A330;AIRBUS;Repair;;;
53;F5367232800900;Floor panel;A330;AIRBUS;Repair;;;
53;F5367235900000;Floor panel;A330;AIRBUS;Repair;;;
53;F5367286606200;Floor panel;A330;AIRBUS;Repair;;;
53;A9232024200010;Radome assembly; /;AIRBUS;Inspection - Repair;;;
53;A9232024200011;Radome assembly; /;AIRBUS;Inspection - Repair;;;
53;A9232024200012;Radome assembly; /;AIRBUS;Inspection - Repair;;;
53;A9232060600500;Radome assembly; /;AIRBUS;Inspection - Repair;;;
53;A9232060600600;Radome assembly; /;AIRBUS;Inspection - Repair;;;
53;A9232060600700;Radome assembly; /;AIRBUS;Inspection - Repair;;;
25;SK950410811-007;"Credenza C6	";A310-304 MSN 0431;AIRBUS;Modification;;;
25;SK950410811-006;"Credenza C5	";A310-304 MSN 0431;AIRBUS;Modification;;;
25;SK950410811-005;"Credenza C4	";A310-304 MSN 0431;AIRBUS;Modification;;;
25;SK950410811-004;Credenza C3;A310-304 MSN 0431;AIRBUS;Modification;;;
25;SK950410811-003;Credenza C2;A310-304 MSN 0431;AIRBUS;Modification;;;
25;SK950410811-002;Credenza C1;A310-304 MSN 0431;AIRBUS;Modification;;;
25;SK950411011-002;Toilet bench;A310-304 MSN 0431;AIRBUS;Modification;;;
25;SK950411011-003;Backrest toilet bench;A310-304 MSN 0431;AIRBUS;Modification;;;
25;SK950411207-002;wall panel;A310-304 MSN 0431;AIRBUS;Modification;;;
25;115011-1;Bed closeout assy ;A310-304 MSN 0431;AIRBUS;Modification;;;
25;SK950411206-007;headboard assy;A310-304 MSN 0431;AIRBUS;Modification;;;
25;115009-3 ;Fwd RH sideledge;A310-304 MSN 0431;AIRBUS;Modification;;;
25;115009-4 ;Aft RH sideledge;A310-304 MSN 0431;AIRBUS;Modification;;;
25;SK950411209-002;Outboard divan;A310-304 MSN 0431;AIRBUS;Modification;;;
25;SK950411209-005;Outboard divan ARMREST FWD;A310-304 MSN 0431;AIRBUS;Modification;;;
25;SK950411209-004;Outboard divan ARMREST AFT;A310-304 MSN 0431;AIRBUS;Modification;;;
25;315025-9;"panel assy	";A310-304 MSN 0431;AIRBUS;Modification;;;
25;315025-7;"panel assy	";A310-304 MSN 0431;AIRBUS;Modification;;;
25;315025-5;panel assy;A310-304 MSN 0431;AIRBUS;Modification;;;
25;315025-7;"panel assy_ Aft wall	";A310-304 MSN 0431;AIRBUS;Modification;;;
25;315025-3;panel assy _ aft wall ;A310-304 MSN 0431;AIRBUS;Modification;;;
25;315025-10;panel assy _ aft wall;A310-304 MSN 0431;AIRBUS;Modification;;;
25;SK950411414-005;RH sideledge fwd;A310-304 MSN 0431;AIRBUS;Modification;;;
25;SK950411412-002;Fwd Center stowage;A310-304 MSN 0431;AIRBUS;Modification;;;
25;SK950411413-002;"Aft stowage	";A310-304 MSN 0431;AIRBUS;Modification;;;
25;170010-1;Fwd divan;A310-304 MSN 0431;AIRBUS;Modification;;;
25;SK950411410-003;"Aft divan	";A310-304 MSN 0431;AIRBUS;Modification;;;
25;SK950411613-009;AFT DIVAN ARMREST R/H;A310-304 MSN 0431;AIRBUS;Modification;;;
25;SK950411613-008;FWD DIVAN ARMREST R/H;A310-304 MSN 0431;AIRBUS;Modification;;;
25;SK950411613-005;FWD DIVAN ARMREST L/H;A310-304 MSN 0431;AIRBUS;Modification;;;
25;SK950411414-002;RH sideledge aft;A310-304 MSN 0431;AIRBUS;Modification;;;
25;SK950411613-006;AFT DIVAN ARMREST L/H;A310-304 MSN 0431;AIRBUS;Modification;;;
25;SK950411613-009;"side Facing divan Armrest AFT	";A310-304 MSN 0431;AIRBUS;Modification;;;
25;SK950411613-003;Side facing divan;A310-304 MSN 0431;AIRBUS;Modification;;;
25;SK950411613-002;"Aft facing divan	";A310-304 MSN 0431;AIRBUS;Modification;;;
25;SK950411616-004;"aft stowage LH	";A310-304 MSN 0431;AIRBUS;Modification;;;
25;115019-3;"Fwd stowage CTR	";A310-304 MSN 0431;AIRBUS;Modification;;;
25;315040-69;"PANEL 6 (aft wall)	";A310-304 MSN 0431;AIRBUS;Modification;;;
25;2873019-13;"PANEL 5 (aft wall)	";A310-304 MSN 0431;AIRBUS;Modification;;;
25;2873019-9;"PANEL 4 (aft wall)	";A310-304 MSN 0431;AIRBUS;Modification;;;
25;2873019-3;"PANEL 3 (aft wall)	";A310-304 MSN 0431;AIRBUS;Modification;;;
25;2873019-5;"PANEL 2 (Aft wall)	";A310-304 MSN 0431;AIRBUS;Modification;;;
25;2873019-7;"PANEL 1 (aft wall)	";A310-304 MSN 0431;AIRBUS;Modification;;;
25;2872019-15;"PANEL 5 (Fwd wall)	";A310-304 MSN 0431;AIRBUS;Modification;;;
25;315040-51;Panel with stowage;A310-304 MSN 0431;AIRBUS;Modification;;;
25;315040-53;PANEL 2 (Fwd wall);A310-304 MSN 0431;AIRBUS;Modification;;;
25;SK950411616-002;"Side facing divan FWD  stowage	";A310-304 MSN 0431;AIRBUS;Modification;;;
25;SK950411615-003;"AFT Facing divan RH stowage	";A310-304 MSN 0431;AIRBUS;Modification;;;
25;SK950411410-005;AFT facing divan arm RH;A310-304 MSN 0431;AIRBUS;Modification;;;
25;SK950411410-004;AFT facing divan arm LH;A310-304 MSN 0431;AIRBUS;Modification;;;
25;SK950411613-008;side Facing divan Armrest FWD;A310-304 MSN 0431;AIRBUS;Modification;;;
25;SK950412008-002;"BACKREST TOILET BENCH LH	";A310-304 MSN 0431;AIRBUS;Modification;;;
25;SK950412208-003;"BACKREST TOILET BENCH RH	";A310-304 MSN 0431;AIRBUS;Modification;;;
25;SK950412010-002;"Shroud RH	";A310-304 MSN 0431;AIRBUS;Modification;;;
25;SK950412003-003;"LH Sidewall panel filler	";A310-304 MSN 0431;AIRBUS;Modification;;;
25;SK950412003-002;"LH Sidewall panel	";A310-304 MSN 0431;AIRBUS;Modification;;;
25;SK950412203-003;"RH Sidewall panel filler	";A310-304 MSN 0431;AIRBUS;Modification;;;
25;SK950412203-002;"RH Sidewall panel	";A310-304 MSN 0431;AIRBUS;Modification;;;
25;SK950412208-003;"LH Mid lavatory bench	";A310-304 MSN 0431;AIRBUS;Modification;;;
25;SK950412-008-008;"RH Mid lavatory bench	";A310-304 MSN 0431;AIRBUS;Modification;;;
25;"2006A0SDFORE19800466CN	";Single master seat S04;A310-304 MSN 0431;GOODRICH;Modification;;;
25;"2006A0SDFORE19800990CN	";Single guest seat S03;A310-304 MSN 0431;GOODRICH;Modification;;;
25;2006A0SDFORE19800990CN;Single guest seat S02;A310-304 MSN 0431;GOODRICH;Modification;;;
25;"2006A0SDFORE19800990CN	";Single guest seat S01;A310-304 MSN 0431;GOODRICH;Modification;;;
25;503168-15P0EC;"Double guest seat S05 (AFT Facing)	";A310-304 MSN 0431;GOODRICH;Modification;;;
25;"503168-13P0EC	";Double guest seat S06 (FWD Facing);A310-304 MSN 0431;GOODRICH;Modification;;;
25;"503168-13P0EC	";Double guest seat S07 (FWD Facing);A310-304 MSN 0431;GOODRICH;Modification;;;
25;2873;ROYAL LOUNGE AFT BULKHEAD ;A310-304 MSN 0431;AIRBUS;Modification;;;
25;431-114-018-005;HANDLE AFT DOOR;A310-304 MSN 0431;AIRBUS;Modification;;;
25;431-114-018-005;HANDLE FWD DOOR;A310-304 MSN 0431;AIRBUS;Modification;;;
25;SK950411616-003;Aft Stowage RH;A310-304 MSN 0431;AIRBUS;Modification;;;
25;SK950411608-002;HANDLE R/H DOOR;A310-304 MSN 0431;AIRBUS;Modification;;;
25;SK950411608-003;HANDLE R/H DOOR;A310-304 MSN 0431;AIRBUS;Modification;;;
25;SK950412210-002;Shroud LH;A310-304 MSN 0431;AIRBUS;Modification;;;
25;115021-51;Table leaf;A310-304 MSN 0431;AIRBUS;Modification;;;
25;115021-57;Table top;A310-304 MSN 0431;AIRBUS;Modification;;;
25;115021-53;Table leaf;A310-304 MSN 0431;AIRBUS;Modification;;;
25;115021-59;Table top;A310-304 MSN 0431;AIRBUS;Modification;;;
25;115021-55;Table leaf;A310-304 MSN 0431;AIRBUS;Modification;;;
25;115021-61;Table top;A310-304 MSN 0431;AIRBUS;Modification;;;
25;115017-53;Table leaf;A310-304 MSN 0431;AIRBUS;Modification;;;
25;115017-51;Table top;A310-304 MSN 0431;AIRBUS;Modification;;;
25;2872019-7;PANEL 3 (Fwd wall);A310-304 MSN 0431;AIRBUS;Modification;;;
25;315040-55;PANEL 4 (Fwd wall);A310-304 MSN 0431;AIRBUS;Modification;;;
25;221616-5;Dome assy;A310-304 MSN 0431;AIRBUS;Modification;;;
25;3ANF1209 series;Millenium Passenger seats;A330 MSN 863;B/E  AEROSPACE;Modification;;;
25;"FFCL5-02GF01-01
FFCL5-02GF02-01";FIRST CLASS SEAT;A330 MS 863;EADS SOGERMA;Modification;;;
25;"AMGF1-100000-01
AMGF1-300000-01";F/C Seat Furniture;A330 MS 863;EADS SOGERMA;Modification;;;
23;Z054H230D030;CIDS CAM ;A320 MSN 3433 &c3472;AIRBUS;Modification;;;
23;Z054H230D040;CIDS CAM ;A320 MSN 3385 & 3388;AIRBUS;Modification;;;
23;Z054H230D050;CIDS CAM ;A320 MSN 3834;AIRBUS;Modification;;;
23;JP2551;Jack panel modification;/ ;TEAM;Modification;;;
54;S5421014000500;COWL ASSY (Upper cowl);ATR42-500;ATR;Repair;;;
54;S5421014000500;COWL ASSY (Upper cowl);ATR42-500;ATR;Repair;;;
54;S5421014000500;COWL ASSY (Upper cowl);ATR42-500;ATR;Repair;;;
57;S5741004200095;Leading edge assy;ATR;ATR;Inspection - Repair;;;
30;S5741004200095;Leading edge assy;ATR;ATR;Inspection - Repair;;;
57;S5741004200095;Leading edge assy;ATR;ATR;Repair;;;
57;S5741004200095;Leading edge assy;ATR;ATR;Repair;;;
23;Z054H230D070;CIDS CAM ;A320 MSN 2590;AIRBUS;Modification;;;
23;Z054H230D060;CIDS CAM ;A320 MSN 2590 &3099 & 3189;AIRBUS;Modification;;;
23;Z054H230D080;CIDS CAM ;A320 MSN 3410;AIRBUS;Modification;;;
53;S5397120900201;Panel assy;ATR42;ATR;Repair;;;
53;S5397120900201;Panel assy;ATR42;ATR;Repair;;;
53;S5397120900201;Panel assy;ATR42;ATR;Repair;;;
53;S5397121001800;Panel assy;ATR42;ATR;Repair;;;
53;S5397121001800;Panel assy;ATR42;ATR;Repair;;;
53;S5397121001800;Panel assy;ATR42;ATR;Repair;;;
30;S5741212500395;Leading edge assy;ATR72;ATR;Inspection - Repair;;;
57;S5741212500395;Leading edge assy;ATR72;ATR;Repair;;;
57;S5741212500395;Leading edge assy;ATR72;ATR;Repair;;;
25;PT15A model;"Replacement of armrest rings on Passenger seat
(Movable Aisle Armrest, Reinforced Blocked Movable Aisle Armrest, Movable Aisle Armrest)";ATR42/72;EXPLISEAT;Repair;;;
25;170-90816-405;Bin assy top;ERJ190;ZODIAC AEROSPACE;Inspection - Repair;;;
25;170-90816-406;Bin assy top;ERJ190;ZODIAC AEROSPACE;Inspection - Repair;;;
25;171-41470-403;Bin assy top;ERJ190;ZODIAC AEROSPACE;Inspection - Repair;;;
25;171-41490-403;Bin assy top;ERJ190;ZODIAC AEROSPACE;Inspection - Repair;;;
25;171-41490-404;Bin assy top;ERJ190;ZODIAC AEROSPACE;Inspection - Repair;;;
25;190-97700-403;Bin assy top;ERJ190;ZODIAC AEROSPACE;Inspection - Repair;;;
25;190-97710-401;Bin assy top;ERJ190;ZODIAC AEROSPACE;Inspection - Repair;;;
25;190-97710-402;Bin assy top;ERJ190;ZODIAC AEROSPACE;Inspection - Repair;;;
25;190-97720-401;Bin assy top;ERJ190;ZODIAC AEROSPACE;Inspection - Repair;;;
25;190-97720-402;Bin assy top;ERJ190;ZODIAC AEROSPACE;Inspection - Repair;;;
25;190-97865-401;Bin assy top;ERJ190;ZODIAC AEROSPACE;Inspection - Repair;;;
25;190-97865-402;Bin assy top;ERJ190;ZODIAC AEROSPACE;Inspection - Repair;;;
25;190-97870-401;Bin assy top;ERJ190;ZODIAC AEROSPACE;Inspection - Repair;;;
25;190-97870-402;Bin assy top;ERJ190;ZODIAC AEROSPACE;Inspection - Repair;;;
25;190-97875-401;Bin assy top;ERJ190;ZODIAC AEROSPACE;Inspection - Repair;;;
25;190-97875-402;Bin assy top;ERJ190;ZODIAC AEROSPACE;Inspection - Repair;;;
25;190-97880-401;Bin assy top;ERJ190;ZODIAC AEROSPACE;Inspection - Repair;;;
25;190-97880-402;Bin assy top;ERJ190;ZODIAC AEROSPACE;Inspection - Repair;;;
25;3510A  & 3510D series;Exit seat pan;/;RECARO;Modification;;;
25;3510A series;Exit seat pan;/;RECARO;Modification;;;
25;3510A  & 3510D series;Exit seat pan;/;RECARO;Modification;;;
25;PT15A model;Passenger seat;ATR42/72;EXPLISEAT;Modification;;;
25;170-47180-403;Panel assy door;ERJ190;ZODIAC AEROSPACE;Inspection - Repair;;;
25;170-89952-403 ;Panel assy door;ERJ190;ZODIAC AEROSPACE;Inspection - Repair;;;
25;171-41515-403;Panel assy door;ERJ190;ZODIAC AEROSPACE;Inspection - Repair;;;
25;190-95515-403;Panel assy door;ERJ190;ZODIAC AEROSPACE;Inspection - Repair;;;
25;190-97706-401;Panel assy door;ERJ190;ZODIAC AEROSPACE;Inspection - Repair;;;
25;S2551067700000;Panel assy;ATR42;ATR;Inspection - Repair;;;
25;S2541505900000;Partition assy;ATR;ATR;Inspection - Repair;;;
25;D25271129149009;Window panel;A318/A319/A320/A321;AIRBUS;Repair;;;
25;D25271123036009;Window panel;A318/A319/A320/A321;AIRBUS;Repair;;;
25;D2529182207300;Window panel;A318/A319/A320/A321;AIRBUS;Repair;;;
25;D2529181208000;Window panel;A318/A319/A320/A321;AIRBUS;Repair;;;
23;Z054H238G010;CIDS CAM ;A321 MSN 3106;AIRBUS;Modification;;;
25;3510B386 serie;Passenger seat;A330-300 & A340-300;RECARO;Inspection - Repair;;;
57;S5791203100700;Fairig assy (FLAP SUPPORT HINGE FAIRING);ATR72;ATR;Repair;;;
57;S5791203100700;Fairig assy (FLAP SUPPORT HINGE FAIRING);ATR72;ATR;Repair;;;
57;S5791203100700;Fairig assy (FLAP SUPPORT HINGE FAIRING);ATR72;ATR;Repair;;;
25;D2527401500900;Partition RH assy;A321-211 MSN 4728;AIRBUS;Modification;;;
25;D2527401500600;Partition LH assy;A321-211 MSN 4728;AIRBUS;Modification;;;
25;D2527401500900;Partition RH assy;A321-211 MSN 4728;AIRBUS;Inspection - Repair;;;
25;D2527401500600;Partition LH assy;A321-211 MSN 4728;AIRBUS;Inspection - Repair;;;
25;5496-02;Net Assy;ATR42/72;INDRAERO SIREN;Inspection - Repair;;;
25;PT15E-03AHRA;LH  front row double seat;ATR42/72;EXPLISEAT;Modification;;;
25;PT15E-04AHRA;RH  front row double seat;ATR42/72;EXPLISEAT;Modification;;;
25;PT15E-02AHUA;RH  Aft facing double seat;ATR42/72;EXPLISEAT;Modification;;;
25;536 series;Crew member seat Free-standing 16G;ATR42/72;ZODIAC SEATS France;Inspection - Repair;;;
25;537 series;Crew member seat Rotating 16G;ATR42/72;ZODIAC SEATS France;Inspection - Repair;;;
25;F2525801001400;1/2 FRAME CENTER OVHD STOWAGE;A330-200 MSN 316;AIRBUS;Modification;;;
25;F9255844001600;4 FRAME CENTER OVHD STOWAGE;A330-200 MSN 316;AIRBUS;Modification;;;
25;F9255844001800;4 FRAME CENTER OVHD STOWAGE;A330-200 MSN 316;AIRBUS;Modification;;;
25;F2527359108200;End cover panel;A330-200 MSN 316;AIRBUS;Inspection - Repair;;;
25;F2527359108400;End cover panel;A330-200 MSN 316;AIRBUS;Inspection - Repair;;;
25;F2527382000000;OHD Stow. Strut;A330-200 MSN 316;AIRBUS;Inspection - Repair;;;
25;7453;Change of seat cushions and covers;ATR72 MSN 590;ZODIAC SEATS France;Modification;;;
25;F2527384000200;Brace Tie Assy;A330-200 MSN 316;AIRBUS;Inspection - Repair;;;
25;F2527385000200;Brace Tie Assy;A330-200 MSN 316;AIRBUS;Inspection - Repair;;;
25;866500  & 877330 & 861901-4xx;Buiness class double and triple seat (model 5810);/;WEBER (ZODIAC);Inspection - Repair;;;
21;974x000-xx;PLENUM;A330/A340;LIEBHERR;Inspection - Repair;;;
71;105021(X);Bobbin assy;/;AERAZUR (Zodiac);Inspection;;;
23;Z054H238G020;CIDS CAM ;A321-211 MSN 4728;AIRBUS;Modification;;;
25;D25490 series;LAVATORY A;/;DIEHL;Inspection - Repair;;;
25;R22540 series;LAVATORY A;/;DIEHL;Inspection - Repair;;;
25;D254716 series;LAVATORY A;/;DIEHL;Inspection - Repair;;;
25;D25490 series;LAVATORY D;/;DIEHL;Inspection - Repair;;;
25;D254716 series;LAVATORY D;/;DIEHL;Inspection - Repair;;;
25;R22540 series;LAVATORY D;/;DIEHL;Inspection - Repair;;;
25;R254H1 series;LAVATORY D;/;DIEHL;Inspection - Repair;;;
25;D25490 series;LAVATORY E;/;DIEHL;Inspection - Repair;;;
25;D254716 series;LAVATORY E;/;DIEHL;Inspection - Repair;;;
25;R254H1 series;LAVATORY E;/;DIEHL;Inspection - Repair;;;
25;R22540 series;LAVATORY E;/;DIEHL;Inspection - Repair;;;
25;S34113 series;Business class seat;A330-300, A340-300 FINNAIR;ZODIAC (ex CONTOUR);Inspection - Repair;;;
38;17600-204;Self-contained hand flushing Toilet assembly;/;MONOGRAM SYSTEMS;Inspection - Repair;;;
38;14330-375;Vacuum Generator;/;MONOGRAM SYSTEMS;Inspection - Repair;;;
25;3210 series;Inflight Trash Compactor (Double Box),;/;MONOGRAM SYSTEMS;Inspection - Repair;;;
25;3210 series;Inflight Trash Compactor (Single Box),;/;MONOGRAM SYSTEMS;Inspection - Repair;;;
38;70700;Vacuum Blower;/;MONOGRAM SANITATION;Inspection - Repair;;;
25;TAAI2-13 serie;POWERED CAPTAIN & FIRST OFFICER SEATS;/;STELIA AEROSPACE;Inspection - Repair;;;
23;Z054H2375022;CIDS CAM ;A320 MSN 5055;AIRBUS;Modification;;;
25;3510B386 serie;Replace seat dress cover - Passenger seat;A340 MSN 0835, 0844, 0921, 0938.;RECARO;Modification;;;
25;S34113 series;Replace seat dress cover - B/C seat;A340 MSN 0835, 0844, 0921, 0938.;CONTOUR Vantage (ZODIAC);Modification;;;
25;"S34013-387-311
S34013-387-312
S34013-387-313
S34013-387-315
S34013-387-316";Carpet ;A340 MSN 0938;ZODIAC (ex CONTOUR);Inspection;;;
25;709195-342-00;Curtain;A340 MSN 0938;LANTAL AIRLINE SERVICES;Inspection;;;
25;710195-342-01;Curtain;A340 MSN 0938;LANTAL AIRLINE SERVICES;Inspection;;;
25;710195-342-02;Curtain;A340 MSN 0938;LANTAL AIRLINE SERVICES;Inspection;;;
25;714205-342-00;Curtain;A340 MSN 0938;LANTAL AIRLINE SERVICES;Inspection;;;
25;708205-342-01;Curtain;A340 MSN 0938;LANTAL AIRLINE SERVICES;Inspection;;;
25;708205-342-02;Curtain;A340 MSN 0938;LANTAL AIRLINE SERVICES;Inspection;;;
25;708205-342-03;Curtain;A340 MSN 0938;LANTAL AIRLINE SERVICES;Inspection;;;
25;706221-342-02;Curtain;A340 MSN 0938;LANTAL AIRLINE SERVICES;Inspection;;;
25;708204-342-01;Curtain;A340 MSN 0938;LANTAL AIRLINE SERVICES;Inspection;;;
25;708204-342-02;Curtain;A340 MSN 0938;LANTAL AIRLINE SERVICES;Inspection;;;
25;708205-342-04;Curtain;A340 MSN 0938;LANTAL AIRLINE SERVICES;Inspection;;;
25;707205-342-01;Curtain;A340 MSN 0938;LANTAL AIRLINE SERVICES;Inspection;;;
25;707205-342-02;Curtain;A340 MSN 0938;LANTAL AIRLINE SERVICES;Inspection;;;
25;709197-342-00;Curtain;A340 MSN 0938;LANTAL AIRLINE SERVICES;Inspection;;;
25;716197-342-00;Curtain;A340 MSN 0938;LANTAL AIRLINE SERVICES;Inspection;;;
25;11207-342-02 ;Tie Back;A340 MSN 0938;LANTAL AIRLINE SERVICES;Inspection;;;
25;11225-342;Tie Back;A340 MSN 0938;LANTAL AIRLINE SERVICES;Inspection;;;
25;11224-342;Tie Back;A340 MSN 0938;LANTAL AIRLINE SERVICES;Inspection;;;
25;11266-342;Tie Back;A340 MSN 0938;LANTAL AIRLINE SERVICES;Inspection;;;
25;11224-342-02;Tie Back;A340 MSN 0938;LANTAL AIRLINE SERVICES;Inspection;;;
25;S34113-235-301AYM2;Bottom cover - Business class;A340 MSN 0938;TAMMER-SUOJA OY AB;Inspection;;;
25;S34113-236-30xAYM1;Backrest cover - Business class;A340 MSN 0938;TAMMER-SUOJA OY AB;Inspection;;;
25;S34113-239-301AYM1;Legrest cover - Business class;A340 MSN 0938;TAMMER-SUOJA OY AB;Inspection;;;
25;S34113-238-30xAYM1;Headrest cover - Business class;A340 MSN 0938;TAMMER-SUOJA OY AB;Inspection;;;
25;S34113-235-301;Bottom cover - Business class;A340 MSN 0938;TAMMER-SUOJA OY AB;Inspection;;;
25;S34113-236-30x;Backrest cover - Business class;A340 MSN 0938;TAMMER-SUOJA OY AB;Inspection;;;
25;S34113-239-301;Legrest cover - Business class;A340 MSN 0938;TAMMER-SUOJA OY AB;Inspection;;;
25;S34113-238-30x;Headrest cover - Business class;A340 MSN 0938;TAMMER-SUOJA OY AB;Inspection;;;
25;386-00-73x-02;Bottom cover - Tourist class;A340 MSN 0938;TAMMER-SUOJA OY AB;Inspection;;;
25;386-00-70x-02;Backrest cover - Tourist class;A340 MSN 0938;TAMMER-SUOJA OY AB;Inspection;;;
25;386-00-710-02;Literature pocket cover - Tourist class;A340 MSN 0938;TAMMER-SUOJA OY AB;Inspection;;;
25;386-00-72x-02;Headrest cover - Tourist class;A340 MSN 0938;TAMMER-SUOJA OY AB;Inspection;;;
25;386-00-73x-02AYM1;Bottom cover - Tourist class;A340 MSN 0938;TAMMER-SUOJA OY AB;Inspection;;;
25;386-00-70x-02AYM1;Backrest cover - Tourist class;A340 MSN 0938;TAMMER-SUOJA OY AB;Inspection;;;
25;386-00-710-02AYM1;Literature pocket cover - Tourist class;A340 MSN 0938;TAMMER-SUOJA OY AB;Inspection;;;
25;386-00-72x-02AYM1;Headrest cover - Tourist class;A340 MSN 0938;TAMMER-SUOJA OY AB;Inspection;;;
31;"F92590 series
G92590 series";PSU (Passenger Service Unit); / ;AIRBUS;Inspection - Repair;;;
53;S5307032200200;Floor panel;ATR;ATR;Repair;;;
53;S5307030200800;Floor panel;ATR;ATR;Repair;;;
25;F9255844001400;4 FRAME CENTER BIN;A330-200 MSN 491;AIRBUS;Modification;;;
25;F9255824001600;2 FRAME CENTER BIN;A330-200 MSN 491;AIRBUS;Modification;;;
25;F9255844002000;4 FRAME CENTER BIN;A330-200 MSN 491;AIRBUS;Modification;;;
25;F9255440100400;4 FRAME CENTER BIN;A330-200 MSN 491;AIRBUS;Modification;;;
25;F2527359103600;End cover panel;A330-200-MSN 491;AIRBUS;Inspection - Repair;;;
25;F2527359802000;End cover panel;A330-200-MSN 491;AIRBUS;Inspection - Repair;;;
25;F2527384000400;Brace Tie Assy;A330-200 MSN 491;AIRBUS;Inspection - Repair;;;
25;F2527385000400;Brace Tie Assy;A330-200 MSN 491;AIRBUS;Inspection - Repair;;;
25;F9255824001800;2 FRAME CENTER BIN;A330-200 MSN 509;AIRBUS;Modification;;;
25;F2527359100400;End cover panel;A330-200 MSN 509;AIRBUS;Inspection - Repair;;;
25;F2527385000800;Brace Tie Assy;A330-200 MSN 491;AIRBUS;Inspection - Repair;;;
25;S2521900403200;DOOR ASSY;ATR42-500 MSN 1214, 1216, 1217, 1219;ATR;Modification;;;
25;S2551500800200;SHROUD ASSY;ATR42-500 MSN 1214, 1216, 1217, 1219;ATR;Modification;;;
25;S2522971300200;WINDOW PANEL ASSY;ATR42-500 MSN 1214, 1216, 1217, 1219;ATR;Modification;;;
25;C37N00-21-0403;Class divider LH;B737NG;AMES;Inspection - Repair;;;
25;C37N00-22-0403;Class divider RH;B737NG;AMES;Inspection - Repair;;;
25;JP2551;Jack panel modification; / ;TEAM;Modification;;;
25;9E01 series;Double passenger seats;CRJ700 Britair;SICMA AERO SEAT (ZODIAC);Inspection - Repair;;;
25;9D01 series;Double passenger seats;CRJ700 Britair;SICMA AERO SEAT (ZODIAC);Inspection - Repair;;;
25;S34113 series;A340 Seats refurbishing for Air Belgium;A340 MSN 0835, 0844, 0921, 0938.;ZODIAC (ex CONTOUR);Modification;;;
25;3510B386 serie;A340 Seats refurbishing for Air Belgium;A340 MSN 0835, 0844, 0921, 0938.;RECARO;Modification;;;
25;S2551278400200;Equipped cloth;ATR;ATR;Inspection - Repair;;;
53;8SC8001 series;Floor panel;Bombardier DHC-8 series 400;COMTEK;Inspection - Repair;;;
53;601R31670;Floor panel;CRJ-700/900/1000;COMTEK;Inspection - Repair;;;
53;xx670-3yyyy series;Floor panel;CRJ-700/900/1000;COMTEK;Inspection - Repair;;;
53;xx690-3yyyy series;Floor panel;CRJ-700/900/1000;COMTEK;Inspection - Repair;;;
53;BA698-3yyyy series;Floor panel;CRJ-700/900/1000;COMTEK;Inspection - Repair;;;
25;185 series;Pilot & Copilot seat F7X;F7X;SICMA AERO SEAT (ZODIAC);Inspection - Repair;;;
57;S5741004200200;Leading edge assy;ATR42;ATR;Modification;;;
25;1000002060-01;JUMPSEAT (3e membre);/;DECRANE;Inspection - Repair;;;
25;D1-06-xxx-2GR series;Passenger seat - Lightweight model; / ;GEVEN;Inspection - Repair;;;
25;D1-03-60x-2GR series;Passenger seat - Lightweight model; / ;GEVEN;Inspection - Repair;;;
25;3510B386 serie;"Hammock Headrest Installation
including a modification of backrest assembly";A330-300 & A340-300;RECARO;Modification;;;
57;S5741004200295;Leading edge assy;ATR42;ATR;Modification;;;
25;7XIV-A-01-012;Pleated Window Shade;F7X MSN 085;DASSAULT;Modification;;;
25;F7XC252311070A1E03;Window Panel;F7X MSN 085;DASSAULT;Modification;;;
25;F7XC252311096E02;Window Panel;F7X MSN 085;DASSAULT;Modification;;;
25;F7XC25353C579E01;Window Panel Crew Rest;F7X MSN 085;DASSAULT;Modification;;;
25;F7XC252312123E02;Window Panel;F7X MSN 085;DASSAULT;Modification;;;
25;F7XC252312DAE03;Window Panel;F7X MSN 085;DASSAULT;Modification;;;
25;F7XC252312096;Window Panel;F7X MSN 085;DASSAULT;Modification;;;
25;7XIV-A-01-012-E;Pleated Window Shade;F7X MSN 085;DASSAULT;Modification;;;
25;S2511065800800;Lateral Panel assy 212DW - cockpit;ATR;ATR;Inspection - Repair;;;
25;S2511066200600;Lateral Panel assy 211DW - cockpit;ATR;ATR;Inspection - Repair;;;
25;"603013 series
603017 series
603018 series
603019 series
603020 series
603127 series
603142 series";Single and double seats model 6004 & 6005;/;GOODRICH;Inspection - Repair;;;
25;"12PP4Z2H24KX
12PP5Z2H24KX";"DBL SEAT, RH IAT AFTER-FACING
DBL SEAT, RH IAT AFTER-FACING NO RECLINE";ATR42-500;AVIO INTERIORS;Inspection - Repair;;;
25;"7070 model
5500 model";Passenger seat;/;WEBER (ZODIAC);Inspection - Repair;;;
25;B1010SS model;Tourist class double;ATR-72;BRICE Manufacturing Company ;Inspection - Repair;;;
25;603013-51PBA20CCCE;Single Seat;F7X MSN 085;"GOODRICH 
(ex-DECRANE)";Modification;;;
25;603013-53PAA20CCCE;Single Seat;F7X MSN 085;"GOODRICH 
(ex-DECRANE)";Modification;;;
25;603013-54PAA20CCCQ;Single Seat;F7X MSN 085;"GOODRICH 
(ex-DECRANE)";Modification;;;
25;603127-04PAA00AACQ;Crew Rest Single Seat;F7X MSN 085;"GOODRICH 
(ex-DECRANE)";Modification;;;
25;603013-52PBA20CCCQ;Single Seat;F7X MSN 085;"GOODRICH 
(ex-DECRANE)";Modification;;;
25;603017-53PAA20ACCE;Double Seat;F7X MSN 085;"GOODRICH 
(ex-DECRANE)";Modification;;;
25;603017-51PAA20ACCE;Double Seat;F7X MSN 085;"GOODRICH 
(ex-DECRANE)";Modification;;;
25;18521-02-02;Pilot Seat;F7X MSN 085;SICMA AERO SEAT (ZODIAC);Modification;;;
25;18522-02-02;Co-Pilot Seat;F7X MSN 085;SICMA AERO SEAT (ZODIAC);Modification;;;
25;1000002060-01;Jump seat MODEL 4043;F7X MSN 085;DECRANE;Modification;;;
25;11S31110063A;Lighted panel;ALENIA;ATR;Modification;;;
25;11S31110015D;Lighted panel;ALENIA;ATR;Modification;;;
25;11S31110123B;Lighted panel;ALENIA;ATR;Modification;;;
25;132 series;Pilot & Copilot seat F900;/;SICMA AERO SEAT (ZODIAC);Inspection - Repair;;;
25;3102 model;Crew seat;F900;DECRANE;Inspection - Repair;;;
25;503007;Executive Manual seat;/;DECRANE;Inspection - Repair;;;
;;;;;;;;
;;;;;;;;
