000-100100-7;SEAL;NE;1
000-100100-7;SEAL;NE;1
000-100100-7;SEAL;NE;1
000-100100-7;SEAL;NE;1
00003022-3;SEAL ;NE;1
00033102-2;LENS-RH;NE;1
002-410061-3;SEAL;NE;1
002-430000-97;BUSHING;NE;1
002-430010-7;BULKHEAD;NE;1
002-920034-1;FUEL CELL LH;NE;1
01-0770339-34;LIGHT ASSY;NE;4
01-0770966-00;LIGHT ASSEMBLY-TAIL;NE;1
01-0770966-00;LIGHT ASSEMBLY-TAIL;NE;1
01-0770966-00;LIGHT ASSEMBLY-TAIL;NE;1
01-0770966-00;LIGHT ASSEMBLY-TAIL;NE;1
01-0770966-00;LIGHT ASSEMBLY-TAIL;NE;1
01-0770966-00;LIGHT ASSEMBLY-TAIL;NE;1
01-0770966-00;LIGHT ASSEMBLY-TAIL;NE;1
01-0770966-00;LIGHT ASSEMBLY-TAIL;NE;1
01-0770966-00;LIGHT ASSEMBLY-TAIL;NE;1
01-0771120-00;PTA POWER;NE;1
01-0771148-00;ANTI-COLLISION LIGHT WINGLET ;NE;1
01-0790044-19 C;ANTI-COLLISION LIGHT;NE;1
01-748210;LICON SWITCH;NE;1
0108900-43 S;RESTRAINT SYSTEM;NE;1
011-01356-00;TRAFFIC ADVISORY SYSTEM ;AR;1
01R31H1111-02;CASE ASSY, TURBINE EXHAUST;RP;1
2513;RIGHT HAND WINDSHIELD;SV;1
027-697-0;MAIN TIRE;NE;1
027-697-0;MAIN TIRE;NE;1
027-697-0;MAIN TIRE;NE;1
027-697-0;MAIN TIRE;NE;1
292447250;HP NOZZLE GUIDE VANE;RP;1
02C33K01-180 A;NEBULIZER ASSEMBLY;NE;1
02R30J2078-01;CASE ASSY, INTERMEDIATE;RP;1
06/03/32;PLUG;NE;50
03-134-01;STOPPER;NE;3
031-613-4;TIRE 18X44 MICHELIN;SC;1
031-614-0;NOSE TIRE;SC;1
031-614-0;NOSE TIRE;NE;1
033-631-0;TIRE, 18X5.5 10P 210MPH;NE;1
033-631-0;TIRE, 18X5.5 10P 210MPH;NE;1
037913-05-45;KIT, ELEMENT;NE;1
038493-12;FILTER (NON MSP CUSTOMER ONL;NE;1
03R3028332;CASE ASSY, GAS GENERATOR;AR;1
0442-0031;VALVE ASSY;NE;1
0460216-1;SPRING;NE;8
04D1158-005;BRACKET ASSY, SNUBBER, COWL;AR;1
04D1158-006;BRACKET ASSY;AR;1
04E0116-203;PANEL ASSY, FIREBOX;AR;4
04E0302-001;PANEL ASSY, FIREBOX LWR;AR;1
04E0302-002;PANEL ASSY, FIREBOX LWR;AR;1
04F0432-003;BRACKET ASSY;AR;2
04F0433-001;BRACKET ASSY;AR;2
04F0480-001;BRACKET ASSY;AR;2
04F0804-001;BRACKET ASSY;AR;1
04F0811-001;ROD ASSY;AR;2
04F0811-003;ROD ASSY;AR;2
05-340209;SCREW;NE;3
0505087-15;PLACARD-OP LIMITS;NE;3
0511326-2;COVER;NE;1
057-3005-000;END BELL CLAMP;NE;1
066-01175-2101 C;KMH-820;NE;1
067-03400 A;SPACER;NE;2
068-01700;SHIM;NE;1
068-01700;SHIM;NE;4
06DU03;BUSHING;NE;1
06DU03;BUSHING;NE;3
06DU08;BEARING;NE;5
06DU08;BEARING;NE;1
06DU08;BEARING;NE;1
06DU08;BEARING;NE;1
06DU08;BEARING;NE;1
06DU08;BEARING;NE;1
06DU08;BEARING;NE;1
06DU08;BEARING;NE;1
06DU08;BEARING;NE;1
06DU08;BEARING;NE;1
06DU08;BEARING;NE;1
06DU08;BEARING;NE;1
0705023-12;PLACARD;NE;8
0705059-1;WINDOW PLACARD;NE;2
07311-00;O-RING, LAV WTR TNK COUPLER;NE;1
07C0001-006;COWL, NOSE (RH) FULLY EQUIP;SV;1
07D0001-013;DOOR, UPPER FAN COWLING (LH);SV;1
07D0001-014;DOOR, UPPER FAN COWLING (RH);SV;1
07D1001-017;DOOR, LOWER (LH);SV;1
07D1002-017;LOWER DOOR;AR;1
07E0016-005;PANEL ASSY, FIREBOX, UPPER;AR;1
07E0016-006;PANEL ASSY, FIREBOX, UPPER;AR;1
07E0092-003;PANEL ASSY, ACCESS, COWL;AR;2
07F0300-003;DUCT ASSY;AR;2
07F0303-005;DUCT ASSY;AR;1
07F0303-005;DUCT ASSY;AR;1
07F0304-003;DUCT ASSY;AR;2
07F0313-003;DUCT ASSY;AR;1
07F0313-004;DUCT ASSY;AR;1
07F0316-001;BRACKET ASSY, PRESSURE TRANSDUCER;AR;2
07F0710-003;BRACKET;SV;1
07F1101-001;DUCT ASSY, AIR STARTER;AR;1
07F1102-001;DUCT ASSY;AR;2
07F1207-001;BRACKET ASSY;AR;1
07G0001-009;LH THRUST REVERSER;SV;1
07G0001-011;RH THRUST REVERSER;SV;1
0812235-10;COVER ASSY;NE;1
08125-20629;BEARING: CONE,ROLLER,TAPERED;NE;1
08125-20629;BEARING: CONE,ROLLER,TAPERED;NE;1
0813502-1;KNOB;NE;1
08231-20629;BEARING RACE;NE;4
0841200-15;RING;NE;1
0856KV9;PITOT STATIC PROBE;SC;1
0856WC4;RH PROBE;AR;1
0861108-5;MARKER;NE;1
0871CT2;Ice Detector Annunciator;AR;1
0871HUJ C;ICE DETECTOR;NE;1
09-130021-002;WATER TREATMENT UNIT;RP;1
092-308-0;PACKING;NE;6
093112-1-03N;SWITCH,ROTARY,STANDARD;NE;1
099-799-100;SEARCH LIGHT ASSY;RP;1
1-09636-00-00;BLANKET ASSY, INSULATION;AR;1
1-09636-00-00;BLANKET ASSY, INSULATION;AR;1
1-09637-00-00;BLANKET ASSY, INSULATION;AR;1
1-09637-00-00;BLANKET ASSY, INSULATION;AR;1
1-09638-00-00;BLANKET ASSY, INSULATION;AR;1
1-09638-00-00;BLANKET ASSY, INSULATION;AR;1
1-09639-00-00;BLANKET ASSY, INSULATION;AR;1
1-09639-00-00;BLANKET ASSY, INSULATION;AR;1
1-09640-00-00;BLANKET ASSY, INSULATION;AR;1
1-09640-00-00;BLANKET ASSY, INSULATION;AR;1
1-09641-00-00;BLANKET ASSY, INSULATION;AR;1
1-09641-00-00;BLANKET ASSY, INSULATION;AR;1
1-09832-00-00;BLANKET ASSY, INSULATION;AR;1
1-09832-00-00;BLANKET ASSY, INSULATION;AR;1
1-09833-00-00;BLANKET ASSY, INSULATION;AR;1
1-09833-00-00;BLANKET ASSY, INSULATION;AR;1
1-09834-00-00;BLANKET ASSY, INSULATION;AR;1
1-09834-00-00;BLANKET ASSY, INSULATION;AR;1
1-09835-00-00;BLANKET ASSY, INSULATION;AR;1
1-09835-00-00;BLANKET ASSY, INSULATION;AR;1
1-09836-00-00;BLANKET ASSY, INSULATION;AR;1
1-09836-00-00;BLANKET ASSY, INSULATION;AR;1
1-09838-00-00;BLANKET ASSY, INSULATION;AR;1
1-09839-00-00;BLANKET ASSY, INSULATION;AR;1
1-09840-00-00;BLANKET ASSY, INSULATION;AR;1
1-09841-00-00;BLANKET ASSY, INSULATION;AR;1
1-09844-00-00;BLANKET ASSY, INSULATION;AR;1
1-09845-00-00;BLANKET ASSY, INSULATION;AR;1
1-09846-00-00;BLANKET ASSY, INSULATION;AR;1
1-09847-00-00;BLANKET ASSY, INSULATION;AR;1
1-09852-00-00;BLANKET ASSY, INSULATION;AR;1
1-09852-00-00;BLANKET ASSY, INSULATION;AR;1
1-09872-00-00;BLANKET ASSY, FIRESHIELD, OUTER;AR;1
1-09873-00-00;BLANKET ASSY, FIRESHIELD INNER;AR;1
1-09874-00-00;BLANKET ASSY, INSULATION;AR;1
1-09874-00-00;BLANKET ASSY, INSULATION;AR;1
1-09875-00-00;BLANKET ASSY, FIRESHIELD OUTER;AR;1
1-09876-00-00;BLANKET ASSY, FIRESHIELD INNER;AR;1
1-09900-00-00;BLANKET ASSY, INSULATION;AR;1
1-09900-00-00;BLANKET ASSY, INSULATION;AR;1
1-09901-00-00;BLANKET ASSY, INSULATION;AR;1
1-09901-00-00;BLANKET ASSY, INSULATION;AR;1
1-1213AH;PRESSURE SWITCH;SV;1
1-294-010;PUSH PULL KNOB;NE;4
1.5KE51CA;DIODE;NE;4
10-381550-2 O;EXCITER (301296B);NE;1
10-381550-4;IGNITION EXCITER;AR;1
10-381550-4;IGNITION EXCITER;OH;1
10-392000-2;IGNITION BOX;OH;1
10-392000-2;IGNITION BOX;RP;1
10-392000-2;IGNITION BOX;RP;1
10-617050-4;IGNIT UNIT EXCITER;AR;1
10-631045-3;EXCITER, IGNITION;RP;1
10-900-53;STATIC WICK;NE;2
10-900-53;STATIC WICK;NE;1
100-0211-03;BATTERY CHARGER;AR;1
100-028-5611;SEAL;NE;2
100-028-5611;SEAL;NE;1
100-0540-04;BATTERY  EMERGENCY ;SV;1
100-0540-04;BATTERY  EMERGENCY ;SV;1
100-110-5611;SEAL;NE;1
100-110-5611;SEAL;NE;1
100-125-5611;SEAL FUEL PANEL;NE;1
100-2692-02;BATTERY ;OH;1
100-524073-1 O;FLAP MOTOR/GRBX ASY;NE;1
100-530481-1;PLACARD, TABLE INSTR/CABIN T;NE;1
10018200K;VALVE-ANTI-ICING;AR;1
10018200K;VALVE-ANTI-ICING;AR;1
1001G;HINGE;NE;6
1006C;RETAINER;NE;1
100801A14-0375;SPACER;NE;1
100942N0028-14;SPRING (T);NE;4
100951DD050UG;WASHER;NE;25
10097-4;LID , PREPCO;NE;1
100K24-15;CL300 DECAL KIT;NE;3
101-341101-71B/C;PLACARD ELT;NE;1
101-384032-9;VALVE ASSY.  ADP/87;NE;1
101-384083-1;PLATE-INSTRUCTION, CHAIR AND;NE;1
101-430069-3;DECAL;NE;1
101-521022-5;CABLE;NE;1
101-521022-5;CABLE;NE;1
101-521034-1;WASHER;NE;1
101-530153-1;PLACARD;NE;2
101-530250-1;PLACARD;NE;2
101-530250-1;PLACARD;NE;4
101-530576-1;DECAL;NE;3
101-555171-1;FILTER-EVAPORATOR;NE;2
101-810126-9;BOLT (T);NE;1
101-810126-9;BOLT (T);NE;1
101-810126-9;BOLT (T);NE;1
101-910000-83;REINFORCEMENT;NE;1
101-910022-11;HINGE ASS'Y (T);NE;1
101-910024-46;CLIP;NE;1
101-910024-46;CLIP;NE;1
101-910024-46;CLIP;NE;1
101-910025-61;DOUBLER;NE;1
101-910026-207;ARM / ASSY;NE;2
101-910026-39;BUSHING (T);NE;1
101-910026-39;BUSHING (T);NE;1
101-910026-39;BUSHING (T);NE;1
101-910026-39;BUSHING (T);NE;1
101-910038-5;CLIP;NE;4
101-910038-6;CLIP (T);NE;4
101-910049-134;ANGLE;NE;1
101-910049-30;ANGLE;NE;1
101-910049-45;STIFFNER;NE;2
101-910061-1;BOLT;NE;1
101-910088-3B/C;CAUTION DECAL;NE;1
101-910088-3B/C;CAUTION DECAL;NE;1
101-910142-13;CHANNEL;NE;1
101-920058-3;195 GAL FUEL PLACARD;NE;2
101-920059-3;DECAL;NE;1
101-920059-3;DECAL;NE;1
101-920097-11;DECAL;NE;1
101-930010-37;GASKET;NE;1
101-930010-37;GASKET;NE;1
10100C1A C;SMOKE MASK;NE;1
1012632-18;FUEL CONTROL, HYDROMECH.;RP;1
101361-7;ACTUATOR FITTING;NE;1
1016-1-110 A;CDU;NE;1
1017087;RING;SV;1
102-00083;OIL TEMP SENSOR;AR;1
102-389015-5;TRANSDUCER TACH;NE;1
102-389015-5;TRANSDUCER TACH;NE;1
102-910024-189;CLIP BAFFLE;NE;3
1022-1-11;PROBE;SV;1
1022-1-11;PROBE;SV;1
1022-1-11;PROBE;SV;1
1022-1-11;PROBE;SV;1
102464-29;CONTROL;AR;1
102464-29;CONTROL;SV;1
102464-29;CONTROL;SV;1
102466-5;REGULATOR;OH;1
1025T09P02;HARNESS;AR;1
102809-125-030;PIN;NE;1
102AU1AG;SENSOR;AR;1
104-920044-11;TUBE ASSY;NE;1
104-920044-11;TUBE ASSY;NE;1
104568;VALVE;OH;1
104568;VALVE;OH;1
104568;VALVE;SV;1
104968;VALVE;AR;1
104968;VALVE;SV;1
104968;VALVE;AR;1
104968;VALVE;SV;1
105-31700-23;BEARING;NE;1
105-31700-23;BEARING;NE;1
105-31700-23;BEARING;NE;1
105-31700-23;BEARING;NE;1
105039-1;DUAL DVD PLAYER;AR;1
105090CR025-12J;WASHER;NE;4
105739X-YH0230;BUSHING;NE;1
105739X-YH0230;BUSHING;NE;1
105739X-YH0230;BUSHING;NE;1
105739X-ZZ0670;BUSHING;NE;1
105739X-ZZ0670;BUSHING;NE;1
105740X-ZH0115;BUSHING;NE;1
10585G;FUEL HEATER;AR;1
106-1003-2V;REGULATOR - AIR;NE;1
106-530032-5;SPLINE SUNVISOR;NE;1
10614T O;OIL COOLER;NE;1
10670-40;SPIGOT WASHER KIT;NE;2
106884-3-1;CONTROL, AIR FLOW;SV;1
10730-5;SPRING;NE;1
10730-5;SPRING;NE;6
10781-4-32CR;CLAMP;NE;8
108021;BULB CASE;NE;10
109-0718-46-103;VENTILATION FAN;AR;1
109696-3-1;VALVE;SV;1
109696-4-1;VALVE;AR;1
109696-4-1;VALVE;AR;1
109776-5-1;VALVE, LOAD CONTROL;AR;1
10HM06-013;ELEMENT ASSEMBLY-COALESCER;NE;1
10HM06-013;ELEMENT ASSEMBLY-COALESCER;NE;6
10REGTBB;LOUVER;NE;4
11-0049 C;BATTERY CHARGER;NE;1
11-04788;MICROPHONE PROTECTOR COVER;NE;1
110-337;ELT ANTENNA;NE;1
110-337;ELT ANTENNA;NE;1
110-340;ELT BLADE ANTENNA;NE;1
111-0001;DOME-RED;NE;1
111722-03408;EXTRA WING ASSEMBLY SEAL;NE;1
1117D100-1;#1 SLAT ACTUATOR;AR;1
112413-4;BALL - HALF;NE;1
112413-4;BALL - HALF;NE;1
1127700;WASHER;NE;10
1134199;COVER ASSY, BELT;NE;1
1151584-1;SENSOR;AR;1
1152546-2;STARTER GEN;AR;1
115677-111;MAST;RP;1
1159PM41313-3;LINK ASSEMBLY;NE;1
1159PM41323-5;LINK ASSEMBLY;NE;1
1159SCAV373-509;CONVERTER;AR;1
1159SCAV452-1;SWITCH,SENSITIVE;NE;1
1159SCAV524-3;EMERGENCY BATTERY;REPD;1
1159SCAV524-3;EMERGENCY BATTERY;AR;1
1159SCH233-9;BLOW DOWN BOTTLE;AR;1
1159SCP408-1;ACTR;AR;1
116051-201;INLET BARRIER FILTER(IBF) ACTUATOR;AR;1
117287A2;FUEL PUMP;SV;1
1173T0759;TEMP SENSOR SWITCH;AR;1
118050-02;HANGER;NE;1
118642-7;BODY AIR VALVE;NE;1
118654-1;ACTURATOR SCREW;NE;2
11SM1T;SWITCH  (642-1111);NE;1
11SM1T;SWITCH  (642-1111);NE;1
11SM1T;SWITCH  (642-1111);NE;4
120-055-1-12;STRIP;NE;3
1202-100;BAR LIGHT;NE;1
1202-100;BAR LIGHT;NE;1
12027-1;SPIGOT;NE;1
12042-001;DIODE;NE;2
1205-1Q514;AIR OUTLET FINISH: POLISHED ALMOND GOLD. GLB ;NE;1
1205015-1;WEIGHT & BALANCE PLACARD;NE;2
121-3390;PLACARD;NE;1
121,7411;SWITCH PANEL VOLUME OVERLAY;NE;1
121,85;READ LIGHT SWITCH PANEL OVER;NE;1
121,88;SWITCH PANEL AUDIO OVERLAY;NE;2
12100PA4;K-SEAL;NE;5
1211290-003;ACTUATOR;AR;1
12149;STRIKER PLATE;NE;1
1218638-2;CONNECTOR;NE;1
1219-3175-SS;SPRING;NE;2
12194-1;BLOCK;NE;2
122051-201;INLET BARRIER DOOR ACTUATOR;AR;1
12225-0022-803;LENS;NE;1
1229-1;BATTERY TEMP GUAGE;REPD;1
12325-23;CLAMP, WIRE STRIKER;NE;1
12325-33;STRIKER WIRE;NE;1
12325-41-275;STRIKER;NE;2
1234600-3;SKIN;NE;1
1234600-4;SKIN;NE;1
1234608-3-791;TIP-ELEVATOR;NE;1
1234608-4-791;TIP;NE;1
12348-1;STOPPER;NE;1
12350-26;TRACK DIVIDER;NE;1
12351;RETAINER CLIP;NE;5
1240KDC02-005;EEC;AR;1
12410-53;WINDOW SHADE ASM(ACFS/N&PULLPLATIN;AR;1
1250154;SWITCH;NE;1
1251171;BRUSHES ;NE;2
12540-87;BRACKET  5A;NE;3
12540-87;BRACKET;NE;1
12593-9;POP UP ASSY LAV DOOR - UNFINISHED;NE;1
12649-15;LATCH TOUCH 59A;NE;3
126848-3;ACTUATOR;AR;1
12767-11B;PIN;NE;1
128-364072-5;PRINTED CIRCUIT BOARD;NE;1
128-380021-43;CABLE ASSEMBLY;NE;1
128-380021-53;CABLE ASSY;NE;2
128-380021-55;CABLE ASSY;NE;2
128-380071-43;SEAT BELT;NE;1
128-380071-43;SEAT BELT;NE;1
128-384046-3;FAN RPM INDICATOR;AR;1
1284C;LENS;NE;1
130-1010-16;BLOCK ASSEMBLY;NE;2
130-1010-16;BLOCK ASSEMBLY;NE;3
130-1010-17;GEAR 38A;NE;2
130-1010-17;GEAR 38A;NE;2
130-1010-8;SPRING, RH;NE;1
130-1010-9;SPRING, LH;NE;1
130-4004;BUZZER: WARNING;NE;1
130-4004;BUZZER: WARNING;NE;1
130-4004;BUZZER: WARNING;NE;1
130010-3;BLACK MOULDING;NE;1
130010-3;BLACK MOULDING;NE;24
130010-3;BLACK MOULDING;NE;22
130010-3;BLACK MOULDING;NE;1
1300341;SEAL;NE;2,5
130175-6P130;RECEPTACLE;NE;6
130176-5SF-18;STUD;NE;7
130176-5SF-20;STUD;NE;10
130176-5SF-24;STUD;NE;12
130177-5;PIN, STUD, POSITIVE LOCK;NE;11
13041-4;RH POPDOWN CARRIER;NE;1
13041-6;POPDOWN ASSY;NE;1
1308;BULB;NE;4
1308;BULB;NE;9
1308;BULB;NE;8
1308;BULB;NE;13
1308;BULB;NE;50
1308;BULB;NE;11
13083-5;FIRE BOTTLE SQUIBBS;AR;1
1309;LAMP: INCANDESCENT,28V,14.56;NE;102
1309;LAMP: INCANDESCENT,28V,14.56;NE;10
1309;LAMP: INCANDESCENT,28V,14.56;NE;1
1309;LAMP: INCANDESCENT,28V,14.56;NE;30
130909B15;BOLT;NE;9
130909B170;BOLT;NE;4
130909B212;BOLT;NE;2
130909B213;BOLT;NE;1
130909B213;BOLT;NE;1
130909B213;BOLT;NE;1
130909B38;BOLT, MACHINE, MAG INSPECTED;NE;43
130909B67;BOLT;NE;5
130909N15;NUT;NE;8
130909N25;NUT;NE;5
130909N25;NUT;NE;5
130909N25;NUT;NE;5
130909N25;NUT;NE;5
130909N25;NUT;NE;5
130909N25;NUT;NE;5
130909N25;NUT;NE;5
130909N25;NUT;NE;5
130909N25;NUT;NE;5
130909N25;NUT;NE;5
130909N25;NUT;NE;5
130909N6;NUT;NE;10
130909N8;NUT;NE;8
130936P4M0035;TUBE;NE;1
131350-4;INDICATOR;OH;1
131350-4;INDICATOR;SV;1
131378-25CL;LINK;NE;4
131418-1;EJECTOR;NE;1
1315;BULB , GE;NE;1
131553-4M;ROD END;NE;1
131553-4M;ROD END;NE;1
131553-4M;ROD END;NE;1
1317;BULB , CM;NE;8
132270A505;OVERSIZED BLIND RIVET;NE;50
132270A605;OVERSIZED BLIND RIVET;NE;50
132325-12S3S;PLUG MS3106A12S3S;NE;1
1323645-15-165;CABLE ASSEMBLY;NE;1
1330222;COVER;NE;1
13355;SLEEVE;NE;1
13355;SLEEVE;NE;1
133F025-005;XMITR;AR;1
13685;BEARING, CONE,ROLLER TAPERED;NE;2
13685;BEARING, CONE,ROLLER TAPERED;OH;4
13740-003;SWITCH;NE;1
138-530432-5;BOOT ASSY;NE;1
1385;CM LAMP;NE;10
1385;LAMP;NE;19
1385;LAMP;NE;40
1385;LAMP;NE;39
1385;CM LAMP;NE;2
13895-1;DUCT ASSEMBLY;NE;1
13E62-1;GASKET;NE;1
13F3501/500;RESISTOR;NE;5
13J93-1;CLAMP;NE;1
13R710GT581;SCREW;SV;1
14-0050503-30;SCREW;NE;10
14-104;LAMP;NE;7
14-114;ENGINE START SWITCH LAMP;NE;38
14-18-150-24;SPRING;NE;19
1405-01-1;DATA TRANSFER UNIT;AR;1
14121-1;FASTENER;NE;4
143084-6;SEAL;NE;12
143823-013G;ORING;NE;4
143823-013G;ORING;NE;8
14664-1;DUCT ASSY, CABIN AIR;AR;2
147203-1;VALVE;NE;1
1495;LAMP;NE;75
1495;LAMP;NE;8
1495;BULB;NE;9
1495X;LAMP;NE;20
1506-105;BLUE TEST JACK;NE;1
1520-118;SPRING;NE;2
15330;STATIC WICK;NE;7
15330;STATIC WICK;NE;8
15340;STATIC WICK;NE;2
15340;STATIC WICK;NE;4
15347;WICK BASE , STATIC;NE;15
15347;WICK BASE , STATIC;NE;3
15347;WICK BASE , STATIC;NE;1
15401;RETAINER;NE;17
15401;RETAINER;NE;5
15401;RETAINER;NE;1
15401;RETAINER;NE;1
15486;THRU ASSY LEAD ;NE;1
15655-0101 S;DTU;NE;1
156ECA-32-13;END CAP ASSEMBLY;NE;1
156RM-32;SPLIT RING MACHINE;NE;1
158465-3;VALVE;AR;1
158610-8;OIL/FUEL COOLER;AR;1
159900-3;COOLER;SV;1
159910-3;OIL COOLER;SV;1
160-15158;FUEL PUMP;NE;1
160534-1;OIL COOLER;OH;1
160534-1;OIL COOLER;NE;1
161798-1;SOLENOID;AR;1
161798-1;SOLENOID;AR;1
16202-020;FLAPPER;NE;1
1629-01-06117;STRAIN RELIEF;NE;2
1638;"LAMP; INCANDESCENT, 28V,28.56 W";NE;1
1638;"LAMP; INCANDESCENT, 28V,28.56 W";NE;36
1638;"LAMP; INCANDESCENT, 28V,28.56 W";NE;11
16390;ISOLATOR ASSY;NE;1
164F43-2;TIRE 16X4.4 4PLY FLE TL;NE;1
164F43-2;TIRE 16X4.4 4PLY FLE TL;NE;1
1662-202-1231;TERMINAL;NE;26
167344-6;GASKET, FLANGE -START BYPASS;NE;1
1683;NAV LIGHT BULB;NE;25
1683;NAV LIGHT BULB;NE;2
1683;NAV LIGHT BULB;NE;6
1683;NAV LIGHT BULB;NE;18
1683;NAV LIGHT BULB;NE;10
1683 BULB;BULB;NE;6
169-380032-6;STOP (T);NE;1
16920;DISCHARGER, STATIC;NE;9
16920;DISCHARGER, STATIC;NE;8
16920;DISCHARGER, STATIC;NE;14
16920;DISCHARGER, STATIC;NE;11
16920;DISCHARGER, STATIC;NE;8
16930;DISCHARGER, STATIC;NE;40
16930;DISCHARGER, STATIC;NE;2
16930;DISCHARGER, STATIC;NE;6
16930;DISCHARGER, STATIC;NE;1
16930;DISCHARGER, STATIC;NE;1
17-043;LAMP;NE;20
17-50-01;ANTENNA;NE;1
17-50-01;ANTENNA;NE;1
17000-222;SEAL ;NE;1
17010-039;TOILET ASSY;NE;1
1703-12;AIRFLOW ANGLE SENSOR;OH;1
1703-12;AIRFLOW ANGLE SENSOR;OH;1
1703-12;AIRFLOW ANGLE SENSOR;AR;1
17189-150C;GASKET;NE;3
17340;COAX FEED THRU ASSY;NE;1
17343-83-860;TEMP SWITCH;AR;1
17343-83-860;TEMP SWITCH;AR;1
1734B;GREASE ZERK;NE;2
1744B1;ZERK;NE;2
17479-680;CAB TEMPERATURE SWITCH ASSEM;NE;1
175H7130;MOUNTING PLATE;NE;3
176276-50;OXYGEN BOTTLE ;AR;1
1763516;ELEMENT ASSY;NE;1
1763516;ELEMENT ASSY;NE;1
17770;STATIC WICK;NE;4
17770-1;DISCHARGER;NE;2
17960-0102-0101 C;GNS-XLS;NE;1
179956;SEAT CABLE;NE;1
1820-00-6;VALVE;OH;1
18241-1;FILTER;SV;1
1829;BULB,  GE;NE;1
184F68-1 S;GOODYEAR TIRE;NE;1
1865-42;FILTER ;NE;5
1886;RING;NE;10
1886 LAMP;LAMP;NE;1
1892-6;HMU ;AR;1
19-04LK16-2513;SEAL - ACCESS DOOR , TANK;NE;1
190-1010-1KIT;SPIGOT ASSY REPAIR KIT;NE;1
190AS-03;SPACER;NE;8
19150;CONE, TAPER BEARING;NE;4
191AS16-24-980;SHIM;NE;2
19268;CUP USE 19268-20629;NE;4
19352002;BUSHING, STANG FAIRING;NE;14
1940;LAMP;NE;3
1941-27;SWITCH, MASTER CAUTION;NE;1
1942T100-11;SENSOR;NE;1
19595-200-06 C;GEAR ACTUATOR;NE;1
1963124;CIRCUIT BREAKER;NE;1
1964036;CIRCUIT BREAKER;NE;1
197T;SWITCH;NE;1
1986;LAMP;NE;1
1A044-0213CK;BACK CUSHION COVER;NE;2
1A059-0255CK;PILOT CUSHION;NE;1
1C469-6-292 C;TRIM SERVO;NE;1
1DM1;SWITCH;NE;1
1EN1-8;SWITCH;NE;1
1LZU1-743424-801;CONNECTOR KIT;NE;1
1N2071A;DIODE;NE;4
1N4004;DIODE;NE;3
1QM1-2-65C;QUICK DISCONNECT;NE;1
1R3665-035;CK VALVE;NE;1
1R3665-051;RESTRICTOR;NE;1
2-11S;STATIC WICK BASE;NE;2
2-11SC-1;STATIC WICK;NE;2
2-12SC-1;STATIC WICK;NE;1
2-1541-1;BRAKE ASSY;AR;1
2-1541-1;BRAKE ASSY;OH;1
2-1567-2;BRAKE ASSY CITATION 750 ;NE;1
2-1567-2;BRAKE ASSY CITATION 750 ;NE;1
2-1601-1;BRAKE ASSY;AR;1
2-1601-1;BRAKE ASSY;OH;1
2-1601-1;BRAKE ASSY;OH;1
2-1601-1;BRAKE ASSY;OH;1
2-1601-1;BRAKE ASSY;AR;1
2-16SC-1;STATIC WICK;NE;9
2-16SC-1;STATIC WICK;NE;4
2-17SC-1;STATIC WICK;NE;3
2-18SC-1;STATIC WICK (USE 2-18SC1);NE;4
2-214S469-40;PACKING;NE;4
2-214S469-40;PACKING;NE;8
2-214S469-40;PACKING;NE;5
2-322L1120-70;O-RING;NE;6
2-7793-2;MASTER CYLINDER;RP;1
2-7793-2;MASTER CYLINDER;RP;1
01/02/65;LEAD;SV;1
01/02/75;LEAD, BONDING;SV;1
20011-4-40;FILTER;NE;1
20011440;TRI DOT FILTER UNION;NE;1
20064S;COLLARED SCREW - HOSE CLAMP;NE;5
200B2;PLACARD;NE;1
200B2;PLACARD;NE;1
200B5;PLACARD;NE;2
200C2;PLACARD;NE;2
200C4;FASTEN SEAT BELT PLACARD;NE;1
200D3;PLACARD;NE;6
201224-1;STRAIN RELIEF CLAMP;NE;1
201298-1;CONNECTOR;NE;2
2013-1A;BATTERY;OH;1
201827-1;JACKSCREW;NE;1
202-0000-15;SHIM;NE;4
202-0014-11;BUSHING;NE;1
202150029;MIC HOLDER;NE;1
202150029;MIC HOLDER;NE;2
20252005;SHIM;NE;2
20252006;SHIM;NE;2
203337;GREEN OXYGEN BLOW-OUT DISC;NE;2
2041103-3;WASHER;NE;1
2041103-4;WASHER;NE;1
20500071;SWITCH SUB ASSY;NE;1
20500073;SWITCH SUB ASSY;NE;4
20500073;SWITCH SUB ASSY;NE;3
20500093;MODULE, SWITCH PANEL;NE;1
20500126;SWITCH INSERT;NE;1
20666-6-500;FILTER M LINE;NE;1
207-080551-02;PLUG;NE;1
2070C01;BOOST PUMP;AR;1
2070C01;BOOST PUMP;OH;1
2070C11;FUEL BOOST PUMP;OH;1
2070C11;FUEL BOOST PUMP;OH;1
20TC2-BA15;CIRCUIT BREAKER;NE;1
2100-1010-50;COCKPIT VOICE RECORDER (FA2100 GA);NE;1
2100948-2;INDICATOR;OH;1
2100948-2;INDICATOR;SV;1
2101142-4;CONTROL;AR;1
2101142-4;CONTROL;RP;1
2101142-5;ELECTRONIC FUEL COMPUTER;AR;1
2101142-5;ELECTRONIC FUEL COMPUTER;AR;1
2101402-2;SYNCHRONIZER;SV;1
2101822-1;CONTROLLER;SV;1
211430;GASKET;NE;1
211431;GASKET;NE;1
211431;GASKET;NE;4
211432;SEAL ACCESS PANEL;NE;1
211432;SEAL ACCESS PANEL;NE;6
211433;GASKET;NE;3
211433;GASKET;NE;1
211630-21;GUARD;NE;1
2117406-6;CONTROL;SV;1
2117406-6;CONTROL;SV;1
2117804-5;CONTROL;SV;1
2118002-60;CONTROL;AR;1
2119010-3004;D.E.E.C., N1 UPGRADE KIT;NE;1
2119020-4002;CONTROLLER;AR;2
2119020-4003;CONTROLLER;SV;1
2119552-4;ECU;AR;1
2119584-4;CONTROLLER;NE;1
2131-1-48;AMMETER;RP;1
11/01/32;INDICATOR, FLAP POSITION;SV;1
217K22-1;TIRE;NE;1
217K22-1;TIRE;NE;1
21801-105;MLG HARNESS LH INBD;AR;1
21802-105;MLG HARNESS LH OTBD;AR;1
21803-105;MLG HARNESS RH INBD;AR;1
21804-105;MLG HARNESS RH OTBD;AR;1
2187D;LAMP;NE;10
21BC115;COALESCER;NE;1
21SN04-430;SWITCH;OH;1
21SN04-433;FUEL LOW PRESSURE SWITCH;AR;1
21SN04-472;SWITCH, OIL FILTER DIFF PR;SV;1
220-1042-1;RACK 8A;NE;3
220-1053-1;GUIDE;NE;3
220-1053-1;GUIDE;NE;2
220-1053-1;GUIDE;NE;1
220-1053-1;GUIDE;NE;1
220AS-03-060B;BUSHING;NE;5
220AS-03-060B;BUSHING;NE;6
220AS-05-150B;BUSHING;NE;1
220AS-05-150B;BUSHING;NE;1
220AS-05-150B;BUSHING;NE;1
220AS-05-150B;BUSHING;NE;1
220AS-05-150B;BUSHING;NE;1
220K28-1;TIRE;NE;1
22125BC060030L;SCREW;NE;1
22129BC050042L;SCREW;NE;2
22129BC050042L;SCREW;NE;2
2228401-1;FLIGHT DATA PANEL;NE;1
222K08-1;TIRE ,MAIN 22X650-10 10PLY;NE;1
223-1 A;VOLTAGE BOOSTER;NE;1
2232;LAMP ,(GE LIGHTING);NE;5
2232;LAMP ,(GE LIGHTING);NE;2
2233;LAMP;NE;8
22501.5P;FUSE;NE;7
225554-6;CONNECTOR;NE;2
225554-6;CONNECTOR;NE;2
225555-6;TNC CONNECTOR ;NE;1
2257A0000-03;FLAP CONTROL UNIT;NE;1
2257A0000-03;FLAP CONTROL UNIT;RP;1
226114-3;FUEL BOOSTER PUMP;NE;1
228-50181-833;NUTPLATE ASSY;NE;2
228-50253-104 A;FAIRING;NE;1
228-50573-105;BUSHING;NE;3
228-50808-125;THRUST REVERSER MAIN TRACK;NE;1
2292802500;FREE TURBINE DISC;AR;1
2292802500;FREE TURBINE DISC;AR;1
2292810430;PT BLADE;AR;37
22FH624;NUT;NE;20
2300006-27;PLACARD;NE;1
23046-020;STARTER-GENERATOR;NE;1
23050728;COMPRESSOR CONE SHAFT;SV;1
23050735;5TH STAGE COMPRESSOR WHEEL;SV;1
23050741;11TH STAGE COMPRESSOR WHEEL;SV;1
23050742;12TH STAGE COMPRESSOR WHEEL;SV;1
23050743;13TH STAGE WHEEL COMPRESSOR;SV;1
23050744;14TH STAGE COMPRESSOR BLADE;SV;1
23050752;2ND STAGE COMPRESSOR WHEEL;SV;1
23050753;3RD STAGE COMPRESSOR WHEEL;AR;1
23050754;4TH STAGE COMPRESSOR WHEEL;SV;1
23051034;4TH STAGE COMPRESSOR BLADE;SV;47
23051035;BLADE, COMPRESSOR-5TH STAGE;SV;22
23054010;BEARING;NE;1
23057364;VANE T1;AR;1
23057364;VANE T1;AR;1
23057364;VANE T1;AR;1
23057364;VANE T1;AR;1
23057364;VANE T1;AR;1
23057364;VANE T1;AR;1
23057364;VANE T1;AR;1
23057364;VANE T1;AR;1
23057366;6TH STAGE WHEEL COMPRESSOR;SV;1
23057367;7TH STAGE COMPRESSOR WHEEL;SV;1
23057368;8TH STAGE COMPRESSOR WHEEL;SV;1
23057369;9TH STAGE COMPRESSOR WHEEL;SV;1
23057370;10TH STAGE COMPRESSOR WHEEL;SV;1
23058310;SHAFT, STUB COMPRESSOR;RP;1
23060252;2ND STAGE COMPRESSOR BLADE;SV;33
23060373;3RD STAGE COMPRESSOR BLADE;SV;40
23061491;BLADE, COMPRESSOR-1ST STG;SV;26
23061491;BLADE, COMPRESSOR-1ST STG;RP;1
23063052;VANE;AR;1
23063052;VANE;AR;1
23063052;VANE;AR;1
23063052;VANE;AR;1
23063052;VANE;AR;1
23063052;VANE;AR;1
23063052;VANE;AR;1
23063052;VANE;AR;1
23063052;VANE;AR;1
23063052;VANE;AR;1
23063052;VANE;AR;1
23063053;VANE;AR;1
23063063;VANE;AR;1
23063063;VANE;AR;1
23063063;VANE;AR;1
23063063;VANE;AR;1
23063063;VANE;AR;1
23063063;VANE;AR;1
23064901;1ST STAGE COMPRESSOR WHEEL;SV;1
23066152;2ND STG VANE ASSY;RP;7
23069616;EMS WIRING HARNESS;AR;1
23070046;3RD STG LPT WHEEL;SV;1
23070196;HP BLADES;SV;37
23071840;1st STG. turbine-vane assy.;AR;20
23073453;FUEL NOZZLES;AR;1
23073453;FUEL NOZZLES;OH;1
23073453;FUEL NOZZLES;OH;1
23073453;FUEL NOZZLES;OH;1
23073453;FUEL NOZZLES;OH;1
23073453;FUEL NOZZLES;OH;1
23073453;FUEL NOZZLES;OH;1
23073453;FUEL NOZZLES;OH;1
23073453;FUEL NOZZLES;OH;1
23073453;FUEL NOZZLES;OH;1
23073453;FUEL NOZZLES;OH;1
23073453;FUEL NOZZLES;OH;1
23073453;FUEL NOZZLES;AR;1
23073453;FUEL NOZZLES;AR;1
23073453;FUEL NOZZLES;AR;1
23073453;FUEL NOZZLES;AR;1
23073715;SENSOR;AR;1
23073715;SENSOR;AR;1
23075454;FLEX LINE MOD KIT;NE;44
23076-004-1;GENERATOR;OH;1
23076-004-1;GENERATOR;AR;1
23076-004-1;GENERATOR;AR;1
23076-1200;COVER GEN;NE;1
23080-005;STARTER GENERATOR;NE;1
23080-005;STARTER GENERATOR;SV;1
23080-005;STARTER GENERATOR;OH;1
23080-005;STARTER GENERATOR;OH;1
23080-005;STARTER GENERATOR;OH;1
23080-005;STARTER GENERATOR;OH;1
23080-005;STARTER GENERATOR;NE;1
23080-005;STARTER GENERATOR;OH;1
23080-005 O;STARTER GENERATOR;NE;1
23080-064;STARTER-GENERATOR,DC;AR;1
2308122-5;PCB ASSY;NE;1
23091-003 O;STARTER GENERATOR     EXC;NE;1
23111386;RESERVOIR ASSY., EMERGENCY AIR;RP;1
23111386;RESERVOIR ASSY., EMERGENCY AIR;RP;1
2311305-11;CONNECTOR;NE;1
2311340-5;BUSHING;NE;1
2311491-16;DOOR PIN;NE;1
231158-11;BUSHING;NE;2
2311580-11;BUSHING;NE;4
2311628-7;BUSHING;NE;2
23116AG050LE;WASHER;NE;100
2313164-25;MOUNT STOP;NE;8
2314035-203;GROUND TO EARTH PLACARD;NE;1
2314035-314;PLACARD;NE;1
2314035-421;DECAL;NE;1
2315127-9;CLAMP;NE;1
2317065-1;SPACER;NE;2
2317065-4;SPACER;NE;1
2317067-7;TERMINAL;NE;2
232-20186-47;LAMINATED SHIM;NE;1
232-20356;SWITCH;NE;1
2322513-2;BUTTON;NE;8
2322513-2;BUTTON;NE;8
234-013-9350;COUPLING;SV;1
2340594-6;HEAT EXCHANGER;OH;1
2341113-1;WASHER;NE;2
2341120-1;BUSHING;NE;4
2341124-1;SHIM;NE;9
2341127-1;BUSHING;NE;4
2342025-6;BUSHING;NE;2
2342108-1;PIN;NE;2
2352025-1;U-BOLT;NE;1
236675-1;VALVE ACTUATOR;RP;1
2370138-002;PLACARD;NE;2
23719;PLACARD O2 (T);NE;1
23719;PLACARD O2 (T);NE;1
23719;PLACARD O2 (T);NE;1
2380089-2 S;SHUTTLE VALVE;NE;1
24096-150C;GASKET;NE;2
24096-200A;SEAL;NE;2
2411008-5-501 C;RADOME;NE;1
2411276-69;SEAL INSERT;NE;4
2411280-11;SEAL;NE;1
2411281-39;CENTER POINTER CONDUIT;NE;2
2411282-12-512;HINGE HALF W/O HOLES;NE;1
2413242-34;SEAT CONTROL;NE;2
2413242-45;SHOE;NE;1
2413242-47;SHOE;NE;2
2413280-2;SLIDE;NE;2
2418049-7 A;MASTER WARNING LIGHT CONTROL;NE;1
2426007-2;GASKET;NE;2
24346-100-C;GASKET;NE;3
24346-150C;Consumable ;NE;6
24346-150C;Consumable ;NE;1
2441002-1;SHIM;NE;1
24E506700G1;DRAIN MAST;SV;1
25-6CF507;AILERON CE SPRING;NE;2
25-7FN273-2A;RIGHT HAND D.V. WINDOW;OH;1
25-8SW35-1;PLATE ADAPTER;NE;1
25-8WA33-1;VORTEX GENERATOR;NE;1
25-8WA33-1;VORTEX GENERATOR;NE;3
25-8WA33-2;RH VORTEX GEN;NE;1
25-8WS1023-1;SEAL;NE;1
25-8WS2093-1A;BRACKET;NE;1
25-8WS911-1;SEAL;NE;2
25-8Y51-1A;STATIC VENT PLUG 5+6;NE;1
25-9CF343-1;SCALE;NE;1
25-9GA29-57;LABEL;NE;3
25-9SW21-1A;HOSE SUPPORT;NE;1
2505045-2;PLACARD          7 9;NE;1
2511663-4;EYE BOLT;NE;2
2513263-47;ACTUATOR ASSY R/H;NE;1
2513263-48;ACTUATOR ASSY LH;NE;1
25147A-7-KIT1;VANE ASSEMBLY KIT;NE;1
2515;VALVE AIR;NE;1
2519159-146;BLANKET ASSY;NE;1
2524-001-78-132B;RING;NE;7
2524.001.05-2659;LATERIAL TRACKING TUBE ASSY;NE;2
2524.001.12-321;BUSHING;NE;3
2524.001.25-212;HANDLE, SEAT SWIVEL;NE;1
2524.001.25-608;ROD;NE;1
2524.001.48-1155;PLATE BOTTOM FRONT;NE;1
2524.001.48-1155;PLATE BOTTOM FRONT;NE;1
2524.001.48-148;ARM BRACE;NE;1
2524.001.48-3669;STANDOFF #6-32;NE;1
2524.001.78-132;LOCKING RING;NE;4
2525-1-08400;TOUCH SCREEN MONITOR;AR;1
2530-00274-00;TUBING;OH;1
256K43-2;TIRE ,GDYR 25.75X6.75 8PLY G;NE;1
256K43-2;TIRE ,GDYR 25.75X6.75 8PLY G;NE;1
256K43-3;TIRE ,GDYR 25.75X6.75 14PLY;NE;1
25950-2;FLOW DIVIDER;AR;1
25950-2;FLOW DIVIDER;AR;1
25950-2;FLOW DIVIDER;AR;1
259W02610-1;BOLT;NE;2
25G8480001-004;LIGHT POSITION ASSEMBLY;AR;1
25S-7D5041-12;PNEUMATIC DE-ICER;NE;1
25UM543;BUSHING;NE;2
25UN581;CAM;NE;1
25WS3195-1;BOLTS ;NE;10
25WS3195-5;BOLT, 100 DEG CSK FULL HEAD;NE;5
2600-2;STUD;NE;5
2600-3;STUD;NE;5
2600006-30;DECAL;NE;2
2600006-31;FUEL PLACARD;NE;1
2605007-9;PLACARD;NE;1
2605041-2;FLUX VALVE PLACARD;NE;1
2605050-1;PLACARD;NE;1
26100-8;EJECTOR PUMP;OH;1
2613217-3;DROP CATCHE;NE;1
2615140-2;SPRING, GAS ASSY;OH;1
2615246-24;COLLER;NE;3
2618075-2;EXTENSION;NE;1
2618163-1 S;RELAY BOX;NE;1
2618262-016 C;DIMMER CONTROL;NE;1
2618289-13;DIMMER BOX ASSY ;NE;1
2619031-38;REINFORCEMENT FLANGE;NE;2
26430-05;MOTIVE FLOW VALVE;AR;1
2651024-2;SHIM;NE;3
2652559;CHAIN ASSY - REFUEL/DEFUEL;NE;1
266-0003-43;SUPPORT;NE;1
266-0010-501 A;BAE 125 1000 TR LOCKOUT;NE;3
266-0087-504;BRACKET, STANG ATTACH, FWD O;NE;1
266-0659-25;LEFT HAND OUTBOUND FAIRING;NE;1
266W0441-543;HARNESS LH;AR;1
2685103;VALVE;NE;1
2689125-3;BRACKET;NE;1
2700-2S;STUD      1127003-2;NE;10
270010-00;MASK BAND ASSEMBLY;NE;5
270081;HEAD STRAP;NE;1
2703-200;CLAMP,;AR;1
2703-300;CLAMP ASSY;AR;15
2703-400;CLAMP ASSY;AR;7
2704554-2;STARTER;AR;1
2704554-2;STARTER;NE;1
2704554-3;OUTLINE STARTER;AR;1
270944;O2 VALVE ACTUATOR NOT ASSY;NE;1
2806013-10;RIGHT WING SUMP PLACARD;NE;1
2806013-11;LEFT ENGINE FUEL PLACARD;NE;1
2806013-12;RIGHT ENGINE FUEL PLACARD;NE;1
2806013-13;TRANSFER LINE PLACARD;NE;1
2806013-14;FUEL VENT PLACARD;NE;1
2806013-21;PUSH TO DRAIN PLACARD;NE;4
2806013-8;FUEL CROSSOVER PLACARD;NE;1
2806013-9;LEFT WING SUMP PLACARD;NE;1
282-0061-557;TUBE ASSEMBLY;NE;1
282-0088-501;BRACKET;NE;1
282-0088-502;BRACKET ASSY;NE;1
282-0088-503;BRACKET;NE;1
282-0088-504;BRACKET ASSY FWD STANG;NE;1
282-0088-505;BRACKET;NE;1
2831106-32;SPACER;NE;3
2856;CHT PROBE;NE;1
2873-300;GASKET, E-SEAL;NE;2
2880025-101;VALVE;AR;1
28B135-168-B;AC GENERATOR;OH;1
28B421-2C;GENERATOR;OH;1
2940055-101;PUMP, EJECTOR ENGINE FEED;AR;1
2940055-101;PUMP, EJECTOR ENGINE FEED;AR;1
295846-1;GROMMET;NE;1
29S7D5175-15;BOOT;NE;1
2A041-0118;FOOT;NE;1
2TL1-2;SWITCH  (23F1978);NE;1
2TP-1M;SWITCH;NE;1
3-1418;NOSE WHEEL W/TIRE;OH;1
3-1418;NOSE WHEEL W/TIRE;AR;1
3-1418;NOSE WHEEL W/TIRE;AR;1
3-1418;NOSE WHEEL W/TIRE;AR;1
3-1418;NOSE WHEEL W/TIRE;OH;1
3-1418;NOSE WHEEL W/TIRE;AR;1
3-1418;NOSE WHEEL W/TIRE;OH;1
3-1461-1;MAIN WHEEL ;OH;1
3-1537-2;WHEEL ASSY;AR;1
3-1537-2;WHEEL ASSY;OH;1
3-1537-2;WHEEL ASSY;OH;1
3-1537-2;WHEEL ASSY;OH;1
3-1538-1;WHEEL ASSY - GRAY;OH;1
3-1538-1;WHEEL ASSY - GRAY;OH;1
3-1545-1;WHEEL ASSY;OH;1
3-1563-1;WHEEL ASSY, MAIN;OH;1
3-1571-5;WHEEL ASSEMBLY;AR;1
3-1571-5;WHEEL ASSEMBLY;AR;1
3-1571-5;WHEEL ASSEMBLY;SC;1
3-1571-5;WHEEL ASSEMBLY;SC;1
3-1571-6;MAIN WHEEL ASSEMBLY WITH TIRE;SC;1
3-1571-6;MAIN WHEEL ASSEMBLY WITH TIRE;AR;1
3-1571-6;MAIN WHEEL ASSEMBLY WITH TIRE;AR;1
3-1571-6;MAIN WHEEL ASSEMBLY WITH TIRE;SC;1
3-1571-6;MAIN WHEEL ASSEMBLY WITH TIRE;SC;1
3-1571-6;MAIN WHEEL ASSEMBLY WITH TIRE;AR;1
3-1571-6;MAIN WHEEL ASSEMBLY WITH TIRE;SC;1
3-1599;WHEEL ASSY;OH;1
3-1601-2;MAIN WHEEL;AR;1
3-1601-2;MAIN WHEEL;OH;1
3-1601-2;MAIN WHEEL;OH;1
3-1601-2;MAIN WHEEL;OH;1
3-1607-1;MAIN WHEEL ASSY;OH;1
3-1607-1;MAIN WHEEL ASSY;OH;1
30-0437-1;STROBE LIGHT;OH;1
30-0538-7;STROBE ASSY;NE;1
30-2445-1;TAIL FLOODLIGHT;AR;1
30-2900-4;LAMP , NAV;NE;1
3000001-2;SEAL;SV;5
3000001-4;SEAL RING;AR;1
3000002-10;PISTON SEAL RING ASSY;AR;1
300124;SEAL;NE;1
3001957;SPRING;SC;1
3001957;SPRING;SC;1
3002149;TUBE;OH;1
3002444;SPACER;OH;1
3002459;SPACER;OH;2
3002780-7;BYPASS SWITCH;RP;1
3003526;TUBE;OH;1
3003862;NUT;OH;1
3003957;CARRIER;OH;2
3003973;TUBE;OH;1
3003974;TUBE;OH;3
3003999;PROPELLER SHAFT;AR;1
300400-000;HEADSET;NE;1
3004005;GEAR;OH;2
3004029;GALLERY, MAIN OIL TRANSFR;OH;2
3004035;GEAR;OH;1
3004085;CARRIER;OH;3
3004086;TUBE;OH;1
3004097;TUBE;AR;1
3004116;COVER  Y;OH;1
3004117;GERSHFT;OH;1
3004179;CARRIERW;OH;1
3004183;TUBE;OH;2
3004238;PLATE,;OH;3
3004586;WASHER;OH;1
3005399;SPACER;OH;1
3005664;GERSHFT;SC;1
3005665;COUPLNG;OH;2
3006017;COVER;AR;1
3006246;RING;OH;1
3006505;VALVE;OH;2
3006505;VALVE;OH;1
3006505;VALVE;SV;1
3006505;VALVE;SV;1
3006505;VALVE;OH;1
3006731;COUPLNG;OH;1
3007097;TUBE;OH;1
3007101;CONNCTR;AR;1
3007219;PLUG;AR;1
3007319;NUT;OH;1
3007341;COVER;OH;1
3007737;RETAINR;OH;1
3008144;CAP;AR;1
3008145;TUBE;OH;1
3008146;TUBE;OH;1
3008182;GEARSHAFT ASSY, ACC DRIVE;AR;1
3008348;STRAINR;OH;1
3008657;DEFLCTR;OH;1
3008769;GEARSHAFT;OH;1
3008778;COUPLNG;OH;1
3008784;GEAR;OH;2
3008785;GEAR;OH;2
3008786;SHAFT;AR;1
3008799;GEAR;OH;2
3009911;COVER, PACKING;AR;1
300SGL138Q-4;STARTER GENERATOR;AR;1
300SGL138Q-6;STARTER GENERATOR - APU;OH;1
301;GE LAMP 301;NE;5
301-6-004-11;BEAM;NE;2
301-6-022-1;CABLE ASSEMBLY;NE;1
30100033-7;FIRE BOTTLE, APU;AR;1
3010195;ROD;OH;1
3010454;LEVER;OH;1
3010455;LEVER;OH;1
3010458;ROD;OH;1
3010464;PIN SHOULDER HEADLESS;OH;1
3010467;SPRING;AR;1
3010674;BEARING;SC;1
3010674;BEARING;SC;1
3010674;BEARING;SC;1
3010674;BEARING;SC;1
3010674;BEARING;SC;1
3010880;GASKET GLOW & IGNITER PLUG;NE;8
3011071;ADAPTER;AR;2
3011094;PIN;OH;1
3011158;PLATE;OH;14
3011291;CAM;OH;1
3011292;EXTENSN;OH;1
3011491;BRACKET;AR;1
3011533;BRACKET;OH;1
3011543;BRACKETY;OH;1
3011684;LEVER;OH;1
3011755;BLANKET;AR;1
3012124;HSGPUMPY;OH;1
3012381;BRACKET;OH;1
3012417;ADJUSTR;OH;1
3012419;CLEVIS;OH;1
3012491;TUBE;OH;1
3012495;CONNECTOR;OH;1
3012596;TUBE;OH;1
3012596;TUBE;OH;1
3012596;TUBE;SV;1
3012596;TUBE;SV;1
3012675;NUT    Z;NE;4
3012675;NUT    Z;NE;6
3012675;NUT    Z;NE;12
3012675;NUT    Z;NE;1
3012675;NUT    Z;NE;4
3013078;SHEATH;SV;7
3013078;SHEATH;SV;12
3013143;NOZZLE;OH;5
3013145;TUBE;OH;1
3013146;ADAPTER;OH;1
3013294;PLUG;OH;1
3013306;TRAY;OH;1
3013467;HOSE, FUEL PUMP TO FCU;AR;1
3013501;ADAPTER;OH;1
3013501;ADAPTER;OH;1
3013552;PLUG;OH;2
3013689;SPACER;OH;1
3013689;SPACER;OH;1
3013689;SPACER;SV;1
3013689;SPACER;SV;1
3013695;NUT;OH;2
3013695;NUT;OH;2
3013695;NUT;SV;2
3013695;NUT;SV;2
3013969;STRAINER ELEMENT;OH;3
3014018;SEAL;OH;1
3014049;FLANGE;AR;1
3014049;FLANGE;AR;1
3014049;FLANGE;AR;1
3014049;FLANGE;AR;1
3014050;COVER;AR;2
3014050;COVER;AR;2
3014050;COVER;AR;2
3014050;COVER;AR;2
3014062;SPACER;OH;1
3014062;SPACER;OH;1
3014062;SPACER;SV;1
3014062;SPACER;SV;1
3014089;SHAFT;OH;1
3014097;PLUG;OH;1
3014097;PLUG;OH;1
3014097;PLUG;SV;1
3014097;PLUG;SV;1
3014262;PLATE;OH;1
3014262;PLATE;OH;1
3014262;PLATE;SV;1
3014262;PLATE;SV;1
3014263;RETAINR;OH;1
3014263;RETAINR;OH;1
3014263;RETAINR;SV;1
3014263;RETAINR;SV;1
3014264;COVER;OH;1
3014264;COVER;OH;1
3014264;COVER;SV;1
3014264;COVER;SV;1
3015106;ELEMENTY;OH;1
3015106;ELEMENTY;OH;1
3015106;ELEMENTY;SV;1
3015106;ELEMENTY;SV;1
3015182;TUBE;OH;1
3015182;TUBE;OH;1
3015182;TUBE;OH;1
3015226;TUBE;OH;1
3015226;TUBE;OH;1
3015235;NUT;OH;1
3015235;NUT;OH;1
3015235;NUT;SV;1
3015235;NUT;SV;1
3015273;PLATE;AR;1
3015273;PLATE;AR;1
3015273;PLATE;AR;1
3015273;PLATE;AR;1
3015275;CARRIER;OH;2
3015275;CARRIER;OH;2
3015275;CARRIER;SV;2
3015275;CARRIER;SV;6
3015316;SEAT;OH;2
3015316;SEAT;OH;2
3015316;SEAT;SV;2
3015316;SEAT;SV;2
3015518;FUEL NOZE ADAPTER;OH;11
3015518;FUEL NOZE ADAPTER;OH;11
3015518;FUEL NOZE ADAPTER;SC;4
3015518;FUEL NOZE ADAPTER;SC;1
3015518;FUEL NOZE ADAPTER;OH;7
3015518;FUEL NOZE ADAPTER;OH;5
3015752;ADAPTER;OH;1
3015753;RETAINR;OH;1
3016003;SPACER;OH;4
3016158;HOUSING;OH;1
3017232;RING;OH;1
3017232;RING;OH;1
3017232;RING;SV;1
3017232;RING;SV;1
3017235;SPACER;OH;1
3017235;SPACER;OH;1
3017235;SPACER;SV;1
3017235;SPACER;SV;1
3017246;COVER  Y;AR;1
3017246;COVER  Y;SC;1
3017246;COVER  Y;AR;1
3017248;GERSHFTY;OH;2
3017248;GERSHFTY;OH;2
3017248;GERSHFTY;AR;1
3017248;GERSHFTY;AR;1
3017248;GERSHFTY;AR;1
3017387;BRACKET;AR;1
3017387;BRACKET;AR;1
3017387;BRACKET;AR;1
3017387;BRACKET;AR;1
3017428;TUBE   Y;OH;1
3017452;GASKET IGNITER;NE;6
3017477;NUT;OH;1
3017479;NUT;OH;1
3017967;SEAL;OH;1
3018039;TUBE;AR;1
3018070;ELBOW;AR;1
3018070;ELBOW;AR;1
3018070;ELBOW;AR;1
3018070;ELBOW;AR;1
3018070;ELBOW;AR;1
3018070;ELBOW;AR;1
3018070;ELBOW;AR;1
3018070;ELBOW;AR;1
3018078;TUBE   Y;OH;2
3018078;TUBE   Y;OH;2
3018078;TUBE   Y;SV;2
3018238;GEAR;OH;1
3018389;SPACER;AR;1
3018398;SPACER;AR;1
3018399;SPACER;AR;1
3018869;CYLINDR;AR;1
3018980;SEAL;RP;1
3018980;SEAL;AR;1
3018980;SEAL;AR;1
3018980;SEAL;AR;1
3018980;SEAL;AR;1
3018980;SEAL;RP;1
3019012;PIN;OH;2
3019012;PIN;OH;3
3019012;PIN;SV;3
3019012;PIN;SV;3
3019013;STRUT;SC;1
3019013;STRUT;OH;1
3019184;SEAL   Z;NE;1
3019246;ELBOW;AR;1
3019248;TUBE;OH;1
3019249;TUBE;OH;1
3019257;BALLEND;OH;2
3019263;NUT;OH;1
3019266;SWIVEL;OH;1
3019267;CASING;OH;1
3019274;TUBE   Y;OH;1
3019288;TUBE   Y;AR;1
3019299;BRACKET;OH;1
3019301;PLATE;OH;1
3019314;RING   Y;AR;1
3019316;RING   Y;AR;1
3019333;COUPLNG;AR;1
3019390;SPACER;OH;1
3019390;SPACER;OH;1
3019390;SPACER;SV;1
3019390;SPACER;SV;1
3019413;SEAL;AR;1
3019413;SEAL;AR;1
3019413;SEAL;AR;1
3019426;ADAPTERX;AR;1
3019487;TERMINL;OH;1
3019488;TERMINL;OH;1
3019536;ADAPTERX;AR;7
3019537;MANIFOLD ADAPTER ASSY ;AR;6
3019634;SHFTGBXY;SC;1
3019673;NOZZLE;OH;1
3019673;NOZZLE;OH;1
3019673;NOZZLE;SV;1
3019673;NOZZLE;SV;1
3019986;TUBE;OH;1
3019986;TUBE;OH;1
3019986;TUBE;SV;1
3019986;TUBE;SV;1
3020052-5;SEAL;AR;1
3020052-8;SEAL;NE;1
3020120;TUBE;OH;1
3020120;TUBE;OH;1
3020120;TUBE;SC;1
30202-1;GEAR 23589A;NE;1
30202-1;MOD GEAR  .126;NE;2
3020227;ADAPTERY;OH;1
3020367;SPACER;OH;1
3020367;SPACER;OH;1
3020367;SPACER;SV;1
3020367;SPACER;SV;1
3020375;HOUSINGY;OH;1
3020375;HOUSINGY;OH;1
3020408;TUBE;OH;1
3020408;TUBE;OH;1
3020409;TUBE;OH;1
3020409;TUBE;OH;1
3020409;TUBE;OH;1
3020409;TUBE;OH;1
3020415;ROD;OH;1
3020415;ROD;OH;1
3020415;ROD;SV;1
3020415;ROD;SV;1
3020424;SPRING;OH;1
3020425;LEVER;AR;2
3020425;LEVER;AR;2
3020425;LEVER;AR;2
3020425;LEVER;AR;2
3020427;COVER;OH;1
3020427;COVER;OH;1
3020427;COVER;AR;1
3020427;COVER;AR;1
3020458;TRIPPERY;AR;1
3020458;TRIPPERY;AR;1
3020458;TRIPPERY;AR;1
3020458;TRIPPERY;AR;1
3020463;PLATE;AR;1
3020463;PLATE;AR;1
3020463;PLATE;AR;1
3020463;PLATE;AR;1
3020465;SEAT;OH;1
3020465;SEAT;OH;1
3020465;SEAT;SV;1
3020465;SEAT;SV;1
3020737;PLATE;SC;1
3020737;PLATE;OH;1
3020737;PLATE;SV;1
3020953;PISTON;OH;1
3020953;PISTON;OH;1
3020953;PISTON;OH;1
3020953;PISTON;OH;1
3021019;BOLT;AR;1
3021019;BOLT;AR;1
3021019;BOLT;AR;1
3021019;BOLT;AR;1
3021047;ENGINE MOUNT;AR;1
3021047;ENGINE MOUNT;AR;1
3021047;ENGINE MOUNT;AR;1
3021064;PLUG;AR;4
3021064;PLUG;AR;4
3021064;PLUG;AR;4
3021064;PLUG;AR;4
3021291;SEAT;AR;1
3021291;SEAT;AR;1
3021303;HOUSING;OH;1
3021398;CONNCTRY;SC;1
3021398;CONNCTRY;AR;1
3021398;CONNCTRY;AR;1
3021404;CLEVIS;AR;1
3021404;CLEVIS;AR;1
3021404;CLEVIS;AR;1
3021404;CLEVIS;AR;1
3021406;LEVER  Y;SC;1
3021406;LEVER  Y;AR;1
3021406;LEVER  Y;AR;1
3021579;TUBE   Y;OH;1
3021581;TUBE   Y;OH;2
3021583;TUBE   Y;OH;1
3021585;TUBE   Y;OH;1
3021657;SEAL;OH;1
3021657;SEAL;OH;1
3021684;HOUSING LINKAGE OVERSPEED;OH;1
3021684;HOUSING LINKAGE OVERSPEED;OH;1
3021684;HOUSING LINKAGE OVERSPEED;OH;1
3021684;HOUSING LINKAGE OVERSPEED;OH;1
3021693;BRACKET;OH;1
3021769;HSG ASSY, PT SHAFT;AR;1
3021779;TUBE   Y;OH;1
3021781;PLATE;OH;1
3021989;TUBE;SC;2
3021989;TUBE;OH;24
3021989;TUBE;SC;5
3021989;TUBE;OH;17
3021989;TUBE;OH;22
3022006;PLATE;OH;1
3022006;PLATE;OH;1
3022006;PLATE;SV;1
3022006;PLATE;SV;1
3022041;SPACER;OH;1
3022212;2nd LT DISC;AR;1
3022212;2nd LT DISC;OH;1
3022212;2nd LT DISC;AR;1
3022333;BRACKET;OH;1
3022334;PLATE;OH;1
3022378;CARRIERY;AR;1
3022413;NUT;OH;1
3022413;NUT;OH;1
3022413;NUT;SV;1
3022413;NUT;SV;1
3022459;COMBUSTION LINER;RP;1
3022999;TUBE   Y;OH;1
3023034;TUBE, FUEL PRESSURE;OH;1
3023112;2ND STAGE COMPRESSOR DISK;AR;1
3023113;DISC COMPRESSOR ROTOR 3RD STAGE;AR;1
3023252;ADAPTER;OH;1
3023254;STOP;OH;1
3023358;TUBE;OH;1
3023358;TUBE;OH;1
3023358;TUBE;SV;1
3023358;TUBE;SV;1
3023479;TRAY   Y;AR;1
3023479;TRAY   Y;AR;1
3023479;TRAY   Y;AR;1
3023479;TRAY   Y;AR;1
3023482;TRAY;AR;1
3023482;TRAY;AR;1
3023482;TRAY;AR;1
3023482;TRAY;AR;1
3023613;TUBE   Y;OH;1
3023613;TUBE   Y;OH;1
3023613;TUBE   Y;OH;1
3023613;TUBE   Y;OH;1
3023678;HOUSING;OH;1
3023679;PLATE;OH;1
3023681;RING;AR;1
3023988;HOUSINGY;OH;1
3023988;HOUSINGY;OH;1
3023988;HOUSINGY;SV;1
3023988;HOUSINGY;SV;1
3024033;NOZZLE;OH;1
3024286;SPACER Y;AR;1
3024315;COVER;AR;2
3024315;COVER;AR;2
3024315;COVER;AR;2
3024560(SB3178);VALVE, CHECK;OH;1
3024567;VALVE;OH;1
3024604;COVER;AR;1
3024607;HSG ASSY, COMP AIR FILTER;AR;1
3024673;COVER  Y;AR;1
3024913;TUBE   Y;OH;1
3024914;TUBE-TRANSFER,PACKING,.54;AR;1
3024921;COVER;OH;1
3024996;HOUSINGY;AR;1
3024998;VALVE BYPASS, THERMOSTATC;OH;1
3026614;RING   Y;AR;1
3026648;ADAPTER;AR;1
3026653;STRAINER;OH;1
3026654;STRAINRW;OH;1
3026654;STRAINRW;OH;1
3026654;STRAINRW;SV;1
3026654;STRAINRW;SV;1
3026654;STRAINRW;OH;1
3026886;TUBE;OH;1
3027013;BRACKET;OH;1
3027425;COVER  Y;AR;1
3027425;COVER  Y;OH;1
3027539;FAIRINGY;AR;1
3027539;FAIRINGY;AR;1
3027539;FAIRINGY;AR;1
3027539;FAIRINGY;AR;1
3027630;HOUSING;OH;1
3027693;WASHER;OH;1
3027791;TUBE   W;AR;1
3027977;2ND STAGE REDUCTION CARRIER;AR;1
3028015;HARNESS ASSY;AR;1
3028018;RESISTR;OH;1
3028018;RESISTR;OH;1
3028018;RESISTR;SV;1
3028018;RESISTR;SV;1
3028022;HARNESS;SV;1
3028279;TUBE;AR;1
3028284;HSG ASSY, RGB REAR;AR;1
3028285;SHAFT Y, PWR TURBINE;AR;1
3028393;SEAT;OH;1
3028683;GEAR;OH;1
3028684;PLATE;OH;3
3028859;PROP SLEEVE;OH;1
3028875;BRACKETY;OH;1
3028875;BRACKETY;OH;1
3028875;BRACKETY;SV;1
3028875;BRACKETY;SV;1
3028876;BRACKETY;OH;1
3028876;BRACKETY;OH;1
3028876;BRACKETY;SV;1
3028876;BRACKETY;SV;1
3028962;ARM;OH;1
3028963;SPACER;OH;1
3029077;SEAL;RP;1
3029077;SEAL;AR;1
3029077;SEAL;AR;1
3029077;SEAL;AR;1
3029077;SEAL;AR;1
3029077;SEAL;RP;1
3029083;BEARING, NO. 2;OH;1
3029268;ELEMENT AIR FILTER;AR;1
3029284;PUMP ASSY;RP;1
3029306CL;SEAL-AIR COMPR. TURB. ROT;OH;1
3029315;FILTER OIL;AR;1
3029419;CONEASSY,COMPINLET,OUT;AR;1
3029419;CONEASSY,COMPINLET,OUT;AR;1
3029419;CONEASSY,COMPINLET,OUT;AR;1
3029419;CONEASSY,COMPINLET,OUT;AR;1
3029420;CONEASSY,COMPINLET,IN;AR;1
3029420;CONEASSY,COMPINLET,IN;AR;1
3029420;CONEASSY,COMPINLET,IN;AR;1
3029420;CONEASSY,COMPINLET,IN;AR;1
3029576;RING  Z;NE;1
3029594;IMPELLER ASSEMBLY CENTRIFUGAL;OH;1
3029601;HPT BLADES;SC;66
3029601;HPT BLADES;SC;7
3029601;HPT BLADES;SV;36
3029601;HPT BLADES;SC;2
3029601;HPT BLADES;SC;31
302DN;VALVE;NE;15
302DN;VALVE;NE;13
303;BULB;NE;10
3030150;TUBE, OIL PRESSURE TRANSF;OH;1
3030259;HOUSING;OH;1
3030262CL;STATOR ASSEMBLY POWER TURBINE;AR;1
3030276;HOUSING;OH;1
3030352;CASE ASSY, COMP. INLET;AR;1
3030367;CLAMP;NE;9
3030383;COVER  Y;AR;1
3030669;PIN;AR;6
3030669;PIN;AR;6
3030669;PIN;AR;6
3030669;PIN;AR;3
3030676;COVER ASSY #3 BEARING;AR;1
3030698;TUBE;OH;1
3030698;TUBE;OH;1
3030698;TUBE;SV;1
3030698;TUBE;SV;1
3030844SB3193;DUCT ASSY,TURBINE EXHAUST;AR;1
3030996;RING   Y;AR;1
3031026;COVER;AR;1
3031058;SUPPORT;AR;1
3031058;SUPPORT;OH;1
3031058;SUPPORT;OH;1
3031058;SUPPORT;OH;1
3031135;NUT;SC;1
3031135;NUT;OH;3
3031135;NUT;SV;3
3031135;NUT;SV;2
3031135;NUT;OH;2
3031136;RING;OH;1
3031136;RING;OH;1
3031136;RING;OH;1
3031136;RING;OH;1
3031266;GEAR,RING,1ST STG REDUCT;AR;1
3031396CL2;PIN;OH;3
3031398CL1;SHAFT;AR;3
3031399;PIN;OH;5
3031451;HOUSING ASSY OIL FILTER ;AR;1
3031529;BRACKET;AR;2
3031529;BRACKET;AR;2
3031529;BRACKET;AR;2
3031529;BRACKET;AR;1
3031535;PLATE;OH;1
3031535;PLATE;OH;1
3031535;PLATE;SV;1
3031539;SCREEN Y;OH;1
3031568;SHAFT;OH;5
3031586;SEAL;SC;1
3031586;SEAL;AR;1
3031639;COUPLNG;OH;1
3032425;TUBE   Y;OH;1
3032425;TUBE   Y;OH;1
3032425;TUBE   Y;SV;1
3032425;TUBE   Y;SV;1
3032997;SENSOR;SC;2
3032997;SENSOR;OH;1
3032997;SENSOR;OH;1
3032997;SENSOR;SC;2
3032997 C;N2 SENSOR;NE;1
3033057;VALVE;AR;1
3033057;VALVE;AR;1
3033073;TUBE   Y;OH;1
3033453;INTERSTAGE VANE RING;AR;1
3034336;FLOW DIVIDER;AR;1
3034336;FLOW DIVIDER;AR;1
3034508WFC;Filter;NE;1
3034828;TUBE   Y;SC;1
3034828;TUBE   Y;OH;1
3035284CL11;GEAR-PLANET,SECOND STAGE;AR;1
3035284CL11;GEAR-PLANET,SECOND STAGE;AR;1
3035284CL11;GEAR-PLANET,SECOND STAGE;AR;1
3035284CL11;GEAR-PLANET,SECOND STAGE;AR;1
3035284CL11;GEAR-PLANET,SECOND STAGE;AR;1
3035360;TUBE   Y;OH;1
3035360;TUBE   Y;OH;1
3035360;TUBE   Y;SC;1
3035530;NOZZLE Y;AR;1
3035530;NOZZLE Y;AR;1
3035530;NOZZLE Y;AR;1
3035530;NOZZLE Y;AR;1
3035530;NOZZLE Y;AR;1
3035530;NOZZLE Y;AR;1
3035530;NOZZLE Y;AR;1
3035530;NOZZLE Y;AR;1
3035530;NOZZLE Y;AR;1
3035530;NOZZLE Y;AR;1
3035530;NOZZLE Y;AR;1
3035530;NOZZLE Y;AR;1
3035530;NOZZLE Y;AR;1
3035641;TUBE   Y;OH;1
3035641;TUBE   Y;OH;1
3035641;TUBE   Y;SV;1
3035643;TUBE   Y;SC;1
3035643;TUBE   Y;OH;1
3035643;TUBE   Y;SV;1
3035899;TUBE;OH;1
3036625;IMPELLR;OH;1
3036625;IMPELLR;AR;1
3037261;HPT STATOR;AR;1
3037261;HPT STATOR;OH;1
3037261;HPT STATOR;AR;1
3037261;HPT STATOR;AR;1
3037911;FAN HUB;OH;1
3037911;FAN HUB;OH;1
3037911;FAN HUB;OH;1
3038312;BOOST HUB ;OH;1
3038312;BOOST HUB ;OH;1
3038312;BOOST HUB ;SV;1
3038312;BOOST HUB ;SV;1
3038700-3;TRANSDUCER;AR;1
3038819;TUBE   Y;OH;1
3039318;TUBE   Y;OH;1
3039318;TUBE   Y;OH;1
3039318;TUBE   Y;SV;1
3039663;STTRLT Y;OH;1
3039663;STTRLT Y;OH;1
3039663;STTRLT Y;AR;1
3039663;STTRLT Y;SV;1
3039923;GASKET;NE;3
3039931;GASKET;NE;4
3039931;GASKET;NE;1
3040939;IMPELLER ;AR;1
3040939;IMPELLER ;AR;1
3040939;IMPELLER ;AR;1
3040939;IMPELLER ;AR;1
3041572CL;STATOR ASSY, LT;AR;1
3041572CL;STATOR ASSY, LT;AR;1
3041572CL4070;STTRLT Y;AR;1
3041593;LT ROTOR - DISK;OH;1
3041657-01;SEAL;SC;1
3041689-01;DUCTBP Y;AR;1
3041689-01;DUCTBP Y;AR;1
3041689-01;DUCTBP Y;OH;1
3041689-01;DUCTBP Y;AR;1
3041746-01;SMALL EXIT DUCT;SC;1
3041746-01;SMALL EXIT DUCT;AR;1
3041746-01;SMALL EXIT DUCT;AR;1
3041933CL;SHROUDSEGMENT,HTROTOR;SC;14
3041933CL32;SHRDSGM;AR;14
3042645-01;CASEGG Y;AR;1
3042645-01;CASEGG Y;AR;1
3042645-01;CASEGG Y;AR;1
3042997-01;SPACER;OH;1
3042997-01;SPACER;OH;1
3042997-01;SPACER;SV;1
3042997-01;SPACER;SV;1
3043838-01;PLATE;OH;1
3044263-01;BLADPT3;OH;43
3045671;Vane Ring;AR;1
304634-2;IGNITER PLUG;NE;10
3049291-01;DISCCT;AR;1
30500154 A;DVD PLAYER;NE;1
3051402-2;EXCITER;RP;1
3052320-01;BLADE-FAN;AR;1
3052320-01;BLADE-FAN;AR;1
3052320-01;BLADE-FAN;AR;1
3052320-01;BLADE-FAN;AR;1
3052320-01;BLADE-FAN;AR;1
3052320-01;BLADE-FAN;AR;1
3052320-01;BLADE-FAN;AR;1
3052320-01;BLADE-FAN;AR;1
3052320-01;BLADE-FAN;AR;1
3052320-01;BLADE-FAN;AR;1
3052320-01;BLADE-FAN;AR;1
3052320-01;BLADE-FAN;AR;1
3052320-01;BLADE-FAN;AR;1
3052320-01;BLADE-FAN;AR;1
3052320-01;BLADE-FAN;AR;1
3052320-01;BLADE-FAN;AR;1
3052320-01;BLADE-FAN;AR;1
3052320-01;BLADE-FAN;AR;1
3052320-01;BLADE-FAN;AR;1
3052320-01;BLADE-FAN;AR;1
3052320-01;BLADE-FAN;AR;1
3052320-01;BLADE-FAN;AR;1
3052320-01;BLADE-FAN;AR;1
3052320-01;BLADE-FAN;AR;1
3052320-01;BLADE-FAN;AR;1
3052320-01;BLADE-FAN;AR;1
3052320-01;BLADE-FAN;AR;1
3052320-01;BLADE-FAN;AR;1
3052320-01;BLADE-FAN;AR;1
3052320-01;BLADE-FAN;AR;1
3052320-01;BLADE-FAN;AR;1
3052320-01;BLADE-FAN;AR;1
3052320-01;BLADE-FAN;AR;1
3052320-01;BLADE-FAN;AR;1
3052320-01;BLADE-FAN;AR;1
3052320-01;BLADE-FAN;AR;1
3052320-01;BLADE-FAN;AR;1
3052320-01;BLADE-FAN;AR;1
3052414-01;OIL PUMP;AR;1
3052470-01;BLADLCF;AR;1
3052470-01;BLADLCF;AR;1
3052470-01;BLADLCF;AR;1
3052470-01;BLADLCF;AR;1
3052470-01;BLADLCF;AR;1
3052470-01;BLADLCF;AR;1
3052470-01;BLADLCF;AR;1
3052470-01;BLADLCF;AR;1
3052470-01;BLADLCF;AR;1
3052470-01;BLADLCF;AR;1
3052470-01;BLADLCF;AR;1
3052470-01;BLADLCF;AR;1
3052470-01;BLADLCF;AR;1
3052470-01;BLADLCF;AR;1
3052470-01;BLADLCF;AR;1
3052470-01;BLADLCF;AR;1
3052470-01;BLADLCF;AR;1
3052470-01;BLADLCF;AR;1
3052470-01;BLADLCF;AR;1
3052470-01;BLADLCF;AR;1
3052470-01;BLADLCF;AR;1
3052470-01;BLADLCF;AR;1
3052470-01;BLADLCF;AR;1
3052470-01;BLADLCF;AR;1
3052470-01;BLADLCF;AR;1
3052470-01;BLADLCF;AR;1
3052470-01;BLADLCF;AR;1
3052470-01;BLADLCF;AR;1
3052470-01;BLADLCF;AR;1
3052470-01;BLADLCF;AR;1
3052470-01;BLADLCF;AR;1
3052470-01;BLADLCF;AR;1
3052470-01;BLADLCF;AR;1
3052470-01;BLADLCF;AR;1
3052470-01;BLADLCF;AR;1
3052470-01;BLADLCF;AR;1
3052470-01;BLADLCF;AR;1
3052470-01;BLADLCF;AR;1
3052535-02;OIL LEVEL INDICATORS;OH;1
3052535-02;OIL LEVEL INDICATORS;OH;1
3052535-02;OIL LEVEL INDICATORS;OH;1
3052535-02;OIL LEVEL INDICATORS;OH;1
3052691-01;ROTOR-HIGH PRESSURE COMPRESSOR;AR;1
3053454-02;FUEL NOZZLE;OH;1
3053454-02;FUEL NOZZLE;OH;1
3053454-02;FUEL NOZZLE;OH;1
3053454-02;FUEL NOZZLE;OH;1
3053454-02;FUEL NOZZLE;OH;1
3053454-02;FUEL NOZZLE;OH;1
3053454-02;FUEL NOZZLE;OH;1
3053454-02;FUEL NOZZLE;OH;1
3053454-02;FUEL NOZZLE;OH;1
3053615-01;SHFTGBX;SC;1
3053616-01;BEARING;OH;1
3053695-01;CASEGG Y;AR;1
3053995CL10;THRMCPL;OH;1
3054141-01;ROTRC1 Y;AR;1
3054277-02;FUEL MANAGEMENT MOD 8063-1029;AR;1
3054277-02;FUEL MANAGEMENT MOD 8063-1029;OH;1
3054277-02;FUEL MANAGEMENT MOD 8063-1029;AR;1
305462-2;HARNESS;RP;1
3054825-02;EXCITER;AR;1
3055021-01;BLADHT;SC;6
3055021-01;BLADHT;OH;4
3056042-02;NOZZLE FUEL HYBRID;OH;1
3056042-02;NOZZLE FUEL HYBRID;OH;1
3056042-02;NOZZLE FUEL HYBRID;OH;1
3056042-02;NOZZLE FUEL HYBRID;OH;1
3056042-02;NOZZLE FUEL HYBRID;OH;1
3056068-01;GASKET FUEL NOZZLE 2 HOLE;NE;24
305630-2;CONTROL;RP;1
3056565-03;NOZZLE FUEL AIR BLAST;OH;1
3056565-03;NOZZLE FUEL AIR BLAST;OH;1
3056565-03;NOZZLE FUEL AIR BLAST;OH;1
3056565-03;NOZZLE FUEL AIR BLAST;OH;1
3056565-03;NOZZLE FUEL AIR BLAST;OH;1
3056565-03;NOZZLE FUEL AIR BLAST;OH;1
3056565-03;NOZZLE FUEL AIR BLAST;OH;1
3057362-01;SEAL;NE;14
3057362-01;SEAL;NE;10
3058278-01;TUBE   Y;NE;1
3058278-01;TUBE   Y;SC;1
3058278-01;TUBE   Y;SC;1
3059185-04;DCU;AR;1
3059779-01;ELEMENT FILTER;NE;34
3059779-01;ELEMENT FILTER;NE;4
3059779-01;ELEMENT FILTER;NE;6
3059779-01;ELEMENT FILTER;NE;1
3059779-01;ELEMENT FILTER;NE;2
3059J-1-103M;POTENTOMETER;NE;1
305IF;BULB;NE;4
306;LAMP;NE;8
30600540;SWITCH;AR;1
3060379-1;BYPASS STATOR VANES;AR;52
3060382-1;SPACER;AR;1
3060436-1;SEAL HYDRODYNAMIC CARBON NO5;AR;1
3060437-1;SEAL SEG CARBON #4;AR;1
3060457-1;#1 CARBON SEAL;AR;1
3060458-1;SEAL;AR;1
3060612-1;BLADE;SV;38
3060625-1;DISK TURBINE LP;SV;1
3060690-1;LPT3 BLADES;SV;48
3060698-1;SEAL;SV;1
3060710-16;FUEL PUMP;AR;1
3060714-4;SENSOR;AR;1
3060714-4;SENSOR;AR;1
3060748-3;HARNESS;AR;1
3060763-4;ITT HARNESS;NE;1
3060763-4;ITT HARNESS;NE;1
3060766-1;COMBUSTOR;SC;1
3060785-2;PUMP, OIL LUBE;AR;1
3060785-2;PUMP, OIL LUBE;AR;1
3060785-3;OIL PUMP LUBE REGULATOR & SCAV;OH;1
3060840-4;A4 NOZZLE;OH;1
3060840-4;A4 NOZZLE;OH;1
3060840-6;A4 NOZZLE;NE;1
3060840-6;A4 NOZZLE;NE;1
3061288-1;TUBE;NE;1
307;LAMP;NE;24
307;LAMP;NE;5
307;LAMP;NE;10
3070010-3;NUT;SV;3
3070014-5;NOZZLE;AR;1
3070019-3;LPT #1 BLADE;SV;86
3070023-3;HP SLEEVE;AR;1
3070023-3;HP SLEEVE;SV;1
3070023-7;SLEEVE;AR;1
3070024-1;SCOOP, OIL;SV;1
3070027-1;TUBE;SV;1
3070031-1;TUBE;SV;1
3070045-1;BEVEL GEAR;SV;1
3070062-2;LPC SHAFT;SV;1
3070062-4;SHAFT;AR;1
3070080-1;RETAINER;SV;5
3070151-3;HPT NUT;AR;1
3070159-1;SEAL;SV;1
3070163-1;NUT;SV;1
3070167-2;GEARSHAFT;SV;1
3070168-1;GEARSHAFT ASSY;SV;1
3070177-2;NUT;SV;1
3070183-1;GEARSHAFT;SV;1
3070194-1;NUT;SV;2
3070196-2;RETAINER;SV;2
3070197-3;OIL JET;SV;1
3070209-3;GEARSHAFT;SV;1
3070210-1;GEARSHAFT;SV;1
3070212-3;GEARSHAFT;SV;1
3070213-2;RETAINER;SV;2
3070216-3;CARRIER;SV;1
3070219-2;GEARSHAFT;SV;1
3070221-1;RETAINER;SV;1
3070228-2;TUBE;SV;1
3070241-1;MOUNT;SV;1
3070246-5;BY-PASS VALVE;SV;1
3070279-13;STATOR;SV;1
3070280-6;STATOR;SV;1
3070280-6;STATOR;RP;1
3070289-2;SHROUD;AR;1
3070300-9;ENGINE;AR;1
3070301-01;HPC ROTOR;SV;1
3070307-2;NOZZLE;SV;1
3070312-3;LPT SHAFT/SEAL ASSY;SV;1
3070317-7;VANE;AR;28
3070317-8;VANE, COMPRESSOR STATOR - STAGE 1 ;AR;18
3070317-9;VANE;AR;1
3070348-1;TOWER SHAFT;SV;1
3070369-2;SUPPORT;SV;1
3070377-1;BOLT;SV;1
3070378-2;IGNITOR BOX;SV;1
3070378-2;IGNITOR BOX;RP;1
3070378-2;IGNITOR BOX;RP;1
3070378-2;IGNITOR BOX;OH;1
3070394-1;BRACKET;SV;1
3070429-6;HOUSING;SV;1
3070432-1;SPACER FAN SHAFT;SV;1
3070465-1;RIB;AR;1
3070493-2;FAIRING;SV;1
3070639-1;SHAFT SHOULDER ;SV;1
3070685-10;VALVE;SV;1
3070685-6;LIMMITER VALVE;AR;1
3070722-10;N2 MONOPOLE;SV;1
3070722-10;N2 MONOPOLE;AR;1
3070800-11;FUEL CONTROL (BR1240);AR;1
3070800-21;FCU CONTROL;SV;1
3070800-22;FUEL CONTROL TFE;OH;1
3070800-22;FUEL CONTROL TFE;AR;1
3070800-22;FUEL CONTROL TFE;OH;1
3070800-22;FUEL CONTROL TFE;OH;1
3070800-24;FUEL CONTROL UNIT;SV;1
3070800-35;FUEL CONTROL;AR;1
3070800-43;FUEL CONTROL;SV;1
3070816-12;SENSOR PRESS & AMP TEMP;AR;1
3070835-1;GASKET;NE;1
3070850-57;FUEL PUMP;AR;1
3070850-58;FUEL PUMP;SV;1
3070850-7;FUEL PUMP;RP;1
3070945-1;FILTER;NE;1
3070945-1;FILTER;NE;2
3070980-1;BRACKET;AR;1
3071049-1;TUBE;SV;1
3071070-2;MOUNT;NE;2
3071070-2;MOUNT;AR;2
3071070-2;MOUNT;NE;1
3071115-3;TUBE;SV;1
3071135-2;MANIFOLD;SV;1
3071140-2;SHIM;AR;3
3071164-1;TUBE;SV;1
3071241-2;FAIRING;SV;1
3071242-1;LP DUCT;SV;2
3071244-2;FLANGE;SV;2
3071270-3;SHIELD;SV;3
3071270-4;SHIELD;SV;1
3071270-5;SHIELD;SV;1
3071270-6;SHIELD;SV;3
3071270-8;HEAT SHIELD;SV;1
3071296-1;PLATE;SV;1
3071319-11;HOUSING;SV;1
3071321-3;HOUSING, ACCY G/B;SV;1
3071321-3;HOUSING, ACCY G/B;SV;1
3071328-1;MANIFOLD;SV;1
3071332-1;TUBE;SV;1
3071346-1;DESWIRL;AR;1
3071351-1;FAIRING;SV;1
3071357-1;ELBOW;SV;1
3071367-1;ELBOW;SV;1
3071368-1;ADAPTER;SV;1
3071372-1;SPEED GEAR;SV;1
3071382-1;GEARBOX COVER;AR;1
3071383-2;SEAL;SV;1
3071394-2;TUBE;SV;1
3071395-2;TUBE;SV;1
3071417-2;SUPPORT;SV;1
3071420-1;TUBE;SV;1
3071431-3;NOZZLE THRUST-EXHAUST;SV;1
3071441-1;HP SHAFT;SV;1
3071463-1;CARRIER;SV;1
3071550-1;TUBE;SV;1
3071564-4;VALVE AIR BREATHER;AR;1
3071564-7;VALVE;AR;1
3071590-11;LEAD;NE;1
3071590-11;LEAD;NE;2
3071590-12;LEAD, IGNITER ;AR;1
3071590-13;LEAD, IGNITION;AR;1
3071604-2;NUT;SV;3
3071612-1;FAIRING;SV;1
3071613-2;GROMMET;SV;1
3071614-1;PLATE LOCK;SV;1
3071624-7;CARRIER;SV;1
3071626-5;PINION GEAR ASSY;SV;1
3071655-1;COVER PLATE;SV;1
3071676-1;RETAINER;SV;2
3071691-7;HOUSING;SV;1
3071693-1;NUT;SV;1
3071740-1;NUT;SV;1
3071753-1;TUBE;SV;1
3071754-2;NOZZLE;AR;1
3071762-1;ADAPTER;SV;1
3071767-1;SEGMENTS, A4 NOZZLE ;SV;1
3071767-2;SEGMENTS, A4 NOZZLE;SV;1
3071778-1;MANIFOLD;SV;1
3071783-1;SUPPORT;SV;1
3071791-1;TUBE;SV;1
3071792-1;E;SV;1
3071793-1;TUBE;SV;1
3071795-1;TUBE;SV;1
3071796-1;TUBE;SV;1
3071824-9;RETAINER BEARING;SV;1
3071832-1;MANIFOLD;SV;1
3071834-1;BRACKET;AR;1
3071837-4;DOOR;SV;1
3071845-5;OIL TANK;SV;1
3071860-6;PANEL;AR;1
3071861-1;SHAFT;SV;1
3071863-1;RETAINER;SV;1
3071864-1;FLANGE;SV;1
3071865-1;RETAINER;SV;1
3071866-3;CARRIER;SV;1
3071870-3;SHAFT;SV;1
3071871-1;BRACKET;SV;2
3071873-2;SHROUD;AR;1
3071883-1;TUBE;SV;1
3071884-1;TUBE;SV;1
3071908-2;PLUG;SV;1
3071916-1;LINK;SV;1
3071917-1;LINK;SV;1
3071943-1;BRACKET;SV;1
3071948-1;ELBOW;SV;1
3071949-12;OIL PUMP ASSY LUBE;OH;1
3071950-3;SEAL;SV;1
3071955-5;SHAFT;SV;1
3071967-3;SEAL;SV;1
3071969-1;SPACER;SV;1
3071970-3;OIL BAFFLE;AR;1
3071970-4;DEFLECTOR;AR;1
3071973-2;TUBE;SV;1
3071974-1;ADAPTER;SV;1
3071975-1;TUBE;SV;2
3071977-1;TUBE;SV;1
3071978-1;ADAPTER;SV;1
3071981-1;NUT-FAN;SV;1
3071983-2;FAN NUT RETAINER;SV;1
3071986-1;BEARING RETAINER;SV;1
3071991-2;TUBE;AR;1
3072012-2;LPT#2 BLADE;SV;84
3072014-2;BLADE;SV;54
3072057-01;DCU ;AR;1
3072068-3;3RD LPT ROTOR;SV;1
3072070-5;1ST LPT HUB;AR;1
3072070-5;1ST LPT HUB;AR;1
3072084-1;TUBE;SV;1
3072118-2;TUBE;SV;1
3072119-2;NOZZLE;SV;1
3072133-1;TUBE;SV;1
3072138-1;NOZZLE;SV;1
3072142-1;TUBE;SV;1
3072152-2;TUBE;SV;1
3072152-4;TUBE;SV;1
3072153-2;TUBE;SV;1
3072153-3;TUBE ASSEMBLY;SV;1
3072154-2;TUBE TRANSFER;SV;1
3072163-1;FAN BLADE;SV;4
3072163-1;FAN BLADE;SV;3
3072163-1;FAN BLADE;SV;15
3072163-1;FAN BLADE;SV;1
3072163-1;FAN BLADE;SV;11
3072163-1;FAN BLADE;SV;30
3072163-15;FAN BLADE;SV;27
3072163-15;FAN BLADE;SV;30
3072171-1;TUBE;SV;1
3072172-1;TUBE;SV;2
3072173-1;TUBE;SV;1
3072176-1;TUBE;SV;1
3072230-1;FUEL CAP;SV;1
3072230-1;CAP                   LT180;AR;1
3072231-1;COVER;SV;1
3072262-7;HOUSING;SV;1
3072269-2;ELBOW;SV;1
3072311-2;BLADE, TURBINE ROTOR - LP, STAGE 1 ;SV;2
3072316-2;HPT DISC ;AR;1
3072316-2;HPT DISC ;AR;1
3072316-3;DISK, HPT-7000 C/R ;NE;1
3072336-1;PLUG;SV;1
3072341-6;SLEEVE;SV;1
3072374-2;TUBE;SV;1
3072379-1;RETAINER;SV;1
3072395-1;1ST STG LPC DISC;RP;1
3072395-1;1ST STG LPC DISC;AR;1
3072395-1;1ST STG LPC DISC;AR;1
3072395-2;1ST STG LPC DISC;OH;1
3072395-2;1ST STG LPC DISC;AR;1
3072395-2;1ST STG LPC DISC;RP;1
3072396-1;2ND STG LPC DISC;SV;1
3072396-1;2ND STG LPC DISC;AR;1
3072396-1;2ND STG LPC DISC;AR;1
3072396-1;2ND STG LPC DISC;RP;1
3072396-3;2ND STG LPC DISK;OH;1
3072397-1;3RD STG LPC DISC;SV;1
3072397-1;3RD STG LPC DISC;AR;1
3072397-1;3RD STG LPC DISC;AR;1
3072397-3;DISK;OH;1
3072397-3;DISK;AR;1
3072398-1;4TH STG LPC DISC;AR;1
3072398-1;4TH STG LPC DISC;SV;1
3072398-2;DISK;NE;1
3072399-4;BLADE;AR;31
3072400-6;BLADE;AR;38
3072401-2;BLADE;AR;39
3072401-4;BLADE;AR;39
3072402-1;BLADE CPRSR RTR;AR;42
3072402-6;BLADE;AR;42
3072403-6;COMPRESSOR SHROUD;SV;1
3072404-1;SHROUD;AR;1
3072404-4;SHROUD;SV;1
3072405-1;SHROUD;SV;1
3072405-1;SHROUD;SV;1
3072425-2;NOZZLE;SV;1
3072429-1;STATOR;SV;1
3072443-3;CASE;AR;1
3072443-3;CASE;AR;1
3072447-1;FITTING;SV;1
3072449-4;DESWIRL;RP;1
3072542-5;2nd LPT DISK;OH;1
3072542-5;2nd LPT DISK;AR;1
3072544-3;DISK;SV;1
3072545-1;SHAFT;AR;1
3072590-1;TUBE;SV;1
3072591-1;TUBE;SV;1
3072591-1;TUBE;AR;1
3072621-1;SEAL;SV;1
3072631-1;TUBE;SV;1
3072636-1;TUBE;AR;1
3072647-1;BRACKET;SV;1
3072653-1;HOUSING TOWER SHAFT;SV;1
3072674-6;LINER COMBUSTOR ;AR;1
3072720-2;DEFLECTOR;SV;1
3072720-2;DEFLECTOR;AR;1
3072720-7;DUCT SET;SV;1
3072726-1;T-DUCT;AR;1
3072727-2;BYPASS STATOR;AR;1
3072731-1;TUBE;SV;1
3072751-1;PANEL;AR;1
3072752-1;FAIRING;SV;1
3072762-1;TUBE;SV;1
3072763-1;MANIFOLD SUPPLY TUBE;SV;1
3072774-1;GEARSHAFT;SV;1
3072775-1;BEARING;SV;1
3072825-1;SPINNER SUPPORT;SV;1
3072831-1;SUPPORT;SV;1
3072832-1;CONNECTOR;SV;1
3072853-1;BOLT;SV;2
3072866-1;BEARING;AR;1
3072883-1;BEARING;SV;1
3072883-1;BEARING;OH;1
3072885-1;BEARING;SV;1
3072885-1;BEARING;SV;1
3072885-1;BEARING;SV;1
3072885-1;BEARING;SV;1
3072885-1;BEARING;SV;1
3072885-1;BEARING;SV;1
3072892-3;SHAFT;SV;1
3072920-2;BEARING;SV;1
3072978-1;ROTOR SEAL;SV;1
3073042-2;GEARSHAFT;SV;1
3073042-2;GEARSHAFT;AR;1
3073042-2;GEARSHAFT;SV;1
3073042-2;GEARSHAFT;SV;1
3073042-7;PLANETARY GEARSHAFT ASSY;SV;1
3073049-1;TIEROD;SV;1
3073204-01;TEE;NE;1
3073204-01;TEE;NE;1
3073218-01;CHECK VALVE;AR;2
3073301-01;OIL FILTER ELEMENT;NE;12
3073374-11;SHROUD;SV;1
3073388-1;TUBE;SV;1
3073393-1;IMPELLER;SV;1
3073418-3;TUBE;AR;1
3073494-1;RETAINER;SV;1
3073534-1;PANEL;SV;1
3073542-2;CLAMP;SV;1
3073563-2;DISK;SC;1
3073563-2;DISK;SV;1
3073563-2;DISK;OH;1
3073566-3;ADAPTERS -FAN BLADE;SV;30
3073591-1;FUEL NOZZLE MANIFOLD ;AR;1
3073592-2;FUEL MANIFOLDS;AR;1
3073595-1;HARNESS-THERMOCOUPLE;SV;1
3073605-1;HARNESS;AR;1
3073638-4;BLADE;SV;2
3073749-4;DIFFUSER;AR;1
3073774-1;COMBUSTOR LINER;SV;1
3073827-1;TRANSDUCER,MOTIONAL PICKUP;SV;1
3073827-4;TRANSDUCER;SV;1
3073827-5;TRANSDUCER;NE;1
3073827-5;TRANSDUCER;AR;1
3073950-1;LEAD ITT;AR;1
3073974-01;FUEL NOZZLE;OH;1
3073974-01;FUEL NOZZLE;OH;1
3073974-01;FUEL NOZZLE;OH;1
3073974-01;FUEL NOZZLE;OH;1
3073974-01;FUEL NOZZLE;OH;1
3073974-01;FUEL NOZZLE;OH;1
3073974-01;FUEL NOZZLE;OH;1
3073976-01;FUEL NOZZLE;OH;1
3073976-01;FUEL NOZZLE;OH;1
3073976-01;FUEL NOZZLE;OH;1
3073976-01;FUEL NOZZLE;OH;1
3073976-01;FUEL NOZZLE;OH;1
3073976-01;FUEL NOZZLE;OH;1
3073976-01;FUEL NOZZLE;OH;1
3074003-1;NOZZLE SEGMENT, COOLED HP TURBINE;SV;1
3074004-3;NOZZLE;SV;1
3074004-3;NOZZLE;SV;1
3074004-3;NOZZLE;SV;1
3074004-3;NOZZLE;SV;1
3074004-3;NOZZLE;SV;1
3074004-3;NOZZLE;SV;1
3074049-01;TUBE;NE;1
3074049-01;TUBE;OH;1
3074049-01;TUBE;SV;1
3074049-01;TUBE;SV;1
3074049-01;TUBE;OH;1
3074096-2;DISK;SV;1
3074363-1;HARNESS;AR;1
3074372-3;VALVE;SV;1
3074555-11;CASE AND VANE ASSY STAGE 4;AR;1
3074567-1;SHROUD;AR;1
3074576-1;SEAL;SV;1
3074579-2;RETAINER;SV;1
3074621-4;DISK;SV;1
3074655-4;CASE;AR;1
3074655-4;CASE;AR;1
3074744-1;TIE ROD, THREADED ENDS ;AR;1
3074744-1;TIE ROD, THREADED ENDS ;AR;1
3074785-8;HPT BLADE;AR;19
3074803-4;SHAFT;AR;1
3074809-1;EXHAUST NOZZLE;AR;1
3074809-2;SUPPORT;AR;1
3074883-1;TUBE;NE;1
3075126-1;DESWIRL;AR;1
3075158-2;LINER;AR;1
3075159-3;DIFFUSER;AR;1
3075160-4;TFE ENGINE;AR;1
3075205-1;ROTOR;AR;1
3075207-3;OIL TANK;AR;1
3075207-3;OIL TANK;AR;1
3075227-2;DISK;SC;1
3075227-2;DISK;SC;1
3075271-4;NOZZLE;AR;1
3075278-3;NOZZLE;AR;1
3075278-5;NOZZLE;AR;1
3075290-1;FAN BLADE;AR;10
3075290-3;BLADE;AR;1
3075292-4;T-DUCT;AR;1
3075310-5;CARRIER;AR;1
3075323-3;VALVE ASSMEBLY AIR BREATHER;OH;1
3075323-3;VALVE ASSMEBLY AIR BREATHER;SV;1
3075326-3;DISK;SV;1
3075347-1;NOZZLE;AR;1
3075388-2;TRANSDUCER;AR;1
3075394-01;DCU;AR;1
3075413-1;LINER;SV;1
3075413-2;LINER, INNER TRANS;AR;1
3075436-1;DISK;OH;1
3075535-2;SHAFT;AR;1
3075541-2;#6 TUBE;SV;1
3075579-1;PLATE;AR;1
3075583-2;CHAMBER, COMBUSTION ;AR;1
3075599-1;COVER;SV;1
3075633-2;SEAL;AR;1
3075635-2;RETAINER;SV;1
3075636-1;SPACER;SV;1
3075637-2;NUT;SV;1
3075643-1;RETAINER;SV;1
3075658-2;RETAINER;SV;1
3075668-3;TUBE;SV;1
3075677-2;SPACER;AR;1
3075684-2;SEAL RETAINER # 3 CARBON;SV;1
3075716-1;2ND LPT NOZZLE;AR;1
3075765-1;IMPELLER;OH;1
3075772-1;DISK for TFE-731-2. It has 8,819 C/R;OH;1
3075828-1;1st LPT DISK;SV;1
3075830-1;DISK;SV;1
3075830-1;DISK;SV;1
3075830-1;DISK;SV;1
3077013-6;DIFFUSER SUPPORT;AR;1
3077039-1;LINER;SV;1
3077047-11;IMPELLER SHROUD;AR;1
3077048-1;SEAL SUPPORT;RP;1
3077055-3;NOZZLE SUPPORT;SV;1
3077056-1;ITL;AR;1
3077058-7;DIFFUSER;SV;1
3077082-1;HOUSING- Fan Support;SV;1
3077082-1;HOUSING- Fan Support;SV;1
3077122-1;3077122-2;SV;1
3077125-1;A5 Nozzle ;AR;1
3077145-1;FUEL FILTER INSTALLATION KIT;NE;3
30828-400;CLAMP ASSY;AR;8
309 LAMP;LAMP;NE;7
30953-7200;CLAMP;SV;1
30A1325;"SEAL RING; METAL";NE;2
30A1499;4TH STG TURBINE DISC;OH;1
30B1619;IGNITER (PW305);AR;1
30B1882;POP-UP INDICATOR;NE;1
30B2075CL18;2ND STG HP SHROUD;OH;18
30B2135CL20;1ST STG HP SHROUD;OH;14
30B2216CL27;VANE;AR;1
30B2494CL2 A;TRIM PLUG;NE;1
30B3181-01;GASKET METAL ;NE;21
30B4763-01;LOWER BYPASS DUCT ;SC;1
30B4763-01;LOWER BYPASS DUCT ;AR;1
30B5042CL01;VANESGMY;AR;1
30B5042CL01;VANESGMY;AR;1
30B5042CL01;VANESGMY;AR;1
30B5042CL01;VANESGMY;AR;1
30B5042CL01;VANESGMY;AR;1
30B5042CL01;VANESGMY;AR;1
30B5042CL01;VANESGMY;AR;1
30B5042CL01;VANESGMY;AR;1
30B5042CL01;VANESGMY;AR;1
30B5112-01;GASKET;NE;2
30B5599-01;GASKET;NE;1
30B5898-01;SEAL ASSY FACE CARBON;NE;1
30B5898-01;SEAL ASSY FACE CARBON;NE;1
30B6652-01;KIT, OIL FILTER REPLACEMENT;NE;14
30B6653-01;KIT, FUEL FILTER REPLACEMENT ;NE;14
30B7443-01;SEAL;NE;1
30C1132-03;EXCITER;AR;1
30C4675-01;VALVE - COLD START;AR;1
30C5456-01;FUEL FILTER;NE;2
30H1322;DISC TURBINE LP 2ND STG;RP;1
30H1323;DISK-TURBINE,STG3;RP;1
30H673;FIRE EXT.;AR;1
30J1143-01;TUBE AIR ANTI ICE;SC;1
30J1169-01;BRACKET, VIBRATION PICK-UP;OH;1
30J1193-01;DIFFUSER SET, GAS GENERATOR;RP;1
30J1224-01;HOUSING ASSY, BRG. NO.1 & 2;RP;1
30J1227-01;CONE, NOSE;OH;1
30J1235-01;SHAFT, BALANCING ASSY, LP;RP;1
30J1243-01;VANE RING ASSY, FAN EXIT;RP;1
30J1246-01;TUBE, TRANSFER, PACKING;OH;1
30J1253-01;WASHER, KEY;OH;1
30J1256-01;SPACER, LOW COMPRESSOR;OH;1
30J1258-01;SUPPORT, SENSOR, N1 ASSY;OH;1
30J1259-01;RING, PHONIC;OH;1
30J1296CL;PLUG, METERING, SECONDARY;AR;1
30J1296CL40;METERING PLUG-SECONDARY;NE;2
30J1296CL44;ORIFICE;NE;1
30J1296CL48;ORIFICE;NE;2
30J1296CL52;ORIFICE;NE;1
30J1296CL56;ORIFICE;NE;2
30J1296CL68;PLUG;NE;1
30J1296CL70;PLUG;NE;1
30J1296CL76;METERING PLUG;NE;1
30J1296CL78;PLUG;NE;1
30J1328-01;RUNNER;AR;1
30J1335-01;SEAT, VALVE SPRING;AR;1
30J1336-01;SEAT, VALVE SPRING;AR;1
30J1363-01;COVER ASSY, AGB;SC;1
30J1401;DISC TURBINE HP 1ST STG;RP;1
30J1409-01;TUBE ASSY, FUEL PRESS.;OH;1
30J1410-01;TUBE ASSY, PRESS., NO.5 BRG;SC;1
30J1412-01;BRACKET, ANGLE;AR;1
30J1434-01;CARRIER ASSY, INTERSHAFT;OH;1
30J1450-01;IMPELLER, CENTRIFUGAL HPC;RP;1
30J1481CL01;HPT VANE RING;RP;1
30J1488-01;SWITCH, FUEL DIFF. PRESS.;RP;1
30J1489-03;SWITCH, OIL, DIFF. PRESSURE;RP;1
30J1497-01;COVER, OIL PUMP, FRONT;RP;1
30J1502-01;GASKET;NS;1
30J1502-01;GASKET;NE;2
30J1502-01;GASKET;NE;2
30J1541-01;ROTOR, FAN, LC;RP;1
30J1557-01A;DCU;AR;1
30J1581-01                     ;BLADES, TURBINE 1ST STG;SV;1
30J1581-01                     ;BLADES, TURBINE 1ST STG;SV;1
30J1581-01                     ;BLADES, TURBINE 1ST STG;SV;1
30J1581-01                     ;BLADES, TURBINE 1ST STG;SV;1
30J1581-01                     ;BLADES, TURBINE 1ST STG;SV;1
30J1581-01                     ;BLADES, TURBINE 1ST STG;SV;1
30J1581-01                     ;BLADES, TURBINE 1ST STG;SV;1
30J1581-01                     ;BLADES, TURBINE 1ST STG;SV;1
30J1581-01                     ;BLADES, TURBINE 1ST STG;SV;1
30J1581-01                     ;BLADES, TURBINE 1ST STG;SV;1
30J1581-01                     ;BLADES, TURBINE 1ST STG;SV;1
30J1581-01                     ;BLADES, TURBINE 1ST STG;SV;1
30J1581-01                     ;BLADES, TURBINE 1ST STG;SV;1
30J1581-01                     ;BLADES, TURBINE 1ST STG;SV;1
30J1581-01                     ;BLADES, TURBINE 1ST STG;SV;1
30J1588-01;ARM, SHAFT, BELLCRANK;OH;1
30J1625-01;SHAFT, AGB DRIVE;OH;1
30J1647-01;VANE RING ASSY, COMP. INLET;OH;1
30J1667-01;DUCT, B/P, REAR, ASSEMBLY;RP;1
30J1670-01;MANIFOLD ASSY, AGB;RP;1
30J1672-01;NUT, RETAINING, FAN;OH;1
30J1700-03;OIL LEVEL INDICATOR;OH;1
30J1700-03;OIL LEVEL INDICATOR;OH;1
30J1768-01;DAMPER, RING;SC;1
30J1772-01;COVER, PLAIN;AR;1
30J1772-01;COVER, PLAIN;AR;1
30J1773-01;KEY WASHER, FLAT;AR;1
30J1781-01;STATOR ASSY, HC, 1ST STAGE;RP;1
30J1795-01;PIN, SUPPORT, COMBUSTOR;SC;1
30J1807-01;COVER ASSY, TUBE, AIR;OH;1
30J1808-01;COVER, AIR, CABIN;OH;1
30J1929-01;COMBUSTION LINER;RP;1
30J1944-01;SHAFT, COMPRESSOR, HP;OH;1
30J2006-01;GASKET, FUEL DRAIN;SC;1
30J2007-01;GASKET, FAIRING, IGNITER;SC;2
30J2027-01;CHIP COLLECTOR, MAGNETIC;OH;1
30J2028-01;VALVE, CHIP DETECTOR;OH;1
30J2053-01;SENSOR, TEMP., T1.4;OH;1
30J2103-01;CASE ASSY, GAS GENERATOR;RP;1
30J2111-01;LEVER ASSY, FUEL CONTROL;RP;1
30J2113-01;HOUSING ASSY, BELLCRANK;RP;1
30J2122-01;ROTOR, HC, 2ND STAGE;OH;1
30J2127-01;STATOR ASSY, HC, 2ND STAGE;RP;1
30J2142-01;FAN CASE;RP;1
30J2208-01;VALVE;RP;1
30J2318-04;ENGINE HARNESS;AR;1
30J2350-01;HOUSING, VALVE, COLD START;OH;1
30J2383-01;COVER ASSY, TUBE, AIR;RP;1
30J2432-01;MANIFOLD, FUEL;SC;1
30J2455-01;RING, SEAL, HT;SC;1
30J2615-01;ATTENUATOR ASSY;SC;1
30J2673-02;DCU;AR;1
30J2758-01;HOSE TUBE FUEL PRESS;OH;1
30J2760-01;BRACKET, ANGLE;AR;1
30J2794-01;SEAL, PLAIN;SC;1
30J2821-01;HPC ROTOR, 1ST STG;RP;1
30J2825-01;IGNITER PLUG;SC;2
30J2845-01;NUT-RETAINING,COMPRESSOR;OH;1
30J2936-01;BEARING, BALL, FLANGED;OH;1
30J2970-03;WIRING HARNESS, ELECTRICAL;AR;1
30J3103-01;HOUSING ASSY, AGB DRIVE;OH;1
30J3124-01;CABLE, IGNITION;RP;1
30J3124-02;CABLE, IGNITION;RP;1
30J3144-01;SEAL, CARBON, INTERSHAFT;OH;2
30J3168-01;GROMMET, MANIFOLD, REAR;AR;1
30J3170-01;GROMMET, MANIFOLD, FRONT;AR;1
30J3183-01;COVER PLATE, FAIRING, FRONT;SC;1
30J3218-01;GROMMET, FUEL SHUTOFF CABLE;SC;1
30J3278-01;SEAL-PLAIN;NE;1
30J3312-01;TUBE ASSY, FUEL PRESS.;OH;1
30J3343-01;KIT;NE;1
30J3412-01;CARBON SEAL-NO.4 BEARING;SC;1
30J3412-01;SEAL, CARBON, NO.4 BEARING;SC;1
30J3490-01;VALVE, SERVO, INTRCOMPRSR BLEED   ;AR;1
30J3490-01;VALVE, SERVO, INTRCOMPRSR BLEED   ;SV;1
30J3491-01;SERVO VALVE;AR;1
30J3779-01;GASKET;NE;2
30J3779-01;GASKET;NE;5
30J3780-01;GASKET;NE;2
31-3078-1 S;FLASH TUBE ASSEMBLY;NE;1
31-3172-11;LIGHT ASSY, GRIMES;NE;1
3100014-01;SEAL AIR POWER TURBINE STATOR;OH;1
3100122-02;HGS CT SHROUD LL;AR;1
3100125-01;VALVE;OH;2
3100125-01;VALVE;OH;2
3100125-01;VALVE;SV;2
3100125-01;VALVE;SV;2
3100142-01;SCREW;OH;6
3100173-01;PISTON;OH;1
3100187-01;HSGBRG Y;OH;1
3100187-01;HSGBRG Y;OH;1
3100187-01;HSGBRG Y;SV;1
3100187-01;HSGBRG Y;SV;1
3100196-02;HSGPUMPY;AR;1
3100224-01;DUCT ASSY, LARGE EXIT;OH;1
3100335-01;SENSOR;OH;1
3100335-01;SENSOR;OH;1
3100337-01;PLATE;OH;1
3100337-01;PLATE;OH;1
3100337-01;PLATE;AR;1
3100337-01;PLATE;AR;1
3100339-01;INSERT;SC;1
3100450-01;GEARSHAFT SPUR;OH;1
3100542-01;BOLT;AR;1
3100542-01;BOLT;AR;1
3100542-01;BOLT;AR;1
3100542-01;BOLT;AR;1
3100591-03;DUCT;AR;1
3100596-01;SEAL   Y;AR;1
3100596-01;SEAL   Y;AR;1
3100596-01;SEAL   Y;AR;1
3100610-01;SLEEVE;OH;1
3100611-01;SEAT;OH;1
3100612-01;PISTON;OH;1
3100613-01;SEAT;OH;1
3100653-01;RING;OH;1
3100653-01;RING;SC;1
3100759-01;RING;OH;1
3100759-01;RING;AR;1
3100759-01;RING;SV;1
3100759-01;RING;SV;1
3100773-02;TUBE;OH;1
3100773-02;TUBE;OH;1
3100773-02;TUBE;SV;1
3100773-02;TUBE;SV;1
3100790-01;FILLER CAP & GAGE ASSY;AR;1
3100920-01;PISTON Y;OH;2
3100978-01;PLATE;OH;1
3101116-01;TUBE;SC;1
3101116-01;TUBE;OH;1
3101116-01;TUBE;SV;1
3101117-02;TUBE;OH;1
3101117-02;TUBE;OH;1
3101117-02;TUBE;SV;1
3101117-02;TUBE;SV;1
3101538-01;CARRIER;OH;1
3101544-01;SEAT;OH;1
3101544-01;SEAT;OH;1
3101544-01;SEAT;SV;1
3101544-01;SEAT;SV;1
3101615-01;HSGBRG;OH;1
3101648-01;#3.5 BEARING;OH;1
3101648-01;#3.5 BEARING;OH;1
3101733-01;#4 BEARING;SC;1
3101733-01;#4 BEARING;OH;1
3101733-01;#4 BEARING;OH;1
3101750-01;HSGASSY,#1BRGOUTER;AR;1
3101750-02;HSGBRG Y;AR;1
3101750-02;HSGBRG Y;AR;1
3101750-02;HSGBRG Y;AR;1
3101774-01;COVER  Y;AR;1
3101774-01;COVER  Y;AR;1
3101774-01;COVER  Y;AR;1
3101774-01;COVER  Y;AR;1
3101777-01;TUBE;OH;2
3101777-01;TUBE;OH;2
3101777-01;TUBE;SV;2
3101777-01;TUBE;SV;2
3101778-02;TUBE;OH;3
3101778-02;TUBE;OH;3
3101778-02;TUBE;SV;3
3101778-02;TUBE;SV;3
3101867-01;#1 BEARING;SC;1
3101867-01;#1 BEARING;SC;1
3101976-01;BOLT;OH;6
3101976-01;BOLT;OH;6
3101976-01;BOLT;SV;6
3101976-01;BOLT;SV;6
3101977-01;SPACER;AR;6
3101977-01;SPACER;AR;6
3101977-01;SPACER;AR;6
3101977-01;SPACER;AR;6
3102227-01;BEARING #6;SC;1
3102233-02;SHEATH;OH;11
3102233-02;SHEATH;SC;2
3102297-01;TUBE;SC;1
3102297-01;TUBE;SC;2
3102304-01;TUBE  Y;OH;2
3102304-01;TUBE  Y;OH;2
3102304-01;TUBE  Y;SV;2
3102304-01;TUBE  Y;SV;2
3102409-03;SPRING;AR;2
3102409-03;SPRING;SC;2
3102409-03;SPRING;SC;2
3102409-03;SPRING;SC;2
3102454-01;BEARING, #5;SC;1
3102504-01;COVER;AR;1
3102504-01;COVER;AR;1
3102546-01;NUT;OH;1
3102603-01;ADAPTER;OH;1
3102603-01;ADAPTER;OH;1
3102603-01;ADAPTER;SV;1
3102603-01;ADAPTER;SV;1
3102608-01;TUBE;OH;1
3102608-01;TUBE;OH;1
3102608-01;TUBE;SV;1
3102608-01;TUBE;SV;1
3102612-02;PLATE;AR;1
3102612-02;PLATE;AR;1
3102612-02;PLATE;AR;1
3102612-02;PLATE;AR;1
3102614-02;HSGPUMPY;AR;1
3102614-02;HSGPUMPY;AR;1
3102614-02;HSGPUMPY;AR;1
3102614-02;HSGPUMPY;AR;1
3102615-01;ADAPTER;AR;1
3102615-01;ADAPTER;AR;1
3102615-01;ADAPTER;AR;1
3102615-01;ADAPTER;AR;1
3102616-01;HSGPUMPY;AR;1
3102616-01;HSGPUMPY;AR;1
3102616-01;HSGPUMPY;AR;1
3102616-01;HSGPUMPY;AR;1
3102759-02;DUCT ASSY, LARGE EXIT;AR;1
3102759-02;DUCT ASSY, LARGE EXIT;AR;1
3102759-02;DUCT ASSY, LARGE EXIT;AR;1
3102759-02;DUCT ASSY, LARGE EXIT;AR;1
3102804-01;SHIELD;OH;1
3102804-01;SHIELD;OH;1
3102804-01;SHIELD;SV;1
3102804-01;SHIELD;SV;1
3102836-01;SEAL   Y;OH;1
3102836-01;SEAL   Y;OH;1
3102836-01;SEAL   Y;AR;1
3102836-01;SEAL   Y;AR;1
3102837-01;SEAL;SC;1
3102837-01;SEAL;SC;1
3102837-01;SEAL;SC;1
3102837-01;SEAL;SC;1
3102876-01;ELBOW;AR;1
3102876-01;ELBOW;AR;1
3102876-01;ELBOW;AR;1
3102876-01;ELBOW;AR;1
3102925-01;COUPLNGY;AR;1
3102925-01;COUPLNGY;AR;1
3102925-01;COUPLNGY;AR;1
3102925-01;COUPLNGY;AR;1
3102977-01;CONNCTRY;SV;1
3102977-01;CONNCTRY;SV;1
3102992-01;SLEEVE;OH;1
3102992-01;SLEEVE;OH;1
3102992-01;SLEEVE;SV;1
3102992-01;SLEEVE;SV;1
3102993-01;VALVE;OH;1
3102993-01;VALVE;OH;1
3102993-01;VALVE;SV;1
3102993-01;VALVE;SV;1
3102994-01;TUBE;OH;1
3102994-01;TUBE;OH;1
3102994-01;TUBE;SV;1
3102994-01;TUBE;SV;1
3102996-01;TUBE;OH;2
3102996-01;TUBE;OH;2
3102996-01;TUBE;SV;2
3102996-01;TUBE;SV;2
3103074-01;SEAL   Y;SC;1
3103257-01;BRACKETY;AR;1
3103257-01;BRACKETY;AR;1
3103257-01;BRACKETY;AR;1
3103257-01;BRACKETY;AR;1
3103258-01;BRACKET;SV;1
3103345-01;RETAINR;OH;2
3103365-01;SUPPORTY;AR;1
3103365-01;SUPPORTY;AR;1
3103365-01;SUPPORTY;AR;1
3103365-01;SUPPORTY;AR;1
3103462-01;TUBE;OH;2
3103462-01;TUBE;SC;2
3103462-01;TUBE;SV;2
3103462-01;TUBE;SV;2
3103603-01;LT 3 BLADE;OH;55
3103603-01;LT 3 BLADE;OH;55
3103603-01;LT 3 BLADE;SV;53
3103603-01;LT 3 BLADE;SV;55
3103702-01;BLADLT2;OH;61
3103702-01;BLADLT2;OH;61
3103702-01;BLADLT2;OH;61
3103702-01;BLADLT2;SC;5
3103702-01;BLADLT2;OH;56
3103775-01;COMBUSTOR;AR;1
3103802-01;BLADLCB;AR;50
3103802-01;BLADLCB;AR;50
3103802-01;BLADLCB;AR;50
3103802-01;BLADLCB;AR;50
3103846-01;TUBE TRANSFER;OH;3
3103846-01;TUBE TRANSFER;NE;2
3103846-01;TUBE TRANSFER;OH;4
3104004-01;RING;OH;2
3104004-01;RING;AR;2
3104004-01;RING;AR;1
3104004-01;RING;AR;2
3104004-01;RING;SC;1
3104123-01;PLATE;OH;1
3104123-01;PLATE;OH;1
3104123-01;PLATE;OH;1
3104123-01;PLATE;OH;1
3104152-01;GERSHFTY;SC;1
3104287-01;GERSHFT;OH;1
3104287-01;GERSHFT;OH;1
3104287-01;GERSHFT;SV;1
3104287-01;GERSHFT;SV;1
3104288-01;GERSHFT;OH;1
3104288-01;GERSHFT;OH;1
3104288-01;GERSHFT;SV;1
3104288-01;GERSHFT;SV;1
3104405-01;TIEROD;SC;6
3104690-01;DUCT   Y;RP;1
3104715-01;SHFTHC;SC;1
3104715-01;SHFTHC;SC;1
3104715-01;SHFTHC;SC;1
3104935-01;SHRDC;AR;1
3104935-01;SHRDC;AR;1
3104935-01;SHRDC;AR;1
3104935-01;SHRDC;AR;1
3104962-01;STTRC  Y;AR;1
3104962-01;STTRC  Y;AR;1
3104962-01;STTRC  Y;AR;1
3104962-01;STTRC  Y;AR;1
3105060-01;ADAPTER;AR;1
3105060-01;ADAPTER;AR;1
3105060-01;ADAPTER;AR;1
3105060-01;ADAPTER;AR;1
3105171-01;ELEMENT;OH;1
3105172-01;PLATE;OH;1
3105380-01;GEAR   Y;OH;1
3105380-01;GEAR   Y;SC;1
3105380-01;GEAR   Y;SC;1
3105380-01;GEAR   Y;SC;1
3105381-01;GEAR;OH;1
3105381-01;GEAR;SC;1
3105381-01;GEAR;SC;1
3105381-01;GEAR;SC;1
3105460-01;COVER;AR;1
3105460-01;COVER;AR;1
3105460-01;COVER;AR;1
3105460-01;COVER;AR;1
3105502-01;RING;OH;1
3105502-01;RING;AR;1
3105502-01;RING;SV;1
3105502-01;RING;SV;1
3105678-01;HOUSINGY;OH;1
3105678-01;HOUSINGY;OH;1
3105678-01;HOUSINGY;SV;1
3105678-01;HOUSINGY;SV;1
3105685-02;HSGPTSTY;AR;1
3105763-01;DUCT ASYO-BY-PASS,REAR,IN;AR;1
3105845-01;SHIELD;OH;1
3105845-01;SHIELD;OH;1
3105845-01;SHIELD;SV;1
3105845-01;SHIELD;SV;1
3106243-01;GEAR ASSY-BEVEL;SV;1
3106243-01;GEAR ASSY-BEVEL;OH;1
3106243-02;GEAR   Y;OH;1
3106243-02;GEAR   Y;SV;1
3106475-01;LEVER;SC;1
3106862-01;STTRC  Y;AR;1
3106882-01;SPACER;OH;1
3106882-01;SPACER;OH;1
3106882-01;SPACER;SV;1
3106882-01;SPACER;SV;1
3106897-01;ADAPTER;AR;1
3106897-01;ADAPTER;AR;1
3106897-01;ADAPTER;AR;1
3106897-01;ADAPTER;AR;1
3106949-01;VALVE;OH;1
3106949-01;VALVE;OH;1
3106949-01;VALVE;SV;1
3106949-01;VALVE;SV;1
3106981-01;SPRING;SC;1
3106981-01;SPRING;SC;1
3106981-01;SPRING;SC;1
3106981-01;SPRING;SC;1
3107061-01;STTRC  Y;SC;1
3107063-01;STTRC  Y;AR;1
3107324-01;HOUSING;AR;1
3107493-01;BEARING #3/#4;SC;1
3107493-01;BEARING #3/#4;SC;1
3107914-01;COVER;OH;1
3108068-01;TERMINLY;AR;1
3108514-01;WIRING HARNESS;SV;1
3108531-01;SEAL;SC;1
3108531-01;SEAL;SC;1
3108531-01;SEAL;SC;1
3108677-01;PLATE;OH;1
3108677-01;PLATE;SC;1
3108677-01;PLATE;SV;1
3108677-01;PLATE;SV;1
3108816-01;COVER  Y;AR;1
3108816-01;COVER  Y;AR;1
3108816-01;COVER  Y;AR;1
3108816-01;COVER  Y;AR;1
3108836-01;HSGBRG;OH;1
3108912-01;SPACER;OH;1
3108912-01;SPACER;OH;1
3108912-01;SPACER;SV;1
3108912-01;SPACER;SV;1
3108913-01;SPACER;OH;1
3108913-01;SPACER;OH;1
3108913-01;SPACER;SV;1
3108913-01;SPACER;SV;1
3108936-01;OIL FILTER HOUSING;AR;1
3108936-01;OIL FILTER HOUSING;AR;1
3108936-01;OIL FILTER HOUSING;AR;1
3108936-01;OIL FILTER HOUSING;AR;1
3108988-01;STRAINRY;SV;1
3108988-01;STRAINRY;OH;1
3108988-01;STRAINRY;SV;1
3109048-01;ADAPTER;AR;1
3109048-01;ADAPTER;AR;1
3109048-01;ADAPTER;AR;1
3109048-01;ADAPTER;AR;1
3109241-01;BUSBAR;OH;1
3109242-01;BUSBAR;OH;1
3109379-01;RING;OH;1
3109379-01;RING;SC;1
3109379-01;RING;SV;1
3109379-01;RING;SV;1
3109380-01;NUT;OH;1
3109585-01;SPACER;OH;1
3109771-01;SEAL;SC;1
3109883-01;#4 BRG HOUSING ASSY;OH;1
3109883-01;#4 BRG HOUSING ASSY;AR;1
3109883-01;#4 BRG HOUSING ASSY;AR;1
3109883-01;#4 BRG HOUSING ASSY;OH;1
3110813-01;SEAL;SC;1
3110813-01;SEAL;SC;1
3110813-01;SEAL;SC;1
3110844-01;STRAINRY;OH;1
3110867-01;THRMCPL;AR;2
3111451-01;SEAL, FACE;SC;1
3111841-01;RUNNER;AR;1
3112093-01;GEAR;OH;1
3112093-01;GEAR;OH;1
3112093-01;GEAR;AR;1
3112117-03;BRG01;SC;1
3112214-01;HARNESSW;AR;1
3112356-01;VALVE ASSY;OH;1
3112496-01;SCREEN;SC;1
3112693-01;WIREROP;AR;1
3112693-01;WIREROP;AR;1
3112693-01;WIREROP;AR;1
3112693-01;WIREROP;AR;1
3112696-03;BEARING BALL FLANGED NO 4;SC;1
3112999-01;BEARING;SC;1
3113002-01;AGB HOUSING;SC;1
3113002-01;AGB HOUSING;SC;1
3113002-01;AGB HOUSING;AR;1
3113002-01;AGB HOUSING;AR;1
3113110-01;HOUSING;SC;2
3113110-01;HOUSING;SC;2
3113110-01;HOUSING;SC;2
3113110-01;HOUSING;SC;2
3113598-01;DUCTBP Y;AR;1
3113598-01;DUCTBP Y;AR;1
3113598-01;DUCTBP Y;AR;1
3113604-01;INSERT;SC;1
3113605-01;SLEEVE;SC;1
3113770-01;COUPLING SHAFT;OH;1
3114329-01;NOZZLE;OH;1
3114330-01;TUBE;OH;1
3114342-01;BRACKET;OH;10
3114342-01;BRACKET;SC;2
3114342-01;BRACKET;OH;10
3114342-01;BRACKET;SC;1
3114342-01;BRACKET;OH;2
3114342-01;BRACKET;OH;11
3114342-01;BRACKET;SC;2
3114352-01;RING   Y;AR;1
3114353-01;RING   Y;AR;1
3114445-01;NOZZLE Y;OH;1
3114527-01;LEVER;OH;1
3114527-01;LEVER;OH;1
3114527-01;LEVER;AR;1
3114527-01;LEVER;OH;1
3114529-01;BLLCRNK;AR;1
3114529-01;BLLCRNK;AR;1
3114529-01;BLLCRNK;AR;1
3114529-01;BLLCRNK;AR;1
3114650-01 A;BRACKET;NE;3
3114738-01;CASEINTY;AR;1
3114738-01;CASEINTY;SC;1
3114828-01;BOLT;SC;2
3114828-01;BOLT;SC;2
3114828-01;BOLT;SV;2
3115061-01;SLEEVE;OH;1
3115061-01;SLEEVE;OH;1
3115061-01;SLEEVE;SV;1
3115061-01;SLEEVE;SV;1
3115086-01;COVER  Y;AR;1
3115086-01;COVER  Y;AR;1
3115103-01;DUCTBP Y;AR;1
3115103-01;DUCTBP Y;AR;1
3115103-01;DUCTBP Y;AR;1
3115103-01;DUCTBP Y;AR;1
3115104-01;SUPPORTY;AR;1
3115104-01;SUPPORTY;AR;1
3115104-01;SUPPORTY;AR;1
3115104-01;SUPPORTY;OH;1
3115212-01;BAFFLE;OH;1
3115246-01;BOLT;SC;1
3115517-01;SLEEVE;AR;2
3115517-01;SLEEVE;SC;1
3115517-01;SLEEVE;AR;1
3115517-01;SLEEVE;AR;1
3115517-01;SLEEVE;AR;2
3115517-01;SLEEVE;SC;1
3115556-01;GASKET;NE;4
3115556-01;GASKET;NE;1
3115556-01;GASKET;NE;1
3115923-01;SHIM;OH;5
3115923-01;SHIM;SC;1
3115924-01;COVER;OH;1
3116047-01;FLANGE;OH;1
3116081-01;SEPARTR;SC;1
3116081-01;SEPARTR;AR;1
3116081-01;SEPARTR;AR;1
3116081-01;SEPARTR;AR;1
3116133-01;THERMCOUPLE;OH;3
3116133-01;THERMCOUPLE;AR;5
3116258-01;SPACER;OH;1
3116278-01;LINER;OH;1
3116278-01;LINER;OH;1
3116278-01;LINER;SV;1
3116278-01;LINER;SV;1
3116328-01;SHIELD;OH;1
3116348-01;TRAY;OH;1
3116512-01;DIPHRGMY;AR;1
3116598-01;SLEEVE;OH;1
3117005-01;SHFTLT Y;AR;1
3117005-01;SHFTLT Y;AR;1
3117005-01;SHFTLT Y;AR;1
3117005-01;SHFTLT Y;AR;1
3117056-01;COOLER;AR;1
3117078-01;BOLT;AR;1
3117078-01;BOLT;AR;1
3117078-01;BOLT;AR;1
3117078-01;BOLT;AR;1
3117078-02;BOLT;AR;1
3117078-02;BOLT;AR;1
3117078-02;BOLT;AR;1
3117078-02;BOLT;AR;1
3117079-01;BRACKET;OH;1
3117079-01;BRACKET;OH;1
3117079-01;BRACKET;OH;1
3117080-01;#4 BRG HOUSING COVER;AR;1
3117080-01;#4 BRG HOUSING COVER;AR;1
3117080-01;#4 BRG HOUSING COVER;SV;1
3117080-01;#4 BRG HOUSING COVER;SV;1
3117494-01;SEAL;SC;1
3117494-01;SEAL;SC;1
3117494-01;SEAL;SC;1
3117494-01;SEAL;SC;1
3117753-01;GASKET FUEL MANIFOLD 2 HOLE;NE;1
3117753-01;GASKET FUEL MANIFOLD 2 HOLE;NE;50
3117753-01;GASKET FUEL MANIFOLD 2 HOLE;NE;10
3117753-01;GASKET FUEL MANIFOLD 2 HOLE;NE;10
3117753-01;GASKET FUEL MANIFOLD 2 HOLE;NE;3
3117770-01;ROD    Y;SC;1
3117770-01;ROD    Y;SC;1
3117770-01;ROD    Y;SC;1
3117770-01;ROD    Y;SC;1
3117944-01;SCREEN Y;OH;1
3118010-01;SHFTC;AR;1
3118010-01;SHFTC;AR;1
3118120-7;SHIELD;NE;1
3118293-01;SHAFT, HT;SC;1
3118293-01;SHAFT, HT;SC;1
3118293-01;SHAFT, HT;SC;1
3118403-01;SENSOR;AR;1
3118510-01;VALVE;AR;1
3118510-01;VALVE;AR;1
3118510-01;VALVE;AR;1
3118510-01;VALVE;AR;1
3118548-01;IMPELLER HOUSING;AR;1
3118548-01;IMPELLER HOUSING;OH;1
3118548-01;IMPELLER HOUSING;AR;1
3118548-01;IMPELLER HOUSING;AR;1
3118582-01;BAFFLE - HT;OH;1
3118582-01;BAFFLE - HT;OH;1
3118611-01;COVER;OH;1
3118611-01;COVER;OH;1
3118611-01;COVER;SV;1
3118726-01;NUT;SC;1
3118726-01;NUT;SC;1
3118726-01;NUT;SC;1
3118726-01;NUT;SC;1
3118727-01;NUT;SC;1
3118727-01;NUT;OH;1
3118727-01;NUT;SC;1
3118941-01;ROD;OH;1
3118941-01;ROD;OH;1
3118941-01;ROD;OH;1
3118941-01;ROD;OH;1
3119033-01;GASKET;NE;6
3119038-01;TUBE-TRANSFER,PACKING;OH;1
3119038-01;TUBE-TRANSFER,PACKING;OH;1
3119038-01;TUBE-TRANSFER,PACKING;OH;1
3119038-01;TUBE-TRANSFER,PACKING;OH;1
3119039-01;STRAINR;SV;1
3119039-01;STRAINR;SV;1
3119093-01;HARNESSY;AR;1
3119094-01;HARNESS;AR;1
3119201-01;NUT;AR;1
3119201-01;NUT;AR;1
3119201-01;NUT;AR;1
3119201-01;NUT;SV;1
3119350-01;FILLER CAP & ASSY-OIL TAN;AR;1
3119426-01;BRACKETY;AR;4
3119426-01;BRACKETY;OH;3
3119426-01;BRACKETY;AR;1
3119426-01;BRACKETY;AR;2
3119426-01;BRACKETY;SV;4
3119426-01;BRACKETY;SV;2
3119453-01;BOLT;SC;1
3119453-01;BOLT;SC;1
3119453-01;BOLT;SC;1
3119455-01;FERRULE;OH;1
3119455-01;FERRULE;OH;1
3119455-01;FERRULE;SV;1
3119455-01;FERRULE;SV;1
3119457-01;STRAINER ELE. #3 1/2 BRG;OH;1
3119457-01;STRAINER ELE. #3 1/2 BRG;OH;1
3119497-01;SEAL;OH;1
3119497-01;SEAL;OH;1
3119586-01;VALVE;SC;2
3119586-01;VALVE;SC;1
3119589-01;TUBE   Y;SC;1
3119589-01;TUBE   Y;SC;1
3119589-01;TUBE   Y;SC;1
3119589-01;TUBE   Y;SC;1
3119593-01;SHFTLC Y;AR;1
3119593-01;SHFTLC Y;AR;1
3119593-01;SHFTLC Y;AR;1
3119593-01;SHFTLC Y;AR;1
3119619-01;FILLER NECK;OH;1
3119619-01;FILLER NECK;OH;1
3119619-01;FILLER NECK;SV;1
3119706-02;NOZZLE;AR;1
3119706-02;NOZZLE;AR;1
3119706-02;NOZZLE;AR;1
3119706-02;NOZZLE;AR;1
3119706-02;NOZZLE;AR;1
3119706-02;NOZZLE;AR;1
3119706-02;NOZZLE;AR;1
3119706-02;NOZZLE;AR;1
3119706-02;NOZZLE;AR;1
3119706-02;NOZZLE;AR;1
3119706-02;NOZZLE;AR;1
3119706-02;NOZZLE;AR;1
3119706-02;NOZZLE;AR;1
3119706-02;NOZZLE;AR;1
3119706-02;NOZZLE;AR;1
3119706-02;NOZZLE;AR;1
3119706-02;NOZZLE;AR;1
3119706-02;NOZZLE;AR;1
3119706-02;NOZZLE;AR;1
3119706-02;NOZZLE;AR;1
3119706-02;NOZZLE;AR;1
3119706-02;NOZZLE;AR;1
3119706-02;NOZZLE;AR;1
3119706-02;NOZZLE;AR;1
3119711-01;FILLER X;AR;1
3119711-01;FILLER X;AR;1
3119711-01;FILLER X;AR;1
3119721-01;DUCTEXHY;AR;1
3119721-01;DUCTEXHY;AR;1
3119721-01;DUCTEXHY;AR;1
3119721-01;DUCTEXHY;AR;1
3119740-01;STTRC  Y;AR;1
3119740-01;STTRC  Y;AR;1
3119740-01;STTRC  Y;AR;1
3119740-01;STTRC  Y;AR;1
3119762-01;HSGBRG;OH;1
3119771-01;LINER  Y;AR;1
3119771-01;LINER  Y;AR;1
3119771-01;LINER  Y;AR;1
3119919-01;SHEATH;OH;1
3119974-01;HSGGBX Y;AR;1
3119975-01;HSGGBX Y;AR;1
3120096-01;THRMCPL;AR;1
3120096-01;THRMCPL;AR;1
3120096-01;THRMCPL;AR;1
3120096-01;THRMCPL;AR;1
3120096-01;THRMCPL;AR;1
3120096-01;THRMCPL;AR;1
3120096-01;THRMCPL;AR;1
3120096-01;THRMCPL;AR;1
3120096-01;THRMCPL;AR;1
3120096-01;THRMCPL;AR;1
3120096-01;THRMCPL;AR;1
3120096-01;THRMCPL;AR;1
3120096-01;THRMCPL;AR;1
3120096-01;THRMCPL;AR;1
3120096-01;THRMCPL;AR;1
3120096-01;THRMCPL;AR;1
3120096-01;THRMCPL;AR;1
3120096-01;THRMCPL;AR;1
3120096-01;THRMCPL;AR;1
3120096-01;THRMCPL;AR;1
3120096-01;THRMCPL;AR;1
3120096-01;THRMCPL;AR;1
3120096-01;THRMCPL;AR;1
3120096-01;THRMCPL;AR;1
3120116-01;RING;SC;1
3120122-01;BLADC2;AR;31
3120122-01;BLADC2;SC;5
3120123-01;BLADC3;AR;36
3122638-01;TUBE   Y;OH;1
3123042-01;HOUSINGY;OH;1
3123043-01;HOUSINGY;OH;1
3123123-01;BLEED VALVE HYDRAULIC SYSTEM;AR;1
3123131-02;CT BLADE;SC;55
3123131-02;CT BLADE;SC;1
3123422-01;1ST STAGE PT BLADE;SC;4
313;BULB;NE;36
313;LAMP: INCANDESCENT,28V,19W,G;NE;8
313;LAMP: INCANDESCENT,28V,19W,G;NE;2
313;LAMP: INCANDESCENT,28V,19W,G;NE;58
313;BULB;NE;7
3131-7;SPRING;NE;3
3137-100;VALVE;OH;1
3137-100;VALVE;SV;1
3137LB21C C;RMI INDICATOR (CORE);NE;1
315;LAMP: INCANDESCENT,28V,;NE;21
31522;SQUIB;NE;1
3155ZEQ1;COOLING TURBINE;AR;1
319980-6-1;VALVE;RP;1
31B2634-01;GASKET;NE;2
31B3211-01;GASKET IGNITER;NE;4
31B3211-01;GASKET IGNITER;NE;1
31B3425-01;SEAL;NE;1
31B5045-01;SEAL;NE;1
31B5108-02;ANTI ICE VALVE;OH;1
31B5168-01;IGNITOR PLUG;NE;2
31B5207-08;FUEL NOZZLE;SC;1
31B5207-08;FUEL NOZZLE;SC;1
31B5340-01 C;P2 T2 SENSOR;NE;1
31B5340-01 C;P2 T2 SENSOR;NE;1
31B5612-01;SEALING RING;NE;2
31B5656-01;SEAL;NE;1
31B5657-01 SEAL;SEAL;NE;1
31B5758-01 C;BLEED VALVE;NE;1
31B5759-01;VALVE ASSY-COMPRESSOR BLEED;AR;1
31B57656-01 C;BLEED VALVE;NE;1
31H1005-02;LINER-SEGMENT,HPT;SC;15
31H1007-03;CASE-A/O,TURBINE;RP;1
31H1017-02;MIXER-A/O;OH;1
31H1032-01;BLADE TURBINE STG3;OH;65
31H1061-01;RING-RETAINING;SC;1
31H1079-01;PIN-STRAIGHT,HEADED;AR;1
31H1089-01;LEVER-A/O,ACTUATING;OH;1
31H1090-03;VANE-A/O,MULTIPLE,TRB,STG2;RP;1
31H1095-02;VANE-A/O,MULTIPLE,TRB,STG3;RP;1
31H1106-03;CONE-END;OH;1
31H1128-01;RING,REINFORCEMENT;OH;1
31J1213-01;TRIPPER ASSY, O/S CONTROL;RP;1
31J1230-01;NUT, RETAINING, HP TURBINE;OH;1
31J1231-01;WASHER, HP TURBINE;AR;1
31J1264-01;RING, SUPPORT, NO.4 BEARING;OH;1
31J1272-01;BEARING, BALL;OH;1
31J1279-01CL;DUMMY SPACER, RING;AR;1
31J1287-01;WASHER, KEY;AR;1
31J1288-01;NUT, GEARSHAFT RETAINING;OH;1
31J1289-01CL;DUMMY SPACER, ADJUSTING;AR;1
31J1292-01;BEARING, ROLLER;OH;1
31J1293-01;BEARING, BALL, ANNULAR;OH;1
31J1293-01;BEARING, BALL, ANNULAR;OH;1
31J1294-01;WASHER, KEY;AR;1
31J1294-01;WASHER, KEY;AR;1
31J1294-01;WASHER, KEY;AR;1
31J1295-01;NUT, BEARING, RETAINING;AR;1
31J1295-01;NUT, BEARING, RETAINING;AR;1
31J1295-01;NUT, BEARING, RETAINING;AR;1
31J1296-01CL;DUMMY SPACER, ADJUSTING;AR;1
31J1297-01;PLATE, RETAINING, BEARING;OH;1
31J1298-01CL;DUMMY SPACER, ADJUSTING;AR;1
31J1301-01;COVER, BEARING;AR;1
31J1302-01;SEPARATOR, AIR OIL;SC;1
31J1303-01;BEARING, ROLLER, FLANGED;OH;1
31J1303-01;BEARING, ROLLER, FLANGED;SC;1
31J1303-01;BEARING, ROLLER, FLANGED;SC;1
31J1303-01;BEARING, ROLLER, FLANGED;OH;1
31J1303-01;BEARING, ROLLER, FLANGED;OH;1
31J1305-01CL;DUMMY SPACER, ADJUSTING;OH;1
31J1350-01CL;DUMMY SPACER, ADJUSTING;AR;1
31J1352-01;KEY, DRIVE;OH;1
31J1353-01;NUT, RETAINING;OH;1
31J1366-01CL;DUMMY SPACER, ADJUSTING;AR;1
31J1368-01;WASHER, KEY;AR;1
31J1369-01;CARRIER, SEAL, NO.5 BRG;OH;1
31J1370-01;PLUG, SHAFT, LC;OH;1
31J1373-01;STRAINER ELEMENT ASSY, OIL;SC;1
31J1382-01;GEARSHAFT, SPUR, OIL PUMP;SC;1
31J1384-01;WASHER, KEY;AR;1
31J1385-01;GEARSHAFT, SPUR, OIL PUMP;OH;1
31J1386-01;HOUSING, OIL PUMP, #5 SCAV.;OH;1
31J1387-01;GEAR, SPUR, OIL PUMP;OH;1
31J1387-03;GEAR, SPUR, OIL PUMP;OH;1
31J1389-01;PLATE, OIL PUMP;AR;1
31J1391-01;PLATE, OIL PUMP;RP;1
31J1394-01;GEARSHAFT, SPUR, OIL PUMP;OH;1
31J1398-01;HOUSING, VALVE;AR;1
31J1401-01;TUBE, TRANSFER, PACKING;AR;2
31J1402-01;TUBE, TRANSFER, PACKING;OH;1
31J1403-01;TUBE, TRANSFER, PACKING;AR;1
31J1417-01;FERRULE, PACKING;AR;1
31J1425-01;TUBE, TRANSFER PACKING;AR;1
31J1428-01;TUBE, TRANSFER, PACKING;AR;1
31J1457-01;SLEEVE, VALVE, COLD START;OH;1
31J1458-01;VALVE, COLD START;AR;1
31J1460-01;COVER VALVE COLD START;OH;1
31J1477-01;COVER, PACKING;AR;1
31J1477-01;COVER, PACKING;AR;1
31J1487-01;STRAINER SLEEVE, OIL;OH;1
31J1491-01;TUBE, TRANSFER, OIL NOZZLE;AR;1
31J1492-01;COVER, OIL FILTER;RP;1
31J1493-01;SPRING, HELICAL;AR;1
31J1494-01;SEAT, VALVE, SPRING;AR;1
31J1500-01;STRAINER ELEMENT, OIL;AR;1
31J1501-01;COVER, PACKING, 3 HOLE;RP;1
31J1510-01CL;DUMMY SPACER, ADJUSTING;AR;1
31J1517-02;INDICATOR, OIL LEVEL;OH;1
31J1517-02;INDICATOR, OIL LEVEL;OH;1
31J1522-01;PLATE, IDENTIFICATION;SC;1
31J1540-01;PLATE, RETAINING TUBE;AR;1
31J1564-01;RESISTOR, VARIABLE;AR;1
31J1578-01;VALVE, DRAIN;AR;1
31J1596-01;SENSOR, SPEED, N2;OH;1
31J1654-01;GEAR, BEVEL, G/B DRIVE;OH;1
31J1655-01;GEARSHAFT, BEVEL, G/B DRIVE;SC;1
31J1656-01;GEARSHAFT ASSY, GBX DRIVE;OH;1
31J1663-01;PLATE, RETAINING, GROMMET;AR;1
31J1665-01;HOUSING, BEARING T/S;OH;1
31J1668-01;PISTON, FUEL SHUT-OFF VALVE;OH;1
31J1669-01;ADAPTER, STRAIGHT, 2 HOLE;OH;1
31J1670-01;HOUSING, O/S CONTROL;RP;1
31J1672-01;COVER, O/S CONTR. LINKAGE;AR;1
31J1673-01;BUSHING, SLEEVE;AR;1
31J1676-01;PIN, STRAIGHT, HEADED, FLAT;AR;1
31J1678-01;SPRING, HELICAL;AR;1
31J1681-01;BRACKET, FSOV, FRONT;AR;1
31J1700-01;ELEMENT OIL FILTER;NE;6
31J1700-01;ELEMENT OIL FILTER;SC;1
31J1707-01;NUT, RETAINING, LC SHAFT;OH;1
31J1716-01;CABLE, FUEL SHUT-OFF;SC;1
31J1744-02;TRANSFORMER, LINEAR;RP;1
31J1769-01CL;DUMMY SPACER, TRANSFORMER;AR;1
31J1773-01;NOZZLE ASSY, OIL, AGB;OH;1
31J1785-01;COVER, PACKING, 4 HOLE;RP;4
31J1790-01;COVER, PACKING, 1GRV, 2HOLE;AR;1
31J1793-01;SLEEVE, OIL PUMP;AR;1
31J1819-01;BELLOWS, METAL;OH;3
31J1829-01;BRACKET, FSOV, REAR;SC;1
31J1830-01;PLATE, RETAINING, GROMMET;AR;1
31J1831-01;COVER PLATE, FAIRING, REAR;RP;1
31J1844-01;HOUSING ASSY, INLET AND SOV;RP;1
31J1850-01;DUCT ASSY, DIFFUSER EXIT;OH;22
31J1875-01;BRACKET ASSY, VIB. PICK-UP;RP;1
31J1880-01;SEAL RING, METAL;SC;2
31J1881-01;TUBE, TRANSFER;OH;1
31J1881-01;TUBE, TRANSFER;SC;1
31J1886-01;BEARING, ROLLER;SC;1
31J1899-01;ADAPTER, BREATHER;AR;1
31J1902-01;SEAL ASSY, CARBON, NO.3 BRG;OH;1
31J1914-01;TUBE ASSY, PRESSURE TO AGB;OH;1
31J1915-01;TUBE ASSY, SCAV., NO.5 BRG;OH;1
31J1918-01;TUBE ASSY, P3, JUNCTION;OH;1
31J1928-01;TUBE ASSY, FUEL PRESS.;OH;1
31J1943-01;BRACKET, SUPPORT;AR;1
31J1946-01;TUBE ASSY, AIR, ANTI-ICING;OH;1
31J1954-01;SEAL, CARBON, NO.1 BEARING;SC;1
31J1964-01;SEAL, METAL;SC;1
31J1969-01CL;DUMMY SPACER, ADJUSTING;AR;1
31J1975-01;TUBE, AIR, CABIN BLEED;OH;3
31J2059-01;TUBE ASSY, BREATHER, REAR;OH;1
31J2103-01;ARM, BELLCRANK;OH;1
31J2206-01;BRACKET ASSY, BVC;AR;1
31J2207-01;BRACKET ASSY, BVC;AR;1
31J2217-01;RUNNER, CARBON SEAL;OH;1
31J2230-01;TUBE, TRANSFER, PACKING;AR;3
31J2236-02;WIRING HARNESS, T6, T/C;OH;1
31J2238-02;WIRING HARNESS, T1, T/C;SC;1
31J2245-01;HOUSING ASSY, FUEL FILTER;RP;1
31J2267-01;TUBE ASSY, VENT, OIL TANK;RP;1
31J2269-01;GEARSHAFT ASSY, OIL PUMP;OH;1
31J2276-01;TUBE, DRAIN, FUEL, REAR;OH;1
31J2277-01;FAIRING, IGNITER, B/P DUCT;OH;2
31J2287-01;SHIELD, HEAT, FRONT;OH;1
31J2289-01;BRACKET ASSY, ENGINE MOUNT;OH;1
31J2306-01;TUBE, SUPPORT, IGNITER;OH;2
31J2313-01;RING, SEAL, HT;SC;1
31J2315-01;RING, SEAL, HT;SC;1
31J2322-01;BEARING, BALL;SC;1
31J2323-01;RUNNER, CARBON SEAL, #5 BRG;OH;1
31J2348-01;TUBE ASSY, FUEL PRESS.;OH;1
31J2359-01;TUBE, TRANSFER, PACKING;AR;1
31J2360-01;TUBE, TRANSFER, PACKING;AR;1
31J2374-04;SEPARATOR, INERTIAL, P3 AIR;RP;1
31J2382-01;NOZZLE, OIL, NO.1 BEARING;OH;1
31J2396-01;WASHER, KEY;SC;1
31J2404-01;FUEL FILTER;NE;13
31J2404-01;FUEL FILTER;SC;1
31J2414-01;PLATE OIL PUMP;SC;1
31J2455-01;COVER, TUBE, P3 AIR;OH;1
31J2474-01;HOUSING ASSY, T1 T/C;OH;1
31J2482-01;BRACKET, LIFTING, FRONT;RP;2
31J2484-01;TUBE ASSY, OIL, SCAV., NO.4;SC;1
31J2486-01;SEAL, RING, METAL;SC;1
31J2494-01;TUBE ASSY, OIL, PRES., NO.4;OH;1
31J2498-01;BLADE, TURBINE, HP;SC;70
31J2518-01;SLEEVE, BEARING RETAINING;OH;1
31J2519-01;RING, RETAINING;SC;1
31J2552-01;BEARING, ROLLER;SC;1
31J2561-01;TUBE ASSY, OIL, INLET;RP;1
31J2586-01;COVER ASSY, NO.4 BRG., REAR;OH;1
31J2589-01;COVER ASSY, NO.4 BRG, FRONT;RP;1
31J2595-01;FILLER CAP, OIL;RP;1
31J2613-01;SEAL, CARBON, NO.5 BEARING;SC;1
31J2614-01;SENSOR, SPEED, N1;OH;1
31J2623-01;GEAR, SPUR, OIL PUMP DRIVE;OH;1
31J2630-01;GEARSHAFT ASSY, FCU DRIVE;OH;1
31J2633-01;GEARSHAFT ASSY, ACC. DRIVE;RP;1
31J2654-01;BRACKET ASSY, A/I VALVE;AR;1
31J2657-01;SHIELD, HEAT, REAR;OH;1
31J2658-03;WIRING HARNESS, ELECTRICAL;OH;1
31J2672-01;TUBE ASSY, PRESS., NO.5 BRG;OH;1
31J2674-01;ADAPTER, STRAIGHT, 2 HOLE;AR;1
31J2676-01;HOUSING ASSY, OIL PUMP, RE.;RP;1
31J2678-01;HOUSING SET, OIL PUMP;SC;1
31J2702-01;SLEEVE, EJECTOR;AR;1
31J2705-01;EJECTOR ASSY, AIR, P3;RP;1
31J2707-01;BUSHING, SLEEVE;SC;1
31J2731-01;ROD ASSY, INTERCONNECT;OH;1
31J2734-01;STRAINER ELEMENT, OIL;AR;1
31J2737-01;GEAR, SPUR, OIL PUMP;OH;2
31J2737-01;GEAR, SPUR, OIL PUMP;SC;1
31J2737-02;GEAR, SPUR, OIL PUMP;OH;1
31J2742-01;COVER, AGB, LOWER;RP;1
31J2754-01;RUNNER, SEAL, NO.4, REAR;OH;1
31J2755-01;SCOOP OIL NO 4 BEARING;SC;1
31J2756-01;RUNNER, SEAL, NO.4, FRONT;SC;1
31J2757-01;RUNNER, SEAL, NO.3 BEARING;SC;1
31J2759-01;NUT, GEARSHAFT RETAINING;OH;1
31J2790-01;BUSHING, SLEEVE;AR;1
31J2792-01;SPACER, SERRATED;AR;1
31J2797-01;SHIELD, HT;OH;1
31J2798-01;RING, SUPPORT, TURBINE VANE;SC;1
31J2800-01;BAFFLE ASSY, HT;RP;1
31J2801-01;THERMOCOUPLE, IMMERSION, T6;OH;7
31J2801-01;THERMOCOUPLE, IMMERSION, T6;OH;1
31J2807-07;EXCITER, IGNITION;RP;1
31J2807-07;EXCITER;OH;1
31J2814-03;CONTROL, BLEED VALVE;RP;1
31J2816-01;BAERING BALL;SC;1
31J2817-01;COVER ASSY, TUBE, AIR;OH;1
31J2832-01;SUPPORT, HARNESS;OH;1
31J2834-01;SUPPORT, TUBE, P3;OH;1
31J2835-01;TUBE ASSY, AIR, P3;OH;1
31J2845-01;TUBE ASSY, FUEL PRESSURE;OH;1
31J2846-01;TUBE ASSY, FUEL PRESSURE;OH;1
31J2847-01;TUBE ASSY, FUEL PRESS.;OH;1
31J2853-01;BUS BAR, T6, T/C,AFT;AR;1
31J2854-01;BUS BAR, T6, T/C,FWD;AR;1
31J2855-01;BUS BAR, T6, T/C,FWD;OH;1
31J2856-01;BUS BAR, T6, T/C,FWD;OH;1
31J2860-01;BRACKET, TUBE, P3;AR;2
31J2861-01;DUCT, BYPASS, REAR;OH;1
31J2864-01;SEAL, TURBINE, HP REAR;OH;1
31J2887-01;GEARSHAFT ASSY, HYDR. PUMP;SC;1
31J2889-01;PLUG, ACCELEROMETER;AR;1
31J2890-01;BRACKET, ACCELEROMETER;AR;1
31J2894-01;TUBE ASSY, SCAV., NO.5 BRG;OH;1
31J2898-01;TUBE ASSY, SEPARATOR;OH;1
31J2899-01;TUBE ASSY, AIR, P3;OH;1
31J2900-01;TUBE ASSY, AIR, P3;OH;1
31J2911-01CL;DUMMY SPACER, SLEEVE, DBL FLG;AR;1
31J2912-01;HOUSING, B/P, FUEL VALVE;AR;1
31J2913-01;VALVE, FUEL BYPASS;AR;1
31J2915-01;SPRING, HELICAL;AR;1
31J2918-01;SPACER, SLEEVE;OH;1
31J2919-01;HOUSING, OIL VALVE;AR;1
31J2920-01;VALVE, OIL, BYPASS;AR;1
31J2946-01;LEVER, OVERSPEED CONTROL;RP;1
31J2948-01;TUBE ASSY, BREATHER, FRONT;OH;1
31J2952-01;DUCT ASSY, B/P, FR., OUTER;RP;1
31J2954-01;BRACKET, SUPPORT;AR;1
31J2955-02;EXCHANGER, HEAT, FUEL OIL;RP;1
31J2970-01;ADAPTER, STRAIGHT;OH;1
31M22972 A;RING GEAR SUPPORT ASSEMBLY;NE;1
3202362-1-1;VALVE;SV;1
3213788-1-1;VALVE;NE;1
3215850-4;START AIR VALVE ;OH;1
321776-1-1;VALVE;SV;1
321776-1-1;VALVE;OH;1
321776-1-1;VALVE;SV;1
3233542-1;SHAFT;NE;1
3244707-6;TORQUE LIMITER;AR;1
3244768-13-12-11;FCU ;AR;1
326C32-1;VALVE;OH;1
327;LAMP;NE;82
327;LAMP;NE;100
327B486P003;WASHER TEFLON BACKUP;NE;1
327B486P010;WASHER;NE;20
327B486P010;WASHER;NE;8
328;LAMPS;NE;4
328;LAMPS;NE;8
3291182-5;VALVE;OH;1
3291210-4;VALVE;NE;1
3291339-3;VALVE;NE;2
33-199-6;GASKET;NE;3
34-0041987-2;SNAP IN LAMP;NE;1
34-0050655-00;TAXI LIGHTS;NE;2
34-0050655-00;TAXI LIGHTS;NE;10
34-0050655-00;TAXI LIGHTS;NE;1
34-0050656-00;LAMP HOLDER LANDING LIGHT;NE;1
34-0050656-00;LAMP HOLDER LANDING LIGHT;OH;1
34-0050656-00C;LANDING LIGHT HOLDER ASSY.;NE;1
34-0050656-00C;LANDING LIGHT HOLDER ASSY.;NE;1
34-0050656-00C;LANDING LIGHT HOLDER ASSY.;NE;1
34-0050656-01;LAMPHOLDER LANDING LIGHT 250W;NE;1
34-0050656-01;LAMPHOLDER LANDING LIGHT 250W;NE;4
34-0070371-01;LAMP 28V;NE;1
34-0070371-01;LAMP REFLECTOR;NE;2
34-0226010-91;LAMP 28V;NE;12
34-0226010-91;LAMP 28V;NE;1
34-0228070-67;WING INSPECTION LIGHT;NE;2
34-0228070-67;WING INSPECTION LIGHT;NE;2
34301;BEARING;AR;1
3475;SEAL, HP DUCT;NE;3
35-105005-6;CLIP;NE;1
35-105005-6;CLIP;NE;1
35-105005-6;CLIP;NE;1
35-105005-6;CLIP;NE;1
35-380132-43;SWITCH;NE;1
35-400018;HINGE;NE;1
35-400029-4;GUIDE;NE;1
35-410291-88;HINGE STORM WIND;NE;1
35-410329 B-C;DO NOT OPEN IN FLIGHT PLACAR;NE;2
35-825074-1;SPRING (T);NE;3
35-910066-41;BAFFLE;NE;1
35009-20;CONTROL UNIT;AR;1
3504780-3;ADAPTER, QAD STARTER;SV;1
3505656-7;AIR STARTER;NE;1
3505934-11;TURBINE AIR STARTER ;OH;1
3505934-11;TURBINE AIR STARTER ;OH;1
3505934-11;TURBINE AIR STARTER ;OH;1
3505953-4;STARTER;NE;2
3511-181-18741;SCREW (REF-P/N:351118118741);NE;1
352-0583-010;TRANSISTOR;NE;1
35450-1;BUSHING;NE;9
35563-2-310;HEAT SENSING ELEMENT;NE;1
3558;COTTER PIN;NE;5
3559;PIN - CLEVIS;NE;1
3559;PIN - CLEVIS;NE;1
356;LAMP;NE;56
356;LAMP;NE;19
356;LAMP;NE;16
35680-3-255;HEAT SENSOR ELEMENT;NE;1
358272;BEARING;SV;1
358272;BEARING;SV;1
358736-2;LPC ROTOR BEARING;SV;1
358751-1;BEARING;SV;1
358752-3;BEARING;SV;1
358753-1;BEARING;SV;1
358754-2;BEARING;SV;1
358755-1;BEARING;SV;1
358756-1;BEARING;AR;1
358757-1;BEARING;SV;1
358759-1;BEARING;AR;1
358761-1;BEARING;SV;1
358763-1;BEARING;AR;1
35C0374-01;T6 JUNCTION BOX;AR;1
35C2353-02;IGNITER;NE;8
35C3670-01;WIRING HARNESS;AR;1
35C4916-01;FUEL MANIFOLD;AR;1
35C4916-01;FUEL MANIFOLD;AR;1
35C5057-01;PROBE;AR;1
35C5549-01;Tie Shaft;AR;1
35C5549-01;Tie Shaft;AR;1
35C5571-01;ENGINE DATA COLLECTION UNIT;AR;1
35C5571-01;ENGINE DATA COLLECTION UNIT;AR;1
35C5571-01;ENGINE DATA COLLECTION UNIT;AR;1
36-430011-382;LINK;NE;1
36-530020-35 S;LEG ASSY;NE;2
3600-6203;PANEL TEST SWITCH;AR;1
3603281-3;IGN-UNIT;AR;1
3605-24D;BODY        GC550C24;NE;1
3608765-1;OIL FILTER;NE;17
3609088-1;FILTER;NE;4
3609088-1;FILTER;NE;14
361-530-9004;GAGE-ROD CAP;SV;1
3612610-1;GASKET;NE;5
3612610-1;GASKET;NE;19
3617897-1;SEAL;NE;1
362-509-9002;APU, GASKET, SPARK PLUG METAL;NE;14
369923-1;WASHER;NE;1
369964-5;IGNITOR;NE;1
377-02810 O;FIRE DETECTOR   EXC;NE;1
37C311075P103;FUEL FILTER ASSEMBLY;NE;1
37C311075P103 A;FUEL FILTER ASSEMBLY;NE;1
37R/1000/20R/54;VINYL STEP TREAD;NE;1
38-0230021-00F;GASKET;NE;4
380-700-1353-004;SWITCH;AR;1
3800548-2;GTCP36-150F2M APU;SV;1
3800576-1;APU GTCP36-150 (CX);SV;1
3800722-1;RE100XL APU;OH;1
3800722-1;RE100XL APU;0;1
3800804-1;APU GTCP36-150CL;OH;1
3800804-1;APU GTCP36-150CL;SV;1
3810322-3;HOUSING;OH;1
3822520-1;BEARING ROLLER, CYLINDRICAL;NE;2
3822570-1;BEARING BALL ANLR;NE;3
3826032-1;DIFFUSER;AR;1
3827414-2;SPACER;NE;1
3830037-6;COMBUSTOR CAP;RP;2
3830037-6;COMBUSTOR CAP;SV;1
3830037-6;COMBUSTOR CAP;AR;1
3830037-6;COMBUSTOR CAP;RP;1
3830037-6;COMBUSTOR CAP;SV;1
3830061-5;NOZZLE;SV;1
3830061-5;NOZZLE;RP;1
3830077-10;CHAMBER;AR;1
3830166-1;VALVE - do not use;AR;1
3833-05;10W HALOGEN BULB;NE;1
3833-05;10W HALOGEN BULB;NE;1
3833-05;10W HALOGEN BULB;NE;2
3842132-2;ROTOR;NE;1
3842340-2;TURBINE ROTOR, GAS TURBINE ENGINE;SV;1
3842340-2;TURBINE ROTOR, GAS TURBINE ENGINE;SV;1
3842340-2;TURBINE ROTOR, GAS TURBINE ENGINE;OH;1
3842340-2;TURBINE ROTOR, GAS TURBINE ENGINE;OH;1
3846013-1;SEAL;AR;1
3846015-2;DEFLECTOR;SV;1
3846068-5;TURBINE PLENUM ASSY;AR;1
3846068-5;TURBINE PLENUM ASSY;SV;1
3846779-1;NOZZLE;NE;1
3860008-1;GEAR;AR;1
3860015-3;GEAR;AR;1
3860016-1;GEAR;AR;1
3861037-1;GEAR IDLER;NE;1
387;LAMP;NE;96
387;LAMP;NE;7,16
3876001-1;SWITCH;AR;1
3876001-8;SWITCH;NE;8
3876318-3;SWITCH, APU OIL LEVER;NE;1
3876351-1;SWITCH;AR;1
3880021-16;VALVE;AR;1
3882440-1;FILTER;NE;16
3882600-2-1;FUEL CONTROL UNIT;AR;1
3882600-8-1;FUEL CTL;AR;1
3888000-4;IGNITION;RP;1
3888302-20;LEAD;NE;1
3888525-2;BRACKET;NE;1
39-44-31;PWR-SPLY;AR;1
390-381402-0017;ACTUATOR,FLAP POSITION 1R&3L;AR;1
390-381402-0017;ACTUATOR,FLAP POSITION 1R&3L;AR;1
390-389006-0015;THROTTLE CABLE/FWD;OH;1
390-389006-0015;THROTTLE CABLE/FWD;OH;1
390-389006-0017;THROTTLE CABLE/AFT;OH;1
390-389006-0017;THROTTLE CABLE/AFT;OH;1
390-554928-0001;GASKET;NE;4
390-554937-0001;GASKET;NE;1
390-554937-0001;GASKET;NE;1
39216-00-03;SECONDARY FLIGHT DISPLAY;REPD;1
394206-5-1;FUEL CONTROL;OH;1
394396-1-1;FLOW DIVIDER;AR;1
39500216;GEARBOX ASSY;SV;1
39501105;GEAR;SV;1
39501301;GEAR;SV;1
39503400;BELLOWS;SV;1
39503700;SCREEN;SV;1
39503900;SCREEN;SV;1
39504403;OIL FILLER;SV;1
39504403;OIL FILLER;SV;1
39504500;VALVE;SV;1
39504800;NUT;AR;1
39505000;HOUSING ;SV;1
39505100;FITTING;SV;1
39505300;TUBE;SV;2
39505500;TUBE;SV;1
39506200;FITTING;SV;1
39506401;SPACER;SV;1
39506800;RING;AR;1
39506801;RING;AR;1
39507900;NUT ;AR;1
39508103;RING ;SV;1
39508304;BREATHER PLATE;SV;1
39508602;SHAFT PLATE;SV;1
39509700;BEARING ASSY;AR;1
39509800;BEARING ASSY;SV;1
39509800;BEARING ASSY;SV;1
39509800;BEARING ASSY;SV;1
39509800;BEARING ASSY;SV;1
39509800;BEARING ASSY;SV;1
39509800;BEARING ASSY;SV;1
39509800;BEARING ASSY;SV;1
39509800;BEARING ASSY;SV;1
39509800;BEARING ASSY;AR;1
39509800;BEARING ASSY;AR;1
39509800;BEARING ASSY;AR;1
39509800;BEARING ASSY;SV;1
39509800;BEARING ASSY;SV;1
39509800;BEARING ASSY;SV;1
39509800;BEARING ASSY;SV;1
39509800;BEARING ASSY;SV;1
39509900;BEARING ASSY;AR;1
39509900;BEARING ASSY;AR;1
39510000;BEARING ASSY;SV;1
39510100;BEARING ASSY;SV;1
39510200;BEARING ASSY;SV;1
39510400;NOZZLE;SV;1
39514302;BEARING HOUSING;SV;1
39514800;NOZZLE;SV;1
39515900;NOZZLE;SV;1
39516100;BEARING ASSY;SV;1
39517700;PLUG;SV;1
39518800;PLUG;SV;6
39518900;PLUG;SV;1
39519401;RING;AR;1
39519800;BUSHING;SV;2
39523401;PLUG;SV;1
39525701;PLUG;SV;1
39525900;PLUG;SV;1
39526500;SCREEN;SV;1
39526600;FITTING;SV;1
39527500;PIN;SV;1
39527600;SPACER;SV;1
39527700;BOLT;SV;1
39527902;LINK;SV;1
39528400;PIN;SV;1
39528701;RING;AR;1
39530604;SCREEN;SV;1
39533100;PLATE;SV;1
39535900;PLUG;SV;1
39536001;PLUG;SV;1
39600219;GEARBOX CASE ASSY;AR;1
39601109;GEAR ;SV;1
39601302;GEAR;SV;1
39601401;GEAR;SV;1
39601401;GEAR;SV;1
39601504;GEAR;AR;1
39601601;GEAR ;SV;1
39601701;GEAR;AR;1
39601801;GEAR;SV;1
39601901;GEAR;SV;1
39603102;GEAR;SV;1
39604604;END PLATE;SV;1
39604904;END PLATE;SV;1
39605600;NOZZLE;SV;1
39605807;NOZZLE;SV;1
3960600;NOZZLE;SV;1
39606401;NOZZLE;SV;1
396074-02;END PLATE;SV;1
39607700;OIL LEVEL SENSOR;SV;1
39607800;NOZZLE;SV;1
39608201;PLATE;SV;1
3962102;GEAR ;SV;1
3965001-17;TRUNNION;OH;1
3965002-17;OUTER HOUSING;OH;1
3965003-17;INNER HOUSING;OH;1
3965004-11;YOKE;OH;1
3965005-1;CAP;OH;1
3965015-1;OLEO PIN;OH;1
3965026-1;UPPER WASHER;SV;1
3965027-1;LOWER WASHER;SV;1
3965039-1;BRACKET;SV;1
3965041-1;TOWING SHAFT;OH;1
3967001-13;OLEO HOUSING;OH;1
3967002-11;PISTON;OH;1
3967004-1;PISTON HEAD;OH;1
3967005-1;GLAND;SV;1
3967006-1;RETAINING NUT;OH;1
3967008-1;PIN;OH;4
3967009-1;LOWER SPACER;SV;1
3967011-2;METERING PIN;OH;1
3967013-1;STOP;SV;1
399;LAMP;NE;6
3A026-0129;LEVER ASSY;NE;1
3A041-0101;PIN T/LOCK;NE;1
3A041-0109;PLATE;NE;6
3A041-0181;ROLLER SPACER;NE;6
3A041-0183;PIN;NE;4
3A500-0929;LATCH ASSY ;NE;1
3B-402AH;VALVE CORE;NE;10
3D2353-06 C;VALVE;NE;1
3D2353-06 C;VALVE;NE;1
3E2011-10;BRUSH BLOCK;NE;2
3E2011-2;BRUSH ASSEMBLY;NE;2
3G3250V00132;NOSEGEAR CENTER LOCKING;AR;1
3G3340A07131;RED NAV LIGHT;AR;1
3G5510A02733;ROD ASSEMBLY;NE;1
3G5510A02733;ROD ASSEMBLY;NE;1
3G5510L00151;BOLT ;NE;2
3G6210A00131;MAIN ROTOR BLADE ASSY;OH;1
3G6210A00131;MAIN ROTOR BLADE ASSY;OH;1
3G6220V01352;MAIN ROTOR DAMPNER;AR;1
3G6220V01353;DAMPER;M;1
3G6230A06451;WASHER;NE;8
3G6230L00351;SERVO AFT BOLT ;NE;1
3G6230L00451;SWASHPLATE BOLT ;NE;1
3G6230L01251;SCISSOR COUPLING;NE;8
3G6230V00751;BUSHING;NE;8
3G6430A00832;ROD ASSY ;NE;4
3G6430A00932;ROD;NE;4
3G6430A01456;SHORT COUPLING ;NE;2
3G6430A02353;SCISSOR COUPLING ;NE;4
3G6430A02451;PITCH LINK BOLT ;NE;4
3G6430L00151;CONTROL ROD NUT ;NE;1
3G6430L00251;SLIDING BUSH ;NE;1
3G7120A00452;BOLT;NE;8
3P7117A30051;CONNECTOR ;NE;1
3S2060DC168B1;GCU;AR;1
3S2060DC168D1;GCU;SV;1
3S2060DC168D1;GCU;OH;1
3S2060DC168D1;GCU;AR;1
4 RUBBER PLUG;RUBBER PLUG;NE;10
40-0100-1;BEACON;SV;1
40-0100-3 S;NAVIGATIONAL LIGHT;NE;1
40-91115;COUPLING;NE;1
400-0130-005 C;C118;NE;1
400-0130-005 S;C118R;NE;1
401-6-007-1;POUCH;NE;1
4012T16P01;ELEMENT FILTER;NE;5
4012T16P01;ELEMENT FILTER;NE;1
4017T12P04;BEARING;SV;1
4017T12P04 O;ROLLER BEARING;NE;1
4017T13P03;BEARING;SV;1
4017T13P03 O;ROLLER BEARING;NE;1
4017T58G02;HOUSING;SV;1
4017T59G02;HOUSING;SV;1
4017T63P01;HOUSING;SV;1
4017T64P01;HOUSING;SV;1
40181-7;TRACK LH;NE;2
4018T16P04;RING;AR;3
4018T16P05;RING;SV;1
4018T27P04;DETECTOR ELECTRICAL CHIP;NE;1
4018T35P01;HOUSING;SV;1
4018T76P01;HOUSING;SV;1
4018T77P03;NUT;SV;1
4023T43G02;HOUSING;SV;1
4023T68G01;NOZZLE;SV;1
4023T69G01;NOZZLE;SV;1
4023T69G02;NOZZLE;SV;1
4023T69G03;NOZZLE;SV;1
4023T69G07;NOZZLE;SV;1
4023T70G03;NOZZLE;SV;1
4023T70G04;NOZZLE;SV;1
4023T72G01;NOZZLE;SV;1
4025T69G02;NOZZLE;SV;1
4025T89G01;NOZZLE;SV;1
402711;STUD;NE;3
4027T15P03;PLATE;NS;1
4027T69P06;VALVE;NE;1
4027T69P06;VALVE;NE;1
4028T24P01;INSERT;NE;1
4029T35P01;DETECTOR;NE;1
4049T61P01;LEAD, IGNITER;AR;1
405-3;CRIMP;NE;6
405-3;CRIMP;NE;5
405-3;CRIMP;NE;9
4054T13P04;BEARING;SV;1
4059T40P01;SEAL;RP;1
4059T40P02;#7 CARBON SEAL;RP;1
4060T64P01;LUG;NE;1
4067-5825;CLAMP;SV;1
4071T37P07;PACKING;NE;1
4076-17;BATTERY, NICAD MAIN;SV;1
40851-1;SCREW;NE;11
4085T66P05;BEARING;SV;1
4096T33P07;IGNITER;NE;4
4096T38P10;IGNITER;NE;4
4096T38P10;IGNITER;NE;1
4096T96P07;LEAD, IGNITION, BLACK;NE;2
4096T96P11;LEAD, IGNITION, BLACK;NE;2
41-0261-1;WHEEL ASSY ,WORM GRIMES;NE;1
4110T22P04;SHIM;OH;1
4110T22P06;SHIM;OH;1
4110T22P08;SHIM;OH;1
4110T22P10;SHIM;OH;1
4114T06P02;PIN;NE;28
4114T15P02;FAN;NE;34
4114T15P02;FAN;NE;28
4119T01P01;PUMP, LUBE OIL;NE;1
4119T03P01;ELEMENT;NE;1
4119T03P01;ELEMENT;NE;3
4119T30P07;TRANSMITTER, FAN INLET TEMP;NE;1
4119T31P02;SENSOR;NE;1
4119T31P02;SENSOR;NE;1
4119T32P02;SENSOR;NE;1
4119T32P02;SENSOR;NE;1
4119T36P03;HEAT EXCHANGER;SV;1
4119T36P03;HEAT EXCHANGER;NE;1
4120T00P38;FADEC;NE;1
4120T01P02;Fuel Metering Unit;NE;1
4120T02P03;ACTUATOR, MASTER VG;NE;2
4120T02P07;ACTUATOR;SV;1
4120T03P04;ACTUATOR, SLAVE VG;NE;1
4120T04P05;PUMP, MAIN FUEL;NE;1
4120T04P08;FUEL PUMP;OH;1
4120T11P01;FAN, SPEED PICK-UP;NE;1
4120T14P02;ACCELEROMETER;SV;1
4120T14P02;ACCELEROMETER;NE;1
4120T16P01;OIL PRESSURE TANSMITTER;NE;1
4120T17P02;Oil Pressure Switch;NE;1
4120T19P02;SENSOR, OIL LEVEL TEMP;NE;1
4120T20P05;CABLE;SV;1
4120T20P05;CABLE;NE;1
4120T21P03;CABLE;NE;1
4120T21P05;W2 CABLE;SV;1
4120T24P04;CABLE;NE;1
4123T61P01;VALVE;NE;1
4124T16P07;Fuel Injectors;NE;4
4124T43P01;SHRD;SV;17
4129T05P09;BLADE;NE;5
4140-00-15RX O;PUMP;NE;1
4141028-4;VALVE, DEPRIME;NE;1
4147T69P03;MAIN FUEL CONTROL;AR;1
414F;FAN 24VDC;NE;1
4150T32G01;CASE;SV;1
418-00878-001;DUPLEX TRIM ACTUATOR LONG;AR;1
4186A33H0410;SCRAPER RING;NE;2
4190-01;EXTINGUISHER APU W/SQUIBB;OH;1
4200-005-1;CIRCUIT BREAKER;NE;1
4200-005-20;CIRCUIT BREAKER;NE;1
4200-005-3;CIRCUIT BREAKER;NE;3
4200-005-705;7.5 BREAKER;NE;1
4200-005-705;7.5 BREAKER;NE;1
42022-02;PUMP, HYDRAULIC;AR;1
42022-03;HYDRO PUMP;OH;1
42022-03;HYDRO PUMP;AR;1
42022-03;HYDRO PUMP;OH;1
42022-03;HYDRO PUMP;OH;1
429-001-040-113;TRIM ACTR ASSY;SV;1
42991-00;CONNECTOR;NE;2
430973-10;IGNITION LEAD;OH;1
430973-11;IGNITION LEAD;OH;1
4310-001-2;CIRCUIT BREAKER;NE;1
435021-1;KNOB, SEAT TRACKING;NE;1
438-001;AMP, AUDIO CONTROL;RP;1
438-001 A;AUDIO CONTROL AMPLIFIER;NE;1
4406001-001;TAMPER INDICATOR;NE;1
441CH1;BATTERY;NE;1
442120-1;FCU;NE;1
444EN1-12;MICROSWITCH;NE;1
45-115136-2;PANE;NE;1
45-12420-1;MAIN WIRING HARNESS;NE;1
45-135032-23U;UNDRILLED HINGE;NE;1
45-135032-23U;UNDRILLED HINGE;NE;1
45-620020;COVER;NE;2
45-815013;BUSHING;NE;21
4504253;IMPELLER;AR;1
4504283;ATOMIZER;RP;1
45118-1;NLG ASSEMBLY BOLT;NE;1
452-0133;BATTERY PACK 406 LITHIUM;AR;1
452-3052;FRAME PROTECTIVE TOP;NE;1
452-3052;FRAME PROTECTIVE TOP;NE;1
452-3052;FRAME PROTECTIVE TOP;NE;1
452-3052;FRAME PROTECTIVE TOP;NE;1
452-5050;MTG TRAY;NE;1
452-5050;MTG TRAY;NE;4
452-5050;MTG TRAY;NE;1
452-5052;406 MOUNTING CAP ASSY;NE;4
452-5052;406 MOUNTING CAP ASSY;NE;1
4522 FUSE BLOCK;FUSE BLOCK;NE;1
455-5015-366;EMERGENCY LOCATOR TR;NE;1
455-6196;SWITCH ,INSTALL KIT;NE;3
455-7004;INSTALL KIT ELT 110;NE;1
4552;BULB , GE;NE;4
4557;LAMP;NE;1
4572;GE 4572 BULB;NE;1
4581;BULB;NE;1
4581;LAMP , GE;NE;1
4581;LAMP , GE;NE;3
4587;"LAMP; SEALED BEAM, 28V, 250W";NE;1
4589071-8;COVER, IR EYE;NE;1
4589836-4;ROD;NE;1
4589836-5;MAGNETIC BRACKET ASSY ;NE;1
4594;LAMP;NE;1
4594;LAMP;NE;7
4594;LAMP;NE;5
45A10429-004;HINGE ASSY;NE;1
45A10681-003;HINGE ASSY;NE;1
45A10849-017;PROTECTOR;NE;2
45A30472-007;FITING DOOR OPEN;NE;1
45A30836-003;STOP;NE;1
45A31098-005;PROTECTOR;NE;4
45A34832-033;VENT FIN;NE;1
45A40301-31;DUCT ASSEMBLY;NE;1
45A40318-001;CLAMP ASSY;NE;1
45A43013-007;JOINT;NE;1
45A43135-003;ROD;NE;1
45A588856-1 A;THRUST REVERSER CONTROL BOX;NE;1
45A91433-003;FORK;NE;1
45A91433-003;FORK;NE;1
45A91771-003;SWIVEL SEATS DECAL;NE;1
45A91771-005;SEAT HEADREST DECAL;NE;1
45A91889-003;BRACKET;NE;1
45A91975-005;PLACARD;NE;1
45A94102-009;DECAL;NE;1
45A94102-009;DECAL;NE;1
45A94102-009;DECAL;NE;1
45A94102-009;DECAL;NE;1
45A94102-019;NO STEP DECAL;NE;1
45A94102-019;NO STEP DECAL;NE;1
45A94102-019;NO STEP DECAL;NE;1
45A94102-019;NO STEP DECAL;NE;1
45A94102-019;NO STEP DECAL;NE;1
45A94102-019;NO STEP DECAL;NE;1
45A94102-019;NO STEP DECAL;NE;1
45A94102-019;NO STEP DECAL;NE;1
45A94102-019;NO STEP DECAL;NE;1
45A94102-019;NO STEP DECAL;NE;1
45A94102-019;NO STEP DECAL;NE;1
45A94102-019;NO STEP DECAL;NE;1
45A94102-019;NO STEP DECAL;NE;1
45A94102-039;PLACARD OXY VENT;NE;1
45A94102-097;PLACARD;NE;1
45A94102-139;DECAL;NE;1
45A94102-139;DECAL;NE;1
45A94102-153;PLACARD STATIC DRAIN;NE;1
45A95955-001;LANYARD CORD;NE;1
45A96201-019;SHIM;NE;1
45A96236-073;SHIM;NE;2
45A96238-017;SHIM;NE;2
45A97026-017;SEAL;NE;1
45A97029-037;PYLON FIREWALL SEAL;NE;1
45A97121-009 C;WING BOLT;NE;4
45A97121-009 C;WING BOLT;NE;4
45A97121-009 C;WING BOLT;NE;4
45A97373-003;SPRING;NE;2
45A97390-003;SPRING;NE;4
45A97602-017;SHIM;NE;1
45A97615-005;BUSHING;NE;1
45A97615-005;BUSHING;NE;1
45A97615-005;BUSHING;NE;1
45A97615-005;BUSHING;NE;1
45AS42002-007;ENGINE MOUNT;NE;1
45AS42002-013;ENGINE MOUNT;NE;1
45AS48011-9;CAP FUEL TANK;NE;1
45AS48017-007;GATE VALVE MOTOR ;AR;1
45AS48030-001;VALVE;NE;2
45AS61023-139 C;TRIM ACTUATOR;NE;1
45AS63019-005;VALVE;RP;1
45AS63025-007;GASKET;NE;1
45AS86823-005;FAN RPM INDICATOR;NE;1
45AS86823-005 C;FAN RPM INDICATOR;NE;1
45AS91293-051;18.4 LONG STEP CABLE;NE;1
45AS91293-051;18.4 LONG STEP CABLE;NE;2
45AS91293-051;18.4 LONG STEP CABLE;NE;1
4611035-38;DUST PANE - not silscreened;NE;1
4611035-71;GUIDE CHAIN;NE;1
46155;S/S 46020 GAUGE;NE;1
4616007-203;PLACARD ;NE;1
4682-1;SPRING;NE;1
4699007-1-1;RESTRAINT ASSY;AR;1
4699007-1-4;RESTRAINT;NE;1
4702-7;GRAVITY XFR ON LIGHTED SWITC;NE;1
4702-7;GRAVITY XFR ON LIGHTED SWITC;NE;1
4711016-6;FRAME , ARMREST;NE;1
4711211-14-1;CLIP;NE;1
4711211-14-1;CLIP;NE;1
4711856-200;PAN ASSY 2589;NE;3
4711856-200;PAN ASSY 2589;NE;2
473597-1;SMOKE DETECTOR;SV;1
473899;WIRE;SV;1
4811875-1;SPACER , WIDGET;NE;2
48474-1;GASKET;NE;1
48474-1;GASKET;NE;1
48474-1;GASKET;NE;1
4899308-3;"SIGN "" NO SMOKING"" ";AR;1
4919055-205;PLACARD TABLE - 359A;NE;4
4919091-22D21907;BEACH SHADE;NE;1
4938006-1;INDICATOR LIGHT ASSY;AR;1
4938006-2;INDICATOR LIGHT ASSY;AR;1
4E1188-7;BOOT               *;NE;1
4E1188-7;BOOT               *;NE;1
4E1601-7;BOOT ,DEICE;NE;1
5-029;GOLD SLIDE CATCH;NE;2
50-389010-27;CONTROL CABLE;NE;1
50-540021;DECAL,WARNING/ON PAD FWR OF;NE;1
50-980002-189;CLIP-NAC INSTALL;NE;1
50-980002-189;CLIP-NAC INSTALL;NE;1
50-980002-189;CLIP-NAC INSTALL;NE;4
50-980002-189;CLIP-NAC INSTALL;NE;1
50-980002-189;CLIP-NAC INSTALL;NE;1
500-0584-01 C;OVEN CONTROLLER;NE;1
5000208;STATIONARY DISC;NE;3
5000208;STATIONARY DISC;NE;1
5000728-104;Valve, Operability Bleed Start;NE;2
50030-001 A;TUBE ASSY;NE;1
5003280-4;BRAKE ASSY;OH;1
5006450-1;WHEEL ASSEMBLY WITH TIRE;NE;1
5006450-2 S;NLG WHEEL ASSEMBLY;NE;1
5006450-5;NOSE WHEEL ASSY;SC;1
5007045-4 O;WHEEL WITH TIRE;NE;1
500N7220-1;CABLE ASSEMBLY;AR;2
500N7220-3;CABLE ASSEMBLY;AR;1
500N7220-5;CABLE ASSEMBLY;AR;1
501-1228-04;PWR SUPPLY;OH;1
5010598;WHEEL  NOSE  ASSEMBLY;OH;1
5010598;WHEEL  NOSE  ASSEMBLY;OH;1
5010598;WHEEL  NOSE  ASSEMBLY;OH;1
5010598;WHEEL  NOSE  ASSEMBLY;OH;1
5010598;WHEEL  NOSE  ASSEMBLY;OH;1
5010598;WHEEL  NOSE  ASSEMBLY;OH;1
5010598;WHEEL  NOSE  ASSEMBLY;OH;1
5010598;WHEEL  NOSE  ASSEMBLY;OH;1
5010598-1;NLG TIRE _ WHEEL ASSY;AR;1
5010598-1;NLG TIRE _ WHEEL ASSY;AR;1
5011064;BEARING SEAL;NE;3
5011740;WHEEL ASSY;SC;1
5012373;WHEEL ASSY;SC;1
5013125;PIN;NE;5
5015T07P05;NUT;SV;1
5015T07P08;NUT;SV;1
5016T32P05;PLAIN SEAL;SV;1
5018T49P05;SEAL;SV;1
5023T97P03;PLATE;NS;1
5024T14G04;VANE;SV;1
502600-1;IGNITER;SV;2
50286A-1OVS278;OVEN CONTROL MODULE ;OH;1
5035-00-1 C;SOLENOID VALVE;NE;1
504074-3;LEFT FOAM, LEFT TANK;NE;1
504075-2;RIGHT FOAM,LEFT TANK ;NE;1
504076-3;FORWARD FOAM, LEFT TANK;NE;1
504077-2;REAR FOAM, LEFT TANK;NE;1
504139-2;LEFT FOAM RIGHT TANK;NE;1
504139-3;RIGHT FOAM;NE;1
504140-3;RIGHT FOAM,RIGHT TANK;NE;1
504141-3;FORWARD FOAM,RIGHT TANK;NE;1
504142-2;REAR FOAM,RIGHT TANK;NE;1
5041T70P03;PLATE;NS;1
504270;WIPER;NE;1
504270;WIPER;NE;1
5042T29P02;PLATE;NS;1
5042T83P03;BEARING;SV;1
504328;BOOSTER PUMP GASKET;NE;1
504328;BOOSTER PUMP GASKET;NE;1
504455-401-135-2291;RESTRAINT JUMPSEAT  TAN;NE;1
504782-1;RIGHT FOAM ;NE;1
504783-1;LEFT FOAM;NE;1
5050;CHT PROBE;NE;1
5071T24P02;BEARING;SV;1
5071T25P02;BEARING;SV;1
5071T28P02;BEARING;SV;1
5071T70P01;FILTER;AR;1
5071T99P02;DETECTOR, CHIP;NE;1
507989-1;W2 CABLE;NE;1
5091-022-204H;SOCKET;NE;1
509481;FOAM, LEFT SIDE;NE;1
509482;FOAM,RIGHT SIDE;NE;1
50C-2L3;VALVE;NE;1
510-0020-7;ANTI ICE VALVE;OH;1
510-0020-7;ANTI ICE VALVE;OH;1
5100303;BATTERY;NE;10
5103-31;SPRING CLIP;NE;2
5103-31;SPRING CLIP;NE;9
51134-200A;SEAL;NE;1
5115227-5;PLACARD;NE;1
5119405-13;COMPASS CARD;NE;9
5119405-13;COMPASS CARD;NE;5
513-400472;CLAMP ASSEMBLY EXTENDER;NE;1
513-79-012 S;LAMP/CHART HOLDER;NE;1
51525-001F;GCU;OH;1
51525-001F;GCU;SV;1
51525-001F;GCU;SV;1
51525-001F;GCU;OH;1
519892-6-2;STARTER GENERATOR;NE;1
519892-6-3;APU STARTER;OH;1
520-8030-001;VALVE;AR;1
5217100-3;PLACARD        5;NE;1
5250-10 C;FLUSHING PUMP;NE;1
5300-1;MACERATOR PUMP;AR;1
5319170-10;STOP ;NE;2
53300-1;LEAD;SC;2
53300-1;LEAD;SC;1
540-0406-3;ANTI ICE VALVE;RP;1
540-0406-4;ANTI ICE VALVE;OH;1
540-1148-5;VALVE, ANTI-ICE;NE;2
540-16;RING METAL;NE;3
540158-4-2;ACTUATOR;OH;1
5410210-141;SEAL;NE;1
5410420-11-512 S;RADOME;NE;1
5410430-28-828;RH DOOR ASSY;NE;1
5413122-2;PLACARD;NE;1
5414035-117;PLACARD;NE;2
5415502-10;EYE BOLT SPACER;NE;1
5415542-16HP;CABLE ASSEMBLY;NE;1
5415542-26HP;CABLE ASSEMBLY;NE;1
5415542-26HP;CABLE ASSEMBLY;NE;1
5415573-7;SWITCH BODY;NE;1
5415573-7;SWITCH BODY;NE;3
5415573-7;SWITCH BODY;NE;1
5415574-6;PLUNGER PIN;NE;1
5415605-15;LEVER ASSY;NE;1
5415606-011;CATCH;NE;2
5418129-12;STALL WARN PLATE;NE;1
5419410-335;TUBE ASSEMBLY;NE;1
542-1158-02 C;FUEL MONITOR PCB;NE;1
5422153-1;FITTING;NE;1
5470203-16;PITOT TUBE COVER;NE;1
54MY2489;ROTARY SWITCH;NE;1
55-2471-3;LIGHT, TAIL POSITION;OH;6
55-320000-1;GASKET;NE;1
55-4362-2155;CABLE;NE;1
55-4362-2155;CABLE;NE;1
55-8-1002-2;PULLEY;NE;1
5500-M6W-FF23AN;OXYGEN CYLINDER ASSEMBLY;SV;1
5501001-102;TAKEOFF & LANDING PLACARD;NE;1
5501001-125;DECAL;NE;4
5511238-5;SPRING;NE;1
5514502-18;WASHER;NE;1
5514502-33;WASHER;NE;3
5514502-33;WASHER , CREW ARMREST;NE;5
5514502-37;STOP PLATE;NE;1
5519055-25;SHIM;NE;1
5533200-41;RUDDER TRIM PANEL;AR;1
5550001-9;TANK & SUMP DRAIN PLACARD;NE;19
5565230-6;CLEVIS ARM;NE;1
5565237-16;WASHER;NE;9
5565244-1;SPRING;NE;1
5565248-1;ROLLEER PIN ASSY ;NE;1
5565803-15;SPRING;NE;2
5565803-15;SPRING;NE;4
5565803-15;SPRING;NE;3
5565812-5;SPRING;NE;1
5565820-10;TAB;NE;2
55956;FILTER;NE;1
56-627;RETAINER;NE;5
5600-9M6A-F30AN;O2 BOTTLE & REGULATOR;AR;1
5601-011;MONITOR, SLIM 5.6;AR;1
5644P08A;BOLT;SV;4
5644P08A;BOLT;SV;3
565-101;BULB;NE;10
565-101;BULB;NE;25
56713-2;PIN QUICK RELEASE;NE;1
569822;FILTER;SV;1
571131;PACKING;NE;1
572-533-9201;FILLER PLUG;SV;1
573804;SEAL;NE;2
573804;SEAL;NE;2
573811;O RING;NE;2
573811;O RING;NE;1
574096;FILTER;NE;1
57C57652 C;ACCUMULATOR;NE;1
58-324051-3;DECAL;NE;1
58-324051-3;DECAL;NE;1
58-324051-3;DECAL;NE;1
58-324051-3;DECAL;NE;1
58-324051-3;DECAL;NE;1
58-324051-3;DECAL;NE;1
58-380022-11;LIGHT TRAY ASSY 28V;NE;1
58-530170-9;PLACARD;NE;1
58-555015-1;BOLT;NE;1
58-810012;PLACARD;NE;1
58-810013;PLACARD;NE;1
58-820010;PIN;NE;1
58-920034-15;DECAL BLACK;NE;1
58-920034-15;DECAL BLACK;NE;1
58-920034-15;DECAL BLACK;NE;1
58-920034-3;FUEL BLACK PLACARD;NE;2
58-920043-7;DECAL BLACK;NE;3
58-920043-7;DECAL BLACK;NE;1
58-920043-7;DECAL BLACK;NE;1
58-920043-7;DECAL BLACK;NE;1
5800-285-451000;LIGHT STRIP, LED;AR;1
58607;PRESSURE SWITCH;NE;1
5920-99-012-0075;FUSE;NE;1
5920-99-012-0077;FUSE;NE;2
5921T51G02;COMBUSTION LINER;SV;1
59688-000;WINDSCREEN: MICROPHONE,FOAM;NE;3
59688-000;WINDSCREEN: MICROPHONE,FOAM;NE;10
5U0056;PLUG;NE;1
6-464-1PAR;SEAL;NE;4
6-464-1PAR;SEAL;NE;1
60-384016-5;RING PISTON;NE;2
60-530043-5;CAM (T);NE;1
60-530043-5;CAM (T);NE;1
60-530043-5;CAM (T);NE;1
60-530043-5;CAM (T);NE;1
60-530043-5;CAM (T);NE;1
60-530043-5;CAM (T);NE;1
60-530043-5;CAM (T);NE;1
60-810100-1;IMPORTANT DECAL;NE;1
60-820018-3;BUSHING;NE;1
600-10385-21;BUSHING, RUBBER;NE;12
600-12109-31;BUSHING;NE;20
600-21133-25;RUBBING STRIP;NE;1
600-22032-11;COTTON AIRPLANE CLOTH;NE;2
600-22032-9;COTTON AIRPLANE CLOTH;NE;1
600-31483-7;BUSHING;NE;1
600-31962-1 A;CLAMP;NE;1
600-35067-13;ROLLER;NE;1
600-35070-1;SLEEVE DOOR ROLLER;NE;2
600-35166-3;DOOR CATCH;NE;3
600-38060-3 A;END FITTING;NE;2
600-38060-5;END FITTING;NE;2
600-52219-9;LAMINATED SHIM;NE;1
600-75114-2;FILTER ELEMENT;NE;2
600-75117-2 FILTER;FILTER ELEMENT;NE;1
600-75117-2 FILTER;FILTER ELEMENT;NE;1
600-75118-2;FILTER;NE;2
600-85006-7;ALUMINUM WHEEL COVER DISC;AR;1
600-95009-31;BOOT;NE;2
600-95009-33;CONNECTOR\RUBBER;NE;1
6000100-376;TUBE ASSEMBLY;NE;2
6003912-1;CONTROL BOX, ANTI-SKID ;SV;1
6006001-128;VENT TUBE;NE;1
601-37020-5;SHAFT;NE;1
601-50910-13 S;ENGINE VIBRATION SIGNAL;NE;1
601-50913-3;N2 GAUGE;SV;1
601-97000-11;ISOLATOR;NE;1
6013010-011;BOOT ASSY, GRAY;NE;2
6013950-101;LIFE VEST PLACARD;NE;1
6013950-101 SET;LIFE VEST PLACARD SET;NE;5
6013950-102;SEAT POSITION PLACARDS;NE;8
6013950-103;SEAT FACING PLACARD;NE;3
6013950-103;SEAT FACING PLACARD;NE;3
6013950-28;PLACARD;NE;1
6013950-4;PLACARD;NE;1
6017T00P05;SHAFT;NS;1
6018T30P14;FAN BLADE;AR;1
601R10700-9;SHIM;NE;2
601R10700-9;SHIM;NE;4
601R10906-17;ACCESS TANK DOOR ASSEMBLY;NE;1
601R33007-7;SEAL;NE;3,5
601R3917-1;SCREW;NE;10
601R59047-5;PLASTIC PANEL;NE;1
601R75113-3 C;EDP (CORE);NE;1
601R92303-17;SHIM - LAMINATED;NE;2
6020T81P01;BLADE;OH;2
6022321-011;DOOR- WING;NE;1
6030T79G07;FRAME, COMPRESSOR;OH;1
6037T31G02;HOUSING;SV;1
604-33030-25;PILOTS WINDSHIELD;AR;1
604-59010-1;CONTROLLER, CABIN PRESSURE;REPD;1
604-59047-1;PLASTIC PANEL;NE;1
6041101-1;CYLINDER ASSY LH;AR;1
6041H205;RELAY;NE;1
6047T63P03;SEAL;AR;1
6047T63P04;#1 CARBON SEAL;AR;1
6047T63P04;#1 CARBON SEAL;AR;1
604K11-015;KIT, FUEL SPILLAGE PREVENTIO;NE;1
6050001-5;GASKET  (USE AS3493-01);NE;1
6052T10G01;LINER;SV;1
6067856B17;PLUG;AR;1
606C66-8;TIRE , GY TT 6.00X6 FC111 16;NE;1
6078T39P04;PUMP, FUEL;AR;1
6078T56P05;SPOOL;OH;1
6078T90P01;SEAL;NS;1
6087067-002;OXYGEN BOTTLE PLACARD;NE;1
6087T00G02;DISK;NE;1
6087T00G02;DISK;NE;1
6087T04P06;PUMP;AR;1
6087T04P09;OIL PUMP;OH;1
6091T07P03;CONTROL;SV;1
61-0478-9 C;BATTERY CELL ASSEMBLY;NE;1
611-6013-04;CABLE;NE;4
614A91-0043-2;SEAL;NE;2
6200181-63;PLACARD;NE;4
6200183-1;DECAL,  NO STEP;NE;1
6209-6;DATA PLATE;NE;1
6211256-10;PANES INNER;NE;1
6211256-10;PANES INNER;NE;1
6211270-25;SEAL;NE;1
6214629-2;VALVE;NE;1
622-1270-001 C;TDR-90;NE;1
622-1879-002 C;VHF-20A (CORE);NE;1
622-4524-063 C;CTL-30;NE;1
622-5735-003;SERVO MT, LOW TORQUE,;OH;1
622-6137-201;RCVR, NAV.GS/MB, FM;OH;1
622-6521-013;CTL, NAV.GY. 5,BL/WH. VOL.;OH;1
622-8679-008;MULTI-FCTN PROC, ADV MAP,;OH;1
622-8971-122 C;TTR-920;NE;1
622-9336-001 C;AHC-85E;NE;1
6224114-1;BEARING;NE;2
62732 CAP;CAP ASSEMBLY;NE;1
628;LAMP;NE;1
628;LAMP;NE;1,74
628371;SPRING;NE;1
628766;TUBE;NE;1
6301-26-0;POTENTIOMETER;NE;1
630500-14;PLACE CARD;NE;1
63078-1;BUTTON;NE;2
6317014-36;BRACKET;NE;1
6318324-5;CIRCUIT BOARD, PRINTED;AR;1
6318324-6;CIRCUIT BOARD, PRINTED;NE;1
6318341-6;PCB BOARD;AR;1
6318341-6;PCB BOARD;AR;1
6318341-6;PCB BOARD;AR;1
6318344-1;PCB;AR;1
6318394-1;PCB BOARD ;NE;1
6333-014-01A4A;AIR BRAKE INDICATOR;SV;1
634-4590-002;DIMMING KNOB;NE;1
634-4594-012;BLANK LEGEND;NE;1
6341201-6;OLEO STRUT ASSY;OH;1
6342200-4;FORK AND PISTON ASSY;AR;1
6352601-32;FLANGE, FWD. INNER CENTER;NE;1
6352850-7;DEFLECTOR;NE;1
6354-300;COUPLING ASSY;AR;1
6360001-60;CABLE ASSY;NE;1
6360001-89;CABLE ;NE;1
6361001-36;CHAIN ASSY;NE;1
6361009-8;POINTER;NE;1
63809-3;COVER PIN TRIGGER;NE;1
63819;SPRING;NE;1
6396022-202;TRIM ACTUATOR;AR;1
64273;WHEEL;NE;1
64301-000;CUSHION , TELEX COMM;NE;1
64301000;CUSHION;NE;24
64621HLX;LH TAIL NAV LIGHT BULB;NS;1
646293-34.00;BELT28V A/C COMPRESSOR;NE;1
646293-34.00;BELT28V A/C COMPRESSOR;NE;2
6501002-9;PLACARD;NE;1
6505010-16;PLACARD - REMOVE COVER;NE;1
6505010-19;PLACARD;NE;1
650C06-3;TIRE, 6.50-10 10 PLY;NE;1
650C81-5;TIRE, GDYR FCIII 6.5X10X8PLY;NE;1
650C81-5;TIRE, GDYR FCIII 6.5X10X8PLY;NE;1
651-525-9004;SEAL;NE;2
651-525-9004;SEAL;NE;5
651-546-9106;SEAL;NE;2
651-546-9307;SEAL;NE;1
6517102-14;POWER BRAKE PUMP MOTOR;AR;1
6517102-14;POWER BRAKE PUMP MOTOR;AR;1
6518350-1;PCB;NE;1
6518351-7;PCB;AR;1
6518351-7;PCB;NE;1
6518351-7;PCB;AR;1
6518352-5;PCB ASSY;AR;1
6518352-5;PCB ASSY;AR;1
6518353-6;P C BOARD;AR;1
6518366-3;PC BOARD ASSEMBLY-DIMMING;NE;1
6519009-65;SCREW;NE;2
6519519-26;BEARING;NE;3
6523004-39;SEAL ;NE;1
6523004-40;SEAL ;NE;1
6526356-30;FUEL LINE;NE;1
653487;GASKET;NE;4
654961A9BP;CYLINDER & VALVE ASSEMBLY LD;NE;1
6555006-20;TUBE ASSY;NE;1
65704;SWITCH;NE;1
657735;PIN;NE;97
66-106;LINING;NE;1
66-106;LINING;NE;1
66-106;LINING;NE;1
66-106;LINING;NE;1
660008-00;RETAINER RING;NE;10
6600141-18;THERMOSTAT;NE;1
6600194-008;AIR BOTTE W/ RELIEF VALVE;AR;1
6600194-008;AIR BOTTE W/ RELIEF VALVE;AR;1
6600241-6;WATER CONTAINER;NE;1
660065;STRAP ASSY;NE;4
6608401-13;HYDRAULIC PRESSURE INDICATOR;NE;1
6608478-2;CABIN BRIEFER CONTROLLER;NE;1
6611354-6;ALT DOOR FRAME;NE;1
6612070-16;BRACKET;NE;1
6612070-8;HINGE;NE;1
6612170-38;HINGE;NE;1
6615101-2;TUBE ASSY;NE;1
6618002-3;PC BOARD;AR;1
6618002-4;PC BOARD;AR;1
6618706-1;PC BOARD;AR;1
6618707-16     ;PCB;AR;1
6618707-16     ;PCB;AR;1
6618707-26;PC BOARD ASSY, CABIN DOOR;AR;1
6618714-11;PC BOARD;AR;1
6619011-2;SEALS;NE;2
6619229-5;CARPET;NE;1
6619229-8;COVER ASSY;NE;1
6619255-18;SEAT SUPPORT PANEL;NE;1
6619292-7;WELD;NE;1
6619319-16;CARD;NE;1
6622018-7;SHIM;NE;1
6622018-7;SHIM;NE;2
6623004-18;DOOR ASSEMBLY - RH BOND EXHAUST;NE;1
6628408000-023;SIGNAL CONDITIONER, FUEL QUALITY;SV;1
6632030-3;TIP CUP;NE;1
6634005-3;BEARING PLATE;NE;2
6634100000-001;PROBE-PITOT STATIC;AR;1
6634408000-001;RADOME;AR;1
663A50-0029-1;GASKET;NE;1
6640002-1;PLACARD 5A;NE;2
6640002-12;PLACARD OLEO SERVICING 5A;NE;1
6641615-6RENT;LH OLEO ASSY;AR;1
6641640-55;SCUFF SHIELD;NE;3
6641648-13;BUSHING;NE;2
6642310-1;SPACER;NE;1
6642643-8;BUNGEE ;NE;1
6651502-23;BUSHING;NE;2
6652004-2;SEAL;NE;1
6660002-25;CABLES, RUDDER;NE;1
6660002-26;CABLE, RUDDER;NE;1
6660002-46;CABLE ASSY;NE;1
6660106-3;BUSHING;NE;1
6661042-12;POINTER;NE;1
6718463-6;MODULE ASSY;AR;1
6718476-7;PCB;AR;1
6719054-97;CLIP AY-LIGHT;NE;2
6719054-97;CLIP AY-LIGHT;NE;1
6721088-2;WASHER;NE;1
6722016-11;FOAM INSERT;NE;8
6722016-11;FOAM INSERT;NE;5
6722016-16;INSERT;NE;4
6726155-4;VALVE;NE;1
6730010-4;TEE;NE;1
6732010-11;BEARING ;NE;1
6742150-3;BUSHING;NE;1
6742150-7;STRAP;NE;1
6742150-7;STRAP;NE;1
6742220-2;PIN NLG;NE;1
6742220-3;WASHER POLYURETHANE;NE;2
68-1032;GASKET: SYNTHETIC & NITRILE FI, KLINGER C4401/GARL;NE;2
68-1178;OUT SEAL;NE;1
68-1179;IN SEAL;NE;1
68-1330;O-RING;NE;10
68-1413;PACKING;NE;3
68-1463;GASKET, DRIVE COVER;NE;3
68-216;ORING RUBBER NOSE WHEEL;NE;1
68-216;ORING RUBBER NOSE WHEEL;NE;4
68-216;ORING RUBBER NOSE WHEEL;NE;1
68-298-925-00;AGT RING;NE;2
68-298-990-00;AGT RING;NE;3
68-3970804A30;REAR NAV LENS CLOUDY;NE;1
68-4230020-40;LENS, GREEN;NE;1
68-4230020-50;RED LENS;NE;2
68-448;ORING;NE;11
68-450;PACKING;NE;14
6816047;SEAL (1/2);NE;1
6838;LAMP,INCANDESCENT;NE;51
6838;LAMP , CM 28 VOLT;NE;7
6838;LAMP , CM 28 VOLT;NE;9
6838;LAMP , CM 28 VOLT;NE;25
6838;LAMP , CM 28 VOLT;NE;39
6839;BULB;NE;2
6839;BULB;NE;34
6839;BULB;NE;6
68580-3;VALVE;OH;1
6900112 S;POWER SUPPLY;NE;1
6900163-001;LIGHT ASSY;NE;4
6911B030100;VALVE;OH;1
6915030-8;DUCT;NE;1
6918602-11;PCB;AR;1
692545-17;VALVE;AR;1
6,94E+20;FUEL NOZZLE;OH;1
6,94E+20;FUEL NOZZLE;SV;1
6,94E+20;FUEL NOZZLE;SV;1
6,94E+20;FUEL NOZZLE;SV;1
6,94E+20;FUEL NOZZLE;SV;1
6,94E+20;FUEL NOZZLE;SV;1
6,94E+20;FUEL NOZZLE;SV;1
6,94E+20;FUEL NOZZLE;SV;1
6,94E+20;FUEL NOZZLE;SV;1
6,94E+20;FUEL NOZZLE;SV;1
6,94E+20;FUEL NOZZLE;SV;1
6,94E+20;FUEL NOZZLE;SV;1
6,94E+20;FUEL NOZZLE;SV;1
6,94E+20;FUEL NOZZLE;SV;1
6,94E+20;FUEL NOZZLE;SV;1
6,94E+20;FUEL NOZZLE;SV;1
6,94E+20;FUEL NOZZLE;SV;1
6,94E+20;FUEL NOZZLE;SV;1
6,94E+20;FUEL NOZZLE;SV;1
6,94E+20;FUEL NOZZLE;SV;1
6,94E+20;FUEL NOZZLE;SV;1
6,94E+20;FUEL NOZZLE;OH;1
6,94E+20;FUEL NOZZLE;OH;1
6,94E+20;FUEL NOZZLE;OH;1
6,94E+20;FUEL NOZZLE;OH;1
6,94E+20;FUEL NOZZLE;OH;1
6C1005;SWING CHECK VALVE;NE;1
6L6F;BUSHING;NE;2
7-45223-2;CONTROL ASSY;AR;1
7003-400;BLOWER A FAN;OH;1
7016600-901;DATA LOADER;NE;1
7016600-901;DATA LOADER;AR;1
7017300-61013;INTERGRATED AVIONICS COMPUTER ASSY;AR;1
7036340-802;DISPLAY UNIT - DU-1080-3;AR;1
7050A3642021;BUSHING EXTERIOR;NE;1
706C86-1 A;GOODYEAR TIRE;NE;1
710501-3;FUEL PUMP;AR;1
710501-3;FUEL PUMP;AR;1
710501-3;FUEL PUMP;AR;1
710501-3;FUEL PUMP;AR;1
710540;HOUSING GASKET, WATER FILTER;NE;1
713022324;RING, BACK UP;NE;3
7156-1;SENSOR, NOSEWHEEL STEERING, RVT;AR;1
718AS15;BULB;NE;13
720-185 A;RUDDER TRIM INDICATOR;NE;1
720-303 C;RUDDER TRIM INDICATOR;NE;1
722-514;FUEL LEVEL SENSOR;AR;1
722610 C;FUEL LEVEL SENSOR;NE;1
723-159-7;TRANSMITTER;AR;1
723-159-7;TRANSMITTER;SV;1
723-160-2;FUEL FLOW INDICATOR;SV;1
723-160-2;FUEL FLOW INDICATOR;SV;1
7235-1-35;OVERLOAD SENSOR CONTROL;NE;3
7235-1-60;SENSOR;NE;3
7243MR-987-N;SEAL,CASING GLAND;NE;1
726800;BY PASS VALVE;AR;1
7274-67-1/2;CIRCUIT BREAKER;NE;1
728-026-2;AMPLIFIER;SV;1
7300121-001;LAMP, 42  FLOURESCENT;NE;2
7300121-009;FLOURSCENT LIGHT;NE;3
7300121-010;FLUORESCENT LIGHT;NE;1
7300149-1;LAMP,L.H. FWD CAB.;NE;1
7300156-001;BULB;NE;1
7300216-1;BULB LEFT;NE;1
7300295-001;LAMP;NE;2
731 SHIPPING CRATE;731 SHIPPING CRATE;SV;2
7333MT964-4780;SEAL;NE;1
7341;LAMP;NE;14
7341FT964-4780;SEAL ASSY;NE;1
73675-1;SEAL, PUMP, WATER SYSTEM;NE;6
73676-1;SHIM, PUMP, WATER SYSTEM ;NE;6
736847-17;COMPUTER FUEL, QUANTITY GAUGING;SV;1
73697-1;SCREW, PUMP, WATER SYSTEM;NE;9
73780-5;DUCT;AR;1
738384-33;AIRCYCLE MACHINE;0;1
73871-1;LABEL, PUMP, WATER SYSTEM ;NE;3
73871-3;LABEL, PUMP, WATER SYSTEM ;NE;3
74-451-209;PATCH , PINHOLE;NE;13
740019;STATIC WICK;NE;3
7500436-910;CONNECTOR, KIT;NE;1
75019-106P;CONNECTOR;NE;1
7510784-835 S;MODULE, COMM CLUSTER;NE;1
7511283;FILTER ELEMENT;NE;1
7511952;ELEMENT  APU TPE331/731;NE;1
7516118-27011;SATELLITE DATA UNIT ;AR;1
75208;HMU;REPD;1
756-077;O-RING;NE;4
7578137-101;FILTER;NE;1
75845;BOTTLE, SOAP DISPENSER;NE;4
7586456;FILTER;NE;1
7591357-001;ELEMENT, FILTER, PRESSURE;NE;3
7593394-002;ELEMENT, FILTER ;NE;3
7593395-001;CASE DRAIN ELEMENT, FILTER ;NE;3
7600841-002;EROSION BOOT;NE;2
76491M203;CURRENT SENSOR;NE;1
76519-E212;CURRENT SENSOR;NE;1
76550-01001-149;CAU/ADVSY PN;AR;1
766400-4;BLEED VALVE ACTUATOR;AR;1
766400-4;BLEED VALVE ACTUATOR;AR;1
766400-4;BLEED VALVE ACTUATOR;AR;1
766400-4;BLEED VALVE ACTUATOR;AR;1
76699-01 C;INVERTER DUAL VOLT;NE;1
76900-01802-106;ACTUATOR AY;SC;1
771-5503-9101;VALVE;SV;1
77879187;INDICATOR;AR;1
78-3100;ACTUATOR SWITCH;NE;3
780933-4-012;EEC;AR;1
780933-4-012;EEC;AR;1
780933-4-012;EEC;AR;1
780933-4-012;EEC;AR;1
7839;LAMP, CM;NE;2
790155-4;FUEL CONTROL-TURBOFAN, HY;AR;1
790155-4;FUEL CONTROL-TURBOFAN, HY;AR;1
790155-8;HFCU;AR;1
790155-9;HMU;AR;1
79T9550;HINGE;NE;1
79T9550;HINGE;NE;3
7C1-4;CLAMP;NE;2
8-335N300-90;RING;NE;3
8-405-34;SWITCH,PROXIMITY;NE;1
800-008494-1;PANEL;NE;1
800027-000;GEL- EARSEL;NE;1
8002500;CABLE/RIBBON;NE;15
8002500;CABLE/RIBBON;NE;20
80037-123V;HEAT TANK;AR;1
80037-123V;HEAT TANK;AR;1
800456018;EAR PIECE CUSHION;NE;10
800495;INDICATOR;NE;1
8034-20;THERMAL FUSE;NE;2
804749;BATTERY;AR;1
8053-4;HEATER;NE;1
8053-4;HEATER;NE;1
8053-4;HEATER;NE;1
8060-140-1;STARTER GENERATOR;SV;1
8060-300-1;STARTER GENERATOR;OH;1
8060-320-1;STARTER GENERATOR;SV;1
8060-320-1;STARTER GENERATOR;AR;1
8061-977;METER, FUEL UNIT (FMU);AR;1
80K-300;LATCH PLATE;NE;3
8100-115;ACTUATOR, VANE STATOR VAR;AR;1
8102007K;BATTERY;NE;1
8121J83ZGE22;SWITCH, MOMENTARY PUSH BUTTON;NE;3
81319A050061100;COFFEE POT;AR;1
81354-101;RING CUPHOLDER;NE;1
81366B721-0826;COFFEE POT;AR;1
81414-25;DOOR LATCH ;NE;1
81414-25;DOOR LATCH ;NE;1
81414-81;HOUSING PIVOT;NE;1
814900-6;VALVE, FLOW DIVIDER;RP;1
818487-4;SENSOR;NE;1
82-19-240-16-1;FASTENER;NE;4
82-19-240-16-1;FASTENER;NE;10
82-19-280-16-1;FASTENER;NE;3
82-19-280-16-1;FASTENER;NE;14
82-19-300-16-1;FASTENER;NE;2
82-19-300-16-1;FASTENER;NE;10
82-35-302-15;FASTNER;NE;9
82-35-302-15;FASTNER;NE;14
82-47-113-15;FASTNER;NE;9
82-47-113-15;FASTNER;NE;4
8210-024H;GOVERNOR, PROP;AR;1
823660-2;VALVE;SV;1
828200-2;FUEL PUMP;SV;1
82B001-31;BASE, STATIC WICK;NE;1
83311-430117;GENERATOR;AR;1
83311-430117;GENERATOR;AR;1
83311-430117;GENERATOR;AR;1
83311-430117;GENERATOR;SV;1
8403-111;ROSEN MONITOR;AR;1
85-46-101-41;WASHER;NE;14
850C86-2;TIRE , GDYR 8.50X10 8PLY;NE;1
856B;NUT;NE;1
858003016;BUSHING;NE;2
868889-1;VALVE;SV;2
871544-405;RECLINE LOCK N2;AR;1
871544-405;RECLINE LOCK N2;AR;1
873034-11;STRIP;NE;1
889-3-13;PROBE;SV;1
889-3-13;PROBE;SV;1
889-3-13;PROBE;SV;1
8910-214;MANIFOLD;AR;1
8910-312;VALVE, FUEL RETURN TO TANK;AR;1
8910-512;VALVE;AR;1
894764-3;STRAINER;SV;1
894764-4;STRAINER;SV;1
895349-1;COUPLING;SV;1
897830-1;FUEL FILTER;NE;15
897830-1;FUEL FILTER;NE;2
8AC1AAB1;ACCELEROMETER;SV;1
8B4061A;SWITCH;NE;1
8EH8AAA1;CABLE;SV;1
8ES-005-421-09 C;CONTROLLER ENERGY BOX;NE;1
8ES409800-00;EPS;OH;1
8ES455827-00;WASH LIGHT POWER SUPPLY;AR;1
8GH002473-08;LAMP, PAX DOOR EMERGENCY ;NE;17
8GH004554-28;LAMP, PILOT READING;NE;6
8GH004554-28;LAMP, PILOT READING;NE;6
8GH004554-28;LAMP, PILOT READING;NE;20
8GH005448-28;BULB;NE;26
8GH409570-28;LAMP;NE;6
8GS007949-52;LAMP, HID XENON;NE;3
8TC60AAC1;PROBE, THERMOCOUPLE;AR;1
8TC60AAC1;PROBE, THERMOCOUPLE;AR;1
8TC60AAC1;PROBE, THERMOCOUPLE;AR;1
8TC60AAC1;PROBE, THERMOCOUPLE;AR;1
8TH60AAG1;HARNESS, TGT THERMOCOUPLE;SV;1
9-127-27;TRANSMITTER ASSEMBLY;SV;1
9-127-27;TRANSMITTER ASSEMBLY;SV;1
9-127-27;TRANSMITTER ASSEMBLY;SV;1
9-217-82;TRANSMITTER,FUEL FLOW;AR;1
90000671;FUSE PLUG;NE;4
90001-003;COMPUTER;AR;1
90005586-1;G650 MAIN WHEEL ASSY;NE;1
90005586-1;G650 MAIN WHEEL ASSY;NE;1
90006-003;B&D DISPLAY PROCESSOR;AR;1
90033-25;ANTI COLLISION LIGHT;NE;1
9005-000024-15;VANITY / BAGGAGE;NE;1
900C3010056-105;DETENT CONTROL ASSY;AR;1
9012-2B;HOSE;NE;1
9044810-1;IGNITER;SC;1
9049800-4;EXCITER, DUAL;AR;1
9049800-4;EXCITER, DUAL;AR;1
9049820-6;EXCITER;AR;1
9049820-6;EXCITER;OH;1
9049820-6;EXCITER;OH;1
9053-3021 O;AMP VOLTING INSTRUMENT CLUST;NE;1
9059190-7K S;IGNITER HARNESS;NE;1
9060420-2 C;EXCITER;NE;1
9060420-4;IGNITION EXCITER;AR;1
9060440-2;IGNITION EXCITER  UNIT;SV;1
9060440-2;IGNITION EXCITER  UNIT;NE;1
9060440-2;IGNITION EXCITER  UNIT;REPD;1
910778;BACK-UP;NE;2
910786;BACKUP RING;NE;1
910791;BACKUP RING;NE;2
913-1098-480;CAPACITOR,FIXED;NE;1
920-4-14;THERMCPL, TRB DISC;SV;1
920-4-14;THERMCPL, TRB DISC;SV;1
921-062-00;GASKET;NE;4
92121-025;CURTAIN HANGER;NE;12
92122;GLIDE;NE;3
92122-025;CURTAIN CARRIER;NE;6
92250-12801-111;AFT FLOAT BAG;AR;1
92250-14801-101;L/H FORWARD FLOAT BAG;AR;1
92250-14801-102;FLOAT BAGS, FORWARD;AR;1
9238M66P07;EXCITER;RP;1
9238M66P07;EXCITER;RP;1
9238M66P08;EXCITER;NE;2
92410-04800-110;SAS COLLECTIVE BOOSTER;AR;1
927223-2-1;SWITCH;AR;1
92850-08801-115;RAFT, ENH PLB;AR;1
92850-08801-116;RAFT, ENH PLB;AR;1
92900-01802-112;AFCS COMPUTER;AR;1
92900-01802-112;AFCS COMPUTER;AR;1
94611;FILTER;NE;1
95-420017-19;TRACK SEAT OUTBD;NE;4
95-610006-37;CLIP;NE;3
95-921016-3;DECAL;NE;1
95-921016-3;DECAL;NE;1
95-921016-3;DECAL;NE;1
95-XX-15-C6;LENS;NE;1
9542927;DISC;NE;8
9543991-4;MAIN WHEEL ASSY;NE;1
9543991-4;MAIN WHEEL ASSY;NE;1
9543991-5 A;WHEEL WITH TIRE;NE;1
95XX12B6-62670;CAP;NE;1
95XX12H6-62791;RELAY SWITCH CAP;NE;1
96-324045;PLACARD (T);NE;1
96-324045;PLACARD (T);NE;1
96-324045;PLACARD (T);NE;1
96-526000-25;BUSHING;NE;3
96-534067;DECAL;NE;1
96-610021-3;SKIN;NE;1
96-610021-35;BRACKET  (T);NE;1
96-610021-42;TAB;NE;1
96-610021-47;BUSHING;NE;1
96-610021-47;BUSHING;NE;1
96-610026-1;BUSHING;NE;1
96-910001-87;CLAMP;NE;1
96-910020-249;BAFFLE;NE;1
96-910020-271;BRACKET;NE;1
96-910020-347;BAFFLE (T);NE;1
96-910030-1;CAM (T);NE;1
96-910045-17;TUBE ASSEMBLY-LH ENGINE;NE;1
96-919100-163;BASE (T);NE;1
96-919101-37;DOUBLER;NE;1
96-950000-39;CLAMP;NE;1
96-950000-39;CLAMP;NE;1
96-950002-73;CHANNEL;NE;1
96-950002-85;BRACE;NE;1
97-148-1;WEIGHT, BALANCE 1/2 OZ.;NE;4
97-148-2;WEIGHT, BLANACE- 1/4 OZ.;NE;4
97-157;WEIGHT;NE;5
97-157;WEIGHT, BALANCE 1/2 OZ;NE;2
97-158;WEIGHT;NE;3
97-159;WEIGHT;NE;4
97-159;WEIGHT, WHEEL  1/2OZ;NE;1
97-160;WEIGHT;NE;5
97-160;WEIGHT ,BALANCE 1/2 OZ;NE;2
97-162;WEIGHT: BALANCE  1/4 OZ;SV;2
97-163;NOSE WHEEL WEIGHT 1/2 OZ;SV;5
97-164;WEIGHT, BALANCE 1/2 OZ;SV;2
97-168;WEIGHT, BALANCE  3/4 OZ;SV;3
97-187;WEIGHT;NE;5
97-187;WEIGHT-BALANCE;NE;2
9750W0640;BATTERY;AR;1
978668-3-1;VALVE;AR;1
978812-5-1;VALVE;SV;1
978812-5-1;VALVE;AR;1
978812-5-1;VALVE;AR;1
9794430236;ORING;NE;2
979558-8;VALVE;OH;1
979998-2;VALVE;AR;1
99-62P;SWITCH BODY;NE;1
99-810038-1;WASHER;NE;1
99-810038-1;WASHER;NE;1
99-810038-1;WASHER;NE;1
99-810038-1;WASHER;NE;1
99-810064-1;BUSHING;NE;1
99-810064-1;BUSHING;NE;1
99-XXX-6B1-15251;LENS CAP;SV;1
99-XXX-6E3-16037;ANNUN, PITOT STATIC HEATER O;NE;1
990-C7014-074;SWITCH ASSY ;AR;1
9909018-101;FLAME ARRESTOR;NE;1
9912062-4;HYD PUMP;AR;1
9912062-4;HYD PUMP;AR;1
9912194-3;CHECK VALVE 1245A;NE;1
9912194-3;CHECK VALVE 1245A;AR;1
9912194-5;FLOW SWITCH CHECK VALVE;AR;1
9912196-7;PASSENGER/SAFETY DISPLAY;NE;1
9912281-12;FUEL ELEMENT;NE;1
9912409-13EX;PRESSURE CONTROLLER;OH;1
9912416-1;SENSOR;AR;1
9912486-2;HEAT EXCHANGER;AR;1
9912491-3;ACTUATOR;AR;1
9912497-8AMTK;N1/ITT INDICATOR;OH;1
9912504-11EX;PANEL ANNUNCIATOR;OH;1
9912518-3;TEMP CONT;AR;1
9912518-5;TEMP CONTROLLER;AR;1
9912518-5;TEMP CONTROLLER;OH;1
9912579-2;FILTER ELEMENT;NE;2
9912583-6;COMPRESSOR;AR;1
9912701-1;FUEL FLOW METER;OH;1
991285-6 C;TEMPERATURE CONTROLLER;NE;1
9914126-4;VALVE ASSY;OH;1
9914195-4;SEAL;NE;1
9914343-17;LATCH ;NE;1
9914380-13;WINDSHIELD ASSY, HTD, LH;SV;1
9914380-14;WINDSHIELD, HTD, RH;SV;1
9914519-2;TEMP SENSOR;AR;1
9914519-2;TEMP SENSOR;NE;1
9914524-2;TRANSDUCER ;AR;1
9914584-1;SPEED BRAKE SENSOR;AR;1
9914671-2;ACCUMULATOR;AR;1
9914723-1;LOGIC MODULE NC008;AR;1
9914723-1;LOGIC MODULE NC008;AR;1
9914786-1;VALVE CHECK;NE;1
9914786-1;VALVE CHECK;NE;1
9914786-1;VALVE CHECK;NE;1
9914786-1;VALVE CHECK;NE;1
9914786-1;VALVE CHECK;NE;1
9914786-1;VALVE CHECK;NE;1
9919040-22;LED LIGHT;NE;1
9919040-31;LED LIGHT;NE;1
9EL400042-00;LENS;NE;1
9EL401955-11;LENS, STROBE;NE;1
9GD412885-00;O-RING, PACKING;NE;2
9GD413547-00;SEAL;NE;2
9M30-01-4-3N;ENGINE SYNC SWITCH;NE;1
A0250102-8;DUCT, E SEAL, 1.5 INCH ;NE;2
A0250102-9;E-SEAL, DUCT, 2 INCH;NE;2
A0250103-19;SEAL, PERISEAL;NE;8
A1-14-0001-002;LAMP;NE;2
A101-4;ROD END;NE;1
A101-4;ROD END;NE;1
A101-4;ROD END;NE;2
A10118-10;THERMOFUSE ASSY ;NE;4
A102-4;TIE ROD;NE;2
A102-4;TIE ROD;NE;4
A110ES;NUT;NE;2
A111-2D;BOLT;NE;3
A112-2E;BOLT;NE;1
A112-2E;BOLT;NE;3
A113-1/2D;SCREW, MACHINE, MUSHROOM HEAD;NE;4
A113-1D;SCREW;NE;6
A113-1D;SCREW;NE;46
A113-1E;BOLT;NE;19
A113-2D;SCREW;NE;2
A115-1;SPACER;NE;4
A127-4;ROD END;NE;2
A127-4;ROD END;NE;2
A1280-2;LENS-RED;NE;1
A1663-017-1;CLIP;NE;4
A175-8E;BOLT;NE;3
A20019-3;LATCH;NE;4
A2049;GARFOIL SEAL;NE;1
A23072-5;LATCH PADDLE;NE;1
A23073-3;LATCH;NE;2
A23073-3;LATCH;NE;1
A23073-3;LATCH;NE;1
A23073-3H;LATCH;NE;5
A23086-5;LATCH;NE;2
A23511-3S;PADDLE LATCH;NE;1
A3363-4;DAMPER;AR;1
A3363-4;DAMPER;AR;1
A3363-4;DAMPER;AR;1
A3363-4;DAMPER;AR;1
A3363-5;DAMPER;AR;1
A3363-5;DAMPER;AR;1
A3363-5;DAMPER;AR;1
A3363-5;DAMPER;AR;1
A3455-10;THERMOSTAT;NE;3
A3579-102;GENERATOR DC;NE;1
A3657A;INSP LIGHT LENS GASKET;NE;3
A36B16;SCREW;NE;4
A39052-1644-1830-1400;LATCH;NE;1
A4-6-270;SWITCH;NE;1
A4174-24;NAV LIGHT LAMP;NE;1
A4361-7;ORING FOR COFFEE POT LID;NE;12
A43S-300-RS2;POTENTIOMETER;NE;1
A505090-3;LAMP;NE;1
A5210-12P;SLIDE ASSEMBLY;NE;2
A5210-14P;SLIDE ASSY;NE;1
A5210-22P;SLIDE;NE;1
A656;HOLDER;NE;2
A723-5 S;COOLER LINE;NE;1
A723-6 S;COOLER LINE;NE;1
A7914-1;GASKET;NE;1
A914-DX-F001;FILTER BOWL ;NE;1
A955-5 A;BATTERY BOX;NE;1
A966-1;SEAL;NE;2
ABC1/2;FUSE;NE;4
ABP002-009;SEAL;NE;3
ABS0114T3H1;BOLT;NE;3
AC-C426F-1230;ELEMENT FUEL FILTER;NE;2
AC-C426F-1230;ELEMENT FUEL FILTER;NE;2
AC3255F8Y60;FILTER ELEMENT (PRESS.);NE;1
AC65216;MAXARET;AR;1
AC65216;MAXARET;OH;1
AC65216;MAXARET;OH;1
AC65216;MAXARET;OH;1
AC65216;MAXARET;OH;1
AC65216;MAXARET;OH;1
AC65216;MAXARET;AR;1
AC65218;MAXARET ;AR;1
AC65218;MAXARET ;OH;1
AC65218;MAXARET ;OH;1
AC65218;MAXARET ;OH;1
ACA767F415;FILTER;NE;2
ACC314F8Y1;ELEMENT, FILTER;NE;2
ACM-5-CA C;AUDIO CONTROLLER;NE;1
AE2841G0322-270;HOSE ASSEMBLY;NE;1
AE3007C;ENGINE;SV;1
AE3007C;ENGINE;PO;1
AE3007C;ENGINE;SV;1
AE3663232E0125;HOSE ASSY, AEROQUIP;NE;1
AE709006-1;HDY HOSE ASSY;NE;1
AE711038-1;HOSE ASSY, FUEL FLEXIBLE;AR;1
AE711038-20;LINE ASSY, FLEX;AR;2
AE71442E;FITTING, DISCONNECT, QUICK ;NE;1
AE80660E;PLUG, DUST FILL;NE;2
AE99116K;COUPLING, QUICK DISCONNECT;NE;1
AE99119K;COUPLING, HALF QUICK DISCONNECT;NE;1
AE99148E;CONNECTOR, FILL;NE;1
AG477000-14;GASKET;OH;1
AGC1/4;FUSE (740-0107);NE;10
AGS1186B;SEAL ;NE;2
AGX10;FUSE;NE;10
AH52430;BRAKE ASSY;OH;1
AH52787;BRAKE;AR;1
AH52787;BRAKE;AR;1
AH52787;BRAKE;SV;1
AH52787;BRAKE;AR;1
AH52787;BRAKE;AR;1
AH52787;BRAKE;AR;1
AH52787;BRAKE;AR;1
AHA1288;BRAKE ASSY;OH;1
AHA1881;MAIN WHEEL ASSY;NE;1
AHA1897;BRAKE UNIT ASSY;AR;1
AHO89881;BRAKE HEAT PACK;AR;1
AI-LCD142HPD C;MONITOR;NE;1
AI-RC5-170707 S;REMOTE;NE;1
AJ07C125;BEARING;NE;3
AL-1235-1220;BULB;NE;1
AL-1235-T-1040;LAMP;NE;1
AL-1235-T-1040;LAMP;NE;3
AL-1235-T-1097B;LAMP;NE;1
AL-1235-T-1097B;LAMP;NE;1
AL-1235-T-1097B;LAMP;NE;1
AL-1235-T-1168B;FLOURESCENT LIGHT BULB;NS;5
AL-1235-T-1168B;FLOURESCENT LIGHT BULB;NS;2
AL-1235-T-1168B;FLOURESCENT LIGHT BULB;NE;10
AL-1235-T-1168B;FLOURESCENT LIGHT BULB;AR;1
AL-1235-T-1320;LIGHT BULB;NE;3
AL-1235-T-265;LAMP;NE;1
AL-1235-T-311B;LAMP;NE;1
AL-1235-T-320;LAMP,FLUORESCENT;NE;3
AL-1235-T-360 LAMP;LAMP,FLUORESCENT;NE;3
AL-1235-T-460;LAMP,FLUORESCENT;NE;1
AL-1235-T-460 LAMP;LAMP,FLUORESCENT;NE;3
AL-1235-T-460 LAMP;LAMP,FLUORESCENT;NE;1
AL-1235-T-460 LAMP;LAMP,FLUORESCENT;NE;1
AL-1235-T-490;LAMP,FLUORESCENT;NE;4
AL-1235-T-5173;LIGHT BULB;NE;2
AL-1235-T-560;HOOKED BULB;NE;1
AL-1235-T-650 LAMP;LAMP;NE;5
AL-1235-T-666;LIGHT BULB;NE;3
AL-1235-T-700 LAMP;LAMP;NE;1
AL-1235-T-750 LAMP;LAMP;NE;1
AL-1235-T-750 LAMP;LAMP;NE;3
AL-1235-T-803B;LIGHT;NE;4
AL-1235-T-900;LAMP,FLUORESCENT;NE;3
AL-1235-T-927B LAMP;LAMP;NE;5
AL-1245-T-1080B;BULB;NE;1
AL-1245-T-610B;BULB;NE;1
AL-1245-T-720B;LAMP;NE;2
AL-1245-T-803B;LIGHT;NE;1
AL-1245-T-839;LAMP, FLOURESCENT;NE;1
AL-2010;DIMMING MODULE;NE;1
AL-2010;DIMMING MODULE;NE;1
AL-2010;DIMMING MODULE;NE;1
AL-2010;DIMMING MODULE;NE;1
AL-5120B;LAMP HOLDER,FLUORESCENT;NE;14
AL-5120B;LAMP HOLDER,FLUORESCENT;NE;4
AL-731-150;150 HOUR INSPECTION KIT;NE;1
AL-731-150;150 HOUR INSPECTION KIT;NE;1
AL-731-150;150 HOUR INSPECTION KIT;NE;1
AL-EX15-200E-17;EXPRESSO MACHINE;SV;1
AL-HFT-G;SOAP KIT;NE;1
AL1235-420;LIGHT BULB;NE;1
AL1235-750;LAMP;NE;1
AL1235-T-650;LAMP;NE;1
AL1235T560;LAMP;NE;1
AL1245-T-250;LAMP;NE;1
AL1245T975B;LAMP HOOKED;FN;2
AL5113;CONNECTOR;NE;20
AL750PS;BALLAST ASSEMBLY ;AR;1
AL750PS;BALLAST ASSEMBLY ;NE;1
AL750PS;BALLAST ASSEMBLY ;NE;1
AL845T711F;LIGHT;NE;1
AM5M5;BEARING;NE;1
AM5M5;BEARING;NE;1
AML24GBA2CA05;SWITCH;NE;5
AN121666;PIN;SC;1
AN23-13;BOLT;NE;9
AN3-21;BOLT;NE;5
AN310-3;NUT;NE;11
AN310-3;NUT;NE;48
AN310-3;NUT;NE;34
AN310-3;NUT;NE;86
AN310C8;NUT;NE;1
AN315-3R;NUT;NE;96
AN315-3R;NUT;NE;46
AN316-5R;NUT;NE;50
AN320-10;NUT;NE;8
AN320-5;NUT;NE;25
AN320C8;NUT;NE;2
AN3228-2;SWITCH GUARD;NE;1
AN3C3A;BOLT;NE;50
AN3CH16A;BOLT;NE;2
AN4-12;BOLT;NE;20
AN415-4;PIN;NE;1
AN4C10A;BOLT;NE;9
AN4C5A;BOLT;NE;8
AN4C7A;BOLT;NE;35
AN4H26A;BOLT;NE;3
AN5-27A;BOLT;NE;10
AN5-33A;BOLT,HEX 5/16 X 3 3/8 UNDRIL;NE;4
AN502-10-8;SCREW;NE;22
AN503-8-10;SCREW;NE;98
AN503-8-12;SCREW;NE;13
AN525-10R10;SCREW;NE;4
AN525-832R6;SCREW;NE;99
AN525-832R6;SCREW;NE;100
AN565A428H4;SETSCREW;NE;2
AN5H4A;Bolt;NE;6
AN6-51;BOLT;NE;1
AN6289J4;FITTING;NE;1
AN6289J4;FITTING;NE;1
AN735D8;CLAMP;NE;9
AN737TW98-114;CLAMP;NE;8
AN800-3;CONE, UNION ;NE;10
AN805-3;UNION NUT;NE;10
AN814-3DL;PLUG;SV;2
AN816-12;FITTING;NE;1
AN824-12D;FITTING, TEE, FLARED ALUM 3/;NE;3
AN834-6D;FITTING,BULKHEAD TEE,ALUM 3/;NE;4
AN894C6-6 A;BUSHING;NE;1
AN894J6-4;BUSHING;NE;3
AN901-4A;GASKET;NE;5
AN924-16;FITTING NUT;NE;4
AN960KD9;FLAT WASHER;NE;10
ANL-275;GALLEY PWR FUSE, 275A;NE;6
ANL150;LIMITER;NE;11
ANL175;LIMITER;NE;2
ANL275;CURRENT LIMITER;NE;3
ANL500;CURRENT LIMITER;NE;1
AP50A16;GASKET;NE;8
AP91;CHARGEABLE CRATE  FOR PN 5500M6W-FF23AN;NE;1
ARM1204;SEAL;SV;1
AS031904-5;WASHER;NE;25
AS15002-1-P;GREASE FITTING;NE;4
AS1895/7-100;SEAL;NE;1
AS1895/7-150;COUPLING;NE;1
AS20624;NUT;NE;18
AS27471;UNION;SV;5
AS3066-09;NUT;SV;6
AS3066-10;NUT;SV;60
AS3208-04;PACKING;NE;5
AS3208-04;PACKING;NE;2
AS3208-04;PACKING;NE;60
AS3208-05;PACKING;NE;2
AS3208-05;PACKING;NE;60
AS3208-05;PACKING;NE;4
AS3208-08;PACKING;NE;8
AS3208-08;PACKING;NE;10
AS3209-008;PACKING;NE;9
AS3209-008;PACKING;NE;60
AS3209-008;PACKING;NE;5
AS3209-008;PACKING;NE;20
AS3209-009;PACKING;NE;1
AS3209-010;PACKING;NE;2
AS3209-010;PACKING;NE;74
AS3209-010;PACKING;NE;13
AS3209-010;PACKING;NE;60
AS3209-011;PACKING;NE;13
AS3209-012;PACKING;NE;7
AS3209-012;PACKING;NE;72
AS3209-012;PACKING;NE;7
AS3209-013;PACKING;OH;1
AS3209-015;PACKING;NE;5
AS3209-018;PACKING;NE;8
AS3209-023;PACKING;NE;3
AS3209-023;PACKING;NE;2
AS3209-031;PACKING;NE;1
AS3209-031;PACKING;NE;1
AS3209-111;PACKING;NE;8
AS3209-113;PACKING;NE;100
AS3209-113;PACKING;NE;2
AS3209-114;PACKING;NE;100
AS3209-115;PACKING;NE;3
AS3209-115;PACKING;NE;10
AS3209-121;PACKING;NE;7
AS3209-124;PACKING;NE;30
AS3209-128;PACKING;NE;10
AS3209-140;PACKING;NE;2
AS3209-140;PACKING;NE;2
AS3209-140;PACKING;NE;8
AS3209-142;PACKING;NE;1
AS3209-143;PACKING;NE;4
AS3209-146;PACKING;NS;1
AS3209-146;PACKING;NE;31
AS3209-147;PACKING;NE;3
AS3209-147;PACKING;NE;5
AS3209-151;PACKING;NE;2
AS3209-152;PACKING;NE;1
AS3209-212;PACKING;NE;18
AS3209-228;O-RING;NE;1
AS3215-121;RING;NE;4
AS3217-152;RING;NE;2
AS3217-164;RETIAING RING;NE;1
AS3236-08;BOLT;SV;2
AS3237-08;BOLT;NE;25
AS3237-12;BOLT;SV;4
AS3237-13;BOLT;SV;8
AS3491-01;GASKET;NE;9
AS3492-01;GASKET;NE;2
AS3578-268;ORING;NE;3
AS3582-012;O-RING;NE;23
AS3582-012;O-RING;NE;1
AS3582-012;O-RING;NE;48
AS3582-013 ;PACKING;NE;10
AS3582-033;ORING;NE;6
AS3582-041;ORING;NE;1
AS3582-222;PACKING;NE;7
AS3582-222;O-RING;NE;20
AS3582-222;O-RING;NE;10
AS3582-222;O-RING;NE;4
AS3582-222;O-RING;NE;8
AS3582-222;O-RING;NE;23
AS3582-226;PACKING;NE;5
AS3582-228;ORING;NE;9
AS3582-236;SEAL;NE;2
AS4130T0404;ELBOW;NE;1
AS4130T0404;ELBOW;NE;1
AS43013-222;RING SEALING TOROIDAL;NE;6
AS43013-222;RING SEALING TOROIDAL;NE;9
AS43013-222;RING SEALING TOROIDAL;NE;2
AS44522-030;WEIGHT;SV;20
AS44701;CLAMP ;SV;2
AS46772D150D;LEAD, BONDING;SV;1
AS46772D150D;LEAD, BONDING;SV;1
AS46772D175D;LEAD;SV;1
AS46772D200D;LEAD;SV;1
AS46772D350D;LEAD;SV;1
AS48409;BOLT;NE;18
AS62202;CLIP;SV;24
AS62203;CLIP;SV;40
AS62204;CLIP;SV;13
AS62205;CLIP;SV;24
AS62206;CLIP;SV;20
AS62207;CLIP;SV;1
AS62208;CLIP;SV;1
AS62209;CLIP;SV;30
AS62210;CLIP;SV;36
AS62211;CLIP;SV;18
AS62212;CLIP;SV;7
AS7835101-1;THRUST REVERSER CONTROL VALVE;AR;1
ASNA0045-050BCL;NUT;NE;10
ASNA2016V3-8;SCREW;NE;10
ASR6-401;BEARING;NE;1
AT607-28V-RO;LAMP;NE;1
ATLF12-111;BEARING;NE;1
AV10-03;BOLT;NE;4
B0203014L3;NUT, SELF-LKG, 6 PT ;NE;10
B0205017AD3-4S;RIVET, SOLID, CSK HD ;NE;98
B0205017AD3-6S;RIVET 100 CSK;NE;12
B0205017AD3-7S;RIVET 100CSK;NE;24
B0209003-12;STUD, PLUS FLUSH, PROTRUDING HEAD ;NE;1
B0209009-001;RECEPTACLE;NE;2
B0209020;RETAINING RING, WIRE FORM, ELGILOY WIRE ;NE;79
B0209021-2S;STUD NUT, FLUSH HD ;NE;70
B0209022-001;RECEPTACLE, TWO LUG ;NE;136
B0304040-300;PACKING, SEAL;NE;2
B0816049-008;SLEEVE;NE;30
B0818022-001;DISCHARGER , STATIC;NE;1
B10126-20;PLUG;NE;1
B140-1;RELAY;NE;1
B155-1A;SHIM;NE;10
B163-1;ROD END;NE;2
B184-1;SWITCH;NE;1
B196-1;BULB;NE;2
B2-4;GASKET;NE;4
B300-611;BLOCK;NE;3
B306-5;TRIM SWITCH COVER;NE;2
B330-13;PALNUT;NE;1
B330-13;PALNUT;NE;10
B345-2;PITCH LINK;NE;4
B385T5 C;HALOTRON FIRE EXTINGUISHER;NE;1
BA-5110;AIR FILTER ASSEMBLY;NE;2
BA-7610;WINSLOW FILTER;NE;1
BA02801-1;GENERATOR;OH;1
BA02801-1;GENERATOR;OH;1
BAS68038079-11;PLACARD, DECAL;NE;6
BAS68038112-33;CLIP, DISPENSER, CUP, GALLEY;NE;18
BAS68038112-34;CLIP, DISPENSER, CUP, GALLEY;NE;18
BC5-0444-105;LENS FOR POWER SUPPLY BR9661-105;NE;1
BD45-0023-5;ROTARY SWITCH;NE;1
BD45-0023-6;ROTARY SWITCH;NE;1
BE20057;SEAL;NE;2
BE20057;SEAL;NE;2
BEPB-A07-RBL;ICE DETECTION BULB;NE;1
BEPB-A07-RBL;ICE DETECTION BULB;NE;0,84
BEPWA07RBP;LIGHT;NE;2
BH185R280A C;ITT INDICATOR;NE;1
BI3004-3;GASKET;NE;1
BLNS4-10;PIN;NE;3
BP248-A1B2;KNOB   WA1550;NE;1
BPD337A;TRANSFORMER;NE;1
BPD337A;TRANSFORMER;NE;1
BR710;ENGINE;SV;1
BRG1128;?;SV;1
BRH12404;BLADE;SV;4
BRH12404;BLADE;SV;4
BRH12404;BLADE;SV;7
BRH12409;BLADE;SV;1
BRH12410;BLADE;SV;1
BRH12452;BLADE;SV;1
BRH12453;BLADE;SV;4
BRH12454;BLADE;SV;4
BRH12948;WASHER;SV;1
BRH19171;BLADE;SV;1
BRH19995;CASE;AR;1
BRH19996;CASE;AR;1
BRH19997;CASE;AR;1
BRH19998;RING;SV;1
BRH20000;CASE;AR;1
BRH20003;CASE;AR;1
BRH20004;SHIELD;SV;1
BRH20340;RING;SV;1
BRH20581;CASE;AR;1
BRH20582;CASE;AR;1
BRR10073;SEAL;SV;1
BRR10306;PLATE;SV;2
BRR10307;PLATE;SV;7
BRR10309;PLATE;SV;9
BRR10311;PLATE;SV;12
BRR10427;WASHER;SV;12
BRR10428;WASHER;SV;37
BRR10429;WASHER;SV;39
BRR10430;WASHER;SV;1
BRR10435;WASHER;SV;11
BRR10436;WASHER;SV;16
BRR10439;WASHER;SV;19
BRR10439;WASHER;SV;20
BRR10440;WASHER;SV;3
BRR10445;WASHER;SV;9
BRR10446;WASHER;SV;21
BRR10447;WASHER;SV;25
BRR10448;WASHER;SV;27
BRR10530;ROD;SV;1
BRR10568;ROD;SV;1
BRR10569;ROD;SV;1
BRR10571;ROD;SV;1
BRR10572;ROD;SV;1
BRR10687;STRAINER;SV;1
BRR10710;PLUG;SV;3
BRR10724;BOLT;SV;4
BRR10737;BOLT;SV;4
BRR10737;BOLT;SV;4
BRR11871;RING;SV;1
BRR11872;RING;AR;1
BRR11896;DISC LPT STG 2;OH;1
BRR12033;RING;SV;1
BRR12045;HOUSING;SV;1
BRR12089;DOWEL;SV;1
BRR12090;PIN;SV;16
BRR12129;PLATE;SV;1
BRR12230;WASHER;SV;1
BRR12446;PLATE;SV;13
BRR12450;PLATE;SV;13
BRR12451;PLATE;SV;13
BRR12452;PLATE;SV;1
BRR12453;PLATE;SV;1
BRR12454;PLATE;AR;35
BRR12519;CONNECTR;SV;1
BRR12519;CONNECTR;SV;1
BRR12522;CONNECTR;SV;1
BRR12522;CONNECTR;SV;1
BRR12525;CONNECTR;SV;1
BRR12525;CONNECTR;SV;1
BRR12528;CONNECTR;SV;1
BRR12528;CONNECTR;SV;1
BRR12679;BEARING;SV;1
BRR12680;BEARING;SV;1
BRR12695;PLATE;SV;2
BRR12730;ROLLER;SV;40
BRR12731;CAGE;SV;1
BRR12777;RING;SV;1
BRR12803;BRACKET;SV;1
BRR12836;ROLLER;SV;40
BRR12837;CAGE;SV;1
BRR12916;BRACKET;SV;1
BRR12921;BRACKET;SV;1
BRR12927;ADAPTOR;SV;1
BRR12928;ADAPTOR;SV;1
BRR13020;BRACKET;SV;1
BRR13030;BRACKET;SV;1
BRR13031;BRACKET;SV;1
BRR13032;BRACKET;SV;1
BRR13036;BRACKET;SV;1
BRR13064;BRACKET;SV;8
BRR13065;BRACKET;SV;1
BRR13071;BRACKET;SV;1
BRR13074;BRACKET;SV;1
BRR13084;BRACKET;SV;1
BRR13154;PLATE;SV;12
BRR13258;PLATE;SV;28
BRR13330;PIN;SV;14
BRR13333;WASHER;SV;1
BRR13642;BRACKET;SV;1
BRR13643;BRACKET;SV;1
BRR13644;BRACKET;SV;1
BRR13646;BRACKET;SV;1
BRR13776;BRACKET;SV;1
BRR14330;NUT;SV;2
BRR14330;NUT;SV;2
BRR14330;NUT;SV;1
BRR14330;NUT;SV;1
BRR14330;NUT;SV;1
BRR14330;NUT;SV;3
BRR14375;TUBE, ASSY;SV;20
BRR14440;BUSHING;SV;7
BRR14533;SHIELD;SV;1
BRR14573;NUT;SV;1
BRR14593;WASHER;SV;1
BRR14604;WASHER;SV;1
BRR14605;WASHER;SV;1
BRR14605;WASHER;SV;1
BRR14605;WASHER;SV;1
BRR14606;WASHER;SV;22
BRR14606;WASHER;SV;1
BRR14606;WASHER;SV;1
BRR14660;BRACKET;SV;1
BRR14802;CLAMP;SV;2
BRR14807;WEIGHT;SV;2
BRR14923;BOLT;SV;4
BRR15133;PIN;SV;1
BRR15215;BRACKET;SV;1
BRR15217;BRACKET;SV;1
BRR15250;BRACKET;SV;1
BRR15319;SHIELD;SV;1
BRR15327;TUBE;SV;4
BRR15334;STUD;SV;2
BRR15334;STUD;SV;4
BRR15334;STUD;SV;2
BRR15334;STUD;SV;4
BRR15334;STUD;SV;3
BRR15334;STUD;SV;1
BRR15334;STUD;SV;2
BRR15334;STUD;SV;4
BRR15334;STUD;SV;2
BRR15364;BRACKET;SV;1
BRR15366;BRACKET;SV;1
BRR15371;BRACKET;SV;1
BRR15425;VANE;OH;1
BRR15493;SPINDLE;SV;1
BRR15493;SPINDLE;SV;1
BRR15510;PIPE;SV;1
BRR15510;PIPE;SV;1
BRR15535;DISC LPT STG 1;OH;1
BRR15603;TUBE;SV;1
BRR15607;TUBE;SV;1
BRR15743;BRACKET;SV;1
BRR15744;BRACKET;SV;4
BRR15745;BRACKET;SV;1
BRR15746;BRACKET;SV;6
BRR15748;BRACKET;SV;1
BRR15751;BRACKET;SV;1
BRR15753;BRACKET;SV;1
BRR15754;BRACKET;SV;1
BRR15773;ADAPTOR;SV;1
BRR15773;ADAPTOR;SV;1
BRR15778;NOZZLE;SV;1
BRR15786;BLADE, LP TURBINE;OH;96
BRR15787;PLATE;SV;15
BRR15789;WEIGHT;SV;1
BRR15813;LINK ASSY, FWD MOUNT;AR;1
BRR15813;LINK ASSY, FWD MOUNT;AR;1
BRR15813;LINK ASSY, FWD MOUNT;AR;1
BRR15813;LINK ASSY, FWD MOUNT;AR;1
BRR15833;LINK ASSY, REAR MOUNT;AR;1
BRR15833;LINK ASSY, REAR MOUNT;AR;1
BRR15833;LINK ASSY, REAR MOUNT;AR;1
BRR15833;LINK ASSY, REAR MOUNT;AR;1
BRR15939;BRACKET;SV;1
BRR15941;BRACKET;SV;1
BRR15943;BRACKET;SV;1
BRR15944;BRACKET;SV;4
BRR15947;BRACKET;SV;1
BRR16133;BRACKET;SV;1
BRR16142;BRACKET;SV;4
BRR16150;BRACKET;SV;1
BRR16195;BRACKET;SV;1
BRR16197;BRACKET;SV;1
BRR16199;CARRIER;SV;10
BRR16199;CARRIER;SV;6
BRR16200;BRACKET;SV;1
BRR16207;BRACKET;SV;1
BRR16208;BRACKET;SV;1
BRR16209;BRACKET;SV;1
BRR16211;BRACKET;SV;1
BRR16212;BRACKET;SV;1
BRR16213;BRACKET;SV;1
BRR16304;NUT;SV;4
BRR16360;BRACKET;SV;1
BRR16361;BRACKET;SV;1
BRR16361;BRACKET;SV;1
BRR16362;BRACKET;SV;1
BRR16371;VANE;OH;1
BRR16372;VANE;OH;6
BRR16526;RING;SV;1
BRR16527;RING;SV;1
BRR16531;RING;SV;1
BRR16543;VANE;SV;1
BRR16544;VANE;SV;1
BRR16753;BUSH;SV;3
BRR16757;BOBBIN;SV;7
BRR16758;ADAPTOR;SV;7
BRR16774;VANE, 2ND STG LPT;OH;20
BRR16801;DAMPER;SV;98
BRR16982;JOINT;SV;1
BRR16982;JOINT;SV;1
BRR16982;JOINT;SV;1
BRR17091;BRACKET ASSY;AR;2
BRR17108;SHIELD;SV;2
BRR17118;SPRING;SV;2
BRR17130;HOUSING;SV;1
BRR17161;BRACKET;SV;1
BRR17163;BRACKET;SV;2
BRR17166;BRACKET;SV;1
BRR17167;BRACKET;SV;1
BRR17249;SHIELD;SV;1
BRR17265;BRACKET;SV;1
BRR17322;BRACKET;SV;1
BRR17323;BRACKET;SV;1
BRR17324;BRACKET;SV;1
BRR17324;BRACKET;SV;1
BRR17328;BRACKET;SV;1
BRR17431;BRACKET;SV;1
BRR17431;BRACKET;SV;1
BRR17437;BRACKET;SV;1
BRR17473;HOUSING;SV;1
BRR17698;BOLT;SV;4
BRR17757;BRACKET;SV;3
BRR17757;BRACKET;SV;2
BRR17757;BRACKET;SV;2
BRR17832;BLADE;SV;5
BRR17832;BLADE;NE;2
BRR17832;BLADE;OH;48
BRR17917;PLATE;SV;3
BRR17921;RETAINER ASSY;AR;3
BRR17932;BRACKET;SV;1
BRR17936;RETAINER;SV;1
BRR17938;RETAINER;SV;2
BRR17939;SPACER;SV;17
BRR17941;PLATE;SV;1
BRR17942;RETAINER, SEAL;SV;1
BRR17947;BRACKET;SV;1
BRR17949;BRACKET;SV;1
BRR17952;ADAPTOR;SV;1
BRR17952;ADAPTOR;SV;1
BRR17974;TUBE;SV;1
BRR18131;BRACKET;SV;1
BRR18161;TUBE;SV;1
BRR18182;BAFFLE;SV;1
BRR18208;BRACKET;SV;4
BRR18209;BRACKET;SV;1
BRR18217;BRACKET;SV;1
BRR18235;TANK;SV;1
BRR18236;BRACKET;SV;1
BRR18237;BRACKET;SV;1
BRR18248;PLATE;SV;22
BRR18268;BRACKET;SV;2
BRR18269;BRACKET;SV;1
BRR18271;BRACKET;SV;1
BRR18271;BRACKET;SV;1
BRR18271;BRACKET;SV;1
BRR18271;BRACKET;SV;1
BRR18271;BRACKET;SV;1
BRR18272;BRACKET;SV;1
BRR18378;BRACKET;SV;1
BRR18401;BRACKET;SV;1
BRR18408;NOSE CONE ASSY;OH;1
BRR18417;PIN;SV;2
BRR18425;SHAFT;SV;1
BRR18426;NUT;SV;1
BRR18427;WASHER;AR;1
BRR18434;DUCT;SV;1
BRR18447;BRACKET;SV;1
BRR18495;HOUSING;SV;2
BRR18497;HOUSING;SV;2
BRR18592;BRACKET;SV;1
BRR18593;BRACKET;SV;1
BRR18614;SHIELD;SV;1
BRR18660;BRACKET;SV;1
BRR18665;BRACKET;SV;1
BRR18676;BRACKET;SV;1
BRR18778;HOUSING;SV;1
BRR18847;BRACKET;SV;1
BRR18898;RING;SV;2
BRR18965;VANE;SV;1
BRR18965;VANE;SV;1
BRR18976;BLADE;SV;1
BRR18977;BLADE;SV;1
BRR18981;BLADE;SV;1
BRR18981;BLADE;SV;1
BRR18981;BLADE;SV;1
BRR18985;BLADE;SV;1
BRR18985;BLADE;SV;3
BRR18985;BLADE;SV;4
BRR18985;BLADE;SV;5
BRR18985;BLADE;SV;3
BRR18985;BLADE;SV;4
BRR18985;BLADE;SV;5
BRR18993;BLADE;SV;28
BRR19142;SHIELD;AR;1
BRR19197;BRACKET;SV;1
BRR19258;SHIELD;SV;2
BRR19328;VANE;SV;1
BRR19385;VANE;SV;1
BRR19393;MANIFOLD;SV;1
BRR19396;MANIFOLD;SV;1
BRR19433;FILLER;SV;1
BRR19433;FILLER;AR;1
BRR19433;FILLER;AR;1
BRR19441;BRACKET;SV;1
BRR19456;TUBE;SV;1
BRR19477;BELLCRNK;SV;1
BRR19480;BELLCRNK;SV;1
BRR19482;BELLCRNK;SV;1
BRR19569;BRACKET;SV;1
BRR19606;DUCT;AR;1
BRR19612;SHAFT;AR;1
BRR19628;BRACKET;SV;1
BRR19633;BRACKET;SV;1
BRR19635;BRACKET;SV;1
BRR19636;BRACKET;SV;3
BRR19639;BRACKET;SV;1
BRR19662;PLATE;SV;1
BRR19663;PLATE;SV;1
BRR19681;PLATE;SV;1
BRR19686;BRACKET;SV;1
BRR19710;BRACKET;SV;1
BRR19713;BRACKET;SV;1
BRR19714;BRACKET;SV;1
BRR19715;SHIM;SV;1
BRR19726;BRACKET;SV;1
BRR19739;BRACKET;SV;2
BRR19740;BRACKET;SV;1
BRR19861;SPACER;SV;16
BRR19869;RING;SV;20
BRR19894;TUBE;SV;1
BRR19905;PLATE, SPREADER;SV;1
BRR19906;TUBE;SV;1
BRR19909;TUBE;SV;1
BRR19918;CHOCKING PAD;NE;18
BRR19918;CHOCKING PAD;NE;11
BRR19918;CHOCKING PAD;NE;10
BRR19922;PLATE;SV;2
BRR19946;ELBOW;SV;1
BRR19974;BLADE HPT (PRE-MOD);SC;64
BRR19974;BLADE HPT (PRE-MOD);SC;9
BRR19974;BLADE HPT (PRE-MOD);SV;16
BRR19974;BLADE HPT (PRE-MOD);SV;9
BRR20005;TUBE;SV;1
BRR20009;TUBE;SV;1
BRR20010;TUBE;SV;1
BRR20025;TUBE;SV;1
BRR20026;TUBE;SV;1
BRR20060;SHROUD;SV;1
BRR20070;TUBE;SV;1
BRR20072;TUBE;SV;1
BRR20085;BRACKET;SV;1
BRR20086;PLATE;SV;1
BRR20146;WASHER;SV;20
BRR20159;PLATE;SV;1
BRR20160;PLATE, SPREADER;SV;1
BRR20161;BRACKET;SV;1
BRR20194;BRACKET;SV;1
BRR20225;TUBE;SV;1
BRR20238;PLATE;SV;1
BRR20239;PLATE;SV;1
BRR20246;BRACKET;SV;1
BRR20271;BRACKET;SV;1
BRR20271;BRACKET;SV;1
BRR20274;NUT;SV;1
BRR20285;SEAL;SV;1
BRR20313;TUBE;AR;1
BRR20326;RING;SV;1
BRR20334;BRACKET;SV;1
BRR20334;BRACKET ASSY;AR;2
BRR20357;BLADE;SV;1
BRR20357;BLADE;SV;2
BRR20357;BLADE;SV;1
BRR20357;BLADE;SV;1
BRR20403;BRACKET;SV;4
BRR20450;BRACKET;SV;1
BRR20490;BRACKET;SV;1
BRR20491;BRACKET;SV;2
BRR20491;BRACKET;SV;1
BRR20539;TUBE;SV;1
BRR20578;PLATE;SV;1
BRR20592;BRACKET;SV;1
BRR20593;BRACKET;SV;1
BRR20594;BRACKET;SV;1
BRR20595;BRACKET;SV;1
BRR20596;BRACKET;SV;1
BRR20597;BRACKET;SV;1
BRR20599;NUT;SV;1
BRR20603;TUBE;SV;1
BRR20612;TUBE;SV;1
BRR20623;TUBE;SV;1
BRR20624;TUBE;SV;1
BRR20634;TUBE;SV;1
BRR20645;TUBE;SV;1
BRR20647;TUBE;SV;1
BRR20648;TUBE;SV;1
BRR20693;BRACKET;SV;3
BRR20694;BRACKET;SV;1
BRR20716;BRACKET;SV;1
BRR20733;SHIELD;SV;1
BRR20765;SHIELD;SV;1
BRR20786;PLATE;SV;16
BRR20804;PLATE;SV;1
BRR20811;BRACKET;SV;1
BRR20812;BRACKET;SV;1
BRR20813;BRACKET;SV;1
BRR20815;SHIELD;SV;1
BRR20843;RING;AR;1
BRR20864;MANIFOLD;SV;1
BRR20872;BRACKET;SV;1
BRR20875;BRACKET;SV;1
BRR20878;BRACKET;SV;1
BRR20880;BRACKET;SV;1
BRR20882;BRACKET;SV;1
BRR20893;SUPPORT;SV;8
BRR20894;BRACKET;SV;1
BRR20897;BRACKET;SV;1
BRR20974;FILTER;SV;1
BRR20977;ROD;SV;1
BRR20979;ROD;SV;1
BRR21031;HOUSING;SV;1
BRR21042;PIN;AR;8
BRR21045;HOUSING, ASSY,INSERTS;AR;1
BRR21047;HOUSING;SV;1
BRR21049;GEAR;SV;1
BRR21063;SPACER;SV;1
BRR21068;HOUSING ASSY;AR;1
BRR21088;SEAL;SV;1
BRR21092;BRACKET;SV;1
BRR21093;BRACKET;SV;1
BRR21159;BRACKET;SV;1
BRR21160;BRACKET;SV;1
BRR21174;BRACKET;SV;1
BRR21192;GUARD;SV;1
BRR21216;BRACKET;SV;1
BRR21283;BLADE;SV;2
BRR21350;VANE;OH;15
BRR21351;VANE;OH;1
BRR21391;BRACKET;SV;1
BRR21418;PLATE;SV;1
BRR21422;BRACKET;SV;1
BRR21426;BRACKET;SV;2
BRR21426;BRACKET;SV;1
BRR21427;BRACKET;SV;2
BRR21428;BRACKET;SV;1
BRR21429;BRACKET;SV;1
BRR21430;BRACKET;SV;6
BRR21431;BRACKET;SV;8
BRR21432;BRACKET;SV;2
BRR21440;BRACKET;SV;1
BRR21440;BRACKET;SV;1
BRR21440;BRACKET;SV;1
BRR21491;GEAR, BEVEL;SV;1
BRR21516;BLOCK;SV;1
BRR21528;SPACER;SV;1
BRR21528;SPACER;SV;1
BRR21529;SPACER;SV;1
BRR21529;SPACER;SV;1
BRR21529;SPACER;SV;1
BRR21539;SPACER;SV;1
BRR21540;SPACER;SV;1
BRR21540;SPACER;SV;1
BRR21540;SPACER;SV;1
BRR21541;SPACER;SV;1
BRR21600;PLATE;SV;1
BRR21625;HOUSING ASSY;AR;1
BRR21698;BRACKET;SV;1
BRR21703;BRACKET;SV;1
BRR21718;WASHER;AR;1
BRR21719;SEAL;AR;1
BRR21725;WASHER;SV;1
BRR21727;WASHER;SV;1
BRR21727;WASHER;SV;1
BRR21762;BRACKET;SV;1
BRR21802;PLATE;SV;1
BRR21823;DUCT;SV;1
BRR21845;LPC CASE ASSY- BR710 FAN HOUSING;AR;1
BRR21845;LPC CASE ASSY- BR710 FAN HOUSING;AR;1
BRR21845;LPC CASE ASSY- BR710 FAN HOUSING;AR;1
BRR21850;SUPPORT;SV;4
BRR21850;SUPPORT;SV;1
BRR21850;SUPPORT;SV;4
BRR21850;SUPPORT;SV;1
BRR21850;SUPPORT;SV;4
BRR21850;SUPPORT;SV;4
BRR21850;SUPPORT;SV;2
BRR21850;SUPPORT;SV;2
BRR21851;SUPPORT;SV;2
BRR21851;SUPPORT;SV;2
BRR21851;SUPPORT;SV;2
BRR21851;SUPPORT;SV;2
BRR21868;BRACKET;SV;1
BRR21869;BRACKET;SV;1
BRR21927;NOZZLE, ASSY OF,HPC;AR;1
BRR21937;BRACKET;SV;1
BRR21992;BRACKET;SV;1
BRR21994;SHIM;SV;1
BRR22008;DISC;OH;1
BRR22034;BRACKET;SV;1
BRR22035;BRACKET;SV;1
BRR22036;BRACKET;SV;1
BRR22075;CASE;AR;1
BRR22075;CASE;AR;1
BRR22078;HOUSING;SV;2
BRR22079;HOUSING;SV;1
BRR22079;HOUSING;SV;1
BRR22121;PLUG;SV;2
BRR22122;PLUG;SV;2
BRR22154;MANIFOLD;SV;1
BRR22156;MANIFOLD;SV;1
BRR22158;MANIFOLD;SV;1
BRR22163;TRUNNION ASSY, THRUST;AR;1
BRR22163;TRUNNION ASSY, THRUST;AR;1
BRR22184;TUBE;SV;1
BRR22186;TUBE;SV;1
BRR22189;TUBE;SV;1
BRR22190;TUBE;SV;1
BRR22192;TUBE;SV;1
BRR22194;TUBE;SV;1
BRR22195;TUBE;SV;1
BRR22196;TUBE;SV;1
BRR22199;TUBE;SV;1
BRR22200;TUBE;SV;1
BRR22201;TUBE;SV;1
BRR22202;TUBE;SV;1
BRR22203;TUBE;SV;1
BRR22206;TUBE;SV;1
BRR22207;TUBE;SV;1
BRR22208;TUBE;SV;1
BRR22209;TUBE;SV;1
BRR22210;TUBE;SV;1
BRR22211;TUBE;SV;1
BRR22212;TUBE;SV;1
BRR22213;TUBE;SV;1
BRR22218;TUBE;SV;1
BRR22221;TUBE;SV;1
BRR22222;TUBE;SV;1
BRR22223;TUBE;SV;1
BRR22224;TUBE;SV;1
BRR22225;TUBE;SV;1
BRR22227;TUBE;SV;1
BRR22230;TUBE;SV;1
BRR22231;TUBE;SV;1
BRR22232;TUBE;SV;1
BRR22233;TUBE;SV;1
BRR22234;TUBE;SV;1
BRR22237;TUBE;SV;1
BRR22238;TUBE;SV;1
BRR22239;TUBE;SV;1
BRR22240;TUBE;SV;1
BRR22241;TUBE;SV;1
BRR22242;TUBE;SV;1
BRR22243;TUBE;SV;1
BRR22245;TUBE;SV;1
BRR22246;TUBE;SV;1
BRR22247;TUBE;SV;1
BRR22248;TUBE;SV;1
BRR22249;TUBE;SV;1
BRR22250;TUBE, ASSY;SV;1
BRR22250;TUBE ASSY;AR;2
BRR22251;TUBE;SV;1
BRR22252;TUBE;SV;1
BRR22253;TUBE;SV;1
BRR22276;TUBE;SV;1
BRR22282;TUBE;SV;1
BRR22287;BRACKET;SV;1
BRR22289;BRACKET;SV;1
BRR22291;BRACKET;SV;1
BRR22292;PLATE;SV;1
BRR22299;BRACKET;SV;1
BRR22300;BRACKET;SV;1
BRR22301;TUBE;SV;1
BRR22303;BRACKET;SV;1
BRR22304;BRACKET;SV;1
BRR22305;BRACKET;SV;1
BRR22306;BRACKET;SV;1
BRR22307;BRACKET;SV;1
BRR22321;CASE, HPT;AR;1
BRR22323;BRACKET;SV;1
BRR22323;BRACKET;SV;1
BRR22331;BRACKET;SV;1
BRR22343;BRACKET;SV;1
BRR22345;BRACKET;SV;1
BRR22346;BRACKET;SV;1
BRR22354;BRACKET;SV;1
BRR22356;BRACKET;SV;2
BRR22362;SHIELD;SV;1
BRR22363;TUBE;SV;1
BRR22367;TUBE;SV;1
BRR22399;HARNESS;SV;1
BRR22474;PLATE;SV;1
BRR22626;FILLER, ASSY,FAN ANNULUS;SV;1
BRR22626;FILLER;SV;1
BRR22703;HOUSING, ASSY OF,OGV;SV;1
BRR22707;TUBE;SV;1
BRR22724;RING;SV;1
BRR23020;TUBE;SV;1
BRR23045;HARNESS;SV;1
BRR23046;HARNESS;SV;1
BRR23047;HARNESS;SV;1
BRR23061;PIPE;SV;1
BRR23099;RETAINER;AR;1
BRR23100;CARRIER;AR;1
BRR23111;STRIP;SV;1
BRR23112;STRIP;SV;1
BRR23222;BRACKET;SV;1
BRR23233;TUBE;SV;1
BRR23284;DOWEL;SV;2
BRR23359;TUBE;SV;1
BRR23363;TUBE;SV;1
BRR23410;BLADE HPT, 1ST STG;SC;4
BRR23410;BLADE HPT, 1ST STG;OH;67
BRR23410;BLADE HPT, 1ST STG;SV;35
BRR23410;BLADE HPT, 1ST STG;SC;1
BRR23504;HOUSING;AR;1
BRR23513;SHIELD;SV;1
BRR23514;SHIELD;SV;1
BRR23515;SHIELD;SV;1
BRR23516;SHIELD;SV;1
BRR23525;SHIELD;SV;1
BRR23525;SHIELD;SV;1
BRR23525;SHIELD;SV;1
BRR23525;SHIELD;SV;1
BRR23574;PIPE;SV;4
BRR23578;LINER;SV;19
BRR23592;DIGITAL, CONTROL, ENGINE, FIREBOX ASSY OF;AR;1
BRR23592;FIREBOX BASE;AR;1
BRR23595;COVER, FIREBOX LID ASSY OF;SV;1
BRR23595;FIREBOX LID;AR;1
BRR23604;PLATE, ASSY OF FRONT;AR;1
BRR23604;FRONT PLATE FIREBOX;AR;1
BRR23612;TUBE;SV;1
BRR23617;TUBE;SV;1
BRR23620;TUBE;SV;1
BRR23637;RING;SV;1
BRR23646;SEAL;SV;1
BRR23648;RING;SV;1
BRR23714;TUBE;SV;1
BRR23738;BRACKET;SV;1
BRR23740;BRACKET;SV;1
BRR23742;BRACKET;SV;1
BRR23744;BRACKET;SV;1
BRR23812;SHIELD;SV;20
BRR23838;RING;SV;1
BRR23839;RING;AR;1
BRR23842;RING;AR;1
BRR23843;RING;SV;1
BRR23844;RING;AR;1
BRR23845;RING;SV;1
BRR23870;PLUG;SV;2
BRR23914;SHAFT;AR;1
BRR23924;CONE;SV;1
BRR23932;FAIRING;SV;1
BRR23933;FAIRING;SV;1
BRR23934;FAIRING;SV;1
BRR23935;FAIRING;SV;1
BRR23950;BRACKET;SV;1
BRR23978;HARNESS;SV;1
BRR23979;HARNESS;SV;1
BRR23981;FAIRING FIXED LH;SV;1
BRR23982;FAIRING, FIXED, RH;SV;1
BRR23983;FAIRING;SV;1
BRR23984;FAIRING;SV;1
BRR23990;SUPPORT;SV;1
BRR23991;SUPPORT;SV;1
BRR23992;SUPPORT;SV;1
BRR23993;SUPPORT;SV;1
BRR23995;BRACKET;SV;8
BRR23996;BRACKET;SV;2
BRR23997;BRACKET;SV;1
BRR23998;BRACKET;SV;11
BRR24011;CHANNEL;SV;1
BRR24148;BEARING;SV;1
BRR24149;ATTENUTR;SV;3
BRR24161;TUBE;SV;1
BRR24179;HARNESS, ASSY OF, NL SPEED;SV;1
BRR24186;TUBE;SV;1
BRR24191;RETAINER;AR;1
BRR24192;FAIRING;SV;1
BRR24195;FAIRING;SV;1
BRR24198;FAIRING;SV;1
BRR24206;CASE;SV;1
BRR24207;BRACKET;SV;1
BRR24208;BRACKET;SV;1
BRR24229;SPINNER;AR;1
BRR24264;FAIRING;SV;1
BRR24265;FAIRING;SV;1
BRR24266;FAIRING;SV;1
BRR24267;FAIRING;SV;1
BRR24273;BRACKET;SV;1
BRR24284;BRACKET;SV;3
BRR24284;BRACKET;SV;2
BRR24300;DIAPHRGM;SV;1
BRR24301;DIAPHRGM;SV;1
BRR24302;DIAPHRGM;SV;1
BRR24303;DIAPHRGM;SV;1
BRR24316;RETAINER;SV;1
BRR24317;TUBE;SV;1
BRR24318;RING;SV;1
BRR24323;RING;SV;1
BRR24357;ROTOR ASSY HPC 7-10;OH;1
BRR24363;TUBE;SV;1
BRR24368;FAIRING;SV;1
BRR24416;PIN;SV;2
BRR24417;PAWL;SV;2
BRR24419;PLUG;SV;2
BRR24429;CASING;AR;1
BRR24435;SHAFT;SV;1
BRR24449;TUBE;SV;1
BRR24451;TUBE;SV;1
BRR24455;TUBE;SV;1
BRR24456;TUBE;SV;1
BRR24457;TUBE;SV;1
BRR24462;PLATE;SV;1
BRR24478;HOUSING, I/SCOPE, HP STG 2;SV;1
BRR24483;HARNESS;SV;1
BRR24494;CASE;OH;1
BRR24533;RING;SV;2
BRR24536;SHROUD;SV;2
BRR24545;SHAFT;AR;1
BRR24555;BRACKET;SV;1
BRR24569;LEVER;SV;40
BRR24573;LEVER;SV;64
BRR24573;LEVER;SV;50
BRR24573;LEVER;SV;32
BRR24584;BOLT;SV;20
BRR24589;ATTENUTR;SV;1
BRR24592;ATTENUTR;SV;1
BRR24596;SUPPORT, STRUT;SV;1
BRR24607;BRACKET;SV;1
BRR24648;TUBE;SV;1
BRR24651;BRACKET;SV;1
BRR24652;BRACKET;SV;1
BRR24653;BRACKET;SV;1
BRR24656;LINER;SV;19
BRR24713;COVER;SV;1
BRR24713;COVER;SV;1
BRR24713;COVER;SV;1
BRR24713;COVER;SV;1
BRR24714;COVER;SV;1
BRR24715;COVER;SV;1
BRR24715;COVER;SV;1
BRR24715;COVER;SV;1
BRR24732;COVER;SV;1
BRR24752;TUBE;SV;1
BRR24767;SHROUD;SV;9
BRR24836;TUBE;SV;1
BRR24837;TUBE;SV;1
BRR24838;TUBE;SV;1
BRR25671;ROTOR;SV;1
BRR25683;TUBE;SV;1
BRR25685;TUBE;SV;1
BRR40002;PLATE;SV;2
BRR40002;PLATE;SV;1
BRR40003;BRACKET;SV;5
BRR40003;BRACKET;SV;5
BRR40004;SHIM;SV;5
BRR40004;SHIM;SV;5
BRR40010;PIN ASSY;SV;1
BRR40010;PIN ASSY, MOUNT;AR;4
BRR40024;TUBE;SV;2
BRR40068;PLATE, TRUNNION BLANK;AR;2
BRR40304;CHANNEL;SV;1
BRR40362;BRACKET;SV;1
BRR40362;BRACKET;SV;1
BRR40362;BRACKET;SV;1
BRR40385;PIN;SV;24
BRR40442;BRACKET;SV;1
BRR40443;SUPPORT;SV;1
BRR40444;SUPPORT;SV;1
BRR40445;RING;SV;2
BRR40584;PIN;SV;8
BRR40599;SHIM;SV;1
BRR40672;PLATE;SV;1
BRR40674;HOUSING;SV;1
BRR40674;HOUSING;SV;1
BRR40674;HOUSING;SV;1
BRR40674;HOUSING;SV;1
BRR40675;HOUSING;SV;1
BRR40675;HOUSING;SV;1
BRR40675;HOUSING;SV;1
BRR40675;HOUSING;SV;1
BRR40675;HOUSING;SV;1
BRR40676;HOUSING;SV;1
BRR40676;HOUSING;SV;1
BRR40678;BUSH;SV;54
BRR40703;SHAFT;SV;1
BRR40708;SEAL;AR;1
BRR40715;TUBE;SV;1
BRR40716;TUBE;SV;1
BRR40830;HOUSING;SV;1
BRR40946;PLATE, SPREADER;SV;1
BRR40959;PLATE;SV;1
BRR41112;CARRIER;AR;1
BRR41130;BRACKET;SV;4
BRR41131;BRACKET;SV;2
BRR41133;SPACER;SV;1
BRR41133;SPACER;SV;1
BRR50049;RING;SV;1
BRR51150;HOUSING;SV;1
BRR51270;NUT, LOCKING;SV;1
BRR51411;SHIELD;SV;1
BRR51623;HOUSING;SV;1
BRR51635;HOUSING;SV;1
BRR51650;HOUSING;SV;1
BRR51666;PLUG;SV;1
BRR51681;PLUG;SV;1
BRR51726;PLUG;SV;1
BRR51750;BRACKET;SV;1
BRR51780;TUBE ASSY;SV;1
BRR51900;TUBE, ASSY;SV;2
BRR51915;TUBE ASSY;SV;4
BRR52036;CONNECTOR;SV;1
BRR52065;TUBE;SV;1
BRR52155;HOUSING;SV;1
BRR52161;SHAFT;SV;1
BRR52238;HOUSING;SV;1
BRR52310;RETAINER;SV;1
BRR52415;FILTER;SV;1
BRR52415;FILTER;SV;1
BRR52415;FILTER;SV;1
BRR52484;HOUSING;SV;2
BRR52485;HOUSING, OIL;SV;1
BTI600-102 C;BATTERY TEMPERATURE INDICATO;NE;1
BZ-2RQ1-A2;SWITCH;NE;2
C0120-016-0310S;SPRING;NE;4
C0360-045-1380;SPRING;NE;1
C0420-042-12505;SPRING;NE;4
C106-1;BUSHING;NE;2
C106-2;BUSHING;NE;2
C106-3;BUSHING;NE;1
C106-4;BUSHING;NE;1
C106-4;BUSHING;NE;1
C106-5;BUSHING;NE;1
C106-6;BUSHING;NE;1
C117-10;SHIM;NE;2
C117-11;SHIM;NE;2
C117-8;SHIM;NE;3
C130-1;SPACER;NE;2
C144873-2;HP VALVE;OH;1
C150-1;DROOP STOP;NE;2
C152-1;WASHER;NE;2
C20182000;NOSE WHEEL;OH;1
C20182000;NOSE WHEEL;OH;1
C22-0;KNOB;NE;5
C247-1;RAIN CAP;NE;2
C247-2;RAIN CAP;NE;2
C258-4;LINK ASSEMBLY;NE;2
C3-210P;DOOR LATCH CATCH;NE;7
C3-210P;DOOR LATCH CATCH;NE;3
C3-805;5LB GRABBER DOOR CATCH ASSY;NE;3
C4;VALVE CORE;NE;7
C4;VALVE CORE;NE;2
C400-9363;CONTACTOR;NE;1
C660501-0301;STANDBY COMPASS;NE;1
C966-2;SEAL;NE;1
CA1820-1;STUD;NE;2
CA18236-1;STUD;NE;78
CA1825;RING;NE;143
CA1826-1;RING,RETAINING;NE;10
CA1832-1;NUT;NE;49
CA1832-2;NUT, STUD, LIVE LOCK;NE;10
CA1832-3;STUD, CSK HD ;NE;10
CA2023-3;STUD;NE;6
CA2025;RING, RETAINING, LIVE LOCK ;NE;29
CB-P;LENS;NE;8
CB2100T6D C;STANDBY COMPASS;NE;1
CBS28-1;BATTERY, EMERGENCY;AR;1
CD400-B-011 C;DME INDICATOR;NE;1
CFE738-1-1B;ENGINE;SV;1
CH017;WASTE WATER LINE HEATER;AR;1
CH31713;IGNITOR;NE;1
CH31815-2;IGNITER;AR;2
CH31956;IGNITER, ENGINE;NE;1
CH31956;IGNITER, ENGINE;NE;1
CH34016-1;IGNITER PLUG;NE;4
CH34055;IGNITER IGNITION;SC;2
CH34055;IGNITER IGNITION;NE;4
CH34055;IGNITER IGNITION;NE;6
CH34055;IGNITER IGNITION;NE;1
CH34279B;IGNITER;NE;2
CH34659-3;IGNITER;SC;2
CH34659-3;IGNITER;SC;2
CH34659-3;IGNITER;SV;1
CH34659-3;IGNITER;SC;2
CH34682;IGNITER PLUG;NE;1
CH53399-06;LEAD  PT6;SC;1
CH92028 C;IGNITION EXCITER (CORE);NE;1
CH92028 C;IGNITION EXCITER (CORE);NE;1
CHARGE;CHARGE MOD FEE;NE;1
CHARGE - 8130 FORM FEE;CERT FEE - 8130;NE;1
CHARGE - AOG FEE;AOG FEE;NE;1
CHARGE - AOG FEE;AOG FEE;NE;1
CHARGE - AOG FEE;AOG FEE;NE;1
CHARGE - BANK CHARGE;BANK FEE CHARGE;NE;1
CHARGE - CC;CREDIT CARD CHARGE;NE;1
CHARGE - CORE ADD BILL;ADDITIONAL CORE BILL BACK;NE;1
CHARGE - CORE ADD BILL;ADDITIONAL CORE BILL BACK;NE;1
CHARGE - CORE ADD BILL;ADDITIONAL CORE BILL BACK;NE;1
CHARGE - CORE ADD BILL;ADDITIONAL CORE BILL BACK;NE;1
CHARGE - CORE ADD BILL;ADDITIONAL CORE BILL BACK;NE;1
CHARGE - CORE ADD BILL;ADDITIONAL CORE BILL BACK;OH;1
CHARGE - CORE ADD BILL;ADDITIONAL CORE BILL BACK;OH;1
CHARGE - CORE DEPOSIT;CORE DEPOSIT;NE;1
CHARGE - CORE DEPOSIT;CORE DEPOSIT;NE;1
CI-108-BCH-L A;VHF ANTENNA;NE;1
CLECLP-100;MOUNTING CLIP;NE;1
CM1524;LAMP;NE;1
CM2690H17;LOCKING RING;NE;4
CM2692-14J1S;PLUG;NE;2
CM2692-24J1S;BUTTON;NE;9
CM2692-24J2S;BUTTON;NE;8
CM2692-32J1S;BUTTON;NE;2
CM269228J1S;PLUG BUTTON ;NE;9
CM2791-1;SNAP RING;NE;25
CM2791-1;SNAP RING;NE;98
CM2791-1;SNAP RING;NE;49
CM2933-7;HTD PORT;NE;1
CM3224-3;NUT;NE;9
CM3578-1;INDICATOR ASSBY;NE;1
CM8GH005448-28;LAMP;NE;10
CMU5021;RHEOSTAT;NE;2
CMU5021;RHEOSTAT;NE;2
CN627-0073-001;BRACKET;OH;1
CN628-0007-005;W13 (Vibration Accelerometer) Harness;NE;1
CN628-0007-007;VIBRATION ACCELEROMTER;SV;1
CPDB32-1;KIT,CPD MLG REPACK(SEE COMME;NE;2
CR-7/8X41;BUSHING;NE;1
CR3212-5-07;CHERRY RIVETS PK/100;NE;50
CR3213-5-05;RIVET;NE;50
CR3213-5-05;RIVET;NE;50
CR3214-4-03;RIVET, CHERRYMAX;NE;25
CR3523-4-2;RIVET;NE;21
CR3524-4-02;RIVET;NE;24
CS-402-210;CAM SWITCH;NE;1
CS-402-210;CAM SWITCH;NE;1
CS-402-210;CAM SWITCH;NE;1
CS1;BEARING;NE;2
CS3981-290;CYLINDER, RECLINE;NE;1
CS601-3;SWITCH;NE;1
CTJ120E03D-513;TERM BLOCK;NE;3
CV41-14-2;PUMP;SV;1
D10036-04;FITTING;NE;3
D10036D06;PERMASWAGE UNION ALUM;NE;2
D115-1;BEARING;NE;6
D173-1;ROD END;NE;2
D22-011;CNTRL-BX;OH;1
D2397-10A;COOLER-OIL;AR;1
D2397-10A;COOLER-OIL;AR;1
D2397-10A;COOLER-OIL;AR;1
D25W343001-014;WINDOWSHIELD;AR;1
D852-2 A;SHROUD;NE;1
D97000-614 C;VALVE, HYDRAULIC SHUTOFF;NE;1
DA-27;LAMP, 28VDC, 75 WATT;NE;13
DA-27;LAMP, 28VDC, 75 WATT;NE;1
DA-27;LAMP, 28VDC, 75 WATT;NE;3
DAP00097-01;BRAKE ;AR;1
DAP00097-01;BRAKE ;AR;1
DAS2119-4;SEAL;NE;2
DC1C-D5RB;MICROSWITCH ;NE;3
DC550;CHARGING VALVE;AR;1
DEMA-9P;CONNECTOR;NE;3
DEMA-9S;CONNECTOR;NE;3
DHS1416-1;BOLT,CSK;NE;10
DHS1421-1-1/2DD;BOLT;NE;2
DHS1426-1DD;BOLT;NE;9
DHS1436-8-1/2EE;BOLT;NE;2
DHS1464-1-1-2E;BOLT;NE;6
DHS1464-3DD;SCREW;NE;29
DHS1465-1DD;BOLT;NE;10
DHS1472-4D;BOLT;NE;13
DHS1473-1-1-2D;bolt;NE;6
DHS1473-2-1/2D;BOLT DEEP 100 CSK;NE;16
DHS1473-2DD;BOLT;NE;12
DHS1473-2E;SCREW, DEEP 1000 CSK;NE;2
DHS1473-2EE;BOLT;NE;10
DHS1475-2D;BOLT;NE;4
DHS1475-3DD;BOLT;NE;1
DHS1475-4DD;BOLT;NE;4
DHS1650BB;SEAL ;NE;2
DHS1693B3D;BONDING STRAP;NE;2
DHS1729E;CIRCLIP;NE;1
DME-12;SOCKET;NE;7
DMN4-17-4;COUPLER;RP;1
DR5875;NOSE WHEEL TIRE;NE;1
DR5875;NOSE WHEEL TIRE;NE;1
DR5875;NOSE WHEEL TIRE;NE;1
DR5875;NOSE WHEEL TIRE;NE;1
DR5875;NOSE WHEEL TIRE;NE;1
DR5875;NOSE WHEEL TIRE;NE;1
DR9841T;MAIN WHEEL TIRE;NE;7
DSC71-3;NUT;NE;4
DSRP5FS464;BEARING W/ GREASE;NE;2
DT-2RV23-A7;SWITCH;NE;1
E22-55HX;SWITCH;NE;1
EA100118G;SOLENOID, VALVE;SV;1
EA100118G;SOLENOID, VALVE;AR;1
EB100420D;VALVE, BLEED;SV;1
EB100420D;VALVE, BLEED;SV;1
EB100420D;VALVE, BLEED;SV;1
ED100425C;PIPE;SV;4
EH58;RING;SV;1
EM4070-1 C;ACTUATOR;NE;1
ENGINE STAND;ENGINE STAND;SV;1
ENGINE STAND;ENGINE STAND;SV;1
ES064B36.0KM15.0;CABLE;NE;1
ES35429-1;DRIVE BELT, COMPRESSOR;NE;2
ES43030-5;BOTTLE, RECEIVER DRYER;NE;1
ES44010-2;PACKING;NE;3
ES44010-4;PACKING;NE;3
ES44012-2;PACKING;NE;3
ES44012-3;PACKING;NE;3
ES44012-4;PACKING;NE;3
ES57178-1;BINARY PRESSURE SWITCH;NE;2
ES73175-8;COCKPIT BLOWER ASSY;AR;1
F10A-5-SCH203-4;ACTUATOR ASSEMBLY;OH;1
F10J5R0;RESISTOR;NE;1
F222077;DUCT;NE;11
F3 1/2T6;DZUS STUD;NE;4
F7-183-1;LED BULB;NE;1
F8T5/WW;GE LIGHT;NE;2
FD104CV-LP;LCD;RP;1
FD932DVD-BLU-2;BLU-RAY/DVD PLAYER;AR;1
FE511-1;BALL CATCH;NE;5
FEN118;GAS SPRING;AR;1
FG3500-800 A;CONTROL HANDLE;NE;1
FGFB09020002;BLACK BOARDER NO STEP OUTSID;NE;1
FK15131;NUT;AR;1
FK31307-26;COUPLING, QUICK DISCONNECT;NE;1
FK31307-41;COUPLING, QUICK DISCONNECT ;NE;1
FM01A125V-1/2A;FUSE;NE;1
FR2210-2;SMOKE DETECTOR ;AR;1
FREIGHT;FREIGHT CHARGE;NE;1
FW26701;VANE;AR;1
FW27696;DUCT, VENT;SV;1
FW28716;VANE, LPC OUTLET GUIDE ASSY;AR;1
FW31863;PAWL;AR;1
FW32280;FAIRING;SV;1
FW33513;FAN BLADE;OH;1
FW33513;FAN BLADE;AR;1
FW33513;FAN BLADE;AR;1
FW33513;FAN BLADE;OH;1
FW33513;FAN BLADE;OH;1
FW33513;FAN BLADE;OH;1
FW33513;FAN BLADE;OH;1
FW33513;FAN BLADE;OH;1
FW33513;FAN BLADE;OH;1
FW33513;FAN BLADE;OH;1
FW33513;FAN BLADE;OH;1
FW33513;FAN BLADE;OH;1
FW33513;FAN BLADE;OH;1
FW33513;FAN BLADE;OH;1
FW33513;FAN BLADE;OH;1
FW33513;FAN BLADE;OH;1
FW33513;FAN BLADE;OH;1
FW33513;FAN BLADE;OH;1
FW33513;FAN BLADE;OH;1
FW33513;FAN BLADE;OH;1
FW33513;FAN BLADE;OH;1
FW33513;FAN BLADE;OH;1
FW33513;FAN BLADE;OH;1
FW33513;FAN BLADE;OH;1
FW33513;FAN BLADE;OH;1
FW33604;BRACKET;SV;1
FW34375;CAP;SV;4
FW35997;NOZZLE;SV;1
FW77117;ANNULUS FILTER ;NE;2
G0110;SWITCH;NE;1
G1002720042-049;CHALLENGER 300 RIG PIN KIT;SV;1
G243D;BATTERY (SEE G243);NE;1
G25;BATTERY, GILL (2QT ACID REQ';NE;1
G600-070001-1;PAD ASSY, JACKING ;SV;3
G600-100001-11;FLAG - REMOVE BEFORE FLIGHT;NE;6
G600-100031-113;ICE DETECTOR COVER;NE;2
G601R101205-1;ICE DETECTION PROBE PROTECTOR;NE;1
GC331-0001-11;WINDSHIELD (LH);AR;1
GC331-0001-13;LH WINDSHIELD;NE;1
GC331-0001-13;LH WINDSHIELD;NE;1
GC331-0001-14;WINDSHEILD, RH;NE;2
GC481-0100-9;LINE ASSY, OXYGEN SENSE ;NE;1
GC584-1001-4;CONTROLLER, WINDSHIELD TEMPERATURE;OH;1
GC598-0901-001;HARNESS PMAT CABLE LOOM;SV;1
GC639-0012-1;SELECTOR VALVE ;AR;1
GE1309;BULB;NE;3
GE1385;LAMP;NE;10
GE1619;LAMP;NE;3
GE1619;LAMP;NE;10
GE303;BULB;NE;14
GE305;LAMP;NE;9
GE305;LAMP;NE;11
GE307;LIGHT BULBS;NE;14
GE309;BULB;NE;5
GE356;LAMP;NE;7
GE5108WW;GENERAL ELECTRIC;NE;5
GE53;LAMP;NE;16
GE81;LAMP;NE;7
GE94;LAMP;NE;10
GG436-1001-7;VALVE, SHUTOFF, HIGH PRESSURE BLEE;AR;1
GG436-1001-7;VALVE, SHUTOFF, HIGH PRESSURE BLEE;AR;1
GG436-1002-3;VALVE ASSY, CHECK INTERMEDIATE PRESSURE;AR;1
GG436-1002-3;VALVE ASSY, CHECK INTERMEDIATE PRESSURE;AR;1
GG436-1003-9;VALVE, REGULTNG & SHUTOFF, BLEED P;AR;1
GG436-1018-1;TRANSDUCER ASSY, IP PRESSURE;AR;1
GG436-1018-1;TRANSDUCER ASSY, IP PRESSURE;AR;1
GG436-2033-1;PRESSURE SENSOR ;AR;1
GL511-1103-1;GENERATOR, VARIABLE FREQ, AC (40 K;AR;1
GL511-1103-1;GENERATOR, VARIABLE FREQ, AC (40 K;AR;1
GL511-1103-3;GENERATOR, VARIABLE FREQ, AC (40 K;AR;1
GL511-2301-5;BATTERY, APU;NE;1
GMW-2A;FUSE;NE;5
GMW-2A;FUSE;NE;6
GP422-1501-10;FUEL PROBE;AR;1
GP422-1501-10;FUEL PROBE;AR;1
GP422-1501-12;FUEL PROBE;AR;1
GP422-1501-14;FUEL PROBE;AR;1
GP422-1501-5;PROBE;AR;1
GP422-1501-5;PROBE;AR;1
GP422-1501-6;PROBE;AR;1
GP422-1501-7;FUEL PROBE;AR;1
GP422-1501-8;FUEL PROBE;AR;1
GP422-1501-8;FUEL PROBE;AR;1
GT411-6002-3;ACTUATOR, GROUND SPOILER;OH;1
GT415-5300-3;RESOLVER ;AR;1
GTCP36-100E;APU;AR;1
GTCP36-100E;APU;SV;1
GYN145;NUT;NE;7
GYS225P128 S;BRAKE BOLT;NE;3
GYS225P128 S;BRAKE BOLT;NE;4
H10670-10;SPIGOT MAINTENANCE KIT;NE;3
H2311-1;LATCH;NE;1
H5000-2-091-196;LATCH;NE;1
H5000-2-091-196;LATCH;NE;1
H512A1;SENSOR;AR;1
H60XWC0401-01;CONTAINER ASSY, WATER;AR;1
HFE4M;ROD END;NE;1
HG2010AC02;AHRS;AR;1
HL-0003-16;SPIGOT;NE;1
HL-0010-5;LATCH ASSEMBLY;NE;1
HL-0010-5;LATCH ASSEMBLY;NE;1
HL-0010-5;LATCH ASSEMBLY;NE;1
HL-0010-5;LATCH ASSEMBLY;NE;1
HL18P-6-18;FASTENER;NE;1
HL18PB5-4;PIN;NE;18
HL19PB5-6;PIN;NE;5
HL40-4-3;PIN;NE;10
HL40-4-4;PIN;NE;8
HL41-5-4;PIN;NE;3
HL70-5;COLLAR;NE;43
HL86-5;COLLAR;NE;6
HL97-4;COLLAR;NE;20
HS;WIRE LABEL;SV;1
HS7838200-43;BLOCK;NE;4
HSP115B062-350;PIN;NE;1
HSP115B062-350;PIN;NE;1
HST1094DU-5;COLLAR, HI-LITE;NE;4
HUMS-1022;MODEL 1022 HUMS PROCESSOR;NE;1
HUMS-K-096-1;HARNESS + SENSOR KIT;NE;1
HWA-AF;KNOB, FUSEHOLDER;NE;1
HWA-AF;KNOB, FUSEHOLDER;NE;1
HWA-AF;KNOB, FUSEHOLDER;NE;1
IFR485-05-2;IR RECIEVER;NE;1
IP-11471-17;PLATE, ENGRAVING ;SV;2
IP-11471-7;PLATE, BACKING;SV;4
J1220G12;LUG;NE;1
J1220G16;CLAMP;NE;1
J1423;PIPE SCREEN;NE;1
J221P009;PACKING;NS;2
J221P018;PACKING;NE;2
J221P115;PACKING;NE;5
J221P116;LUG;NE;3
J228P158;PACKING ;NE;2
J228P216;PACKING ;NE;4
J228P216;PACKING ;NE;2
J228P216 O-RING;O-RING;NE;14
J643P07B;BOLT;SV;2
J644P11B;BOLT;SV;8
JB-CCITX A;JET BED;NE;1
JB-CENC A;JET BED;NE;1
JC-J2A;RELAY        650X;NE;2
JR28878;DISC;AR;1
JR28879A;DISC;AR;1
JR32318A;DISC;AR;1
JR32320A;DISC;AR;1
JR34448;SPINNER ASSY;AR;1
JSSI PARTS - DPJ PO;JPPO000116;AR;1
JT15D-5;ENGINE;PO;1
JT15D-5;ENGINE;PO;1
JT15D-5;ENGINE;PO;1
JT15D-5;ENGINE;PO;1
JT15D/100HR;KIT;NE;2
JV-20;ACTUATOR;NE;1
JV-26;ACTUATOR;NE;2
K98H76-603;FUEL CAP ;NE;1
K9910301-31;ELBOW EXHAUST;NE;1
KA1204P;BUSHING;NE;1
KPC3-480-325;COVER PROTECTOR, PITOT TUBE;SV;5
KPC3-825-65;COVER: PITOT PROBE,KEVLAR,;NE;1
KPC3-825-65;COVER: PITOT PROBE,KEVLAR,;SV;5
KRP562-4BT2S;CAM FOLLOWER;NE;1
KRP562-4BTA22S;CAM FOLLOWER;NE;1
KUP11D55-24;RELAY;NE;1
L10-611-14;ANTENNA TRANSPONDER;NE;1
L110B-LJ3-18A;LIGHT BULB;NE;1
L305619-20629;CUP, BEARING;NE;2
L305649-2-629;BEARING, CONE;NE;2
L507949-20629;OUT BEARING;NE;1
L610510-2-629;CUP, BEARING;NE;2
L610549-2-629;CONE & ROLLERS, BEARING, MAIN WHEE;NE;4
L610549-20629;CONE INNER BEARING;NE;1
LDS10-01-47-1-W-240;DIVERTER;NE;1
LDS10-01-47-W-22.0;DIVERTER STRIP;NE;1
LE-037D-6-S;SPRING, EXTENSION;NE;2
LJ7836704-17;CONTROL BOX ASSY, T/R;AR;1
LM3650-8;MODULE, LAMP, LED;NE;4
LM501349-20629;BEARING: CONE,ROLLER,TAPERED;NE;4
LM613449;BEARING;AR;1
LN9348-10;SELF LOCKING NUT;NE;20
LOT PO;LOT PO;SV;1
LOT PO;LOT PO;SV;1
LOT PO;LOT PO;AR;1
LR47000C;PUMP, OIL UNIT;AR;1
LT-46C;CONVERTER;NE;1
LT-48(G) S;POWER SUPPLY;NE;1
LT-50A;POWER CONVERTER;RP;1
LW2014;LIGHTING WEDGE;NE;1
LW2014;LIGHTING WEDGE;NE;1
LW25-1-25;BOLT;NE;2
LW3122-L3C0-B;SWITCH;NE;1
LW3122-L3C0-B;SWITCH;NE;1
LW3122-L3C0-B;SWITCH;NE;1
M06201;TIRE;AR;1
M091869;FILTER ELEMENT;NE;1
M091870;FILTER;NE;1
M13301;TIRE;NE;1
M14401;TIRE - MICH 26X6.6 R/14-1;NE;1
M14401;TIRE - MICH 26X6.6 R/14-1;NE;1
M25516/20-03-04;PLUG;NE;2
M25988-1-010;PACKING;NE;18
M25988-1-116;ORING;NE;2
M25988-1-134;PACKING;NE;2
M25988-1-138;PACKING;NE;1
M25988-1-160;ORING;NE;2
M25988-1-212;PACKING;NE;48
M25988-1-212;PACKING;NE;4
M25988-1-331;ORING;NE;1
M25988-1-912;PACKING;NE;2
M25988-1-916;ORING: FLUOROSILICONE,70A,;NE;48
M25988-1-916;ORING: FLUOROSILICONE,70A,;NE;4
M25988-1-928;ORING;NE;4
M25988-2-138;PACKING;NE;1
M25988-2-904;ORING;NE;8
M25988/1-010;PACKING;NE;9
M25988/1-010;PACKING;NE;50
M25988/1-138;PACKING;NE;9
M25988/1-152;PACKING;NE;2
M25988/1-152;PACKING;NE;1
M25988/1-214;PACKING;NE;6
M25988/1-233;ORING;NE;8
M25988/1-238;PACKING;NE;3
M25988/1-902;PACKING;NE;3
M25988/1-928;PACKING;NE;1
M25988/1-928;PACKING;NE;2
M25988/1-928;PACKING;NE;5
M25988/3-372;PACKING;NE;1
M25988/4-230;O-RING;NE;4
M2742640111D;SNAP RING;NE;4
M2742640111D;SNAP RING;NE;1
M39029/22-192;CONTACT SPLICE;NE;25
M39029/58-363;CONTACT;NE;41
M45932/1-9CL;INSERT;NE;1
M5071A;AED PAD;NE;1
M6106/19-012(SD);RELAY;NE;1
M677;GASKET;NE;21
M81714/12-20D2;SPLICE;NE;1
M81714/63-20S;TERMINAL BLOCK CONNECTOR;NE;1
M81714/65-20-2;CONNECTOR;NE;2
M81934-2-04A008;BUSHING;NE;8
M81935-2-3L;BEARING;SV;1
M81935/1-5K;BEARING;NE;2
M83248-1-008;PACKING;NE;24
M83248-1-126;PACKING;NE;3
M83248-1-126;PACKING;NE;1
M83248-1-126;PACKING;NE;1
M83248-1-136;PACKING;NE;2
M83248-1-212;PACKING;NE;24
M83248-1-212;PACKING;NE;1
M83248-1-212;PACKING;NE;23
M83248-1-912;PACKING;NE;1
M83248/1-008;PACKING;NE;23
M83248/1-010;PACKING;NE;2
M83248/1-014;PACKING;NE;24
M83248/1-019;PACKING;NE;2
M83248/1-019;PACKING;NE;1
M83248/1-019;PACKING;NE;3
M83248/1-040;PACKING;NE;25
M83248/1-110;PACKING;NE;4
M83248/1-110;PACKING;NE;48
M83248/1-111;HIGH TEMP RUBBER ORING;NE;96
M83248/1-113;PACKING;NE;6
M83248/1-113;PACKING;NE;8
M83248/1-113;PACKING;NE;9
M83248/1-114;PACKING;NE;24
M83248/1-124;PACKING;NE;4
M83248/1-126;PACKING;NE;1
M83248/1-126;PACKING;NE;1
M83248/1-128;PACKING;NE;1
M83248/1-138;PACKING;NE;3
M83248/1-140;PACKING;NE;8
M83248/1-140;PACKING;NE;9
M83248/1-142;PACKING;NE;3
M83248/1-210;PACKING;NE;8
M83248/1-210;PACKING;NE;25
M83248/1-213;PACKING;NE;19
M83248/1-214;PACKING;NE;8
M83248/1-226;PACKING;NE;5
M83248/1-227;PACKING;NE;1
M83248/1-228;PACKING;NE;8
M83248/1-228;PACKING;NE;1
M83248/1-240;PACKING;NE;2
M83248/1-241;PACKING;NE;10
M83248/1-904;PACKING;NE;9
M83248/1-905;PACKING;NE;24
M83248/1-905;PACKING;NE;4
M83248/1-906;PACKING;NS;23
M83248/1-906;PACKING;NE;50
M83248/1-907;PACKING;NE;11
M83248/1-908;PACKING;NE;1
M83248/1-908;PACKING;NE;2
M83248/1-910;PACKING;NE;14
M83248/1-912;PACKING;NE;4
M83248/1-912;PACKING;NE;9
M83248/1-912;PACKING;NE;1
M83248/2-905;PACKING;NE;6
M83248/2-905;PACKING;NE;46
M83287/01-33;INDICATOR ;AR;1
M83461-1-229;PACKING;NE;7
M83461/1-013;PACKING;NE;5
M83461/1-013;PACKING;NE;6
M83461/1-016;PACKING;NE;23
M83461/1-016;PACKING;NE;8
M83461/1-028;PACKING;NE;12
M83461/1-114;PACKING;NE;10
M83461/1-117;PACKING;NE;20
M83461/1-130;PACKING;NE;4
M83461/1-135;O-RING;NE;4
M83461/1-136;ORING;NE;2
M83461/1-235;PACKING;NE;2
M83461/1-267;ORING;NE;24
M83461/1-267;ORING;NE;24
M83461/1-269;PACKING;NE;4
M83461/1-275;O-RING;NE;11
M83461/1-275;O-RING;NE;12
M83461/1-330;ORING;NE;14
M83461/1-335;PACKING;NE;10
M83461/1-378;O-RING;NE;10
M83461/2-904;PACKING, O-RING;NE;10
M83461/2-906;PACKING, PREFORMED, O-RING;NE;23
M83461/2-906;PACKING, PREFORMED, O-RING;NE;24
M83461/2-906;PACKING, PREFORMED, O-RING;NE;24
M83461/2-908;O-RING;NE;9
M83461/2-910;PACKING;NE;9
M83485-1-007;PACKING;NE;12
M83485-1-146;PACKING PREFORMED;NE;2
M83485-1-214;PACKING;NE;20
M83536-32-005L;RELAY;NE;1
M83536/10-022M;RELAY 10 AMP 2 PDT;NE;1
M83536/10-022M;RELAY 10 AMP 2 PDT;NE;1
M83536/10-024M;RELAY;NE;2
M83536/16-022M;RELAY 4POLE 10AMP;NE;2
M83536/9-024M;RELAY;NE;1
M83536/9-024M;RELAY;NE;1
M83536126-002L;RELAY;NE;1
M8356/6-025;RELAY;NE;1
M85049/47W8;90 DEGREE CLAMP;NE;2
M85052-2-8;CLAMP;NE;1
M877 C;CLOCK;NE;1
MB2011SS1W01-CB;LIGHT SWITCH;NE;1
MC09780;CABLE;NE;9
MC09780;CABLE;NE;1
MC09780-00;CABLE, WIRE, SEAT ADJUST;NE;1
MF10-03-12 C;MACK;NE;1
MHJ4003 A;STARTER;NE;1
MINILTCH/BP;MINI LATCH;NE;3
MISC;MISC;0;1
MISC;MISC;SV;1
MISC;MISC;SV;1
MISC;MISC;SV;1
ML7512-12;BULB;NE;1
MLW3012-28RD-2A;SWITCH;NE;1
MLW3023-28RD-2A;SWITCH;NE;2
MM65-89;CLAMP;NE;1
MN101-20;SLEEVE;NE;2
MPA31792;SEAL;NE;1
MPG-106F;SWITCH;NE;2
MS14102-4;BEARING;NE;2
MS14104-4;BEARING;NE;2
MS14145L6;NUT;NE;24
MS14154-5;CIRCUIT BREAKER;NE;1
MS15570-81;LAMP;NE;6
MS16562-37;PIN;NE;10
MS16562-38;PIN;NE;500
MS16562-43;PIN;NS;19
MS16562-45;SLOTTED PIN;NS;6
MS16624-1037;RETAINER;NE;15
MS16624-1037;RETAINER;NE;6
MS16624-1037;RETAINER;NE;28
MS16624-1037;RETAINER;NE;99
MS16624-2062;RETAINING RING;NE;8
MS16624-4031;RETAINER;NE;9
MS16624-5018-1;RETAINER;NE;2
MS16625-4037;RETAINER;NE;4
MS16632-1037;RETAINER;NE;26
MS17732-3A;STUD ASSEMBLY KIT;NE;5
MS17825-3;NUT;NE;9
MS17825-4;NUT, HEX, SELF LOCKING, CASTELLATE ;NE;15
MS17825-4;NUT, HEX, SELF LOCKING, CASTELLATE ;NE;1
MS17825-4;NUT, HEX, SELF LOCKING, CASTELLATE ;NE;24
MS17825-4;NUT, HEX, SELF LOCKING, CASTELLATE ;NE;10
MS17825-4;NUT, HEX, SELF LOCKING, CASTELLATE ;NE;10
MS17825-5;NUT;NE;13
MS17825-5;NUT;NE;9
MS17825-6;NUT;NE;8
MS17826-12;NUT 5678A;NE;9
MS17826-12;NUT 5678A;NE;9
MS17826-12;NUT 5678A;NE;4
MS17826-12;NUT 5678A;NE;18
MS17826-4;NUT;NE;95
MS17826-4;NUT;NE;10
MS17826-6;NUT;NE;9
MS17826-8;NUT;NE;2
MS17826-8;NUT;NE;3
MS19060-4822;BALLKIT;SV;1
MS19060-4824;BALL BEARING;AR;1
MS20253P2-1380L;HINGE PIN;NE;1
MS20392-1C11;PIN;NE;6
MS20392-2C37;PIN;NE;23
MS20392-3C51;PIN;NE;3
MS20426AD3-6;RIVET;NE;1
MS20913-3;PLUG;NE;1
MS21042-08;NUT;NE;97
MS21042-08;NUT;NE;100
MS21042-5;NUT;NE;23
MS21043-3;NUT;NE;10
MS21044N3;NUT;NE;96
MS21044N5;NUT;NE;10
MS21051L3;NUT PLATE;NE;10
MS21059L06;NUT;NE;40
MS21059L08;NUT;NE;30
MS21060-08K;NUT PLATE;NE;4
MS21060L4;NUT;NE;2
MS21075L3N;NUT;NE;10
MS21075L3N;NUT;NE;24
MS21076L08N;NUT;NE;4
MS21083N3;NUT;NE;99
MS21083N5;NUT;NE;24
MS21083N5;NUT;NE;49
MS21209F1-10;INSERT;NE;1
MS21243S3;BEARING;SV;1
MS21250-06044;BOLT;NE;10
MS21256-1;CLIP;NE;54
MS21256-2;CLIP;NE;71
MS21258C32;WASHER;NE;3
MS21340-04;NUT;NE;1
MS21902J4;UNION;NE;8
MS21919WCH12;CLAMP;AR;1
MS21919WCH13;CLAMP;NE;2
MS21919WCH16;CLAMP;NE;4
MS21919WCH20;CLAMP;NE;7
MS21919WCJ12;CLAMP;NE;4
MS21919WDG10;CLAMP;NE;10
MS21919WDG12;CLAMP;NE;4
MS21919WDG12;CLAMP;NE;10
MS21919WDG13;CLAMP;NE;8
MS21919WDG14;CLAMP;NE;1
MS21919WDG18;CLAMP;NE;6
MS21919WDG19;CLAMP;NE;7
MS21919WDG20;CLAMP;NE;8
MS21919WDG21;CLAMP;NE;8
MS21919WDG35;CLAMP;NE;1
MS21919WDG6;CLAMP;NE;11
MS21919WDG8;CLAMP;NE;9
MS21919WH6;CLAMP;NE;27
MS21919WH7;CLAMP;NE;43
MS24166D2;RELAY;NE;1
MS24392J4;NIPPLE;NE;1
MS24524-21;SWITCH;NE;2
MS24524-30;SWITCH;NE;1
MS24585C3;SPRING;NE;2
MS24585C37;SPRING;NE;2
MS24586-44;SPRING;NE;2
MS24586C148;SPRING SEC LATCH;NE;1
MS24659-21A;SWITCH;NE;2
MS24665-132;PIN;NE;98
MS24665-132;PIN;NE;97
MS24665-134;PIN;NE;100
MS24665-134;PIN;NE;100
MS24665-134;PIN;NE;190
MS24665-134;PIN;NE;100
MS24665-136;PIN;NE;110
MS24665-136;PIN;NE;100
MS24665-151;PIN;NE;93
MS24665-153;PIN;NE;100
MS24665-153;PIN;NE;6
MS24665-153;PIN;NE;58
MS24665-153;PIN;NE;100
MS24665-155;PIN;NE;89
MS24665-170;PIN;NE;98
MS24665-283;PIN;NE;98
MS24665-287;PIN;NE;97
MS24665-302;PIN;NE;95
MS24665-302;PIN;NE;100
MS24665-302;PIN;NE;95
MS24665-353;COTTER PIN;NE;140
MS24665-353;COTTER PIN;NE;138
MS24665-353;COTTER PIN;NE;99
MS24665-355;PIN;NE;98
MS24665-357;COTTER PIN;NE;198
MS24665-357;COTTER PIN;NE;170
MS24665-357;COTTER PIN;NE;98
MS24665-372;PIN;NE;95
MS24665-376;PIN;NE;83
MS24665-377;PIN;NE;96
MS24665-71;PIN;NE;98
MS24665-86;PIN;NE;94
MS24693-C2;SCREW;NE;47
MS24693-NB27;SCREW;NE;21
MS24693-S26;SCREW;NE;87
MS24693-S28;SCREW;NE;10
MS24693-S4;SCREW;NE;100
MS24693-S5;SCREW;NE;49
MS24693-S52;SCREW;NE;97
MS24693C48;FUEL SCREW;NE;89
MS24693C48;FUEL SCREW;NE;36
MS24693C50;SCR;NE;80
MS24693S2;SCREW;NE;99
MS24693S23;SCR;NE;24
MS24693S25;SCREW;NE;98
MS24693S28;SCREW;NE;89
MS24694-C53;SCREW;NE;95
MS24694-S63;SCREW;NE;44
MS24694C6;SCREW;NE;100
MS24694S10;SCREW ,COUNTERSUNK #8X27/32;NE;90
MS24694S50;SCREW;NE;92
MS24694S52;SCREW;NE;100
MS24694S52;SCREW;NE;74
MS25041-7-327;LIGHT ASSY VENT OPEN DS2;NE;1
MS25041-8-327;LIGHT (T);NE;1
MS25068-21;SWITCH;NE;1
MS25068-21;SWITCH;NE;1
MS25083-1BB7;BONDING JUMPER;NE;1
MS25083-2AA6;JUMPER ASSY.;NE;4
MS25083-2AA6;JUMPER ASSY.;NE;2
MS25083-2AA6;JUMPER ASSY.;NE;7
MS25083-2AB7;BONDING JUMPER STRAP;NE;9
MS25083-2AB7;JUMPER;NE;8
MS25083-2AB7;BONDING JUMPER STRAP;NE;8
MS25083-2AB8;JUMPER;NE;8
MS25083-2BB12;JUMPER A;NE;9
MS25083-2BB23;JUMPER;NE;2
MS25083-2BB23;JUMPER;NE;1
MS25083-2BB3;JUMPER;NE;9
MS25083-2BB4;JUMPER;NE;6
MS25083-2BB4;JUMPER;NE;9
MS25083-2BB5;JUMPER;NE;8
MS25083-2BB6;JUMPER;NE;5
MS25083-2BB8;JUMPER;NE;6
MS25083-2BC4;JUMPER;NE;2
MS25083-2BC4;JUMPER;NE;5
MS25083-2BC5;ELECTRIC JUMPER 5PK;NE;7
MS25083-2BC5;ELECTRIC JUMPER 5PK;NE;4
MS25083-2BC5;ELECTRIC JUMPER 5PK;NE;10
MS25083-2BC5;ELECTRIC JUMPER 5PK;NE;7
MS25083-2BC6;JUMPER;NE;2
MS25083-2BC6;JUMPER;NE;23
MS25083-2BD6;BOND JUMPER;NE;3
MS25083-2CC7;JUMPER A 258A;NE;6
MS25083-2RB14;JUMPER;NE;4
MS25083-3BB8;BONDING JUMPER;NE;7
MS25083-5BB4;BOND STRAP;NE;23
MS25083-5BB6;JUMPER;NE;4
MS25083-7BB8;JUMPER;NE;2
MS25083-7BC4;JUMPER ASSY.;NE;1
MS25171-1S;NIPPLE;NE;8
MS25171-3S;NIPPLE;NE;6
MS25182-2/QD;BATTERY CONNECTOR;NE;1
MS25231-313;LAMP;NE;6
MS25253-1;SWITCH;NE;4
MS25253-1;SWITCH;NE;1
MS25338-7079;LAMP  (USE WA7079B24);NE;5
MS26574-2;CIRCUIT BREAKER;NE;1
MS27039-0805;SCREW;NE;100
MS27039-0811;SCREWS PK OF 100;NE;100
MS27039-0814;SCREW, PAN HEAD #8 X 29/32;NE;95
MS27039-0816;SCREW, PAN HEAD #8 X 1 1/32;NE;90
MS27039-0817;SCREW, PAN HEAD #8 X 1 3/32;NE;95
MS27039-4-13;SCREW;NE;9
MS27039-4-16;SCREW;NE;25
MS27039-4-16;SCREW;NE;23
MS27039-4-17;SCREW, MACHINE;NE;1
MS27039-4-25;SCREW;NE;5
MS27039C0807;SCREW;NE;25
MS27039C1-08;SCREW;NE;5
MS27240-1;SWITCH;NE;1
MS27240-1;SWITCH;NE;1
MS27380-1;FUEL CAP LANYARD;NE;1
MS27473T14A35SA;CONNECTOR;NE;1
MS27473T14B97S;CONNECTOR;NE;1
MS27484T18F35SB;CONNECTOR;NE;1
MS27981-4N;FASTENER;NE;7
MS27981-5N;EYELET, SNAP FASTERN;NE;6
MS28034-1;BULB;NE;1
MS28773-04;RING;NE;11
MS28773-04;RING;NE;22
MS28773-04;RING;NE;19
MS28773-04;RING;NE;2
MS28773-04;RING;NE;20
MS28773-06;RETAINER;NE;9
MS28773-06;RETAINER;NE;4
MS28773-08;RING;NE;10
MS28773-08;RING;NE;3
MS28773-12;BACK;NE;1
MS28773-12;BACK;NE;1
MS28774-014;BACK;NE;2
MS28774-016;BACK;NE;20
MS28774-016;BACK;NE;48
MS28774-018;BACK;NE;4
MS28774-112;BACK;NE;10
MS28774-130;RETAINER;NE;4
MS28774-130;RETAINER;NE;7
MS28774-130;RETAINER;NE;12
MS28774-130;RETAINER;NE;4
MS28774-132;RETAINER;NE;8
MS28774-132;RETAINER;NE;14
MS28774-132;RETAINER;NE;3
MS28774-132;RETAINER;NE;3
MS28774-211;RETAINER;NE;1
MS28774-222;BACK;NE;4
MS28774-223;RETAINER;NE;8
MS28774-223;BACK;NE;10
MS28774-224;RING;NE;2
MS28774-224;RING;NE;4
MS28774-228;BACK;NE;9
MS28774-228;BACK;NE;10
MS28775-004;ORING;NE;3
MS28775-006;ORING;NE;20
MS28775-011;ORING;NE;4
MS28775-012;ORING - DO NOT USE;NE;97
MS28775-012;ORING - DO NOT USE;NE;24
MS28775-012;ORING - DO NOT USE;NE;21
MS28775-014;ORING;NE;25
MS28775-015;ORING;NE;9
MS28775-015;ORING;NE;25
MS28775-017;ORING;NE;20
MS28775-018;ORING;NE;7
MS28775-020;ORING;NE;4
MS28775-025;ORING;NE;9
MS28775-028;ORING;NE;1
MS28775-111;ORING;NE;3
MS28775-113;ORING;NE;4
MS28775-130;ORING;NE;4
MS28775-130;ORING;NE;2
MS28775-146 PACKING;PACKING;NE;10
MS28775-210;ORING;NE;4
MS28775-211;ORING;NE;4
MS28775-222;ORING;NE;5
MS28775-223;ORING;NE;9
MS28775-224;ORING;NE;6
MS28775-226;ORING;NE;7
MS28775-227;ORING;NE;10
MS28775-227;ORING;NE;2
MS28775-231;ORING;NE;10
MS28775-233;ORING;NE;9
MS28775-234;ORING;NE;7
MS28775-238;ORING;NE;9
MS28775-260;ORING;NE;8
MS28775-260;ORING;NE;8
MS28775-267;ORING;NE;1
MS28775-269;ORING ;NE;2
MS28775-269;ORING ;NE;1
MS28775-269;ORING ;NE;8
MS28775-270;ORING;NE;4
MS28775-324;ORING;NE;9
MS28775-325;PACKING;NE;24
MS28775-327;ORING;NE;1
MS28775-328;ORING;NE;1
MS28775-329;ORING;NE;16
MS28775-333;PACKING;NE;9
MS28775-338;ORING;NE;6
MS28775-444;ORING;NE;16
MS28776-4;SCRAPER;NE;10
MS28776M2-30;SCRAPER;NE;1
MS28776R2-19;SCRAPER;NE;1
MS28777-4;WASHER;NE;8
MS28778-10;ORING NITRILE 90;NE;8
MS28778-10;ORING NITRILE 90;NE;3
MS28778-12;ORING;NE;12
MS28778-14;PACKING;NE;8
MS28778-16;ORING;NE;24
MS28778-16;ORING;NE;11
MS28778-16;ORING;NE;4
MS28778-16;ORING;NE;20
MS28778-28;ORING;NE;4
MS28778-4;ORING;NE;6
MS28778-4;ORING;NE;4
MS28778-4;ORING;NE;1
MS28778-5;ORING;NE;25
MS28778-5;ORING;NE;9
MS28778-5;ORING;NE;4
MS28778-5;ORING;NE;9
MS28778-5;ORING;NE;9
MS28778-6;ORING;NE;6
MS28778-6;ORING;NE;4
MS28778-6;ORING;NE;2
MS28778-6;ORING;NE;11
MS28778-8;ORING;NE;5
MS28778-8;ORING;NE;2
MS28778-8;ORING;NE;1
MS28783-2;BACK;NE;9
MS28889-2;VALVE;SV;1
MS28889-2;VALVE;NE;1
MS28889-2;VALVE;NE;1
MS28937-30;CURRENT LIMITER;NE;2
MS28937-30;CURRENT LIMITER;NE;1
MS28937-50;CURRENT LIMITER;NE;2
MS28937-60;CURRENT LIMITER;NE;2
MS28938-15;FUSE;NE;2
MS29512-02;ORING;NE;2
MS29512-03;ORING;NE;9
MS29512-04;ORING;NE;11
MS29512-04;ORING;NE;100
MS29512-04;ORING;NE;99
MS29512-05;ORING;NE;1
MS29512-06;ORING;NE;10
MS29512-06;ORING;NE;94
MS29512-06;ORING;NE;1
MS29512-06;ORING;NE;6
MS29512-06;ORING;NE;1
MS29512-08;ORING;NE;6
MS29512-08;ORING;NE;83
MS29512-08;ORING;NE;10
MS29512-10;PACKING;NE;2
MS29512-10;PACKING;NE;4
MS29512-10;PACKING;NE;13
MS29512-110;O RING;NE;3
MS29512-16;ORING;NE;12
MS29513-007;ORING PREFORMED;NE;25
MS29513-007;ORING PREFORMED;NE;25
MS29513-007;ORING PREFORMED;NE;3
MS29513-009;ORING;NE;18
MS29513-011;ORING;NE;13
MS29513-011;ORING;NE;25
MS29513-012;ORING;NE;3
MS29513-013;ORING;NE;7
MS29513-016;ORING;NE;24
MS29513-018;ORING - DO NOT USE;NE;9
MS29513-021;ORING PREFORMED;NE;25
MS29513-021;ORING PREFORMED;NE;35
MS29513-021;ORING PREFORMED;NE;49
MS29513-021;ORING PREFORMED;NE;24
MS29513-021;ORING PREFORMED;NE;25
MS29513-022;ORING;NE;8
MS29513-043;ORING;NE;7
MS29513-110;ORING;NE;1
MS29513-110;ORING;NE;2
MS29513-110;ORING;NE;3
MS29513-110;ORING;NE;4
MS29513-114;ORING;NE;3
MS29513-115;ORING;NE;9
MS29513-116;ORING;NE;9
MS29513-117;PACKING;NE;8
MS29513-118;PACKING;NE;2
MS29513-118;PACKING;NE;1
MS29513-118;PACKING;NE;1
MS29513-118;PACKING;NE;3
MS29513-119;ORING;NE;1
MS29513-142;ORING;NE;1
MS29513-142;ORING;NE;1
MS29513-142;ORING;NE;1
MS29513-142;ORING;NE;1
MS29513-148;ORING;NE;3
MS29513-214;O-RING, PREFORMED;NE;11
MS29513-216;ORING;NE;1
MS29513-218;O-RING, PREFORMED;NE;19
MS29513-219;ORING;NE;2
MS29513-220;ORING;NE;3
MS29513-222;O-RING, PREFORMED;NE;8
MS29513-223;ORING;NE;2
MS29513-233;ORING;NE;2
MS29513-237;ORING;NE;1
MS29513-238;ORING;NE;12
MS29513-238;ORING;NE;4
MS29513-243;ORING;NE;9
MS29513-326;ORING;NE;8
MS29513-326;ORING;NE;4
MS29523-1;HOOK, FILLER CAP CHAIN;NE;5
MS29523-1;HOOK, FILLER CAP CHAIN;NE;1
MS29561-015;ORING;NE;8
MS3126E14-12S;CONNECTOR;NE;1
MS3147E3-50S;CONNECTOR;NE;2
MS3215-4018;RETAINER;NE;7
MS3215-4018;RETAINER;NE;1
MS3320-7-1/2;CIRCUIT BREAKER;NE;2
MS3450L22-14P;CONNECTOR;NE;1
MS35059-31;SWITCH;NE;1
MS35206-220;SCREW;NE;25
MS35206-228;SCR;NE;100
MS35206-230;SCREW;NE;100
MS35206-236;SCREW;NE;23
MS35206-261;SCREW;NE;24
MS35207-226;SCREW  35A;NE;111
MS35207-226;SCREW, MACHINE, PAN HEAD;NE;3
MS35207-226;SCREW, MACHINE, PAN HEAD;NE;5
MS35207-258;SCREW;NE;24
MS35207-266;SCREW;NE;6
MS35207-266;SCREW;NE;40
MS35207-266;SCREW;NE;100
MS35218-12;SCREW;NE;8
MS35266-63;SCREW;NE;6
MS35333-39;WASHER;NE;95
MS35333-40;WASHER;NE;100
MS35333-40;WASHER;NE;98
MS35338-138;WASHER;NE;25
MS35338-41;LOCK WASHER;NE;100
MS35338-43;WASHER;NE;10
MS35480-2;BULB;NE;1
MS35489-12;GROMMET;NE;24
MS35489-41;GROMMET;NE;7
MS35489-41;GROMMET;NE;29
MS35769-9;GASKET;NE;6
MS51021-101;SETSCREW;NE;1
MS51844-42;SLEEVE;NE;19
MS51844-42;SLEEVE;NE;23
MS51861-12C;SCREW;NE;4
MS51861-12C;SCREW;NE;4
MS51957-12;SCREW;SV;6
MS51957-15;SCR;NE;2
MS51963-26;SET SCREW;NE;1
MS90298-2;RECEPTABLE , GROUND;NE;1
MS9058-04;BACK;NE;2
MS9058-04;BACK;NE;24
MS9058-06;RING;NE;4
MS9068-012;PACKING;NE;1
MS9137-01;GASKET;NE;1
MS9193-03;NIPPLE;NE;1
MS9193-06;NIPPLE;AR;1
MS9194-04;ELBOW;NE;1
MS9194-04;ELBOW-TUBE;AR;1
MS9194-04;ELBOW;AR;1
MS9194-06;ELBOW;AR;1
MS9196-04;TEE-TUBE;AR;1
MS9198-06;NUT;NE;1
MS9204-038;GASKET-B/A;NE;3
MS9204-038;GASKET-B/A;NE;3
MS9314-04;CAP;NE;2
MS9314-04;CAPTUBE;AR;1
MS9314-04;CAP;AR;1
MS9320-09;WASHER;NE;4
MS9320-09;WASHER;NE;4
MS9321-06;WASHER;SV;1
MS9321-10;WASHER - DO NOT USE;NE;200
MS9321-10;WASHER;SV;83
MS9385-04;PACKING;NE;9
MS9385-04;PACKING;NE;8
MS9385-06;PACKING;NE;1
MS9385-06;PACKING;NE;15
MS9385-08;PACKING;NE;4
MS9385-08;PACKING;NE;1
MS9385-08;PACKING;NE;9
MS9385-08;PACKING;NE;9
MS9385-08;PACKING;NE;10
MS9385-08;PACKING;NE;9
MS9389-82;PIN-STRAIGHT,HEADLESS;AR;2
MS9405-07;PLUG;AR;1
MS9405-07;PLUG;AR;1
MS9405-07;PLUG;AR;1
MS9405-07;PLUG;AR;1
MS9489-06;BOLT;SV;6
MS9490-07;BOLT;SV;2
MS9490-12;BOLT;SV;6
MS9556-06;BOLT;SV;26
MS9556-16;BOLT;SV;3
MS9557-10;BOLT;SV;8
MS9566-09;BOLT;SV;2
MS9769-031;NIPPLE, TUBE TO BOSS;AR;1
MS9841-03;KEY-WOODRUFF;AR;2
MS9841-03;KEY-WOODRUFF;AR;1
MS9914-06;BOLT;NE;22
MS9954-06;PLUG;OH;1
MS9954-06;PLUG;OH;1
MS9954-06;PLUG;OH;1
MS9954-06;PLUG;OH;1
MS9967-137;PACKING;NE;10
MS9967-212;PACKING PREFORMED;NE;20
MSM283-1K;TEMP CONTROL;NE;1
MST-105G;SWITCH;NE;1
MTL-206N;SWITCH;NE;1
MUV901100-51;FRAME ASSY -STEP;NE;1
MVB64757-200;CLAMP ;NE;2
N1235-666;TUBE LIGHT;NE;1
N1235420;LIGHT BULB;NE;7
N1235420;LIGHT BULB;NE;1
N1235660B;LAMP;NE;1
N316-9005 SEAL;SEAL;NE;16
N399MM;TAILPIPE;NE;1
N5120B;CLIPS FOR LED LIGHTS;NE;2
NAS1003-12H;BOLT;NE;1
NAS1081-06A3;SETSCREW;NE;99
NAS1081-06A4;SETSCREW;NE;1
NAS1101E3-14;SCREW;SV;12
NAS1102;SCREW ;SV;1
NAS1102E08-6P;SCREW;NE;67
NAS1102V3-14;BOLT;NE;100
NAS1102V3-5P;SCREW;NE;100
NAS1105-9;BOLT;NE;9
NAS1106-42D;BOLT    (USE NAS6206-42D);NE;1
NAS1149-DN816K;WASHER;NE;189
NAS1149B0763H;WASHER;NE;49
NAS1149B0763H;WASHER;NE;24
NAS1149C0332R;WASHER;NE;95
NAS1149C0463B;WASHER;NE;100
NAS1149C0463R;WASHER;NE;98
NAS1149C0532R;"WASHER; FLAT";NE;101
NAS1149C0632R;WASHER;NE;97
NAS1149C1016R;WASHER;NE;25
NAS1149C1232R;WASHER FLAT 24589A;NE;99
NAS1149C1232R;WASHER FLAT 24589A;NE;22
NAS1149C1232R;WASHER FLAT 24589A;NE;21
NAS1149C1232R;WASHER FLAT 24589A;NE;23
NAS1149C1232R;WASHER FLAT 24589A;NE;98
NAS1149C1290R;WASHER, FLAT;NE;9
NAS1149C1290R;WASHER, FLAT;NE;5
NAS1149C1290R;WASHER, FLAT;NE;9
NAS1149CN632R;WASHER;NE;4
NAS1149CN632R;WASHER;NE;100
NAS1149CN632R;WASHER;NE;100
NAS1149E0463P;FLAT WASHER;NE;3
NAS1149E0463P;FLAT WASHER;NE;1
NAS1149F0332P;WASHER;NE;83
NAS1149F0363P;WASHER;NE;99
NAS1149F0363P;WASHER;NE;7
NAS1149F0363P;WASHER;NE;80
NAS1149F0416P;WASHER;NE;96
NAS1149F0432P;WASHER;NE;98
NAS1149F0463P;WASHER: FLT,ST ;NE;200
NAS1149F0463P;WASHER: FLT,ST ;NE;99
NAS1149F0463P;WASHER: FLT,ST ;NE;98
NAS1149F0463P;WASHER: FLT,ST ;NE;100
NAS1149F0463P;WASHER: FLT,ST ;NE;100
NAS1149F0532P;FLAT WASHER;NE;100
NAS1149F0532P;FLAT WASHER;NE;191
NAS1149F0563P;WASHER;NE;95
NAS1149F0563P;WASHER;NE;95
NAS1149F0632P;WASHER;NE;93
NAS1149F0632P;WASHER;NE;98
NAS1149F0632P;WASHER;NE;98
NAS1149F0663P;WASHER;NE;199
NAS1149F0663P;WASHER;NE;94
NAS1149F0663P;WASHER;NE;9
NAS1149F0863P;WASHER;NE;20
NAS1149F0932P;WASHER;NE;91
NAS1149F0932P;WASHER;NE;98
NAS1149F0963P;WASHER;NE;94
NAS1149F0963P;WASHER;NE;98
NAS1149F1032P;WASHER;NE;195
NAS1149F1032P;WASHER;NE;25
NAS1149F1063P;WASHER, FLAT;NE;100
NAS1149F1063P;WASHER, FLAT;NE;98
NAS1149F1232P;WASHER;NE;158
NAS1149F1232P;WASHER;NE;98
NAS1149F1232P;WASHER;NE;100
NAS1149FN416P;WASHER;NE;88
NAS1149FN632P;WASHER;NE;100
NAS1149FN832P;WASHER;NE;100
NAS1169C10;WASHER;NE;100
NAS1203-6;SCREW ;NE;7
NAS1220-3E26;SCREW;NE;57
NAS1220-3E8;SCREW;NE;8
NAS1329-A06K75;NUT;NE;92
NAS1334A3C04D;Pin, Pith;NE;1
NAS1351-3H12P;SCREW;NE;8
NAS1351-3H24P;SCREW;NE;3
NAS1352C06-8;SCREW;NE;6
NAS1399C5-3;RIVET;NE;100
NAS1399C5-4;RIVET;NE;100
NAS1399C5-5;RIVET;NE;100
NAS1399C5-6;RIVET;NE;200
NAS1473A4;NUT ANCHOR;NE;1
NAS1474C3;NUTPLATE, FLOATING SELF LOCK;NE;3
NAS1580C3R7;BOLT;NE;40
NAS1580V4T26;BOLT;NE;3
NAS1580V4T30;BOLT;NE;7
NAS1581C3T2;BOLT 100 DEGREE FLUSH REDUCED HEAD ;NE;15
NAS1581C3T2;BOLT 100 DEGREE FLUSH REDUCED HEAD ;NE;30
NAS1581C3T2;BOLT 100 DEGREE FLUSH REDUCED HEAD ;NE;5
NAS1581C3T2;BOLT 100 DEGREE FLUSH REDUCED HEAD ;NE;42
NAS1581C3T3;BOLT;NE;24
NAS1581C3T6;BOLT;NE;4
NAS1581C3T9;BOLT;NE;15
NAS1581C4T10P;SCREW;NE;1
NAS1581F3R3;SCREW;NE;26
NAS1581K3T4;BOLT;NE;16
NAS1593-138;PACKING;NE;2
NAS1611-007;ORING;NE;9
NAS1611-013;ORING;NE;8
NAS1611-113;ORING;NE;10
NAS1611-130;ORING;NE;7
NAS1611-130;ORING;NE;8
NAS1611-130;ORING;NE;4
NAS1611-130;ORING;NE;12
NAS1611-130;ORING;NE;4
NAS1611-130;ORING;NE;3
NAS1611-130;ORING;NE;1
NAS1611-132;ORING;NE;8
NAS1611-132;ORING;NE;17
NAS1611-132;ORING;NE;3
NAS1611-211;PACKING;NE;8
NAS1611-211;PACKING;NE;10
NAS1611-211;PACKING;NE;5
NAS1611-211;PACKING;NE;2
NAS1611-223;PACKING;NE;8
NAS1611-223;PACKING;NE;7
NAS1611-223;PACKING;NE;8
NAS1611-228;ORING;NE;9
NAS1611-228;ORING;NE;8
NAS1611-235;ORING;NE;8
NAS1612-10;ORING;NE;9
NAS1612-10;ORING;NE;25
NAS1612-12;ORING;NE;13
NAS1612-12;ORING;NE;7
NAS1612-12;ORING;NE;4
NAS1612-16;ORING;NE;2
NAS1612-16;ORING;NE;7
NAS1612-16;ORING;NE;10
NAS1612-4;ORING;NE;164
NAS1612-4;ORING;NE;48
NAS1612-4;ORING;NE;44
NAS1612-4;ORING;NE;43
NAS1612-4A;O RING;NE;17
NAS1612-5;ORING;NE;21
NAS1612-6;ORING;NE;64
NAS1612-6;ORING;NE;23
NAS1612-6;ORING;NE;15
NAS1612-8;ORING;NE;8
NAS1612-8;ORING;NE;48
NAS1612-8;ORING;NE;4
NAS1612-8;ORING;NE;5
NAS1612-8;ORING;NE;73
NAS1805-8;MOUNT BOLT NUT;NE;1
NAS1922-0075-1;CLAMP;NE;5
NAS1922-0225-1;CLAMP;NE;2
NAS1922-0225-1;CLAMP;NE;10
NAS221-23;SCREW;NE;2
NAS333CPA5;BOLT;NE;42
NAS334CP10-5;SCREW, 100 DEGREE CSK, CLOSE TOLER;NE;9
NAS334CP10-5;SCREW, 100 DEGREE CSK, CLOSE TOLER;NE;2
NAS427K11;PIN;NE;1
NAS427K24;PIN;NE;3
NAS42DD4-9N;SPACER;NE;4
NAS43DD1-28FC;BUSHING;NE;1
NAS43DD4-2;SPACER;NE;73
NAS43DD5-24FC;SPACER;NE;3
NAS43HT4-22;SPACER;NE;9
NAS43HT4-22;SPACER;NE;8
NAS43HT6-13;SPACERS;NE;3
NAS43HT6-5;SPACER;NE;8
NAS464P3-8;BOLT;NE;23
NAS464P3-8;BOLT;NE;17
NAS464P3-8;BOLT;NE;21
NAS464P4-12;BOLT;NE;4
NAS464P4-14;BOLT;NE;2
NAS464P4-17;BOLT;NE;4
NAS464P4-9;BOLT;NE;4
NAS464P5-20;BOLT;NE;1
NAS509-5;NUT;NE;5
NAS509L4;NUT;NE;4
NAS514P832-8B;SCREW;NE;5
NAS516-1A;GREASE NIPPLE;NE;47
NAS517-3-3;SCREW;NE;75
NAS517-3-6;SCREW;NE;90
NAS538B8-038;BUSHING;NE;2
NAS559-1;LOCK ROD;NE;5
NAS559-6;LOCK;NE;3
NAS560HK3P1;HIGH TEMP SCREW;NE;125
NAS560HK3P1;HIGH TEMP SCREW;NE;125
NAS561-2-6;PIN 12458A;NE;291
NAS561-2-6;PIN 12458A;NE;97
NAS561-2-6;PIN 12458A;NE;100
NAS561-2-6;PIN 12458A;NE;3
NAS561-3-8;PIN;NE;94
NAS561P12-40;PIN ROLL;NE;3
NAS561P3-9;PIN;NE;4
NAS6003U10;SCREW;NE;6
NAS617-12;ORING;NE;1
NAS617-12;ORING;NE;1
NAS617-4;ORING;NE;2
NAS617-6;ORING;NE;3
NAS617-8;ORING;NE;1
NAS6203-16;BOLT;NE;4
NAS6203-7D;BOLT;NE;9
NAS6204-10;BOLT;NE;10
NAS6204-11;BOLT;NE;6
NAS6204-11;BOLT;NE;2
NAS6204-12;BOLT;NE;10
NAS6204-12D;BOLT;NE;2
NAS6204-12D;BOLT;NE;10
NAS6204-12D;BOLT;NE;6
NAS6204-13D;BOLT;NE;10
NAS6204-16D;BOLT;NE;23
NAS6204-16D;BOLT;NE;21
NAS6204-17D;BOLT;NE;1
NAS6204-18D;BOLT;NE;4
NAS6204-23D;BOLT;NE;3
NAS6204-38D;BOLT;NE;3
NAS6204-8D;BOLT;NE;8
NAS6205-12D;BOLT;NE;4
NAS6205-14D;BOLT;NE;1
NAS6205-15D;BOLT;NE;1
NAS6205-15D;BOLT;NE;25
NAS6206-11;BOLT;NE;4
NAS6206-13D;BOLT;NE;2
NAS6206C13D;SPEED BRAKE PUSH ROD BOLT;NE;1
NAS620C10L;WASHER;NE;50
NAS620C10L;WASHER;NE;51
NAS620C10L;WASHER;NE;4
NAS623-3-9;SCREW;NE;4
NAS623-4-21;SCREW;NE;6
NAS6308U13D;BOLT;NE;1
NAS6604-20D;BOLT;NE;47
NAS6604-7;BOLT;NE;1
NAS682A3;NUTPLATE MS21051L3;NE;10
NAS7203-4;SCREW;NE;250
NAS75-4-007;BUSHING;NE;2
NAS75-4-122;BUSHING;NE;1
NAS75-6-010;BUSHING;NE;1
NAS7503U2;BOLT;NE;15
NAS7503U3;BOLT;NE;46
NAS7503U4;BOLT;NE;16
NAS76A4-021;BUSHING;NE;4
NAS77-4-009;BUSHING;NE;2
NAS8603-2;SCREW: CSK, FLT HD ST ;NE;96
NAS8702-2;SCREW: CSK,FLT HD, CRESZ, CLOSE TOLERANCE  5/PK;NE;4
NAS8703U2;BOLT;NE;35
NAS8703U3;SCREW;NE;42
NF-M1002;ROLLER;NE;1
NF24016-415;PILOT WINDSHEILD;AR;1
NM103470-0250;V-BAND CLAMP;NE;1
NSA5057C7;NUT;NE;5
NTA3244;BEARING-THRUST NEEDL;NE;1
OL387BPGPL;BULB;NE;4
OWL100-04;LED LIGHT ASSY;NE;1
P12192-002;HANDSET, BEIGE AXXESS;AR;1
P12339;SATCOM UNIT INTERFACE ;AR;1
P2-07-0009-120;FLASH LIGHT;OH;2
P220010;HOSE;NE;7
P220010;HOSE;NE;2
P4-900050;SWITCH;NE;1
P6-20029;SWITCH;NE;1
P60009;DISC;NE;1
P612434;SLEEVE SOLD BY 10FT PCS;NE;9
P612435;SLEEVING 24589A;NE;10
P612435;SLEEVING;NE;9
P7-500051;SWITCH;NE;2
PB12333ZG;LIGHT SWITCH;NE;2
PB12333ZG;LIGHT SWITCH;NE;1
PC-16 C;STATIC INVERTER;NE;1
PC-17A;INVERTER;OH;1
PC-20-B79-1;CONNECTOR;NE;2
PDCR300164001M1;TRANSDCR;AR;1
PDCR300164001M1;TRANSDCR;AR;1
PDLM-105;CIRCUIT BREAKER;NE;1
PF232-N3 O;FUEL QTY INDICATOR;NE;1
PK3028;COVER, SHIPPING, NOSE CONE;OH;1
PK3077;COVER, SHIPPING, EXHT. DUCT;OH;1
PR1826B2;RUBBER SEALANT 6OZ;NE;4
PR2;BULB;NE;2
PR3;LAMP;NE;17
PR405W12-BCR28H;LAMP;NE;10
PT-300;SWITCH;NE;1
PT-300;SWITCH;NE;1
PT6A-42;ENGINE;PO;1
PW305A;ENGINE;SV;1
PW305A;ENGINE;PO;1
PW530A;ENGINE;AR;1
Q4559X;LAMP SEALED BEAM, 28V/600W/LANDING/TAXI/GE42552;NE;2
Q4559X;LAMP SEALED BEAM, 28V/600W/LANDING/TAXI/GE42552;NE;9
Q4681;BULB,OPTICAL 450W WHITE;NE;12
Q4681;BULB,OPTICAL 450W WHITE;NE;4
Q4713;LAMP;NE;4
Q4713;LAMP;NE;1
QS100M64S;CLAMP;NE;1
R1120500;KNOB-SOFT TOUCH KIT;NE;1
R1309P041;PACKING;NE;1
R500S101B;VISOR ASSEMBLY;NE;1
R512-10;GASKET;NE;9
R512-10;GASKET;NE;2
R512-16;SEAL;NE;9
R610128;TUBING ;NE;4
R6166M1;ROTARY ACTUATOR;AR;1
R7295;FUEL CAP;NE;2
R881204;EXIT DOOR SEAL;NE;1
R990003;SEAL;NE;1
RA1039C;CLAMP;NE;2
RC914UH096;DIFFER PRESS IND;NE;1
RDC3102336-01;FRONT STUB SHAFT ;SC;1
RE100XL;APU;SV;1
RE220GX;APU;SV;1
REF4T;ROD END;NE;1
RES350;RHEOSTAT;NE;1
RESISTOR330-5W;RESISTOR;NE;3
RF3 1/2;RECEPTACLE;NE;2
RG-390E;BATTERY   RA;NE;1
RM52LHTA525-048;NUT PLATE;NE;9
RMD05UJH;BEARING, ROD END;SV;1
RMD05UJH;BEARING, ROD END;SV;1
RMD05UJH;BEARING, ROD END;SV;1
RMLD05UJH;BEARING;SV;1
RMLD05UJH;BEARING;SV;1
RMLDO5UJH;BEARING, ROD END;SV;1
RNF100-1-3/8;THERMOFIT 3/8;NE;31
ROLLS ROYCE 250;C47B ENGINE;AR;1
RTD-1-F3142-48-T;SENSOR TEMP INDICATOR;NE;1
S-3038EC-1;COMPRESSOR;NE;1
S-3038EC-1;COMPRESSOR;NE;1
S-6085EC-2;COMPRESSOR ASSY;NE;1
S1003-9A;BEARING PK OF 10;NE;6
S1003-9A;BEARING PK OF 10;SC;4
S1021A4-6;SCREW;NE;4
S1023A6-11C;SCREW;NE;25
S1201-12;SEAL;NE;6
S1201-20;SEAL;NE;5
S1201-20;SEAL;NE;2
S1426-6;RUBBER WASHER;NE;8
S1450-10S15-032;WASHER;NE;4
S1450-4H10-032;WASHER;NE;1
S1450-4H10-032;WASHER;NE;8
S1635-1SF;PIN;NE;67
S1640-6;HOUSING;NE;20
S1641-6;HOUSING;NE;20
S186-4;CUP;NE;11
S187-6;STUD;NE;7
S18C2.5S28LSLS;40WA VISTA LIGHT BAR;NE;1
S1921-3;CLAMP;NE;3
S2202-9;WASHER;NE;1
S2216-3;PIN;NE;98
S2295P35-37;CHAIN;NE;2
S2319-20;GROMMET;NE;10
S2319-50;RECEPTACLE;NE;2
S2319-63;GROMMET;NE;4
S2319-64;GROMMETS;NE;9
S2319-64;GROMMETS;NE;9
S2357-2S;CLAMP;NE;8
S2357-3;CLAMP;NE;8
S242W601-101;AIR DATA MODULE;RP;1
S242W601-101;AIR DATA MODULE;RP;1
S2436-10;CATCH, SPRING;NE;5
S25-7FN179-15A;PLATE;NE;1
S25-8WS181-5;SEAL;NE;2
S25-8WS355-1A;TRAILING EDGE RIB;NE;1
S25-9WS535-29A;LENS COVER;NE;1
S2565-5;FUSE;NE;4
S2608-1;FUEL PLACARD;NE;6
S2693-4N;CONICAL SEAL;NE;1
S2800-942;SEAL ;NE;4
S2899L15.0;CIRCUIT BREAKER;NE;1
S2903L6;NUT;NE;1
S2951-90;SPRING;NE;1
S2952-80;SPRING ;NE;1
S2952-80;SPRING;NE;1
S2952-80;SPRING;NE;1
S304;SEAL;NE;3,5
S3071-06C15;BEARING;NE;1
S3176-2;SQUAT SWITCH;NE;1
S3275C104R;STUD;NE;1
S3275C300;RING RETAINER;NE;3
S3276-3-2;RIVET;NE;20
S3278C4;SEAL RING;NE;9
S3278C4;SEAL RING;NE;7
S3278C5;SEAL RING;NE;9
S3278C5;SEAL RING;NE;24
S3278C5;SEAL RING;NE;9
S3278C5;SEAL RING;NE;23
S3278C6;O-RING;NE;25
S3278E7;ORING;NE;10
S3278E7;ORING;NE;9
S3322C10-16;SCREWS;NE;48
S3322C10-18;SCREW;NE;40
S3322C10-20;SCREW 5A;NE;16
S3322C10-30;SCREW 5A;NE;50
S3322S10-15;SCREW;NE;79
S3322S10-19;SCREW;NE;50
S3322S10-19;SCREW;NE;12
S3365-1;GASKET;NE;2
S3365-1;GASKET;NE;3
S3365-1;GASKET;NE;4
S3365-1;GASKET;NE;5
S3366-1;GASKET;NE;4
S3366-1;GASKET;NE;5
S3368-2;BULB (327);NE;4
S3368-2;BULB (327);NE;10
S3368-2;BULB (327);NE;8
S3368-2;BULB (327);NE;10
S3368-2;BULB (327);NE;10
S3412-103;STUD;NE;1
S3412-105;STUD;NE;18
S3412-105;STUD;NE;8
S3455-S53;SCREW;NE;5
S3455-S53;SCREW;NE;3
S3461-11;BOLT;NE;2
S3461-19;BOLT;NE;8
S3461-2;BOLT MPI 569A;NE;1
S3461-36;O-RING;NE;2
S3461-4;BOLT;NE;1
S3461-41;BOLT MPI;NE;1
S3461-50;BOLT ,  MPI;NE;1
S3461-50;BOLT ,  MPI;NE;1
S3468-1;BOLT;NE;1
S3473W2;RIVET 258A;NE;19
S3839-1;ENGINE SYNC SWITCH KNOB;NE;1
S3951-4;BEARING ;NE;2
S4189-1;SCREW;NE;6
S4189-1;SCREW;NE;2
S5145;GROUND HERE PLACARD;NE;1
S5154;PLACARD;NE;2
S5158;PLACARD;NE;1
S5159;PLACARD;NE;2
S5166;UNLOCKED PLACARD;NE;1
S5167;PLACARD;NE;1
S5172;PLACARD;NE;2
S5218;HYDRAULIC RESEVOIR SYSTEM #3;NE;1
S5219;PLACARD;NE;3
S5223;PLACARD;NE;1
S5223;PLACARD;NE;3
S5420-1;DECAL;NE;1
S65-5366-10L;ANTENNA;NE;1
S67-2002;ANTENNA;NE;1
S67-2002;ANTENNA;AR;1
S6910-1;CIRCUIT BREAKER PLUG;NE;13
S700B1210-3H;BUSHING;NE;2
S7744A;SEALANT TAPE PTFE;NE;100
S7744A;SEALANT TAPE PTFE;NE;1200
S8154-91C010;WASHER;NE;10
S9412-010;PACKING;NE;1
S9412-032;PACKING;NE;17
S9412-032;PACKING;NE;19
S9412-134;PACKING;NE;16
S9412-138;PACKING;NE;5
S9412-212;PACKING;NE;8
S9412-212;PACKING;NE;1
S9413-008;PACKING;NE;1
S9413-012;PACKING;NE;9
S9413-022;PACKING;NE;9
S9413-025;PACKING;NE;9
S9413-031;PACKING;NE;19
S9413-034;PACKING;NE;1
S9413-034;PACKING;NE;6
S9413-113;PACKING;NE;9
S9413-117;PACKING;NE;4
S9413-123;PACKING;NE;1
S9413-124;PACKING;NE;3
S9413-136;PACKING;NE;2
S9413-145 PACKING;PACKING;NE;3
S9413-153;PACKING;NE;1
S9413-212;PACKING;NE;2
S9413-212;PACKING;NE;8
S9413-214;PACKING ;NE;10
S9413-555;PACKING;NE;1
S9413-562;PACKING;NE;10
S9479-38N;WASHER;NE;5
SB525B26-04-1;R FIRE PROTECTION;NE;1
SB560XL-23-07;SB KIT 560XL;NE;2
SB560XL-53-16;S/B KIT;NE;1
SB750-29-14;S/B KIT;NE;1
SC06P14S5S;PLUG;NE;1
SC1421-3-1;ROHR NACELLE SCREW;NE;9
SEC07A10;GASKET, CRUSH;NE;17
SEC07A10;GASKET, CRUSH;NE;40
SECO-7A10;SEAL;NE;42
SECO-7A8;SEAL;NE;43
SF2000-021-009 S;STRIKE FINDER DISPLAY UNIT;NE;1
SF3032444;KIT, FUEL PUMP FILTER;NE;1
SJ-5023;BUMPER;NE;8
SJ5023;BUMPER;NE;6
SJ5023;BUMPER;NE;10
SJ8665;RADOME-EROSION;NE;2
SL5204-3;SPRING;NE;1
SL71450-S;OIL RING;NE;4
SLO4300-10;SEAT ACTUATOR;AR;1
SLZ9374M;INDEXER;NE;1
SM400D16;RELAY;NE;1
SM400D62 C;RELAY;NE;1
SMLS100B05-03CES;RIVET (USE SMLS100B0503CS1);NE;2
SMR1461-1;ENGINE INLET ANTI-ICER;NE;1
SP-104 SWITCH;LAVATORY SWITCH;NE;1
SP2018210;CABLE HOUSING;NE;1
SP2018236;CONDUIT ;NE;1
SP2018236;CONDUIT ;NE;1
SP2018245;CABLE, TRACKING HOUSING;NE;1
SP90C8;PIN;NE;100
SP90C8;PIN;NE;7
SP90CB;COTTER PIN;NE;100
SP90E10;SPLIT PIN;NE;2
SP910-8;O RING;NE;2
SPS-1-1-2138;SWITCH PANEL;NE;1
SPS-1-1-2138;SWITCH PANEL;NE;1
SR35SS;SNAP RING;NE;9
SS-6C-1;VALVE;NE;3
SS48152K2215;PLUG BUTTON;NE;9
SS6C1-3;VALVE;NE;1
SSPH-52;PLUNGER;NE;3
ST3023-06;GROMMET;NE;10
ST3030-09;NUT   Z;NE;17
ST3030-09;NUT   Z;NE;5
ST3032-09;NUT SELF LOCKING DOUBLE HEXAGO;NE;10
ST3075-05;GEAR;OH;2
ST3075-05;GEAR;OH;2
ST3075-05;GEAR;SV;2
ST3075-05;GEAR;SV;2
ST3075-07;GEAR;OH;2
ST3075-07;GEAR;OH;2
ST3075-07;GEAR;SV;2
ST3075-07;GEAR;SV;2
ST3076-06;KEY, WOODRUFF;AR;1
ST3086-012 O-RING;O-RING;NE;1
ST3086-013 O-RING;O-RING;NE;5
ST3086-013 O-RING;O-RING;NE;1
ST3086-013 O-RING;O-RING;NE;1
ST3086-014;PACKING;NE;10
ST3086-014;PACKING;NE;6
ST3229-01;GASKET;NE;1
ST3230-01;GASKET 4 HOLE;NE;1
ST3233-08;CLAMP, HOSE;AR;2
ST3272-01;GASKET;NE;1
ST3292-01;STRAINER ELEMENT, SCAVENGE;SC;1
ST3302-01;SPRING, HELICAL;AR;1
ST3316-01;SPRING, HELICAL;AR;1
ST3317-01;ADAPTER, DRAIN VALVE;AR;1
ST3338-01;VALVE, FUEL SHUT-OFF;AR;1
ST3338-01;VALVE, FUEL SHUT-OFF;AR;1
ST3340-01;LEVER, O/S CONTROL;OH;2
ST3341-01;PLATE, FUEL SHUT-OFF;AR;1
ST3342-01;PLUG, MACHINE;AR;1
ST3343-01;WASHER, SPRING, TENSION;AR;10
ST3344-01;SEAT, SPRING TENSION;AR;1
ST3389-01;COVER;AR;2
ST3510-01;TERMINAL ASSY, GROUND;AR;1
ST3525-01;COVER, PACKING;AR;1
ST3526-01;COVER, PACKING;AR;1
ST3534-01;STRAINER ELEMENT, OIL;OH;1
ST3544-01;PLATE, RETAINING;AR;1
ST3578-01;HOSE, RUBBER;AR;1
ST3746-01;WASHER, KEY;SC;1
ST6202-013;PACKING;NE;14
ST6202-013;PACKING;NE;14
ST6202-015;PACKING;NE;14
ST6202-015;PACKING;NE;14
ST6202-140;PACKING;NE;20
STD-1023-4;DOME LIGHT TOP PLATE;NE;1
SV500;VALVE;RP;1
SYLC51836-1;ACTUATOR ;SC;1
T15W2B28LELE;LIGHT BULB;NE;3
T2688253-3;VOLTAGE REGULATOR;RP;1
T31W2S28LEAE;LIGHT STRIP;NE;3
T35W2B28LELE;LIGHT STRIP ASSEMBLY;NE;3
T35W2B28LELE;LIGHT STRIP ASSEMBLY;NE;3
T36W2B28LELE;LIGHT STRIP;NE;2
T36W2B28LELE;LIGHT STRIP;NE;1
T40W2S28LELE;LIGHT STRIP;NE;2
T41W2S28LEAE;LIGHT STRIP;NE;1
T6W2B28LELE;LIGHT STRIP;NE;2
T6W2B28LELE;LIGHT STRIP;NE;3
T72W2S28LEAE;TAC-LITE STRIP;NE;2
T74W2B28LELE;LIGHTING STRIP;NE;2
T74W2B28LELE;LIGHTING STRIP;NE;1
T74W2B28LELE;LIGHTING STRIP;NE;3
T74W2S28LELE;LIGHT STRIP;NE;1
T76W2B28LELE;ROPE LIGHT;NE;1
T76W2S28LELE;LIGHT STRIP;NE;1
T76W2S28LELE;LIGHT STRIP;NE;1
T7W2B28LELE;LIGHT STRIP;NE;1
T8071-3IN;SEAL     (9 FT ROLL);NE;1
T96W2B28LELE;LIGHTING STRIP;NE;2
T96W2B28LELE;LIGHTING STRIP;NE;2
T96W2B28LELE;LIGHTING STRIP;NE;1
TA30500524-09;FAIRLEAD BLOCK;NE;1
TDH8050-6002P;RELAY;NE;1
TE1271;BLANKET;SV;1
TFCJF5-ST16-60C;SWITCH;NE;1
TFE731-2-2B;ENGINE;AR;1
TFE731-2-2B;ENGINE;AR;1
TFE731-40R-200G;ENGINE;SV;1
TFE731-5BR-1H;ENGINE;SV;1
TIP-1019-1;LAV LIGHT LENS;NE;2
TIP-1091-15;SPRING;NE;1
TJSE22702;SPLICE-4 WAY 2 DIODE 22 AWG;NE;1
TM313036-7;HINGE;NE;1
TM313117-37;SHADE HANDLE;NE;4
TM414027-04-43;STRIKER;NE;2
TR762-03;VALVE STEM ASSY;NE;1
U440177;CABLE;NE;1
UA-4174-24;BULB;NE;1
UA-4174-24;BULB;NE;1
UA-4174-24;BULB;NE;1
UA80;FUSE;NE;4
UAM100;FUSE;NE;2
UL32-040SP1;HYDROLOCK;AR;2
UL32-040SP1;HYDROLOCK;AR;1
UL32-040SP1;HYDROLOCK;NE;1
URZA50VH681W22X41CZV3;CAPACITOR;NE;3
V4-109;RECEPTACLE;NE;5
V7-2S17D8;SWITCH, SINGLE POLE, DOUBLE;NE;5
VA3509;HOUSING;SV;1
VA3510-1;PROBE, MAGN.CHIP DETECTOR;SV;1
VA3510-1;PROBE, MAGN.CHIP DETECTOR;SV;1
VA3510-1;PROBE, MAGN.CHIP DETECTOR;SV;1
VL1402PE33-200;SEAL;NE;1
VR500-0102;VOLTAGE REGULATOR;NE;1
W1290-14;LAMP;NE;1
W1524;BULB;NE;1
W932-24B;SEAL;NS;7
W932-24F;SEAL;NE;4
W932-24F;SEAL;NE;1
W932-24F;SEAL;NE;1
W932-32B;GASKET SEAL;NE;2
W932-32B;GASKET SEAL;NE;2
W932-32F;SEAL, ASSY. ENGINE AIR, TAILCONE;NE;2
W932-40B;GASKET;NE;2
WA1550;KNOB;NE;4
WB3888401-1;IGNITOR PLUG;NE;2
WE103;OXYGEN ADAPTER;NE;2
WE3830486-2;NOZZLE;NE;1
WE3876281-1;SPEED SENSOR;AR;1
WE3876281-1;SPEED SENSOR;NE;1
WE3876283-1;PRESSURE;NE;1
WE3876284-2;HOURMETER;NE;1
WE3876285-2;SENSOR, OIL LEVEL;AR;1
WE3876291-1;PRESSURE;NE;1
WE3876293-1;SWITCH;NE;1
WE3876294-1;SWITCH: PRESSURE,SENSOR;NE;1
WE3876295-2;EXCITER;AR;1
WE3876295-5;EXCITER;AR;1
WE3876295-6;EXCITER;AR;1
WE3876352-1;SENSOR;AR;1
WE3876352-1;SENSOR;NE;1
WE3876352-2;TGT PROBE;AR;1
WE3876352-2;TGT PROBE;AR;1
WE3881781-1;Lube Pump Assy;NE;1
WE3883962-1;MANIFOLD;NE;1
WE3885046-1;VALVE;NE;1
WE3888439-1;EXCITER;NE;1
WE3888442-1;LEAD;NE;1
WE3888446-1;High Spark Ignitor;NE;1
WE3888471-1;HARNESS;RP;1
WE3888474-1;HARNESS;NE;1
WH102;RING;SV;1
WL328;LAMP;NE;50
WL328;LAMP;NE;50
WL328;LAMP;NE;62
WL628;LAMP;NE;1
WL7839;LAMP;NE;6
WL998502-15;LIGHT BULB;NE;60
WLA7079B24;LAMP;NE;20
WLA7512-24;BULB;NE;19
WSI-332L-11W;STAND OFF-SPACER;NE;10
WSMB0504;BEARING;SV;1
X-117-4;SEALING RING;NE;1
Y242-5;ENGINE IGNITER;SV;1
Y242-5;ENGINE IGNITER;AR;1
Y242-5;ENGINE IGNITER;NE;1
Y242-5;ENGINE IGNITER;NE;1
Y242-5;ENGINE IGNITER;SV;1
Z1;CL 300 MAIN AND NOSE WHEEL TOOLING;SV;1
Z2;NOSE STEERING CONTROL UNIT;SV;1
ZWKN7-94SK1;BEARING;NE;1
