D30665311;D30665-311;ESCAPE SLIDE;;OVERHAUL;;;X;X;;X;;;;;;;;;;;;;;X;;;;;;X;;;;;;;;;;;;;;;;;;;;;;;;;;;;;;;;;;;;;;;;;;;;;;;;;;;;;;;;;;;;;;;;;;;;;;;;X;;X;
D30665405;D30665-405;ESCAPE SLIDE RAFT;;OVERHAUL;;;X;X;;X;;;;;;;;;;;;;;X;;;;;;X;;;;;;;;;;;;;;;;;;;;;;;;;;;;;;;;;;;;;;;;;;;;;;;;;;;;;;;;;;;;;;;;;;;;;;;;X;;;
D30665409;D30665-409;ESCAPE SLIDE RAFT;;OVERHAUL;;;X;X;;X;;;;;;;;;;;;;;X;;;;;;X;;;;;;;;;;;;;;;;;;;;;;;;;;;;;;;;;;;;;;;;;;;;;;;;;;;;;;;;;;;;;;;;;;;;;;;;X;;;
D30665505;D30665-505;ESCAPE SLIDE;;OVERHAUL;;;X;X;;X;;;;;;;;;;;;;;X;;;;;;X;;;; ;;;;;;;;;; ;;;;;;;;;;;;;;;;;;;;;;;;;;;;;;;;;;;;;;;;;;;;;;;;;;;;;;;;;;X;;X;
D30665509;D30665-509;ESCAPE SLIDE;;OVERHAUL;;;X;X;;X;;;;;;;;;;;;;;X;;;;;;X;;;; ;;;;;;;;;; ;;;;;;;;;;;;;;;;;;;;;;;;;;;;;;;;;;;;;;;;;;;;;;;;;;;;;;;;;;X;;X;
D30665511;D30665-511;ESCAPE SLIDE;;OVERHAUL;;;X;X;;X;;;;;;;;;;;;;; ;;;;;;X;;;;X;;;X;;;;;;; ;;;;;;;;;;;;;;;;;;;;;;;;;;;;;;;;;;;;;;;;;;;;;;;;;;;;;;;;;;X;;X;
D31735101;D31735-101;SLIDE ESCAPE AFT;;OVERHAUL;;;X;X;;X;;;;;;;;;;;;;;;;;;;;;;;;;;;;;;;;;;;;;;;;;;;;;;;;;;;;;;;;;;;;;;;;;;;;;;;;;;;;;;;;;;;;;;X;X;; ;;;X;;X;
D31735105;D31735-105;SLIDE ESCAPE AFT;;OVERHAUL;;;X;X;;X;;;;;;;;;;;;;;;;;;;;;;;;;;;;;;;;;;;;;;;;;;;;;;;;;;;;;;;;;;;;;;;;;;;;;;;;;;;;;;;;;;;;;;X;X;; ;;;X;;X;
D31793101;D31793-101;SLIDE FORWARD;;OVERHAUL;;;X;X;;X;;;;;;;;;;;;;;;;;;;;;;;;;;;;;;;;;;;;;;;;;;;;;;;;;;;;;;;;;;;;;;;;;;;;;;;;;;;;;;;;;;;;;;X;X;; ;;;X;;X;
D31793105;D31793-105;SLIDE FORWARD;;OVERHAUL;;;X;X;;X;;;;;;;;;;;;;;;;;;;;;;;;;;;;;;;;;;;;;;;;;;;;;;;;;;;;;;;;;;;;;;;;;;;;;;;;;;;;;;;;;;;;;;X;X;;X;;;X;;X;
D31840101;D31840-101;ESCAPE SLIDE PAX DOOR;;OVERHAUL;;;X;X;; ;;;;;;;;;;;;;;;;;;;;;;;;;;;;;;;;;;;;;;;;;;;;;;;;;;;;;;;;;;;;;;;;;;;;;;;;;;;;;;;;;;;;;;X;X;;X;;;X;;X;
D31840105;D31840-105;ESCAPE SLIDE PAX DOOR;;OVERHAUL;;;X;X;; ;;;;;;;;;;;;;;;;;;;;;;;;;;;;;;;;;;;;;;;;;;;;;;;;;;;;;;;;;;;;;;;;;;;;;;;;;;;;;;;;;;;;;;X;X;;X;;;X;;X;
D31840115;D31840-115;ESCAPE SLIDE PAX DOOR;;OVERHAUL;;;X;X;;X;;;;;;;;;;;;;;X;X;;;;;;;;;;;;;;;;;;;;;;;;;;;;;;;;;;;;;;;;;;;;;;;;;;;;;;;;;;;;;;;;;;;;;;;;;;;;;X;;;
D31865102;D31865-102;ESCAPE SLIDE;;OVERHAUL;;;X;X;;X;;;;;;;;;;;;;;X;X;;;;;;;;;;;;;;;;;;;;;;;;;;;;;;;;;;;;;;;;;;;;;;;;;;;;;;;;;;;;;;;;;;;;;;;;;;;;;X;;;
D31865104;D31865-104;ESCAPE SLIDE;;OVERHAUL;;;X;X;;X;;;;;;;;;;;;;;X;X;;;;;;;;;;;;;;;;;;;;;;;;;;;;;;;;;;;;;;;;;;;;;;;;;;;;;;;;;;;;;;;;;;;;;;;;;;;;;X;;;
D31865106;D31865-106;ESCAPE SLIDE;;OVERHAUL;;;X;X;;X;;;;;;;;;;;;;;X;;;;;X;X;X;;;;;;;;;;;;;;;;;;;;;;;;;;;;;;;;;;;;;;;;;;;;;;;;;;;;;;;;;;;;;;;;;;;;;;;X;;;
D31865109;D31865-109;ESCAPE SLIDE;;OVERHAUL;;;X;X;;X;;;;;;;;;;;;;;X;;;;;X;X;X;;;;;;;;;;;;;;;;;;;;;;;;;;;;;;;;;;;;;;;;;;;;;;;;;;;;;;;;;;;;;;;;;;;;;;;X;;;
D31865110;D31865-110;ESCAPE SLIDE;;OVERHAUL;;;X;X;;X;;;;;;;;;;;;;;X;;;;;X;X;X;;;;;;;;;;;;;;;;;;;;;;;;;;;;;;;;;;;;;;;;;;;;;;;;;;;;;;;;;;;;;;;;;;;;;;;X;;;
D31865111;D31865-111;ESCAPE SLIDE;;OVERHAUL;;;X;X;;X;;;;;;;;;;;;;;X;;;;;X;X;X;;;;;;;;;;;;;;;;;;;;;;;;;;;;;;;;;;;;;;;;;;;;;;;;;;;;;;;;;;;;;;;;;;;;;;;X;;;
D31865112;D31865-112;ESCAPE SLIDE;;OVERHAUL;;;X;X;;X;;;;;;;;;;;;;;X;;;;;X;X;X;;;;;;;;;;;;;;;;;;;;;;;;;;;;;;;;;;;;;;;;;;;;;;;;;;;;;;;;;;;;;;;;;;;;;;;X;;;
D31865209;D31865-209;ESCAPE SLIDE;;OVERHAUL;;;X;X;;X;;;;;;;;;;;;;;X;;;;;X;X;X;;;;;;;;;;;;;;;;;;;;;;;;;;;;;;;;;;;;;;;;;;;;;;;;;;;;;;;;;;;;;;;;;;;;;;;X;;;
D31865210;D31865-210;ESCAPE SLIDE;;OVERHAUL;;;X;X;;X;;;;;;;;;;;;;;X;;;;;X;X;X;;;;;;;;;;;;;;;;;;;;;;;;;;;;;;;;;;;;;;;;;;;;;;;;;;;;;;;;;;;;;;;;;;;;;;;X;;;
D31865309;D31865-309;ESCAPE SLIDE;;OVERHAUL;;;X;X;;X;;;;;;;;;;;;;;X;;;;;X;X;X;;;;;;;;;;;;;;;;;;;;;;;;;;;;;;;;;;;;;;;;;;;;;;;;;;;;;;;;;;;;;;;;;;;;;;;X;;;
D31865310;D31865-310;ESCAPE SLIDE;;OVERHAUL;;;X;X;;X;;;;;;;;;;;;;;X;;;;;X;X;X;;;;;;;;;;;;;;;;;;;;;;;;;;;;;;;;;;;;;;;;;;;;;;;;;;;;;;;;;;;;;;;;;;;;;;;X;;;
D31865311;D31865-311;ESCAPE SLIDE;;OVERHAUL;;;X;X;;X;;;;;;;;;;;;;;X;;;;;X;X;X;;;;;;;;;;;;;;;;;;;;;;;;;;;;;;;;;;;;;;;;;;;;;;;;;;;;;;;;;;;;;;;;;;;;;;;X;;;
D31865312;D31865-312;ESCAPE SLIDE;;OVERHAUL;;;X;X;;X;;;;;;;;;;;;;;X;;;;;X;X;X;;;;;;;;;;;;;;;;;;;;;;;;;;;;;;;;;;;;;;;;;;;;;;;;;;;;;;;;;;;;;;;;;;;;;;;X;;;
D31873101;D31873-101;SLIDE FORWARD;;OVERHAUL;;;X;X;;X;;;;;;;;;;;;;;;;;;;;;;;;;;;;;;;;;;;;;;;;;;;;;;;;;;;;;;;;;;;;;;;;;;;;;;;;;;;;;;;;;;;;;;X;X;;X;;;X;;X;
D31886101;D31886-101;ESCAPE SLIDE AFT;;OVERHAUL;;;X;X;;;;;;;;;;;;;;;;;;;;;;;;;;;;;;;;;;;;;;;;;;;;;;;;;;;;;;;;;;;;;;;;;;;;;;;;;;;;;;;;;;;;;;;;X;X;;;;;X;;X;
D3214021220000;D3214021220000;PIN;OVERHAUL;;;;X;X;X;X;X;;;;;;;;;;;;;X;;;;;;;;;;;;;;;;;;;;;;;;;;;;;;;;;;;;;;;;;;;;;;;;;;;;;;;;;;;;;;;;;;;;;;;;;;;;;X;;;;
D3214021500000;D3214021500000;PIN ASSY, MLG;OVERHAUL;;;;X;X;X;X;X;;;;;;;;;;;;;X;;;;;;;;;;;;;;;;;;;;;;;;;;;;;;;;;;;;;;;;;;;;;;;;;;;;;;;;;;;;;;;;;;;;;;;;;;;;;X;;;;
D3214022000000;D3214022000000;NUT ASSY - PINTLE PIN;OVERHAUL;;;;X;X;X;X;X;;;;;;;;;;;;;X;;;;;;X;;;;;;;;;;;;;;;;;;;;;;;;;;;;;;;;;;;;;;;;;;;;;;;;;;;;;;;;;;;;;;;;;;;;;;;X;;;;
D3214022000200;D3214022000200;NUT ASSY - PINTLE PIN;OVERHAUL;;;;X;X;X;X;X;;;;;;;;;;;;;X;;;;;;X;;;;;;;;;;;;;;;;;;;;;;;;;;;;;;;;;;;;;;;;;;;;;;;;;;;;;;;;;;;;;;;;;;;;;;;X;;;;
D3215303000000;D3215303000000;PIN;OVERHAUL;;;;X;X;X;X;X;;;;;;;;;;;;;X;;;;;;;;;;;;;;;;;;;;;;;;;;;;;;;;;;;;;;;;;;;;;;;;;;;;;;;;;;;;;;;;;;;;;;;;;;;;;X;;;;
D32153030002;D32153030002;PIN;OVERHAUL;;;;X;X;X;X;;;;;;;;;;;;;;X;;;;;X;X;X;;;;;;;;;;;;;;;;;;;;;;;;;;;;;;;;;;;;;;;;;;;;;;;;;;;;;;;;;;;;;;;;;;;;;;X;;;;
D3215303000200;D3215303000200;PIN MLG;OVERHAUL;;;;X;X;X;X;;;;;;;;;;;;;;X;;;;X;X;X;X;;;;;;;;;;;;;;;;;;;;;;;;;;;;;;;;;;;;;;;;;;;;;;;;;;;;;;;;;;;;;;;;;;;;;;X;;;;
D3215303000201;D3215303000201;PIN;OVERHAUL;;;;X;X;X;X;X;;;;;;;;;;;;;X;;;;;;x;;;;;;;;;;;;;;;;;;;;;;;;;;;;;;;;;;;;;;;;;;;;;;;;;;;;;;;;;;;;;;;;;;;;;;;X;;;;
D32153030004;D32153030004;PIN;OVERHAUL;;;;X;X;X;X;;;;;;;;;;;;;;X;;;;;X;X;X;;;;;;;;;;;;;;;;;;;;;;;;;;;;;;;;;;;;;;;;;;;;;;;;;;;;;;;;;;;;;;;;;;;;;;X;;;;
D3215303000400;D3215303000400;PIN;OVERHAUL;;;;X;X;X;X;X;;;;;;;;;;;;;X;;;;;X;X;X;;;;;;;;;;;;;;;;;;;;;;;;;;;;;;;;;;;;;;;;;;;;;;;;;;;;;;;;;;;;;;;;;;;;;;X;;;;
D3215303000401;D3215303000401;REAR PINTLE PIN;OVERHAUL;;;;X;X;X;X;;;;;;;;;;;;;;X;;;;;X;X;X;;;;;;;;;;;;;;;;;;;;;;;;;;;;;;;;;;;;;;;;;;;;;;;;;;;;;;;;;;;;;;;;;;;;;;X;;;;
D32153030006;D32153030006;PIN;OVERHAUL;;;;X;X;X;X;X;;;;;;;;;;;;;X;;;;;;x;;;;;;;;;;;;;;;;;;;;;;;;;;;;;;;;;;;;;;;;;;;;;;;;;;;;;;;;;;;;;;;;;;;;;;;X;;;;
D3215303000600;D3215303000600;PIN;OVERHAUL;;;;X;X;X;X;X;;;;;;;;;;;;;X;;;;;X;X;X;;;;;;;;;;;;;;;;;;;;;;;;;;;;;;;;;;;;;;;;;;;;;;;;;;;;;;;;;;;;;;;;;;;;;;X;;;;
D3215303000601;D3215303000601;PIN;OVERHAUL;;;;X;X;X;X;;;;;;;;;;;;;;X;;;;;;X;X;;;;;;;;;;;;;;;;;;;;;;;;;;;;;;;;;;;;;;;;;;;;;;;;;;;;;;;;;;;;;;;;;;;;;;X;;;;
D3215303000800;D3215303000800;PIN MLG;OVERHAUL;;;;X;X;X;X;;;;;;;;;;;;;;X;;;;X;X;X;X;;;;;;;;;;;;;;;;;;;;;;;;;;;;;;;;;;;;;;;;;;;;;;;;;;;;;;;;;;;;;;;;;;;;;;X;;;;
D3215303000801;D3215303000801;PIN;OVERHAUL;;;;X;X;X;X;X;;;;;;;;;;;;;X;;;;;;x;;;;;;;;;;;;;;;;;;;;;;;;;;;;;;;;;;;;;;;;;;;;;;;;;;;;;;;;;;;;;;;;;;;;;;;X;;;;
D3215303200000;D3215303200000;PIN ASSY, MLG;OVERHAUL;;;;X;X;X;X;X;;;;;;;;;;;;;X;;;;;;X;;;;;;;;;;;;;;;;;;;;;;;;;;;;;;;;;;;;;;;;;;;;;;;;;;;;;;;;;;;;;;;;;;;;;;;X;;;;
D32153032002;D32153032002;PIN ASSY;OVERHAUL;;;;X;X;X;X;;;;;;;;;;;;;;X;;;;;;X;;;;;;;;;;;;;;;;;;;;;;;;;;;;;;;;;;;;;;;;;;;;;;;;;;;;;;;;;;;;;;;;;;;;;;;X;;;;
D3215303200200;D3215303200200;PIN ASSY, MLG;OVERHAUL;;;;X;X;X;X;X;;;;;;;;;;;;;X;;;;;X;X;;;;;;;;;;;;;;;;;;;;;;;;;;;;;;;;;;;;;;;;;;;;;;;;;;;;;;;;;;;;;;;;;;;;;;;X;;;;
D3215303200400;D3215303200400;PIN ASSY, MLG;OVERHAUL;;;;X;X;X;X;X;;;;;;;;;;;;;X;;;;;X;X;;;;;;;;;;;;;;;;;;;;;;;;;;;;;;;;;;;;;;;;;;;;;;;;;;;;;;;;;;;;;;;;;;;;;;;X;;;;
D3215303200600;D3215303200600;PIN ASSY, MLG;OVERHAUL;;;;X;X;X;X;X;;;;;;;;;;;;;X;;;;X;X;X;;;;;;;;;;;;;;;;;;;;;;;;;;;;;;;;;;;;;;;;;;;;;;;;;;;;;;;;;;;;;;;;;;;;;;;X;;;;
D3215303200800;D3215303200800;MLG PIN ASSY;OVERHAUL;;;;X;X;X;X;X;;;;;;;;;;;;;X;;;;X;X;X;X;;;;;;;;;;;;;;;;;;;;;;;;;;;;;;;;;;;;;;;;;;;;;;;;;;;;;;;;;;;;;;;;;;;;;;X;;;;
D32156004000;D32156004000;PIN ASSY;OVERHAUL;;;;X;X;X;X;;;;;;;;;;;;;;X;;;;;;;X;;;;;;;;;;;;;;;;;;;;;;;;;;;;;;;;;;;;;;;;;;;;;;;;;;;;;;;;;;;;;;;;;;;;;;X;;;;
D3215600400000;D3215600400000;PIN ASSY, MLG;OVERHAUL;;;;X;X;X;X;X;;;;;;;;;;;;;X;;;;;;;X;;;;;;;;;;;;;;;;;;;;;;;;;;;;;;;;;;;;;;;;;;;;;;;;;;;;;;;;;;;;;;;;;;;;;;X;;;;
D3215600400200;D3215600400200;PIN ASSY, MLG;OVERHAUL;;;;X;X;X;X;X;;;;;;;;;;;;;X;;;;;;;X;;;;;;;;;;;;;;;;;;;;;;;;;;;;;;;;;;;;;;;;;;;;;;;;;;;;;;;;;;;;;;;;;;;;;;X;;;;
D3215600400400;D3215600400400;MAIN LANDING GEAR PIN ASSEMBLY;OVERHAUL;;;;X;X;X;X;;;;;;;;;;;;;;X;;;;;;;X;;;;;;;;;;;;;;;;;;;;;;;;;;;;;;;;;;;;;;;;;;;;;;;;;;;;;;;;;;;;;;;;;;;;;;X;;;;
D3215600400600;D3215600400600;PIN ASSY, MLG;OVERHAUL;;;;X;X;X;X;X;;;;;;;;;;;;;X;;;;;;;;;;;;;;;;;;;;;;;;;;;;;;;;;;;;;;;;;;;;;;;;;;;;;;;;;;;;;;;;;;;;;;;;;;;;;X;;;;
D3215600500000;D3215600500000;PIN;OVERHAUL;;;;X;X;X;X;X;;;;;;;;;;;;;X;;;;;;;;;;;;;;;;;;;;;;;;;;;;;;;;;;;;;;;;;;;;;;;;;;;;;;;;;;;;;;;;;;;;;;;;;;;;;X;;;;
D3215600500001;D3215600500001;PIN;OVERHAUL;;;;X;X;X;X;X;;;;;;;;;;;;;X;;;;X;X;X;X;;;;;;;;;;;;;;;;;;;;;;;;;;;;;;;;;;;;;;;;;;;;;;;;;;;;;;;;;;;;;;;;;;;;;;X;;;;
D3215600500200;D3215600500200;PIN;OVERHAUL;;;;X;X;X;X;X;;;;;;;;;;;;;X;;;;;;;;;;;;;;;;;;;;;;;;;;;;;;;;;;;;;;;;;;;;;;;;;;;;;;;;;;;;;;;;;;;;;;;;;;;;;X;;;;
D3215600500201;D3215600500201;PIN;OVERHAUL;;;;X;X;X;X;;;;;;;;;;;;;;X;;;;;;X;;;;;;;;;;;;;;;;;;;;;;;;;;;;;;;;;;;;;;;;;;;;;;;;;;;;;;;;;;;;;;;;;;;;;;;X;;;;
D3215600500400;D3215600500400;PIN;OVERHAUL;;;;X;X;X;X;X;;;;;;;;;;;;;X;;;;;;;;;;;;;;;;;;;;;;;;;;;;;;;;;;;;;;;;;;;;;;;;;;;;;;;;;;;;;;;;;;;;;;;;;;;;;X;;;;
D3215600500401;D3215600500401;PIN;OVERHAUL;;;;X;X;X;X;;;;;;;;;;;;;;X;;;;;;X;;;;;;;;;;;;;;;;;;;;;;;;;;;;;;;;;;;;;;;;;;;;;;;;;;;;;;;;;;;;;;;;;;;;;;;X;;;;
D3215600500600;D3215600500600;PIN;OVERHAUL;;;;X;X;X;X;;;;;;;;;;;;;;X;;;;X;X;X;X;;;;;;;;;;;;;;;;;;;;;;;;;;;;;;;;;;;;;;;;;;;;;;;;;;;;;;;;;;;;;;;;;;;;;;X;;;;
D3215600500601;D3215600500601;PIN;OVERHAUL;;;;X;X;X;X;X;;;;;;;;;;;;;X;;;;X;X;X;X;;;;;;;;;;;;;;;;;;;;;;;;;;;;;;;;;;;;;;;;;;;;;;;;;;;;;;;;;;;;;;;;;;;;;;X;;;;
D3215601000000;D3215601000000;NUT ASSY - PINTLE PIN;OVERHAUL;;;;X;X;X;X;X;;;;;;;;;;;;;X;;;;;;X;;;;;;;;;;;;;;;;;;;;;;;;;;;;;;;;;;;;;;;;;;;;;;;;;;;;;;;;;;;;;;;;;;;;;;;X;;;;
D3215601000200;D3215601000200;NUT ASSY - PINTLE PIN;OVERHAUL;;;;X;X;X;X;X;;;;;;;;;;;;;X;;;;;;X;;;;;;;;;;;;;;;;;;;;;;;;;;;;;;;;;;;;;;;;;;;;;;;;;;;;;;;;;;;;;;;;;;;;;;;X;;;;
D33390701;D33390-701;PANEL;;REPAIR;;;X;X;;;;;;;;;;;;;;;;;;;;;;;;;;;;;;;;;;;;;;;;;;;;;;;;;;;;;;;;;;;;;;;;;;;;;;;;;;;;;;;;;;;;;;;;X;X;;;;;X;;X;
D33390702;D33390-702;TRAPPE;;REPAIR;;;X;X;;;;;;;;;;;;;;;;;;;;;;;;;;;;;;;;;;;;;;;;;;;;;;;;;;;;;;;;;;;;;;;;;;;;;;;;;;;;;;;;;;;;;;;;X;X;;;;;X;;X;
D37141403;D37141-403;HEAT SHIELD;;REPAIR;;;X;X;;X;;;;;;;;;;;;;;;;;;;;;;;;;;;;;;;;;;;;;;;;;;;;;;;;;;;;;;;;;;;;;;;;;;;;;;;;;;;;;;;;;;;;;;X;X;;;;;X;;;
D41428;D41428;HALON PRESSURE REDUCER;REPAIR;;;;X;X;X;X;X;;;;;;;;;;;;;X;;;;;;X;;;;;;;;;;;;;;;;;;;;;;;;;;;;;;;;;;;;;;;;;;;;;;;;;;;;;;;;;;;;;;;;;;;;;;;X;;;;
D41552;D41552;HALON PRESSURE REDUCER;REPAIR;;;;X;X;X;X;X;;;;;;;;;;;;;X;;;;;;X;;;;;;;;;;;;;;;;;;;;;;;;;;;;;;;;;;;;;;;;;;;;;;;;;;;;;;;;;;;;;;;;;;;;;;;X;;;;
D43126405;D43126-405;BOX ASSEMBLY;;REPAIR;;;X;X;;X;;;;;;;;;;;;;;;;;;;;;;;;;;;;;;;;;;;;;;;;;;;;;;;;;;;;;;;;;;;;;;;;;;;;;;;;;;;;;;;;;;;;;;X;X;;;;;X;;;
D43126407;D43126-407;BOX ASSEMBLY;;REPAIR;;;X;X;;X;;;;;;;;;;;;;;;;;;;;;;;;;;;;;;;;;;;;;;;;;;;;;;;;;;;;;;;;;;;;;;;;;;;;;;;;;;;;;;;;;;;;;;X;X;;;;;X;;;
D43126413;D43126-413;THRUST LEVEL SWITCH BOX LH;;REPAIR;;;X;X;;X;;;;;;;;;;;;;;;;;;;;;;;;;;;;;;;;;;;;;;;;;;;;;;;;;;;;;;;;;;;;;;;;;;;;;;;;;;;;;;;;;;;;;;X;X;;;;;X;;;
D43126415;D43126-415;THRUST LEVEL SWITCH BOX LH;;REPAIR;;;X;X;;X;;;;;;;;;;;;;;;;;;;;;;;;;;;;;;;;;;;;;;;;;;;;;;;;;;;;;;;;;;;;;;;;;;;;;;;;;;;;;;;;;;;;;;X;X;;;;;X;;;
D43126417;D43126-417;THRUST LEVEL SWITCH BOX LH;;REPAIR;;;X;X;;X;;;;;;;;;;;;;;;;;;;;;;;;;;;;;;;;;;;;;;;;;;;;;;;;;;;;;;;;;;;;;;;;;;;;;;;;;;;;;;;;;;;;;;X;X;;;;;X;;;
D43126427;D43126-427;BOX ASSY;;REPAIR;;;X;X;;X;;;;;;;;;;;;;;;;;;;;;;;;;;;;;;;;;;;;;;;;;;;;;;;;;;;;;;;;;;;;;;;;;;;;;;;;;;;;;;;;;;;;;;X;X;;;;;X;;;
D43126433;D43126-433;BOX;;REPAIR;;;X;X;;X;;;;;;;;;;;;;;;;;;;;;;;;;;;;;;;;;;;;;;;;;;;;;;;;;;;;;;;;;;;;;;;;;;;;;;;;;;;;;;;;;;;;;;X;X;;;;;X;;;
D43126435;D43126-435;BOX;;REPAIR;;;X;X;;X;;;;;;;;;;;;;;;;;;;;;;;;;;;;;;;;;;;;;;;;;;;;;;;;;;;;;;;;;;;;;;;;;;;;;;;;;;;;;;;;;;;;;;X;X;;;;;X;;;
D43126441;D43126-441;BOX;;REPAIR;;;X;X;;X;;;;;;;;;;;;;;;;;;;;;;;;;;;;;;;;;;;;;;;;;;;;;;;;;;;;;;;;;;;;;;;;;;;;;;;;;;;;;;;;;;;;;;X;X;;;;;X;;;
D43126443;D43126-443;BOX;;REPAIR;;;X;X;;X;;;;;;;;;;;;;;;;;;;;;;;;;;;;;;;;;;;;;;;;;;;;;;;;;;;;;;;;;;;;;;;;;;;;;;;;;;;;;;;;;;;;;;X;X;;;;;X;;;
D43229413;D43229-413;PANEL ASSY LANDING GEAR;;REPAIR;;;X;X;;X;;;;;;;;;;;;;;;;;;;;;;;;;;;;;;;;;;;;;;;;;;;;;;;;;;;;;;;;;;;;;;;;;;;;;;;;;;;;;;;;;;;;;;X;X;;;;;X;;;
D43229415;D43229-415;HANDLE;;REPAIR;;;X;X;;;;;;;;;;;;;;;;;;;;;;;;;;;;;;;;;;;;;;;;;;;;;;;;;;;;;;;;;;;;;;;;;;;;;;;;;;;;;;;;;;;;;;;;X;;X;;;;X;;;
D47008401;D47008-401;ENGINE START CONTROL PANEL;;REPAIR;;;X;X;;X;;;;;;;;;;;;;;;;;;;;;;;;;;;;;;;;;;;;;;;;;;;;;;;;;;;;;;;;;;;;;;;;;;;;;;;;;;;;;;;;;;;;;;X;X;;;;;X;;;
D47008403;D47008-403;ENGINE START CONTROL PANEL;;REPAIR;;;X;X;;X;;;;;;;;;;;;;;;;;;;;;;;;;;;;;;;;;;;;;;;;;;;;;;;;;;;;;;;;;;;;;;;;;;;;;;;;;;;;;;;;;;;;;;X;X;;;;;X;;;
D49082;D49082;ROD;OVERHAUL;;;;X;X;X;X;X;;;;;;;;;;;;;;;;;;;;;;;;;;;;;;;;;;;;;;;;;;;;;;;;X;;;;;;;;;;;;;;;;;;;;;;;;;;;;;;;;;;;;;;;;;;X;;;;
D5241012500100;D5241012500100;AVIONICS COMPARTMENT DOOR (FWD);REPAIR;;;;X;X;;;;;;;;;;;;;;;;;;;;X;X;X;X;;;;;;;;;;;;;;;;;;;;;;;;;;;;;;;;;;;;;;;;;;;;;;;;;;;;;;;;;;;;;;;;;;;;;;X;;;X;
D5241012500300;D5241012500300;AVIONICS COMPARTMENT DOOR (FWD);REPAIR;;;;X;X;;;;;;;;;;;;;;;;;;;;X;X;X;X;;;;;;;;;;;;;;;;;;;;;;;;;;;;;;;;;;;;;;;;;;;;;;;;;;;;;;;;;;;;;;;;;;;;;;X;;;X;
D5241012500500;D5241012500500;AVIONICS COMPARTMENT DOOR (FWD);REPAIR;;;;X;X;;;;;;;;;;;;;;;;;;;;X;X;X;X;;;;;;;;;;;;;;;;;;;;;;;;;;;;;;;;;;;;;;;;;;;;;;;;;;;;;;;;;;;;;;;;;;;;;;X;;;X;
D5241012500700;D5241012500700;AVIONICS COMPARTMENT DOOR (FWD);REPAIR;;;;X;X;;;;;;;;;;;;;;;;;;;;X;X;X;X;;;;;;;;;;;;;;;;;;;;;;;;;;;;;;;;;;;;;;;;;;;;;;;;;;;;;;;;;;;;;;;;;;;;;;X;;;X;
D5241012500900;D5241012500900;AVIONICS COMPARTMENT DOOR (FWD);REPAIR;;;;X;X;;;;;;;;;;;;;;;;;;;;X;X;X;X;;;;;;;;;;;;;;;;;;;;;;;;;;;;;;;;;;;;;;;;;;;;;;;;;;;;;;;;;;;;;;;;;;;;;;X;;;X;
D5241012501100;D5241012501100;AVIONICS COMPARTMENT DOOR (FWD);REPAIR;;;;X;X;;;;;;;;;;;;;;;;;;;;X;X;X;X;;;;;;;;;;;;;;;;;;;;;;;;;;;;;;;;;;;;;;;;;;;;;;;;;;;;;;;;;;;;;;;;;;;;;;X;;;X;
D5241012501300;D5241012501300;AVIONICS COMPARTMENT DOOR (FWD);REPAIR;;;;X;X;;;;;;;;;;;;;;;;;;;;X;X;X;X;;;;;;;;;;;;;;;;;;;;;;;;;;;;;;;;;;;;;;;;;;;;;;;;;;;;;;;;;;;;;;;;;;;;;;X;;;X;
D5241012501500;D5241012501500;AVIONICS COMPARTMENT DOOR (FWD);REPAIR;;;;X;X;;;;;;;;;;;;;;;;;;;;X;X;X;X;;;;;;;;;;;;;;;;;;;;;;;;;;;;;;;;;;;;;;;;;;;;;;;;;;;;;;;;;;;;;;;;;;;;;;X;;;X;
D5241012501700;D5241012501700;AVIONICS COMPARTMENT DOOR (FWD);REPAIR;;;;X;X;;;;;;;;;;;;;;;;;;;;X;X;X;X;;;;;;;;;;;;;;;;;;;;;;;;;;;;;;;;;;;;;;;;;;;;;;;;;;;;;;;;;;;;;;;;;;;;;;X;;;X;
D5241012501900;D5241012501900;AVIONICS COMPARTMENT DOOR (FWD);REPAIR;;;;X;X;;;;;;;;;;;;;;;;;;;;X;X;X;X;;;;;;;;;;;;;;;;;;;;;;;;;;;;;;;;;;;;;;;;;;;;;;;;;;;;;;;;;;;;;;;;;;;;;;X;;;X;
D5241012502100;D5241012502100;AVIONICS COMPARTMENT DOOR (FWD);REPAIR;;;;X;X;;;;;;;;;;;;;;;;;;;;X;X;X;X;;;;;;;;;;;;;;;;;;;;;;;;;;;;;;;;;;;;;;;;;;;;;;;;;;;;;;;;;;;;;;;;;;;;;;X;;;X;
D5241012502300;D5241012502300;AVIONICS COMPARTMENT DOOR (FWD);REPAIR;;;;X;X;;;;;;;;;;;;;;;;;;;;X;X;X;X;;;;;;;;;;;;;;;;;;;;;;;;;;;;;;;;;;;;;;;;;;;;;;;;;;;;;;;;;;;;;;;;;;;;;;X;;;X;
D5241014800100;D5241014800100;AVIONICS COMPARTMENT DOOR RH;REPAIR;;;;X;X;;;;;;;;;;;;;;;;;;;;X;X;X;X;;;;;;;;;;;;;;;;;;;;;;;;;;;;;;;;;;;;;;;;;;;;;;;;;;;;;;;;;;;;;;;;;;;;;;X;;;X;
D5241014800300;D5241014800300;AVIONICS COMPARTMENT DOOR RH;REPAIR;;;;X;X;;;;;;;;;;;;;;;;;;;;X;X;X;X;;;;;;;;;;;;;;;;;;;;;;;;;;;;;;;;;;;;;;;;;;;;;;;;;;;;;;;;;;;;;;;;;;;;;;X;;;X;
D5241014800500;D5241014800500;AVIONICS COMPARTMENT DOOR RH;REPAIR;;;;X;X;;;;;;;;;;;;;;;;;;;;X;X;X;X;;;;;;;;;;;;;;;;;;;;;;;;;;;;;;;;;;;;;;;;;;;;;;;;;;;;;;;;;;;;;;;;;;;;;;X;;;X;
D5241018000100;D5241018000100;AVIONICS COMPARTMENT DOOR LH;REPAIR;;;;X;X;;;;;;;;;;;;;;;;;;;;X;X;X;X;;;;;;;;;;;;;;;;;;;;;;;;;;;;;;;;;;;;;;;;;;;;;;;;;;;;;;;;;;;;;;;;;;;;;;X;;;X;
D5241018000300;D5241018000300;AVIONICS COMPARTMENT DOOR LH;REPAIR;;;;X;X;;;;;;;;;;;;;;;;;;;;X;X;X;X;;;;;;;;;;;;;;;;;;;;;;;;;;;;;;;;;;;;;;;;;;;;;;;;;;;;;;;;;;;;;;;;;;;;;;X;;;X;
D5241018000500;D5241018000500;AVIONICS COMPARTMENT DOOR LH;REPAIR;;;;X;X;;;;;;;;;;;;;;;;;;;;X;X;X;X;;;;;;;;;;;;;;;;;;;;;;;;;;;;;;;;;;;;;;;;;;;;;;;;;;;;;;;;;;;;;;;;;;;;;;X;;;X;
D5241020700100;D5241020700100;AVIONICS COMPARTMENT DOOR AFT;REPAIR;;;;X;X;;;;;;;;;;;;;;;;;;;;X;X;X;X;;;;;;;;;;;;;;;;;;;;;;;;;;;;;;;;;;;;;;;;;;;;;;;;;;;;;;;;;;;;;;;;;;;;;;X;;;X;
D5241020700300;D5241020700300;AVIONICS COMPARTMENT DOOR AFT;REPAIR;;;;X;X;;;;;;;;;;;;;;;;;;;;X;X;X;X;;;;;;;;;;;;;;;;;;;;;;;;;;;;;;;;;;;;;;;;;;;;;;;;;;;;;;;;;;;;;;;;;;;;;;X;;;X;
D5241020700500;D5241020700500;AVIONICS COMPARTMENT DOOR AFT;REPAIR;;;;X;X;;;;;;;;;;;;;;;;;;;;X;X;X;X;;;;;;;;;;;;;;;;;;;;;;;;;;;;;;;;;;;;;;;;;;;;;;;;;;;;;;;;;;;;;;;;;;;;;;X;;;X;
D5241020700700;D5241020700700;AVIONICS COMPARTMENT DOOR AFT;REPAIR;;;;X;X;;;;;;;;;;;;;;;;;;;;X;X;X;X;;;;;;;;;;;;;;;;;;;;;;;;;;;;;;;;;;;;;;;;;;;;;;;;;;;;;;;;;;;;;;;;;;;;;;X;;;X;
D5241200900100;D5241200900100;AVIONICS COMPARTMENT DOOR (FWD);REPAIR;;;;X;X;;;;;;;;;;;;;;;;;;;;X;X;X;X;;;;;;;;;;;;;;;;;;;;;;;;;;;;;;;;;;;;;;;;;;;;;;;;;;;;;;;;;;;;;;;;;;;;;;X;;;X;
D5241200900300;D5241200900300;AVIONICS COMPARTMENT DOOR (FWD);REPAIR;;;;X;X;;;;;;;;;;;;;;;;;;;;X;X;X;X;;;;;;;;;;;;;;;;;;;;;;;;;;;;;;;;;;;;;;;;;;;;;;;;;;;;;;;;;;;;;;;;;;;;;;X;;;X;
D5241200900500;D5241200900500;AVIONICS COMPARTMENT DOOR (FWD);REPAIR;;;;X;X;;;;;;;;;;;;;;;;;;;;X;X;X;X;;;;;;;;;;;;;;;;;;;;;;;;;;;;;;;;;;;;;;;;;;;;;;;;;;;;;;;;;;;;;;;;;;;;;;X;;;X;
D5241200900700;D5241200900700;AVIONICS COMPARTMENT DOOR (FWD);REPAIR;;;;X;X;;;;;;;;;;;;;;;;;;;;X;X;X;X;;;;;;;;;;;;;;;;;;;;;;;;;;;;;;;;;;;;;;;;;;;;;;;;;;;;;;;;;;;;;;;;;;;;;;X;;;X;
D5241202800100;D5241202800100;AVIONICS COMPARTMENT DOOR LH;REPAIR;;;;X;X;;;;;;;;;;;;;;;;;;;;X;X;X;X;;;;;;;;;;;;;;;;;;;;;;;;;;;;;;;;;;;;;;;;;;;;;;;;;;;;;;;;;;;;;;;;;;;;;;X;;;X;
D5241202800300;D5241202800300;AVIONICS COMPARTMENT DOOR LH;REPAIR;;;;X;X;;;;;;;;;;;;;;;;;;;;X;X;X;X;;;;;;;;;;;;;;;;;;;;;;;;;;;;;;;;;;;;;;;;;;;;;;;;;;;;;;;;;;;;;;;;;;;;;;X;;;X;
D5241203300100;D5241203300100;AVIONICS COMPARTMENT DOOR AFT;REPAIR;;;;X;X;;;;;;;;;;;;;;;;;;;;X;X;X;X;;;;;;;;;;;;;;;;;;;;;;;;;;;;;;;;;;;;;;;;;;;;;;;;;;;;;;;;;;;;;;;;;;;;;;X;;;X;
D5241203300300;D5241203300300;AVIONICS COMPARTMENT DOOR AFT;REPAIR;;;;X;X;;;;;;;;;;;;;;;;;;;;X;X;X;X;;;;;;;;;;;;;;;;;;;;;;;;;;;;;;;;;;;;;;;;;;;;;;;;;;;;;;;;;;;;;;;;;;;;;;X;;;X;
D5241203800100;D5241203800100;AVIONICS COMPARTMENT DOOR RH;REPAIR;;;;X;X;;;;;;;;;;;;;;;;;;;;X;X;X;X;;;;;;;;;;;;;;;;;;;;;;;;;;;;;;;;;;;;;;;;;;;;;;;;;;;;;;;;;;;;;;;;;;;;;;X;;;X;
D5241203800300;D5241203800300;AVIONICS COMPARTMENT DOOR RH;REPAIR;;;;X;X;;;;;;;;;;;;;;;;;;;;X;X;X;X;;;;;;;;;;;;;;;;;;;;;;;;;;;;;;;;;;;;;;;;;;;;;;;;;;;;;;;;;;;;;;;;;;;;;;X;;;X;
D5241206200000;D5241206200000;AVIONICS COMPARTMENT DOOR (FWD);REPAIR;;;;X;X;;;;;;;;;;;;;;;;;;;;X;X;X;X;;;;;;;;;;;;;;;;;;;;;;;;;;;;;;;;;;;;;;;;;;;;;;;;;;;;;;;;;;;;;;;;;;;;;;X;;;X;
D5241206200200;D5241206200200;AVIONICS COMPARTMENT DOOR (FWD);REPAIR;;;;X;X;;;;;;;;;;;;;;;;;;;;X;X;X;X;;;;;;;;;;;;;;;;;;;;;;;;;;;;;;;;;;;;;;;;;;;;;;;;;;;;;;;;;;;;;;;;;;;;;;X;;;X;
D5241206200500;D5241206200500;AVIONICS COMPARTMENT DOOR (FWD);REPAIR;;;;X;X;;;;;;;;;;;;;;;;;;;;X;X;X;X;;;;;;;;;;;;;;;;;;;;;;;;;;;;;;;;;;;;;;;;;;;;;;;;;;;;;;;;;;;;;;;;;;;;;;X;;;X;
D5241208100000;D5241208100000;AVIONICS COMPARTMENT DOOR (FWD);REPAIR;;;;X;X;;;;;;;;;;;;;;;;;;;;X;X;X;X;;;;;;;;;;;;;;;;;;;;;;;;;;;;;;;;;;;;;;;;;;;;;;;;;;;;;;;;;;;;;;;;;;;;;;X;;;X;
D5241208300000;D5241208300000;AVIONICS COMPARTMENT DOOR RH;REPAIR;;;;X;X;;;;;;;;;;;;;;;;;;;;X;X;X;X;;;;;;;;;;;;;;;;;;;;;;;;;;;;;;;;;;;;;;;;;;;;;;;;;;;;;;;;;;;;;;;;;;;;;;X;;;X;
D5241208400000;D5241208400000;AVIONICS COMPARTMENT DOOR LH;REPAIR;;;;X;X;;;;;;;;;;;;;;;;;;;;X;X;X;X;;;;;;;;;;;;;;;;;;;;;;;;;;;;;;;;;;;;;;;;;;;;;;;;;;;;;;;;;;;;;;;;;;;;;;X;;;X;
D5241208500000;D5241208500000;AVIONICS COMPARTMENT DOOR AFT;REPAIR;;;;X;X;;;;;;;;;;;;;;;;;;;;X;X;X;X;;;;;;;;;;;;;;;;;;;;;;;;;;;;;;;;;;;;;;;;;;;;;;;;;;;;;;;;;;;;;;;;;;;;;;X;;;X;
D5248500000000;D5248500000000;APU DOOR MAINTENANCE;REPAIR;;;;X;X;;;;;;;;;;;;;;;;;;;;X;X;X;X;;;;;;;;;;;;;;;;;;;;;;;;;;;;;;;;;;;;;;;;;;;;;;;;;;;;;;;;;;;;;;;;;;;;;;X;;;X;
D5248500000200;D5248500000200;APU DOOR MAINTENANCE;REPAIR;;;;X;X;;;;;;;;;;;;;;;;;;;;X;X;X;X;;;;;;;;;;;;;;;;;;;;;;;;;;;;;;;;;;;;;;;;;;;;;;;;;;;;;;;;;;;;;;;;;;;;;;X;;;X;
D5248500000400;D5248500000400;APU DOOR MAINTENANCE;REPAIR;;;;X;X;;;;;;;;;;;;;;;;;;;;X;X;X;X;;;;;;;;;;;;;;;;;;;;;;;;;;;;;;;;;;;;;;;;;;;;;;;;;;;;;;;;;;;;;;;;;;;;;;X;;;X;
D5248500000600;D5248500000600;APU DOOR MAINTENANCE;REPAIR;;;;X;X;;;;;;;;;;;;;;;;;;;;X;X;X;X;;;;;;;;;;;;;;;;;;;;;;;;;;;;;;;;;;;;;;;;;;;;;;;;;;;;;;;;;;;;;;;;;;;;;;X;;;X;
D5248500000800;D5248500000800;APU DOOR MAINTENANCE;REPAIR;;;;X;X;;;;;;;;;;;;;;;;;;;;X;X;X;X;;;;;;;;;;;;;;;;;;;;;;;;;;;;;;;;;;;;;;;;;;;;;;;;;;;;;;;;;;;;;;;;;;;;;;X;;;X;
D5248500001000;D5248500001000;APU DOOR MAINTENANCE;REPAIR;;;;X;X;;;;;;;;;;;;;;;;;;;;X;X;X;X;;;;;;;;;;;;;;;;;;;;;;;;;;;;;;;;;;;;;;;;;;;;;;;;;;;;;;;;;;;;;;;;;;;;;;X;;;X;
D5248520000000;D5248520000000;APU DOOR MAINTENANCE;REPAIR;;;;X;X;;;;;;;;;;;;;;;;;;;;X;X;X;X;;;;;;;;;;;;;;;;;;;;;;;;;;;;;;;;;;;;;;;;;;;;;;;;;;;;;;;;;;;;;;;;;;;;;;X;;;X;
D5248520000200;D5248520000200;APU DOOR MAINTENANCE;REPAIR;;;;X;X;;;;;;;;;;;;;;;;;;;;X;X;X;X;;;;;;;;;;;;;;;;;;;;;;;;;;;;;;;;;;;;;;;;;;;;;;;;;;;;;;;;;;;;;;;;;;;;;;X;;;X;
D5248520000400;D5248520000400;APU DOOR MAINTENANCE;REPAIR;;;;X;X;;;;;;;;;;;;;;;;;;;;X;X;X;X;;;;;;;;;;;;;;;;;;;;;;;;;;;;;;;;;;;;;;;;;;;;;;;;;;;;;;;;;;;;;;;;;;;;;;X;;;X;
D5248520000600;D5248520000600;APU DOOR MAINTENANCE;REPAIR;;;;X;X;;;;;;;;;;;;;;;;;;;;X;X;X;X;;;;;;;;;;;;;;;;;;;;;;;;;;;;;;;;;;;;;;;;;;;;;;;;;;;;;;;;;;;;;;;;;;;;;;X;;;X;
D5248520000800;D5248520000800;APU DOOR MAINTENANCE;REPAIR;;;;X;X;;;;;;;;;;;;;;;;;;;;X;X;X;X;;;;;;;;;;;;;;;;;;;;;;;;;;;;;;;;;;;;;;;;;;;;;;;;;;;;;;;;;;;;;;;;;;;;;;X;;;X;
D5248520001000;D5248520001000;APU DOOR MAINTENANCE;REPAIR;;;;X;X;;;;;;;;;;;;;;;;;;;;X;X;X;X;;;;;;;;;;;;;;;;;;;;;;;;;;;;;;;;;;;;;;;;;;;;;;;;;;;;;;;;;;;;;;;;;;;;;;X;;;X;
D5248520001200;D5248520001200;APU DOOR MAINTENANCE;REPAIR;;;;X;X;;;;;;;;;;;;;;;;;;;;X;X;X;X;;;;;;;;;;;;;;;;;;;;;;;;;;;;;;;;;;;;;;;;;;;;;;;;;;;;;;;;;;;;;;;;;;;;;;X;;;X;
D5248550000000;D5248550000000;APU DOOR MAINTENANCE;REPAIR;;;;X;X;;;;;;;;;;;;;;;;;;;;X;X;X;X;;;;;;;;;;;;;;;;;;;;;;;;;;;;;;;;;;;;;;;;;;;;;;;;;;;;;;;;;;;;;;;;;;;;;;X;;;X;
D5248550000200;D5248550000200;APU DOOR MAINTENANCE;REPAIR;;;;X;X;;;;;;;;;;;;;;;;;;;;X;X;X;X;;;;;;;;;;;;;;;;;;;;;;;;;;;;;;;;;;;;;;;;;;;;;;;;;;;;;;;;;;;;;;;;;;;;;;X;;;X;
D5248550000400;D5248550000400;APU DOOR MAINTENANCE;REPAIR;;;;X;X;;;;;;;;;;;;;;;;;;;;X;X;X;X;;;;;;;;;;;;;;;;;;;;;;;;;;;;;;;;;;;;;;;;;;;;;;;;;;;;;;;;;;;;;;;;;;;;;;X;;;X;
D5248550000600;D5248550000600;APU DOOR MAINTENANCE;REPAIR;;;;X;X;;;;;;;;;;;;;;;;;;;;X;X;X;X;;;;;;;;;;;;;;;;;;;;;;;;;;;;;;;;;;;;;;;;;;;;;;;;;;;;;;;;;;;;;;;;;;;;;;X;;;X;
D5248550000800;D5248550000800;APU DOOR MAINTENANCE;REPAIR;;;;X;X;;;;;;;;;;;;;;;;;;;;X;X;X;X;;;;;;;;;;;;;;;;;;;;;;;;;;;;;;;;;;;;;;;;;;;;;;;;;;;;;;;;;;;;;;;;;;;;;;X;;;X;
D5248550001000;D5248550001000;APU DOOR MAINTENANCE;REPAIR;;;;X;X;;;;;;;;;;;;;;;;;;;;X;X;X;X;;;;;;;;;;;;;;;;;;;;;;;;;;;;;;;;;;;;;;;;;;;;;;;;;;;;;;;;;;;;;;;;;;;;;;X;;;X;
D5248550001400;D5248550001400;APU DOOR MAINTENANCE;REPAIR;;;;X;X;;;;;;;;;;;;;;;;;;;;X;X;X;X;;;;;;;;;;;;;;;;;;;;;;;;;;;;;;;;;;;;;;;;;;;;;;;;;;;;;;;;;;;;;;;;;;;;;;X;;;X;
D5248570000000;D5248570000000;APU DOOR MAINTENANCE;REPAIR;;;;X;X;;;;;;;;;;;;;;;;;;;;X;X;X;X;;;;;;;;;;;;;;;;;;;;;;;;;;;;;;;;;;;;;;;;;;;;;;;;;;;;;;;;;;;;;;;;;;;;;;X;;;X;
D5248570000200;D5248570000200;APU DOOR MAINTENANCE;REPAIR;;;;X;X;;;;;;;;;;;;;;;;;;;;X;X;X;X;;;;;;;;;;;;;;;;;;;;;;;;;;;;;;;;;;;;;;;;;;;;;;;;;;;;;;;;;;;;;;;;;;;;;;X;;;X;
D5248570000400;D5248570000400;APU DOOR MAINTENANCE;REPAIR;;;;X;X;;;;;;;;;;;;;;;;;;;;X;X;X;X;;;;;;;;;;;;;;;;;;;;;;;;;;;;;;;;;;;;;;;;;;;;;;;;;;;;;;;;;;;;;;;;;;;;;;X;;;X;
D5248570000600;D5248570000600;APU DOOR MAINTENANCE;REPAIR;;;;X;X;;;;;;;;;;;;;;;;;;;;X;X;X;X;;;;;;;;;;;;;;;;;;;;;;;;;;;;;;;;;;;;;;;;;;;;;;;;;;;;;;;;;;;;;;;;;;;;;;X;;;X;
D5248570000800;D5248570000800;APU DOOR MAINTENANCE;REPAIR;;;;X;X;;;;;;;;;;;;;;;;;;;;X;X;X;X;;;;;;;;;;;;;;;;;;;;;;;;;;;;;;;;;;;;;;;;;;;;;;;;;;;;;;;;;;;;;;;;;;;;;;X;;;X;
D5248570001000;D5248570001000;APU DOOR MAINTENANCE;REPAIR;;;;X;X;;;;;;;;;;;;;;;;;;;;X;X;X;X;;;;;;;;;;;;;;;;;;;;;;;;;;;;;;;;;;;;;;;;;;;;;;;;;;;;;;;;;;;;;;;;;;;;;;X;;;X;
D5248570001200;D5248570001200;APU DOOR MAINTENANCE;REPAIR;;;;X;X;;;;;;;;;;;;;;;;;;;;X;X;X;X;;;;;;;;;;;;;;;;;;;;;;;;;;;;;;;;;;;;;;;;;;;;;;;;;;;;;;;;;;;;;;;;;;;;;;X;;;X;
D5248570001400;D5248570001400;APU DOOR MAINTENANCE;REPAIR;;;;X;X;;;;;;;;;;;;;;;;;;;;X;X;X;X;;;;;;;;;;;;;;;;;;;;;;;;;;;;;;;;;;;;;;;;;;;;;;;;;;;;;;;;;;;;;;;;;;;;;;X;;;X;
D5261000300100;D5261000300100;DOOR - ENTRANCE STAIRS;REPAIR;;;;X;X;;;;;;;;;;;;;;;;;;;;X;X;X;X;;;;;;;;;;;;;;;;;;;;;;;;;;;;;;;;;;;;;;;;;;;;;;;;;;;;;;;;;;;;;;;;;;;;;;X;;;X;
D5261000300200;D5261000300200;DOOR - ENTRANCE STAIRS;REPAIR;;;;X;X;;;;;;;;;;;;;;;;;;;;X;X;X;X;;;;;;;;;;;;;;;;;;;;;;;;;;;;;;;;;;;;;;;;;;;;;;;;;;;;;;;;;;;;;;;;;;;;;;X;;;X;
D5281001800400;D5281001800400;NLG FWD DOORS;REPAIR;;;;X;X;;;;;;;;;;;;;;;;;;;;X;X;X;X;;;;;;;;;;;;;;;;;;;;;;;;;;;;;;;;;;;;;;;;;;;;;;;;;;;;;;;;;;;;;;;;;;;;;;X;;;X;
D5281001800500;D5281001800500;NLG FWD DOORS;REPAIR;;;;X;X;;;;;;;;;;;;;;;;;;;;X;X;X;X;;;;;;;;;;;;;;;;;;;;;;;;;;;;;;;;;;;;;;;;;;;;;;;;;;;;;;;;;;;;;;;;;;;;;;X;;;X;
D5281004500800;D5281004500800;NLG AFT DOORS;REPAIR;;;;X;X;;;;;;;;;;;;;;;;;;;;X;X;X;X;;;;;;;;;;;;;;;;;;;;;;;;;;;;;;;;;;;;;;;;;;;;;;;;;;;;;;;;;;;;;;;;;;;;;;X;;;X;
D5281004500900;D5281004500900;NLG AFT DOORS;REPAIR;;;;X;X;;;;;;;;;;;;;;;;;;;;X;X;X;X;;;;;;;;;;;;;;;;;;;;;;;;;;;;;;;;;;;;;;;;;;;;;;;;;;;;;;;;;;;;;;;;;;;;;;X;;;X;
D5281008900400;D5281008900400;NLG AFT DOORS;REPAIR;;;;X;X;;;;;;;;;;;;;;;;;;;;X;X;X;X;;;;;;;;;;;;;;;;;;;;;;;;;;;;;;;;;;;;;;;;;;;;;;;;;;;;;;;;;;;;;;;;;;;;;;X;;;X;
D5281008900500;D5281008900500;NLG AFT DOORS;REPAIR;;;;X;X;;;;;;;;;;;;;;;;;;;;X;X;X;X;;;;;;;;;;;;;;;;;;;;;;;;;;;;;;;;;;;;;;;;;;;;;;;;;;;;;;;;;;;;;;;;;;;;;;X;;;X;
D5281008900800;D5281008900800;NLG AFT DOORS;REPAIR;;;;X;X;;;;;;;;;;;;;;;;;;;;X;X;X;X;;;;;;;;;;;;;;;;;;;;;;;;;;;;;;;;;;;;;;;;;;;;;;;;;;;;;;;;;;;;;;;;;;;;;;X;;;X;
D5281008900900;D5281008900900;NLG AFT DOORS;REPAIR;;;;X;X;;;;;;;;;;;;;;;;;;;;X;X;X;X;;;;;;;;;;;;;;;;;;;;;;;;;;;;;;;;;;;;;;;;;;;;;;;;;;;;;;;;;;;;;;;;;;;;;;X;;;X;
D5281008901200;D5281008901200;NLG AFT DOORS;REPAIR;;;;X;X;;;;;;;;;;;;;;;;;;;;X;X;X;X;;;;;;;;;;;;;;;;;;;;;;;;;;;;;;;;;;;;;;;;;;;;;;;;;;;;;;;;;;;;;;;;;;;;;;X;;;X;
D5281008901300;D5281008901300;NLG AFT DOORS;REPAIR;;;;X;X;;;;;;;;;;;;;;;;;;;;X;X;X;X;;;;;;;;;;;;;;;;;;;;;;;;;;;;;;;;;;;;;;;;;;;;;;;;;;;;;;;;;;;;;;;;;;;;;;X;;;X;
D5281008901600;D5281008901600;NLG AFT DOORS;REPAIR;;;;X;X;;;;;;;;;;;;;;;;;;;;X;X;X;X;;;;;;;;;;;;;;;;;;;;;;;;;;;;;;;;;;;;;;;;;;;;;;;;;;;;;;;;;;;;;;;;;;;;;;X;;;X;
D5281008901700;D5281008901700;NLG AFT DOORS;REPAIR;;;;X;X;;;;;;;;;;;;;;;;;;;;X;X;X;X;;;;;;;;;;;;;;;;;;;;;;;;;;;;;;;;;;;;;;;;;;;;;;;;;;;;;;;;;;;;;;;;;;;;;;X;;;X;
D5281009400000;D5281009400000;NLG AFT DOORS;REPAIR;;;;X;X;;;;;;;;;;;;;;;;;;;;X;X;X;X;;;;;;;;;;;;;;;;;;;;;;;;;;;;;;;;;;;;;;;;;;;;;;;;;;;;;;;;;;;;;;;;;;;;;;X;;;X;
D5281009400100;D5281009400100;NLG AFT DOORS;REPAIR;;;;X;X;;;;;;;;;;;;;;;;;;;;X;X;X;X;;;;;;;;;;;;;;;;;;;;;;;;;;;;;;;;;;;;;;;;;;;;;;;;;;;;;;;;;;;;;;;;;;;;;;X;;;X;
D5281010800400;D5281010800400;NLG AFT DOORS;REPAIR;;;;X;X;;;;;;;;;;;;;;;;;;;;X;X;X;X;;;;;;;;;;;;;;;;;;;;;;;;;;;;;;;;;;;;;;;;;;;;;;;;;;;;;;;;;;;;;;;;;;;;;;X;;;X;
D5281010800500;D5281010800500;NLG AFT DOORS;REPAIR;;;;X;X;;;;;;;;;;;;;;;;;;;;X;X;X;X;;;;;;;;;;;;;;;;;;;;;;;;;;;;;;;;;;;;;;;;;;;;;;;;;;;;;;;;;;;;;;;;;;;;;;X;;;X;
D5281010800800;D5281010800800;NLG AFT DOORS;REPAIR;;;;X;X;;;;;;;;;;;;;;;;;;;;X;X;X;X;;;;;;;;;;;;;;;;;;;;;;;;;;;;;;;;;;;;;;;;;;;;;;;;;;;;;;;;;;;;;;;;;;;;;;X;;;X;
D5281010800900;D5281010800900;NLG AFT DOORS;REPAIR;;;;X;X;;;;;;;;;;;;;;;;;;;;X;X;X;X;;;;;;;;;;;;;;;;;;;;;;;;;;;;;;;;;;;;;;;;;;;;;;;;;;;;;;;;;;;;;;;;;;;;;;X;;;X;
D5281010801200;D5281010801200;NLG AFT DOORS;REPAIR;;;;X;X;;;;;;;;;;;;;;;;;;;;X;X;X;X;;;;;;;;;;;;;;;;;;;;;;;;;;;;;;;;;;;;;;;;;;;;;;;;;;;;;;;;;;;;;;;;;;;;;;X;;;X;
D5281010801300;D5281010801300;NLG AFT DOORS;REPAIR;;;;X;X;;;;;;;;;;;;;;;;;;;;X;X;X;X;;;;;;;;;;;;;;;;;;;;;;;;;;;;;;;;;;;;;;;;;;;;;;;;;;;;;;;;;;;;;;;;;;;;;;X;;;X;
D5281011000000;D5281011000000;NLG FWD DOORS;REPAIR;;;;X;X;;;;;;;;;;;;;;;;;;;;X;X;X;X;;;;;;;;;;;;;;;;;;;;;;;;;;;;;;;;;;;;;;;;;;;;;;;;;;;;;;;;;;;;;;;;;;;;;;X;;;X;
D5281011000100;D5281011000100;NLG FWD DOORS;REPAIR;;;;X;X;;;;;;;;;;;;;;;;;;;;X;X;X;X;;;;;;;;;;;;;;;;;;;;;;;;;;;;;;;;;;;;;;;;;;;;;;;;;;;;;;;;;;;;;;;;;;;;;;X;;;X;
D5281011000200;D5281011000200;NLG FWD DOORS;REPAIR;;;;X;X;;;;;;;;;;;;;;;;;;;;X;X;X;X;;;;;;;;;;;;;;;;;;;;;;;;;;;;;;;;;;;;;;;;;;;;;;;;;;;;;;;;;;;;;;;;;;;;;;X;;;X;
D5281011000300;D5281011000300;NLG FWD DOORS;REPAIR;;;;X;X;;;;;;;;;;;;;;;;;;;;X;X;X;X;;;;;;;;;;;;;;;;;;;;;;;;;;;;;;;;;;;;;;;;;;;;;;;;;;;;;;;;;;;;;;;;;;;;;;X;;;X;
D5281011000400;D5281011000400;NLG FWD DOORS;REPAIR;;;;X;X;;;;;;;;;;;;;;;;;;;;X;X;X;X;;;;;;;;;;;;;;;;;;;;;;;;;;;;;;;;;;;;;;;;;;;;;;;;;;;;;;;;;;;;;;;;;;;;;;X;;;X;
D5281011000500;D5281011000500;NLG FWD DOORS;REPAIR;;;;X;X;;;;;;;;;;;;;;;;;;;;X;X;X;X;;;;;;;;;;;;;;;;;;;;;;;;;;;;;;;;;;;;;;;;;;;;;;;;;;;;;;;;;;;;;;;;;;;;;;X;;;X;
D5281011000600;D5281011000600;NLG FWD DOORS;REPAIR;;;;X;X;;;;;;;;;;;;;;;;;;;;X;X;X;X;;;;;;;;;;;;;;;;;;;;;;;;;;;;;;;;;;;;;;;;;;;;;;;;;;;;;;;;;;;;;;;;;;;;;;X;;;X;
D5281011000700;D5281011000700;NLG FWD DOORS;REPAIR;;;;X;X;;;;;;;;;;;;;;;;;;;;X;X;X;X;;;;;;;;;;;;;;;;;;;;;;;;;;;;;;;;;;;;;;;;;;;;;;;;;;;;;;;;;;;;;;;;;;;;;;X;;;X;
D5281011000800;D5281011000800;NLG FWD DOORS;REPAIR;;;;X;X;;;;;;;;;;;;;;;;;;;;X;X;X;X;;;;;;;;;;;;;;;;;;;;;;;;;;;;;;;;;;;;;;;;;;;;;;;;;;;;;;;;;;;;;;;;;;;;;;X;;;X;
D5281011000900;D5281011000900;NLG FWD DOORS;REPAIR;;;;X;X;;;;;;;;;;;;;;;;;;;;X;X;X;X;;;;;;;;;;;;;;;;;;;;;;;;;;;;;;;;;;;;;;;;;;;;;;;;;;;;;;;;;;;;;;;;;;;;;;X;;;X;
D5281011001000;D5281011001000;NLG FWD DOORS;REPAIR;;;;X;X;;;;;;;;;;;;;;;;;;;;X;X;X;X;;;;;;;;;;;;;;;;;;;;;;;;;;;;;;;;;;;;;;;;;;;;;;;;;;;;;;;;;;;;;;;;;;;;;;X;;;X;
D5281011001100;D5281011001100;NLG FWD DOORS;REPAIR;;;;X;X;;;;;;;;;;;;;;;;;;;;X;X;X;X;;;;;;;;;;;;;;;;;;;;;;;;;;;;;;;;;;;;;;;;;;;;;;;;;;;;;;;;;;;;;;;;;;;;;;X;;;X;
D5281012700000;D5281012700000;NLG AFT DOORS;REPAIR;;;;X;X;;;;;;;;;;;;;;;;;;;;X;X;X;X;;;;;;;;;;;;;;;;;;;;;;;;;;;;;;;;;;;;;;;;;;;;;;;;;;;;;;;;;;;;;;;;;;;;;;X;;;X;
D5281012700100;D5281012700100;NLG AFT DOORS;REPAIR;;;;X;X;;;;;;;;;;;;;;;;;;;;X;X;X;X;;;;;;;;;;;;;;;;;;;;;;;;;;;;;;;;;;;;;;;;;;;;;;;;;;;;;;;;;;;;;;;;;;;;;;X;;;X;
D5281013800000;D5281013800000;NLG AFT DOORS;REPAIR;;;;X;X;;;;;;;;;;;;;;;;;;;;X;X;X;X;;;;;;;;;;;;;;;;;;;;;;;;;;;;;;;;;;;;;;;;;;;;;;;;;;;;;;;;;;;;;;;;;;;;;;X;;;X;
D5281013800100;D5281013800100;NLG AFT DOORS;REPAIR;;;;X;X;;;;;;;;;;;;;;;;;;;;X;X;X;X;;;;;;;;;;;;;;;;;;;;;;;;;;;;;;;;;;;;;;;;;;;;;;;;;;;;;;;;;;;;;;;;;;;;;;X;;;X;
D5281013800200;D5281013800200;NLG AFT DOORS;REPAIR;;;;X;X;;;;;;;;;;;;;;;;;;;;X;X;X;X;;;;;;;;;;;;;;;;;;;;;;;;;;;;;;;;;;;;;;;;;;;;;;;;;;;;;;;;;;;;;;;;;;;;;;X;;;X;
D5281013800300;D5281013800300;NLG AFT DOORS;REPAIR;;;;X;X;;;;;;;;;;;;;;;;;;;;X;X;X;X;;;;;;;;;;;;;;;;;;;;;;;;;;;;;;;;;;;;;;;;;;;;;;;;;;;;;;;;;;;;;;;;;;;;;;X;;;X;
D5281013800400;D5281013800400;NLG AFT DOORS;REPAIR;;;;X;X;;;;;;;;;;;;;;;;;;;;X;X;X;X;;;;;;;;;;;;;;;;;;;;;;;;;;;;;;;;;;;;;;;;;;;;;;;;;;;;;;;;;;;;;;;;;;;;;;X;;;X;
D5281013800500;D5281013800500;NLG AFT DOORS;REPAIR;;;;X;X;;;;;;;;;;;;;;;;;;;;X;X;X;X;;;;;;;;;;;;;;;;;;;;;;;;;;;;;;;;;;;;;;;;;;;;;;;;;;;;;;;;;;;;;;;;;;;;;;X;;;X;
D5281013800600;D5281013800600;NLG AFT DOORS;REPAIR;;;;X;X;;;;;;;;;;;;;;;;;;;;X;X;X;X;;;;;;;;;;;;;;;;;;;;;;;;;;;;;;;;;;;;;;;;;;;;;;;;;;;;;;;;;;;;;;;;;;;;;;X;;;X;
D5281013800700;D5281013800700;NLG AFT DOORS;REPAIR;;;;X;X;;;;;;;;;;;;;;;;;;;;X;X;X;X;;;;;;;;;;;;;;;;;;;;;;;;;;;;;;;;;;;;;;;;;;;;;;;;;;;;;;;;;;;;;;;;;;;;;;X;;;X;
D5281013800800;D5281013800800;NLG AFT DOORS;REPAIR;;;;X;X;;;;;;;;;;;;;;;;;;;;X;X;X;X;;;;;;;;;;;;;;;;;;;;;;;;;;;;;;;;;;;;;;;;;;;;;;;;;;;;;;;;;;;;;;;;;;;;;;X;;;X;
D5281013800900;D5281013800900;NLG AFT DOORS;REPAIR;;;;X;X;;;;;;;;;;;;;;;;;;;;X;X;X;X;;;;;;;;;;;;;;;;;;;;;;;;;;;;;;;;;;;;;;;;;;;;;;;;;;;;;;;;;;;;;;;;;;;;;;X;;;X;
D5281013801000;D5281013801000;NLG AFT DOORS;REPAIR;;;;X;X;;;;;;;;;;;;;;;;;;;;X;X;X;X;;;;;;;;;;;;;;;;;;;;;;;;;;;;;;;;;;;;;;;;;;;;;;;;;;;;;;;;;;;;;;;;;;;;;;X;;;X;
D5281013801100;D5281013801100;NLG AFT DOORS;REPAIR;;;;X;X;;;;;;;;;;;;;;;;;;;;X;X;X;X;;;;;;;;;;;;;;;;;;;;;;;;;;;;;;;;;;;;;;;;;;;;;;;;;;;;;;;;;;;;;;;;;;;;;;X;;;X;
D5281013801200;D5281013801200;NLG AFT DOORS;REPAIR;;;;X;X;;;;;;;;;;;;;;;;;;;;X;X;X;X;;;;;;;;;;;;;;;;;;;;;;;;;;;;;;;;;;;;;;;;;;;;;;;;;;;;;;;;;;;;;;;;;;;;;;X;;;X;
D5281013801300;D5281013801300;NLG AFT DOORS;REPAIR;;;;X;X;;;;;;;;;;;;;;;;;;;;X;X;X;X;;;;;;;;;;;;;;;;;;;;;;;;;;;;;;;;;;;;;;;;;;;;;;;;;;;;;;;;;;;;;;;;;;;;;;X;;;X;
D5281014200000;D5281014200000;NLG FWD DOORS;REPAIR;;;;X;X;;;;;;;;;;;;;;;;;;;;X;X;X;X;;;;;;;;;;;;;;;;;;;;;;;;;;;;;;;;;;;;;;;;;;;;;;;;;;;;;;;;;;;;;;;;;;;;;;X;;;X;
D5281014200095;D5281014200095;NLG FWD DOORS;REPAIR;;;;X;X;;;;;;;;;;;;;;;;;;;;X;X;X;X;;;;;;;;;;;;;;;;;;;;;;;;;;;;;;;;;;;;;;;;;;;;;;;;;;;;;;;;;;;;;;;;;;;;;;X;;;X;
D5281014200100;D5281014200100;NLG FWD DOORS;REPAIR;;;;X;X;;;;;;;;;;;;;;;;;;;;X;X;X;X;;;;;;;;;;;;;;;;;;;;;;;;;;;;;;;;;;;;;;;;;;;;;;;;;;;;;;;;;;;;;;;;;;;;;;X;;;X;
D5281014200195;D5281014200195;NLG FWD DOORS;REPAIR;;;;X;X;;;;;;;;;;;;;;;;;;;;X;X;X;X;;;;;;;;;;;;;;;;;;;;;;;;;;;;;;;;;;;;;;;;;;;;;;;;;;;;;;;;;;;;;;;;;;;;;;X;;;X;
D5281014200200;D5281014200200;NLG FWD DOORS;REPAIR;;;;X;X;;;;;;;;;;;;;;;;;;;;X;X;X;X;;;;;;;;;;;;;;;;;;;;;;;;;;;;;;;;;;;;;;;;;;;;;;;;;;;;;;;;;;;;;;;;;;;;;;X;;;X;
D5281014200295;D5281014200295;NLG FWD DOORS;REPAIR;;;;X;X;;;;;;;;;;;;;;;;;;;;X;X;X;X;;;;;;;;;;;;;;;;;;;;;;;;;;;;;;;;;;;;;;;;;;;;;;;;;;;;;;;;;;;;;;;;;;;;;;X;;;X;
D5281014200300;D5281014200300;NLG FWD DOORS;REPAIR;;;;X;X;;;;;;;;;;;;;;;;;;;;X;X;X;X;;;;;;;;;;;;;;;;;;;;;;;;;;;;;;;;;;;;;;;;;;;;;;;;;;;;;;;;;;;;;;;;;;;;;;X;;;X;
D5281014200395;D5281014200395;NLG FWD DOORS;REPAIR;;;;X;X;;;;;;;;;;;;;;;;;;;;X;X;X;X;;;;;;;;;;;;;;;;;;;;;;;;;;;;;;;;;;;;;;;;;;;;;;;;;;;;;;;;;;;;;;;;;;;;;;X;;;X;
D5281015200000;D5281015200000;NLG FWD DOORS;REPAIR;;;;X;X;;;;;;;;;;;;;;;;;;;;X;X;X;X;;;;;;;;;;;;;;;;;;;;;;;;;;;;;;;;;;;;;;;;;;;;;;;;;;;;;;;;;;;;;;;;;;;;;;X;;;X;
D5281015200095;D5281015200095;NLG FWD DOORS;REPAIR;;;;X;X;;;;;;;;;;;;;;;;;;;;X;X;X;X;;;;;;;;;;;;;;;;;;;;;;;;;;;;;;;;;;;;;;;;;;;;;;;;;;;;;;;;;;;;;;;;;;;;;;X;;;X;
D5281015200100;D5281015200100;NLG FWD DOORS;REPAIR;;;;X;X;;;;;;;;;;;;;;;;;;;;X;X;X;X;;;;;;;;;;;;;;;;;;;;;;;;;;;;;;;;;;;;;;;;;;;;;;;;;;;;;;;;;;;;;;;;;;;;;;X;;;X;
D5281015200195;D5281015200195;NLG FWD DOORS;REPAIR;;;;X;X;;;;;;;;;;;;;;;;;;;;X;X;X;X;;;;;;;;;;;;;;;;;;;;;;;;;;;;;;;;;;;;;;;;;;;;;;;;;;;;;;;;;;;;;;;;;;;;;;X;;;X;
D5281015200200;D5281015200200;NLG FWD DOORS;REPAIR;;;;X;X;;;;;;;;;;;;;;;;;;;;X;X;X;X;;;;;;;;;;;;;;;;;;;;;;;;;;;;;;;;;;;;;;;;;;;;;;;;;;;;;;;;;;;;;;;;;;;;;;X;;;X;
D5281015200295;D5281015200295;NLG FWD DOORS;REPAIR;;;;X;X;;;;;;;;;;;;;;;;;;;;X;X;X;X;;;;;;;;;;;;;;;;;;;;;;;;;;;;;;;;;;;;;;;;;;;;;;;;;;;;;;;;;;;;;;;;;;;;;;X;;;X;
D5281015200300;D5281015200300;NLG FWD DOORS;REPAIR;;;;X;X;;;;;;;;;;;;;;;;;;;;X;X;X;X;;;;;;;;;;;;;;;;;;;;;;;;;;;;;;;;;;;;;;;;;;;;;;;;;;;;;;;;;;;;;;;;;;;;;;X;;;X;
D5281015200395;D5281015200395;NLG FWD DOORS;REPAIR;;;;X;X;;;;;;;;;;;;;;;;;;;;X;X;X;X;;;;;;;;;;;;;;;;;;;;;;;;;;;;;;;;;;;;;;;;;;;;;;;;;;;;;;;;;;;;;;;;;;;;;;X;;;X;
D5281015200400;D5281015200400;NLG FWD DOORS;REPAIR;;;;X;X;;;;;;;;;;;;;;;;;;;;X;X;X;X;;;;;;;;;;;;;;;;;;;;;;;;;;;;;;;;;;;;;;;;;;;;;;;;;;;;;;;;;;;;;;;;;;;;;;X;;;X;
D5281015200495;D5281015200495;NLG FWD DOORS;REPAIR;;;;X;X;;;;;;;;;;;;;;;;;;;;X;X;X;X;;;;;;;;;;;;;;;;;;;;;;;;;;;;;;;;;;;;;;;;;;;;;;;;;;;;;;;;;;;;;;;;;;;;;;X;;;X;
D5281015200500;D5281015200500;NLG FWD DOORS;REPAIR;;;;X;X;;;;;;;;;;;;;;;;;;;;X;X;X;X;;;;;;;;;;;;;;;;;;;;;;;;;;;;;;;;;;;;;;;;;;;;;;;;;;;;;;;;;;;;;;;;;;;;;;X;;;X;
D5281015200595;D5281015200595;NLG FWD DOORS;REPAIR;;;;X;X;;;;;;;;;;;;;;;;;;;;X;X;X;X;;;;;;;;;;;;;;;;;;;;;;;;;;;;;;;;;;;;;;;;;;;;;;;;;;;;;;;;;;;;;;;;;;;;;;X;;;X;
D5281015200600;D5281015200600;NLG FWD DOORS;REPAIR;;;;X;X;;;;;;;;;;;;;;;;;;;;X;X;X;X;;;;;;;;;;;;;;;;;;;;;;;;;;;;;;;;;;;;;;;;;;;;;;;;;;;;;;;;;;;;;;;;;;;;;;X;;;X;
D5281015200700;D5281015200700;NLG FWD DOORS;REPAIR;;;;X;X;;;;;;;;;;;;;;;;;;;;X;X;X;X;;;;;;;;;;;;;;;;;;;;;;;;;;;;;;;;;;;;;;;;;;;;;;;;;;;;;;;;;;;;;;;;;;;;;;X;;;X;
D5281020600000;D5281020600000;NLG FWD DOORS;REPAIR;;;;X;X;;;;;;;;;;;;;;;;;;;;X;X;X;X;;;;;;;;;;;;;;;;;;;;;;;;;;;;;;;;;;;;;;;;;;;;;;;;;;;;;;;;;;;;;;;;;;;;;;X;;;X;
D5281020600100;D5281020600100;NLG FWD DOORS;REPAIR;;;;X;X;;;;;;;;;;;;;;;;;;;;X;X;X;X;;;;;;;;;;;;;;;;;;;;;;;;;;;;;;;;;;;;;;;;;;;;;;;;;;;;;;;;;;;;;;;;;;;;;;X;;;X;
D5281020600200;D5281020600200;NLG FWD DOORS;REPAIR;;;;X;X;;;;;;;;;;;;;;;;;;;;X;X;X;X;;;;;;;;;;;;;;;;;;;;;;;;;;;;;;;;;;;;;;;;;;;;;;;;;;;;;;;;;;;;;;;;;;;;;;X;;;X;
D5281020600300;D5281020600300;NLG FWD DOORS;REPAIR;;;;X;X;;;;;;;;;;;;;;;;;;;;X;X;X;X;;;;;;;;;;;;;;;;;;;;;;;;;;;;;;;;;;;;;;;;;;;;;;;;;;;;;;;;;;;;;;;;;;;;;;X;;;X;
D5281130300060;D5281130300060;FAIRING FIXED LEG;REPAIR;;;;X;X;;;;;;;;;;;;;;;;;;;;X;X;X;X;;;;;;;;;;;;;;;;;;;;;;;;;;;;;;;;;;;;;;;;;;;;;;;;;;;;;;;;;;;;;;;;;;;;;;X;;;X;
D5281130300160;D5281130300160;FAIRING FIXED LEG;REPAIR;;;;X;X;;;;;;;;;;;;;;;;;;;;X;X;X;X;;;;;;;;;;;;;;;;;;;;;;;;;;;;;;;;;;;;;;;;;;;;;;;;;;;;;;;;;;;;;;;;;;;;;;X;;;X;
D5284000000200;D5284000000200;FAIRING FIXED LEG;REPAIR;;;;X;X;;;;;;;;;;;;;;;;;;;;X;X;X;X;;;;;;;;;;;;;;;;;;;;;;;;;;;;;;;;;;;;;;;;;;;;;;;;;;;;;;;;;;;;;;;;;;;;;;X;;;X;
D5284000000300;D5284000000300;FAIRING FIXED LEG;REPAIR;;;;X;X;;;;;;;;;;;;;;;;;;;;X;X;X;X;;;;;;;;;;;;;;;;;;;;;;;;;;;;;;;;;;;;;;;;;;;;;;;;;;;;;;;;;;;;;;;;;;;;;;X;;;X;
D5284000000400T;D5284000000400T;FAIRING FIXED LEG;REPAIR;;;;X;X;;;;;;;;;;;;;;;;;;;;X;X;X;X;;;;;;;;;;;;;;;;;;;;;;;;;;;;;;;;;;;;;;;;;;;;;;;;;;;;;;;;;;;;;;;;;;;;;;X;;;X;
D5284000000400V;D5284000000400V;FAIRING FIXED LEG;REPAIR;;;;X;X;;;;;;;;;;;;;;;;;;;;X;X;X;X;;;;;;;;;;;;;;;;;;;;;;;;;;;;;;;;;;;;;;;;;;;;;;;;;;;;;;;;;;;;;;;;;;;;;;X;;;X;
D5284000000400W;D5284000000400W;FAIRING FIXED LEG;REPAIR;;;;X;X;;;;;;;;;;;;;;;;;;;;X;X;X;X;;;;;;;;;;;;;;;;;;;;;;;;;;;;;;;;;;;;;;;;;;;;;;;;;;;;;;;;;;;;;;;;;;;;;;X;;;X;
D5284000000400Y;D5284000000400Y;FAIRING FIXED LEG;REPAIR;;;;X;X;;;;;;;;;;;;;;;;;;;;X;X;X;X;;;;;;;;;;;;;;;;;;;;;;;;;;;;;;;;;;;;;;;;;;;;;;;;;;;;;;;;;;;;;;;;;;;;;;X;;;X;
D5284000000400Z;D5284000000400Z;FAIRING FIXED LEG;REPAIR;;;;X;X;;;;;;;;;;;;;;;;;;;;X;X;X;X;;;;;;;;;;;;;;;;;;;;;;;;;;;;;;;;;;;;;;;;;;;;;;;;;;;;;;;;;;;;;;;;;;;;;;X;;;X;
D5284000000500T;D5284000000500T;FAIRING FIXED LEG;REPAIR;;;;X;X;;;;;;;;;;;;;;;;;;;;X;X;X;X;;;;;;;;;;;;;;;;;;;;;;;;;;;;;;;;;;;;;;;;;;;;;;;;;;;;;;;;;;;;;;;;;;;;;;X;;;X;
D5284000000500V;D5284000000500V;FAIRING FIXED LEG;REPAIR;;;;X;X;;;;;;;;;;;;;;;;;;;;X;X;X;X;;;;;;;;;;;;;;;;;;;;;;;;;;;;;;;;;;;;;;;;;;;;;;;;;;;;;;;;;;;;;;;;;;;;;;X;;;X;
D5284000000500W;D5284000000500W;FAIRING FIXED LEG;REPAIR;;;;X;X;;;;;;;;;;;;;;;;;;;;X;X;X;X;;;;;;;;;;;;;;;;;;;;;;;;;;;;;;;;;;;;;;;;;;;;;;;;;;;;;;;;;;;;;;;;;;;;;;X;;;X;
D5284000000500Y;D5284000000500Y;FAIRING FIXED LEG;REPAIR;;;;X;X;;;;;;;;;;;;;;;;;;;;X;X;X;X;;;;;;;;;;;;;;;;;;;;;;;;;;;;;;;;;;;;;;;;;;;;;;;;;;;;;;;;;;;;;;;;;;;;;;X;;;X;
D5284000000500Z;D5284000000500Z;FAIRING FIXED LEG;REPAIR;;;;X;X;;;;;;;;;;;;;;;;;;;;X;X;X;X;;;;;;;;;;;;;;;;;;;;;;;;;;;;;;;;;;;;;;;;;;;;;;;;;;;;;;;;;;;;;;;;;;;;;;X;;;X;
D5284000800000T;D5284000800000T;HINGEND FAIRING, MLG;REPAIR;;;;X;X;;;;;;;;;;;;;;;;;;;;X;X;X;X;;;;;;;;;;;;;;;;;;;;;;;;;;;;;;;;;;;;;;;;;;;;;;;;;;;;;;;;;;;;;;;;;;;;;;X;;;X;
D5284000800000V;D5284000800000V;HINGEND FAIRING, MLG;REPAIR;;;;X;X;;;;;;;;;;;;;;;;;;;;X;X;X;X;;;;;;;;;;;;;;;;;;;;;;;;;;;;;;;;;;;;;;;;;;;;;;;;;;;;;;;;;;;;;;;;;;;;;;X;;;X;
D5284000800000W;D5284000800000W;HINGEND FAIRING, MLG;REPAIR;;;;X;X;;;;;;;;;;;;;;;;;;;;X;X;X;X;;;;;;;;;;;;;;;;;;;;;;;;;;;;;;;;;;;;;;;;;;;;;;;;;;;;;;;;;;;;;;;;;;;;;;X;;;X;
D5284000800000Y;D5284000800000Y;HINGEND FAIRING, MLG;REPAIR;;;;X;X;;;;;;;;;;;;;;;;;;;;X;X;X;X;;;;;;;;;;;;;;;;;;;;;;;;;;;;;;;;;;;;;;;;;;;;;;;;;;;;;;;;;;;;;;;;;;;;;;X;;;X;
D5284000800000Z;D5284000800000Z;HINGEND FAIRING, MLG;REPAIR;;;;X;X;;;;;;;;;;;;;;;;;;;;X;X;X;X;;;;;;;;;;;;;;;;;;;;;;;;;;;;;;;;;;;;;;;;;;;;;;;;;;;;;;;;;;;;;;;;;;;;;;X;;;X;
D5284000800100T;D5284000800100T;HINGEND FAIRING, MLG;REPAIR;;;;X;X;;;;;;;;;;;;;;;;;;;;X;X;X;X;;;;;;;;;;;;;;;;;;;;;;;;;;;;;;;;;;;;;;;;;;;;;;;;;;;;;;;;;;;;;;;;;;;;;;X;;;X;
D5284000800100V;D5284000800100V;HINGEND FAIRING, MLG;REPAIR;;;;X;X;;;;;;;;;;;;;;;;;;;;X;X;X;X;;;;;;;;;;;;;;;;;;;;;;;;;;;;;;;;;;;;;;;;;;;;;;;;;;;;;;;;;;;;;;;;;;;;;;X;;;X;
D5284000800100W;D5284000800100W;HINGEND FAIRING, MLG;REPAIR;;;;X;X;;;;;;;;;;;;;;;;;;;;X;X;X;X;;;;;;;;;;;;;;;;;;;;;;;;;;;;;;;;;;;;;;;;;;;;;;;;;;;;;;;;;;;;;;;;;;;;;;X;;;X;
D5284000800100Y;D5284000800100Y;HINGEND FAIRING, MLG;REPAIR;;;;X;X;;;;;;;;;;;;;;;;;;;;X;X;X;X;;;;;;;;;;;;;;;;;;;;;;;;;;;;;;;;;;;;;;;;;;;;;;;;;;;;;;;;;;;;;;;;;;;;;;X;;;X;
D5284000800100Z;D5284000800100Z;HINGEND FAIRING, MLG;REPAIR;;;;X;X;;;;;;;;;;;;;;;;;;;;X;X;X;X;;;;;;;;;;;;;;;;;;;;;;;;;;;;;;;;;;;;;;;;;;;;;;;;;;;;;;;;;;;;;;;;;;;;;;X;;;X;
D5284000800200T;D5284000800200T;HINGEND FAIRING, MLG;REPAIR;;;;X;X;;;;;;;;;;;;;;;;;;;;X;X;X;X;;;;;;;;;;;;;;;;;;;;;;;;;;;;;;;;;;;;;;;;;;;;;;;;;;;;;;;;;;;;;;;;;;;;;;X;;;X;
D5284000800200V;D5284000800200V;HINGEND FAIRING, MLG;REPAIR;;;;X;X;;;;;;;;;;;;;;;;;;;;X;X;X;X;;;;;;;;;;;;;;;;;;;;;;;;;;;;;;;;;;;;;;;;;;;;;;;;;;;;;;;;;;;;;;;;;;;;;;X;;;X;
D5284000800200Y;D5284000800200Y;HINGEND FAIRING, MLG;REPAIR;;;;X;X;;;;;;;;;;;;;;;;;;;;X;X;X;X;;;;;;;;;;;;;;;;;;;;;;;;;;;;;;;;;;;;;;;;;;;;;;;;;;;;;;;;;;;;;;;;;;;;;;X;;;X;
D5284000800200Z;D5284000800200Z;HINGEND FAIRING, MLG;REPAIR;;;;X;X;;;;;;;;;;;;;;;;;;;;X;X;X;X;;;;;;;;;;;;;;;;;;;;;;;;;;;;;;;;;;;;;;;;;;;;;;;;;;;;;;;;;;;;;;;;;;;;;;X;;;X;
D5284000800300T;D5284000800300T;HINGEND FAIRING, MLG;REPAIR;;;;X;X;;;;;;;;;;;;;;;;;;;;X;X;X;X;;;;;;;;;;;;;;;;;;;;;;;;;;;;;;;;;;;;;;;;;;;;;;;;;;;;;;;;;;;;;;;;;;;;;;X;;;X;
D5284000800300V;D5284000800300V;HINGEND FAIRING, MLG;REPAIR;;;;X;X;;;;;;;;;;;;;;;;;;;;X;X;X;X;;;;;;;;;;;;;;;;;;;;;;;;;;;;;;;;;;;;;;;;;;;;;;;;;;;;;;;;;;;;;;;;;;;;;;X;;;X;
D5284000800300Y;D5284000800300Y;HINGEND FAIRING, MLG;REPAIR;;;;X;X;;;;;;;;;;;;;;;;;;;;X;X;X;X;;;;;;;;;;;;;;;;;;;;;;;;;;;;;;;;;;;;;;;;;;;;;;;;;;;;;;;;;;;;;;;;;;;;;;X;;;X;
D5284000800300Z;D5284000800300Z;HINGEND FAIRING, MLG;REPAIR;;;;X;X;;;;;;;;;;;;;;;;;;;;X;X;X;X;;;;;;;;;;;;;;;;;;;;;;;;;;;;;;;;;;;;;;;;;;;;;;;;;;;;;;;;;;;;;;;;;;;;;;X;;;X;
D5284000800400T;D5284000800400T;HINGEND FAIRING, MLG;REPAIR;;;;X;X;;;;;;;;;;;;;;;;;;;;X;X;X;X;;;;;;;;;;;;;;;;;;;;;;;;;;;;;;;;;;;;;;;;;;;;;;;;;;;;;;;;;;;;;;;;;;;;;;X;;;X;
D5284000800400W;D5284000800400W;HINGEND FAIRING, MLG;REPAIR;;;;X;X;;;;;;;;;;;;;;;;;;;;X;X;X;X;;;;;;;;;;;;;;;;;;;;;;;;;;;;;;;;;;;;;;;;;;;;;;;;;;;;;;;;;;;;;;;;;;;;;;X;;;X;
D5284000800400Y;D5284000800400Y;HINGEND FAIRING, MLG;REPAIR;;;;X;X;;;;;;;;;;;;;;;;;;;;X;X;X;X;;;;;;;;;;;;;;;;;;;;;;;;;;;;;;;;;;;;;;;;;;;;;;;;;;;;;;;;;;;;;;;;;;;;;;X;;;X;
D5284000800400Z;D5284000800400Z;HINGEND FAIRING, MLG;REPAIR;;;;X;X;;;;;;;;;;;;;;;;;;;;X;X;X;X;;;;;;;;;;;;;;;;;;;;;;;;;;;;;;;;;;;;;;;;;;;;;;;;;;;;;;;;;;;;;;;;;;;;;;X;;;X;
D5284000800500T;D5284000800500T;HINGEND FAIRING, MLG;REPAIR;;;;X;X;;;;;;;;;;;;;;;;;;;;X;X;X;X;;;;;;;;;;;;;;;;;;;;;;;;;;;;;;;;;;;;;;;;;;;;;;;;;;;;;;;;;;;;;;;;;;;;;;X;;;X;
D5284000800500W;D5284000800500W;HINGEND FAIRING, MLG;REPAIR;;;;X;X;;;;;;;;;;;;;;;;;;;;X;X;X;X;;;;;;;;;;;;;;;;;;;;;;;;;;;;;;;;;;;;;;;;;;;;;;;;;;;;;;;;;;;;;;;;;;;;;;X;;;X;
D5284000800500Y;D5284000800500Y;HINGEND FAIRING, MLG;REPAIR;;;;X;X;;;;;;;;;;;;;;;;;;;;X;X;X;X;;;;;;;;;;;;;;;;;;;;;;;;;;;;;;;;;;;;;;;;;;;;;;;;;;;;;;;;;;;;;;;;;;;;;;X;;;X;
D5284000800500Z;D5284000800500Z;HINGEND FAIRING, MLG;REPAIR;;;;X;X;;;;;;;;;;;;;;;;;;;;X;X;X;X;;;;;;;;;;;;;;;;;;;;;;;;;;;;;;;;;;;;;;;;;;;;;;;;;;;;;;;;;;;;;;;;;;;;;;X;;;X;
D5285300300000Z;D5285300300000Z;FAIRING FIXED LEG;REPAIR;;;;X;X;;;;;;;;;;;;;;;;;;;;X;X;X;X;;;;;;;;;;;;;;;;;;;;;;;;;;;;;;;;;;;;;;;;;;;;;;;;;;;;;;;;;;;;;;;;;;;;;;X;;;X;
D5285300300100Z;D5285300300100Z;FAIRING FIXED LEG;REPAIR;;;;X;X;;;;;;;;;;;;;;;;;;;;X;X;X;X;;;;;;;;;;;;;;;;;;;;;;;;;;;;;;;;;;;;;;;;;;;;;;;;;;;;;;;;;;;;;;;;;;;;;;X;;;X;
D5285600000000T;D5285600000000T;FAIRING FIXED LEG;REPAIR;;;;X;X;;;;;;;;;;;;;;;;;;;;X;X;X;X;;;;;;;;;;;;;;;;;;;;;;;;;;;;;;;;;;;;;;;;;;;;;;;;;;;;;;;;;;;;;;;;;;;;;;X;;;X;
D5285600000000W;D5285600000000W;FAIRING FIXED LEG;REPAIR;;;;X;X;;;;;;;;;;;;;;;;;;;;X;X;X;X;;;;;;;;;;;;;;;;;;;;;;;;;;;;;;;;;;;;;;;;;;;;;;;;;;;;;;;;;;;;;;;;;;;;;;X;;;X;
D5285600000000Y;D5285600000000Y;FAIRING FIXED LEG;REPAIR;;;;X;X;;;;;;;;;;;;;;;;;;;;X;X;X;X;;;;;;;;;;;;;;;;;;;;;;;;;;;;;;;;;;;;;;;;;;;;;;;;;;;;;;;;;;;;;;;;;;;;;;X;;;X;
D5285600000000Z;D5285600000000Z;FAIRING FIXED LEG;REPAIR;;;;X;X;;;;;;;;;;;;;;;;;;;;X;X;X;X;;;;;;;;;;;;;;;;;;;;;;;;;;;;;;;;;;;;;;;;;;;;;;;;;;;;;;;;;;;;;;;;;;;;;;X;;;X;
D5285600000100T;D5285600000100T;FAIRING FIXED LEG;REPAIR;;;;X;X;;;;;;;;;;;;;;;;;;;;X;X;X;X;;;;;;;;;;;;;;;;;;;;;;;;;;;;;;;;;;;;;;;;;;;;;;;;;;;;;;;;;;;;;;;;;;;;;;X;;;X;
D5285600000100W;D5285600000100W;FAIRING FIXED LEG;REPAIR;;;;X;X;;;;;;;;;;;;;;;;;;;;X;X;X;X;;;;;;;;;;;;;;;;;;;;;;;;;;;;;;;;;;;;;;;;;;;;;;;;;;;;;;;;;;;;;;;;;;;;;;X;;;X;
D5285600000100Y;D5285600000100Y;FAIRING FIXED LEG;REPAIR;;;;X;X;;;;;;;;;;;;;;;;;;;;X;X;X;X;;;;;;;;;;;;;;;;;;;;;;;;;;;;;;;;;;;;;;;;;;;;;;;;;;;;;;;;;;;;;;;;;;;;;;X;;;X;
D5285600000100Z;D5285600000100Z;FAIRING FIXED LEG;REPAIR;;;;X;X;;;;;;;;;;;;;;;;;;;;X;X;X;X;;;;;;;;;;;;;;;;;;;;;;;;;;;;;;;;;;;;;;;;;;;;;;;;;;;;;;;;;;;;;;;;;;;;;;X;;;X;
D5285600000200B;D5285600000200B;FAIRING FIXED LEG;REPAIR;;;;X;X;;;;;;;;;;;;;;;;;;;;X;X;X;X;;;;;;;;;;;;;;;;;;;;;;;;;;;;;;;;;;;;;;;;;;;;;;;;;;;;;;;;;;;;;;;;;;;;;;X;;;X;
D5285600000200D;D5285600000200D;FAIRING FIXED LEG;REPAIR;;;;X;X;;;;;;;;;;;;;;;;;;;;X;X;X;X;;;;;;;;;;;;;;;;;;;;;;;;;;;;;;;;;;;;;;;;;;;;;;;;;;;;;;;;;;;;;;;;;;;;;;X;;;X;
D5285600000200T;D5285600000200T;FAIRING FIXED LEG;REPAIR;;;;X;X;;;;;;;;;;;;;;;;;;;;X;X;X;X;;;;;;;;;;;;;;;;;;;;;;;;;;;;;;;;;;;;;;;;;;;;;;;;;;;;;;;;;;;;;;;;;;;;;;X;;;X;
D5285600000200Y;D5285600000200Y;FAIRING FIXED LEG;REPAIR;;;;X;X;;;;;;;;;;;;;;;;;;;;X;X;X;X;;;;;;;;;;;;;;;;;;;;;;;;;;;;;;;;;;;;;;;;;;;;;;;;;;;;;;;;;;;;;;;;;;;;;;X;;;X;
D5285600000200Z;D5285600000200Z;FAIRING FIXED LEG;REPAIR;;;;X;X;;;;;;;;;;;;;;;;;;;;X;X;X;X;;;;;;;;;;;;;;;;;;;;;;;;;;;;;;;;;;;;;;;;;;;;;;;;;;;;;;;;;;;;;;;;;;;;;;X;;;X;
D5285600000300B;D5285600000300B;FAIRING FIXED LEG;REPAIR;;;;X;X;;;;;;;;;;;;;;;;;;;;X;X;X;X;;;;;;;;;;;;;;;;;;;;;;;;;;;;;;;;;;;;;;;;;;;;;;;;;;;;;;;;;;;;;;;;;;;;;;X;;;X;
D5285600000300D;D5285600000300D;FAIRING FIXED LEG;REPAIR;;;;X;X;;;;;;;;;;;;;;;;;;;;X;X;X;X;;;;;;;;;;;;;;;;;;;;;;;;;;;;;;;;;;;;;;;;;;;;;;;;;;;;;;;;;;;;;;;;;;;;;;X;;;X;
D5285600000300T;D5285600000300T;FAIRING FIXED LEG;REPAIR;;;;X;X;;;;;;;;;;;;;;;;;;;;X;X;X;X;;;;;;;;;;;;;;;;;;;;;;;;;;;;;;;;;;;;;;;;;;;;;;;;;;;;;;;;;;;;;;;;;;;;;;X;;;X;
D5285600000300Y;D5285600000300Y;FAIRING FIXED LEG;REPAIR;;;;X;X;;;;;;;;;;;;;;;;;;;;X;X;X;X;;;;;;;;;;;;;;;;;;;;;;;;;;;;;;;;;;;;;;;;;;;;;;;;;;;;;;;;;;;;;;;;;;;;;;X;;;X;
D5285600000300Z;D5285600000300Z;FAIRING FIXED LEG;REPAIR;;;;X;X;;;;;;;;;;;;;;;;;;;;X;X;X;X;;;;;;;;;;;;;;;;;;;;;;;;;;;;;;;;;;;;;;;;;;;;;;;;;;;;;;;;;;;;;;;;;;;;;;X;;;X;
D5285601000000A;D5285601000000A;FAIRING FIXED LEG;REPAIR;;;;X;X;;;;;;;;;;;;;;;;;;;;X;X;X;X;;;;;;;;;;;;;;;;;;;;;;;;;;;;;;;;;;;;;;;;;;;;;;;;;;;;;;;;;;;;;;;;;;;;;;X;;;X;
D5285601000000B;D5285601000000B;FAIRING FIXED LEG;REPAIR;;;;X;X;;;;;;;;;;;;;;;;;;;;X;X;X;X;;;;;;;;;;;;;;;;;;;;;;;;;;;;;;;;;;;;;;;;;;;;;;;;;;;;;;;;;;;;;;;;;;;;;;X;;;X;
D5285601000000D;D5285601000000D;FAIRING FIXED LEG;REPAIR;;;;X;X;;;;;;;;;;;;;;;;;;;;X;X;X;X;;;;;;;;;;;;;;;;;;;;;;;;;;;;;;;;;;;;;;;;;;;;;;;;;;;;;;;;;;;;;;;;;;;;;;X;;;X;
D5285601000000T;D5285601000000T;FAIRING FIXED LEG;REPAIR;;;;X;X;;;;;;;;;;;;;;;;;;;;X;X;X;X;;;;;;;;;;;;;;;;;;;;;;;;;;;;;;;;;;;;;;;;;;;;;;;;;;;;;;;;;;;;;;;;;;;;;;X;;;X;
D5285601000000Y;D5285601000000Y;FAIRING FIXED LEG;REPAIR;;;;X;X;;;;;;;;;;;;;;;;;;;;X;X;X;X;;;;;;;;;;;;;;;;;;;;;;;;;;;;;;;;;;;;;;;;;;;;;;;;;;;;;;;;;;;;;;;;;;;;;;X;;;X;
D5285601000000Z;D5285601000000Z;FAIRING FIXED LEG;REPAIR;;;;X;X;;;;;;;;;;;;;;;;;;;;X;X;X;X;;;;;;;;;;;;;;;;;;;;;;;;;;;;;;;;;;;;;;;;;;;;;;;;;;;;;;;;;;;;;;;;;;;;;;X;;;X;
D5285601000100A;D5285601000100A;FAIRING FIXED LEG;REPAIR;;;;X;X;;;;;;;;;;;;;;;;;;;;X;X;X;X;;;;;;;;;;;;;;;;;;;;;;;;;;;;;;;;;;;;;;;;;;;;;;;;;;;;;;;;;;;;;;;;;;;;;;X;;;X;
D5285601000100B;D5285601000100B;FAIRING FIXED LEG;REPAIR;;;;X;X;;;;;;;;;;;;;;;;;;;;X;X;X;X;;;;;;;;;;;;;;;;;;;;;;;;;;;;;;;;;;;;;;;;;;;;;;;;;;;;;;;;;;;;;;;;;;;;;;X;;;X;
D5285601000100D;D5285601000100D;FAIRING FIXED LEG;REPAIR;;;;X;X;;;;;;;;;;;;;;;;;;;;X;X;X;X;;;;;;;;;;;;;;;;;;;;;;;;;;;;;;;;;;;;;;;;;;;;;;;;;;;;;;;;;;;;;;;;;;;;;;X;;;X;
D5285601000100T;D5285601000100T;FAIRING FIXED LEG;REPAIR;;;;X;X;;;;;;;;;;;;;;;;;;;;X;X;X;X;;;;;;;;;;;;;;;;;;;;;;;;;;;;;;;;;;;;;;;;;;;;;;;;;;;;;;;;;;;;;;;;;;;;;;X;;;X;
D5285601000100Y;D5285601000100Y;FAIRING FIXED LEG;REPAIR;;;;X;X;;;;;;;;;;;;;;;;;;;;X;X;X;X;;;;;;;;;;;;;;;;;;;;;;;;;;;;;;;;;;;;;;;;;;;;;;;;;;;;;;;;;;;;;;;;;;;;;;X;;;X;
D5285601000100Z;D5285601000100Z;FAIRING FIXED LEG;REPAIR;;;;X;X;;;;;;;;;;;;;;;;;;;;X;X;X;X;;;;;;;;;;;;;;;;;;;;;;;;;;;;;;;;;;;;;;;;;;;;;;;;;;;;;;;;;;;;;;;;;;;;;;X;;;X;
D5285601000200A;D5285601000200A;FAIRING - FIXED LEG;REPAIR;;;;X;X;X;X;X;;;;;;;;;;;;;X;;;;X;X;X;X;;;;;;;;;;;;;;;;;;;;;;;;;;;;;;;;;;;;;;;;;;;;;;;;;;;;;;;;;;;;;;;;;;;;;;X;;;X;
D5285601000300A;D5285601000300A;FAIRING FIXED LEG;REPAIR;;;;X;X;;;;;;;;;;;;;;;;;;;;X;X;X;X;;;;;;;;;;;;;;;;;;;;;;;;;;;;;;;;;;;;;;;;;;;;;;;;;;;;;;;;;;;;;;;;;;;;;;X;;;X;
D5285601000400A;D5285601000400A;FAIRING FIXED LEG;REPAIR;;;;X;X;;;;;;;;;;;;;;;;;;;;X;X;X;X;;;;;;;;;;;;;;;;;;;;;;;;;;;;;;;;;;;;;;;;;;;;;;;;;;;;;;;;;;;;;;;;;;;;;;X;;;X;
D5285601000500A;D5285601000500A;FAIRING FIXED LEG;REPAIR;;;;X;X;;;;;;;;;;;;;;;;;;;;X;X;X;X;;;;;;;;;;;;;;;;;;;;;;;;;;;;;;;;;;;;;;;;;;;;;;;;;;;;;;;;;;;;;;;;;;;;;;X;;;X;
D5285601000600A;D5285601000600A;FAIRING FIXED LEG;REPAIR;;;;X;X;;;;;;;;;;;;;;;;;;;;X;X;X;X;;;;;;;;;;;;;;;;;;;;;;;;;;;;;;;;;;;;;;;;;;;;;;;;;;;;;;;;;;;;;;;;;;;;;;X;;;X;
D5285601000700A;D5285601000700A;FAIRING - FIXED LEG;REPAIR;;;;X;X;X;X;X;;;;;;;;;;;;;X;;;;X;X;X;X;;;;;;;;;;;;;;;;;;;;;;;;;;;;;;;;;;;;;;;;;;;;;;;;;;;;;;;;;;;;;;;;;;;;;;X;;;X;
D5285601000800A;D5285601000800A;FAIRING FIXED LEG;REPAIR;;;;X;X;;;;;;;;;;;;;;;;;;;;X;X;X;X;;;;;;;;;;;;;;;;;;;;;;;;;;;;;;;;;;;;;;;;;;;;;;;;;;;;;;;;;;;;;;;;;;;;;;X;;;X;
D5285601000900A;D5285601000900A;FAIRING FIXED LEG;REPAIR;;;;X;X;;;;;;;;;;;;;;;;;;;;X;X;X;X;;;;;;;;;;;;;;;;;;;;;;;;;;;;;;;;;;;;;;;;;;;;;;;;;;;;;;;;;;;;;;;;;;;;;;X;;;X;
D5285601001000A;D5285601001000A;FAIRING FIXED LEG;REPAIR;;;;X;X;;;;;;;;;;;;;;;;;;;;X;X;X;X;;;;;;;;;;;;;;;;;;;;;;;;;;;;;;;;;;;;;;;;;;;;;;;;;;;;;;;;;;;;;;;;;;;;;;X;;;X;
D5285601001060;D5285601001060;FAIRING FIXED LEG;REPAIR;;;;X;X;;;;;;;;;;;;;;;;;;;;X;X;X;X;;;;;;;;;;;;;;;;;;;;;;;;;;;;;;;;;;;;;;;;;;;;;;;;;;;;;;;;;;;;;;;;;;;;;;X;;;X;
D5285601001100A;D5285601001100A;FAIRING FIXED LEG;REPAIR;;;;X;X;;;;;;;;;;;;;;;;;;;;X;X;X;X;;;;;;;;;;;;;;;;;;;;;;;;;;;;;;;;;;;;;;;;;;;;;;;;;;;;;;;;;;;;;;;;;;;;;;X;;;X;
D5285601001160;D5285601001160;FAIRING FIXED LEG;REPAIR;;;;X;X;;;;;;;;;;;;;;;;;;;;X;X;X;X;;;;;;;;;;;;;;;;;;;;;;;;;;;;;;;;;;;;;;;;;;;;;;;;;;;;;;;;;;;;;;;;;;;;;;X;;;X;
D5285875200000;D5285875200000;HINGEND FAIRING, MLG;REPAIR;;;;X;X;X;X;X;;;;;;;;;;;;;X;;;;X;X;X;X;;;;;;;;;;;;;;;;;;;;;;;;;;;;;;;;;;;;;;;;;;;;;;;;;;;;;;;;;;;;;;;;;;;;;;X;;;X;
D5288000800051;D5288000800051;MLG DOOR;REPAIR;;;;X;X;;;;;;;;;;;;;;;;;;;;X;X;X;X;;;;;;;;;;;;;;;;;;;;;;;;;;;;;;;;;;;;;;;;;;;;;;;;;;;;;;;;;;;;;;;;;;;;;;X;;;X;
D5288000800094;D5288000800094;MLG DOOR;REPAIR;;;;X;X;;;;;;;;;;;;;;;;;;;;X;X;X;X;;;;;;;;;;;;;;;;;;;;;;;;;;;;;;;;;;;;;;;;;;;;;;;;;;;;;;;;;;;;;;;;;;;;;;X;;;X;
D5288000800095;D5288000800095;MLG DOOR;REPAIR;;;;X;X;;;;;;;;;;;;;;;;;;;;X;X;X;X;;;;;;;;;;;;;;;;;;;;;;;;;;;;;;;;;;;;;;;;;;;;;;;;;;;;;;;;;;;;;;;;;;;;;;X;;;X;
D5288000800098;D5288000800098;MLG DOOR;REPAIR;;;;X;X;;;;;;;;;;;;;;;;;;;;X;X;X;X;;;;;;;;;;;;;;;;;;;;;;;;;;;;;;;;;;;;;;;;;;;;;;;;;;;;;;;;;;;;;;;;;;;;;;X;;;X;
D5288000800151;D5288000800151;MLG DOOR;REPAIR;;;;X;X;;;;;;;;;;;;;;;;;;;;X;X;X;X;;;;;;;;;;;;;;;;;;;;;;;;;;;;;;;;;;;;;;;;;;;;;;;;;;;;;;;;;;;;;;;;;;;;;;X;;;X;
D5288000800194;D5288000800194;MLG DOOR;REPAIR;;;;X;X;;;;;;;;;;;;;;;;;;;;X;X;X;X;;;;;;;;;;;;;;;;;;;;;;;;;;;;;;;;;;;;;;;;;;;;;;;;;;;;;;;;;;;;;;;;;;;;;;X;;;X;
D5288000800195;D5288000800195;MLG DOOR;REPAIR;;;;X;X;;;;;;;;;;;;;;;;;;;;X;X;X;X;;;;;;;;;;;;;;;;;;;;;;;;;;;;;;;;;;;;;;;;;;;;;;;;;;;;;;;;;;;;;;;;;;;;;;X;;;X;
D5288000800198;D5288000800198;MLG DOOR - TWO WHEEL BOGIE;REPAIR;;;;X;X;X;X;X;;;;;;;;;;;;;X;;;;;;X;;;;;;;;;;;;;;;;;;;;;;;;;;;;;;;;;;;;;;;;;;;;;;;;;;;;;;;;;;;;;;;;;;;;;;;X;;;X;
D5288000900051;D5288000900051;MLG DOOR;REPAIR;;;;X;X;;;;;;;;;;;;;;;;;;;;X;X;X;X;;;;;;;;;;;;;;;;;;;;;;;;;;;;;;;;;;;;;;;;;;;;;;;;;;;;;;;;;;;;;;;;;;;;;;X;;;X;
D5288000900094;D5288000900094;MLG DOOR;REPAIR;;;;X;X;;;;;;;;;;;;;;;;;;;;X;X;X;X;;;;;;;;;;;;;;;;;;;;;;;;;;;;;;;;;;;;;;;;;;;;;;;;;;;;;;;;;;;;;;;;;;;;;;X;;;X;
D5288000900095;D5288000900095;MLG DOOR;REPAIR;;;;X;X;;;;;;;;;;;;;;;;;;;;X;X;X;X;;;;;;;;;;;;;;;;;;;;;;;;;;;;;;;;;;;;;;;;;;;;;;;;;;;;;;;;;;;;;;;;;;;;;;X;;;X;
D5288000900098;D5288000900098;MLG DOOR - TWO WHEEL BOGIE;REPAIR;;;;X;X;X;X;X;;;;;;;;;;;;;X;;;;;;X;;;;;;;;;;;;;;;;;;;;;;;;;;;;;;;;;;;;;;;;;;;;;;;;;;;;;;;;;;;;;;;;;;;;;;;X;;;X;
D5288000900151;D5288000900151;MLG DOOR;REPAIR;;;;X;X;;;;;;;;;;;;;;;;;;;;X;X;X;X;;;;;;;;;;;;;;;;;;;;;;;;;;;;;;;;;;;;;;;;;;;;;;;;;;;;;;;;;;;;;;;;;;;;;;X;;;X;
D5288000900194;D5288000900194;MLG DOOR;REPAIR;;;;X;X;;;;;;;;;;;;;;;;;;;;X;X;X;X;;;;;;;;;;;;;;;;;;;;;;;;;;;;;;;;;;;;;;;;;;;;;;;;;;;;;;;;;;;;;;;;;;;;;;X;;;X;
D5288000900195;D5288000900195;MLG DOOR;REPAIR;;;;X;X;;;;;;;;;;;;;;;;;;;;X;X;X;X;;;;;;;;;;;;;;;;;;;;;;;;;;;;;;;;;;;;;;;;;;;;;;;;;;;;;;;;;;;;;;;;;;;;;;X;;;X;
D5288000900198;D5288000900198;MLG DOOR;REPAIR;;;;X;X;;;;;;;;;;;;;;;;;;;;X;X;X;X;;;;;;;;;;;;;;;;;;;;;;;;;;;;;;;;;;;;;;;;;;;;;;;;;;;;;;;;;;;;;;;;;;;;;;X;;;X;
D5288001000051;D5288001000051;MLG DOOR;REPAIR;;;;X;X;;;;;;;;;;;;;;;;;;;;X;X;X;X;;;;;;;;;;;;;;;;;;;;;;;;;;;;;;;;;;;;;;;;;;;;;;;;;;;;;;;;;;;;;;;;;;;;;;X;;;X;
D5288001000094;D5288001000094;MLG DOOR;REPAIR;;;;X;X;;;;;;;;;;;;;;;;;;;;X;X;X;X;;;;;;;;;;;;;;;;;;;;;;;;;;;;;;;;;;;;;;;;;;;;;;;;;;;;;;;;;;;;;;;;;;;;;;X;;;X;
D5288001000095;D5288001000095;MLG DOOR;REPAIR;;;;X;X;;;;;;;;;;;;;;;;;;;;X;X;X;X;;;;;;;;;;;;;;;;;;;;;;;;;;;;;;;;;;;;;;;;;;;;;;;;;;;;;;;;;;;;;;;;;;;;;;X;;;X;
D5288001000098;D5288001000098;MLG DOOR;REPAIR;;;;X;X;;;;;;;;;;;;;;;;;;;;X;X;X;X;;;;;;;;;;;;;;;;;;;;;;;;;;;;;;;;;;;;;;;;;;;;;;;;;;;;;;;;;;;;;;;;;;;;;;X;;;X;
D5288001000151;D5288001000151;MLG DOOR;REPAIR;;;;X;X;;;;;;;;;;;;;;;;;;;;X;X;X;X;;;;;;;;;;;;;;;;;;;;;;;;;;;;;;;;;;;;;;;;;;;;;;;;;;;;;;;;;;;;;;;;;;;;;;X;;;X;
D5288001000194;D5288001000194;MLG DOOR;REPAIR;;;;X;X;;;;;;;;;;;;;;;;;;;;X;X;X;X;;;;;;;;;;;;;;;;;;;;;;;;;;;;;;;;;;;;;;;;;;;;;;;;;;;;;;;;;;;;;;;;;;;;;;X;;;X;
D5288001000195;D5288001000195;MLG DOOR;REPAIR;;;;X;X;;;;;;;;;;;;;;;;;;;;X;X;X;X;;;;;;;;;;;;;;;;;;;;;;;;;;;;;;;;;;;;;;;;;;;;;;;;;;;;;;;;;;;;;;;;;;;;;;X;;;X;
D5288001000198;D5288001000198;MLG DOOR;REPAIR;;;;X;X;;;;;;;;;;;;;;;;;;;;X;X;X;X;;;;;;;;;;;;;;;;;;;;;;;;;;;;;;;;;;;;;;;;;;;;;;;;;;;;;;;;;;;;;;;;;;;;;;X;;;X;
D5288016500051;D5288016500051;DOOR - MAIN LANDING GEAR, COMMON RAMP;REPAIR;;;;X;X;;;;;;;;;;;;;;;;;;;;X;X;X;X;;;;;;;;;;;;;;;;;;;;;;;;;;;;;;;;;;;;;;;;;;;;;;;;;;;;;;;;;;;;;;;;;;;;;;X;;;X;
D5288016500096;D5288016500096;DOOR - MAIN LANDING GEAR, COMMON RAMP;REPAIR;;;;X;X;;;;;;;;;;;;;;;;;;;;X;X;X;X;;;;;;;;;;;;;;;;;;;;;;;;;;;;;;;;;;;;;;;;;;;;;;;;;;;;;;;;;;;;;;;;;;;;;;X;;;X;
D5288016500151;D5288016500151;DOOR - MAIN LANDING GEAR, COMMON RAMP;REPAIR;;;;X;X;;;;;;;;;;;;;;;;;;;;X;X;X;X;;;;;;;;;;;;;;;;;;;;;;;;;;;;;;;;;;;;;;;;;;;;;;;;;;;;;;;;;;;;;;;;;;;;;;X;;;X;
D5288016500196;D5288016500196;DOOR - MAIN LANDING GEAR, COMMON RAMP;REPAIR;;;;X;X;;;;;;;;;;;;;;;;;;;;X;X;X;X;;;;;;;;;;;;;;;;;;;;;;;;;;;;;;;;;;;;;;;;;;;;;;;;;;;;;;;;;;;;;;;;;;;;;;X;;;X;
D5288016500251;D5288016500251;DOOR - MAIN LANDING GEAR, COMMON RAMP;REPAIR;;;;X;X;;;;;;;;;;;;;;;;;;;;X;X;X;X;;;;;;;;;;;;;;;;;;;;;;;;;;;;;;;;;;;;;;;;;;;;;;;;;;;;;;;;;;;;;;;;;;;;;;X;;;X;
D5288016500296;D5288016500296;DOOR - MAIN LANDING GEAR, COMMON RAMP;REPAIR;;;;X;X;;;;;;;;;;;;;;;;;;;;X;X;X;X;;;;;;;;;;;;;;;;;;;;;;;;;;;;;;;;;;;;;;;;;;;;;;;;;;;;;;;;;;;;;;;;;;;;;;X;;;X;
D5288016500300;D5288016500300;MLG DOOR ASSY;REPAIR;;;;X;X;X;X;X;;;;;;;;;;;;;X;;;;X;X;X;X;;;;;;;;;;;;;;;;;;;;;;;;;;;;;;;;;;;;;;;;;;;;;;;;;;;;;;;;;;;;;;;;;;;;;;X;;;X;
D5288016500351;D5288016500351;MLG DOOR ASSY;REPAIR;;;;X;X;X;X;X;;;;;;;;;;;;;X;;;;;;X;;;;;;;;;;;;;;;;;;;;;;;;;;;;;;;;;;;;;;;;;;;;;;;;;;;;;;;;;;;;;;;;;;;;;;;X;;;X;
D5288016500396;D5288016500396;DOOR - MAIN LANDING GEAR, COMMON RAMP;REPAIR;;;;X;X;;;;;;;;;;;;;;;;;;;;X;X;X;X;;;;;;;;;;;;;;;;;;;;;;;;;;;;;;;;;;;;;;;;;;;;;;;;;;;;;;;;;;;;;;;;;;;;;;X;;;X;
D5288016500451;D5288016500451;MLG DOOR ASSY;REPAIR;;;;X;X;X;X;X;;;;;;;;;;;;;X;;;;;;X;;;;;;;;;;;;;;;;;;;;;;;;;;;;;;;;;;;;;;;;;;;;;;;;;;;;;;;;;;;;;;;;;;;;;;;X;;;X;
D5288016500500;D5288016500500;MLG DOOR ASSY;REPAIR;;;;X;X;X;X;X;;;;;;;;;;;;;X;;;;X;X;X;X;;;;;;;;;;;;;;;;;;;;;;;;;;;;;;;;;;;;;;;;;;;;;;;;;;;;;;;;;;;;;;;;;;;;;;X;;;X;
D5288016500551;D5288016500551;MLG DOOR ASSY;REPAIR;;;;X;X;X;X;X;;;;;;;;;;;;;X;;;;;;X;;;;;;;;;;;;;;;;;;;;;;;;;;;;;;;;;;;;;;;;;;;;;;;;;;;;;;;;;;;;;;;;;;;;;;;X;;;X;
D5288016500651;D5288016500651;DOOR - MAIN LANDING GEAR, COMMON RAMP;REPAIR;;;;X;X;;;;;;;;;;;;;;;;;;;;X;X;X;X;;;;;;;;;;;;;;;;;;;;;;;;;;;;;;;;;;;;;;;;;;;;;;;;;;;;;;;;;;;;;;;;;;;;;;X;;;X;
D5288016500751;D5288016500751;DOOR - MAIN LANDING GEAR, COMMON RAMP;REPAIR;;;;X;X;;;;;;;;;;;;;;;;;;;;X;X;X;X;;;;;;;;;;;;;;;;;;;;;;;;;;;;;;;;;;;;;;;;;;;;;;;;;;;;;;;;;;;;;;;;;;;;;;X;;;X;
D5288110000051;D5288110000051;MAIN GEAR DOOR - FOUR WHEEL BOGIE;REPAIR;;;;X;X;;;;;;;;;;;;;;;;;;;;X;X;X;X;;;;;;;;;;;;;;;;;;;;;;;;;;;;;;;;;;;;;;;;;;;;;;;;;;;;;;;;;;;;;;;;;;;;;;X;;;X;
D5288110000151;D5288110000151;MAIN GEAR DOOR - FOUR WHEEL BOGIE;REPAIR;;;;X;X;;;;;;;;;;;;;;;;;;;;X;X;X;X;;;;;;;;;;;;;;;;;;;;;;;;;;;;;;;;;;;;;;;;;;;;;;;;;;;;;;;;;;;;;;;;;;;;;;X;;;X;
D5288110000251;D5288110000251;MAIN GEAR DOOR - FOUR WHEEL BOGIE;REPAIR;;;;X;X;;;;;;;;;;;;;;;;;;;;X;X;X;X;;;;;;;;;;;;;;;;;;;;;;;;;;;;;;;;;;;;;;;;;;;;;;;;;;;;;;;;;;;;;;;;;;;;;;X;;;X;
D5288110000351;D5288110000351;MAIN GEAR DOOR - FOUR WHEEL BOGIE;REPAIR;;;;X;X;;;;;;;;;;;;;;;;;;;;X;X;X;X;;;;;;;;;;;;;;;;;;;;;;;;;;;;;;;;;;;;;;;;;;;;;;;;;;;;;;;;;;;;;;;;;;;;;;X;;;X;
D52953;D52953;PISTON;OVERHAUL;;;;X;X;X;X;X;;;;;;;;;;;;;X;;;;;;;;;;;;;;;;;;;;;;;;;;;;;;;;;;;;;;;;;;;;;;;;;;;;;;;;;;;;;;;;;;;;;;;;;;;;;X;;;;
D53102;D53102;HOUSING, GLAND;OVERHAUL;;;;X;X;X;X;X;;;;;;;;;;;;;X;;;;;;;;;;;;;;;;;;;;;;;;;;;;;;;;;;;;;;;;;;;;;;;;;;;;;;;;;;;;;;;;;;;;;;;;;;;;;X;;;;
D5391414000000;D5391414000000;FAIRING ASSY;BENCH TEST;;;;X;;;;;;;;;;;;;;;;;X;;;;;;X;;;;;;;;;;;;;;;;;;;;;;;;;;;;;;;;;;;;;;;;;;;;;;;;;;;;;;;;;;;;;;;;;;;;;;;X;;;X;
D5451000001800;D5451000001800;FAIRING ASSEMBLY, MOVABLE PYLON;REPAIR;;;;X;X;;;;;;;;;;;;;;;;;;;;X;X;X;X;;;;;;;;;;;;;;;;;;;;;;;;;;;;;;;;;;;;;;;;;;;;;;;;;;;;;;;;;;;;;;;;;;;;;;X;;;X;
D5451000001900;D5451000001900;FAIRING ASSEMBLY, MOVABLE PYLON;REPAIR;;;;X;X;;;;;;;;;;;;;;;;;;;;X;X;X;X;;;;;;;;;;;;;;;;;;;;;;;;;;;;;;;;;;;;;;;;;;;;;;;;;;;;;;;;;;;;;;;;;;;;;;X;;;X;
D5453007700800;D5453007700800;FAIRING ASSEMBLY, MOVABLE;REPAIR;;;;X;X;X;X;X;;;;;;;;;;;;;X;;;;;;X;;;;;;;;;;;;;;;;;;;;;;;;;;;;;;;;;;;;;;;;;;;;;;;;;;;;;;;;;;;;;;;;;;;;;;;X;;;X;
D5453007700900;D5453007700900;FAIRING ASSEMBLY, MOVABLE;REPAIR;;;;X;X;X;X;X;;;;;;;;;;;;;X;;;;;;X;;;;;;;;;;;;;;;;;;;;;;;;;;;;;;;;;;;;;;;;;;;;;;;;;;;;;;;;;;;;;;;;;;;;;;;X;;;X;
D5453034400200;D5453034400200;FAIRING ASSEMBLY, MOVABLE PYLON;REPAIR;;;;X;X;;;;;;;;;;;;;;;;;;;;X;X;X;X;;;;;;;;;;;;;;;;;;;;;;;;;;;;;;;;;;;;;;;;;;;;;;;;;;;;;;;;;;;;;;;;;;;;;;X;;;X;
D5453034400300;D5453034400300;FAIRING ASSEMBLY, MOVABLE PYLON;REPAIR;;;;X;X;;;;;;;;;;;;;;;;;;;;X;X;X;X;;;;;;;;;;;;;;;;;;;;;;;;;;;;;;;;;;;;;;;;;;;;;;;;;;;;;;;;;;;;;;;;;;;;;;X;;;X;
D5453034400800;D5453034400800;FAIRING ASSEMBLY, MOVABLE PYLON;REPAIR;;;;X;X;;;;;;;;;;;;;;;;;;;;X;X;X;X;;;;;;;;;;;;;;;;;;;;;;;;;;;;;;;;;;;;;;;;;;;;;;;;;;;;;;;;;;;;;;;;;;;;;;X;;;X;
D5453034400900;D5453034400900;FAIRING ASSEMBLY, MOVABLE PYLON;REPAIR;;;;X;X;;;;;;;;;;;;;;;;;;;;X;X;X;X;;;;;;;;;;;;;;;;;;;;;;;;;;;;;;;;;;;;;;;;;;;;;;;;;;;;;;;;;;;;;;;;;;;;;;X;;;X;
D5453039100200;D5453039100200;FAIRING ASSEMBLY, MOVABLE;REPAIR;;;;X;X;X;X;X;;;;;;;;;;;;;X;;;;;;X;;;;;;;;;;;;;;;;;;;;;;;;;;;;;;;;;;;;;;;;;;;;;;;;;;;;;;;;;;;;;;;;;;;;;;;X;;;X;
D5453041700200;D5453041700200;FAIRING ASSEMBLY, MOVABLE PYLON;REPAIR;;;;X;X;;;;;;;;;;;;;;;;;;;;X;X;X;X;;;;;;;;;;;;;;;;;;;;;;;;;;;;;;;;;;;;;;;;;;;;;;;;;;;;;;;;;;;;;;;;;;;;;;X;;;X;
D5453041700300;D5453041700300;FAIRING ASSEMBLY, MOVABLE PYLON;REPAIR;;;;X;X;;;;;;;;;;;;;;;;;;;;X;X;X;X;;;;;;;;;;;;;;;;;;;;;;;;;;;;;;;;;;;;;;;;;;;;;;;;;;;;;;;;;;;;;;;;;;;;;;X;;;X;
D5453041701000;D5453041701000;FAIRING ASSEMBLY, MOVABLE PYLON;REPAIR;;;;X;X;;;;;;;;;;;;;;;;;;;;X;X;X;X;;;;;;;;;;;;;;;;;;;;;;;;;;;;;;;;;;;;;;;;;;;;;;;;;;;;;;;;;;;;;;;;;;;;;;X;;;X;
D5453041701100;D5453041701100;FAIRING ASSEMBLY, MOVABLE PYLON;REPAIR;;;;X;X;;;;;;;;;;;;;;;;;;;;X;X;X;X;;;;;;;;;;;;;;;;;;;;;;;;;;;;;;;;;;;;;;;;;;;;;;;;;;;;;;;;;;;;;;;;;;;;;;X;;;X;
D5453041701400;D5453041701400;FAIRING ASSEMBLY, MOVABLE PYLON;REPAIR;;;;X;X;;;;;;;;;;;;;;;;;;;;X;X;X;X;;;;;;;;;;;;;;;;;;;;;;;;;;;;;;;;;;;;;;;;;;;;;;;;;;;;;;;;;;;;;;;;;;;;;;X;;;X;
D5453041701500;D5453041701500;FAIRING ASSEMBLY, MOVABLE PYLON;REPAIR;;;;X;X;;;;;;;;;;;;;;;;;;;;X;X;X;X;;;;;;;;;;;;;;;;;;;;;;;;;;;;;;;;;;;;;;;;;;;;;;;;;;;;;;;;;;;;;;;;;;;;;;X;;;X;
D55183300004;D55183300004;LH LEADING EDGE ASSY;REPAIR;;;;X;X;X;X;X;;;;;;;;;;;;;X;;;;X;X;X;X;;;;;;;;;;;;;;;;;;;;;;;;;;;;;;;;;;;;;;;;;;;;;;;;;;;;;;;;;;;;;;;;;;;;;;X;;;X;
D5518439000640;D5518439000640;PANEL ASSY  ACCESS LWR 4 LH;REPAIR;;;;X;X;X;X;X;;;;;;;;;;;;;X;;;;X;X;X;X;;;;;;;;;;;;;;;;;;;;;;;;;;;;;;;;;;;;;;;;;;;;;;;;;;;;;;;;;;;;;;;;;;;;;;X;;;X;
D55184390006A01;D55184390006A01;ACCESS DOOR 4 ASSY, LH;REPAIR;;;;X;X;X;X;X;;;;;;;;;;;;;X;;;;;X;;;;;;;;;;;;;;;;;;;;;;;;;;;;;;;;;;;;;;;;;;;;;;;;;;;;;;;;;;;;;;;;;;;;;;;;X;;;X;
D5528000100051;D5528000100051;ELEVATOR ASSY;REPAIR;;;;X;X;X;X;X;;;;;;;;;;;;;X;;;;X;X;X;X;;;;;;;;;;;;;;;;;;;;;;;;;;;;;;;;;;;;;;;;;;;;;;;;;;;;;;;;;;;;;;;;;;;;;;X;;;X;
D5528000100052;D5528000100052;ELEVATOR ASSY;REPAIR;;;;X;X;;;;;;;;;;;;;;;;;;;;X;X;X;X;;;;;;;;;;;;;;;;;;;;;;;;;;;;;;;;;;;;;;;;;;;;;;;;;;;;;;;;;;;;;;;;;;;;;;X;;;X;
D5528000100095;D5528000100095;ELEVATOR ASSY;REPAIR;;;;X;X;;;;;;;;;;;;;;;;;;;;X;X;X;X;;;;;;;;;;;;;;;;;;;;;;;;;;;;;;;;;;;;;;;;;;;;;;;;;;;;;;;;;;;;;;;;;;;;;;X;;;X;
D5528000100151;D5528000100151;ELEVATOR ASSY;REPAIR;;;;X;X;;;;;;;;;;;;;;;;;;;;X;X;X;X;;;;;;;;;;;;;;;;;;;;;;;;;;;;;;;;;;;;;;;;;;;;;;;;;;;;;;;;;;;;;;;;;;;;;;X;;;X;
D5528000100152;D5528000100152;ELEVATOR ASSY;REPAIR;;;;X;X;;;;;;;;;;;;;;;;;;;;X;X;X;X;;;;;;;;;;;;;;;;;;;;;;;;;;;;;;;;;;;;;;;;;;;;;;;;;;;;;;;;;;;;;;;;;;;;;;X;;;X;
D5528000100195;D5528000100195;ELEVATOR ASSY;REPAIR;;;;X;X;;;;;;;;;;;;;;;;;;;;X;X;X;X;;;;;;;;;;;;;;;;;;;;;;;;;;;;;;;;;;;;;;;;;;;;;;;;;;;;;;;;;;;;;;;;;;;;;;X;;;X;
D5528000100252;D5528000100252;ELEVATOR ASSY;REPAIR;;;;X;X;;;;;;;;;;;;;;;;;;;;X;X;X;X;;;;;;;;;;;;;;;;;;;;;;;;;;;;;;;;;;;;;;;;;;;;;;;;;;;;;;;;;;;;;;;;;;;;;;X;;;X;
D5528000100256;D5528000100256;ELEVATOR ASSY;REPAIR;;;;X;X;;;;;;;;;;;;;;;;;;;;X;X;X;X;;;;;;;;;;;;;;;;;;;;;;;;;;;;;;;;;;;;;;;;;;;;;;;;;;;;;;;;;;;;;;;;;;;;;;X;;;X;
D5528000100352;D5528000100352;ELEVATOR ASSY;REPAIR;;;;X;X;;;;;;;;;;;;;;;;;;;;X;X;X;X;;;;;;;;;;;;;;;;;;;;;;;;;;;;;;;;;;;;;;;;;;;;;;;;;;;;;;;;;;;;;;;;;;;;;;X;;;X;
D5528000100356;D5528000100356;ELEVATOR ASSY;REPAIR;;;;X;X;;;;;;;;;;;;;;;;;;;;X;X;X;X;;;;;;;;;;;;;;;;;;;;;;;;;;;;;;;;;;;;;;;;;;;;;;;;;;;;;;;;;;;;;;;;;;;;;;X;;;X;
D5528000100400;D5528000100400;ELEVATOR ASSY;REPAIR;;;;X;X;X;X;X;;;;;;;;;;;;;X;;;;X;X;X;X;;;;;;;;;;;;;;;;;;;;;;;;;;;;;;;;;;;;;;;;;;;;;;;;;;;;;;;;;;;;;;;;;;;;;;X;;;X;
D5528000100451;D5528000100451;ELEVATOR ASSY;REPAIR;;;;X;X;;;;;;;;;;;;;;;;;;;;X;X;X;X;;;;;;;;;;;;;;;;;;;;;;;;;;;;;;;;;;;;;;;;;;;;;;;;;;;;;;;;;;;;;;;;;;;;;;X;;;X;
D5528000100456;D5528000100456;ELEVATOR ASSY;REPAIR;;;;X;X;;;;;;;;;;;;;;;;;;;;X;X;X;X;;;;;;;;;;;;;;;;;;;;;;;;;;;;;;;;;;;;;;;;;;;;;;;;;;;;;;;;;;;;;;;;;;;;;;X;;;X;
D5528000100551;D5528000100551;ELEVATOR ASSY;REPAIR;;;;X;X;;;;;;;;;;;;;;;;;;;;X;X;X;X;;;;;;;;;;;;;;;;;;;;;;;;;;;;;;;;;;;;;;;;;;;;;;;;;;;;;;;;;;;;;;;;;;;;;;X;;;X;
D5528000100556;D5528000100556;ELEVATOR ASSY;REPAIR;;;;X;X;;;;;;;;;;;;;;;;;;;;X;X;X;X;;;;;;;;;;;;;;;;;;;;;;;;;;;;;;;;;;;;;;;;;;;;;;;;;;;;;;;;;;;;;;;;;;;;;;X;;;X;
D5528000100851;D5528000100851;ELEVATOR ASSY;REPAIR;;;;X;X;;;;;;;;;;;;;;;;;;;;X;X;X;X;;;;;;;;;;;;;;;;;;;;;;;;;;;;;;;;;;;;;;;;;;;;;;;;;;;;;;;;;;;;;;;;;;;;;;X;;;X;
D5528000100856;D5528000100856;ELEVATOR ASSY;REPAIR;;;;X;X;;;;;;;;;;;;;;;;;;;;X;X;X;X;;;;;;;;;;;;;;;;;;;;;;;;;;;;;;;;;;;;;;;;;;;;;;;;;;;;;;;;;;;;;;;;;;;;;;X;;;X;
D5528000100951;D5528000100951;ELEVATOR ASSY;REPAIR;;;;X;X;;;;;;;;;;;;;;;;;;;;X;X;X;X;;;;;;;;;;;;;;;;;;;;;;;;;;;;;;;;;;;;;;;;;;;;;;;;;;;;;;;;;;;;;;;;;;;;;;X;;;X;
D5528000101051;D5528000101051;ELEVATOR ASSY;REPAIR;;;;X;X;;;;;;;;;;;;;;;;;;;;X;X;X;X;;;;;;;;;;;;;;;;;;;;;;;;;;;;;;;;;;;;;;;;;;;;;;;;;;;;;;;;;;;;;;;;;;;;;;X;;;X;
D5528000101151;D5528000101151;ELEVATOR ASSY;REPAIR;;;;X;X;;;;;;;;;;;;;;;;;;;;X;X;X;X;;;;;;;;;;;;;;;;;;;;;;;;;;;;;;;;;;;;;;;;;;;;;;;;;;;;;;;;;;;;;;;;;;;;;;X;;;X;
D5528000101251;D5528000101251;ELEVATOR ASSY;REPAIR;;;;X;X;;;;;;;;;;;;;;;;;;;;X;X;X;X;;;;;;;;;;;;;;;;;;;;;;;;;;;;;;;;;;;;;;;;;;;;;;;;;;;;;;;;;;;;;;;;;;;;;;X;;;X;
D5528000101351;D5528000101351;ELEVATOR ASSY;REPAIR;;;;X;X;;;;;;;;;;;;;;;;;;;;X;X;X;X;;;;;;;;;;;;;;;;;;;;;;;;;;;;;;;;;;;;;;;;;;;;;;;;;;;;;;;;;;;;;;;;;;;;;;X;;;X;
D5528000200000;D5528000200000;ELEVATOR ASSY;REPAIR;;;;X;X;;;;;;;;;;;;;;;;;;;;X;X;X;X;;;;;;;;;;;;;;;;;;;;;;;;;;;;;;;;;;;;;;;;;;;;;;;;;;;;;;;;;;;;;;;;;;;;;;X;;;X;
D5528000200051;D5528000200051;ELEVATOR ASSY;REPAIR;;;;X;X;;;;;;;;;;;;;;;;;;;;X;X;X;X;;;;;;;;;;;;;;;;;;;;;;;;;;;;;;;;;;;;;;;;;;;;;;;;;;;;;;;;;;;;;;;;;;;;;;X;;;X;
D5528000200056;D5528000200056;ELEVATOR ASSY;REPAIR;;;;X;X;;;;;;;;;;;;;;;;;;;;X;X;X;X;;;;;;;;;;;;;;;;;;;;;;;;;;;;;;;;;;;;;;;;;;;;;;;;;;;;;;;;;;;;;;;;;;;;;;X;;;X;
D5528000200100;D5528000200100;ELEVATOR ASSY;REPAIR;;;;X;X;;;;;;;;;;;;;;;;;;;;X;X;X;X;;;;;;;;;;;;;;;;;;;;;;;;;;;;;;;;;;;;;;;;;;;;;;;;;;;;;;;;;;;;;;;;;;;;;;X;;;X;
D5528000200151;D5528000200151;ELEVATOR ASSY;REPAIR;;;;X;X;;;;;;;;;;;;;;;;;;;;X;X;X;X;;;;;;;;;;;;;;;;;;;;;;;;;;;;;;;;;;;;;;;;;;;;;;;;;;;;;;;;;;;;;;;;;;;;;;X;;;X;
D5528000200156;D5528000200156;ELEVATOR ASSY;REPAIR;;;;X;X;;;;;;;;;;;;;;;;;;;;X;X;X;X;;;;;;;;;;;;;;;;;;;;;;;;;;;;;;;;;;;;;;;;;;;;;;;;;;;;;;;;;;;;;;;;;;;;;;X;;;X;
D5528000200200;D5528000200200;ELEVATOR ASSY;REPAIR;;;;X;X;X;X;X;;;;;;;;;;;;;X;;;;X;X;X;X;;;;;;;;;;;;;;;;;;;;;;;;;;;;;;;;;;;;;;;;;;;;;;;;;;;;;;;;;;;;;;;;;;;;;;X;;;X;
D5528000200200;D5528000200200;ELEVATOR ASSY;REPAIR;;;;X;X;;;;;;;;;;;;;;;;;;;;X;X;X;X;;;;;;;;;;;;;;;;;;;;;;;;;;;;;;;;;;;;;;;;;;;;;;;;;;;;;;;;;;;;;;;;;;;;;;X;;;X;
D5528000200251;D5528000200251;ELEVATOR ASSY;REPAIR;;;;X;X;;;;;;;;;;;;;;;;;;;;X;X;X;X;;;;;;;;;;;;;;;;;;;;;;;;;;;;;;;;;;;;;;;;;;;;;;;;;;;;;;;;;;;;;;;;;;;;;;X;;;X;
D5528000200300;D5528000200300;ELEVATOR ASSY;REPAIR;;;;X;X;;;;;;;;;;;;;;;;;;;;X;X;X;X;;;;;;;;;;;;;;;;;;;;;;;;;;;;;;;;;;;;;;;;;;;;;;;;;;;;;;;;;;;;;;;;;;;;;;X;;;X;
D5528000200351;D5528000200351;ELEVATOR ASSY;REPAIR;;;;X;X;;;;;;;;;;;;;;;;;;;;X;X;X;X;;;;;;;;;;;;;;;;;;;;;;;;;;;;;;;;;;;;;;;;;;;;;;;;;;;;;;;;;;;;;;;;;;;;;;X;;;X;
D5528000300000;D5528000300000;ELEVATOR ASSY;REPAIR;;;;X;X;X;X;X;;;;;;;;;;;;;X;;;;X;X;X;X;;;;;;;;;;;;;;;;;;;;;;;;;;;;;;;;;;;;;;;;;;;;;;;;;;;;;;;;;;;;;;;;;;;;;;X;;;X;
D5528000300100;D5528000300100;ELEVATOR ASSY;REPAIR;;;;X;X;X;X;X;;;;;;;;;;;;;X;;;;X;X;X;X;;;;;;;;;;;;;;;;;;;;;;;;;;;;;;;;;;;;;;;;;;;;;;;;;;;;;;;;;;;;;;;;;;;;;;X;;;X;
D5528000300100;D5528000300100;ELEVATOR ASSY;REPAIR;;;;X;X;;;;;;;;;;;;;;;;;;;;X;X;X;X;;;;;;;;;;;;;;;;;;;;;;;;;;;;;;;;;;;;;;;;;;;;;;;;;;;;;;;;;;;;;;;;;;;;;;X;;;X;
D5528000300200;D5528000300200;ELEVATOR ASSY;REPAIR;;;;X;X;X;X;X;;;;;;;;;;;;;X;;;;X;X;X;X;;;;;;;;;;;;;;;;;;;;;;;;;;;;;;;;;;;;;;;;;;;;;;;;;;;;;;;;;;;;;;;;;;;;;;X;;;X;
D5528000300200;D5528000300200;ELEVATOR ASSY;REPAIR;;;;X;X;;;;;;;;;;;;;;;;;;;;X;X;X;X;;;;;;;;;;;;;;;;;;;;;;;;;;;;;;;;;;;;;;;;;;;;;;;;;;;;;;;;;;;;;;;;;;;;;;X;;;X;
D5528000300300;D5528000300300;ELEVATOR ASSY;REPAIR;;;;X;X;;;;;;;;;;;;;;;;;;;;X;X;X;X;;;;;;;;;;;;;;;;;;;;;;;;;;;;;;;;;;;;;;;;;;;;;;;;;;;;;;;;;;;;;;;;;;;;;;X;;;X;
D5528000300400;D5528000300400;ELEVATOR ASSY;REPAIR;;;;X;X;X;X;X;;;;;;;;;;;;;X;;;;X;X;X;X;;;;;;;;;;;;;;;;;;;;;;;;;;;;;;;;;;;;;;;;;;;;;;;;;;;;;;;;;;;;;;;;;;;;;;X;;;X;
D5528000300400;D5528000300400;ELEVATOR ASSY;REPAIR;;;;X;X;;;;;;;;;;;;;;;;;;;;X;X;X;X;;;;;;;;;;;;;;;;;;;;;;;;;;;;;;;;;;;;;;;;;;;;;;;;;;;;;;;;;;;;;;;;;;;;;;X;;;X;
D5528000300500;D5528000300500;ELEVATOR ASSY;REPAIR;;;;X;X;;;;;;;;;;;;;;;;;;;;X;X;X;X;;;;;;;;;;;;;;;;;;;;;;;;;;;;;;;;;;;;;;;;;;;;;;;;;;;;;;;;;;;;;;;;;;;;;;X;;;X;
D5528000300600;D5528000300600;ELEVATOR ASSY;REPAIR;;;;X;X;;;;;;;;;;;;;;;;;;;;X;X;X;X;;;;;;;;;;;;;;;;;;;;;;;;;;;;;;;;;;;;;;;;;;;;;;;;;;;;;;;;;;;;;;;;;;;;;;X;;;X;
D5528000300700;D5528000300700;ELEVATOR ASSY;REPAIR;;;;X;X;;;;;;;;;;;;;;;;;;;;X;X;X;X;;;;;;;;;;;;;;;;;;;;;;;;;;;;;;;;;;;;;;;;;;;;;;;;;;;;;;;;;;;;;;;;;;;;;;X;;;X;
D5528000300800;D5528000300800;ELEVATOR ASSY;REPAIR;;;;X;X;;;;;;;;;;;;;;;;;;;;X;X;X;X;;;;;;;;;;;;;;;;;;;;;;;;;;;;;;;;;;;;;;;;;;;;;;;;;;;;;;;;;;;;;;;;;;;;;;X;;;X;
D5528000300900;D5528000300900;ELEVATOR ASSY;REPAIR;;;;X;X;;;;;;;;;;;;;;;;;;;;X;X;X;X;;;;;;;;;;;;;;;;;;;;;;;;;;;;;;;;;;;;;;;;;;;;;;;;;;;;;;;;;;;;;;;;;;;;;;X;;;X;
D5528000301000;D5528000301000;ELEVATOR ASSY;REPAIR;;;;X;X;X;X;X;;;;;;;;;;;;;X;;;;X;X;X;X;;;;;;;;;;;;;;;;;;;;;;;;;;;;;;;;;;;;;;;;;;;;;;;;;;;;;;;;;;;;;;;;;;;;;;X;;;X;
D5528000301200;D5528000301200;ELEVATOR ASSY;REPAIR;;;;X;X;X;X;X;;;;;;;;;;;;;X;;;;X;X;X;X;;;;;;;;;;;;;;;;;;;;;;;;;;;;;;;;;;;;;;;;;;;;;;;;;;;;;;;;;;;;;;;;;;;;;;X;;;X;
D5528000301300;D5528000301300;ELEVATOR ASSY;REPAIR;;;;X;X;X;X;X;;;;;;;;;;;;;X;;;;X;X;X;X;;;;;;;;;;;;;;;;;;;;;;;;;;;;;;;;;;;;;;;;;;;;;;;;;;;;;;;;;;;;;;;;;;;;;;X;;;X;
D5528000301400;D5528000301400;ELEVATOR ASSY;REPAIR;;;;X;X;X;X;X;;;;;;;;;;;;;X;;;;X;X;X;X;;;;;;;;;;;;;;;;;;;;;;;;;;;;;;;;;;;;;;;;;;;;;;;;;;;;;;;;;;;;;;;;;;;;;;X;;;X;
D5528000301500;D5528000301500;ELEVATOR ASSY;REPAIR;;;;X;X;X;X;X;;;;;;;;;;;;;X;;;;X;X;X;X;;;;;;;;;;;;;;;;;;;;;;;;;;;;;;;;;;;;;;;;;;;;;;;;;;;;;;;;;;;;;;;;;;;;;;X;;;X;
D5528000301600;D5528000301600;ELEVATOR ASSY;REPAIR;;;;X;X;X;X;X;;;;;;;;;;;;;X;;;;X;X;X;X;;;;;;;;;;;;;;;;;;;;;;;;;;;;;;;;;;;;;;;;;;;;;;;;;;;;;;;;;;;;;;;;;;;;;;X;;;X;
D5528000301700;D5528000301700;ELEVATOR ASSY;REPAIR;;;;X;X;X;X;X;;;;;;;;;;;;;X;;;;X;X;X;X;;;;;;;;;;;;;;;;;;;;;;;;;;;;;;;;;;;;;;;;;;;;;;;;;;;;;;;;;;;;;;;;;;;;;;X;;;X;
D5528000302000;D5528000302000;ELEVATOR ASSY;REPAIR;;;;X;X;;;;;;;;;;;;;;;;;;;;X;X;X;X;;;;;;;;;;;;;;;;;;;;;;;;;;;;;;;;;;;;;;;;;;;;;;;;;;;;;;;;;;;;;;;;;;;;;;X;;;X;
D5528000302100;D5528000302100;ELEVATOR ASSY;REPAIR;;;;X;X;;;;;;;;;;;;;;;;;;;;X;X;X;X;;;;;;;;;;;;;;;;;;;;;;;;;;;;;;;;;;;;;;;;;;;;;;;;;;;;;;;;;;;;;;;;;;;;;;X;;;X;
D5528000302200;D5528000302200;ELEVATOR ASSY;REPAIR;;;;X;X;;;;;;;;;;;;;;;;;;;;X;X;X;X;;;;;;;;;;;;;;;;;;;;;;;;;;;;;;;;;;;;;;;;;;;;;;;;;;;;;;;;;;;;;;;;;;;;;;X;;;X;
D5528000302300;D5528000302300;ELEVATOR ASSY;REPAIR;;;;X;X;;;;;;;;;;;;;;;;;;;;X;X;X;X;;;;;;;;;;;;;;;;;;;;;;;;;;;;;;;;;;;;;;;;;;;;;;;;;;;;;;;;;;;;;;;;;;;;;;X;;;X;
D5528000302400;D5528000302400;ELEVATOR ASSY;REPAIR;;;;X;X;;;;;;;;;;;;;;;;;;;;X;X;X;X;;;;;;;;;;;;;;;;;;;;;;;;;;;;;;;;;;;;;;;;;;;;;;;;;;;;;;;;;;;;;;;;;;;;;;X;;;X;
D5528000302500;D5528000302500;ELEVATOR ASSY;REPAIR;;;;X;X;;;;;;;;;;;;;;;;;;;;X;X;X;X;;;;;;;;;;;;;;;;;;;;;;;;;;;;;;;;;;;;;;;;;;;;;;;;;;;;;;;;;;;;;;;;;;;;;;X;;;X;
D5528000302600;D5528000302600;ELEVATOR ASSY;REPAIR;;;;X;X;;;;;;;;;;;;;;;;;;;;X;X;X;X;;;;;;;;;;;;;;;;;;;;;;;;;;;;;;;;;;;;;;;;;;;;;;;;;;;;;;;;;;;;;;;;;;;;;;X;;;X;
D5528000302700;D5528000302700;ELEVATOR ASSY;REPAIR;;;;X;X;;;;;;;;;;;;;;;;;;;;X;X;X;X;;;;;;;;;;;;;;;;;;;;;;;;;;;;;;;;;;;;;;;;;;;;;;;;;;;;;;;;;;;;;;;;;;;;;;X;;;X;
D5528000302800;D5528000302800;ELEVATOR ASSY;REPAIR;;;;X;X;;;;;;;;;;;;;;;;;;;;X;X;X;X;;;;;;;;;;;;;;;;;;;;;;;;;;;;;;;;;;;;;;;;;;;;;;;;;;;;;;;;;;;;;;;;;;;;;;X;;;X;
D5528000302900;D5528000302900;ELEVATOR ASSY;REPAIR;;;;X;X;;;;;;;;;;;;;;;;;;;;X;X;X;X;;;;;;;;;;;;;;;;;;;;;;;;;;;;;;;;;;;;;;;;;;;;;;;;;;;;;;;;;;;;;;;;;;;;;;X;;;X;
D5528000303000;D5528000303000;ELEVATOR ASSY;REPAIR;;;;X;X;;;;;;;;;;;;;;;;;;;;X;X;X;X;;;;;;;;;;;;;;;;;;;;;;;;;;;;;;;;;;;;;;;;;;;;;;;;;;;;;;;;;;;;;;;;;;;;;;X;;;X;
D5528000303100;D5528000303100;ELEVATOR ASSY;REPAIR;;;;X;X;;;;;;;;;;;;;;;;;;;;X;X;X;X;;;;;;;;;;;;;;;;;;;;;;;;;;;;;;;;;;;;;;;;;;;;;;;;;;;;;;;;;;;;;;;;;;;;;;X;;;X;
D5528000303200;D5528000303200;ELEVATOR ASSY;REPAIR;;;;X;X;;;;;;;;;;;;;;;;;;;;X;X;X;X;;;;;;;;;;;;;;;;;;;;;;;;;;;;;;;;;;;;;;;;;;;;;;;;;;;;;;;;;;;;;;;;;;;;;;X;;;X;
D5528000303300;D5528000303300;ELEVATOR ASSY;REPAIR;;;;X;X;;;;;;;;;;;;;;;;;;;;X;X;X;X;;;;;;;;;;;;;;;;;;;;;;;;;;;;;;;;;;;;;;;;;;;;;;;;;;;;;;;;;;;;;;;;;;;;;;X;;;X;
D5528000303400;D5528000303400;ELEVATOR ASSY;REPAIR;;;;X;X;;;;;;;;;;;;;;;;;;;;X;X;X;X;;;;;;;;;;;;;;;;;;;;;;;;;;;;;;;;;;;;;;;;;;;;;;;;;;;;;;;;;;;;;;;;;;;;;;X;;;X;
D5528000303500;D5528000303500;ELEVATOR ASSY;REPAIR;;;;X;X;;;;;;;;;;;;;;;;;;;;X;X;X;X;;;;;;;;;;;;;;;;;;;;;;;;;;;;;;;;;;;;;;;;;;;;;;;;;;;;;;;;;;;;;;;;;;;;;;X;;;X;
D5528000303600;D5528000303600;ELEVATOR ASSY;REPAIR;;;;X;X;X;X;X;;;;;;;;;;;;;X;;;;X;X;X;X;;;;;;;;;;;;;;;;;;;;;;;;;;;;;;;;;;;;;;;;;;;;;;;;;;;;;;;;;;;;;;;;;;;;;;X;;;X;
D5528000303600;D5528000303600;ELEVATOR ASSY;REPAIR;;;;X;X;;;;;;;;;;;;;;;;;;;;X;X;X;X;;;;;;;;;;;;;;;;;;;;;;;;;;;;;;;;;;;;;;;;;;;;;;;;;;;;;;;;;;;;;;;;;;;;;;X;;;X;
D5528000303700;D5528000303700;ELEVATOR ASSY;REPAIR;;;;X;X;;;;;;;;;;;;;;;;;;;;X;X;X;X;;;;;;;;;;;;;;;;;;;;;;;;;;;;;;;;;;;;;;;;;;;;;;;;;;;;;;;;;;;;;;;;;;;;;;X;;;X;
D5528000303800;D5528000303800;ELEVATOR ASSY;REPAIR;;;;X;X;;;;;;;;;;;;;;;;;;;;X;X;X;X;;;;;;;;;;;;;;;;;;;;;;;;;;;;;;;;;;;;;;;;;;;;;;;;;;;;;;;;;;;;;;;;;;;;;;X;;;X;
D5528000303900;D5528000303900;ELEVATOR ASSY;REPAIR;;;;X;X;;;;;;;;;;;;;;;;;;;;X;X;X;X;;;;;;;;;;;;;;;;;;;;;;;;;;;;;;;;;;;;;;;;;;;;;;;;;;;;;;;;;;;;;;;;;;;;;;X;;;X;
D5528000304000;D5528000304000;ELEVATOR ASSY;REPAIR;;;;X;X;;;;;;;;;;;;;;;;;;;;X;X;X;X;;;;;;;;;;;;;;;;;;;;;;;;;;;;;;;;;;;;;;;;;;;;;;;;;;;;;;;;;;;;;;;;;;;;;;X;;;X;
D5528000304100;D5528000304100;ELEVATOR ASSY;REPAIR;;;;X;X;;;;;;;;;;;;;;;;;;;;X;X;X;X;;;;;;;;;;;;;;;;;;;;;;;;;;;;;;;;;;;;;;;;;;;;;;;;;;;;;;;;;;;;;;;;;;;;;;X;;;X;
D5528000304400;D5528000304400;ELEVATOR ASSY;REPAIR;;;;X;X;;;;;;;;;;;;;;;;;;;;X;X;X;X;;;;;;;;;;;;;;;;;;;;;;;;;;;;;;;;;;;;;;;;;;;;;;;;;;;;;;;;;;;;;;;;;;;;;;X;;;X;
D5528000304500;D5528000304500;ELEVATOR ASSY;REPAIR;;;;X;X;;;;;;;;;;;;;;;;;;;;X;X;X;X;;;;;;;;;;;;;;;;;;;;;;;;;;;;;;;;;;;;;;;;;;;;;;;;;;;;;;;;;;;;;;;;;;;;;;X;;;X;
D5528000304600;D5528000304600;ELEVATOR ASSY;REPAIR;;;;X;X;;;;;;;;;;;;;;;;;;;;X;X;X;X;;;;;;;;;;;;;;;;;;;;;;;;;;;;;;;;;;;;;;;;;;;;;;;;;;;;;;;;;;;;;;;;;;;;;;X;;;X;
D5528000304700;D5528000304700;ELEVATOR ASSY;REPAIR;;;;X;X;;;;;;;;;;;;;;;;;;;;X;X;X;X;;;;;;;;;;;;;;;;;;;;;;;;;;;;;;;;;;;;;;;;;;;;;;;;;;;;;;;;;;;;;;;;;;;;;;X;;;X;
D5547100000200;D5547100000200;RUDDER;REPAIR;;;;X;X;;;;;;;;;;;;;;;;;;;;X;X;X;X;;;;;;;;;;;;;;;;;;;;;;;;;;;;;;;;;;;;;;;;;;;;;;;;;;;;;;;;;;;;;;;;;;;;;;X;;;X;
D5547100000400;D5547100000400;RUDDER;REPAIR;;;;X;X;;;;;;;;;;;;;;;;;;;;X;X;X;X;;;;;;;;;;;;;;;;;;;;;;;;;;;;;;;;;;;;;;;;;;;;;;;;;;;;;;;;;;;;;;;;;;;;;;X;;;X;
D5547100000600;D5547100000600;RUDDER;REPAIR;;;;X;X;;;;;;;;;;;;;;;;;;;;X;X;X;X;;;;;;;;;;;;;;;;;;;;;;;;;;;;;;;;;;;;;;;;;;;;;;;;;;;;;;;;;;;;;;;;;;;;;;X;;;X;
D5547100000800;D5547100000800;RUDDER;REPAIR;;;;X;X;;;;;;;;;;;;;;;;;;;;X;X;X;X;;;;;;;;;;;;;;;;;;;;;;;;;;;;;;;;;;;;;;;;;;;;;;;;;;;;;;;;;;;;;;;;;;;;;;X;;;X;
D5547100000851;D5547100000851;RUDDER;REPAIR;;;;X;X;;;;;;;;;;;;;;;;;;;;X;X;X;X;;;;;;;;;;;;;;;;;;;;;;;;;;;;;;;;;;;;;;;;;;;;;;;;;;;;;;;;;;;;;;;;;;;;;;X;;;X;
D5547100001000;D5547100001000;RUDDER;REPAIR;;;;X;X;;;;;;;;;;;;;;;;;;;;X;X;X;X;;;;;;;;;;;;;;;;;;;;;;;;;;;;;;;;;;;;;;;;;;;;;;;;;;;;;;;;;;;;;;;;;;;;;;X;;;X;
D5547100001200;D5547100001200;RUDDER;REPAIR;;;;X;X;;;;;;;;;;;;;;;;;;;;X;X;X;X;;;;;;;;;;;;;;;;;;;;;;;;;;;;;;;;;;;;;;;;;;;;;;;;;;;;;;;;;;;;;;;;;;;;;;X;;;X;
D5547100001400;D5547100001400;RUDDER;REPAIR;;;;X;X;;;;;;;;;;;;;;;;;;;;X;X;X;X;;;;;;;;;;;;;;;;;;;;;;;;;;;;;;;;;;;;;;;;;;;;;;;;;;;;;;;;;;;;;;;;;;;;;;X;;;X;
D5547100001600;D5547100001600;RUDDER;REPAIR;;;;X;X;;;;;;;;;;;;;;;;;;;;X;X;X;X;;;;;;;;;;;;;;;;;;;;;;;;;;;;;;;;;;;;;;;;;;;;;;;;;;;;;;;;;;;;;;;;;;;;;;X;;;X;
D5547100001800;D5547100001800;RUDDER;REPAIR;;;;X;X;;;;;;;;;;;;;;;;;;;;X;X;X;X;;;;;;;;;;;;;;;;;;;;;;;;;;;;;;;;;;;;;;;;;;;;;;;;;;;;;;;;;;;;;;;;;;;;;;X;;;X;
D5547100002000;D5547100002000;RUDDER;REPAIR;;;;X;X;;;;;;;;;;;;;;;;;;;;X;X;X;X;;;;;;;;;;;;;;;;;;;;;;;;;;;;;;;;;;;;;;;;;;;;;;;;;;;;;;;;;;;;;;;;;;;;;;X;;;X;
D5547100200000;D5547100200000;RUDDER;REPAIR;;;;X;X;;;;;;;;;;;;;;;;;;;;X;X;X;X;;;;;;;;;;;;;;;;;;;;;;;;;;;;;;;;;;;;;;;;;;;;;;;;;;;;;;;;;;;;;;;;;;;;;;X;;;X;
D5547100300000;D5547100300000;RUDDER;REPAIR;;;;X;X;;;;;;;;;;;;;;;;;;;;X;X;X;X;;;;;;;;;;;;;;;;;;;;;;;;;;;;;;;;;;;;;;;;;;;;;;;;;;;;;;;;;;;;;;;;;;;;;;X;;;X;
D5547100300061;D5547100300061;RUDDER;REPAIR;;;;X;X;;;;;;;;;;;;;;;;;;;;X;X;X;X;;;;;;;;;;;;;;;;;;;;;;;;;;;;;;;;;;;;;;;;;;;;;;;;;;;;;;;;;;;;;;;;;;;;;;X;;;X;
D5547100300062;D5547100300062;RUDDER;REPAIR;;;;X;X;;;;;;;;;;;;;;;;;;;;X;X;X;X;;;;;;;;;;;;;;;;;;;;;;;;;;;;;;;;;;;;;;;;;;;;;;;;;;;;;;;;;;;;;;;;;;;;;;X;;;X;
D5547100300063;D5547100300063;RUDDER;REPAIR;;;;X;X;;;;;;;;;;;;;;;;;;;;X;X;X;X;;;;;;;;;;;;;;;;;;;;;;;;;;;;;;;;;;;;;;;;;;;;;;;;;;;;;;;;;;;;;;;;;;;;;;X;;;X;
D5547100400000;D5547100400000;RUDDER;REPAIR;;;;X;X;;;;;;;;;;;;;;;;;;;;X;X;X;X;;;;;;;;;;;;;;;;;;;;;;;;;;;;;;;;;;;;;;;;;;;;;;;;;;;;;;;;;;;;;;;;;;;;;;X;;;X;
D5547100400060;D5547100400060;RUDDER;REPAIR;;;;X;X;;;;;;;;;;;;;;;;;;;;X;X;X;X;;;;;;;;;;;;;;;;;;;;;;;;;;;;;;;;;;;;;;;;;;;;;;;;;;;;;;;;;;;;;;;;;;;;;;X;;;X;
D5547100400061;D5547100400061;RUDDER;REPAIR;;;;X;X;;;;;;;;;;;;;;;;;;;;X;X;X;X;;;;;;;;;;;;;;;;;;;;;;;;;;;;;;;;;;;;;;;;;;;;;;;;;;;;;;;;;;;;;;;;;;;;;;X;;;X;
D5547100400062;D5547100400062;RUDDER;REPAIR;;;;X;X;;;;;;;;;;;;;;;;;;;;X;X;X;X;;;;;;;;;;;;;;;;;;;;;;;;;;;;;;;;;;;;;;;;;;;;;;;;;;;;;;;;;;;;;;;;;;;;;;X;;;X;
D5547100500000;D5547100500000;RUDDER;REPAIR;;;;X;X;;;;;;;;;;;;;;;;;;;;X;X;X;X;;;;;;;;;;;;;;;;;;;;;;;;;;;;;;;;;;;;;;;;;;;;;;;;;;;;;;;;;;;;;;;;;;;;;;X;;;X;
D5547100500400;D5547100500400;RUDDER;REPAIR;;;;X;X;;;;;;;;;;;;;;;;;;;;X;X;X;X;;;;;;;;;;;;;;;;;;;;;;;;;;;;;;;;;;;;;;;;;;;;;;;;;;;;;;;;;;;;;;;;;;;;;;X;;;X;
D5547100600000;D5547100600000;RUDDER;REPAIR;;;;X;X;X;X;X;;;;;;;;;;;;;X;;;;X;X;X;X;;;;;;;;;;;;;;;;;;;;;;;;;;;;;;;;;;;;;;;;;;;;;;;;;;;;;;;;;;;;;;;;;;;;;;X;;;X;
D5547100600200;D5547100600200;RUDDER;REPAIR;;;;X;X;;;;;;;;;;;;;;;;;;;;X;X;X;X;;;;;;;;;;;;;;;;;;;;;;;;;;;;;;;;;;;;;;;;;;;;;;;;;;;;;;;;;;;;;;;;;;;;;;X;;;X;
D5547100600400;D5547100600400;RUDDER;REPAIR;;;;X;X;;;;;;;;;;;;;;;;;;;;X;X;X;X;;;;;;;;;;;;;;;;;;;;;;;;;;;;;;;;;;;;;;;;;;;;;;;;;;;;;;;;;;;;;;;;;;;;;;X;;;X;
D5547100600600;D5547100600600;RUDDER;REPAIR;;;;X;X;;;;;;;;;;;;;;;;;;;;X;X;X;X;;;;;;;;;;;;;;;;;;;;;;;;;;;;;;;;;;;;;;;;;;;;;;;;;;;;;;;;;;;;;;;;;;;;;;X;;;X;
D5735120000200;D5735120000200;FENCE ASSY;REPAIR;;;;X;X;X;X;;;;;;;;;;;;;;X;;;;X;X;X;X;;;;;;;;;;;;;;;;;;;;;;;;;;;;;;;;;;;;;;;;;;;;;;;;;;;;;;;;;;;;;;;;;;;;;;X;;;X;
D5735120000200Z;D5735120000200Z;FENCE ASSY WING TIP LH;REPAIR;;;;X;X;X;X;;;;;;;;;;;;;;X;;;;X;X;X;X;;;;;;;;;;;;;;;;;;;;;;;;;;;;;;;;;;;;;;;;;;;;;;;;;;;;;;;;;;;;;;;;;;;;;;X;;;X;
D5746010000200;D5746010000200;STRUCTURE COMPLETE - SLAT 1;REPAIR;;;;X;X;;;;;;;;;;;;;;;;;;;;X;X;X;X;;;;;;;;;;;;;;;;;;;;;;;;;;;;;;;;;;;;;;;;;;;;;;;;;;;;;;;;;;;;;;;;;;;;;;X;;;X;
D5746010000300;D5746010000300;STRUCTURE COMPLETE - SLAT 1;REPAIR;;;;X;X;;;;;;;;;;;;;;;;;;;;X;X;X;X;;;;;;;;;;;;;;;;;;;;;;;;;;;;;;;;;;;;;;;;;;;;;;;;;;;;;;;;;;;;;;;;;;;;;;X;;;X;
D5746010000400;D5746010000400;STRUCTURE COMPLETE - SLAT 1;REPAIR;;;;X;X;;;;;;;;;;;;;;;;;;;;X;X;X;X;;;;;;;;;;;;;;;;;;;;;;;;;;;;;;;;;;;;;;;;;;;;;;;;;;;;;;;;;;;;;;;;;;;;;;X;;;X;
D5746010000500;D5746010000500;STRUCTURE COMPLETE - SLAT 1;REPAIR;;;;X;X;;;;;;;;;;;;;;;;;;;;X;X;X;X;;;;;;;;;;;;;;;;;;;;;;;;;;;;;;;;;;;;;;;;;;;;;;;;;;;;;;;;;;;;;;;;;;;;;;X;;;X;
D5746010000600;D5746010000600;STRUCTURE COMPLETE - SLAT 1;REPAIR;;;;X;X;;;;;;;;;;;;;;;;;;;;X;X;X;X;;;;;;;;;;;;;;;;;;;;;;;;;;;;;;;;;;;;;;;;;;;;;;;;;;;;;;;;;;;;;;;;;;;;;;X;;;X;
D5746010000700;D5746010000700;STRUCTURE COMPLETE - SLAT 1;REPAIR;;;;X;X;;;;;;;;;;;;;;;;;;;;X;X;X;X;;;;;;;;;;;;;;;;;;;;;;;;;;;;;;;;;;;;;;;;;;;;;;;;;;;;;;;;;;;;;;;;;;;;;;X;;;X;
D5746010001000;D5746010001000;STRUCTURE COMPLETE - SLAT 1;REPAIR;;;;X;X;;;;;;;;;;;;;;;;;;;;X;X;X;X;;;;;;;;;;;;;;;;;;;;;;;;;;;;;;;;;;;;;;;;;;;;;;;;;;;;;;;;;;;;;;;;;;;;;;X;;;X;
D5746010001100;D5746010001100;STRUCTURE COMPLETE - SLAT 1;REPAIR;;;;X;X;;;;;;;;;;;;;;;;;;;;X;X;X;X;;;;;;;;;;;;;;;;;;;;;;;;;;;;;;;;;;;;;;;;;;;;;;;;;;;;;;;;;;;;;;;;;;;;;;X;;;X;
D5746016800000;D5746016800000;STRUCTURE COMPLETE - SLAT 1;REPAIR;;;;X;X;;;;;;;;;;;;;;;;;;;;X;X;X;X;;;;;;;;;;;;;;;;;;;;;;;;;;;;;;;;;;;;;;;;;;;;;;;;;;;;;;;;;;;;;;;;;;;;;;X;;;X;
D5746016800100;D5746016800100;STRUCTURE COMPLETE - SLAT 1;REPAIR;;;;X;X;;;;;;;;;;;;;;;;;;;;X;X;X;X;;;;;;;;;;;;;;;;;;;;;;;;;;;;;;;;;;;;;;;;;;;;;;;;;;;;;;;;;;;;;;;;;;;;;;X;;;X;
D5746016800200;D5746016800200;STRUCTURE COMPLETE - SLAT 1;REPAIR;;;;X;X;;;;;;;;;;;;;;;;;;;;X;X;X;X;;;;;;;;;;;;;;;;;;;;;;;;;;;;;;;;;;;;;;;;;;;;;;;;;;;;;;;;;;;;;;;;;;;;;;X;;;X;
D5746016800300;D5746016800300;STRUCTURE COMPLETE - SLAT 1;REPAIR;;;;X;X;;;;;;;;;;;;;;;;;;;;X;X;X;X;;;;;;;;;;;;;;;;;;;;;;;;;;;;;;;;;;;;;;;;;;;;;;;;;;;;;;;;;;;;;;;;;;;;;;X;;;X;
D5746016800400;D5746016800400;STRUCTURE COMPLETE - SLAT 1;REPAIR;;;;X;X;;;;;;;;;;;;;;;;;;;;X;X;X;X;;;;;;;;;;;;;;;;;;;;;;;;;;;;;;;;;;;;;;;;;;;;;;;;;;;;;;;;;;;;;;;;;;;;;;X;;;X;
D5746016800500;D5746016800500;STRUCTURE COMPLETE - SLAT 1;REPAIR;;;;X;X;;;;;;;;;;;;;;;;;;;;X;X;X;X;;;;;;;;;;;;;;;;;;;;;;;;;;;;;;;;;;;;;;;;;;;;;;;;;;;;;;;;;;;;;;;;;;;;;;X;;;X;
D5746016800600;D5746016800600;STRUCTURE COMPLETE - SLAT 1;REPAIR;;;;X;X;;;;;;;;;;;;;;;;;;;;X;X;X;X;;;;;;;;;;;;;;;;;;;;;;;;;;;;;;;;;;;;;;;;;;;;;;;;;;;;;;;;;;;;;;;;;;;;;;X;;;X;
D5746016800700;D5746016800700;STRUCTURE COMPLETE - SLAT 1;REPAIR;;;;X;X;;;;;;;;;;;;;;;;;;;;X;X;X;X;;;;;;;;;;;;;;;;;;;;;;;;;;;;;;;;;;;;;;;;;;;;;;;;;;;;;;;;;;;;;;;;;;;;;;X;;;X;
D5746016800800;D5746016800800;STRUCTURE COMPLETE - SLAT 1;REPAIR;;;;X;X;;;;;;;;;;;;;;;;;;;;X;X;X;X;;;;;;;;;;;;;;;;;;;;;;;;;;;;;;;;;;;;;;;;;;;;;;;;;;;;;;;;;;;;;;;;;;;;;;X;;;X;
D5746016800900;D5746016800900;STRUCTURE COMPLETE - SLAT 1;REPAIR;;;;X;X;;;;;;;;;;;;;;;;;;;;X;X;X;X;;;;;;;;;;;;;;;;;;;;;;;;;;;;;;;;;;;;;;;;;;;;;;;;;;;;;;;;;;;;;;;;;;;;;;X;;;X;
D5746016801000;D5746016801000;STRUCTURE COMPLETE - SLAT 1;REPAIR;;;;X;X;;;;;;;;;;;;;;;;;;;;X;X;X;X;;;;;;;;;;;;;;;;;;;;;;;;;;;;;;;;;;;;;;;;;;;;;;;;;;;;;;;;;;;;;;;;;;;;;;X;;;X;
D5746016801100;D5746016801100;STRUCTURE COMPLETE - SLAT 1;REPAIR;;;;X;X;;;;;;;;;;;;;;;;;;;;X;X;X;X;;;;;;;;;;;;;;;;;;;;;;;;;;;;;;;;;;;;;;;;;;;;;;;;;;;;;;;;;;;;;;;;;;;;;;X;;;X;
D5746017800000;D5746017800000;STRUCTURE COMPLETE - SLAT 1;REPAIR;;;;X;X;;;;;;;;;;;;;;;;;;;;X;X;X;X;;;;;;;;;;;;;;;;;;;;;;;;;;;;;;;;;;;;;;;;;;;;;;;;;;;;;;;;;;;;;;;;;;;;;;X;;;X;
D5746017800100;D5746017800100;STRUCTURE COMPLETE - SLAT 1;REPAIR;;;;X;X;;;;;;;;;;;;;;;;;;;;X;X;X;X;;;;;;;;;;;;;;;;;;;;;;;;;;;;;;;;;;;;;;;;;;;;;;;;;;;;;;;;;;;;;;;;;;;;;;X;;;X;
D5746019800000;D5746019800000;STRUCTURE COMPLETE - SLAT 1;REPAIR;;;;X;X;;;;;;;;;;;;;;;;;;;;X;X;X;X;;;;;;;;;;;;;;;;;;;;;;;;;;;;;;;;;;;;;;;;;;;;;;;;;;;;;;;;;;;;;;;;;;;;;;X;;;X;
D5746019800100;D5746019800100;STRUCTURE COMPLETE - SLAT 1;REPAIR;;;;X;X;;;;;;;;;;;;;;;;;;;;X;X;X;X;;;;;;;;;;;;;;;;;;;;;;;;;;;;;;;;;;;;;;;;;;;;;;;;;;;;;;;;;;;;;;;;;;;;;;X;;;X;
D5746019800200;D5746019800200;STRUCTURE COMPLETE - SLAT 1;REPAIR;;;;X;X;;;;;;;;;;;;;;;;;;;;X;X;X;X;;;;;;;;;;;;;;;;;;;;;;;;;;;;;;;;;;;;;;;;;;;;;;;;;;;;;;;;;;;;;;;;;;;;;;X;;;X;
D5746019800300;D5746019800300;STRUCTURE COMPLETE - SLAT 1;REPAIR;;;;X;X;;;;;;;;;;;;;;;;;;;;X;X;X;X;;;;;;;;;;;;;;;;;;;;;;;;;;;;;;;;;;;;;;;;;;;;;;;;;;;;;;;;;;;;;;;;;;;;;;X;;;X;
D5746020000000;D5746020000000;STRUCTURE COMPLETE - SLAT 2;REPAIR;;;;X;X;;;;;;;;;;;;;;;;;;;;X;X;X;X;;;;;;;;;;;;;;;;;;;;;;;;;;;;;;;;;;;;;;;;;;;;;;;;;;;;;;;;;;;;;;;;;;;;;;X;;;X;
D5746020000100;D5746020000100;STRUCTURE COMPLETE - SLAT 2;REPAIR;;;;X;X;;;;;;;;;;;;;;;;;;;;X;X;X;X;;;;;;;;;;;;;;;;;;;;;;;;;;;;;;;;;;;;;;;;;;;;;;;;;;;;;;;;;;;;;;;;;;;;;;X;;;X;
D5746020000200;D5746020000200;STRUCTURE COMPLETE - SLAT 2;REPAIR;;;;X;X;;;;;;;;;;;;;;;;;;;;X;X;X;X;;;;;;;;;;;;;;;;;;;;;;;;;;;;;;;;;;;;;;;;;;;;;;;;;;;;;;;;;;;;;;;;;;;;;;X;;;X;
D5746020000300;D5746020000300;STRUCTURE COMPLETE - SLAT 2;REPAIR;;;;X;X;;;;;;;;;;;;;;;;;;;;X;X;X;X;;;;;;;;;;;;;;;;;;;;;;;;;;;;;;;;;;;;;;;;;;;;;;;;;;;;;;;;;;;;;;;;;;;;;;X;;;X;
D5746020000400;D5746020000400;STRUCTURE COMPLETE - SLAT 2;REPAIR;;;;X;X;;;;;;;;;;;;;;;;;;;;X;X;X;X;;;;;;;;;;;;;;;;;;;;;;;;;;;;;;;;;;;;;;;;;;;;;;;;;;;;;;;;;;;;;;;;;;;;;;X;;;X;
D5746020000500;D5746020000500;STRUCTURE COMPLETE - SLAT 2;REPAIR;;;;X;X;;;;;;;;;;;;;;;;;;;;X;X;X;X;;;;;;;;;;;;;;;;;;;;;;;;;;;;;;;;;;;;;;;;;;;;;;;;;;;;;;;;;;;;;;;;;;;;;;X;;;X;
D5746020000600;D5746020000600;STRUCTURE COMPLETE - SLAT 2;REPAIR;;;;X;X;;;;;;;;;;;;;;;;;;;;X;X;X;X;;;;;;;;;;;;;;;;;;;;;;;;;;;;;;;;;;;;;;;;;;;;;;;;;;;;;;;;;;;;;;;;;;;;;;X;;;X;
D5746020000700;D5746020000700;STRUCTURE COMPLETE - SLAT 2;REPAIR;;;;X;X;;;;;;;;;;;;;;;;;;;;X;X;X;X;;;;;;;;;;;;;;;;;;;;;;;;;;;;;;;;;;;;;;;;;;;;;;;;;;;;;;;;;;;;;;;;;;;;;;X;;;X;
D5746020001000;D5746020001000;STRUCTURE COMPLETE - SLAT 2;REPAIR;;;;X;X;;;;;;;;;;;;;;;;;;;;X;X;X;X;;;;;;;;;;;;;;;;;;;;;;;;;;;;;;;;;;;;;;;;;;;;;;;;;;;;;;;;;;;;;;;;;;;;;;X;;;X;
D5746020001100;D5746020001100;STRUCTURE COMPLETE - SLAT 2;REPAIR;;;;X;X;;;;;;;;;;;;;;;;;;;;X;X;X;X;;;;;;;;;;;;;;;;;;;;;;;;;;;;;;;;;;;;;;;;;;;;;;;;;;;;;;;;;;;;;;;;;;;;;;X;;;X;
D5746027700000;D5746027700000;STRUCTURE COMPLETE - SLAT 2;REPAIR;;;;X;X;;;;;;;;;;;;;;;;;;;;X;X;X;X;;;;;;;;;;;;;;;;;;;;;;;;;;;;;;;;;;;;;;;;;;;;;;;;;;;;;;;;;;;;;;;;;;;;;;X;;;X;
D5746027700100;D5746027700100;STRUCTURE COMPLETE - SLAT 2;REPAIR;;;;X;X;;;;;;;;;;;;;;;;;;;;X;X;X;X;;;;;;;;;;;;;;;;;;;;;;;;;;;;;;;;;;;;;;;;;;;;;;;;;;;;;;;;;;;;;;;;;;;;;;X;;;X;
D5746027700200;D5746027700200;STRUCTURE COMPLETE - SLAT 2;REPAIR;;;;X;X;;;;;;;;;;;;;;;;;;;;X;X;X;X;;;;;;;;;;;;;;;;;;;;;;;;;;;;;;;;;;;;;;;;;;;;;;;;;;;;;;;;;;;;;;;;;;;;;;X;;;X;
D5746027700300;D5746027700300;STRUCTURE COMPLETE - SLAT 2;REPAIR;;;;X;X;;;;;;;;;;;;;;;;;;;;X;X;X;X;;;;;;;;;;;;;;;;;;;;;;;;;;;;;;;;;;;;;;;;;;;;;;;;;;;;;;;;;;;;;;;;;;;;;;X;;;X;
D5746027800000;D5746027800000;STRUCTURE COMPLETE - SLAT 2;REPAIR;;;;X;X;;;;;;;;;;;;;;;;;;;;X;X;X;X;;;;;;;;;;;;;;;;;;;;;;;;;;;;;;;;;;;;;;;;;;;;;;;;;;;;;;;;;;;;;;;;;;;;;;X;;;X;
D5746027800200;D5746027800200;STRUCTURE COMPLETE - SLAT 2;REPAIR;;;;X;X;;;;;;;;;;;;;;;;;;;;X;X;X;X;;;;;;;;;;;;;;;;;;;;;;;;;;;;;;;;;;;;;;;;;;;;;;;;;;;;;;;;;;;;;;;;;;;;;;X;;;X;
D5746027800300;D5746027800300;STRUCTURE COMPLETE - SLAT 2;REPAIR;;;;X;X;;;;;;;;;;;;;;;;;;;;X;X;X;X;;;;;;;;;;;;;;;;;;;;;;;;;;;;;;;;;;;;;;;;;;;;;;;;;;;;;;;;;;;;;;;;;;;;;;X;;;X;
D5746027800400;D5746027800400;STRUCTURE COMPLETE - SLAT 2;REPAIR;;;;X;X;;;;;;;;;;;;;;;;;;;;X;X;X;X;;;;;;;;;;;;;;;;;;;;;;;;;;;;;;;;;;;;;;;;;;;;;;;;;;;;;;;;;;;;;;;;;;;;;;X;;;X;
D5746027800500;D5746027800500;STRUCTURE COMPLETE - SLAT 2;REPAIR;;;;X;X;;;;;;;;;;;;;;;;;;;;X;X;X;X;;;;;;;;;;;;;;;;;;;;;;;;;;;;;;;;;;;;;;;;;;;;;;;;;;;;;;;;;;;;;;;;;;;;;;X;;;X;
D5746027800600;D5746027800600;STRUCTURE COMPLETE - SLAT 2;REPAIR;;;;X;X;;;;;;;;;;;;;;;;;;;;X;X;X;X;;;;;;;;;;;;;;;;;;;;;;;;;;;;;;;;;;;;;;;;;;;;;;;;;;;;;;;;;;;;;;;;;;;;;;X;;;X;
D5746027800700;D5746027800700;STRUCTURE COMPLETE - SLAT 2;REPAIR;;;;X;X;;;;;;;;;;;;;;;;;;;;X;X;X;X;;;;;;;;;;;;;;;;;;;;;;;;;;;;;;;;;;;;;;;;;;;;;;;;;;;;;;;;;;;;;;;;;;;;;;X;;;X;
D5746027800800;D5746027800800;STRUCTURE COMPLETE - SLAT 2;REPAIR;;;;X;X;;;;;;;;;;;;;;;;;;;;X;X;X;X;;;;;;;;;;;;;;;;;;;;;;;;;;;;;;;;;;;;;;;;;;;;;;;;;;;;;;;;;;;;;;;;;;;;;;X;;;X;
D5746027800900;D5746027800900;STRUCTURE COMPLETE - SLAT 2;REPAIR;;;;X;X;;;;;;;;;;;;;;;;;;;;X;X;X;X;;;;;;;;;;;;;;;;;;;;;;;;;;;;;;;;;;;;;;;;;;;;;;;;;;;;;;;;;;;;;;;;;;;;;;X;;;X;
D5746027801000;D5746027801000;STRUCTURE COMPLETE - SLAT 2;REPAIR;;;;X;X;;;;;;;;;;;;;;;;;;;;X;X;X;X;;;;;;;;;;;;;;;;;;;;;;;;;;;;;;;;;;;;;;;;;;;;;;;;;;;;;;;;;;;;;;;;;;;;;;X;;;X;
D5746027801100;D5746027801100;STRUCTURE COMPLETE - SLAT 2;REPAIR;;;;X;X;;;;;;;;;;;;;;;;;;;;X;X;X;X;;;;;;;;;;;;;;;;;;;;;;;;;;;;;;;;;;;;;;;;;;;;;;;;;;;;;;;;;;;;;;;;;;;;;;X;;;X;
D5746027801200;D5746027801200;STRUCTURE COMPLETE - SLAT 2;REPAIR;;;;X;X;;;;;;;;;;;;;;;;;;;;X;X;X;X;;;;;;;;;;;;;;;;;;;;;;;;;;;;;;;;;;;;;;;;;;;;;;;;;;;;;;;;;;;;;;;;;;;;;;X;;;X;
D5746027801300;D5746027801300;STRUCTURE COMPLETE - SLAT 2;REPAIR;;;;X;X;;;;;;;;;;;;;;;;;;;;X;X;X;X;;;;;;;;;;;;;;;;;;;;;;;;;;;;;;;;;;;;;;;;;;;;;;;;;;;;;;;;;;;;;;;;;;;;;;X;;;X;
D5746029800000;D5746029800000;STRUCTURE COMPLETE - SLAT 2;REPAIR;;;;X;X;;;;;;;;;;;;;;;;;;;;X;X;X;X;;;;;;;;;;;;;;;;;;;;;;;;;;;;;;;;;;;;;;;;;;;;;;;;;;;;;;;;;;;;;;;;;;;;;;X;;;X;
D5746029800100;D5746029800100;STRUCTURE COMPLETE - SLAT 2;REPAIR;;;;X;X;;;;;;;;;;;;;;;;;;;;X;X;X;X;;;;;;;;;;;;;;;;;;;;;;;;;;;;;;;;;;;;;;;;;;;;;;;;;;;;;;;;;;;;;;;;;;;;;;X;;;X;
D5746030000000;D5746030000000;STRUCTURE COMPLETE - SLAT 3;REPAIR;;;;X;X;;;;;;;;;;;;;;;;;;;;X;X;X;X;;;;;;;;;;;;;;;;;;;;;;;;;;;;;;;;;;;;;;;;;;;;;;;;;;;;;;;;;;;;;;;;;;;;;;X;;;X;
D5746030000100;D5746030000100;STRUCTURE COMPLETE - SLAT 3;REPAIR;;;;X;X;;;;;;;;;;;;;;;;;;;;X;X;X;X;;;;;;;;;;;;;;;;;;;;;;;;;;;;;;;;;;;;;;;;;;;;;;;;;;;;;;;;;;;;;;;;;;;;;;X;;;X;
D5746030000200;D5746030000200;STRUCTURE COMPLETE - SLAT 3;REPAIR;;;;X;X;;;;;;;;;;;;;;;;;;;;X;X;X;X;;;;;;;;;;;;;;;;;;;;;;;;;;;;;;;;;;;;;;;;;;;;;;;;;;;;;;;;;;;;;;;;;;;;;;X;;;X;
D5746030000300;D5746030000300;STRUCTURE COMPLETE - SLAT 3;REPAIR;;;;X;X;;;;;;;;;;;;;;;;;;;;X;X;X;X;;;;;;;;;;;;;;;;;;;;;;;;;;;;;;;;;;;;;;;;;;;;;;;;;;;;;;;;;;;;;;;;;;;;;;X;;;X;
D5746030000400;D5746030000400;STRUCTURE COMPLETE - SLAT 3;REPAIR;;;;X;X;;;;;;;;;;;;;;;;;;;;X;X;X;X;;;;;;;;;;;;;;;;;;;;;;;;;;;;;;;;;;;;;;;;;;;;;;;;;;;;;;;;;;;;;;;;;;;;;;X;;;X;
D5746030000500;D5746030000500;STRUCTURE COMPLETE - SLAT 3;REPAIR;;;;X;X;;;;;;;;;;;;;;;;;;;;X;X;X;X;;;;;;;;;;;;;;;;;;;;;;;;;;;;;;;;;;;;;;;;;;;;;;;;;;;;;;;;;;;;;;;;;;;;;;X;;;X;
D5746030000600;D5746030000600;STRUCTURE COMPLETE - SLAT 3;REPAIR;;;;X;X;;;;;;;;;;;;;;;;;;;;X;X;X;X;;;;;;;;;;;;;;;;;;;;;;;;;;;;;;;;;;;;;;;;;;;;;;;;;;;;;;;;;;;;;;;;;;;;;;X;;;X;
D5746030000700;D5746030000700;STRUCTURE COMPLETE - SLAT 3;REPAIR;;;;X;X;;;;;;;;;;;;;;;;;;;;X;X;X;X;;;;;;;;;;;;;;;;;;;;;;;;;;;;;;;;;;;;;;;;;;;;;;;;;;;;;;;;;;;;;;;;;;;;;;X;;;X;
D5746037700000;D5746037700000;STRUCTURE COMPLETE - SLAT 3;REPAIR;;;;X;X;;;;;;;;;;;;;;;;;;;;X;X;X;X;;;;;;;;;;;;;;;;;;;;;;;;;;;;;;;;;;;;;;;;;;;;;;;;;;;;;;;;;;;;;;;;;;;;;;X;;;X;
D5746037700100;D5746037700100;STRUCTURE COMPLETE - SLAT 3;REPAIR;;;;X;X;;;;;;;;;;;;;;;;;;;;X;X;X;X;;;;;;;;;;;;;;;;;;;;;;;;;;;;;;;;;;;;;;;;;;;;;;;;;;;;;;;;;;;;;;;;;;;;;;X;;;X;
D5746037700200;D5746037700200;STRUCTURE COMPLETE - SLAT 3;REPAIR;;;;X;X;;;;;;;;;;;;;;;;;;;;X;X;X;X;;;;;;;;;;;;;;;;;;;;;;;;;;;;;;;;;;;;;;;;;;;;;;;;;;;;;;;;;;;;;;;;;;;;;;X;;;X;
D5746037700300;D5746037700300;STRUCTURE COMPLETE - SLAT 3;REPAIR;;;;X;X;;;;;;;;;;;;;;;;;;;;X;X;X;X;;;;;;;;;;;;;;;;;;;;;;;;;;;;;;;;;;;;;;;;;;;;;;;;;;;;;;;;;;;;;;;;;;;;;;X;;;X;
D5746037800000;D5746037800000;STRUCTURE COMPLETE - SLAT 3;REPAIR;;;;X;X;;;;;;;;;;;;;;;;;;;;X;X;X;X;;;;;;;;;;;;;;;;;;;;;;;;;;;;;;;;;;;;;;;;;;;;;;;;;;;;;;;;;;;;;;;;;;;;;;X;;;X;
D5746037800100;D5746037800100;STRUCTURE COMPLETE - SLAT 3;REPAIR;;;;X;X;;;;;;;;;;;;;;;;;;;;X;X;X;X;;;;;;;;;;;;;;;;;;;;;;;;;;;;;;;;;;;;;;;;;;;;;;;;;;;;;;;;;;;;;;;;;;;;;;X;;;X;
D5746037800200;D5746037800200;STRUCTURE COMPLETE - SLAT 3;REPAIR;;;;X;X;;;;;;;;;;;;;;;;;;;;X;X;X;X;;;;;;;;;;;;;;;;;;;;;;;;;;;;;;;;;;;;;;;;;;;;;;;;;;;;;;;;;;;;;;;;;;;;;;X;;;X;
D5746037800300;D5746037800300;STRUCTURE COMPLETE - SLAT 3;REPAIR;;;;X;X;;;;;;;;;;;;;;;;;;;;X;X;X;X;;;;;;;;;;;;;;;;;;;;;;;;;;;;;;;;;;;;;;;;;;;;;;;;;;;;;;;;;;;;;;;;;;;;;;X;;;X;
D5746037800400;D5746037800400;STRUCTURE COMPLETE - SLAT 3;REPAIR;;;;X;X;;;;;;;;;;;;;;;;;;;;X;X;X;X;;;;;;;;;;;;;;;;;;;;;;;;;;;;;;;;;;;;;;;;;;;;;;;;;;;;;;;;;;;;;;;;;;;;;;X;;;X;
D5746037800500;D5746037800500;STRUCTURE COMPLETE - SLAT 3;REPAIR;;;;X;X;;;;;;;;;;;;;;;;;;;;X;X;X;X;;;;;;;;;;;;;;;;;;;;;;;;;;;;;;;;;;;;;;;;;;;;;;;;;;;;;;;;;;;;;;;;;;;;;;X;;;X;
D57460378005600;D57460378005600;STRUCTURE COMPLETE - SLAT 3;REPAIR;;;;X;X;;;;;;;;;;;;;;;;;;;;X;X;X;X;;;;;;;;;;;;;;;;;;;;;;;;;;;;;;;;;;;;;;;;;;;;;;;;;;;;;;;;;;;;;;;;;;;;;;X;;;X;
D5746037800700;D5746037800700;STRUCTURE COMPLETE - SLAT 3;REPAIR;;;;X;X;;;;;;;;;;;;;;;;;;;;X;X;X;X;;;;;;;;;;;;;;;;;;;;;;;;;;;;;;;;;;;;;;;;;;;;;;;;;;;;;;;;;;;;;;;;;;;;;;X;;;X;
D5746037800900;D5746037800900;STRUCTURE COMPLETE - SLAT 3;REPAIR;;;;X;X;;;;;;;;;;;;;;;;;;;;X;X;X;X;;;;;;;;;;;;;;;;;;;;;;;;;;;;;;;;;;;;;;;;;;;;;;;;;;;;;;;;;;;;;;;;;;;;;;X;;;X;
D5746037801000;D5746037801000;STRUCTURE COMPLETE - SLAT 3;REPAIR;;;;X;X;;;;;;;;;;;;;;;;;;;;X;X;X;X;;;;;;;;;;;;;;;;;;;;;;;;;;;;;;;;;;;;;;;;;;;;;;;;;;;;;;;;;;;;;;;;;;;;;;X;;;X;
D5746037801100;D5746037801100;STRUCTURE COMPLETE - SLAT 3;REPAIR;;;;X;X;;;;;;;;;;;;;;;;;;;;X;X;X;X;;;;;;;;;;;;;;;;;;;;;;;;;;;;;;;;;;;;;;;;;;;;;;;;;;;;;;;;;;;;;;;;;;;;;;X;;;X;
D5746039800000;D5746039800000;STRUCTURE COMPLETE - SLAT 3;REPAIR;;;;X;X;;;;;;;;;;;;;;;;;;;;X;X;X;X;;;;;;;;;;;;;;;;;;;;;;;;;;;;;;;;;;;;;;;;;;;;;;;;;;;;;;;;;;;;;;;;;;;;;;X;;;X;
D5746039800100;D5746039800100;STRUCTURE COMPLETE - SLAT 3;REPAIR;;;;X;X;;;;;;;;;;;;;;;;;;;;X;X;X;X;;;;;;;;;;;;;;;;;;;;;;;;;;;;;;;;;;;;;;;;;;;;;;;;;;;;;;;;;;;;;;;;;;;;;;X;;;X;
D5746040000000;D5746040000000;STRUCTURE COMPLETE - SLAT 4;REPAIR;;;;X;X;;;;;;;;;;;;;;;;;;;;X;X;X;X;;;;;;;;;;;;;;;;;;;;;;;;;;;;;;;;;;;;;;;;;;;;;;;;;;;;;;;;;;;;;;;;;;;;;;X;;;X;
D5746040000100;D5746040000100;STRUCTURE COMPLETE - SLAT 4;REPAIR;;;;X;X;;;;;;;;;;;;;;;;;;;;X;X;X;X;;;;;;;;;;;;;;;;;;;;;;;;;;;;;;;;;;;;;;;;;;;;;;;;;;;;;;;;;;;;;;;;;;;;;;X;;;X;
D5746040000200;D5746040000200;STRUCTURE COMPLETE - SLAT 4;REPAIR;;;;X;X;;;;;;;;;;;;;;;;;;;;X;X;X;X;;;;;;;;;;;;;;;;;;;;;;;;;;;;;;;;;;;;;;;;;;;;;;;;;;;;;;;;;;;;;;;;;;;;;;X;;;X;
D5746040000300;D5746040000300;STRUCTURE COMPLETE - SLAT 4;REPAIR;;;;X;X;;;;;;;;;;;;;;;;;;;;X;X;X;X;;;;;;;;;;;;;;;;;;;;;;;;;;;;;;;;;;;;;;;;;;;;;;;;;;;;;;;;;;;;;;;;;;;;;;X;;;X;
D5746040000400;D5746040000400;STRUCTURE COMPLETE - SLAT 4;REPAIR;;;;X;X;;;;;;;;;;;;;;;;;;;;X;X;X;X;;;;;;;;;;;;;;;;;;;;;;;;;;;;;;;;;;;;;;;;;;;;;;;;;;;;;;;;;;;;;;;;;;;;;;X;;;X;
D5746040000500;D5746040000500;STRUCTURE COMPLETE - SLAT 4;REPAIR;;;;X;X;;;;;;;;;;;;;;;;;;;;X;X;X;X;;;;;;;;;;;;;;;;;;;;;;;;;;;;;;;;;;;;;;;;;;;;;;;;;;;;;;;;;;;;;;;;;;;;;;X;;;X;
D5746040000600;D5746040000600;STRUCTURE COMPLETE - SLAT 4;REPAIR;;;;X;X;;;;;;;;;;;;;;;;;;;;X;X;X;X;;;;;;;;;;;;;;;;;;;;;;;;;;;;;;;;;;;;;;;;;;;;;;;;;;;;;;;;;;;;;;;;;;;;;;X;;;X;
D5746040000700;D5746040000700;STRUCTURE COMPLETE - SLAT 4;REPAIR;;;;X;X;;;;;;;;;;;;;;;;;;;;X;X;X;X;;;;;;;;;;;;;;;;;;;;;;;;;;;;;;;;;;;;;;;;;;;;;;;;;;;;;;;;;;;;;;;;;;;;;;X;;;X;
D5746047700000;D5746047700000;STRUCTURE COMPLETE - SLAT 4;REPAIR;;;;X;X;;;;;;;;;;;;;;;;;;;;X;X;X;X;;;;;;;;;;;;;;;;;;;;;;;;;;;;;;;;;;;;;;;;;;;;;;;;;;;;;;;;;;;;;;;;;;;;;;X;;;X;
D5746047700100;D5746047700100;STRUCTURE COMPLETE - SLAT 4;REPAIR;;;;X;X;;;;;;;;;;;;;;;;;;;;X;X;X;X;;;;;;;;;;;;;;;;;;;;;;;;;;;;;;;;;;;;;;;;;;;;;;;;;;;;;;;;;;;;;;;;;;;;;;X;;;X;
D5746047800000;D5746047800000;STRUCTURE COMPLETE - SLAT 4;REPAIR;;;;X;X;;;;;;;;;;;;;;;;;;;;X;X;X;X;;;;;;;;;;;;;;;;;;;;;;;;;;;;;;;;;;;;;;;;;;;;;;;;;;;;;;;;;;;;;;;;;;;;;;X;;;X;
D5746047800100;D5746047800100;STRUCTURE COMPLETE - SLAT 4;REPAIR;;;;X;X;;;;;;;;;;;;;;;;;;;;X;X;X;X;;;;;;;;;;;;;;;;;;;;;;;;;;;;;;;;;;;;;;;;;;;;;;;;;;;;;;;;;;;;;;;;;;;;;;X;;;X;
D5746047800200;D5746047800200;STRUCTURE COMPLETE - SLAT 4;REPAIR;;;;X;X;;;;;;;;;;;;;;;;;;;;X;X;X;X;;;;;;;;;;;;;;;;;;;;;;;;;;;;;;;;;;;;;;;;;;;;;;;;;;;;;;;;;;;;;;;;;;;;;;X;;;X;
D5746047800300;D5746047800300;STRUCTURE COMPLETE - SLAT 4;REPAIR;;;;X;X;;;;;;;;;;;;;;;;;;;;X;X;X;X;;;;;;;;;;;;;;;;;;;;;;;;;;;;;;;;;;;;;;;;;;;;;;;;;;;;;;;;;;;;;;;;;;;;;;X;;;X;
D5746047800400;D5746047800400;STRUCTURE COMPLETE - SLAT 4;REPAIR;;;;X;X;;;;;;;;;;;;;;;;;;;;X;X;X;X;;;;;;;;;;;;;;;;;;;;;;;;;;;;;;;;;;;;;;;;;;;;;;;;;;;;;;;;;;;;;;;;;;;;;;X;;;X;
D5746047800500;D5746047800500;STRUCTURE COMPLETE - SLAT 4;REPAIR;;;;X;X;;;;;;;;;;;;;;;;;;;;X;X;X;X;;;;;;;;;;;;;;;;;;;;;;;;;;;;;;;;;;;;;;;;;;;;;;;;;;;;;;;;;;;;;;;;;;;;;;X;;;X;
D5746047800600;D5746047800600;STRUCTURE COMPLETE - SLAT 4;REPAIR;;;;X;X;;;;;;;;;;;;;;;;;;;;X;X;X;X;;;;;;;;;;;;;;;;;;;;;;;;;;;;;;;;;;;;;;;;;;;;;;;;;;;;;;;;;;;;;;;;;;;;;;X;;;X;
D5746047800700;D5746047800700;STRUCTURE COMPLETE - SLAT 4;REPAIR;;;;X;X;;;;;;;;;;;;;;;;;;;;X;X;X;X;;;;;;;;;;;;;;;;;;;;;;;;;;;;;;;;;;;;;;;;;;;;;;;;;;;;;;;;;;;;;;;;;;;;;;X;;;X;
D5746047800800;D5746047800800;STRUCTURE COMPLETE - SLAT 4;REPAIR;;;;X;X;;;;;;;;;;;;;;;;;;;;X;X;X;X;;;;;;;;;;;;;;;;;;;;;;;;;;;;;;;;;;;;;;;;;;;;;;;;;;;;;;;;;;;;;;;;;;;;;;X;;;X;
D5746047800900;D5746047800900;STRUCTURE COMPLETE - SLAT 4;REPAIR;;;;X;X;;;;;;;;;;;;;;;;;;;;X;X;X;X;;;;;;;;;;;;;;;;;;;;;;;;;;;;;;;;;;;;;;;;;;;;;;;;;;;;;;;;;;;;;;;;;;;;;;X;;;X;
D5746047801000;D5746047801000;STRUCTURE COMPLETE - SLAT 4;REPAIR;;;;X;X;;;;;;;;;;;;;;;;;;;;X;X;X;X;;;;;;;;;;;;;;;;;;;;;;;;;;;;;;;;;;;;;;;;;;;;;;;;;;;;;;;;;;;;;;;;;;;;;;X;;;X;
D5746047801100;D5746047801100;STRUCTURE COMPLETE - SLAT 4;REPAIR;;;;X;X;;;;;;;;;;;;;;;;;;;;X;X;X;X;;;;;;;;;;;;;;;;;;;;;;;;;;;;;;;;;;;;;;;;;;;;;;;;;;;;;;;;;;;;;;;;;;;;;;X;;;X;
D5746049800000;D5746049800000;STRUCTURE COMPLETE - SLAT 4;REPAIR;;;;X;X;;;;;;;;;;;;;;;;;;;;X;X;X;X;;;;;;;;;;;;;;;;;;;;;;;;;;;;;;;;;;;;;;;;;;;;;;;;;;;;;;;;;;;;;;;;;;;;;;X;;;X;
D5746049800100;D5746049800100;STRUCTURE COMPLETE - SLAT 4;REPAIR;;;;X;X;;;;;;;;;;;;;;;;;;;;X;X;X;X;;;;;;;;;;;;;;;;;;;;;;;;;;;;;;;;;;;;;;;;;;;;;;;;;;;;;;;;;;;;;;;;;;;;;;X;;;X;
D5746050000000;D5746050000000;STRUCTURE COMPLETE - SLAT 5;REPAIR;;;;X;X;;;;;;;;;;;;;;;;;;;;X;X;X;X;;;;;;;;;;;;;;;;;;;;;;;;;;;;;;;;;;;;;;;;;;;;;;;;;;;;;;;;;;;;;;;;;;;;;;X;;;X;
D5746050000100;D5746050000100;STRUCTURE COMPLETE - SLAT 5;REPAIR;;;;X;X;;;;;;;;;;;;;;;;;;;;X;X;X;X;;;;;;;;;;;;;;;;;;;;;;;;;;;;;;;;;;;;;;;;;;;;;;;;;;;;;;;;;;;;;;;;;;;;;;X;;;X;
D5746050000200;D5746050000200;STRUCTURE COMPLETE - SLAT 5;REPAIR;;;;X;X;;;;;;;;;;;;;;;;;;;;X;X;X;X;;;;;;;;;;;;;;;;;;;;;;;;;;;;;;;;;;;;;;;;;;;;;;;;;;;;;;;;;;;;;;;;;;;;;;X;;;X;
D5746050000300;D5746050000300;STRUCTURE COMPLETE - SLAT 5;REPAIR;;;;X;X;;;;;;;;;;;;;;;;;;;;X;X;X;X;;;;;;;;;;;;;;;;;;;;;;;;;;;;;;;;;;;;;;;;;;;;;;;;;;;;;;;;;;;;;;;;;;;;;;X;;;X;
D5746050000400;D5746050000400;STRUCTURE COMPLETE - SLAT 5;REPAIR;;;;X;X;;;;;;;;;;;;;;;;;;;;X;X;X;X;;;;;;;;;;;;;;;;;;;;;;;;;;;;;;;;;;;;;;;;;;;;;;;;;;;;;;;;;;;;;;;;;;;;;;X;;;X;
D5746050000500;D5746050000500;STRUCTURE COMPLETE - SLAT 5;REPAIR;;;;X;X;;;;;;;;;;;;;;;;;;;;X;X;X;X;;;;;;;;;;;;;;;;;;;;;;;;;;;;;;;;;;;;;;;;;;;;;;;;;;;;;;;;;;;;;;;;;;;;;;X;;;X;
D5746050000600;D5746050000600;STRUCTURE COMPLETE - SLAT 5;REPAIR;;;;X;X;;;;;;;;;;;;;;;;;;;;X;X;X;X;;;;;;;;;;;;;;;;;;;;;;;;;;;;;;;;;;;;;;;;;;;;;;;;;;;;;;;;;;;;;;;;;;;;;;X;;;X;
D5746050000700;D5746050000700;STRUCTURE COMPLETE - SLAT 5;REPAIR;;;;X;X;;;;;;;;;;;;;;;;;;;;X;X;X;X;;;;;;;;;;;;;;;;;;;;;;;;;;;;;;;;;;;;;;;;;;;;;;;;;;;;;;;;;;;;;;;;;;;;;;X;;;X;
D5746057700000;D5746057700000;STRUCTURE COMPLETE - SLAT 5;REPAIR;;;;X;X;;;;;;;;;;;;;;;;;;;;X;X;X;X;;;;;;;;;;;;;;;;;;;;;;;;;;;;;;;;;;;;;;;;;;;;;;;;;;;;;;;;;;;;;;;;;;;;;;X;;;X;
D5746057700100;D5746057700100;STRUCTURE COMPLETE - SLAT 5;REPAIR;;;;X;X;;;;;;;;;;;;;;;;;;;;X;X;X;X;;;;;;;;;;;;;;;;;;;;;;;;;;;;;;;;;;;;;;;;;;;;;;;;;;;;;;;;;;;;;;;;;;;;;;X;;;X;
D5746057700200;D5746057700200;STRUCTURE COMPLETE - SLAT 5;REPAIR;;;;X;X;;;;;;;;;;;;;;;;;;;;X;X;X;X;;;;;;;;;;;;;;;;;;;;;;;;;;;;;;;;;;;;;;;;;;;;;;;;;;;;;;;;;;;;;;;;;;;;;;X;;;X;
D5746057700300;D5746057700300;STRUCTURE COMPLETE - SLAT 5;REPAIR;;;;X;X;;;;;;;;;;;;;;;;;;;;X;X;X;X;;;;;;;;;;;;;;;;;;;;;;;;;;;;;;;;;;;;;;;;;;;;;;;;;;;;;;;;;;;;;;;;;;;;;;X;;;X;
D5746059800000;D5746059800000;STRUCTURE COMPLETE - SLAT 5;REPAIR;;;;X;X;;;;;;;;;;;;;;;;;;;;X;X;X;X;;;;;;;;;;;;;;;;;;;;;;;;;;;;;;;;;;;;;;;;;;;;;;;;;;;;;;;;;;;;;;;;;;;;;;X;;;X;
D5746059800100;D5746059800100;STRUCTURE COMPLETE - SLAT 5;REPAIR;;;;X;X;;;;;;;;;;;;;;;;;;;;X;X;X;X;;;;;;;;;;;;;;;;;;;;;;;;;;;;;;;;;;;;;;;;;;;;;;;;;;;;;;;;;;;;;;;;;;;;;;X;;;X;
D5746059800400;D5746059800400;STRUCTURE COMPLETE - SLAT 5;REPAIR;;;;X;X;;;;;;;;;;;;;;;;;;;;X;X;X;X;;;;;;;;;;;;;;;;;;;;;;;;;;;;;;;;;;;;;;;;;;;;;;;;;;;;;;;;;;;;;;;;;;;;;;X;;;X;
D5746059800500;D5746059800500;STRUCTURE COMPLETE - SLAT 5;REPAIR;;;;X;X;;;;;;;;;;;;;;;;;;;;X;X;X;X;;;;;;;;;;;;;;;;;;;;;;;;;;;;;;;;;;;;;;;;;;;;;;;;;;;;;;;;;;;;;;;;;;;;;;X;;;X;
D5746059800600;D5746059800600;STRUCTURE COMPLETE - SLAT 5;REPAIR;;;;X;X;;;;;;;;;;;;;;;;;;;;X;X;X;X;;;;;;;;;;;;;;;;;;;;;;;;;;;;;;;;;;;;;;;;;;;;;;;;;;;;;;;;;;;;;;;;;;;;;;X;;;X;
D5746059800700;D5746059800700;STRUCTURE COMPLETE - SLAT 5;REPAIR;;;;X;X;;;;;;;;;;;;;;;;;;;;X;X;X;X;;;;;;;;;;;;;;;;;;;;;;;;;;;;;;;;;;;;;;;;;;;;;;;;;;;;;;;;;;;;;;;;;;;;;;X;;;X;
D5746059800800;D5746059800800;STRUCTURE COMPLETE - SLAT 5;REPAIR;;;;X;X;;;;;;;;;;;;;;;;;;;;X;X;X;X;;;;;;;;;;;;;;;;;;;;;;;;;;;;;;;;;;;;;;;;;;;;;;;;;;;;;;;;;;;;;;;;;;;;;;X;;;X;
D5746059800900;D5746059800900;STRUCTURE COMPLETE - SLAT 5;REPAIR;;;;X;X;;;;;;;;;;;;;;;;;;;;X;X;X;X;;;;;;;;;;;;;;;;;;;;;;;;;;;;;;;;;;;;;;;;;;;;;;;;;;;;;;;;;;;;;;;;;;;;;;X;;;X;
D5746059801000;D5746059801000;STRUCTURE COMPLETE - SLAT 5;REPAIR;;;;X;X;;;;;;;;;;;;;;;;;;;;X;X;X;X;;;;;;;;;;;;;;;;;;;;;;;;;;;;;;;;;;;;;;;;;;;;;;;;;;;;;;;;;;;;;;;;;;;;;;X;;;X;
D5746059801100;D5746059801100;STRUCTURE COMPLETE - SLAT 5;REPAIR;;;;X;X;;;;;;;;;;;;;;;;;;;;X;X;X;X;;;;;;;;;;;;;;;;;;;;;;;;;;;;;;;;;;;;;;;;;;;;;;;;;;;;;;;;;;;;;;;;;;;;;;X;;;X;
D5746060000000;D5746060000000;STRUCTURE COMPLETE - SLAT 1;REPAIR;;;;X;X;;;;;;;;;;;;;;;;;;;;X;X;X;X;;;;;;;;;;;;;;;;;;;;;;;;;;;;;;;;;;;;;;;;;;;;;;;;;;;;;;;;;;;;;;;;;;;;;;X;;;X;
D5746060000100;D5746060000100;STRUCTURE COMPLETE - SLAT 1;REPAIR;;;;X;X;;;;;;;;;;;;;;;;;;;;X;X;X;X;;;;;;;;;;;;;;;;;;;;;;;;;;;;;;;;;;;;;;;;;;;;;;;;;;;;;;;;;;;;;;;;;;;;;;X;;;X;
D5746060000200;D5746060000200;STRUCTURE COMPLETE - SLAT 1;REPAIR;;;;X;X;;;;;;;;;;;;;;;;;;;;X;X;X;X;;;;;;;;;;;;;;;;;;;;;;;;;;;;;;;;;;;;;;;;;;;;;;;;;;;;;;;;;;;;;;;;;;;;;;X;;;X;
D5746060000300;D5746060000300;STRUCTURE COMPLETE - SLAT 1;REPAIR;;;;X;X;;;;;;;;;;;;;;;;;;;;X;X;X;X;;;;;;;;;;;;;;;;;;;;;;;;;;;;;;;;;;;;;;;;;;;;;;;;;;;;;;;;;;;;;;;;;;;;;;X;;;X;
D5746060000400;D5746060000400;STRUCTURE COMPLETE - SLAT 1;REPAIR;;;;X;X;;;;;;;;;;;;;;;;;;;;X;X;X;X;;;;;;;;;;;;;;;;;;;;;;;;;;;;;;;;;;;;;;;;;;;;;;;;;;;;;;;;;;;;;;;;;;;;;;X;;;X;
D5746060000400;D5746060000400;STRUCTURE COMPLETE - SLAT 1;REPAIR;;;;X;X;;;;;;;;;;;;;;;;;;;;X;X;X;X;;;;;;;;;;;;;;;;;;;;;;;;;;;;;;;;;;;;;;;;;;;;;;;;;;;;;;;;;;;;;;;;;;;;;;X;;;X;
D5746060000500;D5746060000500;STRUCTURE COMPLETE - SLAT 1;REPAIR;;;;X;X;;;;;;;;;;;;;;;;;;;;X;X;X;X;;;;;;;;;;;;;;;;;;;;;;;;;;;;;;;;;;;;;;;;;;;;;;;;;;;;;;;;;;;;;;;;;;;;;;X;;;X;
D5746060000600;D5746060000600;STRUCTURE COMPLETE - SLAT 1;REPAIR;;;;X;X;;;;;;;;;;;;;;;;;;;;X;X;X;X;;;;;;;;;;;;;;;;;;;;;;;;;;;;;;;;;;;;;;;;;;;;;;;;;;;;;;;;;;;;;;;;;;;;;;X;;;X;
D5746060000700;D5746060000700;STRUCTURE COMPLETE - SLAT 1;REPAIR;;;;X;X;;;;;;;;;;;;;;;;;;;;X;X;X;X;;;;;;;;;;;;;;;;;;;;;;;;;;;;;;;;;;;;;;;;;;;;;;;;;;;;;;;;;;;;;;;;;;;;;;X;;;X;
D5746060000800;D5746060000800;STRUCTURE COMPLETE - SLAT 1;REPAIR;;;;X;X;;;;;;;;;;;;;;;;;;;;X;X;X;X;;;;;;;;;;;;;;;;;;;;;;;;;;;;;;;;;;;;;;;;;;;;;;;;;;;;;;;;;;;;;;;;;;;;;;X;;;X;
D5746060000900;D5746060000900;STRUCTURE COMPLETE - SLAT 1;REPAIR;;;;X;X;;;;;;;;;;;;;;;;;;;;X;X;X;X;;;;;;;;;;;;;;;;;;;;;;;;;;;;;;;;;;;;;;;;;;;;;;;;;;;;;;;;;;;;;;;;;;;;;;X;;;X;
D5746060001000;D5746060001000;STRUCTURE COMPLETE - SLAT 1;REPAIR;;;;X;X;;;;;;;;;;;;;;;;;;;;X;X;X;X;;;;;;;;;;;;;;;;;;;;;;;;;;;;;;;;;;;;;;;;;;;;;;;;;;;;;;;;;;;;;;;;;;;;;;X;;;X;
D5746060001100;D5746060001100;STRUCTURE COMPLETE - SLAT 1;REPAIR;;;;X;X;;;;;;;;;;;;;;;;;;;;X;X;X;X;;;;;;;;;;;;;;;;;;;;;;;;;;;;;;;;;;;;;;;;;;;;;;;;;;;;;;;;;;;;;;;;;;;;;;X;;;X;
D5746060001200;D5746060001200;STRUCTURE COMPLETE - SLAT 1;REPAIR;;;;X;X;;;;;;;;;;;;;;;;;;;;X;X;X;X;;;;;;;;;;;;;;;;;;;;;;;;;;;;;;;;;;;;;;;;;;;;;;;;;;;;;;;;;;;;;;;;;;;;;;X;;;X;
D5746060001300;D5746060001300;STRUCTURE COMPLETE - SLAT 1;REPAIR;;;;X;X;;;;;;;;;;;;;;;;;;;;X;X;X;X;;;;;;;;;;;;;;;;;;;;;;;;;;;;;;;;;;;;;;;;;;;;;;;;;;;;;;;;;;;;;;;;;;;;;;X;;;X;
D5746067700000;D5746067700000;STRUCTURE COMPLETE - SLAT 1;REPAIR;;;;X;X;;;;;;;;;;;;;;;;;;;;X;X;X;X;;;;;;;;;;;;;;;;;;;;;;;;;;;;;;;;;;;;;;;;;;;;;;;;;;;;;;;;;;;;;;;;;;;;;;X;;;X;
D5746067700100;D5746067700100;STRUCTURE COMPLETE - SLAT 1;REPAIR;;;;X;X;;;;;;;;;;;;;;;;;;;;X;X;X;X;;;;;;;;;;;;;;;;;;;;;;;;;;;;;;;;;;;;;;;;;;;;;;;;;;;;;;;;;;;;;;;;;;;;;;X;;;X;
D5746067700200;D5746067700200;STRUCTURE COMPLETE - SLAT 1;REPAIR;;;;X;X;;;;;;;;;;;;;;;;;;;;X;X;X;X;;;;;;;;;;;;;;;;;;;;;;;;;;;;;;;;;;;;;;;;;;;;;;;;;;;;;;;;;;;;;;;;;;;;;;X;;;X;
D5746067700300;D5746067700300;STRUCTURE COMPLETE - SLAT 1;REPAIR;;;;X;X;;;;;;;;;;;;;;;;;;;;X;X;X;X;;;;;;;;;;;;;;;;;;;;;;;;;;;;;;;;;;;;;;;;;;;;;;;;;;;;;;;;;;;;;;;;;;;;;;X;;;X;
D5746067700400;D5746067700400;STRUCTURE COMPLETE - SLAT 1;REPAIR;;;;X;X;;;;;;;;;;;;;;;;;;;;X;X;X;X;;;;;;;;;;;;;;;;;;;;;;;;;;;;;;;;;;;;;;;;;;;;;;;;;;;;;;;;;;;;;;;;;;;;;;X;;;X;
D5746067700500;D5746067700500;STRUCTURE COMPLETE - SLAT 1;REPAIR;;;;X;X;;;;;;;;;;;;;;;;;;;;X;X;X;X;;;;;;;;;;;;;;;;;;;;;;;;;;;;;;;;;;;;;;;;;;;;;;;;;;;;;;;;;;;;;;;;;;;;;;X;;;X;
D5746091000000;D5746091000000;STRUCTURE COMPLETE - SLAT 1;REPAIR;;;;X;X;;;;;;;;;;;;;;;;;;;;X;X;X;X;;;;;;;;;;;;;;;;;;;;;;;;;;;;;;;;;;;;;;;;;;;;;;;;;;;;;;;;;;;;;;;;;;;;;;X;;;X;
D5746091000100;D5746091000100;STRUCTURE COMPLETE - SLAT 1;REPAIR;;;;X;X;;;;;;;;;;;;;;;;;;;;X;X;X;X;;;;;;;;;;;;;;;;;;;;;;;;;;;;;;;;;;;;;;;;;;;;;;;;;;;;;;;;;;;;;;;;;;;;;;X;;;X;
D5746091000200;D5746091000200;STRUCTURE COMPLETE - SLAT 1;REPAIR;;;;X;X;;;;;;;;;;;;;;;;;;;;X;X;X;X;;;;;;;;;;;;;;;;;;;;;;;;;;;;;;;;;;;;;;;;;;;;;;;;;;;;;;;;;;;;;;;;;;;;;;X;;;X;
D5746091000300;D5746091000300;STRUCTURE COMPLETE - SLAT 1;REPAIR;;;;X;X;;;;;;;;;;;;;;;;;;;;X;X;X;X;;;;;;;;;;;;;;;;;;;;;;;;;;;;;;;;;;;;;;;;;;;;;;;;;;;;;;;;;;;;;;;;;;;;;;X;;;X;
D5746091000400;D5746091000400;STRUCTURE COMPLETE - SLAT 1;REPAIR;;;;X;X;;;;;;;;;;;;;;;;;;;;X;X;X;X;;;;;;;;;;;;;;;;;;;;;;;;;;;;;;;;;;;;;;;;;;;;;;;;;;;;;;;;;;;;;;;;;;;;;;X;;;X;
D5746091000500;D5746091000500;STRUCTURE COMPLETE - SLAT 1;REPAIR;;;;X;X;;;;;;;;;;;;;;;;;;;;X;X;X;X;;;;;;;;;;;;;;;;;;;;;;;;;;;;;;;;;;;;;;;;;;;;;;;;;;;;;;;;;;;;;;;;;;;;;;X;;;X;
D5746092000000;D5746092000000;STRUCTURE COMPLETE - SLAT 2;REPAIR;;;;X;X;;;;;;;;;;;;;;;;;;;;X;X;X;X;;;;;;;;;;;;;;;;;;;;;;;;;;;;;;;;;;;;;;;;;;;;;;;;;;;;;;;;;;;;;;;;;;;;;;X;;;X;
D5746092000100;D5746092000100;STRUCTURE COMPLETE - SLAT 2;REPAIR;;;;X;X;;;;;;;;;;;;;;;;;;;;X;X;X;X;;;;;;;;;;;;;;;;;;;;;;;;;;;;;;;;;;;;;;;;;;;;;;;;;;;;;;;;;;;;;;;;;;;;;;X;;;X;
D5746092000200;D5746092000200;STRUCTURE COMPLETE - SLAT 2;REPAIR;;;;X;X;;;;;;;;;;;;;;;;;;;;X;X;X;X;;;;;;;;;;;;;;;;;;;;;;;;;;;;;;;;;;;;;;;;;;;;;;;;;;;;;;;;;;;;;;;;;;;;;;X;;;X;
D5746092000300;D5746092000300;STRUCTURE COMPLETE - SLAT 2;REPAIR;;;;X;X;;;;;;;;;;;;;;;;;;;;X;X;X;X;;;;;;;;;;;;;;;;;;;;;;;;;;;;;;;;;;;;;;;;;;;;;;;;;;;;;;;;;;;;;;;;;;;;;;X;;;X;
D5746093000000;D5746093000000;STRUCTURE COMPLETE - SLAT 3;REPAIR;;;;X;X;;;;;;;;;;;;;;;;;;;;X;X;X;X;;;;;;;;;;;;;;;;;;;;;;;;;;;;;;;;;;;;;;;;;;;;;;;;;;;;;;;;;;;;;;;;;;;;;;X;;;X;
D5746093000100;D5746093000100;STRUCTURE COMPLETE - SLAT 3;REPAIR;;;;X;X;;;;;;;;;;;;;;;;;;;;X;X;X;X;;;;;;;;;;;;;;;;;;;;;;;;;;;;;;;;;;;;;;;;;;;;;;;;;;;;;;;;;;;;;;;;;;;;;;X;;;X;
D5746093000200;D5746093000200;STRUCTURE COMPLETE - SLAT 3;REPAIR;;;;X;X;;;;;;;;;;;;;;;;;;;;X;X;X;X;;;;;;;;;;;;;;;;;;;;;;;;;;;;;;;;;;;;;;;;;;;;;;;;;;;;;;;;;;;;;;;;;;;;;;X;;;X;
D5746093000400;D5746093000400;STRUCTURE COMPLETE - SLAT 3;REPAIR;;;;X;X;;;;;;;;;;;;;;;;;;;;X;X;X;X;;;;;;;;;;;;;;;;;;;;;;;;;;;;;;;;;;;;;;;;;;;;;;;;;;;;;;;;;;;;;;;;;;;;;;X;;;X;
D5746093000500;D5746093000500;STRUCTURE COMPLETE - SLAT 3;REPAIR;;;;X;X;;;;;;;;;;;;;;;;;;;;X;X;X;X;;;;;;;;;;;;;;;;;;;;;;;;;;;;;;;;;;;;;;;;;;;;;;;;;;;;;;;;;;;;;;;;;;;;;;X;;;X;
D5746094000000;D5746094000000;STRUCTURE COMPLETE - SLAT 4;REPAIR;;;;X;X;;;;;;;;;;;;;;;;;;;;X;X;X;X;;;;;;;;;;;;;;;;;;;;;;;;;;;;;;;;;;;;;;;;;;;;;;;;;;;;;;;;;;;;;;;;;;;;;;X;;;X;
D5746094000100;D5746094000100;STRUCTURE COMPLETE - SLAT 4;REPAIR;;;;X;X;;;;;;;;;;;;;;;;;;;;X;X;X;X;;;;;;;;;;;;;;;;;;;;;;;;;;;;;;;;;;;;;;;;;;;;;;;;;;;;;;;;;;;;;;;;;;;;;;X;;;X;
D5746094000200;D5746094000200;STRUCTURE COMPLETE - SLAT 4;REPAIR;;;;X;X;;;;;;;;;;;;;;;;;;;;X;X;X;X;;;;;;;;;;;;;;;;;;;;;;;;;;;;;;;;;;;;;;;;;;;;;;;;;;;;;;;;;;;;;;;;;;;;;;X;;;X;
D5746094000300;D5746094000300;STRUCTURE COMPLETE - SLAT 4;REPAIR;;;;X;X;;;;;;;;;;;;;;;;;;;;X;X;X;X;;;;;;;;;;;;;;;;;;;;;;;;;;;;;;;;;;;;;;;;;;;;;;;;;;;;;;;;;;;;;;;;;;;;;;X;;;X;
D5746094000400;D5746094000400;STRUCTURE COMPLETE - SLAT 4;REPAIR;;;;X;X;;;;;;;;;;;;;;;;;;;;X;X;X;X;;;;;;;;;;;;;;;;;;;;;;;;;;;;;;;;;;;;;;;;;;;;;;;;;;;;;;;;;;;;;;;;;;;;;;X;;;X;
D5746094000500;D5746094000500;STRUCTURE COMPLETE - SLAT 4;REPAIR;;;;X;X;;;;;;;;;;;;;;;;;;;;X;X;X;X;;;;;;;;;;;;;;;;;;;;;;;;;;;;;;;;;;;;;;;;;;;;;;;;;;;;;;;;;;;;;;;;;;;;;;X;;;X;
D5746095000000;D5746095000000;STRUCTURE COMPLETE - SLAT 5;REPAIR;;;;X;X;;;;;;;;;;;;;;;;;;;;X;X;X;X;;;;;;;;;;;;;;;;;;;;;;;;;;;;;;;;;;;;;;;;;;;;;;;;;;;;;;;;;;;;;;;;;;;;;;X;;;X;
D5746095000100;D5746095000100;STRUCTURE COMPLETE - SLAT 5;REPAIR;;;;X;X;;;;;;;;;;;;;;;;;;;;X;X;X;X;;;;;;;;;;;;;;;;;;;;;;;;;;;;;;;;;;;;;;;;;;;;;;;;;;;;;;;;;;;;;;;;;;;;;;X;;;X;
D5746095000200;D5746095000200;STRUCTURE COMPLETE - SLAT 5;REPAIR;;;;X;X;;;;;;;;;;;;;;;;;;;;X;X;X;X;;;;;;;;;;;;;;;;;;;;;;;;;;;;;;;;;;;;;;;;;;;;;;;;;;;;;;;;;;;;;;;;;;;;;;X;;;X;
D5746095000300;D5746095000300;STRUCTURE COMPLETE - SLAT 5;REPAIR;;;;X;X;;;;;;;;;;;;;;;;;;;;X;X;X;X;;;;;;;;;;;;;;;;;;;;;;;;;;;;;;;;;;;;;;;;;;;;;;;;;;;;;;;;;;;;;;;;;;;;;;X;;;X;
D5746095000400;D5746095000400;STRUCTURE COMPLETE - SLAT 5;REPAIR;;;;X;X;;;;;;;;;;;;;;;;;;;;X;X;X;X;;;;;;;;;;;;;;;;;;;;;;;;;;;;;;;;;;;;;;;;;;;;;;;;;;;;;;;;;;;;;;;;;;;;;;X;;;X;
D5746095000500;D5746095000500;STRUCTURE COMPLETE - SLAT 5;REPAIR;;;;X;X;;;;;;;;;;;;;;;;;;;;X;X;X;X;;;;;;;;;;;;;;;;;;;;;;;;;;;;;;;;;;;;;;;;;;;;;;;;;;;;;;;;;;;;;;;;;;;;;;X;;;X;
D5746095000600;D5746095000600;STRUCTURE COMPLETE - SLAT 5;REPAIR;;;;X;X;;;;;;;;;;;;;;;;;;;;X;X;X;X;;;;;;;;;;;;;;;;;;;;;;;;;;;;;;;;;;;;;;;;;;;;;;;;;;;;;;;;;;;;;;;;;;;;;;X;;;X;
D5746095000700;D5746095000700;STRUCTURE COMPLETE - SLAT 5;REPAIR;;;;X;X;;;;;;;;;;;;;;;;;;;;X;X;X;X;;;;;;;;;;;;;;;;;;;;;;;;;;;;;;;;;;;;;;;;;;;;;;;;;;;;;;;;;;;;;;;;;;;;;;X;;;X;
D5754050100000T;D5754050100000T;Nø2 FAIRING - FLAPS;REPAIR;;;;X;X;;;;;;;;;;;;;;;;;;;;X;X;X;X;;;;;;;;;;;;;;;;;;;;;;;;;;;;;;;;;;;;;;;;;;;;;;;;;;;;;;;;;;;;;;;;;;;;;;X;;;X;
D5754050100000Y;D5754050100000Y;Nø2 FAIRING - FLAPS;REPAIR;;;;X;X;;;;;;;;;;;;;;;;;;;;X;X;X;X;;;;;;;;;;;;;;;;;;;;;;;;;;;;;;;;;;;;;;;;;;;;;;;;;;;;;;;;;;;;;;;;;;;;;;X;;;X;
D5754050100000Z;D5754050100000Z;Nø2 FAIRING - FLAPS;REPAIR;;;;X;X;;;;;;;;;;;;;;;;;;;;X;X;X;X;;;;;;;;;;;;;;;;;;;;;;;;;;;;;;;;;;;;;;;;;;;;;;;;;;;;;;;;;;;;;;;;;;;;;;X;;;X;
D5754050100100T;D5754050100100T;Nø2 FAIRING - FLAPS;REPAIR;;;;X;X;;;;;;;;;;;;;;;;;;;;X;X;X;X;;;;;;;;;;;;;;;;;;;;;;;;;;;;;;;;;;;;;;;;;;;;;;;;;;;;;;;;;;;;;;;;;;;;;;X;;;X;
D5754050100100Y;D5754050100100Y;Nø2 FAIRING - FLAPS;REPAIR;;;;X;X;;;;;;;;;;;;;;;;;;;;X;X;X;X;;;;;;;;;;;;;;;;;;;;;;;;;;;;;;;;;;;;;;;;;;;;;;;;;;;;;;;;;;;;;;;;;;;;;;X;;;X;
D5754050100100Z;D5754050100100Z;Nø2 FAIRING - FLAPS;REPAIR;;;;X;X;;;;;;;;;;;;;;;;;;;;X;X;X;X;;;;;;;;;;;;;;;;;;;;;;;;;;;;;;;;;;;;;;;;;;;;;;;;;;;;;;;;;;;;;;;;;;;;;;X;;;X;
D5754050100200T;D5754050100200T;Nø2 FAIRING - FLAPS;REPAIR;;;;X;X;;;;;;;;;;;;;;;;;;;;X;X;X;X;;;;;;;;;;;;;;;;;;;;;;;;;;;;;;;;;;;;;;;;;;;;;;;;;;;;;;;;;;;;;;;;;;;;;;X;;;X;
D5754050100200V;D5754050100200V;Nø2 FAIRING - FLAPS;REPAIR;;;;X;X;;;;;;;;;;;;;;;;;;;;X;X;X;X;;;;;;;;;;;;;;;;;;;;;;;;;;;;;;;;;;;;;;;;;;;;;;;;;;;;;;;;;;;;;;;;;;;;;;X;;;X;
D5754050100200W;D5754050100200W;Nø2 FAIRING - FLAPS;REPAIR;;;;X;X;;;;;;;;;;;;;;;;;;;;X;X;X;X;;;;;;;;;;;;;;;;;;;;;;;;;;;;;;;;;;;;;;;;;;;;;;;;;;;;;;;;;;;;;;;;;;;;;;X;;;X;
D5754050100200Y;D5754050100200Y;Nø2 FAIRING - FLAPS;REPAIR;;;;X;X;;;;;;;;;;;;;;;;;;;;X;X;X;X;;;;;;;;;;;;;;;;;;;;;;;;;;;;;;;;;;;;;;;;;;;;;;;;;;;;;;;;;;;;;;;;;;;;;;X;;;X;
D5754050100200Z;D5754050100200Z;Nø2 FAIRING - FLAPS;REPAIR;;;;X;X;;;;;;;;;;;;;;;;;;;;X;X;X;X;;;;;;;;;;;;;;;;;;;;;;;;;;;;;;;;;;;;;;;;;;;;;;;;;;;;;;;;;;;;;;;;;;;;;;X;;;X;
D5754050100300V;D5754050100300V;Nø2 FAIRING - FLAPS;REPAIR;;;;X;X;;;;;;;;;;;;;;;;;;;;X;X;X;X;;;;;;;;;;;;;;;;;;;;;;;;;;;;;;;;;;;;;;;;;;;;;;;;;;;;;;;;;;;;;;;;;;;;;;X;;;X;
D5754050100300W;D5754050100300W;Nø2 FAIRING - FLAPS;REPAIR;;;;X;X;;;;;;;;;;;;;;;;;;;;X;X;X;X;;;;;;;;;;;;;;;;;;;;;;;;;;;;;;;;;;;;;;;;;;;;;;;;;;;;;;;;;;;;;;;;;;;;;;X;;;X;
D5754050100300Y;D5754050100300Y;Nø2 FAIRING - FLAPS;REPAIR;;;;X;X;;;;;;;;;;;;;;;;;;;;X;X;X;X;;;;;;;;;;;;;;;;;;;;;;;;;;;;;;;;;;;;;;;;;;;;;;;;;;;;;;;;;;;;;;;;;;;;;;X;;;X;
D5754050100300Z;D5754050100300Z;Nø2 FAIRING - FLAPS;REPAIR;;;;X;X;;;;;;;;;;;;;;;;;;;;X;X;X;X;;;;;;;;;;;;;;;;;;;;;;;;;;;;;;;;;;;;;;;;;;;;;;;;;;;;;;;;;;;;;;;;;;;;;;X;;;X;
D5754050100400H;D5754050100400H;Nø2 FAIRING - FLAPS;REPAIR;;;;X;X;;;;;;;;;;;;;;;;;;;;X;X;X;X;;;;;;;;;;;;;;;;;;;;;;;;;;;;;;;;;;;;;;;;;;;;;;;;;;;;;;;;;;;;;;;;;;;;;;X;;;X;
D5754050100400Y;D5754050100400Y;Nø2 FAIRING - FLAPS;REPAIR;;;;X;X;;;;;;;;;;;;;;;;;;;;X;X;X;X;;;;;;;;;;;;;;;;;;;;;;;;;;;;;;;;;;;;;;;;;;;;;;;;;;;;;;;;;;;;;;;;;;;;;;X;;;X;
D5754050100400Z;D5754050100400Z;Nø2 FAIRING - FLAPS;REPAIR;;;;X;X;;;;;;;;;;;;;;;;;;;;X;X;X;X;;;;;;;;;;;;;;;;;;;;;;;;;;;;;;;;;;;;;;;;;;;;;;;;;;;;;;;;;;;;;;;;;;;;;;X;;;X;
D5754050100500H;D5754050100500H;Nø2 FAIRING - FLAPS;REPAIR;;;;X;X;;;;;;;;;;;;;;;;;;;;X;X;X;X;;;;;;;;;;;;;;;;;;;;;;;;;;;;;;;;;;;;;;;;;;;;;;;;;;;;;;;;;;;;;;;;;;;;;;X;;;X;
D5754050100500Y;D5754050100500Y;Nø2 FAIRING - FLAPS;REPAIR;;;;X;X;;;;;;;;;;;;;;;;;;;;X;X;X;X;;;;;;;;;;;;;;;;;;;;;;;;;;;;;;;;;;;;;;;;;;;;;;;;;;;;;;;;;;;;;;;;;;;;;;X;;;X;
D5754050100500Z;D5754050100500Z;Nø2 FAIRING - FLAPS;REPAIR;;;;X;X;;;;;;;;;;;;;;;;;;;;X;X;X;X;;;;;;;;;;;;;;;;;;;;;;;;;;;;;;;;;;;;;;;;;;;;;;;;;;;;;;;;;;;;;;;;;;;;;;X;;;X;
D5754050100600A;D5754050100600A;Nø2 FAIRING - FLAPS;REPAIR;;;;X;X;;;;;;;;;;;;;;;;;;;;X;X;X;X;;;;;;;;;;;;;;;;;;;;;;;;;;;;;;;;;;;;;;;;;;;;;;;;;;;;;;;;;;;;;;;;;;;;;;X;;;X;
D5754050100600B;D5754050100600B;Nø2 FAIRING - FLAPS;REPAIR;;;;X;X;;;;;;;;;;;;;;;;;;;;X;X;X;X;;;;;;;;;;;;;;;;;;;;;;;;;;;;;;;;;;;;;;;;;;;;;;;;;;;;;;;;;;;;;;;;;;;;;;X;;;X;
D5754050100600H;D5754050100600H;Nø2 FAIRING - FLAPS;REPAIR;;;;X;X;;;;;;;;;;;;;;;;;;;;X;X;X;X;;;;;;;;;;;;;;;;;;;;;;;;;;;;;;;;;;;;;;;;;;;;;;;;;;;;;;;;;;;;;;;;;;;;;;X;;;X;
D5754050100600T;D5754050100600T;Nø2 FAIRING - FLAPS;REPAIR;;;;X;X;;;;;;;;;;;;;;;;;;;;X;X;X;X;;;;;;;;;;;;;;;;;;;;;;;;;;;;;;;;;;;;;;;;;;;;;;;;;;;;;;;;;;;;;;;;;;;;;;X;;;X;
D5754050100600Y;D5754050100600Y;Nø2 FAIRING - FLAPS;REPAIR;;;;X;X;;;;;;;;;;;;;;;;;;;;X;X;X;X;;;;;;;;;;;;;;;;;;;;;;;;;;;;;;;;;;;;;;;;;;;;;;;;;;;;;;;;;;;;;;;;;;;;;;X;;;X;
D5754050100600Z;D5754050100600Z;Nø2 FAIRING - FLAPS;REPAIR;;;;X;X;;;;;;;;;;;;;;;;;;;;X;X;X;X;;;;;;;;;;;;;;;;;;;;;;;;;;;;;;;;;;;;;;;;;;;;;;;;;;;;;;;;;;;;;;;;;;;;;;X;;;X;
D5754050100700A;D5754050100700A;Nø2 FAIRING - FLAPS;REPAIR;;;;X;X;;;;;;;;;;;;;;;;;;;;X;X;X;X;;;;;;;;;;;;;;;;;;;;;;;;;;;;;;;;;;;;;;;;;;;;;;;;;;;;;;;;;;;;;;;;;;;;;;X;;;X;
D5754050100700B;D5754050100700B;Nø2 FAIRING - FLAPS;REPAIR;;;;X;X;;;;;;;;;;;;;;;;;;;;X;X;X;X;;;;;;;;;;;;;;;;;;;;;;;;;;;;;;;;;;;;;;;;;;;;;;;;;;;;;;;;;;;;;;;;;;;;;;X;;;X;
D5754050100700H;D5754050100700H;Nø2 FAIRING - FLAPS;REPAIR;;;;X;X;;;;;;;;;;;;;;;;;;;;X;X;X;X;;;;;;;;;;;;;;;;;;;;;;;;;;;;;;;;;;;;;;;;;;;;;;;;;;;;;;;;;;;;;;;;;;;;;;X;;;X;
D5754050100700T;D5754050100700T;Nø2 FAIRING - FLAPS;REPAIR;;;;X;X;;;;;;;;;;;;;;;;;;;;X;X;X;X;;;;;;;;;;;;;;;;;;;;;;;;;;;;;;;;;;;;;;;;;;;;;;;;;;;;;;;;;;;;;;;;;;;;;;X;;;X;
D5754050100700Y;D5754050100700Y;Nø2 FAIRING - FLAPS;REPAIR;;;;X;X;;;;;;;;;;;;;;;;;;;;X;X;X;X;;;;;;;;;;;;;;;;;;;;;;;;;;;;;;;;;;;;;;;;;;;;;;;;;;;;;;;;;;;;;;;;;;;;;;X;;;X;
D5754050100700Z;D5754050100700Z;Nø2 FAIRING - FLAPS;REPAIR;;;;X;X;;;;;;;;;;;;;;;;;;;;X;X;X;X;;;;;;;;;;;;;;;;;;;;;;;;;;;;;;;;;;;;;;;;;;;;;;;;;;;;;;;;;;;;;;;;;;;;;;X;;;X;
D5754050100800A;D5754050100800A;Nø2 FAIRING - FLAPS;REPAIR;;;;X;X;;;;;;;;;;;;;;;;;;;;X;X;X;X;;;;;;;;;;;;;;;;;;;;;;;;;;;;;;;;;;;;;;;;;;;;;;;;;;;;;;;;;;;;;;;;;;;;;;X;;;X;
D5754050100900A;D5754050100900A;Nø2 FAIRING - FLAPS;REPAIR;;;;X;X;;;;;;;;;;;;;;;;;;;;X;X;X;X;;;;;;;;;;;;;;;;;;;;;;;;;;;;;;;;;;;;;;;;;;;;;;;;;;;;;;;;;;;;;;;;;;;;;;X;;;X;
D5754050101000A;D5754050101000A;Nø2 FAIRING - FLAPS;REPAIR;;;;X;X;;;;;;;;;;;;;;;;;;;;X;X;X;X;;;;;;;;;;;;;;;;;;;;;;;;;;;;;;;;;;;;;;;;;;;;;;;;;;;;;;;;;;;;;;;;;;;;;;X;;;X;
D5754050101100A;D5754050101100A;Nø2 FAIRING - FLAPS;REPAIR;;;;X;X;;;;;;;;;;;;;;;;;;;;X;X;X;X;;;;;;;;;;;;;;;;;;;;;;;;;;;;;;;;;;;;;;;;;;;;;;;;;;;;;;;;;;;;;;;;;;;;;;X;;;X;
D5754050200051T;D5754050200051T;Nø2 FAIRING - FLAPS;REPAIR;;;;X;X;;;;;;;;;;;;;;;;;;;;X;X;X;X;;;;;;;;;;;;;;;;;;;;;;;;;;;;;;;;;;;;;;;;;;;;;;;;;;;;;;;;;;;;;;;;;;;;;;X;;;X;
D5754050200051V;D5754050200051V;Nø2 FAIRING - FLAPS;REPAIR;;;;X;X;;;;;;;;;;;;;;;;;;;;X;X;X;X;;;;;;;;;;;;;;;;;;;;;;;;;;;;;;;;;;;;;;;;;;;;;;;;;;;;;;;;;;;;;;;;;;;;;;X;;;X;
D5754050200051W;D5754050200051W;Nø2 FAIRING - FLAPS;REPAIR;;;;X;X;;;;;;;;;;;;;;;;;;;;X;X;X;X;;;;;;;;;;;;;;;;;;;;;;;;;;;;;;;;;;;;;;;;;;;;;;;;;;;;;;;;;;;;;;;;;;;;;;X;;;X;
D5754050200051Y;D5754050200051Y;Nø2 FAIRING - FLAPS;REPAIR;;;;X;X;;;;;;;;;;;;;;;;;;;;X;X;X;X;;;;;;;;;;;;;;;;;;;;;;;;;;;;;;;;;;;;;;;;;;;;;;;;;;;;;;;;;;;;;;;;;;;;;;X;;;X;
D5754050200051Z;D5754050200051Z;Nø2 FAIRING - FLAPS;REPAIR;;;;X;X;;;;;;;;;;;;;;;;;;;;X;X;X;X;;;;;;;;;;;;;;;;;;;;;;;;;;;;;;;;;;;;;;;;;;;;;;;;;;;;;;;;;;;;;;;;;;;;;;X;;;X;
D5754050200151V;D5754050200151V;Nø2 FAIRING - FLAPS;REPAIR;;;;X;X;;;;;;;;;;;;;;;;;;;;X;X;X;X;;;;;;;;;;;;;;;;;;;;;;;;;;;;;;;;;;;;;;;;;;;;;;;;;;;;;;;;;;;;;;;;;;;;;;X;;;X;
D5754050200151W;D5754050200151W;Nø2 FAIRING - FLAPS;REPAIR;;;;X;X;;;;;;;;;;;;;;;;;;;;X;X;X;X;;;;;;;;;;;;;;;;;;;;;;;;;;;;;;;;;;;;;;;;;;;;;;;;;;;;;;;;;;;;;;;;;;;;;;X;;;X;
D5754050200151Y;D5754050200151Y;Nø2 FAIRING - FLAPS;REPAIR;;;;X;X;;;;;;;;;;;;;;;;;;;;X;X;X;X;;;;;;;;;;;;;;;;;;;;;;;;;;;;;;;;;;;;;;;;;;;;;;;;;;;;;;;;;;;;;;;;;;;;;;X;;;X;
D5754050200151Z;D5754050200151Z;Nø2 FAIRING - FLAPS;REPAIR;;;;X;X;;;;;;;;;;;;;;;;;;;;X;X;X;X;;;;;;;;;;;;;;;;;;;;;;;;;;;;;;;;;;;;;;;;;;;;;;;;;;;;;;;;;;;;;;;;;;;;;;X;;;X;
D5754050200251A;D5754050200251A;Nø2 FAIRING - FLAPS;REPAIR;;;;X;X;;;;;;;;;;;;;;;;;;;;X;X;X;X;;;;;;;;;;;;;;;;;;;;;;;;;;;;;;;;;;;;;;;;;;;;;;;;;;;;;;;;;;;;;;;;;;;;;;X;;;X;
D5754050200251B;D5754050200251B;Nø2 FAIRING - FLAPS;REPAIR;;;;X;X;;;;;;;;;;;;;;;;;;;;X;X;X;X;;;;;;;;;;;;;;;;;;;;;;;;;;;;;;;;;;;;;;;;;;;;;;;;;;;;;;;;;;;;;;;;;;;;;;X;;;X;
D5754050200251H;D5754050200251H;Nø2 FAIRING - FLAPS;REPAIR;;;;X;X;;;;;;;;;;;;;;;;;;;;X;X;X;X;;;;;;;;;;;;;;;;;;;;;;;;;;;;;;;;;;;;;;;;;;;;;;;;;;;;;;;;;;;;;;;;;;;;;;X;;;X;
D5754050200251T;D5754050200251T;Nø2 FAIRING - FLAPS;REPAIR;;;;X;X;;;;;;;;;;;;;;;;;;;;X;X;X;X;;;;;;;;;;;;;;;;;;;;;;;;;;;;;;;;;;;;;;;;;;;;;;;;;;;;;;;;;;;;;;;;;;;;;;X;;;X;
D5754050200251V;D5754050200251V;Nø2 FAIRING - FLAPS;REPAIR;;;;X;X;;;;;;;;;;;;;;;;;;;;X;X;X;X;;;;;;;;;;;;;;;;;;;;;;;;;;;;;;;;;;;;;;;;;;;;;;;;;;;;;;;;;;;;;;;;;;;;;;X;;;X;
D5754050200251W;D5754050200251W;Nø2 FAIRING - FLAPS;REPAIR;;;;X;X;;;;;;;;;;;;;;;;;;;;X;X;X;X;;;;;;;;;;;;;;;;;;;;;;;;;;;;;;;;;;;;;;;;;;;;;;;;;;;;;;;;;;;;;;;;;;;;;;X;;;X;
D5754050200251Y;D5754050200251Y;Nø2 FAIRING - FLAPS;REPAIR;;;;X;X;;;;;;;;;;;;;;;;;;;;X;X;X;X;;;;;;;;;;;;;;;;;;;;;;;;;;;;;;;;;;;;;;;;;;;;;;;;;;;;;;;;;;;;;;;;;;;;;;X;;;X;
D5754050200251Z;D5754050200251Z;Nø2 FAIRING - FLAPS;REPAIR;;;;X;X;;;;;;;;;;;;;;;;;;;;X;X;X;X;;;;;;;;;;;;;;;;;;;;;;;;;;;;;;;;;;;;;;;;;;;;;;;;;;;;;;;;;;;;;;;;;;;;;;X;;;X;
D5754050200351A;D5754050200351A;Nø2 FAIRING - FLAPS;REPAIR;;;;X;X;;;;;;;;;;;;;;;;;;;;X;X;X;X;;;;;;;;;;;;;;;;;;;;;;;;;;;;;;;;;;;;;;;;;;;;;;;;;;;;;;;;;;;;;;;;;;;;;;X;;;X;
D5754050200351B;D5754050200351B;Nø2 FAIRING - FLAPS;REPAIR;;;;X;X;;;;;;;;;;;;;;;;;;;;X;X;X;X;;;;;;;;;;;;;;;;;;;;;;;;;;;;;;;;;;;;;;;;;;;;;;;;;;;;;;;;;;;;;;;;;;;;;;X;;;X;
D5754050200351H;D5754050200351H;Nø2 FAIRING - FLAPS;REPAIR;;;;X;X;;;;;;;;;;;;;;;;;;;;X;X;X;X;;;;;;;;;;;;;;;;;;;;;;;;;;;;;;;;;;;;;;;;;;;;;;;;;;;;;;;;;;;;;;;;;;;;;;X;;;X;
D5754050200351T;D5754050200351T;Nø2 FAIRING - FLAPS;REPAIR;;;;X;X;;;;;;;;;;;;;;;;;;;;X;X;X;X;;;;;;;;;;;;;;;;;;;;;;;;;;;;;;;;;;;;;;;;;;;;;;;;;;;;;;;;;;;;;;;;;;;;;;X;;;X;
D5754050200351V;D5754050200351V;Nø2 FAIRING - FLAPS;REPAIR;;;;X;X;;;;;;;;;;;;;;;;;;;;X;X;X;X;;;;;;;;;;;;;;;;;;;;;;;;;;;;;;;;;;;;;;;;;;;;;;;;;;;;;;;;;;;;;;;;;;;;;;X;;;X;
D5754050200351W;D5754050200351W;Nø2 FAIRING - FLAPS;REPAIR;;;;X;X;;;;;;;;;;;;;;;;;;;;X;X;X;X;;;;;;;;;;;;;;;;;;;;;;;;;;;;;;;;;;;;;;;;;;;;;;;;;;;;;;;;;;;;;;;;;;;;;;X;;;X;
D5754050200351Y;D5754050200351Y;Nø2 FAIRING - FLAPS;REPAIR;;;;X;X;;;;;;;;;;;;;;;;;;;;X;X;X;X;;;;;;;;;;;;;;;;;;;;;;;;;;;;;;;;;;;;;;;;;;;;;;;;;;;;;;;;;;;;;;;;;;;;;;X;;;X;
D5754050200351Z;D5754050200351Z;Nø2 FAIRING - FLAPS;REPAIR;;;;X;X;;;;;;;;;;;;;;;;;;;;X;X;X;X;;;;;;;;;;;;;;;;;;;;;;;;;;;;;;;;;;;;;;;;;;;;;;;;;;;;;;;;;;;;;;;;;;;;;;X;;;X;
D5754050200451A;D5754050200451A;Nø2 FAIRING - FLAPS;REPAIR;;;;X;X;;;;;;;;;;;;;;;;;;;;X;X;X;X;;;;;;;;;;;;;;;;;;;;;;;;;;;;;;;;;;;;;;;;;;;;;;;;;;;;;;;;;;;;;;;;;;;;;;X;;;X;
D5754050200551A;D5754050200551A;Nø2 FAIRING - FLAPS;REPAIR;;;;X;X;;;;;;;;;;;;;;;;;;;;X;X;X;X;;;;;;;;;;;;;;;;;;;;;;;;;;;;;;;;;;;;;;;;;;;;;;;;;;;;;;;;;;;;;;;;;;;;;;X;;;X;
D5754050200651A;D5754050200651A;Nø2 FAIRING - FLAPS;REPAIR;;;;X;X;;;;;;;;;;;;;;;;;;;;X;X;X;X;;;;;;;;;;;;;;;;;;;;;;;;;;;;;;;;;;;;;;;;;;;;;;;;;;;;;;;;;;;;;;;;;;;;;;X;;;X;
D5754050200751A;D5754050200751A;Nø2 FAIRING - FLAPS;REPAIR;;;;X;X;;;;;;;;;;;;;;;;;;;;X;X;X;X;;;;;;;;;;;;;;;;;;;;;;;;;;;;;;;;;;;;;;;;;;;;;;;;;;;;;;;;;;;;;;;;;;;;;;X;;;X;
D5754051000000T;D5754051000000T;Nø2 FAIRING - FLAPS;REPAIR;;;;X;X;;;;;;;;;;;;;;;;;;;;X;X;X;X;;;;;;;;;;;;;;;;;;;;;;;;;;;;;;;;;;;;;;;;;;;;;;;;;;;;;;;;;;;;;;;;;;;;;;X;;;X;
D5754051000000Y;D5754051000000Y;Nø2 FAIRING - FLAPS;REPAIR;;;;X;X;;;;;;;;;;;;;;;;;;;;X;X;X;X;;;;;;;;;;;;;;;;;;;;;;;;;;;;;;;;;;;;;;;;;;;;;;;;;;;;;;;;;;;;;;;;;;;;;;X;;;X;
D5754051000000Z;D5754051000000Z;Nø2 FAIRING - FLAPS;REPAIR;;;;X;X;;;;;;;;;;;;;;;;;;;;X;X;X;X;;;;;;;;;;;;;;;;;;;;;;;;;;;;;;;;;;;;;;;;;;;;;;;;;;;;;;;;;;;;;;;;;;;;;;X;;;X;
D5754051000100T;D5754051000100T;Nø2 FAIRING - FLAPS;REPAIR;;;;X;X;;;;;;;;;;;;;;;;;;;;X;X;X;X;;;;;;;;;;;;;;;;;;;;;;;;;;;;;;;;;;;;;;;;;;;;;;;;;;;;;;;;;;;;;;;;;;;;;;X;;;X;
D5754051000100Y;D5754051000100Y;Nø2 FAIRING - FLAPS;REPAIR;;;;X;X;;;;;;;;;;;;;;;;;;;;X;X;X;X;;;;;;;;;;;;;;;;;;;;;;;;;;;;;;;;;;;;;;;;;;;;;;;;;;;;;;;;;;;;;;;;;;;;;;X;;;X;
D5754051000100Z;D5754051000100Z;Nø2 FAIRING - FLAPS;REPAIR;;;;X;X;;;;;;;;;;;;;;;;;;;;X;X;X;X;;;;;;;;;;;;;;;;;;;;;;;;;;;;;;;;;;;;;;;;;;;;;;;;;;;;;;;;;;;;;;;;;;;;;;X;;;X;
D5754051000200T;D5754051000200T;Nø2 FAIRING - FLAPS;REPAIR;;;;X;X;;;;;;;;;;;;;;;;;;;;X;X;X;X;;;;;;;;;;;;;;;;;;;;;;;;;;;;;;;;;;;;;;;;;;;;;;;;;;;;;;;;;;;;;;;;;;;;;;X;;;X;
D5754051000200V;D5754051000200V;Nø2 FAIRING - FLAPS;REPAIR;;;;X;X;;;;;;;;;;;;;;;;;;;;X;X;X;X;;;;;;;;;;;;;;;;;;;;;;;;;;;;;;;;;;;;;;;;;;;;;;;;;;;;;;;;;;;;;;;;;;;;;;X;;;X;
D5754051000200W;D5754051000200W;Nø2 FAIRING - FLAPS;REPAIR;;;;X;X;;;;;;;;;;;;;;;;;;;;X;X;X;X;;;;;;;;;;;;;;;;;;;;;;;;;;;;;;;;;;;;;;;;;;;;;;;;;;;;;;;;;;;;;;;;;;;;;;X;;;X;
D5754051000200Z;D5754051000200Z;Nø2 FAIRING - FLAPS;REPAIR;;;;X;X;;;;;;;;;;;;;;;;;;;;X;X;X;X;;;;;;;;;;;;;;;;;;;;;;;;;;;;;;;;;;;;;;;;;;;;;;;;;;;;;;;;;;;;;;;;;;;;;;X;;;X;
D5754051000300T;D5754051000300T;Nø2 FAIRING - FLAPS;REPAIR;;;;X;X;;;;;;;;;;;;;;;;;;;;X;X;X;X;;;;;;;;;;;;;;;;;;;;;;;;;;;;;;;;;;;;;;;;;;;;;;;;;;;;;;;;;;;;;;;;;;;;;;X;;;X;
D5754051000300V;D5754051000300V;Nø2 FAIRING - FLAPS;REPAIR;;;;X;X;;;;;;;;;;;;;;;;;;;;X;X;X;X;;;;;;;;;;;;;;;;;;;;;;;;;;;;;;;;;;;;;;;;;;;;;;;;;;;;;;;;;;;;;;;;;;;;;;X;;;X;
D5754051000300W;D5754051000300W;Nø2 FAIRING - FLAPS;REPAIR;;;;X;X;;;;;;;;;;;;;;;;;;;;X;X;X;X;;;;;;;;;;;;;;;;;;;;;;;;;;;;;;;;;;;;;;;;;;;;;;;;;;;;;;;;;;;;;;;;;;;;;;X;;;X;
D5754051000300Z;D5754051000300Z;Nø2 FAIRING - FLAPS;REPAIR;;;;X;X;;;;;;;;;;;;;;;;;;;;X;X;X;X;;;;;;;;;;;;;;;;;;;;;;;;;;;;;;;;;;;;;;;;;;;;;;;;;;;;;;;;;;;;;;;;;;;;;;X;;;X;
D5754051000400T;D5754051000400T;Nø2 FAIRING - FLAPS;REPAIR;;;;X;X;;;;;;;;;;;;;;;;;;;;X;X;X;X;;;;;;;;;;;;;;;;;;;;;;;;;;;;;;;;;;;;;;;;;;;;;;;;;;;;;;;;;;;;;;;;;;;;;;X;;;X;
D5754051000400V;D5754051000400V;Nø2 FAIRING - FLAPS;REPAIR;;;;X;X;;;;;;;;;;;;;;;;;;;;X;X;X;X;;;;;;;;;;;;;;;;;;;;;;;;;;;;;;;;;;;;;;;;;;;;;;;;;;;;;;;;;;;;;;;;;;;;;;X;;;X;
D5754051000400Y;D5754051000400Y;Nø2 FAIRING - FLAPS;REPAIR;;;;X;X;;;;;;;;;;;;;;;;;;;;X;X;X;X;;;;;;;;;;;;;;;;;;;;;;;;;;;;;;;;;;;;;;;;;;;;;;;;;;;;;;;;;;;;;;;;;;;;;;X;;;X;
D5754051000400Z;D5754051000400Z;Nø2 FAIRING - FLAPS;REPAIR;;;;X;X;;;;;;;;;;;;;;;;;;;;X;X;X;X;;;;;;;;;;;;;;;;;;;;;;;;;;;;;;;;;;;;;;;;;;;;;;;;;;;;;;;;;;;;;;;;;;;;;;X;;;X;
D5754051000500T;D5754051000500T;Nø2 FAIRING - FLAPS;REPAIR;;;;X;X;;;;;;;;;;;;;;;;;;;;X;X;X;X;;;;;;;;;;;;;;;;;;;;;;;;;;;;;;;;;;;;;;;;;;;;;;;;;;;;;;;;;;;;;;;;;;;;;;X;;;X;
D5754051000500V;D5754051000500V;Nø2 FAIRING - FLAPS;REPAIR;;;;X;X;;;;;;;;;;;;;;;;;;;;X;X;X;X;;;;;;;;;;;;;;;;;;;;;;;;;;;;;;;;;;;;;;;;;;;;;;;;;;;;;;;;;;;;;;;;;;;;;;X;;;X;
D5754051000500Y;D5754051000500Y;Nø2 FAIRING - FLAPS;REPAIR;;;;X;X;;;;;;;;;;;;;;;;;;;;X;X;X;X;;;;;;;;;;;;;;;;;;;;;;;;;;;;;;;;;;;;;;;;;;;;;;;;;;;;;;;;;;;;;;;;;;;;;;X;;;X;
D5754051000500Z;D5754051000500Z;Nø2 FAIRING - FLAPS;REPAIR;;;;X;X;;;;;;;;;;;;;;;;;;;;X;X;X;X;;;;;;;;;;;;;;;;;;;;;;;;;;;;;;;;;;;;;;;;;;;;;;;;;;;;;;;;;;;;;;;;;;;;;;X;;;X;
D5754051000600T;D5754051000600T;Nø2 FAIRING - FLAPS;REPAIR;;;;X;X;;;;;;;;;;;;;;;;;;;;X;X;X;X;;;;;;;;;;;;;;;;;;;;;;;;;;;;;;;;;;;;;;;;;;;;;;;;;;;;;;;;;;;;;;;;;;;;;;X;;;X;
D5754051000600W;D5754051000600W;Nø2 FAIRING - FLAPS;REPAIR;;;;X;X;;;;;;;;;;;;;;;;;;;;X;X;X;X;;;;;;;;;;;;;;;;;;;;;;;;;;;;;;;;;;;;;;;;;;;;;;;;;;;;;;;;;;;;;;;;;;;;;;X;;;X;
D5754051000600Y;D5754051000600Y;Nø2 FAIRING - FLAPS;REPAIR;;;;X;X;;;;;;;;;;;;;;;;;;;;X;X;X;X;;;;;;;;;;;;;;;;;;;;;;;;;;;;;;;;;;;;;;;;;;;;;;;;;;;;;;;;;;;;;;;;;;;;;;X;;;X;
D5754051000600Z;D5754051000600Z;Nø2 FAIRING - FLAPS;REPAIR;;;;X;X;;;;;;;;;;;;;;;;;;;;X;X;X;X;;;;;;;;;;;;;;;;;;;;;;;;;;;;;;;;;;;;;;;;;;;;;;;;;;;;;;;;;;;;;;;;;;;;;;X;;;X;
D5754051000700T;D5754051000700T;Nø2 FAIRING - FLAPS;REPAIR;;;;X;X;;;;;;;;;;;;;;;;;;;;X;X;X;X;;;;;;;;;;;;;;;;;;;;;;;;;;;;;;;;;;;;;;;;;;;;;;;;;;;;;;;;;;;;;;;;;;;;;;X;;;X;
D5754051000700W;D5754051000700W;Nø2 FAIRING - FLAPS;REPAIR;;;;X;X;;;;;;;;;;;;;;;;;;;;X;X;X;X;;;;;;;;;;;;;;;;;;;;;;;;;;;;;;;;;;;;;;;;;;;;;;;;;;;;;;;;;;;;;;;;;;;;;;X;;;X;
D5754051000700Y;D5754051000700Y;Nø2 FAIRING - FLAPS;REPAIR;;;;X;X;;;;;;;;;;;;;;;;;;;;X;X;X;X;;;;;;;;;;;;;;;;;;;;;;;;;;;;;;;;;;;;;;;;;;;;;;;;;;;;;;;;;;;;;;;;;;;;;;X;;;X;
D5754051000700Z;D5754051000700Z;Nø2 FAIRING - FLAPS;REPAIR;;;;X;X;;;;;;;;;;;;;;;;;;;;X;X;X;X;;;;;;;;;;;;;;;;;;;;;;;;;;;;;;;;;;;;;;;;;;;;;;;;;;;;;;;;;;;;;;;;;;;;;;X;;;X;
D5754051000800T;D5754051000800T;Nø2 FAIRING - FLAPS;REPAIR;;;;X;X;;;;;;;;;;;;;;;;;;;;X;X;X;X;;;;;;;;;;;;;;;;;;;;;;;;;;;;;;;;;;;;;;;;;;;;;;;;;;;;;;;;;;;;;;;;;;;;;;X;;;X;
D5754051000800V;D5754051000800V;Nø2 FAIRING - FLAPS;REPAIR;;;;X;X;;;;;;;;;;;;;;;;;;;;X;X;X;X;;;;;;;;;;;;;;;;;;;;;;;;;;;;;;;;;;;;;;;;;;;;;;;;;;;;;;;;;;;;;;;;;;;;;;X;;;X;
D5754051000800W;D5754051000800W;Nø2 FAIRING - FLAPS;REPAIR;;;;X;X;;;;;;;;;;;;;;;;;;;;X;X;X;X;;;;;;;;;;;;;;;;;;;;;;;;;;;;;;;;;;;;;;;;;;;;;;;;;;;;;;;;;;;;;;;;;;;;;;X;;;X;
D5754051000800Z;D5754051000800Z;Nø2 FAIRING - FLAPS;REPAIR;;;;X;X;;;;;;;;;;;;;;;;;;;;X;X;X;X;;;;;;;;;;;;;;;;;;;;;;;;;;;;;;;;;;;;;;;;;;;;;;;;;;;;;;;;;;;;;;;;;;;;;;X;;;X;
D5754051000900T;D5754051000900T;Nø2 FAIRING - FLAPS;REPAIR;;;;X;X;;;;;;;;;;;;;;;;;;;;X;X;X;X;;;;;;;;;;;;;;;;;;;;;;;;;;;;;;;;;;;;;;;;;;;;;;;;;;;;;;;;;;;;;;;;;;;;;;X;;;X;
D5754051000900V;D5754051000900V;Nø2 FAIRING - FLAPS;REPAIR;;;;X;X;;;;;;;;;;;;;;;;;;;;X;X;X;X;;;;;;;;;;;;;;;;;;;;;;;;;;;;;;;;;;;;;;;;;;;;;;;;;;;;;;;;;;;;;;;;;;;;;;X;;;X;
D5754051000900W;D5754051000900W;Nø2 FAIRING - FLAPS;REPAIR;;;;X;X;;;;;;;;;;;;;;;;;;;;X;X;X;X;;;;;;;;;;;;;;;;;;;;;;;;;;;;;;;;;;;;;;;;;;;;;;;;;;;;;;;;;;;;;;;;;;;;;;X;;;X;
D5754051000900Z;D5754051000900Z;Nø2 FAIRING - FLAPS;REPAIR;;;;X;X;;;;;;;;;;;;;;;;;;;;X;X;X;X;;;;;;;;;;;;;;;;;;;;;;;;;;;;;;;;;;;;;;;;;;;;;;;;;;;;;;;;;;;;;;;;;;;;;;X;;;X;
D5754051001000H;D5754051001000H;Nø2 FAIRING - FLAPS;REPAIR;;;;X;X;;;;;;;;;;;;;;;;;;;;X;X;X;X;;;;;;;;;;;;;;;;;;;;;;;;;;;;;;;;;;;;;;;;;;;;;;;;;;;;;;;;;;;;;;;;;;;;;;X;;;X;
D5754051001000T;D5754051001000T;Nø2 FAIRING - FLAPS;REPAIR;;;;X;X;;;;;;;;;;;;;;;;;;;;X;X;X;X;;;;;;;;;;;;;;;;;;;;;;;;;;;;;;;;;;;;;;;;;;;;;;;;;;;;;;;;;;;;;;;;;;;;;;X;;;X;
D5754051001000Y;D5754051001000Y;Nø2 FAIRING - FLAPS;REPAIR;;;;X;X;;;;;;;;;;;;;;;;;;;;X;X;X;X;;;;;;;;;;;;;;;;;;;;;;;;;;;;;;;;;;;;;;;;;;;;;;;;;;;;;;;;;;;;;;;;;;;;;;X;;;X;
D5754051001000Z;D5754051001000Z;Nø2 FAIRING - FLAPS;REPAIR;;;;X;X;;;;;;;;;;;;;;;;;;;;X;X;X;X;;;;;;;;;;;;;;;;;;;;;;;;;;;;;;;;;;;;;;;;;;;;;;;;;;;;;;;;;;;;;;;;;;;;;;X;;;X;
D5754051001100H;D5754051001100H;Nø2 FAIRING - FLAPS;REPAIR;;;;X;X;;;;;;;;;;;;;;;;;;;;X;X;X;X;;;;;;;;;;;;;;;;;;;;;;;;;;;;;;;;;;;;;;;;;;;;;;;;;;;;;;;;;;;;;;;;;;;;;;X;;;X;
D5754051001100T;D5754051001100T;Nø2 FAIRING - FLAPS;REPAIR;;;;X;X;;;;;;;;;;;;;;;;;;;;X;X;X;X;;;;;;;;;;;;;;;;;;;;;;;;;;;;;;;;;;;;;;;;;;;;;;;;;;;;;;;;;;;;;;;;;;;;;;X;;;X;
D5754051001100Y;D5754051001100Y;Nø2 FAIRING - FLAPS;REPAIR;;;;X;X;;;;;;;;;;;;;;;;;;;;X;X;X;X;;;;;;;;;;;;;;;;;;;;;;;;;;;;;;;;;;;;;;;;;;;;;;;;;;;;;;;;;;;;;;;;;;;;;;X;;;X;
D5754051001100Y;D5754051001100Y;Nø2 FAIRING - FLAPS;REPAIR;;;;X;X;;;;;;;;;;;;;;;;;;;;X;X;X;X;;;;;;;;;;;;;;;;;;;;;;;;;;;;;;;;;;;;;;;;;;;;;;;;;;;;;;;;;;;;;;;;;;;;;;X;;;X;
D5754051001200B;D5754051001200B;Nø2 FAIRING - FLAPS;REPAIR;;;;X;X;;;;;;;;;;;;;;;;;;;;X;X;X;X;;;;;;;;;;;;;;;;;;;;;;;;;;;;;;;;;;;;;;;;;;;;;;;;;;;;;;;;;;;;;;;;;;;;;;X;;;X;
D5754051001200H;D5754051001200H;Nø2 FAIRING - FLAPS;REPAIR;;;;X;X;;;;;;;;;;;;;;;;;;;;X;X;X;X;;;;;;;;;;;;;;;;;;;;;;;;;;;;;;;;;;;;;;;;;;;;;;;;;;;;;;;;;;;;;;;;;;;;;;X;;;X;
D5754051001200T;D5754051001200T;Nø2 FAIRING - FLAPS;REPAIR;;;;X;X;;;;;;;;;;;;;;;;;;;;X;X;X;X;;;;;;;;;;;;;;;;;;;;;;;;;;;;;;;;;;;;;;;;;;;;;;;;;;;;;;;;;;;;;;;;;;;;;;X;;;X;
D5754051001200Z;D5754051001200Z;Nø2 FAIRING - FLAPS;REPAIR;;;;X;X;;;;;;;;;;;;;;;;;;;;X;X;X;X;;;;;;;;;;;;;;;;;;;;;;;;;;;;;;;;;;;;;;;;;;;;;;;;;;;;;;;;;;;;;;;;;;;;;;X;;;X;
D5754051001300B;D5754051001300B;Nø2 FAIRING - FLAPS;REPAIR;;;;X;X;;;;;;;;;;;;;;;;;;;;X;X;X;X;;;;;;;;;;;;;;;;;;;;;;;;;;;;;;;;;;;;;;;;;;;;;;;;;;;;;;;;;;;;;;;;;;;;;;X;;;X;
D5754051001300H;D5754051001300H;Nø2 FAIRING - FLAPS;REPAIR;;;;X;X;;;;;;;;;;;;;;;;;;;;X;X;X;X;;;;;;;;;;;;;;;;;;;;;;;;;;;;;;;;;;;;;;;;;;;;;;;;;;;;;;;;;;;;;;;;;;;;;;X;;;X;
D5754051001300T;D5754051001300T;Nø2 FAIRING - FLAPS;REPAIR;;;;X;X;;;;;;;;;;;;;;;;;;;;X;X;X;X;;;;;;;;;;;;;;;;;;;;;;;;;;;;;;;;;;;;;;;;;;;;;;;;;;;;;;;;;;;;;;;;;;;;;;X;;;X;
D5754051001300Z;D5754051001300Z;Nø2 FAIRING - FLAPS;REPAIR;;;;X;X;;;;;;;;;;;;;;;;;;;;X;X;X;X;;;;;;;;;;;;;;;;;;;;;;;;;;;;;;;;;;;;;;;;;;;;;;;;;;;;;;;;;;;;;;;;;;;;;;X;;;X;
D5754051001400B;D5754051001400B;Nø2 FAIRING - FLAPS;REPAIR;;;;X;X;;;;;;;;;;;;;;;;;;;;X;X;X;X;;;;;;;;;;;;;;;;;;;;;;;;;;;;;;;;;;;;;;;;;;;;;;;;;;;;;;;;;;;;;;;;;;;;;;X;;;X;
D5754051001400T;D5754051001400T;Nø2 FAIRING - FLAPS;REPAIR;;;;X;X;;;;;;;;;;;;;;;;;;;;X;X;X;X;;;;;;;;;;;;;;;;;;;;;;;;;;;;;;;;;;;;;;;;;;;;;;;;;;;;;;;;;;;;;;;;;;;;;;X;;;X;
D5754051001400Z;D5754051001400Z;Nø2 FAIRING - FLAPS;REPAIR;;;;X;X;;;;;;;;;;;;;;;;;;;;X;X;X;X;;;;;;;;;;;;;;;;;;;;;;;;;;;;;;;;;;;;;;;;;;;;;;;;;;;;;;;;;;;;;;;;;;;;;;X;;;X;
D5754051001500B;D5754051001500B;Nø2 FAIRING - FLAPS;REPAIR;;;;X;X;;;;;;;;;;;;;;;;;;;;X;X;X;X;;;;;;;;;;;;;;;;;;;;;;;;;;;;;;;;;;;;;;;;;;;;;;;;;;;;;;;;;;;;;;;;;;;;;;X;;;X;
D5754051001500T;D5754051001500T;Nø2 FAIRING - FLAPS;REPAIR;;;;X;X;;;;;;;;;;;;;;;;;;;;X;X;X;X;;;;;;;;;;;;;;;;;;;;;;;;;;;;;;;;;;;;;;;;;;;;;;;;;;;;;;;;;;;;;;;;;;;;;;X;;;X;
D5754051001500Z;D5754051001500Z;Nø2 FAIRING - FLAPS;REPAIR;;;;X;X;;;;;;;;;;;;;;;;;;;;X;X;X;X;;;;;;;;;;;;;;;;;;;;;;;;;;;;;;;;;;;;;;;;;;;;;;;;;;;;;;;;;;;;;;;;;;;;;;X;;;X;
D5754060100000T;D5754060100000T;Nø3 FAIRING - FLAPS;REPAIR;;;;X;X;;;;;;;;;;;;;;;;;;;;X;X;X;X;;;;;;;;;;;;;;;;;;;;;;;;;;;;;;;;;;;;;;;;;;;;;;;;;;;;;;;;;;;;;;;;;;;;;;X;;;X;
D5754060100000Y;D5754060100000Y;Nø3 FAIRING - FLAPS;REPAIR;;;;X;X;;;;;;;;;;;;;;;;;;;;X;X;X;X;;;;;;;;;;;;;;;;;;;;;;;;;;;;;;;;;;;;;;;;;;;;;;;;;;;;;;;;;;;;;;;;;;;;;;X;;;X;
D5754060100000Z;D5754060100000Z;Nø3 FAIRING - FLAPS;REPAIR;;;;X;X;;;;;;;;;;;;;;;;;;;;X;X;X;X;;;;;;;;;;;;;;;;;;;;;;;;;;;;;;;;;;;;;;;;;;;;;;;;;;;;;;;;;;;;;;;;;;;;;;X;;;X;
D5754060100100T;D5754060100100T;Nø3 FAIRING - FLAPS;REPAIR;;;;X;X;;;;;;;;;;;;;;;;;;;;X;X;X;X;;;;;;;;;;;;;;;;;;;;;;;;;;;;;;;;;;;;;;;;;;;;;;;;;;;;;;;;;;;;;;;;;;;;;;X;;;X;
D5754060100100Y;D5754060100100Y;Nø3 FAIRING - FLAPS;REPAIR;;;;X;X;;;;;;;;;;;;;;;;;;;;X;X;X;X;;;;;;;;;;;;;;;;;;;;;;;;;;;;;;;;;;;;;;;;;;;;;;;;;;;;;;;;;;;;;;;;;;;;;;X;;;X;
D5754060100100Z;D5754060100100Z;Nø3 FAIRING - FLAPS;REPAIR;;;;X;X;;;;;;;;;;;;;;;;;;;;X;X;X;X;;;;;;;;;;;;;;;;;;;;;;;;;;;;;;;;;;;;;;;;;;;;;;;;;;;;;;;;;;;;;;;;;;;;;;X;;;X;
D5754060100200T;D5754060100200T;Nø3 FAIRING - FLAPS;REPAIR;;;;X;X;;;;;;;;;;;;;;;;;;;;X;X;X;X;;;;;;;;;;;;;;;;;;;;;;;;;;;;;;;;;;;;;;;;;;;;;;;;;;;;;;;;;;;;;;;;;;;;;;X;;;X;
D5754060100200V;D5754060100200V;Nø3 FAIRING - FLAPS;REPAIR;;;;X;X;;;;;;;;;;;;;;;;;;;;X;X;X;X;;;;;;;;;;;;;;;;;;;;;;;;;;;;;;;;;;;;;;;;;;;;;;;;;;;;;;;;;;;;;;;;;;;;;;X;;;X;
D5754060100200W;D5754060100200W;Nø3 FAIRING - FLAPS;REPAIR;;;;X;X;;;;;;;;;;;;;;;;;;;;X;X;X;X;;;;;;;;;;;;;;;;;;;;;;;;;;;;;;;;;;;;;;;;;;;;;;;;;;;;;;;;;;;;;;;;;;;;;;X;;;X;
D5754060100200Y;D5754060100200Y;Nø3 FAIRING - FLAPS;REPAIR;;;;X;X;;;;;;;;;;;;;;;;;;;;X;X;X;X;;;;;;;;;;;;;;;;;;;;;;;;;;;;;;;;;;;;;;;;;;;;;;;;;;;;;;;;;;;;;;;;;;;;;;X;;;X;
D5754060100200Z;D5754060100200Z;Nø3 FAIRING - FLAPS;REPAIR;;;;X;X;;;;;;;;;;;;;;;;;;;;X;X;X;X;;;;;;;;;;;;;;;;;;;;;;;;;;;;;;;;;;;;;;;;;;;;;;;;;;;;;;;;;;;;;;;;;;;;;;X;;;X;
D5754060100300T;D5754060100300T;Nø3 FAIRING - FLAPS;REPAIR;;;;X;X;;;;;;;;;;;;;;;;;;;;X;X;X;X;;;;;;;;;;;;;;;;;;;;;;;;;;;;;;;;;;;;;;;;;;;;;;;;;;;;;;;;;;;;;;;;;;;;;;X;;;X;
D5754060100300V;D5754060100300V;Nø3 FAIRING - FLAPS;REPAIR;;;;X;X;;;;;;;;;;;;;;;;;;;;X;X;X;X;;;;;;;;;;;;;;;;;;;;;;;;;;;;;;;;;;;;;;;;;;;;;;;;;;;;;;;;;;;;;;;;;;;;;;X;;;X;
D5754060100300W;D5754060100300W;Nø3 FAIRING - FLAPS;REPAIR;;;;X;X;;;;;;;;;;;;;;;;;;;;X;X;X;X;;;;;;;;;;;;;;;;;;;;;;;;;;;;;;;;;;;;;;;;;;;;;;;;;;;;;;;;;;;;;;;;;;;;;;X;;;X;
D5754060100300Y;D5754060100300Y;Nø3 FAIRING - FLAPS;REPAIR;;;;X;X;;;;;;;;;;;;;;;;;;;;X;X;X;X;;;;;;;;;;;;;;;;;;;;;;;;;;;;;;;;;;;;;;;;;;;;;;;;;;;;;;;;;;;;;;;;;;;;;;X;;;X;
D5754060100300Z;D5754060100300Z;Nø3 FAIRING - FLAPS;REPAIR;;;;X;X;;;;;;;;;;;;;;;;;;;;X;X;X;X;;;;;;;;;;;;;;;;;;;;;;;;;;;;;;;;;;;;;;;;;;;;;;;;;;;;;;;;;;;;;;;;;;;;;;X;;;X;
D5754060100400H;D5754060100400H;Nø3 FAIRING - FLAPS;REPAIR;;;;X;X;;;;;;;;;;;;;;;;;;;;X;X;X;X;;;;;;;;;;;;;;;;;;;;;;;;;;;;;;;;;;;;;;;;;;;;;;;;;;;;;;;;;;;;;;;;;;;;;;X;;;X;
D5754060100400Y;D5754060100400Y;Nø3 FAIRING - FLAPS;REPAIR;;;;X;X;;;;;;;;;;;;;;;;;;;;X;X;X;X;;;;;;;;;;;;;;;;;;;;;;;;;;;;;;;;;;;;;;;;;;;;;;;;;;;;;;;;;;;;;;;;;;;;;;X;;;X;
D5754060100400Z;D5754060100400Z;Nø3 FAIRING - FLAPS;REPAIR;;;;X;X;;;;;;;;;;;;;;;;;;;;X;X;X;X;;;;;;;;;;;;;;;;;;;;;;;;;;;;;;;;;;;;;;;;;;;;;;;;;;;;;;;;;;;;;;;;;;;;;;X;;;X;
D5754060100500H;D5754060100500H;Nø3 FAIRING - FLAPS;REPAIR;;;;X;X;;;;;;;;;;;;;;;;;;;;X;X;X;X;;;;;;;;;;;;;;;;;;;;;;;;;;;;;;;;;;;;;;;;;;;;;;;;;;;;;;;;;;;;;;;;;;;;;;X;;;X;
D5754060100500Y;D5754060100500Y;Nø3 FAIRING - FLAPS;REPAIR;;;;X;X;;;;;;;;;;;;;;;;;;;;X;X;X;X;;;;;;;;;;;;;;;;;;;;;;;;;;;;;;;;;;;;;;;;;;;;;;;;;;;;;;;;;;;;;;;;;;;;;;X;;;X;
D5754060100500Z;D5754060100500Z;Nø3 FAIRING - FLAPS;REPAIR;;;;X;X;;;;;;;;;;;;;;;;;;;;X;X;X;X;;;;;;;;;;;;;;;;;;;;;;;;;;;;;;;;;;;;;;;;;;;;;;;;;;;;;;;;;;;;;;;;;;;;;;X;;;X;
D5754060100600A;D5754060100600A;Nø3 FAIRING - FLAPS;REPAIR;;;;X;X;;;;;;;;;;;;;;;;;;;;X;X;X;X;;;;;;;;;;;;;;;;;;;;;;;;;;;;;;;;;;;;;;;;;;;;;;;;;;;;;;;;;;;;;;;;;;;;;;X;;;X;
D5754060100600B;D5754060100600B;Nø3 FAIRING - FLAPS;REPAIR;;;;X;X;;;;;;;;;;;;;;;;;;;;X;X;X;X;;;;;;;;;;;;;;;;;;;;;;;;;;;;;;;;;;;;;;;;;;;;;;;;;;;;;;;;;;;;;;;;;;;;;;X;;;X;
D5754060100600H;D5754060100600H;Nø3 FAIRING - FLAPS;REPAIR;;;;X;X;;;;;;;;;;;;;;;;;;;;X;X;X;X;;;;;;;;;;;;;;;;;;;;;;;;;;;;;;;;;;;;;;;;;;;;;;;;;;;;;;;;;;;;;;;;;;;;;;X;;;X;
D5754060100600T;D5754060100600T;Nø3 FAIRING - FLAPS;REPAIR;;;;X;X;;;;;;;;;;;;;;;;;;;;X;X;X;X;;;;;;;;;;;;;;;;;;;;;;;;;;;;;;;;;;;;;;;;;;;;;;;;;;;;;;;;;;;;;;;;;;;;;;X;;;X;
D5754060100600Y;D5754060100600Y;Nø3 FAIRING - FLAPS;REPAIR;;;;X;X;;;;;;;;;;;;;;;;;;;;X;X;X;X;;;;;;;;;;;;;;;;;;;;;;;;;;;;;;;;;;;;;;;;;;;;;;;;;;;;;;;;;;;;;;;;;;;;;;X;;;X;
D5754060100600Z;D5754060100600Z;Nø3 FAIRING - FLAPS;REPAIR;;;;X;X;;;;;;;;;;;;;;;;;;;;X;X;X;X;;;;;;;;;;;;;;;;;;;;;;;;;;;;;;;;;;;;;;;;;;;;;;;;;;;;;;;;;;;;;;;;;;;;;;X;;;X;
D5754060100700A;D5754060100700A;Nø3 FAIRING - FLAPS;REPAIR;;;;X;X;;;;;;;;;;;;;;;;;;;;X;X;X;X;;;;;;;;;;;;;;;;;;;;;;;;;;;;;;;;;;;;;;;;;;;;;;;;;;;;;;;;;;;;;;;;;;;;;;X;;;X;
D5754060100700B;D5754060100700B;Nø3 FAIRING - FLAPS;REPAIR;;;;X;X;;;;;;;;;;;;;;;;;;;;X;X;X;X;;;;;;;;;;;;;;;;;;;;;;;;;;;;;;;;;;;;;;;;;;;;;;;;;;;;;;;;;;;;;;;;;;;;;;X;;;X;
D5754060100700H;D5754060100700H;Nø3 FAIRING - FLAPS;REPAIR;;;;X;X;;;;;;;;;;;;;;;;;;;;X;X;X;X;;;;;;;;;;;;;;;;;;;;;;;;;;;;;;;;;;;;;;;;;;;;;;;;;;;;;;;;;;;;;;;;;;;;;;X;;;X;
D5754060100700T;D5754060100700T;Nø3 FAIRING - FLAPS;REPAIR;;;;X;X;;;;;;;;;;;;;;;;;;;;X;X;X;X;;;;;;;;;;;;;;;;;;;;;;;;;;;;;;;;;;;;;;;;;;;;;;;;;;;;;;;;;;;;;;;;;;;;;;X;;;X;
D5754060100700Y;D5754060100700Y;Nø3 FAIRING - FLAPS;REPAIR;;;;X;X;;;;;;;;;;;;;;;;;;;;X;X;X;X;;;;;;;;;;;;;;;;;;;;;;;;;;;;;;;;;;;;;;;;;;;;;;;;;;;;;;;;;;;;;;;;;;;;;;X;;;X;
D5754060100700Z;D5754060100700Z;Nø3 FAIRING - FLAPS;REPAIR;;;;X;X;;;;;;;;;;;;;;;;;;;;X;X;X;X;;;;;;;;;;;;;;;;;;;;;;;;;;;;;;;;;;;;;;;;;;;;;;;;;;;;;;;;;;;;;;;;;;;;;;X;;;X;
D5754060100800A;D5754060100800A;Nø3 FAIRING - FLAPS;REPAIR;;;;X;X;;;;;;;;;;;;;;;;;;;;X;X;X;X;;;;;;;;;;;;;;;;;;;;;;;;;;;;;;;;;;;;;;;;;;;;;;;;;;;;;;;;;;;;;;;;;;;;;;X;;;X;
D5754060100900A;D5754060100900A;Nø3 FAIRING - FLAPS;REPAIR;;;;X;X;;;;;;;;;;;;;;;;;;;;X;X;X;X;;;;;;;;;;;;;;;;;;;;;;;;;;;;;;;;;;;;;;;;;;;;;;;;;;;;;;;;;;;;;;;;;;;;;;X;;;X;
D5754060101000A;D5754060101000A;Nø3 FAIRING - FLAPS;REPAIR;;;;X;X;;;;;;;;;;;;;;;;;;;;X;X;X;X;;;;;;;;;;;;;;;;;;;;;;;;;;;;;;;;;;;;;;;;;;;;;;;;;;;;;;;;;;;;;;;;;;;;;;X;;;X;
D5754060101100A;D5754060101100A;FAIRING - FLAP INBOARD;REPAIR;;;;X;X;X;X;X;;;;;;;;;;;;;X;;;;X;X;X;X;;;;;;;;;;;;;;;;;;;;;;;;;;;;;;;;;;;;;;;;;;;;;;;;;;;;;;;;;;;;;;;;;;;;;;X;;;X;
D5754060200051T;D5754060200051T;Nø3 FAIRING - FLAPS;REPAIR;;;;X;X;;;;;;;;;;;;;;;;;;;;X;X;X;X;;;;;;;;;;;;;;;;;;;;;;;;;;;;;;;;;;;;;;;;;;;;;;;;;;;;;;;;;;;;;;;;;;;;;;X;;;X;
D5754060200051V;D5754060200051V;Nø3 FAIRING - FLAPS;REPAIR;;;;X;X;;;;;;;;;;;;;;;;;;;;X;X;X;X;;;;;;;;;;;;;;;;;;;;;;;;;;;;;;;;;;;;;;;;;;;;;;;;;;;;;;;;;;;;;;;;;;;;;;X;;;X;
D5754060200051W;D5754060200051W;Nø3 FAIRING - FLAPS;REPAIR;;;;X;X;;;;;;;;;;;;;;;;;;;;X;X;X;X;;;;;;;;;;;;;;;;;;;;;;;;;;;;;;;;;;;;;;;;;;;;;;;;;;;;;;;;;;;;;;;;;;;;;;X;;;X;
D5754060200051Y;D5754060200051Y;Nø3 FAIRING - FLAPS;REPAIR;;;;X;X;;;;;;;;;;;;;;;;;;;;X;X;X;X;;;;;;;;;;;;;;;;;;;;;;;;;;;;;;;;;;;;;;;;;;;;;;;;;;;;;;;;;;;;;;;;;;;;;;X;;;X;
D5754060200051Z;D5754060200051Z;Nø3 FAIRING - FLAPS;REPAIR;;;;X;X;;;;;;;;;;;;;;;;;;;;X;X;X;X;;;;;;;;;;;;;;;;;;;;;;;;;;;;;;;;;;;;;;;;;;;;;;;;;;;;;;;;;;;;;;;;;;;;;;X;;;X;
D5754060200151T;D5754060200151T;Nø3 FAIRING - FLAPS;REPAIR;;;;X;X;;;;;;;;;;;;;;;;;;;;X;X;X;X;;;;;;;;;;;;;;;;;;;;;;;;;;;;;;;;;;;;;;;;;;;;;;;;;;;;;;;;;;;;;;;;;;;;;;X;;;X;
D5754060200151V;D5754060200151V;Nø3 FAIRING - FLAPS;REPAIR;;;;X;X;;;;;;;;;;;;;;;;;;;;X;X;X;X;;;;;;;;;;;;;;;;;;;;;;;;;;;;;;;;;;;;;;;;;;;;;;;;;;;;;;;;;;;;;;;;;;;;;;X;;;X;
D5754060200151W;D5754060200151W;Nø3 FAIRING - FLAPS;REPAIR;;;;X;X;;;;;;;;;;;;;;;;;;;;X;X;X;X;;;;;;;;;;;;;;;;;;;;;;;;;;;;;;;;;;;;;;;;;;;;;;;;;;;;;;;;;;;;;;;;;;;;;;X;;;X;
D5754060200151Y;D5754060200151Y;Nø3 FAIRING - FLAPS;REPAIR;;;;X;X;;;;;;;;;;;;;;;;;;;;X;X;X;X;;;;;;;;;;;;;;;;;;;;;;;;;;;;;;;;;;;;;;;;;;;;;;;;;;;;;;;;;;;;;;;;;;;;;;X;;;X;
D5754060200151Z;D5754060200151Z;Nø3 FAIRING - FLAPS;REPAIR;;;;X;X;;;;;;;;;;;;;;;;;;;;X;X;X;X;;;;;;;;;;;;;;;;;;;;;;;;;;;;;;;;;;;;;;;;;;;;;;;;;;;;;;;;;;;;;;;;;;;;;;X;;;X;
D5754060200251A;D5754060200251A;Nø3 FAIRING - FLAPS;REPAIR;;;;X;X;;;;;;;;;;;;;;;;;;;;X;X;X;X;;;;;;;;;;;;;;;;;;;;;;;;;;;;;;;;;;;;;;;;;;;;;;;;;;;;;;;;;;;;;;;;;;;;;;X;;;X;
D5754060200251B;D5754060200251B;Nø3 FAIRING - FLAPS;REPAIR;;;;X;X;;;;;;;;;;;;;;;;;;;;X;X;X;X;;;;;;;;;;;;;;;;;;;;;;;;;;;;;;;;;;;;;;;;;;;;;;;;;;;;;;;;;;;;;;;;;;;;;;X;;;X;
D5754060200251H;D5754060200251H;Nø3 FAIRING - FLAPS;REPAIR;;;;X;X;;;;;;;;;;;;;;;;;;;;X;X;X;X;;;;;;;;;;;;;;;;;;;;;;;;;;;;;;;;;;;;;;;;;;;;;;;;;;;;;;;;;;;;;;;;;;;;;;X;;;X;
D5754060200251T;D5754060200251T;Nø3 FAIRING - FLAPS;REPAIR;;;;X;X;;;;;;;;;;;;;;;;;;;;X;X;X;X;;;;;;;;;;;;;;;;;;;;;;;;;;;;;;;;;;;;;;;;;;;;;;;;;;;;;;;;;;;;;;;;;;;;;;X;;;X;
D5754060200251V;D5754060200251V;Nø3 FAIRING - FLAPS;REPAIR;;;;X;X;;;;;;;;;;;;;;;;;;;;X;X;X;X;;;;;;;;;;;;;;;;;;;;;;;;;;;;;;;;;;;;;;;;;;;;;;;;;;;;;;;;;;;;;;;;;;;;;;X;;;X;
D5754060200251W;D5754060200251W;Nø3 FAIRING - FLAPS;REPAIR;;;;X;X;;;;;;;;;;;;;;;;;;;;X;X;X;X;;;;;;;;;;;;;;;;;;;;;;;;;;;;;;;;;;;;;;;;;;;;;;;;;;;;;;;;;;;;;;;;;;;;;;X;;;X;
D5754060200251Y;D5754060200251Y;Nø3 FAIRING - FLAPS;REPAIR;;;;X;X;;;;;;;;;;;;;;;;;;;;X;X;X;X;;;;;;;;;;;;;;;;;;;;;;;;;;;;;;;;;;;;;;;;;;;;;;;;;;;;;;;;;;;;;;;;;;;;;;X;;;X;
D5754060200251Z;D5754060200251Z;Nø3 FAIRING - FLAPS;REPAIR;;;;X;X;;;;;;;;;;;;;;;;;;;;X;X;X;X;;;;;;;;;;;;;;;;;;;;;;;;;;;;;;;;;;;;;;;;;;;;;;;;;;;;;;;;;;;;;;;;;;;;;;X;;;X;
D5754060200351A;D5754060200351A;Nø3 FAIRING - FLAPS;REPAIR;;;;X;X;;;;;;;;;;;;;;;;;;;;X;X;X;X;;;;;;;;;;;;;;;;;;;;;;;;;;;;;;;;;;;;;;;;;;;;;;;;;;;;;;;;;;;;;;;;;;;;;;X;;;X;
D5754060200351B;D5754060200351B;Nø3 FAIRING - FLAPS;REPAIR;;;;X;X;;;;;;;;;;;;;;;;;;;;X;X;X;X;;;;;;;;;;;;;;;;;;;;;;;;;;;;;;;;;;;;;;;;;;;;;;;;;;;;;;;;;;;;;;;;;;;;;;X;;;X;
D5754060200351H;D5754060200351H;Nø3 FAIRING - FLAPS;REPAIR;;;;X;X;;;;;;;;;;;;;;;;;;;;X;X;X;X;;;;;;;;;;;;;;;;;;;;;;;;;;;;;;;;;;;;;;;;;;;;;;;;;;;;;;;;;;;;;;;;;;;;;;X;;;X;
D5754060200351T;D5754060200351T;Nø3 FAIRING - FLAPS;REPAIR;;;;X;X;;;;;;;;;;;;;;;;;;;;X;X;X;X;;;;;;;;;;;;;;;;;;;;;;;;;;;;;;;;;;;;;;;;;;;;;;;;;;;;;;;;;;;;;;;;;;;;;;X;;;X;
D5754060200351V;D5754060200351V;Nø3 FAIRING - FLAPS;REPAIR;;;;X;X;;;;;;;;;;;;;;;;;;;;X;X;X;X;;;;;;;;;;;;;;;;;;;;;;;;;;;;;;;;;;;;;;;;;;;;;;;;;;;;;;;;;;;;;;;;;;;;;;X;;;X;
D5754060200351W;D5754060200351W;Nø3 FAIRING - FLAPS;REPAIR;;;;X;X;;;;;;;;;;;;;;;;;;;;X;X;X;X;;;;;;;;;;;;;;;;;;;;;;;;;;;;;;;;;;;;;;;;;;;;;;;;;;;;;;;;;;;;;;;;;;;;;;X;;;X;
D5754060200351Y;D5754060200351Y;Nø3 FAIRING - FLAPS;REPAIR;;;;X;X;;;;;;;;;;;;;;;;;;;;X;X;X;X;;;;;;;;;;;;;;;;;;;;;;;;;;;;;;;;;;;;;;;;;;;;;;;;;;;;;;;;;;;;;;;;;;;;;;X;;;X;
D5754060200351Z;D5754060200351Z;Nø3 FAIRING - FLAPS;REPAIR;;;;X;X;;;;;;;;;;;;;;;;;;;;X;X;X;X;;;;;;;;;;;;;;;;;;;;;;;;;;;;;;;;;;;;;;;;;;;;;;;;;;;;;;;;;;;;;;;;;;;;;;X;;;X;
D5754060200451A;D5754060200451A;Nø3 FAIRING - FLAPS;REPAIR;;;;X;X;;;;;;;;;;;;;;;;;;;;X;X;X;X;;;;;;;;;;;;;;;;;;;;;;;;;;;;;;;;;;;;;;;;;;;;;;;;;;;;;;;;;;;;;;;;;;;;;;X;;;X;
D5754060200551A;D5754060200551A;Nø3 FAIRING - FLAPS;REPAIR;;;;X;X;;;;;;;;;;;;;;;;;;;;X;X;X;X;;;;;;;;;;;;;;;;;;;;;;;;;;;;;;;;;;;;;;;;;;;;;;;;;;;;;;;;;;;;;;;;;;;;;;X;;;X;
D5754061000052T;D5754061000052T;Nø3 FAIRING - FLAPS;REPAIR;;;;X;X;;;;;;;;;;;;;;;;;;;;X;X;X;X;;;;;;;;;;;;;;;;;;;;;;;;;;;;;;;;;;;;;;;;;;;;;;;;;;;;;;;;;;;;;;;;;;;;;;X;;;X;
D5754061000052Y;D5754061000052Y;Nø3 FAIRING - FLAPS;REPAIR;;;;X;X;;;;;;;;;;;;;;;;;;;;X;X;X;X;;;;;;;;;;;;;;;;;;;;;;;;;;;;;;;;;;;;;;;;;;;;;;;;;;;;;;;;;;;;;;;;;;;;;;X;;;X;
D5754061000052Z;D5754061000052Z;Nø3 FAIRING - FLAPS;REPAIR;;;;X;X;;;;;;;;;;;;;;;;;;;;X;X;X;X;;;;;;;;;;;;;;;;;;;;;;;;;;;;;;;;;;;;;;;;;;;;;;;;;;;;;;;;;;;;;;;;;;;;;;X;;;X;
D5754061000152T;D5754061000152T;Nø3 FAIRING - FLAPS;REPAIR;;;;X;X;;;;;;;;;;;;;;;;;;;;X;X;X;X;;;;;;;;;;;;;;;;;;;;;;;;;;;;;;;;;;;;;;;;;;;;;;;;;;;;;;;;;;;;;;;;;;;;;;X;;;X;
D5754061000152Y;D5754061000152Y;Nø3 FAIRING - FLAPS;REPAIR;;;;X;X;;;;;;;;;;;;;;;;;;;;X;X;X;X;;;;;;;;;;;;;;;;;;;;;;;;;;;;;;;;;;;;;;;;;;;;;;;;;;;;;;;;;;;;;;;;;;;;;;X;;;X;
D5754061000152Z;D5754061000152Z;Nø3 FAIRING - FLAPS;REPAIR;;;;X;X;;;;;;;;;;;;;;;;;;;;X;X;X;X;;;;;;;;;;;;;;;;;;;;;;;;;;;;;;;;;;;;;;;;;;;;;;;;;;;;;;;;;;;;;;;;;;;;;;X;;;X;
D5754061000451T;D5754061000451T;Nø3 FAIRING - FLAPS;REPAIR;;;;X;X;;;;;;;;;;;;;;;;;;;;X;X;X;X;;;;;;;;;;;;;;;;;;;;;;;;;;;;;;;;;;;;;;;;;;;;;;;;;;;;;;;;;;;;;;;;;;;;;;X;;;X;
D5754061000451V;D5754061000451V;Nø3 FAIRING - FLAPS;REPAIR;;;;X;X;;;;;;;;;;;;;;;;;;;;X;X;X;X;;;;;;;;;;;;;;;;;;;;;;;;;;;;;;;;;;;;;;;;;;;;;;;;;;;;;;;;;;;;;;;;;;;;;;X;;;X;
D5754061000451Z;D5754061000451Z;Nø3 FAIRING - FLAPS;REPAIR;;;;X;X;;;;;;;;;;;;;;;;;;;;X;X;X;X;;;;;;;;;;;;;;;;;;;;;;;;;;;;;;;;;;;;;;;;;;;;;;;;;;;;;;;;;;;;;;;;;;;;;;X;;;X;
D5754061000551T;D5754061000551T;Nø3 FAIRING - FLAPS;REPAIR;;;;X;X;;;;;;;;;;;;;;;;;;;;X;X;X;X;;;;;;;;;;;;;;;;;;;;;;;;;;;;;;;;;;;;;;;;;;;;;;;;;;;;;;;;;;;;;;;;;;;;;;X;;;X;
D5754061000551V;D5754061000551V;Nø3 FAIRING - FLAPS;REPAIR;;;;X;X;;;;;;;;;;;;;;;;;;;;X;X;X;X;;;;;;;;;;;;;;;;;;;;;;;;;;;;;;;;;;;;;;;;;;;;;;;;;;;;;;;;;;;;;;;;;;;;;;X;;;X;
D5754061000551Z;D5754061000551Z;Nø3 FAIRING - FLAPS;REPAIR;;;;X;X;;;;;;;;;;;;;;;;;;;;X;X;X;X;;;;;;;;;;;;;;;;;;;;;;;;;;;;;;;;;;;;;;;;;;;;;;;;;;;;;;;;;;;;;;;;;;;;;;X;;;X;
D5754061000651V;D5754061000651V;Nø3 FAIRING - FLAPS;REPAIR;;;;X;X;;;;;;;;;;;;;;;;;;;;X;X;X;X;;;;;;;;;;;;;;;;;;;;;;;;;;;;;;;;;;;;;;;;;;;;;;;;;;;;;;;;;;;;;;;;;;;;;;X;;;X;
D5754061000651W;D5754061000651W;Nø3 FAIRING - FLAPS;REPAIR;;;;X;X;;;;;;;;;;;;;;;;;;;;X;X;X;X;;;;;;;;;;;;;;;;;;;;;;;;;;;;;;;;;;;;;;;;;;;;;;;;;;;;;;;;;;;;;;;;;;;;;;X;;;X;
D5754061000651Z;D5754061000651Z;Nø3 FAIRING - FLAPS;REPAIR;;;;X;X;;;;;;;;;;;;;;;;;;;;X;X;X;X;;;;;;;;;;;;;;;;;;;;;;;;;;;;;;;;;;;;;;;;;;;;;;;;;;;;;;;;;;;;;;;;;;;;;;X;;;X;
D5754061000751V;D5754061000751V;Nø3 FAIRING - FLAPS;REPAIR;;;;X;X;;;;;;;;;;;;;;;;;;;;X;X;X;X;;;;;;;;;;;;;;;;;;;;;;;;;;;;;;;;;;;;;;;;;;;;;;;;;;;;;;;;;;;;;;;;;;;;;;X;;;X;
D5754061000751W;D5754061000751W;Nø3 FAIRING - FLAPS;REPAIR;;;;X;X;;;;;;;;;;;;;;;;;;;;X;X;X;X;;;;;;;;;;;;;;;;;;;;;;;;;;;;;;;;;;;;;;;;;;;;;;;;;;;;;;;;;;;;;;;;;;;;;;X;;;X;
D5754061000751Z;D5754061000751Z;Nø3 FAIRING - FLAPS;REPAIR;;;;X;X;;;;;;;;;;;;;;;;;;;;X;X;X;X;;;;;;;;;;;;;;;;;;;;;;;;;;;;;;;;;;;;;;;;;;;;;;;;;;;;;;;;;;;;;;;;;;;;;;X;;;X;
D5754061000851T;D5754061000851T;Nø3 FAIRING - FLAPS;REPAIR;;;;X;X;;;;;;;;;;;;;;;;;;;;X;X;X;X;;;;;;;;;;;;;;;;;;;;;;;;;;;;;;;;;;;;;;;;;;;;;;;;;;;;;;;;;;;;;;;;;;;;;;X;;;X;
D5754061000851V;D5754061000851V;Nø3 FAIRING - FLAPS;REPAIR;;;;X;X;;;;;;;;;;;;;;;;;;;;X;X;X;X;;;;;;;;;;;;;;;;;;;;;;;;;;;;;;;;;;;;;;;;;;;;;;;;;;;;;;;;;;;;;;;;;;;;;;X;;;X;
D5754061000851Y;D5754061000851Y;Nø3 FAIRING - FLAPS;REPAIR;;;;X;X;;;;;;;;;;;;;;;;;;;;X;X;X;X;;;;;;;;;;;;;;;;;;;;;;;;;;;;;;;;;;;;;;;;;;;;;;;;;;;;;;;;;;;;;;;;;;;;;;X;;;X;
D5754061000851Z;D5754061000851Z;Nø3 FAIRING - FLAPS;REPAIR;;;;X;X;;;;;;;;;;;;;;;;;;;;X;X;X;X;;;;;;;;;;;;;;;;;;;;;;;;;;;;;;;;;;;;;;;;;;;;;;;;;;;;;;;;;;;;;;;;;;;;;;X;;;X;
D5754061000951T;D5754061000951T;Nø3 FAIRING - FLAPS;REPAIR;;;;X;X;;;;;;;;;;;;;;;;;;;;X;X;X;X;;;;;;;;;;;;;;;;;;;;;;;;;;;;;;;;;;;;;;;;;;;;;;;;;;;;;;;;;;;;;;;;;;;;;;X;;;X;
D5754061000951V;D5754061000951V;Nø3 FAIRING - FLAPS;REPAIR;;;;X;X;;;;;;;;;;;;;;;;;;;;X;X;X;X;;;;;;;;;;;;;;;;;;;;;;;;;;;;;;;;;;;;;;;;;;;;;;;;;;;;;;;;;;;;;;;;;;;;;;X;;;X;
D5754061000951Y;D5754061000951Y;Nø3 FAIRING - FLAPS;REPAIR;;;;X;X;;;;;;;;;;;;;;;;;;;;X;X;X;X;;;;;;;;;;;;;;;;;;;;;;;;;;;;;;;;;;;;;;;;;;;;;;;;;;;;;;;;;;;;;;;;;;;;;;X;;;X;
D5754061000951Z;D5754061000951Z;Nø3 FAIRING - FLAPS;REPAIR;;;;X;X;;;;;;;;;;;;;;;;;;;;X;X;X;X;;;;;;;;;;;;;;;;;;;;;;;;;;;;;;;;;;;;;;;;;;;;;;;;;;;;;;;;;;;;;;;;;;;;;;X;;;X;
D5754061001051T;D5754061001051T;Nø3 FAIRING - FLAPS;REPAIR;;;;X;X;;;;;;;;;;;;;;;;;;;;X;X;X;X;;;;;;;;;;;;;;;;;;;;;;;;;;;;;;;;;;;;;;;;;;;;;;;;;;;;;;;;;;;;;;;;;;;;;;X;;;X;
D5754061001051W;D5754061001051W;Nø3 FAIRING - FLAPS;REPAIR;;;;X;X;;;;;;;;;;;;;;;;;;;;X;X;X;X;;;;;;;;;;;;;;;;;;;;;;;;;;;;;;;;;;;;;;;;;;;;;;;;;;;;;;;;;;;;;;;;;;;;;;X;;;X;
D5754061001051Y;D5754061001051Y;Nø3 FAIRING - FLAPS;REPAIR;;;;X;X;;;;;;;;;;;;;;;;;;;;X;X;X;X;;;;;;;;;;;;;;;;;;;;;;;;;;;;;;;;;;;;;;;;;;;;;;;;;;;;;;;;;;;;;;;;;;;;;;X;;;X;
D5754061001051Z;D5754061001051Z;Nø3 FAIRING - FLAPS;REPAIR;;;;X;X;;;;;;;;;;;;;;;;;;;;X;X;X;X;;;;;;;;;;;;;;;;;;;;;;;;;;;;;;;;;;;;;;;;;;;;;;;;;;;;;;;;;;;;;;;;;;;;;;X;;;X;
D5754061001151T;D5754061001151T;Nø3 FAIRING - FLAPS;REPAIR;;;;X;X;;;;;;;;;;;;;;;;;;;;X;X;X;X;;;;;;;;;;;;;;;;;;;;;;;;;;;;;;;;;;;;;;;;;;;;;;;;;;;;;;;;;;;;;;;;;;;;;;X;;;X;
D5754061001151W;D5754061001151W;Nø3 FAIRING - FLAPS;REPAIR;;;;X;X;;;;;;;;;;;;;;;;;;;;X;X;X;X;;;;;;;;;;;;;;;;;;;;;;;;;;;;;;;;;;;;;;;;;;;;;;;;;;;;;;;;;;;;;;;;;;;;;;X;;;X;
D5754061001151Y;D5754061001151Y;Nø3 FAIRING - FLAPS;REPAIR;;;;X;X;;;;;;;;;;;;;;;;;;;;X;X;X;X;;;;;;;;;;;;;;;;;;;;;;;;;;;;;;;;;;;;;;;;;;;;;;;;;;;;;;;;;;;;;;;;;;;;;;X;;;X;
D5754061001151Z;D5754061001151Z;Nø3 FAIRING - FLAPS;REPAIR;;;;X;X;;;;;;;;;;;;;;;;;;;;X;X;X;X;;;;;;;;;;;;;;;;;;;;;;;;;;;;;;;;;;;;;;;;;;;;;;;;;;;;;;;;;;;;;;;;;;;;;;X;;;X;
D5754061001251H;D5754061001251H;Nø3 FAIRING - FLAPS;REPAIR;;;;X;X;;;;;;;;;;;;;;;;;;;;X;X;X;X;;;;;;;;;;;;;;;;;;;;;;;;;;;;;;;;;;;;;;;;;;;;;;;;;;;;;;;;;;;;;;;;;;;;;;X;;;X;
D5754061001251T;D5754061001251T;Nø3 FAIRING - FLAPS;REPAIR;;;;X;X;;;;;;;;;;;;;;;;;;;;X;X;X;X;;;;;;;;;;;;;;;;;;;;;;;;;;;;;;;;;;;;;;;;;;;;;;;;;;;;;;;;;;;;;;;;;;;;;;X;;;X;
D5754061001251Y;D5754061001251Y;Nø3 FAIRING - FLAPS;REPAIR;;;;X;X;;;;;;;;;;;;;;;;;;;;X;X;X;X;;;;;;;;;;;;;;;;;;;;;;;;;;;;;;;;;;;;;;;;;;;;;;;;;;;;;;;;;;;;;;;;;;;;;;X;;;X;
D5754061001251Z;D5754061001251Z;Nø3 FAIRING - FLAPS;REPAIR;;;;X;X;;;;;;;;;;;;;;;;;;;;X;X;X;X;;;;;;;;;;;;;;;;;;;;;;;;;;;;;;;;;;;;;;;;;;;;;;;;;;;;;;;;;;;;;;;;;;;;;;X;;;X;
D5754061001351H;D5754061001351H;Nø3 FAIRING - FLAPS;REPAIR;;;;X;X;;;;;;;;;;;;;;;;;;;;X;X;X;X;;;;;;;;;;;;;;;;;;;;;;;;;;;;;;;;;;;;;;;;;;;;;;;;;;;;;;;;;;;;;;;;;;;;;;X;;;X;
D5754061001351T;D5754061001351T;Nø3 FAIRING - FLAPS;REPAIR;;;;X;X;;;;;;;;;;;;;;;;;;;;X;X;X;X;;;;;;;;;;;;;;;;;;;;;;;;;;;;;;;;;;;;;;;;;;;;;;;;;;;;;;;;;;;;;;;;;;;;;;X;;;X;
D5754061001351Y;D5754061001351Y;Nø3 FAIRING - FLAPS;REPAIR;;;;X;X;;;;;;;;;;;;;;;;;;;;X;X;X;X;;;;;;;;;;;;;;;;;;;;;;;;;;;;;;;;;;;;;;;;;;;;;;;;;;;;;;;;;;;;;;;;;;;;;;X;;;X;
D5754061001351Z;D5754061001351Z;Nø3 FAIRING - FLAPS;REPAIR;;;;X;X;;;;;;;;;;;;;;;;;;;;X;X;X;X;;;;;;;;;;;;;;;;;;;;;;;;;;;;;;;;;;;;;;;;;;;;;;;;;;;;;;;;;;;;;;;;;;;;;;X;;;X;
D5754061001451B;D5754061001451B;Nø3 FAIRING - FLAPS;REPAIR;;;;X;X;;;;;;;;;;;;;;;;;;;;X;X;X;X;;;;;;;;;;;;;;;;;;;;;;;;;;;;;;;;;;;;;;;;;;;;;;;;;;;;;;;;;;;;;;;;;;;;;;X;;;X;
D5754061001451H;D5754061001451H;Nø3 FAIRING - FLAPS;REPAIR;;;;X;X;;;;;;;;;;;;;;;;;;;;X;X;X;X;;;;;;;;;;;;;;;;;;;;;;;;;;;;;;;;;;;;;;;;;;;;;;;;;;;;;;;;;;;;;;;;;;;;;;X;;;X;
D5754061001451T;D5754061001451T;Nø3 FAIRING - FLAPS;REPAIR;;;;X;X;;;;;;;;;;;;;;;;;;;;X;X;X;X;;;;;;;;;;;;;;;;;;;;;;;;;;;;;;;;;;;;;;;;;;;;;;;;;;;;;;;;;;;;;;;;;;;;;;X;;;X;
D5754061001451Z;D5754061001451Z;Nø3 FAIRING - FLAPS;REPAIR;;;;X;X;;;;;;;;;;;;;;;;;;;;X;X;X;X;;;;;;;;;;;;;;;;;;;;;;;;;;;;;;;;;;;;;;;;;;;;;;;;;;;;;;;;;;;;;;;;;;;;;;X;;;X;
D5754061001551B;D5754061001551B;Nø3 FAIRING - FLAPS;REPAIR;;;;X;X;;;;;;;;;;;;;;;;;;;;X;X;X;X;;;;;;;;;;;;;;;;;;;;;;;;;;;;;;;;;;;;;;;;;;;;;;;;;;;;;;;;;;;;;;;;;;;;;;X;;;X;
D5754061001551H;D5754061001551H;Nø3 FAIRING - FLAPS;REPAIR;;;;X;X;;;;;;;;;;;;;;;;;;;;X;X;X;X;;;;;;;;;;;;;;;;;;;;;;;;;;;;;;;;;;;;;;;;;;;;;;;;;;;;;;;;;;;;;;;;;;;;;;X;;;X;
D5754061001551T;D5754061001551T;Nø3 FAIRING - FLAPS;REPAIR;;;;X;X;;;;;;;;;;;;;;;;;;;;X;X;X;X;;;;;;;;;;;;;;;;;;;;;;;;;;;;;;;;;;;;;;;;;;;;;;;;;;;;;;;;;;;;;;;;;;;;;;X;;;X;
D5754061001551Z;D5754061001551Z;Nø3 FAIRING - FLAPS;REPAIR;;;;X;X;;;;;;;;;;;;;;;;;;;;X;X;X;X;;;;;;;;;;;;;;;;;;;;;;;;;;;;;;;;;;;;;;;;;;;;;;;;;;;;;;;;;;;;;;;;;;;;;;X;;;X;
D5754070100000T;D5754070100000T;Nø4 FAIRING - FLAPS;REPAIR;;;;X;X;;;;;;;;;;;;;;;;;;;;X;X;X;X;;;;;;;;;;;;;;;;;;;;;;;;;;;;;;;;;;;;;;;;;;;;;;;;;;;;;;;;;;;;;;;;;;;;;;X;;;X;
D5754070100000Y;D5754070100000Y;Nø4 FAIRING - FLAPS;REPAIR;;;;X;X;;;;;;;;;;;;;;;;;;;;X;X;X;X;;;;;;;;;;;;;;;;;;;;;;;;;;;;;;;;;;;;;;;;;;;;;;;;;;;;;;;;;;;;;;;;;;;;;;X;;;X;
D5754070100000Y;D5754070100000Y;Nø4 FAIRING - FLAPS;REPAIR;;;;X;X;;;;;;;;;;;;;;;;;;;;X;X;X;X;;;;;;;;;;;;;;;;;;;;;;;;;;;;;;;;;;;;;;;;;;;;;;;;;;;;;;;;;;;;;;;;;;;;;;X;;;X;
D5754070100000Z;D5754070100000Z;Nø4 FAIRING - FLAPS;REPAIR;;;;X;X;;;;;;;;;;;;;;;;;;;;X;X;X;X;;;;;;;;;;;;;;;;;;;;;;;;;;;;;;;;;;;;;;;;;;;;;;;;;;;;;;;;;;;;;;;;;;;;;;X;;;X;
D5754070100000Z;D5754070100000Z;Nø4 FAIRING - FLAPS;REPAIR;;;;X;X;;;;;;;;;;;;;;;;;;;;X;X;X;X;;;;;;;;;;;;;;;;;;;;;;;;;;;;;;;;;;;;;;;;;;;;;;;;;;;;;;;;;;;;;;;;;;;;;;X;;;X;
D5754070100100T;D5754070100100T;Nø4 FAIRING - FLAPS;REPAIR;;;;X;X;;;;;;;;;;;;;;;;;;;;X;X;X;X;;;;;;;;;;;;;;;;;;;;;;;;;;;;;;;;;;;;;;;;;;;;;;;;;;;;;;;;;;;;;;;;;;;;;;X;;;X;
D5754070100200T;D5754070100200T;Nø4 FAIRING - FLAPS;REPAIR;;;;X;X;;;;;;;;;;;;;;;;;;;;X;X;X;X;;;;;;;;;;;;;;;;;;;;;;;;;;;;;;;;;;;;;;;;;;;;;;;;;;;;;;;;;;;;;;;;;;;;;;X;;;X;
D5754070100200V;D5754070100200V;Nø4 FAIRING - FLAPS;REPAIR;;;;X;X;;;;;;;;;;;;;;;;;;;;X;X;X;X;;;;;;;;;;;;;;;;;;;;;;;;;;;;;;;;;;;;;;;;;;;;;;;;;;;;;;;;;;;;;;;;;;;;;;X;;;X;
D5754070100200W;D5754070100200W;Nø4 FAIRING - FLAPS;REPAIR;;;;X;X;;;;;;;;;;;;;;;;;;;;X;X;X;X;;;;;;;;;;;;;;;;;;;;;;;;;;;;;;;;;;;;;;;;;;;;;;;;;;;;;;;;;;;;;;;;;;;;;;X;;;X;
D5754070100200Y;D5754070100200Y;Nø4 FAIRING - FLAPS;REPAIR;;;;X;X;;;;;;;;;;;;;;;;;;;;X;X;X;X;;;;;;;;;;;;;;;;;;;;;;;;;;;;;;;;;;;;;;;;;;;;;;;;;;;;;;;;;;;;;;;;;;;;;;X;;;X;
D5754070100200Z;D5754070100200Z;Nø4 FAIRING - FLAPS;REPAIR;;;;X;X;;;;;;;;;;;;;;;;;;;;X;X;X;X;;;;;;;;;;;;;;;;;;;;;;;;;;;;;;;;;;;;;;;;;;;;;;;;;;;;;;;;;;;;;;;;;;;;;;X;;;X;
D5754070100300T;D5754070100300T;Nø4 FAIRING - FLAPS;REPAIR;;;;X;X;;;;;;;;;;;;;;;;;;;;X;X;X;X;;;;;;;;;;;;;;;;;;;;;;;;;;;;;;;;;;;;;;;;;;;;;;;;;;;;;;;;;;;;;;;;;;;;;;X;;;X;
D5754070100300V;D5754070100300V;Nø4 FAIRING - FLAPS;REPAIR;;;;X;X;;;;;;;;;;;;;;;;;;;;X;X;X;X;;;;;;;;;;;;;;;;;;;;;;;;;;;;;;;;;;;;;;;;;;;;;;;;;;;;;;;;;;;;;;;;;;;;;;X;;;X;
D5754070100300W;D5754070100300W;Nø4 FAIRING - FLAPS;REPAIR;;;;X;X;;;;;;;;;;;;;;;;;;;;X;X;X;X;;;;;;;;;;;;;;;;;;;;;;;;;;;;;;;;;;;;;;;;;;;;;;;;;;;;;;;;;;;;;;;;;;;;;;X;;;X;
D5754070100300Y;D5754070100300Y;Nø4 FAIRING - FLAPS;REPAIR;;;;X;X;;;;;;;;;;;;;;;;;;;;X;X;X;X;;;;;;;;;;;;;;;;;;;;;;;;;;;;;;;;;;;;;;;;;;;;;;;;;;;;;;;;;;;;;;;;;;;;;;X;;;X;
D5754070100300Z;D5754070100300Z;Nø4 FAIRING - FLAPS;REPAIR;;;;X;X;;;;;;;;;;;;;;;;;;;;X;X;X;X;;;;;;;;;;;;;;;;;;;;;;;;;;;;;;;;;;;;;;;;;;;;;;;;;;;;;;;;;;;;;;;;;;;;;;X;;;X;
D5754070100400H;D5754070100400H;Nø4 FAIRING - FLAPS;REPAIR;;;;X;X;;;;;;;;;;;;;;;;;;;;X;X;X;X;;;;;;;;;;;;;;;;;;;;;;;;;;;;;;;;;;;;;;;;;;;;;;;;;;;;;;;;;;;;;;;;;;;;;;X;;;X;
D5754070100400Y;D5754070100400Y;Nø4 FAIRING - FLAPS;REPAIR;;;;X;X;;;;;;;;;;;;;;;;;;;;X;X;X;X;;;;;;;;;;;;;;;;;;;;;;;;;;;;;;;;;;;;;;;;;;;;;;;;;;;;;;;;;;;;;;;;;;;;;;X;;;X;
D5754070100400Z;D5754070100400Z;Nø4 FAIRING - FLAPS;REPAIR;;;;X;X;;;;;;;;;;;;;;;;;;;;X;X;X;X;;;;;;;;;;;;;;;;;;;;;;;;;;;;;;;;;;;;;;;;;;;;;;;;;;;;;;;;;;;;;;;;;;;;;;X;;;X;
D5754070100500Y;D5754070100500Y;Nø4 FAIRING - FLAPS;REPAIR;;;;X;X;;;;;;;;;;;;;;;;;;;;X;X;X;X;;;;;;;;;;;;;;;;;;;;;;;;;;;;;;;;;;;;;;;;;;;;;;;;;;;;;;;;;;;;;;;;;;;;;;X;;;X;
D5754070100500Z;D5754070100500Z;Nø4 FAIRING - FLAPS;REPAIR;;;;X;X;;;;;;;;;;;;;;;;;;;;X;X;X;X;;;;;;;;;;;;;;;;;;;;;;;;;;;;;;;;;;;;;;;;;;;;;;;;;;;;;;;;;;;;;;;;;;;;;;X;;;X;
D5754070100600A;D5754070100600A;Nø4 FAIRING - FLAPS;REPAIR;;;;X;X;;;;;;;;;;;;;;;;;;;;X;X;X;X;;;;;;;;;;;;;;;;;;;;;;;;;;;;;;;;;;;;;;;;;;;;;;;;;;;;;;;;;;;;;;;;;;;;;;X;;;X;
D5754070100600B;D5754070100600B;Nø4 FAIRING - FLAPS;REPAIR;;;;X;X;;;;;;;;;;;;;;;;;;;;X;X;X;X;;;;;;;;;;;;;;;;;;;;;;;;;;;;;;;;;;;;;;;;;;;;;;;;;;;;;;;;;;;;;;;;;;;;;;X;;;X;
D5754070100600H;D5754070100600H;Nø4 FAIRING - FLAPS;REPAIR;;;;X;X;;;;;;;;;;;;;;;;;;;;X;X;X;X;;;;;;;;;;;;;;;;;;;;;;;;;;;;;;;;;;;;;;;;;;;;;;;;;;;;;;;;;;;;;;;;;;;;;;X;;;X;
D5754070100600T;D5754070100600T;Nø4 FAIRING - FLAPS;REPAIR;;;;X;X;;;;;;;;;;;;;;;;;;;;X;X;X;X;;;;;;;;;;;;;;;;;;;;;;;;;;;;;;;;;;;;;;;;;;;;;;;;;;;;;;;;;;;;;;;;;;;;;;X;;;X;
D5755105300000A;D5755105300000A;Nø2 FAIRING - FLAPS;REPAIR;;;;X;X;;;;;;;;;;;;;;;;;;;;X;X;X;X;;;;;;;;;;;;;;;;;;;;;;;;;;;;;;;;;;;;;;;;;;;;;;;;;;;;;;;;;;;;;;;;;;;;;;X;;;X;
D5755105300000B;D5755105300000B;Nø2 FAIRING - FLAPS;REPAIR;;;;X;X;;;;;;;;;;;;;;;;;;;;X;X;X;X;;;;;;;;;;;;;;;;;;;;;;;;;;;;;;;;;;;;;;;;;;;;;;;;;;;;;;;;;;;;;;;;;;;;;;X;;;X;
D5755105300000T;D5755105300000T;Nø2 FAIRING - FLAPS;REPAIR;;;;X;X;;;;;;;;;;;;;;;;;;;;X;X;X;X;;;;;;;;;;;;;;;;;;;;;;;;;;;;;;;;;;;;;;;;;;;;;;;;;;;;;;;;;;;;;;;;;;;;;;X;;;X;
D5755105300000Z;D5755105300000Z;Nø2 FAIRING - FLAPS;REPAIR;;;;X;X;;;;;;;;;;;;;;;;;;;;X;X;X;X;;;;;;;;;;;;;;;;;;;;;;;;;;;;;;;;;;;;;;;;;;;;;;;;;;;;;;;;;;;;;;;;;;;;;;X;;;X;
D5755105300100A;D5755105300100A;Nø2 FAIRING - FLAPS;REPAIR;;;;X;X;;;;;;;;;;;;;;;;;;;;X;X;X;X;;;;;;;;;;;;;;;;;;;;;;;;;;;;;;;;;;;;;;;;;;;;;;;;;;;;;;;;;;;;;;;;;;;;;;X;;;X;
D5755105300100B;D5755105300100B;Nø2 FAIRING - FLAPS;REPAIR;;;;X;X;;;;;;;;;;;;;;;;;;;;X;X;X;X;;;;;;;;;;;;;;;;;;;;;;;;;;;;;;;;;;;;;;;;;;;;;;;;;;;;;;;;;;;;;;;;;;;;;;X;;;X;
D5755105300100T;D5755105300100T;Nø2 FAIRING - FLAPS;REPAIR;;;;X;X;;;;;;;;;;;;;;;;;;;;X;X;X;X;;;;;;;;;;;;;;;;;;;;;;;;;;;;;;;;;;;;;;;;;;;;;;;;;;;;;;;;;;;;;;;;;;;;;;X;;;X;
D5755105300100Z;D5755105300100Z;Nø2 FAIRING - FLAPS;REPAIR;;;;X;X;;;;;;;;;;;;;;;;;;;;X;X;X;X;;;;;;;;;;;;;;;;;;;;;;;;;;;;;;;;;;;;;;;;;;;;;;;;;;;;;;;;;;;;;;;;;;;;;;X;;;X;
D5755105300200A;D5755105300200A;Nø2 FAIRING - FLAPS;REPAIR;;;;X;X;;;;;;;;;;;;;;;;;;;;X;X;X;X;;;;;;;;;;;;;;;;;;;;;;;;;;;;;;;;;;;;;;;;;;;;;;;;;;;;;;;;;;;;;;;;;;;;;;X;;;X;
D5755105300300A;D5755105300300A;Nø2 FAIRING - FLAPS;REPAIR;;;;X;X;;;;;;;;;;;;;;;;;;;;X;X;X;X;;;;;;;;;;;;;;;;;;;;;;;;;;;;;;;;;;;;;;;;;;;;;;;;;;;;;;;;;;;;;;;;;;;;;;X;;;X;
D5755105300400A;D5755105300400A;Nø2 FAIRING - FLAPS;REPAIR;;;;X;X;;;;;;;;;;;;;;;;;;;;X;X;X;X;;;;;;;;;;;;;;;;;;;;;;;;;;;;;;;;;;;;;;;;;;;;;;;;;;;;;;;;;;;;;;;;;;;;;;X;;;X;
D5755105300500A;D5755105300500A;Nø2 FAIRING - FLAPS;REPAIR;;;;X;X;;;;;;;;;;;;;;;;;;;;X;X;X;X;;;;;;;;;;;;;;;;;;;;;;;;;;;;;;;;;;;;;;;;;;;;;;;;;;;;;;;;;;;;;;;;;;;;;;X;;;X;
D5755105300600A;D5755105300600A;Nø2 FAIRING - FLAPS;REPAIR;;;;X;X;;;;;;;;;;;;;;;;;;;;X;X;X;X;;;;;;;;;;;;;;;;;;;;;;;;;;;;;;;;;;;;;;;;;;;;;;;;;;;;;;;;;;;;;;;;;;;;;;X;;;X;
D5755105300700A;D5755105300700A;Nø2 FAIRING - FLAPS;REPAIR;;;;X;X;;;;;;;;;;;;;;;;;;;;X;X;X;X;;;;;;;;;;;;;;;;;;;;;;;;;;;;;;;;;;;;;;;;;;;;;;;;;;;;;;;;;;;;;;;;;;;;;;X;;;X;
D5755105300800A;D5755105300800A;Nø2 FAIRING - FLAPS;REPAIR;;;;X;X;;;;;;;;;;;;;;;;;;;;X;X;X;X;;;;;;;;;;;;;;;;;;;;;;;;;;;;;;;;;;;;;;;;;;;;;;;;;;;;;;;;;;;;;;;;;;;;;;X;;;X;
D5755105300900A;D5755105300900A;Nø2 FAIRING - FLAPS;REPAIR;;;;X;X;;;;;;;;;;;;;;;;;;;;X;X;X;X;;;;;;;;;;;;;;;;;;;;;;;;;;;;;;;;;;;;;;;;;;;;;;;;;;;;;;;;;;;;;;;;;;;;;;X;;;X;
D5755105301000A;D5755105301000A;Nø2 FAIRING - FLAPS;REPAIR;;;;X;X;;;;;;;;;;;;;;;;;;;;X;X;X;X;;;;;;;;;;;;;;;;;;;;;;;;;;;;;;;;;;;;;;;;;;;;;;;;;;;;;;;;;;;;;;;;;;;;;;X;;;X;
D5755105301200A;D5755105301200A;Nø2 FAIRING - FLAPS;REPAIR;;;;X;X;;;;;;;;;;;;;;;;;;;;X;X;X;X;;;;;;;;;;;;;;;;;;;;;;;;;;;;;;;;;;;;;;;;;;;;;;;;;;;;;;;;;;;;;;;;;;;;;;X;;;X;
D5755105301300A;D5755105301300A;Nø2 FAIRING - FLAPS;REPAIR;;;;X;X;;;;;;;;;;;;;;;;;;;;X;X;X;X;;;;;;;;;;;;;;;;;;;;;;;;;;;;;;;;;;;;;;;;;;;;;;;;;;;;;;;;;;;;;;;;;;;;;;X;;;X;
D5755105301400A;D5755105301400A;Nø2 FAIRING - FLAPS;REPAIR;;;;X;X;;;;;;;;;;;;;;;;;;;;X;X;X;X;;;;;;;;;;;;;;;;;;;;;;;;;;;;;;;;;;;;;;;;;;;;;;;;;;;;;;;;;;;;;;;;;;;;;;X;;;X;
D5755105301500A;D5755105301500A;Nø2 FAIRING - FLAPS;REPAIR;;;;X;X;;;;;;;;;;;;;;;;;;;;X;X;X;X;;;;;;;;;;;;;;;;;;;;;;;;;;;;;;;;;;;;;;;;;;;;;;;;;;;;;;;;;;;;;;;;;;;;;;X;;;X;
D5755105301600A;D5755105301600A;Nø2 FAIRING - FLAPS;REPAIR;;;;X;X;;;;;;;;;;;;;;;;;;;;X;X;X;X;;;;;;;;;;;;;;;;;;;;;;;;;;;;;;;;;;;;;;;;;;;;;;;;;;;;;;;;;;;;;;;;;;;;;;X;;;X;
D5755105301700A;D5755105301700A;Nø2 FAIRING - FLAPS;REPAIR;;;;X;X;;;;;;;;;;;;;;;;;;;;X;X;X;X;;;;;;;;;;;;;;;;;;;;;;;;;;;;;;;;;;;;;;;;;;;;;;;;;;;;;;;;;;;;;;;;;;;;;;X;;;X;
D5755105400051A;D5755105400051A;Nø3 FAIRING - FLAPS;REPAIR;;;;X;X;;;;;;;;;;;;;;;;;;;;X;X;X;X;;;;;;;;;;;;;;;;;;;;;;;;;;;;;;;;;;;;;;;;;;;;;;;;;;;;;;;;;;;;;;;;;;;;;;X;;;X;
D5755105400051B;D5755105400051B;Nø3 FAIRING - FLAPS;REPAIR;;;;X;X;;;;;;;;;;;;;;;;;;;;X;X;X;X;;;;;;;;;;;;;;;;;;;;;;;;;;;;;;;;;;;;;;;;;;;;;;;;;;;;;;;;;;;;;;;;;;;;;;X;;;X;
D5755105400051T;D5755105400051T;Nø3 FAIRING - FLAPS;REPAIR;;;;X;X;;;;;;;;;;;;;;;;;;;;X;X;X;X;;;;;;;;;;;;;;;;;;;;;;;;;;;;;;;;;;;;;;;;;;;;;;;;;;;;;;;;;;;;;;;;;;;;;;X;;;X;
D5755105400051Z;D5755105400051Z;Nø3 FAIRING - FLAPS;REPAIR;;;;X;X;;;;;;;;;;;;;;;;;;;;X;X;X;X;;;;;;;;;;;;;;;;;;;;;;;;;;;;;;;;;;;;;;;;;;;;;;;;;;;;;;;;;;;;;;;;;;;;;;X;;;X;
D5755105400151A;D5755105400151A;Nø3 FAIRING - FLAPS;REPAIR;;;;X;X;;;;;;;;;;;;;;;;;;;;X;X;X;X;;;;;;;;;;;;;;;;;;;;;;;;;;;;;;;;;;;;;;;;;;;;;;;;;;;;;;;;;;;;;;;;;;;;;;X;;;X;
D5755105400151B;D5755105400151B;Nø3 FAIRING - FLAPS;REPAIR;;;;X;X;;;;;;;;;;;;;;;;;;;;X;X;X;X;;;;;;;;;;;;;;;;;;;;;;;;;;;;;;;;;;;;;;;;;;;;;;;;;;;;;;;;;;;;;;;;;;;;;;X;;;X;
D5755105400151T;D5755105400151T;Nø3 FAIRING - FLAPS;REPAIR;;;;X;X;;;;;;;;;;;;;;;;;;;;X;X;X;X;;;;;;;;;;;;;;;;;;;;;;;;;;;;;;;;;;;;;;;;;;;;;;;;;;;;;;;;;;;;;;;;;;;;;;X;;;X;
D5755105400151Z;D5755105400151Z;Nø3 FAIRING - FLAPS;REPAIR;;;;X;X;;;;;;;;;;;;;;;;;;;;X;X;X;X;;;;;;;;;;;;;;;;;;;;;;;;;;;;;;;;;;;;;;;;;;;;;;;;;;;;;;;;;;;;;;;;;;;;;;X;;;X;
D5755105400251A;D5755105400251A;Nø3 FAIRING - FLAPS;REPAIR;;;;X;X;;;;;;;;;;;;;;;;;;;;X;X;X;X;;;;;;;;;;;;;;;;;;;;;;;;;;;;;;;;;;;;;;;;;;;;;;;;;;;;;;;;;;;;;;;;;;;;;;X;;;X;
D5755105400351A;D5755105400351A;Nø3 FAIRING - FLAPS;REPAIR;;;;X;X;;;;;;;;;;;;;;;;;;;;X;X;X;X;;;;;;;;;;;;;;;;;;;;;;;;;;;;;;;;;;;;;;;;;;;;;;;;;;;;;;;;;;;;;;;;;;;;;;X;;;X;
D5755105400451A;D5755105400451A;Nø3 FAIRING - FLAPS;REPAIR;;;;X;X;;;;;;;;;;;;;;;;;;;;X;X;X;X;;;;;;;;;;;;;;;;;;;;;;;;;;;;;;;;;;;;;;;;;;;;;;;;;;;;;;;;;;;;;;;;;;;;;;X;;;X;
D5755105400551A;D5755105400551A;Nø3 FAIRING - FLAPS;REPAIR;;;;X;X;;;;;;;;;;;;;;;;;;;;X;X;X;X;;;;;;;;;;;;;;;;;;;;;;;;;;;;;;;;;;;;;;;;;;;;;;;;;;;;;;;;;;;;;;;;;;;;;;X;;;X;
D5755105400651A;D5755105400651A;Nø3 FAIRING - FLAPS;REPAIR;;;;X;X;;;;;;;;;;;;;;;;;;;;X;X;X;X;;;;;;;;;;;;;;;;;;;;;;;;;;;;;;;;;;;;;;;;;;;;;;;;;;;;;;;;;;;;;;;;;;;;;;X;;;X;
D5755105400751A;D5755105400751A;Nø3 FAIRING - FLAPS;REPAIR;;;;X;X;;;;;;;;;;;;;;;;;;;;X;X;X;X;;;;;;;;;;;;;;;;;;;;;;;;;;;;;;;;;;;;;;;;;;;;;;;;;;;;;;;;;;;;;;;;;;;;;;X;;;X;
D5755105400851A;D5755105400851A;Nø3 FAIRING - FLAPS;REPAIR;;;;X;X;;;;;;;;;;;;;;;;;;;;X;X;X;X;;;;;;;;;;;;;;;;;;;;;;;;;;;;;;;;;;;;;;;;;;;;;;;;;;;;;;;;;;;;;;;;;;;;;;X;;;X;
D5755105400951A;D5755105400951A;Nø3 FAIRING - FLAPS;REPAIR;;;;X;X;;;;;;;;;;;;;;;;;;;;X;X;X;X;;;;;;;;;;;;;;;;;;;;;;;;;;;;;;;;;;;;;;;;;;;;;;;;;;;;;;;;;;;;;;;;;;;;;;X;;;X;
D5755105401051A;D5755105401051A;Nø3 FAIRING - FLAPS;REPAIR;;;;X;X;;;;;;;;;;;;;;;;;;;;X;X;X;X;;;;;;;;;;;;;;;;;;;;;;;;;;;;;;;;;;;;;;;;;;;;;;;;;;;;;;;;;;;;;;;;;;;;;;X;;;X;
D5755105401151A;D5755105401151A;Nø3 FAIRING - FLAPS;REPAIR;;;;X;X;;;;;;;;;;;;;;;;;;;;X;X;X;X;;;;;;;;;;;;;;;;;;;;;;;;;;;;;;;;;;;;;;;;;;;;;;;;;;;;;;;;;;;;;;;;;;;;;;X;;;X;
D5755105401251A;D5755105401251A;Nø3 FAIRING - FLAPS;REPAIR;;;;X;X;;;;;;;;;;;;;;;;;;;;X;X;X;X;;;;;;;;;;;;;;;;;;;;;;;;;;;;;;;;;;;;;;;;;;;;;;;;;;;;;;;;;;;;;;;;;;;;;;X;;;X;
D5755105401351A;D5755105401351A;Nø3 FAIRING - FLAPS;REPAIR;;;;X;X;;;;;;;;;;;;;;;;;;;;X;X;X;X;;;;;;;;;;;;;;;;;;;;;;;;;;;;;;;;;;;;;;;;;;;;;;;;;;;;;;;;;;;;;;;;;;;;;;X;;;X;
D5755105401451A;D5755105401451A;Nø3 FAIRING - FLAPS;REPAIR;;;;X;X;;;;;;;;;;;;;;;;;;;;X;X;X;X;;;;;;;;;;;;;;;;;;;;;;;;;;;;;;;;;;;;;;;;;;;;;;;;;;;;;;;;;;;;;;;;;;;;;;X;;;X;
D5755105401551A;D5755105401551A;Nø3 FAIRING - FLAPS;REPAIR;;;;X;X;;;;;;;;;;;;;;;;;;;;X;X;X;X;;;;;;;;;;;;;;;;;;;;;;;;;;;;;;;;;;;;;;;;;;;;;;;;;;;;;;;;;;;;;;;;;;;;;;X;;;X;
D5755105401651A;D5755105401651A;Nø3 FAIRING - FLAPS;REPAIR;;;;X;X;;;;;;;;;;;;;;;;;;;;X;X;X;X;;;;;;;;;;;;;;;;;;;;;;;;;;;;;;;;;;;;;;;;;;;;;;;;;;;;;;;;;;;;;;;;;;;;;;X;;;X;
D5755105401751A;D5755105401751A;Nø3 FAIRING - FLAPS;REPAIR;;;;X;X;;;;;;;;;;;;;;;;;;;;X;X;X;X;;;;;;;;;;;;;;;;;;;;;;;;;;;;;;;;;;;;;;;;;;;;;;;;;;;;;;;;;;;;;;;;;;;;;;X;;;X;
D5755105500200A;D5755105500200A;FAIRING FLAP TRACK 4 LH;REPAIR;;;;X;X;X;X;X;;;;;;;;;;;;;X;;;;X;X;X;X;;;;;;;;;;;;;;;;;;;;;;;;;;;;;;;;;;;;;;;;;;;;;;;;;;;;;;;;;;;;;;;;;;;;;;X;;;X;
D5755622200200Z;D5755622200200Z;Nø2 FAIRING - FLAPS;REPAIR;;;;X;X;;;;;;;;;;;;;;;;;;;;X;X;X;X;;;;;;;;;;;;;;;;;;;;;;;;;;;;;;;;;;;;;;;;;;;;;;;;;;;;;;;;;;;;;;;;;;;;;;X;;;X;
D5755622200220T;D5755622200220T;Nø2 FAIRING - FLAPS;REPAIR;;;;X;X;;;;;;;;;;;;;;;;;;;;X;X;X;X;;;;;;;;;;;;;;;;;;;;;;;;;;;;;;;;;;;;;;;;;;;;;;;;;;;;;;;;;;;;;;;;;;;;;;X;;;X;
D5755622200300T;D5755622200300T;Nø2 FAIRING - FLAPS;REPAIR;;;;X;X;;;;;;;;;;;;;;;;;;;;X;X;X;X;;;;;;;;;;;;;;;;;;;;;;;;;;;;;;;;;;;;;;;;;;;;;;;;;;;;;;;;;;;;;;;;;;;;;;X;;;X;
D5755622200300Z;D5755622200300Z;Nø2 FAIRING - FLAPS;REPAIR;;;;X;X;;;;;;;;;;;;;;;;;;;;X;X;X;X;;;;;;;;;;;;;;;;;;;;;;;;;;;;;;;;;;;;;;;;;;;;;;;;;;;;;;;;;;;;;;;;;;;;;;X;;;X;
D5755622200400A;D5755622200400A;Nø2 FAIRING - FLAPS;REPAIR;;;;X;X;;;;;;;;;;;;;;;;;;;;X;X;X;X;;;;;;;;;;;;;;;;;;;;;;;;;;;;;;;;;;;;;;;;;;;;;;;;;;;;;;;;;;;;;;;;;;;;;;X;;;X;
D5755622200400D;D5755622200400D;Nø2 FAIRING - FLAPS;REPAIR;;;;X;X;;;;;;;;;;;;;;;;;;;;X;X;X;X;;;;;;;;;;;;;;;;;;;;;;;;;;;;;;;;;;;;;;;;;;;;;;;;;;;;;;;;;;;;;;;;;;;;;;X;;;X;
D5755622200400T;D5755622200400T;Nø2 FAIRING - FLAPS;REPAIR;;;;X;X;;;;;;;;;;;;;;;;;;;;X;X;X;X;;;;;;;;;;;;;;;;;;;;;;;;;;;;;;;;;;;;;;;;;;;;;;;;;;;;;;;;;;;;;;;;;;;;;;X;;;X;
D5755622200400Y;D5755622200400Y;Nø2 FAIRING - FLAPS;REPAIR;;;;X;X;;;;;;;;;;;;;;;;;;;;X;X;X;X;;;;;;;;;;;;;;;;;;;;;;;;;;;;;;;;;;;;;;;;;;;;;;;;;;;;;;;;;;;;;;;;;;;;;;X;;;X;
D5755622200400Z;D5755622200400Z;Nø2 FAIRING - FLAPS;REPAIR;;;;X;X;;;;;;;;;;;;;;;;;;;;X;X;X;X;;;;;;;;;;;;;;;;;;;;;;;;;;;;;;;;;;;;;;;;;;;;;;;;;;;;;;;;;;;;;;;;;;;;;;X;;;X;
D5755622200500A;D5755622200500A;Nø2 FAIRING - FLAPS;REPAIR;;;;X;X;;;;;;;;;;;;;;;;;;;;X;X;X;X;;;;;;;;;;;;;;;;;;;;;;;;;;;;;;;;;;;;;;;;;;;;;;;;;;;;;;;;;;;;;;;;;;;;;;X;;;X;
D5755622200500D;D5755622200500D;Nø2 FAIRING - FLAPS;REPAIR;;;;X;X;;;;;;;;;;;;;;;;;;;;X;X;X;X;;;;;;;;;;;;;;;;;;;;;;;;;;;;;;;;;;;;;;;;;;;;;;;;;;;;;;;;;;;;;;;;;;;;;;X;;;X;
D5755622200500T;D5755622200500T;Nø2 FAIRING - FLAPS;REPAIR;;;;X;X;;;;;;;;;;;;;;;;;;;;X;X;X;X;;;;;;;;;;;;;;;;;;;;;;;;;;;;;;;;;;;;;;;;;;;;;;;;;;;;;;;;;;;;;;;;;;;;;;X;;;X;
D5755622200500Y;D5755622200500Y;Nø2 FAIRING - FLAPS;REPAIR;;;;X;X;;;;;;;;;;;;;;;;;;;;X;X;X;X;;;;;;;;;;;;;;;;;;;;;;;;;;;;;;;;;;;;;;;;;;;;;;;;;;;;;;;;;;;;;;;;;;;;;;X;;;X;
D5755622200500Z;D5755622200500Z;Nø2 FAIRING - FLAPS;REPAIR;;;;X;X;;;;;;;;;;;;;;;;;;;;X;X;X;X;;;;;;;;;;;;;;;;;;;;;;;;;;;;;;;;;;;;;;;;;;;;;;;;;;;;;;;;;;;;;;;;;;;;;;X;;;X;
D5755622200600A;D5755622200600A;Nø2 FAIRING - FLAPS;REPAIR;;;;X;X;;;;;;;;;;;;;;;;;;;;X;X;X;X;;;;;;;;;;;;;;;;;;;;;;;;;;;;;;;;;;;;;;;;;;;;;;;;;;;;;;;;;;;;;;;;;;;;;;X;;;X;
D5755622200700A;D5755622200700A;Nø2 FAIRING - FLAPS;REPAIR;;;;X;X;;;;;;;;;;;;;;;;;;;;X;X;X;X;;;;;;;;;;;;;;;;;;;;;;;;;;;;;;;;;;;;;;;;;;;;;;;;;;;;;;;;;;;;;;;;;;;;;;X;;;X;
D5755622200800A;D5755622200800A;Nø2 FAIRING - FLAPS;REPAIR;;;;X;X;;;;;;;;;;;;;;;;;;;;X;X;X;X;;;;;;;;;;;;;;;;;;;;;;;;;;;;;;;;;;;;;;;;;;;;;;;;;;;;;;;;;;;;;;;;;;;;;;X;;;X;
D5755622200900A;D5755622200900A;Nø2 FAIRING - FLAPS;REPAIR;;;;X;X;;;;;;;;;;;;;;;;;;;;X;X;X;X;;;;;;;;;;;;;;;;;;;;;;;;;;;;;;;;;;;;;;;;;;;;;;;;;;;;;;;;;;;;;;;;;;;;;;X;;;X;
D5755622201000A;D5755622201000A;Nø2 FAIRING - FLAPS;REPAIR;;;;X;X;;;;;;;;;;;;;;;;;;;;X;X;X;X;;;;;;;;;;;;;;;;;;;;;;;;;;;;;;;;;;;;;;;;;;;;;;;;;;;;;;;;;;;;;;;;;;;;;;X;;;X;
D5755622201100A;D5755622201100A;Nø2 FAIRING - FLAPS;REPAIR;;;;X;X;;;;;;;;;;;;;;;;;;;;X;X;X;X;;;;;;;;;;;;;;;;;;;;;;;;;;;;;;;;;;;;;;;;;;;;;;;;;;;;;;;;;;;;;;;;;;;;;;X;;;X;
D5755622201200A;D5755622201200A;Nø2 FAIRING - FLAPS;REPAIR;;;;X;X;;;;;;;;;;;;;;;;;;;;X;X;X;X;;;;;;;;;;;;;;;;;;;;;;;;;;;;;;;;;;;;;;;;;;;;;;;;;;;;;;;;;;;;;;;;;;;;;;X;;;X;
D5755622201300A;D5755622201300A;Nø2 FAIRING - FLAPS;REPAIR;;;;X;X;;;;;;;;;;;;;;;;;;;;X;X;X;X;;;;;;;;;;;;;;;;;;;;;;;;;;;;;;;;;;;;;;;;;;;;;;;;;;;;;;;;;;;;;;;;;;;;;;X;;;X;
D5755622201400A;D5755622201400A;Nø2 FAIRING - FLAPS;REPAIR;;;;X;X;;;;;;;;;;;;;;;;;;;;X;X;X;X;;;;;;;;;;;;;;;;;;;;;;;;;;;;;;;;;;;;;;;;;;;;;;;;;;;;;;;;;;;;;;;;;;;;;;X;;;X;
D5755622201500A;D5755622201500A;Nø2 FAIRING - FLAPS;REPAIR;;;;X;X;;;;;;;;;;;;;;;;;;;;X;X;X;X;;;;;;;;;;;;;;;;;;;;;;;;;;;;;;;;;;;;;;;;;;;;;;;;;;;;;;;;;;;;;;;;;;;;;;X;;;X;
D5755622600400T;D5755622600400T;Nø2 FAIRING - FLAPS;REPAIR;;;;X;X;;;;;;;;;;;;;;;;;;;;X;X;X;X;;;;;;;;;;;;;;;;;;;;;;;;;;;;;;;;;;;;;;;;;;;;;;;;;;;;;;;;;;;;;;;;;;;;;;X;;;X;
D5755622600400Z;D5755622600400Z;Nø2 FAIRING - FLAPS;REPAIR;;;;X;X;;;;;;;;;;;;;;;;;;;;X;X;X;X;;;;;;;;;;;;;;;;;;;;;;;;;;;;;;;;;;;;;;;;;;;;;;;;;;;;;;;;;;;;;;;;;;;;;;X;;;X;
D5755622600500T;D5755622600500T;Nø2 FAIRING - FLAPS;REPAIR;;;;X;X;;;;;;;;;;;;;;;;;;;;X;X;X;X;;;;;;;;;;;;;;;;;;;;;;;;;;;;;;;;;;;;;;;;;;;;;;;;;;;;;;;;;;;;;;;;;;;;;;X;;;X;
D5755622600500Z;D5755622600500Z;Nø2 FAIRING - FLAPS;REPAIR;;;;X;X;;;;;;;;;;;;;;;;;;;;X;X;X;X;;;;;;;;;;;;;;;;;;;;;;;;;;;;;;;;;;;;;;;;;;;;;;;;;;;;;;;;;;;;;;;;;;;;;;X;;;X;
D5755622600600T;D5755622600600T;Nø2 FAIRING - FLAPS;REPAIR;;;;X;X;;;;;;;;;;;;;;;;;;;;X;X;X;X;;;;;;;;;;;;;;;;;;;;;;;;;;;;;;;;;;;;;;;;;;;;;;;;;;;;;;;;;;;;;;;;;;;;;;X;;;X;
D5755622600600Z;D5755622600600Z;Nø2 FAIRING - FLAPS;REPAIR;;;;X;X;;;;;;;;;;;;;;;;;;;;X;X;X;X;;;;;;;;;;;;;;;;;;;;;;;;;;;;;;;;;;;;;;;;;;;;;;;;;;;;;;;;;;;;;;;;;;;;;;X;;;X;
D5755622600700T;D5755622600700T;Nø2 FAIRING - FLAPS;REPAIR;;;;X;X;;;;;;;;;;;;;;;;;;;;X;X;X;X;;;;;;;;;;;;;;;;;;;;;;;;;;;;;;;;;;;;;;;;;;;;;;;;;;;;;;;;;;;;;;;;;;;;;;X;;;X;
D5755622600700Z;D5755622600700Z;Nø2 FAIRING - FLAPS;REPAIR;;;;X;X;;;;;;;;;;;;;;;;;;;;X;X;X;X;;;;;;;;;;;;;;;;;;;;;;;;;;;;;;;;;;;;;;;;;;;;;;;;;;;;;;;;;;;;;;;;;;;;;;X;;;X;
D5755622600800D;D5755622600800D;Nø2 FAIRING - FLAPS;REPAIR;;;;X;X;;;;;;;;;;;;;;;;;;;;X;X;X;X;;;;;;;;;;;;;;;;;;;;;;;;;;;;;;;;;;;;;;;;;;;;;;;;;;;;;;;;;;;;;;;;;;;;;;X;;;X;
D5755622600800T;D5755622600800T;Nø2 FAIRING - FLAPS;REPAIR;;;;X;X;;;;;;;;;;;;;;;;;;;;X;X;X;X;;;;;;;;;;;;;;;;;;;;;;;;;;;;;;;;;;;;;;;;;;;;;;;;;;;;;;;;;;;;;;;;;;;;;;X;;;X;
D5755622600800Y;D5755622600800Y;Nø2 FAIRING - FLAPS;REPAIR;;;;X;X;;;;;;;;;;;;;;;;;;;;X;X;X;X;;;;;;;;;;;;;;;;;;;;;;;;;;;;;;;;;;;;;;;;;;;;;;;;;;;;;;;;;;;;;;;;;;;;;;X;;;X;
D5755622600800Z;D5755622600800Z;Nø2 FAIRING - FLAPS;REPAIR;;;;X;X;;;;;;;;;;;;;;;;;;;;X;X;X;X;;;;;;;;;;;;;;;;;;;;;;;;;;;;;;;;;;;;;;;;;;;;;;;;;;;;;;;;;;;;;;;;;;;;;;X;;;X;
D5755622600900D;D5755622600900D;Nø2 FAIRING - FLAPS;REPAIR;;;;X;X;;;;;;;;;;;;;;;;;;;;X;X;X;X;;;;;;;;;;;;;;;;;;;;;;;;;;;;;;;;;;;;;;;;;;;;;;;;;;;;;;;;;;;;;;;;;;;;;;X;;;X;
D5755622600900T;D5755622600900T;Nø2 FAIRING - FLAPS;REPAIR;;;;X;X;;;;;;;;;;;;;;;;;;;;X;X;X;X;;;;;;;;;;;;;;;;;;;;;;;;;;;;;;;;;;;;;;;;;;;;;;;;;;;;;;;;;;;;;;;;;;;;;;X;;;X;
D5755622600900Y;D5755622600900Y;Nø2 FAIRING - FLAPS;REPAIR;;;;X;X;;;;;;;;;;;;;;;;;;;;X;X;X;X;;;;;;;;;;;;;;;;;;;;;;;;;;;;;;;;;;;;;;;;;;;;;;;;;;;;;;;;;;;;;;;;;;;;;;X;;;X;
D5755622600900Z;D5755622600900Z;FAIRING ASSEMBLY, FLAP TRACK 2;REPAIR;;;;X;X;X;X;X;;;;;;;;;;;;;X;;;;;;;X;;;;;;;;;;;;;;;;;;;;;;;;;;;;;;;;;;;;;;;;;;;;;;;;;;;;;;;;;;;;;;;;;;;;;;X;;;X;
D5755623200200T;D5755623200200T;Nø3 FAIRING - FLAPS;REPAIR;;;;X;X;;;;;;;;;;;;;;;;;;;;X;X;X;X;;;;;;;;;;;;;;;;;;;;;;;;;;;;;;;;;;;;;;;;;;;;;;;;;;;;;;;;;;;;;;;;;;;;;;X;;;X;
D5755623200200Z;D5755623200200Z;Nø3 FAIRING - FLAPS;REPAIR;;;;X;X;;;;;;;;;;;;;;;;;;;;X;X;X;X;;;;;;;;;;;;;;;;;;;;;;;;;;;;;;;;;;;;;;;;;;;;;;;;;;;;;;;;;;;;;;;;;;;;;;X;;;X;
D5755623200300T;D5755623200300T;Nø3 FAIRING - FLAPS;REPAIR;;;;X;X;;;;;;;;;;;;;;;;;;;;X;X;X;X;;;;;;;;;;;;;;;;;;;;;;;;;;;;;;;;;;;;;;;;;;;;;;;;;;;;;;;;;;;;;;;;;;;;;;X;;;X;
D5755623200300Z;D5755623200300Z;Nø3 FAIRING - FLAPS;REPAIR;;;;X;X;;;;;;;;;;;;;;;;;;;;X;X;X;X;;;;;;;;;;;;;;;;;;;;;;;;;;;;;;;;;;;;;;;;;;;;;;;;;;;;;;;;;;;;;;;;;;;;;;X;;;X;
D5755623200400A;D5755623200400A;Nø3 FAIRING - FLAPS;REPAIR;;;;X;X;;;;;;;;;;;;;;;;;;;;X;X;X;X;;;;;;;;;;;;;;;;;;;;;;;;;;;;;;;;;;;;;;;;;;;;;;;;;;;;;;;;;;;;;;;;;;;;;;X;;;X;
D5755623200400D;D5755623200400D;Nø3 FAIRING - FLAPS;REPAIR;;;;X;X;;;;;;;;;;;;;;;;;;;;X;X;X;X;;;;;;;;;;;;;;;;;;;;;;;;;;;;;;;;;;;;;;;;;;;;;;;;;;;;;;;;;;;;;;;;;;;;;;X;;;X;
D5755623200400T;D5755623200400T;Nø3 FAIRING - FLAPS;REPAIR;;;;X;X;;;;;;;;;;;;;;;;;;;;X;X;X;X;;;;;;;;;;;;;;;;;;;;;;;;;;;;;;;;;;;;;;;;;;;;;;;;;;;;;;;;;;;;;;;;;;;;;;X;;;X;
D5755623200400Y;D5755623200400Y;Nø3 FAIRING - FLAPS;REPAIR;;;;X;X;;;;;;;;;;;;;;;;;;;;X;X;X;X;;;;;;;;;;;;;;;;;;;;;;;;;;;;;;;;;;;;;;;;;;;;;;;;;;;;;;;;;;;;;;;;;;;;;;X;;;X;
D5755623200400Z;D5755623200400Z;Nø3 FAIRING - FLAPS;REPAIR;;;;X;X;;;;;;;;;;;;;;;;;;;;X;X;X;X;;;;;;;;;;;;;;;;;;;;;;;;;;;;;;;;;;;;;;;;;;;;;;;;;;;;;;;;;;;;;;;;;;;;;;X;;;X;
D5755623200500A;D5755623200500A;Nø3 FAIRING - FLAPS;REPAIR;;;;X;X;;;;;;;;;;;;;;;;;;;;X;X;X;X;;;;;;;;;;;;;;;;;;;;;;;;;;;;;;;;;;;;;;;;;;;;;;;;;;;;;;;;;;;;;;;;;;;;;;X;;;X;
D5755623200500D;D5755623200500D;Nø3 FAIRING - FLAPS;REPAIR;;;;X;X;;;;;;;;;;;;;;;;;;;;X;X;X;X;;;;;;;;;;;;;;;;;;;;;;;;;;;;;;;;;;;;;;;;;;;;;;;;;;;;;;;;;;;;;;;;;;;;;;X;;;X;
D5755623200500T;D5755623200500T;Nø3 FAIRING - FLAPS;REPAIR;;;;X;X;;;;;;;;;;;;;;;;;;;;X;X;X;X;;;;;;;;;;;;;;;;;;;;;;;;;;;;;;;;;;;;;;;;;;;;;;;;;;;;;;;;;;;;;;;;;;;;;;X;;;X;
D5755623200500Y;D5755623200500Y;Nø3 FAIRING - FLAPS;REPAIR;;;;X;X;;;;;;;;;;;;;;;;;;;;X;X;X;X;;;;;;;;;;;;;;;;;;;;;;;;;;;;;;;;;;;;;;;;;;;;;;;;;;;;;;;;;;;;;;;;;;;;;;X;;;X;
D5755623200500Z;D5755623200500Z;Nø3 FAIRING - FLAPS;REPAIR;;;;X;X;;;;;;;;;;;;;;;;;;;;X;X;X;X;;;;;;;;;;;;;;;;;;;;;;;;;;;;;;;;;;;;;;;;;;;;;;;;;;;;;;;;;;;;;;;;;;;;;;X;;;X;
D5755623200600A;D5755623200600A;Nø3 FAIRING - FLAPS;REPAIR;;;;X;X;;;;;;;;;;;;;;;;;;;;X;X;X;X;;;;;;;;;;;;;;;;;;;;;;;;;;;;;;;;;;;;;;;;;;;;;;;;;;;;;;;;;;;;;;;;;;;;;;X;;;X;
D5755623200700A;D5755623200700A;Nø3 FAIRING - FLAPS;REPAIR;;;;X;X;;;;;;;;;;;;;;;;;;;;X;X;X;X;;;;;;;;;;;;;;;;;;;;;;;;;;;;;;;;;;;;;;;;;;;;;;;;;;;;;;;;;;;;;;;;;;;;;;X;;;X;
D5755623200800A;D5755623200800A;Nø3 FAIRING - FLAPS;REPAIR;;;;X;X;;;;;;;;;;;;;;;;;;;;X;X;X;X;;;;;;;;;;;;;;;;;;;;;;;;;;;;;;;;;;;;;;;;;;;;;;;;;;;;;;;;;;;;;;;;;;;;;;X;;;X;
D5755623200900A;D5755623200900A;Nø3 FAIRING - FLAPS;REPAIR;;;;X;X;;;;;;;;;;;;;;;;;;;;X;X;X;X;;;;;;;;;;;;;;;;;;;;;;;;;;;;;;;;;;;;;;;;;;;;;;;;;;;;;;;;;;;;;;;;;;;;;;X;;;X;
D5755623201000A;D5755623201000A;Nø3 FAIRING - FLAPS;REPAIR;;;;X;X;;;;;;;;;;;;;;;;;;;;X;X;X;X;;;;;;;;;;;;;;;;;;;;;;;;;;;;;;;;;;;;;;;;;;;;;;;;;;;;;;;;;;;;;;;;;;;;;;X;;;X;
D5755623201100A;D5755623201100A;Nø3 FAIRING - FLAPS;REPAIR;;;;X;X;;;;;;;;;;;;;;;;;;;;X;X;X;X;;;;;;;;;;;;;;;;;;;;;;;;;;;;;;;;;;;;;;;;;;;;;;;;;;;;;;;;;;;;;;;;;;;;;;X;;;X;
D5755623201200A;D5755623201200A;Nø3 FAIRING - FLAPS;REPAIR;;;;X;X;;;;;;;;;;;;;;;;;;;;X;X;X;X;;;;;;;;;;;;;;;;;;;;;;;;;;;;;;;;;;;;;;;;;;;;;;;;;;;;;;;;;;;;;;;;;;;;;;X;;;X;
D5755623201300A;D5755623201300A;Nø3 FAIRING - FLAPS;REPAIR;;;;X;X;;;;;;;;;;;;;;;;;;;;X;X;X;X;;;;;;;;;;;;;;;;;;;;;;;;;;;;;;;;;;;;;;;;;;;;;;;;;;;;;;;;;;;;;;;;;;;;;;X;;;X;
D5755623600200T;D5755623600200T;Nø3 FAIRING - FLAPS;REPAIR;;;;X;X;;;;;;;;;;;;;;;;;;;;X;X;X;X;;;;;;;;;;;;;;;;;;;;;;;;;;;;;;;;;;;;;;;;;;;;;;;;;;;;;;;;;;;;;;;;;;;;;;X;;;X;
D5755623600200Z;D5755623600200Z;Nø3 FAIRING - FLAPS;REPAIR;;;;X;X;;;;;;;;;;;;;;;;;;;;X;X;X;X;;;;;;;;;;;;;;;;;;;;;;;;;;;;;;;;;;;;;;;;;;;;;;;;;;;;;;;;;;;;;;;;;;;;;;X;;;X;
D5755623600300T;D5755623600300T;Nø3 FAIRING - FLAPS;REPAIR;;;;X;X;;;;;;;;;;;;;;;;;;;;X;X;X;X;;;;;;;;;;;;;;;;;;;;;;;;;;;;;;;;;;;;;;;;;;;;;;;;;;;;;;;;;;;;;;;;;;;;;;X;;;X;
D5755623600300Z;D5755623600300Z;Nø3 FAIRING - FLAPS;REPAIR;;;;X;X;;;;;;;;;;;;;;;;;;;;X;X;X;X;;;;;;;;;;;;;;;;;;;;;;;;;;;;;;;;;;;;;;;;;;;;;;;;;;;;;;;;;;;;;;;;;;;;;;X;;;X;
D5755623600400D;D5755623600400D;Nø3 FAIRING - FLAPS;REPAIR;;;;X;X;;;;;;;;;;;;;;;;;;;;X;X;X;X;;;;;;;;;;;;;;;;;;;;;;;;;;;;;;;;;;;;;;;;;;;;;;;;;;;;;;;;;;;;;;;;;;;;;;X;;;X;
D5755623600400T;D5755623600400T;Nø3 FAIRING - FLAPS;REPAIR;;;;X;X;;;;;;;;;;;;;;;;;;;;X;X;X;X;;;;;;;;;;;;;;;;;;;;;;;;;;;;;;;;;;;;;;;;;;;;;;;;;;;;;;;;;;;;;;;;;;;;;;X;;;X;
D5755623600400Y;D5755623600400Y;Nø3 FAIRING - FLAPS;REPAIR;;;;X;X;;;;;;;;;;;;;;;;;;;;X;X;X;X;;;;;;;;;;;;;;;;;;;;;;;;;;;;;;;;;;;;;;;;;;;;;;;;;;;;;;;;;;;;;;;;;;;;;;X;;;X;
D5755623600400Z;D5755623600400Z;Nø3 FAIRING - FLAPS;REPAIR;;;;X;X;;;;;;;;;;;;;;;;;;;;X;X;X;X;;;;;;;;;;;;;;;;;;;;;;;;;;;;;;;;;;;;;;;;;;;;;;;;;;;;;;;;;;;;;;;;;;;;;;X;;;X;
D5755623600500D;D5755623600500D;Nø3 FAIRING - FLAPS;REPAIR;;;;X;X;;;;;;;;;;;;;;;;;;;;X;X;X;X;;;;;;;;;;;;;;;;;;;;;;;;;;;;;;;;;;;;;;;;;;;;;;;;;;;;;;;;;;;;;;;;;;;;;;X;;;X;
D5755623600500T;D5755623600500T;Nø3 FAIRING - FLAPS;REPAIR;;;;X;X;;;;;;;;;;;;;;;;;;;;X;X;X;X;;;;;;;;;;;;;;;;;;;;;;;;;;;;;;;;;;;;;;;;;;;;;;;;;;;;;;;;;;;;;;;;;;;;;;X;;;X;
D5755623600500Y;D5755623600500Y;Nø3 FAIRING - FLAPS;REPAIR;;;;X;X;;;;;;;;;;;;;;;;;;;;X;X;X;X;;;;;;;;;;;;;;;;;;;;;;;;;;;;;;;;;;;;;;;;;;;;;;;;;;;;;;;;;;;;;;;;;;;;;;X;;;X;
D5755623600500Z;D5755623600500Z;Nø3 FAIRING - FLAPS;REPAIR;;;;X;X;;;;;;;;;;;;;;;;;;;;X;X;X;X;;;;;;;;;;;;;;;;;;;;;;;;;;;;;;;;;;;;;;;;;;;;;;;;;;;;;;;;;;;;;;;;;;;;;;X;;;X;
D5755624200200T;D5755624200200T;Nø4 FAIRING - FLAPS;REPAIR;;;;X;X;;;;;;;;;;;;;;;;;;;;X;X;X;X;;;;;;;;;;;;;;;;;;;;;;;;;;;;;;;;;;;;;;;;;;;;;;;;;;;;;;;;;;;;;;;;;;;;;;X;;;X;
D5755624200200Z;D5755624200200Z;Nø4 FAIRING - FLAPS;REPAIR;;;;X;X;;;;;;;;;;;;;;;;;;;;X;X;X;X;;;;;;;;;;;;;;;;;;;;;;;;;;;;;;;;;;;;;;;;;;;;;;;;;;;;;;;;;;;;;;;;;;;;;;X;;;X;
D5755624200300T;D5755624200300T;Nø4 FAIRING - FLAPS;REPAIR;;;;X;X;;;;;;;;;;;;;;;;;;;;X;X;X;X;;;;;;;;;;;;;;;;;;;;;;;;;;;;;;;;;;;;;;;;;;;;;;;;;;;;;;;;;;;;;;;;;;;;;;X;;;X;
D5755624200300Z;D5755624200300Z;Nø4 FAIRING - FLAPS;REPAIR;;;;X;X;;;;;;;;;;;;;;;;;;;;X;X;X;X;;;;;;;;;;;;;;;;;;;;;;;;;;;;;;;;;;;;;;;;;;;;;;;;;;;;;;;;;;;;;;;;;;;;;;X;;;X;
D5755624200400A;D5755624200400A;Nø4 FAIRING - FLAPS;REPAIR;;;;X;X;;;;;;;;;;;;;;;;;;;;X;X;X;X;;;;;;;;;;;;;;;;;;;;;;;;;;;;;;;;;;;;;;;;;;;;;;;;;;;;;;;;;;;;;;;;;;;;;;X;;;X;
D5755624200400D;D5755624200400D;Nø4 FAIRING - FLAPS;REPAIR;;;;X;X;;;;;;;;;;;;;;;;;;;;X;X;X;X;;;;;;;;;;;;;;;;;;;;;;;;;;;;;;;;;;;;;;;;;;;;;;;;;;;;;;;;;;;;;;;;;;;;;;X;;;X;
D5755624200400T;D5755624200400T;Nø4 FAIRING - FLAPS;REPAIR;;;;X;X;;;;;;;;;;;;;;;;;;;;X;X;X;X;;;;;;;;;;;;;;;;;;;;;;;;;;;;;;;;;;;;;;;;;;;;;;;;;;;;;;;;;;;;;;;;;;;;;;X;;;X;
D5755624200400Y;D5755624200400Y;Nø4 FAIRING - FLAPS;REPAIR;;;;X;X;;;;;;;;;;;;;;;;;;;;X;X;X;X;;;;;;;;;;;;;;;;;;;;;;;;;;;;;;;;;;;;;;;;;;;;;;;;;;;;;;;;;;;;;;;;;;;;;;X;;;X;
D5755624200400Z;D5755624200400Z;Nø4 FAIRING - FLAPS;REPAIR;;;;X;X;;;;;;;;;;;;;;;;;;;;X;X;X;X;;;;;;;;;;;;;;;;;;;;;;;;;;;;;;;;;;;;;;;;;;;;;;;;;;;;;;;;;;;;;;;;;;;;;;X;;;X;
D5755624200500A;D5755624200500A;Nø4 FAIRING - FLAPS;REPAIR;;;;X;X;;;;;;;;;;;;;;;;;;;;X;X;X;X;;;;;;;;;;;;;;;;;;;;;;;;;;;;;;;;;;;;;;;;;;;;;;;;;;;;;;;;;;;;;;;;;;;;;;X;;;X;
D5755624200500D;D5755624200500D;Nø4 FAIRING - FLAPS;REPAIR;;;;X;X;;;;;;;;;;;;;;;;;;;;X;X;X;X;;;;;;;;;;;;;;;;;;;;;;;;;;;;;;;;;;;;;;;;;;;;;;;;;;;;;;;;;;;;;;;;;;;;;;X;;;X;
D5755624200500T;D5755624200500T;Nø4 FAIRING - FLAPS;REPAIR;;;;X;X;;;;;;;;;;;;;;;;;;;;X;X;X;X;;;;;;;;;;;;;;;;;;;;;;;;;;;;;;;;;;;;;;;;;;;;;;;;;;;;;;;;;;;;;;;;;;;;;;X;;;X;
D5755624200500Y;D5755624200500Y;Nø4 FAIRING - FLAPS;REPAIR;;;;X;X;;;;;;;;;;;;;;;;;;;;X;X;X;X;;;;;;;;;;;;;;;;;;;;;;;;;;;;;;;;;;;;;;;;;;;;;;;;;;;;;;;;;;;;;;;;;;;;;;X;;;X;
D5755624200500Z;D5755624200500Z;Nø4 FAIRING - FLAPS;REPAIR;;;;X;X;;;;;;;;;;;;;;;;;;;;X;X;X;X;;;;;;;;;;;;;;;;;;;;;;;;;;;;;;;;;;;;;;;;;;;;;;;;;;;;;;;;;;;;;;;;;;;;;;X;;;X;
D5755624200600A;D5755624200600A;Nø4 FAIRING - FLAPS;REPAIR;;;;X;X;;;;;;;;;;;;;;;;;;;;X;X;X;X;;;;;;;;;;;;;;;;;;;;;;;;;;;;;;;;;;;;;;;;;;;;;;;;;;;;;;;;;;;;;;;;;;;;;;X;;;X;
D5755624200700A;D5755624200700A;Nø4 FAIRING - FLAPS;REPAIR;;;;X;X;;;;;;;;;;;;;;;;;;;;X;X;X;X;;;;;;;;;;;;;;;;;;;;;;;;;;;;;;;;;;;;;;;;;;;;;;;;;;;;;;;;;;;;;;;;;;;;;;X;;;X;
D5755624200800A;D5755624200800A;Nø4 FAIRING - FLAPS;REPAIR;;;;X;X;;;;;;;;;;;;;;;;;;;;X;X;X;X;;;;;;;;;;;;;;;;;;;;;;;;;;;;;;;;;;;;;;;;;;;;;;;;;;;;;;;;;;;;;;;;;;;;;;X;;;X;
D5755624200900A;D5755624200900A;Nø4 FAIRING - FLAPS;REPAIR;;;;X;X;;;;;;;;;;;;;;;;;;;;X;X;X;X;;;;;;;;;;;;;;;;;;;;;;;;;;;;;;;;;;;;;;;;;;;;;;;;;;;;;;;;;;;;;;;;;;;;;;X;;;X;
D5755624201000A;D5755624201000A;Nø4 FAIRING - FLAPS;REPAIR;;;;X;X;;;;;;;;;;;;;;;;;;;;X;X;X;X;;;;;;;;;;;;;;;;;;;;;;;;;;;;;;;;;;;;;;;;;;;;;;;;;;;;;;;;;;;;;;;;;;;;;;X;;;X;
D5755624201100A;D5755624201100A;Nø4 FAIRING - FLAPS;REPAIR;;;;X;X;;;;;;;;;;;;;;;;;;;;X;X;X;X;;;;;;;;;;;;;;;;;;;;;;;;;;;;;;;;;;;;;;;;;;;;;;;;;;;;;;;;;;;;;;;;;;;;;;X;;;X;
D5755624201200A;D5755624201200A;Nø4 FAIRING - FLAPS;REPAIR;;;;X;X;;;;;;;;;;;;;;;;;;;;X;X;X;X;;;;;;;;;;;;;;;;;;;;;;;;;;;;;;;;;;;;;;;;;;;;;;;;;;;;;;;;;;;;;;;;;;;;;;X;;;X;
D5755624201300A;D5755624201300A;Nø4 FAIRING - FLAPS;REPAIR;;;;X;X;;;;;;;;;;;;;;;;;;;;X;X;X;X;;;;;;;;;;;;;;;;;;;;;;;;;;;;;;;;;;;;;;;;;;;;;;;;;;;;;;;;;;;;;;;;;;;;;;X;;;X;
D5755624201400A;D5755624201400A;Nø4 FAIRING - FLAPS;REPAIR;;;;X;X;;;;;;;;;;;;;;;;;;;;X;X;X;X;;;;;;;;;;;;;;;;;;;;;;;;;;;;;;;;;;;;;;;;;;;;;;;;;;;;;;;;;;;;;;;;;;;;;;X;;;X;
D5755624201500A;D5755624201500A;Nø4 FAIRING - FLAPS;REPAIR;;;;X;X;;;;;;;;;;;;;;;;;;;;X;X;X;X;;;;;;;;;;;;;;;;;;;;;;;;;;;;;;;;;;;;;;;;;;;;;;;;;;;;;;;;;;;;;;;;;;;;;;X;;;X;
D5755624600600T;D5755624600600T;Nø4 FAIRING - FLAPS;REPAIR;;;;X;X;;;;;;;;;;;;;;;;;;;;X;X;X;X;;;;;;;;;;;;;;;;;;;;;;;;;;;;;;;;;;;;;;;;;;;;;;;;;;;;;;;;;;;;;;;;;;;;;;X;;;X;
D5755624600600Z;D5755624600600Z;Nø4 FAIRING - FLAPS;REPAIR;;;;X;X;;;;;;;;;;;;;;;;;;;;X;X;X;X;;;;;;;;;;;;;;;;;;;;;;;;;;;;;;;;;;;;;;;;;;;;;;;;;;;;;;;;;;;;;;;;;;;;;;X;;;X;
D5755624600700T;D5755624600700T;Nø4 FAIRING - FLAPS;REPAIR;;;;X;X;;;;;;;;;;;;;;;;;;;;X;X;X;X;;;;;;;;;;;;;;;;;;;;;;;;;;;;;;;;;;;;;;;;;;;;;;;;;;;;;;;;;;;;;;;;;;;;;;X;;;X;
D5755624600700Z;D5755624600700Z;Nø4 FAIRING - FLAPS;REPAIR;;;;X;X;;;;;;;;;;;;;;;;;;;;X;X;X;X;;;;;;;;;;;;;;;;;;;;;;;;;;;;;;;;;;;;;;;;;;;;;;;;;;;;;;;;;;;;;;;;;;;;;;X;;;X;
D5755624600800D;D5755624600800D;Nø4 FAIRING - FLAPS;REPAIR;;;;X;X;;;;;;;;;;;;;;;;;;;;X;X;X;X;;;;;;;;;;;;;;;;;;;;;;;;;;;;;;;;;;;;;;;;;;;;;;;;;;;;;;;;;;;;;;;;;;;;;;X;;;X;
D5755624600800T;D5755624600800T;Nø4 FAIRING - FLAPS;REPAIR;;;;X;X;;;;;;;;;;;;;;;;;;;;X;X;X;X;;;;;;;;;;;;;;;;;;;;;;;;;;;;;;;;;;;;;;;;;;;;;;;;;;;;;;;;;;;;;;;;;;;;;;X;;;X;
D5755624600800Y;D5755624600800Y;Nø4 FAIRING - FLAPS;REPAIR;;;;X;X;;;;;;;;;;;;;;;;;;;;X;X;X;X;;;;;;;;;;;;;;;;;;;;;;;;;;;;;;;;;;;;;;;;;;;;;;;;;;;;;;;;;;;;;;;;;;;;;;X;;;X;
D5755624600800Z;D5755624600800Z;Nø4 FAIRING - FLAPS;REPAIR;;;;X;X;;;;;;;;;;;;;;;;;;;;X;X;X;X;;;;;;;;;;;;;;;;;;;;;;;;;;;;;;;;;;;;;;;;;;;;;;;;;;;;;;;;;;;;;;;;;;;;;;X;;;X;
D5755624600900D;D5755624600900D;Nø4 FAIRING - FLAPS;REPAIR;;;;X;X;;;;;;;;;;;;;;;;;;;;X;X;X;X;;;;;;;;;;;;;;;;;;;;;;;;;;;;;;;;;;;;;;;;;;;;;;;;;;;;;;;;;;;;;;;;;;;;;;X;;;X;
D5755624600900T;D5755624600900T;Nø4 FAIRING - FLAPS;REPAIR;;;;X;X;;;;;;;;;;;;;;;;;;;;X;X;X;X;;;;;;;;;;;;;;;;;;;;;;;;;;;;;;;;;;;;;;;;;;;;;;;;;;;;;;;;;;;;;;;;;;;;;;X;;;X;
D5755624600900Y;D5755624600900Y;Nø4 FAIRING - FLAPS;REPAIR;;;;X;X;;;;;;;;;;;;;;;;;;;;X;X;X;X;;;;;;;;;;;;;;;;;;;;;;;;;;;;;;;;;;;;;;;;;;;;;;;;;;;;;;;;;;;;;;;;;;;;;;X;;;X;
D5755624600900Z;D5755624600900Z;Nø4 FAIRING - FLAPS;REPAIR;;;;X;X;;;;;;;;;;;;;;;;;;;;X;X;X;X;;;;;;;;;;;;;;;;;;;;;;;;;;;;;;;;;;;;;;;;;;;;;;;;;;;;;;;;;;;;;;;;;;;;;;X;;;X;
D5755657800000A;D5755657800000A;Nø2 FAIRING - FLAPS;REPAIR;;;;X;X;;;;;;;;;;;;;;;;;;;;X;X;X;X;;;;;;;;;;;;;;;;;;;;;;;;;;;;;;;;;;;;;;;;;;;;;;;;;;;;;;;;;;;;;;;;;;;;;;X;;;X;
D5755657800000D;D5755657800000D;Nø2 FAIRING - FLAPS;REPAIR;;;;X;X;;;;;;;;;;;;;;;;;;;;X;X;X;X;;;;;;;;;;;;;;;;;;;;;;;;;;;;;;;;;;;;;;;;;;;;;;;;;;;;;;;;;;;;;;;;;;;;;;X;;;X;
D5755657800000Z;D5755657800000Z;Nø2 FAIRING - FLAPS;REPAIR;;;;X;X;;;;;;;;;;;;;;;;;;;;X;X;X;X;;;;;;;;;;;;;;;;;;;;;;;;;;;;;;;;;;;;;;;;;;;;;;;;;;;;;;;;;;;;;;;;;;;;;;X;;;X;
D5755657800100A;D5755657800100A;Nø2 FAIRING - FLAPS;REPAIR;;;;X;X;;;;;;;;;;;;;;;;;;;;X;X;X;X;;;;;;;;;;;;;;;;;;;;;;;;;;;;;;;;;;;;;;;;;;;;;;;;;;;;;;;;;;;;;;;;;;;;;;X;;;X;
D5755657800100D;D5755657800100D;Nø2 FAIRING - FLAPS;REPAIR;;;;X;X;;;;;;;;;;;;;;;;;;;;X;X;X;X;;;;;;;;;;;;;;;;;;;;;;;;;;;;;;;;;;;;;;;;;;;;;;;;;;;;;;;;;;;;;;;;;;;;;;X;;;X;
D5755657800100Y;D5755657800100Y;Nø2 FAIRING - FLAPS;REPAIR;;;;X;X;;;;;;;;;;;;;;;;;;;;X;X;X;X;;;;;;;;;;;;;;;;;;;;;;;;;;;;;;;;;;;;;;;;;;;;;;;;;;;;;;;;;;;;;;;;;;;;;;X;;;X;
D5755657800100Z;D5755657800100Z;Nø2 FAIRING - FLAPS;REPAIR;;;;X;X;;;;;;;;;;;;;;;;;;;;X;X;X;X;;;;;;;;;;;;;;;;;;;;;;;;;;;;;;;;;;;;;;;;;;;;;;;;;;;;;;;;;;;;;;;;;;;;;;X;;;X;
D5755657800200A;D5755657800200A;Nø2 FAIRING - FLAPS;REPAIR;;;;X;X;;;;;;;;;;;;;;;;;;;;X;X;X;X;;;;;;;;;;;;;;;;;;;;;;;;;;;;;;;;;;;;;;;;;;;;;;;;;;;;;;;;;;;;;;;;;;;;;;X;;;X;
D5755657800300A;D5755657800300A;Nø2 FAIRING - FLAPS;REPAIR;;;;X;X;;;;;;;;;;;;;;;;;;;;X;X;X;X;;;;;;;;;;;;;;;;;;;;;;;;;;;;;;;;;;;;;;;;;;;;;;;;;;;;;;;;;;;;;;;;;;;;;;X;;;X;
D5755657800400A;D5755657800400A;Nø2 FAIRING - FLAPS;REPAIR;;;;X;X;;;;;;;;;;;;;;;;;;;;X;X;X;X;;;;;;;;;;;;;;;;;;;;;;;;;;;;;;;;;;;;;;;;;;;;;;;;;;;;;;;;;;;;;;;;;;;;;;X;;;X;
D5755657800500A;D5755657800500A;Nø2 FAIRING - FLAPS;REPAIR;;;;X;X;;;;;;;;;;;;;;;;;;;;X;X;X;X;;;;;;;;;;;;;;;;;;;;;;;;;;;;;;;;;;;;;;;;;;;;;;;;;;;;;;;;;;;;;;;;;;;;;;X;;;X;
D5755657800600A;D5755657800600A;Nø2 FAIRING - FLAPS;REPAIR;;;;X;X;;;;;;;;;;;;;;;;;;;;X;X;X;X;;;;;;;;;;;;;;;;;;;;;;;;;;;;;;;;;;;;;;;;;;;;;;;;;;;;;;;;;;;;;;;;;;;;;;X;;;X;
D5755657800700A;D5755657800700A;Nø2 FAIRING - FLAPS;REPAIR;;;;X;X;;;;;;;;;;;;;;;;;;;;X;X;X;X;;;;;;;;;;;;;;;;;;;;;;;;;;;;;;;;;;;;;;;;;;;;;;;;;;;;;;;;;;;;;;;;;;;;;;X;;;X;
D5755657800800A;D5755657800800A;Nø2 FAIRING - FLAPS;REPAIR;;;;X;X;;;;;;;;;;;;;;;;;;;;X;X;X;X;;;;;;;;;;;;;;;;;;;;;;;;;;;;;;;;;;;;;;;;;;;;;;;;;;;;;;;;;;;;;;;;;;;;;;X;;;X;
D5755657800900A;D5755657800900A;Nø2 FAIRING - FLAPS;REPAIR;;;;X;X;;;;;;;;;;;;;;;;;;;;X;X;X;X;;;;;;;;;;;;;;;;;;;;;;;;;;;;;;;;;;;;;;;;;;;;;;;;;;;;;;;;;;;;;;;;;;;;;;X;;;X;
D5755657801000A;D5755657801000A;Nø2 FAIRING - FLAPS;REPAIR;;;;X;X;;;;;;;;;;;;;;;;;;;;X;X;X;X;;;;;;;;;;;;;;;;;;;;;;;;;;;;;;;;;;;;;;;;;;;;;;;;;;;;;;;;;;;;;;;;;;;;;;X;;;X;
D5755657801100A;D5755657801100A;Nø2 FAIRING - FLAPS;REPAIR;;;;X;X;;;;;;;;;;;;;;;;;;;;X;X;X;X;;;;;;;;;;;;;;;;;;;;;;;;;;;;;;;;;;;;;;;;;;;;;;;;;;;;;;;;;;;;;;;;;;;;;;X;;;X;
D5755657900000A;D5755657900000A;Nø3 FAIRING - FLAPS;REPAIR;;;;X;X;;;;;;;;;;;;;;;;;;;;X;X;X;X;;;;;;;;;;;;;;;;;;;;;;;;;;;;;;;;;;;;;;;;;;;;;;;;;;;;;;;;;;;;;;;;;;;;;;X;;;X;
D5755657900000D;D5755657900000D;Nø3 FAIRING - FLAPS;REPAIR;;;;X;X;;;;;;;;;;;;;;;;;;;;X;X;X;X;;;;;;;;;;;;;;;;;;;;;;;;;;;;;;;;;;;;;;;;;;;;;;;;;;;;;;;;;;;;;;;;;;;;;;X;;;X;
D5755657900000Y;D5755657900000Y;Nø3 FAIRING - FLAPS;REPAIR;;;;X;X;;;;;;;;;;;;;;;;;;;;X;X;X;X;;;;;;;;;;;;;;;;;;;;;;;;;;;;;;;;;;;;;;;;;;;;;;;;;;;;;;;;;;;;;;;;;;;;;;X;;;X;
D5755657900000Z;D5755657900000Z;Nø3 FAIRING - FLAPS;REPAIR;;;;X;X;;;;;;;;;;;;;;;;;;;;X;X;X;X;;;;;;;;;;;;;;;;;;;;;;;;;;;;;;;;;;;;;;;;;;;;;;;;;;;;;;;;;;;;;;;;;;;;;;X;;;X;
D5755657900100A;D5755657900100A;Nø3 FAIRING - FLAPS;REPAIR;;;;X;X;;;;;;;;;;;;;;;;;;;;X;X;X;X;;;;;;;;;;;;;;;;;;;;;;;;;;;;;;;;;;;;;;;;;;;;;;;;;;;;;;;;;;;;;;;;;;;;;;X;;;X;
D5755657900100D;D5755657900100D;Nø3 FAIRING - FLAPS;REPAIR;;;;X;X;;;;;;;;;;;;;;;;;;;;X;X;X;X;;;;;;;;;;;;;;;;;;;;;;;;;;;;;;;;;;;;;;;;;;;;;;;;;;;;;;;;;;;;;;;;;;;;;;X;;;X;
D5755657900100Y;D5755657900100Y;Nø3 FAIRING - FLAPS;REPAIR;;;;X;X;;;;;;;;;;;;;;;;;;;;X;X;X;X;;;;;;;;;;;;;;;;;;;;;;;;;;;;;;;;;;;;;;;;;;;;;;;;;;;;;;;;;;;;;;;;;;;;;;X;;;X;
D5755657900100Z;D5755657900100Z;Nø3 FAIRING - FLAPS;REPAIR;;;;X;X;;;;;;;;;;;;;;;;;;;;X;X;X;X;;;;;;;;;;;;;;;;;;;;;;;;;;;;;;;;;;;;;;;;;;;;;;;;;;;;;;;;;;;;;;;;;;;;;;X;;;X;
D5755657900200A;D5755657900200A;Nø3 FAIRING - FLAPS;REPAIR;;;;X;X;;;;;;;;;;;;;;;;;;;;X;X;X;X;;;;;;;;;;;;;;;;;;;;;;;;;;;;;;;;;;;;;;;;;;;;;;;;;;;;;;;;;;;;;;;;;;;;;;X;;;X;
D5755657900300A;D5755657900300A;Nø3 FAIRING - FLAPS;REPAIR;;;;X;X;;;;;;;;;;;;;;;;;;;;X;X;X;X;;;;;;;;;;;;;;;;;;;;;;;;;;;;;;;;;;;;;;;;;;;;;;;;;;;;;;;;;;;;;;;;;;;;;;X;;;X;
D5755657900400A;D5755657900400A;Nø3 FAIRING - FLAPS;REPAIR;;;;X;X;;;;;;;;;;;;;;;;;;;;X;X;X;X;;;;;;;;;;;;;;;;;;;;;;;;;;;;;;;;;;;;;;;;;;;;;;;;;;;;;;;;;;;;;;;;;;;;;;X;;;X;
D5755657900500A;D5755657900500A;Nø3 FAIRING - FLAPS;REPAIR;;;;X;X;;;;;;;;;;;;;;;;;;;;X;X;X;X;;;;;;;;;;;;;;;;;;;;;;;;;;;;;;;;;;;;;;;;;;;;;;;;;;;;;;;;;;;;;;;;;;;;;;X;;;X;
D5755657900600A;D5755657900600A;Nø3 FAIRING - FLAPS;REPAIR;;;;X;X;;;;;;;;;;;;;;;;;;;;X;X;X;X;;;;;;;;;;;;;;;;;;;;;;;;;;;;;;;;;;;;;;;;;;;;;;;;;;;;;;;;;;;;;;;;;;;;;;X;;;X;
D5755657900700A;D5755657900700A;Nø3 FAIRING - FLAPS;REPAIR;;;;X;X;;;;;;;;;;;;;;;;;;;;X;X;X;X;;;;;;;;;;;;;;;;;;;;;;;;;;;;;;;;;;;;;;;;;;;;;;;;;;;;;;;;;;;;;;;;;;;;;;X;;;X;
D5755657900800A;D5755657900800A;Nø3 FAIRING - FLAPS;REPAIR;;;;X;X;;;;;;;;;;;;;;;;;;;;X;X;X;X;;;;;;;;;;;;;;;;;;;;;;;;;;;;;;;;;;;;;;;;;;;;;;;;;;;;;;;;;;;;;;;;;;;;;;X;;;X;
D5755657900900A;D5755657900900A;Nø3 FAIRING - FLAPS;REPAIR;;;;X;X;;;;;;;;;;;;;;;;;;;;X;X;X;X;;;;;;;;;;;;;;;;;;;;;;;;;;;;;;;;;;;;;;;;;;;;;;;;;;;;;;;;;;;;;;;;;;;;;;X;;;X;
D5755657901000A;D5755657901000A;Nø3 FAIRING - FLAPS;REPAIR;;;;X;X;;;;;;;;;;;;;;;;;;;;X;X;X;X;;;;;;;;;;;;;;;;;;;;;;;;;;;;;;;;;;;;;;;;;;;;;;;;;;;;;;;;;;;;;;;;;;;;;;X;;;X;
D5755657901100A;D5755657901100A;Nø3 FAIRING - FLAPS;REPAIR;;;;X;X;;;;;;;;;;;;;;;;;;;;X;X;X;X;;;;;;;;;;;;;;;;;;;;;;;;;;;;;;;;;;;;;;;;;;;;;;;;;;;;;;;;;;;;;;;;;;;;;;X;;;X;
D5755658000000A;D5755658000000A;Nø4 FAIRING - FLAPS;REPAIR;;;;X;X;;;;;;;;;;;;;;;;;;;;X;X;X;X;;;;;;;;;;;;;;;;;;;;;;;;;;;;;;;;;;;;;;;;;;;;;;;;;;;;;;;;;;;;;;;;;;;;;;X;;;X;
D5755658000000D;D5755658000000D;Nø4 FAIRING - FLAPS;REPAIR;;;;X;X;;;;;;;;;;;;;;;;;;;;X;X;X;X;;;;;;;;;;;;;;;;;;;;;;;;;;;;;;;;;;;;;;;;;;;;;;;;;;;;;;;;;;;;;;;;;;;;;;X;;;X;
D5755658000000Y;D5755658000000Y;Nø4 FAIRING - FLAPS;REPAIR;;;;X;X;;;;;;;;;;;;;;;;;;;;X;X;X;X;;;;;;;;;;;;;;;;;;;;;;;;;;;;;;;;;;;;;;;;;;;;;;;;;;;;;;;;;;;;;;;;;;;;;;X;;;X;
D5755658000000Z;D5755658000000Z;Nø4 FAIRING - FLAPS;REPAIR;;;;X;X;;;;;;;;;;;;;;;;;;;;X;X;X;X;;;;;;;;;;;;;;;;;;;;;;;;;;;;;;;;;;;;;;;;;;;;;;;;;;;;;;;;;;;;;;;;;;;;;;X;;;X;
D5755658000100A;D5755658000100A;Nø4 FAIRING - FLAPS;REPAIR;;;;X;X;;;;;;;;;;;;;;;;;;;;X;X;X;X;;;;;;;;;;;;;;;;;;;;;;;;;;;;;;;;;;;;;;;;;;;;;;;;;;;;;;;;;;;;;;;;;;;;;;X;;;X;
D5755658000100D;D5755658000100D;Nø4 FAIRING - FLAPS;REPAIR;;;;X;X;;;;;;;;;;;;;;;;;;;;X;X;X;X;;;;;;;;;;;;;;;;;;;;;;;;;;;;;;;;;;;;;;;;;;;;;;;;;;;;;;;;;;;;;;;;;;;;;;X;;;X;
D5755658000100Y;D5755658000100Y;Nø4 FAIRING - FLAPS;REPAIR;;;;X;X;;;;;;;;;;;;;;;;;;;;X;X;X;X;;;;;;;;;;;;;;;;;;;;;;;;;;;;;;;;;;;;;;;;;;;;;;;;;;;;;;;;;;;;;;;;;;;;;;X;;;X;
D5755658000100Z;D5755658000100Z;Nø4 FAIRING - FLAPS;REPAIR;;;;X;X;;;;;;;;;;;;;;;;;;;;X;X;X;X;;;;;;;;;;;;;;;;;;;;;;;;;;;;;;;;;;;;;;;;;;;;;;;;;;;;;;;;;;;;;;;;;;;;;;X;;;X;
D5755658000200A;D5755658000200A;Nø4 FAIRING - FLAPS;REPAIR;;;;X;X;;;;;;;;;;;;;;;;;;;;X;X;X;X;;;;;;;;;;;;;;;;;;;;;;;;;;;;;;;;;;;;;;;;;;;;;;;;;;;;;;;;;;;;;;;;;;;;;;X;;;X;
D5755658000300A;D5755658000300A;Nø4 FAIRING - FLAPS;REPAIR;;;;X;X;;;;;;;;;;;;;;;;;;;;X;X;X;X;;;;;;;;;;;;;;;;;;;;;;;;;;;;;;;;;;;;;;;;;;;;;;;;;;;;;;;;;;;;;;;;;;;;;;X;;;X;
D5755658000400A;D5755658000400A;Nø4 FAIRING - FLAPS;REPAIR;;;;X;X;;;;;;;;;;;;;;;;;;;;X;X;X;X;;;;;;;;;;;;;;;;;;;;;;;;;;;;;;;;;;;;;;;;;;;;;;;;;;;;;;;;;;;;;;;;;;;;;;X;;;X;
D5755658000500A;D5755658000500A;Nø4 FAIRING - FLAPS;REPAIR;;;;X;X;;;;;;;;;;;;;;;;;;;;X;X;X;X;;;;;;;;;;;;;;;;;;;;;;;;;;;;;;;;;;;;;;;;;;;;;;;;;;;;;;;;;;;;;;;;;;;;;;X;;;X;
D5755658000600A;D5755658000600A;Nø4 FAIRING - FLAPS;REPAIR;;;;X;X;;;;;;;;;;;;;;;;;;;;X;X;X;X;;;;;;;;;;;;;;;;;;;;;;;;;;;;;;;;;;;;;;;;;;;;;;;;;;;;;;;;;;;;;;;;;;;;;;X;;;X;
D5755658000700A;D5755658000700A;Nø4 FAIRING - FLAPS;REPAIR;;;;X;X;;;;;;;;;;;;;;;;;;;;X;X;X;X;;;;;;;;;;;;;;;;;;;;;;;;;;;;;;;;;;;;;;;;;;;;;;;;;;;;;;;;;;;;;;;;;;;;;;X;;;X;
D5755658000800A;D5755658000800A;Nø4 FAIRING - FLAPS;REPAIR;;;;X;X;;;;;;;;;;;;;;;;;;;;X;X;X;X;;;;;;;;;;;;;;;;;;;;;;;;;;;;;;;;;;;;;;;;;;;;;;;;;;;;;;;;;;;;;;;;;;;;;;X;;;X;
D5755658000900A;D5755658000900A;Nø4 FAIRING - FLAPS;REPAIR;;;;X;X;;;;;;;;;;;;;;;;;;;;X;X;X;X;;;;;;;;;;;;;;;;;;;;;;;;;;;;;;;;;;;;;;;;;;;;;;;;;;;;;;;;;;;;;;;;;;;;;;X;;;X;
D5755658001000A;D5755658001000A;Nø4 FAIRING - FLAPS;REPAIR;;;;X;X;;;;;;;;;;;;;;;;;;;;X;X;X;X;;;;;;;;;;;;;;;;;;;;;;;;;;;;;;;;;;;;;;;;;;;;;;;;;;;;;;;;;;;;;;;;;;;;;;X;;;X;
D5755658001100A;D5755658001100A;Nø4 FAIRING - FLAPS;REPAIR;;;;X;X;;;;;;;;;;;;;;;;;;;;X;X;X;X;;;;;;;;;;;;;;;;;;;;;;;;;;;;;;;;;;;;;;;;;;;;;;;;;;;;;;;;;;;;;;;;;;;;;;X;;;X;
D5755658001200A;D5755658001200A;Nø4 FAIRING - FLAPS;REPAIR;;;;X;X;;;;;;;;;;;;;;;;;;;;X;X;X;X;;;;;;;;;;;;;;;;;;;;;;;;;;;;;;;;;;;;;;;;;;;;;;;;;;;;;;;;;;;;;;;;;;;;;;X;;;X;
D5755658001300A;D5755658001300A;Nø4 FAIRING - FLAPS;REPAIR;;;;X;X;;;;;;;;;;;;;;;;;;;;X;X;X;X;;;;;;;;;;;;;;;;;;;;;;;;;;;;;;;;;;;;;;;;;;;;;;;;;;;;;;;;;;;;;;;;;;;;;;X;;;X;
D5755805500000A;D5755805500000A;Nø2 FAIRING - FLAPS;REPAIR;;;;X;X;;;;;;;;;;;;;;;;;;;;X;X;X;X;;;;;;;;;;;;;;;;;;;;;;;;;;;;;;;;;;;;;;;;;;;;;;;;;;;;;;;;;;;;;;;;;;;;;;X;;;X;
D5755805500100A;D5755805500100A;Nø2 FAIRING - FLAPS;REPAIR;;;;X;X;;;;;;;;;;;;;;;;;;;;X;X;X;X;;;;;;;;;;;;;;;;;;;;;;;;;;;;;;;;;;;;;;;;;;;;;;;;;;;;;;;;;;;;;;;;;;;;;;X;;;X;
D5755805500200A;D5755805500200A;Nø3 FAIRING - FLAPS;REPAIR;;;;X;X;;;;;;;;;;;;;;;;;;;;X;X;X;X;;;;;;;;;;;;;;;;;;;;;;;;;;;;;;;;;;;;;;;;;;;;;;;;;;;;;;;;;;;;;;;;;;;;;;X;;;X;
D5755805500300A;D5755805500300A;Nø3 FAIRING - FLAPS;REPAIR;;;;X;X;;;;;;;;;;;;;;;;;;;;X;X;X;X;;;;;;;;;;;;;;;;;;;;;;;;;;;;;;;;;;;;;;;;;;;;;;;;;;;;;;;;;;;;;;;;;;;;;;X;;;X;
D5755805500600A;D5755805500600A;Nø2 FAIRING - FLAPS;REPAIR;;;;X;X;;;;;;;;;;;;;;;;;;;;X;X;X;X;;;;;;;;;;;;;;;;;;;;;;;;;;;;;;;;;;;;;;;;;;;;;;;;;;;;;;;;;;;;;;;;;;;;;;X;;;X;
D5755805500700A;D5755805500700A;Nø2 FAIRING - FLAPS;REPAIR;;;;X;X;;;;;;;;;;;;;;;;;;;;X;X;X;X;;;;;;;;;;;;;;;;;;;;;;;;;;;;;;;;;;;;;;;;;;;;;;;;;;;;;;;;;;;;;;;;;;;;;;X;;;X;
D5755805500800A;D5755805500800A;Nø3 FAIRING - FLAPS;REPAIR;;;;X;X;;;;;;;;;;;;;;;;;;;;X;X;X;X;;;;;;;;;;;;;;;;;;;;;;;;;;;;;;;;;;;;;;;;;;;;;;;;;;;;;;;;;;;;;;;;;;;;;;X;;;X;
D5755805500900A;D5755805500900A;Nø3 FAIRING - FLAPS;REPAIR;;;;X;X;;;;;;;;;;;;;;;;;;;;X;X;X;X;;;;;;;;;;;;;;;;;;;;;;;;;;;;;;;;;;;;;;;;;;;;;;;;;;;;;;;;;;;;;;;;;;;;;;X;;;X;
D5757005000251;D5757005000251;INBOARD FLAP;REPAIR;;;;X;X;;;;;;;;;;;;;;;;;;;;X;X;X;X;;;;;;;;;;;;;;;;;;;;;;;;;;;;;;;;;;;;;;;;;;;;;;;;;;;;;;;;;;;;;;;;;;;;;;X;;;X;
D5757005000252;D5757005000252;INBOARD FLAP;REPAIR;;;;X;X;;;;;;;;;;;;;;;;;;;;X;X;X;X;;;;;;;;;;;;;;;;;;;;;;;;;;;;;;;;;;;;;;;;;;;;;;;;;;;;;;;;;;;;;;;;;;;;;;X;;;X;
D5757005000295;D5757005000295;INBOARD FLAP;REPAIR;;;;X;X;;;;;;;;;;;;;;;;;;;;X;X;X;X;;;;;;;;;;;;;;;;;;;;;;;;;;;;;;;;;;;;;;;;;;;;;;;;;;;;;;;;;;;;;;;;;;;;;;X;;;X;
D5757005000351;D5757005000351;INBOARD FLAP;REPAIR;;;;X;X;;;;;;;;;;;;;;;;;;;;X;X;X;X;;;;;;;;;;;;;;;;;;;;;;;;;;;;;;;;;;;;;;;;;;;;;;;;;;;;;;;;;;;;;;;;;;;;;;X;;;X;
D5757005000352;D5757005000352;INBOARD FLAP;REPAIR;;;;X;X;;;;;;;;;;;;;;;;;;;;X;X;X;X;;;;;;;;;;;;;;;;;;;;;;;;;;;;;;;;;;;;;;;;;;;;;;;;;;;;;;;;;;;;;;;;;;;;;;X;;;X;
D5757005000395;D5757005000395;INBOARD FLAP;REPAIR;;;;X;X;;;;;;;;;;;;;;;;;;;;X;X;X;X;;;;;;;;;;;;;;;;;;;;;;;;;;;;;;;;;;;;;;;;;;;;;;;;;;;;;;;;;;;;;;;;;;;;;;X;;;X;
D5757005000451;D5757005000451;INBOARD FLAP;REPAIR;;;;X;X;;;;;;;;;;;;;;;;;;;;X;X;X;X;;;;;;;;;;;;;;;;;;;;;;;;;;;;;;;;;;;;;;;;;;;;;;;;;;;;;;;;;;;;;;;;;;;;;;X;;;X;
D5757005000495;D5757005000495;INBOARD FLAP;REPAIR;;;;X;X;;;;;;;;;;;;;;;;;;;;X;X;X;X;;;;;;;;;;;;;;;;;;;;;;;;;;;;;;;;;;;;;;;;;;;;;;;;;;;;;;;;;;;;;;;;;;;;;;X;;;X;
D5757005000551;D5757005000551;INBOARD FLAP;REPAIR;;;;X;X;;;;;;;;;;;;;;;;;;;;X;X;X;X;;;;;;;;;;;;;;;;;;;;;;;;;;;;;;;;;;;;;;;;;;;;;;;;;;;;;;;;;;;;;;;;;;;;;;X;;;X;
D5757005000595;D5757005000595;INBOARD FLAP;REPAIR;;;;X;X;;;;;;;;;;;;;;;;;;;;X;X;X;X;;;;;;;;;;;;;;;;;;;;;;;;;;;;;;;;;;;;;;;;;;;;;;;;;;;;;;;;;;;;;;;;;;;;;;X;;;X;
D5757005000651;D5757005000651;INBOARD FLAP;REPAIR;;;;X;X;;;;;;;;;;;;;;;;;;;;X;X;X;X;;;;;;;;;;;;;;;;;;;;;;;;;;;;;;;;;;;;;;;;;;;;;;;;;;;;;;;;;;;;;;;;;;;;;;X;;;X;
D5757005000652;D5757005000652;INBOARD FLAP;REPAIR;;;;X;X;;;;;;;;;;;;;;;;;;;;X;X;X;X;;;;;;;;;;;;;;;;;;;;;;;;;;;;;;;;;;;;;;;;;;;;;;;;;;;;;;;;;;;;;;;;;;;;;;X;;;X;
D5757005000695;D5757005000695;INBOARD FLAP;REPAIR;;;;X;X;;;;;;;;;;;;;;;;;;;;X;X;X;X;;;;;;;;;;;;;;;;;;;;;;;;;;;;;;;;;;;;;;;;;;;;;;;;;;;;;;;;;;;;;;;;;;;;;;X;;;X;
D5757005000751;D5757005000751;INBOARD FLAP;REPAIR;;;;X;X;;;;;;;;;;;;;;;;;;;;X;X;X;X;;;;;;;;;;;;;;;;;;;;;;;;;;;;;;;;;;;;;;;;;;;;;;;;;;;;;;;;;;;;;;;;;;;;;;X;;;X;
D5757005000752;D5757005000752;INBOARD FLAP;REPAIR;;;;X;X;;;;;;;;;;;;;;;;;;;;X;X;X;X;;;;;;;;;;;;;;;;;;;;;;;;;;;;;;;;;;;;;;;;;;;;;;;;;;;;;;;;;;;;;;;;;;;;;;X;;;X;
D5757005000795;D5757005000795;INBOARD FLAP;REPAIR;;;;X;X;;;;;;;;;;;;;;;;;;;;X;X;X;X;;;;;;;;;;;;;;;;;;;;;;;;;;;;;;;;;;;;;;;;;;;;;;;;;;;;;;;;;;;;;;;;;;;;;;X;;;X;
D5757005001051;D5757005001051;INBOARD FLAP;REPAIR;;;;X;X;;;;;;;;;;;;;;;;;;;;X;X;X;X;;;;;;;;;;;;;;;;;;;;;;;;;;;;;;;;;;;;;;;;;;;;;;;;;;;;;;;;;;;;;;;;;;;;;;X;;;X;
D5757005001052;D5757005001052;INBOARD FLAP;REPAIR;;;;X;X;;;;;;;;;;;;;;;;;;;;X;X;X;X;;;;;;;;;;;;;;;;;;;;;;;;;;;;;;;;;;;;;;;;;;;;;;;;;;;;;;;;;;;;;;;;;;;;;;X;;;X;
D5757005001095;D5757005001095;INBOARD FLAP;REPAIR;;;;X;X;;;;;;;;;;;;;;;;;;;;X;X;X;X;;;;;;;;;;;;;;;;;;;;;;;;;;;;;;;;;;;;;;;;;;;;;;;;;;;;;;;;;;;;;;;;;;;;;;X;;;X;
D5757005001151;D5757005001151;INBOARD FLAP;REPAIR;;;;X;X;;;;;;;;;;;;;;;;;;;;X;X;X;X;;;;;;;;;;;;;;;;;;;;;;;;;;;;;;;;;;;;;;;;;;;;;;;;;;;;;;;;;;;;;;;;;;;;;;X;;;X;
D5757005001152;D5757005001152;INBOARD FLAP;REPAIR;;;;X;X;;;;;;;;;;;;;;;;;;;;X;X;X;X;;;;;;;;;;;;;;;;;;;;;;;;;;;;;;;;;;;;;;;;;;;;;;;;;;;;;;;;;;;;;;;;;;;;;;X;;;X;
D5757005001195;D5757005001195;INBOARD FLAP;REPAIR;;;;X;X;;;;;;;;;;;;;;;;;;;;X;X;X;X;;;;;;;;;;;;;;;;;;;;;;;;;;;;;;;;;;;;;;;;;;;;;;;;;;;;;;;;;;;;;;;;;;;;;;X;;;X;
D5757005001251;D5757005001251;INBOARD FLAP;REPAIR;;;;X;X;;;;;;;;;;;;;;;;;;;;X;X;X;X;;;;;;;;;;;;;;;;;;;;;;;;;;;;;;;;;;;;;;;;;;;;;;;;;;;;;;;;;;;;;;;;;;;;;;X;;;X;
D5757005001252;D5757005001252;INBOARD FLAP;REPAIR;;;;X;X;;;;;;;;;;;;;;;;;;;;X;X;X;X;;;;;;;;;;;;;;;;;;;;;;;;;;;;;;;;;;;;;;;;;;;;;;;;;;;;;;;;;;;;;;;;;;;;;;X;;;X;
D5757005001295;D5757005001295;INBOARD FLAP;REPAIR;;;;X;X;;;;;;;;;;;;;;;;;;;;X;X;X;X;;;;;;;;;;;;;;;;;;;;;;;;;;;;;;;;;;;;;;;;;;;;;;;;;;;;;;;;;;;;;;;;;;;;;;X;;;X;
D5757005001351;D5757005001351;INBOARD FLAP;REPAIR;;;;X;X;;;;;;;;;;;;;;;;;;;;X;X;X;X;;;;;;;;;;;;;;;;;;;;;;;;;;;;;;;;;;;;;;;;;;;;;;;;;;;;;;;;;;;;;;;;;;;;;;X;;;X;
D5757005001352;D5757005001352;INBOARD FLAP;REPAIR;;;;X;X;;;;;;;;;;;;;;;;;;;;X;X;X;X;;;;;;;;;;;;;;;;;;;;;;;;;;;;;;;;;;;;;;;;;;;;;;;;;;;;;;;;;;;;;;;;;;;;;;X;;;X;
D5757005001395;D5757005001395;INBOARD FLAP;REPAIR;;;;X;X;;;;;;;;;;;;;;;;;;;;X;X;X;X;;;;;;;;;;;;;;;;;;;;;;;;;;;;;;;;;;;;;;;;;;;;;;;;;;;;;;;;;;;;;;;;;;;;;;X;;;X;
D5757005001451;D5757005001451;INBOARD FLAP;REPAIR;;;;X;X;;;;;;;;;;;;;;;;;;;;X;X;X;X;;;;;;;;;;;;;;;;;;;;;;;;;;;;;;;;;;;;;;;;;;;;;;;;;;;;;;;;;;;;;;;;;;;;;;X;;;X;
D5757005001495;D5757005001495;INBOARD FLAP;REPAIR;;;;X;X;;;;;;;;;;;;;;;;;;;;X;X;X;X;;;;;;;;;;;;;;;;;;;;;;;;;;;;;;;;;;;;;;;;;;;;;;;;;;;;;;;;;;;;;;;;;;;;;;X;;;X;
D5757005001551;D5757005001551;INBOARD FLAP;REPAIR;;;;X;X;;;;;;;;;;;;;;;;;;;;X;X;X;X;;;;;;;;;;;;;;;;;;;;;;;;;;;;;;;;;;;;;;;;;;;;;;;;;;;;;;;;;;;;;;;;;;;;;;X;;;X;
D5757005001595;D5757005001595;INBOARD FLAP;REPAIR;;;;X;X;;;;;;;;;;;;;;;;;;;;X;X;X;X;;;;;;;;;;;;;;;;;;;;;;;;;;;;;;;;;;;;;;;;;;;;;;;;;;;;;;;;;;;;;;;;;;;;;;X;;;X;
D5757005001651;D5757005001651;INBOARD FLAP;REPAIR;;;;X;X;;;;;;;;;;;;;;;;;;;;X;X;X;X;;;;;;;;;;;;;;;;;;;;;;;;;;;;;;;;;;;;;;;;;;;;;;;;;;;;;;;;;;;;;;;;;;;;;;X;;;X;
D5757005001695;D5757005001695;INBOARD FLAP;REPAIR;;;;X;X;;;;;;;;;;;;;;;;;;;;X;X;X;X;;;;;;;;;;;;;;;;;;;;;;;;;;;;;;;;;;;;;;;;;;;;;;;;;;;;;;;;;;;;;;;;;;;;;;X;;;X;
D5757005001751;D5757005001751;INBOARD FLAP;REPAIR;;;;X;X;;;;;;;;;;;;;;;;;;;;X;X;X;X;;;;;;;;;;;;;;;;;;;;;;;;;;;;;;;;;;;;;;;;;;;;;;;;;;;;;;;;;;;;;;;;;;;;;;X;;;X;
D5757005001795;D5757005001795;INBOARD FLAP;REPAIR;;;;X;X;;;;;;;;;;;;;;;;;;;;X;X;X;X;;;;;;;;;;;;;;;;;;;;;;;;;;;;;;;;;;;;;;;;;;;;;;;;;;;;;;;;;;;;;;;;;;;;;;X;;;X;
D5757005001851;D5757005001851;INBOARD FLAP;REPAIR;;;;X;X;;;;;;;;;;;;;;;;;;;;X;X;X;X;;;;;;;;;;;;;;;;;;;;;;;;;;;;;;;;;;;;;;;;;;;;;;;;;;;;;;;;;;;;;;;;;;;;;;X;;;X;
D5757005001895;D5757005001895;INBOARD FLAP;REPAIR;;;;X;X;;;;;;;;;;;;;;;;;;;;X;X;X;X;;;;;;;;;;;;;;;;;;;;;;;;;;;;;;;;;;;;;;;;;;;;;;;;;;;;;;;;;;;;;;;;;;;;;;X;;;X;
D5757005001951;D5757005001951;INBOARD FLAP;REPAIR;;;;X;X;;;;;;;;;;;;;;;;;;;;X;X;X;X;;;;;;;;;;;;;;;;;;;;;;;;;;;;;;;;;;;;;;;;;;;;;;;;;;;;;;;;;;;;;;;;;;;;;;X;;;X;
D5757005001995;D5757005001995;INBOARD FLAP;REPAIR;;;;X;X;;;;;;;;;;;;;;;;;;;;X;X;X;X;;;;;;;;;;;;;;;;;;;;;;;;;;;;;;;;;;;;;;;;;;;;;;;;;;;;;;;;;;;;;;;;;;;;;;X;;;X;
D5757005002051;D5757005002051;INBOARD FLAP;REPAIR;;;;X;X;;;;;;;;;;;;;;;;;;;;X;X;X;X;;;;;;;;;;;;;;;;;;;;;;;;;;;;;;;;;;;;;;;;;;;;;;;;;;;;;;;;;;;;;;;;;;;;;;X;;;X;
D5757005002095;D5757005002095;INBOARD FLAP;REPAIR;;;;X;X;;;;;;;;;;;;;;;;;;;;X;X;X;X;;;;;;;;;;;;;;;;;;;;;;;;;;;;;;;;;;;;;;;;;;;;;;;;;;;;;;;;;;;;;;;;;;;;;;X;;;X;
D5757005002151;D5757005002151;INBOARD FLAP;REPAIR;;;;X;X;;;;;;;;;;;;;;;;;;;;X;X;X;X;;;;;;;;;;;;;;;;;;;;;;;;;;;;;;;;;;;;;;;;;;;;;;;;;;;;;;;;;;;;;;;;;;;;;;X;;;X;
D5757005002195;D5757005002195;INBOARD FLAP;REPAIR;;;;X;X;;;;;;;;;;;;;;;;;;;;X;X;X;X;;;;;;;;;;;;;;;;;;;;;;;;;;;;;;;;;;;;;;;;;;;;;;;;;;;;;;;;;;;;;;;;;;;;;;X;;;X;
D5757005002251;D5757005002251;INBOARD FLAP;REPAIR;;;;X;X;;;;;;;;;;;;;;;;;;;;X;X;X;X;;;;;;;;;;;;;;;;;;;;;;;;;;;;;;;;;;;;;;;;;;;;;;;;;;;;;;;;;;;;;;;;;;;;;;X;;;X;
D5757005002295;D5757005002295;INBOARD FLAP;REPAIR;;;;X;X;;;;;;;;;;;;;;;;;;;;X;X;X;X;;;;;;;;;;;;;;;;;;;;;;;;;;;;;;;;;;;;;;;;;;;;;;;;;;;;;;;;;;;;;;;;;;;;;;X;;;X;
D5757005002351;D5757005002351;INBOARD FLAP;REPAIR;;;;X;X;;;;;;;;;;;;;;;;;;;;X;X;X;X;;;;;;;;;;;;;;;;;;;;;;;;;;;;;;;;;;;;;;;;;;;;;;;;;;;;;;;;;;;;;;;;;;;;;;X;;;X;
D5757005002395;D5757005002395;INBOARD FLAP;REPAIR;;;;X;X;;;;;;;;;;;;;;;;;;;;X;X;X;X;;;;;;;;;;;;;;;;;;;;;;;;;;;;;;;;;;;;;;;;;;;;;;;;;;;;;;;;;;;;;;;;;;;;;;X;;;X;
D5757005002451;D5757005002451;INBOARD FLAP;REPAIR;;;;X;X;;;;;;;;;;;;;;;;;;;;X;X;X;X;;;;;;;;;;;;;;;;;;;;;;;;;;;;;;;;;;;;;;;;;;;;;;;;;;;;;;;;;;;;;;;;;;;;;;X;;;X;
D5757005002495;D5757005002495;INBOARD FLAP;REPAIR;;;;X;X;;;;;;;;;;;;;;;;;;;;X;X;X;X;;;;;;;;;;;;;;;;;;;;;;;;;;;;;;;;;;;;;;;;;;;;;;;;;;;;;;;;;;;;;;;;;;;;;;X;;;X;
D5757005002551;D5757005002551;INBOARD FLAP;REPAIR;;;;X;X;;;;;;;;;;;;;;;;;;;;X;X;X;X;;;;;;;;;;;;;;;;;;;;;;;;;;;;;;;;;;;;;;;;;;;;;;;;;;;;;;;;;;;;;;;;;;;;;;X;;;X;
D5757005002595;D5757005002595;INBOARD FLAP;REPAIR;;;;X;X;;;;;;;;;;;;;;;;;;;;X;X;X;X;;;;;;;;;;;;;;;;;;;;;;;;;;;;;;;;;;;;;;;;;;;;;;;;;;;;;;;;;;;;;;;;;;;;;;X;;;X;
D5757005002651;D5757005002651;INBOARD FLAP;REPAIR;;;;X;X;;;;;;;;;;;;;;;;;;;;X;X;X;X;;;;;;;;;;;;;;;;;;;;;;;;;;;;;;;;;;;;;;;;;;;;;;;;;;;;;;;;;;;;;;;;;;;;;;X;;;X;
D5757005002695;D5757005002695;INBOARD FLAP;REPAIR;;;;X;X;;;;;;;;;;;;;;;;;;;;X;X;X;X;;;;;;;;;;;;;;;;;;;;;;;;;;;;;;;;;;;;;;;;;;;;;;;;;;;;;;;;;;;;;;;;;;;;;;X;;;X;
D5757005002751;D5757005002751;INBOARD FLAP;REPAIR;;;;X;X;;;;;;;;;;;;;;;;;;;;X;X;X;X;;;;;;;;;;;;;;;;;;;;;;;;;;;;;;;;;;;;;;;;;;;;;;;;;;;;;;;;;;;;;;;;;;;;;;X;;;X;
D5757005002795;D5757005002795;INBOARD FLAP;REPAIR;;;;X;X;;;;;;;;;;;;;;;;;;;;X;X;X;X;;;;;;;;;;;;;;;;;;;;;;;;;;;;;;;;;;;;;;;;;;;;;;;;;;;;;;;;;;;;;;;;;;;;;;X;;;X;
D5757005002851;D5757005002851;INBOARD FLAP;REPAIR;;;;X;X;;;;;;;;;;;;;;;;;;;;X;X;X;X;;;;;;;;;;;;;;;;;;;;;;;;;;;;;;;;;;;;;;;;;;;;;;;;;;;;;;;;;;;;;;;;;;;;;;X;;;X;
D5757005002895;D5757005002895;INBOARD FLAP;REPAIR;;;;X;X;;;;;;;;;;;;;;;;;;;;X;X;X;X;;;;;;;;;;;;;;;;;;;;;;;;;;;;;;;;;;;;;;;;;;;;;;;;;;;;;;;;;;;;;;;;;;;;;;X;;;X;
D5757005002951;D5757005002951;INBOARD FLAP;REPAIR;;;;X;X;;;;;;;;;;;;;;;;;;;;X;X;X;X;;;;;;;;;;;;;;;;;;;;;;;;;;;;;;;;;;;;;;;;;;;;;;;;;;;;;;;;;;;;;;;;;;;;;;X;;;X;
D5757005002995;D5757005002995;INBOARD FLAP;REPAIR;;;;X;X;;;;;;;;;;;;;;;;;;;;X;X;X;X;;;;;;;;;;;;;;;;;;;;;;;;;;;;;;;;;;;;;;;;;;;;;;;;;;;;;;;;;;;;;;;;;;;;;;X;;;X;
D5757005003051;D5757005003051;INBOARD FLAP;REPAIR;;;;X;X;;;;;;;;;;;;;;;;;;;;X;X;X;X;;;;;;;;;;;;;;;;;;;;;;;;;;;;;;;;;;;;;;;;;;;;;;;;;;;;;;;;;;;;;;;;;;;;;;X;;;X;
D5757005003151;D5757005003151;INBOARD FLAP;REPAIR;;;;X;X;;;;;;;;;;;;;;;;;;;;X;X;X;X;;;;;;;;;;;;;;;;;;;;;;;;;;;;;;;;;;;;;;;;;;;;;;;;;;;;;;;;;;;;;;;;;;;;;;X;;;X;
D5757005003195;D5757005003195;INBOARD FLAP;REPAIR;;;;X;X;;;;;;;;;;;;;;;;;;;;X;X;X;X;;;;;;;;;;;;;;;;;;;;;;;;;;;;;;;;;;;;;;;;;;;;;;;;;;;;;;;;;;;;;;;;;;;;;;X;;;X;
D5757005003251;D5757005003251;INBOARD FLAP;REPAIR;;;;X;X;;;;;;;;;;;;;;;;;;;;X;X;X;X;;;;;;;;;;;;;;;;;;;;;;;;;;;;;;;;;;;;;;;;;;;;;;;;;;;;;;;;;;;;;;;;;;;;;;X;;;X;
D5757005003295;D5757005003295;INBOARD FLAP;REPAIR;;;;X;X;;;;;;;;;;;;;;;;;;;;X;X;X;X;;;;;;;;;;;;;;;;;;;;;;;;;;;;;;;;;;;;;;;;;;;;;;;;;;;;;;;;;;;;;;;;;;;;;;X;;;X;
D5757005003351;D5757005003351;INBOARD FLAP;REPAIR;;;;X;X;;;;;;;;;;;;;;;;;;;;X;X;X;X;;;;;;;;;;;;;;;;;;;;;;;;;;;;;;;;;;;;;;;;;;;;;;;;;;;;;;;;;;;;;;;;;;;;;;X;;;X;
D5757005003395;D5757005003395;INBOARD FLAP;REPAIR;;;;X;X;;;;;;;;;;;;;;;;;;;;X;X;X;X;;;;;;;;;;;;;;;;;;;;;;;;;;;;;;;;;;;;;;;;;;;;;;;;;;;;;;;;;;;;;;;;;;;;;;X;;;X;
D5757005003451;D5757005003451;INBOARD FLAP;REPAIR;;;;X;X;;;;;;;;;;;;;;;;;;;;X;X;X;X;;;;;;;;;;;;;;;;;;;;;;;;;;;;;;;;;;;;;;;;;;;;;;;;;;;;;;;;;;;;;;;;;;;;;;X;;;X;
D5757005003551;D5757005003551;INBOARD FLAP;REPAIR;;;;X;X;;;;;;;;;;;;;;;;;;;;X;X;X;X;;;;;;;;;;;;;;;;;;;;;;;;;;;;;;;;;;;;;;;;;;;;;;;;;;;;;;;;;;;;;;;;;;;;;;X;;;X;
D5757005003651;D5757005003651;INBOARD FLAP;REPAIR;;;;X;X;;;;;;;;;;;;;;;;;;;;X;X;X;X;;;;;;;;;;;;;;;;;;;;;;;;;;;;;;;;;;;;;;;;;;;;;;;;;;;;;;;;;;;;;;;;;;;;;;X;;;X;
D5757005003695;D5757005003695;INBOARD FLAP;REPAIR;;;;X;X;;;;;;;;;;;;;;;;;;;;X;X;X;X;;;;;;;;;;;;;;;;;;;;;;;;;;;;;;;;;;;;;;;;;;;;;;;;;;;;;;;;;;;;;;;;;;;;;;X;;;X;
D5757005003751;D5757005003751;INBOARD FLAP;REPAIR;;;;X;X;;;;;;;;;;;;;;;;;;;;X;X;X;X;;;;;;;;;;;;;;;;;;;;;;;;;;;;;;;;;;;;;;;;;;;;;;;;;;;;;;;;;;;;;;;;;;;;;;X;;;X;
D5757005003795;D5757005003795;INBOARD FLAP;REPAIR;;;;X;X;;;;;;;;;;;;;;;;;;;;X;X;X;X;;;;;;;;;;;;;;;;;;;;;;;;;;;;;;;;;;;;;;;;;;;;;;;;;;;;;;;;;;;;;;;;;;;;;;X;;;X;
D5757005004851;D5757005004851;INBOARD FLAP;REPAIR;;;;X;X;;;;;;;;;;;;;;;;;;;;X;X;X;X;;;;;;;;;;;;;;;;;;;;;;;;;;;;;;;;;;;;;;;;;;;;;;;;;;;;;;;;;;;;;;;;;;;;;;X;;;X;
D5757005004895;D5757005004895;INBOARD FLAP;REPAIR;;;;X;X;;;;;;;;;;;;;;;;;;;;X;X;X;X;;;;;;;;;;;;;;;;;;;;;;;;;;;;;;;;;;;;;;;;;;;;;;;;;;;;;;;;;;;;;;;;;;;;;;X;;;X;
D5757005004951;D5757005004951;INBOARD FLAP;REPAIR;;;;X;X;;;;;;;;;;;;;;;;;;;;X;X;X;X;;;;;;;;;;;;;;;;;;;;;;;;;;;;;;;;;;;;;;;;;;;;;;;;;;;;;;;;;;;;;;;;;;;;;;X;;;X;
D5757005004995;D5757005004995;INBOARD FLAP;REPAIR;;;;X;X;;;;;;;;;;;;;;;;;;;;X;X;X;X;;;;;;;;;;;;;;;;;;;;;;;;;;;;;;;;;;;;;;;;;;;;;;;;;;;;;;;;;;;;;;;;;;;;;;X;;;X;
D5757005005051;D5757005005051;INBOARD FLAP;REPAIR;;;;X;X;;;;;;;;;;;;;;;;;;;;X;X;X;X;;;;;;;;;;;;;;;;;;;;;;;;;;;;;;;;;;;;;;;;;;;;;;;;;;;;;;;;;;;;;;;;;;;;;;X;;;X;
D5757005005095;D5757005005095;INBOARD FLAP;REPAIR;;;;X;X;;;;;;;;;;;;;;;;;;;;X;X;X;X;;;;;;;;;;;;;;;;;;;;;;;;;;;;;;;;;;;;;;;;;;;;;;;;;;;;;;;;;;;;;;;;;;;;;;X;;;X;
D5757005005151;D5757005005151;INBOARD FLAP;REPAIR;;;;X;X;;;;;;;;;;;;;;;;;;;;X;X;X;X;;;;;;;;;;;;;;;;;;;;;;;;;;;;;;;;;;;;;;;;;;;;;;;;;;;;;;;;;;;;;;;;;;;;;;X;;;X;
D5757005005195;D5757005005195;INBOARD FLAP;REPAIR;;;;X;X;;;;;;;;;;;;;;;;;;;;X;X;X;X;;;;;;;;;;;;;;;;;;;;;;;;;;;;;;;;;;;;;;;;;;;;;;;;;;;;;;;;;;;;;;;;;;;;;;X;;;X;
D5757005006095;D5757005006095;INBOARD FLAP;REPAIR;;;;X;X;;;;;;;;;;;;;;;;;;;;X;X;X;X;;;;;;;;;;;;;;;;;;;;;;;;;;;;;;;;;;;;;;;;;;;;;;;;;;;;;;;;;;;;;;;;;;;;;;X;;;X;
D5757050001000;D5757050001000;INBOARD FLAP;REPAIR;;;;X;X;;;;;;;;;;;;;;;;;;;;X;X;X;X;;;;;;;;;;;;;;;;;;;;;;;;;;;;;;;;;;;;;;;;;;;;;;;;;;;;;;;;;;;;;;;;;;;;;;X;;;X;
D5757050001095;D5757050001095;INBOARD FLAP;REPAIR;;;;X;X;;;;;;;;;;;;;;;;;;;;X;X;X;X;;;;;;;;;;;;;;;;;;;;;;;;;;;;;;;;;;;;;;;;;;;;;;;;;;;;;;;;;;;;;;;;;;;;;;X;;;X;
D5757050001100;D5757050001100;INBOARD FLAP;REPAIR;;;;X;X;;;;;;;;;;;;;;;;;;;;X;X;X;X;;;;;;;;;;;;;;;;;;;;;;;;;;;;;;;;;;;;;;;;;;;;;;;;;;;;;;;;;;;;;;;;;;;;;;X;;;X;
D5757050001195;D5757050001195;INBOARD FLAP;REPAIR;;;;X;X;;;;;;;;;;;;;;;;;;;;X;X;X;X;;;;;;;;;;;;;;;;;;;;;;;;;;;;;;;;;;;;;;;;;;;;;;;;;;;;;;;;;;;;;;;;;;;;;;X;;;X;
D5757050001200;D5757050001200;INBOARD FLAP;REPAIR;;;;X;X;;;;;;;;;;;;;;;;;;;;X;X;X;X;;;;;;;;;;;;;;;;;;;;;;;;;;;;;;;;;;;;;;;;;;;;;;;;;;;;;;;;;;;;;;;;;;;;;;X;;;X;
D5757050001295;D5757050001295;INBOARD FLAP;REPAIR;;;;X;X;;;;;;;;;;;;;;;;;;;;X;X;X;X;;;;;;;;;;;;;;;;;;;;;;;;;;;;;;;;;;;;;;;;;;;;;;;;;;;;;;;;;;;;;;;;;;;;;;X;;;X;
D5757050001300;D5757050001300;INBOARD FLAP;REPAIR;;;;X;X;;;;;;;;;;;;;;;;;;;;X;X;X;X;;;;;;;;;;;;;;;;;;;;;;;;;;;;;;;;;;;;;;;;;;;;;;;;;;;;;;;;;;;;;;;;;;;;;;X;;;X;
D5757050001395;D5757050001395;INBOARD FLAP;REPAIR;;;;X;X;;;;;;;;;;;;;;;;;;;;X;X;X;X;;;;;;;;;;;;;;;;;;;;;;;;;;;;;;;;;;;;;;;;;;;;;;;;;;;;;;;;;;;;;;;;;;;;;;X;;;X;
D5757050001800;D5757050001800;INBOARD FLAP;REPAIR;;;;X;X;;;;;;;;;;;;;;;;;;;;X;X;X;X;;;;;;;;;;;;;;;;;;;;;;;;;;;;;;;;;;;;;;;;;;;;;;;;;;;;;;;;;;;;;;;;;;;;;;X;;;X;
D5757050001895;D5757050001895;INBOARD FLAP;REPAIR;;;;X;X;;;;;;;;;;;;;;;;;;;;X;X;X;X;;;;;;;;;;;;;;;;;;;;;;;;;;;;;;;;;;;;;;;;;;;;;;;;;;;;;;;;;;;;;;;;;;;;;;X;;;X;
D5757050001900;D5757050001900;INBOARD FLAP;REPAIR;;;;X;X;;;;;;;;;;;;;;;;;;;;X;X;X;X;;;;;;;;;;;;;;;;;;;;;;;;;;;;;;;;;;;;;;;;;;;;;;;;;;;;;;;;;;;;;;;;;;;;;;X;;;X;
D5757050001995;D5757050001995;INBOARD FLAP;REPAIR;;;;X;X;;;;;;;;;;;;;;;;;;;;X;X;X;X;;;;;;;;;;;;;;;;;;;;;;;;;;;;;;;;;;;;;;;;;;;;;;;;;;;;;;;;;;;;;;;;;;;;;;X;;;X;
D5757053000000;D5757053000000;INBOARD FLAP;REPAIR;;;;X;X;;;;;;;;;;;;;;;;;;;;X;X;X;X;;;;;;;;;;;;;;;;;;;;;;;;;;;;;;;;;;;;;;;;;;;;;;;;;;;;;;;;;;;;;;;;;;;;;;X;;;X;
D5757053000100;D5757053000100;INBOARD FLAP;REPAIR;;;;X;X;;;;;;;;;;;;;;;;;;;;X;X;X;X;;;;;;;;;;;;;;;;;;;;;;;;;;;;;;;;;;;;;;;;;;;;;;;;;;;;;;;;;;;;;;;;;;;;;;X;;;X;
D5757053000200;D5757053000200;INBOARD FLAP;REPAIR;;;;X;X;;;;;;;;;;;;;;;;;;;;X;X;X;X;;;;;;;;;;;;;;;;;;;;;;;;;;;;;;;;;;;;;;;;;;;;;;;;;;;;;;;;;;;;;;;;;;;;;;X;;;X;
D5757053000300;D5757053000300;INBOARD FLAP;REPAIR;;;;X;X;;;;;;;;;;;;;;;;;;;;X;X;X;X;;;;;;;;;;;;;;;;;;;;;;;;;;;;;;;;;;;;;;;;;;;;;;;;;;;;;;;;;;;;;;;;;;;;;;X;;;X;
D5757065000000;D5757065000000;INBOARD FLAP;REPAIR;;;;X;X;;;;;;;;;;;;;;;;;;;;X;X;X;X;;;;;;;;;;;;;;;;;;;;;;;;;;;;;;;;;;;;;;;;;;;;;;;;;;;;;;;;;;;;;;;;;;;;;;X;;;X;
D5757065000095;D5757065000095;INBOARD FLAP;REPAIR;;;;X;X;;;;;;;;;;;;;;;;;;;;X;X;X;X;;;;;;;;;;;;;;;;;;;;;;;;;;;;;;;;;;;;;;;;;;;;;;;;;;;;;;;;;;;;;;;;;;;;;;X;;;X;
D5757065000100;D5757065000100;INBOARD FLAP;REPAIR;;;;X;X;;;;;;;;;;;;;;;;;;;;X;X;X;X;;;;;;;;;;;;;;;;;;;;;;;;;;;;;;;;;;;;;;;;;;;;;;;;;;;;;;;;;;;;;;;;;;;;;;X;;;X;
D5757065000195;D5757065000195;INBOARD FLAP;REPAIR;;;;X;X;;;;;;;;;;;;;;;;;;;;X;X;X;X;;;;;;;;;;;;;;;;;;;;;;;;;;;;;;;;;;;;;;;;;;;;;;;;;;;;;;;;;;;;;;;;;;;;;;X;;;X;
D5757065000200;D5757065000200;INBOARD FLAP;REPAIR;;;;X;X;;;;;;;;;;;;;;;;;;;;X;X;X;X;;;;;;;;;;;;;;;;;;;;;;;;;;;;;;;;;;;;;;;;;;;;;;;;;;;;;;;;;;;;;;;;;;;;;;X;;;X;
D5757065000295;D5757065000295;INBOARD FLAP;REPAIR;;;;X;X;;;;;;;;;;;;;;;;;;;;X;X;X;X;;;;;;;;;;;;;;;;;;;;;;;;;;;;;;;;;;;;;;;;;;;;;;;;;;;;;;;;;;;;;;;;;;;;;;X;;;X;
D5757065000300;D5757065000300;INBOARD FLAP STRUCTURE COMPL;REPAIR;;;;X;X;X;X;X;;;;;;;;;;;;;X;;;;X;X;X;X;;;;;;;;;;;;;;;;;;;;;;;;;;;;;;;;;;;;;;;;;;;;;;;;;;;;;;;;;;;;;;;;;;;;;;X;;;X;
D5757065000395;D5757065000395;INBOARD FLAP;REPAIR;;;;X;X;;;;;;;;;;;;;;;;;;;;X;X;X;X;;;;;;;;;;;;;;;;;;;;;;;;;;;;;;;;;;;;;;;;;;;;;;;;;;;;;;;;;;;;;;;;;;;;;;X;;;X;
D5757065000400;D5757065000400;INBOARD FLAP;REPAIR;;;;X;X;;;;;;;;;;;;;;;;;;;;X;X;X;X;;;;;;;;;;;;;;;;;;;;;;;;;;;;;;;;;;;;;;;;;;;;;;;;;;;;;;;;;;;;;;;;;;;;;;X;;;X;
D5757065000495;D5757065000495;INBOARD FLAP;REPAIR;;;;X;X;;;;;;;;;;;;;;;;;;;;X;X;X;X;;;;;;;;;;;;;;;;;;;;;;;;;;;;;;;;;;;;;;;;;;;;;;;;;;;;;;;;;;;;;;;;;;;;;;X;;;X;
D5757065000500;D5757065000500;INBOARD FLAP;REPAIR;;;;X;X;;;;;;;;;;;;;;;;;;;;X;X;X;X;;;;;;;;;;;;;;;;;;;;;;;;;;;;;;;;;;;;;;;;;;;;;;;;;;;;;;;;;;;;;;;;;;;;;;X;;;X;
D5757065000595;D5757065000595;INBOARD FLAP;REPAIR;;;;X;X;;;;;;;;;;;;;;;;;;;;X;X;X;X;;;;;;;;;;;;;;;;;;;;;;;;;;;;;;;;;;;;;;;;;;;;;;;;;;;;;;;;;;;;;;;;;;;;;;X;;;X;
D5757065000600;D5757065000600;INBOARD FLAP;REPAIR;;;;X;X;;;;;;;;;;;;;;;;;;;;X;X;X;X;;;;;;;;;;;;;;;;;;;;;;;;;;;;;;;;;;;;;;;;;;;;;;;;;;;;;;;;;;;;;;;;;;;;;;X;;;X;
D5757065000695;D5757065000695;INBOARD FLAP;REPAIR;;;;X;X;;;;;;;;;;;;;;;;;;;;X;X;X;X;;;;;;;;;;;;;;;;;;;;;;;;;;;;;;;;;;;;;;;;;;;;;;;;;;;;;;;;;;;;;;;;;;;;;;X;;;X;
D5757065000700;D5757065000700;INBOARD FLAP;REPAIR;;;;X;X;;;;;;;;;;;;;;;;;;;;X;X;X;X;;;;;;;;;;;;;;;;;;;;;;;;;;;;;;;;;;;;;;;;;;;;;;;;;;;;;;;;;;;;;;;;;;;;;;X;;;X;
D5757065000795;D5757065000795;INBOARD FLAP;REPAIR;;;;X;X;;;;;;;;;;;;;;;;;;;;X;X;X;X;;;;;;;;;;;;;;;;;;;;;;;;;;;;;;;;;;;;;;;;;;;;;;;;;;;;;;;;;;;;;;;;;;;;;;X;;;X;
D5757065000800;D5757065000800;INBOARD FLAP;REPAIR;;;;X;X;;;;;;;;;;;;;;;;;;;;X;X;X;X;;;;;;;;;;;;;;;;;;;;;;;;;;;;;;;;;;;;;;;;;;;;;;;;;;;;;;;;;;;;;;;;;;;;;;X;;;X;
D5757065000895;D5757065000895;INBOARD FLAP;REPAIR;;;;X;X;;;;;;;;;;;;;;;;;;;;X;X;X;X;;;;;;;;;;;;;;;;;;;;;;;;;;;;;;;;;;;;;;;;;;;;;;;;;;;;;;;;;;;;;;;;;;;;;;X;;;X;
D5757065000900;D5757065000900;INBOARD FLAP;REPAIR;;;;X;X;;;;;;;;;;;;;;;;;;;;X;X;X;X;;;;;;;;;;;;;;;;;;;;;;;;;;;;;;;;;;;;;;;;;;;;;;;;;;;;;;;;;;;;;;;;;;;;;;X;;;X;
D5757065000995;D5757065000995;INBOARD FLAP;REPAIR;;;;X;X;;;;;;;;;;;;;;;;;;;;X;X;X;X;;;;;;;;;;;;;;;;;;;;;;;;;;;;;;;;;;;;;;;;;;;;;;;;;;;;;;;;;;;;;;;;;;;;;;X;;;X;
D5757065001000;D5757065001000;INBOARD FLAP;REPAIR;;;;X;X;;;;;;;;;;;;;;;;;;;;X;X;X;X;;;;;;;;;;;;;;;;;;;;;;;;;;;;;;;;;;;;;;;;;;;;;;;;;;;;;;;;;;;;;;;;;;;;;;X;;;X;
D5757065001095;D5757065001095;INBOARD FLAP;REPAIR;;;;X;X;;;;;;;;;;;;;;;;;;;;X;X;X;X;;;;;;;;;;;;;;;;;;;;;;;;;;;;;;;;;;;;;;;;;;;;;;;;;;;;;;;;;;;;;;;;;;;;;;X;;;X;
D5757065001200;D5757065001200;INBOARD FLAP;REPAIR;;;;X;X;;;;;;;;;;;;;;;;;;;;X;X;X;X;;;;;;;;;;;;;;;;;;;;;;;;;;;;;;;;;;;;;;;;;;;;;;;;;;;;;;;;;;;;;;;;;;;;;;X;;;X;
D5757065001295;D5757065001295;INBOARD FLAP;REPAIR;;;;X;X;;;;;;;;;;;;;;;;;;;;X;X;X;X;;;;;;;;;;;;;;;;;;;;;;;;;;;;;;;;;;;;;;;;;;;;;;;;;;;;;;;;;;;;;;;;;;;;;;X;;;X;
D5757065001300;D5757065001300;INBOARD FLAP;REPAIR;;;;X;X;;;;;;;;;;;;;;;;;;;;X;X;X;X;;;;;;;;;;;;;;;;;;;;;;;;;;;;;;;;;;;;;;;;;;;;;;;;;;;;;;;;;;;;;;;;;;;;;;X;;;X;
D5757065001395;D5757065001395;INBOARD FLAP;REPAIR;;;;X;X;;;;;;;;;;;;;;;;;;;;X;X;X;X;;;;;;;;;;;;;;;;;;;;;;;;;;;;;;;;;;;;;;;;;;;;;;;;;;;;;;;;;;;;;;;;;;;;;;X;;;X;
D5757065001400;D5757065001400;INBOARD FLAP;REPAIR;;;;X;X;;;;;;;;;;;;;;;;;;;;X;X;X;X;;;;;;;;;;;;;;;;;;;;;;;;;;;;;;;;;;;;;;;;;;;;;;;;;;;;;;;;;;;;;;;;;;;;;;X;;;X;
D5757065001495;D5757065001495;INBOARD FLAP;REPAIR;;;;X;X;;;;;;;;;;;;;;;;;;;;X;X;X;X;;;;;;;;;;;;;;;;;;;;;;;;;;;;;;;;;;;;;;;;;;;;;;;;;;;;;;;;;;;;;;;;;;;;;;X;;;X;
D5757065001500;D5757065001500;INBOARD FLAP;REPAIR;;;;X;X;;;;;;;;;;;;;;;;;;;;X;X;X;X;;;;;;;;;;;;;;;;;;;;;;;;;;;;;;;;;;;;;;;;;;;;;;;;;;;;;;;;;;;;;;;;;;;;;;X;;;X;
D5757065001595;D5757065001595;INBOARD FLAP;REPAIR;;;;X;X;;;;;;;;;;;;;;;;;;;;X;X;X;X;;;;;;;;;;;;;;;;;;;;;;;;;;;;;;;;;;;;;;;;;;;;;;;;;;;;;;;;;;;;;;;;;;;;;;X;;;X;
D5757065001600;D5757065001600;INBOARD FLAP;REPAIR;;;;X;X;;;;;;;;;;;;;;;;;;;;X;X;X;X;;;;;;;;;;;;;;;;;;;;;;;;;;;;;;;;;;;;;;;;;;;;;;;;;;;;;;;;;;;;;;;;;;;;;;X;;;X;
D5757065001695;D5757065001695;INBOARD FLAP;REPAIR;;;;X;X;;;;;;;;;;;;;;;;;;;;X;X;X;X;;;;;;;;;;;;;;;;;;;;;;;;;;;;;;;;;;;;;;;;;;;;;;;;;;;;;;;;;;;;;;;;;;;;;;X;;;X;
D5757065001700;D5757065001700;INBOARD FLAP STRUCTURE COMPL;REPAIR;;;;X;X;X;X;X;;;;;;;;;;;;;X;;;;X;X;X;X;;;;;;;;;;;;;;;;;;;;;;;;;;;;;;;;;;;;;;;;;;;;;;;;;;;;;;;;;;;;;;;;;;;;;;X;;;X;
D57570650017000000;D57570650017000000;INBOARD FLAP STRUCTURE COMPL;REPAIR;;;;X;X;X;X;X;;;;;;;;;;;;;X;;;;X;X;X;X;;;;;;;;;;;;;;;;;;;;;;;;;;;;;;;;;;;;;;;;;;;;;;;;;;;;;;;;;;;;;;;;;;;;;;X;;;X;
D5757065001795;D5757065001795;INBOARD FLAP;REPAIR;;;;X;X;;;;;;;;;;;;;;;;;;;;X;X;X;X;;;;;;;;;;;;;;;;;;;;;;;;;;;;;;;;;;;;;;;;;;;;;;;;;;;;;;;;;;;;;;;;;;;;;;X;;;X;
D5757065001800;D5757065001800;INBOARD FLAP;REPAIR;;;;X;X;;;;;;;;;;;;;;;;;;;;X;X;X;X;;;;;;;;;;;;;;;;;;;;;;;;;;;;;;;;;;;;;;;;;;;;;;;;;;;;;;;;;;;;;;;;;;;;;;X;;;X;
D5757065001895;D5757065001895;INBOARD FLAP;REPAIR;;;;X;X;;;;;;;;;;;;;;;;;;;;X;X;X;X;;;;;;;;;;;;;;;;;;;;;;;;;;;;;;;;;;;;;;;;;;;;;;;;;;;;;;;;;;;;;;;;;;;;;;X;;;X;
D5757065001900;D5757065001900;INBOARD FLAP;REPAIR;;;;X;X;;;;;;;;;;;;;;;;;;;;X;X;X;X;;;;;;;;;;;;;;;;;;;;;;;;;;;;;;;;;;;;;;;;;;;;;;;;;;;;;;;;;;;;;;;;;;;;;;X;;;X;
D5757065001995;D5757065001995;INBOARD FLAP;REPAIR;;;;X;X;;;;;;;;;;;;;;;;;;;;X;X;X;X;;;;;;;;;;;;;;;;;;;;;;;;;;;;;;;;;;;;;;;;;;;;;;;;;;;;;;;;;;;;;;;;;;;;;;X;;;X;
D5757065002000;D5757065002000;INBOARD FLAP;REPAIR;;;;X;X;;;;;;;;;;;;;;;;;;;;X;X;X;X;;;;;;;;;;;;;;;;;;;;;;;;;;;;;;;;;;;;;;;;;;;;;;;;;;;;;;;;;;;;;;;;;;;;;;X;;;X;
D5757065002000;D5757065002000;INBOARD FLAP;REPAIR;;;;X;X;;;;;;;;;;;;;;;;;;;;X;X;X;X;;;;;;;;;;;;;;;;;;;;;;;;;;;;;;;;;;;;;;;;;;;;;;;;;;;;;;;;;;;;;;;;;;;;;;X;;;X;
D5757065002095;D5757065002095;INBOARD FLAP;REPAIR;;;;X;X;;;;;;;;;;;;;;;;;;;;X;X;X;X;;;;;;;;;;;;;;;;;;;;;;;;;;;;;;;;;;;;;;;;;;;;;;;;;;;;;;;;;;;;;;;;;;;;;;X;;;X;
D5757065002095;D5757065002095;INBOARD FLAP;REPAIR;;;;X;X;;;;;;;;;;;;;;;;;;;;X;X;X;X;;;;;;;;;;;;;;;;;;;;;;;;;;;;;;;;;;;;;;;;;;;;;;;;;;;;;;;;;;;;;;;;;;;;;;X;;;X;
D5757065002100;D5757065002100;INBOARD FLAP;REPAIR;;;;X;X;;;;;;;;;;;;;;;;;;;;X;X;X;X;;;;;;;;;;;;;;;;;;;;;;;;;;;;;;;;;;;;;;;;;;;;;;;;;;;;;;;;;;;;;;;;;;;;;;X;;;X;
D5757065002100;D5757065002100;INBOARD FLAP;REPAIR;;;;X;X;;;;;;;;;;;;;;;;;;;;X;X;X;X;;;;;;;;;;;;;;;;;;;;;;;;;;;;;;;;;;;;;;;;;;;;;;;;;;;;;;;;;;;;;;;;;;;;;;X;;;X;
D5757065002195;D5757065002195;INBOARD FLAP;REPAIR;;;;X;X;;;;;;;;;;;;;;;;;;;;X;X;X;X;;;;;;;;;;;;;;;;;;;;;;;;;;;;;;;;;;;;;;;;;;;;;;;;;;;;;;;;;;;;;;;;;;;;;;X;;;X;
D5757065002195;D5757065002195;INBOARD FLAP;REPAIR;;;;X;X;;;;;;;;;;;;;;;;;;;;X;X;X;X;;;;;;;;;;;;;;;;;;;;;;;;;;;;;;;;;;;;;;;;;;;;;;;;;;;;;;;;;;;;;;;;;;;;;;X;;;X;
D5757065002200;D5757065002200;INBOARD FLAP;REPAIR;;;;X;X;;;;;;;;;;;;;;;;;;;;X;X;X;X;;;;;;;;;;;;;;;;;;;;;;;;;;;;;;;;;;;;;;;;;;;;;;;;;;;;;;;;;;;;;;;;;;;;;;X;;;X;
D5757065002295;D5757065002295;INBOARD FLAP;REPAIR;;;;X;X;;;;;;;;;;;;;;;;;;;;X;X;X;X;;;;;;;;;;;;;;;;;;;;;;;;;;;;;;;;;;;;;;;;;;;;;;;;;;;;;;;;;;;;;;;;;;;;;;X;;;X;
D5757065002300;D5757065002300;INBOARD FLAP;REPAIR;;;;X;X;;;;;;;;;;;;;;;;;;;;X;X;X;X;;;;;;;;;;;;;;;;;;;;;;;;;;;;;;;;;;;;;;;;;;;;;;;;;;;;;;;;;;;;;;;;;;;;;;X;;;X;
D5757065002395;D5757065002395;INBOARD FLAP;REPAIR;;;;X;X;;;;;;;;;;;;;;;;;;;;X;X;X;X;;;;;;;;;;;;;;;;;;;;;;;;;;;;;;;;;;;;;;;;;;;;;;;;;;;;;;;;;;;;;;;;;;;;;;X;;;X;
D5757065002400;D5757065002400;INBOARD FLAP;REPAIR;;;;X;X;;;;;;;;;;;;;;;;;;;;X;X;X;X;;;;;;;;;;;;;;;;;;;;;;;;;;;;;;;;;;;;;;;;;;;;;;;;;;;;;;;;;;;;;;;;;;;;;;X;;;X;
D5757065002495;D5757065002495;INBOARD FLAP;REPAIR;;;;X;X;;;;;;;;;;;;;;;;;;;;X;X;X;X;;;;;;;;;;;;;;;;;;;;;;;;;;;;;;;;;;;;;;;;;;;;;;;;;;;;;;;;;;;;;;;;;;;;;;X;;;X;
D5757065002500;D5757065002500;INBOARD FLAP;REPAIR;;;;X;X;;;;;;;;;;;;;;;;;;;;X;X;X;X;;;;;;;;;;;;;;;;;;;;;;;;;;;;;;;;;;;;;;;;;;;;;;;;;;;;;;;;;;;;;;;;;;;;;;X;;;X;
D5757065002595;D5757065002595;INBOARD FLAP;REPAIR;;;;X;X;;;;;;;;;;;;;;;;;;;;X;X;X;X;;;;;;;;;;;;;;;;;;;;;;;;;;;;;;;;;;;;;;;;;;;;;;;;;;;;;;;;;;;;;;;;;;;;;;X;;;X;
D5757065002600;D5757065002600;INBOARD FLAP STRUCTURE COMPL;REPAIR;;;;X;X;X;X;X;;;;;;;;;;;;;X;;;;X;X;X;X;;;;;;;;;;;;;;;;;;;;;;;;;;;;;;;;;;;;;;;;;;;;;;;;;;;;;;;;;;;;;;;;;;;;;;X;;;X;
D5757065002695;D5757065002695;INBOARD FLAP;REPAIR;;;;X;X;;;;;;;;;;;;;;;;;;;;X;X;X;X;;;;;;;;;;;;;;;;;;;;;;;;;;;;;;;;;;;;;;;;;;;;;;;;;;;;;;;;;;;;;;;;;;;;;;X;;;X;
D5757065002700;D5757065002700;INBOARD FLAP;REPAIR;;;;X;X;;;;;;;;;;;;;;;;;;;;X;X;X;X;;;;;;;;;;;;;;;;;;;;;;;;;;;;;;;;;;;;;;;;;;;;;;;;;;;;;;;;;;;;;;;;;;;;;;X;;;X;
D5757065002795;D5757065002795;INBOARD FLAP;REPAIR;;;;X;X;;;;;;;;;;;;;;;;;;;;X;X;X;X;;;;;;;;;;;;;;;;;;;;;;;;;;;;;;;;;;;;;;;;;;;;;;;;;;;;;;;;;;;;;;;;;;;;;;X;;;X;
D5757065002800;D5757065002800;INBOARD FLAP;REPAIR;;;;X;X;;;;;;;;;;;;;;;;;;;;X;X;X;X;;;;;;;;;;;;;;;;;;;;;;;;;;;;;;;;;;;;;;;;;;;;;;;;;;;;;;;;;;;;;;;;;;;;;;X;;;X;
D5757065002895;D5757065002895;INBOARD FLAP;REPAIR;;;;X;X;;;;;;;;;;;;;;;;;;;;X;X;X;X;;;;;;;;;;;;;;;;;;;;;;;;;;;;;;;;;;;;;;;;;;;;;;;;;;;;;;;;;;;;;;;;;;;;;;X;;;X;
D5757065002900;D5757065002900;INBOARD FLAP;REPAIR;;;;X;X;;;;;;;;;;;;;;;;;;;;X;X;X;X;;;;;;;;;;;;;;;;;;;;;;;;;;;;;;;;;;;;;;;;;;;;;;;;;;;;;;;;;;;;;;;;;;;;;;X;;;X;
D5757065002995;D5757065002995;INBOARD FLAP;REPAIR;;;;X;X;;;;;;;;;;;;;;;;;;;;X;X;X;X;;;;;;;;;;;;;;;;;;;;;;;;;;;;;;;;;;;;;;;;;;;;;;;;;;;;;;;;;;;;;;;;;;;;;;X;;;X;
D5757065003000;D5757065003000;INBOARD FLAP;REPAIR;;;;X;X;;;;;;;;;;;;;;;;;;;;X;X;X;X;;;;;;;;;;;;;;;;;;;;;;;;;;;;;;;;;;;;;;;;;;;;;;;;;;;;;;;;;;;;;;;;;;;;;;X;;;X;
D5757065003095;D5757065003095;INBOARD FLAP;REPAIR;;;;X;X;;;;;;;;;;;;;;;;;;;;X;X;X;X;;;;;;;;;;;;;;;;;;;;;;;;;;;;;;;;;;;;;;;;;;;;;;;;;;;;;;;;;;;;;;;;;;;;;;X;;;X;
D5757065003100;D5757065003100;INBOARD FLAP;REPAIR;;;;X;X;;;;;;;;;;;;;;;;;;;;X;X;X;X;;;;;;;;;;;;;;;;;;;;;;;;;;;;;;;;;;;;;;;;;;;;;;;;;;;;;;;;;;;;;;;;;;;;;;X;;;X;
D5757065003195;D5757065003195;INBOARD FLAP;REPAIR;;;;X;X;;;;;;;;;;;;;;;;;;;;X;X;X;X;;;;;;;;;;;;;;;;;;;;;;;;;;;;;;;;;;;;;;;;;;;;;;;;;;;;;;;;;;;;;;;;;;;;;;X;;;X;
D5757065003200;D5757065003200;INBOARD FLAP;REPAIR;;;;X;X;;;;;;;;;;;;;;;;;;;;X;X;X;X;;;;;;;;;;;;;;;;;;;;;;;;;;;;;;;;;;;;;;;;;;;;;;;;;;;;;;;;;;;;;;;;;;;;;;X;;;X;
D5757065003295;D5757065003295;INBOARD FLAP;REPAIR;;;;X;X;;;;;;;;;;;;;;;;;;;;X;X;X;X;;;;;;;;;;;;;;;;;;;;;;;;;;;;;;;;;;;;;;;;;;;;;;;;;;;;;;;;;;;;;;;;;;;;;;X;;;X;
D5757065003300;D5757065003300;INBOARD FLAP;REPAIR;;;;X;X;;;;;;;;;;;;;;;;;;;;X;X;X;X;;;;;;;;;;;;;;;;;;;;;;;;;;;;;;;;;;;;;;;;;;;;;;;;;;;;;;;;;;;;;;;;;;;;;;X;;;X;
D5757065003395;D5757065003395;INBOARD FLAP;REPAIR;;;;X;X;;;;;;;;;;;;;;;;;;;;X;X;X;X;;;;;;;;;;;;;;;;;;;;;;;;;;;;;;;;;;;;;;;;;;;;;;;;;;;;;;;;;;;;;;;;;;;;;;X;;;X;
D5757065003400;D5757065003400;INBOARD FLAP;REPAIR;;;;X;X;;;;;;;;;;;;;;;;;;;;X;X;X;X;;;;;;;;;;;;;;;;;;;;;;;;;;;;;;;;;;;;;;;;;;;;;;;;;;;;;;;;;;;;;;;;;;;;;;X;;;X;
D5757065003500;D5757065003500;INBOARD FLAP;REPAIR;;;;X;X;;;;;;;;;;;;;;;;;;;;X;X;X;X;;;;;;;;;;;;;;;;;;;;;;;;;;;;;;;;;;;;;;;;;;;;;;;;;;;;;;;;;;;;;;;;;;;;;;X;;;X;
D5757065003600;D5757065003600;INBOARD FLAP;REPAIR;;;;X;X;;;;;;;;;;;;;;;;;;;;X;X;X;X;;;;;;;;;;;;;;;;;;;;;;;;;;;;;;;;;;;;;;;;;;;;;;;;;;;;;;;;;;;;;;;;;;;;;;X;;;X;
D5757065003700;D5757065003700;INBOARD FLAP;REPAIR;;;;X;X;;;;;;;;;;;;;;;;;;;;X;X;X;X;;;;;;;;;;;;;;;;;;;;;;;;;;;;;;;;;;;;;;;;;;;;;;;;;;;;;;;;;;;;;;;;;;;;;;X;;;X;
D5757065003800;D5757065003800;INBOARD FLAP;REPAIR;;;;X;X;;;;;;;;;;;;;;;;;;;;X;X;X;X;;;;;;;;;;;;;;;;;;;;;;;;;;;;;;;;;;;;;;;;;;;;;;;;;;;;;;;;;;;;;;;;;;;;;;X;;;X;
D5757065003900;D5757065003900;INBOARD FLAP;REPAIR;;;;X;X;;;;;;;;;;;;;;;;;;;;X;X;X;X;;;;;;;;;;;;;;;;;;;;;;;;;;;;;;;;;;;;;;;;;;;;;;;;;;;;;;;;;;;;;;;;;;;;;;X;;;X;
D5757065004000;D5757065004000;INBOARD FLAP;REPAIR;;;;X;X;;;;;;;;;;;;;;;;;;;;X;X;X;X;;;;;;;;;;;;;;;;;;;;;;;;;;;;;;;;;;;;;;;;;;;;;;;;;;;;;;;;;;;;;;;;;;;;;;X;;;X;
D5757065004100;D5757065004100;INBOARD FLAP;REPAIR;;;;X;X;;;;;;;;;;;;;;;;;;;;X;X;X;X;;;;;;;;;;;;;;;;;;;;;;;;;;;;;;;;;;;;;;;;;;;;;;;;;;;;;;;;;;;;;;;;;;;;;;X;;;X;
D5757065004200;D5757065004200;INBOARD FLAP;REPAIR;;;;X;X;;;;;;;;;;;;;;;;;;;;X;X;X;X;;;;;;;;;;;;;;;;;;;;;;;;;;;;;;;;;;;;;;;;;;;;;;;;;;;;;;;;;;;;;;;;;;;;;;X;;;X;
D5757065004300;D5757065004300;INBOARD FLAP;REPAIR;;;;X;X;;;;;;;;;;;;;;;;;;;;X;X;X;X;;;;;;;;;;;;;;;;;;;;;;;;;;;;;;;;;;;;;;;;;;;;;;;;;;;;;;;;;;;;;;;;;;;;;;X;;;X;
D5757065004400;D5757065004400;INBOARD FLAP;REPAIR;;;;X;X;;;;;;;;;;;;;;;;;;;;X;X;X;X;;;;;;;;;;;;;;;;;;;;;;;;;;;;;;;;;;;;;;;;;;;;;;;;;;;;;;;;;;;;;;;;;;;;;;X;;;X;
D5757065004500;D5757065004500;INBOARD FLAP;REPAIR;;;;X;X;;;;;;;;;;;;;;;;;;;;X;X;X;X;;;;;;;;;;;;;;;;;;;;;;;;;;;;;;;;;;;;;;;;;;;;;;;;;;;;;;;;;;;;;;;;;;;;;;X;;;X;
D5757065004600;D5757065004600;INBOARD FLAP;REPAIR;;;;X;X;;;;;;;;;;;;;;;;;;;;X;X;X;X;;;;;;;;;;;;;;;;;;;;;;;;;;;;;;;;;;;;;;;;;;;;;;;;;;;;;;;;;;;;;;;;;;;;;;X;;;X;
D5757065004700;D5757065004700;INBOARD FLAP;REPAIR;;;;X;X;;;;;;;;;;;;;;;;;;;;X;X;X;X;;;;;;;;;;;;;;;;;;;;;;;;;;;;;;;;;;;;;;;;;;;;;;;;;;;;;;;;;;;;;;;;;;;;;;X;;;X;
D5757065005000;D5757065005000;INBOARD FLAP;REPAIR;;;;X;X;;;;;;;;;;;;;;;;;;;;X;X;X;X;;;;;;;;;;;;;;;;;;;;;;;;;;;;;;;;;;;;;;;;;;;;;;;;;;;;;;;;;;;;;;;;;;;;;;X;;;X;
D5757065005100;D5757065005100;INBOARD FLAP;REPAIR;;;;X;X;;;;;;;;;;;;;;;;;;;;X;X;X;X;;;;;;;;;;;;;;;;;;;;;;;;;;;;;;;;;;;;;;;;;;;;;;;;;;;;;;;;;;;;;;;;;;;;;;X;;;X;
D5757065005200;D5757065005200;INBOARD FLAP;REPAIR;;;;X;X;;;;;;;;;;;;;;;;;;;;X;X;X;X;;;;;;;;;;;;;;;;;;;;;;;;;;;;;;;;;;;;;;;;;;;;;;;;;;;;;;;;;;;;;;;;;;;;;;X;;;X;
D5757065005300;D5757065005300;INBOARD FLAP;REPAIR;;;;X;X;;;;;;;;;;;;;;;;;;;;X;X;X;X;;;;;;;;;;;;;;;;;;;;;;;;;;;;;;;;;;;;;;;;;;;;;;;;;;;;;;;;;;;;;;;;;;;;;;X;;;X;
D5757065005400;D5757065005400;INBOARD FLAP;REPAIR;;;;X;X;;;;;;;;;;;;;;;;;;;;X;X;X;X;;;;;;;;;;;;;;;;;;;;;;;;;;;;;;;;;;;;;;;;;;;;;;;;;;;;;;;;;;;;;;;;;;;;;;X;;;X;
D5757065005500;D5757065005500;INBOARD FLAP;REPAIR;;;;X;X;;;;;;;;;;;;;;;;;;;;X;X;X;X;;;;;;;;;;;;;;;;;;;;;;;;;;;;;;;;;;;;;;;;;;;;;;;;;;;;;;;;;;;;;;;;;;;;;;X;;;X;
D5757100500051;D5757100500051;OUTBOARD FLAP;REPAIR;;;;X;X;;;;;;;;;;;;;;;;;;;;X;X;X;X;;;;;;;;;;;;;;;;;;;;;;;;;;;;;;;;;;;;;;;;;;;;;;;;;;;;;;;;;;;;;;;;;;;;;;X;;;X;
D5757100500151;D5757100500151;OUTBOARD FLAP;REPAIR;;;;X;X;;;;;;;;;;;;;;;;;;;;X;X;X;X;;;;;;;;;;;;;;;;;;;;;;;;;;;;;;;;;;;;;;;;;;;;;;;;;;;;;;;;;;;;;;;;;;;;;;X;;;X;
D5757100500451;D5757100500451;OUTBOARD FLAP;REPAIR;;;;X;X;;;;;;;;;;;;;;;;;;;;X;X;X;X;;;;;;;;;;;;;;;;;;;;;;;;;;;;;;;;;;;;;;;;;;;;;;;;;;;;;;;;;;;;;;;;;;;;;;X;;;X;
D5757100500551;D5757100500551;OUTBOARD FLAP;REPAIR;;;;X;X;;;;;;;;;;;;;;;;;;;;X;X;X;X;;;;;;;;;;;;;;;;;;;;;;;;;;;;;;;;;;;;;;;;;;;;;;;;;;;;;;;;;;;;;;;;;;;;;;X;;;X;
D5757100500651;D5757100500651;OUTBOARD FLAP;REPAIR;;;;X;X;;;;;;;;;;;;;;;;;;;;X;X;X;X;;;;;;;;;;;;;;;;;;;;;;;;;;;;;;;;;;;;;;;;;;;;;;;;;;;;;;;;;;;;;;;;;;;;;;X;;;X;
D5757100500751;D5757100500751;OUTBOARD FLAP;REPAIR;;;;X;X;;;;;;;;;;;;;;;;;;;;X;X;X;X;;;;;;;;;;;;;;;;;;;;;;;;;;;;;;;;;;;;;;;;;;;;;;;;;;;;;;;;;;;;;;;;;;;;;;X;;;X;
D5757100500851;D5757100500851;OUTBOARD FLAP;REPAIR;;;;X;X;;;;;;;;;;;;;;;;;;;;X;X;X;X;;;;;;;;;;;;;;;;;;;;;;;;;;;;;;;;;;;;;;;;;;;;;;;;;;;;;;;;;;;;;;;;;;;;;;X;;;X;
D5757100500951;D5757100500951;OUTBOARD FLAP;REPAIR;;;;X;X;;;;;;;;;;;;;;;;;;;;X;X;X;X;;;;;;;;;;;;;;;;;;;;;;;;;;;;;;;;;;;;;;;;;;;;;;;;;;;;;;;;;;;;;;;;;;;;;;X;;;X;
D5757100501051;D5757100501051;OUTBOARD FLAP;REPAIR;;;;X;X;;;;;;;;;;;;;;;;;;;;X;X;X;X;;;;;;;;;;;;;;;;;;;;;;;;;;;;;;;;;;;;;;;;;;;;;;;;;;;;;;;;;;;;;;;;;;;;;;X;;;X;
D5757100501151;D5757100501151;OUTBOARD FLAP;REPAIR;;;;X;X;;;;;;;;;;;;;;;;;;;;X;X;X;X;;;;;;;;;;;;;;;;;;;;;;;;;;;;;;;;;;;;;;;;;;;;;;;;;;;;;;;;;;;;;;;;;;;;;;X;;;X;
D5757100501251;D5757100501251;OUTBOARD FLAP;REPAIR;;;;X;X;;;;;;;;;;;;;;;;;;;;X;X;X;X;;;;;;;;;;;;;;;;;;;;;;;;;;;;;;;;;;;;;;;;;;;;;;;;;;;;;;;;;;;;;;;;;;;;;;X;;;X;
D5757100501351;D5757100501351;OUTBOARD FLAP;REPAIR;;;;X;X;;;;;;;;;;;;;;;;;;;;X;X;X;X;;;;;;;;;;;;;;;;;;;;;;;;;;;;;;;;;;;;;;;;;;;;;;;;;;;;;;;;;;;;;;;;;;;;;;X;;;X;
D5757100501451;D5757100501451;OUTBOARD FLAP;REPAIR;;;;X;X;;;;;;;;;;;;;;;;;;;;X;X;X;X;;;;;;;;;;;;;;;;;;;;;;;;;;;;;;;;;;;;;;;;;;;;;;;;;;;;;;;;;;;;;;;;;;;;;;X;;;X;
D5757100501551;D5757100501551;OUTBOARD FLAP;REPAIR;;;;X;X;;;;;;;;;;;;;;;;;;;;X;X;X;X;;;;;;;;;;;;;;;;;;;;;;;;;;;;;;;;;;;;;;;;;;;;;;;;;;;;;;;;;;;;;;;;;;;;;;X;;;X;
D5757100501651;D5757100501651;OUTBOARD FLAP;REPAIR;;;;X;X;;;;;;;;;;;;;;;;;;;;X;X;X;X;;;;;;;;;;;;;;;;;;;;;;;;;;;;;;;;;;;;;;;;;;;;;;;;;;;;;;;;;;;;;;;;;;;;;;X;;;X;
D5757100501751;D5757100501751;OUTBOARD FLAP;REPAIR;;;;X;X;;;;;;;;;;;;;;;;;;;;X;X;X;X;;;;;;;;;;;;;;;;;;;;;;;;;;;;;;;;;;;;;;;;;;;;;;;;;;;;;;;;;;;;;;;;;;;;;;X;;;X;
D5757100501851;D5757100501851;OUTBOARD FLAP;REPAIR;;;;X;X;;;;;;;;;;;;;;;;;;;;X;X;X;X;;;;;;;;;;;;;;;;;;;;;;;;;;;;;;;;;;;;;;;;;;;;;;;;;;;;;;;;;;;;;;;;;;;;;;X;;;X;
D5757100501951;D5757100501951;OUTBOARD FLAP;REPAIR;;;;X;X;;;;;;;;;;;;;;;;;;;;X;X;X;X;;;;;;;;;;;;;;;;;;;;;;;;;;;;;;;;;;;;;;;;;;;;;;;;;;;;;;;;;;;;;;;;;;;;;;X;;;X;
D5757100502251;D5757100502251;OUTBOARD FLAP;REPAIR;;;;X;X;;;;;;;;;;;;;;;;;;;;X;X;X;X;;;;;;;;;;;;;;;;;;;;;;;;;;;;;;;;;;;;;;;;;;;;;;;;;;;;;;;;;;;;;;;;;;;;;;X;;;X;
D5757100502351;D5757100502351;OUTBOARD FLAP;REPAIR;;;;X;X;;;;;;;;;;;;;;;;;;;;X;X;X;X;;;;;;;;;;;;;;;;;;;;;;;;;;;;;;;;;;;;;;;;;;;;;;;;;;;;;;;;;;;;;;;;;;;;;;X;;;X;
D5757100502651;D5757100502651;OUTBOARD FLAP;REPAIR;;;;X;X;;;;;;;;;;;;;;;;;;;;X;X;X;X;;;;;;;;;;;;;;;;;;;;;;;;;;;;;;;;;;;;;;;;;;;;;;;;;;;;;;;;;;;;;;;;;;;;;;X;;;X;
D5757100502751;D5757100502751;OUTBOARD FLAP;REPAIR;;;;X;X;;;;;;;;;;;;;;;;;;;;X;X;X;X;;;;;;;;;;;;;;;;;;;;;;;;;;;;;;;;;;;;;;;;;;;;;;;;;;;;;;;;;;;;;;;;;;;;;;X;;;X;
D5757100502851;D5757100502851;OUTBOARD FLAP;REPAIR;;;;X;X;;;;;;;;;;;;;;;;;;;;X;X;X;X;;;;;;;;;;;;;;;;;;;;;;;;;;;;;;;;;;;;;;;;;;;;;;;;;;;;;;;;;;;;;;;;;;;;;;X;;;X;
D5757100502951;D5757100502951;OUTBOARD FLAP;REPAIR;;;;X;X;;;;;;;;;;;;;;;;;;;;X;X;X;X;;;;;;;;;;;;;;;;;;;;;;;;;;;;;;;;;;;;;;;;;;;;;;;;;;;;;;;;;;;;;;;;;;;;;;X;;;X;
D5757100503251;D5757100503251;OUTBOARD FLAP;REPAIR;;;;X;X;;;;;;;;;;;;;;;;;;;;X;X;X;X;;;;;;;;;;;;;;;;;;;;;;;;;;;;;;;;;;;;;;;;;;;;;;;;;;;;;;;;;;;;;;;;;;;;;;X;;;X;
D5757100503351;D5757100503351;OUTBOARD FLAP;REPAIR;;;;X;X;;;;;;;;;;;;;;;;;;;;X;X;X;X;;;;;;;;;;;;;;;;;;;;;;;;;;;;;;;;;;;;;;;;;;;;;;;;;;;;;;;;;;;;;;;;;;;;;;X;;;X;
D5757100503651;D5757100503651;OUTBOARD FLAP;REPAIR;;;;X;X;;;;;;;;;;;;;;;;;;;;X;X;X;X;;;;;;;;;;;;;;;;;;;;;;;;;;;;;;;;;;;;;;;;;;;;;;;;;;;;;;;;;;;;;;;;;;;;;;X;;;X;
D5757100503751;D5757100503751;OUTBOARD FLAP;REPAIR;;;;X;X;;;;;;;;;;;;;;;;;;;;X;X;X;X;;;;;;;;;;;;;;;;;;;;;;;;;;;;;;;;;;;;;;;;;;;;;;;;;;;;;;;;;;;;;;;;;;;;;;X;;;X;
D5757100504051;D5757100504051;OUTBOARD FLAP;REPAIR;;;;X;X;;;;;;;;;;;;;;;;;;;;X;X;X;X;;;;;;;;;;;;;;;;;;;;;;;;;;;;;;;;;;;;;;;;;;;;;;;;;;;;;;;;;;;;;;;;;;;;;;X;;;X;
D5757100504151;D5757100504151;OUTBOARD FLAP;REPAIR;;;;X;X;;;;;;;;;;;;;;;;;;;;X;X;X;X;;;;;;;;;;;;;;;;;;;;;;;;;;;;;;;;;;;;;;;;;;;;;;;;;;;;;;;;;;;;;;;;;;;;;;X;;;X;
D5757100504251;D5757100504251;OUTBOARD FLAP;REPAIR;;;;X;X;;;;;;;;;;;;;;;;;;;;X;X;X;X;;;;;;;;;;;;;;;;;;;;;;;;;;;;;;;;;;;;;;;;;;;;;;;;;;;;;;;;;;;;;;;;;;;;;;X;;;X;
D5757100504351;D5757100504351;OUTBOARD FLAP;REPAIR;;;;X;X;;;;;;;;;;;;;;;;;;;;X;X;X;X;;;;;;;;;;;;;;;;;;;;;;;;;;;;;;;;;;;;;;;;;;;;;;;;;;;;;;;;;;;;;;;;;;;;;;X;;;X;
D5757100504451;D5757100504451;OUTBOARD FLAP;REPAIR;;;;X;X;;;;;;;;;;;;;;;;;;;;X;X;X;X;;;;;;;;;;;;;;;;;;;;;;;;;;;;;;;;;;;;;;;;;;;;;;;;;;;;;;;;;;;;;;;;;;;;;;X;;;X;
D5757100504551;D5757100504551;OUTBOARD FLAP;REPAIR;;;;X;X;;;;;;;;;;;;;;;;;;;;X;X;X;X;;;;;;;;;;;;;;;;;;;;;;;;;;;;;;;;;;;;;;;;;;;;;;;;;;;;;;;;;;;;;;;;;;;;;;X;;;X;
D5757100504651;D5757100504651;OUTBOARD FLAP;REPAIR;;;;X;X;;;;;;;;;;;;;;;;;;;;X;X;X;X;;;;;;;;;;;;;;;;;;;;;;;;;;;;;;;;;;;;;;;;;;;;;;;;;;;;;;;;;;;;;;;;;;;;;;X;;;X;
D5757100504751;D5757100504751;OUTBOARD FLAP;REPAIR;;;;X;X;;;;;;;;;;;;;;;;;;;;X;X;X;X;;;;;;;;;;;;;;;;;;;;;;;;;;;;;;;;;;;;;;;;;;;;;;;;;;;;;;;;;;;;;;;;;;;;;;X;;;X;
D5757100505051;D5757100505051;OUTBOARD FLAP;REPAIR;;;;X;X;;;;;;;;;;;;;;;;;;;;X;X;X;X;;;;;;;;;;;;;;;;;;;;;;;;;;;;;;;;;;;;;;;;;;;;;;;;;;;;;;;;;;;;;;;;;;;;;;X;;;X;
D5757100505151;D5757100505151;OUTBOARD FLAP;REPAIR;;;;X;X;;;;;;;;;;;;;;;;;;;;X;X;X;X;;;;;;;;;;;;;;;;;;;;;;;;;;;;;;;;;;;;;;;;;;;;;;;;;;;;;;;;;;;;;;;;;;;;;;X;;;X;
D5757100505251;D5757100505251;OUTBOARD FLAP;REPAIR;;;;X;X;;;;;;;;;;;;;;;;;;;;X;X;X;X;;;;;;;;;;;;;;;;;;;;;;;;;;;;;;;;;;;;;;;;;;;;;;;;;;;;;;;;;;;;;;;;;;;;;;X;;;X;
D5757100505351;D5757100505351;OUTBOARD FLAP;REPAIR;;;;X;X;;;;;;;;;;;;;;;;;;;;X;X;X;X;;;;;;;;;;;;;;;;;;;;;;;;;;;;;;;;;;;;;;;;;;;;;;;;;;;;;;;;;;;;;;;;;;;;;;X;;;X;
D5757100505451;D5757100505451;OUTBOARD FLAP;REPAIR;;;;X;X;;;;;;;;;;;;;;;;;;;;X;X;X;X;;;;;;;;;;;;;;;;;;;;;;;;;;;;;;;;;;;;;;;;;;;;;;;;;;;;;;;;;;;;;;;;;;;;;;X;;;X;
D5757100505551;D5757100505551;OUTBOARD FLAP;REPAIR;;;;X;X;;;;;;;;;;;;;;;;;;;;X;X;X;X;;;;;;;;;;;;;;;;;;;;;;;;;;;;;;;;;;;;;;;;;;;;;;;;;;;;;;;;;;;;;;;;;;;;;;X;;;X;
D5757100505651;D5757100505651;OUTBOARD FLAP;REPAIR;;;;X;X;;;;;;;;;;;;;;;;;;;;X;X;X;X;;;;;;;;;;;;;;;;;;;;;;;;;;;;;;;;;;;;;;;;;;;;;;;;;;;;;;;;;;;;;;;;;;;;;;X;;;X;
D5757100505751;D5757100505751;OUTBOARD FLAP;REPAIR;;;;X;X;;;;;;;;;;;;;;;;;;;;X;X;X;X;;;;;;;;;;;;;;;;;;;;;;;;;;;;;;;;;;;;;;;;;;;;;;;;;;;;;;;;;;;;;;;;;;;;;;X;;;X;
D5757100505851;D5757100505851;OUTBOARD FLAP;REPAIR;;;;X;X;;;;;;;;;;;;;;;;;;;;X;X;X;X;;;;;;;;;;;;;;;;;;;;;;;;;;;;;;;;;;;;;;;;;;;;;;;;;;;;;;;;;;;;;;;;;;;;;;X;;;X;
D5757100505951;D5757100505951;OUTBOARD FLAP;REPAIR;;;;X;X;;;;;;;;;;;;;;;;;;;;X;X;X;X;;;;;;;;;;;;;;;;;;;;;;;;;;;;;;;;;;;;;;;;;;;;;;;;;;;;;;;;;;;;;;;;;;;;;;X;;;X;
D5757100506051;D5757100506051;OUTBOARD FLAP;REPAIR;;;;X;X;;;;;;;;;;;;;;;;;;;;X;X;X;X;;;;;;;;;;;;;;;;;;;;;;;;;;;;;;;;;;;;;;;;;;;;;;;;;;;;;;;;;;;;;;;;;;;;;;X;;;X;
D5757100506151;D5757100506151;OUTBOARD FLAP;REPAIR;;;;X;X;;;;;;;;;;;;;;;;;;;;X;X;X;X;;;;;;;;;;;;;;;;;;;;;;;;;;;;;;;;;;;;;;;;;;;;;;;;;;;;;;;;;;;;;;;;;;;;;;X;;;X;
D5757100506251;D5757100506251;OUTBOARD FLAP;REPAIR;;;;X;X;;;;;;;;;;;;;;;;;;;;X;X;X;X;;;;;;;;;;;;;;;;;;;;;;;;;;;;;;;;;;;;;;;;;;;;;;;;;;;;;;;;;;;;;;;;;;;;;;X;;;X;
D5757100506351;D5757100506351;OUTBOARD FLAP;REPAIR;;;;X;X;;;;;;;;;;;;;;;;;;;;X;X;X;X;;;;;;;;;;;;;;;;;;;;;;;;;;;;;;;;;;;;;;;;;;;;;;;;;;;;;;;;;;;;;;;;;;;;;;X;;;X;
D5757100506451;D5757100506451;OUTBOARD FLAP;REPAIR;;;;X;X;;;;;;;;;;;;;;;;;;;;X;X;X;X;;;;;;;;;;;;;;;;;;;;;;;;;;;;;;;;;;;;;;;;;;;;;;;;;;;;;;;;;;;;;;;;;;;;;;X;;;X;
D5757100506551;D5757100506551;OUTBOARD FLAP;REPAIR;;;;X;X;;;;;;;;;;;;;;;;;;;;X;X;X;X;;;;;;;;;;;;;;;;;;;;;;;;;;;;;;;;;;;;;;;;;;;;;;;;;;;;;;;;;;;;;;;;;;;;;;X;;;X;
D5757100506651;D5757100506651;OUTBOARD FLAP;REPAIR;;;;X;X;;;;;;;;;;;;;;;;;;;;X;X;X;X;;;;;;;;;;;;;;;;;;;;;;;;;;;;;;;;;;;;;;;;;;;;;;;;;;;;;;;;;;;;;;;;;;;;;;X;;;X;
D5757100506751;D5757100506751;OUTBOARD FLAP;REPAIR;;;;X;X;;;;;;;;;;;;;;;;;;;;X;X;X;X;;;;;;;;;;;;;;;;;;;;;;;;;;;;;;;;;;;;;;;;;;;;;;;;;;;;;;;;;;;;;;;;;;;;;;X;;;X;
D5757100506851;D5757100506851;OUTBOARD FLAP;REPAIR;;;;X;X;;;;;;;;;;;;;;;;;;;;X;X;X;X;;;;;;;;;;;;;;;;;;;;;;;;;;;;;;;;;;;;;;;;;;;;;;;;;;;;;;;;;;;;;;;;;;;;;;X;;;X;
D5757100506951;D5757100506951;OUTBOARD FLAP;REPAIR;;;;X;X;;;;;;;;;;;;;;;;;;;;X;X;X;X;;;;;;;;;;;;;;;;;;;;;;;;;;;;;;;;;;;;;;;;;;;;;;;;;;;;;;;;;;;;;;;;;;;;;;X;;;X;
D5757100507051;D5757100507051;OUTBOARD FLAP;REPAIR;;;;X;X;;;;;;;;;;;;;;;;;;;;X;X;X;X;;;;;;;;;;;;;;;;;;;;;;;;;;;;;;;;;;;;;;;;;;;;;;;;;;;;;;;;;;;;;;;;;;;;;;X;;;X;
D5757100507151;D5757100507151;OUTBOARD FLAP;REPAIR;;;;X;X;;;;;;;;;;;;;;;;;;;;X;X;X;X;;;;;;;;;;;;;;;;;;;;;;;;;;;;;;;;;;;;;;;;;;;;;;;;;;;;;;;;;;;;;;;;;;;;;;X;;;X;
D5757100507251;D5757100507251;OUTBOARD FLAP;REPAIR;;;;X;X;;;;;;;;;;;;;;;;;;;;X;X;X;X;;;;;;;;;;;;;;;;;;;;;;;;;;;;;;;;;;;;;;;;;;;;;;;;;;;;;;;;;;;;;;;;;;;;;;X;;;X;
D5757100507351;D5757100507351;OUTBOARD FLAP;REPAIR;;;;X;X;;;;;;;;;;;;;;;;;;;;X;X;X;X;;;;;;;;;;;;;;;;;;;;;;;;;;;;;;;;;;;;;;;;;;;;;;;;;;;;;;;;;;;;;;;;;;;;;;X;;;X;
D5757100507451;D5757100507451;OUTBOARD FLAP;REPAIR;;;;X;X;;;;;;;;;;;;;;;;;;;;X;X;X;X;;;;;;;;;;;;;;;;;;;;;;;;;;;;;;;;;;;;;;;;;;;;;;;;;;;;;;;;;;;;;;;;;;;;;;X;;;X;
D5757100507551;D5757100507551;OUTBOARD FLAP;REPAIR;;;;X;X;;;;;;;;;;;;;;;;;;;;X;X;X;X;;;;;;;;;;;;;;;;;;;;;;;;;;;;;;;;;;;;;;;;;;;;;;;;;;;;;;;;;;;;;;;;;;;;;;X;;;X;
D5757100507651;D5757100507651;OUTBOARD FLAP;REPAIR;;;;X;X;;;;;;;;;;;;;;;;;;;;X;X;X;X;;;;;;;;;;;;;;;;;;;;;;;;;;;;;;;;;;;;;;;;;;;;;;;;;;;;;;;;;;;;;;;;;;;;;;X;;;X;
D5757100507751;D5757100507751;OUTBOARD FLAP;REPAIR;;;;X;X;;;;;;;;;;;;;;;;;;;;X;X;X;X;;;;;;;;;;;;;;;;;;;;;;;;;;;;;;;;;;;;;;;;;;;;;;;;;;;;;;;;;;;;;;;;;;;;;;X;;;X;
D5757100507851;D5757100507851;OUTBOARD FLAP;REPAIR;;;;X;X;;;;;;;;;;;;;;;;;;;;X;X;X;X;;;;;;;;;;;;;;;;;;;;;;;;;;;;;;;;;;;;;;;;;;;;;;;;;;;;;;;;;;;;;;;;;;;;;;X;;;X;
D5757100507951;D5757100507951;OUTBOARD FLAP;REPAIR;;;;X;X;;;;;;;;;;;;;;;;;;;;X;X;X;X;;;;;;;;;;;;;;;;;;;;;;;;;;;;;;;;;;;;;;;;;;;;;;;;;;;;;;;;;;;;;;;;;;;;;;X;;;X;
D5757100508651;D5757100508651;OUTBOARD FLAP;REPAIR;;;;X;X;;;;;;;;;;;;;;;;;;;;X;X;X;X;;;;;;;;;;;;;;;;;;;;;;;;;;;;;;;;;;;;;;;;;;;;;;;;;;;;;;;;;;;;;;;;;;;;;;X;;;X;
D5757100508751;D5757100508751;OUTBOARD FLAP;REPAIR;;;;X;X;;;;;;;;;;;;;;;;;;;;X;X;X;X;;;;;;;;;;;;;;;;;;;;;;;;;;;;;;;;;;;;;;;;;;;;;;;;;;;;;;;;;;;;;;;;;;;;;;X;;;X;
D5757100508851;D5757100508851;OUTBOARD FLAP;REPAIR;;;;X;X;;;;;;;;;;;;;;;;;;;;X;X;X;X;;;;;;;;;;;;;;;;;;;;;;;;;;;;;;;;;;;;;;;;;;;;;;;;;;;;;;;;;;;;;;;;;;;;;;X;;;X;
D5757100508951;D5757100508951;OUTBOARD FLAP;REPAIR;;;;X;X;;;;;;;;;;;;;;;;;;;;X;X;X;X;;;;;;;;;;;;;;;;;;;;;;;;;;;;;;;;;;;;;;;;;;;;;;;;;;;;;;;;;;;;;;;;;;;;;;X;;;X;
D5757100601400;D5757100601400;OUTBOARD FLAP;REPAIR;;;;X;X;;;;;;;;;;;;;;;;;;;;X;X;X;X;;;;;;;;;;;;;;;;;;;;;;;;;;;;;;;;;;;;;;;;;;;;;;;;;;;;;;;;;;;;;;;;;;;;;;X;;;X;
D5757100601451;D5757100601451;OUTBOARD FLAP;REPAIR;;;;X;X;;;;;;;;;;;;;;;;;;;;X;X;X;X;;;;;;;;;;;;;;;;;;;;;;;;;;;;;;;;;;;;;;;;;;;;;;;;;;;;;;;;;;;;;;;;;;;;;;X;;;X;
D5757100601500;D5757100601500;OUTBOARD FLAP;REPAIR;;;;X;X;;;;;;;;;;;;;;;;;;;;X;X;X;X;;;;;;;;;;;;;;;;;;;;;;;;;;;;;;;;;;;;;;;;;;;;;;;;;;;;;;;;;;;;;;;;;;;;;;X;;;X;
D5757100601551;D5757100601551;OUTBOARD FLAP;REPAIR;;;;X;X;;;;;;;;;;;;;;;;;;;;X;X;X;X;;;;;;;;;;;;;;;;;;;;;;;;;;;;;;;;;;;;;;;;;;;;;;;;;;;;;;;;;;;;;;;;;;;;;;X;;;X;
D5757100601800;D5757100601800;OUTBOARD FLAP;REPAIR;;;;X;X;;;;;;;;;;;;;;;;;;;;X;X;X;X;;;;;;;;;;;;;;;;;;;;;;;;;;;;;;;;;;;;;;;;;;;;;;;;;;;;;;;;;;;;;;;;;;;;;;X;;;X;
D5757100601900;D5757100601900;OUTBOARD FLAP;REPAIR;;;;X;X;;;;;;;;;;;;;;;;;;;;X;X;X;X;;;;;;;;;;;;;;;;;;;;;;;;;;;;;;;;;;;;;;;;;;;;;;;;;;;;;;;;;;;;;;;;;;;;;;X;;;X;
D5757100602200;D5757100602200;OUTBOARD FLAP;REPAIR;;;;X;X;;;;;;;;;;;;;;;;;;;;X;X;X;X;;;;;;;;;;;;;;;;;;;;;;;;;;;;;;;;;;;;;;;;;;;;;;;;;;;;;;;;;;;;;;;;;;;;;;X;;;X;
D5757100602300;D5757100602300;OUTBOARD FLAP;REPAIR;;;;X;X;;;;;;;;;;;;;;;;;;;;X;X;X;X;;;;;;;;;;;;;;;;;;;;;;;;;;;;;;;;;;;;;;;;;;;;;;;;;;;;;;;;;;;;;;;;;;;;;;X;;;X;
D5757100602400;D5757100602400;OUTBOARD FLAP;REPAIR;;;;X;X;;;;;;;;;;;;;;;;;;;;X;X;X;X;;;;;;;;;;;;;;;;;;;;;;;;;;;;;;;;;;;;;;;;;;;;;;;;;;;;;;;;;;;;;;;;;;;;;;X;;;X;
D5757100602500;D5757100602500;OUTBOARD FLAP;REPAIR;;;;X;X;;;;;;;;;;;;;;;;;;;;X;X;X;X;;;;;;;;;;;;;;;;;;;;;;;;;;;;;;;;;;;;;;;;;;;;;;;;;;;;;;;;;;;;;;;;;;;;;;X;;;X;
D5757100602600;D5757100602600;OUTBOARD FLAP;REPAIR;;;;X;X;;;;;;;;;;;;;;;;;;;;X;X;X;X;;;;;;;;;;;;;;;;;;;;;;;;;;;;;;;;;;;;;;;;;;;;;;;;;;;;;;;;;;;;;;;;;;;;;;X;;;X;
D5757100602700;D5757100602700;OUTBOARD FLAP;REPAIR;;;;X;X;;;;;;;;;;;;;;;;;;;;X;X;X;X;;;;;;;;;;;;;;;;;;;;;;;;;;;;;;;;;;;;;;;;;;;;;;;;;;;;;;;;;;;;;;;;;;;;;;X;;;X;
D5757100602800;D5757100602800;OUTBOARD FLAP;REPAIR;;;;X;X;;;;;;;;;;;;;;;;;;;;X;X;X;X;;;;;;;;;;;;;;;;;;;;;;;;;;;;;;;;;;;;;;;;;;;;;;;;;;;;;;;;;;;;;;;;;;;;;;X;;;X;
D5757100602900;D5757100602900;OUTBOARD FLAP;REPAIR;;;;X;X;;;;;;;;;;;;;;;;;;;;X;X;X;X;;;;;;;;;;;;;;;;;;;;;;;;;;;;;;;;;;;;;;;;;;;;;;;;;;;;;;;;;;;;;;;;;;;;;;X;;;X;
D5757100603600;D5757100603600;OUTBOARD FLAP;REPAIR;;;;X;X;;;;;;;;;;;;;;;;;;;;X;X;X;X;;;;;;;;;;;;;;;;;;;;;;;;;;;;;;;;;;;;;;;;;;;;;;;;;;;;;;;;;;;;;;;;;;;;;;X;;;X;
D5757100603700;D5757100603700;OUTBOARD FLAP;REPAIR;;;;X;X;;;;;;;;;;;;;;;;;;;;X;X;X;X;;;;;;;;;;;;;;;;;;;;;;;;;;;;;;;;;;;;;;;;;;;;;;;;;;;;;;;;;;;;;;;;;;;;;;X;;;X;
D5757100603800;D5757100603800;OUTBOARD FLAP;REPAIR;;;;X;X;;;;;;;;;;;;;;;;;;;;X;X;X;X;;;;;;;;;;;;;;;;;;;;;;;;;;;;;;;;;;;;;;;;;;;;;;;;;;;;;;;;;;;;;;;;;;;;;;X;;;X;
D5757100603900;D5757100603900;OUTBOARD FLAP;REPAIR;;;;X;X;;;;;;;;;;;;;;;;;;;;X;X;X;X;;;;;;;;;;;;;;;;;;;;;;;;;;;;;;;;;;;;;;;;;;;;;;;;;;;;;;;;;;;;;;;;;;;;;;X;;;X;
D5757100604400;D5757100604400;OUTBOARD FLAP;REPAIR;;;;X;X;;;;;;;;;;;;;;;;;;;;X;X;X;X;;;;;;;;;;;;;;;;;;;;;;;;;;;;;;;;;;;;;;;;;;;;;;;;;;;;;;;;;;;;;;;;;;;;;;X;;;X;
D5757100604500;D5757100604500;OUTBOARD FLAP;REPAIR;;;;X;X;;;;;;;;;;;;;;;;;;;;X;X;X;X;;;;;;;;;;;;;;;;;;;;;;;;;;;;;;;;;;;;;;;;;;;;;;;;;;;;;;;;;;;;;;;;;;;;;;X;;;X;
D5757100700000;D5757100700000;OUTBOARD FLAP;REPAIR;;;;X;X;;;;;;;;;;;;;;;;;;;;X;X;X;X;;;;;;;;;;;;;;;;;;;;;;;;;;;;;;;;;;;;;;;;;;;;;;;;;;;;;;;;;;;;;;;;;;;;;;X;;;X;
D5757100700100;D5757100700100;OUTBOARD FLAP;REPAIR;;;;X;X;;;;;;;;;;;;;;;;;;;;X;X;X;X;;;;;;;;;;;;;;;;;;;;;;;;;;;;;;;;;;;;;;;;;;;;;;;;;;;;;;;;;;;;;;;;;;;;;;X;;;X;
D5757100700200;D5757100700200;OUTBOARD FLAP;REPAIR;;;;X;X;;;;;;;;;;;;;;;;;;;;X;X;X;X;;;;;;;;;;;;;;;;;;;;;;;;;;;;;;;;;;;;;;;;;;;;;;;;;;;;;;;;;;;;;;;;;;;;;;X;;;X;
D5757100700300;D5757100700300;OUTBOARD FLAP;REPAIR;;;;X;X;;;;;;;;;;;;;;;;;;;;X;X;X;X;;;;;;;;;;;;;;;;;;;;;;;;;;;;;;;;;;;;;;;;;;;;;;;;;;;;;;;;;;;;;;;;;;;;;;X;;;X;
D5757100700400;D5757100700400;OUTBOARD FLAP;REPAIR;;;;X;X;;;;;;;;;;;;;;;;;;;;X;X;X;X;;;;;;;;;;;;;;;;;;;;;;;;;;;;;;;;;;;;;;;;;;;;;;;;;;;;;;;;;;;;;;;;;;;;;;X;;;X;
D5757100700500;D5757100700500;OUTBOARD FLAP;REPAIR;;;;X;X;;;;;;;;;;;;;;;;;;;;X;X;X;X;;;;;;;;;;;;;;;;;;;;;;;;;;;;;;;;;;;;;;;;;;;;;;;;;;;;;;;;;;;;;;;;;;;;;;X;;;X;
D5757100800000;D5757100800000;OUTBOARD FLAP;REPAIR;;;;X;X;;;;;;;;;;;;;;;;;;;;X;X;X;X;;;;;;;;;;;;;;;;;;;;;;;;;;;;;;;;;;;;;;;;;;;;;;;;;;;;;;;;;;;;;;;;;;;;;;X;;;X;
D5757100800100;D5757100800100;OUTBOARD FLAP;REPAIR;;;;X;X;;;;;;;;;;;;;;;;;;;;X;X;X;X;;;;;;;;;;;;;;;;;;;;;;;;;;;;;;;;;;;;;;;;;;;;;;;;;;;;;;;;;;;;;;;;;;;;;;X;;;X;
D5757305000400;D5757305000400;INBOARD FLAP;REPAIR;;;;X;X;;;;;;;;;;;;;;;;;;;;X;X;X;X;;;;;;;;;;;;;;;;;;;;;;;;;;;;;;;;;;;;;;;;;;;;;;;;;;;;;;;;;;;;;;;;;;;;;;X;;;X;
D5757305000500;D5757305000500;INBOARD FLAP;REPAIR;;;;X;X;;;;;;;;;;;;;;;;;;;;X;X;X;X;;;;;;;;;;;;;;;;;;;;;;;;;;;;;;;;;;;;;;;;;;;;;;;;;;;;;;;;;;;;;;;;;;;;;;X;;;X;
D5757305000600;D5757305000600;INBOARD FLAP;REPAIR;;;;X;X;;;;;;;;;;;;;;;;;;;;X;X;X;X;;;;;;;;;;;;;;;;;;;;;;;;;;;;;;;;;;;;;;;;;;;;;;;;;;;;;;;;;;;;;;;;;;;;;;X;;;X;
D5757305000700;D5757305000700;INBOARD FLAP;REPAIR;;;;X;X;;;;;;;;;;;;;;;;;;;;X;X;X;X;;;;;;;;;;;;;;;;;;;;;;;;;;;;;;;;;;;;;;;;;;;;;;;;;;;;;;;;;;;;;;;;;;;;;;X;;;X;
D5757305000800;D5757305000800;INBOARD FLAP;REPAIR;;;;X;X;;;;;;;;;;;;;;;;;;;;X;X;X;X;;;;;;;;;;;;;;;;;;;;;;;;;;;;;;;;;;;;;;;;;;;;;;;;;;;;;;;;;;;;;;;;;;;;;;X;;;X;
D5757305000900;D5757305000900;INBOARD FLAP;REPAIR;;;;X;X;;;;;;;;;;;;;;;;;;;;X;X;X;X;;;;;;;;;;;;;;;;;;;;;;;;;;;;;;;;;;;;;;;;;;;;;;;;;;;;;;;;;;;;;;;;;;;;;;X;;;X;
D5757305001000;D5757305001000;INBOARD FLAP;REPAIR;;;;X;X;;;;;;;;;;;;;;;;;;;;X;X;X;X;;;;;;;;;;;;;;;;;;;;;;;;;;;;;;;;;;;;;;;;;;;;;;;;;;;;;;;;;;;;;;;;;;;;;;X;;;X;
D5757305001100;D5757305001100;INBOARD FLAP;REPAIR;;;;X;X;;;;;;;;;;;;;;;;;;;;X;X;X;X;;;;;;;;;;;;;;;;;;;;;;;;;;;;;;;;;;;;;;;;;;;;;;;;;;;;;;;;;;;;;;;;;;;;;;X;;;X;
D5757305001200;D5757305001200;INBOARD FLAP;REPAIR;;;;X;X;;;;;;;;;;;;;;;;;;;;X;X;X;X;;;;;;;;;;;;;;;;;;;;;;;;;;;;;;;;;;;;;;;;;;;;;;;;;;;;;;;;;;;;;;;;;;;;;;X;;;X;
D5757305001300;D5757305001300;INBOARD FLAP;REPAIR;;;;X;X;;;;;;;;;;;;;;;;;;;;X;X;X;X;;;;;;;;;;;;;;;;;;;;;;;;;;;;;;;;;;;;;;;;;;;;;;;;;;;;;;;;;;;;;;;;;;;;;;X;;;X;
D5757305001400;D5757305001400;INBOARD FLAP;REPAIR;;;;X;X;;;;;;;;;;;;;;;;;;;;X;X;X;X;;;;;;;;;;;;;;;;;;;;;;;;;;;;;;;;;;;;;;;;;;;;;;;;;;;;;;;;;;;;;;;;;;;;;;X;;;X;
D5757305001500;D5757305001500;INBOARD FLAP;REPAIR;;;;X;X;;;;;;;;;;;;;;;;;;;;X;X;X;X;;;;;;;;;;;;;;;;;;;;;;;;;;;;;;;;;;;;;;;;;;;;;;;;;;;;;;;;;;;;;;;;;;;;;;X;;;X;
D5757305001600;D5757305001600;INBOARD FLAP;REPAIR;;;;X;X;;;;;;;;;;;;;;;;;;;;X;X;X;X;;;;;;;;;;;;;;;;;;;;;;;;;;;;;;;;;;;;;;;;;;;;;;;;;;;;;;;;;;;;;;;;;;;;;;X;;;X;
D5757305001700;D5757305001700;INBOARD FLAP;REPAIR;;;;X;X;;;;;;;;;;;;;;;;;;;;X;X;X;X;;;;;;;;;;;;;;;;;;;;;;;;;;;;;;;;;;;;;;;;;;;;;;;;;;;;;;;;;;;;;;;;;;;;;;X;;;X;
D5757305001800;D5757305001800;INBOARD FLAP;REPAIR;;;;X;X;;;;;;;;;;;;;;;;;;;;X;X;X;X;;;;;;;;;;;;;;;;;;;;;;;;;;;;;;;;;;;;;;;;;;;;;;;;;;;;;;;;;;;;;;;;;;;;;;X;;;X;
D5757305001900;D5757305001900;INBOARD FLAP;REPAIR;;;;X;X;;;;;;;;;;;;;;;;;;;;X;X;X;X;;;;;;;;;;;;;;;;;;;;;;;;;;;;;;;;;;;;;;;;;;;;;;;;;;;;;;;;;;;;;;;;;;;;;;X;;;X;
D5757305002000;D5757305002000;INBOARD FLAP;REPAIR;;;;X;X;;;;;;;;;;;;;;;;;;;;X;X;X;X;;;;;;;;;;;;;;;;;;;;;;;;;;;;;;;;;;;;;;;;;;;;;;;;;;;;;;;;;;;;;;;;;;;;;;X;;;X;
D5757305002100;D5757305002100;INBOARD FLAP;REPAIR;;;;X;X;;;;;;;;;;;;;;;;;;;;X;X;X;X;;;;;;;;;;;;;;;;;;;;;;;;;;;;;;;;;;;;;;;;;;;;;;;;;;;;;;;;;;;;;;;;;;;;;;X;;;X;
D5757305002200;D5757305002200;INBOARD FLAP;REPAIR;;;;X;X;;;;;;;;;;;;;;;;;;;;X;X;X;X;;;;;;;;;;;;;;;;;;;;;;;;;;;;;;;;;;;;;;;;;;;;;;;;;;;;;;;;;;;;;;;;;;;;;;X;;;X;
D5757305002300;D5757305002300;INBOARD FLAP;REPAIR;;;;X;X;;;;;;;;;;;;;;;;;;;;X;X;X;X;;;;;;;;;;;;;;;;;;;;;;;;;;;;;;;;;;;;;;;;;;;;;;;;;;;;;;;;;;;;;;;;;;;;;;X;;;X;
D5757305002400;D5757305002400;INBOARD FLAP;REPAIR;;;;X;X;;;;;;;;;;;;;;;;;;;;X;X;X;X;;;;;;;;;;;;;;;;;;;;;;;;;;;;;;;;;;;;;;;;;;;;;;;;;;;;;;;;;;;;;;;;;;;;;;X;;;X;
D5757305002500;D5757305002500;INBOARD FLAP;REPAIR;;;;X;X;;;;;;;;;;;;;;;;;;;;X;X;X;X;;;;;;;;;;;;;;;;;;;;;;;;;;;;;;;;;;;;;;;;;;;;;;;;;;;;;;;;;;;;;;;;;;;;;;X;;;X;
D5757305002600;D5757305002600;INBOARD FLAP;REPAIR;;;;X;X;;;;;;;;;;;;;;;;;;;;X;X;X;X;;;;;;;;;;;;;;;;;;;;;;;;;;;;;;;;;;;;;;;;;;;;;;;;;;;;;;;;;;;;;;;;;;;;;;X;;;X;
D5757305002700;D5757305002700;INBOARD FLAP;REPAIR;;;;X;X;;;;;;;;;;;;;;;;;;;;X;X;X;X;;;;;;;;;;;;;;;;;;;;;;;;;;;;;;;;;;;;;;;;;;;;;;;;;;;;;;;;;;;;;;;;;;;;;;X;;;X;
D5757305002800;D5757305002800;INBOARD FLAP;REPAIR;;;;X;X;;;;;;;;;;;;;;;;;;;;X;X;X;X;;;;;;;;;;;;;;;;;;;;;;;;;;;;;;;;;;;;;;;;;;;;;;;;;;;;;;;;;;;;;;;;;;;;;;X;;;X;
D5757305002900;D5757305002900;INBOARD FLAP;REPAIR;;;;X;X;;;;;;;;;;;;;;;;;;;;X;X;X;X;;;;;;;;;;;;;;;;;;;;;;;;;;;;;;;;;;;;;;;;;;;;;;;;;;;;;;;;;;;;;;;;;;;;;;X;;;X;
D5757305003000;D5757305003000;INBOARD FLAP;REPAIR;;;;X;X;;;;;;;;;;;;;;;;;;;;X;X;X;X;;;;;;;;;;;;;;;;;;;;;;;;;;;;;;;;;;;;;;;;;;;;;;;;;;;;;;;;;;;;;;;;;;;;;;X;;;X;
D5757305003100;D5757305003100;INBOARD FLAP;REPAIR;;;;X;X;;;;;;;;;;;;;;;;;;;;X;X;X;X;;;;;;;;;;;;;;;;;;;;;;;;;;;;;;;;;;;;;;;;;;;;;;;;;;;;;;;;;;;;;;;;;;;;;;X;;;X;
D5757305003200;D5757305003200;INBOARD FLAP;REPAIR;;;;X;X;;;;;;;;;;;;;;;;;;;;X;X;X;X;;;;;;;;;;;;;;;;;;;;;;;;;;;;;;;;;;;;;;;;;;;;;;;;;;;;;;;;;;;;;;;;;;;;;;X;;;X;
D5757305003300;D5757305003300;INBOARD FLAP;REPAIR;;;;X;X;;;;;;;;;;;;;;;;;;;;X;X;X;X;;;;;;;;;;;;;;;;;;;;;;;;;;;;;;;;;;;;;;;;;;;;;;;;;;;;;;;;;;;;;;;;;;;;;;X;;;X;
D5757305003400;D5757305003400;INBOARD FLAP;REPAIR;;;;X;X;;;;;;;;;;;;;;;;;;;;X;X;X;X;;;;;;;;;;;;;;;;;;;;;;;;;;;;;;;;;;;;;;;;;;;;;;;;;;;;;;;;;;;;;;;;;;;;;;X;;;X;
D5757305003500;D5757305003500;INBOARD FLAP;REPAIR;;;;X;X;;;;;;;;;;;;;;;;;;;;X;X;X;X;;;;;;;;;;;;;;;;;;;;;;;;;;;;;;;;;;;;;;;;;;;;;;;;;;;;;;;;;;;;;;;;;;;;;;X;;;X;
D5757305003600;D5757305003600;INBOARD FLAP;REPAIR;;;;X;X;;;;;;;;;;;;;;;;;;;;X;X;X;X;;;;;;;;;;;;;;;;;;;;;;;;;;;;;;;;;;;;;;;;;;;;;;;;;;;;;;;;;;;;;;;;;;;;;;X;;;X;
D5757305003700;D5757305003700;INBOARD FLAP;REPAIR;;;;X;X;;;;;;;;;;;;;;;;;;;;X;X;X;X;;;;;;;;;;;;;;;;;;;;;;;;;;;;;;;;;;;;;;;;;;;;;;;;;;;;;;;;;;;;;;;;;;;;;;X;;;X;
D5757305003800;D5757305003800;INBOARD FLAP STRUCTURE COMPL;REPAIR;;;;X;X;X;X;X;;;;;;;;;;;;;X;;;;X;X;X;X;;;;;;;;;;;;;;;;;;;;;;;;;;;;;;;;;;;;;;;;;;;;;;;;;;;;;;;;;;;;;;;;;;;;;;X;;;X;
D5757305003900;D5757305003900;INBOARD FLAP;REPAIR;;;;X;X;;;;;;;;;;;;;;;;;;;;X;X;X;X;;;;;;;;;;;;;;;;;;;;;;;;;;;;;;;;;;;;;;;;;;;;;;;;;;;;;;;;;;;;;;;;;;;;;;X;;;X;
D5757305004000;D5757305004000;INBOARD FLAP;REPAIR;;;;X;X;;;;;;;;;;;;;;;;;;;;X;X;X;X;;;;;;;;;;;;;;;;;;;;;;;;;;;;;;;;;;;;;;;;;;;;;;;;;;;;;;;;;;;;;;;;;;;;;;X;;;X;
D5757305004100;D5757305004100;INBOARD FLAP;REPAIR;;;;X;X;;;;;;;;;;;;;;;;;;;;X;X;X;X;;;;;;;;;;;;;;;;;;;;;;;;;;;;;;;;;;;;;;;;;;;;;;;;;;;;;;;;;;;;;;;;;;;;;;X;;;X;
D5757305004200;D5757305004200;INBOARD FLAP;REPAIR;;;;X;X;;;;;;;;;;;;;;;;;;;;X;X;X;X;;;;;;;;;;;;;;;;;;;;;;;;;;;;;;;;;;;;;;;;;;;;;;;;;;;;;;;;;;;;;;;;;;;;;;X;;;X;
D5757305004300;D5757305004300;INBOARD FLAP;REPAIR;;;;X;X;;;;;;;;;;;;;;;;;;;;X;X;X;X;;;;;;;;;;;;;;;;;;;;;;;;;;;;;;;;;;;;;;;;;;;;;;;;;;;;;;;;;;;;;;;;;;;;;;X;;;X;
D5757305004400;D5757305004400;INBOARD FLAP;REPAIR;;;;X;X;;;;;;;;;;;;;;;;;;;;X;X;X;X;;;;;;;;;;;;;;;;;;;;;;;;;;;;;;;;;;;;;;;;;;;;;;;;;;;;;;;;;;;;;;;;;;;;;;X;;;X;
D5757305004500;D5757305004500;INBOARD FLAP;REPAIR;;;;X;X;;;;;;;;;;;;;;;;;;;;X;X;X;X;;;;;;;;;;;;;;;;;;;;;;;;;;;;;;;;;;;;;;;;;;;;;;;;;;;;;;;;;;;;;;;;;;;;;;X;;;X;
D5757305004600;D5757305004600;INBOARD FLAP;REPAIR;;;;X;X;;;;;;;;;;;;;;;;;;;;X;X;X;X;;;;;;;;;;;;;;;;;;;;;;;;;;;;;;;;;;;;;;;;;;;;;;;;;;;;;;;;;;;;;;;;;;;;;;X;;;X;
D5757305004700;D5757305004700;INBOARD FLAP;REPAIR;;;;X;X;;;;;;;;;;;;;;;;;;;;X;X;X;X;;;;;;;;;;;;;;;;;;;;;;;;;;;;;;;;;;;;;;;;;;;;;;;;;;;;;;;;;;;;;;;;;;;;;;X;;;X;
D5757305004800;D5757305004800;INBOARD FLAP;REPAIR;;;;X;X;;;;;;;;;;;;;;;;;;;;X;X;X;X;;;;;;;;;;;;;;;;;;;;;;;;;;;;;;;;;;;;;;;;;;;;;;;;;;;;;;;;;;;;;;;;;;;;;;X;;;X;
D5757305004900;D5757305004900;INBOARD FLAP;REPAIR;;;;X;X;;;;;;;;;;;;;;;;;;;;X;X;X;X;;;;;;;;;;;;;;;;;;;;;;;;;;;;;;;;;;;;;;;;;;;;;;;;;;;;;;;;;;;;;;;;;;;;;;X;;;X;
D5757305005000;D5757305005000;INBOARD FLAP;REPAIR;;;;X;X;;;;;;;;;;;;;;;;;;;;X;X;X;X;;;;;;;;;;;;;;;;;;;;;;;;;;;;;;;;;;;;;;;;;;;;;;;;;;;;;;;;;;;;;;;;;;;;;;X;;;X;
D5757305005100;D5757305005100;INBOARD FLAP;REPAIR;;;;X;X;;;;;;;;;;;;;;;;;;;;X;X;X;X;;;;;;;;;;;;;;;;;;;;;;;;;;;;;;;;;;;;;;;;;;;;;;;;;;;;;;;;;;;;;;;;;;;;;;X;;;X;
D5757305005200;D5757305005200;INBOARD FLAP;REPAIR;;;;X;X;;;;;;;;;;;;;;;;;;;;X;X;X;X;;;;;;;;;;;;;;;;;;;;;;;;;;;;;;;;;;;;;;;;;;;;;;;;;;;;;;;;;;;;;;;;;;;;;;X;;;X;
D5757305005300;D5757305005300;INBOARD FLAP;REPAIR;;;;X;X;;;;;;;;;;;;;;;;;;;;X;X;X;X;;;;;;;;;;;;;;;;;;;;;;;;;;;;;;;;;;;;;;;;;;;;;;;;;;;;;;;;;;;;;;;;;;;;;;X;;;X;
D5757305005400;D5757305005400;INBOARD FLAP;REPAIR;;;;X;X;;;;;;;;;;;;;;;;;;;;X;X;X;X;;;;;;;;;;;;;;;;;;;;;;;;;;;;;;;;;;;;;;;;;;;;;;;;;;;;;;;;;;;;;;;;;;;;;;X;;;X;
D5757305005500;D5757305005500;INBOARD FLAP;REPAIR;;;;X;X;;;;;;;;;;;;;;;;;;;;X;X;X;X;;;;;;;;;;;;;;;;;;;;;;;;;;;;;;;;;;;;;;;;;;;;;;;;;;;;;;;;;;;;;;;;;;;;;;X;;;X;
D5757305005600;D5757305005600;INBOARD FLAP;REPAIR;;;;X;X;;;;;;;;;;;;;;;;;;;;X;X;X;X;;;;;;;;;;;;;;;;;;;;;;;;;;;;;;;;;;;;;;;;;;;;;;;;;;;;;;;;;;;;;;;;;;;;;;X;;;X;
D5757305005700;D5757305005700;INBOARD FLAP;REPAIR;;;;X;X;;;;;;;;;;;;;;;;;;;;X;X;X;X;;;;;;;;;;;;;;;;;;;;;;;;;;;;;;;;;;;;;;;;;;;;;;;;;;;;;;;;;;;;;;;;;;;;;;X;;;X;
D5757305006000;D5757305006000;INBOARD FLAP;REPAIR;;;;X;X;;;;;;;;;;;;;;;;;;;;X;X;X;X;;;;;;;;;;;;;;;;;;;;;;;;;;;;;;;;;;;;;;;;;;;;;;;;;;;;;;;;;;;;;;;;;;;;;;X;;;X;
D5757305006100;D5757305006100;INBOARD FLAP;REPAIR;;;;X;X;;;;;;;;;;;;;;;;;;;;X;X;X;X;;;;;;;;;;;;;;;;;;;;;;;;;;;;;;;;;;;;;;;;;;;;;;;;;;;;;;;;;;;;;;;;;;;;;;X;;;X;
D5757305006200;D5757305006200;INBOARD FLAP;REPAIR;;;;X;X;;;;;;;;;;;;;;;;;;;;X;X;X;X;;;;;;;;;;;;;;;;;;;;;;;;;;;;;;;;;;;;;;;;;;;;;;;;;;;;;;;;;;;;;;;;;;;;;;X;;;X;
D5757305006300;D5757305006300;INBOARD FLAP;REPAIR;;;;X;X;;;;;;;;;;;;;;;;;;;;X;X;X;X;;;;;;;;;;;;;;;;;;;;;;;;;;;;;;;;;;;;;;;;;;;;;;;;;;;;;;;;;;;;;;;;;;;;;;X;;;X;
D5757305006400;D5757305006400;INBOARD FLAP;REPAIR;;;;X;X;;;;;;;;;;;;;;;;;;;;X;X;X;X;;;;;;;;;;;;;;;;;;;;;;;;;;;;;;;;;;;;;;;;;;;;;;;;;;;;;;;;;;;;;;;;;;;;;;X;;;X;
D5757305006500;D5757305006500;INBOARD FLAP;REPAIR;;;;X;X;;;;;;;;;;;;;;;;;;;;X;X;X;X;;;;;;;;;;;;;;;;;;;;;;;;;;;;;;;;;;;;;;;;;;;;;;;;;;;;;;;;;;;;;;;;;;;;;;X;;;X;
D5757380001500;D5757380001500;TAB ASSY;REPAIR;;;;X;X;X;X;X;;;;;;;;;;;;;X;;;;X;X;X;X;;;;;;;;;;;;;;;;;;;;;;;;;;;;;;;;;;;;;;;;;;;;;;;;;;;;;;;;;;;;;;;;;;;;;;X;;;X;
D5757420200000;D5757420200000;OUTBOARD FLAP;REPAIR;;;;X;X;;;;;;;;;;;;;;;;;;;;X;X;X;X;;;;;;;;;;;;;;;;;;;;;;;;;;;;;;;;;;;;;;;;;;;;;;;;;;;;;;;;;;;;;;;;;;;;;;X;;;X;
D5757420200100;D5757420200100;OUTBOARD FLAP;REPAIR;;;;X;X;;;;;;;;;;;;;;;;;;;;X;X;X;X;;;;;;;;;;;;;;;;;;;;;;;;;;;;;;;;;;;;;;;;;;;;;;;;;;;;;;;;;;;;;;;;;;;;;;X;;;X;
D5757420200200;D5757420200200;OUTBOARD FLAP;REPAIR;;;;X;X;;;;;;;;;;;;;;;;;;;;X;X;X;X;;;;;;;;;;;;;;;;;;;;;;;;;;;;;;;;;;;;;;;;;;;;;;;;;;;;;;;;;;;;;;;;;;;;;;X;;;X;
D5757420200300;D5757420200300;OUTBOARD FLAP;REPAIR;;;;X;X;;;;;;;;;;;;;;;;;;;;X;X;X;X;;;;;;;;;;;;;;;;;;;;;;;;;;;;;;;;;;;;;;;;;;;;;;;;;;;;;;;;;;;;;;;;;;;;;;X;;;X;
D5757420200400;D5757420200400;OUTBOARD FLAP;REPAIR;;;;X;X;;;;;;;;;;;;;;;;;;;;X;X;X;X;;;;;;;;;;;;;;;;;;;;;;;;;;;;;;;;;;;;;;;;;;;;;;;;;;;;;;;;;;;;;;;;;;;;;;X;;;X;
D5757420200451;D5757420200451;OUTBOARD FLAP;REPAIR;;;;X;X;;;;;;;;;;;;;;;;;;;;X;X;X;X;;;;;;;;;;;;;;;;;;;;;;;;;;;;;;;;;;;;;;;;;;;;;;;;;;;;;;;;;;;;;;;;;;;;;;X;;;X;
D5757420200500;D5757420200500;OUTBOARD FLAP;REPAIR;;;;X;X;;;;;;;;;;;;;;;;;;;;X;X;X;X;;;;;;;;;;;;;;;;;;;;;;;;;;;;;;;;;;;;;;;;;;;;;;;;;;;;;;;;;;;;;;;;;;;;;;X;;;X;
D5757420200551;D5757420200551;OUTBOARD FLAP;REPAIR;;;;X;X;;;;;;;;;;;;;;;;;;;;X;X;X;X;;;;;;;;;;;;;;;;;;;;;;;;;;;;;;;;;;;;;;;;;;;;;;;;;;;;;;;;;;;;;;;;;;;;;;X;;;X;
D5757420200600;D5757420200600;OUTBOARD FLAP;REPAIR;;;;X;X;;;;;;;;;;;;;;;;;;;;X;X;X;X;;;;;;;;;;;;;;;;;;;;;;;;;;;;;;;;;;;;;;;;;;;;;;;;;;;;;;;;;;;;;;;;;;;;;;X;;;X;
D5757420200700;D5757420200700;OUTBOARD FLAP;REPAIR;;;;X;X;;;;;;;;;;;;;;;;;;;;X;X;X;X;;;;;;;;;;;;;;;;;;;;;;;;;;;;;;;;;;;;;;;;;;;;;;;;;;;;;;;;;;;;;;;;;;;;;;X;;;X;
D5757420200800;D5757420200800;OUTBOARD FLAP;REPAIR;;;;X;X;;;;;;;;;;;;;;;;;;;;X;X;X;X;;;;;;;;;;;;;;;;;;;;;;;;;;;;;;;;;;;;;;;;;;;;;;;;;;;;;;;;;;;;;;;;;;;;;;X;;;X;
D5757420200900;D5757420200900;OUTBOARD FLAP;REPAIR;;;;X;X;;;;;;;;;;;;;;;;;;;;X;X;X;X;;;;;;;;;;;;;;;;;;;;;;;;;;;;;;;;;;;;;;;;;;;;;;;;;;;;;;;;;;;;;;;;;;;;;;X;;;X;
D5757420201000;D5757420201000;OUTBOARD FLAP;REPAIR;;;;X;X;;;;;;;;;;;;;;;;;;;;X;X;X;X;;;;;;;;;;;;;;;;;;;;;;;;;;;;;;;;;;;;;;;;;;;;;;;;;;;;;;;;;;;;;;;;;;;;;;X;;;X;
D5757420201100;D5757420201100;OUTBOARD FLAP;REPAIR;;;;X;X;;;;;;;;;;;;;;;;;;;;X;X;X;X;;;;;;;;;;;;;;;;;;;;;;;;;;;;;;;;;;;;;;;;;;;;;;;;;;;;;;;;;;;;;;;;;;;;;;X;;;X;
D5757420201200;D5757420201200;OUTBOARD FLAP;REPAIR;;;;X;X;;;;;;;;;;;;;;;;;;;;X;X;X;X;;;;;;;;;;;;;;;;;;;;;;;;;;;;;;;;;;;;;;;;;;;;;;;;;;;;;;;;;;;;;;;;;;;;;;X;;;X;
D5757420201300;D5757420201300;OUTBOARD FLAP;REPAIR;;;;X;X;;;;;;;;;;;;;;;;;;;;X;X;X;X;;;;;;;;;;;;;;;;;;;;;;;;;;;;;;;;;;;;;;;;;;;;;;;;;;;;;;;;;;;;;;;;;;;;;;X;;;X;
D5757420201400;D5757420201400;OUTBOARD FLAP;REPAIR;;;;X;X;;;;;;;;;;;;;;;;;;;;X;X;X;X;;;;;;;;;;;;;;;;;;;;;;;;;;;;;;;;;;;;;;;;;;;;;;;;;;;;;;;;;;;;;;;;;;;;;;X;;;X;
D5757420201500;D5757420201500;OUTBOARD FLAP;REPAIR;;;;X;X;;;;;;;;;;;;;;;;;;;;X;X;X;X;;;;;;;;;;;;;;;;;;;;;;;;;;;;;;;;;;;;;;;;;;;;;;;;;;;;;;;;;;;;;;;;;;;;;;X;;;X;
D5757420201600;D5757420201600;OUTBOARD FLAP;REPAIR;;;;X;X;;;;;;;;;;;;;;;;;;;;X;X;X;X;;;;;;;;;;;;;;;;;;;;;;;;;;;;;;;;;;;;;;;;;;;;;;;;;;;;;;;;;;;;;;;;;;;;;;X;;;X;
D5757420201700;D5757420201700;OUTBOARD FLAP;REPAIR;;;;X;X;;;;;;;;;;;;;;;;;;;;X;X;X;X;;;;;;;;;;;;;;;;;;;;;;;;;;;;;;;;;;;;;;;;;;;;;;;;;;;;;;;;;;;;;;;;;;;;;;X;;;X;
D5757420201800;D5757420201800;OUTBOARD FLAP;REPAIR;;;;X;X;;;;;;;;;;;;;;;;;;;;X;X;X;X;;;;;;;;;;;;;;;;;;;;;;;;;;;;;;;;;;;;;;;;;;;;;;;;;;;;;;;;;;;;;;;;;;;;;;X;;;X;
D5757420201900;D5757420201900;OUTBOARD FLAP;REPAIR;;;;X;X;;;;;;;;;;;;;;;;;;;;X;X;X;X;;;;;;;;;;;;;;;;;;;;;;;;;;;;;;;;;;;;;;;;;;;;;;;;;;;;;;;;;;;;;;;;;;;;;;X;;;X;
D5758550000000;D5758550000000;OUTBOARD FLAP;REPAIR;;;;X;X;;;;;;;;;;;;;;;;;;;;X;X;X;X;;;;;;;;;;;;;;;;;;;;;;;;;;;;;;;;;;;;;;;;;;;;;;;;;;;;;;;;;;;;;;;;;;;;;;X;;;X;
D5758550000100;D5758550000100;OUTBOARD FLAP;REPAIR;;;;X;X;;;;;;;;;;;;;;;;;;;;X;X;X;X;;;;;;;;;;;;;;;;;;;;;;;;;;;;;;;;;;;;;;;;;;;;;;;;;;;;;;;;;;;;;;;;;;;;;;X;;;X;
D5758550000200;D5758550000200;OUTBOARD FLAP;REPAIR;;;;X;X;;;;;;;;;;;;;;;;;;;;X;X;X;X;;;;;;;;;;;;;;;;;;;;;;;;;;;;;;;;;;;;;;;;;;;;;;;;;;;;;;;;;;;;;;;;;;;;;;X;;;X;
D5758550000300;D5758550000300;OUTBOARD FLAP;REPAIR;;;;X;X;;;;;;;;;;;;;;;;;;;;X;X;X;X;;;;;;;;;;;;;;;;;;;;;;;;;;;;;;;;;;;;;;;;;;;;;;;;;;;;;;;;;;;;;;;;;;;;;;X;;;X;
D5758550000400;D5758550000400;OUTBOARD FLAP;REPAIR;;;;X;X;;;;;;;;;;;;;;;;;;;;X;X;X;X;;;;;;;;;;;;;;;;;;;;;;;;;;;;;;;;;;;;;;;;;;;;;;;;;;;;;;;;;;;;;;;;;;;;;;X;;;X;
D5758550000500;D5758550000500;OUTBOARD FLAP;REPAIR;;;;X;X;;;;;;;;;;;;;;;;;;;;X;X;X;X;;;;;;;;;;;;;;;;;;;;;;;;;;;;;;;;;;;;;;;;;;;;;;;;;;;;;;;;;;;;;;;;;;;;;;X;;;X;
D5758550000600;D5758550000600;OUTBOARD FLAP;REPAIR;;;;X;X;;;;;;;;;;;;;;;;;;;;X;X;X;X;;;;;;;;;;;;;;;;;;;;;;;;;;;;;;;;;;;;;;;;;;;;;;;;;;;;;;;;;;;;;;;;;;;;;;X;;;X;
D5758550000700;D5758550000700;OUTBOARD FLAP;REPAIR;;;;X;X;;;;;;;;;;;;;;;;;;;;X;X;X;X;;;;;;;;;;;;;;;;;;;;;;;;;;;;;;;;;;;;;;;;;;;;;;;;;;;;;;;;;;;;;;;;;;;;;;X;;;X;
D5758550000800;D5758550000800;OUTBOARD FLAP;REPAIR;;;;X;X;;;;;;;;;;;;;;;;;;;;X;X;X;X;;;;;;;;;;;;;;;;;;;;;;;;;;;;;;;;;;;;;;;;;;;;;;;;;;;;;;;;;;;;;;;;;;;;;;X;;;X;
D5758550000900;D5758550000900;OUTBOARD FLAP;REPAIR;;;;X;X;;;;;;;;;;;;;;;;;;;;X;X;X;X;;;;;;;;;;;;;;;;;;;;;;;;;;;;;;;;;;;;;;;;;;;;;;;;;;;;;;;;;;;;;;;;;;;;;;X;;;X;
D5758550001000;D5758550001000;OUTBOARD FLAP;REPAIR;;;;X;X;;;;;;;;;;;;;;;;;;;;X;X;X;X;;;;;;;;;;;;;;;;;;;;;;;;;;;;;;;;;;;;;;;;;;;;;;;;;;;;;;;;;;;;;;;;;;;;;;X;;;X;
D5758550001100;D5758550001100;OUTBOARD FLAP;REPAIR;;;;X;X;;;;;;;;;;;;;;;;;;;;X;X;X;X;;;;;;;;;;;;;;;;;;;;;;;;;;;;;;;;;;;;;;;;;;;;;;;;;;;;;;;;;;;;;;;;;;;;;;X;;;X;
D5758550001200;D5758550001200;OUTBOARD FLAP;REPAIR;;;;X;X;;;;;;;;;;;;;;;;;;;;X;X;X;X;;;;;;;;;;;;;;;;;;;;;;;;;;;;;;;;;;;;;;;;;;;;;;;;;;;;;;;;;;;;;;;;;;;;;;X;;;X;
D5758550001300;D5758550001300;OUTBOARD FLAP;REPAIR;;;;X;X;;;;;;;;;;;;;;;;;;;;X;X;X;X;;;;;;;;;;;;;;;;;;;;;;;;;;;;;;;;;;;;;;;;;;;;;;;;;;;;;;;;;;;;;;;;;;;;;;X;;;X;
D5758550001400;D5758550001400;OUTBOARD FLAP;REPAIR;;;;X;X;;;;;;;;;;;;;;;;;;;;X;X;X;X;;;;;;;;;;;;;;;;;;;;;;;;;;;;;;;;;;;;;;;;;;;;;;;;;;;;;;;;;;;;;;;;;;;;;;X;;;X;
D5758550001500;D5758550001500;OUTBOARD FLAP;REPAIR;;;;X;X;;;;;;;;;;;;;;;;;;;;X;X;X;X;;;;;;;;;;;;;;;;;;;;;;;;;;;;;;;;;;;;;;;;;;;;;;;;;;;;;;;;;;;;;;;;;;;;;;X;;;X;
D5758550001600;D5758550001600;OUTBOARD FLAP;REPAIR;;;;X;X;;;;;;;;;;;;;;;;;;;;X;X;X;X;;;;;;;;;;;;;;;;;;;;;;;;;;;;;;;;;;;;;;;;;;;;;;;;;;;;;;;;;;;;;;;;;;;;;;X;;;X;
D5758550001700;D5758550001700;OUTBOARD FLAP;REPAIR;;;;X;X;;;;;;;;;;;;;;;;;;;;X;X;X;X;;;;;;;;;;;;;;;;;;;;;;;;;;;;;;;;;;;;;;;;;;;;;;;;;;;;;;;;;;;;;;;;;;;;;;X;;;X;
D5758550001800;D5758550001800;OUTBOARD FLAP;REPAIR;;;;X;X;;;;;;;;;;;;;;;;;;;;X;X;X;X;;;;;;;;;;;;;;;;;;;;;;;;;;;;;;;;;;;;;;;;;;;;;;;;;;;;;;;;;;;;;;;;;;;;;;X;;;X;
D5758550001900;D5758550001900;OUTBOARD FLAP;REPAIR;;;;X;X;;;;;;;;;;;;;;;;;;;;X;X;X;X;;;;;;;;;;;;;;;;;;;;;;;;;;;;;;;;;;;;;;;;;;;;;;;;;;;;;;;;;;;;;;;;;;;;;;X;;;X;
D5758550100000;D5758550100000;OUTBOARD FLAP;REPAIR;;;;X;X;;;;;;;;;;;;;;;;;;;;X;X;X;X;;;;;;;;;;;;;;;;;;;;;;;;;;;;;;;;;;;;;;;;;;;;;;;;;;;;;;;;;;;;;;;;;;;;;;X;;;X;
D5758550100100;D5758550100100;OUTBOARD FLAP;REPAIR;;;;X;X;;;;;;;;;;;;;;;;;;;;X;X;X;X;;;;;;;;;;;;;;;;;;;;;;;;;;;;;;;;;;;;;;;;;;;;;;;;;;;;;;;;;;;;;;;;;;;;;;X;;;X;
D5758550100200;D5758550100200;OUTBOARD FLAP;REPAIR;;;;X;X;;;;;;;;;;;;;;;;;;;;X;X;X;X;;;;;;;;;;;;;;;;;;;;;;;;;;;;;;;;;;;;;;;;;;;;;;;;;;;;;;;;;;;;;;;;;;;;;;X;;;X;
D5758550100300;D5758550100300;OUTBOARD FLAP;REPAIR;;;;X;X;;;;;;;;;;;;;;;;;;;;X;X;X;X;;;;;;;;;;;;;;;;;;;;;;;;;;;;;;;;;;;;;;;;;;;;;;;;;;;;;;;;;;;;;;;;;;;;;;X;;;X;
D5758550100400;D5758550100400;OUTBOARD FLAP;REPAIR;;;;X;X;;;;;;;;;;;;;;;;;;;;X;X;X;X;;;;;;;;;;;;;;;;;;;;;;;;;;;;;;;;;;;;;;;;;;;;;;;;;;;;;;;;;;;;;;;;;;;;;;X;;;X;
D5758550100500;D5758550100500;OUTBOARD FLAP;REPAIR;;;;X;X;;;;;;;;;;;;;;;;;;;;X;X;X;X;;;;;;;;;;;;;;;;;;;;;;;;;;;;;;;;;;;;;;;;;;;;;;;;;;;;;;;;;;;;;;;;;;;;;;X;;;X;
D5758550100600;D5758550100600;OUTBOARD FLAP;REPAIR;;;;X;X;;;;;;;;;;;;;;;;;;;;X;X;X;X;;;;;;;;;;;;;;;;;;;;;;;;;;;;;;;;;;;;;;;;;;;;;;;;;;;;;;;;;;;;;;;;;;;;;;X;;;X;
D5758550100700;D5758550100700;OUTBOARD FLAP;REPAIR;;;;X;X;;;;;;;;;;;;;;;;;;;;X;X;X;X;;;;;;;;;;;;;;;;;;;;;;;;;;;;;;;;;;;;;;;;;;;;;;;;;;;;;;;;;;;;;;;;;;;;;;X;;;X;
D5758550100800;D5758550100800;OUTBOARD FLAP;REPAIR;;;;X;X;;;;;;;;;;;;;;;;;;;;X;X;X;X;;;;;;;;;;;;;;;;;;;;;;;;;;;;;;;;;;;;;;;;;;;;;;;;;;;;;;;;;;;;;;;;;;;;;;X;;;X;
D5758550100900;D5758550100900;OUTBOARD FLAP;REPAIR;;;;X;X;;;;;;;;;;;;;;;;;;;;X;X;X;X;;;;;;;;;;;;;;;;;;;;;;;;;;;;;;;;;;;;;;;;;;;;;;;;;;;;;;;;;;;;;;;;;;;;;;X;;;X;
D5758550101000;D5758550101000;OUTBOARD FLAP;REPAIR;;;;X;X;;;;;;;;;;;;;;;;;;;;X;X;X;X;;;;;;;;;;;;;;;;;;;;;;;;;;;;;;;;;;;;;;;;;;;;;;;;;;;;;;;;;;;;;;;;;;;;;;X;;;X;
D5758550101100;D5758550101100;OUTBOARD FLAP;REPAIR;;;;X;X;;;;;;;;;;;;;;;;;;;;X;X;X;X;;;;;;;;;;;;;;;;;;;;;;;;;;;;;;;;;;;;;;;;;;;;;;;;;;;;;;;;;;;;;;;;;;;;;;X;;;X;
D5758550101600;D5758550101600;OUTBOARD FLAP;REPAIR;;;;X;X;;;;;;;;;;;;;;;;;;;;X;X;X;X;;;;;;;;;;;;;;;;;;;;;;;;;;;;;;;;;;;;;;;;;;;;;;;;;;;;;;;;;;;;;;;;;;;;;;X;;;X;
D5758550101700;D5758550101700;OUTBOARD FLAP;REPAIR;;;;X;X;;;;;;;;;;;;;;;;;;;;X;X;X;X;;;;;;;;;;;;;;;;;;;;;;;;;;;;;;;;;;;;;;;;;;;;;;;;;;;;;;;;;;;;;;;;;;;;;;X;;;X;
D5758550101800;D5758550101800;OUTBOARD FLAP;REPAIR;;;;X;X;;;;;;;;;;;;;;;;;;;;X;X;X;X;;;;;;;;;;;;;;;;;;;;;;;;;;;;;;;;;;;;;;;;;;;;;;;;;;;;;;;;;;;;;;;;;;;;;;X;;;X;
D5758550101900;D5758550101900;OUTBOARD FLAP;REPAIR;;;;X;X;;;;;;;;;;;;;;;;;;;;X;X;X;X;;;;;;;;;;;;;;;;;;;;;;;;;;;;;;;;;;;;;;;;;;;;;;;;;;;;;;;;;;;;;;;;;;;;;;X;;;X;
D5758550102000;D5758550102000;OUTBOARD FLAP;REPAIR;;;;X;X;;;;;;;;;;;;;;;;;;;;X;X;X;X;;;;;;;;;;;;;;;;;;;;;;;;;;;;;;;;;;;;;;;;;;;;;;;;;;;;;;;;;;;;;;;;;;;;;;X;;;X;
D5758550102100;D5758550102100;OUTBOARD FLAP;REPAIR;;;;X;X;;;;;;;;;;;;;;;;;;;;X;X;X;X;;;;;;;;;;;;;;;;;;;;;;;;;;;;;;;;;;;;;;;;;;;;;;;;;;;;;;;;;;;;;;;;;;;;;;X;;;X;
D5758550102200;D5758550102200;OUTBOARD FLAP;REPAIR;;;;X;X;;;;;;;;;;;;;;;;;;;;X;X;X;X;;;;;;;;;;;;;;;;;;;;;;;;;;;;;;;;;;;;;;;;;;;;;;;;;;;;;;;;;;;;;;;;;;;;;;X;;;X;
D5758550102300;D5758550102300;OUTBOARD FLAP;REPAIR;;;;X;X;;;;;;;;;;;;;;;;;;;;X;X;X;X;;;;;;;;;;;;;;;;;;;;;;;;;;;;;;;;;;;;;;;;;;;;;;;;;;;;;;;;;;;;;;;;;;;;;;X;;;X;
D5764000000000T;D5764000000000T;AILERON;REPAIR;;;;X;X;;;;;;;;;;;;;;;;;;;;X;X;X;X;;;;;;;;;;;;;;;;;;;;;;;;;;;;;;;;;;;;;;;;;;;;;;;;;;;;;;;;;;;;;;;;;;;;;;X;;;X;
D5764000000000U;D5764000000000U;AILERON;REPAIR;;;;X;X;;;;;;;;;;;;;;;;;;;;X;X;X;X;;;;;;;;;;;;;;;;;;;;;;;;;;;;;;;;;;;;;;;;;;;;;;;;;;;;;;;;;;;;;;;;;;;;;;X;;;X;
D5764000000000W;D5764000000000W;AILERON;REPAIR;;;;X;X;;;;;;;;;;;;;;;;;;;;X;X;X;X;;;;;;;;;;;;;;;;;;;;;;;;;;;;;;;;;;;;;;;;;;;;;;;;;;;;;;;;;;;;;;;;;;;;;;X;;;X;
D5764000000000W;D5764000000000W;AILERON;REPAIR;;;;X;X;;;;;;;;;;;;;;;;;;;;X;X;X;X;;;;;;;;;;;;;;;;;;;;;;;;;;;;;;;;;;;;;;;;;;;;;;;;;;;;;;;;;;;;;;;;;;;;;;X;;;X;
D5764000000000Y;D5764000000000Y;AILERON;REPAIR;;;;X;X;;;;;;;;;;;;;;;;;;;;X;X;X;X;;;;;;;;;;;;;;;;;;;;;;;;;;;;;;;;;;;;;;;;;;;;;;;;;;;;;;;;;;;;;;;;;;;;;;X;;;X;
D5764000000000Y;D5764000000000Y;AILERON;REPAIR;;;;X;X;;;;;;;;;;;;;;;;;;;;X;X;X;X;;;;;;;;;;;;;;;;;;;;;;;;;;;;;;;;;;;;;;;;;;;;;;;;;;;;;;;;;;;;;;;;;;;;;;X;;;X;
D5764000000000Z;D5764000000000Z;AILERON;REPAIR;;;;X;X;;;;;;;;;;;;;;;;;;;;X;X;X;X;;;;;;;;;;;;;;;;;;;;;;;;;;;;;;;;;;;;;;;;;;;;;;;;;;;;;;;;;;;;;;;;;;;;;;X;;;X;
D5764000000100T;D5764000000100T;AILERON;REPAIR;;;;X;X;;;;;;;;;;;;;;;;;;;;X;X;X;X;;;;;;;;;;;;;;;;;;;;;;;;;;;;;;;;;;;;;;;;;;;;;;;;;;;;;;;;;;;;;;;;;;;;;;X;;;X;
D5764000000100U;D5764000000100U;AILERON;REPAIR;;;;X;X;;;;;;;;;;;;;;;;;;;;X;X;X;X;;;;;;;;;;;;;;;;;;;;;;;;;;;;;;;;;;;;;;;;;;;;;;;;;;;;;;;;;;;;;;;;;;;;;;X;;;X;
D5764000000100W;D5764000000100W;AILERON;REPAIR;;;;X;X;;;;;;;;;;;;;;;;;;;;X;X;X;X;;;;;;;;;;;;;;;;;;;;;;;;;;;;;;;;;;;;;;;;;;;;;;;;;;;;;;;;;;;;;;;;;;;;;;X;;;X;
D5764000000100Z;D5764000000100Z;AILERON;REPAIR;;;;X;X;;;;;;;;;;;;;;;;;;;;X;X;X;X;;;;;;;;;;;;;;;;;;;;;;;;;;;;;;;;;;;;;;;;;;;;;;;;;;;;;;;;;;;;;;;;;;;;;;X;;;X;
D5764000000200N;D5764000000200N;AILERON;REPAIR;;;;X;X;;;;;;;;;;;;;;;;;;;;X;X;X;X;;;;;;;;;;;;;;;;;;;;;;;;;;;;;;;;;;;;;;;;;;;;;;;;;;;;;;;;;;;;;;;;;;;;;;X;;;X;
D5764000000200R;D5764000000200R;AILERON;REPAIR;;;;X;X;;;;;;;;;;;;;;;;;;;;X;X;X;X;;;;;;;;;;;;;;;;;;;;;;;;;;;;;;;;;;;;;;;;;;;;;;;;;;;;;;;;;;;;;;;;;;;;;;X;;;X;
D5764000000200T;D5764000000200T;AILERON;REPAIR;;;;X;X;;;;;;;;;;;;;;;;;;;;X;X;X;X;;;;;;;;;;;;;;;;;;;;;;;;;;;;;;;;;;;;;;;;;;;;;;;;;;;;;;;;;;;;;;;;;;;;;;X;;;X;
D5764000000200U;D5764000000200U;AILERON;REPAIR;;;;X;X;;;;;;;;;;;;;;;;;;;;X;X;X;X;;;;;;;;;;;;;;;;;;;;;;;;;;;;;;;;;;;;;;;;;;;;;;;;;;;;;;;;;;;;;;;;;;;;;;X;;;X;
D5764000000200Y;D5764000000200Y;AILERON;REPAIR;;;;X;X;;;;;;;;;;;;;;;;;;;;X;X;X;X;;;;;;;;;;;;;;;;;;;;;;;;;;;;;;;;;;;;;;;;;;;;;;;;;;;;;;;;;;;;;;;;;;;;;;X;;;X;
D5764000000200Z;D5764000000200Z;AILERON;REPAIR;;;;X;X;;;;;;;;;;;;;;;;;;;;X;X;X;X;;;;;;;;;;;;;;;;;;;;;;;;;;;;;;;;;;;;;;;;;;;;;;;;;;;;;;;;;;;;;;;;;;;;;;X;;;X;
D5764000000400N;D5764000000400N;AILERON;REPAIR;;;;X;X;;;;;;;;;;;;;;;;;;;;X;X;X;X;;;;;;;;;;;;;;;;;;;;;;;;;;;;;;;;;;;;;;;;;;;;;;;;;;;;;;;;;;;;;;;;;;;;;;X;;;X;
D5764000000400R;D5764000000400R;AILERON;REPAIR;;;;X;X;;;;;;;;;;;;;;;;;;;;X;X;X;X;;;;;;;;;;;;;;;;;;;;;;;;;;;;;;;;;;;;;;;;;;;;;;;;;;;;;;;;;;;;;;;;;;;;;;X;;;X;
D5764000000400T;D5764000000400T;AILERON;REPAIR;;;;X;X;;;;;;;;;;;;;;;;;;;;X;X;X;X;;;;;;;;;;;;;;;;;;;;;;;;;;;;;;;;;;;;;;;;;;;;;;;;;;;;;;;;;;;;;;;;;;;;;;X;;;X;
D5764000000400Z;D5764000000400Z;AILERON;REPAIR;;;;X;X;;;;;;;;;;;;;;;;;;;;X;X;X;X;;;;;;;;;;;;;;;;;;;;;;;;;;;;;;;;;;;;;;;;;;;;;;;;;;;;;;;;;;;;;;;;;;;;;;X;;;X;
D5764000000500N;D5764000000500N;AILERON;REPAIR;;;;X;X;;;;;;;;;;;;;;;;;;;;X;X;X;X;;;;;;;;;;;;;;;;;;;;;;;;;;;;;;;;;;;;;;;;;;;;;;;;;;;;;;;;;;;;;;;;;;;;;;X;;;X;
D5764000000500R;D5764000000500R;AILERON;REPAIR;;;;X;X;;;;;;;;;;;;;;;;;;;;X;X;X;X;;;;;;;;;;;;;;;;;;;;;;;;;;;;;;;;;;;;;;;;;;;;;;;;;;;;;;;;;;;;;;;;;;;;;;X;;;X;
D5764000000500T;D5764000000500T;AILERON;REPAIR;;;;X;X;;;;;;;;;;;;;;;;;;;;X;X;X;X;;;;;;;;;;;;;;;;;;;;;;;;;;;;;;;;;;;;;;;;;;;;;;;;;;;;;;;;;;;;;;;;;;;;;;X;;;X;
D5764000000500Z;D5764000000500Z;AILERON;REPAIR;;;;X;X;;;;;;;;;;;;;;;;;;;;X;X;X;X;;;;;;;;;;;;;;;;;;;;;;;;;;;;;;;;;;;;;;;;;;;;;;;;;;;;;;;;;;;;;;;;;;;;;;X;;;X;
D5764000000600Z;D5764000000600Z;AILERON;REPAIR;;;;X;X;;;;;;;;;;;;;;;;;;;;X;X;X;X;;;;;;;;;;;;;;;;;;;;;;;;;;;;;;;;;;;;;;;;;;;;;;;;;;;;;;;;;;;;;;;;;;;;;;X;;;X;
D5764000000700Z;D5764000000700Z;AILERON;REPAIR;;;;X;X;;;;;;;;;;;;;;;;;;;;X;X;X;X;;;;;;;;;;;;;;;;;;;;;;;;;;;;;;;;;;;;;;;;;;;;;;;;;;;;;;;;;;;;;;;;;;;;;;X;;;X;
D5764000000800A;D5764000000800A;AILERON;REPAIR;;;;X;X;;;;;;;;;;;;;;;;;;;;X;X;X;X;;;;;;;;;;;;;;;;;;;;;;;;;;;;;;;;;;;;;;;;;;;;;;;;;;;;;;;;;;;;;;;;;;;;;;X;;;X;
D5764000000800B;D5764000000800B;AILERON;REPAIR;;;;X;X;;;;;;;;;;;;;;;;;;;;X;X;X;X;;;;;;;;;;;;;;;;;;;;;;;;;;;;;;;;;;;;;;;;;;;;;;;;;;;;;;;;;;;;;;;;;;;;;;X;;;X;
D5764000000800D;D5764000000800D;AILERON;REPAIR;;;;X;X;;;;;;;;;;;;;;;;;;;;X;X;X;X;;;;;;;;;;;;;;;;;;;;;;;;;;;;;;;;;;;;;;;;;;;;;;;;;;;;;;;;;;;;;;;;;;;;;;X;;;X;
D5764000000800F;D5764000000800F;AILERON;REPAIR;;;;X;X;;;;;;;;;;;;;;;;;;;;X;X;X;X;;;;;;;;;;;;;;;;;;;;;;;;;;;;;;;;;;;;;;;;;;;;;;;;;;;;;;;;;;;;;;;;;;;;;;X;;;X;
D5764000000800N;D5764000000800N;AILERON;REPAIR;;;;X;X;;;;;;;;;;;;;;;;;;;;X;X;X;X;;;;;;;;;;;;;;;;;;;;;;;;;;;;;;;;;;;;;;;;;;;;;;;;;;;;;;;;;;;;;;;;;;;;;;X;;;X;
D5764000000800R;D5764000000800R;AILERON;REPAIR;;;;X;X;;;;;;;;;;;;;;;;;;;;X;X;X;X;;;;;;;;;;;;;;;;;;;;;;;;;;;;;;;;;;;;;;;;;;;;;;;;;;;;;;;;;;;;;;;;;;;;;;X;;;X;
D5764000000800T;D5764000000800T;AILERON;REPAIR;;;;X;X;;;;;;;;;;;;;;;;;;;;X;X;X;X;;;;;;;;;;;;;;;;;;;;;;;;;;;;;;;;;;;;;;;;;;;;;;;;;;;;;;;;;;;;;;;;;;;;;;X;;;X;
D5764000000800W;D5764000000800W;AILERON;REPAIR;;;;X;X;;;;;;;;;;;;;;;;;;;;X;X;X;X;;;;;;;;;;;;;;;;;;;;;;;;;;;;;;;;;;;;;;;;;;;;;;;;;;;;;;;;;;;;;;;;;;;;;;X;;;X;
D5764000000800Y;D5764000000800Y;AILERON;REPAIR;;;;X;X;;;;;;;;;;;;;;;;;;;;X;X;X;X;;;;;;;;;;;;;;;;;;;;;;;;;;;;;;;;;;;;;;;;;;;;;;;;;;;;;;;;;;;;;;;;;;;;;;X;;;X;
D5764000000800Z;D5764000000800Z;AILERON;REPAIR;;;;X;X;;;;;;;;;;;;;;;;;;;;X;X;X;X;;;;;;;;;;;;;;;;;;;;;;;;;;;;;;;;;;;;;;;;;;;;;;;;;;;;;;;;;;;;;;;;;;;;;;X;;;X;
D5764000000900A;D5764000000900A;AILERON;REPAIR;;;;X;X;;;;;;;;;;;;;;;;;;;;X;X;X;X;;;;;;;;;;;;;;;;;;;;;;;;;;;;;;;;;;;;;;;;;;;;;;;;;;;;;;;;;;;;;;;;;;;;;;X;;;X;
D5764000000900B;D5764000000900B;AILERON;REPAIR;;;;X;X;;;;;;;;;;;;;;;;;;;;X;X;X;X;;;;;;;;;;;;;;;;;;;;;;;;;;;;;;;;;;;;;;;;;;;;;;;;;;;;;;;;;;;;;;;;;;;;;;X;;;X;
D5764000000900D;D5764000000900D;AILERON;REPAIR;;;;X;X;;;;;;;;;;;;;;;;;;;;X;X;X;X;;;;;;;;;;;;;;;;;;;;;;;;;;;;;;;;;;;;;;;;;;;;;;;;;;;;;;;;;;;;;;;;;;;;;;X;;;X;
D5764000000900F;D5764000000900F;AILERON;REPAIR;;;;X;X;;;;;;;;;;;;;;;;;;;;X;X;X;X;;;;;;;;;;;;;;;;;;;;;;;;;;;;;;;;;;;;;;;;;;;;;;;;;;;;;;;;;;;;;;;;;;;;;;X;;;X;
D5764000000900N;D5764000000900N;AILERON;REPAIR;;;;X;X;;;;;;;;;;;;;;;;;;;;X;X;X;X;;;;;;;;;;;;;;;;;;;;;;;;;;;;;;;;;;;;;;;;;;;;;;;;;;;;;;;;;;;;;;;;;;;;;;X;;;X;
D5764000000900R;D5764000000900R;AILERON;REPAIR;;;;X;X;;;;;;;;;;;;;;;;;;;;X;X;X;X;;;;;;;;;;;;;;;;;;;;;;;;;;;;;;;;;;;;;;;;;;;;;;;;;;;;;;;;;;;;;;;;;;;;;;X;;;X;
D5764000000900T;D5764000000900T;AILERON;REPAIR;;;;X;X;;;;;;;;;;;;;;;;;;;;X;X;X;X;;;;;;;;;;;;;;;;;;;;;;;;;;;;;;;;;;;;;;;;;;;;;;;;;;;;;;;;;;;;;;;;;;;;;;X;;;X;
D5764000000900W;D5764000000900W;AILERON;REPAIR;;;;X;X;;;;;;;;;;;;;;;;;;;;X;X;X;X;;;;;;;;;;;;;;;;;;;;;;;;;;;;;;;;;;;;;;;;;;;;;;;;;;;;;;;;;;;;;;;;;;;;;;X;;;X;
D5764000000900Y;D5764000000900Y;AILERON;REPAIR;;;;X;X;;;;;;;;;;;;;;;;;;;;X;X;X;X;;;;;;;;;;;;;;;;;;;;;;;;;;;;;;;;;;;;;;;;;;;;;;;;;;;;;;;;;;;;;;;;;;;;;;X;;;X;
D5764000000900Z;D5764000000900Z;AILERON;REPAIR;;;;X;X;;;;;;;;;;;;;;;;;;;;X;X;X;X;;;;;;;;;;;;;;;;;;;;;;;;;;;;;;;;;;;;;;;;;;;;;;;;;;;;;;;;;;;;;;;;;;;;;;X;;;X;
D5764000001000A;D5764000001000A;AILERON;REPAIR;;;;X;X;;;;;;;;;;;;;;;;;;;;X;X;X;X;;;;;;;;;;;;;;;;;;;;;;;;;;;;;;;;;;;;;;;;;;;;;;;;;;;;;;;;;;;;;;;;;;;;;;X;;;X;
D5764000001100A;D5764000001100A;AILERON;REPAIR;;;;X;X;;;;;;;;;;;;;;;;;;;;X;X;X;X;;;;;;;;;;;;;;;;;;;;;;;;;;;;;;;;;;;;;;;;;;;;;;;;;;;;;;;;;;;;;;;;;;;;;;X;;;X;
D5764000001200A;D5764000001200A;AILERON;REPAIR;;;;X;X;;;;;;;;;;;;;;;;;;;;X;X;X;X;;;;;;;;;;;;;;;;;;;;;;;;;;;;;;;;;;;;;;;;;;;;;;;;;;;;;;;;;;;;;;;;;;;;;;X;;;X;
D5764000001300A;D5764000001300A;AILERON;REPAIR;;;;X;X;;;;;;;;;;;;;;;;;;;;X;X;X;X;;;;;;;;;;;;;;;;;;;;;;;;;;;;;;;;;;;;;;;;;;;;;;;;;;;;;;;;;;;;;;;;;;;;;;X;;;X;
D5765000000000A;D5765000000000A;AILERON;REPAIR;;;;X;X;;;;;;;;;;;;;;;;;;;;X;X;X;X;;;;;;;;;;;;;;;;;;;;;;;;;;;;;;;;;;;;;;;;;;;;;;;;;;;;;;;;;;;;;;;;;;;;;;X;;;X;
D5765000000100A;D5765000000100A;AILERON;REPAIR;;;;X;X;;;;;;;;;;;;;;;;;;;;X;X;X;X;;;;;;;;;;;;;;;;;;;;;;;;;;;;;;;;;;;;;;;;;;;;;;;;;;;;;;;;;;;;;;;;;;;;;;X;;;X;
D5765000000200A;D5765000000200A;AILERON;REPAIR;;;;X;X;;;;;;;;;;;;;;;;;;;;X;X;X;X;;;;;;;;;;;;;;;;;;;;;;;;;;;;;;;;;;;;;;;;;;;;;;;;;;;;;;;;;;;;;;;;;;;;;;X;;;X;
D5765000000300A;D5765000000300A;AILERON;REPAIR;;;;X;X;;;;;;;;;;;;;;;;;;;;X;X;X;X;;;;;;;;;;;;;;;;;;;;;;;;;;;;;;;;;;;;;;;;;;;;;;;;;;;;;;;;;;;;;;;;;;;;;;X;;;X;
D5765000000400A;D5765000000400A;AILERON;REPAIR;;;;X;X;;;;;;;;;;;;;;;;;;;;X;X;X;X;;;;;;;;;;;;;;;;;;;;;;;;;;;;;;;;;;;;;;;;;;;;;;;;;;;;;;;;;;;;;;;;;;;;;;X;;;X;
D5765000000500A;D5765000000500A;AILERON;REPAIR;;;;X;X;;;;;;;;;;;;;;;;;;;;X;X;X;X;;;;;;;;;;;;;;;;;;;;;;;;;;;;;;;;;;;;;;;;;;;;;;;;;;;;;;;;;;;;;;;;;;;;;;X;;;X;
D5765000000600A;D5765000000600A;AILERON;REPAIR;;;;X;X;;;;;;;;;;;;;;;;;;;;X;X;X;X;;;;;;;;;;;;;;;;;;;;;;;;;;;;;;;;;;;;;;;;;;;;;;;;;;;;;;;;;;;;;;;;;;;;;;X;;;X;
D5765000000700A;D5765000000700A;AILERON;REPAIR;;;;X;X;;;;;;;;;;;;;;;;;;;;X;X;X;X;;;;;;;;;;;;;;;;;;;;;;;;;;;;;;;;;;;;;;;;;;;;;;;;;;;;;;;;;;;;;;;;;;;;;;X;;;X;
D5765000000800A;D5765000000800A;AILERON;REPAIR;;;;X;X;;;;;;;;;;;;;;;;;;;;X;X;X;X;;;;;;;;;;;;;;;;;;;;;;;;;;;;;;;;;;;;;;;;;;;;;;;;;;;;;;;;;;;;;;;;;;;;;;X;;;X;
D5765000000900A;D5765000000900A;AILERON;REPAIR;;;;X;X;;;;;;;;;;;;;;;;;;;;X;X;X;X;;;;;;;;;;;;;;;;;;;;;;;;;;;;;;;;;;;;;;;;;;;;;;;;;;;;;;;;;;;;;;;;;;;;;;X;;;X;
D5774500000000;D5774500000000;SPOILER 1;REPAIR;;;;X;X;;;;;;;;;;;;;;;;;;;;X;X;X;X;;;;;;;;;;;;;;;;;;;;;;;;;;;;;;;;;;;;;;;;;;;;;;;;;;;;;;;;;;;;;;;;;;;;;;X;;;X;
D5774500000100;D5774500000100;SPOILER 1;REPAIR;;;;X;X;;;;;;;;;;;;;;;;;;;;X;X;X;X;;;;;;;;;;;;;;;;;;;;;;;;;;;;;;;;;;;;;;;;;;;;;;;;;;;;;;;;;;;;;;;;;;;;;;X;;;X;
D5774500000600;D5774500000600;SPOILER 1;REPAIR;;;;X;X;;;;;;;;;;;;;;;;;;;;X;X;X;X;;;;;;;;;;;;;;;;;;;;;;;;;;;;;;;;;;;;;;;;;;;;;;;;;;;;;;;;;;;;;;;;;;;;;;X;;;X;
D5774500000700;D5774500000700;SPOILER 1;REPAIR;;;;X;X;;;;;;;;;;;;;;;;;;;;X;X;X;X;;;;;;;;;;;;;;;;;;;;;;;;;;;;;;;;;;;;;;;;;;;;;;;;;;;;;;;;;;;;;;;;;;;;;;X;;;X;
D5774500000800P;D5774500000800P;SPOILER 1;REPAIR;;;;X;X;;;;;;;;;;;;;;;;;;;;X;X;X;X;;;;;;;;;;;;;;;;;;;;;;;;;;;;;;;;;;;;;;;;;;;;;;;;;;;;;;;;;;;;;;;;;;;;;;X;;;X;
D5774500000800T;D5774500000800T;SPOILER 1;REPAIR;;;;X;X;;;;;;;;;;;;;;;;;;;;X;X;X;X;;;;;;;;;;;;;;;;;;;;;;;;;;;;;;;;;;;;;;;;;;;;;;;;;;;;;;;;;;;;;;;;;;;;;;X;;;X;
D5774500000800W;D5774500000800W;SPOILER 1;REPAIR;;;;X;X;;;;;;;;;;;;;;;;;;;;X;X;X;X;;;;;;;;;;;;;;;;;;;;;;;;;;;;;;;;;;;;;;;;;;;;;;;;;;;;;;;;;;;;;;;;;;;;;;X;;;X;
D5774500000800Y;D5774500000800Y;SPOILER 1;REPAIR;;;;X;X;;;;;;;;;;;;;;;;;;;;X;X;X;X;;;;;;;;;;;;;;;;;;;;;;;;;;;;;;;;;;;;;;;;;;;;;;;;;;;;;;;;;;;;;;;;;;;;;;X;;;X;
D5774500000800Z;D5774500000800Z;SPOILER 1;REPAIR;;;;X;X;;;;;;;;;;;;;;;;;;;;X;X;X;X;;;;;;;;;;;;;;;;;;;;;;;;;;;;;;;;;;;;;;;;;;;;;;;;;;;;;;;;;;;;;;;;;;;;;;X;;;X;
D5774500000900P;D5774500000900P;SPOILER 1;REPAIR;;;;X;X;;;;;;;;;;;;;;;;;;;;X;X;X;X;;;;;;;;;;;;;;;;;;;;;;;;;;;;;;;;;;;;;;;;;;;;;;;;;;;;;;;;;;;;;;;;;;;;;;X;;;X;
D5774500000900T;D5774500000900T;SPOILER 1;REPAIR;;;;X;X;;;;;;;;;;;;;;;;;;;;X;X;X;X;;;;;;;;;;;;;;;;;;;;;;;;;;;;;;;;;;;;;;;;;;;;;;;;;;;;;;;;;;;;;;;;;;;;;;X;;;X;
D5774500000900W;D5774500000900W;SPOILER 1;REPAIR;;;;X;X;;;;;;;;;;;;;;;;;;;;X;X;X;X;;;;;;;;;;;;;;;;;;;;;;;;;;;;;;;;;;;;;;;;;;;;;;;;;;;;;;;;;;;;;;;;;;;;;;X;;;X;
D5774500000900Y;D5774500000900Y;SPOILER 1;REPAIR;;;;X;X;;;;;;;;;;;;;;;;;;;;X;X;X;X;;;;;;;;;;;;;;;;;;;;;;;;;;;;;;;;;;;;;;;;;;;;;;;;;;;;;;;;;;;;;;;;;;;;;;X;;;X;
D5774500000900Z;D5774500000900Z;SPOILER 1;REPAIR;;;;X;X;;;;;;;;;;;;;;;;;;;;X;X;X;X;;;;;;;;;;;;;;;;;;;;;;;;;;;;;;;;;;;;;;;;;;;;;;;;;;;;;;;;;;;;;;;;;;;;;;X;;;X;
D5774501100000;D5774501100000;SPOILER 2;REPAIR;;;;X;X;;;;;;;;;;;;;;;;;;;;X;X;X;X;;;;;;;;;;;;;;;;;;;;;;;;;;;;;;;;;;;;;;;;;;;;;;;;;;;;;;;;;;;;;;;;;;;;;;X;;;X;
D5774501100100;D5774501100100;SPOILER 2;REPAIR;;;;X;X;;;;;;;;;;;;;;;;;;;;X;X;X;X;;;;;;;;;;;;;;;;;;;;;;;;;;;;;;;;;;;;;;;;;;;;;;;;;;;;;;;;;;;;;;;;;;;;;;X;;;X;
D5774501100400;D5774501100400;SPOILER 2;REPAIR;;;;X;X;;;;;;;;;;;;;;;;;;;;X;X;X;X;;;;;;;;;;;;;;;;;;;;;;;;;;;;;;;;;;;;;;;;;;;;;;;;;;;;;;;;;;;;;;;;;;;;;;X;;;X;
D5774501100500;D5774501100500;SPOILER 2;REPAIR;;;;X;X;;;;;;;;;;;;;;;;;;;;X;X;X;X;;;;;;;;;;;;;;;;;;;;;;;;;;;;;;;;;;;;;;;;;;;;;;;;;;;;;;;;;;;;;;;;;;;;;;X;;;X;
D5774501100600T;D5774501100600T;SPOILER 2;REPAIR;;;;X;X;;;;;;;;;;;;;;;;;;;;X;X;X;X;;;;;;;;;;;;;;;;;;;;;;;;;;;;;;;;;;;;;;;;;;;;;;;;;;;;;;;;;;;;;;;;;;;;;;X;;;X;
D5774501100600W;D5774501100600W;SPOILER 2;REPAIR;;;;X;X;;;;;;;;;;;;;;;;;;;;X;X;X;X;;;;;;;;;;;;;;;;;;;;;;;;;;;;;;;;;;;;;;;;;;;;;;;;;;;;;;;;;;;;;;;;;;;;;;X;;;X;
D5774501100600Y;D5774501100600Y;SPOILER 2;REPAIR;;;;X;X;;;;;;;;;;;;;;;;;;;;X;X;X;X;;;;;;;;;;;;;;;;;;;;;;;;;;;;;;;;;;;;;;;;;;;;;;;;;;;;;;;;;;;;;;;;;;;;;;X;;;X;
D5774501100600Z;D5774501100600Z;SPOILER 2;REPAIR;;;;X;X;;;;;;;;;;;;;;;;;;;;X;X;X;X;;;;;;;;;;;;;;;;;;;;;;;;;;;;;;;;;;;;;;;;;;;;;;;;;;;;;;;;;;;;;;;;;;;;;;X;;;X;
D5774501100700T;D5774501100700T;SPOILER 2;REPAIR;;;;X;X;;;;;;;;;;;;;;;;;;;;X;X;X;X;;;;;;;;;;;;;;;;;;;;;;;;;;;;;;;;;;;;;;;;;;;;;;;;;;;;;;;;;;;;;;;;;;;;;;X;;;X;
D5774501100700W;D5774501100700W;SPOILER 2;REPAIR;;;;X;X;;;;;;;;;;;;;;;;;;;;X;X;X;X;;;;;;;;;;;;;;;;;;;;;;;;;;;;;;;;;;;;;;;;;;;;;;;;;;;;;;;;;;;;;;;;;;;;;;X;;;X;
D5774501100700Y;D5774501100700Y;SPOILER 2;REPAIR;;;;X;X;;;;;;;;;;;;;;;;;;;;X;X;X;X;;;;;;;;;;;;;;;;;;;;;;;;;;;;;;;;;;;;;;;;;;;;;;;;;;;;;;;;;;;;;;;;;;;;;;X;;;X;
D5774501100700Z;D5774501100700Z;SPOILER 2;REPAIR;;;;X;X;;;;;;;;;;;;;;;;;;;;X;X;X;X;;;;;;;;;;;;;;;;;;;;;;;;;;;;;;;;;;;;;;;;;;;;;;;;;;;;;;;;;;;;;;;;;;;;;;X;;;X;
D5774501101400P;D5774501101400P;SPOILER 2;REPAIR;;;;X;X;;;;;;;;;;;;;;;;;;;;X;X;X;X;;;;;;;;;;;;;;;;;;;;;;;;;;;;;;;;;;;;;;;;;;;;;;;;;;;;;;;;;;;;;;;;;;;;;;X;;;X;
D5774501101400T;D5774501101400T;SPOILER 2;REPAIR;;;;X;X;;;;;;;;;;;;;;;;;;;;X;X;X;X;;;;;;;;;;;;;;;;;;;;;;;;;;;;;;;;;;;;;;;;;;;;;;;;;;;;;;;;;;;;;;;;;;;;;;X;;;X;
D5774501101400W;D5774501101400W;SPOILER 2;REPAIR;;;;X;X;;;;;;;;;;;;;;;;;;;;X;X;X;X;;;;;;;;;;;;;;;;;;;;;;;;;;;;;;;;;;;;;;;;;;;;;;;;;;;;;;;;;;;;;;;;;;;;;;X;;;X;
D5774501101400Y;D5774501101400Y;SPOILER 2;REPAIR;;;;X;X;;;;;;;;;;;;;;;;;;;;X;X;X;X;;;;;;;;;;;;;;;;;;;;;;;;;;;;;;;;;;;;;;;;;;;;;;;;;;;;;;;;;;;;;;;;;;;;;;X;;;X;
D5774501101400Z;D5774501101400Z;SPOILER 2;REPAIR;;;;X;X;;;;;;;;;;;;;;;;;;;;X;X;X;X;;;;;;;;;;;;;;;;;;;;;;;;;;;;;;;;;;;;;;;;;;;;;;;;;;;;;;;;;;;;;;;;;;;;;;X;;;X;
D5774501101500P;D5774501101500P;SPOILER 2;REPAIR;;;;X;X;;;;;;;;;;;;;;;;;;;;X;X;X;X;;;;;;;;;;;;;;;;;;;;;;;;;;;;;;;;;;;;;;;;;;;;;;;;;;;;;;;;;;;;;;;;;;;;;;X;;;X;
D5774501101500T;D5774501101500T;SPOILER 2;REPAIR;;;;X;X;;;;;;;;;;;;;;;;;;;;X;X;X;X;;;;;;;;;;;;;;;;;;;;;;;;;;;;;;;;;;;;;;;;;;;;;;;;;;;;;;;;;;;;;;;;;;;;;;X;;;X;
D5774501101500W;D5774501101500W;SPOILER 2;REPAIR;;;;X;X;;;;;;;;;;;;;;;;;;;;X;X;X;X;;;;;;;;;;;;;;;;;;;;;;;;;;;;;;;;;;;;;;;;;;;;;;;;;;;;;;;;;;;;;;;;;;;;;;X;;;X;
D5774501101500Y;D5774501101500Y;SPOILER 2;REPAIR;;;;X;X;;;;;;;;;;;;;;;;;;;;X;X;X;X;;;;;;;;;;;;;;;;;;;;;;;;;;;;;;;;;;;;;;;;;;;;;;;;;;;;;;;;;;;;;;;;;;;;;;X;;;X;
D5774501101500Z;D5774501101500Z;SPOILER 2;REPAIR;;;;X;X;;;;;;;;;;;;;;;;;;;;X;X;X;X;;;;;;;;;;;;;;;;;;;;;;;;;;;;;;;;;;;;;;;;;;;;;;;;;;;;;;;;;;;;;;;;;;;;;;X;;;X;
D5774503000000;D5774503000000;SPOILER 3;REPAIR;;;;X;X;;;;;;;;;;;;;;;;;;;;X;X;X;X;;;;;;;;;;;;;;;;;;;;;;;;;;;;;;;;;;;;;;;;;;;;;;;;;;;;;;;;;;;;;;;;;;;;;;X;;;X;
D5774503000100;D5774503000100;SPOILER 3;REPAIR;;;;X;X;;;;;;;;;;;;;;;;;;;;X;X;X;X;;;;;;;;;;;;;;;;;;;;;;;;;;;;;;;;;;;;;;;;;;;;;;;;;;;;;;;;;;;;;;;;;;;;;;X;;;X;
D5774503000400;D5774503000400;SPOILER 3;REPAIR;;;;X;X;;;;;;;;;;;;;;;;;;;;X;X;X;X;;;;;;;;;;;;;;;;;;;;;;;;;;;;;;;;;;;;;;;;;;;;;;;;;;;;;;;;;;;;;;;;;;;;;;X;;;X;
D5774503000500;D5774503000500;SPOILER 3;REPAIR;;;;X;X;;;;;;;;;;;;;;;;;;;;X;X;X;X;;;;;;;;;;;;;;;;;;;;;;;;;;;;;;;;;;;;;;;;;;;;;;;;;;;;;;;;;;;;;;;;;;;;;;X;;;X;
D5774503000600P;D5774503000600P;SPOILER 3;REPAIR;;;;X;X;;;;;;;;;;;;;;;;;;;;X;X;X;X;;;;;;;;;;;;;;;;;;;;;;;;;;;;;;;;;;;;;;;;;;;;;;;;;;;;;;;;;;;;;;;;;;;;;;X;;;X;
D5774503000600T;D5774503000600T;SPOILER 3;REPAIR;;;;X;X;;;;;;;;;;;;;;;;;;;;X;X;X;X;;;;;;;;;;;;;;;;;;;;;;;;;;;;;;;;;;;;;;;;;;;;;;;;;;;;;;;;;;;;;;;;;;;;;;X;;;X;
D5774503000600W;D5774503000600W;SPOILER 3;REPAIR;;;;X;X;;;;;;;;;;;;;;;;;;;;X;X;X;X;;;;;;;;;;;;;;;;;;;;;;;;;;;;;;;;;;;;;;;;;;;;;;;;;;;;;;;;;;;;;;;;;;;;;;X;;;X;
D5774503000600Y;D5774503000600Y;SPOILER 3;REPAIR;;;;X;X;;;;;;;;;;;;;;;;;;;;X;X;X;X;;;;;;;;;;;;;;;;;;;;;;;;;;;;;;;;;;;;;;;;;;;;;;;;;;;;;;;;;;;;;;;;;;;;;;X;;;X;
D5774503000600Z;D5774503000600Z;SPOILER 3;REPAIR;;;;X;X;;;;;;;;;;;;;;;;;;;;X;X;X;X;;;;;;;;;;;;;;;;;;;;;;;;;;;;;;;;;;;;;;;;;;;;;;;;;;;;;;;;;;;;;;;;;;;;;;X;;;X;
D5774503000700T;D5774503000700T;SPOILER 3;REPAIR;;;;X;X;;;;;;;;;;;;;;;;;;;;X;X;X;X;;;;;;;;;;;;;;;;;;;;;;;;;;;;;;;;;;;;;;;;;;;;;;;;;;;;;;;;;;;;;;;;;;;;;;X;;;X;
D5774503000700W;D5774503000700W;SPOILER 3;REPAIR;;;;X;X;;;;;;;;;;;;;;;;;;;;X;X;X;X;;;;;;;;;;;;;;;;;;;;;;;;;;;;;;;;;;;;;;;;;;;;;;;;;;;;;;;;;;;;;;;;;;;;;;X;;;X;
D5774503000700Y;D5774503000700Y;SPOILER 3;REPAIR;;;;X;X;;;;;;;;;;;;;;;;;;;;X;X;X;X;;;;;;;;;;;;;;;;;;;;;;;;;;;;;;;;;;;;;;;;;;;;;;;;;;;;;;;;;;;;;;;;;;;;;;X;;;X;
D5774503000700Z;D5774503000700Z;SPOILER 3;REPAIR;;;;X;X;;;;;;;;;;;;;;;;;;;;X;X;X;X;;;;;;;;;;;;;;;;;;;;;;;;;;;;;;;;;;;;;;;;;;;;;;;;;;;;;;;;;;;;;;;;;;;;;;X;;;X;
D5774503200000;D5774503200000;SPOILER 4;REPAIR;;;;X;X;;;;;;;;;;;;;;;;;;;;X;X;X;X;;;;;;;;;;;;;;;;;;;;;;;;;;;;;;;;;;;;;;;;;;;;;;;;;;;;;;;;;;;;;;;;;;;;;;X;;;X;
D5774503200100;D5774503200100;SPOILER 4;REPAIR;;;;X;X;;;;;;;;;;;;;;;;;;;;X;X;X;X;;;;;;;;;;;;;;;;;;;;;;;;;;;;;;;;;;;;;;;;;;;;;;;;;;;;;;;;;;;;;;;;;;;;;;X;;;X;
D5774503200400;D5774503200400;SPOILER 4;REPAIR;;;;X;X;;;;;;;;;;;;;;;;;;;;X;X;X;X;;;;;;;;;;;;;;;;;;;;;;;;;;;;;;;;;;;;;;;;;;;;;;;;;;;;;;;;;;;;;;;;;;;;;;X;;;X;
D5774503200500;D5774503200500;SPOILER 4;REPAIR;;;;X;X;;;;;;;;;;;;;;;;;;;;X;X;X;X;;;;;;;;;;;;;;;;;;;;;;;;;;;;;;;;;;;;;;;;;;;;;;;;;;;;;;;;;;;;;;;;;;;;;;X;;;X;
D5774503200600P;D5774503200600P;SPOILER 4;REPAIR;;;;X;X;;;;;;;;;;;;;;;;;;;;X;X;X;X;;;;;;;;;;;;;;;;;;;;;;;;;;;;;;;;;;;;;;;;;;;;;;;;;;;;;;;;;;;;;;;;;;;;;;X;;;X;
D5774503200600T;D5774503200600T;SPOILER 4;REPAIR;;;;X;X;;;;;;;;;;;;;;;;;;;;X;X;X;X;;;;;;;;;;;;;;;;;;;;;;;;;;;;;;;;;;;;;;;;;;;;;;;;;;;;;;;;;;;;;;;;;;;;;;X;;;X;
D5774503200600W;D5774503200600W;SPOILER 4;REPAIR;;;;X;X;;;;;;;;;;;;;;;;;;;;X;X;X;X;;;;;;;;;;;;;;;;;;;;;;;;;;;;;;;;;;;;;;;;;;;;;;;;;;;;;;;;;;;;;;;;;;;;;;X;;;X;
D5774503200600Y;D5774503200600Y;SPOILER 4;REPAIR;;;;X;X;;;;;;;;;;;;;;;;;;;;X;X;X;X;;;;;;;;;;;;;;;;;;;;;;;;;;;;;;;;;;;;;;;;;;;;;;;;;;;;;;;;;;;;;;;;;;;;;;X;;;X;
D5774503200600Z;D5774503200600Z;SPOILER 4;REPAIR;;;;X;X;;;;;;;;;;;;;;;;;;;;X;X;X;X;;;;;;;;;;;;;;;;;;;;;;;;;;;;;;;;;;;;;;;;;;;;;;;;;;;;;;;;;;;;;;;;;;;;;;X;;;X;
D5774503200700P;D5774503200700P;SPOILER 4;REPAIR;;;;X;X;;;;;;;;;;;;;;;;;;;;X;X;X;X;;;;;;;;;;;;;;;;;;;;;;;;;;;;;;;;;;;;;;;;;;;;;;;;;;;;;;;;;;;;;;;;;;;;;;X;;;X;
D5774503200700T;D5774503200700T;SPOILER 4;REPAIR;;;;X;X;;;;;;;;;;;;;;;;;;;;X;X;X;X;;;;;;;;;;;;;;;;;;;;;;;;;;;;;;;;;;;;;;;;;;;;;;;;;;;;;;;;;;;;;;;;;;;;;;X;;;X;
D5774503200700W;D5774503200700W;SPOILER 4;REPAIR;;;;X;X;;;;;;;;;;;;;;;;;;;;X;X;X;X;;;;;;;;;;;;;;;;;;;;;;;;;;;;;;;;;;;;;;;;;;;;;;;;;;;;;;;;;;;;;;;;;;;;;;X;;;X;
D5774503200700Y;D5774503200700Y;SPOILER 4;REPAIR;;;;X;X;;;;;;;;;;;;;;;;;;;;X;X;X;X;;;;;;;;;;;;;;;;;;;;;;;;;;;;;;;;;;;;;;;;;;;;;;;;;;;;;;;;;;;;;;;;;;;;;;X;;;X;
D5774503200700Z;D5774503200700Z;SPOILER 4;REPAIR;;;;X;X;;;;;;;;;;;;;;;;;;;;X;X;X;X;;;;;;;;;;;;;;;;;;;;;;;;;;;;;;;;;;;;;;;;;;;;;;;;;;;;;;;;;;;;;;;;;;;;;;X;;;X;
D5774503400000;D5774503400000;SPOILER 5;REPAIR;;;;X;X;;;;;;;;;;;;;;;;;;;;X;X;X;X;;;;;;;;;;;;;;;;;;;;;;;;;;;;;;;;;;;;;;;;;;;;;;;;;;;;;;;;;;;;;;;;;;;;;;X;;;X;
D5774503400100;D5774503400100;SPOILER 5;REPAIR;;;;X;X;;;;;;;;;;;;;;;;;;;;X;X;X;X;;;;;;;;;;;;;;;;;;;;;;;;;;;;;;;;;;;;;;;;;;;;;;;;;;;;;;;;;;;;;;;;;;;;;;X;;;X;
D5774503400600;D5774503400600;SPOILER 5;REPAIR;;;;X;X;;;;;;;;;;;;;;;;;;;;X;X;X;X;;;;;;;;;;;;;;;;;;;;;;;;;;;;;;;;;;;;;;;;;;;;;;;;;;;;;;;;;;;;;;;;;;;;;;X;;;X;
D5774503400700;D5774503400700;SPOILER 5;REPAIR;;;;X;X;;;;;;;;;;;;;;;;;;;;X;X;X;X;;;;;;;;;;;;;;;;;;;;;;;;;;;;;;;;;;;;;;;;;;;;;;;;;;;;;;;;;;;;;;;;;;;;;;X;;;X;
D5774503400800T;D5774503400800T;SPOILER 5;REPAIR;;;;X;X;;;;;;;;;;;;;;;;;;;;X;X;X;X;;;;;;;;;;;;;;;;;;;;;;;;;;;;;;;;;;;;;;;;;;;;;;;;;;;;;;;;;;;;;;;;;;;;;;X;;;X;
D5774503400800W;D5774503400800W;SPOILER 5;REPAIR;;;;X;X;;;;;;;;;;;;;;;;;;;;X;X;X;X;;;;;;;;;;;;;;;;;;;;;;;;;;;;;;;;;;;;;;;;;;;;;;;;;;;;;;;;;;;;;;;;;;;;;;X;;;X;
D5774503400800Y;D5774503400800Y;SPOILER 5;REPAIR;;;;X;X;;;;;;;;;;;;;;;;;;;;X;X;X;X;;;;;;;;;;;;;;;;;;;;;;;;;;;;;;;;;;;;;;;;;;;;;;;;;;;;;;;;;;;;;;;;;;;;;;X;;;X;
D5774503400800Z;D5774503400800Z;SPOILER 5;REPAIR;;;;X;X;;;;;;;;;;;;;;;;;;;;X;X;X;X;;;;;;;;;;;;;;;;;;;;;;;;;;;;;;;;;;;;;;;;;;;;;;;;;;;;;;;;;;;;;;;;;;;;;;X;;;X;
D5774503400900T;D5774503400900T;SPOILER 5;REPAIR;;;;X;X;;;;;;;;;;;;;;;;;;;;X;X;X;X;;;;;;;;;;;;;;;;;;;;;;;;;;;;;;;;;;;;;;;;;;;;;;;;;;;;;;;;;;;;;;;;;;;;;;X;;;X;
D5774503400900W;D5774503400900W;SPOILER 5;REPAIR;;;;X;X;;;;;;;;;;;;;;;;;;;;X;X;X;X;;;;;;;;;;;;;;;;;;;;;;;;;;;;;;;;;;;;;;;;;;;;;;;;;;;;;;;;;;;;;;;;;;;;;;X;;;X;
D5774503400900Y;D5774503400900Y;SPOILER 5;REPAIR;;;;X;X;;;;;;;;;;;;;;;;;;;;X;X;X;X;;;;;;;;;;;;;;;;;;;;;;;;;;;;;;;;;;;;;;;;;;;;;;;;;;;;;;;;;;;;;;;;;;;;;;X;;;X;
D5774503400900Z;D5774503400900Z;SPOILER 5;REPAIR;;;;X;X;;;;;;;;;;;;;;;;;;;;X;X;X;X;;;;;;;;;;;;;;;;;;;;;;;;;;;;;;;;;;;;;;;;;;;;;;;;;;;;;;;;;;;;;;;;;;;;;;X;;;X;
D5774503401600P;D5774503401600P;SPOILER 5;REPAIR;;;;X;X;;;;;;;;;;;;;;;;;;;;X;X;X;X;;;;;;;;;;;;;;;;;;;;;;;;;;;;;;;;;;;;;;;;;;;;;;;;;;;;;;;;;;;;;;;;;;;;;;X;;;X;
D5774503401600T;D5774503401600T;SPOILER 5;REPAIR;;;;X;X;;;;;;;;;;;;;;;;;;;;X;X;X;X;;;;;;;;;;;;;;;;;;;;;;;;;;;;;;;;;;;;;;;;;;;;;;;;;;;;;;;;;;;;;;;;;;;;;;X;;;X;
D5774503401600W;D5774503401600W;SPOILER 5;REPAIR;;;;X;X;;;;;;;;;;;;;;;;;;;;X;X;X;X;;;;;;;;;;;;;;;;;;;;;;;;;;;;;;;;;;;;;;;;;;;;;;;;;;;;;;;;;;;;;;;;;;;;;;X;;;X;
D5774503401600Y;D5774503401600Y;SPOILER 5;REPAIR;;;;X;X;;;;;;;;;;;;;;;;;;;;X;X;X;X;;;;;;;;;;;;;;;;;;;;;;;;;;;;;;;;;;;;;;;;;;;;;;;;;;;;;;;;;;;;;;;;;;;;;;X;;;X;
D5774503401600Z;D5774503401600Z;SPOILER 5;REPAIR;;;;X;X;;;;;;;;;;;;;;;;;;;;X;X;X;X;;;;;;;;;;;;;;;;;;;;;;;;;;;;;;;;;;;;;;;;;;;;;;;;;;;;;;;;;;;;;;;;;;;;;;X;;;X;
D5774503401700P;D5774503401700P;SPOILER 5;REPAIR;;;;X;X;;;;;;;;;;;;;;;;;;;;X;X;X;X;;;;;;;;;;;;;;;;;;;;;;;;;;;;;;;;;;;;;;;;;;;;;;;;;;;;;;;;;;;;;;;;;;;;;;X;;;X;
D5774503401700T;D5774503401700T;SPOILER 5;REPAIR;;;;X;X;;;;;;;;;;;;;;;;;;;;X;X;X;X;;;;;;;;;;;;;;;;;;;;;;;;;;;;;;;;;;;;;;;;;;;;;;;;;;;;;;;;;;;;;;;;;;;;;;X;;;X;
D5774503401700W;D5774503401700W;SPOILER 5;REPAIR;;;;X;X;;;;;;;;;;;;;;;;;;;;X;X;X;X;;;;;;;;;;;;;;;;;;;;;;;;;;;;;;;;;;;;;;;;;;;;;;;;;;;;;;;;;;;;;;;;;;;;;;X;;;X;
D5774503401700Y;D5774503401700Y;SPOILER 5;REPAIR;;;;X;X;;;;;;;;;;;;;;;;;;;;X;X;X;X;;;;;;;;;;;;;;;;;;;;;;;;;;;;;;;;;;;;;;;;;;;;;;;;;;;;;;;;;;;;;;;;;;;;;;X;;;X;
D5774503401700Z;D5774503401700Z;SPOILER 5;REPAIR;;;;X;X;;;;;;;;;;;;;;;;;;;;X;X;X;X;;;;;;;;;;;;;;;;;;;;;;;;;;;;;;;;;;;;;;;;;;;;;;;;;;;;;;;;;;;;;;;;;;;;;;X;;;X;
D5775000100000B;D5775000100000B;SPOILER 1;REPAIR;;;;X;X;;;;;;;;;;;;;;;;;;;;X;X;X;X;;;;;;;;;;;;;;;;;;;;;;;;;;;;;;;;;;;;;;;;;;;;;;;;;;;;;;;;;;;;;;;;;;;;;;X;;;X;
D5775000100000T;D5775000100000T;SPOILER 1;REPAIR;;;;X;X;;;;;;;;;;;;;;;;;;;;X;X;X;X;;;;;;;;;;;;;;;;;;;;;;;;;;;;;;;;;;;;;;;;;;;;;;;;;;;;;;;;;;;;;;;;;;;;;;X;;;X;
D5775000100000W;D5775000100000W;SPOILER 1;REPAIR;;;;X;X;;;;;;;;;;;;;;;;;;;;X;X;X;X;;;;;;;;;;;;;;;;;;;;;;;;;;;;;;;;;;;;;;;;;;;;;;;;;;;;;;;;;;;;;;;;;;;;;;X;;;X;
D5775000100000Y;D5775000100000Y;SPOILER 1;REPAIR;;;;X;X;;;;;;;;;;;;;;;;;;;;X;X;X;X;;;;;;;;;;;;;;;;;;;;;;;;;;;;;;;;;;;;;;;;;;;;;;;;;;;;;;;;;;;;;;;;;;;;;;X;;;X;
D5775000100000Z;D5775000100000Z;SPOILER 1;REPAIR;;;;X;X;;;;;;;;;;;;;;;;;;;;X;X;X;X;;;;;;;;;;;;;;;;;;;;;;;;;;;;;;;;;;;;;;;;;;;;;;;;;;;;;;;;;;;;;;;;;;;;;;X;;;X;
D5775000100100B;D5775000100100B;SPOILER 1;REPAIR;;;;X;X;;;;;;;;;;;;;;;;;;;;X;X;X;X;;;;;;;;;;;;;;;;;;;;;;;;;;;;;;;;;;;;;;;;;;;;;;;;;;;;;;;;;;;;;;;;;;;;;;X;;;X;
D5775000100100T;D5775000100100T;SPOILER 1;REPAIR;;;;X;X;;;;;;;;;;;;;;;;;;;;X;X;X;X;;;;;;;;;;;;;;;;;;;;;;;;;;;;;;;;;;;;;;;;;;;;;;;;;;;;;;;;;;;;;;;;;;;;;;X;;;X;
D5775000100100W;D5775000100100W;SPOILER 1;REPAIR;;;;X;X;;;;;;;;;;;;;;;;;;;;X;X;X;X;;;;;;;;;;;;;;;;;;;;;;;;;;;;;;;;;;;;;;;;;;;;;;;;;;;;;;;;;;;;;;;;;;;;;;X;;;X;
D5775000100100Y;D5775000100100Y;SPOILER 1;REPAIR;;;;X;X;;;;;;;;;;;;;;;;;;;;X;X;X;X;;;;;;;;;;;;;;;;;;;;;;;;;;;;;;;;;;;;;;;;;;;;;;;;;;;;;;;;;;;;;;;;;;;;;;X;;;X;
D5775000100100Z;D5775000100100Z;SPOILER 1;REPAIR;;;;X;X;;;;;;;;;;;;;;;;;;;;X;X;X;X;;;;;;;;;;;;;;;;;;;;;;;;;;;;;;;;;;;;;;;;;;;;;;;;;;;;;;;;;;;;;;;;;;;;;;X;;;X;
D5775000200000B;D5775000200000B;SPOILER 2;REPAIR;;;;X;X;;;;;;;;;;;;;;;;;;;;X;X;X;X;;;;;;;;;;;;;;;;;;;;;;;;;;;;;;;;;;;;;;;;;;;;;;;;;;;;;;;;;;;;;;;;;;;;;;X;;;X;
D5775000200000T;D5775000200000T;SPOILER 2;REPAIR;;;;X;X;;;;;;;;;;;;;;;;;;;;X;X;X;X;;;;;;;;;;;;;;;;;;;;;;;;;;;;;;;;;;;;;;;;;;;;;;;;;;;;;;;;;;;;;;;;;;;;;;X;;;X;
D5775000200000W;D5775000200000W;SPOILER 2;REPAIR;;;;X;X;;;;;;;;;;;;;;;;;;;;X;X;X;X;;;;;;;;;;;;;;;;;;;;;;;;;;;;;;;;;;;;;;;;;;;;;;;;;;;;;;;;;;;;;;;;;;;;;;X;;;X;
D5775000200000Y;D5775000200000Y;SPOILER 2;REPAIR;;;;X;X;;;;;;;;;;;;;;;;;;;;X;X;X;X;;;;;;;;;;;;;;;;;;;;;;;;;;;;;;;;;;;;;;;;;;;;;;;;;;;;;;;;;;;;;;;;;;;;;;X;;;X;
D5775000200000Z;D5775000200000Z;SPOILER 2;REPAIR;;;;X;X;;;;;;;;;;;;;;;;;;;;X;X;X;X;;;;;;;;;;;;;;;;;;;;;;;;;;;;;;;;;;;;;;;;;;;;;;;;;;;;;;;;;;;;;;;;;;;;;;X;;;X;
D5775000200100B;D5775000200100B;SPOILER 2;REPAIR;;;;X;X;;;;;;;;;;;;;;;;;;;;X;X;X;X;;;;;;;;;;;;;;;;;;;;;;;;;;;;;;;;;;;;;;;;;;;;;;;;;;;;;;;;;;;;;;;;;;;;;;X;;;X;
D5775000200100T;D5775000200100T;SPOILER 2;REPAIR;;;;X;X;;;;;;;;;;;;;;;;;;;;X;X;X;X;;;;;;;;;;;;;;;;;;;;;;;;;;;;;;;;;;;;;;;;;;;;;;;;;;;;;;;;;;;;;;;;;;;;;;X;;;X;
D5775000200100W;D5775000200100W;SPOILER 2;REPAIR;;;;X;X;;;;;;;;;;;;;;;;;;;;X;X;X;X;;;;;;;;;;;;;;;;;;;;;;;;;;;;;;;;;;;;;;;;;;;;;;;;;;;;;;;;;;;;;;;;;;;;;;X;;;X;
D5775000200100Y;D5775000200100Y;SPOILER 2;REPAIR;;;;X;X;;;;;;;;;;;;;;;;;;;;X;X;X;X;;;;;;;;;;;;;;;;;;;;;;;;;;;;;;;;;;;;;;;;;;;;;;;;;;;;;;;;;;;;;;;;;;;;;;X;;;X;
D5775000200100Z;D5775000200100Z;SPOILER 2;REPAIR;;;;X;X;;;;;;;;;;;;;;;;;;;;X;X;X;X;;;;;;;;;;;;;;;;;;;;;;;;;;;;;;;;;;;;;;;;;;;;;;;;;;;;;;;;;;;;;;;;;;;;;;X;;;X;
D5775000300000B;D5775000300000B;SPOILER 3;REPAIR;;;;X;X;;;;;;;;;;;;;;;;;;;;X;X;X;X;;;;;;;;;;;;;;;;;;;;;;;;;;;;;;;;;;;;;;;;;;;;;;;;;;;;;;;;;;;;;;;;;;;;;;X;;;X;
D5775000300000D;D5775000300000D;SPOILER 3;REPAIR;;;;X;X;;;;;;;;;;;;;;;;;;;;X;X;X;X;;;;;;;;;;;;;;;;;;;;;;;;;;;;;;;;;;;;;;;;;;;;;;;;;;;;;;;;;;;;;;;;;;;;;;X;;;X;
D5775000300000G;D5775000300000G;SPOILER 3;REPAIR;;;;X;X;;;;;;;;;;;;;;;;;;;;X;X;X;X;;;;;;;;;;;;;;;;;;;;;;;;;;;;;;;;;;;;;;;;;;;;;;;;;;;;;;;;;;;;;;;;;;;;;;X;;;X;
D5775000300000P;D5775000300000P;SPOILER 3;REPAIR;;;;X;X;;;;;;;;;;;;;;;;;;;;X;X;X;X;;;;;;;;;;;;;;;;;;;;;;;;;;;;;;;;;;;;;;;;;;;;;;;;;;;;;;;;;;;;;;;;;;;;;;X;;;X;
D5775000300000T;D5775000300000T;SPOILER 3;REPAIR;;;;X;X;;;;;;;;;;;;;;;;;;;;X;X;X;X;;;;;;;;;;;;;;;;;;;;;;;;;;;;;;;;;;;;;;;;;;;;;;;;;;;;;;;;;;;;;;;;;;;;;;X;;;X;
D5775000300000W;D5775000300000W;SPOILER 3;REPAIR;;;;X;X;;;;;;;;;;;;;;;;;;;;X;X;X;X;;;;;;;;;;;;;;;;;;;;;;;;;;;;;;;;;;;;;;;;;;;;;;;;;;;;;;;;;;;;;;;;;;;;;;X;;;X;
D5775000300000Y;D5775000300000Y;SPOILER 3;REPAIR;;;;X;X;;;;;;;;;;;;;;;;;;;;X;X;X;X;;;;;;;;;;;;;;;;;;;;;;;;;;;;;;;;;;;;;;;;;;;;;;;;;;;;;;;;;;;;;;;;;;;;;;X;;;X;
D5775000300000Z;D5775000300000Z;SPOILER 3;REPAIR;;;;X;X;;;;;;;;;;;;;;;;;;;;X;X;X;X;;;;;;;;;;;;;;;;;;;;;;;;;;;;;;;;;;;;;;;;;;;;;;;;;;;;;;;;;;;;;;;;;;;;;;X;;;X;
D5775000300100B;D5775000300100B;SPOILER 3;REPAIR;;;;X;X;;;;;;;;;;;;;;;;;;;;X;X;X;X;;;;;;;;;;;;;;;;;;;;;;;;;;;;;;;;;;;;;;;;;;;;;;;;;;;;;;;;;;;;;;;;;;;;;;X;;;X;
D5775000300100D;D5775000300100D;SPOILER 3;REPAIR;;;;X;X;;;;;;;;;;;;;;;;;;;;X;X;X;X;;;;;;;;;;;;;;;;;;;;;;;;;;;;;;;;;;;;;;;;;;;;;;;;;;;;;;;;;;;;;;;;;;;;;;X;;;X;
D5775000300100G;D5775000300100G;SPOILER 3;REPAIR;;;;X;X;;;;;;;;;;;;;;;;;;;;X;X;X;X;;;;;;;;;;;;;;;;;;;;;;;;;;;;;;;;;;;;;;;;;;;;;;;;;;;;;;;;;;;;;;;;;;;;;;X;;;X;
D5775000300100P;D5775000300100P;SPOILER 3;REPAIR;;;;X;X;;;;;;;;;;;;;;;;;;;;X;X;X;X;;;;;;;;;;;;;;;;;;;;;;;;;;;;;;;;;;;;;;;;;;;;;;;;;;;;;;;;;;;;;;;;;;;;;;X;;;X;
D5775000300100T;D5775000300100T;SPOILER 3;REPAIR;;;;X;X;;;;;;;;;;;;;;;;;;;;X;X;X;X;;;;;;;;;;;;;;;;;;;;;;;;;;;;;;;;;;;;;;;;;;;;;;;;;;;;;;;;;;;;;;;;;;;;;;X;;;X;
D5775000300100W;D5775000300100W;SPOILER 3;REPAIR;;;;X;X;;;;;;;;;;;;;;;;;;;;X;X;X;X;;;;;;;;;;;;;;;;;;;;;;;;;;;;;;;;;;;;;;;;;;;;;;;;;;;;;;;;;;;;;;;;;;;;;;X;;;X;
D5775000300100Y;D5775000300100Y;SPOILER 3;REPAIR;;;;X;X;;;;;;;;;;;;;;;;;;;;X;X;X;X;;;;;;;;;;;;;;;;;;;;;;;;;;;;;;;;;;;;;;;;;;;;;;;;;;;;;;;;;;;;;;;;;;;;;;X;;;X;
D5775000300100Z;D5775000300100Z;SPOILER 3;REPAIR;;;;X;X;;;;;;;;;;;;;;;;;;;;X;X;X;X;;;;;;;;;;;;;;;;;;;;;;;;;;;;;;;;;;;;;;;;;;;;;;;;;;;;;;;;;;;;;;;;;;;;;;X;;;X;
D5775000400000B;D5775000400000B;SPOILER 4;REPAIR;;;;X;X;;;;;;;;;;;;;;;;;;;;X;X;X;X;;;;;;;;;;;;;;;;;;;;;;;;;;;;;;;;;;;;;;;;;;;;;;;;;;;;;;;;;;;;;;;;;;;;;;X;;;X;
D5775000400000D;D5775000400000D;SPOILER 4;REPAIR;;;;X;X;;;;;;;;;;;;;;;;;;;;X;X;X;X;;;;;;;;;;;;;;;;;;;;;;;;;;;;;;;;;;;;;;;;;;;;;;;;;;;;;;;;;;;;;;;;;;;;;;X;;;X;
D5775000400000G;D5775000400000G;SPOILER 4;REPAIR;;;;X;X;;;;;;;;;;;;;;;;;;;;X;X;X;X;;;;;;;;;;;;;;;;;;;;;;;;;;;;;;;;;;;;;;;;;;;;;;;;;;;;;;;;;;;;;;;;;;;;;;X;;;X;
D5775000400000P;D5775000400000P;SPOILER 4;REPAIR;;;;X;X;;;;;;;;;;;;;;;;;;;;X;X;X;X;;;;;;;;;;;;;;;;;;;;;;;;;;;;;;;;;;;;;;;;;;;;;;;;;;;;;;;;;;;;;;;;;;;;;;X;;;X;
D5775000400000T;D5775000400000T;SPOILER 4;REPAIR;;;;X;X;;;;;;;;;;;;;;;;;;;;X;X;X;X;;;;;;;;;;;;;;;;;;;;;;;;;;;;;;;;;;;;;;;;;;;;;;;;;;;;;;;;;;;;;;;;;;;;;;X;;;X;
D5775000400000W;D5775000400000W;SPOILER 4;REPAIR;;;;X;X;;;;;;;;;;;;;;;;;;;;X;X;X;X;;;;;;;;;;;;;;;;;;;;;;;;;;;;;;;;;;;;;;;;;;;;;;;;;;;;;;;;;;;;;;;;;;;;;;X;;;X;
D5775000400000Y;D5775000400000Y;SPOILER 4;REPAIR;;;;X;X;;;;;;;;;;;;;;;;;;;;X;X;X;X;;;;;;;;;;;;;;;;;;;;;;;;;;;;;;;;;;;;;;;;;;;;;;;;;;;;;;;;;;;;;;;;;;;;;;X;;;X;
D5775000400000Z;D5775000400000Z;SPOILER 4;REPAIR;;;;X;X;;;;;;;;;;;;;;;;;;;;X;X;X;X;;;;;;;;;;;;;;;;;;;;;;;;;;;;;;;;;;;;;;;;;;;;;;;;;;;;;;;;;;;;;;;;;;;;;;X;;;X;
D5775000400100B;D5775000400100B;SPOILER 4;REPAIR;;;;X;X;;;;;;;;;;;;;;;;;;;;X;X;X;X;;;;;;;;;;;;;;;;;;;;;;;;;;;;;;;;;;;;;;;;;;;;;;;;;;;;;;;;;;;;;;;;;;;;;;X;;;X;
D5775000400100D;D5775000400100D;SPOILER 4;REPAIR;;;;X;X;;;;;;;;;;;;;;;;;;;;X;X;X;X;;;;;;;;;;;;;;;;;;;;;;;;;;;;;;;;;;;;;;;;;;;;;;;;;;;;;;;;;;;;;;;;;;;;;;X;;;X;
D5775000400100G;D5775000400100G;SPOILER 4;REPAIR;;;;X;X;;;;;;;;;;;;;;;;;;;;X;X;X;X;;;;;;;;;;;;;;;;;;;;;;;;;;;;;;;;;;;;;;;;;;;;;;;;;;;;;;;;;;;;;;;;;;;;;;X;;;X;
D5775000400100P;D5775000400100P;SPOILER 4;REPAIR;;;;X;X;;;;;;;;;;;;;;;;;;;;X;X;X;X;;;;;;;;;;;;;;;;;;;;;;;;;;;;;;;;;;;;;;;;;;;;;;;;;;;;;;;;;;;;;;;;;;;;;;X;;;X;
D5775000400100T;D5775000400100T;SPOILER 4;REPAIR;;;;X;X;;;;;;;;;;;;;;;;;;;;X;X;X;X;;;;;;;;;;;;;;;;;;;;;;;;;;;;;;;;;;;;;;;;;;;;;;;;;;;;;;;;;;;;;;;;;;;;;;X;;;X;
D5775000400100W;D5775000400100W;SPOILER 4;REPAIR;;;;X;X;;;;;;;;;;;;;;;;;;;;X;X;X;X;;;;;;;;;;;;;;;;;;;;;;;;;;;;;;;;;;;;;;;;;;;;;;;;;;;;;;;;;;;;;;;;;;;;;;X;;;X;
D5775000400100Y;D5775000400100Y;SPOILER 4;REPAIR;;;;X;X;;;;;;;;;;;;;;;;;;;;X;X;X;X;;;;;;;;;;;;;;;;;;;;;;;;;;;;;;;;;;;;;;;;;;;;;;;;;;;;;;;;;;;;;;;;;;;;;;X;;;X;
D5775000400100Z;D5775000400100Z;SPOILER 4;REPAIR;;;;X;X;;;;;;;;;;;;;;;;;;;;X;X;X;X;;;;;;;;;;;;;;;;;;;;;;;;;;;;;;;;;;;;;;;;;;;;;;;;;;;;;;;;;;;;;;;;;;;;;;X;;;X;
D5775000500000B;D5775000500000B;SPOILER 5;REPAIR;;;;X;X;;;;;;;;;;;;;;;;;;;;X;X;X;X;;;;;;;;;;;;;;;;;;;;;;;;;;;;;;;;;;;;;;;;;;;;;;;;;;;;;;;;;;;;;;;;;;;;;;X;;;X;
D5775000500000D;D5775000500000D;SPOILER 5;REPAIR;;;;X;X;;;;;;;;;;;;;;;;;;;;X;X;X;X;;;;;;;;;;;;;;;;;;;;;;;;;;;;;;;;;;;;;;;;;;;;;;;;;;;;;;;;;;;;;;;;;;;;;;X;;;X;
D5775000500000G;D5775000500000G;SPOILER 5;REPAIR;;;;X;X;;;;;;;;;;;;;;;;;;;;X;X;X;X;;;;;;;;;;;;;;;;;;;;;;;;;;;;;;;;;;;;;;;;;;;;;;;;;;;;;;;;;;;;;;;;;;;;;;X;;;X;
D5775000500000P;D5775000500000P;SPOILER 5;REPAIR;;;;X;X;;;;;;;;;;;;;;;;;;;;X;X;X;X;;;;;;;;;;;;;;;;;;;;;;;;;;;;;;;;;;;;;;;;;;;;;;;;;;;;;;;;;;;;;;;;;;;;;;X;;;X;
D5775000500000T;D5775000500000T;SPOILER 5;REPAIR;;;;X;X;;;;;;;;;;;;;;;;;;;;X;X;X;X;;;;;;;;;;;;;;;;;;;;;;;;;;;;;;;;;;;;;;;;;;;;;;;;;;;;;;;;;;;;;;;;;;;;;;X;;;X;
D5775000500000W;D5775000500000W;SPOILER 5;REPAIR;;;;X;X;;;;;;;;;;;;;;;;;;;;X;X;X;X;;;;;;;;;;;;;;;;;;;;;;;;;;;;;;;;;;;;;;;;;;;;;;;;;;;;;;;;;;;;;;;;;;;;;;X;;;X;
D5775000500000Y;D5775000500000Y;SPOILER 5;REPAIR;;;;X;X;;;;;;;;;;;;;;;;;;;;X;X;X;X;;;;;;;;;;;;;;;;;;;;;;;;;;;;;;;;;;;;;;;;;;;;;;;;;;;;;;;;;;;;;;;;;;;;;;X;;;X;
D5775000500000Z;D5775000500000Z;SPOILER 5;REPAIR;;;;X;X;;;;;;;;;;;;;;;;;;;;X;X;X;X;;;;;;;;;;;;;;;;;;;;;;;;;;;;;;;;;;;;;;;;;;;;;;;;;;;;;;;;;;;;;;;;;;;;;;X;;;X;
D5775000500100B;D5775000500100B;SPOILER 5;REPAIR;;;;X;X;;;;;;;;;;;;;;;;;;;;X;X;X;X;;;;;;;;;;;;;;;;;;;;;;;;;;;;;;;;;;;;;;;;;;;;;;;;;;;;;;;;;;;;;;;;;;;;;;X;;;X;
D5775000500100D;D5775000500100D;SPOILER 5;REPAIR;;;;X;X;;;;;;;;;;;;;;;;;;;;X;X;X;X;;;;;;;;;;;;;;;;;;;;;;;;;;;;;;;;;;;;;;;;;;;;;;;;;;;;;;;;;;;;;;;;;;;;;;X;;;X;
D5775000500100G;D5775000500100G;SPOILER 5;REPAIR;;;;X;X;;;;;;;;;;;;;;;;;;;;X;X;X;X;;;;;;;;;;;;;;;;;;;;;;;;;;;;;;;;;;;;;;;;;;;;;;;;;;;;;;;;;;;;;;;;;;;;;;X;;;X;
D5775000500100P;D5775000500100P;SPOILER 5;REPAIR;;;;X;X;;;;;;;;;;;;;;;;;;;;X;X;X;X;;;;;;;;;;;;;;;;;;;;;;;;;;;;;;;;;;;;;;;;;;;;;;;;;;;;;;;;;;;;;;;;;;;;;;X;;;X;
D5775000500100T;D5775000500100T;SPOILER 5;REPAIR;;;;X;X;;;;;;;;;;;;;;;;;;;;X;X;X;X;;;;;;;;;;;;;;;;;;;;;;;;;;;;;;;;;;;;;;;;;;;;;;;;;;;;;;;;;;;;;;;;;;;;;;X;;;X;
D5775000500100W;D5775000500100W;SPOILER 5;REPAIR;;;;X;X;;;;;;;;;;;;;;;;;;;;X;X;X;X;;;;;;;;;;;;;;;;;;;;;;;;;;;;;;;;;;;;;;;;;;;;;;;;;;;;;;;;;;;;;;;;;;;;;;X;;;X;
D5775000500100Y;D5775000500100Y;SPOILER 5;REPAIR;;;;X;X;;;;;;;;;;;;;;;;;;;;X;X;X;X;;;;;;;;;;;;;;;;;;;;;;;;;;;;;;;;;;;;;;;;;;;;;;;;;;;;;;;;;;;;;;;;;;;;;;X;;;X;
D5775000500100Z;D5775000500100Z;SPOILER 5;REPAIR;;;;X;X;;;;;;;;;;;;;;;;;;;;X;X;X;X;;;;;;;;;;;;;;;;;;;;;;;;;;;;;;;;;;;;;;;;;;;;;;;;;;;;;;;;;;;;;;;;;;;;;;X;;;X;
D5775001600000A;D5775001600000A;SPOILER 1;REPAIR;;;;X;X;;;;;;;;;;;;;;;;;;;;X;X;X;X;;;;;;;;;;;;;;;;;;;;;;;;;;;;;;;;;;;;;;;;;;;;;;;;;;;;;;;;;;;;;;;;;;;;;;X;;;X;
D5775001600000B;D5775001600000B;SPOILER 1;REPAIR;;;;X;X;;;;;;;;;;;;;;;;;;;;X;X;X;X;;;;;;;;;;;;;;;;;;;;;;;;;;;;;;;;;;;;;;;;;;;;;;;;;;;;;;;;;;;;;;;;;;;;;;X;;;X;
D5775001600000T;D5775001600000T;SPOILER 1;REPAIR;;;;X;X;;;;;;;;;;;;;;;;;;;;X;X;X;X;;;;;;;;;;;;;;;;;;;;;;;;;;;;;;;;;;;;;;;;;;;;;;;;;;;;;;;;;;;;;;;;;;;;;;X;;;X;
D5775001600000Z;D5775001600000Z;SPOILER 1;REPAIR;;;;X;X;;;;;;;;;;;;;;;;;;;;X;X;X;X;;;;;;;;;;;;;;;;;;;;;;;;;;;;;;;;;;;;;;;;;;;;;;;;;;;;;;;;;;;;;;;;;;;;;;X;;;X;
D5775001600100A;D5775001600100A;SPOILER 1;REPAIR;;;;X;X;;;;;;;;;;;;;;;;;;;;X;X;X;X;;;;;;;;;;;;;;;;;;;;;;;;;;;;;;;;;;;;;;;;;;;;;;;;;;;;;;;;;;;;;;;;;;;;;;X;;;X;
D5775001600100B;D5775001600100B;SPOILER 1;REPAIR;;;;X;X;;;;;;;;;;;;;;;;;;;;X;X;X;X;;;;;;;;;;;;;;;;;;;;;;;;;;;;;;;;;;;;;;;;;;;;;;;;;;;;;;;;;;;;;;;;;;;;;;X;;;X;
D5775001600100T;D5775001600100T;SPOILER 1;REPAIR;;;;X;X;;;;;;;;;;;;;;;;;;;;X;X;X;X;;;;;;;;;;;;;;;;;;;;;;;;;;;;;;;;;;;;;;;;;;;;;;;;;;;;;;;;;;;;;;;;;;;;;;X;;;X;
D5775001600100Z;D5775001600100Z;SPOILER 1;REPAIR;;;;X;X;;;;;;;;;;;;;;;;;;;;X;X;X;X;;;;;;;;;;;;;;;;;;;;;;;;;;;;;;;;;;;;;;;;;;;;;;;;;;;;;;;;;;;;;;;;;;;;;;X;;;X;
D5775001600200A;D5775001600200A;SPOILER 1;REPAIR;;;;X;X;;;;;;;;;;;;;;;;;;;;X;X;X;X;;;;;;;;;;;;;;;;;;;;;;;;;;;;;;;;;;;;;;;;;;;;;;;;;;;;;;;;;;;;;;;;;;;;;;X;;;X;
D5775001600300A;D5775001600300A;SPOILER 1;REPAIR;;;;X;X;;;;;;;;;;;;;;;;;;;;X;X;X;X;;;;;;;;;;;;;;;;;;;;;;;;;;;;;;;;;;;;;;;;;;;;;;;;;;;;;;;;;;;;;;;;;;;;;;X;;;X;
D5775001600300A;D5775001600300A;SPOILER 1;REPAIR;;;;X;X;;;;;;;;;;;;;;;;;;;;X;X;X;X;;;;;;;;;;;;;;;;;;;;;;;;;;;;;;;;;;;;;;;;;;;;;;;;;;;;;;;;;;;;;;;;;;;;;;X;;;X;
D5775001600400A;D5775001600400A;SPOILER 1;REPAIR;;;;X;X;;;;;;;;;;;;;;;;;;;;X;X;X;X;;;;;;;;;;;;;;;;;;;;;;;;;;;;;;;;;;;;;;;;;;;;;;;;;;;;;;;;;;;;;;;;;;;;;;X;;;X;
D5775001600500A;D5775001600500A;SPOILER 1;REPAIR;;;;X;X;;;;;;;;;;;;;;;;;;;;X;X;X;X;;;;;;;;;;;;;;;;;;;;;;;;;;;;;;;;;;;;;;;;;;;;;;;;;;;;;;;;;;;;;;;;;;;;;;X;;;X;
D5775001600600A;D5775001600600A;SPOILER 1;REPAIR;;;;X;X;;;;;;;;;;;;;;;;;;;;X;X;X;X;;;;;;;;;;;;;;;;;;;;;;;;;;;;;;;;;;;;;;;;;;;;;;;;;;;;;;;;;;;;;;;;;;;;;;X;;;X;
D5775001600700A;D5775001600700A;SPOILER 1;REPAIR;;;;X;X;;;;;;;;;;;;;;;;;;;;X;X;X;X;;;;;;;;;;;;;;;;;;;;;;;;;;;;;;;;;;;;;;;;;;;;;;;;;;;;;;;;;;;;;;;;;;;;;;X;;;X;
D5775001700000A;D5775001700000A;SPOILER 1;REPAIR;;;;X;X;;;;;;;;;;;;;;;;;;;;X;X;X;X;;;;;;;;;;;;;;;;;;;;;;;;;;;;;;;;;;;;;;;;;;;;;;;;;;;;;;;;;;;;;;;;;;;;;;X;;;X;
D5775001700000B;D5775001700000B;SPOILER 1;REPAIR;;;;X;X;;;;;;;;;;;;;;;;;;;;X;X;X;X;;;;;;;;;;;;;;;;;;;;;;;;;;;;;;;;;;;;;;;;;;;;;;;;;;;;;;;;;;;;;;;;;;;;;;X;;;X;
D5775001700000D;D5775001700000D;SPOILER 1;REPAIR;;;;X;X;;;;;;;;;;;;;;;;;;;;X;X;X;X;;;;;;;;;;;;;;;;;;;;;;;;;;;;;;;;;;;;;;;;;;;;;;;;;;;;;;;;;;;;;;;;;;;;;;X;;;X;
D5775001700000Z;D5775001700000Z;SPOILER 1;REPAIR;;;;X;X;;;;;;;;;;;;;;;;;;;;X;X;X;X;;;;;;;;;;;;;;;;;;;;;;;;;;;;;;;;;;;;;;;;;;;;;;;;;;;;;;;;;;;;;;;;;;;;;;X;;;X;
D5775001700100A;D5775001700100A;SPOILER 1;REPAIR;;;;X;X;;;;;;;;;;;;;;;;;;;;X;X;X;X;;;;;;;;;;;;;;;;;;;;;;;;;;;;;;;;;;;;;;;;;;;;;;;;;;;;;;;;;;;;;;;;;;;;;;X;;;X;
D5775001700100B;D5775001700100B;SPOILER 1;REPAIR;;;;X;X;;;;;;;;;;;;;;;;;;;;X;X;X;X;;;;;;;;;;;;;;;;;;;;;;;;;;;;;;;;;;;;;;;;;;;;;;;;;;;;;;;;;;;;;;;;;;;;;;X;;;X;
D5775001700100D;D5775001700100D;SPOILER 1;REPAIR;;;;X;X;;;;;;;;;;;;;;;;;;;;X;X;X;X;;;;;;;;;;;;;;;;;;;;;;;;;;;;;;;;;;;;;;;;;;;;;;;;;;;;;;;;;;;;;;;;;;;;;;X;;;X;
D5775001700100Z;D5775001700100Z;SPOILER 1;REPAIR;;;;X;X;;;;;;;;;;;;;;;;;;;;X;X;X;X;;;;;;;;;;;;;;;;;;;;;;;;;;;;;;;;;;;;;;;;;;;;;;;;;;;;;;;;;;;;;;;;;;;;;;X;;;X;
D5775001700200A;D5775001700200A;SPOILER 1;REPAIR;;;;X;X;;;;;;;;;;;;;;;;;;;;X;X;X;X;;;;;;;;;;;;;;;;;;;;;;;;;;;;;;;;;;;;;;;;;;;;;;;;;;;;;;;;;;;;;;;;;;;;;;X;;;X;
D5775001700300A;D5775001700300A;SPOILER 1;REPAIR;;;;X;X;;;;;;;;;;;;;;;;;;;;X;X;X;X;;;;;;;;;;;;;;;;;;;;;;;;;;;;;;;;;;;;;;;;;;;;;;;;;;;;;;;;;;;;;;;;;;;;;;X;;;X;
D5775001700400A;D5775001700400A;SPOILER 1;REPAIR;;;;X;X;;;;;;;;;;;;;;;;;;;;X;X;X;X;;;;;;;;;;;;;;;;;;;;;;;;;;;;;;;;;;;;;;;;;;;;;;;;;;;;;;;;;;;;;;;;;;;;;;X;;;X;
D5775001700500A;D5775001700500A;SPOILER 1;REPAIR;;;;X;X;;;;;;;;;;;;;;;;;;;;X;X;X;X;;;;;;;;;;;;;;;;;;;;;;;;;;;;;;;;;;;;;;;;;;;;;;;;;;;;;;;;;;;;;;;;;;;;;;X;;;X;
D5775001700600A;D5775001700600A;SPOILER 1;REPAIR;;;;X;X;;;;;;;;;;;;;;;;;;;;X;X;X;X;;;;;;;;;;;;;;;;;;;;;;;;;;;;;;;;;;;;;;;;;;;;;;;;;;;;;;;;;;;;;;;;;;;;;;X;;;X;
D5775001700700A;D5775001700700A;SPOILER 1;REPAIR;;;;X;X;;;;;;;;;;;;;;;;;;;;X;X;X;X;;;;;;;;;;;;;;;;;;;;;;;;;;;;;;;;;;;;;;;;;;;;;;;;;;;;;;;;;;;;;;;;;;;;;;X;;;X;
D5775001800000A;D5775001800000A;SPOILER 2;REPAIR;;;;X;X;;;;;;;;;;;;;;;;;;;;X;X;X;X;;;;;;;;;;;;;;;;;;;;;;;;;;;;;;;;;;;;;;;;;;;;;;;;;;;;;;;;;;;;;;;;;;;;;;X;;;X;
D5775001800000B;D5775001800000B;SPOILER 2;REPAIR;;;;X;X;;;;;;;;;;;;;;;;;;;;X;X;X;X;;;;;;;;;;;;;;;;;;;;;;;;;;;;;;;;;;;;;;;;;;;;;;;;;;;;;;;;;;;;;;;;;;;;;;X;;;X;
D5775001800000T;D5775001800000T;SPOILER 2;REPAIR;;;;X;X;;;;;;;;;;;;;;;;;;;;X;X;X;X;;;;;;;;;;;;;;;;;;;;;;;;;;;;;;;;;;;;;;;;;;;;;;;;;;;;;;;;;;;;;;;;;;;;;;X;;;X;
D5775001800000Z;D5775001800000Z;SPOILER 2;REPAIR;;;;X;X;;;;;;;;;;;;;;;;;;;;X;X;X;X;;;;;;;;;;;;;;;;;;;;;;;;;;;;;;;;;;;;;;;;;;;;;;;;;;;;;;;;;;;;;;;;;;;;;;X;;;X;
D5775001800100A;D5775001800100A;SPOILER 2;REPAIR;;;;X;X;;;;;;;;;;;;;;;;;;;;X;X;X;X;;;;;;;;;;;;;;;;;;;;;;;;;;;;;;;;;;;;;;;;;;;;;;;;;;;;;;;;;;;;;;;;;;;;;;X;;;X;
D5775001800100B;D5775001800100B;SPOILER 2;REPAIR;;;;X;X;;;;;;;;;;;;;;;;;;;;X;X;X;X;;;;;;;;;;;;;;;;;;;;;;;;;;;;;;;;;;;;;;;;;;;;;;;;;;;;;;;;;;;;;;;;;;;;;;X;;;X;
D5775001800100T;D5775001800100T;SPOILER 2;REPAIR;;;;X;X;;;;;;;;;;;;;;;;;;;;X;X;X;X;;;;;;;;;;;;;;;;;;;;;;;;;;;;;;;;;;;;;;;;;;;;;;;;;;;;;;;;;;;;;;;;;;;;;;X;;;X;
D5775001800100Z;D5775001800100Z;SPOILER 2;REPAIR;;;;X;X;;;;;;;;;;;;;;;;;;;;X;X;X;X;;;;;;;;;;;;;;;;;;;;;;;;;;;;;;;;;;;;;;;;;;;;;;;;;;;;;;;;;;;;;;;;;;;;;;X;;;X;
D5775001800200A;D5775001800200A;SPOILER 2;REPAIR;;;;X;X;;;;;;;;;;;;;;;;;;;;X;X;X;X;;;;;;;;;;;;;;;;;;;;;;;;;;;;;;;;;;;;;;;;;;;;;;;;;;;;;;;;;;;;;;;;;;;;;;X;;;X;
D5775001800300A;D5775001800300A;SPOILER 2;REPAIR;;;;X;X;;;;;;;;;;;;;;;;;;;;X;X;X;X;;;;;;;;;;;;;;;;;;;;;;;;;;;;;;;;;;;;;;;;;;;;;;;;;;;;;;;;;;;;;;;;;;;;;;X;;;X;
D5775001800400A;D5775001800400A;SPOILER 2;REPAIR;;;;X;X;;;;;;;;;;;;;;;;;;;;X;X;X;X;;;;;;;;;;;;;;;;;;;;;;;;;;;;;;;;;;;;;;;;;;;;;;;;;;;;;;;;;;;;;;;;;;;;;;X;;;X;
D5775001800500A;D5775001800500A;SPOILER 2;REPAIR;;;;X;X;;;;;;;;;;;;;;;;;;;;X;X;X;X;;;;;;;;;;;;;;;;;;;;;;;;;;;;;;;;;;;;;;;;;;;;;;;;;;;;;;;;;;;;;;;;;;;;;;X;;;X;
D5775001800600A;D5775001800600A;SPOILER 2;REPAIR;;;;X;X;;;;;;;;;;;;;;;;;;;;X;X;X;X;;;;;;;;;;;;;;;;;;;;;;;;;;;;;;;;;;;;;;;;;;;;;;;;;;;;;;;;;;;;;;;;;;;;;;X;;;X;
D5775001800700A;D5775001800700A;SPOILER 2;REPAIR;;;;X;X;;;;;;;;;;;;;;;;;;;;X;X;X;X;;;;;;;;;;;;;;;;;;;;;;;;;;;;;;;;;;;;;;;;;;;;;;;;;;;;;;;;;;;;;;;;;;;;;;X;;;X;
D5775001900000A;D5775001900000A;SPOILER 2;REPAIR;;;;X;X;;;;;;;;;;;;;;;;;;;;X;X;X;X;;;;;;;;;;;;;;;;;;;;;;;;;;;;;;;;;;;;;;;;;;;;;;;;;;;;;;;;;;;;;;;;;;;;;;X;;;X;
D5775001900000B;D5775001900000B;SPOILER 2;REPAIR;;;;X;X;;;;;;;;;;;;;;;;;;;;X;X;X;X;;;;;;;;;;;;;;;;;;;;;;;;;;;;;;;;;;;;;;;;;;;;;;;;;;;;;;;;;;;;;;;;;;;;;;X;;;X;
D5775001900000D;D5775001900000D;SPOILER 2;REPAIR;;;;X;X;;;;;;;;;;;;;;;;;;;;X;X;X;X;;;;;;;;;;;;;;;;;;;;;;;;;;;;;;;;;;;;;;;;;;;;;;;;;;;;;;;;;;;;;;;;;;;;;;X;;;X;
D5775001900000Z;D5775001900000Z;SPOILER 2;REPAIR;;;;X;X;;;;;;;;;;;;;;;;;;;;X;X;X;X;;;;;;;;;;;;;;;;;;;;;;;;;;;;;;;;;;;;;;;;;;;;;;;;;;;;;;;;;;;;;;;;;;;;;;X;;;X;
D5775001900100A;D5775001900100A;SPOILER 2;REPAIR;;;;X;X;;;;;;;;;;;;;;;;;;;;X;X;X;X;;;;;;;;;;;;;;;;;;;;;;;;;;;;;;;;;;;;;;;;;;;;;;;;;;;;;;;;;;;;;;;;;;;;;;X;;;X;
D5775001900100B;D5775001900100B;SPOILER 2;REPAIR;;;;X;X;;;;;;;;;;;;;;;;;;;;X;X;X;X;;;;;;;;;;;;;;;;;;;;;;;;;;;;;;;;;;;;;;;;;;;;;;;;;;;;;;;;;;;;;;;;;;;;;;X;;;X;
D5775001900100D;D5775001900100D;SPOILER 2;REPAIR;;;;X;X;;;;;;;;;;;;;;;;;;;;X;X;X;X;;;;;;;;;;;;;;;;;;;;;;;;;;;;;;;;;;;;;;;;;;;;;;;;;;;;;;;;;;;;;;;;;;;;;;X;;;X;
D5775001900100Z;D5775001900100Z;SPOILER 2;REPAIR;;;;X;X;;;;;;;;;;;;;;;;;;;;X;X;X;X;;;;;;;;;;;;;;;;;;;;;;;;;;;;;;;;;;;;;;;;;;;;;;;;;;;;;;;;;;;;;;;;;;;;;;X;;;X;
D5775001900200A;D5775001900200A;SPOILER 2;REPAIR;;;;X;X;;;;;;;;;;;;;;;;;;;;X;X;X;X;;;;;;;;;;;;;;;;;;;;;;;;;;;;;;;;;;;;;;;;;;;;;;;;;;;;;;;;;;;;;;;;;;;;;;X;;;X;
D5775001900300A;D5775001900300A;SPOILER 2;REPAIR;;;;X;X;;;;;;;;;;;;;;;;;;;;X;X;X;X;;;;;;;;;;;;;;;;;;;;;;;;;;;;;;;;;;;;;;;;;;;;;;;;;;;;;;;;;;;;;;;;;;;;;;X;;;X;
D5775001900400A;D5775001900400A;SPOILER 2;REPAIR;;;;X;X;;;;;;;;;;;;;;;;;;;;X;X;X;X;;;;;;;;;;;;;;;;;;;;;;;;;;;;;;;;;;;;;;;;;;;;;;;;;;;;;;;;;;;;;;;;;;;;;;X;;;X;
D5775001900500A;D5775001900500A;SPOILER 2;REPAIR;;;;X;X;;;;;;;;;;;;;;;;;;;;X;X;X;X;;;;;;;;;;;;;;;;;;;;;;;;;;;;;;;;;;;;;;;;;;;;;;;;;;;;;;;;;;;;;;;;;;;;;;X;;;X;
D5775001900600A;D5775001900600A;SPOILER 2;REPAIR;;;;X;X;;;;;;;;;;;;;;;;;;;;X;X;X;X;;;;;;;;;;;;;;;;;;;;;;;;;;;;;;;;;;;;;;;;;;;;;;;;;;;;;;;;;;;;;;;;;;;;;;X;;;X;
D5775001900700A;D5775001900700A;SPOILER 2;REPAIR;;;;X;X;;;;;;;;;;;;;;;;;;;;X;X;X;X;;;;;;;;;;;;;;;;;;;;;;;;;;;;;;;;;;;;;;;;;;;;;;;;;;;;;;;;;;;;;;;;;;;;;;X;;;X;
D5775002000000A;D5775002000000A;SPOILER 3;REPAIR;;;;X;X;;;;;;;;;;;;;;;;;;;;X;X;X;X;;;;;;;;;;;;;;;;;;;;;;;;;;;;;;;;;;;;;;;;;;;;;;;;;;;;;;;;;;;;;;;;;;;;;;X;;;X;
D5775002000000B;D5775002000000B;SPOILER 3;REPAIR;;;;X;X;;;;;;;;;;;;;;;;;;;;X;X;X;X;;;;;;;;;;;;;;;;;;;;;;;;;;;;;;;;;;;;;;;;;;;;;;;;;;;;;;;;;;;;;;;;;;;;;;X;;;X;
D5775002000000D;D5775002000000D;SPOILER 3;REPAIR;;;;X;X;;;;;;;;;;;;;;;;;;;;X;X;X;X;;;;;;;;;;;;;;;;;;;;;;;;;;;;;;;;;;;;;;;;;;;;;;;;;;;;;;;;;;;;;;;;;;;;;;X;;;X;
D5775002000000P;D5775002000000P;SPOILER 3;REPAIR;;;;X;X;;;;;;;;;;;;;;;;;;;;X;X;X;X;;;;;;;;;;;;;;;;;;;;;;;;;;;;;;;;;;;;;;;;;;;;;;;;;;;;;;;;;;;;;;;;;;;;;;X;;;X;
D5775002000000T;D5775002000000T;SPOILER 3;REPAIR;;;;X;X;;;;;;;;;;;;;;;;;;;;X;X;X;X;;;;;;;;;;;;;;;;;;;;;;;;;;;;;;;;;;;;;;;;;;;;;;;;;;;;;;;;;;;;;;;;;;;;;;X;;;X;
D5775002000000Z;D5775002000000Z;SPOILER 3;REPAIR;;;;X;X;;;;;;;;;;;;;;;;;;;;X;X;X;X;;;;;;;;;;;;;;;;;;;;;;;;;;;;;;;;;;;;;;;;;;;;;;;;;;;;;;;;;;;;;;;;;;;;;;X;;;X;
D5775002000100A;D5775002000100A;SPOILER 3;REPAIR;;;;X;X;;;;;;;;;;;;;;;;;;;;X;X;X;X;;;;;;;;;;;;;;;;;;;;;;;;;;;;;;;;;;;;;;;;;;;;;;;;;;;;;;;;;;;;;;;;;;;;;;X;;;X;
D5775002000100B;D5775002000100B;SPOILER 3;REPAIR;;;;X;X;;;;;;;;;;;;;;;;;;;;X;X;X;X;;;;;;;;;;;;;;;;;;;;;;;;;;;;;;;;;;;;;;;;;;;;;;;;;;;;;;;;;;;;;;;;;;;;;;X;;;X;
D5775002000100D;D5775002000100D;SPOILER 3;REPAIR;;;;X;X;;;;;;;;;;;;;;;;;;;;X;X;X;X;;;;;;;;;;;;;;;;;;;;;;;;;;;;;;;;;;;;;;;;;;;;;;;;;;;;;;;;;;;;;;;;;;;;;;X;;;X;
D5775002000100P;D5775002000100P;SPOILER 3;REPAIR;;;;X;X;;;;;;;;;;;;;;;;;;;;X;X;X;X;;;;;;;;;;;;;;;;;;;;;;;;;;;;;;;;;;;;;;;;;;;;;;;;;;;;;;;;;;;;;;;;;;;;;;X;;;X;
D5775002000100T;D5775002000100T;SPOILER 3;REPAIR;;;;X;X;;;;;;;;;;;;;;;;;;;;X;X;X;X;;;;;;;;;;;;;;;;;;;;;;;;;;;;;;;;;;;;;;;;;;;;;;;;;;;;;;;;;;;;;;;;;;;;;;X;;;X;
D5775002000100Z;D5775002000100Z;SPOILER 3;REPAIR;;;;X;X;;;;;;;;;;;;;;;;;;;;X;X;X;X;;;;;;;;;;;;;;;;;;;;;;;;;;;;;;;;;;;;;;;;;;;;;;;;;;;;;;;;;;;;;;;;;;;;;;X;;;X;
D5775002000200A;D5775002000200A;SPOILER 3;REPAIR;;;;X;X;;;;;;;;;;;;;;;;;;;;X;X;X;X;;;;;;;;;;;;;;;;;;;;;;;;;;;;;;;;;;;;;;;;;;;;;;;;;;;;;;;;;;;;;;;;;;;;;;X;;;X;
D5775002000300A;D5775002000300A;SPOILER 3;REPAIR;;;;X;X;;;;;;;;;;;;;;;;;;;;X;X;X;X;;;;;;;;;;;;;;;;;;;;;;;;;;;;;;;;;;;;;;;;;;;;;;;;;;;;;;;;;;;;;;;;;;;;;;X;;;X;
D5775002000400A;D5775002000400A;SPOILER 3;REPAIR;;;;X;X;;;;;;;;;;;;;;;;;;;;X;X;X;X;;;;;;;;;;;;;;;;;;;;;;;;;;;;;;;;;;;;;;;;;;;;;;;;;;;;;;;;;;;;;;;;;;;;;;X;;;X;
D5775002000500A;D5775002000500A;SPOILER 3;REPAIR;;;;X;X;;;;;;;;;;;;;;;;;;;;X;X;X;X;;;;;;;;;;;;;;;;;;;;;;;;;;;;;;;;;;;;;;;;;;;;;;;;;;;;;;;;;;;;;;;;;;;;;;X;;;X;
D5775002100000A;D5775002100000A;SPOILER Nø4;REPAIR;;;;X;X;X;X;;;;;;;;;;;;;;X;;;;X;X;X;X;;;;;;;;;;;;;;;;;;;;;;;;;;;;;;;;;;;;;;;;;;;;;;;;;;;;;;;;;;;;;;;;;;;;;;X;;;X;
D5775002100000B;D5775002100000B;SPOILER 4;REPAIR;;;;X;X;;;;;;;;;;;;;;;;;;;;X;X;X;X;;;;;;;;;;;;;;;;;;;;;;;;;;;;;;;;;;;;;;;;;;;;;;;;;;;;;;;;;;;;;;;;;;;;;;X;;;X;
D5775002100000D;D5775002100000D;SPOILER 4;REPAIR;;;;X;X;;;;;;;;;;;;;;;;;;;;X;X;X;X;;;;;;;;;;;;;;;;;;;;;;;;;;;;;;;;;;;;;;;;;;;;;;;;;;;;;;;;;;;;;;;;;;;;;;X;;;X;
D5775002100000P;D5775002100000P;SPOILER 4;REPAIR;;;;X;X;;;;;;;;;;;;;;;;;;;;X;X;X;X;;;;;;;;;;;;;;;;;;;;;;;;;;;;;;;;;;;;;;;;;;;;;;;;;;;;;;;;;;;;;;;;;;;;;;X;;;X;
D5775002100000T;D5775002100000T;SPOILER 4;REPAIR;;;;X;X;;;;;;;;;;;;;;;;;;;;X;X;X;X;;;;;;;;;;;;;;;;;;;;;;;;;;;;;;;;;;;;;;;;;;;;;;;;;;;;;;;;;;;;;;;;;;;;;;X;;;X;
D5775002100000Z;D5775002100000Z;SPOILER 4;REPAIR;;;;X;X;;;;;;;;;;;;;;;;;;;;X;X;X;X;;;;;;;;;;;;;;;;;;;;;;;;;;;;;;;;;;;;;;;;;;;;;;;;;;;;;;;;;;;;;;;;;;;;;;X;;;X;
D5775002100100A;D5775002100100A;SPOILER 4;REPAIR;;;;X;X;;;;;;;;;;;;;;;;;;;;X;X;X;X;;;;;;;;;;;;;;;;;;;;;;;;;;;;;;;;;;;;;;;;;;;;;;;;;;;;;;;;;;;;;;;;;;;;;;X;;;X;
D5775002100100B;D5775002100100B;SPOILER 4;REPAIR;;;;X;X;;;;;;;;;;;;;;;;;;;;X;X;X;X;;;;;;;;;;;;;;;;;;;;;;;;;;;;;;;;;;;;;;;;;;;;;;;;;;;;;;;;;;;;;;;;;;;;;;X;;;X;
D5775002100100P;D5775002100100P;SPOILER 4;REPAIR;;;;X;X;;;;;;;;;;;;;;;;;;;;X;X;X;X;;;;;;;;;;;;;;;;;;;;;;;;;;;;;;;;;;;;;;;;;;;;;;;;;;;;;;;;;;;;;;;;;;;;;;X;;;X;
D5775002100100T;D5775002100100T;SPOILER 4;REPAIR;;;;X;X;;;;;;;;;;;;;;;;;;;;X;X;X;X;;;;;;;;;;;;;;;;;;;;;;;;;;;;;;;;;;;;;;;;;;;;;;;;;;;;;;;;;;;;;;;;;;;;;;X;;;X;
D5775002100100Z;D5775002100100Z;SPOILER 4;REPAIR;;;;X;X;;;;;;;;;;;;;;;;;;;;X;X;X;X;;;;;;;;;;;;;;;;;;;;;;;;;;;;;;;;;;;;;;;;;;;;;;;;;;;;;;;;;;;;;;;;;;;;;;X;;;X;
D5775002100200A;D5775002100200A;SPOILER 4;REPAIR;;;;X;X;;;;;;;;;;;;;;;;;;;;X;X;X;X;;;;;;;;;;;;;;;;;;;;;;;;;;;;;;;;;;;;;;;;;;;;;;;;;;;;;;;;;;;;;;;;;;;;;;X;;;X;
D5775002100300A;D5775002100300A;SPOILER 4;REPAIR;;;;X;X;;;;;;;;;;;;;;;;;;;;X;X;X;X;;;;;;;;;;;;;;;;;;;;;;;;;;;;;;;;;;;;;;;;;;;;;;;;;;;;;;;;;;;;;;;;;;;;;;X;;;X;
D5775002100400A;D5775002100400A;SPOILER 4;REPAIR;;;;X;X;;;;;;;;;;;;;;;;;;;;X;X;X;X;;;;;;;;;;;;;;;;;;;;;;;;;;;;;;;;;;;;;;;;;;;;;;;;;;;;;;;;;;;;;;;;;;;;;;X;;;X;
D5775002100500A;D5775002100500A;SPOILER 4;REPAIR;;;;X;X;;;;;;;;;;;;;;;;;;;;X;X;X;X;;;;;;;;;;;;;;;;;;;;;;;;;;;;;;;;;;;;;;;;;;;;;;;;;;;;;;;;;;;;;;;;;;;;;;X;;;X;
D5775002200000A;D5775002200000A;SPOILER 5;REPAIR;;;;X;X;;;;;;;;;;;;;;;;;;;;X;X;X;X;;;;;;;;;;;;;;;;;;;;;;;;;;;;;;;;;;;;;;;;;;;;;;;;;;;;;;;;;;;;;;;;;;;;;;X;;;X;
D5775002200000B;D5775002200000B;SPOILER 5;REPAIR;;;;X;X;;;;;;;;;;;;;;;;;;;;X;X;X;X;;;;;;;;;;;;;;;;;;;;;;;;;;;;;;;;;;;;;;;;;;;;;;;;;;;;;;;;;;;;;;;;;;;;;;X;;;X;
D5775002200000D;D5775002200000D;SPOILER 5;REPAIR;;;;X;X;;;;;;;;;;;;;;;;;;;;X;X;X;X;;;;;;;;;;;;;;;;;;;;;;;;;;;;;;;;;;;;;;;;;;;;;;;;;;;;;;;;;;;;;;;;;;;;;;X;;;X;
D5775002200000P;D5775002200000P;SPOILER 5;REPAIR;;;;X;X;;;;;;;;;;;;;;;;;;;;X;X;X;X;;;;;;;;;;;;;;;;;;;;;;;;;;;;;;;;;;;;;;;;;;;;;;;;;;;;;;;;;;;;;;;;;;;;;;X;;;X;
D5775002200000T;D5775002200000T;SPOILER 5;REPAIR;;;;X;X;;;;;;;;;;;;;;;;;;;;X;X;X;X;;;;;;;;;;;;;;;;;;;;;;;;;;;;;;;;;;;;;;;;;;;;;;;;;;;;;;;;;;;;;;;;;;;;;;X;;;X;
D5775002200000Z;D5775002200000Z;SPOILER 5;REPAIR;;;;X;X;;;;;;;;;;;;;;;;;;;;X;X;X;X;;;;;;;;;;;;;;;;;;;;;;;;;;;;;;;;;;;;;;;;;;;;;;;;;;;;;;;;;;;;;;;;;;;;;;X;;;X;
D5775002200100A;D5775002200100A;SPOILER 5;REPAIR;;;;X;X;;;;;;;;;;;;;;;;;;;;X;X;X;X;;;;;;;;;;;;;;;;;;;;;;;;;;;;;;;;;;;;;;;;;;;;;;;;;;;;;;;;;;;;;;;;;;;;;;X;;;X;
D5775002200100A;D5775002200100A;SPOILER 5;REPAIR;;;;X;X;;;;;;;;;;;;;;;;;;;;X;X;X;X;;;;;;;;;;;;;;;;;;;;;;;;;;;;;;;;;;;;;;;;;;;;;;;;;;;;;;;;;;;;;;;;;;;;;;X;;;X;
D5775002200100B;D5775002200100B;SPOILER 5;REPAIR;;;;X;X;;;;;;;;;;;;;;;;;;;;X;X;X;X;;;;;;;;;;;;;;;;;;;;;;;;;;;;;;;;;;;;;;;;;;;;;;;;;;;;;;;;;;;;;;;;;;;;;;X;;;X;
D5775002200100D;D5775002200100D;SPOILER 5;REPAIR;;;;X;X;;;;;;;;;;;;;;;;;;;;X;X;X;X;;;;;;;;;;;;;;;;;;;;;;;;;;;;;;;;;;;;;;;;;;;;;;;;;;;;;;;;;;;;;;;;;;;;;;X;;;X;
D5775002200100P;D5775002200100P;SPOILER 5;REPAIR;;;;X;X;;;;;;;;;;;;;;;;;;;;X;X;X;X;;;;;;;;;;;;;;;;;;;;;;;;;;;;;;;;;;;;;;;;;;;;;;;;;;;;;;;;;;;;;;;;;;;;;;X;;;X;
D5775002200100T;D5775002200100T;SPOILER 5;REPAIR;;;;X;X;;;;;;;;;;;;;;;;;;;;X;X;X;X;;;;;;;;;;;;;;;;;;;;;;;;;;;;;;;;;;;;;;;;;;;;;;;;;;;;;;;;;;;;;;;;;;;;;;X;;;X;
D5775002200100Z;D5775002200100Z;SPOILER 5;REPAIR;;;;X;X;;;;;;;;;;;;;;;;;;;;X;X;X;X;;;;;;;;;;;;;;;;;;;;;;;;;;;;;;;;;;;;;;;;;;;;;;;;;;;;;;;;;;;;;;;;;;;;;;X;;;X;
D5775002200200A;D5775002200200A;SPOILER 5;REPAIR;;;;X;X;;;;;;;;;;;;;;;;;;;;X;X;X;X;;;;;;;;;;;;;;;;;;;;;;;;;;;;;;;;;;;;;;;;;;;;;;;;;;;;;;;;;;;;;;;;;;;;;;X;;;X;
D5775002200300A;D5775002200300A;SPOILER 5;REPAIR;;;;X;X;;;;;;;;;;;;;;;;;;;;X;X;X;X;;;;;;;;;;;;;;;;;;;;;;;;;;;;;;;;;;;;;;;;;;;;;;;;;;;;;;;;;;;;;;;;;;;;;;X;;;X;
D5775002200400A;D5775002200400A;SPOILER 5;REPAIR;;;;X;X;;;;;;;;;;;;;;;;;;;;X;X;X;X;;;;;;;;;;;;;;;;;;;;;;;;;;;;;;;;;;;;;;;;;;;;;;;;;;;;;;;;;;;;;;;;;;;;;;X;;;X;
D5775002200500A;D5775002200500A;SPOILER 5;REPAIR;;;;X;X;;;;;;;;;;;;;;;;;;;;X;X;X;X;;;;;;;;;;;;;;;;;;;;;;;;;;;;;;;;;;;;;;;;;;;;;;;;;;;;;;;;;;;;;;;;;;;;;;X;;;X;
D5775610100000P;D5775610100000P;SPOILER 1;REPAIR;;;;X;X;;;;;;;;;;;;;;;;;;;;X;X;X;X;;;;;;;;;;;;;;;;;;;;;;;;;;;;;;;;;;;;;;;;;;;;;;;;;;;;;;;;;;;;;;;;;;;;;;X;;;X;
D5775610100000Z;D5775610100000Z;SPOILER 1;REPAIR;;;;X;X;;;;;;;;;;;;;;;;;;;;X;X;X;X;;;;;;;;;;;;;;;;;;;;;;;;;;;;;;;;;;;;;;;;;;;;;;;;;;;;;;;;;;;;;;;;;;;;;;X;;;X;
D5775610100100P;D5775610100100P;SPOILER 1;REPAIR;;;;X;X;;;;;;;;;;;;;;;;;;;;X;X;X;X;;;;;;;;;;;;;;;;;;;;;;;;;;;;;;;;;;;;;;;;;;;;;;;;;;;;;;;;;;;;;;;;;;;;;;X;;;X;
D5775610100100Z;D5775610100100Z;SPOILER 1;REPAIR;;;;X;X;;;;;;;;;;;;;;;;;;;;X;X;X;X;;;;;;;;;;;;;;;;;;;;;;;;;;;;;;;;;;;;;;;;;;;;;;;;;;;;;;;;;;;;;;;;;;;;;;X;;;X;
D5775610100200B;D5775610100200B;SPOILER 1;REPAIR;;;;X;X;;;;;;;;;;;;;;;;;;;;X;X;X;X;;;;;;;;;;;;;;;;;;;;;;;;;;;;;;;;;;;;;;;;;;;;;;;;;;;;;;;;;;;;;;;;;;;;;;X;;;X;
D5775610100200D;D5775610100200D;SPOILER 1;REPAIR;;;;X;X;;;;;;;;;;;;;;;;;;;;X;X;X;X;;;;;;;;;;;;;;;;;;;;;;;;;;;;;;;;;;;;;;;;;;;;;;;;;;;;;;;;;;;;;;;;;;;;;;X;;;X;
D5775610100200G;D5775610100200G;SPOILER 1;REPAIR;;;;X;X;;;;;;;;;;;;;;;;;;;;X;X;X;X;;;;;;;;;;;;;;;;;;;;;;;;;;;;;;;;;;;;;;;;;;;;;;;;;;;;;;;;;;;;;;;;;;;;;;X;;;X;
D5775610100200P;D5775610100200P;SPOILER 1;REPAIR;;;;X;X;;;;;;;;;;;;;;;;;;;;X;X;X;X;;;;;;;;;;;;;;;;;;;;;;;;;;;;;;;;;;;;;;;;;;;;;;;;;;;;;;;;;;;;;;;;;;;;;;X;;;X;
D5775610100200Y;D5775610100200Y;SPOILER 1;REPAIR;;;;X;X;;;;;;;;;;;;;;;;;;;;X;X;X;X;;;;;;;;;;;;;;;;;;;;;;;;;;;;;;;;;;;;;;;;;;;;;;;;;;;;;;;;;;;;;;;;;;;;;;X;;;X;
D5775610100200Z;D5775610100200Z;SPOILER 1;REPAIR;;;;X;X;X;X;X;;;;;;;;;;;;;X;;;;X;X;X;X;;;;;;;;;;;;;;;;;;;;;;;;;;;;;;;;;;;;;;;;;;;;;;;;;;;;;;;;;;;;;;;;;;;;;;X;;;X;
D5775610100300B;D5775610100300B;SPOILER 1;REPAIR;;;;X;X;;;;;;;;;;;;;;;;;;;;X;X;X;X;;;;;;;;;;;;;;;;;;;;;;;;;;;;;;;;;;;;;;;;;;;;;;;;;;;;;;;;;;;;;;;;;;;;;;X;;;X;
D5775610100300D;D5775610100300D;SPOILER 1;REPAIR;;;;X;X;;;;;;;;;;;;;;;;;;;;X;X;X;X;;;;;;;;;;;;;;;;;;;;;;;;;;;;;;;;;;;;;;;;;;;;;;;;;;;;;;;;;;;;;;;;;;;;;;X;;;X;
D5775610100300G;D5775610100300G;SPOILER 1;REPAIR;;;;X;X;;;;;;;;;;;;;;;;;;;;X;X;X;X;;;;;;;;;;;;;;;;;;;;;;;;;;;;;;;;;;;;;;;;;;;;;;;;;;;;;;;;;;;;;;;;;;;;;;X;;;X;
D5775610100300P;D5775610100300P;SPOILER 1;REPAIR;;;;X;X;;;;;;;;;;;;;;;;;;;;X;X;X;X;;;;;;;;;;;;;;;;;;;;;;;;;;;;;;;;;;;;;;;;;;;;;;;;;;;;;;;;;;;;;;;;;;;;;;X;;;X;
D5775610100300Y;D5775610100300Y;SPOILER 1;REPAIR;;;;X;X;;;;;;;;;;;;;;;;;;;;X;X;X;X;;;;;;;;;;;;;;;;;;;;;;;;;;;;;;;;;;;;;;;;;;;;;;;;;;;;;;;;;;;;;;;;;;;;;;X;;;X;
D5775610100300Z;D5775610100300Z;SPOILER 1;REPAIR;;;;X;X;;;;;;;;;;;;;;;;;;;;X;X;X;X;;;;;;;;;;;;;;;;;;;;;;;;;;;;;;;;;;;;;;;;;;;;;;;;;;;;;;;;;;;;;;;;;;;;;;X;;;X;
D5775612200000P;D5775612200000P;SPOILER 2;REPAIR;;;;X;X;;;;;;;;;;;;;;;;;;;;X;X;X;X;;;;;;;;;;;;;;;;;;;;;;;;;;;;;;;;;;;;;;;;;;;;;;;;;;;;;;;;;;;;;;;;;;;;;;X;;;X;
D5775612200000Z;D5775612200000Z;SPOILER 2;REPAIR;;;;X;X;;;;;;;;;;;;;;;;;;;;X;X;X;X;;;;;;;;;;;;;;;;;;;;;;;;;;;;;;;;;;;;;;;;;;;;;;;;;;;;;;;;;;;;;;;;;;;;;;X;;;X;
D5775612200100P;D5775612200100P;SPOILER 2;REPAIR;;;;X;X;;;;;;;;;;;;;;;;;;;;X;X;X;X;;;;;;;;;;;;;;;;;;;;;;;;;;;;;;;;;;;;;;;;;;;;;;;;;;;;;;;;;;;;;;;;;;;;;;X;;;X;
D5775612200100Z;D5775612200100Z;SPOILER 2;REPAIR;;;;X;X;;;;;;;;;;;;;;;;;;;;X;X;X;X;;;;;;;;;;;;;;;;;;;;;;;;;;;;;;;;;;;;;;;;;;;;;;;;;;;;;;;;;;;;;;;;;;;;;;X;;;X;
D5775612200200B;D5775612200200B;SPOILER 2;REPAIR;;;;X;X;;;;;;;;;;;;;;;;;;;;X;X;X;X;;;;;;;;;;;;;;;;;;;;;;;;;;;;;;;;;;;;;;;;;;;;;;;;;;;;;;;;;;;;;;;;;;;;;;X;;;X;
D5775612200200D;D5775612200200D;SPOILER 2;REPAIR;;;;X;X;;;;;;;;;;;;;;;;;;;;X;X;X;X;;;;;;;;;;;;;;;;;;;;;;;;;;;;;;;;;;;;;;;;;;;;;;;;;;;;;;;;;;;;;;;;;;;;;;X;;;X;
D5775612200200G;D5775612200200G;SPOILER 2;REPAIR;;;;X;X;;;;;;;;;;;;;;;;;;;;X;X;X;X;;;;;;;;;;;;;;;;;;;;;;;;;;;;;;;;;;;;;;;;;;;;;;;;;;;;;;;;;;;;;;;;;;;;;;X;;;X;
D5775612200200P;D5775612200200P;SPOILER 2;REPAIR;;;;X;X;;;;;;;;;;;;;;;;;;;;X;X;X;X;;;;;;;;;;;;;;;;;;;;;;;;;;;;;;;;;;;;;;;;;;;;;;;;;;;;;;;;;;;;;;;;;;;;;;X;;;X;
D5775612200200Y;D5775612200200Y;SPOILER 2;REPAIR;;;;X;X;;;;;;;;;;;;;;;;;;;;X;X;X;X;;;;;;;;;;;;;;;;;;;;;;;;;;;;;;;;;;;;;;;;;;;;;;;;;;;;;;;;;;;;;;;;;;;;;;X;;;X;
D5775612200200Z;D5775612200200Z;SPOILER 2;REPAIR;;;;X;X;;;;;;;;;;;;;;;;;;;;X;X;X;X;;;;;;;;;;;;;;;;;;;;;;;;;;;;;;;;;;;;;;;;;;;;;;;;;;;;;;;;;;;;;;;;;;;;;;X;;;X;
D5775612200300B;D5775612200300B;SPOILER 2;REPAIR;;;;X;X;;;;;;;;;;;;;;;;;;;;X;X;X;X;;;;;;;;;;;;;;;;;;;;;;;;;;;;;;;;;;;;;;;;;;;;;;;;;;;;;;;;;;;;;;;;;;;;;;X;;;X;
D5775612200300D;D5775612200300D;SPOILER 2;REPAIR;;;;X;X;;;;;;;;;;;;;;;;;;;;X;X;X;X;;;;;;;;;;;;;;;;;;;;;;;;;;;;;;;;;;;;;;;;;;;;;;;;;;;;;;;;;;;;;;;;;;;;;;X;;;X;
D5775612200300Y;D5775612200300Y;SPOILER 2;REPAIR;;;;X;X;;;;;;;;;;;;;;;;;;;;X;X;X;X;;;;;;;;;;;;;;;;;;;;;;;;;;;;;;;;;;;;;;;;;;;;;;;;;;;;;;;;;;;;;;;;;;;;;;X;;;X;
D5775612200300Z;D5775612200300Z;SPOILER 2;REPAIR;;;;X;X;;;;;;;;;;;;;;;;;;;;X;X;X;X;;;;;;;;;;;;;;;;;;;;;;;;;;;;;;;;;;;;;;;;;;;;;;;;;;;;;;;;;;;;;;;;;;;;;;X;;;X;
D59416;D59416;PANEL ASSY;REPAIR;;;;X;;;;;;;;;;;;;;;;;X;;;;;;X;;;;;;;;;;;;;;;;;;;;;;;;;;;;;;;;;;;;;;;;;;;;;;;;;;;;;;;;;;;;;;;;;;;;;;;X;;;;
D596311;D59631-1;UPPER LINK;REPAIR;;;;X;;;;;;;;;;;;;;;;;X;;;;;;X;;;;;;;;;;;;;;;;;;;;;;;;;;;;;;;;;;;;;;;;;;;;;;;;;;;;;;;;;;;;;;;;;;;;;;;X;;;;
D59775;D59775;CYLINDER;OVERHAUL;;;;X;X;X;X;X;;;;;;;;;;;;;X;;;;X;X;X;X;;;;;;;;;;;;;;;;;;;;;;;;;;;;;;;;;;;;;;;;;;;;;;;;;;;;;;;;;;;;;;;;;;;;;;X;;;;
D65235;D65235;CYLINDER;OVERHAUL;;;;X;X;X;X;X;;;;;;;;;;;;;X;;;;X;X;X;X;;;;;;;;;;;;;;;;;;;;;;;;;;;;;;;;;;;;;;;;;;;;;;;;;;;;;;;;;;;;;;;;;;;;;;X;;;;
D652351;D65235-1;CYLINDER;OVERHAUL;;;;X;X;X;X;X;;;;;;;;;;;;;X;;;;X;X;X;X;;;;;;;;;;;;;;;;;;;;;;;;;;;;;;;;;;;;;;;;;;;;;;;;;;;;;;;;;;;;;;;;;;;;;;X;;;;
D65540;D65540;CYLINDER;OVERHAUL;;;;X;X;X;X;X;;;;;;;;;;;;;X;;;;X;X;X;X;;;;;;;;;;;;;;;;;;;;;;;;;;;;;;;;;;;;;;;;;;;;;;;;;;;;;;;;;;;;;;;;;;;;;;X;;;;
D67083437;D67083-437;EXHAUST PIPE APU;;REPAIR;;;X;X;;;;;;;;;;;;;;;;;;;;;;;;;;;;;;;;;;;;;;;;;;;;;;;;;;;;;;;;;;;;;;;;;;;;;;;;;;;;;;;;;;;;;;;;X;X;;;;;X;;X;
D67084403;D67084-403;DUCT;;REPAIR;;;X;X;;;;;;;;;;;;;;;;;;;;;;;;;;;;;;;;;;;;;;;;;;;;;;;;;;;;;;;;;;;;;;;;;;;;;;;;;;;;;;;;;;;;;;;;X;X;;;;;X;;X;
D74832415;D74832-415;TANK;;REPAIR;;;X;X;;X;;;;;;;;;;;;;;;;;;;;;;;;;;;;;;;;;;;;;;;;;;;;;;;;;;;;;;;;;;;;;;;;;;;;;;;;;;;;;;X;;;;;;;;;;;;;;X;;;
D85724403;D85724-403;NET;;REPAIR;;;X;X;;X;;;;;;;;;;;;;;;;;;;;;;;;;;;;;;;;;;;;;;;;;;;;;;;;;;;;;;;;;;;;;;;;;;;;;;;;;;;;;;;;;;;;;;X;X;;;;;X;;;
D85852403;D85852-403;PANEL;;REPAIR;;;X;X;;;;;;;;;;;;;;;;;;;;;;;;;;;;;;;;;;;;;;;;;;;;;;;;;;;;;;;;;;;;;;;;;;;;;;;;;;;;;;;;;;;;;;;;X;X;;;;;X;;X;
D87252413;D87252-413;STEP ASSY PLATE;;REPAIR;;;X;X;;;;;;;;;;;;;;;;;;;;;;;;;;;;;;;;;;;;;;;;;;;;;;;;;;;;;;;;;;;;;;;;;;;;;;;;;;;;;;;;;;;;;;;;X;X;;;;;X;;X;
D90ST1502100;D90ST1502-100;PRESSURE TRANSMITTER;BENCH TEST;;;;X;X;X;X;X;;;;;;X;;;;;;;;;;;;;;;;;;;;;;;;;;;;;;;;;;;;;;;;;;;;;;;;;;;;;;;;;;;;;;;;;;;;;;;;;;;;;;;;;;;;X;;;;
D92771425;D92771-425;DOOR;;REPAIR;;;X;X;;;;;;;;;;;;;;;;;;;;;;;;;;;;;;;;;;;;;;;;;;;;;;;;;;;;;;;;;;;;;;;;;;;;;;;;;;;;;;;;;;;;;;;;X;X;;;;;X;;X;
D94175431;D94175-431;DOOR;;REPAIR;;;X;X;;;;;;;;;;;;;;;;;;;;;;;;;;;;;;;;;;;;;;;;;;;;;;;;;;;;;;;;;;;;;;;;;;;;;;;;;;;;;;;;;;;;;;;;X;X;;;;;X;;X;
D94176437;D94176-437;DOOR ASSY LAVATORY;;REPAIR;;;X;X;;;;;;;;;;;;;;;;;;;;;;;;;;;;;;;;;;;;;;;;;;;;;;;;;;;;;;;;;;;;;;;;;;;;;;;;;;;;;;;;;;;;;;;;X;X;;;;;X;;X;
D94796415;D94796-415;DOOR ASSY LAVATORY;;REPAIR;;;X;X;;;;;;;;;;;;;;;;;;;;;;;;;;;;;;;;;;;;;;;;;;;;;;;;;;;;;;;;;;;;;;;;;;;;;;;;;;;;;;;;;;;;;;;;X;X;;;;;X;;X;
D97009401;D97009-401;RADOME ASSY;;REPAIR;;;X;X;;X;;;;;;;;;;;;;;;;;;;;;;;;;;;;;;;;;;;;X;X;;;;;;;;;;;;;;;;;;;;;;;;;;;;;;;;;;;;;;;;;;;;;;;;;;;;;;;X;;;
D97C00501;D97C00-501;ACTUATOR, SINGLE;OVERHAUL;;;;X;X;X;X;X;;;;;;;;;;;;;X;X;X;X;;;;;;;;;;;;;;;;;;;;;;;;;;;;;;;;;;;;;;;;;;;;;;;;;;;;;;;;;;;;;;;;;;;;;;;;;;X;;;;
D97C00603;D97C00-603;ROTARY ACTUATOR;OVERHAUL;;;;X;X;X;X;X;;;;;;;;;;;;;X;;;;;;;;X;X;;;;;;;;;;;;;;;;;;;;;;;;;;;;;;;;;;;;;;;;;;;;;;;;;;;;;;;;;;;;;;;;;;;;X;;;;
D97C00609;D97C00-609;ROTARY ACTUATOR;OVERHAUL;;;;X;X;X;X;X;;;;;;;;;;;;;X;;;;;;;;X;X;;;;;;;;;;;;;;;;;;;;;;;;;;;;;;;;;;;;;;;;;;;;;;;;;;;;;;;;;;;;;;;;;;;;X;;;;
D97D00501;D97D00-501;ACTUATOR, TWIN;OVERHAUL;;;;X;X;X;X;X;;;;;;;;;;;;;X;X;X;X;;;;;;;;;;;;;;;;;;;;;;;;;;;;;;;;;;;;;;;;;;;;;;;;;;;;;;;;;;;;;;;;;;;;;;;;;;X;;;;
D97D00502;D97D00-502;TWIN ACTUATOR;OVERHAUL;;;;X;X;X;X;X;;;;;;;;;;;;;X;X;X;X;;;;;;;;;;;;;;;;;;;;;;;;;;;;;;;;;;;;;;;;;;;;;;;;;;;;;;;;;;;;;;;;;;;;;;;;;;X;;;;
D97D00604;D97D00-604;TWIN ACTUATOR;OVERHAUL;;;;X;X;X;X;X;;;;;;;;;;;;;X;X;X;X;;;;;;;;;;;;;;;;;;;;;;;;;;;;;;;;;;;;;;;;;;;;;;;;;;;;;;;;;;;;;;;;;;;;;;;;;;X;;;;
DDT1P1291;DDT1P1291;HAND MIKE;;REPAIR;;;X;X;;;;;;;;;;;;;;;;;;;;;;;;;;;;;;;;;;;;;;X;X;;;;;;;;;;;;;;;;;;;;;;;;;;;;;;;;;;;;;;;;;;;;;;;;;;;;;;;X;;;
DDT1P1377;DDT1P1377;MICROPHONE;;REPAIR;;;X;X;;X;;;;;;;;;;;;;;;;;;;;;;;;;;;;;;;;;;;;X;X;;;;;;;;;;;;;;;;;;;;;;;;;;;;;;;;;;;;;;;;;;;;;;;;;;;;;;;X;;;
DHE1148;DHE1148;SWITCH;;OVERHAUL;;;X;X;X;X;X;;;;;;;;;;;;;;;;;;;;;;;;;;;;;;;;;;;;;;;;;;;;;;;;;;;;;;;;;;;;;;;;;;;;;;;;;;;;;X;;;;;;;;;;;;;;X;;;
DK100;DK100;BEACON;;BENCH TEST;;;X;X;;;;;;;;;;;;;;;;;;;;;;;;;;X;;;X;;;;;;;;;;;;;;;;;;;;;;;;;;;;;;;;;;;;;;;;;;;;;;;;;;;;;;;;;;;;;;;;;X;;;
DK120;DK120;UNDERWATER  ACOUSTIC  BEACON;;REPAIR;;;X;X;;;;;;;;X;;;;;;;;;;;;;;;;;;;;;;;;;;;;;;;;;;;;;;;;;;;;;;;;;;;;;;;;;;;;;;;;;;;;;;;;X;;;;;;;;;;;;;;X;;;
DK12090;DK120-90;UNDERWATER  ACOUSTIC  BEACON;;REPAIR;;;X;X;;X;X;;;;;X;;;;;;;;;;;;;;;;;;;;;;;;;;;;;;;;;;;;;;;;;;;;;;;;;;;;;;;;;;;;;;;;;;;;;;;;X;;;;;;;;;;;;;;X;;;
DMELT1411;DMELT14-1-1;EMERGENCY LOCATOR TRANSMITTER;;REPAIR;;;X;X;;;;;;;;X;;;;;;;;;;;;;;;;;;;;;;;;;;;;;;;;;;;;;;;;;;;;;;;;;;;;;;;;;;;;;;;;;;;;;;;;X;;;;;;;;;;;;;;X;;;
DSF00201;DSF00201;SENSOR;REPAIR;;;;X;X;X;X;X;;;;;;;;;;;;;X;;;;;;;;;;;;;;;;;;;;;;;;;;;;;;;;;;;;;;;;;;;;;;;;;;;;;;;;;;;;;;;;;;;;;;;;;;;;;X;;;;
DSF002011;DSF00201-1;SENSOR;REPAIR;;;;X;X;X;X;X;;;;;;;;;;;;;X;;;;;;;;;;;;;;;;;;;;;;;;;;;;;;;;;;;;;;;;;;;;;;;;;;;;;;;;;;;;;;;;;;;;;;;;;;;;;X;;;;
DVE9005;DVE90-05;OXYGEN SOLENOID VALVE;OVERHAUL;;;;X;X;X;X;X;;;;;;;;;;;;;X;;;;;;X;X;X;X;;;;;;;;;;;;;;;;;;;;;;;;;;;;;;;;;;;;;;;;;;;;;;;;;;;;;;;;;;;;;;;;;;;;X;;;;
DVE9006;DVE90-06;OXYGEN SOLENOID VALVE;OVERHAUL;;;;X;X;X;X;X;;;;;;;;;;;;;X;;;;X;X;X;X;X;X;;;;;;;;;;;;;;;;;;;;;;;;;;;;;;;;;;;;;;;;;;;;;;;;;;;;;;;;;;;;;;;;;;;;X;;;;
DVE9007;DVE90-07;OXYGEN SOLENOID VALVE;OVERHAUL;;;;X;X;X;X;;;;;;;;;;;;;;X;;;;X;X;X;X;X;X;;;;;;;;;;;;;;;;;;;;;;;;;;;;;;;;;;;;;;;;;;;;;;;;;;;;;;;;;;;;;;;;;;;;X;;;;
DVE9008;DVE90-08;OXYGEN SOLENOID VALVE;OVERHAUL;;;;X;X;X;X;;;;;;;;;;;;;;X;;;;X;X;X;X;X;X;;;;;;;;;;;;;;;;;;;;;;;;;;;;;;;;;;;;;;;;;;;;;;;;;;;;;;;;;;;;;;;;;;;;X;;;;
E1L12325;E1L123-25;EMERGENCY OXYGEN CONTAINER;REPAIR;;;;X;X;X;X;X;;;;;;;;;;;;;X;;;;;X;X;;X;X;;;;;;;;;;;;;;;;;;;;;;;;;;;;;;;;;;;;;;;;;;;;;;;;;;;;;;;;;;;;;;;;;;;;X;;;;
E1L12425;E1L124-25;EMERGENCY OXYGEN CONTAINER;REPAIR;;;;X;X;X;X;X;;;;;;;;;;;;;X;;;;;;X;;;;;;;;;;;;;;;;;;;;;;;;;;;;;;;;;;;;;;;;;;;;;;;;;;;;;;;;;;;;;;;;;;;;;;;X;;;;
E1L64425;E1L644-25;EMERGENCY OXYGEN CONTAINER;REPAIR;;;;X;X;X;X;X;;;;;;;;;;;;;X;;;;;;;;;X;;;;;;;;;;;;;;;;;;;;;;;;;;;;;;;;;;;;;;;;;;;;;;;;;;;;;;;;;;;;;;;;;;;;X;;;;
E1R12325;E1R123-25;EMERGENCY OXYGEN CONTAINER;REPAIR;;;;X;X;X;X;X;;;;;;;;;;;;;X;;;;;X;X;;X;X;;;;;;;;;;;;;;;;;;;;;;;;;;;;;;;;;;;;;;;;;;;;;;;;;;;;;;;;;;;;;;;;;;;;X;;;;
E1R12425;E1R124-25;EMERGENCY OXYGEN CONTAINER;REPAIR;;;;X;X;X;X;X;;;;;;;;;;;;;X;;;;;X;X;;X;X;;;;;;;;;;;;;;;;;;;;;;;;;;;;;;;;;;;;;;;;;;;;;;;;;;;;;;;;;;;;;;;;;;;;X;;;;
E1R64325;E1R643-25;EMERGENCY OXYGEN CONTAINER;REPAIR;;;;X;X;X;X;X;;;;;;;;;;;;;X;;;;;;;;;;;;;;;;;;;;;;;;;;;;;;;;;;;;;;;;;;;;;;;;;;;;;;;;;;;;;;;;;;;;;;;;;;;;;X;;;;
E20000;E20000;HYDRAULIC ACTUATOR;OVERHAUL;;;;X;X;X;X;X;;;;;;;;;;;;;X;;;;;;X;;;;;;;;;;;;;;;;;;;;;;;;;;;;;;;;;;;;;;;;;;;;;;;;;;;;;;;;;;;;;;;;;;;;;;;X;;;;
E21326000;E21326000;BRAKE SERVOVALVE;OVERHAUL;;;;X;X;X;X;X;;;;;;;;;;;;;X;;;;X;X;X;X;;;;;;;;;;;;;;;;;;;;;;;;;;;;;;;;;;;;;;;;;;;;;;;;;;;;;;;;;;;;;;;;;;;;;;X;;;;
E213260001;E21326000-1;BRAKE SERVOVALVE;OVERHAUL;;;;X;X;X;X;X;;;;;;;;;;;;;X;;;;X;X;X;X;;;;;;;;;;;;;;;;;;;;;;;;;;;;;;;;;;;;;;;;;;;;;;;;;;;;;;;;;;;;;;;;;;;;;;X;;;;
E213260002;E21326000-2;BRAKE SERVOVALVE;OVERHAUL;;;;X;X;X;X;X;;;;;;;;;;;;;X;;;;X;X;X;X;;;;;;;;;;;;;;;;;;;;;;;;;;;;;;;;;;;;;;;;;;;;;;;;;;;;;;;;;;;;;;;;;;;;;;X;;;;
E2N12229;E2N122-29;EMERGENCY OXYGEN CONTAINER;REPAIR;;;;X;X;X;X;X;;;;;;;;;;;;;X;;;;;;;;;;;;;;;;;;;;;;;;;;;;;;;;;;;;;;;;;;;;;;;;;;;;;;;;;;;;;;;;;;;;;;;;;;;;;X;;;;
E2N21243;E2N212-43;EMERGENCY OXYGEN CONTAINER;REPAIR;;;;X;X;X;X;X;;;;;;;;;;;;;X;;;;;X;X;;X;X;;;;;;;;;;;;;;;;;;;;;;;;;;;;;;;;;;;;;;;;;;;;;;;;;;;;;;;;;;;;;;;;;;;;X;;;;
E2N21250;E2N212-50;EMERGENCY OXYGEN CONTAINER;REPAIR;;;;X;X;X;X;X;;;;;;;;;;;;;X;;;;;;X;;;;;;;;;;;;;;;;;;;;;;;;;;;;;;;;;;;;;;;;;;;;;;;;;;;;;;;;;;;;;;;;;;;;;;;X;;;;
E2N42243;E2N422-43;EMERGENCY OXYGEN CONTAINER;REPAIR;;;;X;X;X;X;X;;;;;;;;;;;;;X;;;;;X;X;;X;X;;;;;;;;;;;;;;;;;;;;;;;;;;;;;;;;;;;;;;;;;;;;;;;;;;;;;;;;;;;;;;;;;;;;X;;;;
E311C;E-311C;RELAY;;BENCH TEST;;;X;;;;;;;;;;;;;;;;;;;;;;;;;;;;;;;;;;;;;;;;;;;;;;;;;;;;;;;;;;;;;;;;;;;;;;;;;;;;;;;;;X;;;;;;X;;X;X;;;;;X;;;
E61751000001;E61751-00-0001;HALON PRESSURE REDUCER;REPAIR;;;;X;X;X;X;X;;;;;;;;;;;;;X;;;;;;X;;;;;;;;;;;;;;;;;;;;;;;;;;;;;;;;;;;;;;;;;;;;;;;;;;;;;;;;;;;;;;;;;;;;;;;X;;;;
E61751000002;E61751-00-0002;HALON PRESSURE REDUCER;REPAIR;;;;X;X;X;X;X;;;;;;;;;;;;;X;;;;;;X;;;;;;;;;;;;;;;;;;;;;;;;;;;;;;;;;;;;;;;;;;;;;;;;;;;;;;;;;;;;;;;;;;;;;;;X;;;;
E61751000003;E61751-00-0003;HALON PRESSURE REDUCER;REPAIR;;;;X;X;X;X;X;;;;;;;;;;;;;X;;;;;;X;;;;;;;;;;;;;;;;;;;;;;;;;;;;;;;;;;;;;;;;;;;;;;;;;;;;;;;;;;;;;;;;;;;;;;;X;;;;
E6269100;E62691-00;HALON PRESSURE REDUCER;REPAIR;;;;X;X;X;X;X;;;;;;;;;;;;;X;;;;;;;;X;X;;;;;;;;;;;;;;;;;;;;;;;;;;;;;;;;;;;;;;;;;;;;;;;;;;;;;;;;;;;;;;;;;;;;X;;;;
EA0DS8416409;EA0DS8416-409;DIMMING SUPPLY UNIT;;REPAIR;;;X;X;;X;;;;;;;;;;;;;;;;;;;;;;;;;;;;;;;;;;;;;;;;;;;;;;;;;;;;;;;;;;;;;;;;;;;;;;;;;;;;;;;;;;;;;;X;X;;;;;X;;;
EA0DS8416412;EA0DS8416-412;DIMMING SUPPLY UNIT;;REPAIR;;;X;X;;X;;;;;;;;;;;;;;;;;;;;;;;;;;;;;;;;;;;;;;;;;;;;;;;;;;;;;;;;;;;;;;;;;;;;;;;;;;;;;;;;;;;;;;X;X;;;;;X;;;
EA0DS8416413;EA0DS8416-413;CONTROL ASSY DIMMING SUPPLY;;REPAIR;;;X;X;;X;;;;;;;;;;;;;;;;;;;;;;;;;;;;;;;;;;;;;;;;;;;;;;;;;;;;;;;;;;;;;;;;;;;;;;;;;;;;;;;;;;;;;;X;X;;;;;X;;;
EAACS7910402;EAACS7910-402;AC CURRENT SENSOR;;REPAIR;;;X;X;;X;;;;;;;;;;;;;;;;;;;;;;;;;;;;;;;;;;;;;;;;;;;;;;;;;;;;;;;;;;;;;;;;;;;;;;;;;;;;;;;;;;;;;;X;X;;;;;X;;;
EAADL8529403;EAADL8529-403;CTRL DIMSUPPLY;;REPAIR;;;X; ;; ;;;;;;;;;;;;;;;;;;;;;;;;;;;;;;;;;;;;;;;;;;;;;;;;;;;;;;;;;;;;;;;;;;;;;;;;;;;;;;;;;;;;;;X;X;;;;;X;;;
EAEFD8534403;EAEFD8534-403;DETECTOR ENGINE FAILURE;;BENCH TEST;;;X;X;;X;;;;;;;;;;;;;;;;;;;;;;;;;;;;;;;;;;;;;;;;;;;;;;;;;;;;;;;;;;;;;;;;;;;;;;;;;;;;;;;;;;;;;;X;X;;;;;X;;;
EAEFD8534405;EAEFD8534-405;DETECTOR ENGINE FAILURE;;REPAIR;;;X;X;;X;;;;;;;;;;;;;;;;;;;;;;;;;;;;;;;;;;;;;;;;;;;;;;;;;;;;;;;;;;;;;;;;;;;;;;;;;;;;;;;;;;;;;;X;X;;;;;X;;;
EAEPI8502401;EAEPI8502-401;ELECTRICAL POWER INDICATOR;;REPAIR;;;X;X;;X;;;;;;;;;;;;;;;;;;;;;;;;;;;;;;;;;;;;;;;;;;;;;;;;;;;;;;;;;;;;;;;;;;;;;;;;;;;;;;;;;;;;;;X;X;;;;;X;;;
EAEPI8502403;EAEPI8502-403;ELECTRICAL POWER INDICATOR;;REPAIR;;;X;X;;X;;;;;;;;;;;;;;;;;;;;;;;;;;;;;;;;;;;;;;;;;;;;;;;;;;;;;;;;;;;;;;;;;;;;;;;;;;;;;;;;;;;;;;X;X;;;;;X;;;
EAEPI8502405;EAEPI8502-405;ELECTRICAL POWER INDICATOR;;REPAIR;;;X;X;;X;;;;;;;;;;;;;;;;;;;;;;;;;;;;;;;;;;;;;;;;;;;;;;;;;;;;;;;;;;;;;;;;;;;;;;;;;;;;;;;;;;;;;;X;X;;;;;X;;;
EAFCD8518407;EAFCD8518-407;FCDU;;BENCH TEST;;;X;X;;X;;;;;;;;;;;;;;;;;;;;;;;;;;;;;;;;;;;;;;;;;;;;;;;;;;;;;;;;;;;;;;;;;;;;;;;;;;;;;;;;;;;;;;X;X;;;;;X;;;
EAFCD8518408;EAFCD8518-408;FCDU;;BENCH TEST;;;X;X;;X;;;;;;;;;;;;;;;;;;;;;;;;;;;;;;;;;;;;;;;;;;;;;;;;;;;;;;;;;;;;;;;;;;;;;;;;;;;;;;;;;;;;;;X;X;;;;;X;;;
EAFCD8518409;EAFCD8518-409;FCDU;;REPAIR;;;X;X;;X;;;;;;;;;;;;;;;;;;;;;;;;;;;;;;;;;;;;;;;;;;;;;;;;;;;;;;;;;;;;;;;;;;;;;;;;;;;;;;;;;;;;;;X;X;;;;;X;;;
EAFCD8518411;EAFCD8518-411;FCDU;;REPAIR;;;X;X;;X;;;;;;;;;;;;;;;;;;;;;;;;;;;;;;;;;;;;;;;;;;;;;;;;;;;;;;;;;;;;;;;;;;;;;;;;;;;;;;;;;;;;;;X;X;;;;;X;;;
EAFCD8518413;EAFCD8518-413;FCDU;;REPAIR;;;X;X;;X;;;;;;;;;;;;;;;;;;;;;;;;;;;;;;;;;;;;;;;;;;;;;;;;;;;;;;;;;;;;;;;;;;;;;;;;;;;;;;;;;;;;;;X;X;;;;;X;;;
EAFPG8532403;EAFPG8532-403;DIMMING SUPPLY UNIT;;REPAIR;;;X;X;;X;;;;;;;;;;;;;;;;;;;;;;;;;;;;;;;;;;;;;;;;;;;;;;;;;;;;;;;;;;;;;;;;;;;;;;;;;;;;;;;;;;;;;;X;X;;;;;X;;;
EAFPG8532405;EAFPG8532-405;DIMMING SUPPLY UNIT;;REPAIR;;;X;X;;X;;;;;;;;;;;;;;;;;;;;;;;;;;;;;;;;;;;;;;;;;;;;;;;;;;;;;;;;;;;;;;;;;;;;;;;;;;;;;;;;;;;;;;X;X;;;;;X;;;
EAHDS8530403;EAHDS8530-403;DIMMING SUPPLY UNIT;;REPAIR;;;X;X;;X;;;;;;;;;;;;;;;;;;;;;;;;;;;;;;;;;;;;;;;;;;;;;;;;;;;;;;;;;;;;;;;;;;;;;;;;;;;;;;;;;;;;;;X;X;;;;;X;;;
EAHDS8530405;EAHDS8530-405;DIMMING SUPPLY UNIT;;BENCH TEST;;;X;X;;X;;;;;;;;;;;;;;;;;;;;;;;;;;;;;;;;;;;;;;;;;;;;;;;;;;;;;;;;;;;;;;;;;;;;;;;;;;;;;;;;;;;;;;X;X;;;;;X;;;
EAHQP8519405;EAHQP8519-405;IND HYD QT/PRESS;;REPAIR;;;X;X;;X;;;;;;;;;;;;;;;;;;;;;;;;;;;;;;;;;;;;;;;;;;;;;;;;;;;;;;;;;;;;;;;;;;;;;;;;;;;;;;;;;;;;;;X;X;;;;;X;;;
EAHQP8519409;EAHQP8519-409;IND HYD QT/PRESS;;REPAIR;;;X;X;;;;;;;;;;;;;;;;;;;;;;;;;;;;;;;;;;;;;;;;;;;;;;;;;;;;;;;;;;;;;;;;;;;;;;;;;;;;;;;;;;;;;;;;X;X;;;;;X;;;
EAIFS8531403;EAIFS8531-403;DIMMING SUPPLY UNIT;;REPAIR;;;X;X;;X;;;;;;;;;;;;;;;;;;;;;;;;;;;;;;;;;;;;;;;;;;;;;;;;;;;;;;;;;;;;;;;;;;;;;;;;;;;;;;;;;;;;;;X;X;;;;;X;;;
EAIFS8531405;EAIFS8531-405;DIMMING SUPPLY UNIT;;REPAIR;;;X;X;;;;;;;;;;;;;;;;;;;;;;;;;;;;;;;;;;;;;;;;;;;;;;;;;;;;;;;;;;;;;;;;;;;;;;;;;;;;;;;;;;;;;;;;X;X;;;;;X;;;
EAMTI8522401;EAMTI8522-401;MAINT TEST PANEL;;REPAIR;;;X;X;;;;;;;;;;;;;;;;;;;;;;;;;;;;;;;;;;;;;;;;;;;;;;;;;;;;;;;;;;;;;;;;;;;;;;;;;;;;;;;;;;;;;;;;X;X;;;;;X;;;
EARLM8504411;EARLM8504-411;MONITOR RUDDER LIMIT;;REPAIR;;;X;X;;X;;;;;;;;;;;;;;;;;;;;;;;;;;;;;;;;;;;;;;;;;;;;;;;;;;;;;;;;;;;;;;;;;;;;;;;;;;;;;;;;;;;;;;X;X;;;;;X;;;
EARLM8504413;EARLM8504-413;MONITOR RUDDER LIMIT;;REPAIR;;;X;X;;X;;;;;;;;;;;;;;;;;;;;;;;;;;;;;;;;;;;;;;;;;;;;;;;;;;;;;;;;;;;;;;;;;;;;;;;;;;;;;;;;;;;;;;X;X;;;;;X;;;
EASPC8503403;EASPC8503-403;STALL PROTECTION COMPUTER;;REPAIR;;;X;X;;X;;;;;;;;;;;;;;;;;;;;;;;;;;;;;;;;;;;;;;;;;;;;;;;;;;;;;;;;;;;;;;;;;;;;;;;;;;;;;;;;;;;;;;X;X;;;;;X;;;
EASPE8801401;EASPE8801-401;COMPUTER STALL ENHANCE;;REPAIR;;;X;X;;X;;;;;;;;;;;;;;;;;;;;;;;;;;;;;;;;;;;;;;;;;;;;;;;;;;;;;;;;;;;;;;;;;;;;;;;;;;;;;;;;;;;;;;X;X;;;;;X;;;
EASPE8801403;EASPE8801-403;COMPUTER STALL ENHANCE;;REPAIR;;;X;X;;X;;;;;;;;;;;;;;;;;;;;;;;;;;;;;;;;;;;;;;;;;;;;;;;;;;;;;;;;;;;;;;;;;;;;;;;;;;;;;;;;;;;;;;X;X;;;;;X;;;
EASPE8801405;EASPE8801-405;COMPUTER STALL ENHANCE;;REPAIR;;;X;X;;X;;;;;;;;;;;;;;;;;;;;;;;;;;;;;;;;;;;;;;;;;;;;;;;;;;;;;;;;;;;;;;;;;;;;;;;;;;;;;;;;;;;;;;X;X;;;;;X;;;
EATPC8520404;EATPC8520-404;TEMP PRESSURE CONTROL BOX;;REPAIR;;;X;X;;X;;;;;;;;;;;;;;;;;;;;;;;;;;;;;;;;;;;;;;;;;;;;;;;;;;;;;;;;;;;;;;;;;;;;;;;;;;;;;;;;;;;;;;X;X;;;;;X;;;
EATPC8520406;EATPC8520-406;BOX-ASSY TEMP.PRESSURE COND;;REPAIR;;;X;X;;X;;;;;;;;;;;;;;;;;;;;;;;;;;;;;;;;;;;;;;;;;;;;;;;;;;;;;;;;;;;;;;;;;;;;;;;;;;;;;;;;;;;;;;X;X;;;;;X;;;
EATPC8520411;EATPC8520-411;BOX TEMP PRES CONDI;;REPAIR;;;X;X;;X;;;;;;;;;;;;;;;;;;;;;;;;;;;;;;;;;;;;;;;;;;;;;;;;;;;;;;;;;;;;;;;;;;;;;;;;;;;;;;;;;;;;;;X;X;;;;;X;;;
EATPI8521401;EATPI8521-401;TEMP AND PRESSURE INDICATOR;;OVERHAUL;;;X;X;;X;X;;;;;;;;;;;;;;;;;;;;;;;;;;;;;;;;;;;;;;;;;;;;;;;;;;;;;;;;;;;;;;;;;;;;;;;;;;;;;;;;;;;;;X;X;;;;;X;;;
EBC55217;EBC55217;PIN;REPAIR;;;;X;X;X;X;;;;;;;X;;;;X;;;;;;;;;;;;;;;;;;;;;;;;;;;;;;;;;;;;;;;;;;;;;;;;;;;;;;;;;;;;;;;;;;;;;;;;;;;;;;;;X;;;;
EE00050111;EE0005-0111;EMERGENCY BATTERY;OVERHAUL;;;;X;X;X;X;X;;;;;;X;;;;X;;;;;;;;;;;;;;;;;;;;;;;;;;;;;;;;;;;;;;;;;;;;;;;;;;;;;;;;;;;;;;;;;;;;;;;;;;;;;;;;X;;;;
EIA1533A;EIA1533A;JUNCTION AND AMPLIFIER         (TEAM);REPAIR;;;;X;X;X;X;X;;;;;;;;;;;;;X;;X;X;;;;;;;;;;;;;;;;;;;;;;;;;;;;;;;;;;;;;;;;;;;;;;;;;;;;;;;;;;;;;;;;;;;;;;;;;;X;;;;