00081000/8;0008-1-000/8;WATER HEATER DR4;OVERHAUL;;;;X;X;X;X;X;;;;;;;;;;;;;;;;;;;;;;;X;;;;;;;;;;;;;;;;;;;;;;;;;;;;;;;;;;;;;;;;;;;;;;;;;;;;;;;;;;;;;;;;;;;X;;;;
00081000/9;0008-1-000/9;WATER HEATER DR4;OVERHAUL;;;;X;X;X;X;X;;;;;;;;;;;;;;;;;;;;;;;X;;;;;;;;;;;;;;;;;;;;;;;;;;;;;;;;;;;;;;;;;;;;;;;;;;;;;;;;;;;;;;;;;;;X;;;;
00081000/9A;0008-1-000/9A;WATER HEATER DR4;OVERHAUL;;;;X;X;X;X;X;;;;;;;;;;;;;;;;;;;;;;;X;;;;;;;;;;;;;;;;;;;;;;;;;;;;;;;;;;;;;;;;;;;;;;;;;;;;;;;;;;;;;;;;;;;X;;;;
000810009;0008-1-000-9;WATER HEATER DR4;OVERHAUL;;;;X;X;X;X;X;;;;;;;;;;;;;;;;;;;;;;;X;;;;;;;;;;;;;;;;;;;;;;;;;;;;;;;;;;;;;;;;;;;;;;;;;;;;;;;;;;;;;;;;;;;X;;;;
001722;001722;EMERGENCY LOCATOR BEACON;;REPAIR;;;X;X;;X;;;;;;X;;;;;;;;;;;;;;;;;;;;;;;;;;;;;;;;;;;;;;;;;;;;;;;;;;;;;;;;;;;;;;;;;;;;;;;;X;;;;;;;;;;;;;;X;;;
008400;008400;EMERGENCY LOCATOR BEACON;;REPAIR;;;X;X;;X;;;;;;X;;;;;;;;;;;;;;;;;;;;;;;;;;;;;;;;;;;;;;;;;;;;;;;;;;;;;;;;;;;;;;;;;;;;;;;;X;;;;;;;;;;;;;;X;;;
0103KFP01;0103KFP-01;FUELLING CONTROL PANEL;;REPAIR;;;X;X;;X;;;;;;;;;;;;;;;;;;;;;;;;;;;;;;;;;;;;;;;;;;;;;;;;;;;;;;;;;;;;;;;;;;;;;;;;;;;;;;;;;;;;;;X;X;;;;;X;;;
0103KFP02;0103KFP02;FUELLING CONTROL PANEL;;REPAIR;;;X;X;;X;;;;;;;;;;;;;;;;;;;;;;;;;;;;;;;;;;;;;;;;;;;;;;;;;;;;;;;;;;;;;;;;;;;;;;;;;;;;;;;;;;;;;;X;X;;;;;X;;;
0103KFP02;0103KFP-02;FUELLING CONTROL PANEL;;REPAIR;;;X;X;;X;;;;;;;;;;;;;;;;;;;;;;;;;;;;;;;;;;;;;;;;;;;;;;;;;;;;;;;;;;;;;;;;;;;;;;;;;;;;;;;;;;;;;;X;X;;;;;X;;;
0103KFP03;0103KFP03;FUELLING CONTROL PANEL;;REPAIR;;;X;X;;X;;;;;;;;;;;;;;;;;;;;;;;;;;;;;;;;;;;;;;;;;;;;;;;;;;;;;;;;;;;;;;;;;;;;;;;;;;;;;;;;;;;;;;X;X;;;;;X;;;
0103KFP03;0103KFP-03;FUELLING CONTROL PANEL;;REPAIR;;;X;X;;X;;;;;;;;;;;;;;;;;;;;;;;;;;;;;;;;;;;;;;;;;;;;;;;;;;;;;;;;;;;;;;;;;;;;;;;;;;;;;;;;;;;;;;X;X;;;;;X;;;
016392000;016392-000;BATTERY;;OVERHAUL;;;X;X;;X;;;;;;;;;;;;;;;;;;;;;;;;X;;;X;;;;;;;;;;;;;;;;;;;;;;;;;;;;;;;;;;;;;;;;;;;;;;;;;;;;;;;;;;;;;;;;;X;;;
016585000;016585-000;BATTERY;;OVERHAUL;;DNR;X;X;;X;;;;;;X;;;;;;;;;;;;;;;;;;;;;;;;;;;;;;;;;;;;;;;;;;;;;;;;;;;;;;;;;;;;;;;;;;;;;;;;X;;;;;;;;;;;;;;X;;;
018550000;018550-000;NICKEL CADMIUM BATTERY;OVERHAUL;OVERHAUL;;;X;X;X;X;X;;;;;;;;;;;;;;;;;;;;;;;X;;;X;;;;;;;;;;;;;;;;;;;;;;;;;;;;;;;;;;;;;;;;;;;;;;;;;;;;;;;;;;;;;;;;X;X;;;
018804000;018804-000;BATTERY;;OVERHAUL;;DNR;X;X;;X;;;;;;X;;;;;;;;;;;;;;;;;;;;;;;;;;;;;;;;;;;;;;;;;;;;;;;;;;;;;;;;;;;;;;;;;;;;;;;;X;;;;;;;;;;;;;;X;;;
0201KIP01003;0201KIP01-003;PROCESSOR;;REPAIR;;;X;X;;X;;;;;;;;;;;;;;;;;;;;;;;;;;;;;;;;;;;;;;;;;;;;;;;;;;;;;;;;;;;;;;;;;;;;;;;;;;;;;;;;;;;;;;X;X;;;;;X;;;
0201KIP03001;0201KIP03-001;COMB. PROCESSOR TOTALISER;;REPAIR;;;X;X;;X;;;;;;;;;;;;;;;;;;;;;;;;;;;;;;;;;;;;;;;;;;;;;;;;;;;;;;;;;;;;;;;;;;;;;;;;;;;;;;;;;;;;;;X;X;;;;;X;;;
0201KTU10;0201KTU10;FUEL PROBE;;REPAIR;;;X;X;;X;;;;;;;;;;;;;;;;;;;;;;;;;;;;;;;;;;;;;;;;;;;;;;;;;;;;;;;;;;;;;;;;;;;;;;;;;;;;;;X;;;;;X;;;;;;;;;X;;;
0201KTU11;0201KTU11;FUEL PROBE;;REPAIR;;;X;X;;X;;;;;;;;;;;;;;;;;;;;;;;;;;;;;;;;;;;;;;;;;;;;;;;;;;;;;;;;;;;;;;;;;;;;;;;;;;;;;;X;;;;;X;;;;;;;;;X;;;
0201KTU12;0201KTU12;FUEL PROBE;;REPAIR;;;X;X;;X;;;;;;;;;;;;;;;;;;;;;;;;;;;;;;;;;;;;;;;;;;;;;;;;;;;;;;;;;;;;;;;;;;;;;;;;;;;;;;X;;;;;X;;;;;;;;;X;;;
0201KTU13;0201KTU13;FUEL PROBE;;REPAIR;;;X;X;;X;;;;;;;;;;;;;;;;;;;;;;;;;;;;;;;;;;;;;;;;;;;;;;;;;;;;;;;;;;;;;;;;;;;;;;;;;;;;;;X;;;;;X;;;;;;;;;X;;;
0201KTU14;0201KTU14;FUEL PROBE;;REPAIR;;;X;X;;X;;;;;;;;;;;;;;;;;;;;;;;;;;;;;;;;;;;;;;;;;;;;;;;;;;;;;;;;;;;;;;;;;;;;;;;;;;;;;;X;;;;;X;;;;;;;;;X;;;
0201KTU15;0201KTU15;FUEL PROBE;;REPAIR;;;X;X;;X;;;;;;;;;;;;;;;;;;;;;;;;;;;;;;;;;;;;;;;;;;;;;;;;;;;;;;;;;;;;;;;;;;;;;;;;;;;;;;X;;;;;X;;;;;;;;;X;;;
0201KTU16;0201KTU16;FUEL PROBE;;REPAIR;;;X;X;;X;;;;;;;;;;;;;;;;;;;;;;;;;;;;;;;;;;;;;;;;;;;;;;;;;;;;;;;;;;;;;;;;;;;;;;;;;;;;;;X;;;;;X;;;;;;;;;X;;;
0201KTU17;0201KTU17;FUEL PROBE;;REPAIR;;;X;X;;X;;;;;;;;;;;;;;;;;;;;;;;;;;;;;;;;;;;;;;;;;;;;;;;;;;;;;;;;;;;;;;;;;;;;;;;;;;;;;;X;;;;;X;;;;;;;;;X;;;
0201KTU18;0201KTU18;FUEL PROBE;;REPAIR;;;X;X;;X;;;;;;;;;;;;;;;;;;;;;;;;;;;;;;;;;;;;;;;;;;;;;;;;;;;;;;;;;;;;;;;;;;;;;;;;;;;;;;X;;;;;X;;;;;;;;;X;;;
0201KTU19;0201KTU19;FUEL PROBE;;REPAIR;;;X;X;;X;;;;;;;;;;;;;;;;;;;;;;;;;;;;;;;;;;;;;;;;;;;;;;;;;;;;;;;;;;;;;;;;;;;;;;;;;;;;;;X;;;;;X;;;;;;;;;X;;;
0201KTU20;0201KTU20;FUEL PROBE;;REPAIR;;;X;X;;X;;;;;;;;;;;;;;;;;;;;;;;;;;;;;;;;;;;;;;;;;;;;;;;;;;;;;;;;;;;;;;;;;;;;;;;;;;;;;;X;;;;;X;;;;;;;;;X;;;
0201KTU21;0201KTU21;FUEL PROBE;;REPAIR;;;X;X;;X;;;;;;;;;;;;;;;;;;;;;;;;;;;;;;;;;;;;;;;;;;;;;;;;;;;;;;;;;;;;;;;;;;;;;;;;;;;;;;X;;;;;X;;;;;;;;;X;;;
0201KTU22;0201KTU22;FUEL PROBE;;REPAIR;;;X;X;;X;;;;;;;;;;;;;;;;;;;;;;;;;;;;;;;;;;;;;;;;;;;;;;;;;;;;;;;;;;;;;;;;;;;;;;;;;;;;;;X;;;;;X;;;;;;;;;X;;;
0201KTU23;0201KTU23;FUEL PROBE;;REPAIR;;;X;X;;X;;;;;;;;;;;;;;;;;;;;;;;;;;;;;;;;;;;;;;;;;;;;;;;;;;;;;;;;;;;;;;;;;;;;;;;;;;;;;;X;;;;;X;;;;;;;;;X;;;
0201KTU24;0201KTU24;FUEL PROBE;;REPAIR;;;X;X;;X;;;;;;;;;;;;;;;;;;;;;;;;;;;;;;;;;;;;;;;;;;;;;;;;;;;;;;;;;;;;;;;;;;;;;;;;;;;;;;X;;;;;X;;;;;;;;;X;;;
0201KTU25;0201KTU25;FUEL PROBE;;REPAIR;;;X;X;;X;;;;;;;;;;;;;;;;;;;;;;;;;;;;;;;;;;;;;;;;;;;;;;;;;;;;;;;;;;;;;;;;;;;;;;;;;;;;;;X;;;;;X;;;;;;;;;X;;;
0201KTU29;0201KTU29;FUEL PROBE;;REPAIR;;;X;X;;X;;;;;;;;;;;;;;;;;;;;;;;;;;;;;;;;;;;;;;;;;;;;;;;;;;;;;;;;;;;;;;;;;;;;;;;;;;;;;;X;;;;;X;;;;;;;;;X;;;
0201KTU3;0201KTU3;FUEL PROBE;;REPAIR;;;X;X;;X;;;;;;;;;;;;;;;;;;;;;;;;;;;;;;;;;;;;;;;;;;;;;;;;;;;;;;;;;;;;;;;;;;;;;;;;;;;;;;X;;;;;X;;;;;;;;;X;;;
0201KTU30;0201KTU30;FUEL PROBE;;REPAIR;;;X;X;;X;;;;;;;;;;;;;;;;;;;;;;;;;;;;;;;;;;;;;;;;;;;;;;;;;;;;;;;;;;;;;;;;;;;;;;;;;;;;;;X;;;;;X;;;;;;;;;X;;;
0201KTU31;0201KTU31;FUEL PROBE;;REPAIR;;;X;X;;X;;;;;;;;;;;;;;;;;;;;;;;;;;;;;;;;;;;;;;;;;;;;;;;;;;;;;;;;;;;;;;;;;;;;;;;;;;;;;;X;;;;;X;;;;;;;;;X;;;
0201KTU32;0201KTU32;FUEL PROBE;;REPAIR;;;X;X;;X;;;;;;;;;;;;;;;;;;;;;;;;;;;;;;;;;;;;;;;;;;;;;;;;;;;;;;;;;;;;;;;;;;;;;;;;;;;;;;X;;;;;X;;;;;;;;;X;;;
0201KTU33;0201KTU33;FUEL PROBE;;REPAIR;;;X;X;;X;;;;;;;;;;;;;;;;;;;;;;;;;;;;;;;;;;;;;;;;;;;;;;;;;;;;;;;;;;;;;;;;;;;;;;;;;;;;;;X;;;;;X;;;;;;;;;X;;;
0201KTU34;0201KTU34;FUEL PROBE;;REPAIR;;;X;X;;X;;;;;;;;;;;;;;;;;;;;;;;;;;;;;;;;;;;;;;;;;;;;;;;;;;;;;;;;;;;;;;;;;;;;;;;;;;;;;;X;;;;;X;;;;;;;;;X;;;
0201KTU35;0201KTU35;FUEL PROBE;;REPAIR;;;X;X;;X;;;;;;;;;;;;;;;;;;;;;;;;;;;;;;;;;;;;;;;;;;;;;;;;;;;;;;;;;;;;;;;;;;;;;;;;;;;;;;X;;;;;X;;;;;;;;;X;;;
0201KTU4;0201KTU4;FUEL PROBE;;REPAIR;;;X;X;;X;;;;;;;;;;;;;;;;;;;;;;;;;;;;;;;;;;;;;;;;;;;;;;;;;;;;;;;;;;;;;;;;;;;;;;;;;;;;;;X;;;;;X;;;;;;;;;X;;;
0201KTU5;0201KTU5;FUEL PROBE;;REPAIR;;;X;X;;X;;;;;;;;;;;;;;;;;;;;;;;;;;;;;;;;;;;;;;;;;;;;;;;;;;;;;;;;;;;;;;;;;;;;;;;;;;;;;;X;;;;;X;;;;;;;;;X;;;
0201KTU6;0201KTU6;FUEL PROBE;;REPAIR;;;X;X;;X;;;;;;;;;;;;;;;;;;;;;;;;;;;;;;;;;;;;;;;;;;;;;;;;;;;;;;;;;;;;;;;;;;;;;;;;;;;;;;X;;;;;X;;;;;;;;;X;;;
0201KTU9;0201KTU9;FUEL PROBE;;REPAIR;;;X;X;;X;;;;;;;;;;;;;;;;;;;;;;;;;;;;;;;;;;;;;;;;;;;;;;;;;;;;;;;;;;;;;;;;;;;;;;;;;;;;;;X;;;;;X;;;;;;;;;X;;;
0202KIP02002;0202KIP02-002;TOTALIZER;;REPAIR;;;X;X;;X;;;;;;;;;;;;;;;;;;;;;;;;;;;;;;;;;;;;;;;;;;;;;;;;;;;;;;;;;;;;;;;;;;;;;;;;;;;;;;;;;;;;;;X;X;;;;;X;;;
0202KIP04002;0202KIP04-002;TOTALIZER;;REPAIR;;;X;X;;X;;;;;;;;;;;;;;;;;;;;;;;;;;;;;;;;;;;;;;;;;;;;;;;;;;;;;;;;;;;;;;;;;;;;;;;;;;;;;;;;;;;;;;X;X;;;;;X;;;
0209KTU01;0209KTU01;FUEL PROBE;;REPAIR;;;X;X;;X;;;;;;;;;;;;;;;;;;;;;;;;;;;;;;;;;;;;;;;;;;;;;;;;;;;;;;;;;;;;;;;;;;;;;;;;;;;;;;;;;;;;;;X;X;;;;;X;;;
0209KTU02;0209KTU02;FUEL PROBE;;REPAIR;;;X;X;;X;;;;;;;;;;;;;;;;;;;;;;;;;;;;;;;;;;;;;;;;;;;;;;;;;;;;;;;;;;;;;;;;;;;;;;;;;;;;;;;;;;;;;;X;X;;;;;X;;;
0209KTU03;0209KTU03;FUEL PROBE;;REPAIR;;;X;X;;X;;;;;;;;;;;;;;;;;;;;;;;;;;;;;;;;;;;;;;;;;;;;;;;;;;;;;;;;;;;;;;;;;;;;;;;;;;;;;;;;;;;;;;X;X;;;;;X;;;
0209KTU04;0209KTU04;FUEL PROBE;;REPAIR;;;X;X;;X;;;;;;;;;;;;;;;;;;;;;;;;;;;;;;;;;;;;;;;;;;;;;;;;;;;;;;;;;;;;;;;;;;;;;;;;;;;;;;;;;;;;;;X;X;;;;;X;;;
0209KTU05;0209KTU05;FUEL PROBE;;REPAIR;;;X;X;;X;;;;;;;;;;;;;;;;;;;;;;;;;;;;;;;;;;;;;;;;;;;;;;;;;;;;;;;;;;;;;;;;;;;;;;;;;;;;;;;;;;;;;;X;X;;;;;X;;;
0209KTU06;0209KTU06;FUEL PROBE;;REPAIR;;;X;X;;X;;;;;;;;;;;;;;;;;;;;;;;;;;;;;;;;;;;;;;;;;;;;;;;;;;;;;;;;;;;;;;;;;;;;;;;;;;;;;;;;;;;;;;X;X;;;;;X;;;
0209KTU07;0209KTU07;FUEL PROBE;;REPAIR;;;X;X;;X;;;;;;;;;;;;;;;;;;;;;;;;;;;;;;;;;;;;;;;;;;;;;;;;;;;;;;;;;;;;;;;;;;;;;;;;;;;;;;;;;;;;;;X;X;;;;;X;;;
0209KTU09;0209KTU09;FUEL PROBE;;REPAIR;;;X;X;;X;;;;;;;;;;;;;;;;;;;;;;;;;;;;;;;;;;;;;;;;;;;;;;;;;;;;;;;;;;;;;;;;;;;;;;;;;;;;;;;;;;;;;;X;X;;;;;X;;;
0209KTU10;0209KTU10;FUEL PROBE;;REPAIR;;;X;X;;X;;;;;;;;;;;;;;;;;;;;;;;;;;;;;;;;;;;;;;;;;;;;;;;;;;;;;;;;;;;;;;;;;;;;;;;;;;;;;;;;;;;;;;X;X;;;;;X;;;
0210KTU01;0210KTU01;PROBE N1;;REPAIR;;;X;X;;X;;;;;;;;;;;;;;;;;;;;;;;;;;;;;;;;;;;;;;;;;;;;;;;;;;;;;;;;;;;;;;;;;;;;;;;;;;;;;;;;;;;;;;X;X;;;;;X;;;
021193000;021193-000;BATTERY;;OVERHAUL;;DNR;X;X;;X;;;;;;;;;;;;;;;;;;;;;;;;;;;;;;;;;;;;X;X;X;;;;;;;;;;;;;;;;;;;;;;;;;;;;;;;;;;;;;;;; ;;;;;;;;;;;;;;X;;;
021904000;021904-000;BATTERY;;OVERHAUL;;DNR;X;X;;;;;;;;;;;;;;;;;;;;;;;;;;X;;;;;;;;;;X;;;;;;;;;;;;;;;;;;;;;;;;;;;;;;;;;;;;;;;;;;;;;;;;;;;;;;;;;;X;;;
022835000;022835-000;BATTERY;;OVERHAUL;;;X;;;;;;;;;;;;;;;;;;;;;;;;;;;;;;;;;;;;;;;;;;;;;;;;;;;;;;;;;;;;;;;;;;;;X;;;;;;;;;;;;;X;;;;;;;;;;;;;;X;;;
023670000;023670-000;BATTERY;;OVERHAUL;;DNR;X;X;;X;;;;;;;;;;;;;;;;;;;;;;;;;;;;;;;;;;;;;;;;;;;;;;;;;;;;;;;;;;;;;;;;;;;;;;;;;;;;;;X;;;;;;;;;;;;;;X;;;
024147000;024147-000;NICKEL CADMIUM AIRCRAFT BATTERY;OVERHAUL;OVERHAUL;;DNR;X;X;X;X;X;;;;;;;;;;;;;;;;;;;;;;;X;;;X;;;;;;;;;;;;;;;;;;;;;;;;;;;;;;;;;;;;;;;;;;;;;;;;;;;;;;;;;;;;;;;;X;X;;;
024453000;024453-000;BATTERY;;OVERHAUL;;DNR;X;X;;X;;;;;;;;;;;;;;;;;;;;;;;;;;;;;;;;;;;;;;;;;;;;;;;;;;;;;;;;;;;;;;;;;X;;;;X;;;;;;;;; ;;;;;;;;;;;;;;X;;;
024637000;024637-000;BATTERY;;OVERHAUL;;DNR;X;X;;X;;;;;;;;;;;;;;;;;;;;;;;;;;;;;;;;;;;;;;;;;;;;;;;;;;;;;;;;;;;;;;;;;X;;;;X;;;;;;;;; ;;;;;;;;;;;;;;X;;;
025920000;025920-000;NICKEL CADMIUM AIRCRAFT BATTERY;OVERHAUL;;;;X;X;X;X;X;;;;;;;;;;;;;;;;;;;;;;;X;;;X;;;;;;;;;;;;;;;;;;;;;;;;;;;;;;;;;;;;;;;;;;;;;;;;;;;;;;;;;;;;;;;;X;;;;
035182;035182;BLOWER;;REPAIR;;DNR;X;X;;X;;;;;;;;;;;;;;;;;;;;;;;;;;;;;;;;;;;;;;;;;;;;;;;;;;;;;;;;;;;;;;;;;;;;;;;;;;;;;;;;;;;;;;X;X;;;;;X;;;
0415051429;04-1505-1429;POWER SUPPLY;;REPAIR;;;X;X;;X;X;;;;;;;;;;;;;;;;;;;;;;;;;;;;;;;;;;;X;X;X;X;X;;;;;;;;;;;;;;;;;;;;;;;;;;;;;;;;;;;;;;;;;;;;;;;;;;;;X;;;
064010230002;064-01023-0002;VHF COMM R/T;;REPAIR;;DNR;X;X;;;;;;;;;X;;;;;;;;;;;;;;;;;;;;;;;;;;;;;;;;;;;;;;;;;;;;;;;;;;;;;;;;;;;;;;;;;;;;;;;X;;;;;;;;;;;;;;X;;;
064010230004;064-01023-0004;VHF COMM R/T;;REPAIR;;DNR;X;X;;;;;;;;;X;;;;;;;;;;;;;;;;;;;;;;;;;;;;;;;;;;;;;;;;;;;;;;;;;;;;;;;;;;;;;;;;;;;;;;;X;;;;;;;;;;;;;;X;;;
064102300;064-1023-00;VHF COMM R/T;;REPAIR;;DNR;X;X;;;;;;;;;X;;;;;;;;;;;;;;;;;;;;;;;;;;;;;;;;;;;;;;;;;;;;;;;;;;;;;;;;;;;;;;;;;;;;;;;X;;;;;;;;;;;;;;X;;;
064102302;064-1023-02;VHF COMM R/T;;REPAIR;;;X;X;;X;;;;;;;X;;;;;;;;;;;;;;;;;;;;;;;;;;;;; ; ;;;;;;;;;;;;;;;;;;;;;;;;;;;;X;;X;;;;;;;;;;;;;;;;;;;;;;;;;X;;;
064102304;064-1023-04;VHF COMM R/T;;REPAIR;;;X;X;;X;;;;;;;X;;;;;;;;;;;;;;;;;;;;;;;;;;;;; ; ;;;;;;;;;;;;;;;;;;;;;;;;;;;;X;;X;;;;;;;;;;;;;;;;;;;;;;;;;X;;;
064102306;064-1023-06;VHF COMM R/T;;REPAIR;;DNR;X;X;;;;;;;;;;;;;;;;;;;;;;;;;;;;;;;;;;;;;;;;;;;;;;;;;;;;;;;;;;;;;;;;;;;;;;;;;;;;;;;;X;;;;;;;;;;;;;;X;;;
0660107810;066-01078-10;NAV RECEIVER;;REPAIR;;DNR;X;X;;X;X;;;;;;;;;;;;;;;;;;;;;;;;;;;;;;;;;;; ;;; ;;;;;;;;;;;;;;;;;;;;;;;;;;X;;X;;;;;;;;;;;;;;;;;;;;;;;;;X;;;
066106620;066-1066-20;DME TRANSCEIVER;;REPAIR;;DNR;X;X;;X;;;;;;;;;;;;;;;;;;;;;;;;;;;;;;;;;;;;X;X;;;;;;;;;;;;;;;;;;;;;;;;;;;;;;;;;;;;;;;;;;;;;;;;;;;;;;;X;;;
066106622;066-1066-22;DME TRANSCEIVER;;REPAIR;;DNR;X;X;;X;;;;;;;;;;;;;;;;;;;;;;;;;;;;;;;;;;;;;;;;;;;;;;;;;;;;;;;;;;;;;;;;;X;;X;;;;;;;;;;;X;;;;;;;;;;;;;;X;;;
066106623;066-1066-23;DME TRANSCEIVER;;REPAIR;;;X;X;;X;;;;;;;;;;;;;;;;;;;;;;;;;;;;;;;;;;;;;;;;;;;;;;;;;;;;;;;;;;;;;;;;;X;;X;;;;;;;;;;;X;;;;;;;;;;;;;;X;;;
066106624;066-1066-24;DME TRANSCEIVER;;REPAIR;;;X;X;;X;;;;;;;;;;;;;;;;;;;;;;;;;;;;;;;;;;;;X;;;X;;;;;;;;;;;;;;;;;;;;;;;;;;X;;X;;;;;;;;;;;;;;;;;;;;;;;;;X;;;
066106625;066-1066-25;DME TRANSCEIVER;;REPAIR;;;X;X;;X;;;;;;;;;;;;;;;;;;;;;;;;;;;;;;;;;;;;X;;;X;;;;;;;;;;;;;;;;;;;;;;;;;;X;;X;;;;;;;;;;;;;;;;;;;;;;;;;X;;;
066107700;066-1077-00;ADF RECEIVER;;REPAIR;;DNR;X;X;;;;;;;;;;;;;;;;;;;;;;;;;;;;;;;;;;;;;;X;X;;;;;;;;;;;;;;;;;;;;;;;;;;;;;;;;;;;;;;;;;;;;;;;;;;;;;;;X;;;
066107701;066-1077-01;ADF RECEIVER;;REPAIR;;DNR;X;X;;;;;;;;;;;;;;;;;;;;;;;;;;;;;;;;;;;;;;X;;;X;;;;;;;;;;;;;;;;;;;;;;;;;;;;;;;;;;;;;;;;;;;;;;;;;;;;;X;;;
066107800;066-1078-00;NAV RECEIVER;;REPAIR;;DNR;X;X;;X;;;;;;;;;;;;;;;;;;;;;;;;;;;;;;;;;;;;X;;;X;;;;;;;;;;;;;;;;;;;;;;;;;;;;;;;;;;;;;;;;;;;;;;;;;;;;;X;;;
066107804;066-1078-04;NAV RECEIVER;;REPAIR;;DNR;X;X;;X;;;;;;;;;;;;;;;;;;;;;;;;;;;;;;;;;;;;;;;;;;;;;;;;;;;;;;;;;;;;;;;;;;;;;;;;;;;;;;X;;;;;;;;;;;;;;X;;;
066107810;066-1078-10;NAV RECEIVER;;REPAIR;;DNR;X;;;;;;;;;;;;;;;;;;;;;;;;;;;;;;;;;;;;;;;;;;;;;;;;;;;;;;;;;;;;;;;;;;;;X;;X;;;;;;;;;;;;;;;;;;;;;;;;;X;;;
066500000108;066-50000-0108;TCAS PROCESSOR TPA-81A;;REPAIR;;;X;X;;X;X;;;;;;;;;;;;;;;;;;;;;;;X;;;X;;;;;;;;;;;;;;;;;;;;;;;;;;;;;;;;;;;;;;;;;;;;;;;;;;;;;;;;;;;;;;;;;X;;;
066500000208;066-50000-0208;TCAS PROCESSOR TPA-81A;;REPAIR;;;X;X;;X;X;;;;;;;;;;;;;;;;;;;;;;;X;;;X;;;;;;;;;;;;;;;;;;;;;;;;;;;;;;;;;;;;;;;;;;;;;;;;;;;;;;;;;;;;;;;;;X;;;
066500000308;066-50000-0308;TCAS PROCESSOR TPA-81A;;REPAIR;;;X;X;;X;X;;;;;;;;;;;;;;;;;;;;;;;X;;;X;;;;;;;;;;;;;;;;;;;;;;;;;;;;;;;;;;;;;;;;;;;;;;;;;;;;;;;;;;;;;;;;;X;;;
066500000408;066-50000-0408;TCAS PROCESSOR TPA-81A;;REPAIR;;;X;X;;X;X;;;;;;;;;;;;;;;;;;;;;;;X;;;X;;;;;;;;;;;;;;;;;;;;;;;;;;;;;;;;;;;;;;;;;;;;;;;;;;;;;;;;;;;;;;;;;X;;;
066500000508;066-50000-0508;TCAS PROCESSOR TPA-81A;;REPAIR;;;X;X;;X;X;;;;;;;;;;;;;;;;;;;;;;;X;;;X;;;;;;;;;;;;;;;;;;;;;;;;;;;;;;;;;;;;;;;;;;;;;;;;;;;;;;;;;;;;;;;;;X;;;
066500000608;066-50000-0608;TCAS PROCESSOR TPA-81A;;REPAIR;;;X;X;;X;X;;;;;;;;;;;;;;;;;;;;;;;X;;;X;;;;;;;;;;;;;;;;;;;;;;;;;;;;;;;;;;;;;;;;;;;;;;;;;;;;;;;;;;;;;;;;;X;;;
066500000708;066-50000-0708;TCAS PROCESSOR TPA-81A;;REPAIR;;;X;X;;X;X;;;;;;;;;;;;;;;;;;;;;;;X;;;X;;;;;;;;;;;;;;;;;;;;;;;;;;;;;;;;;;;;;;;;;;;;;;;;;;;;;;;;;;;;;;;;;X;;;
066500000808;066-50000-0808;TCAS PROCESSOR TPA-81A;;REPAIR;;;X;X;;X;X;;;;;;;;;;;;;;;;;;;;;;;X;;;X;;;;;;;;;;;;;;;;;;;;;;;;;;;;;;;;;;;;;;;;;;;;;;;;;;;;;;;;;;;;;;;;;X;;;
066500001108;066-50000-1108;TCAS PROCESSOR TPA-81A;;REPAIR;;;X;X;;X;X;;;;;;;;;;;;;;;;;;;;;;;X;;;X;;;;;;;;;;;;;;;;;;;;;;;;;;;;;;;;;;;;;;;;;;;;;;;;;;;;;;;;;;;;;;;;;X;;;
066500001208;066-50000-1208;TCAS PROCESSOR TPA-81A;;REPAIR;;;X;X;;X;X;;;;;;;;;;;;;;;;;;;;;;;X;;;X;;;;;;;;;;;;;;;;;;;;;;;;;;;;;;;;;;;;;;;;;;;;;;;;;;;;;;;;;;;;;;;;;X;;;
066500001408;066-50000-1408;TCAS PROCESSOR TPA-81A;;REPAIR;;;X;X;;X;X;;;;;;;;;;;;;;;;;;;;;;;X;;;X;;;;;;;;;;;;;;;;;;;;;;;;;;;;;;;;;;;;;;;;;;;;;;;;;;;;;;;;;;;;;;;;;X;;;
066500001508;066-50000-1508;TCAS PROCESSOR TPA-81A;;REPAIR;;;X;X;;X;X;;;;;;;;;;;;;;;;;;;;;;;X;;;X;;;;;;;;;;;;;;;;;;;;;;;;;;;;;;;;;;;;;;;;;;;;;;;;;;;;;;;;;;;;;;;;;X;;;
066500001608;066-50000-1608;TCAS PROCESSOR TPA-81A;;REPAIR;;;X;X;;X;X;;;;;;;;;;;;;;;;;;;;;;;X;;;X;;;;;;;;;;;;;;;;;;;;;;;;;;;;;;;;;;;;;;;;;;;;;;;;;;;;;;;;;;;;;;;;;X;;;
066500001708;066-50000-1708;TCAS PROCESSOR TPA-81A;;REPAIR;;;X;X;;X;X;;;;;;;;;;;;;;;;;;;;;;;X;;;X;;;;;;;;;;;;;;;;;;;;;;;;;;;;;;;;;;;;;;;;;;;;;;;;;;;;;;;;;;;;;;;;;X;;;
066500002120;066-50000-2120;TCAS PROCESSOR TPA-81A;;REPAIR;;;X;X;;X;X;;;;;;;;;;;;;;;;;;;;;;;X;;;X;;;;;;;;;;;;;;;;;;;;;;;;;;;;;;;;;;;;;;;;;;;;;;;;;;;;;;;;;;;;;;;;;X;;;
066500002121;066-50000-2121;TCAS PROCESSOR TPA-81A;;REPAIR;;;X;X;;X;X;;;;;;;;;;;;;;;;;;;;;;;X;;;X;;;;;;;;;;;;;;;;;;;;;;;;;;;;;;;;;;;;;;;;;;;;;;;;;;;;;;;;;;;;;;;;;X;;;
066500002220;066-50000-2220;TCAS PROCESSOR TPA-81A;;REPAIR;;;X;X;;X;X;;;;;;;;;;;;;;;;;;;;;;;X;;;X;;;;;;;;;;;;;;;;;;;;;;;;;;;;;;;;;;;;;;;;;;;;;;;;;;;;;;;;;;;;;;;;;X;;;
066500002221;066-50000-2221;TCAS PROCESSOR TPA-81A;;REPAIR;;;X;X;;X;X;;;;;;;;;;;;;;;;;;;;;;;X;;;X;;;;;;;;;;;;;;;;;;;;;;;;;;;;;;;;;;;;;;;;;;;;;;;;;;;;;;;;;;;;;;;;;X;;;
066500002320;066-50000-2320;TCAS PROCESSOR TPA-81A;;REPAIR;;;X;X;;X;X;;;;;;;;;;;;;;;;;;;;;;;X;;;X;;;;;;;;;;;;;;;;;;;;;;;;;;;;;;;;;;;;;;;;;;;;;;;;;;;;;;;;;;;;;;;;;X;;;
06DB06TYP889;06DB06-TYP889;INDICATOR PRESSURE TRIPLE;;REPAIR;;;X;X;;X;;;;;;;;;;;;;;;;;;;;;;;;;;;;;;;;;;;;X;X;;;;;;;;;;;;;;;;;;;;;;;;;;;;;;;;;;;;;;;;;;;;;;;;;;;;;;;X;;;
071119209;071-1192-09;CTLBOX;;REPAIR;;DNR;X;X;;X;;;;;;;;;;;;;;;;;;;;;;;;;;;;;;;;;;;;X;X;;;;;;;;;;;;;;;;;;;;;;;;;;;;;;;;;;;;;;;;;;;;;;;;;;;;;;;X;;;
071119214;071-1192-14;XPDR CONTROL;;REPAIR;;DNR;X;X;;X;;;;;;;;;;;;;;;;;;;;;;;;;;;;;;;;;;;;X;X;;;;;;;;;;;;;;;;;;;;;;;;;;;;;;;;;;;;;;;;;;;;;;;;;;;;;;;X;;;
071121008;071-1210-08;ADF CONTROL UNIT;;REPAIR;;DNR;X;X;;X;;;;;;;;;;;;;;;;;;;;;;;;;;;;;;;;;;;;;;;;;;;;;;;;;;;;;;;;;;;X;;;;;;;;;;;;;;;;;;;X;;;;;;;;;;;;;;X;;;
071121534;071-1215-34;VHF COMM CONTROL;;REPAIR;;DNR;X;X;;X;;;;;;;;;;;;;;;;;;;;;;;;;;;;;;;;;;;;X;;;;X;;;;;;;;;;;;;;;;;;;;;;;;;;;;;;;;;;;;;;;;;;;;;;;;;;;;X;;;
071121564;071-1215-64;VERY HIGH FREQUENCY CONTROL;;REPAIR;;DNR;X;X;;X;;;;;;;;;;;;;;;;;;;;;;;;;;;;;;;;;;;;X;X;;;;;;;;;;;;;;;;;;;;;;;;;;;;;;;;;;;;;;;;;;;;;;;;;;;;;;;X;;;
071121620;071-1216-20;NAV CONTROL;;REPAIR;;DNR;X;X;;;;;;;;;;;;;;;;;;;;;;;;;;;;;;;;;;;;;;;;;;;;;;;;;;;;;;;;;;;;;;;;;;;;;;;;;;;;;;;;X;;;;;;;;;;;;;;X;;;
08133201102;081332-01102;ACCUMULATOR, HYDRAULIC;OVERHAUL;;;BOD;X;X;X;X;X;;;X;;;X;;;;;X;; ;;;;;;;;; ;;;;;;;;;;;;;;;;;;;;;;;;;;;;;;;;;;;;;;;;;;;;;;;;;;;;;;;;;;;;;;;;;;;;X;;;;
08153701102;081537-01102;ACCUMULATOR, HYDRAULIC;OVERHAUL;;;BOD;X;X;X;X;X;;;X;;;X;;;;;X;; ;;;;;;;;; ;;;;;;;;;;;;;;;;;;;;;;;;;;;;;;;;;;;;;;;;;;;;;;;;;;;;;;;;;;;;;;;;;;;;X;;;;
08233901102;082339-01102;ACCUMULATOR, HYDRAULIC;OVERHAUL;;;BOD;X;X;X;X;X;;;;;;X;;;X;;;; ;;;;;;;;; ;;;;;;;;;;;;;;;;;;;;;;;;;;;;;;;;;;;;;;;;;;;;;;;;;;;;;;;;;;;;;;;;;;;;X;;;;
08250301102;082503-01102;ACCUMULATOR, HYDRAULIC;OVERHAUL;;;BOD;X;X;X;X;X;;;;;;X;;;;;;; ;;;;;;;;; ;;;;;;;;;;;;;;;;;;;;;;;;;;;;;;;;;;;;;;;;;;;;;;;;;;;;;;;;;;;;;;;;;;;;X;;;;
08324801102;083248-01102;HYDRAULIC ACCUMULATOR;BENCH TEST;;;;X;X;X;X;X;;;;;;;;;;;;;;;;;;;;;;;;;;;;;;;;;;;;;;;;;;;;;;;;X;;;;;X;;;;;;;;;;;;;;;;;;;;;;;;;;;;;;;;;;;;;X;;;;
08426001102;084260-01102;ACCUMULATOR, HYDRAULIC;OVERHAUL;;;;X;X;X;X;X;;;;;;X;;;;;;;;;;;;;;;;;;;;;;;;;;;;;;;;;;;;;;;;;;;;;;;;;;;;;;;;;;;;;;;;;;;;;;;;;;;;;;;;;;;;X;;;;
0851HL;0851HL;PITOT TUBE;;REPAIR;;;X;X;;X;;;;;;;;;;;;;;X;;;;;;;;;X;;;;;;;;;;;;;;;;;;;;;;;;;;;;;;;;;;;;;;;;;;;;;;;;;;;;;;;;;;;;;;;;;;;;;X;;;
08522504645;085225-04645;ACCUMULATOR;OVERHAUL;;;BOD;X;X;X;X;X;;;X;;;;;;;;;;X;;;;X;X;X;X;X;X;;;;;;;;;;;;;;;;;;;;;;;;;;;;;;;;;;;;;;;;;;;;;;;;;;;;;;;;;;;;;;;;;;;;X;;;;
08587804645;085878-04645;ACCUMULATOR;OVERHAUL;;;BOD;X;X;X;X;X;;;X;;;;;;;;;;X;;;;X;X;X;X;X;X;;;;;;;;;;;;;;;;;;;;;;;;;;;;;;;;;;;;;;;;;;;;;;;;;;;;;;;;;;;;;;;;;;;;X;;;;
08633904645;086339-04645;Accumulator TAHV1-209;OVERHAUL;;;BOD;X;X;X;X;X;;;X;;;;;;;;;;X;;;;;;;;X;X;;;;;;;;;;;;;;;;;;;;;;;;;;;;;;;;;;;;;;;;;;;;;;;;;;;;;;;;;;;;;;;;;;;;X;;;;
08800301103;088003-01103;HYDRAULIC ACCUMULATOR (OLAER);OVERHAUL;;;BOD;X;X;X;X;X;;;X;;;X;;;;;;; ;;;;;;;;; ;;;;;;;;;;;;;;;;;;;;;;;;;;;;;;;;;;;;;;;;;;;;;;;;;;;;;;;;;;;;;;;;;;;;X;;;;
08825604644;088256-04644;ACCUMULATOR;OVERHAUL;;;BOD;X;X;X;X;X;;;X;;;;;;;;;;X;;;;X;X;X;X;X;X;;;;;;;;;;;;;;;;;;;;;;;;;;;;;;;;;;;;;;;;;;;;;;;;;;;;;;;;;;;;;;;;;;;;X;;;;
08825904644;088259-04644;Accumulator TAHV1-209;OVERHAUL;;;BOD;X;X;X;X;X;;;X;;;;;;;;;;X;;;;;;;;X;X;;;;;;;;;;;;;;;;;;;;;;;;;;;;;;;;;;;;;;;;;;;;;;;;;;;;;;;;;;;;;;;;;;;;X;;;;
08H01C1B160000;08H01C1B1600-00;DOOR ASSEMBLY - CMT-KEYBOARD-CAR;REPAIR;;;;X;X;X;X;X;;;;;;;;;;;;;X;;;;;;;;X;;;;;;;;;;;;;;;;;;;;;;;;;;;;;;;;;;;;;;;;;;;;;;;;;;;;;;;;;;;;;;;;;;;;;X;;;X;
08H01C1B200000;08H01C1B2000-00;DOOR ASSEMBLY - CMT-KEYBOARD-CAR;REPAIR;;;;X;X;X;X;X;;;;;;;;;;;;;X;;;;;;;;X;;;;;;;;;;;;;;;;;;;;;;;;;;;;;;;;;;;;;;;;;;;;;;;;;;;;;;;;;;;;;;;;;;;;;X;;;X;
094B000001;094B0000-01;KRUEGER ACTUATOR;OVERHAUL;;;;X;X;X;X;X;;;;;;;;;;;;;X;X;X;X;;;;;;;;;;;;;;;;;;;;;;;;;;;;;;;;;;;;;;;;;;;;;;;;;;;;;;;;;;;;;;;;;;;;;;;;;;X;;;;
100021103;100-0211-03;BATTERY CHARGER;;REPAIR;;;X;X;;X;;;;;;;;;;;;;;;;;;;;;;;;;;;;;;;;;;;;;;;;;;;;;;;;;;;;;;;;;;;;;;;;;X;;;;X;;;;;;;;;;;;;;;;;;;;;;;X;;;
10003366;10003366;02 CYLINDER;;REPAIR;;;X;;;;;;;;;;;;;;;;;;;;;;;;;;;;;;;;;;;;;;;;;;;;;;;;;;;;;;;;;;;;;;;;;;;;;;;;;;;;;;;;;X;;;;;;;;;;;;;;X;;;
10003367;10003367;02 CYLINDER - ACIER;;OVERHAUL;;;X;X;;;;;;;;;;;;;;;;;;;;;;;;;;;;;;;;;;;;;;;;;;;;;;;;;;;;;;;;;;;;;;;;;;;;;;;;;;;;;;;;X;;;;;;;;;;;;;;X;;;
10005511;10-0055-11;EMERGENCY LIGHT;;REPAIR;;;X;X;;;;;;;;X;;;;;;;;;;;;;;;;;;;;;;;;;;;;;;;;;;;;;;;;;;;;;;;;;;;;;;;;;;;;;;;;;X;X;;;;;;X;;;;;;;;;;;;;;X;;;
10006491;1000649-1;PRESSION;;REPAIR;;;X;X;;X;;;;;;;;;;;;;;;;;;;;;;;;;;;;;;;;;;;;;;;;;;X;;;;X;X;;;;;;;;;;;;;;;;;;;;;;;;;;;;;;;;;;;;;;;;;;;;;X;;;
10006492;1000649-2;PRESSION;;REPAIR;;;X;X;;X;;;;;;;;;;;;;;;;;;;;;;;;;;;;;;;;;;;;;;;;;;X;;;;X;X;;;;;;;;;;;;;;;;;;;;;;;;;;;;;;;;;;;;;;;;;;;;;X;;;
10051911;10-0519-11;EMERGENCY LIGHT ASSEMBLY;REPAIR;;;;X;X;X;X;X;;;;;;;;;;;;;X;X;;;;;;;;;;;;;;;;;;;;;;;;;;;;;;;;;;;;;;;;;;;;;;;;;;;;;;;;;;;;;;;;;;;;;;;;;;;;X;;;;
1007204;10072-04;INDICATOR, FUEL QTY;REPAIR;;;;X;X;X;X;X;;;;;;;;;;;;;X;;;;;;;;X;X;;;;;;;;;;;;;;;;;;;;;;;;;;;;;;;;;;;;;;;;;;;;;;;;;;;;;;;;;;;;;;;;;;;;X;;;;
10096501;1009650-1;SOLENOIDE OPERATED HYDRAULIC;OVERHAUL;;;;X;;;;;;;;;X;;;;;;;;;;;;;;;;;;X;;;;;;;;;;;X;;;;;;;;;;;;;;;;;;;;;;;;;;;;;;;;;;;;;;;;;;;;;;;;;;;;;;;;X;;;;
10100403;101004-03;LATCHING SOLENOID VALVE;OVERHAUL;;;;X;X;X;X;X;;;;;;;;;;;;;X;X;X;X;;;;;;;;;;;;;;;;;;;;;;;;;;;;;;;;;;;;;;;;;;;;;;;;;;;;;;;;;;;;;;;;;;;;;;;;;;X;;;;
10100A15A;10100A15A;OXYGEN MASK ASSEMBLY;OVERHAUL;;;;X;X;X;X;X;;;;;;;;;;;;;;;;;;;;;;;;;;;;;;;;;;;;;;;;;;;;;;;;;;;;;;;;;;;;;;;;;;;;;;;;;;;;;X;;;;;;;;;;;;;X;;;;
10100A15B;10100A15B;OXYGEN MASK ASSEMBLY;OVERHAUL;;;;X;X;X;X;X;;;;;;;;;;;;;;;;;;;;;;;;;;;;;;;;;;;;;;;;;;;;;;;;;;;;;;;;;;;;;;;;;;;;;;;;;;;;;X;;;;;;;;;;;;;X;;;;
10100A1A;10100A1A;OXYGEN MASK ASSEMBLY;OVERHAUL;;;;X;X;X;X;X;;;;;;;;;;;;;;;;;;;;;;;;;;;;;;;;;;;;;;;;;;;;;;;;;;;;;;;;;;;;;;;;;;;;;;;;;;;;;X;;;;;;;;;;;;;X;;;;
10100A1B;10100A1B;OXYGEN MASK ASSEMBLY;OVERHAUL;;;;X;X;X;X;X;;;;;;;;;;;;;;;;;;;;;;;;;;;;;;;;;;;;;;;;;;;;;;;;;;;;;;;;;;;;;;;;;;;;;;;;;;;;;X;;;;;;;;;;;;;X;;;;
10100A1F;10100A1F;OXYGEN MASK ASSEMBLY;OVERHAUL;;;;X;X;X;X;X;;;;;;;;;;;;;;;;;;;;;;;;;;;;;;;;;;;;;;;;;;;;;;;;;;;;;;;;;;;;;;;;;;;;;;;;;;;;;X;;;;;;;;;;;;;X;;;;
10100A2A;10100A2A;OXYGEN MASK ASSEMBLY;OVERHAUL;;;;X;X;X;X;X;;;;;;;;;;;;;;;;;;;;;;;;;;;;;;;;;;;;;;;;;;;;;;;;;;;;;;;;;;;;;;;;;;;;;;;;;;;;;X;;;;;;;;;;;;;X;;;;
10100A2B;10100A2B;OXYGEN MASK ASSEMBLY;OVERHAUL;;;;X;X;X;X;X;;;;;;;;;;;;;;;;;;;;;;;;;;;;;;;;;;;;;;;;;;;;;;;;;;;;;;;;;;;;;;;;;;;;;;;;;;;;;X;;;;;;;;;;;;;X;;;;
10100A2F;10100A2F;OXYGEN MASK ASSEMBLY;OVERHAUL;;;;X;X;X;X;X;;;;;;;;;;;;;;;;;;;;;;;;;;;;;;;;;;;;;;;;;;;;;;;;;;;;;;;;;;;;;;;;;;;;;;;;;;;;;X;;;;;;;;;;;;;X;;;;
10100A3A;10100A3A;OXYGEN MASK ASSEMBLY;OVERHAUL;;;;X;X;X;X;X;;;;;;;;;;;;;;;;;;;;;;;;;;;;;;;;;;;;;;;;;;;;;;;;;;;;;;;;;;;;;;;;;;;;;;;;;;;;;X;;;;;;;;;;;;;X;;;;
10100A3B;10100A3B;OXYGEN MASK ASSEMBLY;OVERHAUL;;;;X;X;X;X;X;;;;;;;;;;;;;;;;;;;;;;;;;;;;;;;;;;;;;;;;;;;;;;;;;;;;;;;;;;;;;;;;;;;;;;;;;;;;;X;;;;;;;;;;;;;X;;;;
10100A6A;10100A6A;OXYGEN MASK ASSEMBLY;OVERHAUL;;;;X;X;X;X;X;;;;;;;;;;;;;;;;;;;;;;;;;;;;;;;;;;;;;;;;;;;;;;;;;;;;;;;;;;;;;;;;;;;;;;;;;;;;;X;;;;;;;;;;;;;X;;;;
10100A6B;10100A6B;OXYGEN MASK ASSEMBLY;OVERHAUL;;;;X;X;X;X;X;;;;;;;;;;;;;;;;;;;;;;;;;;;;;;;;;;;;;;;;;;;;;;;;;;;;;;;;;;;;;;;;;;;;;;;;;;;;;X;;;;;;;;;;;;;X;;;;
10100B15B;10100B15B;OXYGEN MASK ASSEMBLY;OVERHAUL;;;;X;X;X;X;X;;;;;;;;;;;;;;;;;;;;;;;;;;;;;;;;;;;;;;;;;;;;;;;;;;;;;;;;;;;;;;;;;;;;;;;;;;;;;X;;;;;;;;;;;;;X;;;;
10100B15B1;10100B15B1;OXYGEN MASK ASSEMBLY;OVERHAUL;;;;X;X;X;X;X;;;;;;;;;;;;;;;;;;;;;;;;;;;;;;;;;;;;;;;;;;;;;;;;;;;;;;;;;;;;;;;;;;;;;;;;;;;;;X;;;;;;;;;;;;;X;;;;
10100B15B13;10100B15B13;OXYGEN MASK ASSEMBLY;OVERHAUL;;;;X;X;X;X;X;;;;;;;;;;;;;;;;;;;;;;;;;;;;;;;;;;;;;;;;;;;;;;;;;;;;;;;;;;;;;;;;;;;;;;;;;;;;;X;;;;;;;;;;;;;X;;;;
10100B1A1;10100B1A1;OXYGEN MASK ASSEMBLY;OVERHAUL;;;;X;X;X;X;X;;;;;;;;;;;;;;;;;;;;;;;;;;;;;;;;;;;;;;;;;;;;;;;;;;;;;;;;;;;;;;;;;;;;;;;;;;;;;X;;;;;;;;;;;;;X;;;;
10100B1B;10100B1B;OXYGEN MASK ASSEMBLY;OVERHAUL;;;;X;X;X;X;X;;;;;;;;;;;;;;;;;;;;;;;;;;;;;;;;;;;;;;;;;;;;;;;;;;;;;;;;;;;;;;;;;;;;;;;;;;;;;X;;;;;;;;;;;;;X;;;;
10100B1B1;10100B1B1;OXYGEN MASK ASSEMBLY;OVERHAUL;;;;X;X;X;X;X;;;;;;;;;;;;;;;;;;;;;;;;;;;;;;;;;;;;;;;;;;;;;;;;;;;;;;;;;;;;;;;;;;;;;;;;;;;;;X;;;;;;;;;;;;;X;;;;
10100B1B14;10100B1B14;OXYGEN MASK ASSEMBLY;OVERHAUL;;;;X;X;X;X;X;;;;;X;;;;;;;;;;;;;;;;;;;;;;;;;;;;;;;;;;;;;;;;;;;;;;;;;;;;;;;;;;;;;;;;;;;;;;;;X;;;;;;;;;;;;;X;;;;
10100B1F1;10100B1F1;OXYGEN MASK ASSEMBLY;OVERHAUL;;;;X;X;X;X;X;;;;;;;;;;;;;;;;;;;;;;;;;;;;;;;;;;;;;;;;;;;;;;;;;;;;;;;;;;;;;;;;;;;;;;;;;;;;;X;;;;;;;;;;;;;X;;;;
10100B2F;10100B2F;OXYGEN MASK ASSEMBLY;OVERHAUL;;;;X;X;X;X;X;;;;;;;;;;;;;;;;;;;;;;;;;;;;;;;;;;;;;;;;;;;;;;;;;;;;;;;;;;;;;;;;;;;;;;;;;;;;;X;;;;;;;;;;;;;X;;;;
10100B3A1;10100B3A1;OXYGEN MASK ASSEMBLY;OVERHAUL;;;;X;X;X;X;X;;;;;;;;;;;;;;;;;;;;;;;;;;;;;;;;;;;;;;;;;;;;;;;;;;;;;;;;;;;;;;;;;;;;;;;;;;;;;X;;;;;;;;;;;;;X;;;;
10100B3B5;10100B3B5;OXYGEN MASK ASSEMBLY;OVERHAUL;;;;X;X;X;X;X;;;;;;;;;;;;;;;;;;;;;;;;;;;;;;;;;;;;;;;;;;;;;;;;;;;;;;;;;;;;;;;;;;;;;;;;;;;;;X;;;;;;;;;;;;;X;;;;
10100B3X1;10100B3X1;OXYGEN MASK ASSEMBLY;OVERHAUL;;;;X;X;X;X;X;;;;;;;;;;;;;;;;;;;;;;;;;;;;;;;;;;;;;;;;;;;;;;;;;;;;;;;;;;;;;;;;;;;;;;;;;;;;;X;;;;;;;;;;;;;X;;;;
10100B3X5;10100B3X5;OXYGEN MASK ASSEMBLY;OVERHAUL;;;;X;X;X;X;X;;;;;;;;;;;;;;;;;;;;;;;;;;;;;;;;;;;;;;;;;;;;;;;;;;;;;;;;;;;;;;;;;;;;;;;;;;;;;X;;;;;;;;;;;;;X;;;;
10100B6A1;10100B6A1;OXYGEN MASK ASSEMBLY;OVERHAUL;;;;X;X;X;X;X;;;;;;;;;;;;;;;;;;;;;;;;;;;;;;;;;;;;;;;;;;;;;;;;;;;;;;;;;;;;;;;;;;;;;;;;;;;;;X;;;;;;;;;;;;;X;;;;
10100B6F1;10100B6F1;OXYGEN MASK ASSEMBLY;OVERHAUL;;;;X;X;X;X;X;;;;;;;;;;;;;;;;;;;;;;;;;;;;;;;;;;;;;;;;;;;;;;;;;;;;;;;;;;;;;;;;;;;;;;;;;;;;;X;;;;;;;;;;;;;X;;;;
10100B6X1;10100B6X1;OXYGEN MASK ASSEMBLY;OVERHAUL;;;;X;X;X;X;X;;;;;;;;;;;;;;;;;;;;;;;;;;;;;;;;;;;;;;;;;;;;;;;;;;;;;;;;;;;;;;;;;;;;;;;;;;;;;X;;;;;;;;;;;;;X;;;;
10100C15A;10100C15A;OXYGEN MASK ASSEMBLY;OVERHAUL;;;;X;X;X;X;X;;;;;;;;;;;;;;;;;;;;;;;;;;;;;;;;;;;;;;;;;;;;;;;;;;;;;;;;;;;;;;;;;;;;;;;;;;;;;X;;;;;;;;;;;;;X;;;;
10100C15B;10100C15B;OXYGEN MASK ASSEMBLY;OVERHAUL;;;;X;X;X;X;X;;;;;;;;;;;;;;;;;;;;;;;;;;;;;;;;;;;;;;;;;;;;;;;;;;;;;;;;;;;;;;;;;;;;;;;;;;;;;X;;;;;;;;;;;;;X;;;;
10100C15C;10100C15C;OXYGEN MASK ASSEMBLY;OVERHAUL;;;;X;X;X;X;X;;;;;;;;;;;;;;;;;;;;;;;;;;;;;;;;;;;;;;;;;;;;;;;;;;;;;;;;;;;;;;;;;;;;;;;;;;;;;X;;;;;;;;;;;;;X;;;;
10100C15F;10100C15F;OXYGEN MASK ASSEMBLY;OVERHAUL;;;;X;X;X;X;X;;;;;;;;;;;;;;;;;;;;;;;;;;;;;;;;;;;;;;;;;;;;;;;;;;;;;;;;;;;;;;;;;;;;;;;;;;;;;X;;;;;;;;;;;;;X;;;;
10100C1A;10100C1A;OXYGEN MASK ASSEMBLY;OVERHAUL;;;;X;X;X;X;X;;;;;;;;;;;;;;;;;;;;;;;;;;;;;;;;;;;;;;;;;;;;;;;;;;;;;;;;;;;;;;;;;;;;;;;;;;;;;X;;;;;;;;;;;;;X;;;;
10100C1B;10100C1B;OXYGEN MASK ASSEMBLY;OVERHAUL;;;;X;X;X;X;X;;;;;;;;;;;;;;;;;;;;;;;;;;;;;;;;;;;;;;;;;;;;;;;;;;;;;;;;;;;;;;;;;;;;;;;;;;;;;X;;;;;;;;;;;;;X;;;;
10100C1C;10100C1C;OXYGEN MASK ASSEMBLY;OVERHAUL;;;;X;X;X;X;X;;;;;;;;;;;;;;;;;;;;;;;;;;;;;;;;;;;;;;;;;;;;;;;;;;;;;;;;;;;;;;;;;;;;;;;;;;;;;X;;;;;;;;;;;;;X;;;;
10100C1F;10100C1F;OXYGEN MASK ASSEMBLY;OVERHAUL;;;;X;X;X;X;X;;;;;;;;;;;;;;;;;;;;;;;;;;;;;;;;;;;;;;;;;;;;;;;;;;;;;;;;;;;;;;;;;;;;;;;;;;;;;X;;;;;;;;;;;;;X;;;;
10100C2A;10100C2A;OXYGEN MASK ASSEMBLY;OVERHAUL;;;;X;X;X;X;X;;;;;;;;;;;;;;;;;;;;;;;;;;;;;;;;;;;;;;;;;;;;;;;;;;;;;;;;;;;;;;;;;;;;;;;;;;;;;X;;;;;;;;;;;;;X;;;;
10100C2B;10100C2B;OXYGEN MASK ASSEMBLY;OVERHAUL;;;;X;X;X;X;X;;;;;;;;;;;;;;;;;;;;;;;;;;;;;;;;;;;;;;;;;;;;;;;;;;;;;;;;;;;;;;;;;;;;;;;;;;;;;X;;;;;;;;;;;;;X;;;;
10100C2F;10100C2F;MASK-SMOKE PROTECTION, FULL FACE;OVERHAUL;;;;X;X;X;X;X;;;;;;;;;;;;;;;;;;;;;;;;;;;;;;;;;;;;;;;;;;;;;;;;;;;;;;;;;;;;;;;;;;;;;;;;;;;;;X;;;;;;;;;;;;;X;;;;
10100C3A;10100C3A;OXYGEN MASK ASSEMBLY;OVERHAUL;;;;X;X;X;X;X;;;;;;;;;;;;;;;;;;;;;;;;;;;;;;;;;;;;;;;;;;;;;;;;;;;;;;;;;;;;;;;;;;;;;;;;;;;;;X;;;;;;;;;;;;;X;;;;
10100C3B;10100C3B;OXYGEN MASK ASSEMBLY;OVERHAUL;;;;X;X;X;X;X;;;;;;;;;;;;;;;;;;;;;;;;;;;;;;;;;;;;;;;;;;;;;;;;;;;;;;;;;;;;;;;;;;;;;;;;;;;;;X;;;;;;;;;;;;;X;;;;
10100C6A;10100C6A;OXYGEN MASK ASSEMBLY;OVERHAUL;;;;X;X;X;X;X;;;;;;;;;;;;;;;;;;;;;;;;;;;;;;;;;;;;;;;;;;;;;;;;;;;;;;;;;;;;;;;;;;;;;;;;;;;;;X;;;;;;;;;;;;;X;;;;
10100D2A1;10100D2A1;OXYGEN MASK ASSEMBLY;OVERHAUL;;;;X;X;X;X;X;;;;;;;;;;;;;;;;;;;;;;;;;;;;;;;;;;;;;;;;;;;;;;;;;;;;;;;;;;;;;;;;;;;;;;;;;;;;;X;;;;;;;;;;;;;X;;;;
10100D2F1;10100D2F1;MASK-OXYGEN, FULL FACE;OVERHAUL;;;;X;X;X;X;X;;;;;;;;;;;;;;;;;;;;;;;;;;;;;;;;;;;;;;;;;;;;;;;;;;;;;;;;;;;;;;;;;;;;;;;;;;;;;X;;;;;;;;;;;;;X;;;;
10100D2F13;10100D2F13;OXYGEN MASK ASSEMBLY;OVERHAUL;;;;X;X;X;X;X;;;;;;;;;;;;;;;;;;;;;;;;;;;;;;;;;;;;;;;;;;;;;;;;;;;;;;;;;;;;;;;;;;;;;;;;;;;;;X;;;;;;;;;;;;;X;;;;
10100D3B1;10100D3B1;OXYGEN MASK ASSEMBLY;OVERHAUL;;;;X;X;X;X;X;;;;;;;;;;;;;;;;;;;;;;;;;;;;;;;;;;;;;;;;;;;;;;;;;;;;;;;;;;;;;;;;;;;;;;;;;;;;;X;;;;;;;;;;;;;X;;;;
10100D3B5;10100D3B5;OXYGEN MASK ASSEMBLY;OVERHAUL;;;;X;X;X;X;X;;;;;;;;;;;;;;;;;;;;;;;;;;;;;;;;;;;;;;;;;;;;;;;;;;;;;;;;;;;;;;;;;;;;;;;;;;;;;X;;;;;;;;;;;;;X;;;;
10100D6F;10100D6F;OXYGEN MASK ASSEMBLY;OVERHAUL;;;;X;X;X;X;X;;;;;;;;;;;;;;;;;;;;;;;;;;;;;;;;;;;;;;;;;;;;;;;;;;;;;;;;;;;;;;;;;;;;;;;;;;;;;X;;;;;;;;;;;;;X;;;;
10100D6F1;10100D6F1;OXYGEN MASK ASSEMBLY;OVERHAUL;;;;X;X;X;X;X;;;;;;;;;;;;;;;;;;;;;;;;;;;;;;;;;;;;;;;;;;;;;;;;;;;;;;;;;;;;;;;;;;;;;;;;;;;;;X;;;;;;;;;;;;;X;;;;
10104801000;10-104801-000;ELECTRICAL BOX;REPAIR;;;;X;X;X;X;X;;;;;;;;;;;;;X;;;;;;X;;;;;;;;;;;;;;;;;;;;;;;;;;;;;;;;;;;;;;;;;;;;;;;;;;;;;;;;;;;;;;;;;;;;;;;X;;;;
10111042;1011104-2;SPHERICAL ACCUMULATOR ASSEMBLY;OVERHAUL;;;;X;X;X;X;X;;;;;;;;;;;;;X;X;X;X;;;;;;;;;;;;;;;;;;;;;;;;;;;;;;;;;;;;;;;;;;;;;;;;;;;;;;;;;;;;;;;;;;;;;;;;;;X;;;;
10111046;1011104-6;SPHERICAL ACCUMULATOR ASSEMBLY;OVERHAUL;;;;X;X;X;X;X;;;;;;;;;;;;;X;X;X;X;;;;;;;;;;;;;;;;;;;;;;;;;;;;;;;;;;;;;;;;;;;;;;;;;;;;;;;;;;;;;;;;;;;;;;;;;;X;;;;
1011781;10-1178-1;PASSENGER SERVICE UNIT;;BENCH TEST;;DNR;X;X;;X;;;;;;;;;;;;;;;;;;;;;;;;;;;;;;;;;;;;;;;;;;;;;;;;;;;;;;;;;;;;;;;;;;;;;;;;;;;;;;;;;;;;;;X;X;;;;;X;;;
10117812;10-1178-12;PANEL;;REPAIR;;;X;X;;X;;;;;;;;;;;;;;;;;;;;;;;;;;;;;;;;;;;;;;;;;;;;;;;;;;;;;;;;;;;;;;;;;;;;;;;;;;;;;;;;;;;;;;X;X;;;;;X;;;
10117813;10-1178-13;PANEL;;REPAIR;;DNR;X;X;;X;;;;;;;;;;;;;;;;;;;;;;;;;;;;;;;;;;;;;;;;;;;;;;;;;;;;;;;;;;;;;;;;;;;;;;;;;;;;;;;;;;;;;;X;X;;;;;X;;;
10117823;10-1178-23;P.S.U;;REPAIR;;;X;X;;;;;;;;;;;;;;;;;;;;;;;;;;;;;;;;;;;;;;;;;;;;;;;;;;;;;;;;;;;;;;;;;;;;;;;;;;;;;;;;;;;;;;;;X;X;;;;;X;;;
10117825;10-1178-25;PANEL;;REPAIR;;DNR;X;X;;X;;;;;;;;;;;;;;;;;;;;;;;;;;;;;;;;;;;;;;;;;;;;;;;;;;;;;;;;;;;;;;;;;;;;;;;;;;;;;;;;;;;;;;X;X;;;;;X;;;
10117831;10-1178-31;PSU;;REPAIR;;DNR;X;X;;X;;;;;;;;;;;;;;;;;;;;;;;;;;;;;;;;;;;;;;;;;;;;;;;;;;;;;;;;;;;;;;;;;;;;;;;;;;;;;;;;;;;;;;X;X;;;;;X;;;
10117832;10-1178-32;P.S.U;;REPAIR;;DNR;X;X;;X;;;;;;;;;;;;;;;;;;;;;;;;;;;;;;;;;;;;;;;;;;;;;;;;;;;;;;;;;;;;;;;;;;;;;;;;;;;;;;;;;;;;;;X;X;;;;;X;;;
10117833;10-1178-33;PASSENGER SERVICE UNIT;;REPAIR;;DNR;X;X;;X;;;;;;;;;;;;;;;;;;;;;;;;;;;;;;;;;;;;;;;;;;;;;;;;;;;;;;;;;;;;;;;;;;;;;;;;;;;;;;;;;;;;;;X;X;;;;;X;;;
10117834;10-1178-34;UNIT;;REPAIR;;DNR;X;X;;X;;;;;;;;;;;;;;;;;;;;;;;;;;;;;;;;;;;;;;;;;;;;;;;;;;;;;;;;;;;;;;;;;;;;;;;;;;;;;;;;;;;;;;X;X;;;;;X;;;
10117837;10-1178-37;P.S.U;;REPAIR;;DNR;X;X;;X;;;;;;;;;;;;;;;;;;;;;;;;;;;;;;;;;;;;;;;;;;;;;;;;;;;;;;;;;;;;;;;;;;;;;;;;;;;;;;;;;;;;;;X;X;;;;;X;;;
1011784;10-1178-4;PANEL;;REPAIR;;;X;X;;X;;;;;;;;;;;;;;;;;;;;;;;;;;;;;;;;;;;;;;;;;;;;;;;;;;;;;;;;;;;;;;;;;;;;;;;;;;;;;;;;;;;;;;X;X;;;;;X;;;
10117843;10-1178-43;PANEL;;REPAIR;;;X;X;;X;;;;;;;;;;;;;;;;;;;;;;;;;;;;;;;;;;;;;;;;;;;;;;;;;;;;;;;;;;;;;;;;;;;;;;;;;;;;;;;;;;;;;;X;X;;;;;X;;;
10117845;10-1178-45;PANEL;;REPAIR;;;X;X;;X;;;;;;;;;;;;;;;;;;;;;;;;;;;;;;;;;;;;;;;;;;;;;;;;;;;;;;;;;;;;;;;;;;;;;;;;;;;;;;;;;;;;;;X;X;;;;;X;;;
10117847;10-1178-47;PASSENGER SERVICE UNIT;;REPAIR;;DNR;X;X;;X;;;;;;;;;;;;;;;;;;;;;;;;;;;;;;;;;;;;;;;;;;;;;;;;;;;;;;;;;;;;;;;;;;;;;;;;;;;;;;;;;;;;;;X;X;;;;;X;;;
10117849;10-1178-49;PANEL;;REPAIR;;;X;X;;X;;;;;;;;;;;;;;;;;;;;;;;;;;;;;;;;;;;;;;;;;;;;;;;;;;;;;;;;;;;;;;;;;;;;;;;;;;;;;;;;;;;;;;X;X;;;;;X;;;
10117851;10-1178-51;PSU;;REPAIR;;DNR;X;X;;X;;;;;;;;;;;;;;;;;;;;;;;;;;;;;;;;;;;;;;;;;;;;;;;;;;;;;;;;;;;;;;;;;;;;;;;;;;;;;;;;;;;;;;X;X;;;;;X;;;
10117853;10-1178-53;PASSENGER SERVICE UNIT;;REPAIR;;DNR;X;X;;X;;;;;;;;;;;;;;;;;;;;;;;;;;;;;;;;;;;;;;;;;;;;;;;;;;;;;;;;;;;;;;;;;;;;;;;;;;;;;;;;;;;;;;X;X;;;;;X;;;
10117857;10-1178-57;PANEL;;REPAIR;;DNR;X;X;;X;;;;;;;;;;;;;;;;;;;;;;;;;;;;;;;;;;;;;;;;;;;;;;;;;;;;;;;;;;;;;;;;;;;;;;;;;;;;;;;;;;;;;;X;X;;;;;X;;;
10117859;10-1178-59;PASSENGER SERVICE UNIT;;REPAIR;;DNR;X;X;;X;;;;;;;;;;;;;;;;;;;;;;;;;;;;;;;;;;;;;;;;;;;;;;;;;;;;;;;;;;;;;;;;;;;;;;;;;;;;;;;;;;;;;;X;X;;;;;X;;;
10117N01N00;10117N01N00;IND POS STABILO;;REPAIR;;;X;X;;X;;;;;;;;;;;;;;;;;;;;;;;;;;;;;;;;;;;;;;;;;;;;;;;;;;;;;;;;;;;;;;;;;;;;;;;;;;;;;;;;;;;;;;X;X;;;;;X;;;
1013101;10-1310-1;EMERGENCY EXIT SIGN;REPAIR;;;;X;X;X;X;X;;;;;;;;;;;;;;;;;;;;;;;;;;;;;;;;;;;;;;;;;;;;;;;;;;;;;;;;;;;;;;;;;;;;;;;;;;;;;X;;;;;;;;;;;;;X;;;;
10134211;10-1342-11;SPEAKER PANEL ;;REPAIR;;DNR;X;X;;;;;;;;;;;;;;;;;;;;;;;;;;;;;;;;;;;;;;;;;;;;;;;;;;;;;;;;;;;;;;;;;;;;;;;;;;;;;;;;;;;;;;;;X;X;;;;;X;;;
10134221;10-1342-21;SPEAKER PANEL ;;REPAIR;;DNR;X;X;;;;;;;;;;;;;;;;;;;;;;;;;;;;;;;;;;;;;;;;;;;;;;;;;;;;;;;;;;;;;;;;;;;;;;;;;;;;;;;;;;;;;;;;X;X;;;;;X;;;
10134223;10-1342-23;SPEAKER PANEL ;;REPAIR;;DNR;X;X;;;;;;;;;;;;;;;;;;;;;;;;;;;;;;;;;;;;;;;;;;;;;;;;;;;;;;;;;;;;;;;;;;;;;;;;;;;;;;;;;;;;;;;;X;X;;;;;X;;;
10134225;10-1342-25;SPEAKER PANEL ;;REPAIR;;DNR;X;X;;;;;;;;;;;;;;;;;;;;;;;;;;;;;;;;;;;;;;;;;;;;;;;;;;;;;;;;;;;;;;;;;;;;;;;;;;;;;;;;;;;;;;;;X;X;;;;;X;;;
10134227;10-1342-27;SPEAKER PANEL ;;REPAIR;;DNR;X;X;;;;;;;;;;;;;;;;;;;;;;;;;;;;;;;;;;;;;;;;;;;;;;;;;;;;;;;;;;;;;;;;;;;;;;;;;;;;;;;;;;;;;;;;X;X;;;;;X;;;
10138N01M01;10138N01M01;INDICTR ENGINE STANDBY;;REPAIR;;;X;X;;X;;;;;;;;;;;;;;;;;;;;;;;;;;;;;;;;;;;;;;;;;;;;;;;;;;;;;;;;;;;;;;;;;;;;;;;;;;;;;;;;;;;;;;X;X;;;;;X;;;
1017F03;1017F03;AIR STARTER;OVERHAUL;;;;X;;;;;;;;;X;;;;;;;;;;;;;;;;;;X;;;;;;;;;;;X;;;;;;;;;;;;;;;;;;;;;;;;;;;;;;;;;;;;;;;;;;;;;;;;;;;;;;;;X;;;;
10182N02M02;10182N02M02;STANDBY ENGINE INDICATOR;;REPAIR;;;X;X;;X;;;;;;;;;;;;;;;;;;;;;;;;;;;;;;;;;;;;;;;;;;;;;;;;;;;;;;;;;;;;;;;;;;;;;;;;;;;;;;;;;;;;;;X;X;;;;;X;;;
101CZ01Y01;101CZ01Y01;STATIC CONTACTOR;REPAIR;;;;X;X;X;X;X;;;;;;;;;;;;;X;X;;;;;;;;;;;;;;;;;;;;;;;;;;;;;;;;;;;;;;;;;;;;;;;;;;;;;;;;;;;;;;;;;;;;;;;;;;;;X;;;;
10200311;102003-11;GENERATOR CONTROL UNIT;;REPAIR;Repair/Inspection/Modification;;X;X;X;X;X;;;;;;;;;;;;;;;;;;;;;;;;;;;;;;;;;;;X;X;;;;;;;;;;;;;;;;;;;;;;;;;;;;;;;;;;;;;;;;;;;;;;;;;;;;;;;X;X;;
10200311;102-003-11;GENERATOR CONTROL UNIT;;REPAIR;Repair/Inspection/Modification;;X;X;X;X;X;;;;;;;;;;;;;;;;;;;;;;;;;;;;;;;;;;;X;X;;;;;;;;;;;;;;;;;;;;;;;;;;;;;;;;;;;;;;;;;;;;;;;;;;;;;;;X;X;;
10231007;1023100-7;FLUTTER DAMPER;;REPAIR;;;X;X;;X;;;;;;;;;;;;;;;;;;;;;;;;;;;;;;;;;;;;;;;;;;;;;;;;;;;;;;;;;;;;;;;;;X;;;;;;;;;;;;;X;;;;;;;;;;;;;;X;;;
10253821;102538-2-1;CABIN AIR PRESSURE OUTFLOW VALVE CONTROL;OVERHAUL;;;;X;;;;;;;;;;;;;;;;;;;;;;;;;;;;;;;;;;;;;;;;;;;;;;;;;;;;;;;;;;;;;;;;;;;;;;;;;;;;;;;;;X;;X;;;;;;;;;;;X;;;;
10253831;102538-3-1;CABIN AIR PRESSURE OUTFLOW VALVE CONTROL;OVERHAUL;;;;X;;;;;;;;;;;;;;;;;;;;;;;;;;;;;;;;;;;;;;;;;;;;;;;;;;;;;;;;;;;;;;;;;;;;;;;;;;;;;;;;;X;;X;;;;;;;;;;;X;;;;
10277B;10277B;KIT;;REPAIR;;;X;X;;X;;;;;;;;;;;;;;;;;;;;;;;;;;;;;;;;;;;;;;;;;;;;;;;;;;;;;;;;;;;;;;;;;;;;;;;;;;;;;;;;;;;;;;X;X;;;;;X;;;
10300311;103-003-11;HALL EFFECT CURRENT SENSOR;;REPAIR;;;X;X;X;X;X;;;;;;;;;;;;;;;;;;;;;;;;;;;;;;;;;;;X;X;X;X;X;;;;;;;;;;;;;;;;;;;;;;;;;;;;;;;;;;;;;;;;;;;;;;;;;;;;X;;;
1030032;103-003-2;HALL EFFECT CURRENT SENSOR;;REPAIR;;;X;X;X;X;X;;;;;;;;;;;;;;;;;;;;;;;;;;;;;;;;;;;X;X;X;X;X;;;;;;;;;;;;;;;;;;;;;;;;;;;;;;;;;;;;;;;;;;;;;;;;;;;;X;;;
10310461;103104-6-1;CABIN AIR PRESSURE SAFETY VALVES;OVERHAUL;;;;X;;;;;;;;;X;;;;;;;;;;;;;;;;;;X;;;;;;;;;;;X;;;;;;;;;;;;;;;;;;;;;;;;;;;;;;;;;;;;;;;;;;;;;;;;;;;;;;;;X;;;;
103104942;103104-942;CABIN AIR PRESSURE SAFETY VALVES;OVERHAUL;;;;X;;;;;;;;;X;;;;;;;;;;;;;;;;;;X;;;;;;;;;;;X;;;;;;;;;;;;;;;;;;;;;;;;;;;;;;;;;;;;;;;;;;;;;;;;;;;;;;;;X;;;;
1039B251;1039B25-1;FUEL VALVE;;OVERHAUL;;;X;X;;X;;;;;;;;;;;;;;;;;;;;;;;;;;;;;;;;;;;;X;X;;;;;;;;;;;;;;;;;;;;;;;;;;;;;;;;;;;;;;;;;;;;;;;;;;;;;;;X;;;
104273005;104273005;STEERING VALVE;OVERHAUL;;;;X;X;X;X;X;;;;;;;;;;;;;;;;;;;;;;;;;;;;;;;;;;;;;;;;;;;;;;;;;;;;;;;;;;;;;;;;;;;;;;;;;;;;;X;;;;;X;;;;;;;;X;;;;
104273006;104273006;STEERING VALVE;OVERHAUL;;;;X;X;X;X;X;;;;;;;;;;;;;;;;;;;;;;;;;;;;;;;;;;;;;;;;;;;;;;;;;;;;;;;;;;;;;;;;;;;;;;;;;;;;;X;;;;;X;;;;;;;;X;;;;
104273007;104273007;STEERING VALVE;OVERHAUL;;;;X;X;X;X;X;;;;;;;;;;;;;;;;;;;;;;;;;;;;;;;;;;;;;;;;;;;;;;;;;;;;;;;;;;;;;;;;;;;;;;;;;;;;;X;;;;;X;;;;;;;;X;;;;
104273008;104273008;STEERING VALVE;OVERHAUL;;;;X;X;X;X;X;;;;;;;;;;;;;;;;;;;;;;;;;;;;;;;;;;;;;;;;;;;;;;;;;;;;;;;;;;;;;;;;;;;;;;;;;;;;;X;;;;;X;;;;;;;;X;;;;
104624001;104624001;FREE FALL ASSISTER JACK;OVERHAUL;;;;X;X;X;X;X;;;;;;;;;;;;;;;;;;;;;;;;;;;;;;;;;;;;;;;;;;;;;;;;;;;;;;;;;;;;;;;;;;;;;;;;;;;;;X;;;;;X;;;;;;;;X;;;;
104625001;104625001;DOWN LOCK JACK;OVERHAUL;;;;X;X;X;X;X;;;;;;;;;;;;;;;;;;;;;;;;;;;;;;;;;;;;;;;;;;;;;;;;;;;;;;;;;;;;;;;;;;;;;;;;;;;;;X;;;;;X;;;;;;;;X;;;;
104625002;104625002;DOWN LOCK JACK;OVERHAUL;;;;X;X;X;X;X;;;;;;;;;;;;;;;;;;;;;;;;;;;;;;;;;;;;;;;;;;;;;;;;;;;;;;;;;;;;;;;;;;;;;;;;;;;;;X;;;;;X;;;;;;;;X;;;;
104625003;104625003;DOWN LOCK JACK;OVERHAUL;;;;X;X;X;X;X;;;;;;;;;;;;;;;;;;;;;;;;;;;;;;;;;;;;;;;;;;;;;;;;;;;;;;;;;;;;;;;;;;;;;;;;;;;;;X;;;;;X;;;;;;;;X;;;;
104625004;104625004;DOWN LOCK JACK;OVERHAUL;;;;X;X;X;X;X;;;;;;;;;;;;;;;;;;;;;;;;;;;;;;;;;;;;;;;;;;;;;;;;;;;;;;;;;;;;;;;;;;;;;;;;;;;;;X;;;;;X;;;;;;;;X;;;;
104626001;104626001;NOSE LANDING GEAR JACK;OVERHAUL;;;;X;X;X;X;X;;;;;;;;;;;;;;;;;;;;;;;;;;;;;;;;;;;;;;;;;;;;;;;;;;;;;;;;;;;;;;;;;;;;;;;;;;;;;X;;;;;X;;;;;;;;X;;;;
104626002;104626002;NOSE LANDING GEAR JACK;OVERHAUL;;;;X;X;X;X;X;;;;;;;;;;;;;;;;;;;;;;;;;;;;;;;;;;;;;;;;;;;;;;;;;;;;;;;;;;;;;;;;;;;;;;;;;;;;;X;;;;;X;;;;;;;;X;;;;
104627001;104627001;OLEO LOCK JACK;OVERHAUL;;;;X;X;X;X;X;;;;;;;;;;;;;;;;;;;;;;;;;;;;;;;;;;;;;;;;;;;;;;;;;;;;;;;;;;;;;;;;;;;;;;;;;;;;;X;;;;;X;;;;;;;;X;;;;
104627002;104627002;OLEO LOCK JACK;OVERHAUL;;;;X;X;X;X;X;;;;;;;;;;;;;;;;;;;;;;;;;;;;;;;;;;;;;;;;;;;;;;;;;;;;;;;;;;;;;;;;;;;;;;;;;;;;;X;;;;;X;;;;;;;;X;;;;
104627003;104627003;OLEO LOCK JACK;OVERHAUL;;;;X;X;X;X;X;;;;;;;;;;;;;;;;;;;;;;;;;;;;;;;;;;;;;;;;;;;;;;;;;;;;;;;;;;;;;;;;;;;;;;;;;;;;;X;;;;;X;;;;;;;;X;;;;
104628001;104628001;MAIN LANDING GEAR JACK;OVERHAUL;;;;X;X;X;X;X;;;;;;;;;;;;;;;;;;;;;;;;;;;;;;;;;;;;;;;;;;;;;;;;;;;;;;;;;;;;;;;;;;;;;;;;;;;;;X;;;;;X;;;;;;;;X;;;;
104628002;104628002;MAIN LANDING GEAR JACK;OVERHAUL;;;;X;X;X;X;X;;;;;;;;;;;;;;;;;;;;;;;;;;;;;;;;;;;;;;;;;;;;;;;;;;;;;;;;;;;;;;;;;;;;;;;;;;;;;X;;;;;X;;;;;;;;X;;;;
104628003;104628003;MAIN LANDING GEAR JACK;OVERHAUL;;;;X;X;X;X;X;;;;;;;;;;;;;;;;;;;;;;;;;;;;;;;;;;;;;;;;;;;;;;;;;;;;;;;;;;;;;;;;;;;;;;;;;;;;;X;;;;;X;;;;;;;;X;;;;
1046GT2102AY;1046GT2102AY;HEADSET;;REPAIR;;;X;X;;;;;;;;;;;;;;;;;;;;;;;;;;;;;;;;;;;;;;X;X;;;;;;;;;;;;;;;;;;;;;;;;;;;;;;;;;;;;;;;;;;;;;;;;;;;;;;;X;;;
1046GT2102F;1046GT2102F;HEADSET;;REPAIR;;;X;X;;;;;;;;;;;;;;;;;;;;;;;;;;;;;;;;;;;;;;X;X;;;;;;;;;;;;;;;;;;;;;;;;;;;;;;;;;;;;;;;;;;;;;;;;;;;;;;;X;;;
1046GT2102G;1046GT2102G;HEADSET;;REPAIR;;;X;X;;;;;;;;;;;;;;;;;;;;;;;;;;;;;;;;;;;;;;X;X;;;;;;;;;;;;;;;;;;;;;;;;;;;;;;;;;;;;;;;;;;;;;;;;;;;;;;;X;;;
104733001;104733001;SHUT-OFF VALVE;OVERHAUL;;;;X;X;X;X;X;;;;;;;;;;;;;;;;;;;;;;;;;;;;;;;;;;;;;;;;;;;;;;;;;;;;;;;;;;;;;;;;;;;;;;;;;;;;;X;;;;;X;;;;;;;;X;;;;
104733002;104733002;SHUT-OFF VALVE;OVERHAUL;;;;X;X;X;X;X;;;;;;;;;;;;;;;;;;;;;;;;;;;;;;;;;;;;;;;;;;;;;;;;;;;;;;;;;;;;;;;;;;;;;;;;;;;;;X;;;;;X;;;;;;;;X;;;;
104733003;104733003;SHUT-OFF VALVE;OVERHAUL;;;;X;X;X;X;X;;;;;;;;;;;;;;;;;;;;;;;;;;;;;;;;;;;;;;;;;;;;;;;;;;;;;;;;;;;;;;;;;;;;;;;;;;;;;X;;;;;X;;;;;;;;X;;;;
104801002;104801002;COMPENSATOR;OVERHAUL;;;;X;X;X;X;X;;;;;;;;;;;;;;;;;;;;;;;;;;;;;;;;;;;;;;;;;;;;;;;;;;;;;;;;;;;;;;;;;;;;;;;;;;;;;X;;;;;X;;;;;;;;X;;;;
104894;104894;6 INCH ? ELECTRIC MIXING BUTTERFLY VALVE;OVERHAUL;;;;X;;;;;;;;;X;;;;;;;;;;;;;;;;;;X;;;;;;;;;;;X;;;;;;;;;;;;;;;;;;;;;;;;;;;;;;;;;;;;;;;;;;;;;;;;;;;;;;;;X;;;;
1050031;105003-1;BUS POWER CONTROL UNIT;;BENCH TEST;Repair/Inspection/Modification;;X;X;X;X;X;;;;;;;;;;;;;;;;;;;;;;;;;;;;;;;;;;;X;X;;;;;;;;;;;;;;;;;;;;;;;;;;;;;;;;;;;;;;;;;;;;;;;;;;;;;;;X;X;;
1050031;105-003-1;BUS POWER CONTROL UNIT;;REPAIR;Repair/Inspection/Modification;;X;X;X;X;X;;;;;;;;;;;;;;;;;;;;;;;;;;;;;;;;;;;X;X;;;;;;;;;;;;;;;;;;;;;;;;;;;;;;;;;;;;;;;;;;;;;;;;;;;;;;;X;X;;
1050032;105003-2;BUS POWER CONTROL UNIT;;REPAIR;Repair/Inspection/Modification;;X;X;X;X;X;;;;;;;;;;;;;;;;;;;;;;;;;;;;;;;;;;;X;X;;;;;;;;;;;;;;;;;;;;;;;;;;;;;;;;;;;;;;;;;;;;;;;;;;;;;;;X;X;;
1050032;105-003-2;BUS POWER CONTROL UNIT;;REPAIR;Repair/Inspection/Modification;;X;X;X;X;X;;;;;;;;;;;;;;;;;;;;;;;;;;;;;;;;;;;X;X;;;;;;;;;;;;;;;;;;;;;;;;;;;;;;;;;;;;;;;;;;;;;;;;;;;;;;;X;X;;
1050220;1050220;SEAT OBSERVER;;REPAIR;;;X;;;;;;;;;X;;;;;;;;;;;;;;;;;;;;;;;;;;;;;;;;;;;;;;;;;;;X;;;;;X;;;;;;;;;;;;;;;;;;;;;;;;;;;;;;;;;;;;;;X;;;
105205100A;10-5205-100A;FLAP ACTUATOR BOX;;REPAIR;;;X;;;;;;;;;;;;;;;;;;;;;;;;;;;;;;;;;;;;;;;;;;;;;;;;;;;;;;;;;;;;;;;;;;;;;;;;;;;;;;;;;X;;;X;;;;;;;;;;;X;;;
10619091;10-61909-1;EXTINGUISHER TOILETTES;;TEST;;;X;X;;X;;;;;;;;;;;;;;;;;;;;;;;;X;;;X;;;;;;;;;;;;;;;;;;;;;;;;;;;;;;;;;;;;;;;;;;;;;;;;;;;;;;;;;;;;;;;;;X;;;
10619093;10-61909-3;LAVATORY FIRE EXTINGUISHER;;TEST;;;X;X;;X;;;;;;;;;;;;;;;;;;;;;;;;X;;;X;;;;;;;;;;;;;;;;;;;;;;;;;;;;;;;;;;;;;;;;;;;;;;;;;;;;;;;;;;;;;;;;;X;;;
1062A;10-62A;LIGHT-CHARTHOLDER;;REPAIR;;;X;X;X;;X;;;;;;;;;;;;;;;;;;;;;;;;;;;;;;;;;;;X;X;;;;;;;;;;;;;;;;;;;;;;;;;;;;;;;;;;;;;;;;;;;;;;;;;;;;;;;X;;;
106788A144;106788A144;APU FUEL SHUTOFF VALVE ACTUATOR;;OVERHAUL;;;X;X;;X;;;;;;;;;;;;;;;;;;;;;;;;X;;;X;;;;;;;;;;;;;;;;;;;;;;;;;;;;;;;;;;;;;;;;;;;;;;;;;;;;;;;;;;;;;;;;;X;;;
106ZC0562004;106ZC0562004;FAN;;REPAIR;;;X;X;;X;;;;;;;;;;;;;;;;;;;;;;;;;;;;;;;;;;;;X;X;;;;;;;;;;;;;;;;;;;;;;;;;;;;;;;;;;;;;;;;;;;;;;;;;;;;;;;X;;;
10741621;107416-2-1;CONTROL AIR PRESSURE;;OVERHAUL;;DNR;X;X;;;;;;;;;;;;;;;;;;;;;;;;;;;;;;;;;;;;;;;;;;;;;;;;;;;;;;;;;;;;;;;;;;;;;;;;;;;;;;;;;;;;;;;;X;X;;;;;X;;;
1074842;107484-2;HIGH STAGE REGULATOR;OVERHAUL;;;;X;X;X;X;X;;;;;;;;;;;;;;;;;;;;;;;X;;;X;X;;;;X;;;;;;;;;;;;;;;;;;;;;;;;;;;;;;;;;;;;;;;;;;;;;;;;;;;;;;;;;;;X;;;;
1074843;107484-3;HIGH STAGE REGULATOR;OVERHAUL;;;;X;X;X;X;X;;;;;;;;;;;;;;;;;;;;;;;X;;;X;X;;;;;;;;;;;;;;;;;;;;;;;;;;;;;;;;;;;;;;;;;;;;;;;;;;;;;;;;;;;;;;;X;;;;
1074844;107484-4;HIGH STAGE REGULATOR;OVERHAUL;;;;X;X;X;X;X;;;;;;;;;;;;;;;;;;;;;;;X;;;X;X;;;;X;;;;;;;;;;;;;;;;;;;;;;;;;;;;;;;;;;;;;;;;;;;;;;;;;;;;;;;;;;;X;;;;
1074845;107484-5;HIGH STAGE REGULATOR;OVERHAUL;;;;X;X;X;X;X;;;;;;;;;;;;;;;;;;;;;;;X;;;X;X;;;;X;;;;;;;;;;;;;;;;;;;;;;;;;;;;;;;;;;;;;;;;;;;;;;;;;;;;;;;;;;;X;;;;
1074846;107484-6;HIGH STAGE REGULATOR;OVERHAUL;;;;X;X;X;X;X;;;;;;;;;;;;;;;;;;;;;;;X;;;X;X;;;;;;;;;;;;;;;;;;;;;;;;;;;;;;;;;;;;;;;;;;;;;;;;;;;;;;;;;;;;;;;X;;;;
1074847;107484-7;HIGH STAGE REGULATOR;OVERHAUL;;;;X;X;X;X;;;;;;;;;;;;;;;;;;;;;;;;X;;;X;X;;;;;;;;;;;;;;;;;;;;;;;;;;;;;;;;;;;;;;;;;;;;;;;;;;;;;;;;;;;;;;;X;;;;
1074921;107492-1;BLEED AIR REGULATOR;OVERHAUL;;;;X;X;X;X;;;;;;;;;;;;;;;;;;;;;;;;X;;;X;;;;;;;;;;;;;;;;;;;;;;;;;;;;;;;;;;;;;;;;;;;;;;;;;;;;;;;;;;;;;;;;X;;;;
1074922;107492-2;BLEED AIR REGULATOR;OVERHAUL;;;;X;X;X;X;;;;;;;;;;;;;;;;;;;;;;;;X;;;X;;;;;;;;;;;;;;;;;;;;;;;;;;;;;;;;;;;;;;;;;;;;;;;;;;;;;;;;;;;;;;;;X;;;;
1074923;107492-3;BLEED AIR REGULATOR;OVERHAUL;;;;X;X;X;X;;;;;;;;;;;;;;;;;;;;;;;;X;;;X;;;;;;;;;;;;;;;;;;;;;;;;;;;;;;;;;;;;;;;;;;;;;;;;;;;;;;;;;;;;;;;;X;;;;
1074925;107492-5;BLEED AIR REGULATOR;OVERHAUL;;;;X;X;X;X;;;;;;;;;;;;;;;;;;;;;;;;X;;;X;;;;;;;;;;;;;;;;;;;;;;;;;;;;;;;;;;;;;;;;;;;;;;;;;;;;;;;;;;;;;;;;X;;;;
1074926;107492-6;BLEED AIR REGULATOR;OVERHAUL;;;;X;X;X;X;;;;;;;;;;;;;;;;;;;;;;;;X;;;X;;;;;;;;;;;;;;;;;;;;;;;;;;;;;;;;;;;;;;;;;;;;;;;;;;;;;;;;;;;;;;;;X;;;;
107890161;107890-16-1;PNEUMATIC THERMOSTAT;;REPAIR;;DNR;X;X;;X;;;;;;;;;;;;;;;;;;;;;;;;;;;;;;;;;;;;;;;;;;;;;;;;;;;;;;;;;;;;;;;;;;;;;;;;;;;;;;;;;;;;;;X;;;X;;;X;;;
107C80021;107C800-21;MICROPHONE;;REPAIR;;;X;X;;X;;;;;;;;;;;;;;;;;;;;;;;;X;;;;;;;;;;X;;;;;;;;;;;;;;;;;;;;;;;;;;;;;;;;;;;;;;;;;;;;;;;;;;;;;;;;;;X;;;
107C80022;107C800-22;MICROPHONE;;REPAIR;;;X;X;;X;;;;;;;;;;;;;;;;;;;;;;;;;;;;;;;;;;;;;;;;;;;;;;;;;;;;;;;;;;;;;;;;;;;;;;;;;;;;;;X;;;;;;;;;;;;;;X;;;
107C80023;107C800-23;MICROPHONE;;REPAIR;;;X;X;;X;;;;;;;;;;;;;;;;;;;;;;;;;;;;;;;;;;;;;;;;;;;;;;;;;;;;;;;;;;;;;;;;;;;;;;;;;;;;;;X;;;;;;;;;;;;;;X;;;
107C80024;107C800-24;MICROPHONE;;REPAIR;;;X;X;;X;;;;;;;;;;;;;;;;;;;;;;;;;;;;;;;;;;;;;;;;;;;;;;;;;;;;;;;;;;;;;;;;;;;;;;;;;;;;;;X;;;;;;;;;;;;;;X;;;
107C80025;107C800-25;MICROPHONE;;REPAIR;;;X;X;;X;;;;;;;;;;;;;;;;;;;;;;;;;;;;;;;;;;;;;;;;;;;;;;;;;;;;;;;;;;;;;;;;;;;;;;;;;;;;;;X;;;;;;;;;;;;;;X;;;
107C80026;107C800-26;MICROPHONE;;REPAIR;;;X;X;;X;;;;;;;;;;;;;;;;;;;;;;;;;;;;;;;;;;;;;;;;;;;;;;;;;;;;;;;;;;;;;;;;;;;;;;;;;;;;;;X;;;;;;;;;;;;;;X;;;
10800A15A;10800A15A;OXYGEN MASK ASSEMBLY;OVERHAUL;;;;X;X;X;X;X;;;;;;;;;;;;;;;;;;;;;;;;;;;;;;;;;;;;;;;;;;;;;;;;;;;;;;;;;;;;;;;;;;;;;;;;;;;;;X;;;;;;;;;;;;;X;;;;
10800A15B;10800A15B;OXYGEN MASK ASSEMBLY;OVERHAUL;;;;X;X;X;X;X;;;;;;;;;;;;;;;;;;;;;;;;;;;;;;;;;;;;;;;;;;;;;;;;;;;;;;;;;;;;;;;;;;;;;;;;;;;;;X;;;;;;;;;;;;;X;;;;
10800A15F;10800A15F;OXYGEN MASK ASSEMBLY;OVERHAUL;;;;X;X;X;X;X;;;;;;;;;;;;;;;;;;;;;;;;;;;;;;;;;;;;;;;;;;;;;;;;;;;;;;;;;;;;;;;;;;;;;;;;;;;;;X;;;;;;;;;;;;;X;;;;
10800A1A;10800A1A;OXYGEN MASK ASSEMBLY;OVERHAUL;;;;X;X;X;X;X;;;;;;;;;;;;;;;;;;;;;;;;;;;;;;;;;;;;;;;;;;;;;;;;;;;;;;;;;;;;;;;;;;;;;;;;;;;;;X;;;;;;;;;;;;;X;;;;
10800A1B;10800A1B;OXYGEN MASK ASSEMBLY;OVERHAUL;;;;X;X;X;X;X;;;;;;;;;;;;;;;;;;;;;;;;;;;;;;;;;;;;;;;;;;;;;;;;;;;;;;;;;;;;;;;;;;;;;;;;;;;;;X;;;;;;;;;;;;;X;;;;
10800A1F;10800A1F;OXYGEN MASK ASSEMBLY;OVERHAUL;;;;X;X;X;X;X;;;;;;;;;;;;;;;;;;;;;;;;;;;;;;;;;;;;;;;;;;;;;;;;;;;;;;;;;;;;;;;;;;;;;;;;;;;;;X;;;;;;;;;;;;;X;;;;
10800A2B;10800A2B;OXYGEN MASK ASSEMBLY;OVERHAUL;;;;X;X;X;X;X;;;;;;;;;;;;;;;;;;;;;;;;;;;;;;;;;;;;;;;;;;;;;;;;;;;;;;;;;;;;;;;;;;;;;;;;;;;;;X;;;;;;;;;;;;;X;;;;
10800A2F;10800A2F;OXYGEN MASK ASSEMBLY;OVERHAUL;;;;X;X;X;X;X;;;;;;;;;;;;;;;;;;;;;;;;;;;;;;;;;;;;;;;;;;;;;;;;;;;;;;;;;;;;;;;;;;;;;;;;;;;;;X;;;;;;;;;;;;;X;;;;
10800A3A;10800A3A;OXYGEN MASK ASSEMBLY;OVERHAUL;;;;X;X;X;X;X;;;;;;;;;;;;;;;;;;;;;;;;;;;;;;;;;;;;;;;;;;;;;;;;;;;;;;;;;;;;;;;;;;;;;;;;;;;;;X;;;;;;;;;;;;;X;;;;
10800A3F;10800A3F;OXYGEN MASK ASSEMBLY;OVERHAUL;;;;X;X;X;X;X;;;;;;;;;;;;;;;;;;;;;;;;;;;;;;;;;;;;;;;;;;;;;;;;;;;;;;;;;;;;;;;;;;;;;;;;;;;;;X;;;;;;;;;;;;;X;;;;
10800A6F;10800A6F;OXYGEN MASK ASSEMBLY;OVERHAUL;;;;X;X;X;X;X;;;;;;;;;;;;;;;;;;;;;;;;;;;;;;;;;;;;;;;;;;;;;;;;;;;;;;;;;;;;;;;;;;;;;;;;;;;;;X;;;;;;;;;;;;;X;;;;
10800B15A1;10800B15A1;OXYGEN MASK ASSEMBLY;OVERHAUL;;;;X;X;X;X;X;;;;;;;;;;;;;;;;;;;;;;;;;;;;;;;;;;;;;;;;;;;;;;;;;;;;;;;;;;;;;;;;;;;;;;;;;;;;;X;;;;;;;;;;;;;X;;;;
10800B15B1;10800B15B1;OXYGEN MASK ASSEMBLY;OVERHAUL;;;;X;X;X;X;X;;;;;;;;;;;;;;;;;;;;;;;;;;;;;;;;;;;;;;;;;;;;;;;;;;;;;;;;;;;;;;;;;;;;;;;;;;;;;X;;;;;;;;;;;;;X;;;;
10800B1A1;10800B1A1;OXYGEN MASK ASSEMBLY;OVERHAUL;;;;X;X;X;X;X;;;;;;;;;;;;;;;;;;;;;;;;;;;;;;;;;;;;;;;;;;;;;;;;;;;;;;;;;;;;;;;;;;;;;;;;;;;;;X;;;;;;;;;;;;;X;;;;
10800B1B1;10800B1B1;OXYGEN MASK ASSEMBLY;OVERHAUL;;;;X;X;X;X;X;;;;;;;;;;;;;;;;;;;;;;;;;;;;;;;;;;;;;;;;;;;;;;;;;;;;;;;;;;;;;;;;;;;;;;;;;;;;;X;;;;;;;;;;;;;X;;;;
10800B2A1;10800B2A1;OXYGEN MASK ASSEMBLY;OVERHAUL;;;;X;X;X;X;X;;;;;;;;;;;;;;;;;;;;;;;;;;;;;;;;;;;;;;;;;;;;;;;;;;;;;;;;;;;;;;;;;;;;;;;;;;;;;X;;;;;;;;;;;;;X;;;;
10800B2B1;10800B2B1;OXYGEN MASK ASSEMBLY;OVERHAUL;;;;X;X;X;X;X;;;;;;;;;;;;;;;;;;;;;;;;;;;;;;;;;;;;;;;;;;;;;;;;;;;;;;;;;;;;;;;;;;;;;;;;;;;;;X;;;;;;;;;;;;;X;;;;
10800B2F1;10800B2F1;OXYGEN MASK ASSEMBLY;OVERHAUL;;;;X;X;X;X;X;;;;;;;;;;;;;;;;;;;;;;;;;;;;;;;;;;;;;;;;;;;;;;;;;;;;;;;;;;;;;;;;;;;;;;;;;;;;;X;;;;;;;;;;;;;X;;;;
10800B2F11;10800B2F11;OXYGEN MASK ASSEMBLY;OVERHAUL;;;;X;X;X;X;X;;;;;;;;;;;;;;;;;;;;;;;;;;;;;;;;;;;;;;;;;;;;;;;;;;;;;;;;;;;;;;;;;;;;;;;;;;;;;X;;;;;;;;;;;;;X;;;;
10800B3B1;10800B3B1;OXYGEN MASK ASSEMBLY;OVERHAUL;;;;X;X;X;X;X;;;;;;;;;;;;;;;;;;;;;;;;;;;;;;;;;;;;;;;;;;;;;;;;;;;;;;;;;;;;;;;;;;;;;;;;;;;;;X;;;;;;;;;;;;;X;;;;
10800B3F6;10800B3F6;OXYGEN MASK ASSEMBLY;OVERHAUL;;;;X;X;X;X;X;;;;;;;;;;;;;;;;;;;;;;;;;;;;;;;;;;;;;;;;;;;;;;;;;;;;;;;;;;;;;;;;;;;;;;;;;;;;;X;;;;;;;;;;;;;X;;;;
10800B3X1;10800B3X1;OXYGEN MASK ASSEMBLY;OVERHAUL;;;;X;X;X;X;X;;;;;;;;;;;;;;;;;;;;;;;;;;;;;;;;;;;;;;;;;;;;;;;;;;;;;;;;;;;;;;;;;;;;;;;;;;;;;X;;;;;;;;;;;;;X;;;;
10800B6X1;10800B6X1;OXYGEN MASK ASSEMBLY;OVERHAUL;;;;X;X;X;X;X;;;;;;;;;;;;;;;;;;;;;;;;;;;;;;;;;;;;;;;;;;;;;;;;;;;;;;;;;;;;;;;;;;;;;;;;;;;;;X;;;;;;;;;;;;;X;;;;
10800C15A;10800C15A;OXYGEN MASK ASSEMBLY;OVERHAUL;;;;X;X;X;X;X;;;;;;;;;;;;;;;;;;;;;;;;;;;;;;;;;;;;;;;;;;;;;;;;;;;;;;;;;;;;;;;;;;;;;;;;;;;;;X;;;;;;;;;;;;;X;;;;
10800C15F;10800C15F;OXYGEN MASK ASSEMBLY;OVERHAUL;;;;X;X;X;X;X;;;;;;;;;;;;;;;;;;;;;;;;;;;;;;;;;;;;;;;;;;;;;;;;;;;;;;;;;;;;;;;;;;;;;;;;;;;;;X;;;;;;;;;;;;;X;;;;
10800C1A;10800C1A;OXYGEN MASK ASSEMBLY;OVERHAUL;;;;X;X;X;X;X;;;;;;;;;;;;;;;;;;;;;;;;;;;;;;;;;;;;;;;;;;;;;;;;;;;;;;;;;;;;;;;;;;;;;;;;;;;;;X;;;;;;;;;;;;;X;;;;
10800C1F;10800C1F;OXYGEN MASK ASSEMBLY;OVERHAUL;;;;X;X;X;X;X;;;;;;;;;;;;;;;;;;;;;;;;;;;;;;;;;;;;;;;;;;;;;;;;;;;;;;;;;;;;;;;;;;;;;;;;;;;;;X;;;;;;;;;;;;;X;;;;
10800C2A;10800C2A;OXYGEN MASK ASSEMBLY;OVERHAUL;;;;X;X;X;X;X;;;;;;;;;;;;;;;;;;;;;;;;;;;;;;;;;;;;;;;;;;;;;;;;;;;;;;;;;;;;;;;;;;;;;;;;;;;;;X;;;;;;;;;;;;;X;;;;
10800C2F;10800C2F;OXYGEN MASK ASSEMBLY;OVERHAUL;;;;X;X;X;X;X;;;;;;;;;;;;;;;;;;;;;;;;;;;;;;;;;;;;;;;;;;;;;;;;;;;;;;;;;;;;;;;;;;;;;;;;;;;;;X;;;;;;;;;;;;;X;;;;
10800C6F;10800C6F;OXYGEN MASK ASSEMBLY;OVERHAUL;;;;X;X;X;X;X;;;;;;;;;;;;;;;;;;;;;;;;;;;;;;;;;;;;;;;;;;;;;;;;;;;;;;;;;;;;;;;;;;;;;;;;;;;;;X;;;;;;;;;;;;;X;;;;
10800D1B1;10800D1B1;OXYGEN MASK ASSEMBLY;OVERHAUL;;;;X;X;X;X;X;;;;;;;;;;;;;;;;;;;;;;;;;;;;;;;;;;;;;;;;;;;;;;;;;;;;;;;;;;;;;;;;;;;;;;;;;;;;;X;;;;;;;;;;;;;X;;;;
10800D2A;10800D2A;OXYGEN MASK ASSEMBLY;OVERHAUL;;;;X;X;X;X;X;;;;;;;;;;;;;;;;;;;;;;;;;;;;;;;;;;;;;;;;;;;;;;;;;;;;;;;;;;;;;;;;;;;;;;;;;;;;;X;;;;;;;;;;;;;X;;;;
10800D2C1;10800D2C1;OXYGEN MASK ASSEMBLY;OVERHAUL;;;;X;X;X;X;X;;;;;;;;;;;;;;;;;;;;;;;;;;;;;;;;;;;;;;;;;;;;;;;;;;;;;;;;;;;;;;;;;;;;;;;;;;;;;X;;;;;;;;;;;;;X;;;;
10800D2F1;10800D2F1;OXYGEN MASK ASSEMBLY;OVERHAUL;;;;X;X;X;X;X;;;;;;;;;;;;;;;;;;;;;;;;;;;;;;;;;;;;;;;;;;;;;;;;;;;;;;;;;;;;;;;;;;;;;;;;;;;;;X;;;;;;;;;;;;;X;;;;
10800D3A1;10800D3A1;OXYGEN MASK ASSEMBLY;OVERHAUL;;;;X;X;X;X;X;;;;;;;;;;;;;;;;;;;;;;;;;;;;;;;;;;;;;;;;;;;;;;;;;;;;;;;;;;;;;;;;;;;;;;;;;;;;;X;;;;;;;;;;;;;X;;;;
10800D3F1;10800D3F1;OXYGEN MASK ASSEMBLY;OVERHAUL;;;;X;X;X;X;X;;;;;;;;;;;;;;;;;;;;;;;;;;;;;;;;;;;;;;;;;;;;;;;;;;;;;;;;;;;;;;;;;;;;;;;;;;;;;X;;;;;;;;;;;;;X;;;;
10800D6A1;10800D6A1;OXYGEN MASK ASSEMBLY;OVERHAUL;;;;X;X;X;X;X;;;;;;;;;;;;;;;;;;;;;;;;;;;;;;;;;;;;;;;;;;;;;;;;;;;;;;;;;;;;;;;;;;;;;;;;;;;;;X;;;;;;;;;;;;;X;;;;
10800D6B1;10800D6B1;OXYGEN MASK ASSEMBLY;OVERHAUL;;;;X;X;X;X;X;;;;;;;;;;;;;;;;;;;;;;;;;;;;;;;;;;;;;;;;;;;;;;;;;;;;;;;;;;;;;;;;;;;;;;;;;;;;;X;;;;;;;;;;;;;X;;;;
10800D6C1;10800D6C1;OXYGEN MASK ASSEMBLY;OVERHAUL;;;;X;X;X;X;X;;;;;;;;;;;;;;;;;;;;;;;;;;;;;;;;;;;;;;;;;;;;;;;;;;;;;;;;;;;;;;;;;;;;;;;;;;;;;X;;;;;;;;;;;;;X;;;;
10800D6F1;10800D6F1;OXYGEN MASK ASSEMBLY;OVERHAUL;;;;X;X;X;X;X;;;;;;;;;;;;;;;;;;;;;;;;;;;;;;;;;;;;;;;;;;;;;;;;;;;;;;;;;;;;;;;;;;;;;;;;;;;;;X;;;;;;;;;;;;;X;;;;
10800D6F11;10800D6F11;OXYGEN MASK ASSEMBLY;OVERHAUL;;;;X;X;X;X;X;;;;;;;;;;;;;;;;;;;;;;;;;;;;;;;;;;;;;;;;;;;;;;;;;;;;;;;;;;;;;;;;;;;;;;;;;;;;;X;;;;;;;;;;;;;X;;;;
10800D6X1;10800D6X1;OXYGEN MASK ASSEMBLY;OVERHAUL;;;;X;X;X;X;X;;;;;;;;;;;;;;;;;;;;;;;;;;;;;;;;;;;;;;;;;;;;;;;;;;;;;;;;;;;;;;;;;;;;;;;;;;;;;X;;;;;;;;;;;;;X;;;;
108031;10803-1;LIQUID OXYGEN VENT AND BUILD-UP VALVE;OVERHAUL;;;;X;;;;;;;;;X;;;;;;;;;;;;;;;;;;X;;;;;;;;;;;X;;;;;;;;;;;;;;;;;;;;;;;;;;;;;;;;;;;;;;;;;;;;;;;;;;;;;;;;X;;;;
109016101;109016-10-1;UNLOADING AIR SHUTOFF VALVE;OVERHAUL;;;;X;;;;;;;;;X;;;;;;;;;;;;;;;;;;;;;;;;;;;;;;;;;;;;;;;;;;;;;;;;;;;;;;;;;;;;;;;;;;;;;;;;X;;;X;;;;;;;;;;X;;;;
109016111;109016-11-1;UNLOADING AIR SHUTOFF VALVE;OVERHAUL;;;;X;;;;;;;;;X;;;;;;;;;;;;;;;;;;;;;;;;;;;;;;;;;;;;;;;;;;;;;;;;;;;;;;;;;;;;;;;;;;;;;;;;X;;;X;;;;;;;;;;X;;;;
109016121;109016-12-1;UNLOADING AIR SHUTOFF VALVE;OVERHAUL;;;;X;;;;;;;;;X;;;;;;;;;;;;;;;;;;;;;;;;;;;;;;;;;;;;;;;;;;;;;;;;;;;;;;;;;;;;;;;;;;;;;;;;X;;;X;;;;;;;;;;X;;;;
109016131;109016-13-1;UNLOADING AIR SHUTOFF VALVE;OVERHAUL;;;;X;;;;;;;;;X;;;;;;;;;;;;;;;;;;;;;;;;;;;;;;;;;;;;;;;;;;;;;;;;;;;;;;;;;;;;;;;;;;;;;;;;X;;;X;;;;;;;;;;X;;;;
109016141;109016-14-1;UNLOADING AIR SHUTOFF VALVE;OVERHAUL;;;;X;;;;;;;;;X;;;;;;;;;;;;;;;;;;;;;;;;;;;;;;;;;;;;;;;;;;;;;;;;;;;;;;;;;;;;;;;;;;;;;;;;X;;;X;;;;;;;;;;X;;;;
10948611;109486-1-1;4 IN. DIA PNEU SHUTOFF BUTTERFLY VALVE;OVERHAUL;;;;X;X;X;X;X;;;;;;;;;;;;;;;;;;;;;;;X;;;X;;;;;;;;;;;;;;;;;;;;;;;;;;;;;;;;;;;;;;;;;;;;;;;;;;;;;;;;;;;;;;;;X;;;;
10948641;109486-4-1;4 IN. DIA PNEU SHUTOFF BUTTERFLY VALVE;OVERHAUL;;;;X;X;X;X;X;;;;;;;;;;;;;;;;;;;;;;;X;;;X;;;;;;;;;;;;;;;;;;;;;;;;;;;;;;;;;;;;;;;;;;;;;;;;;;;;;;;;;;;;;;;;X;;;;
10948651;109486-5-1;4 IN. DIA PNEU SHUTOFF BUTTERFLY VALVE;OVERHAUL;;;;X;X;X;X;X;;;;;;;;;;;;;;;;;;;;;;;X;;;X;;;;;;;;;;;;;;;;;;;;;;;;;;;;;;;;;;;;;;;;;;;;;;;;;;;;;;;;;;;;;;;;X;;;;
10948661;109486-6-1;4 IN. DIA PNEU SHUTOFF BUTTERFLY VALVE;OVERHAUL;;;;X;X;X;X;X;;;;;;;;;;;;;;;;;;;;;;;X;;;X;;;;;;;;;;;;;;;;;;;;;;;;;;;;;;;;;;;;;;;;;;;;;;;;;;;;;;;;;;;;;;;;X;;;;
1094867;109486-7;4 IN. DIA PNEU SHUTOFF BUTTERFLY VALVE;OVERHAUL;;;;X;X;X;X;X;;;;;;;;;;;;;;;;;;;;;;;X;;;X;;;;;;;;;;;;;;;;;;;;;;;;;;;;;;;;;;;;;;;;;;;;;;;;;;;;;;;;;;;;;;;;X;;;;
1094868;109486-8;4 IN. DIA PNEU SHUTOFF BUTTERFLY VALVE;OVERHAUL;;;;X;X;X;X;X;;;;;;;;;;;;;;;;;;;;;;;X;;;X;;;;;;;;;;;;;;;;;;;;;;;;;;;;;;;;;;;;;;;;;;;;;;;;;;;;;;;;;;;;;;;;X;;;;
1097002;109700-2;4 1/2 IN. DIA FLUID PRESS RGLTR VALVE;OVERHAUL;;;;X;X;X;X;X;;;;;;;;;;;;;X;;;;;;;;;;;;;;;;;;;;;;;;;;;;;;;;;;;;;;;;;;;;;;;;;;;;;;;;;;;;;;;;;;;;;;;;;;;;;X;;;;
1097003;109700-3;4 1/2 IN. DIA FLUID PRESS RGLTR VALVE;OVERHAUL;;;;X;X;X;X;X;;;;;;;;;;;;;X;X;;;;;;;;;;;;;;;;;;;;;;;;;;;;;;;;;;;;;;;;;;;;;;;;;;;;;;;;;;;;;;;;;;;;;;;;;;;;X;;;;
1097004;109700-4;4 1/2 IN. DIA FLUID PRESS RGLTR VALVE;OVERHAUL;;;;X;X;X;X;X;;;;;;;;;;;;;X;;;;;;;;;;;;;;;;;;;;;;;;;;;;;;;;;;;;;;;;;;;;;;;;;;;;;;;;;;;;;;;;;;;;;;;;;;;;;X;;;;
1097006;109700-6;4 1/2 IN. DIA FLUID PRESS RGLTR VALVE;OVERHAUL;;;;X;X;X;X;X;;;;;;;;;;;;;X;X;;;;;;;;;;;;;;;;;;;;;;;;;;;;;;;;;;;;;;;;;;;;;;;;;;;;;;;;;;;;;;;;;;;;;;;;;;;;X;;;;
1097007;109700-7;4 1/2 IN. DIA FLUID PRESS RGLTR VALVE;OVERHAUL;;;;X;X;X;X;X;;;;;;;;;;;;;X;X;;;;;;;;;;;;;;;;;;;;;;;;;;;;;;;;;;;;;;;;;;;;;;;;;;;;;;;;;;;;;;;;;;;;;;;;;;;;X;;;;
10971021;109710-2-1;4 IN. DIA PNEU SHUTOFF BUTTERFLY VALVE;OVERHAUL;;;;X;X;X;X;X;;;;;;;;;;;;;;;;;;;;;;;;;;;;;;;;;;;;;;;;;;;;;;;;;;;;;;;;;;;;;;;;;;;;;;;;;;;;;X;;X;;;;;;;;;;;X;;;;
10981211;109812-11;LOAD VALVE;;OVERHAUL;;DNR;X;X;;X;;;;;;;;;;;;;;;;;;;;;;;;;;;;;;;;;;;;;;;;;;;;;;;;;;;;;;;;;;;;;;;;;;;;;;;;;;;;;;;;;;;;;;X;X;;;;;X;;;
10981211;109812-1-1;LOAD VALVE;;OVERHAUL;;DNR;X;X;;X;;;;;;;;;;;;;;;;;;;;;;;;;;;;;;;;;;;;;;;;;;;;;;;;;;;;;;;;;;;;;;;;;;;;;;;;;;;;;;;;;;;;;;X;X;;;;;X;;;
109812111;109812-11-1;LOAD VALVE;;OVERHAUL;;DNR;X;X;;X;;;;;;;;;;;;;;;;;;;;;;;;;;;;;;;;;;;;;;;;;;;;;;;;;;;;;;;;;;;;;;;;;;;;;;;;;;;;;;;;;;;;;;X;X;;;;;X;;;
10981212;109812-12;LOAD VALVE;;OVERHAUL;;DNR;X;X;;X;;;;;;;;;;;;;;;;;;;;;;;;;;;;;;;;;;;;;;;;;;;;;;;;;;;;;;;;;;;;;;;;;;;;;;;;;;;;;;;;;;;;;;X;X;;;;;X;;;
109812121;109812-12-1;LOAD VALVE;;OVERHAUL;;DNR;X;X;;X;;;;;;;;;;;;;;;;;;;;;;;;;;;;;;;;;;;;;;;;;;;;;;;;;;;;;;;;;;;;;;;;;;;;;;;;;;;;;;;;;;;;;;X;X;;;;;X;;;
10981251;109812-5-1;LOAD VALVE;;OVERHAUL;;DNR;X;X;;X;;;;;;;;;;;;;;;;;;;;;;;;;;;;;;;;;;;;;;;;;;;;;;;;;;;;;;;;;;;;;;;;;;;;;;;;;;;;;;;;;;;;;;X;X;;;;;X;;;
10981261;109812-6-1;LOAD VALVE;;OVERHAUL;;DNR;X;X;;X;;;;;;;;;;;;;;;;;;;;;;;;;;;;;;;;;;;;;;;;;;;;;;;;;;;;;;;;;;;;;;;;;;;;;;;;;;;;;;;;;;;;;;X;X;;;;;X;;;
1098129;109812-9;LOAD VALVE;;OVERHAUL;;DNR;X;X;;X;;;;;;;;;;;;;;;;;;;;;;;;;;;;;;;;;;;;;;;;;;;;;;;;;;;;;;;;;;;;;;;;;;;;;;;;;;;;;;;;;;;;;;X;X;;;;;X;;;
10F10017;10F1001-7;RADOME ASSY;;BENCH TEST;;;X;X;;;;;;;;;;;;;;;;;;;;;;;;;;;;;;;;;;;;;;;;;;;;;;;;;;;;;;;;;;;;;;;;;;;;;;;;;;;;;;;;;;;;;;;;X;X;;;;;X;;X;
110049;11-0049;BATTERY POWER SUPPLY;;OVERHAUL;;;X;X;;X;;;;;;;;;;;;;;;;;;;;;;;;;;;;;;;;;;;;;;;;;;;;;;;;;;;;;;;;;;;;;;;;;X;;;;X;;;;;;;;;;;;;;;;;;;;;;;X;;;
110101;11010-1;HYDRAULIC RELIEF VALVE;OVERHAUL;;;;X;;;;;;;;;X;;;;;;;;;;;;;;;;;;X;;;;;;;;;;;X;;;;;;;;;;;;;;;;;;;;;;;;;;;;;;;;;;;;;;;;;;;;;;;;;;;;;;;;X;;;;
110103;11010-3;HYDRAULIC RELIEF VALVE;OVERHAUL;;;;X;;;;;;;;;X;;;;;;;;;;;;;;;;;;X;;;;;;;;;;;X;;;;;;;;;;;;;;;;;;;;;;;;;;;;;;;;;;;;;;;;;;;;;;;;;;;;;;;;X;;;;
11041SC;1-1041SC;TRANS.;;REPAIR;;;X;X;;;;;;;;;;;;;;;;;;;;;;;;;;;;;;;;;;;;;;;;;;;;;;;;;;;X;;;;X;;;;;;;;;;;;;;;;;;;;;;;;;X;;;;;;;;;;;;;;X;;;
1105031450;110-503-14-50;UNIT FLAP CONTROL;;REPAIR;;;X;;;;;;;;;;;;;;;;;;;;;;;;;;;;;;;;;;;;;;;;;;;;;X;;;X;;;;;;;;;;;;;;;;;;;;;;;;;;;;;;;;;;;;;;;;;;;;;;;X;;;
1105972;11059-72;TIMER;;REPAIR;;;X;X;;X;;;;;;;;;;;;;;;;;;;;;;;;;;;;;;;;;;;;X;X;;;;;;;;;;;;;;;;;;;;;;;;;;;;;;;;;;;;;;;;;;;;;;;;;;;;;;;X;;;
1105974;11059-74;TIMER;;REPAIR;;;X;X;;;;;;;;;;;;;;;;;;;;;;;;;;;;;;;;;;;;;;;;;;;;X;;X;;X;X;;;;;;;;;;;;;;;;;;;;;;;;;;;;;;;;;;;;;;;;;;;;;X;;;
1105P83;1105P83;SWITCH, PRESSURE;BENCH TEST;;;;X;X;X;X;X;;;;;;X;;;;;;;;;;;;;;;;;;;;;;;;;;;;;;;;;;;;;;;;;;;;;;;;;;;;;;;;;;;;;;;;;;;;;;;;;;;;;;;;;;;;X;;;;
1107511076;110-751-10-76;COOLER;;REPAIR;;;X;X;;X;;;;;;X;;;;;;;;;;;;;;;;;;;;;;;;;;;;;;;;;;;;X;;;X;;;;;;;;;;;;;;;;;;;;;;;;;;;;;;;;;;;;;;;;;;;;;;;X;;;
110890300CA;11089-0300CA;SEAT OBSERVER;;REPAIR;;;X;;;;;;;;;X;;;;;;;;;;;;;;;;;;;;;;;;;;;;;;;;;;;;;;;;;;;;;;;;;;;;;;;;;;;;;;;;;X;X;;;;;;;;;;;;;;;;;;;;X;;;
11089815;110-898-15;CONTROL UNIT FLAP PROTECTION;;BENCH TEST;;;X;;;;;;;;;;;;;;;;;;;;;;;;;;;;;;;;;;;;;;;;;;;;;X;;;X;;;;;;;;;;;;;;;;;;;;;;;;;;;;;;;;;;;;;;;;;;;;;;;X;;;
11089815G;110-898-15G;CONTROL UNIT FLAP PROTECTION;;REPAIR;;;X;;;;;;;;;;;;;;;;;;;;;;;;;;;;;;;;;;;;;;;;;;;;;X;;;X;;;;;;;;;;;;;;;;;;;;;;;;;;;;;;;;;;;;;;;;;;;;;;;X;;;
11089817;110-898-17;CONTROL UNIT FLAP PROTECTION;;BENCH TEST;;;X;;;;;;;;;;;;;;;;;;;;;;;;;;;;;;;;;;;;;;;;;;;;;X;;;X;;;;;;;;;;;;;;;;;;;;;;;;;;;;;;;;;;;;;;;;;;;;;;;X;;;
11089834;110-898-34;FLAP CTL BOX;;REPAIR;;;X;;;;;;;;;X;;;;;;;;;;;;;;;;;;;;;;;;;;;;;;;;;;;;X;;;X;;;;;;;;;;;;;;;;;;;;;;;;;;;;;;;;;;;;;;;;;;;;;;;X;;;
11089836;110-898-36;CONTROL UNIT FLAP PROTECTION;;REPAIR;;;X;;;;;;;;;X;;;;;;;;;;;;;;;;;;;;;;;;;;;;;;;;;;;;X;;;X;;;;;;;;;;;;;;;;;;;;;;;;;;;;;;;;;;;;;;;;;;;;;;;X;;;
11089862;110-898-62;FLAP CONTROL BOX;;REPAIR;;;X;;;;;;;;;;;;;;;;;;;;;;;;;;;;;;;;;;;;;;;;;;;;;X;;;X;;;;;;;;;;;;;;;;;;;;;;;;;;;;;;;;;;;;;;;;;;;;;;;X;;;
110DB28;110DB28;VALVE;;OVERHAUL;;;X;X;;X;;;;;;;;;;;;;;;;;;;;;;;;;;;;;;;;;;;;;;;;;;;;;;;;;;;;;;;;;;;;;;;;;;;;;;;;;;;;;;;;;;;;;;X;;;X;;;X;;;
11101B15B14;11101B15B14;OXYGEN MASK ASSEMBLY;OVERHAUL;;;;X;X;X;X;X;;;;;X;;;;;;;;;;;;;;;;;;;;;;;;;;;;;;;;;;;;;;;;;;;;;;;;;;;;;;;;;;;;;;;;;;;;;;;;X;;;;;;;;;;;;;X;;;;
11101B1B14;11101B1B14;OXYGEN MASK ASSEMBLY;OVERHAUL;;;;X;X;X;X;X;;;;;X;;;;;;;;;;;;;;;;;;;;;;;;;;;;;;;;;;;;;;;;;;;;;;;;;;;;;;;;;;;;;;;;;;;;;;;;X;;;;;;;;;;;;;X;;;;
1110638;11-10638;FILTER;REPAIR;;;;X;X;X;X;;;;;;;;;;;;;;;;;;;;;;;;X;;;;;;X;;;;;;;;;;;;;;;;;;;;;;;;;;;;;;;;;;;;;;;;;;;;;;;;;;;;;;;;;;;;;X;;;;
11106ZB;1-1106ZB;PRESSURE TRANSMITTER;;REPAIR;;;X;;;;;;;;;;;;;;;;;;;;;;;;;;;;;;;;;;;;;;;;;;;;;;;;;;;;;;;;;;;;;;;;;;;;;;;;;;;;;;;;;X;;;;;;;;;;;;;;X;;;
11106ZB;1-1106-ZB;PRESSURE TRANSMITTER;;REPAIR;;;X;X;;;;;;;;;;;;;;;;;;;;;;;;;;;;;;;;;;;;;;;;;;;;;;;;;;;;;;;;;;;;;;;;;;;;;;;;;;;;;;;;X;;;;;;;;;;;;;;X;;;
11118ZF;11118-ZF;HIGH PRESSURE TRANSMITTER;;REPAIR;;;X;X;;;;;;;;;;;;;;;;;;;;;;;;;;;;;;;;;;;;;;;;;;;;;;;;;;;X;;;;X;;;;;;;;;;;;;;;;;;;;;;;;;X;;;;;;;;;;;;;;X;;;
11118ZF;1-1118ZF;TRANSMETTEUR,PRESSI;;REPAIR;;;X;X;;X;;;;;;;;;;;;;;;;;;;;;;;;;;;;;;;;;;;;;;;;;;;;;;;;;X;;;;X;;;;;;;;;;;;;;;;;;;;;;;;;X;;;;;;;;;;;;;;X;;;
1114A000;1114A000;REGULATEUR DE PRESS. SECOURS (NORMALAIR);OVERHAUL;;;;X;;;;;;;;;;;;;;;;;;;;;;;;;;;;;;;;;;;;;;;;;;;;;;;;;;;;;;;;;;;;;;;;;;;;;;;;;;;;;;;;;X;;;X;;;;;;;;;;X;;;;
111CC01A02;111CC01A02;CONTACTOR BATTERY CHARGE;;OVERHAUL;;;X;X;;X;;;;;;;;;;;;;;;;;;;;;;;;;;;;;;;;;;;;X;X;;;;;;;;;;;;;;;;;;;;;;;;;;;;;;;;;;;;;;;;;;;;;;;;;;;;;;;X;;;
111CZ01Y01;111CZ01Y01;STATIC CONTACTOR;REPAIR;;;;X;X;X;X;X;;;;;;;;;;;;;X;X;;;;;;;;;;;;;;;;;;;;;;;;;;;;;;;;;;;;;;;;;;;;;;;;;;;;;;;;;;;;;;;;;;;;;;;;;;;;X;;;;
1121306;1-1213-06;SWITCH;;REPAIR;;;X;X;;X;;;;;;;;;;;;;;;;;;;;;;;;;;;;;;;;;;;;;;;;;;;;;;;;;X;;;;X;;;;;;;;;;;;;;;;;;;;;;;;;X;;;;;;;;;;;;;;X;;;
1121311;1-1213-11;PRESSURE SWITCH;;REPAIR;;;X;X;;X;;;;;;;;;;;;;;;;;;;;;;;;;;;;;;;;;;;;;;;;;;;;;;;;;X;;;X;;;;;;;;;;;;;;;;;;;;;;;;;;;;;;;;;;;;;;;;X;;;
1121316;1-1213-16;PRESSURE SWITCH;;REPAIR;;;X;X;;X;;;;;;;;;;;;;;;;;;;;;;;;;;;;;;;;;;;;;;;;;;;;;;;;;X;;;;X;;;;;;;;;;;;;;;;;;;;;;;;;;;;;;;;;;;;;;;X;;;
11213AH;1-1213AH;CONTACTEUR,MANOMETR;;REPAIR;;;X;X;;X;;;;;;;;;;;;;;;;;;;;;;;;;;;;;;;;;;;;;;;;;;;;;;;;;X;;;;X;;;;;;;;;;;;;;;;;;;;;;;;;X;;;;;;;;;;;;;;X;;;
11213AK;1-1213AK;PRESSURE SWITCH;;REPAIR;;;X;X;;X;;;;;;;;;;;;;;;;;;;;;;;;;;;;;;;;;;;;;;;;;;;;;;;;;;;;;;;;;;;;;;;;;;;;;;;;;;;;;;X;;;;;;;;;;;;;;X;;;
11213AL;1-1213AL;CONTACTEUR,MANOMETR;;REPAIR;;;X;X;;X;;;;;;;;;;;;;;;;;;;;;;;;;;;;;;;;;;;;;;;;;;;;;;;;;X;;;;X;;;;;;;;;;;;;;;;;;;;;;;;;X;;;;;;;;;;;;;;X;;;
11213KB;1-1213KB;CONTACTEUR,MANOMETR;;REPAIR;;;X;X;;X;;;;;;X;;;;;;;;;;;;;;;;;;;;;;;;;;;;;;;;;;;;;;;;;;;X;;;;X;;;;;;;;;;;;;;;;;;;;;;;;;;;;;;;;;;;;;;;X;;;
11307AA;1-1307AA;INDICATEUR,VOLUME L;;REPAIR;;;X;;;;;;;;;;;;;;;;;;;;;;;;;;;;;;;;;;;;;;;;;;;;;;;;;;;;X;;;;X;;;;;;;;;;;;;;;;;;;;;;;;;X;;;;;;;;;;;;;;X;;;
11346AA;1-1346AA;OIL PRESS. XMTR;;REPAIR;;;X;;;;;;;;;;;;;;;;;;;;;;;;;;;;;;;;;;;;;;;;;;;;;;;;;;;;X;;;;X;;;;;;;;;;;;;;;;;;;;;;;;;X;;;;;;;;;;;;;;X;;;
1138PGCP115;1138PGCP-1-15;PRESSURE SWITCH;;REPAIR;;;X;X;;X;;;;;;;;;;;;;;;;;;;;;;;;;;;;;;;;;;;;;;;;;;;;;;;;;;;;;;;;;;;;;;;;;;;;;;;;;;;;;;;;;;;;;;X;X;;;;;X;;;
113A270028;113A2700-28;AFT RH FLAP ASSY, INBOARD FLAP;REPAIR;;;;X;X;X;X;X;;;;;;;;;;;;;;;;;;;;;;;X;;;X;;;;;;;;;;;;;;;;;;;;;;;;;;;;;;;;;;;;;;;;;;;;;;;;;;;;;;;;;;;;;;;;X;;;X;
113W66001;113W6600-1;FLAPERON COVE LIP DOOR ASSEMBLY;REPAIR;;;;X;X;X;X;X;;;;;;;;;;;;;;;;;;;;;;;X;;;;;;;;X;;;;;;;;;;;;;;;;;;;;;;;;;;;;;;;;;;;;;;;;;;;;;;;;;;;;;;;;;;;X;;;X;
113W821129;113W8211-29;DOOR ASSY - MLG WING STRUT;REPAIR;;;;X;X;X;X;X;;;;;;;;;;;;;;;;;;;;;;;X;;;;;;;;X;;;;;;;;;;;;;;;;;;;;;;;;;;;;;;;;;;;;;;;;;;;;;;;;;;;;;;;;;;;X;;;;
114087001;114087001;BYPASS VALVE;OVERHAUL;;;;X;X;X;X;X;;;;;;;;;;;;;X;;;;X;X;X;X;;;;;;;;;;;;;;;;;;;;;;;;;;;;;;;;;;;;;;;;;;;;;;;;;;;;;;;;;;;;;;;;;;;;;;X;;;;
114087002;114087002;BYPASS VALVE;OVERHAUL;;;;X;X;X;X;X;;;;;;;;;;;;;X;;;;X;X;X;X;;;;;;;;;;;;;;;;;;;;;;;;;;;;;;;;;;;;;;;;;;;;;;;;;;;;;;;;;;;;;;;;;;;;;;X;;;;
114087003;114087003;BYPASS VALVE;OVERHAUL;;;;X;X;X;X;X;;;;;;;;;;;;;X;;;;X;X;X;X;;;;;;;;;;;;;;;;;;;;;;;;;;;;;;;;;;;;;;;;;;;;;;;;;;;;;;;;;;;;;;;;;;;;;;X;;;;
114087004;114087004;BYPASS VALVE;OVERHAUL;;;;X;X;X;X;X;;;;;;;;;;;;;X;;;;X;X;X;X;;;;;;;;;;;;;;;;;;;;;;;;;;;;;;;;;;;;;;;;;;;;;;;;;;;;;;;;;;;;;;;;;;;;;;X;;;;
114087005;114087005;BYPASS VALVE;OVERHAUL;;;;X;X;X;X;X;;;;;;;;;;;;;X;;;;X;X;X;X;;;;;;;;;;;;;;;;;;;;;;;;;;;;;;;;;;;;;;;;;;;;;;;;;;;;;;;;;;;;;;;;;;;;;;X;;;;
114087006;114087006;BYPASS VALVE;OVERHAUL;;;;X;X;X;X;X;;;;;;;;;;;;;X;;;;X;X;X;X;;;;;;;;;;;;;;;;;;;;;;;;;;;;;;;;;;;;;;;;;;;;;;;;;;;;;;;;;;;;;;;;;;;;;;X;;;;
114087007;114087007;BYPASS VALVE;OVERHAUL;;;;X;X;X;X;X;;;;;;;;;;;;;X;;;;X;X;X;X;;;;;;;;;;;;;;;;;;;;;;;;;;;;;;;;;;;;;;;;;;;;;;;;;;;;;;;;;;;;;;;;;;;;;;X;;;;
114087008;114087008;BYPASS VALVE;OVERHAUL;;;;X;X;X;X;X;;;;;;;;;;;;;X;;;;X;X;X;X;;;;;;;;;;;;;;;;;;;;;;;;;;;;;;;;;;;;;;;;;;;;;;;;;;;;;;;;;;;;;;;;;;;;;;X;;;;
114087009;114087009;BYPASS VALVE;OVERHAUL;;;;X;X;X;X;X;;;;;;;;;;;;;X;;;;;;X;;;;;;;;;;;;;;;;;;;;;;;;;;;;;;;;;;;;;;;;;;;;;;;;;;;;;;;;;;;;;;;;;;;;;;;X;;;;
114087010;114087010;BYPASS VALVE;OVERHAUL;;;;X;X;X;X;X;;;;;;;;;;;;;X;;;;;;X;;;;;;;;;;;;;;;;;;;;;;;;;;;;;;;;;;;;;;;;;;;;;;;;;;;;;;;;;;;;;;;;;;;;;;;X;;;;
114094001;114094001;RETRACTION ACTUATOR;OVERHAUL;;;;X;X;X;X;X;;;;;;;;;;;;;X;X;X;X;X;X;X;X;X;X;;;;;;;;;;;;;;;;;;;;;;;;;;;;;;;;;;;;;;;;;;;;;;;;;;;;;;;;;;;;;;;;;;;;X;;;;
114094002;114094002;RETRACTION ACTUATOR;OVERHAUL;;;;X;X;X;X;X;;;;;;;;;;;;;X;;;;;;;;;;;;;;;;;;;;;;;;;;;;;;;;;;;;;;;;;;;;;;;;;;;;;;;;;;;;;;;;;;;;;;;;;;;;;X;;;;
114094003;114094003;RETRACTION ACTUATOR;OVERHAUL;;;;X;X;X;X;X;;;;;;;;;;;;;X;;;;;;;;;;;;;;;;;;;;;;;;;;;;;;;;;;;;;;;;;;;;;;;;;;;;;;;;;;;;;;;;;;;;;;;;;;;;;X;;;;
114094004;114094004;RETRACTION ACTUATOR;OVERHAUL;;;;X;X;X;X;X;;;;;;;;;;;;;X;X;X;X;X;X;X;X;X;X;;;;;;;;;;;;;;;;;;;;;;;;;;;;;;;;;;;;;;;;;;;;;;;;;;;;;;;;;;;;;;;;;;;;X;;;;
114094005;114094005;RETRACTION ACTUATOR;OVERHAUL;;;;X;X;X;X;X;;;;;;;;;;;;;X;X;X;X;X;X;X;X;X;X;;;;;;;;;;;;;;;;;;;;;;;;;;;;;;;;;;;;;;;;;;;;;;;;;;;;;;;;;;;;;;;;;;;;X;;;;
114094006;114094006;RETRACTION ACTUATOR;OVERHAUL;;;;X;X;X;X;X;;;;;;;;;;;;;X;X;X;X;X;X;X;X;X;X;;;;;;;;;;;;;;;;;;;;;;;;;;;;;;;;;;;;;;;;;;;;;;;;;;;;;;;;;;;;;;;;;;;;X;;;;
114094007;114094007;RETRACTION ACTUATOR;OVERHAUL;;;;X;X;X;X;X;;;;;;;;;;;;;X;;;;;;;;;;;;;;;;;;;;;;;;;;;;;;;;;;;;;;;;;;;;;;;;;;;;;;;;;;;;;;;;;;;;;;;;;;;;;X;;;;
114095001;114095001;ACTUATOR, LOCK STAY;OVERHAUL;;;;X;X;X;X;X;;;X;;;;;;;;;;X;;;;;;;;;;;;;;;;;;;;;;;;;;;;;;;;;;;;;;;;;;;;;;;;;;;;;;;;;;;;;;;;;;;;;;;;;;;;;X;;;;
114095002;114095002;ACTUATOR, LOCK STAY;OVERHAUL;;;;X;X;X;X;X;;;X;;;;;;;;;;X;;;;;;;;;;;;;;;;;;;;;;;;;;;;;;;;;;;;;;;;;;;;;;;;;;;;;;;;;;;;;;;;;;;;;;;;;;;;;X;;;;
114095003;114095003;ACTUATOR, LOCK STAY;OVERHAUL;;;;X;X;X;X;X;;;X;;;;;;;;;;X;;;;;;;;;;;;;;;;;;;;;;;;;;;;;;;;;;;;;;;;;;;;;;;;;;;;;;;;;;;;;;;;;;;;;;;;;;;;;X;;;;
114095004;114095004;ACTUATOR, LOCK STAY;OVERHAUL;;;;X;X;X;X;X;;;X;;;;;;;;;;X;;;;;;;;;;;;;;;;;;;;;;;;;;;;;;;;;;;;;;;;;;;;;;;;;;;;;;;;;;;;;;;;;;;;;;;;;;;;;X;;;;
114095004010;114095004-010;ACTUATOR, LOCK STAY;OVERHAUL;;;;X;X;X;X;X;;;X;;;;;;;;;;X;;;;;;X;;;;;;;;;;;;;;;;;;;;;;;;;;;;;;;;;;;;;;;;;;;;;;;;;;;;;;;;;;;;;;;;;;;;;;;X;;;;
114193001;114193001;RETRACTION ACTUATOR;OVERHAUL;;;;X;X;X;X;X;;;X;;;;;;;;;;X;;;;;;;;;;;;;;;;;;;;;;;;;;;;;;;;;;;;;;;;;;;;;;;;;;;;;;;;;;;;;;;;;;;;;;;;;;;;;X;;;;
114193002;114193002;RETRACTION ACTUATOR;OVERHAUL;;;;X;X;X;X;X;;;X;;;;;;;;;;X;;;X;;;;;;;;;;;;;;;;;;;;;;;;;;;;;;;;;;;;;;;;;;;;;;;;;;;;;;;;;;;;;;;;;;;;;;;;;;X;;;;
114193003;114193003;RETRACTION ACTUATOR;OVERHAUL;;;;X;X;X;X;X;;;X;;;;;;;;;;X;;;;;;X;;;;;;;;;;;;;;;;;;;;;;;;;;;;;;;;;;;;;;;;;;;;;;;;;;;;;;;;;;;;;;;;;;;;;;;X;;;;
114193004;114193004;RETRACTION ACTUATOR;OVERHAUL;;;;X;X;X;X;X;;;X;;;;;;;;;;X;;;;;;X;;;;;;;;;;;;;;;;;;;;;;;;;;;;;;;;;;;;;;;;;;;;;;;;;;;;;;;;;;;;;;;;;;;;;;;X;;;;
114193005;114193005;RETRACTION ACTUATOR;OVERHAUL;;;;X;X;X;X;X;;;X;;;;;;;;;;X;;;;;;X;;;;;;;;;;;;;;;;;;;;;;;;;;;;;;;;;;;;;;;;;;;;;;;;;;;;;;;;;;;;;;;;;;;;;;;X;;;;
114193006;114193006;RETRACTION ACTUATOR;OVERHAUL;;;;X;X;X;X;X;;;X;;;;;;;;;;X;;;;;;X;;;;;;;;;;;;;;;;;;;;;;;;;;;;;;;;;;;;;;;;;;;;;;;;;;;;;;;;;;;;;;;;;;;;;;;X;;;;
114193007;114193007;RETRACTION ACTUATOR;OVERHAUL;;;;X;X;X;X;X;;;X;;;;;;;;;;X;;;;X;X;X;X;;;;;;;;;;;;;;;;;;;;;;;;;;;;;;;;;;;;;;;;;;;;;;;;;;;;;;;;;;;;;;;;;;;;;;X;;;;
114193008;114193008;RETRACTION ACTUATOR;OVERHAUL;;;;X;X;X;X;X;;;X;;;;;;;;;;X;;;;;;;;;;;;;;;;;;;;;;;;;;;;;;;;;;;;;;;;;;;;;;;;;;;;;;;;;;;;;;;;;;;;;;;;;;;;;X;;;;
114193009;114193009;RETRACTION ACTUATOR;OVERHAUL;;;;X;X;X;X;X;;;X;;;;;;;;;;X;;;;;;X;;;;;;;;;;;;;;;;;;;;;;;;;;;;;;;;;;;;;;;;;;;;;;;;;;;;;;;;;;;;;;;;;;;;;;;X;;;;
114193010;114193010;RETRACTION ACTUATOR;OVERHAUL;;;;X;X;X;X;X;;;X;;;;;;;;;;X;;;;;;;;;;;;;;;;;;;;;;;;;;;;;;;;;;;;;;;;;;;;;;;;;;;;;;;;;;;;;;;;;;;;;;;;;;;;;X;;;;
114193600;114193600;CYLINDER;REPAIR;;;;X;X;X;X;X;;;;;;;;;;;;;X;;;;;;;;;;;;;;;;;;;;;;;;;;;;;;;;;;;;;;;;;;;;;;;;;;;;;;;;;;;;;;;;;;;;;;;;;;;;;X;;;;
114256002;114256002;RETRACTION ACTUATOR;OVERHAUL;;;;X;X;X;X;X;;;X;;;;;;;;;;X;;;;;;;;;;;;;;;;;;;;;;;;;;;;;;;;;;;;;;;;;;;;;;;;;;;;;;;;;;;;;;;;;;;;;;;;;;;;;X;;;;
114256002010;114256002-010;RETRACTION ACTUATOR;OVERHAUL;;;;X;X;X;X;X;;;X;;;;;;;;;;X;;;;;;;;;;;;;;;;;;;;;;;;;;;;;;;;;;;;;;;;;;;;;;;;;;;;;;;;;;;;;;;;;;;;;;;;;;;;;X;;;;
114256002020;114256002-020;RETRACTION ACTUATOR;OVERHAUL;;;;X;X;X;X;X;;;X;;;;;;;;;;X;;;;;;;;X;X;;;;;;;;;;;;;;;;;;;;;;;;;;;;;;;;;;;;;;;;;;;;;;;;;;;;;;;;;;;;;;;;;;;;X;;;;
114256002030;114256002-030;RETRACTION ACTUATOR;OVERHAUL;;;;X;X;X;X;X;;;X;;;;;;;;;;X;;;;;;;;X;X;;;;;;;;;;;;;;;;;;;;;;;;;;;;;;;;;;;;;;;;;;;;;;;;;;;;;;;;;;;;;;;;;;;;X;;;;
114256002035;114256002-035;RETRACTION ACTUATOR;OVERHAUL;;;;X;X;X;X;X;;;X;;;;;;;;;;X;;;;;;;;X;X;;;;;;;;;;;;;;;;;;;;;;;;;;;;;;;;;;;;;;;;;;;;;;;;;;;;;;;;;;;;;;;;;;;;X;;;;
114256002040;114256002-040;RETRACTION ACTUATOR;OVERHAUL;;;;X;X;X;X;X;;;X;;;;;;;;;;X;;;;;;;;X;X;;;;;;;;;;;;;;;;;;;;;;;;;;;;;;;;;;;;;;;;;;;;;;;;;;;;;;;;;;;;;;;;;;;;X;;;;
114256002045;114256002-045;RETRACTION ACTUATOR;OVERHAUL;;;;X;X;X;X;X;;;X;;;;;;;;;;X;;;;;;;;X;X;;;;;;;;;;;;;;;;;;;;;;;;;;;;;;;;;;;;;;;;;;;;;;;;;;;;;;;;;;;;;;;;;;;;X;;;;
114256002055;114256002-055;RETRACTION ACTUATOR;OVERHAUL;;;;X;X;X;X;X;;;X;;;;;;;;;;X;;;;;;;;;;;;;;;;;;;;;;;;;;;;;;;;;;;;;;;;;;;;;;;;;;;;;;;;;;;;;;;;;;;;;;;;;;;;;X;;;;
114256004000;114256004-000;RETRACTION ACTUATOR;OVERHAUL;;;;X;X;X;X;X;;;X;;;;;;;;;;X;;;;;;;;X;X;;;;;;;;;;;;;;;;;;;;;;;;;;;;;;;;;;;;;;;;;;;;;;;;;;;;;;;;;;;;;;;;;;;;X;;;;
114256004005;114256004-005;RETRACTION ACTUATOR;OVERHAUL;;;;X;X;X;X;X;;;X;;;;;;;;;;X;;;;;;;;X;X;;;;;;;;;;;;;;;;;;;;;;;;;;;;;;;;;;;;;;;;;;;;;;;;;;;;;;;;;;;;;;;;;;;;X;;;;
114256004010;114256004-010;RETRACTION ACTUATOR;OVERHAUL;;;;X;X;X;X;X;;;X;;;;;;;;;;X;;;;;;;;X;X;;;;;;;;;;;;;;;;;;;;;;;;;;;;;;;;;;;;;;;;;;;;;;;;;;;;;;;;;;;;;;;;;;;;X;;;;
114256005000;114256005-000;RETRACTION ACTUATOR;OVERHAUL;;;;X;X;X;X;X;;;X;;;;;;;;;;X;;;;;;;;X;X;;;;;;;;;;;;;;;;;;;;;;;;;;;;;;;;;;;;;;;;;;;;;;;;;;;;;;;;;;;;;;;;;;;;X;;;;
114258004010;114258004-010;BOGIE PICTH TRIMMER;OVERHAUL;;;;X;X;X;X;X;;;X;;;;;;;;;;X;;;;;;;;;;;;;;;;;;;;;;;;;;;;;;;;;;;;;;;;;;;;;;;;;;;;;;;;;;;;;;;;;;;;;;;;;;;;;X;;;;
114258004020;114258004-020;BOGIE PICTH TRIMMER;OVERHAUL;;;;X;X;X;X;X;;;X;;;;;;;;;;X;;;;;;;;;;;;;;;;;;;;;;;;;;;;;;;;;;;;;;;;;;;;;;;;;;;;;;;;;;;;;;;;;;;;;;;;;;;;;X;;;;
114258004030;114258004-030;BOGIE PICTH TRIMMER;OVERHAUL;;;;X;X;X;X;X;;;X;;;;;;;;;;X;;;;;;;;;X;;;;;;;;;;;;;;;;;;;;;;;;;;;;;;;;;;;;;;;;;;;;;;;;;;;;;;;;;;;;;;;;;;;;X;;;;
114258004040;114258004-040;BOGIE PICTH TRIMMER;OVERHAUL;;;;X;X;X;X;X;;;X;;;;;;;;;;X;;;;;;;;X;X;;;;;;;;;;;;;;;;;;;;;;;;;;;;;;;;;;;;;;;;;;;;;;;;;;;;;;;;;;;;;;;;;;;;X;;;;
114258004050;114258004-050;BOGIE PICTH TRIMMER;OVERHAUL;;;;X;X;X;X;X;;;X;;;;;;;;;;X;;;;;;;;X;X;;;;;;;;;;;;;;;;;;;;;;;;;;;;;;;;;;;;;;;;;;;;;;;;;;;;;;;;;;;;;;;;;;;;X;;;;
114258004065;114258004-065;BOGIE PICTH TRIMMER;OVERHAUL;;;;X;X;X;X;X;;;X;;;;;;;;;;X;;;;;;;;X;X;;;;;;;;;;;;;;;;;;;;;;;;;;;;;;;;;;;;;;;;;;;;;;;;;;;;;;;;;;;;;;;;;;;;X;;;;
114258004070;114258004-070;BOGIE PICTH TRIMMER;OVERHAUL;;;;X;X;X;X;X;;;X;;;;;;;;;;X;;;;;;;;X;X;;;;;;;;;;;;;;;;;;;;;;;;;;;;;;;;;;;;;;;;;;;;;;;;;;;;;;;;;;;;;;;;;;;;X;;;;
114354001;114354001;ACTUATOR, LOCK STAY;OVERHAUL;;;;X;X;X;X;X;;;X;;;;;;;;;;X;;;;;;;;;;;;;;;;;;;;;;;;;;;;;;;;;;;;;;;;;;;;;;;;;;;;;;;;;;;;;;;;;;;;;;;;;;;;;X;;;;
114354001010;114354001-010;ACTUATOR, LOCK STAY;OVERHAUL;;;;X;X;X;X;X;;;X;;;;;;;;;;X;;;;;;;;;;;;;;;;;;;;;;;;;;;;;;;;;;;;;;;;;;;;;;;;;;;;;;;;;;;;;;;;;;;;;;;;;;;;;X;;;;
114354001015;114354001-015;ACTUATOR, LOCK STAY;OVERHAUL;;;;X;X;X;X;X;;;X;;;;;;;;;;X;;;;;;;;;;;;;;;;;;;;;;;;;;;;;;;;;;;;;;;;;;;;;;;;;;;;;;;;;;;;;;;;;;;;;;;;;;;;;X;;;;
114354001020;114354001-020;ACTUATOR, LOCK STAY;OVERHAUL;;;;X;X;X;X;X;;;X;;;;;;;;;;X;;;;;;;;;;;;;;;;;;;;;;;;;;;;;;;;;;;;;;;;;;;;;;;;;;;;;;;;;;;;;;;;;;;;;;;;;;;;;X;;;;
1148B000;1148B000;CLAPET DE DECHARGE;OVERHAUL;;;;X;;;;;;;;;X;;;;;;;;;;;;;;;;;;;;;;;;;;;;;;;;;;;;;;;;;;;;;;;;;;;;;;;;;;;;;;;;;;;;;;;;X;;;X;;;;;;;;;;X;;;;
115205100A;11-5205-100A;FLAP ACTUATOR BOX;;BENCH TEST;;;X;;;;;;;;;;;;;;;;;;;;;;;;;;;;;;;;;;;;;;;;;;;;;;;;;;;;;;;;;;;;;;;;;;;;;;;;;;;;;;;;;X;;;X;;;;;;;;;;;X;;;
1153000;1153-000;PRESSURE SWITCH;;BENCH TEST;;;X;X;;X;;;;;;;;;;;;;;;;;;;;;;;;;;;;;;;;;;;;X;X;;;;;;;;;;;;;;;;;;;;;;;;;;;;;;;;;;;;;;;;;;;;;;;;;;;;;;;X;;;
1153100;1153-100;PRESSURE SWITCH;;BENCH TEST;;;X;X;;X;;;;;;;;;;;;;;;;;;;;;;;;;;;;;;;;;;;;X;X;;;;;;;;;;;;;;;;;;;;;;;;;;;;;;;;;;;;;;;;;;;;;;;;;;;;;;;X;;;
1156100;1156-100;PRESSURE SWITCH;;BENCH TEST;;;X;X;;X;;;;;;;;;;;;;;;;;;;;;;;;;;;;;;;;;;;;X;X;;;;;;;;;;;;;;;;;;;;;;;;;;;;;;;;;;;;;;;;;;;;;;;;;;;;;;;X;;;
1158200;1158-200;PRESSURE SWITCH;;BENCH TEST;;;X;X;;X;;;;;;;;;;;;;;;;;;;;;;;;;;;;;;;;;;;;X;X;;;;;;;;;;;;;;;;;;;;;;;;;;;;;;;;;;;;;;;;;;;;;;;;;;;;;;;X;;;
1158200IND02;1158-200-IND-02;PRESSURE SWITCH;;BENCH TEST;;;X;X;;X;;;;;;;;;;;;;;;;;;;;;;;;;;;;;;;;;;;;X;X;;;;;;;;;;;;;;;;;;;;;;;;;;;;;;;;;;;;;;;;;;;;;;;;;;;;;;;X;;;
1158200IND03;1158-200-IND-03;PRESSURE SWITCH;;BENCH TEST;;;X;X;;X;;;;;;;;;;;;;;;;;;;;;;;;;;;;;;;;;;;;X;X;;;;;;;;;;;;;;;;;;;;;;;;;;;;;;;;;;;;;;;;;;;;;;;;;;;;;;;X;;;
1159P412305;1159P41230-5;COWL ASSY;;REPAIR;;;X;X;; ;;;;;;;;;;;;;;;;;;;;;;;;;;;;;;;;;;;;;;;;;;;;;;;;;;;;;;;;;;;;;;;;;;;;;;;;;;;;;;;;;;;;;;X;X;;;;;X;;;
1159P412307;1159P41230-7;COWL ASSY;;REPAIR;;;X;X;; ;;;;;;;;;;;;;;;;;;;;;;;;;;;;;;;;;;;;;;;;;;;;;;;;;;;;;;;;;;;;;;;;;;;;;;;;;;;;;;;;;;;;;;X;X;;;;;X;;;
1159P414403;1159P41440-3;THRUST REVERSER LH;;OVERHAUL;;;X;X;; ;;;;;;;;;;;;;;;;;;;;;;;;;;;;;;;;;;;;;;;;;;;;;;;;;;;;;;;;;;;;;;;;;;;;;;;;;;;;;;;;;;;;;;X;X;;;;;X;;;
1159P414404;1159P41440-4;THRUST REVERSER RH;;OVERHAUL;;;X;X;; ;;;;;;;;;;;;;;;;;;;;;;;;;;;;;;;;;;;;;;;;;;;;;;;;;;;;;;;;;;;;;;;;;;;;;;;;;;;;;;;;;;;;;;X;X;;;;;X;;;
1159P4144041;1159P41440-41;THRUST REVERSER LH;;OVERHAUL;;;X;X;;X;;;;;;;;;;;;;;;;;;;;;;;;;;;;;;;;;;;;;;;;;;;;;;;;;;;;;;;;;;;;;;;;;;;;;;;;;;;;;;;;;;;;;;X;X;;;;;X;;;
1159P4144042;1159P41440-42;THRUST REVERSER RH;;OVERHAUL;;;X;X;;X;;;;;;;;;;;;;;;;;;;;;;;;;;;;;;;;;;;;;;;;;;;;;;;;;;;;;;;;;;;;;;;;;;;;;;;;;;;;;;;;;;;;;;X;X;;;;;X;;;
1159P414407;1159P41440-7;THRUST REVERSER LH;;OVERHAUL;;;X;X;;X;;;;;;;;;;;;;;;;;;;;;;;;;;;;;;;;;;;;;;;;;;;;;;;;;;;;;;;;;;;;;;;;;;;;;;;;;;;;;;;;;;;;;;X;X;;;;;X;;;
1159P414408;1159P41440-8;THRUST REVERSER LH;;OVERHAUL;;;X;X;; ;;;;;;;;;;;;;;;;;;;;;;;;;;;;;;;;;;;;;;;;;;;;;;;;;;;;;;;;;;;;;;;;;;;;;;;;;;;;;;;;;;;;;;X;X;;;;;X;;;
1159P4153066;1159P41530-66;DOOR THRUST REVERSER RH;;REPAIR;;;X;X;;X;;;;;;;;;;;;;;;;;;;;;;;;;;;;;;;;;;;;;;;;;;;;;;;;;;;;;;;;;;;;;;;;;;;;;;;;;;;;;;;;;;;;;;X;X;;;;;X;;X;
1159P4153068;1159P41530-68;DOOR THRUST REVERSER RH;;OVERHAUL;;;X;X;;X;;;;;;;;;;;;;;;;;;;;;;;;;;;;;;;;;;;;;;;;;;;;;;;;;;;;;;;;;;;;;;;;;;;;;;;;;;;;;;;;;;;;;;X;X;;;;;X;;X;
1159PM4144041;1159PM41440-41;REVERSER;;OVERHAUL;;;X;X;;X;;;;;;;;;;;;;;;;;;;;;;;;;;;;;;;;;;;;;;;;;;;;;;;;;;;;;;;;;;;;;;;;;;;;;;;;;;;;;;;;;;;;;;X;X;;;;;X;;;
1159PM414408;1159PM41440-8;REVERSER;;OVERHAUL;;;X;X;;X;;;;;;;;;;;;;;;;;;;;;;;;;;;;;;;;;;;;;;;;;;;;;;;;;;;;;;;;;;;;;;;;;;;;;;;;;;;;;;;;;;;;;;X;X;;;;;X;;;
1159RDP4153032;1159RDP41530-32;DOOR REVERSE;;REPAIR;;;X;X;;X;;;;;;;;;;;;;;;;;;;;;;;;;;;;;;;;;;;;;;;;;;;;;;;;;;;;;;;;;;;;;;;;;;;;;;;;;;;;;;;;;;;;;;X;X;;;;;X;;X;
1159RDP4153034;1159RDP41530-34;DOOR REVERSE;;REPAIR;;;X;X;;X;;;;;;;;;;;;;;;;;;;;;;;;;;;;;;;;;;;;;;;;;;;;;;;;;;;;;;;;;;;;;;;;;;;;;;;;;;;;;;;;;;;;;;X;X;;;;;X;;X;
1159SCP4081;1159SCP408-1;SECD LOC ACTUATOR;;BENCH TEST;;;X;X;;X;;;;;;;;;;;;;;;;;;;;;;;;;;;;;;;;;;;;;;;;;;;;;;;;;;;;;;;;;;;;;;;;;;;;;;;;;;;;;;;;;;;;;;X;X;;;;;X;;;
115C1210;115C12-10;CONTAINER, OXYGEN EMERGENCY;REPAIR;;;;X;X;X;X;X;;;;;;;;;;;;;X;;;;;;;;;;;;;;;;;;;;;;;;;;;;;;;;;;;;;;;;;;;;;;;;;;;;;;;;;;;;;;;;;;;;;;;;;;;;;X;;;;
115C1211;115C12-11;CONTAINER, OXYGEN EMERGENCY;REPAIR;;;;X;X;X;X;X;;;;;;;;;;;;;X;;;;;;;;;;;;;;;;;;;;;;;;;;;;;;;;;;;;;;;;;;;;;;;;;;;;;;;;;;;;;;;;;;;;;;;;;;;;;X;;;;
115C1213;115C12-13;CONTAINER, OXYGEN EMERGENCY;REPAIR;;;;X;X;X;X;X;;;;;;;;;;;;;X;;;;;;;;;;;;;;;;;;;;;;;;;;;;;;;;;;;;;;;;;;;;;;;;;;;;;;;;;;;;;;;;;;;;;;;;;;;;;X;;;;
115C1214;115C12-14;CONTAINER, OXYGEN EMERGENCY;REPAIR;;;;X;X;X;X;X;;;;;;;;;;;;;X;;;;;;;;;;;;;;;;;;;;;;;;;;;;;;;;;;;;;;;;;;;;;;;;;;;;;;;;;;;;;;;;;;;;;;;;;;;;;X;;;;
115C1216;115C12-16;CONTAINER, OXYGEN EMERGENCY;REPAIR;;;;X;X;X;X;X;;;;;;;;;;;;;X;;X;;;;;;;;;;;;;;;;;;;;;;;;;;;;;;;;;;;;;;;;;;;;;;;;;;;;;;;;;;;;;;;;;;;;;;;;;;;X;;;;
115C1220;115C12-20;CONTAINER, OXYGEN EMERGENCY;REPAIR;;;;X;X;X;X;X;;;;;;;;;;;;;X;;X;;;;;;;;;;;;;;;;;;;;;;;;;;;;;;;;;;;;;;;;;;;;;;;;;;;;;;;;;;;;;;;;;;;;;;;;;;;X;;;;
115C1221;115C12-21;CONTAINER, OXYGEN EMERGENCY;REPAIR;;;;X;X;X;X;X;;;;;;;;;;;;;X;;;;;;;;;;;;;;;;;;;;;;;;;;;;;;;;;;;;;;;;;;;;;;;;;;;;;;;;;;;;;;;;;;;;;;;;;;;;;X;;;;
115C1223;115C12-23;CONTAINER, OXYGEN EMERGENCY;REPAIR;;;;X;X;X;X;X;;;;;;;;;;;;;X;;;;;;;;;;;;;;;;;;;;;;;;;;;;;;;;;;;;;;;;;;;;;;;;;;;;;;;;;;;;;;;;;;;;;;;;;;;;;X;;;;
115C1224;115C12-24;CONTAINER, OXYGEN EMERGENCY;REPAIR;;;;X;X;X;X;X;;;;;;;;;;;;;X;;X;;;;;;;;;;;;;;;;;;;;;;;;;;;;;;;;;;;;;;;;;;;;;;;;;;;;;;;;;;;;;;;;;;;;;;;;;;;X;;;;
115C1230;115C12-30;CONTAINER, OXYGEN EMERGENCY;REPAIR;;;;X;X;X;X;X;;;;;;;;;;;;;X;;;;;;;;;;;;;;;;;;;;;;;;;;;;;;;;;;;;;;;;;;;;;;;;;;;;;;;;;;;;;;;;;;;;;;;;;;;;;X;;;;
115C1241;115C12-41;CONTAINER, OXYGEN EMERGENCY;REPAIR;;;;X;X;X;X;X;;;;;;;;;;;;;X;;;;;;;;;;;;;;;;;;;;;;;;;;;;;;;;;;;;;;;;;;;;;;;;;;;;;;;;;;;;;;;;;;;;;;;;;;;;;X;;;;
115C1260;115C12-60;CONTAINER, OXYGEN EMERGENCY;REPAIR;;;;X;X;X;X;X;;;;;;;;;;;;;X;X;X;X;;;;;;;;;;;;;;;;;;;;;;;;;;;;;;;;;;;;;;;;;;;;;;;;;;;;;;;;;;;;;;;;;;;;;;;;;;X;;;;
115C1263;115C12-63;CONTAINER, OXYGEN EMERGENCY;REPAIR;;;;X;X;X;X;X;;;;;;;;;;;;;X;;;;;;;;;;;;;;;;;;;;;;;;;;;;;;;;;;;;;;;;;;;;;;;;;;;;;;;;;;;;;;;;;;;;;;;;;;;;;X;;;;
115C1264;115C12-64;CONTAINER, OXYGEN EMERGENCY;REPAIR;;;;X;X;X;X;X;;;;;;;;;;;;;X;;;;;;;;;;;;;;;;;;;;;;;;;;;;;;;;;;;;;;;;;;;;;;;;;;;;;;;;;;;;;;;;;;;;;;;;;;;;;X;;;;
115C1265;115C12-65;CONTAINER, OXYGEN EMERGENCY;REPAIR;;;;X;X;X;X;X;;;;;;;;;;;;;X;;;;;;;;;;;;;;;;;;;;;;;;;;;;;;;;;;;;;;;;;;;;;;;;;;;;;;;;;;;;;;;;;;;;;;;;;;;;;X;;;;
116285;116285;ENGINE INTAKE ADAPT;;REPAIR;;;X;;;;;;;;;;;;;;;;;;;;;;;;;;;;;;;;;;;;;;;;;;;;;;;;;;;;;;;;;;;;;;;;;;;;X;;X;;;;;;;;;;;X;;;;;;;;;;;;;;X;;X;
117195;117195;MOTOR ACTUATED SHUT OFF VALVE;OVERHAUL;;;;X;;;;;;;;;X;;;;;;;;;;;;;;;;;;X;;;;;;;;;;;X;;;;;;;;;;;;;;;;;;;;;;;;;;;;;;;;;;;;;;;;;;;;;;;;;;;;;;;;X;;;;
1189;1189;MOTOR COMPRESSOR;;OVERHAUL;;;X;X;;;;;;;;X;;;;;;;;;;;;;;;;;;;;;;;;;;;;;;;;;;;;X;;;X;;;;;;;;;;;;;;;;;;;;;;;;;;;;;;;;;;;;;;;;;;;;;;;X;;;
11F10076A;11F100-76A;MOTOR ASSY;OVERHAUL;;;;X;X;X;X;X;;;;;;X;;;;X;X;;;;;;;;;;;;;;;;;;;;;;;;;;;;;;;;;;;;;;;;;;;;;;;;;;;;;;;;;;;;;;;;;;;;;;;;;;;;;;;X;;;;
11F767653A;11F76-76-53A;GEARBOX;OVERHAUL;;;;X;X;X;X;X;;;;;;X;;;;;;;;;;;;;;;;;;;;;;;;;;;;;;;;;;;;;;;;;;;;;;;;;;;;;;;;;;;;;;;;;;;;;;;;;;;;;;;;;;;;X;;;;
11S53975000018;11S53975000-018;DOME RADAR;;REPAIR;;;X;X;;;;;;;;;;;;;;;;;;;;;;;;;;;;;;;;;;;;;;X;;;;X;;;;;;;;;;;;;;;;;;;;;;;;;;;;;;;;;;;;;;;;;;;;;;;;;;;;X;;X;
12010100;1201-01-00;COFFEE MAKER;REPAIR;;;;X;X;X;X;X;;;;;;;;;;;;;X;;X;;;X;X;;X;X;;;;;;;;;;;;;;;;;;;;;;;;;;;;;;;;;;;;;;;;;;;;;;;;;;;;;;;;;;;;;;;;;;;;X;;;;
1204;1204;MOTOR;OVERHAUL;;;;X;;;;;;;;;;;;;;;;;X;X;X;X;;;;;;;;;;;;;;;;;;;;;;;;;;;;;;;;;;;;;;;;;;;;;;;;;;;;;;;;;;;;;;;;;;;;;;;;;;X;;;;
1204A;1204A;MOTOR;OVERHAUL;;;;X;;;;;;;;;;;;;;;;;X;X;X;X;;;;;;;;;;;;;;;;;;;;;;;;;;;;;;;;;;;;;;;;;;;;;;;;;;;;;;;;;;;;;;;;;;;;;;;;;;X;;;;
1210001;121000-1;AIR CONTROL VALVE;OVERHAUL;;;;X;;;;;;;;;;;;;;;;;;;;;;;;;;;;;;;;;;;;;;;;;;;;;;;;;;;;;;;;;;;;;;;;;;;;;;;;;;;;;;;;;X;;X;;;;;;;;;;;X;;;;
1210002;121000-2;AIR CONTROL VALVE;OVERHAUL;;;;X;;;;;;;;;;;;;;;;;;;;;;;;;;;;;;;;;;;;;;;;;;;;;;;;;;;;;;;;;;;;;;;;;;;;;;;;;;;;;;;;;X;;X;;;;;;;;;;;X;;;;
121010;121010;AIR CONTROL VALVE;OVERHAUL;;;;X;;;;;;;;;;;;;;;;;;;;;;;;;;;;;;;;;;;;;;;;;;;;;;;;;;;;;;;;;;;;;;;;;;;;;;;;;;;;;;;;;X;;X;;;;;;;;;;;X;;;;
121116001+01;121-1160-01-+01;RADOME;;REPAIR;;;X;;;;;;;;;;;;;;;;;;;;;;;;;;;;;;;;;;;;;;;;;;;;;X;;;X;;;;;;;;;;;;;;;;;;;;;;;;;;;;;;;;;;;;;;;;;;;;;;;X;;X;
121116038;121-1160-38;DOME RADAR;;REPAIR;;;X;;;;;;;;;;;;;;;;;;;;;;;;;;;;;;;;;;;;;;;;;;;;;X;;;X;;;;;;;;;;;;;;;;;;;;;;;;;;;;;;;;;;;;;;;;;;;;;;;X;;X;
1215031414;121-503-14-14;BOX ASSY FLAP;;REPAIR;;;X;;;;;;;;;;;;;;;;;;;;;;;;;;;;;;;;;;;;;;;;;;;;;X;;;X;;;;;;;;;;;;;;;;;;;;;;;;;;;;;;;;;;;;;;;;;;;;;;;X;;;
1215031414A;121-503-14-14A;BOX ASSY FLAP;;REPAIR;;;X;;;;;;;;;;;;;;;;;;;;;;;;;;;;;;;;;;;;;;;;;;;;;X;;;X;;;;;;;;;;;;;;;;;;;;;;;;;;;;;;;;;;;;;;;;;;;;;;;X;;;
121CC01;121CC01;CONTACTOR BATTERY CHARGE;;REPAIR;;;X;X;;X;;;;;;;;;;;;;;;;;;;;;;;;;;;;;;;;;;;;X;X;;;;;;;;;;;;;;;;;;;;;;;;;;;;;;;;;;;;;;;;;;;;;;;;;;;;;;;X;;;
121CC01A02;121CC01A02;CONTACTOR BATTERY CHARGE;;REPAIR;;;X;X;;X;;;;;;;;;;;;;;;;;;;;;;;;;;;;;;;;;;;;X;X;;;;;;;;;;;;;;;;;;;;;;;;;;;;;;;;;;;;;;;;;;;;;;;;;;;;;;;X;;;
12201405;12201-405;LAVATORY ASSEMBLY;;REPAIR;;;X;X;;X;;;;;;;;;;;;;;;;;;;;;;;;;;;;;;;;;;;;;;;;;;;;;;;;;;;;;;;;;;;;;;;;;;;;;;;;;;;;;;;;;;;;;;X;X;;;;;X;;;
12205001;12205-001;VALVE;;REPAIR;;;X;X;;X;;;;;;;;;;;;;;;;;;;;;;;;;;;;;;;;;;;;;;;;;;;;;;;;;;;;;;;;;;;;;;;;;;;;;;;;;;;;;;;;;;;;;;X;X;;;;;X;;;
122050011;12205-001-1;VALVE;;REPAIR;;;X;X;;X;;;;;;;;;;;;;;;;;;;;;;;;;;;;;;;;;;;;;;;;;;;;;;;;;;;;;;;;;;;;;;;;;;;;;;;;;;;;;;;;;;;;;;X;X;;;;;X;;;
12205002;12205-002;VALVE;;REPAIR;;;X;X;;;;;;;;;;;;;;;;;;;;;;;;;;;;;;;;;;;;;;;;;;;;;;;;;;;;;;;;;;;;;;;;;;;;;;;;;;;;;;;;;;;;;;;;X;X;;;;;X;;;
122050021;12205-002-1;DRAIN VALVE;;REPAIR;;;X;X;;;;;;;;;;;;;;;;;;;;;;;;;;;;;;;;;;;;;;;;;;;;;;;;;;;;;;;;;;;;;;;;;;;;;;;;;;;;;;;;;;;;;;;;X;X;;;;;X;;;
12205011;12205-011;TOILET PUMP;;REPAIR;;;X;X;;X;;;;;;;;;;;;;;;;;;;;;;;;;;;;;;;;;;;;;;;;;;;;;;;;;;;;;;;;;;;;;;;;;;;;;;;;;;;;;;;;;;;;;;X;X;;;;;X;;;
1223000;1223000;GALLEY G2;;REPAIR;;;X;X;;X;;;;;;;;;;;;;;X;;;;;;X;;;;;;;;;;;;;;;;;;;;;;;;;;;;;;;;;;;;;;;;;;;;;;;;;;;;;;;;;;;;;;;;;;;;;;;;X;;;
122849;122849;BATTERY;;REPAIR;;DNR;X;X;;X;;;;;;X;;;;;;;;;;;;;;;;;;;;;;;;;;;;;;;;;;;;;;;;;;;X;;;;X;;;;;;;;;;;;;;;;;;;;;;;;;X;;;;;;;;;;;;;;X;;;
1228500;1228500;GALLEY G2;;REPAIR;;;X;X;;;;;;;;;;;;;;;;X;;;;;;X;;;;;;;;;;;;;;;;;;;;;;;;;;;;;;;;;;;;;;;;;;;;;;;;;;;;;;;;;;;;;;;;;;;;;;;;X;;;
1229000;1229000;GALLEY G2;;REPAIR;;;X;X;;;;;;;;;;;;;;;;X;;;;;;X;;;;;;;;;;;;;;;;;;;;;;;;;;;;;;;;;;;;;;;;;;;;;;;;;;;;;;;;;;;;;;;;;;;;;;;;X;;;
12292411;122924-1-1;VALVE MODULATING WING;;OVERHAUL;;DNR;X;X;;X;;;;;;;;;;;;;;;;;;;;;;;;;;;;;;;;;;;;;;;;;;;;;;;;;;;;;;;;;;;;;;;;;;;;;;;;;;;;;;;;;;;;;;X;;;X;;;X;;;
12292611;122926-1-1;VALVE MODULATING TAIL;;OVERHAUL;;DNR;X;X;;X;;;;;;;;;;;;;;;;;;;;;;;;;;;;;;;;;;;;;;;;;;;;;;;;;;;;;;;;;;;;;;;;;;;;;;;;;;;;;;;;;;;;;;X;X;;;;;X;;;
122GA01Y03;122GA01Y03;AC GROUND POWER PROTECTION UNIT;OVERHAUL;;;;X;X;X;X;X;;;;;;X;;;;;X;;;;;;;;;;;;;;;;;;;;;;;;;;;;;;;;;;;;;;;;;;;;;;;;;;;;;;;;;;;;;;;;;;;;;;;;;;;;;;;X;;;;
122GA01Y04;122GA01Y04;AC GROUND POWER PROTECTION UNIT;REPAIR;;;;X;X;X;X;X;;;;;;X;;;;;X;;;;;;;;;;;;;;;;;;;;;;;;;;;;;;;;;;;;;;;;;;;;;;;;;;;;;;;;;;;;;;;;;;;;;;;;;;;;;;;X;;;;
122PN01;122PN01;INDICATOR, TORQUEMETER;REPAIR;;;;X;X;X;X;X;;;;;;X;;;;;X;;;;;;;;;;;;;;;;;;;;;;;;;;;;;;;;;;;;;;;;;;;;;;;;;;;;;;;;;;;;;;;;;;;;;;;;;;;;;;;X;;;;
12302328607;123-02328-607;STEERING WHEEL;;REPAIR;;;X;X;;;;;;;;;;;;;;;;;;;;;;;;;;;;;;;;;;;;;;;;;;;;X;;;;X;X;;;;;;;;;;;;;;;;;;;;;;;;;;;;;;;;;;;;;;;;;;;;;X;;;
12302328609;123-02328-609;STEERING WHEEL;;REPAIR;;;X;X;;;;;;;;;;;;;;;;;;;;;;;;;;;;;;;;;;;;;;;;;;;;X;;;;X;X;;;;;;;;;;;;;;;;;;;;;;;;;;;;;;;;;;;;;;;;;;;;;X;;;
1231001;123100-1;POWER DRIVE UNIT;REPAIR;;;;X;X;X;X;X;;;;;;;;;;;;;X;;;;;;;;;;;;;;;;;;;;;;;;;;;;;;;;;;;;;;;;;;;;;;;;;;;;;;;;;;;;;;;;;;;;;;;;;;;;;X;;;;
1231003;123100-3;POWER DRIVE UNIT;REPAIR;;;;X;X;X;X;X;;;;;;;;;;;;;X;;;X;;;;;X;X;;;;;;;;;;;;;;;;;;;;;;;;;;;;;;;;;;;;;;;;;;;;;;;;;;;;;;;;;;;;;;;;;;;;X;;;;
1231005;123100-5;POWER DRIVE UNIT;REPAIR;;;;X;X;X;X;X;;;;;;;;;;;;;X;;X;X;;;;;;;;;;;;;;;;;;;;;;;;;;;;;;;;;;;;;;;;;;;;;;;;;;;;;;;;;;;;;;;;;;;;;;;;;;X;;;;
12326621;123266-2-1;THREE & ONE-HALF INCH DIAMETER CHECK VAL;OVERHAUL;;;;X;X;X;X;X;;;;;;;;;;;;;;;;;;;;;;;X;;X;X;X;;;;;;;;;;;;;;;;;;;;;;;;;;;;;;;;;;;;;;;;;;;;;;;;;;;;;;;;;;;;;;;X;;;;
123371;12-337-1;COMMUTAT,TRAIN ATTE;;BENCH TEST;;;X;X;;;;;;;;;;;;;;;;;;;;;;;;;;;;;;;;;;;;;;;;;;;;;;;;;;;X;;;;X;;;;;;;;;;;;;;;;;;;;;;;;;X;;;;;;;;;;;;;;X;;;
123PN01;123PN01;INDICATOR, TORQUEMETER;REPAIR;;;;X;X;X;X;X;;;;;;X;;;;X;X;;;;;;;;;;;;;;;;;;;;;;;;;;;;;;;;;;;;;;;;;;;;;;;;;;;;;;;;;;;;;;;;;;;;;;;;;;;;;;;X;;;;
1245C000;1245C000;SEPARATEUR D'EAU;OVERHAUL;;;;X;;;;;;;;;X;;;;;;;;;;;;;;;;;;;;;;;;;;;;;;;;;;;;;;;;;;;;;;;;;;;;;;;;;;;;;;;;;;;;;;;;X;;;X;;;;;;;;;;X;;;;
12475012;124750-12;FUEL CONTROL UNIT;OVERHAUL;;;;X;;;;;;;;;X;;;;;;;;;;;;;;;;;;;;;;;;;;;;;;;;;;;;;;;;;;;;;;;;;;;;;;;;;;;;;;;;;;;;;;;;X;;;X;;;;;;;;;;X;;;;
124750121;124750-12-1;FUEL CONTROL UNIT;OVERHAUL;;;;X;;;;;;;;;X;;;;;;;;;;;;;;;;;;;;;;;;;;;;;;;;;;;;;;;;;;;;;;;;;;;;;;;;;;;;;;;;;;;;;;;;X;;;X;;;;;;;;;;X;;;;
1249874;124-987-4;INDICATOR TEMP. BRAKE;;BENCH TEST;;;X;X;;;;;;;;;;;;;;;;;;;;;;;;;;;;;;;;;;;;;;;;;;;;;;;;;;;;;;;;;;;;;;;;;;;;;;;;;;;;;;;;;;;;;;;;X;X;;;;;X;;;
12511;1251-1;MOTOR;OVERHAUL;;;;X;X;X;X;X;;;;;;;;;;;;;X;X;X;X;;;;;;;;;;;;;;;;;;;;;;;;;;;;;;;;;;;;;;;;;;;;;;;;;;;;;;;;;;;;;;;;;;;;;;;;;;X;;;;
12512;1251-2;MOTOR;OVERHAUL;;;;X;X;X;X;X;;;;;;;;;;;;;X;X;X;X;;;;;;;;;;;;;;;;;;;;;;;;;;;;;;;;;;;;;;;;;;;;;;;;;;;;;;;;;;;;;;;;;;;;;;;;;;X;;;;
125205100A;12-5205-100A;FLAP ACTUATOR BOX;;REPAIR;;;X;;;;;;;;;;;;;;;;;;;;;;;;;;;;;;;;;;;;;;;;;;;;;;;;;;;;;;;;;;;;;;;;;;;;;;;;;;;;;;;;;X;;;X;;;;;;;;;;;X;;;
1263A000002;1263A0000-02;AIR CYCLE MACHINE;OVERHAUL;;;;X;X;X;X;X;;;X;;;;;;;;;;X;;;;;;X;;;;;;;;;;;;;;;;;;;;;;;;;;;;;;;;;;;;;;;;;;;;;;;;;;;;;;;;;;;;;;;;;;;;;;;X;;;;
1263A000003;1263A0000-03;AIR CYCLE MACHINE;OVERHAUL;;;;X;X;X;X;X;;;X;;;;;;;;;;X;;;;;;;;;;;;;;;;;;;;;;;;;;;;;;;;;;;;;;;;;;;;;;;;;;;;;;;;;;;;;;;;;;;;;;;;;;;;;X;;;;
1267587;126758-7;PDU;;OVERHAUL;;;X;X;;;;;;;;;;;;;;;;;;;;;;;;;;;;;;;;;;;;;;;;;;;;;;;;;;;;;;;;;;;;;;;;;;;X;;;;;;;;;;;;;X;;;;;;;;;;;;;;X;;;
1267588;126758-8;PDU;;OVERHAUL;;;X;X;;;;;;;;;;;;;;;;;;;;;;;;;;;;;;;;;;;;;;;;;;;;;;;;;;;;;;;;;;;;;;;;;;;X;;;;;;;;;;;;;X;;;;;;;;;;;;;;X;;;
126PN01Y07;126PN01Y07;INDICATOR, TORQUEMETER;REPAIR;;;;X;X;X;X;X;;;;;;X;;;;X;X;;;;;;;;;;;;;;;;;;;;;;;;;;;;;;;;;;;;;;;;;;;;;;;;;;;;;;;;;;;;;;;;;;;;;;;;;;;;;;;X;;;;
12741;1274-1;MOTOR ELECTRIC;;BENCH TEST;;;X;X;;X;;;;;;;;;;;;;;;;;;;;;;;;;;;;;;;;;;;;X;X;X;X;X;;;;;;;;;;;;;;;;;;;;;;;;;;;;;;;;;;;;;;;;;;;;;;;;;;;;X;;;
1298A000001;1298A0000-01;TRIM AIR CHECK VALVE;OVERHAUL;;;;X;X;X;X;X;;;;;;;;;;;;;X;;;;X;X;X;X;;;;;;;;;;;;;;;;;;;;;;;;;;;;;;;;;;;;;;;;;;;;;;;;;;;;;;;;;;;;;;;;;;;;;;X;;;;
12C15L212170000;12C15L212170000;CHEMICAL OXYGEN CONTAINER ASSEMBLY;REPAIR;;;;X;X;X;X;X;;;;;;;;;;;;;X;;;X;;;;;X;X;;;;;;;;;;;;;;;;;;;;;;;;;;;;;;;;;;;;;;;;;;;;;;;;;;;;;;;;;;;;;;;;;;;;X;;;;
12C15R212170000;12C15R212170000;CHEMICAL OXYGEN CONTAINER ASSEMBLY;REPAIR;;;;X;X;X;X;X;;;;;;;;;;;;;X;;;X;;;;;X;X;;;;;;;;;;;;;;;;;;;;;;;;;;;;;;;;;;;;;;;;;;;;;;;;;;;;;;;;;;;;;;;;;;;;X;;;;
12C22R2F2170004;12C22R2F2170004;CHEMICAL OXYGEN CONTAINER ASSEMBLY;REPAIR;;;;X;X;X;X;X;;;;;;;;;;;;;X;;;X;;;;;X;X;;;;;;;;;;;;;;;;;;;;;;;;;;;;;;;;;;;;;;;;;;;;;;;;;;;;;;;;;;;;;;;;;;;;X;;;;
12D0024;12D0024;DOOR BY-PASS VALVE;OVERHAUL;;;;X;X;X;X;X;;;;;;;;;;;;;X;;;;;;;;X;X;;;;;;;;;;;;;;;;;;;;;;;;;;;;;;;;;;;;;;;;;;;;;;;;;;;;;;;;;;;;;;;;;;;;X;;;;
12D1006;12D1006;VALVE;;OVERHAUL;;;X;X;;X;;;;;;;;;;;;;;;;;;;;;;;;;;;;;;;;;;;;;;;;;;;;;;;;;;;;;;;;;;;;;;;;;X;;;;;;;;;;;;;X;;;;;;;;;;;;;;X;;;
1300041;130004-1;PNEUMATIC RELAY;REPAIR;;;;X;;;;;;;;;X;;;;;;;;;;;;;;;;;;X;;;;;;;;;;;X;;;;;;;;;;;;;;;;;;;;;;;;;;;;;;;;;;;;;;;;;;;;;;;;;;;;;;;;X;;;;
13000412;130004-1-2;PNEUMATIC RELAY;REPAIR;;;;X;;;;;;;;;X;;;;;;;;;;;;;;;;;;X;;;;;;;;;;;X;;;;;;;;;;;;;;;;;;;;;;;;;;;;;;;;;;;;;;;;;;;;;;;;;;;;;;;;X;;;;
1300043;130004-3;PNEUMATIC RELAY;REPAIR;;;;X;;;;;;;;;X;;;;;;;;;;;;;;;;;;X;;;;;;;;;;;X;;;;;;;;;;;;;;;;;;;;;;;;;;;;;;;;;;;;;;;;;;;;;;;;;;;;;;;;X;;;;
13000431;130004-3-1;PNEUMATIC RELAY;OVERHAUL;;;;X;;;;;;;;;X;;;;;;;;;;;;;;;;;;X;;;;;;;;;;;X;;;;;;;;;;;;;;;;;;;;;;;;;;;;;;;;;;;;;;;;;;;;;;;;;;;;;;;;X;;;;
13015811;130158-1-1;VALVE CHECK;;OVERHAUL;;DNR;X;X;;X;;;;;;;;;;;;;;;;;;;;;;;;;;;;;;;;;;;;;;;;;;;;;;;;;;;;;;;;;;;;;;;;;;;;;;;;;;;;;;;;;;;;;;X;X;;;;;X;;;
1303A000001;1303A0000-01;FLOW CONTROL VALVE;OVERHAUL;;;;X;X;X;X;X;;;;;;;;;;;;;X;;;;;X;X;X;;;;;;;;;;;;;;;;;;;;;;;;;;;;;;;;;;;;;;;;;;;;;;;;;;;;;;;;;;;;;;;;;;;;;;X;;;;
1303A000002;1303A0000-02;FLOW CONTROL VALVE;OVERHAUL;;;;X;X;X;X;X;;;;;;;;;;;;;X;;;;;X;X;X;;;;;;;;;;;;;;;;;;;;;;;;;;;;;;;;;;;;;;;;;;;;;;;;;;;;;;;;;;;;;;;;;;;;;;X;;;;
1303A000003;1303A0000-03;FLOW CONTROL VALVE;OVERHAUL;;;;X;X;X;X;X;;;;;;;;;;;;;X;;;;;X;X;X;;;;;;;;;;;;;;;;;;;;;;;;;;;;;;;;;;;;;;;;;;;;;;;;;;;;;;;;;;;;;;;;;;;;;;X;;;;
1303A000004;1303A0000-04;FLOW CONTROL VALVE;OVERHAUL;;;;X;X;X;X;X;;;;;;;;;;;;;X;;;;;X;X;X;;;;;;;;;;;;;;;;;;;;;;;;;;;;;;;;;;;;;;;;;;;;;;;;;;;;;;;;;;;;;;;;;;;;;;X;;;;
1304000;1304-000;PRESSURE SWITCH;;BENCH TEST;;;X;X;;X;X;;;;;;;;;;;;;;;;;;;;;;;;;;;;;;;;;;;X;X;;;;;;;;;;;;;;;;;;;;;;;;;;;;;;;;;;;;;;;;;;;;;;;;;;;;;;;X;;;
13040011;130400-1-1;CABIN AIR PRESSURE OUTFLOW VALVE CONTROL;OVERHAUL;;;;X;;;;;;;;;X;;;;;;;;;;;;;;;;;;X;;;;;;;;;;;X;;;;;;;;;;;;;;;;;;;;;;;;;;;;;;;;;;;;;;;;;;;;;;;;;;;;;;;;X;;;;
13040021;130400-2-1;CABIN AIR PRESSURE OUTFLOW VALVE CONTROL;OVERHAUL;;;;X;;;;;;;;;X;;;;;;;;;;;;;;;;;;X;;;;;;;;;;;X;;;;;;;;;;;;;;;;;;;;;;;;;;;;;;;;;;;;;;;;;;;;;;;;;;;;;;;;X;;;;
1305441;130544-1;SELECTEUR PRESSION CABINE;;REPAIR;;;X;X;;;;;;;;;;;;;;;;;;;;;;;;;;;;;;;;;;;;;;;;;;;;;;;;;;;;;;;;;;;;;;;;;;;;;;;;;X;X;;;;;;X;;;;;;;;;;;;;;X;;;
1312A000001;1312A0000-01;BYPASS VALVE;OVERHAUL;;;;X;X;X;X;X;;;;;;;;;;;;;X;;;;;;;;;;;;;;;;;;;;;;;;;;;;;;;;;;;;;;;;;;;;;;;;;;;;;;;;;;;;;;;;;;;;;;;;;;;;;X;;;;
1312B000001;1312B0000-01;BYPASS VALVE;OVERHAUL;;;;X;X;X;X;X;;;;;;;;;;;;;X;;;;;;;;;;;;;;;;;;;;;;;;;;;;;;;;;;;;;;;;;;;;;;;;;;;;;;;;;;;;;;;;;;;;;;;;;;;;;X;;;;
1312B000002;1312B0000-02;BYPASS VALVE;OVERHAUL;;;;X;X;X;X;X;;;;;;;;;;;;;X;;;;;;;;X;;;;;;;;;;;;;;;;;;;;;;;;;;;;;;;;;;;;;;;;;;;;;;;;;;;;;;;;;;;;;;;;;;;;;X;;;;
1320A000001;1320A0000-01;TRIM AIR VALVE;OVERHAUL;;;;X;X;X;X;X;;;;;;;;;;;;;X;;;;X;X;X;X;X;X;;;;;;;;;;;;;;;;;;;;;;;;;;;;;;;;;;;;;;;;;;;;;;;;;;;;;;;;;;;;;;;;;;;;X;;;;
1320A000002;1320A0000-02;TRIM AIR VALVE;OVERHAUL;;;;X;X;X;X;X;;;;;;;;;;;;;X;;;;X;X;X;X;X;X;;;;;;;;;;;;;;;;;;;;;;;;;;;;;;;;;;;;;;;;;;;;;;;;;;;;;;;;;;;;;;;;;;;;X;;;;
1326;1326;REGULATOR, VOLTAGE;REPAIR;;;;X;X;X;X;X;;;X;;;X;;;;X;;;;;;;;;;;;;;;;;;;;;;;;;;;;;;;;;;;;;;;;;;;;;;;;;;;;;;;;;;;;;;;;;;;;;;;;;;;;;;;;X;;;;
1348D000;1348D000;COMPRESSOR ROTARY;;OVERHAUL;;;X;;;;;;;;;;;;;;;;;;;;;;;;;;;;;;;;;;;;;;;;;;;;;;;;;;;;;;;;;;;;;;;;;;;;;;;;;;;;;;;;;X;;;X;;;;;;;;;;;X;;;
134TS05H7V4AAC;134TS05H7V4AAC;PANEL, CENTRAL WARNING;REPAIR;;;;X;X;X;X;X;;;;;;X;;X;;X;X;;;;;;;;;;;;;;;;;;;;;;;;;;;;;;;;;;;;;;;;;;;;;;;;;;;;;;;;;;;;;;;;;;;;;;;;;;;;;;;X;;;;
134TS05H7V4AAD;134TS05H7V4AAD;PANEL, CENTRAL WARNING;REPAIR;;;;X;X;X;X;X;;;;;;X;;X;;X;X;;;;;;;;;;;;;;;;;;;;;;;;;;;;;;;;;;;;;;;;;;;;;;;;;;;;;;;;;;;;;;;;;;;;;;;;;;;;;;;X;;;;
134TS05H7V4AAE;134TS05H7V4AAE;PANEL, CENTRAL WARNING;REPAIR;;;;X;X;X;X;X;;;;;;X;;X;;X;X;;;;;;;;;;;;;;;;;;;;;;;;;;;;;;;;;;;;;;;;;;;;;;;;;;;;;;;;;;;;;;;;;;;;;;;;;;;;;;;X;;;;
134TS05H9V3AAB;134TS05H9V3AAB;PANEL, CENTRAL WARNING;REPAIR;;;;X;X;X;X;X;;;;;;X;;X;;X;X;;;;;;;;;;;;;;;;;;;;;;;;;;;;;;;;;;;;;;;;;;;;;;;;;;;;;;;;;;;;;;;;;;;;;;;;;;;;;;;X;;;;
135205100A;13-5205-100A;FLAP ACTUATOR BOX;;REPAIR;;;X;;;;;;;;;;;;;;;;;;;;;;;;;;;;;;;;;;;;;;;;;;;;;;;;;;;;;;;;;;;;;;;;;;;;;;;;;;;;;;;;;X;;;X;;;;;;;;;;;X;;;
135687;135687;BATTERY;;OVERHAUL;;DNR;X;X;;X;;;;;;X;;;;;;;;;;;;;;;;;;;;;;;;;;;;;;;;;;;;;;;;;;;X;;;;;X;;;;;;;;;;;;;;;;;;;;;;;;;;;;;;;;;;;;;;X;;;
13571M0DC;1357-1M0DC;WINDSHIELD CTL BOX;;BENCH TEST;;;X;X;;X;;;;;;;;;;;;;;;;;;;;;;;;;;;;;;;;;;;;;;;;;;X;;;X;;;;;;;;;;;;;;;;;;;;;;;;;;;;;;;;;;;;;;;;;;;;;;;X;;;
13571M0DC1;1357-1M0DC-1;WINDSHIELD CTL BOX;;REPAIR;;;X;;;;;;;;;;;;;;;;;;;;;;;;;;;;;;;;;;;;;;;;;;;;;X;;;X;;;;;;;;;;;;;;;;;;;;;;;;;;;;;;;;;;;;;;;;;;;;;;;X;;;
136A62;136A6-2;VALVE-DR;;BENCH TEST;;;X;X;;;;;;;;;;;;;;;;;;;;;;;;;;;;;;;;;;;;;;X;X;;;;;;;;;;;;;;;;;;;;;;;;;;;;;;;;;;;;;;;;;;;;;;;;;;;;;;;X;;;
1370100;1370-100;PRESSURE SWITCH HYD.;;BENCH TEST;;;X;X;;X;;;;;;;;;;;;;;;;;;;;;;;;;;;;;;;;;;;;X;X;;;;;;;;;;;;;;;;;;;;;;;;;;;;;;;;;;;;;;;;;;;;;;;;;;;;;;;X;;;
1379002;137900-2;ACTUATOR;;REPAIR;;;X;X;;;;;;;;;;;;;;;;;;;;;;;;;;;;;;;;;;;;;;;;;;;;;;;;;;;;;;;;;;;;;;;;;;;;;;;;;;;;;;;;;;;;;;;;X;X;;;;;X;;;
139000;139000;CIRCUIT CARD ASSEMBLY;REPAIR;;;;X;X;X;X;X;;;;;;X;;;;;;;;;;;;;;;;;;;;;;;;;;;;;;;;;;;;;;;;;;;;;;;;;;;;;;;;;;;;;;;;;;;;;;;;;;;;;;;;;;;;X;;;;
139001;139001;CIRCUIT CARD ASSEMBLY;REPAIR;;;;X;X;X;X;X;;;;;;X;;;;;;;;;;;;;;;;;;;;;;;;;;;;;;;;;;;;;;;;;;;;;;;;;;;;;;;;;;;;;;;;;;;;;;;;;;;;;;;;;;;;X;;;;
1394A000001;1394A0000-01;TEMPERATURE CONTROL VALVE;OVERHAUL;;;;X;X;X;X;X;;;;;;;;;;;;;X;;;;;;;;X;X;;;;;;;;;;;;;;;;;;;;;;;;;;;;;;;;;;;;;;;;;;;;;;;;;;;;;;;;;;;;;;;;;;;;X;;;;
13C15R212170000;13C15R212170000;CHEMICAL OXYGEN CONTAINER ASSEMBLY;REPAIR;;;;X;X;X;X;X;;;;;;;;;;;;;X;;;;;;;;X;X;;;;;;;;;;;;;;;;;;;;;;;;;;;;;;;;;;;;;;;;;;;;;;;;;;;;;;;;;;;;;;;;;;;;X;;;;
13C22L212170004;13C22L212170004;CHEMICAL OXYGEN CONTAINER ASSEMBLY;REPAIR;;;;X;X;X;X;X;;;;;;;;;;;;;X;;;;;X;;;X;X;;;;;;;;;;;;;;;;;;;;;;;;;;;;;;;;;;;;;;;;;;;;;;;;;;;;;;;;;;;;;;;;;;;;X;;;;
13C22L2F2170004;13C22L2F2170004;CHEMICAL OXYGEN CONTAINER ASSEMBLY;REPAIR;;;;X;X;X;X;X;;;;;;;;;;;;;X;;;X;;;;;X;X;;;;;;;;;;;;;;;;;;;;;;;;;;;;;;;;;;;;;;;;;;;;;;;;;;;;;;;;;;;;;;;;;;;;X;;;;
13C22R212170004;13C22R212170004;CHEMICAL OXYGEN CONTAINER ASSEMBLY;REPAIR;;;;X;X;X;X;X;;;;;;;;;;;;;X;;;;;X;;;X;X;;;;;;;;;;;;;;;;;;;;;;;;;;;;;;;;;;;;;;;;;;;;;;;;;;;;;;;;;;;;;;;;;;;;X;;;;
14000100;1400-01-00;COFFEE MAKER DA14;REPAIR;;;;X;X;X;X;X;;;;;;;;;;;;;X;X;X;X;;;;;;;;;;;;;;;;;;;;;;;;;;;;;;;;;;;;;;;;;;;;;;;;;;;;;;;;;;;;;;;;;;;;;;;;;;X;;;;
140071;140-071;SENSOR WHEEL SPEED;;OVERHAUL;;;X;X;;X;;;;;;;;;;;;;;;;;;;;;;;;;;;;;;;;;;;;X;X;;;;;;;;;;;;;;;;;;;;;;;;;;;;;;;;;;;;;;;;;;;;;;;;;;;;;;;X;;;
14010100;1401-01-00;COFFEE MAKER DA14;REPAIR;;;;X;X;X;X;X;;;;;;;;;;;;;X;;;;;;;;;;;;;;;;;;;;;;;;;;;;;;;;;;;;;;;;;;;;;;;;;;;;;;;;;;;;;;;;;;;;;;;;;;;;;X;;;;
1404KID2;1404KID-2;FIVE-TANK INDICATOR;REPAIR;;;;X;X;X;X;X;;;X;;;;;;;;;;X;;X;X;;;;;;;;;;;;;;;;;;;;;;;;;;;;;;;;;;;;;;;;;;;;;;;;;;;;;;;;;;;;;;;;;;;;;;;;;;X;;;;
1404KID52;1404KID52;FIVE-TANK INDICATOR;REPAIR;;;;X;X;X;X;X;;;;;;;;;;;;;X;;X;X;;;;;;;;;;;;;;;;;;;;;;;;;;;;;;;;;;;;;;;;;;;;;;;;;;;;;;;;;;;;;;;;;;;;;;;;;;X;;;;
1405KID2;1405KID-2;FIVE-TANK INDICATOR;REPAIR;;;;X;X;X;X;X;;;X;;;;;;;;;;X;;X;X;;;;;;;;;;;;;;;;;;;;;;;;;;;;;;;;;;;;;;;;;;;;;;;;;;;;;;;;;;;;;;;;;;;;;;;;;;X;;;;
1405KID52;1405KID52;FIVE-TANK INDICATOR;REPAIR;;;;X;X;X;X;X;;;;;;;;;;;;;X;;X;X;;;;;;;;;;;;;;;;;;;;;;;;;;;;;;;;;;;;;;;;;;;;;;;;;;;;;;;;;;;;;;;;;;;;;;;;;;X;;;;
1407KID0102;1407KID-01-02;FUEL QUANTITY INDICATOR;REPAIR;;;;X;X;X;X;X;;;;;;;;;;;;;X;;;;X;X;X;;;;;;;;;;;;;;;;;;;;;;;;;;;;;;;;;;;;;;;;;;;;;;;;;;;;;;;;;;;;;;;;;;;;;;;X;;;;
1407KID0102;1407KID01-02;FUEL QUANTITY INDICATOR;REPAIR;;;;X;X;X;X;X;;;;;;;;;;;;;X;;;;X;X;X;;;;;;;;;;;;;;;;;;;;;;;;;;;;;;;;;;;;;;;;;;;;;;;;;;;;;;;;;;;;;;;;;;;;;;;X;;;;
1407KID0203;1407KID-02-03;FUEL QUANTITY INDICATOR;REPAIR;;;;X;X;X;X;X;;;;;;;;;;;;;X;;;;X;X;X;;;;;;;;;;;;;;;;;;;;;;;;;;;;;;;;;;;;;;;;;;;;;;;;;;;;;;;;;;;;;;;;;;;;;;;X;;;;
1407KID0203;1407KID02-03;FUEL QUANTITY INDICATOR;REPAIR;;;;X;X;X;X;X;;;;;;;;;;;;;X;;;;X;X;X;;;;;;;;;;;;;;;;;;;;;;;;;;;;;;;;;;;;;;;;;;;;;;;;;;;;;;;;;;;;;;;;;;;;;;;X;;;;
1407KIDC101;1407KID-C1-01;FUEL QUANTITY INDICATOR;REPAIR;;;;X;X;X;X;X;;;;;;;;;;;;;X;;;;X;X;X;;;;;;;;;;;;;;;;;;;;;;;;;;;;;;;;;;;;;;;;;;;;;;;;;;;;;;;;;;;;;;;;;;;;;;;X;;;;
1407KIDC101;1407KIDC1-01;FUEL QUANTITY INDICATOR;REPAIR;;;;X;X;X;X;X;;;;;;;;;;;;;X;;;;X;X;X;;;;;;;;;;;;;;;;;;;;;;;;;;;;;;;;;;;;;;;;;;;;;;;;;;;;;;;;;;;;;;;;;;;;;;;X;;;;
14080;14080;4-WAY SELECTOR VALVE;OVERHAUL;;;;X;;;;;;;;;;;;;;;;;;;;;;;;;;;;;;;;;;;;;;;;;;;;;;;;;;;;;;;;;;;;;;;;;;;;;;;;;;;;;;;;;X;;X;;;;;;;;;;;X;;;;
14080001;14080-001;VALVE, DOUBLE PARKING;OVERHAUL;;;;X;X;X;X;X;;;X;;;X;;X;;;;;;;;;;;;;;;;;;;;;;;;;;;;;;;;;;;;;;;;;;;;;;;;;;;;;;;;;;;;;;;;;;;;;;;;;;;;;;;;;;X;;;;
140801;14080-1;VALVE CONTROL DIRECTION;OVERHAUL;;;;X;;;;;;;;;;;;;;;;;;;;;;;;;;;;;;;;;;;;;;;;;;;;;;;;;;;;;;;;;;;;;;;;;;;;;;;;;;;;;;;;;X;;X;;;;;;;;;;;X;;;;
140FL01D3Y1;140FL01D3Y1;TOGGLE SWITCH;BENCH TEST;;;;X;X;X;X;X;;;;;;;;;;;;;X;;;;;;;;;;;;;;;;;;;;;;;;;;;;;;;;;;;;;;;;;;;;;;;;;;;;;;;;;;;;;;;;;;;;;;;;;;;;;X;;;;
1410KID01;1410KID-01;MULTI-TANK INDICATOR FQIS;REPAIR;;;;X;X;X;X;X;;;X;;;;;;;;;;X;;X;X;;;;;;;;;;;;;;;;;;;;;;;;;;;;;;;;;;;;;;;;;;;;;;;;;;;;;;;;;;;;;;;;;;;;;;;;;;X;;;;
1410KID01;1410KID01;MULTI-TANK INDICATOR FQIS;REPAIR;;;;X;X;X;X;X;;;X;;;;;;;;;;X;;X;X;;;;;;;;;;;;;;;;;;;;;;;;;;;;;;;;;;;;;;;;;;;;;;;;;;;;;;;;;;;;;;;;;;;;;;;;;;X;;;;
1410KID51;1410KID51;MULTI-TANK INDICATOR FQIS;REPAIR;;;;X;X;X;X;X;;;X;;;;;;;;;;X;X;X;X;;;;;;;;;;;;;;;;;;;;;;;;;;;;;;;;;;;;;;;;;;;;;;;;;;;;;;;;;;;;;;;;;;;;;;;;;;X;;;;
1411KID01;1411KID-01;MULTI-TANK INDICATOR FQIS;REPAIR;;;;X;X;X;X;X;;;X;;;;;;;;;;X;;X;X;;;;;;;;;;;;;;;;;;;;;;;;;;;;;;;;;;;;;;;;;;;;;;;;;;;;;;;;;;;;;;;;;;;;;;;;;;X;;;;
1411KID01;1411KID01;MULTI-TANK INDICATOR FQIS;REPAIR;;;;X;X;X;X;X;;;X;;;;;;;;;;X;;X;X;;;;;;;;;;;;;;;;;;;;;;;;;;;;;;;;;;;;;;;;;;;;;;;;;;;;;;;;;;;;;;;;;;;;;;;;;;X;;;;
1411KID51;1411KID51;MULTI-TANK INDICATOR FQIS;REPAIR;;;;X;X;X;X;X;;;X;;;;;;;;;;X;X;X;X;;;;;;;;;;;;;;;;;;;;;;;;;;;;;;;;;;;;;;;;;;;;;;;;;;;;;;;;;;;;;;;;;;;;;;;;;;X;;;;
1412KID0102;1412KID-01-02;FUEL QUANTITY INDICATOR;REPAIR;;;;X;X;X;X;X;;;;;;;;;;;;;X;;;;X;X;X;X;;;;;;;;;;;;;;;;;;;;;;;;;;;;;;;;;;;;;;;;;;;;;;;;;;;;;;;;;;;;;;;;;;;;;;X;;;;
1412KID0102;1412KID01-02;FUEL QUANTITY INDICATOR;REPAIR;;;;X;X;X;X;X;;;;;;;;;;;;;X;;;;X;X;X;X;;;;;;;;;;;;;;;;;;;;;;;;;;;;;;;;;;;;;;;;;;;;;;;;;;;;;;;;;;;;;;;;;;;;;;X;;;;
1412KID0203;1412KID-02-03;FUEL QUANTITY INDICATOR;REPAIR;;;;X;X;X;X;X;;;;;;;;;;;;;X;;;;X;X;X;X;;;;;;;;;;;;;;;;;;;;;;;;;;;;;;;;;;;;;;;;;;;;;;;;;;;;;;;;;;;;;;;;;;;;;;X;;;;
1412KID0203;1412KID02-03;FUEL QUANTITY INDICATOR;REPAIR;;;;X;X;X;X;X;;;;;;;;;;;;;X;;;;X;X;X;X;;;;;;;;;;;;;;;;;;;;;;;;;;;;;;;;;;;;;;;;;;;;;;;;;;;;;;;;;;;;;;;;;;;;;;X;;;;
14131020;141-31020;SUN VISOR;;REPAIR;;;X;;;;;;;;;;;;;;;;;;;;;;;;;;;;;;;;;;;;;;;;;;;;;;;;;;;;;;;;;;;;;;;;;;;;;;;;;;;;;;;;;;;;;;;;;X;X;;;;;X;;X;
1414KID01;1414KID-01;MULTI-TANK INDICATOR FQIS;REPAIR;;;;X;X;X;X;X;;;X;;;;;;;;;;X;;X;X;;;;;;;;;;;;;;;;;;;;;;;;;;;;;;;;;;;;;;;;;;;;;;;;;;;;;;;;;;;;;;;;;;;;;;;;;;X;;;;
1414KID01;1414KID01;MULTI-TANK INDICATOR FQIS;REPAIR;;;;X;X;X;X;X;;;X;;;;;;;;;;X;;X;X;;;;;;;;;;;;;;;;;;;;;;;;;;;;;;;;;;;;;;;;;;;;;;;;;;;;;;;;;;;;;;;;;;;;;;;;;;X;;;;
1414KID51;1414KID51;MULTI-TANK INDICATOR FQIS;REPAIR;;;;X;X;X;X;X;;;X;;;;;;;;;;X;X;X;X;;;;;;;;;;;;;;;;;;;;;;;;;;;;;;;;;;;;;;;;;;;;;;;;;;;;;;;;;;;;;;;;;;;;;;;;;;X;;;;
1415KID01;1415KID-01;MULTI-TANK INDICATOR FQIS;REPAIR;;;;X;X;X;X;X;;;X;;;;;;;;;;X;;X;X;;;;;;;;;;;;;;;;;;;;;;;;;;;;;;;;;;;;;;;;;;;;;;;;;;;;;;;;;;;;;;;;;;;;;;;;;;X;;;;
1415KID01;1415KID01;MULTI-TANK INDICATOR FQIS;REPAIR;;;;X;X;X;X;X;;;X;;;;;;;;;;X;;X;X;;;;;;;;;;;;;;;;;;;;;;;;;;;;;;;;;;;;;;;;;;;;;;;;;;;;;;;;;;;;;;;;;;;;;;;;;;X;;;;
1415KID51;1415KID51;MULTI-TANK INDICATOR FQIS;REPAIR;;;;X;X;X;X;X;;;X;;;;;;;;;;X;X;X;X;;;;;;;;;;;;;;;;;;;;;;;;;;;;;;;;;;;;;;;;;;;;;;;;;;;;;;;;;;;;;;;;;;;;;;;;;;X;;;;
1418KID0103;1418KID-01-03;MULTI TANK INDICATOR;REPAIR;;;;X;X;X;X;X;;;;;;;;;;;;;X;;;;;X;X;;;;;;;;;;;;;;;;;;;;;;;;;;;;;;;;;;;;;;;;;;;;;;;;;;;;;;;;;;;;;;;;;;;;;;;X;;;;
1419KID0103;1419KID-01-03;MULTI TANK INDICATOR;REPAIR;;;;X;X;X;X;X;;;;;;;;;;;;;X;;;;;;X;;;;;;;;;;;;;;;;;;;;;;;;;;;;;;;;;;;;;;;;;;;;;;;;;;;;;;;;;;;;;;;;;;;;;;;X;;;;
141GA01;141GA01;CONTROL AND PROTECTION BOX;OVERHAUL;;;;X;X;X;X;X;;;;;;X;;;;X;;;;;;;;;;;;;;;;;;;;;;;;;;;;;;;;;;;;;;;;;;;;;;;;;;;;;;;;;;;;;;;;;;;;;;;;;;;;;;;;X;;;;
141GA01B;141GA01B;CONTROL AND PROTECTION BOX;OVERHAUL;;;;X;X;X;X;X;;;;;;X;;;;X;;;;;;;;;;;;;;;;;;;;;;;;;;;;;;;;;;;;;;;;;;;;;;;;;;;;;;;;;;;;;;;;;;;;;;;;;;;;;;;;X;;;;
1420KID11;1420KID1-1;MULTI - TANK INDICATOR;REPAIR;;;;X;X;X;X;X;;;;;;;;;;;;;X;;;X;;;;;;;;;;;;;;;;;;;;;;;;;;;;;;;;;;;;;;;;;;;;;;;;;;;;;;;;;;;;;;;;;;;;;;;;;;X;;;;
1420KID511;1420KID51-1;MULTI - TANK INDICATOR;REPAIR;;;;X;X;X;X;X;;;;;;;;;;;;;X;;;X;;;;;;;;;;;;;;;;;;;;;;;;;;;;;;;;;;;;;;;;;;;;;;;;;;;;;;;;;;;;;;;;;;;;;;;;;;X;;;;
1421KID11;1421KID1-1;MULTI - TANK INDICATOR;REPAIR;;;;X;X;X;X;X;;;;;;;;;;;;;X;;;X;;;;;;;;;;;;;;;;;;;;;;;;;;;;;;;;;;;;;;;;;;;;;;;;;;;;;;;;;;;;;;;;;;;;;;;;;;X;;;;
1421KID511;1421KID51-1;MULTI - TANK INDICATOR;REPAIR;;;;X;X;X;X;X;;;;;;;;;;;;;X;;;X;;;;;;;;;;;;;;;;;;;;;;;;;;;;;;;;;;;;;;;;;;;;;;;;;;;;;;;;;;;;;;;;;;;;;;;;;;X;;;;
1422KID0203;1422KID-02-03;FUEL QUANTITY INDICATOR;REPAIR;;;;X;X;X;X;X;;;;;;;;;;;;;X;;;;X;X;X;;;;;;;;;;;;;;;;;;;;;;;;;;;;;;;;;;;;;;;;;;;;;;;;;;;;;;;;;;;;;;;;;;;;;;;X;;;;
1422KID0203;1422KID02-03;FUEL QUANTITY INDICATOR;REPAIR;;;;X;X;X;X;X;;;;;;;;;;;;;X;;;;X;X;X;;;;;;;;;;;;;;;;;;;;;;;;;;;;;;;;;;;;;;;;;;;;;;;;;;;;;;;;;;;;;;;;;;;;;;;X;;;;
1423KID0203;1423KID-02-03;FUEL QUANTITY INDICATOR;REPAIR;;;;X;X;X;X;X;;;;;;;;;;;;;X;;;;X;X;X;X;;;;;;;;;;;;;;;;;;;;;;;;;;;;;;;;;;;;;;;;;;;;;;;;;;;;;;;;;;;;;;;;;;;;;;X;;;;
1423KID0203;1423KID02-03;FUEL QUANTITY INDICATOR;REPAIR;;;;X;X;X;X;X;;;;;;;;;;;;;X;;;;X;X;X;X;;;;;;;;;;;;;;;;;;;;;;;;;;;;;;;;;;;;;;;;;;;;;;;;;;;;;;;;;;;;;;;;;;;;;;X;;;;
142995;142995;MOTOR ACTUATED SHUT OFF VALVE;OVERHAUL;;;;X;;;;;;;;;X;;;;;;;;;;;;;;;;;;X;;;;;;;;;;;X;;;;;;;;;;;;;;;;;;;;;;;;;;;;;;;;;;;;;;;;;;;;;;;;;;;;;;;;X;;;;
1429951;142995-1;MOTOR ACTUATED SHUT OFF VALVE;OVERHAUL;;;;X;;;;;;;;;X;;;;;;;;;;;;;;;;;;X;;;;;;;;;;;X;;;;;;;;;;;;;;;;;;;;;;;;;;;;;;;;;;;;;;;;;;;;;;;;;;;;;;;;X;;;;
1429952;142995-2;MOTOR ACTUATED SHUT OFF VALVE;OVERHAUL;;;;X;;;;;;;;;X;;;;;;;;;;;;;;;;;;X;;;;;;;;;;;X;;;;;;;;;;;;;;;;;;;;;;;;;;;;;;;;;;;;;;;;;;;;;;;;;;;;;;;;X;;;;
142GA01Y03;142GA01Y03;ALTERNATOR PROTECTION CARD;REPAIR;;;;X;X;X;X;X;;;;;;X;;;;;X;;;;;;;;;;;;;;;;;;;;;;;;;;;;;;;;;;;;;;;;;;;;;;;;;;;;;;;;;;;;;;;;;;;;;;;;;;;;;;;X;;;;
142GA01Y04;142GA01Y04;ALTERNATOR PROTECTION CARD;REPAIR;;;;X;X;X;X;X;;;;;;X;;X;;;X;;;;;;;;;;;;;;;;;;;;;;;;;;;;;;;;;;;;;;;;;;;;;;;;;;;;;;;;;;;;;;;;;;;;;;;;;;;;;;;X;;;;
142GA01Y05;142GA01Y05;ALTERNATOR PROTECTION CARD;REPAIR;;;;X;X;X;X;X;;;;;;X;;;;;X;;;;;;;;;;;;;;;;;;;;;;;;;;;;;;;;;;;;;;;;;;;;;;;;;;;;;;;;;;;;;;;;;;;;;;;;;;;;;;;X;;;;
14302211;14302-211;TIMER ASSEMBLY;;REPAIR;;;X;X;;X;;;;;;;;;;;;;;;;;;;;;;;;;;;;;;;;;;;;X;;;;X;;;;;;;;;;;;;;;;;;;;;;;;;;;;;;;;;;;;;;;;;;;;;;;;;;;;X;;;
1434D000;1434D000;ROTARY COMPRESSOR;;REPAIR;;;X;;;;;;;;;;;;;;;;;;;;;;;;;;;;;;;;;;;;;;;;;;;;;;;;;;;;;;;;;;;;;;;;;;;;;;;;;;;;;;;;;X;;;X;;;;;;;;;;;X;;;
14352001;14352-001;PUMP;;REPAIR;;;X;X;;X;;;;;;;;;;;;;;;;;;;;;;;;;;;;;;;;;;;;X;X;;;;;;;;;;;;;;;;;;;;;;;;;;;;;;;;;;;;;;;;;;;;;;;;;;;;;;;X;;;
14352009;14352-009;PUMP;;REPAIR;;;X;X;;X;;;;;;;;;;;;;;;;;;;;;;;;;;;;;;;;;;;;X;;;;X;;;;;;;;;;;;;;;;;;;;;;;;;;;;;;;;;;;;;;;;;;;;;;;;;;;;X;;;
14352010;14352-010;VALVE ASSY;;REPAIR;;;X;X;;X;;;;;;;;;;;;;;;;;;;;;;;;;;;;;;;;;;;;;;;;;;;;;;;;;;;;;;;;;;;;;;;;;X;;;;;;;;;;;;;X;;;;;;;;;;;;;;X;;;
14521338401;145-21338-401;MODULE ASSY;;REPAIR;;;X;X;;X;;;;;;;;;;;;;;;;;;;;;;;;;;;;;;;;;;;;;;;;;;X;;;;;X;;;;;;;;;;;;;;;;;;;;;;;;;;;;;;;;;;;;;;;;;;;;;X;;X;
14530733401;145-30733-401;PANEL FLOOR ASSY;;REPAIR;;;X;X;;;;;;;;;;;;;;;;;;;;;;;;;;;;;;;;;;;;;;;;;;;;X;;;;;X;;;;;;;;;;;;;;;;;;;;;;;;;;;;;;;;;;;;;;;;;;;;;X;;X;
14533022403;145-33022-403;SPOILER;;REPAIR;;;X;X;;X;;;;;;;;;;;;;;;;;;;;;;;;;;;;;;;;;;;;;;;;;;X;;;;;X;;;;;;;;;;;;;;;;;;;;;;;;;;;;;;;;;;;;;;;;;;;;;X;;;
14533022407;145-33022-407;SPOILER CONTROL UNIT;;REPAIR;;;X;X;;X;;;;;;;;;;;;;;;;;;;;;;;;;;;;;;;;;;;;;;;;;;X;;;;;X;;;;;;;;;;;;;;;;;;;;;;;;;;;;;;;;;;;;;;;;;;;;;X;;;
14533022411;145-33022-411;SPOILER CONTROL UNIT EQPD;;REPAIR;;;X;X;;X;;;;;;;;;;;;;;;;;;;;;;;;;;;;;;;;;;;;;;;;;;X;;;;;X;;;;;;;;;;;;;;;;;;;;;;;;;;;;;;;;;;;;;;;;;;;;;X;;;
14537480411;145-37480-411;FAIRING ASSY;;REPAIR;;;X;X;;;;;;;;;;;;;;;;;;;;;;;;;;;;;;;;;;;;;;;;;;;;X;;;;;X;;;;;;;;;;;;;;;;;;;;;;;;;;;;;;;;;;;;;;;;;;;;;X;;X;
1453PGCP115;1453PG-CP-1-15;FUEL PRESS TRANSMITTER;;REPAIR;;;X;X;;;;;;;;;;;;;;;;;;;;;;;;;;;;;;;;;;;;;;;;;;;;;;;;;;;;;;;;;;;;;;;;;;;;;;;;;;;;;;;;;;;;;;;;X;X;;;;;X;;;
14540856401;145-40856-401;DOOR SERVICE ASSY;;INSPECTION;;;X;X;;;;;;;;;;;;;;;;;;;;;;;;;;;;;;;;;;;;;;;;;;;;X;;;;;X;;;;;;;;;;;;;;;;;;;;;;;;;;;;;;;;;;;;;;;;;;;;;X;;X;
14569000424;145-69000-424;RH AILERON ASSEMBLY;;REPAIR;;;X;X;;;;;;;;;;;;;;;;;;;;;;;;;;;;;;;;;;;;;;;;;;;;X;;;;;X;;;;;;;;;;;;;;;;;;;;;;;;;;;;;;;;;;;;;;;;;;;;;X;;X;
14569389401;145-69389-401;LH AILERON ASSEMBLY;;REPAIR;;;X;X;;;;;;;;;;;;;;;;;;;;;;;;;;;;;;;;;;;;;;;;;;;;X;;;;;X;;;;;;;;;;;;;;;;;;;;;;;;;;;;;;;;;;;;;;;;;;;;;X;;X;
1495034;14950-34;OXYGEN REGULATOR;OVERHAUL;;;;X;;;;;;;;;;;;;;;;;;;;;;;;;;;;;;;;;;;;;;;;;;;;;;;;;;;;;;;;;;;;;;;;;;;;;;;;;;;;;;;;;X;;X;;;;;;;;;;;X;;;;
1495034M;14950-34M;OXYGEN REGULATOR;OVERHAUL;;;;X;;;;;;;;;;;;;;;;;;;;;;;;;;;;;;;;;;;;;;;;;;;;;;;;;;;;;;;;;;;;;;;;;;;;;;;;;;;;;;;;;X;;X;;;;;;;;;;;X;;;;
149786202;14-97862-02;MOTOR;;REPAIR;;;X;X;;;;;;;;;;;;;;;;;;;;;;;;;;;;;;;;;;;;;;;;;;;;;;;;;;;;;;;;;;;;;;;;;;;;;;;;;;;;;;;;X;;;;;;X;;;;;;;;X;;;
14C15L212170000;14C15L212170000;CHEMICAL OXYGEN CONTAINER ASSEMBLY;REPAIR;;;;X;X;X;X;X;;;;;;;;;;;;;X;;;X;;X;X;X;X;X;;;;;;;;;;;;;;;;;;;;;;;;;;;;;;;;;;;;;;;;;;;;;;;;;;;;;;;;;;;;;;;;;;;;X;;;;
14C15L212170004;14C15L212170004;CHEMICAL OXYGEN CONTAINER ASSEMBLY;REPAIR;;;;X;X;X;X;X;;;;;;;;;;;;;X;;;X;X;X;X;X;X;X;;;;;;;;;;;;;;;;;;;;;;;;;;;;;;;;;;;;;;;;;;;;;;;;;;;;;;;;;;;;;;;;;;;;X;;;;
14C15R212170000;14C15R212170000;CHEMICAL OXYGEN CONTAINER ASSEMBLY;REPAIR;;;;X;X;X;X;X;;;;;;;;;;;;;X;;;X;;X;X;X;X;X;;;;;;;;;;;;;;;;;;;;;;;;;;;;;;;;;;;;;;;;;;;;;;;;;;;;;;;;;;;;;;;;;;;;X;;;;
14C15R212170004;14C15R212170004;CHEMICAL OXYGEN CONTAINER ASSEMBLY;REPAIR;;;;X;X;X;X;X;;;;;;;;;;;;;X;;;X;X;X;X;X;X;X;;;;;;;;;;;;;;;;;;;;;;;;;;;;;;;;;;;;;;;;;;;;;;;;;;;;;;;;;;;;;;;;;;;;X;;;;
14C15R232080000;14C15R232080000;CHEMICAL OXYGEN CONTAINER ASSEMBLY;REPAIR;;;;X;X;X;X;X;;;;;;;;;;;;;X;;;;;;;;X;;;;;;;;;;;;;;;;;;;;;;;;;;;;;;;;;;;;;;;;;;;;;;;;;;;;;;;;;;;;;;;;;;;;;X;;;;
14C22R212170004;14C22R212170004;CHEMICAL OXYGEN CONTAINER ASSEMBLY;REPAIR;;;;X;X;X;X;X;;;;;;;;;;;;;X;;;;;X;;;X;X;;;;;;;;;;;;;;;;;;;;;;;;;;;;;;;;;;;;;;;;;;;;;;;;;;;;;;;;;;;;;;;;;;;;X;;;;
150T361;150T36-1;SWITCH;;BENCH TEST;;;X;X;;X;;;;;;;;;;;;;;;;;;;;;;;;;;;;;;;;;;;;;;;;;;;;;;;;;;;;;;;;;;;;;;;;;;;;;;;;;;;;;;;;;;;;;;X;;;X;;;X;;;
150T362;150T36-2;SWITCH;;BENCH TEST;;;X;X;;X;;;;;;;;;;;;;;;;;;;;;;;;;;;;;;;;;;;;;;;;;;;;;;;;;;;;;;;;;;;;;;;;;;;;;;;;;;;;;;;;;;;;;;X;;;X;;;X;;;
151CH1;151CH1;AIRCRAFT BATTERY;OVERHAUL;BENCH TEST;;DNR;X;X;X;X;X;;;;;;X;X;;;;;;;;;;;;;;;;;;;;;;;;;;;;;;;;;;;;;;;;;;;;;;;;;;;;;;;;;;;;;;;;;;;;;;;;;;;;;;;;;;;X;X;;;
151CH2;151CH2;AIRCRAFT BATTERY;OVERHAUL;;;;X;X;X;X;X;;;;;;X;X;;;;;;;;;;;;;;;;;;;;;;;;;;;;;;;;;;;;;;;;;;;;;;;;;;;;;;;;;;;;;;;;;;;;;;;;;;;;;;;;;;;X;;;;
152CA01C102Y1;152CA01C1-02Y1;THREE POLE CONTACTOR;REPAIR;;;;X;X;X;X;;;;;;;;;;;;;;X;X;X;X;;;;;;;;;;;;;;;;;;;;;;;;;;;;;;;;;;;;;;;;;;;;;;;;;;;;;;;;;;;;;;;;;;;;;;;;;;X;;;;
153912B;1539-12B;VOLTAGE REGULATOR;;REPAIR;;DNR;X;X;;;;;;;;;;;;;;;;;;;;;;;;;;;;;;;;;;;;;;;;;;;;;;;;;;;;;;;;;;;;;;;;;;;;;;;;;;;;;;;;;;;;;;;;X;;X;;;;X;;;
153912B;1539-12-B;VOLTAGE REGULATOR;;REPAIR;;DNR;X;X;;;;;;;;;;;;;;;;;;;;;;;;;;;;;;;;;;;;;;;;;;;;;;;;;;;;;;;;;;;;;;;;;;;;;;;;;;;;;;;;;;;;;;;;X;;X;;;;X;;;
153912E;1539-12E;VOLTAGE REGULATOR;;REPAIR;;DNR;X;X;;;;;;;;;;;;;;;;;;;;;;;;;;;;;;;;;;;;;;;;;;;;;;;;;;;;;;;;;;;;;;;;;;;;;;;;;;;;;;;;;;;;;;;;X;;X;;;;X;;;
155001011;15500-1011;CLG RETRACTION ACTUATOR;OVERHAUL;;;;X;X;X;X;X;;;X;;;;;;;;;;X;;;;;;;;X;X;;;;;;;;;;;;;;;;;;;;;;;;;;;;;;;;;;;;;;;;;;;;;;;;;;;;;;;;;;;;;;;;;;;;X;;;;
15500103;15500-103;CLG RETRACTION ACTUATOR;OVERHAUL;;;;X;X;X;X;X;;;X;;;;;;;;;;X;;;;;;;;X;X;;;;;;;;;;;;;;;;;;;;;;;;;;;;;;;;;;;;;;;;;;;;;;;;;;;;;;;;;;;;;;;;;;;;X;;;;
155001031;15500-1031;CLG RETRACTION ACTUATOR;OVERHAUL;;;;X;X;X;X;X;;;X;;;;;;;;;;X;;;;;;;;X;X;;;;;;;;;;;;;;;;;;;;;;;;;;;;;;;;;;;;;;;;;;;;;;;;;;;;;;;;;;;;;;;;;;;;X;;;;
155001051;15500-1051;CLG RETRACTION ACTUATOR;OVERHAUL;;;;X;X;X;X;X;;;X;;;;;;;;;;X;;;;;;;;X;X;;;;;;;;;;;;;;;;;;;;;;;;;;;;;;;;;;;;;;;;;;;;;;;;;;;;;;;;;;;;;;;;;;;;X;;;;
15506101;15506-101;CYLINDER ASSY;REPAIR;;;;X;X;X;X;X;;;;;;;;;;;;;X;;;;;;;;X;X;;;;;;;;;;;;;;;;;;;;;;;;;;;;;;;;;;;;;;;;;;;;;;;;;;;;;;;;;;;;;;;;;;;;X;;;;
1551000200D;155-1000-200D;TRANS PRES HUILE MOTEUR;;BENCH TEST;;;X;X;;;;;;;;;;;;;;;;;;;;;;;;;;;;;;;;;;;;;;;;;;;;;;;;;;;;;;;;;;;;;;;;;;;;;;;;;X;X;;;;;;X;;;;;;;;;;;;;;X;;;
155205100A;15-5205-100A;FLAP ACTUATOR BOX;;REPAIR;;;X;;;;;;;;;;;;;;;;;;;;;;;;;;;;;;;;;;;;;;;;;;;;;;;;;;;;;;;;;;;;;;;;;;;;;;;;;;;;;;;;;X;;;X;;;;;;;;;;;X;;;
15566521;155665-2-1;FUEL SENSING FLOW CT VALVE;;OVERHAUL;;;X;X;;X;;;;;;;;;;;;;;;;;;;;;;;;X;;;X;;;;;;;X;;;;;;;;;;;;;;;;;;;;;;;;;;;;;;;;;;;;;;;;;;;;;;;;;;;;;;;;;;X;;;
15566531;155665-3-1;FUEL SENSING FLOW CT VALVE;;OVERHAUL;;;X;X;;X;;;;;;;;;;;;;;;;;;;;;;;;X;;;X;;;;;;;;;;;;;;;;;;;;;;;;;;;;;;;;;;;;;;;;;;;;;;;;;;;;;;;;;;;;;;;;;X;;;
15566532;155665-3-2;FUEL SENSING FLOW CT VALVE;;OVERHAUL;;;X;X;;X;;;;;;;;;;;;;;;;;;;;;;;;X;;;X;;;;;;;;;;;;;;;;;;;;;;;;;;;;;;;;;;;;;;;;;;;;;;;;;;;;;;;;;;;;;;;;;X;;;
15566533;155665-3-3;FUEL SENSING FLOW CT VALVE;;OVERHAUL;;;X;X;;X;;;;;;;;;;;;;;;;;;;;;;;;X;;;X;;;;;;;;;;;;;;;;;;;;;;;;;;;;;;;;;;;;;;;;;;;;;;;;;;;;;;;;;;;;;;;;;X;;;
15566541;155665-4-1;FUEL SENSING FLOW CT VALVE;;OVERHAUL;;;X;X;;X;;;;;;;;;;;;;;;;;;;;;;;;X;;;X;;;;;;;;;;;;;;;;;;;;;;;;;;;;;;;;;;;;;;;;;;;;;;;;;;;;;;;;;;;;;;;;;X;;;
156;156;TRANSFO;;REPAIR;;;X;X;;X;;;;;;;;;;;;;;;;;;;;;;;;;;;;;;;;;;;;X;X;;;;;;;;;;;;;;;;;;;;;;;;;;;;;;;;;;;;;;;;;;;;;;;;;;;;;;;X;;;
1567A000001;1567A0000-01;MANUAL SELECTOR VALVE;OVERHAUL;;;;X;X;X;X;X;;;;;;;;;;;;;X;;;;;;X;;X;X;;;;;;;;;;;;;;;;;;;;;;;;;;;;;;;;;;;;;;;;;;;;;;;;;;;;;;;;;;;;;;;;;;;;X;;;;
15900008;15900-008;MOTOR-PUMP;;REPAIR;;;X;X;;X;;;;;;;;;;;;;;;;;;;;;;;;X;;;;;;;;;;X;;;; ;;;;;;;;;;;;;;;;;;;;;;;;;;;X;;X;;;;;;;;;;;;;;;;;;;;;;;;;X;;;
15900222;15900-222;MOTOR-PUMP;;REPAIR;;;X;X;X;X;;;;;;;;;;;;;;;;;;;;;;;; ;;;;;;;;;; ;;;;;;;;;;;;;;;;;;;;;;;;;;;;;;;X;;X;;;;;;;;;;;;;;;;;;;;;;;;;X;;;
15900223;15900-223;MOTOR-PUMP;;REPAIR;;;X;X;;X;;;;;;;;;;;;;;;;;;;;;;;;X;;;;;;;;;;X;;;;;;;;;;;;;;;;;;;;;;;;;;;;;;;;;;;;;;;;;;;;;;;;;;;;;;;;;;X;;;
15A101101;15A101-101;DUCT;;REPAIR;;;X;;;;;;;;;;;;;;;;;;;;;;;;;;;;;;;;;;;;;;;;;;;;;;;;;;;;;;;;;;;;;;;;;;;;X;;;;;;;;;;;;;X;;;;;;;;;;;;;;X;;X;
15A102101;15A102-101;DUCT ASSY- UPPER (A);;REPAIR;;;X;X;;;;;;;;;;;;;;;;;;;;;;;;;;;;;;;;;;;;;;;;;;;;;;;;;;;;;;;;;;;;;;;;;;;X;;;;;;;;;;;;;X;;;;;;;;;;;;;;X;;X;
15A103101;15A103-101;DUCT;;REPAIR;;;X;X;;;;;;;;;;;;;;;;;;;;;;;;;;;;;;;;;;;;;;;;;;;;;;;;;;;;;;;;;;;;;;;;;;;X;;;;;;;;;;;;;X;;;;;;;;;;;;;;X;;X;
15A1041;15A104-1;APU ENCLOSURE;;REPAIR;;;X;X;;;;;;;;;;;;;;;;;;;;;;;;;;;;;;;;;;;;;;;;;;;;;;;;;;;;;;;;;;;;;;;;;;;X;;;;X;;;;;;;;;;;;;;;;;;;;;;;X;;X;
15A104103;15A104-103;APU ENCLOSURE;;REPAIR;;;X;X;;;;;;;;;;;;;;;;;;;;;;;;;;;;;;;;;;;;;;;;;;;;;;;;;;;;;;;;;;;;;;;;;;;X;;;;X;;;;;;;;;;;;;;;;;;;;;;;X;;X;
15A105101;15A105-101;DUCT;;REPAIR;;;X;X;;;;;;;;;;;;;;;;;;;;;;;;;;;;;;;;;;;;;;;;;;;;;;;;;;;;;;;;;;;;;;;;;;;;;;;X;;;;;;;;;;;;;;;;;;;;;;;X;;X;
15A1501;15A150-1;ACCESS PANEL APU ENCLOSURE ;;REPAIR;;;X;X;;;;;;;;;;;;;;;;;;;;;;;;;;;;;;;;;;;;;;;;;;;;;;;;;;;;;;;;;;;;;;;;;;;X;;;;X;;;;;;;;;;;;;;;;;;;;;;;X;;X;
1600;1600;BATTERY;;OVERHAUL;;;X;;;;;;;;;;X;;;;X;;;;;;;;;;;;;;;;;;;;;;;;;;;;;;;;;;;;;;;;;;;;;;;;;;;;;;;;;;;;;;;;;;;;;;;;;;;;;;;;;X;;;
1600D000;1600D000;COOLING TURBINE;OVERHAUL;;;;X;X;X;X;X;;;;;;;;;;;;;;;;;;;;;;;;;;;;;;;;;;;X;;;;X;;;;;;;;;;;;;;;;;;;;;;;;;;;;;;;;;;;;;;;;;;;;;;;;;;;X;;;;
1600D000002;1600D000-002;COOLING TURBINE;OVERHAUL;;;;X;X;X;X;X;;;;;;;;;;;;;;;;;;;;;;;;;;;;;;;;;;;X;;;;X;;;;;;;;;;;;;;;;;;;;;;;;;;;;;;;;;;;;;;;;;;;;;;;;;;;X;;;;
1600D000003;1600D000-003;COOLING TURBINE;OVERHAUL;;;;X;X;X;X;X;;;;;;;;;;;;;;;;;;;;;;;;;;;;;;;;;;;X;;;;X;;;;;;;;;;;;;;;;;;;;;;;;;;;;;;;;;;;;;;;;;;;;;;;;;;;X;;;;
1600EV;1600-EV;BATTERY;;OVERHAUL;;;X;;;;;;;;;;X;;X;;X;;;;;;;;;;;;;;;;;;;;;;;;;;;;;;;;;;;;;;;;;;;;;;;;;;;;;;;;;;;;;;;;;;;;;;;;;;;;;;;;;X;;;
16060124C;160-60124C;CARTER RENIFLARD;;REPAIR;;;X;;;;;;;;;;;;;;;;;;;;;;;;;;;;;;;;;;;;;;;;;;;;;;;;;;;;;;;;;;;;;;;;;;;;;;;;;;;;;;;;;X;;;X;;;;;;;;;;;X;;;
16061;1606-1;AIRCRAFT BATTERY;OVERHAUL;;;;X;X;X;X;;;;;;;X;;X;X;;;;;;;;;;;;;;;;;;;;;;;;;;;;;;;;;;;;;;;;;;;;;;;;;;;;;;;;;;;;;;;;;;;;;;;;;;;;;;;;;X;;;;
160632226;160-632226;CARENAGE,ENROULEUR;;BENCH TEST;;;X;;;;;;;;;;;;;;;;;;;;;;;;;;;;;;;;;;;;;;;;;;;;;;;;;;;;;;;;;;;;;;;;;;;;;;;;;;;;;;;;;X;;;X;;;;;;;;;;;X;;;
160714618;160-714618;COFFRE DE RANGEMENT;;REPAIR;;;X;X;;;;;;;;;;;;;;;;;;;;;;;;;;;;;;;;;;;;;;;;;;;;;;;;;;;;;;;;;;;;;;;;;;;;;;;;;;;;;;;;X;;;X;;;;;;;;;;;X;;;
16073348;160-73348;RIDEAU,SEPARATEUR D;;REPAIR;;;X;;;;;;;;;;;;;;;;;;;;;;;;;;;;;;;;;;;;;;;;;;;;;;;;;;;;;;;;;;;;;;;;;;;;;;;;;;;;;;;;;X;;;X;;;;;;;;;;;X;;;
160888008;160-888008;BOITE A OUTILS EQUIPEMENT;;REPAIR;;;X;;;;;;;;;;;;;;;;;;;;;;;;;;;;;;;;;;;;;;;;;;;;;;;;;;;;;;;;;;;;;;;;;;;;;;;;;;;;;;;;;X;;;X;;;;;;;;;;;X;;;
160888070;160-888070;LOT OUTILLAGE ;;REPAIR;;;X;;;;;;;;;;;;;;;;;;;;;;;;;;;;;;;;;;;;;;;;;;;;;;;;;;;;;;;;;;;;;;;;;;;;;;;;;;;;;;;;;X;;;X;;;;;;;;;;;X;;;
161061;16106-1;BATTERY;;OVERHAUL;;DNR;X;;;;;;;;;;;;;;;;;;;;;;;;;;;;;;;;;;;;;;;;;;;;;;;;;;;;;;;;;;;;;;;;;;;;;;;;;;;;;;;;;X;;;;;;;;;;;;;;X;;;
161331135;161331-135;QSAS T-62T-40LC-2;OVERHAUL;;;;X;;;;;;;;;X;;;;;;;;;;;;;;;;;;X;;;;;;;;;;;X;;;;;;;;;;;;;;;;;;;;;;;;;;;;;;;;;;;;;;;;;;;;;;;;;;;;;;;;X;;;;
1613471;161347-1;SURGE CONTROL VALVE;OVERHAUL;;;;X;;;;;;;;;;;;;;;;;;;;;;;;;;;X;;;;;;;;;;;X;;;;;;;;;;;;;;;;;;;;;;;;;;;;;;;;;;;;;;;;;;;;;;;;;;;;;;;;X;;;;
1613473;161347-3;SURGE CONTROL VALVE;OVERHAUL;;;;X;;;;;;;;;;;;;;;;;;;;;;;;;;;X;;;;;;;;;;;X;;;;;;;;;;;;;;;;;;;;;;;;;;;;;;;;;;;;;;;;;;;;;;;;;;;;;;;;X;;;;
1613671;161367-1;IGV ACTUATOR;OVERHAUL;;;;X;;;;;;;;;X;;;;;;;;;;;;;;;;;;X;;;;;;;;;;;X;;;;;;;;;;;;;;;;;;;;;;;;;;;;;;;;;;;;;;;;;;;;;;;;;;;;;;;;X;;;;
161676203;161676-203;CONTROL ASSEMBLY FUEL;OVERHAUL;;;;X;;;;;;;;;X;;;;;;;;;;;;;;;;;;X;;;;;;;;;;;X;;;;;;;;;;;;;;;;;;;;;;;;;;;;;;;;;;;;;;;;;;;;;;;;;;;;;;;;X;;;;
161U15201;161U1520-1;BUSHING, BRAKE HOUSING;OVERHAUL;;;;X;X;X;X;X;;;;;;;;;;;;;;;;;;;;;;;X;;;;;X;;;;;;;;;;;;;;;;;;;;;;;;;;;;;;;;;;;;;;;;;;;;;;;;;;;;;;;;;;;;;;X;;;;
161W12101;161W1210-1;SLEEVE-WHEEL;OVERHAUL;;;;X;X;X;X;X;;;;;;;;;;;;;;;;;;;;;;;X;;;;;;;;X;;;;;;;;;;;;;;;;;;;;;;;;;;;;;;;;;;;;;;;;;;;;;;;;;;;;;;;;;;;X;;;;
162101103;162101-103;CONTROL PANEL APU;REPAIR;;;;X;;;;;;;;;X;;;;;;;;;;;;;;;;;;X;;;;;;;;;;;X;;;;;;;;;;;;;;;;;;;;;;;;;;;;;;;;;;;;;;;;;;;;;;;;;;;;;;;;X;;;;
162101104;162101-104;CONTROL PANEL APU;REPAIR;;;;X;;;;;;;;;X;;;;;;;;;;;;;;;;;;X;;;;;;;;;;;X;;;;;;;;;;;;;;;;;;;;;;;;;;;;;;;;;;;;;;;;;;;;;;;;;;;;;;;;X;;;;
1623081;162308-1;TURBINE IGNITION EXCITOR;BENCH TEST;;;;X;;;;;;;;;X;;;;;;;;;;;;;;;;;;X;;;;;;;;;;;X;;;;;;;;;;;;;;;;;;;;;;;;;;;;;;;;;;;;;;;;;;;;;;;;;;;;;;;;X;;;;
162458102;162458-102;AIR INLET DUCT ASSY;REPAIR;;;;X;;;;;;;;;X;;;;;;;;;;;;;;;;;;X;;;;;;;;;;;X;;;;;;;;;;;;;;;;;;;;;;;;;;;;;;;;;;;;;;;;;;;;;;;;;;;;;;;;X;;;;
162656103;162656-103;HOURMETER JUNCTION BOX ASSY;REPAIR;;;;X;;;;;;;;;X;;;;;;;;;;;;;;;;;;X;;;;;;;;;;;X;;;;;;;;;;;;;;;;;;;;;;;;;;;;;;;;;;;;;;;;;;;;;;;;;;;;;;;;X;;;;
16321;1632-1;TIMER;;REPAIR;;;X;X;;;;;;;;;;;;;;;;;;;;;;;;;;;;;;;;;;;;;;;;;;;;X;;X;;;;;;;;;;;;;;;;;;;;;;;;;;;;;;;;;;;;;;;;;;;;;;;;X;;;
1643124M2;16-43124M2;ACCUMULATOR;OVERHAUL;;;;X;;;;;;;;;;;;;;;;;;;;;;;;;;;;;;;;;;;;;;;;;;;;;;;;;;;;;;;;;;;;;;;;;;;;;;;;;;;;;;;;;X;;;;;;;;;;;;;X;;;;
164312M2;16-4312M2;ACCU SPECIAL CSD;OVERHAUL;;;;X;;;;;;;;;;;;;;;;;X;;;;;;;;;;;;;;;;;;;;;;;;;;;;;;;;;;;;;;;;;;;;;;;;;;;;;;;;;;;;;;;;;;;;;;;;;;;;;X;;;;
165205100A;16-5205-100A;FLAP ACTUATOR BOX;;REPAIR;;;X;;;;;;;;;;;;;;;;;;;;;;;;;;;;;;;;;;;;;;;;;;;;;;;;;;;;;;;;;;;;;;;;;;;;;;;;;;;;;;;;;X;;;X;;;;;;;;;;;X;;;
16566;1656-6;AIRCRAFT BATTERY;OVERHAUL;OVERHAUL;;DNR;X;X;X;X;X;;;;;;;;;;;;;;;;;;;;;;;;;;;;;;;;;;;X;X;;;X;;;;;;;;;;;;;;;;;;;;;;;;;;;;;;;;;;;;;;;;;;;;;;;;;;;X;X;;;
16586;1658-6;EMERGENCY BATTERY;;OVERHAUL;;DNR;X;X;;X;X;;;;;;;;;;;;;;;;;;;;;;;;;;;;;;;;;;;X;X;;;;;;;;;;;;;;;;;;;;;;;;;;;;;;;;;;;;;;;;;;;;;;;;;;;;;;;X;;;
165W01015;165W01015;ELECTRIC MOTOR DRIVEN HYD PUMP ;;OVERHAUL;;;X;;;;;;;;;X;;;;;;;;;;;;;;;;;;X;;;;;;;;;;;X;;;;;;;;;;;;;;;;;;;;;;;;;;;;;;;;;;;;;;;;;; ;;;;;;;;;;;;;;;X;;;
165W010151;165W01015-1;ELECTRIC MOTOR DRIVEN HYD PUMP ;;OVERHAUL;;;X;;;;;;;;;X;;;;;;;;;;;;;;;;;;X;;;;;;;;;;;X;;;;;;;;;;;;;;;;;;;;;;;;;;;;;;;;;;;;;;;;;; ;;;;;;;;;;;;;;;X;;;
1663214301;1663214301;PROBE HEAT COMPUTER;REPAIR;;;;X;X;X;X;X;;;;;;;;;;;;;X;;;;X;X;X;X;;;;;;;;;;;;;;;;;;;;;;;;;;;;;;;;;;;;;;;;;;;;;;;;;;;;;;;;;;;;;;;;;;;;;;X;;;;
1663214401;1663214401;PROBE HEAT COMPUTER;REPAIR;;;;X;X;X;X;X;;;;;;;;;;;;;X;;;;X;X;X;X;;;;;;;;;;;;;;;;;;;;;;;;;;;;;;;;;;;;;;;;;;;;;;;;;;;;;;;;;;;;;;;;;;;;;;X;;;;
16650101;16650-101;STEERING CONTROL;;REPAIR;;;X;X;;X;;;;;;;;;;;;;;;;;;;;;;;;;;;;;;;;;;;;;;;;;;;;;;;;;;;;;;;;;;;;;;;;;X;;;;;;;;;;;;;X;;;;;;;;;;;;;;X;;;
1693632;169363-2;RESTRICTOR;BENCH TEST;;;;X;;;;;;;;;;;;;;;;;;;;;;;;;;;X;;;;;;;;;;;X;;;;;;;;;;;;;;;;;;;;;;;;;;;;;;;;;;;;;;;;;;;;;;;;;;;;;;;;X;;;;
16D22230;16D22230;SLIDE EVACUATION SYSTEM;;OVERHAUL;;;X;;;;;;;;;X;;;;;;;;;;;;;;;;;;X;;;;;;;;;;;X;;;;;;;;;;;;;;;;;;;;;;;;;;;;;;;;;;;;;;;;;;;;;;;;;;;;;;;;;X;;;
16D22230103;16D22230-103;SLIDE EVACUATION SYSTEM;;OVERHAUL;;;X;;;;;;;;;X;;;;;;;;;;;;;;;;;;X;;;;;;;;;;;X;;;;;;;;;;;;;;;;;;;;;;;;;;;;;;;;;;;;;;;;;;;;;;;;;;;;;;;;;X;;;
16D22230105;16D22230-105;SLIDE EVACUATION SYSTEM;;OVERHAUL;;;X;;;;;;;;;X;;;;;;;;;;;;;;;;;;X;;;;;;;;;;;X;;;;;;;;;;;;;;;;;;;;;;;;;;;;;;;;;;;;;;;;;;;;;;;;;;;;;;;;;X;;;
1706903;1706903;INTEGRATED DRIVE GENERATOR;;BENCH TEST;;;X;X;;X;;;;;;;;;;;;;;X;;;;;X;X;X;;;;;;;;;;;;;;;;;;;;;;;;;;;;;;;;;;;;;;;;;;;;;;;;;;;;;;;;;;;;;;;;;;;;;;;X;;;
1708897;1708897;INTEGRATED DRIVE GENERATOR;;BENCH TEST;;;X;X;;X;;;;;;;;;;;;;;X;;;;;X;X;X;;;;;;;;;;;;;;;;;;;;;;;;;;;;;;;;;;;;;;;;;;;;;;;;;;;;;;;;;;;;;;;;;;;;;;;X;;;
170BC1013;170BC101-3;CHARGER BATTERY;;REPAIR;;;X;X;;X;;;;;;;;;;;;;;;;;;;;;;;;;;;;;;;;;;;;;;;;;;;;;;;;;;;;;;;;;;;;;;;;;;;;;;;;;;;;;;;;;;;;;;X;X;;;;;X;;;
170CH1;170CH-1;NICKEL-CADMIUM AIRCRAFT BATTERY (SAFT);OVERHAUL;;;;X;;;;;;;;;;X;;;;;;;;;;;;;;;;;;;;;;;;;;;;;;;;;;;;;;;;;;;;;;;;;;;;;;;;;;;;;;;;;;;;;;;;;;;;;;;;;;;;X;;;;
170CH1;170CH1;NICKEL-CADMIUM AIRCRAFT BATTERY (SAFT);OVERHAUL;;;;X;;;;;;;;;;X;;;;;;;;;;;;;;;;;;;;;;;;;;;;;;;;;;;;;;;;;;;;;;;;;;;;;;;;;;;;;;;;;;;;;;;;;;;;;;;;;;;;X;;;;
170ZS01Y01;170ZS01Y01;BOX-AURAL WARNING, TRIM;OVERHAUL;;;;X;X;X;X;X;;;;;;;;;;;;;X;X;;;;;;;;;;;;;;;;;;;;;;;;;;;;;;;;;;;;;;;;;;;;;;;;;;;;;;;;;;;;;;;;;;;;;;;;;;;;X;;;;
170ZS01Y02;170ZS01Y02;BOX-AURAL WARNING, TRIM;REPAIR;;;;X;X;X;X;X;;;;;;;;;;;;;X;X;;;;;;;;;;;;;;;;;;;;;;;;;;;;;;;;;;;;;;;;;;;;;;;;;;;;;;;;;;;;;;;;;;;;;;;;;;;;X;;;;
171BS1011;171BS101-1;POWER UNIT;;REPAIR;;;X;X;;X;;;;;;;;;;;;;;;;;;;;;;;;;;;;;;;;;;;;;;;;;;;;;;;;;;;;;;;;;;;;;;;;;;;;;;;;;;;;;;;;;;;;;;X;X;;;;;X;;;
171BS101M;171BS101-M;POWER UNIT;;REPAIR;;;X;X;;X;;;;;;;;;;;;;;;;;;;;;;;;;;;;;;;;;;;;;;;;;;;;;;;;;;;;;;;;;;;;;;;;;;;;;;;;;;;;;;;;;;;;;;X;X;;;;;X;;;
17343116825F;17343-116-825F;SWITCH;;BENCH TEST;;;X;X;;;;;;;;;;;;;;;;;;;;;;;;;;X;;;X;;;;;;;;;;;;;;;;;;;;;;;;;;;;;;;;;;;;;;;;;;;;;;;;;;;;;;;;;;;;;;;;;X;;;
1734362300F;17343-62-300F;FIRE DETECTOR;;BENCH TEST;;;X;X;;;;;;;;;;;;;;;;;;;;;;;;;;;;;;;;;;;;;;;;;;;;;;;;;;;;;;;;;;;;;;;;;;;;;;;;;;;;;;;;X;;;;;;X;;;;;;;;X;;;
1734362450F;17343-62-450F;FIRE DECTECTOR;;BENCH TEST;;;X;X;;;;;;;;;;;;;;;;;;;;;;;;;;;;;;;;;;;;;;;;;;;;;;;;;;;;;;;;;;;;;;;;;;;;;;;;;;;;;;;;X;;;;;;X;;;;;;;;X;;;
17561;1756-1;BATTERY;;OVERHAUL;;;X;X;;X;;;;;;;;;;;;;;;;;;;;;;;;;;;;;;;;;;;;;;;;;;;;;;;;;;;;;;;;;;;;;;;;;X;;;;;;;;;;;;;X;;;;;;;;;;;;;;X;;;
17563;1756-3;BATTERY;;OVERHAUL;;;X;X;;X;;;;;;;;;;;;;;;;;;;;;;;;;;;;;;;;;;;;;;;;;;;;;;;;;;;;;;;;;;;;;;;;;X;;;;;;;;;;;;;X;;;;;;;;;;;;;;X;;;
176225;176225;OXYGEN BOTTLE;;OVERHAUL;;;X;X;;X;;;;;;;;;;;;;;;;;;;;;;;;;;;;;;;;;;;;;;;;;;;;;;;;;;;;;;;;;;;;;;;;;;;;;;;;;;;;;;;;;;;;;;X;X;;;;;X;;;
176574115;176574-115;CYLINDER O2;;OVERHAUL;;;X;X;;;;;;;;;;;;;;;;;;;;;;;;;;;;;;;;;;;;;;X;;;;X;;;;;;;;;;;;;;;;;;;;;;;;;;;;;;;;;;;;;;;;;;;;;;;;;;;;X;;;
17657477;176574-77;CYLINDER O2;;OVERHAUL;;;X;X;;;;;;;;;;;;;;;;;;;;;;;;;;;;;;;;;;;;;;X;;;;X;;;;;;;;;;;;;;;;;;;;;;;;;;;;;;;;;;;;;;;;;;;;;;;;;;;;X;;;
176W0000306;176W0000-306;PANEL ASSY Nø 4;REPAIR;;;;X;X;X;X;X;;;;;;;;;;;;;;;;;;;;;;;X;;;;;;;;X;;;;;;;;;;;;;;;;;;;;;;;;;;;;;;;;;;;;;;;;;;;;;;;;;;;;;;;;;;;X;;;X;
17835100;17835-100;DRAG STRUT JACK;OVERHAUL;;;;X;X;X;X;X;;;X;;;X;;X;;;;;;;;;;;;;;;;;;;;;;;;;;;;;;;;;;;;;;;;;;;;;;;;;;;;;;;;;;;;;;;;;;;;;;;;;;;;;;;;;;X;;;;
1783510001;17835-100-01;DRAG STRUT JACK;OVERHAUL;;;;X;X;X;X;X;;;X;;;X;;X;;;;;;;;;;;;;;;;;;;;;;;;;;;;;;;;;;;;;;;;;;;;;;;;;;;;;;;;;;;;;;;;;;;;;;;;;;;;;;;;;;X;;;;
1783510001A;17835-100-01A;DRAG STRUT JACK;OVERHAUL;;;;X;X;X;X;X;X;;;;;X;;X;;;;;;;;;;;;;;;;;;;;;;;;;;;;;;;;;;;;;;;;;;;;;;;;;;;;;;;;;;;;;;;;;;;;;;;;;;;;;;;;;;X;;;;
17840100;17840-100;DRAG STRUT JACK;OVERHAUL;;;;X;X;X;X;X;X;;;;;X;;X;;;;;;;;;;;;;;;;;;;;;;;;;;;;;;;;;;;;;;;;;;;;;;;;;;;;;;;;;;;;;;;;;;;;;;;;;;;;;;;;;;X;;;;
1784010001;17840-100-01;DRAG STRUT JACK;OVERHAUL;;;;X;X;X;X;X;;;X;;;X;;X;;;;;;;;;;;;;;;;;;;;;;;;;;;;;;;;;;;;;;;;;;;;;;;;;;;;;;;;;;;;;;;;;;;;;;;;;;;;;;;;;;X;;;;
1784010001A;17840-100-01A;DRAG STRUT JACK;OVERHAUL;;;;X;X;X;X;X;X;;;;;X;;X;;;;;;;;;;;;;;;;;;;;;;;;;;;;;;;;;;;;;;;;;;;;;;;;;;;;;;;;;;;;;;;;;;;;;;;;;;;;;;;;;;X;;;;
17910;17910;WHEEL, NOSE LANDING GEAR;OVERHAUL;;;;X;X;X;X;X;;;X;;;X;;;;;;;;;;;;;;;;;;;;;;;;;;;;;;;;;;;;;;;;;;;;;;;;;;;;;;;;;;;;;;;;;;;;;;;;;;;;;;;;;;;;X;;;;
17950100;17950-100;AUXILIARY LEG;OVERHAUL;;;;X;X;X;X;X;;;;;;X;;X;;;;;;;;;;;;;;;;;;;;;;;;;;;;;;;;;;;;;;;;;;;;;;;;;;;;;;;;;;;;;;;;;;;;;;;;;;;;;;;;;;X;;;;
1795010003;17950-100-03;NOSE LANDING GEAR;OVERHAUL;;;;X;X;X;X;X;;;X;;;X;;X;;;;;;;;;;;;;;;;;;;;;;;;;;;;;;;;;;;;;;;;;;;;;;;;;;;;;;;;;;;;;;;;;;;;;;;;;;;;;;;;;;X;;;;
1795010004;17950-100-04;LANDING GEAR LEG;OVERHAUL;;;;X;X;X;X;X;;;;;;X;;X;;;;;;;;;;;;;;;;;;;;;;;;;;;;;;;;;;;;;;;;;;;;;;;;;;;;;;;;;;;;;;;;;;;;;;;;;;;;;;;;;;X;;;;
17951;17-95-1;INVERTER STATIC;;REPAIR;;;X;X;;X;;;;;;;;;;;;;;;;;;;;;;;;;;;;;;;;;;;;;;;;;;;;;;;;;;;;;;;;;;;;;;;;;;;;;;;;;;;;;;;;;;;;;;X;X;;;;;X;;;
179704;17970-4;REGULATOR, Oý;OVERHAUL;;;;X;;;;;;;;;X;;;;;;;;;;;;;;;;;;X;;;;;;;;;;;X;;;;;;;;;;;;;;;;;;;;;;;;;;;;;;;;;;;;;;;;;;;;;;;;;;;;;;;;X;;;;
17975;17975;BOITIER CONTACTEUR EQUIPE;OVERHAUL;;;;X;X;X;X;;;;;;;X;;X;;;;;;;;;;;;;;;;;;;;;;;;;;;;;;;;;;;;;;;;;;;;;;;;;;;;;;;;;;;;;;;;;;;;;;;;;;;;;;;;;;X;;;;
17M700274;17M700-274;FDR;;REPAIR;;;X;X;;X;;;;;;;;;;;;;;;;;;;;;;;;;;;;;;;;;;;;;;;;;;;;;;;;;;;;;;;;;;;;;;;;;;;;;;;;;;;;;;X;;;;;;;;;;;;;;X;;;
17M800251;17M800-251;FLIGHT DATA RECORDER;;OVERHAUL;;;X;X;;X;;;;;;;;;;;;;;;;;;;;;;;;;;;;;;;;;;;;;;;;;;;;;;;;;;;;;;;;;;;;;;;;;X;;X;;;;;;;;;;;X;;;;;;;;;;;;;;X;;;
17M800261;17M800-261;FLIGHT DATA RECORDER;;OVERHAUL;;;X;X;;X;;;;;;;;;;;;;;;;;;;;;;;;;;;;;;;;;;;;;;;;;;;;;;;;;;;;;;;;;;;;;;;;;X;;X;;;;;;;;;;;X;;;;;;;;;;;;;;X;;;
17M900274;17M900-274;FLIGHT DATA RECORDER;;OVERHAUL;;;X;X;;X;;;;;;;;;;;;;;;;;;;;;;;;;;;;;;;;;;;;;;;;;;;;;;;;;;;;;;;;;;;;;;;;;;;;;;;;;;;;;;X;;;;;;;;X;X;;;;;X;;;
18015100;18015-100;"MAIN LANDING GEAR ""LH""";OVERHAUL;;;;X;X;X;X;X;X;;;;;X;;X;;;;;;;;;;;;;;;;;;;;;;;;;;;;;;;;;;;;;;;;;;;;;;;;;;;;;;;;;;;;;;;;;;;;;;;;;;;;;;;;;;X;;;;
1801510001;18015-100-01;"MAIN LANDING GEAR ""LH""";OVERHAUL;;;;X;X;X;X;X;;;X;;;X;;X;;;;;;;;;;;;;;;;;;;;;;;;;;;;;;;;;;;;;;;;;;;;;;;;;;;;;;;;;;;;;;;;;;;;;;;;;;;;;;;;;;X;;;;
18016100;18016-100;MAIN LANDING GEAR RH;OVERHAUL;;;;X;X;X;X;X;;;;;;X;;X;;;;;;;;;;;;;;;;;;;;;;;;;;;;;;;;;;;;;;;;;;;;;;;;;;;;;;;;;;;;;;;;;;;;;;;;;;;;;;;;;;X;;;;
1801610001;18016-100-01;"MAIN LANDING GEAR ""RH""";OVERHAUL;;;;X;X;X;X;X;;;X;;;X;;X;;;;;;;;;;;;;;;;;;;;;;;;;;;;;;;;;;;;;;;;;;;;;;;;;;;;;;;;;;;;;;;;;;;;;;;;;;;;;;;;;;X;;;;
1806A000002;1806A0000-02;FLOW CONTROL VALVE;OVERHAUL;;;;X;X;X;X;X;;;;;;;;;;;;;X;;;;;;X;;;;;;;;;;;;;;;;;;;;;;;;;;;;;;;;;;;;;;;;;;;;;;;;;;;;;;;;;;;;;;;;;;;;;;;X;;;;
1806B000001;1806B0000-01;FLOW CONTROL VALVE;OVERHAUL;;;;X;X;X;X;X;;;;;;;;;;;;;X;;;;;;X;;;;;;;;;;;;;;;;;;;;;;;;;;;;;;;;;;;;;;;;;;;;;;;;;;;;;;;;;;;;;;;;;;;;;;;X;;;;
1806B000002;1806B0000-02;FLOW CONTROL VALVE;OVERHAUL;;;;X;X;X;X;X;;;;;;;;;;;;;X;;;;;;X;;;;;;;;;;;;;;;;;;;;;;;;;;;;;;;;;;;;;;;;;;;;;;;;;;;;;;;;;;;;;;;;;;;;;;;X;;;;
1807500001;18075-000-01;STRAIGHT AHEAD LOCKING SYSTEM;OVERHAUL;;;;X;X;X;X;X;;;;;;X;;X;;;;;;;;;;;;;;;;;;;;;;;;;;;;;;;;;;;;;;;;;;;;;;;;;;;;;;;;;;;;;;;;;;;;;;;;;;;;;;;;;;X;;;;
1807500101;18075-001-01;STRAIGHT AHEAD LOCKING SYSTEM;OVERHAUL;;;;X;X;X;X;X;;;;;;X;;X;;;;;;;;;;;;;;;;;;;;;;;;;;;;;;;;;;;;;;;;;;;;;;;;;;;;;;;;;;;;;;;;;;;;;;;;;;;;;;;;;;X;;;;
1807500102;18075-001-02;STRAIGHT AHEAD LOCKING SYSTEM;OVERHAUL;;;;X;X;X;X;X;;;;;;X;;X;;;;;;;;;;;;;;;;;;;;;;;;;;;;;;;;;;;;;;;;;;;;;;;;;;;;;;;;;;;;;;;;;;;;;;;;;;;;;;;;;;X;;;;
1814A000002;1814A0000-02;AIR CYCLE MACHINE;OVERHAUL;;;;X;X;X;X;X;;;;;;;;;;;;;X;;;;;;X;;;;;;;;;;;;;;;;;;;;;;;;;;;;;;;;;;;;;;;;;;;;;;;;;;;;;;;;;;;;;;;;;;;;;;;X;;;;
181R42R181;181R42R181;SELF LIFT ROLLER DRIVE;OVERHAUL;;;;X;X;X;X;X;;;;;;;;;;;;;X;X;X;X;;;;;;;;;;;;;;;;;;;;;;;;;;;;;;;;;;;;;;;;;;;;;;;;;;;;;;;;;;;;;;;;;;;;;;;;;;X;;;;
181R42R1811;181R42R181-1;SELF LIFT ROLLER DRIVE;OVERHAUL;;;;X;X;X;X;X;;;;;;;;;;;;;X;;;;;;;;;;;;;;;;;;;;;;;;;;;;;;;;;;;;;;;;;;;;;;;;;;;;;;;;;;;;;;;;;;;;;;;;;;;;;X;;;;
182000;182000;AUDIO WARNING;REPAIR;;;;X;X;X;X;X;;;;;;X;;X;;;;;;;;;;;;;;;;;;;;;;;;;;;;;;;;;;;;;;;;;;;;;;;;;;;;;;;;;;;;;;;;;;;;;;;;;;;;;;;;;;X;;;;
1823532;182353-2;SUPPORT, CONDENSER;;REPAIR;;;X;X;;;;;;;;;;;;;;;;;;;;;;;;;;;;;;;;;;;;;;;;;;;;;;;;;;;;;;;;;;;;;;;;;;;;;;;;;;;;;;;;;;;;;;;;X;X;;;;;X;;X;
18241001;18241-001;BATTERY;;OVERHAUL;;;X; ;; ;;;;;;;;;;;;;;;;;;;;;;;;;;;;;;;;;;;;;;;;;;;;;;;;;;;;;;;;;;;;;;;;;;;;;;;;;;;;;;X;;;;;;;;;;;;;;X;;;
1830T1003;1830T100-3;LINEAR ACTUATOR;OVERHAUL;;;;X;X;X;X;X;;;X;;;;;;;;;;X;;X;;;;;;;;;;;;;;;;;;;;;;;;;;;;;;;;;;;;;;;;;;;;;;;;;;;;;;;;;;;;;;;;;;;;;;;;;;;X;;;;
1830T1005;1830T100-5;LINEAR ACTUATOR;OVERHAUL;;;;X;X;X;X;X;;;X;;;;;;;;;;X;;X;X;;;;;;;;;;;;;;;;;;;;;;;;;;;;;;;;;;;;;;;;;;;;;;;;;;;;;;;;;;;;;;;;;;;;;;;;;;X;;;;
1844;1844;JUMP SEAT;;REPAIR;;;X;;;;;;;;;X;;;;;;;;;;;;;;;;;;;;;;;;;;;;;;;;;;;;;;;;;;;X;;;X;;;;;;;;;;;;;;;;;;;;;;;;;;;;;;;;;;;;;;;;X;;;
18575;18575;PUMP-HAND;OVERHAUL;;;;X;X;X;X;X;;;;;;;;;;;;;X;;X;X;;;;;;;;;;;;;;;;;;;;;;;;;;;;;;;;;;;;;;;;;;;;;;;;;;;;;;;;;;;;;;;;;;;;;;;;;;X;;;;
18640;18640;STRAIGHT AHEAD LOCKING SYSTEM;OVERHAUL;;;;X;X;X;X;X;;;;;;X;;X;;;;;;;;;;;;;;;;;;;;;;;;;;;;;;;;;;;;;;;;;;;;;;;;;;;;;;;;;;;;;;;;;;;;;;;;;;;;;;;;;;X;;;;
1864000001;18640-000-01;STRAIGHT AHEAD LOCKING SYSTEM;OVERHAUL;;;;X;X;X;X;X;;;;;;X;;X;;;;;;;;;;;;;;;;;;;;;;;;;;;;;;;;;;;;;;;;;;;;;;;;;;;;;;;;;;;;;;;;;;;;;;;;;;;;;;;;;;X;;;;
18650;18650;ABSORBER, SHOCK SKID;OVERHAUL;;;;X;X;X;X;X;;;;;;X;;;;X;X;;;;;;;;;;;;;;;;;;;;;;;;;;;;;;;;;;;;;;;;;;;;;;;;;;;;;;;;;;;;;;;;;;;;;;;;;;;;;;;X;;;;
1865000001;18650-000-01;ABSORBER, SHOCK SKID;OVERHAUL;;;;X;X;X;X;X;;;;;;X;;;;X;X;;;;;;;;;;;;;;;;;;;;;;;;;;;;;;;;;;;;;;;;;;;;;;;;;;;;;;;;;;;;;;;;;;;;;;;;;;;;;;;X;;;;
1865000002;18650-000-02;ABSORBER, SHOCK SKID;OVERHAUL;;;;X;X;X;X;X;;;;;;X;;;;X;X;;;;;;;;;;;;;;;;;;;;;;;;;;;;;;;;;;;;;;;;;;;;;;;;;;;;;;;;;;;;;;;;;;;;;;;;;;;;;;;X;;;;
1865000003;18650-000-03;ABSORBER, SHOCK SKID;OVERHAUL;;;;X;X;X;X;X;;;;;;X;;;;X;X;;;;;;;;;;;;;;;;;;;;;;;;;;;;;;;;;;;;;;;;;;;;;;;;;;;;;;;;;;;;;;;;;;;;;;;;;;;;;;;X;;;;
1865000004;18650-000-04;ABSORBER, SHOCK SKID;OVERHAUL;;;;X;X;X;X;X;;;X;;;X;;;;X;X;;;;;;;;;;;;;;;;;;;;;;;;;;;;;;;;;;;;;;;;;;;;;;;;;;;;;;;;;;;;;;;;;;;;;;;;;;;;;;;X;;;;
18740100;18740-100;NOSE LANDING GEAR;OVERHAUL;;;;X;X;X;X;X;;;X;;;X;;X;;;;;;;;;;;;;;;;;;;;;;;;;;;;;;;;;;;;;;;;;;;;;;;;;;;;;;;;;;;;;;;;;;;;;;;;;;;;;;;;;;X;;;;
1874010001;18740-100-01;NOSE LANDING GEAR;OVERHAUL;;;;X;X;X;X;X;;;X;;;X;;X;;;;;;;;;;;;;;;;;;;;;;;;;;;;;;;;;;;;;;;;;;;;;;;;;;;;;;;;;;;;;;;;;;;;;;;;;;;;;;;;;;X;;;;
1874010002;18740-100-02;NOSE LANDING GEAR;OVERHAUL;;;;X;X;X;X;X;;;X;;;X;;X;;;;;;;;;;;;;;;;;;;;;;;;;;;;;;;;;;;;;;;;;;;;;;;;;;;;;;;;;;;;;;;;;;;;;;;;;;;;;;;;;;X;;;;
1874010003;18740-100-03;NOSE LANDING GEAR;OVERHAUL;;;;X;X;X;X;X;;;X;;;X;;X;;;;;;;;;;;;;;;;;;;;;;;;;;;;;;;;;;;;;;;;;;;;;;;;;;;;;;;;;;;;;;;;;;;;;;;;;;;;;;;;;;X;;;;
1874010004;18740-100-04;NOSE LANDING GEAR;OVERHAUL;;;;X;X;X;X;X;;;X;;;X;;X;;;;;;;;;;;;;;;;;;;;;;;;;;;;;;;;;;;;;;;;;;;;;;;;;;;;;;;;;;;;;;;;;;;;;;;;;;;;;;;;;;X;;;;
1874010005;18740-100-05;NOSE LANDING GEAR;OVERHAUL;;;;X;X;X;X;X;;;X;;;X;;X;;;;;;;;;;;;;;;;;;;;;;;;;;;;;;;;;;;;;;;;;;;;;;;;;;;;;;;;;;;;;;;;;;;;;;;;;;;;;;;;;;X;;;;
1874010006;18740-100-06;NOSE LANDING GEAR;OVERHAUL;;;;X;X;X;X;X;;;X;;;X;;X;;;;;;;;;;;;;;;;;;;;;;;;;;;;;;;;;;;;;;;;;;;;;;;;;;;;;;;;;;;;;;;;;;;;;;;;;;;;;;;;;;X;;;;
1874010006A;18740-100-06-A;AUXILIARY LEG;OVERHAUL;;;;X;X;X;X;X;;;;;;X;;X;;;;;;;;;;;;;;;;;;;;;;;;;;;;;;;;;;;;;;;;;;;;;;;;;;;;;;;;;;;;;;;;;;;;;;;;;;;;;;;;;;X;;;;
1874010007;18740-100-07;NOSE LANDING GEAR;OVERHAUL;;;;X;X;X;X;X;;;X;;;X;;X;;;;;;;;;;;;;;;;;;;;;;;;;;;;;;;;;;;;;;;;;;;;;;;;;;;;;;;;;;;;;;;;;;;;;;;;;;;;;;;;;;X;;;;
1874010007A;18740-100-07-A;AUXILIARY LEG;OVERHAUL;;;;X;X;X;X;X;;;;;;X;;X;;;;;;;;;;;;;;;;;;;;;;;;;;;;;;;;;;;;;;;;;;;;;;;;;;;;;;;;;;;;;;;;;;;;;;;;;;;;;;;;;;X;;;;
1874010008;18740-100-08;NOSE LANDING GEAR;OVERHAUL;;;;X;X;X;X;X;;;X;;;X;;X;;;;;;;;;;;;;;;;;;;;;;;;;;;;;;;;;;;;;;;;;;;;;;;;;;;;;;;;;;;;;;;;;;;;;;;;;;;;;;;;;;X;;;;
1874010009;18740-100-09;NOSE LANDING GEAR;OVERHAUL;;;;X;X;X;X;X;;;X;;;X;;X;;;;;;;;;;;;;;;;;;;;;;;;;;;;;;;;;;;;;;;;;;;;;;;;;;;;;;;;;;;;;;;;;;;;;;;;;;;;;;;;;;X;;;;
1874010010;18740-100-10;NOSE LANDING GEAR;OVERHAUL;;;;X;X;X;X;X;;;X;;;X;;X;;;;;;;;;;;;;;;;;;;;;;;;;;;;;;;;;;;;;;;;;;;;;;;;;;;;;;;;;;;;;;;;;;;;;;;;;;;;;;;;;;X;;;;
18740101;18740-101;NOSE LANDING GEAR;OVERHAUL;;;;X;X;X;X;X;;;X;;;X;;X;;;;;;;;;;;;;;;;;;;;;;;;;;;;;;;;;;;;;;;;;;;;;;;;;;;;;;;;;;;;;;;;;;;;;;;;;;;;;;;;;;X;;;;
1874010101;18740-101-01;NOSE LANDING GEAR;OVERHAUL;;;;X;X;X;X;X;;;X;;;X;;X;;;;;;;;;;;;;;;;;;;;;;;;;;;;;;;;;;;;;;;;;;;;;;;;;;;;;;;;;;;;;;;;;;;;;;;;;;;;;;;;;;X;;;;
1874010106;18740-101-06;NOSE LANDING GEAR;OVERHAUL;;;;X;X;X;X;X;;;X;;;X;;X;;;;;;;;;;;;;;;;;;;;;;;;;;;;;;;;;;;;;;;;;;;;;;;;;;;;;;;;;;;;;;;;;;;;;;;;;;;;;;;;;;X;;;;
1874010107;18740-101-07;NOSE LANDING GEAR;OVERHAUL;;;;X;X;X;X;X;;;;;;X;;X;;;;;;;;;;;;;;;;;;;;;;;;;;;;;;;;;;;;;;;;;;;;;;;;;;;;;;;;;;;;;;;;;;;;;;;;;;;;;;;;;;X;;;;
1874010108;18740-101-08;NOSE LANDING GEAR;OVERHAUL;;;;X;X;X;X;X;;;X;;;X;;X;;;;;;;;;;;;;;;;;;;;;;;;;;;;;;;;;;;;;;;;;;;;;;;;;;;;;;;;;;;;;;;;;;;;;;;;;;;;;;;;;;X;;;;
1874010109;18740-101-09;NOSE LANDING GEAR;OVERHAUL;;;;X;X;X;X;X;;;X;;;X;;X;;;;;;;;;;;;;;;;;;;;;;;;;;;;;;;;;;;;;;;;;;;;;;;;;;;;;;;;;;;;;;;;;;;;;;;;;;;;;;;;;;X;;;;
1874010110;18740-101-10;NOSE LANDING GEAR;OVERHAUL;;;;X;X;X;X;X;;;X;;;X;;X;;;;;;;;;;;;;;;;;;;;;;;;;;;;;;;;;;;;;;;;;;;;;;;;;;;;;;;;;;;;;;;;;;;;;;;;;;;;;;;;;;X;;;;
18740101AMD10;18740-101AMD10;NOSE LANDING GEAR;OVERHAUL;;;;X;X;X;X;X;;;;;;X;;X;;;;;;;;;;;;;;;;;;;;;;;;;;;;;;;;;;;;;;;;;;;;;;;;;;;;;;;;;;;;;;;;;;;;;;;;;;;;;;;;;;X;;;;
1874010206;18740-102-06;NOSE LANDING GEAR;OVERHAUL;;;;X;X;X;X;X;;;X;;;X;;X;;;;;;;;;;;;;;;;;;;;;;;;;;;;;;;;;;;;;;;;;;;;;;;;;;;;;;;;;;;;;;;;;;;;;;;;;;;;;;;;;;X;;;;
1874010207;18740-102-07;NOSE LANDING GEAR;OVERHAUL;;;;X;X;X;X;X;;;X;;;X;;X;;;;;;;;;;;;;;;;;;;;;;;;;;;;;;;;;;;;;;;;;;;;;;;;;;;;;;;;;;;;;;;;;;;;;;;;;;;;;;;;;;X;;;;
1874010208;18740-102-08;NOSE LANDING GEAR;OVERHAUL;;;;X;X;X;X;X;;;X;;;X;;X;;;;;;;;;;;;;;;;;;;;;;;;;;;;;;;;;;;;;;;;;;;;;;;;;;;;;;;;;;;;;;;;;;;;;;;;;;;;;;;;;;X;;;;
1874010209;18740-102-09;NOSE LANDING GEAR;OVERHAUL;;;;X;X;X;X;X;;;X;;;X;;X;;;;;;;;;;;;;;;;;;;;;;;;;;;;;;;;;;;;;;;;;;;;;;;;;;;;;;;;;;;;;;;;;;;;;;;;;;;;;;;;;;X;;;;
1874010210;18740-102-10;NOSE LANDING GEAR;OVERHAUL;;;;X;X;X;X;X;;;X;;;X;;X;;;;;;;;;;;;;;;;;;;;;;;;;;;;;;;;;;;;;;;;;;;;;;;;;;;;;;;;;;;;;;;;;;;;;;;;;;;;;;;;;;X;;;;
18740111;18740-111;NOSE LANDING GEAR;OVERHAUL;;;;X;X;X;X;X;;;X;;;X;;X;;;;;;;;;;;;;;;;;;;;;;;;;;;;;;;;;;;;;;;;;;;;;;;;;;;;;;;;;;;;;;;;;;;;;;;;;;;;;;;;;;X;;;;
18740112;18740-112;NOSE LANDING GEAR;OVERHAUL;;;;X;X;X;X;X;;;X;;;X;;X;;;;;;;;;;;;;;;;;;;;;;;;;;;;;;;;;;;;;;;;;;;;;;;;;;;;;;;;;;;;;;;;;;;;;;;;;;;;;;;;;;X;;;;
1875500001;18755-000-01;WHEEL, NOSE WHEEL;OVERHAUL;;;;X;X;X;X;X;;;;;;X;;X;;;;;;;;;;;;;;;;;;;;;;;;;;;;;;;;;;;;;;;;;;;;;;;;;;;;;;;;;;;;;;;;;;;;;;;;;;;;;;;;;;X;;;;
1875500101;18755-001-01;WHEEL, NOSE GEAR;OVERHAUL;;;;X;X;X;X;X;;;X;;;X;;X;;;;;;;;;;;;;;;;;;;;;;;;;;;;;;;;;;;;;;;;;;;;;;;;;;;;;;;;;;;;;;;;;;;;;;;;;;;;;;;;;;X;;;;
1878510002;18785-100-02;"MAIN LANDING GEAR ""LH""";OVERHAUL;;;;X;X;X;X;X;;;X;;;X;;X;;;;;;;;;;;;;;;;;;;;;;;;;;;;;;;;;;;;;;;;;;;;;;;;;;;;;;;;;;;;;;;;;;;;;;;;;;;;;;;;;;X;;;;
1878510002C;18785-100-02C;MAIN LANDING GEAR;OVERHAUL;;;;X;X;X;X;X;;;;;;X;;X;;;;;;;;;;;;;;;;;;;;;;;;;;;;;;;;;;;;;;;;;;;;;;;;;;;;;;;;;;;;;;;;;;;;;;;;;;;;;;;;;;X;;;;
1878510004;18785-100-04;"MAIN LANDING GEAR ""LH""";OVERHAUL;;;;X;X;X;X;X;;;X;;;X;;X;;;;;;;;;;;;;;;;;;;;;;;;;;;;;;;;;;;;;;;;;;;;;;;;;;;;;;;;;;;;;;;;;;;;;;;;;;;;;;;;;;X;;;;
1878510005;18785-100-05;"MAIN LANDING GEAR ""LH""";OVERHAUL;;;;X;X;X;X;X;;;X;;;X;;X;;;;;;;;;;;;;;;;;;;;;;;;;;;;;;;;;;;;;;;;;;;;;;;;;;;;;;;;;;;;;;;;;;;;;;;;;;;;;;;;;;X;;;;
18785200;18785-200;"MAIN LANDING GEAR ""LH""";OVERHAUL;;;;X;X;X;X;X;;;X;;;X;;X;;;;;;;;;;;;;;;;;;;;;;;;;;;;;;;;;;;;;;;;;;;;;;;;;;;;;;;;;;;;;;;;;;;;;;;;;;;;;;;;;;X;;;;
1878520001;18785-200-01;"MAIN LANDING GEAR ""LH""";OVERHAUL;;;;X;X;X;X;X;;;X;;;X;;X;;;;;;;;;;;;;;;;;;;;;;;;;;;;;;;;;;;;;;;;;;;;;;;;;;;;;;;;;;;;;;;;;;;;;;;;;;;;;;;;;;X;;;;
18785200B;18785-200B;"MAIN LANDING GEAR ""LH""";OVERHAUL;;;;X;X;X;X;X;;;X;;;X;;X;;;;;;;;;;;;;;;;;;;;;;;;;;;;;;;;;;;;;;;;;;;;;;;;;;;;;;;;;;;;;;;;;;;;;;;;;;;;;;;;;;X;;;;
18785200C;18785-200C;"MAIN LANDING GEAR ""LH""";OVERHAUL;;;;X;X;X;X;X;;;X;;;X;;X;;;;;;;;;;;;;;;;;;;;;;;;;;;;;;;;;;;;;;;;;;;;;;;;;;;;;;;;;;;;;;;;;;;;;;;;;;;;;;;;;;X;;;;
18785200D;18785-200D;"MAIN LANDING GEAR ""LH""";OVERHAUL;;;;X;X;X;X;X;;;X;;;X;;X;;;;;;;;;;;;;;;;;;;;;;;;;;;;;;;;;;;;;;;;;;;;;;;;;;;;;;;;;;;;;;;;;;;;;;;;;;;;;;;;;;X;;;;
18785200EXP;18785-200-EXP;MAIN LANDING GEAR;OVERHAUL;;;;X;X;X;X;X;;;;;;X;;X;;;;;;;;;;;;;;;;;;;;;;;;;;;;;;;;;;;;;;;;;;;;;;;;;;;;;;;;;;;;;;;;;;;;;;;;;;;;;;;;;;X;;;;
18785300;18785-300;"MAIN LANDING GEAR ""LH""";OVERHAUL;;;;X;X;X;X;X;;;X;;;X;;X;;;;;;;;;;;;;;;;;;;;;;;;;;;;;;;;;;;;;;;;;;;;;;;;;;;;;;;;;;;;;;;;;;;;;;;;;;;;;;;;;;X;;;;
1878530001;18785-300-01;"MAIN LANDING GEAR ""LH""";OVERHAUL;;;;X;X;X;X;X;;;X;;;X;;X;;;;;;;;;;;;;;;;;;;;;;;;;;;;;;;;;;;;;;;;;;;;;;;;;;;;;;;;;;;;;;;;;;;;;;;;;;;;;;;;;;X;;;;
18785300B;18785-300B;"MAIN LANDING GEAR ""LH""";OVERHAUL;;;;X;X;X;X;X;;;X;;;X;;;;;;;;;;;;;;;;;;;;;;;;;;;;;;;;;;;;;;;;;;;;;;;;;;;;;;;;;;;;;;;;;;;;;;;;;;;;;;;;;;;;X;;;;
1878610002;18786-100-02;"MAIN LANDING GEAR ""RH""";OVERHAUL;;;;X;X;X;X;X;;;X;;;X;;X;;;;;;;;;;;;;;;;;;;;;;;;;;;;;;;;;;;;;;;;;;;;;;;;;;;;;;;;;;;;;;;;;;;;;;;;;;;;;;;;;;X;;;;
1878610004;18786-100-04;"MAIN LANDING GEAR ""RH""";OVERHAUL;;;;X;X;X;X;X;;;X;;;X;;X;;;;;;;;;;;;;;;;;;;;;;;;;;;;;;;;;;;;;;;;;;;;;;;;;;;;;;;;;;;;;;;;;;;;;;;;;;;;;;;;;;X;;;;
1878610005;18786-100-05;"MAIN LANDING GEAR ""RH""";OVERHAUL;;;;X;X;X;X;X;;;X;;;X;;X;;;;;;;;;;;;;;;;;;;;;;;;;;;;;;;;;;;;;;;;;;;;;;;;;;;;;;;;;;;;;;;;;;;;;;;;;;;;;;;;;;X;;;;
1878610104;18786-101-04;"MAIN LANDING GEAR ""RH""";OVERHAUL;;;;X;X;X;X;X;;;X;;;X;;X;;;;;;;;;;;;;;;;;;;;;;;;;;;;;;;;;;;;;;;;;;;;;;;;;;;;;;;;;;;;;;;;;;;;;;;;;;;;;;;;;;X;;;;
1878610104C;18786-101-04C;MAIN LANDING GEAR;OVERHAUL;;;;X;X;X;X;X;;;;;;X;;X;;;;;;;;;;;;;;;;;;;;;;;;;;;;;;;;;;;;;;;;;;;;;;;;;;;;;;;;;;;;;;;;;;;;;;;;;;;;;;;;;;X;;;;
1878610105;18786-101-05;MAIN LANDING GEAR;OVERHAUL;;;;X;X;X;X;X;;;;;;X;;X;;;;;;;;;;;;;;;;;;;;;;;;;;;;;;;;;;;;;;;;;;;;;;;;;;;;;;;;;;;;;;;;;;;;;;;;;;;;;;;;;;X;;;;
18786200;18786-200;"MAIN LANDING GEAR ""RH""";OVERHAUL;;;;X;X;X;X;X;;;;;;X;;X;;;;;;;;;;;;;;;;;;;;;;;;;;;;;;;;;;;;;;;;;;;;;;;;;;;;;;;;;;;;;;;;;;;;;;;;;;;;;;;;;;X;;;;
1878620000;18786-200-00;MAIN LANDING GEAR;OVERHAUL;;;;X;X;X;X;X;;;;;;X;;X;;;;;;;;;;;;;;;;;;;;;;;;;;;;;;;;;;;;;;;;;;;;;;;;;;;;;;;;;;;;;;;;;;;;;;;;;;;;;;;;;;X;;;;
1878620001;18786-200-01;"MAIN LANDING GEAR ""RH""";OVERHAUL;;;;X;X;X;X;X;;;;;;X;;X;;;;;;;;;;;;;;;;;;;;;;;;;;;;;;;;;;;;;;;;;;;;;;;;;;;;;;;;;;;;;;;;;;;;;;;;;;;;;;;;;;X;;;;
18786200B;18786-200B;"MAIN LANDING GEAR ""RH""";OVERHAUL;;;;X;X;X;X;;;;;;;X;;X;;;;;;;;;;;;;;;;;;;;;;;;;;;;;;;;;;;;;;;;;;;;;;;;;;;;;;;;;;;;;;;;;;;;;;;;;;;;;;;;;;X;;;;
18786200C;18786-200C;"MAIN LANDING GEAR ""RH""";OVERHAUL;;;;X;X;X;X;;;;;;;X;;X;;;;;;;;;;;;;;;;;;;;;;;;;;;;;;;;;;;;;;;;;;;;;;;;;;;;;;;;;;;;;;;;;;;;;;;;;;;;;;;;;;X;;;;
18786200D;18786-200D;"MAIN LANDING GEAR ""RH""";OVERHAUL;;;;X;X;X;X;;;;;;;X;;X;;;;;;;;;;;;;;;;;;;;;;;;;;;;;;;;;;;;;;;;;;;;;;;;;;;;;;;;;;;;;;;;;;;;;;;;;;;;;;;;;;X;;;;
18786200EXP;18786-200-EXP;MAIN LANDING GEAR;OVERHAUL;;;;X;X;X;X;X;;;;;;X;;X;;;;;;;;;;;;;;;;;;;;;;;;;;;;;;;;;;;;;;;;;;;;;;;;;;;;;;;;;;;;;;;;;;;;;;;;;;;;;;;;;;X;;;;
18786300;18786-300;"MAIN LANDING GEAR ""RH""";OVERHAUL;;;;X;X;X;X;X;;;;;;X;;X;;;;;;;;;;;;;;;;;;;;;;;;;;;;;;;;;;;;;;;;;;;;;;;;;;;;;;;;;;;;;;;;;;;;;;;;;;;;;;;;;;X;;;;
1878630001;18786-300-01;"MAIN LANDING GEAR ""RH""";OVERHAUL;;;;X;X;X;X;X;;;;;;X;;X;;;;;;;;;;;;;;;;;;;;;;;;;;;;;;;;;;;;;;;;;;;;;;;;;;;;;;;;;;;;;;;;;;;;;;;;;;;;;;;;;;X;;;;
18786300B;18786-300B;"MAIN LANDING GEAR ""RH""";OVERHAUL;;;;X;X;X;X;X;;;;;;X;;X;;;;;;;;;;;;;;;;;;;;;;;;;;;;;;;;;;;;;;;;;;;;;;;;;;;;;;;;;;;;;;;;;;;;;;;;;;;;;;;;;;X;;;;
1896500001;18965-000-01;BARREL ASSY LH;OVERHAUL;;;;X;X;X;X;X;;;;;;X;;X;;;;;;;;;;;;;;;;;;;;;;;;;;;;;;;;;;;;;;;;;;;;;;;;;;;;;;;;;;;;;;;;;;;;;;;;;;;;;;;;;;X;;;;
1896600001;18966-000-01;BARREL ASSY RH;OVERHAUL;;;;X;X;X;X;X;;;;;;X;;X;;;;;;;;;;;;;;;;;;;;;;;;;;;;;;;;;;;;;;;;;;;;;;;;;;;;;;;;;;;;;;;;;;;;;;;;;;;;;;;;;;X;;;;
19090100;19090-100;DRAG STRUT JACK;OVERHAUL;;;;X;X;X;X;X;;;X;;;X;;X;;;;;;;;;;;;;;;;;;;;;;;;;;;;;;;;;;;;;;;;;;;;;;;;;;;;;;;;;;;;;;;;;;;;;;;;;;;;;;;;;;X;;;;
1909010000;19090-100-00;DRAG STRUT JACK;OVERHAUL;;;;X;X;X;X;X;;;X;;;X;;X;;;;;;;;;;;;;;;;;;;;;;;;;;;;;;;;;;;;;;;;;;;;;;;;;;;;;;;;;;;;;;;;;;;;;;;;;;;;;;;;;;X;;;;
1909010001;19090-100-01;DRAG STRUT JACK;OVERHAUL;;;;X;X;X;X;X;;;X;;;X;;X;;;;;;;;;;;;;;;;;;;;;;;;;;;;;;;;;;;;;;;;;;;;;;;;;;;;;;;;;;;;;;;;;;;;;;;;;;;;;;;;;;X;;;;
19090100B;19090-100B;DRAG STRUT JACK;OVERHAUL;;;;X;X;X;X;X;X;;;;;X;;X;;;;;;;;;;;;;;;;;;;;;;;;;;;;;;;;;;;;;;;;;;;;;;;;;;;;;;;;;;;;;;;;;;;;;;;;;;;;;;;;;;X;;;;
19095100;19095-100;DRAG STRUT JACK;OVERHAUL;;;;X;X;X;X;X;;;X;;;X;;X;;;;;;;;;;;;;;;;;;;;;;;;;;;;;;;;;;;;;;;;;;;;;;;;;;;;;;;;;;;;;;;;;;;;;;;;;;;;;;;;;;X;;;;
1909510000;19095-100-00;DRAG STRUT JACK;OVERHAUL;;;;X;X;X;X;X;;;X;;;X;;;;;;;;;;;;;;;;;;;;;;;;;;;;;;;;;;;;;;;;;;;;;;;;;;;;;;;;;;;;;;;;;;;;;;;;;;;;;;;;;;;;X;;;;
1909510001;19095-100-01;DRAG STRUT JACK;OVERHAUL;;;;X;X;X;X;X;X;;;;;X;;X;;;;;;;;;;;;;;;;;;;;;;;;;;;;;;;;;;;;;;;;;;;;;;;;;;;;;;;;;;;;;;;;;;;;;;;;;;;;;;;;;;X;;;;
19095100B;19095-100B;DRAG STRUT JACK;OVERHAUL;;;;X;X;X;X;X;X;;;;;X;;X;;;;;;;;;;;;;;;;;;;;;;;;;;;;;;;;;;;;;;;;;;;;;;;;;;;;;;;;;;;;;;;;;;;;;;;;;;;;;;;;;;X;;;;
190QA01;190QA01;TRANSFORMER;REPAIR;;;;X;X;X;X;X;;;;;;X;;;;;;;X;;;X;X;X;X;X;;;;;;;;;;;;;;;;;;;;;;;;;;;;;;;;;;;;;;;;;;;;;;;;;;;;;;;;;;;;;;;;;;;;;;X;;;;
191404;1914-04;MANO CONTACT;;BENCH TEST;;;X;;;;;;;;;X;X;;;;X;;;;;;;;;;;;;;;;;;;;;;;;;;;;;;;;;;;;;;;;;;;;;;;;;;;;;;;;;;;;;;;;;;;;;;;;;;;;;;;;;X;;;
1914HJ;1914HJ;FUEL COLLECTOR TANK SWITCH;;BENCH TEST;;;X;X;;X;;;;;;;;;;;;;;;;;;;;;;;;;;;;;;;;;;;;;;;;;;;;;;;;;X;;;;X;;;;;;;;;;;;;;;;;;;;;;;;;X;;;;;;;;;;;;;;X;;;
1934500002;19345-000-02;CONTACTOR ASSY;OVERHAUL;;;;X;X;X;X;X;;;X;;;X;;X;;;;;;;;;;;;;;;;;;;;;;;;;;;;;;;;;;;;;;;;;;;;;;;;;;;;;;;;;;;;;;;;;;;;;;;;;;;;;;;;;;X;;;;
19450;19450;HARPOON, HYDRAULIC;OVERHAUL;;;;X;X;X;X;X;;;;;;X;;X;;;;;;;;;;;;;;;;;;;;;;;;;;;;;;;;;;;;;;;;;;;;;;;;;;;;;;;;;;;;;;;;;;;;;;;;;;;;;;;;;;X;;;;
19450000;19450-000;HARPOON, HYDRAULIC;OVERHAUL;;;;X;;;;;;;;;;X;;X;;;;;;;;;;;;;;;;;;;;;;;;;;;;;;;;;;;;;;;;;;;;;;;;;;;;;;;;;;;;;;;;;;;;;;;;;;;;;;;;;;X;;;;
1945501;194550-1;SEPARATOR, WATER;OVERHAUL;;;;X;X;X;X;X;;;;;;;;;;;;;X;;;;;;;;;;;;;;;;;;;;;;;;;;;;;;;;;;;;;;;;;;;;;;;;;;;;;;;;;;;;;;;;;;;;;;;;;;;;;X;;;;
1950000001;19500-000-01;BRACE STRUT;OVERHAUL;;;;X;X;X;X;X;;;X;;;X;;X;;;;;;;;;;;;;;;;;;;;;;;;;;;;;;;;;;;;;;;;;;;;;;;;;;;;;;;;;;;;;;;;;;;;;;;;;;;;;;;;;;X;;;;
1950000001A;19500-000-01A;BRACE STRUT;OVERHAUL;;;;X;X;X;X;X;;;X;;;X;;X;;;;;;;;;;;;;;;;;;;;;;;;;;;;;;;;;;;;;;;;;;;;;;;;;;;;;;;;;;;;;;;;;;;;;;;;;;;;;;;;;;X;;;;
195141;19-51-41;FIRE SHUT OFF CONTROL UNIT;;OVERHAUL;;;X;X;X;X;X;;;;;;;;;;;;;;;;;;;;;;;;;;;;;;;;;;;X;X;;;;;;;;;;;;;;;;;;;;;;;;;;;;;;;;;;;;;;;;;;;;;;;;;;;;;;;X;;;
195151;19-51-51;FIRE SHUT OFF CONTROL UNIT;;OVERHAUL;;;X;X;X;X;X;;;;;;;;;;;;;;;;;;;;;;;;;;;;;;;;;;;X;;;;X;;;;;;;;;;;;;;;;;;;;;;;;;;;;;;;;;;;;;;;;;;;;;;;;;;;;X;;;
19570100;19570-100;"BRACE STRUT ACTUATOR ""MAIN""";OVERHAUL;;;;X;X;X;X;X;;;X;;;X;;X;;;;;;;;;;;;;;;;;;;;;;;;;;;;;;;;;;;;;;;;;;;;;;;;;;;;;;;;;;;;;;;;;;;;;;;;;;;;;;;;;;X;;;;
1957010003;19570-100-03;"BRACE STRUT ACTUATOR ""MAIN""";OVERHAUL;;;;X;X;X;X;X;;;X;;;X;;X;;;;;;;;;;;;;;;;;;;;;;;;;;;;;;;;;;;;;;;;;;;;;;;;;;;;;;;;;;;;;;;;;;;;;;;;;;;;;;;;;;X;;;;
1957010003B;19570-100-03B;"BRACE STRUT ACTUATOR ""MAIN""";OVERHAUL;;;;X;X;X;X;X;X;;;;;X;;X;;;;;;;;;;;;;;;;;;;;;;;;;;;;;;;;;;;;;;;;;;;;;;;;;;;;;;;;;;;;;;;;;;;;;;;;;;;;;;;;;;X;;;;
19570100B;19570-100B;"BRACE STRUT ACTUATOR ""MAIN""";OVERHAUL;;;;X;X;X;X;X;X;;;;;X;;X;;;;;;;;;;;;;;;;;;;;;;;;;;;;;;;;;;;;;;;;;;;;;;;;;;;;;;;;;;;;;;;;;;;;;;;;;;;;;;;;;;X;;;;
19570101;19570-101;"BRACE STRUT ACTUATOR ""MAIN""";OVERHAUL;;;;X;X;X;X;X;;;X;;;X;;X;;;;;;;;;;;;;;;;;;;;;;;;;;;;;;;;;;;;;;;;;;;;;;;;;;;;;;;;;;;;;;;;;;;;;;;;;;;;;;;;;;X;;;;
19575100;19575-100;"BRACE STRUT ACTUATOR ""NOSE""";OVERHAUL;;;;X;X;X;X;X;;;X;;;X;;X;;;;;;;;;;;;;;;;;;;;;;;;;;;;;;;;;;;;;;;;;;;;;;;;;;;;;;;;;;;;;;;;;;;;;;;;;;;;;;;;;;X;;;;
1957510003;19575-100-03;"BRACE STRUT ACTUATOR ""NOSE""";OVERHAUL;;;;X;X;X;X;X;;;X;;;X;;X;;;;;;;;;;;;;;;;;;;;;;;;;;;;;;;;;;;;;;;;;;;;;;;;;;;;;;;;;;;;;;;;;;;;;;;;;;;;;;;;;;X;;;;
19575101;19575-101;"BRACE STRUT ACTUATOR ""NOSE""";OVERHAUL;;;;X;X;X;X;X;;;X;;;X;;X;;;;;;;;;;;;;;;;;;;;;;;;;;;;;;;;;;;;;;;;;;;;;;;;;;;;;;;;;;;;;;;;;;;;;;;;;;;;;;;;;;X;;;;
19575101A;19575-101-A;"BRACE STRUT ACTUATOR ""NOSE""";OVERHAUL;;;;X;X;X;X;X;X;;;;;X;;X;;;;;;;;;;;;;;;;;;;;;;;;;;;;;;;;;;;;;;;;;;;;;;;;;;;;;;;;;;;;;;;;;;;;;;;;;;;;;;;;;;X;;;;
19575101B;19575-101-B;"BRACE STRUT ACTUATOR ""NOSE""";OVERHAUL;;;;X;X;X;X;X;X;;;;;X;;X;;;;;;;;;;;;;;;;;;;;;;;;;;;;;;;;;;;;;;;;;;;;;;;;;;;;;;;;;;;;;;;;;;;;;;;;;;;;;;;;;;X;;;;
195PN01;195PN01;TRIM POSITION DISPLAY PANEL;REPAIR;;;;X;X;X;X;X;;;;;;;;;;;;;X;;;;;;X;;;;;;;;;;;;;;;;;;;;;;;;;;;;;;;;;;;;;;;;;;;;;;;;;;;;;;;;;;;;;;;;;;;;;;;X;;;;
195PN01Y01;195PN01Y01;TRIM POSITION DISPLAY PANEL;REPAIR;;;;X;X;X;X;X;;;;;;;;;;;;;X;;;;X;X;X;X;X;X;;;;;;;;;;;;;;;;;;;;;;;;;;;;;;;;;;;;;;;;;;;;;;;;;;;;;;;;;;;;;;;;;;;;X;;;;
196PN01Y02;196PN01Y02;INDICATOR, RUDDER TRIM;REPAIR;;;;X;X;X;X;X;;;;;;;;;;;;;X;;;;;X;X;X;;;;;;;;;;;;;;;;;;;;;;;;;;;;;;;;;;;;;;;;;;;;;;;;;;;;;;;;;;;;;;;;;;;;;;X;;;;
1982ZE;1-982-ZE;TEMPERATURE PROBE;;BENCH TEST;;;X;;;;;;;;;;X;;;;X;;;;;;;;;;;;;;;;;;;;;;;;;;;;;;;;;;;;;;;;;;;;;;;;;;;;;;;;;;;;;;;;;;;;;;;;;;;;;;;;;X;;;
1982ZE;1982-ZE;TEMPERATURE PROBE;;BENCH TEST;;;X;;;;;;;;;;X;;;;X;;;;;;;;;;;;;;;;;;;;;;;;;;;;;;;;;;;;;;;;;;;;;;;;;;;;;;;;;;;;;;;;;;;;;;;;;;;;;;;;;X;;;
1A094000005;1A094-0000-05;KRUEGER ACTUATOR;OVERHAUL;;;;X;X;X;X;X;;;;;;;;;;;;;X;X;X;X;;;;;;;;;;;;;;;;;;;;;;;;;;;;;;;;;;;;;;;;;;;;;;;;;;;;;;;;;;;;;;;;;;;;;;;;;;X;;;;
1A094000006;1A094-0000-06;KRUEGER ACTUATOR;OVERHAUL;;;;X;X;X;X;X;;;;;;;;;;;;;X;X;X;X;;;;;;;;;;;;;;;;;;;;;;;;;;;;;;;;;;;;;;;;;;;;;;;;;;;;;;;;;;;;;;;;;;;;;;;;;;X;;;;
1A094000007;1A094-0000-07;KRUEGER ACTUATOR;OVERHAUL;;;;X;X;X;X;X;;;;;;;;;;;;;X;X;X;X;;;;;;;;;;;;;;;;;;;;;;;;;;;;;;;;;;;;;;;;;;;;;;;;;;;;;;;;;;;;;;;;;;;;;;;;;;X;;;;
1U1150;1U1150;AUXILIRY RUDDER POWER;OVERHAUL;;;;X;X;X;X;X;;;;;;;;;;;;;;;;;;;;;;;X;;;X;;;;;;;;;;;;;;;;;;;;;;;;;;;;;;;;;;;;;;;;;;;;;;;;;;;;;;;;;;;;;;;;X;;;;
1U11501;1U1150-1;AUXILIRY RUDDER POWER;OVERHAUL;;;;X;X;X;X;X;;;;;;;;;;;;;;;;;;;;;;;X;;;X;;;;;;;;;;;;;;;;;;;;;;;;;;;;;;;;;;;;;;;;;;;;;;;;;;;;;;;;;;;;;;;;X;;;;
1U11503;1U1150-3;AUXILIRY RUDDER POWER;OVERHAUL;;;;X;X;X;X;X;;;;;;;;;;;;;;;;;;;;;;;X;;;X;;;;;;;;;;;;;;;;;;;;;;;;;;;;;;;;;;;;;;;;;;;;;;;;;;;;;;;;;;;;;;;;X;;;;
1U11504;1U1150-4;AUXILIRY RUDDER POWER;OVERHAUL;;;;X;X;X;X;X;;;;;;;;;;;;;;;;;;;;;;;X;;;X;;;;;;;;;;;;;;;;;;;;;;;;;;;;;;;;;;;;;;;;;;;;;;;;;;;;;;;;;;;;;;;;X;;;;
1U11712;1U1171-2;ACTUATOR ASSY, BODY GEAR STEERING;REPAIR;;;;X;X;X;X;X;;;X;;;;;;;;;;;;;;;;;;;;X;;;;;X;;;;;;;;;;;;;;;;;;;;;;;;;;;;;;;;;;;;;;;;;;;;;;;;;;;;;;;;;;;;;;X;;;;
1U11713;1U1171-3;ACTUATOR ASSY, BODY GEAR STEERING;REPAIR;;;;X;X;X;X;X;;;X;;;;;;;;;;;;;;;;;;;;X;;;;;X;;;;;;;;;;;;;;;;;;;;;;;;;;;;;;;;;;;;;;;;;;;;;;;;;;;;;;;;;;;;;;X;;;;
1U11714;1U1171-4;ACTUATOR ASSY, BODY GEAR STEERING;REPAIR;;;;X;X;X;X;X;;;X;;;;;;;;;;;;;;;;;;;;X;;;;;X;;;;;;;;;;;;;;;;;;;;;;;;;;;;;;;;;;;;;;;;;;;;;;;;;;;;;;;;;;;;;;X;;;;
1U11715;1U1171-5;ACTUATOR ASSY, BODY GEAR STEERING;REPAIR;;;;X;X;X;X;X;;;X;;;;;;;;;;;;;;;;;;;;X;;;;;X;;;;;;;;;;;;;;;;;;;;;;;;;;;;;;;;;;;;;;;;;;;;;;;;;;;;;;;;;;;;;;X;;;;
1X200274900;1X2002749-00;FLOOD LIGHT;REPAIR;;;;X;X;X;X;X;;;;;;;;;;;;;X;X;X;X;;;;;;;;;;;;;;;;;;;;;;;;;;;;;;;;;;;;;;;;;;;;;;;;;;;;;;;;;;;;;;;;;;;;;;;;;;X;;;;
1X200274900M13;1X2002749-00M13;FLOOD LIGHT;REPAIR;;;;X;X;X;X;X;;;;;;;;;;;;;X;;;;;;;;;;;;;;;;;;;;;;;;;;;;;;;;;;;;;;;;;;;;;;;;;;;;;;;;;;;;;;;;;;;;;;;;;;;;;X;;;;
1X200274905;1X2002749-05;FLOOD LIGHT;REPAIR;;;;X;X;X;X;X;;;;;;;;;;;;;X;X;X;X;;;;;;;;;;;;;;;;;;;;;;;;;;;;;;;;;;;;;;;;;;;;;;;;;;;;;;;;;;;;;X;;;;;;;;;;;;;X;;;;
1X200509700;1X2005097-00;LOGO LIGHT;OVERHAUL;;;;X;X;X;X;X;;;;;;;;;;;;;X;;;;X;X;X;X;;;;;;;;;;;;;;;;;;;;;;;;;;;;;;;;;;;;;;;;;;;;;;;;;;;;;;;;;;;;;;;;;;;;;;X;;;;
20000021;200-0002-1;CYLINDER ASSEMBLY INNER;OVERHAUL;;;;X;;;;;;;;;X;;;;;;;;;;;;;;;;;;X;;;;;;;;;;;X;;;;;;;;;;;;;;;;;;;;;;;;;;;;;;;;;;;;;;;;;;;;;;;;;;;;;;;;X;;;;
2000330100;200033-0100;INDICATEUR VIBRATION TURBINE ;;REPAIR;;;X;;;;;;;;;;;;;;;;;;;;;;;;;;;;;;;;;;;;;;;;;;;;;;;;;;;;;;;;;;;;;;;;;;;;;;;;;;;;;;;;;X;;;X;;;;;;;;;;;X;;;
2000330100S;200033-0100-S;INDICATEUR VIBRATION TURBINE ;;REPAIR;;;X;;;;;;;;;;;;;;;;;;;;;;;;;;;;;;;;;;;;;;;;;;;;;;;;;;;;;;;;;;;;;;;;;;;;;;;;;;;;;;;;;X;;;X;;;;;;;;;;;X;;;
2000400100;200040-0100;PREAMPLIFICATEUR DE VIBRATIONS;;REPAIR;;;X;;;;;;;;;;;;;;;;;;;;;;;;;;;;;;;;;;;;;;;;;;;;;;;;;;;;;;;;;;;;;;;;;;;;;;;;;;;;;;;;;X;;;X;;;;;;;;;;;X;;;
20008662;2000866-2;DIRECT CURRENT MOTOR;OVERHAUL;;;;X;X;X;X;X;;;;;;;;;;;;;X;X;X;X;X;X;X;X;X;X;;;;;;;;;;;;;;;;;;;;;;;;;;;;;;;;;;;;;;;;;;;;;;;;;;;;;;;;;;;;;;;;;;;;X;;;;
20008663;2000866-3;DIRECT CURRENT MOTOR;OVERHAUL;;;;X;X;X;X;X;;;;;;;;;;;;;X;;;;;;;;;;;;;;;;;;;;;;;;;;;;;;;;;;;;;;;;;;;;;;;;;;;;;;;;;;;;;;;;;;;;;;;;;;;;;X;;;;
20008664;2000866-4;DIRECT CURRENT MOTOR;OVERHAUL;;;;X;X;X;X;X;;;;;;;;;;;;;X;X;X;X;X;X;X;X;X;X;;;;;;;;;;;;;;;;;;;;;;;;;;;;;;;;;;;;;;;;;;;;;;;;;;;;;;;;;;;;;;;;;;;;X;;;;
20021004010;200210040-10;MAIN GEAR CENTERING CYLINDER ASSY;OVERHAUL;;;;X;;;;;;;;;X;;;;;;;;;;;;;;;;;;X;;;;;;;;;;;X;;;;;;;;;;;;;;;;;;;;;;;;;;;;;;;;;;;;;;;;;;;;;;;;;;;;;;;;X;;;;
20021006710;200210067-10;MAIN GEAR SNUBBER ASSEMBLY;OVERHAUL;;;;X;;;;;;;;;X;;;;;;;;;;;;;;;;;;X;;;;;;;;;;;X;;;;;;;;;;;;;;;;;;;;;;;;;;;;;;;;;;;;;;;;;;;;;;;;;;;;;;;;X;;;;
20021007710FAF;200210077-10-FAF;INNER CYLINDER;OVERHAUL;;;;X;;;;;;;;;X;;;;;;;;;;;;;;;;;;X;;;;;;;;;;;X;;;;;;;;;;;;;;;;;;;;;;;;;;;;;;;;;;;;;;;;;;;;;;;;;;;;;;;;X;;;;
20021007810;200210078-10;SHOCK STRUT ASSEMBLY;OVERHAUL;;;;X;;;;;;;;;;;;;;;;;;;;;;;;;;;X;;;;;;;;;;;X;;;;;;;;;;;;;;;;;;;;;;;;;;;;;;;;;;;;;;;;;;;;;;;;;;;;;;;;X;;;;
20021007820;200210078-20;SHOCK STRUT ASSEMBLY;OVERHAUL;;;;X;;;;;;;;;;;;;;;;;;;;;;;;;;;X;;;;;;;;;;;X;;;;;;;;;;;;;;;;;;;;;;;;;;;;;;;;;;;;;;;;;;;;;;;;;;;;;;;;X;;;;
20021007830;200210078-30;SHOCK STRUT ASSEMBLY;OVERHAUL;;;;X;;;;;;;;;X;;;;;;;;;;;;;;;;;;X;;;;;;;;;;;X;;;;;;;;;;;;;;;;;;;;;;;;;;;;;;;;;;;;;;;;;;;;;;;;;;;;;;;;X;;;;
20021007840;200210078-40;SHOCK STRUT ASSEMBLY;OVERHAUL;;;;X;;;;;;;;;;;;;;;;;;;;;;;;;;;X;;;;;;;;;;;X;;;;;;;;;;;;;;;;;;;;;;;;;;;;;;;;;;;;;;;;;;;;;;;;;;;;;;;;X;;;;
20031;20031;AC ALTERNATOR;;OVERHAUL;;;X;X;X;X;X;;;;;;X;;;;X;;;;;;;;;;;;;;;;;;;;;;;;;;;;;;;;;;;;;;;;;;;;;;;;;;;;;;;;;;;;;;;;;;;;;;;;;;;;;;;;;X;;;
20031005610;200310056-10;SIDE STRUT ASSEMBLY;OVERHAUL;;;;X;;;;;;;;;;;;;;;;;;;;;;;;;;;X;;;;;;;;;;;X;;;;;;;;;;;;;;;;;;;;;;;;;;;;;;;;;;;;;;;;;;;;;;;;;;;;;;;;X;;;;
20031005620;200310056-20;SIDE STRUT ASSEMBLY;OVERHAUL;;;;X;;;;;;;;;;;;;;;;;;;;;;;;;;;X;;;;;;;;;;;X;;;;;;;;;;;;;;;;;;;;;;;;;;;;;;;;;;;;;;;;;;;;;;;;;;;;;;;;X;;;;
20031005710;200310057-10;UPPER SIDE STRUT, LH;OVERHAUL;;;;X;;;;;;;;;;;;;;;;;;;;;;;;;;;X;;;;;;;;;;;X;;;;;;;;;;;;;;;;;;;;;;;;;;;;;;;;;;;;;;;;;;;;;;;;;;;;;;;;X;;;;
20031005720;200310057-20;UPPER SIDE STRUT, RH;OVERHAUL;;;;X;;;;;;;;;;;;;;;;;;;;;;;;;;;X;;;;;;;;;;;X;;;;;;;;;;;;;;;;;;;;;;;;;;;;;;;;;;;;;;;;;;;;;;;;;;;;;;;;X;;;;
20031005910;200310059-10;TRUNNION ASSEMBLY;OVERHAUL;;;;X;;;;;;;;;;;;;;;;;;;;;;;;;;;X;;;;;;;;;;;X;;;;;;;;;;;;;;;;;;;;;;;;;;;;;;;;;;;;;;;;;;;;;;;;;;;;;;;;X;;;;
20031005920;200310059-20;TRUNNION ASSEMBLY;OVERHAUL;;;;X;;;;;;;;;;;;;;;;;;;;;;;;;;;X;;;;;;;;;;;X;;;;;;;;;;;;;;;;;;;;;;;;;;;;;;;;;;;;;;;;;;;;;;;;;;;;;;;;X;;;;
20031052203;200310522-03;TORQUE LINK;OVERHAUL;;;;X;;;;;;;;;;;;;;;;;;;;;;;;;;;X;;;;;;;;;;;X;;;;;;;;;;;;;;;;;;;;;;;;;;;;;;;;;;;;;;;;;;;;;;;;;;;;;;;;X;;;;
20031052210;200310522-10;TORQUE LINK;OVERHAUL;;;;X;;;;;;;;;X;;;;;;;;;;;;;;;;;;X;;;;;;;;;;;X;;;;;;;;;;;;;;;;;;;;;;;;;;;;;;;;;;;;;;;;;;;;;;;;;;;;;;;;X;;;;
20031052219;200310522-19;TORQUE LINK;OVERHAUL;;;;X;;;;;;;;;;;;;;;;;;;;;;;;;;;X;;;;;;;;;;;X;;;;;;;;;;;;;;;;;;;;;;;;;;;;;;;;;;;;;;;;;;;;;;;;;;;;;;;;X;;;;
200322;20032-2;AC ALTERNATOR;;OVERHAUL;Overhaul/Repair/Inspection/Modification;;X;X;X;X;X;;;;;;;;;;;;;;;;;;;;;;;;;;;;;;;;;;;X;X;X;X;X;;;;;;;;;;;;;;;;;;;;;;;;;;;;;;;;;;;;;;;;;;;;;;;;;;;;X;X;;
20035008043;20-035008-043;AIR LEAK DETECT CONTROLLER;;OVERHAUL;;;X;X;;X;;;;;;;;;;;;;;;;;;;;;;;;;;;;;;;;;;;;X;X;;;;;;;;;;;;;;;;;;;;;;;;;;;;;;;;;;;;;;;;;;;;;;;;;;;;;;;X;;;
200662001;200662001;DIFFERENTIAL BOX;OVERHAUL;;;;X;X;X;X;X;;;;;;;;;;;;;;;;;;;;;;;;;;;;;;;;;;;;;;;;;;;;;;;;;;;;;;;;;;;;;;;;;;;;;;;;;;;;;X;;;;;X;;;;;;;;X;;;;
200662002;200662002;DIFFERENTIAL BOX;OVERHAUL;;;;X;X;X;X;X;;;;;;;;;;;;;;;;;;;;;;;;;;;;;;;;;;;;;;;;;;;;;;;;;;;;;;;;;;;;;;;;;;;;;;;;;;;;;X;;;;;X;;;;;;;;X;;;;
200671001;200671001;MAIN LANDING GEAR LH;OVERHAUL;;;;X;X;X;X;X;;;;;;;;;;;;;;;;;;;;;;;;;;;;;;;;;;;;;;;;;;;;;;;;;;;;;;;;;;;;;;;;;;;;;;;;;;;;;X;;;;;X;;;;;;;;X;;;;
200671002;200671002;MAIN LANDING GEAR RH;OVERHAUL;;;;X;X;X;X;X;;;;;;;;;;;;;;;;;;;;;;;;;;;;;;;;;;;;;;;;;;;;;;;;;;;;;;;;;;;;;;;;;;;;;;;;;;;;;X;;;;;X;;;;;;;;X;;;;
200671003;200671003;MAIN LANDING GEAR LH;OVERHAUL;;;;X;X;X;X;X;;;;;;;;;;;;;;;;;;;;;;;;;;;;;;;;;;;;;;;;;;;;;;;;;;;;;;;;;;;;;;;;;;;;;;;;;;;;;X;;;;;X;;;;;;;;X;;;;
200671004;200671004;MAIN LANDING GEAR RH;OVERHAUL;;;;X;X;X;X;X;;;;;;;;;;;;;;;;;;;;;;;;;;;;;;;;;;;;;;;;;;;;;;;;;;;;;;;;;;;;;;;;;;;;;;;;;;;;;X;;;;;X;;;;;;;;X;;;;
20073382410;200733824-10;MAIN GEAR CENTERING CYLINDER ASSY;OVERHAUL;;;;X;;;;;;;;;X;;;;;;;;;;;;;;;;;;X;;;;;;;;;;;X;;;;;;;;;;;;;;;;;;;;;;;;;;;;;;;;;;;;;;;;;;;;;;;;;;;;;;;;X;;;;
20073382430;200733824-30;MAIN GEAR CENTERING CYLINDER ASSY;OVERHAUL;;;;X;;;;;;;;;X;;;;;;;;;;;;;;;;;;X;;;;;;;;;;;X;;;;;;;;;;;;;;;;;;;;;;;;;;;;;;;;;;;;;;;;;;;;;;;;;;;;;;;;X;;;;
200876287;200876287;TORQUE LINK;OVERHAUL;;;;X;X;X;X;X;;;;;;;;;;;;;;;;;;;;;;;;;;;;;;;;;;;;;;;;;;;;;;;;;;;;;;;;;;;;;;;;;;;;;;;;;;;;;X;;;;;X;;;;;;;;X;;;;
200876334;200876334;TORQUE LINK;OVERHAUL;;;;X;X;X;X;X;;;;;;;;;;;;;;;;;;;;;;;;;;;;;;;;;;;;;;;;;;;;;;;;;;;;;;;;;;;;;;;;;;;;;;;;;;;;;X;;;;;X;;;;;;;;X;;;;
200877001;200877001;MAIN LANDING GEAR LH;OVERHAUL;;;;X;X;X;X;X;;;;;;;;;;;;;;;;;;;;;;;;;;;;;;;;;;;;;;;;;;;;;;;;;;;;;;;;;;;;;;;;;;;;;;;;;;;;;X;;;;;X;;;;;;;;X;;;;
200877002;200877002;MAIN LANDING GEAR RH;OVERHAUL;;;;X;X;X;X;X;;;;;;;;;;;;;;;;;;;;;;;;;;;;;;;;;;;;;;;;;;;;;;;;;;;;;;;;;;;;;;;;;;;;;;;;;;;;;X;;;;;X;;;;;;;;X;;;;
200877357;200877357;PIN SIDE STAY;OVERHAUL;;;;X;X;X;X;X;;;;;;;;;;;;;;;;;;;;;;;;;;;;;;;;;;;;;;;;;;;;;;;;;;;;;;;;;;;;;;;;;;;;;;;;;;;;;X;;;;;X;;;;;;;;X;;;;
200877664;200877664;PIN, RETRACTION JACK;OVERHAUL;;;;X;X;X;X;;;;;;;;;;;;;;;;;;;;;;;;;;;;;;;;;;;;;;;;;;;;;;;;;;;;;;;;;;;;;;;;;;;;;;;;;;;;;;X;;;;;X;;;;;;;;X;;;;
200877946;200877946;PIN;OVERHAUL;;;;X;X;X;X;;;;;;;;;;;;;;;;;;;;;;;;;;;;;;;;;;;;;;;;;;;;;;;;;;;;;;;;;;;;;;;;;;;;;;;;;;;;;;X;;;;;X;;;;;;;;X;;;;
200877972;200877972;WHEEL AXLE SPACER;OVERHAUL;;;;X;X;X;X;;;;;;;;;;;;;;;;;;;;;;;;;;;;;;;;;;;;;;;;;;;;;;;;;;;;;;;;;;;;;;;;;;;;;;;;;;;;;;X;;;;;X;;;;;;;;X;;;;
200884241;200884241;LOCK LINK LH SUB ASSY;OVERHAUL;;;;X;X;X;X;;;;;;;;;;;;;;;;;;;;;;;;;;;;;;;;;;;;;;;;;;;;;;;;;;;;;;;;;;;;;;;;;;;;;;;;;;;;;;X;;;;;X;;;;;;;;X;;;;
200884249;200884249;ELECTRICAL HARNESS;REPAIR;;;;X;X;X;X;X;;;;;;;;;;;;;;;;;;;;;;;;;;;;;;;;;;;;;;;;;;;;;;;;;;;;;;;;;;;;;;;;;;;;;;;;;;;;;X;;;;;X;;;;;;;;X;;;;
200884250;200884250;ELECTRICAL HARNESS;REPAIR;;;;X;X;X;X;X;;;;;;;;;;;;;;;;;;;;;;;;;;;;;;;;;;;;;;;;;;;;;;;;;;;;;;;;;;;;;;;;;;;;;;;;;;;;;X;;;;;X;;;;;;;;X;;;;
200915254;200915254;LINK SUB-ASSY DIRECTION;OVERHAUL;;;;X;X;X;X;X;;;;;;;;;;;;;;;;;;;;;;;;;;;;;;;;;;;;;;;;;;;;;;;;;;;;;;;;;;;;;;;;;;;;;;;;;;;;;X;;;;;X;;;;;;;;X;;;;
200SGL129Q;200SGL129Q;STARTER GENERATOR;;OVERHAUL;;;X;X;;X;;;;;;;X;;;;;;;;;;;;;;;;;;;;;;;;;;;;;;;;;;;;;;;;;;;;;;;;;;;;;;;;;;;;;;;;;;;;;;;;;;;;;;;;;;;;;X;;;
200SGL129Q1;200SGL129Q1;STARTER GENERATOR;;OVERHAUL;;;X;X;;X;;;;;;;X;;;;;;;;;;;;;;;;;;;;;;;;;;;;;;;;;;;;;;;;;;;;;;;;;;;;;;;;;;;;;;;;;;;;;;;;;;;;;;;;;;;;;X;;;
200SGL129Q3;200SGL129Q3;STARTER GENERATOR;;OVERHAUL;;;X;X;;X;;;;;;;X;;;;;;;;;;;;;;;;;;;;;;;;;;;;;;;;;;;;;;;;;;;;;;;;;;;;;;;;;;;;;;;;;;;;;;;;;;;;;;;;;;;;;X;;;
200SGL129Q4;200SGL129Q4;STARTER GENERATOR;;OVERHAUL;;;X;X;;X;;;;;;;X;;;;;;;;;;;;;;;;;;;;;;;;;;;;;;;;;;;;;;;;;;;;;;;;;;;;;;;;;;;;;;;;;;;;;;;;;;;;;;;;;;;;;X;;;
200SGL129Q5;200SGL129Q5;STARTER GENERATOR;;OVERHAUL;;;X;X;;X;;;;;;;X;;;;;;;;;;;;;;;;;;;;;;;;;;;;;;;;;;;;;;;;;;;;;;;;;;;;;;;;;;;;;;;;;;;;;;;;;;;;;;;;;;;;;X;;;
200SGL129Q8;200SGL129Q8;STARTER GENERATOR;;OVERHAUL;;;X;X;;X;;;;;;;X;;;;;;;;;;;;;;;;;;;;;;;;;;;;;;;;;;;;;;;;;;;;;;;;;;;;;;;;;;;;;;;;;;;;;;;;;;;;;;;;;;;;;X;;;
200X250TAN16305;200X250TAN16305;PORTE DE VISITE;;REPAIR;;;X;;;;;;;;;;;;;;;;;;;;;;;;;;;;;;;;;;;;;;;;;;;;;;;;;;;;;;;;;;;;;;;;;;;;;;;;;;;;;;;;;X;;;X;;;;;;;;;;;X;;X;
200ZS01Y01;200ZS01Y01;AUDIO WARNING UNIT;REPAIR;;;;X;X;X;X;;;;;;;X;;X;;;;;;;;;;;;;;;;;;;;;;;;;;;;;;;;;;;;;;;;;;;;;;;;;;;;;;;;;;;;;;;;;;;;;;;;;;;;;;;;;;X;;;;
200ZS01Y02;200ZS01Y02;AUDIO WARNING UNIT;REPAIR;;;;X;X;X;X;;;;;;;X;;X;;;;;;;;;;;;;;;;;;;;;;;;;;;;;;;;;;;;;;;;;;;;;;;;;;;;;;;;;;;;;;;;;;;;;;;;;;;;;;;;;;X;;;;
201042538;201042538;DELAY VALVE;OVERHAUL;;;;X;X;X;X;X;;;X;;;;;;;;;;X;;;;;;;;;X;;;;;;;;;;;;;;;;;;;;;;;;;;;;;;;;;;;;;;;;;;;;;;;;;;;;;;;;;;;;;;;;;;;;X;;;;
201042559;201042559;DELAY VALVE;OVERHAUL;;;;X;X;X;X;X;;;X;;;;;;;;;;X;;;;;;;;;X;;;;;;;;;;;;;;;;;;;;;;;;;;;;;;;;;;;;;;;;;;;;;;;;;;;;;;;;;;;;;;;;;;;;X;;;;
201042561;201042561;DELAY VALVE;OVERHAUL;;;;X;X;X;X;X;;;X;;;;;;;;;;X;;;;;;;;;X;;;;;;;;;;;;;;;;;;;;;;;;;;;;;;;;;;;;;;;;;;;;;;;;;;;;;;;;;;;;;;;;;;;;X;;;;
201105001;201105001;MAIN LANDING GEAR STAY LH;OVERHAUL;;;;X;X;X;X;;;;;;;;;;;;;;;;;;;;;;;;;;;;;;;;;;;;;;;;;;;;;;;;;;;;;;;;;;;;;;;;;;;;;;;;;;;;;;X;;;;;X;;;;;;;;X;;;;
201105002;201105002;MAIN LANDING GEAR STAY RH;OVERHAUL;;;;X;X;X;X;;;;;;;;;;;;;;;;;;;;;;;;;;;;;;;;;;;;;;;;;;;;;;;;;;;;;;;;;;;;;;;;;;;;;;;;;;;;;;X;;;;;X;;;;;;;;X;;;;
201105003;201105003;MAIN LANDING GEAR STAY LH;OVERHAUL;;;;X;X;X;X;;;;;;;;;;;;;;;;;;;;;;;;;;;;;;;;;;;;;;;;;;;;;;;;;;;;;;;;;;;;;;;;;;;;;;;;;;;;;;X;;;;;X;;;;;;;;X;;;;
201105004;201105004;MAIN LANDING GEAR STAY RH;OVERHAUL;;;;X;X;X;X;;;;;;;;;;;;;;;;;;;;;;;;;;;;;;;;;;;;;;;;;;;;;;;;;;;;;;;;;;;;;;;;;;;;;;;;;;;;;;X;;;;;X;;;;;;;;X;;;;
201105204;201105204;INNER LINK SUB ASSY LH;OVERHAUL;;;;X;X;X;X;;;;;;;;;;;;;;;;;;;;;;;;;;;;;;;;;;;;;;;;;;;;;;;;;;;;;;;;;;;;;;;;;;;;;;;;;;;;;;X;;;;;X;;;;;;;;X;;;;
201106001;201106001;SHOCK ABSORBER;OVERHAUL;;;;X;X;X;X;X;;;;;;;;;;;;;;;;;;;;;;;;;;;;;;;;;;;;;;;;;;;;;;;;;;;;;;;;;;;;;;;;;;;;;;;;;;;;;X;;;;;X;;;;;;;;X;;;;
201106605;201106605;NUT, GLAND;OVERHAUL;;;;X;X;X;X;;;;;;;;;;;;;;;;;;;;;;;;;;;;;;;;;;;;;;;;;;;;;;;;;;;;;;;;;;;;;;;;;;;;;;;;;;;;;;X;;;;;X;;;;;;;;X;;;;
201107001;201107001;MAIN LANDING GEAR LH;OVERHAUL;;;;X;X;X;X;;;;;;;;;;;;;;;;;;;;;;;;;;;;;;;;;;;;;;;;;;;;;;;;;;;;;;;;;;;;;;;;;;;;;;;;;;;;;;X;;;;;X;;;;;;;;X;;;;
201107002;201107002;MAIN LANDING GEAR RH;OVERHAUL;;;;X;X;X;X;;;;;;;;;;;;;;;;;;;;;;;;;;;;;;;;;;;;;;;;;;;;;;;;;;;;;;;;;;;;;;;;;;;;;;;;;;;;;;X;;;;;X;;;;;;;;X;;;;
201107003;201107003;MAIN LANDING GEAR LH;OVERHAUL;;;;X;X;X;X;;;;;;;;;;;;;;;;;;;;;;;;;;;;;;;;;;;;;;;;;;;;;;;;;;;;;;;;;;;;;;;;;;;;;;;;;;;;;;X;;;;;X;;;;;;;;X;;;;
201107004;201107004;MAIN LANDING GEAR RH;OVERHAUL;;;;X;X;X;X;;;;;;;;;;;;;;;;;;;;;;;;;;;;;;;;;;;;;;;;;;;;;;;;;;;;;;;;;;;;;;;;;;;;;;;;;;;;;;X;;;;;X;;;;;;;;X;;;;
201107615;201107615;PIN;OVERHAUL;;;;X;X;X;X;X;;;;;;;;;;;;;;;;;;;;;;;;;;;;;;;;;;;;;;;;;;;;;;;;;;;;;;;;;;;;;;;;;;;;;;;;;;;;;X;;;;;X;;;;;;;;X;;;;
201122001;201122001;DOOR UPLOCK;REPAIR;;;;X;X;X;X;X;;;X;;;;;;;;;;X;;;;;;;;;;;;;;;;;;;;;;;;;;;;;;;;;;;;;;;;;;;;;;;;;;;;;;;;;;;;;;;;;;;;;;;;;;;;;X;;;;
201122002;201122002;DOOR UPLOCK;REPAIR;;;;X;X;X;X;X;;;X;;;;;;;;;;X;;;;;;;;;;;;;;;;;;;;;;;;;;;;;;;;;;;;;;;;;;;;;;;;;;;;;;;;;;;;;;;;;;;;;;;;;;;;;X;;;;
201122003;201122003;DOOR UPLOCK;REPAIR;;;;X;X;X;X;X;;;X;;;;;;;;;;X;;;;;;;;;;;;;;;;;;;;;;;;;;;;;;;;;;;;;;;;;;;;;;;;;;;;;;;;;;;;;;;;;;;;;;;;;;;;;X;;;;
201122004;201122004;DOOR UPLOCK;REPAIR;;;;X;X;X;X;X;;;X;;;;;;;;;;X;;;;;;X;;;;;;;;;;;;;;;;;;;;;;;;;;;;;;;;;;;;;;;;;;;;;;;;;;;;;;;;;;;;;;;;;;;;;;;X;;;;
201122005;201122005;DOOR UPLOCK;REPAIR;;;;X;X;X;X;X;;;X;;;;;;;;;;X;;;;;;;;;;;;;;;;;;;;;;;;;;;;;;;;;;;;;;;;;;;;;;;;;;;;;;;;;;;;;;;;;;;;;;;;;;;;;X;;;;
201122006;201122006;DOOR UPLOCK;REPAIR;;;;X;X;X;X;X;;;X;;;;;;;;;;X;;;;X;X;X;X;;;;;;;;;;;;;;;;;;;;;;;;;;;;;;;;;;;;;;;;;;;;;;;;;;;;;;;;;;;;;;;;;;;;;;X;;;;
201122007;201122007;DOOR UPLOCK;REPAIR;;;;X;X;X;X;X;;;X;;;;;;;;;;X;;;;X;X;X;X;;;;;;;;;;;;;;;;;;;;;;;;;;;;;;;;;;;;;;;;;;;;;;;;;;;;;;;;;;;;;;;;;;;;;;X;;;;
201122008;201122008;DOOR UPLOCK;REPAIR;;;;X;X;X;X;X;;;X;;;;;;;;;;X;;;;X;X;X;X;;;;;;;;;;;;;;;;;;;;;;;;;;;;;;;;;;;;;;;;;;;;;;;;;;;;;;;;;;;;;;;;;;;;;;X;;;;
201122009;201122009;DOOR UPLOCK;REPAIR;;;;X;X;X;X;X;;;X;;;;;;;;;;X;;;;X;X;X;X;;;;;;;;;;;;;;;;;;;;;;;;;;;;;;;;;;;;;;;;;;;;;;;;;;;;;;;;;;;;;;;;;;;;;;X;;;;
201138002;201138002;NOSE LANDING GEAR;OVERHAUL;;;;X;X;X;X;;;;;;;;;;;;;;;;;;;;;;;;;;;;;;;;;;;;;;;;;;;;;;;;;;;;;;;;;;;;;;;;;;;;;;;;;;;;;;X;;;;;X;;;;;;;;X;;;;
201138200;201138200;STEERING CUFF POST SB 146-32-108;OVERHAUL;;;;X;X;X;X;X;;;;;;;;;;;;;;;;;;;;;;;;;;;;;;;;;;;;;;;;;;;;;;;;;;;;;;;;;;;;;;;;;;;;;;;;;;;;;X;;;;;X;;;;;;;;X;;;;
201254925;201254925;BOOGIE PIN;OVERHAUL;;;;X;X;X;X;X;;;;;;;;;;;;;X;;;;;;;;X;X;;;;;;;;;;;;;;;;;;;;;;;;;;;;;;;;;;;;;;;;;;;;;;;;;;;;;;;;;;;;;;;;;;;;X;;;;
201298001;201298001;MAIN LANDING GEAR LH;OVERHAUL;;;;X;X;X;X;X;;;;;;;;;;;;;;;;;;;;;;;;;;;;;;;;;;;;;;;;;;;;;;;;;;;;;;;;;;;;;;;;;;;;;;;;;;;;;X;;;;;X;;;;;;;;X;;;;
201298002;201298002;MAIN LANDING GEAR  RH;OVERHAUL;;;;X;X;X;X;X;;;;;;;;;;;;;;;;;;;;;;;;;;;;;;;;;;;;;;;;;;;;;;;;;;;;;;;;;;;;;;;;;;;;;;;;;;;;;X;;;;;X;;;;;;;;X;;;;
201298003;201298003;MAIN LANDING GEAR LH;OVERHAUL;;;;X;X;X;X;X;;;;;;;;;;;;;;;;;;;;;;;;;;;;;;;;;;;;;;;;;;;;;;;;;;;;;;;;;;;;;;;;;;;;;;;;;;;;;X;;;;;X;;;;;;;;X;;;;
201298004;201298004;MAIN LANDING GEAR RH;OVERHAUL;;;;X;X;X;X;X;;;;;;;;;;;;;;;;;;;;;;;;;;;;;;;;;;;;;;;;;;;;;;;;;;;;;;;;;;;;;;;;;;;;;;;;;;;;;X;;;;;X;;;;;;;;X;;;;
201298007;201298007;MAIN LANDING GEAR LH;OVERHAUL;;;;X;X;X;X;X;;;;;;;;;;;;;;;;;;;;;;;;;;;;;;;;;;;;;;;;;;;;;;;;;;;;;;;;;;;;;;;;;;;;;;;;;;;;;X;;;;;X;;;;;;;;X;;;;
201298008;201298008;MAIN LANDING GEAR RH;OVERHAUL;;;;X;X;X;X;X;;;;;;;;;;;;;;;;;;;;;;;;;;;;;;;;;;;;;;;;;;;;;;;;;;;;;;;;;;;;;;;;;;;;;;;;;;;;;X;;;;;X;;;;;;;;X;;;;
201298302;201298302;AXLE;OVERHAUL;;;;X;X;X;X;X;;;;;;;;;;;;;;;;;;;;;;;;;;;;;;;;;;;;;;;;;;;;;;;;;;;;;;;;;;;;;;;;;;;;;;;;;;;;;X;;;;;X;;;;;;;;X;;;;
201299001;201299001;M.L.G SIDE  STAY- LH;OVERHAUL;;;;X;X;X;X;;;;;;;;;;;;;;;;;;;;;;;;;;;;;;;;;;;;;;;;;;;;;;;;;;;;;;;;;;;;;;;;;;;;;;;;;;;;;;X;;;;;X;;;;;;;;X;;;;
201299002;201299002;M.L.G SIDE  STAY- RH;OVERHAUL;;;;X;X;X;X;;;;;;;;;;;;;;;;;;;;;;;;;;;;;;;;;;;;;;;;;;;;;;;;;;;;;;;;;;;;;;;;;;;;;;;;;;;;;;X;;;;;X;;;;;;;;X;;;;
20131A;2013-1A;EMERGENCY BATTERY;;REPAIR;;;X;X;;X;;;;;;;;;;;;;;;;;;;;;;;;;;;;;;;;;;;;;;;;;;;;;;;;;;;;;;;;;;;;;;;;;X;;;;;;;;;;;;;X;;;;;;;;;;;;;;X;;;
20131ASMI;2013-1ASMI;EMERGENCY BATTERY;;OVERHAUL;;;X;X;;X;;;;;;;;;;;;;;;;;;;;;;;;;;;;;;;;;;;;;;;;;;;;;;;;;;;;;;;;;;;;;;;;;X;;;;;;;;;;;;;X;;;;;;;;;;;;;;X;;;
201383604;201383604;PIN;REPAIR;;;;X;X;X;X;X;;;;;;;;;;;;;X;;;;X;X;X;X;;;;;;;;;;;;;;;;;;;;;;;;;;;;;;;;;;;;;;;;;;;;;;;;;;;;;;;;;;;;;;;;;;;;;;X;;;;
201383605;201383605;PIN;REPAIR;;;;X;X;X;X;X;;;;;;;;;;;;;X;;;;X;X;X;X;;;;;;;;;;;;;;;;;;;;;;;;;;;;;;;;;;;;;;;;;;;;;;;;;;;;;;;;;;;;;;;;;;;;;;X;;;;
2013BR;2013-BR;EMERGENCY BATTERY;;REPAIR;;;X;X;;X;;;;;;;;;;;;;;;;;;;;;;;;;;;;;;;;;;;;;;;;;;;;;;;;;;;;;;;;;;;;;;;;;X;;;;X;;;;;;;;;;;;;;;;;;;;;;;X;;;
201419001;201419001;DAMPER;OVERHAUL;;;;X;X;X;X;X;;;X;;;;;;;;;;X;;;;;;;;;;;;;;;;;;;;;;;;;;;;;;;;;;;;;;;;;;;;;;;;;;;;;;;;;;;;;;;;;;;;;;;;;;;;;X;;;;
201419001010;201419001-010;DAMPER;OVERHAUL;;;;X;X;X;X;X;;;X;;;;;;;;;;X;;;;;;;;;;;;;;;;;;;;;;;;;;;;;;;;;;;;;;;;;;;;;;;;;;;;;;;;;;;;;;;;;;;;;;;;;;;;;X;;;;
201419001020;201419001-020;DAMPER;OVERHAUL;;;;X;X;X;X;X;;;X;;;;;;;;;;X;;;;;;;;;;;;;;;;;;;;;;;;;;;;;;;;;;;;;;;;;;;;;;;;;;;;;;;;;;;;;;;;;;;;;;;;;;;;;X;;;;
201423001;201423001;MAIN LANDING GEAR LH;OVERHAUL;;;;X;X;X;X;X;;;;;;;;;;;;;;;;;;;;;;;;;;;;;;;;;;;;;;;;;;;;;;;;;;;;;;;;;;;;;;;;;;;;;;;;;;;;;X;;;;;X;;;;;;;;X;;;;
201423002;201423002;MAIN LANDING GEAR RH;OVERHAUL;;;;X;X;X;X;X;;;;;;;;;;;;;;;;;;;;;;;;;;;;;;;;;;;;;;;;;;;;;;;;;;;;;;;;;;;;;;;;;;;;;;;;;;;;;X;;;;;X;;;;;;;;X;;;;
201423003;201423003;MAIN LANDING GEAR LH;OVERHAUL;;;;X;X;X;X;X;;;;;;;;;;;;;;;;;;;;;;;;;;;;;;;;;;;;;;;;;;;;;;;;;;;;;;;;;;;;;;;;;;;;;;;;;;;;;X;;;;;X;;;;;;;;X;;;;
201423004;201423004;MAIN LANDING GEAR RH;OVERHAUL;;;;X;X;X;X;X;;;;;;;;;;;;;;;;;;;;;;;;;;;;;;;;;;;;;;;;;;;;;;;;;;;;;;;;;;;;;;;;;;;;;;;;;;;;;X;;;;;X;;;;;;;;X;;;;
201423005;201423005;MAIN LANDING GEAR LH;OVERHAUL;;;;X;X;X;X;X;;;;;;;;;;;;;;;;;;;;;;;;;;;;;;;;;;;;;;;;;;;;;;;;;;;;;;;;;;;;;;;;;;;;;;;;;;;;;X;;;;;X;;;;;;;;X;;;;
201423006;201423006;MAIN LANDING GEAR RH;OVERHAUL;;;;X;X;X;X;X;;;;;;;;;;;;;;;;;;;;;;;;;;;;;;;;;;;;;;;;;;;;;;;;;;;;;;;;;;;;;;;;;;;;;;;;;;;;;X;;;;;X;;;;;;;;X;;;;
201423007;201423007;MAIN LANDING GEAR LH;OVERHAUL;;;;X;X;X;X;X;;;;;;;;;;;;;;;;;;;;;;;;;;;;;;;;;;;;;;;;;;;;;;;;;;;;;;;;;;;;;;;;;;;;;;;;;;;;;X;;;;;X;;;;;;;;X;;;;
201423008;201423008;MAIN LANDING GEAR RH;OVERHAUL;;;;X;X;X;X;X;;;;;;;;;;;;;;;;;;;;;;;;;;;;;;;;;;;;;;;;;;;;;;;;;;;;;;;;;;;;;;;;;;;;;;;;;;;;;X;;;;;X;;;;;;;;X;;;;
201423202;201423202;PIN SUB ASSEMBLY;OVERHAUL;;;;X;X;X;X;X;;;;;;;;;;;;;;;;;;;;;;;;;;;;;;;;;;;;;;;;;;;;;;;;;;;;;;;;;;;;;;;;;;;;;;;;;;;;;X;;;;;X;;;;;;;;X;;;;
201440609;201440609;SPRING;REPAIR;;;;X;X;X;X;;;;;;;;;;;;;;X;;;;;;;;;X;;;;;;;;;;;;;;;;;;;;;;;;;;;;;;;;;;;;;;;;;;;;;;;;;;;;;;;;;;;;;;;;;;;;X;;;;
201480002;201480002;BOGIE PITCH TRIMMER;OVERHAUL;;;;X;X;X;X;X;;;X;;;;;;;;;;X;;;;;;;;X;X;;;;;;;;;;;;;;;;;;;;;;;;;;;;;;;;;;;;;;;;;;;;;;;;;;;;;;;;;;;;;;;;;;;;X;;;;
201480002010;201480002-010;PITCH TRIMMER;OVERHAUL;;;;X;X;X;X;X;;;X;;;;;;;;;;X;;;;;;;;X;X;;;;;;;;;;;;;;;;;;;;;;;;;;;;;;;;;;;;;;;;;;;;;;;;;;;;;;;;;;;;;;;;;;;;X;;;;
201480002015;201480002-015;PITCH TRIMMER;OVERHAUL;;;;X;X;X;X;X;;;X;;;;;;;;;;X;;;;;;;;X;X;;;;;;;;;;;;;;;;;;;;;;;;;;;;;;;;;;;;;;;;;;;;;;;;;;;;;;;;;;;;;;;;;;;;X;;;;
201480002020;201480002-020;PITCH TRIMMER;OVERHAUL;;;;X;X;X;X;X;;;X;;;;;;;;;;X;;;;;;;;X;X;;;;;;;;;;;;;;;;;;;;;;;;;;;;;;;;;;;;;;;;;;;;;;;;;;;;;;;;;;;;;;;;;;;;X;;;;
201489751;201489751;BOOGIE PIN;OVERHAUL;;;;X;X;X;X;X;;;;;;;;;;;;;X;;;;;;;;X;X;;;;;;;;;;;;;;;;;;;;;;;;;;;;;;;;;;;;;;;;;;;;;;;;;;;;;;;;;;;;;;;;;;;;X;;;;
201590001;201590001;RETRACTION ACTUATOR;OVERHAUL;;;;X;X;X;X;X;;;X;;;;;;;;;;X;;;;X;X;X;X;;;;;;;;;;;;;;;;;;;;;;;;;;;;;;;;;;;;;;;;;;;;;;;;;;;;;;;;;;;;;;;;;;;;;;X;;;;
201590002;201590002;RETRACTION ACTUATOR;OVERHAUL;;;;X;X;X;X;X;;;X;;;;;;;;;;X;;;;X;X;X;X;;;;;;;;;;;;;;;;;;;;;;;;;;;;;;;;;;;;;;;;;;;;;;;;;;;;;;;;;;;;;;;;;;;;;;X;;;;
201590002010;201590002-010;RETRACTION ACTUATOR;OVERHAUL;;;;X;X;X;X;X;;;X;;;;;;;;;;X;;;;;;;;;;;;;;;;;;;;;;;;;;;;;;;;;;;;;;;;;;;;;;;;;;;;;;;;;;;;;;;;;;;;;;;;;;;;;X;;;;
201590002020;201590002-020;RETRACTION ACTUATOR;OVERHAUL;;;;X;X;X;X;X;;;X;;;;;;;;;;X;;;;;;X;;;;;;;;;;;;;;;;;;;;;;;;;;;;;;;;;;;;;;;;;;;;;;;;;;;;;;;;;;;;;;;;;;;;;;;X;;;;
201590003;201590003;RETRACTION ACTUATOR;OVERHAUL;;;;X;X;X;X;X;;;X;;;;;;;;;;X;;;;X;X;X;X;;;;;;;;;;;;;;;;;;;;;;;;;;;;;;;;;;;;;;;;;;;;;;;;;;;;;;;;;;;;;;;;;;;;;;X;;;;
201590004;201590004;RETRACTION ACTUATOR;OVERHAUL;;;;X;X;X;X;X;;;X;;;;;;;;;;X;;;;X;X;X;X;;;;;;;;;;;;;;;;;;;;;;;;;;;;;;;;;;;;;;;;;;;;;;;;;;;;;;;;;;;;;;;;;;;;;;X;;;;
201590906;201590906;RETRACTION ACTUATOR CYLINDER;OVERHAUL;;;;X;X;X;X;X;;;;;;;;;;;;;X;;;;;;X;;;;;;;;;;;;;;;;;;;;;;;;;;;;;;;;;;;;;;;;;;;;;;;;;;;;;;;;;;;;;;;;;;;;;;;X;;;;
201655233;201655233;ELECTRICAL HARNESS;REPAIR;;;;X;X;X;X;X;;;;;;;;;;;;;;;;;;;;;;;;;;;;;;;;;;;;;;;;;;;;;;;;;;;;;;;;;;;;;;;;;;;;;;;;;;;;;X;;;;;X;;;;;;;;X;;;;
201655234;201655234;ELECTRICAL HARNESS;REPAIR;;;;X;X;X;X;X;;;;;;;;;;;;;;;;;;;;;;;;;;;;;;;;;;;;;;;;;;;;;;;;;;;;;;;;;;;;;;;;;;;;;;;;;;;;;X;;;;;X;;;;;;;;X;;;;
20348;20348;HYDRAULIC SHUTTLE VALVE;OVERHAUL;;;;X;;;;;;;;;X;;;;;;;;;;;;;;;;;;X;;;;;;;;;;;X;;;;;;;;;;;;;;;;;;;;;;;;;;;;;;;;;;;;;;;;;;;;;;;;;;;;;;;;X;;;;
20349;20349;HYDRAULIC SHUTTLE VALVE;OVERHAUL;;;;X;;;;;;;;;X;;;;;;;;;;;;;;;;;;X;;;;;;;;;;;X;;;;;;;;;;;;;;;;;;;;;;;;;;;;;;;;;;;;;;;;;;;;;;;;;;;;;;;;X;;;;
20350;20350;HYDRAULIC SHUTTLE VALVE;OVERHAUL;;;;X;;;;;;;;;X;;;;;;;;;;;;;;;;;;X;;;;;;;;;;;X;;;;;;;;;;;;;;;;;;;;;;;;;;;;;;;;;;;;;;;;;;;;;;;;;;;;;;;;X;;;;
20355;20355;HYDRAULIC SHUTTLE VALVE;OVERHAUL;;;;X;;;;;;;;;X;;;;;;;;;;;;;;;;;;X;;;;;;;;;;;X;;;;;;;;;;;;;;;;;;;;;;;;;;;;;;;;;;;;;;;;;;;;;;;;;;;;;;;;X;;;;
203BC1021;203BC102-1;BATTERY CHARGER;;OVERHAUL;;;X;X;;X;;;;;;;;;;;;;;;;;;;;;;;;X;;;;;;;;;;X;;;;;;;;;;;;;;;;;;;;;;;;;;;;;;;;;;;;;;;;;;;;;;;;;;;;;;;;;;X;;;
20411687501;2041168-7501;ADF RECEIVER;;BENCH TEST;;DNR;X;X;;;;;;;;;;;;;;;;;;;;;;;;;;X;;;;;;;;;;X;;;;;;;;;;;;;;;;;;;;;;;;;;;;;;;;;;;;;;;;;;;;;;;;;;;;;;;;;;X;;;
20411687513;2041168-7513;AUTOMATIC DIRECTION FINDE;;REPAIR;;DNR;X;X;;X;;;;;;;;;;;;;;;;;;;;;;;;;;;;;;;;;;;;;;;;;;;;;;;;;;;;;;;;;;;;;;;;;;;;;;;;;;;;;;;;;;;;;;X;X;;;;;X;;;
20412200401;2041220-0401;RADAR CONTROL UNIT DUAL;;REPAIR;;;X;X;;X;X;;;;;;;;;;;;;;;;;;;;;;;X;;;X;;;;;;;;;;;;;;;;;;;;;;;;;;;;;;;;;;;;;;;;;;;;;;;;;;;;;;;;;;;;;;;;;X;;;
20412200402;2041220-0402;RADAR CONTROL UNIT DUAL;;REPAIR;;;X;X;;X;X;;;;;;;;;;;;;;;;;;;;;;;X;;;X;;;;;;;;;;;;;;;;;;;;;;;;;;;;;;;;;;;;;;;;;;;;;;;;;;;;;;;;;;;;;;;;;X;;;
20412200404;2041220-0404;RADAR CONTROL UNIT DUAL;;REPAIR;;;X;X;;X;X;;;;;;;;;;;;;;;;;;;;;;;X;;;X;;;;;;;;;;;;;;;;;;;;;;;;;;;;;;;;;;;;;;;;;;;;;;;;;;;;;;;;;;;;;;;;;X;;;
20412200405;2041220-0405;RADAR CONTROL UNIT DUAL;;REPAIR;;;X;X;;X;X;;;;;;;;;;;;;;;;;;;;;;;X;;;X;;;;;;;;;;;;;;;;;;;;;;;;;;;;;;;;;;;;;;;;;;;;;;;;;;;;;;;;;;;;;;;;;X;;;
20412200406;2041220-0406;RADAR CONTROL UNIT DUAL;;REPAIR;;;X;X;;X;X;;;;;;;;;;;;;;;;;;;;;;;X;;;X;;;;;;;;;;;;;;;;;;;;;;;;;;;;;;;;;;;;;;;;;;;;;;;;;;;;;;;;;;;;;;;;;X;;;
20412200407;2041220-0407;RADAR CONTROL UNIT DUAL;;REPAIR;;;X;X;;X;X;;;;;;;;;;;;;;;;;;;;;;;X;;;X;;;;;;;;;;;;;;;;;;;;;;;;;;;;;;;;;;;;;;;;;;;;;;;;;;;;;;;;;;;;;;;;;X;;;
20412200408;2041220-0408;RADAR CONTROL UNIT DUAL;;REPAIR;;;X;X;;X;X;;;;;;;;;;;;;;;;;;;;;;;X;;;X;;;;;;;;;;;;;;;;;;;;;;;;;;;;;;;;;;;;;;;;;;;;;;;;;;;;;;;;;;;;;;;;;X;;;
20412200409;2041220-0409;RADAR CONTROL UNIT DUAL;;REPAIR;;;X;X;;X;X;;;;;;;;;;;;;;;;;;;;;;;X;;;X;;;;;;;;;;;;;;;;;;;;;;;;;;;;;;;;;;;;;;;;;;;;;;;;;;;;;;;;;;;;;;;;;X;;;
20412200410;2041220-0410;RADAR CONTROL UNIT DUAL;;REPAIR;;;X;X;;X;X;;;;;;;;;;;;;;;;;;;;;;;X;;;X;;;;;;;;;;;;;;;;;;;;;;;;;;;;;;;;;;;;;;;;;;;;;;;;;;;;;;;;;;;;;;;;;X;;;
20412200411;2041220-0411;RADAR CONTROL UNIT DUAL;;REPAIR;;;X;X;;X;X;;;;;;;;;;;;;;;;;;;;;;;X;;;X;;;;;;;;;;;;;;;;;;;;;;;;;;;;;;;;;;;;;;;;;;;;;;;;;;;;;;;;;;;;;;;;;X;;;
20412200412;2041220-0412;RADAR CONTROL UNIT DUAL;;REPAIR;;;X;X;;X;X;;;;;;;;;;;;;;;;;;;;;;;X;;;X;;;;;;;;;;;;;;;;;;;;;;;;;;;;;;;;;;;;;;;;;;;;;;;;;;;;;;;;;;;;;;;;;X;;;
20412200413;2041220-0413;RADAR CONTROL UNIT DUAL;;REPAIR;;;X;X;;X;X;;;;;;;;;;;;;;;;;;;;;;;X;;;X;;;;;;;;;;;;;;;;;;;;;;;;;;;;;;;;;;;;;;;;;;;;;;;;;;;;;;;;;;;;;;;;;X;;;
20412200414;2041220-0414;RADAR CONTROL UNIT DUAL;;REPAIR;;;X;X;;X;X;;;;;;;;;;;;;;;;;;;;;;;X;;;X;;;;;;;;;;;;;;;;;;;;;;;;;;;;;;;;;;;;;;;;;;;;;;;;;;;;;;;;;;;;;;;;;X;;;
20412200415;2041220-0415;RADAR CONTROL UNIT DUAL;;REPAIR;;;X;X;;X;X;;;;;;;;;;;;;;;;;;;;;;;X;;;X;;;;;;;;;;;;;;;;;;;;;;;;;;;;;;;;;;;;;;;;;;;;;;;;;;;;;;;;;;;;;;;;;X;;;
20412200416;2041220-0416;RADAR CONTROL UNIT DUAL;;REPAIR;;;X;X;;X;X;;;;;;;;;;;;;;;;;;;;;;;X;;;X;;;;;;;;;;;;;;;;;;;;;;;;;;;;;;;;;;;;;;;;;;;;;;;;;;;;;;;;;;;;;;;;;X;;;
20412200417;2041220-0417;RADAR CONTROL UNIT DUAL;;REPAIR;;;X;X;;X;X;;;;;;;;;;;;;;;;;;;;;;;X;;;X;;;;;;;;;;;;;;;;;;;;;;;;;;;;;;;;;;;;;;;;;;;;;;;;;;;;;;;;;;;;;;;;;X;;;
20412200418;2041220-0418;RADAR CONTROL UNIT DUAL;;REPAIR;;;X;X;;X;X;;;;;;;;;;;;;;;;;;;;;;;X;;;X;;;;;;;;;;;;;;;;;;;;;;;;;;;;;;;;;;;;;;;;;;;;;;;;;;;;;;;;;;;;;;;;;X;;;
20412200419;2041220-0419;RADAR CONTROL UNIT DUAL;;REPAIR;;;X;X;;X;X;;;;;;;;;;;;;;;;;;;;;;;X;;;X;;;;;;;;;;;;;;;;;;;;;;;;;;;;;;;;;;;;;;;;;;;;;;;;;;;;;;;;;;;;;;;;;X;;;
20412200424;2041220-0424;RADAR CONTROL UNIT DUAL;;REPAIR;;;X;X;;X;X;;;;;;;;;;;;;;;;;;;X;;;;X;;;X;;;;;;;;;;;;;;;;;;;;;;;;;;;;;;;;;;;;;;;;;;;;;;;;;;;;;;;;;;;;;;;;;X;;;
20412200425;2041220-0425;RADAR CONTROL UNIT DUAL;;REPAIR;;;X;X;;X;X;;;;;;;;;;;;;;;;;;;;;;;X;;;X;;;;;;;;;;;;;;;;;;;;;;;;;;;;;;;;;;;;;;;;;;;;;;;;;;;;;;;;;;;;;;;;;X;;;
20412200426;2041220-0426;RADAR CONTROL UNIT DUAL;;REPAIR;;;X;X;;X;X;;;;;;;;;;;;;;;;;;;;;;;X;;;X;;;;;;;;;;;;;;;;;;;;;;;;;;;;;;;;;;;;;;;;;;;;;;;;;;;;;;;;;;;;;;;;;X;;;
20412200427;2041220-0427;RADAR CONTROL UNIT DUAL;;REPAIR;;;X;X;;X;X;;;;;;;;;;;;;;;;;;;;;;;X;;;X;;;;;;;;;;;;;;;;;;;;;;;;;;;;;;;;;;;;;;;;;;;;;;;;;;;;;;;;;;;;;;;;;X;;;
20412200429;2041220-0429;RADAR CONTROL UNIT DUAL;;REPAIR;;;X;X;;X;X;;;;;;;;;;;;;;;;;;;;;;;X;;;X;;;;;;;;;;;;;;;;;;;;;;;;;;;;;;;;;;;;;;;;;;;;;;;;;;;;;;;;;;;;;;;;;X;;;
20412200430;2041220-0430;RADAR CONTROL UNIT DUAL;;REPAIR;;;X;X;;X;X;;;;;;;;;;;;;;;;;;;;;;;X;;;X;;;;;;;;;;;;;;;;;;;;;;;;;;;;;;;;;;;;;;;;;;;;;;;;;;;;;;;;;;;;;;;;;X;;;
20412201405;2041220-1405;RADAR CONTROL UNIT DUAL;;REPAIR;;;X;X;;X;X;;;;;;;;;;;;;;;;;;;;;;;X;;;X;;;;;;;;;;;;;;;;;;;;;;;;;;;;;;;;;;;;;;;;;;;;;;;;;;;;;;;;;;;;;;;;;X;;;
20412201406;2041220-1406;RADAR CONTROL UNIT DUAL;;REPAIR;;;X;X;;X;X;;;;;;;;;;;;;;;;;;;;;;;X;;;X;;;;;;;;;;;;;;;;;;;;;;;;;;;;;;;;;;;;;;;;;;;;;;;;;;;;;;;;;;;;;;;;;X;;;
20412201407;2041220-1407;RADAR CONTROL UNIT DUAL;;REPAIR;;;X;X;;X;X;;;;;;;;;;;;;;;;;;;;;;;X;;;X;;;;;;;;;;;;;;;;;;;;;;;;;;;;;;;;;;;;;;;;;;;;;;;;;;;;;;;;;;;;;;;;;X;;;
20412201409;2041220-1409;RADAR CONTROL UNIT DUAL;;REPAIR;;;X;X;;X;X;;;;;;;;;;;;;;;;;;;;;;;X;;;X;;;;;;;;;;;;;;;;;;;;;;;;;;;;;;;;;;;;;;;;;;;;;;;;;;;;;;;;;;;;;;;;;X;;;
20412201413;2041220-1413;RADAR CONTROL UNIT DUAL;;REPAIR;;;X;X;;X;X;;;;;;;;;;;;;;;;;;;;;;;X;;;X;;;;;;;;;;;;;;;;;;;;;;;;;;;;;;;;;;;;;;;;;;;;;;;;;;;;;;;;;;;;;;;;;X;;;
20412203231;2041220-3231;RADAR CONTROL UNIT DUAL;;REPAIR;;;X;X;;X;X;;;;;;;;;;;;;;;;;;;;;;;X;;;X;;;;;;;;;;;;;;;;;;;;;;;;;;;;;;;;;;;;;;;;;;;;;;;;;;;;;;;;;;;;;;;;;X;;;
20412230401;2041223-0401;RADAR CONTROL UNIT DUAL;;REPAIR;;;X;X;;X;X;;;;;;;;;;;;;;;;;;;;;;;X;;;X;;;;;;;;;;;;;;;;;;;;;;;;;;;;;;;;;;;;;;;;;;;;;;;;;;;;;;;;;;;;;;;;;X;;;
20412230402;2041223-0402;RADAR CONTROL UNIT DUAL;;REPAIR;;;X;X;;X;X;;;;;;;;;;;;;;;;;;;;;;;X;;;X;;;;;;;;;;;;;;;;;;;;;;;;;;;;;;;;;;;;;;;;;;;;;;;;;;;;;;;;;;;;;;;;;X;;;
20412230404;2041223-0404;RADAR CONTROL UNIT DUAL;;REPAIR;;;X;X;;X;X;;;;;;;;;;;;;;;;;;;;;;;X;;;X;;;;;;;;;;;;;;;;;;;;;;;;;;;;;;;;;;;;;;;;;;;;;;;;;;;;;;;;;;;;;;;;;X;;;
20412230407;2041223-0407;RADAR CONTROL UNIT DUAL;;REPAIR;;;X;X;;X;X;;;;;;;;;;;;;;;;;;;;;;;X;;;X;;;;;;;;;;;;;;;;;;;;;;;;;;;;;;;;;;;;;;;;;;;;;;;;;;;;;;;;;;;;;;;;;X;;;
20412230408;2041223-0408;RADAR CONTROL UNIT DUAL;;REPAIR;;;X;X;;X;X;;;;;;;;;;;;;;;;;;;;;;;X;;;X;;;;;;;;;;;;;;;;;;;;;;;;;;;;;;;;;;;;;;;;;;;;;;;;;;;;;;;;;;;;;;;;;X;;;
20412230409;2041223-0409;RADAR CONTROL UNIT DUAL;;REPAIR;;;X;X;;X;X;;;;;;;;;;;;;;;;;;;;;;;X;;;X;;;;;;;;;;;;;;;;;;;;;;;;;;;;;;;;;;;;;;;;;;;;;;;;;;;;;;;;;;;;;;;;;X;;;
20412230410;2041223-0410;RADAR CONTROL UNIT DUAL;;REPAIR;;;X;X;;X;X;;;;;;;;;;;;;;;;;;;;;;;X;;;X;;;;;;;;;;;;;;;;;;;;;;;;;;;;;;;;;;;;;;;;;;;;;;;;;;;;;;;;;;;;;;;;;X;;;
20412230411;2041223-0411;RADAR CONTROL UNIT DUAL;;REPAIR;;;X;X;;X;X;;;;;;;;;;;;;;;;;;;;;;;X;;;X;;;;;;;;;;;;;;;;;;;;;;;;;;;;;;;;;;;;;;;;;;;;;;;;;;;;;;;;;;;;;;;;;X;;;
20412230412;2041223-0412;RADAR CONTROL UNIT DUAL;;REPAIR;;;X;X;;X;X;;;;;;;;;;;;;;;;;;;;;;;X;;;X;;;;;;;;;;;;;;;;;;;;;;;;;;;;;;;;;;;;;;;;;;;;;;;;;;;;;;;;;;;;;;;;;X;;;
20412230413;2041223-0413;RADAR CONTROL UNIT DUAL;;REPAIR;;;X;X;;X;X;;;;;;;;;;;;;;;;;;;;;;;X;;;X;;;;;;;;;;;;;;;;;;;;;;;;;;;;;;;;;;;;;;;;;;;;;;;;;;;;;;;;;;;;;;;;;X;;;
20412230414;2041223-0414;RADAR CONTROL UNIT DUAL;;REPAIR;;;X;X;;X;X;;;;;;;;;;;;;;;;;;;;;;;X;;;X;;;;;;;;;;;;;;;;;;;;;;;;;;;;;;;;;;;;;;;;;;;;;;;;;;;;;;;;;;;;;;;;;X;;;
20412230415;2041223-0415;RADAR CONTROL UNIT DUAL;;REPAIR;;;X;X;;X;X;;;;;;;;;;;;;;;;;;;;;;;X;;;X;;;;;;;;;;;;;;;;;;;;;;;;;;;;;;;;;;;;;;;;;;;;;;;;;;;;;;;;;;;;;;;;;X;;;
20412230416;2041223-0416;RADAR CONTROL UNIT DUAL;;REPAIR;;;X;X;;X;X;;;;;;;;;;;;;;;;;;;;;;;X;;;X;;;;;;;;;;;;;;;;;;;;;;;;;;;;;;;;;;;;;;;;;;;;;;;;;;;;;;;;;;;;;;;;;X;;;
20412230417;2041223-0417;RADAR CONTROL UNIT DUAL;;REPAIR;;;X;X;;X;X;;;;;;;;;;;;;;;;;;;;;;;X;;;X;;;;;;;;;;;;;;;;;;;;;;;;;;;;;;;;;;;;;;;;;;;;;;;;;;;;;;;;;;;;;;;;;X;;;
20412230418;2041223-0418;RADAR CONTROL UNIT DUAL;;REPAIR;;;X;X;;X;X;;;;;;;;;;;;;;;;;;;;;;;X;;;X;;;;;;;;;;;;;;;;;;;;;;;;;;;;;;;;;;;;;;;;;;;;;;;;;;;;;;;;;;;;;;;;;X;;;
20412230419;2041223-0419;RADAR CONTROL UNIT DUAL;;REPAIR;;;X;X;;X;X;;;;;;;;;;;;;;;;;;;;;;;X;;;X;;;;;;;;;;;;;;;;;;;;;;;;;;;;;;;;;;;;;;;;;;;;;;;;;;;;;;;;;;;;;;;;;X;;;
20412230421;2041223-0421;RADAR CONTROL UNIT DUAL;;REPAIR;;;X;X;;X;X;;;;;;;;;;;;;;;;;;;;;;;X;;;X;;;;;;;;;;;;;;;;;;;;;;;;;;;;;;;;;;;;;;;;;;;;;;;;;;;;;;;;;;;;;;;;;X;;;
20412230424;2041223-0424;RADAR CONTROL UNIT DUAL;;REPAIR;;;X;X;;X;X;;;;;;;;;;;;;;;;;;;;;;;X;;;X;;;;;;;;;;;;;;;;;;;;;;;;;;;;;;;;;;;;;;;;;;;;;;;;;;;;;;;;;;;;;;;;;X;;;
20412230425;2041223-0425;RADAR CONTROL UNIT DUAL;;REPAIR;;;X;X;;X;X;;;;;;;;;;;;;;;;;;;;;;;X;;;X;;;;;;;;;;;;;;;;;;;;;;;;;;;;;;;;;;;;;;;;;;;;;;;;;;;;;;;;;;;;;;;;;X;;;
20412230426;2041223-0426;RADAR CONTROL UNIT DUAL;;REPAIR;;;X;X;X;X;X;;;;;;;;;;;;;;;;;;;;;;;X;;;X;;;;;;;;;;;;;;;;;;;;;;;;;;;;;;;;;;;;;;;;;;;;;;;;;;;;;;;;;;;;;;;;;X;;;
20412230427;2041223-0427;RADAR CONTROL UNIT DUAL;;REPAIR;;;X;X;;X;X;;;;;;;;;;;;;;;;;;;;;;;X;;;X;;;;;;;;;;;;;;;;;;;;;;;;;;;;;;;;;;;;;;;;;;;;;;;;;;;;;;;;;;;;;;;;;X;;;
20412233131;2041223-3131;RADAR CONTROL UNIT DUAL;;REPAIR;;;X;X;;X;;;;;;;;;;;;;;;;;;;;;;;;X;;;X;;;;;;;;;;;;;;;;;;;;;;;;;;;;;;;;;;;;;;;;;;;;;;;;;;;;;;;;;;;;;;;;;X;;;
20412233132;2041223-3132;RADAR CONTROL UNIT DUAL;;REPAIR;;;X;X;;X;;;;;;;;;;;;;;;;;;;;;;;;X;;;X;;;;;;;;;;;;;;;;;;;;;;;;;;;;;;;;;;;;;;;;;;;;;;;;;;;;;;;;;;;;;;;;;X;;;
20412233133;2041223-3133;RADAR CONTROL UNIT DUAL;;REPAIR;;;X;X;;X;;;;;;;;;;;;;;;;;;;;;;;;X;;;X;;;;;;;;;;;;;;;;;;;;;;;;;;;;;;;;;;;;;;;;;;;;;;;;;;;;;;;;;;;;;;;;;X;;;
20412233134;2041223-3134;RADAR CONTROL UNIT DUAL;;REPAIR;;;X;X;;X;;;;;;;;;;;;;;;;;;;;;;;;X;;;X;;;;;;;;;;;;;;;;;;;;;;;;;;;;;;;;;;;;;;;;;;;;;;;;;;;;;;;;;;;;;;;;;X;;;
20412233135;2041223-3135;RADAR CONTROL UNIT DUAL;;REPAIR;;;X;X;;X;;;;;;;;;;;;;;;;;;;;;;;;X;;;X;;;;;;;;;;;;;;;;;;;;;;;;;;;;;;;;;;;;;;;;;;;;;;;;;;;;;;;;;;;;;;;;;X;;;
20412233136;2041223-3136;RADAR CONTROL UNIT DUAL;;REPAIR;;;X;X;;X;;;;;;;;;;;;;;;;;;;;;;;;X;;;X;;;;;;;;;;;;;;;;;;;;;;;;;;;;;;;;;;;;;;;;;;;;;;;;;;;;;;;;;;;;;;;;;X;;;
20412303503;2041230-3503;ILS RECEIVER;;REPAIR;;DNR;X;X;;X;;;;;;;;;;;;;;;;;;;;;;;;X;;;X;;;;;;;;;;;;;;;;;;;;;;;;;;;;;;;;;;;;;;;;;;;;;;;;;;;;;;;;;;;;;;;;;X;;;
20412303504;2041230-3504;ILS RECEIVER;;REPAIR;;DNR;X;X;;X;;;;;;;;;;;;;;;;;;;;;;;;;;;;;;;;;;;;;;;;;;;;;;;;;;;;;;;;;;;;;;;;;;;;;;;;;;;;;;;;;;;;;;X;X;;;;;X;;;
20412303514;2041230-3514;ILS RECEIVER;;REPAIR;;DNR;X;X;;X;;;;;;;;;;;;;;;;;;;;;;;;;;;;;;;;;;;;;;;;;;;;;;;;;;;;;;;;;;;;;;;;;;;;;;;;;;;;;;;;;;;;;;X;X;;;;;X;;;
20412303516;2041230-3516;ILS RECEIVER;;REPAIR;;DNR;X;X;;X;;;;;;;;;;;;;;;;;;;;;;;;;;;;;;;;;;;;;;;;;;;;;;;;;;;;;;;;;;;;;;;;;;;;;;;;;;;;;;;;;;;;;;X;X;;;;;X;;;
20412303517;2041230-3517;ILS RECEIVER;;REPAIR;;DNR;X;X;;X;;;;;;;;;;;;;;;;;;;;;;;;;;;;;;;;;;;;;;;;;;;;;;;;;;;;;;;;;;;;;;;;;;;;;;;;;;;;;;;;;;;;;;X;X;;;;;X;;;
20412303520;2041230-3520;ILS RECEIVER;;REPAIR;;DNR;X;X;;X;;;;;;;;;;;;;;;;;;;;;;;;;;;;;;;;;;;;;;;;;;;;;;;;;;;;;;;;;;;;;;;;;;;;;;;;;;;;;;;;;;;;;;X;X;;;;;X;;;
20412303526;2041230-3526;ILS RECEIVER;;REPAIR;;DNR;X;X;;X;;;;;;;;;;;;;;;;;;;;;;;;;;;;;;;;;;;;;;;;;;;;;;;;;;;;;;;;;;;;;;;;;;;;;;;;;;;;;;;;;;;;;;X;X;;;;;X;;;
20412303527;2041230-3527;ILS RECEIVER;;REPAIR;;DNR;X;X;;X;;;;;;;;;;;;;;;;;;;;;;;;;;;;;;;;;;;;;;;;;;;;;;;;;;;;;;;;;;;;;;;;;;;;;;;;;;;;;;;;;;;;;;X;X;;;;;X;;;
20412303528;2041230-3528;ILS RECEIVER;;REPAIR;;DNR;X;X;;X;;;;;;;;;;;;;;;;;;;;;;;;;;;;;;;;;;;;;;;;;;;;;;;;;;;;;;;;;;;;;;;;;;;;;;;;;;;;;;;;;;;;;;X;X;;;;;X;;;
20412303530;2041230-3530;ILS RECEIVER;;REPAIR;;DNR;X;X;;X;;;;;;;;;;;;;;;;;;;;;;;;;;;;;;;;;;;;;;;;;;;;;;;;;;;;;;;;;;;;;;;;;;;;;;;;;;;;;;;;;;;;;;X;X;;;;;X;;;
20412303531;2041230-3531;ILS RECEIVER;;REPAIR;;DNR;X;X;;X;;;;;;;;;;;;;;;;;;;;;;;;;;;;;;;;;;;;;;;;;;;;;;;;;;;;;;;;;;;;;;;;;;;;;;;;;;;;;;;;;;;;;;X;X;;;;;X;;;
20412303532;2041230-3532;ILS RECEIVER;;REPAIR;;DNR;X;X;;X;;;;;;;;;;;;;;;;;;;;;;;;X;;;X;;;;;;;;;;;;;;;;;;;;;;;;;;;;;;;;;;;;;;;;;;;;;;;;;;;;;;;;;;;;;;;;;X;;;
20412303533;2041230-3533;ILS RECEIVER;;REPAIR;;DNR;X;X;;X;;;;;;;;;;;;;;;;;;;;;;;;;;;;;;;;;;;;;;;;;;;;;;;;;;;;;;;;;;;;;;;;;;;;;;;;;;;;;;;;;;;;;;X;X;;;;;X;;;
20412313601;2041231-3601;VOR LOC RCVR;;REPAIR;;DNR;X;X;;X;;;;;;;;;;;;;;;;;;;;;;;;;;;;;;;;;;;;;;;;;;;;;;;;;;;;;;;;;;;;;;;;;;;;;;;;;;;;;;;;;;;;;;X;X;;;;;X;;;
20412313604;2041231-3604;VOR LOC RCVR;;REPAIR;;DNR;X;X;;X;;;;;;;;;;;;;;;;;;;;;;;;;;;;;;;;;;;;;;;;;;;;;;;;;;;;;;;;;;;;;;;;;;;;;;;;;;;;;;;;;;;;;;X;X;;;;;X;;;
20412313606;2041231-3606;VOR LOC RCVR;;REPAIR;;DNR;X;X;;X;;;;;;;;;;;;;;;;;;;;;;;;;;;;;;;;;;;;;;;;;;;;;;;;;;;;;;;;;;;;;;;;;;;;;;;;;;;;;;;;;;;;;;X;X;;;;;X;;;
20412313607;2041231-3607;VOR LOC RCVR;;REPAIR;;DNR;X;X;;X;;;;;;;;;;;;;;;;;;;;;;;;;;;;;;;;;;;;;;;;;;;;;;;;;;;;;;;;;;;;;;;;;;;;;;;;;;;;;;;;;;;;;;X;X;;;;;X;;;
20412313608;2041231-3608;VOR LOC RCVR;;REPAIR;;DNR;X;X;;X;;;;;;;;;;;;;;;;;;;;;;;;;;;;;;;;;;;;;;;;;;;;;;;;;;;;;;;;;;;;;;;;;;;;;;;;;;;;;;;;;;;;;;X;X;;;;;X;;;
20412313609;2041231-3609;VOR LOC RCVR;;REPAIR;;DNR;X;X;;X;;;;;;;;;;;;;;;;;;;;;;;;;;;;;;;;;;;;;;;;;;;;;;;;;;;;;;;;;;;;;;;;;;;;;;;;;;;;;;;;;;;;;;X;X;;;;;X;;;
20412313610;2041231-3610;VOR LOC RCVR;;REPAIR;;DNR;X;X;;X;;;;;;;;;;;;;;;;;;;;;;;;;;;;;;;;;;;;;;;;;;;;;;;;;;;;;;;;;;;;;;;;;;;;;;;;;;;;;;;;;;;;;;X;X;;;;;X;;;
20412313611;2041231-3611;VOR LOC RCVR;;REPAIR;;DNR;X;X;;X;;;;;;;;;;;;;;;;;;;;;;;;;;;;;;;;;;;;;;;;;;;;;;;;;;;;;;;;;;;;;;;;;;;;;;;;;;;;;;;;;;;;;;X;X;;;;;X;;;
20412313613;2041231-3613;VOR LOC RCVR;;REPAIR;;DNR;X;X;;X;;;;;;;;;;;;;;;;;;;;;;;;;;;;;;;;;;;;;;;;;;;;;;;;;;;;;;;;;;;;;;;;;;;;;;;;;;;;;;;;;;;;;;X;X;;;;;X;;;
20412313614;2041231-3614;VOR LOC RCVR;;REPAIR;;DNR;X;X;;X;;;;;;;;;;;;;;;;;;;;;;;;;;;;;;;;;;;;;;;;;;;;;;;;;;;;;;;;;;;;;;;;;;;;;;;;;;;;;;;;;;;;;;X;X;;;;;X;;;
20412313615;2041231-3615;VOR LOC RCVR;;REPAIR;;DNR;X;X;;X;;;;;;;;;;;;;;;;;;;;;;;;;;;;;;;;;;;;;;;;;;;;;;;;;;;;;;;;;;;;;;;;;;;;;;;;;;;;;;;;;;;;;;X;X;;;;;X;;;
20412313616;2041231-3616;VOR LOC RCVR;;REPAIR;;DNR;X;X;;X;;;;;;;;;;;;;;;;;;;;;;;;;;;;;;;;;;;;;;;;;;;;;;;;;;;;;;;;;;;;;;;;;;;;;;;;;;;;;;;;;;;;;;X;X;;;;;X;;;
20412313617;2041231-3617;VOR LOC RCVR;;REPAIR;;DNR;X;X;;X;;;;;;;;;;;;;;;;;;;;;;;;;;;;;;;;;;;;;;;;;;;;;;;;;;;;;;;;;;;;;;;;;;;;;;;;;;;;;;;;;;;;;;X;X;;;;;X;;;
20412313618;2041231-3618;VOR LOC RCVR;;REPAIR;;DNR;X;X;;X;;;;;;;;;;;;;;;;;;;;;;;;;;;;;;;;;;;;;;;;;;;;;;;;;;;;;;;;;;;;;;;;;;;;;;;;;;;;;;;;;;;;;;X;X;;;;;X;;;
20412313622;2041231-3622;VOR LOC RCVR;;REPAIR;;DNR;X;X;;X;;;;;;;;;;;;;;X;;;;;X;X;X;;;;;;;;;;;;;;;;;;;;;;;;;;;;;;;;;;;;;;;;;;;;;;;;;;;;;;;;;;;;;;;;;;;;;;;X;;;
20412313623;2041231-3623;VOR LOC RCVR;;REPAIR;;DNR;X;X;;X;;;;;;;;;;;;;;;;;;;;;;;;;;;;;;;;;;;;;;;;;;;;;;;;;;;;;;;;;;;;;;;;;;;;;;;;;;;;;;;;;;;;;;X;X;;;;;X;;;
20412343426;2041234-3426;VOR LOC RCVR;;REPAIR;;DNR;X;X;;X;;;;;;;;;;;;;;;;;;;;;;;;;;;;;;;;;;;;;;;;;;;;;;;;;;;;;;;;;;;;;;;;;;;;;;;;;;;;;;X;;;;;;;;;;;;;;X;;;
20412343427;2041234-3427;VOR LOC RCVR;;REPAIR;;DNR;X;X;;X;;;;;;;;;;;;;;;;;;;;;;;;X;;;;;;;;;;X;;;;;;;;;;;;;;;;;;;;;;;;;;;;;;;;;;;;;;;;;;;;;;;;;;;;;;;;;;X;;;
20412343428;2041234-3428;VOR LOC RCVR;;REPAIR;;DNR;X;X;;X;;;;;;;;;;;;;;;;;;;;;;;;X;;;X;;;;;;;;;;;;;;;;;;;;;;;;;;;;;;;;;;;;;;;;;;;;;;;;;;;;;;;;;;;;;;;;;X;;;
20412343429;2041234-3429;VOR LOC RCVR;;REPAIR;;DNR;X;X;;X;;;;;;;;;;;;;;;;;;;;;;;;X;;;X;;;;;;;;;;;;;;;;;;;;;;;;;;;;;;;;;;;;;;;;;;;;;;;;;;;;;;;;;;;;;;;;;X;;;
20412343430;2041234-3430;VOR LOC RCVR;;REPAIR;;DNR;X;X;;X;;;;;;;;;;;;;;;;;;;;;;;;X;;;X;;;;;;;;;;;;;;;;;;;;;;;;;;;;;;;;;;;;;;;;;;;;;;;;;;;;;;;;;;;;;;;;;X;;;
20412343431;2041234-3431;VOR LOC RCVR;;REPAIR;;DNR;X;X;;X;;;;;;;;;;;;;;;;;;;;;;;;X;;;X;;;;;;;;;;;;;;;;;;;;;;;;;;;;;;;;;;;;;;;;;;;;;;;;;;;;;;;;;;;;;;;;;X;;;
20412343432;2041234-3432;VOR LOC RCVR;;REPAIR;;DNR;X;X;;X;;;;;;;;;;;;;;;;;;;;;;;;X;;;X;;;;;;;;;;;;;;;;;;;;;;;;;;;;;;;;;;;;;;;;;;;;;;;;;;;;;;;;;;;;;;;;;X;;;
20412343433;2041234-3433;VOR LOC RCVR;;REPAIR;;DNR;X;X;;X;;;;;;;;;;;;;;;;;;;;;;;;X;;;X;;;;;;;;;;;;;;;;;;;;;;;;;;;;;;;;;;;;;;;;;;;;;;;;;;;;;;;;;;;;;;;;;X;;;
20412343434;2041234-3434;VOR LOC RCVR;;REPAIR;;DNR;X;X;;X;;;;;;;;;;;;;;;;;;;;;;;;X;;;;X;;;;;;;;;;;;;;;;;;;;;;;;;;;;;;;;;;;;;;;;;;;;;;;;;;;;;;;;;;;;;;;;X;;;
20412343435;2041234-3435;VOR LOC RCVR;;REPAIR;;DNR;X;X;;X;;;;;;;;;;;;;;;;;;;;;;;;X;;;;X;;;;;;;;;;;;;;;;;;;;;;;;;;;;;;;;;;;;;;;;;;;;;;;;;;;;;;;;;;;;;;;;X;;;
20412343436;2041234-3436;VOR LOC RCVR;;REPAIR;;DNR;X;X;;X;;;;;;;;;;;;;;;;;;;;;;;;X;;;;X;;;;;;;;;;;;;;;;;;;;;;;;;;;;;;;;;;;;;;;;;;;;;;;;;;;;;;;;;;;;;;;;X;;;
20412343437;2041234-3437;VOR LOC RCVR;;REPAIR;;DNR;X;X;;X;;;;;;;;;;;;;;;;;;;;;;;;X;;;;X;;;;;;;;;;;;;;;;;;;;;;;;;;;;;;;;;;;;;;;;;;;;;;;;;;;;;;;;;;;;;;;;X;;;
20412343439;2041234-3439;VOR LOC RCVR;;REPAIR;;DNR;X;X;;X;;;;;;;;;;;;;;;;;;;;;;;;X;;;;X;;;;;;;;;;;;;;;;;;;;;;;;;;;;;;;;;;;;;;;;;;;;;;;;;;;;;;;;;;;;;;;;X;;;
20412343440;2041234-3440;VOR LOC RCVR;;REPAIR;;DNR;X;X;;X;;;;;;;;;;;;;;;;;;;;;;;;X;;;;X;;;;;;;;;;;;;;;;;;;;;;;;;;;;;;;;;;;;;;;;;;;;;;;;;;;;;;;;;;;;;;;;X;;;
20412343441;2041234-3441;VOR LOC RCVR;;REPAIR;;DNR;X;X;;X;;;;;;;;;;;;;;;;;;;;;;;;X;;;;X;;;;;;;;;;;;;;;;;;;;;;;;;;;;;;;;;;;;;;;;;;;;;;;;;;;;;;;;;;;;;;;;X;;;
20412343442;2041234-3442;VOR LOC RCVR;;REPAIR;;DNR;X;X;;X;;;;;;;;;;;;;;;;;;;;;;;;X;;;;X;;;;;;;;;;;;;;;;;;;;;;;;;;;;;;;;;;;;;;;;;;;;;;;;;;;;;;;;;;;;;;;;X;;;
20412343443;2041234-3443;VOR LOC RCVR;;REPAIR;;DNR;X;X;;X;;;;;;;;;;;;;;;;;;;;;;;;X;;;X;;;;;;;;;;;;;;;;;;;;;;;;;;;;;;;;;;;;;;;;;;;;;;;;;;;;;;;;;;;;;;;;;X;;;
20412343444;2041234-3444;VOR LOC RCVR;;REPAIR;;DNR;X;X;;X;;;;;;;;;;;;;;;;;;;;;;;;X;;;X;;;;;;;;;;;;;;;;;;;;;;;;;;;;;;;;;;;;;;;;;;;;;;;;;;;;;;;;;;;;;;;;;X;;;
20412343445;2041234-3445;VOR LOC RCVR;;REPAIR;;DNR;X;X;;X;;;;;;;;;;;;;;;;;;;;;;;;X;;;X;;;;;;;;;;;;;;;;;;;;;;;;;;;;;;;;;;;;;;;;;;;;;;;;;;;;;;;;;;;;;;;;;X;;;
20412343446;2041234-3446;VOR LOC RCVR;;REPAIR;;DNR;X;X;;X;;;;;;;;;;;;;;;;;;;;;;;;X;;;X;;;;;;;;;;;;;;;;;;;;;;;;;;;;;;;;;;;;;;;;;;;;;;;;;;;;;;;;;;;;;;;;;X;;;
20412343447;2041234-3447;VOR LOC RCVR;;REPAIR;;DNR;X;X;;X;;;;;;;;;;;;;;;;;;;;;;;;X;;;X;;;;;;;;;;;;;;;;;;;;;;;;;;;;;;;;;;;;;;;;;;;;;;;;;;;;;;;;;;;;;;;;;X;;;
20412343448;2041234-3448;VOR LOC RCVR;;REPAIR;;DNR;X;X;;X;;;;;;;;;;;;;;;;;;;;;;;;X;;;X;;;;;;;;;;;;;;;;;;;;;;;;;;;;;;;;;;;;;;;;;;;;;;;;;;;;;;;;;;;;;;;;;X;;;
20412343449;2041234-3449;VOR LOC RCVR;;REPAIR;;DNR;X;X;;X;;;;;;;;;;;;;;;;;;;;;;;;X;;;X;;;;;;;;;;;;;;;;;;;;;;;;;;;;;;;;;;;;;;;;;;;;;;;;;;;;;;;;;;;;;;;;;X;;;
20414440401;2041444-0401;RADAR ANTENNA DRIVE UNIT;;REPAIR;;DNR;X;X;;X;;;;;;;;;;;;;;;;;;;;;;;;X;;;;;;;;;;;;;;;;;;;;;;;;;;;;;;;;;;;;;;;;;;;;;;;;;;;;;;;;;;;;;;X;X;;;;;X;;;
20414440402;2041444-0402;RADAR ANTENNA DRIVE UNIT;;REPAIR;;DNR;X;X;;X;;;;;;;;;;;;;;;;;;;;;;;;X;;;;;;;;;;;;;;;;;;;;;;;;;;;;;;;;;;;;;;;;;;;;;;;;;;;;;;X;;;;;;;;;;;;;;X;;;
20414440403;2041444-0403;RADAR ANTENNA DRIVE UNIT;;REPAIR;;DNR;X;X;;X;;;;;;;;;;;;;;;;;;;;;;;;X;;;;;;;;;;;;;;;;;;;;;;;;;;;;;;;;;;;;;;;;;;;;;;;;;;;;;;X;;;;;;;;;;;;;;X;;;
20414440404;2041444-0404;RADAR ANTENNA DRIVE UNIT;;REPAIR;;DNR;X;X;;X;;;;;;;;;;;;;;;;;;;;X;;;;X;;;;;;;;;;;;;;;;;;;;;;;;;;;;;;;;;;;;;;;;;;;;;;;;;;;;;;X;;;;;;;;;;;;;;X;;;
20414440405;2041444-0405;RADAR ANTENNA DRIVE UNIT;;REPAIR;;DNR;X;X;;X;;;;;;;;;;;;;;;;;;;;;;;;X;;;;;;;;;;;;;;;;;;;;;;;;;;;;;;;;;;;;;;;;;;;;;;;;;;;;;;X;;;;;;;;;;;;;;X;;;
20414440406;2041444-0406;RADAR ANTENNA DRIVE UNIT;;REPAIR;;DNR;X;X;;X;;;;;;;;;;;;;;X;;;;;X;X;X;;;X;;;;;;;;;;;;;;;;;;;;;;;;;;;;;;;;;;;;;;;;;;;;;;;;;;;;;;;;;;;;;;;;;;;;X;;;
20414440407;2041444-0407;RADAR ANTENNA DRIVE UNIT;;REPAIR;;DNR;X;X;;X;;;;;;;;;;;;;;X;;;;;X;X;X;;;X;;;;;;;;;;;;;;;;;;;;;;;;;;;;;;;;;;;;;;;;;;;;;;;;;;;;;;;;;;;;;;;;;;;;X;;;
20414440408;2041444-0408;RADAR ANTENNA DRIVE UNIT;;REPAIR;;DNR;X;X;;X;;;;;;;;;;;;;;;;;;;;;;;;X;;;;;;;;;;;;;;;;;;;;;;;;;;;;;;;;;;;;;;;;;;;;;;;;;;;;;;X;;;;;;;;;;;;;;X;;;
20414440409;2041444-0409;RADAR ANTENNA DRIVE UNIT;;REPAIR;;DNR;X;X;;X;;;;;;;;;;;;;;X;;;;;X;X;X;;;X;;;;;;;;;;;;;;;;;;;;;;;;;;;;;;;;;;;;;;;;;;;;;;;;;;;;;;;;;;;;;;;;;;;;X;;;
20414440410;2041444-0410;RADAR ANTENNA DRIVE UNIT;;REPAIR;;DNR;X;X;;X;;;;;;;;;;;;;;X;;;;;X;X;X;;;X;;;;;;;;;;;;;;;;;;;;;;;;;;;;;;;;;;;;;;;;;;;;;;;;;;;;;;;;;;;;;;;;;;;;X;;;
20414440411;2041444-0411;RADAR ANTENNA DRIVE UNIT;;REPAIR;;DNR;X;X;;X;;;;;;;;;;;;;;X;;;;;X;X;X;;;X;;;;;;;;;;;;;;;;;;;;;;;;;;;;;;;;;;;;;;;;;;;;;;;;;;;;;;;;;;;;;;;;;;;;X;;;
20414440412;2041444-0412;RADAR ANTENNA DRIVE UNIT;;REPAIR;;DNR;X;X;;X;;;;;;;;;;;;;;X;;;;;X;X;X;;;X;;;;;;;;;;;;;;;;;;;;;;;;;;;;;;;;;;;;;;;;;;;;;;;;;;;;;;;;;;;;;;;;;;;;X;;;
20414440422;2041444-0422;RADAR ANTENNA DRIVE UNIT;;REPAIR;;DNR;X;X;;X;;;;;;;;;;;;;;X;;;;;X;X;X;;;X;;;;;;;;;;;;;;;;;;;;;;;;;;;;;;;;;;;;;;;;;;;;;;;;;;;;;;;;;;;;;;;;;;;;X;;;
20414440424;2041444-0424;RADAR ANTENNA DRIVE UNIT;;REPAIR;;DNR;X;X;;X;;;;;;;;;;;;;;X;;;;;X;X;X;;;X;;;;;;;;;;;;;;;;;;;;;;;;;;;;;;;;;;;;;;;;;;;;;;;;;;;;;;;;;;;;;;;;;;;;X;;;
20414450401;2041445-0401;PLANAR ARRAY;;BENCH TEST;;DNR;X;X;;X;;;;;;;;;;;;;;;;;;;;;;;;X;;;;;;;;;;;;;;;;;;;;;;;;;;;;;;;;;;;;;;;;;;;;;;;;;;;;;;;;;;;;;;X;X;;;;;X;;;
20414450402;2041445-0402;PLANAR ARRAY;;BENCH TEST;;DNR;X;X;;X;;;;;;;;;;;;;;X;;;;;X;X;X;;;X;;;;;;;;;;;;;;;;;;;;;;;;;;;;;;;;;;;;;;;;;;;;;;;;;;;;;;;;;;;;;;;;;;;;X;;;
20414450403;2041445-0403;PLANAR ARRAY;;BENCH TEST;;DNR;X;X;;X;;;;;;;;;;;;;;;;;;;;;;;;X;;;X;;;;;;;;;;;;;;;;;;;;;;;;;;;;;;;;;;;;;;;;;;;;;;;;;;;;;;;;;;;;;;;;;X;;;
20414450404;2041445-0404;PLANAR ARRAY;;BENCH TEST;;DNR;X;X;;X;;;;;;;;;;;;;;X;;;;;X;X;X;;;X;;;;;;;;;;;;;;;;;;;;;;;;;;;;;;;;;;;;;;;;;;;;;;;;;;;;;;;;;;;;;;;;;;;;X;;;
20414460401;2041446-0401;PLANAR ARRAY;;BENCH TEST;;DNR;X;X;;X;;;;;;;;;;;;;;;;;;;;;X;;;X;;;;;;;;;;X;;;;;;;;;;;;;;;;;;;;;;;;;;;;;;;;;;;;;;;;;;;;;;;;;;;;;;;;;;X;;;
20414460402;2041446-0402;PLANAR ARRAY;;BENCH TEST;;DNR;X;X;;X;;;;;;;;;;;;;;X;;;;;X;X;X;;;X;;;;;;;;;;;;;;;;;;;;;;;;;;;;;;;;;;;;;;;;;;;;;;;;;;;;;;;;;;;;;;;;;;;;X;;;
204303012;204-30301-2;MLG, CENTERING CYL & SNUBBER ASSY;OVERHAUL;;;;X;;;;;;;;;;;;;;;;;;;;;;;;;;;X;X;;;;;;;;;;;;;;;;;;;;;;;;;;;;;;;;;;;;;;;;;;;;;;;;;;;;;;;;;;;;;;;;;;X;;;;
204318321AF;204-31832-1-AF;MAIN LANDING GEAR;OVERHAUL;;;;X;;;;;;;;;;;;;;;;;;;;;;;;;;;X;X;;;;;;;;;;;;;;;;;;;;;;;;;;;;;;;;;;;;;;;;;;;;;;;;;;;;;;;;;;;;;;;;;;X;;;;
204318322AF;204-31832-2-AF;MAIN LANDING GEAR;OVERHAUL;;;;X;;;;;;;;;;;;;;;;;;;;;;;;;;;X;X;;;;;;;;;;;;;;;;;;;;;;;;;;;;;;;;;;;;;;;;;;;;;;;;;;;;;;;;;;;;;;;;;;X;;;;
20475;20475;WHEEL;OVERHAUL;;;;X;X;X;X;X;;;X;;;X;;X;;;;;;;;;;;;;;;;;;;;;;;;;;;;;;;;;;;;;;;;;;;;;;;;;;;;;;;;;;;;;;;;;;;;;;;;;;;;;;;;;;X;;;;
2047500000;20475-000-00;WHEEL;OVERHAUL;;;;X;X;X;X;X;;;X;;;X;;X;;;;;;;;;;;;;;;;;;;;;;;;;;;;;;;;;;;;;;;;;;;;;;;;;;;;;;;;;;;;;;;;;;;;;;;;;;;;;;;;;;X;;;;
20475001;20475-001;WHEEL;OVERHAUL;;;;X;X;X;X;X;;;;;;X;;X;;;;;;;;;;;;;;;;;;;;;;;;;;;;;;;;;;;;;;;;;;;;;;;;;;;;;;;;;;;;;;;;;;;;;;;;;;;;;;;;;;X;;;;
2047500100;20475-001-00;WHEEL;OVERHAUL;;;;X;X;X;X;X;;;X;;;X;;X;;;;;;;;;;;;;;;;;;;;;;;;;;;;;;;;;;;;;;;;;;;;;;;;;;;;;;;;;;;;;;;;;;;;;;;;;;;;;;;;;;X;;;;
2049056;204905-6;TURBINE, COOLING;OVERHAUL;;;;X;X;X;X;X;;;X;;;;;;;;;;X;;;;;;;;;;;;;;;;;;;;;;;;;;;;;;;;;;;;;;;;;;;;;;;;;;;;;;;;;;;;;;;;;;;;;;;;;;;;;X;;;;
2049059;204905-9;TURBINE, COOLING;OVERHAUL;;;;X;X;X;X;X;;;X;;;;;;;;;;X;;;;;;;;;;;;;;;;;;;;;;;;;;;;;;;;;;;;;;;;;;;;;;;;;;;;;;;;;;;;;;;;;;;;;;;;;;;;;X;;;;
20497510;204975-10;AIR CYCLE MACHINE;OVERHAUL;;;;X;X;X;X;X;;;;;;;;;;;;;;;;;;;;;;;X;;;;;;;;;;X;;;;;;;;;;;;;;;;;;;;;;;;;;;;;;;;;;;;;;;;;;;;;;;;;;;;;;;;;X;;;;
20497511;204975-11;AIR CYCLE MACHINE;OVERHAUL;;;;X;X;X;X;X;;;;;;;;;;;;;X;X;X;X;X;X;X;X;X;X;;;;;;;;;;;;;;;;;;;;;;;;;;;;;;;;;;;;;;;;;;;;;;;;;;;;;;;;;;;;;;;;;;;;X;;;;
20497512;204975-12;AIR CYCLE MACHINE;OVERHAUL;;;;X;X;X;X;X;;;;;;;;;;;;;X;X;X;X;X;X;X;X;X;X;;;;;;;;;;;;;;;;;;;;;;;;;;;;;;;;;;;;;;;;;;;;;;;;;;;;;;;;;;;;;;;;;;;;X;;;;
20497513;204975-13;AIR CYCLE MACHINE;OVERHAUL;;;;X;X;X;X;X;;;;;;;;;;;;;X;X;X;X;X;X;X;X;X;X;;;;;;;;;;;;;;;;;;;;;;;;;;;;;;;;;;;;;;;;;;;;;;;;;;;;;;;;;;;;;;;;;;;;X;;;;
20497514;204975-14;AIR CYCLE MACHINE;OVERHAUL;;;;X;X;X;X;X;;;;;;;;;;;;;X;;;;;;;;;;;;;;;;;;;;;;;;;;;;;;;;;;;;;;;;;;;;;;;;;;;;;;;;;;;;;;;;;;;;;;;;;;;;;X;;;;
20497515;204975-15;AIR CYCLE MACHINE;OVERHAUL;;;;X;X;X;X;X;;;;;;;;;;;;;;;;;;;;;;;X;;;;;;;;;;X;;;;;;;;;;;;;;;;;;;;;;;;;;;;;;;;;;;;;;;;;;;;;;;;;;;;;;;;;X;;;;
20497518;204975-18;AIR CYCLE MACHINE;OVERHAUL;;;;X;X;X;X;X;;;;;;;;;;;;;;;;;;;;;;;X;;;;;;;;;;X;;;;;;;;;;;;;;;;;;;;;;;;;;;;;;;;;;;;;;;;;;;;;;;;;;;;;;;;;X;;;;
20497519;204975-19;AIR CYCLE MACHINE;OVERHAUL;;;;X;X;X;X;X;;;;;;;;;;;;;X;X;X;;;;;;;;;;;;;;;;;;;;;;;;;;;;;;;;;;;;;;;;;;;;;;;;;;;;;;;;;;;;;;;;;;;;;;;;;;;X;;;;
20497521;204975-21;AIR CYCLE MACHINE;OVERHAUL;;;;X;X;X;X;X;;;;;;;;;;;;;X;X;X;;;;;;;;;;;;;;;;;;;;;;;;;;;;;;;;;;;;;;;;;;;;;;;;;;;;;;;;;;;;;;;;;;;;;;;;;;;X;;;;
20497522;204975-22;AIR CYCLE MACHINE;OVERHAUL;;;;X;X;X;X;X;;;;;;;;;;;;;X;X;X;X;X;X;X;X;X;X;;;;;;;;;;;;;;;;;;;;;;;;;;;;;;;;;;;;;;;;;;;;;;;;;;;;;;;;;;;;;;;;;;;;X;;;;
20497523;204975-23;AIR CYCLE MACHINE;OVERHAUL;;;;X;X;X;X;X;;;;;;;;;;;;;X;X;X;;;;;;;;;;;;;;;;;;;;;;;;;;;;;;;;;;;;;;;;;;;;;;;;;;;;;;;;;;;;;;;;;;;;;;;;;;;X;;;;
20497524;204975-24;AIR CYCLE MACHINE;OVERHAUL;;;;X;X;X;X;X;;;;;;;;;;;;;X;;;;;;;;;;;;;;;;;;;;;;;;;;;;;;;;;;;;;;;;;;;;;;;;;;;;;;;;;;;;;;;;;;;;;;;;;;;;;X;;;;
20497525;204975-25;AIR CYCLE MACHINE;OVERHAUL;;;;X;X;X;X;X;;;;;;;;;;;;;X;;;;;;;;;;;;;;;;;;;;;;;;;;;;;;;;;;;;;;;;;;;;;;;;;;;;;;;;;;;;;;;;;;;;;;;;;;;;;X;;;;
20497526;204975-26;AIR CYCLE MACHINE;OVERHAUL;;;;X;X;X;X;X;;;;;;;;;;;;;X;X;X;;;;;;;;;;;;;;;;;;;;;;;;;;;;;;;;;;;;;;;;;;;;;;;;;;;;;;;;;;;;;;;;;;;;;;;;;;;X;;;;
2049758;204975-8;AIR CYCLE MACHINE;OVERHAUL;;;;X;X;X;X;X;;;;;;;;;;;;;;;;;;;;;;;X;;;;;;;;;;X;;;;;;;;;;;;;;;;;;;;;;;;;;;;;;;;;;;;;;;;;;;;;;;;;;;;;;;;;X;;;;
2049759;204975-9;AIR CYCLE MACHINE;OVERHAUL;;;;X;X;X;X;X;;;;;;;;;;;;;X;X;X;X;X;X;X;X;X;X;X;;;;;;;;;;X;;;;;;;;;;;;;;;;;;;;;;;;;;;;;;;;;;;;;;;;;;;;;;;;;;;;;;;;;X;;;;
2058000000;20580-000-00;BRAKE, WHEEL;OVERHAUL;;;;X;X;X;X;X;;;;;;X;;X;;X;X;;;;;;;;;;;;;;;;;;;;;;;;;;;;;;;;;;;;;;;;;;;;;;;;;;;;;;;;;;;;;;;;;;;;;;;;;;;;;;;X;;;;
2058000000R1;20580-000-00-R1;BRAKE FOR 6 INCH WHEEL (ERAM);OVERHAUL;;;;X;X;X;X;;;;;;;X;;X;;;;;;;;;;;;;;;;;;;;;;;;;;;;;;;;;;;;;;;;;;;;;;;;;;;;;;;;;;;;;;;;;;;;;;;;;;;;;;;;;;X;;;;
2058000000R1;20580-000-00R1;BRAKE FOR 6 INCH WHEEL (ERAM);OVERHAUL;;;;X;X;X;X;X;;;;;;X;;X;;;;;;;;;;;;;;;;;;;;;;;;;;;;;;;;;;;;;;;;;;;;;;;;;;;;;;;;;;;;;;;;;;;;;;;;;;;;;;;;;;X;;;;
2058000001;20580-000-01;BRAKE, WHEEL;OVERHAUL;;;;X;X;X;X;X;;;X;;;X;;X;;X;X;;;;;;;;;;;;;;;;;;;;;;;;;;;;;;;;;;;;;;;;;;;;;;;;;;;;;;;;;;;;;;;;;;;;;;;;;;;;;;;X;;;;
205PN01;205PN01;INDICATOR, VOLTMETER DC;REPAIR;;;;X;X;X;X;X;;;;;;;;;;;;;X;;;;;;X;;;;;;;;;;;;;;;;;;;;;;;;;;;;;;;;;;;;;;;;;;;;;;;;;;;;;;;;;;;;;;;;;;;;;;;X;;;;
205PN01Y01;205PN01Y01;INDICATOR, VOLTMETER DC;REPAIR;;;;X;X;X;X;X;;;;;;;;;;;;;X;;;;;;X;X;X;X;;;;;;;;;;;;;;;;;;;;;;;;;;;;;;;;;;;;;;;;;;;;;;;;;;;;;;;;;;;;;;;;;;;;X;;;;
20609011;206090-1-1;COOLING TURBINE;OVERHAUL;;;;X;;;;;;;;;;;;;;;;;;;;;;;;;;;X;;;;;;;;;;;X;;;;;;;;;;;;;;;;;;;;;;;;;;;;;;;;;;;;;;;;;;;;;;;;;;;;;;;;X;;;;
20609021;206090-2-1;COOLING TURBINE;OVERHAUL;;;;X;;;;;;;;;X;;;;;;;;;;;;;;;;;;X;;;;;;;;;;;X;;;;;;;;;;;;;;;;;;;;;;;;;;;;;;;;;;;;;;;;;;;;;;;;;;;;;;;;X;;;;
20609031;206090-3-1;COOLING TURBINE;OVERHAUL;;;;X;;;;;;;;;;;;;;;;;;;;;;;;;;;X;;;;;;;;;;;X;;;;;;;;;;;;;;;;;;;;;;;;;;;;;;;;;;;;;;;;;;;;;;;;;;;;;;;;X;;;;
20609041;206090-4-1;COOLING TURBINE;OVERHAUL;;;;X;;;;;;;;;;;;;;;;;;;;;;;;;;;X;;;;;;;;;;;X;;;;;;;;;;;;;;;;;;;;;;;;;;;;;;;;;;;;;;;;;;;;;;;;;;;;;;;;X;;;;
206090M;206090M;COOLING TURBINE;OVERHAUL;;;;X;;;;;;;;;;;;;;;;;;;;;;;;;;;X;;;;;;;;;;;X;;;;;;;;;;;;;;;;;;;;;;;;;;;;;;;;;;;;;;;;;;;;;;;;;;;;;;;;X;;;;
2060A01;2060A01;PUMP;;REPAIR;;;X;X;;X;;;;;;X;;;;;;;;;;;;;;;;;;;;;;;;;;;;;;;;;;;;;;;;;;;X;;;;X;;;;;;;;;;;;;;;;;;;;;;;;;X;;;;;;;;;;;;;;X;;;
2060A12;2060A12;PUMP;;REPAIR;;;X;X;;X;;;;;;X;;;;;;;;;;;;;;;;;;;;;;;;;;;;;;;;;;;;;;;;;;;X;;;;;X;;;;;;;;;;;;;;;;;;;;;;;;X;;;;;;;;;;;;;;X;;;
2060F06;2060F06;FUEL PUMP;;OVERHAUL;;;X;X;;;;;;;;;;;;;;;;;;;;;;;;;;;;;;;;;;;;;;;;;;;;;;;;;;;X;;;X;;;;;;;;;;;;;;;;;;;;;;;;;;;;;;;;;;;;;;;;X;;;
2060F14;2060F14;FUEL PUMP;;OVERHAUL;;;X;X;;;;;;;;;;;;;;;;;;;;;;;;;;;;;;;;;;;;;;;;;;;;;;;;;;;X;;;X;;;;;;;;;;;;;;;;;;;;;;;;;;;;;;;;;;;;;;;;X;;;
2060F16;2060F16;FUEL PUMP;;OVERHAUL;;;X;X;;;;;;;;;;;;;;;;;;;;;;;;;;;;;;;;;;;;;;;;;;;;;;;;;;;X;;;X;;;;;;;;;;;;;;;;;;;;;;;;;;;;;;;;;;;;;;;;X;;;
2061D01;2061D01;ELECTROPUMP;;OVERHAUL;;;X;X;;;;;;;;X;;;;;;;;;;;;;;;;;;;;;;;;;;;;;;;;;;;;X;;;X;;;;;;;;;;;;;;;;;;;;;;;;;;;;;;;;;;;;;;;;;;;;;;;X;;;
20662155;20662155;DISPLAY, FULL COLOR;REPAIR;;;;X;X;X;X;X;;;;;;;;;;;;;X;;X;X;;;;;;;;;;;;;;;;;;;;;;;;;;;;;;;;;;;;;;;;;;;;;;;;;;;;;;;;;;;;;;;;;;;;;;;;;;X;;;;
206PN01;206PN01;VOLTMETER-DC;REPAIR;;;;X;X;X;X;X;;;;;;;;;;;;;X;;;;X;X;X;X;X;X;;;;;;;;;;;;;;;;;;;;;;;;;;;;;;;;;;;;;;;;;;;;;;;;;;;;;;;;;;;;;;;;;;;;X;;;;
20732;20732;CURRENT TRANSFORMER;;REPAIR;;;X;X;X;X;X;;;;;;;;;;;;;;;;;;;;;;;;;;;;;;;;;;;X;X;;;;;;;;;;;;;;;;;;;;;;;;;;;;;;;;;;;;;;;;;;;;;;;;;;;;;;;X;;;
207ZS01;207ZS01;AUDIO WARNING UNIT;REPAIR;;;;X;X;X;X;;;;;;;X;;X;;;;;;;;;;;;;;;;;;;;;;;;;;;;;;;;;;;;;;;;;;;;;;;;;;;;;;;;;;;;;;;;;;;;;;;;;;;;;;;;;;X;;;;
20821;2082-1;CYLINDER HYDRAULIC ACTUATING;OVERHAUL;;;;X;;;;;;;;;X;;;;;;;;;;;;;;;;;;X;;;;;;;;;;;X;;;;;;;;;;;;;;;;;;;;;;;;;;;;;;;;;;;;;;;;;;;;;;;;;;;;;;;;X;;;;
20878212802;2087821-2802;MARKER RECEIVER;;REPAIR;;DNR;X;X;;X;;;;;;;;;;;;;;;;;;;;;;;;;;;;;;;;;;;;;;;;;;;;;;;;;;;;;;;;;;;;;;;;;;;;;;;;;;;;;;X;;;;;;;;;;;;;;X;;;
2095C010200;2095C010200;VALVE, REGULATION;OVERHAUL;;;;X;X;X;X;X;;;;;;;;;;;;;X;;;;;;;;;;;;;;;;;;;;;;;;;;;;;;;;;;;;;;;;;;;;;;;;;;;;;;;;;;;;;;;;;;;;;;;;;;;;;X;;;;
2095D010100;2095D010100;VALVE, REGULATION;OVERHAUL;;;;X;X;X;X;X;;;;;;;;;;;;;X;;;;;;;;;;;;;;;;;;;;;;;;;;;;;;;;;;;;;;;;;;;;;;;;;;;;;;;;;;;;;;;;;;;;;;;;;;;;;X;;;;
2095E010800;2095E010800;VALVE, ELECTRO PNEUMATIC;OVERHAUL;OVERHAUL;;;X;X;X;X;X;;;;;;;;;;;;;;;;;;;;;;;;;;;;;;;;;;;X;X;;;;;;;;;;;;;;;;;;;;;;;;;;;;;;;;;;;;;;;;;;;;;;;;;;;;;;X;X;;;
2095E020800;2095E020800;VALVE, ELECTRO PNEUMATIC;OVERHAUL;OVERHAUL;;;X;X;X;X;X;;;;;;;;;;;;;;;;;;;;;;;;;;;;;;;;;;;X;X;;;;;;;;;;;;;;;;;;;;;;;;;;;;;;;;;;;;;;;;;;;;;;;;;;;;;;X;X;;;
2095F010800;2095F010800;VALVE, ELECTRO PNEUMATIC;OVERHAUL;OVERHAUL;;;X;X;X;X;X;;;;;;;;;;;;;;;;;;;;;;;;;;;;;;;;;;;X;X;;;X;;;;;;;;;;;;;;;;;;;;;;;;;;;;;;;;;;;;;;;;;;;;;;;;;;;X;X;;;
2095F020800;2095F020800;VALVE, ELECTRO PNEUMATIC;OVERHAUL;OVERHAUL;;;X;X;X;X;X;;;;;;;;;;;;;;;;;;;;;;;;;;;;;;;;;;;X;X;;;X;;;;;;;;;;;;;;;;;;;;;;;;;;;;;;;;;;;;;;;;;;;;;;;;;;;X;X;;;
2095F030800;2095F030800;VALVE, ELECTRO PNEUMATIC;OVERHAUL;OVERHAUL;;;X;X;X;X;X;;;;;;;;;;;;;;;;;;;;;;;;;;;;;;;;;;;X;X;;;X;;;;;;;;;;;;;;;;;;;;;;;;;;;;;;;;;;;;;;;;;;;;;;;;;;;X;X;;;
2095F030800AMDTA;2095F030800AMDTA;ELECTROPNEUMATIC OUTFLOW VALVE;;OVERHAUL;;;X;X;X;X;X;;;;;;;;;;;;;;;;;;;;;;;;;;;;;;;;;;;X;X;X;X;;;;;;;;;;;;;;;;;;;;;;;;;;;;;;;;;;;;;;;;;;;;;;;;;;;;;X;;;
2095F030800AMDTB;2095F030800AMDTB;ELECTROPNEUMATIC OUTFLOW VALVE;;OVERHAUL;;;X;X;X;X;X;;;;;;;;;;;;;;;;;;;;;;;;;;;;;;;;;;;X;X;X;X;;;;;;;;;;;;;;;;;;;;;;;;;;;;;;;;;;;;;;;;;;;;;;;;;;;;;X;;;
2095F030800AMDTC;2095F030800AMDTC;ELECTROPNEUMATIC OUTFLOW VALVE;;OVERHAUL;;;X;X;X;X;X;;;;;;;;;;;;;;;;;;;;;;;;;;;;;;;;;;;X;X;X;X;;;;;;;;;;;;;;;;;;;;;;;;;;;;;;;;;;;;;;;;;;;;;;;;;;;;;X;;;
2095F040800;2095F040800;VALVE, ELECTRO PNEUMATIC;OVERHAUL;OVERHAUL;;;X;X;X;X;X;;;;;;;;;;;;;;;;;;;;;;;;;;;;;;;;;;;X;X;;;;;;;;;;;;;;;;;;;;;;;;;;;;;;;;;;;;;;;;;;;;;;;;;;;;;;X;X;;;
2096G010800;2096G010800;VALVE, PNEUMATIC OUTFLOW;OVERHAUL;OVERHAUL;;;X;X;X;X;X;;;;;;;;;;;;;;;;;;;;;;;;;;;;;;;;;;;X;;;;;;;;;;;;;;;;;;;;;;;;;;;;;;;;;;;;;;;;;;;;;;;;;;;;;;;X;X;;;
2096G020800;2096G020800;VALVE, PNEUMATIC OUTFLOW;OVERHAUL;OVERHAUL;;;X;X;X;X;X;;;;;;;;;;;;;;;;;;;;;;;;;;;;;;;;;;;X;X;;;;;;;;;;;;;;;;;;;;;;;;;;;;;;;;;;;;;;;;;;;;;;;;;;;;;;X;X;;;
2096H010800;2096H010800;VALVE, PNEUMATIC OUTFLOW;OVERHAUL;OVERHAUL;;;X;X;X;X;X;;;;;;;;;;;;;;;;;;;;;;;;;;;;;;;;;;;X;X;;;X;;;;;;;;;;;;;;;;;;;;;;;;;;;;;;;;;;;;;;;;;;;;;;;;;;;X;X;;;
2096H020800;2096H020800;VALVE, PNEUMATIC OUTFLOW;OVERHAUL;OVERHAUL;;;X;X;X;X;X;;;;;;;;;;;;;;;;;;;;;;;;;;;;;;;;;;;X;X;;;X;;;;;;;;;;;;;;;;;;;;;;;;;;;;;;;;;;;;;;;;;;;;;;;;;;;X;X;;;
2096H030800;2096H030800;VALVE, PNEUMATIC OUTFLOW;OVERHAUL;OVERHAUL;;;X;X;X;X;X;;;;;;;;;;;;;;;;;;;;;;;;;;;;;;;;;;;X;X;;;X;;;;;;;;;;;;;;;;;;;;;;;;;;;;;;;;;;;;;;;;;;;;;;;;;;;X;X;;;
2096H030800AMDTA;2096H030800AMDTA;PNEUMATIC OUTFLOW VALVE;;OVERHAUL;;;X;X;X;X;X;;;;;;;;;;;;;;;;;;;;;;;;;;;;;;;;;;;X;X;X;X;;;;;;;;;;;;;;;;;;;;;;;;;;;;;;;;;;;;;;;;;;;;;;;;;;;;;X;;;
2096H030800AMDTB;2096H030800AMDTB;PNEUMATIC OUTFLOW VALVE;;OVERHAUL;;;X;X;X;X;X;;;;;;;;;;;;;;;;;;;;;;;;;;;;;;;;;;;X;X;X;X;;;;;;;;;;;;;;;;;;;;;;;;;;;;;;;;;;;;;;;;;;;;;;;;;;;;;X;;;
2096H030800AMDTC;2096H030800AMDTC;PNEUMATIC OUTFLOW VALVE;;OVERHAUL;;;X;X;X;X;X;;;;;;;;;;;;;;;;;;;;;;;;;;;;;;;;;;;X;X;X;X;;;;;;;;;;;;;;;;;;;;;;;;;;;;;;;;;;;;;;;;;;;;;;;;;;;;;X;;;
2096H040800;2096H040800;VALVE, PNEUMATIC OUTFLOW;OVERHAUL;OVERHAUL;;;X;X;X;X;X;;;;;;;;;;;;;;;;;;;;;;;;;;;;;;;;;;;X;X;;;;;;;;;;;;;;;;;;;;;;;;;;;;;;;;;;;;;;;;;;;;;;;;;;;;;;X;X;;;
2099L011100;2099L011100;VALVE, PNEUMATIC OUTFLOW;;REPAIR;;;X;X;;X;;;;;;;;;;;;;;;;;;;;;;;;;;;;;;;;;;;;;;;;;;X;;;;X;X;;;;;;;;;;;;;;;;;;;;;;;;;;;;;;;;;;;;;;;;;;;;;X;;;
20AA600;20AA600;BATTERY;;OVERHAUL;;;X;;;;;;;;;;;;;;;;;;;;;;;;;;;;;;;;;;;;;;;;;;;;;;;;;;;;X;X;;;;;;;;;;;;;;;;;;;;;;;;;;;;;;;;;;;;;;;;;;X;;;
2100101000;2100-1010-00;COCKPIT VOICE RECORDER;;REPAIR;;;X;X;;X;;;;;;;;;;;;;;;;;;;;;;;;;;;;;;;;;;;;;;;;;;;;;;;;;;;;;;;;;;;;;;;;;;;;;;;;;;;;;;X;;;;;;;;;;;;;;X;;;
2100101050;2100-1010-50;COCKPIT VOICE RECORDER;;REPAIR;;;X;X;;X;;;;;;;;;;;;;;;;;;;;;;;;;;;;;;;;;;;;;;;;;;;;;;;;;;;;;;;;;;;;;;;;;;;;;;;;;;;;;;X;;;;;;;;;;;;;;X;;;
2100102000;2100-1020-00;COCKPIT VOICE RECORDER;;REPAIR;;;X;X;;X;;;;;;;;;;;;;;;;;;;;;;;;;;;;;;;;;;;;;;;;;;;;;;;;;;;;;;;;;;;;;;;;;X;;;;X;;;;;;;;;X;;;;;;;;;;;;;;X;;;
2100102002;2100-1020-02;COCKPIT VOICE RECORDER;;OVERHAUL;;;X;X;;X;;;;;;;;;;;;;;;;;;;;;;;;;;;;;;;;;;;;X;;;;X;;;;;;;;;;;;;;;;;;;;;;;;;;;;;;;;;;;;;;X;;;;;;;;;;;;;;X;;;
2100102050;2100-1020-50;COCKPIT VOICE RECORDER;;REPAIR;;;X;X;;X;;;;;;;;;;;;;;;;;;;;;;;;;;;;;;;;;;;;;;;;;;;;;;;;;;;;;;;;;;;;;;;;;;;;;;;;;;;;;;X;;;;;;;;;;;;;;X;;;
2100102051;2100-1020-51;COCKPIT VOICE RECORDER;;REPAIR;;;X;X;;X;;;;;;;;;;;;;;;;;;;;;;;;;;;;;;;;;;;;;;;;;;;;;;;;;;;;;;;;;;;;;;;;;;;;;;;;;;;;;;X;;;;;;;;;;;;;;X;;;
2100102090;2100-1020-90;COCKPIT VOICE RECORDER;;REPAIR;;;X;X;;X;;;;;;;;;;;;;;;;;;;;;;;;;;;;;;;;;;;;;;;;;;;;;;;;;;;;;;;;;;;;;;;;;;;;;;;;;;;;;;X;;;;;;;;;;;;;;X;;;
2100102091;2100-1020-91;COCKPIT VOICE RECORDER;;REPAIR;;;X;X;;X;;;;;;;;;;;;;;;;;;;;;;;;;;;;;;;;;;;;;;;;;;;;;;;;;;;;;;;;;;;;;;;;;;;;;;;;;;;;;;X;;;;;;;;;;;;;;X;;;
2100102093;2100-1020-93;COCKPIT VOICE RECORDER;;REPAIR;;;X;X;;X;;;;;;;;;;;;;;;;;;;;;;;;;;;;;;;;;;;;;;;;;;;;;;;;;;;;;;;;;;;;;;;;;;;;;;;;;;;;;;X;;;;;;;;;;;;;;X;;;
2100102098;2100-1020-98;COCKPIT VOICE RECORDER;;REPAIR;;;X;X;;X;;;;;;;;;;;;;;;;;;;;;;;;;;;;;;;;;;;;;;;;;;;;;;;;;;;;;;;;;;;;;;;;;;;;;;;;;;;;;;X;;;;;;;;;;;;;;X;;;
2100102099;2100-1020-99;COCKPIT VOICE RECORDER;;REPAIR;;;X;X;;X;;;;;;;;;;;;;;;;;;;;;;;;;;;;;;;;;;;;;;;;;;;;;;;;;;;;;;;;;;;;;;;;;;;;;;;;;;;;;;X;;;;;;;;X;X;;;;;X;;;
2100204312;2100-2043-12;FLIGHT DATA RECORDER FA2100;;REPAIR;;;X;X;;X;;;;;;;;;;;;;;;;;;;;;;;;;;;;;;;;;;;;X;;;;X;;;;;;;;;;;;;;;;;;;;;;;;;;;;;;;;;;;;;;X;;;;;;;;;;;;;;X;;;
2100204399;2100-2043-99;FLIGHT DATA RECORDER FA2100;;REPAIR;;;X;X;;X;;;;;;;;;;;;;;;;;;;;;;;;;;;;;;;;;;;;;;;;;;;;;;;;;;;;;;;;;;;;;;;;;;;;;;;;;;;;;;X;;;;;;;;;;;;;;X;;;
2100204400;2100-2044-00;FLIGHT DATA RECORDER FA2100;;REPAIR;;;X;X;;X;;;;;;;;;;;;;;;;;;;;;;;;;;;;;;;;;;;;;;;;;;;;;;;;;;;;;;;;;;;;;;;;;;;;;;;;;;;;;;X;;;;;;;;;;;;;;X;;;
2100204401;2100-2044-01;FLIGHT DATA RECORDER FA2100;;REPAIR;;;X;X;;X;;;;;;;;;;;;;;;;;;;;;;;;;;;;;;;;;;;;X;;;;X;;;;;;;;;;;;;;;;;;;;;;;;;;;;;;;;;;;;;;X;;;;;;;;;;;;;;X;;;
2100204412;2100-2044-12;FLIGHT DATA RECORDER FA2100;;REPAIR;;;X;X;;X;;;;;;;;;;;;;;;;;;;;;;;;;;;;;;;;;;;;X;;;;X;;;;;;;;;;;;;;;;;;;;;;;;;;;;;;;;;;;;;;X;;;;;;;;;;;;;;X;;;
2100204499;2100-2044-99;FLIGHT DATA RECORDER FA2100;;REPAIR;;;X;X;;X;;;;;;;;;;;;;;;;;;;;;;;;;;;;;;;;;;;;;;;;;;;;;;;;;;;;;;;;;;;;;;;;;;;;;;;;;;;;;;X;;;;;;;;;;;;;;X;;;
2100404200;2100-4042-00;FLIGHT DATA RECORDER FA2100;;REPAIR;;;X;X;;X;;;;;;;;;;;;;;;;;;;;;;;;;;;;;;;;;;;;;;;;;;;;;;;;;;;;;;;;;;;;;;;;;;;;;;;;;;;;;;X;;;;;;;;;;;;;;X;;;
2100404201;2100-4042-01;FLIGHT DATA RECORDER FA2100;;REPAIR;;;X;X;;X;;;;;;;;;;;;;;;;;;;;;;;;;;;;;;;;;;;;;;;;;;;;;;;;;;;;;;;;;;;;;;;;;;;;;;;;;;;;;;X;;;;;;;;;;;;;;X;;;
2100404212;2100-4042-12;FLIGHT DATA RECORDER FA2100;;REPAIR;;;X;X;;X;;;;;;;;;;;;;;;;;;;;;;;;;;;;;;;;;;;;;;;;;;;;;;;;;;;;;;;;;;;;;;;;;;;;;;;;;;;;;;X;;;;;;;;;;;;;;X;;;
2100404299;2100-4042-99;FLIGHT DATA RECORDER FA2100;;REPAIR;;;X;X;;X;;;;;;;;;;;;;;;;;;;;;;;;;;;;;;;;;;;;;;;;;;;;;;;;;;;;;;;;;;;;;;;;;;;;;;;;;;;;;;X;;;;;;;;;;;;;;X;;;
2100404300;2100-4043-00;FLIGHT DATA RECORDER FA2100;;REPAIR;;;X;X;;X;X;;;;;;;;;;;;;;;;;;;;;;;;;;;;;;;;;;;X;X;;;;;;;;;;;;;;;;;;;;;;;;;;;;;;;;;;;;;;;;;X;;;;;;;;;;;;;;X;;;
2100404301;2100-4043-01;FLIGHT DATA RECORDER FA2100;;REPAIR;;;X;X;;X;;;;;;;;;;;;;;;;;;;;;;;;;;;;;;;;;;;;X;X;;;;;;;;;;;;;;;;;;;;;;;;;;;;;;;;;;;;;;;;;X;;;;;;;;;;;;;;X;;;
2100404302;2100-4043-02;FLIGHT DATA RECORDER FA2100;;REPAIR;;;X;X;;X;;;;;;;;;;;;;;;;;;;;;;;;;;;;;;;;;;;;X; ;;;X;;;;;;;;;;;;;;;;;;;;;;;;;;;;;;;;;;;;;;X;;;;;;;;;;;;;;X;;;
2100404312;2100-4043-12;FLIGHT DATA RECORDER FA2100;;REPAIR;;;X;X;;X;;;;;;;;;;;;;;;;;;;;;;;;;;;;;;;;;;;;;;;;;;;;;;;;;;;;;;;;;;;;;;;;;;;;;;;;;;;;;;X;;;;;;;;;;;;;;X;;;
2100404399;2100-4043-99;FLIGHT DATA RECORDER FA2100;;REPAIR;;;X;X;;X;;;;;;;;;;;;;;;;;;;;;;;;;;;;;;;;;;;;;;;;;;;;;;;;;;;;;;;;;;;;;;;;;;;;;;;;;;;;;;X;;;;;;;;;;;;;;X;;;
2100404400;2100-4044-00;FLIGHT DATA RECORDER FA2100;;REPAIR;;;X;X;;X;;;;;;;;;;;;;;;;;;;;;;;;;;;;;;;;;;;;;;;;;;;;;;;;;;;;;;;;;;;;;;;;;;;;;;;;;;;;;;X;;;;;;;;;;;;;;X;;;
2100404401;2100-4044-01;FLIGHT DATA RECORDER FA2100;;REPAIR;;;X;X;;X;;;;;;;;;;;;;;;;;;;;;;;;;;;;;;;;;;;;;;;;;;;;;;;;;;;;;;;;;;;;;;;;;;;;;;;;;;;;;;X;;;;;;;;;;;;;;X;;;
2100404412;2100-4044-12;FLIGHT DATA RECORDER FA2100;;REPAIR;;;X;X;;X;;;;;;;;;;;;;;;;;;;;;;;;;;;;;;;;;;;;;;;;;;;;;;;;;;;;;;;;;;;;;;;;;;;;;;;;;;;;;;X;;;;;;;;;;;;;;X;;;
2100404499;2100-4044-99;FLIGHT DATA RECORDER FA2100;;REPAIR;;;X;X;;X;;;;;;;;;;;;;;;;;;;;;;;;;;;;;;;;;;;;;;;;;;;;;;;;;;;;;;;;;;;;;;;;;;;;;;;;;;;;;;X;;;;;;;;;;;;;;X;;;
2100404500;2100-4045-00;FLIGHT DATA RECORDER FA2100;;REPAIR;;;X;X;;X;;;;;;;;;;;;;;;;;;;;;;;;;;;;;;;;;;;;X;;;;X;;;;;;;;;;;;;;;;;;;;;;;;;;;;;;;;;;;;;;X;;;;;;;;;;;;;;X;;;
2103000000;21030-000-00;ACTUATOR, MLG DOOR;OVERHAUL;;;;X;X;X;X;X;;;;;;;;;;;;;X;;X;;;;;;;;;;;;;;;;;;;;;;;;;;;;;;;;;;;;;;;;;;;;;;;;;;;;;;;;;;;;;;;;;;;;;;;;;;;X;;;;
21060500001;2106-0500-001;ACTUATOR PAX DOOR;;OVERHAUL;;;X;X;;;;;;;;;;;;;;;;;;;;;;;;;;;;;;;;;;;;;;;;;;;;X;;;;;X;;;;;;;;;;;;;;;;;;;;;;;;;;;;;;;;;;;;;;;;;;;;;X;;;
210TS07;210TS07;L/G CONTROL LEVER;REPAIR;;;;X;X;X;X;X;;;;;;;;;;;;;X;;;;;;X;;;;;;;;;;;;;;;;;;;;;;;;;;;;;;;;;;;;;;;;;;;;;;;;;;;;;;;;;;;;;;;;;;;;;;;X;;;;
210TS07Y01;210TS07Y01;L/G CONTROL LEVER;REPAIR;;;;X;X;X;X;X;;;X;;;;;;;;;;X;;;;X;X;X;X;X;X;;;;;;;;;;;;;;;;;;;;;;;;;;;;;;;;;;;;;;;;;;;;;;;;;;;;;;;;;;;;;;;;;;;;X;;;;
21175763;2117576-3;CONTROL DISPLAY UNIT;REPAIR;;;;X;X;X;X;X;;;;;;;;;;;;;;;;;;;;;;;;;;;;;;;;;;;;;;;;;;;;;;;;;;;;;;;;;;;;;;;;;;;;;;;;;;;;;X;;;;;X;;;;;;;;X;;;;
21175764;2117576-4;CONTROL DISPLAY UNIT;REPAIR;;;;X;X;X;X;X;;;;;;;;;;;;;;;;;;;;;;;;;;;;;;;;;;;;;;;;;;;;;;;;;;;;;;;;;;;;;;;;;;;;;;;;;;;;;X;;;;;X;;;;;;;;X;;;;
21183865;2118386-5;SELECT CABIN AIR PRESSURE;;REPAIR;;DNR;X;X;;X;;;;;;;;;;;;;;;;;;;;;;;;;;;;;;;;;;;;;;;;;;;;;;;;;;;;;;;;;;;;;;;;;;;;;;;;;;;;;;;;;;;;;;X;X;;;;;X;;;
21183867;21183867;SELECT CABIN AIR PRESSURE;;REPAIR;;DNR;X;X;;X;;;;;;;;;;;;;;;;;;;;;;;;;;;;;;;;;;;;;;;;;;;;;;;;;;;;;;;;;;;;;;;;;;;;;;;;;;;;;;;;;;;;;;X;X;;;;;X;;;
21183869;2118386-9;SELECT CABIN AIR PRESSURE;;REPAIR;;DNR;X;X;;;;;;;;;;;;;;;;;;;;;;;;;;;;;;;;;;;;;;;;;;;;;;;;;;;;;;;;;;;;;;;;;;;;;;;;;;;;;;;;;;;;;;;;X;X;;;;;X;;;
211C11715A;211C117-15A;CONTACTOR;;BENCH TEST;;;X;X;;;;;;;;;;;;;;;;;;;;;;;;;;;;;;;;;;;;;;;;;;;;X;;;;;;;;;;;;;;;;;;;;;;;;;;;;;;;;;;;;;;;;;;;;;;;;;;X;;;
211C11753;211C117-53;PRESS SWITCH;;BENCH TEST;;;X;X; ;;;;;;;X;;;;;;;;;;;;;;;;;;;;;;;;;;;;;;;;;;;;X;;;X;;;;;;;;;;;;;;;;;;;;;;;;;;;;;;;;;;;;;;;;;;;;;;;X;;;
211C11997;211C119-97;PRESS SWITCH;;BENCH TEST;;;X;X; ;;;;;;;X;;;;;;;;;;;;;;;;;;;;;;;;;;;;;;;;;;;;X;;X;X;;;;;;;;;;;;;;;;;;;;;;;;;;;;;;;;;;;;;;;;;;;;;;;X;;;
211C11998;211C119-98;PRESS SWITCH;;BENCH TEST;;;X;X; ;;;;;;;;;;;;;;;;;;;;;;;;;;;;;;;;;;;;;;;;;;;X;;;X;;;;;;;;;;;;;;;;;;;;;;;;;;;;;;;;;;;;;;;;;;;;;;;X;;;
21361138;2136-113-8;DC VOLTMETER;REPAIR;;;;X;X;X;X;X;;;;;;;;;;;;;X;;X;X;;;;;;;;;;;;;;;;;;;;;;;;;;;;;;;;;;;;;;;;;;;;;;;;;;;;;;;;;;;;;;;;;;;;;;;;;;X;;;;
21362138;2136-213-8;AC VOLTMETER;REPAIR;;;;X;X;X;X;X;;;;;;;;;;;;;X;;X;X;;;;;;;;;;;;;;;;;;;;;;;;;;;;;;;;;;;;;;;;;;;;;;;;;;;;;;;;;;;;;;;;;;;;;;;;;;X;;;;
21363138;2136-313-8;DC AMMETER;REPAIR;;;;X;X;X;X;X;;;;;;;;;;;;;X;;X;X;;;;;;;;;;;;;;;;;;;;;;;;;;;;;;;;;;;;;;;;;;;;;;;;;;;;;;;;;;;;;;;;;;;;;;;;;;X;;;;
21363158011;2136-315-80-11;AMMETER INDICATOR ;;REPAIR;;;X;X;;X;;;;;;;;;;;;;;;;;;;;;;;;;;;;;;;;;;;;X;X;;;;;;;;;;;;;;;;;;;;;;;;;;;;;;;;;;;;;;;;;;;;;;;;;;;;;;;X;;;
21364238;2136-423-8;AC CHARGE INDICATOR;REPAIR;;;;X;X;X;X;X;;;;;;;;;;;;;X;;X;X;;;;;;;;;;;;;;;;;;;;;;;;;;;;;;;;;;;;;;;;;;;;;;;;;;;;;;;;;;;;;;;;;;;;;;;;;;X;;;;
21364248;2136-424-8;AC CHARGE INDICATOR;REPAIR;;;;X;X;X;X;X;;;;;;;;;;;;;X;;X;X;;;;;;;;;;;;;;;;;;;;;;;;;;;;;;;;;;;;;;;;;;;;;;;;;;;;;;;;;;;;;;;;;;;;;;;;;;X;;;;
21364308011;2136-430-80-11; DE-ICING MONITORING INDICATOR;;REPAIR;;;X;X;;X;;;;;;;;;;;;;;;;;;;;;;;;;;;;;;;;;;;;X;X;;;;;;;;;;;;;;;;;;;;;;;;;;;;;;;;;;;;;;;;;;;;;;;;;;;;;;;X;;;
21367138;2136-713-8;400Hz FREQUENCY METER;REPAIR;;;;X;X;X;X;X;;;;;;;;;;;;;X;;X;X;;;;;;;;;;;;;;;;;;;;;;;;;;;;;;;;;;;;;;;;;;;;;;;;;;;;;;;;;;;;;;;;;;;;;;;;;;X;;;;
214C40159;214C40-1-59;SWITCH;;REPAIR;;;X;X;;X;;;;;;;;;;;;;;;;;;;;;;;;;;;;;;;;;;;;;;;;;;X;;;X;;;;;;;;;;;;;;;;;;;;;;;;;;;;;;;;;;;;;;;;;;;;;;;X;;;
2150702;21507-02;OXYGEN CYLINDER;;OVERHAUL;;;X;X;;;;;;;;;;;;;;;;;;;;;;;;;;;;;;;;;;;;;;;;;;;;;;;;;;;;;;;;;;;;;;;;;;;;;;;;;;;;;;;;X;;;;;;;;;;;;;;X;;;
2150703;21507-03;OXYGEN CYLINDER;;OVERHAUL;;;X;X;;;;;;;;;;;;;;;;;;;;;;;;;;;;;;;;;;;;;;;;;;;;;;;;;;;;;;;;;;;;;;;;;;;;;;;;;;;;;;;;X;;;;;;;;;;;;;;X;;;
2150704;21507-04;OXYGEN CYLINDER;;OVERHAUL;;;X;X;;;;;;;;;;;;;;;;;;;;;;;;;;;;;;;;;;;;;;;;;;;;;;;;;;;;;;;;;;;;;;;;;;;;;;;;;;;;;;;;X;;;;;;;;;;;;;;X;;;
2150705;21507-05;OXYGEN CYLINDER;;OVERHAUL;;;X;X;;;;;;;;;;;;;;;;;;;;;;;;;;;;;;;;;;;;;;;;;;;;;;;;;;;;;;;;;;;;;;;;;;;;;;;;;;;;;;;;X;;;;;;;;;;;;;;X;;;
215750096;215-75009-6;ACTUATOR ASSEMBLY, UPLOCK;OVERHAUL;;;;X;X;X;X;X;;;;;X;;;;;;;;;;;;;;;;;;;;;;;;;;;;;;;;;;;;;;;;;;;;;;;;;;;;;;;;;;;X;;;;;X;;;;;;;;;;;;;;;;;;;;;X;;;;
215750098;215-75009-8;ACTUATOR ASSEMBLY, UPLOCK;OVERHAUL;;;;X;X;X;X;X;;;;;;;;;;;;;;;;;;;;;;;;;;;;;;;;;;;;;;;;;;;;;;;;;;;;;;;;;;;;;;;;X;;;;;X;;;;;;;;;;;;;;;;;;;;;X;;;;
215T924504;215T92450-4;FEEL UNIT ASSEMBLY;OVERHAUL;;;;X;X;X;X;X;;;;;;;;;;;;;;;;;;;;;;;;;;;;;;;;;;;;;;;;;;;;;;;;;;;;;;;;;;;;;;;;X;;;;;X;;;;;;;;;;;;;;;;;;;;;X;;;;
215TS07Y00;215TS07Y00;L/G CONTROL LEVER;REPAIR;;;;X;X;X;X;X;;;;;;;;;;;;;X;;;;;;X;;;;;;;;;;;;;;;;;;;;;;;;;;;;;;;;;;;;;;;;;;;;;;;;;;;;;;;;;;;;;;;;;;;;;;;X;;;;
2165;2-165;TRANSFORMER RECTIFIER;;REPAIR;;;X;;;;;;;;;X;;;;;;;;;;;;;;;;;;X;;;;;;;;;;;X;;;;;;;;;;;;;;;;;;;;;;;;;;;;;;;;;;;;;;;;;;;;;;;;;;;;;;;;;X;;;
2180B;2180B;PUMP, FUEL TRANSFER;OVERHAUL;;;;X;X;X;X;;;;;;;X;;;;X;;;;;;;;;;;;;;;;;;;;;;;;;;;;;;;;;;;;;;;;;;;;;;;;;;;;;;;;;;;;;;;;;;;;;;;;;;;;;;;;X;;;;
2180B02;2180B02;PUMP, FUEL TRANSFER;OVERHAUL;;;;X;X;X;X;;;;;;;X;;;;X;;;;;;;;;;;;;;;;;;;;;;;;;;;;;;;;;;;;;;;;;;;;;;;;;;;;;;;;;;;;;;;;;;;;;;;;;;;;;;;;X;;;;
2180F;2180F;PUMP, ELECTRICAL, FUEL;OVERHAUL;;;;X;X;X;X;X;;;;;;X;X;X;X;;;;;;;;;;;;;;;;;;;;;;;;;;;;;;;;;;;;;;;;;;;;;;;;;;;;;;;;;;;;;;;;;;;;;;;;;;;;;;;;;X;;;;
2180F02;2180F02;PUMP, ELECTRICAL, FUEL;OVERHAUL;;;;X;X;X;X;X;;;;;;X;X;X;;;;;;;;;;;;;;;;;;;;;;;;;;;;;;;;;;;;;;;;;;;;;;;;;;;;;;;;;;;;;;;;;;;;;;;;;;;;;;;;;;X;;;;
2184A000;2184A000;REGULATEUR DE PRESSION;OVERHAUL;;;;X;;;;;;;;;;;;;;;;;;;;;;;;;;;;;;;;;;;;;;;;;;;;;;;;;;;;;;;;;;;;;;;;;;;;;;;;;;;;;;;;;X;;;X;;;;;;;;;;X;;;;
21SN4152;21SN41-52;ENG.INL.COWL ANTI-ICING SYS;;REPAIR;;;X;X;;X;;;;;;;;;;;;;;;;;;;;;;;;X;;;X;;;;;;;;;;;;;;;;;;;;;;;;;;;;;;;;;;;;;;;;;;;;;;;;;;;;;;;;;;;;;;;;;X;;;
220010;2200-10;RELAY;;REPAIR;;;X;X;;;;;;;;;X;;X;;;;;;;;;;;;;;;;;;;;;;;;;;;;;;;;;;;;;;;;;;;;;;;;;;;;;;;;;;;;;;;;;;;;;;;;;;;;;;;;;;;X;;;
22044002;2204400-2;COOLING TURBINE;OVERHAUL;;;;X;X;X;X;X;;;;;;;;;;;;;;;;;;;;;;;;;;;;;;;;;;;X;X;;;;;;;;;;;;;;;;;;;;;;;;;;;;;;;;;;;;;;;;;;;;;;;;;;;;;;X;;;;
22044004;2204400-4;COOLING TURBINE;OVERHAUL;;Overhaul/Repair/Inspection/Modification;SIN;X;X;X;X;X;;;;;;;;;;;;;;;;;;;;;;;;;;;;;;;;;;;X;X;;;;;;;;;;;;;;;;;;;;;;;;;;;;;;;;;;;;;;;;;;;;;;;;;;;;;;X;;X;;
22044005;2204400-5;COOLING TURBINE;OVERHAUL;;Overhaul/Repair/Inspection/Modification;SIN;X;X;X;X;X;;;;;;;;;;;;;;;;;;;;;;;;;;;;;;;;;;;X;X;;;;;;;;;;;;;;;;;;;;;;;;;;;;;;;;;;;;;;;;;;;;;;;;;;;;;;X;;X;;
22051201;2205120-1;COOLING TURBINE;OVERHAUL;;Overhaul/Repair/Inspection/Modification;SIN;X;X;X;X;X;;;;;;;;;;;;;;;;;;;;;;;;;;;;;;;;;;;X;;;;X;;;;;;;;;;;;;;;;;;;;;;;;;;;;;;;;;;;;;;;;;;;;;;;;;;;X;;X;;
22051201SR1;2205120-1SR1;COOLING TURBINE;OVERHAUL;;Overhaul/Repair/Inspection/Modification;SIN;X;X;X;X;X;;;;;;;;;;;;;;;;;;;;;;;;;;;;;;;;;;;X;;;;X;;;;;;;;;;;;;;;;;;;;;;;;;;;;;;;;;;;;;;;;;;;;;;;;;;;X;;X;;
22051203;2205120-3;COOLING TURBINE;OVERHAUL;;Overhaul/Repair/Inspection/Modification;SIN;X;X;X;X;X;;;;;;;;;;;;;;;;;;;;;;;;;;;;;;;;;;;X;;;;X;;;;;;;;;;;;;;;;;;;;;;;;;;;;;;;;;;;;;;;;;;;;;;;;;;;X;;X;;
22051203SR1;2205120-3SR1;COOLING TURBINE;OVERHAUL;;Overhaul/Repair/Inspection/Modification;SIN;X;X;X;X;X;;;;;;;;;;;;;;;;;;;;;;;;;;;;;;;;;;;X;;;;X;;;;;;;;;;;;;;;;;;;;;;;;;;;;;;;;;;;;;;;;;;;;;;;;;;;X;;X;;
22051204;2205120-4;COOLING TURBINE;OVERHAUL;;Overhaul/Repair/Inspection/Modification;SIN;X;X;X;X;X;;;;;;;;;;;;;;;;;;;;;;;;;;;;;;;;;;;X;;;;X;;;;;;;;;;;;;;;;;;;;;;;;;;;;;;;;;;;;;;;;;;;;;;;;;;;X;;X;;
22051204SR1;2205120-4SR1;COOLING TURBINE;OVERHAUL;;Overhaul/Repair/Inspection/Modification;SIN;X;X;X;X;X;;;;;;;;;;;;;;;;;;;;;;;;;;;;;;;;;;;X;;;;X;;;;;;;;;;;;;;;;;;;;;;;;;;;;;;;;;;;;;;;;;;;;;;;;;;;X;;X;;
22054701;2205470-1;TURBINE, COOLING;OVERHAUL;;;;X;X;X;X;X;;;;;;;;;;;;;X;;;;;;;;;;;;;;;;;;;;;;;;;;;;;;;;;;;;;;;;;;;;;;;;;;;;;;;;;;;;;;;;;;;;;;;;;;;;;X;;;;
22054801;2205480-1;MACHINE-AIR CYCLE;OVERHAUL;;;;X;X;X;X;X;;;;;;;;;;;;;X;;;;;;;;;;;;;;;;;;;;;;;;;;;;;;;;;;;;;;;;;;;;;;;;;;;;;;;;;;;;;;;;;;;;;;;;;;;;;X;;;;
221405083;221-4050-83;COWL AY-SWIRL INLET;REPAIR;;;;X;X;X;X;;;;;;;;;;;;;;X;;X;;;;;;;;;;;;;;;;;;;;;;;;;;;;;;;;;;;;;;;;;;;;;;;;;;;;;;;;;;;;;;;;;;;;;;;;;;;X;;;X;
22148052;2214805-2;VALVE;;REPAIR;Overhaul/Repair/Inspection/Modification;;X;X;X;X;X;;;;;;;;;;;;;;;;;;;;;;;;;;;;;;;;;;;X; ;;;X;;;;;;;;;;;;;;;;;;;;;;;;;;;;;;;;;;;;;;;;;;;;;;;;;;;;X;X;;
22148053;2214805-3;VALVE;;REPAIR;Overhaul/Repair/Inspection/Modification;;X;X;X;X;X;;;;;;;;;;;;;;;;;;;;;;;;;;;;;;;;;;;X;X;;;;;;;;;;;;;;;;;;;;;;;;;;;;;;;;;;;;;;;;;;;;;;;;;;;;;;;X;X;;
22148054;2214805-4;TIC VALVE;;REPAIR;Overhaul/Repair/Inspection/Modification;DNR;X;X;X;X;X;;;;;;;;;;;;;;;;;;;;;;;;;;;;;;;;;;;X;X;;;;;;;;;;;;;;;;;;;;;;;;;;;;;;;;;;;;;;;;;;;;;;;;;;;;;;;X;X;;
22148055;2214805-5;TIC VALVE;;REPAIR;Overhaul/Repair/Inspection/Modification;DNR;X;X;X;X;X;;;;;;;;;;;;;;;;;;;;;;;;;;;;;;;;;;;X;X;;;;;;;;;;;;;;;;;;;;;;;;;;;;;;;;;;;;;;;;;;;;;;;;;;;;;;;X;X;;
22150962;2215096-2;INLET;;REPAIR;;;X;X;;;;;;;;;;;;;;;;;;;;;;;;;;;;;;;;;;;;;;;;;;;;;;;;;;;;;;;;;;;;;;;;;;;;;;;;;;;;;;;;;;;;;;;;X;X;;;;;X;;X;
2223011525;222-3011-525;INCLINOMETRE EADI;;BENCH TEST;;;X;;;;;;;;;X;;;;;;;;;;;;;;;;;;;;;;;;;;;;;;;;;;;;;;;;;;;;;;;;;;;;;;;;;;;;;;;;;;;;;;;;X;;;X;;;;;;;;;;;X;;;
22250F060200;22250F060200;DIGITAL CONTROLLER;REPAIR;REPAIR;;;X;X;X;X;X;;;;;;;;;;;;;;;;;;;;;;;;;;;;;;;;;;;X;X;;;X;;;;;;;;;;;;;;;;;;;;;;;;;;;;;;;;;;;;;;;;;;;;;;;;;;;X;X;;;
22250F070200;22250F070200;DIGITAL CONTROLLER;REPAIR;REPAIR;;;X;X;X;X;X;;;;;;;;;;;;;;;;;;;;;;;;;;;;;;;;;;;X;X;;;X;;;;;;;;;;;;;;;;;;;;;;;;;;;;;;;;;;;;;;;;;;;;;;;;;;;X;X;;;
22250F100200;22250F100200;DIGITAL CONTROLLER;REPAIR;REPAIR;;;X;X;X;X;X;;;;;;;;;;;;;;;;;;;;;;;;;;;;;;;;;;;X;X;;;X;;;;;;;;;;;;;;;;;;;;;;;;;;;;;;;;;;;;;;;;;;;;;;;;;;;X;X;;;
22250F110200;22250F110200;DIGITAL CONTROLLER;REPAIR;REPAIR;;;X;X;X;X;X;;;;;;;;;;;;;;;;;;;;;;;;;;;;;;;;;;;X;X;;;X;;;;;;;;;;;;;;;;;;;;;;;;;;;;;;;;;;;;;;;;;;;;;;;;;;;X;X;;;
22280001005;2228-0001-005;VALVE ASSY THERMAL RELIEF;;REPAIR;;;X;X;;X;;;;;;;;;;;;;;;;;;;;;;;;;;;;;;;;;;;;;;;;;;X;;;;X;X;;;;;;;;;;;;;;;;;;;;;;;;;;;;;;;;;;;;;;;;;;;;;X;;;
224901002;224-901-002;ITT INDICATOR;;REPAIR;;;X;X;X;X;X;;;;;X;;;;;;;;;;;;;;;;;;;;;;;;;;;;;;;;;;;;;;;;;;;X;;;;;X;;;;;;;;;;;;;;;;;;;;;;;;;;;;;;;;;;;;;;X;;;
224902002;224-902-002;N1 INDICATOR;;REPAIR;;;X;X;X;X;X;;;;;X;;;;;;;;;;;;;;;;;;;;;;;;;;;;;;;;;;;;;;;;;;;X;;;;;X;;;;;;;;;;;;;;;;;;;;;;;;;;;;;;;;;;;;;;X;;;
224TS05Y;224TS05Y;SWITCH-LANDING GEAR CONTROL;OVERHAUL;;;;X;X;X;X;X;;;;;;;;;;;;;X;X;X;X;;;;;;;;;;;;;;;;;;;;;;;;;;;;;;;;;;;;;;;;;;;;;;;;;;;;;;;;;;;;;;;;;;;;;;;;;;X;;;;
2271500000;22715-000-00;DOOR ACTUATING CYLINDER;OVERHAUL;;;;X;X;X;X;X;;;;;;;;;;;;;X;;;;;;X;;;;;;;;;;;;;;;;;;;;;;;;;;;;;;;;;;;;;;;;;;;;;;;;;;;;;;;;;;;;;;;;;;;;;;;X;;;;
2271500001;22715-000-01;DOOR ACTUATING CYLINDER;OVERHAUL;;;;X;X;X;X;X;;;;;;;;;;;;;X;;;;;;X;;;;;;;;;;;;;;;;;;;;;;;;;;;;;;;;;;;;;;;;;;;;;;;;;;;;;;;;;;;;;;;;;;;;;;;X;;;;
2271500002;22715-000-02;DOOR ACTUATING CYLINDER;OVERHAUL;;;;X;X;X;X;X;;;;;;;;;;;;;X;;;;;;X;;;;;;;;;;;;;;;;;;;;;;;;;;;;;;;;;;;;;;;;;;;;;;;;;;;;;;;;;;;;;;;;;;;;;;;X;;;;
22850208238;228-50208-238;RH LOWER TRANSLATING COWL DOOR;;REPAIR;;;X;X;;;;;;;;;;;;;;;;;;;;;;;;;;;;;;;;;;;;;;;;;;;;;;;;;;;;;;;;;;;;;;;;;;;X;;;;;;;;;;;;;X;;;;;;;;;;;;;;X;;X;
22887;22887;HYDRAULIC SHUTTLE VALVE;OVERHAUL;;;;X;;;;;;;;;X;;;;;;;;;;;;;;;;;;X;;;;;;;;;;;X;;;;;;;;;;;;;;;;;;;;;;;;;;;;;;;;;;;;;;;;;;;;;;;;;;;;;;;;X;;;;
22888;22888;HYDRAULIC SHUTTLE VALVE;OVERHAUL;;;;X;;;;;;;;;X;;;;;;;;;;;;;;;;;;X;;;;;;;;;;;X;;;;;;;;;;;;;;;;;;;;;;;;;;;;;;;;;;;;;;;;;;;;;;;;;;;;;;;;X;;;;
22889;22889;HYDRAULIC SHUTTLE VALVE;OVERHAUL;;;;X;;;;;;;;;X;;;;;;;;;;;;;;;;;;X;;;;;;;;;;;X;;;;;;;;;;;;;;;;;;;;;;;;;;;;;;;;;;;;;;;;;;;;;;;;;;;;;;;;X;;;;
2290B010000;2290B010000;CHECK VALVE;OVERHAUL;;;;X;X;X;X;X;;;;;;;;;;;;;X;;;;;;;;;;;;;;;;;;;;;;;;;;;;;;;;;;;;;;;;;;;;;;;;;;;;;;;;;;;;;;;;;;;;;;;;;;;;;X;;;;
2290B020000;2290B020000;CHECK VALVE;OVERHAUL;;;;X;X;X;X;X;;;;;;;;;;;;;X;;;;;;;;;;;;;;;;;;;;;;;;;;;;;;;;;;;;;;;;;;;;;;;;;;;;;;;;;;;;;;;;;;;;;;;;;;;;;X;;;;
2292A010000;2292A010000;LOW PRESSURE CHECK VALVE;OVERHAUL;;;;X;X;X;X;X;;;;;;;;;;;;;X;;;;;;;;X;;;;;;;;;;;;;;;;;;;;;;;;;;;;;;;;;;;;;;;;;;;;;;;;;;;;;;;;;;;;;;;;;;;;;X;;;;
2292A020000;2292A020000;LOW PRESSURE CHECK VALVE;OVERHAUL;;;;X;X;X;X;X;;;;;;;;;;;;;X;;;;;;;;X;;;;;;;;;;;;;;;;;;;;;;;;;;;;;;;;;;;;;;;;;;;;;;;;;;;;;;;;;;;;;;;;;;;;;X;;;;
2293B010000;2293B010000;CHECK VALVE;OVERHAUL;;;;X;X;X;X;X;;;;;;;;;;;;;X;;;;;;;;;;;;;;;;;;;;;;;;;;;;;;;;;;;;;;;;;;;;;;;;;;;;;;;;;;;;;;;;;;;;;;;;;;;;;X;;;;
2293B020000;2293B020000;CHECK VALVE;OVERHAUL;;;;X;X;X;X;X;;;;;;;;;;;;;X;;;;;;;;;;;;;;;;;;;;;;;;;;;;;;;;;;;;;;;;;;;;;;;;;;;;;;;;;;;;;;;;;;;;;;;;;;;;;X;;;;
229432;229432;PUMP COLL TANK;;REPAIR;;;X;X;;;;;;;;;;;;;;;;;;;;;;;;;;;;;;;;;;;;;;;;;;;;;;;;;;;;;;;;;;;;;;;;;;;;;;;;;;;;;;;;;;;;;;;;X;X;;;;;X;;;
229945;229945;PUMP COLL TANK;;REPAIR;;;X;X;;X;;;;;;;;;;;;;;;;;;;;;;;;;;;;;;;;;;;;;;;;;;;;;;;;;;;;;;;;;;;;;;;;;;;;;;;;;;;;;;;;;;;;;;X;X;;;;;X;;;
22C150120080001;22C150120080001;CHEMICAL OXYGEN CONTAINER ASSEMBLY;REPAIR;;;;X;X;X;X;X;;;;;;;;;;;;;X;;;X;X;X;X;X;X;X;;;;;;;;;;;;;;;;;;;;;;;;;;;;;;;;;;;;;;;;;;;;;;;;;;;;;;;;;;;;;;;;;;;;X;;;;
22C150120080003;22C150120080003;CHEMICAL OXYGEN CONTAINER ASSEMBLY;REPAIR;;;;X;X;X;X;X;;;;;;;;;;;;;X;;;X;X;X;X;X;X;X;;;;;;;;;;;;;;;;;;;;;;;;;;;;;;;;;;;;;;;;;;;;;;;;;;;;;;;;;;;;;;;;;;;;X;;;;
22C150150020005;22C150150020005;CHEMICAL OXYGEN CONTAINER ASSEMBLY;REPAIR;;;;X;X;X;X;X;;;;;;;;;;;;;X;;;;;;;;;;;;;;;;;;;;;;;;;;;;;;;;;;;;;;;;;;;;;;;;;;;;;;;;;;;;;;;;;;;;;;;;;;;;;X;;;;
22C150150320004;22C150150320004;CHEMICAL OXYGEN CONTAINER ASSEMBLY;REPAIR;;;;X;X;X;X;X;;;;;;;;;;;;;X;;;;;;;;;;;;;;;;;;;;;;;;;;;;;;;;;;;;;;;;;;;;;;;;;;;;;;;;;;;;;;;;;;;;;;;;;;;;;X;;;;
22C150240080001;22C150240080001;CHEMICAL OXYGEN CONTAINER ASSEMBLY;REPAIR;;;;X;X;X;X;X;;;;;;;;;;;;;X;;;;;;;;;;;;;;;;;;;;;;;;;;;;;;;;;;;;;;;;;;;;;;;;;;;;;;;;;;;;;;;;;;;;;;;;;;;;;X;;;;
22C150240080004;22C150240080004;CHEMICAL OXYGEN CONTAINER ASSEMBLY;REPAIR;;;;X;X;X;X;X;;;;;;;;;;;;;X;;;;;;;;;;;;;;;;;;;;;;;;;;;;;;;;;;;;;;;;;;;;;;;;;;;;;;;;;;;;;;;;;;;;;;;;;;;;;X;;;;
22C150370080004;22C150370080004;CHEMICAL OXYGEN CONTAINER ASSEMBLY;REPAIR;;;;X;X;X;X;X;;;;;;;;;;;;;X;;;;;;;;X;;;;;;;;;;;;;;;;;;;;;;;;;;;;;;;;;;;;;;;;;;;;;;;;;;;;;;;;;;;;;;;;;;;;;X;;;;
22C220120080001;22C220120080001;CHEMICAL OXYGEN CONTAINER ASSEMBLY;REPAIR;;;;X;X;X;X;X;;;;;;;;;;;;;X;;;;;X;X;;X;X;;;;;;;;;;;;;;;;;;;;;;;;;;;;;;;;;;;;;;;;;;;;;;;;;;;;;;;;;;;;;;;;;;;;X;;;;
22C220120320001;22C220120320001;CHEMICAL OXYGEN CONTAINER ASSEMBLY;REPAIR;;;;X;X;X;X;X;;;;;;;;;;;;;X;;;;;;;;;;;;;;;;;;;;;;;;;;;;;;;;;;;;;;;;;;;;;;;;;;;;;;;;;;;;;;;;;;;;;;;;;;;;;X;;;;
22C220150170001;22C220150170001;CHEMICAL OXYGEN CONTAINER ASSEMBLY;REPAIR;;;;X;X;X;X;X;;;;;;;;;;;;;X;;;;;;;;;;;;;;;;;;;;;;;;;;;;;;;;;;;;;;;;;;;;;;;;;;;;;;;;;;;;;;;;;;;;;;;;;;;;;X;;;;
22C220150320003;22C220150320003;CHEMICAL OXYGEN CONTAINER ASSEMBLY;REPAIR;;;;X;X;X;X;X;;;;;;;;;;;;;X;;;;;;;;;;;;;;;;;;;;;;;;;;;;;;;;;;;;;;;;;;;;;;;;;;;;;;;;;;;;;;;;;;;;;;;;;;;;;X;;;;
22C220150320004;22C220150320004;CHEMICAL OXYGEN CONTAINER ASSEMBLY;REPAIR;;;;X;X;X;X;X;;;;;;;;;;;;;X;;;;;;;;;;;;;;;;;;;;;;;;;;;;;;;;;;;;;;;;;;;;;;;;;;;;;;;;;;;;;;;;;;;;;;;;;;;;;X;;;;
22C220150460005;22C220150460005;CHEMICAL OXYGEN CONTAINER ASSEMBLY;REPAIR;;;;X;X;X;X;X;;;;;;;;;;;;;X;;;;;;;;;;;;;;;;;;;;;;;;;;;;;;;;;;;;;;;;;;;;;;;;;;;;;;;;;;;;;;;;;;;;;;;;;;;;;X;;;;
22C220210080001;22C220210080001;CHEMICAL OXYGEN CONTAINER ASSEMBLY;REPAIR;;;;X;X;X;X;X;;;;;;;;;;;;;X;;;;;;;;;;;;;;;;;;;;;;;;;;;;;;;;;;;;;;;;;;;;;;;;;;;;;;;;;;;;;;;;;;;;;;;;;;;;;X;;;;
22C220210080003;22C220210080003;CHEMICAL OXYGEN CONTAINER ASSEMBLY;REPAIR;;;;X;X;X;X;X;;;;;;;;;;;;;X;;;;;;;;;;;;;;;;;;;;;;;;;;;;;;;;;;;;;;;;;;;;;;;;;;;;;;;;;;;;;;;;;;;;;;;;;;;;;X;;;;
22C220210170004;22C220210170004;CHEMICAL OXYGEN CONTAINER ASSEMBLY;REPAIR;;;;X;X;X;X;X;;;;;;;;;;;;;X;;;;;;;;;;;;;;;;;;;;;;;;;;;;;;;;;;;;;;;;;;;;;;;;;;;;;;;;;;;;;;;;;;;;;;;;;;;;;X;;;;
22C220240060001;22C220240060001;CHEMICAL OXYGEN CONTAINER ASSEMBLY;REPAIR;;;;X;X;X;X;X;;;;;;;;;;;;;X;;;;;;;;;;;;;;;;;;;;;;;;;;;;;;;;;;;;;;;;;;;;;;;;;;;;;;;;;;;;;;;;;;;;;;;;;;;;;X;;;;
22C220240080001;22C220240080001;CHEMICAL OXYGEN CONTAINER ASSEMBLY;REPAIR;;;;X;X;X;X;X;;;;;;;;;;;;;X;;;;;;;;;X;;;;;;;;;;;;;;;;;;;;;;;;;;;;;;;;;;;;;;;;;;;;;;;;;;;;;;;;;;;;;;;;;;;;X;;;;
22C220240080003;22C220240080003;CHEMICAL OXYGEN CONTAINER ASSEMBLY;REPAIR;;;;X;X;X;X;X;;;;;;;;;;;;;X;;;;;;;;;X;;;;;;;;;;;;;;;;;;;;;;;;;;;;;;;;;;;;;;;;;;;;;;;;;;;;;;;;;;;;;;;;;;;;X;;;;
22C220240080004;22C220240080004;CHEMICAL OXYGEN CONTAINER ASSEMBLY;REPAIR;;;;X;X;X;X;X;;;;;;;;;;;;;X;;;;;X;X;;X;X;;;;;;;;;;;;;;;;;;;;;;;;;;;;;;;;;;;;;;;;;;;;;;;;;;;;;;;;;;;;;;;;;;;;X;;;;
22C220240170004;22C220240170004;CHEMICAL OXYGEN CONTAINER ASSEMBLY;REPAIR;;;;X;X;X;X;X;;;;;;;;;;;;;X;;;;;;;;;X;;;;;;;;;;;;;;;;;;;;;;;;;;;;;;;;;;;;;;;;;;;;;;;;;;;;;;;;;;;;;;;;;;;;X;;;;
2303KID01;2303KID-01;TANK CONTENT DISPLAY;;REPAIR;;;X;X;;X;;;;;;;;;;;;;;;;;;;;;;;;;;;;;;;;;;;;;;;;;;;;;;;;;;;;;;;;;;;;;;;;;;;;;;;;;;;;;;;;;;;;;;X;X;;;;;X;;;
23056EGD;23056EGD;TAP;;OVERHAUL;;;X;X;;X;;;;;;;;;;;;;;;;;;;;;;;;;;;;;;;;;;;;;;;;;;;;;;;;;X;;;;X;;;;;;;;;;;;;;;;;;;;;;;;;X;;;;;;;;;;;;;;X;;;
23056EGD;23056E-GD;TAP;;OVERHAUL;;;X;X;;;;;;;;;;;;;;;;;;;;;;;;;;;;;;;;;;;;;;;;;;;;;;;;;;;X;;;;X;;;;;;;;;;;;;;;;;;;;;;;;;X;;;;;;;;;;;;;;X;;;
23065015;23065-015;DC STARTER GENERATOR;;OVERHAUL;;;X;X;;;;;;;;;;;;;;;;;;;;;;;;;;;;;;;;;;;;;;;;;;;;;;;;;;;X;;;X;;;;;;;;;;;;;;;;;;;;;;;;;;;;;;;;;;;;;;;;X;;;
230650151;23065-015-1;DC STARTER GENERATOR;;OVERHAUL;;;X;X;;;;;;;;;;;;;;;;;;;;;;;;;;;;;;;;;;;;;;;;;;;;;;;;;;;X;;;X;;;;;;;;;;;;;;;;;;;;;;;;;;;;;;;;;;;;;;;;X;;;
230650153;23065-015-3;DC STARTER GENERATOR;;OVERHAUL;;;X;X;;;;;;;;;;;;;;;;;;;;;;;;;;;;;;;;;;;;;;;;;;;;;;;;;;;X;;;X;;;;;;;;;;;;;;;;;;;;;;;;;;;;;;;;;;;;;;;;X;;;
23065018;23065-018;DC STARTER GENERATOR;;OVERHAUL;;;X;X;;;;;;;;;;;;;;;;;;;;;;;;;;;;;;;;;;;;;;;;;;;;;;;;;;;X;;;X;;;;;;;;;;;;;;;;;;;;;;;;;;;;;;;;;;;;;;;;X;;;
230650181;23065-018-1;DC STARTER GENERATOR;;OVERHAUL;;;X;X;;;;;;;;;;;;;;;;;;;;;;;;;;;;;;;;;;;;;;;;;;;;;;;;;;;X;;;X;;;;;;;;;;;;;;;;;;;;;;;;;;;;;;;;;;;;;;;;X;;;
230650182;23065-018-2;DC STARTER GENERATOR;;OVERHAUL;;;X;X;;;;;;;;;;;;;;;;;;;;;;;;;;;;;;;;;;;;;;;;;;;;;;;;;;;X;;;X;;;;;;;;;;;;;;;;;;;;;;;;;;;;;;;;;;;;;;;;X;;;
230690201;23069-020-1;GENERATOR;;OVERHAUL;;;X;X;;;;;;;;X;;;;;;;;;;;;;;;;;;;;;;;;;;;;;;;;;;;;X;;;X;;;;;;;;;;;;;;;;;;;;;;;;;;;;;;;;;;;;;;;;;;;;;;;X;;;
23078012;23078-012;STARTER GENERATOR;;OVERHAUL;;DNR;X;X;;;;;;;;;;;;;;;;;;;;;;;;;;;;;;;;;;;;;;;;;;;;;;;;;;;;;;;;;;;;;;;;;;;;;;;;;;;;;;;;X;;;;;;;;;;;;;;X;;;
23078019;23078-019;STARTER GENERATOR;;OVERHAUL;;DNR;X;X;;X;;;;;;;;;;;;;;;;;;;;;;;;;;;;;;;;;;;;;;;;;;;;;;;;;;;;;;;;;;;X;;X;;;;;;;;;;;;;;X;X;X;;;;;;;;;;;;;;;X;;;
23080013;23080-013;STARTER GENERATOR;;OVERHAUL;;DNR;X;X;;;;;;;;;;;;;;;;;;;;;;;;;;;;;;;;;;;;;;;;;;;;X;;X;;;;;;;;;;;;;;;;;;;;;;;;;;;;;;;;;;;;;;;;;;;;;;;;X;;;
23080013A;23080-013A;STARTER GENERATOR;;OVERHAUL;;DNR;X;X;;X;;;;;;;;;;;;;;;;;;;;;;;;;;;;;;;;;;;;;;;;;;X;;;;X;X;;;;;;;;;;;;;;;;;;;;;;;;;;;;;;;;;;;;;;;;;;;;;X;;;
23080013B;23080-013B;STARTER GENERATOR;;OVERHAUL;;DNR;X;X;;;;;;;;;;;;;;;;;;;;;;;;;;;;;;;;;;;;;;;;;;;;X;;X;;;;;;;;;;;;;;;;;;;;;;;;;;;;;;;;;;;;;;;;;;;;;;;;X;;;
2313M1863;2313M186-3;MOTOR CONVERTER LH;;REPAIR;;;X;X;;X;;;;;;;;;;;;;;;;;;;;;;;;;;;;;;;;;;;;;;;;;;;;;;;;;;;;;;;;;;;;;;;;;;;;;;;;;;;;;;;;;;;;;;X;X;;;;;X;;;
2313M1864;2313M186-4;MOTOR CONVERTER RH;;REPAIR;;;X;X;;X;;;;;;;;;;;;;;;;;;;;;;;;;;;;;;;;;;;;;;;;;;;;;;;;;;;;;;;;;;;;;;;;;;;;;;;;;;;;;;;;;;;;;;X;X;;;;;X;;;
2313M3402;2313M340-2;MOTOR CONVERTER ASSEMBLY;;REPAIR;;;X;X;;X;;;;;;;;;;;;;;;;;;;;;;;;X;;;;;;;;;;X;;;;;;;;;;;;;;;;;;;;;;;;;;;;;;;;;;;;;;;;;;;;;;;;;;;;;;;;;;X;;;
2313M3412;2313M341-2;MOTOR CONVERTER ASSEMBLY;;BENCH TEST;;;X;X;;X;;;;;;;;;;;;;;;;;;;;;;;;;;;;;;;;;;;;;;;;;;;;;;;;;;;;;;;;;;;;;;;;;X;;;;;;;;;;;;;X;;;;;;;;;;;;;;X;;;
23175;23175;BATTERY STORAGE ;;OVERHAUL;;DNR;X;X;;X;;;;;;;;;;;;;;;;;;;;;;;;;;;;;;;;;;;;;;;;;;;;;;;;;X;;;X;;;;;;;;;;;;;;;;;;;;;;;;;;;;;;;;;;;;;;;;X;;;
23176;23176;BATTERY STORAGE ;;OVERHAUL;;DNR;X;X;;X;;;;;;X;;;;;;;;;;;;;;;;;;;;;;;;;;;;;;;;;;;;;;;;;;;X;;;X;;;;;;;;;;;;;;;;;;;;;;;;;;;;;;;;;;;;;;;;X;;;
233A32111;233A3211-1;CVR CTL PANEL;;REPAIR;;;X;X;;X;;;;;;;;;;;;;;;;;;;;;;;;X;;;X;;;;;;;;;;;;;;;;;;;;;;;;;;;;;;;;;;;;;;;;;;;;;;;;;;;;;;;;;;;;;;;;;X;;;
23460118;2346-011-8;PRECOOLER PRESSURE INDICATOR;REPAIR;;;;X;X;X;X;X;;;;;;;;;;;;;X;X;X;X;;;;;;;;;;;;;;;;;;;;;;;;;;;;;;;;;;;;;;;;;;;;;;;;;;;;;;;;;;;;;;;;;;;;;;;;;;X;;;;
234981;23498-1;AIRCRAFT BATTERY;OVERHAUL;;;;X;X;X;X;X;;;;;;;;;;;;;;;;;;;;;;;;;;;;;;;;;;;;;;;;;;;;;;;;;;;;;;;;;;;;;;;;;;;;;;;;;;;;;X;;;;;X;;;;;;;;X;;;;
23531;2353-1;BATTERY;;OVERHAUL;;DNR;X;X;;X;;;;;;;;;;;;;;;;;;;;;;;;;;;;;;;;;;;;;;;;;;;;;;;;;;;;;;;;;;;;;;;;;;;;;;;;;;;;;;;;;;;;;;X;;;X;;;X;;;
23578;23578;BATTERY;;OVERHAUL;;DNR;X;X;;X;;;;;;;;;;;;;;;;;;;;;;;;;;;;;;;;;;;;;;;;;;;;;;;;;;;;;;;;;;;;;;;;;;;;;;;;;;;;;;;;;;;;;;X;X;;;;;X;;;
235TS05Y01;235TS05Y01;FIRE SHUT-OFF CONTROL PANEL;REPAIR;;;;X;X;X;X;X;;;;;;;;;;;;;X;;X;X;;;;;;;;;;;;;;;;;;;;;;;;;;;;;;;;;;;;;;;;;;;;;;;;;;;;;;;;;;;;;;;;;;;;;;;;;;X;;;;
235TS05Y02;235TS05Y02;FIRE SHUT-OFF CONTROL PANEL;REPAIR;;;;X;X;X;X;X;;;;;;;;;;;;;X;;X;X;;;;;;;;;;;;;;;;;;;;;;;;;;;;;;;;;;;;;;;;;;;;;;;;;;;;;;;;;;;;;;;;;;;;;;;;;;X;;;;
235TS05Y03;235TS05Y03;FIRE SHUT-OFF CONTROL PANEL;REPAIR;;;;X;X;X;X;X;;;;;;;;;;;;;X;;X;X;;;;;;;;;;;;;;;;;;;;;;;;;;;;;;;;;;;;;;;;;;;;;;;;;;;;;;;;;;;;;;;;;;;;;;;;;;X;;;;
2376;2376;BATTERY;;OVERHAUL;;DNR;X;X;;X;;;;;;X;;;;;;;;;;;;;;;;;;;;;;;;;;;;;;;;;;;;;;;;;;;;;;;;;;;;;;;;;;;;;;;;;;;;;;;;;;;;;;;;;;;;;;X;;;
23764;2376-4;BATTERY;;OVERHAUL;;DNR;X;X;;X;;;;;;X;;;;;;;;;;;;;;;;;;;;;;;;;;;;;;;;;;;;;;;;;;;X;;;;;X;;;;;;;;;;;;;;;;;;;;;;;;;;;;;;;;;;;;;;X;;;
237BC1012;237BC101-2;UNIT;;REPAIR;;;X;X;;X;;;;;;;;;;;;;;;;;;;;;;;;;;;;;;;;;;;;;;;;;;;;;;;;;;;;;;;;;;;;;;;;;X;;;;;;;;;;;;;X;;;;;;;;;;;;;;X;;;
237TS05Y01;237TS05Y01;FIRE SHUT-OFF CONTROL PANEL;REPAIR;;;;X;X;X;X;X;;;;;;;;;;;;;X;;;;;;;;;;;;;;;;;;;;;;;;;;;;;;;;;;;;;;;;;;;;;;;;;;;;;;;;;;;;;;;;;;;;;;;;;;;;;X;;;;
237TS05Y02;237TS05Y02;FIRE SHUT-OFF CONTROL PANEL;REPAIR;;;;X;X;X;X;X;;;;;;;;;;;;;X;;X;X;;;;;;;;;;;;;;;;;;;;;;;;;;;;;;;;;;;;;;;;;;;;;;;;;;;;;;;;;;;;;;;;;;;;;;;;;;X;;;;
237TS05Y03;237TS05Y03;FIRE SHUT-OFF CONTROL PANEL;REPAIR;;;;X;X;X;X;X;;;;;;;;;;;;;X;;X;X;;;;;;;;;;;;;;;;;;;;;;;;;;;;;;;;;;;;;;;;;;;;;;;;;;;;;;;;;;;;;;;;;;;;;;;;;;X;;;;
23930140;2393-014-0;AMMETER;;BENCH TEST;;;X;X;;X;;;;;;;;;;;;;;;;;;;;;;;;;;;;;;;;;;;;;;;;;;;;;;;;;X;;;;X;;;;;;;;;;;;;;;;;;;;;;;;;X;;;;;;;;;;;;;;X;;;
23930160;2393-016-0;AMMETER;;BENCH TEST;;;X;X;;X;;;;;;;;;;;;;;;;;;;;;;;;;;;;;;;;;;;;;;;;;;;;;;;;;X;;;;X;;;;;;;;;;;;;;;;;;;;;;;;;X;;;;;;;;;;;;;;X;;;
239TS05Y01;239TS05Y01;FIRE SHUT-OFF CONTROL PANEL;REPAIR;;;;X;X;X;X;X;;;;;;;;;;;;;X;;X;X;;;;;;;;;;;;;;;;;;;;;;;;;;;;;;;;;;;;;;;;;;;;;;;;;;;;;;;;;;;;;;;;;;;;;;;;;;X;;;;
239TS05Y011;239TS05Y011;FIRE SHUT-OFF CONTROL PANEL;REPAIR;;;;X;X;X;X;X;;;;;;;;;;;;;X;;;;;;;;;;;;;;;;;;;;;;;;;;;;;;;;;;;;;;;;;;;;;;;;;;;;;;;;;;;;;;;;;;;;;;;;;;;;;X;;;;
239TS05Y02;239TS05Y02;FIRE SHUT-OFF CONTROL PANEL;REPAIR;;;;X;X;X;X;X;;;;;;;;;;;;;X;;X;X;;;;;;;;;;;;;;;;;;;;;;;;;;;;;;;;;;;;;;;;;;;;;;;;;;;;;;;;;;;;;;;;;;;;;;;;;;X;;;;
239TS05Y021;239TS05Y021;FIRE SHUT-OFF CONTROL PANEL;REPAIR;;;;X;X;X;X;X;;;;;;;;;;;;;X;;X;;;;;;;;;;;;;;;;;;;;;;;;;;;;;;;;;;;;;;;;;;;;;;;;;;;;;;;;;;;;;;;;;;;;;;;;;;;X;;;;
239TS05Y03;239TS05Y03;FIRE SHUT-OFF CONTROL PANEL;REPAIR;;;;X;X;X;X;X;;;;;;;;;;;;;X;;X;X;;;;;;;;;;;;;;;;;;;;;;;;;;;;;;;;;;;;;;;;;;;;;;;;;;;;;;;;;;;;;;;;;;;;;;;;;;X;;;;
239TS05Y031;239TS05Y031;FIRE SHUT-OFF CONTROL PANEL;REPAIR;;;;X;X;X;X;X;;;;;;;;;;;;;X;;X;;;;;;;;;;;;;;;;;;;;;;;;;;;;;;;;;;;;;;;;;;;;;;;;;;;;;;;;;;;;;;;;;;;;;;;;;;;X;;;;
24045000;24045-000;SKID SHOCK ABSORBER;OVERHAUL;;;;X;X;X;X;X;;;;;;X;;;;;;;;;;;;;;;;;;;;;;;;;;;;;;;;;;;;;;;;;;;;;;;;;;;;;;;;;;;;;;;;;;;;;;;;;;;;;;;;;;;;X;;;;
2404500000;24045-000-00;SKID SHOCK ABSORBER;OVERHAUL;;;;X;X;X;X;X;;;X;;;X;;;;;;;;;;;;;;;;;;;;;;;;;;;;;;;;;;;;;;;;;;;;;;;;;;;;;;;;;;;;;;;;;;;;;;;;;;;;;;;;;;;;X;;;;
2404500001;24045-000-01;SKID SHOCK ABSORBER;OVERHAUL;;;;X;X;X;X;X;;;X;;;X;;;;;;;;;;;;;;;;;;;;;;;;;;;;;;;;;;;;;;;;;;;;;;;;;;;;;;;;;;;;;;;;;;;;;;;;;;;;;;;;;;;;X;;;;
2404500002;24045-000-02;SKID SHOCK ABSORBER;OVERHAUL;;;;X;X;X;X;X;;;X;;;X;;;;;;;;;;;;;;;;;;;;;;;;;;;;;;;;;;;;;;;;;;;;;;;;;;;;;;;;;;;;;;;;;;;;;;;;;;;;;;;;;;;;X;;;;
2407ZEQ10;2407ZEQ10;DETENDEUR ANTI-GIVRAGE;;OVERHAUL;;;X;X;;X;;;;;;;;;;;;;;;;;;;;;;;;;;;;;;;;;;;;;;;;;;;;;;;;;X;;;;X;;;;;;;;;;;;;;;;;;;;;;;;;X;;;;;;;;;;;;;;X;;;
2407ZR14EQ10;2407ZR14EQ10;DETENDEUR;;OVERHAUL;;;X;X;;X;;;;;;;;;;;;;;;;;;;;;;;;;;;;;;;;;;;;;;;;;;;;;;;;;X;;;X;X;;;;;;;;;;;;;;;;;;;;;;;;;X;;;;;;;;;;;;;;X;;;
2407ZR4EQ10;2407ZR4EQ10;VALVE PRESURE;;OVERHAUL;;;X;X;;X;;;;;;;;;;;;;;;;;;;;;;;;;;;;;;;;;;;;;;;;;;;;;;;;;X;;;X;;;;;;;;;;;;;;;;;;;;;;;;;;X;;;;;;;;;;;;;;X;;;
2407ZR4EQ8;2407ZR4EQ8;DETENDEUR BACHE HYD.;;OVERHAUL;;;X;;;;;;;;;;;;;;;;;;;;;;;;;;;;;;;;;;;;;;;;;;;;;;;;;;;;X;;;;X;;;;;;;;;;;;;;;;;;;;;;;;;X;;;;;;;;;;;;;;X;;;
241133000101;241-133-000-101;SIGNAL CONDITIONER UNIT;REPAIR;;;;X;X;X;X;X;;;;;;;;;;;;;X;;X;X;;;;;;;;;;;;;;;;;;;;;;;;;;;;;;;;;;;;;;;;;;;;;;;;;;;;;;;;;;;;;;;;;;;;;;;;;;X;;;;
241133000201;241-133-000-201;SIGNAL CONDITIONER UNIT;REPAIR;;;;X;X;X;X;X;;;;;;;;;;;;;X;;X;X;;;;;;;;;;;;;;;;;;;;;;;;;;;;;;;;;;;;;;;;;;;;;;;;;;;;;;;;;;;;;;;;;;;;;;;;;;X;;;;
241133000301;241-133-000-301;SIGNAL CONDITIONER UNIT;REPAIR;;;;X;X;X;X;X;;;;;;;;;;;;;X;;X;X;;;;;;;;;;;;;;;;;;;;;;;;;;;;;;;;;;;;;;;;;;;;;;;;;;;;;;;;;;;;;;;;;;;;;;;;;;X;;;;
241137000101;241-137-000-101;SIGNAL CONDITIONER UNIT;REPAIR;;;;X;X;X;X;X;;;;;;;;;;;;;X;;X;;;;;;;;;;;;;;;;;;;;;;;;;;;;;;;;;;;;;;;;;;;;;;;;;;;;;;;;;;;;;;;;;;;;;;;;;;;X;;;;
241137000201;241-137-000-201;SIGNAL CONDITIONER UNIT;REPAIR;;;;X;X;X;X;X;;;;;;;;;;;;;X;;;;;;;;;;;;;;;;;;;;;;;;;;;;;;;;;;;;;;;;;;;;;;;;;;;;;;;;;;;;;;;;;;;;;;;;;;;;;X;;;;
241137000301;241-137-000-301;SIGNAL CONDITIONER UNIT;REPAIR;;;;X;X;X;X;X;;;;;;;;;;;;;X;;X;X;;;;;;;;;;;;;;;;;;;;;;;;;;;;;;;;;;;;;;;;;;;;;;;;;;;;;;;;;;;;;;;;;;;;;;;;;;X;;;;
241147000201;241-147-000-201;SIGNAL CONDITIONER UNIT;REPAIR;;;;X;X;X;X;X;;;;;;;;;;;;;X;;X;;;;;;;;;;;;;;;;;;;;;;;;;;;;;;;;;;;;;;;;;;;;;;;;;;;;;;;;;;;;;;;;;;;;;;;;;;;X;;;;
241147000301;241-147-000-301;SIGNAL CONDITIONER UNIT;REPAIR;;;;X;X;X;X;X;;;;;;;;;;;;;X;;X;X;;;;;;;;;;;;;;;;;;;;;;;;;;;;;;;;;;;;;;;;;;;;;;;;;;;;;;;;;;;;;;;;;;;;;;;;;;X;;;;
243211;2432-11;REGULATOR;;REPAIR;Overhaul/Repair/Inspection/Modification;;X;X;X;X;X;;;;;;;;;;;;;;;;;;;;;;;;;;;;;;;;;;;X;X;;;;;;;;;;;;;;;;;;;;;;;;;;;;;;;;;;;;;;;;;;;;;;;;;;;;;;;X;X;;
243230;2432-30;GENERATOR CONTROL UNIT AC;;REPAIR;Overhaul/Repair/Inspection/Modification;;X;X;X;X;X;;;;;;;;;;;;;;;;;;;;;;;;;;;;;;;;;;;X;X;;;;;;;;;;;;;;;;;;;;;;;;;;;;;;;;;;;;;;;;;;;;;;;;;;;;;;;X;X;;
24E507009G01;24E507009G01;WATER HEATER;OVERHAUL;;;;X;X;X;X;X;;;;;;;;;;;;;X;X;X;X;;;X;;;;;;;;;;;;;;;;;;;;;;;;;;;;;;;;;;;;;;;;;;;;;;;;;;;;;;;;;;;;;;;;;;;;;;;X;;;;
24E507009G02;24E507009G02;WATER HEATER;OVERHAUL;;;;X;X;X;X;X;;;;;;;;;;;;;X;;;;;;X;;;;;;;;;;;;;;;;;;;;;;;;;;;;;;;;;;;;;;;;;;;;;;;;;;;;;;;;;;;;;;;;;;;;;;;X;;;;
24E507009G03;24E507009G03;WATER HEATER;OVERHAUL;;;;X;X;X;X;X;;;;;;;;;;;;;X;;;;;;X;;;;;;;;;;;;;;;;;;;;;;;;;;;;;;;;;;;;;;;;;;;;;;;;;;;;;;;;;;;;;;;;;;;;;;;X;;;;
251A15103;251A1510-3;OUTBORD GROUND SPOILER ACT ASSY;OVERHAUL;;;;X;X;X;X;X;;;;;;;;;;;;;;;;;;;;;;;X;;;X;;;;;;;;;;;;;;;;;;;;;;;;;;;;;;;;;;;;;;;;;;;;;;;;;;;;;;;;;;;;;;;;X;;;;
2520;2520;BATTERY, MAIN-25AH;OVERHAUL;OVERHAUL;;DNR;X;X;X;X;;;;;;;;;;;;;;X;X;X;X;;;;;;;;;;;;;;;;;;;;;;;;;;;;;;;;;;;;;;;;;;;;;;;;;;;;;;;;;;;;;;;;;;;;;;;;;;X;X;;;
252CA01C102Y1;252CA01C1-02Y1;THREE POLE CONTACTOR;OVERHAUL;;;;X;X;X;X;X;;;;;;;;;;;;;X;X;X;X;X;X;X;X;X;X;;;;;;;;;;;;;;;;;;;;;;;;;;;;;;;;;;;;;;;;;;;;;;;;;;;;;;;;;;;;;;;;;;;;X;;;;
253CA01C102Y1;253CA01C1-02Y1;THREE POLE CONTACTOR;OVERHAUL;;;;X;X;X;X;X;;;;;;;;;;;;;X;;;;;;;;;;;;;;;;;;;;;;;;;;;;;;;;;;;;;;;;;;;;;;;;;;;;;;;;;;;;;;;;;;;;;;;;;;;;;X;;;;
253CA01F102Y1;253CA01F1-02Y1;THREE POLE CONTACTOR;OVERHAUL;;;;X;X;X;X;X;;;;;;;;;;;;;X;X;X;X;;;;;;;;;;;;;;;;;;;;;;;;;;;;;;;;;;;;;;;;;;;;;;;;;;;;;;;;;;;;;;;;;;;;;;;;;;X;;;;
2540;2540;POWER RELAY;;REPAIR;;;X;X;;;;;;;;X;;;;;;;;;;;;;;;;;;;;;;;;;;;;;;;;;;;;X;;;X;;;;;;;;;;;;;;;;;;;;;;;;;;;;;;;;;;;;;;;;;;;;;;;X;;;
25514B253A3;25514-B25-3-A3;INDICATOR;;REPAIR;;;X;X;;X;;;;;;;;;;;;;;;;;;;;;;;;;;;;;;;;;;;;;;;;;;;;;;;;;;;;;;;;;;;;;;;;;;;;;;;;;;;;;;X;;;;;;X;;;;;;;;X;;;
2583AB03;2583AB03;CONTROL;;REPAIR;;;X;X;X;X;X;;;;;;;;;;;;;;;;;;;;;;;;;;;;;;;;;;;X;X;;;;;;;;;;;;;;;;;;;;;;;;;;;;;;;;;;;;;;;;;;;;;;;;;;;;;;;X;;;
258719323;2587193-23;COMPAS-C14;;REPAIR;;DNR;X;X;;;;;;;;;;;;;;;;;;;;;;;;;;;;;;;;;;;;;;;;;;;;;;;;;;;;;;;;;;;;;X;;;;;;;;;;;;;;;;;;;X;;;;;;;;;;;;;;X;;;
25871933;2587193-3;COMPAS-C14;;REPAIR;;DNR;X;X;;;;;;;;;;;;;;;;;;;;;;;;;;;;;;;;;;;;;;;;;;;;;;;;;;;;;;;;;;;;;X;;;;;;;;;;;;;;;;;;;X;;;;;;;;;;;;;;X;;;
258719343;2587193-43;COMPAS-C14;;REPAIR;;DNR;X;X;;;;;;;;;;;;;;;;;;;;;;;;;;;;;;;;;;;;;;;;;;;;;;;;;;;;;;;;;;;;; ;;;;;;;;;;;;;;;;;;;X;;;X;;;;X;;;;;;;X;;;
26071823;2607182-3;BRAKE, ROTOR;OVERHAUL;;;;X;X;X;X;X;;;X;;;X;;;;;X;;;;;;;;;;;;;;;;;;;;;;;;;;;;;;;;;;;;;;;;;;;;;;;;;;;;;;;;;;;;;;;;;;;;;;;;;;;;;;;X;;;;
26099142;2609914-2;BRAKE, ROTOR;OVERHAUL;;;;X;X;X;X;X;;;;;;X;;;;;X;;;;;;;;;;;;;;;;;;;;;;;;;;;;;;;;;;;;;;;;;;;;;;;;;;;;;;;;;;;;;;;;;;;;;;;;;;;;;;;X;;;;
26513111;2651-311-1;VALVE;;REPAIR;;;X;X;;;;;;;;;;;;;;;;;;;;;;;;;;;;;;;;;;;;;;;;;;;;;;;;;;;;;;;;;;;;;;;;;;;;;;;;;;;;;;;;;;;;;;;;X;X;;;;;X;;X;
26600176;26600176;SURGE CONTROL VALVE;OVERHAUL;;;;X;;;;;;;;;X;;;;;;;;;;;;;;;;;;X;;;;;;;;;;;X;;;;;;;;;;;;;;;;;;;;;;;;;;;;;;;;;;;;;;;;;;;;;;;;;;;;;;;;X;;;;
26600180;26600180;IGV ACTUATOR;OVERHAUL;;;;X;;;;;;;;;X;;;;;;;;;;;;;;;;;;X;;;;;;;;;;;X;;;;;;;;;;;;;;;;;;;;;;;;;;;;;;;;;;;;;;;;;;;;;;;;;;;;;;;;X;;;;
2670005M2;2670005M2;NOSE WHEEL STEERING METERING VALVE;OVERHAUL;;;;X;X;X;X;X;;;X;;;;;;;;;;;;;;;;;;;;X;;;;;X;;;;;;;;;;;;;;;;;;;;;;;;;;;;;;;;;;;;;;;;;;;;;;;;;;;;;;;;;;;;;;X;;;;
2670005M21;2670005M21;NOSE WHEEL STEERING METERING VALVE;OVERHAUL;;;;X;X;X;X;X;;;X;;;;;;;;;;;;;;;;;;;;X;;;;;X;;;;;;;;;;;;;;;;;;;;;;;;;;;;;;;;;;;;;;;;;;;;;;;;;;;;;;;;;;;;;;X;;;;
2670005M4;2670005M4;NOSE WHEEL STEERING METERING VALVE;OVERHAUL;;;;X;X;X;X;X;;;X;;;;;;;;;;;;;;;;;;;;X;;;;;X;;;;;;;;;;;;;;;;;;;;;;;;;;;;;;;;;;;;;;;;;;;;;;;;;;;;;;;;;;;;;;X;;;;
2670005M5;2670005M5;NOSE WHEEL STEERING METERING VALVE;OVERHAUL;;;;X;X;X;X;X;;;X;;;;;;;;;;;;;;;;;;;;X;;;;;X;;;;;;;;;;;;;;;;;;;;;;;;;;;;;;;;;;;;;;;;;;;;;;;;;;;;;;;;;;;;;;X;;;;
2670005M6;2670005M6;NOSE WHEEL STEERING METERING VALVE;OVERHAUL;;;;X;X;X;X;X;;;X;;;;;;;;;;;;;;;;;;;;X;;;;;;;;;;;;;;;;;;;;;;;;;;;;;;;;;;;;;;;;;;;;;;;;;;;;;;;;;;;;;;;;;;;X;;;;
2670005M7;2670005M7;NOSE WHEEL STEERING METERING VALVE;OVERHAUL;;;;X;X;X;X;X;;;X;;;;;;;;;;;;;;;;;;;;X;;;;;X;;;;;;;;;;;;;;;;;;;;;;;;;;;;;;;;;;;;;;;;;;;;;;;;;;;;;;;;;;;;;;X;;;;
2670136;2670136;FUELLING SHUTOFF VALVE;;OVERHAUL;;;X;X;;X;;;;;;;;;;;;;;;;;;;;;;;;X;;;X;;;;;;;;;;;;;;;;;;;;;;;;;;;;;;;;;;;;;;;;;;;;;;;;;;;;;;;;;;;;;;;;;X;;;
268075001;268-075-001;OIL LEVEL INDICATOR;REPAIR;;;;X;X;X;X;X;;;;;;;;;;;;;X;;X;X;;;;;;;;;;;;;;;;;;;;;;;;;;;;;;;;;;;;;;;;;;;;;;;;;;;;;;;;;;;;;;;;;;;;;;;;;;X;;;;
2687A000001;2687A0000-01;DIFFERENTIAL PRESSURE SENSOR;BENCH TEST;;;;X;X;X;X;X;;;;;;;;;;;;;X;;;;X;X;X;X;;;;;;;;;;;;;;;;;;;;;;;;;;;;;;;;;;;;;;;;;;;;;;;;;;;;;;;;;;;;;;;;;;;;;;X;;;;
2695A000001;2695A0000-01;PRESSURE SENSOR;BENCH TEST;;;;X;X;X;X;X;;;;;;;;;;;;;X;;;;X;X;X;X;;;;;;;;;;;;;;;;;;;;;;;;;;;;;;;;;;;;;;;;;;;;;;;;;;;;;;;;;;;;;;;;;;;;;;X;;;;
2697A000001;2697A0000-01;PRESSURE SENSOR;BENCH TEST;;;;X;X;X;X;X;;;;;;;;;;;;;X;;;;X;X;X;X;;;;;;;;;;;;;;;;;;;;;;;;;;;;;;;;;;;;;;;;;;;;;;;;;;;;;;;;;;;;;;;;;;;;;;X;;;;
26V10TT4B01;26V10TT4B-01;TRANSMITTER;;BENCH TEST;;;X;X;;X;;;;;;;;;;;;;;;;;;;;;;;;;;;;;;;;;;;;X;X;;;;;;;;;;;;;;;;;;;;;;;;;;;;;;;;;;;;;;;;;;;;;;;;;;;;;;;X;;;
27044581;2704458-1;STARTER;;OVERHAUL;;DNR;X;X;;X;;;;;;;;;;;;;;;;;;;;;;;;;;;;;;;;;;;;;;;;;;;;;;;;;;;;;;;;;;;;;;;;;X;;;;;;;;;;;;;X;;;;;;;;;;;;;;X;;;
27045061;2704506-1;DIRECT CURRENT MOTOR;OVERHAUL;;;;X;X;X;X;;;;;;;;;;;;;;X;;;;X;X;X;X;;;;;;;;;;;;;;;;;;;;;;;;;;;;;;;;;;;;;;;;;;;;;;;;;;;;;;;;;;;;;;;;;;;;;;X;;;;
27045062;2704506-2;DIRECT CURRENT MOTOR;OVERHAUL;;;;X;X;X;X;;;;;;;;;;;;;;X;;;;X;X;X;X;;;;;;;;;;;;;;;;;;;;;;;;;;;;;;;;;;;;;;;;;;;;;;;;;;;;;;;;;;;;;;;;;;;;;;X;;;;
27082;2708-2;AIRCRAFT BATTERY  (SAFT);OVERHAUL;;;;X;X;X;X;X;;;;;;X;;;;;;;;;;;;;;;;;;;;;;;;;;;;;;;;;;;;;;;;;;;;;;;;;;;;;;;;;;;;;;;;;;;;;;;;;;;;;;;;;;;;X;;;;
270CH1;270CH-1;NICKEL-CADMIUM AIRCRAFT BATTERY (SAFT);OVERHAUL;;;;X;;;;;;;;;;X;;;;;;;;;;;;;;;;;;;;;;;;;;;;;;;;;;;;;;;;;;;;;;;;;;;;;;;;;;;;;;;;;;;;;;;;;;;;;;;;;;;;X;;;;
270CH1;270CH1;NICKEL-CADMIUM AIRCRAFT BATTERY (SAFT);OVERHAUL;;;;X;;;;;;;;;;X;;;;;;;;;;;;;;;;;;;;;;;;;;;;;;;;;;;;;;;;;;;;;;;;;;;;;;;;;;;;;;;;;;;;;;;;;;;;;;;;;;;;X;;;;
270CH2;270CH-2;NICKEL-CADMIUM AIRCRAFT BATTERY (SAFT);OVERHAUL;;;;X;;;;;;;;;;X;;;;;;;;;;;;;;;;;;;;;;;;;;;;;;;;;;;;;;;;;;;;;;;;;;;;;;;;;;;;;;;;;;;;;;;;;;;;;;;;;;;;X;;;;
270CH2;270CH2;NICKEL-CADMIUM AIRCRAFT BATTERY (SAFT);OVERHAUL;;;;X;;;;;;;;;;X;;;;;;;;;;;;;;;;;;;;;;;;;;;;;;;;;;;;;;;;;;;;;;;;;;;;;;;;;;;;;;;;;;;;;;;;;;;;;;;;;;;;X;;;;
2710004000SG;27-1000-4000SG;TRANSDUCER;;BENCH TEST;;;X;;;;;;;;;;;;;;;;;;;;;;;;;;;;;;;;;;;;;;;;;;;;;;;;;;;;;;;;;;;;;;;;;;;;;;;;;;X;X;;;;;;X;;;;;;;;;;;;;;X;;;
2726CH1;2726CH1;BATTERY;;OVERHAUL;;DNR;X;X;;X;;;;;;;;;;;;;;;;;;;;;;;;;;;;;;;;;;;;;;;;;;X;;;;;X;;;;;;;;;;;;;;;;;;;;;;;;;;;;;;;;;;;;;;;;;;;;;X;;;
2739;2739;FIRE/OVERHEAT DETECTION SYSTEM;REPAIR;;;;X;X;X;X;X;;;;;;;;;;;;;X;;X;X;;;;;;;;;;;;;;;;;;;;;;;;;;;;;;;;;;;;;;;;;;;;;;;;;;;;;;;;;;;;;;;;;;;;;;;;;;X;;;;
273902;2739-02;FIRE/OVERHEAT DETECTION SYSTEM;REPAIR;;;;X;X;X;X;X;;;;;;;;;;;;;X;;X;X;;;;;;;;;;;;;;;;;;;;;;;;;;;;;;;;;;;;;;;;;;;;;;;;;;;;;;;;;;;;;;;;;;;;;;;;;;X;;;;
273A22011;273A2201-1;MLG DOWLOCK ACTUATOR;OVERHAUL;;;;X;X;X;X;X;;;;;;;;;;;;;;;;;;;;;;;X;;;X;X;;;;;;;;;;;;;;;;;;;;;;;;;;;;;;;;;;;;;;;;;;;;;;;;;;;;;;;;;;;;;;;X;;;;
27531;27531;HYDRAULIC SHUTTLE VALVE;OVERHAUL;;;;X;;;;;;;;;X;;;;;;;;;;;;;;;;;;X;;;;;;;;;;;X;;;;;;;;;;;;;;;;;;;;;;;;;;;;;;;;;;;;;;;;;;;;;;;;;;;;;;;;X;;;;
275591;27559-1;BATTERY;;OVERHAUL;;;X;;;;;;;;;;;;;;;;;;;;;;;;;;;;;;;;;;;;;;;;;;;;;;;;;;;;X;;;;;;;;;;;;;;;;;;;;;;;;;;;;;;;;;;;;;;;;;;;X;;;
2757B01;2757B01;VALVE;;REPAIR;;;X;X;X;;X;;;;;;;;;;;;;;;;;;;;;;;;;;;;;;;;;;;X;X;;;;;;;;;;;;;;;;;;;;;;;;;;;;;;;;;;;;;;;;;;;;;;;;;;;;;;;X;;;
2758;2758;BATTERY;OVERHAUL;OVERHAUL;Overhaul/Repair/Modification;DNR;X;X;X;X;;;;;;;;;;;;;;X;;;;X;X;X;X;;;;;;;;;;;;;;;;;;;;;;;;;;;;;;;;;;;;;;;;;;;;;;;;;;;;;;;;;;;;;;;;;;;;;;X;X;X;;
275A11013;275A1101-3;ACTUATOR, NOSE LANDING GEAR STEERING;OVERHAUL;;;;X;X;X;X;X;;;;;;;;;;;;;;;;;;;;;;;X;;;X;X;;;;;;;;;;;;;;;;;;;;;;;;;;;;;;;;;;;;;;;;;;;;;;;;;;;;;;;;;;;;;;;X;;;;
275A11014;275A1101-4;ACTUATOR, NOSE LANDING GEAR STEERING;OVERHAUL;;;;X;X;X;X;X;;;;;;;;;;;;;;;;;;;;;;;X;;;X;X;;;;;;;;;;;;;;;;;;;;;;;;;;;;;;;;;;;;;;;;;;;;;;;;;;;;;;;;;;;;;;;X;;;;
275A11015;275A1101-5;ACTUATOR, NOSE LANDING GEAR STEERING;OVERHAUL;;;;X;X;X;X;X;;;;;;;;;;;;;;;;;;;;;;;X;;;X;X;;;;;;;;;;;;;;;;;;;;;;;;;;;;;;;;;;;;;;;;;;;;;;;;;;;;;;;;;;;;;;;X;;;;
275A11016;275A1101-6;ACTUATOR, NOSE LANDING GEAR STEERING;OVERHAUL;;;;X;X;X;X;X;;;;;;;;;;;;;;;;;;;;;;;X;;;X;X;;;;;;;;;;;;;;;;;;;;;;;;;;;;;;;;;;;;;;;;;;;;;;;;;;;;;;;;;;;;;;;X;;;;
275A11017;275A1101-7;ACTUATOR, NOSE LANDING GEAR STEERING;OVERHAUL;;;;X;X;X;X;X;;;;;;;;;;;;;;;;;;;;;;;X;;;X;X;;;;;;;;;;;;;;;;;;;;;;;;;;;;;;;;;;;;;;;;;;;;;;;;;;;;;;;;;;;;;;;X;;;;
275A11018;275A1101-8;ACTUATOR, NOSE LANDING GEAR STEERING;OVERHAUL;;;;X;X;X;X;X;;;;;;;;;;;;;;;;;;;;;;;X;;;X;X;;;;;;;;;;;;;;;;;;;;;;;;;;;;;;;;;;;;;;;;;;;;;;;;;;;;;;;;;;;;;;;X;;;;
275CH3;275CH3;AIRCRAFT BATTERY;OVERHAUL;;;;X;X;X;X;X;;;;;;X;;;;;;;;;;;;;;;;;;;;;;;;;;;;;;;;;;;;;;;;;;;;;;;;;;;;;;;;;;;;;;;;;;;;;;;;;;;;;;;;;;;;X;;;;
276801;2-7680-1;FLOW RATE FUSE ASSEMBLY;OVERHAUL;;;;X;X;X;X;X;;;;;;;;;;;;;;;;;;;;;;;X;;;X;;;;;;;;;;;;;;;;;;;;;;;;;;;;;;;;;;;;;;;;;;;;;;;;;;;;;;;;;;;;;;;;X;;;;
276802;2-7680-2;FLOW RATE FUSE ASSEMBLY;OVERHAUL;;;;X;X;X;X;X;;;;;;;;;;;;;;;;;;;;;;;X;;;X;;;;;;;;;;;;;;;;;;;;;;;;;;;;;;;;;;;;;;;;;;;;;;;;;;;;;;;;;;;;;;;;X;;;;
276811;2-7681-1;FUSE ASSEMBLY - FLOW RATE;OVERHAUL;;;;X;X;X;X;X;;;;;;;;;;;;;;;;;;;;;;;X;;;X;;;;;;;;;;;;;;;;;;;;;;;;;;;;;;;;;;;;;;;;;;;;;;;;;;;;;;;;;;;;;;;;X;;;;
276812;2-7681-2;FUSE ASSEMBLY - FLOW RATE;OVERHAUL;;;;X;X;X;X;X;;;;;;;;;;;;;;;;;;;;;;;X;;;X;;;;;;;;;;;;;;;;;;;;;;;;;;;;;;;;;;;;;;;;;;;;;;;;;;;;;;;;;;;;;;;;X;;;;
27949010011;2794-901-00-11;POWER GENERATION DISPLAY PANEL;;REPAIR;;;X;X;X;X;X;;;;;;;;;;;;;;;;;;;;;;;;;;;;;;;;;;;X;X;;;;;;;;;;;;;;;;;;;;;;;;;;;;;;;;;;;;;;;;;;;;;;;;;;;;;;;X;;;
28002001;28002-001;BATTERY, TYPE CA-54-1;OVERHAUL;;;;X;X;X;X;;;;;;;;;;;;;;;;;;;;;;;;X;;;;;;;;;;X;;;;;;;;;;;;;;;;;;;;;;;;;;;;;;;;;;;;;;;;;;;;;;;;;;;;;;;;;X;;;;
2801T1001;2801T100-1;POWER DRIVE UNIT;OVERHAUL;;;;X;X;X;X;X;;;X;;;;;;;;;;X;X;X;X;;;;;;;;;;;;;;;;;;;;;;;;;;;;;;;;;;;;;;;;;;;;;;;;;;;;;;;;;;;;;;;;;;;;;;;;;;X;;;;
280201;2-8020-1;FUSE ASSEMBLY QTY MEASURING;OVERHAUL;;;;X;X;X;X;X;;;;;;;;;;;;;;;;;;;;;;;X;;;X;;;;;;;;;;;;;;;;;;;;;;;;;;;;;;;;;;;;;;;;;;;;;;;;;;;;;;;;;;;;;;;;X;;;;
2802011;2-8020-11;FUSE ASSEMBLY QTY MEASURING;OVERHAUL;;;;X;X;X;X;X;;;;;;;;;;;;;;;;;;;;;;;X;;;X;;;;;;;;;;;;;;;;;;;;;;;;;;;;;;;;;;;;;;;;;;;;;;;;;;;;;;;;;;;;;;;;X;;;;
2802012;2-8020-12;FUSE ASSEMBLY QTY MEASURING;OVERHAUL;;;;X;X;X;X;X;;;;;;;;;;;;;;;;;;;;;;;X;;;X;;;;;;;;;;;;;;;;;;;;;;;;;;;;;;;;;;;;;;;;;;;;;;;;;;;;;;;;;;;;;;;;X;;;;
2802013;2-8020-13;FUSE ASSEMBLY QTY MEASURING;OVERHAUL;;;;X;X;X;X;X;;;;;;;;;;;;;;;;;;;;;;;X;;;X;;;;;;;;;;;;;;;;;;;;;;;;;;;;;;;;;;;;;;;;;;;;;;;;;;;;;;;;;;;;;;;;X;;;;
2802014;2-8020-14;FUSE ASSEMBLY QTY MEASURING;OVERHAUL;;;;X;X;X;X;X;;;;;;;;;;;;;;;;;;;;;;;X;;;X;;;;;;;;;;;;;;;;;;;;;;;;;;;;;;;;;;;;;;;;;;;;;;;;;;;;;;;;;;;;;;;;X;;;;
2802015;2-8020-15;FUSE ASSEMBLY QTY MEASURING;OVERHAUL;;;;X;X;X;X;X;;;;;;;;;;;;;;;;;;;;;;;X;;;X;;;;;;;;;;;;;;;;;;;;;;;;;;;;;;;;;;;;;;;;;;;;;;;;;;;;;;;;;;;;;;;;X;;;;
2802016;2-8020-16;FUSE ASSEMBLY QTY MEASURING;OVERHAUL;;;;X;X;X;X;X;;;;;;;;;;;;;;;;;;;;;;;X;;;X;;;;;;;;;;;;;;;;;;;;;;;;;;;;;;;;;;;;;;;;;;;;;;;;;;;;;;;;;;;;;;;;X;;;;
2802018;2-8020-18;FUSE ASSEMBLY QTY MEASURING;OVERHAUL;;;;X;X;X;X;X;;;;;;;;;;;;;;;;;;;;;;;X;;;X;;;;;;;;;;;;;;;;;;;;;;;;;;;;;;;;;;;;;;;;;;;;;;;;;;;;;;;;;;;;;;;;X;;;;
280202;2-8020-2;FUSE ASSEMBLY QTY MEASURING;OVERHAUL;;;;X;X;X;X;X;;;;;;;;;;;;;;;;;;;;;;;X;;;X;;;;;;;;;;;;;;;;;;;;;;;;;;;;;;;;;;;;;;;;;;;;;;;;;;;;;;;;;;;;;;;;X;;;;
2802024;2-8020-24;FUSE ASSEMBLY QTY MEASURING;OVERHAUL;;;;X;X;X;X;X;;;;;;;;;;;;;;;;;;;;;;;X;;;X;;;;;;;;;;;;;;;;;;;;;;;;;;;;;;;;;;;;;;;;;;;;;;;;;;;;;;;;;;;;;;;;X;;;;
2802025;2-8020-25;FUSE ASSEMBLY QTY MEASURING;OVERHAUL;;;;X;X;X;X;X;;;;;;;;;;;;;;;;;;;;;;;X;;;X;;;;;;;;;;;;;;;;;;;;;;;;;;;;;;;;;;;;;;;;;;;;;;;;;;;;;;;;;;;;;;;;X;;;;
2802026;2-8020-26;FUSE ASSEMBLY QTY MEASURING;OVERHAUL;;;;X;X;X;X;X;;;;;;;;;;;;;;;;;;;;;;;X;;;X;;;;;;;;;;;;;;;;;;;;;;;;;;;;;;;;;;;;;;;;;;;;;;;;;;;;;;;;;;;;;;;;X;;;;
2802027;2-8020-27;FUSE ASSEMBLY QTY MEASURING;OVERHAUL;;;;X;X;X;X;X;;;;;;;;;;;;;;;;;;;;;;;X;;;X;;;;;;;;;;;;;;;;;;;;;;;;;;;;;;;;;;;;;;;;;;;;;;;;;;;;;;;;;;;;;;;;X;;;;
2802028;2-8020-28;FUSE ASSEMBLY QTY MEASURING;OVERHAUL;;;;X;X;X;X;X;;;;;;;;;;;;;;;;;;;;;;;X;;;X;;;;;;;;;;;;;;;;;;;;;;;;;;;;;;;;;;;;;;;;;;;;;;;;;;;;;;;;;;;;;;;;X;;;;
2802029;2-8020-29;FUSE ASSEMBLY QTY MEASURING;OVERHAUL;;;;X;X;X;X;X;;;;;;;;;;;;;;;;;;;;;;;X;;;X;;;;;;;;;;;;;;;;;;;;;;;;;;;;;;;;;;;;;;;;;;;;;;;;;;;;;;;;;;;;;;;;X;;;;
280203;2-8020-3;FUSE ASSEMBLY QTY MEASURING;OVERHAUL;;;;X;X;X;X;X;;;;;;;;;;;;;;;;;;;;;;;X;;;X;;;;;;;;;;;;;;;;;;;;;;;;;;;;;;;;;;;;;;;;;;;;;;;;;;;;;;;;;;;;;;;;X;;;;
280205;2-8020-5;FUSE ASSEMBLY QTY MEASURING;OVERHAUL;;;;X;X;X;X;X;;;;;;;;;;;;;;;;;;;;;;;X;;;X;;;;;;;;;;;;;;;;;;;;;;;;;;;;;;;;;;;;;;;;;;;;;;;;;;;;;;;;;;;;;;;;X;;;;
280206;2-8020-6;FUSE ASSEMBLY QTY MEASURING;OVERHAUL;;;;X;X;X;X;X;;;;;;;;;;;;;;;;;;;;;;;X;;;X;;;;;;;;;;;;;;;;;;;;;;;;;;;;;;;;;;;;;;;;;;;;;;;;;;;;;;;;;;;;;;;;X;;;;
28040000;28040000;RELAY CARD A200300E01;REPAIR;;;;X;X;X;X;X;;;;;;;;;;;;;X;;;;;;;;;X;;;;;;;;;;;;;;;;;;;;;;;;;;;;;;;;;;;;;;;;;;;;;;;;;;;;;;;;;;;;;;;;;;;;X;;;;
280411;2-8041-1;ANTISKID VOLUMETRIC FUSE ASSY;OVERHAUL;;;;X;X;X;X;X;;;;;;;;;;;;;;;;;;;;;;;X;;;X;;;;;;;;;;;;;;;;;;;;;;;;;;;;;;;;;;;;;;;;;;;;;;;;;;;;;;;;;;;;;;;;X;;;;
2810050101;2810050-101;VALVE;;OVERHAUL;;;X;X;;X;;;;;;;;;;;;;;;;;;;;;;;;;;;;;;;;;;;;;;;;;;X;;X;;;;;;;;;;;;;;;;;;;;;;;;;;;;;;;;;;;;;;;;;;;;;;;;X;;;
2810050102;2810050-102;FUEL PILOT VALVE;;REPAIR;;DNR;X;X;;;;;;;;;;;;;;;;;;;;;;;;;;;;;;;;;;;;;;;;;;;;X;;;;X;X;;;;;;;;;;;;;;;;;;;;;;;;;;;;;;;;;;;;;;;;;;;;;X;;;
2810051101;2810051-101;VALVE;;REPAIR;;DNR;X;X;;X;;;;;;;;;;;;;;;;;;;;;;;;;;;;;;;;;;;;;;;;;;X;;X;;;;;;;;;;;;;;;;;;;;;;;;;;;;;;;;;;;;;;;;;;;;;;;;X;;;
2810051102;2810051-102;VALVE;;REPAIR;;DNR;X;X;;X;;;;;;;;;;;;;;;;;;;;;;;;;;;;;;;;;;;;;;;;;;X;;X;;;;;;;;;;;;;;;;;;;;;;;;;;;;;;;;;;;;;;;;;;;;;;;;X;;;
2810051104;2810051-104;VALVE;;REPAIR;;DNR;X;X;;X;;;;;;;;;;;;;;;;;;;;;;;;;;;;;;;;;;;;;;;;;;X;;X;;X;X;;;;;;;;;;;;;;;;;;;;;;;;;;;;;;;;;;;;;;;;;;;;;X;;;
282673;282673;TACHOMETER GENERATOR;REPAIR;;;;X;X;X;X;;;;;;;;;;;;;;X;X;X;X;X;X;X;X;X;X;;;;;;;;;;;;;;;;;;;;;;;;;;;;;;;;;;;;;;;;;;;;;;;;;;;;;;;;;;;;;;;;;;;;X;;;;
282EP01TY01;282EP01TY01;CHANNEL UNCOUPLING SOLENOID;BENCH TEST;;;;X;X;X;X;X;;;;;;;;;;;;;X;X;X;X;;;;;;;;;;;;;;;;;;;;;;;;;;;;;;;;;;;;;;;;;;;;;;;;;;;;;;;;;;;;;;;;;;;;;;;;;;X;;;;
282EP01TY02;282EP01TY02;CHANNEL UNCOUPLING SOLENOID;BENCH TEST;;;;X;X;X;X;X;;;;;;;;;;;;;X;X;X;X;;;;;;;;;;;;;;;;;;;;;;;;;;;;;;;;;;;;;;;;;;;;;;;;;;;;;;;;;;;;;;;;;;;;;;;;;;X;;;;
2846T1001;2846T100-1;SILL ACTUATOR;REPAIR;;;;X;X;X;X;X;;;;;;;;;;;;;X;;;;;X;X;X;;;;;;;;;;;;;;;;;;;;;;;;;;;;;;;;;;;;;;;;;;;;;;;;;;;;;;;;;;;;;;;;;;;;;;X;;;;
286226;286226;GENERATOR SEALED CASING ASSY;REPAIR;;;;X;X;X;X;X;;;;;;;;;;;;;X;;;;;;;;;;;;;;;;;;;;;;;;;;;;;;;;;;;;;;;;;;;;;;;;;;;;;;;;;;;;;;;;;;;;;;;;;;;;;X;;;;
286467;286467;SERVOVALVE;OVERHAUL;;;;X;X;X;X;X;;;X;;;;;;;;;;X;X;;;;;;;;;;;;;;;;;;;;;;;;;;;;;;;;;;;;;;;;;;;;;;;;;;;;;;;;;;;;;;;;;;;;;;;;;;;;X;;;;
286467100;286467100;SERVO VALVE;OVERHAUL;;;;X;X;X;X;X;;;X;;;;;;;;;;X;X;;;;;;;;;;;;;;;;;;;;;;;;;;;;;;;;;;;;;;;;;;;;;;;;;;;;;;;;;;;;;;;;;;;;;;;;;;;;X;;;;
2864671001;286467100-1;SERVO VALVE;OVERHAUL;;;;X;X;X;X;X;;;X;;;;;;;;;;X;X;;;;;;;;;;;;;;;;;;;;;;;;;;;;;;;;;;;;;;;;;;;;;;;;;;;;;;;;;;;;;;;;;;;;;;;;;;;;X;;;;
287494;287494;SEALED TACHOMETER GENERATOR CASING ASSY;OVERHAUL;;;;X;X;X;X;X;;;X;;;;;;;;;;X;X;;;;;;;;;;;;;;;;;;;;;;;;;;;;;;;;;;;;;;;;;;;;;;;;;;;;;;;;;;;;;;;;;;;;;;;;;;;;X;;;;
2882811;288281-1;FILTER;;INSPECTION;;;X;;;;;;;;;;;;;;;;;;;;;;;;;;;;;;;;;;;;;;;;;;;;;;;;;;;;X;;;X;;;;;;;;;;;;;;;;;;;;;;;;;;X;;;;;;;;;;;;;;X;;;
28VS200Y4DH;28VS200Y-4DH;CONVERTER;;REPAIR;;;X;X;;X;;;;;;;;;;;;;;;;;;;;;;;;;;;;;;;;;;;;;;;;;;;;;;;;;;;;;;;;;;;;;;;;;X;;X;;;;;;;;;;;X;;;;;;;;;;;;;;X;;;
28YC51;28YC51;MOTOR;;BENCH TEST;;;X;;;;;;;;;;;;;;;;;;;;;;;;;;;;;;;;;;;;;;;;;;;;;;;;;;;;;;;;;;;;;;;;;;;;;;;;;;;;;;;;;;;;X;;;;;;;;;;;X;;;
290942;29094-2;BATTERY,STORAGE;;REPAIR;;;X;;;;;;;;;;;;;;;;;;;;;;;;;;;;;;;;;;;;;;;;;;;;;;;;;;;;;;;;;;;;;;;;;;;;;;;;;;;;;;;;;X;;;;;;X;;;;;;;;X;;;
29212;292-12;STROBE LIGHT;;REPAIR;Overhaul/Repair/Inspection/Modification;;X;X;;X;X;;;;;;;;;;;;;;;;;;;;;;;;;;;;;;;;;;;X;X;X;X;X;;;;;;;;;;;;;;;;;;;;;;;;;;;;;;;;;;;;;;;;;;;;;;;;;;;;X;X;;
29213;292-13;STROBE LIGHT;;REPAIR;Overhaul/Repair/Inspection/Modification;;X;X;;X;X;;;;;;;;;;;;;;;;;;;;;;;;;;;;;;;;;;;X;X;X;X;X;;;;;;;;;;;;;;;;;;;;;;;;;;;;;;;;;;;;;;;;;;;;;;;;;;;;X;X;;
29222;292-22;POWER SUPPLY;;REPAIR;Overhaul/Repair/Inspection/Modification;;X;X;;X;X;;;;;;;;;;;;;;;;;;;;;;;;;;;;;;;;;;;X;X;X;X;X;;;;;;;;;;;;;;;;;;;;;;;;;;;;;;;;;;;;;;;;;;;;;;;;;;;;X;X;;
29223;292-23;POWER SUPPLY;;REPAIR;Overhaul/Repair/Inspection/Modification;;X;X;;X;X;;;;;;;;;;;;;;;;;;;;;;;;;;;;;;;;;;;X;X;X;X;X;;;;;;;;;;;;;;;;;;;;;;;;;;;;;;;;;;;;;;;;;;;;;;;;;;;;X;X;;
29224;292-24;POWER SUPPLY;;REPAIR;Overhaul/Repair/Inspection/Modification;;X;X;;X;X;;;;;;;;;;;;;;;;;;;;;;;;;;;;;;;;;;;X;X;X;X;X;;;;;;;;;;;;;;;;;;;;;;;;;;;;;;;;;;;;;;;;;;;;;;;;;;;;X;X;;
29225;292-25;POWER SUPPLY;;REPAIR;Overhaul/Repair/Inspection/Modification;;X;X;;X;X;;;;;;;;;;;;;;;;;;;;;;;;;;;;;;;;;;;X;X;X;X;X;;;;;;;;;;;;;;;;;;;;;;;;;;;;;;;;;;;;;;;;;;;;;;;;;;;;X;X;;
29330AAM;29330-AA-M;ANEMOMETRE;;BENCH TEST;;;X;;;;;;;;;X;X;;;;X;;;;;;;;;;;;;;;;;;;;;;;;;;;;;;;;;;;;;;;;;;;;;;;;;;;;;;;;;;;;;;;;;;;;;;;;;;;;;;;;;X;;;
29336AAM;29336-AA-M;ANEMOMETRE;;BENCH TEST;;;X;;;;;;;;;X;X;;;;X;;;;;;;;;;;;;;;;;;;;;;;;;;;;;;;;;;;;;;;;;;;;;;;;;;;;;;;;;;;;;;;;;;;;;;;;;;;;;;;;;X;;;
2936;2936;FUEL CROSSFEED ACTUATOR;;REPAIR;;;X;X;X;X;X;;;;;;;;;;;;;;;;;;;;;;;;;;;;;;;;;;;X;;;;X;;;;;;;;;;;;;;;;;;;;;;;;;;;;;;;;;;;;;;;;;;;;;;;;;;;;X;;;
293GC01;293GC01;PROTECTION HOUSING;REPAIR;;;;X;X;X;X;X;;;;;;;;;;;;;X;;;;;;;;;;;;;;;;;;;;;;;;;;;;;;;;;;;;;;;;;;;;;;;;;;;;;;;;;;;;;;;;;;;;;;;;;;;;;X;;;;
293GC01Y02;293GC01Y02;PROTECTION HOUSING;REPAIR;;;;X;X;X;X;X;;;X;;;;;;;;;;X;;;;;;;;;;;;;;;;;;;;;;;;;;;;;;;;;;;;;;;;;;;;;;;;;;;;;;;;;;;;;;;;;;;;;;;;;;;;;X;;;;
2940;2940;FUEL CROSSFEED ACTUATOR;;REPAIR;;;X;X;X;X;X;;;;;;;;;;;;;;;;;;;;;;;;;;;;;;;;;;;X;;;;X;;;;;;;;;;;;;;;;;;;;;;;;;;;;;;;;;;;;;;;;;;;;;;;;;;;;X;;;
2944T1001;2944T100-1;POWER DRIVE UNIT;REPAIR;;;;X;X;X;X;X;;;;;;;;;;;;;X;;;;;X;X;X;;;;;;;;;;;;;;;;;;;;;;;;;;;;;;;;;;;;;;;;;;;;;;;;;;;;;;;;;;;;;;;;;;;;;;X;;;;
2944T1003;2944T100-3;POWER DRIVE UNIT;REPAIR;;;;X;X;X;X;X;;;;;;;;;;;;;X;;;;;X;X;X;;;;;;;;;;;;;;;;;;;;;;;;;;;;;;;;;;;;;;;;;;;;;;;;;;;;;;;;;;;;;;;;;;;;;;X;;;;
2955T1005;2955T100-5;POWER DRIVE UNIT;OVERHAUL;;;;X;X;X;X;X;;;;;;;;;;;;;X;;;;;;;;X;X;;;;;;;;;;;;;;;;;;;;;;;;;;;;;;;;;;;;;;;;;;;;;;;;;;;;;;;;;;;;;;;;;;;;X;;;;
2955T1007;2955T100-7;POWER DRIVE UNIT;OVERHAUL;;;;X;X;X;X;X;;;;;;;;;;;;;X;;;;;;;;X;X;;;;;;;;;;;;;;;;;;;;;;;;;;;;;;;;;;;;;;;;;;;;;;;;;;;;;;;;;;;;;;;;;;;;X;;;;
2955T1009;2955T100-9;POWER DRIVE UNIT;OVERHAUL;;;;X;X;X;X;X;;;;;;;;;;;;;X;;;;;;;;X;X;;;;;;;;;;;;;;;;;;;;;;;;;;;;;;;;;;;;;;;;;;;;;;;;;;;;;;;;;;;;;;;;;;;;X;;;;
296002;29600-2;PRESSURE REGULATOR VALVE;;REPAIR;;;X;X;;X;;;;;;;;;;;;;;;;;;;;;;;;;;;;;;;;;;;;;;;;;;;;;;;;;;;;;;;;;;;;;;;;;;;;;;;;;;;;;;;;;;;;;;X;X;;;;;X;;;
296003;29600-3;VALVE;;REPAIR;;;X;X;;X;;;;;;;;;;;;;;;;;;;;;;;;;;;;;;;;;;;;;;;;;;;;;;;;;;;;;;;;;;;;;;;;;;;;;;;;;;;;;;;;;;;;;;X;X;;;;;X;;;
2B20639FFW;2B2063-9FFW;FOOTREST - UHCAS;MOD;;;;X;X;X;X;X;;;;;;;;;;;;;X;;;;;;;;;X;;;;;;;;;;;;;;;;;;;;;;;;;;;;;;;;;;;;;;;;;;;;;;;;;;;;;;;;;;;;;;;;;;;;X;;;;
2B20639FFY;2B2063-9FFY;FOOTREST - UHCAS;MOD;;;;X;X;X;X;X;;;;;;;;;;;;;X;;;;;;;;;X;;;;;;;;;;;;;;;;;;;;;;;;;;;;;;;;;;;;;;;;;;;;;;;;;;;;;;;;;;;;;;;;;;;;X;;;;
2C71;2C7-1;PUMP ELECTRICAL FUEL;;REPAIR;;DNR;X;X;;X;;;;;;;;;;;;;;;;;;;;;;;;;;;;;;;;;;;;;;;;;;X;;;;X;X;;;;;;;;;;;;;;;;;;;;;;;;;;;;;;;;;;;;;;;;;;;;;X;;;
2C74;2C7-4;PUMP ELECTRICAL FUEL;;REPAIR;;DNR;X;X;;X;;;;;;;;;;;;;;;;;;;;;;;;;;;;;;;;;;;;;;;;;;X;;;;X;X;;;;;;;;;;;;;;;;;;;;;;;;;;;;;;;;;;;;;;;;;;;;;X;;;
2CM82J1;2CM82J1;DC STARTER GENERATOR;;OVERHAUL;;;X;X;;X;;;;;;;;;;;;;;;;;;;;;;;;;;;;;;;;;;;;;;;;;;;;;;;;;X;;;;X;;;;;;;;;;;;;;;;;;;;;;;;;;;;;;;;;;;;;;;X;;;
2CM82J1B;2CM82J1B;GENERATOR;;OVERHAUL;;;X;X;;X;;;;;;;;;;;;;;;;;;;;;;;;;;;;;;;;;;;;;;;;;;;;;;;;;X;;;;X;;;;;;;;;;;;;;;;;;;;;;;;;;;;;;;;;;;;;;;X;;;
2CM9ABH7;2CM9ABH7;TACHOMETER GENERATOR;OVERHAUL;;;;X;X;X;X;X;;;;;;;;;;;;;;;;;;;;;;;X;;;;;;;;;;;;;;;;;;;;;;;;;;;;;;;;;;;;;;;;;;;;;;;;;;;;;;;;;;;;;;;;;;;X;;;;
2CM9ADE8;2CM9ADE8;TACHOMETER GENERATOR;OVERHAUL;;;;X;X;X;X;X;;;;;;;;;;;;;;;;;;;;;;;X;;;;;;;;;;;;;;;;;;;;;;;;;;;;;;;;;;;;;;;;;;;;;;;;;;;;;;;;;;;;;;;;;;;X;;;;
2LA00260715;2LA002607-15;CARGO COMPARTMENT LIGHT;REPAIR;;;;X;X;X;X;X;;;;;;;;;;;;;X;;X;X;;;;;;;;;;;;;;;;;;;;;;;;;;;;;;;;;;;;;;;;;;;;;;;;;;;;;;;;;;;;;;;;;;;;;;;;;;X;;;;
2LA00392600;2LA003926-00;TAIL POSITION LIGHT;REPAIR;;;;X;X;X;X;X;;;;;;;;;;;;;X;;X;X;;;;;;;;;;;;;;;;;;;;;;;;;;;;;;;;;;;;;;;;;;;;;;;;;;;;;;;;;;;;;;;;;;;;;;;;;;X;;;;
2LA00395400;2LA003954-00;WING STROBE LIGHT;REPAIR;;;;X;X;X;X;X;;;;;;;;;;;;;X;;X;X;;;;;;;;;;;;;;;;;;;;;;;;;;;;;;;;;;;;;;;;;;;;;;;;;;;;;;;;;;;;;;;;;;;;;;;;;;X;;;;
2LA00395400M00;2LA003954-00M00;WING STROBE LIGHT;REPAIR;;;;X;X;X;X;X;;;;;;;;;;;;;X;;;;;;;;;;;;;;;;;;;;;;;;;;;;;;;;;;;;;;;;;;;;;;;;;;;;;;;;;;;;;;;;;;;;;;;;;;;;;X;;;;
2LA00395405;2LA003954-05;WING STROBE LIGHT;REPAIR;;;;X;X;X;X;X;;;;;;;;;;;;;X;;X;X;;;;;;;;;;;;;;;;;;;;;;;;;;;;;;;;;;;;;;;;;;;;;;;;;;;;;;;;;;;;;;;;;;;;;;;;;;X;;;;
2LA00396800;2LA003968-00;LIGHT, ANTICOLLISION;REPAIR;;;;X;X;X;X;X;;;;;;;;;;;;;X;;X;X;;X;X;X;X;X;;;;;;;;;;;;;;;;;;;;;;;;;;;;;;;;;;;;;;;;;;;;;;;;;;;;;;;;;;;;;;;;;;;;X;;;;
2LA00462600;2LA004626-00;FLIGHT CREW READING LIGHT;REPAIR;;;;X;X;X;X;X;;;;;;;;;;;;;X;;X;X;;;;;X;X;;;;;;;;;;;;;;;;;;;;;;;;;;;;;;;;;;;;;;;;;;;;;;;;;;;;;;;;;;;;;;;;;;;;X;;;;
2LA00462600M00;2LA004626-00M00;FLIGHT CREW READING LIGHT;REPAIR;;;;X;X;X;X;X;;;;;;;;;;;;;X;;;;;;;;;;;;;;;;;;;;;;;;;;;;;;;;;;;;;;;;;;;;;;;;;;;;;;;;;;;;;;;;;;;;;;;;;;;;;X;;;;
2LA00462600M01;2LA004626-00M01;FLIGHT CREW READING LIGHT;REPAIR;;;;X;X;X;X;X;;;;;;;;;;;;;X;;;;;;;;;;;;;;;;;;;;;;;;;;;;;;;;;;;;;;;;;;;;;;;;;;;;;;;;;;;;;;;;;;;;;;;;;;;;;X;;;;
2LA00462600M02;2LA004626-00M02;FLIGHT CREW READING LIGHT;REPAIR;;;;X;X;X;X;X;;;;;;;;;;;;;X;;;;;;;;;;;;;;;;;;;;;;;;;;;;;;;;;;;;;;;;;;;;;;;;;;;;;;;;;;;;;;;;;;;;;;;;;;;;;X;;;;
2LA00479400;2LA004794-00;TAIL POSITION LIGHT;REPAIR;;;;X;X;X;X;X;;;;;;;;;;;;;X;X;X;X;;;;;;;;;;;;;;;;;;;;;;;;;;;;;;;;;;;;;;;;;;;;;;;;;;;;;;;;;;;;;;;;;;;;;;;;;;X;;;;
2LA00507500M00;2LA005075-00M00;FLIGHT CREW READING LIGHT;REPAIR;;;;X;X;X;X;X;;;;;;;;;;;;;X;;;;;;;;;;;;;;;;;;;;;;;;;;;;;;;;;;;;;;;;;;;;;;;;;;;;;;;;;;;;;;;;;;;;;;;;;;;;;X;;;;
2LA00507500M01;2LA005075-00M01;FLIGHT CREW READING LIGHT;REPAIR;;;;X;X;X;X;X;;;;;;;;;;;;;X;;;;;;;;;;;;;;;;;;;;;;;;;;;;;;;;;;;;;;;;;;;;;;;;;;;;;;;;;;;;;;;;;;;;;;;;;;;;;X;;;;
2LA00512700;2LA005127-00;OVERWING EMERGENCY LIGHT;REPAIR;;;;X;X;X;X;X;;;;;;;;;;;;;X;;;;X;X;X;X;;;;;;;;;;;;;;;;;;;;;;;;;;;;;;;;;;;;;;;;;;;;;;;;;;;;;;;;;;;;;;;;;;;;;;X;;;;
2LA00512701;2LA005127-01;OVERWING EMERGENCY LIGHT;REPAIR;;;;X;X;X;X;X;;;;;;;;;;;;;X;;;;X;X;X;X;;;;;;;;;;;;;;;;;;;;;;;;;;;;;;;;;;;;;;;;;;;;;;;;;;;;;;;;;;;;;;;;;;;;;;X;;;;
2LA00512710;2LA005127-10;OVERWING EMERGENCY LIGHT;REPAIR;;;;X;X;X;X;X;;;;;;;;;;;;;X;;;;X;X;X;X;;;;;;;;;;;;;;;;;;;;;;;;;;;;;;;;;;;;;;;;;;;;;;;;;;;;;;;;;;;;;;;;;;;;;;X;;;;
2LA00512800;2LA005128-00;OVERWING EMERGENCY LIGHT;REPAIR;;;;X;X;X;X;X;;;;;;;;;;;;;X;;;;X;X;X;X;;;;;;;;;;;;;;;;;;;;;;;;;;;;;;;;;;;;;;;;;;;;;;;;;;;;;;;;;;;;;;;;;;;;;;X;;;;
2LA00512801;2LA005128-01;OVERWING EMERGENCY LIGHT;REPAIR;;;;X;X;X;X;X;;;;;;;;;;;;;X;;;;X;X;X;X;;;;;;;;;;;;;;;;;;;;;;;;;;;;;;;;;;;;;;;;;;;;;;;;;;;;;;;;;;;;;;;;;;;;;;X;;;;
2LA00512810;2LA005128-10;OVERWING EMERGENCY LIGHT;REPAIR;;;;X;X;X;X;X;;;;;;;;;;;;;X;;;;X;X;X;X;;;;;;;;;;;;;;;;;;;;;;;;;;;;;;;;;;;;;;;;;;;;;;;;;;;;;;;;;;;;;;;;;;;;;;X;;;;
2LA00516320;2LA005163-20;LIGHT;;REPAIR;;;X;X;;X;;;;;;;;;;;;;;;;;;;;;;;;;;;;;;;;;;;;;;;;;;;;;;;;;;;;;;;;;;;;;;;;;X;;;;;;;;;;;;;X;;;;;;;;;;;;;;X;;;
2LA00530301;2LA005303-01;TAIL STROBE LIGHT;REPAIR;;;;X;X;X;X;X;;;;;;;;;;;;;X;;;;;X;X;X;X;X;;;;;;;;;;;;;;;;;;;;;;;;;;;;;;;;;;;;;;;;;;;;;;;;;;;;;;;;;;;;;;;;;;;;X;;;;
2LA00530305;2LA005303-05;TAIL STROBE LIGHT;REPAIR;;;;X;X;X;X;X;;;;;;;;;;;;;X;;;;X;X;X;X;X;X;;;;;;;;;;;;;;;;;;;;;;;;;;;;;;;;;;;;;;;;;;;;;;;;;;;;;;;;;;;;;;;;;;;;X;;;;
2LA00530801;2LA005308-01;WING STROBE LIGHT;REPAIR;;;;X;X;X;X;X;;;;;;;;;;;;;X;;;;;X;X;X;X;X;;;;;;;;;;;;;;;;;;;;;;;;;;;;;;;;;;;;;;;;;;;;;;;;;;;;;;;;;;;;;;;;;;;;X;;;;
2LA00530805;2LA005308-05;WING STROBE LIGHT;REPAIR;;;;X;X;X;X;X;;;;;;;;;;;;;X;;;;X;X;X;X;X;X;;;;;;;;;;;;;;;;;;;;;;;;;;;;;;;;;;;;;;;;;;;;;;;;;;;;;;;;;;;;;;;;;;;;X;;;;
2LA00541300;2LA005413-00;OVERWING EMERGENCY LIGHT;REPAIR;;;;X;X;X;X;X;;;;;;;;;;;;;X;;;;X;X;X;X;;;;;;;;;;;;;;;;;;;;;;;;;;;;;;;;;;;;;;;;;;;;;;;;;;;;;;;;;;;;;;;;;;;;;;X;;;;
2LA00541301;2LA005413-01;OVERWING EMERGENCY LIGHT;REPAIR;;;;X;X;X;X;X;;;;;;;;;;;;;X;;;;X;X;X;X;;;;;;;;;;;;;;;;;;;;;;;;;;;;;;;;;;;;;;;;;;;;;;;;;;;;;;;;;;;;;;;;;;;;;;X;;;;
2LA00541310;2LA005413-10;OVERWING EMERGENCY LIGHT;REPAIR;;;;X;X;X;X;X;;;;;;;;;;;;;X;;;;X;X;X;X;;;;;;;;;;;;;;;;;;;;;;;;;;;;;;;;;;;;;;;;;;;;;;;;;;;;;;;;;;;;;;;;;;;;;;X;;;;
2LA00541400;2LA005414-00;OVERWING EMERGENCY LIGHT;REPAIR;;;;X;X;X;X;X;;;;;;;;;;;;;X;;;;X;X;X;X;;;;;;;;;;;;;;;;;;;;;;;;;;;;;;;;;;;;;;;;;;;;;;;;;;;;;;;;;;;;;;;;;;;;;;X;;;;
2LA00541401;2LA005414-01;OVERWING EMERGENCY LIGHT;REPAIR;;;;X;X;X;X;X;;;;;;;;;;;;;X;;;;X;X;X;X;;;;;;;;;;;;;;;;;;;;;;;;;;;;;;;;;;;;;;;;;;;;;;;;;;;;;;;;;;;;;;;;;;;;;;X;;;;
2LA00541410;2LA005414-10;OVERWING EMERGENCY LIGHT;REPAIR;;;;X;X;X;X;X;;;;;;;;;;;;;X;;;;X;X;X;X;;;;;;;;;;;;;;;;;;;;;;;;;;;;;;;;;;;;;;;;;;;;;;;;;;;;;;;;;;;;;;;;;;;;;;X;;;;
2LA00546900;2LA005469-00;WARNING LIGHT;REPAIR;;;;X;X;X;X;X;;;;;;;;;;;;;X;;;;X;X;X;X;;;;;;;;;;;;;;;;;;;;;;;;;;;;;;;;;;;;;;;;;;;;;;;;;;;;;;;;;;;;;;;;;;;;;;X;;;;
2LA00546901;2LA005469-01;WARNING LIGHT;REPAIR;;;;X;X;X;X;X;;;;;;;;;;;;;X;;;;X;X;X;X;;;;;;;;;;;;;;;;;;;;;;;;;;;;;;;;;;;;;;;;;;;;;;;;;;;;;;;;;;;;;;;;;;;;;;X;;;;
2LA00546910;2LA005469-10;WARNING LIGHT;REPAIR;;;;X;X;X;X;X;;;;;;;;;;;;;X;;;;X;X;X;X;;;;;;;;;;;;;;;;;;;;;;;;;;;;;;;;;;;;;;;;;;;;;;;;;;;;;;;;;;;;;;;;;;;;;;X;;;;
2LA00546921;2LA005469-21;WARNING LIGHT;REPAIR;;;;X;X;X;X;X;;;;;;;;;;;;;X;;;;X;X;X;X;;;;;;;;;;;;;;;;;;;;;;;;;;;;;;;;;;;;;;;;;;;;;;;;;;;;;;;;;;;;;;;;;;;;;;X;;;;
2LA00548200;2LA005482-00;FLOODLIGHT;REPAIR;;;;X;X;X;X;X;;;;;;;;;;;;;X;;;;X;X;X;X;;;;;;;;;;;;;;;;;;;;;;;;;;;;;;;;;;;;;;;;;;;;;;;;;;;;;;;;;;;;;;;;;;;;;;X;;;;
2LA00554110;2LA005541-10;FLOOD LIGHT UNIT;REPAIR;;;;X;X;X;X;X;;;;;;;;;;;;;X;;;;X;X;X;X;;;;;;;;;;;;;;;;;;;;;;;;;;;;;;;;;;;;;;;;;;;;;;;;;;;;;;;;;;;;;;;;;;;;;;X;;;;
2LA00554220;2LA005542-20;FLOOD LIGHT UNIT;REPAIR;;;;X;X;X;X;X;;;;;;;;;;;;;X;;;;X;X;X;X;;;;;;;;;;;;;;;;;;;;;;;;;;;;;;;;;;;;;;;;;;;;;;;;;;;;;;;;;;;;;;;;;;;;;;X;;;;
2LA00554250;2LA005542-50;FLOOD LIGHT UNIT;REPAIR;;;;X;X;X;X;X;;;;;;;;;;;;;X;;;;X;X;X;X;;;;;;;;;;;;;;;;;;;;;;;;;;;;;;;;;;;;;;;;;;;;;;;;;;;;;;;;;;;;;;;;;;;;;;X;;;;
2LA00554310;2LA005543-10;FLOOD LIGHT UNIT;REPAIR;;;;X;X;X;X;X;;;;;;;;;;;;;X;;;;X;X;X;X;;;;;;;;;;;;;;;;;;;;;;;;;;;;;;;;;;;;;;;;;;;;;;;;;;;;;;;;;;;;;;;;;;;;;;X;;;;
2LA40370001;2LA403700-01;REAR NAVIGATION LIGHT;REPAIR;;;;X;X;X;X;X;;;;;;;;;;;;;X;;;;;X;X;X;;;;;;;;;;;;;;;;;;;;;;;;;;;;;;;;;;;;;;;;;;;;;;;;;;;;;;;;;;;;;;;;;;;;;;X;;;;
2LA40370002;2LA403700-02;REAR NAVIGATION LIGHT;REPAIR;;;;X;X;X;X;;;;;;;;;;;;;;X;;;;;;X;;;;;;;;;;;;;;;;;;;;;;;;;;;;;;;;;;;;;;;;;;;;;;;;;;;;;;;;;;;;;;;;;;;;;;;X;;;;
2LA40370201;2LA403702-01;REAR NAVIGATION LIGHT;REPAIR;;;;X;X;X;X;X;;;;;;;;;;;;;X;;;;X;X;X;X;;;;;;;;;;;;;;;;;;;;;;;;;;;;;;;;;;;;;;;;;;;;;;;;;;;;;;;;;;;;;;;;;;;;;;X;;;;
2LA40370202;2LA403702-02;REAR NAVIGATION LIGHT;REPAIR;;;;X;X;X;X;X;;;;;;;;;;;;;X;;;;X;X;X;X;;;;;;;;;;;;;;;;;;;;;;;;;;;;;;;;;;;;;;;;;;;;;;;;;;;;;;;;;;;;;;;;;;;;;;X;;;;
2LA40536700;2LA405367-00;REAR NAVIGATION LIGHT;REPAIR;;;;X;X;X;X;X;;;;;;;;;;;;;X;;;;;;;;;;;;;;;;;;;;;;;;;;;;;;;;;;;;;;;;;;;;;;;;;;;;;;;;;;;;;;;;;;;;;;;;;;;;;X;;;;
2LA45501000;2LA455010-00;STROBE LIGHT;REPAIR;;;;X;X;X;X;X;;;;;;;;;;;;;X;;X;X;X;X;X;X;X;X;;;;;;;;;;;;;;;;;;;;;;;;;;;;;;;;;;;;;;;;;;;;;;;;;;;;;;;;;;;;;;;;;;;;X;;;;
2VA3925G1;2VA39-25G1;DAMPER, YAW;OVERHAUL;;;;X;X;X;X;X;;;X;;;;;;;;;;X;;;;;;;;;;;;;;;;;;;;;;;;;;;;;;;;;;;;;;;;;;;;;;;;;;;;;;;;;;;;;;;;;;;;;;;;;;;;;X;;;;
3001801;30-0180-1;LIGHT WING INSPECT;;REPAIR;;;X;X;;X;;;;;;;;;;;;;;;;;;;;;;;;;;;;;;;;;;;;;;;;;;;;;;;;;;;;;;;;;;;;;;;;;;;;;;;;;;;;;;;;;;;;;;X;X;;;;;X;;;
3001802;30-0180-2;LIGHT WING INSPECT;;REPAIR;;;X;X;;X;;;;;;;;;;;;;;;;;;;;;;;;;;;;;;;;;;;;;;;;;;;;;;;;;;;;;;;;;;;;;;;;;;;;;;;;;;;;;;;;;;;;;;X;X;;;;;X;;;
3001803;30-0180-3;LIGHT WING INSPECT;;REPAIR;;;X;X;;X;;;;;;;;;;;;;;;;;;;;;;;;;;;;;;;;;;;;;;;;;;;;;;;;;;;;;;;;;;;;;;;;;;;;;;;;;;;;;;;;;;;;;;X;X;;;;;X;;;
3001805;30-0180-5;LIGHT WING INSPECT;;REPAIR;;;X;X;;X;;;;;;;;;;;;;;;;;;;;;;;;;;;;;;;;;;;;;;;;;;;;;;;;;;;;;;;;;;;;;;;;;;;;;;;;;;;;;;;;;;;;;;X;X;;;;;X;;;
3001807;30-0180-7;LIGHT WING INSP LH;;REPAIR;;;X;X;;X;;;;;;;;;;;;;;;;;;;;;;;;;;;;;;;;;;;;;;;;;;;;;;;;;;;;;;;;;;;;;;;;;;;;;;;;;;;;;;;;;;;;;;X;X;;;;;X;;;
3001808;30-0180-8;LIGHT WING INSP RH;;REPAIR;;;X;X;;X;;;;;;;;;;;;;;;;;;;;;;;;;;;;;;;;;;;;;;;;;;;;;;;;;;;;;;;;;;;;;;;;;;;;;;;;;;;;;;;;;;;;;;X;X;;;;;X;;;
300301;30030-1;AC GENERATOR;;OVERHAUL;;;X;X;;X;;;;;;;X;;;;X;;;;;;;;;;;;;;;;;;;;;;;;;;;;;;;;;;;;;;;;;;;;;;;;;;;;;;;;;;;;;;;;;;;;;;;;;;;;;;;;;X;;;
300302;30030-2;AC GENERATOR;;OVERHAUL;;;X;X;;X;;;;;;;X;;;;X;;;;;;;;;;;;;;;;;;;;;;;;;;;;;;;;;;;;;;;;;;;;;;;;;;;;;;;;;;;;;;;;;;;;;;;;;;;;;;;;;X;;;
3006271;30-0627-1;NAVIG AIRCRAFT WING POSITION LIGHT;OVERHAUL;;;;X;X;X;X;X;;;;;;;;;;;;;X;X;X;X;;;;;;;;;;;;;;;;;;;;;;;;;;;;;;;;;;;;;;;;;;;;;;;;;;;;;;;;;;;;;;;;;;;;;;;;;;X;;;;
3006272;30-0627-2;NAVIG AIRCRAFT WING POSITION LIGHT;OVERHAUL;;;;X;X;X;X;X;;;;;;;;;;;;;X;X;X;X;;;;;;;;;;;;;;;;;;;;;;;;;;;;;;;;;;;;;;;;;;;;;;;;;;;;;;;;;;;;;;;;;;;;;;;;;;X;;;;
3006273;30-0627-3;NAVIG AIRCRAFT WING POSITION LIGHT;OVERHAUL;;;;X;X;X;X;X;;;;;;;;;;;;;X;X;X;X;;;;;;;;;;;;;;;;;;;;;;;;;;;;;;;;;;;;;;;;;;;;;;;;;;;;;;;;;;;;;;;;;;;;;;;;;;X;;;;
3006273M;30-0627-3M;NAVIG AIRCRAFT WING POSITION LIGHT;OVERHAUL;;;;X;X;X;X;X;;;;;;;;;;;;;X;;;;;;;;;;;;;;;;;;;;;;;;;;;;;;;;;;;;;;;;;;;;;;;;;;;;;;;;;;;;;;;;;;;;;;;;;;;;;X;;;;
3006274;30-0627-4;NAVIG AIRCRAFT WING POSITION LIGHT;OVERHAUL;;;;X;X;X;X;X;;;;;;;;;;;;;X;X;X;X;;;;;;;;;;;;;;;;;;;;;;;;;;;;;;;;;;;;;;;;;;;;;;;;;;;;;;;;;;;;;;;;;;;;;;;;;;X;;;;
3006274M;30-0627-4M;NAVIG AIRCRAFT WING POSITION LIGHT;OVERHAUL;;;;X;X;X;X;X;;;;;;;;;;;;;X;;;;;;;;;;;;;;;;;;;;;;;;;;;;;;;;;;;;;;;;;;;;;;;;;;;;;;;;;;;;;;;;;;;;;;;;;;;;;X;;;;
3006276;30-0627-6;NAVIG AIRCRAFT WING POSITION LIGHT;OVERHAUL;;;;X;X;X;X;X;;;;;;;;;;;;;X;X;X;X;;;;;;;;;;;;;;;;;;;;;;;;;;;;;;;;;;;;;;;;;;;;;;;;;;;;;;;;;;;;;;;;;;;;;;;;;;X;;;;
3008371;30-0837-1;STROBE LIGHT;REPAIR;;;;X;X;X;X;X;;;;;;;;;;;;;;;;;;;;;;;X;;;X;;;;;;;;;;;;;;;;;;;;;;;;;;;;;;;;;;;;;;;;;;;;;;;;;;;;;;;;;;;;;;;;X;;;;
30083711;30-0837-11;STROBE LIGHT;REPAIR;;;;X;X;X;X;X;;;;;;;;;;;;;;;;;;;;;;;X;;;X;;;;;;;;;;;;;;;;;;;;;;;;;;;;;;;;;;;;;;;;;;;;;;;;;;;;;;;;;;;;;;;;X;;;;
30083713;30-0837-13;STROBE LIGHT;REPAIR;;;;X;X;X;X;X;;;;;;;;;;;;;;;;;;;;;;;X;;;X;;;;;;;;;;;;;;;;;;;;;;;;;;;;;;;;;;;;;;;;;;;;;;;;;;;;;;;;;;;;;;;;X;;;;
30083715;30-0837-15;STROBE LIGHT;REPAIR;;;;X;X;X;X;X;;;;;;;;;;;;;;;;;;;;;;;X;;;X;;;;;;;;;;;;;;;;;;;;;;;;;;;;;;;;;;;;;;;;;;;;;;;;;;;;;;;;;;;;;;;;X;;;;
30083717;30-0837-17;STROBE LIGHT;REPAIR;;;;X;X;X;X;X;;;;;;;;;;;;;;;;;;;;;;;X;;;X;;;;;;;;;;;;;;;;;;;;;;;;;;;;;;;;;;;;;;;;;;;;;;;;;;;;;;;;;;;;;;;;X;;;;
30083719;30-0837-19;STROBE LIGHT;REPAIR;;;;X;X;X;X;X;;;;;;;;;;;;;;;;;;;;;;;X;;;X;;;;;;;;;;;;;;;;;;;;;;;;;;;;;;;;;;;;;;;;;;;;;;;;;;;;;;;;;;;;;;;;X;;;;
30083721;30-0837-21;STROBE LIGHT;REPAIR;;;;X;X;X;X;X;;;;;;;;;;;;;;;;;;;;;;;X;;;X;;;;;;;;;;;;;;;;;;;;;;;;;;;;;;;;;;;;;;;;;;;;;;;;;;;;;;;;;;;;;;;;X;;;;
30083723;30-0837-23;STROBE LIGHT;REPAIR;;;;X;X;X;X;X;;;;;;;;;;;;;;;;;;;;;;;X;;;X;;;;;;;;;;;;;;;;;;;;;;;;;;;;;;;;;;;;;;;;;;;;;;;;;;;;;;;;;;;;;;;;X;;;;
30083725;30-0837-25;STROBE LIGHT;REPAIR;;;;X;X;X;X;X;;;;;;;;;;;;;;;;;;;;;;;X;;;X;;;;;;;;;;;;;;;;;;;;;;;;;;;;;;;;;;;;;;;;;;;;;;;;;;;;;;;;;;;;;;;;X;;;;
30083727;30-0837-27;STROBE LIGHT;REPAIR;;;;X;X;X;X;X;;;;;;;;;;;;;;;;;;;;;;;X;;;X;;;;;;;;;;;;;;;;;;;;;;;;;;;;;;;;;;;;;;;;;;;;;;;;;;;;;;;;;;;;;;;;X;;;;
30083729;30-0837-29;STROBE LIGHT;REPAIR;;;;X;X;X;X;X;;;;;;;;;;;;;;;;;;;;;;;X;;;X;;;;;;;;;;;;;;;;;;;;;;;;;;;;;;;;;;;;;;;;;;;;;;;;;;;;;;;;;;;;;;;;X;;;;
3008373;30-0837-3;STROBE LIGHT;REPAIR;;;;X;X;X;X;X;;;;;;;;;;;;;;;;;;;;;;;X;;;X;;;;;;;;;;;;;;;;;;;;;;;;;;;;;;;;;;;;;;;;;;;;;;;;;;;;;;;;;;;;;;;;X;;;;
30083731;30-0837-31;STROBE LIGHT;REPAIR;;;;X;X;X;X;X;;;;;;;;;;;;;;;;;;;;;;;X;;;X;;;;;;;;;;;;;;;;;;;;;;;;;;;;;;;;;;;;;;;;;;;;;;;;;;;;;;;;;;;;;;;;X;;;;
30083733;30-0837-33;STROBE LIGHT;REPAIR;;;;X;X;X;X;X;;;;;;;;;;;;;;;;;;;;;;;X;;;X;;;;;;;;;;;;;;;;;;;;;;;;;;;;;;;;;;;;;;;;;;;;;;;;;;;;;;;;;;;;;;;;X;;;;
30083735;30-0837-35;STROBE LIGHT;REPAIR;;;;X;X;X;X;X;;;;;;;;;;;;;;;;;;;;;;;X;;;X;;;;;;;;;;;;;;;;;;;;;;;;;;;;;;;;;;;;;;;;;;;;;;;;;;;;;;;;;;;;;;;;X;;;;
30083737;30-0837-37;STROBE LIGHT;REPAIR;;;;X;X;X;X;X;;;;;;;;;;;;;;;;;;;;;;;X;;;X;;;;;;;;;;;;;;;;;;;;;;;;;;;;;;;;;;;;;;;;;;;;;;;;;;;;;;;;;;;;;;;;X;;;;
30083739;30-0837-39;STROBE LIGHT;REPAIR;;;;X;X;X;X;X;;;;;;;;;;;;;;;;;;;;;;;X;;;X;;;;;;;;;;;;;;;;;;;;;;;;;;;;;;;;;;;;;;;;;;;;;;;;;;;;;;;;;;;;;;;;X;;;;
30083741;30-0837-41;STROBE LIGHT;REPAIR;;;;X;X;X;X;X;;;;;;;;;;;;;;;;;;;;;;;X;;;X;;;;;;;;;;;;;;;;;;;;;;;;;;;;;;;;;;;;;;;;;;;;;;;;;;;;;;;;;;;;;;;;X;;;;
30083743;30-0837-43;STROBE LIGHT;REPAIR;;;;X;X;X;X;X;;;;;;;;;;;;;;;;;;;;;;;X;;;X;;;;;;;;;;;;;;;;;;;;;;;;;;;;;;;;;;;;;;;;;;;;;;;;;;;;;;;;;;;;;;;;X;;;;
30083745;30-0837-45;STROBE LIGHT;REPAIR;;;;X;X;X;X;X;;;;;;;;;;;;;;;;;;;;;;;X;;;X;;;;;;;;;;;;;;;;;;;;;;;;;;;;;;;;;;;;;;;;;;;;;;;;;;;;;;;;;;;;;;;;X;;;;
30083747;30-0837-47;STROBE LIGHT;REPAIR;;;;X;X;X;X;X;;;;;;;;;;;;;;;;;;;;;;;X;;;X;;;;;;;;;;;;;;;;;;;;;;;;;;;;;;;;;;;;;;;;;;;;;;;;;;;;;;;;;;;;;;;;X;;;;
3008375;30-0837-5;STROBE LIGHT;REPAIR;;;;X;X;X;X;X;;;;;;;;;;;;;;;;;;;;;;;X;;;X;;;;;;;;;;;;;;;;;;;;;;;;;;;;;;;;;;;;;;;;;;;;;;;;;;;;;;;;;;;;;;;;X;;;;
3008377;30-0837-7;STROBE LIGHT;REPAIR;;;;X;X;X;X;X;;;;;;;;;;;;;;;;;;;;;;;X;;;X;;;;;;;;;;;;;;;;;;;;;;;;;;;;;;;;;;;;;;;;;;;;;;;;;;;;;;;;;;;;;;;;X;;;;
3008379;30-0837-9;STROBE LIGHT;REPAIR;;;;X;X;X;X;X;;;;;;;;;;;;;;;;;;;;;;;X;;;X;;;;;;;;;;;;;;;;;;;;;;;;;;;;;;;;;;;;;;;;;;;;;;;;;;;;;;;;;;;;;;;;X;;;;
30086010;30086-010;GENERATOR;;REPAIR;;DNR;X;X;;;;;;;;;;;;;;;;;;;;;;;;;;;;;;;;;;;;;;;;;;;;X;;;;X;X;;;;;;;;;;;;;;;;;;;;;;;;;;;;;;;;;;;;;;;;;;;;;X;;;
30086011;30086-011;GENERATOR ASSY;;OVERHAUL;;DNR;X;X;;X;;;;;;;;;;;;;;;;;;;;;;;;;;;;;;;;;;;;;;;;;;X;;;;X;X;;;;;;;;;;;;;;;;;;;;;;;;;;;;;;;;;;;;;;;;;;;;;X;;;
3008811;30-0881-1;LIGHT, ANTICOLLISION STROBE;REPAIR;;;;X;X;X;X;X;;;;;;;;;;;;;X;X;;;;;;;;;;;;;;;;;;;;;;;;;;;;;;;;;;;;;;;;;;;;;;;;;;;;;;;;;;;;;;;;;;;;;;;;;;;;X;;;;
3008813;30-0881-3;LIGHT, ANTICOLLISION STROBE;REPAIR;;;;X;X;X;X;X;;;;;;;;;;;;;X;X;X;X;;;;;;;;;;;;;;;;;;;;;;;;;;;;;;;;;;;;;;;;;;;;;;;;;;;;;;;;;;;;;;;;;;;;;;;;;;X;;;;
3008815;30-0881-5;LIGHT, ANTICOLLISION STROBE;REPAIR;;;;X;X;X;X;X;;;;;;;;;;;;;X;;;;;;;;;;;;;;;;;;;;;;;;;;;;;;;;;;;;;;;;;;;;;;;;;;;;;;;;;;;;;;;;;;;;;;;;;;;;;X;;;;
3008817;30-0881-7;LIGHT, ANTICOLLISION STROBE;REPAIR;;;;X;X;X;X;X;;;;;;;;;;;;;X;;;;;;;;;;;;;;;;;;;;;;;;;;;;;;;;;;;;;;;;;;;;;;;;;;;;;;;;;;;;;;;;;;;;;;;;;;;;;X;;;;
3009091;30-0909-1;TAIL STROBE LIGHT;;REPAIR;;DNR;X;X;;X;;;;;;;;;;;;;;;;;;;;;;;;X;;;X;;;;;;;;;;;;;;;;;;;;;;;;;;;;;;;;;;;;;;;;;;;;;;;;;;;;;;;;;;;;;;;;;X;;;
300909101;30-0909-101;TAIL STROBE LIGHT;;REPAIR;;DNR;X;X;;X;;;;;;;;;;;;;;;;;;;;;;;;X;;;X;;;;;;;;;;;;;;;;;;;;;;;;;;;;;;;;;;;;;;;;;;;;;;;;;;;;;;;;;;;;;;;;;X;;;
300909201;30-0909-201;TAIL STROBE LIGHT;;REPAIR;;DNR;X;X;;X;;;;;;;;;;;;;;;;;;;;;;;;X;;;X;;;;;;;;;;;;;;;;;;;;;;;;;;;;;;;;;;;;;;;;;;;;;;;;;;;;;;;;;;;;;;;;;X;;;
3010002216;30100022-16;EXTNGSHR DUSTBIN;;TEST;;;X;X;;X;;;;;;;;;;;;;;;;;;;;;;;;;;;;;;;;;;;;;;;;;;;;;;;;;;;;;;;;;;;;;;;;;;;;;;;;;;;;;;;;;;;;;;X;X;;;;;X;;;
3010002220;30100022-20;EXTINGUISHER;;TEST;;;X;X;;X;;;;;;;;;;;;;;;;;;;;;;;;;;;;;;;;;;;;;;;;;;;;;;;;;;;;;;;;;;;;;;;;;;;;;;;;;;;;;;;;;;;;;;X;X;;;;;X;;;
301000223;30100022-3;LAVATORY FIRE EXTINGUISHER;;TEST;;;X;X;;X;;;;;;;;;;;;;;;;;;;;;;;;X;;;X;;;;;;;;;;;;;;;;;;;;;;;;;;;;;;;;;;;;;;;;;;;;;;;;;;;;;;;;;;;;;;;;;X;;;
3010002233;30100022-33;EXTINGUISHER;;TEST;;;X;X;;X;;;;;;;;;;;;;;;;;;;;;;;;;;;;;;;;;;;;;;;;;;;;;;;;;;;;;;;;;;;;;;;;;;;;;;;;;;;;;;X;;;;;;;;;;;;;;X;;;
301000224;30100022-4;LAVATORY EXTINGUISHER;;TEST;;;X;X;;X;;;;;;;;;;;;;;;;;;;;;;;;;;;;;;;;;;;;X;X;;;;;;;;;;;;;;;;;;;;;;;;;;;;;;;;;;;;;;;;;;;;;;;;;;;;;;;X;;;
301000226;30100022-6;EXTINGUISHER DUSTBIN;;TEST;;;X;X;;;;;;;;;;;;;;;;;;;;;;;;;;;;;;;;;;;;;;;;;;;;;;;;;;;;;;;;;;;;;;;;;;;;;;;;;;;;;;;;;;;;;;;;X;;;X;;;X;;;
30100043;30100043;EXTINGUISHER;;OVERHAUL;;;X;X;;X;;;;;;;;;;;;;;;;;;;;;;;;;;;;;;;;;;;;;;;;;;;;;;;;;;;;;;;;;;;;;;;;;;;;;;;;;;;;;;X;;;;;;;;;;;;;;X;;;
301000506;30100050-6;APU FIRE EXTINGUISHING BOTTLE;;TEST;;;X;X;;;;;;;;;;;;;;;;;;;;;;;;;;;;;;;;;;;;;;;;;;;;X;;;;;X;;;;;;;;;;;;;;;;;;;;;;;;;;;;;;;;;;;;;;;;;;;;;X;;;
30103349;30-1033-49;FEU ANTICOLLISION;;REPAIR;;;X;X;;;;;;;;;;;;;;;;;;;;;;;;;;;;;;;;;;;;;;;;;;;;;;;;;;;;;;;;;;;;;;;;;;;;;;;;;X;X;;;;;;X;;;;;;;;;;;;;;X;;;
30103357;30-1033-57;FEU ANTICOLLISION;;REPAIR;;;X;X;;;;;;;;;;;;;;;;;;;;;;;;;;;;;;;;;;;;;;;;;;;;;;;;;;;;;;;;;;;;;;;;;;;;;;;;;X;X;;;;;;X;;;;;;;;;;;;;;X;;;
30103361;30-1033-61;LIGHT;;REPAIR;;DNR;X;X;;;;;;;;;;;;;;;;;;;;;;;;;;;;;;;;;;;;;;;;;;;;X;;;;X;X;;;;;;;;;;;;;;;;;;;;;;;;;;;;;;;;;;;;;;;;;;;;;X;;;
30103363;30-1033-63;STROBE LIGHT LOWER;;REPAIR;;DNR;X;X;;;;;;;;;;;;;;;;;;;;;;;;;;;;;;;;;;;;;;;;;;;;X;;;;X;X;;;;;;;;;;;;;;;;;;;;;;;;;;;;;;;;;;;;;;;;;;;;;X;;;
3011004A;301-1004A;EMERGENCY POWER SUPPLY;;REPAIR;;;X;X;;;;;;;;;;;;;;;;;;;;;;;;;;;;;;;;;;;;;;X;X;;;;;;;;;;;;;;;;;;;;;;;;;;;;;;;;;;;;;;;;;;;;;;;;;;;;;;;X;;;
3011081;30-1108-1;ROTATING;;REPAIR;;DNR;X;X;;X;;;;;;;;;;;;;;;;;;;;;;;;;;;;;;;;;;;;;;;;;;;;;;;;;;;;;;;;;;;;;;;;;;;;;;;;;;;;;;;;;;;;;;X;;;X;;;X;;;
30110811;30-1108-11;ROTATING INF/SUP;;REPAIR;;DNR;X;X;;X;;;;;;;;;;;;;;;;;;;;;;;;;;;;;;;;;;;;;;;;;;;;;;;;;;;;;;;;;;;;;;;;;;;;;;;;;;;;;;;;;;;;;;X;X;;;;;X;;;
3011089;30-1108-9;ROTATING;;REPAIR;;DNR;X;X;;X;;;;;;;;;;;;;;;;;;;;;;;;;;;;;;;;;;;;;;;;;;;;;;;;;;;;;;;;;;;;;;;;;;;;;;;;;;;;;;;;;;;;;;X;;;X;;;X;;;
3011151;301-1151;BATTERY STORAGE;;REPAIR;;DNR;X;X;;X;;;;;;;;;;;;;;;;;;;;;;;;;;;;;;;;; ; ;;X;X;;;;;;;;;;;;;;;;;;;;;;;;;;;;;;;;;;;;;;;;;;;;;;;;;;;;;;;X;; ;
3011180;301-1180;EMERGENCY POWER SUPPLY;;REPAIR;;;X;X;;X;;;;;;;;;;;;;;;;;;;;;;;;;;;;;;;;;;;;X;X;;;;;;;;;;;;;;;;;;;;;;;;;;;;;;;;;;;;;;;;;;;;;;;;;;;;;;;X;;;
3011180A;301-1180A;EMERGENCY POWER SUPPLY;;REPAIR;;;X;X;;X;;;;;;;;;;;;;;;;;;;;;;;;;;;;;;;;;;;;X;X;;;;;;;;;;;;;;;;;;;;;;;;;;;;;;;;;;;;;;;;;;;;;;;;;;;;;;;X;;;
3011185;301-1185;EMERGENCY POWER SUPPLY;;REPAIR;;;X;X;;X;;;;;;;;;;;;;;;;;;;;;;;;;;;;;;;;;;;;X;X;;;;;;;;;;;;;;;;;;;;;;;;;;;;;;;;;;;;;;;;;;;;;;;;;;;;;;;X;;;
3011185A;301-1185A;EMERGENCY POWER SUPPLY;;REPAIR;;;X;X;;X;;;;;;;;;;;;;;;;;;;;;;;;;;;;;;;;;;;;X;X;;;;;;;;;;;;;;;;;;;;;;;;;;;;;;;;;;;;;;;;;;;;;;;;;;;;;;;X;;;
3011206;301-1206;FLOOD LIGHT;;REPAIR;;;X;X;;X;;;;;;;;;;;;;;;;;;;;;;;;;;;;;;;;;;;;X;X;;;;;;;;;;;;;;;;;;;;;;;;;;;;;;;;;;;;;;;;;;;;;;;;;;;;;;;X;;;
3011206A;301-1206A;FLOOD LIGHT;;REPAIR;;;X;X;;;;;;;;;;;;;;;;;;;;;;;;;;;;;;;;;;;;;;X;X;;;;;;;;;;;;;;;;;;;;;;;;;;;;;;;;;;;;;;;;;;;;;;;;;;;;;;;X;;;
3011210;301-1210;PAX DOOR EMER LIGHT;;REPAIR;;;X;X;X;X;;;;;;;;;;;;;;;;;;;;;;;;;;;;;;;;;;;;X;X;;;;;;;;;;;;;;;;;;;;;;;;;;;;;;;;;;;;;;;;;;;;;;;;;;;;;;;X;;;
30117721;30117721;MOTOR ASSY;OVERHAUL;;;;X;X;X;X;X;;;;;;X;;;;X;X;;;;;;;;;;;;;;;;;;;;;;;;;;;;;;;;;;;;;;;;;;;;;;;;;;;;;;;;;;;;;;;;;;;;;;;;;;;;;;;X;;;;
3012000;301-2000;POWER SUPPLY;;OVERHAUL;;;X;X;;X;X;;;;;;;;;;;;;;;;;;;;;;;;;;;;;;;;;;;X;;;;X;;;;;;;;;;;;;;;;;;;;;;;;;;;;;;;;;;;;;;;;;;;;;;;;;;;;X;;;
3012001;301-2001;BATTERY EQUIPPED;;REPAIR;;;X;X;;X;;;;;;;;;;;;;;;;;;;;;;;;;;;;;;;;;;;;X;X;;;;;;;;;;;;;;;;;;;;;;;;;;;;;;;;;;;;;;;;;;;;;;;;;;;;;;;X;;;
3012600;301-2600;FLIGHT ATTENDANT PANEL;;REPAIR;;;X;X;;X;;;;;;;;;;;;;;;;;;;;;;;;;;;;;;;;;;;;X;X;;;;;;;;;;;;;;;;;;;;;;;;;;;;;;;;;;;;;;;;;;;;;;;;;;;;;;;X;;;
3012630;301-2630;FLIGHT ATTENDANT PANEL;;REPAIR;;;X;X;;X;;;;;;;;;;;;;;;;;;;;;;;;;;;;;;;;;;;;X;X;;;;;;;;;;;;;;;;;;;;;;;;;;;;;;;;;;;;;;;;;;;;;;;;;;;;;;;X;;;
3012640;301-2640;FLIGHT ATTENDANT PANEL;;REPAIR;;;X;X;;X;;;;;;;;;;;;;;;;;;;;;;;;;;;;;;;;;;;;X;X;;;;;;;;;;;;;;;;;;;;;;;;;;;;;;;;;;;;;;;;;;;;;;;;;;;;;;;X;;;
3012642;301-2642;FLIGHT ATTENDANT PANEL;;REPAIR;;;X;X;;X;;;;;;;;;;;;;;;;;;;;;;;;;;;;;;;;;;;;X;X;;;;;;;;;;;;;;;;;;;;;;;;;;;;;;;;;;;;;;;;;;;;;;;;;;;;;;;X;;;
3012714;301-2714;FLIGHT ATTENDANT PANEL;;REPAIR;;;X;X;;X;;;;;;;;;;;;;;;;;;;;;;;;;;;;;;;;;;;;X;X;;;;;;;;;;;;;;;;;;;;;;;;;;;;;;;;;;;;;;;;;;;;;;;;;;;;;;;X;;;
3012715;301-2715;FLIGHT ATTENDANT PANEL;;REPAIR;;;X;X;;X;;;;;;;;;;;;;;;;;;;;;;;;;;;;;;;;;;;;X;X;;;;;;;;;;;;;;;;;;;;;;;;;;;;;;;;;;;;;;;;;;;;;;;;;;;;;;;X;;;
3012800;301-2800;PASSENGER SERVICE UNIT;;REPAIR;;;X;X;X;X;X;;;;;;;;;;;;;;;;;;;;;;;;;;;;;;;;;;;X; ;;;X;;;;;;;;;;;;;;;;;;;;;;;;;;;;;;;;;;;;;;;;;;;;;;;;;;;;X;;;
3013000;301-3000;POWER SUPPLY;;REPAIR;;;X;X;;X;X;;;;;;;;;;;;;;;;;;;;;;;;;;;;;;;;;;;X;X;;;;;;;;;;;;;;;;;;;;;;;;;;;;;;;;;;;;;;;;;;;;;;;;;;;;;;;X;;;
3013017;301-3017;BATTERY EQUIPPED;;REPAIR;;;X;X;;X;X;;;;;;;;;;;;;;;;;;;;;;;;;;;;;;;;;;;X;X;;;;;;;;;;;;;;;;;;;;;;;;;;;;;;;;;;;;;;;;;;;;;;;;;;;;;;;X;;;
3013017A;301-3017A;BATTERY EQUIPPED;;REPAIR;;;X;X;;X;X;;;;;;;;;;;;;;;;;;;;;;;;;;;;;;;;;;;X;X;X;X;X;;;;;;;;;;;;;;;;;;;;;;;;;;;;;;;;;;;;;;;;;;;;;;;;;;;;X;;;
3013017B;301-3017B;BATTERY EQUIPPED;;REPAIR;;;X;X;;X;X;;;;;;;;;;;;;;;;;;;;;;;;;;;;;;;;;;;X;X;X;X;X;;;;;;;;;;;;;;;;;;;;;;;;;;;;;;;;;;;;;;;;;;;;;;;;;;;;X;;;
3013100;301-3100;EMERGENCY POWER SUPPLY;;REPAIR;;;X;X;;X;X;;;;;;;;;;;;;;;;;;;;;;;;;;;;;;;;;;;X;;X;;;;;;;;;;;;;;;;;;;;;;;;;;;;;;;;;;;;;;;;;;;;;;;;;;;;;;X;;;
301325000;301-3250-00;FLIGHT ATTENDANT PANEL;;REPAIR;;;X;X;;X;;;;;;;;;;;;;;;;;;;;;;;;;;;;;;;;;;;;X;X;;;;;;;;;;;;;;;;;;;;;;;;;;;;;;;;;;;;;;;;;;;;;;;;;;;;;;;X;;;
30140113;30-1401-13;ROTATING;;REPAIR;;DNR;X;X;;X;;;;;;;;;;;;;;;;;;;;;;;;;;;;;;;;;;;;;;;;;;X;;;;X;X;;;;;;;;;;;;;;;;;;;;;;;;;;;;;;;X;;;;;;;;;;;;;;X;;;
3014013;30-1401-3;ROTATING;;REPAIR;;DNR;X;X;;X;;;;;;;;;;;;;;;;;;;;;;;;;;;;;;;;;;;;;;;;;;X;;;;X;X;;;;;;;;;;;;;;;;;;;;;;;;;;;;;;;X;;;;;;;;;;;;;;X;;;
3018833;30-1883-3;WING AND NACELLE INSPECTION FLOODLIGHT;REPAIR;;;;X;X;X;X;X;;;;;;;;;;;;;X;;;;X;X;X;X;;;;;;;;;;;;;;;;;;;;;;;;;;;;;;;;;;;;;;;;;;;;;;;;;;;;;;;;;;;;;;;;;;;;;;X;;;;
3018834;30-1883-4;WING AND NACELLE INSPECTION FLOODLIGHT;REPAIR;;;;X;X;X;X;X;;;;;;;;;;;;;X;;;;X;X;X;X;;;;;;;;;;;;;;;;;;;;;;;;;;;;;;;;;;;;;;;;;;;;;;;;;;;;;;;;;;;;;;;;;;;;;;X;;;;
3018835;30-1883-5;WING AND NACELLE INSPECTION FLOODLIGHT;REPAIR;;;;X;X;X;X;X;;;;;;;;;;;;;X;;;;X;X;X;X;;;;;;;;;;;;;;;;;;;;;;;;;;;;;;;;;;;;;;;;;;;;;;;;;;;;;;;;;;;;;;;;;;;;;;X;;;;
3018836;30-1883-6;WING AND NACELLE INSPECTION FLOODLIGHT;REPAIR;;;;X;X;X;X;X;;;;;;;;;;;;;X;;;;X;X;X;X;;;;;;;;;;;;;;;;;;;;;;;;;;;;;;;;;;;;;;;;;;;;;;;;;;;;;;;;;;;;;;;;;;;;;;X;;;;
30195100;30195-100;PUMP, HAND;OVERHAUL;;;;X;X;X;X;X;;;;;;;;;;;;;X;X;X;X;;;;;;;;;;;;;;;;;;;;;;;;;;;;;;;;;;;;;;;;;;;;;;;;;;;;;;;;;;;;;;;;;;;;;;;;;;X;;;;
3026751;30-2675-1;STROBE LIGHT UPPER RED;;REPAIR;;DNR;X;X;;X;;;;;;;;;;;;;;;;;;;;;;;;;;;;;;;;;;;;;;;;;;X;;;;X;X;;;;;;;;;;;;;;;;;;;;;;;;;;;;;;;;;;;;;;;;;;;;;X;;;
3026761;30-2676-1;STROBE LIGHT;;REPAIR;;DNR;X;X;;X;;;;;;;;;;;;;;;;;;;;;;;;;;;;;;;;;;;;;;;;;;X;;;;X;X;;;;;;;;;;;;;;;;;;;;;;;;;;;;;;;;;;;;;;;;;;;;;X;;;
30304100;30304-100;SERVO CONTROL,;OVERHAUL;;;;X;X;X;X;X;;;X;;;X;;X;;;;;;;;;;;;;;;;;;;;;;;;;;;;;;;;;;;;;;;;;;;;;;;;;;;;;;;;;;;;;;;;;;;;;;;;;;;;;;;;;;X;;;;
3031863001;3031863-001;VARIABLE DISPLACEMENT HYDRAULIC PUMP;OVERHAUL;;;;X;X;X;X;X;;;;;;;;;;;;;X;;X;X;X;X;X;X;;;;;;;;;;;;;;;;;;;;;;;;;;;;;;;;;;;;;;;;;;;;;;;;;;;;;;;;;;;;;;;;;;;;;;X;;;;
3037785;3037785;BRAKE, PROPELLER;OVERHAUL;;;;X;X;X;X;X;;;;;;;;;;;;;;;;;;;;;;;;;;;;;;;;;;;X;;;;;;;;;;;;;;;;;;;;;;;;;;;;;;;;;;;;;;;;;;;;;;;;;;;;;;;X;;;;
3038240;3038240;BRAKE, PROPELLER;OVERHAUL;;;;X;X;X;X;X;;;;;;;;;;;;;;;;;;;;;;;;;;;;;;;;;;;X;;;;;;;;;;;;;;;;;;;;;;;;;;;;;;;;;;;;;;;;;;;;;;;;;;;;;;;X;;;;
303BA01Y01;303BA01Y01;MAIN WARNING PANEL;REPAIR;;;;X;X;X;X;X;;;;;;X;;;;X;X;;;;;;;;;;;;;;;;;;;;;;;;;;;;;;;;;;;;;;;;;;;;;;;;;;;;;;;;;;;;;;;;;;;;;;;;;;;;;;;X;;;;
30475002;30475-002;BATTERY;;OVERHAUL;;;X;X;;;;;;;;;;;;;;;;;;;;;;;;;;X;;;;;;;;;;X;;;;;;;;;;;;;;;;;;;;;;;;;;;;;;;;;;;;;;;;;;;;;;;;;;;;;;;;;;X;;;
30501510;30501-510;ALL SPEED SERVOCONTROL;OVERHAUL;;;;X;X;X;X;X;;;X;;;;;;;;;;X;X;;X;;;;;;;;;;;;;;;;;;;;;;;;;;;;;;;;;;;;;;;;;;;;;;;;;;;;;;;;;;;;;;;;;;;;;;;;;;X;;;;
30501550;30501-550;ALL SPEED SERVOCONTROL;OVERHAUL;;;;X;X;X;X;X;;;X;;;;;;;;;;X;X;;X;;;;;;;;;;;;;;;;;;;;;;;;;;;;;;;;;;;;;;;;;;;;;;;;;;;;;;;;;;;;;;;;;;;;;;;;;;X;;;;
30501630;30501-630;ALL SPEED SERVOCONTROL;OVERHAUL;;;;X;X;X;X;X;;;X;;;;;;;;;;X;X;;X;;;;;;;;;;;;;;;;;;;;;;;;;;;;;;;;;;;;;;;;;;;;;;;;;;;;;;;;;;;;;;;;;;;;;;;;;;X;;;;
30501650;30501-650;ALL SPEED SERVOCONTROL;OVERHAUL;;;;X;X;X;X;X;;;X;;;;;;;;;;X;X;;X;;;;;;;;;;;;;;;;;;;;;;;;;;;;;;;;;;;;;;;;;;;;;;;;;;;;;;;;;;;;;;;;;;;;;;;;;;X;;;;
30502510;30502-510;SERVO CONTROL, LOW SPEED;OVERHAUL;;;;X;X;X;X;X;;;;;;;;;;;;;X;X;;;;;;;;;;;;;;;;;;;;;;;;;;;;;;;;;;;;;;;;;;;;;;;;;;;;;;;;;;;;;;;;;;;;;;;;;;;;X;;;;
30502630;30502-630;SERVO CONTROL, LOW SPEED;OVERHAUL;;;;X;X;X;X;X;;;;;;;;;;;;;X;;;;;;;;;;;;;;;;;;;;;;;;;;;;;;;;;;;;;;;;;;;;;;;;;;;;;;;;;;;;;;;;;;;;;;;;;;;;;X;;;;
30503310;30503-310;SERVO-CONTROL, RUDDER;OVERHAUL;;;;X;X;X;X;X;;;;;;;;;;;;;X;X;X;X;;;;;;;;;;;;;;;;;;;;;;;;;;;;;;;;;;;;;;;;;;;;;;;;;;;;;;;;;;;;;;;;;;;;;;;;;;X;;;;
30503350;30503-350;SERVO-CONTROL, RUDDER;OVERHAUL;;;;X;X;X;X;X;;;;;;;;;;;;;X;X;X;X;;;;;;;;;;;;;;;;;;;;;;;;;;;;;;;;;;;;;;;;;;;;;;;;;;;;;;;;;;;;;;;;;;;;;;;;;;X;;;;
30503630;30503-630;SERVO-CONTROL, RUDDER;OVERHAUL;;;;X;X;X;X;X;;;;;;;;;;;;;X;X;X;X;;;;;;;;;;;;;;;;;;;;;;;;;;;;;;;;;;;;;;;;;;;;;;;;;;;;;;;;;;;;;;;;;;;;;;;;;;X;;;;
30503650;30503-650;SERVO-CONTROL, RUDDER;OVERHAUL;;;;X;X;X;X;X;;;;;;;;;;;;;X;X;X;X;;;;;;;;;;;;;;;;;;;;;;;;;;;;;;;;;;;;;;;;;;;;;;;;;;;;;;;;;;;;;;;;;;;;;;;;;;X;;;;
30504310;30504-310;SERVO CONTROL, PITCH;OVERHAUL;;;;X;X;X;X;X;;;;;;;;;;;;;X;X;X;X;;;;;;;;;;;;;;;;;;;;;;;;;;;;;;;;;;;;;;;;;;;;;;;;;;;;;;;;;;;;;;;;;;;;;;;;;;X;;;;
30504350;30504-350;SERVO CONTROL, PITCH;OVERHAUL;;;;X;X;X;X;X;;;;;;;;;;;;;X;X;X;X;;;;;;;;;;;;;;;;;;;;;;;;;;;;;;;;;;;;;;;;;;;;;;;;;;;;;;;;;;;;;;;;;;;;;;;;;;X;;;;
30504630;30504-630;SERVO CONTROL, PITCH;OVERHAUL;;;;X;X;X;X;X;;;;;;;;;;;;;X;X;X;X;;;;;;;;;;;;;;;;;;;;;;;;;;;;;;;;;;;;;;;;;;;;;;;;;;;;;;;;;;;;;;;;;;;;;;;;;;X;;;;
30504650;30504-650;SERVO CONTROL, PITCH;OVERHAUL;;;;X;X;X;X;X;;;;;;;;;;;;;X;X;X;X;;;;;;;;;;;;;;;;;;;;;;;;;;;;;;;;;;;;;;;;;;;;;;;;;;;;;;;;;;;;;;;;;;;;;;;;;;X;;;;
30505411;30505-411;SERVOCONTROL-SPOILER AND AIR BRAKE;OVERHAUL;;;;X;X;X;X;X;;;;;;;;;;;;;X;X;;;;;;;;;;;;;;;;;;;;;;;;;;;;;;;;;;;;;;;;;;;;;;;;;;;;;;;;;;;;;;;;;;;;;;;;;;;;X;;;;
30505450;30505-450;SERVOCONTROL-SPOILER AND AIR BRAKE;OVERHAUL;;;;X;X;X;X;X;;;;;;;;;;;;;X;X;;;;;;;;;;;;;;;;;;;;;;;;;;;;;;;;;;;;;;;;;;;;;;;;;;;;;;;;;;;;;;;;;;;;;;;;;;;;X;;;;
30513124;30513-124;AUTO-PILOT SERVO-MOTOR;OVERHAUL;;;;X;X;X;X;X;;;X;;;;;;;;;;X;X;;;;;;;;;;;;;;;;;;;;;;;;;;;;;;;;;;;;;;;;;;;;;;;;;;;;;;;;;;;;;;;;;;;;;;;;;;;;X;;;;
30513125;30513-125;AUTO-PILOT SERVO-MOTOR;OVERHAUL;;;;X;X;X;X;X;;;X;;;;;;;;;;X;X;;;;;;;;;;;;;;;;;;;;;;;;;;;;;;;;;;;;;;;;;;;;;;;;;;;;;;;;;;;;;;;;;;;;;;;;;;;;X;;;;
30513126;30513-126;AUTO-PILOT SERVO-MOTOR;OVERHAUL;;;;X;X;X;X;X;;;X;;;;;;;;;;X;;X;X;;;;;;;;;;;;;;;;;;;;;;;;;;;;;;;;;;;;;;;;;;;;;;;;;;;;;;;;;;;;;;;;;;;;;;;;;;X;;;;
30513136;30513-136;AUTO-PILOT SERVO-MOTOR;OVERHAUL;;;;X;X;X;X;X;;;X;;;;;;;;;;X;X;X;X;;;;;;;;;;;;;;;;;;;;;;;;;;;;;;;;;;;;;;;;;;;;;;;;;;;;;;;;;;;;;;;;;;;;;;;;;;X;;;;
30513224;30513-224;SERVO MOTOR-AUTOPILOT;REPAIR;;;;X;X;X;X;X;;;;;;;;;;;;;X;X;X;X;;;;;;;;;;;;;;;;;;;;;;;;;;;;;;;;;;;;;;;;;;;;;;;;;;;;;;;;;;;;;;;;;;;;;;;;;;X;;;;
30513225;30513-225;SERVO MOTOR-AUTOPILOT;REPAIR;;;;X;X;X;X;X;;;;;;;;;;;;;X;X;X;X;;;;;;;;;;;;;;;;;;;;;;;;;;;;;;;;;;;;;;;;;;;;;;;;;;;;;;;;;;;;;;;;;;;;;;;;;;X;;;;
30513226;30513-226;SERVO MOTOR-AUTOPILOT;REPAIR;;;;X;X;X;X;X;;;;;;;;;;;;;X;X;X;X;;;;;;;;;;;;;;;;;;;;;;;;;;;;;;;;;;;;;;;;;;;;;;;;;;;;;;;;;;;;;;;;;;;;;;;;;;X;;;;
30513236;30513-236;SERVO MOTOR-AUTOPILOT;REPAIR;;;;X;X;X;X;X;;;;;;;;;;;;;X;X;X;X;;;;;;;;;;;;;;;;;;;;;;;;;;;;;;;;;;;;;;;;;;;;;;;;;;;;;;;;;;;;;;;;;;;;;;;;;;X;;;;
30514100;30514-100;JACK, CARGO DOOR;OVERHAUL;;;;X;X;X;X;X;;;;;;;;;;;;;X;X;;;;;;;;;;;;;;;;;;;;;;;;;;;;;;;;;;;;;;;;;;;;;;;;;;;;;;;;;;;;;;;;;;;;;;;;;;;;X;;;;
30514101;30514-101;JACK, CARGO DOOR;OVERHAUL;;;;X;X;X;X;X;;;;;;;;;;;;;X;X;;;;;;;;;;;;;;;;;;;;;;;;;;;;;;;;;;;;;;;;;;;;;;;;;;;;;;;;;;;;;;;;;;;;;;;;;;;;X;;;;
30514110;30514-110;JACK, CARGO DOOR;OVERHAUL;;;;X;X;X;X;X;;;;;;;;;;;;;X;X;;;;;;;;;;;;;;;;;;;;;;;;;;;;;;;;;;;;;;;;;;;;;;;;;;;;;;;;;;;;;;;;;;;;;;;;;;;;X;;;;
30514111;30514-111;JACK, CARGO DOOR;OVERHAUL;;;;X;X;X;X;X;;;;;;;;;;;;;X;X;X;X;;;;;;;;;;;;;;;;;;;;;;;;;;;;;;;;;;;;;;;;;;;;;;;;;;;;;;;;;;;;;;;;;;;;;;;;;;X;;;;
305500;305500;POWER OPERATED BUTTERFLY VALVE;OVERHAUL;;;;X;;;;;;;;;X;;;;;;;;;;;;;;;;;;X;;;;;;;;;;;X;;;;;;;;;;;;;;;;;;;;;;;;;;;;;;;;;;;;;;;;;;;;;;;;;;;;;;;;X;;;;
30571652;3057-165-2;INDICATOR, TEMPERATURE;REPAIR;;;;X;X;X;X;X;;;;;;X;;X;X;;;;;;;;;;;;;;;;;;;;;;;;;;;;;;;;;;;;;;;;;;;;;;;;;;;;;;;;;;;;;;;;;;;;;;;;;;;;;;;;;X;;;;
30571653;3057-165-3;INDICATOR, TEMPERATURE;REPAIR;;;;X;X;X;X;X;;;;;;X;;X;;;;;;;;;;;;;;;;;;;;;;;;;;;;;;;;;;;;;;;;;;;;;;;;;;;;;;;;;;;;;;;;;;;;;;;;;;;;;;;;;;X;;;;
30571911;3057-191-1;INDICATOR, TORQUE;REPAIR;;;;X;X;X;X;X;;;;;;X;;X;;;;;;;;;;;;;;;;;;;;;;;;;;;;;;;;;;;;;;;;;;;;;;;;;;;;;;;;;;;;;;;;;;;;;;;;;;;;;;;;;;X;;;;
30573135;3057-3-135;INDICATOR, TORQUE;REPAIR;;;;X;X;X;X;X;;;;;;X;;;X;;;;;;;;;;;;;;;;;;;;;;;;;;;;;;;;;;;;;;;;;;;;;;;;;;;;;;;;;;;;;;;;;;;;;;;;;;;;;;;;;X;;;;
30573136;3057-3-136;INDICATOR, TORQUE;REPAIR;;;;X;X;X;X;X;;;;;;X;;;X;;;;;;;;;;;;;;;;;;;;;;;;;;;;;;;;;;;;;;;;;;;;;;;;;;;;;;;;;;;;;;;;;;;;;;;;;;;;;;;;;X;;;;
30573137;3057-3-137;INDICATOR, TORQUE;REPAIR;;;;X;X;X;X;X;;;;;;X;;;X;;;;;;;;;;;;;;;;;;;;;;;;;;;;;;;;;;;;;;;;;;;;;;;;;;;;;;;;;;;;;;;;;;;;;;;;;;;;;;;;;X;;;;
3059103;3059103;SPHERICAL ACCUMULATOR ASSEMBLY;OVERHAUL;;;;X;X;X;X;X;;;X;;;;;;;;;;X;X;X;X;;;;;;;;;;;;;;;;;;;;;;;;;;;;;;;;;;;;;;;;;;;;;;;;;;;;;;;;;;;;;;;;;;;;;;;;;;X;;;;
30591031;3059103-1;SPHERICAL ACCUMULATOR ASSEMBLY;OVERHAUL;;;;X;X;X;X;X;;;X;;;;;;;;;;X;X;X;X;;;;;;;;;;;;;;;;;;;;;;;;;;;;;;;;;;;;;;;;;;;;;;;;;;;;;;;;;;;;;;;;;;;;;;;;;;X;;;;
30591032;3059103-2;SPHERICAL ACCUMULATOR ASSEMBLY;OVERHAUL;;;;X;X;X;X;X;;;X;;;;;;;;;;X;X;X;X;;;;;;;;;;;;;;;;;;;;;;;;;;;;;;;;;;;;;;;;;;;;;;;;;;;;;;;;;;;;;;;;;;;;;;;;;;X;;;;
30591038;3059103-8;SPHERICAL ACCUMULATOR ASSEMBLY;OVERHAUL;;;;X;X;X;X;X;;;X;;;;;;;;;;X;X;X;X;;;;;;;;;;;;;;;;;;;;;;;;;;;;;;;;;;;;;;;;;;;;;;;;;;;;;;;;;;;;;;;;;;;;;;;;;;X;;;;
30591039;3059103-9;SPHERICAL ACCUMULATOR ASSEMBLY;OVERHAUL;;;;X;X;X;X;X;;;X;;;;;;;;;;X;X;X;X;;;;;;;;;;;;;;;;;;;;;;;;;;;;;;;;;;;;;;;;;;;;;;;;;;;;;;;;;;;;;;;;;;;;;;;;;;X;;;;
305TA02;305TA02;VALVE, ISOLATING;OVERHAUL;;;;X;X;X;X;X;;;;;;;;;;;;;X;X;;;;;;;;;;;;;;;;;;;;;;;;;;;;;;;;;;;;;;;;;;;;;;;;;;;;;;;;;;;;;;;;;;;;;;;;;;;;X;;;;
305TA03;305TA03;VALVE, ISOLATING;OVERHAUL;;;;X;X;X;X;X;;;;;;;;;;;;;X;X;;X;;;;;;;;;;;;;;;;;;;;;;;;;;;;;;;;;;;;;;;;;;;;;;;;;;;;;;;;;;;;;;;;;;;;;;;;;;X;;;;
305TB03;305TB03;VALVE, ISOLATING;OVERHAUL;;;;X;X;X;X;X;;;;;;;;;;;;;X;X;;;;;;;;;;;;;;;;;;;;;;;;;;;;;;;;;;;;;;;;;;;;;;;;;;;;;;;;;;;;;;;;;;;;;;;;;;;;X;;;;
305TB05;305TB05;VALVE, ISOLATING;OVERHAUL;;;;X;X;X;X;X;;;;;;;;;;;;;X;X;;X;;;;;;;;;;;;;;;;;;;;;;;;;;;;;;;;;;;;;;;;;;;;;;;;;;;;;;;;;;;;;;;;;;;;;;;;;;X;;;;
305TC02;305TC02;VALVE, ISOLATING;OVERHAUL;;;;X;X;X;X;X;;;;;;;;;;;;;X;X;;;;;;;;;;;;;;;;;;;;;;;;;;;;;;;;;;;;;;;;;;;;;;;;;;;;;;;;;;;;;;;;;;;;;;;;;;;;X;;;;
305TC03;305TC03;VALVE, ISOLATING;OVERHAUL;;;;X;X;X;X;X;;;;;;;;;;;;;X;X;;X;;;;;;;;;;;;;;;;;;;;;;;;;;;;;;;;;;;;;;;;;;;;;;;;;;;;;;;;;;;;;;;;;;;;;;;;;;X;;;;
305TD01;305TD01;VALVE, ISOLATING;OVERHAUL;;;;X;X;X;X;X;;;;;;;;;;;;;X;;X;;;;;;;;;;;;;;;;;;;;;;;;;;;;;;;;;;;;;;;;;;;;;;;;;;;;;;;;;;;;;;;;;;;;;;;;;;;X;;;;
305TE01;305TE01;VALVE, ISOLATING;OVERHAUL;;;;X;X;X;X;X;;;;;;;;;;;;;X;;X;;;;;;;;;;;;;;;;;;;;;;;;;;;;;;;;;;;;;;;;;;;;;;;;;;;;;;;;;;;;;;;;;;;;;;;;;;;X;;;;
305TF01;305TF01;VALVE, ISOLATING;OVERHAUL;;;;X;X;X;X;X;;;;;;;;;;;;;X;;X;;;;;;;;;;;;;;;;;;;;;;;;;;;;;;;;;;;;;;;;;;;;;;;;;;;;;;;;;;;;;;;;;;;;;;;;;;;X;;;;
307000081;30700008-1;EXTINGUISHER CARGO;;TEST;;;X;X;;X;;;;;;;;;;;;;;;;;;;;;;;;;;;;;;;;;;;;;;;;;;;;;;;;;;;;;;;;;;;;;;;;;;;;;;;;;;;;;;;;;;;;;;X;X;;;;;X;;;
307200;307200;POWER OPERATED BUTTERFLY VALVE;OVERHAUL;;;;X;;;;;;;;;X;;;;;;;;;;;;;;;;;;X;;;;;;;;;;;X;;;;;;;;;;;;;;;;;;;;;;;;;;;;;;;;;;;;;;;;;;;;;;;;;;;;;;;;X;;;;
308125;3081-25;BALLAST UNIT;REPAIR;;;;X;X;X;X;X;;;X;;;;;;;;;;X;;X;X;;;;;;X;;;;;;;;;;;;;;;;;;;;;;;;;;;;;;;;;;;;;;;;;;;;;;;;;;;;;;;;;;;;;;;;;;;;X;;;;
308135;3081-35;BALLAST UNIT;REPAIR;;;;X;X;X;X;X;;;X;;;;;;;;;;X;;;;;;;;;;;;;;;;;;;;;;;;;;;;;;;;;;;;;;;;;;;;;;;;;;;;;;;;;;;;;;;;;;;;;;;;;;;;;X;;;;
308165;3081-65;BALLAST UNIT;REPAIR;;;;X;X;X;X;X;;;X;;;;;;;;;;X;;;;;;;;;;;;;;;;;;;;;;;;;;;;;;;;;;;;;;;;;;;;;;;;;;;;;;;;;;;;;;;;;;;;;;;;;;;;;X;;;;
30829100;30829-100;VALVE, OUTER GROUP;OVERHAUL;;;;X;X;X;X;X;;;;;;;;;;;;;X;;X;X;;;;;;;;;;;;;;;;;;;;;;;;;;;;;;;;;;;;;;;;;;;;;;;;;;;;;;;;;;;;;;;;;;;;;;;;;;X;;;;
30832110;30832-110;VALVE-INNER GROUP;OVERHAUL;;;;X;X;X;X;X;;;;;;;;;;;;;X;;X;;;;;;;;;;;;;;;;;;;;;;;;;;;;;;;;;;;;;;;;;;;;;;;;;;;;;;;;;;;;;;;;;;;;;;;;;;;X;;;;
30834;30834;VALVE-SEQUENCE;OVERHAUL;;;;X;X;X;X;X;;;;;;;;;;;;;X;X;X;X;;;;;;;;;;;;;;;;;;;;;;;;;;;;;;;;;;;;;;;;;;;;;;;;;;;;;;;;;;;;;;;;;;;;;;;;;;X;;;;
30874001;30874-001;BATTERY;;OVERHAUL;;DNR;X;X;;;;;;;;;;;;;;;;;;;;;;;;;;X;;;X;;;;;;;;;;;;;;;;;;;;;;;;;;;;;;;;;;;;;;;;;;;;;;;;;;;;;;;;;;;;;;;;;X;;;
3089000;3089-000;VALVE, SOLENOID;OVERHAUL;;;;X;X;X;X;X;;;;;;X;;;;X;X;;;;;;;;;;;;;;;;;;;;;;;;;;;;;;;;;;;;;;;;;;;;;;;;;;;;;;;;;;;;;;;;;;;;;;;;;;;;;;;X;;;;
3089100;3089-100;VALVE, SOLENOID;OVERHAUL;;;;X;X;X;X;X;;;;;;X;;;;X;X;;;;;;;;;;;;;;;;;;;;;;;;;;;;;;;;;;;;;;;;;;;;;;;;;;;;;;;;;;;;;;;;;;;;;;;;;;;;;;;X;;;;
31026010;31026-010;SERVO CONTROL, MAIN ROTOR;OVERHAUL;;;;X;X;X;X;X;;;X;;;X;;;X;;;;;;;;;;;;;;;;;;;;;;;;;;;;;;;;;;;;;;;;;;;;;;;;;;;;;;;;;;;;;;;;;;;;;;;;;;;;;;;;;X;;;;
31026110;31026-110;SERVO CONTROL, MAIN ROTOR;OVERHAUL;;;;X;X;X;X;X;;;X;;;X;;;X;;;;;;;;;;;;;;;;;;;;;;;;;;;;;;;;;;;;;;;;;;;;;;;;;;;;;;;;;;;;;;;;;;;;;;;;;;;;;;;;;X;;;;
31042030;31042-030;SERVO CONTROL, RUDDER;OVERHAUL;;;;X;X;X;X;X;;;X;;;;;;;;;;X;X;X;X;;;;;;;;;;;;;;;;;;;;;;;;;;;;;;;;;;;;;;;;;;;;;;;;;;;;;;;;;;;;;;;;;;;;;;;;;;X;;;;
31042130;31042-130;SERVO CONTROL, RUDDER;OVERHAUL;;;;X;X;X;X;X;;;X;;;;;;;;;;X;X;X;X;;;;;;;;;;;;;;;;;;;;;;;;;;;;;;;;;;;;;;;;;;;;;;;;;;;;;;;;;;;;;;;;;;;;;;;;;;X;;;;
31042150;31042-150;SERVO CONTROL, RUDDER;OVERHAUL;;;;X;X;X;X;X;;;X;;;;;;;;;;X;X;X;X;;;;;;;;;;;;;;;;;;;;;;;;;;;;;;;;;;;;;;;;;;;;;;;;;;;;;;;;;;;;;;;;;;;;;;;;;;X;;;;
31043030;31043-030;PITCH SERVO CONTROL;OVERHAUL;;;;X;X;X;X;X;;;X;;;;;;;;;;X;;X;X;;;;;;;;;;;;;;;;;;;;;;;;;;;;;;;;;;;;;;;;;;;;;;;;;;;;;;;;;;;;;;;;;;;;;;;;;;X;;;;
31043050;31043-050;PITCH SERVO CONTROL;OVERHAUL;;;;X;X;X;X;X;;;X;;;;;;;;;;X;;;;;;;;;;;;;;;;;;;;;;;;;;;;;;;;;;;;;;;;;;;;;;;;;;;;;;;;;;;;;;;;;;;;;;;;;;;;;X;;;;
31043130;31043-130;PITCH SERVO CONTROL;OVERHAUL;;;;X;X;X;X;X;;;X;;;;;;;;;;X;;X;X;;;;;;;;;;;;;;;;;;;;;;;;;;;;;;;;;;;;;;;;;;;;;;;;;;;;;;;;;;;;;;;;;;;;;;;;;;X;;;;
31043150;31043-150;PITCH SERVO CONTROL;OVERHAUL;;;;X;X;X;X;X;;;X;;;;;;;;;;X;;X;X;;;;;;;;;;;;;;;;;;;;;;;;;;;;;;;;;;;;;;;;;;;;;;;;;;;;;;;;;;;;;;;;;;;;;;;;;;X;;;;
31055001;31055-001;BATTERY;;BENCH TEST;;;X;X;;;;;;;;;;;;;;;;;;;;;;;;;;;;;;;;;;;;;;;;;;;;;;;;;;;;;;;;;;;;;;;;;;;;;;;;;;;;;;;;;;;;;;;;;;;;;;X;;;
31055030;31055-030;ALL SPEED SERVOCONTROL;OVERHAUL;;;;X;X;X;X;X;;;;;;;;;;;;;X;;X;;;;;;;;;;;;;;;;;;;;;;;;;;;;;;;;;;;;;;;;;;;;;;;;;;;;;;;;;;;;;;;;;;;;;;;;;;;X;;;;
31055130;31055-130;ALL SPEED SERVOCONTROL;OVERHAUL;;;;X;X;X;X;X;;;;;;;;;;;;;X;;X;;;;;;;;;;;;;;;;;;;;;;;;;;;;;;;;;;;;;;;;;;;;;;;;;;;;;;;;;;;;;;;;;;;;;;;;;;;X;;;;
31055150;31055-150;ALL SPEED SERVOCONTROL;OVERHAUL;;;;X;X;X;X;X;;;;;;;;;;;;;X;X;X;;;;;;;;;;;;;;;;;;;;;;;;;;;;;;;;;;;;;;;;;;;;;;;;;;;;;;;;;;;;;;;;;;;;;;;;;;;X;;;;
31058111;31058-111;ACTUATOR, SPOILER;OVERHAUL;;;;X;X;X;X;X;;;;;;;;;;;;;X;;;;;;;;;;;;;;;;;;;;;;;;;;;;;;;;;;;;;;;;;;;;;;;;;;;;;;;;;;;;;;;;;;;;;;;;;;;;;X;;;;
31058211;31058-211;ACTUATOR, SPOILER;OVERHAUL;;;;X;X;X;X;X;;;;;;;;;;;;;X;;X;;;;;;;;;;;;;;;;;;;;;;;;;;;;;;;;;;;;;;;;;;;;;;;;;;;;;;;;;;;;;;;;;;;;;;;;;;;X;;;;
31058311;31058-311;ACTUATOR, SPOILER;OVERHAUL;;;;X;X;X;X;X;;;;;;;;;;;;;X;;X;;;;;;;;;;;;;;;;;;;;;;;;;;;;;;;;;;;;;;;;;;;;;;;;;;;;;;;;;;;;;;;;;;;;;;;;;;;X;;;;
31059201;31059-201;SERVO CONTROL, AIRBRAKE;OVERHAUL;;;;X;X;X;X;X;;;;;;;;;;;;;X;;X;;;;;;;;;;;;;;;;;;;;;;;;;;;;;;;;;;;;;;;;;;;;;;;;;;;;;;;;;;;;;;;;;;;;;;;;;;;X;;;;
31059211;31059-211;SERVO CONTROL, AIRBRAKE;OVERHAUL;;;;X;X;X;X;X;;;;;;;;;;;;;X;;X;;;;;;;;;;;;;;;;;;;;;;;;;;;;;;;;;;;;;;;;;;;;;;;;;;;;;;;;;;;;;;;;;;;;;;;;;;;X;;;;
31059221;31059-221;SERVO CONTROL, AIRBRAKE;OVERHAUL;;;;X;X;X;X;X;;;;;;;;;;;;;X;;X;;;;;;;;;;;;;;;;;;;;;;;;;;;;;;;;;;;;;;;;;;;;;;;;;;;;;;;;;;;;;;;;;;;;;;;;;;;X;;;;
31059321;31059-321;SERVO CONTROL, AIRBRAKE;OVERHAUL;;;;X;X;X;X;X;;;;;;;;;;;;;X;;X;;;;;;;;;;;;;;;;;;;;;;;;;;;;;;;;;;;;;;;;;;;;;;;;;;;;;;;;;;;;;;;;;;;;;;;;;;;X;;;;
31073052;31073-052;AILERON SERVOCONTROL;OVERHAUL;;;;X;X;X;X;X;;;X;;;;;;;;;;X;;;;X;X;X;X;;;;;;;;;;;;;;;;;;;;;;;;;;;;;;;;;;;;;;;;;;;;;;;;;;;;;;;;;;;;;;;;;;;;;;X;;;;
31073053;31073-053;AILERON SERVOCONTROL;OVERHAUL;;;;X;X;X;X;X;;;X;;;;;;;;;;X;;;;X;X;X;X;;;;;;;;;;;;;;;;;;;;;;;;;;;;;;;;;;;;;;;;;;;;;;;;;;;;;;;;;;;;;;;;;;;;;;X;;;;
31073054;31073-054;AILERON SERVOCONTROL;OVERHAUL;;;;X;X;X;X;X;;;X;;;;;;;;;;X;;;;X;X;X;X;;;;;;;;;;;;;;;;;;;;;;;;;;;;;;;;;;;;;;;;;;;;;;;;;;;;;;;;;;;;;;;;;;;;;;X;;;;
31073055;31073-055;AILERON SERVOCONTROL;OVERHAUL;;;;X;X;X;X;X;;;X;;;;;;;;;;X;;;;X;X;X;X;;;;;;;;;;;;;;;;;;;;;;;;;;;;;;;;;;;;;;;;;;;;;;;;;;;;;;;;;;;;;;;;;;;;;;X;;;;
31073057;31073-057;AILERON SERVOCONTROL;OVERHAUL;;;;X;X;X;X;X;;;X;;;;;;;;;;X;;;;X;X;X;X;;;;;;;;;;;;;;;;;;;;;;;;;;;;;;;;;;;;;;;;;;;;;;;;;;;;;;;;;;;;;;;;;;;;;;X;;;;
31073058;31073-058;AILERON SERVOCONTROL;OVERHAUL;;;;X;X;X;X;X;;;X;;;;;;;;;;X;;;;X;X;X;X;;;;;;;;;;;;;;;;;;;;;;;;;;;;;;;;;;;;;;;;;;;;;;;;;;;;;;;;;;;;;;;;;;;;;;X;;;;
31073060;31073-060;AILERON SERVOCONTROL;OVERHAUL;;;;X;X;X;X;X;;;X;;;;;;;;;;X;;;;X;X;X;X;;;;;;;;;;;;;;;;;;;;;;;;;;;;;;;;;;;;;;;;;;;;;;;;;;;;;;;;;;;;;;;;;;;;;;X;;;;
31073063;31073-063;AILERON SERVOCONTROL;OVERHAUL;;;;X;X;X;X;X;;;X;;;;;;;;;;X;;;;X;X;X;X;;;;;;;;;;;;;;;;;;;;;;;;;;;;;;;;;;;;;;;;;;;;;;;;;;;;;;;;;;;;;;;;;;;;;;X;;;;
31073064;31073-064;AILERON SERVOCONTROL;OVERHAUL;;;;X;X;X;X;X;;;X;;;;;;;;;;X;;;;X;X;X;X;;;;;;;;;;;;;;;;;;;;;;;;;;;;;;;;;;;;;;;;;;;;;;;;;;;;;;;;;;;;;;;;;;;;;;X;;;;
31073065;31073-065;AILERON SERVOCONTROL;OVERHAUL;;;;X;X;X;X;X;;;X;;;;;;;;;;X;;;;X;X;X;X;;;;;;;;;;;;;;;;;;;;;;;;;;;;;;;;;;;;;;;;;;;;;;;;;;;;;;;;;;;;;;;;;;;;;;X;;;;
31073067;31073-067;AILERON SERVOCONTROL;OVERHAUL;;;;X;X;X;X;X;;;X;;;;;;;;;;X;;;;X;X;X;X;;;;;;;;;;;;;;;;;;;;;;;;;;;;;;;;;;;;;;;;;;;;;;;;;;;;;;;;;;;;;;;;;;;;;;X;;;; 
31073068;31073-068;AILERON SERVOCONTROL;OVERHAUL;;;;X;X;X;X;X;;;X;;;;;;;;;;X;;;;X;X;X;X;;;;;;;;;;;;;;;;;;;;;;;;;;;;;;;;;;;;;;;;;;;;;;;;;;;;;;;;;;;;;;;;;;;;;;X;;;;
31073080;31073-080;AILERON SERVOCONTROL;OVERHAUL;;;;X;X;X;X;X;;;X;;;;;;;;;;X;;;;;;;;;;;;;;;;;;;;;;;;;;;;;;;;;;;;;;;;;;;;;;;;;;;;;;;;;;;;;;;;;;;;;;;;;;;;;X;;;;
31073090;31073-090;AILERON SERVOCONTROL;OVERHAUL;;;;X;X;X;X;X;;;X;;;;;;;;;;X;;;;;;;;;;;;;;;;;;;;;;;;;;;;;;;;;;;;;;;;;;;;;;;;;;;;;;;;;;;;;;;;;;;;;;;;;;;;;X;;;;
31073100;31073-100;AILERON SERVOCONTROL;OVERHAUL;;;;X;X;X;X;X;;;X;;;;;;;;;;X;;;;;;;;;;;;;;;;;;;;;;;;;;;;;;;;;;;;;;;;;;;;;;;;;;;;;;;;;;;;;;;;;;;;;;;;;;;;;X;;;;
31073110;31073-110;AILERON SERVOCONTROL;OVERHAUL;;;;X;X;X;X;X;;;X;;;;;;;;;;X;;;;X;X;X;X;;;;;;;;;;;;;;;;;;;;;;;;;;;;;;;;;;;;;;;;;;;;;;;;;;;;;;;;;;;;;;;;;;;;;;X;;;;
31075103;31075-103;ELEVATOR SERVOCONTROL;OVERHAUL;;;;X;X;X;X;X;;;X;;;;;;;;;;X;;;;;;X;;;;;;;;;;;;;;;;;;;;;;;;;;;;;;;;;;;;;;;;;;;;;;;;;;;;;;;;;;;;;;;;;;;;;;;X;;;;
31075104;31075-104;ELEVATOR SERVOCONTROL;OVERHAUL;;;;X;X;X;X;X;;;X;;;;;;;;;;X;;;;X;X;X;X;;;;;;;;;;;;;;;;;;;;;;;;;;;;;;;;;;;;;;;;;;;;;;;;;;;;;;;;;;;;;;;;;;;;;;X;;;;
31075105;31075-105;ELEVATOR SERVOCONTROL;OVERHAUL;;;;X;X;X;X;X;;;X;;;;;;;;;;X;;;;X;X;X;X;;;;;;;;;;;;;;;;;;;;;;;;;;;;;;;;;;;;;;;;;;;;;;;;;;;;;;;;;;;;;;;;;;;;;;X;;;;
31075107;31075-107;ELEVATOR SERVOCONTROL;OVERHAUL;;;;X;X;X;X;X;;;X;;;;;;;;;;X;;;;X;X;X;X;;;;;;;;;;;;;;;;;;;;;;;;;;;;;;;;;;;;;;;;;;;;;;;;;;;;;;;;;;;;;;;;;;;;;;X;;;;
31075110;31075-110;ELEVATOR SERVOCONTROL;OVERHAUL;;;;X;X;X;X;X;;;X;;;;;;;;;;X;;;;X;X;X;X;;;;;;;;;;;;;;;;;;;;;;;;;;;;;;;;;;;;;;;;;;;;;;;;;;;;;;;;;;;;;;;;;;;;;;X;;;;
31075115;31075-115;ELEVATOR SERVOCONTROL;OVERHAUL;;;;X;X;X;X;X;;;X;;;;;;;;;;X;;;;X;X;X;X;;;;;;;;;;;;;;;;;;;;;;;;;;;;;;;;;;;;;;;;;;;;;;;;;;;;;;;;;;;;;;;;;;;;;;X;;;;
31075117;31075-117;ELEVATOR SERVOCONTROL;OVERHAUL;;;;X;X;X;X;X;;;X;;;;;;;;;;X;;;;X;X;X;X;;;;;;;;;;;;;;;;;;;;;;;;;;;;;;;;;;;;;;;;;;;;;;;;;;;;;;;;;;;;;;;;;;;;;;X;;;;
31075118;31075-118;ELEVATOR SERVOCONTROL;OVERHAUL;;;;X;X;X;X;X;;;X;;;;;;;;;;X;;;;X;X;X;X;;;;;;;;;;;;;;;;;;;;;;;;;;;;;;;;;;;;;;;;;;;;;;;;;;;;;;;;;;;;;;;;;;;;;;X;;;;
31075120;31075-120;ELEVATOR SERVOCONTROL;OVERHAUL;;;;X;X;X;X;X;;;X;;;;;;;;;;X;;;;X;X;X;X;;;;;;;;;;;;;;;;;;;;;;;;;;;;;;;;;;;;;;;;;;;;;;;;;;;;;;;;;;;;;;;;;;;;;;X;;;;
31075130;31075-130;ELEVATOR SERVOCONTROL;OVERHAUL;;;;X;X;X;X;X;;;X;;;;;;;;;;X;;;;X;X;X;X;;;;;;;;;;;;;;;;;;;;;;;;;;;;;;;;;;;;;;;;;;;;;;;;;;;;;;;;;;;;;;;;;;;;;;X;;;;
31075140;31075-140;ELEVATOR SERVOCONTROL;OVERHAUL;;;;X;X;X;X;X;;;X;;;;;;;;;;X;;;;X;X;X;X;;;;;;;;;;;;;;;;;;;;;;;;;;;;;;;;;;;;;;;;;;;;;;;;;;;;;;;;;;;;;;;;;;;;;;X;;;;
31075150;31075-150;ELEVATOR SERVOCONTROL;OVERHAUL;;;;X;X;X;X;X;;;X;;;;;;;;;;X;;;;X;X;X;X;;;;;;;;;;;;;;;;;;;;;;;;;;;;;;;;;;;;;;;;;;;;;;;;;;;;;;;;;;;;;;;;;;;;;;X;;;;
31075160;31075-160;ELEVATOR SERVOCONTROL;OVERHAUL;;;;X;X;X;X;X;;;X;;;;;;;;;;X;;;;X;X;X;X;;;;;;;;;;;;;;;;;;;;;;;;;;;;;;;;;;;;;;;;;;;;;;;;;;;;;;;;;;;;;;;;;;;;;;X;;;;
31075170;31075-170;ELEVATOR SERVOCONTROL;OVERHAUL;;;;X;X;X;X;X;;;X;;;;;;;;;;X;;;;X;X;X;X;;;;;;;;;;;;;;;;;;;;;;;;;;;;;;;;;;;;;;;;;;;;;;;;;;;;;;;;;;;;;;;;;;;;;;X;;;;
31075200;31075-200;ELEVATOR SERVOCONTROL;OVERHAUL;;;;X;X;X;X;X;;;X;;;;;;;;;;X;;;;;;X;;;;;;;;;;;;;;;;;;;;;;;;;;;;;;;;;;;;;;;;;;;;;;;;;;;;;;;;;;;;;;;;;;;;;;;X;;;;
31075204;31075-204;ELEVATOR SERVOCONTROL;OVERHAUL;;;;X;X;X;X;X;;;X;;;;;;;;;;X;;;;X;X;X;X;;;;;;;;;;;;;;;;;;;;;;;;;;;;;;;;;;;;;;;;;;;;;;;;;;;;;;;;;;;;;;;;;;;;;;X;;;;
31075205;31075-205;ELEVATOR SERVOCONTROL;OVERHAUL;;;;X;X;X;X;X;;;X;;;;;;;;;;X;;;;;;X;;;;;;;;;;;;;;;;;;;;;;;;;;;;;;;;;;;;;;;;;;;;;;;;;;;;;;;;;;;;;;;;;;;;;;;X;;;;
31075207;31075-207;ELEVATOR SERVOCONTROL;OVERHAUL;;;;X;X;X;X;X;;;X;;;;;;;;;;X;;;;X;X;X;X;;;;;;;;;;;;;;;;;;;;;;;;;;;;;;;;;;;;;;;;;;;;;;;;;;;;;;;;;;;;;;;;;;;;;;X;;;;
31075210;31075-210;ELEVATOR SERVOCONTROL;OVERHAUL;;;;X;X;X;X;X;;;X;;;;;;;;;;X;;;;X;X;X;X;;;;;;;;;;;;;;;;;;;;;;;;;;;;;;;;;;;;;;;;;;;;;;;;;;;;;;;;;;;;;;;;;;;;;;X;;;;
31075215;31075-215;ELEVATOR SERVOCONTROL;OVERHAUL;;;;X;X;X;X;X;;;X;;;;;;;;;;X;;;;;;X;;;;;;;;;;;;;;;;;;;;;;;;;;;;;;;;;;;;;;;;;;;;;;;;;;;;;;;;;;;;;;;;;;;;;;;X;;;;
31075217;31075-217;ELEVATOR SERVOCONTROL;OVERHAUL;;;;X;X;X;X;X;;;X;;;;;;;;;;X;;;;X;X;X;X;;;;;;;;;;;;;;;;;;;;;;;;;;;;;;;;;;;;;;;;;;;;;;;;;;;;;;;;;;;;;;;;;;;;;;X;;;;
31075218;31075-218;ELEVATOR SERVOCONTROL;OVERHAUL;;;;X;X;X;X;X;;;X;;;;;;;;;;X;;;;X;X;X;X;;;;;;;;;;;;;;;;;;;;;;;;;;;;;;;;;;;;;;;;;;;;;;;;;;;;;;;;;;;;;;;;;;;;;;X;;;;
31075220;31075-220;ELEVATOR SERVOCONTROL;OVERHAUL;;;;X;X;X;X;X;;;X;;;;;;;;;;X;;;;X;X;X;X;;;;;;;;;;;;;;;;;;;;;;;;;;;;;;;;;;;;;;;;;;;;;;;;;;;;;;;;;;;;;;;;;;;;;;X;;;;
31075230;31075-230;ELEVATOR SERVOCONTROL;OVERHAUL;;;;X;X;X;X;X;;;X;;;;;;;;;;X;;;;X;X;X;X;;;;;;;;;;;;;;;;;;;;;;;;;;;;;;;;;;;;;;;;;;;;;;;;;;;;;;;;;;;;;;;;;;;;;;X;;;;
31075240;31075-240;ELEVATOR SERVOCONTROL;OVERHAUL;;;;X;X;X;X;X;;;X;;;;;;;;;;X;;;;X;X;X;X;;;;;;;;;;;;;;;;;;;;;;;;;;;;;;;;;;;;;;;;;;;;;;;;;;;;;;;;;;;;;;;;;;;;;;X;;;;
31075250;31075-250;ELEVATOR SERVOCONTROL;OVERHAUL;;;;X;X;X;X;X;;;X;;;;;;;;;;X;;;;X;X;X;X;;;;;;;;;;;;;;;;;;;;;;;;;;;;;;;;;;;;;;;;;;;;;;;;;;;;;;;;;;;;;;;;;;;;;;X;;;;
31075260;31075-260;ELEVATOR SERVOCONTROL;OVERHAUL;;;;X;X;X;X;X;;;X;;;;;;;;;;X;;;;X;X;X;X;;;;;;;;;;;;;;;;;;;;;;;;;;;;;;;;;;;;;;;;;;;;;;;;;;;;;;;;;;;;;;;;;;;;;;X;;;;
31075270;31075-270;ELEVATOR SERVOCONTROL;OVERHAUL;;;;X;X;X;X;X;;;X;;;;;;;;;;X;;;;X;X;X;X;;;;;;;;;;;;;;;;;;;;;;;;;;;;;;;;;;;;;;;;;;;;;;;;;;;;;;;;;;;;;;;;;;;;;;X;;;;
31075310;31075-310;ELEVATOR SERVOCONTROL;OVERHAUL;;;;X;X;X;X;X;;;X;;;;;;;;;;X;;;;X;X;X;X;;;;;;;;;;;;;;;;;;;;;;;;;;;;;;;;;;;;;;;;;;;;;;;;;;;;;;;;;;;;;;;;;;;;;;X;;;;
31075320;31075-320;ELEVATOR SERVOCONTROL;OVERHAUL;;;;X;X;X;X;X;;;X;;;;;;;;;;X;;;;X;X;X;X;;;;;;;;;;;;;;;;;;;;;;;;;;;;;;;;;;;;;;;;;;;;;;;;;;;;;;;;;;;;;;;;;;;;;;X;;;;
31075330;31075-330;ELEVATOR SERVOCONTROL;OVERHAUL;;;;X;X;X;X;X;;;X;;;;;;;;;;X;;;;X;X;X;X;;;;;;;;;;;;;;;;;;;;;;;;;;;;;;;;;;;;;;;;;;;;;;;;;;;;;;;;;;;;;;;;;;;;;;X;;;;
31075340;31075-340;ELEVATOR SERVOCONTROL;OVERHAUL;;;;X;X;X;X;X;;;X;;;;;;;;;;X;;;;X;X;X;X;;;;;;;;;;;;;;;;;;;;;;;;;;;;;;;;;;;;;;;;;;;;;;;;;;;;;;;;;;;;;;;;;;;;;;X;;;;
31075410;31075-410;ELEVATOR SERVOCONTROL;OVERHAUL;;;;X;X;X;X;X;;;X;;;;;;;;;;X;;;;X;X;X;X;;;;;;;;;;;;;;;;;;;;;;;;;;;;;;;;;;;;;;;;;;;;;;;;;;;;;;;;;;;;;;;;;;;;;;X;;;;
31075420;31075-420;ELEVATOR SERVOCONTROL;OVERHAUL;;;;X;X;X;X;X;;;X;;;;;;;;;;X;;;;X;X;X;X;;;;;;;;;;;;;;;;;;;;;;;;;;;;;;;;;;;;;;;;;;;;;;;;;;;;;;;;;;;;;;;;;;;;;;X;;;;
31075430;31075-430;ELEVATOR SERVOCONTROL;OVERHAUL;;;;X;X;X;X;X;;;X;;;;;;;;;;X;;;;X;X;X;X;;;;;;;;;;;;;;;;;;;;;;;;;;;;;;;;;;;;;;;;;;;;;;;;;;;;;;;;;;;;;;;;;;;;;;X;;;;
31075440;31075-440;ELEVATOR SERVOCONTROL;OVERHAUL;;;;X;X;X;X;X;;;X;;;;;;;;;;X;;;;X;X;X;X;;;;;;;;;;;;;;;;;;;;;;;;;;;;;;;;;;;;;;;;;;;;;;;;;;;;;;;;;;;;;;;;;;;;;;X;;;;
31075607;31075-607;ELEVATOR SERVOCONTROL;OVERHAUL;;;;X;X;X;X;X;;;X;;;;;;;;;;X;;;;X;X;X;X;;;;;;;;;;;;;;;;;;;;;;;;;;;;;;;;;;;;;;;;;;;;;;;;;;;;;;;;;;;;;;;;;;;;;;X;;;;
31075610;31075-610;ELEVATOR SERVOCONTROL;OVERHAUL;;;;X;X;X;X;X;;;X;;;;;;;;;;X;;;;X;X;X;X;;;;;;;;;;;;;;;;;;;;;;;;;;;;;;;;;;;;;;;;;;;;;;;;;;;;;;;;;;;;;;;;;;;;;;X;;;;
31075617;31075-617;ELEVATOR SERVOCONTROL;OVERHAUL;;;;X;X;X;X;X;;;X;;;;;;;;;;X;;;;X;X;X;X;;;;;;;;;;;;;;;;;;;;;;;;;;;;;;;;;;;;;;;;;;;;;;;;;;;;;;;;;;;;;;;;;;;;;;X;;;;
31075618;31075-618;ELEVATOR SERVOCONTROL;OVERHAUL;;;;X;X;X;X;X;;;X;;;;;;;;;;X;;;;X;X;X;X;;;;;;;;;;;;;;;;;;;;;;;;;;;;;;;;;;;;;;;;;;;;;;;;;;;;;;;;;;;;;;;;;;;;;;X;;;;
31075620;31075-620;ELEVATOR SERVOCONTROL;OVERHAUL;;;;X;X;X;X;X;;;X;;;;;;;;;;X;;;;X;X;X;X;;;;;;;;;;;;;;;;;;;;;;;;;;;;;;;;;;;;;;;;;;;;;;;;;;;;;;;;;;;;;;;;;;;;;;X;;;;
31075630;31075-630;ELEVATOR SERVOCONTROL;OVERHAUL;;;;X;X;X;X;X;;;X;;;;;;;;;;X;;;;X;X;X;X;;;;;;;;;;;;;;;;;;;;;;;;;;;;;;;;;;;;;;;;;;;;;;;;;;;;;;;;;;;;;;;;;;;;;;X;;;;
31075640;31075-640;ELEVATOR SERVOCONTROL;OVERHAUL;;;;X;X;X;X;X;;;X;;;;;;;;;;X;;;;X;X;X;X;;;;;;;;;;;;;;;;;;;;;;;;;;;;;;;;;;;;;;;;;;;;;;;;;;;;;;;;;;;;;;;;;;;;;;X;;;;
31075650;31075-650;ELEVATOR SERVOCONTROL;OVERHAUL;;;;X;X;X;X;X;;;X;;;;;;;;;;X;;;;X;X;X;X;;;;;;;;;;;;;;;;;;;;;;;;;;;;;;;;;;;;;;;;;;;;;;;;;;;;;;;;;;;;;;;;;;;;;;X;;;;
31075660;31075-660;ELEVATOR SERVOCONTROL;OVERHAUL;;;;X;X;X;X;X;;;X;;;;;;;;;;X;;;;X;X;X;X;;;;;;;;;;;;;;;;;;;;;;;;;;;;;;;;;;;;;;;;;;;;;;;;;;;;;;;;;;;;;;;;;;;;;;X;;;;
31075670;31075-670;ELEVATOR SERVOCONTROL;OVERHAUL;;;;X;X;X;X;X;;;X;;;;;;;;;;X;;;;X;X;X;X;;;;;;;;;;;;;;;;;;;;;;;;;;;;;;;;;;;;;;;;;;;;;;;;;;;;;;;;;;;;;;;;;;;;;;X;;;;
31075810;31075-810;ELEVATOR SERVOCONTROL;OVERHAUL;;;;X;X;X;X;X;;;X;;;;;;;;;;X;;;;X;X;X;X;;;;;;;;;;;;;;;;;;;;;;;;;;;;;;;;;;;;;;;;;;;;;;;;;;;;;;;;;;;;;;;;;;;;;;X;;;;
31075820;31075-820;ELEVATOR SERVOCONTROL;OVERHAUL;;;;X;X;X;X;X;;;X;;;;;;;;;;X;;;;X;X;X;X;;;;;;;;;;;;;;;;;;;;;;;;;;;;;;;;;;;;;;;;;;;;;;;;;;;;;;;;;;;;;;;;;;;;;;X;;;;
31075830;31075-830;ELEVATOR SERVOCONTROL;OVERHAUL;;;;X;X;X;X;X;;;X;;;;;;;;;;X;;;;X;X;X;X;;;;;;;;;;;;;;;;;;;;;;;;;;;;;;;;;;;;;;;;;;;;;;;;;;;;;;;;;;;;;;;;;;;;;;X;;;;
31075840;31075-840;ELEVATOR SERVOCONTROL;OVERHAUL;;;;X;X;X;X;X;;;X;;;;;;;;;;X;;;;X;X;X;X;;;;;;;;;;;;;;;;;;;;;;;;;;;;;;;;;;;;;;;;;;;;;;;;;;;;;;;;;;;;;;;;;;;;;;X;;;;
31076080;31076-080;SERVO CONTROL, SPOILER OUTBOARD;OVERHAUL;;;;X;X;X;X;X;;;X;;;;;;;;;;X;;;;;;X;;;;;;;;;;;;;;;;;;;;;;;;;;;;;;;;;;;;;;;;;;;;;;;;;;;;;;;;;;;;;;;;;;;;;;;X;;;;
31076110;31076-110;SERVO CONTROL, SPOILER OUTBOARD;OVERHAUL;;;;X;X;X;X;X;;;X;;;;;;;;;;X;;;;;;X;;;;;;;;;;;;;;;;;;;;;;;;;;;;;;;;;;;;;;;;;;;;;;;;;;;;;;;;;;;;;;;;;;;;;;;X;;;;
31077050;31077-050;INBOARD SPOILER ACTUATOR;OVERHAUL;;;;X;X;X;X;X;;;X;;;;;;;;;;X;;;;;;X;X;;;;;;;;;;;;;;;;;;;;;;;;;;;;;;;;;;;;;;;;;;;;;;;;;;;;;;;;;;;;;;;;;;;;;;X;;;;
31077060;31077-060;INBOARD SPOILER ACTUATOR;OVERHAUL;;;;X;X;X;X;X;;;X;;;;;;;;;;X;;;;;;;;;;;;;;;;;;;;;;;;;;;;;;;;;;;;;;;;;;;;;;;;;;;;;;;;;;;;;;;;;;;;;;;;;;;;;X;;;;
31077070;31077-070;INBOARD SPOILER ACTUATOR;OVERHAUL;;;;X;X;X;X;X;;;X;;;;;;;;;;X;;;;X;X;X;X;;;;;;;;;;;;;;;;;;;;;;;;;;;;;;;;;;;;;;;;;;;;;;;;;;;;;;;;;;;;;;;;;;;;;;X;;;;
31077100;31077-100;INBOARD SPOILER ACTUATOR;OVERHAUL;;;;X;X;X;X;X;;;;;;;;;;;;;X;;;;;X;X;X;;;;;;;;;;;;;;;;;;;;;;;;;;;;;;;;;;;;;;;;;;;;;;;;;;;;;;;;;;;;;;;;;;;;;;X;;;;
31077110;31077-110;INBOARD SPOILER ACTUATOR;OVERHAUL;;;;X;X;X;X;X;;;X;;;;;;;;;;X;;;;X;X;X;X;;;;;;;;;;;;;;;;;;;;;;;;;;;;;;;;;;;;;;;;;;;;;;;;;;;;;;;;;;;;;;;;;;;;;;X;;;;
31077111;31077-111;INBOARD SPOILER ACTUATOR;OVERHAUL;;;;X;X;X;X;X;;;;;;;;;;;;;X;;;;X;X;X;X;;;;;;;;;;;;;;;;;;;;;;;;;;;;;;;;;;;;;;;;;;;;;;;;;;;;;;;;;;;;;;;;;;;;;;X;;;;
31077112;31077-112;INBOARD SPOILER ACTUATOR;OVERHAUL;;;;X;X;X;X;X;;;X;;;;;;;;;;X;;;;X;X;X;X;;;;;;;;;;;;;;;;;;;;;;;;;;;;;;;;;;;;;;;;;;;;;;;;;;;;;;;;;;;;;;;;;;;;;;X;;;;
31077200;31077-200;INBOARD SPOILER ACTUATOR;OVERHAUL;;;;X;X;X;X;X;;;X;;;;;;;;;;X;;;;;X;X;X;;;;;;;;;;;;;;;;;;;;;;;;;;;;;;;;;;;;;;;;;;;;;;;;;;;;;;;;;;;;;;;;;;;;;;X;;;;
31077211;31077-211;INBOARD SPOILER ACTUATOR (FR);OVERHAUL;;;;X;X;X;X;X;;;X;;;;;;;;;;X;;;;;X;X;X;;;;;;;;;;;;;;;;;;;;;;;;;;;;;;;;;;;;;;;;;;;;;;;;;;;;;;;;;;;;;;;;;;;;;;X;;;;
310ZN01Y01;310ZN01Y01;DETECTOR-PHASE UNBALANCE;REPAIR;;;;X;X;X;X;;;;;;;;;;;;;;X;X;X;X;X;X;X;X;;;;;;;;;;;;;;;;;;;;;;;;;;;;;;;;;;;;;;;;;;;;;;;;;;;;;;;;;;;;;;;;;;;;;;X;;;;
312089001;3120890-01;BRAKE, PROPELLER;OVERHAUL;;;;X;X;X;X;X;;;;;;;;;;;;;;;;;;;;;;;;;;;;;;;;;;;X;;;;;;;;;;;;;;;;;;;;;;;;;;;;;;;;;;;;;;;;;;;;;;;;;;;;;;;X;;;;
312089101;3120891-01;BRAKE, PROPELLER;OVERHAUL;;;;X;X;X;X;X;;;;;;;;;;;;;;;;;;;;;;;;;;;;;;;;;;;X;;;;;;;;;;;;;;;;;;;;;;;;;;;;;;;;;;;;;;;;;;;;;;;;;;;;;;;X;;;;
3121;3121;EMERGENCY LIGHT SUPPLY UNIT;REPAIR;;;;X;X;X;X;X;;;;;;;;;;;;;X;X;;;;;;;;;;;;;;;;;;;;;;;;;;;;;;;;;;;;;;;;;;;;;;;;;;;;;;;;;;;;;;;;;;;;;;;;;;;;X;;;;
312101;3121-01;EMERGENCY LIGHT SUPPLY UNIT;REPAIR;;;;X;X;X;X;;;;;;;;;;;;;;X;;;;;;;;;;;;;;;;;;;;;;;;;;;;;;;;;;;;;;;;;;;;;;;;;;;;;;;;;;;;;;;;;;;;;;;;;;;;;X;;;;
3132415;313241-5;ABSOLUTE AIR PRESSURE REGULATOR;OVERHAUL;;;;X;;;;;;;;;X;;;;;;;;;;;;;;;;;;X;;;;;;;;;;;X;;;;;;;;;;;;;;;;;;;;;;;;;;;;;;;;;;;;;;;;;;;;;;;;;;;;;;;;X;;;;
31342001;31342-001;GENERATOR;;OVERHAUL;;;X;X;;;;;;;;;;;;;;;;;;;;;;;;;;;;;;;;;;;;;;;;;;;;;;;;;;;;;;;;;;;;;;;;;;;;;;;;;X;X;;;;;;X;;;;;;;;;;;;;;X;;;
31342003;31342-003;GENERATOR;;OVERHAUL;;;X;X;;;;;;;;;;;;;;;;;;;;;;;;;;;;;;;;;;;;;;;;;;;;;;;;;;;;;;;;;;;;;;;;;;;;;;;;;X;X;;;;;;X;;;;;;;;;;;;;;X;;;
31342006;31342-006;GENERATOR;;OVERHAUL;;;X;X;;;;;;;;;;;;;;;;;;;;;;;;;;;;;;;;;;;;;;;;;;;;;;;;;;;;;;;;;;;;;;;;;;;;;;;;;X;X;;;;;;X;;;;;;;;;;;;;;X;;;
3136901;313690-1;HYDRAULIC RELIEF VALVE;OVERHAUL;;;;X;;;;;;;;;X;;;;;;;;;;;;;;;;;;X;;;;;;;;;;;X;;;;;;;;;;;;;;;;;;;;;;;;;;;;;;;;;;;;;;;;;;;;;;;;;;;;;;;;X;;;;
3136902;313690-2;HYDRAULIC RELIEF VALVE;OVERHAUL;;;;X;;;;;;;;;X;;;;;;;;;;;;;;;;;;X;;;;;;;;;;;X;;;;;;;;;;;;;;;;;;;;;;;;;;;;;;;;;;;;;;;;;;;;;;;;;;;;;;;;X;;;;
313895;313895;THREE-WAY TWO-POSITION SOLENOID VALVE;OVERHAUL;;;;X;;;;;;;;;X;;;;;;;;;;;;;;;;;;X;;;;;;;;;;;X;;;;;;;;;;;;;;;;;;;;;;;;;;;;;;;;;;;;;;;;;;;;;;;;;;;;;;;;X;;;;
314470;314470;HYDRAULIC PUMP;;OVERHAUL;;;X;X;;X;;;;;;X;;;;;;;;;;;;;;;;;;;;;;;;;;;;;;;;;;;;;;;;;;;X;;;;;X;;;;;;;;;;;;;;;;;;;;;;;;;;;;;;;;;;;;;;X;;;
31455001;31455-001;BATTERY;;OVERHAUL;;;X;X;;;;;;;;;X;;;;;;;;;;;;;;;;;;;;;;;;;;;;;;;;;;;;;;;;;;;;;;;;;;;;;;;;;;;;;;;;;;;;;;;;;;;;;;;;;;;;;X;;;
314U210069;314U2100-69;EXHAUST OUTER SLEEVE;;INSPECTION;;;X;X;;X;;;;;;;;;;;;;;;;;;;;;;;;;;;;;;;X;;;;;;;;;;;;;;;;;;;;;;;;;;;;;;;;;;;;;;;;;;;;;;;;;;;;;;;;;;;;;X;;X;
315771;3-157-71;TEST KIT;;OVERHAUL;;;X;;;;;;;;;;;;;;;;;;;;;;;;;;;;;;;;;;;;;;;;;;;;;;;;;;;;;;;;;;;;;;;;;;;;;;;;;;;;;;;;;X;;;X;;;;;;;;;;;X;;;
320011;3200-11;FLUSH MOTOR;;OVERHAUL;;;X;X;;X;;;;;;;;;;;;;;;;;;;;;;;;;;;;;;;;;;;;;;;;;;;;;;;;;;;;;;;;;;;;;;;;;;;;;;;;;;;;;;;;;;;;;;X;X;;;;;X;;;
320016;3200-16;PUMP;;OVERHAUL;;;X;X;;X;;;;;;;;;;;;;;;;;;;;;;;;;;;;;;;;;;;;;;;;;;;;;;;;;;;;;;;;;;;;;;;;;;;;;;;;;;;;;;;;;;;;;;X;;;X;;;X;;;
320019;3200-19;MOTOR PUMP;;OVERHAUL;;;X;X;;X;;;;;;;;;;;;;;;;;;;;;;;;X;;;X;;;;;;;;;;;;;;;;;;;;;;;;;;;;;;;;;;;;;;;;;;;;;;;;;;;;;;;;;;;;;;;;;X;;;
320115;320115;ANTI ICE VALVE;;REPAIR;;;X;X;;;;;;;;;;;;;;;;;;;;;;;;;;X;;;X;;;;;;;;;;;;;;;;;;;;;;;;;;;;;;;;;;;;;;;;;;;;;;;;;;;;;;;;;;;;;;;;;X;;;
32015411;320154-1-1;VALVE, STOP CHECK;REPAIR;;;;X;;;;;;;;;X;;;;;;;;;;;;;;;;;;;;;;;;;;;;;;;;;;;;;;;;;;;;;;;;;;;;;;;;;;;;;;;;;;;;;;;;X;;;X;;;;;;;;;;X;;;;
3201KGACP1;3201KGA-CP-1;TACHOMETER GENERATOR;;OVERHAUL;;;X;X;;;;;;;;X;;;;;;;;;;;;;;;;;;;;;;;;;;;;;;;;;;;;X;;;X;;;;;;;;X;;;;;;X;;;;;;;;;;;;;;;;;;;X;;;;;;;;;;;;;;X;;;
32021762;3202176-2;CHECK VALVE;OVERHAUL;;;;X;X;X;X;X;;;;;;;;;;;;;X;;;;;;;;;;;;;;;;;;;;;;;;;;;;;;;;;;;;;;;;;;;;;;;;;;;;;;;;;;;;;;;;;;;;;;;;;;;;;X;;;;
32021763;3202176-3;CHECK VALVE;OVERHAUL;;;;X;X;X;X;X;;;;;;;;;;;;;X;;;;;;;;;;;;;;;;;;;;;;;;;;;;;;;;;;;;;;;;;;;;;;;;;;;;;;;;;;;;;;;;;;;;;;;;;;;;;X;;;;
32022001;3202200-1;LP BLEED CHECK VALVE;OVERHAUL;;;;X;X;X;X;;;;;;;;;;;;;;X;;;;;;;;;;;;;;;;;;;;;;;;;;;;;;;;;;;;;;;;;;;;;;;;;;;;;;;;;;;;;;;;;;;;;;;;;;;;;X;;;;
32022481;3202248-1;VALVE APU LP BLEED CHECK;OVERHAUL;;;;X;X;X;X;;;;;;;;;;;;;;X;;X;X;;;;;;;;;;;;;;;;;;;;;;;;;;;;;;;;;;;;;;;;;;;;;;;;;;;;;;;;;;;;;;;;;;;;;;;;;;X;;;;
32024422;3202442-2;TRIM AIR CHECK VALVE;OVERHAUL;;;;X;X;X;X;;;;;;;;;;;;;;;;;;;;;;;;X;;;X;X;;X;X;;;;;;;;;;;;;;;;;;;;;;;;;;;;;;;;;;;;;;;;;;;;;;;;;;;;;;;;;;;;X;;;;
32024441;3202444-1;TRIM AIR CHECK VALVE;OVERHAUL;;;;X;X;X;X;;;;;;;;;;;;;;;;;;;;;;;;X;;;X;X;;X;X;;;;;;;;;;;;;;;;;;;;;;;;;;;;;;;;;;;;;;;;;;;;;;;;;;;;;;;;;;;;X;;;;
32024461;3202446-1;CONDITIONED AIR CHECK VALVE;OVERHAUL;;;;X;X;X;X;;;;;;;;;;;;;;;;;;;;;;;;X;;;X;X;;;;;;;;;;;;;;;;;;;;;;;;;;;;;;;;;;;;;;;;;;;;;;;;;;;;;;;;;;;;;;;X;;;;
32024681;3202468-1;MID STAGE CHECK VALVE;OVERHAUL;;;;X;X;X;X;X;;;;;;;;;;;;;X;;;;;;;;;;;;;;;;;;;;;;;;;;;;;;;;;;;;;;;;;;;;;;;;;;;;;;;;;;;;;;;;;;;;;;;;;;;;;X;;;;
32025981;3202598-1;LOW PRESSURE CHECK VALVE;OVERHAUL;;;;X;X;X;X;X;;;;;;;;;;;;;X;;;;;;;;X;;;;;;;;;;;;;;;;;;;;;;;;;;;;;;;;;;;;;;;;;;;;;;;;;;;;;;;;;;;;;;;;;;;;;X;;;;
32025982;3202598-2;LOW PRESSURE CHECK VALVE;OVERHAUL;;;;X;X;X;X;X;;;;;;;;;;;;;X;;;;;;;;X;;;;;;;;;;;;;;;;;;;;;;;;;;;;;;;;;;;;;;;;;;;;;;;;;;;;;;;;;;;;;;;;;;;;;X;;;;
32036221;320362-2-1;SOLENOID SHUTOFF VALVE;OVERHAUL;;;;X;X;X;X;X;;;;;X;;;;;;;;;;;;;;;;;;;;;;;;;;;;;;;;;;;;;;;;;;;;;;;;;;;;;;;;;;;;;;;;;;;;;;;;X;;;X;;;;;;;;;;X;;;;
32036231;320362-3-1;SOLENOID SHUTOFF VALVE;OVERHAUL;;;;X;X;X;X;X;;;;;X;;;;;;;;;;;;;;;;;;;;;;;;;;;;;;;;;;;;;;;;;;;;;;;;;;;;;;;;;;;;;;;;;;;;;;;;X;;;X;;;;;;;;;;X;;;;
32036241;320362-4-1;SOLENOID SHUTOFF VALVE;OVERHAUL;;;;X;X;X;X;X;;;;;X;;;;;;;;;;;;;;;;;;;;;;;;;;;;;;;;;;;;;;;;;;;;;;;;;;;;;;;;;;;;;;;;;;;;;;;;X;;;X;;;;;;;;;;X;;;;
3205481;320548-1;SOLENOID VALVE ASSEMBLY;OVERHAUL;;;;X;X;X;X;X;;;;;;;;;;;;;;;;;;;;;;;X;;;;X;;;;;;;;;;;;;;;;;;;;;;;;;;;;;;;;;;;;;;;;;;;;;;;;;;;;;;;;;;;;;;;X;;;;
3205482;320548-2;SOLENOID VALVE ASSEMBLY;OVERHAUL;;;;X;X;X;X;X;;;;;;;;;;;;;;;;;;;;;;;X;;;;X;;;;;;;;;;;;;;;;;;;;;;;;;;;;;;;;;;;;;;;;;;;;;;;;;;;;;;;;;;;;;;;X;;;;
3210005DB051;3210-005DB-051;INFLIGHT TRASH COMPACTOR;BENCH TEST;;;;X;X;X;X;X;;;;;;;;;;;;;X;;;;;;;;X;;;;;;;;;;;;;;;;;;;;;;;;;;;;;;;;;;;;;;;;;;;;;;;;;;;;;;;;;;;;;;;;;;;;;X;;;;
321000M02;321000M02;SIDE STICK TRANSDUCER UNIT;REPAIR;;;;X;X;X;X;X;;;;;;;;;;;;;X;;;;X;X;X;X;X;X;;;;;;;;;;;;;;;;;;;;;;;;;;;;;;;;;;;;;;;;;;;;;;;;;;;;;;;;;;;;;;;;;;;;X;;;;
321000M03;321000M03;SIDE STICK TRANSDUCER UNIT;REPAIR;;;;X;X;X;X;X;;;;;;;;;;;;;X;;;;X;X;X;X;X;X;;;;;;;;;;;;;;;;;;;;;;;;;;;;;;;;;;;;;;;;;;;;;;;;;;;;;;;;;;;;;;;;;;;;X;;;;
3213301;321330-1;6 INCH ? ELECTRIC MIXING BUTTERFLY VALVE;OVERHAUL;;;;X;;;;;;;;;;;;;;;;;;;;;;;;;;;X;;;;;;;;;;;X;;;;;;;;;;;;;;;;;;;;;;;;;;;;;;;;;;;;;;;;;;;;;;;;;;;;;;;;X;;;;
3213311;321331-1;6 INCH ? ELECTRIC MIXING BUTTERFLY VALVE;OVERHAUL;;;;X;;;;;;;;;;;;;;;;;;;;;;;;;;;X;;;;;;;;;;;X;;;;;;;;;;;;;;;;;;;;;;;;;;;;;;;;;;;;;;;;;;;;;;;;;;;;;;;;X;;;;
3213600600;321-360-060-0;DOOR ASSY - PIVOTING LWR;REPAIR;;;;X;X;X;X;X;;;;;;;;;;;;;X;;;;X;X;X;X;;;;;;;;;;;;;;;;;;;;;;;;;;;;;;;;;;;;;;;;;;;;;;;;;;;;;;;;;;;;;;;;;;;;;;X;;;X;
321372211;3213722-1-1;VALVE, REGULATING PRESS. SHUT, OFF;OVERHAUL;;;;X;;;;;;;;;;;;;;;;;;;;;;;;;;;;;;;;;;;;;;;;;;;;;;;;;;;;;;;;;;;;;;;;;;;;;;;;;;;;;;;;;X;;X;;;;;;;;;;;X;;;;
321372221;3213722-2-1;VALVE, REGULATING PRESS. SHUT, OFF;OVERHAUL;;;;X;;;;;;;;;;;;;;;;;;;;;;;;;;;;;;;;;;;;;;;;;;;;;;;;;;;;;;;;;;;;;;;;;;;;;;;;;;;;;;;;;X;;X;;;;;;;;;;;X;;;;
321372231;3213722-3-1;VALVE, REGULATING PRESS. SHUT, OFF;OVERHAUL;;;;X;;;;;;;;;;;;;;;;;;;;;;;;;;;;;;;;;;;;;;;;;;;;;;;;;;;;;;;;;;;;;;;;;;;;;;;;;;;;;;;;;X;;X;;;;;;;;;;;X;;;;
321372251;3213722-5-1;VALVE, REGULATING PRESS. SHUT, OFF;OVERHAUL;;;;X;;;;;;;;;;;;;;;;;;;;;;;;;;;;;;;;;;;;;;;;;;;;;;;;;;;;;;;;;;;;;;;;;;;;;;;;;;;;;;;;;X;;X;;;;;;;;;;;X;;;;
321372261;3213722-6-1;VALVE, REGULATING PRESS. SHUT, OFF;OVERHAUL;;;;X;;;;;;;;;;;;;;;;;;;;;;;;;;;;;;;;;;;;;;;;;;;;;;;;;;;;;;;;;;;;;;;;;;;;;;;;;;;;;;;;;X;;X;;;;;;;;;;;X;;;;
32137541;3213754-1;PNEUMATIC PRESSURE REGULATING VALVE;OVERHAUL;;;;X;X;X;X;X;;;;;;;;;;;;;X;;;;;;;;;;;;;;;;;;;;;;;;;;;;;;;;;;;;;;;;;;;;;;;;;;;;;;;;;;;;;;;;;;;;;;;;;;;;;X;;;;
32137542;3213754-2;PNEUMATIC PRESSURE REGULATING VALVE;OVERHAUL;;;;X;X;X;X;X;;;;;;;;;;;;;X;;;;;;;;;;;;;;;;;;;;;;;;;;;;;;;;;;;;;;;;;;;;;;;;;;;;;;;;;;;;;;;;;;;;;;;;;;;;;X;;;;
32138683;3213868-3;VALVE, SHUT OFF REGULATING;OVERHAUL;;;;X;X;X;X;X;;;;;;;;;;;;;X;X;X;X;X;X;X;X;X;X;;;;;;;;;;;;;;;;;;;;;;;;;;;;;;;;;;;;;;;;;;;;;;;;;;;;;;;;;;;;;;;;;;;;X;;;;
32138684;3213868-4;VALVE, SHUT OFF REGULATING;OVERHAUL;;;;X;X;X;X;X;;;;;;;;;;;;;X;;;;;;;;;;;;;;;;;;;;;;;;;;;;;;;;;;;;;;;;;;;;;;;;;;;;;;;;;;;;;;;;;;;;;;;;;;;;;X;;;;
321387611;3213876-11;VALVE;;REPAIR;;DNR;X;X;;X;;;;;;;;;;;;;;;;;;;;;;;;;;;;;;;;;;;;;;;;;;;;;;;;;;;;;;;;;;;;;;;;;X;;;;;;;;;;;;;X;;;;;;;;;;;;;;X;;;
3214007030;321-400-703-0;ACTUATOR DOOR OPENING;;OVERHAUL;;;X;X;;X;;;;;;;;;;;;;;X;;;;;X;X;X;;;;;;;;;;;;;;;;;;;;;;;;;;;;;;;;;;;;;;;;;;;;;;;;;;;;;;;;;;;;;;;;;;;;;;;X;;;
3214007050;321-400-705-0;ACTUATOR DOOR OPENING;;OVERHAUL;;;X;X;;X;;;;;;;;;;;;;;X;;;;;X;X;X;;;;;;;;;;;;;;;;;;;;;;;;;;;;;;;;;;;;;;;;;;;;;;;;;;;;;;;;;;;;;;;;;;;;;;;X;;;
3214099000;321-409-900-0;ACTUATOR JUNCTION BOX ASSY;;OVERHAUL;;;X;X;;X;;;;;;;;;;;;;;X;;;;;X;X;X;;;;;;;;;;;;;;;;;;;;;;;;;;;;;;;;;;;;;;;;;;;;;;;;;;;;;;;;;;;;;;;;;;;;;;;X;;;
32141024;3214102-4;REGULATOR;;REPAIR;;DNR;X;X;;X;;;;;;;;;;;;;;;;;;;;;;;;;;;;;;;;;;;;X;;;;X;;;;;;;;;;;;;;;;;;;;;;;;;;;;;;;;;;;;;;;;;;;;;;;;;;;;X;;;
321420;3214-20;EMERGENCY POWER SUPPLY UNIT;REPAIR;;;;X;X;X;X;X;;;X;;;;;;;;;;X;;X;X;;;;;;;;;;;;;;;;;;;;;;;;;;;;;;;;;;;;;;;;;;;;;;;;;;;;;;;;;;;;;;;;;;;;;;;;;;X;;;;
3214201036;321-420-103-6;BODY;;REPAIR;;;X;X;;X;;;;;;;;;;;;;;;;;;;;;;;;;;;;;;;;;;;;;;;;;;;;;;;;;;;;;;;;;;;;;;;;;;;;;;;;;;;;;;X;;;;;;;;;;;;;;X;;;
3214216020;321-421-602-0;END PIECE ASSY;;REPAIR;;;X;X;;X;;;;;;;;;;;;;;X;;;;;X;X;X;;;;;;;;;;;;;;;;;;;;;;;;;;;;;;;;;;;;;;;;;;;;;;;;;;;;;;;;;;;;;;;;;;;;;;;X;;;
32142302;3214230-2;TRIM AIR PRESS REG & SO VALVE;OVERHAUL;;;;X;X;X;X;;;;;;;;;;;;;;;;;;;;;;;;X;;;X;;;X;;;;;;;;;;;;;;;;;;;;;;;;;;;;;;;;;;;;;;;;;;;;;;;;;;;;;;;;;;;;;X;;;;
32142303;3214230-3;TRIM AIR PRESS REG & SO VALVE;OVERHAUL;;;;X;X;X;X;;;;;;;;;;;;;;;;;;;;;;;;X;;;X;;;X;;;;;;;;;;;;;;;;;;;;;;;;;;;;;;;;;;;;;;;;;;;;;;;;;;;;;;;;;;;;;X;;;;
32142304;3214230-4;TRIM AIR PRESS REG & SO VALVE;OVERHAUL;;;;X;X;X;X;;;;;;;;;;;;;;;;;;;;;;;;X;;;X;;;X;;;;;;;;;;;;;;;;;;;;;;;;;;;;;;;;;;;;;;;;;;;;;;;;;;;;;;;;;;;;;X;;;;
3214234000;321-423-400-0;END PIECE ASSY PRESSURE;;REPAIR;;;X;X;;X;;;;;;;;;;;;;;;;;;;;;;;;;;;;;;;;;;;;X;X;;;;;;;;;;;;;;;;;;;;;;;;;;;;;;;;;;;;;;;;;;;;;;;;;;;;;;;X;;;
321430;3214-30;BATTERY;BENCH TEST;;;;X;X;X;X;X;;;;;;;;;;;;;X;;;;;;;;;;;;;;;;;;;;;;;;;;;;;;;;;;;;;;;;;;;;;;;;;;;;;;;;;;;;;;;;;;;;;;;;;;;;;X;;;;
321431;3214-31;BATTERY;BENCH TEST;;;;X;X;X;X;X;;;;;;;;;;;;;X;;;;;;;;;;;;;;;;;;;;;;;;;;;;;;;;;;;;;;;;;;;;;;;;;;;;;;;;;;;;;;;;;;;;;;;;;;;;;X;;;;
321440;3214-40;EMERGENCY POWER SUPPLY UNIT;REPAIR;;;;X;X;X;X;X;;;;;;;;;;;;;X;;X;X;;;;;;;;;;;;;;;;;;;;;;;;;;;;;;;;;;;;;;;;;;;;;;;;;;;;;;;;;;;;;;;;;;;;;;;;;;X;;;;
321440612;3214406-1-2;FILTER TYPE DIFFERENTIAL PRESS REGULATOR;OVERHAUL;;;;X;;;;;;;;;X;;;;;;;;;;;;;;;;;;X;;;;;;;;;;;X;;;;;;;;;;;;;;;;;;;;;;;;;;;;;;;;;;;;;;;;;;;;;;;;;;;;;;;;X;;;;
321441;3214-41;EMERGENCY POWER SUPPLY UNIT;REPAIR;;;;X;X;X;X;X;;;X;;;;;;;;;;X;;X;X;;;;;;;;;;;;;;;;;;;;;;;;;;;;;;;;;;;;;;;;;;;;;;;;;;;;;;;;;;;;;;;;;;;;;;;;;;X;;;;
32144461;3214446-1;VALVE, HIGH STAGE;OVERHAUL;;;;X;X;X;X;X;;;;;;;;;;;;;;;;;;;;;;;X;;;;;;;;;;;;;;;;;;;;;;;;;;;;;;;;;;;;;;;;;;;;;;;;;;;;;;;;;;;;;;;;;;;X;;;;
32144462;3214446-2;VALVE, HIGH STAGE;OVERHAUL;;;;X;X;X;X;;;;;;;;;;;;;;;;;;;;;;;;X;;;X;;;;;;;;;;;;;;;;;;;;;;;;;;;;;;;;;;;;;;;;;;;;;;;;;;;;;;;;;;;;;;;;X;;;;
32144463;3214446-3;VALVE, HIGH STAGE;OVERHAUL;;;;X;X;X;X;;;;;;;;;;;;;;;;;;;;;;;;X;;;X;;;;;;;;;;;;;;;;;;;;;;;;;;;;;;;;;;;;;;;;;;;;;;;;;;;;;;;;;;;;;;;;X;;;;
32144464;3214446-4;VALVE, HIGH STAGE;OVERHAUL;;;;X;X;X;X;;;;;;;;;;;;;;;;;;;;;;;;X;;;X;;;;;;;;;;;;;;;;;;;;;;;;;;;;;;;;;;;;;;;;;;;;;;;;;;;;;;;;;;;;;;;;X;;;;
321452;3214-52;POWER SUPPLY, EMERGENCY;REPAIR;;;;X;X;X;X;X;;;X;;;;;;;;;;X;;;;;;X;;;;;;;;;;;;;;;;;;;;;;;;;;;;;;;;;;;;;;;;;;;;;;;;;;;;;;;;;;;;;;;;;;;;;;;X;;;;
321454;3214-54;POWER SUPPLY, EMERGENCY;REPAIR;;;;X;X;X;X;X;;;X;;;;;;;;;;X;;;;;X;X;X;;;;;;;;;;;;;;;;;;;;;;;;;;;;;;;;;;;;;;;;;;;;;;;;;;;;;;;;;;;;;;;;;;;;;;X;;;;
32145410;3214-54-10;EPSU-EMERGENCY POWER SUPPLY UNIT;REPAIR;;;;X;X;X;X;X;;;X;;;;;;;;;;X;;;X;X;X;X;X;;;;;;;;;;;;;;;;;;;;;;;;;;;;;;;;;;;;;;;;;;;;;;;;;;;;;;;;;;;;;;;;;;;;;;X;;;;
32145420;3214-54-20;EPSU-EMERGENCY POWER SUPPLY UNIT;REPAIR;;;;X;X;X;X;X;;;X;;;;;;;;;;X;;;;;X;X;X;;;;;;;;;;;;;;;;;;;;;;;;;;;;;;;;;;;;;;;;;;;;;;;;;;;;;;;;;;;;;;;;;;;;;;X;;;;
321455;3214-55;POWER SUPPLY, EMERGENCY;REPAIR;;;;X;X;X;X;X;;;X;;;;;;;;;;X;;;;;;;X;;;;;;;;;;;;;;;;;;;;;;;;;;;;;;;;;;;;;;;;;;;;;;;;;;;;;;;;;;;;;;;;;;;;;;X;;;;
32145510;3214-55-10;EPSU-EMERGENCY POWER SUPPLY UNIT;REPAIR;;;;X;X;X;X;X;;;X;;;;;;;;;;X;;;;;;;X;;;;;;;;;;;;;;;;;;;;;;;;;;;;;;;;;;;;;;;;;;;;;;;;;;;;;;;;;;;;;;;;;;;;;;X;;;;
32145581;3214558-1;REGULATING VALVE;;REPAIR;Overhaul/Repair/Inspection/Modification;DNR;X;X;;X;;;;;;;;;;;;;;;;;;;;;;;;;;;;;;;;;;;;X;X;;;;;;;;;;;;;;;;;;;;;;;;;;;;;;;;;;;;;;;;;;;;;;;;;;;;;;;X;X;;
32145582;3214558-2;REGULATING VALVE;;OVERHAUL;Overhaul/Repair/Inspection/Modification;DNR;X;X;;X;;;;;;;;;;;;;;;;;;;;;;;;;;;;;;;;;;;;X;X;;;;;;;;;;;;;;;;;;;;;;;;;;;;;;;;;;;;;;;;;;;;;;;;;;;;;;;X;X;;
32145601;3214560-1;REGULATING VALVE;;REPAIR;Overhaul/Repair/Inspection/Modification;DNR;X;X;;X;;;;;;;;;;;;;;;;;;;;;;;;;;;;;;;;;;;;X;X;;;;;;;;;;;;;;;;;;;;;;;;;;;;;;;;;;;;;;;;;;;;;;;;;;;;;;;X;X;;
32145602;3214560-2;REGULATING VALVE;;OVERHAUL;Overhaul/Repair/Inspection/Modification;DNR;X;X;;X;;;;;;;;;;;;;;;;;;;;;;;;;;;;;;;;;;;;X;X;;;;;;;;;;;;;;;;;;;;;;;;;;;;;;;;;;;;;;;;;;;;;;;;;;;;;;;X;X;;
32146081;3214608-1;VALVE-TRIM AIR PRESSURE REGULATOR;OVERHAUL;;;;X;X;X;X;X;;;;;;;;;;;;;X;;X;X;;;;;;;;;;;;;;;;;;;;;;;;;;;;;;;;;;;;;;;;;;;;;;;;;;;;;;;;;;;;;;;;;;;;;;;;;;X;;;;
32146121;3214612-1;SHUTOFF VALVE;OVERHAUL;;;;X;X;X;X;X;;;;;;;;;;;;;X;;X;X;;;;;;;;;;;;;;;;;;;;;;;;;;;;;;;;;;;;;;;;;;;;;;;;;;;;;;;;;;;;;;;;;;;;;;;;;;X;;;;
32146123;3214612-3;SHUTOFF VALVE;OVERHAUL;;;;X;X;X;X;X;;;;;;;;;;;;;X;;X;X;;;;;;;;;;;;;;;;;;;;;;;;;;;;;;;;;;;;;;;;;;;;;;;;;;;;;;;;;;;;;;;;;;;;;;;;;;X;;;;
321462;3214-62;POWER SUPPLY, EMERGENCY;REPAIR;;;;X;X;X;X;X;;;X;;;;;;;;;;X;;;;;;;;X;X;;;;;;;;;;;;;;;;;;;;;;;;;;;;;;;;;;;;;;;;;;;;;;;;;;;;;;;;;;;;;;;;;;;;X;;;;
32146210;3214-62-10;EPSU-EMERGENCY POWER SUPPLY UNIT;REPAIR;;;;X;X;X;X;X;;;X;;;;;;;;;;X;;;;X;X;X;X;X;X;;;;;;;;;;;;;;;;;;;;;;;;;;;;;;;;;;;;;;;;;;;;;;;;;;;;;;;;;;;;;;;;;;;;X;;;;
32146220;3214-62-20;EPSU-EMERGENCY POWER SUPPLY UNIT;REPAIR;;;;X;X;X;X;X;;;X;;;;;;;;;;X;;;;;X;X;X;X;X;;;;;;;;;;;;;;;;;;;;;;;;;;;;;;;;;;;;;;;;;;;;;;;;;;;;;;;;;;;;;;;;;;;;X;;;;
32146841;3214684-1;STARTER VALVE;;REPAIR;;DNR;X;X;;X;;;;;;;;;;;;;;;;;;;;;;;;;;;;;;;;;;;;;;;;;;;;;;;;;;;;;;;;;;;;;;;;;;;;;;;;;;;;;;;;;;;;;;X;X;;;;;X;;;
32146842;3214684-2;STARTER VALVE;;OVERHAUL;;DNR;X;X;;X;;;;;;;;;;;;;;;;;;;;;;;;;;;;;;;;;;;;;;;;;;;;;;;;;;;;;;;;;;;;;;;;;;;;;;;;;;;;;;;;;;;;;;X;X;;;;;X;;;
32146845;3214684-5;STARTER VALVE;;OVERHAUL;;DNR;X;X;;X;;;;;;;;;;;;;;;;;;;;;;;;;;;;;;;;;;;;;;;;;;;;;;;;;;;;;;;;;;;;;;;;;;;;;;;;;;;;;;;;;;;;;;X;X;;;;;X;;;
32148621;3214862-1;TRIM AIR PRESS REG & SO VALVE;OVERHAUL;;;;X;X;X;X;;;;;;;;;;;;;;;;;;;;;;;;X;;;X;;;X;;;;;;;;;;;;;;;;;;;;;;;;;;;;;;;;;;;;;;;;;;;;;;;;;;;;;;;;;;;;;X;;;;
32148861;3214886-1;PNEUMATIC PRESSURE REGULATOR VALVE;OVERHAUL;;;;X;X;X;X;X;;;X;;;;;;;;;;X;;;;;;;;;;;;;;;;;;;;;;;;;;;;;;;;;;;;;;;;;;;;;;;;;;;;;;;;;;;;;;;;;;;;;;;;;;;;;X;;;;
32148862;3214886-2;PNEUMATIC PRESSURE REGULATOR VALVE;OVERHAUL;;;;X;X;X;X;X;;;X;;;;;;;;;;X;;;;;;;;;;;;;;;;;;;;;;;;;;;;;;;;;;;;;;;;;;;;;;;;;;;;;;;;;;;;;;;;;;;;;;;;;;;;;X;;;;
32148881;3214888-1;PNEUMATIC PRESSURE REGULATING VALVE;OVERHAUL;;;;X;X;X;X;X;;;;;;;;;;;;;X;;;;;;;;;;;;;;;;;;;;;;;;;;;;;;;;;;;;;;;;;;;;;;;;;;;;;;;;;;;;;;;;;;;;;;;;;;;;;X;;;;
32148882;3214888-2;PNEUMATIC PRESSURE REGULATING VALVE;OVERHAUL;;;;X;X;X;X;X;;;;;;;;;;;;;X;;;;;;;;;;;;;;;;;;;;;;;;;;;;;;;;;;;;;;;;;;;;;;;;;;;;;;;;;;;;;;;;;;;;;;;;;;;;;X;;;;
321490;3214-90;AUTONOMOUS STANDBY POWER SUPPLY UNIT;REPAIR;;;;X;X;X;X;X;;;X;;;;;;;;;;X;;X;X;;;;;X;X;;;;;;;;;;;;;;;;;;;;;;;;;;;;;;;;;;;;;;;;;;;;;;;;;;;;;;;;;;;;;;;;;;;;X;;;;
321491;3214-91;AUTONOMOUS STANDBY POWER SUPPLY UNIT;REPAIR;;;;X;X;X;X;X;;;X;;;;;;;;;;X;;X;X;;;;;X;X;;;;;;;;;;;;;;;;;;;;;;;;;;;;;;;;;;;;;;;;;;;;;;;;;;;;;;;;;;;;;;;;;;;;X;;;;
321492;3214-92;AUTONOMOUS STANDBY POWER SUPPLY UNIT;REPAIR;;;;X;X;X;X;X;;;X;;;;;;;;;;X;;X;X;;;;;X;X;;;;;;;;;;;;;;;;;;;;;;;;;;;;;;;;;;;;;;;;;;;;;;;;;;;;;;;;;;;;;;;;;;;;X;;;;
32149581;3214958-1;PRESSURE REGULATING & SHUTOFF VALVE;OVERHAUL;;Overhaul/Repair/Inspection/Modification;;X;X;X;X;X;;;;;;;;;;;;;;;;;;;;;;;;;;;;;;;;;;;X;X;;;X;;;;;;;;;;;;;;;;;;;;;;;;;;;;;;;;;;;;;;;;;;;;;;;;;;;X;;X;;
32149582;3214958-2;PRESSURE REGULATING & SHUTOFF VALVE;OVERHAUL;OVERHAUL;Overhaul/Repair/Inspection/Modification;DNR;X;X;X;X;X;;;;;;;;;;;;;;;;;;;;;;;;;;;;;;;;;;;X;X;;;X;;;;;;;;;;;;;;;;;;;;;;;;;;;;;;;;;;;;;;;;;;;;;;;;;;;X;X;X;;
32149601;3214960-1;PRESSURE REGULATING AND SHUTOFF VALVE;REPAIR;;Overhaul/Repair/Inspection/Modification;;X;X;X;X;X;;;;;;;;;;;;;;;;;;;;;;;;;;;;;;;;;;;X;;;;;;;;;;;;;;;;;;;;;;;;;;;;;;;;;;;;;;;;;;;;;;;;;;;;;;;X;;X;;
32149602;3214960-2;PRESSURE REGULATING AND SHUTOFF VALVE;REPAIR;OVERHAUL;Overhaul/Repair/Inspection/Modification;DNR;X;X;X;X;X;;;;;;;;;;;;;;;;;;;;;;;;;;;;;;;;;;;X;;;;X;;;;;;;;;;;;;;;;;;;;;;;;;;;;;;;;;;;;;;;;;;;;;;;;;;;X;X;X;;
32149603;3214960-3;PRESSURE REGULATING AND SHUTOFF VALVE;REPAIR;OVERHAUL;Overhaul/Repair/Inspection/Modification;DNR;X;X;X;X;X;;;;;;;;;;;;;;;;;;;;;;;;;;;;;;;;;;;X;X;;;X;;;;;;;;;;;;;;;;;;;;;;;;;;;;;;;;;;;;;;;;;;;;;;;;;;;X;X;X;;
32149621;3214962-1;TRIM AIR PRESS REG & SO VALVE;OVERHAUL;;;;X;X;X;X;;;;;;;;;;;;;;;;;;;;;;;;X;;;X;X;;X;;;;;;;;;;;;;;;;;;;;;;;;;;;;;;;;;;;;;;;;;;;;;;;;;;;;;;;;;;;;;X;;;;
32149721;3214972-1;TRIM AIR PRESS REG & SO VALVE;OVERHAUL;;;;X;X;X;X;;;;;;;;;;;;;;;;;;;;;;;;X;;;X;X;;;;;;;;;;;;;;;;;;;;;;;;;;;;;;;;;;;;;;;;;;;;;;;;;;;;;;;;;;;;;;;X;;;;
32150241;321502-4-1;VALVE, SHUT OFF;OVERHAUL;;;;X;;;;;;;;;;;;;;;;;;;;;;;;;;;;;;;;;;;;;;;;;;;;;;;;;;;;;;;;;;;;;;;;;;;;;;;;;;;;;;;;;X;;X;;;;;;;;;;;X;;;;
32153581;3215358-1;STARTER VALVE CONTROL;;REPAIR;;DNR;X;X;;;;;;;;;;;;;;;;;;;;;;;;;;;;;;;;;;;;;;;;;;;;X;;;;X;X;;;;;;;;;;;;;;;;;;;;;;;;;;;;;;;;;;;;;;;;;;;;;X;;;
32153582;3215358-2;STARTER VALVE CONTROL;;REPAIR;;DNR;X;X;;;;;;;;;;;;;;;;;;;;;;;;;;;;;;;;;;;;;;;;;;;;X;;;;X;X;;;;;;;;;;;;;;;;;;;;;;;;;;;;;;;;;;;;;;;;;;;;;X;;;
32156221;3215622-1;VALVE PRESSURE REGULATING;;REPAIR;;DNR;X;X;;X;;;;;;;;;;;;;;;;;;;;;;;;;;;;;;;;;;;;;;;;;;;;;;;;;;;;;;;;;;;;;;;;;X;;;;X;;;;;;;;;;;;;;;;;;;;;;;X;;;
32156222;3215622-2;VALVE PRESSURE REGULATING;;REPAIR;;DNR;X;X;;X;;;;;;;;;;;;;;;;;;;;;;;;;;;;;;;;;;;;;;;;;;;;;;;;;;;;;;;;;;;;;;;;;X;;;;X;;;;;;;;;;;;;;;;;;;;;;;X;;;
3215841;32-158-4-1;BOOT DEICER;;REPAIR;;;X;X;;X;;;;;;;;;;;;;;;;;;;;;;;;;;;;;;;;;;;;X;X;X;X;  ;;;;;;;;;;;;;;;;;;;;;;;;;;;;;;;;;;;;;;;;;;;;;;;;;;;;X;;;
3217100;3217-100;RAIN REPELLENT VALVE;OVERHAUL;;Overhaul/Repair/Inspection/Modification;;X;X;X;X;X;;;;;;;;;;;;;X;;;;X;X;X;X;X;X;;;;;;;;;;;;;;;;;;;;;;;;;;;;;;;;;;;;;;;;;;;;;;;;;;;;;;;;;;;;;;;;;;;;X;;X;;
3217200;3217-200;RAIN REPELLENT VALVE;OVERHAUL;;Overhaul/Repair/Inspection/Modification;;X;X;X;X;X;;;;;;;;;;;;;X;;;;X;X;X;X;X;X;;;;;;;;;;;;;;;;;;;;;;;;;;;;;;;;;;;;;;;;;;;;;;;;;;;;;;;;;;;;;;;;;;;;X;;X;;
32172382B;32-172-38-2B;BOOT DEICER;;BENCH TEST;;;X;X;;X;;;;;;;;;;;;;;;;;;;;;;;;;;;;;;;;;;;;X;;;;X;;;;;;;;;;;;;;;;;;;;;;;;;;;;;;;;;;;;;;;;;;;;;;;;;;;;X;;;
32186211;321862-1-1;SHUTOFF VALVE;;REPAIR;;DNR;X;X;;;;;;;;;;;;;;;;;;;;;;;;;;;;;;;;;;;;;;;;;;;;;;;;;;;;;;;;;;;;;;;;;;;;;;;;;;;;;;;;;;;;;;;;X;;;X;;;X;;;
32191611;321916-1-1;VALVE SHUTOFF;;OVERHAUL;;;X;X;;X;;;;;;;;;;;;;;;;;;;;;;;;;;;;;;;;;;;;;;;;;;;;;;;;;;;;;;;;;;;;;;;;;;;;;;;;;;;;;;;;;;;;;;X;X;;;;;X;;;
32194211;321942-1-1;VALVE-SHUT OFF, BUTTERFLY, ELEC;OVERHAUL;;;;X;X;X;X;X;;;;;;;;;;;;;X;;;;;;;;;;;;;;;;;;;;;;;;;;;;;;;;;;;;;;;;;;;;;;;;;;;;;;;;;;;;;;;;;;;;;;;;;;;;;X;;;;
322411;3224-11;FLIGHT DECK FLOOR HEATING PANEL;REPAIR;;;;X;X;X;X;X;;;;;;;;;;;;;X;;X;;;;;;;;;;;;;;;;;;;;;;;;;;;;;;;;;;;;;;;;;;;;;;;;;;;;;;;;;;;;;;;;;;;;;;;;;;;X;;;;
32248001;32248-001;BATTERY;;OVERHAUL;;;X;X;;X;;;;;;;;;;;;;;;;;;;;;;;;;;;;;;;;;;;;;;;;;;X;;;;;X;;;;;;;;;;;;;;;;;;;;;;;;;;;;;;;;;;;;;;;;;;;;;X;;;
323110004;32-3110-004;COWL ANTI-ICING SHUTOFF VALVE;OVERHAUL;;;;X;X;X;X;X;;;;;;;;;;;;;X;;;;;;;;;;;;;;;;;;;;;;;;;;;;;;;;;;;;;;;;;;;;;;;;;;;;;;;;;;;;;;;;;;;;;;;;;;;;;X;;;;
323110005;32-3110-005;COWL ANTI-ICING SHUTOFF VALVE;OVERHAUL;;;;X;X;X;X;X;;;;;;;;;;;;;X;X;X;X;X;X;X;X;X;X;;;;;;;;;;;;;;;;;;;;;;;;;;;;;;;;;;;;;;;;;;;;;;;;;;;;;;;;;;;;;;;;;;;;X;;;;
323110006;32-3110-006;COWL ANTI-ICING SHUTOFF VALVE;OVERHAUL;;;;X;X;X;X;X;;;;;;;;;;;;;X;;;;;;;;;;;;;;;;;;;;;;;;;;;;;;;;;;;;;;;;;;;;;;;;;;;;;;;;;;;;;;;;;;;;;;;;;;;;;X;;;;
324720;3247-20;BALLAST;;REPAIR;;;X;X;;X;;;;;;;;;;;;;;;;;;;;;;;;;;;;;;;;;;;;;;;;;;;;;;;;;;;;;;;;;;;;;;;;;;;;;;;;;;;;;;;;;;;;;;X;X;;;;;X;;;
324730;3247-30;BALLAST;;REPAIR;;;X;X;;X;;;;;;;;;;;;;;;;;;;;;;;;;;;;;;;;;;;;;;;;;;;;;;;;;;;;;;;;;;;;;;;;;;;;;;;;;;;;;;;;;;;;;;X;X;;;;;X;;;
324732;3247-32;BALLAST;;REPAIR;;;X;X;;X;;;;;;;;;;;;;;;;;;;;;;;;;;;;;;;;;;;;;;;;;;;;;;;;;;;;;;;;;;;;;;;;;;;;;;;;;;;;;;;;;;;;;;X;X;;;;;X;;;
324740;3247-40;BALLAST;;REPAIR;;;X;X;;X;;;;;;;;;;;;;;;;;;;;;;;;;;;;;;;;;;;;;;;;;;;;;;;;;;;;;;;;;;;;;;;;;;;;;;;;;;;;;;;;;;;;;;X;X;;;;;X;;;
324742;3247-42;BALLAST;;REPAIR;;;X;X;;X;;;;;;;;;;;;;;;;;;;;;;;;;;;;;;;;;;;;;;;;;;;;;;;;;;;;;;;;;;;;;;;;;;;;;;;;;;;;;;;;;;;;;;X;X;;;;;X;;;
325020;3250-20;BALLAST UNIT;REPAIR;;;;X;X;X;X;X;;;;;;;;;;;;;X;;;;;X;X;X;;;;;;;;;;;;;;;;;;;;;;;;;;;;;;;;;;;;;;;;;;;;;;;;;;;;;;;;;;;;;;;;;;;;;;X;;;;
32502010;3250-20-10;BALLAST UNIT;REPAIR;;;;X;X;X;X;X;;;;;;;;;;;;;X;;;;;;;;;;;;;;;;;;;;;;;;;;;;;;;;;;;;;;;;;;;;;;;;;;;;;;;;;;;;;;;;;;;;;;;;;;;;;X;;;;
325030;3250-30;CONVERTISSEUR STATIQUE 15W;OVERHAUL;;;;X;X;X;X;X;;;;;;;;;;;;;X;;;;;;;;;;;;;;;;;;;;;;;;;;;;;;;;;;;;;;;;;;;;;;;;;;;;;;;;;;;;;;;;;;;;;;;;;;;;;X;;;;
325031;3250-31;BALLAST;REPAIR;;;;X;X;X;X;X;;;;;;;;;;;;;X;;;;;;;;;;;;;;;;;;;;;;;;;;;;;;;;;;;;;;;;;;;;;;;;;;;;;;;;;;;;;;;;;;;;;;;;;;;;;X;;;;
325060;3250-60;BALLAST UNIT;REPAIR;;;;X;X;X;X;X;;;;;;;;;;;;;X;;;;;X;X;X;;;;;;;;;;;;;;;;;;;;;;;;;;;;;;;;;;;;;;;;;;;;;;;;;;;;;;;;;;;;;;;;;;;;;;X;;;;
325070;3250-70;BALLAST UNIT;REPAIR;;;;X;X;X;X;X;;;;;;;;;;;;;X;;;;;;;;;;;;;;;;;;;;;;;;;;;;;;;;;;;;;;;;;;;;;;;;;;;;;;;;;;;;;;;;;;;;;;;;;;;;;X;;;;
32507010;3250-70-10;BALLAST UNIT;REPAIR;;;;X;X;X;X;X;;;;;;;;;;;;;X;;;;;;;;;;;;;;;;;;;;;;;;;;;;;;;;;;;;;;;;;;;;;;;;;;;;;;;;;;;;;;;;;;;;;;;;;;;;;X;;;;
325080;3250-80;BALLAST UNIT;OVERHAUL;;;;X;X;X;X;;;;;;;;;;;;;;X;;;;;;;;;;;;;;;;;;;;;;;;;;;;;;;;;;;;;;;;;;;;;;;;;;;;;;;;;;;;;;;;;;;;;;;;;;;;;X;;;;
325081;3250-81;BALLAST UNIT;REPAIR;;;;X;X;X;X;X;;;;;;;;;;;;;X;;;;;;;;;;;;;;;;;;;;;;;;;;;;;;;;;;;;;;;;;;;;;;;;;;;;;;;;;;;;;;;;;;;;;;;;;;;;;X;;;;
32540;3-2540;POWER RELAY;;REPAIR;;;X;X;;;;;;;;X;;;;;;;;;;;;;;;;;;;;;;;;;;;;;;;;;;;;;;;;;;;X;;;X;;;;;;;;;;;;;;;;;;;;;;;;;;;;;;;;;;;;;;;;X;;;
326A25101;326A25-101;ELECTRO-MECHANICAL VALVE;OVERHAUL;;;;X;X;X;X;X;;;;;;X;;;;X;X;;;;;;;;;;;;;;;;;;;;;;;;;;;;;;;;;;;;;;;;;;;;;;;;;;;;;;;;;;;;;;;;;;;;;;;;;;;;;;;X;;;;
326A2530;326A25-30;ELECTRO-MECHANICAL VALVE;OVERHAUL;;;;X;X;X;X;X;;;;;;X;;;;X;X;;;;;;;;;;;;;;;;;;;;;;;;;;;;;;;;;;;;;;;;;;;;;;;;;;;;;;;;;;;;;;;;;;;;;;;;;;;;;;;X;;;;
32700015;32700015;FIRE EXTINGUISHER;;TEST;;;X;X;;;;;;;;;;;;;;;;;;;;;;;;;;;;;;;;;;;;;;;;;;;;;;;;;;;;;;;;;;;;;;;;;;;;;;;;;;;;;;;;X;;;;;;;;;;;;;;X;;;
32700020;32700020;EXTINGUISHER FIRE ENGINE;;TEST;;;X;X;;X;;;;;;;;;;;;;;;;;;;;;;;;;;;;;;;;;;;;;;;;;;;;;;;;;;;;;;;;;;;;;;;;;;;;;;;;;;;;;;;;;;;;;;X;X;;;;;X;;;
327000301;32700030-1;EXTINCTEUR MOTEUR AUTOMAT;;TEST;;;X;X;;;;;;;;X;;;;;;;;;;;;;;;;;;;;;;;;;;;;;;;;;;;;;;;;;;;;;;;;;;;;;;;;;;;;;;;;;X;X;;;;;;X;;;;;;;;;;;;;;X;;;
32895621;3289562-1;PRECOOLER CONTROL VALVE;OVERHAUL;;;;X;X;X;X;X;;;;;;;;;;;;;;;;;;;;;;;X;;;X;;;;;;;;;;;;;;;;;;;;;;;;;;;;;;;;;;;;;;;;;;;;;;;;;;;;;;;;;;;;;;;;X;;;;
32895622;3289562-2;PRECOOLER CONTROL VALVE;OVERHAUL;;;;X;X;X;X;X;;;;;;;;;;;;;;;;;;;;;;;X;;;X;;;;;;;;;;;;;;;;;;;;;;;;;;;;;;;;;;;;;;;;;;;;;;;;;;;;;;;;;;;;;;;;X;;;;
32895623;3289562-3;PRECOOLER CONTROL VALVE;OVERHAUL;;;;X;X;X;X;X;;;;;;;;;;;;;;;;;;;;;;;X;;;X;;;;;;;;;;;;;;;;;;;;;;;;;;;;;;;;;;;;;;;;;;;;;;;;;;;;;;;;;;;;;;;;X;;;;
32895624;3289562-4;PRECOOLER CONTROL VALVE;OVERHAUL;;;;X;X;X;X;X;;;;;;;;;;;;;;;;;;;;;;;X;;;X;;;;;;;;;;;;;;;;;;;;;;;;;;;;;;;;;;;;;;;;;;;;;;;;;;;;;;;;;;;;;;;;X;;;;
32895625;3289562-5;PRECOOLER CONTROL VALVE;OVERHAUL;;;;X;X;X;X;X;;;;;;;;;;;;;;;;;;;;;;;X;;;X;;;;;;;;;;;;;;;;;;;;;;;;;;;;;;;;;;;;;;;;;;;;;;;;;;;;;;;;;;;;;;;;X;;;;
32895626;3289562-6;PRECOOLER CONTROL VALVE;OVERHAUL;;;;X;X;X;X;X;;;;;;;;;;;;;;;;;;;;;;;X;;;X;;;;;;;;;;;;;;;;;;;;;;;;;;;;;;;;;;;;;;;;;;;;;;;;;;;;;;;;;;;;;;;;X;;;;
32895627;3289562-7;PRECOOLER CONTROL VALVE;OVERHAUL;;;;X;X;X;X;X;;;;;;;;;;;;;;;;;;;;;;;X;;;X;;;;;;;;;;;;;;;;;;;;;;;;;;;;;;;;;;;;;;;;;;;;;;;;;;;;;;;;;;;;;;;;X;;;;
32896141;3289614-1;VALVE, ANTI-ICE SHUTOFF;OVERHAUL;;;;X;X;X;X;X;;;X;;;;;;;;;;X;X;X;X;;;;;;;;;;;;;;;;;;;;;;;;;;;;;;;;;;;;;;;;;;;;;;;;;;;;;;;;;;;;;;;;;;;;;;;;;;X;;;;
32896142;3289614-2;VALVE, ANTI-ICE SHUTOFF;OVERHAUL;;;;X;X;X;X;X;;;X;;;;;;;;;;X;X;X;X;;;;;;;;;;;;;;;;;;;;;;;;;;;;;;;;;;;;;;;;;;;;;;;;;;;;;;;;;;;;;;;;;;;;;;;;;;X;;;;
32896143;3289614-3;VALVE, ANTI-ICE SHUTOFF;OVERHAUL;;;;X;X;X;X;X;;;X;;;;;;;;;;X;X;X;X;;;;;;;;;;;;;;;;;;;;;;;;;;;;;;;;;;;;;;;;;;;;;;;;;;;;;;;;;;;;;;;;;;;;;;;;;;X;;;;
32896301;3289630-1;3 IN ? STARTER CONTROL VALVE;OVERHAUL;;;;X;X;X;X;X;;;;;;;;;;;;;;;;;;;;;;;X;;;X;;;;;;;;;;;;;;;;;;;;;;;;;;;;;;;;;;;;;;;;;;;;;;;;;;;;;;;;;;;;;;;;X;;;;
32896302;3289630-2;3 IN ? STARTER CONTROL VALVE;OVERHAUL;;;;X;X;X;X;X;;;;;;;;;;;;;;;;;;;;;;;X;;;X;;;;;;;;;;;;;;;;;;;;;;;;;;;;;;;;;;;;;;;;;;;;;;;;;;;;;;;;;;;;;;;;X;;;;
32896303;3289630-3;3 IN ? STARTER CONTROL VALVE;OVERHAUL;;;;X;X;X;X;X;;;;;;;;;;;;;;;;;;;;;;;X;;;X;;;;;;;;;;;;;;;;;;;;;;;;;;;;;;;;;;;;;;;;;;;;;;;;;;;;;;;;;;;;;;;;X;;;;
32896304;3289630-4;3 IN ? STARTER CONTROL VALVE;OVERHAUL;;;;X;X;X;X;X;;;;;;;;;;;;;;;;;;;;;;;X;;;X;;;;;;;;;;;;;;;;;;;;;;;;;;;;;;;;;;;;;;;;;;;;;;;;;;;;;;;;;;;;;;;;X;;;;
32896305;3289630-5;3 IN ? STARTER CONTROL VALVE;OVERHAUL;;;;X;X;X;X;X;;;;;;;;;;;;;;;;;;;;;;;X;;;X;;;;;;;;;;;;;;;;;;;;;;;;;;;;;;;;;;;;;;;;;;;;;;;;;;;;;;;;;;;;;;;;X;;;;
32896741;3289674-1;BLEED AIR SHUTOFF VALVE;OVERHAUL;REPAIR;;DNR;X;X;X;X;X;;;;;;;;;;;;;;;;;;;;;;;;;;;;;;;;;;;X;X;;;;;;;;;;;;;;;;;;;;;;;;;;;;;;;;;;;;;;;;;;;;;;;;;;;;;;X;X;;;
32897041;3289704-1;TWO & ONE-HALF INCH DIAM SHUTOFF VALVE;OVERHAUL;OVERHAUL;Overhaul/Repair/Inspection/Modification;DNR;X;X;X;X;X;;;;;;;;;;;;;;;;;;;;;;;;;;;;;;;;;;;X;X;;;X;;;;;;;;;;;;;;;;;;;;;;;;;;;;;;;;;;;;;;;;;;;;;;;;;;;X;X;X;;
32897061;3289706-1;ECU ISOLATION VALVE;;OVERHAUL;Overhaul/Repair/Inspection/Modification;DNR;X;X;;X;;;;;;;;;;;;;;;;;;;;;;;;;;;;;;;;;;;;X;X;;;;;;;;;;;;;;;;;;;;;;;;;;;;;;;;;;;;;;;;;;;;;;;;;;;;;;;X;X;;
32898341;3289834-1;SHUTOFF VALVE;OVERHAUL;;;;X;X;X;X;;;;;;;;;;;;;;X;;;;;;;;;;;;;;;;;;;;;;;;;;;;;;;;;;;;;;;;;;;;;;;;;;;;;;;;;;;;;;;;;;;;;;;;;;;;;X;;;;
32898344;3289834-4;SHUTOFF VALVE;OVERHAUL;;;;X;X;X;X;X;;;;;;;;;;;;;X;;;;;;;;;;;;;;;;;;;;;;;;;;;;;;;;;;;;;;;;;;;;;;;;;;;;;;;;;;;;;;;;;;;;;;;;;;;;;X;;;;
32898981;3289898-1;VALVE TEMPERATURE CONTROL;;OVERHAUL;;DNR;X;X;;X;;;;;;;;;;;;;;;;;;;;;;;;;;;;;;;;;;;;;;;;;;;;;;;;;;;;;;;;;;;;;;;;;;;;;;;;;;;;;;;;;;;;;;X;X;;;;;X;;;
32898983;3289898-3;VALVE;;OVERHAUL;;DNR;X;X;;X;;;;;;;;;;;;;;;;;;;;;;;;;;;;;;;;;;;;;;;;;;;;;;;;;;;;;;;;;;;;;;;;;;;;;;;;;;;;;;;;;;;;;;X;X;;;;;X;;;
32899022;3289902-2;VALVE OV PRES SHUT OFF;;REPAIR;;DNR;X;X;;X;;;;;;;;;;;;;;;;;;;;;;;;;;;;;;;;;;;;;;;;;;;;;;;;;;;;;;;;;;;;;;;;;;;;;;;;;;;;;;;;;;;;;;X;X;;;;;X;;;
32899023;3289902-3;VALVE OV PRES SHUT OFF;;OVERHAUL;;DNR;X;X;;X;;;;;;;;;;;;;;;;;;;;;;;;;;;;;;;;;;;;;;;;;;;;;;;;;;;;;;;;;;;;;;;;;;;;;;;;;;;;;;;;;;;;;;X;X;;;;;X;;;
32901041;3290104-1;HOT BY PASS VALVE;;REPAIR;;DNR;X;X;;X;;;;;;;;;;;;;;;;;;;;;;;;;;;;;;;;;;;;X;X;;;;;;;;;;;;;;;;;;;;;;;;;;;;;;;;;;;;;;;;;;;;;;;;;;;;;;;X;;;
32901961;3290196-1;ECU ISOLATION VALVE;;REPAIR;Overhaul/Repair/Inspection/Modification;DNR;X;X;;X;;;;;;;;;;;;;;;;;;;;;;;;;;;;;;;;;;;;X;;;;X;;;;;;;;;;;;;;;;;;;;;;;;;;;;;;;;;;;;;;;;;;;;;;;;;;;;X;X;;
32901962;3290196-2;ECU ISOLATION VALVE;;REPAIR;Overhaul/Repair/Inspection/Modification;DNR;X;X;;X;;;;;;;;;;;;;;;;;;;;;;;;;;;;;;;;;;;;X;;;;X;;;;;;;;;;;;;;;;;;;;;;;;;;;;;;;;;;;;;;;;;;;;;;;;;;;;X;X;;
32902881;3290288-1;TEMPERATURE CONTROL VALVE;;OVERHAUL;;DNR;X;X;;X;;;;;;;;;;;;;;;;;;;;;;;;;;;;;;;;;;;;X;;;;X;;;;;;;;;;;;;;;;;;;;;;;;;;;;;;;;;;;;;;;;;;;;;;;;;;;;X;;;
32904883;3290488-3;ANTI ICE VALVE;OVERHAUL;;;;X;X;X;X;X;;;;;;;;;;;;;X;X;X;X;X;X;X;X;X;X;;;;;;;;;;;;;;;;;;;;;;;;;;;;;;;;;;;;;;;;;;;;;;;;;;;;;;;;;;;;;;;;;;;;X;;;;
32904885;3290488-5;ANTI ICE VALVE;OVERHAUL;;;;X;X;X;X;X;;;;;;;;;;;;;X;;;;;;;;;;;;;;;;;;;;;;;;;;;;;;;;;;;;;;;;;;;;;;;;;;;;;;;;;;;;;;;;;;;;;;;;;;;;;X;;;;
32906942;3290694-2;PNEUMATIC BUTTERFLY SHUTOFF VALVE;OVERHAUL;;;;X;X;X;X;X;;;;;;;;;;;;;X;;;;;;;;X;;;;;;;;;;;;;;;;;;;;;;;;;;;;;;;;;;;;;;;;;;;;;;;;;;;;;;;;;;;;;;;;;;;;;X;;;;
32906943;3290694-3;PNEUMATIC BUTTERFLY SHUTOFF VALVE;OVERHAUL;;;;X;X;X;X;X;;;;;;;;;;;;;X;;;;;;;;X;;;;;;;;;;;;;;;;;;;;;;;;;;;;;;;;;;;;;;;;;;;;;;;;;;;;;;;;;;;;;;;;;;;;;X;;;;
32906944;3290694-4;PNEUMATIC BUTTERFLY SHUTOFF VALVE;OVERHAUL;;;;X;X;X;X;X;;;;;;;;;;;;;X;;;;;;;;X;;;;;;;;;;;;;;;;;;;;;;;;;;;;;;;;;;;;;;;;;;;;;;;;;;;;;;;;;;;;;;;;;;;;;X;;;;
32906945;3290694-5;PNEUMATIC BUTTERFLY SHUTOFF VALVE;OVERHAUL;;;;X;X;X;X;X;;;;;;;;;;;;;X;;;;;;;;X;;;;;;;;;;;;;;;;;;;;;;;;;;;;;;;;;;;;;;;;;;;;;;;;;;;;;;;;;;;;;;;;;;;;;X;;;;
32906946;3290694-6;PNEUMATIC BUTTERFLY SHUTOFF VALVE;OVERHAUL;;;;X;X;X;X;X;;;;;;;;;;;;;X;;;;;;;;X;;;;;;;;;;;;;;;;;;;;;;;;;;;;;;;;;;;;;;;;;;;;;;;;;;;;;;;;;;;;;;;;;;;;;X;;;;
32906947;3290694-7;PNEUMATIC BUTTERFLY SHUTOFF VALVE;OVERHAUL;;;;X;X;X;X;X;;;;;;;;;;;;;X;;;;;;;;X;;;;;;;;;;;;;;;;;;;;;;;;;;;;;;;;;;;;;;;;;;;;;;;;;;;;;;;;;;;;;;;;;;;;;X;;;;
32906948;3290694-8;PNEUMATIC BUTTERFLY SHUTOFF VALVE;OVERHAUL;;;;X;X;X;X;X;;;;;;;;;;;;;X;;;;;;;;X;;;;;;;;;;;;;;;;;;;;;;;;;;;;;;;;;;;;;;;;;;;;;;;;;;;;;;;;;;;;;;;;;;;;;X;;;;
32907181;3290718-1;VALVE, OVERPRESSURE;OVERHAUL;;;;X;X;X;X;X;;;;;;;;;;;;;X;;;;;;;;;X;;;;;;;;;;;;;;;;;;;;;;;;;;;;;;;;;;;;;;;;;;;;;;;;;;;;;;;;;;;;;;;;;;;;X;;;;
32909041;3290904-1;VALVE SECONDARY HEAT EXCHANGER;;OVERHAUL;;;X;X;;X;;;;;;;;;;;;;;;;;;;;;;;;;;;;;;;;;;;;;;;;;;;;;;;;;;;;;;;;;;;;;;;;;;;;;;;;;;;;;;;;;;;;;;X;X;;;;;X;;;
32910461;3291046-1;HIGH PRESSURE BLEED CONTROL VALVE;OVERHAUL;;;;X;X;X;X;X;;;;;;;;;;;;;X;;;;;;;;;;;;;;;;;;;;;;;;;;;;;;;;;;;;;;;;;;;;;;;;;;;;;;;;;;;;;;;;;;;;;;;;;;;;;X;;;;
32910462;3291046-2;HIGH PRESSURE BLEED CONTROL VALVE;OVERHAUL;;;;X;X;X;X;X;;;;;;;;;;;;;X;;;;;;;;;;;;;;;;;;;;;;;;;;;;;;;;;;;;;;;;;;;;;;;;;;;;;;;;;;;;;;;;;;;;;;;;;;;;;X;;;;
32912142;3291214-2;BLEED AIR VALVE;OVERHAUL;;;;X;X;X;X;;;;;;;;;;;;;;;;;;;;;;;;X;;;X;X;;;;;;;;;;;;;;;;;;;;;;;;;;;;;;;;;;;;;;;;;;;;;;;;;;;;;;;;;;;;;;;X;;;;
32914321;3291432-1;VALVE, LOAD CONTROL;OVERHAUL;;;;X;X;X;X;X;;;;;;;;;;;;;X;;;;;X;X;X;;;;;;;;;;;;;;;;;;;;;;;;;;;;;;;;;;;;;;;;;;;;;;;;;;;;;;;;;;;;;;;;;;;;;;X;;;;
32914322;3291432-2;VALVE, LOAD CONTROL (FR);OVERHAUL;;;;X;X;X;X;X;;;;;;;;;;;;;X;;;;X;X;X;X;;;;;;;;;;;;;;;;;;;;;;;;;;;;;;;;;;;;;;;;;;;;;;;;;;;;;;;;;;;;;;;;;;;;;;X;;;;
3297010;32970-10;SWITCH, PRESSURE;REPAIR;;;;X;X;X;X;X;;;;;;X;;;;;;;;;;;;;;;;;;;;;;;;;;;;;;;;;;;;;;;;;;;;;;;;;;;;;;;;;;;;;;;;;;;;;;;;;;;;;;;;;;;;X;;;;
329923;3299-23;TIMER;;REPAIR;;;X;X;;;;;;;;;;;;;;;;;;;;;;;;;;;;;;;;;;;;;;;;;;;;;;;;;;;;;;;;;;;;;;;;;;;;;;;;;;;;;;;;;;;;;;;;X;X;;;;;X;;;
32C150462170004;32C150462170004;CHEMICAL OXYGEN CONTAINER ASSEMBLY;REPAIR;;;;X;X;X;X;X;;;;;;;;;;;;;X;;;;;;;;X;X;;;;;;;;;;;;;;;;;;;;;;;;;;;;;;;;;;;;;;;;;;;;;;;;;;;;;;;;;;;;;;;;;;;;X;;;;
32C220342320004;32C220342320004;CHEMICAL OXYGEN CONTAINER ASSEMBLY;REPAIR;;;;X;X;X;X;X;;;;;;;;;;;;;X;;;;;;;;X;X;;;;;;;;;;;;;;;;;;;;;;;;;;;;;;;;;;;;;;;;;;;;;;;;;;;;;;;;;;;;;;;;;;;;X;;;;
32P15812A;32P158-12-A;BOOT DE-ICER;;REPAIR;;;X;X;;X;;;;;;;;;;;;;;;;;;;;;;;;;;;;;;;;;;;;X;X;;;;;;;;;;;;;;;;;;;;;;;;;;;;;;;;;;;;;;;;;;;;;;;;;;;;;;;X;;;
32P158222;32P158-22-2;BOOT DE-ICER;;REPAIR;;;X;X;;X;;;;;;;;;;;;;;;;;;;;;;;;;;;;;;;;;;;;X;X;;;;;;;;;;;;;;;;;;;;;;;;;;;;;;;;;;;;;;;;;;;;;;;;;;;;;;;X;;;
33035911;3303591-1;STRUT ASSY NOSE LANDING GEAR;OVERHAUL;;;;X;;;;;;;;;;;;;;;;;;;;;;;;;;;;;;;;;;;;;;;;;;;;;;;;;;;;;;;;;;;;;;;;;;;;;;;;;;;;;;;;;X;;X;;;;;;;;;;;X;;;;
33035913;3303591-3;STRUT ASSEMBLY NOSE LANDING GEAR;OVERHAUL;;;;X;;;;;;;;;;;;;;;;;;;;;;;;;;;;;;;;;;;;;;;;;;;;;;;;;;;;;;;;;;;;;;;;;;;;;;;;;;;;;;;;;X;;X;;;;;;;;;;;X;;;;
330A31003005;330A31-0030-05;MRP;;REPAIR;;;X;;;;;;;;;;X;;;;X;;;;;;;;;;;;;;;;;;;;;;;;;;;;;;;;;;;;;;;;;;;;;;;;;;;;;;;;;;;;;;;;;;;;;;;;;;;;;;;;;X;;;
330A31003005T;330A31-0030-05T;MRP;;REPAIR;;;X;;;;;;;;;;X;;;;X;;;;;;;;;;;;;;;;;;;;;;;;;;;;;;;;;;;;;;;;;;;;;;;;;;;;;;;;;;;;;;;;;;;;;;;;;;;;;;;;;X;;;
330A31100104;330A31-1001-04;ENS AMORTISSEUR DE TRAINEE;;REPAIR;;;X;;;;;;;;;;X;;;;X;;;;;;;;;;;;;;;;;;;;;;;;;;;;;;;;;;;;;;;;;;;;;;;;;;;;;;;;;;;;;;;;;;;;;;;;;;;;;;;;;X;;;
330A31100105M;330A31-1001-05M;AMORTISSEUR DE TRAINEE;;REPAIR;;;X;;;;;;;;;;X;;;;X;;;;;;;;;;;;;;;;;;;;;;;;;;;;;;;;;;;;;;;;;;;;;;;;;;;;;;;;;;;;;;;;;;;;;;;;;;;;;;;;;X;;;
330A32116000;330A32-1160-00;ENSEMBLE PALIER VENTILATEUR;;REPAIR;;;X;;;;;;;;;;X;;;;X;;;;;;;;;;;;;;;;;;;;;;;;;;;;;;;;;;;;;;;;;;;;;;;;;;;;;;;;;;;;;;;;;;;;;;;;;;;;;;;;;X;;;
330A32116002;330A32-1160-02;ENSEMBLE PALIER VENTILATEUR;;REPAIR;;;X;;;;;;;;;;X;;;;X;;;;;;;;;;;;;;;;;;;;;;;;;;;;;;;;;;;;;;;;;;;;;;;;;;;;;;;;;;;;;;;;;;;;;;;;;;;;;;;;;X;;;
330A32116004;330A32-1160-04;ENSEMBLE PALIER VENTILATEUR;;REPAIR;;;X;;;;;;;;;;X;;;;X;;;;;;;;;;;;;;;;;;;;;;;;;;;;;;;;;;;;;;;;;;;;;;;;;;;;;;;;;;;;;;;;;;;;;;;;;;;;;;;;;X;;;
330A32116012;330A32-1160-12;ENSEMBLE PALIER VENTILATEUR;;REPAIR;;;X;;;;;;;;;;X;;;;X;;;;;;;;;;;;;;;;;;;;;;;;;;;;;;;;;;;;;;;;;;;;;;;;;;;;;;;;;;;;;;;;;;;;;;;;;;;;;;;;;X;;;
330A32116013;330A32-1160-13;ENSEMBLE PALIER VENTILATEUR;;REPAIR;;;X;;;;;;;;;;X;;;;X;;;;;;;;;;;;;;;;;;;;;;;;;;;;;;;;;;;;;;;;;;;;;;;;;;;;;;;;;;;;;;;;;;;;;;;;;;;;;;;;;X;;;
330A32216221;330A32-2162-21;BRIDE DE SORTIE BTP;;OVERHAUL;;;X;;;;;;;;;;X;;;;X;;;;;;;;;;;;;;;;;;;;;;;;;;;;;;;;;;;;;;;;;;;;;;;;;;;;;;;;;;;;;;;;;;;;;;;;;;;;;;;;;X;;;
330A32937800;330A32-9378-00;ENSEMBLE PALIER VENTILATEUR;;REPAIR;;;X;;;;;;;;;;X;;;;X;;;;;;;;;;;;;;;;;;;;;;;;;;;;;;;;;;;;;;;;;;;;;;;;;;;;;;;;;;;;;;;;;;;;;;;;;;;;;;;;;X;;;
330A33000015;330A33-0000-15;MRA;;OVERHAUL;;;X;;;;;;;;;;X;;;;X;;;;;;;;;;;;;;;;;;;;;;;;;;;;;;;;;;;;;;;;;;;;;;;;;;;;;;;;;;;;;;;;;;;;;;;;;;;;;;;;;X;;;
330A33000015M;330A33-0000-15M;MRA;;OVERHAUL;;;X;;;;;;;;;;X;;;;X;;;;;;;;;;;;;;;;;;;;;;;;;;;;;;;;;;;;;;;;;;;;;;;;;;;;;;;;;;;;;;;;;;;;;;;;;;;;;;;;;X;;;
330A33000015N;330A33-0000-15N;MRA;;OVERHAUL;;;X;;;;;;;;;;X;;;;X;;;;;;;;;;;;;;;;;;;;;;;;;;;;;;;;;;;;;;;;;;;;;;;;;;;;;;;;;;;;;;;;;;;;;;;;;;;;;;;;;X;;;
330A34100501;330A34-1005-01;ELEMENT AVANT DE TRANSMISSION;;OVERHAUL;;;X;;;;;;;;;;X;;;;X;;;;;;;;;;;;;;;;;;;;;;;;;;;;;;;;;;;;;;;;;;;;;;;;;;;;;;;;;;;;;;;;;;;;;;;;;;;;;;;;;X;;;
330A34100504;330A34-1005-04;ELEMENT ARRIERE DE TRANSMISSION;;OVERHAUL;;;X;;;;;;;;;;X;;;;X;;;;;;;;;;;;;;;;;;;;;;;;;;;;;;;;;;;;;;;;;;;;;;;;;;;;;;;;;;;;;;;;;;;;;;;;;;;;;;;;;X;;;
330A34100505;330A34-1005-05;ELEMENT OBLIQUE DE TRANSMISSION;;OVERHAUL;;;X;;;;;;;;;;X;;;;X;;;;;;;;;;;;;;;;;;;;;;;;;;;;;;;;;;;;;;;;;;;;;;;;;;;;;;;;;;;;;;;;;;;;;;;;;;;;;;;;;X;;;
330A34100506;330A34-1005-06;ELEMENT OBLIQUE DE TRANSMISSION;;OVERHAUL;;;X;;;;;;;;;;X;;;;X;;;;;;;;;;;;;;;;;;;;;;;;;;;;;;;;;;;;;;;;;;;;;;;;;;;;;;;;;;;;;;;;;;;;;;;;;;;;;;;;;X;;;
330A34100507;330A34-1005-07;ELEMENT OBLIQUE DE TRANSMISSION;;OVERHAUL;;;X;;;;;;;;;;X;;;;X;;;;;;;;;;;;;;;;;;;;;;;;;;;;;;;;;;;;;;;;;;;;;;;;;;;;;;;;;;;;;;;;;;;;;;;;;;;;;;;;;X;;;
330A34100508;330A34-1005-08;ELEMENT ARRIERE DE TRANSMISSION;;OVERHAUL;;;X;;;;;;;;;;X;;;;X;;;;;;;;;;;;;;;;;;;;;;;;;;;;;;;;;;;;;;;;;;;;;;;;;;;;;;;;;;;;;;;;;;;;;;;;;;;;;;;;;X;;;
330A34100513;330A34-1005-13;ELEMENT ARRIERE DE TRANSMISSION;;OVERHAUL;;;X;;;;;;;;;;X;;;;X;;;;;;;;;;;;;;;;;;;;;;;;;;;;;;;;;;;;;;;;;;;;;;;;;;;;;;;;;;;;;;;;;;;;;;;;;;;;;;;;;X;;;
330A34100514;330A34-1005-14;ARBRE HORIZONTAL TRANSMISSION;;OVERHAUL;;;X;;;;;;;;;;X;;;;X;;;;;;;;;;;;;;;;;;;;;;;;;;;;;;;;;;;;;;;;;;;;;;;;;;;;;;;;;;;;;;;;;;;;;;;;;;;;;;;;;X;;;
330A34100516;330A34-1005-16;ELEMENT AVANT DE TRANSMISSION;;OVERHAUL;;;X;;;;;;;;;;X;;;;X;;;;;;;;;;;;;;;;;;;;;;;;;;;;;;;;;;;;;;;;;;;;;;;;;;;;;;;;;;;;;;;;;;;;;;;;;;;;;;;;;X;;;
330A34100517;330A34-1005-17;ELEMENT AVANT DE TRANSMISSION;;OVERHAUL;;;X;;;;;;;;;;X;;;;X;;;;;;;;;;;;;;;;;;;;;;;;;;;;;;;;;;;;;;;;;;;;;;;;;;;;;;;;;;;;;;;;;;;;;;;;;;;;;;;;;X;;;
330A34100519;330A34-1005-19;ELEMENT AVANT DE TRANSMISSION;;OVERHAUL;;;X;;;;;;;;;;X;;;;X;;;;;;;;;;;;;;;;;;;;;;;;;;;;;;;;;;;;;;;;;;;;;;;;;;;;;;;;;;;;;;;;;;;;;;;;;;;;;;;;;X;;;
330A34119001;330A34-1190-01;ENSEMBLE PALIER VENTILATEUR;;REPAIR;;;X;;;;;;;;;;X;;;;X;;;;;;;;;;;;;;;;;;;;;;;;;;;;;;;;;;;;;;;;;;;;;;;;;;;;;;;;;;;;;;;;;;;;;;;;;;;;;;;;;X;;;
330A641489;330A64-1489;PHARE ORIENTABLE;;OVERHAUL;;;X;;;;;;;;;X;X;;;;X;;;;;;;;;;;;;;;;;;;;;;;;;;;;;;;;;;;;;;;;;;;;;;;;;;;;;;;;;;;;;;;;;;;;;;;;;;;;;;;;;X;;;
330A64148900;330A64-1489-00;PHARE ORIENTABLE;;OVERHAUL;;;X;;;;;;;;;X;X;;;;X;;;;;;;;;;;;;;;;;;;;;;;;;;;;;;;;;;;;;;;;;;;;;;;;;;;;;;;;;;;;;;;;;;;;;;;;;;;;;;;;;X;;;
33130005;3313000-5;ACTUATOR ASSEMBLY, UPLOCK;OVERHAUL;;;;X;X;X;X;X;;;;;;;;;;;;;;;;;;;;;;;;;;;;;;;;;;;;;;;;;;;;;;;;;;;;;;;;;;;;;;;;X;;;;;X;;;;;;;;;;;;;;;;;;;;;X;;;;
33130007;3313000-7;ACTUATOR ASSEMBLY, UPLOCK;OVERHAUL;;;;X;X;X;X;X;;;;;;;;;;;;;;;;;;;;;;;;;;;;;;;;;;;;;;;;;;;;;;;;;;;;;;;;;;;;;;;;X;;;;;X;;;;;;;;;;;;;;;;;;;;;X;;;;
331353;33135-3;MANOMETER;REPAIR;;;;X;X;X;X;X;;;;;;;;;;;;;X;X;X;X;;;;;;;;;;;;;;;;;;;;;;;;;;;;;;;;;;;;;;;;;;;;;;;;;;;;;;;;;;;;;;;;;;;;;;;;;;X;;;;
336000575;33600057-5;EXTINGUISHER;;TEST;;;X;X;;;;;;;;;;;;;;;;;;;;;;;;;;;;;;;;;;;;;;;;;;;;X;;;;X;X;;;;;;;;;;;;;;;;;;;;;;;;;;;;;;;;;;;;;;;;;;;;;X;;;
3370753040;337-075-304-0;HOUSING;BENCH TEST;;;;X;X;X;X;X;;;;;;;;;;;;;;;;;;;;;;;;;;;;;;;;;;;;;;;;;;;;;;;;;;;;;;;;;;;;;;;;;;;;;;;;;;;;;X;;;;;;;;;;;;;X;;;;
34007701;3400770-1;CYLINDER, NLG ACTUATING;OVERHAUL;;;;X;;;;;;;;;;;;;;;;;;;;;;;;;;;;;;;;;;;;;;;;;;;;;;;;;;;;;;;;;;;;;;;;;;;;;;;;;;;;;;;;;X;;X;;;;;;;;;;;X;;;;
34007703;3400770-3;DRAG STRUT CYLINDER;OVERHAUL;;;;X;;;;;;;;;;;;;;;;;;;;;;;;;;;;;;;;;;;;;;;;;;;;;;;;;;;;;;;;;;;;;;;;;;;;;;;;;;;;;;;;;X;;X;;;;;;;;;;;X;;;;
34007705;3400770-5;CYLINDER, NLG ACTUATING;OVERHAUL;;;;X;;;;;;;;;;;;;;;;;;;;;;;;;;;;;;;;;;;;;;;;;;;;;;;;;;;;;;;;;;;;;;;;;;;;;;;;;;;;;;;;;X;;X;;;;;;;;;;;X;;;;
34007707;3400770-7;CYLINDER, NLG ACTUATING;OVERHAUL;;;;X;;;;;;;;;;;;;;;;;;;;;;;;;;;;;;;;;;;;;;;;;;;;;;;;;;;;;;;;;;;;;;;;;;;;;;;;;;;;;;;;;X;;X;;;;;;;;;;;X;;;;
34007709;3400770-9;CYLINDER, NLG ACTUATING;OVERHAUL;;;;X;;;;;;;;;;;;;;;;;;;;;;;;;;;;;;;;;;;;;;;;;;;;;;;;;;;;;;;;;;;;;;;;;;;;;;;;;;;;;;;;;X;;X;;;;;;;;;;;X;;;;
3400A1611;3400A16-11;ROBINET ELECTRIQUE;BENCH TEST;;;;X;;;;;;;;;;;;;;;;;;;;;;;;;;;;;;;;;;;;;;;;;;;;;;;;;;;;X;X;;;;;;;;;;;;;;;;;;;;;;;;;;;;;;;;;;;;;;;;;X;;;;
340D201;340D20-1;20MM NOMINAL DIAM.PLUG VALVE(LE BOZEC);OVERHAUL;;;;X;X;X;X;X;;;;;;X;;X;X;;X;;;;;;;;;;;;;;;;;;;;;;;;;;;;;;;;;;;;;;;;;;;;;;;;;;;;;;;;;;;;;;;;;;;;;;;;;;;;;;;X;;;;
340D2012;340D20-12;20MM NOMINAL DIAM.PLUG VALVE(LE BOZEC);OVERHAUL;;;;X;X;X;X;X;;;;;;X;;;;;;;;;;;;;;;;;;;;;;;;;;;;;;;;;;;;;;;;;;;;;;;;;;;;;;;;;;;;;;;;;;;;;;;;;;;;;;;;;;;;X;;;;
340D252;340D25-2;VALVE, SPHERICAL HOT AIR;OVERHAUL;;;;X;X;X;X;X;;;;;;X;;X;;;;;;;;;;;;;;;;;;;;;;;;;;;;;;;;;;;;;;;;;;;;;;;;;;;;;;;;;;;;;;;;;;;;;;;;;;;;;;;;;;X;;;;
34108C1AF131A3;34108C1AF13-1A3;TACHOMETER GENERATOR;;BENCH TEST;;;X;X;;;;;;;;;;;;;;;;;;;;;;;;;;;;;;;;;;;;;;;;;;;;;;;;;;;;;;;;;;;;;;;;;;;;;;;;;;;;;;;;X;;;;;;X;;;;;;;;X;;;
341525;341525;MOTOR ACTU. SHUTOFF VALVE;OVERHAUL;;;;X;X;X;X;X;;;;;;;;;;;;;;;;;;;;;;;X;;;X;;;;;;;;;;;;;;;;;;;;;;;;;;;;;;;;;;;;;;;;;;;;;;;;;;;;;;;;;;;;;;;;X;;;;
3415251;341525-1;MOTOR ACTUATED ROTARY SHUTOFF VALVE;OVERHAUL;;;;X;X;X;X;X;;;;;;;;;;;;;;;;;;;;;;;X;;;X;;;;;;;;;;;;;;;;;;;;;;;;;;;;;;;;;;;;;;;;;;;;;;;;;;;;;;;;;;;;;;;;X;;;;
341B010000;341B010000;SOLENOID THERMOSTAT;OVERHAUL;;;;X;X;X;X;X;;;;;;;;;;;;;X;;;;;;X;;;;;;;;;;;;;;;;;;;;;;;;;;;;;;;;;;;;;;;;;;;;;;;;;;;;;;;;;;;;;;;;;;;;;;;X;;;;
341B020000;341B020000;SOLENOID THERMOSTAT;OVERHAUL;;;;X;X;X;X;X;;;;;;;;;;;;;X;;;;;;X;;;;;;;;;;;;;;;;;;;;;;;;;;;;;;;;;;;;;;;;;;;;;;;;;;;;;;;;;;;;;;;;;;;;;;;X;;;;
341D010000;341D010000;SOLENOID THERMOSTAT;OVERHAUL;;;;X;X;X;X;X;;;;;;;;;;;;;X;;;;;;X;;;;;;;;;;;;;;;;;;;;;;;;;;;;;;;;;;;;;;;;;;;;;;;;;;;;;;;;;;;;;;;;;;;;;;;X;;;;
341E010000;341E010000;SOLENOID THERMOSTAT;OVERHAUL;;;;X;X;X;X;X;;;;;;;;;;;;;X;;;;;;X;;;;;;;;;;;;;;;;;;;;;;;;;;;;;;;;;;;;;;;;;;;;;;;;;;;;;;;;;;;;;;;;;;;;;;;X;;;;
341E020000;341E020000;SOLENOID THERMOSTAT;OVERHAUL;;;;X;X;X;X;X;;;;;;;;;;;;;X;;;;;;X;;;;;;;;;;;;;;;;;;;;;;;;;;;;;;;;;;;;;;;;;;;;;;;;;;;;;;;;;;;;;;;;;;;;;;;X;;;;
341E030000;341E030000;SOLENOID THERMOSTAT;OVERHAUL;;;;X;X;X;X;X;;;;;;;;;;;;;X;;;;;;X;;;;;;;;;;;;;;;;;;;;;;;;;;;;;;;;;;;;;;;;;;;;;;;;;;;;;;;;;;;;;;;;;;;;;;;X;;;;
342B040000;342B040000;TEMPERATURE CONTROL THERMOSTAT;OVERHAUL;;;;X;X;X;X;X;;;;;;;;;;;;;X;;;;;;X;;;;;;;;;;;;;;;;;;;;;;;;;;;;;;;;;;;;;;;;;;;;;;;;;;;;;;;;;;;;;;;;;;;;;;;X;;;;
342B050000;342B050000;TEMPERATURE CONTROL THERMOSTAT;OVERHAUL;;;;X;X;X;X;X;;;;;;;;;;;;;X;;;;;;X;;;;;;;;;;;;;;;;;;;;;;;;;;;;;;;;;;;;;;;;;;;;;;;;;;;;;;;;;;;;;;;;;;;;;;;X;;;;
34528H011;34528H011;ANTICOLLISION LIGHT;REPAIR;;;;X;X;X;X;;;;;;;X;;;;;;;;;;;;;;;;;;;;;;;;;;;;;;;;;;;;;;;;;;;;;;;;;;;;;;;;;;;;;;;;;;;;;;;;;;;;;;;;;;;;X;;;;
34528H01125;34528H011-25;ANTICOLLISION LIGHT;REPAIR;;;;X;X;X;X;;;;;;;X;;;;;;;;;;;;;;;;;;;;;;;;;;;;;;;;;;;;;;;;;;;;;;;;;;;;;;;;;;;;;;;;;;;;;;;;;;;;;;;;;;;;X;;;;
34528H020;34528H020;POWER SUPPLY UNIT;REPAIR;;;;X;X;X;X;X;;;;;;X;;X;;;X;;;;;;;;;;;;;;;;;;;;;;;;;;;;;;;;;;;;;;;;;;;;;;;;;;;;;;;;;;;;;;;;;;;;;;;;;;;;;;;X;;;;
34528H021;34528H021;POWER SUPPLY UNIT;REPAIR;;;;X;X;X;X;X;;;;;;X;;X;;;X;;;;;;;;;;;;;;;;;;;;;;;;;;;;;;;;;;;;;;;;;;;;;;;;;;;;;;;;;;;;;;;;;;;;;;;;;;;;;;;X;;;;
34528H021A;34528H021A;POWER SUPPLY UNIT;REPAIR;;;;X;X;X;X;X;;;;;;X;;X;;;X;;;;;;;;;;;;;;;;;;;;;;;;;;;;;;;;;;;;;;;;;;;;;;;;;;;;;;;;;;;;;;;;;;;;;;;;;;;;;;;X;;;;
34528H021B;34528H021B;POWER SUPPLY UNIT;REPAIR;;;;X;X;X;X;X;;;;;;X;;X;;;X;;;;;;;;;;;;;;;;;;;;;;;;;;;;;;;;;;;;;;;;;;;;;;;;;;;;;;;;;;;;;;;;;;;;;;;;;;;;;;;X;;;;
34528H021C;34528H021C;POWER SUPPLY UNIT;REPAIR;;;;X;X;X;X;X;;;;;;X;;X;;;X;;;;;;;;;;;;;;;;;;;;;;;;;;;;;;;;;;;;;;;;;;;;;;;;;;;;;;;;;;;;;;;;;;;;;;;;;;;;;;;X;;;;
34528H022;34528H022;POWER SUPPLY UNIT;REPAIR;;;;X;X;X;X;X;;;;;;X;;X;;;X;;;;;;;;;;;;;;;;;;;;;;;;;;;;;;;;;;;;;;;;;;;;;;;;;;;;;;;;;;;;;;;;;;;;;;;;;;;;;;;X;;;;
34528H023;34528H023;POWER SUPPLY UNIT;REPAIR;;;;X;X;X;X;X;;;;;;X;;X;;;X;;;;;;;;;;;;;;;;;;;;;;;;;;;;;;;;;;;;;;;;;;;;;;;;;;;;;;;;;;;;;;;;;;;;;;;;;;;;;;;X;;;;
3459;3459;FIRE CONTROL UNIT;REPAIR;;;;X;X;X;X;X;;;;;;X;;;;;;; ;;;; ; ; ; ;;;;;;;;;;;;;;;;;;;;;;;;;;;;;;;;;;;;;;;;;;;;;;;;;;;;;;;;;;;;;;;;;;;;;;X;;;;
34591;3459-1;FIRE CONTROL UNIT;REPAIR;;;;X;X;X;X;X;;;;;;X;;;;;;; ;;;; ; ; ; ;;;;;;;;;;;;;;;;;;;;;;;;;;;;;;;;;;;;;;;;;;;;;;;;;;;;;;;;;;;;;;;;;;;;;;X;;;;
34591A;3459-1A;FIRE CONTROL UNIT;REPAIR;;;;X;X;X;X;X;;;;;;X;;;;;;; ;;;; ; ; ; ;;;;;;;;;;;;;;;;;;;;;;;;;;;;;;;;;;;;;;;;;;;;;;;;;;;;;;;;;;;;;;;;;;;;;;X;;;;
34632;3463-2;FIRE ALARM CIRCUIT;OVERHAUL;;;;X;X;X;X;X;;;;;;X;;;;X;X;;;;;;;;;;;;;;;;;;;;;;;;;;;;;;;;;;;;;;;;;;;;;;;;;;;;;;;;;;;;;;;;;;;;;;;;;;;;;;;X;;;;
3500813;35008-13;CONTINUOUS-FIRE OVERHEAT-DETECT CTL UNIT;REPAIR;;;;X;X;X;X;X;;;;;;;;;;;;;X;X;X;X;;;;;;;;;;;;;;;;;;;;;;;;;;;;;;;;;;;;;;;;;;;;;;;;;;;;;;;;;;;;;;;;;;;;;;;;;;X;;;;
3502B000;3502B000;FLOW CONTROL VALVE;OVERHAUL;;;;X;X;X;X;X;;;;;;;;;;;;;;;;;;;;;;;;;;;;;;;;;;;;;;;;;;;;;;;;;;;;;;;;;;;;;;;;;;;;;;;;;;;;;X;;;;;X;;;;;;;;X;;;;
3502B000002;3502B000-002;FLOW CONTROL VALVE;OVERHAUL;;;;X;X;X;X;X;;;;;;;;;;;;;;;;;;;;;;;;;;;;;;;;;;;;;;;;;;;;;;;;;;;;;;;;;;;;;;;;;;;;;;;;;;;;;X;;;;;X;;;;;;;;X;;;;
3502B000003;3502B000-003;FLOW CONTROL VALVE;OVERHAUL;;;;X;X;X;X;X;;;;;;;;;;;;;;;;;;;;;;;;;;;;;;;;;;;;;;;;;;;;;;;;;;;;;;;;;;;;;;;;;;;;;;;;;;;;;X;;;;;X;;;;;;;;X;;;;
3502B000004;3502B000-004;FLOW CONTROL VALVE;OVERHAUL;;;;X;X;X;X;X;;;;;;;;;;;;;;;;;;;;;;;;;;;;;;;;;;;;;;;;;;;;;;;;;;;;;;;;;;;;;;;;;;;;;;;;;;;;;X;;;;;X;;;;;;;;X;;;;
3503B000;3503B000;RECIRCULATION ISOLATION VALVE;OVERHAUL;;;;X;X;X;X;;;;;;;;;;;;;;;;;;;;;;;;;;;;;;;;;;;;;;;;;;;;;;;;;;;;;;;;;;;;;;;;;;;;;;;;;;;;;;X;;;;;X;;;;;;;;X;;;;
350544851;3505448-5-1;STARTER-AIR FOR GE CF6-80;OVERHAUL;;;;X;X;X;X;X;;;;;;;;;;;;;X;X;X;X;X;X;X;X;X;X;;;;;;;;;;;;;;;;;;;;;;;;;;;;;;;;;;;;;;;;;;;;;;;;;;;;;;;;;;;;;;;;;;;;X;;;;
35055821;3505582-1;AIR TURBINE ENGINE STARTER;OVERHAUL;;;;X;X;X;X;X;;;X;;;;;;;;;;X;X;X;X;X;X;X;X;X;X;;;;;;;;;;;;;;;;;;;;;;;;;;;;;;;;;;;;;;;;;;;;;;;;;;;;;;;;;;;;;;;;;;;;X;;;;
350558212;3505582-12;AIR TURBINE ENGINE STARTER;OVERHAUL;;;;X;X;X;X;X;;;X;;;;;;;;;;X;;;;;;;;;;;;;;;;;;;;;;;;;;;;;;;;;;;;;;;;;;;;;;;;;;;;;;;;;;;;;;;;;;;;;;;;;;;;;X;;;;
350558214;3505582-14;AIR TURBINE ENGINE STARTER;OVERHAUL;;;;X;X;X;X;X;;;X;;;;;;;;;;X;;;;X;X;X;X;;;;;;;;;;;;;;;;;;;;;;;;;;;;;;;;;;;;;;;;;;;;;;;;;;;;;;;;;;;;;;;;;;;;;;X;;;;
350558215;3505582-15;AIR TURBINE ENGINE STARTER;OVERHAUL;;;;X;X;X;X;X;;;X;;;;;;;;;;X;;;;;;;;;;;;;;;;;;;;;;;;;;;;;;;;;;;;;;;;;;;;;;;;;;;;;;;;;;;;;;;;;;;;;;;;;;;;;X;;;;
35055822;3505582-2;AIR TURBINE ENGINE STARTER;OVERHAUL;;;;X;X;X;X;X;;;X;;;;;;;;;;X;;;;;;;;;;;;;;;;;;;;;;;;;;;;;;;;;;;;;;;;;;;;;;;;;;;;;;;;;;;;;;;;;;;;;;;;;;;;;X;;;;
350558222;3505582-22;AIR TURBINE ENGINE STARTER;OVERHAUL;;;;X;X;X;X;X;;;X;;;;;;;;;;X;;;;X;X;X;X;;;;;;;;;;;;;;;;;;;;;;;;;;;;;;;;;;;;;;;;;;;;;;;;;;;;;;;;;;;;;;;;;;;;;;X;;;;
350558223;3505582-23;AIR TURBINE ENGINE STARTER;OVERHAUL;;;;X;X;X;X;X;;;X;;;;;;;;;;X;;;;X;X;X;X;;;;;;;;;;;;;;;;;;;;;;;;;;;;;;;;;;;;;;;;;;;;;;;;;;;;;;;;;;;;;;;;;;;;;;X;;;;
350558224;3505582-24;AIR TURBINE ENGINE STARTER;OVERHAUL;;;;X;X;X;X;X;;;X;;;;;;;;;;X;;;;X;X;X;X;;;;;;;;;;;;;;;;;;;;;;;;;;;;;;;;;;;;;;;;;;;;;;;;;;;;;;;;;;;;;;;;;;;;;;X;;;;
350558225;3505582-25;AIR TURBINE ENGINE STARTER;OVERHAUL;;;;X;X;X;X;X;;;X;;;;;;;;;;X;;;;X;X;X;X;;;;;;;;;;;;;;;;;;;;;;;;;;;;;;;;;;;;;;;;;;;;;;;;;;;;;;;;;;;;;;;;;;;;;;X;;;;
350558226;3505582-26;AIR TURBINE ENGINE STARTER;OVERHAUL;;;;X;X;X;X;X;;;X;;;;;;;;;;X;;;;X;X;X;X;;;;;;;;;;;;;;;;;;;;;;;;;;;;;;;;;;;;;;;;;;;;;;;;;;;;;;;;;;;;;;;;;;;;;;X;;;;
350558227;3505582-27;AIR TURBINE ENGINE STARTER;OVERHAUL;;;;X;X;X;X;X;;;X;;;;;;;;;;X;;;;;;X;;;;;;;;;;;;;;;;;;;;;;;;;;;;;;;;;;;;;;;;;;;;;;;;;;;;;;;;;;;;;;;;;;;;;;;X;;;;
350558228;3505582-28;AIR TURBINE ENGINE STARTER;OVERHAUL;;;;X;X;X;X;X;;;X;;;;;;;;;;X;;;;X;X;X;X;;;;;;;;;;;;;;;;;;;;;;;;;;;;;;;;;;;;;;;;;;;;;;;;;;;;;;;;;;;;;;;;;;;;;;X;;;;
35055823;3505582-3;AIR TURBINE ENGINE STARTER;OVERHAUL;;;;X;X;X;X;X;;;X;;;;;;;;;;X;;;;X;X;X;X;;;;;;;;;;;;;;;;;;;;;;;;;;;;;;;;;;;;;;;;;;;;;;;;;;;;;;;;;;;;;;;;;;;;;;X;;;;
35055824;3505582-4;AIR TURBINE ENGINE STARTER;OVERHAUL;;;;X;X;X;X;X;;;X;;;;;;;;;;X;;;;X;X;X;X;;;;;;;;;;;;;;;;;;;;;;;;;;;;;;;;;;;;;;;;;;;;;;;;;;;;;;;;;;;;;;;;;;;;;;X;;;;
350558240;3505582-40;AIR TURBINE ENGINE STARTER;OVERHAUL;;;;X;X;X;X;X;;;X;;;;;;;;;;X;;;;X;X;X;X;;;;;;;;;;;;;;;;;;;;;;;;;;;;;;;;;;;;;;;;;;;;;;;;;;;;;;;;;;;;;;;;;;;;;;X;;;;
350558241;3505582-41;AIR TURBINE ENGINE STARTER;OVERHAUL;;;;X;X;X;X;X;;;X;;;;;;;;;;X;;;;;;;;;;;;;;;;;;;;;;;;;;;;;;;;;;;;;;;;;;;;;;;;;;;;;;;;;;;;;;;;;;;;;;;;;;;;;X;;;;
350558242;3505582-42;AIR TURBINE ENGINE STARTER;OVERHAUL;;;;X;X;X;X;X;;;X;;;;;;;;;;X;;;;;;;;;;;;;;;;;;;;;;;;;;;;;;;;;;;;;;;;;;;;;;;;;;;;;;;;;;;;;;;;;;;;;;;;;;;;;X;;;;
350558243;3505582-43;AIR TURBINE ENGINE STARTER;OVERHAUL;;;;X;X;X;X;X;;;X;;;;;;;;;;X;;;;X;X;X;X;;;;;;;;;;;;;;;;;;;;;;;;;;;;;;;;;;;;;;;;;;;;;;;;;;;;;;;;;;;;;;;;;;;;;;X;;;;
350558244;3505582-44;AIR TURBINE ENGINE STARTER;OVERHAUL;;;;X;X;X;X;X;;;X;;;;;;;;;;X;;;;X;X;X;X;;;;;;;;;;;;;;;;;;;;;;;;;;;;;;;;;;;;;;;;;;;;;;;;;;;;;;;;;;;;;;;;;;;;;;X;;;;
350558245;3505582-45;AIR TURBINE ENGINE STARTER;OVERHAUL;;;;X;X;X;X;X;;;X;;;;;;;;;;X;;;;;;;;;;;;;;;;;;;;;;;;;;;;;;;;;;;;;;;;;;;;;;;;;;;;;;;;;;;;;;;;;;;;;;;;;;;;;X;;;;
350558260;3505582-60;AIR TURBINE ENGINE STARTER;OVERHAUL;;;;X;X;X;X;X;;;;;;;;;;;;;X;;;;;;;;;;;;;;;;;;;;;;;;;;;;;;;;;;;;;;;;;;;;;;;;;;;;;;;;;;;;;;;;;;;;;;;;;;;;;X;;;;
350558261;3505582-61;AIR TURBINE ENGINE STARTER;MOD;;;;X;X;X;X;X;;;;;;;;;;;;;X;;;;;;;;;;;;;;;;;;;;;;;;;;;;;;;;;;;;;;;;;;;;;;;;;;;;;;;;;;;;;;;;;;;;;;;;;;;;;X;;;;
350558262;3505582-62;AIR TURBINE ENGINE STARTER;REPAIR;;;;X;X;X;X;X;;;;;;;;;;;;;X;;;;;;;;;;;;;;;;;;;;;;;;;;;;;;;;;;;;;;;;;;;;;;;;;;;;;;;;;;;;;;;;;;;;;;;;;;;;;X;;;;
350558263;3505582-63;AIR TURBINE ENGINE STARTER;OVERHAUL;;;;X;X;X;X;X;;;X;;;;;;;;;;X;;;;X;X;X;X;;;;;;;;;;;;;;;;;;;;;;;;;;;;;;;;;;;;;;;;;;;;;;;;;;;;;;;;;;;;;;;;;;;;;;X;;;;
350558264;3505582-64;AIR TURBINE ENGINE STARTER;OVERHAUL;;;;X;X;X;X;X;;;X;;;;;;;;;;X;;;;X;X;X;X;;;;;;;;;;;;;;;;;;;;;;;;;;;;;;;;;;;;;;;;;;;;;;;;;;;;;;;;;;;;;;;;;;;;;;X;;;;
350558265;3505582-65;AIR TURBINE ENGINE STARTER;OVERHAUL;;;;X;X;X;X;X;;;X;;;;;;;;;;X;;;;;;;;;;;;;;;;;;;;;;;;;;;;;;;;;;;;;;;;;;;;;;;;;;;;;;;;;;;;;;;;;;;;;;;;;;;;;X;;;;
350772;35077-2;SWITCH, PRESSURE;REPAIR;;;;X;X;X;X;X;;;;;;;;;;;;;X;;;;;;;;;;;;;;;;;;;;;;;;;;;;;;;;;;;;;;;;;;;;;;;;;;;;;;;;;;;;;;;;;;;;;;;;;;;;;X;;;;
350773;35077-3;SWITCH, PRESSURE;REPAIR;;;;X;X;X;X;X;;;;;;;;;;;;;X;;;;;;;;;;;;;;;;;;;;;;;;;;;;;;;;;;;;;;;;;;;;;;;;;;;;;;;;;;;;;;;;;;;;;;;;;;;;;X;;;;
3508806;350880-6;VARIABLE DISPLACEMENT HYDRAULIC PUMP;OVERHAUL;;;;X;X;X;X;X;;;X;;;;;;;;;;;;;;;;;;;;X;;;;;X;X;X;;;X;;;;;;;;;;;;;;;;;;;;;;;;;;;;;;;;;;;;;;;;;;;;;;;;;;;;;;;;;X;;;;
3508807;350880-7;VARIABLE DISPLACEMENT HYDRAULIC PUMP;OVERHAUL;;;;X;X;X;X;X;;;X;;;;;;;;;;X;;;;;;;;;;X;;;;;X;X;X;;;;;;;;;;;;;;;;;;;;;;;;;;;;;;;;;;;;;;;;;;;;;;;;;;;;;;;;;;;;X;;;;
350D51002;35-0D5-1002;COCKPIT AMPLIFIER LOUDSPEAKER;REPAIR;;;;X;X;X;X;X;;;;;;;;;;;;;X;;;;;;X;X;;;;;;;;;;;;;;;;;;;;;;;;;;;;;;;;;;;;;;;;;;;;;;;;;;;;;;;;;;;;;;;;;;;;;;X;;;;
350D51003;35-0D5-1003;COCKPIT AMPLIFIER LOUDSPEAKER;REPAIR;;;;X;X;X;X;X;;;;;;;;;;;;;X;;;;;;X;X;;;;;;;;;;;;;;;;;;;;;;;;;;;;;;;;;;;;;;;;;;;;;;;;;;;;;;;;;;;;;;;;;;;;;;X;;;;
350F51000;35-0F5-1000;ANNUNCIATOR LIGHT TEST BOARD;REPAIR;;;;X;X;X;X;X;;;;;;;;;;;;;X;;;;X;X;X;X;;;;;;;;;;;;;;;;;;;;;;;;;;;;;;;;;;;;;;;;;;;;;;;;;;;;;;;;;;;;;;;;;;;;;;X;;;;
350L0100103;35-0L0-1001-03;ECAM CONTROL PANEL;REPAIR;;;;X;X;X;X;X;;;;;;;;;;;;;X;;;;;;X;;;;;;;;;;;;;;;;;;;;;;;;;;;;;;;;;;;;;;;;;;;;;;;;;;;;;;;;;;;;;;;;;;;;;;;X;;;;
350L0100104;35-0L0-1001-04;ECAM CONTROL PANEL;REPAIR;;;;X;X;X;X;X;;;;;;;;;;;;;X;;;;;;X;;;;;;;;;;;;;;;;;;;;;;;;;;;;;;;;;;;;;;;;;;;;;;;;;;;;;;;;;;;;;;;;;;;;;;;X;;;;
350L0100205;35-0L0-1002-05;ECAM CONTROL PANEL;REPAIR;;;;X;X;X;X;X;;;;;;;;;;;;;X;;;;;;X;;;;;;;;;;;;;;;;;;;;;;;;;;;;;;;;;;;;;;;;;;;;;;;;;;;;;;;;;;;;;;;;;;;;;;;X;;;;
350L0100306;35-0L0-1003-06;ECAM CONTROL PANEL;REPAIR;;;;X;X;X;X;X;;;;;;;;;;;;;X;;;;;;;;;;;;;;;;;;;;;;;;;;;;;;;;;;;;;;;;;;;;;;;;;;;;;;;;;;;;;;;;;;;;;;;;;;;;;X;;;;
350L5100306;35-0L5-1003-06;BATTERY CHARGE LIMITER;REPAIR;;;;X;X;X;X;X;;;;;;;;;;;;;X;;;;;;X;;;;;;;;;;;;;;;;;;;;;;;;;;;;;;;;;;;;;;;;;;;;;;;;;;;;;;;;;;;;;;;;;;;;;;;X;;;;
350L5100407;35-0L5-1004-07;BATTERY CHARGE LIMITER;REPAIR;;;;X;X;X;X;X;;;;;;;;;;;;;X;;;;;;X;;;;;;;;;;;;;;;;;;;;;;;;;;;;;;;;;;;;;;;;;;;;;;;;;;;;;;;;;;;;;;;;;;;;;;;X;;;;
350L5100508;35-0L5-1005-08;BATTERY CHARGE LIMITER;REPAIR;;;;X;X;X;X;X;;;;;;;;;;;;;X;;;;;;X;;;;;;;;;;;;;;;;;;;;;;;;;;;;;;;;;;;;;;;;;;;;;;;;;;;;;;;;;;;;;;;;;;;;;;;X;;;;
350L5100608;35-0L5-1006-08;BATTERY CHARGE LIMITER;REPAIR;;;;X;X;X;X;X;;;;;;;;;;;;;X;;;;;;X;;;;;;;;;;;;;;;;;;;;;;;;;;;;;;;;;;;;;;;;;;;;;;;;;;;;;;;;;;;;;;;;;;;;;;;X;;;;
3510;3510;CONTACTOR/DISJONCT;;REPAIR;;;X;X;;;;;;;;X;;;;;;;;;;;;;;;;;;;;;;;;;;;;;;;;;;;;X;;;;;;;;;;;;;;;;;;;;;;;;;;;;;;;;;;;;;;;;;;;;;;;;;;X;;;
3510003901;3510-0039-01;COFFEE MAKER;REPAIR;;;;X;X;X;X;X;;;;;;;;;;;;;X;;;;;;X;;X;;;;;;;;;;;;;;;;;;;;;;;;;;;;;;;;;;;;;;;;;;;;;;;;;;;;;;;;;;;;;;;;;;;;;X;;;;
3510003903;3510-0039-03;COFFEE MAKER;REPAIR;;;;X;X;X;X;X;;;;;;;;;;;;;X;;;;;;X;;X;;;;;;;;;;;;;;;;;;;;;;;;;;;;;;;;;;;;;;;;;;;;;;;;;;;;;;;;;;;;;;;;;;;;;X;;;;
3510004405;3510-0044-05;COFFEE MAKER/WATER BOILER ASSEMBLY;REPAIR;;;;X;X;X;X;X;;;;;;;;;;;;;X;;;;;X;X;X;X;;;;;;;;;;;;;;;;;;;;;;;;;;;;;;;;;;;;;;;;;;;;;;;;;;;;;;;;;;;;;;;;;;;;;X;;;;
3510004407;3510-0044-07;COFFEE MAKER/WATER BOILER ASSEMBLY;REPAIR;;;;X;X;X;X;X;;;;;;;;;;;;;X;;;;;X;X;X;X;;;;;;;;;;;;;;;;;;;;;;;;;;;;;;;;;;;;;;;;;;;;;;;;;;;;;;;;;;;;;;;;;;;;;X;;;;
3510004411;3510-0044-11;COFFEE MAKER/WATER BOILER ASSEMBLY;REPAIR;;;;X;X;X;X;X;;;;;;;;;;;;;X;;;;;X;X;X;X;;;;;;;;;;;;;;;;;;;;;;;;;;;;;;;;;;;;;;;;;;;;;;;;;;;;;;;;;;;;;;;;;;;;;X;;;;
3510M0;3510M0;CONTACTOR/DISJONCT;;REPAIR;;;X;X;;;;;;;;X;;;;;;;;;;;;;;;;;;;;;;;;;;;;;;;;;;;;;;;;;;;X;;;X;X;X;;;;;;;;;;;;;;;;;;;;;;;;;;;;;;;;;;;;;;X;;;
35111260001;35-11126-0001;INTERNAL LEADING EDGE LH;;REPAIR;;;X;X;;X;;;;;;;;;;;;;;;;;;;;;;;;;;;;;;;;;;;;;;;;;;;;;;;;;;;;;;;;;;;;;;;;;;;;;;;X;X;;;;;;;;;;;;;;;;;;;;X;;;
35111260002;35-11126-0002;INTERNAL LEADING EDGE RH;;REPAIR;;;X;X;;X;;;;;;;;;;;;;;;;;;;;;;;;;;;;;;;;;;;;;;;;;;;;;;;;;;;;;;;;;;;;;;;;;;;;;;;X;X;;;;;;;;;;;;;;;;;;;;X;;;
35111260003;35-11126-0003;LEADING EDGE INNER LH;;REPAIR;;;X;X;;X;;;;;;;;;;;;;;;;;;;;;;;;;;;;;;;;;;;;;;;;;;;;;;;;;;;;;;;;;;;;;;;;;;;;;;;X;X;;;;;;;;;;;;;;;;;;;;X;;;
35111260004;35-11126-0004;INTERNAL LEADING EDGE RH;;REPAIR;;;X;X;;X;;;;;;;;;;;;;;;;;;;;;;;;;;;;;;;;;;;;;;;;;;;;;;;;;;;;;;;;;;;;;;;;;;;;;;;X;X;;;;;;;;;;;;;;;;;;;;X;;;
35112260001;35-11226-0001;EXTERNAL LEADING EDGE LH;;REPAIR;;;X;X;;X;;;;;;;;;;;;;;;;;;;;;;;;;;;;;;;;;;;;;;;;;;;;;;;;;;;;;;;;;;;;;;;;;;;;;;;X;X;;;;;;;;;;;;;;;;;;;;X;;;
3512013;3512-013;PUMP;;OVERHAUL;;;X;X;;X;;;;;;;;;;;;;;;;;;;;;;;;;;;;;;;;;;;;;;;;;;X;;;;X;X;;;;;;;;;;;;;;;;;;;;;;;;;;;;;;;;;;;;;;;;;;;;;X;;;
35123260001;35-12326-0001;INTERNAL LEADING EDGE LH;;REPAIR;;;X;X;;X;;;;;;;;;;;;;;;;;;;;;;;;;;;;;;;;;;;;;;;;;;;;;;;;;;;;;;;;;;;;;;;;;;;;;;;X;X;;;;;;;;;;;;;;;;;;;;X;;;
35123260001A01;35-12326-0001A01;INTERNAL LEADING EDGE LH;;REPAIR;;;X;X;;X;;;;;;;;;;;;;;;;;;;;;;;;;;;;;;;;;;;;;;;;;;;;;;;;;;;;;;;;;;;;;;;;;;;;;;;X;X;;;;;;;;;;;;;;;;;;;;X;;;
35123260002;35-12326-0002;INTERNAL LEADING EDGE RH;;REPAIR;;;X;X;;X;;;;;;;;;;;;;;;;;;;;;;;;;;;;;;;;;;;;;;;;;;;;;;;;;;;;;;;;;;;;;;;;;;;;;;;X;X;;;;;;;;;;;;;;;;;;;;X;;;
35123260002A0;35-12326-0002A0;INTERNAL LEADING EDGE RH;;REPAIR;;;X;X;;X;;;;;;;;;;;;;;;;;;;;;;;;;;;;;;;;;;;;;;;;;;;;;;;;;;;;;;;;;;;;;;;;;;;;;;;X;X;;;;;;;;;;;;;;;;;;;;X;;;
35123260003;35-12326-0003;INTERNAL LEADING EDGE LH;;REPAIR;;;X;;;;;;;;;;;;;;;;;;;;;;;;;;;;;;;;;;;;;;;;;;;;;;;;;;;;;;;;;;;;;;;;;;;;;;;;;;X;X;;;;;;X;;;;;;;;;;;;;;X;;X;
35123260004;35-12326-0004;INTERNAL LEADING EDGE RH;;REPAIR;;;X;X;;X;;;;;;;;;;;;;;;;;;;;;;;;;;;;;;;;;;;;;;;;;;;;;;;;;;;;;;;;;;;;;;;;;;;;;;;X;X;;;;;;;;;;;;;;;;;;;;X;;;
35124260001;35-12426-0001;INTERNAL LEADING EDGE LH;;REPAIR;;;X;X;;X;;;;;;;;;;;;;;;;;;;;;;;;;;;;;;;;;;;;;;;;;;;;;;;;;;;;;;;;;;;;;;;;;;;;;;;X;X;;;;;;;;;;;;;;;;;;;;X;;;
35124260001A0;35-12426-0001A0;INTERNAL LEADING EDGE LH;;REPAIR;;;X;X;;X;;;;;;;;;;;;;;;;;;;;;;;;;;;;;;;;;;;;;;;;;;;;;;;;;;;;;;;;;;;;;;;;;;;;;;;X;X;;;;;;;;;;;;;;;;;;;;X;;;
35124260002A0;35-12426-0002A0;INTERNAL LEADING EDGE LH;;REPAIR;;;X;X;;X;;;;;;;;;;;;;;;;;;;;;;;;;;;;;;;;;;;;;;;;;;;;;;;;;;;;;;;;;;;;;;;;;;;;;;;X;X;;;;;;;;;;;;;;;;;;;;X;;;
35133672101;351-33672-101;CREW ALERTING PANEL;;REPAIR;;;X;X;X;X;X;;;;;;;;;;;;;;;;;;;;;;;;;;;;;;;;;;;X;X;;;;;;;;;;;;;;;;;;;;;;;;;;;;;;;;;;;;;;;;;;;;;;;;;;;;;;;X;;;
35150500001;35-15050-0001;FAIRING;;REPAIR;;;X;;;;;;;;;;;;;;;;;;;;;;;;;;;;;;;;;;;;;;;;;;;;;;;;;;;;;;;;;;;;;;;;;;;;;;;;;;X;X;;;;;;X;;;;;;;;;;;;;;X;;X;
35150530003;35-15053-0003;FAIRING;;REPAIR;;;X;;;;;;;;;;;;;;;;;;;;;;;;;;;;;;;;;;;;;;;;;;;;;;;;;;;;;;;;;;;;;;;;;;;;;;;;;;X;X;;;;;;X;;;;;;;;;;;;;;X;;X;
35150530004;35-15053-0004;FAIRING;;REPAIR;;;X;;;;;;;;;;;;;;;;;;;;;;;;;;;;;;;;;;;;;;;;;;;;;;;;;;;;;;;;;;;;;;;;;;;;;;;;;;X;X;;;;;;X;;;;;;;;;;;;;;X;;X;
35155010003;35-15501-0003;FLAP;;REPAIR;;;X;;;;;;;;;;;;;;;;;;;;;;;;;;;;;;;;;;;;;;;;;;;;;;;;;;;;;;;;;;;;;;;;;;;;;;;;;;X;X;;;;;;X;;;;;;;;;;;;;;X;;X;
351601110;35160-1110;VARIO;;REPAIR;;;X;X;;;;;;;;X;;;;;;;;;;;;;;;;;;;;;;;;;;;;;;;;;;;;X;;;X;;;;;;;;;;;;;;;;;;;;;;;;;;;;;;;;;;;;;;;;;;;;;;;X;;;
351H51001;35-1H5-1001;BRAKE TEMPERATURE MONITORING UNIT;REPAIR;;;;X;X;X;X;X;;;;;;;;;;;;;X;;;;X;X;X;X;;;;;;;;;;;;;;;;;;;;;;;;;;;;;;;;;;;;;;;;;;;;;;;;;;;;;;;;;;;;;;;;;;;;;;X;;;;
351H51002;35-1H5-1002;BRAKE TEMPERATURE MONITORING UNIT;REPAIR;;;;X;X;X;X;X;;;;;;;;;;;;;X;;;;X;X;X;X;;;;;;;;;;;;;;;;;;;;;;;;;;;;;;;;;;;;;;;;;;;;;;;;;;;;;;;;;;;;;;;;;;;;;;X;;;;
35211550003;35-21155-0003;TRAPPE;;REPAIR;;;X;X;;;;;;;;;;;;;;;;;;;;;;;;;;;;;;;;;;;;;;;;;;;;;;;;;;;;;;;;;;;;;;;;;;;;;;;;;X;X;;;;;;X;;;;;;;;;;;;;;X;;X;
35211550004;35-21155-0004;TRAPPE;;REPAIR;;;X;X;;;;;;;;;;;;;;;;;;;;;;;;;;;;;;;;;;;;;;;;;;;;;;;;;;;;;;;;;;;;;;;;;;;;;;;;;X;X;;;;;;X;;;;;;;;;;;;;;X;;X;
35215156;35-215-156;TIME CONSTANT;BENCH TEST;;;;X;X;X;X;X;;;;;;;;;;;;;X;;;;;;;;;;;;;;;;;;;;;;;;;;;;;;;;;;;;;;;;;;;;;;;;;;;;;;;;;;;;;;;;;;;;;;;;;;;;;X;;;;
35215157;35-215-157;MODULE, TEMPORISATOR;BENCH TEST;;;BOD;X;;;;;;;;;;;;;;;;;X;;;;;;;;;;;;;;;;;;;;;;;;;;;;;;;;;;;;;;;;;;;;;;;;;;;;;;;;;;;;;;;;;;;;;;;;;;;;;X;;;;
35215257;35-215-257;MODULE, TEMPORISATOR;BENCH TEST;;;;X;X;X;X;X;;;;;;;;;;;;;X;;;;;;;;;;;;;;;;;;;;;;;;;;;;;;;;;;;;;;;;;;;;;;;;;;;;;;;;;;;;;;;;;;;;;;;;;;;;;X;;;;
35228370004;35-22837-0004;COVER ASSY RH;;REPAIR;;;X;;;;;;;;;X;;;;;;;;;;;;;;;;;;;;;;;;;;;;;;;;;;;;;;;;;;;;;;;;;;;;;;;;;;;;;;;;;X;X;;;;;;;;;;;;;;;;;;;;X;;X;
35237152;35-237-152;CARD;REPAIR;;;BOD;X;X;X;X;X;;;;;;;;;;;;;X;;;;;;;;;;;;;;;;;;;;;;;;;;;;;;;;;;;;;;;;;;;;;;;;;;;;;;;;;;;;;;;;;;;;;;;;;;;;;X;;;;
35237251;35-237-251;CARD SELECTION ALARME;REPAIR;;;;X;X;X;X;X;;;;;;;;;;;;;X;;;;;;;;;;;;;;;;;;;;;;;;;;;;;;;;;;;;;;;;;;;;;;;;;;;;;;;;;;;;;;;;;;;;;;;;;;;;;X;;;;
35241000001;35-24100-0001;STRAKE;;REPAIR;;;X;;;;;;;;;;;;;;;;;;;;;;;;;;;;;;;;;;;;;;;;;;;;;;;;;;;;;;;;;;;;;;;;;;;;;;;;;;;;;;;;;X;;;X;;;;;;;;;;;X;;X;
35241000002;35-24100-0002;STRAKE;;REPAIR;;;X;;;;;;;;;;;;;;;;;;;;;;;;;;;;;;;;;;;;;;;;;;;;;;;;;;;;;;;;;;;;;;;;;;;;;;;;;;;;;;;;;X;;;X;;;;;;;;;;;X;;X;
35242100;35-242-100;COMPENSATOR;REPAIR;;;;X;X;X;X;X;;;;;;;;;;;;;X;;;;;;;;;;;;;;;;;;;;;;;;;;;;;;;;;;;;;;;;;;;;;;;;;;;;;;;;;;;;;;;;;;;;;;;;;;;;;X;;;;
35259720002;35-25972-0002;LANDING DOOR PANEL;;REPAIR;;;X;;;;;;;;;;;;;;;;;;;;;;;;;;;;;;;;;;;;;;;;;;;;;;;;;;;;;;;;;;;;;;;;;;;;;;;;;;X;X;;;;;;X;;;;;;;;;;;;;;X;;X;
35293152;35-293-152;MONITORING CARD;REPAIR;;;;X;X;X;X;X;;;;;;;;;;;;;X;;;;;;;;;;;;;;;;;;;;;;;;;;;;;;;;;;;;;;;;;;;;;;;;;;;;;;;;;;;;;;;;;;;;;;;;;;;;;X;;;;
35296100;35-296-100;LATCHING MAGNETIC INDICATOR;REPAIR;;;;X;X;X;X;X;;;;;;;;;;;;;X;X;;;;;;;;;;;;;;;;;;;;;;;;;;;;;;;;;;;;;;;;;;;;;;;;;;;;;;;;;;;;;;;;;;;;;;;;;;;;X;;;;
35308452;35-308-452;CARD;REPAIR;;;BOD;X;X;X;X;X;;;;;;;;;;;;;X;;;;;;;;;;;;;;;;;;;;;;;;;;;;;;;;;;;;;;;;;;;;;;;;;;;;;;;;;;;;;;;;;;;;;;;;;;;;;X;;;;
353091001;35-309-1001;MASTER WARNING PANEL;REPAIR;;;;X;X;X;X;X;;;;;;;;;;;;;X;X;;;;;;;;;;;;;;;;;;;;;;;;;;;;;;;;;;;;;;;;;;;;;;;;;;;;;;;;;;;;;;;;;;;;;;;;;;;;X;;;;
353091002;35-309-1002;MASTER WARNING PANEL;REPAIR;;;;X;X;X;X;X;;;;;;;;;;;;;X;;;;;;;;;;;;;;;;;;;;;;;;;;;;;;;;;;;;;;;;;;;;;;;;;;;;;;;;;;;;;;;;;;;;;;;;;;;;;X;;;;
353091003;35-309-1003;MASTER WARNING PANEL;REPAIR;;;;X;X;X;X;X;;;;;;;;;;;;;X;X;;;;;;;;;;;;;;;;;;;;;;;;;;;;;;;;;;;;;;;;;;;;;;;;;;;;;;;;;;;;;;;;;;;;;;;;;;;;X;;;;
353091004;35-309-1004;MASTER WARNING PANEL;REPAIR;;;;X;X;X;X;X;;;;;;;;;;;;;X;X;;;;;;;;;;;;;;;;;;;;;;;;;;;;;;;;;;;;;;;;;;;;;;;;;;;;;;;;;;;;;;;;;;;;;;;;;;;;X;;;;
353091005;35-309-1005;MASTER WARNING PANEL;REPAIR;;;;X;X;X;X;X;;;;;;;;;;;;;X;X;;;;;;;;;;;;;;;;;;;;;;;;;;;;;;;;;;;;;;;;;;;;;;;;;;;;;;;;;;;;;;;;;;;;;;;;;;;;X;;;;
353091006;35-309-1006;MASTER WARNING PANEL;REPAIR;;;;X;X;X;X;X;;;;;;;;;;;;;X;X;;;;;;;;;;;;;;;;;;;;;;;;;;;;;;;;;;;;;;;;;;;;;;;;;;;;;;;;;;;;;;;;;;;;;;;;;;;;X;;;;
353091007;35-309-1007;MASTER WARNING PANEL;REPAIR;;;;X;X;X;X;X;;;;;;;;;;;;;X;;;;;;;;;;;;;;;;;;;;;;;;;;;;;;;;;;;;;;;;;;;;;;;;;;;;;;;;;;;;;;;;;;;;;;;;;;;;;X;;;;
353091008;35-309-1008;MASTER WARNING PANEL;REPAIR;;;;X;X;X;X;X;;;;;;;;;;;;;X;X;;;;;;;;;;;;;;;;;;;;;;;;;;;;;;;;;;;;;;;;;;;;;;;;;;;;;;;;;;;;;;;;;;;;;;;;;;;;X;;;;
353091009;35-309-1009;MASTER WARNING PANEL;REPAIR;;;;X;X;X;X;X;;;;;;;;;;;;;X;X;;;;;;;;;;;;;;;;;;;;;;;;;;;;;;;;;;;;;;;;;;;;;;;;;;;;;;;;;;;;;;;;;;;;;;;;;;;;X;;;;
35309100A;35-309-100A;MASTER WARNING PANEL;REPAIR;;;;X;X;X;X;X;;;;;;;;;;;;;X;;;;;;;;;;;;;;;;;;;;;;;;;;;;;;;;;;;;;;;;;;;;;;;;;;;;;;;;;;;;;;;;;;;;;;;;;;;;;X;;;;
353091010;35-309-1010;MASTER WARNING PANEL;REPAIR;;;;X;X;X;X;X;;;;;;;;;;;;;X;X;;;;;;;;;;;;;;;;;;;;;;;;;;;;;;;;;;;;;;;;;;;;;;;;;;;;;;;;;;;;;;;;;;;;;;;;;;;;X;;;;
353091013;35-309-1013;PANEL, MASTER WARNING;REPAIR;;;;X;X;X;X;X;;;;;;;;;;;;;X;X;;;;;;;;;;;;;;;;;;;;;;;;;;;;;;;;;;;;;;;;;;;;;;;;;;;;;;;;;;;;;;;;;;;;;;;;;;;;X;;;;
353091014;35-309-1014;PANEL, MASTER WARNING;REPAIR;;;;X;X;X;X;X;;;;;;;;;;;;;X;X;;;;;;;;;;;;;;;;;;;;;;;;;;;;;;;;;;;;;;;;;;;;;;;;;;;;;;;;;;;;;;;;;;;;;;;;;;;;X;;;;
353091015;35-309-1015;PANEL, MASTER WARNING;REPAIR;;;;X;X;X;X;X;;;;;;;;;;;;;X;X;;;;;;;;;;;;;;;;;;;;;;;;;;;;;;;;;;;;;;;;;;;;;;;;;;;;;;;;;;;;;;;;;;;;;;;;;;;;X;;;;
353091016;35-309-1016;MASTER WARNING PANEL;REPAIR;;;;X;X;X;X;X;;;;;;;;;;;;;X;;;;;;;;;;;;;;;;;;;;;;;;;;;;;;;;;;;;;;;;;;;;;;;;;;;;;;;;;;;;;;;;;;;;;;;;;;;;;X;;;;
353091017;35-309-1017;PANEL, MASTER WARNING;REPAIR;;;;X;X;X;X;X;;;;;;;;;;;;;X;X;;;;;;;;;;;;;;;;;;;;;;;;;;;;;;;;;;;;;;;;;;;;;;;;;;;;;;;;;;;;;;;;;;;;;;;;;;;;X;;;;
353091019;35-309-1019;PANEL, MASTER WARNING;REPAIR;;;;X;X;X;X;X;;;;;;;;;;;;;X;;;;;;;;;;;;;;;;;;;;;;;;;;;;;;;;;;;;;;;;;;;;;;;;;;;;;;;;;;;;;;;;;;;;;;;;;;;;;X;;;;
353091020;35-309-1020;MASTER WARNING PANEL;REPAIR;;;;X;X;X;X;X;;;;;;;;;;;;;X;;;;;;;;;;;;;;;;;;;;;;;;;;;;;;;;;;;;;;;;;;;;;;;;;;;;;;;;;;;;;;;;;;;;;;;;;;;;;X;;;;
353091021;35-309-1021;PANEL, MASTER WARNING;REPAIR;;;;X;X;X;X;X;;;;;;;;;;;;;X;X;X;X;;;;;;;;;;;;;;;;;;;;;;;;;;;;;;;;;;;;;;;;;;;;;;;;;;;;;;;;;;;;;;;;;;;;;;;;;;X;;;;
353091022;35-309-1022;PANEL, MASTER WARNING;REPAIR;;;;X;X;X;X;X;;;;;;;;;;;;;X;X;X;X;;;;;;;;;;;;;;;;;;;;;;;;;;;;;;;;;;;;;;;;;;;;;;;;;;;;;;;;;;;;;;;;;;;;;;;;;;X;;;;
353091023;35-309-1023;PANEL, MASTER WARNING;REPAIR;;;;X;X;X;X;X;;;;;;;;;;;;;X;X;X;X;;;;;;;;;;;;;;;;;;;;;;;;;;;;;;;;;;;;;;;;;;;;;;;;;;;;;;;;;;;;;;;;;;;;;;;;;;X;;;;
35309152;35-309-152;POWER CARD;REPAIR;;;BOD;X;X;X;X;X;;;;;;;;;;;;;X;;;;;;;;;;;;;;;;;;;;;;;;;;;;;;;;;;;;;;;;;;;;;;;;;;;;;;;;;;;;;;;;;;;;;;;;;;;;;X;;;;
35310160003;35-31016-0003;FAIRING ASSY;;REPAIR;;;X;X;;;;;;;;;;;;;;;;;;;;;;;;;;;;;;;;;;;;;;;;;;;;;;;;;;;;;;;;;;;;;;;;;;;;;;;;;X;X;;;;;;;;;;;;;;;;;;;;X;;;
35311260003;35-31126-0003;HORIZONTAL STABILIZER LH;;REPAIR;;;X;X;;X;;;;;;;;;;;;;;;;;;;;;;;;;;;;;;;;;;;;;;;;;;;;;;;;;;;;;;;;;;;;;;;;;;;;;;;X;X;;;;;;;;;;;;;;;;;;;;X;;;
35311260004;35-31126-0004;HORIZONTAL STABILIZER RH;;REPAIR;;;X;X;;X;;;;;;;;;;;;;;;;;;;;;;;;;;;;;;;;;;;;;;;;;;;;;;;;;;;;;;;;;;;;;;;;;;;;;;;X;X;;;;;;;;;;;;;;;;;;;;X;;;
35311260005;35-31126-0005;HORIZONTAL STABILIZER LH;;REPAIR;;;X;X;;X;;;;;;;;;;;;;;;;;;;;;;;;;;;;;;;;;;;;;;;;;;;;;;;;;;;;;;;;;;;;;;;;;;;;;;;X;X;;;;;;;;;;;;;;;;;;;;X;;;
35311260006;35-31126-0006;HORIZONTAL STABILIZER RH;;REPAIR;;;X;X;;X;;;;;;;;;;;;;;;;;;;;;;;;;;;;;;;;;;;;;;;;;;;;;;;;;;;;;;;;;;;;;;;;;;;;;;;X;X;;;;;;;;;;;;;;;;;;;;X;;;
35313120;35-313-120;CARD;REPAIR;;;BOD;X;X;X;X;X;;;;;;;;;;;;;X;;;;;;;;;;;;;;;;;;;;;;;;;;;;;;;;;;;;;;;;;;;;;;;;;;;;;;;;;;;;;;;;;;;;;;;;;;;;;X;;;;
35315100;35-315-100;SERVOCONTROL JAMMING DETECTION LOGIC BOX;REPAIR;;;;X;X;X;X;X;;;;;;;;;;;;;X;X;;;;;;;;;;;;;;;;;;;;;;;;;;;;;;;;;;;;;;;;;;;;;;;;;;;;;;;;;;;;;;;;;;;;;;;;;;;;X;;;;
353151001;35-315-1001;SERVOCONTROL JAMMING DETECTION LOGIC BOX;REPAIR;;;;X;X;X;X;X;;;;;;;;;;;;;X;X;;;;;;;;;;;;;;;;;;;;;;;;;;;;;;;;;;;;;;;;;;;;;;;;;;;;;;;;;;;;;;;;;;;;;;;;;;;;X;;;;
353151002;35-315-1002;SERVOCONTROL JAMMING DETECTION LOGIC BOX;REPAIR;;;;X;X;X;X;X;;;;;;;;;;;;;X;;;;;;;;;;;;;;;;;;;;;;;;;;;;;;;;;;;;;;;;;;;;;;;;;;;;;;;;;;;;;;;;;;;;;;;;;;;;;X;;;;
353151003;35-315-1003;SERVOCONTROL JAMMING DETECTION LOGIC BOX;REPAIR;;;;X;X;X;X;X;;;;;;;;;;;;;X;;;;;;;;;;;;;;;;;;;;;;;;;;;;;;;;;;;;;;;;;;;;;;;;;;;;;;;;;;;;;;;;;;;;;;;;;;;;;X;;;;
353151004;35-315-1004;SERVOCONTROL JAMMING DETECTION LOGIC BOX;REPAIR;;;;X;X;X;X;X;;;;;;;;;;;;;X;;;;;;;;;;;;;;;;;;;;;;;;;;;;;;;;;;;;;;;;;;;;;;;;;;;;;;;;;;;;;;;;;;;;;;;;;;;;;X;;;;
353151005;35-315-1005;SERVOCONTROL JAMMING DETECTION LOGIC BOX;REPAIR;;;;X;X;X;X;X;;;;;;;;;;;;;X;X;;;;;;;;;;;;;;;;;;;;;;;;;;;;;;;;;;;;;;;;;;;;;;;;;;;;;;;;;;;;;;;;;;;;;;;;;;;;X;;;;
353151006;35-315-1006;SERVOCONTROL JAMMING DETECTION LOGIC BOX;REPAIR;;;;X;X;X;X;X;;;;;;;;;;;;;X;;;;;;;;;;;;;;;;;;;;;;;;;;;;;;;;;;;;;;;;;;;;;;;;;;;;;;;;;;;;;;;;;;;;;;;;;;;;;X;;;;
353151007;35-315-1007;SERVOCONTROL JAMMING DETECTION LOGIC BOX;REPAIR;;;;X;X;X;X;X;;;;;;;;;;;;;X;X;;;;;;;;;;;;;;;;;;;;;;;;;;;;;;;;;;;;;;;;;;;;;;;;;;;;;;;;;;;;;;;;;;;;;;;;;;;;X;;;;
353152002;35-315-2002;JAMMING DETECTION CONTROL UNIT;REPAIR;;;;X;X;X;X;X;;;;;;;;;;;;;X;X;X;X;;;;;;;;;;;;;;;;;;;;;;;;;;;;;;;;;;;;;;;;;;;;;;;;;;;;;;;;;;;;;;;;;;;;;;;;;;X;;;;
353152003;35-315-2003;JAMMING DETECTION CONTROL UNIT;REPAIR;;;;X;X;X;X;X;;;;;;;;;;;;;X;X;X;X;;;;;;;;;;;;;;;;;;;;;;;;;;;;;;;;;;;;;;;;;;;;;;;;;;;;;;;;;;;;;;;;;;;;;;;;;;X;;;;
35317100;35-317-100;BOX, CALLING SYSTEM LOGIC;REPAIR;;;;X;X;X;X;X;;;;;;;;;;;;;X;X;;;;;;;;;;;;;;;;;;;;;;;;;;;;;;;;;;;;;;;;;;;;;;;;;;;;;;;;;;;;;;;;;;;;;;;;;;;;X;;;;
353171001;35-317-1001;BOX, CALLING SYSTEM LOGIC;REPAIR;;;;X;X;X;X;X;;;;;;;;;;;;;X;X;;;;;;;;;;;;;;;;;;;;;;;;;;;;;;;;;;;;;;;;;;;;;;;;;;;;;;;;;;;;;;;;;;;;;;;;;;;;X;;;;
353171002;35-317-1002;BOX, CALLING SYSTEM LOGIC;REPAIR;;;;X;X;X;X;X;;;;;;;;;;;;;X;X;;;;;;;;;;;;;;;;;;;;;;;;;;;;;;;;;;;;;;;;;;;;;;;;;;;;;;;;;;;;;;;;;;;;;;;;;;;;X;;;;
353171003;35-317-1003;BOX, CALLING SYSTEM LOGIC;REPAIR;;;;X;X;X;X;X;;;;;;;;;;;;;X;;;;;;;;;;;;;;;;;;;;;;;;;;;;;;;;;;;;;;;;;;;;;;;;;;;;;;;;;;;;;;;;;;;;;;;;;;;;;X;;;;
35317154;35-317-154;CARTE N4 SUPPLY;REPAIR;;;BOD;X;X;X;X;X;;;;;;;;;;;;;X;X;;;;;;;;;;;;;;;;;;;;;;;;;;;;;;;;;;;;;;;;;;;;;;;;;;;;;;;;;;;;;;;;;;;;;;;;;;;;X;;;;
35320000007;35-32000-0007;ELEVATOR LH;;REPAIR;;;X;X;;;;;;;;X;;;;;;;;;;;;;;;;;;;;;;;;;;;;;;;;;;;;;;;;;;;;;;;;;;;;;;;;;;;;;;;;;X;X;;;;;;;;;;;;;;;;;;;;X;;X;
35320010009;35-32001-0009;ELEVATOR ASSY;;REPAIR;;;X;;;;;;;;;X;;;;;;;;;;;;;;;;;;;;;;;;;;;;;;;;;;;;;;;;;;;;;;;;;;;;;;;;;;;;;;;;;X;X;;;;;;;;;;;;;;;;;;;;X;;X;
35320100;35-320-100;INDICATOR, PULSE;BENCH TEST;;;;X;X;X;X;X;;;;;;;;;;;;;X;X;;;;;;;;;;;;;;;;;;;;;;;;;;;;;;;;;;;;;;;;;;;;;;;;;;;;;;;;;;;;;;;;;;;;;;;;;;;;X;;;;
35321500005;35-32150-0005;TAB ASSY TRIM;;REPAIR;;;X;;;;;;;;;;;;;;;;;;;;;;;;;;;;;;;;;;;;;;;;;;;;;;;;;;;;;;;;;;;;;;;;;;;;;;;;;;X;X;;;;;;X;;;;;;;;;;;;;;X;;X;
35322010003;35-32201-0003;TAB ASSY SERVO;;REPAIR;;;X;;;;;;;;;;;;;;;;;;;;;;;;;;;;;;;;;;;;;;;;;;;;;;;;;;;;;;;;;;;;;;;;;;;;;;;;;;X;X;;;;;;X;;;;;;;;;;;;;;X;;X;
35322650003;35-32265-0003;GOUVERNE PROFONDEUR GAUCHE;;REPAIR;;;X;;;X;;;;;;;;;;;;;;;;;;;;;;;;;;;;;;;;;;;;;;;;;;;;;;;;;;;;;;;;;;;;;;;;;;;;;;;X;X;;;;;;;;;;;;;;;;;;;;X;;X;
35322660003;35-32266-0003;GOUVERNE PROFONDEUR DROITE;;REPAIR;;;X;;;X;;;;;;;;;;;;;;;;;;;;;;;;;;;;;;;;;;;;;;;;;;;;;;;;;;;;;;;;;;;;;;;;;;;;;;;X;X;;;;;;;;;;;;;;;;;;;;X;;X;
35325100;35-325-100;Landing Gear and Doors Indicating Unit;REPAIR;;;;X;X;X;X;X;;;;;;;;;;;;;X;X;;;;;;;;;;;;;;;;;;;;;;;;;;;;;;;;;;;;;;;;;;;;;;;;;;;;;;;;;;;;;;;;;;;;;;;;;;;;X;;;;
353251001;35-325-1001;Landing Gear and Doors Indicating Unit;REPAIR;;;;X;X;X;X;X;;;;;;;;;;;;;X;X;;;;;;;;;;;;;;;;;;;;;;;;;;;;;;;;;;;;;;;;;;;;;;;;;;;;;;;;;;;;;;;;;;;;;;;;;;;;X;;;;
35331250007;35-33125-0007;VERTICAL STABILIZER;;REPAIR;;;X;X;;X;;;;;;;;;;;;;;;;;;;;;;;;;;;;;;;;;;;;;;;;;;;;;;;;;;;;;;;;;;;;;;;;;;;;;;;X;X;;;;;;;;;;;;;;;;;;;;X;;;
35340010003;35-34001-0003;GOUVERNE DE DIRECTION;;REPAIR;;;X;X;;;;;;;;X;;;;;;;;;;;;;;;;;;;;;;;;;;;;;;;;;;;;;;;;;;;;;;;;;;;;;;;;;;;;;;;;;X;X;;;;;;;;;;;;;;;;;;;;X;;;
35349100;35-349-100;BRAKING SYSTEM UNIT;REPAIR;;;;X;X;X;X;X;;;;;;;;;;;;;X;X;;;;;;;;;;;;;;;;;;;;;;;;;;;;;;;;;;;;;;;;;;;;;;;;;;;;;;;;;;;;;;;;;;;;;;;;;;;;X;;;;
353491001;35-349-1001;BRAKING SYSTEM UNIT;REPAIR;;;;X;X;X;X;X;;;;;;;;;;;;;X;;;;;;;;;;;;;;;;;;;;;;;;;;;;;;;;;;;;;;;;;;;;;;;;;;;;;;;;;;;;;;;;;;;;;;;;;;;;;X;;;;
353491002;35-349-1002;BRAKING SYSTEM UNIT;REPAIR;;;;X;X;X;X;X;;;;;;;;;;;;;X;X;;;;;;;;;;;;;;;;;;;;;;;;;;;;;;;;;;;;;;;;;;;;;;;;;;;;;;;;;;;;;;;;;;;;;;;;;;;;X;;;;
353491003;35-349-1003;BRAKING SYSTEM UNIT;REPAIR;;;;X;X;X;X;X;;;;;;;;;;;;;X;X;;;;;;;;;;;;;;;;;;;;;;;;;;;;;;;;;;;;;;;;;;;;;;;;;;;;;;;;;;;;;;;;;;;;;;;;;;;;X;;;;
353491004;35-349-1004;BRAKING SYSTEM UNIT;REPAIR;;;;X;X;X;X;X;;;;;;;;;;;;;X;X;;;;;;;;;;;;;;;;;;;;;;;;;;;;;;;;;;;;;;;;;;;;;;;;;;;;;;;;;;;;;;;;;;;;;;;;;;;;X;;;;
353491005;35-349-1005;BRAKING SYSTEM UNIT;REPAIR;;;;X;X;X;X;X;;;;;;;;;;;;;X;X;;;;;;;;;;;;;;;;;;;;;;;;;;;;;;;;;;;;;;;;;;;;;;;;;;;;;;;;;;;;;;;;;;;;;;;;;;;;X;;;;
353781002;35-378-1002;PANEL, AUDIO WARNING;REPAIR;;;;X;X;X;X;X;;;;;;;;;;;;;X;;;;;;;;;;;;;;;;;;;;;;;;;;;;;;;;;;;;;;;;;;;;;;;;;;;;;;;;;;;;;;;;;;;;;;;;;;;;;X;;;;
353781002A;35-378-1002A;PANEL, AUDIO WARNING;REPAIR;;;;X;X;X;X;X;;;;;;;;;;;;;X;;;;;;;;;;;;;;;;;;;;;;;;;;;;;;;;;;;;;;;;;;;;;;;;;;;;;;;;;;;;;;;;;;;;;;;;;;;;;X;;;;
353781003;35-378-1003;PANEL, AUDIO WARNING;REPAIR;;;;X;X;X;X;X;;;;;;;;;;;;;X;;;;;;;;;;;;;;;;;;;;;;;;;;;;;;;;;;;;;;;;;;;;;;;;;;;;;;;;;;;;;;;;;;;;;;;;;;;;;X;;;;
353781004;35-378-1004;PANEL, AUDIO WARNING;REPAIR;;;;X;X;X;X;X;;;;;;;;;;;;;X;;;;;;;;;;;;;;;;;;;;;;;;;;;;;;;;;;;;;;;;;;;;;;;;;;;;;;;;;;;;;;;;;;;;;;;;;;;;;X;;;;
353781005;35-378-1005;PANEL, AUDIO WARNING;REPAIR;;;;X;X;X;X;X;;;;;;;;;;;;;X;;;;;;;;;;;;;;;;;;;;;;;;;;;;;;;;;;;;;;;;;;;;;;;;;;;;;;;;;;;;;;;;;;;;;;;;;;;;;X;;;;
353781007;35-378-1007;PANEL, AUDIO WARNING;REPAIR;;;;X;X;X;X;X;;;;;;;;;;;;;X;;;;;;;;;;;;;;;;;;;;;;;;;;;;;;;;;;;;;;;;;;;;;;;;;;;;;;;;;;;;;;;;;;;;;;;;;;;;;X;;;;
353781008;35-378-1008;PANEL, AUDIO WARNING;REPAIR;;;;X;X;X;X;X;;;;;;;;;;;;;X;;;;;;;;;;;;;;;;;;;;;;;;;;;;;;;;;;;;;;;;;;;;;;;;;;;;;;;;;;;;;;;;;;;;;;;;;;;;;X;;;;
353781009;35-378-1009;PANEL, AUDIO WARNING;REPAIR;;;;X;X;X;X;X;;;;;;;;;;;;;X;;;;;;;;;;;;;;;;;;;;;;;;;;;;;;;;;;;;;;;;;;;;;;;;;;;;;;;;;;;;;;;;;;;;;;;;;;;;;X;;;;
353781010;35-378-1010;PANEL, AUDIO WARNING;REPAIR;;;;X;X;X;X;X;;;;;;;;;;;;;X;;;;;;;;;;;;;;;;;;;;;;;;;;;;;;;;;;;;;;;;;;;;;;;;;;;;;;;;;;;;;;;;;;;;;;;;;;;;;X;;;;
353781011;35-378-1011;PANEL, AUDIO WARNING;REPAIR;;;;X;X;X;X;X;;;;;;;;;;;;;X;;;;;;;;;;;;;;;;;;;;;;;;;;;;;;;;;;;;;;;;;;;;;;;;;;;;;;;;;;;;;;;;;;;;;;;;;;;;;X;;;;
353781012;35-378-1012;PANEL, AUDIO WARNING;REPAIR;;;;X;X;X;X;X;;;;;;;;;;;;;X;;;;;;;;;;;;;;;;;;;;;;;;;;;;;;;;;;;;;;;;;;;;;;;;;;;;;;;;;;;;;;;;;;;;;;;;;;;;;X;;;;
353781013;35-378-1013;PANEL, AUDIO WARNING;REPAIR;;;;X;X;X;X;X;;;;;;;;;;;;;X;;;;;;;;;;;;;;;;;;;;;;;;;;;;;;;;;;;;;;;;;;;;;;;;;;;;;;;;;;;;;;;;;;;;;;;;;;;;;X;;;;
353781015;35-378-1015;PANEL, AUDIO WARNING;REPAIR;;;;X;X;X;X;X;;;;;;;;;;;;;X;;;;;;;;;;;;;;;;;;;;;;;;;;;;;;;;;;;;;;;;;;;;;;;;;;;;;;;;;;;;;;;;;;;;;;;;;;;;;X;;;;
353781016;35-378-1016;PANEL, AUDIO WARNING;REPAIR;;;;X;X;X;X;X;;;;;;;;;;;;;X;;;;;;;;;;;;;;;;;;;;;;;;;;;;;;;;;;;;;;;;;;;;;;;;;;;;;;;;;;;;;;;;;;;;;;;;;;;;;X;;;;
353781017;35-378-1017;PANEL, AUDIO WARNING;REPAIR;;;;X;X;X;X;X;;;;;;;;;;;;;X;;;;;;;;;;;;;;;;;;;;;;;;;;;;;;;;;;;;;;;;;;;;;;;;;;;;;;;;;;;;;;;;;;;;;;;;;;;;;X;;;;
353781018;35-378-1018;PANEL, AUDIO WARNING;REPAIR;;;;X;X;X;X;X;;;;;;;;;;;;;X;X;;;;;;;;;;;;;;;;;;;;;;;;;;;;;;;;;;;;;;;;;;;;;;;;;;;;;;;;;;;;;;;;;;;;;;;;;;;;X;;;;
353781019;35-378-1019;PANEL, AUDIO WARNING;REPAIR;;;;X;X;X;X;X;;;;;;;;;;;;;X;X;X;X;;;;;;;;;;;;;;;;;;;;;;;;;;;;;;;;;;;;;;;;;;;;;;;;;;;;;;;;;;;;;;;;;;;;;;;;;;X;;;;
353781020;35-378-1020;PANEL, AUDIO WARNING;REPAIR;;;;X;X;X;X;X;;;;;;;;;;;;;X;;;;;;;;;;;;;;;;;;;;;;;;;;;;;;;;;;;;;;;;;;;;;;;;;;;;;;;;;;;;;;;;;;;;;;;;;;;;;X;;;;
353781022;35-378-1022;PANEL, AUDIO WARNING;REPAIR;;;;X;X;X;X;X;;;;;;;;;;;;;X;X;;;;;;;;;;;;;;;;;;;;;;;;;;;;;;;;;;;;;;;;;;;;;;;;;;;;;;;;;;;;;;;;;;;;;;;;;;;;X;;;;
353781023;35-378-1023;PANEL, AUDIO WARNING;REPAIR;;;;X;X;X;X;X;;;;;;;;;;;;;X;;;;;;;;;;;;;;;;;;;;;;;;;;;;;;;;;;;;;;;;;;;;;;;;;;;;;;;;;;;;;;;;;;;;;;;;;;;;;X;;;;
353781025;35-378-1025;PANEL, AUDIO WARNING;REPAIR;;;;X;X;X;X;X;;;;;;;;;;;;;X;X;;;;;;;;;;;;;;;;;;;;;;;;;;;;;;;;;;;;;;;;;;;;;;;;;;;;;;;;;;;;;;;;;;;;;;;;;;;;X;;;;
353781026;35-378-1026;PANEL, AUDIO WARNING;REPAIR;;;;X;X;X;X;X;;;;;;;;;;;;;X;;;;;;;;;;;;;;;;;;;;;;;;;;;;;;;;;;;;;;;;;;;;;;;;;;;;;;;;;;;;;;;;;;;;;;;;;;;;;X;;;;
353781032;35-378-1032;PANEL, AUDIO WARNING;REPAIR;;;;X;X;X;X;X;;;;;;;;;;;;;X;;;;;;;;;;;;;;;;;;;;;;;;;;;;;;;;;;;;;;;;;;;;;;;;;;;;;;;;;;;;;;;;;;;;;;;;;;;;;X;;;;
353781033;35-378-1033;PANEL, AUDIO WARNING;REPAIR;;;;X;X;X;X;X;;;;;;;;;;;;;X;;;;;;;;;;;;;;;;;;;;;;;;;;;;;;;;;;;;;;;;;;;;;;;;;;;;;;;;;;;;;;;;;;;;;;;;;;;;;X;;;;
353781035;35-378-1035;PANEL, AUDIO WARNING;REPAIR;;;;X;X;X;X;X;;;;;;;;;;;;;X;X;;;;;;;;;;;;;;;;;;;;;;;;;;;;;;;;;;;;;;;;;;;;;;;;;;;;;;;;;;;;;;;;;;;;;;;;;;;;X;;;;
353781036;35-378-1036;PANEL, AUDIO WARNING;REPAIR;;;;X;X;X;X;X;;;;;;;;;;;;;X;X;X;X;;;;;;;;;;;;;;;;;;;;;;;;;;;;;;;;;;;;;;;;;;;;;;;;;;;;;;;;;;;;;;;;;;;;;;;;;;X;;;;
35396156;35-396-156;CARD;REPAIR;;;BOD;X;X;X;X;X;;;;;;;;;;;;;X;;;;;;;;;;;;;;;;;;;;;;;;;;;;;;;;;;;;;;;;;;;;;;;;;;;;;;;;;;;;;;;;;;;;;;;;;;;;;X;;;;
354001033;35-400-1033;MASTER WARNING CONTROLLER;REPAIR;;;;X;X;X;X;X;;;;;;;;;;;;;X;X;;;;;;;;;;;;;;;;;;;;;;;;;;;;;;;;;;;;;;;;;;;;;;;;;;;;;;;;;;;;;;;;;;;;;;;;;;;;X;;;;
354001035;35-400-1035;MASTER WARNING CONTROLLER;REPAIR;;;;X;X;X;X;X;;;;;;;;;;;;;X;X;;;;;;;;;;;;;;;;;;;;;;;;;;;;;;;;;;;;;;;;;;;;;;;;;;;;;;;;;;;;;;;;;;;;;;;;;;;;X;;;;
354001038;35-400-1038;MASTER WARNING CONTROLLER;REPAIR;;;;X;X;X;X;X;;;;;;;;;;;;;X;X;;;;;;;;;;;;;;;;;;;;;;;;;;;;;;;;;;;;;;;;;;;;;;;;;;;;;;;;;;;;;;;;;;;;;;;;;;;;X;;;;
354001041;35-400-1041;MASTER WARNING CONTROLLER;REPAIR;;;;X;X;X;X;X;;;;;;;;;;;;;X;X;X;X;;;;;;;;;;;;;;;;;;;;;;;;;;;;;;;;;;;;;;;;;;;;;;;;;;;;;;;;;;;;;;;;;;;;;;;;;;X;;;;
354001042;35-400-1042;MASTER WARNING CONTROLLER;REPAIR;;;;X;X;X;X;X;;;;;;;;;;;;;X;;;;;;;;;;;;;;;;;;;;;;;;;;;;;;;;;;;;;;;;;;;;;;;;;;;;;;;;;;;;;;;;;;;;;;;;;;;;;X;;;;
354001043;35-400-1043;MASTER WARNING CONTROLLER;REPAIR;;;;X;X;X;X;X;;;;;;;;;;;;;X;;;;;;;;;;;;;;;;;;;;;;;;;;;;;;;;;;;;;;;;;;;;;;;;;;;;;;;;;;;;;;;;;;;;;;;;;;;;;X;;;;
354001044;35-400-1044;MASTER WARNING CONTROLLER;REPAIR;;;;X;X;X;X;X;;;;;;;;;;;;;X;X;;;;;;;;;;;;;;;;;;;;;;;;;;;;;;;;;;;;;;;;;;;;;;;;;;;;;;;;;;;;;;;;;;;;;;;;;;;;X;;;;
354001045;35-400-1045;MASTER WARNING CONTROLLER;REPAIR;;;;X;X;X;X;X;;;;;;;;;;;;;X;X;;;;;;;;;;;;;;;;;;;;;;;;;;;;;;;;;;;;;;;;;;;;;;;;;;;;;;;;;;;;;;;;;;;;;;;;;;;;X;;;;
354001046;35-400-1046;MASTER WARNING CONTROLLER;REPAIR;;;;X;X;X;X;X;;;;;;;;;;;;;X;X;;;;;;;;;;;;;;;;;;;;;;;;;;;;;;;;;;;;;;;;;;;;;;;;;;;;;;;;;;;;;;;;;;;;;;;;;;;;X;;;;
354001047;35-400-1047;MASTER WARNING CONTROLLER;REPAIR;;;;X;X;X;X;X;;;;;;;;;;;;;X;X;;;;;;;;;;;;;;;;;;;;;;;;;;;;;;;;;;;;;;;;;;;;;;;;;;;;;;;;;;;;;;;;;;;;;;;;;;;;X;;;;
354001049;35-400-1049;MASTER WARNING CONTROLLER;REPAIR;;;;X;;;;;;;;;;;;;;;;;X;;;;;;;;;;;;;;;;;;;;;;;;;;;;;;;;;;;;;;;;;;;;;;;;;;;;;;;;;;;;;;;;;;;;;;;;;;;;;X;;;;
354001052;35-400-1052;MASTER WARNING CONTROLLER;REPAIR;;;;X;X;X;X;X;;;;;;;;;;;;;X;X;;;;;;;;;;;;;;;;;;;;;;;;;;;;;;;;;;;;;;;;;;;;;;;;;;;;;;;;;;;;;;;;;;;;;;;;;;;;X;;;;
354001053;35-400-1053;MASTER WARNING CONTROLLER;REPAIR;;;;X;X;X;X;X;;;;;;;;;;;;;X;X;;;;;;;;;;;;;;;;;;;;;;;;;;;;;;;;;;;;;;;;;;;;;;;;;;;;;;;;;;;;;;;;;;;;;;;;;;;;X;;;;
354001055;35-400-1055;MASTER WARNING CONTROLLER;REPAIR;;;;X;X;X;X;X;;;;;;;;;;;;;X;;;;;;;;;;;;;;;;;;;;;;;;;;;;;;;;;;;;;;;;;;;;;;;;;;;;;;;;;;;;;;;;;;;;;;;;;;;;;X;;;;
354001056;35-400-1056;MASTER WARNING CONTROLLER;REPAIR;;;;X;X;X;X;X;;;;;;;;;;;;;X;X;X;X;;;;;;;;;;;;;;;;;;;;;;;;;;;;;;;;;;;;;;;;;;;;;;;;;;;;;;;;;;;;;;;;;;;;;;;;;;X;;;;
35400356;35-400-356;CARD INCID 1;REPAIR;;;;X;X;X;X;X;;;;;;;;;;;;;X;X;;;;;;;;;;;;;;;;;;;;;;;;;;;;;;;;;;;;;;;;;;;;;;;;;;;;;;;;;;;;;;;;;;;;;;;;;;;;X;;;;
35400455;35-400-455;VC2 CARD;REPAIR;;;;X;X;X;X;X;;;;;;;;;;;;;X;X;;;;;;;;;;;;;;;;;;;;;;;;;;;;;;;;;;;;;;;;;;;;;;;;;;;;;;;;;;;;;;;;;;;;;;;;;;;;X;;;;
35400757;35-400-757;CARTE VC1 N.24;REPAIR;;;;X;X;X;X;X;;;;;;;;;;;;;X;X;X;;;;;;;;;;;;;;;;;;;;;;;;;;;;;;;;;;;;;;;;;;;;;;;;;;;;;;;;;;;;;;;;;;;;;;;;;;;X;;;;
35403154;35-403-154;CARTE RELAYS N.04;REPAIR;;;;X;X;X;X;X;;;;;;;;;;;;;X;;;;;;;;;;;;;;;;;;;;;;;;;;;;;;;;;;;;;;;;;;;;;;;;;;;;;;;;;;;;;;;;;;;;;;;;;;;;;X;;;;
35403155;35-403-155;CARD;REPAIR;;;BOD;X;X;X;X;X;;;;;;;;;;;;;X;;;;;;;;;;;;;;;;;;;;;;;;;;;;;;;;;;;;;;;;;;;;;;;;;;;;;;;;;;;;;;;;;;;;;;;;;;;;;X;;;;
35403157;35-403-157;CARTE FLAG INST N.07;REPAIR;;;;X;X;X;X;X;;;;;;;;;;;;;X;;;;;;;;;;;;;;;;;;;;;;;;;;;;;;;;;;;;;;;;;;;;;;;;;;;;;;;;;;;;;;;;;;;;;;;;;;;;;X;;;;
35403158;35-403-158;CARD;REPAIR;;;;X;X;X;X;X;;;;;;;;;;;;;X;;;;;;;;;;;;;;;;;;;;;;;;;;;;;;;;;;;;;;;;;;;;;;;;;;;;;;;;;;;;;;;;;;;;;;;;;;;;;X;;;;
35403254;35-403-254;CARD CONFIG;REPAIR;;;BOD;X;X;X;X;X;;;;;;;;;;;;;X;;;;;;;;;;;;;;;;;;;;;;;;;;;;;;;;;;;;;;;;;;;;;;;;;;;;;;;;;;;;;;;;;;;;;;;;;;;;;X;;;;
35403257;35-403-257;CARD, A/STAB;REPAIR;;;;X;X;X;X;X;;;;;;;;;;;;;X;X;X;;;;;;;;;;;;;;;;;;;;;;;;;;;;;;;;;;;;;;;;;;;;;;;;;;;;;;;;;;;;;;;;;;;;;;;;;;;X;;;;
35403350;35-403-350;CARTE CAB PRESS N.20;REPAIR;;;;X;X;X;X;X;;;;;;;;;;;;;X;;;;;;;;;;;;;;;;;;;;;;;;;;;;;;;;;;;;;;;;;;;;;;;;;;;;;;;;;;;;;;;;;;;;;;;;;;;;;X;;;;
35403351;35-403-351;CARD PNEU N.21;REPAIR;;;;X;X;X;X;X;;;;;;;;;;;;;X;;;;;;;;;;;;;;;;;;;;;;;;;;;;;;;;;;;;;;;;;;;;;;;;;;;;;;;;;;;;;;;;;;;;;;;;;;;;;X;;;;
35403358;35-403-358;CARD;REPAIR;;;BOD;X;X;X;X;X;;;;;;;;;;;;;X;;;;;;;;;;;;;;;;;;;;;;;;;;;;;;;;;;;;;;;;;;;;;;;;;;;;;;;;;;;;;;;;;;;;;;;;;;;;;X;;;;
35403359;35-403-359;CARD HYDRAU;REPAIR;;;;X;X;X;X;X;;;;;;;;;;;;;X;;;;;;;;;;;;;;;;;;;;;;;;;;;;;;;;;;;;;;;;;;;;;;;;;;;;;;;;;;;;;;;;;;;;;;;;;;;;;X;;;;
35403450;35-403-450;CARTE ELEC N.30;REPAIR;;;;X;X;X;X;X;;;;;;;;;;;;;X;X;;X;;;;;;;;;;;;;;;;;;;;;;;;;;;;;;;;;;;;;;;;;;;;;;;;;;;;;;;;;;;;;;;;;;;;;;;;;;X;;;;
35403458;35-403-458;CARD  D. ICE;REPAIR;;;;X;X;X;X;X;;;;;;;;;;;;;X;X;;;;;;;;;;;;;;;;;;;;;;;;;;;;;;;;;;;;;;;;;;;;;;;;;;;;;;;;;;;;;;;;;;;;;;;;;;;;X;;;;
35403551;35-403-551;CARTE FILTER CLOG N.41;REPAIR;;;;X;X;X;X;X;;;;;;;;;;;;;X;X;;;;;;;;;;;;;;;;;;;;;;;;;;;;;;;;;;;;;;;;;;;;;;;;;;;;;;;;;;;;;;;;;;;;;;;;;;;;X;;;;
35403552;35-403-552;CARTE ENG.FIRE N.42;REPAIR;;;;X;X;X;X;X;;;;;;;;;;;;;X;;;;;;;;;;;;;;;;;;;;;;;;;;;;;;;;;;;;;;;;;;;;;;;;;;;;;;;;;;;;;;;;;;;;;;;;;;;;;X;;;;
35403553;35-403-553;CARTE PNEU FUEL N.43;REPAIR;;;;X;X;X;X;X;;;;;;;;;;;;;X;X;;;;;;;;;;;;;;;;;;;;;;;;;;;;;;;;;;;;;;;;;;;;;;;;;;;;;;;;;;;;;;;;;;;;;;;;;;;;X;;;;
35403556;35-403-556;ANNEX CARD;REPAIR;;;;X;X;X;X;X;;;;;;;;;;;;;X;;;;;;;;;;;;;;;;;;;;;;;;;;;;;;;;;;;;;;;;;;;;;;;;;;;;;;;;;;;;;;;;;;;;;;;;;;;;;X;;;;
35403557;35-403-557;CARD GEAR CONFIG;REPAIR;;;;X;X;X;X;X;;;;;;;;;;;;;X;X;;;;;;;;;;;;;;;;;;;;;;;;;;;;;;;;;;;;;;;;;;;;;;;;;;;;;;;;;;;;;;;;;;;;;;;;;;;;X;;;;
35403558;35-403-558;CARTE AUTOLAND N.10;REPAIR;;;;X;X;X;X;X;;;;;;;;;;;;;X;X;;;;;;;;;;;;;;;;;;;;;;;;;;;;;;;;;;;;;;;;;;;;;;;;;;;;;;;;;;;;;;;;;;;;;;;;;;;;X;;;;
35403559;35-403-559;CARD;REPAIR;;;BOD;X;X;X;X;X;;;;;;;;;;;;;X;;;;;;;;;;;;;;;;;;;;;;;;;;;;;;;;;;;;;;;;;;;;;;;;;;;;;;;;;;;;;;;;;;;;;;;;;;;;;X;;;;
35403656;35-403-656;CARTE ALERT SYSTEM N.16;REPAIR;;;;X;X;X;X;X;;;;;;;;;;;;;X;;;;;;;;;;;;;;;;;;;;;;;;;;;;;;;;;;;;;;;;;;;;;;;;;;;;;;;;;;;;;;;;;;;;;;;;;;;;;X;;;;
35403750;35-403-750;CARD;REPAIR;;;BOD;X;X;X;X;X;;;;;;;;;;;;;X;;;;;;;;;;;;;;;;;;;;;;;;;;;;;;;;;;;;;;;;;;;;;;;;;;;;;;;;;;;;;;;;;;;;;;;;;;;;;X;;;;
35403752;35-403-752;CARD FUNCTION;REPAIR;;;BOD;X;X;X;X;X;;;;;;;;;;;;;X;;;;;;;;;;;;;;;;;;;;;;;;;;;;;;;;;;;;;;;;;;;;;;;;;;;;;;;;;;;;;;;;;;;;;;;;;;;;;X;;;;
35403753;35-403-753;CARTE THR OFF N.06;REPAIR;;;;X;X;X;X;X;;;;;;;;;;;;;X;X;;;;;;;;;;;;;;;;;;;;;;;;;;;;;;;;;;;;;;;;;;;;;;;;;;;;;;;;;;;;;;;;;;;;;;;;;;;;X;;;;
35403758;35-403-758;CARTE ILS TRACK N.27;REPAIR;;;;X;X;X;X;X;;;;;;;;;;;;;X;X;;;;;;;;;;;;;;;;;;;;;;;;;;;;;;;;;;;;;;;;;;;;;;;;;;;;;;;;;;;;;;;;;;;;;;;;;;;;X;;;;
35430100;35-430-100;GROUND SPOILERS CONTROL BOX;REPAIR;;;;X;X;X;X;X;;;;;;;;;;;;;X;X;;;;;;;;;;;;;;;;;;;;;;;;;;;;;;;;;;;;;;;;;;;;;;;;;;;;;;;;;;;;;;;;;;;;;;;;;;;;X;;;;
354301001;35-430-1001;GROUND SPOILERS CONTROL BOX;REPAIR;;;;X;X;X;X;X;;;;;;;;;;;;;X;;;;;;;;;;;;;;;;;;;;;;;;;;;;;;;;;;;;;;;;;;;;;;;;;;;;;;;;;;;;;;;;;;;;;;;;;;;;;X;;;;
354301002;35-430-1002;GROUND SPOILERS CONTROL BOX;REPAIR;;;;X;X;X;X;X;;;;;;;;;;;;;X;X;;;;;;;;;;;;;;;;;;;;;;;;;;;;;;;;;;;;;;;;;;;;;;;;;;;;;;;;;;;;;;;;;;;;;;;;;;;;X;;;;
354301003;35-430-1003;GROUND SPOILERS CONTROL BOX;REPAIR;;;;X;X;X;X;X;;;;;;;;;;;;;X;;;;;;;;;;;;;;;;;;;;;;;;;;;;;;;;;;;;;;;;;;;;;;;;;;;;;;;;;;;;;;;;;;;;;;;;;;;;;X;;;;
35430151;35-430-151;CARD ELECTRONIC;REPAIR;;;;X;X;X;X;X;;;;;;;;;;;;;X;X;;;;;;;;;;;;;;;;;;;;;;;;;;;;;;;;;;;;;;;;;;;;;;;;;;;;;;;;;;;;;;;;;;;;;;;;;;;;X;;;;
35430351;35-430-351;CARD ELECTRONIC;REPAIR;;;;X;X;X;X;X;;;;;;;;;;;;;X;X;;;;;;;;;;;;;;;;;;;;;;;;;;;;;;;;;;;;;;;;;;;;;;;;;;;;;;;;;;;;;;;;;;;;;;;;;;;;X;;;;
354411001;35-441-1001;KRUGER AND NOTCH FLAPS INDICATING UNIT;REPAIR;;;;X;X;X;X;X;;;;;;;;;;;;;X;X;;;;;;;;;;;;;;;;;;;;;;;;;;;;;;;;;;;;;;;;;;;;;;;;;;;;;;;;;;;;;;;;;;;;;;;;;;;;X;;;;
354411002;35-441-1002;KRUGER AND NOTCH FLAPS INDICATING UNIT;REPAIR;;;;X;X;X;X;X;;;;;;;;;;;;;X;X;;;;;;;;;;;;;;;;;;;;;;;;;;;;;;;;;;;;;;;;;;;;;;;;;;;;;;;;;;;;;;;;;;;;;;;;;;;;X;;;;
35453100;35-453-100;STATIC INVERTER;REPAIR;;;;X;X;X;X;X;;;;;;;;;;;;;X;;;;;;;;;;;;;;;;;;;;;;;;;;;;;;;;;;;;;;;;;;;;;;;;;;;;;;;;;;;;;;;;;;;;;;;;;;;;;X;;;;
35453100A;35-453-100A;STATIC INVERTER;REPAIR;;;;X;X;X;X;X;;;;;;;;;;;;;X;;;;;;;;;;;;;;;;;;;;;;;;;;;;;;;;;;;;;;;;;;;;;;;;;;;;;;;;;;;;;;;;;;;;;;;;;;;;;X;;;;
35454100;35-454-100;STATIC INVERTER;REPAIR;;;;X;X;X;X;X;;;;;;;;;;;;;X;X;;;;;;;;;;;;;;;;;;;;;;;;;;;;;;;;;;;;;;;;;;;;;;;;;;;;;;;;;;;;;;;;;;;;;;;;;;;;X;;;;
354541001;35-454-1001;STATIC INVERTER;REPAIR;;;;X;X;X;X;X;;;;;;;;;;;;;X;X;;;;;;;;;;;;;;;;;;;;;;;;;;;;;;;;;;;;;;;;;;;;;;;;;;;;;;;;;;;;;;;;;;;;;;;;;;;;X;;;;
354541003;35-454-1003;STATIC INVERTER;REPAIR;;;;X;X;X;X;X;;;;;;;;;;;;;X;;;;;;;;;;;;;;;;;;;;;;;;;;;;;;;;;;;;;;;;;;;;;;;;;;;;;;;;;;;;;;;;;;;;;;;;;;;;;X;;;;
354541004;35-454-1004;STATIC INVERTER;REPAIR;;;;X;X;X;X;X;;;;;;;;;;;;;X;X;;;;;;;;;;;;;;;;;;;;;;;;;;;;;;;;;;;;;;;;;;;;;;;;;;;;;;;;;;;;;;;;;;;;;;;;;;;;X;;;;
354541005;35-454-1005;STATIC INVERTER;REPAIR;;;;X;X;X;X;X;;;;;;;;;;;;;X;;;;;;;;;;;;;;;;;;;;;;;;;;;;;;;;;;;;;;;;;;;;;;;;;;;;;;;;;;;;;;;;;;;;;;;;;;;;;X;;;;
354541006;35-454-1006;STATIC INVERTER;REPAIR;;;;X;X;X;X;X;;;;;;;;;;;;;X;;;;;;;;;;;;;;;;;;;;;;;;;;;;;;;;;;;;;;;;;;;;;;;;;;;;;;;;;;;;;;;;;;;;;;;;;;;;;X;;;;
354631001;35-463-1001;DISPLAY UNIT SIGNAL CONDITIONER;REPAIR;;;;X;X;X;X;X;;;;;;;;;;;;;X;X;X;X;;;;;;;;;;;;;;;;;;;;;;;;;;;;;;;;;;;;;;;;;;;;;;;;;;;;;;;;;;;;;;;;;;;;;;;;;;X;;;;
354641000;35-464-1000;APPROACH CAPABILITY DISPLAY UNIT;REPAIR;;;;X;X;X;X;X;;;;;;;;;;;;;X;X;X;X;;;;;;;;;;;;;;;;;;;;;;;;;;;;;;;;;;;;;;;;;;;;;;;;;;;;;;;;;;;;;;;;;;;;;;;;;;X;;;;
354651000;35-465-1000;VOR SIGNAL CONDITIONNER;REPAIR;;;;X;X;X;X;X;;;;;;;;;;;;;X;X;;;;;;;;;;;;;;;;;;;;;;;;;;;;;;;;;;;;;;;;;;;;;;;;;;;;;;;;;;;;;;;;;;;;;;;;;;;;X;;;;
35466330025;35-46633-0025;TUBE TORQUE;;REPAIR;;;X;;;;;;;;;X;;;;;;;;;;;;;;;;;;;;;;;;;;;;;;;;;;;;;;;;;;;;;;;;;;;;;;;;;;;;;;;;;X;X;;;;;;;;;;;;;;;;;;;;X;;;
35466330026;35-46633-0026;TUBE TORQUE;;REPAIR;;;X;;;;;;;;;X;;;;;;;;;;;;;;;;;;;;;;;;;;;;;;;;;;;;;;;;;;;;;;;;;;;;;;;;;;;;;;;;;X;X;;;;;;;;;;;;;;;;;;;;X;;;
35467100;35-467-100;PANEL, BRAKE TEMPERATURE SENSING;REPAIR;;;;X;X;X;X;X;;;;;;;;;;;;;X;X;;;;;;;;;;;;;;;;;;;;;;;;;;;;;;;;;;;;;;;;;;;;;;;;;;;;;;;;;;;;;;;;;;;;;;;;;;;;X;;;;
354671001;35-467-1001;PANEL, BRAKE TEMPERATURE SENSING;REPAIR;;;;X;X;X;X;X;;;;;;;;;;;;;X;X;;;;;;;;;;;;;;;;;;;;;;;;;;;;;;;;;;;;;;;;;;;;;;;;;;;;;;;;;;;;;;;;;;;;;;;;;;;;X;;;;
354671002;35-467-1002;PANEL, BRAKE TEMPERATURE SENSING;REPAIR;;;;X;X;X;X;X;;;;;;;;;;;;;X;X;X;X;;;;;;;;;;;;;;;;;;;;;;;;;;;;;;;;;;;;;;;;;;;;;;;;;;;;;;;;;;;;;;;;;;;;;;;;;;X;;;;
354671003;35-467-1003;PANEL, BRAKE TEMPERATURE SENSING;REPAIR;;;;X;X;X;X;X;;;;;;;;;;;;;X;X;;;;;;;;;;;;;;;;;;;;;;;;;;;;;;;;;;;;;;;;;;;;;;;;;;;;;;;;;;;;;;;;;;;;;;;;;;;;X;;;;
354671004;35-467-1004;PANEL, BRAKE TEMPERATURE SENSING;REPAIR;;;;X;X;X;X;X;;;;;;;;;;;;;X;;;;;;;;;;;;;;;;;;;;;;;;;;;;;;;;;;;;;;;;;;;;;;;;;;;;;;;;;;;;;;;;;;;;;;;;;;;;;X;;;;
354671005;35-467-1005;PANEL, BRAKE TEMPERATURE SENSING;REPAIR;;;;X;X;X;X;X;;;;;;;;;;;;;X;;;;;;;;;;;;;;;;;;;;;;;;;;;;;;;;;;;;;;;;;;;;;;;;;;;;;;;;;;;;;;;;;;;;;;;;;;;;;X;;;;
354671006;35-467-1006;PANEL, BRAKE TEMPERATURE SENSING;REPAIR;;;;X;X;X;X;X;;;;;;;;;;;;;X;;;;;;;;;;;;;;;;;;;;;;;;;;;;;;;;;;;;;;;;;;;;;;;;;;;;;;;;;;;;;;;;;;;;;;;;;;;;;X;;;;
354671007;35-467-1007;PANEL, BRAKE TEMPERATURE SENSING;REPAIR;;;;X;X;X;X;X;;;;;;;;;;;;;X;;;;;;;;;;;;;;;;;;;;;;;;;;;;;;;;;;;;;;;;;;;;;;;;;;;;;;;;;;;;;;;;;;;;;;;;;;;;;X;;;;
354671008;35-467-1008;PANEL, BRAKE TEMPERATURE SENSING;REPAIR;;;;X;X;X;X;X;;;;;;;;;;;;;X;X;;;;;;;;;;;;;;;;;;;;;;;;;;;;;;;;;;;;;;;;;;;;;;;;;;;;;;;;;;;;;;;;;;;;;;;;;;;;X;;;;
354671009;35-467-1009;PANEL, BRAKE TEMPERATURE SENSING;REPAIR;;;;X;X;X;X;X;;;;;;;;;;;;;X;X;;;;;;;;;;;;;;;;;;;;;;;;;;;;;;;;;;;;;;;;;;;;;;;;;;;;;;;;;;;;;;;;;;;;;;;;;;;;X;;;;
354671010;35-467-1010;PANEL, BRAKE TEMPERATURE SENSING;REPAIR;;;;X;X;X;X;X;;;;;;;;;;;;;X;X;;;;;;;;;;;;;;;;;;;;;;;;;;;;;;;;;;;;;;;;;;;;;;;;;;;;;;;;;;;;;;;;;;;;;;;;;;;;X;;;;
354671012;35-467-1012;PANEL, BRAKE TEMPERATURE SENSING;REPAIR;;;;X;X;X;X;X;;;;;;;;;;;;;X;;;;;;;;;;;;;;;;;;;;;;;;;;;;;;;;;;;;;;;;;;;;;;;;;;;;;;;;;;;;;;;;;;;;;;;;;;;;;X;;;;
354671013;35-467-1013;PANEL, BRAKE TEMPERATURE SENSING;REPAIR;;;;X;X;X;X;X;;;;;;;;;;;;;X;X;;;;;;;;;;;;;;;;;;;;;;;;;;;;;;;;;;;;;;;;;;;;;;;;;;;;;;;;;;;;;;;;;;;;;;;;;;;;X;;;;
354671014;35-467-1014;PANEL, BRAKE TEMPERATURE SENSING;REPAIR;;;;X;X;X;X;X;;;;;;;;;;;;;X;;;;;;;;;;;;;;;;;;;;;;;;;;;;;;;;;;;;;;;;;;;;;;;;;;;;;;;;;;;;;;;;;;;;;;;;;;;;;X;;;;
354671018;35-467-1018;PANEL, BRAKE TEMPERATURE SENSING;REPAIR;;;;X;X;X;X;X;;;;;;;;;;;;;X;;;;;;;;;;;;;;;;;;;;;;;;;;;;;;;;;;;;;;;;;;;;;;;;;;;;;;;;;;;;;;;;;;;;;;;;;;;;;X;;;;
354671020;35-467-1020;PANEL, BRAKE TEMPERATURE SENSING;REPAIR;;;;X;X;X;X;X;;;;;;;;;;;;;X;X;;;;;;;;;;;;;;;;;;;;;;;;;;;;;;;;;;;;;;;;;;;;;;;;;;;;;;;;;;;;;;;;;;;;;;;;;;;;X;;;;
35467153;35-467-153;CARD CHAIN MEASURING;REPAIR;;;;X;X;X;X;X;;;;;;;;;;;;;X;;;;;;;;;;;;;;;;;;;;;;;;;;;;;;;;;;;;;;;;;;;;;;;;;;;;;;;;;;;;;;;;;;;;;;;;;;;;;X;;;;
35467353;35-467-353;CARD CHAIN MEASURING;REPAIR;;;;X;X;X;X;X;;;;;;;;;;;;;X;;;;;;;;;;;;;;;;;;;;;;;;;;;;;;;;;;;;;;;;;;;;;;;;;;;;;;;;;;;;;;;;;;;;;;;;;;;;;X;;;;
35467453;35-467-453;CARD CHAIN MEASURING;REPAIR;;;;X;X;X;X;X;;;;;;;;;;;;;X;;;;;;;;;;;;;;;;;;;;;;;;;;;;;;;;;;;;;;;;;;;;;;;;;;;;;;;;;;;;;;;;;;;;;;;;;;;;;X;;;;
35467553;35-467-553;CARD CHAIN MEASURING;REPAIR;;;;X;X;X;X;X;;;;;;;;;;;;;X;;;;;;;;;;;;;;;;;;;;;;;;;;;;;;;;;;;;;;;;;;;;;;;;;;;;;;;;;;;;;;;;;;;;;;;;;;;;;X;;;;
35467653;35-467-653;CARD;REPAIR;;;BOD;X;X;X;X;X;;;;;;;;;;;;;X;;;;;;;;;;;;;;;;;;;;;;;;;;;;;;;;;;;;;;;;;;;;;;;;;;;;;;;;;;;;;;;;;;;;;;;;;;;;;X;;;;
35467753;35-467-753;CARD CHAIN MEASURING;REPAIR;;;;X;X;X;X;X;;;;;;;;;;;;;X;;;;;;;;;;;;;;;;;;;;;;;;;;;;;;;;;;;;;;;;;;;;;;;;;;;;;;;;;;;;;;;;;;;;;;;;;;;;;X;;;;
35467853;35-467-853;CARD CHAIN MEASURING;REPAIR;;;;X;X;X;X;X;;;;;;;;;;;;;X;;;;;;;;;;;;;;;;;;;;;;;;;;;;;;;;;;;;;;;;;;;;;;;;;;;;;;;;;;;;;;;;;;;;;;;;;;;;;X;;;;
35493100;35-493-100;INDICATOR, LIGHT DIMMER;REPAIR;;;;X;X;X;X;X;;;;;;;;;;;;;X;;;;;;;;;;;;;;;;;;;;;;;;;;;;;;;;;;;;;;;;;;;;;;;;;;;;;;;;;;;;;;;;;;;;;;;;;;;;;X;;;;
354931001;35-493-1001;INDICATOR, LIGHT DIMMER;REPAIR;;;;X;X;X;X;X;;;;;;;;;;;;;X;X;;;;;;;;;;;;;;;;;;;;;;;;;;;;;;;;;;;;;;;;;;;;;;;;;;;;;;;;;;;;;;;;;;;;;;;;;;;;X;;;;
354931002;35-493-1002;INDICATOR, LIGHT DIMMER;REPAIR;;;;X;X;X;X;X;;;;;;;;;;;;;X;X;;;;;;;;;;;;;;;;;;;;;;;;;;;;;;;;;;;;;;;;;;;;;;;;;;;;;;;;;;;;;;;;;;;;;;;;;;;;X;;;;
354931002A;35-493-1002A;INDICATOR, LIGHT DIMMER;REPAIR;;;BOD;X;X;X;X;X;;;;;;;;;;;;;X;;;;;;;;;;;;;;;;;;;;;;;;;;;;;;;;;;;;;;;;;;;;;;;;;;;;;;;;;;;;;;;;;;;;;;;;;;;;;X;;;;
354931003;35-493-1003;INDICATOR, LIGHT DIMMER;REPAIR;;;;X;X;X;X;X;;;;;;;;;;;;;X;X;;;;;;;;;;;;;;;;;;;;;;;;;;;;;;;;;;;;;;;;;;;;;;;;;;;;;;;;;;;;;;;;;;;;;;;;;;;;X;;;;
354931004;35-493-1004;INDICATOR, LIGHT DIMMER;REPAIR;;;;X;X;X;X;X;;;;;;;;;;;;;X;;;;;;;;;;;;;;;;;;;;;;;;;;;;;;;;;;;;;;;;;;;;;;;;;;;;;;;;;;;;;;;;;;;;;;;;;;;;;X;;;;
354931005;35-493-1005;INDICATOR, LIGHT DIMMER;REPAIR;;;;X;X;X;X;X;;;;;;;;;;;;;X;;;;;;;;;;;;;;;;;;;;;;;;;;;;;;;;;;;;;;;;;;;;;;;;;;;;;;;;;;;;;;;;;;;;;;;;;;;;;X;;;;
354931006;35-493-1006;INDICATOR, LIGHT DIMMER;REPAIR;;;;X;X;X;X;X;;;;;;;;;;;;;X;;;;;;;;;;;;;;;;;;;;;;;;;;;;;;;;;;;;;;;;;;;;;;;;;;;;;;;;;;;;;;;;;;;;;;;;;;;;;X;;;;
35493158;35-493-158;CARD;REPAIR;;;;X;X;X;X;X;;;;;;;;;;;;;X;;;;;;;;;;;;;;;;;;;;;;;;;;;;;;;;;;;;;;;;;;;;;;;;;;;;;;;;;;;;;;;;;;;;;;;;;;;;;X;;;;
35493256;35-493-256;CARD, SUPPLY 4;REPAIR;;;;X;X;X;X;X;;;;;;;;;;;;;X;;;;;;;;;;;;;;;;;;;;;;;;;;;;;;;;;;;;;;;;;;;;;;;;;;;;;;;;;;;;;;;;;;;;;;;;;;;;;X;;;;
35493456;35-493-456;POWER SUPPLY 4 CARD;REPAIR;;;;X;X;X;X;X;;;;;;;;;;;;;X;;;;;;;;;;;;;;;;;;;;;;;;;;;;;;;;;;;;;;;;;;;;;;;;;;;;;;;;;;;;;;;;;;;;;;;;;;;;;X;;;;
35493757;35-493-757;POWER SUPPLY CARD2;REPAIR;;;;X;X;X;X;X;;;;;;;;;;;;;X;;;;;;;;;;;;;;;;;;;;;;;;;;;;;;;;;;;;;;;;;;;;;;;;;;;;;;;;;;;;;;;;;;;;;;;;;;;;;X;;;;
35493853;35-493-853;CARTE ALIMENTATION N1;REPAIR;;;;X;X;X;X;X;;;;;;;;;;;;;X;;;;;;;;;;;;;;;;;;;;;;;;;;;;;;;;;;;;;;;;;;;;;;;;;;;;;;;;;;;;;;;;;;;;;;;;;;;;;X;;;;
354971003;35-497-1003;PRESSURE REGULATION SEQUENCE BOX;REPAIR;;;;X;X;X;X;X;;;;;;;;;;;;;X;X;;;;;;;;;;;;;;;;;;;;;;;;;;;;;;;;;;;;;;;;;;;;;;;;;;;;;;;;;;;;;;;;;;;;;;;;;;;;X;;;;
354971004;35-497-1004;PRESSURE REGULATION SEQUENCE BOX;REPAIR;;;;X;X;X;X;X;;;;;;;;;;;;;X;;;;;;;;;;;;;;;;;;;;;;;;;;;;;;;;;;;;;;;;;;;;;;;;;;;;;;;;;;;;;;;;;;;;;;;;;;;;;X;;;;
354971005;35-497-1005;PRESSURE REGULATION SEQUENCE BOX;REPAIR;;;;X;X;X;X;X;;;;;;;;;;;;;X;X;;;;;;;;;;;;;;;;;;;;;;;;;;;;;;;;;;;;;;;;;;;;;;;;;;;;;;;;;;;;;;;;;;;;;;;;;;;;X;;;;
354971006;35-497-1006;PRESSURE REGULATION SEQUENCE BOX;REPAIR;;;;X;X;X;X;X;;;;;;;;;;;;;X;;;;;;;;;;;;;;;;;;;;;;;;;;;;;;;;;;;;;;;;;;;;;;;;;;;;;;;;;;;;;;;;;;;;;;;;;;;;;X;;;;
354971007;35-497-1007;PRESSURE REGULATION SEQUENCE BOX;REPAIR;;;;X;X;X;X;X;;;;;;;;;;;;;X;;;;;;;;;;;;;;;;;;;;;;;;;;;;;;;;;;;;;;;;;;;;;;;;;;;;;;;;;;;;;;;;;;;;;;;;;;;;;X;;;;
354971008;35-497-1008;PRESSURE REGULATION SEQUENCE BOX;REPAIR;;;;X;X;X;X;X;;;;;;;;;;;;;X;X;;;;;;;;;;;;;;;;;;;;;;;;;;;;;;;;;;;;;;;;;;;;;;;;;;;;;;;;;;;;;;;;;;;;;;;;;;;;X;;;;
35497152;35-497-152;FIFTH VANNE CARD ASSY;REPAIR;;;;X;X;X;X;X;;;;;;;;;;;;;X;;;;;;;;;;;;;;;;;;;;;;;;;;;;;;;;;;;;;;;;;;;;;;;;;;;;;;;;;;;;;;;;;;;;;;;;;;;;;X;;;;
35497853;35-497-853;CARD;REPAIR;;;BOD;X;X;X;X;X;;;;;;;;;;;;;X;;;;;;;;;;;;;;;;;;;;;;;;;;;;;;;;;;;;;;;;;;;;;;;;;;;;;;;;;;;;;;;;;;;;;;;;;;;;;X;;;;
35512000011;35-51200-0011;EDUCTOR;;REPAIR;;;X;;;;;;;;;;;;;;;;;;;;;;;;;;;;;;;;;;;;;;;;;;;;;;;;;;;;;;;;;;;;;;;;;;;;;;;;;;X;X;;;;;;X;;;;;;;;;;;;;;X;;X;
35512000011A01;35-51200-0011A01;EXHAUST ASSY;;REPAIR;;;X;X;;;;;;;;X;;;;;;;;;;;;;;;;;;;;;;;;;;;;;;;;;;;;;;;;;;;;;;;;;;;;;;;;;;;;;;;;;X;X;;;;;;X;;;;;;;;;;;;;;X;;X;
35512040003;35-51204-0003;ALTERNATOR;;REPAIR;;;X;;;;;;;;;;;;;;;;;;;;;;;;;;;;;;;;;;;;;;;;;;;;;;;;;;;;;;;;;;;;;;;;;;;;;;;;;;X;X;;;;;;X;;;;;;;;;;;;;;X;;X;
35512040005;35-51204-0005;ALTERNATOR;;REPAIR;;;X;;;;;;;;;;;;;;;;;;;;;;;;;;;;;;;;;;;;;;;;;;;;;;;;;;;;;;;;;;;;;;;;;;;;;;;;;;X;X;;;;;;X;;;;;;;;;;;;;;X;;X;
3552001000+01;35-52001-000+01;BATI;;REPAIR;;;X;;;;;;;;;;;;;;;;;;;;;;;;;;;;;;;;;;;;;;;;;;;;;;;;;;;;;;;;;;;;;;;;;;;;;;;;;;X;X;;;;;;X;;;;;;;;;;;;;;X;;X;
35520010003;35-52001-0003;BATI;;REPAIR;;;X;X;;;;;;;;X;;;;;;;;;;;;;;;;;;;;;;;;;;;;;;;;;;;;;;;;;;;;;;;;;;;;;;;;;;;;;;;;;X;X;;;;;;;;;;;;;;;;;;;;X;;X;
35520010010003A11;35-52001-001-0003A11;FORWARD ENGINE MOUNT;;REPAIR;;;X;X;;;;;;;;;;;;;;;;;;;;;;;;;;;;;;;;;;;;;;;;;;;;;;;;;;;;;;;;;;;;;;;;;;;;;;;;;X;X;;;;;;;;;;;;;;;;;;;;X;;X;
355222255;35522-2-255;SENSING ELEMENT;BENCH TEST;;;;X;X;X;X;X;;;;;;;;;;;;;X;;;;;;;;X;X;;;;;;;;;;;;;;;;;;;;;;;;;;;;;;;;;;;;;;;;;;;;;;;;;;;;;;;;;;;;;;;;;;;;X;;;;
355242255;35524-2-255;SENSING ELEMENT;BENCH TEST;;;;X;X;X;X;X;;;;;;;;;;;;;X;;;;;;;;X;X;;;;;;;;;;;;;;;;;;;;;;;;;;;;;;;;;;;;;;;;;;;;;;;;;;;;;;;;;;;;;;;;;;;;X;;;;
355252255;35525-2-255;SENSING ELEMENT;BENCH TEST;;;;X;X;X;X;X;;;;;;;;;;;;;X;;;;;;;;X;X;;;;;;;;;;;;;;;;;;;;;;;;;;;;;;;;;;;;;;;;;;;;;;;;;;;;;;;;;;;;;;;;;;;;X;;;;
355262255;35526-2-255;SENSING ELEMENT;BENCH TEST;;;;X;X;X;X;X;;;;;;;;;;;;;X;;;;;;;;X;X;;;;;;;;;;;;;;;;;;;;;;;;;;;;;;;;;;;;;;;;;;;;;;;;;;;;;;;;;;;;;;;;;;;;X;;;;
355272255;35527-2-255;SENSING ELEMENT;BENCH TEST;;;;X;X;X;X;X;;;;;;;;;;;;;X;;;;;;;;X;X;;;;;;;;;;;;;;;;;;;;;;;;;;;;;;;;;;;;;;;;;;;;;;;;;;;;;;;;;;;;;;;;;;;;X;;;;
355282255;35528-2-255;SENSING ELEMENT;BENCH TEST;;;;X;X;X;X;X;;;;;;;;;;;;;X;;;;;;;;X;X;;;;;;;;;;;;;;;;;;;;;;;;;;;;;;;;;;;;;;;;;;;;;;;;;;;;;;;;;;;;;;;;;;;;X;;;;
355292255;35529-2-255;SENSING ELEMENT;BENCH TEST;;;;X;X;X;X;X;;;;;;;;;;;;;X;;;;;;;;X;X;;;;;;;;;;;;;;;;;;;;;;;;;;;;;;;;;;;;;;;;;;;;;;;;;;;;;;;;;;;;;;;;;;;;X;;;;
355301000;35-530-1000;SIGNAL CONDITIONER  (AEROSPATIALE);REPAIR;;;;X;X;X;X;X;;;;;;;;;;;;;X;X;;;;;;;;;;;;;;;;;;;;;;;;;;;;;;;;;;;;;;;;;;;;;;;;;;;;;;;;;;;;;;;;;;;;;;;;;;;;X;;;;
355301001;35-530-1001;SIGNAL CONDITIONER  (AEROSPATIALE);REPAIR;;;;X;X;X;X;X;;;;;;;;;;;;;X;X;;;;;;;;;;;;;;;;;;;;;;;;;;;;;;;;;;;;;;;;;;;;;;;;;;;;;;;;;;;;;;;;;;;;;;;;;;;;X;;;;
355301002;35-530-1002;SIGNAL CONDITIONER  (AEROSPATIALE);REPAIR;;;;X;X;X;X;X;;;;;;;;;;;;;X;X;;;;;;;;;;;;;;;;;;;;;;;;;;;;;;;;;;;;;;;;;;;;;;;;;;;;;;;;;;;;;;;;;;;;;;;;;;;;X;;;;
355311000;35-531-1000;COLD JUNCTION COMPENSATOR (AEROSPATIA;BENCH TEST;;;;X;X;X;X;X;;;;;;;;;;;;;X;X;;;;;;;;;;;;;;;;;;;;;;;;;;;;;;;;;;;;;;;;;;;;;;;;;;;;;;;;;;;;;;;;;;;;;;;;;;;;X;;;;
35533330007;35-53333-0007;CAPOT;;REPAIR;;;X;X;;;;;;;;X;;;;;;;;;;;;;;;;;;;;;;;;;;;;;;;;;;;;;;;;;;;;;;;;;;;;;;;;;;;;;;;;;X;X;;;;;;X;;;;;;;;;;;;;;X;;X;
35534140003;35-53414-0003;CAPOT MOTEUR;;REPAIR;;;X;X;;;;;;;;;;;;;;;;;;;;;;;;;;;;;;;;;;;;;;;;;;;;;;;;;;;;;;;;;;;;;;;;;;;;;;;;;X;X;;;;;;;;;;;;;;;;;;;;X;;X;
355342255;35534-2-255;SENSING ELEMENT;BENCH TEST;;;;X;X;X;X;X;;;;;;;;;;;;;X;;;;;;;;X;X;;;;;;;;;;;;;;;;;;;;;;;;;;;;;;;;;;;;;;;;;;;;;;;;;;;;;;;;;;;;;;;;;;;;X;;;;
355511000;35-551-1000;CONTROL, AUTOBRAKE;REPAIR;;;;X;X;X;X;X;;;;;;;;;;;;;X;X;;;;;;;;;;;;;;;;;;;;;;;;;;;;;;;;;;;;;;;;;;;;;;;;;;;;;;;;;;;;;;;;;;;;;;;;;;;;X;;;;
355511003;35-551-1003;CONTROL, AUTOBRAKE;REPAIR;;;;X;X;X;X;X;;;;;;;;;;;;;X;;;;;;;;;;;;;;;;;;;;;;;;;;;;;;;;;;;;;;;;;;;;;;;;;;;;;;;;;;;;;;;;;;;;;;;;;;;;;X;;;;
355511004;35-551-1004;CONTROL, AUTOBRAKE;REPAIR;;;;X;X;X;X;X;;;;;;;;;;;;;X;X;;;;;;;;;;;;;;;;;;;;;;;;;;;;;;;;;;;;;;;;;;;;;;;;;;;;;;;;;;;;;;;;;;;;;;;;;;;;X;;;;
355511005;35-551-1005;CONTROL, AUTOBRAKE;REPAIR;;;;X;X;X;X;X;;;;;;;;;;;;;X;X;;;;;;;;;;;;;;;;;;;;;;;;;;;;;;;;;;;;;;;;;;;;;;;;;;;;;;;;;;;;;;;;;;;;;;;;;;;;X;;;;
355511007;35-551-1007;CONTROL, AUTOBRAKE;REPAIR;;;;X;X;X;X;X;;;;;;;;;;;;;X;X;;X;;;;;;;;;;;;;;;;;;;;;;;;;;;;;;;;;;;;;;;;;;;;;;;;;;;;;;;;;;;;;;;;;;;;;;;;;;X;;;;
355511010;35-551-1010;CONTROL, AUTOBRAKE;REPAIR;;;;X;X;X;X;X;;;;;;;;;;;;;X;X;;;;;;;;;;;;;;;;;;;;;;;;;;;;;;;;;;;;;;;;;;;;;;;;;;;;;;;;;;;;;;;;;;;;;;;;;;;;X;;;;
355511011;35-551-1011;CONTROL, AUTOBRAKE;REPAIR;;;;X;X;X;X;X;;;;;;;;;;;;;X;X;;X;;;;;;;;;;;;;;;;;;;;;;;;;;;;;;;;;;;;;;;;;;;;;;;;;;;;;;;;;;;;;;;;;;;;;;;;;;X;;;;
355511012;35-551-1012;CONTROL, AUTOBRAKE;REPAIR;;;;X;X;X;X;X;;;;;;;;;;;;;X;X;;X;;;;;;;;;;;;;;;;;;;;;;;;;;;;;;;;;;;;;;;;;;;;;;;;;;;;;;;;;;;;;;;;;;;;;;;;;;X;;;;
35551152;35-551-152;CARD INPUT OUTPUT;REPAIR;;;BOD;X;X;X;X;X;;;;;;;;;;;;;X;;;;;;;;;;;;;;;;;;;;;;;;;;;;;;;;;;;;;;;;;;;;;;;;;;;;;;;;;;;;;;;;;;;;;;;;;;;;;X;;;;
35551190;35-551-190;TRANSFORMER;BENCH TEST;;;;X;;;;;;;;;;;;;;;;;X;;;;;;;;;;;;;;;;;;;;;;;;;;;;;;;;;;;;;;;;;;;;;;;;;;;;;;;;;;;;;;;;;;;;;;;;;;;;;X;;;;
35551853;35-551-853;LOGIC CARD;REPAIR;;;BOD;X;X;X;X;X;;;;;;;;;;;;;X;;;;;;;;;;;;;;;;;;;;;;;;;;;;;;;;;;;;;;;;;;;;;;;;;;;;;;;;;;;;;;;;;;;;;;;;;;;;;X;;;;
355521000;35-552-1000;MODULE, AUTOBRAKE SELECTOR;REPAIR;;;;X;X;X;X;X;;;;;;;;;;;;;X;X;;;;;;;;;;;;;;;;;;;;;;;;;;;;;;;;;;;;;;;;;;;;;;;;;;;;;;;;;;;;;;;;;;;;;;;;;;;;X;;;;
355522255;35552-2-255;SENSING ELEMENT;BENCH TEST;;;;X;X;X;X;X;;;;;;;;;;;;;X;;;;;;;;X;X;;;;;;;;;;;;;;;;;;;;;;;;;;;;;;;;;;;;;;;;;;;;;;;;;;;;;;;;;;;;;;;;;;;;X;;;;
355532255;35553-2-255;SENSING ELEMENT;BENCH TEST;;;;X;X;X;X;X;;;;;;;;;;;;;X;;;;;;;;X;X;;;;;;;;;;;;;;;;;;;;;;;;;;;;;;;;;;;;;;;;;;;;;;;;;;;;;;;;;;;;;;;;;;;;X;;;;
355582255;35558-2-255;SENSING ELEMENT;BENCH TEST;;;;X;X;X;X;X;;;;;;;;;;;;;X;;;;;;;;X;X;;;;;;;;;;;;;;;;;;;;;;;;;;;;;;;;;;;;;;;;;;;;;;;;;;;;;;;;;;;;;;;;;;;;X;;;;
355742255;35574-2-255;SENSING ELEMENT;BENCH TEST;;;;X;X;X;X;X;;;;;;;;;;;;;X;;;;;;;;X;X;;;;;;;;;;;;;;;;;;;;;;;;;;;;;;;;;;;;;;;;;;;;;;;;;;;;;;;;;;;;;;;;;;;;X;;;;
355772255;35577-2-255;SENSING ELEMENT;BENCH TEST;;;;X;X;X;X;X;;;;;;;;;;;;;X;;;;;;;;X;X;;;;;;;;;;;;;;;;;;;;;;;;;;;;;;;;;;;;;;;;;;;;;;;;;;;;;;;;;;;;;;;;;;;;X;;;;
355802255;35580-2-255;SENSING ELEMENT;BENCH TEST;;;;X;X;X;X;X;;;;;;;;;;;;;X;;;;;;;;X;X;;;;;;;;;;;;;;;;;;;;;;;;;;;;;;;;;;;;;;;;;;;;;;;;;;;;;;;;;;;;;;;;;;;;X;;;;
355822255;35582-2-255;SENSING ELEMENT;BENCH TEST;;;;X;X;X;X;X;;;;;;;;;;;;;X;;;;;;;;X;X;;;;;;;;;;;;;;;;;;;;;;;;;;;;;;;;;;;;;;;;;;;;;;;;;;;;;;;;;;;;;;;;;;;;X;;;;
355942255;35594-2-255;SENSING ELEMENT;BENCH TEST;;;;X;X;X;X;X;;;;;;;;;;;;;X;;;;;;;;X;X;;;;;;;;;;;;;;;;;;;;;;;;;;;;;;;;;;;;;;;;;;;;;;;;;;;;;;;;;;;;;;;;;;;;X;;;;
356062255;35606-2-255;SENSING ELEMENT;BENCH TEST;;;;X;X;X;X;X;;;;;;;;;;;;;X;;;;;;;;X;X;;;;;;;;;;;;;;;;;;;;;;;;;;;;;;;;;;;;;;;;;;;;;;;;;;;;;;;;;;;;;;;;;;;;X;;;;
356092255;35609-2-255;SENSING ELEMENT;BENCH TEST;;;;X;X;X;X;X;;;;;;;;;;;;;X;;;;;;;;X;X;;;;;;;;;;;;;;;;;;;;;;;;;;;;;;;;;;;;;;;;;;;;;;;;;;;;;;;;;;;;;;;;;;;;X;;;;
356172255;35617-2-255;SENSING ELEMENT;BENCH TEST;;;;X;X;X;X;X;;;;;;;;;;;;;X;;;;;;;;X;X;;;;;;;;;;;;;;;;;;;;;;;;;;;;;;;;;;;;;;;;;;;;;;;;;;;;;;;;;;;;;;;;;;;;X;;;;
356202255;35620-2-255;SENSING ELEMENT;BENCH TEST;;;;X;X;X;X;X;;;;;;;;;;;;;X;;;;;;;;X;X;;;;;;;;;;;;;;;;;;;;;;;;;;;;;;;;;;;;;;;;;;;;;;;;;;;;;;;;;;;;;;;;;;;;X;;;;
356212255;35621-2-255;SENSING ELEMENT;BENCH TEST;;;;X;X;X;X;X;;;;;;;;;;;;;X;;;;;;;;X;X;;;;;;;;;;;;;;;;;;;;;;;;;;;;;;;;;;;;;;;;;;;;;;;;;;;;;;;;;;;;;;;;;;;;X;;;;
356232255;35623-2-255;SENSING ELEMENT;BENCH TEST;;;;X;X;X;X;X;;;;;;;;;;;;;X;;;;;;;;X;X;;;;;;;;;;;;;;;;;;;;;;;;;;;;;;;;;;;;;;;;;;;;;;;;;;;;;;;;;;;;;;;;;;;;X;;;;
356272255;35627-2-255;SENSING ELEMENT;BENCH TEST;;;;X;X;X;X;X;;;;;;;;;;;;;X;;;;;;;;X;X;;;;;;;;;;;;;;;;;;;;;;;;;;;;;;;;;;;;;;;;;;;;;;;;;;;;;;;;;;;;;;;;;;;;X;;;;
356292255;35629-2-255;SENSING ELEMENT;BENCH TEST;;;;X;X;X;X;X;;;;;;;;;;;;;X;;;;;;;;X;X;;;;;;;;;;;;;;;;;;;;;;;;;;;;;;;;;;;;;;;;;;;;;;;;;;;;;;;;;;;;;;;;;;;;X;;;;
356432255;35643-2-255;SENSING ELEMENT;BENCH TEST;;;;X;X;X;X;X;;;;;;;;;;;;;X;;;;;;;;X;X;;;;;;;;;;;;;;;;;;;;;;;;;;;;;;;;;;;;;;;;;;;;;;;;;;;;;;;;;;;;;;;;;;;;X;;;;
356502255;35650-2-255;SENSING ELEMENT;BENCH TEST;;;;X;X;X;X;X;;;;;;;;;;;;;X;;;;;;;;X;X;;;;;;;;;;;;;;;;;;;;;;;;;;;;;;;;;;;;;;;;;;;;;;;;;;;;;;;;;;;;;;;;;;;;X;;;;
35677499402;3567749-9402;TRNSMTTR P;;BENCH TEST;;;X;X;;X;;;;;;X;;;;;;;;;;;;;;;;;;;;;;;;;;;;;;;;;;;;;;;X;;;;;;;;;;;;;;;;;;;;;;;;;;;;;;;;;;;;;;;;;X;;X;;;;X;;;
35711930001;35-71193-0001;DUCT;;REPAIR;;;X;;;;;;;;;;;;;;;;;;;;;;;;;;;;;;;;;;;;;;;;;;;;;;;;;;;;;;;;;;;;;;;;;;;;;;;;;;X;X;;;;;;X;;;;;;;;;;;;;;X;;X;
35712113001;3571211-3001;EPR INDICATOR;;BENCH TEST;;;X;X;;X;;;;;;;;;;;;;;;;;;;;;;;;;;;;;;;;;;;;;;;;;;;;;;;;;X;;;;X;;;;;;;;;;;;;;;;;;;;;;;;;X;;;;;;;;;;;;;;X;;;
35712123002;3571212-3002;SPEED BRAKE POSITION INDICATOR;;REPAIR;;DNR;X;X;;X;;;;;;;;;;;;;;;;;;;;;;;;;;;;;;;;;;;;;;;;;;;;;;;;;;;;;;;;;;;;;;;;;;;;;;;;;;;;;;;;;;;;;;X;;;X;;;X;;;
35712123009;3571212-3009;FLAP POSITION INDICATOR;;BENCH TEST;;DNR;X;X;;X;;;;;;;;;;;;;;;;;;;;;;;;;;;;;;;;;;;;;;;;;;;;;;;;;;;;;;;;;;;;;;;;;;;;;;;;;;;;;;;;;;;;;;X;;;X;;;X;;;
35712608001;3571260-8001;TACHOMETER GENERATOR;;BENCH TEST;;;X;X;;;;;;;;;;;;;;;;;;;;;;;;;;;;;;;;;;;;;;;;;;;;;;;;;;;;;;;;;;;;;;;;;;;;;;;;;;;;;;;;X;;;;;;X;;;;;;;;X;;;
35712608002;3571260-8002;TACHOMETER INDICATOR;;BENCH TEST;;;X;X;;;;;;;;;;;;;;;;;;;;;;;;;;;;;;;;;;;;;;;;;;;;;;;;;;;;;;;;;;;;;;;;;;;;;;;;;;;;;;;;X;;;;;;X;;;;;;;;X;;;
35712608003;3571260-8003;TACHOMETER GENERATOR;;BENCH TEST;;;X;X;;;;;;;;;;;;;;;;;;;;;;;;;;;;;;;;;;;;;;;;;;;;;;;;;;;;;;;;;;;;;;;;;;;;;;;;;;;;;;;;X;;;;;;X;;;;;;;;X;;;
357401000;35-740-1000;A.I.D.S SIGNAL CONDITIONER (AEROSPATIALE;REPAIR;;;;X;X;X;X;X;;;;;;;;;;;;;X;X;;;;;;;;;;;;;;;;;;;;;;;;;;;;;;;;;;;;;;;;;;;;;;;;;;;;;;;;;;;;;;;;;;;;;;;;;;;;X;;;;
357401001;35-740-1001;A.I.D.S SIGNAL CONDITIONER (AEROSPATIALE;REPAIR;;;;X;X;X;X;X;;;;;;;;;;;;;X;;;;;;;;;;;;;;;;;;;;;;;;;;;;;;;;;;;;;;;;;;;;;;;;;;;;;;;;;;;;;;;;;;;;;;;;;;;;;X;;;;
3582815000+03;35-82815-000+03;FLOOR;;REPAIR;;;X;;;;;;;;;;;;;;;;;;;;;;;;;;;;;;;;;;;;;;;;;;;;;;;;;;;;;;;;;;;;;;;;;;;;;;;;;;X;X;;;;;;X;;;;;;;;;;;;;;X;;X;
35828630001;35-82863-0001;PANEL;;REPAIR;;;X;;;;;;;;;;;;;;;;;;;;;;;;;;;;;;;;;;;;;;;;;;;;;;;;;;;;;;;;;;;;;;;;;;;;;;;;;;X;X;;;;;;X;;;;;;;;;;;;;;X;;X;
358521000;35-852-1000;CONVERTER, ADF;REPAIR;;;BOD;X;X;X;X;X;;;;;;;;;;;;;X;;;;;;;;;;;;;;;;;;;;;;;;;;;;;;;;;;;;;;;;;;;;;;;;;;;;;;;;;;;;;;;;;;;;;;;;;;;;;X;;;;
358531001;35-853-1001;PULSE GENERATOR 1MN  (AEROSPATIALE);BENCH TEST;;;BOD;X;X;X;X;X;;;;;;;;;;;;;X;X;X;X;;;;;;;;;;;;;;;;;;;;;;;;;;;;;;;;;;;;;;;;;;;;;;;;;;;;;;;;;;;;;;;;;;;;;;;;;;X;;;;
358551000;35-855-1000;ILS CONVERTER;REPAIR;;;;X;X;X;X;X;;;;;;;;;;;;;X;X;;;;;;;;;;;;;;;;;;;;;;;;;;;;;;;;;;;;;;;;;;;;;;;;;;;;;;;;;;;;;;;;;;;;;;;;;;;;X;;;;
358901001;35-890-1001;CONTROL, ECAM;REPAIR;;;;X;X;X;X;X;;;;;;;;;;;;;X;;X;X;;;;;;;;;;;;;;;;;;;;;;;;;;;;;;;;;;;;;;;;;;;;;;;;;;;;;;;;;;;;;;;;;;;;;;;;;;X;;;;
359203005305;35-920-3005-305;CONTROL, CABIN PRESSURE;BENCH TEST;;;;X;;;;;;;;;;;;;;;;;X;;X;X;;;;;;;;;;;;;;;;;;;;;;;;;;;;;;;;;;;;;;;;;;;;;;;;;;;;;;;;;;;;;;;;;;;;;;;;;;X;;;;
35921150;35-921-150;BOARD, SENSOR;REPAIR;;;;X;X;X;X;X;;;;;;;;;;;;;X;X;X;X;;;;;;;;;;;;;;;;;;;;;;;;;;;;;;;;;;;;;;;;;;;;;;;;;;;;;;;;;;;;;;;;;;;;;;;;;;X;;;;
35921151;35-921-151;BOARD, ERROR;REPAIR;;;;X;X;X;X;X;;;;;;;;;;;;;X;X;X;X;;;;;;;;;;;;;;;;;;;;;;;;;;;;;;;;;;;;;;;;;;;;;;;;;;;;;;;;;;;;;;;;;;;;;;;;;;X;;;;
35921155;35-921-155;BOARD, MICRO OUTPUT;REPAIR;;;;X;X;X;X;X;;;;;;;;;;;;;X;X;X;X;;;;;;;;;;;;;;;;;;;;;;;;;;;;;;;;;;;;;;;;;;;;;;;;;;;;;;;;;;;;;;;;;;;;;;;;;;X;;;;
35921156;35-921-156;BOARD, INPUT SIGNAL 1;REPAIR;;;;X;X;X;X;X;;;;;;;;;;;;;X;X;X;X;;;;;;;;;;;;;;;;;;;;;;;;;;;;;;;;;;;;;;;;;;;;;;;;;;;;;;;;;;;;;;;;;;;;;;;;;;X;;;;
35921253304;35-921-253-304;PCB, MICRO;REPAIR;;;;X;X;X;X;X;;;;;;;;;;;;;X;X;X;X;;;;;;;;;;;;;;;;;;;;;;;;;;;;;;;;;;;;;;;;;;;;;;;;;;;;;;;;;;;;;;;;;;;;;;;;;;X;;;;
35921253305;35-921-253-305;MICRO BOARD;REPAIR;;;;X;X;X;X;X;;;;;;;;;;;;;X;;X;X;;;;;;;;;;;;;;;;;;;;;;;;;;;;;;;;;;;;;;;;;;;;;;;;;;;;;;;;;;;;;;;;;;;;;;;;;;X;;;;
35921354;35-921-354;BOARD, MICRO INPUT 1;REPAIR;;;;X;X;X;X;X;;;;;;;;;;;;;X;X;X;X;;;;;;;;;;;;;;;;;;;;;;;;;;;;;;;;;;;;;;;;;;;;;;;;;;;;;;;;;;;;;;;;;;;;;;;;;;X;;;;
35921452;35-921-452;LOAD BOARD;REPAIR;;;;X;X;X;X;X;;;;;;;;;;;;;X;X;X;X;;;;;;;;;;;;;;;;;;;;;;;;;;;;;;;;;;;;;;;;;;;;;;;;;;;;;;;;;;;;;;;;;;;;;;;;;;X;;;;
35921554;35-921-554;MICRO INPUT BOARD;REPAIR;;;;X;X;X;X;X;;;;;;;;;;;;;X;X;X;X;;;;;;;;;;;;;;;;;;;;;;;;;;;;;;;;;;;;;;;;;;;;;;;;;;;;;;;;;;;;;;;;;;;;;;;;;;X;;;;
35925268;35-925-268;P.C.B., SUPPLY, CPC;REPAIR;;;;X;X;X;X;X;;;;;;;;;;;;;X;X;X;X;;;;;;;;;;;;;;;;;;;;;;;;;;;;;;;;;;;;;;;;;;;;;;;;;;;;;;;;;;;;;;;;;;;;;;;;;;X;;;;
35927351;35-927-351;BOARD, ERROR;REPAIR;;;;X;X;X;X;X;;;;;;;;;;;;;X;X;X;X;;;;;;;;;;;;;;;;;;;;;;;;;;;;;;;;;;;;;;;;;;;;;;;;;;;;;;;;;;;;;;;;;;;;;;;;;;X;;;;
35935551;35-935-551;FRONT CARD;REPAIR;;;;X;X;X;X;X;;;;;;;;;;;;;X;;;;;;;;;;;;;;;;;;;;;;;;;;;;;;;;;;;;;;;;;;;;;;;;;;;;;;;;;;;;;;;;;;;;;;;;;;;;;X;;;;
35935656;35-935-656;MULTIPLEX BOARD;BENCH TEST;;;;X;;;;;;;;;;;;;;;;;X;;;;;;;;;;;;;;;;;;;;;;;;;;;;;;;;;;;;;;;;;;;;;;;;;;;;;;;;;;;;;;;;;;;;;;;;;;;;;X;;;;
35935867;35-935-867;P.C.B., SUPPLY 1;BENCH TEST;;;;X;X;X;X;X;;;;;;;;;;;;;X;;;;;;;;;;;;;;;;;;;;;;;;;;;;;;;;;;;;;;;;;;;;;;;;;;;;;;;;;;;;;;;;;;;;;;;;;;;;;X;;;;
35936155318;35-936-155-318;BRAKE SYSTEM CONTROL UNIT (MESSIER-BUGA;REPAIR;;;;X;X;X;X;X;;;;;;;;;;;;;X;;;;;;;;;;;;;;;;;;;;;;;;;;;;;;;;;;;;;;;;;;;;;;;;;;;;;;;;;;;;;;;;;;;;;;;;;;;;;X;;;;
35936155418;35-936-155-418;CARTE MICRO;REPAIR;;;;X;;;;;;;;;;;;;;;;;X;;;;;;;;;;;;;;;;;;;;;;;;;;;;;;;;;;;;;;;;;;;;;;;;;;;;;;;;;;;;;;;;;;;;;;;;;;;;;X;;;;
35937152;35-937-152;P.C.B., MASTER VL, BSCU;REPAIR;;;;X;X;X;X;X;;;;;;;;;;;;;X;;;;;;;;;;;;;;;;;;;;;;;;;;;;;;;;;;;;;;;;;;;;;;;;;;;;;;;;;;;;;;;;;;;;;;;;;;;;;X;;;;
35939260;35-939-260;P.C.B., REGULATOR;REPAIR;;;;X;X;X;X;X;;;;;;;;;;;;;X;;;;;;;;;;;;;;;;;;;;;;;;;;;;;;;;;;;;;;;;;;;;;;;;;;;;;;;;;;;;;;;;;;;;;;;;;;;;;X;;;;
35940780001;35-94078-0001;AIR BAFFLE;;REPAIR;;;X;;;;;;;;;X;;;;;;;;;;;;;;;;;;;;;;;;;;;;;;;;;;;;;;;;;;;;;;;;;;;;;;;;;;;;;;;;;X;X;;;;;;X;;;;;;;;;;;;;;X;;X;
35940780002;35-94078-0002;AIR BAFFLE;;REPAIR;;;X;;;;;;;;;X;;;;;;;;;;;;;;;;;;;;;;;;;;;;;;;;;;;;;;;;;;;;;;;;;;;;;;;;;;;;;;;;;X;X;;;;;;X;;;;;;;;;;;;;;X;;X;
35C150462170003;35C150462170003;CHEMICAL OXYGEN CONTAINER ASSEMBLY;REPAIR;;;;X;X;X;X;X;;;;;;;;;;;;;X;;;;;;;;X;X;;;;;;;;;;;;;;;;;;;;;;;;;;;;;;;;;;;;;;;;;;;;;;;;;;;;;;;;;;;;;;;;;;;;X;;;;
35S55172000007;35S55172000-007;HORIZONTAL STABILIZER LEADING EDGE (manufacturing number), release S5517200000700;;;Repair/Inspection/Modification;;;X;;;;;X;X;X;X;;;;;;;;;;;;;;;;;;;;;;;;;;;;;;;;;;;;X;X;X;X;X;;;;;;;;;;;;;;;;;;;;;;;;;;;;;;;;;;;;;;;;;;;;;;;;;
35S55172000008;35S55172000-008 ;HORIZONTAL STABILIZER LEADING EDGE (manufacturing number), release S5517200000800;;;Repair/Inspection/Modification;;;X;;;;;X;X;X;X;;;;;;;;;;;;;;;;;;;;;;;;;;;;;;;;;;;;X;X;X;X;X;;;;;;;;;;;;;;;;;;;;;;;;;;;;;;;;;;;;;;;;;;;;;;;;;
35S55172000009;35S55172000-009 ;HORIZONTAL STABILIZER LEADING EDGE (manufacturing number),release S5517200000900;;;Repair/Inspection/Modification;;;X;;;;;X;X;X;X;;;;;;;;;;;;;;;;;;;;;;;;;;;;;;;;;;;;X;X;X;X;X;;;;;;;;;;;;;;;;;;;;;;;;;;;;;;;;;;;;;;;;;;;;;;;;;
36000449000;360-00449-000;FLIGHT DATA ENTRY PANEL;;OVERHAUL;;;X;X;;X;X;;;;;X;;;;;;;;;;;;;;;;;;;;;;;;;;;;;;X;X;;;;;;;;;;;;;;;;;;;;;;;;;;;;;;;;;;;;;;;;;;;;;;;;;;;;;;;X;;;
36000449100;360-00449-100;FLIGHT DATA ENTRY PANEL;;OVERHAUL;;;X;X;X;X;X;;;;;X;;;;;;;;;;;;;;;;;;;;;;;;;;;;;;X;X;;;;;;;;;;;;;;;;;;;;;;;;;;;;;;;;;;;;;;;;;;;;;;;;;;;;;;;X;;;
360135611;3601356-11;FUEL CONTROL UNIT;OVERHAUL;;;;X;;;;;;;;;X;;;;;;;;;;;;;;;;;;;;;;;;;;;;;;;;;;;;;;;;;;;;;;;;;;;;;;;;;;;;;;;;;;;;;;;;X;;;X;;;;;;;;;;X;;;;
360135618;3601356-18;FUEL CONTROL UNIT;OVERHAUL;;;;X;;;;;;;;;X;;;;;;;;;;;;;;;;;;;;;;;;;;;;;;;;;;;;;;;;;;;;;;;;;;;;;;;;;;;;;;;;;;;;;;;;X;;;X;;;;;;;;;;X;;;;
360581214;360-58-12-14;ELECTRICAL ENGINE STARTER;OVERHAUL;;;;X;X;X;X;X;;;;;;;;;;;;;;;;;;;;;;;;;;;;;;;;;;;;;;;;;;;;;;;;;;;;;;;;;;;;;;;;;;;;;;;;;;;;;X;;;X;;;;;;;;;;X;;;;
3605812141;3605812-14-1;ELECTRICAL ENGINE STARTER;OVERHAUL;REPAIR;;DNR;X;X;X;X;X;;;;;;;;;;;;;;;;;;;;;;;;;;;;;;;;;;;;;;;;;;;;;;;;;;;;;;;;;;;;;;;;;;;;;;;;;;;;;X;;;X;;;;;;;;;;X;X;;;
360581216;3605812-16;ELECTRICAL ENGINE STARTER;OVERHAUL;OVERHAUL;;DNR;X;X;X;X;X;;;;;;;;;;;;;;;;;;;;;;;;;;;;;;;;;;;;;;;;;;;;;;;;;;;;;;;;;;;;;;;;;;;;;;;;;;;;;X;;;X;;;;;;;;;;X;X;;;
3605812161;3605812-16-1;STARTER APU;;OVERHAUL;;DNR;X;X;;X;;;;;;;;;;;;;;;;;;;;;;;;X;;;;;;;;;;X;;;;;;;;;;;;;;;;;;;;;;;;;;;;;;;;;;;;;;;;;;;;;;;;;;;;;;;;;;X;;;
360581217;3605812-17;ELECTRICAL ENGINE STARTER;OVERHAUL;OVERHAUL;;DNR;X;X;X;X;X;;;;;;;;;;;;;;;;;;;;;;;;;;;;;;;;;;;;;;;;;;;;;;;;;;;;;;;;;;;;;;;;;;;;;;;;;;;;;X;;;X;;;;;;;;;;X;X;;;
3605812171;3605812-17-1;STARTER;;OVERHAUL;;DNR;X;X;;X;;;;;;;;;;;;;;;;;;;;;;;;X;;;;;;;;;;X;;;;;;;;;;;;;;;;;;;;;;;;;;;;;;;;;;;;;;;;;;;;;;;;;;;;;;;;;;X;;;
360581222;3605812-22;STARTER APU;;OVERHAUL;;DNR;X;X;;X;;;;;;;;;;;;;;;;;;;;;;;;X;;;X;;;;;;;;;;;;;;;;;;;;;;;;;;;;;;;;;;;;;;;;;;;;;;;;;;;;;;;;;;;;;;;;;X;;;
36148638401;3614863-8401;TRANSCEIVER;;REPAIR;;;X;X;;;;;;;;;;;;;;;;;;;;;;;;;;;;;;;;;;;;;;;;;;;;X;;;X;;;;;;;;;;;;;;;;;;;;;;;;;;;;;;;;;;;;;;;;;;;;;;;X;;;
36148828401;3614882-8401;RADAR INDICATOR;;REPAIR;;;X;X;;;;;;;;;;;;;;;;;;;;;;;;;;;;;;;;;;;;;;;;;;;;X;;;X;;;;;;;;;;;;;;;;;;;;;;;;;;;;;;;;;;;;;;;;;;;;;;;X;;;
3651;3651;CONTACTOR;;BENCH TEST;;;X;X;;;;;;;;X;;;;;;;;;;;;;;;;;;;;;;;;;;;;;;;;;;;;X;;;;;;;;;;;;;;;;;;;;;;;;;;;;;;;;;;;;;;;;;;;;;;;;;;X;;;
3651500;3651-500;BATTERY RELAY;;REPAIR;;;X;;;;;;;;;;;;;;;;;;;;;;;;;;;;;;;;;;;;;;;;;;;;;X;;;X;;;;;;;;;;;;;;;;;;;;;;;;;;;;;;;;;;;;;;;;;;;;;;;X;;;
36551;3655-1;CONTACTOR, REVERSE CURRENT;REPAIR;;;;X;X;X;X;X;;;;;;;;;;;;;X;X;;;;;;;;;;;;;;;;;;;;;;;;;;;;;;;;;;;;;;;;;;;;;;;;;;;;;;;;;;;;;;;;;;;;;;;;;;;;X;;;;
37000301;37000-3-01;ALTIMETER;REPAIR;;;;X;X;X;X;X;;;;;;;;;;;;;X;;;;;;;;;;;;;;;;;;;;;;;;;;;;;;;;;;;;;;;;;;;;;;;;;;;;;;;;;;;;;;;;;;;;;;;;;;;;;X;;;;
37001411;370014-11;PLAN FIXE HORISONTAL;REPAIR;;;;X;X;X;X;;;;;;;;;;;;;;;;;;;;;;;;;;;;;;;;;;;;;;;;;;;;;;;;;;;;;;;;;;;;;;;;;;;;;;;;;;;;;;X;;X;;;;;;;;;;;X;;;X;
3716;37-16;BALLAST;;REPAIR;;;X;X;;X;;;;;;;;;;;;;;;;;;;;;;;;;;;;;;;;;;;;X;X;;;;;;;;;;;;;;;;;;;;;;;;;;;;;;;;;;;;;;;;;;;;;;;;;;;;;;;X;;;
3717;37-17;BALLAST;;REPAIR;;;X;X;X;X;X;;;;;;;;;;;;;;;;;;;;;;;;;;;;;;;;;;;X;X;X;X;X;;;;;;;;;;;;;;;;;;;;;;;;;;;;;;;;;;;;;;;;;;;;;;;;;;;;X;;;
37172;37-17-2;BALLAST;;REPAIR;;;X;X;X;X;X;;;;;;;;;;;;;;;;;;;;;;;;;;;;;;;;;;;X;X;X;X;X;;;;;;;;;;;;;;;;;;;;;;;;;;;;;;;;;;;;;;;;;;;;;;;;;;;;X;;;
37185192;3718519-2;OSCILLATOR;;REPAIR;;;X;X;;X;;;;;;;;;;;;;;;;;;;;;;;;;;;;;;;;;;;;X;X;X;X;X;;;;;;;;;;;;;;;;;;;;;;;;;;;;;;;;;;;;;;;;;;;;;;;;;;;;X;;;
37263613;372636-13;BOX-ASSY;OVERHAUL;;;;X;;;;;;;;;;;;;;;;;;;;;;;;;;;;;;;;;;;;;;;;;;;;;;;;;;;;;;;;;;;;;;;;;;;;;;;;;;;;;;;;;X;;;X;;;;;;;;;;X;;;;
37269710;372697-10;ELECTRICAL ENGINE STARTER;OVERHAUL;;;;X;X;X;X;X;;;;;X;;;;;;;;;;;;;;;;;;;;;;;;;;;;;;;;;;;;;;;;;;;;;;;;;;;;;;;;;;;;;;;;;;;;;;;;X;;;X;;;;;;;;;;X;;;;
37269713;372697-13;ELECTRICAL ENGINE STARTER;OVERHAUL;;;;X;X;X;X;X;;;;;X;;;;;;;;;;;;;;;;;;;;;;;;;;;;;;;;;;;;;;;;;;;;;;;;;;;;;;;;;;;;;;;;;;;;;;;;X;;;X;;;;;;;;;;X;;;;
37269715;372697-15;ELECTRICAL ENGINE STARTER;OVERHAUL;;;;X;X;X;X;X;;;;;X;;;;;;;;;;;;;;;;;;;;;;;;;;;;;;;;;;;;;;;;;;;;;;;;;;;;;;;;;;;;;;;;;;;;;;;;X;;;X;;;;;;;;;;X;;;;
37269716;372697-16;ELECTRICAL ENGINE STARTER;OVERHAUL;;;;X;X;X;X;X;;;;;X;;;;;;;;;;;;;;;;;;;;;;;;;;;;;;;;;;;;;;;;;;;;;;;;;;;;;;;;;;;;;;;;;;;;;;;;X;;;X;;;;;;;;;;X;;;;
372697181;372697-18-1;ELECTRICAL ENGINE STARTER;OVERHAUL;;;;X;X;X;X;X;;;;;X;;;;;;;;;;;;;;;;;;;;;;;;;;;;;;;;;;;;;;;;;;;;;;;;;;;;;;;;;;;;;;;;;;;;;;;;X;;;X;;;;;;;;;;X;;;;
37269724;372697-24;ELECTRICAL ENGINE STARTER;OVERHAUL;OVERHAUL;;;X;;;;;;;;;;;;;;;;;;;;;;;;;;;;;;;;;;;;;;;;;;;;;;;;;;;;;;;;;;;;;;;;;;;;;;;;;;;;;;;;;X;;;X;;;;;;;;;;X;X;;;
372697241;372697-24-1;ELECTRICAL ENGINE STARTER;OVERHAUL;OVERHAUL;;;X;X;X;X;X;;;;;X;;;;;;;;;;;;;;;;;;;;;;;;;;;;;;;;;;;;;;;;;;;;;;;;;;;;;;;;;;;;;;;;;;;;;;;;X;;;X;;;;;;;;;;X;X;;;
3744551;374455-1;BOOSTER, QUADRANT ASSY, AILERON;OVERHAUL;;;;X;;;;;;;;;;;;;;;;;;;;;;;;;;;;;;;;;;;;;;;;;;;;;;;;;;;;;;;;;;;;;;;;;;;;;;;;;;;;;;;;;X;;X;;;;;;;;;;;X;;;;
3744552;374455-2;BOOSTER, QUADRANT ASSY, AILERON;OVERHAUL;;;;X;;;;;;;;;;;;;;;;;;;;;;;;;;;;;;;;;;;;;;;;;;;;;;;;;;;;;;;;;;;;;;;;;;;;;;;;;;;;;;;;;X;;X;;;;;;;;;;;X;;;;
3744553;374455-3;BOOSTER, QUADRANT ASSY, AILERON;OVERHAUL;;;;X;;;;;;;;;;;;;;;;;;;;;;;;;;;;;;;;;;;;;;;;;;;;;;;;;;;;;;;;;;;;;;;;;;;;;;;;;;;;;;;;;X;;X;;;;;;;;;;;X;;;;
3744555;374455-5;BOOSTER, QUADRANT ASSY, AILERON;OVERHAUL;;;;X;;;;;;;;;;;;;;;;;;;;;;;;;;;;;;;;;;;;;;;;;;;;;;;;;;;;;;;;;;;;;;;;;;;;;;;;;;;;;;;;;X;;X;;;;;;;;;;;X;;;;
3744557;374455-7;BOOSTER, QUADRANT ASSY, AILERON;OVERHAUL;;;;X;;;;;;;;;;;;;;;;;;;;;;;;;;;;;;;;;;;;;;;;;;;;;;;;;;;;;;;;;;;;;;;;;;;;;;;;;;;;;;;;;X;;X;;;;;;;;;;;X;;;;
37500000;37500-000;INDICATOR, ALTIMETER;REPAIR;;;;X;X;X;X;X;;;;;;X;;;X;;;;;;;;;;;;;;;;;;;;;;;;;;;;;;;;;;;;;;;;;;;;;;;;;;;;;;;;;;;;;;;;;;;;;;;;;;;;;;;;;X;;;;
37500080;37500-080;INDICATOR, ALTIMETER;REPAIR;;;;X;X;X;X;X;;;;;;X;;;;;X;;;;;;;;;;;;;;;;;;;;;;;;;;;;;;;;;;;;;;;;;;;;;;;;;;;;;;;;;;;;;;;;;;;;;;;;;;;;;;;X;;;;
37500084;37500-084;INDICATOR, ALTIMETER;REPAIR;;;;X;X;X;X;X;;;;;;X;;;;;X;;;;;;;;;;;;;;;;;;;;;;;;;;;;;;;;;;;;;;;;;;;;;;;;;;;;;;;;;;;;;;;;;;;;;;;;;;;;;;;X;;;;
375000840;37500-0840;INDICATOR, ALTIMETER;REPAIR;;;;X;X;X;X;X;;;;;;X;;;X;;X;;;;;;;;;;;;;;;;;;;;;;;;;;;;;;;;;;;;;;;;;;;;;;;;;;;;;;;;;;;;;;;;;;;;;;;;;;;;;;;X;;;;
375000841;37500-0841;INDICATOR, ALTIMETER;REPAIR;;;;X;X;X;X;X;;;;;;X;;;;;X;;;;;;;;;;;;;;;;;;;;;;;;;;;;;;;;;;;;;;;;;;;;;;;;;;;;;;;;;;;;;;;;;;;;;;;;;;;;;;;X;;;;
375000847;37500-0847;INDICATOR, ALTIMETER;REPAIR;;;;X;X;X;X;X;;;;;;X;;;;;X;;;;;;;;;;;;;;;;;;;;;;;;;;;;;;;;;;;;;;;;;;;;;;;;;;;;;;;;;;;;;;;;;;;;;;;;;;;;;;;X;;;;
375000848;37500-0848;INDICATOR, ALTIMETER;REPAIR;;;;X;X;X;X;X;;;;;;X;;;;;X;;;;;;;;;;;;;;;;;;;;;;;;;;;;;;;;;;;;;;;;;;;;;;;;;;;;;;;;;;;;;;;;;;;;;;;;;;;;;;;X;;;;
37500220;37500-220;INDICATOR, ALTIMETER;REPAIR;;;;X;X;X;X;X;;;;;;X;;;X;;X;;;;;;;;;;;;;;;;;;;;;;;;;;;;;;;;;;;;;;;;;;;;;;;;;;;;;;;;;;;;;;;;;;;;;;;;;;;;;;;X;;;;
37500224;37500-224;INDICATOR, ALTIMETER;REPAIR;;;;X;X;X;X;X;;;;;;X;;;;;X;;;;;;;;;;;;;;;;;;;;;;;;;;;;;;;;;;;;;;;;;;;;;;;;;;;;;;;;;;;;;;;;;;;;;;;;;;;;;;;X;;;;
375002241;37500-2241;INDICATOR, ALTIMETER;REPAIR;;;;X;X;X;X;X;;;;;;X;;;;;X;;;;;;;;;;;;;;;;;;;;;;;;;;;;;;;;;;;;;;;;;;;;;;;;;;;;;;;;;;;;;;;;;;;;;;;;;;;;;;;X;;;;
37500280;37500-280;INDICATOR, ALTIMETER;REPAIR;;;;X;X;X;X;X;;;;;;X;;;X;;X;;;;;;;;;;;;;;;;;;;;;;;;;;;;;;;;;;;;;;;;;;;;;;;;;;;;;;;;;;;;;;;;;;;;;;;;;;;;;;;X;;;;
37500284;37500-284;INDICATOR, ALTIMETER;REPAIR;;;;X;X;X;X;X;;;;;;X;;;;;X;;;;;;;;;;;;;;;;;;;;;;;;;;;;;;;;;;;;;;;;;;;;;;;;;;;;;;;;;;;;;;;;;;;;;;;;;;;;;;;X;;;;
375005847;37500-5847;INDICATOR, ALTIMETER;REPAIR;;;;X;X;X;X;X;;;;;;X;;;;;X;;;;;;;;;;;;;;;;;;;;;;;;;;;;;;;;;;;;;;;;;;;;;;;;;;;;;;;;;;;;;;;;;;;;;;;;;;;;;;;X;;;;
37500ABM;37500-AB-M;INDICATOR, ALTIMETER;REPAIR;;;;X;X;X;X;X;;;;;;X;;;X;;;;;;;;;;;;;;;;;;;;;;;;;;;;;;;;;;;;;;;;;;;;;;;;;;;;;;;;;;;;;;;;;;;;;;;;;;;;;;;;;X;;;;
37500ADM;37500-AD-M;INDICATOR, ALTIMETER;REPAIR;;;;X;X;X;X;X;;;;;;X;;;X;;;;;;;;;;;;;;;;;;;;;;;;;;;;;;;;;;;;;;;;;;;;;;;;;;;;;;;;;;;;;;;;;;;;;;;;;;;;;;;;;X;;;;
3781802;378180-2;GTCP 85-160A;OVERHAUL;;;;X;;;;;;;;;X;;;;;;;;;;;;;;;;;;;;;;;;;;;;;;;;;;;;;;;;;;;;;;;;;;;;;;;;;;;;;;;;;;;;;;;;X;;;X;;;;;;;;;;X;;;;
37818021;378180-2-1;GTCP 85-160A;OVERHAUL;;;;X;;;;;;;;;X;;;;;;;;;;;;;;;;;;;;;;;;;;;;;;;;;;;;;;;;;;;;;;;;;;;;;;;;;;;;;;;;;;;;;;;;X;;;X;;;;;;;;;;X;;;;
3820005102;3820005-102;SELF-DISPLACING ACCUMULATOR;OVERHAUL;;;;X;;;;;;;;;X;;;;;;;;;;;;;;;;;;X;;;;;;;;;;;X;;;;;;;;;;;;;;;;;;;;;;;;;;;;;;;;;;;;;;;;;;;;;;;;;;;;;;;;X;;;;
38301661;3830166-1;FUEL FLOW DIVIDER;;BENCH TEST;;DNR;X;X;;;;;;;;;;;;;;;;;;;;;;;;;;;;;;;;;;;;;;;;;;;;;;;;;;;;;;;;;;;;;;;;;;;;;;;;;;;;;;;;;;;;;;;;X;X;;;;;X;;;
38301661B;3830166-1B;FUEL FLOW DIVIDER;;BENCH TEST;;DNR;X;X;;;;;;;;;;;;;;;;;;;;;;;;;;;;;;;;;;;;;;;;;;;;;;;;;;;;;;;;;;;;;;;;;;;;;;;;;;;;;;;;;;;;;;;;X;X;;;;;X;;;
38301662;3830166-2;FUEL FLOW DIVIDER;;REPAIR;;DNR;X;X;;X;;;;;;;;;;;;;;;;;;;;;;;;;;;;;;;;;;;;;;;;;;;;;;;;;;;;;;;;;;;;;;;;;;;;;;;;;;;;;;;;;;;;;;X;X;;;;;X;;;
38402242;384022-4-2;STARTER, AIR TURBINE;OVERHAUL;;;;X;X;X;X;X;;;X;;;;;;;;;;X;X;X;X;X;X;X;X;X;X;;;;;;;;;;;;;;;;;;;;;;;;;;;;;;;;;;;;;;;;;;;;;;;;;;;;;;;;;;;;;;;;;;;;X;;;;
38402251;384022-5-1;STARTER, AIR TURBINE;OVERHAUL;;;;X;X;X;X;X;;;X;;;;;;;;;;X;X;X;X;X;X;X;X;X;X;;;;;;;;;;;;;;;;;;;;;;;;;;;;;;;;;;;;;;;;;;;;;;;;;;;;;;;;;;;;;;;;;;;;X;;;;
38485;38-485;LANDING GEAR SEQUENCE VALVE;OVERHAUL;;;;X;;;;;;;;;;;;;;;;;;;;;;;;;;;X;;;;;;;;;;;X;;;;;;;;;;;;;;;;;;;;;;;;;;;;;;;;;;;;;;;;;;;;;;;;;;;;;;;;X;;;;
38760001;3876000-1;TRANSDUCER;;BENCH TEST;;DNR;X;X;;X;;;;;;;;;;;;;;;;;;;;;;;;;;;;;;;;;;;;;;;;;;;;;;;;;;;;;;;;;;;;;;;;;;;;;;;;;;;;;;;;;;;;;;X;X;;;;;X;;;
38760017;3876001-7;SWITCH;;BENCH TEST;;DNR;X;X;;X;;;;;;;;;;;;;;;;;;;;;;;;;;;;;;;;;;;;;;;;;;;;;;;;;;;;;;;;;;;;;;;;;;;;;;;;;;;;;;;;;;;;;;X;X;;;;;X;;;
3880589;388058-9;STRUT ASSY MAIN LANDING GEAR SHOCK;OVERHAUL;;;;X;;;;;;;;;;;;;;;;;;;;;;;;;;;;;;;;;;;;;;;;;;;;;;;;;;;;;;;;;;;;;;;;;;;;;;;;;;;;;;;;;X;;X;;;;;;;;;;;X;;;;
3880641;388064-1;TORQUE STRUT, LANDING GEAR;OVERHAUL;;;;X;;;;;;;;;;;;;;;;;;;;;;;;;;;;;;;;;;;;;;;;;;;;;;;;;;;;;;;;;;;;;;;;;;;;;;;;;;;;;;;;;X;;X;;;;;;;;;;;X;;;;
3880643;388064-3;TORQUE STRUT, LANDING GEAR;OVERHAUL;;;;X;;;;;;;;;;;;;;;;;;;;;;;;;;;;;;;;;;;;;;;;;;;;;;;;;;;;;;;;;;;;;;;;;;;;;;;;;;;;;;;;;X;;X;;;;;;;;;;;X;;;;
3880681;388068-1;TORQUE ARM LOWER;OVERHAUL;;;;X;;;;;;;;;;;;;;;;;;;;;;;;;;;;;;;;;;;;;;;;;;;;;;;;;;;;;;;;;;;;;;;;;;;;;;;;;;;;;;;;;X;;X;;;;;;;;;;;X;;;;
3880685;388068-5;TORQUE ARM;OVERHAUL;;;;X;;;;;;;;;;;;;;;;;;;;;;;;;;;;;;;;;;;;;;;;;;;;;;;;;;;;;;;;;;;;;;;;;;;;;;;;;;;;;;;;;X;;X;;;;;;;;;;;X;;;;
3880691;388069-1;UPPER TORQUE ARM;OVERHAUL;;;;X;;;;;;;;;;;;;;;;;;;;;;;;;;;;;;;;;;;;;;;;;;;;;;;;;;;;;;;;;;;;;;;;;;;;;;;;;;;;;;;;;X;;X;;;;;;;;;;;X;;;;
3880695;388069-5;ARM,LOWER TORQUE, NLG;OVERHAUL;;;;X;;;;;;;;;;;;;;;;;;;;;;;;;;;;;;;;;;;;;;;;;;;;;;;;;;;;;;;;;;;;;;;;;;;;;;;;;;;;;;;;;X;;X;;;;;;;;;;;X;;;;
389GC01Y02;389GC01Y02;CONTROLLER-BATTERY CHARGE;REPAIR;;;;X;X;X;X;X;;;;;;;;;;;;;X;X;X;X;;;;;;;;;;;;;;;;;;;;;;;;;;;;;;;;;;;;;;;;;;;;;;;;;;;;;;;;;;;;;;;;;;;;;;;;;;X;;;;
389GC01Y03;389GC01Y03;CONTROLLER-BATTERY CHARGE;REPAIR;;;;X;X;X;X;X;;;;;;;;;;;;;X;X;X;X;;;;;;;;;;;;;;;;;;;;;;;;;;;;;;;;;;;;;;;;;;;;;;;;;;;;;;;;;;;;;;;;;;;;;;;;;;X;;;;
38E734A;38E73-4A;VALVE, STARTER CONTROL;OVERHAUL;;;;X;;;;;;;;;;;;;;;;;;;;;;;;;;;;;;;;;;;;;;;;;;;;;;;;;;;;;;;;;;;;;;;;;;;;;;;;;;;;;;;;;X;;X;;;;;;;;;;;X;;;;
3905300101;3905300101;ELECTRICAL FLIGHT CONTROL UNIT;REPAIR;;;;X;X;X;X;X;;;;;;;;;;;;;X;X;X;X;;;;;;;;;;;;;;;;;;;;;;;;;;;;;;;;;;;;;;;;;;;;;;;;;;;;;;;;;;;;;;;;;;;;;;;;;;X;;;;
3905300102;3905300102;ELECTRICAL FLIGHT CONTROL UNIT;REPAIR;;;;X;X;X;X;X;;;;;;;;;;;;;X;X;X;X;;;;;;;;;;;;;;;;;;;;;;;;;;;;;;;;;;;;;;;;;;;;;;;;;;;;;;;;;;;;;;;;;;;;;;;;;;X;;;;
3905302101;3905302101;ELECTRICAL FLIGHT CONTROL UNIT;REPAIR;;;;X;X;X;X;X;;;;;;;;;;;;;X;;;X;;;;;;;;;;;;;;;;;;;;;;;;;;;;;;;;;;;;;;;;;;;;;;;;;;;;;;;;;;;;;;;;;;;;;;;;;;X;;;;
3905302102;3905302102;ELECTRICAL FLIGHT CONTROL UNIT;REPAIR;;;;X;X;X;X;X;;;;;;;;;;;;;X;;;X;;;;;;;;;;;;;;;;;;;;;;;;;;;;;;;;;;;;;;;;;;;;;;;;;;;;;;;;;;;;;;;;;;;;;;;;;;X;;;;
3906130302;3906130302;DISPLAY, FULL COLOR;REPAIR;;;;X;X;X;X;X;;;X;;;;;;;;;;X;;;;;X;X;X;;;;;;;;;;;;;;;;;;;;;;;;;;;;;;;;;;;;;;;;;;;;;;;;;;;;;;;;;;;;;;;;;;;;;;X;;;;
3906130402;3906130402;DISPLAY, FULL COLOR;REPAIR;;;;X;X;X;X;X;;;X;;;;;;;;;;X;;;;;X;X;X;;;;;;;;;;;;;;;;;;;;;;;;;;;;;;;;;;;;;;;;;;;;;;;;;;;;;;;;;;;;;;;;;;;;;;X;;;;
3907130302;3907130302;DISPLAY, FULL COLOR;REPAIR;;;;X;X;X;X;X;;;X;;;;;;;;;;X;;;;;X;X;X;;;;;;;;;;;;;;;;;;;;;;;;;;;;;;;;;;;;;;;;;;;;;;;;;;;;;;;;;;;;;;;;;;;;;;X;;;;
3907130402;3907130402;DISPLAY, FULL COLOR;REPAIR;;;;X;X;X;X;X;;;X;;;;;;;;;;X;;;;;X;X;X;;;;;;;;;;;;;;;;;;;;;;;;;;;;;;;;;;;;;;;;;;;;;;;;;;;;;;;;;;;;;;;;;;;;;;X;;;;
39253010;392530-10;REGULATOR PNEUMATIC PRESSURE;;OVERHAUL;;;X;X;;X;;;;;;;;;;;;;;;;;;;;;;;;;;;;;;;;;;;;;;;;;;;;;;;;;;;;;;;;;;;;;;;;;;;;;;;;;;;;;;;;;;;;;;X;X;;;;;X;;;
39253021;392530-2-1;PRESSURE REGULATOR;;OVERHAUL;;DNR;X;X;;X;;;;;;;;;;;;;;;;;;;;;;;;;;;;;;;;;;;;;;;;;;;;;;;;;;;;;;;;;;;;;;;;;;;;;;;;;;;;;;;;;;;;;;X;;;X;;;X;;;
39253031;392530-3-1;PRESSURE REGULATOR;;OVERHAUL;;DNR;X;X;;X;;;;;;;;;;;;;;;;;;;;;;;;;;;;;;;;;;;;;;;;;;;;;;;;;;;;;;;;;;;;;;;;;;;;;;;;;;;;;;;;;;;;;;X;X;;;;;X;;;
3925308;392530-8;PRESSURE REGULATOR VALVE;;OVERHAUL;;DNR;X;X;;X;;;;;;;;;;;;;;;;;;;;;;;;;;;;;;;;;;;;;;;;;;;;;;;;;;;;;;;;;;;;;;;;;;;;;;;;;;;;;;;;;;;;;;X;X;;;;;X;;;
3925309;392530-9;PRESSURE REGULATOR VALVE;;OVERHAUL;;DNR;X;X;;X;;;;;;;;;;;;;;;;;;;;;;;;;;;;;;;;;;;;;;;;;;;;;;;;;;;;;;;;;;;;;;;;;;;;;;;;;;;;;;;;;;;;;;X;X;;;;;X;;;
39267811;392678-1-1;TURBOFAN CTRL DIF PRESS REGULATOR;OVERHAUL;;;;X;X;X;X;;;;;;;;;;;;;;;;;;;;;;;;X;;;X;;;;;;;;;;;;;;;;;;;;;;;;;;;;;;;;;;;;;;;;;;;;;;;;;;;;;;;;;;;;;;;;X;;;;
39267831;392678-3-1;TURBOFAN CTRL DIF PRESS REGULATOR;OVERHAUL;;;;X;X;X;X;;;;;;;;;;;;;;;;;;;;;;;;X;;;X;;;;;;;;;;;;;;;;;;;;;;;;;;;;;;;;;;;;;;;;;;;;;;;;;;;;;;;;;;;;;;;;X;;;;
39297411;392974-1-1;SHUTOFF VALVE;;REPAIR;;DNR;X;X;;X;;;;;;;;;;;;;;;;;;;;;;;;;;;;;;;;;;;;;;;;;;;;;;;;;;;;;;;;;;;;;;;;;;;;;;;;;;;;;;;;;;;;;;X;;;X;;;X;;;
39297451;392974-5-1;SHUTOFF VALVE;;OVERHAUL;;DNR;X;X;;X;;;;;;;;;;;;;;;;;;;;;;;;;;;;;;;;;;;;;;;;;;;;;;;;;;;;;;;;;;;;;;;;;;;;;;;;;;;;;;;;;;;;;;X;X;;;;;X;;;
3929746;392974-6;VALVE;;OVERHAUL;;DNR;X;X;;X;;;;;;;;;;;;;;;;;;;;;;;;;;;;;;;;;;;;;;;;;;;;;;;;;;;;;;;;;;;;;;;;;;;;;;;;;;;;;;;;;;;;;;X;X;;;;;X;;;
393TS02Y02;393TS02Y02;PROBE HEATING CONTROL & INDICATING UNIT;OVERHAUL;;;;X;X;X;X;X;;;;;;;;;;;;;X;X;;;;;;;;;;;;;;;;;;;;;;;;;;;;;;;;;;;;;;;;;;;;;;;;;;;;;;;;;;;;;;;;;;;;;;;;;;;;X;;;;
39421;394-21;SEAT;;REPAIR;;;X;X;;;;;;;;;;;;;;;;;;;;;;;;;;;;;;;;;;;;;;;;;;;;;;;;;;;X;;;;;X;;;;;;;;;;;;;;;;;;;;;;;;;;;;;;;;;;;;;;X;;;
396005241;39600-5241;INDICATOR, ENCODING ALTIMETER;REPAIR;;;;X;X;X;X;X;;;;;;X;;;;;X;;;;;;;;;;;;;;;;;;;;;;;;;;;;;;;;;;;;;;;;;;;;;;;;;;;;;;;;;;;;;;;;;;;;;;;;;;;;;;;X;;;;
396005840;39600-5840;INDICATOR, ENCODING ALTIMETER;REPAIR;;;;X;X;X;X;X;;;;;;X;;;;;X;;;;;;;;;;;;;;;;;;;;;;;;;;;;;;;;;;;;;;;;;;;;;;;;;;;;;;;;;;;;;;;;;;;;;;;;;;;;;;;X;;;;
396005841;39600-5841;INDICATOR, ENCODING ALTIMETER;REPAIR;;;;X;X;X;X;X;;;;;;X;;;;;X;;;;;;;;;;;;;;;;;;;;;;;;;;;;;;;;;;;;;;;;;;;;;;;;;;;;;;;;;;;;;;;;;;;;;;;;;;;;;;;X;;;;
396005847;39600-5847;INDICATOR, ENCODING ALTIMETER;REPAIR;;;;X;X;X;X;X;;;;;;X;;;;;X;;;;;;;;;;;;;;;;;;;;;;;;;;;;;;;;;;;;;;;;;;;;;;;;;;;;;;;;;;;;;;;;;;;;;;;;;;;;;;;X;;;;
396005848;39600-5848;INDICATOR, ENCODING ALTIMETER;REPAIR;;;;X;X;X;X;X;;;;;;X;;;;;X;;;;;;;;;;;;;;;;;;;;;;;;;;;;;;;;;;;;;;;;;;;;;;;;;;;;;;;;;;;;;;;;;;;;;;;;;;;;;;;X;;;;
39600586;39600-586;INDICATOR, ENCODING ALTIMETER;REPAIR;;;;X;X;X;X;X;;;;;;X;;;;X;X;;;;;;;;;;;;;;;;;;;;;;;;;;;;;;;;;;;;;;;;;;;;;;;;;;;;;;;;;;;;;;;;;;;;;;;;;;;;;;;X;;;;
39602841;396028-4-1;FLOW CONTROL REGULATOR;;REPAIR;;;X;X;;X;;;;;;;;;;;;;;;;;;;;;;;;;;;;;;;;;;;;;;;;;;;;;;;;;;;;;;;;;;;;;;;;;;;;;;;;;;;;;;;;;;;;;;X;;;X;;;X;;;
3964161;396416-1;FLOW CONTROL VALVE;OVERHAUL;;;;X;X;X;X;X;;;;;;;;;;;;;X;;X;;;;;;;;;;;;;;;;;;;;;;;;;;;;;;;;;;;;;;;;;;;;;;;;;;;;;;;;;;;;;;;;;;;;;;;;;;;X;;;;
3964162;396416-2;FLOW CONTROL VALVE;OVERHAUL;;;;X;X;X;X;X;;;;;;;;;;;;;X;;X;;;;;;;;;;;;;;;;;;;;;;;;;;;;;;;;;;;;;;;;;;;;;;;;;;;;;;;;;;;;;;;;;;;;;;;;;;;X;;;;
3964163;396416-3;FLOW CONTROL VALVE;OVERHAUL;;;;X;X;X;X;X;;;;;;;;;;;;;X;;X;;;;;;;;;;;;;;;;;;;;;;;;;;;;;;;;;;;;;;;;;;;;;;;;;;;;;;;;;;;;;;;;;;;;;;;;;;;X;;;;
3964321;396432-1;FLOW CONTROL VALVE;OVERHAUL;;;;X;X;X;X;X;;;;;;;;;;;;;X;;;X;;;;;;;;;;;;;;;;;;;;;;;;;;;;;;;;;;;;;;;;;;;;;;;;;;;;;;;;;;;;;;;;;;;;;;;;;;X;;;;
3964322;396432-2;FLOW CONTROL VALVE;OVERHAUL;;;;X;X;X;X;X;;;;;;;;;;;;;X;;;X;;;;;;;;;;;;;;;;;;;;;;;;;;;;;;;;;;;;;;;;;;;;;;;;;;;;;;;;;;;;;;;;;;;;;;;;;;X;;;;
3964323;396432-3;FLOW CONTROL VALVE;OVERHAUL;;;;X;X;X;X;X;;;;;;;;;;;;;X;;;X;;;;;;;;;;;;;;;;;;;;;;;;;;;;;;;;;;;;;;;;;;;;;;;;;;;;;;;;;;;;;;;;;;;;;;;;;;X;;;;
3964421;396442-1;VALVE, FLOW CONTROL;OVERHAUL;;;;X;X;X;X;X;;;;;;;;;;;;;;;;;;;;;;;X;;;X;X;X;;;;;;;;;;;;;;;;;;;;;;;;;;;;;;;;;;;;;;;;;;;;;;;;;;;;;;;;;;;;;;X;;;;
3964982;396498-2;VALVE, FLOW CONTROL;OVERHAUL;;;;X;X;X;X;X;;;;;;;;;;;;;;;;;;;;;;;X;;;X;X;X;;;;;;;;;;;;;;;;;;;;;;;;;;;;;;;;;;;;;;;;;;;;;;;;;;;;;;;;;;;;;;X;;;;
3965161;396516-1;VALVE;;OVERHAUL;;DNR;X;X;;X;;;;;;;;;;;;;;;;;;;;;;;;;;;;;;;;;;;;;;;;;;;;;;;;;;;;;;;;;;;;;;;;;;;;;;;;;;;;;;;;;;;;;;X;X;;;;;X;;;
3965162;396516-2;FLOW CONTROL REGULATOR;;OVERHAUL;;DNR;X;X;;X;;;;;;;;;;;;;;;;;;;;;;;;;;;;;;;;;;;;;;;;;;;;;;;;;;;;;;;;;;;;;;;;;;;;;;;;;;;;;;;;;;;;;;X;X;;;;;X;;;
3965163;396516-3;FLOW CONTROL REGULATOR;;OVERHAUL;;DNR;X;X;;X;;;;;;;;;;;;;;;;;;;;;;;;;;;;;;;;;;;;;;;;;;;;;;;;;;;;;;;;;;;;;;;;;;;;;;;;;;;;;;;;;;;;;;X;X;;;;;X;;;
39772811;397728-1-1;VALVE, PNEUMATIC SHUTOFF;OVERHAUL;;;;X;X;X;X;X;;;;;;;;;;;;;X;;;;;;;;;;X;;;;;X;X;X;;;;;;;;;;;;;;;;;;;;;;;;;;;;;;;;;;;;;;;;;;;;;;;;;;;;;;;;;;;;X;;;;
39772831;397728-3-1;VALVE, PNEUMATIC SHUTOFF;OVERHAUL;;;;X;X;X;X;X;;;;;;;;;;;;;X;;;;;;;;;;X;;;;;X;X;X;;;;;;;;;;;;;;;;;;;;;;;;;;;;;;;;;;;;;;;;;;;;;;;;;;;;;;;;;;;;X;;;;
39772841;397728-4-1;VALVE, PNEUMATIC SHUTOFF;OVERHAUL;;;;X;X;X;X;X;;;;;;;;;;;;;X;X;X;X;X;X;X;X;X;X;X;;;;;X;X;X;;;;;;;;;;;;;;;;;;;;;;;;;;;;;;;;;;;;;;;;;;;;;;;;;;;;;;;;;;;;X;;;;
39772861;397728-6-1;VALVE, PNEUMATIC SHUTOFF;OVERHAUL;;;;X;X;X;X;X;;;;;;;;;;;;;X;;;;;;;;;;X;;;;;X;X;X;;;;;;;;;;;;;;;;;;;;;;;;;;;;;;;;;;;;;;;;;;;;;;;;;;;;;;;;;;;;X;;;;
39772871;397728-7-1;VALVE, PNEUMATIC SHUTOFF;OVERHAUL;;;;X;X;X;X;X;;;;;;;;;;;;;X;X;X;X;X;X;X;X;X;X;X;;;;;X;X;X;;;;;;;;;;;;;;;;;;;;;;;;;;;;;;;;;;;;;;;;;;;;;;;;;;;;;;;;;;;;X;;;;
3977288;397728-8;VALVE, PNEUMATIC SHUTOFF;OVERHAUL;;;;X;X;X;X;X;;;;;;;;;;;;;X;X;X;X;X;X;X;X;X;X;X;;;;;X;X;X;;;;;;;;;;;;;;;;;;;;;;;;;;;;;;;;;;;;;;;;;;;;;;;;;;;;;;;;;;;;X;;;;
39772881;397728-8-1;VALVE, PNEUMATIC SHUTOFF;OVERHAUL;;;;X;X;X;X;X;;;;;;;;;;;;;X;;;;;;;;;;;;;;;;;;;;;;;;;;;;;;;;;;;;;;;;;;;;;;;;;;;;;;;;;;;;;;;;;;;;;;;;;;;;;X;;;;
3978027;397802-7;VALVE, ANTI-ICE SHUTOFF;OVERHAUL;;;;X;X;X;X;X;;;;;;;;;;;;;X;;;;;;;;;;;;;;;;;;;;;;;;;;;;;;;;;;;;;;;;;;;;;;;;;;;;;;;;;;;;;;;;;;;;;;;;;;;;;X;;;;
39807;39-807;BRAKE CONTROL VALVE (CRANE);OVERHAUL;;;;X;X;X;X;X;;;;;;;;;;;;;;;;;;;;;;;;;;;;;;;;;;;;;;;;;X;;;;X;X;;;;;;;;;;;;;;;;;;;;;;;;;;;;;;;;;;;;;;;;;;;;X;;;;
39811611;398116-1-1;3.5 IN DIA ELECTRIC DUAL MOD SHUTOFF VAL;OVERHAUL;;;;X;X;X;X;;;;;;;;;;;;;;;;;;;;;;;;X;;;X;;;;X;;;;;;;;;;;;;;;;;;;;;;;;;;;;;;;;;;;;;;;;;;;;;;;;;;;;;;;;;;;;X;;;;
3983962;398396-2;TRIM AIR VALVE;OVERHAUL;;;;X;X;X;X;X;;;;;;;;;;;;;X;X;X;X;;;;;;;;;;;;;;;;;;;;;;;;;;;;;;;;;;;;;;;;;;;;;;;;;;;;;;;;;;;;;;;;;;;;;;;;;;X;;;;
3983963;398396-3;TRIM AIR VALVE;OVERHAUL;;;;X;X;X;X;;;;;;;;;;;;;;X;X;X;X;;;;;;;;;;;;;;;;;;;;;;;;;;;;;;;;;;;;;;;;;;;;;;;;;;;;;;;;;;;;;;;;;;;;;;;;;;X;;;;
3983964;398396-4;TRIM AIR VALVE;OVERHAUL;;;;X;X;X;X;;;;;;;;;;;;;;X;X;X;X;;;;;;;;;;;;;;;;;;;;;;;;;;;;;;;;;;;;;;;;;;;;;;;;;;;;;;;;;;;;;;;;;;;;;;;;;;X;;;;
3983965;398396-5;TRIM AIR VALVE;OVERHAUL;;;;X;X;X;X;;;;;;;;;;;;;;X;X;X;X;;;;;;;;;;;;;;;;;;;;;;;;;;;;;;;;;;;;;;;;;;;;;;;;;;;;;;;;;;;;;;;;;;;;;;;;;;X;;;;
3983982;398398-2;TRIM AIR VALVE;OVERHAUL;;;;X;X;X;X;X;;;;;;;;;;;;;X;X;X;X;;;;;;;;;;;;;;;;;;;;;;;;;;;;;;;;;;;;;;;;;;;;;;;;;;;;;;;;;;;;;;;;;;;;;;;;;;X;;;;
3983983;398398-3;TRIM AIR VALVE;OVERHAUL;;;;X;X;X;X;;;;;;;;;;;;;;X;X;X;X;;;;;;;;;;;;;;;;;;;;;;;;;;;;;;;;;;;;;;;;;;;;;;;;;;;;;;;;;;;;;;;;;;;;;;;;;;X;;;;
3985042;398504-2;VALVE-PNEUMATIC SYSTEM ISOLATION;OVERHAUL;;;;X;X;X;X;X;;;;;;;;;;;;;X;X;X;X;;;;;;;;;;;;;;;;;;;;;;;;;;;;;;;;;;;;;;;;;;;;;;;;;;;;;;;;;;;;;;;;;;;;;;;;;;X;;;;
3985281;398528-1;VALVE-5 INCH DIA ELEC SHUTOFF BUTTERFLY;OVERHAUL;;;;X;X;X;X;X;;;;;;;;;;;;;X;X;;;;;;;;;;;;;;;;;;;;;;;;;;;;;;;;;;;;;;;;;;;;;;;;;;;;;;;;;;;;;;;;;;;;;;;;;;;;X;;;;
3985542;398554-2;VALVE-TURBINE BYPASS;OVERHAUL;;;;X;X;X;X;X;;;;;;;;;;;;;X;X;X;X;;;;;;;;;;;;;;;;;;;;;;;;;;;;;;;;;;;;;;;;;;;;;;;;;;;;;;;;;;;;;;;;;;;;;;;;;;X;;;;
3985543;398554-3;VALVE-TURBINE BYPASS;OVERHAUL;;;;X;X;X;X;X;;;;;;;;;;;;;X;;;;;;;;;;;;;;;;;;;;;;;;;;;;;;;;;;;;;;;;;;;;;;;;;;;;;;;;;;;;;;;;;;;;;;;;;;;;;X;;;;
3985544;398554-4;VALVE-TURBINE BYPASS;OVERHAUL;;;;X;X;X;X;X;;;;;;;;;;;;;X;;;;;;;;;;;;;;;;;;;;;;;;;;;;;;;;;;;;;;;;;;;;;;;;;;;;;;;;;;;;;;;;;;;;;;;;;;;;;X;;;;
39864811;398648-1-1;VALVE, TEMPERATURE CONTROL;OVERHAUL;;;;X;;;;;;;;;;;;;;;;;;;;;;;;;;;;;;;;;;;;;;;;;;;;;;;;;;;;;;;;;;;;;;;;;;;;;;;;;;;;;;;;;X;;X;;;;;;;;;;;X;;;;
39864812;398648-1-2;VALVE, TEMPERATURE CONTROL;OVERHAUL;;;;X;;;;;;;;;;;;;;;;;;;;;;;;;;;;;;;;;;;;;;;;;;;;;;;;;;;;;;;;;;;;;;;;;;;;;;;;;;;;;;;;;X;;X;;;;;;;;;;;X;;;;
3989082;398908-2;TEMPERATURE CONTROL VALVE;OVERHAUL;;;;X;X;X;X;X;;;;;;;;;;;;;;;;;;;;;;;X;;;X;X;;;;;;;;;;;;;;;;;;;;;;;;;;;;;;;;;;;;;;;;;;;;;;;;;;;;;;;;;;;;;;;X;;;;
3989083;398908-3;TEMPERATURE CONTROL VALVE;OVERHAUL;;;;X;X;X;X;X;;;;;;;;;;;;;;;;;;;;;;;X;;;X;X;;;;;;;;;;;;;;;;;;;;;;;;;;;;;;;;;;;;;;;;;;;;;;;;;;;;;;;;;;;;;;;X;;;;
3989084;398908-4;TEMPERATURE CONTROL VALVE;OVERHAUL;;;;X;X;X;X;X;;;;;;;;;;;;;;;;;;;;;;;X;;;X;X;;;;;;;;;;;;;;;;;;;;;;;;;;;;;;;;;;;;;;;;;;;;;;;;;;;;;;;;;;;;;;;X;;;;
3989085;398908-5;TEMPERATURE CONTROL VALVE;OVERHAUL;;;;X;X;X;X;X;;;;;;;;;;;;;;;;;;;;;;;X;;;X;X;;;;;;;;;;;;;;;;;;;;;;;;;;;;;;;;;;;;;;;;;;;;;;;;;;;;;;;;;;;;;;;X;;;;
398B050000;398B050000;THERMOSTAT;OVERHAUL;;;;X;X;X;X;X;;;;;;;;;;;;;X;;;;;;;;X;X;;;;;;;;;;;;;;;;;;;;;;;;;;;;;;;;;;;;;;;;;;;;;;;;;;;;;;;;;;;;;;;;;;;;X;;;;
398B060000;398B060000;THERMOSTAT;OVERHAUL;;;;X;X;X;X;X;;;;;;;;;;;;;X;;;;;;;;X;X;;;;;;;;;;;;;;;;;;;;;;;;;;;;;;;;;;;;;;;;;;;;;;;;;;;;;;;;;;;;;;;;;;;;X;;;;
399A651;399A65-1;VALVE, FUEL DUMP;OVERHAUL;;;;X;X;X;X;X;;;;;;X;;;;X;X;;;;;;;;;;;;;;;;;;;;;;;;;;;;;;;;;;;;;;;;;;;;;;;;;;;;;;;;;;;;;;;;;;;;;;;;;;;;;;;X;;;;
399B651;399B65-1;VALVE, FUEL DUMP;OVERHAUL;;;;X;X;X;X;X;;;;;;X;;;;X;X;;;;;;;;;;;;;;;;;;;;;;;;;;;;;;;;;;;;;;;;;;;;;;;;;;;;;;;;;;;;;;;;;;;;;;;;;;;;;;;X;;;;
3A0630079023;3A063-0079-02-3;SEAT CAPTAIN;;OVERHAUL;;;X;X;;X;;;;;;;;;;;;;;;;;;;;;;;;;;;;;;;;;;;;X;;;;X;;;;;;;;;;;;;;;;;;;;;;;;;;;;;;;;;;;;;;;;;;;;;; ; ;;;;;X;;X;
3A0630080023;3A063-0080-02-3;SEAT CAPTAIN;;OVERHAUL;;;X;X;;X;;;;;;;;;;;;;;;;;;;;;;;;;;;;;;;;;;;;X;;;;X;;;;;;;;;;;;;;;;;;;;;;;;;;;;;;;;;;;;;;;;;;;;;; ; ;;;;;X;;X;
3A0880003012;3A088-0003-01-2;SEAT CAPTAIN;;OVERHAUL;;;X;X;;X;;;;;;;;;;;;;;;;;;;;;;;;;;;;;;;;;;;;;;;;;;;;;;;;;;;;;;;;;;;;;;;;;;;;;;;;;;;;;;;;;;;;;;X;X;;;;;X;;X;
3A0880003013;3A088-0003-01-3;SEAT CAPTAIN;;OVERHAUL;;;X;X;;X;;;;;;;;;;;;;;;;;;;;;;;;;;;;;;;;;;;;;;;;;;;;;;;;;;;;;;;;;;;;;;;;;;;;;;;;;;;;;;;;;;;;;;X;X;;;;;X;;X;
3A0880003022;3A088-0003-02-2;SEAT CAPTAIN;;OVERHAUL;;;X;X;;X;;;;;;;;;;;;;;;;;;;;;;;;;;;;;;;;;;;;;;;;;;;;;;;;;;;;;;;;;;;;;;;;;;;;;;;;;;;;;;;;;;;;;;X;X;;;;;X;;X;
3A0880004013;3A088-0004-01-3;SEAT FIRST OFFICER;;OVERHAUL;;;X;X;;X;;;;;;;;;;;;;;;;;;;;;;;;;;;;;;;;;;;;;;;;;;;;;;;;;;;;;;;;;;;;;;;;;;;;;;;;;;;;;;;;;;;;;;X;X;;;;;X;;X;
3A0880004022;3A088-0004-02-2;SEAT FIRST OFFICER;;OVERHAUL;;;X;X;;X;;;;;;;;;;;;;;;;;;;;;;;;;;;;;;;;;;;;;;;;;;;;;;;;;;;;;;;;;;;;;;;;;;;;;;;;;;;;;;;;;;;;;;X;X;;;;;X;;X;
3D248513;3D2485-13;TIMER;;REPAIR;;;X;;;;;;;;;;;;;;;;;;;;;;;;;;;;;;;;;;;;;;;;;;;;;X;;;X;;;;;;;;;;;;;;;;;;;;;;;;;;;;;;;;;;;;;;;;;;;;;;;X;;;
3E12194;3E1219-4;AMPER METER DE ICE;;BENCH TEST;;;X;;;;;;;;;;;;;;;;;;;;;;;;;;;;;;;;;;;;;;;;;;;;;X;;;X;;;;;;;;;;;;;;;;;;;;;;;;;;;;;;;;;;;;;;;;;;;;;;;X;;;
3S2060DC168A2A;3S2060DC168A2A;GENERATOR CONTROL UNIT;;OVERHAUL;;;X;X;;X;;;;;;X;;;;;;;;;;;;;;;;;;;;;;;;;;;;;;;;;;;;;;;;;;;;;;;;;;;;;;;;;;;;;;;;;;;;;;;;X;;;;;;;;;;;;;;X;;;
3S2060DC168A2AA;3S2060DC168A2AA;GENERATOR CONTROL UNIT;;OVERHAUL;;;X;X;;X;;;;;;X;;;;;;;;;;;;;;;;;;;;;;;;;;;;;;;;;;;;;;;;;;;;;;;;;;;;;;;;;;;;;;;;;;;;;;;;X;;;;;;;;;;;;;;X;;;
3S2060DC168A2AB;3S2060DC168A2AB;GENERATOR CONTROL UNIT;;OVERHAUL;;;X;X;;X;;;;;;;;;;;;;;;;;;;;;;;;;;;;;;;;;;;;;;;;;;;;;;;;;;;;;;;;;;;;;;;;;;;;;;;;;;;;;;X;;;;;;;;;;;;;;X;;;
3S2060DC168A2B;3S2060DC168A2B;GENERATOR CONTROL UNIT;;OVERHAUL;;;X;X;;X;;;;;;X;;;;;;;;;;;;;;;;;;;;;;;;;;;;;;;;;;;;X;;;;;;;;;;;;;;;;;;;;;;;;;;;;;;;;;;;;;;;;;;;;;;;;;;X;;;
3S2060DC168B1;3S2060DC168B1;GCU;;REPAIR;;;X;X;;X;;;;;;;;;;;;;;;;;;;;;;;;;;;;;;;;;;;;;;;;;;X;;;X;;;;;;;;;;;;;;;;;;;;;;;;;;;;;;;;;;;;;;;;;;;;;;;X;;;
3S2060DC168D1;3S2060DC168D1;GCU;;REPAIR;;;X;X;;X;;;;;;X;;;;;;;;;;;;;;;;;;;;;;;;;;;;;;;;;;;;;;;;;;;X;;;X;;;;;;;;;;;;;;;;;;;;;;;;;;;;;;;;;;;;;;;;X;;;
40005040301;4000504-0301;RADAR ANT;;REPAIR;;DNR;X;X;;;;;;;;;;;;;;;;;;;;;;;;;;;;;;;;;;;;;;;;;;;;;;;;;;;;;;;;;;;;;;;;;;;;;;;;;;;;;;;;X;;;;;;;;;;;;;;X;;;
40006001;40006-001;CONTROL VALVE ASSEMBLY;OVERHAUL;;;;X;;;;;;;;;;;;;;;;;;;;;;;;;;;X;;;;;;;;;;;X;;;;;;;;;;;;;;;;;;;;;;;;;;;;;;;;;;;;;;;;;;;;;;;;;;;;;;;;X;;;;
40006002;40006-002;CONTROL VALVE ASSEMBLY;OVERHAUL;;;;X;;;;;;;;;;;;;;;;;;;;;;;;;;;X;;;;;;;;;;;X;;;;;;;;;;;;;;;;;;;;;;;;;;;;;;;;;;;;;;;;;;;;;;;;;;;;;;;;X;;;;
4000A1;4000A1;BATTERY;;OVERHAUL;;DNR;X;X;;X;;;;;;X;X;;;;X;;;;;;;;;;;;;;;;;;;;;;;;;;;;;;;;;;;;;;;;;;;;;;;;;;;;;;;;;;;;;;;;;;;;;;;;;;;;;;;;;X;;;
40010186102;4001018-6102;RADAR R/T;;REPAIR;;DNR;X;X;;;;;;;;;;;;;;;;;;;;;;;;;;;;;;;;;;;;;;;;;;;;;;;;;;;;;;;;;;;;;;;;;;;;;;;;;;;;;;;;X;;;;;;;;;;;;;;X;;;
40010186106;4001018-6106;RADAR R/T;;REPAIR;;DNR;X;X;;;;;;;;X;;;;;;;;;;;;;;;;;;;;;;;;;;;;;;;;;;;;;;;;;;;;;;;;;;;;;;;;;;;;;;;;;;;;;;;;X;;;;;;;;;;;;;;X;;;
40049;40049;HYD PUMP;;REPAIR;;;X;X;;;;;;;;;;;;;;;;;;;;;;;;;;;;;;;;;;;;;;;;;;;;;;;;;;;X;;;X;X;;;;;;;;;;;;;;;;;;;;;;;;;X;;;;;;;;;;;;;;X;;;
4004TC01;4004TC01;FOUR WAY SELECTOR;OVERHAUL;;;;X;X;X;X;X;;;;;;;;;;;;;X;X;;;;;;;;;;;;;;;;;;;;;;;;;;;;;;;;;;;;;;;;;;;;;;;;;;;;;;;;;;;;;;;;;;;;;;;;;;;;X;;;;
4004TC02;4004TC02;FOUR WAY SELECTOR;OVERHAUL;;;;X;X;X;X;X;;;;;;;;;;;;;X;X;X;X;;;;;;;;;;;;;;;;;;;;;;;;;;;;;;;;;;;;;;;;;;;;;;;;;;;;;;;;;;;;;;;;;;;;;;;;;;X;;;;
4004TC03;4004TC03;FOUR WAY SELECTOR;OVERHAUL;;;;X;X;X;X;X;;;;;;;;;;;;;X;X;X;X;;;;;;;;;;;;;;;;;;;;;;;;;;;;;;;;;;;;;;;;;;;;;;;;;;;;;;;;;;;;;;;;;;;;;;;;;;X;;;;
4004TD0101;4004TD0101;FOUR WAY SELECTOR;OVERHAUL;;;;X;X;X;X;X;;;;;;;;;;;;;X;X;X;X;;;;;;;;;;;;;;;;;;;;;;;;;;;;;;;;;;;;;;;;;;;;;;;;;;;;;;;;;;;;;;;;;;;;;;;;;;X;;;;
4006719904;4006719-904;A P SERVO;;REPAIR;;DNR;X;X;;;;;;;;;;;;;;;;;;;;;;;;;;;;;;;;;;;;;;;;;;;;;;;;;;;;;;;;;;;;;;;;;;;;;;;;;;;;;;;;X;X;;;;;;;;;;;;;X;;;
4006719906;4006719-906;A P SERVO;;OVERHAUL;;DNR;X;X;;;;;;;;;;;;;;;;;;;;;;;;;;;;;;;;;;;;;;;;;;;;X;;;;X;X;;;;;;;;;;;;;;;;;;;;;;;;;;;;;;;X;;;;;;;;;;;;;;X;;;
4006719910;4006719-910;A P SERVO;;OVERHAUL;;;X;X;;;;;;;;;;;;;;;;;;;;;;;;;;;;;;;;;;;;;;;;;;;;X;;;X;;;;;;;;;;;;;;;;;;;;;;;;;;;;;;;;;;;;;;;;;;;;;;;X;;;
4006719913;4006719-913;AP SERVO;;OVERHAUL;;;X;X;;X;;;;;;X;;;;;;;;;;;;;;;;;;;;;;;;;;;;;;;;;;;;X;;;X;;;;;;;;;;;;;;;;;;;;;;;;;;;;;;;;;;;;;;;;;;;;;;;X;;;
4006A;4006A;BATTERY;;OVERHAUL;;;X;;;;;;;;;;X;;;;X;;;;;;;;;;;;;;;;;;;;;;;;;;;;;;;;;;;;;;;;;;;;;;;;;;;;;;;;;;;;;;;;;;;;;;;;;;;;;;;;;X;;;
4008515;4008515;AIRSPEED INDICATOR;;REPAIR;;;X;X;;X;;;;;;;;;;;;;;;;;;;;;;;;;;;;;;;;;;;;;;;;;;X;;;X;;;;;;;;;;;;;;;;;;;;;;;;;;;;;;;;; ;;;;;;;;;;;;;;X;;;
4008519933;4008519-933;COMPUTER;;REPAIR;;;X;X;;;;;;;;X;;;;;;;;;;;;;;;;;;;;;;;;;;;;;;;;;;;;X;;;X;;;;;;;;;;;;;;;;;;;;;;;;;;;;;;;;;;;;;;;;;;;;;;;X;;;
4009901;40099-01;MOTOR, HYDRAULIC;OVERHAUL;;;;X;X;X;X;X;;;;;;;;;;;;;X;;;;;;;;;;;;;;;;;;;;;;;;;;;;;;;;;;;;;;;;;;;;;;;;;;;;;;;;;;;;;;;;;;;;;;;;;;;;;X;;;;
4009904;40099-04;MOTOR-HYDRAULIC;OVERHAUL;;;;X;X;X;X;X;;;;;;;;;;;;;X;;;;;;;;;;;;;;;;;;;;;;;;;;;;;;;;;;;;;;;;;;;;;;;;;;;;;;;;;;;;;;;;;;;;;;;;;;;;;X;;;;
400SG111Q1;400SG111Q-1;STARTER GENERATOR;;OVERHAUL;;;X;X;;X;;;;;;;;;;;;;;;;;;;;;;;;;;;;;;;;;;;;;;;;;;;;;;;;;;;;;;;;;;;;;;;;; ;;;;; ;;;;;;;;X;;;;;;;;;;;;;;X;;;
400SG112Q;400SG112Q;STARTER GENERATOR;;OVERHAUL;;;X;X;;X;;;;;;;;;;;;;;;;;;;;;;;;;;;;;;;;;;;;;;;;;;;;;;;;;;;;;;;;;;;;;;;;; ;;;;; ;;;X;X;;;; ;;;;;;;;;;;;;;X;;;
400SG114Q;400SG114Q;STARTER GENERATOR;;OVERHAUL;;;X;X;;X;;;;;;;;;;;;;;;;;;;;;;;;;;;;;;;;;;;;;;;;;;;;;;;;;;;;;;;;;;;;;;;;; ;;;;; ;;;;;;;;X;;;;;;;;;;;;;;X;;;
400SG115Q;400SG115Q;STARTER GENERATOR;;OVERHAUL;;;X;X;;X;;;;;;;;;;;;;;;;;;;;;;;;;;;;;;;;;;;;;;;;;;;;;;;;;;;;;;;;;;;;;;;;; ;;;;; ;;;;;;;;X;;;;;;;;;;;;;;X;;;
400SG119Q;400SG119Q;STARTER GENERATOR;;OVERHAUL;;;X;X;;X;;;;;;;;;;;;;;;;;;;;;;;;;;;;;;;;;;;;;;;;;;;;;;;;;;;;;;;;;;;;;;;;; ;;;;; ;;;;;;;;X;;;;;;;;;;;;;;X;;;
400SG123Q;400SG123Q;STARTER GENERATOR;;OVERHAUL;;;X;X;;X;;;;;;X;;;;;;;;;;;;;;;;;;;;;;;;;;;;;;;;;;;;;;;;;;;;;;;;;;;;;;;;;;;X;;;;;X;;;;;;;;;;;;;;;;;;;;;;X;;;
400SG134Q;400SG134Q;STARTER GENERATOR;;OVERHAUL;;;X;X;;X;;;;;;;;;;;;;;;;;;;;;;;;;;;;;;;;;;;;;;;;;;;;;;;;;;;;;;;;;;;;;;;;; ;;;;; ;;;;;;;;X;;;;;;;;;;;;;;X;;;
400SG135Q;400SG135Q;STARTER GENERATOR;;OVERHAUL;;;X;X;;X;;;;;;;;;;;;;;;;;;;;;;;;;;;;;;;;;;;;;;;;;;X;;X;;;;;;;;;;;;;;;;;;;;; ;;;;; ;;;;;;;;X;;;;;;;;;;;;;;X;;;
400SG136Q;400SG136Q;STARTER GENERATOR;;OVERHAUL;;;X;X;;X;;;;;;;X;;;;;;;;;;;;;;;;;;;;;;;;;;;;;;;;;;;;;;;;;;;;;;;;;;;;;;;;;; ;;;;; ;;;;;;;;X;;;;;;;;;;;;;;X;;;
400SG137Q;400SG137Q;STARTER GENERATOR;;OVERHAUL;;;X;X;;X;;;;;;;;;;;;;;;;;;;;;;;;;;;;;;;;;;;;;;;;;;;;;;;;;;;;;;;;;;;;;;;;; ;;;;; ;;;;;;;;X;;;;;;;;;;;;;;X;;;
400SG138Q;400SG138Q;STARTER GENERATOR;;OVERHAUL;;;X;X;;X;;;;;;;;;;;;;;;;;;;;;;;;;;;;;;;;;;;;;;;;;;;;;;;;;;;;;;;;;;;;;;;;; ;;;;; ;;;;;;;;X;;;;;;;;;;;;;;X;;;
400SG138Q2;400SG138Q-2;STARTER GENERATOR;;OVERHAUL;;;X;X;;X;;;;;;;;;;;;;;;;;;;;;;;;;;;;;;;;;;;;;;;;;;;;;;;;;;;;;;;;;;;;;;;;; ;;;;; ;;;;;;;;X;;;;;;;;;;;;;;X;;;
400SG139Q;400SG139Q;STARTER GENERATOR;;OVERHAUL;;;X;X;;X;;;;;;;;;;;;;;;;;;;;;;;;;;;;;;;;;;;;;;;;;;;;;;;;;;;;;;;;;;;;;;;;; ;;;;; ;;;;;;;; X;X;;;;;;;;;;;;;X;;;
400SG142Q;400SG142Q;STARTER GENERATOR;;OVERHAUL;;;X;X;;X;;;;;;;;;;;;;;;;;;;;;;;;;;;;;;;;;;;;;;;;;;;;;;;;;;;;;;;;;;;;;;;;; ;;;;; ;;;;;;;;X;;;;;;;;;;;;;;X;;;
400SG143Q1;400SG143Q-1;STARTER GENERATOR;;OVERHAUL;;;X;X;;X;;;;;;;;;;;;;;;;;;;;;;;;;;;;;;;;;;;;;;;;;;;;;;;;;;;;;;;;;;;;;;;;; ;;;;; ;;;;;;;;X;;;;;;;;;;;;;;X;;;
400SG143Q4;400SG143Q-4;STARTER GENERATOR;;OVERHAUL;;;X;X;;X;;;;;;;;;;;;;;;;;;;;;;;;;;;;;;;;;;;;;;;;;;;;;;;;;;;;;;;;;;;;;;;;; ;;;;; ;;;;;;;;X;;;;;;;;;;;;;;X;;;
400SG146Q;400SG146Q;STARTER GENERATOR;;OVERHAUL;;;X;X;;X;;;;;;;;;;;;;;;;;;;;;;;;;;;;;;;;;;;;;;;;;;;;;;;;;;;;;;;;;;;;;;;;; ;;;;; ;;;;;;;;X;;;;;;;;;;;;;;X;;;
400SG147Q;400SG147Q;STARTER GENERATOR;;OVERHAUL;;;X;X;;X;;;;;;;;;;;;;;;;;;;;;;;;;;;;;;;;;;;;;;;;;;;;;;;;;;;;;;;;;;;;;;;;; ;;;;; ;;;;;;;;X;;;;;;;;;;;;;;X;;;
400SG156Q;400SG156Q;STARTER GENERATOR;;OVERHAUL;;;X;X;;X;;;;;;;;;;;;;;;;;;;;;;;;;;;;;;;;;;;;;;;;;;;;;;;;;;;;;;;;;;;;;;;;; ;;;;; ;;;;;;;;X;;;;;;;;;;;;;;X;;;
400SG157Q;400SG157Q;STARTER GENERATOR;;OVERHAUL;;;X;X;;X;;;;;;;;;;;;;;;;;;;;;;;;;;;;;;;;;;;;;;;;;;;;;;;;;;;;;;;;;;;;;;;;; ;;;;; ;;;;;;;;X;;;;;;;;;;;;;;X;;;
400SG158Q;400SG158Q;STARTER GENERATOR;;OVERHAUL;;;X;X;;X;;;;;;;;;;;;;;;;;;;;;;;;;;;;;;;;;;;;;;;;;;;;;;;;;;;;;;;;;;;;;;;;; ;;;;; ;;;;;;;;X;;;;;;;;;;;;;;X;;;
400SG159Q;400SG159Q;STARTER GENERATOR;;OVERHAUL;;;X;X;;X;;;;;;;;;;;;;;;;;;;;;;;;;;;;;;;;;;;;;;;;;;;;;;;;;;;;;;;;;;;;;;;;; ;;;;; ;;;;;;;;X;;;;;;;;;;;;;;X;;;
400SG163Q;400SG163Q;STARTER GENERATOR;;OVERHAUL;;;X;X;;X;;;;;;;;;;;;;;;;;;;;;;;;;;;;;;;;;;;;;;;;;;;;;;;;;;;;;;;;;;;;;;;;;X;;X;;; ;;;;;;;;X;;;;;;;;;;;;;;X;;;
400SG163Q2;400SG163Q-2;STARTER GENERATOR;;OVERHAUL;;;X;X;;X;;;;;;;;;;;;;;;;;;;;;;;;;;;;;;;;;;;;;;;;;;;;;;;;;;;;;;;;;;;;;;;;;X;;X;;; ;;;;;;;;X;;;;;;;;;;;;;;X;;;
400SG165Q;400SG165Q;STARTER GENERATOR;;OVERHAUL;;;X;X;;X;;;;;;;;;;;;;;;;;;;;;;;;;;;;;;;;;;;;;;;;;;;;;;;;;;;;;;;;;;;;;;;;;X;;X;;; ;;;;;;;;X;;;;;;;;;;;;;;X;;;
400SG166Q;400SG166Q;STARTER GENERATOR;;OVERHAUL;;;X;X;;X;;;;;;;;;;;;;;;;;;;;;;;;;;;;;;;;;;;;;;;;;;;;;;;;;;;;;;;;;;;;;;;;; ;;;;; ;;;;;;;;X;;;;;;;;;;;;;;X;;;
400SG168Q;400SG168Q;STARTER GENERATOR;;OVERHAUL;;;X;X;;X;;;;;;;;;;;;;;;;;;;;;;;;;;;;;;;;;;;;;;;;;;;;;;;;;;;;;;;;;;;;;;;;;X;;X;;; ;;;;;;;;X;;;;;;;;;;;;;;X;;;
400SG168Q2;400SG168Q-2;STARTER GENERATOR;;OVERHAUL;;;X;X;;X;;;;;;;;;;;;;;;;;;;;;;;;;;;;;;;;;;;;;;;;;;;;;;;;;;;;;;;;;;;;;;;;;X;;X;;; ;;;;;;;;X;;;;;;;;;;;;;;X;;;
400SG173Q;400SG173Q;STARTER GENERATOR;;OVERHAUL;;;X;X;;X;;;;;;;;;;;;;;;;;;;;;;;;;;;;;;;;;;;;;;;;;;;;;;;;;;;;;;;;;;;;;;;;; ;;;;; ;;;;;;;;X;;;;;;;;;;;;;;X;;;
400SG176Q;400SG176Q;STARTER GENERATOR;;OVERHAUL;;;X;X;;X;;;;;;;;;;;;;;;;;;;;;;;;;;;;;;;;;;;;;;;;;;;;;;;;;;;;;;;;;;;;;;;;; ;;;;; ;;;;;;;;X;;;;;;;;;;;;;;X;;;
40109;40109;ELECTRIC MOTOR DRIVEN VAR DEL HYD PUMP;OVERHAUL;;;;X;X;X;X;X;;;;;;;;;;;;;X;X;X;X;;;;;;;;;;;;;;;;;;;;;;;;;;;;;;;;;;;;;;;;;;;;;;;;;;;;;;;;;;;;;;;;;;;;;;;;;;X;;;;
401091;40109-1;BATTERIE PRINCIPALE;;OVERHAUL;;DNR;X;X;;;;;;;;X;;;;;;;;;;;;;;;;;;;;;;;;;;;;;;;;;;;;;;;;;;;;;;;;;;;;;;;;;;;;;;;;;X;X;;;;;;X;;;;;;;;;;;;;;X;;;
4011026902;4011026-902;BOX;;REPAIR;;DNR;X;X;;;;;;;;;;;;;;;;;;;;;;;;;;;;;;;;;;;;;;;;;;;;;;;;;;;;;;;;;;;;;;;;;;;;;;;;;;;;;;;;X;;;;;;X;;;;;;;;X;;;
40110269021;4011026-902-1;BOX;;REPAIR;;DNR;X;X;;;;;;;;;;;;;;;;;;;;;;;;;;;;;;;;;;;;;;;;;;;;;;;X;;;;;;;;;;;;;;;;;;;;;;;;;;;;;;;;;X;;;;;;X;;;;;;;;X;;;
4011097916;4011097-916;TRIM SERVO MOTOR;;REPAIR;;;X;X;;;;;;;;X;;;;;;;;;;;;;;;;;;;;;;;;;;;;;;;;;;;;X;;;X;;;;;;;;;;;;;;;;;;;;;;;;;;;;;;;;;;;;;;;;;;;;;;;X;;;
4011098901;4011098-901;AIRSPEED NAVIGATION COUPLER;;REPAIR;;;X;X;;X;;;;;;;;;;;;;;;;;;;;;;;;;;;;;;;;;;;;;;;;;;X;;;X;;;;;;;;;;;;;;;;;;;;;;;;;;;;;;;;;;;;;;;;;;;;;;;X;;;
4011257;4011257;LANDING LIGHT;;REPAIR;;;X;;;;;;;;;;;;;;;;;;;;;;;;;;;;;;;;;;;;;;;;;;;;;;;;;;;;X;;;;X;;;;;;;;;;;;;;;;;;;;;;;;;X;;;;;;;;;;;;;;X;;;
4011501;4011501;MOTOR ASSY;OVERHAUL;;;;X;X;X;X;X;;;;;;X;;;;X;X;;;;;;;;;;;;;;;;;;;;;;;;;;;;;;;;;;;;;;;;;;;;;;;;;;;;;;;;;;;;;;;;;;;;;;;;;;;;;;;X;;;;
4011517;4011517;GEARBOX;OVERHAUL;;;;X;X;X;X;X;;;;;;X;;;;;;;;;;;;;;;;;;;;;;;;;;;;;;;;;;;;;;;;;;;;;;;;;;;;;;;;;;;;;;;;;;;;;;;;;;;;;;;;;;;;X;;;;
4011517A;401151-7A;GEARBOX;OVERHAUL;;;;X;X;X;X;X;;;;;;X;;;;;;;;;;;;;;;;;;;;;;;;;;;;;;;;;;;;;;;;;;;;;;;;;;;;;;;;;;;;;;;;;;;;;;;;;;;;;;;;;;;;X;;;;
4011680903;4011680-903;YAW DAMPER CIRCUIT CARD;;REPAIR;;;X;;;;;;;;;;;;;;;;;;;;;;;;;;;;;;;;;;;;;;;;;;;;;X;;;X;;;;;;;;;;;;;;;;;;;;;;;;;;;;;;;;;;;;;;;;;;;;;;;X;;;
4013013913;4013013-913;VERTICAL SPEED INDICATOR;;REPAIR;;DNR;X;X;;X;;;;;;;;;;;;;;;;;;;;;;;;;;;;;;;;;;;;X;X;;;;;;;;;;;;;;;;;;;;;;;;;;;;;;;;;;;;;;;;;;;;;;;;;;;;;;;X;;;
4015113;4015113;PHARE ORIENTABLE;;OVERHAUL;;;X;;;;;;;;;X;X;;;;X;;;;;;;;;;;;;;;;;;;;;;;;;;;;;;;;;;;;;;;;;;;;;;;;;;;;;;;;;;;;;;;;;;;;;;;;;;;;;;;;;X;;;
40157;40157;POMPE-GROUPE, TYPE PMP05V024;OVERHAUL;;;;X;X;X;X;X;;;;;;;;;;;;;X;X;;;;;;;;;;;;;;;;;;;;;;;;;;;;;;;;;;;;;;;;;;;;;;;;;;;;;;;;;;;;;;;;;;;;;;;;;;;;X;;;;
4016341903;4016341-903;ALTIMETER;;REPAIR;;DNR;X;X;;X;;;;;;;;;;;;;;;;;;;;;;;;;;;;;;;;;;;;;;;;;;;;;;;;;;;;;;;;;;;;;;;;;;;;;;;;;;;;;;X;;;;;;;;;;;;;;X;;;
4016341905;4016341-905;ALTIMETER;;REPAIR;;;X;X;;X;;;;;;;;;;;;;;;;;;;;;;;;;;;;;;;;;;;;;;;;;;;;;;;;;;;;;;;;;;;;;;;;;X;;X;;;;;;;;;;;X;;;;;;;;;;;;;;X;;;
4016341906;4016341-906;ALTIMETER;;REPAIR;;DNR;X;X;X;X;X;;;;;;;;;;;;;;;;;;;;;;;;;;;;;;;;;;;X;X;;;;;;;;;;;;;;;;;;;;;;;;;;;;;;;;;;;;;;;;;;;;;;;;;;;;;;;X;;;
4017601;4017601;FIXED DISPLACEMENT HYDRAULIC MOTOR;OVERHAUL;;;;X;X;X;X;X;;;;;;;;;;;;;X;;;;;;;;;;;;;;;;;;;;;;;;;;;;;;;;;;;;;;;;;;;;;;;;;;;;;;;;;;;;;;;;;;;;;;;;;;;;;X;;;;
401767;40176-7;BATTERY;;OVERHAUL;;DNR;X;X;;X;;;;;;;;;;;;;;;;;;;;;;;;X;;;X;;;;;;;;;;;;;;;;;;;;;;;;;;;;;;;;;;;;;;;;;;;;;;;;;;;;;;;;;;;;;;;;;X;;;
4017824;40178-24;BATTERY;;OVERHAUL;;DNR;X;X;;X;;;;;;;;;;;;;;;;;;;;;;;;;;;;;;;;;;;;;;;;;;;;;;;;;;;;;;;;;;;;;;;;;X;;;;;;;;;;;;;X;;;;;;;;;;;;;;X;;;
401797;40179-7;BATTERY;;OVERHAUL;;DNR;X;X;;;;;;;;;;;;;;;;;;;;;;;;;;;;;;;;;;;;;;;;;;;;;;;;;;;;;;;;;;;;;;;;;;;;;;;;;;;;;;;;X;;;;;;;;;;;;;;X;;;
4018001;4018001;ELECTRIC MOTOR DIVEN VARIABLE DELIVERY;OVERHAUL;;;;X;X;X;X;X;;;;;;;;;;;;;X;;X;X;;;;;;;;;;;;;;;;;;;;;;;;;;;;;;;;;;;;;;;;;;;;;;;;;;;;;;;;;;;;;;;;;;;;;;;;;;X;;;;
4019501;4019501;HYD PUMP;;OVERHAUL;;;X;X;X;X;X;;;;;;;;;;;;;;;;;;;;;;;;;;;;;;;;;;;X;X;;;;;;;;;;;;;;;;;;;;;;;;;;;;;;;;;;;;;;;;;;;;;;;;;;;;;;;X;;;
4019501;40195-01;HYD PUMP;;OVERHAUL;;;X;;;;;;;;;;;;;;;;;;;;;;;;;;;;;;;;;;;;;;;X;X;;;;;;;;;;;;;;;;;;;;;;;;;;;;;;;;;;;;;;;;;;;;;;;;;;;;;;;X;;;
4019700902;4019700-902;ATT.DIRECTOR INDICATOR;;REPAIR;;DNR;X;X;;X;;;;;;;;;;;;;;;;;;;;;;;;X;;;;;;;;;;X;;;;;;;;;;;;;;;;;;;;;;;;;;;;;;;;;;;;;;;;;;;;;;;;;;;;;;;;;;X;;;
4019700903;4019700-903;ATT.DIRECTOR INDICATOR;;REPAIR;;DNR;X;X;;X;;;;;;;;;;;;;;;;;;;;;;;;X;;;;;;;;;;X;;;;;;;;;;;;;;;;;;;;;;;;;;;;;;;;;;;;;;;;;;;;;;;;;;;;;;;;;;X;;;
40200;40200;BATTERY;;OVERHAUL;;;X;;;;;;;;;;;;;;;;;;;;;;;;;;;;;;;;;;;;;;;;;;;;;;;;;;;;X;;;;;;;;;;;;;;;;;;;;;;;;;;;;;;;;;;;;;;;;;;;X;;;
402062;40206-2;BATTERY;;OVERHAUL;;DNR;X;X;;;;;;;;;;;;;;;;;;;;;;;;;;;;;;;;;;;;;;;;;;;;;;;;;;;X;;;;X;;;;;;;;;;;;;;;;;;;;;;;;;X;;;;;;;;;;;;;;X;;;
402081;40208-1;BATTERY;OVERHAUL;;;;X;X;X;X;X;;;;;;X;;;;;;; ;;;; ;;;;;;;;;;;;;;;;;;;;;;;;;;;;;;;;;;;;;;;;;;;;;;;;;;;;;;;;;;;;;;;;;;;;;;;;;X;;;;
402082;40208-2;BATTERY;OVERHAUL;;;;X;X;X;X;X;;;;;;X;;;;;;; ;;;; ;;;;;;;;;;;;;;;;;;;;;;;;;;;;;;;;;;;;;;;;;;;;;;;;;;;;;;;;;;;;;;;;;;;;;;;;;X;;;;
40253;40253;BATTERY;;OVERHAUL;;DNR;X;X;;;;;;;;;;;;;;;;;;;;;;;;;;X;;;X;;;;;;;;;;;;;;;;;;;;;;;;;;;;;;;;;;;;;;;;;;;;;;;;;;;;;;;;;;;;;;;;;X;;;
4029516514;4029516-514;CONTROL BOX;;REPAIR;;;X;X;;;;;;;;X;;;;;;;;;;;;;;;;;;;;;;;;;;;;;;;;;;;;X;;;X;;;;;;;;;;;;;;;;;;;;;;;;;;;;;;;;;;;;;;;;;;;;;;;X;;;
40306;40306;BATTERY;;OVERHAUL;;;X;;;;;;;;;;;;;;;;;;;;;;;;;;;;;;;;;;;;;;;;;;;;;;;;;;;;X;X;;;;;;;;;;;;;;;;;;;;;;;;;;;;;;;;;;;;;;;;;;X;;;
403081;40308-1;BATTERY 43AH;OVERHAUL;;;;X;X;X;X;X;;;;;;X;;;;;;;;;;;;;;;;;;;;;;;;;;;;;;;;;;;;;;;;;;;;;;;;;;;;;;;;;;;;;;;;;;;;;;;;;;;;;;;;;;;;X;;;;
4037102;4037102;TAXI TURN-OFF LIGHT;OVERHAUL;;;;X;X;X;X;;;;;;;;;;;;;;X;X;X;X;;;;;;;;;;;;;;;;;;;;;;;;;;;;;;;;;;;;;;;;;;;;;;;;;;;;;;;;;;;;;;;;;;;;;;;;;;X;;;;
4037102D;4037102D;TAXI TURN-OFF LIGHT;OVERHAUL;;;;X;X;X;X;X;;;;;;;;;;;;;X;;;;;;;;;;;;;;;;;;;;;;;;;;;;;;;;;;;;;;;;;;;;;;;;;;;;;;;;;;;;;;;;;;;;;;;;;;;;;X;;;;
4037132;4037132;TAXI TURN-OFF LIGHT;OVERHAUL;;;;X;X;X;X;X;;;;;;;;;;;;;X;X;X;X;;;;;;;;;;;;;;;;;;;;;;;;;;;;;;;;;;;;;;;;;;;;;;;;;;;;;;;;;;;;;;;;;;;;;;;;;;X;;;;
4037132D;4037132D;TAXI TURN-OFF LIGHT;OVERHAUL;;;;X;X;X;X;X;;;;;;;;;;;;;X;;;;;;;;;;;;;;;;;;;;;;;;;;;;;;;;;;;;;;;;;;;;;;;;;;;;;;;;;;;;;;;;;;;;;;;;;;;;;X;;;;
4037132E;4037132E;TAXI TURN-OFF LIGHT;OVERHAUL;;;;X;X;X;X;X;;;;;;;;;;;;;X;;;;;;;;;;;;;;;;;;;;;;;;;;;;;;;;;;;;;;;;;;;;;;;;;;;;;;;;;;;;;;;;;;;;;;;;;;;;;X;;;;
4038930901;4038930-901;INDICATOR;;REPAIR;;DNR;X;X;;X;;;;;;;;;;;;;;;;;;;;;;;;X;;;;;;;;;;X;;;;;;;;;;;;;;;;;;;;;;;;;;;;;;;;;;;;;;;;;;;;;;;;;;;;;;;;;;X;;;
403GC01Y01;403GC01Y01;PROTECTION FEEDER CARD;REPAIR;;;;X;X;X;X;X;;;;;;X;;;;;X;;;;;;;;;;;;;;;;;;;;;;;;;;;;;;;;;;;;;;;;;;;;;;;;;;;;;;;;;;;;;;;;;;;;;;;;;;;;;;;X;;;;
4040831901;4040831-901;PRESSUR CONVERTER;;REPAIR;;;X;X;;X;;;;;;;;;;;;;;;;;;;;;;;;;;;;;;;;;;;;;;;;;;;;;;;;;;;;;;;;;;;;;;;;;;;;;;;;;;;;;;;;;;;;;;X;X;;;;;X;;;
404250;404250;TRANSFER UNIT-PACKAGE HYD;OVERHAUL;;;;X;X;X;X;X;;;;;;;;;;;;;X;X;X;X;;;;;;;;;;;;;;;;;;;;;;;;;;;;;;;;;;;;;;;;;;;;;;;;;;;;;;;;;;;;;;;;;;;;;;;;;;X;;;;
4043912902;4043912-902;CONTROL DISPLAY UNIT;;REPAIR;;DNR;X;X;;X;;;;;;;;;;;;;;;;;;;;;;;;;;;;;;;;;;;;;;;;;;;;;;;;;;;;;;;;;;;;;;;;;;;;;;;;;;;;;;;;;;;;;;X;X;;;;;X;;;
4043912903;4043912-903;CONTROL DISPLAY UNIT;;REPAIR;;DNR;X;X;;X;;;;;;;;;;;;;;;;;;;;;;;;;;;;;;;;;;;;;;;;;;;;;;;;;;;;;;;;;;;;;;;;;;;;;;;;;;;;;;;;;;;;;;X;X;;;;;X;;;
4045053903;4045053-903;AIR DATA COMPUTER;;REPAIR;;DNR;X;X;;X;;;;;;;;;;;;;;;;;;;;;;;;;;;;;;;;;;;;;;;;;;;;;;;;;;;;;;;;;;;;;;;;;;;;;;;;;;;;;;;;;;;;;;X;X;;;;;X;;;
4045053910;4045053-910;AIR DATA COMPUTER;;REPAIR;;DNR;X;X;;X;;;;;;;;;;;;;;;;;;;;;;;;;;;;;;;;;;;;;;;;;;;;;;;;;;;;;;;;;;;;;;;;;;;;;;;;;;;;;;;;;;;;;;X;X;;;;;X;;;
4045053912;4045053-912;AIR DATA COMPUTER;;REPAIR;;DNR;X;X;;X;;;;;;;;;;;;;;;;;;;;;;;;;;;;;;;;;;;;;;;;;;;;;;;;;;;;;;;;;;;;;;;;;;;;;;;;;;;;;;;;;;;;;;X;X;;;;;X;;;
4045053914;4045053-914;AIR DATA COMPUTER;;REPAIR;;DNR;X;X;;X;;;;;;;;;;;;;;;;;;;;;;;;;;;;;;;;;;;;;;;;;;;;;;;;;;;;;;;;;;;;;;;;;;;;;;;;;;;;;;;;;;;;;;X;X;;;;;X;;;
404776;404776;02 CYLINDER - ALU;;OVERHAUL;;;X;;;;;;;;;;;;;;;;;;;;;;;;;;;;;;;;;;;;;;;;;;;;;;;;;;;;;;;;;;;;;;;;;;;;;;;;;;;;;;;;;X;;;;;;;;;;;;;;X;;;
4052502951;4052502-951;FLIGHT MANAGEMENT COMPUTER;;REPAIR;;DNR;X;X;;;;;;;;;;;;;;;;;;;;;;;;;;;;;;;;;;;;;;;;;;;;;;;;;;;;;;;;;;;;;;;;;;;;;;;;;;;;;;;;;;;;;;;;X;X;;;;;X;;;
4052502952;4052502-952;FLIGHT MANAGEMENT COMPUTER;;REPAIR;;DNR;X;X;;;;;;;;;;;;;;;;;;;;;;;;;;;;;;;;;;;;;;;;;;;;;;;;;;;;;;;;;;;;;;;;;;;;;;;;;;;;;;;;;;;;;;;;X;X;;;;;X;;;
4052502953;4052502-953;FLIGHT MANAGEMENT COMPUTER;;REPAIR;;DNR;X;X;;X;;;;;;;;;;;;;;;;;;;;;;;;;;;;;;;;;;;;;;;;;;;;;;;;;;;;;;;;;;;;;;;;;;;;;;;;;;;;;;;;;;;;;;X;X;;;;;X;;;
4052634901;4052634-901;CCA MOTHERBOARD;;REPAIR;;;X;X;;;;;;;;;;;;;;;;;;;;;;;;;;;;;;;;;;;;;;;;;;;;;;;;;;;;;;;;;;;;;;;;;;;;;;;;;;;;;;;;;;;;;;;;X;X;;;;;X;;;
4052800902;4052800-902;CCA;;BENCH TEST;;;X;X;;X;;;;;;;;;;;;;;;;;;;;;;;;;;;;;;;;;;;;;;;;;;;;;;;;;;;;;;;;;;;;;;;;;;;;;;;;;;;;;;;;;;;;;;X;X;;;;;X;;;
40574;40574;ACTUATOR MOTOR SHUTTOFF VALVE;;OVERHAUL;;;X;X;;X;;;;;;;;;;;;;;;;;;;;;;;;X;;;X;;;;;;;;;;;;;;;;;;;;;;;;;;;;;;;;;;;;;;;;;;;;;;;;;;;;;;;;;;;;;;;;;X;;;
405742;40574-2;ACTUATOR MOTOR SHUTTOFF VALVE;;OVERHAUL;;;X;X;;X;;;;;;;;;;;;;;;;;;;;;;;;X;;;X;;;;;;;;;;;;;;;;;;;;;;;;;;;;;;;;;;;;;;;;;;;;;;;;;;;;;;;;;;;;;;;;;X;;;
405744;40574-4;ACTUATOR MOTOR SHUTTOFF VALVE;;OVERHAUL;;;X;X;;X;;;;;;;;;;;;;;;;;;;;;;;;X;;;X;;;;;;;;;;;;;;;;;;;;;;;;;;;;;;;;;;;;;;;;;;;;;;;;;;;;;;;;;;;;;;;;;X;;;
40587;40-587;WHEEL SPEED TRANSDUCER;;REPAIR;;;X;;;;;;;;;X;;;;;;;;;;;;;;;;;;X;;;;;;;;;;;X;;;;;;;;;;;;;;;;;;;;;;;;;;;;;;;;;;;;;;;;;;;;;;;;;;;;;;;;;X;;;
405893;405893;PUMP, MOTOR PACKAGE;OVERHAUL;;;;X;X;X;X;X;;;;;;;;;;;;;X;X;X;X;;;;;;;;;;;;;;;;;;;;;;;;;;;;;;;;;;;;;;;;;;;;;;;;;;;;;;;;;;;;;;;;;;;;;;;;;;X;;;;
4059;4059;BATTERY;OVERHAUL;OVERHAUL;;DNR;X;X;X;X;;;;;;;;;;;;;;X;;;;;;;;X;X;;;;;;;;;;;;;;;;;;;;;;;;;;;;;;;;;;;;;;;;;;;;;;;;;;;;;;;;;;;;;;;;;;;;X;X;;;
405CH;405CH;AIRCRAFT BATTERY;OVERHAUL;;;;X;X;X;X;;;;;;;;;;;;;;X;;;;;;;;X;X;;;;;;;;;;;;;;;;;;;;;;;;;;;;;;;;;;;;;;;;;;;;;;;;;;;;;;;;;;;;;;;;;;;;X;;;;
4065736;4065736;ENGINE AIR INTAKE INSPECTION LIGHT;REPAIR;;;;X;X;X;X;X;;;;;;;;;;;;;X;X;;;;;;;;;;;;;;;;;;;;;;;;;;;;;;;;;;;;;;;;;;;;;;;;;;;;;;;;;;;;;;;;;;;;;;;;;;;;X;;;;
4065743;4065743;ENGINE AIR INTAKE INSPECTION LIGHT;REPAIR;;;;X;X;X;X;X;;;;;;;;;;;;;X;X;;;;;;;;;;;;;;;;;;;;;;;;;;;;;;;;;;;;;;;;;;;;;;;;;;;;;;;;;;;;;;;;;;;;;;;;;;;;X;;;;
4066190901;4066190-901;DIMMING CONTROL PANEL;REPAIR;;;;X;X;X;X;X;;;;;;;;;;;;;;;;;;;;;;;;;;;;;;;;;;;;;;;;;;;;;;;;;;;;;;;;;;;;;;;;;;;;;;;;;;;;;x;;;;;x;;;;;;;;X;;;;
406782;40678-2;MAIN BATTERY;;OVERHAUL;;DNR;X;X;;X;X;;;;;;;;;;;;;;;;;;;;;;;;;;;;;;;;;;;X;X;;;;;;;;;;;;;;;;;;;;;;;;;;;;;;;;;;;;;;;;;;;;;;;;;;;;;;;X;;;
40710106;40710-106;ARTIFICIAL FEEL HYDRO MECHANICAL UNIT;OVERHAUL;;;;X;X;X;X;X;;;;;;;;;;;;;X;X;;;;;;;;;;;;;;;;;;;;;;;;;;;;;;;;;;;;;;;;;;;;;;;;;;;;;;;;;;;;;;;;;;;;;;;;;;;;X;;;;
40710107;40710-107;ARTIFICIAL FEEL HYDRO MECHANICAL UNIT;OVERHAUL;;;;X;X;X;X;X;;;;;;;;;;;;;X;X;;;;;;;;;;;;;;;;;;;;;;;;;;;;;;;;;;;;;;;;;;;;;;;;;;;;;;;;;;;;;;;;;;;;;;;;;;;;X;;;;
40710108;40710-108;ARTIFICIAL FEEL HYDRO MECHANICAL UNIT;OVERHAUL;;;;X;X;X;X;X;;;;;;;;;;;;;X;X;;;;;;;;;;;;;;;;;;;;;;;;;;;;;;;;;;;;;;;;;;;;;;;;;;;;;;;;;;;;;;;;;;;;;;;;;;;;X;;;;
40710230;40710-230;ARTIFICIAL FEEL HYDRO MECHANICAL UNIT;OVERHAUL;;;;X;X;X;X;X;;;;;;;;;;;;;X;;X;X;;;;;;;;;;;;;;;;;;;;;;;;;;;;;;;;;;;;;;;;;;;;;;;;;;;;;;;;;;;;;;;;;;;;;;;;;;X;;;;
40711;4071-1;BATTERY;;OVERHAUL;;DNR;X;X;;;;;;;;;;;;;;;;;;;;;;;;;;;;;;;;;;;;;;;;;;;;;;;;;;;;;;;;;;;;;;;;;;;;;;;;;;;;;;;;X;;;;;;X;;;;;;;;X;;;
40712;4071-2;BATTERIE;;OVERHAUL;;DNR;X;X;;;;;;;;;;;;;;;;;;;;;;;;;;;;;;;;;;;;;;;;;;;;;;;;;;;X;;;;X;;;;;;;;;;;;;;;;;;;;;;;;;X;;;;;;;;;;;;;;X;;;
40720104;40720-104;LEVER ARM, VARIABLE;OVERHAUL;;;;X;X;X;X;X;;;;;;;;;;;;;X;X;;;;;;;;;;;;;;;;;;;;;;;;;;;;;;;;;;;;;;;;;;;;;;;;;;;;;;;;;;;;;;;;;;;;;;;;;;;;X;;;;
40720105;40720-105;LEVER ARM, VARIABLE;OVERHAUL;;;;X;X;X;X;X;;;;;;;;;;;;;X;X;;;;;;;;;;;;;;;;;;;;;;;;;;;;;;;;;;;;;;;;;;;;;;;;;;;;;;;;;;;;;;;;;;;;;;;;;;;;X;;;;
40720106;40720-106;LEVER ARM, VARIABLE;OVERHAUL;;;;X;X;X;X;X;;;;;;;;;;;;;X;;;;;;;;;;;;;;;;;;;;;;;;;;;;;;;;;;;;;;;;;;;;;;;;;;;;;;;;;;;;;;;;;;;;;;;;;;;;;X;;;;
40720107;40720-107;LEVER ARM, VARIABLE;OVERHAUL;;;;X;X;X;X;X;;;;;;;;;;;;;X;X;;;;;;;;;;;;;;;;;;;;;;;;;;;;;;;;;;;;;;;;;;;;;;;;;;;;;;;;;;;;;;;;;;;;;;;;;;;;X;;;;
40761;4076-1;BATTERY;;OVERHAUL;;DNR;X;X;;;;;;;;;;;;;;;;;;;;;;;;;;;;;;;;;;;;;;;;;;;;;;;;;;;;;;;;;;;;;X;;;;;;;;;;;;;;;;;;;X;;;;;;;;;;;;;;X;;;
407610;4076-10;AIRCRAFT BATTERY;OVERHAUL;OVERHAUL;;DNR;X;X;X;X;X;;;;;;;;;;;;;;;;;;;;;;;;;;;;;;;;;;;;;;;;;;;;;;;;;;;;;;;;;;;;;;;;;;;;;;;;;;;;;X;;X;;;;;;;;;;;X;X;;;
407613;4076-13;BATTERY;;OVERHAUL;;DNR;X;X;;;;;;;;;;;;;;;;;;;;;;;;;;;;;;;;;;;;;;;;;;;;;;;;;;;;;;;;;;;;;;;;;;;;;;;;;;;;;;;;X;;;;;;;;;;;;;;X;;;
407618;4076-18;BATTERY;;OVERHAUL;;;X;;;;;;;;;;;;;;;;;;;;;;;;;;;;;;;;;;;;;;;;;;;;;;;;;;;;;;;;;;;;;;;;;;;;;;;;;;;;;;;;;X;;;;;;;;;;;;;;X;;;
407623;4076-23;AIRCRAFT BATTERY;OVERHAUL;;;;X;X;X;X;X;;;;;;;;;;;;;;;;;;;;;;;;;;;;;;;;;;;;;;;;;;;;;;;;;;;;;;;;;;;;;;;;;;;;;;;;;;;;;X;;X;;;;;;;;;;;X;;;;
40769;4076-9;BATTERY;;OVERHAUL;;DNR;X;X;;;;;;;;X;;;;;;;;;;;;;;;;;;;;;;;;;;;;;;;;;;;;X;;X;;;;;;;;;;;;;;;;;;;;;;;;;;;;;;;;;;;;;;;;;;;;;;;;X;;;
4077521;4077521;TAKE-OFF AND TAXI LIGHT;REPAIR;;;;X;X;X;X;X;;;;;;;;;;;;;X;X;;;;;;;;;;;;;;;;;;;;;;;;;;;;;;;;;;;;;;;;;;;;;;;;;;;;;;;;;;;;;;;;;;;;;;;;;;;;X;;;;
4077880960;4077880-960;MCDU-MULTIPURPOSE CONT & DISP UNIT;REPAIR;;;;X;X;X;X;X;;;;;;;;;;;;;X;;;;;;X;;;;;;;;;;;;;;;;;;;;;;;;;;;;;;;;;;;;;;;;;;;;;;;;;;;;;;;;;;;;;;;;;;;;;;;X;;;;
4077880961;4077880-961;MCDU-MULTIPURPOSE CONT & DISP UNIT;REPAIR;;;;X;X;X;X;X;;;;;;;;;;;;;X;;;;;;X;;;;;;;;;;;;;;;;;;;;;;;;;;;;;;;;;;;;;;;;;;;;;;;;;;;;;;;;;;;;;;;;;;;;;;;X;;;;
4077880962;4077880-962;MCDU-MULTIPURPOSE CONT & DISP UNIT;REPAIR;;;;X;X;X;X;X;;;;;;;;;;;;;X;;;;;;X;;;;;;;;;;;;;;;;;;;;;;;;;;;;;;;;;;;;;;;;;;;;;;;;;;;;;;;;;;;;;;;;;;;;;;;X;;;;
4077880980;4077880-980;MCDU-MULTIPURPOSE CONT & DISP UNIT;REPAIR;;;;X;X;X;X;X;;;;;;;;;;;;;X;;;;;;X;;;;;;;;;;;;;;;;;;;;;;;;;;;;;;;;;;;;;;;;;;;;;;;;;;;;;;;;;;;;;;;;;;;;;;;X;;;;
4077880981;4077880-981;MCDU-MULTIPURPOSE CONT & DISP UNIT;REPAIR;;;;X;X;X;X;X;;;;;;;;;;;;;X;;;;;;X;;;;;;;;;;;;;;;;;;;;;;;;;;;;;;;;;;;;;;;;;;;;;;;;;;;;;;;;;;;;;;;;;;;;;;;X;;;;
4077880982;4077880-982;MCDU-MULTIPURPOSE CONT & DISP UNIT;REPAIR;;;;X;X;X;X;X;;;;;;;;;;;;;X;;;;;;X;;;;;;;;;;;;;;;;;;;;;;;;;;;;;;;;;;;;;;;;;;;;;;;;;;;;;;;;;;;;;;;;;;;;;;;X;;;;
40782;4078-2;MAIN BATTERY;;OVERHAUL;;DNR;X;X;;X;X;;;;;;;;;;;;;;;;;;;;;;;;;;;;;;;;;;;X;X;;;;;;;;;;;;;;;;;;;;;;;;;;;;;;;;;;;;;;;;;;;;;;;;;;;;;;;X;;;
407824;4078-24;BATTERY (MODEL 4078-3);;OVERHAUL;;DNR;X;X;;X;;;;;;;;;;;;;;;;;;;;;;;;;;;;;;;;;;;;;;;;;;;;;;;;;;;;;;;;;;;;;;;;;X;;;;;;;;;;;;;X;;;;;;;;;;;;;;X;;;
40783;4078-3;BATTERY;;OVERHAUL;;DNR;X;X;;X;;;;;;;;;;;;;;;;;;;;;;;;;;;;;;;;;;;;;;;;;;;;;;;;;;;;;;;;;;;;;;;;;X;;;;;;;;;;;;;X;;;;;;;;;;;;;;X;;;
4079B000;4079B000;FLOW CONTROL VALVE;OVERHAUL;;;;X;X;X;X;X;;;;;;;;;;;;;;;;;;;;;;;;;;;;;;;;;;;;;;;;;;;;;;;;;;;;;;;;;;;;;;;;;;;;;;;;;;;;;X;;;;;X;;;;;;;;X;;;;
4099414;4099414;GEAR-REDUCED MOTOR;OVERHAUL;;;;X;X;X;X;X;;;;;;;;;;;;;X;X;X;X;;;;;;;;;;;;;;;;;;;;;;;;;;;;;;;;;;;;;;;;;;;;;;;;;;;;;;;;;;;;;;;;;;;;;;;;;;X;;;;
409CH2;409CH2;AIRCRAFT BATTERY;OVERHAUL;;;;X;X;X;X;;;;;;;X;;;X;;;;;;;;;;;;;;;;;;;;;;;;;;;;;;;;;;;;;;;;;;;;;;;;;;;;;;;;;;;;;;;;;;;;;;;;;;;;;;;;;X;;;;
40E183;40E18-3;VALVE;;OVERHAUL;;;X;X;;X;;;;;;;;;;;;;;;;;;;;;;;;;;;;;;;;;;;;;;;;;;;;;;;;;;;;;;;;;;;;;;;;;;;;;;;;;;;;;;;;;;;;;;X;X;;;;;X;;;
41006281;4100628-1;STARTER MOTOR HYDRAULIC;OVERHAUL;;;;X;;;;;;;;;X;;;;;;;;;;;;;;;;;;X;;;;;;;;;;;X;;;;;;;;;;;;;;;;;;;;;;;;;;;;;;;;;;;;;;;;;;;;;;;;;;;;;;;;X;;;;
4110001127;411-0001-127;COFFEE MAKER;REPAIR;;;;X;X;X;X;X;;;;;;;;;;;;;X;;;;;;;;;;;;;;;;;;;;;;;;;;;;;;;;;;;;;;;;;;;;;;;;;;;;;;;;;;;;;;;;;;;;;;;;;;;;;X;;;;
4110001131;411-0001-131;COFFEE MAKER;REPAIR;;;;X;X;X;X;;;;;;;;;;;;;;X;;;;;;;;;;;;;;;;;;;;;;;;;;;;;;;;;;;;;;;;;;;;;;;;;;;;;;;;;;;;;;;;;;;;;;;;;;;;;X;;;;
4110001133;411-0001-133;COFFEE MAKER;REPAIR;;;;X;X;X;X;X;;;;;;;;;;;;;X;;;;;;;;;;;;;;;;;;;;;;;;;;;;;;;;;;;;;;;;;;;;;;;;;;;;;;;;;;;;;;;;;;;;;;;;;;;;;X;;;;
4110001135;411-0001-135;COFFEE MAKER;OVERHAUL;;;;X;X;X;X;X;;;;;;;;;;;;;X;X;X;X;X;X;X;X;X;X;X;;;;;X;;;X;;;;;;;;;;;;;;;;;;;;;;;;;;;;;;;;;;;;;;;;;;;;;;;;;;;;;;;;;;;X;;;;
4110001137;411-0001-137;COFFEE MAKER;OVERHAUL;;;;X;X;X;X;X;;;;;;;;;;;;;X;X;X;X;X;X;X;X;X;X;X;;;;;X;X;X;;;;;;;;;;;;;;;;;;;;;;;;;;;;;;;;;;;;;;;;;;;;;;;;;;;;;;;;;;;;X;;;;
4110001139;411-0001-139;COFFEE MAKER;OVERHAUL;;;;X;X;X;X;X;;;;;;;;;;;;;X;;;;;;X;X;;;X;;;X;;X;;X;X;;;;;;;;;;;;;;;;;;;;;;;;;;;;;;;;;;;;;;;;;;;;;;;;;;;;;;;;;;;X;;;;
4110001141;411-0001-141;COFFEE MAKER (FR);OVERHAUL;;;;X;X;X;X;X;;;;;;;;;;;;;X;X;;;;X;X;X;X;X;X;;;;;X;;X;X;;;;;;;;;;;;;;;;;;;;;;;;;;;;;;;;;;;;;;;;;;;;;;;;;;;;;;;;;;;X;;;;
4110001143;411-0001-143;COFFEE MAKER;OVERHAUL;;;;X;X;X;X;X;;;;;;;;;;;;;X;;;;;;;;;;X;;;;;;X;X;;;;;;;;;;;;;;;;;;;;;;;;;;;;;;;;;;;;;;;;;;;;;;;;;;;;;;;;;;;;X;;;;
4110001147;411-0001-147;COFFEE MAKER;OVERHAUL;;;;X;X;X;X;X;;;;;;;;;;;;;X;;;;;;;;;;;;;;;;;;;;;;;;;;;;;;;;;;;;;;;;;;;;;;;;;;;;;;;;;;;;;;;;;;;;;;;;;;;;;X;;;;
41173A02;41173A02;VALVE;;REPAIR;;;X;X;;;;;;;;;;;;;;;;;;;;;;;;;;;;;;;;;;;;;;X;X;;;;;;;;;;;;;;;;;;;;;;;;;;;;;;;;;;;;;;;;;;;;;;;;;;;;;;;X;;;
41173B01;41173B01;RAM AIR VALVE;;REPAIR;;;X;X;;;;;;;;;;;;;;;;;;;;;;;;;;;;;;;;;;;;;;X;X;;;;;;;;;;;;;;;;;;;;;;;;;;;;;;;;;;;;;;;;;;;;;;;;;;;;;;;X;;;
41173C010000;41173C010000;RAM AIR VALVE;;OVERHAUL;;;X;X;;X;;;;;;;;;;;;;;;;;;;;;;;;;;;;;;;;;;;;X;X;;;;;;;;;;;;;;;;;;;;;;;;;;;;;;;;;;;;;;;;;;;;;;;;;;;;;;;X;;;
41282;4128-2;CENTERING UNIT;;REPAIR;;;X;X;X;X;X;;;;;;;;;;;;;;;;;;;;;;;;;;;;;;;;;;;X;X;;;;;;;;;;;;;;;;;;;;;;;;;;;;;;;;;;;;;;;;;;;;;;;;;;;;;;;X;;;
4129RA;4129RA;NOSE WHEEL STEERING VALVE;OVERHAUL;;;;X;X;X;X;X;;;;;;;;;;;;;;;;;;;;;;;X;;;X;;;;;;;;;;;;;;;;;;;;;;;;;;;;;;;;;;;;;;;;;;;;;;;;;;;;;;;;;;;;;;;;X;;;;
4129RA1;4129RA1;NOSE WHEEL STEERING VALVE;OVERHAUL;;;;X;X;X;X;X;;;;;;;;;;;;;;;;;;;;;;;X;;;X;;;;;;;;;;;;;;;;;;;;;;;;;;;;;;;;;;;;;;;;;;;;;;;;;;;;;;;;;;;;;;;;X;;;;
4129RA10;4129RA10;NOSE WHEEL STEERING VALVE;OVERHAUL;;;;X;X;X;X;X;;;;;;;;;;;;;;;;;;;;;;;X;;;X;;;;;;;;;;;;;;;;;;;;;;;;;;;;;;;;;;;;;;;;;;;;;;;;;;;;;;;;;;;;;;;;X;;;;
4129RA2;4129RA2;NOSE WHEEL STEERING VALVE;OVERHAUL;;;;X;X;X;X;X;;;;;;;;;;;;;;;;;;;;;;;X;;;X;;;;;;;;;;;;;;;;;;;;;;;;;;;;;;;;;;;;;;;;;;;;;;;;;;;;;;;;;;;;;;;;X;;;;
4129RA3;4129RA3;NOSE WHEEL STEERING VALVE;OVERHAUL;;;;X;X;X;X;X;;;;;;;;;;;;;;;;;;;;;;;X;;;X;;;;;;;;;;;;;;;;;;;;;;;;;;;;;;;;;;;;;;;;;;;;;;;;;;;;;;;;;;;;;;;;X;;;;
4129RA4;4129RA4;NOSE WHEEL STEERING VALVE;OVERHAUL;;;;X;X;X;X;X;;;;;;;;;;;;;;;;;;;;;;;X;;;X;;;;;;;;;;;;;;;;;;;;;;;;;;;;;;;;;;;;;;;;;;;;;;;;;;;;;;;;;;;;;;;;X;;;;
4129RA5;4129RA5;NOSE WHEEL STEERING VALVE;OVERHAUL;;;;X;X;X;X;X;;;;;;;;;;;;;;;;;;;;;;;X;;;X;;;;;;;;;;;;;;;;;;;;;;;;;;;;;;;;;;;;;;;;;;;;;;;;;;;;;;;;;;;;;;;;X;;;;
4129RA6;4129RA6;NOSE WHEEL STEERING VALVE;OVERHAUL;;;;X;X;X;X;X;;;;;;;;;;;;;;;;;;;;;;;X;;;X;;;;;;;;;;;;;;;;;;;;;;;;;;;;;;;;;;;;;;;;;;;;;;;;;;;;;;;;;;;;;;;;X;;;;
4129RA7;4129RA7;NOSE WHEEL STEERING VALVE;OVERHAUL;;;;X;X;X;X;X;;;;;;;;;;;;;;;;;;;;;;;X;;;X;;;;;;;;;;;;;;;;;;;;;;;;;;;;;;;;;;;;;;;;;;;;;;;;;;;;;;;;;;;;;;;;X;;;;
4129RA8;4129RA8;NOSE WHEEL STEERING VALVE;OVERHAUL;;;;X;X;X;X;X;;;;;;;;;;;;;;;;;;;;;;;X;;;X;;;;;;;;;;;;;;;;;;;;;;;;;;;;;;;;;;;;;;;;;;;;;;;;;;;;;;;;;;;;;;;;X;;;;
4129RA9;4129RA9;VALVE, STEERING METERING NOSEW;OVERHAUL;;;;X;X;X;X;X;;;;;;;;;;;;;;;;;;;;;;;X;;;X;;;;;;;;;;;;;;;;;;;;;;;;;;;;;;;;;;;;;;;;;;;;;;;;;;;;;;;;;;;;;;;;X;;;;
41300011;413-0001-1;WATER HEATER;REPAIR;;;;X;X;X;X;X;;;;;;;;;;;;;X;X;X;X;;;X;;;;;;;;;;;;;;;;;;;;;;;;;;;;;;;;;;;;;;;;;;;;;;;;;;;;;;;;;;;;;;;;;;;;;;;X;;;;
413438;413438;02 CYLINDER - ACIER;;OVERHAUL;;;X;;;;;;;;;;;;;;;;;;;;;;;;;;;;;;;;;;;;;;;;;;;;;;;;;;;;;;;;;;;;;;;;;;;;;;;;;;;;;;;;;X;;;;;;;;;;;;;;X;;;
414470;414470;PUMP ASSY MOTOR DRIVEN;OVERHAUL;;;;X;X;X;X;X;;;;;;;;;;;;;X;X;X;X;;;;;;;;;;;;;;;;;;;;;;;;;;;;;;;;;;;;;;;;;;;;;;;;;;;;;;;;;;;;;;;;;;;;;;;;;;X;;;;
4155959;4155959;WIPER HEAD;REPAIR;;;;X;X;X;X;X;;;;;;;;;;;;;X;X;X;X;;;;;;;;;;;;;;;;;;;;;;;;;;;;;;;;;;;;;;;;;;;;;;;;;;;;;;;;;;;;;;;;;;;;;;;;;;X;;;;
4156091;4156091;WIPER HEAD;REPAIR;;;;X;X;X;X;X;;;;;;;;;;;;;X;X;X;X;;;;;;;;;;;;;;;;;;;;;;;;;;;;;;;;;;;;;;;;;;;;;;;;;;;;;;;;;;;;;;;;;;;;;;;;;;X;;;;
4156783;4156783;WINDSHIELD WIPER SYSTEM;REPAIR;;;;X;X;X;X;X;;;;;;;;;;;;;X;;;;;;;;;;;;;;;;;;;;;;;;;;;;;;;;;;;;;;;;;;;;;;;;;;;;;;;;;;;;;;;;;;;;;;;;;;;;;X;;;;
41600011;416-0001-1;COFFEE MAKER  (B/E AEROSPACE);REPAIR;;;;X;X;X;X;X;;;;;;;;;;;;;X;X;X;X;X;X;X;X;X;X;;;;;;;;;;;;;;;;;;;;;;;;;;;;;;;;;;;;;;;;;;;;;;;;;;;;;;;;;;;;;;;;;;;;X;;;;
416000113;416-0001-13;COFFEE MAKER  (B/E AEROSPACE);REPAIR;;;;X;X;X;X;X;;;;;;;;;;;;;X;X;X;X;X;X;X;X;X;X;;;;;;;;;;;;;;;;;;;;;;;;;;;;;;;;;;;;;;;;;;;;;;;;;;;;;;;;;;;;;;;;;;;;X;;;;
416000115;416-0001-15;COFFEE MAKER  (B/E AEROSPACE);REPAIR;;;;X;X;X;X;X;;;;;;;;;;;;;X;X;X;X;X;X;X;X;X;X;;;;;;;;;;;;;;;;;;;;;;;;;;;;;;;;;;;;;;;;;;;;;;;;;;;;;;;;;;;;;;;;;;;;X;;;;
416000117;416-0001-17;COFFEE MAKER  (B/E AEROSPACE);REPAIR;;;;X;X;X;X;X;;;;;;;;;;;;;X;X;X;X;X;X;X;X;X;X;;;;;;;;;;;;;;;;;;;;;;;;;;;;;;;;;;;;;;;;;;;;;;;;;;;;;;;;;;;;;;;;;;;;X;;;;
416000119;416-0001-19;COFFEE MAKER  (B/E AEROSPACE);REPAIR;;;;X;X;X;X;X;;;;;;;;;;;;;X;X;X;X;X;X;X;X;X;X;;;;;;;;;;;;;;;;;;;;;;;;;;;;;;;;;;;;;;;;;;;;;;;;;;;;;;;;;;;;;;;;;;;;X;;;;
41600011P;416-0001-1P;COFFEE MAKER  (B/E AEROSPACE);REPAIR;;;;X;X;X;X;X;;;;;;;;;;;;;X;X;X;X;X;X;X;X;X;X;;;;;;;;;;;;;;;;;;;;;;;;;;;;;;;;;;;;;;;;;;;;;;;;;;;;;;;;;;;;;;;;;;;;X;;;;
416000121;416-0001-21;COFFEE MAKER  (B/E AEROSPACE);REPAIR;;;;X;X;X;X;X;;;;;;;;;;;;;X;X;X;X;X;X;X;X;X;X;;;;;;;;;;;;;;;;;;;;;;;;;;;;;;;;;;;;;;;;;;;;;;;;;;;;;;;;;;;;;;;;;;;;X;;;;
416000123;416-0001-23;COFFEE MAKER  (B/E AEROSPACE);REPAIR;;;;X;X;X;X;X;;;;;;;;;;;;;X;X;X;X;X;X;X;X;X;X;;;;;;;;;;;;;;;;;;;;;;;;;;;;;;;;;;;;;;;;;;;;;;;;;;;;;;;;;;;;;;;;;;;;X;;;;
416000125;416-0001-25;COFFEE MAKER  (B/E AEROSPACE);REPAIR;;;;X;X;X;X;X;;;;;;;;;;;;;X;X;X;X;X;X;X;X;X;X;;;;;;;;;;;;;;;;;;;;;;;;;;;;;;;;;;;;;;;;;;;;;;;;;;;;;;;;;;;;;;;;;;;;X;;;;
416000127;416-0001-27;COFFEE MAKER;REPAIR;;;;X;X;X;X;X;;;;;;;;;;;;;X;;;;;;X;;;;X;;;X;;;;X;;;;;;;;;;;;;;;;;;;;;;;;;;;;;;;;;;;;;;;;;;;;;;;;;;;;;;;;;;;;X;;;;
416000129;416-0001-29;COFFEE MAKER  (B/E AEROSPACE);REPAIR;;;;X;X;X;X;X;;;;;;;;;;;;;X;X;X;X;X;X;X;X;X;X;;;;;;;;;;;;;;;;;;;;;;;;;;;;;;;;;;;;;;;;;;;;;;;;;;;;;;;;;;;;;;;;;;;;X;;;;
41600013;416-0001-3;COFFEE MAKER  (B/E AEROSPACE);REPAIR;;;;X;X;X;X;X;;;;;;;;;;;;;X;X;X;X;X;X;X;X;X;X;;;;;;;;;;;;;;;;;;;;;;;;;;;;;;;;;;;;;;;;;;;;;;;;;;;;;;;;;;;;;;;;;;;;X;;;;
416000135;416-0001-35;COFFEE MAKER  (B/E AEROSPACE);REPAIR;;;;X;X;X;X;X;;;;;;;;;;;;;X;X;X;X;X;X;X;X;X;X;;;;;;;;;;;;;;;;;;;;;;;;;;;;;;;;;;;;;;;;;;;;;;;;;;;;;;;;;;;;;;;;;;;;X;;;;
416000139;416-0001-39;COFFEE MAKER  (B/E AEROSPACE);REPAIR;;;;X;X;X;X;X;;;;;;;;;;;;;X;X;X;X;X;X;X;X;X;X;;;;;;;;;;;;;;;;;;;;;;;;;;;;;;;;;;;;;;;;;;;;;;;;;;;;;;;;;;;;;;;;;;;;X;;;;
416000141;416-0001-41;COFFEE MAKER  (B/E AEROSPACE);REPAIR;;;;X;X;X;X;X;;;;;;;;;;;;;X;X;X;X;X;X;X;X;X;X;;;;;;;;;;;;;;;;;;;;;;;;;;;;;;;;;;;;;;;;;;;;;;;;;;;;;;;;;;;;;;;;;;;;X;;;;
416000145;416-0001-45;COFFEE MAKER  (B/E AEROSPACE);REPAIR;;;;X;X;X;X;X;;;;;;;;;;;;;X;X;X;X;X;X;X;X;X;X;;;;;;;;;;;;;;;;;;;;;;;;;;;;;;;;;;;;;;;;;;;;;;;;;;;;;;;;;;;;;;;;;;;;X;;;;
416000147;416-0001-47;COFFEE MAKER  (B/E AEROSPACE);REPAIR;;;;X;X;X;X;X;;;;;;;;;;;;;X;X;X;X;X;X;X;X;X;X;;;;;;;;;;;;;;;;;;;;;;;;;;;;;;;;;;;;;;;;;;;;;;;;;;;;;;;;;;;;;;;;;;;;X;;;;
416000149;416-0001-49;COFFEE MAKER  (B/E AEROSPACE);REPAIR;;;;X;X;X;X;X;;;;;;;;;;;;;X;X;X;X;X;X;X;X;X;X;;;;;;;;;;;;;;;;;;;;;;;;;;;;;;;;;;;;;;;;;;;;;;;;;;;;;;;;;;;;;;;;;;;;X;;;;
41600015;416-0001-5;COFFEE MAKER  (B/E AEROSPACE);REPAIR;;;;X;X;X;X;X;;;;;;;;;;;;;X;X;X;X;X;X;X;X;X;X;;;;;;;;;;;;;;;;;;;;;;;;;;;;;;;;;;;;;;;;;;;;;;;;;;;;;;;;;;;;;;;;;;;;X;;;;
41600017;416-0001-7;COFFEE MAKER  (B/E AEROSPACE);REPAIR;;;;X;X;X;X;X;;;;;;;;;;;;;X;X;X;X;X;X;X;X;X;X;;;;;;;;;;;;;;;;;;;;;;;;;;;;;;;;;;;;;;;;;;;;;;;;;;;;;;;;;;;;;;;;;;;;X;;;;
41600019;416-0001-9;COFFEE MAKER  (B/E AEROSPACE);REPAIR;;;;X;X;X;X;X;;;;;;;;;;;;;X;X;X;X;X;X;X;X;X;X;;;;;;;;;;;;;;;;;;;;;;;;;;;;;;;;;;;;;;;;;;;;;;;;;;;;;;;;;;;;;;;;;;;;X;;;;
41610011;416-1001-1;COFFEE MAKER,;OVERHAUL;;;;X;X;X;X;X;;;;;;;;;;;;;X;;;;;;X;X;X;X;;;;;;;;;;;;;;;;;;;;;;;;;;;;;;;;;;;;;;;;;;;;;;;;;;;;;;;;;;;;;;;;;;;;X;;;;
416100113;416-1001-13;COFFEE MAKER,;OVERHAUL;;;;X;X;X;X;X;;;;;;;;;;;;;X;;;;;;X;X;X;X;;;;;;;;;;;;;;;;;;;;;;;;;;;;;;;;;;;;;;;;;;;;;;;;;;;;;;;;;;;;;;;;;;;;X;;;;
416100115;416-1001-15;COFFEE MAKER,;OVERHAUL;;;;X;X;X;X;X;;;;;;;;;;;;;X;;;;;;X;X;X;X;;;;;;;;;;;;;;;;;;;;;;;;;;;;;;;;;;;;;;;;;;;;;;;;;;;;;;;;;;;;;;;;;;;;X;;;;
416100117;416-1001-17;COFFEE MAKER,;OVERHAUL;;;;X;X;X;X;X;;;;;;;;;;;;;X;;;;;;X;X;X;X;;;;;;;;;;;;;;;;;;;;;;;;;;;;;;;;;;;;;;;;;;;;;;;;;;;;;;;;;;;;;;;;;;;;X;;;;
416100119;416-1001-19;COFFEE MAKER,;OVERHAUL;;;;X;X;X;X;X;;;;;;;;;;;;;X;;;;;;X;X;X;X;;;;;;;;;;;;;;;;;;;;;;;;;;;;;;;;;;;;;;;;;;;;;;;;;;;;;;;;;;;;;;;;;;;;X;;;;
41610011P;416-1001-1P;COFFEE MAKER,;OVERHAUL;;;;X;X;X;X;X;;;;;;;;;;;;;X;;;;;;X;X;X;X;;;;;;;;;;;;;;;;;;;;;;;;;;;;;;;;;;;;;;;;;;;;;;;;;;;;;;;;;;;;;;;;;;;;X;;;;
416100121;416-1001-21;COFFEE MAKER,;OVERHAUL;;;;X;X;X;X;X;;;;;;;;;;;;;X;;;;;;X;X;X;X;;;;;;;;;;;;;;;;;;;;;;;;;;;;;;;;;;;;;;;;;;;;;;;;;;;;;;;;;;;;;;;;;;;;X;;;;
416100123;416-1001-23;COFFEE MAKER,;OVERHAUL;;;;X;X;X;X;X;;;;;;;;;;;;;X;;;;;;X;X;X;X;;;;;;;;;;;;;;;;;;;;;;;;;;;;;;;;;;;;;;;;;;;;;;;;;;;;;;;;;;;;;;;;;;;;X;;;;
416100125;416-1001-25;COFFEE MAKER,;OVERHAUL;;;;X;X;X;X;X;;;;;;;;;;;;;X;;;;;;X;X;X;X;;;;;;;;;;;;;;;;;;;;;;;;;;;;;;;;;;;;;;;;;;;;;;;;;;;;;;;;;;;;;;;;;;;;X;;;;
416100129;416-1001-29;COFFEE MAKER,;OVERHAUL;;;;X;X;X;X;X;;;;;;;;;;;;;X;;;;;;X;X;X;X;;;;;;;;;;;;;;;;;;;;;;;;;;;;;;;;;;;;;;;;;;;;;;;;;;;;;;;;;;;;;;;;;;;;X;;;;
41610013;416-1001-3;COFFEE MAKER,;OVERHAUL;;;;X;X;X;X;X;;;;;;;;;;;;;X;;;;;;X;X;X;X;;;;;;;;;;;;;;;;;;;;;;;;;;;;;;;;;;;;;;;;;;;;;;;;;;;;;;;;;;;;;;;;;;;;X;;;;
416100135;416-1001-35;COFFEE MAKER,;OVERHAUL;;;;X;X;X;X;X;;;;;;;;;;;;;X;;;;;;X;X;X;X;;;;;;;;;;;;;;;;;;;;;;;;;;;;;;;;;;;;;;;;;;;;;;;;;;;;;;;;;;;;;;;;;;;;X;;;;
416100139;416-1001-39;COFFEE MAKER,;OVERHAUL;;;;X;X;X;X;X;;;;;;;;;;;;;X;;;;;;X;X;X;X;;;;;;;;;;;;;;;;;;;;;;;;;;;;;;;;;;;;;;;;;;;;;;;;;;;;;;;;;;;;;;;;;;;;X;;;;
416100141;416-1001-41;COFFEE MAKER,;OVERHAUL;;;;X;X;X;X;X;;;;;;;;;;;;;X;;;;;;X;X;X;X;;;;;;;;;;;;;;;;;;;;;;;;;;;;;;;;;;;;;;;;;;;;;;;;;;;;;;;;;;;;;;;;;;;;X;;;;
416100145;416-1001-45;COFFEE MAKER,;OVERHAUL;;;;X;X;X;X;X;;;;;;;;;;;;;X;;;;;;X;X;X;X;;;;;;;;;;;;;;;;;;;;;;;;;;;;;;;;;;;;;;;;;;;;;;;;;;;;;;;;;;;;;;;;;;;;X;;;;
416100147;416-1001-47;COFFEE MAKER,;OVERHAUL;;;;X;X;X;X;X;;;;;;;;;;;;;X;;;;;;X;X;X;X;;;;;;;;;;;;;;;;;;;;;;;;;;;;;;;;;;;;;;;;;;;;;;;;;;;;;;;;;;;;;;;;;;;;X;;;;
416100149;416-1001-49;COFFEE MAKER,;OVERHAUL;;;;X;X;X;X;X;;;;;;;;;;;;;X;;;;;;X;X;X;X;;;;;;;;;;;;;;;;;;;;;;;;;;;;;;;;;;;;;;;;;;;;;;;;;;;;;;;;;;;;;;;;;;;;X;;;;
41610015;416-1001-5;COFFEE MAKER,;OVERHAUL;;;;X;X;X;X;X;;;;;;;;;;;;;X;;;;;;X;X;X;X;;;;;;;;;;;;;;;;;;;;;;;;;;;;;;;;;;;;;;;;;;;;;;;;;;;;;;;;;;;;;;;;;;;;X;;;;
41610017;416-1001-7;COFFEE MAKER,;OVERHAUL;;;;X;X;X;X;X;;;;;;;;;;;;;X;;;;;;X;X;X;X;;;;;;;;;;;;;;;;;;;;;;;;;;;;;;;;;;;;;;;;;;;;;;;;;;;;;;;;;;;;;;;;;;;;X;;;;
41610019;416-1001-9;COFFEE MAKER,;OVERHAUL;;;;X;X;X;X;X;;;;;;;;;;;;;X;;;;;;X;X;X;X;;;;;;;;;;;;;;;;;;;;;;;;;;;;;;;;;;;;;;;;;;;;;;;;;;;;;;;;;;;;;;;;;;;;X;;;;
416226;416226;AIRCRAFT BATTERY;OVERHAUL;;;;X;X;X;X;X;;;;;;X;;;;;;;;;;;;;;;;;;;;;;;;;;;;;;;;;;;;;;;;;;;;;;;;;;;;;;;;;;;;;;;;;;;;;;;;;;;;;;;;;;;;X;;;;
4168748;4168748;RETRACTABLE LIGHT;OVERHAUL;;;;X;X;X;X;X;;;;;;X;;X;X;;;;;;;;;;;;;;;;;;;;;;;;;;;;;;;;;;;;;;;;;;;;;;;;;;;;;;;;;;;;;;;;;;;;;;;;;;;;;;;;;X;;;;
4168762;4168762;SEARCHLIGHT;OVERHAUL;;;;X;X;X;X;X;;;;;;X;X;;X;;X;;;;;;;;;;;;;;;;;;;;;;;;;;;;;;;;;;;;;;;;;;;;;;;;;;;;;;;;;;;;;;;;;;;;;;;;;;;;;;;X;;;;
4170003620;4170003620;BRAKE TEMPERATURE TRANSMITTER;;BENCH TEST;;;X;X;;X;;;;;;;;;;;;;;;;;;;;;;;;;;;;;;;;;;;;X;;;;X;;;;;;;;;;;;;;;;;;;;;;;;;;;;;;;;;;;;;;;;;;;;;;;;;;;;X;;;
4170003630;4170003630;BRAKE TEMPERATURE TRANSMITTER;;BENCH TEST;;;X;X;;X;;;;;;;;;;;;;;;;;;;;;;;;;;;;;;;;;;;;X;;;;X;;;;;;;;;;;;;;;;;;;;;;;;;;;;;;;;;;;;;;;;;;;;;;;;;;;;X;;;
4171072;4171072;RETRACTABLE LIGHT;REPAIR;;;;X;X;X;X;X;;;X;;;X;;X;;;;;;;;;;;;;;;;;;;;;;;;;;;;;;;;;;;;;;;;;;;;;;;;;;;;;;;;;;;;;;;;;;;;;;;;;;;;;;;;;;X;;;;
4173763;4173763;RETRACTABLE LANDING LIGHT;REPAIR;;;;X;X;X;X;X;;;;;;;;;;;;;X;X;;;;;;;;;;;;;;;;;;;;;;;;;;;;;;;;;;;;;;;;;;;;;;;;;;;;;;;;;;;;;;;;;;;;;;;;;;;;X;;;;
4173763B;4173763B;RETRACTABLE LANDING LIGHT;REPAIR;;;;X;X;X;X;X;;;;;;;;;;;;;X;;;;;;;;;;;;;;;;;;;;;;;;;;;;;;;;;;;;;;;;;;;;;;;;;;;;;;;;;;;;;;;;;;;;;;;;;;;;;X;;;;
4173763C;4173763C;RETRACTABLE LANDING LIGHT;REPAIR;;;;X;X;X;X;X;;;;;;;;;;;;;X;;;;;;;;;;;;;;;;;;;;;;;;;;;;;;;;;;;;;;;;;;;;;;;;;;;;;;;;;;;;;;;;;;;;;;;;;;;;;X;;;;
4173763D;4173763D;RETRACTABLE LANDING LIGHT;REPAIR;;;;X;X;X;X;X;;;;;;;;;;;;;X;;;;;;;;;;;;;;;;;;;;;;;;;;;;;;;;;;;;;;;;;;;;;;;;;;;;;;;;;;;;;;;;;;;;;;;;;;;;;X;;;;
4173763E;4173763E;RETRACTABLE LANDING LIGHT;REPAIR;;;;X;X;X;X;X;;;;;;;;;;;;;X;;;;;;;;;;;;;;;;;;;;;;;;;;;;;;;;;;;;;;;;;;;;;;;;;;;;;;;;;;;;;;;;;;;;;;;;;;;;;X;;;;
4173763F;4173763F;RETRACTABLE LANDING LIGHT;REPAIR;;;;X;X;X;X;X;;;;;;;;;;;;;X;;;;;;;;;;;;;;;;;;;;;;;;;;;;;;;;;;;;;;;;;;;;;;;;;;;;;;;;;;;;;;;;;;;;;;;;;;;;;X;;;;
4173763G;4173763G;RETRACTABLE LANDING LIGHT;REPAIR;;;;X;X;X;X;X;;;;;;;;;;;;;X;;;;;;;;;;;;;;;;;;;;;;;;;;;;;;;;;;;;;;;;;;;;;;;;;;;;;;;;;;;;;;;;;;;;;;;;;;;;;X;;;;
4189898;4189898;TAXI AND TAKE-OFF LIGHT;REPAIR;;;;X;X;X;X;X;;;;;;;;;;;;;X;;X;X;;;;;;;;;;;;;;;;;;;;;;;;;;;;;;;;;;;;;;;;;;;;;;;;;;;;;;;;;;;;;;;;;;;;;;;;;;X;;;;
4189904;4189904;WING ICING INSPECTION LIGHT;OVERHAUL;;;;X;X;X;X;X;;;;;;;;;;;;;X;;X;;;;;;;;;;;;;;;;;;;;;;;;;;;;;;;;;;;;;;;;;;;;;;;;;;;;;;;;;;;;;;;;;;;;;;;;;;;X;;;;
4189911;4189911;WING ICING INSPECTION LIGHT;OVERHAUL;;;;X;X;X;X;X;;;;;;;;;;;;;X;;X;;;;;;;;;;;;;;;;;;;;;;;;;;;;;;;;;;;;;;;;;;;;;;;;;;;;;;;;;;;;;;;;;;;;;;;;;;;X;;;;
4189927;4189927;ENGINE INSPECTION LIGHT;REPAIR;;;;X;X;X;X;X;;;;;;;;;;;;;X;;X;;;;;;;;;;;;;;;;;;;;;;;;;;;;;;;;;;;;;;;;;;;;;;;;;;;;;;;;;;;;;;;;;;;;;;;;;;;X;;;;
4189934;4189934;ENGINE INSPECTION LIGHT;REPAIR;;;;X;X;X;X;X;;;;;;;;;;;;;X;;X;;;;;;;;;;;;;;;;;;;;;;;;;;;;;;;;;;;;;;;;;;;;;;;;;;;;;;;;;;;;;;;;;;;;;;;;;;;X;;;;
4191695;4191695;RETRACTABLE LANDING LIGHT;REPAIR;;;;X;X;X;X;X;;;;;;;;;;;;;X;;X;X;;;X;;;;;;;;;;;;;;;;;;;;;;;;;;;;;;;;;;;;;;;;;;;;;;;;;;;;;;;;;;;;;;;;;;;;;;;X;;;;
4192646;4192646;MOTOR - REDUCTOR;OVERHAUL;;;;X;X;X;X;X;;;;;;X;;X;;;;;;;;;;;;;;;;;;;;;;;;;;;;;;;;;;;;;;;;;;;;;;;;;;;;;;;;;;;;;;;;;;;;;;;;;;;;;;;;;;X;;;;
42013;42013;PUMP ELEC;;REPAIR;;;X;X;;;;;;;;;;;;;;;;;;;;;;;;;;;;;;;;;;;;;;;;;;;;;;;;;;;;;;;;;;;;;;;;;;;;;;;;;;;;;;;;;;;;;;;;X;X;;;;;X;;;
4201301;4201301;PUMP ELECTRO MOTOR DRIVEN HYD;;REPAIR;;DNR;X;X;;;;;;;;;;;;;;;;;;;;;;;;;;;;;;;;;;;;;;;;;;;;;;;;;;;;;;;;;;;;;;;;;;;;;;;;;;;;;;;;;;;;;;;;X;X;;;;;X;;;
4201301;42013-01;PUMP ELEC;;BENCH TEST;;;X;X;;;;;;;;;;;;;;;;;;;;;;;;;;;;;;;;;;;;;;;;;;;;;;;;;;;;;;;;;;;;;;;;;;;;;;;;;;;;;;;;;;;;;;;;X;X;;;;;X;;;
4202104;4202104;SEARCHLIGHT;OVERHAUL;;;;X;X;X;X;X;;;;;;X;;;;X;;;;;;;;;;;;;;;;;;;;;;;;;;;;;;;;;;;;;;;;;;;;;;;;;;;;;;;;;;;;;;;;;;;;;;;;;;;;;;;;X;;;;
4202171;4202171;WIPER HEAD;REPAIR;;;;X;X;X;X;;;;;;;;;;;;;;X;;X;;;;;;;;;;;;;;;;;;;;;;;;;;;;;;;;;;;;;;;;;;;;;;;;;;;;;;;;;;;;;;;;;;;;;;;;;;;X;;;;
4202187;4202187;WIPER HEAD;REPAIR;;;;X;X;X;X;;;;;;;;;;;;;;X;;X;;;;;;;;;;;;;;;;;;;;;;;;;;;;;;;;;;;;;;;;;;;;;;;;;;;;;;;;;;;;;;;;;;;;;;;;;;;X;;;;
4204001;4204001;FIX DISPLACEMNT HYD.MOTOR/PUMP;OVERHAUL;;;;X;X;X;X;X;;;;;;;;;;;;;;;;;;;;;;;;;;;;;;;;;;;;;;;;;;;;;;;;;;;;;;;;;;;;;;;;;;;;;;;;;;;;;X;;;;;X;;;;;;;;X;;;;
4204002;4204002;FIX DISPLACEMNT HYD.MOTOR/PUMP;OVERHAUL;;;;X;X;X;X;X;;;;;;;;;;;;;;;;;;;;;;;;;;;;;;;;;;;;;;;;;;;;;;;;;;;;;;;;;;;;;;;;;;;;;;;;;;;;;X;;;;;X;;;;;;;;X;;;;
4204301;4204301;PUMP, HYDRAULIC ELECTRIC;OVERHAUL;;;;X;X;X;X;X;;;;;;;;;;;;;;;;;;;;;;;;;;;;;;;;;;;X;;;;;;;;;;;;;;;;;;;;;;;;;;;;;;;;;;;;;;;;;;;;;;;;;;;;;;;X;;;;
42045;42045;HYDRAULIC PUMP;;OVERHAUL;;;X;X;;X;;;;;;;;;;;;;;;;;;;;;;;;;;;;;;;;;;;;;;;;;;;;;;;;;X;;;;;;;;;;;;;;;;;;;;;;;;;;;;;X;;;;;;;;;;;;;;X;;;
4204501;4204501;HYDRAULIC PUMP;;OVERHAUL;;;X;X;;X;;;;;;;;;;;;;;;;;;;;;;;;;;;;;;;;;;;;;;;;;;;;;;;;;X;;;;;;;;;;;;;;;;;;;;;;;;;;;;;X;;;;;;;;;;;;;;X;;;
4204501;42045-01;HYDRAULIC PUMP;;REPAIR;;;X;X;;X;;;;;;;;;;;;;;;;;;;;;;;;;;;;;;;;;;;;;;;;;;;;;;;;;X;;;;;;;;;;;;;;;;;;;;;;;;;;;;;X;;;;;;;;;;;;;;X;;;
42046;42046;PUMP SYST 1;;REPAIR;;;X;X;;X;;;;;;;;;;;;;;;;;;;;;;;;;;;;;;;;;;;;;;;;;;;;;;;;;;;;;;;;;;;;;;;;;;;;;;;;;;;;;;;;;;;;;;X;X;;;;;X;;;
42047;42047;PUMP SYST 2;;OVERHAUL;;;X;X;;x;;;;;;;;;;;;;;;;;;;;;;;;;;;;;;;;;;;;;;;;;;;;;;;;;;;;;;;;;;;;;;;;;;;;;;;;;;;;;;;;;;;;;;X;X;;;;;X;;;
42053;42053;PUMP;;OVERHAUL;;;X;X;X;X;X;;;;;;;;;;;;;;;;;;;;;;;;;;;;;;;;;;;X;X;;;;;;;;;;;;;;;;;;;;;;;;;;;;;;;;;;;;;;;;;;;;;;;;;;;;;;;X;;;
4205400;4205400;VARIABLE DELIVERY HYDRAULIC PUMP;OVERHAUL;;;;X;X;X;X;X;;;;;;;;;;;;;X;;;;;;X;;;;;;;;;;;;;;;;;;;;;;;;;;;;;;;;;;;;;;;;;;;;;;;;;;;;;;;;;;;;;;;;;;;;;;;X;;;;
4205401;4205401;VARIABLE DELIVERY HYDRAULIC PUMP;OVERHAUL;;;;X;X;X;X;X;;;;;;;;;;;;;X;;;;;;X;;;;;;;;;;;;;;;;;;;;;;;;;;;;;;;;;;;;;;;;;;;;;;;;;;;;;;;;;;;;;;;;;;;;;;;X;;;;
420609;420609;PUMP - VARIABLE DISPLACEMENT HYDRAULIC;OVERHAUL;;;;X;X;X;X;X;;;;;;;;;;;;;X;X;X;;;;;;;;;;;;;;;;;;;;;;;;;;;;;;;;;;;;;;;;;;;;;;;;;;;;;;;;;;;;;;X;;;;;X;;;;;;;;X;;;;
4207A010100;4207A010100;CONTACTEUR MANOMETRIQUE;;REPAIR;;;X;;;;;;;;;;;;;;;;;;;;;;;;;;;;;;;;;;;;;;;;;;;;;;;;;;;;;;;;;;;;;;;;;;;;;;;;;;;;;;;;;X;; ;X;;;;;;;;;;;X;; ;
4209455;4209455;WING ICING INSPECTION LIGHT;REPAIR;;;;X;X;X;X;X;;;;;;;;;;;;;X;X;;X;;;;;;;;;;;;;;;;;;;;;;;;;;;;;;;;;;;;;;;;;;;;;;;;;;;;;;;;;;;;;;;;;;;;;;;;;;X;;;;
4209462;4209462;WING ICING INSPECTION LIGHT;REPAIR;;;;X;X;X;X;X;;;;;;;;;;;;;X;;;;;;;;;;;;;;;;;;;;;;;;;;;;;;;;;;;;;;;;;;;;;;;;;;;;;;;;;;;;;;;;;;;;;;;;;;;;;X;;;;
4213699;4213699;LIGHT-WI;;OVERHAUL;;;X;X;X;X;X;;;;;;;;;;;;;;;;;;;;;;;;;;;;;;;;;;;X;X;X;X;;;;;;;;;;;;;;;;;;;;;;;;;;;;;;;;;;;;;;;;;;;;;;;;;;;;;X;;;
4213705;4213705;RH.WING/ENG.LIGHT;;REPAIR;;;X;X;X;X;X;;;;;;;;;;;;;;;;;;;;;;;;;;;;;;;;;;;X;X;X;X;;;;;;;;;;;;;;;;;;;;;;;;;;;;;;;;;;;;;;;;;;;;;;;;;;;;;X;;;
4213966;4213966;LOGO-LIGHT;;REPAIR;;;X;X;;X;X;;;;;;;;;;;;;;;;;;;;;;;;;;;;;;;;;;;X;X;;;;;;;;;;;;;;;;;;;;;;;;;;;;;;;;;;;;;;;;;;;;;;;;;;;;;;;X;;;
4213973;4213973;TAXI LIGHT;;REPAIR;;;X;X;;X;;;;;;;;;;;;;;;;;;;;;;;;;;;;;;;;;;;;X;X;;;;;;;;;;;;;;;;;;;;;;;;;;;;;;;;;;;;;;;;;;;;;;;;;;;;;;;X;;;
4213989;4213989;LANDING LIGHT;;REPAIR;;;X;X;;X;X;;;;;;;;;;;;;;;;;;;;;;;;;;;;;;;;;;;X;X;;;;;;;;;;;;;;;;;;;;;;;;;;;;;;;;;;;;;;;;;;;;;;;;;;;;;;;X;;;
4216009;4216009;RH WIPER MOTOR;;REPAIR;;;X;X;;X;X;;;;;;;;;;;;;;;;;;;;;;;;;;;;;;;;;;;X;X;;;;;;;;;;;;;;;;;;;;;;;;;;;;;;;;;;;;;;;;;;;;;;;;;;;;;;;X;;;
4216016;4216016;LH WIPER MOTOR;;REPAIR;;;X;X;;X;X;;;;;;;;;;;;;;;;;;;;;;;;;;;;;;;;;;;X;X;;;;;;;;;;;;;;;;;;;;;;;;;;;;;;;;;;;;;;;;;;;;;;;;;;;;;;;X;;;
4217212;4217212;RETRACTABLE LIGHT;OVERHAUL;;;;X;X;X;X;X;;;;;;X;;X;X;;;;;;;;;;;;;;;;;;;;;;;;;;;;;;;;;;;;;;;;;;;;;;;;;;;;;;;;;;;;;;;;;;;;;;;;;;;;;;;;;X;;;;
4217228;4217228;SEARCHLIGHT;OVERHAUL;;;;X;X;X;X;X;;;;;;X;X;;X;;X;;;;;;;;;;;;;;;;;;;;;;;;;;;;;;;;;;;;;;;;;;;;;;;;;;;;;;;;;;;;;;;;;;;;;;;;;;;;;;;X;;;;
4219867;4219867;RETRACTABLE LIGHT;OVERHAUL;;;;X;X;X;X;X;;;;;;X;;X;X;;;;;;;;;;;;;;;;;;;;;;;;;;;;;;;;;;;;;;;;;;;;;;;;;;;;;;;;;;;;;;;;;;;;;;;;;;;;;;;;;X;;;;
4223306;4223306;TAXI AND TAKE-OFF LIGHT;REPAIR;;;;X;X;X;X;X;;;;;;;;;;;;;X;X;;;;;;;;;;;;;;;;;;;;;;;;;;;;;;;;;;;;;;;;;;;;;;;;;;;;;;;;;;;;;;;;;;;;;;;;;;;;X;;;;
422510227;4225-10227;ROTOR GYRO;;REPAIR;;;X;;;;;;;;;;;;;;;;;;;;;;;;;;;;;;;;;;;;;;;;;;;;;;;;;;;;;;;;;;;;;;;;;;;;;;;;;;;;;;;;;X;;;;;;;;;;;;;;X;;;
4226271;4226271;SEARCHLIGHT;OVERHAUL;;;;X;X;X;X;X;;;;;;X;X;;X;;X;;;;;;;;;;;;;;;;;;;;;;;;;;;;;;;;;;;;;;;;;;;;;;;;;;;;;;;;;;;;;;;;;;;;;;;;;;;;;;;X;;;;
422B564;422B564;CYLINDER O2;;OVERHAUL;;;X;;;;;;;;;;;;;;;;;;;;;;;;;;;;;;;;;;;;;;;;;;;;;;;;;;;;;;;;;;;;;;;;;;;;;;;;;;;;;;;;;X;;;;;;;;;;;;;;X;;;
4233488;4233488;TAKE OFF LIGHT;REPAIR;;;;X;X;X;X;X;;;;;;;;;;;;;X;;;;X;X;X;X;;;;;;;;;;;;;;;;;;;;;;;;;;;;;;;;;;;;;;;;;;;;;;;;;;;;;;;;;;;;;;;;;;;;;;X;;;;
4236534;4236534;RUNWAY TURN-OFF LIGHT;REPAIR;;;;X;X;X;X;X;;;;;;;;;;;;;X;;;;X;X;X;X;;;;;;;;;;;;;;;;;;;;;;;;;;;;;;;;;;;;;;;;;;;;;;;;;;;;;;;;;;;;;;;;;;;;;;X;;;;
4236564;4236564;TAXI LIGHT;REPAIR;;;;X;X;X;X;X;;;;;;;;;;;;;X;;;;X;X;X;X;;;;;;;;;;;;;;;;;;;;;;;;;;;;;;;;;;;;;;;;;;;;;;;;;;;;;;;;;;;;;;;;;;;;;;X;;;;
4237091;4237091;REDUCTICN GEAR BOX MOTOR;OVERHAUL;;;;X;X;X;X;X;;;;;;;;;;;;;X;X;X;X;;;;;;;;;;;;;;;;;;;;;;;;;;;;;;;;;;;;;;;;;;;;;;;;;;;;;;;;;;;;;;;;;;;;;;;;;;X;;;;
4249026;4249026;MOTOR - CONVERTER LH;REPAIR;;;;X;X;X;X;X;;;;;;;;;;;;;X;;;;;;X;;;;;;;;;;;;;;;;;;;;;;;;;;;;;;;;;;;;;;;;;;;;;;;;;;;;;;;;;;;;;;;;;;;;;;;X;;;;
4249026 LH;4249026 LH;MOTOR - CONVERTER LH;REPAIR;;;;X;X;X;X;X;;;;;;;;;;;;;X;;;;;;;;;;;;;;;;;;;;;;;;;;;;;;;;;;;;;;;;;;;;;;;;;;;;;;;;;;;;;;;;;;;;;;;;;;;;;X;;;;
4249033 RH;4249033 RH;MOTOR - CONVERTER RH;REPAIR;;;;X;X;X;X;X;;;;;;;;;;;;;X;;;;;;;;;;;;;;;;;;;;;;;;;;;;;;;;;;;;;;;;;;;;;;;;;;;;;;;;;;;;;;;;;;;;;;;;;;;;;X;;;;
42500011;425-0001-1;COFFEE MAKER;OVERHAUL;;;;X;X;X;X;X;;;;;;;;;;;;;X;;X;X;;X;X;X;;;X;;;X;;;;X;;;;;;;;;;;;;;;;;;;;;;;;;;;;;;;;;;;;;;;;;;;;;;;;;;;;;;;;;;;;X;;;;
425000113;425-0001-13;COFFEE MAKER;OVERHAUL;;;;X;X;X;X;X;;;;;;;;;;;;;X;;X;X;;X;X;X;;;X;;;X;;;;X;;;;;;;;;;;;;;;;;;;;;;;;;;;;;;;;;;;;;;;;;;;;;;;;;;;;;;;;;;;;X;;;;
42500013;425-0001-3;COFFEE MAKER;OVERHAUL;;;;X;X;X;X;X;;;;;;;;;;;;;X;;X;X;;X;X;X;;;X;;;X;;;;X;;;;;;;;;;;;;;;;;;;;;;;;;;;;;;;;;;;;;;;;;;;;;;;;;;;;;;;;;;;;X;;;;
42500015;425-0001-5;COFFEE MAKER;OVERHAUL;;;;X;X;X;X;X;;;;;;;;;;;;;X;;X;X;;X;X;X;;;X;;;X;;;;X;;;;;;;;;;;;;;;;;;;;;;;;;;;;;;;;;;;;;;;;;;;;;;;;;;;;;;;;;;;;X;;;;
42500019;425-0001-9;COFFEE MAKER;OVERHAUL;;;;X;X;X;X;X;;;;;;;;;;;;;X;;X;X;;X;X;X;;;X;;;X;;;;X;;;;;;;;;;;;;;;;;;;;;;;;;;;;;;;;;;;;;;;;;;;;;;;;;;;;;;;;;;;;X;;;;
42520341;4252034-1;DUCT;;REPAIR;;;X;X;;;;;;;;;;;;;;;;X;;;;;;;;;X;;;;;;;;;;;;;;;;;;;;;;;;;;;;;;;;;;;;;;;;;;;;;;;;;;;;;;;;;;;;;;;;;;;;;X;;X;
42520381;4252038-1;DUCT;;REPAIR;;;X;;;;;;;;;;;;;;;;;X;;;;;;;;;X;;;;;;;;;;;;;;;;;;;;;;;;;;;;;;;;;;;;;;;;;;;;;;;;;;;;;;;;;;;;;;;;;;;;;X;;X;
42520382;4252038-2;DUCT;;REPAIR;;;X;X;;X;;;;;;;;;;;;;;X;;;;;;;;;X;;;;;;;;;;;;;;;;;;;;;;;;;;;;;;;;;;;;;;;;;;;;;;;;;;;;;;;;;;;;;;;;;;;;;X;;X;
42520422;4252042-2;DUCT;;REPAIR;;;X;X;;;;;;;;;;;;;;;;X;;;;;;;;;X;;;;;;;;;;;;;;;;;;;;;;;;;;;;;;;;;;;;;;;;;;;;;;;;;;;;;;;;;;;;;;;;;;;;;X;;X;
42520426;4252042-6;DUCT;;REPAIR;;;X;X;;X;;;;;;;;;;;;;;;;;;;;;;;;;;;;;;;;;;;;;;;;;;;;;;;;;;;;;;;;;;;;;;;;;;;;;;;;;;;;;;X;;;;;;;;;;;;;;X;;X;
4252161;4252161;TIMER;REPAIR;;;;X;X;X;X;X;;;;;;;;;;;;;X;;;;;X;X;X;;;;;;;;;;;;;;;;;;;;;;;;;;;;;;;;;;;;;;;;;;;;;;;;;;;;;;;;;;;;;;;;;;;;;;X;;;;
42530361;4253036-1;DUCT;;REPAIR;;;X;X;;X;;;;;;;;;;;;;;;;;;;;;;;;;;;;;;;;;;;;;;;;;;;;;;;;;;;;;;;;;;;;;;;;;;;;;;;;;;;;;;X;;;;;;;;;;;;;;X;;X;
42530361C;4253036-1-C;OPENING COWL ACTUATOR PIPE;;REPAIR;;;X;X;;X;;;;;;;;;;;;;;;;;;;;;;;;;;;;;;;;;;;;;;;;;;;;;;;;;;;;;;;;;;;;;;;;;;;;;;;;;;;;;;X;;;;;;;;;;;;;;X;;X;
42530401;4253040-1;DUCT;;REPAIR;;;X;X;;X;;;;;;;;;;;;;;X;;;;;X;X;X;;;;;;;;;;;;;;;;;;;;;;;;;;;;;;;;;;;;;;;;;;;;;;;;;;;;;;;;;;;;;;;;;;;;;;;X;;X;
42530401C;4253040-1-C;OPENING COWL ACTUATOR PIPE;;REPAIR;;;X;X;;X;;;;;;;;;;;;;;;;;;;;;;;;;;;;;;;;;;;;;;;;;;;;;;;;;;;;;;;;;;;;;;;;;;;;;;;;;;;;;;X;;;;;;;;;;;;;;X;;X;
4257624;4257624;RETRACTABLE LIGHT;OVERHAUL;;;;X;X;X;X;X;;;;;;X;;X;X;;;;;;;;;;;;;;;;;;;;;;;;;;;;;;;;;;;;;;;;;;;;;;;;;;;;;;;;;;;;;;;;;;;;;;;;;;;;;;;;;X;;;;
4262461;4262461;CARGO DOOR ACTUATOR;;REPAIR;;;X;X;;X;;;;;;;;;;;;;;;;;;;;;;;;;;;;;;;;;;;;X;X;;;;;;;;;;;;;;;;;;;;;;;;;;;;;;;;;;;;;;;;;;;;;;;;;;;;;;;X;;;
4267812;4267812;WING ENGINE LIGHT;;OVERHAUL;;;X;X;X;X;X;;;;;;;;;;;;;;;;;;;;;;;;;;;;;;;;;;;X;;;;X;;;;;;;;;;;;;;;;;;;;;;;;;;;;;;;;;;;;;;;;;;;;;;;;;;;;X;;;
4267828;4267828;WING ENGINE LIGHT;;OVERHAUL;;;X;X;X;X;X;;;;;;;;;;;;;;;;;;;;;;;;;;;;;;;;;;;X;;;;X;;;;;;;;;;;;;;;;;;;;;;;;;;;;;;;;;;;;;;;;;;;;;;;;;;;;X;;;
4273511;4273511;TAXI TURN-OFF LIGHT;OVERHAUL;;;;X;X;X;X;X;;;;;;;;;;;;;X;X;X;X;;;;;;;;;;;;;;;;;;;;;;;;;;;;;;;;;;;;;;;;;;;;;;;;;;;;;;;;;;;;;;;;;;;;;;;;;;X;;;;
4273527;4273527;TAXI TURN-OFF LIGHT;OVERHAUL;;;;X;X;X;X;X;;;;;;;;;;;;;X;X;X;X;;;;;;;;;;;;;;;;;;;;;;;;;;;;;;;;;;;;;;;;;;;;;;;;;;;;;;;;;;;;;;;;;;;;;;;;;;X;;;;
4279198;4279198;MOTOR - CONVERTER RH;REPAIR;;;;X;X;X;X;X;;;;;;;;;;;;;X;;;;X;X;X;X;;;;;;;;;;;;;;;;;;;;;;;;;;;;;;;;;;;;;;;;;;;;;;;;;;;;;;;;;;;;;;;;;;;;;;X;;;;
4279204;4279204;MOTOR - CONVERTER LH;REPAIR;;;;X;X;X;X;X;;;;;;;;;;;;;X;;;;X;X;X;X;;;;;;;;;;;;;;;;;;;;;;;;;;;;;;;;;;;;;;;;;;;;;;;;;;;;;;;;;;;;;;;;;;;;;;X;;;;
4285098;4285098;LIGHT-WI;;OVERHAUL;;;X;X;X;X;X;;;;;;;;;;;;;;;;;;;;;;;;;;;;;;;;;;;X;X;X;X;;;;;;;;;;;;;;;;;;;;;;;;;;;;;;;;;;;;;;;;;;;;;;;;;;;;;X;;;
4285104;4285104;LIGHT-WI;;OVERHAUL;;;X;X;X;X;X;;;;;;;;;;;;;;;;;;;;;;;;;;;;;;;;;;;X;X;X;X;;;;;;;;;;;;;;;;;;;;;;;;;;;;;;;;;;;;;;;;;;;;;;;;;;;;;X;;;
4289452;4289452;WING SCAN LIGHT;REPAIR;;;;X;X;X;X;X;;;;;;;;;;;;;X;;;;;;;;X;X;;;;;;;;;;;;;;;;;;;;;;;;;;;;;;;;;;;;;;;;;;;;;;;;;;;;;;;;;;;;;;;;;;;;X;;;;
4289468;4289468;WING SCAN LIGHT;REPAIR;;;;X;X;X;X;X;;;;;;;;;;;;;X;;;;;;;;X;X;;;;;;;;;;;;;;;;;;;;;;;;;;;;;;;;;;;;;;;;;;;;;;;;;;;;;;;;;;;;;;;;;;;;X;;;;
4291004;4291004;MOTOR - CONVERTER RH;REPAIR;;;;X;X;X;X;X;;;;;;;;;;;;;X;;;;;;;;X;X;;;;;;;;;;;;;;;;;;;;;;;;;;;;;;;;;;;;;;;;;;;;;;;;;;;;;;;;;;;;;;;;;;;;X;;;;
4291011;4291011;MOTOR - CONVERTER LH;REPAIR;;;;X;X;X;X;X;;;;;;;;;;;;;X;;;;;;;;X;X;;;;;;;;;;;;;;;;;;;;;;;;;;;;;;;;;;;;;;;;;;;;;;;;;;;;;;;;;;;;;;;;;;;;X;;;;
4291034;4291034;MOTOR - CONVERTER RH;REPAIR;;;;X;X;X;X;X;;;;;;;;;;;;;X;;;;;;;;;;;;;;;;;;;;;;;;;;;;;;;;;;;;;;;;;;;;;;;;;;;;;;;;;;;;;;;;;;;;;;;;;;;;;X;;;;
4291034 RH;4291034 RH;MOTOR - CONVERTER RH;REPAIR;;;;X;X;X;X;X;;;;;;;;;;;;;X;;;;;;;;;;;;;;;;;;;;;;;;;;;;;;;;;;;;;;;;;;;;;;;;;;;;;;;;;;;;;;;;;;;;;;;;;;;;;X;;;;
4291041;4291041;MOTOR - CONVERTER LH;REPAIR;;;;X;X;X;X;X;;;;;;;;;;;;;X;;;;;;;;;;;;;;;;;;;;;;;;;;;;;;;;;;;;;;;;;;;;;;;;;;;;;;;;;;;;;;;;;;;;;;;;;;;;;X;;;;
4291041 LH;4291041 LH;MOTOR - CONVERTER LH;REPAIR;;;;X;X;X;X;X;;;;;;;;;;;;;X;;;;;;;;;;;;;;;;;;;;;;;;;;;;;;;;;;;;;;;;;;;;;;;;;;;;;;;;;;;;;;;;;;;;;;;;;;;;;X;;;;
4292209;4292209;LANDING LIGHT;REPAIR;;;;X;X;X;X;X;;;;;;;;;;;;;X;;;;;;;;X;X;;;;;;;;;;;;;;;;;;;;;;;;;;;;;;;;;;;;;;;;;;;;;;;;;;;;;;;;;;;;;;;;;;;;X;;;;
4292915;4292915;LANDING LIGHT;;REPAIR;;;X;X;;X;X;;;;;;;;;;;;;;;;;;;;;;;;;;;;;;;;;;;X;X;;;;;;;;;;;;;;;;;;;;;;;;;;;;;;;;;;;;;;;;;;;;;;;;;;;;;;;X;;;
4295078;4295078;ENGINE SCAN LIGHT;REPAIR;;;;X;X;X;X;X;;;;;;;;;;;;;X;;;;;;;;;X;;;;;;;;;;;;;;;;;;;;;;;;;;;;;;;;;;;;;;;;;;;;;;;;;;;;;;;;;;;;;;;;;;;;X;;;;
4295085;4295085;ENGINE SCAN LIGHT;REPAIR;;;;X;X;X;X;X;;;;;;;;;;;;;X;;;;;;;;;X;;;;;;;;;;;;;;;;;;;;;;;;;;;;;;;;;;;;;;;;;;;;;;;;;;;;;;;;;;;;;;;;;;;;X;;;;
4295092;4295092;ENGINE SCAN LIGHT;REPAIR;;;;X;X;X;X;X;;;;;;;;;;;;;X;;;;;;;;;X;;;;;;;;;;;;;;;;;;;;;;;;;;;;;;;;;;;;;;;;;;;;;;;;;;;;;;;;;;;;;;;;;;;;X;;;;
4295114;4295114;ENGINE SCAN LIGHT;REPAIR;;;;X;X;X;X;X;;;;;;;;;;;;;X;;;;;;;;X;;;;;;;;;;;;;;;;;;;;;;;;;;;;;;;;;;;;;;;;;;;;;;;;;;;;;;;;;;;;;;;;;;;;;X;;;;
4295121;4295121;ENGINE SCAN LIGHT;REPAIR;;;;X;X;X;X;X;;;;;;;;;;;;;X;;;;;;;;X;;;;;;;;;;;;;;;;;;;;;;;;;;;;;;;;;;;;;;;;;;;;;;;;;;;;;;;;;;;;;;;;;;;;;X;;;;
4295747;4295747;TAXI LIGHT;;REPAIR;;;X;X;;X;;;;;;;;;;;;;;;;;;;;;;;;;;;;;;;;;;;;X;X;;;;;;;;;;;;;;;;;;;;;;;;;;;;;;;;;;;;;;;;;;;;;;;;;;;;;;;X;;;
4298117;4298117;TAKE-OFF AND TAXI LIGHT;REPAIR;;;;X;X;X;X;X;;;;;;;;;;;;;X;;;;;;;;;;;;;;;;;;;;;;;;;;;;;;;;;;;;;;;;;;;;;;;;;;;;;;;;;;;;;;;;;;;;;;;;;;;;;X;;;;
4307405;4307405;SEARCHLIGHT;OVERHAUL;;;;X;X;X;X;X;;;;;;X;X;;X;;X;;;;;;;;;;;;;;;;;;;;;;;;;;;;;;;;;;;;;;;;;;;;;;;;;;;;;;;;;;;;;;;;;;;;;;;;;;;;;;;X;;;;
4307785;4307785;MOTOR - CONVERTER RH;OVERHAUL;;;;X;X;X;X;X;;;;;;;;;;;;;X;;;;;X;X;X;;;;;;;;;;;;;;;;;;;;;;;;;;;;;;;;;;;;;;;;;;;;;;;;;;;;;;;;;;;;;;;;;;;;;;X;;;;
4307785 RH;4307785 RH;MOTOR - CONVERTER RH;REPAIR;;;;X;X;X;X;X;;;;;;;;;;;;;X;;;;;;;;;;;;;;;;;;;;;;;;;;;;;;;;;;;;;;;;;;;;;;;;;;;;;;;;;;;;;;;;;;;;;;;;;;;;;X;;;;
4307792;4307792;MOTOR - CONVERTER LH;OVERHAUL;;;;X;X;X;X;X;;;;;;;;;;;;;X;;;;;X;X;X;;;;;;;;;;;;;;;;;;;;;;;;;;;;;;;;;;;;;;;;;;;;;;;;;;;;;;;;;;;;;;;;;;;;;;X;;;;
4307792 LH;4307792 LH;MOTOR - CONVERTER LH;REPAIR;;;;X;X;X;X;X;;;;;;;;;;;;;X;;;;;;;;;;;;;;;;;;;;;;;;;;;;;;;;;;;;;;;;;;;;;;;;;;;;;;;;;;;;;;;;;;;;;;;;;;;;;X;;;;
4307807;4307807;TIMER;REPAIR;;;;X;X;X;X;X;;;;;;;;;;;;;X;;;;;;X;;;;;;;;;;;;;;;;;;;;;;;;;;;;;;;;;;;;;;;;;;;;;;;;;;;;;;;;;;;;;;;;;;;;;;;X;;;;
430ZN01Y01;430ZN01Y01;DETECTOR - TRIM ACTUATION;REPAIR;;;;X;X;X;X;X;;;;;;;;;;;;;X;X;;;;;;;;;;;;;;;;;;;;;;;;;;;;;;;;;;;;;;;;;;;;;;;;;;;;;;;;;;;;;;;;;;;;;;;;;;;;X;;;;
430ZN01Y02;430ZN01Y02;DETECTOR - TRIM ACTUATION;REPAIR;;;;X;X;X;X;X;;;;;;;;;;;;;X;X;;;;;;;;;;;;;;;;;;;;;;;;;;;;;;;;;;;;;;;;;;;;;;;;;;;;;;;;;;;;;;;;;;;;;;;;;;;;X;;;;
430ZN01Y03;430ZN01Y03;DETECTOR - TRIM ACTUATION;REPAIR;;;;X;X;X;X;X;;;;;;;;;;;;;X;X;X;X;;;;;;;;;;;;;;;;;;;;;;;;;;;;;;;;;;;;;;;;;;;;;;;;;;;;;;;;;;;;;;;;;;;;;;;;;;X;;;;
431287;431287;O2 CYLINDER;;OVERHAUL;;;X;;;;;;;;;;;;;;;;;;;;;;;;;;;;;;;;;;;;;;;;;;;;;;;;;;;;;;;;;;;;;;;;;;;;;;;;;;;;;;;;;X;;;;;;;;;;;;;;X;;;
4315542;4315542;RETRACTABLE LANDING LIGHT;REPAIR;;;;X;X;X;X;X;;;;;;;;;;;;;X;;;;X;X;X;;;;;;;;;;;;;;;;;;;;;;;;;;;;;;;;;;;;;;;;;;;;;;;;;;;;;;;;;;;;;;;;;;;;;;;X;;;;
4319586;4319586;LANDING LIGHT;;REPAIR;;;X;X;;X;X;;;;;;;;;;;;;;;;;;;;;;;;;;;;;;;;;;;X;X;;;;;;;;;;;;;;;;;;;;;;;;;;;;;;;;;;;;;;;;;;;;;;;;;;;;;;;X;;;
4331772;4331772;RETRACTABLE LANDING LIGHT;REPAIR;;;;X;X;X;X;X;;;;;;;;;;;;;X;;;;;;;X;;;;;;;;;;;;;;;;;;;;;;;;;;;;;;;;;;;;;;;;;;;;;;;;;;;;;;;;;;;;;;;;;;;;;;X;;;;
4338074;4338074;RUNWAY TURN OFF LIGHT;REPAIR;;;;X;X;X;X;X;;;;;;;;;;;;;X;;;;;;;;;;;;;;;;;;;;;;;;;;;;;;;;;;;;;;;;;;;;;;;;;;;;;;;;;;;;;;;;;;;;;;;;;;;;;X;;;;
4342X;4342X;RADOME;;REPAIR;;;X;;;;;;;;;;;;;;;;;;;;;;;;;;;;;;;;;;;;;;;;;;;;;;;;;;;;;;;;;;;;;;;;;;;;;;;;;;X;X;;;;;;X;;;;;;;;;;;;;;X;;X;
4342X2;4342X-2;DOME RADAR;;REPAIR;;;X;;;;;;;;;;;;;;;;;;;;;;;;;;;;;;;;;;;;;;;;;;;;;;;;;;;;;;;;;;;;;;;;;;;;;;;;;;X;X;;;;;;X;;;;;;;;;;;;;;X;;X;
4342XV1;4342X-V1;DOME RADAR;;REPAIR;;;X;X;;;;;;;;;;;;;;;;;;;;;;;;;;;;;;;;;;;;;;;;;;;;;;;;;;;;;;;;;;;;;;;;;;;;;;;;;X;X;;;;;;X;;;;;;;;;;;;;;X;;X;
4345000;43450-00;CYCLEUR DE DEGIVRAGE ELECTRONIQUE;;REPAIR;;;X;;;;;;;;;;;;;;;;;;;;;;;;;;;;;;;;;;;;;;;;;;;;;;;;;;;;;;;;;;;;;;;;;;;;;;;;;;;;;;;;;X;;;X;;;;;;;;;;;X;;;
4360004800018;4360004-80-00-18;WATER HEATER DR4180;OVERHAUL;;;;X;X;X;X;;;;;;;;;;;;;;X;;X;;;;X;;X;X;;;;;;;;;;;;;;;;;;;;;;;;;;;;;;;;;;;;;;;;;;;;;;;;;;;;;;;;;;;;;;;;;;;;X;;;;
4360004800025;4360004-80-00-25;WATER HEATER DR4180;OVERHAUL;;;;X;X;X;X;;;;;;;;;;;;;;X;;X;;;;X;;X;X;;;;;;;;;;;;;;;;;;;;;;;;;;;;;;;;;;;;;;;;;;;;;;;;;;;;;;;;;;;;;;;;;;;;X;;;;
436000480SQ18;4360004-80SQ18;WATER HEATER DR4180;OVERHAUL;;;;X;X;X;X;;;;;;;;;;;;;;X;;X;;;;X;;X;X;;;;;;;;;;;;;;;;;;;;;;;;;;;;;;;;;;;;;;;;;;;;;;;;;;;;;;;;;;;;;;;;;;;;X;;;;
4360004810018;4360004-81-00-18;WATER HEATER DR4180;OVERHAUL;;;;X;X;X;X;;;;;;;;;;;;;;X;;X;;;;X;;X;X;;;;;;;;;;;;;;;;;;;;;;;;;;;;;;;;;;;;;;;;;;;;;;;;;;;;;;;;;;;;;;;;;;;;X;;;;
4360004850018;4360004-85-00-18;WATER HEATER DR4180;OVERHAUL;;;;X;X;X;X;;;;;;;;;;;;;;X;;X;;;;X;;X;X;;;;;;;;;;;;;;;;;;;;;;;;;;;;;;;;;;;;;;;;;;;;;;;;;;;;;;;;;;;;;;;;;;;;X;;;;
4360004860018;4360004-86-00-18;WATER HEATER DR4180;OVERHAUL;;;;X;X;X;X;;;;;;;;;;;;;;X;;X;;;;X;;X;X;;;;;;;;;;;;;;;;;;;;;;;;;;;;;;;;;;;;;;;;;;;;;;;;;;;;;;;;;;;;;;;;;;;;X;;;;
4360004870018;4360004-87-00-18;WATER HEATER DR4180;OVERHAUL;;;;X;X;X;X;;;;;;;;;;;;;;X;;X;;;;X;;X;X;;;;;;;;;;;;;;;;;;;;;;;;;;;;;;;;;;;;;;;;;;;;;;;;;;;;;;;;;;;;;;;;;;;;X;;;;
4360004880018;4360004-88-00-18;WATER HEATER DR4180;OVERHAUL;;;;X;X;X;X;;;;;;;;;;;;;;X;;X;;;;X;;X;X;;;;;;;;;;;;;;;;;;;;;;;;;;;;;;;;;;;;;;;;;;;;;;;;;;;;;;;;;;;;;;;;;;;;X;;;;
4360404;4360404;SEARCHLIGHT;OVERHAUL;;;;X;X;X;X;X;;;;;;X;X;;X;;X;;;;;;;;;;;;;;;;;;;;;;;;;;;;;;;;;;;;;;;;;;;;;;;;;;;;;;;;;;;;;;;;;;;;;;;;;;;;;;;X;;;;
4383121;4383121;L/H WING & ENGINE LIGHT;REPAIR;;;;X;X;X;X;X;;;;;;;;;;;;;X;;;;X;X;X;X;X;X;;;;;;;;;;;;;;;;;;;;;;;;;;;;;;;;;;;;;;;;;;;;;;;;;;;;;;;;;;;;;;;;;;;;X;;;;
4383137;4383137;R/H WING & ENGINE LIGHT;REPAIR;;;;X;X;X;X;X;;;;;;;;;;;;;X;;;;X;X;X;X;X;X;;;;;;;;;;;;;;;;;;;;;;;;;;;;;;;;;;;;;;;;;;;;;;;;;;;;;;;;;;;;;;;;;;;;X;;;;
43B034LB03;43B034LB03;BATTERY;;OVERHAUL;;DNR;X;X;;;;;;;;;;;;;;;;;;;;;;;;;;X;;;;;;;;;;X;;;;;;;;;;;;;;;;;;;;;;;;;;;;;;;;;;;;;;;;;;;;;;;;;;;;;;;;;;X;;;
44090094102;44090-0941-02;INDICATOR, AIRSPEED;REPAIR;;;;X;X;X;X;X;;;;;;X;;;;;X;;;;;;;;;;;;;;;;;;;;;;;;;;;;;;;;;;;;;;;;;;;;;;;;;;;;;;;;;;;;;;;;;;;;;;;;;;;;;;;X;;;;
44090184101;44090-1841-01;INDICATOR, AIRSPEED;REPAIR;;;;X;X;X;X;X;;;;;;X;;X;;;;;;;;;;;;;;;;;;;;;;;;;;;;;;;;;;;;;;;;;;;;;;;;;;;;;;;;;;;;;;;;;;;;;;;;;;;;;;;;;;X;;;;
44090184102;44090-1841-02;INDICATOR, AIRSPEED;REPAIR;;;;X;X;X;X;X;;;;;;X;;X;;;;;;;;;;;;;;;;;;;;;;;;;;;;;;;;;;;;;;;;;;;;;;;;;;;;;;;;;;;;;;;;;;;;;;;;;;;;;;;;;;X;;;;
44090194101;44090-1941-01;INDICATOR, AIRSPEED;REPAIR;;;;X;X;X;X;X;;;;;;X;;;;;X;;;;;;;;;;;;;;;;;;;;;;;;;;;;;;;;;;;;;;;;;;;;;;;;;;;;;;;;;;;;;;;;;;;;;;;;;;;;;;;X;;;;
44090194102;44090-1941-02;INDICATOR, AIRSPEED;REPAIR;;;;X;X;X;X;X;;;;;;X;;;;;X;;;;;;;;;;;;;;;;;;;;;;;;;;;;;;;;;;;;;;;;;;;;;;;;;;;;;;;;;;;;;;;;;;;;;;;;;;;;;;;X;;;;
44090194103;44090-1941-03;INDICATOR, AIRSPEED;REPAIR;;;;X;X;X;X;X;;;;;;X;;;;;X;;;;;;;;;;;;;;;;;;;;;;;;;;;;;;;;;;;;;;;;;;;;;;;;;;;;;;;;;;;;;;;;;;;;;;;;;;;;;;;X;;;;
44090294103;44090-2941-03;INDICATOR, AIRSPEED;REPAIR;;;;X;X;X;X;X;;;;;;X;;;;;X;;;;;;;;;;;;;;;;;;;;;;;;;;;;;;;;;;;;;;;;;;;;;;;;;;;;;;;;;;;;;;;;;;;;;;;;;;;;;;;X;;;;
44090294104;44090-2941-04;INDICATOR, AIRSPEED;REPAIR;;;;X;X;X;X;X;;;;;;X;;;;;X;;;;;;;;;;;;;;;;;;;;;;;;;;;;;;;;;;;;;;;;;;;;;;;;;;;;;;;;;;;;;;;;;;;;;;;;;;;;;;;X;;;;
44090294105;44090-2941-05;INDICATOR, AIRSPEED;REPAIR;;;;X;X;X;X;X;;;;;;X;;;;;X;;;;;;;;;;;;;;;;;;;;;;;;;;;;;;;;;;;;;;;;;;;;;;;;;;;;;;;;;;;;;;;;;;;;;;;;;;;;;;;X;;;;
44090394103;44090-3941-03;INDICATOR, AIRSPEED;REPAIR;;;;X;X;X;X;X;;;;;;X;;X;;;;;;;;;;;;;;;;;;;;;;;;;;;;;;;;;;;;;;;;;;;;;;;;;;;;;;;;;;;;;;;;;;;;;;;;;;;;;;;;;;X;;;;
44090394104;44090-3941-04;INDICATOR, AIRSPEED;REPAIR;;;;X;X;X;X;X;;;;;;X;;X;;;;;;;;;;;;;;;;;;;;;;;;;;;;;;;;;;;;;;;;;;;;;;;;;;;;;;;;;;;;;;;;;;;;;;;;;;;;;;;;;;X;;;;
44090ABM;44090-AB-M;INDICATOR, AIRSPEED;REPAIR;;;;X;X;X;X;X;;;;;;X;;X;;;;;;;;;;;;;;;;;;;;;;;;;;;;;;;;;;;;;;;;;;;;;;;;;;;;;;;;;;;;;;;;;;;;;;;;;;;;;;;;;;X;;;;
44090AEM;44090-AE-M;INDICATOR, AIRSPEED;REPAIR;;;;X;X;X;X;X;;;;;;X;;X;X;;;;;;;;;;;;;;;;;;;;;;;;;;;;;;;;;;;;;;;;;;;;;;;;;;;;;;;;;;;;;;;;;;;;;;;;;;;;;;;;;X;;;;
44090AFM;44090-AF-M;INDICATOR, AIRSPEED;REPAIR;;;;X;X;X;X;X;;;;;;X;;X;;;;;;;;;;;;;;;;;;;;;;;;;;;;;;;;;;;;;;;;;;;;;;;;;;;;;;;;;;;;;;;;;;;;;;;;;;;;;;;;;;X;;;;
44090AGM;44090-AG-M;INDICATOR, AIRSPEED;REPAIR;;;;X;X;X;X;X;;;;;;X;;X;;;;;;;;;;;;;;;;;;;;;;;;;;;;;;;;;;;;;;;;;;;;;;;;;;;;;;;;;;;;;;;;;;;;;;;;;;;;;;;;;;X;;;;
44090AHM;44090-AH-M;INDICATOR, AIRSPEED;REPAIR;;;;X;X;X;X;X;;;;;;X;;X;;;;;;;;;;;;;;;;;;;;;;;;;;;;;;;;;;;;;;;;;;;;;;;;;;;;;;;;;;;;;;;;;;;;;;;;;;;;;;;;;;X;;;;
442CH1;442CH1;BATTERY;;OVERHAUL;;DNR;X;X;;X;;;;;;;;;;;;;;;;;;;;;;;;;;;;;;;;;;;;;;;;;;;;;;;;;;;;;;;;;;;;;;;;;;;;;;;;;;;;;;X;;;;;;;;;;;;;;X;;;
44400489100;444-00489-100;PRESSURE SENSOR;REPAIR;;;;X;X;X;X;X;;;;;;;;;;;;;X;X;X;X;;;;;;;;;;;;;;;;;;;;;;;;;;;;;;;;;;;;;;;;;;;;;;;;;;;;;;;;;;;;;;;;;;;;;;;;;;X;;;;
44400522500;444-00522-500;INDICATOR HP;;REPAIR;;;X;X;X;X;X;;;;;;;;;;;;;;;;;;;;;;;;;;;;;;;;;;;X;X;;;;;;;;;;;;;;;;;;;;;;;;;;;;;;;;;;;;;;;;;;;;;;;;;;;;;;;X;;;
44400522700;444-00522-700;OXYGEN PRESSURE GAUGE;;REPAIR;;;X;X;X;X;X;;;;;;;;;;;;;;;;;;;;;;;;;;;;;;;;;;;;;;;;;;;;;;;;;;;;;;;;;;;;;;;;X;;;;X;;;;;;;;;;;;;;;;;;;;;;;X;;;
44401165001;444-01165-001;02 CYLINDER - ACIER;;OVERHAUL;;;X;X;;;;;;;;;;;;;;;;;;;;;;;;;;;;;;;;;;;;;;;;;;;;;;;;;;;;;;;;;;;;;;;;;;;;;;;;;;;;;;;;X;;;;;;;;;;;;;;X;;;
44401165002;444-01165-002;02 CYLINDER - ACIER;;OVERHAUL;;;X;X;;;;;;;;;;;;;;;;;;;;;;;;;;;;;;;;;;;;;;;;;;;;;;;;;;;;;;;;;;;;;;;;;;;;;;;;;;;;;;;;X;;;;;;;;;;;;;;X;;;
44401165004;444-01165-004;02 CYLINDER - ACIER;;OVERHAUL;;;X;X;;;;;;;;;;;;;;;;;;;;;;;;;;;;;;;;;;;;;;;;;;;;;;;;;;;;;;;;;;;;;;;;;;;;;;;;;;;;;;;;X;;;;;;;;;;;;;;X;;;
44401165006;444-01165-006;02 CYLINDER - ACIER;;OVERHAUL;;;X;X;;;;;;;;;;;;;;;;;;;;;;;;;;;;;;;;;;;;;;;;;;;;;;;;;;;;;;;;;;;;;;;;;;;;;;;;;;;;;;;;X;;;;;;;;;;;;;;X;;;
44401165007;444-01165-007;02 CYLINDER;;OVERHAUL;;;X;X;;;;;;;;;;;;;;;;;;;;;;;;;;;;;;;;;;;;;;;;;;;;;;;;;;;;;;;;;;;;;;;;;;;;;;;;;;;;;;;;X;;;;;;;;;;;;;;X;;;
44401165011;444-01165-011;02 CYLINDER - ACIER;;OVERHAUL;;;X;X;;;;;;;;;;;;;;;;;;;;;;;;;;;;;;;;;;;;;;;;;;;;;;;;;;;;;;;;;;;;;;;;;;;;;;;;;;;;;;;;X;;;;;;;;;;;;;;X;;;
44401165012;444-01165-012;02 CYLINDER - ACIER;;OVERHAUL;;;X;X;;;;;;;;;;;;;;;;;;;;;;;;;;;;;;;;;;;;;;;;;;;;;;;;;;;;;;;;;;;;;;;;;;;;;;;;;;;;;;;;X;;;;;;;;;;;;;;X;;;
44401209000;444-01209-000;BOUTEILLE O2;;REPAIR;;;X;;;;;;;;;;;;;;;;;;;;;;;;;;;;;;;;;;;;;;;;;;;;;;;;;;;;;;;;;;;;;;;;;;;;;;;;;;;;;;;;;X;;;;;;;;;;;;;;X;;;
44401227001;444-01227-001;02 CYLINDER - ACIER;;OVERHAUL;;;X;X;;;;;;;;;;;;;;;;;;;;;;;;;;;;;;;;;;;;;;;;;;;;;;;;;;;;;;;;;;;;;;;;;;;;;;;;;;;;;;;;X;;;;;;;;;;;;;;X;;;
44401227003;444-01227-003;02 CYLINDER;;OVERHAUL;;;X;X;;;;;;;;;;;;;;;;;;;;;;;;;;;;;;;;;;;;;;;;;;;;;;;;;;;;;;;;;;;;;;;;;;;;;;;;;;;;;;;;X;;;;;;;;;;;;;;X;;;
44401227004;444-01227-004;02 CYLINDER - ACIER;;OVERHAUL;;;X;X;;;;;;;;;;;;;;;;;;;;;;;;;;;;;;;;;;;;;;;;;;;;;;;;;;;;;;;;;;;;;;;;;;;;;;;;;;;;;;;;X;;;;;;;;;;;;;;X;;;
44401564001;444-01564-001;O2 CYLINDER - ACIER;;OVERHAUL;;;X;;;;;;;;;;;;;;;;;;;;;;;;;;;;;;;;;;;;;;;;;;;;;;;;;;;;;;;;;;;;;;;;;;;;;;;;;;;;;;;;;X;;;;;;;;;;;;;;X;;;
44401728000;444-01728-000;02 CYLINDER - ALU;;OVERHAUL;;;X;;;;;;;;;;;;;;;;;;;;;;;;;;;;;;;;;;;;;;;;;;;;;;;;;;;;;;;;;;;;;;;;;;;;;;;;;;;;;;;;;X;;;;;;;;;;;;;;X;;;
44401760001;444-01760-001;02 CYLINDER;;OVERHAUL;;;X;;;;;;;;;;;;;;;;;;;;;;;;;;;;;;;;;;;;;;;;;;;;;;;;;;;;;;;;;;;;;;;;;;;;;;;;;;;;;;;;;X;;;;;;;;;;;;;;X;;;
44410405001;444-10405-001;02 CYLINDER - ALU;;OVERHAUL;;;X;;;;;;;;;;;;;;;;;;;;;;;;;;;;;;;;;;;;;;;;;;;;;;;;;;;;;;;;;;;;;;;;;;;;;;;;;;;;;;;;;X;;;;;;;;;;;;;;X;;;
44410405002;444-10405-002;02 CYLINDER - ALU;;OVERHAUL;;;X;X;;;;;;;;;;;;;;;;;;;;;;;;;;;;;;;;;;;;;;;;;;;;;;;;;;;;;;;;;;;;;;;;;;;;;;;;;;;;;;;;X;;;;;;;;;;;;;;X;;;
44410405002RG;444-10405-002RG;02 CYLINDER - ALU;;OVERHAUL;;;X;;;;;;;;;;;;;;;;;;;;;;;;;;;;;;;;;;;;;;;;;;;;;;;;;;;;;;;;;;;;;;;;;;;;;;;;;;;;;;;;;X;;;;;;;;;;;;;;X;;;