EIA1533B;EIA1533B;JUNCTION AND AMPLIFIER         (TEAM);REPAIR;;;;X;X;X;X;X;;;;;;;;;;;;;X;;X;X;;;;;;;;;;;;;;;;;;;;;;;;;;;;;;;;;;;;;;;;;;;;;;;;;;;;;;;;;;;;;;;;;;;;;;;;;;X;;;;
EIA1533C;EIA1533C;JUNCTION AND AMPLIFIER         (TEAM);REPAIR;;;;X;X;X;X;X;;;;;;;;;;;;;X;;X;X;;;;;;;;;;;;;;;;;;;;;;;;;;;;;;;;;;;;;;;;;;;;;;;;;;;;;;;;;;;;;;;;;;;;;;;;;;X;;;;
EIA1533E;EIA1533E;INTERCONNECTION AND INTERPHONE AMPLIFIER;REPAIR;;;;X;X;X;X;X;;;;;;;;;;;;;X;;X;X;;;;;;;;;;;;;;;;;;;;;;;;;;;;;;;;;;;;;;;;;;;;;;;;;;;;;;;;;;;;;;;;;;;;;;;;;;X;;;;
EL10101;EL101-01;P.C.B.,;REPAIR;;;;X;X;X;X;X;;;;;;X;;;;X;;;;;;;;;;;;;;;;;;;;;;;;;;;;;;;;;;;;;;;;;;;;;;;;;;;;;;;;;;;;;;;;;;;;;;;;;;;;;;;;X;;;;
ELP362D;ELP-362D;EMERGENCY LOCATING BEACON;;REPAIR;;;X;X;X;X;;;;;;;;;;;;;;;;;;;;;;;;;;;;;;;;;;;;;;;;;;;;;;;;;;;;;;;;;;;;;;;;;X;;;;;;;;;;;;;X;;;;;;;;;;;;;;X;;;
ELT96A256000000;ELT96A256000000;EMERGENCY LOCATOR TRANSMITTER;;CODING ;;;X;X;X;X;X;;;;;X;;;;;;;;;;;;;;;;;;;;;;;;;;;;;;X;X;X;X;X;;X;;;;;X;;;;;;;;;;;;;;;;;;;;;;;;;;;;;;;;;;;;;;;X;X;;;;;X;;;
ELT96A256000000;ELT96A256000000;EMERGENCY LOCATOR TRANSMITTER;;BATTERY CHANGE;;;X;X;X;X;X;;;;;X;;;;;;;;;;;;;;;;;;;;;;;;;;;;;;X;X;X;X;X;;X;;;;;X;;;;;;;;;;;;;;;;;;;;;;;;;;;;;;;;;;;;;;;X;X;;;;;X;;;
ELT97A256000000;ELT97A256000000;EMERGENCY LOCATOR TRANSMITTER;;CODING;;;X;X;X;X;X;;;;;X;;;;;;;;;;;;;;;;;;;;;;;;;;;;;;X;X;X;X;X;;;;;;;;;;;;;;;;;;;;;;;;;;;;;;;;;;;;;;;;;;;;;;X;X;;;;;X;;;
ELT97A256000000;ELT97A256000000;EMERGENCY LOCATOR TRANSMITTER;;BATTERY CHANGE;;;X;X;X;X;X;;;;;X;;;;;;;;;;;;;;;;;;;;;;;;;;;;;;X;X;X;X;X;;;;;;;;;;;;;;;;;;;;;;;;;;;;;;;;;;;;;;;;;;;;;;X;X;;;;;X;;;
EM1A;EM-1A;MEGAPHONE;;REPAIR;;;X;X;;;;;;;;;;;;;;;;;;;;;;;;;;;;;;;;;;;;;;;;;;;;;;;;;;;;;;;;;;;;;;;;;;;;;;;;;;;;;;;;X;;;;;;;;;;;;;;X;;;
EM80043;EM8004-3;STARTER GENERATOR;;OVERHAUL;;;X;;;;;;;;;;;;;;;;;;;;;;;;;;;;;;;;;;;;;;;;;;;;;;;;;;;;;;;;;;;;;;;;;;;;;;;;;;;;;;;;;X;;;;;;;;;;;;;;X;;;
EP54283;EP5428-3;TUBE, LANDING GEAR;OVERHAUL;;;;X;X;X;X;X;;;;;;X;;;;X;;;;;;;;;;;;;;;;;;;;;;;;;;;;;;;;;;;;;;;;;;;;;;;;;;;;;;;;;;;;;;;;;;;;;;;;;;;;;;;;X;;;;
EP54292;EP5429-2;ROD;OVERHAUL;;;;X;X;X;X;;;;;;;X;;;;X;;;;;;;;;;;;;;;;;;;;;;;;;;;;;;;;;;;;;;;;;;;;;;;;;;;;;;;;;;;;;;;;;;;;;;;;;;;;;;;;X;;;;
EVAC2423DC;EVAC2423DC;GROUND COOLING FAN;;REPAIR;Overhaul/Repair/Inspection/Modification;;X;X;;X;;;;;;;;;;;;;;;;;;;;;;;;;;;;;;;;;;;;X;X;;;;;;;;;;;;;;;;;;;;;;;;;;;;;;;;;;;;;;;;;;;;;;;;;;;;;;;X;X;;
EVAC2423EC;EVAC2423EC;GROUND COOLING FAN;;REPAIR;Overhaul/Repair/Inspection/Modification;;X;X;;X;;;;;;;;;;;;;;;;;;;;;;;;;;;;;;;;;;;;X;X;;;;;;;;;;;;;;;;;;;;;;;;;;;;;;;;;;;;;;;;;;;;;;;;;;;;;;;X;X;;
EVAC2423FC;EVAC2423FC;GROUND COOLING FAN;;REPAIR;Overhaul/Repair/Inspection/Modification;;X;X;;X;;;;;;;;;;;;;;;;;;;;;;;;;;;;;;;;;;;;X;X;;;;;;;;;;;;;;;;;;;;;;;;;;;;;;;;;;;;;;;;;;;;;;;;;;;;;;;X;X;;
EVAC2423FD;EVAC2423FD;GROUND COOLING FAN;;REPAIR;Overhaul/Repair/Inspection/Modification;;X;X;;X;;;;;;;;;;;;;;;;;;;;;;;;;;;;;;;;;;;;X;X;;;;;;;;;;;;;;;;;;;;;;;;;;;;;;;;;;;;;;;;;;;;;;;;;;;;;;;X;X;;
EVAC2423H;EVAC2423H;GROUND COOLING FAN;;REPAIR;Overhaul/Repair/Inspection/Modification;;X;X;;X;;;;;;;;;;;;;;;;;;;;;;;;;;;;;;;;;;;;X;X;;;;;;;;;;;;;;;;;;;;;;;;;;;;;;;;;;;;;;;;;;;;;;;;;;;;;;;X;X;;
EVAC523EXA;EVAC523EXA;FAN;;BENCH TEST;;;X;X;;;;;;;;;;;;;;;;;;;;;;;;;;;;;;;;;;;;;;X;X;;;;;;;;;;;;;;;;;;;;;;;;;;;;;;;;;;;;;;;;;;;;;;;;;;;;;;;X;;;
EVAC523G2;EVAC523G2;EVAC FAN;;OVERHAUL;Overhaul/Repair/Inspection/Modification;;X;X;X;X;X;;;;;;;;;;;;;;;;;;;;;;;;;;;;;;;;;;;X;X;;;;;;;;;;;;;;;;;;;;;;;;;;;;;;;;;;;;;;;;;;;;;;;;;;;;;;;X;X;;
EVAC523G3;EVAC523G3;EVAC FAN;;OVERHAUL;;;X;X;X;X;X;;;;;;;;;;;;;;;;;;;;;;;;;;;;;;;;;;;X;;;;X;;;;;;;;;;;;;;;;;;;;;;;;;;;;;;;;;;;;;;;;;;;;;;;;;;;;X;;;
EVCT1525;EVCT1525;FAN;OVERHAUL;;;;X;X;X;X;X;;;;;;;;;;;;;X;X;;;;;;;;;;;;;;;;;;;;;;;;;;;;;;;;;;;;;;;;;;;;;;;;;;;;;;;;;;;;;;;;;;;;;;;;;;;;X;;;;
EVCT1525A;EVCT1525A;FAN;OVERHAUL;;;;X;X;X;X;X;;;;;;;;;;;;;X;X;;;;;;;;;;;;;;;;;;;;;;;;;;;;;;;;;;;;;;;;;;;;;;;;;;;;;;;;;;;;;;;;;;;;;;;;;;;;X;;;;
EVCTA325A;EVCTA325A;FAN;;REPAIR;Overhaul/Repair/Inspection/Modification;;X;X;;X;;;;;;;;;;;;;;;;;;;;;;;;;;;;;;;;;;;;X;X;;;;;;;;;;;;;;;;;;;;;;;;;;;;;;;;;;;;;;;;;;;;;;;;;;;;;;;X;X;;
EVCTA325AAMDTB;EVCTA325AAMDTB;FAN;;REPAIR;;;X;X;;X;;;;;;;;;;;;;;;;;;;;;;;;;;;;;;;;;;;;X;;;;X;;;;;;;;;;;;;;;;;;;;;;;;;;;;;;;;;;;;;;;;;;;;;;;;;;;;X;;;
EVT174500;EVT174-500;MOTOR, BRAKE FAN;REPAIR;;;;X;X;X;X;X;;;;;;;;;;;;;X;;;;;;;;;;;;;;;;;;;;;;;;;;;;;;;;;;;;;;;;;;;;;;;;;;;;;;;;;;;;;;;;;;;;;;;;;;;;;X;;;;
EVT174500A;EVT174-500A;MOTOR, BRAKE FAN;REPAIR;;;;X;X;X;X;X;;;;;;;;;;;;;X;;;;;;;;;;;;;;;;;;;;;;;;;;;;;;;;;;;;;;;;;;;;;;;;;;;;;;;;;;;;;;;;;;;;;;;;;;;;;X;;;;
EVT174500B;EVT174-500B;MOTOR, BRAKE FAN;REPAIR;;;;X;X;X;X;X;;;;;;;;;;;;;X;;;;;;;;;;;;;;;;;;;;;;;;;;;;;;;;;;;;;;;;;;;;;;;;;;;;;;;;;;;;;;;;;;;;;;;;;;;;;X;;;;
EVT174500C;EVT174-500C;MOTOR, BRAKE FAN;REPAIR;;;;X;X;X;X;X;;;;;;;;;;;;;X;;;;;;;;;;;;;;;;;;;;;;;;;;;;;;;;;;;;;;;;;;;;;;;;;;;;;;;;;;;;;;;;;;;;;;;;;;;;;X;;;;
EVT174500D;EVT174-500D;ELECTRICAL MOTOR ASSY;REPAIR;;;;X;X;X;X;X;;;;;;;;;;;;;X;;;;;;;;;;;;;;;;;;;;;;;;;;;;;;;;;;;;;;;;;;;;;;;;;;;;;;;;;;;;;;;;;;;;;;;;;;;;;X;;;;
EVT174500E;EVT174-500E;ELECTRICAL MOTOR ASSY;REPAIR;;;;X;X;X;X;X;;;X;;;;;;;;;;X;;;;;;;;;;;;;;;;;;;;;;;;;;;;;;;;;;;;;;;;;;;;;;;;;;;;;;;;;;;;;;;;;;;;;;;;;;;;;X;;;;
EVT3454G;EVT3454G;AVIONICS FAN;REPAIR;;;;X;X;X;X;X;;;;;;;;;;;;;X;;;;X;X;X;X;;;;;;;;;;;;;;;;;;;;;;;;;;;;;;;;;;;;;;;;;;;;;;;;;;;;;;;;;;;;;;;;;;;;;;X;;;;
EVT3454H;EVT3454H;AVIONICS FAN;OVERHAUL;;;;X;X;X;X;X;;;;;;;;;;;;;X;;;;;;X;;;;;;;;;;;;;;;;;;;;;;;;;;;;;;;;;;;;;;;;;;;;;;;;;;;;;;;;;;;;;;;;;;;;;;;X;;;;
EVT3454HC;EVT3454HC;AVIONICS FAN;OVERHAUL;;;;X;X;X;X;X;;;;;;;;;;;;;X;;;;;;X;;;;;;;;;;;;;;;;;;;;;;;;;;;;;;;;;;;;;;;;;;;;;;;;;;;;;;;;;;;;;;;;;;;;;;;X;;;;
EVT3454J;EVT3454J;AVIONICS COOLING FAN;OVERHAUL;;;;X;X;X;X;X;;;;;;;;;;;;;X;;;;;;X;;;;;;;;;;;;;;;;;;;;;;;;;;;;;;;;;;;;;;;;;;;;;;;;;;;;;;;;;;;;;;;;;;;;;;;X;;;;
EVT3454J01;EVT3454J01;AVIONICS FAN;OVERHAUL;;;;X;X;X;X;X;;;;;;;;;;;;;X;;;;X;X;X;X;;;;;;;;;;;;;;;;;;;;;;;;;;;;;;;;;;;;;;;;;;;;;;;;;;;;;;;;;;;;;;;;;;;;;;X;;;;
EVT3640A;EVT3640A;ELECTRIC FAN;REPAIR;;;;X;X;X;X;X;;;;;;;;;;;;;X;X;X;;;;;;;;;;;;;;;;;;;;;;;;;;;;;;;;;;;;;;;;;;;;;;;;;;;;;;;;;;;;;;;;;;;;;;;;;;;X;;;;
EVT3745A;EVT3745A;ELECTRIC FAN;OVERHAUL;;;;X;X;X;X;X;;;;;;;;;;;;;X;;X;X;;;;;;;;;;;;;;;;;;;;;;;;;;;;;;;;;;;;;;;;;;;;;;;;;;;;;;;;;;;;;;;;;;;;;;;;;;X;;;;
EVT3745B;EVT3745B;ELECTRIC FAN;OVERHAUL;;;;X;X;X;X;X;;;;;;;;;;;;;X;;X;X;;;;;;;;;;;;;;;;;;;;;;;;;;;;;;;;;;;;;;;;;;;;;;;;;;;;;;;;;;;;;;;;;;;;;;;;;;X;;;;
EVTA103B;EVTA103B;ELECTROFAN;OVERHAUL;;;;X;X;X;X;X;;;;;;;;;;;;;X;X;;;;;;;;;;;;;;;;;;;;;;;;;;;;;;;;;;;;;;;;;;;;;;;;;;;;;;;;;;;;;;;;;;;;;;;;;;;;X;;;;
EVTA1925B;EVTA1925B;EXTRACTION FAN AIR;;REPAIR;Overhaul/Repair/Inspection/Modification;;X;X;X;X;X;;;;;;;;;;;;;;;;;;;;;;;;;;;;;;;;;;;X;;;;X;;;;;;;;;;;;;;;;;;;;;;;;;;;;;;;;;;;;;;;;;;;;;;;;;;;;X;X;;
EVTA1926BA;EVTA1926BA;EXHAUST FAN;;;Overhaul/Repair/Inspection/Modification;;;X;;;;;X;X;X;X;;;;;;;;;;;;;;;;;;;;;;;;;;;;;;;;;;;;X;X;X;X;X;;;;;;;;;;;;;;;;;;;;;;;;;;;;;;;;;;;;;;;;;;;;;;;;;
EVTA1926CA;EVTA1926CA;EXHAUST FAN;;;Overhaul/Repair/Inspection/Modification;;;X;;;;;X;X;X;X;;;;;;;;;;;;;;;;;;;;;;;;;;;;;;;;;;;;X;X;X;X;X;;;;;;;;;;;;;;;;;;;;;;;;;;;;;;;;;;;;;;;;;;;;;;;;;
EVTA1926DA;EVTA1926DA;EXTRACTION FAN AIR;;REPAIR;Overhaul/Repair/Inspection/Modification;;X;X;;X;;;;;;;;;;;;;;;;;;;;;;;;;;;;;;;;;;;;X;;;;X;;;;;;;;;;;;;;;;;;;;;;;;;;;;;;;;;;;;;;;;;;;;;;;;;;;;X;X;;
EVTA1926DC;EVTA1926DC;EXTRACTION FAN AIR;;REPAIR;Overhaul/Repair/Inspection/Modification;;X;;;;;;;;;;;;;;;;;;;;;;;;;;;;;;;;;;;;;;;X;X;;;X;;;;;;;;;;;;;;;;;;;;;;;;;;;;;;;;;;;;;;;;;;;;;;;;;;;;X;X;X;
F10A134;F10A134;SLAT ASSY OUTBOARD;;REPAIR;;DNR;X;;;;;;;;;;;;;;;;;;;;;;;;;;;;;;;;;;;;;;;;;;;;;;;;;;;;X;;;X;;;;;;;;;;;;;;;;;;;;;;;;;;;;;;;;;;;;;;;;X;;X;
F10A144A1;F10A144A1;SLAT ASSY OUTBOARD;;REPAIR;;;X;;;;;;;;;;;;;;;;;;;;;;;;;;;;;;;;;;;;;;;;;;;;;;;;;;;;X;;;X;;;;;;;;;;;;;;;;;;;;;;;;;;;;;;;;;;;;;;;;X;;X;
F10A207A1;F10A207A1;RADOME;;REPAIR;;;X;;;;;;;;;;;;;;;;;;;;;;;;;;;;;;;;;;;;;;;;;;;;;;;;;;;;X;;;X;;;;;;;;;;;;;;;;;;;;;;;;;;;;;;;;;;;;;;;;X;;X;
F10A260400B1;F10A260400B1;GLACE;;INSPECTION;;;X;;;;;;;;;X;;;;;;;;;;;;;;;;;;;;;;;;;;;;;;;;;;;;;;;;;;;X;;;X;;;;;;;;;;;;;;;;;;;;;;;;;;;;;;;;;;;;;;;;X;;X;
F10A270100160A1;F10A270100160A1;COUVERCLE;;REPAIR;;;X;;;;;;;;;;;;;;;;;;;;;;;;;;;;;;;;;;;;;;;;;;;;;;;;;;;;X;;;X;;;;;;;;;;;;;;;;;;;;;;;;;;;;;;;;;;;;;;;;X;;X;
F10A311A3;F10A311A3;CAISSONDERI;;REPAIR;;;X;X;;;;;;;;X;;;;;;;;;;;;;;;;;;;;;;;;;;;;;;;;;;;;;;;;;;;X;;;X;;;;;;;;;;;;;;;;;;;;;;;;;;;;;;;;;;;;;;;;X;;X;
F10A330;F10A330;HORIZONTAL STABILIZER;;REPAIR;;;X;X;;;;;;;;;;;;;;;;;;;;;;;;;;;;;;;;;;;;;;;;;;;;;;;;;;;X;;;X;;;;;;;;;;;;;;;;;;;;;;;;;;;;;;;;;;;;;;;;X;;X;
F10A5B10201109;F10A5B10201-109;AIR INTAKE COWL ASSY;;REPAIR;;;X;;;;;;;;;;;;;;;;;;;;;;;;;;;;;;;;;;;;;;;;;;;;;;;;;;;;X;;;X;;;;;;;;;;;;;;;;;;;;;;;;;;;;;;;;;;;;;;;;X;;X;
F10A5B10201110;F10A5B10201-110;AIR INTAKE COWL ASSY;;REPAIR;;;X;;;;;;;;;;;;;;;;;;;;;;;;;;;;;;;;;;;;;;;;;;;;;;;;;;;;X;;;X;;;;;;;;;;;;;;;;;;;;;;;;;;;;;;;;;;;;;;;;X;;X;
F10A5B10201111;F10A5B10201-111;AIR INTAKE COWL ASSY;;REPAIR;;;X;;;;;;;;;;;;;;;;;;;;;;;;;;;;;;;;;;;;;;;;;;;;;;;;;;;;X;;;X;;;;;;;;;;;;;;;;;;;;;;;;;;;;;;;;;;;;;;;;X;;X;
F10A5B10201112;F10A5B10201-112;AIR INTAKE COWL ASSY;;REPAIR;;;X;X;;;;;;;;X;;;;;;;;;;;;;;;;;;;;;;;;;;;;;;X;X;;;;;;;;;;;;X;;;X;;;;;;;;;;;;;;;;;;;;;;;;;;;;;;;;;;;;;;;;X;;;
F10A5B102041;F10A5B10204-1;CAPOT SUP GA;;REPAIR;;;X;;;;;;;;;;;;;;;;;;;;;;;;;;;;;;;;;;;;;;;;;;;;;;;;;;;;X;;;X;;;;;;;;;;;;;;;;;;;;;;;;;;;;;;;;;;;;;;;;X;;X;
F2557120000000;F2557120000000;MATS - BALL;REPAIR;;;;X;X;;;;;;;;;;;;;;;;;;;;;;;;X;X;;;;;;;;;;;;;;;;;;;;;;;;;;;;;;;;;;;;;;;;;;;;;;;;;;;;;;;;;;;;;;;;;;;;X;;;X;
F2557120000200;F2557120000200;MATS - BALL;REPAIR;;;;X;X;;;;;;;;;;;;;;;;;;;;;;;;X;X;;;;;;;;;;;;;;;;;;;;;;;;;;;;;;;;;;;;;;;;;;;;;;;;;;;;;;;;;;;;;;;;;;;;X;;;X;
F2557120000400;F2557120000400;MATS - BALL;REPAIR;;;;X;X;;;;;;;;;;;;;;;;;;;;;;;;X;X;;;;;;;;;;;;;;;;;;;;;;;;;;;;;;;;;;;;;;;;;;;;;;;;;;;;;;;;;;;;;;;;;;;;X;;;X;
F2557120000800;F2557120000800;MATS - BALL;REPAIR;;;;X;X;;;;;;;;;;;;;;;;;;;;;;;;X;X;;;;;;;;;;;;;;;;;;;;;;;;;;;;;;;;;;;;;;;;;;;;;;;;;;;;;;;;;;;;;;;;;;;;X;;;X;
F2557120001000;F2557120001000;MATS - BALL;REPAIR;;;;X;X;;;;;;;;;;;;;;;;;;;;;;;;X;X;;;;;;;;;;;;;;;;;;;;;;;;;;;;;;;;;;;;;;;;;;;;;;;;;;;;;;;;;;;;;;;;;;;;X;;;X;
F2557120001200;F2557120001200;MATS - BALL;REPAIR;;;;X;X;;;;;;;;;;;;;;;;;;;;;;;;X;X;;;;;;;;;;;;;;;;;;;;;;;;;;;;;;;;;;;;;;;;;;;;;;;;;;;;;;;;;;;;;;;;;;;;X;;;X;
F2557120001400;F2557120001400;MATS - BALL;REPAIR;;;;X;X;;;;;;;;;;;;;;;;;;;;;;;;X;X;;;;;;;;;;;;;;;;;;;;;;;;;;;;;;;;;;;;;;;;;;;;;;;;;;;;;;;;;;;;;;;;;;;;X;;;X;
F2557120001600;F2557120001600;MATS - BALL;REPAIR;;;;X;X;;;;;;;;;;;;;;;;;;;;;;;;X;X;;;;;;;;;;;;;;;;;;;;;;;;;;;;;;;;;;;;;;;;;;;;;;;;;;;;;;;;;;;;;;;;;;;;X;;;X;
F2557120001800;F2557120001800;MATS - BALL;REPAIR;;;;X;X;;;;;;;;;;;;;;;;;;;;;;;;X;X;;;;;;;;;;;;;;;;;;;;;;;;;;;;;;;;;;;;;;;;;;;;;;;;;;;;;;;;;;;;;;;;;;;;X;;;X;
F2557120002000;F2557120002000;MATS - BALL;REPAIR;;;;X;X;;;;;;;;;;;;;;;;;;;;;;;;X;X;;;;;;;;;;;;;;;;;;;;;;;;;;;;;;;;;;;;;;;;;;;;;;;;;;;;;;;;;;;;;;;;;;;;X;;;X;
F2557120002200;F2557120002200;MATS - BALL;REPAIR;;;;X;X;;;;;;;;;;;;;;;;;;;;;;;;X;X;;;;;;;;;;;;;;;;;;;;;;;;;;;;;;;;;;;;;;;;;;;;;;;;;;;;;;;;;;;;;;;;;;;;X;;;X;
F2557120002400;F2557120002400;MATS - BALL;REPAIR;;;;X;X;;;;;;;;;;;;;;;;;;;;;;;;X;X;;;;;;;;;;;;;;;;;;;;;;;;;;;;;;;;;;;;;;;;;;;;;;;;;;;;;;;;;;;;;;;;;;;;X;;;X;
F2557120002600;F2557120002600;MATS - BALL;REPAIR;;;;X;X;;;;;;;;;;;;;;;;;;;;;;;;X;X;;;;;;;;;;;;;;;;;;;;;;;;;;;;;;;;;;;;;;;;;;;;;;;;;;;;;;;;;;;;;;;;;;;;X;;;X;
F2557120002800;F2557120002800;MATS - BALL;REPAIR;;;;X;X;;;;;;;;;;;;;;;;;;;;;;;;X;X;;;;;;;;;;;;;;;;;;;;;;;;;;;;;;;;;;;;;;;;;;;;;;;;;;;;;;;;;;;;;;;;;;;;X;;;X;
F2557120003000;F2557120003000;MATS - BALL;REPAIR;;;;X;X;;;;;;;;;;;;;;;;;;;;;;;;X;X;;;;;;;;;;;;;;;;;;;;;;;;;;;;;;;;;;;;;;;;;;;;;;;;;;;;;;;;;;;;;;;;;;;;X;;;X;
F2557120003200;F2557120003200;MATS - BALL;REPAIR;;;;X;X;;;;;;;;;;;;;;;;;;;;;;;;X;X;;;;;;;;;;;;;;;;;;;;;;;;;;;;;;;;;;;;;;;;;;;;;;;;;;;;;;;;;;;;;;;;;;;;X;;;X;
F2557120003400;F2557120003400;MATS - BALL;REPAIR;;;;X;X;;;;;;;;;;;;;;;;;;;;;;;;X;X;;;;;;;;;;;;;;;;;;;;;;;;;;;;;;;;;;;;;;;;;;;;;;;;;;;;;;;;;;;;;;;;;;;;X;;;X;
F2557120003800;F2557120003800;MATS - BALL;REPAIR;;;;X;X;;;;;;;;;;;;;;;;;;;;;;;;X;X;;;;;;;;;;;;;;;;;;;;;;;;;;;;;;;;;;;;;;;;;;;;;;;;;;;;;;;;;;;;;;;;;;;;X;;;X;
F2557120004000;F2557120004000;MATS - BALL;REPAIR;;;;X;X;;;;;;;;;;;;;;;;;;;;;;;;X;X;;;;;;;;;;;;;;;;;;;;;;;;;;;;;;;;;;;;;;;;;;;;;;;;;;;;;;;;;;;;;;;;;;;;X;;;X;
F2557120004200;F2557120004200;MATS - BALL;REPAIR;;;;X;X;;;;;;;;;;;;;;;;;;;;;;;;X;X;;;;;;;;;;;;;;;;;;;;;;;;;;;;;;;;;;;;;;;;;;;;;;;;;;;;;;;;;;;;;;;;;;;;X;;;X;
F2557120004400;F2557120004400;MATS - BALL;REPAIR;;;;X;X;;;;;;;;;;;;;;;;;;;;;;;;X;X;;;;;;;;;;;;;;;;;;;;;;;;;;;;;;;;;;;;;;;;;;;;;;;;;;;;;;;;;;;;;;;;;;;;X;;;X;
F2557120004600;F2557120004600;MATS - BALL;REPAIR;;;;X;X;;;;;;;;;;;;;;;;;;;;;;;;X;X;;;;;;;;;;;;;;;;;;;;;;;;;;;;;;;;;;;;;;;;;;;;;;;;;;;;;;;;;;;;;;;;;;;;X;;;X;
F2557120004800;F2557120004800;MATS - BALL;REPAIR;;;;X;X;;;;;;;;;;;;;;;;;;;;;;;;X;X;;;;;;;;;;;;;;;;;;;;;;;;;;;;;;;;;;;;;;;;;;;;;;;;;;;;;;;;;;;;;;;;;;;;X;;;X;
F2557120005000;F2557120005000;MATS - BALL;REPAIR;;;;X;X;;;;;;;;;;;;;;;;;;;;;;;;X;X;;;;;;;;;;;;;;;;;;;;;;;;;;;;;;;;;;;;;;;;;;;;;;;;;;;;;;;;;;;;;;;;;;;;X;;;X;
F2557120005200;F2557120005200;MATS - BALL;REPAIR;;;;X;X;;;;;;;;;;;;;;;;;;;;;;;;X;X;;;;;;;;;;;;;;;;;;;;;;;;;;;;;;;;;;;;;;;;;;;;;;;;;;;;;;;;;;;;;;;;;;;;X;;;X;
F2557120101600;F2557120101600;MATS - BALL;REPAIR;;;;X;X;;;;;;;;;;;;;;;;;;;;;;;;X;X;;;;;;;;;;;;;;;;;;;;;;;;;;;;;;;;;;;;;;;;;;;;;;;;;;;;;;;;;;;;;;;;;;;;X;;;X;
F2557120200000;F2557120200000;MATS - BALL;REPAIR;;;;X;X;;;;;;;;;;;;;;;;;;;;;;;;X;X;;;;;;;;;;;;;;;;;;;;;;;;;;;;;;;;;;;;;;;;;;;;;;;;;;;;;;;;;;;;;;;;;;;;X;;;X;
F2557120200200;F2557120200200;MATS - BALL;REPAIR;;;;X;X;;;;;;;;;;;;;;;;;;;;;;;;X;X;;;;;;;;;;;;;;;;;;;;;;;;;;;;;;;;;;;;;;;;;;;;;;;;;;;;;;;;;;;;;;;;;;;;X;;;X;
F2557120200400;F2557120200400;MATS - BALL;REPAIR;;;;X;X;;;;;;;;;;;;;;;;;;;;;;;;X;X;;;;;;;;;;;;;;;;;;;;;;;;;;;;;;;;;;;;;;;;;;;;;;;;;;;;;;;;;;;;;;;;;;;;X;;;X;
F2557120200800;F2557120200800;MATS - BALL;REPAIR;;;;X;X;;;;;;;;;;;;;;;;;;;;;;;;X;X;;;;;;;;;;;;;;;;;;;;;;;;;;;;;;;;;;;;;;;;;;;;;;;;;;;;;;;;;;;;;;;;;;;;X;;;X;
F2557120201000;F2557120201000;MATS - BALL;REPAIR;;;;X;X;;;;;;;;;;;;;;;;;;;;;;;;X;X;;;;;;;;;;;;;;;;;;;;;;;;;;;;;;;;;;;;;;;;;;;;;;;;;;;;;;;;;;;;;;;;;;;;X;;;X;
F2557120201200;F2557120201200;MATS - BALL;REPAIR;;;;X;X;;;;;;;;;;;;;;;;;;;;;;;;X;X;;;;;;;;;;;;;;;;;;;;;;;;;;;;;;;;;;;;;;;;;;;;;;;;;;;;;;;;;;;;;;;;;;;;X;;;X;
F2557120201400;F2557120201400;MATS - BALL;REPAIR;;;;X;X;;;;;;;;;;;;;;;;;;;;;;;;X;X;;;;;;;;;;;;;;;;;;;;;;;;;;;;;;;;;;;;;;;;;;;;;;;;;;;;;;;;;;;;;;;;;;;;X;;;X;
F2557120201800;F2557120201800;MATS - BALL;REPAIR;;;;X;X;;;;;;;;;;;;;;;;;;;;;;;;X;X;;;;;;;;;;;;;;;;;;;;;;;;;;;;;;;;;;;;;;;;;;;;;;;;;;;;;;;;;;;;;;;;;;;;X;;;X;
F2557120202000;F2557120202000;MATS - BALL;REPAIR;;;;X;X;;;;;;;;;;;;;;;;;;;;;;;;X;X;;;;;;;;;;;;;;;;;;;;;;;;;;;;;;;;;;;;;;;;;;;;;;;;;;;;;;;;;;;;;;;;;;;;X;;;X;
F2557120202200;F2557120202200;MATS - BALL;REPAIR;;;;X;X;;;;;;;;;;;;;;;;;;;;;;;;X;X;;;;;;;;;;;;;;;;;;;;;;;;;;;;;;;;;;;;;;;;;;;;;;;;;;;;;;;;;;;;;;;;;;;;X;;;X;
F2557120202400;F2557120202400;MATS - BALL;REPAIR;;;;X;X;;;;;;;;;;;;;;;;;;;;;;;;X;X;;;;;;;;;;;;;;;;;;;;;;;;;;;;;;;;;;;;;;;;;;;;;;;;;;;;;;;;;;;;;;;;;;;;X;;;X;
F2557120202800;F2557120202800;MATS - BALL;REPAIR;;;;X;X;;;;;;;;;;;;;;;;;;;;;;;;X;X;;;;;;;;;;;;;;;;;;;;;;;;;;;;;;;;;;;;;;;;;;;;;;;;;;;;;;;;;;;;;;;;;;;;X;;;X;
F2557120203200;F2557120203200;MATS - BALL;REPAIR;;;;X;X;;;;;;;;;;;;;;;;;;;;;;;;X;X;;;;;;;;;;;;;;;;;;;;;;;;;;;;;;;;;;;;;;;;;;;;;;;;;;;;;;;;;;;;;;;;;;;;X;;;X;
F2557120203400;F2557120203400;MATS - BALL;REPAIR;;;;X;X;;;;;;;;;;;;;;;;;;;;;;;;X;X;;;;;;;;;;;;;;;;;;;;;;;;;;;;;;;;;;;;;;;;;;;;;;;;;;;;;;;;;;;;;;;;;;;;X;;;X;
F2557120203800;F2557120203800;MATS - BALL;REPAIR;;;;X;X;;;;;;;;;;;;;;;;;;;;;;;;X;X;;;;;;;;;;;;;;;;;;;;;;;;;;;;;;;;;;;;;;;;;;;;;;;;;;;;;;;;;;;;;;;;;;;;X;;;X;
F2557120204200;F2557120204200;MATS - BALL;REPAIR;;;;X;X;;;;;;;;;;;;;;;;;;;;;;;;X;X;;;;;;;;;;;;;;;;;;;;;;;;;;;;;;;;;;;;;;;;;;;;;;;;;;;;;;;;;;;;;;;;;;;;X;;;X;
F2557120204400;F2557120204400;MATS - BALL;REPAIR;;;;X;X;;;;;;;;;;;;;;;;;;;;;;;;X;X;;;;;;;;;;;;;;;;;;;;;;;;;;;;;;;;;;;;;;;;;;;;;;;;;;;;;;;;;;;;;;;;;;;;X;;;X;
F2557120204600;F2557120204600;MATS - BALL;REPAIR;;;;X;X;;;;;;;;;;;;;;;;;;;;;;;;X;X;;;;;;;;;;;;;;;;;;;;;;;;;;;;;;;;;;;;;;;;;;;;;;;;;;;;;;;;;;;;;;;;;;;;X;;;X;
F2557120204800;F2557120204800;MATS - BALL;REPAIR;;;;X;X;;;;;;;;;;;;;;;;;;;;;;;;X;X;;;;;;;;;;;;;;;;;;;;;;;;;;;;;;;;;;;;;;;;;;;;;;;;;;;;;;;;;;;;;;;;;;;;X;;;X;
F2557120205000;F2557120205000;MATS - BALL;REPAIR;;;;X;X;;;;;;;;;;;;;;;;;;;;;;;;X;X;;;;;;;;;;;;;;;;;;;;;;;;;;;;;;;;;;;;;;;;;;;;;;;;;;;;;;;;;;;;;;;;;;;;X;;;X;
F2557120205200;F2557120205200;MATS - BALL;REPAIR;;;;X;X;;;;;;;;;;;;;;;;;;;;;;;;X;X;;;;;;;;;;;;;;;;;;;;;;;;;;;;;;;;;;;;;;;;;;;;;;;;;;;;;;;;;;;;;;;;;;;;X;;;X;
F2557120205400;F2557120205400;MATS - BALL;REPAIR;;;;X;X;;;;;;;;;;;;;;;;;;;;;;;;X;X;;;;;;;;;;;;;;;;;;;;;;;;;;;;;;;;;;;;;;;;;;;;;;;;;;;;;;;;;;;;;;;;;;;;X;;;X;
F2557121800200;F2557121800200;MATS - BALL;REPAIR;;;;X;X;;;;;;;;;;;;;;;;;;;;;;;;X;X;;;;;;;;;;;;;;;;;;;;;;;;;;;;;;;;;;;;;;;;;;;;;;;;;;;;;;;;;;;;;;;;;;;;X;;;X;
F2557121800400;F2557121800400;MATS - BALL;REPAIR;;;;X;X;;;;;;;;;;;;;;;;;;;;;;;;X;X;;;;;;;;;;;;;;;;;;;;;;;;;;;;;;;;;;;;;;;;;;;;;;;;;;;;;;;;;;;;;;;;;;;;X;;;X;
F2557121800600;F2557121800600;MATS - BALL;REPAIR;;;;X;X;;;;;;;;;;;;;;;;;;;;;;;;X;X;;;;;;;;;;;;;;;;;;;;;;;;;;;;;;;;;;;;;;;;;;;;;;;;;;;;;;;;;;;;;;;;;;;;X;;;X;
F2557121800800;F2557121800800;MATS - BALL;REPAIR;;;;X;X;;;;;;;;;;;;;;;;;;;;;;;;X;X;;;;;;;;;;;;;;;;;;;;;;;;;;;;;;;;;;;;;;;;;;;;;;;;;;;;;;;;;;;;;;;;;;;;X;;;X;
F2557121801000;F2557121801000;MATS - BALL;REPAIR;;;;X;X;;;;;;;;;;;;;;;;;;;;;;;;X;X;;;;;;;;;;;;;;;;;;;;;;;;;;;;;;;;;;;;;;;;;;;;;;;;;;;;;;;;;;;;;;;;;;;;X;;;X;
F2557121801200;F2557121801200;MATS - BALL;REPAIR;;;;X;X;;;;;;;;;;;;;;;;;;;;;;;;X;X;;;;;;;;;;;;;;;;;;;;;;;;;;;;;;;;;;;;;;;;;;;;;;;;;;;;;;;;;;;;;;;;;;;;X;;;X;
F2557121801400;F2557121801400;MATS - BALL;REPAIR;;;;X;X;;;;;;;;;;;;;;;;;;;;;;;;X;X;;;;;;;;;;;;;;;;;;;;;;;;;;;;;;;;;;;;;;;;;;;;;;;;;;;;;;;;;;;;;;;;;;;;X;;;X;
F2557121801600;F2557121801600;MATS - BALL;REPAIR;;;;X;X;;;;;;;;;;;;;;;;;;;;;;;;X;X;;;;;;;;;;;;;;;;;;;;;;;;;;;;;;;;;;;;;;;;;;;;;;;;;;;;;;;;;;;;;;;;;;;;X;;;X;
F2557121801800;F2557121801800;MATS - BALL;REPAIR;;;;X;X;;;;;;;;;;;;;;;;;;;;;;;;X;X;;;;;;;;;;;;;;;;;;;;;;;;;;;;;;;;;;;;;;;;;;;;;;;;;;;;;;;;;;;;;;;;;;;;X;;;X;
F2557121802000;F2557121802000;MATS - BALL;REPAIR;;;;X;X;;;;;;;;;;;;;;;;;;;;;;;;X;X;;;;;;;;;;;;;;;;;;;;;;;;;;;;;;;;;;;;;;;;;;;;;;;;;;;;;;;;;;;;;;;;;;;;X;;;X;
F2557121802200;F2557121802200;MATS - BALL;REPAIR;;;;X;X;;;;;;;;;;;;;;;;;;;;;;;;X;X;;;;;;;;;;;;;;;;;;;;;;;;;;;;;;;;;;;;;;;;;;;;;;;;;;;;;;;;;;;;;;;;;;;;X;;;X;
F2557121802400;F2557121802400;MATS - BALL;REPAIR;;;;X;X;;;;;;;;;;;;;;;;;;;;;;;;X;X;;;;;;;;;;;;;;;;;;;;;;;;;;;;;;;;;;;;;;;;;;;;;;;;;;;;;;;;;;;;;;;;;;;;X;;;X;
F2557121802600;F2557121802600;MATS - BALL;REPAIR;;;;X;X;;;;;;;;;;;;;;;;;;;;;;;;X;X;;;;;;;;;;;;;;;;;;;;;;;;;;;;;;;;;;;;;;;;;;;;;;;;;;;;;;;;;;;;;;;;;;;;X;;;X;
F2557121802800;F2557121802800;MATS - BALL;REPAIR;;;;X;X;;;;;;;;;;;;;;;;;;;;;;;;X;X;;;;;;;;;;;;;;;;;;;;;;;;;;;;;;;;;;;;;;;;;;;;;;;;;;;;;;;;;;;;;;;;;;;;X;;;X;
F2557121803000;F2557121803000;MATS - BALL;REPAIR;;;;X;X;;;;;;;;;;;;;;;;;;;;;;;;X;X;;;;;;;;;;;;;;;;;;;;;;;;;;;;;;;;;;;;;;;;;;;;;;;;;;;;;;;;;;;;;;;;;;;;X;;;X;
F2557121803200;F2557121803200;MATS - BALL;REPAIR;;;;X;X;;;;;;;;;;;;;;;;;;;;;;;;X;X;;;;;;;;;;;;;;;;;;;;;;;;;;;;;;;;;;;;;;;;;;;;;;;;;;;;;;;;;;;;;;;;;;;;X;;;X;
F2557121803400;F2557121803400;MATS - BALL;REPAIR;;;;X;X;;;;;;;;;;;;;;;;;;;;;;;;X;X;;;;;;;;;;;;;;;;;;;;;;;;;;;;;;;;;;;;;;;;;;;;;;;;;;;;;;;;;;;;;;;;;;;;X;;;X;
F2557121803600;F2557121803600;MATS - BALL;REPAIR;;;;X;X;;;;;;;;;;;;;;;;;;;;;;;;X;X;;;;;;;;;;;;;;;;;;;;;;;;;;;;;;;;;;;;;;;;;;;;;;;;;;;;;;;;;;;;;;;;;;;;X;;;X;
F2557121803800;F2557121803800;MATS - BALL;REPAIR;;;;X;X;;;;;;;;;;;;;;;;;;;;;;;;X;X;;;;;;;;;;;;;;;;;;;;;;;;;;;;;;;;;;;;;;;;;;;;;;;;;;;;;;;;;;;;;;;;;;;;X;;;X;
F2557121804000;F2557121804000;MATS - BALL;REPAIR;;;;X;X;;;;;;;;;;;;;;;;;;;;;;;;X;X;;;;;;;;;;;;;;;;;;;;;;;;;;;;;;;;;;;;;;;;;;;;;;;;;;;;;;;;;;;;;;;;;;;;X;;;X;
F2557121804200;F2557121804200;MATS - BALL;REPAIR;;;;X;X;;;;;;;;;;;;;;;;;;;;;;;;X;X;;;;;;;;;;;;;;;;;;;;;;;;;;;;;;;;;;;;;;;;;;;;;;;;;;;;;;;;;;;;;;;;;;;;X;;;X;
F2557121804400;F2557121804400;MATS - BALL;REPAIR;;;;X;X;;;;;;;;;;;;;;;;;;;;;;;;X;X;;;;;;;;;;;;;;;;;;;;;;;;;;;;;;;;;;;;;;;;;;;;;;;;;;;;;;;;;;;;;;;;;;;;X;;;X;
F2557121804600;F2557121804600;MATS - BALL;REPAIR;;;;X;X;;;;;;;;;;;;;;;;;;;;;;;;X;X;;;;;;;;;;;;;;;;;;;;;;;;;;;;;;;;;;;;;;;;;;;;;;;;;;;;;;;;;;;;;;;;;;;;X;;;X;
F2557121804800;F2557121804800;MATS - BALL;REPAIR;;;;X;X;;;;;;;;;;;;;;;;;;;;;;;;X;X;;;;;;;;;;;;;;;;;;;;;;;;;;;;;;;;;;;;;;;;;;;;;;;;;;;;;;;;;;;;;;;;;;;;X;;;X;
F2557121805000;F2557121805000;MATS - BALL;REPAIR;;;;X;X;;;;;;;;;;;;;;;;;;;;;;;;X;X;;;;;;;;;;;;;;;;;;;;;;;;;;;;;;;;;;;;;;;;;;;;;;;;;;;;;;;;;;;;;;;;;;;;X;;;X;
F2557121805200;F2557121805200;MATS - BALL;REPAIR;;;;X;X;;;;;;;;;;;;;;;;;;;;;;;;X;X;;;;;;;;;;;;;;;;;;;;;;;;;;;;;;;;;;;;;;;;;;;;;;;;;;;;;;;;;;;;;;;;;;;;X;;;X;
F2727104900000;F2727104900000;SPRING ROD;OVERHAUL;;;;X;X;X;X;X;;;;;;;;;;;;;X;X;X;X;;;;;X;X;;;;;;;;;;;;;;;;;;;;;;;;;;;;;;;;;;;;;;;;;;;;;;;;;;;;;;;;;;;;;;;;;;;;X;;;;
F2727156000000;F2727156000000;SPRING ROD;REPAIR;;;;X;X;X;X;X;;;;;;;;;;;;;X;;;;;;;;X;;;;;;;;;;;;;;;;;;;;;;;;;;;;;;;;;;;;;;;;;;;;;;;;;;;;;;;;;;;;;;;;;;;;;X;;;;
F2727156000200;F2727156000200;SPRING ROD;OVERHAUL;;;;X;X;X;X;;;;;;;;;;;;;;X;;;;;;;;X;;;;;;;;;;;;;;;;;;;;;;;;;;;;;;;;;;;;;;;;;;;;;;;;;;;;;;;;;;;;;;;;;;;;;X;;;;
F3043F237310;F3043F237310;ADDITIONAL ATTENDANT PANEL;REPAIR;;;;X;X;X;X;X;;;;;;;;;;;;;X;;;;;;;;X;X;;;;;;;;;;;;;;;;;;;;;;;;;;;;;;;;;;;;;;;;;;;;;;;;;;;;;;;;;;;;;;;;;;;;X;;;;
F3045F237310;F3045F237310;ADDITIONAL ATTENDANT PANEL;REPAIR;;;;X;X;X;X;X;;;;;;;;;;;;;X;;;;;;;;X;X;;;;;;;;;;;;;;;;;;;;;;;;;;;;;;;;;;;;;;;;;;;;;;;;;;;;;;;;;;;;;;;;;;;;X;;;;
F3048F237310;F3048F237310;ADDITIONAL ATTENDANT PANEL;REPAIR;;;;X;X;X;X;X;;;;;;;;;;;;;X;;;;;;;;X;X;;;;;;;;;;;;;;;;;;;;;;;;;;;;;;;;;;;;;;;;;;;;;;;;;;;;;;;;;;;;;;;;;;;;X;;;;
F3048F252100;F3048F252100;LEGREST;MOD;;;;X;X;X;X;X;;;;;;;;;;;;;X;;;;;;;;X;;;;;;;;;;;;;;;;;;;;;;;;;;;;;;;;;;;;;;;;;;;;;;;;;;;;;;;;;;;;;;;;;;;;;X;;;;
F3048F252110;F3048F252110;LEGREST;MOD;;;;X;X;X;X;X;;;;;;;;;;;;;X;;;;;;;;X;;;;;;;;;;;;;;;;;;;;;;;;;;;;;;;;;;;;;;;;;;;;;;;;;;;;;;;;;;;;;;;;;;;;;X;;;;
F3058F237310;F3058F237310;ADDITIONAL ATTENDANT PANEL;REPAIR;;;;X;X;X;X;X;;;;;;;;;;;;;X;;;;;;;;X;;;;;;;;;;;;;;;;;;;;;;;;;;;;;;;;;;;;;;;;;;;;;;;;;;;;;;;;;;;;;;;;;;;;;X;;;;
F32HB0361;F32HB0361;MOTOR ASSY;;BENCH TEST;;;X;X;;X;;;;;;;;;;;;;;;;;;;;;;;;;;;;;;;;;;;;X;X;X;X;X;;;;;;;;;;;;;;;;;;;;;;;;;;;;;;;;;;;;;;;;;;;;;;;;;;;;X;;;
F32HB0361EF1;F32HB0361EF1;MOTOR ASSY;;BENCH TEST;;;X;X;;X;;;;;;;;;;;;;;;;;;;;;;;;;;;;;;;;;;;;X;X;X;X;X;;;;;;;;;;;;;;;;;;;;;;;;;;;;;;;;;;;;;;;;;;;;;;;;;;;;X;;;
F34PB6224;F34PB6224;FAN;OVERHAUL;;;;X;X;X;X;X;;;;;;;;;;;;;X;X;;;;;;;;;;;;;;;;;;;;;;;;;;;;;;;;;;;;;;;;;;;;;;;;;;;;;;;;;;;;;;;;;;;;;;;;;;;;X;;;;
F34PB6224A;F34PB6224A;FAN;OVERHAUL;;;;X;X;X;X;X;;;;;;;;;;;;;X;;;;;;;;;;;;;;;;;;;;;;;;;;;;;;;;;;;;;;;;;;;;;;;;;;;;;;;;;;;;;;;;;;;;;;;;;;;;;X;;;;
F46BC0101;F46BC0101;SMOKE DETECTOR CONTROL BOX;;REPAIR;;;X;X;X;X;X;;;;;;;;;;;;;;;;;;;;;;;;;;;;;;;;;;;X;X;;;;;;;;;;;;;;;;;;;;;;;;;;;;;;;;;;;;;;;;;;;;;;;;;;;;;;;X;;;
F46BD0101;F46BD0101;SMOKE DETECTOR CONTROL BOX;;REPAIR;;;X;X;;X;;;;;;;;;;;;;;;;;;;;;;;;;;;;;;;;;;;;X;X;;;;;;;;;;;;;;;;;;;;;;;;;;;;;;;;;;;;;;;;;;;;;;;;;;;;;;;X;;;
F50B133B2;F50B133B2;LEADING EDGE INBOARD LH;;REPAIR;;;X;X;;X;;;;;;;;;;;;;;;;;;;;;;;;;;;;;;;;;;;;;;;;;;;;;;;;;X;;;;;X;;;;;;;;;;;;;;;;;;;;;;;;;;;;;;;;;;;;;;X;;X;
F50B160002225B2;F50B160002225B2;SLIDE;;REPAIR;;;X;X;;;;;;;;X;;;;;;;;;;;;;;;;;;;;;;;;;;;;;;;;;;;;;;;;;;;;;;;;;;;;;;;;;;;;;;;;;;;;;;;;;;;;;;;;;;;;;;X;;;
F50B160002230B2;F50B160002230B2;FAIRING ASSY;;REPAIR;;;X;X;;;;;;;;;;;;;;;;;;;;;;;;;;;;;;;;;;;;;;;;;;;;;;;;;;;;;;;;;;;;;;;;;;;;;;;;;;;;;;;;;;;;;;;;;;;;;;X;;;
F50B258701;F50B258701;AIR INTAKE;;REPAIR;;;X;X;;;;;;;X;;;;;;;;;;;;;;;;;;;;;;;;;;;;;;;;;;;;;;;;;;;;X;;;;;X;;;;;;;;;;;;;;;;;;;;;;;;;;;;;;;;;;;;;;X;;X;
F50B331;F50B331;HORIZONTAL STABILIZER;;REPAIR;;;X;X;;;;;;;;;;;;;;;;;;;;;;;;;;;;;;;;;;;;;;;;;;;;;;;;;;;X;;;;;X;;;;;;;;;;;;;;;;;;;;;;;;;;;;;;;;;;;;;;X;;;
F50B341A1;F50B341A1;ELEVATOR ASSY LH;;REPAIR;;;X;X;;;;;;;;;;;;;;;;;;;;;;;;;;;;;;;;;;;;;;;;;;;;;;;;;;;X;;;;;X;;;;;;;;;;;;;;;;;;;;;;;;;;;;;;;;;;;;;;X;;X;
F50B342A1;F50B342A1;ELEVATOR ASSY LH;;REPAIR;;;X;X;;;;;;;;;;;;;;;;;;;;;;;;;;;;;;;;;;;;;;;;;;;;;;;;;;;X;;;;;X;;;;;;;;;;;;;;;;;;;;;;;;;;;;;;;;;;;;;;X;;X;
F50B382B3;F50B382B3;HORIZONTAL STABILIZER RIB;;REPAIR;;;X;X;;;;;;;;;;;;;;;;;;;;;;;;;;;;;;;;;;;;;;;;;;;;;;;;;;;X;;;;;X;;;;;;;;;;;;;;;;;;;;;;;;;;;;;;;;;;;;;;X;;X;
F50B581102;F50B581102;COWLING UPPER SIDE ENGINE LH;;REPAIR;;;X;X;;;;;;;;;;;;;;;;;;;;;;;;;;;;;;;;;;;;;;;;;;;;;;;;;;;X;;;;;X;;;;;;;;;;;;;;;;;;;;;;;;;;;;;;;;;;;;;;X;;X;
F50B581102A2;F50B581102A2;COWLING,UPPER,SIDE ENGINEÿ(LH);;REPAIR;;;X;X;;;;;;;;X;;;;;;;;;;;;;;;;;;;;;;;;;;;;;;;;;;;;;;;;;;;X;;;;;X;;;;;;;;;;;;;;;;;;;;;;;;;;;;;;;;;;;;;;X;;X;
F50B581103A3;F50B581103A3;COWLING UPPER SIDE ENGINE LH;;REPAIR;;;X;X;;;;;;;;X;;;;;;;;;;;;;;;;;;;;;;;;;;;;;;;;;;;;;;;;;;;X;;;;;X;;;;;;;;;;;;;;;;;;;;;;;;;;;;;;;;;;;;;;X;;X;
F50B581301B3;F50B581301B3;AIR INTAKE RH ;;REPAIR;;;X;X;;;;;;;;;;;;;;;;;;;;;;;;;;;;;;;;;;;;;;;;;;;;;;;;;;;X;;;;;X;;;;;;;;;;;;;;;;;;;;;;;;;;;;;;;;;;;;;;X;;X;
F50B581301W4;F50B581301W4;AIR INTAKE;;REPAIR;;;X;;;;;;;;;X;;;;;;;;;;;;;;;;;;;;;;;;;;;;;;;;;;;;;;;;;;;X;;;;;X;;;;;;;;;;;;;;;;;;;;;;;;;;;;;;;;;;;;;;X;;X;
F50B581303;F50B581303;COWLING LOWER SIDE ENGINE RH ;;REPAIR;;;X;X;;;;;;;;;;;;;;;;;;;;;;;;;;;;;;;;;;;;;;;;;;;;;;;;;;;X;;;;;X;;;;;;;;;;;;;;;;;;;;;;;;;;;;;;;;;;;;;;X;;X;
F50B581B3;F50B581B3;HORIZONTAL STABILIZER RIB;;REPAIR;;;X;X;;;;;;;;;;;;;;;;;;;;;;;;;;;;;;;;;;;;;;;;;;;;;;;;;;;X;;;;;X;;;;;;;;;;;;;;;;;;;;;;;;;;;;;;;;;;;;;;X;;X;
F50B582001A1;F50B582001A1;HORIZONTAL STABILIZER;;REPAIR;;;X;X;;;;;;;;;;;;;;;;;;;;;;;;;;;;;;;;;;;;;;;;;;;;;;;;;;;X;;;;;X;;;;;;;;;;;;;;;;;;;;;;;;;;;;;;;;;;;;;;X;;X;
F50B583001;F50B583001;CONE REAR THRUST REVERSER;;REPAIR;;;X;;;;;;;;;X;;;;;;;;;;;;;;;;;;;;;;;;;;;;;;;;;;;;;;;;;;;X;;;;;X;;;;;;;;;;;;;;;;;;;;;;;;;;;;;;;;;;;;;;X;;X;
F50B583001820A1;F50B583001820A1;STUB,HALF,ASSYÿ;;REPAIR;;;X;X;;;;;;;;X;;;;;;;;;;;;;;;;;;;;;;;;;;;;;;;;;;;;;;;;;;;X;;;;;X;;;;;;;;;;;;;;;;;;;;;;;;;;;;;;;;;;;;;;X;;X;
F50B583001830A1;F50B583001830A1;STUB,HALF,ASSYÿ;;REPAIR;;;X;X;;;;;;;;X;;;;;;;;;;;;;;;;;;;;;;;;;;;;;;;;;;;;;;;;;;;X;;;;;X;;;;;;;;;;;;;;;;;;;;;;;;;;;;;;;;;;;;;;X;;X;
F50B583001880;F50B583001880;OBTURATOR ASSY;;REPAIR;;;X;X;;;;;;;;X;;;;;;;;;;;;;;;;;;;;;;;;;;;;;;;;;;;;;;;;;;;X;;;;;X;;;;;;;;;;;;;;;;;;;;;;;;;;;;;;;;;;;;;;X;;X;
F50B583002100A1;F50B583002100A1;COWLING,HALFÿ;;REPAIR;;;X;X;;;;;;;;X;;;;;;;;;;;;;;;;;;;;;;;;;;;;;;;;;;;;;;;;;;;X;;;;;X;;;;;;;;;;;;;;;;;;;;;;;;;;;;;;;;;;;;;;X;;X;
F50B583002200A1;F50B583002200A1;COWLING,HALFÿ;;REPAIR;;;X;X;;;;;;;;X;;;;;;;;;;;;;;;;;;;;;;;;;;;;;;;;;;;;;;;;;;;X;;;;;X;;;;;;;;;;;;;;;;;;;;;;;;;;;;;;;;;;;;;;X;;X;
F50B583003A1;F50B583003A1;JET PIPE - ENG 2;;REPAIR;;;X;;;;;;;;;X;;;;;;;;;;;;;;;;;;;;;;;;;;;;;;;;;;;;;;;;;;;X;;;;;X;;;;;;;;;;;;;;;;;;;;;;;;;;;;;;;;;;;;;;X;;X;
F50B58430000;F50B58-430000;COWLING ASSY;;REPAIR;;;X;;;;;;;;;X;;;;;;;;;;;;;;;;;;;;;;;;;;;;;;;;;;;;;;;;;;;X;;;;;X;;;;;;;;;;;;;;;;;;;;;;;;;;;;;;;;;;;;;;X;;X;
F5281003600000;F5281003600000;FWD NLG DOOR;REPAIR;;;;X;X;;;;;;;;;;;;;;;;;;;;;;;;X;X;;;;;;;;;;;;;;;;;;;;;;;;;;;;;;;;;;;;;;;;;;;;;;;;;;;;;;;;;;;;;;;;;;;;X;;;X;
F5281003600100;F5281003600100;FWD NLG DOOR;REPAIR;;;;X;X;;;;;;;;;;;;;;;;;;;;;;;;X;X;;;;;;;;;;;;;;;;;;;;;;;;;;;;;;;;;;;;;;;;;;;;;;;;;;;;;;;;;;;;;;;;;;;;X;;;X;
F5281003600200;F5281003600200;FWD NLG DOOR;REPAIR;;;;X;X;;;;;;;;;;;;;;;;;;;;;;;;X;X;;;;;;;;;;;;;;;;;;;;;;;;;;;;;;;;;;;;;;;;;;;;;;;;;;;;;;;;;;;;;;;;;;;;X;;;X;
F5281003600300;F5281003600300;FWD NLG DOOR;REPAIR;;;;X;X;;;;;;;;;;;;;;;;;;;;;;;;X;X;;;;;;;;;;;;;;;;;;;;;;;;;;;;;;;;;;;;;;;;;;;;;;;;;;;;;;;;;;;;;;;;;;;;X;;;X;
F5281003600400;F5281003600400;FWD NLG DOOR;REPAIR;;;;X;X;;;;;;;;;;;;;;;;;;;;;;;;X;X;;;;;;;;;;;;;;;;;;;;;;;;;;;;;;;;;;;;;;;;;;;;;;;;;;;;;;;;;;;;;;;;;;;;X;;;X;
F5281003600500;F5281003600500;FWD NLG DOOR;REPAIR;;;;X;X;;;;;;;;;;;;;;;;;;;;;;;;X;X;;;;;;;;;;;;;;;;;;;;;;;;;;;;;;;;;;;;;;;;;;;;;;;;;;;;;;;;;;;;;;;;;;;;X;;;X;
F5281003600600;F5281003600600;FWD NLG DOOR;REPAIR;;;;X;X;;;;;;;;;;;;;;;;;;;;;;;;X;X;;;;;;;;;;;;;;;;;;;;;;;;;;;;;;;;;;;;;;;;;;;;;;;;;;;;;;;;;;;;;;;;;;;;X;;;X;
F5281003600700;F5281003600700;FWD NLG DOOR;REPAIR;;;;X;X;;;;;;;;;;;;;;;;;;;;;;;;X;X;;;;;;;;;;;;;;;;;;;;;;;;;;;;;;;;;;;;;;;;;;;;;;;;;;;;;;;;;;;;;;;;;;;;X;;;X;
F5281003600800;F5281003600800;FWD NLG DOOR;REPAIR;;;;X;X;;;;;;;;;;;;;;;;;;;;;;;;X;X;;;;;;;;;;;;;;;;;;;;;;;;;;;;;;;;;;;;;;;;;;;;;;;;;;;;;;;;;;;;;;;;;;;;X;;;X;
F5281003600900;F5281003600900;FWD NLG DOOR;REPAIR;;;;X;X;;;;;;;;;;;;;;;;;;;;;;;;X;X;;;;;;;;;;;;;;;;;;;;;;;;;;;;;;;;;;;;;;;;;;;;;;;;;;;;;;;;;;;;;;;;;;;;X;;;X;
F5281003601000;F5281003601000;FWD NLG DOOR;REPAIR;;;;X;X;;;;;;;;;;;;;;;;;;;;;;;;X;X;;;;;;;;;;;;;;;;;;;;;;;;;;;;;;;;;;;;;;;;;;;;;;;;;;;;;;;;;;;;;;;;;;;;X;;;X;
F5281003601100;F5281003601100;FWD NLG DOOR;REPAIR;;;;X;X;;;;;;;;;;;;;;;;;;;;;;;;X;X;;;;;;;;;;;;;;;;;;;;;;;;;;;;;;;;;;;;;;;;;;;;;;;;;;;;;;;;;;;;;;;;;;;;X;;;X;
F5281003601120;F5281003601120;FWD NLG DOOR;REPAIR;;;;X;X;;;;;;;;;;;;;;;;;;;;;;;;X;X;;;;;;;;;;;;;;;;;;;;;;;;;;;;;;;;;;;;;;;;;;;;;;;;;;;;;;;;;;;;;;;;;;;;X;;;X;
F5281003601130;F5281003601130;FWD NLG DOOR;REPAIR;;;;X;X;;;;;;;;;;;;;;;;;;;;;;;;X;X;;;;;;;;;;;;;;;;;;;;;;;;;;;;;;;;;;;;;;;;;;;;;;;;;;;;;;;;;;;;;;;;;;;;X;;;X;
F5281003601140;F5281003601140;FWD NLG DOOR;REPAIR;;;;X;X;;;;;;;;;;;;;;;;;;;;;;;;X;X;;;;;;;;;;;;;;;;;;;;;;;;;;;;;;;;;;;;;;;;;;;;;;;;;;;;;;;;;;;;;;;;;;;;X;;;X;
F5281003601150;F5281003601150;FWD NLG DOOR;REPAIR;;;;X;X;;;;;;;;;;;;;;;;;;;;;;;;X;X;;;;;;;;;;;;;;;;;;;;;;;;;;;;;;;;;;;;;;;;;;;;;;;;;;;;;;;;;;;;;;;;;;;;X;;;X;
F5281003601160;F5281003601160;FWD NLG DOOR;REPAIR;;;;X;X;;;;;;;;;;;;;;;;;;;;;;;;X;X;;;;;;;;;;;;;;;;;;;;;;;;;;;;;;;;;;;;;;;;;;;;;;;;;;;;;;;;;;;;;;;;;;;;X;;;X;
F5281003601170;F5281003601170;FWD NLG DOOR;REPAIR;;;;X;X;;;;;;;;;;;;;;;;;;;;;;;;X;X;;;;;;;;;;;;;;;;;;;;;;;;;;;;;;;;;;;;;;;;;;;;;;;;;;;;;;;;;;;;;;;;;;;;X;;;X;
F5281003601180;F5281003601180;FWD NLG DOOR;REPAIR;;;;X;X;;;;;;;;;;;;;;;;;;;;;;;;X;X;;;;;;;;;;;;;;;;;;;;;;;;;;;;;;;;;;;;;;;;;;;;;;;;;;;;;;;;;;;;;;;;;;;;X;;;X;
F5281003601190;F5281003601190;FWD NLG DOOR;REPAIR;;;;X;X;;;;;;;;;;;;;;;;;;;;;;;;X;X;;;;;;;;;;;;;;;;;;;;;;;;;;;;;;;;;;;;;;;;;;;;;;;;;;;;;;;;;;;;;;;;;;;;X;;;X;
F5281003602000;F5281003602000;FWD NLG DOOR;REPAIR;;;;X;X;;;;;;;;;;;;;;;;;;;;;;;;X;X;;;;;;;;;;;;;;;;;;;;;;;;;;;;;;;;;;;;;;;;;;;;;;;;;;;;;;;;;;;;;;;;;;;;X;;;X;
F5281003602100;F5281003602100;FWD NLG DOOR;REPAIR;;;;X;X;;;;;;;;;;;;;;;;;;;;;;;;X;X;;;;;;;;;;;;;;;;;;;;;;;;;;;;;;;;;;;;;;;;;;;;;;;;;;;;;;;;;;;;;;;;;;;;X;;;X;
F5281003602200;F5281003602200;FWD NLG DOOR;REPAIR;;;;X;X;;;;;;;;;;;;;;;;;;;;;;;;X;X;;;;;;;;;;;;;;;;;;;;;;;;;;;;;;;;;;;;;;;;;;;;;;;;;;;;;;;;;;;;;;;;;;;;X;;;X;
F5281003602300;F5281003602300;FWD NLG DOOR;REPAIR;;;;X;X;;;;;;;;;;;;;;;;;;;;;;;;X;X;;;;;;;;;;;;;;;;;;;;;;;;;;;;;;;;;;;;;;;;;;;;;;;;;;;;;;;;;;;;;;;;;;;;X;;;X;
F5281003602400;F5281003602400;FWD NLG DOOR;REPAIR;;;;X;X;;;;;;;;;;;;;;;;;;;;;;;;X;X;;;;;;;;;;;;;;;;;;;;;;;;;;;;;;;;;;;;;;;;;;;;;;;;;;;;;;;;;;;;;;;;;;;;X;;;X;
F5281003602500;F5281003602500;FWD NLG DOOR;REPAIR;;;;X;X;;;;;;;;;;;;;;;;;;;;;;;;X;X;;;;;;;;;;;;;;;;;;;;;;;;;;;;;;;;;;;;;;;;;;;;;;;;;;;;;;;;;;;;;;;;;;;;X;;;X;
F5281003700000;F5281003700000;AFT NLG DOOR;REPAIR;;;;X;X;;;;;;;;;;;;;;;;;;;;;;;;X;X;;;;;;;;;;;;;;;;;;;;;;;;;;;;;;;;;;;;;;;;;;;;;;;;;;;;;;;;;;;;;;;;;;;;X;;;X;
F5281003700100;F5281003700100;AFT NLG DOOR;REPAIR;;;;X;X;;;;;;;;;;;;;;;;;;;;;;;;X;X;;;;;;;;;;;;;;;;;;;;;;;;;;;;;;;;;;;;;;;;;;;;;;;;;;;;;;;;;;;;;;;;;;;;X;;;X;
F5281003700200;F5281003700200;AFT NLG DOOR;REPAIR;;;;X;X;;;;;;;;;;;;;;;;;;;;;;;;X;X;;;;;;;;;;;;;;;;;;;;;;;;;;;;;;;;;;;;;;;;;;;;;;;;;;;;;;;;;;;;;;;;;;;;X;;;X;
F5281003700300;F5281003700300;AFT NLG DOOR;REPAIR;;;;X;X;;;;;;;;;;;;;;;;;;;;;;;;X;X;;;;;;;;;;;;;;;;;;;;;;;;;;;;;;;;;;;;;;;;;;;;;;;;;;;;;;;;;;;;;;;;;;;;X;;;X;
F5281003700400;F5281003700400;AFT NLG DOOR;REPAIR;;;;X;X;;;;;;;;;;;;;;;;;;;;;;;;X;X;;;;;;;;;;;;;;;;;;;;;;;;;;;;;;;;;;;;;;;;;;;;;;;;;;;;;;;;;;;;;;;;;;;;X;;;X;
F5281003700500;F5281003700500;AFT NLG DOOR;REPAIR;;;;X;X;;;;;;;;;;;;;;;;;;;;;;;;X;X;;;;;;;;;;;;;;;;;;;;;;;;;;;;;;;;;;;;;;;;;;;;;;;;;;;;;;;;;;;;;;;;;;;;X;;;X;
F5281003700600;F5281003700600;AFT NLG DOOR;REPAIR;;;;X;X;;;;;;;;;;;;;;;;;;;;;;;;X;X;;;;;;;;;;;;;;;;;;;;;;;;;;;;;;;;;;;;;;;;;;;;;;;;;;;;;;;;;;;;;;;;;;;;X;;;X;
F5281003700700;F5281003700700;AFT NLG DOOR;REPAIR;;;;X;X;;;;;;;;;;;;;;;;;;;;;;;;X;X;;;;;;;;;;;;;;;;;;;;;;;;;;;;;;;;;;;;;;;;;;;;;;;;;;;;;;;;;;;;;;;;;;;;X;;;X;
F5281003700800;F5281003700800;AFT NLG DOOR;REPAIR;;;;X;X;;;;;;;;;;;;;;;;;;;;;;;;X;X;;;;;;;;;;;;;;;;;;;;;;;;;;;;;;;;;;;;;;;;;;;;;;;;;;;;;;;;;;;;;;;;;;;;X;;;X;
F5281003700900;F5281003700900;AFT NLG DOOR;REPAIR;;;;X;X;;;;;;;;;;;;;;;;;;;;;;;;X;X;;;;;;;;;;;;;;;;;;;;;;;;;;;;;;;;;;;;;;;;;;;;;;;;;;;;;;;;;;;;;;;;;;;;X;;;X;
F5281019100000;F5281019100000;AFT NLG DOOR;REPAIR;;;;X;X;;;;;;;;;;;;;;;;;;;;;;;;X;X;;;;;;;;;;;;;;;;;;;;;;;;;;;;;;;;;;;;;;;;;;;;;;;;;;;;;;;;;;;;;;;;;;;;X;;;X;
F5281019100100;F5281019100100;AFT NLG DOOR;REPAIR;;;;X;X;;;;;;;;;;;;;;;;;;;;;;;;X;X;;;;;;;;;;;;;;;;;;;;;;;;;;;;;;;;;;;;;;;;;;;;;;;;;;;;;;;;;;;;;;;;;;;;X;;;X;
F5281019100200;F5281019100200;AFT NLG DOOR;REPAIR;;;;X;X;;;;;;;;;;;;;;;;;;;;;;;;X;X;;;;;;;;;;;;;;;;;;;;;;;;;;;;;;;;;;;;;;;;;;;;;;;;;;;;;;;;;;;;;;;;;;;;X;;;X;
F5281019100300;F5281019100300;AFT NLG DOOR;REPAIR;;;;X;X;;;;;;;;;;;;;;;;;;;;;;;;X;X;;;;;;;;;;;;;;;;;;;;;;;;;;;;;;;;;;;;;;;;;;;;;;;;;;;;;;;;;;;;;;;;;;;;X;;;X;
F5281019100400;F5281019100400;AFT NLG DOOR;REPAIR;;;;X;X;;;;;;;;;;;;;;;;;;;;;;;;X;X;;;;;;;;;;;;;;;;;;;;;;;;;;;;;;;;;;;;;;;;;;;;;;;;;;;;;;;;;;;;;;;;;;;;X;;;X;
F5281019100500;F5281019100500;AFT NLG DOOR;REPAIR;;;;X;X;;;;;;;;;;;;;;;;;;;;;;;;X;X;;;;;;;;;;;;;;;;;;;;;;;;;;;;;;;;;;;;;;;;;;;;;;;;;;;;;;;;;;;;;;;;;;;;X;;;X;
F5281019100600;F5281019100600;AFT NLG DOOR;REPAIR;;;;X;X;;;;;;;;;;;;;;;;;;;;;;;;X;X;;;;;;;;;;;;;;;;;;;;;;;;;;;;;;;;;;;;;;;;;;;;;;;;;;;;;;;;;;;;;;;;;;;;X;;;X;
F5281019100700;F5281019100700;AFT NLG DOOR;REPAIR;;;;X;X;;;;;;;;;;;;;;;;;;;;;;;;X;X;;;;;;;;;;;;;;;;;;;;;;;;;;;;;;;;;;;;;;;;;;;;;;;;;;;;;;;;;;;;;;;;;;;;X;;;X;
F5281050100000;F5281050100000;MAIN LANDING GEAR DOOR;REPAIR;;;;X;X;;;;;;;;;;;;;;;;;;;;;;;;X;X;;;;;;;;;;;;;;;;;;;;;;;;;;;;;;;;;;;;;;;;;;;;;;;;;;;;;;;;;;;;;;;;;;;;X;;;X;
F5281050100100;F5281050100100;MAIN LANDING GEAR DOOR;REPAIR;;;;X;X;;;;;;;;;;;;;;;;;;;;;;;;X;X;;;;;;;;;;;;;;;;;;;;;;;;;;;;;;;;;;;;;;;;;;;;;;;;;;;;;;;;;;;;;;;;;;;;X;;;X;
F5281050100200;F5281050100200;MAIN LANDING GEAR DOOR;REPAIR;;;;X;X;;;;;;;;;;;;;;;;;;;;;;;;X;X;;;;;;;;;;;;;;;;;;;;;;;;;;;;;;;;;;;;;;;;;;;;;;;;;;;;;;;;;;;;;;;;;;;;X;;;X;
F5281050100300;F5281050100300;MAIN LANDING GEAR DOOR;REPAIR;;;;X;X;;;;;;;;;;;;;;;;;;;;;;;;X;X;;;;;;;;;;;;;;;;;;;;;;;;;;;;;;;;;;;;;;;;;;;;;;;;;;;;;;;;;;;;;;;;;;;;X;;;X;
F5281050100500;F5281050100500;MAIN LANDING GEAR DOOR;REPAIR;;;;X;X;;;;;;;;;;;;;;;;;;;;;;;;X;X;;;;;;;;;;;;;;;;;;;;;;;;;;;;;;;;;;;;;;;;;;;;;;;;;;;;;;;;;;;;;;;;;;;;X;;;X;
F5281050100800;F5281050100800;MAIN LANDING GEAR DOOR;REPAIR;;;;X;X;;;;;;;;;;;;;;;;;;;;;;;;X;X;;;;;;;;;;;;;;;;;;;;;;;;;;;;;;;;;;;;;;;;;;;;;;;;;;;;;;;;;;;;;;;;;;;;X;;;X;
F5281050100900;F5281050100900;MAIN LANDING GEAR DOOR;REPAIR;;;;X;X;;;;;;;;;;;;;;;;;;;;;;;;X;X;;;;;;;;;;;;;;;;;;;;;;;;;;;;;;;;;;;;;;;;;;;;;;;;;;;;;;;;;;;;;;;;;;;;X;;;X;
F5281050101200;F5281050101200;MAIN LANDING GEAR DOOR;REPAIR;;;;X;X;;;;;;;;;;;;;;;;;;;;;;;;X;X;;;;;;;;;;;;;;;;;;;;;;;;;;;;;;;;;;;;;;;;;;;;;;;;;;;;;;;;;;;;;;;;;;;;X;;;X;
F5281050101300;F5281050101300;MAIN LANDING GEAR DOOR;REPAIR;;;;X;X;;;;;;;;;;;;;;;;;;;;;;;;X;X;;;;;;;;;;;;;;;;;;;;;;;;;;;;;;;;;;;;;;;;;;;;;;;;;;;;;;;;;;;;;;;;;;;;X;;;X;
F5281050101400;F5281050101400;MAIN LANDING GEAR DOOR;REPAIR;;;;X;X;;;;;;;;;;;;;;;;;;;;;;;;X;X;;;;;;;;;;;;;;;;;;;;;;;;;;;;;;;;;;;;;;;;;;;;;;;;;;;;;;;;;;;;;;;;;;;;X;;;X;
F5281050101500;F5281050101500;MAIN LANDING GEAR DOOR;REPAIR;;;;X;X;;;;;;;;;;;;;;;;;;;;;;;;X;X;;;;;;;;;;;;;;;;;;;;;;;;;;;;;;;;;;;;;;;;;;;;;;;;;;;;;;;;;;;;;;;;;;;;X;;;X;
F5281050101600;F5281050101600;MAIN LANDING GEAR DOOR;REPAIR;;;;X;X;;;;;;;;;;;;;;;;;;;;;;;;X;X;;;;;;;;;;;;;;;;;;;;;;;;;;;;;;;;;;;;;;;;;;;;;;;;;;;;;;;;;;;;;;;;;;;;X;;;X;
F5281050101700;F5281050101700;MAIN LANDING GEAR DOOR;REPAIR;;;;X;X;;;;;;;;;;;;;;;;;;;;;;;;X;X;;;;;;;;;;;;;;;;;;;;;;;;;;;;;;;;;;;;;;;;;;;;;;;;;;;;;;;;;;;;;;;;;;;;X;;;X;
F5281050102000;F5281050102000;MAIN LANDING GEAR DOOR;REPAIR;;;;X;X;;;;;;;;;;;;;;;;;;;;;;;;X;X;;;;;;;;;;;;;;;;;;;;;;;;;;;;;;;;;;;;;;;;;;;;;;;;;;;;;;;;;;;;;;;;;;;;X;;;X;
F5281050102100;F5281050102100;MAIN LANDING GEAR DOOR;REPAIR;;;;X;X;;;;;;;;;;;;;;;;;;;;;;;;X;X;;;;;;;;;;;;;;;;;;;;;;;;;;;;;;;;;;;;;;;;;;;;;;;;;;;;;;;;;;;;;;;;;;;;X;;;X;
F5281050102200;F5281050102200;MAIN LANDING GEAR DOOR;REPAIR;;;;X;X;;;;;;;;;;;;;;;;;;;;;;;;X;X;;;;;;;;;;;;;;;;;;;;;;;;;;;;;;;;;;;;;;;;;;;;;;;;;;;;;;;;;;;;;;;;;;;;X;;;X;
F5281050102300;F5281050102300;MAIN LANDING GEAR DOOR;REPAIR;;;;X;X;;;;;;;;;;;;;;;;;;;;;;;;X;X;;;;;;;;;;;;;;;;;;;;;;;;;;;;;;;;;;;;;;;;;;;;;;;;;;;;;;;;;;;;;;;;;;;;X;;;X;
F5281050102400;F5281050102400;MAIN LANDING GEAR DOOR;REPAIR;;;;X;X;;;;;;;;;;;;;;;;;;;;;;;;X;X;;;;;;;;;;;;;;;;;;;;;;;;;;;;;;;;;;;;;;;;;;;;;;;;;;;;;;;;;;;;;;;;;;;;X;;;X;
F5281050102500;F5281050102500;MAIN LANDING GEAR DOOR;REPAIR;;;;X;X;;;;;;;;;;;;;;;;;;;;;;;;X;X;;;;;;;;;;;;;;;;;;;;;;;;;;;;;;;;;;;;;;;;;;;;;;;;;;;;;;;;;;;;;;;;;;;;X;;;X;
F5281050102600;F5281050102600;MAIN LANDING GEAR DOOR;REPAIR;;;;X;X;;;;;;;;;;;;;;;;;;;;;;;;X;X;;;;;;;;;;;;;;;;;;;;;;;;;;;;;;;;;;;;;;;;;;;;;;;;;;;;;;;;;;;;;;;;;;;;X;;;X;
F5281050102700;F5281050102700;MAIN LANDING GEAR DOOR;REPAIR;;;;X;X;;;;;;;;;;;;;;;;;;;;;;;;X;X;;;;;;;;;;;;;;;;;;;;;;;;;;;;;;;;;;;;;;;;;;;;;;;;;;;;;;;;;;;;;;;;;;;;X;;;X;
F5281050102800;F5281050102800;MAIN LANDING GEAR DOOR;REPAIR;;;;X;X;;;;;;;;;;;;;;;;;;;;;;;;X;X;;;;;;;;;;;;;;;;;;;;;;;;;;;;;;;;;;;;;;;;;;;;;;;;;;;;;;;;;;;;;;;;;;;;X;;;X;
F5281050102900;F5281050102900;MAIN LANDING GEAR DOOR;REPAIR;;;;X;X;;;;;;;;;;;;;;;;;;;;;;;;X;X;;;;;;;;;;;;;;;;;;;;;;;;;;;;;;;;;;;;;;;;;;;;;;;;;;;;;;;;;;;;;;;;;;;;X;;;X;
F5281050103000;F5281050103000;MAIN LANDING GEAR DOOR;REPAIR;;;;X;X;;;;;;;;;;;;;;;;;;;;;;;;X;X;;;;;;;;;;;;;;;;;;;;;;;;;;;;;;;;;;;;;;;;;;;;;;;;;;;;;;;;;;;;;;;;;;;;X;;;X;
F5281050103100;F5281050103100;MAIN LANDING GEAR DOOR;REPAIR;;;;X;X;;;;;;;;;;;;;;;;;;;;;;;;X;X;;;;;;;;;;;;;;;;;;;;;;;;;;;;;;;;;;;;;;;;;;;;;;;;;;;;;;;;;;;;;;;;;;;;X;;;X;
F5281050103200;F5281050103200;MAIN LANDING GEAR DOOR;REPAIR;;;;X;X;;;;;;;;;;;;;;;;;;;;;;;;X;X;;;;;;;;;;;;;;;;;;;;;;;;;;;;;;;;;;;;;;;;;;;;;;;;;;;;;;;;;;;;;;;;;;;;X;;;X;
F5281050103300;F5281050103300;MAIN LANDING GEAR DOOR;REPAIR;;;;X;X;;;;;;;;;;;;;;;;;;;;;;;;X;X;;;;;;;;;;;;;;;;;;;;;;;;;;;;;;;;;;;;;;;;;;;;;;;;;;;;;;;;;;;;;;;;;;;;X;;;X;
F5281050103400;F5281050103400;MAIN LANDING GEAR DOOR;REPAIR;;;;X;X;;;;;;;;;;;;;;;;;;;;;;;;X;X;;;;;;;;;;;;;;;;;;;;;;;;;;;;;;;;;;;;;;;;;;;;;;;;;;;;;;;;;;;;;;;;;;;;X;;;X;
F5281050103500;F5281050103500;MAIN LANDING GEAR DOOR;REPAIR;;;;X;X;;;;;;;;;;;;;;;;;;;;;;;;X;X;;;;;;;;;;;;;;;;;;;;;;;;;;;;;;;;;;;;;;;;;;;;;;;;;;;;;;;;;;;;;;;;;;;;X;;;X;
F5281050103600;F5281050103600;MAIN LANDING GEAR DOOR;REPAIR;;;;X;X;;;;;;;;;;;;;;;;;;;;;;;;X;X;;;;;;;;;;;;;;;;;;;;;;;;;;;;;;;;;;;;;;;;;;;;;;;;;;;;;;;;;;;;;;;;;;;;X;;;X;
F5281050103700;F5281050103700;MAIN LANDING GEAR DOOR;REPAIR;;;;X;X;;;;;;;;;;;;;;;;;;;;;;;;X;X;;;;;;;;;;;;;;;;;;;;;;;;;;;;;;;;;;;;;;;;;;;;;;;;;;;;;;;;;;;;;;;;;;;;X;;;X;
F5281050103800;F5281050103800;MAIN LANDING GEAR DOOR;REPAIR;;;;X;X;;;;;;;;;;;;;;;;;;;;;;;;X;X;;;;;;;;;;;;;;;;;;;;;;;;;;;;;;;;;;;;;;;;;;;;;;;;;;;;;;;;;;;;;;;;;;;;X;;;X;
F5281050103900;F5281050103900;MAIN LANDING GEAR DOOR;REPAIR;;;;X;X;;;;;;;;;;;;;;;;;;;;;;;;X;X;;;;;;;;;;;;;;;;;;;;;;;;;;;;;;;;;;;;;;;;;;;;;;;;;;;;;;;;;;;;;;;;;;;;X;;;X;
F5281050104000;F5281050104000;MAIN LANDING GEAR DOOR;REPAIR;;;;X;X;;;;;;;;;;;;;;;;;;;;;;;;X;X;;;;;;;;;;;;;;;;;;;;;;;;;;;;;;;;;;;;;;;;;;;;;;;;;;;;;;;;;;;;;;;;;;;;X;;;X;
F5281050104100;F5281050104100;MAIN LANDING GEAR DOOR;REPAIR;;;;X;X;;;;;;;;;;;;;;;;;;;;;;;;X;X;;;;;;;;;;;;;;;;;;;;;;;;;;;;;;;;;;;;;;;;;;;;;;;;;;;;;;;;;;;;;;;;;;;;X;;;X;
F5281050104200;F5281050104200;MAIN LANDING GEAR DOOR;REPAIR;;;;X;X;;;;;;;;;;;;;;;;;;;;;;;;X;X;;;;;;;;;;;;;;;;;;;;;;;;;;;;;;;;;;;;;;;;;;;;;;;;;;;;;;;;;;;;;;;;;;;;X;;;X;
F5281050104300;F5281050104300;MAIN LANDING GEAR DOOR;REPAIR;;;;X;X;;;;;;;;;;;;;;;;;;;;;;;;X;X;;;;;;;;;;;;;;;;;;;;;;;;;;;;;;;;;;;;;;;;;;;;;;;;;;;;;;;;;;;;;;;;;;;;X;;;X;
F5281050104400;F5281050104400;MAIN LANDING GEAR DOOR;REPAIR;;;;X;X;;;;;;;;;;;;;;;;;;;;;;;;X;X;;;;;;;;;;;;;;;;;;;;;;;;;;;;;;;;;;;;;;;;;;;;;;;;;;;;;;;;;;;;;;;;;;;;X;;;X;
F5281050104500;F5281050104500;MAIN LANDING GEAR DOOR;REPAIR;;;;X;X;;;;;;;;;;;;;;;;;;;;;;;;X;X;;;;;;;;;;;;;;;;;;;;;;;;;;;;;;;;;;;;;;;;;;;;;;;;;;;;;;;;;;;;;;;;;;;;X;;;X;
F5281050104600;F5281050104600;MAIN LANDING GEAR DOOR;REPAIR;;;;X;X;;;;;;;;;;;;;;;;;;;;;;;;X;X;;;;;;;;;;;;;;;;;;;;;;;;;;;;;;;;;;;;;;;;;;;;;;;;;;;;;;;;;;;;;;;;;;;;X;;;X;
F5281050104700;F5281050104700;MAIN LANDING GEAR DOOR;REPAIR;;;;X;X;;;;;;;;;;;;;;;;;;;;;;;;X;X;;;;;;;;;;;;;;;;;;;;;;;;;;;;;;;;;;;;;;;;;;;;;;;;;;;;;;;;;;;;;;;;;;;;X;;;X;
F5281050104800;F5281050104800;MAIN LANDING GEAR DOOR;REPAIR;;;;X;X;;;;;;;;;;;;;;;;;;;;;;;;X;X;;;;;;;;;;;;;;;;;;;;;;;;;;;;;;;;;;;;;;;;;;;;;;;;;;;;;;;;;;;;;;;;;;;;X;;;X;
F5281050104900;F5281050104900;MAIN LANDING GEAR DOOR;REPAIR;;;;X;X;;;;;;;;;;;;;;;;;;;;;;;;X;X;;;;;;;;;;;;;;;;;;;;;;;;;;;;;;;;;;;;;;;;;;;;;;;;;;;;;;;;;;;;;;;;;;;;X;;;X;
F5281050105000;F5281050105000;MAIN LANDING GEAR DOOR;REPAIR;;;;X;X;;;;;;;;;;;;;;;;;;;;;;;;X;X;;;;;;;;;;;;;;;;;;;;;;;;;;;;;;;;;;;;;;;;;;;;;;;;;;;;;;;;;;;;;;;;;;;;X;;;X;
F5281050105100;F5281050105100;MAIN LANDING GEAR DOOR;REPAIR;;;;X;X;;;;;;;;;;;;;;;;;;;;;;;;X;X;;;;;;;;;;;;;;;;;;;;;;;;;;;;;;;;;;;;;;;;;;;;;;;;;;;;;;;;;;;;;;;;;;;;X;;;X;
F5281050105200;F5281050105200;MAIN LANDING GEAR DOOR;REPAIR;;;;X;X;;;;;;;;;;;;;;;;;;;;;;;;X;X;;;;;;;;;;;;;;;;;;;;;;;;;;;;;;;;;;;;;;;;;;;;;;;;;;;;;;;;;;;;;;;;;;;;X;;;X;
F5281050105300;F5281050105300;MAIN LANDING GEAR DOOR;REPAIR;;;;X;X;;;;;;;;;;;;;;;;;;;;;;;;X;X;;;;;;;;;;;;;;;;;;;;;;;;;;;;;;;;;;;;;;;;;;;;;;;;;;;;;;;;;;;;;;;;;;;;X;;;X;
F5281050105400;F5281050105400;MAIN LANDING GEAR DOOR;REPAIR;;;;X;X;;;;;;;;;;;;;;;;;;;;;;;;X;X;;;;;;;;;;;;;;;;;;;;;;;;;;;;;;;;;;;;;;;;;;;;;;;;;;;;;;;;;;;;;;;;;;;;X;;;X;
F5281050105500;F5281050105500;MAIN LANDING GEAR DOOR;REPAIR;;;;X;X;;;;;;;;;;;;;;;;;;;;;;;;X;X;;;;;;;;;;;;;;;;;;;;;;;;;;;;;;;;;;;;;;;;;;;;;;;;;;;;;;;;;;;;;;;;;;;;X;;;X;
F5281050105600;F5281050105600;MAIN LANDING GEAR DOOR;REPAIR;;;;X;X;;;;;;;;;;;;;;;;;;;;;;;;X;X;;;;;;;;;;;;;;;;;;;;;;;;;;;;;;;;;;;;;;;;;;;;;;;;;;;;;;;;;;;;;;;;;;;;X;;;X;
F5281050105700;F5281050105700;MAIN LANDING GEAR DOOR;REPAIR;;;;X;X;;;;;;;;;;;;;;;;;;;;;;;;X;X;;;;;;;;;;;;;;;;;;;;;;;;;;;;;;;;;;;;;;;;;;;;;;;;;;;;;;;;;;;;;;;;;;;;X;;;X;
F5281050105800;F5281050105800;MAIN LANDING GEAR DOOR;REPAIR;;;;X;X;;;;;;;;;;;;;;;;;;;;;;;;X;X;;;;;;;;;;;;;;;;;;;;;;;;;;;;;;;;;;;;;;;;;;;;;;;;;;;;;;;;;;;;;;;;;;;;X;;;X;
F5281050105900;F5281050105900;MAIN LANDING GEAR DOOR;REPAIR;;;;X;X;;;;;;;;;;;;;;;;;;;;;;;;X;X;;;;;;;;;;;;;;;;;;;;;;;;;;;;;;;;;;;;;;;;;;;;;;;;;;;;;;;;;;;;;;;;;;;;X;;;X;
F5281050106000;F5281050106000;MAIN LANDING GEAR DOOR;REPAIR;;;;X;X;;;;;;;;;;;;;;;;;;;;;;;;X;X;;;;;;;;;;;;;;;;;;;;;;;;;;;;;;;;;;;;;;;;;;;;;;;;;;;;;;;;;;;;;;;;;;;;X;;;X;
F5281050106100;F5281050106100;MAIN LANDING GEAR DOOR;REPAIR;;;;X;X;;;;;;;;;;;;;;;;;;;;;;;;X;X;;;;;;;;;;;;;;;;;;;;;;;;;;;;;;;;;;;;;;;;;;;;;;;;;;;;;;;;;;;;;;;;;;;;X;;;X;
F5281050106200;F5281050106200;MAIN LANDING GEAR DOOR;REPAIR;;;;X;X;;;;;;;;;;;;;;;;;;;;;;;;X;X;;;;;;;;;;;;;;;;;;;;;;;;;;;;;;;;;;;;;;;;;;;;;;;;;;;;;;;;;;;;;;;;;;;;X;;;X;
F5281050106300;F5281050106300;MAIN LANDING GEAR DOOR;REPAIR;;;;X;X;;;;;;;;;;;;;;;;;;;;;;;;X;X;;;;;;;;;;;;;;;;;;;;;;;;;;;;;;;;;;;;;;;;;;;;;;;;;;;;;;;;;;;;;;;;;;;;X;;;X;
F5281050106400;F5281050106400;MAIN LANDING GEAR DOOR;REPAIR;;;;X;X;;;;;;;;;;;;;;;;;;;;;;;;X;X;;;;;;;;;;;;;;;;;;;;;;;;;;;;;;;;;;;;;;;;;;;;;;;;;;;;;;;;;;;;;;;;;;;;X;;;X;
F5281050106500;F5281050106500;MAIN LANDING GEAR DOOR;REPAIR;;;;X;X;;;;;;;;;;;;;;;;;;;;;;;;X;X;;;;;;;;;;;;;;;;;;;;;;;;;;;;;;;;;;;;;;;;;;;;;;;;;;;;;;;;;;;;;;;;;;;;X;;;X;
F5281050106600;F5281050106600;MAIN LANDING GEAR DOOR;REPAIR;;;;X;X;;;;;;;;;;;;;;;;;;;;;;;;X;X;;;;;;;;;;;;;;;;;;;;;;;;;;;;;;;;;;;;;;;;;;;;;;;;;;;;;;;;;;;;;;;;;;;;X;;;X;
F5281050106700;F5281050106700;MAIN LANDING GEAR DOOR;REPAIR;;;;X;X;;;;;;;;;;;;;;;;;;;;;;;;X;X;;;;;;;;;;;;;;;;;;;;;;;;;;;;;;;;;;;;;;;;;;;;;;;;;;;;;;;;;;;;;;;;;;;;X;;;X;
F5281050106800;F5281050106800;MAIN LANDING GEAR DOOR;REPAIR;;;;X;X;;;;;;;;;;;;;;;;;;;;;;;;X;X;;;;;;;;;;;;;;;;;;;;;;;;;;;;;;;;;;;;;;;;;;;;;;;;;;;;;;;;;;;;;;;;;;;;X;;;X;
F5281050106900;F5281050106900;MAIN LANDING GEAR DOOR;REPAIR;;;;X;X;;;;;;;;;;;;;;;;;;;;;;;;X;X;;;;;;;;;;;;;;;;;;;;;;;;;;;;;;;;;;;;;;;;;;;;;;;;;;;;;;;;;;;;;;;;;;;;X;;;X;
F5281050107000;F5281050107000;MAIN LANDING GEAR DOOR;REPAIR;;;;X;X;;;;;;;;;;;;;;;;;;;;;;;;X;X;;;;;;;;;;;;;;;;;;;;;;;;;;;;;;;;;;;;;;;;;;;;;;;;;;;;;;;;;;;;;;;;;;;;X;;;X;
F5281050107100;F5281050107100;MAIN LANDING GEAR DOOR;REPAIR;;;;X;X;;;;;;;;;;;;;;;;;;;;;;;;X;X;;;;;;;;;;;;;;;;;;;;;;;;;;;;;;;;;;;;;;;;;;;;;;;;;;;;;;;;;;;;;;;;;;;;X;;;X;
F5281050107200;F5281050107200;MAIN LANDING GEAR DOOR;REPAIR;;;;X;X;;;;;;;;;;;;;;;;;;;;;;;;X;X;;;;;;;;;;;;;;;;;;;;;;;;;;;;;;;;;;;;;;;;;;;;;;;;;;;;;;;;;;;;;;;;;;;;X;;;X;
F5281050107300;F5281050107300;MAIN LANDING GEAR DOOR;REPAIR;;;;X;X;;;;;;;;;;;;;;;;;;;;;;;;X;X;;;;;;;;;;;;;;;;;;;;;;;;;;;;;;;;;;;;;;;;;;;;;;;;;;;;;;;;;;;;;;;;;;;;X;;;X;
F5281050107400;F5281050107400;MAIN LANDING GEAR DOOR;REPAIR;;;;X;X;;;;;;;;;;;;;;;;;;;;;;;;X;X;;;;;;;;;;;;;;;;;;;;;;;;;;;;;;;;;;;;;;;;;;;;;;;;;;;;;;;;;;;;;;;;;;;;X;;;X;
F5281050107500;F5281050107500;MAIN LANDING GEAR DOOR;REPAIR;;;;X;X;;;;;;;;;;;;;;;;;;;;;;;;X;X;;;;;;;;;;;;;;;;;;;;;;;;;;;;;;;;;;;;;;;;;;;;;;;;;;;;;;;;;;;;;;;;;;;;X;;;X;
F5281050107600;F5281050107600;MAIN LANDING GEAR DOOR;REPAIR;;;;X;X;;;;;;;;;;;;;;;;;;;;;;;;X;X;;;;;;;;;;;;;;;;;;;;;;;;;;;;;;;;;;;;;;;;;;;;;;;;;;;;;;;;;;;;;;;;;;;;X;;;X;
F5281050107700;F5281050107700;MAIN LANDING GEAR DOOR;REPAIR;;;;X;X;;;;;;;;;;;;;;;;;;;;;;;;X;X;;;;;;;;;;;;;;;;;;;;;;;;;;;;;;;;;;;;;;;;;;;;;;;;;;;;;;;;;;;;;;;;;;;;X;;;X;
F5281050107800;F5281050107800;MAIN LANDING GEAR DOOR;REPAIR;;;;X;X;;;;;;;;;;;;;;;;;;;;;;;;X;X;;;;;;;;;;;;;;;;;;;;;;;;;;;;;;;;;;;;;;;;;;;;;;;;;;;;;;;;;;;;;;;;;;;;X;;;X;
F5281050107900;F5281050107900;MAIN LANDING GEAR DOOR;REPAIR;;;;X;X;;;;;;;;;;;;;;;;;;;;;;;;X;X;;;;;;;;;;;;;;;;;;;;;;;;;;;;;;;;;;;;;;;;;;;;;;;;;;;;;;;;;;;;;;;;;;;;X;;;X;
F5281050108000;F5281050108000;MAIN LANDING GEAR DOOR;REPAIR;;;;X;X;;;;;;;;;;;;;;;;;;;;;;;;X;X;;;;;;;;;;;;;;;;;;;;;;;;;;;;;;;;;;;;;;;;;;;;;;;;;;;;;;;;;;;;;;;;;;;;X;;;X;
F5281050108100;F5281050108100;MAIN LANDING GEAR DOOR;REPAIR;;;;X;X;;;;;;;;;;;;;;;;;;;;;;;;X;X;;;;;;;;;;;;;;;;;;;;;;;;;;;;;;;;;;;;;;;;;;;;;;;;;;;;;;;;;;;;;;;;;;;;X;;;X;
F5281050108200;F5281050108200;MAIN LANDING GEAR DOOR;REPAIR;;;;X;X;;;;;;;;;;;;;;;;;;;;;;;;X;X;;;;;;;;;;;;;;;;;;;;;;;;;;;;;;;;;;;;;;;;;;;;;;;;;;;;;;;;;;;;;;;;;;;;X;;;X;
F5281050108300;F5281050108300;MAIN LANDING GEAR DOOR;REPAIR;;;;X;X;;;;;;;;;;;;;;;;;;;;;;;;X;X;;;;;;;;;;;;;;;;;;;;;;;;;;;;;;;;;;;;;;;;;;;;;;;;;;;;;;;;;;;;;;;;;;;;X;;;X;
F5281050108400;F5281050108400;MAIN LANDING GEAR DOOR;REPAIR;;;;X;X;;;;;;;;;;;;;;;;;;;;;;;;X;X;;;;;;;;;;;;;;;;;;;;;;;;;;;;;;;;;;;;;;;;;;;;;;;;;;;;;;;;;;;;;;;;;;;;X;;;X;
F5281050108500;F5281050108500;MAIN LANDING GEAR DOOR;REPAIR;;;;X;X;;;;;;;;;;;;;;;;;;;;;;;;X;X;;;;;;;;;;;;;;;;;;;;;;;;;;;;;;;;;;;;;;;;;;;;;;;;;;;;;;;;;;;;;;;;;;;;X;;;X;
F5281050108600;F5281050108600;MAIN LANDING GEAR DOOR;REPAIR;;;;X;X;;;;;;;;;;;;;;;;;;;;;;;;X;X;;;;;;;;;;;;;;;;;;;;;;;;;;;;;;;;;;;;;;;;;;;;;;;;;;;;;;;;;;;;;;;;;;;;X;;;X;
F5281050108700;F5281050108700;MAIN LANDING GEAR DOOR;REPAIR;;;;X;X;;;;;;;;;;;;;;;;;;;;;;;;X;X;;;;;;;;;;;;;;;;;;;;;;;;;;;;;;;;;;;;;;;;;;;;;;;;;;;;;;;;;;;;;;;;;;;;X;;;X;
F5281050108800;F5281050108800;MAIN LANDING GEAR DOOR;REPAIR;;;;X;X;;;;;;;;;;;;;;;;;;;;;;;;X;X;;;;;;;;;;;;;;;;;;;;;;;;;;;;;;;;;;;;;;;;;;;;;;;;;;;;;;;;;;;;;;;;;;;;X;;;X;
F5281050108900;F5281050108900;MAIN LANDING GEAR DOOR;REPAIR;;;;X;X;;;;;;;;;;;;;;;;;;;;;;;;X;X;;;;;;;;;;;;;;;;;;;;;;;;;;;;;;;;;;;;;;;;;;;;;;;;;;;;;;;;;;;;;;;;;;;;X;;;X;
F5281050109000;F5281050109000;MAIN LANDING GEAR DOOR;REPAIR;;;;X;X;;;;;;;;;;;;;;;;;;;;;;;;X;X;;;;;;;;;;;;;;;;;;;;;;;;;;;;;;;;;;;;;;;;;;;;;;;;;;;;;;;;;;;;;;;;;;;;X;;;X;
F5281050109100;F5281050109100;MAIN LANDING GEAR DOOR;REPAIR;;;;X;X;;;;;;;;;;;;;;;;;;;;;;;;X;X;;;;;;;;;;;;;;;;;;;;;;;;;;;;;;;;;;;;;;;;;;;;;;;;;;;;;;;;;;;;;;;;;;;;X;;;X;
F5281050109200;F5281050109200;MAIN LANDING GEAR DOOR;REPAIR;;;;X;X;;;;;;;;;;;;;;;;;;;;;;;;X;X;;;;;;;;;;;;;;;;;;;;;;;;;;;;;;;;;;;;;;;;;;;;;;;;;;;;;;;;;;;;;;;;;;;;X;;;X;
F5281050109300;F5281050109300;MAIN LANDING GEAR DOOR;REPAIR;;;;X;X;;;;;;;;;;;;;;;;;;;;;;;;X;X;;;;;;;;;;;;;;;;;;;;;;;;;;;;;;;;;;;;;;;;;;;;;;;;;;;;;;;;;;;;;;;;;;;;X;;;X;
F5281050109400;F5281050109400;MAIN LANDING GEAR DOOR;REPAIR;;;;X;X;;;;;;;;;;;;;;;;;;;;;;;;X;X;;;;;;;;;;;;;;;;;;;;;;;;;;;;;;;;;;;;;;;;;;;;;;;;;;;;;;;;;;;;;;;;;;;;X;;;X;
F5281050109500;F5281050109500;MAIN LANDING GEAR DOOR;REPAIR;;;;X;X;;;;;;;;;;;;;;;;;;;;;;;;X;X;;;;;;;;;;;;;;;;;;;;;;;;;;;;;;;;;;;;;;;;;;;;;;;;;;;;;;;;;;;;;;;;;;;;X;;;X;
F5281050109600;F5281050109600;MAIN LANDING GEAR DOOR;REPAIR;;;;X;X;;;;;;;;;;;;;;;;;;;;;;;;X;X;;;;;;;;;;;;;;;;;;;;;;;;;;;;;;;;;;;;;;;;;;;;;;;;;;;;;;;;;;;;;;;;;;;;X;;;X;
F5281050109700;F5281050109700;MAIN LANDING GEAR DOOR;REPAIR;;;;X;X;;;;;;;;;;;;;;;;;;;;;;;;X;X;;;;;;;;;;;;;;;;;;;;;;;;;;;;;;;;;;;;;;;;;;;;;;;;;;;;;;;;;;;;;;;;;;;;X;;;X;
F5281050109800;F5281050109800;MAIN LANDING GEAR DOOR;REPAIR;;;;X;X;;;;;;;;;;;;;;;;;;;;;;;;X;X;;;;;;;;;;;;;;;;;;;;;;;;;;;;;;;;;;;;;;;;;;;;;;;;;;;;;;;;;;;;;;;;;;;;X;;;X;
F5281050109900;F5281050109900;MAIN LANDING GEAR DOOR;REPAIR;;;;X;X;;;;;;;;;;;;;;;;;;;;;;;;X;X;;;;;;;;;;;;;;;;;;;;;;;;;;;;;;;;;;;;;;;;;;;;;;;;;;;;;;;;;;;;;;;;;;;;X;;;X;
F5281050110000;F5281050110000;MAIN LANDING GEAR DOOR;REPAIR;;;;X;X;;;;;;;;;;;;;;;;;;;;;;;;X;X;;;;;;;;;;;;;;;;;;;;;;;;;;;;;;;;;;;;;;;;;;;;;;;;;;;;;;;;;;;;;;;;;;;;X;;;X;
F5281050110100;F5281050110100;MAIN LANDING GEAR DOOR;REPAIR;;;;X;X;;;;;;;;;;;;;;;;;;;;;;;;X;X;;;;;;;;;;;;;;;;;;;;;;;;;;;;;;;;;;;;;;;;;;;;;;;;;;;;;;;;;;;;;;;;;;;;X;;;X;
F5281050110200;F5281050110200;MAIN LANDING GEAR DOOR;REPAIR;;;;X;X;;;;;;;;;;;;;;;;;;;;;;;;X;X;;;;;;;;;;;;;;;;;;;;;;;;;;;;;;;;;;;;;;;;;;;;;;;;;;;;;;;;;;;;;;;;;;;;X;;;X;
F5281050110300;F5281050110300;MAIN LANDING GEAR DOOR;REPAIR;;;;X;X;;;;;;;;;;;;;;;;;;;;;;;;X;X;;;;;;;;;;;;;;;;;;;;;;;;;;;;;;;;;;;;;;;;;;;;;;;;;;;;;;;;;;;;;;;;;;;;X;;;X;
F5281050110400;F5281050110400;MAIN LANDING GEAR DOOR;REPAIR;;;;X;X;;;;;;;;;;;;;;;;;;;;;;;;X;X;;;;;;;;;;;;;;;;;;;;;;;;;;;;;;;;;;;;;;;;;;;;;;;;;;;;;;;;;;;;;;;;;;;;X;;;X;
F5281050110500;F5281050110500;MAIN LANDING GEAR DOOR;REPAIR;;;;X;X;;;;;;;;;;;;;;;;;;;;;;;;X;X;;;;;;;;;;;;;;;;;;;;;;;;;;;;;;;;;;;;;;;;;;;;;;;;;;;;;;;;;;;;;;;;;;;;X;;;X;
F5281050110600;F5281050110600;MAIN LANDING GEAR DOOR;REPAIR;;;;X;X;;;;;;;;;;;;;;;;;;;;;;;;X;X;;;;;;;;;;;;;;;;;;;;;;;;;;;;;;;;;;;;;;;;;;;;;;;;;;;;;;;;;;;;;;;;;;;;X;;;X;
F5281050110700;F5281050110700;MAIN LANDING GEAR DOOR;REPAIR;;;;X;X;;;;;;;;;;;;;;;;;;;;;;;;X;X;;;;;;;;;;;;;;;;;;;;;;;;;;;;;;;;;;;;;;;;;;;;;;;;;;;;;;;;;;;;;;;;;;;;X;;;X;
F5281050110800;F5281050110800;MAIN LANDING GEAR DOOR;REPAIR;;;;X;X;;;;;;;;;;;;;;;;;;;;;;;;X;X;;;;;;;;;;;;;;;;;;;;;;;;;;;;;;;;;;;;;;;;;;;;;;;;;;;;;;;;;;;;;;;;;;;;X;;;X;
F5281050110900;F5281050110900;MAIN LANDING GEAR DOOR;REPAIR;;;;X;X;;;;;;;;;;;;;;;;;;;;;;;;X;X;;;;;;;;;;;;;;;;;;;;;;;;;;;;;;;;;;;;;;;;;;;;;;;;;;;;;;;;;;;;;;;;;;;;X;;;X;
F5281050111000;F5281050111000;MAIN LANDING GEAR DOOR;REPAIR;;;;X;X;;;;;;;;;;;;;;;;;;;;;;;;X;X;;;;;;;;;;;;;;;;;;;;;;;;;;;;;;;;;;;;;;;;;;;;;;;;;;;;;;;;;;;;;;;;;;;;X;;;X;
F5281050111100;F5281050111100;MAIN LANDING GEAR DOOR;REPAIR;;;;X;X;;;;;;;;;;;;;;;;;;;;;;;;X;X;;;;;;;;;;;;;;;;;;;;;;;;;;;;;;;;;;;;;;;;;;;;;;;;;;;;;;;;;;;;;;;;;;;;X;;;X;
F5281058200000;F5281058200000;DOOR ASSY - FWD, CLG;REPAIR;;;;X;X;;;;;;;;;;;;;;;;;;;;;;;;X;X;;;;;;;;;;;;;;;;;;;;;;;;;;;;;;;;;;;;;;;;;;;;;;;;;;;;;;;;;;;;;;;;;;;;X;;;X;
F5281058200100;F5281058200100;DOOR ASSY - FWD, CLG;REPAIR;;;;X;X;;;;;;;;;;;;;;;;;;;;;;;;X;X;;;;;;;;;;;;;;;;;;;;;;;;;;;;;;;;;;;;;;;;;;;;;;;;;;;;;;;;;;;;;;;;;;;;X;;;X;
F5281058200200;F5281058200200;DOOR ASSY - FWD, CLG;REPAIR;;;;X;X;;;;;;;;;;;;;;;;;;;;;;;;X;X;;;;;;;;;;;;;;;;;;;;;;;;;;;;;;;;;;;;;;;;;;;;;;;;;;;;;;;;;;;;;;;;;;;;X;;;X;
F5281058200300;F5281058200300;DOOR ASSY - FWD, CLG;REPAIR;;;;X;X;;;;;;;;;;;;;;;;;;;;;;;;X;X;;;;;;;;;;;;;;;;;;;;;;;;;;;;;;;;;;;;;;;;;;;;;;;;;;;;;;;;;;;;;;;;;;;;X;;;X;
F5281058200400;F5281058200400;DOOR ASSY - FWD, CLG;REPAIR;;;;X;X;;;;;;;;;;;;;;;;;;;;;;;;X;X;;;;;;;;;;;;;;;;;;;;;;;;;;;;;;;;;;;;;;;;;;;;;;;;;;;;;;;;;;;;;;;;;;;;X;;;X;
F5281058200500;F5281058200500;DOOR ASSY - FWD, CLG;REPAIR;;;;X;X;;;;;;;;;;;;;;;;;;;;;;;;X;X;;;;;;;;;;;;;;;;;;;;;;;;;;;;;;;;;;;;;;;;;;;;;;;;;;;;;;;;;;;;;;;;;;;;X;;;X;
F5281058200600;F5281058200600;DOOR ASSY - FWD, CLG;REPAIR;;;;X;X;;;;;;;;;;;;;;;;;;;;;;;;X;X;;;;;;;;;;;;;;;;;;;;;;;;;;;;;;;;;;;;;;;;;;;;;;;;;;;;;;;;;;;;;;;;;;;;X;;;X;
F5281058200700;F5281058200700;DOOR ASSY - FWD, CLG;REPAIR;;;;X;X;;;;;;;;;;;;;;;;;;;;;;;;X;X;;;;;;;;;;;;;;;;;;;;;;;;;;;;;;;;;;;;;;;;;;;;;;;;;;;;;;;;;;;;;;;;;;;;X;;;X;
F5281058200800;F5281058200800;DOOR ASSY - FWD, CLG;REPAIR;;;;X;X;;;;;;;;;;;;;;;;;;;;;;;;X;X;;;;;;;;;;;;;;;;;;;;;;;;;;;;;;;;;;;;;;;;;;;;;;;;;;;;;;;;;;;;;;;;;;;;X;;;X;
F5281058200900;F5281058200900;DOOR ASSY - FWD, CLG;REPAIR;;;;X;X;;;;;;;;;;;;;;;;;;;;;;;;X;X;;;;;;;;;;;;;;;;;;;;;;;;;;;;;;;;;;;;;;;;;;;;;;;;;;;;;;;;;;;;;;;;;;;;X;;;X;
F5281058201000;F5281058201000;DOOR ASSY - FWD, CLG;REPAIR;;;;X;X;;;;;;;;;;;;;;;;;;;;;;;;X;X;;;;;;;;;;;;;;;;;;;;;;;;;;;;;;;;;;;;;;;;;;;;;;;;;;;;;;;;;;;;;;;;;;;;X;;;X;
F5281058201100;F5281058201100;DOOR ASSY - FWD, CLG;REPAIR;;;;X;X;;;;;;;;;;;;;;;;;;;;;;;;X;X;;;;;;;;;;;;;;;;;;;;;;;;;;;;;;;;;;;;;;;;;;;;;;;;;;;;;;;;;;;;;;;;;;;;X;;;X;
F5281058201200;F5281058201200;DOOR ASSY - FWD, CLG;REPAIR;;;;X;X;;;;;;;;;;;;;;;;;;;;;;;;X;X;;;;;;;;;;;;;;;;;;;;;;;;;;;;;;;;;;;;;;;;;;;;;;;;;;;;;;;;;;;;;;;;;;;;X;;;X;
F5281058201300;F5281058201300;DOOR ASSY - FWD, CLG;REPAIR;;;;X;X;;;;;;;;;;;;;;;;;;;;;;;;X;X;;;;;;;;;;;;;;;;;;;;;;;;;;;;;;;;;;;;;;;;;;;;;;;;;;;;;;;;;;;;;;;;;;;;X;;;X;
F5281058201400;F5281058201400;DOOR ASSY - FWD, CLG;REPAIR;;;;X;X;;;;;;;;;;;;;;;;;;;;;;;;X;X;;;;;;;;;;;;;;;;;;;;;;;;;;;;;;;;;;;;;;;;;;;;;;;;;;;;;;;;;;;;;;;;;;;;X;;;X;
F5281058201500;F5281058201500;DOOR ASSY - FWD, CLG;REPAIR;;;;X;X;;;;;;;;;;;;;;;;;;;;;;;;X;X;;;;;;;;;;;;;;;;;;;;;;;;;;;;;;;;;;;;;;;;;;;;;;;;;;;;;;;;;;;;;;;;;;;;X;;;X;
F5281058201600;F5281058201600;DOOR ASSY - FWD, CLG;REPAIR;;;;X;X;;;;;;;;;;;;;;;;;;;;;;;;X;X;;;;;;;;;;;;;;;;;;;;;;;;;;;;;;;;;;;;;;;;;;;;;;;;;;;;;;;;;;;;;;;;;;;;X;;;X;
F5281058201700;F5281058201700;DOOR ASSY - FWD, CLG;REPAIR;;;;X;X;;;;;;;;;;;;;;;;;;;;;;;;X;X;;;;;;;;;;;;;;;;;;;;;;;;;;;;;;;;;;;;;;;;;;;;;;;;;;;;;;;;;;;;;;;;;;;;X;;;X;
F5281058201800;F5281058201800;DOOR ASSY - FWD, CLG;REPAIR;;;;X;X;;;;;;;;;;;;;;;;;;;;;;;;X;X;;;;;;;;;;;;;;;;;;;;;;;;;;;;;;;;;;;;;;;;;;;;;;;;;;;;;;;;;;;;;;;;;;;;X;;;X;
F5281058201900;F5281058201900;DOOR ASSY - FWD, CLG;REPAIR;;;;X;X;;;;;;;;;;;;;;;;;;;;;;;;X;X;;;;;;;;;;;;;;;;;;;;;;;;;;;;;;;;;;;;;;;;;;;;;;;;;;;;;;;;;;;;;;;;;;;;X;;;X;
F5281058202000;F5281058202000;DOOR ASSY - FWD, CLG;REPAIR;;;;X;X;;;;;;;;;;;;;;;;;;;;;;;;X;X;;;;;;;;;;;;;;;;;;;;;;;;;;;;;;;;;;;;;;;;;;;;;;;;;;;;;;;;;;;;;;;;;;;;X;;;X;
F5281058202100;F5281058202100;DOOR ASSY - FWD, CLG;REPAIR;;;;X;X;;;;;;;;;;;;;;;;;;;;;;;;X;X;;;;;;;;;;;;;;;;;;;;;;;;;;;;;;;;;;;;;;;;;;;;;;;;;;;;;;;;;;;;;;;;;;;;X;;;X;
F5281058202200;F5281058202200;DOOR ASSY - FWD, CLG;REPAIR;;;;X;X;;;;;;;;;;;;;;;;;;;;;;;;X;X;;;;;;;;;;;;;;;;;;;;;;;;;;;;;;;;;;;;;;;;;;;;;;;;;;;;;;;;;;;;;;;;;;;;X;;;X;
F5281058202300;F5281058202300;DOOR ASSY - FWD, CLG;REPAIR;;;;X;X;;;;;;;;;;;;;;;;;;;;;;;;X;X;;;;;;;;;;;;;;;;;;;;;;;;;;;;;;;;;;;;;;;;;;;;;;;;;;;;;;;;;;;;;;;;;;;;X;;;X;
F5281058202400;F5281058202400;DOOR ASSY - FWD, CLG;REPAIR;;;;X;X;;;;;;;;;;;;;;;;;;;;;;;;X;X;;;;;;;;;;;;;;;;;;;;;;;;;;;;;;;;;;;;;;;;;;;;;;;;;;;;;;;;;;;;;;;;;;;;X;;;X;
F5281058202500;F5281058202500;DOOR ASSY - FWD, CLG;REPAIR;;;;X;X;;;;;;;;;;;;;;;;;;;;;;;;X;X;;;;;;;;;;;;;;;;;;;;;;;;;;;;;;;;;;;;;;;;;;;;;;;;;;;;;;;;;;;;;;;;;;;;X;;;X;
F5281058202600;F5281058202600;DOOR ASSY - FWD, CLG;REPAIR;;;;X;X;;;;;;;;;;;;;;;;;;;;;;;;X;X;;;;;;;;;;;;;;;;;;;;;;;;;;;;;;;;;;;;;;;;;;;;;;;;;;;;;;;;;;;;;;;;;;;;X;;;X;
F5281058202700;F5281058202700;DOOR ASSY - FWD, CLG;REPAIR;;;;X;X;;;;;;;;;;;;;;;;;;;;;;;;X;X;;;;;;;;;;;;;;;;;;;;;;;;;;;;;;;;;;;;;;;;;;;;;;;;;;;;;;;;;;;;;;;;;;;;X;;;X;
F5281058202800;F5281058202800;DOOR ASSY - FWD, CLG;REPAIR;;;;X;X;;;;;;;;;;;;;;;;;;;;;;;;X;X;;;;;;;;;;;;;;;;;;;;;;;;;;;;;;;;;;;;;;;;;;;;;;;;;;;;;;;;;;;;;;;;;;;;X;;;X;
F5281058202900;F5281058202900;DOOR ASSY - FWD, CLG;REPAIR;;;;X;X;;;;;;;;;;;;;;;;;;;;;;;;X;X;;;;;;;;;;;;;;;;;;;;;;;;;;;;;;;;;;;;;;;;;;;;;;;;;;;;;;;;;;;;;;;;;;;;X;;;X;
F5281058203000;F5281058203000;DOOR ASSY - FWD, CLG;REPAIR;;;;X;X;;;;;;;;;;;;;;;;;;;;;;;;X;X;;;;;;;;;;;;;;;;;;;;;;;;;;;;;;;;;;;;;;;;;;;;;;;;;;;;;;;;;;;;;;;;;;;;X;;;X;
F5281058203100;F5281058203100;DOOR ASSY - FWD, CLG;REPAIR;;;;X;X;;;;;;;;;;;;;;;;;;;;;;;;X;X;;;;;;;;;;;;;;;;;;;;;;;;;;;;;;;;;;;;;;;;;;;;;;;;;;;;;;;;;;;;;;;;;;;;X;;;X;
F5281058203200;F5281058203200;DOOR ASSY - FWD, CLG;REPAIR;;;;X;X;;;;;;;;;;;;;;;;;;;;;;;;X;X;;;;;;;;;;;;;;;;;;;;;;;;;;;;;;;;;;;;;;;;;;;;;;;;;;;;;;;;;;;;;;;;;;;;X;;;X;
F5281058203300;F5281058203300;DOOR ASSY - FWD, CLG;REPAIR;;;;X;X;;;;;;;;;;;;;;;;;;;;;;;;X;X;;;;;;;;;;;;;;;;;;;;;;;;;;;;;;;;;;;;;;;;;;;;;;;;;;;;;;;;;;;;;;;;;;;;X;;;X;
F5281058203400;F5281058203400;DOOR ASSY - FWD, CLG;REPAIR;;;;X;X;;;;;;;;;;;;;;;;;;;;;;;;X;X;;;;;;;;;;;;;;;;;;;;;;;;;;;;;;;;;;;;;;;;;;;;;;;;;;;;;;;;;;;;;;;;;;;;X;;;X;
F5281058203500;F5281058203500;DOOR ASSY - FWD, CLG;REPAIR;;;;X;X;;;;;;;;;;;;;;;;;;;;;;;;X;X;;;;;;;;;;;;;;;;;;;;;;;;;;;;;;;;;;;;;;;;;;;;;;;;;;;;;;;;;;;;;;;;;;;;X;;;X;
F5281058203600;F5281058203600;DOOR ASSY - FWD, CLG;REPAIR;;;;X;X;;;;;;;;;;;;;;;;;;;;;;;;X;X;;;;;;;;;;;;;;;;;;;;;;;;;;;;;;;;;;;;;;;;;;;;;;;;;;;;;;;;;;;;;;;;;;;;X;;;X;
F5281058203700;F5281058203700;DOOR ASSY - FWD, CLG;REPAIR;;;;X;X;;;;;;;;;;;;;;;;;;;;;;;;X;X;;;;;;;;;;;;;;;;;;;;;;;;;;;;;;;;;;;;;;;;;;;;;;;;;;;;;;;;;;;;;;;;;;;;X;;;X;
F5281058203800;F5281058203800;DOOR ASSY - FWD, CLG;REPAIR;;;;X;X;;;;;;;;;;;;;;;;;;;;;;;;X;X;;;;;;;;;;;;;;;;;;;;;;;;;;;;;;;;;;;;;;;;;;;;;;;;;;;;;;;;;;;;;;;;;;;;X;;;X;
F5281058203900;F5281058203900;DOOR ASSY - FWD, CLG;REPAIR;;;;X;X;;;;;;;;;;;;;;;;;;;;;;;;X;X;;;;;;;;;;;;;;;;;;;;;;;;;;;;;;;;;;;;;;;;;;;;;;;;;;;;;;;;;;;;;;;;;;;;X;;;X;
F5281058204000;F5281058204000;DOOR ASSY - FWD, CLG;REPAIR;;;;X;X;;;;;;;;;;;;;;;;;;;;;;;;X;X;;;;;;;;;;;;;;;;;;;;;;;;;;;;;;;;;;;;;;;;;;;;;;;;;;;;;;;;;;;;;;;;;;;;X;;;X;
F5281058204100;F5281058204100;DOOR ASSY - FWD, CLG;REPAIR;;;;X;X;;;;;;;;;;;;;;;;;;;;;;;;X;X;;;;;;;;;;;;;;;;;;;;;;;;;;;;;;;;;;;;;;;;;;;;;;;;;;;;;;;;;;;;;;;;;;;;X;;;X;
F5281058400051;F5281058400051;DOOR ASSY - REAR, CLG;REPAIR;;;;X;X;;;;;;;;;;;;;;;;;;;;;;;;X;X;;;;;;;;;;;;;;;;;;;;;;;;;;;;;;;;;;;;;;;;;;;;;;;;;;;;;;;;;;;;;;;;;;;;X;;;X;
F5281058400151;F5281058400151;DOOR ASSY - REAR, CLG;REPAIR;;;;X;X;;;;;;;;;;;;;;;;;;;;;;;;X;X;;;;;;;;;;;;;;;;;;;;;;;;;;;;;;;;;;;;;;;;;;;;;;;;;;;;;;;;;;;;;;;;;;;;X;;;X;
F5281058400251;F5281058400251;DOOR ASSY - REAR, CLG;REPAIR;;;;X;X;;;;;;;;;;;;;;;;;;;;;;;;X;X;;;;;;;;;;;;;;;;;;;;;;;;;;;;;;;;;;;;;;;;;;;;;;;;;;;;;;;;;;;;;;;;;;;;X;;;X;
F5281058400351;F5281058400351;DOOR ASSY - REAR, CLG;REPAIR;;;;X;X;;;;;;;;;;;;;;;;;;;;;;;;X;X;;;;;;;;;;;;;;;;;;;;;;;;;;;;;;;;;;;;;;;;;;;;;;;;;;;;;;;;;;;;;;;;;;;;X;;;X;
F5281058400451;F5281058400451;DOOR ASSY - REAR, CLG;REPAIR;;;;X;X;;;;;;;;;;;;;;;;;;;;;;;;X;X;;;;;;;;;;;;;;;;;;;;;;;;;;;;;;;;;;;;;;;;;;;;;;;;;;;;;;;;;;;;;;;;;;;;X;;;X;
F5281058400551;F5281058400551;DOOR ASSY - REAR, CLG;REPAIR;;;;X;X;;;;;;;;;;;;;;;;;;;;;;;;X;X;;;;;;;;;;;;;;;;;;;;;;;;;;;;;;;;;;;;;;;;;;;;;;;;;;;;;;;;;;;;;;;;;;;;X;;;X;
F5281058400651;F5281058400651;DOOR ASSY - REAR, CLG;REPAIR;;;;X;X;;;;;;;;;;;;;;;;;;;;;;;;X;X;;;;;;;;;;;;;;;;;;;;;;;;;;;;;;;;;;;;;;;;;;;;;;;;;;;;;;;;;;;;;;;;;;;;X;;;X;
F5281058400751;F5281058400751;DOOR ASSY - REAR, CLG;REPAIR;;;;X;X;;;;;;;;;;;;;;;;;;;;;;;;X;X;;;;;;;;;;;;;;;;;;;;;;;;;;;;;;;;;;;;;;;;;;;;;;;;;;;;;;;;;;;;;;;;;;;;X;;;X;
F5281058400851;F5281058400851;DOOR ASSY - REAR, CLG;REPAIR;;;;X;X;;;;;;;;;;;;;;;;;;;;;;;;X;X;;;;;;;;;;;;;;;;;;;;;;;;;;;;;;;;;;;;;;;;;;;;;;;;;;;;;;;;;;;;;;;;;;;;X;;;X;
F5281058400951;F5281058400951;DOOR ASSY - REAR, CLG;REPAIR;;;;X;X;;;;;;;;;;;;;;;;;;;;;;;;X;X;;;;;;;;;;;;;;;;;;;;;;;;;;;;;;;;;;;;;;;;;;;;;;;;;;;;;;;;;;;;;;;;;;;;X;;;X;
F5281058401051;F5281058401051;DOOR ASSY - REAR, CLG;REPAIR;;;;X;X;;;;;;;;;;;;;;;;;;;;;;;;X;X;;;;;;;;;;;;;;;;;;;;;;;;;;;;;;;;;;;;;;;;;;;;;;;;;;;;;;;;;;;;;;;;;;;;X;;;X;
F5281058401151;F5281058401151;DOOR ASSY - REAR, CLG;REPAIR;;;;X;X;;;;;;;;;;;;;;;;;;;;;;;;X;X;;;;;;;;;;;;;;;;;;;;;;;;;;;;;;;;;;;;;;;;;;;;;;;;;;;;;;;;;;;;;;;;;;;;X;;;X;
F5281058401251;F5281058401251;DOOR ASSY - REAR, CLG;REPAIR;;;;X;X;;;;;;;;;;;;;;;;;;;;;;;;X;X;;;;;;;;;;;;;;;;;;;;;;;;;;;;;;;;;;;;;;;;;;;;;;;;;;;;;;;;;;;;;;;;;;;;X;;;X;
F5281058401351;F5281058401351;DOOR ASSY - REAR, CLG;REPAIR;;;;X;X;;;;;;;;;;;;;;;;;;;;;;;;X;X;;;;;;;;;;;;;;;;;;;;;;;;;;;;;;;;;;;;;;;;;;;;;;;;;;;;;;;;;;;;;;;;;;;;X;;;X;
F5281058401451;F5281058401451;DOOR ASSY - REAR, CLG;REPAIR;;;;X;X;;;;;;;;;;;;;;;;;;;;;;;;X;X;;;;;;;;;;;;;;;;;;;;;;;;;;;;;;;;;;;;;;;;;;;;;;;;;;;;;;;;;;;;;;;;;;;;X;;;X;
F5281058401551;F5281058401551;DOOR ASSY - REAR, CLG;REPAIR;;;;X;X;;;;;;;;;;;;;;;;;;;;;;;;X;X;;;;;;;;;;;;;;;;;;;;;;;;;;;;;;;;;;;;;;;;;;;;;;;;;;;;;;;;;;;;;;;;;;;;X;;;X;
F5281058401651;F5281058401651;DOOR ASSY - REAR, CLG;REPAIR;;;;X;X;;;;;;;;;;;;;;;;;;;;;;;;X;X;;;;;;;;;;;;;;;;;;;;;;;;;;;;;;;;;;;;;;;;;;;;;;;;;;;;;;;;;;;;;;;;;;;;X;;;X;
F5281058401751;F5281058401751;DOOR ASSY - REAR, CLG;REPAIR;;;;X;X;;;;;;;;;;;;;;;;;;;;;;;;X;X;;;;;;;;;;;;;;;;;;;;;;;;;;;;;;;;;;;;;;;;;;;;;;;;;;;;;;;;;;;;;;;;;;;;X;;;X;
F5281058401851;F5281058401851;DOOR ASSY - REAR, CLG;REPAIR;;;;X;X;;;;;;;;;;;;;;;;;;;;;;;;X;X;;;;;;;;;;;;;;;;;;;;;;;;;;;;;;;;;;;;;;;;;;;;;;;;;;;;;;;;;;;;;;;;;;;;X;;;X;
F5281058401951;F5281058401951;DOOR ASSY - REAR, CLG;REPAIR;;;;X;X;;;;;;;;;;;;;;;;;;;;;;;;X;X;;;;;;;;;;;;;;;;;;;;;;;;;;;;;;;;;;;;;;;;;;;;;;;;;;;;;;;;;;;;;;;;;;;;X;;;X;
F5281058402051;F5281058402051;DOOR ASSY - REAR, CLG;REPAIR;;;;X;X;;;;;;;;;;;;;;;;;;;;;;;;X;X;;;;;;;;;;;;;;;;;;;;;;;;;;;;;;;;;;;;;;;;;;;;;;;;;;;;;;;;;;;;;;;;;;;;X;;;X;
F5281058402151;F5281058402151;DOOR ASSY - REAR, CLG;REPAIR;;;;X;X;;;;;;;;;;;;;;;;;;;;;;;;X;X;;;;;;;;;;;;;;;;;;;;;;;;;;;;;;;;;;;;;;;;;;;;;;;;;;;;;;;;;;;;;;;;;;;;X;;;X;
F5281058402251;F5281058402251;DOOR ASSY - REAR, CLG;REPAIR;;;;X;X;;;;;;;;;;;;;;;;;;;;;;;;X;X;;;;;;;;;;;;;;;;;;;;;;;;;;;;;;;;;;;;;;;;;;;;;;;;;;;;;;;;;;;;;;;;;;;;X;;;X;
F5281058402351;F5281058402351;DOOR ASSY - REAR, CLG;REPAIR;;;;X;X;;;;;;;;;;;;;;;;;;;;;;;;X;X;;;;;;;;;;;;;;;;;;;;;;;;;;;;;;;;;;;;;;;;;;;;;;;;;;;;;;;;;;;;;;;;;;;;X;;;X;
F5281058402451;F5281058402451;DOOR ASSY - REAR, CLG;REPAIR;;;;X;X;;;;;;;;;;;;;;;;;;;;;;;;X;X;;;;;;;;;;;;;;;;;;;;;;;;;;;;;;;;;;;;;;;;;;;;;;;;;;;;;;;;;;;;;;;;;;;;X;;;X;
F5281058402551;F5281058402551;DOOR ASSY - REAR, CLG;REPAIR;;;;X;X;;;;;;;;;;;;;;;;;;;;;;;;X;X;;;;;;;;;;;;;;;;;;;;;;;;;;;;;;;;;;;;;;;;;;;;;;;;;;;;;;;;;;;;;;;;;;;;X;;;X;
F5281058402651;F5281058402651;DOOR ASSY - REAR, CLG;REPAIR;;;;X;X;;;;;;;;;;;;;;;;;;;;;;;;X;X;;;;;;;;;;;;;;;;;;;;;;;;;;;;;;;;;;;;;;;;;;;;;;;;;;;;;;;;;;;;;;;;;;;;X;;;X;
F5281058402751;F5281058402751;DOOR ASSY - REAR, CLG;REPAIR;;;;X;X;;;;;;;;;;;;;;;;;;;;;;;;X;X;;;;;;;;;;;;;;;;;;;;;;;;;;;;;;;;;;;;;;;;;;;;;;;;;;;;;;;;;;;;;;;;;;;;X;;;X;
F5281058402851;F5281058402851;DOOR ASSY - REAR, CLG;REPAIR;;;;X;X;;;;;;;;;;;;;;;;;;;;;;;;X;X;;;;;;;;;;;;;;;;;;;;;;;;;;;;;;;;;;;;;;;;;;;;;;;;;;;;;;;;;;;;;;;;;;;;X;;;X;
F5281058402951;F5281058402951;DOOR ASSY - REAR, CLG;REPAIR;;;;X;X;;;;;;;;;;;;;;;;;;;;;;;;X;X;;;;;;;;;;;;;;;;;;;;;;;;;;;;;;;;;;;;;;;;;;;;;;;;;;;;;;;;;;;;;;;;;;;;X;;;X;
F5281058403051;F5281058403051;DOOR ASSY - REAR, CLG;REPAIR;;;;X;X;;;;;;;;;;;;;;;;;;;;;;;;X;X;;;;;;;;;;;;;;;;;;;;;;;;;;;;;;;;;;;;;;;;;;;;;;;;;;;;;;;;;;;;;;;;;;;;X;;;X;
F5281058403151;F5281058403151;DOOR ASSY - REAR, CLG;REPAIR;;;;X;X;;;;;;;;;;;;;;;;;;;;;;;;X;X;;;;;;;;;;;;;;;;;;;;;;;;;;;;;;;;;;;;;;;;;;;;;;;;;;;;;;;;;;;;;;;;;;;;X;;;X;
F5281058403251;F5281058403251;DOOR ASSY - REAR, CLG;REPAIR;;;;X;X;;;;;;;;;;;;;;;;;;;;;;;;X;X;;;;;;;;;;;;;;;;;;;;;;;;;;;;;;;;;;;;;;;;;;;;;;;;;;;;;;;;;;;;;;;;;;;;X;;;X;
F5281058403351;F5281058403351;DOOR ASSY - REAR, CLG;REPAIR;;;;X;X;;;;;;;;;;;;;;;;;;;;;;;;X;X;;;;;;;;;;;;;;;;;;;;;;;;;;;;;;;;;;;;;;;;;;;;;;;;;;;;;;;;;;;;;;;;;;;;X;;;X;
F5281058403451;F5281058403451;DOOR ASSY - REAR, CLG;REPAIR;;;;X;X;;;;;;;;;;;;;;;;;;;;;;;;X;X;;;;;;;;;;;;;;;;;;;;;;;;;;;;;;;;;;;;;;;;;;;;;;;;;;;;;;;;;;;;;;;;;;;;X;;;X;
F5281058403551;F5281058403551;DOOR ASSY - REAR, CLG;REPAIR;;;;X;X;;;;;;;;;;;;;;;;;;;;;;;;X;X;;;;;;;;;;;;;;;;;;;;;;;;;;;;;;;;;;;;;;;;;;;;;;;;;;;;;;;;;;;;;;;;;;;;X;;;X;
F5281058403651;F5281058403651;DOOR ASSY - REAR, CLG;REPAIR;;;;X;X;;;;;;;;;;;;;;;;;;;;;;;;X;X;;;;;;;;;;;;;;;;;;;;;;;;;;;;;;;;;;;;;;;;;;;;;;;;;;;;;;;;;;;;;;;;;;;;X;;;X;
F5281058403751;F5281058403751;DOOR ASSY - REAR, CLG;REPAIR;;;;X;X;;;;;;;;;;;;;;;;;;;;;;;;X;X;;;;;;;;;;;;;;;;;;;;;;;;;;;;;;;;;;;;;;;;;;;;;;;;;;;;;;;;;;;;;;;;;;;;X;;;X;
F5281058403851;F5281058403851;DOOR ASSY - REAR, CLG;REPAIR;;;;X;X;;;;;;;;;;;;;;;;;;;;;;;;X;X;;;;;;;;;;;;;;;;;;;;;;;;;;;;;;;;;;;;;;;;;;;;;;;;;;;;;;;;;;;;;;;;;;;;X;;;X;
F5281058403951;F5281058403951;DOOR ASSY - REAR, CLG;REPAIR;;;;X;X;;;;;;;;;;;;;;;;;;;;;;;;X;X;;;;;;;;;;;;;;;;;;;;;;;;;;;;;;;;;;;;;;;;;;;;;;;;;;;;;;;;;;;;;;;;;;;;X;;;X;
F5281058404051;F5281058404051;DOOR ASSY - REAR, CLG;REPAIR;;;;X;X;;;;;;;;;;;;;;;;;;;;;;;;X;X;;;;;;;;;;;;;;;;;;;;;;;;;;;;;;;;;;;;;;;;;;;;;;;;;;;;;;;;;;;;;;;;;;;;X;;;X;
F5281058404151;F5281058404151;DOOR ASSY - REAR, CLG;REPAIR;;;;X;X;;;;;;;;;;;;;;;;;;;;;;;;X;X;;;;;;;;;;;;;;;;;;;;;;;;;;;;;;;;;;;;;;;;;;;;;;;;;;;;;;;;;;;;;;;;;;;;X;;;X;
F5281058404251;F5281058404251;DOOR ASSY - REAR, CLG;REPAIR;;;;X;X;;;;;;;;;;;;;;;;;;;;;;;;X;X;;;;;;;;;;;;;;;;;;;;;;;;;;;;;;;;;;;;;;;;;;;;;;;;;;;;;;;;;;;;;;;;;;;;X;;;X;
F5281058404351;F5281058404351;DOOR ASSY - REAR, CLG;REPAIR;;;;X;X;;;;;;;;;;;;;;;;;;;;;;;;X;X;;;;;;;;;;;;;;;;;;;;;;;;;;;;;;;;;;;;;;;;;;;;;;;;;;;;;;;;;;;;;;;;;;;;X;;;X;
F5281058404451;F5281058404451;DOOR ASSY - REAR, CLG;REPAIR;;;;X;X;;;;;;;;;;;;;;;;;;;;;;;;X;X;;;;;;;;;;;;;;;;;;;;;;;;;;;;;;;;;;;;;;;;;;;;;;;;;;;;;;;;;;;;;;;;;;;;X;;;X;
F5281058404551;F5281058404551;DOOR ASSY - REAR, CLG;REPAIR;;;;X;X;;;;;;;;;;;;;;;;;;;;;;;;X;X;;;;;;;;;;;;;;;;;;;;;;;;;;;;;;;;;;;;;;;;;;;;;;;;;;;;;;;;;;;;;;;;;;;;X;;;X;
F5281058404600;F5281058404600;DOOR ASSY - REAR, CLG;REPAIR;;;;X;X;;;;;;;;;;;;;;;;;;;;;;;;X;X;;;;;;;;;;;;;;;;;;;;;;;;;;;;;;;;;;;;;;;;;;;;;;;;;;;;;;;;;;;;;;;;;;;;X;;;X;
F5281058404700;F5281058404700;DOOR ASSY - REAR, CLG;REPAIR;;;;X;X;;;;;;;;;;;;;;;;;;;;;;;;X;X;;;;;;;;;;;;;;;;;;;;;;;;;;;;;;;;;;;;;;;;;;;;;;;;;;;;;;;;;;;;;;;;;;;;X;;;X;
F5281058404800;F5281058404800;DOOR ASSY - REAR, CLG;REPAIR;;;;X;X;;;;;;;;;;;;;;;;;;;;;;;;X;X;;;;;;;;;;;;;;;;;;;;;;;;;;;;;;;;;;;;;;;;;;;;;;;;;;;;;;;;;;;;;;;;;;;;X;;;X;
F5281058404900;F5281058404900;DOOR ASSY - REAR, CLG;REPAIR;;;;X;X;;;;;;;;;;;;;;;;;;;;;;;;X;X;;;;;;;;;;;;;;;;;;;;;;;;;;;;;;;;;;;;;;;;;;;;;;;;;;;;;;;;;;;;;;;;;;;;X;;;X;
F5281058405000;F5281058405000;DOOR ASSY - REAR, CLG;REPAIR;;;;X;X;;;;;;;;;;;;;;;;;;;;;;;;X;X;;;;;;;;;;;;;;;;;;;;;;;;;;;;;;;;;;;;;;;;;;;;;;;;;;;;;;;;;;;;;;;;;;;;X;;;X;
F5281058405100;F5281058405100;DOOR ASSY - REAR, CLG;REPAIR;;;;X;X;;;;;;;;;;;;;;;;;;;;;;;;X;X;;;;;;;;;;;;;;;;;;;;;;;;;;;;;;;;;;;;;;;;;;;;;;;;;;;;;;;;;;;;;;;;;;;;X;;;X;
F5281310100000;F5281310100000;MAIN LANDING GEAR DOOR;REPAIR;;;;X;X;;;;;;;;;;;;;;;;;;;;;;;;X;X;;;;;;;;;;;;;;;;;;;;;;;;;;;;;;;;;;;;;;;;;;;;;;;;;;;;;;;;;;;;;;;;;;;;X;;;X;
F5281310100100;F5281310100100;MAIN LANDING GEAR DOOR;REPAIR;;;;X;X;;;;;;;;;;;;;;;;;;;;;;;;X;X;;;;;;;;;;;;;;;;;;;;;;;;;;;;;;;;;;;;;;;;;;;;;;;;;;;;;;;;;;;;;;;;;;;;X;;;X;
F5281310100200;F5281310100200;MAIN LANDING GEAR DOOR;REPAIR;;;;X;X;;;;;;;;;;;;;;;;;;;;;;;;X;X;;;;;;;;;;;;;;;;;;;;;;;;;;;;;;;;;;;;;;;;;;;;;;;;;;;;;;;;;;;;;;;;;;;;X;;;X;
F5281310100300;F5281310100300;MAIN LANDING GEAR DOOR;REPAIR;;;;X;X;;;;;;;;;;;;;;;;;;;;;;;;X;X;;;;;;;;;;;;;;;;;;;;;;;;;;;;;;;;;;;;;;;;;;;;;;;;;;;;;;;;;;;;;;;;;;;;X;;;X;
F5281310100400;F5281310100400;MAIN LANDING GEAR DOOR;REPAIR;;;;X;X;;;;;;;;;;;;;;;;;;;;;;;;X;X;;;;;;;;;;;;;;;;;;;;;;;;;;;;;;;;;;;;;;;;;;;;;;;;;;;;;;;;;;;;;;;;;;;;X;;;X;
F5281310100500;F5281310100500;MAIN LANDING GEAR DOOR;REPAIR;;;;X;X;;;;;;;;;;;;;;;;;;;;;;;;X;X;;;;;;;;;;;;;;;;;;;;;;;;;;;;;;;;;;;;;;;;;;;;;;;;;;;;;;;;;;;;;;;;;;;;X;;;X;
F5281310100600;F5281310100600;MAIN LANDING GEAR DOOR;REPAIR;;;;X;X;;;;;;;;;;;;;;;;;;;;;;;;X;X;;;;;;;;;;;;;;;;;;;;;;;;;;;;;;;;;;;;;;;;;;;;;;;;;;;;;;;;;;;;;;;;;;;;X;;;X;
F5281310100700;F5281310100700;MAIN LANDING GEAR DOOR;REPAIR;;;;X;X;;;;;;;;;;;;;;;;;;;;;;;;X;X;;;;;;;;;;;;;;;;;;;;;;;;;;;;;;;;;;;;;;;;;;;;;;;;;;;;;;;;;;;;;;;;;;;;X;;;X;
F5281310100800;F5281310100800;MAIN LANDING GEAR DOOR;REPAIR;;;;X;X;;;;;;;;;;;;;;;;;;;;;;;;X;X;;;;;;;;;;;;;;;;;;;;;;;;;;;;;;;;;;;;;;;;;;;;;;;;;;;;;;;;;;;;;;;;;;;;X;;;X;
F5281310100900;F5281310100900;MAIN LANDING GEAR DOOR;REPAIR;;;;X;X;;;;;;;;;;;;;;;;;;;;;;;;X;X;;;;;;;;;;;;;;;;;;;;;;;;;;;;;;;;;;;;;;;;;;;;;;;;;;;;;;;;;;;;;;;;;;;;X;;;X;
F5281310101000;F5281310101000;MAIN LANDING GEAR DOOR;REPAIR;;;;X;X;;;;;;;;;;;;;;;;;;;;;;;;X;X;;;;;;;;;;;;;;;;;;;;;;;;;;;;;;;;;;;;;;;;;;;;;;;;;;;;;;;;;;;;;;;;;;;;X;;;X;
F5281310101100;F5281310101100;MAIN LANDING GEAR DOOR;REPAIR;;;;X;X;;;;;;;;;;;;;;;;;;;;;;;;X;X;;;;;;;;;;;;;;;;;;;;;;;;;;;;;;;;;;;;;;;;;;;;;;;;;;;;;;;;;;;;;;;;;;;;X;;;X;
F5281310101200;F5281310101200;MAIN LANDING GEAR DOOR;REPAIR;;;;X;X;;;;;;;;;;;;;;;;;;;;;;;;X;X;;;;;;;;;;;;;;;;;;;;;;;;;;;;;;;;;;;;;;;;;;;;;;;;;;;;;;;;;;;;;;;;;;;;X;;;X;
F5281310101300;F5281310101300;MAIN LANDING GEAR DOOR;REPAIR;;;;X;X;;;;;;;;;;;;;;;;;;;;;;;;X;X;;;;;;;;;;;;;;;;;;;;;;;;;;;;;;;;;;;;;;;;;;;;;;;;;;;;;;;;;;;;;;;;;;;;X;;;X;
F5281310101400;F5281310101400;MAIN LANDING GEAR DOOR;REPAIR;;;;X;X;;;;;;;;;;;;;;;;;;;;;;;;X;X;;;;;;;;;;;;;;;;;;;;;;;;;;;;;;;;;;;;;;;;;;;;;;;;;;;;;;;;;;;;;;;;;;;;X;;;X;
F5281310101500;F5281310101500;MAIN LANDING GEAR DOOR;REPAIR;;;;X;X;;;;;;;;;;;;;;;;;;;;;;;;X;X;;;;;;;;;;;;;;;;;;;;;;;;;;;;;;;;;;;;;;;;;;;;;;;;;;;;;;;;;;;;;;;;;;;;X;;;X;
F5281310101600;F5281310101600;MAIN LANDING GEAR DOOR;REPAIR;;;;X;X;;;;;;;;;;;;;;;;;;;;;;;;X;X;;;;;;;;;;;;;;;;;;;;;;;;;;;;;;;;;;;;;;;;;;;;;;;;;;;;;;;;;;;;;;;;;;;;X;;;X;
F5281310101700;F5281310101700;MAIN LANDING GEAR DOOR;REPAIR;;;;X;X;;;;;;;;;;;;;;;;;;;;;;;;X;X;;;;;;;;;;;;;;;;;;;;;;;;;;;;;;;;;;;;;;;;;;;;;;;;;;;;;;;;;;;;;;;;;;;;X;;;X;
F5281411000000;F5281411000000;FWD NLG DOOR;REPAIR;;;;X;X;;;;;;;;;;;;;;;;;;;;;;;;X;X;;;;;;;;;;;;;;;;;;;;;;;;;;;;;;;;;;;;;;;;;;;;;;;;;;;;;;;;;;;;;;;;;;;;X;;;X;
F5281411000100;F5281411000100;FWD NLG DOOR;REPAIR;;;;X;X;;;;;;;;;;;;;;;;;;;;;;;;X;X;;;;;;;;;;;;;;;;;;;;;;;;;;;;;;;;;;;;;;;;;;;;;;;;;;;;;;;;;;;;;;;;;;;;X;;;X;
F5281411000200;F5281411000200;FWD NLG DOOR;REPAIR;;;;X;X;;;;;;;;;;;;;;;;;;;;;;;;X;X;;;;;;;;;;;;;;;;;;;;;;;;;;;;;;;;;;;;;;;;;;;;;;;;;;;;;;;;;;;;;;;;;;;;X;;;X;
F5281411000300;,F5281411000300;FWD NLG DOOR;REPAIR;;;;X;X;;;;;;;;;;;;;;;;;;;;;;;;X;X;;;;;;;;;;;;;;;;;;;;;;;;;;;;;;;;;;;;;;;;;;;;;;;;;;;;;;;;;;;;;;;;;;;;X;;;X;
F5281411000400;F5281411000400;FWD NLG DOOR;REPAIR;;;;X;X;;;;;;;;;;;;;;;;;;;;;;;;X;X;;;;;;;;;;;;;;;;;;;;;;;;;;;;;;;;;;;;;;;;;;;;;;;;;;;;;;;;;;;;;;;;;;;;X;;;X;
F5281411000500;F5281411000500;FWD NLG DOOR;REPAIR;;;;X;X;;;;;;;;;;;;;;;;;;;;;;;;X;X;;;;;;;;;;;;;;;;;;;;;;;;;;;;;;;;;;;;;;;;;;;;;;;;;;;;;;;;;;;;;;;;;;;;X;;;X;
F5281411000600;F5281411000600;FWD NLG DOOR;REPAIR;;;;X;X;;;;;;;;;;;;;;;;;;;;;;;;X;X;;;;;;;;;;;;;;;;;;;;;;;;;;;;;;;;;;;;;;;;;;;;;;;;;;;;;;;;;;;;;;;;;;;;X;;;X;
F5281411000700;F5281411000700;FWD NLG DOOR;REPAIR;;;;X;X;;;;;;;;;;;;;;;;;;;;;;;;X;X;;;;;;;;;;;;;;;;;;;;;;;;;;;;;;;;;;;;;;;;;;;;;;;;;;;;;;;;;;;;;;;;;;;;X;;;X;
F5281411000800;F5281411000800;FWD NLG DOOR;REPAIR;;;;X;X;;;;;;;;;;;;;;;;;;;;;;;;X;X;;;;;;;;;;;;;;;;;;;;;;;;;;;;;;;;;;;;;;;;;;;;;;;;;;;;;;;;;;;;;;;;;;;;X;;;X;
F5281411000900;F5281411000900;FWD NLG DOOR;REPAIR;;;;X;X;;;;;;;;;;;;;;;;;;;;;;;;X;X;;;;;;;;;;;;;;;;;;;;;;;;;;;;;;;;;;;;;;;;;;;;;;;;;;;;;;;;;;;;;;;;;;;;X;;;X;
F5281411001000;F5281411001000;FWD NLG DOOR;REPAIR;;;;X;X;;;;;;;;;;;;;;;;;;;;;;;;X;X;;;;;;;;;;;;;;;;;;;;;;;;;;;;;;;;;;;;;;;;;;;;;;;;;;;;;;;;;;;;;;;;;;;;X;;;X;
F5281411001100;F5281411001100;FWD NLG DOOR;REPAIR;;;;X;X;;;;;;;;;;;;;;;;;;;;;;;;X;X;;;;;;;;;;;;;;;;;;;;;;;;;;;;;;;;;;;;;;;;;;;;;;;;;;;;;;;;;;;;;;;;;;;;X;;;X;
F5281411001200;F5281411001200;FWD NLG DOOR;REPAIR;;;;X;X;;;;;;;;;;;;;;;;;;;;;;;;X;X;;;;;;;;;;;;;;;;;;;;;;;;;;;;;;;;;;;;;;;;;;;;;;;;;;;;;;;;;;;;;;;;;;;;X;;;X;
F5281411001300;F5281411001300;FWD NLG DOOR;REPAIR;;;;X;X;;;;;;;;;;;;;;;;;;;;;;;;X;X;;;;;;;;;;;;;;;;;;;;;;;;;;;;;;;;;;;;;;;;;;;;;;;;;;;;;;;;;;;;;;;;;;;;X;;;X;
F5281411001400;F5281411001400;FWD NLG DOOR;REPAIR;;;;X;X;;;;;;;;;;;;;;;;;;;;;;;;X;X;;;;;;;;;;;;;;;;;;;;;;;;;;;;;;;;;;;;;;;;;;;;;;;;;;;;;;;;;;;;;;;;;;;;X;;;X;
F5281411001500;F5281411001500;FWD NLG DOOR;REPAIR;;;;X;X;;;;;;;;;;;;;;;;;;;;;;;;X;X;;;;;;;;;;;;;;;;;;;;;;;;;;;;;;;;;;;;;;;;;;;;;;;;;;;;;;;;;;;;;;;;;;;;X;;;X;
F5281411001600;F5281411001600;FWD NLG DOOR;REPAIR;;;;X;X;;;;;;;;;;;;;;;;;;;;;;;;X;X;;;;;;;;;;;;;;;;;;;;;;;;;;;;;;;;;;;;;;;;;;;;;;;;;;;;;;;;;;;;;;;;;;;;X;;;X;
F5281411001700;F5281411001700;FWD NLG DOOR;REPAIR;;;;X;X;;;;;;;;;;;;;;;;;;;;;;;;X;X;;;;;;;;;;;;;;;;;;;;;;;;;;;;;;;;;;;;;;;;;;;;;;;;;;;;;;;;;;;;;;;;;;;;X;;;X;
F5281435000000;F5281435000000;AFT NLG DOOR;REPAIR;;;;X;X;;;;;;;;;;;;;;;;;;;;;;;;X;X;;;;;;;;;;;;;;;;;;;;;;;;;;;;;;;;;;;;;;;;;;;;;;;;;;;;;;;;;;;;;;;;;;;;X;;;X;
F5281435000100;F5281435000100;AFT NLG DOOR;REPAIR;;;;X;X;;;;;;;;;;;;;;;;;;;;;;;;X;X;;;;;;;;;;;;;;;;;;;;;;;;;;;;;;;;;;;;;;;;;;;;;;;;;;;;;;;;;;;;;;;;;;;;X;;;X;
F5281435000200;F5281435000200;AFT NLG DOOR;REPAIR;;;;X;X;;;;;;;;;;;;;;;;;;;;;;;;X;X;;;;;;;;;;;;;;;;;;;;;;;;;;;;;;;;;;;;;;;;;;;;;;;;;;;;;;;;;;;;;;;;;;;;X;;;X;
F5281435000300;F5281435000300;AFT NLG DOOR;REPAIR;;;;X;X;;;;;;;;;;;;;;;;;;;;;;;;X;X;;;;;;;;;;;;;;;;;;;;;;;;;;;;;;;;;;;;;;;;;;;;;;;;;;;;;;;;;;;;;;;;;;;;X;;;X;
F5281435000400;F5281435000400;AFT NLG DOOR;REPAIR;;;;X;X;;;;;;;;;;;;;;;;;;;;;;;;X;X;;;;;;;;;;;;;;;;;;;;;;;;;;;;;;;;;;;;;;;;;;;;;;;;;;;;;;;;;;;;;;;;;;;;X;;;X;
F5281435000500;F5281435000500;AFT NLG DOOR;REPAIR;;;;X;X;;;;;;;;;;;;;;;;;;;;;;;;X;X;;;;;;;;;;;;;;;;;;;;;;;;;;;;;;;;;;;;;;;;;;;;;;;;;;;;;;;;;;;;;;;;;;;;X;;;X;
F5281435000600;F5281435000600;AFT NLG DOOR;REPAIR;;;;X;X;;;;;;;;;;;;;;;;;;;;;;;;X;X;;;;;;;;;;;;;;;;;;;;;;;;;;;;;;;;;;;;;;;;;;;;;;;;;;;;;;;;;;;;;;;;;;;;X;;;X;
F5281435000700;F5281435000700;AFT NLG DOOR;REPAIR;;;;X;X;;;;;;;;;;;;;;;;;;;;;;;;X;X;;;;;;;;;;;;;;;;;;;;;;;;;;;;;;;;;;;;;;;;;;;;;;;;;;;;;;;;;;;;;;;;;;;;X;;;X;
F5281435000800;F5281435000800;AFT NLG DOOR;REPAIR;;;;X;X;;;;;;;;;;;;;;;;;;;;;;;;X;X;;;;;;;;;;;;;;;;;;;;;;;;;;;;;;;;;;;;;;;;;;;;;;;;;;;;;;;;;;;;;;;;;;;;X;;;X;
F5281435000900;F5281435000900;AFT NLG DOOR;REPAIR;;;;X;X;;;;;;;;;;;;;;;;;;;;;;;;X;X;;;;;;;;;;;;;;;;;;;;;;;;;;;;;;;;;;;;;;;;;;;;;;;;;;;;;;;;;;;;;;;;;;;;X;;;X;
F5281510100000;F5281510100000;DOOR ASSY - FWD, CLG;REPAIR;;;;X;X;;;;;;;;;;;;;;;;;;;;;;;;X;X;;;;;;;;;;;;;;;;;;;;;;;;;;;;;;;;;;;;;;;;;;;;;;;;;;;;;;;;;;;;;;;;;;;;X;;;X;
F5281510100100;F5281510100100;DOOR ASSY - FWD, CLG;REPAIR;;;;X;X;;;;;;;;;;;;;;;;;;;;;;;;X;X;;;;;;;;;;;;;;;;;;;;;;;;;;;;;;;;;;;;;;;;;;;;;;;;;;;;;;;;;;;;;;;;;;;;X;;;X;
F5281510100200;F5281510100200;DOOR ASSY - FWD, CLG;REPAIR;;;;X;X;;;;;;;;;;;;;;;;;;;;;;;;X;X;;;;;;;;;;;;;;;;;;;;;;;;;;;;;;;;;;;;;;;;;;;;;;;;;;;;;;;;;;;;;;;;;;;;X;;;X;
F5281510100300;F5281510100300;DOOR ASSY - FWD, CLG;REPAIR;;;;X;X;;;;;;;;;;;;;;;;;;;;;;;;X;X;;;;;;;;;;;;;;;;;;;;;;;;;;;;;;;;;;;;;;;;;;;;;;;;;;;;;;;;;;;;;;;;;;;;X;;;X;
F5281510100400;F5281510100400;DOOR ASSY - FWD, CLG;REPAIR;;;;X;X;;;;;;;;;;;;;;;;;;;;;;;;X;X;;;;;;;;;;;;;;;;;;;;;;;;;;;;;;;;;;;;;;;;;;;;;;;;;;;;;;;;;;;;;;;;;;;;X;;;X;
F5281510100500;F5281510100500;DOOR ASSY - FWD, CLG;REPAIR;;;;X;X;;;;;;;;;;;;;;;;;;;;;;;;X;X;;;;;;;;;;;;;;;;;;;;;;;;;;;;;;;;;;;;;;;;;;;;;;;;;;;;;;;;;;;;;;;;;;;;X;;;X;
F5281510100600;F5281510100600;DOOR ASSY - FWD, CLG;REPAIR;;;;X;X;;;;;;;;;;;;;;;;;;;;;;;;X;X;;;;;;;;;;;;;;;;;;;;;;;;;;;;;;;;;;;;;;;;;;;;;;;;;;;;;;;;;;;;;;;;;;;;X;;;X;
F5281510100700;F5281510100700;DOOR ASSY - FWD, CLG;REPAIR;;;;X;X;;;;;;;;;;;;;;;;;;;;;;;;X;X;;;;;;;;;;;;;;;;;;;;;;;;;;;;;;;;;;;;;;;;;;;;;;;;;;;;;;;;;;;;;;;;;;;;X;;;X;
F5281510100800;F5281510100800;DOOR ASSY - FWD, CLG;REPAIR;;;;X;X;;;;;;;;;;;;;;;;;;;;;;;;X;X;;;;;;;;;;;;;;;;;;;;;;;;;;;;;;;;;;;;;;;;;;;;;;;;;;;;;;;;;;;;;;;;;;;;X;;;X;
F5281510100900;F5281510100900;DOOR ASSY - FWD, CLG;REPAIR;;;;X;X;;;;;;;;;;;;;;;;;;;;;;;;X;X;;;;;;;;;;;;;;;;;;;;;;;;;;;;;;;;;;;;;;;;;;;;;;;;;;;;;;;;;;;;;;;;;;;;X;;;X;
F5281510101000;F5281510101000;DOOR ASSY - FWD, CLG;REPAIR;;;;X;X;;;;;;;;;;;;;;;;;;;;;;;;X;X;;;;;;;;;;;;;;;;;;;;;;;;;;;;;;;;;;;;;;;;;;;;;;;;;;;;;;;;;;;;;;;;;;;;X;;;X;
F5281510101100;F5281510101100;DOOR ASSY - FWD, CLG;REPAIR;;;;X;X;;;;;;;;;;;;;;;;;;;;;;;;X;X;;;;;;;;;;;;;;;;;;;;;;;;;;;;;;;;;;;;;;;;;;;;;;;;;;;;;;;;;;;;;;;;;;;;X;;;X;
F5281510101200;F5281510101200;DOOR ASSY - FWD, CLG;REPAIR;;;;X;X;;;;;;;;;;;;;;;;;;;;;;;;X;X;;;;;;;;;;;;;;;;;;;;;;;;;;;;;;;;;;;;;;;;;;;;;;;;;;;;;;;;;;;;;;;;;;;;X;;;X;
F5281510101300;F5281510101300;DOOR ASSY - FWD, CLG;REPAIR;;;;X;X;;;;;;;;;;;;;;;;;;;;;;;;X;X;;;;;;;;;;;;;;;;;;;;;;;;;;;;;;;;;;;;;;;;;;;;;;;;;;;;;;;;;;;;;;;;;;;;X;;;X;
F5281510101400;F5281510101400;DOOR ASSY - FWD, CLG;REPAIR;;;;X;X;;;;;;;;;;;;;;;;;;;;;;;;X;X;;;;;;;;;;;;;;;;;;;;;;;;;;;;;;;;;;;;;;;;;;;;;;;;;;;;;;;;;;;;;;;;;;;;X;;;X;
F5281510101500;F5281510101500;DOOR ASSY - FWD, CLG;REPAIR;;;;X;X;;;;;;;;;;;;;;;;;;;;;;;;X;X;;;;;;;;;;;;;;;;;;;;;;;;;;;;;;;;;;;;;;;;;;;;;;;;;;;;;;;;;;;;;;;;;;;;X;;;X;
F5281510101600;F5281510101600;DOOR ASSY - FWD, CLG;REPAIR;;;;X;X;;;;;;;;;;;;;;;;;;;;;;;;X;X;;;;;;;;;;;;;;;;;;;;;;;;;;;;;;;;;;;;;;;;;;;;;;;;;;;;;;;;;;;;;;;;;;;;X;;;X;
F5281510101700;F5281510101700;DOOR ASSY - FWD, CLG;REPAIR;;;;X;X;;;;;;;;;;;;;;;;;;;;;;;;X;X;;;;;;;;;;;;;;;;;;;;;;;;;;;;;;;;;;;;;;;;;;;;;;;;;;;;;;;;;;;;;;;;;;;;X;;;X;
F5281510101800;F5281510101800;DOOR ASSY - FWD, CLG;REPAIR;;;;X;X;;;;;;;;;;;;;;;;;;;;;;;;X;X;;;;;;;;;;;;;;;;;;;;;;;;;;;;;;;;;;;;;;;;;;;;;;;;;;;;;;;;;;;;;;;;;;;;X;;;X;
F5281510101900;F5281510101900;DOOR ASSY - FWD, CLG;REPAIR;;;;X;X;;;;;;;;;;;;;;;;;;;;;;;;X;X;;;;;;;;;;;;;;;;;;;;;;;;;;;;;;;;;;;;;;;;;;;;;;;;;;;;;;;;;;;;;;;;;;;;X;;;X;
F5281511100000;F5281511100000;DOOR ASSY - REAR, CLG;REPAIR;;;;X;X;;;;;;;;;;;;;;;;;;;;;;;;X;X;;;;;;;;;;;;;;;;;;;;;;;;;;;;;;;;;;;;;;;;;;;;;;;;;;;;;;;;;;;;;;;;;;;;X;;;X;
F5281511100200;F5281511100200;DOOR ASSY - REAR, CLG;REPAIR;;;;X;X;;;;;;;;;;;;;;;;;;;;;;;;X;X;;;;;;;;;;;;;;;;;;;;;;;;;;;;;;;;;;;;;;;;;;;;;;;;;;;;;;;;;;;;;;;;;;;;X;;;X;
F5281511100400;F5281511100400;DOOR ASSY - REAR, CLG;REPAIR;;;;X;X;;;;;;;;;;;;;;;;;;;;;;;;X;X;;;;;;;;;;;;;;;;;;;;;;;;;;;;;;;;;;;;;;;;;;;;;;;;;;;;;;;;;;;;;;;;;;;;X;;;X;
F5281630000000;F5281630000000;NOSE GEAR MAIN DOOR;REPAIR;;;;X;X;;;;;;;;;;;;;;;;;;;X;;;;;;;;;;;;;;;;;;;;;;;;;;;;;;;;;;;;;;;;;;;;;;;;;;;;;;;;;;;;;;;;;;;;;;;;;;X;;;X;
F5281630000100;F5281630000100;NOSE GEAR MAIN DOOR;REPAIR;;;;X;X;;;;;;;;;;;;;;;;;;;X;;;;;;;;;;;;;;;;;;;;;;;;;;;;;;;;;;;;;;;;;;;;;;;;;;;;;;;;;;;;;;;;;;;;;;;;;;X;;;X;
F5281631900000;F5281631900000;FWD NLG DOOR;REPAIR;;;;X;X;;;;;;;;;;;;;;;;;;;;;;;;X;X;;;;;;;;;;;;;;;;;;;;;;;;;;;;;;;;;;;;;;;;;;;;;;;;;;;;;;;;;;;;;;;;;;;;X;;;X;
F5281631900100;F5281631900100;FWD NLG DOOR;REPAIR;;;;X;X;;;;;;;;;;;;;;;;;;;;;;;;X;X;;;;;;;;;;;;;;;;;;;;;;;;;;;;;;;;;;;;;;;;;;;;;;;;;;;;;;;;;;;;;;;;;;;;X;;;X;
F5281633100000;F5281633100000;AFT NLG DOOR;REPAIR;;;;X;X;;;;;;;;;;;;;;;;;;;;;;;;X;X;;;;;;;;;;;;;;;;;;;;;;;;;;;;;;;;;;;;;;;;;;;;;;;;;;;;;;;;;;;;;;;;;;;;X;;;X;
F5281633100100;F5281633100100;AFT NLG DOOR;REPAIR;;;;X;X;;;;;;;;;;;;;;;;;;;;;;;;X;X;;;;;;;;;;;;;;;;;;;;;;;;;;;;;;;;;;;;;;;;;;;;;;;;;;;;;;;;;;;;;;;;;;;;X;;;X;
F5281635000000;F5281635000000;FWD NLG DOOR;REPAIR;;;;X;X;;;;;;;;;;;;;;;;;;;;;;;;X;X;;;;;;;;;;;;;;;;;;;;;;;;;;;;;;;;;;;;;;;;;;;;;;;;;;;;;;;;;;;;;;;;;;;;X;;;X;
F5281635000100;F5281635000100;FWD NLG DOOR;REPAIR;;;;X;X;;;;;;;;;;;;;;;;;;;;;;;;X;X;;;;;;;;;;;;;;;;;;;;;;;;;;;;;;;;;;;;;;;;;;;;;;;;;;;;;;;;;;;;;;;;;;;;X;;;X;
F5281635500000;F5281635500000;FWD NLG DOOR;REPAIR;;;;X;X;;;;;;;;;;;;;;;;;;;;;;;;X;X;;;;;;;;;;;;;;;;;;;;;;;;;;;;;;;;;;;;;;;;;;;;;;;;;;;;;;;;;;;;;;;;;;;;X;;;X;
F5281635500100;F5281635500100;FWD NLG DOOR;REPAIR;;;;X;X;;;;;;;;;;;;;;;;;;;;;;;;X;X;;;;;;;;;;;;;;;;;;;;;;;;;;;;;;;;;;;;;;;;;;;;;;;;;;;;;;;;;;;;;;;;;;;;X;;;X;
F5281638100000;F5281638100000;AFT NLG DOOR;REPAIR;;;;X;X;;;;;;;;;;;;;;;;;;;;;;;;X;X;;;;;;;;;;;;;;;;;;;;;;;;;;;;;;;;;;;;;;;;;;;;;;;;;;;;;;;;;;;;;;;;;;;;X;;;X;
F5281638100100;F5281638100100;AFT NLG DOOR;REPAIR;;;;X;X;;;;;;;;;;;;;;;;;;;;;;;;X;X;;;;;;;;;;;;;;;;;;;;;;;;;;;;;;;;;;;;;;;;;;;;;;;;;;;;;;;;;;;;;;;;;;;;X;;;X;
F5281640000000;F5281640000000;FWD NLG DOOR;REPAIR;;;;X;X;;;;;;;;;;;;;;;;;;;;;;;;X;X;;;;;;;;;;;;;;;;;;;;;;;;;;;;;;;;;;;;;;;;;;;;;;;;;;;;;;;;;;;;;;;;;;;;X;;;X;
F5281640000100;F5281640000100;FWD NLG DOOR;REPAIR;;;;X;X;;;;;;;;;;;;;;;;;;;;;;;;X;X;;;;;;;;;;;;;;;;;;;;;;;;;;;;;;;;;;;;;;;;;;;;;;;;;;;;;;;;;;;;;;;;;;;;X;;;X;
F5453121500600;F5453121500600;COVER ASSY;REPAIR;;;;X;X;X;X;X;;;;;;;;;;;;;X;;;;;;;;X;;;;;;;;;;;;;;;;;;;;;;;;;;;;;;;;;;;;;;;;;;;;;;;;;;;;;;;;;;;;;;;;;;;;;X;;;X;
F5453121501000;F5453121501000;COVER ASSY;REPAIR;;;;X;X;X;X;X;;;;;;;;;;;;;X;;;;;;;;X;;;;;;;;;;;;;;;;;;;;;;;;;;;;;;;;;;;;;;;;;;;;;;;;;;;;;;;;;;;;;;;;;;;;;X;;;X;
F5453121501044;F5453121501044;COVER ASSY;REPAIR;;;;X;X;X;X;X;;;;;;;;;;;;;X;;;;;;;;X;;;;;;;;;;;;;;;;;;;;;;;;;;;;;;;;;;;;;;;;;;;;;;;;;;;;;;;;;;;;;;;;;;;;;X;;;X;
F5508056000251;F5508056000251;FAIRING ASSY UPPER;REPAIR;;;;X;X;X;X;X;;;;;;;;;;;;;X;;;;;;;;X;;;;;;;;;;;;;;;;;;;;;;;;;;;;;;;;;;;;;;;;;;;;;;;;;;;;;;;;;;;;;;;;;;;;;X;;;X;
F5508058000151;F5508058000151;FAIRING ASSY LOWER;REPAIR;;;;X;X;X;X;X;;;;;;;;;;;;;X;;;;;;;;X;;;;;;;;;;;;;;;;;;;;;;;;;;;;;;;;;;;;;;;;;;;;;;;;;;;;;;;;;;;;;;;;;;;;;X;;;X;
F5528000000000;F5528000000000;ELEVATOR ASSY;REPAIR;;;;X;X;;;;;;;;;;;;;;;;;;;;;;;;X;X;;;;;;;;;;;;;;;;;;;;;;;;;;;;;;;;;;;;;;;;;;;;;;;;;;;;;;;;;;;;;;;;;;;;X;;;X;
F5528000000092;F5528000000092;ELEVATOR ASSY;REPAIR;;;;X;X;;;;;;;;;;;;;;;;;;;;;;;;X;X;;;;;;;;;;;;;;;;;;;;;;;;;;;;;;;;;;;;;;;;;;;;;;;;;;;;;;;;;;;;;;;;;;;;X;;;X;
F5528000000093;F5528000000093;ELEVATOR ASSY;REPAIR;;;;X;X;;;;;;;;;;;;;;;;;;;;;;;;X;X;;;;;;;;;;;;;;;;;;;;;;;;;;;;;;;;;;;;;;;;;;;;;;;;;;;;;;;;;;;;;;;;;;;;X;;;X;
F5528000000095;F5528000000095;ELEVATOR ASSY;REPAIR;;;;X;X;;;;;;;;;;;;;;;;;;;;;;;;X;X;;;;;;;;;;;;;;;;;;;;;;;;;;;;;;;;;;;;;;;;;;;;;;;;;;;;;;;;;;;;;;;;;;;;X;;;X;
F5528000000096;F5528000000096;ELEVATOR ASSY;REPAIR;;;;X;X;;;;;;;;;;;;;;;;;;;;;;;;X;X;;;;;;;;;;;;;;;;;;;;;;;;;;;;;;;;;;;;;;;;;;;;;;;;;;;;;;;;;;;;;;;;;;;;X;;;X;
F5528000000100;F5528000000100;ELEVATOR ASSY;REPAIR;;;;X;X;;;;;;;;;;;;;;;;;;;;;;;;X;X;;;;;;;;;;;;;;;;;;;;;;;;;;;;;;;;;;;;;;;;;;;;;;;;;;;;;;;;;;;;;;;;;;;;X;;;X;
F5528000000192;F5528000000192;ELEVATOR ASSY;REPAIR;;;;X;X;;;;;;;;;;;;;;;;;;;;;;;;X;X;;;;;;;;;;;;;;;;;;;;;;;;;;;;;;;;;;;;;;;;;;;;;;;;;;;;;;;;;;;;;;;;;;;;X;;;X;
F5528000000193;F5528000000193;ELEVATOR ASSY;REPAIR;;;;X;X;;;;;;;;;;;;;;;;;;;;;;;;X;X;;;;;;;;;;;;;;;;;;;;;;;;;;;;;;;;;;;;;;;;;;;;;;;;;;;;;;;;;;;;;;;;;;;;X;;;X;
F5528000000195;F5528000000195;ELEVATOR ASSY;REPAIR;;;;X;X;;;;;;;;;;;;;;;;;;;;;;;;X;X;;;;;;;;;;;;;;;;;;;;;;;;;;;;;;;;;;;;;;;;;;;;;;;;;;;;;;;;;;;;;;;;;;;;X;;;X;
F5528000000196;F5528000000196;ELEVATOR ASSY;REPAIR;;;;X;X;;;;;;;;;;;;;;;;;;;;;;;;X;X;;;;;;;;;;;;;;;;;;;;;;;;;;;;;;;;;;;;;;;;;;;;;;;;;;;;;;;;;;;;;;;;;;;;X;;;X;
F5528000000200;F5528000000200;ELEVATOR ASSY;REPAIR;;;;X;X;;;;;;;;;;;;;;;;;;;;;;;;X;X;;;;;;;;;;;;;;;;;;;;;;;;;;;;;;;;;;;;;;;;;;;;;;;;;;;;;;;;;;;;;;;;;;;;X;;;X;
F5528000000293;F5528000000293;ELEVATOR ASSY;REPAIR;;;;X;X;;;;;;;;;;;;;;;;;;;;;;;;X;X;;;;;;;;;;;;;;;;;;;;;;;;;;;;;;;;;;;;;;;;;;;;;;;;;;;;;;;;;;;;;;;;;;;;X;;;X;
F5528000000295;F5528000000295;ELEVATOR ASSY;REPAIR;;;;X;X;;;;;;;;;;;;;;;;;;;;;;;;X;X;;;;;;;;;;;;;;;;;;;;;;;;;;;;;;;;;;;;;;;;;;;;;;;;;;;;;;;;;;;;;;;;;;;;X;;;X;
F5528000000296;F5528000000296;ELEVATOR ASSY;REPAIR;;;;X;X;;;;;;;;;;;;;;;;;;;;;;;;X;X;;;;;;;;;;;;;;;;;;;;;;;;;;;;;;;;;;;;;;;;;;;;;;;;;;;;;;;;;;;;;;;;;;;;X;;;X;
F5528000000300;F5528000000300;ELEVATOR ASSY;REPAIR;;;;X;X;;;;;;;;;;;;;;;;;;;;;;;;X;X;;;;;;;;;;;;;;;;;;;;;;;;;;;;;;;;;;;;;;;;;;;;;;;;;;;;;;;;;;;;;;;;;;;;X;;;X;
F5528000000393;F5528000000393;ELEVATOR ASSY;REPAIR;;;;X;X;;;;;;;;;;;;;;;;;;;;;;;;X;X;;;;;;;;;;;;;;;;;;;;;;;;;;;;;;;;;;;;;;;;;;;;;;;;;;;;;;;;;;;;;;;;;;;;X;;;X;
F5528000000395;F5528000000395;ELEVATOR ASSY;REPAIR;;;;X;X;;;;;;;;;;;;;;;;;;;;;;;;X;X;;;;;;;;;;;;;;;;;;;;;;;;;;;;;;;;;;;;;;;;;;;;;;;;;;;;;;;;;;;;;;;;;;;;X;;;X;
F5528000000396;F5528000000396;ELEVATOR ASSY;REPAIR;;;;X;X;;;;;;;;;;;;;;;;;;;;;;;;X;X;;;;;;;;;;;;;;;;;;;;;;;;;;;;;;;;;;;;;;;;;;;;;;;;;;;;;;;;;;;;;;;;;;;;X;;;X;
F5528000000500;F5528000000500;ELEVATOR ASSY;REPAIR;;;;X;X;;;;;;;;;;;;;;;;;;;;;;;;X;X;;;;;;;;;;;;;;;;;;;;;;;;;;;;;;;;;;;;;;;;;;;;;;;;;;;;;;;;;;;;;;;;;;;;X;;;X;
F5528000000593;F5528000000593;ELEVATOR ASSY;REPAIR;;;;X;X;;;;;;;;;;;;;;;;;;;;;;;;X;X;;;;;;;;;;;;;;;;;;;;;;;;;;;;;;;;;;;;;;;;;;;;;;;;;;;;;;;;;;;;;;;;;;;;X;;;X;
F5528000000595;F5528000000595;ELEVATOR ASSY;REPAIR;;;;X;X;;;;;;;;;;;;;;;;;;;;;;;;X;X;;;;;;;;;;;;;;;;;;;;;;;;;;;;;;;;;;;;;;;;;;;;;;;;;;;;;;;;;;;;;;;;;;;;X;;;X;
F5528000000596;F5528000000596;ELEVATOR ASSY;REPAIR;;;;X;X;;;;;;;;;;;;;;;;;;;;;;;;X;X;;;;;;;;;;;;;;;;;;;;;;;;;;;;;;;;;;;;;;;;;;;;;;;;;;;;;;;;;;;;;;;;;;;;X;;;X;
F5528000000600;F5528000000600;ELEVATOR ASSY;REPAIR;;;;X;X;X;X;X;;;;;;;;;;;;;X;;;;;;;;X;;;;;;;;;;;;;;;;;;;;;;;;;;;;;;;;;;;;;;;;;;;;;;;;;;;;;;;;;;;;;;;;;;;;;X;;;X;
F5528000000600;F5528000000600;ELEVATOR ASSY;REPAIR;;;;X;X;;;;;;;;;;;;;;;;;;;;;;;;X;X;;;;;;;;;;;;;;;;;;;;;;;;;;;;;;;;;;;;;;;;;;;;;;;;;;;;;;;;;;;;;;;;;;;;X;;;X;
F5528000000690;F5528000000690;ELEVATOR ASSY;REPAIR;;;;X;X;;;;;;;;;;;;;;;;;;;;;;;;X;X;;;;;;;;;;;;;;;;;;;;;;;;;;;;;;;;;;;;;;;;;;;;;;;;;;;;;;;;;;;;;;;;;;;;X;;;X;
F5528000000700;F5528000000700;ELEVATOR ASSY;REPAIR;;;;X;X;;;;;;;;;;;;;;;;;;;;;;;;X;X;;;;;;;;;;;;;;;;;;;;;;;;;;;;;;;;;;;;;;;;;;;;;;;;;;;;;;;;;;;;;;;;;;;;X;;;X;
F5528000000790;F5528000000790;ELEVATOR ASSY;REPAIR;;;;X;X;;;;;;;;;;;;;;;;;;;;;;;;X;X;;;;;;;;;;;;;;;;;;;;;;;;;;;;;;;;;;;;;;;;;;;;;;;;;;;;;;;;;;;;;;;;;;;;X;;;X;
F5528000000800;F5528000000800;ELEVATOR ASSY;REPAIR;;;;X;X;;;;;;;;;;;;;;;;;;;;;;;;X;X;;;;;;;;;;;;;;;;;;;;;;;;;;;;;;;;;;;;;;;;;;;;;;;;;;;;;;;;;;;;;;;;;;;;X;;;X;
F5528000000900;F5528000000900;ELEVATOR ASSY;REPAIR;;;;X;X;;;;;;;;;;;;;;;;;;;;;;;;X;X;;;;;;;;;;;;;;;;;;;;;;;;;;;;;;;;;;;;;;;;;;;;;;;;;;;;;;;;;;;;;;;;;;;;X;;;X;
F5528000001200;F5528000001200;ELEVATOR ASSY;REPAIR;;;;X;X;;;;;;;;;;;;;;;;;;;;;;;;X;X;;;;;;;;;;;;;;;;;;;;;;;;;;;;;;;;;;;;;;;;;;;;;;;;;;;;;;;;;;;;;;;;;;;;X;;;X;
F5528000001300;F5528000001300;ELEVATOR ASSY;REPAIR;;;;X;X;;;;;;;;;;;;;;;;;;;;;;;;X;X;;;;;;;;;;;;;;;;;;;;;;;;;;;;;;;;;;;;;;;;;;;;;;;;;;;;;;;;;;;;;;;;;;;;X;;;X;
F5528000200000;F5528000200000;ELEVATOR ASSY;REPAIR;;;;X;X;;;;;;;;;;;;;;;;;;;;;;;;X;X;;;;;;;;;;;;;;;;;;;;;;;;;;;;;;;;;;;;;;;;;;;;;;;;;;;;;;;;;;;;;;;;;;;;X;;;X;
F5528000200100;F5528000200100;ELEVATOR ASSY;REPAIR;;;;X;X;;;;;;;;;;;;;;;;;;;;;;;;X;X;;;;;;;;;;;;;;;;;;;;;;;;;;;;;;;;;;;;;;;;;;;;;;;;;;;;;;;;;;;;;;;;;;;;X;;;X;
F5528000500000;F5528000500000;ELEVATOR ASSY;REPAIR;;;;X;X;;;;;;;;;;;;;;;;;;;;;;;;X;X;;;;;;;;;;;;;;;;;;;;;;;;;;;;;;;;;;;;;;;;;;;;;;;;;;;;;;;;;;;;;;;;;;;;X;;;X;
F5528000500100;F5528000500100;ELEVATOR ASSY;REPAIR;;;;X;X;;;;;;;;;;;;;;;;;;;;;;;;X;X;;;;;;;;;;;;;;;;;;;;;;;;;;;;;;;;;;;;;;;;;;;;;;;;;;;;;;;;;;;;;;;;;;;;X;;;X;
F5528000500200;F5528000500200;ELEVATOR ASSY;REPAIR;;;;X;X;;;;;;;;;;;;;;;;;;;;;;;;X;X;;;;;;;;;;;;;;;;;;;;;;;;;;;;;;;;;;;;;;;;;;;;;;;;;;;;;;;;;;;;;;;;;;;;X;;;X;
F5528000500300;F5528000500300;ELEVATOR ASSY;REPAIR;;;;X;X;;;;;;;;;;;;;;;;;;;;;;;;X;X;;;;;;;;;;;;;;;;;;;;;;;;;;;;;;;;;;;;;;;;;;;;;;;;;;;;;;;;;;;;;;;;;;;;X;;;X;
F5528000500400;F5528000500400;ELEVATOR ASSY;REPAIR;;;;X;X;;;;;;;;;;;;;;;;;;;;;;;;X;X;;;;;;;;;;;;;;;;;;;;;;;;;;;;;;;;;;;;;;;;;;;;;;;;;;;;;;;;;;;;;;;;;;;;X;;;X;
F5528000500500;F5528000500500;ELEVATOR ASSY;REPAIR;;;;X;X;;;;;;;;;;;;;;;;;;;;;;;;X;X;;;;;;;;;;;;;;;;;;;;;;;;;;;;;;;;;;;;;;;;;;;;;;;;;;;;;;;;;;;;;;;;;;;;X;;;X;
F5547000000051;F5547000000051;RUDDER ASSY;REPAIR;;;;X;X;;;;;;;;;;;;;;;;;;;;;;;;X;X;;;;;;;;;;;;;;;;;;;;;;;;;;;;;;;;;;;;;;;;;;;;;;;;;;;;;;;;;;;;;;;;;;;;X;;;X;
F5547000000251;F5547000000251;RUDDER ASSY;REPAIR;;;;X;X;;;;;;;;;;;;;;;;;;;;;;;;X;X;;;;;;;;;;;;;;;;;;;;;;;;;;;;;;;;;;;;;;;;;;;;;;;;;;;;;;;;;;;;;;;;;;;;X;;;X;
F5547000500000;F5547000500000;RUDDER ASSY;REPAIR;;;;X;X;;;;;;;;;;;;;;;;;;;;;;;;X;X;;;;;;;;;;;;;;;;;;;;;;;;;;;;;;;;;;;;;;;;;;;;;;;;;;;;;;;;;;;;;;;;;;;;X;;;X;
F5547000500051;F5547000500051;RUDDER ASSY;REPAIR;;;;X;X;;;;;;;;;;;;;;;;;;;;;;;;X;X;;;;;;;;;;;;;;;;;;;;;;;;;;;;;;;;;;;;;;;;;;;;;;;;;;;;;;;;;;;;;;;;;;;;X;;;X;
F5547000500052;F5547000500052;RUDDER ASSY;REPAIR;;;;X;X;;;;;;;;;;;;;;;;;;;;;;;;X;X;;;;;;;;;;;;;;;;;;;;;;;;;;;;;;;;;;;;;;;;;;;;;;;;;;;;;;;;;;;;;;;;;;;;X;;;X;
F5547100000051;F5547100000051;RUDDER ASSY;REPAIR;;;;X;X;;;;;;;;;;;;;;;;;;;;;;;;X;X;;;;;;;;;;;;;;;;;;;;;;;;;;;;;;;;;;;;;;;;;;;;;;;;;;;;;;;;;;;;;;;;;;;;X;;;X;
F5547100200000;F5547100200000;RUDDER ASSY;REPAIR;;;;X;X;;;;;;;;;;;;;;;;;;;;;;;;X;X;;;;;;;;;;;;;;;;;;;;;;;;;;;;;;;;;;;;;;;;;;;;;;;;;;;;;;;;;;;;;;;;;;;;X;;;X;
F5547100200051;F5547100200051;RUDDER ASSY;REPAIR;;;;X;X;;;;;;;;;;;;;;;;;;;;;;;;X;X;;;;;;;;;;;;;;;;;;;;;;;;;;;;;;;;;;;;;;;;;;;;;;;;;;;;;;;;;;;;;;;;;;;;X;;;X;
F5547100200052;F5547100200052;RUDDER ASSY;REPAIR;;;;X;X;;;;;;;;;;;;;;;;;;;;;;;;X;X;;;;;;;;;;;;;;;;;;;;;;;;;;;;;;;;;;;;;;;;;;;;;;;;;;;;;;;;;;;;;;;;;;;;X;;;X;
F5547100200053;F5547100200053;RUDDER ASSY;REPAIR;;;;X;X;;;;;;;;;;;;;;;;;;;;;;;;X;X;;;;;;;;;;;;;;;;;;;;;;;;;;;;;;;;;;;;;;;;;;;;;;;;;;;;;;;;;;;;;;;;;;;;X;;;X;
F5547101500051;F5547101500051;RUDDER ASSY;REPAIR;;;;X;X;;;;;;;;;;;;;;;;;;;;;;;;X;X;;;;;;;;;;;;;;;;;;;;;;;;;;;;;;;;;;;;;;;;;;;;;;;;;;;;;;;;;;;;;;;;;;;;X;;;X;
F5547108400000;F5547108400000;RUDDER ASSY;REPAIR;;;;X;X;;;;;;;;;;;;;;;;;;;;;;;;X;X;;;;;;;;;;;;;;;;;;;;;;;;;;;;;;;;;;;;;;;;;;;;;;;;;;;;;;;;;;;;;;;;;;;;X;;;X;
F5547108400051;F5547108400051;RUDDER ASSY;REPAIR;;;;X;X;;;;;;;;;;;;;;;;;;;;;;;;X;X;;;;;;;;;;;;;;;;;;;;;;;;;;;;;;;;;;;;;;;;;;;;;;;;;;;;;;;;;;;;;;;;;;;;X;;;X;
F5746218800000A;F5746218800000A;SLAT ASSEMBLY NO. 1;REPAIR;;;;X;X;;;;;;;;;;;;;;;;;;;;;;;;X;X;;;;;;;;;;;;;;;;;;;;;;;;;;;;;;;;;;;;;;;;;;;;;;;;;;;;;;;;;;;;;;;;;;;;X;;;X;
F5746218800100A;F5746218800100A;SLAT ASSEMBLY NO. 1;REPAIR;;;;X;X;;;;;;;;;;;;;;;;;;;;;;;;X;X;;;;;;;;;;;;;;;;;;;;;;;;;;;;;;;;;;;;;;;;;;;;;;;;;;;;;;;;;;;;;;;;;;;;X;;;X;
F5746218800200A;F5746218800200A;SLAT ASSEMBLY NO. 1;REPAIR;;;;X;X;;;;;;;;;;;;;;;;;;;;;;;;X;X;;;;;;;;;;;;;;;;;;;;;;;;;;;;;;;;;;;;;;;;;;;;;;;;;;;;;;;;;;;;;;;;;;;;X;;;X;
F5746218800300A;F5746218800300A;SLAT ASSEMBLY NO. 1;REPAIR;;;;X;X;;;;;;;;;;;;;;;;;;;;;;;;X;X;;;;;;;;;;;;;;;;;;;;;;;;;;;;;;;;;;;;;;;;;;;;;;;;;;;;;;;;;;;;;;;;;;;;X;;;X;
F5746219000000P;F5746219000000P;SLAT ASSEMBLY NO. 1;REPAIR;;;;X;X;;;;;;;;;;;;;;;;;;;;;;;;X;X;;;;;;;;;;;;;;;;;;;;;;;;;;;;;;;;;;;;;;;;;;;;;;;;;;;;;;;;;;;;;;;;;;;;X;;;X;
F5746219000000R;F5746219000000R;SLAT ASSEMBLY NO. 1;REPAIR;;;;X;X;;;;;;;;;;;;;;;;;;;;;;;;X;X;;;;;;;;;;;;;;;;;;;;;;;;;;;;;;;;;;;;;;;;;;;;;;;;;;;;;;;;;;;;;;;;;;;;X;;;X;
F5746219000000Z;F5746219000000Z;SLAT ASSEMBLY NO. 1;REPAIR;;;;X;X;;;;;;;;;;;;;;;;;;;;;;;;X;X;;;;;;;;;;;;;;;;;;;;;;;;;;;;;;;;;;;;;;;;;;;;;;;;;;;;;;;;;;;;;;;;;;;;X;;;X;
F5746219000100P;F5746219000100P;SLAT ASSEMBLY NO. 1;REPAIR;;;;X;X;;;;;;;;;;;;;;;;;;;;;;;;X;X;;;;;;;;;;;;;;;;;;;;;;;;;;;;;;;;;;;;;;;;;;;;;;;;;;;;;;;;;;;;;;;;;;;;X;;;X;
F5746219000100R;F5746219000100R;SLAT ASSEMBLY NO. 1;REPAIR;;;;X;X;;;;;;;;;;;;;;;;;;;;;;;;X;X;;;;;;;;;;;;;;;;;;;;;;;;;;;;;;;;;;;;;;;;;;;;;;;;;;;;;;;;;;;;;;;;;;;;X;;;X;
F5746219000100Z;F5746219000100Z;SLAT ASSEMBLY NO. 1;REPAIR;;;;X;X;;;;;;;;;;;;;;;;;;;;;;;;X;X;;;;;;;;;;;;;;;;;;;;;;;;;;;;;;;;;;;;;;;;;;;;;;;;;;;;;;;;;;;;;;;;;;;;X;;;X;
F5746219000200Z;F5746219000200Z;SLAT ASSEMBLY NO. 1;REPAIR;;;;X;X;;;;;;;;;;;;;;;;;;;;;;;;X;X;;;;;;;;;;;;;;;;;;;;;;;;;;;;;;;;;;;;;;;;;;;;;;;;;;;;;;;;;;;;;;;;;;;;X;;;X;
F5746219000300Z;F5746219000300Z;SLAT ASSEMBLY NO. 1;REPAIR;;;;X;X;;;;;;;;;;;;;;;;;;;;;;;;X;X;;;;;;;;;;;;;;;;;;;;;;;;;;;;;;;;;;;;;;;;;;;;;;;;;;;;;;;;;;;;;;;;;;;;X;;;X;
F5746219000400K;F5746219000400K;SLAT ASSEMBLY NO. 1;REPAIR;;;;X;X;;;;;;;;;;;;;;;;;;;;;;;;X;X;;;;;;;;;;;;;;;;;;;;;;;;;;;;;;;;;;;;;;;;;;;;;;;;;;;;;;;;;;;;;;;;;;;;X;;;X;
F5746219000400L;F5746219000400L;SLAT ASSEMBLY NO. 1;REPAIR;;;;X;X;;;;;;;;;;;;;;;;;;;;;;;;X;X;;;;;;;;;;;;;;;;;;;;;;;;;;;;;;;;;;;;;;;;;;;;;;;;;;;;;;;;;;;;;;;;;;;;X;;;X;
F5746219000400P;F5746219000400P;SLAT ASSEMBLY NO. 1;REPAIR;;;;X;X;;;;;;;;;;;;;;;;;;;;;;;;X;X;;;;;;;;;;;;;;;;;;;;;;;;;;;;;;;;;;;;;;;;;;;;;;;;;;;;;;;;;;;;;;;;;;;;X;;;X;
F5746219000400R;F5746219000400R;SLAT ASSEMBLY NO. 1;REPAIR;;;;X;X;;;;;;;;;;;;;;;;;;;;;;;;X;X;;;;;;;;;;;;;;;;;;;;;;;;;;;;;;;;;;;;;;;;;;;;;;;;;;;;;;;;;;;;;;;;;;;;X;;;X;
F5746219000400Z;F5746219000400Z;SLAT ASSEMBLY NO. 1;REPAIR;;;;X;X;;;;;;;;;;;;;;;;;;;;;;;;X;X;;;;;;;;;;;;;;;;;;;;;;;;;;;;;;;;;;;;;;;;;;;;;;;;;;;;;;;;;;;;;;;;;;;;X;;;X;
F5746219000500K;F5746219000500K;SLAT ASSEMBLY NO. 1;REPAIR;;;;X;X;;;;;;;;;;;;;;;;;;;;;;;;X;X;;;;;;;;;;;;;;;;;;;;;;;;;;;;;;;;;;;;;;;;;;;;;;;;;;;;;;;;;;;;;;;;;;;;X;;;X;
F5746219000500L;F5746219000500L;SLAT ASSEMBLY NO. 1;REPAIR;;;;X;X;;;;;;;;;;;;;;;;;;;;;;;;X;X;;;;;;;;;;;;;;;;;;;;;;;;;;;;;;;;;;;;;;;;;;;;;;;;;;;;;;;;;;;;;;;;;;;;X;;;X;
F5746219000500P;F5746219000500P;SLAT ASSEMBLY NO. 1;REPAIR;;;;X;X;;;;;;;;;;;;;;;;;;;;;;;;X;X;;;;;;;;;;;;;;;;;;;;;;;;;;;;;;;;;;;;;;;;;;;;;;;;;;;;;;;;;;;;;;;;;;;;X;;;X;
F5746219000500R;F5746219000500R;SLAT ASSEMBLY NO. 1;REPAIR;;;;X;X;;;;;;;;;;;;;;;;;;;;;;;;X;X;;;;;;;;;;;;;;;;;;;;;;;;;;;;;;;;;;;;;;;;;;;;;;;;;;;;;;;;;;;;;;;;;;;;X;;;X;
F5746219000500Z;F5746219000500Z;SLAT ASSEMBLY NO. 1;REPAIR;;;;X;X;;;;;;;;;;;;;;;;;;;;;;;;X;X;;;;;;;;;;;;;;;;;;;;;;;;;;;;;;;;;;;;;;;;;;;;;;;;;;;;;;;;;;;;;;;;;;;;X;;;X;
F5746219000600K;F5746219000600K;SLAT ASSEMBLY NO. 1;REPAIR;;;;X;X;;;;;;;;;;;;;;;;;;;;;;;;X;X;;;;;;;;;;;;;;;;;;;;;;;;;;;;;;;;;;;;;;;;;;;;;;;;;;;;;;;;;;;;;;;;;;;;X;;;X;
F5746219000600R;F5746219000600R;SLAT ASSEMBLY NO. 1;REPAIR;;;;X;X;;;;;;;;;;;;;;;;;;;;;;;;X;X;;;;;;;;;;;;;;;;;;;;;;;;;;;;;;;;;;;;;;;;;;;;;;;;;;;;;;;;;;;;;;;;;;;;X;;;X;
F5746219000600Z;F5746219000600Z;SLAT ASSEMBLY NO. 1;REPAIR;;;;X;X;;;;;;;;;;;;;;;;;;;;;;;;X;X;;;;;;;;;;;;;;;;;;;;;;;;;;;;;;;;;;;;;;;;;;;;;;;;;;;;;;;;;;;;;;;;;;;;X;;;X;
F5746219000700K;F5746219000700K;SLAT ASSEMBLY NO. 1;REPAIR;;;;X;X;;;;;;;;;;;;;;;;;;;;;;;;X;X;;;;;;;;;;;;;;;;;;;;;;;;;;;;;;;;;;;;;;;;;;;;;;;;;;;;;;;;;;;;;;;;;;;;X;;;X;
F5746219000700R;F5746219000700R;SLAT ASSEMBLY NO. 1;REPAIR;;;;X;X;;;;;;;;;;;;;;;;;;;;;;;;X;X;;;;;;;;;;;;;;;;;;;;;;;;;;;;;;;;;;;;;;;;;;;;;;;;;;;;;;;;;;;;;;;;;;;;X;;;X;
F5746219000700Z;F5746219000700Z;SLAT ASSEMBLY NO. 1;REPAIR;;;;X;X;;;;;;;;;;;;;;;;;;;;;;;;X;X;;;;;;;;;;;;;;;;;;;;;;;;;;;;;;;;;;;;;;;;;;;;;;;;;;;;;;;;;;;;;;;;;;;;X;;;X;
F5746219800000Z;F5746219800000Z;SLAT ASSEMBLY NO. 1;REPAIR;;;;X;X;;;;;;;;;;;;;;;;;;;;;;;;X;X;;;;;;;;;;;;;;;;;;;;;;;;;;;;;;;;;;;;;;;;;;;;;;;;;;;;;;;;;;;;;;;;;;;;X;;;X;
F5746219800100Z;F5746219800100Z;SLAT ASSEMBLY NO. 1;REPAIR;;;;X;X;;;;;;;;;;;;;;;;;;;;;;;;X;X;;;;;;;;;;;;;;;;;;;;;;;;;;;;;;;;;;;;;;;;;;;;;;;;;;;;;;;;;;;;;;;;;;;;X;;;X;
F5746219800200K;F5746219800200K;SLAT ASSEMBLY NO. 1;REPAIR;;;;X;X;;;;;;;;;;;;;;;;;;;;;;;;X;X;;;;;;;;;;;;;;;;;;;;;;;;;;;;;;;;;;;;;;;;;;;;;;;;;;;;;;;;;;;;;;;;;;;;X;;;X;
F5746219800200L;F5746219800200L;SLAT ASSEMBLY NO. 1;REPAIR;;;;X;X;;;;;;;;;;;;;;;;;;;;;;;;X;X;;;;;;;;;;;;;;;;;;;;;;;;;;;;;;;;;;;;;;;;;;;;;;;;;;;;;;;;;;;;;;;;;;;;X;;;X;
F5746219800200P;F5746219800200P;SLAT ASSEMBLY NO. 1;REPAIR;;;;X;X;;;;;;;;;;;;;;;;;;;;;;;;X;X;;;;;;;;;;;;;;;;;;;;;;;;;;;;;;;;;;;;;;;;;;;;;;;;;;;;;;;;;;;;;;;;;;;;X;;;X;
F5746219800200R;F5746219800200R;SLAT ASSEMBLY NO. 1;REPAIR;;;;X;X;;;;;;;;;;;;;;;;;;;;;;;;X;X;;;;;;;;;;;;;;;;;;;;;;;;;;;;;;;;;;;;;;;;;;;;;;;;;;;;;;;;;;;;;;;;;;;;X;;;X;
F5746219800200Z;F5746219800200Z;SLAT ASSEMBLY NO. 1;REPAIR;;;;X;X;;;;;;;;;;;;;;;;;;;;;;;;X;X;;;;;;;;;;;;;;;;;;;;;;;;;;;;;;;;;;;;;;;;;;;;;;;;;;;;;;;;;;;;;;;;;;;;X;;;X;
F5746219800300K;F5746219800300K;SLAT ASSEMBLY NO. 1;REPAIR;;;;X;X;;;;;;;;;;;;;;;;;;;;;;;;X;X;;;;;;;;;;;;;;;;;;;;;;;;;;;;;;;;;;;;;;;;;;;;;;;;;;;;;;;;;;;;;;;;;;;;X;;;X;
F5746219800300L;F5746219800300L;SLAT ASSEMBLY NO. 1;REPAIR;;;;X;X;;;;;;;;;;;;;;;;;;;;;;;;X;X;;;;;;;;;;;;;;;;;;;;;;;;;;;;;;;;;;;;;;;;;;;;;;;;;;;;;;;;;;;;;;;;;;;;X;;;X;
F5746219800300P;F5746219800300P;SLAT ASSEMBLY NO. 1;REPAIR;;;;X;X;;;;;;;;;;;;;;;;;;;;;;;;X;X;;;;;;;;;;;;;;;;;;;;;;;;;;;;;;;;;;;;;;;;;;;;;;;;;;;;;;;;;;;;;;;;;;;;X;;;X;
F5746219800300R;F5746219800300R;SLAT ASSEMBLY NO. 1;REPAIR;;;;X;X;;;;;;;;;;;;;;;;;;;;;;;;X;X;;;;;;;;;;;;;;;;;;;;;;;;;;;;;;;;;;;;;;;;;;;;;;;;;;;;;;;;;;;;;;;;;;;;X;;;X;
F5746219800300Z;F5746219800300Z;SLAT ASSEMBLY NO. 1;REPAIR;;;;X;X;;;;;;;;;;;;;;;;;;;;;;;;X;X;;;;;;;;;;;;;;;;;;;;;;;;;;;;;;;;;;;;;;;;;;;;;;;;;;;;;;;;;;;;;;;;;;;;X;;;X;
F5746219800400K;F5746219800400K;SLAT ASSEMBLY NO. 1;REPAIR;;;;X;X;;;;;;;;;;;;;;;;;;;;;;;;X;X;;;;;;;;;;;;;;;;;;;;;;;;;;;;;;;;;;;;;;;;;;;;;;;;;;;;;;;;;;;;;;;;;;;;X;;;X;
F5746219800400R;F5746219800400R;SLAT ASSEMBLY NO. 1;REPAIR;;;;X;X;;;;;;;;;;;;;;;;;;;;;;;;X;X;;;;;;;;;;;;;;;;;;;;;;;;;;;;;;;;;;;;;;;;;;;;;;;;;;;;;;;;;;;;;;;;;;;;X;;;X;
F5746219800400Z;F5746219800400Z;SLAT ASSEMBLY NO. 1;REPAIR;;;;X;X;;;;;;;;;;;;;;;;;;;;;;;;X;X;;;;;;;;;;;;;;;;;;;;;;;;;;;;;;;;;;;;;;;;;;;;;;;;;;;;;;;;;;;;;;;;;;;;X;;;X;
F5746219800500K;F5746219800500K;SLAT ASSEMBLY NO. 1;REPAIR;;;;X;X;;;;;;;;;;;;;;;;;;;;;;;;X;X;;;;;;;;;;;;;;;;;;;;;;;;;;;;;;;;;;;;;;;;;;;;;;;;;;;;;;;;;;;;;;;;;;;;X;;;X;
F5746219800500R;F5746219800500R;SLAT ASSEMBLY NO. 1;REPAIR;;;;X;X;;;;;;;;;;;;;;;;;;;;;;;;X;X;;;;;;;;;;;;;;;;;;;;;;;;;;;;;;;;;;;;;;;;;;;;;;;;;;;;;;;;;;;;;;;;;;;;X;;;X;
F5746219800500Z;F5746219800500Z;SLAT ASSEMBLY NO. 1;REPAIR;;;;X;X;;;;;;;;;;;;;;;;;;;;;;;;X;X;;;;;;;;;;;;;;;;;;;;;;;;;;;;;;;;;;;;;;;;;;;;;;;;;;;;;;;;;;;;;;;;;;;;X;;;X;
F5746219800600K;F5746219800600K;SLAT ASSEMBLY NO. 1;REPAIR;;;;X;X;;;;;;;;;;;;;;;;;;;;;;;;X;X;;;;;;;;;;;;;;;;;;;;;;;;;;;;;;;;;;;;;;;;;;;;;;;;;;;;;;;;;;;;;;;;;;;;X;;;X;
F5746219800600R;F5746219800600R;SLAT ASSEMBLY NO. 1;REPAIR;;;;X;X;;;;;;;;;;;;;;;;;;;;;;;;X;X;;;;;;;;;;;;;;;;;;;;;;;;;;;;;;;;;;;;;;;;;;;;;;;;;;;;;;;;;;;;;;;;;;;;X;;;X;
F5746219800600Z;F5746219800600Z;SLAT ASSEMBLY NO. 1;REPAIR;;;;X;X;;;;;;;;;;;;;;;;;;;;;;;;X;X;;;;;;;;;;;;;;;;;;;;;;;;;;;;;;;;;;;;;;;;;;;;;;;;;;;;;;;;;;;;;;;;;;;;X;;;X;
F5746219800700K;F5746219800700K;SLAT ASSEMBLY NO. 1;REPAIR;;;;X;X;;;;;;;;;;;;;;;;;;;;;;;;X;X;;;;;;;;;;;;;;;;;;;;;;;;;;;;;;;;;;;;;;;;;;;;;;;;;;;;;;;;;;;;;;;;;;;;X;;;X;
F5746219800700R;F5746219800700R;SLAT ASSEMBLY NO. 1;REPAIR;;;;X;X;;;;;;;;;;;;;;;;;;;;;;;;X;X;;;;;;;;;;;;;;;;;;;;;;;;;;;;;;;;;;;;;;;;;;;;;;;;;;;;;;;;;;;;;;;;;;;;X;;;X;
F5746219800700Z;F5746219800700Z;SLAT ASSEMBLY NO. 1;REPAIR;;;;X;X;;;;;;;;;;;;;;;;;;;;;;;;X;X;;;;;;;;;;;;;;;;;;;;;;;;;;;;;;;;;;;;;;;;;;;;;;;;;;;;;;;;;;;;;;;;;;;;X;;;X;
F5746219800800R;F5746219800800R;SLAT ASSEMBLY NO. 1;REPAIR;;;;X;X;;;;;;;;;;;;;;;;;;;;;;;;X;X;;;;;;;;;;;;;;;;;;;;;;;;;;;;;;;;;;;;;;;;;;;;;;;;;;;;;;;;;;;;;;;;;;;;X;;;X;
F5746219800800Z;F5746219800800Z;SLAT ASSEMBLY NO. 1;REPAIR;;;;X;X;;;;;;;;;;;;;;;;;;;;;;;;X;X;;;;;;;;;;;;;;;;;;;;;;;;;;;;;;;;;;;;;;;;;;;;;;;;;;;;;;;;;;;;;;;;;;;;X;;;X;
F5746219800900R;F5746219800900R;SLAT ASSEMBLY NO. 1;REPAIR;;;;X;X;;;;;;;;;;;;;;;;;;;;;;;;X;X;;;;;;;;;;;;;;;;;;;;;;;;;;;;;;;;;;;;;;;;;;;;;;;;;;;;;;;;;;;;;;;;;;;;X;;;X;
F5746219800900Z;F5746219800900Z;SLAT ASSEMBLY NO. 1;REPAIR;;;;X;X;;;;;;;;;;;;;;;;;;;;;;;;X;X;;;;;;;;;;;;;;;;;;;;;;;;;;;;;;;;;;;;;;;;;;;;;;;;;;;;;;;;;;;;;;;;;;;;X;;;X;
F5746219801000Z;F5746219801000Z;SLAT ASSEMBLY NO. 1;REPAIR;;;;X;X;;;;;;;;;;;;;;;;;;;;;;;;X;X;;;;;;;;;;;;;;;;;;;;;;;;;;;;;;;;;;;;;;;;;;;;;;;;;;;;;;;;;;;;;;;;;;;;X;;;X;
F5746219801100Z;F5746219801100Z;SLAT ASSEMBLY NO. 1;REPAIR;;;;X;X;;;;;;;;;;;;;;;;;;;;;;;;X;X;;;;;;;;;;;;;;;;;;;;;;;;;;;;;;;;;;;;;;;;;;;;;;;;;;;;;;;;;;;;;;;;;;;;X;;;X;
F5746219801200A;F5746219801200A;SLAT ASSEMBLY NO. 1;REPAIR;;;;X;X;;;;;;;;;;;;;;;;;;;;;;;;X;X;;;;;;;;;;;;;;;;;;;;;;;;;;;;;;;;;;;;;;;;;;;;;;;;;;;;;;;;;;;;;;;;;;;;X;;;X;
F5746219801200Z;F5746219801200Z;SLAT ASSEMBLY NO. 1;REPAIR;;;;X;X;;;;;;;;;;;;;;;;;;;;;;;;X;X;;;;;;;;;;;;;;;;;;;;;;;;;;;;;;;;;;;;;;;;;;;;;;;;;;;;;;;;;;;;;;;;;;;;X;;;X;
F5746219801300A;F5746219801300A;SLAT ASSEMBLY NO. 1;REPAIR;;;;X;X;;;;;;;;;;;;;;;;;;;;;;;;X;X;;;;;;;;;;;;;;;;;;;;;;;;;;;;;;;;;;;;;;;;;;;;;;;;;;;;;;;;;;;;;;;;;;;;X;;;X;
F5746219801300Z;F5746219801300Z;SLAT ASSEMBLY NO. 1;REPAIR;;;;X;X;;;;;;;;;;;;;;;;;;;;;;;;X;X;;;;;;;;;;;;;;;;;;;;;;;;;;;;;;;;;;;;;;;;;;;;;;;;;;;;;;;;;;;;;;;;;;;;X;;;X;
F5746219801400A;F5746219801400A;SLAT ASSEMBLY NO. 1;REPAIR;;;;X;X;;;;;;;;;;;;;;;;;;;;;;;;X;X;;;;;;;;;;;;;;;;;;;;;;;;;;;;;;;;;;;;;;;;;;;;;;;;;;;;;;;;;;;;;;;;;;;;X;;;X;
F5746219801500A;F5746219801500A;SLAT ASSEMBLY NO. 1;REPAIR;;;;X;X;;;;;;;;;;;;;;;;;;;;;;;;X;X;;;;;;;;;;;;;;;;;;;;;;;;;;;;;;;;;;;;;;;;;;;;;;;;;;;;;;;;;;;;;;;;;;;;X;;;X;
F5746220000000P;F5746220000000P;SLAT ASSEMBLY NO. 2;REPAIR;;;;X;X;;;;;;;;;;;;;;;;;;;;;;;;X;X;;;;;;;;;;;;;;;;;;;;;;;;;;;;;;;;;;;;;;;;;;;;;;;;;;;;;;;;;;;;;;;;;;;;X;;;X;
F5746220000000Z;F5746220000000Z;SLAT ASSEMBLY NO. 2;REPAIR;;;;X;X;;;;;;;;;;;;;;;;;;;;;;;;X;X;;;;;;;;;;;;;;;;;;;;;;;;;;;;;;;;;;;;;;;;;;;;;;;;;;;;;;;;;;;;;;;;;;;;X;;;X;
F5746220000100P;F5746220000100P;SLAT ASSEMBLY NO. 2;REPAIR;;;;X;X;;;;;;;;;;;;;;;;;;;;;;;;X;X;;;;;;;;;;;;;;;;;;;;;;;;;;;;;;;;;;;;;;;;;;;;;;;;;;;;;;;;;;;;;;;;;;;;X;;;X;
F5746220000100R;F5746220000100R;SLAT ASSEMBLY NO. 2;REPAIR;;;;X;X;;;;;;;;;;;;;;;;;;;;;;;;X;X;;;;;;;;;;;;;;;;;;;;;;;;;;;;;;;;;;;;;;;;;;;;;;;;;;;;;;;;;;;;;;;;;;;;X;;;X;
F5746220000100Z;F5746220000100Z;SLAT ASSEMBLY NO. 2;REPAIR;;;;X;X;;;;;;;;;;;;;;;;;;;;;;;;X;X;;;;;;;;;;;;;;;;;;;;;;;;;;;;;;;;;;;;;;;;;;;;;;;;;;;;;;;;;;;;;;;;;;;;X;;;X;
F5746220000200Z;F5746220000200Z;SLAT ASSEMBLY NO. 2;REPAIR;;;;X;X;;;;;;;;;;;;;;;;;;;;;;;;X;X;;;;;;;;;;;;;;;;;;;;;;;;;;;;;;;;;;;;;;;;;;;;;;;;;;;;;;;;;;;;;;;;;;;;X;;;X;
F5746220000300Z;F5746220000300Z;SLAT ASSEMBLY NO. 2;REPAIR;;;;X;X;;;;;;;;;;;;;;;;;;;;;;;;X;X;;;;;;;;;;;;;;;;;;;;;;;;;;;;;;;;;;;;;;;;;;;;;;;;;;;;;;;;;;;;;;;;;;;;X;;;X;
F5746228800000A;F5746228800000A;SLAT ASSEMBLY NO. 2;REPAIR;;;;X;X;;;;;;;;;;;;;;;;;;;;;;;;X;X;;;;;;;;;;;;;;;;;;;;;;;;;;;;;;;;;;;;;;;;;;;;;;;;;;;;;;;;;;;;;;;;;;;;X;;;X;
F5746228800100A;F5746228800100A;SLAT ASSEMBLY NO. 2;REPAIR;;;;X;X;;;;;;;;;;;;;;;;;;;;;;;;X;X;;;;;;;;;;;;;;;;;;;;;;;;;;;;;;;;;;;;;;;;;;;;;;;;;;;;;;;;;;;;;;;;;;;;X;;;X;
F5746228800200A;F5746228800200A;SLAT ASSEMBLY NO. 2;REPAIR;;;;X;X;;;;;;;;;;;;;;;;;;;;;;;;X;X;;;;;;;;;;;;;;;;;;;;;;;;;;;;;;;;;;;;;;;;;;;;;;;;;;;;;;;;;;;;;;;;;;;;X;;;X;
F5746228800300A;F5746228800300A;SLAT ASSEMBLY NO. 2;REPAIR;;;;X;X;;;;;;;;;;;;;;;;;;;;;;;;X;X;;;;;;;;;;;;;;;;;;;;;;;;;;;;;;;;;;;;;;;;;;;;;;;;;;;;;;;;;;;;;;;;;;;;X;;;X;
F5746229800000Z;F5746229800000Z;SLAT ASSEMBLY NO. 2;REPAIR;;;;X;X;;;;;;;;;;;;;;;;;;;;;;;;X;X;;;;;;;;;;;;;;;;;;;;;;;;;;;;;;;;;;;;;;;;;;;;;;;;;;;;;;;;;;;;;;;;;;;;X;;;X;
F5746229800100Z;F5746229800100Z;SLAT ASSEMBLY NO. 2;REPAIR;;;;X;X;;;;;;;;;;;;;;;;;;;;;;;;X;X;;;;;;;;;;;;;;;;;;;;;;;;;;;;;;;;;;;;;;;;;;;;;;;;;;;;;;;;;;;;;;;;;;;;X;;;X;
F5746229800200K;F5746229800200K;SLAT ASSEMBLY NO. 2;REPAIR;;;;X;X;;;;;;;;;;;;;;;;;;;;;;;;X;X;;;;;;;;;;;;;;;;;;;;;;;;;;;;;;;;;;;;;;;;;;;;;;;;;;;;;;;;;;;;;;;;;;;;X;;;X;
F5746229800200L;F5746229800200L;SLAT ASSEMBLY NO. 2;REPAIR;;;;X;X;;;;;;;;;;;;;;;;;;;;;;;;X;X;;;;;;;;;;;;;;;;;;;;;;;;;;;;;;;;;;;;;;;;;;;;;;;;;;;;;;;;;;;;;;;;;;;;X;;;X;
F5746229800200P;F5746229800200P;SLAT ASSEMBLY NO. 2;REPAIR;;;;X;X;;;;;;;;;;;;;;;;;;;;;;;;X;X;;;;;;;;;;;;;;;;;;;;;;;;;;;;;;;;;;;;;;;;;;;;;;;;;;;;;;;;;;;;;;;;;;;;X;;;X;
F5746229800200R;F5746229800200R;SLAT ASSEMBLY NO. 2;REPAIR;;;;X;X;;;;;;;;;;;;;;;;;;;;;;;;X;X;;;;;;;;;;;;;;;;;;;;;;;;;;;;;;;;;;;;;;;;;;;;;;;;;;;;;;;;;;;;;;;;;;;;X;;;X;
F5746229800200Z;F5746229800200Z;SLAT ASSEMBLY NO. 2;REPAIR;;;;X;X;;;;;;;;;;;;;;;;;;;;;;;;X;X;;;;;;;;;;;;;;;;;;;;;;;;;;;;;;;;;;;;;;;;;;;;;;;;;;;;;;;;;;;;;;;;;;;;X;;;X;
F5746229800300K;F5746229800300K;SLAT ASSEMBLY NO. 2;REPAIR;;;;X;X;;;;;;;;;;;;;;;;;;;;;;;;X;X;;;;;;;;;;;;;;;;;;;;;;;;;;;;;;;;;;;;;;;;;;;;;;;;;;;;;;;;;;;;;;;;;;;;X;;;X;
F5746229800300L;F5746229800300L;SLAT ASSEMBLY NO. 2;REPAIR;;;;X;X;;;;;;;;;;;;;;;;;;;;;;;;X;X;;;;;;;;;;;;;;;;;;;;;;;;;;;;;;;;;;;;;;;;;;;;;;;;;;;;;;;;;;;;;;;;;;;;X;;;X;
F5746229800300P;F5746229800300P;SLAT ASSEMBLY NO. 2;REPAIR;;;;X;X;;;;;;;;;;;;;;;;;;;;;;;;X;X;;;;;;;;;;;;;;;;;;;;;;;;;;;;;;;;;;;;;;;;;;;;;;;;;;;;;;;;;;;;;;;;;;;;X;;;X;
F5746229800300R;F5746229800300R;SLAT ASSEMBLY NO. 2;REPAIR;;;;X;X;;;;;;;;;;;;;;;;;;;;;;;;X;X;;;;;;;;;;;;;;;;;;;;;;;;;;;;;;;;;;;;;;;;;;;;;;;;;;;;;;;;;;;;;;;;;;;;X;;;X;
F5746229800300Z;F5746229800300Z;SLAT ASSEMBLY NO. 2;REPAIR;;;;X;X;;;;;;;;;;;;;;;;;;;;;;;;X;X;;;;;;;;;;;;;;;;;;;;;;;;;;;;;;;;;;;;;;;;;;;;;;;;;;;;;;;;;;;;;;;;;;;;X;;;X;
F5746229800400A;F5746229800400A;SLAT ASSEMBLY NO. 2;REPAIR;;;;X;X;;;;;;;;;;;;;;;;;;;;;;;;X;X;;;;;;;;;;;;;;;;;;;;;;;;;;;;;;;;;;;;;;;;;;;;;;;;;;;;;;;;;;;;;;;;;;;;X;;;X;
F5746229800400K;F5746229800400K;SLAT ASSEMBLY NO. 2;REPAIR;;;;X;X;;;;;;;;;;;;;;;;;;;;;;;;X;X;;;;;;;;;;;;;;;;;;;;;;;;;;;;;;;;;;;;;;;;;;;;;;;;;;;;;;;;;;;;;;;;;;;;X;;;X;
F5746229800400R;F5746229800400R;SLAT ASSEMBLY NO. 2;REPAIR;;;;X;X;;;;;;;;;;;;;;;;;;;;;;;;X;X;;;;;;;;;;;;;;;;;;;;;;;;;;;;;;;;;;;;;;;;;;;;;;;;;;;;;;;;;;;;;;;;;;;;X;;;X;
F5746229800400Z;F5746229800400Z;SLAT ASSEMBLY NO. 2;REPAIR;;;;X;X;;;;;;;;;;;;;;;;;;;;;;;;X;X;;;;;;;;;;;;;;;;;;;;;;;;;;;;;;;;;;;;;;;;;;;;;;;;;;;;;;;;;;;;;;;;;;;;X;;;X;
F5746229800500A;F5746229800500A;SLAT ASSEMBLY NO. 2;REPAIR;;;;X;X;;;;;;;;;;;;;;;;;;;;;;;;X;X;;;;;;;;;;;;;;;;;;;;;;;;;;;;;;;;;;;;;;;;;;;;;;;;;;;;;;;;;;;;;;;;;;;;X;;;X;
F5746229800500R;F5746229800500R;SLAT ASSEMBLY NO. 2;REPAIR;;;;X;X;;;;;;;;;;;;;;;;;;;;;;;;X;X;;;;;;;;;;;;;;;;;;;;;;;;;;;;;;;;;;;;;;;;;;;;;;;;;;;;;;;;;;;;;;;;;;;;X;;;X;
F5746229800500Z;F5746229800500Z;SLAT ASSEMBLY NO. 2;REPAIR;;;;X;X;;;;;;;;;;;;;;;;;;;;;;;;X;X;;;;;;;;;;;;;;;;;;;;;;;;;;;;;;;;;;;;;;;;;;;;;;;;;;;;;;;;;;;;;;;;;;;;X;;;X;
F5746229800600A;F5746229800600A;SLAT ASSEMBLY NO. 2;REPAIR;;;;X;X;;;;;;;;;;;;;;;;;;;;;;;;X;X;;;;;;;;;;;;;;;;;;;;;;;;;;;;;;;;;;;;;;;;;;;;;;;;;;;;;;;;;;;;;;;;;;;;X;;;X;
F5746229800600R;F5746229800600R;SLAT ASSEMBLY NO. 2;REPAIR;;;;X;X;;;;;;;;;;;;;;;;;;;;;;;;X;X;;;;;;;;;;;;;;;;;;;;;;;;;;;;;;;;;;;;;;;;;;;;;;;;;;;;;;;;;;;;;;;;;;;;X;;;X;
F5746229800700A;F5746229800700A;SLAT ASSEMBLY NO. 2;REPAIR;;;;X;X;;;;;;;;;;;;;;;;;;;;;;;;X;X;;;;;;;;;;;;;;;;;;;;;;;;;;;;;;;;;;;;;;;;;;;;;;;;;;;;;;;;;;;;;;;;;;;;X;;;X;
F5746229800700R;F5746229800700R;SLAT ASSEMBLY NO. 2;REPAIR;;;;X;X;;;;;;;;;;;;;;;;;;;;;;;;X;X;;;;;;;;;;;;;;;;;;;;;;;;;;;;;;;;;;;;;;;;;;;;;;;;;;;;;;;;;;;;;;;;;;;;X;;;X;
F5746229800800Z;F5746229800800Z;SLAT ASSEMBLY NO. 2;REPAIR;;;;X;X;;;;;;;;;;;;;;;;;;;;;;;;X;X;;;;;;;;;;;;;;;;;;;;;;;;;;;;;;;;;;;;;;;;;;;;;;;;;;;;;;;;;;;;;;;;;;;;X;;;X;
F5746229800900Z;F5746229800900Z;SLAT ASSEMBLY NO. 2;REPAIR;;;;X;X;;;;;;;;;;;;;;;;;;;;;;;;X;X;;;;;;;;;;;;;;;;;;;;;;;;;;;;;;;;;;;;;;;;;;;;;;;;;;;;;;;;;;;;;;;;;;;;X;;;X;
F5746229801000A;F5746229801000A;SLAT ASSEMBLY NO. 2;REPAIR;;;;X;X;;;;;;;;;;;;;;;;;;;;;;;;X;X;;;;;;;;;;;;;;;;;;;;;;;;;;;;;;;;;;;;;;;;;;;;;;;;;;;;;;;;;;;;;;;;;;;;X;;;X;
F5746229801000Z;F5746229801000Z;SLAT ASSEMBLY NO. 2;REPAIR;;;;X;X;;;;;;;;;;;;;;;;;;;;;;;;X;X;;;;;;;;;;;;;;;;;;;;;;;;;;;;;;;;;;;;;;;;;;;;;;;;;;;;;;;;;;;;;;;;;;;;X;;;X;
F5746229801100A;F5746229801100A;SLAT ASSEMBLY NO. 2;REPAIR;;;;X;X;;;;;;;;;;;;;;;;;;;;;;;;X;X;;;;;;;;;;;;;;;;;;;;;;;;;;;;;;;;;;;;;;;;;;;;;;;;;;;;;;;;;;;;;;;;;;;;X;;;X;
F5746229801100Z;F5746229801100Z;SLAT ASSEMBLY NO. 2;REPAIR;;;;X;X;;;;;;;;;;;;;;;;;;;;;;;;X;X;;;;;;;;;;;;;;;;;;;;;;;;;;;;;;;;;;;;;;;;;;;;;;;;;;;;;;;;;;;;;;;;;;;;X;;;X;
F5746229801200A;F5746229801200A;SLAT ASSEMBLY NO. 2;REPAIR;;;;X;X;;;;;;;;;;;;;;;;;;;;;;;;X;X;;;;;;;;;;;;;;;;;;;;;;;;;;;;;;;;;;;;;;;;;;;;;;;;;;;;;;;;;;;;;;;;;;;;X;;;X;
F5746229801300A;F5746229801300A;SLAT ASSEMBLY NO. 2;REPAIR;;;;X;X;;;;;;;;;;;;;;;;;;;;;;;;X;X;;;;;;;;;;;;;;;;;;;;;;;;;;;;;;;;;;;;;;;;;;;;;;;;;;;;;;;;;;;;;;;;;;;;X;;;X;
F5746230000000P;F5746230000000P;SLAT ASSEMBLY NO. 3;REPAIR;;;;X;X;;;;;;;;;;;;;;;;;;;;;;;;X;X;;;;;;;;;;;;;;;;;;;;;;;;;;;;;;;;;;;;;;;;;;;;;;;;;;;;;;;;;;;;;;;;;;;;X;;;X;
F5746230000000R;F5746230000000R;SLAT ASSEMBLY NO. 3;REPAIR;;;;X;X;;;;;;;;;;;;;;;;;;;;;;;;X;X;;;;;;;;;;;;;;;;;;;;;;;;;;;;;;;;;;;;;;;;;;;;;;;;;;;;;;;;;;;;;;;;;;;;X;;;X;
F5746230000000Z;F5746230000000Z;SLAT ASSEMBLY NO. 3;REPAIR;;;;X;X;;;;;;;;;;;;;;;;;;;;;;;;X;X;;;;;;;;;;;;;;;;;;;;;;;;;;;;;;;;;;;;;;;;;;;;;;;;;;;;;;;;;;;;;;;;;;;;X;;;X;
F5746230000100P;F5746230000100P;SLAT ASSEMBLY NO. 3;REPAIR;;;;X;X;;;;;;;;;;;;;;;;;;;;;;;;X;X;;;;;;;;;;;;;;;;;;;;;;;;;;;;;;;;;;;;;;;;;;;;;;;;;;;;;;;;;;;;;;;;;;;;X;;;X;
F5746230000100R;F5746230000100R;SLAT ASSEMBLY NO. 3;REPAIR;;;;X;X;;;;;;;;;;;;;;;;;;;;;;;;X;X;;;;;;;;;;;;;;;;;;;;;;;;;;;;;;;;;;;;;;;;;;;;;;;;;;;;;;;;;;;;;;;;;;;;X;;;X;
F5746230000100Z;F5746230000100Z;SLAT ASSEMBLY NO. 3;REPAIR;;;;X;X;;;;;;;;;;;;;;;;;;;;;;;;X;X;;;;;;;;;;;;;;;;;;;;;;;;;;;;;;;;;;;;;;;;;;;;;;;;;;;;;;;;;;;;;;;;;;;;X;;;X;
F5746230000200Z;F5746230000200Z;SLAT ASSEMBLY NO. 3;REPAIR;;;;X;X;;;;;;;;;;;;;;;;;;;;;;;;X;X;;;;;;;;;;;;;;;;;;;;;;;;;;;;;;;;;;;;;;;;;;;;;;;;;;;;;;;;;;;;;;;;;;;;X;;;X;
F5746230000300Z;F5746230000300Z;SLAT ASSEMBLY NO. 3;REPAIR;;;;X;X;;;;;;;;;;;;;;;;;;;;;;;;X;X;;;;;;;;;;;;;;;;;;;;;;;;;;;;;;;;;;;;;;;;;;;;;;;;;;;;;;;;;;;;;;;;;;;;X;;;X;
F5746238800000A;F5746238800000A;SLAT ASSEMBLY NO. 3;REPAIR;;;;X;X;;;;;;;;;;;;;;;;;;;;;;;;X;X;;;;;;;;;;;;;;;;;;;;;;;;;;;;;;;;;;;;;;;;;;;;;;;;;;;;;;;;;;;;;;;;;;;;X;;;X;
F5746238800100A;F5746238800100A;SLAT ASSEMBLY NO. 3;REPAIR;;;;X;X;;;;;;;;;;;;;;;;;;;;;;;;X;X;;;;;;;;;;;;;;;;;;;;;;;;;;;;;;;;;;;;;;;;;;;;;;;;;;;;;;;;;;;;;;;;;;;;X;;;X;
F5746238800200A;F5746238800200A;SLAT ASSEMBLY NO. 3;REPAIR;;;;X;X;;;;;;;;;;;;;;;;;;;;;;;;X;X;;;;;;;;;;;;;;;;;;;;;;;;;;;;;;;;;;;;;;;;;;;;;;;;;;;;;;;;;;;;;;;;;;;;X;;;X;
F5746238800300A;F5746238800300A;SLAT ASSEMBLY NO. 3;REPAIR;;;;X;X;;;;;;;;;;;;;;;;;;;;;;;;X;X;;;;;;;;;;;;;;;;;;;;;;;;;;;;;;;;;;;;;;;;;;;;;;;;;;;;;;;;;;;;;;;;;;;;X;;;X;
F5746239800000Z;F5746239800000Z;SLAT ASSEMBLY NO. 3;REPAIR;;;;X;X;;;;;;;;;;;;;;;;;;;;;;;;X;X;;;;;;;;;;;;;;;;;;;;;;;;;;;;;;;;;;;;;;;;;;;;;;;;;;;;;;;;;;;;;;;;;;;;X;;;X;
F574623980000A;F574623980000A;SLAT ASSEMBLY NO. 3;REPAIR;;;;X;X;;;;;;;;;;;;;;;;;;;;;;;;X;X;;;;;;;;;;;;;;;;;;;;;;;;;;;;;;;;;;;;;;;;;;;;;;;;;;;;;;;;;;;;;;;;;;;;X;;;X;
F5746239800100Z;F5746239800100Z;SLAT ASSEMBLY NO. 3;REPAIR;;;;X;X;;;;;;;;;;;;;;;;;;;;;;;;X;X;;;;;;;;;;;;;;;;;;;;;;;;;;;;;;;;;;;;;;;;;;;;;;;;;;;;;;;;;;;;;;;;;;;;X;;;X;
F57462398001300A;F57462398001300A;SLAT ASSEMBLY NO. 3;REPAIR;;;;X;X;;;;;;;;;;;;;;;;;;;;;;;;X;X;;;;;;;;;;;;;;;;;;;;;;;;;;;;;;;;;;;;;;;;;;;;;;;;;;;;;;;;;;;;;;;;;;;;X;;;X;
F5746239800200K;F5746239800200K;SLAT ASSEMBLY NO. 3;REPAIR;;;;X;X;;;;;;;;;;;;;;;;;;;;;;;;X;X;;;;;;;;;;;;;;;;;;;;;;;;;;;;;;;;;;;;;;;;;;;;;;;;;;;;;;;;;;;;;;;;;;;;X;;;X;
F5746239800200L;F5746239800200L;SLAT ASSEMBLY NO. 3;REPAIR;;;;X;X;;;;;;;;;;;;;;;;;;;;;;;;X;X;;;;;;;;;;;;;;;;;;;;;;;;;;;;;;;;;;;;;;;;;;;;;;;;;;;;;;;;;;;;;;;;;;;;X;;;X;
F5746239800200P;F5746239800200P;SLAT ASSEMBLY NO. 3;REPAIR;;;;X;X;;;;;;;;;;;;;;;;;;;;;;;;X;X;;;;;;;;;;;;;;;;;;;;;;;;;;;;;;;;;;;;;;;;;;;;;;;;;;;;;;;;;;;;;;;;;;;;X;;;X;
F5746239800200R;F5746239800200R;SLAT ASSEMBLY NO. 3;REPAIR;;;;X;X;;;;;;;;;;;;;;;;;;;;;;;;X;X;;;;;;;;;;;;;;;;;;;;;;;;;;;;;;;;;;;;;;;;;;;;;;;;;;;;;;;;;;;;;;;;;;;;X;;;X;
F5746239800200Z;F5746239800200Z;SLAT ASSEMBLY NO. 3;REPAIR;;;;X;X;;;;;;;;;;;;;;;;;;;;;;;;X;X;;;;;;;;;;;;;;;;;;;;;;;;;;;;;;;;;;;;;;;;;;;;;;;;;;;;;;;;;;;;;;;;;;;;X;;;X;
F5746239800300L;F5746239800300L;SLAT ASSEMBLY NO. 3;REPAIR;;;;X;X;;;;;;;;;;;;;;;;;;;;;;;;X;X;;;;;;;;;;;;;;;;;;;;;;;;;;;;;;;;;;;;;;;;;;;;;;;;;;;;;;;;;;;;;;;;;;;;X;;;X;
F5746239800300P;F5746239800300P;SLAT ASSEMBLY NO. 3;REPAIR;;;;X;X;;;;;;;;;;;;;;;;;;;;;;;;X;X;;;;;;;;;;;;;;;;;;;;;;;;;;;;;;;;;;;;;;;;;;;;;;;;;;;;;;;;;;;;;;;;;;;;X;;;X;
F5746239800300R;F5746239800300R;SLAT ASSEMBLY NO. 3;REPAIR;;;;X;X;;;;;;;;;;;;;;;;;;;;;;;;X;X;;;;;;;;;;;;;;;;;;;;;;;;;;;;;;;;;;;;;;;;;;;;;;;;;;;;;;;;;;;;;;;;;;;;X;;;X;
F5746239800300Z;F5746239800300Z;SLAT ASSEMBLY NO. 3;REPAIR;;;;X;X;;;;;;;;;;;;;;;;;;;;;;;;X;X;;;;;;;;;;;;;;;;;;;;;;;;;;;;;;;;;;;;;;;;;;;;;;;;;;;;;;;;;;;;;;;;;;;;X;;;X;
F5746239800400A;F5746239800400A;SLAT ASSEMBLY NO. 3;REPAIR;;;;X;X;;;;;;;;;;;;;;;;;;;;;;;;X;X;;;;;;;;;;;;;;;;;;;;;;;;;;;;;;;;;;;;;;;;;;;;;;;;;;;;;;;;;;;;;;;;;;;;X;;;X;
F5746239800400K;F5746239800400K;SLAT ASSEMBLY NO. 3;REPAIR;;;;X;X;;;;;;;;;;;;;;;;;;;;;;;;X;X;;;;;;;;;;;;;;;;;;;;;;;;;;;;;;;;;;;;;;;;;;;;;;;;;;;;;;;;;;;;;;;;;;;;X;;;X;
F5746239800400R;F5746239800400R;SLAT ASSEMBLY NO. 3;REPAIR;;;;X;X;;;;;;;;;;;;;;;;;;;;;;;;X;X;;;;;;;;;;;;;;;;;;;;;;;;;;;;;;;;;;;;;;;;;;;;;;;;;;;;;;;;;;;;;;;;;;;;X;;;X;
F5746239800400Z;F5746239800400Z;SLAT ASSEMBLY NO. 3;REPAIR;;;;X;X;;;;;;;;;;;;;;;;;;;;;;;;X;X;;;;;;;;;;;;;;;;;;;;;;;;;;;;;;;;;;;;;;;;;;;;;;;;;;;;;;;;;;;;;;;;;;;;X;;;X;
F5746239800500A;F5746239800500A;SLAT ASSEMBLY NO. 3;REPAIR;;;;X;X;;;;;;;;;;;;;;;;;;;;;;;;X;X;;;;;;;;;;;;;;;;;;;;;;;;;;;;;;;;;;;;;;;;;;;;;;;;;;;;;;;;;;;;;;;;;;;;X;;;X;
F5746239800500K;F5746239800500K;SLAT ASSEMBLY NO. 3;REPAIR;;;;X;X;;;;;;;;;;;;;;;;;;;;;;;;X;X;;;;;;;;;;;;;;;;;;;;;;;;;;;;;;;;;;;;;;;;;;;;;;;;;;;;;;;;;;;;;;;;;;;;X;;;X;
F5746239800500R;F5746239800500R;SLAT ASSEMBLY NO. 3;REPAIR;;;;X;X;;;;;;;;;;;;;;;;;;;;;;;;X;X;;;;;;;;;;;;;;;;;;;;;;;;;;;;;;;;;;;;;;;;;;;;;;;;;;;;;;;;;;;;;;;;;;;;X;;;X;
F5746239800500Z;F5746239800500Z;SLAT ASSEMBLY NO. 3;REPAIR;;;;X;X;;;;;;;;;;;;;;;;;;;;;;;;X;X;;;;;;;;;;;;;;;;;;;;;;;;;;;;;;;;;;;;;;;;;;;;;;;;;;;;;;;;;;;;;;;;;;;;X;;;X;
F5746239800600A;F5746239800600A;SLAT ASSEMBLY NO. 3;REPAIR;;;;X;X;;;;;;;;;;;;;;;;;;;;;;;;X;X;;;;;;;;;;;;;;;;;;;;;;;;;;;;;;;;;;;;;;;;;;;;;;;;;;;;;;;;;;;;;;;;;;;;X;;;X;
F5746239800600R;F5746239800600R;SLAT ASSEMBLY NO. 3;REPAIR;;;;X;X;;;;;;;;;;;;;;;;;;;;;;;;X;X;;;;;;;;;;;;;;;;;;;;;;;;;;;;;;;;;;;;;;;;;;;;;;;;;;;;;;;;;;;;;;;;;;;;X;;;X;
F5746239800700A;F5746239800700A;SLAT ASSEMBLY NO. 3;REPAIR;;;;X;X;;;;;;;;;;;;;;;;;;;;;;;;X;X;;;;;;;;;;;;;;;;;;;;;;;;;;;;;;;;;;;;;;;;;;;;;;;;;;;;;;;;;;;;;;;;;;;;X;;;X;
F5746239800700R;F5746239800700R;SLAT ASSEMBLY NO. 3;REPAIR;;;;X;X;;;;;;;;;;;;;;;;;;;;;;;;X;X;;;;;;;;;;;;;;;;;;;;;;;;;;;;;;;;;;;;;;;;;;;;;;;;;;;;;;;;;;;;;;;;;;;;X;;;X;
F5746239800800Z;F5746239800800Z;SLAT ASSEMBLY NO. 3;REPAIR;;;;X;X;;;;;;;;;;;;;;;;;;;;;;;;X;X;;;;;;;;;;;;;;;;;;;;;;;;;;;;;;;;;;;;;;;;;;;;;;;;;;;;;;;;;;;;;;;;;;;;X;;;X;
F5746239800900Z;F5746239800900Z;SLAT ASSEMBLY NO. 3;REPAIR;;;;X;X;;;;;;;;;;;;;;;;;;;;;;;;X;X;;;;;;;;;;;;;;;;;;;;;;;;;;;;;;;;;;;;;;;;;;;;;;;;;;;;;;;;;;;;;;;;;;;;X;;;X;
F5746239801000Z;F5746239801000Z;SLAT ASSEMBLY NO. 3;REPAIR;;;;X;X;;;;;;;;;;;;;;;;;;;;;;;;X;X;;;;;;;;;;;;;;;;;;;;;;;;;;;;;;;;;;;;;;;;;;;;;;;;;;;;;;;;;;;;;;;;;;;;X;;;X;
F5746239801100A;F5746239801100A;SLAT ASSEMBLY NO. 3;REPAIR;;;;X;X;;;;;;;;;;;;;;;;;;;;;;;;X;X;;;;;;;;;;;;;;;;;;;;;;;;;;;;;;;;;;;;;;;;;;;;;;;;;;;;;;;;;;;;;;;;;;;;X;;;X;
F5746239801100Z;F5746239801100Z;SLAT ASSEMBLY NO. 3;REPAIR;;;;X;X;;;;;;;;;;;;;;;;;;;;;;;;X;X;;;;;;;;;;;;;;;;;;;;;;;;;;;;;;;;;;;;;;;;;;;;;;;;;;;;;;;;;;;;;;;;;;;;X;;;X;
F5746239801200A;F5746239801200A;SLAT ASSEMBLY NO. 3;REPAIR;;;;X;X;;;;;;;;;;;;;;;;;;;;;;;;X;X;;;;;;;;;;;;;;;;;;;;;;;;;;;;;;;;;;;;;;;;;;;;;;;;;;;;;;;;;;;;;;;;;;;;X;;;X;
F5746240000000P;F5746240000000P;SLAT ASSEMBLY NO. 4;REPAIR;;;;X;X;;;;;;;;;;;;;;;;;;;;;;;;X;X;;;;;;;;;;;;;;;;;;;;;;;;;;;;;;;;;;;;;;;;;;;;;;;;;;;;;;;;;;;;;;;;;;;;X;;;X;
F5746240000000R;F5746240000000R;SLAT ASSEMBLY NO. 4;REPAIR;;;;X;X;;;;;;;;;;;;;;;;;;;;;;;;X;X;;;;;;;;;;;;;;;;;;;;;;;;;;;;;;;;;;;;;;;;;;;;;;;;;;;;;;;;;;;;;;;;;;;;X;;;X;
F5746240000000Z;F5746240000000Z;SLAT ASSEMBLY NO. 4;REPAIR;;;;X;X;;;;;;;;;;;;;;;;;;;;;;;;X;X;;;;;;;;;;;;;;;;;;;;;;;;;;;;;;;;;;;;;;;;;;;;;;;;;;;;;;;;;;;;;;;;;;;;X;;;X;
F5746240000100P;F5746240000100P;SLAT ASSEMBLY NO. 4;REPAIR;;;;X;X;;;;;;;;;;;;;;;;;;;;;;;;X;X;;;;;;;;;;;;;;;;;;;;;;;;;;;;;;;;;;;;;;;;;;;;;;;;;;;;;;;;;;;;;;;;;;;;X;;;X;
F5746240000100R;F5746240000100R;SLAT ASSEMBLY NO. 4;REPAIR;;;;X;X;;;;;;;;;;;;;;;;;;;;;;;;X;X;;;;;;;;;;;;;;;;;;;;;;;;;;;;;;;;;;;;;;;;;;;;;;;;;;;;;;;;;;;;;;;;;;;;X;;;X;
F5746240000100Z;F5746240000100Z;SLAT ASSEMBLY NO. 4;REPAIR;;;;X;X;;;;;;;;;;;;;;;;;;;;;;;;X;X;;;;;;;;;;;;;;;;;;;;;;;;;;;;;;;;;;;;;;;;;;;;;;;;;;;;;;;;;;;;;;;;;;;;X;;;X;
F5746240000200Z;F5746240000200Z;SLAT ASSEMBLY NO. 4;REPAIR;;;;X;X;;;;;;;;;;;;;;;;;;;;;;;;X;X;;;;;;;;;;;;;;;;;;;;;;;;;;;;;;;;;;;;;;;;;;;;;;;;;;;;;;;;;;;;;;;;;;;;X;;;X;
F5746240000300Z;F5746240000300Z;SLAT ASSEMBLY NO. 4;REPAIR;;;;X;X;;;;;;;;;;;;;;;;;;;;;;;;X;X;;;;;;;;;;;;;;;;;;;;;;;;;;;;;;;;;;;;;;;;;;;;;;;;;;;;;;;;;;;;;;;;;;;;X;;;X;
F5746249000000P;F5746249000000P;SLAT ASSEMBLY NO. 4;REPAIR;;;;X;X;;;;;;;;;;;;;;;;;;;;;;;;X;X;;;;;;;;;;;;;;;;;;;;;;;;;;;;;;;;;;;;;;;;;;;;;;;;;;;;;;;;;;;;;;;;;;;;X;;;X;
F5746249000000R;F5746249000000R;SLAT ASSEMBLY NO. 4;REPAIR;;;;X;X;;;;;;;;;;;;;;;;;;;;;;;;X;X;;;;;;;;;;;;;;;;;;;;;;;;;;;;;;;;;;;;;;;;;;;;;;;;;;;;;;;;;;;;;;;;;;;;X;;;X;
F5746249000000Z;F5746249000000Z;SLAT ASSEMBLY NO. 4;REPAIR;;;;X;X;;;;;;;;;;;;;;;;;;;;;;;;X;X;;;;;;;;;;;;;;;;;;;;;;;;;;;;;;;;;;;;;;;;;;;;;;;;;;;;;;;;;;;;;;;;;;;;X;;;X;
F5746249000200Z;F5746249000200Z;SLAT ASSEMBLY NO. 4;REPAIR;;;;X;X;;;;;;;;;;;;;;;;;;;;;;;;X;X;;;;;;;;;;;;;;;;;;;;;;;;;;;;;;;;;;;;;;;;;;;;;;;;;;;;;;;;;;;;;;;;;;;;X;;;X;
F5746249000300Z;F5746249000300Z;SLAT ASSEMBLY NO. 4;REPAIR;;;;X;X;;;;;;;;;;;;;;;;;;;;;;;;X;X;;;;;;;;;;;;;;;;;;;;;;;;;;;;;;;;;;;;;;;;;;;;;;;;;;;;;;;;;;;;;;;;;;;;X;;;X;
F5746249000400P;F5746249000400P;SLAT ASSEMBLY NO. 4;REPAIR;;;;X;X;;;;;;;;;;;;;;;;;;;;;;;;X;X;;;;;;;;;;;;;;;;;;;;;;;;;;;;;;;;;;;;;;;;;;;;;;;;;;;;;;;;;;;;;;;;;;;;X;;;X;
F5746249000400R;F5746249000400R;SLAT ASSEMBLY NO. 4;REPAIR;;;;X;X;;;;;;;;;;;;;;;;;;;;;;;;X;X;;;;;;;;;;;;;;;;;;;;;;;;;;;;;;;;;;;;;;;;;;;;;;;;;;;;;;;;;;;;;;;;;;;;X;;;X;
F5746249000400Z;F5746249000400Z;SLAT ASSEMBLY NO. 4;REPAIR;;;;X;X;;;;;;;;;;;;;;;;;;;;;;;;X;X;;;;;;;;;;;;;;;;;;;;;;;;;;;;;;;;;;;;;;;;;;;;;;;;;;;;;;;;;;;;;;;;;;;;X;;;X;
F5746249000500P;F5746249000500P;SLAT ASSEMBLY NO. 4;REPAIR;;;;X;X;;;;;;;;;;;;;;;;;;;;;;;;X;X;;;;;;;;;;;;;;;;;;;;;;;;;;;;;;;;;;;;;;;;;;;;;;;;;;;;;;;;;;;;;;;;;;;;X;;;X;
F5746249000500R;F5746249000500R;SLAT ASSEMBLY NO. 4;REPAIR;;;;X;X;;;;;;;;;;;;;;;;;;;;;;;;X;X;;;;;;;;;;;;;;;;;;;;;;;;;;;;;;;;;;;;;;;;;;;;;;;;;;;;;;;;;;;;;;;;;;;;X;;;X;
F5746249000500Z;F5746249000500Z;SLAT ASSEMBLY NO. 4;REPAIR;;;;X;X;;;;;;;;;;;;;;;;;;;;;;;;X;X;;;;;;;;;;;;;;;;;;;;;;;;;;;;;;;;;;;;;;;;;;;;;;;;;;;;;;;;;;;;;;;;;;;;X;;;X;
F5746249800000Z;F5746249800000Z;SLAT ASSEMBLY NO. 4;REPAIR;;;;X;X;;;;;;;;;;;;;;;;;;;;;;;;X;X;;;;;;;;;;;;;;;;;;;;;;;;;;;;;;;;;;;;;;;;;;;;;;;;;;;;;;;;;;;;;;;;;;;;X;;;X;
F5746249800100Z;F5746249800100Z;SLAT ASSEMBLY NO. 4;REPAIR;;;;X;X;;;;;;;;;;;;;;;;;;;;;;;;X;X;;;;;;;;;;;;;;;;;;;;;;;;;;;;;;;;;;;;;;;;;;;;;;;;;;;;;;;;;;;;;;;;;;;;X;;;X;
F5746249800200P;F5746249800200P;SLAT ASSEMBLY NO. 4;REPAIR;;;;X;X;;;;;;;;;;;;;;;;;;;;;;;;X;X;;;;;;;;;;;;;;;;;;;;;;;;;;;;;;;;;;;;;;;;;;;;;;;;;;;;;;;;;;;;;;;;;;;;X;;;X;
F5746249800200R;F5746249800200R;SLAT ASSEMBLY NO. 4;REPAIR;;;;X;X;;;;;;;;;;;;;;;;;;;;;;;;X;X;;;;;;;;;;;;;;;;;;;;;;;;;;;;;;;;;;;;;;;;;;;;;;;;;;;;;;;;;;;;;;;;;;;;X;;;X;
F5746249800200Z;F5746249800200Z;SLAT ASSEMBLY NO. 4;REPAIR;;;;X;X;;;;;;;;;;;;;;;;;;;;;;;;X;X;;;;;;;;;;;;;;;;;;;;;;;;;;;;;;;;;;;;;;;;;;;;;;;;;;;;;;;;;;;;;;;;;;;;X;;;X;
F5746249800300R;F5746249800300R;SLAT ASSEMBLY NO. 4;REPAIR;;;;X;X;;;;;;;;;;;;;;;;;;;;;;;;X;X;;;;;;;;;;;;;;;;;;;;;;;;;;;;;;;;;;;;;;;;;;;;;;;;;;;;;;;;;;;;;;;;;;;;X;;;X;
F5746249800300Z;F5746249800300Z;SLAT ASSEMBLY NO. 4;REPAIR;;;;X;X;;;;;;;;;;;;;;;;;;;;;;;;X;X;;;;;;;;;;;;;;;;;;;;;;;;;;;;;;;;;;;;;;;;;;;;;;;;;;;;;;;;;;;;;;;;;;;;X;;;X;
F5746249800400R;F5746249800400R;SLAT ASSEMBLY NO. 4;REPAIR;;;;X;X;;;;;;;;;;;;;;;;;;;;;;;;X;X;;;;;;;;;;;;;;;;;;;;;;;;;;;;;;;;;;;;;;;;;;;;;;;;;;;;;;;;;;;;;;;;;;;;X;;;X;
F5746249800400Z;F5746249800400Z;SLAT ASSEMBLY NO. 4;REPAIR;;;;X;X;;;;;;;;;;;;;;;;;;;;;;;;X;X;;;;;;;;;;;;;;;;;;;;;;;;;;;;;;;;;;;;;;;;;;;;;;;;;;;;;;;;;;;;;;;;;;;;X;;;X;
F5746249800500R;F5746249800500R;SLAT ASSEMBLY NO. 4;REPAIR;;;;X;X;;;;;;;;;;;;;;;;;;;;;;;;X;X;;;;;;;;;;;;;;;;;;;;;;;;;;;;;;;;;;;;;;;;;;;;;;;;;;;;;;;;;;;;;;;;;;;;X;;;X;
F5746249800500Z;F5746249800500Z;SLAT ASSEMBLY NO. 4;REPAIR;;;;X;X;;;;;;;;;;;;;;;;;;;;;;;;X;X;;;;;;;;;;;;;;;;;;;;;;;;;;;;;;;;;;;;;;;;;;;;;;;;;;;;;;;;;;;;;;;;;;;;X;;;X;
F5746249800600R;F5746249800600R;SLAT ASSEMBLY NO. 4;REPAIR;;;;X;X;;;;;;;;;;;;;;;;;;;;;;;;X;X;;;;;;;;;;;;;;;;;;;;;;;;;;;;;;;;;;;;;;;;;;;;;;;;;;;;;;;;;;;;;;;;;;;;X;;;X;
F5746249800600Z;F5746249800600Z;SLAT ASSEMBLY NO. 4;REPAIR;;;;X;X;;;;;;;;;;;;;;;;;;;;;;;;X;X;;;;;;;;;;;;;;;;;;;;;;;;;;;;;;;;;;;;;;;;;;;;;;;;;;;;;;;;;;;;;;;;;;;;X;;;X;
F5746249800700A;F5746249800700A;SLAT ASSEMBLY NO. 4;REPAIR;;;;X;X;;;;;;;;;;;;;;;;;;;;;;;;X;X;;;;;;;;;;;;;;;;;;;;;;;;;;;;;;;;;;;;;;;;;;;;;;;;;;;;;;;;;;;;;;;;;;;;X;;;X;
F5746249800700R;F5746249800700R;SLAT ASSEMBLY NO. 4;REPAIR;;;;X;X;;;;;;;;;;;;;;;;;;;;;;;;X;X;;;;;;;;;;;;;;;;;;;;;;;;;;;;;;;;;;;;;;;;;;;;;;;;;;;;;;;;;;;;;;;;;;;;X;;;X;
F5746249800700Z;F5746249800700Z;SLAT ASSEMBLY NO. 4;REPAIR;;;;X;X;;;;;;;;;;;;;;;;;;;;;;;;X;X;;;;;;;;;;;;;;;;;;;;;;;;;;;;;;;;;;;;;;;;;;;;;;;;;;;;;;;;;;;;;;;;;;;;X;;;X;
F5746249800800A;F5746249800800A;SLAT ASSEMBLY NO. 4;REPAIR;;;;X;X;;;;;;;;;;;;;;;;;;;;;;;;X;X;;;;;;;;;;;;;;;;;;;;;;;;;;;;;;;;;;;;;;;;;;;;;;;;;;;;;;;;;;;;;;;;;;;;X;;;X;
F5746249800800R;F5746249800800R;SLAT ASSEMBLY NO. 4;REPAIR;;;;X;X;;;;;;;;;;;;;;;;;;;;;;;;X;X;;;;;;;;;;;;;;;;;;;;;;;;;;;;;;;;;;;;;;;;;;;;;;;;;;;;;;;;;;;;;;;;;;;;X;;;X;
F5746249800900A;F5746249800900A;SLAT ASSEMBLY NO. 4;REPAIR;;;;X;X;;;;;;;;;;;;;;;;;;;;;;;;X;X;;;;;;;;;;;;;;;;;;;;;;;;;;;;;;;;;;;;;;;;;;;;;;;;;;;;;;;;;;;;;;;;;;;;X;;;X;
F5746249800900R;F5746249800900R;SLAT ASSEMBLY NO. 4;REPAIR;;;;X;X;;;;;;;;;;;;;;;;;;;;;;;;X;X;;;;;;;;;;;;;;;;;;;;;;;;;;;;;;;;;;;;;;;;;;;;;;;;;;;;;;;;;;;;;;;;;;;;X;;;X;
F5746249801000Z;F5746249801000Z;SLAT ASSEMBLY NO. 4;REPAIR;;;;X;X;;;;;;;;;;;;;;;;;;;;;;;;X;X;;;;;;;;;;;;;;;;;;;;;;;;;;;;;;;;;;;;;;;;;;;;;;;;;;;;;;;;;;;;;;;;;;;;X;;;X;
F5746249801100Z;F5746249801100Z;SLAT ASSEMBLY NO. 4;REPAIR;;;;X;X;;;;;;;;;;;;;;;;;;;;;;;;X;X;;;;;;;;;;;;;;;;;;;;;;;;;;;;;;;;;;;;;;;;;;;;;;;;;;;;;;;;;;;;;;;;;;;;X;;;X;
F5746249801200A;F5746249801200A;SLAT ASSEMBLY NO. 4;REPAIR;;;;X;X;;;;;;;;;;;;;;;;;;;;;;;;X;X;;;;;;;;;;;;;;;;;;;;;;;;;;;;;;;;;;;;;;;;;;;;;;;;;;;;;;;;;;;;;;;;;;;;X;;;X;
F5746249801200Z;F5746249801200Z;SLAT ASSEMBLY NO. 4;REPAIR;;;;X;X;;;;;;;;;;;;;;;;;;;;;;;;X;X;;;;;;;;;;;;;;;;;;;;;;;;;;;;;;;;;;;;;;;;;;;;;;;;;;;;;;;;;;;;;;;;;;;;X;;;X;
F5746249801300A;F5746249801300A;SLAT ASSEMBLY NO. 4;REPAIR;;;;X;X;;;;;;;;;;;;;;;;;;;;;;;;X;X;;;;;;;;;;;;;;;;;;;;;;;;;;;;;;;;;;;;;;;;;;;;;;;;;;;;;;;;;;;;;;;;;;;;X;;;X;
F5746249801300Z;F5746249801300Z;SLAT ASSEMBLY NO. 4;REPAIR;;;;X;X;;;;;;;;;;;;;;;;;;;;;;;;X;X;;;;;;;;;;;;;;;;;;;;;;;;;;;;;;;;;;;;;;;;;;;;;;;;;;;;;;;;;;;;;;;;;;;;X;;;X;
F5746249801400A;F5746249801400A;SLAT ASSEMBLY NO. 4;REPAIR;;;;X;X;;;;;;;;;;;;;;;;;;;;;;;;X;X;;;;;;;;;;;;;;;;;;;;;;;;;;;;;;;;;;;;;;;;;;;;;;;;;;;;;;;;;;;;;;;;;;;;X;;;X;
F5746249801500A;F5746249801500A;SLAT ASSEMBLY NO. 4;REPAIR;;;;X;X;;;;;;;;;;;;;;;;;;;;;;;;X;X;;;;;;;;;;;;;;;;;;;;;;;;;;;;;;;;;;;;;;;;;;;;;;;;;;;;;;;;;;;;;;;;;;;;X;;;X;
F5746249801600A;F5746249801600A;SLAT ASSEMBLY NO. 4;REPAIR;;;;X;X;;;;;;;;;;;;;;;;;;;;;;;;X;X;;;;;;;;;;;;;;;;;;;;;;;;;;;;;;;;;;;;;;;;;;;;;;;;;;;;;;;;;;;;;;;;;;;;X;;;X;
F5746249801700A;F5746249801700A;SLAT ASSEMBLY NO. 4;REPAIR;;;;X;X;;;;;;;;;;;;;;;;;;;;;;;;X;X;;;;;;;;;;;;;;;;;;;;;;;;;;;;;;;;;;;;;;;;;;;;;;;;;;;;;;;;;;;;;;;;;;;;X;;;X;
F5746250000000P;F5746250000000P;SLAT ASSEMBLY NO. 5;REPAIR;;;;X;X;;;;;;;;;;;;;;;;;;;;;;;;X;X;;;;;;;;;;;;;;;;;;;;;;;;;;;;;;;;;;;;;;;;;;;;;;;;;;;;;;;;;;;;;;;;;;;;X;;;X;
F5746250000000R;F5746250000000R;SLAT ASSEMBLY NO. 5;REPAIR;;;;X;X;;;;;;;;;;;;;;;;;;;;;;;;X;X;;;;;;;;;;;;;;;;;;;;;;;;;;;;;;;;;;;;;;;;;;;;;;;;;;;;;;;;;;;;;;;;;;;;X;;;X;
F5746250000000Z;F5746250000000Z;SLAT ASSEMBLY NO. 5;REPAIR;;;;X;X;;;;;;;;;;;;;;;;;;;;;;;;X;X;;;;;;;;;;;;;;;;;;;;;;;;;;;;;;;;;;;;;;;;;;;;;;;;;;;;;;;;;;;;;;;;;;;;X;;;X;
F5746250000100P;F5746250000100P;SLAT ASSEMBLY NO. 5;REPAIR;;;;X;X;;;;;;;;;;;;;;;;;;;;;;;;X;X;;;;;;;;;;;;;;;;;;;;;;;;;;;;;;;;;;;;;;;;;;;;;;;;;;;;;;;;;;;;;;;;;;;;X;;;X;
F5746250000100R;F5746250000100R;SLAT ASSEMBLY NO. 5;REPAIR;;;;X;X;;;;;;;;;;;;;;;;;;;;;;;;X;X;;;;;;;;;;;;;;;;;;;;;;;;;;;;;;;;;;;;;;;;;;;;;;;;;;;;;;;;;;;;;;;;;;;;X;;;X;
F5746250000100Z;F5746250000100Z;SLAT ASSEMBLY NO. 5;REPAIR;;;;X;X;;;;;;;;;;;;;;;;;;;;;;;;X;X;;;;;;;;;;;;;;;;;;;;;;;;;;;;;;;;;;;;;;;;;;;;;;;;;;;;;;;;;;;;;;;;;;;;X;;;X;
F5746250000200Z;F5746250000200Z;SLAT ASSEMBLY NO. 5;REPAIR;;;;X;X;;;;;;;;;;;;;;;;;;;;;;;;X;X;;;;;;;;;;;;;;;;;;;;;;;;;;;;;;;;;;;;;;;;;;;;;;;;;;;;;;;;;;;;;;;;;;;;X;;;X;
F5746250000300Z;F5746250000300Z;SLAT ASSEMBLY NO. 5;REPAIR;;;;X;X;;;;;;;;;;;;;;;;;;;;;;;;X;X;;;;;;;;;;;;;;;;;;;;;;;;;;;;;;;;;;;;;;;;;;;;;;;;;;;;;;;;;;;;;;;;;;;;X;;;X;
F5746259800000Z;F5746259800000Z;SLAT ASSEMBLY NO. 5;REPAIR;;;;X;X;;;;;;;;;;;;;;;;;;;;;;;;X;X;;;;;;;;;;;;;;;;;;;;;;;;;;;;;;;;;;;;;;;;;;;;;;;;;;;;;;;;;;;;;;;;;;;;X;;;X;
F5746259800100Z;F5746259800100Z;SLAT ASSEMBLY NO. 5;REPAIR;;;;X;X;;;;;;;;;;;;;;;;;;;;;;;;X;X;;;;;;;;;;;;;;;;;;;;;;;;;;;;;;;;;;;;;;;;;;;;;;;;;;;;;;;;;;;;;;;;;;;;X;;;X;
F5746259800200P;F5746259800200P;SLAT ASSEMBLY NO. 5;REPAIR;;;;X;X;;;;;;;;;;;;;;;;;;;;;;;;X;X;;;;;;;;;;;;;;;;;;;;;;;;;;;;;;;;;;;;;;;;;;;;;;;;;;;;;;;;;;;;;;;;;;;;X;;;X;
F5746259800200R;F5746259800200R;SLAT ASSEMBLY NO. 5;REPAIR;;;;X;X;;;;;;;;;;;;;;;;;;;;;;;;X;X;;;;;;;;;;;;;;;;;;;;;;;;;;;;;;;;;;;;;;;;;;;;;;;;;;;;;;;;;;;;;;;;;;;;X;;;X;
F5746259800200Z;F5746259800200Z;SLAT ASSEMBLY NO. 5;REPAIR;;;;X;X;;;;;;;;;;;;;;;;;;;;;;;;X;X;;;;;;;;;;;;;;;;;;;;;;;;;;;;;;;;;;;;;;;;;;;;;;;;;;;;;;;;;;;;;;;;;;;;X;;;X;
F5746259800300P;F5746259800300P;SLAT ASSEMBLY NO. 5;REPAIR;;;;X;X;;;;;;;;;;;;;;;;;;;;;;;;X;X;;;;;;;;;;;;;;;;;;;;;;;;;;;;;;;;;;;;;;;;;;;;;;;;;;;;;;;;;;;;;;;;;;;;X;;;X;
F5746259800300R;F5746259800300R;SLAT ASSEMBLY NO. 5;REPAIR;;;;X;X;;;;;;;;;;;;;;;;;;;;;;;;X;X;;;;;;;;;;;;;;;;;;;;;;;;;;;;;;;;;;;;;;;;;;;;;;;;;;;;;;;;;;;;;;;;;;;;X;;;X;
F5746259800300Z;F5746259800300Z;SLAT ASSEMBLY NO. 5;REPAIR;;;;X;X;;;;;;;;;;;;;;;;;;;;;;;;X;X;;;;;;;;;;;;;;;;;;;;;;;;;;;;;;;;;;;;;;;;;;;;;;;;;;;;;;;;;;;;;;;;;;;;X;;;X;
F5746259800400R;F5746259800400R;SLAT ASSEMBLY NO. 5;REPAIR;;;;X;X;;;;;;;;;;;;;;;;;;;;;;;;X;X;;;;;;;;;;;;;;;;;;;;;;;;;;;;;;;;;;;;;;;;;;;;;;;;;;;;;;;;;;;;;;;;;;;;X;;;X;
F5746259800400Z;F5746259800400Z;SLAT ASSEMBLY NO. 5;REPAIR;;;;X;X;;;;;;;;;;;;;;;;;;;;;;;;X;X;;;;;;;;;;;;;;;;;;;;;;;;;;;;;;;;;;;;;;;;;;;;;;;;;;;;;;;;;;;;;;;;;;;;X;;;X;
F5746259800500R;F5746259800500R;SLAT ASSEMBLY NO. 5;REPAIR;;;;X;X;;;;;;;;;;;;;;;;;;;;;;;;X;X;;;;;;;;;;;;;;;;;;;;;;;;;;;;;;;;;;;;;;;;;;;;;;;;;;;;;;;;;;;;;;;;;;;;X;;;X;
F5746259800500Z;F5746259800500Z;SLAT ASSEMBLY NO. 5;REPAIR;;;;X;X;;;;;;;;;;;;;;;;;;;;;;;;X;X;;;;;;;;;;;;;;;;;;;;;;;;;;;;;;;;;;;;;;;;;;;;;;;;;;;;;;;;;;;;;;;;;;;;X;;;X;
F5746259800600R;F5746259800600R;SLAT ASSEMBLY NO. 5;REPAIR;;;;X;X;;;;;;;;;;;;;;;;;;;;;;;;X;X;;;;;;;;;;;;;;;;;;;;;;;;;;;;;;;;;;;;;;;;;;;;;;;;;;;;;;;;;;;;;;;;;;;;X;;;X;
F5746259800600Z;F5746259800600Z;SLAT ASSEMBLY NO. 5;REPAIR;;;;X;X;;;;;;;;;;;;;;;;;;;;;;;;X;X;;;;;;;;;;;;;;;;;;;;;;;;;;;;;;;;;;;;;;;;;;;;;;;;;;;;;;;;;;;;;;;;;;;;X;;;X;
F5746259800700A;F5746259800700A;SLAT ASSEMBLY NO. 5;REPAIR;;;;X;X;;;;;;;;;;;;;;;;;;;;;;;;X;X;;;;;;;;;;;;;;;;;;;;;;;;;;;;;;;;;;;;;;;;;;;;;;;;;;;;;;;;;;;;;;;;;;;;X;;;X;
F5746259800700Z;F5746259800700Z;SLAT ASSEMBLY NO. 5;REPAIR;;;;X;X;;;;;;;;;;;;;;;;;;;;;;;;X;X;;;;;;;;;;;;;;;;;;;;;;;;;;;;;;;;;;;;;;;;;;;;;;;;;;;;;;;;;;;;;;;;;;;;X;;;X;
F5746259800800Z;F5746259800800Z;SLAT ASSEMBLY NO. 5;REPAIR;;;;X;X;;;;;;;;;;;;;;;;;;;;;;;;X;X;;;;;;;;;;;;;;;;;;;;;;;;;;;;;;;;;;;;;;;;;;;;;;;;;;;;;;;;;;;;;;;;;;;;X;;;X;
F5746259800900Z;F5746259800900Z;SLAT ASSEMBLY NO. 5;REPAIR;;;;X;X;;;;;;;;;;;;;;;;;;;;;;;;X;X;;;;;;;;;;;;;;;;;;;;;;;;;;;;;;;;;;;;;;;;;;;;;;;;;;;;;;;;;;;;;;;;;;;;X;;;X;
F5746259801000A;F5746259801000A;SLAT ASSEMBLY NO. 5;REPAIR;;;;X;X;;;;;;;;;;;;;;;;;;;;;;;;X;X;;;;;;;;;;;;;;;;;;;;;;;;;;;;;;;;;;;;;;;;;;;;;;;;;;;;;;;;;;;;;;;;;;;;X;;;X;
F5746259801000Z;F5746259801000Z;SLAT ASSEMBLY NO. 5;REPAIR;;;;X;X;;;;;;;;;;;;;;;;;;;;;;;;X;X;;;;;;;;;;;;;;;;;;;;;;;;;;;;;;;;;;;;;;;;;;;;;;;;;;;;;;;;;;;;;;;;;;;;X;;;X;
F5746259801100A;F5746259801100A;SLAT ASSEMBLY NO. 5;REPAIR;;;;X;X;;;;;;;;;;;;;;;;;;;;;;;;X;X;;;;;;;;;;;;;;;;;;;;;;;;;;;;;;;;;;;;;;;;;;;;;;;;;;;;;;;;;;;;;;;;;;;;X;;;X;
F5746259801100Z;F5746259801100Z;SLAT ASSEMBLY NO. 5;REPAIR;;;;X;X;;;;;;;;;;;;;;;;;;;;;;;;X;X;;;;;;;;;;;;;;;;;;;;;;;;;;;;;;;;;;;;;;;;;;;;;;;;;;;;;;;;;;;;;;;;;;;;X;;;X;
F5746259801200A;F5746259801200A;SLAT ASSEMBLY NO. 5;REPAIR;;;;X;X;;;;;;;;;;;;;;;;;;;;;;;;X;X;;;;;;;;;;;;;;;;;;;;;;;;;;;;;;;;;;;;;;;;;;;;;;;;;;;;;;;;;;;;;;;;;;;;X;;;X;
F5746259801300A;F5746259801300A;SLAT ASSEMBLY NO. 5;REPAIR;;;;X;X;;;;;;;;;;;;;;;;;;;;;;;;X;X;;;;;;;;;;;;;;;;;;;;;;;;;;;;;;;;;;;;;;;;;;;;;;;;;;;;;;;;;;;;;;;;;;;;X;;;X;
F5746259801400A;F5746259801400A;SLAT ASSEMBLY NO. 5;REPAIR;;;;X;X;;;;;;;;;;;;;;;;;;;;;;;;X;X;;;;;;;;;;;;;;;;;;;;;;;;;;;;;;;;;;;;;;;;;;;;;;;;;;;;;;;;;;;;;;;;;;;;X;;;X;
F5746259801500A;F5746259801500A;SLAT ASSEMBLY NO. 5;REPAIR;;;;X;X;;;;;;;;;;;;;;;;;;;;;;;;X;X;;;;;;;;;;;;;;;;;;;;;;;;;;;;;;;;;;;;;;;;;;;;;;;;;;;;;;;;;;;;;;;;;;;;X;;;X;
F5746260000000P;F5746260000000P;SLAT ASSEMBLY NO. 6;REPAIR;;;;X;X;;;;;;;;;;;;;;;;;;;;;;;;X;X;;;;;;;;;;;;;;;;;;;;;;;;;;;;;;;;;;;;;;;;;;;;;;;;;;;;;;;;;;;;;;;;;;;;X;;;X;
F5746260000000R;F5746260000000R;SLAT ASSEMBLY NO. 6;REPAIR;;;;X;X;;;;;;;;;;;;;;;;;;;;;;;;X;X;;;;;;;;;;;;;;;;;;;;;;;;;;;;;;;;;;;;;;;;;;;;;;;;;;;;;;;;;;;;;;;;;;;;X;;;X;
F5746260000000Z;F5746260000000Z;SLAT ASSEMBLY NO. 6;REPAIR;;;;X;X;;;;;;;;;;;;;;;;;;;;;;;;X;X;;;;;;;;;;;;;;;;;;;;;;;;;;;;;;;;;;;;;;;;;;;;;;;;;;;;;;;;;;;;;;;;;;;;X;;;X;
F5746260000100P;F5746260000100P;SLAT ASSEMBLY NO. 6;REPAIR;;;;X;X;;;;;;;;;;;;;;;;;;;;;;;;X;X;;;;;;;;;;;;;;;;;;;;;;;;;;;;;;;;;;;;;;;;;;;;;;;;;;;;;;;;;;;;;;;;;;;;X;;;X;
F5746260000100R;F5746260000100R;SLAT ASSEMBLY NO. 6;REPAIR;;;;X;X;;;;;;;;;;;;;;;;;;;;;;;;X;X;;;;;;;;;;;;;;;;;;;;;;;;;;;;;;;;;;;;;;;;;;;;;;;;;;;;;;;;;;;;;;;;;;;;X;;;X;
F5746260000100Z;F5746260000100Z;SLAT ASSEMBLY NO. 6;REPAIR;;;;X;X;;;;;;;;;;;;;;;;;;;;;;;;X;X;;;;;;;;;;;;;;;;;;;;;;;;;;;;;;;;;;;;;;;;;;;;;;;;;;;;;;;;;;;;;;;;;;;;X;;;X;
F5746260000200Z;F5746260000200Z;SLAT ASSEMBLY NO. 6;REPAIR;;;;X;X;;;;;;;;;;;;;;;;;;;;;;;;X;X;;;;;;;;;;;;;;;;;;;;;;;;;;;;;;;;;;;;;;;;;;;;;;;;;;;;;;;;;;;;;;;;;;;;X;;;X;
F5746260000200Z;F5746260000200Z;SLAT ASSEMBLY NO. 6;REPAIR;;;;X;X;;;;;;;;;;;;;;;;;;;;;;;;X;X;;;;;;;;;;;;;;;;;;;;;;;;;;;;;;;;;;;;;;;;;;;;;;;;;;;;;;;;;;;;;;;;;;;;X;;;X;
F5746260000300Z;F5746260000300Z;SLAT ASSEMBLY NO. 6;REPAIR;;;;X;X;;;;;;;;;;;;;;;;;;;;;;;;X;X;;;;;;;;;;;;;;;;;;;;;;;;;;;;;;;;;;;;;;;;;;;;;;;;;;;;;;;;;;;;;;;;;;;;X;;;X;
F5746268800000A;F5746268800000A;SLAT ASSEMBLY NO. 6;REPAIR;;;;X;X;;;;;;;;;;;;;;;;;;;;;;;;X;X;;;;;;;;;;;;;;;;;;;;;;;;;;;;;;;;;;;;;;;;;;;;;;;;;;;;;;;;;;;;;;;;;;;;X;;;X;
F5746268800100A;F5746268800100A;SLAT ASSEMBLY NO. 6;REPAIR;;;;X;X;;;;;;;;;;;;;;;;;;;;;;;;X;X;;;;;;;;;;;;;;;;;;;;;;;;;;;;;;;;;;;;;;;;;;;;;;;;;;;;;;;;;;;;;;;;;;;;X;;;X;
F5746268800200A;F5746268800200A;SLAT ASSEMBLY NO. 6;REPAIR;;;;X;X;;;;;;;;;;;;;;;;;;;;;;;;X;X;;;;;;;;;;;;;;;;;;;;;;;;;;;;;;;;;;;;;;;;;;;;;;;;;;;;;;;;;;;;;;;;;;;;X;;;X;
F5746268800300A;F5746268800300A;SLAT ASSEMBLY NO. 6;REPAIR;;;;X;X;;;;;;;;;;;;;;;;;;;;;;;;X;X;;;;;;;;;;;;;;;;;;;;;;;;;;;;;;;;;;;;;;;;;;;;;;;;;;;;;;;;;;;;;;;;;;;;X;;;X;
F5746268800400A;F5746268800400A;SLAT ASSEMBLY NO. 6;REPAIR;;;;X;X;;;;;;;;;;;;;;;;;;;;;;;;X;X;;;;;;;;;;;;;;;;;;;;;;;;;;;;;;;;;;;;;;;;;;;;;;;;;;;;;;;;;;;;;;;;;;;;X;;;X;
F5746268800500A;F5746268800500A;SLAT ASSEMBLY NO. 6;REPAIR;;;;X;X;;;;;;;;;;;;;;;;;;;;;;;;X;X;;;;;;;;;;;;;;;;;;;;;;;;;;;;;;;;;;;;;;;;;;;;;;;;;;;;;;;;;;;;;;;;;;;;X;;;X;
F5746269800000Z;F5746269800000Z;SLAT ASSEMBLY NO. 6;REPAIR;;;;X;X;;;;;;;;;;;;;;;;;;;;;;;;X;X;;;;;;;;;;;;;;;;;;;;;;;;;;;;;;;;;;;;;;;;;;;;;;;;;;;;;;;;;;;;;;;;;;;;X;;;X;
F5746269800100Z;F5746269800100Z;SLAT ASSEMBLY NO. 6;REPAIR;;;;X;X;;;;;;;;;;;;;;;;;;;;;;;;X;X;;;;;;;;;;;;;;;;;;;;;;;;;;;;;;;;;;;;;;;;;;;;;;;;;;;;;;;;;;;;;;;;;;;;X;;;X;
F5746269800200K;F5746269800200K;SLAT ASSEMBLY NO. 6;REPAIR;;;;X;X;;;;;;;;;;;;;;;;;;;;;;;;X;X;;;;;;;;;;;;;;;;;;;;;;;;;;;;;;;;;;;;;;;;;;;;;;;;;;;;;;;;;;;;;;;;;;;;X;;;X;
F5746269800200L;F5746269800200L;SLAT ASSEMBLY NO. 6;REPAIR;;;;X;X;;;;;;;;;;;;;;;;;;;;;;;;X;X;;;;;;;;;;;;;;;;;;;;;;;;;;;;;;;;;;;;;;;;;;;;;;;;;;;;;;;;;;;;;;;;;;;;X;;;X;
F5746269800200P;F5746269800200P;SLAT ASSEMBLY NO. 6;REPAIR;;;;X;X;;;;;;;;;;;;;;;;;;;;;;;;X;X;;;;;;;;;;;;;;;;;;;;;;;;;;;;;;;;;;;;;;;;;;;;;;;;;;;;;;;;;;;;;;;;;;;;X;;;X;
F5746269800200R;F5746269800200R;SLAT ASSEMBLY NO. 6;REPAIR;;;;X;X;;;;;;;;;;;;;;;;;;;;;;;;X;X;;;;;;;;;;;;;;;;;;;;;;;;;;;;;;;;;;;;;;;;;;;;;;;;;;;;;;;;;;;;;;;;;;;;X;;;X;
F5746269800200Z;F5746269800200Z;SLAT ASSEMBLY NO. 6;REPAIR;;;;X;X;;;;;;;;;;;;;;;;;;;;;;;;X;X;;;;;;;;;;;;;;;;;;;;;;;;;;;;;;;;;;;;;;;;;;;;;;;;;;;;;;;;;;;;;;;;;;;;X;;;X;
F5746269800300K;F5746269800300K;SLAT ASSEMBLY NO. 6;REPAIR;;;;X;X;;;;;;;;;;;;;;;;;;;;;;;;X;X;;;;;;;;;;;;;;;;;;;;;;;;;;;;;;;;;;;;;;;;;;;;;;;;;;;;;;;;;;;;;;;;;;;;X;;;X;
F5746269800300L;F5746269800300L;SLAT ASSEMBLY NO. 6;REPAIR;;;;X;X;;;;;;;;;;;;;;;;;;;;;;;;X;X;;;;;;;;;;;;;;;;;;;;;;;;;;;;;;;;;;;;;;;;;;;;;;;;;;;;;;;;;;;;;;;;;;;;X;;;X;
F5746269800300P;F5746269800300P;SLAT ASSEMBLY NO. 6;REPAIR;;;;X;X;;;;;;;;;;;;;;;;;;;;;;;;X;X;;;;;;;;;;;;;;;;;;;;;;;;;;;;;;;;;;;;;;;;;;;;;;;;;;;;;;;;;;;;;;;;;;;;X;;;X;
F5746269800300R;F5746269800300R;SLAT ASSEMBLY NO. 6;REPAIR;;;;X;X;;;;;;;;;;;;;;;;;;;;;;;;X;X;;;;;;;;;;;;;;;;;;;;;;;;;;;;;;;;;;;;;;;;;;;;;;;;;;;;;;;;;;;;;;;;;;;;X;;;X;
F5746269800300Z;F5746269800300Z;SLAT ASSEMBLY NO. 6;REPAIR;;;;X;X;;;;;;;;;;;;;;;;;;;;;;;;X;X;;;;;;;;;;;;;;;;;;;;;;;;;;;;;;;;;;;;;;;;;;;;;;;;;;;;;;;;;;;;;;;;;;;;X;;;X;
F5746269800400K;F5746269800400K;SLAT ASSEMBLY NO. 6;REPAIR;;;;X;X;;;;;;;;;;;;;;;;;;;;;;;;X;X;;;;;;;;;;;;;;;;;;;;;;;;;;;;;;;;;;;;;;;;;;;;;;;;;;;;;;;;;;;;;;;;;;;;X;;;X;
F5746269800400R;F5746269800400R;SLAT ASSEMBLY NO. 6;REPAIR;;;;X;X;;;;;;;;;;;;;;;;;;;;;;;;X;X;;;;;;;;;;;;;;;;;;;;;;;;;;;;;;;;;;;;;;;;;;;;;;;;;;;;;;;;;;;;;;;;;;;;X;;;X;
F5746269800400Z;F5746269800400Z;SLAT ASSEMBLY NO. 6;REPAIR;;;;X;X;;;;;;;;;;;;;;;;;;;;;;;;X;X;;;;;;;;;;;;;;;;;;;;;;;;;;;;;;;;;;;;;;;;;;;;;;;;;;;;;;;;;;;;;;;;;;;;X;;;X;
F5746269800500K;F5746269800500K;SLAT ASSEMBLY NO. 6;REPAIR;;;;X;X;;;;;;;;;;;;;;;;;;;;;;;;X;X;;;;;;;;;;;;;;;;;;;;;;;;;;;;;;;;;;;;;;;;;;;;;;;;;;;;;;;;;;;;;;;;;;;;X;;;X;
F5746269800500R;F5746269800500R;SLAT ASSEMBLY NO. 6;REPAIR;;;;X;X;;;;;;;;;;;;;;;;;;;;;;;;X;X;;;;;;;;;;;;;;;;;;;;;;;;;;;;;;;;;;;;;;;;;;;;;;;;;;;;;;;;;;;;;;;;;;;;X;;;X;
F5746269800500Z;F5746269800500Z;SLAT ASSEMBLY NO. 6;REPAIR;;;;X;X;;;;;;;;;;;;;;;;;;;;;;;;X;X;;;;;;;;;;;;;;;;;;;;;;;;;;;;;;;;;;;;;;;;;;;;;;;;;;;;;;;;;;;;;;;;;;;;X;;;X;
F5746269800600R;F5746269800600R;SLAT ASSEMBLY NO. 6;REPAIR;;;;X;X;;;;;;;;;;;;;;;;;;;;;;;;X;X;;;;;;;;;;;;;;;;;;;;;;;;;;;;;;;;;;;;;;;;;;;;;;;;;;;;;;;;;;;;;;;;;;;;X;;;X;
F5746269800600Z;F5746269800600Z;SLAT ASSEMBLY NO. 6;REPAIR;;;;X;X;;;;;;;;;;;;;;;;;;;;;;;;X;X;;;;;;;;;;;;;;;;;;;;;;;;;;;;;;;;;;;;;;;;;;;;;;;;;;;;;;;;;;;;;;;;;;;;X;;;X;
F5746269800700R;F5746269800700R;SLAT ASSEMBLY NO. 6;REPAIR;;;;X;X;;;;;;;;;;;;;;;;;;;;;;;;X;X;;;;;;;;;;;;;;;;;;;;;;;;;;;;;;;;;;;;;;;;;;;;;;;;;;;;;;;;;;;;;;;;;;;;X;;;X;
F5746269800700Z;F5746269800700Z;SLAT ASSEMBLY NO. 6;REPAIR;;;;X;X;;;;;;;;;;;;;;;;;;;;;;;;X;X;;;;;;;;;;;;;;;;;;;;;;;;;;;;;;;;;;;;;;;;;;;;;;;;;;;;;;;;;;;;;;;;;;;;X;;;X;
F5746269800800Z;F5746269800800Z;SLAT ASSEMBLY NO. 6;REPAIR;;;;X;X;;;;;;;;;;;;;;;;;;;;;;;;X;X;;;;;;;;;;;;;;;;;;;;;;;;;;;;;;;;;;;;;;;;;;;;;;;;;;;;;;;;;;;;;;;;;;;;X;;;X;
F5746269800900Z;F5746269800900Z;SLAT ASSEMBLY NO. 6;REPAIR;;;;X;X;;;;;;;;;;;;;;;;;;;;;;;;X;X;;;;;;;;;;;;;;;;;;;;;;;;;;;;;;;;;;;;;;;;;;;;;;;;;;;;;;;;;;;;;;;;;;;;X;;;X;
F5746269801000A;F5746269801000A;SLAT ASSEMBLY NO. 6;REPAIR;;;;X;X;;;;;;;;;;;;;;;;;;;;;;;;X;X;;;;;;;;;;;;;;;;;;;;;;;;;;;;;;;;;;;;;;;;;;;;;;;;;;;;;;;;;;;;;;;;;;;;X;;;X;
F5746269801000Z;F5746269801000Z;SLAT ASSEMBLY NO. 6;REPAIR;;;;X;X;;;;;;;;;;;;;;;;;;;;;;;;X;X;;;;;;;;;;;;;;;;;;;;;;;;;;;;;;;;;;;;;;;;;;;;;;;;;;;;;;;;;;;;;;;;;;;;X;;;X;
F5746269801100A;F5746269801100A;SLAT ASSEMBLY NO. 6;REPAIR;;;;X;X;;;;;;;;;;;;;;;;;;;;;;;;X;X;;;;;;;;;;;;;;;;;;;;;;;;;;;;;;;;;;;;;;;;;;;;;;;;;;;;;;;;;;;;;;;;;;;;X;;;X;
F5746269801100Z;F5746269801100Z;SLAT ASSEMBLY NO. 6;REPAIR;;;;X;X;;;;;;;;;;;;;;;;;;;;;;;;X;X;;;;;;;;;;;;;;;;;;;;;;;;;;;;;;;;;;;;;;;;;;;;;;;;;;;;;;;;;;;;;;;;;;;;X;;;X;
F5746269801200A;F5746269801200A;SLAT ASSEMBLY NO. 6;REPAIR;;;;X;X;;;;;;;;;;;;;;;;;;;;;;;;X;X;;;;;;;;;;;;;;;;;;;;;;;;;;;;;;;;;;;;;;;;;;;;;;;;;;;;;;;;;;;;;;;;;;;;X;;;X;
F5746269801300A;F5746269801300A;SLAT ASSEMBLY NO. 6;REPAIR;;;;X;X;;;;;;;;;;;;;;;;;;;;;;;;X;X;;;;;;;;;;;;;;;;;;;;;;;;;;;;;;;;;;;;;;;;;;;;;;;;;;;;;;;;;;;;;;;;;;;;X;;;X;
F5746269801400A;F5746269801400A;SLAT ASSEMBLY NO. 6;REPAIR;;;;X;X;;;;;;;;;;;;;;;;;;;;;;;;X;X;;;;;;;;;;;;;;;;;;;;;;;;;;;;;;;;;;;;;;;;;;;;;;;;;;;;;;;;;;;;;;;;;;;;X;;;X;
F5746269801500A;F5746269801500A;SLAT ASSEMBLY NO. 6;REPAIR;;;;X;X;;;;;;;;;;;;;;;;;;;;;;;;X;X;;;;;;;;;;;;;;;;;;;;;;;;;;;;;;;;;;;;;;;;;;;;;;;;;;;;;;;;;;;;;;;;;;;;X;;;X;
F5746270000000P;F5746270000000P;SLAT ASSEMBLY NO. 7;REPAIR;;;;X;X;;;;;;;;;;;;;;;;;;;;;;;;X;X;;;;;;;;;;;;;;;;;;;;;;;;;;;;;;;;;;;;;;;;;;;;;;;;;;;;;;;;;;;;;;;;;;;;X;;;X;
F5746270000000R;F5746270000000R;SLAT ASSEMBLY NO. 7;REPAIR;;;;X;X;;;;;;;;;;;;;;;;;;;;;;;;X;X;;;;;;;;;;;;;;;;;;;;;;;;;;;;;;;;;;;;;;;;;;;;;;;;;;;;;;;;;;;;;;;;;;;;X;;;X;
F5746270000000Z;F5746270000000Z;SLAT ASSEMBLY NO. 7;REPAIR;;;;X;X;;;;;;;;;;;;;;;;;;;;;;;;X;X;;;;;;;;;;;;;;;;;;;;;;;;;;;;;;;;;;;;;;;;;;;;;;;;;;;;;;;;;;;;;;;;;;;;X;;;X;
F5746270000100P;F5746270000100P;SLAT ASSEMBLY NO. 7;REPAIR;;;;X;X;;;;;;;;;;;;;;;;;;;;;;;;X;X;;;;;;;;;;;;;;;;;;;;;;;;;;;;;;;;;;;;;;;;;;;;;;;;;;;;;;;;;;;;;;;;;;;;X;;;X;
F5746270000100R;F5746270000100R;SLAT ASSEMBLY NO. 7;REPAIR;;;;X;X;;;;;;;;;;;;;;;;;;;;;;;;X;X;;;;;;;;;;;;;;;;;;;;;;;;;;;;;;;;;;;;;;;;;;;;;;;;;;;;;;;;;;;;;;;;;;;;X;;;X;
F5746270000100Z;F5746270000100Z;SLAT ASSEMBLY NO. 7;REPAIR;;;;X;X;;;;;;;;;;;;;;;;;;;;;;;;X;X;;;;;;;;;;;;;;;;;;;;;;;;;;;;;;;;;;;;;;;;;;;;;;;;;;;;;;;;;;;;;;;;;;;;X;;;X;
F5746270000200Z;F5746270000200Z;SLAT ASSEMBLY NO. 7;REPAIR;;;;X;X;;;;;;;;;;;;;;;;;;;;;;;;X;X;;;;;;;;;;;;;;;;;;;;;;;;;;;;;;;;;;;;;;;;;;;;;;;;;;;;;;;;;;;;;;;;;;;;X;;;X;
F5746270000300Z;F5746270000300Z;SLAT ASSEMBLY NO. 7;REPAIR;;;;X;X;;;;;;;;;;;;;;;;;;;;;;;;X;X;;;;;;;;;;;;;;;;;;;;;;;;;;;;;;;;;;;;;;;;;;;;;;;;;;;;;;;;;;;;;;;;;;;;X;;;X;
F5746278800000A;F5746278800000A;SLAT ASSEMBLY NO. 7;REPAIR;;;;X;X;;;;;;;;;;;;;;;;;;;;;;;;X;X;;;;;;;;;;;;;;;;;;;;;;;;;;;;;;;;;;;;;;;;;;;;;;;;;;;;;;;;;;;;;;;;;;;;X;;;X;
F5746278800100A;F5746278800100A;SLAT ASSEMBLY NO. 7;REPAIR;;;;X;X;;;;;;;;;;;;;;;;;;;;;;;;X;X;;;;;;;;;;;;;;;;;;;;;;;;;;;;;;;;;;;;;;;;;;;;;;;;;;;;;;;;;;;;;;;;;;;;X;;;X;
F5746278800200A;F5746278800200A;SLAT ASSEMBLY NO. 7;REPAIR;;;;X;X;;;;;;;;;;;;;;;;;;;;;;;;X;X;;;;;;;;;;;;;;;;;;;;;;;;;;;;;;;;;;;;;;;;;;;;;;;;;;;;;;;;;;;;;;;;;;;;X;;;X;
F5746278800300A;F5746278800300A;SLAT ASSEMBLY NO. 7;REPAIR;;;;X;X;;;;;;;;;;;;;;;;;;;;;;;;X;X;;;;;;;;;;;;;;;;;;;;;;;;;;;;;;;;;;;;;;;;;;;;;;;;;;;;;;;;;;;;;;;;;;;;X;;;X;
F5746279800000Z;F5746279800000Z;SLAT ASSEMBLY NO. 7;REPAIR;;;;X;X;;;;;;;;;;;;;;;;;;;;;;;;X;X;;;;;;;;;;;;;;;;;;;;;;;;;;;;;;;;;;;;;;;;;;;;;;;;;;;;;;;;;;;;;;;;;;;;X;;;X;
F5746279800100Z;F5746279800100Z;SLAT ASSEMBLY NO. 7;REPAIR;;;;X;X;;;;;;;;;;;;;;;;;;;;;;;;X;X;;;;;;;;;;;;;;;;;;;;;;;;;;;;;;;;;;;;;;;;;;;;;;;;;;;;;;;;;;;;;;;;;;;;X;;;X;
F5746279800200L;F5746279800200L;SLAT ASSEMBLY NO. 7;REPAIR;;;;X;X;;;;;;;;;;;;;;;;;;;;;;;;X;X;;;;;;;;;;;;;;;;;;;;;;;;;;;;;;;;;;;;;;;;;;;;;;;;;;;;;;;;;;;;;;;;;;;;X;;;X;
F5746279800200P;F5746279800200P;SLAT ASSEMBLY NO. 7;REPAIR;;;;X;X;;;;;;;;;;;;;;;;;;;;;;;;X;X;;;;;;;;;;;;;;;;;;;;;;;;;;;;;;;;;;;;;;;;;;;;;;;;;;;;;;;;;;;;;;;;;;;;X;;;X;
F5746279800200R;F5746279800200R;SLAT ASSEMBLY NO. 7;REPAIR;;;;X;X;;;;;;;;;;;;;;;;;;;;;;;;X;X;;;;;;;;;;;;;;;;;;;;;;;;;;;;;;;;;;;;;;;;;;;;;;;;;;;;;;;;;;;;;;;;;;;;X;;;X;
F5746279800200Z;F5746279800200Z;SLAT ASSEMBLY NO. 7;REPAIR;;;;X;X;;;;;;;;;;;;;;;;;;;;;;;;X;X;;;;;;;;;;;;;;;;;;;;;;;;;;;;;;;;;;;;;;;;;;;;;;;;;;;;;;;;;;;;;;;;;;;;X;;;X;
F5746279800300L;F5746279800300L;SLAT ASSEMBLY NO. 7;REPAIR;;;;X;X;;;;;;;;;;;;;;;;;;;;;;;;X;X;;;;;;;;;;;;;;;;;;;;;;;;;;;;;;;;;;;;;;;;;;;;;;;;;;;;;;;;;;;;;;;;;;;;X;;;X;
F5746279800300P;F5746279800300P;SLAT ASSEMBLY NO. 7;REPAIR;;;;X;X;;;;;;;;;;;;;;;;;;;;;;;;X;X;;;;;;;;;;;;;;;;;;;;;;;;;;;;;;;;;;;;;;;;;;;;;;;;;;;;;;;;;;;;;;;;;;;;X;;;X;
F5746279800300R;F5746279800300R;SLAT ASSEMBLY NO. 7;REPAIR;;;;X;X;;;;;;;;;;;;;;;;;;;;;;;;X;X;;;;;;;;;;;;;;;;;;;;;;;;;;;;;;;;;;;;;;;;;;;;;;;;;;;;;;;;;;;;;;;;;;;;X;;;X;
F5746279800300Z;F5746279800300Z;SLAT ASSEMBLY NO. 7;REPAIR;;;;X;X;;;;;;;;;;;;;;;;;;;;;;;;X;X;;;;;;;;;;;;;;;;;;;;;;;;;;;;;;;;;;;;;;;;;;;;;;;;;;;;;;;;;;;;;;;;;;;;X;;;X;
F5746279800400K;F5746279800400K;SLAT ASSEMBLY NO. 7;REPAIR;;;;X;X;;;;;;;;;;;;;;;;;;;;;;;;X;X;;;;;;;;;;;;;;;;;;;;;;;;;;;;;;;;;;;;;;;;;;;;;;;;;;;;;;;;;;;;;;;;;;;;X;;;X;
F5746279800400R;F5746279800400R;SLAT ASSEMBLY NO. 7;REPAIR;;;;X;X;;;;;;;;;;;;;;;;;;;;;;;;X;X;;;;;;;;;;;;;;;;;;;;;;;;;;;;;;;;;;;;;;;;;;;;;;;;;;;;;;;;;;;;;;;;;;;;X;;;X;
F5746279800400Z;F5746279800400Z;SLAT ASSEMBLY NO. 7;REPAIR;;;;X;X;;;;;;;;;;;;;;;;;;;;;;;;X;X;;;;;;;;;;;;;;;;;;;;;;;;;;;;;;;;;;;;;;;;;;;;;;;;;;;;;;;;;;;;;;;;;;;;X;;;X;
F5746279800500K;F5746279800500K;SLAT ASSEMBLY NO. 7;REPAIR;;;;X;X;;;;;;;;;;;;;;;;;;;;;;;;X;X;;;;;;;;;;;;;;;;;;;;;;;;;;;;;;;;;;;;;;;;;;;;;;;;;;;;;;;;;;;;;;;;;;;;X;;;X;
F5746279800500R;F5746279800500R;SLAT ASSEMBLY NO. 7;REPAIR;;;;X;X;;;;;;;;;;;;;;;;;;;;;;;;X;X;;;;;;;;;;;;;;;;;;;;;;;;;;;;;;;;;;;;;;;;;;;;;;;;;;;;;;;;;;;;;;;;;;;;X;;;X;
F5746279800500Z;F5746279800500Z;SLAT ASSEMBLY NO. 7;REPAIR;;;;X;X;;;;;;;;;;;;;;;;;;;;;;;;X;X;;;;;;;;;;;;;;;;;;;;;;;;;;;;;;;;;;;;;;;;;;;;;;;;;;;;;;;;;;;;;;;;;;;;X;;;X;
F5746279800600R;F5746279800600R;SLAT ASSEMBLY NO. 7;REPAIR;;;;X;X;;;;;;;;;;;;;;;;;;;;;;;;X;X;;;;;;;;;;;;;;;;;;;;;;;;;;;;;;;;;;;;;;;;;;;;;;;;;;;;;;;;;;;;;;;;;;;;X;;;X;
F5746279800600Z;F5746279800600Z;SLAT ASSEMBLY NO. 7;REPAIR;;;;X;X;;;;;;;;;;;;;;;;;;;;;;;;X;X;;;;;;;;;;;;;;;;;;;;;;;;;;;;;;;;;;;;;;;;;;;;;;;;;;;;;;;;;;;;;;;;;;;;X;;;X;
F5746279800700R;F5746279800700R;SLAT ASSEMBLY NO. 7;REPAIR;;;;X;X;;;;;;;;;;;;;;;;;;;;;;;;X;X;;;;;;;;;;;;;;;;;;;;;;;;;;;;;;;;;;;;;;;;;;;;;;;;;;;;;;;;;;;;;;;;;;;;X;;;X;
F5746279800700Z;F5746279800700Z;SLAT ASSEMBLY NO. 7;REPAIR;;;;X;X;;;;;;;;;;;;;;;;;;;;;;;;X;X;;;;;;;;;;;;;;;;;;;;;;;;;;;;;;;;;;;;;;;;;;;;;;;;;;;;;;;;;;;;;;;;;;;;X;;;X;
F5746279800800Z;F5746279800800Z;SLAT ASSEMBLY NO. 7;REPAIR;;;;X;X;;;;;;;;;;;;;;;;;;;;;;;;X;X;;;;;;;;;;;;;;;;;;;;;;;;;;;;;;;;;;;;;;;;;;;;;;;;;;;;;;;;;;;;;;;;;;;;X;;;X;
F5746279800900Z;F5746279800900Z;SLAT ASSEMBLY NO. 7;REPAIR;;;;X;X;;;;;;;;;;;;;;;;;;;;;;;;X;X;;;;;;;;;;;;;;;;;;;;;;;;;;;;;;;;;;;;;;;;;;;;;;;;;;;;;;;;;;;;;;;;;;;;X;;;X;
F5746279801000A;F5746279801000A;SLAT ASSEMBLY NO. 7;REPAIR;;;;X;X;;;;;;;;;;;;;;;;;;;;;;;;X;X;;;;;;;;;;;;;;;;;;;;;;;;;;;;;;;;;;;;;;;;;;;;;;;;;;;;;;;;;;;;;;;;;;;;X;;;X;
F5746279801100Z;F5746279801100Z;SLAT ASSEMBLY NO. 7;REPAIR;;;;X;X;;;;;;;;;;;;;;;;;;;;;;;;X;X;;;;;;;;;;;;;;;;;;;;;;;;;;;;;;;;;;;;;;;;;;;;;;;;;;;;;;;;;;;;;;;;;;;;X;;;X;
F5746279801200A;F5746279801200A;SLAT ASSEMBLY NO. 7;REPAIR;;;;X;X;;;;;;;;;;;;;;;;;;;;;;;;X;X;;;;;;;;;;;;;;;;;;;;;;;;;;;;;;;;;;;;;;;;;;;;;;;;;;;;;;;;;;;;;;;;;;;;X;;;X;
F5746279801300A;F5746279801300A;SLAT ASSEMBLY NO. 7;REPAIR;;;;X;X;;;;;;;;;;;;;;;;;;;;;;;;X;X;;;;;;;;;;;;;;;;;;;;;;;;;;;;;;;;;;;;;;;;;;;;;;;;;;;;;;;;;;;;;;;;;;;;X;;;X;
F5746280000000P;F5746280000000P;SLAT ASSEMBLY NO. 1;REPAIR;;;;X;X;;;;;;;;;;;;;;;;;;;;;;;;X;X;;;;;;;;;;;;;;;;;;;;;;;;;;;;;;;;;;;;;;;;;;;;;;;;;;;;;;;;;;;;;;;;;;;;X;;;X;
F5746280000000R;F5746280000000R;SLAT ASSEMBLY NO. 1;REPAIR;;;;X;X;;;;;;;;;;;;;;;;;;;;;;;;X;X;;;;;;;;;;;;;;;;;;;;;;;;;;;;;;;;;;;;;;;;;;;;;;;;;;;;;;;;;;;;;;;;;;;;X;;;X;
F5746280000000Z;F5746280000000Z;SLAT ASSEMBLY NO. 1;REPAIR;;;;X;X;;;;;;;;;;;;;;;;;;;;;;;;X;X;;;;;;;;;;;;;;;;;;;;;;;;;;;;;;;;;;;;;;;;;;;;;;;;;;;;;;;;;;;;;;;;;;;;X;;;X;
F5746280000100P;F5746280000100P;SLAT ASSEMBLY NO. 1;REPAIR;;;;X;X;;;;;;;;;;;;;;;;;;;;;;;;X;X;;;;;;;;;;;;;;;;;;;;;;;;;;;;;;;;;;;;;;;;;;;;;;;;;;;;;;;;;;;;;;;;;;;;X;;;X;
F5746280000100R;F5746280000100R;SLAT ASSEMBLY NO. 1;REPAIR;;;;X;X;;;;;;;;;;;;;;;;;;;;;;;;X;X;;;;;;;;;;;;;;;;;;;;;;;;;;;;;;;;;;;;;;;;;;;;;;;;;;;;;;;;;;;;;;;;;;;;X;;;X;
F5746280000100Z;F5746280000100Z;SLAT ASSEMBLY NO. 1;REPAIR;;;;X;X;;;;;;;;;;;;;;;;;;;;;;;;X;X;;;;;;;;;;;;;;;;;;;;;;;;;;;;;;;;;;;;;;;;;;;;;;;;;;;;;;;;;;;;;;;;;;;;X;;;X;
F5746280000200Z;F5746280000200Z;SLAT ASSEMBLY NO. 1;REPAIR;;;;X;X;;;;;;;;;;;;;;;;;;;;;;;;X;X;;;;;;;;;;;;;;;;;;;;;;;;;;;;;;;;;;;;;;;;;;;;;;;;;;;;;;;;;;;;;;;;;;;;X;;;X;
F5746280000300Z;F5746280000300Z;SLAT ASSEMBLY NO. 1;REPAIR;;;;X;X;;;;;;;;;;;;;;;;;;;;;;;;X;X;;;;;;;;;;;;;;;;;;;;;;;;;;;;;;;;;;;;;;;;;;;;;;;;;;;;;;;;;;;;;;;;;;;;X;;;X;
F5746340000000Z;F5746340000000Z;SLAT ASSEMBLY NO. 4;REPAIR;;;;X;X;;;;;;;;;;;;;;;;;;;;;;;;X;X;;;;;;;;;;;;;;;;;;;;;;;;;;;;;;;;;;;;;;;;;;;;;;;;;;;;;;;;;;;;;;;;;;;;X;;;X;
F5746340000100Z;F5746340000100Z;SLAT ASSEMBLY NO. 4;REPAIR;;;;X;X;;;;;;;;;;;;;;;;;;;;;;;;X;X;;;;;;;;;;;;;;;;;;;;;;;;;;;;;;;;;;;;;;;;;;;;;;;;;;;;;;;;;;;;;;;;;;;;X;;;X;
F5746347800000K;F5746347800000K;SLAT ASSEMBLY NO. 4;REPAIR;;;;X;X;;;;;;;;;;;;;;;;;;;;;;;;X;X;;;;;;;;;;;;;;;;;;;;;;;;;;;;;;;;;;;;;;;;;;;;;;;;;;;;;;;;;;;;;;;;;;;;X;;;X;
F5746347800000L;F5746347800000L;SLAT ASSEMBLY NO. 4;REPAIR;;;;X;X;;;;;;;;;;;;;;;;;;;;;;;;X;X;;;;;;;;;;;;;;;;;;;;;;;;;;;;;;;;;;;;;;;;;;;;;;;;;;;;;;;;;;;;;;;;;;;;X;;;X;
F5746347800000Z;F5746347800000Z;SLAT ASSEMBLY NO. 4;REPAIR;;;;X;X;;;;;;;;;;;;;;;;;;;;;;;;X;X;;;;;;;;;;;;;;;;;;;;;;;;;;;;;;;;;;;;;;;;;;;;;;;;;;;;;;;;;;;;;;;;;;;;X;;;X;
F5746347800100K;F5746347800100K;SLAT ASSEMBLY NO. 4;REPAIR;;;;X;X;;;;;;;;;;;;;;;;;;;;;;;;X;X;;;;;;;;;;;;;;;;;;;;;;;;;;;;;;;;;;;;;;;;;;;;;;;;;;;;;;;;;;;;;;;;;;;;X;;;X;
F5746347800100L;F5746347800100L;SLAT ASSEMBLY NO. 4;REPAIR;;;;X;X;;;;;;;;;;;;;;;;;;;;;;;;X;X;;;;;;;;;;;;;;;;;;;;;;;;;;;;;;;;;;;;;;;;;;;;;;;;;;;;;;;;;;;;;;;;;;;;X;;;X;
F5746347800100Z;F5746347800100Z;SLAT ASSEMBLY NO. 4;REPAIR;;;;X;X;;;;;;;;;;;;;;;;;;;;;;;;X;X;;;;;;;;;;;;;;;;;;;;;;;;;;;;;;;;;;;;;;;;;;;;;;;;;;;;;;;;;;;;;;;;;;;;X;;;X;
F5746347800200K;F5746347800200K;SLAT ASSEMBLY NO. 4;REPAIR;;;;X;X;;;;;;;;;;;;;;;;;;;;;;;;X;X;;;;;;;;;;;;;;;;;;;;;;;;;;;;;;;;;;;;;;;;;;;;;;;;;;;;;;;;;;;;;;;;;;;;X;;;X;
F5746347800200Z;F5746347800200Z;SLAT ASSEMBLY NO. 4;REPAIR;;;;X;X;;;;;;;;;;;;;;;;;;;;;;;;X;X;;;;;;;;;;;;;;;;;;;;;;;;;;;;;;;;;;;;;;;;;;;;;;;;;;;;;;;;;;;;;;;;;;;;X;;;X;
F5746347800300Z;F5746347800300Z;SLAT ASSEMBLY NO. 4;REPAIR;;;;X;X;;;;;;;;;;;;;;;;;;;;;;;;X;X;;;;;;;;;;;;;;;;;;;;;;;;;;;;;;;;;;;;;;;;;;;;;;;;;;;;;;;;;;;;;;;;;;;;X;;;X;
F5746347800300Z;F5746347800300Z;SLAT ASSEMBLY NO. 4;REPAIR;;;;X;X;;;;;;;;;;;;;;;;;;;;;;;;X;X;;;;;;;;;;;;;;;;;;;;;;;;;;;;;;;;;;;;;;;;;;;;;;;;;;;;;;;;;;;;;;;;;;;;X;;;X;
F5746347800400Z;F5746347800400Z;SLAT ASSEMBLY NO. 4;REPAIR;;;;X;X;;;;;;;;;;;;;;;;;;;;;;;;X;X;;;;;;;;;;;;;;;;;;;;;;;;;;;;;;;;;;;;;;;;;;;;;;;;;;;;;;;;;;;;;;;;;;;;X;;;X;
F5746347800500Z;F5746347800500Z;SLAT ASSEMBLY NO. 4;REPAIR;;;;X;X;;;;;;;;;;;;;;;;;;;;;;;;X;X;;;;;;;;;;;;;;;;;;;;;;;;;;;;;;;;;;;;;;;;;;;;;;;;;;;;;;;;;;;;;;;;;;;;X;;;X;
F5746347800600Z;F5746347800600Z;SLAT ASSEMBLY NO. 4;REPAIR;;;;X;X;;;;;;;;;;;;;;;;;;;;;;;;X;X;;;;;;;;;;;;;;;;;;;;;;;;;;;;;;;;;;;;;;;;;;;;;;;;;;;;;;;;;;;;;;;;;;;;X;;;X;
F5746347800700Z;F5746347800700Z;SLAT ASSEMBLY NO. 4;REPAIR;;;;X;X;;;;;;;;;;;;;;;;;;;;;;;;X;X;;;;;;;;;;;;;;;;;;;;;;;;;;;;;;;;;;;;;;;;;;;;;;;;;;;;;;;;;;;;;;;;;;;;X;;;X;
F5746347800800A;F5746347800800A;SLAT ASSEMBLY NO. 4;REPAIR;;;;X;X;;;;;;;;;;;;;;;;;;;;;;;;X;X;;;;;;;;;;;;;;;;;;;;;;;;;;;;;;;;;;;;;;;;;;;;;;;;;;;;;;;;;;;;;;;;;;;;X;;;X;
F5746347800800Z;F5746347800800Z;SLAT ASSEMBLY NO. 4;REPAIR;;;;X;X;;;;;;;;;;;;;;;;;;;;;;;;X;X;;;;;;;;;;;;;;;;;;;;;;;;;;;;;;;;;;;;;;;;;;;;;;;;;;;;;;;;;;;;;;;;;;;;X;;;X;
F5746347800900A;F5746347800900A;SLAT ASSEMBLY NO. 4;REPAIR;;;;X;X;;;;;;;;;;;;;;;;;;;;;;;;X;X;;;;;;;;;;;;;;;;;;;;;;;;;;;;;;;;;;;;;;;;;;;;;;;;;;;;;;;;;;;;;;;;;;;;X;;;X;
F5746347800900Z;F5746347800900Z;SLAT ASSEMBLY NO. 4;REPAIR;;;;X;X;;;;;;;;;;;;;;;;;;;;;;;;X;X;;;;;;;;;;;;;;;;;;;;;;;;;;;;;;;;;;;;;;;;;;;;;;;;;;;;;;;;;;;;;;;;;;;;X;;;X;
F5746347801000A;F5746347801000A;SLAT ASSEMBLY NO. 4;REPAIR;;;;X;X;;;;;;;;;;;;;;;;;;;;;;;;X;X;;;;;;;;;;;;;;;;;;;;;;;;;;;;;;;;;;;;;;;;;;;;;;;;;;;;;;;;;;;;;;;;;;;;X;;;X;
F5746347801100A;F5746347801100A;SLAT ASSEMBLY NO. 4;REPAIR;;;;X;X;;;;;;;;;;;;;;;;;;;;;;;;X;X;;;;;;;;;;;;;;;;;;;;;;;;;;;;;;;;;;;;;;;;;;;;;;;;;;;;;;;;;;;;;;;;;;;;X;;;X;
F5746347801200A;F5746347801200A;SLAT ASSEMBLY NO. 4;REPAIR;;;;X;X;;;;;;;;;;;;;;;;;;;;;;;;X;X;;;;;;;;;;;;;;;;;;;;;;;;;;;;;;;;;;;;;;;;;;;;;;;;;;;;;;;;;;;;;;;;;;;;X;;;X;
F5746347801300A;F5746347801300A;SLAT ASSEMBLY NO. 4;REPAIR;;;;X;X;;;;;;;;;;;;;;;;;;;;;;;;X;X;;;;;;;;;;;;;;;;;;;;;;;;;;;;;;;;;;;;;;;;;;;;;;;;;;;;;;;;;;;;;;;;;;;;X;;;X;
F5746349500000Z;F5746349500000Z;SLAT ASSEMBLY NO. 4;REPAIR;;;;X;X;;;;;;;;;;;;;;;;;;;;;;;;X;X;;;;;;;;;;;;;;;;;;;;;;;;;;;;;;;;;;;;;;;;;;;;;;;;;;;;;;;;;;;;;;;;;;;;X;;;X;
F5746349500100Z;F5746349500100Z;SLAT ASSEMBLY NO. 4;REPAIR;;;;X;X;;;;;;;;;;;;;;;;;;;;;;;;X;X;;;;;;;;;;;;;;;;;;;;;;;;;;;;;;;;;;;;;;;;;;;;;;;;;;;;;;;;;;;;;;;;;;;;X;;;X;
F5746349500200Z;F5746349500200Z;SLAT ASSEMBLY NO. 4;REPAIR;;;;X;X;;;;;;;;;;;;;;;;;;;;;;;;X;X;;;;;;;;;;;;;;;;;;;;;;;;;;;;;;;;;;;;;;;;;;;;;;;;;;;;;;;;;;;;;;;;;;;;X;;;X;
F5746349500300Z;F5746349500300Z;SLAT ASSEMBLY NO. 4;REPAIR;;;;X;X;;;;;;;;;;;;;;;;;;;;;;;;X;X;;;;;;;;;;;;;;;;;;;;;;;;;;;;;;;;;;;;;;;;;;;;;;;;;;;;;;;;;;;;;;;;;;;;X;;;X;
F5746349800000Z;F5746349800000Z;SLAT ASSEMBLY NO. 4;REPAIR;;;;X;X;;;;;;;;;;;;;;;;;;;;;;;;X;X;;;;;;;;;;;;;;;;;;;;;;;;;;;;;;;;;;;;;;;;;;;;;;;;;;;;;;;;;;;;;;;;;;;;X;;;X;
F5746349800100Z;F5746349800100Z;SLAT ASSEMBLY NO. 4;REPAIR;;;;X;X;;;;;;;;;;;;;;;;;;;;;;;;X;X;;;;;;;;;;;;;;;;;;;;;;;;;;;;;;;;;;;;;;;;;;;;;;;;;;;;;;;;;;;;;;;;;;;;X;;;X;
F5746350000000Z;F5746350000000Z;SLAT ASSEMBLY NO. 5;REPAIR;;;;X;X;;;;;;;;;;;;;;;;;;;;;;;;X;X;;;;;;;;;;;;;;;;;;;;;;;;;;;;;;;;;;;;;;;;;;;;;;;;;;;;;;;;;;;;;;;;;;;;X;;;X;
F5746350000100Z;F5746350000100Z;SLAT ASSEMBLY NO. 5;REPAIR;;;;X;X;;;;;;;;;;;;;;;;;;;;;;;;X;X;;;;;;;;;;;;;;;;;;;;;;;;;;;;;;;;;;;;;;;;;;;;;;;;;;;;;;;;;;;;;;;;;;;;X;;;X;
F5746350000200Z;F5746350000200Z;SLAT ASSEMBLY NO. 5;REPAIR;;;;X;X;;;;;;;;;;;;;;;;;;;;;;;;X;X;;;;;;;;;;;;;;;;;;;;;;;;;;;;;;;;;;;;;;;;;;;;;;;;;;;;;;;;;;;;;;;;;;;;X;;;X;
F5746350000300Z;F5746350000300Z;SLAT ASSEMBLY NO. 5;REPAIR;;;;X;X;;;;;;;;;;;;;;;;;;;;;;;;X;X;;;;;;;;;;;;;;;;;;;;;;;;;;;;;;;;;;;;;;;;;;;;;;;;;;;;;;;;;;;;;;;;;;;;X;;;X;
F5746357800000K;F5746357800000K;SLAT ASSEMBLY NO. 5;REPAIR;;;;X;X;;;;;;;;;;;;;;;;;;;;;;;;X;X;;;;;;;;;;;;;;;;;;;;;;;;;;;;;;;;;;;;;;;;;;;;;;;;;;;;;;;;;;;;;;;;;;;;X;;;X;
F5746357800000L;F5746357800000L;SLAT ASSEMBLY NO. 5;REPAIR;;;;X;X;;;;;;;;;;;;;;;;;;;;;;;;X;X;;;;;;;;;;;;;;;;;;;;;;;;;;;;;;;;;;;;;;;;;;;;;;;;;;;;;;;;;;;;;;;;;;;;X;;;X;
F5746357800000Z;F5746357800000Z;SLAT ASSEMBLY NO. 5;REPAIR;;;;X;X;;;;;;;;;;;;;;;;;;;;;;;;X;X;;;;;;;;;;;;;;;;;;;;;;;;;;;;;;;;;;;;;;;;;;;;;;;;;;;;;;;;;;;;;;;;;;;;X;;;X;
F5746357800100A;F5746357800100A;SLAT ASSEMBLY NO. 5;REPAIR;;;;X;X;;;;;;;;;;;;;;;;;;;;;;;;X;X;;;;;;;;;;;;;;;;;;;;;;;;;;;;;;;;;;;;;;;;;;;;;;;;;;;;;;;;;;;;;;;;;;;;X;;;X;
F5746357800100K;F5746357800100K;SLAT ASSEMBLY NO. 5;REPAIR;;;;X;X;;;;;;;;;;;;;;;;;;;;;;;;X;X;;;;;;;;;;;;;;;;;;;;;;;;;;;;;;;;;;;;;;;;;;;;;;;;;;;;;;;;;;;;;;;;;;;;X;;;X;
F5746357800100L;F5746357800100L;SLAT ASSEMBLY NO. 5;REPAIR;;;;X;X;;;;;;;;;;;;;;;;;;;;;;;;X;X;;;;;;;;;;;;;;;;;;;;;;;;;;;;;;;;;;;;;;;;;;;;;;;;;;;;;;;;;;;;;;;;;;;;X;;;X;
F5746357800100Z;F5746357800100Z;SLAT ASSEMBLY NO. 5;REPAIR;;;;X;X;;;;;;;;;;;;;;;;;;;;;;;;X;X;;;;;;;;;;;;;;;;;;;;;;;;;;;;;;;;;;;;;;;;;;;;;;;;;;;;;;;;;;;;;;;;;;;;X;;;X;
F5746357800200K;F5746357800200K;SLAT ASSEMBLY NO. 5;REPAIR;;;;X;X;;;;;;;;;;;;;;;;;;;;;;;;X;X;;;;;;;;;;;;;;;;;;;;;;;;;;;;;;;;;;;;;;;;;;;;;;;;;;;;;;;;;;;;;;;;;;;;X;;;X;
F5746357800200Z;F5746357800200Z;SLAT ASSEMBLY NO. 5;REPAIR;;;;X;X;;;;;;;;;;;;;;;;;;;;;;;;X;X;;;;;;;;;;;;;;;;;;;;;;;;;;;;;;;;;;;;;;;;;;;;;;;;;;;;;;;;;;;;;;;;;;;;X;;;X;
F5746357800300K;F5746357800300K;SLAT ASSEMBLY NO. 5;REPAIR;;;;X;X;;;;;;;;;;;;;;;;;;;;;;;;X;X;;;;;;;;;;;;;;;;;;;;;;;;;;;;;;;;;;;;;;;;;;;;;;;;;;;;;;;;;;;;;;;;;;;;X;;;X;
F5746357800300Z;F5746357800300Z;SLAT ASSEMBLY NO. 5;REPAIR;;;;X;X;;;;;;;;;;;;;;;;;;;;;;;;X;X;;;;;;;;;;;;;;;;;;;;;;;;;;;;;;;;;;;;;;;;;;;;;;;;;;;;;;;;;;;;;;;;;;;;X;;;X;
F5746357800400Z;F5746357800400Z;SLAT ASSEMBLY NO. 5;REPAIR;;;;X;X;;;;;;;;;;;;;;;;;;;;;;;;X;X;;;;;;;;;;;;;;;;;;;;;;;;;;;;;;;;;;;;;;;;;;;;;;;;;;;;;;;;;;;;;;;;;;;;X;;;X;
F5746357800500Z;F5746357800500Z;SLAT ASSEMBLY NO. 5;REPAIR;;;;X;X;;;;;;;;;;;;;;;;;;;;;;;;X;X;;;;;;;;;;;;;;;;;;;;;;;;;;;;;;;;;;;;;;;;;;;;;;;;;;;;;;;;;;;;;;;;;;;;X;;;X;
F5746357800600Z;F5746357800600Z;SLAT ASSEMBLY NO. 5;REPAIR;;;;X;X;;;;;;;;;;;;;;;;;;;;;;;;X;X;;;;;;;;;;;;;;;;;;;;;;;;;;;;;;;;;;;;;;;;;;;;;;;;;;;;;;;;;;;;;;;;;;;;X;;;X;
F5746357800700Z;F5746357800700Z;SLAT ASSEMBLY NO. 5;REPAIR;;;;X;X;;;;;;;;;;;;;;;;;;;;;;;;X;X;;;;;;;;;;;;;;;;;;;;;;;;;;;;;;;;;;;;;;;;;;;;;;;;;;;;;;;;;;;;;;;;;;;;X;;;X;
F5746357800800A;F5746357800800A;SLAT ASSEMBLY NO. 5;REPAIR;;;;X;X;;;;;;;;;;;;;;;;;;;;;;;;X;X;;;;;;;;;;;;;;;;;;;;;;;;;;;;;;;;;;;;;;;;;;;;;;;;;;;;;;;;;;;;;;;;;;;;X;;;X;
F5746357800800Z;F5746357800800Z;SLAT ASSEMBLY NO. 5;REPAIR;;;;X;X;;;;;;;;;;;;;;;;;;;;;;;;X;X;;;;;;;;;;;;;;;;;;;;;;;;;;;;;;;;;;;;;;;;;;;;;;;;;;;;;;;;;;;;;;;;;;;;X;;;X;
F5746357800900A;F5746357800900A;SLAT ASSEMBLY NO. 5;REPAIR;;;;X;X;;;;;;;;;;;;;;;;;;;;;;;;X;X;;;;;;;;;;;;;;;;;;;;;;;;;;;;;;;;;;;;;;;;;;;;;;;;;;;;;;;;;;;;;;;;;;;;X;;;X;
F5746357800900Z;F5746357800900Z;SLAT ASSEMBLY NO. 5;REPAIR;;;;X;X;;;;;;;;;;;;;;;;;;;;;;;;X;X;;;;;;;;;;;;;;;;;;;;;;;;;;;;;;;;;;;;;;;;;;;;;;;;;;;;;;;;;;;;;;;;;;;;X;;;X;
F5746357801100A;F5746357801100A;SLAT ASSEMBLY NO. 5;REPAIR;;;;X;X;;;;;;;;;;;;;;;;;;;;;;;;X;X;;;;;;;;;;;;;;;;;;;;;;;;;;;;;;;;;;;;;;;;;;;;;;;;;;;;;;;;;;;;;;;;;;;;X;;;X;
F5746358800000A;F5746358800000A;SLAT ASSEMBLY NO. 5;REPAIR;;;;X;X;;;;;;;;;;;;;;;;;;;;;;;;X;X;;;;;;;;;;;;;;;;;;;;;;;;;;;;;;;;;;;;;;;;;;;;;;;;;;;;;;;;;;;;;;;;;;;;X;;;X;
F5746358800100A;F5746358800100A;SLAT ASSEMBLY NO. 5;REPAIR;;;;X;X;;;;;;;;;;;;;;;;;;;;;;;;X;X;;;;;;;;;;;;;;;;;;;;;;;;;;;;;;;;;;;;;;;;;;;;;;;;;;;;;;;;;;;;;;;;;;;;X;;;X;
F5746358800200A;F5746358800200A;SLAT ASSEMBLY NO. 5;REPAIR;;;;X;X;;;;;;;;;;;;;;;;;;;;;;;;X;X;;;;;;;;;;;;;;;;;;;;;;;;;;;;;;;;;;;;;;;;;;;;;;;;;;;;;;;;;;;;;;;;;;;;X;;;X;
F5746358800300A;F5746358800300A;SLAT ASSEMBLY NO. 5;REPAIR;;;;X;X;;;;;;;;;;;;;;;;;;;;;;;;X;X;;;;;;;;;;;;;;;;;;;;;;;;;;;;;;;;;;;;;;;;;;;;;;;;;;;;;;;;;;;;;;;;;;;;X;;;X;
F5746359500000A;F5746359500000A;SLAT ASSEMBLY NO. 5;REPAIR;;;;X;X;;;;;;;;;;;;;;;;;;;;;;;;X;X;;;;;;;;;;;;;;;;;;;;;;;;;;;;;;;;;;;;;;;;;;;;;;;;;;;;;;;;;;;;;;;;;;;;X;;;X;
F5746359500000Z;F5746359500000Z;SLAT ASSEMBLY NO. 5;REPAIR;;;;X;X;;;;;;;;;;;;;;;;;;;;;;;;X;X;;;;;;;;;;;;;;;;;;;;;;;;;;;;;;;;;;;;;;;;;;;;;;;;;;;;;;;;;;;;;;;;;;;;X;;;X;
F5746359500100Z;F5746359500100Z;SLAT ASSEMBLY NO. 5;REPAIR;;;;X;X;;;;;;;;;;;;;;;;;;;;;;;;X;X;;;;;;;;;;;;;;;;;;;;;;;;;;;;;;;;;;;;;;;;;;;;;;;;;;;;;;;;;;;;;;;;;;;;X;;;X;
F5746359500200Z;F5746359500200Z;SLAT ASSEMBLY NO. 5;REPAIR;;;;X;X;;;;;;;;;;;;;;;;;;;;;;;;X;X;;;;;;;;;;;;;;;;;;;;;;;;;;;;;;;;;;;;;;;;;;;;;;;;;;;;;;;;;;;;;;;;;;;;X;;;X;
F5746359500300Z;F5746359500300Z;SLAT ASSEMBLY NO. 5;REPAIR;;;;X;X;;;;;;;;;;;;;;;;;;;;;;;;X;X;;;;;;;;;;;;;;;;;;;;;;;;;;;;;;;;;;;;;;;;;;;;;;;;;;;;;;;;;;;;;;;;;;;;X;;;X;
F5746411100400;F5746411100400;TRACK ASSY - Nø 11;BENCH TEST;;;;X;X;X;X;X;;;;;;;;;;;;;X;;;;;;;;X;;;;;;;;;;;;;;;;;;;;;;;;;;;;;;;;;;;;;;;;;;;;;;;;;;;;;;;;;;;;;;;;;;;;;X;;;X;
F5746520000000A;F5746520000000A;SLAT ASSEMBLY NO. 2;REPAIR;;;;X;X;;;;;;;;;;;;;;;;;;;;;;;;X;X;;;;;;;;;;;;;;;;;;;;;;;;;;;;;;;;;;;;;;;;;;;;;;;;;;;;;;;;;;;;;;;;;;;;X;;;X;
F5746520000000A;F5746520000000A;SLAT ASSEMBLY NO. 2;REPAIR;;;;X;X;;;;;;;;;;;;;;;;;;;;;;;;X;X;;;;;;;;;;;;;;;;;;;;;;;;;;;;;;;;;;;;;;;;;;;;;;;;;;;;;;;;;;;;;;;;;;;;X;;;X;
F5746520000100A;F5746520000100A;SLAT ASSEMBLY NO. 2;REPAIR;;;;X;X;;;;;;;;;;;;;;;;;;;;;;;;X;X;;;;;;;;;;;;;;;;;;;;;;;;;;;;;;;;;;;;;;;;;;;;;;;;;;;;;;;;;;;;;;;;;;;;X;;;X;
F5746520000100A;F5746520000100A;SLAT ASSEMBLY NO. 2;REPAIR;;;;X;X;;;;;;;;;;;;;;;;;;;;;;;;X;X;;;;;;;;;;;;;;;;;;;;;;;;;;;;;;;;;;;;;;;;;;;;;;;;;;;;;;;;;;;;;;;;;;;;X;;;X;
F5746520000200A;F5746520000200A;SLAT ASSEMBLY NO. 2;REPAIR;;;;X;X;;;;;;;;;;;;;;;;;;;;;;;;X;X;;;;;;;;;;;;;;;;;;;;;;;;;;;;;;;;;;;;;;;;;;;;;;;;;;;;;;;;;;;;;;;;;;;;X;;;X;
F5746520000200A;F5746520000200A;SLAT ASSEMBLY NO. 2;REPAIR;;;;X;X;;;;;;;;;;;;;;;;;;;;;;;;X;X;;;;;;;;;;;;;;;;;;;;;;;;;;;;;;;;;;;;;;;;;;;;;;;;;;;;;;;;;;;;;;;;;;;;X;;;X;
F5746520000300A;F5746520000300A;SLAT ASSEMBLY NO. 2;REPAIR;;;;X;X;;;;;;;;;;;;;;;;;;;;;;;;X;X;;;;;;;;;;;;;;;;;;;;;;;;;;;;;;;;;;;;;;;;;;;;;;;;;;;;;;;;;;;;;;;;;;;;X;;;X;
F5746520000300A;F5746520000300A;SLAT ASSEMBLY NO. 2;REPAIR;;;;X;X;;;;;;;;;;;;;;;;;;;;;;;;X;X;;;;;;;;;;;;;;;;;;;;;;;;;;;;;;;;;;;;;;;;;;;;;;;;;;;;;;;;;;;;;;;;;;;;X;;;X;
F5746520000400A;F5746520000400A;SLAT ASSEMBLY NO. 2;REPAIR;;;;X;X;;;;;;;;;;;;;;;;;;;;;;;;X;X;;;;;;;;;;;;;;;;;;;;;;;;;;;;;;;;;;;;;;;;;;;;;;;;;;;;;;;;;;;;;;;;;;;;X;;;X;
F5746520000400A;F5746520000400A;SLAT ASSEMBLY NO. 2;REPAIR;;;;X;X;;;;;;;;;;;;;;;;;;;;;;;;X;X;;;;;;;;;;;;;;;;;;;;;;;;;;;;;;;;;;;;;;;;;;;;;;;;;;;;;;;;;;;;;;;;;;;;X;;;X;
F5746520000500A;F5746520000500A;SLAT ASSEMBLY NO. 2;REPAIR;;;;X;X;;;;;;;;;;;;;;;;;;;;;;;;X;X;;;;;;;;;;;;;;;;;;;;;;;;;;;;;;;;;;;;;;;;;;;;;;;;;;;;;;;;;;;;;;;;;;;;X;;;X;
F5746520000500A;F5746520000500A;SLAT ASSEMBLY NO. 2;REPAIR;;;;X;X;;;;;;;;;;;;;;;;;;;;;;;;X;X;;;;;;;;;;;;;;;;;;;;;;;;;;;;;;;;;;;;;;;;;;;;;;;;;;;;;;;;;;;;;;;;;;;;X;;;X;
F5746520000600A;F5746520000600A;SLAT ASSEMBLY NO. 2;REPAIR;;;;X;X;;;;;;;;;;;;;;;;;;;;;;;;X;X;;;;;;;;;;;;;;;;;;;;;;;;;;;;;;;;;;;;;;;;;;;;;;;;;;;;;;;;;;;;;;;;;;;;X;;;X;
F5746520000600A;F5746520000600A;SLAT ASSEMBLY NO. 2;REPAIR;;;;X;X;;;;;;;;;;;;;;;;;;;;;;;;X;X;;;;;;;;;;;;;;;;;;;;;;;;;;;;;;;;;;;;;;;;;;;;;;;;;;;;;;;;;;;;;;;;;;;;X;;;X;
F5746520000700A;F5746520000700A;SLAT ASSEMBLY NO. 2;REPAIR;;;;X;X;;;;;;;;;;;;;;;;;;;;;;;;X;X;;;;;;;;;;;;;;;;;;;;;;;;;;;;;;;;;;;;;;;;;;;;;;;;;;;;;;;;;;;;;;;;;;;;X;;;X;
F5746520000700A;F5746520000700A;SLAT ASSEMBLY NO. 2;REPAIR;;;;X;X;;;;;;;;;;;;;;;;;;;;;;;;X;X;;;;;;;;;;;;;;;;;;;;;;;;;;;;;;;;;;;;;;;;;;;;;;;;;;;;;;;;;;;;;;;;;;;;X;;;X;
F5746520000800A;F5746520000800A;SLAT ASSEMBLY NO. 2;REPAIR;;;;X;X;;;;;;;;;;;;;;;;;;;;;;;;X;X;;;;;;;;;;;;;;;;;;;;;;;;;;;;;;;;;;;;;;;;;;;;;;;;;;;;;;;;;;;;;;;;;;;;X;;;X;
F5746520000800A;F5746520000800A;SLAT ASSEMBLY NO. 2;REPAIR;;;;X;X;;;;;;;;;;;;;;;;;;;;;;;;X;X;;;;;;;;;;;;;;;;;;;;;;;;;;;;;;;;;;;;;;;;;;;;;;;;;;;;;;;;;;;;;;;;;;;;X;;;X;
F5746520000900A;F5746520000900A;SLAT ASSEMBLY NO. 2;REPAIR;;;;X;X;;;;;;;;;;;;;;;;;;;;;;;;X;X;;;;;;;;;;;;;;;;;;;;;;;;;;;;;;;;;;;;;;;;;;;;;;;;;;;;;;;;;;;;;;;;;;;;X;;;X;
F5746520000900A;F5746520000900A;SLAT ASSEMBLY NO. 2;REPAIR;;;;X;X;;;;;;;;;;;;;;;;;;;;;;;;X;X;;;;;;;;;;;;;;;;;;;;;;;;;;;;;;;;;;;;;;;;;;;;;;;;;;;;;;;;;;;;;;;;;;;;X;;;X;
F5746520001000A;F5746520001000A;SLAT ASSEMBLY NO. 2;REPAIR;;;;X;X;;;;;;;;;;;;;;;;;;;;;;;;X;X;;;;;;;;;;;;;;;;;;;;;;;;;;;;;;;;;;;;;;;;;;;;;;;;;;;;;;;;;;;;;;;;;;;;X;;;X;
F5746520001000A;F5746520001000A;SLAT ASSEMBLY NO. 2;REPAIR;;;;X;X;;;;;;;;;;;;;;;;;;;;;;;;X;X;;;;;;;;;;;;;;;;;;;;;;;;;;;;;;;;;;;;;;;;;;;;;;;;;;;;;;;;;;;;;;;;;;;;X;;;X;
F5746520001100A;F5746520001100A;SLAT ASSEMBLY NO. 2;REPAIR;;;;X;X;;;;;;;;;;;;;;;;;;;;;;;;X;X;;;;;;;;;;;;;;;;;;;;;;;;;;;;;;;;;;;;;;;;;;;;;;;;;;;;;;;;;;;;;;;;;;;;X;;;X;
F5746520001100A;F5746520001100A;SLAT ASSEMBLY NO. 2;REPAIR;;;;X;X;;;;;;;;;;;;;;;;;;;;;;;;X;X;;;;;;;;;;;;;;;;;;;;;;;;;;;;;;;;;;;;;;;;;;;;;;;;;;;;;;;;;;;;;;;;;;;;X;;;X;
F5746530000000A;F5746530000000A;SLAT ASSEMBLY NO. 3;REPAIR;;;;X;X;;;;;;;;;;;;;;;;;;;;;;;;X;X;;;;;;;;;;;;;;;;;;;;;;;;;;;;;;;;;;;;;;;;;;;;;;;;;;;;;;;;;;;;;;;;;;;;X;;;X;
F5746530000100A;F5746530000100A;SLAT ASSEMBLY NO. 3;REPAIR;;;;X;X;;;;;;;;;;;;;;;;;;;;;;;;X;X;;;;;;;;;;;;;;;;;;;;;;;;;;;;;;;;;;;;;;;;;;;;;;;;;;;;;;;;;;;;;;;;;;;;X;;;X;
F5746530000200A;F5746530000200A;SLAT ASSEMBLY NO. 3;REPAIR;;;;X;X;;;;;;;;;;;;;;;;;;;;;;;;X;X;;;;;;;;;;;;;;;;;;;;;;;;;;;;;;;;;;;;;;;;;;;;;;;;;;;;;;;;;;;;;;;;;;;;X;;;X;
F5746530000300A;F5746530000300A;SLAT ASSEMBLY NO. 3;REPAIR;;;;X;X;;;;;;;;;;;;;;;;;;;;;;;;X;X;;;;;;;;;;;;;;;;;;;;;;;;;;;;;;;;;;;;;;;;;;;;;;;;;;;;;;;;;;;;;;;;;;;;X;;;X;
F5746530000400A;F5746530000400A;SLAT ASSEMBLY NO. 3;REPAIR;;;;X;X;;;;;;;;;;;;;;;;;;;;;;;;X;X;;;;;;;;;;;;;;;;;;;;;;;;;;;;;;;;;;;;;;;;;;;;;;;;;;;;;;;;;;;;;;;;;;;;X;;;X;
F5746530000500A;F5746530000500A;SLAT ASSEMBLY NO. 3;REPAIR;;;;X;X;;;;;;;;;;;;;;;;;;;;;;;;X;X;;;;;;;;;;;;;;;;;;;;;;;;;;;;;;;;;;;;;;;;;;;;;;;;;;;;;;;;;;;;;;;;;;;;X;;;X;
F5746530000600A;F5746530000600A;SLAT ASSEMBLY NO. 3;REPAIR;;;;X;X;;;;;;;;;;;;;;;;;;;;;;;;X;X;;;;;;;;;;;;;;;;;;;;;;;;;;;;;;;;;;;;;;;;;;;;;;;;;;;;;;;;;;;;;;;;;;;;X;;;X;
F5746530000700A;F5746530000700A;SLAT ASSEMBLY NO. 3;REPAIR;;;;X;X;;;;;;;;;;;;;;;;;;;;;;;;X;X;;;;;;;;;;;;;;;;;;;;;;;;;;;;;;;;;;;;;;;;;;;;;;;;;;;;;;;;;;;;;;;;;;;;X;;;X;
F5746530000800A;F5746530000800A;SLAT ASSEMBLY NO. 3;REPAIR;;;;X;X;;;;;;;;;;;;;;;;;;;;;;;;X;X;;;;;;;;;;;;;;;;;;;;;;;;;;;;;;;;;;;;;;;;;;;;;;;;;;;;;;;;;;;;;;;;;;;;X;;;X;
F5746530000900A;F5746530000900A;SLAT ASSEMBLY NO. 3;REPAIR;;;;X;X;;;;;;;;;;;;;;;;;;;;;;;;X;X;;;;;;;;;;;;;;;;;;;;;;;;;;;;;;;;;;;;;;;;;;;;;;;;;;;;;;;;;;;;;;;;;;;;X;;;X;
F5746539800000A;F5746539800000A;SLAT ASSEMBLY NO. 3;REPAIR;;;;X;X;;;;;;;;;;;;;;;;;;;;;;;;X;X;;;;;;;;;;;;;;;;;;;;;;;;;;;;;;;;;;;;;;;;;;;;;;;;;;;;;;;;;;;;;;;;;;;;X;;;X;
F5746539800100A;F5746539800100A;SLAT ASSEMBLY NO. 3;REPAIR;;;;X;X;;;;;;;;;;;;;;;;;;;;;;;;X;X;;;;;;;;;;;;;;;;;;;;;;;;;;;;;;;;;;;;;;;;;;;;;;;;;;;;;;;;;;;;;;;;;;;;X;;;X;
F5746539800400A;F5746539800400A;SLAT ASSEMBLY NO. 3;REPAIR;;;;X;X;;;;;;;;;;;;;;;;;;;;;;;;X;X;;;;;;;;;;;;;;;;;;;;;;;;;;;;;;;;;;;;;;;;;;;;;;;;;;;;;;;;;;;;;;;;;;;;X;;;X;
F5746539800500A;F5746539800500A;SLAT ASSEMBLY NO. 3;REPAIR;;;;X;X;;;;;;;;;;;;;;;;;;;;;;;;X;X;;;;;;;;;;;;;;;;;;;;;;;;;;;;;;;;;;;;;;;;;;;;;;;;;;;;;;;;;;;;;;;;;;;;X;;;X;
F5746540000000A;F5746540000000A;SLAT ASSEMBLY NO. 4;REPAIR;;;;X;X;;;;;;;;;;;;;;;;;;;;;;;;X;X;;;;;;;;;;;;;;;;;;;;;;;;;;;;;;;;;;;;;;;;;;;;;;;;;;;;;;;;;;;;;;;;;;;;X;;;X;
F5746540000100A;F5746540000100A;SLAT ASSEMBLY NO. 4;REPAIR;;;;X;X;;;;;;;;;;;;;;;;;;;;;;;;X;X;;;;;;;;;;;;;;;;;;;;;;;;;;;;;;;;;;;;;;;;;;;;;;;;;;;;;;;;;;;;;;;;;;;;X;;;X;
F5746540000200A;F5746540000200A;SLAT ASSEMBLY NO. 4;REPAIR;;;;X;X;;;;;;;;;;;;;;;;;;;;;;;;X;X;;;;;;;;;;;;;;;;;;;;;;;;;;;;;;;;;;;;;;;;;;;;;;;;;;;;;;;;;;;;;;;;;;;;X;;;X;
F5746540000300A;F5746540000300A;SLAT ASSEMBLY NO. 4;REPAIR;;;;X;X;;;;;;;;;;;;;;;;;;;;;;;;X;X;;;;;;;;;;;;;;;;;;;;;;;;;;;;;;;;;;;;;;;;;;;;;;;;;;;;;;;;;;;;;;;;;;;;X;;;X;
F5746540000400A;F5746540000400A;SLAT ASSEMBLY NO. 4;REPAIR;;;;X;X;;;;;;;;;;;;;;;;;;;;;;;;X;X;;;;;;;;;;;;;;;;;;;;;;;;;;;;;;;;;;;;;;;;;;;;;;;;;;;;;;;;;;;;;;;;;;;;X;;;X;
F5746540000500A;F5746540000500A;SLAT ASSEMBLY NO. 4;REPAIR;;;;X;X;;;;;;;;;;;;;;;;;;;;;;;;X;X;;;;;;;;;;;;;;;;;;;;;;;;;;;;;;;;;;;;;;;;;;;;;;;;;;;;;;;;;;;;;;;;;;;;X;;;X;
F5746540000600A;F5746540000600A;SLAT ASSEMBLY NO. 4;REPAIR;;;;X;X;;;;;;;;;;;;;;;;;;;;;;;;X;X;;;;;;;;;;;;;;;;;;;;;;;;;;;;;;;;;;;;;;;;;;;;;;;;;;;;;;;;;;;;;;;;;;;;X;;;X;
F5746540000700A;F5746540000700A;SLAT ASSEMBLY NO. 4;REPAIR;;;;X;X;;;;;;;;;;;;;;;;;;;;;;;;X;X;;;;;;;;;;;;;;;;;;;;;;;;;;;;;;;;;;;;;;;;;;;;;;;;;;;;;;;;;;;;;;;;;;;;X;;;X;
F5746540000800A;F5746540000800A;SLAT ASSEMBLY NO. 4;REPAIR;;;;X;X;;;;;;;;;;;;;;;;;;;;;;;;X;X;;;;;;;;;;;;;;;;;;;;;;;;;;;;;;;;;;;;;;;;;;;;;;;;;;;;;;;;;;;;;;;;;;;;X;;;X;
F5746540000900A;F5746540000900A;SLAT ASSEMBLY NO. 4;REPAIR;;;;X;X;;;;;;;;;;;;;;;;;;;;;;;;X;X;;;;;;;;;;;;;;;;;;;;;;;;;;;;;;;;;;;;;;;;;;;;;;;;;;;;;;;;;;;;;;;;;;;;X;;;X;
F5746549800000A;F5746549800000A;SLAT ASSEMBLY NO. 4;REPAIR;;;;X;X;;;;;;;;;;;;;;;;;;;;;;;;X;X;;;;;;;;;;;;;;;;;;;;;;;;;;;;;;;;;;;;;;;;;;;;;;;;;;;;;;;;;;;;;;;;;;;;X;;;X;
F5746549800100A;F5746549800100A;SLAT ASSEMBLY NO. 4;REPAIR;;;;X;X;;;;;;;;;;;;;;;;;;;;;;;;X;X;;;;;;;;;;;;;;;;;;;;;;;;;;;;;;;;;;;;;;;;;;;;;;;;;;;;;;;;;;;;;;;;;;;;X;;;X;
F5746549800400A;F5746549800400A;SLAT ASSEMBLY NO. 4;REPAIR;;;;X;X;;;;;;;;;;;;;;;;;;;;;;;;X;X;;;;;;;;;;;;;;;;;;;;;;;;;;;;;;;;;;;;;;;;;;;;;;;;;;;;;;;;;;;;;;;;;;;;X;;;X;
F5746549800500A;F5746549800500A;SLAT ASSEMBLY NO. 4;REPAIR;;;;X;X;;;;;;;;;;;;;;;;;;;;;;;;X;X;;;;;;;;;;;;;;;;;;;;;;;;;;;;;;;;;;;;;;;;;;;;;;;;;;;;;;;;;;;;;;;;;;;;X;;;X;
F5746550000000A;F5746550000000A;SLAT ASSEMBLY NO. 5;REPAIR;;;;X;X;;;;;;;;;;;;;;;;;;;;;;;;X;X;;;;;;;;;;;;;;;;;;;;;;;;;;;;;;;;;;;;;;;;;;;;;;;;;;;;;;;;;;;;;;;;;;;;X;;;X;
F5746550000100A;F5746550000100A;SLAT ASSEMBLY NO. 5;REPAIR;;;;X;X;;;;;;;;;;;;;;;;;;;;;;;;X;X;;;;;;;;;;;;;;;;;;;;;;;;;;;;;;;;;;;;;;;;;;;;;;;;;;;;;;;;;;;;;;;;;;;;X;;;X;
F5746550000200A;F5746550000200A;SLAT ASSEMBLY NO. 5;REPAIR;;;;X;X;;;;;;;;;;;;;;;;;;;;;;;;X;X;;;;;;;;;;;;;;;;;;;;;;;;;;;;;;;;;;;;;;;;;;;;;;;;;;;;;;;;;;;;;;;;;;;;X;;;X;
F5746550000300A;F5746550000300A;SLAT ASSEMBLY NO. 5;REPAIR;;;;X;X;;;;;;;;;;;;;;;;;;;;;;;;X;X;;;;;;;;;;;;;;;;;;;;;;;;;;;;;;;;;;;;;;;;;;;;;;;;;;;;;;;;;;;;;;;;;;;;X;;;X;
F5746550000400A;F5746550000400A;SLAT ASSEMBLY NO. 5;REPAIR;;;;X;X;;;;;;;;;;;;;;;;;;;;;;;;X;X;;;;;;;;;;;;;;;;;;;;;;;;;;;;;;;;;;;;;;;;;;;;;;;;;;;;;;;;;;;;;;;;;;;;X;;;X;
F5746550000500A;F5746550000500A;SLAT ASSEMBLY NO. 5;REPAIR;;;;X;X;;;;;;;;;;;;;;;;;;;;;;;;X;X;;;;;;;;;;;;;;;;;;;;;;;;;;;;;;;;;;;;;;;;;;;;;;;;;;;;;;;;;;;;;;;;;;;;X;;;X;
F5746550000600A;F5746550000600A;SLAT ASSEMBLY NO. 5;REPAIR;;;;X;X;;;;;;;;;;;;;;;;;;;;;;;;X;X;;;;;;;;;;;;;;;;;;;;;;;;;;;;;;;;;;;;;;;;;;;;;;;;;;;;;;;;;;;;;;;;;;;;X;;;X;
F5746550000700A;F5746550000700A;SLAT ASSEMBLY NO. 5;REPAIR;;;;X;X;;;;;;;;;;;;;;;;;;;;;;;;X;X;;;;;;;;;;;;;;;;;;;;;;;;;;;;;;;;;;;;;;;;;;;;;;;;;;;;;;;;;;;;;;;;;;;;X;;;X;
F5746550001000A;F5746550001000A;SLAT ASSEMBLY NO. 5;REPAIR;;;;X;X;;;;;;;;;;;;;;;;;;;;;;;;X;X;;;;;;;;;;;;;;;;;;;;;;;;;;;;;;;;;;;;;;;;;;;;;;;;;;;;;;;;;;;;;;;;;;;;X;;;X;
F5746550001100A;F5746550001100A;SLAT ASSEMBLY NO. 5;REPAIR;;;;X;X;;;;;;;;;;;;;;;;;;;;;;;;X;X;;;;;;;;;;;;;;;;;;;;;;;;;;;;;;;;;;;;;;;;;;;;;;;;;;;;;;;;;;;;;;;;;;;;X;;;X;
F5746560000000A;F5746560000000A;SLAT ASSEMBLY NO. 6;REPAIR;;;;X;X;;;;;;;;;;;;;;;;;;;;;;;;X;X;;;;;;;;;;;;;;;;;;;;;;;;;;;;;;;;;;;;;;;;;;;;;;;;;;;;;;;;;;;;;;;;;;;;X;;;X;
F5746560000000A;F5746560000000A;SLAT ASSEMBLY NO. 6;REPAIR;;;;X;X;;;;;;;;;;;;;;;;;;;;;;;;X;X;;;;;;;;;;;;;;;;;;;;;;;;;;;;;;;;;;;;;;;;;;;;;;;;;;;;;;;;;;;;;;;;;;;;X;;;X;
F57465600001000A;F57465600001000A;SLAT ASSEMBLY NO. 6;REPAIR;;;;X;X;;;;;;;;;;;;;;;;;;;;;;;;X;X;;;;;;;;;;;;;;;;;;;;;;;;;;;;;;;;;;;;;;;;;;;;;;;;;;;;;;;;;;;;;;;;;;;;X;;;X;
F5746560000100A;F5746560000100A;SLAT ASSEMBLY NO. 6;REPAIR;;;;X;X;;;;;;;;;;;;;;;;;;;;;;;;X;X;;;;;;;;;;;;;;;;;;;;;;;;;;;;;;;;;;;;;;;;;;;;;;;;;;;;;;;;;;;;;;;;;;;;X;;;X;
F5746560000100A;F5746560000100A;SLAT ASSEMBLY NO. 6;REPAIR;;;;X;X;;;;;;;;;;;;;;;;;;;;;;;;X;X;;;;;;;;;;;;;;;;;;;;;;;;;;;;;;;;;;;;;;;;;;;;;;;;;;;;;;;;;;;;;;;;;;;;X;;;X;
F5746560000200A;F5746560000200A;SLAT ASSEMBLY NO. 6;REPAIR;;;;X;X;;;;;;;;;;;;;;;;;;;;;;;;X;X;;;;;;;;;;;;;;;;;;;;;;;;;;;;;;;;;;;;;;;;;;;;;;;;;;;;;;;;;;;;;;;;;;;;X;;;X;
F5746560000200A;F5746560000200A;SLAT ASSEMBLY NO. 6;REPAIR;;;;X;X;;;;;;;;;;;;;;;;;;;;;;;;X;X;;;;;;;;;;;;;;;;;;;;;;;;;;;;;;;;;;;;;;;;;;;;;;;;;;;;;;;;;;;;;;;;;;;;X;;;X;
F5746560000300A;F5746560000300A;SLAT ASSEMBLY NO. 6;REPAIR;;;;X;X;;;;;;;;;;;;;;;;;;;;;;;;X;X;;;;;;;;;;;;;;;;;;;;;;;;;;;;;;;;;;;;;;;;;;;;;;;;;;;;;;;;;;;;;;;;;;;;X;;;X;
F5746560000300A;F5746560000300A;SLAT ASSEMBLY NO. 6;REPAIR;;;;X;X;;;;;;;;;;;;;;;;;;;;;;;;X;X;;;;;;;;;;;;;;;;;;;;;;;;;;;;;;;;;;;;;;;;;;;;;;;;;;;;;;;;;;;;;;;;;;;;X;;;X;
F5746560000400A;F5746560000400A;SLAT ASSEMBLY NO. 6;REPAIR;;;;X;X;;;;;;;;;;;;;;;;;;;;;;;;X;X;;;;;;;;;;;;;;;;;;;;;;;;;;;;;;;;;;;;;;;;;;;;;;;;;;;;;;;;;;;;;;;;;;;;X;;;X;
F5746560000400A;F5746560000400A;SLAT ASSEMBLY NO. 6;REPAIR;;;;X;X;;;;;;;;;;;;;;;;;;;;;;;;X;X;;;;;;;;;;;;;;;;;;;;;;;;;;;;;;;;;;;;;;;;;;;;;;;;;;;;;;;;;;;;;;;;;;;;X;;;X;
F5746560000500A;F5746560000500A;SLAT ASSEMBLY NO. 6;REPAIR;;;;X;X;;;;;;;;;;;;;;;;;;;;;;;;X;X;;;;;;;;;;;;;;;;;;;;;;;;;;;;;;;;;;;;;;;;;;;;;;;;;;;;;;;;;;;;;;;;;;;;X;;;X;
F5746560000500A;F5746560000500A;SLAT ASSEMBLY NO. 6;REPAIR;;;;X;X;;;;;;;;;;;;;;;;;;;;;;;;X;X;;;;;;;;;;;;;;;;;;;;;;;;;;;;;;;;;;;;;;;;;;;;;;;;;;;;;;;;;;;;;;;;;;;;X;;;X;
F5746560000600A;F5746560000600A;SLAT ASSEMBLY NO. 6;REPAIR;;;;X;X;;;;;;;;;;;;;;;;;;;;;;;;X;X;;;;;;;;;;;;;;;;;;;;;;;;;;;;;;;;;;;;;;;;;;;;;;;;;;;;;;;;;;;;;;;;;;;;X;;;X;
F5746560000600A;F5746560000600A;SLAT ASSEMBLY NO. 6;REPAIR;;;;X;X;;;;;;;;;;;;;;;;;;;;;;;;X;X;;;;;;;;;;;;;;;;;;;;;;;;;;;;;;;;;;;;;;;;;;;;;;;;;;;;;;;;;;;;;;;;;;;;X;;;X;
F5746560000700A;F5746560000700A;SLAT ASSEMBLY NO. 6;REPAIR;;;;X;X;;;;;;;;;;;;;;;;;;;;;;;;X;X;;;;;;;;;;;;;;;;;;;;;;;;;;;;;;;;;;;;;;;;;;;;;;;;;;;;;;;;;;;;;;;;;;;;X;;;X;
F5746560001000A;F5746560001000A;SLAT ASSEMBLY NO. 6;REPAIR;;;;X;X;;;;;;;;;;;;;;;;;;;;;;;;X;X;;;;;;;;;;;;;;;;;;;;;;;;;;;;;;;;;;;;;;;;;;;;;;;;;;;;;;;;;;;;;;;;;;;;X;;;X;
F5746560001100A;F5746560001100A;SLAT ASSEMBLY NO. 6;REPAIR;;;;X;X;;;;;;;;;;;;;;;;;;;;;;;;X;X;;;;;;;;;;;;;;;;;;;;;;;;;;;;;;;;;;;;;;;;;;;;;;;;;;;;;;;;;;;;;;;;;;;;X;;;X;
F5746560001100A;F5746560001100A;SLAT ASSEMBLY NO. 6;REPAIR;;;;X;X;;;;;;;;;;;;;;;;;;;;;;;;X;X;;;;;;;;;;;;;;;;;;;;;;;;;;;;;;;;;;;;;;;;;;;;;;;;;;;;;;;;;;;;;;;;;;;;X;;;X;
F5746570000000A;F5746570000000A;SLAT ASSEMBLY NO. 7;REPAIR;;;;X;X;;;;;;;;;;;;;;;;;;;;;;;;X;X;;;;;;;;;;;;;;;;;;;;;;;;;;;;;;;;;;;;;;;;;;;;;;;;;;;;;;;;;;;;;;;;;;;;X;;;X;
F5746570000100A;F5746570000100A;SLAT ASSEMBLY NO. 7;REPAIR;;;;X;X;;;;;;;;;;;;;;;;;;;;;;;;X;X;;;;;;;;;;;;;;;;;;;;;;;;;;;;;;;;;;;;;;;;;;;;;;;;;;;;;;;;;;;;;;;;;;;;X;;;X;
F5746570000200A;F5746570000200A;SLAT ASSEMBLY NO. 7;REPAIR;;;;X;X;;;;;;;;;;;;;;;;;;;;;;;;X;X;;;;;;;;;;;;;;;;;;;;;;;;;;;;;;;;;;;;;;;;;;;;;;;;;;;;;;;;;;;;;;;;;;;;X;;;X;
F5746570000300A;F5746570000300A;SLAT ASSEMBLY NO. 7;REPAIR;;;;X;X;;;;;;;;;;;;;;;;;;;;;;;;X;X;;;;;;;;;;;;;;;;;;;;;;;;;;;;;;;;;;;;;;;;;;;;;;;;;;;;;;;;;;;;;;;;;;;;X;;;X;
F5746570000400A;F5746570000400A;SLAT ASSEMBLY NO. 7;REPAIR;;;;X;X;;;;;;;;;;;;;;;;;;;;;;;;X;X;;;;;;;;;;;;;;;;;;;;;;;;;;;;;;;;;;;;;;;;;;;;;;;;;;;;;;;;;;;;;;;;;;;;X;;;X;
F5746570000500A;F5746570000500A;SLAT ASSEMBLY NO. 7;REPAIR;;;;X;X;;;;;;;;;;;;;;;;;;;;;;;;X;X;;;;;;;;;;;;;;;;;;;;;;;;;;;;;;;;;;;;;;;;;;;;;;;;;;;;;;;;;;;;;;;;;;;;X;;;X;
F5746570000600A;F5746570000600A;SLAT ASSEMBLY NO. 7;REPAIR;;;;X;X;;;;;;;;;;;;;;;;;;;;;;;;X;X;;;;;;;;;;;;;;;;;;;;;;;;;;;;;;;;;;;;;;;;;;;;;;;;;;;;;;;;;;;;;;;;;;;;X;;;X;
F5746570000700A;F5746570000700A;SLAT ASSEMBLY NO. 7;REPAIR;;;;X;X;;;;;;;;;;;;;;;;;;;;;;;;X;X;;;;;;;;;;;;;;;;;;;;;;;;;;;;;;;;;;;;;;;;;;;;;;;;;;;;;;;;;;;;;;;;;;;;X;;;X;
F5746570000700A;F5746570000700A;SLAT ASSEMBLY NO. 7;REPAIR;;;;X;X;;;;;;;;;;;;;;;;;;;;;;;;X;X;;;;;;;;;;;;;;;;;;;;;;;;;;;;;;;;;;;;;;;;;;;;;;;;;;;;;;;;;;;;;;;;;;;;X;;;X;
F5746570000800A;F5746570000800A;SLAT ASSEMBLY NO. 7;REPAIR;;;;X;X;;;;;;;;;;;;;;;;;;;;;;;;X;X;;;;;;;;;;;;;;;;;;;;;;;;;;;;;;;;;;;;;;;;;;;;;;;;;;;;;;;;;;;;;;;;;;;;X;;;X;
F5746570000900A;F5746570000900A;SLAT ASSEMBLY NO. 7;REPAIR;;;;X;X;;;;;;;;;;;;;;;;;;;;;;;;X;X;;;;;;;;;;;;;;;;;;;;;;;;;;;;;;;;;;;;;;;;;;;;;;;;;;;;;;;;;;;;;;;;;;;;X;;;X;
F5746570001000A;F5746570001000A;SLAT ASSEMBLY NO. 7;REPAIR;;;;X;X;;;;;;;;;;;;;;;;;;;;;;;;X;X;;;;;;;;;;;;;;;;;;;;;;;;;;;;;;;;;;;;;;;;;;;;;;;;;;;;;;;;;;;;;;;;;;;;X;;;X;
F5746570001100A;F5746570001100A;SLAT ASSEMBLY NO. 7;REPAIR;;;;X;X;;;;;;;;;;;;;;;;;;;;;;;;X;X;;;;;;;;;;;;;;;;;;;;;;;;;;;;;;;;;;;;;;;;;;;;;;;;;;;;;;;;;;;;;;;;;;;;X;;;X;
F57465798000000A;F57465798000000A;SLAT ASSEMBLY NO. 7;REPAIR;;;;X;X;;;;;;;;;;;;;;;;;;;;;;;;X;X;;;;;;;;;;;;;;;;;;;;;;;;;;;;;;;;;;;;;;;;;;;;;;;;;;;;;;;;;;;;;;;;;;;;X;;;X;
F57465798000100A;F57465798000100A;SLAT ASSEMBLY NO. 7;REPAIR;;;;X;X;;;;;;;;;;;;;;;;;;;;;;;;X;X;;;;;;;;;;;;;;;;;;;;;;;;;;;;;;;;;;;;;;;;;;;;;;;;;;;;;;;;;;;;;;;;;;;;X;;;X;
F57465798000400A;F57465798000400A;SLAT ASSEMBLY NO. 7;REPAIR;;;;X;X;;;;;;;;;;;;;;;;;;;;;;;;X;X;;;;;;;;;;;;;;;;;;;;;;;;;;;;;;;;;;;;;;;;;;;;;;;;;;;;;;;;;;;;;;;;;;;;X;;;X;
F57465798000500A;F57465798000500A;SLAT ASSEMBLY NO. 7;REPAIR;;;;X;X;;;;;;;;;;;;;;;;;;;;;;;;X;X;;;;;;;;;;;;;;;;;;;;;;;;;;;;;;;;;;;;;;;;;;;;;;;;;;;;;;;;;;;;;;;;;;;;X;;;X;
F5750008500000;F5750008500000;FLAP ASSY - INBOARD;REPAIR;;;;X;X;;;;;;;;;;;;;;;;;;;;;;;;X;X;;;;;;;;;;;;;;;;;;;;;;;;;;;;;;;;;;;;;;;;;;;;;;;;;;;;;;;;;;;;;;;;;;;;X;;;X;
F57550652000001;F57550652000001;PANNEL N01;BENCH TEST;;;;X;X;X;X;;;;;;;;;;;;;;X;;;;;;;;;X;;;;;;;;;;;;;;;;;;;;;;;;;;;;;;;;;;;;;;;;;;;;;;;;;;;;;;;;;;;;;;;;;;;;X;;;X;
F57550658000001;F57550658000001;PANNEL N04;BENCH TEST;;;;X;X;X;X;;;;;;;;;;;;;;X;;;;;;;;;X;;;;;;;;;;;;;;;;;;;;;;;;;;;;;;;;;;;;;;;;;;;;;;;;;;;;;;;;;;;;;;;;;;;;X;;;X;
F57550660000001;F57550660000001;PANNEL N05;BENCH TEST;;;;X;X;X;X;;;;;;;;;;;;;;X;;;;;;;;;X;;;;;;;;;;;;;;;;;;;;;;;;;;;;;;;;;;;;;;;;;;;;;;;;;;;;;;;;;;;;;;;;;;;;X;;;X;
F5757020000000;F5757020000000;FLAP ASSY - INBOARD;REPAIR;;;;X;X;;;;;;;;;;;;;;;;;;;;;;;;X;X;;;;;;;;;;;;;;;;;;;;;;;;;;;;;;;;;;;;;;;;;;;;;;;;;;;;;;;;;;;;;;;;;;;;X;;;X;
F5757020000100;F5757020000100;FLAP ASSY - INBOARD;REPAIR;;;;X;X;;;;;;;;;;;;;;;;;;;;;;;;X;X;;;;;;;;;;;;;;;;;;;;;;;;;;;;;;;;;;;;;;;;;;;;;;;;;;;;;;;;;;;;;;;;;;;;X;;;X;
F5757020000200;F5757020000200;FLAP ASSY - INBOARD;REPAIR;;;;X;X;;;;;;;;;;;;;;;;;;;;;;;;X;X;;;;;;;;;;;;;;;;;;;;;;;;;;;;;;;;;;;;;;;;;;;;;;;;;;;;;;;;;;;;;;;;;;;;X;;;X;
F5757020000300;F5757020000300;FLAP ASSY - INBOARD;REPAIR;;;;X;X;;;;;;;;;;;;;;;;;;;;;;;;X;X;;;;;;;;;;;;;;;;;;;;;;;;;;;;;;;;;;;;;;;;;;;;;;;;;;;;;;;;;;;;;;;;;;;;X;;;X;
F5757020000400;F5757020000400;FLAP ASSY - INBOARD;REPAIR;;;;X;X;;;;;;;;;;;;;;;;;;;;;;;;X;X;;;;;;;;;;;;;;;;;;;;;;;;;;;;;;;;;;;;;;;;;;;;;;;;;;;;;;;;;;;;;;;;;;;;X;;;X;
F5757020000500;F5757020000500;FLAP ASSY - INBOARD;REPAIR;;;;X;X;;;;;;;;;;;;;;;;;;;;;;;;X;X;;;;;;;;;;;;;;;;;;;;;;;;;;;;;;;;;;;;;;;;;;;;;;;;;;;;;;;;;;;;;;;;;;;;X;;;X;
F5757020000600;F5757020000600;FLAP ASSY - INBOARD;REPAIR;;;;X;X;;;;;;;;;;;;;;;;;;;;;;;;X;X;;;;;;;;;;;;;;;;;;;;;;;;;;;;;;;;;;;;;;;;;;;;;;;;;;;;;;;;;;;;;;;;;;;;X;;;X;
F5757020000700;F5757020000700;FLAP ASSY - INBOARD;REPAIR;;;;X;X;;;;;;;;;;;;;;;;;;;;;;;;X;X;;;;;;;;;;;;;;;;;;;;;;;;;;;;;;;;;;;;;;;;;;;;;;;;;;;;;;;;;;;;;;;;;;;;X;;;X;
F5757020000800;F5757020000800;FLAP ASSY - INBOARD;REPAIR;;;;X;X;;;;;;;;;;;;;;;;;;;;;;;;X;X;;;;;;;;;;;;;;;;;;;;;;;;;;;;;;;;;;;;;;;;;;;;;;;;;;;;;;;;;;;;;;;;;;;;X;;;X;
F5757020000900;F5757020000900;FLAP ASSY - INBOARD;REPAIR;;;;X;X;;;;;;;;;;;;;;;;;;;;;;;;X;X;;;;;;;;;;;;;;;;;;;;;;;;;;;;;;;;;;;;;;;;;;;;;;;;;;;;;;;;;;;;;;;;;;;;X;;;X;
F5757020001000;F5757020001000;FLAP ASSY - INBOARD;REPAIR;;;;X;X;;;;;;;;;;;;;;;;;;;;;;;;X;X;;;;;;;;;;;;;;;;;;;;;;;;;;;;;;;;;;;;;;;;;;;;;;;;;;;;;;;;;;;;;;;;;;;;X;;;X;
F5757020001100;F5757020001100;FLAP ASSY - INBOARD;REPAIR;;;;X;X;;;;;;;;;;;;;;;;;;;;;;;;X;X;;;;;;;;;;;;;;;;;;;;;;;;;;;;;;;;;;;;;;;;;;;;;;;;;;;;;;;;;;;;;;;;;;;;X;;;X;
F5757020001200;F5757020001200;FLAP ASSY - INBOARD;REPAIR;;;;X;X;;;;;;;;;;;;;;;;;;;;;;;;X;X;;;;;;;;;;;;;;;;;;;;;;;;;;;;;;;;;;;;;;;;;;;;;;;;;;;;;;;;;;;;;;;;;;;;X;;;X;
F5757020001300;F5757020001300;FLAP ASSY - INBOARD;REPAIR;;;;X;X;;;;;;;;;;;;;;;;;;;;;;;;X;X;;;;;;;;;;;;;;;;;;;;;;;;;;;;;;;;;;;;;;;;;;;;;;;;;;;;;;;;;;;;;;;;;;;;X;;;X;
F5757020001400;F5757020001400;FLAP ASSY - INBOARD;REPAIR;;;;X;X;;;;;;;;;;;;;;;;;;;;;;;;X;X;;;;;;;;;;;;;;;;;;;;;;;;;;;;;;;;;;;;;;;;;;;;;;;;;;;;;;;;;;;;;;;;;;;;X;;;X;
F5757020001500;F5757020001500;FLAP ASSY - INBOARD;REPAIR;;;;X;X;;;;;;;;;;;;;;;;;;;;;;;;X;X;;;;;;;;;;;;;;;;;;;;;;;;;;;;;;;;;;;;;;;;;;;;;;;;;;;;;;;;;;;;;;;;;;;;X;;;X;
F5757020001600;F5757020001600;FLAP ASSY - INBOARD;REPAIR;;;;X;X;;;;;;;;;;;;;;;;;;;;;;;;X;X;;;;;;;;;;;;;;;;;;;;;;;;;;;;;;;;;;;;;;;;;;;;;;;;;;;;;;;;;;;;;;;;;;;;X;;;X;
F5757020001700;F5757020001700;FLAP ASSY - INBOARD;REPAIR;;;;X;X;;;;;;;;;;;;;;;;;;;;;;;;X;X;;;;;;;;;;;;;;;;;;;;;;;;;;;;;;;;;;;;;;;;;;;;;;;;;;;;;;;;;;;;;;;;;;;;X;;;X;
F5757020001800;F5757020001800;FLAP ASSY - INBOARD;REPAIR;;;;X;X;;;;;;;;;;;;;;;;;;;;;;;;X;X;;;;;;;;;;;;;;;;;;;;;;;;;;;;;;;;;;;;;;;;;;;;;;;;;;;;;;;;;;;;;;;;;;;;X;;;X;
F5757020001900;F5757020001900;FLAP ASSY - INBOARD;REPAIR;;;;X;X;;;;;;;;;;;;;;;;;;;;;;;;X;X;;;;;;;;;;;;;;;;;;;;;;;;;;;;;;;;;;;;;;;;;;;;;;;;;;;;;;;;;;;;;;;;;;;;X;;;X;
F5757020002000;F5757020002000;FLAP ASSY - INBOARD;REPAIR;;;;X;X;;;;;;;;;;;;;;;;;;;;;;;;X;X;;;;;;;;;;;;;;;;;;;;;;;;;;;;;;;;;;;;;;;;;;;;;;;;;;;;;;;;;;;;;;;;;;;;X;;;X;
F5757020002100;F5757020002100;FLAP ASSY - INBOARD;REPAIR;;;;X;X;;;;;;;;;;;;;;;;;;;;;;;;X;X;;;;;;;;;;;;;;;;;;;;;;;;;;;;;;;;;;;;;;;;;;;;;;;;;;;;;;;;;;;;;;;;;;;;X;;;X;
F5757020002200;F5757020002200;FLAP ASSY - INBOARD;REPAIR;;;;X;X;;;;;;;;;;;;;;;;;;;;;;;;X;X;;;;;;;;;;;;;;;;;;;;;;;;;;;;;;;;;;;;;;;;;;;;;;;;;;;;;;;;;;;;;;;;;;;;X;;;X;
F5757020002300;F5757020002300;FLAP ASSY - INBOARD;REPAIR;;;;X;X;;;;;;;;;;;;;;;;;;;;;;;;X;X;;;;;;;;;;;;;;;;;;;;;;;;;;;;;;;;;;;;;;;;;;;;;;;;;;;;;;;;;;;;;;;;;;;;X;;;X;
F5757020002400;F5757020002400;FLAP ASSY - INBOARD;REPAIR;;;;X;X;;;;;;;;;;;;;;;;;;;;;;;;X;X;;;;;;;;;;;;;;;;;;;;;;;;;;;;;;;;;;;;;;;;;;;;;;;;;;;;;;;;;;;;;;;;;;;;X;;;X;
F5757020002400;F5757020002400;FLAP ASSY - INBOARD;REPAIR;;;;X;X;;;;;;;;;;;;;;;;;;;;;;;;X;X;;;;;;;;;;;;;;;;;;;;;;;;;;;;;;;;;;;;;;;;;;;;;;;;;;;;;;;;;;;;;;;;;;;;X;;;X;
F5757020002500;F5757020002500;FLAP ASSY - INBOARD;REPAIR;;;;X;X;;;;;;;;;;;;;;;;;;;;;;;;X;X;;;;;;;;;;;;;;;;;;;;;;;;;;;;;;;;;;;;;;;;;;;;;;;;;;;;;;;;;;;;;;;;;;;;X;;;X;
F5757020002600;F5757020002600;FLAP ASSY - INBOARD;REPAIR;;;;X;X;;;;;;;;;;;;;;;;;;;;;;;;X;X;;;;;;;;;;;;;;;;;;;;;;;;;;;;;;;;;;;;;;;;;;;;;;;;;;;;;;;;;;;;;;;;;;;;X;;;X;
F5757020002700;F5757020002700;FLAP ASSY - INBOARD;REPAIR;;;;X;X;;;;;;;;;;;;;;;;;;;;;;;;X;X;;;;;;;;;;;;;;;;;;;;;;;;;;;;;;;;;;;;;;;;;;;;;;;;;;;;;;;;;;;;;;;;;;;;X;;;X;
F5757020002800;F5757020002800;FLAP ASSY - INBOARD;REPAIR;;;;X;X;;;;;;;;;;;;;;;;;;;;;;;;X;X;;;;;;;;;;;;;;;;;;;;;;;;;;;;;;;;;;;;;;;;;;;;;;;;;;;;;;;;;;;;;;;;;;;;X;;;X;
F5757020002900;F5757020002900;FLAP ASSY - INBOARD;REPAIR;;;;X;X;;;;;;;;;;;;;;;;;;;;;;;;X;X;;;;;;;;;;;;;;;;;;;;;;;;;;;;;;;;;;;;;;;;;;;;;;;;;;;;;;;;;;;;;;;;;;;;X;;;X;
F5757020003000;F5757020003000;FLAP ASSY - INBOARD;REPAIR;;;;X;X;;;;;;;;;;;;;;;;;;;;;;;;X;X;;;;;;;;;;;;;;;;;;;;;;;;;;;;;;;;;;;;;;;;;;;;;;;;;;;;;;;;;;;;;;;;;;;;X;;;X;
F5757020003100;F5757020003100;FLAP ASSY - INBOARD;REPAIR;;;;X;X;;;;;;;;;;;;;;;;;;;;;;;;X;X;;;;;;;;;;;;;;;;;;;;;;;;;;;;;;;;;;;;;;;;;;;;;;;;;;;;;;;;;;;;;;;;;;;;X;;;X;
F5757020003200;F5757020003200;FLAP ASSY - INBOARD;REPAIR;;;;X;X;;;;;;;;;;;;;;;;;;;;;;;;X;X;;;;;;;;;;;;;;;;;;;;;;;;;;;;;;;;;;;;;;;;;;;;;;;;;;;;;;;;;;;;;;;;;;;;X;;;X;
F5757020003300;F5757020003300;FLAP ASSY - INBOARD;REPAIR;;;;X;X;;;;;;;;;;;;;;;;;;;;;;;;X;X;;;;;;;;;;;;;;;;;;;;;;;;;;;;;;;;;;;;;;;;;;;;;;;;;;;;;;;;;;;;;;;;;;;;X;;;X;
F5757020003400;F5757020003400;FLAP ASSY - INBOARD;REPAIR;;;;X;X;;;;;;;;;;;;;;;;;;;;;;;;X;X;;;;;;;;;;;;;;;;;;;;;;;;;;;;;;;;;;;;;;;;;;;;;;;;;;;;;;;;;;;;;;;;;;;;X;;;X;
F5757020003500;F5757020003500;FLAP ASSY - INBOARD;REPAIR;;;;X;X;;;;;;;;;;;;;;;;;;;;;;;;X;X;;;;;;;;;;;;;;;;;;;;;;;;;;;;;;;;;;;;;;;;;;;;;;;;;;;;;;;;;;;;;;;;;;;;X;;;X;
F5757020003600;F5757020003600;FLAP ASSY - INBOARD;REPAIR;;;;X;X;;;;;;;;;;;;;;;;;;;;;;;;X;X;;;;;;;;;;;;;;;;;;;;;;;;;;;;;;;;;;;;;;;;;;;;;;;;;;;;;;;;;;;;;;;;;;;;X;;;X;
F5757020003700;F5757020003700;FLAP ASSY - INBOARD;REPAIR;;;;X;X;;;;;;;;;;;;;;;;;;;;;;;;X;X;;;;;;;;;;;;;;;;;;;;;;;;;;;;;;;;;;;;;;;;;;;;;;;;;;;;;;;;;;;;;;;;;;;;X;;;X;
F5757020003800;F5757020003800;FLAP ASSY - INBOARD;REPAIR;;;;X;X;;;;;;;;;;;;;;;;;;;;;;;;X;X;;;;;;;;;;;;;;;;;;;;;;;;;;;;;;;;;;;;;;;;;;;;;;;;;;;;;;;;;;;;;;;;;;;;X;;;X;
F5757020003900;F5757020003900;FLAP ASSY - INBOARD;REPAIR;;;;X;X;;;;;;;;;;;;;;;;;;;;;;;;X;X;;;;;;;;;;;;;;;;;;;;;;;;;;;;;;;;;;;;;;;;;;;;;;;;;;;;;;;;;;;;;;;;;;;;X;;;X;
F5757020004000;F5757020004000;FLAP ASSY - INBOARD;REPAIR;;;;X;X;;;;;;;;;;;;;;;;;;;;;;;;X;X;;;;;;;;;;;;;;;;;;;;;;;;;;;;;;;;;;;;;;;;;;;;;;;;;;;;;;;;;;;;;;;;;;;;X;;;X;
F5757020004200;F5757020004200;FLAP ASSY - INBOARD;REPAIR;;;;X;X;;;;;;;;;;;;;;;;;;;;;;;;X;X;;;;;;;;;;;;;;;;;;;;;;;;;;;;;;;;;;;;;;;;;;;;;;;;;;;;;;;;;;;;;;;;;;;;X;;;X;
F5757020004300;F5757020004300;FLAP ASSY - INBOARD;REPAIR;;;;X;X;;;;;;;;;;;;;;;;;;;;;;;;X;X;;;;;;;;;;;;;;;;;;;;;;;;;;;;;;;;;;;;;;;;;;;;;;;;;;;;;;;;;;;;;;;;;;;;X;;;X;
F5757020004400;F5757020004400;FLAP ASSY - INBOARD;REPAIR;;;;X;X;;;;;;;;;;;;;;;;;;;;;;;;X;X;;;;;;;;;;;;;;;;;;;;;;;;;;;;;;;;;;;;;;;;;;;;;;;;;;;;;;;;;;;;;;;;;;;;X;;;X;
F5757020004500;F5757020004500;FLAP ASSY - INBOARD;REPAIR;;;;X;X;;;;;;;;;;;;;;;;;;;;;;;;X;X;;;;;;;;;;;;;;;;;;;;;;;;;;;;;;;;;;;;;;;;;;;;;;;;;;;;;;;;;;;;;;;;;;;;X;;;X;
F5757120000800;F5757120000800;FLAP ASSY - OUTBOARD;REPAIR;;;;X;X;;;;;;;;;;;;;;;;;;;;;;;;X;X;;;;;;;;;;;;;;;;;;;;;;;;;;;;;;;;;;;;;;;;;;;;;;;;;;;;;;;;;;;;;;;;;;;;X;;;X;
F5757120000900;F5757120000900;FLAP ASSY - OUTBOARD;REPAIR;;;;X;X;;;;;;;;;;;;;;;;;;;;;;;;X;X;;;;;;;;;;;;;;;;;;;;;;;;;;;;;;;;;;;;;;;;;;;;;;;;;;;;;;;;;;;;;;;;;;;;X;;;X;
F5757120001000;F5757120001000;FLAP ASSY - OUTBOARD;REPAIR;;;;X;X;;;;;;;;;;;;;;;;;;;;;;;;X;X;;;;;;;;;;;;;;;;;;;;;;;;;;;;;;;;;;;;;;;;;;;;;;;;;;;;;;;;;;;;;;;;;;;;X;;;X;
F5757120001100;F5757120001100;FLAP ASSY - OUTBOARD;REPAIR;;;;X;X;;;;;;;;;;;;;;;;;;;;;;;;X;X;;;;;;;;;;;;;;;;;;;;;;;;;;;;;;;;;;;;;;;;;;;;;;;;;;;;;;;;;;;;;;;;;;;;X;;;X;
F5757120001200;F5757120001200;FLAP ASSY - OUTBOARD;REPAIR;;;;X;X;;;;;;;;;;;;;;;;;;;;;;;;X;X;;;;;;;;;;;;;;;;;;;;;;;;;;;;;;;;;;;;;;;;;;;;;;;;;;;;;;;;;;;;;;;;;;;;X;;;X;
F5757120001251;F5757120001251;FLAP ASSY - OUTBOARD;REPAIR;;;;X;X;;;;;;;;;;;;;;;;;;;;;;;;X;X;;;;;;;;;;;;;;;;;;;;;;;;;;;;;;;;;;;;;;;;;;;;;;;;;;;;;;;;;;;;;;;;;;;;X;;;X;
F5757120001252;F5757120001252;FLAP ASSY - OUTBOARD;REPAIR;;;;X;X;;;;;;;;;;;;;;;;;;;;;;;;X;X;;;;;;;;;;;;;;;;;;;;;;;;;;;;;;;;;;;;;;;;;;;;;;;;;;;;;;;;;;;;;;;;;;;;X;;;X;
F5757120001300;F5757120001300;FLAP ASSY - OUTBOARD;REPAIR;;;;X;X;;;;;;;;;;;;;;;;;;;;;;;;X;X;;;;;;;;;;;;;;;;;;;;;;;;;;;;;;;;;;;;;;;;;;;;;;;;;;;;;;;;;;;;;;;;;;;;X;;;X;
F5757120001351;F5757120001351;FLAP ASSY - OUTBOARD;REPAIR;;;;X;X;;;;;;;;;;;;;;;;;;;;;;;;X;X;;;;;;;;;;;;;;;;;;;;;;;;;;;;;;;;;;;;;;;;;;;;;;;;;;;;;;;;;;;;;;;;;;;;X;;;X;
F5757120001352;F5757120001352;FLAP ASSY - OUTBOARD;REPAIR;;;;X;X;;;;;;;;;;;;;;;;;;;;;;;;X;X;;;;;;;;;;;;;;;;;;;;;;;;;;;;;;;;;;;;;;;;;;;;;;;;;;;;;;;;;;;;;;;;;;;;X;;;X;
F5757120001400;F5757120001400;FLAP ASSY - OUTBOARD;REPAIR;;;;X;X;;;;;;;;;;;;;;;;;;;;;;;;X;X;;;;;;;;;;;;;;;;;;;;;;;;;;;;;;;;;;;;;;;;;;;;;;;;;;;;;;;;;;;;;;;;;;;;X;;;X;
F5757120001500;F5757120001500;FLAP ASSY - OUTBOARD;REPAIR;;;;X;X;;;;;;;;;;;;;;;;;;;;;;;;X;X;;;;;;;;;;;;;;;;;;;;;;;;;;;;;;;;;;;;;;;;;;;;;;;;;;;;;;;;;;;;;;;;;;;;X;;;X;
F5757120001600;F5757120001600;FLAP ASSY - OUTBOARD;REPAIR;;;;X;X;;;;;;;;;;;;;;;;;;;;;;;;X;X;;;;;;;;;;;;;;;;;;;;;;;;;;;;;;;;;;;;;;;;;;;;;;;;;;;;;;;;;;;;;;;;;;;;X;;;X;
F5757120001700;F5757120001700;FLAP ASSY - OUTBOARD;REPAIR;;;;X;X;;;;;;;;;;;;;;;;;;;;;;;;X;X;;;;;;;;;;;;;;;;;;;;;;;;;;;;;;;;;;;;;;;;;;;;;;;;;;;;;;;;;;;;;;;;;;;;X;;;X;
F5757120001800;F5757120001800;FLAP ASSY - OUTBOARD;REPAIR;;;;X;X;;;;;;;;;;;;;;;;;;;;;;;;X;X;;;;;;;;;;;;;;;;;;;;;;;;;;;;;;;;;;;;;;;;;;;;;;;;;;;;;;;;;;;;;;;;;;;;X;;;X;
F5757120001900;F5757120001900;FLAP ASSY - OUTBOARD;REPAIR;;;;X;X;;;;;;;;;;;;;;;;;;;;;;;;X;X;;;;;;;;;;;;;;;;;;;;;;;;;;;;;;;;;;;;;;;;;;;;;;;;;;;;;;;;;;;;;;;;;;;;X;;;X;
F5757120002000;F5757120002000;FLAP ASSY - OUTBOARD;REPAIR;;;;X;X;;;;;;;;;;;;;;;;;;;;;;;;X;X;;;;;;;;;;;;;;;;;;;;;;;;;;;;;;;;;;;;;;;;;;;;;;;;;;;;;;;;;;;;;;;;;;;;X;;;X;
F5757120002100;F5757120002100;FLAP ASSY - OUTBOARD;REPAIR;;;;X;X;;;;;;;;;;;;;;;;;;;;;;;;X;X;;;;;;;;;;;;;;;;;;;;;;;;;;;;;;;;;;;;;;;;;;;;;;;;;;;;;;;;;;;;;;;;;;;;X;;;X;
F5757120002400;F5757120002400;FLAP ASSY - OUTBOARD;REPAIR;;;;X;X;;;;;;;;;;;;;;;;;;;;;;;;X;X;;;;;;;;;;;;;;;;;;;;;;;;;;;;;;;;;;;;;;;;;;;;;;;;;;;;;;;;;;;;;;;;;;;;X;;;X;
F5757120002500;F5757120002500;FLAP ASSY - OUTBOARD;REPAIR;;;;X;X;;;;;;;;;;;;;;;;;;;;;;;;X;X;;;;;;;;;;;;;;;;;;;;;;;;;;;;;;;;;;;;;;;;;;;;;;;;;;;;;;;;;;;;;;;;;;;;X;;;X;
F5757120002600;F5757120002600;FLAP ASSY - OUTBOARD;REPAIR;;;;X;X;;;;;;;;;;;;;;;;;;;;;;;;X;X;;;;;;;;;;;;;;;;;;;;;;;;;;;;;;;;;;;;;;;;;;;;;;;;;;;;;;;;;;;;;;;;;;;;X;;;X;
F5757120002700;F5757120002700;FLAP ASSY - OUTBOARD;REPAIR;;;;X;X;;;;;;;;;;;;;;;;;;;;;;;;X;X;;;;;;;;;;;;;;;;;;;;;;;;;;;;;;;;;;;;;;;;;;;;;;;;;;;;;;;;;;;;;;;;;;;;X;;;X;
F5757120002800;F5757120002800;FLAP ASSY - OUTBOARD;REPAIR;;;;X;X;;;;;;;;;;;;;;;;;;;;;;;;X;X;;;;;;;;;;;;;;;;;;;;;;;;;;;;;;;;;;;;;;;;;;;;;;;;;;;;;;;;;;;;;;;;;;;;X;;;X;
F5757120002900;F5757120002900;FLAP ASSY - OUTBOARD;REPAIR;;;;X;X;;;;;;;;;;;;;;;;;;;;;;;;X;X;;;;;;;;;;;;;;;;;;;;;;;;;;;;;;;;;;;;;;;;;;;;;;;;;;;;;;;;;;;;;;;;;;;;X;;;X;
F5757120003000;F5757120003000;FLAP ASSY - OUTBOARD;REPAIR;;;;X;X;;;;;;;;;;;;;;;;;;;;;;;;X;X;;;;;;;;;;;;;;;;;;;;;;;;;;;;;;;;;;;;;;;;;;;;;;;;;;;;;;;;;;;;;;;;;;;;X;;;X;
F5757120003100;F5757120003100;FLAP ASSY - OUTBOARD;REPAIR;;;;X;X;;;;;;;;;;;;;;;;;;;;;;;;X;X;;;;;;;;;;;;;;;;;;;;;;;;;;;;;;;;;;;;;;;;;;;;;;;;;;;;;;;;;;;;;;;;;;;;X;;;X;
F5757120003200;F5757120003200;FLAP ASSY - OUTBOARD;REPAIR;;;;X;X;;;;;;;;;;;;;;;;;;;;;;;;X;X;;;;;;;;;;;;;;;;;;;;;;;;;;;;;;;;;;;;;;;;;;;;;;;;;;;;;;;;;;;;;;;;;;;;X;;;X;
F5757120003300;F5757120003300;FLAP ASSY - OUTBOARD;REPAIR;;;;X;X;;;;;;;;;;;;;;;;;;;;;;;;X;X;;;;;;;;;;;;;;;;;;;;;;;;;;;;;;;;;;;;;;;;;;;;;;;;;;;;;;;;;;;;;;;;;;;;X;;;X;
F5757120003400;F5757120003400;FLAP ASSY - OUTBOARD;REPAIR;;;;X;X;;;;;;;;;;;;;;;;;;;;;;;;X;X;;;;;;;;;;;;;;;;;;;;;;;;;;;;;;;;;;;;;;;;;;;;;;;;;;;;;;;;;;;;;;;;;;;;X;;;X;
F5757120003500;F5757120003500;FLAP ASSY - OUTBOARD;REPAIR;;;;X;X;;;;;;;;;;;;;;;;;;;;;;;;X;X;;;;;;;;;;;;;;;;;;;;;;;;;;;;;;;;;;;;;;;;;;;;;;;;;;;;;;;;;;;;;;;;;;;;X;;;X;
F5757120003600;F5757120003600;FLAP ASSY - OUTBOARD;REPAIR;;;;X;X;;;;;;;;;;;;;;;;;;;;;;;;X;X;;;;;;;;;;;;;;;;;;;;;;;;;;;;;;;;;;;;;;;;;;;;;;;;;;;;;;;;;;;;;;;;;;;;X;;;X;
F5757120003700;F5757120003700;FLAP ASSY - OUTBOARD;REPAIR;;;;X;X;;;;;;;;;;;;;;;;;;;;;;;;X;X;;;;;;;;;;;;;;;;;;;;;;;;;;;;;;;;;;;;;;;;;;;;;;;;;;;;;;;;;;;;;;;;;;;;X;;;X;
F5757120003800;F5757120003800;FLAP ASSY - OUTBOARD;REPAIR;;;;X;X;;;;;;;;;;;;;;;;;;;;;;;;X;X;;;;;;;;;;;;;;;;;;;;;;;;;;;;;;;;;;;;;;;;;;;;;;;;;;;;;;;;;;;;;;;;;;;;X;;;X;
F5757120003900;F5757120003900;FLAP ASSY - OUTBOARD;REPAIR;;;;X;X;;;;;;;;;;;;;;;;;;;;;;;;X;X;;;;;;;;;;;;;;;;;;;;;;;;;;;;;;;;;;;;;;;;;;;;;;;;;;;;;;;;;;;;;;;;;;;;X;;;X;
F5757120004000;F5757120004000;FLAP ASSY - OUTBOARD;REPAIR;;;;X;X;;;;;;;;;;;;;;;;;;;;;;;;X;X;;;;;;;;;;;;;;;;;;;;;;;;;;;;;;;;;;;;;;;;;;;;;;;;;;;;;;;;;;;;;;;;;;;;X;;;X;
F5757120004100;F5757120004100;FLAP ASSY - OUTBOARD;REPAIR;;;;X;X;;;;;;;;;;;;;;;;;;;;;;;;X;X;;;;;;;;;;;;;;;;;;;;;;;;;;;;;;;;;;;;;;;;;;;;;;;;;;;;;;;;;;;;;;;;;;;;X;;;X;
F5757120004200;F5757120004200;FLAP ASSY - OUTBOARD;REPAIR;;;;X;X;;;;;;;;;;;;;;;;;;;;;;;;X;X;;;;;;;;;;;;;;;;;;;;;;;;;;;;;;;;;;;;;;;;;;;;;;;;;;;;;;;;;;;;;;;;;;;;X;;;X;
F5757120004300;F5757120004300;FLAP ASSY - OUTBOARD;REPAIR;;;;X;X;;;;;;;;;;;;;;;;;;;;;;;;X;X;;;;;;;;;;;;;;;;;;;;;;;;;;;;;;;;;;;;;;;;;;;;;;;;;;;;;;;;;;;;;;;;;;;;X;;;X;
F5757120004400;F5757120004400;FLAP ASSY - OUTBOARD;REPAIR;;;;X;X;;;;;;;;;;;;;;;;;;;;;;;;X;X;;;;;;;;;;;;;;;;;;;;;;;;;;;;;;;;;;;;;;;;;;;;;;;;;;;;;;;;;;;;;;;;;;;;X;;;X;
F5757120004500;F5757120004500;FLAP ASSY - OUTBOARD;REPAIR;;;;X;X;;;;;;;;;;;;;;;;;;;;;;;;X;X;;;;;;;;;;;;;;;;;;;;;;;;;;;;;;;;;;;;;;;;;;;;;;;;;;;;;;;;;;;;;;;;;;;;X;;;X;
F5757410000400;F5757410000400;FAIRING ASSY - TRACK 4;REPAIR;;;;X;X;;;;;;;;;;;;;;;;;;;;;;;;X;X;;;;;;;;;;;;;;;;;;;;;;;;;;;;;;;;;;;;;;;;;;;;;;;;;;;;;;;;;;;;;;;;;;;;X;;;X;
F5757410000600;F5757410000600;FAIRING ASSY - TRACK 4;REPAIR;;;;X;X;;;;;;;;;;;;;;;;;;;;;;;;X;X;;;;;;;;;;;;;;;;;;;;;;;;;;;;;;;;;;;;;;;;;;;;;;;;;;;;;;;;;;;;;;;;;;;;X;;;X;
F5757410200400;F5757410200400;FAIRING ASSY - TRACK 2,3,5;REPAIR;;;;X;X;;;;;;;;;;;;;;;;;;;;;;;;X;X;;;;;;;;;;;;;;;;;;;;;;;;;;;;;;;;;;;;;;;;;;;;;;;;;;;;;;;;;;;;;;;;;;;;X;;;X;
F5757410200500;F5757410200500;FAIRING ASSY - TRACK 2,3,5;REPAIR;;;;X;X;;;;;;;;;;;;;;;;;;;;;;;;X;X;;;;;;;;;;;;;;;;;;;;;;;;;;;;;;;;;;;;;;;;;;;;;;;;;;;;;;;;;;;;;;;;;;;;X;;;X;
F5757410200600;F5757410200600;FAIRING ASSY - TRACK 2,3,5;REPAIR;;;;X;X;;;;;;;;;;;;;;;;;;;;;;;;X;X;;;;;;;;;;;;;;;;;;;;;;;;;;;;;;;;;;;;;;;;;;;;;;;;;;;;;;;;;;;;;;;;;;;;X;;;X;
F5757410200700;F5757410200700;FAIRING ASSY - TRACK 2,3,5;REPAIR;;;;X;X;;;;;;;;;;;;;;;;;;;;;;;;X;X;;;;;;;;;;;;;;;;;;;;;;;;;;;;;;;;;;;;;;;;;;;;;;;;;;;;;;;;;;;;;;;;;;;;X;;;X;
F5757410200800;F5757410200800;FAIRING ASSY - TRACK 2,3,5;REPAIR;;;;X;X;;;;;;;;;;;;;;;;;;;;;;;;X;X;;;;;;;;;;;;;;;;;;;;;;;;;;;;;;;;;;;;;;;;;;;;;;;;;;;;;;;;;;;;;;;;;;;;X;;;X;
F5757410200900;F5757410200900;FAIRING ASSY - TRACK 2,3,5;REPAIR;;;;X;X;;;;;;;;;;;;;;;;;;;;;;;;X;X;;;;;;;;;;;;;;;;;;;;;;;;;;;;;;;;;;;;;;;;;;;;;;;;;;;;;;;;;;;;;;;;;;;;X;;;X;
F5757410201200;F5757410201200;FAIRING ASSY - TRACK 2,3,5;REPAIR;;;;X;X;;;;;;;;;;;;;;;;;;;;;;;;X;X;;;;;;;;;;;;;;;;;;;;;;;;;;;;;;;;;;;;;;;;;;;;;;;;;;;;;;;;;;;;;;;;;;;;X;;;X;
F5757410201300;F5757410201300;FAIRING ASSY - TRACK 2,3,5;REPAIR;;;;X;X;;;;;;;;;;;;;;;;;;;;;;;;X;X;;;;;;;;;;;;;;;;;;;;;;;;;;;;;;;;;;;;;;;;;;;;;;;;;;;;;;;;;;;;;;;;;;;;X;;;X;
F5757410201800;F5757410201800;FAIRING ASSY - TRACK 2,3,5;REPAIR;;;;X;X;;;;;;;;;;;;;;;;;;;;;;;;X;X;;;;;;;;;;;;;;;;;;;;;;;;;;;;;;;;;;;;;;;;;;;;;;;;;;;;;;;;;;;;;;;;;;;;X;;;X;
F5757410201900;F5757410201900;FAIRING ASSY - TRACK 2,3,5;REPAIR;;;;X;X;;;;;;;;;;;;;;;;;;;;;;;;X;X;;;;;;;;;;;;;;;;;;;;;;;;;;;;;;;;;;;;;;;;;;;;;;;;;;;;;;;;;;;;;;;;;;;;X;;;X;
F5757410202000;F5757410202000;FAIRING ASSY - TRACK 2,3,5;REPAIR;;;;X;X;;;;;;;;;;;;;;;;;;;;;;;;X;X;;;;;;;;;;;;;;;;;;;;;;;;;;;;;;;;;;;;;;;;;;;;;;;;;;;;;;;;;;;;;;;;;;;;X;;;X;
F5757410202100;F5757410202100;FAIRING ASSY - TRACK 2,3,5;REPAIR;;;;X;X;;;;;;;;;;;;;;;;;;;;;;;;X;X;;;;;;;;;;;;;;;;;;;;;;;;;;;;;;;;;;;;;;;;;;;;;;;;;;;;;;;;;;;;;;;;;;;;X;;;X;
F5757410300400;F5757410300400;FAIRING ASSY - TRACK 2,3,5;REPAIR;;;;X;X;;;;;;;;;;;;;;;;;;;;;;;;X;X;;;;;;;;;;;;;;;;;;;;;;;;;;;;;;;;;;;;;;;;;;;;;;;;;;;;;;;;;;;;;;;;;;;;X;;;X;
F5757410300500;F5757410300500;FAIRING ASSY - TRACK 2,3,5;REPAIR;;;;X;X;;;;;;;;;;;;;;;;;;;;;;;;X;X;;;;;;;;;;;;;;;;;;;;;;;;;;;;;;;;;;;;;;;;;;;;;;;;;;;;;;;;;;;;;;;;;;;;X;;;X;
F5757410300600;F5757410300600;FAIRING ASSY - TRACK 2,3,5;REPAIR;;;;X;X;;;;;;;;;;;;;;;;;;;;;;;;X;X;;;;;;;;;;;;;;;;;;;;;;;;;;;;;;;;;;;;;;;;;;;;;;;;;;;;;;;;;;;;;;;;;;;;X;;;X;
F5757410300700;F5757410300700;FAIRING ASSY - TRACK 2,3,5;REPAIR;;;;X;X;;;;;;;;;;;;;;;;;;;;;;;;X;X;;;;;;;;;;;;;;;;;;;;;;;;;;;;;;;;;;;;;;;;;;;;;;;;;;;;;;;;;;;;;;;;;;;;X;;;X;
F5757410300800;F5757410300800;FAIRING ASSY - TRACK 2,3,5;REPAIR;;;;X;X;;;;;;;;;;;;;;;;;;;;;;;;X;X;;;;;;;;;;;;;;;;;;;;;;;;;;;;;;;;;;;;;;;;;;;;;;;;;;;;;;;;;;;;;;;;;;;;X;;;X;
F5757410300900;F5757410300900;FAIRING ASSY - TRACK 2,3,5;REPAIR;;;;X;X;;;;;;;;;;;;;;;;;;;;;;;;X;X;;;;;;;;;;;;;;;;;;;;;;;;;;;;;;;;;;;;;;;;;;;;;;;;;;;;;;;;;;;;;;;;;;;;X;;;X;
F5757410301200;F5757410301200;FAIRING ASSY - TRACK 2,3,5;REPAIR;;;;X;X;;;;;;;;;;;;;;;;;;;;;;;;X;X;;;;;;;;;;;;;;;;;;;;;;;;;;;;;;;;;;;;;;;;;;;;;;;;;;;;;;;;;;;;;;;;;;;;X;;;X;
F5757410301300;F5757410301300;FAIRING ASSY - TRACK 2,3,5;REPAIR;;;;X;X;;;;;;;;;;;;;;;;;;;;;;;;X;X;;;;;;;;;;;;;;;;;;;;;;;;;;;;;;;;;;;;;;;;;;;;;;;;;;;;;;;;;;;;;;;;;;;;X;;;X;
F5757410301800;F5757410301800;FAIRING ASSY - TRACK 2,3,5;REPAIR;;;;X;X;;;;;;;;;;;;;;;;;;;;;;;;X;X;;;;;;;;;;;;;;;;;;;;;;;;;;;;;;;;;;;;;;;;;;;;;;;;;;;;;;;;;;;;;;;;;;;;X;;;X;
F5757410301900;F5757410301900;FAIRING ASSY - TRACK 2,3,5;REPAIR;;;;X;X;;;;;;;;;;;;;;;;;;;;;;;;X;X;;;;;;;;;;;;;;;;;;;;;;;;;;;;;;;;;;;;;;;;;;;;;;;;;;;;;;;;;;;;;;;;;;;;X;;;X;
F5757410302000;F5757410302000;FAIRING ASSY - TRACK 2,3,5;REPAIR;;;;X;X;;;;;;;;;;;;;;;;;;;;;;;;X;X;;;;;;;;;;;;;;;;;;;;;;;;;;;;;;;;;;;;;;;;;;;;;;;;;;;;;;;;;;;;;;;;;;;;X;;;X;
F5757410302100;F5757410302100;FAIRING ASSY - TRACK 2,3,5;REPAIR;;;;X;X;;;;;;;;;;;;;;;;;;;;;;;;X;X;;;;;;;;;;;;;;;;;;;;;;;;;;;;;;;;;;;;;;;;;;;;;;;;;;;;;;;;;;;;;;;;;;;;X;;;X;
F5757410400400;F5757410400400;FAIRING ASSY - TRACK 4;REPAIR;;;;X;X;;;;;;;;;;;;;;;;;;;;;;;;X;X;;;;;;;;;;;;;;;;;;;;;;;;;;;;;;;;;;;;;;;;;;;;;;;;;;;;;;;;;;;;;;;;;;;;X;;;X;
F5757410400600;F5757410400600;FAIRING ASSY - TRACK 4;REPAIR;;;;X;X;;;;;;;;;;;;;;;;;;;;;;;;X;X;;;;;;;;;;;;;;;;;;;;;;;;;;;;;;;;;;;;;;;;;;;;;;;;;;;;;;;;;;;;;;;;;;;;X;;;X;
F5757410400800;F5757410400800;FAIRING ASSY - TRACK 4;REPAIR;;;;X;X;;;;;;;;;;;;;;;;;;;;;;;;X;X;;;;;;;;;;;;;;;;;;;;;;;;;;;;;;;;;;;;;;;;;;;;;;;;;;;;;;;;;;;;;;;;;;;;X;;;X;
F5757410401200;F5757410401200;FAIRING ASSY - TRACK 4;REPAIR;;;;X;X;;;;;;;;;;;;;;;;;;;;;;;;X;X;;;;;;;;;;;;;;;;;;;;;;;;;;;;;;;;;;;;;;;;;;;;;;;;;;;;;;;;;;;;;;;;;;;;X;;;X;
F5757410401800;F5757410401800;FAIRING ASSY - TRACK 4;REPAIR;;;;X;X;;;;;;;;;;;;;;;;;;;;;;;;X;X;;;;;;;;;;;;;;;;;;;;;;;;;;;;;;;;;;;;;;;;;;;;;;;;;;;;;;;;;;;;;;;;;;;;X;;;X;
F5757410402000;F5757410402000;FAIRING ASSY - TRACK 4;REPAIR;;;;X;X;;;;;;;;;;;;;;;;;;;;;;;;X;X;;;;;;;;;;;;;;;;;;;;;;;;;;;;;;;;;;;;;;;;;;;;;;;;;;;;;;;;;;;;;;;;;;;;X;;;X;
F5757410402200;F5757410402200;FAIRING ASSY - TRACK 4;REPAIR;;;;X;X;;;;;;;;;;;;;;;;;;;;;;;;X;X;;;;;;;;;;;;;;;;;;;;;;;;;;;;;;;;;;;;;;;;;;;;;;;;;;;;;;;;;;;;;;;;;;;;X;;;X;
F5757410500400;F5757410500400;FAIRING ASSY - TRACK 2,3,5;REPAIR;;;;X;X;;;;;;;;;;;;;;;;;;;;;;;;X;X;;;;;;;;;;;;;;;;;;;;;;;;;;;;;;;;;;;;;;;;;;;;;;;;;;;;;;;;;;;;;;;;;;;;X;;;X;
F5757410500500;F5757410500500;FAIRING ASSY - TRACK 2,3,5;REPAIR;;;;X;X;;;;;;;;;;;;;;;;;;;;;;;;X;X;;;;;;;;;;;;;;;;;;;;;;;;;;;;;;;;;;;;;;;;;;;;;;;;;;;;;;;;;;;;;;;;;;;;X;;;X;
F5757410500600;F5757410500600;FAIRING ASSY - TRACK 2,3,5;REPAIR;;;;X;X;;;;;;;;;;;;;;;;;;;;;;;;X;X;;;;;;;;;;;;;;;;;;;;;;;;;;;;;;;;;;;;;;;;;;;;;;;;;;;;;;;;;;;;;;;;;;;;X;;;X;
F5757410500700;F5757410500700;FAIRING ASSY - TRACK 2,3,5;REPAIR;;;;X;X;;;;;;;;;;;;;;;;;;;;;;;;X;X;;;;;;;;;;;;;;;;;;;;;;;;;;;;;;;;;;;;;;;;;;;;;;;;;;;;;;;;;;;;;;;;;;;;X;;;X;
F5757410500900;F5757410500900;FAIRING ASSY - TRACK 2,3,5;REPAIR;;;;X;X;;;;;;;;;;;;;;;;;;;;;;;;X;X;;;;;;;;;;;;;;;;;;;;;;;;;;;;;;;;;;;;;;;;;;;;;;;;;;;;;;;;;;;;;;;;;;;;X;;;X;
F5757410501200;F5757410501200;FAIRING ASSY - TRACK 2,3,5;REPAIR;;;;X;X;;;;;;;;;;;;;;;;;;;;;;;;X;X;;;;;;;;;;;;;;;;;;;;;;;;;;;;;;;;;;;;;;;;;;;;;;;;;;;;;;;;;;;;;;;;;;;;X;;;X;
F5757410501300;F5757410501300;FAIRING ASSY - TRACK 2,3,5;REPAIR;;;;X;X;;;;;;;;;;;;;;;;;;;;;;;;X;X;;;;;;;;;;;;;;;;;;;;;;;;;;;;;;;;;;;;;;;;;;;;;;;;;;;;;;;;;;;;;;;;;;;;X;;;X;
F5757410501800;F5757410501800;FAIRING ASSY - TRACK 2,3,5;REPAIR;;;;X;X;;;;;;;;;;;;;;;;;;;;;;;;X;X;;;;;;;;;;;;;;;;;;;;;;;;;;;;;;;;;;;;;;;;;;;;;;;;;;;;;;;;;;;;;;;;;;;;X;;;X;
F5757410501900;F5757410501900;FAIRING ASSY - TRACK 2,3,5;REPAIR;;;;X;X;;;;;;;;;;;;;;;;;;;;;;;;X;X;;;;;;;;;;;;;;;;;;;;;;;;;;;;;;;;;;;;;;;;;;;;;;;;;;;;;;;;;;;;;;;;;;;;X;;;X;
F5757410502000;F5757410502000;FAIRING ASSY - TRACK 2,3,5;REPAIR;;;;X;X;;;;;;;;;;;;;;;;;;;;;;;;X;X;;;;;;;;;;;;;;;;;;;;;;;;;;;;;;;;;;;;;;;;;;;;;;;;;;;;;;;;;;;;;;;;;;;;X;;;X;
F5757410502100;F5757410502100;FAIRING ASSY - TRACK 2,3,5;REPAIR;;;;X;X;;;;;;;;;;;;;;;;;;;;;;;;X;X;;;;;;;;;;;;;;;;;;;;;;;;;;;;;;;;;;;;;;;;;;;;;;;;;;;;;;;;;;;;;;;;;;;;X;;;X;
F5757411200200;F5757411200200;FAIRING ASSY - TRACK 2,3,5;REPAIR;;;;X;X;;;;;;;;;;;;;;;;;;;;;;;;X;X;;;;;;;;;;;;;;;;;;;;;;;;;;;;;;;;;;;;;;;;;;;;;;;;;;;;;;;;;;;;;;;;;;;;X;;;X;
F5757411200251;F5757411200251;FAIRING ASSY - TRACK 2,3,5;REPAIR;;;;X;X;;;;;;;;;;;;;;;;;;;;;;;;X;X;;;;;;;;;;;;;;;;;;;;;;;;;;;;;;;;;;;;;;;;;;;;;;;;;;;;;;;;;;;;;;;;;;;;X;;;X;
F5757411200300;F5757411200300;FAIRING ASSY - TRACK 2,3,5;REPAIR;;;;X;X;;;;;;;;;;;;;;;;;;;;;;;;X;X;;;;;;;;;;;;;;;;;;;;;;;;;;;;;;;;;;;;;;;;;;;;;;;;;;;;;;;;;;;;;;;;;;;;X;;;X;
F5757411200351;F5757411200351;FAIRING ASSY - TRACK 2,3,5;REPAIR;;;;X;X;;;;;;;;;;;;;;;;;;;;;;;;X;X;;;;;;;;;;;;;;;;;;;;;;;;;;;;;;;;;;;;;;;;;;;;;;;;;;;;;;;;;;;;;;;;;;;;X;;;X;
F5757411200400;F5757411200400;reparation composite sur fairing A340;REPAIR;;;;X;X;X;X;X;;;;;;;;;;;;;X;;;;;;;;;X;;;;;;;;;;;;;;;;;;;;;;;;;;;;;;;;;;;;;;;;;;;;;;;;;;;;;;;;;;;;;;;;;;;;X;;;X;
F5757411200500;F5757411200500;FAIRING ASSY - TRACK 2,3,5;REPAIR;;;;X;X;;;;;;;;;;;;;;;;;;;;;;;;X;X;;;;;;;;;;;;;;;;;;;;;;;;;;;;;;;;;;;;;;;;;;;;;;;;;;;;;;;;;;;;;;;;;;;;X;;;X;
F5757411200600;F5757411200600;FAIRING ASSY - TRACK 2,3,5;REPAIR;;;;X;X;;;;;;;;;;;;;;;;;;;;;;;;X;X;;;;;;;;;;;;;;;;;;;;;;;;;;;;;;;;;;;;;;;;;;;;;;;;;;;;;;;;;;;;;;;;;;;;X;;;X;
F5757411200700;F5757411200700;FAIRING ASSY - TRACK 2,3,5;REPAIR;;;;X;X;;;;;;;;;;;;;;;;;;;;;;;;X;X;;;;;;;;;;;;;;;;;;;;;;;;;;;;;;;;;;;;;;;;;;;;;;;;;;;;;;;;;;;;;;;;;;;;X;;;X;
F5757411200700;F5757411200700;FAIRING ASSY - TRACK 2,3,5;REPAIR;;;;X;X;;;;;;;;;;;;;;;;;;;;;;;;X;X;;;;;;;;;;;;;;;;;;;;;;;;;;;;;;;;;;;;;;;;;;;;;;;;;;;;;;;;;;;;;;;;;;;;X;;;X;
F5757411201600;F5757411201600;FAIRING ASSY -  MOVABLE 2 LH;REPAIR;;;;X;X;X;X;X;;;;;;;;;;;;;X;;;;;;;;X;X;;;;;;;;;;;;;;;;;;;;;;;;;;;;;;;;;;;;;;;;;;;;;;;;;;;;;;;;;;;;;;;;;;;;X;;;X;
F5757411201600;F5757411201600;FAIRING ASSY - TRACK 2,3,5;REPAIR;;;;X;X;;;;;;;;;;;;;;;;;;;;;;;;X;X;;;;;;;;;;;;;;;;;;;;;;;;;;;;;;;;;;;;;;;;;;;;;;;;;;;;;;;;;;;;;;;;;;;;X;;;X;
F5757411201700;F5757411201700;FAIRING ASSY -  MOVABLE 2;REPAIR;;;;X;X;X;X;X;;;;;;;;;;;;;X;;;;;;;;X;X;;;;;;;;;;;;;;;;;;;;;;;;;;;;;;;;;;;;;;;;;;;;;;;;;;;;;;;;;;;;;;;;;;;;X;;;X;
F5757411201700;F5757411201700;FAIRING ASSY - TRACK 2,3,5;REPAIR;;;;X;X;;;;;;;;;;;;;;;;;;;;;;;;X;X;;;;;;;;;;;;;;;;;;;;;;;;;;;;;;;;;;;;;;;;;;;;;;;;;;;;;;;;;;;;;;;;;;;;X;;;X;
F5757411201800;F5757411201800;FAIRING ASSY - TRACK 2,3,5;REPAIR;;;;X;X;;;;;;;;;;;;;;;;;;;;;;;;X;X;;;;;;;;;;;;;;;;;;;;;;;;;;;;;;;;;;;;;;;;;;;;;;;;;;;;;;;;;;;;;;;;;;;;X;;;X;
F5757411201900;F5757411201900;FAIRING ASSY - TRACK 2,3,5;REPAIR;;;;X;X;;;;;;;;;;;;;;;;;;;;;;;;X;X;;;;;;;;;;;;;;;;;;;;;;;;;;;;;;;;;;;;;;;;;;;;;;;;;;;;;;;;;;;;;;;;;;;;X;;;X;
F5757411204000;F5757411204000;FAIRING ASSY - TRACK 2,3,5;REPAIR;;;;X;X;;;;;;;;;;;;;;;;;;;;;;;;X;X;;;;;;;;;;;;;;;;;;;;;;;;;;;;;;;;;;;;;;;;;;;;;;;;;;;;;;;;;;;;;;;;;;;;X;;;X;
F5757411204051;F5757411204051;FAIRING ASSY - TRACK 2,3,5;REPAIR;;;;X;X;;;;;;;;;;;;;;;;;;;;;;;;X;X;;;;;;;;;;;;;;;;;;;;;;;;;;;;;;;;;;;;;;;;;;;;;;;;;;;;;;;;;;;;;;;;;;;;X;;;X;
F5757411204100;F5757411204100;FAIRING ASSY - TRACK 2,3,5;REPAIR;;;;X;X;;;;;;;;;;;;;;;;;;;;;;;;X;X;;;;;;;;;;;;;;;;;;;;;;;;;;;;;;;;;;;;;;;;;;;;;;;;;;;;;;;;;;;;;;;;;;;;X;;;X;
F5757411204151;F5757411204151;FAIRING ASSY - TRACK 2,3,5;REPAIR;;;;X;X;;;;;;;;;;;;;;;;;;;;;;;;X;X;;;;;;;;;;;;;;;;;;;;;;;;;;;;;;;;;;;;;;;;;;;;;;;;;;;;;;;;;;;;;;;;;;;;X;;;X;
F5757411204200;F5757411204200;FAIRING ASSY - TRACK 2,3,5;REPAIR;;;;X;X;;;;;;;;;;;;;;;;;;;;;;;;X;X;;;;;;;;;;;;;;;;;;;;;;;;;;;;;;;;;;;;;;;;;;;;;;;;;;;;;;;;;;;;;;;;;;;;X;;;X;
F5757411204300;F5757411204300;FAIRING ASSY - TRACK 2,3,5;REPAIR;;;;X;X;;;;;;;;;;;;;;;;;;;;;;;;X;X;;;;;;;;;;;;;;;;;;;;;;;;;;;;;;;;;;;;;;;;;;;;;;;;;;;;;;;;;;;;;;;;;;;;X;;;X;
F5757411300251;F5757411300251;FAIRING ASSY - TRACK 2,3,5;REPAIR;;;;X;X;;;;;;;;;;;;;;;;;;;;;;;;X;X;;;;;;;;;;;;;;;;;;;;;;;;;;;;;;;;;;;;;;;;;;;;;;;;;;;;;;;;;;;;;;;;;;;;X;;;X;
F5757411300252;F5757411300252;FAIRING ASSY - TRACK 2,3,5;REPAIR;;;;X;X;;;;;;;;;;;;;;;;;;;;;;;;X;X;;;;;;;;;;;;;;;;;;;;;;;;;;;;;;;;;;;;;;;;;;;;;;;;;;;;;;;;;;;;;;;;;;;;X;;;X;
F5757411300260;F5757411300260;FAIRING ASSY - TRACK 2,3,5;REPAIR;;;;X;X;;;;;;;;;;;;;;;;;;;;;;;;X;X;;;;;;;;;;;;;;;;;;;;;;;;;;;;;;;;;;;;;;;;;;;;;;;;;;;;;;;;;;;;;;;;;;;;X;;;X;
F5757411300261;F5757411300261;FAIRING ASSY - TRACK 2,3,5;REPAIR;;;;X;X;;;;;;;;;;;;;;;;;;;;;;;;X;X;;;;;;;;;;;;;;;;;;;;;;;;;;;;;;;;;;;;;;;;;;;;;;;;;;;;;;;;;;;;;;;;;;;;X;;;X;
F5757411300262;F5757411300262;FAIRING ASSY - TRACK 2,3,5;REPAIR;;;;X;X;;;;;;;;;;;;;;;;;;;;;;;;X;X;;;;;;;;;;;;;;;;;;;;;;;;;;;;;;;;;;;;;;;;;;;;;;;;;;;;;;;;;;;;;;;;;;;;X;;;X;
F5757411300263;F5757411300263;FAIRING ASSY - TRACK 2,3,5;REPAIR;;;;X;X;;;;;;;;;;;;;;;;;;;;;;;;X;X;;;;;;;;;;;;;;;;;;;;;;;;;;;;;;;;;;;;;;;;;;;;;;;;;;;;;;;;;;;;;;;;;;;;X;;;X;
F5757411300295;F5757411300295;FAIRING ASSY -  MOVABLE 3;REPAIR;;;;X;X;X;X;X;;;;;;;;;;;;;X;;;;;;;;X;X;;;;;;;;;;;;;;;;;;;;;;;;;;;;;;;;;;;;;;;;;;;;;;;;;;;;;;;;;;;;;;;;;;;;X;;;X;
F5757411300351;F5757411300351;FAIRING ASSY - TRACK 2,3,5;REPAIR;;;;X;X;;;;;;;;;;;;;;;;;;;;;;;;X;X;;;;;;;;;;;;;;;;;;;;;;;;;;;;;;;;;;;;;;;;;;;;;;;;;;;;;;;;;;;;;;;;;;;;X;;;X;
F5757411300352;F5757411300352;FAIRING ASSY - TRACK 2,3,5;REPAIR;;;;X;X;;;;;;;;;;;;;;;;;;;;;;;;X;X;;;;;;;;;;;;;;;;;;;;;;;;;;;;;;;;;;;;;;;;;;;;;;;;;;;;;;;;;;;;;;;;;;;;X;;;X;
F5757411300360;F5757411300360;FAIRING ASSY - TRACK 2,3,5;REPAIR;;;;X;X;;;;;;;;;;;;;;;;;;;;;;;;X;X;;;;;;;;;;;;;;;;;;;;;;;;;;;;;;;;;;;;;;;;;;;;;;;;;;;;;;;;;;;;;;;;;;;;X;;;X;
F5757411300361;F5757411300361;FAIRING ASSY - TRACK 2,3,5;REPAIR;;;;X;X;;;;;;;;;;;;;;;;;;;;;;;;X;X;;;;;;;;;;;;;;;;;;;;;;;;;;;;;;;;;;;;;;;;;;;;;;;;;;;;;;;;;;;;;;;;;;;;X;;;X;
F5757411300362;F5757411300362;FAIRING ASSY - TRACK 2,3,5;REPAIR;;;;X;X;;;;;;;;;;;;;;;;;;;;;;;;X;X;;;;;;;;;;;;;;;;;;;;;;;;;;;;;;;;;;;;;;;;;;;;;;;;;;;;;;;;;;;;;;;;;;;;X;;;X;
F5757411300363;F5757411300363;FAIRING ASSY - TRACK 2,3,5;REPAIR;;;;X;X;;;;;;;;;;;;;;;;;;;;;;;;X;X;;;;;;;;;;;;;;;;;;;;;;;;;;;;;;;;;;;;;;;;;;;;;;;;;;;;;;;;;;;;;;;;;;;;X;;;X;
F5757411300500;F5757411300500;FAIRING ASSY -  MOVABLE 3;REPAIR;;;;X;X;X;X;X;;;;;;;;;;;;;X;;;;;;;;X;X;;;;;;;;;;;;;;;;;;;;;;;;;;;;;;;;;;;;;;;;;;;;;;;;;;;;;;;;;;;;;;;;;;;;X;;;X;
F5757411301671;F5757411301671;FAIRING ASSY - TRACK 2,3,5;REPAIR;;;;X;X;;;;;;;;;;;;;;;;;;;;;;;;X;X;;;;;;;;;;;;;;;;;;;;;;;;;;;;;;;;;;;;;;;;;;;;;;;;;;;;;;;;;;;;;;;;;;;;X;;;X;
F5757411301695;F5757411301695;FAIRING ASSY -  MOVABLE 3;REPAIR;;;;X;X;X;X;X;;;;;;;;;;;;;X;;;;;;;;X;X;;;;;;;;;;;;;;;;;;;;;;;;;;;;;;;;;;;;;;;;;;;;;;;;;;;;;;;;;;;;;;;;;;;;X;;;X;
F5757411301771;F5757411301771;FAIRING ASSY - TRACK 2,3,5;REPAIR;;;;X;X;;;;;;;;;;;;;;;;;;;;;;;;X;X;;;;;;;;;;;;;;;;;;;;;;;;;;;;;;;;;;;;;;;;;;;;;;;;;;;;;;;;;;;;;;;;;;;;X;;;X;
F5757411301800;F5757411301800;FAIRING ASSY - TRACK 2,3,5;REPAIR;;;;X;X;;;;;;;;;;;;;;;;;;;;;;;;X;X;;;;;;;;;;;;;;;;;;;;;;;;;;;;;;;;;;;;;;;;;;;;;;;;;;;;;;;;;;;;;;;;;;;;X;;;X;
F5757411301895;F5757411301895;FAIRING ASSY -  MOVABLE 3;REPAIR;;;;X;X;X;X;X;;;;;;;;;;;;;X;;;;;;;;X;X;;;;;;;;;;;;;;;;;;;;;;;;;;;;;;;;;;;;;;;;;;;;;;;;;;;;;;;;;;;;;;;;;;;;X;;;X;
F5757411301900;F5757411301900;FAIRING ASSY -  MOVABLE 3;REPAIR;;;;X;X;X;X;X;;;;;;;;;;;;;X;;;;;;;;X;X;;;;;;;;;;;;;;;;;;;;;;;;;;;;;;;;;;;;;;;;;;;;;;;;;;;;;;;;;;;;;;;;;;;;X;;;X;
F5757411301995;F5757411301995;FAIRING ASSY -  MOVABLE 3;REPAIR;;;;X;X;X;X;X;;;;;;;;;;;;;X;;;;;;;;X;X;;;;;;;;;;;;;;;;;;;;;;;;;;;;;;;;;;;;;;;;;;;;;;;;;;;;;;;;;;;;;;;;;;;;X;;;X;
F5757411302071;F5757411302071;FAIRING ASSY - TRACK 2,3,5;REPAIR;;;;X;X;;;;;;;;;;;;;;;;;;;;;;;;X;X;;;;;;;;;;;;;;;;;;;;;;;;;;;;;;;;;;;;;;;;;;;;;;;;;;;;;;;;;;;;;;;;;;;;X;;;X;
F5757411302171;F5757411302171;FAIRING ASSY - TRACK 2,3,5;REPAIR;;;;X;X;;;;;;;;;;;;;;;;;;;;;;;;X;X;;;;;;;;;;;;;;;;;;;;;;;;;;;;;;;;;;;;;;;;;;;;;;;;;;;;;;;;;;;;;;;;;;;;X;;;X;
F5757411302271;F5757411302271;FAIRING ASSY - TRACK 2,3,5;REPAIR;;;;X;X;;;;;;;;;;;;;;;;;;;;;;;;X;X;;;;;;;;;;;;;;;;;;;;;;;;;;;;;;;;;;;;;;;;;;;;;;;;;;;;;;;;;;;;;;;;;;;;X;;;X;
F5757411302371;F5757411302371;FAIRING ASSY - TRACK 2,3,5;REPAIR;;;;X;X;;;;;;;;;;;;;;;;;;;;;;;;X;X;;;;;;;;;;;;;;;;;;;;;;;;;;;;;;;;;;;;;;;;;;;;;;;;;;;;;;;;;;;;;;;;;;;;X;;;X;
F5757411302395;F5757411302395;FAIRING ASSY -  MOVABLE 3;REPAIR;;;;X;X;X;X;X;;;;;;;;;;;;;X;;;;;;;;X;X;;;;;;;;;;;;;;;;;;;;;;;;;;;;;;;;;;;;;;;;;;;;;;;;;;;;;;;;;;;;;;;;;;;;X;;;X;
F5757411302451;F5757411302451;FAIRING ASSY - TRACK 2,3,5;REPAIR;;;;X;X;;;;;;;;;;;;;;;;;;;;;;;;X;X;;;;;;;;;;;;;;;;;;;;;;;;;;;;;;;;;;;;;;;;;;;;;;;;;;;;;;;;;;;;;;;;;;;;X;;;X;
F5757411302471;F5757411302471;FAIRING ASSY - TRACK 2,3,5;REPAIR;;;;X;X;;;;;;;;;;;;;;;;;;;;;;;;X;X;;;;;;;;;;;;;;;;;;;;;;;;;;;;;;;;;;;;;;;;;;;;;;;;;;;;;;;;;;;;;;;;;;;;X;;;X;
F5757411302551;F5757411302551;FAIRING ASSY - TRACK 2,3,5;REPAIR;;;;X;X;;;;;;;;;;;;;;;;;;;;;;;;X;X;;;;;;;;;;;;;;;;;;;;;;;;;;;;;;;;;;;;;;;;;;;;;;;;;;;;;;;;;;;;;;;;;;;;X;;;X;
F5757411302571;F5757411302571;FAIRING ASSY - TRACK 2,3,5;REPAIR;;;;X;X;;;;;;;;;;;;;;;;;;;;;;;;X;X;;;;;;;;;;;;;;;;;;;;;;;;;;;;;;;;;;;;;;;;;;;;;;;;;;;;;;;;;;;;;;;;;;;;X;;;X;
F5757411302600;F5757411302600;FAIRING ASSY -  MOVABLE 3;REPAIR;;;;X;X;X;X;X;;;;;;;;;;;;;X;;;;;;;;X;X;;;;;;;;;;;;;;;;;;;;;;;;;;;;;;;;;;;;;;;;;;;;;;;;;;;;;;;;;;;;;;;;;;;;X;;;X;
F5757411302651;F5757411302651;FAIRING ASSY - TRACK 2,3,5;REPAIR;;;;X;X;;;;;;;;;;;;;;;;;;;;;;;;X;X;;;;;;;;;;;;;;;;;;;;;;;;;;;;;;;;;;;;;;;;;;;;;;;;;;;;;;;;;;;;;;;;;;;;X;;;X;
F5757411302751;F5757411302751;FAIRING ASSY - TRACK 2,3,5;REPAIR;;;;X;X;;;;;;;;;;;;;;;;;;;;;;;;X;X;;;;;;;;;;;;;;;;;;;;;;;;;;;;;;;;;;;;;;;;;;;;;;;;;;;;;;;;;;;;;;;;;;;;X;;;X;
F5757411304000;F5757411304000;FAIRING ASSY - TRACK 2,3,5;REPAIR;;;;X;X;;;;;;;;;;;;;;;;;;;;;;;;X;X;;;;;;;;;;;;;;;;;;;;;;;;;;;;;;;;;;;;;;;;;;;;;;;;;;;;;;;;;;;;;;;;;;;;X;;;X;
F5757411304100;F5757411304100;FAIRING ASSY - TRACK 2,3,5;REPAIR;;;;X;X;;;;;;;;;;;;;;;;;;;;;;;;X;X;;;;;;;;;;;;;;;;;;;;;;;;;;;;;;;;;;;;;;;;;;;;;;;;;;;;;;;;;;;;;;;;;;;;X;;;X;
F5757411304200;F5757411304200;FAIRING ASSY - TRACK 2,3,5;REPAIR;;;;X;X;;;;;;;;;;;;;;;;;;;;;;;;X;X;;;;;;;;;;;;;;;;;;;;;;;;;;;;;;;;;;;;;;;;;;;;;;;;;;;;;;;;;;;;;;;;;;;;X;;;X;
F5757411304300;F5757411304300;FAIRING ASSY - TRACK 2,3,5;REPAIR;;;;X;X;;;;;;;;;;;;;;;;;;;;;;;;X;X;;;;;;;;;;;;;;;;;;;;;;;;;;;;;;;;;;;;;;;;;;;;;;;;;;;;;;;;;;;;;;;;;;;;X;;;X;
F5757411400251;F5757411400251;FAIRING ASSY - TRACK 4;REPAIR;;;;X;X;;;;;;;;;;;;;;;;;;;;;;;;X;X;;;;;;;;;;;;;;;;;;;;;;;;;;;;;;;;;;;;;;;;;;;;;;;;;;;;;;;;;;;;;;;;;;;;X;;;X;
F5757411400252;F5757411400252;FAIRING ASSY - TRACK 4;REPAIR;;;;X;X;;;;;;;;;;;;;;;;;;;;;;;;X;X;;;;;;;;;;;;;;;;;;;;;;;;;;;;;;;;;;;;;;;;;;;;;;;;;;;;;;;;;;;;;;;;;;;;X;;;X;
F5757411400253;F5757411400253;FAIRING ASSY - TRACK 4;REPAIR;;;;X;X;;;;;;;;;;;;;;;;;;;;;;;;X;X;;;;;;;;;;;;;;;;;;;;;;;;;;;;;;;;;;;;;;;;;;;;;;;;;;;;;;;;;;;;;;;;;;;;X;;;X;
F5757411400255;F5757411400255;FAIRING ASSY - TRACK 4;REPAIR;;;;X;X;;;;;;;;;;;;;;;;;;;;;;;;X;X;;;;;;;;;;;;;;;;;;;;;;;;;;;;;;;;;;;;;;;;;;;;;;;;;;;;;;;;;;;;;;;;;;;;X;;;X;
F5757411400256;F5757411400256;FAIRING ASSY - TRACK 4;REPAIR;;;;X;X;;;;;;;;;;;;;;;;;;;;;;;;X;X;;;;;;;;;;;;;;;;;;;;;;;;;;;;;;;;;;;;;;;;;;;;;;;;;;;;;;;;;;;;;;;;;;;;X;;;X;
F5757411400260;F5757411400260;FAIRING ASSY - TRACK 4;REPAIR;;;;X;X;;;;;;;;;;;;;;;;;;;;;;;;X;X;;;;;;;;;;;;;;;;;;;;;;;;;;;;;;;;;;;;;;;;;;;;;;;;;;;;;;;;;;;;;;;;;;;;X;;;X;
F5757411400261;F5757411400261;FAIRING ASSY - TRACK 4;REPAIR;;;;X;X;;;;;;;;;;;;;;;;;;;;;;;;X;X;;;;;;;;;;;;;;;;;;;;;;;;;;;;;;;;;;;;;;;;;;;;;;;;;;;;;;;;;;;;;;;;;;;;X;;;X;
F5757411401060;F5757411401060;FAIRING ASSY - TRACK 4;REPAIR;;;;X;X;;;;;;;;;;;;;;;;;;;;;;;;X;X;;;;;;;;;;;;;;;;;;;;;;;;;;;;;;;;;;;;;;;;;;;;;;;;;;;;;;;;;;;;;;;;;;;;X;;;X;
F5757411401061;F5757411401061;FAIRING ASSY - TRACK 4;REPAIR;;;;X;X;;;;;;;;;;;;;;;;;;;;;;;;X;X;;;;;;;;;;;;;;;;;;;;;;;;;;;;;;;;;;;;;;;;;;;;;;;;;;;;;;;;;;;;;;;;;;;;X;;;X;
F5757411401062;F5757411401062;FAIRING ASSY - TRACK 4;REPAIR;;;;X;X;;;;;;;;;;;;;;;;;;;;;;;;X;X;;;;;;;;;;;;;;;;;;;;;;;;;;;;;;;;;;;;;;;;;;;;;;;;;;;;;;;;;;;;;;;;;;;;X;;;X;
F5757411402200;F5757411402200;FAIRING ASSY - MOVABLE 4;REPAIR;;;;X;X;X;X;X;;;;;;;;;;;;;X;;;;;;;;X;X;;;;;;;;;;;;;;;;;;;;;;;;;;;;;;;;;;;;;;;;;;;;;;;;;;;;;;;;;;;;;;;;;;;;X;;;X;
F5757411402851;F5757411402851;FAIRING ASSY - TRACK 4;REPAIR;;;;X;X;;;;;;;;;;;;;;;;;;;;;;;;X;X;;;;;;;;;;;;;;;;;;;;;;;;;;;;;;;;;;;;;;;;;;;;;;;;;;;;;;;;;;;;;;;;;;;;X;;;X;
F5757411403051;F5757411403051;FAIRING ASSY - TRACK 4;REPAIR;;;;X;X;;;;;;;;;;;;;;;;;;;;;;;;X;X;;;;;;;;;;;;;;;;;;;;;;;;;;;;;;;;;;;;;;;;;;;;;;;;;;;;;;;;;;;;;;;;;;;;X;;;X;
F5757411404000;F5757411404000;FAIRING ASSY - TRACK 4;REPAIR;;;;X;X;;;;;;;;;;;;;;;;;;;;;;;;X;X;;;;;;;;;;;;;;;;;;;;;;;;;;;;;;;;;;;;;;;;;;;;;;;;;;;;;;;;;;;;;;;;;;;;X;;;X;
F5757411500251;F5757411500251;FAIRING ASSY - TRACK 2,3,5;REPAIR;;;;X;X;;;;;;;;;;;;;;;;;;;;;;;;X;X;;;;;;;;;;;;;;;;;;;;;;;;;;;;;;;;;;;;;;;;;;;;;;;;;;;;;;;;;;;;;;;;;;;;X;;;X;
F5757411500252;F5757411500252;FAIRING ASSY - TRACK 2,3,5;REPAIR;;;;X;X;;;;;;;;;;;;;;;;;;;;;;;;X;X;;;;;;;;;;;;;;;;;;;;;;;;;;;;;;;;;;;;;;;;;;;;;;;;;;;;;;;;;;;;;;;;;;;;X;;;X;
F5757411500260;F5757411500260;FAIRING ASSY - TRACK 2,3,5;REPAIR;;;;X;X;;;;;;;;;;;;;;;;;;;;;;;;X;X;;;;;;;;;;;;;;;;;;;;;;;;;;;;;;;;;;;;;;;;;;;;;;;;;;;;;;;;;;;;;;;;;;;;X;;;X;
F5757411500261;F5757411500261;FAIRING ASSY - TRACK 2,3,5;REPAIR;;;;X;X;;;;;;;;;;;;;;;;;;;;;;;;X;X;;;;;;;;;;;;;;;;;;;;;;;;;;;;;;;;;;;;;;;;;;;;;;;;;;;;;;;;;;;;;;;;;;;;X;;;X;
F5757411500262;F5757411500262;FAIRING ASSY - TRACK 2,3,5;REPAIR;;;;X;X;;;;;;;;;;;;;;;;;;;;;;;;X;X;;;;;;;;;;;;;;;;;;;;;;;;;;;;;;;;;;;;;;;;;;;;;;;;;;;;;;;;;;;;;;;;;;;;X;;;X;
F5757411500263;F5757411500263;FAIRING ASSY - TRACK 2,3,5;REPAIR;;;;X;X;;;;;;;;;;;;;;;;;;;;;;;;X;X;;;;;;;;;;;;;;;;;;;;;;;;;;;;;;;;;;;;;;;;;;;;;;;;;;;;;;;;;;;;;;;;;;;;X;;;X;
F5757411500351;F5757411500351;FAIRING ASSY - TRACK 2,3,5;REPAIR;;;;X;X;;;;;;;;;;;;;;;;;;;;;;;;X;X;;;;;;;;;;;;;;;;;;;;;;;;;;;;;;;;;;;;;;;;;;;;;;;;;;;;;;;;;;;;;;;;;;;;X;;;X;
F5757411500352;F5757411500352;FAIRING ASSY - TRACK 2,3,5;REPAIR;;;;X;X;;;;;;;;;;;;;;;;;;;;;;;;X;X;;;;;;;;;;;;;;;;;;;;;;;;;;;;;;;;;;;;;;;;;;;;;;;;;;;;;;;;;;;;;;;;;;;;X;;;X;
F5757411500360;F5757411500360;FAIRING ASSY - TRACK 2,3,5;REPAIR;;;;X;X;;;;;;;;;;;;;;;;;;;;;;;;X;X;;;;;;;;;;;;;;;;;;;;;;;;;;;;;;;;;;;;;;;;;;;;;;;;;;;;;;;;;;;;;;;;;;;;X;;;X;
F5757411500361;F5757411500361;FAIRING ASSY - TRACK 2,3,5;REPAIR;;;;X;X;;;;;;;;;;;;;;;;;;;;;;;;X;X;;;;;;;;;;;;;;;;;;;;;;;;;;;;;;;;;;;;;;;;;;;;;;;;;;;;;;;;;;;;;;;;;;;;X;;;X;
F5757411500362;F5757411500362;FAIRING ASSY - TRACK 2,3,5;REPAIR;;;;X;X;;;;;;;;;;;;;;;;;;;;;;;;X;X;;;;;;;;;;;;;;;;;;;;;;;;;;;;;;;;;;;;;;;;;;;;;;;;;;;;;;;;;;;;;;;;;;;;X;;;X;
F5757411500363;F5757411500363;FAIRING ASSY - TRACK 2,3,5;REPAIR;;;;X;X;;;;;;;;;;;;;;;;;;;;;;;;X;X;;;;;;;;;;;;;;;;;;;;;;;;;;;;;;;;;;;;;;;;;;;;;;;;;;;;;;;;;;;;;;;;;;;;X;;;X;
F5757411500400;F5757411500400;FAIRING ASSY - TRACK 2,3,5;REPAIR;;;;X;X;X;X;X;;;;;;;;;;;;;X;;;;;;;;X;X;;;;;;;;;;;;;;;;;;;;;;;;;;;;;;;;;;;;;;;;;;;;;;;;;;;;;;;;;;;;;;;;;;;;X;;;X;
F5757411500500;F5757411500500;FAIRING ASSY - TRACK 2,3,5;REPAIR;;;;X;X;X;X;X;;;;;;;;;;;;;X;;;;;;;;X;X;;;;;;;;;;;;;;;;;;;;;;;;;;;;;;;;;;;;;;;;;;;;;;;;;;;;;;;;;;;;;;;;;;;;X;;;X;
F5757411500600;F5757411500600;FAIRING ASSY - TRACK 2,3,5;REPAIR;;;;X;X;;;;;;;;;;;;;;;;;;;;;;;;X;X;;;;;;;;;;;;;;;;;;;;;;;;;;;;;;;;;;;;;;;;;;;;;;;;;;;;;;;;;;;;;;;;;;;;X;;;X;
F5757411500700;F5757411500700;FAIRING ASSY - TRACK 2,3,5;REPAIR;;;;X;X;;;;;;;;;;;;;;;;;;;;;;;;X;X;;;;;;;;;;;;;;;;;;;;;;;;;;;;;;;;;;;;;;;;;;;;;;;;;;;;;;;;;;;;;;;;;;;;X;;;X;
F5757411501000;F5757411501000;FAIRING ASSY - TRACK 2,3,5;REPAIR;;;;X;X;;;;;;;;;;;;;;;;;;;;;;;;X;X;;;;;;;;;;;;;;;;;;;;;;;;;;;;;;;;;;;;;;;;;;;;;;;;;;;;;;;;;;;;;;;;;;;;X;;;X;
F5757411501100;F5757411501100;FAIRING ASSY - TRACK 2,3,5;REPAIR;;;;X;X;;;;;;;;;;;;;;;;;;;;;;;;X;X;;;;;;;;;;;;;;;;;;;;;;;;;;;;;;;;;;;;;;;;;;;;;;;;;;;;;;;;;;;;;;;;;;;;X;;;X;
F5757411501600;F5757411501600;FAIRING ASSY - TRACK 2,3,5;REPAIR;;;;X;X;;;;;;;;;;;;;;;;;;;;;;;;X;X;;;;;;;;;;;;;;;;;;;;;;;;;;;;;;;;;;;;;;;;;;;;;;;;;;;;;;;;;;;;;;;;;;;;X;;;X;
F5757411501700;F5757411501700;FAIRING ASSY - TRACK 2,3,5;REPAIR;;;;X;X;;;;;;;;;;;;;;;;;;;;;;;;X;X;;;;;;;;;;;;;;;;;;;;;;;;;;;;;;;;;;;;;;;;;;;;;;;;;;;;;;;;;;;;;;;;;;;;X;;;X;
F5757411501800;F5757411501800;FAIRING ASSY -  MOVABLE 5 LH;REPAIR;;;;X;X;X;X;X;;;;;;;;;;;;;X;;;;;;;;X;X;;;;;;;;;;;;;;;;;;;;;;;;;;;;;;;;;;;;;;;;;;;;;;;;;;;;;;;;;;;;;;;;;;;;X;;;X;
F5757411501800;F5757411501800;FAIRING ASSY - TRACK 2,3,5;REPAIR;;;;X;X;;;;;;;;;;;;;;;;;;;;;;;;X;X;;;;;;;;;;;;;;;;;;;;;;;;;;;;;;;;;;;;;;;;;;;;;;;;;;;;;;;;;;;;;;;;;;;;X;;;X;
F5757411501900;F5757411501900;FAIRING ASSY -  MOVABLE 5 LH;REPAIR;;;;X;X;X;X;X;;;;;;;;;;;;;X;;;;;;;;X;X;;;;;;;;;;;;;;;;;;;;;;;;;;;;;;;;;;;;;;;;;;;;;;;;;;;;;;;;;;;;;;;;;;;;X;;;X;
F5757411501900;F5757411501900;FAIRING ASSY - TRACK 2,3,5;REPAIR;;;;X;X;;;;;;;;;;;;;;;;;;;;;;;;X;X;;;;;;;;;;;;;;;;;;;;;;;;;;;;;;;;;;;;;;;;;;;;;;;;;;;;;;;;;;;;;;;;;;;;X;;;X;
F5757411502200;F5757411502200;FAIRING ASSY - TRACK 2,3,5;REPAIR;;;;X;X;;;;;;;;;;;;;;;;;;;;;;;;X;X;;;;;;;;;;;;;;;;;;;;;;;;;;;;;;;;;;;;;;;;;;;;;;;;;;;;;;;;;;;;;;;;;;;;X;;;X;
F5757411502300;F5757411502300;FAIRING ASSY - TRACK 2,3,5;REPAIR;;;;X;X;;;;;;;;;;;;;;;;;;;;;;;;X;X;;;;;;;;;;;;;;;;;;;;;;;;;;;;;;;;;;;;;;;;;;;;;;;;;;;;;;;;;;;;;;;;;;;;X;;;X;
F5757411502651;F5757411502651;FAIRING ASSY - TRACK 2,3,5;REPAIR;;;;X;X;;;;;;;;;;;;;;;;;;;;;;;;X;X;;;;;;;;;;;;;;;;;;;;;;;;;;;;;;;;;;;;;;;;;;;;;;;;;;;;;;;;;;;;;;;;;;;;X;;;X;
F5757411502751;F5757411502751;FAIRING ASSY - TRACK 2,3,5;REPAIR;;;;X;X;;;;;;;;;;;;;;;;;;;;;;;;X;X;;;;;;;;;;;;;;;;;;;;;;;;;;;;;;;;;;;;;;;;;;;;;;;;;;;;;;;;;;;;;;;;;;;;X;;;X;
F5757411502851;F5757411502851;FAIRING ASSY - TRACK 2,3,5;REPAIR;;;;X;X;;;;;;;;;;;;;;;;;;;;;;;;X;X;;;;;;;;;;;;;;;;;;;;;;;;;;;;;;;;;;;;;;;;;;;;;;;;;;;;;;;;;;;;;;;;;;;;X;;;X;
F5757411502951;F5757411502951;FAIRING ASSY - TRACK 2,3,5;REPAIR;;;;X;X;;;;;;;;;;;;;;;;;;;;;;;;X;X;;;;;;;;;;;;;;;;;;;;;;;;;;;;;;;;;;;;;;;;;;;;;;;;;;;;;;;;;;;;;;;;;;;;X;;;X;
F5757411504000;F5757411504000;FAIRING ASSY - TRACK 2,3,5;REPAIR;;;;X;X;;;;;;;;;;;;;;;;;;;;;;;;X;X;;;;;;;;;;;;;;;;;;;;;;;;;;;;;;;;;;;;;;;;;;;;;;;;;;;;;;;;;;;;;;;;;;;;X;;;X;
F5757411504100;F5757411504100;FAIRING ASSY - TRACK 2,3,5;REPAIR;;;;X;X;;;;;;;;;;;;;;;;;;;;;;;;X;X;;;;;;;;;;;;;;;;;;;;;;;;;;;;;;;;;;;;;;;;;;;;;;;;;;;;;;;;;;;;;;;;;;;;X;;;X;
F5757411504200;F5757411504200;FAIRING ASSY - TRACK 2,3,5;REPAIR;;;;X;X;;;;;;;;;;;;;;;;;;;;;;;;X;X;;;;;;;;;;;;;;;;;;;;;;;;;;;;;;;;;;;;;;;;;;;;;;;;;;;;;;;;;;;;;;;;;;;;X;;;X;
F5757411504300;F5757411504300;FAIRING ASSY - TRACK 2,3,5;REPAIR;;;;X;X;;;;;;;;;;;;;;;;;;;;;;;;X;X;;;;;;;;;;;;;;;;;;;;;;;;;;;;;;;;;;;;;;;;;;;;;;;;;;;;;;;;;;;;;;;;;;;;X;;;X;
F5757411600251;F5757411600251;FAIRING ASSY - TRACK 4;REPAIR;;;;X;X;;;;;;;;;;;;;;;;;;;;;;;;X;X;;;;;;;;;;;;;;;;;;;;;;;;;;;;;;;;;;;;;;;;;;;;;;;;;;;;;;;;;;;;;;;;;;;;X;;;X;
F5757411600252;F5757411600252;FAIRING ASSY - TRACK 4;REPAIR;;;;X;X;;;;;;;;;;;;;;;;;;;;;;;;X;X;;;;;;;;;;;;;;;;;;;;;;;;;;;;;;;;;;;;;;;;;;;;;;;;;;;;;;;;;;;;;;;;;;;;X;;;X;
F5757411600253;F5757411600253;FAIRING ASSY - TRACK 4;REPAIR;;;;X;X;;;;;;;;;;;;;;;;;;;;;;;;X;X;;;;;;;;;;;;;;;;;;;;;;;;;;;;;;;;;;;;;;;;;;;;;;;;;;;;;;;;;;;;;;;;;;;;X;;;X;
F5757411600255;F5757411600255;FAIRING ASSY - TRACK 4;REPAIR;;;;X;X;;;;;;;;;;;;;;;;;;;;;;;;X;X;;;;;;;;;;;;;;;;;;;;;;;;;;;;;;;;;;;;;;;;;;;;;;;;;;;;;;;;;;;;;;;;;;;;X;;;X;
F5757411600256;F5757411600256;FAIRING ASSY - TRACK 4;REPAIR;;;;X;X;;;;;;;;;;;;;;;;;;;;;;;;X;X;;;;;;;;;;;;;;;;;;;;;;;;;;;;;;;;;;;;;;;;;;;;;;;;;;;;;;;;;;;;;;;;;;;;X;;;X;
F5757411600260;F5757411600260;FAIRING ASSY - TRACK 4;REPAIR;;;;X;X;;;;;;;;;;;;;;;;;;;;;;;;X;X;;;;;;;;;;;;;;;;;;;;;;;;;;;;;;;;;;;;;;;;;;;;;;;;;;;;;;;;;;;;;;;;;;;;X;;;X;
F5757411600261;F5757411600261;FAIRING ASSY - TRACK 4;REPAIR;;;;X;X;;;;;;;;;;;;;;;;;;;;;;;;X;X;;;;;;;;;;;;;;;;;;;;;;;;;;;;;;;;;;;;;;;;;;;;;;;;;;;;;;;;;;;;;;;;;;;;X;;;X;
F5757411601060;F5757411601060;FAIRING ASSY - TRACK 4;REPAIR;;;;X;X;;;;;;;;;;;;;;;;;;;;;;;;X;X;;;;;;;;;;;;;;;;;;;;;;;;;;;;;;;;;;;;;;;;;;;;;;;;;;;;;;;;;;;;;;;;;;;;X;;;X;
F5757411601061;F5757411601061;FAIRING ASSY - TRACK 4;REPAIR;;;;X;X;;;;;;;;;;;;;;;;;;;;;;;;X;X;;;;;;;;;;;;;;;;;;;;;;;;;;;;;;;;;;;;;;;;;;;;;;;;;;;;;;;;;;;;;;;;;;;;X;;;X;
F5757411601062;F5757411601062;FAIRING ASSY - TRACK 4;REPAIR;;;;X;X;;;;;;;;;;;;;;;;;;;;;;;;X;X;;;;;;;;;;;;;;;;;;;;;;;;;;;;;;;;;;;;;;;;;;;;;;;;;;;;;;;;;;;;;;;;;;;;X;;;X;
F5757411602200;F5757411602200;FAIRING ASSY - MOVABLE 4;REPAIR;;;;X;X;X;X;X;;;;;;;;;;;;;X;;;;;;;;X;X;;;;;;;;;;;;;;;;;;;;;;;;;;;;;;;;;;;;;;;;;;;;;;;;;;;;;;;;;;;;;;;;;;;;X;;;X;
F5757411602651;F5757411602651;FAIRING ASSY - TRACK 4;REPAIR;;;;X;X;;;;;;;;;;;;;;;;;;;;;;;;X;X;;;;;;;;;;;;;;;;;;;;;;;;;;;;;;;;;;;;;;;;;;;;;;;;;;;;;;;;;;;;;;;;;;;;X;;;X;
F5757411602851;F5757411602851;FAIRING ASSY - TRACK 4;REPAIR;;;;X;X;;;;;;;;;;;;;;;;;;;;;;;;X;X;;;;;;;;;;;;;;;;;;;;;;;;;;;;;;;;;;;;;;;;;;;;;;;;;;;;;;;;;;;;;;;;;;;;X;;;X;
F5757411604000;F5757411604000;FAIRING ASSY - TRACK 4;REPAIR;;;;X;X;;;;;;;;;;;;;;;;;;;;;;;;X;X;;;;;;;;;;;;;;;;;;;;;;;;;;;;;;;;;;;;;;;;;;;;;;;;;;;;;;;;;;;;;;;;;;;;X;;;X;
F5757423000200;F5757423000200;FAIRING ASSY - TRACK 4;REPAIR;;;;X;X;;;;;;;;;;;;;;;;;;;;;;;;X;X;;;;;;;;;;;;;;;;;;;;;;;;;;;;;;;;;;;;;;;;;;;;;;;;;;;;;;;;;;;;;;;;;;;;X;;;X;
F5757423000400;F5757423000400;FAIRING ASSY - TRACK 4;REPAIR;;;;X;X;;;;;;;;;;;;;;;;;;;;;;;;X;X;;;;;;;;;;;;;;;;;;;;;;;;;;;;;;;;;;;;;;;;;;;;;;;;;;;;;;;;;;;;;;;;;;;;X;;;X;
F5757423000600;F5757423000600;FAIRING ASSY - TRACK 4;REPAIR;;;;X;X;;;;;;;;;;;;;;;;;;;;;;;;X;X;;;;;;;;;;;;;;;;;;;;;;;;;;;;;;;;;;;;;;;;;;;;;;;;;;;;;;;;;;;;;;;;;;;;X;;;X;
F5757423000800;F5757423000800;FAIRING ASSY - TRACK 4;REPAIR;;;;X;X;;;;;;;;;;;;;;;;;;;;;;;;X;X;;;;;;;;;;;;;;;;;;;;;;;;;;;;;;;;;;;;;;;;;;;;;;;;;;;;;;;;;;;;;;;;;;;;X;;;X;
F5757423001000;F5757423001000;FAIRING ASSY - TRACK 4;REPAIR;;;;X;X;;;;;;;;;;;;;;;;;;;;;;;;X;X;;;;;;;;;;;;;;;;;;;;;;;;;;;;;;;;;;;;;;;;;;;;;;;;;;;;;;;;;;;;;;;;;;;;X;;;X;
F5757423001400;F5757423001400;FAIRING ASSY - TRACK 4;REPAIR;;;;X;X;;;;;;;;;;;;;;;;;;;;;;;;X;X;;;;;;;;;;;;;;;;;;;;;;;;;;;;;;;;;;;;;;;;;;;;;;;;;;;;;;;;;;;;;;;;;;;;X;;;X;
F5757423002200;F5757423002200;FAIRING ASSY - TRACK 4;REPAIR;;;;X;X;;;;;;;;;;;;;;;;;;;;;;;;X;X;;;;;;;;;;;;;;;;;;;;;;;;;;;;;;;;;;;;;;;;;;;;;;;;;;;;;;;;;;;;;;;;;;;;X;;;X;
F5757423002200;F5757423002200;FAIRING ASSY - TRACK 4;REPAIR;;;;X;X;;;;;;;;;;;;;;;;;;;;;;;;X;X;;;;;;;;;;;;;;;;;;;;;;;;;;;;;;;;;;;;;;;;;;;;;;;;;;;;;;;;;;;;;;;;;;;;X;;;X;
F5757449000200;F5757449000200;FAIRING ASSY - TRACK 4;REPAIR;;;;X;X;;;;;;;;;;;;;;;;;;;;;;;;X;X;;;;;;;;;;;;;;;;;;;;;;;;;;;;;;;;;;;;;;;;;;;;;;;;;;;;;;;;;;;;;;;;;;;;X;;;X;
F5757449001400;F5757449001400;FAIRING ASSY - TRACK 4;REPAIR;;;;X;X;;;;;;;;;;;;;;;;;;;;;;;;X;X;;;;;;;;;;;;;;;;;;;;;;;;;;;;;;;;;;;;;;;;;;;;;;;;;;;;;;;;;;;;;;;;;;;;X;;;X;
F5757495000260;F5757495000260;FLAP ASSY - OUTBOARD;REPAIR;;;;X;X;;;;;;;;;;;;;;;;;;;;;;;;X;X;;;;;;;;;;;;;;;;;;;;;;;;;;;;;;;;;;;;;;;;;;;;;;;;;;;;;;;;;;;;;;;;;;;;X;;;X;
F5757495000360;F5757495000360;FLAP ASSY - OUTBOARD;REPAIR;;;;X;X;;;;;;;;;;;;;;;;;;;;;;;;X;X;;;;;;;;;;;;;;;;;;;;;;;;;;;;;;;;;;;;;;;;;;;;;;;;;;;;;;;;;;;;;;;;;;;;X;;;X;
F5757495000460;F5757495000460;FLAP ASSY - OUTBOARD;REPAIR;;;;X;X;;;;;;;;;;;;;;;;;;;;;;;;X;X;;;;;;;;;;;;;;;;;;;;;;;;;;;;;;;;;;;;;;;;;;;;;;;;;;;;;;;;;;;;;;;;;;;;X;;;X;
F5757495000560;F5757495000560;FLAP ASSY - OUTBOARD;REPAIR;;;;X;X;;;;;;;;;;;;;;;;;;;;;;;;X;X;;;;;;;;;;;;;;;;;;;;;;;;;;;;;;;;;;;;;;;;;;;;;;;;;;;;;;;;;;;;;;;;;;;;X;;;X;
F5757495000864;F5757495000864;FLAP ASSY - OUTBOARD;REPAIR;;;;X;X;;;;;;;;;;;;;;;;;;;;;;;;X;X;;;;;;;;;;;;;;;;;;;;;;;;;;;;;;;;;;;;;;;;;;;;;;;;;;;;;;;;;;;;;;;;;;;;X;;;X;
F5757495000964;F5757495000964;FLAP ASSY - OUTBOARD;REPAIR;;;;X;X;;;;;;;;;;;;;;;;;;;;;;;;X;X;;;;;;;;;;;;;;;;;;;;;;;;;;;;;;;;;;;;;;;;;;;;;;;;;;;;;;;;;;;;;;;;;;;;X;;;X;
F5757495001660;F5757495001660;FLAP ASSY - OUTBOARD;REPAIR;;;;X;X;;;;;;;;;;;;;;;;;;;;;;;;X;X;;;;;;;;;;;;;;;;;;;;;;;;;;;;;;;;;;;;;;;;;;;;;;;;;;;;;;;;;;;;;;;;;;;;X;;;X;
F5757495001760;F5757495001760;FLAP ASSY - OUTBOARD;REPAIR;;;;X;X;;;;;;;;;;;;;;;;;;;;;;;;X;X;;;;;;;;;;;;;;;;;;;;;;;;;;;;;;;;;;;;;;;;;;;;;;;;;;;;;;;;;;;;;;;;;;;;X;;;X;
F5757501000000;F5757501000000;FLAP ASSY - OUTBOARD;REPAIR;;;;X;X;;;;;;;;;;;;;;;;;;;;;;;;X;X;;;;;;;;;;;;;;;;;;;;;;;;;;;;;;;;;;;;;;;;;;;;;;;;;;;;;;;;;;;;;;;;;;;;X;;;X;
F5757501000100;F5757501000100;FLAP ASSY - OUTBOARD;REPAIR;;;;X;X;;;;;;;;;;;;;;;;;;;;;;;;X;X;;;;;;;;;;;;;;;;;;;;;;;;;;;;;;;;;;;;;;;;;;;;;;;;;;;;;;;;;;;;;;;;;;;;X;;;X;
F5757501000200;F5757501000200;FLAP ASSY - OUTBOARD;REPAIR;;;;X;X;;;;;;;;;;;;;;;;;;;;;;;;X;X;;;;;;;;;;;;;;;;;;;;;;;;;;;;;;;;;;;;;;;;;;;;;;;;;;;;;;;;;;;;;;;;;;;;X;;;X;
F5757501000300;F5757501000300;FLAP ASSY - OUTBOARD;REPAIR;;;;X;X;;;;;;;;;;;;;;;;;;;;;;;;X;X;;;;;;;;;;;;;;;;;;;;;;;;;;;;;;;;;;;;;;;;;;;;;;;;;;;;;;;;;;;;;;;;;;;;X;;;X;
F5757501000400;F5757501000400;FLAP ASSY - OUTBOARD;REPAIR;;;;X;X;;;;;;;;;;;;;;;;;;;;;;;;X;X;;;;;;;;;;;;;;;;;;;;;;;;;;;;;;;;;;;;;;;;;;;;;;;;;;;;;;;;;;;;;;;;;;;;X;;;X;
F5757501000500;F5757501000500;FLAP ASSY - OUTBOARD;REPAIR;;;;X;X;;;;;;;;;;;;;;;;;;;;;;;;X;X;;;;;;;;;;;;;;;;;;;;;;;;;;;;;;;;;;;;;;;;;;;;;;;;;;;;;;;;;;;;;;;;;;;;X;;;X;
F5757501000600;F5757501000600;FLAP ASSY - OUTBOARD;REPAIR;;;;X;X;;;;;;;;;;;;;;;;;;;;;;;;X;X;;;;;;;;;;;;;;;;;;;;;;;;;;;;;;;;;;;;;;;;;;;;;;;;;;;;;;;;;;;;;;;;;;;;X;;;X;
F5757501000700;F5757501000700;FLAP ASSY - OUTBOARD;REPAIR;;;;X;X;;;;;;;;;;;;;;;;;;;;;;;;X;X;;;;;;;;;;;;;;;;;;;;;;;;;;;;;;;;;;;;;;;;;;;;;;;;;;;;;;;;;;;;;;;;;;;;X;;;X;
F5758500000100;F5758500000100;FLAP ASSY - INBOARD;REPAIR;;;;X;X;;;;;;;;;;;;;;;;;;;;;;;;X;X;;;;;;;;;;;;;;;;;;;;;;;;;;;;;;;;;;;;;;;;;;;;;;;;;;;;;;;;;;;;;;;;;;;;X;;;X;
F5758500000200;F5758500000200;FLAP ASSY - INBOARD;REPAIR;;;;X;X;;;;;;;;;;;;;;;;;;;;;;;;X;X;;;;;;;;;;;;;;;;;;;;;;;;;;;;;;;;;;;;;;;;;;;;;;;;;;;;;;;;;;;;;;;;;;;;X;;;X;
F5758500000300;F5758500000300;FLAP ASSY - INBOARD;REPAIR;;;;X;X;;;;;;;;;;;;;;;;;;;;;;;;X;X;;;;;;;;;;;;;;;;;;;;;;;;;;;;;;;;;;;;;;;;;;;;;;;;;;;;;;;;;;;;;;;;;;;;X;;;X;
F5758500000400;F5758500000400;FLAP ASSY - INBOARD;REPAIR;;;;X;X;;;;;;;;;;;;;;;;;;;;;;;;X;X;;;;;;;;;;;;;;;;;;;;;;;;;;;;;;;;;;;;;;;;;;;;;;;;;;;;;;;;;;;;;;;;;;;;X;;;X;
F5758500000500;F5758500000500;FLAP ASSY - INBOARD;REPAIR;;;;X;X;;;;;;;;;;;;;;;;;;;;;;;;X;X;;;;;;;;;;;;;;;;;;;;;;;;;;;;;;;;;;;;;;;;;;;;;;;;;;;;;;;;;;;;;;;;;;;;X;;;X;
F5758500000600;F5758500000600;FLAP ASSY - INBOARD;REPAIR;;;;X;X;;;;;;;;;;;;;;;;;;;;;;;;X;X;;;;;;;;;;;;;;;;;;;;;;;;;;;;;;;;;;;;;;;;;;;;;;;;;;;;;;;;;;;;;;;;;;;;X;;;X;
F5758500000700;F5758500000700;FLAP ASSY - INBOARD;REPAIR;;;;X;X;;;;;;;;;;;;;;;;;;;;;;;;X;X;;;;;;;;;;;;;;;;;;;;;;;;;;;;;;;;;;;;;;;;;;;;;;;;;;;;;;;;;;;;;;;;;;;;X;;;X;
F5758500000800;F5758500000800;FLAP ASSY - INBOARD;REPAIR;;;;X;X;;;;;;;;;;;;;;;;;;;;;;;;X;X;;;;;;;;;;;;;;;;;;;;;;;;;;;;;;;;;;;;;;;;;;;;;;;;;;;;;;;;;;;;;;;;;;;;X;;;X;
F5758500000900;F5758500000900;FLAP ASSY - INBOARD;REPAIR;;;;X;X;;;;;;;;;;;;;;;;;;;;;;;;X;X;;;;;;;;;;;;;;;;;;;;;;;;;;;;;;;;;;;;;;;;;;;;;;;;;;;;;;;;;;;;;;;;;;;;X;;;X;
F5758500001000;F5758500001000;FLAP ASSY - INBOARD;REPAIR;;;;X;X;;;;;;;;;;;;;;;;;;;;;;;;X;X;;;;;;;;;;;;;;;;;;;;;;;;;;;;;;;;;;;;;;;;;;;;;;;;;;;;;;;;;;;;;;;;;;;;X;;;X;
F5758500001100;F5758500001100;FLAP ASSY - INBOARD;REPAIR;;;;X;X;;;;;;;;;;;;;;;;;;;;;;;;X;X;;;;;;;;;;;;;;;;;;;;;;;;;;;;;;;;;;;;;;;;;;;;;;;;;;;;;;;;;;;;;;;;;;;;X;;;X;
F5758500001200;F5758500001200;FLAP ASSY - INBOARD;REPAIR;;;;X;X;;;;;;;;;;;;;;;;;;;;;;;;X;X;;;;;;;;;;;;;;;;;;;;;;;;;;;;;;;;;;;;;;;;;;;;;;;;;;;;;;;;;;;;;;;;;;;;X;;;X;
F5758500001300;F5758500001300;FLAP ASSY - INBOARD;REPAIR;;;;X;X;;;;;;;;;;;;;;;;;;;;;;;;X;X;;;;;;;;;;;;;;;;;;;;;;;;;;;;;;;;;;;;;;;;;;;;;;;;;;;;;;;;;;;;;;;;;;;;X;;;X;
F5758500001400;F5758500001400;FLAP ASSY - INBOARD;REPAIR;;;;X;X;;;;;;;;;;;;;;;;;;;;;;;;X;X;;;;;;;;;;;;;;;;;;;;;;;;;;;;;;;;;;;;;;;;;;;;;;;;;;;;;;;;;;;;;;;;;;;;X;;;X;
F5758500001500;F5758500001500;FLAP ASSY - INBOARD;REPAIR;;;;X;X;;;;;;;;;;;;;;;;;;;;;;;;X;X;;;;;;;;;;;;;;;;;;;;;;;;;;;;;;;;;;;;;;;;;;;;;;;;;;;;;;;;;;;;;;;;;;;;X;;;X;
F5758500001600;F5758500001600;FLAP ASSY - INBOARD;REPAIR;;;;X;X;;;;;;;;;;;;;;;;;;;;;;;;X;X;;;;;;;;;;;;;;;;;;;;;;;;;;;;;;;;;;;;;;;;;;;;;;;;;;;;;;;;;;;;;;;;;;;;X;;;X;
F5758500001700;F5758500001700;FLAP ASSY - INBOARD;REPAIR;;;;X;X;;;;;;;;;;;;;;;;;;;;;;;;X;X;;;;;;;;;;;;;;;;;;;;;;;;;;;;;;;;;;;;;;;;;;;;;;;;;;;;;;;;;;;;;;;;;;;;X;;;X;
F5758500001800;F5758500001800;FLAP ASSY - INBOARD;REPAIR;;;;X;X;;;;;;;;;;;;;;;;;;;;;;;;X;X;;;;;;;;;;;;;;;;;;;;;;;;;;;;;;;;;;;;;;;;;;;;;;;;;;;;;;;;;;;;;;;;;;;;X;;;X;
F5758500001900;F5758500001900;FLAP ASSY - INBOARD;REPAIR;;;;X;X;;;;;;;;;;;;;;;;;;;;;;;;X;X;;;;;;;;;;;;;;;;;;;;;;;;;;;;;;;;;;;;;;;;;;;;;;;;;;;;;;;;;;;;;;;;;;;;X;;;X;
F5761000700000;F5761000700000;STRUCTURE COMPLETE - AILERON, INBOARD;REPAIR;;;;X;X;;;;;;;;;;;;;;;;;;;;;;;;X;X;;;;;;;;;;;;;;;;;;;;;;;;;;;;;;;;;;;;;;;;;;;;;;;;;;;;;;;;;;;;;;;;;;;;X;;;X;
F5761000700001;F5761000700001;STRUCTURE COMPLETE - AILERON, INBOARD;REPAIR;;;;X;X;;;;;;;;;;;;;;;;;;;;;;;;X;X;;;;;;;;;;;;;;;;;;;;;;;;;;;;;;;;;;;;;;;;;;;;;;;;;;;;;;;;;;;;;;;;;;;;X;;;X;
F5761000700100;F5761000700100;STRUCTURE COMPLETE - AILERON, INBOARD;REPAIR;;;;X;X;;;;;;;;;;;;;;;;;;;;;;;;X;X;;;;;;;;;;;;;;;;;;;;;;;;;;;;;;;;;;;;;;;;;;;;;;;;;;;;;;;;;;;;;;;;;;;;X;;;X;
F5761000700101;F5761000700101;STRUCTURE COMPLETE - AILERON, INBOARD;REPAIR;;;;X;X;;;;;;;;;;;;;;;;;;;;;;;;X;X;;;;;;;;;;;;;;;;;;;;;;;;;;;;;;;;;;;;;;;;;;;;;;;;;;;;;;;;;;;;;;;;;;;;X;;;X;
F5761000700200;F5761000700200;STRUCTURE COMPLETE - AILERON, INBOARD;REPAIR;;;;X;X;;;;;;;;;;;;;;;;;;;;;;;;X;X;;;;;;;;;;;;;;;;;;;;;;;;;;;;;;;;;;;;;;;;;;;;;;;;;;;;;;;;;;;;;;;;;;;;X;;;X;
F5761000700300;F5761000700300;STRUCTURE COMPLETE - AILERON, INBOARD;REPAIR;;;;X;X;;;;;;;;;;;;;;;;;;;;;;;;X;X;;;;;;;;;;;;;;;;;;;;;;;;;;;;;;;;;;;;;;;;;;;;;;;;;;;;;;;;;;;;;;;;;;;;X;;;X;
F5761000700600;F5761000700600;STRUCTURE COMPLETE - AILERON, INBOARD;REPAIR;;;;X;X;;;;;;;;;;;;;;;;;;;;;;;;X;X;;;;;;;;;;;;;;;;;;;;;;;;;;;;;;;;;;;;;;;;;;;;;;;;;;;;;;;;;;;;;;;;;;;;X;;;X;
F5761000700700;F5761000700700;STRUCTURE COMPLETE - AILERON, INBOARD;REPAIR;;;;X;X;;;;;;;;;;;;;;;;;;;;;;;;X;X;;;;;;;;;;;;;;;;;;;;;;;;;;;;;;;;;;;;;;;;;;;;;;;;;;;;;;;;;;;;;;;;;;;;X;;;X;
F5761000701000;F5761000701000;STRUCTURE COMPLETE - AILERON, INBOARD;REPAIR;;;;X;X;;;;;;;;;;;;;;;;;;;;;;;;X;X;;;;;;;;;;;;;;;;;;;;;;;;;;;;;;;;;;;;;;;;;;;;;;;;;;;;;;;;;;;;;;;;;;;;X;;;X;
F5761000701100;F5761000701100;STRUCTURE COMPLETE - AILERON, INBOARD;REPAIR;;;;X;X;;;;;;;;;;;;;;;;;;;;;;;;X;X;;;;;;;;;;;;;;;;;;;;;;;;;;;;;;;;;;;;;;;;;;;;;;;;;;;;;;;;;;;;;;;;;;;;X;;;X;
F5761000701200;F5761000701200;STRUCTURE COMPLETE - AILERON, INBOARD;REPAIR;;;;X;X;;;;;;;;;;;;;;;;;;;;;;;;X;X;;;;;;;;;;;;;;;;;;;;;;;;;;;;;;;;;;;;;;;;;;;;;;;;;;;;;;;;;;;;;;;;;;;;X;;;X;
F5761000701300;F5761000701300;STRUCTURE COMPLETE - AILERON, INBOARD;REPAIR;;;;X;X;;;;;;;;;;;;;;;;;;;;;;;;X;X;;;;;;;;;;;;;;;;;;;;;;;;;;;;;;;;;;;;;;;;;;;;;;;;;;;;;;;;;;;;;;;;;;;;X;;;X;
F5761000701400;F5761000701400;STRUCTURE COMPLETE - AILERON, INBOARD;REPAIR;;;;X;X;;;;;;;;;;;;;;;;;;;;;;;;X;X;;;;;;;;;;;;;;;;;;;;;;;;;;;;;;;;;;;;;;;;;;;;;;;;;;;;;;;;;;;;;;;;;;;;X;;;X;
F5761000701500;F5761000701500;STRUCTURE COMPLETE - AILERON, INBOARD;REPAIR;;;;X;X;;;;;;;;;;;;;;;;;;;;;;;;X;X;;;;;;;;;;;;;;;;;;;;;;;;;;;;;;;;;;;;;;;;;;;;;;;;;;;;;;;;;;;;;;;;;;;;X;;;X;
F5761000701600;F5761000701600;STRUCTURE COMPLETE - AILERON, INBOARD;REPAIR;;;;X;X;;;;;;;;;;;;;;;;;;;;;;;;X;X;;;;;;;;;;;;;;;;;;;;;;;;;;;;;;;;;;;;;;;;;;;;;;;;;;;;;;;;;;;;;;;;;;;;X;;;X;
F5761000701700;F5761000701700;STRUCTURE COMPLETE - AILERON, INBOARD;REPAIR;;;;X;X;;;;;;;;;;;;;;;;;;;;;;;;X;X;;;;;;;;;;;;;;;;;;;;;;;;;;;;;;;;;;;;;;;;;;;;;;;;;;;;;;;;;;;;;;;;;;;;X;;;X;
F5761000702000;F5761000702000;STRUCTURE COMPLETE - AILERON, INBOARD;REPAIR;;;;X;X;;;;;;;;;;;;;;;;;;;;;;;;X;X;;;;;;;;;;;;;;;;;;;;;;;;;;;;;;;;;;;;;;;;;;;;;;;;;;;;;;;;;;;;;;;;;;;;X;;;X;
F5761000702100;F5761000702100;STRUCTURE COMPLETE - AILERON, INBOARD;REPAIR;;;;X;X;;;;;;;;;;;;;;;;;;;;;;;;X;X;;;;;;;;;;;;;;;;;;;;;;;;;;;;;;;;;;;;;;;;;;;;;;;;;;;;;;;;;;;;;;;;;;;;X;;;X;
F5761000702200;F5761000702200;STRUCTURE COMPLETE - AILERON, INBOARD;REPAIR;;;;X;X;;;;;;;;;;;;;;;;;;;;;;;;X;X;;;;;;;;;;;;;;;;;;;;;;;;;;;;;;;;;;;;;;;;;;;;;;;;;;;;;;;;;;;;;;;;;;;;X;;;X;
F5761000702300;F5761000702300;STRUCTURE COMPLETE - AILERON, INBOARD;REPAIR;;;;X;X;;;;;;;;;;;;;;;;;;;;;;;;X;X;;;;;;;;;;;;;;;;;;;;;;;;;;;;;;;;;;;;;;;;;;;;;;;;;;;;;;;;;;;;;;;;;;;;X;;;X;
F5761000702400;F5761000702400;STRUCTURE COMPLETE - AILERON, INBOARD;REPAIR;;;;X;X;;;;;;;;;;;;;;;;;;;;;;;;X;X;;;;;;;;;;;;;;;;;;;;;;;;;;;;;;;;;;;;;;;;;;;;;;;;;;;;;;;;;;;;;;;;;;;;X;;;X;
F5761000702500;F5761000702500;STRUCTURE COMPLETE - AILERON, INBOARD;REPAIR;;;;X;X;;;;;;;;;;;;;;;;;;;;;;;;X;X;;;;;;;;;;;;;;;;;;;;;;;;;;;;;;;;;;;;;;;;;;;;;;;;;;;;;;;;;;;;;;;;;;;;X;;;X;
F5761000702600;F5761000702600;STRUCTURE COMPLETE - AILERON, INBOARD;REPAIR;;;;X;X;;;;;;;;;;;;;;;;;;;;;;;;X;X;;;;;;;;;;;;;;;;;;;;;;;;;;;;;;;;;;;;;;;;;;;;;;;;;;;;;;;;;;;;;;;;;;;;X;;;X;
F5761000702700;F5761000702700;STRUCTURE COMPLETE - AILERON, INBOARD;REPAIR;;;;X;X;;;;;;;;;;;;;;;;;;;;;;;;X;X;;;;;;;;;;;;;;;;;;;;;;;;;;;;;;;;;;;;;;;;;;;;;;;;;;;;;;;;;;;;;;;;;;;;X;;;X;
F5761000702800;F5761000702800;STRUCTURE COMPLETE - AILERON, INBOARD;REPAIR;;;;X;X;;;;;;;;;;;;;;;;;;;;;;;;X;X;;;;;;;;;;;;;;;;;;;;;;;;;;;;;;;;;;;;;;;;;;;;;;;;;;;;;;;;;;;;;;;;;;;;X;;;X;
F5761000702900;F5761000702900;STRUCTURE COMPLETE - AILERON, INBOARD;REPAIR;;;;X;X;;;;;;;;;;;;;;;;;;;;;;;;X;X;;;;;;;;;;;;;;;;;;;;;;;;;;;;;;;;;;;;;;;;;;;;;;;;;;;;;;;;;;;;;;;;;;;;X;;;X;
F5761000703000;F5761000703000;STRUCTURE COMPLETE - AILERON, INBOARD;REPAIR;;;;X;X;;;;;;;;;;;;;;;;;;;;;;;;X;X;;;;;;;;;;;;;;;;;;;;;;;;;;;;;;;;;;;;;;;;;;;;;;;;;;;;;;;;;;;;;;;;;;;;X;;;X;
F5761000703100;F5761000703100;STRUCTURE COMPLETE - AILERON, INBOARD;REPAIR;;;;X;X;;;;;;;;;;;;;;;;;;;;;;;;X;X;;;;;;;;;;;;;;;;;;;;;;;;;;;;;;;;;;;;;;;;;;;;;;;;;;;;;;;;;;;;;;;;;;;;X;;;X;
F5761000703200;F5761000703200;STRUCTURE COMPLETE - AILERON, INBOARD;REPAIR;;;;X;X;;;;;;;;;;;;;;;;;;;;;;;;X;X;;;;;;;;;;;;;;;;;;;;;;;;;;;;;;;;;;;;;;;;;;;;;;;;;;;;;;;;;;;;;;;;;;;;X;;;X;
F5761000703300;F5761000703300;STRUCTURE COMPLETE - AILERON, INBOARD;REPAIR;;;;X;X;;;;;;;;;;;;;;;;;;;;;;;;X;X;;;;;;;;;;;;;;;;;;;;;;;;;;;;;;;;;;;;;;;;;;;;;;;;;;;;;;;;;;;;;;;;;;;;X;;;X;
F5761050700000;F5761050700000;OUTBOARD AILERON;REPAIR;;;;X;X;;;;;;;;;;;;;;;;;;;;;;;;X;X;;;;;;;;;;;;;;;;;;;;;;;;;;;;;;;;;;;;;;;;;;;;;;;;;;;;;;;;;;;;;;;;;;;;X;;;X;
F5761050700001;F5761050700001;OUTBOARD AILERON;REPAIR;;;;X;X;;;;;;;;;;;;;;;;;;;;;;;;X;X;;;;;;;;;;;;;;;;;;;;;;;;;;;;;;;;;;;;;;;;;;;;;;;;;;;;;;;;;;;;;;;;;;;;X;;;X;
F5761050700100;F5761050700100;OUTBOARD AILERON;REPAIR;;;;X;X;;;;;;;;;;;;;;;;;;;;;;;;X;X;;;;;;;;;;;;;;;;;;;;;;;;;;;;;;;;;;;;;;;;;;;;;;;;;;;;;;;;;;;;;;;;;;;;X;;;X;
F5761050700101;F5761050700101;OUTBOARD AILERON;REPAIR;;;;X;X;;;;;;;;;;;;;;;;;;;;;;;;X;X;;;;;;;;;;;;;;;;;;;;;;;;;;;;;;;;;;;;;;;;;;;;;;;;;;;;;;;;;;;;;;;;;;;;X;;;X;
F5761050700200;F5761050700200;OUTBOARD AILERON;REPAIR;;;;X;X;;;;;;;;;;;;;;;;;;;;;;;;X;X;;;;;;;;;;;;;;;;;;;;;;;;;;;;;;;;;;;;;;;;;;;;;;;;;;;;;;;;;;;;;;;;;;;;X;;;X;
F5761050700300;F5761050700300;OUTBOARD AILERON;REPAIR;;;;X;X;;;;;;;;;;;;;;;;;;;;;;;;X;X;;;;;;;;;;;;;;;;;;;;;;;;;;;;;;;;;;;;;;;;;;;;;;;;;;;;;;;;;;;;;;;;;;;;X;;;X;
F5761050700600;F5761050700600;OUTBOARD AILERON;REPAIR;;;;X;X;;;;;;;;;;;;;;;;;;;;;;;;X;X;;;;;;;;;;;;;;;;;;;;;;;;;;;;;;;;;;;;;;;;;;;;;;;;;;;;;;;;;;;;;;;;;;;;X;;;X;
F5761050700700;F5761050700700;OUTBOARD AILERON;REPAIR;;;;X;X;;;;;;;;;;;;;;;;;;;;;;;;X;X;;;;;;;;;;;;;;;;;;;;;;;;;;;;;;;;;;;;;;;;;;;;;;;;;;;;;;;;;;;;;;;;;;;;X;;;X;
F5761050701000;F5761050701000;OUTBOARD AILERON;REPAIR;;;;X;X;;;;;;;;;;;;;;;;;;;;;;;;X;X;;;;;;;;;;;;;;;;;;;;;;;;;;;;;;;;;;;;;;;;;;;;;;;;;;;;;;;;;;;;;;;;;;;;X;;;X;
F5761050701100;F5761050701100;OUTBOARD AILERON;REPAIR;;;;X;X;;;;;;;;;;;;;;;;;;;;;;;;X;X;;;;;;;;;;;;;;;;;;;;;;;;;;;;;;;;;;;;;;;;;;;;;;;;;;;;;;;;;;;;;;;;;;;;X;;;X;
F5761050701200;F5761050701200;OUTBOARD AILERON;REPAIR;;;;X;X;;;;;;;;;;;;;;;;;;;;;;;;X;X;;;;;;;;;;;;;;;;;;;;;;;;;;;;;;;;;;;;;;;;;;;;;;;;;;;;;;;;;;;;;;;;;;;;X;;;X;
F5761050701300;F5761050701300;OUTBOARD AILERON;REPAIR;;;;X;X;;;;;;;;;;;;;;;;;;;;;;;;X;X;;;;;;;;;;;;;;;;;;;;;;;;;;;;;;;;;;;;;;;;;;;;;;;;;;;;;;;;;;;;;;;;;;;;X;;;X;
F5761050701400;F5761050701400;OUTBOARD AILERON;REPAIR;;;;X;X;;;;;;;;;;;;;;;;;;;;;;;;X;X;;;;;;;;;;;;;;;;;;;;;;;;;;;;;;;;;;;;;;;;;;;;;;;;;;;;;;;;;;;;;;;;;;;;X;;;X;
F5761050701500;F5761050701500;OUTBOARD AILERON;REPAIR;;;;X;X;;;;;;;;;;;;;;;;;;;;;;;;X;X;;;;;;;;;;;;;;;;;;;;;;;;;;;;;;;;;;;;;;;;;;;;;;;;;;;;;;;;;;;;;;;;;;;;X;;;X;
F5761050701600;F5761050701600;OUTBOARD AILERON;REPAIR;;;;X;X;;;;;;;;;;;;;;;;;;;;;;;;X;X;;;;;;;;;;;;;;;;;;;;;;;;;;;;;;;;;;;;;;;;;;;;;;;;;;;;;;;;;;;;;;;;;;;;X;;;X;
F5761050701700;F5761050701700;OUTBOARD AILERON;REPAIR;;;;X;X;;;;;;;;;;;;;;;;;;;;;;;;X;X;;;;;;;;;;;;;;;;;;;;;;;;;;;;;;;;;;;;;;;;;;;;;;;;;;;;;;;;;;;;;;;;;;;;X;;;X;
F5761050701800;F5761050701800;OUTBOARD AILERON;REPAIR;;;;X;X;;;;;;;;;;;;;;;;;;;;;;;;X;X;;;;;;;;;;;;;;;;;;;;;;;;;;;;;;;;;;;;;;;;;;;;;;;;;;;;;;;;;;;;;;;;;;;;X;;;X;
F5761050701900;F5761050701900;OUTBOARD AILERON;REPAIR;;;;X;X;;;;;;;;;;;;;;;;;;;;;;;;X;X;;;;;;;;;;;;;;;;;;;;;;;;;;;;;;;;;;;;;;;;;;;;;;;;;;;;;;;;;;;;;;;;;;;;X;;;X;
F5761050702000;F5761050702000;OUTBOARD AILERON;REPAIR;;;;X;X;;;;;;;;;;;;;;;;;;;;;;;;X;X;;;;;;;;;;;;;;;;;;;;;;;;;;;;;;;;;;;;;;;;;;;;;;;;;;;;;;;;;;;;;;;;;;;;X;;;X;
F5761050702100;F5761050702100;OUTBOARD AILERON;REPAIR;;;;X;X;;;;;;;;;;;;;;;;;;;;;;;;X;X;;;;;;;;;;;;;;;;;;;;;;;;;;;;;;;;;;;;;;;;;;;;;;;;;;;;;;;;;;;;;;;;;;;;X;;;X;
F5761050702200;F5761050702200;OUTBOARD AILERON;REPAIR;;;;X;X;;;;;;;;;;;;;;;;;;;;;;;;X;X;;;;;;;;;;;;;;;;;;;;;;;;;;;;;;;;;;;;;;;;;;;;;;;;;;;;;;;;;;;;;;;;;;;;X;;;X;
F5761050702300;F5761050702300;OUTBOARD AILERON;REPAIR;;;;X;X;;;;;;;;;;;;;;;;;;;;;;;;X;X;;;;;;;;;;;;;;;;;;;;;;;;;;;;;;;;;;;;;;;;;;;;;;;;;;;;;;;;;;;;;;;;;;;;X;;;X;
F5761050702400;F5761050702400;OUTBOARD AILERON;REPAIR;;;;X;X;;;;;;;;;;;;;;;;;;;;;;;;X;X;;;;;;;;;;;;;;;;;;;;;;;;;;;;;;;;;;;;;;;;;;;;;;;;;;;;;;;;;;;;;;;;;;;;X;;;X;
F5761050702500;F5761050702500;OUTBOARD AILERON;REPAIR;;;;X;X;;;;;;;;;;;;;;;;;;;;;;;;X;X;;;;;;;;;;;;;;;;;;;;;;;;;;;;;;;;;;;;;;;;;;;;;;;;;;;;;;;;;;;;;;;;;;;;X;;;X;
F5761050702600;F5761050702600;OUTBOARD AILERON;REPAIR;;;;X;X;;;;;;;;;;;;;;;;;;;;;;;;X;X;;;;;;;;;;;;;;;;;;;;;;;;;;;;;;;;;;;;;;;;;;;;;;;;;;;;;;;;;;;;;;;;;;;;X;;;X;
F5761050702700;F5761050702700;OUTBOARD AILERON;REPAIR;;;;X;X;;;;;;;;;;;;;;;;;;;;;;;;X;X;;;;;;;;;;;;;;;;;;;;;;;;;;;;;;;;;;;;;;;;;;;;;;;;;;;;;;;;;;;;;;;;;;;;X;;;X;
F5761050702800;F5761050702800;OUTBOARD AILERON;REPAIR;;;;X;X;;;;;;;;;;;;;;;;;;;;;;;;X;X;;;;;;;;;;;;;;;;;;;;;;;;;;;;;;;;;;;;;;;;;;;;;;;;;;;;;;;;;;;;;;;;;;;;X;;;X;
F5761050702900;F5761050702900;OUTBOARD AILERON;REPAIR;;;;X;X;;;;;;;;;;;;;;;;;;;;;;;;X;X;;;;;;;;;;;;;;;;;;;;;;;;;;;;;;;;;;;;;;;;;;;;;;;;;;;;;;;;;;;;;;;;;;;;X;;;X;
F5761050703000;F5761050703000;OUTBOARD AILERON;REPAIR;;;;X;X;;;;;;;;;;;;;;;;;;;;;;;;X;X;;;;;;;;;;;;;;;;;;;;;;;;;;;;;;;;;;;;;;;;;;;;;;;;;;;;;;;;;;;;;;;;;;;;X;;;X;
F5761050703100;F5761050703100;OUTBOARD AILERON;REPAIR;;;;X;X;;;;;;;;;;;;;;;;;;;;;;;;X;X;;;;;;;;;;;;;;;;;;;;;;;;;;;;;;;;;;;;;;;;;;;;;;;;;;;;;;;;;;;;;;;;;;;;X;;;X;
F5761050703200;F5761050703200;OUTBOARD AILERON;REPAIR;;;;X;X;;;;;;;;;;;;;;;;;;;;;;;;X;X;;;;;;;;;;;;;;;;;;;;;;;;;;;;;;;;;;;;;;;;;;;;;;;;;;;;;;;;;;;;;;;;;;;;X;;;X;
F5761050703400;F5761050703400;OUTBOARD AILERON;REPAIR;;;;X;X;;;;;;;;;;;;;;;;;;;;;;;;X;X;;;;;;;;;;;;;;;;;;;;;;;;;;;;;;;;;;;;;;;;;;;;;;;;;;;;;;;;;;;;;;;;;;;;X;;;X;
F5761050703500;F5761050703500;OUTBOARD AILERON;REPAIR;;;;X;X;;;;;;;;;;;;;;;;;;;;;;;;X;X;;;;;;;;;;;;;;;;;;;;;;;;;;;;;;;;;;;;;;;;;;;;;;;;;;;;;;;;;;;;;;;;;;;;X;;;X;
F5761050703600;F5761050703600;OUTBOARD AILERON;REPAIR;;;;X;X;;;;;;;;;;;;;;;;;;;;;;;;X;X;;;;;;;;;;;;;;;;;;;;;;;;;;;;;;;;;;;;;;;;;;;;;;;;;;;;;;;;;;;;;;;;;;;;X;;;X;
F5761050703660;F5761050703660;OUTBOARD AILERON;REPAIR;;;;X;X;;;;;;;;;;;;;;;;;;;;;;;;X;X;;;;;;;;;;;;;;;;;;;;;;;;;;;;;;;;;;;;;;;;;;;;;;;;;;;;;;;;;;;;;;;;;;;;X;;;X;
F5761050703700;F5761050703700;OUTBOARD AILERON;REPAIR;;;;X;X;;;;;;;;;;;;;;;;;;;;;;;;X;X;;;;;;;;;;;;;;;;;;;;;;;;;;;;;;;;;;;;;;;;;;;;;;;;;;;;;;;;;;;;;;;;;;;;X;;;X;
F5761050703760;F5761050703760;OUTBOARD AILERON;REPAIR;;;;X;X;;;;;;;;;;;;;;;;;;;;;;;;X;X;;;;;;;;;;;;;;;;;;;;;;;;;;;;;;;;;;;;;;;;;;;;;;;;;;;;;;;;;;;;;;;;;;;;X;;;X;
F5762000700000;F5762000700000;STRUCTURE COMPLETE - AILERON, INBOARD;REPAIR;;;;X;X;;;;;;;;;;;;;;;;;;;;;;;;X;X;;;;;;;;;;;;;;;;;;;;;;;;;;;;;;;;;;;;;;;;;;;;;;;;;;;;;;;;;;;;;;;;;;;;X;;;X;
F5762000700100;F5762000700100;STRUCTURE COMPLETE - AILERON, INBOARD;REPAIR;;;;X;X;;;;;;;;;;;;;;;;;;;;;;;;X;X;;;;;;;;;;;;;;;;;;;;;;;;;;;;;;;;;;;;;;;;;;;;;;;;;;;;;;;;;;;;;;;;;;;;X;;;X;
F5762000700400;F5762000700400;STRUCTURE COMPLETE - AILERON, INBOARD;REPAIR;;;;X;X;;;;;;;;;;;;;;;;;;;;;;;;X;X;;;;;;;;;;;;;;;;;;;;;;;;;;;;;;;;;;;;;;;;;;;;;;;;;;;;;;;;;;;;;;;;;;;;X;;;X;
F5762000700500;F5762000700500;STRUCTURE COMPLETE - AILERON, INBOARD;REPAIR;;;;X;X;;;;;;;;;;;;;;;;;;;;;;;;X;X;;;;;;;;;;;;;;;;;;;;;;;;;;;;;;;;;;;;;;;;;;;;;;;;;;;;;;;;;;;;;;;;;;;;X;;;X;
F5762000700600;F5762000700600;STRUCTURE COMPLETE - AILERON, INBOARD;REPAIR;;;;X;X;;;;;;;;;;;;;;;;;;;;;;;;X;X;;;;;;;;;;;;;;;;;;;;;;;;;;;;;;;;;;;;;;;;;;;;;;;;;;;;;;;;;;;;;;;;;;;;X;;;X;
F5762000700700;F5762000700700;STRUCTURE COMPLETE - AILERON, INBOARD;REPAIR;;;;X;X;;;;;;;;;;;;;;;;;;;;;;;;X;X;;;;;;;;;;;;;;;;;;;;;;;;;;;;;;;;;;;;;;;;;;;;;;;;;;;;;;;;;;;;;;;;;;;;X;;;X;
F5762000700800;F5762000700800;STRUCTURE COMPLETE - AILERON, INBOARD;REPAIR;;;;X;X;;;;;;;;;;;;;;;;;;;;;;;;X;X;;;;;;;;;;;;;;;;;;;;;;;;;;;;;;;;;;;;;;;;;;;;;;;;;;;;;;;;;;;;;;;;;;;;X;;;X;
F5762000700900;F5762000700900;STRUCTURE COMPLETE - AILERON, INBOARD;REPAIR;;;;X;X;;;;;;;;;;;;;;;;;;;;;;;;X;X;;;;;;;;;;;;;;;;;;;;;;;;;;;;;;;;;;;;;;;;;;;;;;;;;;;;;;;;;;;;;;;;;;;;X;;;X;
F5762000701000;F5762000701000;STRUCTURE COMPLETE - AILERON, INBOARD;REPAIR;;;;X;X;;;;;;;;;;;;;;;;;;;;;;;;X;X;;;;;;;;;;;;;;;;;;;;;;;;;;;;;;;;;;;;;;;;;;;;;;;;;;;;;;;;;;;;;;;;;;;;X;;;X;
F5762000701100;F5762000701100;STRUCTURE COMPLETE - AILERON, INBOARD;REPAIR;;;;X;X;;;;;;;;;;;;;;;;;;;;;;;;X;X;;;;;;;;;;;;;;;;;;;;;;;;;;;;;;;;;;;;;;;;;;;;;;;;;;;;;;;;;;;;;;;;;;;;X;;;X;
F5762000701200;F5762000701200;STRUCTURE COMPLETE - AILERON, INBOARD;REPAIR;;;;X;X;;;;;;;;;;;;;;;;;;;;;;;;X;X;;;;;;;;;;;;;;;;;;;;;;;;;;;;;;;;;;;;;;;;;;;;;;;;;;;;;;;;;;;;;;;;;;;;X;;;X;
F5762000701300;F5762000701300;STRUCTURE COMPLETE - AILERON, INBOARD;REPAIR;;;;X;X;;;;;;;;;;;;;;;;;;;;;;;;X;X;;;;;;;;;;;;;;;;;;;;;;;;;;;;;;;;;;;;;;;;;;;;;;;;;;;;;;;;;;;;;;;;;;;;X;;;X;
F5777000000000;F5777000000000;SPOILER 3, 4, 5;REPAIR;;;;X;X;;;;;;;;;;;;;;;;;;;;;;;;X;X;;;;;;;;;;;;;;;;;;;;;;;;;;;;;;;;;;;;;;;;;;;;;;;;;;;;;;;;;;;;;;;;;;;;X;;;X;
F5777000000100;F5777000000100;SPOILER 3, 4, 5;REPAIR;;;;X;X;;;;;;;;;;;;;;;;;;;;;;;;X;X;;;;;;;;;;;;;;;;;;;;;;;;;;;;;;;;;;;;;;;;;;;;;;;;;;;;;;;;;;;;;;;;;;;;X;;;X;
F5777000000400;F5777000000400;SPOILER 3, 4, 5;REPAIR;;;;X;X;;;;;;;;;;;;;;;;;;;;;;;;X;X;;;;;;;;;;;;;;;;;;;;;;;;;;;;;;;;;;;;;;;;;;;;;;;;;;;;;;;;;;;;;;;;;;;;X;;;X;
F5777000000500;F5777000000500;SPOILER 3, 4, 5;REPAIR;;;;X;X;;;;;;;;;;;;;;;;;;;;;;;;X;X;;;;;;;;;;;;;;;;;;;;;;;;;;;;;;;;;;;;;;;;;;;;;;;;;;;;;;;;;;;;;;;;;;;;X;;;X;
F5777000000600;F5777000000600;SPOILER 3, 4, 5;REPAIR;;;;X;X;;;;;;;;;;;;;;;;;;;;;;;;X;X;;;;;;;;;;;;;;;;;;;;;;;;;;;;;;;;;;;;;;;;;;;;;;;;;;;;;;;;;;;;;;;;;;;;X;;;X;
F5777000000700;F5777000000700;SPOILER 3, 4, 5;REPAIR;;;;X;X;;;;;;;;;;;;;;;;;;;;;;;;X;X;;;;;;;;;;;;;;;;;;;;;;;;;;;;;;;;;;;;;;;;;;;;;;;;;;;;;;;;;;;;;;;;;;;;X;;;X;
F5777000000800;F5777000000800;SPOILER 3, 4, 5;REPAIR;;;;X;X;;;;;;;;;;;;;;;;;;;;;;;;X;X;;;;;;;;;;;;;;;;;;;;;;;;;;;;;;;;;;;;;;;;;;;;;;;;;;;;;;;;;;;;;;;;;;;;X;;;X;
F5777000000900;F5777000000900;SPOILER 3, 4, 5;REPAIR;;;;X;X;;;;;;;;;;;;;;;;;;;;;;;;X;X;;;;;;;;;;;;;;;;;;;;;;;;;;;;;;;;;;;;;;;;;;;;;;;;;;;;;;;;;;;;;;;;;;;;X;;;X;
F5777000001000;F5777000001000;SPOILER 3, 4, 5;REPAIR;;;;X;X;;;;;;;;;;;;;;;;;;;;;;;;X;X;;;;;;;;;;;;;;;;;;;;;;;;;;;;;;;;;;;;;;;;;;;;;;;;;;;;;;;;;;;;;;;;;;;;X;;;X;
F5777000001100;F5777000001100;SPOILER 3, 4, 5;REPAIR;;;;X;X;;;;;;;;;;;;;;;;;;;;;;;;X;X;;;;;;;;;;;;;;;;;;;;;;;;;;;;;;;;;;;;;;;;;;;;;;;;;;;;;;;;;;;;;;;;;;;;X;;;X;
F5777000100000;F5777000100000;SPOILER 3, 4, 5;REPAIR;;;;X;X;;;;;;;;;;;;;;;;;;;;;;;;X;X;;;;;;;;;;;;;;;;;;;;;;;;;;;;;;;;;;;;;;;;;;;;;;;;;;;;;;;;;;;;;;;;;;;;X;;;X;
F5777000100100;F5777000100100;SPOILER 3, 4, 5;REPAIR;;;;X;X;;;;;;;;;;;;;;;;;;;;;;;;X;X;;;;;;;;;;;;;;;;;;;;;;;;;;;;;;;;;;;;;;;;;;;;;;;;;;;;;;;;;;;;;;;;;;;;X;;;X;
F5777000100400;F5777000100400;SPOILER 3, 4, 5;REPAIR;;;;X;X;;;;;;;;;;;;;;;;;;;;;;;;X;X;;;;;;;;;;;;;;;;;;;;;;;;;;;;;;;;;;;;;;;;;;;;;;;;;;;;;;;;;;;;;;;;;;;;X;;;X;
F5777000100500;F5777000100500;SPOILER 3, 4, 5;REPAIR;;;;X;X;;;;;;;;;;;;;;;;;;;;;;;;X;X;;;;;;;;;;;;;;;;;;;;;;;;;;;;;;;;;;;;;;;;;;;;;;;;;;;;;;;;;;;;;;;;;;;;X;;;X;
F5777000100600;F5777000100600;SPOILER 3, 4, 5;REPAIR;;;;X;X;;;;;;;;;;;;;;;;;;;;;;;;X;X;;;;;;;;;;;;;;;;;;;;;;;;;;;;;;;;;;;;;;;;;;;;;;;;;;;;;;;;;;;;;;;;;;;;X;;;X;
F5777000100700;F5777000100700;SPOILER 3, 4, 5;REPAIR;;;;X;X;;;;;;;;;;;;;;;;;;;;;;;;X;X;;;;;;;;;;;;;;;;;;;;;;;;;;;;;;;;;;;;;;;;;;;;;;;;;;;;;;;;;;;;;;;;;;;;X;;;X;
F5777000100800;F5777000100800;SPOILER 3, 4, 5;REPAIR;;;;X;X;;;;;;;;;;;;;;;;;;;;;;;;X;X;;;;;;;;;;;;;;;;;;;;;;;;;;;;;;;;;;;;;;;;;;;;;;;;;;;;;;;;;;;;;;;;;;;;X;;;X;
F5777000100900;F5777000100900;SPOILER 3, 4, 5;REPAIR;;;;X;X;;;;;;;;;;;;;;;;;;;;;;;;X;X;;;;;;;;;;;;;;;;;;;;;;;;;;;;;;;;;;;;;;;;;;;;;;;;;;;;;;;;;;;;;;;;;;;;X;;;X;
F5777000101000;F5777000101000;SPOILER 3, 4, 5;REPAIR;;;;X;X;;;;;;;;;;;;;;;;;;;;;;;;X;X;;;;;;;;;;;;;;;;;;;;;;;;;;;;;;;;;;;;;;;;;;;;;;;;;;;;;;;;;;;;;;;;;;;;X;;;X;
F5777000101100;F5777000101100;SPOILER 3, 4, 5;REPAIR;;;;X;X;;;;;;;;;;;;;;;;;;;;;;;;X;X;;;;;;;;;;;;;;;;;;;;;;;;;;;;;;;;;;;;;;;;;;;;;;;;;;;;;;;;;;;;;;;;;;;;X;;;X;
F5777000200000;F5777000200000;SPOILER 3, 4, 5;REPAIR;;;;X;X;;;;;;;;;;;;;;;;;;;;;;;;X;X;;;;;;;;;;;;;;;;;;;;;;;;;;;;;;;;;;;;;;;;;;;;;;;;;;;;;;;;;;;;;;;;;;;;X;;;X;
F5777000200100;F5777000200100;SPOILER 3, 4, 5;REPAIR;;;;X;X;;;;;;;;;;;;;;;;;;;;;;;;X;X;;;;;;;;;;;;;;;;;;;;;;;;;;;;;;;;;;;;;;;;;;;;;;;;;;;;;;;;;;;;;;;;;;;;X;;;X;
F5777000200400;F5777000200400;SPOILER 3, 4, 5;REPAIR;;;;X;X;;;;;;;;;;;;;;;;;;;;;;;;X;X;;;;;;;;;;;;;;;;;;;;;;;;;;;;;;;;;;;;;;;;;;;;;;;;;;;;;;;;;;;;;;;;;;;;X;;;X;
F5777000200500;F5777000200500;SPOILER 3, 4, 5;REPAIR;;;;X;X;;;;;;;;;;;;;;;;;;;;;;;;X;X;;;;;;;;;;;;;;;;;;;;;;;;;;;;;;;;;;;;;;;;;;;;;;;;;;;;;;;;;;;;;;;;;;;;X;;;X;
F5777000200600;F5777000200600;SPOILER 3, 4, 5;REPAIR;;;;X;X;;;;;;;;;;;;;;;;;;;;;;;;X;X;;;;;;;;;;;;;;;;;;;;;;;;;;;;;;;;;;;;;;;;;;;;;;;;;;;;;;;;;;;;;;;;;;;;X;;;X;
F5777000200700;F5777000200700;SPOILER 3, 4, 5;REPAIR;;;;X;X;;;;;;;;;;;;;;;;;;;;;;;;X;X;;;;;;;;;;;;;;;;;;;;;;;;;;;;;;;;;;;;;;;;;;;;;;;;;;;;;;;;;;;;;;;;;;;;X;;;X;
F5777000200800;F5777000200800;SPOILER 3, 4, 5;REPAIR;;;;X;X;;;;;;;;;;;;;;;;;;;;;;;;X;X;;;;;;;;;;;;;;;;;;;;;;;;;;;;;;;;;;;;;;;;;;;;;;;;;;;;;;;;;;;;;;;;;;;;X;;;X;
F5777000200900;F5777000200900;SPOILER 3, 4, 5;REPAIR;;;;X;X;;;;;;;;;;;;;;;;;;;;;;;;X;X;;;;;;;;;;;;;;;;;;;;;;;;;;;;;;;;;;;;;;;;;;;;;;;;;;;;;;;;;;;;;;;;;;;;X;;;X;
F5777000201000;F5777000201000;SPOILER 3, 4, 5;REPAIR;;;;X;X;;;;;;;;;;;;;;;;;;;;;;;;X;X;;;;;;;;;;;;;;;;;;;;;;;;;;;;;;;;;;;;;;;;;;;;;;;;;;;;;;;;;;;;;;;;;;;;X;;;X;
F5777000201100;F5777000201100;SPOILER 3, 4, 5;REPAIR;;;;X;X;;;;;;;;;;;;;;;;;;;;;;;;X;X;;;;;;;;;;;;;;;;;;;;;;;;;;;;;;;;;;;;;;;;;;;;;;;;;;;;;;;;;;;;;;;;;;;;X;;;X;
F5777100000000;F5777100000000;SPOILER 1;REPAIR;;;;X;X;;;;;;;;;;;;;;;;;;;;;;;;X;X;;;;;;;;;;;;;;;;;;;;;;;;;;;;;;;;;;;;;;;;;;;;;;;;;;;;;;;;;;;;;;;;;;;;X;;;X;
F5777100000100;F5777100000100;SPOILER 1;REPAIR;;;;X;X;;;;;;;;;;;;;;;;;;;;;;;;X;X;;;;;;;;;;;;;;;;;;;;;;;;;;;;;;;;;;;;;;;;;;;;;;;;;;;;;;;;;;;;;;;;;;;;X;;;X;
F5777100000400;F5777100000400;SPOILER 1;REPAIR;;;;X;X;;;;;;;;;;;;;;;;;;;;;;;;X;X;;;;;;;;;;;;;;;;;;;;;;;;;;;;;;;;;;;;;;;;;;;;;;;;;;;;;;;;;;;;;;;;;;;;X;;;X;
F5777100000451;F5777100000451;SPOILER 1;REPAIR;;;;X;X;;;;;;;;;;;;;;;;;;;;;;;;X;X;;;;;;;;;;;;;;;;;;;;;;;;;;;;;;;;;;;;;;;;;;;;;;;;;;;;;;;;;;;;;;;;;;;;X;;;X;
F5777100000500;F5777100000500;SPOILER 1;REPAIR;;;;X;X;;;;;;;;;;;;;;;;;;;;;;;;X;X;;;;;;;;;;;;;;;;;;;;;;;;;;;;;;;;;;;;;;;;;;;;;;;;;;;;;;;;;;;;;;;;;;;;X;;;X;
F5777100000600;F5777100000600;SPOILER 1;REPAIR;;;;X;X;;;;;;;;;;;;;;;;;;;;;;;;X;X;;;;;;;;;;;;;;;;;;;;;;;;;;;;;;;;;;;;;;;;;;;;;;;;;;;;;;;;;;;;;;;;;;;;X;;;X;
F5777100000700;F5777100000700;SPOILER 1;REPAIR;;;;X;X;;;;;;;;;;;;;;;;;;;;;;;;X;X;;;;;;;;;;;;;;;;;;;;;;;;;;;;;;;;;;;;;;;;;;;;;;;;;;;;;;;;;;;;;;;;;;;;X;;;X;
F5777100000800;F5777100000800;SPOILER 1;REPAIR;;;;X;X;;;;;;;;;;;;;;;;;;;;;;;;X;X;;;;;;;;;;;;;;;;;;;;;;;;;;;;;;;;;;;;;;;;;;;;;;;;;;;;;;;;;;;;;;;;;;;;X;;;X;
F5777100000900;F5777100000900;SPOILER 1;REPAIR;;;;X;X;;;;;;;;;;;;;;;;;;;;;;;;X;X;;;;;;;;;;;;;;;;;;;;;;;;;;;;;;;;;;;;;;;;;;;;;;;;;;;;;;;;;;;;;;;;;;;;X;;;X;
F5777100001200;F5777100001200;SPOILER 1;REPAIR;;;;X;X;;;;;;;;;;;;;;;;;;;;;;;;X;X;;;;;;;;;;;;;;;;;;;;;;;;;;;;;;;;;;;;;;;;;;;;;;;;;;;;;;;;;;;;;;;;;;;;X;;;X;
F5777100001300;F5777100001300;SPOILER 1;REPAIR;;;;X;X;;;;;;;;;;;;;;;;;;;;;;;;X;X;;;;;;;;;;;;;;;;;;;;;;;;;;;;;;;;;;;;;;;;;;;;;;;;;;;;;;;;;;;;;;;;;;;;X;;;X;
F5777100001400;F5777100001400;SPOILER 1;REPAIR;;;;X;X;;;;;;;;;;;;;;;;;;;;;;;;X;X;;;;;;;;;;;;;;;;;;;;;;;;;;;;;;;;;;;;;;;;;;;;;;;;;;;;;;;;;;;;;;;;;;;;X;;;X;
F5777100002200;F5777100002200;SPOILER 1;REPAIR;;;;X;X;;;;;;;;;;;;;;;;;;;;;;;;X;X;;;;;;;;;;;;;;;;;;;;;;;;;;;;;;;;;;;;;;;;;;;;;;;;;;;;;;;;;;;;;;;;;;;;X;;;X;
F5777100002300;F5777100002300;SPOILER 1;REPAIR;;;;X;X;;;;;;;;;;;;;;;;;;;;;;;;X;X;;;;;;;;;;;;;;;;;;;;;;;;;;;;;;;;;;;;;;;;;;;;;;;;;;;;;;;;;;;;;;;;;;;;X;;;X;
F5777100002800;F5777100002800;SPOILER 1;REPAIR;;;;X;X;;;;;;;;;;;;;;;;;;;;;;;;X;X;;;;;;;;;;;;;;;;;;;;;;;;;;;;;;;;;;;;;;;;;;;;;;;;;;;;;;;;;;;;;;;;;;;;X;;;X;
F5777100002900;F5777100002900;SPOILER 1;REPAIR;;;;X;X;;;;;;;;;;;;;;;;;;;;;;;;X;X;;;;;;;;;;;;;;;;;;;;;;;;;;;;;;;;;;;;;;;;;;;;;;;;;;;;;;;;;;;;;;;;;;;;X;;;X;
F5777100100000;F5777100100000;SPOILER 2, 6;REPAIR;;;;X;X;;;;;;;;;;;;;;;;;;;;;;;;X;X;;;;;;;;;;;;;;;;;;;;;;;;;;;;;;;;;;;;;;;;;;;;;;;;;;;;;;;;;;;;;;;;;;;;X;;;X;
F5777100100100;F5777100100100;SPOILER 2, 6;REPAIR;;;;X;X;;;;;;;;;;;;;;;;;;;;;;;;X;X;;;;;;;;;;;;;;;;;;;;;;;;;;;;;;;;;;;;;;;;;;;;;;;;;;;;;;;;;;;;;;;;;;;;X;;;X;
F5777100100400;F5777100100400;SPOILER 2, 6;REPAIR;;;;X;X;;;;;;;;;;;;;;;;;;;;;;;;X;X;;;;;;;;;;;;;;;;;;;;;;;;;;;;;;;;;;;;;;;;;;;;;;;;;;;;;;;;;;;;;;;;;;;;X;;;X;
F5777100100451;F5777100100451;SPOILER 2, 6;REPAIR;;;;X;X;;;;;;;;;;;;;;;;;;;;;;;;X;X;;;;;;;;;;;;;;;;;;;;;;;;;;;;;;;;;;;;;;;;;;;;;;;;;;;;;;;;;;;;;;;;;;;;X;;;X;
F5777100100500;F5777100100500;SPOILER 2, 6;REPAIR;;;;X;X;;;;;;;;;;;;;;;;;;;;;;;;X;X;;;;;;;;;;;;;;;;;;;;;;;;;;;;;;;;;;;;;;;;;;;;;;;;;;;;;;;;;;;;;;;;;;;;X;;;X;
F5777100100551;F5777100100551;SPOILER 2, 6;REPAIR;;;;X;X;;;;;;;;;;;;;;;;;;;;;;;;X;X;;;;;;;;;;;;;;;;;;;;;;;;;;;;;;;;;;;;;;;;;;;;;;;;;;;;;;;;;;;;;;;;;;;;X;;;X;
F5777100100600;F5777100100600;SPOILER 2, 6;REPAIR;;;;X;X;;;;;;;;;;;;;;;;;;;;;;;;X;X;;;;;;;;;;;;;;;;;;;;;;;;;;;;;;;;;;;;;;;;;;;;;;;;;;;;;;;;;;;;;;;;;;;;X;;;X;
F5777100100700;F5777100100700;SPOILER 2, 6;REPAIR;;;;X;X;;;;;;;;;;;;;;;;;;;;;;;;X;X;;;;;;;;;;;;;;;;;;;;;;;;;;;;;;;;;;;;;;;;;;;;;;;;;;;;;;;;;;;;;;;;;;;;X;;;X;
F5777100100800;F5777100100800;SPOILER 2, 6;REPAIR;;;;X;X;;;;;;;;;;;;;;;;;;;;;;;;X;X;;;;;;;;;;;;;;;;;;;;;;;;;;;;;;;;;;;;;;;;;;;;;;;;;;;;;;;;;;;;;;;;;;;;X;;;X;
F5777100100900;F5777100100900;SPOILER 2, 6;REPAIR;;;;X;X;;;;;;;;;;;;;;;;;;;;;;;;X;X;;;;;;;;;;;;;;;;;;;;;;;;;;;;;;;;;;;;;;;;;;;;;;;;;;;;;;;;;;;;;;;;;;;;X;;;X;
F5777100101200;F5777100101200;SPOILER 2, 6;REPAIR;;;;X;X;;;;;;;;;;;;;;;;;;;;;;;;X;X;;;;;;;;;;;;;;;;;;;;;;;;;;;;;;;;;;;;;;;;;;;;;;;;;;;;;;;;;;;;;;;;;;;;X;;;X;
F5777100101300;F5777100101300;SPOILER 2, 6;REPAIR;;;;X;X;;;;;;;;;;;;;;;;;;;;;;;;X;X;;;;;;;;;;;;;;;;;;;;;;;;;;;;;;;;;;;;;;;;;;;;;;;;;;;;;;;;;;;;;;;;;;;;X;;;X;
F5777100101400;F5777100101400;SPOILER 2, 6;REPAIR;;;;X;X;;;;;;;;;;;;;;;;;;;;;;;;X;X;;;;;;;;;;;;;;;;;;;;;;;;;;;;;;;;;;;;;;;;;;;;;;;;;;;;;;;;;;;;;;;;;;;;X;;;X;
F5777100101500;F5777100101500;SPOILER 2, 6;REPAIR;;;;X;X;;;;;;;;;;;;;;;;;;;;;;;;X;X;;;;;;;;;;;;;;;;;;;;;;;;;;;;;;;;;;;;;;;;;;;;;;;;;;;;;;;;;;;;;;;;;;;;X;;;X;
F5777100101600;F5777100101600;SPOILER 2, 6;REPAIR;;;;X;X;;;;;;;;;;;;;;;;;;;;;;;;X;X;;;;;;;;;;;;;;;;;;;;;;;;;;;;;;;;;;;;;;;;;;;;;;;;;;;;;;;;;;;;;;;;;;;;X;;;X;
F5777100101700;F5777100101700;SPOILER 2, 6;REPAIR;;;;X;X;;;;;;;;;;;;;;;;;;;;;;;;X;X;;;;;;;;;;;;;;;;;;;;;;;;;;;;;;;;;;;;;;;;;;;;;;;;;;;;;;;;;;;;;;;;;;;;X;;;X;
F5777100102000;F5777100102000;SPOILER 2, 6;REPAIR;;;;X;X;;;;;;;;;;;;;;;;;;;;;;;;X;X;;;;;;;;;;;;;;;;;;;;;;;;;;;;;;;;;;;;;;;;;;;;;;;;;;;;;;;;;;;;;;;;;;;;X;;;X;
F5777100102100;F5777100102100;SPOILER 2, 6;REPAIR;;;;X;X;;;;;;;;;;;;;;;;;;;;;;;;X;X;;;;;;;;;;;;;;;;;;;;;;;;;;;;;;;;;;;;;;;;;;;;;;;;;;;;;;;;;;;;;;;;;;;;X;;;X;
F5777100102800;F5777100102800;SPOILER 2, 6;REPAIR;;;;X;X;;;;;;;;;;;;;;;;;;;;;;;;X;X;;;;;;;;;;;;;;;;;;;;;;;;;;;;;;;;;;;;;;;;;;;;;;;;;;;;;;;;;;;;;;;;;;;;X;;;X;
F5777100102900;F5777100102900;SPOILER 2, 6;REPAIR;;;;X;X;;;;;;;;;;;;;;;;;;;;;;;;X;X;;;;;;;;;;;;;;;;;;;;;;;;;;;;;;;;;;;;;;;;;;;;;;;;;;;;;;;;;;;;;;;;;;;;X;;;X;
F5777100103600;F5777100103600;SPOILER 2, 6;REPAIR;;;;X;X;;;;;;;;;;;;;;;;;;;;;;;;X;X;;;;;;;;;;;;;;;;;;;;;;;;;;;;;;;;;;;;;;;;;;;;;;;;;;;;;;;;;;;;;;;;;;;;X;;;X;
F5777100103700;F5777100103700;SPOILER 2, 6;REPAIR;;;;X;X;;;;;;;;;;;;;;;;;;;;;;;;X;X;;;;;;;;;;;;;;;;;;;;;;;;;;;;;;;;;;;;;;;;;;;;;;;;;;;;;;;;;;;;;;;;;;;;X;;;X;
F5777100200000;F5777100200000;SPOILER 2, 6;REPAIR;;;;X;X;;;;;;;;;;;;;;;;;;;;;;;;X;X;;;;;;;;;;;;;;;;;;;;;;;;;;;;;;;;;;;;;;;;;;;;;;;;;;;;;;;;;;;;;;;;;;;;X;;;X;
F5777100200100;F5777100200100;SPOILER 2, 6;REPAIR;;;;X;X;;;;;;;;;;;;;;;;;;;;;;;;X;X;;;;;;;;;;;;;;;;;;;;;;;;;;;;;;;;;;;;;;;;;;;;;;;;;;;;;;;;;;;;;;;;;;;;X;;;X;
F5777100200400;F5777100200400;SPOILER 2, 6;REPAIR;;;;X;X;;;;;;;;;;;;;;;;;;;;;;;;X;X;;;;;;;;;;;;;;;;;;;;;;;;;;;;;;;;;;;;;;;;;;;;;;;;;;;;;;;;;;;;;;;;;;;;X;;;X;
F5777100200451;F5777100200451;SPOILER 2, 6;REPAIR;;;;X;X;;;;;;;;;;;;;;;;;;;;;;;;X;X;;;;;;;;;;;;;;;;;;;;;;;;;;;;;;;;;;;;;;;;;;;;;;;;;;;;;;;;;;;;;;;;;;;;X;;;X;
F5777100200500;F5777100200500;SPOILER 2, 6;REPAIR;;;;X;X;;;;;;;;;;;;;;;;;;;;;;;;X;X;;;;;;;;;;;;;;;;;;;;;;;;;;;;;;;;;;;;;;;;;;;;;;;;;;;;;;;;;;;;;;;;;;;;X;;;X;
F5777100200551;F5777100200551;SPOILER 2, 6;REPAIR;;;;X;X;;;;;;;;;;;;;;;;;;;;;;;;X;X;;;;;;;;;;;;;;;;;;;;;;;;;;;;;;;;;;;;;;;;;;;;;;;;;;;;;;;;;;;;;;;;;;;;X;;;X;
F5777100200600;F5777100200600;SPOILER 2, 6;REPAIR;;;;X;X;;;;;;;;;;;;;;;;;;;;;;;;X;X;;;;;;;;;;;;;;;;;;;;;;;;;;;;;;;;;;;;;;;;;;;;;;;;;;;;;;;;;;;;;;;;;;;;X;;;X;
F5777100200700;F5777100200700;SPOILER 2, 6;REPAIR;;;;X;X;;;;;;;;;;;;;;;;;;;;;;;;X;X;;;;;;;;;;;;;;;;;;;;;;;;;;;;;;;;;;;;;;;;;;;;;;;;;;;;;;;;;;;;;;;;;;;;X;;;X;
F5777100200800;F5777100200800;SPOILER 2, 6;REPAIR;;;;X;X;;;;;;;;;;;;;;;;;;;;;;;;X;X;;;;;;;;;;;;;;;;;;;;;;;;;;;;;;;;;;;;;;;;;;;;;;;;;;;;;;;;;;;;;;;;;;;;X;;;X;
F5777100200900;F5777100200900;SPOILER 2, 6;REPAIR;;;;X;X;;;;;;;;;;;;;;;;;;;;;;;;X;X;;;;;;;;;;;;;;;;;;;;;;;;;;;;;;;;;;;;;;;;;;;;;;;;;;;;;;;;;;;;;;;;;;;;X;;;X;
F5777100201200;F5777100201200;SPOILER 2, 6;REPAIR;;;;X;X;;;;;;;;;;;;;;;;;;;;;;;;X;X;;;;;;;;;;;;;;;;;;;;;;;;;;;;;;;;;;;;;;;;;;;;;;;;;;;;;;;;;;;;;;;;;;;;X;;;X;
F5777100201300;F5777100201300;SPOILER 2, 6;REPAIR;;;;X;X;;;;;;;;;;;;;;;;;;;;;;;;X;X;;;;;;;;;;;;;;;;;;;;;;;;;;;;;;;;;;;;;;;;;;;;;;;;;;;;;;;;;;;;;;;;;;;;X;;;X;
F5777100201400;F5777100201400;SPOILER 2, 6;REPAIR;;;;X;X;;;;;;;;;;;;;;;;;;;;;;;;X;X;;;;;;;;;;;;;;;;;;;;;;;;;;;;;;;;;;;;;;;;;;;;;;;;;;;;;;;;;;;;;;;;;;;;X;;;X;
F5777100201500;F5777100201500;SPOILER 2, 6;REPAIR;;;;X;X;;;;;;;;;;;;;;;;;;;;;;;;X;X;;;;;;;;;;;;;;;;;;;;;;;;;;;;;;;;;;;;;;;;;;;;;;;;;;;;;;;;;;;;;;;;;;;;X;;;X;
F5777100201600;F5777100201600;SPOILER 2, 6;REPAIR;;;;X;X;;;;;;;;;;;;;;;;;;;;;;;;X;X;;;;;;;;;;;;;;;;;;;;;;;;;;;;;;;;;;;;;;;;;;;;;;;;;;;;;;;;;;;;;;;;;;;;X;;;X;
F5777100201700;F5777100201700;SPOILER 2, 6;REPAIR;;;;X;X;;;;;;;;;;;;;;;;;;;;;;;;X;X;;;;;;;;;;;;;;;;;;;;;;;;;;;;;;;;;;;;;;;;;;;;;;;;;;;;;;;;;;;;;;;;;;;;X;;;X;
F5777100202000;F5777100202000;SPOILER 2, 6;REPAIR;;;;X;X;;;;;;;;;;;;;;;;;;;;;;;;X;X;;;;;;;;;;;;;;;;;;;;;;;;;;;;;;;;;;;;;;;;;;;;;;;;;;;;;;;;;;;;;;;;;;;;X;;;X;
F5777100202100;F5777100202100;SPOILER 2, 6;REPAIR;;;;X;X;;;;;;;;;;;;;;;;;;;;;;;;X;X;;;;;;;;;;;;;;;;;;;;;;;;;;;;;;;;;;;;;;;;;;;;;;;;;;;;;;;;;;;;;;;;;;;;X;;;X;
F5777100202800;F5777100202800;SPOILER 2, 6;REPAIR;;;;X;X;;;;;;;;;;;;;;;;;;;;;;;;X;X;;;;;;;;;;;;;;;;;;;;;;;;;;;;;;;;;;;;;;;;;;;;;;;;;;;;;;;;;;;;;;;;;;;;X;;;X;
F5777100202900;F5777100202900;SPOILER 2, 6;REPAIR;;;;X;X;;;;;;;;;;;;;;;;;;;;;;;;X;X;;;;;;;;;;;;;;;;;;;;;;;;;;;;;;;;;;;;;;;;;;;;;;;;;;;;;;;;;;;;;;;;;;;;X;;;X;
F5777100203600;F5777100203600;SPOILER 2, 6;REPAIR;;;;X;X;;;;;;;;;;;;;;;;;;;;;;;;X;X;;;;;;;;;;;;;;;;;;;;;;;;;;;;;;;;;;;;;;;;;;;;;;;;;;;;;;;;;;;;;;;;;;;;X;;;X;
F5777100203700;F5777100203700;SPOILER 2, 6;REPAIR;;;;X;X;;;;;;;;;;;;;;;;;;;;;;;;X;X;;;;;;;;;;;;;;;;;;;;;;;;;;;;;;;;;;;;;;;;;;;;;;;;;;;;;;;;;;;;;;;;;;;;X;;;X;
F5777210000000;F5777210000000;SPOILER 1;REPAIR;;;;X;X;;;;;;;;;;;;;;;;;;;;;;;;X;X;;;;;;;;;;;;;;;;;;;;;;;;;;;;;;;;;;;;;;;;;;;;;;;;;;;;;;;;;;;;;;;;;;;;X;;;X;
F5777210000051;F5777210000051;SPOILER 1;REPAIR;;;;X;X;;;;;;;;;;;;;;;;;;;;;;;;X;X;;;;;;;;;;;;;;;;;;;;;;;;;;;;;;;;;;;;;;;;;;;;;;;;;;;;;;;;;;;;;;;;;;;;X;;;X;
F5777210000100;F5777210000100;SPOILER 1;REPAIR;;;;X;X;;;;;;;;;;;;;;;;;;;;;;;;X;X;;;;;;;;;;;;;;;;;;;;;;;;;;;;;;;;;;;;;;;;;;;;;;;;;;;;;;;;;;;;;;;;;;;;X;;;X;
F5777210000151;F5777210000151;SPOILER 1;REPAIR;;;;X;X;;;;;;;;;;;;;;;;;;;;;;;;X;X;;;;;;;;;;;;;;;;;;;;;;;;;;;;;;;;;;;;;;;;;;;;;;;;;;;;;;;;;;;;;;;;;;;;X;;;X;
F5777210000200;F5777210000200;SPOILER 1;REPAIR;;;;X;X;;;;;;;;;;;;;;;;;;;;;;;;X;X;;;;;;;;;;;;;;;;;;;;;;;;;;;;;;;;;;;;;;;;;;;;;;;;;;;;;;;;;;;;;;;;;;;;X;;;X;
F5777210000300;F5777210000300;SPOILER 1;REPAIR;;;;X;X;;;;;;;;;;;;;;;;;;;;;;;;X;X;;;;;;;;;;;;;;;;;;;;;;;;;;;;;;;;;;;;;;;;;;;;;;;;;;;;;;;;;;;;;;;;;;;;X;;;X;
F5777210000400;F5777210000400;SPOILER 1;REPAIR;;;;X;X;;;;;;;;;;;;;;;;;;;;;;;;X;X;;;;;;;;;;;;;;;;;;;;;;;;;;;;;;;;;;;;;;;;;;;;;;;;;;;;;;;;;;;;;;;;;;;;X;;;X;
F5777210000500;F5777210000500;SPOILER 1;REPAIR;;;;X;X;;;;;;;;;;;;;;;;;;;;;;;;X;X;;;;;;;;;;;;;;;;;;;;;;;;;;;;;;;;;;;;;;;;;;;;;;;;;;;;;;;;;;;;;;;;;;;;X;;;X;
F5777210000600;F5777210000600;SPOILER 1;REPAIR;;;;X;X;;;;;;;;;;;;;;;;;;;;;;;;X;X;;;;;;;;;;;;;;;;;;;;;;;;;;;;;;;;;;;;;;;;;;;;;;;;;;;;;;;;;;;;;;;;;;;;X;;;X;
F5777210000700;F5777210000700;SPOILER 1;REPAIR;;;;X;X;;;;;;;;;;;;;;;;;;;;;;;;X;X;;;;;;;;;;;;;;;;;;;;;;;;;;;;;;;;;;;;;;;;;;;;;;;;;;;;;;;;;;;;;;;;;;;;X;;;X;
F5777220000000;F5777220000000;SPOILER 2, 6;REPAIR;;;;X;X;;;;;;;;;;;;;;;;;;;;;;;;X;X;;;;;;;;;;;;;;;;;;;;;;;;;;;;;;;;;;;;;;;;;;;;;;;;;;;;;;;;;;;;;;;;;;;;X;;;X;
F5777220000100;F5777220000100;SPOILER 2, 6;REPAIR;;;;X;X;;;;;;;;;;;;;;;;;;;;;;;;X;X;;;;;;;;;;;;;;;;;;;;;;;;;;;;;;;;;;;;;;;;;;;;;;;;;;;;;;;;;;;;;;;;;;;;X;;;X;
F5777220000200;F5777220000200;SPOILER 2, 6;REPAIR;;;;X;X;;;;;;;;;;;;;;;;;;;;;;;;X;X;;;;;;;;;;;;;;;;;;;;;;;;;;;;;;;;;;;;;;;;;;;;;;;;;;;;;;;;;;;;;;;;;;;;X;;;X;
F5777220000300;F5777220000300;SPOILER 2, 6;REPAIR;;;;X;X;;;;;;;;;;;;;;;;;;;;;;;;X;X;;;;;;;;;;;;;;;;;;;;;;;;;;;;;;;;;;;;;;;;;;;;;;;;;;;;;;;;;;;;;;;;;;;;X;;;X;
F5777220000400;F5777220000400;SPOILER 2, 6;REPAIR;;;;X;X;;;;;;;;;;;;;;;;;;;;;;;;X;X;;;;;;;;;;;;;;;;;;;;;;;;;;;;;;;;;;;;;;;;;;;;;;;;;;;;;;;;;;;;;;;;;;;;X;;;X;
F5777220000500;F5777220000500;SPOILER 2, 6;REPAIR;;;;X;X;;;;;;;;;;;;;;;;;;;;;;;;X;X;;;;;;;;;;;;;;;;;;;;;;;;;;;;;;;;;;;;;;;;;;;;;;;;;;;;;;;;;;;;;;;;;;;;X;;;X;
F5777260000000;F5777260000000;SPOILER 2, 6;REPAIR;;;;X;X;;;;;;;;;;;;;;;;;;;;;;;;X;X;;;;;;;;;;;;;;;;;;;;;;;;;;;;;;;;;;;;;;;;;;;;;;;;;;;;;;;;;;;;;;;;;;;;X;;;X;
F5777260000100;F5777260000100;SPOILER 2, 6;REPAIR;;;;X;X;;;;;;;;;;;;;;;;;;;;;;;;X;X;;;;;;;;;;;;;;;;;;;;;;;;;;;;;;;;;;;;;;;;;;;;;;;;;;;;;;;;;;;;;;;;;;;;X;;;X;
F5777260000200;F5777260000200;SPOILER 2, 6;REPAIR;;;;X;X;;;;;;;;;;;;;;;;;;;;;;;;X;X;;;;;;;;;;;;;;;;;;;;;;;;;;;;;;;;;;;;;;;;;;;;;;;;;;;;;;;;;;;;;;;;;;;;X;;;X;
F5777260000300;F5777260000300;SPOILER 2, 6;REPAIR;;;;X;X;;;;;;;;;;;;;;;;;;;;;;;;X;X;;;;;;;;;;;;;;;;;;;;;;;;;;;;;;;;;;;;;;;;;;;;;;;;;;;;;;;;;;;;;;;;;;;;X;;;X;
F5777260000400;F5777260000400;SPOILER 2, 6;REPAIR;;;;X;X;;;;;;;;;;;;;;;;;;;;;;;;X;X;;;;;;;;;;;;;;;;;;;;;;;;;;;;;;;;;;;;;;;;;;;;;;;;;;;;;;;;;;;;;;;;;;;;X;;;X;
F5777260000500;F5777260000500;SPOILER 2, 6;REPAIR;;;;X;X;;;;;;;;;;;;;;;;;;;;;;;;X;X;;;;;;;;;;;;;;;;;;;;;;;;;;;;;;;;;;;;;;;;;;;;;;;;;;;;;;;;;;;;;;;;;;;;X;;;X;
F96GA0102;F96GA0102;LEVER CONTROL;;OVERHAUL;;;X;X;;X;X;;;;;;;;;;;;;;;;;;;;;;;;;;;;;;;;;;;;;;;;;X;;X;;;;;;;;;;;;;;;;;;;;;;;;;;;;;;;;;;;;;;;;;;;;;;;;X;;;
FAU751A4;FAU751A-4;SMOKE DETECTOR;;REPAIR;;;X;X;;;;;;;;;;;;;;;;;;;;;;;;;;;;;;;;;;;;;;;;;;;;X;;;;X;X;;;;;;;;;;;;;;;;;;;;;;;;;;;;;;;X;;;;;;;;;;;;;;X;;;
FE12702000;FE127-02-000;DAMPER, DOOR PASSENGER;REPAIR;;;;X;X;X;X;X;;;X;;;;;;;;;;X;;;;;;;;X;X;;;;;;;;;;;;;;;;;;;;;;;;;;;;;;;;;;;;;;;;;;;;;;;;;;;;;;;;;;;;;;;;;;;;X;;;;
FE127020001;FE127-02-0001;ACTUATOR-DOOR, PASSENGER;REPAIR;;;;X;X;X;X;X;;;X;;;;;;;;;;X;;;;;;;;;;;;;;;;;;;;;;;;;;;;;;;;;;;;;;;;;;;;;;;;;;;;;;;;;;;;;;;;;;;;;;;;;;;;;X;;;;
FE12702001;FE127-02-001;DAMPER, DOOR PASSENGER;REPAIR;;;;X;X;X;X;X;;;X;;;;;;;;;;X;;;;;;;;X;X;;;;;;;;;;;;;;;;;;;;;;;;;;;;;;;;;;;;;;;;;;;;;;;;;;;;;;;;;;;;;;;;;;;;X;;;;
FE12702002;FE127-02-002;DAMPER, DOOR PASSENGER;REPAIR;;;;X;X;X;X;X;;;X;;;;;;;;;;X;;;;;;;;;;;;;;;;;;;;;;;;;;;;;;;;;;;;;;;;;;;;;;;;;;;;;;;;;;;;;;;;;;;;;;;;;;;;;X;;;;
FE12702003;FE127-02-003;DAMPER, DOOR PASSENGER;REPAIR;;;;X;X;X;X;X;;;X;;;;;;;;;;X;;;;;;;;;;;;;;;;;;;;;;;;;;;;;;;;;;;;;;;;;;;;;;;;;;;;;;;;;;;;;;;;;;;;;;;;;;;;;X;;;;
FE12702004;FE127-02-004;DAMPER, DOOR PASSENGER;OVERHAUL;;;;X;X;X;X;X;;;X;;;;;;;;;;X;;;;;;;;;;;;;;;;;;;;;;;;;;;;;;;;;;;;;;;;;;;;;;;;;;;;;;;;;;;;;;;;;;;;;;;;;;;;;X;;;;
FE137000;FE137-000;EMERGENCY DOOR DAMPER;OVERHAUL;;;;X;X;X;X;X;;;;;;;;;;;;;X;;;;;;;;;;;;;;;;;;;;;;;;;;;;;;;;;;;;;;;;;;;;;;;;;;;;;;;;;;;;;;;;;;;;;;;;;;;;;X;;;;
FE137001;FE137-001;EMERGENCY DOOR DAMPER;OVERHAUL;;;;X;X;X;X;X;;;;;;;;;;;;;X;;;;;;;;;;;;;;;;;;;;;;;;;;;;;;;;;;;;;;;;;;;;;;;;;;;;;;;;;;;;;;;;;;;;;;;;;;;;;X;;;;
FE1595002;FE159-5-002;HYDRO MECHANICAL BRAKE ASSEMBLY;OVERHAUL;;;;X;X;X;X;X;;;X;;;;;;;;;;;;;;;;;;;;;;;;;;;;;;;;X;X;;;;;;;;;;;;;;;;;;;;;;;;;;;;;;;;;;;;;;;;;;;;;;;;;;;;;;X;;;;
FE1595005;FE159-5-005;HYDRO MECHANICAL BRAKE ASSEMBLY;OVERHAUL;;;;X;X;X;X;X;;;X;;;;;;;;;;;;;;;;;;;;;;;;;;;;;;;;X;X;;;;;;;;;;;;;;;;;;;;;;;;;;;;;;;;;;;;;;;;;;;;;;;;;;;;;;X;;;;
FE1595006;FE159-5-006;HYDRO MECHANICAL BRAKE ASSEMBLY;OVERHAUL;;;;X;X;X;X;X;;;X;;;;;;;;;;;;;;;;;;;;;;;;;;;;;;;;X;X;;;;;;;;;;;;;;;;;;;;;;;;;;;;;;;;;;;;;;;;;;;;;;;;;;;;;;X;;;;
FE1595007;FE159-5-007;HYDRO MECHANICAL BRAKE ASSEMBLY;OVERHAUL;;;;X;X;X;X;X;;;X;;;;;;;;;;;;;;;;;;;;;;;;;;;;;;;;X;X;;;;;;;;;;;;;;;;;;;;;;;;;;;;;;;;;;;;;;;;;;;;;;;;;;;;;;X;;;;
FE1595007A;FE159-5-007A;HYDRO MECHANICAL BRAKE ASSEMBLY;OVERHAUL;;;;X;X;X;X;X;;;X;;;;;;;;;;;;;;;;;;;;;;;;;;;;;;;;X;X;;;;;;;;;;;;;;;;;;;;;;;;;;;;;;;;;;;;;;;;;;;;;;;;;;;;;;X;;;;
FE1595007B;FE159-5-007B;HYDRO MECHANICAL BRAKE ASSEMBLY;OVERHAUL;;;;X;X;X;X;X;;;X;;;;;;;;;;;;;;;;;;;;;;;;;;;;;;;;X;X;;;;;;;;;;;;;;;;;;;;;;;;;;;;;;;;;;;;;;;;;;;;;;;;;;;;;;X;;;;
FE1595008;FE159-5-008;HYDRO MECHANICAL BRAKE ASSEMBLY;OVERHAUL;;;;X;X;X;X;X;;;X;;;;;;;;;;;;;;;;;;;;;;;;;;;;;;;;X;X;;;;;;;;;;;;;;;;;;;;;;;;;;;;;;;;;;;;;;;;;;;;;;;;;;;;;;X;;;;
FE162000;FE162-000;EMERGENCY DOOR DAMPER;OVERHAUL;;;;X;X;X;X;X;;;;;;;;;;;;;X;;X;;;;;;;;;;;;;;;;;;;;;;;;;;;;;;;;;;;;;;;;;;;;;;;;;;;;;;;;;;;;;;;;;;;;;;;;;;;X;;;;
FE162001;FE162-001;EMERGENCY DOOR DAMPER;OVERHAUL;;;;X;X;X;X;X;;;;;;;;;;;;;X;;;;;;;;;;;;;;;;;;;;;;;;;;;;;;;;;;;;;;;;;;;;;;;;;;;;;;;;;;;;;;;;;;;;;;;;;;;;;X;;;;
FE162002;FE162-002;EMERGENCY DOOR DAMPER;OVERHAUL;;;;X;X;X;X;X;;;;;;;;;;;;;X;;X;;;;;;;;;;;;;;;;;;;;;;;;;;;;;;;;;;;;;;;;;;;;;;;;;;;;;;;;;;;;;;;;;;;;;;;;;;;X;;;;
FE162003;FE162-003;EMERGENCY DOOR DAMPER;OVERHAUL;;;;X;X;X;X;X;;;;;;;;;;;;;X;;;;;;;;;;;;;;;;;;;;;;;;;;;;;;;;;;;;;;;;;;;;;;;;;;;;;;;;;;;;;;;;;;;;;;;;;;;;;X;;;;
FE174001;FE174-001;CYLINDER, DOOR DAMPER;OVERHAUL;;;;X;X;X;X;X;;;X;;;;;;;;;;X;;;;X;X;X;X;;;;;;;;;;;;;;;;;;;;;;;;;;;;;;;;;;;;;;;;;;;;;;;;;;;;;;;;;;;;;;;;;;;;;;X;;;;
FE1740011;FE174-0011;DAMPER, DOOR & EMERGENCY;OVERHAUL;;;;X;X;X;X;X;;;X;;;;;;;;;;X;;;;X;X;X;X;;;;;;;;;;;;;;;;;;;;;;;;;;;;;;;;;;;;;;;;;;;;;;;;;;;;;;;;;;;;;;;;;;;;;;X;;;;
FE174003;FE174-003;CYLINDER, DOOR DAMPER;OVERHAUL;;;;X;X;X;X;X;;;X;;;;;;;;;;X;;;;;;X;X;;;;;;;;;;;;;;;;;;;;;;;;;;;;;;;;;;;;;;;;;;;;;;;;;;;;;;;;;;;;;;;;;;;;;;X;;;;
FE1740031;FE174-0031;DAMPER, DOOR & EMERGENCY;OVERHAUL;;;;X;X;X;X;X;;;X;;;;;;;;;;X;;;;X;X;X;X;;;;;;;;;;;;;;;;;;;;;;;;;;;;;;;;;;;;;;;;;;;;;;;;;;;;;;;;;;;;;;;;;;;;;;X;;;;
FE174004;FE174-004;CYLINDER, DOOR DAMPER;OVERHAUL;;;;X;X;X;X;X;;;X;;;;;;;;;;X;;;;;;;;;;;;;;;;;;;;;;;;;;;;;;;;;;;;;;;;;;;;;;;;;;;;;;;;;;;;;;;;;;;;;;;;;;;;;X;;;;
FE179002;FE179-002;FLAP CONTROL ACTUATOR;OVERHAUL;;;;X;X;X;X;X;;;;;;;;;;;;;;;;;;;;;;;;;;;;;;;;;;;X;;;;;;;;;;;;;;;;;;;;;;;;;;;;;;;;;;;;;;;;;;;;;;;;;;;;;;;X;;;;
FE179003;FE179-003;FLAP CONTROL ACTUATOR;OVERHAUL;;;;X;X;X;X;X;;;;;;;;;;;;;;;;;;;;;;;;;;;;;;;;;;;X;;;;;;;;;;;;;;;;;;;;;;;;;;;;;;;;;;;;;;;;;;;;;;;;;;;;;;;X;;;;
FE179004;FE179-004;FLAP CONTROL ACTUATOR;OVERHAUL;;;;X;X;X;X;X;;;;;;;;;;;;;;;;;;;;;;;;;;;;;;;;;;;X;;;;;;;;;;;;;;;;;;;;;;;;;;;;;;;;;;;;;;;;;;;;;;;;;;;;;;;X;;;;
FE188003;FE188-003;RUDDER DAMPER ASSEMBLY;REPAIR;;;;X;X;X;X;X;;;;;;;;;;;;;;;;;;;;;;;;;;;;;;;;;;;X;;;;;;;;;;;;;;;;;;;;;;;;;;;;;;;;;;;;;;;;;;;;;;;;;;;;;;;X;;;;
FE188004;FE188-004;RUDDER DAMPER ASSEMBLY;REPAIR;;;;X;X;X;X;X;;;;;;;;;;;;;;;;;;;;;;;;;;;;;;;;;;;X;;;;;;;;;;;;;;;;;;;;;;;;;;;;;;;;;;;;;;;;;;;;;;;;;;;;;;;X;;;;
FE188005;FE188-005;RUDDER DAMPER ASSEMBLY;REPAIR;;;;X;X;X;X;X;;;;;;;;;;;;;;;;;;;;;;;;;;;;;;;;;;;X;;;;;;;;;;;;;;;;;;;;;;;;;;;;;;;;;;;;;;;;;;;;;;;;;;;;;;;X;;;;
FE193001;FE193-001;FLAP CONTROL ACTUATOR;OVERHAUL;;;;X;X;X;X;X;;;;;;;;;;;;;;;;;;;;;;;;;;;;;;;;;;;X;;;;;;;;;;;;;;;;;;;;;;;;;;;;;;;;;;;;;;;;;;;;;;;;;;;;;;;X;;;;
FE193002;FE193-002;FLAP CONTROL ACTUATOR;OVERHAUL;;;;X;X;X;X;X;;;;;;;;;;;;;;;;;;;;;;;;;;;;;;;;;;;X;;;;;;;;;;;;;;;;;;;;;;;;;;;;;;;;;;;;;;;;;;;;;;;;;;;;;;;X;;;;
FE193003;FE193-003;FLAP CONTROL ACTUATOR;OVERHAUL;;;;X;X;X;X;X;;;;;;;;;;;;;;;;;;;;;;;;;;;;;;;;;;;X;;;;;;;;;;;;;;;;;;;;;;;;;;;;;;;;;;;;;;;;;;;;;;;;;;;;;;;X;;;;
FE193004;FE193-004;FLAP CONTROL ACTUATOR;OVERHAUL;;;;X;X;X;X;X;;;;;;;;;;;;;;;;;;;;;;;;;;;;;;;;;;;X;;;;;;;;;;;;;;;;;;;;;;;;;;;;;;;;;;;;;;;;;;;;;;;;;;;;;;;X;;;;
FE193005;FE193-005;FLAP CONTROL ACTUATOR;OVERHAUL;;;;X;X;X;X;X;;;;;;;;;;;;;;;;;;;;;;;;;;;;;;;;;;;X;;;;;;;;;;;;;;;;;;;;;;;;;;;;;;;;;;;;;;;;;;;;;;;;;;;;;;;X;;;;
FE196000;FE196-000;CYLINDER, DOOR DAMPER & EMERGENCY;OVERHAUL;;;;X;X;X;X;X;;;X;;;;;;;;;;X;;;;X;X;X;;;;;;;;;;;;;;;;;;;;;;;;;;;;;;;;;;;;;;;;;;;;;;;;;;;;;;;;;;;;;;;;;;;;;;;X;;;;
FE1960001;FE196-0001;DAMPER, DOOR & EMERGENCY;OVERHAUL;;;;X;X;X;X;X;;;X;;;;;;;;;;X;;;;X;X;X;;;;;;;;;;;;;;;;;;;;;;;;;;;;;;;;;;;;;;;;;;;;;;;;;;;;;;;;;;;;;;;;;;;;;;;X;;;;
FE196001;FE196-001;CYLINDER, DOOR DAMPER & EMERGENCY;OVERHAUL;;;;X;X;X;X;X;;;X;;;;;;;;;;X;;;;;X;X;X;;;;;;;;;;;;;;;;;;;;;;;;;;;;;;;;;;;;;;;;;;;;;;;;;;;;;;;;;;;;;;;;;;;;;;X;;;;
FE1960011;FE196-0011;DAMPER, DOOR & EMERGENCY;OVERHAUL;;;;X;X;X;X;X;;;X;;;;;;;;;;X;;;;X;X;X;;;;;;;;;;;;;;;;;;;;;;;;;;;;;;;;;;;;;;;;;;;;;;;;;;;;;;;;;;;;;;;;;;;;;;;X;;;;
FE196002;FE196-002;CYLINDER, DOOR DAMPER & EMERGENCY;OVERHAUL;;;;X;X;X;X;X;;;X;;;;;;;;;;X;;;;X;X;X;;;;;;;;;;;;;;;;;;;;;;;;;;;;;;;;;;;;;;;;;;;;;;;;;;;;;;;;;;;;;;;;;;;;;;;X;;;;
FE2016001;FE201-6-001;HYDRO MECHANICAL BRAKE ASSEMBLY;OVERHAUL;;;;X;X;X;X;X;;;X;;;;;;;;;;;;;;;;;;;;;;;;;;;;;;;;X;;;;X;;;;;;;;;;;;;;;;;;;;;;;;;;;;;;;;;;;;;;;;;;;;;;;;;;;X;;;;
FE2016002;FE201-6-002;HYDRO MECHANICAL BRAKE ASSEMBLY;OVERHAUL;;;;X;X;X;X;X;;;X;;;;;;;;;;;;;;;;;;;;;;;;;;;;;;;;X;;;;X;;;;;;;;;;;;;;;;;;;;;;;;;;;;;;;;;;;;;;;;;;;;;;;;;;;X;;;;
FE2016002A;FE201-6-002A;HYDRO MECHANICAL BRAKE ASSEMBLY;OVERHAUL;;;;X;X;X;X;X;;;X;;;;;;;;;;;;;;;;;;;;;;;;;;;;;;;;X;;;;X;;;;;;;;;;;;;;;;;;;;;;;;;;;;;;;;;;;;;;;;;;;;;;;;;;;X;;;;
FE2016002B;FE201-6-002B;HYDRO MECHANICAL BRAKE ASSEMBLY;OVERHAUL;;;;X;X;X;X;X;;;X;;;;;;;;;;;;;;;;;;;;;;;;;;;;;;;;X;;;;X;;;;;;;;;;;;;;;;;;;;;;;;;;;;;;;;;;;;;;;;;;;;;;;;;;;X;;;;
FE2016003;FE201-6-003;HYDRO MECHANICAL BRAKE ASSEMBLY;OVERHAUL;;;;X;X;X;X;X;;;X;;;;;;;;;;;;;;;;;;;;;;;;;;;;;;;;X;;;;X;;;;;;;;;;;;;;;;;;;;;;;;;;;;;;;;;;;;;;;;;;;;;;;;;;;X;;;;
FE202001;FE202-001;CONTROL, PROPELLER.ELECTRONIC;REPAIR;;;;X;X;X;X;X;;;;;;;;;;;;;;;;;;;;;;;;;;;;;;;;;;;X;;;;;;;;;;;;;;;;;;;;;;;;;;;;;;;;;;;;;;;;;;;;;;;;;;;;;;;X;;;;
FE205000;FE205-000;RUDDER DAMPER ASSEMBLY;OVERHAUL;;;;X;X;X;X;X;;;X;;;;;;;;;;;;;;;;;;;;;;;;;;;;;;;;X;;;;;;;;;;;;;;;;;;;;;;;;;;;;;;;;;;;;;;;;;;;;;;;;;;;;;;;X;;;;
FE209000;FE209-000;EMERGENCY DOOR DAMPER/ACTUATOR;OVERHAUL;;;;X;X;X;X;X;;;X;;;;;;;;;;X;;;;;;;;X;X;;;;;;;;;;;;;;;;;;;;;;;;;;;;;;;;;;;;;;;;;;;;;;;;;;;;;;;;;;;;;;;;;;;;X;;;;
FE2090001;FE209-0001;EMERGENCY DOOR DAMPER/ACTUATOR;OVERHAUL;;;;X;X;X;X;X;;;X;;;;;;;;;;X;;;;;;;;X;X;;;;;;;;;;;;;;;;;;;;;;;;;;;;;;;;;;;;;;;;;;;;;;;;;;;;;;;;;;;;;;;;;;;;X;;;;
FE209001;FE209-001;EMERGENCY DOOR DAMPER/ACTUATOR;OVERHAUL;;;;X;X;X;X;X;;;X;;;;;;;;;;X;;;;;;;;X;X;;;;;;;;;;;;;;;;;;;;;;;;;;;;;;;;;;;;;;;;;;;;;;;;;;;;;;;;;;;;;;;;;;;;X;;;;
FE209002;FE209-002;EMERGENCY DOOR DAMPER/ACTUATOR;OVERHAUL;;;;X;X;X;X;X;;;X;;;;;;;;;;X;;;;;;;;;;;;;;;;;;;;;;;;;;;;;;;;;;;;;;;;;;;;;;;;;;;;;;;;;;;;;;;;;;;;;;;;;;;;;X;;;;
FE209003;FE209-003;EMERGENCY DOOR DAMPER/ACTUATOR;OVERHAUL;;;;X;X;X;X;X;;;X;;;;;;;;;;X;X;;;;;;;X;X;;;;;;;;;;;;;;;;;;;;;;;;;;;;;;;;;;;;;;;;;;;;;;;;;;;;;;;;;;;;;;;;;;;;X;;;;
FE209004;FE209-004;EMERGENCY DOOR DAMPER/ACTUATOR;OVERHAUL;;;;X;X;X;X;X;;;X;;;;;;;;;;X;;;;;;;;;;;;;;;;;;;;;;;;;;;;;;;;;;;;;;;;;;;;;;;;;;;;;;;;;;;;;;;;;;;;;;;;;;;;;X;;;;
FE210006;FE210-006;ENGINE THROUGHTLE QUADRANT UNIT;OVERHAUL;;;;X;X;X;X;X;;;X;;;;;;;;;;;;;;;;;;;;;;;;;;;;;;;;;;;;;;;;;;;;;;;;;;;;;;;;;;;;;X;;;;X;;;;;;;;;;;;;;;;;;;;;;X;;;;
FE210008;FE210-008;ENGINE THROTTLE QUADRANT UNIT;OVERHAUL;;;;X;X;X;X;X;;;X;;;;;;;;;;;;;;;;;;;;;;;;;;;;;;;;;;;;;;;;;;;;;;;;;;;;;;;;;;;;;X;;;;X;;;;;;;;;;;;;;;;;;;;;;X;;;;
FE210302;FE210-302;ADJUSTABLE SWITCH CAM UNIT;OVERHAUL;;;;X;X;X;X;X;;;;;;;;;;;;;;;;;;;;;;;;;;;;;;;;;;;;;;;;;;;;;;;;;;;;;;;;;;;;;;;;X;;;;X;;;;;;;;;;;;;;;;;;;;;;X;;;;
FE210303;FE210-303;ADJUSTABLE SWITCH CAM UNIT;OVERHAUL;;;;X;X;X;X;X;;;;;;;;;;;;;;;;;;;;;;;;;;;;;;;;;;;;;;;;;;;;;;;;;;;;;;;;;;;;;;;;X;;;;X;;;;;;;;;;;;;;;;;;;;;;X;;;;
FE210304;FE210-304;ADJUSTABLE SWITCH CAM UNIT;OVERHAUL;;;;X;X;X;X;X;;;;;;;;;;;;;;;;;;;;;;;;;;;;;;;;;;;;;;;;;;;;;;;;;;;;;;;;;;;;;;;;X;;;;X;;;;;;;;;;;;;;;;;;;;;;X;;;;
FE217001;FE217-001;RUDDER DAMPER. (RATIER-FIGEAC).......;OVERHAUL;;;;X;X;X;X;X;;;;;;;;;;;;;;;;;;;;;;;;;;;;;;;;;;;;;;;;;;;;;;;;;;;;;;;;;;;;;;;;;;;;;;;;;;X;;X;;;;;;;;;;;;;;X;;;;
FE217002;FE217-002;RUDDER DAMPER. (RATIER-FIGEAC).......;OVERHAUL;;;;X;X;X;X;X;;;;;;;;;;;;;;;;;;;;;;;;;;;;;;;;;;;;;;;;;;;;;;;;;;;;;;;;;;;;;;;;;;;;;;;;;;X;;X;;;;;;;;;;;;;;X;;;;
FE217003;FE217-003;RUDDER DAMPER. (RATIER-FIGEAC).......;OVERHAUL;;;;X;X;X;X;X;;;;;;;;;;;;;;;;;;;;;;;;;;;;;;;;;;;;;;;;;;;;;;;;;;;;;;;;;;;;;;;;;;;;;;;;;;X;;X;;;;;;;;;;;;;;X;;;;
FE217004;FE217-004;DAMPER RUDDER;OVERHAUL;;;;X;X;X;X;X;;;;;;;;;;;;;;;;;;;;;;;;;;;;;;;;;;;;;;;;;;;;;;;;;;;;;;;;;;;;;;;;;;;;;;;;;;X;;X;;;;;;;;;;;;;;X;;;;
FE217004A;FE217-004A;RUDDER DAMPER ASSY (RATIER-FIGEAC);OVERHAUL;;;;X;X;X;X;X;;;;;;;;;;;;;;;;;;;;;;;;;;;;;;;;;;;;;;;;;;;;;;;;;;;;;;;;;;;;;;;;;;;;;;;;;;X;;X;;;;;;;;;;;;;;X;;;;
FE231000;FE231-000;FLAP CONTROL ACTUATOR;OVERHAUL;;;;X;X;X;X;X;;;;;;;;;;;;;;;;;;;;;;;;;;;;;;;;;;;X;;;;;;;;;;;;;;;;;;;;;;;;;;;;;;;;;;;;;;;;;;;;;;;;;;;;;;;X;;;;
FE231001;FE231-001;FLAP CONTROL ACTUATOR;OVERHAUL;;;;X;X;X;X;X;;;;;;;;;;;;;;;;;;;;;;;;;;;;;;;;;;;X;;;;;;;;;;;;;;;;;;;;;;;;;;;;;;;;;;;;;;;;;;;;;;;;;;;;;;;X;;;;
FE231002;FE231-002;FLAP CONTROL ACTUATOR;OVERHAUL;;;;X;X;X;X;X;;;;;;;;;;;;;;;;;;;;;;;;;;;;;;;;;;;X;;;;;;;;;;;;;;;;;;;;;;;;;;;;;;;;;;;;;;;;;;;;;;;;;;;;;;;X;;;;
FE231003;FE231-003;FLAP CONTROL ACTUATOR;OVERHAUL;;;;X;X;X;X;X;;;;;;;;;;;;;;;;;;;;;;;;;;;;;;;;;;;X;;;;;;;;;;;;;;;;;;;;;;;;;;;;;;;;;;;;;;;;;;;;;;;;;;;;;;;X;;;;
FE233000;FE233-000;EMERGENCY DOOR DAMPER ACTUATOR;OVERHAUL;;;;X;X;X;X;X;;;X;;;;;;;;;;X;;;;;;;X;;;;;;;;;;;;;;;;;;;;;;;;;;;;;;;;;;;;;;;;;;;;;;;;;;;;;;;;;;;;;;;;;;;;;;X;;;;
FE233001;FE233-001;EMERGENCY DOOR DAMPER ACTUATOR;OVERHAUL;;;;X;X;X;X;X;;;X;;;;;;;;;;X;;;;;;;X;;;;;;;;;;;;;;;;;;;;;;;;;;;;;;;;;;;;;;;;;;;;;;;;;;;;;;;;;;;;;;;;;;;;;;X;;;;
FE237000;FE237-000;FLAP CONTROL ACTUATOR;OVERHAUL;;;;X;X;X;X;X;;;;;;;;;;;;;;;;;;;;;;;;;;;;;;;;;;;X;;;;;;;;;;;;;;;;;;;;;;;;;;;;;;;;;;;;;;;;;;;;;;;;;;;;;;;X;;;;
FE237001;FE237-001;FLAP CONTROL ACTUATOR;OVERHAUL;;;;X;X;X;X;X;;;;;;;;;;;;;;;;;;;;;;;;;;;;;;;;;;;X;;;;;;;;;;;;;;;;;;;;;;;;;;;;;;;;;;;;;;;;;;;;;;;;;;;;;;;X;;;;
FE237002;FE237-002;FLAP CONTROL ACTUATOR;OVERHAUL;;;;X;X;X;X;X;;;;;;;;;;;;;;;;;;;;;;;;;;;;;;;;;;;X;;;;;;;;;;;;;;;;;;;;;;;;;;;;;;;;;;;;;;;;;;;;;;;;;;;;;;;X;;;;
FE240002;FE240-002;PASSENGER DOOR DAMPER ACTUATOR;OVERHAUL;;;;X;X;X;X;X;;;X;;;;;;;;;;X;;;;;X;X;X;;;;;;;;;;;;;;;;;;;;;;;;;;;;;;;;;;;;;;;;;;;;;;;;;;;;;;;;;;;;;;;;;;;;;;X;;;;
FE2400021;FE240-0021;PASSENGER DOOR DAMPER ACTUATOR;OVERHAUL;;;;X;X;X;X;X;;;X;;;;;;;;;;X;;;;X;X;X;X;;;;;;;;;;;;;;;;;;;;;;;;;;;;;;;;;;;;;;;;;;;;;;;;;;;;;;;;;;;;;;;;;;;;;;X;;;;
FE240003;FE240-003;PASSENGER DOOR DAMPER ACTUATOR;OVERHAUL;;;;X;X;X;X;X;;;X;;;;;;;;;;X;;;;;X;X;X;;;;;;;;;;;;;;;;;;;;;;;;;;;;;;;;;;;;;;;;;;;;;;;;;;;;;;;;;;;;;;;;;;;;;;X;;;;
FE2400031;FE240-0031;PASSENGER DOOR DAMPER ACTUATOR;OVERHAUL;;;;X;X;X;X;X;;;X;;;;;;;;;;X;;;;;;;;;;;;;;;;;;;;;;;;;;;;;;;;;;;;;;;;;;;;;;;;;;;;;;;;;;;;;;;;;;;;;;;;;;;;;X;;;;
FE240004;FE240-004;PASSENGER DOOR DAMPER ACTUATOR;OVERHAUL;;;;X;X;X;X;X;;;X;;;;;;;;;;X;;;;X;X;X;X;;;;;;;;;;;;;;;;;;;;;;;;;;;;;;;;;;;;;;;;;;;;;;;;;;;;;;;;;;;;;;;;;;;;;;X;;;;
FE240005;FE240-005;PASSENGER DOOR DAMPER ACTUATOR;OVERHAUL;;;;X;X;X;X;X;;;X;;;;;;;;;;X;;;;X;X;X;X;;;;;;;;;;;;;;;;;;;;;;;;;;;;;;;;;;;;;;;;;;;;;;;;;;;;;;;;;;;;;;;;;;;;;;X;;;;
FE240006;FE240-006;PASSENGER DOOR DAMPER ACTUATOR;OVERHAUL;;;;X;X;X;X;X;;;X;;;;;;;;;;X;;;;X;X;X;X;;;;;;;;;;;;;;;;;;;;;;;;;;;;;;;;;;;;;;;;;;;;;;;;;;;;;;;;;;;;;;;;;;;;;;X;;;;
FE240007;FE240-007;PASSENGER DOOR DAMPER ACTUATOR;OVERHAUL;;;;X;X;X;X;X;;;X;;;;;;;;;;X;;;;;X;X;X;;;;;;;;;;;;;;;;;;;;;;;;;;;;;;;;;;;;;;;;;;;;;;;;;;;;;;;;;;;;;;;;;;;;;;X;;;;
FE240021;FE240-021;DAMPER, DOOR & EMERGENCY;OVERHAUL;;;;X;X;X;X;X;;;X;;;;;;;;;;X;;;;;;;;;;;;;;;;;;;;;;;;;;;;;;;;;;;;;;;;;;;;;;;;;;;;;;;;;;;;;;;;;;;;;;;;;;;;;X;;;;
FE240031;FE240-031;DAMPER, DOOR & EMERGENCY;OVERHAUL;;;;X;X;X;X;X;;;X;;;;;;;;;;X;;;;;;;;;;;;;;;;;;;;;;;;;;;;;;;;;;;;;;;;;;;;;;;;;;;;;;;;;;;;;;;;;;;;;;;;;;;;;X;;;;
FE250000;FE250-000;PASSENGER DOOR DAMPER ACTUATOR;OVERHAUL;;;;X;X;X;X;X;;;;;;;;;;;;;X;X;X;X;;;;;;;;;;;;;;;;;;;;;;;;;;;;;;;;;;;;;;;;;;;;;;;;;;;;;;;;;;;;;;;;;;;;;;;;;;X;;;;
FE255000;FE255-000;RUDDER DAMPER ASSEMBLY;OVERHAUL;;;;X;X;X;X;X;;;;;;;;;;;;;;;;;;;;;;;;;;;;;;;;;;;;;;;;;;;;;;;;;;;;;;;;;;;;;;;;;;;;;;;;;;X;;X;;;;;;;;;;;;;;X;;;;
FE255001;FE255-001;RUDDER DAMPER ASSEMBLY;OVERHAUL;;;;X;X;X;X;X;;;;;;;;;;;;;;;;;;;;;;;;;;;;;;;;;;;;;;;;;;;;;;;;;;;;;;;;;;;;;;;;;;;;;;;;;;X;;X;;;;;;;;;;;;;;X;;;;
FE256000;FE256-000;CYLINDER DAMPER AND EMERGENCY OPENER;OVERHAUL;;;;X;X;X;X;X;;;X;;;;;;;;;;X;;;;;;;;X;X;;;;;;;;;;;;;;;;;;;;;;;;;;;;;;;;;;;;;;;;;;;;;;;;;;;;;;;;;;;;;;;;;;;;X;;;;
FE256001;FE256-001;CYLINDER DAMPER AND EMERGENCY OPENER;OVERHAUL;;;;X;X;X;X;X;;;X;;;;;;;;;;X;;;;;;;;X;X;;;;;;;;;;;;;;;;;;;;;;;;;;;;;;;;;;;;;;;;;;;;;;;;;;;;;;;;;;;;;;;;;;;;X;;;;
FE276000;FE276-000;EMERGENCY DOOR DAMPER ACTUATOR;REPAIR;;;;X;X;X;X;X;;;X;;;;;;;;;;X;X;;;;;;;X;X;;;;;;;;;;;;;;;;;;;;;;;;;;;;;;;;;;;;;;;;;;;;;;;;;;;;;;;;;;;;;;;;;;;;X;;;;
FE276001;FE276-001;EMERGENCY DOOR DAMPER ACTUATOR;REPAIR;;;;X;X;X;X;X;;;X;;;;;;;;;;X;X;;;;;;;X;X;;;;;;;;;;;;;;;;;;;;;;;;;;;;;;;;;;;;;;;;;;;;;;;;;;;;;;;;;;;;;;;;;;;;X;;;;
FE276002;FE276-002;EMERGENCY DOOR DAMPER ACTUATOR;REPAIR;;;;X;X;X;X;X;;;X;;;;;;;;;;X;X;;;;;;;X;X;;;;;;;;;;;;;;;;;;;;;;;;;;;;;;;;;;;;;;;;;;;;;;;;;;;;;;;;;;;;;;;;;;;;X;;;;
FE276003;FE276-003;EMERGENCY DOOR DAMPER ACTUATOR;REPAIR;;;;X;X;X;X;X;;;X;;;;;;;;;;X;X;;;;;;;X;X;;;;;;;;;;;;;;;;;;;;;;;;;;;;;;;;;;;;;;;;;;;;;;;;;;;;;;;;;;;;;;;;;;;;X;;;;
FE277000;FE277-000;EMERGENCY DOOR DAMPER ACTUATOR UNIT;OVERHAUL;;;;X;X;X;X;X;;;X;;;;;;;;;;X;;;;;;;X;;;;;;;;;;;;;;;;;;;;;;;;;;;;;;;;;;;;;;;;;;;;;;;;;;;;;;;;;;;;;;;;;;;;;;X;;;;
FE277001;FE277-001;EMERGENCY DOOR DAMPER ACTUATOR UNIT;OVERHAUL;;;;X;X;X;X;X;;;X;;;;;;;;;;X;;;;;;;X;;;;;;;;;;;;;;;;;;;;;;;;;;;;;;;;;;;;;;;;;;;;;;;;;;;;;;;;;;;;;;;;;;;;;;X;;;;
FE315000000;FE315000000;EMERGENCY DOOR DAMPER;OVERHAUL;;;;X;X;X;X;X;;;;;;;;;;;;;X;;;;;;;;X;X;;;;;;;;;;;;;;;;;;;;;;;;;;;;;;;;;;;;;;;;;;;;;;;;;;;;;;;;;;;;;;;;;;;;X;;;;
FE315000001;FE315000001;EMERGENCY DOOR DAMPER;OVERHAUL;;;;X;X;X;X;X;;;;;;;;;;;;;X;;;;;;;;X;X;;;;;;;;;;;;;;;;;;;;;;;;;;;;;;;;;;;;;;;;;;;;;;;;;;;;;;;;;;;;;;;;;;;;X;;;;
FE315000002;FE315000002;EMERGENCY DOOR DAMPER;OVERHAUL;;;;X;X;X;X;X;;;;;;;;;;;;;X;;;;;;;;X;X;;;;;;;;;;;;;;;;;;;;;;;;;;;;;;;;;;;;;;;;;;;;;;;;;;;;;;;;;;;;;;;;;;;;X;;;;
FG120L1;FG120L1;FUEL PROBE;;REPAIR;;;X;;;;;;;;;X;;;;;;;;;;;;;;;;;;X;;;;;;;;;;;X;;;;;;;;;;;;;;;;;;;;;;;;;;;;;;;;;;;;;;;;;;;;;;;;;;;;;;;;;X;;;
FG120L10;FG120L10;FUEL PROBE;;REPAIR;;;X;;;;;;;;;X;;;;;;;;;;;;;;;;;;X;;;;;;;;;;;X;;;;;;;;;;;;;;;;;;;;;;;;;;;;;;;;;;;;;;;;;;;;;;;;;;;;;;;;;X;;;
FG120L11;FG120L11;FUEL PROBE;;REPAIR;;;X;;;;;;;;;X;;;;;;;;;;;;;;;;;;X;;;;;;;;;;;X;;;;;;;;;;;;;;;;;;;;;;;;;;;;;;;;;;;;;;;;;;;;;;;;;;;;;;;;;X;;;
FG120L12;FG120L12;FUEL PROBE;;REPAIR;;;X;;;;;;;;;X;;;;;;;;;;;;;;;;;;X;;;;;;;;;;;X;;;;;;;;;;;;;;;;;;;;;;;;;;;;;;;;;;;;;;;;;;;;;;;;;;;;;;;;;X;;;
FG120L2;FG120L2;FUEL PROBE;;REPAIR;;;X;;;;;;;;;X;;;;;;;;;;;;;;;;;;X;;;;;;;;;;;X;;;;;;;;;;;;;;;;;;;;;;;;;;;;;;;;;;;;;;;;;;;;;;;;;;;;;;;;;X;;;
FG120L3;FG120L3;FUEL PROBE;;REPAIR;;;X;;;;;;;;;X;;;;;;;;;;;;;;;;;;X;;;;;;;;;;;X;;;;;;;;;;;;;;;;;;;;;;;;;;;;;;;;;;;;;;;;;;;;;;;;;;;;;;;;;X;;;
FG120L4;FG120L4;FUEL PROBE;;REPAIR;;;X;;;;;;;;;X;;;;;;;;;;;;;;;;;;X;;;;;;;;;;;X;;;;;;;;;;;;;;;;;;;;;;;;;;;;;;;;;;;;;;;;;;;;;;;;;;;;;;;;;X;;;
FG120L5;FG120L5;FUEL PROBE;;REPAIR;;;X;;;;;;;;;X;;;;;;;;;;;;;;;;;;X;;;;;;;;;;;X;;;;;;;;;;;;;;;;;;;;;;;;;;;;;;;;;;;;;;;;;;;;;;;;;;;;;;;;;X;;;
FG120L6;FG120L6;FUEL PROBE;;REPAIR;;;X;;;;;;;;;X;;;;;;;;;;;;;;;;;;X;;;;;;;;;;;X;;;;;;;;;;;;;;;;;;;;;;;;;;;;;;;;;;;;;;;;;;;;;;;;;;;;;;;;;X;;;
FG120L7;FG120L7;FUEL PROBE;;REPAIR;;;X;;;;;;;;;X;;;;;;;;;;;;;;;;;;X;;;;;;;;;;;X;;;;;;;;;;;;;;;;;;;;;;;;;;;;;;;;;;;;;;;;;;;;;;;;;;;;;;;;;X;;;
FG120L8;FG120L8;FUEL PROBE;;REPAIR;;;X;;;;;;;;;X;;;;;;;;;;;;;;;;;;X;;;;;;;;;;;X;;;;;;;;;;;;;;;;;;;;;;;;;;;;;;;;;;;;;;;;;;;;;;;;;;;;;;;;;X;;;
FG120L9;FG120L9;FUEL PROBE;;REPAIR;;;X;;;;;;;;;X;;;;;;;;;;;;;;;;;;X;;;;;;;;;;;X;;;;;;;;;;;;;;;;;;;;;;;;;;;;;;;;;;;;;;;;;;;;;;;;;;;;;;;;;X;;;
FG220A88;FG220A88;FUEL CAPACITOR;;BENCH TEST;;DNR;X;;;;;;;;;;;;;;;;;;;;;;;;;;;;;;;;;;;;;;;;;;;;;;;;;;;;;;;;;;;;;;;;;;;;;;;;;;;;;;;;;X;;;;;;X;;;;;;;;X;;X;
FGFB160002210;FGFB160002210;OBTURATOR ASSY;;REPAIR;;;X;X;;;;;;;;;;;;;;;;;;;;;;;;;;;;;;;;;;;;;;;;;;;;;;;;;;;;;;;X;;;;;;;;;;;;;;;;;;;;;;;;;;;;;;;;;;;;;;;X;;;
FGFB160002220A1;FGFB160002220A1;OBTURATOR ASSY;;REPAIR;;;X;X;;;;;;;;;;;;;;;;;;;;;;;;;;;;;;;;;;;;;;;;;;;;;;;;;;;;;;;X;;;;;;;;;;;;;;;;;;;;;;;;;;;;;;;;;;;;;;;X;;;
FGFB756380001A2;FGFB756380001A2;RACCORD;REPAIR;;;;X;;;;;;;;;;;;;;;;;;;;;;;;;;;;;;;;;;;;;;;;;;;;;;;;;;;;X;;;;;;;;;;;;;;;;;;;;;;;;;;;;;;;;;;;;;;;;;;X;;;;
FGFB756380A2;FGFB756380A2;RACCORD;REPAIR;;;;X;;;;;;;;;;;;;;;;;;;;;;;;;;;;;;;;;;;;;;;;;;;;;;;;;;;;X;;;;;;;;;;;;;;;;;;;;;;;;;;;;;;;;;;;;;;;;;;X;;;;
FGFB756380A2EQ;FGFB756380A2EQ;RACCORD;BENCH TEST;;;;X;;;;;;;;;;;;;;;;;;;;;;;;;;;;;;;;;;;;;;;;;;;;;;;;;;;;X;;;;;;;;;;;;;;;;;;;;;;;;;;;;;;;;;;;;;;;;;;X;;;;
FGFB756380A2EQU;FGFB756380A2EQU;RACCORD;BENCH TEST;;;;X;;;;;;;;;;;;;;;;;;;;;;;;;;;;;;;;;;;;;;;;;;;;;;;;;;;;X;;;X;X;X;X;X;X;X;;;;;;;;;;;;;;;;;;;;;;;;;;;;;;;;;X;;;;
FJBP21N250302;FJBP2-1N2503-02;TABLE, COCKTAIL ASSY;REPAIR;;;;X;X;X;X;X;;;;;;;;;;;;;X;;;;;;;;X;;;;;;;;;;;;;;;;;;;;;;;;;;;;;;;;;;;;;;;;;;;;;;;;;;;;;;;;;;;;;;;;;;;;;X;;;;
FM05T;FM05T;FIRE EXTINGUISHER;;INSPECTION;;;X;X;;;;;;;;;;;;;;;;;;;;;;;;;;;;;;;;;;;;;;;;;;;;;;;;;;;;;;;;;;;;;;;;;;;;;;;;;;;;;;;;;;;;;;;;X;X;;;;;X;;;
FR2213;FR2213;SMOKE DETECTOR;;REPAIR;;;X;X;;X;;;;;;;;;;;;;;;;;;;;;;;;;;;;;;;;;;;;;;;;;;;;;;;;;;;;;;;;;;;;;;;;;;;;;;;;;;;;;;X;;;;;X;;;;;;;;;X;;;
FR2223;FR2223;SMOKE DETECTOR;;REPAIR;;;X;X;X;X;X;;;;;;;;;;;;;;;;;;;;;;;;;;;;;;;;;;;X;X;X;X;X;;;;;;;;;;;;;;;;;;;;;;;;;;;;;;;;;;;;;;;;;;;;;;;;;;;;X;;;
FR3123;FR3123;SMOKE DETECTOR;;REPAIR;;;X;X;X;X;X;;;;;;;;;;;;;;;;;;;;;;;;;;;;;;;;;;;X;;;;;;;;;;;;;;;;;;;;;;;;;;;;;;;;;;;;;;;;;;X;;;;;X;;;;;;;;;X;;;
FR3212;FR3212;SMOKE DETECTOR;;REPAIR;;;X;X;;X;;;;;;;;;;;;;;;;;;;;;;;;;;;;;;;;;;;;X;X;X;X;X;;;;;;;;;;;;;;;;;;;;;;;;;;;;;;;;;;;;;;;;;;;;;;X;;;X;;;X;;;
FR3222;FR3222;SMOKE DETECTOR;;REPAIR;;;X;X;X;X;X;;;;;;;;;;;;;;;;;;;;;;;;;;;;;;;;;;;X;X;X;X;X;;;;;;;;;;;;;;;;;;;;;;;;;;;;;;;;;;;;;;;;;;;;;;X;;;X;;;X;;;
FRH530014D;FRH530014D;DOOR BY-PASS VALVE;OVERHAUL;;;;X;X;X;X;X;;;;;;;;;;;;;X;;;;;;;;X;X;;;;;;;;;;;;;;;;;;;;;;;;;;;;;;;;;;;;;;;;;;;;;;;;;;;;;;;;;;;;;;;;;;;;X;;;;
G1L12325;G1L123-25;EMERGENCY OXYGEN CONTAINER;REPAIR;;;;X;X;X;X;X;;;;;;;;;;;;;X;;X;;X;X;X;X;X;;;;;;;;;;;;;;;;;;;;;;;;;;;;;;;;;;;;;;;;;;;;;;;;;;;;;;;;;;;;;;;;;;;;;X;;;;
G1L12425;G1L124-25;EMERGENCY OXYGEN CONTAINER;REPAIR;;;;X;X;X;X;X;;;;;;;;;;;;;X;;X;X;X;X;X;X;X;;;;;;;;;;;;;;;;;;;;;;;;;;;;;;;;;;;;;;;;;;;;;;;;;;;;;;;;;;;;;;;;;;;;;X;;;;
G1L12477;G1L124-77;EMERGENCY OXYGEN CONTAINER;REPAIR;;;;X;X;X;X;X;;;;;;;;;;;;;X;;X;X;X;X;X;X;X;;;;;;;;;;;;;;;;;;;;;;;;;;;;;;;;;;;;;;;;;;;;;;;;;;;;;;;;;;;;;;;;;;;;;X;;;;
G1R12325;G1R123-25;EMERGENCY OXYGEN CONTAINER;REPAIR;;;;X;X;X;X;X;;;;;;;;;;;;;X;;X;X;X;X;X;X;X;;;;;;;;;;;;;;;;;;;;;;;;;;;;;;;;;;;;;;;;;;;;;;;;;;;;;;;;;;;;;;;;;;;;;X;;;;
G1R12425;G1R124-25;EMERGENCY OXYGEN CONTAINER;REPAIR;;;;X;X;X;X;X;;;;;;;;;;;;;X;;X;X;X;X;X;X;X;;;;;;;;;;;;;;;;;;;;;;;;;;;;;;;;;;;;;;;;;;;;;;;;;;;;;;;;;;;;;;;;;;;;;X;;;;
G1R12477;G1R124-77;EMERGENCY OXYGEN CONTAINER;REPAIR;;;;X;X;X;X;X;;;;;;;;;;;;;X;;;;X;X;X;X;;;;;;;;;;;;;;;;;;;;;;;;;;;;;;;;;;;;;;;;;;;;;;;;;;;;;;;;;;;;;;;;;;;;;;X;;;;
G1R32225;G1R322-25;EMERGENCY OXYGEN CONTAINER;REPAIR;;;;X;X;X;X;X;;;;;;;;;;;;;X;;;X;;;;;;;;;;;;;;;;;;;;;;;;;;;;;;;;;;;;;;;;;;;;;;;;;;;;;;;;;;;;;;;;;;;;;;;;;;X;;;;
G242;G-242;BATTERY;;REPAIR;;;X;X;;X;;;;;;;;;;;;;;;;;;;;;;;;;;;;;;;;;;;;;;;;;; ;;;;; ;;;;;;;;;;;;;;;;;;;;;;;;;;;;;;;X;;;;;;;;;;;;;;X;;;
G243;G-243;BATTERY;;REPAIR;;;X;X;;;;;;;;;;;;;;;;;;;;;;;;;;;;;;;;;;;;;;;;;;;;;;;;;;;;;;;;;;;;;;;;;;;;;;;;;;;;;;;;;;;;;;;;X;;;X;;;X;;;
G2557120000000;G2557120000000;MATS - BALL;REPAIR;;;;X;X;;;;;;;;;;;;;;;;;;;;;;;;X;X;;;;;;;;;;;;;;;;;;;;;;;;;;;;;;;;;;;;;;;;;;;;;;;;;;;;;;;;;;;;;;;;;;;;X;;;X;
G2557120000200;G2557120000200;MATS - BALL;REPAIR;;;;X;X;;;;;;;;;;;;;;;;;;;;;;;;X;X;;;;;;;;;;;;;;;;;;;;;;;;;;;;;;;;;;;;;;;;;;;;;;;;;;;;;;;;;;;;;;;;;;;;X;;;X;
G2557120000400;G2557120000400;MATS - BALL;REPAIR;;;;X;X;;;;;;;;;;;;;;;;;;;;;;;;X;X;;;;;;;;;;;;;;;;;;;;;;;;;;;;;;;;;;;;;;;;;;;;;;;;;;;;;;;;;;;;;;;;;;;;X;;;X;
G2557120000600;G2557120000600;MATS - BALL;REPAIR;;;;X;X;;;;;;;;;;;;;;;;;;;;;;;;X;X;;;;;;;;;;;;;;;;;;;;;;;;;;;;;;;;;;;;;;;;;;;;;;;;;;;;;;;;;;;;;;;;;;;;X;;;X;
G2557120000800;G2557120000800;MATS - BALL;REPAIR;;;;X;X;;;;;;;;;;;;;;;;;;;;;;;;X;X;;;;;;;;;;;;;;;;;;;;;;;;;;;;;;;;;;;;;;;;;;;;;;;;;;;;;;;;;;;;;;;;;;;;X;;;X;
G2557120001000;G2557120001000;MATS - BALL;REPAIR;;;;X;X;;;;;;;;;;;;;;;;;;;;;;;;X;X;;;;;;;;;;;;;;;;;;;;;;;;;;;;;;;;;;;;;;;;;;;;;;;;;;;;;;;;;;;;;;;;;;;;X;;;X;
G2557120001200;G2557120001200;MATS - BALL;REPAIR;;;;X;X;;;;;;;;;;;;;;;;;;;;;;;;X;X;;;;;;;;;;;;;;;;;;;;;;;;;;;;;;;;;;;;;;;;;;;;;;;;;;;;;;;;;;;;;;;;;;;;X;;;X;
G2557120001400;G2557120001400;MATS - BALL;REPAIR;;;;X;X;;;;;;;;;;;;;;;;;;;;;;;;X;X;;;;;;;;;;;;;;;;;;;;;;;;;;;;;;;;;;;;;;;;;;;;;;;;;;;;;;;;;;;;;;;;;;;;X;;;X;
G2557120001600;G2557120001600;MATS - BALL;REPAIR;;;;X;X;;;;;;;;;;;;;;;;;;;;;;;;X;X;;;;;;;;;;;;;;;;;;;;;;;;;;;;;;;;;;;;;;;;;;;;;;;;;;;;;;;;;;;;;;;;;;;;X;;;X;
G2557120001800;G2557120001800;MATS - BALL;REPAIR;;;;X;X;;;;;;;;;;;;;;;;;;;;;;;;X;X;;;;;;;;;;;;;;;;;;;;;;;;;;;;;;;;;;;;;;;;;;;;;;;;;;;;;;;;;;;;;;;;;;;;X;;;X;
G2557120002000;G2557120002000;MATS - BALL;REPAIR;;;;X;X;;;;;;;;;;;;;;;;;;;;;;;;X;X;;;;;;;;;;;;;;;;;;;;;;;;;;;;;;;;;;;;;;;;;;;;;;;;;;;;;;;;;;;;;;;;;;;;X;;;X;
G2557120002200;G2557120002200;MATS - BALL;REPAIR;;;;X;X;;;;;;;;;;;;;;;;;;;;;;;;X;X;;;;;;;;;;;;;;;;;;;;;;;;;;;;;;;;;;;;;;;;;;;;;;;;;;;;;;;;;;;;;;;;;;;;X;;;X;
G2557120002400;G2557120002400;MATS - BALL;REPAIR;;;;X;X;;;;;;;;;;;;;;;;;;;;;;;;X;X;;;;;;;;;;;;;;;;;;;;;;;;;;;;;;;;;;;;;;;;;;;;;;;;;;;;;;;;;;;;;;;;;;;;X;;;X;
G2557120002600;G2557120002600;MATS - BALL;REPAIR;;;;X;X;;;;;;;;;;;;;;;;;;;;;;;;X;X;;;;;;;;;;;;;;;;;;;;;;;;;;;;;;;;;;;;;;;;;;;;;;;;;;;;;;;;;;;;;;;;;;;;X;;;X;
G2557120002800;G2557120002800;MATS - BALL;REPAIR;;;;X;X;;;;;;;;;;;;;;;;;;;;;;;;X;X;;;;;;;;;;;;;;;;;;;;;;;;;;;;;;;;;;;;;;;;;;;;;;;;;;;;;;;;;;;;;;;;;;;;X;;;X;
G2557120003000;G2557120003000;MATS - BALL;REPAIR;;;;X;X;;;;;;;;;;;;;;;;;;;;;;;;X;X;;;;;;;;;;;;;;;;;;;;;;;;;;;;;;;;;;;;;;;;;;;;;;;;;;;;;;;;;;;;;;;;;;;;X;;;X;
G2557120003200;G2557120003200;MATS - BALL;REPAIR;;;;X;X;;;;;;;;;;;;;;;;;;;;;;;;X;X;;;;;;;;;;;;;;;;;;;;;;;;;;;;;;;;;;;;;;;;;;;;;;;;;;;;;;;;;;;;;;;;;;;;X;;;X;
G2557120003400;G2557120003400;MATS - BALL;REPAIR;;;;X;X;;;;;;;;;;;;;;;;;;;;;;;;X;X;;;;;;;;;;;;;;;;;;;;;;;;;;;;;;;;;;;;;;;;;;;;;;;;;;;;;;;;;;;;;;;;;;;;X;;;X;
G2557120003600;G2557120003600;MATS - BALL;REPAIR;;;;X;X;;;;;;;;;;;;;;;;;;;;;;;;X;X;;;;;;;;;;;;;;;;;;;;;;;;;;;;;;;;;;;;;;;;;;;;;;;;;;;;;;;;;;;;;;;;;;;;X;;;X;
G2557120003800;G2557120003800;MATS - BALL;REPAIR;;;;X;X;;;;;;;;;;;;;;;;;;;;;;;;X;X;;;;;;;;;;;;;;;;;;;;;;;;;;;;;;;;;;;;;;;;;;;;;;;;;;;;;;;;;;;;;;;;;;;;X;;;X;
G2557120004000;G2557120004000;MATS - BALL;REPAIR;;;;X;X;;;;;;;;;;;;;;;;;;;;;;;;X;X;;;;;;;;;;;;;;;;;;;;;;;;;;;;;;;;;;;;;;;;;;;;;;;;;;;;;;;;;;;;;;;;;;;;X;;;X;
G2557120200000;G2557120200000;MATS - BALL;REPAIR;;;;X;X;;;;;;;;;;;;;;;;;;;;;;;;X;X;;;;;;;;;;;;;;;;;;;;;;;;;;;;;;;;;;;;;;;;;;;;;;;;;;;;;;;;;;;;;;;;;;;;X;;;X;
G2557120200200;G2557120200200;MATS - BALL;REPAIR;;;;X;X;;;;;;;;;;;;;;;;;;;;;;;;X;X;;;;;;;;;;;;;;;;;;;;;;;;;;;;;;;;;;;;;;;;;;;;;;;;;;;;;;;;;;;;;;;;;;;;X;;;X;
G2557120200400;G2557120200400;MATS - BALL;REPAIR;;;;X;X;;;;;;;;;;;;;;;;;;;;;;;;X;X;;;;;;;;;;;;;;;;;;;;;;;;;;;;;;;;;;;;;;;;;;;;;;;;;;;;;;;;;;;;;;;;;;;;X;;;X;
G2557120200600;G2557120200600;MATS - BALL;REPAIR;;;;X;X;;;;;;;;;;;;;;;;;;;;;;;;X;X;;;;;;;;;;;;;;;;;;;;;;;;;;;;;;;;;;;;;;;;;;;;;;;;;;;;;;;;;;;;;;;;;;;;X;;;X;
G2557120201000;G2557120201000;MATS - BALL;REPAIR;;;;X;X;;;;;;;;;;;;;;;;;;;;;;;;X;X;;;;;;;;;;;;;;;;;;;;;;;;;;;;;;;;;;;;;;;;;;;;;;;;;;;;;;;;;;;;;;;;;;;;X;;;X;
G2557120201200;G2557120201200;MATS - BALL;REPAIR;;;;X;X;;;;;;;;;;;;;;;;;;;;;;;;X;X;;;;;;;;;;;;;;;;;;;;;;;;;;;;;;;;;;;;;;;;;;;;;;;;;;;;;;;;;;;;;;;;;;;;X;;;X;
G2557120201400;G2557120201400;MATS - BALL;REPAIR;;;;X;X;;;;;;;;;;;;;;;;;;;;;;;;X;X;;;;;;;;;;;;;;;;;;;;;;;;;;;;;;;;;;;;;;;;;;;;;;;;;;;;;;;;;;;;;;;;;;;;X;;;X;
G2557120201600;G2557120201600;MATS - BALL;REPAIR;;;;X;X;;;;;;;;;;;;;;;;;;;;;;;;X;X;;;;;;;;;;;;;;;;;;;;;;;;;;;;;;;;;;;;;;;;;;;;;;;;;;;;;;;;;;;;;;;;;;;;X;;;X;
G2557120201800;G2557120201800;MATS - BALL;REPAIR;;;;X;X;;;;;;;;;;;;;;;;;;;;;;;;X;X;;;;;;;;;;;;;;;;;;;;;;;;;;;;;;;;;;;;;;;;;;;;;;;;;;;;;;;;;;;;;;;;;;;;X;;;X;
G2557120202000;G2557120202000;MATS - BALL;REPAIR;;;;X;X;;;;;;;;;;;;;;;;;;;;;;;;X;X;;;;;;;;;;;;;;;;;;;;;;;;;;;;;;;;;;;;;;;;;;;;;;;;;;;;;;;;;;;;;;;;;;;;X;;;X;
G2557120202400;G2557120202400;MATS - BALL;REPAIR;;;;X;X;;;;;;;;;;;;;;;;;;;;;;;;X;X;;;;;;;;;;;;;;;;;;;;;;;;;;;;;;;;;;;;;;;;;;;;;;;;;;;;;;;;;;;;;;;;;;;;X;;;X;
G2557120202600;G2557120202600;MATS - BALL;REPAIR;;;;X;X;;;;;;;;;;;;;;;;;;;;;;;;X;X;;;;;;;;;;;;;;;;;;;;;;;;;;;;;;;;;;;;;;;;;;;;;;;;;;;;;;;;;;;;;;;;;;;;X;;;X;
G2557120202800;G2557120202800;MATS - BALL;REPAIR;;;;X;X;;;;;;;;;;;;;;;;;;;;;;;;X;X;;;;;;;;;;;;;;;;;;;;;;;;;;;;;;;;;;;;;;;;;;;;;;;;;;;;;;;;;;;;;;;;;;;;X;;;X;
G2557120203000;G2557120203000;MATS - BALL;REPAIR;;;;X;X;;;;;;;;;;;;;;;;;;;;;;;;X;X;;;;;;;;;;;;;;;;;;;;;;;;;;;;;;;;;;;;;;;;;;;;;;;;;;;;;;;;;;;;;;;;;;;;X;;;X;
G2557120203200;G2557120203200;MATS - BALL;REPAIR;;;;X;X;;;;;;;;;;;;;;;;;;;;;;;;X;X;;;;;;;;;;;;;;;;;;;;;;;;;;;;;;;;;;;;;;;;;;;;;;;;;;;;;;;;;;;;;;;;;;;;X;;;X;
G2557120203400;G2557120203400;MATS - BALL;REPAIR;;;;X;X;;;;;;;;;;;;;;;;;;;;;;;;X;X;;;;;;;;;;;;;;;;;;;;;;;;;;;;;;;;;;;;;;;;;;;;;;;;;;;;;;;;;;;;;;;;;;;;X;;;X;
G2557120203600;G2557120203600;MATS - BALL;REPAIR;;;;X;X;;;;;;;;;;;;;;;;;;;;;;;;X;X;;;;;;;;;;;;;;;;;;;;;;;;;;;;;;;;;;;;;;;;;;;;;;;;;;;;;;;;;;;;;;;;;;;;X;;;X;
G2557120203800;G2557120203800;MATS - BALL;REPAIR;;;;X;X;;;;;;;;;;;;;;;;;;;;;;;;X;X;;;;;;;;;;;;;;;;;;;;;;;;;;;;;;;;;;;;;;;;;;;;;;;;;;;;;;;;;;;;;;;;;;;;X;;;X;
G2557120204000;G2557120204000;MATS - BALL;REPAIR;;;;X;X;;;;;;;;;;;;;;;;;;;;;;;;X;X;;;;;;;;;;;;;;;;;;;;;;;;;;;;;;;;;;;;;;;;;;;;;;;;;;;;;;;;;;;;;;;;;;;;X;;;X;
G2557120204200;G2557120204200;MATS - BALL;REPAIR;;;;X;X;;;;;;;;;;;;;;;;;;;;;;;;X;X;;;;;;;;;;;;;;;;;;;;;;;;;;;;;;;;;;;;;;;;;;;;;;;;;;;;;;;;;;;;;;;;;;;;X;;;X;
G2557120204400;G2557120204400;MATS - BALL;REPAIR;;;;X;X;;;;;;;;;;;;;;;;;;;;;;;;X;X;;;;;;;;;;;;;;;;;;;;;;;;;;;;;;;;;;;;;;;;;;;;;;;;;;;;;;;;;;;;;;;;;;;;X;;;X;
G2557120204600;G2557120204600;MATS - BALL;REPAIR;;;;X;X;;;;;;;;;;;;;;;;;;;;;;;;X;X;;;;;;;;;;;;;;;;;;;;;;;;;;;;;;;;;;;;;;;;;;;;;;;;;;;;;;;;;;;;;;;;;;;;X;;;X;
G2557120204800;G2557120204800;MATS - BALL;REPAIR;;;;X;X;;;;;;;;;;;;;;;;;;;;;;;;X;X;;;;;;;;;;;;;;;;;;;;;;;;;;;;;;;;;;;;;;;;;;;;;;;;;;;;;;;;;;;;;;;;;;;;X;;;X;
G2557120205000;G2557120205000;MATS - BALL;REPAIR;;;;X;X;;;;;;;;;;;;;;;;;;;;;;;;X;X;;;;;;;;;;;;;;;;;;;;;;;;;;;;;;;;;;;;;;;;;;;;;;;;;;;;;;;;;;;;;;;;;;;;X;;;X;
G2557120205200;G2557120205200;MATS - BALL;REPAIR;;;;X;X;;;;;;;;;;;;;;;;;;;;;;;;X;X;;;;;;;;;;;;;;;;;;;;;;;;;;;;;;;;;;;;;;;;;;;;;;;;;;;;;;;;;;;;;;;;;;;;X;;;X;
G2557120205400;G2557120205400;MATS - BALL;REPAIR;;;;X;X;;;;;;;;;;;;;;;;;;;;;;;;X;X;;;;;;;;;;;;;;;;;;;;;;;;;;;;;;;;;;;;;;;;;;;;;;;;;;;;;;;;;;;;;;;;;;;;X;;;X;
G2557120205600;G2557120205600;MATS - BALL;REPAIR;;;;X;X;;;;;;;;;;;;;;;;;;;;;;;;X;X;;;;;;;;;;;;;;;;;;;;;;;;;;;;;;;;;;;;;;;;;;;;;;;;;;;;;;;;;;;;;;;;;;;;X;;;X;
G2557121800000;G2557121800000;MATS - BALL;REPAIR;;;;X;X;;;;;;;;;;;;;;;;;;;;;;;;X;X;;;;;;;;;;;;;;;;;;;;;;;;;;;;;;;;;;;;;;;;;;;;;;;;;;;;;;;;;;;;;;;;;;;;X;;;X;
G2557121800200;G2557121800200;MATS - BALL;REPAIR;;;;X;X;;;;;;;;;;;;;;;;;;;;;;;;X;X;;;;;;;;;;;;;;;;;;;;;;;;;;;;;;;;;;;;;;;;;;;;;;;;;;;;;;;;;;;;;;;;;;;;X;;;X;
G2557121800400;G2557121800400;MATS - BALL;REPAIR;;;;X;X;;;;;;;;;;;;;;;;;;;;;;;;X;X;;;;;;;;;;;;;;;;;;;;;;;;;;;;;;;;;;;;;;;;;;;;;;;;;;;;;;;;;;;;;;;;;;;;X;;;X;
G2557121800600;G2557121800600;MATS - BALL;REPAIR;;;;X;X;;;;;;;;;;;;;;;;;;;;;;;;X;X;;;;;;;;;;;;;;;;;;;;;;;;;;;;;;;;;;;;;;;;;;;;;;;;;;;;;;;;;;;;;;;;;;;;X;;;X;
G2557121800800;G2557121800800;MATS - BALL;REPAIR;;;;X;X;;;;;;;;;;;;;;;;;;;;;;;;X;X;;;;;;;;;;;;;;;;;;;;;;;;;;;;;;;;;;;;;;;;;;;;;;;;;;;;;;;;;;;;;;;;;;;;X;;;X;
G2557121801000;G2557121801000;MATS - BALL;REPAIR;;;;X;X;;;;;;;;;;;;;;;;;;;;;;;;X;X;;;;;;;;;;;;;;;;;;;;;;;;;;;;;;;;;;;;;;;;;;;;;;;;;;;;;;;;;;;;;;;;;;;;X;;;X;
G2557121801200;G2557121801200;MATS - BALL;REPAIR;;;;X;X;;;;;;;;;;;;;;;;;;;;;;;;X;X;;;;;;;;;;;;;;;;;;;;;;;;;;;;;;;;;;;;;;;;;;;;;;;;;;;;;;;;;;;;;;;;;;;;X;;;X;
G2557121801400;G2557121801400;MATS - BALL;REPAIR;;;;X;X;;;;;;;;;;;;;;;;;;;;;;;;X;X;;;;;;;;;;;;;;;;;;;;;;;;;;;;;;;;;;;;;;;;;;;;;;;;;;;;;;;;;;;;;;;;;;;;X;;;X;
G2557121801600;G2557121801600;MATS - BALL;REPAIR;;;;X;X;;;;;;;;;;;;;;;;;;;;;;;;X;X;;;;;;;;;;;;;;;;;;;;;;;;;;;;;;;;;;;;;;;;;;;;;;;;;;;;;;;;;;;;;;;;;;;;X;;;X;
G2557121801800;G2557121801800;MATS - BALL;REPAIR;;;;X;X;;;;;;;;;;;;;;;;;;;;;;;;X;X;;;;;;;;;;;;;;;;;;;;;;;;;;;;;;;;;;;;;;;;;;;;;;;;;;;;;;;;;;;;;;;;;;;;X;;;X;
G2557121802000;G2557121802000;MATS - BALL;REPAIR;;;;X;X;;;;;;;;;;;;;;;;;;;;;;;;X;X;;;;;;;;;;;;;;;;;;;;;;;;;;;;;;;;;;;;;;;;;;;;;;;;;;;;;;;;;;;;;;;;;;;;X;;;X;
G2557121802200;G2557121802200;MATS - BALL;REPAIR;;;;X;X;;;;;;;;;;;;;;;;;;;;;;;;X;X;;;;;;;;;;;;;;;;;;;;;;;;;;;;;;;;;;;;;;;;;;;;;;;;;;;;;;;;;;;;;;;;;;;;X;;;X;
G2557121802400;G2557121802400;MATS - BALL;REPAIR;;;;X;X;;;;;;;;;;;;;;;;;;;;;;;;X;X;;;;;;;;;;;;;;;;;;;;;;;;;;;;;;;;;;;;;;;;;;;;;;;;;;;;;;;;;;;;;;;;;;;;X;;;X;
G2557121802800;G2557121802800;MATS - BALL;REPAIR;;;;X;X;;;;;;;;;;;;;;;;;;;;;;;;X;X;;;;;;;;;;;;;;;;;;;;;;;;;;;;;;;;;;;;;;;;;;;;;;;;;;;;;;;;;;;;;;;;;;;;X;;;X;
G2557121803000;G2557121803000;MATS - BALL;REPAIR;;;;X;X;;;;;;;;;;;;;;;;;;;;;;;;X;X;;;;;;;;;;;;;;;;;;;;;;;;;;;;;;;;;;;;;;;;;;;;;;;;;;;;;;;;;;;;;;;;;;;;X;;;X;
G2557121803200;G2557121803200;MATS - BALL;REPAIR;;;;X;X;;;;;;;;;;;;;;;;;;;;;;;;X;X;;;;;;;;;;;;;;;;;;;;;;;;;;;;;;;;;;;;;;;;;;;;;;;;;;;;;;;;;;;;;;;;;;;;X;;;X;
G2557121803400;G2557121803400;MATS - BALL;REPAIR;;;;X;X;;;;;;;;;;;;;;;;;;;;;;;;X;X;;;;;;;;;;;;;;;;;;;;;;;;;;;;;;;;;;;;;;;;;;;;;;;;;;;;;;;;;;;;;;;;;;;;X;;;X;
G2557121803600;G2557121803600;MATS - BALL;REPAIR;;;;X;X;;;;;;;;;;;;;;;;;;;;;;;;X;X;;;;;;;;;;;;;;;;;;;;;;;;;;;;;;;;;;;;;;;;;;;;;;;;;;;;;;;;;;;;;;;;;;;;X;;;X;
G2557121803800;G2557121803800;MATS - BALL;REPAIR;;;;X;X;;;;;;;;;;;;;;;;;;;;;;;;X;X;;;;;;;;;;;;;;;;;;;;;;;;;;;;;;;;;;;;;;;;;;;;;;;;;;;;;;;;;;;;;;;;;;;;X;;;X;
G2557121804000;G2557121804000;MATS - BALL;REPAIR;;;;X;X;;;;;;;;;;;;;;;;;;;;;;;;X;X;;;;;;;;;;;;;;;;;;;;;;;;;;;;;;;;;;;;;;;;;;;;;;;;;;;;;;;;;;;;;;;;;;;;X;;;X;
G2557121804200;G2557121804200;MATS - BALL;REPAIR;;;;X;X;;;;;;;;;;;;;;;;;;;;;;;;X;X;;;;;;;;;;;;;;;;;;;;;;;;;;;;;;;;;;;;;;;;;;;;;;;;;;;;;;;;;;;;;;;;;;;;X;;;X;
G2557121804600;G2557121804600;MATS - BALL;REPAIR;;;;X;X;;;;;;;;;;;;;;;;;;;;;;;;X;X;;;;;;;;;;;;;;;;;;;;;;;;;;;;;;;;;;;;;;;;;;;;;;;;;;;;;;;;;;;;;;;;;;;;X;;;X;
G2557121804800;G2557121804800;MATS - BALL;REPAIR;;;;X;X;;;;;;;;;;;;;;;;;;;;;;;;X;X;;;;;;;;;;;;;;;;;;;;;;;;;;;;;;;;;;;;;;;;;;;;;;;;;;;;;;;;;;;;;;;;;;;;X;;;X;
G2557121805600;G2557121805600;MATS - BALL;REPAIR;;;;X;X;;;;;;;;;;;;;;;;;;;;;;;;X;X;;;;;;;;;;;;;;;;;;;;;;;;;;;;;;;;;;;;;;;;;;;;;;;;;;;;;;;;;;;;;;;;;;;;X;;;X;
G2557121805800;G2557121805800;MATS - BALL;REPAIR;;;;X;X;;;;;;;;;;;;;;;;;;;;;;;;X;X;;;;;;;;;;;;;;;;;;;;;;;;;;;;;;;;;;;;;;;;;;;;;;;;;;;;;;;;;;;;;;;;;;;;X;;;X;
G2557121806000;G2557121806000;MATS - BALL;REPAIR;;;;X;X;;;;;;;;;;;;;;;;;;;;;;;;X;X;;;;;;;;;;;;;;;;;;;;;;;;;;;;;;;;;;;;;;;;;;;;;;;;;;;;;;;;;;;;;;;;;;;;X;;;X;
G2557121806200;G2557121806200;MATS - BALL;REPAIR;;;;X;X;;;;;;;;;;;;;;;;;;;;;;;;X;X;;;;;;;;;;;;;;;;;;;;;;;;;;;;;;;;;;;;;;;;;;;;;;;;;;;;;;;;;;;;;;;;;;;;X;;;X;
G2557121806400;G2557121806400;MATS - BALL;REPAIR;;;;X;X;;;;;;;;;;;;;;;;;;;;;;;;X;X;;;;;;;;;;;;;;;;;;;;;;;;;;;;;;;;;;;;;;;;;;;;;;;;;;;;;;;;;;;;;;;;;;;;X;;;X;
G2557121806600;G2557121806600;MATS - BALL;REPAIR;;;;X;X;;;;;;;;;;;;;;;;;;;;;;;;X;X;;;;;;;;;;;;;;;;;;;;;;;;;;;;;;;;;;;;;;;;;;;;;;;;;;;;;;;;;;;;;;;;;;;;X;;;X;
G2557121806800;G2557121806800;MATS - BALL;REPAIR;;;;X;X;;;;;;;;;;;;;;;;;;;;;;;;X;X;;;;;;;;;;;;;;;;;;;;;;;;;;;;;;;;;;;;;;;;;;;;;;;;;;;;;;;;;;;;;;;;;;;;X;;;X;
G2557121807000;G2557121807000;MATS - BALL;REPAIR;;;;X;X;;;;;;;;;;;;;;;;;;;;;;;;X;X;;;;;;;;;;;;;;;;;;;;;;;;;;;;;;;;;;;;;;;;;;;;;;;;;;;;;;;;;;;;;;;;;;;;X;;;X;
G2557121807200;G2557121807200;MATS - BALL;REPAIR;;;;X;X;;;;;;;;;;;;;;;;;;;;;;;;X;X;;;;;;;;;;;;;;;;;;;;;;;;;;;;;;;;;;;;;;;;;;;;;;;;;;;;;;;;;;;;;;;;;;;;X;;;X;
G2557121807400;G2557121807400;MATS - BALL;REPAIR;;;;X;X;;;;;;;;;;;;;;;;;;;;;;;;X;X;;;;;;;;;;;;;;;;;;;;;;;;;;;;;;;;;;;;;;;;;;;;;;;;;;;;;;;;;;;;;;;;;;;;X;;;X;
G2557121807600;G2557121807600;MATS - BALL;REPAIR;;;;X;X;;;;;;;;;;;;;;;;;;;;;;;;X;X;;;;;;;;;;;;;;;;;;;;;;;;;;;;;;;;;;;;;;;;;;;;;;;;;;;;;;;;;;;;;;;;;;;;X;;;X;
G2557121807600;G2557121807600;MATS - BALL;REPAIR;;;;X;X;;;;;;;;;;;;;;;;;;;;;;;;X;X;;;;;;;;;;;;;;;;;;;;;;;;;;;;;;;;;;;;;;;;;;;;;;;;;;;;;;;;;;;;;;;;;;;;X;;;X;
G2557121807800;G2557121807800;MATS - BALL;REPAIR;;;;X;X;;;;;;;;;;;;;;;;;;;;;;;;X;X;;;;;;;;;;;;;;;;;;;;;;;;;;;;;;;;;;;;;;;;;;;;;;;;;;;;;;;;;;;;;;;;;;;;X;;;X;
G2557121808000;G2557121808000;MATS - BALL;REPAIR;;;;X;X;;;;;;;;;;;;;;;;;;;;;;;;X;X;;;;;;;;;;;;;;;;;;;;;;;;;;;;;;;;;;;;;;;;;;;;;;;;;;;;;;;;;;;;;;;;;;;;X;;;X;
G2557121808200;G2557121808200;MATS - BALL;REPAIR;;;;X;X;;;;;;;;;;;;;;;;;;;;;;;;X;X;;;;;;;;;;;;;;;;;;;;;;;;;;;;;;;;;;;;;;;;;;;;;;;;;;;;;;;;;;;;;;;;;;;;X;;;X;
G2557121808400;G2557121808400;MATS - BALL;REPAIR;;;;X;X;;;;;;;;;;;;;;;;;;;;;;;;X;X;;;;;;;;;;;;;;;;;;;;;;;;;;;;;;;;;;;;;;;;;;;;;;;;;;;;;;;;;;;;;;;;;;;;X;;;X;
G2557121808600;G2557121808600;MATS - BALL;REPAIR;;;;X;X;;;;;;;;;;;;;;;;;;;;;;;;X;X;;;;;;;;;;;;;;;;;;;;;;;;;;;;;;;;;;;;;;;;;;;;;;;;;;;;;;;;;;;;;;;;;;;;X;;;X;
G2557121808800;G2557121808800;MATS - BALL;REPAIR;;;;X;X;;;;;;;;;;;;;;;;;;;;;;;;X;X;;;;;;;;;;;;;;;;;;;;;;;;;;;;;;;;;;;;;;;;;;;;;;;;;;;;;;;;;;;;;;;;;;;;X;;;X;
G2557121809000;G2557121809000;MATS - BALL;REPAIR;;;;X;X;;;;;;;;;;;;;;;;;;;;;;;;X;X;;;;;;;;;;;;;;;;;;;;;;;;;;;;;;;;;;;;;;;;;;;;;;;;;;;;;;;;;;;;;;;;;;;;X;;;X;
G2557121809200;G2557121809200;MATS - BALL;REPAIR;;;;X;X;;;;;;;;;;;;;;;;;;;;;;;;X;X;;;;;;;;;;;;;;;;;;;;;;;;;;;;;;;;;;;;;;;;;;;;;;;;;;;;;;;;;;;;;;;;;;;;X;;;X;
G2557121809400;G2557121809400;MATS - BALL;REPAIR;;;;X;X;;;;;;;;;;;;;;;;;;;;;;;;X;X;;;;;;;;;;;;;;;;;;;;;;;;;;;;;;;;;;;;;;;;;;;;;;;;;;;;;;;;;;;;;;;;;;;;X;;;X;
G2557121809600;G2557121809600;MATS - BALL;REPAIR;;;;X;X;;;;;;;;;;;;;;;;;;;;;;;;X;X;;;;;;;;;;;;;;;;;;;;;;;;;;;;;;;;;;;;;;;;;;;;;;;;;;;;;;;;;;;;;;;;;;;;X;;;X;
G2557121809800;G2557121809800;MATS - BALL;REPAIR;;;;X;X;;;;;;;;;;;;;;;;;;;;;;;;X;X;;;;;;;;;;;;;;;;;;;;;;;;;;;;;;;;;;;;;;;;;;;;;;;;;;;;;;;;;;;;;;;;;;;;X;;;X;
G2557121810000;G2557121810000;MATS - BALL;REPAIR;;;;X;X;;;;;;;;;;;;;;;;;;;;;;;;X;X;;;;;;;;;;;;;;;;;;;;;;;;;;;;;;;;;;;;;;;;;;;;;;;;;;;;;;;;;;;;;;;;;;;;X;;;X;
G2557121810200;G2557121810200;MATS - BALL;REPAIR;;;;X;X;;;;;;;;;;;;;;;;;;;;;;;;X;X;;;;;;;;;;;;;;;;;;;;;;;;;;;;;;;;;;;;;;;;;;;;;;;;;;;;;;;;;;;;;;;;;;;;X;;;X;
G2557121810400;G2557121810400;MATS - BALL;REPAIR;;;;X;X;;;;;;;;;;;;;;;;;;;;;;;;X;X;;;;;;;;;;;;;;;;;;;;;;;;;;;;;;;;;;;;;;;;;;;;;;;;;;;;;;;;;;;;;;;;;;;;X;;;X;
G2557121810600;G2557121810600;MATS - BALL;REPAIR;;;;X;X;;;;;;;;;;;;;;;;;;;;;;;;X;X;;;;;;;;;;;;;;;;;;;;;;;;;;;;;;;;;;;;;;;;;;;;;;;;;;;;;;;;;;;;;;;;;;;;X;;;X;
G2557121810800;G2557121810800;MATS - BALL;REPAIR;;;;X;X;;;;;;;;;;;;;;;;;;;;;;;;X;X;;;;;;;;;;;;;;;;;;;;;;;;;;;;;;;;;;;;;;;;;;;;;;;;;;;;;;;;;;;;;;;;;;;;X;;;X;
G2557121811000;G2557121811000;MATS - BALL;REPAIR;;;;X;X;;;;;;;;;;;;;;;;;;;;;;;;X;X;;;;;;;;;;;;;;;;;;;;;;;;;;;;;;;;;;;;;;;;;;;;;;;;;;;;;;;;;;;;;;;;;;;;X;;;X;
G2557121811200;G2557121811200;MATS - BALL;REPAIR;;;;X;X;;;;;;;;;;;;;;;;;;;;;;;;X;X;;;;;;;;;;;;;;;;;;;;;;;;;;;;;;;;;;;;;;;;;;;;;;;;;;;;;;;;;;;;;;;;;;;;X;;;X;
G2557121811400;G2557121811400;MATS - BALL;REPAIR;;;;X;X;;;;;;;;;;;;;;;;;;;;;;;;X;X;;;;;;;;;;;;;;;;;;;;;;;;;;;;;;;;;;;;;;;;;;;;;;;;;;;;;;;;;;;;;;;;;;;;X;;;X;
G2F21251;G2F212-51;EMERGENCY OXYGEN CONTAINER;REPAIR;;;;X;X;X;X;X;;;;;;;;;;;;;X;;;;;;;;;;;;;;;;;;;;;;;;;;;;;;;;;;;;;;;;;;;;;;;;;;;;;;;;;;;;;;;;;;;;;;;;;;;;;X;;;;
G2F21277;G2F212-77;EMERGENCY OXYGEN CONTAINER;REPAIR;;;;X;X;X;X;X;;;;;;;;;;;;;X;;;;;;X;;;;;;;;;;;;;;;;;;;;;;;;;;;;;;;;;;;;;;;;;;;;;;;;;;;;;;;;;;;;;;;;;;;;;;;X;;;;
G2F21285;G2F212-85;EMERGENCY OXYGEN CONTAINER;REPAIR;;;;X;X;X;X;X;;;;;;;;;;;;;X;;;;;;;;;;;;;;;;;;;;;;;;;;;;;;;;;;;;;;;;;;;;;;;;;;;;;;;;;;;;;;;;;;;;;;;;;;;;;X;;;;
G2N21225;G2N212-25;EMERGENCY OXYGEN CONTAINER;REPAIR;;;;X;X;X;X;X;;;;;;;;;;;;;X;;;X;;;;;;;;;;;;;;;;;;;;;;;;;;;;;;;;;;;;;;;;;;;;;;;;;;;;;;;;;;;;;;;;;;;;;;;;;;X;;;;
G2N21229;G2N212-29;EMERGENCY OXYGEN CONTAINER;REPAIR;;;;X;X;X;X;;;;;;;;;;;;;;X;;;;;;;;;;;;;;;;;;;;;;;;;;;;;;;;;;;;;;;;;;;;;;;;;;;;;;;;;;;;;;;;;;;;;;;;;;;;;X;;;;
G2N21250;G2N212-50;EMERGENCY OXYGEN CONTAINER;REPAIR;;;;X;X;X;X;X;;;;;;;;;;;;;X;;;;;;X;;;;;;;;;;;;;;;;;;;;;;;;;;;;;;;;;;;;;;;;;;;;;;;;;;;;;;;;;;;;;;;;;;;;;;;X;;;;
G2N42229;G2N422-29;EMERGENCY OXYGEN CONTAINER;REPAIR;;;;X;X;X;X;;;;;;;;;;;;;;X;;;;;X;X;;;;;;;;;;;;;;;;;;;;;;;;;;;;;;;;;;;;;;;;;;;;;;;;;;;;;;;;;;;;;;;;;;;;;;;X;;;;
G2N42250;G2N422-50;EMERGENCY OXYGEN CONTAINER;REPAIR;;;;X;X;X;X;;;;;;;;;;;;;;X;;;;;X;X;;;;;;;;;;;;;;;;;;;;;;;;;;;;;;;;;;;;;;;;;;;;;;;;;;;;;;;;;;;;;;;;;;;;;;;X;;;;
G2N42251;G2N422-51;EMERGENCY OXYGEN CONTAINER;REPAIR;;;;X;X;X;X;;;;;;;;;;;;;;X;;;;;X;X;;;;;;;;;;;;;;;;;;;;;;;;;;;;;;;;;;;;;;;;;;;;;;;;;;;;;;;;;;;;;;;;;;;;;;;X;;;;
G2N42265;G2N422-65;EMERGENCY OXYGEN CONTAINER;REPAIR;;;;X;X;X;X;X;;;;;;;;;;;;;X;;X;X;;;X;;;;;;;;;;;;;;;;;;;;;;;;;;;;;;;;;;;;;;;;;;;;;;;;;;;;;;;;;;;;;;;;;;;;;;;X;;;;
G3600A3;G3600A3;LANDING LIGHT;OVERHAUL;;;;X;X;X;X;X;;;;;;X;;;;;;;;;;;;;;;;;;;;;;;;;;;;;;;;;;;;;;;;;;;;;;;;;;;;;;;;;;;;;;;;;;;;;;;;;;;;;;;;;;;;X;;;;
G395704;G3957-04;ACP;;REPAIR;;;X;X;;;;;;;;;;;;;;;;;;;;;;;;;;;;;;;;;;;;;;;;;;;;;;;;;;;;;;;;;;;;;;;;;;;;;;;;;;;;;;;;;;;;;;;;X;;;X;;;X;;;
G3957A;G3957A;PANEL;;REPAIR;;;X;X;;X;;;;;;;;;;;;;;;;;;;;;;;;;;;;;;;;;;;;;;;;;;;;;;;;;;;;;;;;;;;;;;;;;;;;;;;;;;;;;;;;;;;;;;X;;;X;;;X;;;
G5515;G-5515;SPEAKER;;REPAIR;;;X;X;;X;;;;;;;;;;;;;;;;;;;;;;;;X;;;;;;;;;;X;;;;;;;;;;;;;;;;;;;;;;;;;;;;;;;;;;;;;;;;;;;;;;;;;;;;;;;;;;X;;;
G5515B;G5515B;SPEAKER;;REPAIR;;;X;X;;X;;;;;;;;;;;;;;;;;;;;;;;;X;;;;;;;;;;X;;;;;;;;;;;;;;;;;;;;;;;;;;;;;;;;;;;;;;;;;;;;;;;;;;;;;;;;;;X;;;
G5528000000001;G5528000000001;ELEVATOR ASSY;REPAIR;;;;X;X;;;;;;;;;;;;;;;;;;;;;;;;X;X;;;;;;;;;;;;;;;;;;;;;;;;;;;;;;;;;;;;;;;;;;;;;;;;;;;;;;;;;;;;;;;;;;;;X;;;X;
G5528000000101;G5528000000101;ELEVATOR ASSY;REPAIR;;;;X;X;;;;;;;;;;;;;;;;;;;;;;;;X;X;;;;;;;;;;;;;;;;;;;;;;;;;;;;;;;;;;;;;;;;;;;;;;;;;;;;;;;;;;;;;;;;;;;;X;;;X;
G5757050300000;G5757050300000;FLAP ASSY - INBOARD;REPAIR;;;;X;X;;;;;;;;;;;;;;;;;;;;;;;;X;X;;;;;;;;;;;;;;;;;;;;;;;;;;;;;;;;;;;;;;;;;;;;;;;;;;;;;;;;;;;;;;;;;;;;X;;;X;
G5757050300100;G5757050300100;FLAP ASSY - INBOARD;REPAIR;;;;X;X;;;;;;;;;;;;;;;;;;;;;;;;X;X;;;;;;;;;;;;;;;;;;;;;;;;;;;;;;;;;;;;;;;;;;;;;;;;;;;;;;;;;;;;;;;;;;;;X;;;X;
G5757050300200;G5757050300200;FLAP ASSY - INBOARD;REPAIR;;;;X;X;X;X;X;;;;;;;;;;;;;X;;;;;;;;X;X;;;;;;;;;;;;;;;;;;;;;;;;;;;;;;;;;;;;;;;;;;;;;;;;;;;;;;;;;;;;;;;;;;;;X;;;X;
G5757050300300;G5757050300300;FLAP ASSY - INBOARD;REPAIR;;;;X;X;;;;;;;;;;;;;;;;;;;;;;;;X;X;;;;;;;;;;;;;;;;;;;;;;;;;;;;;;;;;;;;;;;;;;;;;;;;;;;;;;;;;;;;;;;;;;;;X;;;X;
G5757050300351;G5757050300351;FLAP ASSY - INBOARD;REPAIR;;;;X;X;;;;;;;;;;;;;;;;;;;;;;;;X;X;;;;;;;;;;;;;;;;;;;;;;;;;;;;;;;;;;;;;;;;;;;;;;;;;;;;;;;;;;;;;;;;;;;;X;;;X;
G5757050300400;G5757050300400;FLAP ASSY - INBOARD;REPAIR;;;;X;X;;;;;;;;;;;;;;;;;;;;;;;;X;X;;;;;;;;;;;;;;;;;;;;;;;;;;;;;;;;;;;;;;;;;;;;;;;;;;;;;;;;;;;;;;;;;;;;X;;;X;
G5757050300451;G5757050300451;FLAP ASSY - INBOARD;REPAIR;;;;X;X;;;;;;;;;;;;;;;;;;;;;;;;X;X;;;;;;;;;;;;;;;;;;;;;;;;;;;;;;;;;;;;;;;;;;;;;;;;;;;;;;;;;;;;;;;;;;;;X;;;X;
G5757050300500;G5757050300500;FLAP ASSY - INBOARD;REPAIR;;;;X;X;;;;;;;;;;;;;;;;;;;;;;;;X;X;;;;;;;;;;;;;;;;;;;;;;;;;;;;;;;;;;;;;;;;;;;;;;;;;;;;;;;;;;;;;;;;;;;;X;;;X;
G5757050300551;G5757050300551;FLAP ASSY - INBOARD;REPAIR;;;;X;X;;;;;;;;;;;;;;;;;;;;;;;;X;X;;;;;;;;;;;;;;;;;;;;;;;;;;;;;;;;;;;;;;;;;;;;;;;;;;;;;;;;;;;;;;;;;;;;X;;;X;
G5757050300600;G5757050300600;FLAP ASSY - INBOARD;REPAIR;;;;X;X;;;;;;;;;;;;;;;;;;;;;;;;X;X;;;;;;;;;;;;;;;;;;;;;;;;;;;;;;;;;;;;;;;;;;;;;;;;;;;;;;;;;;;;;;;;;;;;X;;;X;
G5757050300651;G5757050300651;FLAP ASSY - INBOARD;REPAIR;;;;X;X;;;;;;;;;;;;;;;;;;;;;;;;X;X;;;;;;;;;;;;;;;;;;;;;;;;;;;;;;;;;;;;;;;;;;;;;;;;;;;;;;;;;;;;;;;;;;;;X;;;X;
G5757050300700;G5757050300700;FLAP ASSY - INBOARD;REPAIR;;;;X;X;;;;;;;;;;;;;;;;;;;;;;;;X;X;;;;;;;;;;;;;;;;;;;;;;;;;;;;;;;;;;;;;;;;;;;;;;;;;;;;;;;;;;;;;;;;;;;;X;;;X;
G5757050300751;G5757050300751;FLAP ASSY - INBOARD;REPAIR;;;;X;X;;;;;;;;;;;;;;;;;;;;;;;;X;X;;;;;;;;;;;;;;;;;;;;;;;;;;;;;;;;;;;;;;;;;;;;;;;;;;;;;;;;;;;;;;;;;;;;X;;;X;
G5757050300800;G5757050300800;FLAP ASSY - INBOARD;REPAIR;;;;X;X;;;;;;;;;;;;;;;;;;;;;;;;X;X;;;;;;;;;;;;;;;;;;;;;;;;;;;;;;;;;;;;;;;;;;;;;;;;;;;;;;;;;;;;;;;;;;;;X;;;X;
G5757050300900;G5757050300900;FLAP ASSY - INBOARD;REPAIR;;;;X;X;;;;;;;;;;;;;;;;;;;;;;;;X;X;;;;;;;;;;;;;;;;;;;;;;;;;;;;;;;;;;;;;;;;;;;;;;;;;;;;;;;;;;;;;;;;;;;;X;;;X;
G5757050301000;G5757050301000;FLAP ASSY - INBOARD;REPAIR;;;;X;X;;;;;;;;;;;;;;;;;;;;;;;;X;X;;;;;;;;;;;;;;;;;;;;;;;;;;;;;;;;;;;;;;;;;;;;;;;;;;;;;;;;;;;;;;;;;;;;X;;;X;
G5757050301100;G5757050301100;FLAP ASSY - INBOARD;REPAIR;;;;X;X;;;;;;;;;;;;;;;;;;;;;;;;X;X;;;;;;;;;;;;;;;;;;;;;;;;;;;;;;;;;;;;;;;;;;;;;;;;;;;;;;;;;;;;;;;;;;;;X;;;X;
G5757050301200;G5757050301200;FLAP ASSY - INBOARD;REPAIR;;;;X;X;;;;;;;;;;;;;;;;;;;;;;;;X;X;;;;;;;;;;;;;;;;;;;;;;;;;;;;;;;;;;;;;;;;;;;;;;;;;;;;;;;;;;;;;;;;;;;;X;;;X;
G5757050301300;G5757050301300;FLAP ASSY - INBOARD;REPAIR;;;;X;X;;;;;;;;;;;;;;;;;;;;;;;;X;X;;;;;;;;;;;;;;;;;;;;;;;;;;;;;;;;;;;;;;;;;;;;;;;;;;;;;;;;;;;;;;;;;;;;X;;;X;
G5757050301400;G5757050301400;FLAP ASSY - INBOARD;REPAIR;;;;X;X;;;;;;;;;;;;;;;;;;;;;;;;X;X;;;;;;;;;;;;;;;;;;;;;;;;;;;;;;;;;;;;;;;;;;;;;;;;;;;;;;;;;;;;;;;;;;;;X;;;X;
G5757050301500;G5757050301500;FLAP ASSY - INBOARD;REPAIR;;;;X;X;;;;;;;;;;;;;;;;;;;;;;;;X;X;;;;;;;;;;;;;;;;;;;;;;;;;;;;;;;;;;;;;;;;;;;;;;;;;;;;;;;;;;;;;;;;;;;;X;;;X;
G5757120000000;G5757120000000;FLAP ASSY - OUTBOARD;REPAIR;;;;X;X;;;;;;;;;;;;;;;;;;;;;;;;X;X;;;;;;;;;;;;;;;;;;;;;;;;;;;;;;;;;;;;;;;;;;;;;;;;;;;;;;;;;;;;;;;;;;;;X;;;X;
G5757120000100;G5757120000100;FLAP ASSY - OUTBOARD;REPAIR;;;;X;X;;;;;;;;;;;;;;;;;;;;;;;;X;X;;;;;;;;;;;;;;;;;;;;;;;;;;;;;;;;;;;;;;;;;;;;;;;;;;;;;;;;;;;;;;;;;;;;X;;;X;
G5757120000200;G5757120000200;FLAP ASSY - OUTBOARD;REPAIR;;;;X;X;;;;;;;;;;;;;;;;;;;;;;;;X;X;;;;;;;;;;;;;;;;;;;;;;;;;;;;;;;;;;;;;;;;;;;;;;;;;;;;;;;;;;;;;;;;;;;;X;;;X;
G5757120000300;G5757120000300;FLAP ASSY - OUTBOARD;REPAIR;;;;X;X;;;;;;;;;;;;;;;;;;;;;;;;X;X;;;;;;;;;;;;;;;;;;;;;;;;;;;;;;;;;;;;;;;;;;;;;;;;;;;;;;;;;;;;;;;;;;;;X;;;X;
G5757120000400;G5757120000400;FLAP ASSY - OUTBOARD;REPAIR;;;;X;X;;;;;;;;;;;;;;;;;;;;;;;;X;X;;;;;;;;;;;;;;;;;;;;;;;;;;;;;;;;;;;;;;;;;;;;;;;;;;;;;;;;;;;;;;;;;;;;X;;;X;
G5757120000500;G5757120000500;FLAP ASSY - OUTBOARD;REPAIR;;;;X;X;;;;;;;;;;;;;;;;;;;;;;;;X;X;;;;;;;;;;;;;;;;;;;;;;;;;;;;;;;;;;;;;;;;;;;;;;;;;;;;;;;;;;;;;;;;;;;;X;;;X;
G5757120000600;G5757120000600;FLAP ASSY - OUTBOARD;REPAIR;;;;X;X;;;;;;;;;;;;;;;;;;;;;;;;X;X;;;;;;;;;;;;;;;;;;;;;;;;;;;;;;;;;;;;;;;;;;;;;;;;;;;;;;;;;;;;;;;;;;;;X;;;X;
G5757120000700;G5757120000700;FLAP ASSY - OUTBOARD;REPAIR;;;;X;X;;;;;;;;;;;;;;;;;;;;;;;;X;X;;;;;;;;;;;;;;;;;;;;;;;;;;;;;;;;;;;;;;;;;;;;;;;;;;;;;;;;;;;;;;;;;;;;X;;;X;
G5757120100060;G5757120100060;FLAP ASSY - OUTBOARD;REPAIR;;;;X;X;;;;;;;;;;;;;;;;;;;;;;;;X;X;;;;;;;;;;;;;;;;;;;;;;;;;;;;;;;;;;;;;;;;;;;;;;;;;;;;;;;;;;;;;;;;;;;;X;;;X;
G5757120100160;G5757120100160;FLAP ASSY - OUTBOARD;REPAIR;;;;X;X;;;;;;;;;;;;;;;;;;;;;;;;X;X;;;;;;;;;;;;;;;;;;;;;;;;;;;;;;;;;;;;;;;;;;;;;;;;;;;;;;;;;;;;;;;;;;;;X;;;X;
G5757120100460;G5757120100460;FLAP ASSY - OUTBOARD;REPAIR;;;;X;X;;;;;;;;;;;;;;;;;;;;;;;;X;X;;;;;;;;;;;;;;;;;;;;;;;;;;;;;;;;;;;;;;;;;;;;;;;;;;;;;;;;;;;;;;;;;;;;X;;;X;
G5757120100560;G5757120100560;FLAP ASSY - OUTBOARD;REPAIR;;;;X;X;;;;;;;;;;;;;;;;;;;;;;;;X;X;;;;;;;;;;;;;;;;;;;;;;;;;;;;;;;;;;;;;;;;;;;;;;;;;;;;;;;;;;;;;;;;;;;;X;;;X;
G5757120100860;G5757120100860;FLAP ASSY - OUTBOARD;REPAIR;;;;X;X;;;;;;;;;;;;;;;;;;;;;;;;X;X;;;;;;;;;;;;;;;;;;;;;;;;;;;;;;;;;;;;;;;;;;;;;;;;;;;;;;;;;;;;;;;;;;;;X;;;X;
G5757120100960;G5757120100960;FLAP ASSY - OUTBOARD;REPAIR;;;;X;X;;;;;;;;;;;;;;;;;;;;;;;;X;X;;;;;;;;;;;;;;;;;;;;;;;;;;;;;;;;;;;;;;;;;;;;;;;;;;;;;;;;;;;;;;;;;;;;X;;;X;
G5757120101060;G5757120101060;FLAP ASSY - OUTBOARD;REPAIR;;;;X;X;;;;;;;;;;;;;;;;;;;;;;;;X;X;;;;;;;;;;;;;;;;;;;;;;;;;;;;;;;;;;;;;;;;;;;;;;;;;;;;;;;;;;;;;;;;;;;;X;;;X;
G5757120101160;G5757120101160;FLAP ASSY - OUTBOARD;REPAIR;;;;X;X;;;;;;;;;;;;;;;;;;;;;;;;X;X;;;;;;;;;;;;;;;;;;;;;;;;;;;;;;;;;;;;;;;;;;;;;;;;;;;;;;;;;;;;;;;;;;;;X;;;X;
G5757120200060;G5757120200060;FLAP ASSY - OUTBOARD;REPAIR;;;;X;X;;;;;;;;;;;;;;;;;;;;;;;;X;X;;;;;;;;;;;;;;;;;;;;;;;;;;;;;;;;;;;;;;;;;;;;;;;;;;;;;;;;;;;;;;;;;;;;X;;;X;
G5757120200160;G5757120200160;FLAP ASSY - OUTBOARD;REPAIR;;;;X;X;;;;;;;;;;;;;;;;;;;;;;;;X;X;;;;;;;;;;;;;;;;;;;;;;;;;;;;;;;;;;;;;;;;;;;;;;;;;;;;;;;;;;;;;;;;;;;;X;;;X;
G5757403300080;G5757403300080;FAIRING ASSY - TRACK 2,3,5;REPAIR;;;;X;X;;;;;;;;;;;;;;;;;;;;;;;;X;X;;;;;;;;;;;;;;;;;;;;;;;;;;;;;;;;;;;;;;;;;;;;;;;;;;;;;;;;;;;;;;;;;;;;X;;;X;
G5757403300081;G5757403300081;FAIRING ASSY - TRACK 2,3,5;REPAIR;;;;X;X;;;;;;;;;;;;;;;;;;;;;;;;X;X;;;;;;;;;;;;;;;;;;;;;;;;;;;;;;;;;;;;;;;;;;;;;;;;;;;;;;;;;;;;;;;;;;;;X;;;X;
G5757403300280;G5757403300280;FAIRING ASSY - TRACK 2,3,5;REPAIR;;;;X;X;;;;;;;;;;;;;;;;;;;;;;;;X;X;;;;;;;;;;;;;;;;;;;;;;;;;;;;;;;;;;;;;;;;;;;;;;;;;;;;;;;;;;;;;;;;;;;;X;;;X;
G5757403300381;G5757403300381;FAIRING ASSY - TRACK 2,3,5;REPAIR;;;;X;X;;;;;;;;;;;;;;;;;;;;;;;;X;X;;;;;;;;;;;;;;;;;;;;;;;;;;;;;;;;;;;;;;;;;;;;;;;;;;;;;;;;;;;;;;;;;;;;X;;;X;
G5757405500080;G5757405500080;FAIRING ASSY - TRACK 2,3,5;REPAIR;;;;X;X;;;;;;;;;;;;;;;;;;;;;;;;X;X;;;;;;;;;;;;;;;;;;;;;;;;;;;;;;;;;;;;;;;;;;;;;;;;;;;;;;;;;;;;;;;;;;;;X;;;X;
G5757405500081;G5757405500081;FAIRING ASSY - TRACK 2,3,5;REPAIR;;;;X;X;;;;;;;;;;;;;;;;;;;;;;;;X;X;;;;;;;;;;;;;;;;;;;;;;;;;;;;;;;;;;;;;;;;;;;;;;;;;;;;;;;;;;;;;;;;;;;;X;;;X;
G5757405500280;G5757405500280;FAIRING ASSY - TRACK 2,3,5;REPAIR;;;;X;X;;;;;;;;;;;;;;;;;;;;;;;;X;X;;;;;;;;;;;;;;;;;;;;;;;;;;;;;;;;;;;;;;;;;;;;;;;;;;;;;;;;;;;;;;;;;;;;X;;;X;
G5757405500281;G5757405500281;FAIRING ASSY - TRACK 2,3,5;REPAIR;;;;X;X;;;;;;;;;;;;;;;;;;;;;;;;X;X;;;;;;;;;;;;;;;;;;;;;;;;;;;;;;;;;;;;;;;;;;;;;;;;;;;;;;;;;;;;;;;;;;;;X;;;X;
G5757410200000;G5757410200000;FAIRING ASSY - TRACK 2,3,5;REPAIR;;;;X;X;;;;;;;;;;;;;;;;;;;;;;;;X;X;;;;;;;;;;;;;;;;;;;;;;;;;;;;;;;;;;;;;;;;;;;;;;;;;;;;;;;;;;;;;;;;;;;;X;;;X;
G5757410200100;G5757410200100;FAIRING ASSY - TRACK 2,3,5;REPAIR;;;;X;X;;;;;;;;;;;;;;;;;;;;;;;;X;X;;;;;;;;;;;;;;;;;;;;;;;;;;;;;;;;;;;;;;;;;;;;;;;;;;;;;;;;;;;;;;;;;;;;X;;;X;
G5757410300000;G5757410300000;FAIRING ASSY - TRACK 2,3,5;REPAIR;;;;X;X;;;;;;;;;;;;;;;;;;;;;;;;X;X;;;;;;;;;;;;;;;;;;;;;;;;;;;;;;;;;;;;;;;;;;;;;;;;;;;;;;;;;;;;;;;;;;;;X;;;X;
G5757410300100;G5757410300100;FAIRING ASSY - TRACK 2,3,5;REPAIR;;;;X;X;;;;;;;;;;;;;;;;;;;;;;;;X;X;;;;;;;;;;;;;;;;;;;;;;;;;;;;;;;;;;;;;;;;;;;;;;;;;;;;;;;;;;;;;;;;;;;;X;;;X;
G5757410400000;G5757410400000;FAIRING ASSY - TRACK 4;REPAIR;;;;X;X;;;;;;;;;;;;;;;;;;;;;;;;X;X;;;;;;;;;;;;;;;;;;;;;;;;;;;;;;;;;;;;;;;;;;;;;;;;;;;;;;;;;;;;;;;;;;;;X;;;X;
G5757410500000;G5757410500000;FAIRING ASSY - TRACK 2,3,5;REPAIR;;;;X;X;;;;;;;;;;;;;;;;;;;;;;;;X;X;;;;;;;;;;;;;;;;;;;;;;;;;;;;;;;;;;;;;;;;;;;;;;;;;;;;;;;;;;;;;;;;;;;;X;;;X;
G5757410500100;G5757410500100;FAIRING ASSY - TRACK 2,3,5;REPAIR;;;;X;X;;;;;;;;;;;;;;;;;;;;;;;;X;X;;;;;;;;;;;;;;;;;;;;;;;;;;;;;;;;;;;;;;;;;;;;;;;;;;;;;;;;;;;;;;;;;;;;X;;;X;
G5757410600000;G5757410600000;FAIRING ASSY-FIXED 4;REPAIR;;;;X;X;X;X;X;;;;;;;;;;;;;X;;;;;;;;;X;;;;;;;;;;;;;;;;;;;;;;;;;;;;;;;;;;;;;;;;;;;;;;;;;;;;;;;;;;;;;;;;;;;;X;;;X;
G5757411200000;G5757411200000;FAIRING ASSY - TRACK 2,3,5;REPAIR;;;;X;X;;;;;;;;;;;;;;;;;;;;;;;;X;X;;;;;;;;;;;;;;;;;;;;;;;;;;;;;;;;;;;;;;;;;;;;;;;;;;;;;;;;;;;;;;;;;;;;X;;;X;
G5757411200100;G5757411200100;FAIRING ASSY - TRACK 2,3,5;REPAIR;;;;X;X;;;;;;;;;;;;;;;;;;;;;;;;X;X;;;;;;;;;;;;;;;;;;;;;;;;;;;;;;;;;;;;;;;;;;;;;;;;;;;;;;;;;;;;;;;;;;;;X;;;X;
G5757411200200;G5757411200200;FAIRING ASSY - TRACK 2,3,5;REPAIR;;;;X;X;;;;;;;;;;;;;;;;;;;;;;;;X;X;;;;;;;;;;;;;;;;;;;;;;;;;;;;;;;;;;;;;;;;;;;;;;;;;;;;;;;;;;;;;;;;;;;;X;;;X;
G5757411200300;G5757411200300;FAIRING ASSY - TRACK 2,3,5;REPAIR;;;;X;X;;;;;;;;;;;;;;;;;;;;;;;;X;X;;;;;;;;;;;;;;;;;;;;;;;;;;;;;;;;;;;;;;;;;;;;;;;;;;;;;;;;;;;;;;;;;;;;X;;;X;
G5757411200400;G5757411200400;FAIRING ASSY - TRACK 2,3,5;REPAIR;;;;X;X;;;;;;;;;;;;;;;;;;;;;;;;X;X;;;;;;;;;;;;;;;;;;;;;;;;;;;;;;;;;;;;;;;;;;;;;;;;;;;;;;;;;;;;;;;;;;;;X;;;X;
G5757411200500;G5757411200500;FAIRING ASSY - TRACK 2,3,5;REPAIR;;;;X;X;;;;;;;;;;;;;;;;;;;;;;;;X;X;;;;;;;;;;;;;;;;;;;;;;;;;;;;;;;;;;;;;;;;;;;;;;;;;;;;;;;;;;;;;;;;;;;;X;;;X;
G5757411400051;G5757411400051;FAIRING ASSY - TRACK 4;REPAIR;;;;X;X;;;;;;;;;;;;;;;;;;;;;;;;X;X;;;;;;;;;;;;;;;;;;;;;;;;;;;;;;;;;;;;;;;;;;;;;;;;;;;;;;;;;;;;;;;;;;;;X;;;X;
G5757411400052;G5757411400052;FAIRING ASSY - TRACK 4;REPAIR;;;;X;X;;;;;;;;;;;;;;;;;;;;;;;;X;X;;;;;;;;;;;;;;;;;;;;;;;;;;;;;;;;;;;;;;;;;;;;;;;;;;;;;;;;;;;;;;;;;;;;X;;;X;
G5757411400251;G5757411400251;FAIRING ASSY - TRACK 4;REPAIR;;;;X;X;;;;;;;;;;;;;;;;;;;;;;;;X;X;;;;;;;;;;;;;;;;;;;;;;;;;;;;;;;;;;;;;;;;;;;;;;;;;;;;;;;;;;;;;;;;;;;;X;;;X;
G57574116000063;G57574116000063;FAIRING ASSY - TRACK 4;REPAIR;;;;X;X;;;;;;;;;;;;;;;;;;;;;;;;X;X;;;;;;;;;;;;;;;;;;;;;;;;;;;;;;;;;;;;;;;;;;;;;;;;;;;;;;;;;;;;;;;;;;;;X;;;X;
G5757411600051;G5757411600051;FAIRING ASSY - TRACK 4;REPAIR;;;;X;X;;;;;;;;;;;;;;;;;;;;;;;;X;X;;;;;;;;;;;;;;;;;;;;;;;;;;;;;;;;;;;;;;;;;;;;;;;;;;;;;;;;;;;;;;;;;;;;X;;;X;
G5757411600052;G5757411600052;FAIRING ASSY - TRACK 4;REPAIR;;;;X;X;;;;;;;;;;;;;;;;;;;;;;;;X;X;;;;;;;;;;;;;;;;;;;;;;;;;;;;;;;;;;;;;;;;;;;;;;;;;;;;;;;;;;;;;;;;;;;;X;;;X;
G5777110000000;G5777110000000;SPOILER 1;REPAIR;;;;X;X;;;;;;;;;;;;;;;;;;;;;;;;X;X;;;;;;;;;;;;;;;;;;;;;;;;;;;;;;;;;;;;;;;;;;;;;;;;;;;;;;;;;;;;;;;;;;;;X;;;X;
G5777110000100;G5777110000100;SPOILER 1;REPAIR;;;;X;X;;;;;;;;;;;;;;;;;;;;;;;;X;X;;;;;;;;;;;;;;;;;;;;;;;;;;;;;;;;;;;;;;;;;;;;;;;;;;;;;;;;;;;;;;;;;;;;X;;;X;
G5777120000000;G5777120000000;SPOILER 2, 6;REPAIR;;;;X;X;;;;;;;;;;;;;;;;;;;;;;;;X;X;;;;;;;;;;;;;;;;;;;;;;;;;;;;;;;;;;;;;;;;;;;;;;;;;;;;;;;;;;;;;;;;;;;;X;;;X;
G5777120000100;G5777120000100;SPOILER 2, 6;REPAIR;;;;X;X;;;;;;;;;;;;;;;;;;;;;;;;X;X;;;;;;;;;;;;;;;;;;;;;;;;;;;;;;;;;;;;;;;;;;;;;;;;;;;;;;;;;;;;;;;;;;;;X;;;X;
G5777120000200;G5777120000200;SPOILER 2, 6;REPAIR;;;;X;X;;;;;;;;;;;;;;;;;;;;;;;;X;X;;;;;;;;;;;;;;;;;;;;;;;;;;;;;;;;;;;;;;;;;;;;;;;;;;;;;;;;;;;;;;;;;;;;X;;;X;
G5777120000300;G5777120000300;SPOILER 2, 6;REPAIR;;;;X;X;;;;;;;;;;;;;;;;;;;;;;;;X;X;;;;;;;;;;;;;;;;;;;;;;;;;;;;;;;;;;;;;;;;;;;;;;;;;;;;;;;;;;;;;;;;;;;;X;;;X;
G5777120000400;G5777120000400;SPOILER 2, 6;REPAIR;;;;X;X;;;;;;;;;;;;;;;;;;;;;;;;X;X;;;;;;;;;;;;;;;;;;;;;;;;;;;;;;;;;;;;;;;;;;;;;;;;;;;;;;;;;;;;;;;;;;;;X;;;X;
G5777120000500;G5777120000500;SPOILER 2, 6;REPAIR;;;;X;X;;;;;;;;;;;;;;;;;;;;;;;;X;X;;;;;;;;;;;;;;;;;;;;;;;;;;;;;;;;;;;;;;;;;;;;;;;;;;;;;;;;;;;;;;;;;;;;X;;;X;
G5777130000000;G5777130000000;SPOILER 2, 6;REPAIR;;;;X;X;;;;;;;;;;;;;;;;;;;;;;;;X;X;;;;;;;;;;;;;;;;;;;;;;;;;;;;;;;;;;;;;;;;;;;;;;;;;;;;;;;;;;;;;;;;;;;;X;;;X;
G5777130000100;G5777130000100;SPOILER 2, 6;REPAIR;;;;X;X;;;;;;;;;;;;;;;;;;;;;;;;X;X;;;;;;;;;;;;;;;;;;;;;;;;;;;;;;;;;;;;;;;;;;;;;;;;;;;;;;;;;;;;;;;;;;;;X;;;X;
G5777130000200;G5777130000200;SPOILER 2, 6;REPAIR;;;;X;X;;;;;;;;;;;;;;;;;;;;;;;;X;X;;;;;;;;;;;;;;;;;;;;;;;;;;;;;;;;;;;;;;;;;;;;;;;;;;;;;;;;;;;;;;;;;;;;X;;;X;
G5777130000300;G5777130000300;SPOILER 2, 6;REPAIR;;;;X;X;;;;;;;;;;;;;;;;;;;;;;;;X;X;;;;;;;;;;;;;;;;;;;;;;;;;;;;;;;;;;;;;;;;;;;;;;;;;;;;;;;;;;;;;;;;;;;;X;;;X;
G5777210000000;G5777210000000;SPOILER 1;REPAIR;;;;X;X;;;;;;;;;;;;;;;;;;;;;;;;X;X;;;;;;;;;;;;;;;;;;;;;;;;;;;;;;;;;;;;;;;;;;;;;;;;;;;;;;;;;;;;;;;;;;;;X;;;X;
G5777210000100;G5777210000100;SPOILER 1;REPAIR;;;;X;X;;;;;;;;;;;;;;;;;;;;;;;;X;X;;;;;;;;;;;;;;;;;;;;;;;;;;;;;;;;;;;;;;;;;;;;;;;;;;;;;;;;;;;;;;;;;;;;X;;;X;
G5777210000200;G5777210000200;SPOILER 1;REPAIR;;;;X;X;;;;;;;;;;;;;;;;;;;;;;;;X;X;;;;;;;;;;;;;;;;;;;;;;;;;;;;;;;;;;;;;;;;;;;;;;;;;;;;;;;;;;;;;;;;;;;;X;;;X;
G5777210000300;G5777210000300;SPOILER 1;REPAIR;;;;X;X;;;;;;;;;;;;;;;;;;;;;;;;X;X;;;;;;;;;;;;;;;;;;;;;;;;;;;;;;;;;;;;;;;;;;;;;;;;;;;;;;;;;;;;;;;;;;;;X;;;X;
G5777210000400;G5777210000400;SPOILER 1;REPAIR;;;;X;X;;;;;;;;;;;;;;;;;;;;;;;;X;X;;;;;;;;;;;;;;;;;;;;;;;;;;;;;;;;;;;;;;;;;;;;;;;;;;;;;;;;;;;;;;;;;;;;X;;;X;
G5777210000500;G5777210000500;SPOILER 1;REPAIR;;;;X;X;;;;;;;;;;;;;;;;;;;;;;;;X;X;;;;;;;;;;;;;;;;;;;;;;;;;;;;;;;;;;;;;;;;;;;;;;;;;;;;;;;;;;;;;;;;;;;;X;;;X;
G5777210000600;G5777210000600;SPOILER 1;REPAIR;;;;X;X;;;;;;;;;;;;;;;;;;;;;;;;X;X;;;;;;;;;;;;;;;;;;;;;;;;;;;;;;;;;;;;;;;;;;;;;;;;;;;;;;;;;;;;;;;;;;;;X;;;X;
G5777210000700;G5777210000700;SPOILER 1;REPAIR;;;;X;X;;;;;;;;;;;;;;;;;;;;;;;;X;X;;;;;;;;;;;;;;;;;;;;;;;;;;;;;;;;;;;;;;;;;;;;;;;;;;;;;;;;;;;;;;;;;;;;X;;;X;
G5777220000000;G5777220000000;SPOILER 2, 6;REPAIR;;;;X;X;;;;;;;;;;;;;;;;;;;;;;;;X;X;;;;;;;;;;;;;;;;;;;;;;;;;;;;;;;;;;;;;;;;;;;;;;;;;;;;;;;;;;;;;;;;;;;;X;;;X;
G5777220000100;G5777220000100;SPOILER 2, 6;REPAIR;;;;X;X;;;;;;;;;;;;;;;;;;;;;;;;X;X;;;;;;;;;;;;;;;;;;;;;;;;;;;;;;;;;;;;;;;;;;;;;;;;;;;;;;;;;;;;;;;;;;;;X;;;X;
G5777220000200;G5777220000200;SPOILER 2, 6;REPAIR;;;;X;X;;;;;;;;;;;;;;;;;;;;;;;;X;X;;;;;;;;;;;;;;;;;;;;;;;;;;;;;;;;;;;;;;;;;;;;;;;;;;;;;;;;;;;;;;;;;;;;X;;;X;
G5777220000300;G5777220000300;SPOILER 2, 6;REPAIR;;;;X;X;;;;;;;;;;;;;;;;;;;;;;;;X;X;;;;;;;;;;;;;;;;;;;;;;;;;;;;;;;;;;;;;;;;;;;;;;;;;;;;;;;;;;;;;;;;;;;;X;;;X;
G5777220000400;G5777220000400;SPOILER 2, 6;REPAIR;;;;X;X;;;;;;;;;;;;;;;;;;;;;;;;X;X;;;;;;;;;;;;;;;;;;;;;;;;;;;;;;;;;;;;;;;;;;;;;;;;;;;;;;;;;;;;;;;;;;;;X;;;X;
G5777220000500;G5777220000500;SPOILER 2, 6;REPAIR;;;;X;X;;;;;;;;;;;;;;;;;;;;;;;;X;X;;;;;;;;;;;;;;;;;;;;;;;;;;;;;;;;;;;;;;;;;;;;;;;;;;;;;;;;;;;;;;;;;;;;X;;;X;
G5777220000600;G5777220000600;SPOILER 2, 6;REPAIR;;;;X;X;;;;;;;;;;;;;;;;;;;;;;;;X;X;;;;;;;;;;;;;;;;;;;;;;;;;;;;;;;;;;;;;;;;;;;;;;;;;;;;;;;;;;;;;;;;;;;;X;;;X;
G5777220000700;G5777220000700;SPOILER 2, 6;REPAIR;;;;X;X;;;;;;;;;;;;;;;;;;;;;;;;X;X;;;;;;;;;;;;;;;;;;;;;;;;;;;;;;;;;;;;;;;;;;;;;;;;;;;;;;;;;;;;;;;;;;;;X;;;X;
G5777230000000;G5777230000000;SPOILER 3, 4, 5;REPAIR;;;;X;X;;;;;;;;;;;;;;;;;;;;;;;;X;X;;;;;;;;;;;;;;;;;;;;;;;;;;;;;;;;;;;;;;;;;;;;;;;;;;;;;;;;;;;;;;;;;;;;X;;;X;
G5777230000100;G5777230000100;SPOILER 3, 4, 5;REPAIR;;;;X;X;;;;;;;;;;;;;;;;;;;;;;;;X;X;;;;;;;;;;;;;;;;;;;;;;;;;;;;;;;;;;;;;;;;;;;;;;;;;;;;;;;;;;;;;;;;;;;;X;;;X;
G5777230000200;G5777230000200;SPOILER 3, 4, 5;REPAIR;;;;X;X;;;;;;;;;;;;;;;;;;;;;;;;X;X;;;;;;;;;;;;;;;;;;;;;;;;;;;;;;;;;;;;;;;;;;;;;;;;;;;;;;;;;;;;;;;;;;;;X;;;X;
G5777230000300;G5777230000300;SPOILER 3, 4, 5;REPAIR;;;;X;X;;;;;;;;;;;;;;;;;;;;;;;;X;X;;;;;;;;;;;;;;;;;;;;;;;;;;;;;;;;;;;;;;;;;;;;;;;;;;;;;;;;;;;;;;;;;;;;X;;;X;
G5777230000400;G5777230000400;SPOILER 3, 4, 5;REPAIR;;;;X;X;;;;;;;;;;;;;;;;;;;;;;;;X;X;;;;;;;;;;;;;;;;;;;;;;;;;;;;;;;;;;;;;;;;;;;;;;;;;;;;;;;;;;;;;;;;;;;;X;;;X;
G5777230000500;G5777230000500;SPOILER 3, 4, 5;REPAIR;;;;X;X;;;;;;;;;;;;;;;;;;;;;;;;X;X;;;;;;;;;;;;;;;;;;;;;;;;;;;;;;;;;;;;;;;;;;;;;;;;;;;;;;;;;;;;;;;;;;;;X;;;X;
G5777230000600;G5777230000600;SPOILER 3, 4, 5;REPAIR;;;;X;X;;;;;;;;;;;;;;;;;;;;;;;;X;X;;;;;;;;;;;;;;;;;;;;;;;;;;;;;;;;;;;;;;;;;;;;;;;;;;;;;;;;;;;;;;;;;;;;X;;;X;
G5777230000700;G5777230000700;SPOILER 3, 4, 5;REPAIR;;;;X;X;;;;;;;;;;;;;;;;;;;;;;;;X;X;;;;;;;;;;;;;;;;;;;;;;;;;;;;;;;;;;;;;;;;;;;;;;;;;;;;;;;;;;;;;;;;;;;;X;;;X;
G5777230000800;G5777230000800;SPOILER 3, 4, 5;REPAIR;;;;X;X;;;;;;;;;;;;;;;;;;;;;;;;X;X;;;;;;;;;;;;;;;;;;;;;;;;;;;;;;;;;;;;;;;;;;;;;;;;;;;;;;;;;;;;;;;;;;;;X;;;X;
G5777230000900;G5777230000900;SPOILER 3, 4, 5;REPAIR;;;;X;X;;;;;;;;;;;;;;;;;;;;;;;;X;X;;;;;;;;;;;;;;;;;;;;;;;;;;;;;;;;;;;;;;;;;;;;;;;;;;;;;;;;;;;;;;;;;;;;X;;;X;
G5777230001000;G5777230001000;SPOILER 3, 4, 5;REPAIR;;;;X;X;;;;;;;;;;;;;;;;;;;;;;;;X;X;;;;;;;;;;;;;;;;;;;;;;;;;;;;;;;;;;;;;;;;;;;;;;;;;;;;;;;;;;;;;;;;;;;;X;;;X;
G5777230001100;G5777230001100;SPOILER 3, 4, 5;REPAIR;;;;X;X;;;;;;;;;;;;;;;;;;;;;;;;X;X;;;;;;;;;;;;;;;;;;;;;;;;;;;;;;;;;;;;;;;;;;;;;;;;;;;;;;;;;;;;;;;;;;;;X;;;X;
G5777240000000;G5777240000000;SPOILER 3, 4, 5;REPAIR;;;;X;X;;;;;;;;;;;;;;;;;;;;;;;;X;X;;;;;;;;;;;;;;;;;;;;;;;;;;;;;;;;;;;;;;;;;;;;;;;;;;;;;;;;;;;;;;;;;;;;X;;;X;
G5777240000100;G5777240000100;SPOILER 3, 4, 5;REPAIR;;;;X;X;;;;;;;;;;;;;;;;;;;;;;;;X;X;;;;;;;;;;;;;;;;;;;;;;;;;;;;;;;;;;;;;;;;;;;;;;;;;;;;;;;;;;;;;;;;;;;;X;;;X;
G5777240000200;G5777240000200;SPOILER 3, 4, 5;REPAIR;;;;X;X;;;;;;;;;;;;;;;;;;;;;;;;X;X;;;;;;;;;;;;;;;;;;;;;;;;;;;;;;;;;;;;;;;;;;;;;;;;;;;;;;;;;;;;;;;;;;;;X;;;X;
G5777240000300;G5777240000300;SPOILER 3, 4, 5;REPAIR;;;;X;X;;;;;;;;;;;;;;;;;;;;;;;;X;X;;;;;;;;;;;;;;;;;;;;;;;;;;;;;;;;;;;;;;;;;;;;;;;;;;;;;;;;;;;;;;;;;;;;X;;;X;
G5777240000400;G5777240000400;SPOILER 3, 4, 5;REPAIR;;;;X;X;;;;;;;;;;;;;;;;;;;;;;;;X;X;;;;;;;;;;;;;;;;;;;;;;;;;;;;;;;;;;;;;;;;;;;;;;;;;;;;;;;;;;;;;;;;;;;;X;;;X;
G5777240000500;G5777240000500;SPOILER 3, 4, 5;REPAIR;;;;X;X;;;;;;;;;;;;;;;;;;;;;;;;X;X;;;;;;;;;;;;;;;;;;;;;;;;;;;;;;;;;;;;;;;;;;;;;;;;;;;;;;;;;;;;;;;;;;;;X;;;X;
G5777240000600;G5777240000600;SPOILER 3, 4, 5;REPAIR;;;;X;X;;;;;;;;;;;;;;;;;;;;;;;;X;X;;;;;;;;;;;;;;;;;;;;;;;;;;;;;;;;;;;;;;;;;;;;;;;;;;;;;;;;;;;;;;;;;;;;X;;;X;
G5777240000700;G5777240000700;SPOILER 3, 4, 5;REPAIR;;;;X;X;;;;;;;;;;;;;;;;;;;;;;;;X;X;;;;;;;;;;;;;;;;;;;;;;;;;;;;;;;;;;;;;;;;;;;;;;;;;;;;;;;;;;;;;;;;;;;;X;;;X;
G5777240000800;G5777240000800;SPOILER 3, 4, 5;REPAIR;;;;X;X;;;;;;;;;;;;;;;;;;;;;;;;X;X;;;;;;;;;;;;;;;;;;;;;;;;;;;;;;;;;;;;;;;;;;;;;;;;;;;;;;;;;;;;;;;;;;;;X;;;X;
G5777240000900;G5777240000900;SPOILER 3, 4, 5;REPAIR;;;;X;X;;;;;;;;;;;;;;;;;;;;;;;;X;X;;;;;;;;;;;;;;;;;;;;;;;;;;;;;;;;;;;;;;;;;;;;;;;;;;;;;;;;;;;;;;;;;;;;X;;;X;
G5777240001000;G5777240001000;SPOILER 3, 4, 5;REPAIR;;;;X;X;;;;;;;;;;;;;;;;;;;;;;;;X;X;;;;;;;;;;;;;;;;;;;;;;;;;;;;;;;;;;;;;;;;;;;;;;;;;;;;;;;;;;;;;;;;;;;;X;;;X;
G5777240001100;G5777240001100;SPOILER 3, 4, 5;REPAIR;;;;X;X;;;;;;;;;;;;;;;;;;;;;;;;X;X;;;;;;;;;;;;;;;;;;;;;;;;;;;;;;;;;;;;;;;;;;;;;;;;;;;;;;;;;;;;;;;;;;;;X;;;X;
G5777250000000;G5777250000000;SPOILER 3, 4, 5;REPAIR;;;;X;X;;;;;;;;;;;;;;;;;;;;;;;;X;X;;;;;;;;;;;;;;;;;;;;;;;;;;;;;;;;;;;;;;;;;;;;;;;;;;;;;;;;;;;;;;;;;;;;X;;;X;
G5777250000100;G5777250000100;SPOILER 3, 4, 5;REPAIR;;;;X;X;;;;;;;;;;;;;;;;;;;;;;;;X;X;;;;;;;;;;;;;;;;;;;;;;;;;;;;;;;;;;;;;;;;;;;;;;;;;;;;;;;;;;;;;;;;;;;;X;;;X;
G5777250000200;G5777250000200;SPOILER 3, 4, 5;REPAIR;;;;X;X;;;;;;;;;;;;;;;;;;;;;;;;X;X;;;;;;;;;;;;;;;;;;;;;;;;;;;;;;;;;;;;;;;;;;;;;;;;;;;;;;;;;;;;;;;;;;;;X;;;X;
G5777250000300;G5777250000300;SPOILER 3, 4, 5;REPAIR;;;;X;X;;;;;;;;;;;;;;;;;;;;;;;;X;X;;;;;;;;;;;;;;;;;;;;;;;;;;;;;;;;;;;;;;;;;;;;;;;;;;;;;;;;;;;;;;;;;;;;X;;;X;
G5777250000400;G5777250000400;SPOILER 3, 4, 5;REPAIR;;;;X;X;;;;;;;;;;;;;;;;;;;;;;;;X;X;;;;;;;;;;;;;;;;;;;;;;;;;;;;;;;;;;;;;;;;;;;;;;;;;;;;;;;;;;;;;;;;;;;;X;;;X;
G5777250000500;G5777250000500;SPOILER 3, 4, 5;REPAIR;;;;X;X;;;;;;;;;;;;;;;;;;;;;;;;X;X;;;;;;;;;;;;;;;;;;;;;;;;;;;;;;;;;;;;;;;;;;;;;;;;;;;;;;;;;;;;;;;;;;;;X;;;X;
G5777250000600;G5777250000600;SPOILER 3, 4, 5;REPAIR;;;;X;X;;;;;;;;;;;;;;;;;;;;;;;;X;X;;;;;;;;;;;;;;;;;;;;;;;;;;;;;;;;;;;;;;;;;;;;;;;;;;;;;;;;;;;;;;;;;;;;X;;;X;
G5777250000700;G5777250000700;SPOILER 3, 4, 5;REPAIR;;;;X;X;;;;;;;;;;;;;;;;;;;;;;;;X;X;;;;;;;;;;;;;;;;;;;;;;;;;;;;;;;;;;;;;;;;;;;;;;;;;;;;;;;;;;;;;;;;;;;;X;;;X;
G5777260000000;G5777260000000;SPOILER 2, 6;REPAIR;;;;X;X;;;;;;;;;;;;;;;;;;;;;;;;X;X;;;;;;;;;;;;;;;;;;;;;;;;;;;;;;;;;;;;;;;;;;;;;;;;;;;;;;;;;;;;;;;;;;;;X;;;X;
G5777260000100;G5777260000100;SPOILER 2, 6;REPAIR;;;;X;X;;;;;;;;;;;;;;;;;;;;;;;;X;X;;;;;;;;;;;;;;;;;;;;;;;;;;;;;;;;;;;;;;;;;;;;;;;;;;;;;;;;;;;;;;;;;;;;X;;;X;
G5777260000200;G5777260000200;SPOILER 2, 6;REPAIR;;;;X;X;;;;;;;;;;;;;;;;;;;;;;;;X;X;;;;;;;;;;;;;;;;;;;;;;;;;;;;;;;;;;;;;;;;;;;;;;;;;;;;;;;;;;;;;;;;;;;;X;;;X;
G5777260000300;G5777260000300;SPOILER 2, 6;REPAIR;;;;X;X;;;;;;;;;;;;;;;;;;;;;;;;X;X;;;;;;;;;;;;;;;;;;;;;;;;;;;;;;;;;;;;;;;;;;;;;;;;;;;;;;;;;;;;;;;;;;;;X;;;X;
G5777260000400;G5777260000400;SPOILER 2, 6;REPAIR;;;;X;X;;;;;;;;;;;;;;;;;;;;;;;;X;X;;;;;;;;;;;;;;;;;;;;;;;;;;;;;;;;;;;;;;;;;;;;;;;;;;;;;;;;;;;;;;;;;;;;X;;;X;
G5777260000500;G5777260000500;SPOILER 2, 6;REPAIR;;;;X;X;;;;;;;;;;;;;;;;;;;;;;;;X;X;;;;;;;;;;;;;;;;;;;;;;;;;;;;;;;;;;;;;;;;;;;;;;;;;;;;;;;;;;;;;;;;;;;;X;;;X;
G5777260000600;G5777260000600;SPOILER 2, 6;REPAIR;;;;X;X;;;;;;;;;;;;;;;;;;;;;;;;X;X;;;;;;;;;;;;;;;;;;;;;;;;;;;;;;;;;;;;;;;;;;;;;;;;;;;;;;;;;;;;;;;;;;;;X;;;X;
G5777260000700;G5777260000700;SPOILER 2, 6;REPAIR;;;;X;X;;;;;;;;;;;;;;;;;;;;;;;;X;X;;;;;;;;;;;;;;;;;;;;;;;;;;;;;;;;;;;;;;;;;;;;;;;;;;;;;;;;;;;;;;;;;;;;X;;;X;
G6101;G6101;AUDIO SELECTOR PANEL;;REPAIR;;;X;X;;;;;;;;;;;;;;;;;;;;;;;;;;X;;;;;;;;;;X;;;;;;;;;;;;;;;;;;;;;;;;;;;;;;;;;;;;;;;;;;;;;;;;;;;;;;;;;;X;;;
G6107A;G6107A;AMPPLIFIER;;REPAIR;;;X;X;;X;;;;;;;;;;;;;;;;;;;;;;;;;;;;;;;;;;;;;;;;;;;;;;;;;;;;;;;;;;;;;;;;;;;;;;;;;;;;;;X;;;;;;;;;;;;;;X;;;
G620012;G6200-12;VHF CONTROL PANEL;;REPAIR;;;X;X;;X;;;;;;;;;;;;;;;;;;;;;;;;;;;;;;;;;;;;;;;;;;;;;;;;;;;;;;;;;;;;;;;;;;;;;;;;;;;;;;;;;;;;;;X;X;;;;;X;;;
G620013;G6200-13;VHF CONTROL PANEL;;REPAIR;;;X;X;;X;;;;;;;;;;;;;;;;;;;;;;;;;;;;;;;;;;;;;;;;;;;;;;;;;;;;;;;;;;;;;;;;;;;;;;;;;;;;;;;;;;;;;;X;X;;;;;X;;;
G620103;G6201-03;HF CTRL PANEL;;REPAIR;;;X;X;;X;;;;;;;;;;;;;;;;;;;;;;;;;;;;;;;;;;;;;;;;;;;;;;;;;;;;;;;;;;;;;;;;;;;;;;;;;;;;;;;;;;;;;;X;X;;;;;X;;;
G620412;G6204-12;ADF CONTROL PANEL;;REPAIR;;;X;X;;X;;;;;;;;;;;;;;;;;;;;;;;;;;;;;;;;;;;;;;;;;;;;;;;;;;;;;;;;;;;;;;;;;;;;;;;;;;;;;;;;;;;;;;X;X;;;;;X;;;
G622712;G6227-12;PANEL ILS CONTROL;;REPAIR;;;X;X;;X;;;;;;;;;;;;;;;;;;;;;;;;;;;;;;;;;;;;;;;;;;;;;;;;;;;;;;;;;;;;;;;;;;;;;;;;;;;;;;;;;;;;;;X;X;;;;;X;;;
G622912;G6229-12;VOR/DME CONTROL PANEL;;REPAIR;;;X;X;;;;;;;;;;;;;;;;;;;;;;;;;;;;;;;;;;;;;;;;;;;;;;;;;;;;;;;;;;;;;;;;;;;;;;;;;;;;;;;;;;;;;;;;X;X;;;;;X;;;
G62501;G-6250-1;AIRCRAFT CONTROLLABLE SEARCHLIGHT;REPAIR;;;;X;X;X;X;;;;;;;X;;X;;;;;;;;;;;;;;;;;;;;;;;;;;;;;;;;;;;;;;;;;;;;;;;;;;;;;;;;;;;;;;;;;;;;;;;;;;;;;;;;;;X;;;;
G62505;G6250-5;AIRCRAFT CONTROLLABLE SEARCHLIGHT;OVERHAUL;;;;X;X;X;X;X;;;X;;;X;;X;;;;;;;;;;;;;;;;;;;;;;;;;;;;;;;;;;;;;;;;;;;;;;;;;;;;;;;;;;;;;;;;;;;;;;;;;;;;;;;;;;X;;;;
G62506;G6250-6;AIRCRAFT CONTROLLABLE SEARCHLIGHT;OVERHAUL;;;;X;X;X;X;X;;;;;;X;;X;;;;;;;;;;;;;;;;;;;;;;;;;;;;;;;;;;;;;;;;;;;;;;;;;;;;;;;;;;;;;;;;;;;;;;;;;;;;;;;;;;X;;;;
G676202;G6762-02;ADF CTRL PANEL;;REPAIR;;;X;X;;X;;;;;;;;;;;;;;;;;;;;;;;;;;;;;;;;;;;;;;;;;;;;;;;;;;;;;;;;;;;;;;;;;;;;;;;;;;;;;;;;;;;;;;X;X;;;;;X;;;
G693712;G6937-12;AUDIO CONTROL PANEL;;REPAIR;;;X;X;;X;;;;;;;;;;;;;;;;;;;;;;;;;;;;;;;;;;;;;;;;;;;;;;;;;;;;;;;;;;;;;;;;;;;;;;;;;;;;;;;;;;;;;;X;X;;;;;X;;;
G693713;G6937-13;AUDIO CONTROL PANEL;;REPAIR;;;X;X;;X;;;;;;;;;;;;;;;;;;;;;;;;;;;;;;;;;;;;;;;;;;;;;;;;;;;;;;;;;;;;;;;;;;;;;;;;;;;;;;;;;;;;;;X;X;;;;;X;;;
G693714;G6937-14;AUDIO CONTROL PANEL;;REPAIR;;;X;X;;X;;;;;;;;;;;;;;;;;;;;;;;;;;;;;;;;;;;;;;;;;;;;;;;;;;;;;;;;;;;;;;;;;;;;;;;;;;;;;;;;;;;;;;X;X;;;;;X;;;
G693718;G6937-18;AUDIO CONTROL PANEL;;REPAIR;;;X;X;;X;;;;;;;;;;;;;;;;;;;;;;;;;;;;;;;;;;;;;;;;;;;;;;;;;;;;;;;;;;;;;;;;;;;;;;;;;;;;;;;;;;;;;;X;X;;;;;X;;;
G693719;G6937-19;AUDIO CONTROL PANEL;;REPAIR;;;X;X;;;;;;;;;;;;;;;;;;;;;;;;;;;;;;;;;;;;;;;;;;;;;;;;;;;;;;;;;;;;;;;;;;;;;;;;;;;;;;;;;;;;;;;;X;X;;;;;X;;;
G693721;G6937-21;AUDIO CONTROL PANEL;;REPAIR;;;X;X;;X;;;;;;;;;;;;;;;;;;;;;;;;;;;;;;;;;;;;;;;;;;;;;;;;;;;;;;;;;;;;;;;;;;;;;;;;;;;;;;;;;;;;;;X;X;;;;;X;;;
G693722;G6937-22;AUDIO CONTROL PANEL;;REPAIR;;;X;X;;;;;;;;;;;;;;;;;;;;;;;;;;;;;;;;;;;;;;;;;;;;;;;;;;;;;;;;;;;;;;;;;;;;;;;;;;;;;;;;;;;;;;;;X;X;;;;;X;;;
G693726;G6937-26;AUDIO CONTROL PANEL;;REPAIR;;;X;X;;X;X;;;;;;;;;;;;;;;;;;;;;;;;;;;;;;;;;;;;;;;;;;;;;;;;;;;;;;;;;;;;;;;;;;;;;;;;;;;;;;;;;;;;;X;X;;;;;X;;;
G693811;G6938-11;AUDIO MANAGEMENT UNIT;;REPAIR;;;X;X;;;;;;;;;;;;;;;;;;;;;;;;;;;;;;;;;;;;;;;;;;;;;;;;;;;;;;;;;;;;;;;;;;;;;;;;;;;;;;;;;;;;;;;;X;X;;;;;X;;;
G693812;G6938-12;AUDIO MANAGEMENT UNIT;;REPAIR;;;X;X;;;;;;;;;;;;;;;;;;;;;;;;;;;;;;;;;;;;;;;;;;;;;;;;;;;;;;;;;;;;;;;;;;;;;;;;;;;;;;;;;;;;;;;;X;X;;;;;X;;;
G694004;G6940-04;PANEL AUDIO JACK;;REPAIR;;;X;X;;X;;;;;;;;;;;;;;;;;;;;;;;;;;;;;;;;;;;;;;;;;;;;;;;;;;;;;;;;;;;;;;;;;;;;;;;;;;;;;;;;;;;;;;X;X;;;;;X;;;
G694005;G6940-05;PANEL;;REPAIR;;;X;X;;X;;;;;;;;;;;;;;;;;;;;;;;;;;;;;;;;;;;;;;;;;;;;;;;;;;;;;;;;;;;;;;;;;;;;;;;;;;;;;;;;;;;;;;X;X;;;;;X;;;
G694013;G6940-13;AUDIO JACK PANEL;;REPAIR;;;X;X;;X;;;;;;;;;;;;;;;;;;;;;;;;;;;;;;;;;;;;;;;;;;;;;;;;;;;;;;;;;;;;;;;;;;;;;;;;;;;;;;;;;;;;;;X;X;;;;;X;;;
G694018;G6940-18;AUDIO JACK PANEL;;REPAIR;;;X;X;;X;;;;;;;;;;;;;;;;;;;;;;;;;;;;;;;;;;;;;;;;;;;;;;;;;;;;;;;;;;;;;;;;;;;;;;;;;;;;;;;;;;;;;;X;X;;;;;X;;;
G694611;G6946-11;PANEL SPEAKER;;REPAIR;;;X;X;;;;;;;;;;;;;;;;;;;;;;;;;;;;;;;;;;;;;;;;;;;;;;;;;;;;;;;;;;;;;;;;;;;;;;;;;;;;;;;;;;;;;;;;X;X;;;;;X;;;
G699002;G6990-02;CONTROL PANEL TCAS;;REPAIR;;;X;X;X;X;X;;;;;;;;;;;;;;;;;;;;;;;;;;;;;;;;;;;;;;;;;;;;;;;;;;;;;;;;;;;;;;;;;;;;;;;;;;;;;;;;;;;;;X;X;;;;;X;;;
G699006;G6990-06;CONTROL PANEL TCAS;;REPAIR;;;X;X;X;X;X;;;;;;;;;;;;;;;;;;;;;;;;;;;;;;;;;;;;;;;;;;;;;;;;;;;;;;;;;;;;;;;;;;;;;;;;;;;;;;;;;;;;;X;X;;;;;X;;;
G699008;G6990-08;CONTROL PANEL TCAS;;REPAIR;;;X;X;X;X;X;;;;;;;;;;;;;;;;;;;;;;;;;;;;;;;;;;;;;;;;;;;;;;;;;;;;;;;;;;;;;;;;;;;;;;;;;;;;;;;;;;;;;X;X;;;;;X;;;
G699009;G6990-09;CONTROL PANEL TCAS;;REPAIR;;;X;X;X;X;X;;;;;;;;;;;;;;;;;;;;;;;;;;;;;;;;;;;;;;;;;;;;;;;;;;;;;;;;;;;;;;;;;;;;;;;;;;;;;;;;;;;;;X;X;;;;;X;;;
G699012;G6990-12;CONTROL PANEL TCAS;;REPAIR;;;X;X;X;X;X;;;;;;;;;;;;;;;;;;;;;;;;;;;;;;;;;;;;;;;;;;;;;;;;;;;;;;;;;;;;;;;;;;;;;;;;;;;;;;;;;;;;;X;X;;;;;X;;;
G699013;G6990-13;CONTROL PANEL TCAS;;REPAIR;;;X;X;X;X;X;;;;;;;;;;;;;;;;;;;;;;;;;;;;;;;;;;;;;;;;;;;;;;;;;;;;;;;;;;;;;;;;;;;;;;;;;;;;;;;;;;;;;X;X;;;;;X;;;
G699015;G6990-15;CONTROL PANEL TCAS;;REPAIR;;;X;X;X;X;X;;;;;;;;;;;;;;;;;;;;;;;;;;;;;;;;;;;;;;;;;;;;;;;;;;;;;;;;;;;;;;;;;;;;;;;;;;;;;;;;;;;;;X;X;;;;;X;;;
G699017;G6990-17;CONTROL PANEL TCAS;;REPAIR;;;X;X;X;X;X;;;;;;;;;;;;;;;;;;;;;;;;;;;;;;;;;;;;;;;;;;;;;;;;;;;;;;;;;;;;;;;;;;;;;;;;;;;;;;;;;;;;;X;X;;;;;X;;;
G699019;G6990-19;CONTROL PANEL TCAS;;REPAIR;;;X;X;X;X;X;;;;;;;;;;;;;;;;;;;;;;;;;;;;;;;;;;;;;;;;;;;;;;;;;;;;;;;;;;;;;;;;;;;;;;;;;;;;;;;;;;;;;X;X;;;;;X;;;
G699020;G6990-20;CONTROL PANEL TCAS;;REPAIR;;;X;X;X;X;X;;;;;;;;;;;;;;;;;;;;;;;;;;;;;;;;;;;;;;;;;;;;;;;;;;;;;;;;;;;;;;;;;;;;;;;;;;;;;;;;;;;;;X;X;;;;;X;;;
G699021;G6990-21;CONTROL PANEL TCAS;;REPAIR;;;X;X;X;X;X;;;;;;;;;;;;;;;;;;;;;;;;;;;;;;;;;;;;;;;;;;;;;;;;;;;;;;;;;;;;;;;;;;;;;;;;;;;;;;;;;;;;;X;X;;;;;X;;;
G699024;G6990-24;CONTROL PANEL TCAS;;REPAIR;;;X;X;X;X;X;;;;;;;;;;;;;;;;;;;;;;;;;;;;;;;;;;;;;;;;;;;;;;;;;;;;;;;;;;;;;;;;;;;;;;;;;;;;;;;;;;;;;X;X;;;;;X;;;
G699025;G6990-25;CONTROL PANEL TCAS;;REPAIR;;;X;X;X;X;X;;;;;;;;;;;;;;;;;;;;;;;;;;;;;;;;;;;;;;;;;;;;;;;;;;;;;;;;;;;;;;;;;;;;;;;;;;;;;;;;;;;;;X;X;;;;;X;;;
G699026;G6990-26;CONTROL PANEL TCAS;;REPAIR;;;X;X;X;X;X;;;;;;;;;;;;;;;;;;;;;;;;;;;;;;;;;;;;;;;;;;;;;;;;;;;;;;;;;;;;;;;;;;;;;;;;;;;;;;;;;;;;;X;X;;;;;X;;;
G699027;G6990-27;CONTROL PANEL TCAS;;REPAIR;;;X;X;X;X;X;;;;;;;;;;;;;;;;;;;;;;;;;;;;;;;;;;;;;;;;;;;;;;;;;;;;;;;;;;;;;;;;;;;;;;;;;;;;;;;;;;;;;X;X;;;;;X;;;
G699028;G6990-28;CONTROL PANEL TCAS;;REPAIR;;;X;X;X;X;X;;;;;;;;;;;;;;;;;;;;;;;;;;;;;;;;;;;;;;;;;;;;;;;;;;;;;;;;;;;;;;;;;;;;;;;;;;;;;;;;;;;;;X;X;;;;;X;;;
G699034;G6990-34;CONTROL PANEL TCAS;;REPAIR;;;X;X;X;X;X;;;;;;;;;;;;;;;;;;;;;;;;;;;;;;;;;;;;;;;;;;;;;;;;;;;;;;;;;;;;;;;;;;;;;;;;;;;;;;;;;;;;;X;X;;;;;X;;;
G699035;G6990-35;CONTROL PANEL TCAS;;REPAIR;;;X;X;X;X;X;;;;;;;;;;;;;;;;;;;;;;;;;;;;;;;;;;;;;;;;;;;;;;;;;;;;;;;;;;;;;;;;;;;;;;;;;;;;;;;;;;;;;X;X;;;;;X;;;
G740034;G7400-34;VHF CONTROL PANEL;;REPAIR;;;X;X;;;;;;;;;;;;;;;;;;;;;;;;;;;;;;;;;;;;;;;;;;;;;;;;;;;;;;;;;;;;;;;;;;;;;;;;;;;;;;;;;;;;;;;;X;X;;;;;X;;;
G740035;G7400-35;VHF CONTROL PANEL;;REPAIR;;;X;X;;;;;;;;;;;;;;;;;;;;;;;;;;;;;;;;;;;;;;;;;;;;;;;;;;;;;;;;;;;;;;;;;;;;;;;;;;;;;;;;X;;;;;;;X;;;;;;;X;;;
G7622001;G7622-001;CONTROL UNIT COMM CTL-22;;REPAIR;;;X;X;;X;;;;;;;;;;;;;;;;;;;;;;;;;;;;;;;;;;;;X;;;;X;;;;;;;;;;;;;;;;;;;;;;;;;;;;;;;;;;;;;;;;;;;;;;;;;;;;X;;;
G7622101;G7622-101;CONTROL UNIT COMM CTL-22;;REPAIR;;;X;X;;X;;;;;;;;;;;;;;;;;;;;;;;;;;;;;;;;;;;;X;;;;X;;;;;;;;;;;;;;;;;;;;;;;;;;;;;;;;;;;;;;;;;;;;;;;;;;;;X;;;
G7622102;G7622-102;CONTROL UNIT COMM CTL-22;;REPAIR;;;X;X;;X;;;;;;;;;;;;;;;;;;;;;;;;;;;;;;;;;;;;X;;;;X;;;;;;;;;;;;;;;;;;;;;;;;;;;;;;;;;;;;;;;;;;;;;;;;;;;;X;;;
G7622103;G7622-103;CONTROL UNIT COMM CTL-22;;REPAIR;;;X;X;;X;;;;;;;;;;;;;;;;;;;;;;;;;;;;;;;;;;;;X;;;;X;;;;;;;;;;;;;;;;;;;;;;;;;;;;;;;;;;;;;;;;;;;;;;;;;;;;X;;;
G7622104;G7622-104;CONTROL UNIT COMM CTL-22;;REPAIR;;;X;X;;X;;;;;;;;;;;;;;;;;;;;;;;;;;;;;;;;;;;;X;;;;X;;;;;;;;;;;;;;;;;;;;;;;;;;;;;;;;;;;;;;;;;;;;;;;;;;;;X;;;
G7622105;G7622-105;CONTROL UNIT COMM CTL-22;;REPAIR;;;X;X;;X;;;;;;;;;;;;;;;;;;;;;;;;;;;;;;;;;;;;X;;;;X;;;;;;;;;;;;;;;;;;;;;;;;;;;;;;;;;;;;;;;;;;;;;;;;;;;;X;;;
G7622112;G7622-112;CONTROL UNIT COMM CTL-22;;REPAIR;;;X;X;;X;;;;;;;;;;;;;;;;;;;;;;;;;;;;;;;;;;;;X;;;;X;;;;;;;;;;;;;;;;;;;;;;;;;;;;;;;;;;;;;;;;;;;;;;;;;;;;X;;;
G7622113;G7622-113;CONTROL UNIT COMM CTL-22;;REPAIR;;;X;X;;X;;;;;;;;;;;;;;;;;;;;;;;;;;;;;;;;;;;;X;;;;X;;;;;;;;;;;;;;;;;;;;;;;;;;;;;;;;;;;;;;;;;;;;;;;;;;;;X;;;
G7622114;G7622-114;CONTROL UNIT COMM CTL-22;;REPAIR;;;X;X;;X;;;;;;;;;;;;;;;;;;;;;;;;;;;;;;;;;;;;X;;;;X;;;;;;;;;;;;;;;;;;;;;;;;;;;;;;;;;;;;;;;;;;;;;;;;;;;;X;;;
G7622115;G7622-115;CONTROL UNIT COMM CTL-22;;REPAIR;;;X;X;;X;;;;;;;;;;;;;;;;;;;;;;;;;;;;;;;;;;;;X;;;;X;;;;;;;;;;;;;;;;;;;;;;;;;;;;;;;;;;;;;;;;;;;;;;;;;;;;X;;;
G8400A24;G8400A-24;ROTATING;;REPAIR;;;X;X;;X;;;;;;;;;;;;;;;;;;;;;;;;;;;;;;;;;;;;;;;;;;X;;;;;;;;;;;;;;;;;;;;;;;;;;;;;;;;;;;;X;;;;;;X;;;;;;;;X;;;
G8400A2424;G8400A24-24;ROTATING;;REPAIR;;;X;X;;X;;;;;;;;;;;;;;;;;;;;;;;;;;;;;;;;;;;;;;;;;;;;;;;;;;;;;;;;;;;;;;;;;;;;;;;;;;;;;;X;;;;;;X;;;;;;;;X;;;
G8400A324C;G-8400A-3-24C;ROTATING;;REPAIR;;;X;X;;X;;;;;;;;;;;;;;;;;;;;;;;;;;;;;;;;;;;;;;;;;;;;;;;;;;;;;;;;;;;;;;;;;;;;;;;;;;;;;;X;;;;;;;;;;;;;;X;;;
G8400A3624;G8400A36-24;ROTATING;;REPAIR;;;X;X;;X;;;;;;;;;;;;;;;;;;;;;;;;;;;;;;;;;;;;;;;;;;;;;;;;;;;;;;;;;;;;;;;;;;;;;;;;;;;;;;X;;;;;;X;;;;;;;;X;;;
G8400A3724;G8400A37-24;ROTATING;;REPAIR;;;X;X;;X;;;;;;;;;;;;;;;;;;;;;;;;;;;;;;;;;;;;;;;;;;;;;;;;;;;;;;;;;;;;;;;;;;;;;;;;;;;;;;;;;;;;;;X;;X;;;;X;;;
G8400A4124;G8400A41-24;ROTATING;;REPAIR;;;X;X;;X;;;;;;X;;;;;;;;;;;;;;;;;;;;;;;;;;;;;;;;;;;;;;;;;;;;;;;;;;;;;;;;;;;X;;;;;X;;;;;;;;;;;;;;;;;;;;;;X;;;
G8400A4924;G8400A49-24;ROTATING;;REPAIR;;;X;X;;X;;;;;;;;;;;;;;;;;;;;;;;;;;;;;;;;;;;;;;;;;;;;;;;;;;;;;;;;;;;;;;;;;;;;;;;;;;;;;;X;;;;;;X;;;;;;;;X;;;
G8400A824;G8400A8-24;ROTATING;;REPAIR;;;X;X;;X;;;;;;;;;;;;;;;;;;;;;;;;;;;;;;;;;;;;;;;;;;;;;;;;;;;;;;;;;;;;;;;;;;;;;;;;;;;;;;X;;;;;;X;;;;;;;;X;;;
G8400A824;G8400A-8-24;ROTATING;;REPAIR;;;X;X;;X;;;;;;;;;;;;;;;;;;;;;;;;;;;;;;;;;;;;;;;;;;;;;;;;;;;;;;;;;;;;;;;;;;;;;;;;;;;;;;X;;;;;;X;;;;;;;;X;;;
GA1000000;GA100-0000;COCKPIT VOICE RECORDER;;REPAIR;;;X;X;;;;;;;;;;;;;;;;;;;;;;;;;;;;;;;;;;;;;;;;;;;;;;;;;;;;;;;;;;;;;;;;;;;X;;;;X;;;;;;;;;;;;;;;;;;;;;;;X;;;
GA30229;GA30229;FRONT FACE BOARD;REPAIR;;;;X;X;X;X;X;;;;;;;;;;;;;X;;;;;;;;;;;;;;;;;;;;;;;;;;;;;;;;;;;;;;;;;;;;;;;;;;;;;;;;;;;;;;;;;;;;;;;;;;;;;X;;;;
GA30230;GA30230;P.C.B., F.A MAX, BSCU;REPAIR;;;;X;X;X;X;X;;;;;;;;;;;;;X;;;;;;;;;;;;;;;;;;;;;;;;;;;;;;;;;;;;;;;;;;;;;;;;;;;;;;;;;;;;;;;;;;;;;;;;;;;;;X;;;;
GA302301;GA30230-1;P.C.B., F.A MAX, BSCU;REPAIR;;;;X;X;X;X;X;;;;;;;;;;;;;X;;;;;;;;;;;;;;;;;;;;;;;;;;;;;;;;;;;;;;;;;;;;;;;;;;;;;;;;;;;;;;;;;;;;;;;;;;;;;X;;;;
GA302302;GA30230-2;P.C.B., F.A MAX, BSCU;REPAIR;;;;X;X;X;X;X;;;;;;;;;;;;;X;;;;;;;;;;;;;;;;;;;;;;;;;;;;;;;;;;;;;;;;;;;;;;;;;;;;;;;;;;;;;;;;;;;;;;;;;;;;;X;;;;
GA30230600;GA30230-600;FAMAX BOARD;REPAIR;;;;X;X;X;X;X;;;;;;;;;;;;;X;;;;;;;;;;;;;;;;;;;;;;;;;;;;;;;;;;;;;;;;;;;;;;;;;;;;;;;;;;;;;;;;;;;;;;;;;;;;;X;;;;
GA30230601;GA30230-601;P.C.B., F.A MAX, BSCU;REPAIR;;;;X;X;X;X;X;;;;;;;;;;;;;X;;;;;;;;;;;;;;;;;;;;;;;;;;;;;;;;;;;;;;;;;;;;;;;;;;;;;;;;;;;;;;;;;;;;;;;;;;;;;X;;;;
GA30231210;GA30231-210;P.C.B., MICRO, BSCU;REPAIR;;;;X;X;X;X;X;;;;;;;;;;;;;X;;;;;;;;;;;;;;;;;;;;;;;;;;;;;;;;;;;;;;;;;;;;;;;;;;;;;;;;;;;;;;;;;;;;;;;;;;;;;X;;;;
GA30231310;GA30231-310;P.C.B., MICRO, BSCU;REPAIR;;;;X;X;X;X;X;;;;;;;;;;;;;X;;;;;;;;;;;;;;;;;;;;;;;;;;;;;;;;;;;;;;;;;;;;;;;;;;;;;;;;;;;;;;;;;;;;;;;;;;;;;X;;;;
GA30231314;GA30231-314;P.C.B., MICRO, BSCU;REPAIR;;;;X;X;X;X;X;;;;;;;;;;;;;X;;;;;;;;;;;;;;;;;;;;;;;;;;;;;;;;;;;;;;;;;;;;;;;;;;;;;;;;;;;;;;;;;;;;;;;;;;;;;X;;;;
GA30231610;GA30231-610;P.C.B., MICRO, BSCU;REPAIR;;;;X;X;X;X;X;;;;;;;;;;;;;X;;;;;;;;;;;;;;;;;;;;;;;;;;;;;;;;;;;;;;;;;;;;;;;;;;;;;;;;;;;;;;;;;;;;;;;;;;;;;X;;;;
GA30231614;GA30231-614;P.C.B., MICRO, BSCU;REPAIR;;;;X;X;X;X;X;;;;;;;;;;;;;X;;;;;;;;;;;;;;;;;;;;;;;;;;;;;;;;;;;;;;;;;;;;;;;;;;;;;;;;;;;;;;;;;;;;;;;;;;;;;X;;;;
GA30231617;GA30231-617;P.C.B., MICRO, BSCU;REPAIR;;;;X;X;X;X;X;;;;;;;;;;;;;X;;;;;;;;;;;;;;;;;;;;;;;;;;;;;;;;;;;;;;;;;;;;;;;;;;;;;;;;;;;;;;;;;;;;;;;;;;;;;X;;;;
GA30231622;GA30231-622;MICRO CARD, BSCU;REPAIR;;;;X;X;X;X;X;;;;;;;;;;;;;X;;;;;;;;;;;;;;;;;;;;;;;;;;;;;;;;;;;;;;;;;;;;;;;;;;;;;;;;;;;;;;;;;;;;;;;;;;;;;X;;;;
GA30231625;GA30231-625;MICRO CARD;REPAIR;;;;X;X;X;X;;;;;;;;;;;;;;X;;X;X;;;;;;;;;;;;;;;;;;;;;;;;;;;;;;;;;;;;;;;;;;;;;;;;;;;;;;;;;;;;;;;;;;;;;;;;;;X;;;;
GA30238;GA30238;CARD, ADC;REPAIR;;;;X;X;X;X;X;;;;;;;;;;;;;X;;;;;;;;;;;;;;;;;;;;;;;;;;;;;;;;;;;;;;;;;;;;;;;;;;;;;;;;;;;;;;;;;;;;;;;;;;;;;X;;;;
GA30239;GA30239;CARD, SPEED;REPAIR;;;;X;X;X;X;X;;;;;;;;;;;;;X;;;;;;;;;;;;;;;;;;;;;;;;;;;;;;;;;;;;;;;;;;;;;;;;;;;;;;;;;;;;;;;;;;;;;;;;;;;;;X;;;;
GA30240;GA30240;P.C.B., MULTIPLEXER;REPAIR;;;;X;X;X;X;X;;;;;;;;;;;;;X;;;;;;;;;;;;;;;;;;;;;;;;;;;;;;;;;;;;;;;;;;;;;;;;;;;;;;;;;;;;;;;;;;;;;;;;;;;;;X;;;;
GA302411;GA30241-1;P.C.B., TEST;REPAIR;;;;X;X;X;X;X;;;;;;;;;;;;;X;;;;;;;;;;;;;;;;;;;;;;;;;;;;;;;;;;;;;;;;;;;;;;;;;;;;;;;;;;;;;;;;;;;;;;;;;;;;;X;;;;
GA302413;GA30241-3;TEST CARD;REPAIR;;;;X;X;X;X;X;;;;;;;;;;;;;X;;;;;;;;;;;;;;;;;;;;;;;;;;;;;;;;;;;;;;;;;;;;;;;;;;;;;;;;;;;;;;;;;;;;;;;;;;;;;X;;;;
GA30242210;GA30242-210;P.C.B., REGULATOR;REPAIR;;;;X;X;X;X;X;;;;;;;;;;;;;X;;;;;;;;;;;;;;;;;;;;;;;;;;;;;;;;;;;;;;;;;;;;;;;;;;;;;;;;;;;;;;;;;;;;;;;;;;;;;X;;;;
GA30242320;GA30242-320;CONTROL, BRAKE SYSTEM;REPAIR;;;;X;X;X;X;X;;;;;;;;;;;;;X;;;;;;;;;;;;;;;;;;;;;;;;;;;;;;;;;;;;;;;;;;;;;;;;;;;;;;;;;;;;;;;;;;;;;;;;;;;;;X;;;;
GA30242610;GA30242-610;P.C.B.,;REPAIR;;;;X;X;X;X;X;;;;;;;;;;;;;X;;;;;;;;;;;;;;;;;;;;;;;;;;;;;;;;;;;;;;;;;;;;;;;;;;;;;;;;;;;;;;;;;;;;;;;;;;;;;X;;;;
GA30242611;GA30242-611;CARD, REGULATOR;REPAIR;;;;X;X;X;X;X;;;;;;;;;;;;;X;;;;;;;;;;;;;;;;;;;;;;;;;;;;;;;;;;;;;;;;;;;;;;;;;;;;;;;;;;;;;;;;;;;;;;;;;;;;;X;;;;
GA30242621;GA30242-621;P.C.B.,;REPAIR;;;;X;X;X;X;X;;;;;;;;;;;;;X;;;;;;;;;;;;;;;;;;;;;;;;;;;;;;;;;;;;;;;;;;;;;;;;;;;;;;;;;;;;;;;;;;;;;;;;;;;;;X;;;;
GA302431;GA30243-1;MASTER VALVE CARD;REPAIR;;;;X;X;X;X;X;;;;;;;;;;;;;X;;;;;;;;;;;;;;;;;;;;;;;;;;;;;;;;;;;;;;;;;;;;;;;;;;;;;;;;;;;;;;;;;;;;;;;;;;;;;X;;;;
GA302432;GA30243-2;CARD, MASTER VALVE;REPAIR;;;;X;X;X;X;X;;;;;;;;;;;;;X;;;;;;;;;;;;;;;;;;;;;;;;;;;;;;;;;;;;;;;;;;;;;;;;;;;;;;;;;;;;;;;;;;;;;;;;;;;;;X;;;;
GA302433;GA30243-3;P.C.B., MASTER VL, BSCU;REPAIR;;;;X;X;X;X;X;;;;;;;;;;;;;X;;;;;;;;;;;;;;;;;;;;;;;;;;;;;;;;;;;;;;;;;;;;;;;;;;;;;;;;;;;;;;;;;;;;;;;;;;;;;X;;;;
GA302441;GA30244-1;P.C.B., SERVO;REPAIR;;;;X;X;X;X;X;;;;;;;;;;;;;X;;;;;;;;;;;;;;;;;;;;;;;;;;;;;;;;;;;;;;;;;;;;;;;;;;;;;;;;;;;;;;;;;;;;;;;;;;;;;X;;;;
GA302442;GA30244-2;SELECTOR VALVE CARD;REPAIR;;;;X;X;X;X;;;;;;;;;;;;;;X;;;;;;;;;;;;;;;;;;;;;;;;;;;;;;;;;;;;;;;;;;;;;;;;;;;;;;;;;;;;;;;;;;;;;;;;;;;;;X;;;;
GA30244210;GA30244-210;P.C.B., SELECTOR VALVE;REPAIR;;;;X;X;X;X;X;;;;;;;;;;;;;X;;;;;;;;;;;;;;;;;;;;;;;;;;;;;;;;;;;;;;;;;;;;;;;;;;;;;;;;;;;;;;;;;;;;;;;;;;;;;X;;;;
GA302451;GA30245-1;P.C.B., A.I.D.S, BSCU;REPAIR;;;;X;X;X;X;X;;;;;;;;;;;;;X;;;;;;;;;;;;;;;;;;;;;;;;;;;;;;;;;;;;;;;;;;;;;;;;;;;;;;;;;;;;;;;;;;;;;;;;;;;;;X;;;;
GA30246;GA30246;P.C.B.,;REPAIR;;;;X;X;X;X;X;;;;;;;;;;;;;X;;;;;;;;;;;;;;;;;;;;;;;;;;;;;;;;;;;;;;;;;;;;;;;;;;;;;;;;;;;;;;;;;;;;;;;;;;;;;X;;;;
GA30246A;GA30246-A;P.C.B.,;REPAIR;;;;X;X;X;X;X;;;;;;;;;;;;;X;;;;;;;;;;;;;;;;;;;;;;;;;;;;;;;;;;;;;;;;;;;;;;;;;;;;;;;;;;;;;;;;;;;;;;;;;;;;;X;;;;
GA30246A;GA30246A;P.C.B.,;REPAIR;;;;X;X;X;X;X;;;;;;;;;;;;;X;;;;;;;;;;;;;;;;;;;;;;;;;;;;;;;;;;;;;;;;;;;;;;;;;;;;;;;;;;;;;;;;;;;;;;;;;;;;;X;;;;
GA30246B;GA30246-B;P.C.B., SUPPLY 1;REPAIR;;;;X;X;X;X;X;;;;;;;;;;;;;X;;;;;;;;;;;;;;;;;;;;;;;;;;;;;;;;;;;;;;;;;;;;;;;;;;;;;;;;;;;;;;;;;;;;;;;;;;;;;X;;;;
GA30246B;GA30246B;P.C.B., SUPPLY 1;REPAIR;;;;X;X;X;X;X;;;;;;;;;;;;;X;;;;;;;;;;;;;;;;;;;;;;;;;;;;;;;;;;;;;;;;;;;;;;;;;;;;;;;;;;;;;;;;;;;;;;;;;;;;;X;;;;
GA30248;GA30248;P.C.B., SUPPLY 2;REPAIR;;;;X;X;X;X;X;;;;;;;;;;;;;X;;;;;;;;;;;;;;;;;;;;;;;;;;;;;;;;;;;;;;;;;;;;;;;;;;;;;;;;;;;;;;;;;;;;;;;;;;;;;X;;;;
GA30249;GA30249;P.C.B., SUPPLY 3;REPAIR;;;;X;X;X;X;X;;;;;;;;;;;;;X;;;;;;;;;;;;;;;;;;;;;;;;;;;;;;;;;;;;;;;;;;;;;;;;;;;;;;;;;;;;;;;;;;;;;;;;;;;;;X;;;;
GA306981;GA30698-1;P.C.B. AIDS;REPAIR;;;;X;X;X;X;X;;;;;;;;;;;;;X;;;;;;;;;;;;;;;;;;;;;;;;;;;;;;;;;;;;;;;;;;;;;;;;;;;;;;;;;;;;;;;;;;;;;;;;;;;;;X;;;;
GA30699601;GA30699-601;P.C.B., FA-MAX, BSCU;REPAIR;;;;X;X;X;X;X;;;;;;;;;;;;;X;;;;;;;;;;;;;;;;;;;;;;;;;;;;;;;;;;;;;;;;;;;;;;;;;;;;;;;;;;;;;;;;;;;;;;;;;;;;;X;;;;
GA30700320;GA30700-320;P.C.B., REGULATOR;REPAIR;;;;X;X;X;X;X;;;;;;;;;;;;;X;;;;;;;;;;;;;;;;;;;;;;;;;;;;;;;;;;;;;;;;;;;;;;;;;;;;;;;;;;;;;;;;;;;;;;;;;;;;;X;;;;
GA30700621;GA30700-621;P.C.B., REGULATOR;REPAIR;;;;X;X;X;X;X;;;;;;;;;;;;;X;;;;;;;;;;;;;;;;;;;;;;;;;;;;;;;;;;;;;;;;;;;;;;;;;;;;;;;;;;;;;;;;;;;;;;;;;;;;;X;;;;
GA542391EB;GA54239-1EB;BALL JOINT BEARING;REPAIR;;;;X;;;;;;;;;;X;;;;X;;;;;;;;;;;;;;;;;;;;;;;;;;;;;;;;;;;;;;;;;;;;;;;;;;;;;;;;;;;;;;;;;;;;;;;;;;;;;;;;X;;;;
GA542391R1;GA54239-1R1;BALL JOINT BEARING;REPAIR;;;;X;;;;;;;;;;X;;;;X;;;;;;;;;;;;;;;;;;;;;;;;;;;;;;;;;;;;;;;;;;;;;;;;;;;;;;;;;;;;;;;;;;;;;;;;;;;;;;;;X;;;;
GA542391R2;GA54239-1R2;BALL JOINT BEARING;REPAIR;;;;X;;;;;;;;;;X;;;;X;;;;;;;;;;;;;;;;;;;;;;;;;;;;;;;;;;;;;;;;;;;;;;;;;;;;;;;;;;;;;;;;;;;;;;;;;;;;;;;;X;;;;
GA542391R3;GA54239-1R3;BALL JOINT BEARING;REPAIR;;;;X;;;;;;;;;;X;;;;X;;;;;;;;;;;;;;;;;;;;;;;;;;;;;;;;;;;;;;;;;;;;;;;;;;;;;;;;;;;;;;;;;;;;;;;;;;;;;;;;X;;;;
GA542391R4;GA54239-1R4;BALL JOINT BEARING;REPAIR;;;;X;;;;;;;;;;X;;;;X;;;;;;;;;;;;;;;;;;;;;;;;;;;;;;;;;;;;;;;;;;;;;;;;;;;;;;;;;;;;;;;;;;;;;;;;;;;;;;;;X;;;;
GA542391R5;GA54239-1R5;BALL JOINT BEARING;REPAIR;;;;X;;;;;;;;;;X;;;;X;;;;;;;;;;;;;;;;;;;;;;;;;;;;;;;;;;;;;;;;;;;;;;;;;;;;;;;;;;;;;;;;;;;;;;;;;;;;;;;;X;;;;
GA542501;GA54250-1;BARREL ASSEMBLY;REPAIR;;;;X;X;X;X;X;;;;;;X;;;;;;;;;;;;;;;;;;;;;;;;;;;;;;;;;;;;;;;;;;;;;;;;;;;;;;;;;;;;;;;;;;;;;;;;;;;;;;;;;;;;X;;;;
GA564421;GA56442-1;ASSEMBLY PIPE;OVERHAUL;;;;X;X;X;X;X;;;;;;;;;;;;;X;;;;;;;;;;;;;;;;;;;;;;;;;;;;;;;;;;;;;;;;;;;;;;;;;;;;;;;;;;;;;;;;;;;;;;;;;;;;;X;;;;
GA56709;GA56709;PISTON;REPAIR;;;;X;X;X;X;X;;;;;;;;;;;;;;;;;;;;;;;;;;;;;;;;;;;;;;;;;;;;;;;;X;;;;;;;;;;;;;;;;;;;;;;;;;;;;;;;;;;;;;;;;;;X;;;;
GA57920;GA57920;PIN ASSY;OVERHAUL;;;;X;X;X;X;;;;;;;;;;;;;;;;;;;;;;;;;;;;;;;;;;;;;;;;;;;;;;;;;X;;;;;;;;;;;;;;;;;;;;;;;;;;;;;;;;;;;;;;;;;;X;;;;
GA58957;GA58957;BEARING BALL;OVERHAUL;;;;X;X;X;X;X;;;;;;;;;;;;;;;;;;;;;;;;;;;;;;;;;;;;;;;;;;;;;;;;X;;;;;;;;;;;;;;;;;;;;;;;;;;;;;;;;;;;;;;;;;;X;;;;
GA59448;GA59448;TUBE, LANDING GEAR;OVERHAUL;;;;X;X;X;X;X;;;;;;X;;;;X;;;;;;;;;;;;;;;;;;;;;;;;;;;;;;;;;;;;;;;;;;;;;;;;;;;;;;;;;;;;;;;;;;;;;;;;;;;;;;;;X;;;;
GA630691;GA63069-1;PANEL ASSY;REPAIR;;;;X;;;;;;;;;;;;;;;;;X;;;;;;X;;;;;;;;;;;;;;;;;;;;;;;;;;;;;;;;;;;;;;;;;;;;;;;;;;;;;;;;;;;;;;;;;;;;;;;X;;;;
GA63624;GA63624;BARREL  ASSY;REPAIR;;;;X;X;X;X;;;;;;;;;;;;;;X;;;;;;X;;;;;;;;;;;;;;;;;;;;;;;;;;;;;;;;;;;;;;;;;;;;;;;;;;;;;;;;;;;;;;;;;;;;;;;X;;;;
GA64099;GA64099;BARREL ASSY, LH;OVERHAUL;;;;X;X;X;X;X;;;;;;;;;;;;;;;;;;;;;;;;;;;;;;;;;;;;;;;;;;;;;;;;X;;;;;;;;;;;;;;;;;;;;;;;;;;;;;;;;;;;;;;;;;;X;;;;
GA640991;GA64099-1;BARREL ASSY, LH;OVERHAUL;;;;X;X;X;X;X;;;;;;;;;;;;;;;;;;;;;;;;;;;;;;;;;;;;;;;;;;;;;;;;X;;;;;;;;;;;;;;;;;;;;;;;;;;;;;;;;;;;;;;;;;;X;;;;
GA64100;GA64100;BARREL ASSY, RH;OVERHAUL;;;;X;X;X;X;X;;;;;;;;;;;;;;;;;;;;;;;;;;;;;;;;;;;;;;;;;;;;;;;;X;;;;;;;;;;;;;;;;;;;;;;;;;;;;;;;;;;;;;;;;;;X;;;;
GA641001;GA64100-1;BARREL ASSY, RH;OVERHAUL;;;;X;X;X;X;;;;;;;;;;;;;;;;;;;;;;;;;;;;;;;;;;;;;;;;;;;;;;;;;X;;;;;;;;;;;;;;;;;;;;;;;;;;;;;;;;;;;;;;;;;;X;;;;
GA64385;GA64385;LINK ASSY, LH TORQUE;OVERHAUL;;;;X;X;X;X;X;;;;;;;;;;;;;;;;;;;;;;;;;;;;;;;;;;;;;;;;;;;;;;;;X;;;;;;;;;;;;;;;;;;;;;;;;;;;;;;;;;;;;;;;;;;X;;;;
GA64386;GA64386;LINK ASSY, RH TORQUE;OVERHAUL;;;;X;X;X;X;X;;;;;;;;;;;;;;;;;;;;;;;;;;;;;;;;;;;;;;;;;;;;;;;;X;;;;;;;;;;;;;;;;;;;;;;;;;;;;;;;;;;;;;;;;;;X;;;;
GA64387;GA64387;LINK ASSY, LH TORQUE;OVERHAUL;;;;X;X;X;X;X;;;;;;;;;;;;;;;;;;;;;;;;;;;;;;;;;;;;;;;;;;;;;;;;X;;;;;;;;;;;;;;;;;;;;;;;;;;;;;;;;;;;;;;;;;;X;;;;
GA64388;GA64388;LINK ASSY, RH TORQUE;OVERHAUL;;;;X;X;X;X;X;;;;;;;;;;;;;;;;;;;;;;;;;;;;;;;;;;;;;;;;;;;;;;;;X;;;;;;;;;;;;;;;;;;;;;;;;;;;;;;;;;;;;;;;;;;X;;;;
GA65183;GA65183;LINK ASSY, LH TORQUE;OVERHAUL;;;;X;X;X;X;X;;;;;;;;;;;;;;;;;;;;;;;;;;;;;;;;;;;;;;;;;;;;;;;;X;;;;;;;;;;;;;;;;;;;;;;;;;;;;;;;;;;;;;;;;;;X;;;;
GA65184;GA65184;LINK ASSY, RH TORQUE;OVERHAUL;;;;X;X;X;X;X;;;;;;;;;;;;;;;;;;;;;;;;;;;;;;;;;;;;;;;;;;;;;;;;X;;;;;;;;;;;;;;;;;;;;;;;;;;;;;;;;;;;;;;;;;;X;;;;
GA67141;GA67141;BARREL LH;OVERHAUL;;;;X;X;X;X;;;;;;;;;;;;;;;;;;;;;;;;;;;;;;;;;;;;;;;;;;;;;;;;;X;;;;;;;;;;;;;;;;;;;;;;;;;;;;;;;;;;;;;;;;;;X;;;;
GA67142;GA67142;BARREL RH;OVERHAUL;;;;X;X;X;X;;;;;;;;;;;;;;;;;;;;;;;;;;;;;;;;;;;;;;;;;;;;;;;;;X;;;;;;;;;;;;;;;;;;;;;;;;;;;;;;;;;;;;;;;;;;X;;;;
GARD208;GARD208;POINTE AV,FUSELAGE;;REPAIR;;;X;X;;;;;;;;;;;;;;;;;;;;;;;;;;;;;;;;;;;;;;;;;;;;;;;;;;;;;;;X;;;;;;;;;;;;;;;;;;;;;;;;;;;;;;;;;;;;;;;X;;X;
GC110504;GC11050-4;CIRCUIT CARD ASSEMBLY;REPAIR;;;;X;X;X;X;X;;;X;;;X;;;;;X;;;;;;;;;;;;;;;;;;;;;;;;;;;;;;;;;;;;;;;;;;;;;;;;;;;;;;;;;;;;;;;;;;;;;;;;;;;;;;;X;;;;
GC110505;GC11050-5;CIRCUIT CARD ASSEMBLY;REPAIR;;;;X;X;X;X;X;;;X;;;X;;;;;X;;;;;;;;;;;;;;;;;;;;;;;;;;;;;;;;;;;;;;;;;;;;;;;;;;;;;;;;;;;;;;;;;;;;;;;;;;;;;;;X;;;;
GC110506;GC11050-6;CIRCUIT CARD ASSEMBLY;REPAIR;;;;X;X;X;X;X;;;X;;;X;;;;;X;;;;;;;;;;;;;;;;;;;;;;;;;;;;;;;;;;;;;;;;;;;;;;;;;;;;;;;;;;;;;;;;;;;;;;;;;;;;;;;X;;;;
GC117053;GC11705-3;CIRCUIT CARD ASSEMBLY;REPAIR;;;;X;X;X;X;X;;;X;;;X;;;;;X;;;;;;;;;;;;;;;;;;;;;;;;;;;;;;;;;;;;;;;;;;;;;;;;;;;;;;;;;;;;;;;;;;;;;;;;;;;;;;;X;;;;
GC117512;GC11751-2;CIRCUIT CARD ASSEMBLY;REPAIR;;;;X;X;X;X;X;;;X;;;X;;;;;X;;;;;;;;;;;;;;;;;;;;;;;;;;;;;;;;;;;;;;;;;;;;;;;;;;;;;;;;;;;;;;;;;;;;;;;;;;;;;;;X;;;;
GC117513;GC11751-3;CIRCUIT CARD ASSEMBLY;REPAIR;;;;X;X;X;X;X;;;X;;;X;;;;;X;;;;;;;;;;;;;;;;;;;;;;;;;;;;;;;;;;;;;;;;;;;;;;;;;;;;;;;;;;;;;;;;;;;;;;;;;;;;;;;X;;;;
GC117514;GC11751-4;CIRCUIT CARD ASSEMBLY;REPAIR;;;;X;X;X;X;X;;;X;;;X;;;;;X;;;;;;;;;;;;;;;;;;;;;;;;;;;;;;;;;;;;;;;;;;;;;;;;;;;;;;;;;;;;;;;;;;;;;;;;;;;;;;;X;;;;
GC219050496701;GC219-0504-967-01;DOME RADAR;;REPAIR;;;X;X;;X;;;;;;;;;;;;;;;;;;;;;;;;X;;;;;;;;;;X;;;;;;;;;;;;;;;;;;;;;;;;;;;;;;;;;;;;;;;;;;;;;;;;;;;;;;;;;;X;;;
GE167200102;GE16720-010-2;STROBE LIGHT R/H;;REPAIR;;;X;X;;X;;;;;;;;;;;;;;;;;;;;;;;;X;;;;;;;;;;X;;;;;;;;;;;;;;;;;;;;;;;;;;;;;;;;;;;;;;;;;;;;;;;;;;;;;;;;;;X;;;
GE167200106;GE16720-010-6;STROBE LIGHT ;;REPAIR;;;X;X;;X;;;;;;;;;;;;;;;;;;;;;;;;;;;;;;;;;;;;X;X;;;;;;;;;;;;;;;;;;;;;;;;;;;;;;;;;;;;;;;;;;;;;;;;;;;;;;;X;;;
GMT4150;GMT4150;CLOCK;;REPAIR;;;X;X;X;;X;;;;;;;;;;;;;;;;;;;;;;;;;;;;;;;;;;;X;X;;;;;;;;;;;;;;;;;;;;;;;;;;;;;;;;;;;;;;;;;;;;;;;;;;;;;;;X;;;
GMT41501;GMT4150-1;CLOCK;;REPAIR;;;X;X;X;X;X;;;;;;;;;;;;;;;;;;;;;;;;;;;;;;;;;;;X;X;X;X;X;;;;;;;;;;;;;;;;;;;;;;;;;;;;;;;;;;;;;;;;;;;;;;;;;;;;X;;;
GMT4190011;GMT4190-011;CLOCK;;REPAIR;;;X;X;;;;;;;;;;;;;;;;;;;;;;;;;;;;;;;;;;;;;;;;;;;;X;X;;;X;X;;;;;;;;;;;;;;;;;;;;;;;;;;;;;;;;;;;;;;;;;;;;;X;;;
GMT4200;GMT4200;ELECTRONIC CLOCK;REPAIR;;;;X;X;X;X;X;;;;;;;;;;;;;X;;;;;;X;;;;;;;;;;;;;;;;;;;;;;;;;;;;;;;;;;;;;;;;;;;;;;;;;;;;;;;;;;;;;;;;;;;;;;;X;;;;
GMT42001;GMT4200-1;ELECTRONIC CLOCK;REPAIR;;;;X;X;X;X;X;;;;;;;;;;;;;X;;;;;;X;;;;;;;;;;;;;;;;;;;;;;;;;;;;;;;;;;;;;;;;;;;;;;;;;;;;;;;;;;;;;;;;;;;;;;;X;;;;
GPA110000;GPA1100-00;SMOKE DETECTOR;OVERHAUL;;;;X;X;X;X;X;;;;;;;;;;;;;X;;;;;;;;;;;;;;;;;;;;;;;;;;;;;;;;;;;;;;;;;;;;;;;;;;;;;;;;;;;;;;;;;;;;;;;;;;;;;X;;;;
GPA110100;GPA1101-00;SMOKE DETECTOR;OVERHAUL;;;;X;X;X;X;X;;;;;;;;;;;;;X;;;;;;;;X;X;;;;;;;;;;;;;;;;;;;;;;;;;;;;;;;;;;;;;;;;;;;;;;;;;;;;;;;;;;;;;;;;;;;;X;;;;
GPA110200;GPA1102-00;SMOKE DETECTOR;OVERHAUL;;;;X;X;X;X;X;;;;;;;;;;;;;X;;;;;;;;X;X;;;;;;;;;;;;;;;;;;;;;;;;;;;;;;;;;;;;;;;;;;;;;;;;;;;;;;;;;;;;;;;;;;;;X;;;;
GPA110300;GPA1103-00;SMOKE DETECTOR;OVERHAUL;;;;X;X;X;X;X;;;;;;;;;;;;;X;;;;;X;X;X;X;;;;;;;;;;;;;;;;;;;;;;;;;;;;;;;;;;;;;;;;;;;;;;;;;;;;;;;;;;;;;;;;;;;;;X;;;;
GPA120000;GPA1200-00;SMOKE DETECTOR;OVERHAUL;;;;X;X;X;X;X;;;;;;;;;;;;;X;;;;;;;;;;;;;;;;;;;;;;;;;;;;;;;;;;;;;;;;;;;;;;;;;;;;;;;;;;;;;;;;;;;;;;;;;;;;;X;;;;
GPA120100;GPA1201-00;SMOKE DETECTOR;OVERHAUL;;;;X;X;X;X;X;;;;;;;;;;;;;X;;;;;;;;;;;;;;;;;;;;;;;;;;;;;;;;;;;;;;;;;;;;;;;;;;;;;;;;;;;;;;;;;;;;;;;;;;;;;X;;;;
GPA120200;GPA1202-00;SMOKE DETECTOR;OVERHAUL;;;;X;X;X;X;X;;;;;;;;;;;;;X;;;;X;X;X;X;;;;;;;;;;;;;;;;;;;;;;;;;;;;;;;;;;;;;;;;;;;;;;;;;;;;;;;;;;;;;;;;;;;;;;X;;;;
GPA120300;GPA1203-00;SMOKE DETECTOR;OVERHAUL;;;;X;X;X;X;X;;;;;;;;;;;;;X;;;;;X;X;X;X;;;;;;;;;;;;;;;;;;;;;;;;;;;;;;;;;;;;;;;;;;;;;;;;;;;;;;;;;;;;;;;;;;;;;X;;;;
GS514AG2;GS514AG2;STRUT, SWAY-BRACE, BRACE STRUT;;REPAIR;;;X;X;;;;;;;;;;;;;;;;;;;;;;;;;;;;;;;;;;;;;;;;;;;;;;;;;;;;;;;;;;;;;;;;;;;;;;;;;;;;;;;;X;;;;;;;;;;;;;;X;;;
GST2151;GST2151;BOTTLE O2;;REPAIR;;;X;X;;;;;;;;;;;;;;;;;;;;;;;;;;;;;;;;;;;;;;;;;;;;;;;;;;;;;;;;;;;;;;;;;;;;;;;;;X;X;;;;;;X;;;;;;;;;;;;;;X;;;
H10031001;H10031001;VALVE, DELAY;OVERHAUL;;;;X;X;X;X;X;;;;;;;;;;;;;X;;;;;;;;X;X;;;;;;;;;;;;;;;;;;;;;;;;;;;;;;;;;;;;;;;;;;;;;;;;;;;;;;;;;;;;;;;;;;;;X;;;;
H10031002;H10031002;VALVE, DELAY;OVERHAUL;;;;X;X;X;X;X;;;;;;;;;;;;;X;;;;;;;;X;X;;;;;;;;;;;;;;;;;;;;;;;;;;;;;;;;;;;;;;;;;;;;;;;;;;;;;;;;;;;;;;;;;;;;X;;;;
H10031003;H10031003;VALVE, DELAY;OVERHAUL;;;;X;X;X;X;X;;;X;;;;;;;;;;X;;;;;;;;;;;;;;;;;;;;;;;;;;;;;;;;;;;;;;;;;;;;;;;;;;;;;;;;;;;;;;;;;;;;;;;;;;;;;X;;;;
H140ABM2;H140ABM2;GYROSCOPIC HORIZON;OVERHAUL;;;;X;X;X;X;X;;;;;;X;X;X;X;;X;;;;;;;;;;;;;;;;;;;;;;;;;;;;;;;;;;;;;;;;;;;;;;;;;;;;;;;;;;;;;;;;;;;;;;;;;;;;;;;X;;;;
H140ACM2;H140ACM2;GYROSCOPIC HORIZON;OVERHAUL;;;;X;X;X;X;X;;;;;;X;X;X;X;;X;;;;;;;;;;;;;;;;;;;;;;;;;;;;;;;;;;;;;;;;;;;;;;;;;;;;;;;;;;;;;;;;;;;;;;;;;;;;;;;X;;;;
H140ADM1;H140ADM1;GYROSCOPIC HORIZON;OVERHAUL;;;;X;X;X;X;X;;;;;;X;X;X;X;;X;;;;;;;;;;;;;;;;;;;;;;;;;;;;;;;;;;;;;;;;;;;;;;;;;;;;;;;;;;;;;;;;;;;;;;;;;;;;;;;X;;;;
H140ADM2;H140ADM2;GYROSCOPIC HORIZON;OVERHAUL;;;;X;X;X;X;X;;;;;;X;X;X;X;;X;;;;;;;;;;;;;;;;;;;;;;;;;;;;;;;;;;;;;;;;;;;;;;;;;;;;;;;;;;;;;;;;;;;;;;;;;;;;;;;X;;;;
H140AMM;H140AMM;GYROSCOPIC HORIZON;OVERHAUL;;;;X;X;X;X;X;;;;;;X;X;X;X;;X;;;;;;;;;;;;;;;;;;;;;;;;;;;;;;;;;;;;;;;;;;;;;;;;;;;;;;;;;;;;;;;;;;;;;;;;;;;;;;;X;;;;
H140ARM2;H140ARM2;GYROSCOPIC HORIZON;OVERHAUL;;;;X;X;X;X;X;;;;;;X;X;X;X;;X;;;;;;;;;;;;;;;;;;;;;;;;;;;;;;;;;;;;;;;;;;;;;;;;;;;;;;;;;;;;;;;;;;;;;;;;;;;;;;;X;;;;
H140ASM2;H140ASM2;GYROSCOPIC HORIZON;OVERHAUL;;;;X;X;X;X;X;;;;;;X;X;X;X;;X;;;;;;;;;;;;;;;;;;;;;;;;;;;;;;;;;;;;;;;;;;;;;;;;;;;;;;;;;;;;;;;;;;;;;;;;;;;;;;;X;;;;
H140ATM1;H140ATM1;GYROSCOPIC HORIZON;OVERHAUL;;;;X;X;X;X;X;;;;;;X;X;X;X;;X;;;;;;;;;;;;;;;;;;;;;;;;;;;;;;;;;;;;;;;;;;;;;;;;;;;;;;;;;;;;;;;;;;;;;;;;;;;;;;;X;;;;
H140ATM2;H140ATM2;GYROSCOPIC HORIZON;OVERHAUL;;;;X;X;X;X;X;;;;;;X;X;X;X;;X;;;;;;;;;;;;;;;;;;;;;;;;;;;;;;;;;;;;;;;;;;;;;;;;;;;;;;;;;;;;;;;;;;;;;;;;;;;;;;;X;;;;
H140AUM1;H140AUM1;GYROSCOPIC HORIZON;OVERHAUL;;;;X;X;X;X;X;;;;;;X;X;X;X;;X;;;;;;;;;;;;;;;;;;;;;;;;;;;;;;;;;;;;;;;;;;;;;;;;;;;;;;;;;;;;;;;;;;;;;;;;;;;;;;;X;;;;
H140AUM2;H140AUM2;GYROSCOPIC HORIZON;OVERHAUL;;;;X;X;X;X;X;;;;;;X;X;X;X;;X;;;;;;;;;;;;;;;;;;;;;;;;;;;;;;;;;;;;;;;;;;;;;;;;;;;;;;;;;;;;;;;;;;;;;;;;;;;;;;;X;;;;
H140BAM2;H140BAM2;GYROSCOPIC HORIZON;OVERHAUL;;;;X;X;X;X;X;;;;;;X;X;X;X;;X;;;;;;;;;;;;;;;;;;;;;;;;;;;;;;;;;;;;;;;;;;;;;;;;;;;;;;;;;;;;;;;;;;;;;;;;;;;;;;;X;;;;
H140BHM1;H140BHM1;GYROSCOPIC HORIZON;OVERHAUL;;;;X;X;X;X;X;;;;;;X;X;X;X;;X;;;;;;;;;;;;;;;;;;;;;;;;;;;;;;;;;;;;;;;;;;;;;;;;;;;;;;;;;;;;;;;;;;;;;;;;;;;;;;;X;;;;
H140BHM2;H140BHM2;GYROSCOPIC HORIZON;OVERHAUL;;;;X;X;X;X;X;;;;;;X;X;X;X;;X;;;;;;;;;;;;;;;;;;;;;;;;;;;;;;;;;;;;;;;;;;;;;;;;;;;;;;;;;;;;;;;;;;;;;;;;;;;;;;;X;;;;
H140BKM;H140BKM;GYROSCOPIC HORIZON;OVERHAUL;;;;X;X;X;X;X;;;;;;X;X;X;X;;X;;;;;;;;;;;;;;;;;;;;;;;;;;;;;;;;;;;;;;;;;;;;;;;;;;;;;;;;;;;;;;;;;;;;;;;;;;;;;;;X;;;;
H140CAM;H140CAM;GYROSCOPIC HORIZON;OVERHAUL;;;;X;X;X;X;X;;;;;;X;X;X;X;;X;;;;;;;;;;;;;;;;;;;;;;;;;;;;;;;;;;;;;;;;;;;;;;;;;;;;;;;;;;;;;;;;;;;;;;;;;;;;;;;X;;;;
H140CAM1;H140CAM1;GYROSCOPIC HORIZON;OVERHAUL;;;;X;X;X;X;X;;;;;;X;X;X;X;;X;;;;;;;;;;;;;;;;;;;;;;;;;;;;;;;;;;;;;;;;;;;;;;;;;;;;;;;;;;;;;;;;;;;;;;;;;;;;;;;X;;;;
H140CJM;H140CJM;GYROSCOPIC HORIZON;OVERHAUL;;;;X;X;X;X;X;;;;;;X;X;X;X;;X;;;;;;;;;;;;;;;;;;;;;;;;;;;;;;;;;;;;;;;;;;;;;;;;;;;;;;;;;;;;;;;;;;;;;;;;;;;;;;;X;;;;
H140CJM1;H140CJM1;GYROSCOPIC HORIZON;OVERHAUL;;;;X;X;X;X;X;;;;;;X;X;X;X;;X;;;;;;;;;;;;;;;;;;;;;;;;;;;;;;;;;;;;;;;;;;;;;;;;;;;;;;;;;;;;;;;;;;;;;;;;;;;;;;;X;;;;
H140CLM1;H140CLM1;GYROSCOPIC HORIZON;OVERHAUL;;;;X;X;X;X;X;;;;;;X;X;X;X;;X;;;;;;;;;;;;;;;;;;;;;;;;;;;;;;;;;;;;;;;;;;;;;;;;;;;;;;;;;;;;;;;;;;;;;;;;;;;;;;;X;;;;
H140CPM1;H140CPM1;GYROSCOPIC HORIZON;OVERHAUL;;;;X;X;X;X;X;;;;;;X;X;X;X;;X;;;;;;;;;;;;;;;;;;;;;;;;;;;;;;;;;;;;;;;;;;;;;;;;;;;;;;;;;;;;;;;;;;;;;;;;;;;;;;;X;;;;
H140CQM3;H140CQM3;GYROSCOPIC HORIZON;OVERHAUL;;;;X;X;X;X;X;;;;;;X;X;X;X;;X;;;;;;;;;;;;;;;;;;;;;;;;;;;;;;;;;;;;;;;;;;;;;;;;;;;;;;;;;;;;;;;;;;;;;;;;;;;;;;;X;;;;
H140CRM1;H140CRM1;GYROSCOPIC HORIZON;OVERHAUL;;;;X;X;X;X;X;;;;;;X;X;X;X;;X;;;;;;;;;;;;;;;;;;;;;;;;;;;;;;;;;;;;;;;;;;;;;;;;;;;;;;;;;;;;;;;;;;;;;;;;;;;;;;;X;;;;
H140CSM1;H140CSM1;GYROSCOPIC HORIZON;OVERHAUL;;;;X;X;X;X;X;;;;;;X;X;X;X;;X;;;;;;;;;;;;;;;;;;;;;;;;;;;;;;;;;;;;;;;;;;;;;;;;;;;;;;;;;;;;;;;;;;;;;;;;;;;;;;;X;;;;
H140CWM;H140CWM;GYROSCOPIC HORIZON;OVERHAUL;;;;X;X;X;X;X;;;;;;X;X;X;X;;X;;;;;;;;;;;;;;;;;;;;;;;;;;;;;;;;;;;;;;;;;;;;;;;;;;;;;;;;;;;;;;;;;;;;;;;;;;;;;;;X;;;;
H140DCM;H140DCM;GYROSCOPIC HORIZON;OVERHAUL;;;;X;X;X;X;X;;;;;;X;X;X;X;;X;;;;;;;;;;;;;;;;;;;;;;;;;;;;;;;;;;;;;;;;;;;;;;;;;;;;;;;;;;;;;;;;;;;;;;;;;;;;;;;X;;;;
H140JAM1;H140JAM1;GYROSCOPIC HORIZON;OVERHAUL;;;;X;X;X;X;X;;;;;;X;X;X;X;;X;;;;;;;;;;;;;;;;;;;;;;;;;;;;;;;;;;;;;;;;;;;;;;;;;;;;;;;;;;;;;;;;;;;;;;;;;;;;;;;X;;;;
H140JBM;H140JBM;GYROSCOPIC HORIZON;OVERHAUL;;;;X;X;X;X;X;;;;;;X;X;X;X;;X;;;;;;;;;;;;;;;;;;;;;;;;;;;;;;X;;;X;;;;;;;;;;;;;;;;;;;;;;;;;;;;;;;;;;;;;;;;;;;;;;X;;;;
H140JDM1;H140JDM1;GYROSCOPIC HORIZON;OVERHAUL;;;;X;X;X;X;X;;;;;;X;X;X;X;;X;;;;;;;;;;;;;;;;;;;;;;;;;;;;;;;;;;;;;;;;;;;;;;;;;;;;;;;;;;;;;;;;;;;;;;;;;;;;;;;X;;;;
H140JJM1;H140JJM1;GYROSCOPIC HORIZON;OVERHAUL;;;;X;X;X;X;X;;;;;;X;X;X;X;;X;;;;;;;;;;;;;;;;;;;;;;;;;;;;;;;;;;;;;;;;;;;;;;;;;;;;;;;;;;;;;;;;;;;;;;;;;;;;;;;X;;;;
H140JKM1;H140JKM1;GYROSCOPIC HORIZON;OVERHAUL;;;;X;X;X;X;X;;;;;;X;X;X;X;;X;;;;;;;;;;;;;;;;;;;;;;;;;;;;;;;;;;;;;;;;;;;;;;;;;;;;;;;;;;;;;;;;;;;;;;;;;;;;;;;X;;;;
H140JLM;H140JLM;GYROSCOPIC HORIZON;OVERHAUL;;;;X;X;X;X;X;;;;;;X;X;X;X;;X;;;;;;;;;;;;;;;;;;;;;;;;;;;;;;;;;;;;;;;;;;;;;;;;;;;;;;;;;;;;;;;;;;;;;;;;;;;;;;;X;;;;
H140JSM3;H140JSM3;GYROSCOPIC HORIZON;OVERHAUL;;;;X;X;X;X;X;;;;;;X;X;X;X;;X;;;;;;;;;;;;;;;;;;;;;;;;;;;;;;;;;;;;;;;;;;;;;;;;;;;;;;;;;;;;;;;;;;;;;;;;;;;;;;;X;;;;
H140JTM1;H140JTM1;GYROSCOPIC HORIZON;OVERHAUL;;;;X;X;X;X;X;;;;;;X;X;X;X;;X;;;;;;;;;;;;;;;;;;;;;;;;;;;;;;;;;;;;;;;;;;;;;;;;;;;;;;;;;;;;;;;;;;;;;;;;;;;;;;;X;;;;
H140JUM2;H140JUM2;GYROSCOPIC HORIZON;OVERHAUL;;;;X;X;X;X;X;;;;;;X;X;X;X;;X;;;;;;;;;;;;;;;;;;;;;;;;;;;;;;;;;;;;;;;;;;;;;;;;;;;;;;;;;;;;;;;;;;;;;;;;;;;;;;;X;;;;
H140JVM2;H140JVM2;GYROSCOPIC HORIZON;OVERHAUL;;;;X;X;X;X;X;;;;;;X;X;X;X;;X;;;;;;;;;;;;;;;;;;;;;;;;;;;;;;;;;;;;;;;;;;;;;;;;;;;;;;;;;;;;;;;;;;;;;;;;;;;;;;;X;;;;
H301ABM;H301ABM;GYROSCOPIC HORIZON;OVERHAUL;;;;X;X;X;X;X;;;;;;;;;;;;;X;;;;;;;;;;;;;;;;;;;;;;;;;;;;;;;;;;;;;;;;;;;;;;;;;;;;;;;;;;;;;;;;;;;;;;;;;;;;;X;;;;
H301ABM1;H301ABM1;GYROSCOPIC HORIZON;OVERHAUL;;;;X;X;X;X;X;;;;;;;;;;;;;X;;;;;;;;;;;;;;;;;;;;;;;;;;;;;;;;;;;;;;;;;;;;;;;;;;;;;;;;;;;;;;;;;;;;;;;;;;;;;X;;;;
H301AFM;H301AFM;GYROSCOPIC HORIZON;OVERHAUL;REPAIR;;;X;X;X;X;X;;;;;;;;;;;;;X;;;;;;;;;;;;;;;;;;;;;;;;;;;;;;;;;;;;;;;;;;;;;;;;;;;;;;;;;;;;;;;;;;;;;;;;;;;;;X;X;;;
H301AGM1;H301AGM1;GYROSCOPIC HORIZON;OVERHAUL;;;;X;X;X;X;X;;;;;;;;;;;;;X;;;;;;;;;;;;;;;;;;;;;;;;;;;;;;;;;;;;;;;;;;;;;;;;;;;;;;;;;;;;;;;;;;;;;;;;;;;;;X;;;;
H301AJM1;H301AJM1;GYROSCOPIC HORIZON;OVERHAUL;;;;X;X;X;X;X;;;;;;;;;;;;;X;;;;;;;;;;;;;;;;;;;;;;;;;;;;;;;;;;;;;;;;;;;;;;;;;;;;;;;;;;;;;;;;;;;;;;;;;;;;;X;;;;
H301AKM1;H301AKM1;GYROSCOPIC HORIZON;OVERHAUL;;;;X;X;X;X;X;;;;;;;;;;;;;X;;;;;;;;;;;;;;;;;;;;;;;;;;;;;;;;;;;;;;;;;;;;;;;;;;;;;;;;;;;;;;;;;;;;;;;;;;;;;X;;;;
H301APM1;H301APM1;GYROSCOPIC HORIZON;OVERHAUL;;;;X;X;X;X;X;;;;;;;;;;;;;;;;;;;;;;;;;;;;;;;;;;;;;;;;;;;;;;;;;;;;;;;;;;;;;;;;;;;;;;X;X;;;;;;;;;;;;;;;;;;;X;;;;
H301ATM;H301ATM;GYROSCOPIC HORIZON;OVERHAUL;;;;X;X;X;X;X;;;;;;;;;;;;;X;;;;;;;;;;;;;;;;;;;;;;;;;;;;;;;;;;;;;;;;;;;;;;;;;;;;;;;;;;;;;;;;;;;;;;;;;;;;;X;;;;
H301AZM1;H301AZM1;GYROSCOPIC HORIZON;OVERHAUL;;;;X;X;X;X;X;;;;;;;;;;;;;X;;;;;;;;;;;;;;;;;;;;;;;;;;;;;;;;;;;;;;;;;;;;;;;;;;;;;;;;;;;;;;;;;;;;;;;;;;;;;X;;;;
H301BAM;H301BAM;GYROSCOPIC HORIZON;OVERHAUL;OVERHAUL;;;X;X;X;X;X;;;;;;;;;;;;;X;;;;;;;;;;;;;;;;;;;;;;;;;;;;;;;;;;;;;;;;;;;;;;;;;;;;;;;;;;;;;;;;;;;;;;;;;;;;;X;X;;;
H301BCM1;H301BCM1;GYROSCOPIC HORIZON;OVERHAUL;;;;X;X;X;X;X;;;;;;;;;;;;;X;;;;;;;;;;;;;;;;;;;;;;;;;;;;;;;;;;;;;;;;;;;;;;;;;;;;;;;;;;;;;;;;;;;;;;;;;;;;;X;;;;
H301BDM1;H301BDM1;GYROSCOPIC HORIZON;OVERHAUL;;;;X;X;X;X;X;;;;;;;;;;;;;X;;;;;;;;;;;;;;;;;;;;;;;;;;;;;;;;;;;;;;;;;;;;;;;;;;;;;;;;;;;;;;;;;;;;;;;;;;;;;X;;;;
H321AAM1;H321AAM1;GYROSCOPIC HORIZON;OVERHAUL;;;;X;X;X;X;X;;;;;;X;;X;X;;X;;;;;;;;;;;;;;;;;;;;;;;;;;;;;;;;;;;;;;;;;;;;;;;;;;;;;;;;;;;;;;;;;;;;;;;;;;;;;;;X;;;;
H321ABM;H321ABM;GYROSCOPIC HORIZON;OVERHAUL;;;;X;X;X;X;X;;;;;;;;;;;;;;;;;;;;;;;;;;;;;;;;;;;;;;;;;;;;;;;;;;;;;;;;;;;;;;;;;;;;;;;;;;;;;X;;;;;;;;;;;;;X;;;;
H321ABM1;H321ABM1;GYROSCOPIC HORIZON;OVERHAUL;;;;X;X;X;X;X;;;;;;X;;X;X;;X;;;;;;;;;;;;;;;;;;;;;;;;;;;;;;;;;;;;;;;;;;;;;;;;;;;;;;;;;;;;;;;;;;;;;;;;;;;;;;;X;;;;
H321ACM;H321ACM;GYROSCOPIC HORIZON;OVERHAUL;;;;X;X;X;X;X;;;;;;X;;;;;;;;;;;;;;;;;;;;;;;;;;;;;;;;;;;;;;;;;;;;;;;;;;;;;;;;;;;;;;;;;;;;;;;;;;;;;;;;;;;;X;;;;
H321ACM1;H321ACM1;GYROSCOPIC HORIZON;OVERHAUL;;;;X;X;X;X;X;;;;;;X;;X;X;;X;;;;;;;;;;;;;;;;;;;;;;;;;;;;;;;;;;;;;;;;;;;;;;;;;;;;;;;;;;;;;;;;;;;;;;;;;;;;;;;X;;;;
H321AFM1;H321AFM1;GYROSCOPIC HORIZON;OVERHAUL;;;;X;X;X;X;X;;;;;;;;;;;;;X;;;;;;;;;;;;;;;;;;;;;;;;;;;;;;;;;;;;;;;;;;;;;;;;;;;;;;;;;;;;;;;;;;;;;;;;;;;;;X;;;;
H321AGM1;H321AGM1;GYROSCOPIC HORIZON;OVERHAUL;;;;X;X;X;X;X;;;;;;X;;X;X;;X;;;;;;;;;;;;;;;;;;;;;;;;;;;;;;;;;;;;;;;;;;;;;;;;;;;;;;;;;;;;;;;;;;;;;;;;;;;;;;;X;;;;
H321AKM1;H321AKM1;GYROSCOPIC HORIZON;OVERHAUL;;;;X;X;X;X;X;;;;;;;;;;;;;;;;;;;;;;;X;;;X;;X;;;;;;;;;;;;;;;;;;;;;;;;;;;;;;;;;;;;;;;;;;;;;;;;;;;;;;;;;;;;;;X;;;;
H321ALM1;H321ALM1;GYROSCOPIC HORIZON;OVERHAUL;REPAIR;;;X;X;X;X;X;;;;;;X;;X;X;;X;;;;;;;;;;;;;;;;;;;;;;;;;;;;;;;;;;;;;;;;;;;;;;;;;;;;;;;;;;;;;;;;;;;;;;;;;;;;;;;X;X;;;
H321AMM1;H321AMM1;GYROSCOPIC HORIZON;OVERHAUL;;;;X;X;X;X;X;;;;;;X;;X;X;;X;;;;;;;;;;;;;;;;;;;;;;;;;;;;;;;;;;;;;;;;;;;;;;;;;;;;;;;;;;;;;;;;;;;;;;;;;;;;;;;X;;;;
H321ANM1;H321ANM1;GYROSCOPIC HORIZON;OVERHAUL;;;;X;X;X;X;X;;;;;;X;;X;X;;X;;;;;;;;;;;;;;;;;;;;;;;;;;;;;;;;;;;;;;;;;;;;;;;;;;;;;;;;;;;;;;;;;;;;;;;;;;;;;;;X;;;;
H321AQM1;H321AQM1;GYROSCOPIC HORIZON;OVERHAUL;;;;X;X;X;X;X;;;;;;X;;X;X;;X;;;;;;;;;;;;;;;;;;;;;;;;;;;;;;;;;;;;;;;;;;;;;;;;;;;;;;;;;;;;;;;;;;;;;;;;;;;;;;;X;;;;
H321ASM1;H321ASM1;GYROSCOPIC HORIZON;OVERHAUL;;;;X;X;X;X;X;;;;;;X;;X;X;;X;;;;;;;;;;;;;;;;;;;;;;;;;;;;;;;;;;;;;;;;;;;;;;;;;;;;;;;;;;;;;;;;;;;;;;;;;;;;;;;X;;;;
H321AYM1;H321AYM1;GYROSCOPIC HORIZON;OVERHAUL;;;;X;X;X;X;X;;;;;;X;;X;X;;X;;;;;;;;;;;;;;;;;;;;;;;;;;;;;;;;;;;;;;;;;;;;;;;;;;;;;;;;;;;;;;;;;;;;;;;;;;;;;;;X;;;;
H321AZM1;H321AZM1;GYROSCOPIC HORIZON;OVERHAUL;;;;X;X;X;X;X;;;;;;X;;X;X;;X;;;;;;;;;;;;;;;;;;;;;;;;;;;;;;;;;;;;;;;;;;;;;;;;;;;;;;;;;;;;;;;;;;;;;;;;;;;;;;;X;;;;
H321BAM1;H321BAM1;GYROSCOPIC HORIZON;OVERHAUL;;;;X;X;X;X;X;;;;;;X;;X;X;;X;;;;;;;;;;;;;;;;;;;;;;;;;;;;;;;;;;;;;;;;;;;;;;;;;;;;;;;;;;;;;;;;;;;;;;;;;;;;;;;X;;;;
H321BDM;H321BDM;GYROSCOPIC HORIZON;OVERHAUL;;;;X;X;X;X;X;;;;;;;;;;;;;;;;;;;;;;;;;;;;;;;;;;;;;;;;;;;;;;;;;;;;;;;;;;;;;;;;;;;;;;;;;;;;;X;;;;;;;;;;;;;X;;;;
H321BDM1;H321BDM1;GYROSCOPIC HORIZON;OVERHAUL;REPAIR;;;X;X;X;X;X;;;;;;X;;X;X;;X;;;;;;;;;;;;;;;;;;;;;;;;X;X;;;X;;;;;;;;;;;;;;;;;;;;;;;;;;;;;;;;;;;;;;;;;;;;;;;;;;;X;X;;;
H321BEM2;H321BEM2;GYROSCOPIC HORIZON;OVERHAUL;;;;X;X;X;X;X;;;;;;X;;X;X;;X;;;;;;;;;;;;;;;;;;;;;;;;;;;;;;;;;;;;;;;;;;;;;;;;;;;;;;;;;;;;;;;;;;;;;;;;;;;;;;;X;;;;
H321BFM2;H321BFM2;GYROSCOPIC HORIZON;OVERHAUL;;;;X;X;X;X;X;;;;;;X;;X;X;;X;;;;;;;;;;;;;;;;;;;;;;;;;;;;;;;;;;;;;;;;;;;;;;;;;;;;;;;;;;;;;;;;;;;;;;;;;;;;;;;X;;;;
H321BGM1;H321BGM1;GYROSCOPIC HORIZON;OVERHAUL;;;;X;X;X;X;X;;;;;;X;;X;X;;X;;;;;;;;;;;;;;;;;;;;;;;;;;;;;;;;;;;;;;;;;;;;;;;;;;;;;;;;;;;;;;;;;;;;;;;;;;;;;;;X;;;;
H321BHM;H321BHM;GYROSCOPIC HORIZON;OVERHAUL;;;;X;X;X;X;X;;;;;;;;;;;;;X;;;;X;X;X;X;;;;;;;;;;;;;;;;;;;;;;;;;;;;;;;;;;;;;;;;;;;;;;;;;;;;;;;;;;;;;;;;;;;;;;X;;;;
H321BHM1;H321BHM1;GYROSCOPIC HORIZON;OVERHAUL;;;;X;X;X;X;X;;;;;;;;;;;;;X;;X;X;;X;X;X;X;X;;;;;;;;;;;;;;;;;;;;;;;;;;;;;;;;;;;;;;;;;;;;;;;;;;;;;;;;;;;;;;;;;;;;X;;;;
H321BKM;H321BKM;GYROSCOPIC HORIZON;OVERHAUL;;;;X;X;X;X;X;;;;;;;;;;;;;X;;;;;;;;;;;;;;;;;;;;;;;;;;;;;;;;;;;;;;;;;;;;;;;;;;;;;;;;;;;;;;;;;;;;;;;;;;;;;X;;;;
H321BNM;H321BNM;GYROSCOPIC HORIZON;OVERHAUL;;;;X;X;X;X;X;;;;;;X;;X;X;;X;;;;;;;;;;;;;;;;;;;;;;;;;;;;;;;;;;;;;;;;;;;;;;;;;;;;;;;;;;;;;;;;;;;;;;;;;;;;;;;X;;;;
H321BTM;H321BTM;GYROSCOPIC HORIZON;OVERHAUL;;;;X;X;X;X;X;;;;;;X;;X;X;;X;;;;;;;;;;;;;;;;;;;;;;;;;;;;;;;;;;;;;;;;;;;;;;;;;;;;;;;;;;;;;;;;;;;;;;;;;;;;;;;X;;;;
H321BVM1;H321BVM1;GYROSCOPIC HORIZON;OVERHAUL;;;;X;X;X;X;X;;;;;;;;;;;;;X;X;;;;;;;;;;;;;;;;;;;;;;;;;;;;;;;;;;;;;;;;;;;;;;;;;;;;;;;;;;;;;;;;;;;;;;;;;;;;X;;;;
H321BWM;H321BWM;GYROSCOPIC HORIZON;OVERHAUL;;;;X;X;X;X;X;;;;;;X;;X;X;;X;;;;;;;;;;;;;;;;;;;;;;;;;;;;;;;;;;;;;;;;;;;;;;;;;;;;;;;;;;;;;;;;;;;;;;;;;;;;;;;X;;;;
H321CBM;H321CBM;GYROSCOPIC HORIZON;OVERHAUL;;;;X;X;X;X;X;;;;;;;;;;;;;X;X;;;;;;;;;;;;;;;;;;;;;;;;;;;;;;;;;;;;;;;;;;;;;;;;;;;;;;;;;;;;;;;;;;;;;;;;;;;;X;;;;
H321CCM;H321CCM;GYROSCOPIC HORIZON;OVERHAUL;;;;X;X;X;X;X;;;;;;X;;X;X;;X;;;;;;;;;;;;;;;;;;;;;;;;;;;;;;;;;;;;;;;;;;;;;;;;;;;;;;;;;;;;;;;;;;;;;;;;;;;;;;;X;;;;
H321CEM;H321CEM;GYROSCOPIC HORIZON;OVERHAUL;;;;X;X;X;X;X;;;;;;;;;;;;;X;;;;;;;;;;;;;;;;;;;;;;;;;;;;;;;;;;;;;;;;;;;;;;;;;;;;;;;;;;;;;;;;;;;;;;;;;;;;;X;;;;
H321CJM;H321CJM;GYROSCOPIC HORIZON;OVERHAUL;;;;X;X;X;X;X;;;;;;;;;;;;;X;;;;;;;;;;;;;;;;;;;;;;;;;;;;;;;;;;;;;;;;;;;;;;;;;;;;;;;;;;;;;;;;;;;;;;;;;;;;;X;;;;
H321CMM;H321CMM;GYROSCOPIC HORIZON;OVERHAUL;;;;X;X;X;X;X;;;;;;;;;;;;;X;;;;;;;;;;;;;;;;;;;;;;;;;;;;;;;;;;;;;;;;;;;;;;;;;;;;;;;;;;;;;;;;;;;;;;;;;;;;;X;;;;
H321CZM;H321CZM;GYROSCOPIC HORIZON;OVERHAUL;;;;X;X;X;X;X;;;;;;X;;X;X;;X;;;;;;;;;;;;;;;;;;;;;;;;;;;;;;;;;;;;;;;;;;;;;;;;;;;;;;;;;;;;;;;;;;;;;;;;;;;;;;;X;;;;
H321DAM;H321DAM;GYROSCOPIC HORIZON;OVERHAUL;;;;X;X;X;X;X;;;;;;;;;;;;;X;;;;;;;;;;;;;;;;;;;;;;;;;;;;;;;;;;;;;;;;;;;;;;;;;;;;;;;;;;;;;;;;;;;;;;;;;;;;;X;;;;
H321DBM;H321DBM;GYROSCOPIC HORIZON;OVERHAUL;;;;X;X;X;X;X;;;;;;;;;;;;;X;;;;;;;;;;;;;;;;;;;;;;;;;;;;;;;;;;;;;;;;;;;;;;;;;;;;;;;;;;;;;;;;;;;;;;;;;;;;;X;;;;
H321EEM;H321EEM;GYROSCOPIC HORIZON;OVERHAUL;;;;X;X;X;X;X;;;;;;;;;;;;;X;;;;;;;;;;;;;;;;;;;;;;;;;;;;;;;;;;;;;;;;;;;;;;;;;;;;;;;;;;;;;;;;;;;;;;;;;;;;;X;;;;
H321EFM;H321EFM;GYROSCOPIC HORIZON;OVERHAUL;;;;X;X;X;X;X;;;;;;;;;;;;;X;;;;;;;;;;;;;;;;;;;;;;;;;;;;;;;;;;;;;;;;;;;;;;;;;;;;;;;;;;;;;;;;;;;;;;;;;;;;;X;;;;
H321EGM;H321EGM;GYROSCOPIC HORIZON;OVERHAUL;;;;X;X;X;X;X;;;;;;;;;;;;;X;;;;;;;;;;;;;;;;;;;;;;;;;;;;;;;;;;;;;;;;;;;;;;;;;;;;;;;;;;;;;;;;;;;;;;;;;;;;;X;;;;
H321EHM;H321EHM;GYROSCOPIC HORIZON;OVERHAUL;;;;X;X;X;X;X;;;;;;;;;;;;;X;;;;;;;;;;;;;;;;;;;;;;;;;;;;;;;;;;;;;;;;;;;;;;;;;;;;;;;;;;;;;;;;;;;;;;;;;;;;;X;;;;
H321EPM;H321EPM;GYROSCOPIC HORIZON;OVERHAUL;;;;X;X;X;X;X;;;;;;;;;;;;;X;;;;;;;;;;;;;;;;;;;;;;;;;;;;;;;;;;;;;;;;;;;;;;;;;;;;;;;;;;;;;;;;;;;;;;;;;;;;;X;;;;
H321ERM;H321ERM;GYROSCOPIC HORIZON;OVERHAUL;;;;X;X;X;X;X;;;;;;;;;;;;;X;;;;;;;;;;;;;;;;;;;;;;;;;;;;;;;;;;;;;;;;;;;;;;;;;;;;;;;;;;;;;;;;;;;;;;;;;;;;;X;;;;
H321FAM;H321FAM;GYROSCOPIC HORIZON;OVERHAUL;;;;X;X;X;X;X;;;;;;;;;;;;;X;;;;;;;;;;;;;;;;;;;;;;;;;;;;;;;;;;;;;;;;;;;;;;;;;;;;;;;;;;;;;;;;;;;;;;;;;;;;;X;;;;
H321FBM;H321FBM;GYROSCOPIC HORIZON;OVERHAUL;;;;X;X;X;X;X;;;;;;;;;;;;;X;;;;;;;;;;;;;;;;;;;;;;;;;;;;;;;;;;;;;;;;;;;;;;;;;;;;;;;;;;;;;;;;;;;;;;;;;;;;;X;;;;
H321FCM;H321FCM;GYROSCOPIC HORIZON;OVERHAUL;;;;X;X;X;X;X;;;;;;;;;;;;;X;;;;;;;;;;;;;;;;;;;;;;;;;;;;;;;;;;;;;;;;;;;;;;;;;;;;;;;;;;;;;;;;;;;;;;;;;;;;;X;;;;
H341ADM2;H341ADM2;GYROSCOPIC HORIZON;OVERHAUL;;;;X;X;X;X;X;;;;;;;;;;;;;;;;;;;;;;;;;;;;;;;;;;;;;;;;;;;;;;;;;;;;;;;;;;;;;;;;;;;;;;;;;;;;;X;;;;;;;;;;;;;X;;;;
H341AGM1;H341AGM1;GYROSCOPIC HORIZON;OVERHAUL;;;;X;X;X;X;X;;;;;;;;;;;;;;;;;;;;;;;;;;;;;;;;;;;;;;;;;;;;;;;;;;;;;;;;;;;;;;;;;;;;;;;;;;;;;X;;;;;;;;;;;;;X;;;;
H341AMM1;H341AMM1;GYROSCOPIC HORIZON;OVERHAUL;;;;X;X;X;X;X;;;;;;;;;;;;;;;;;;;;;;;;;;;;;;;;;;;;;;;;;;;;;;;;;;;;;;;;;;;;;;;;;;;;;;;;;;;;;X;;;;;;;;;;;;;X;;;;
H341ARM;H341ARM;GYROSCOPIC HORIZON;OVERHAUL;;;;X;X;X;X;X;;;;;;;;;;;;;;;;;;;;;;;;;;;;;;;;;;;;;;;;;;;;;;;;;;;;;;;;;;;;;;;;;;;;;;;;;;;;;X;;;;;;;;;;;;;X;;;;
H341AUM;H341AUM;GYROSCOPIC HORIZON;OVERHAUL;;;;X;X;X;X;X;;;;;;;;;;;;;;;;;;;;;;;;;;;;;;;;;;;;;;;;;;;;;;;;;;;;;;;;;;;;;;;;;;;;;;;;;;;;;X;;;;;;;;;;;;;X;;;;
H341AZM;H341AZM;GYROSCOPIC HORIZON;OVERHAUL;;;;X;X;X;X;X;;;;;;;;;;;;;;;;;;;;;;;;;;;;;;;;;;;;;;;;;;;;;;;;;;;;;;;;;;;;;;;;;;;;;;;;;;;;;X;;;;;;;;;;;;;X;;;;
H341BRM1;H341BRM1;GYROSCOPIC HORIZON;OVERHAUL;;;;X;X;X;X;X;;;;;;;;;;;;;;;;;;;;;;;X;;;;;;;;;;;;;;;;;;;;;;;;;;;;;;;;;;;;;;;;;;;;;;;;;;;;;;;;;;;;;;;;;;;X;;;;
H341BVM;H341BVM;GYROSCOPIC HORIZON;OVERHAUL;;;;X;X;X;X;;;;;;;;;;;;;;;;;;;;;;;;X;;;;;;;;;;;;;;;;;;;;;;;;;;;;;;;;;;;;;;;;;;;;;;;;;;;;;;;;;;;;;;;;;;;X;;;;
H341BWM;H341BWM;GYROSCOPIC HORIZON;OVERHAUL;;;;X;X;X;X;X;;;;;;;;;;;;;;;;;;;;;;;X;;;X;;;;;;;;;;;;;;;;;;;;;;;;;;;;;;;;;;;;;;;;;;;;;;;;;;;;;;;;;;;;;;;;X;;;;
H341CBM;H341CBM;GYROSCOPIC HORIZON;OVERHAUL;;;;X;X;X;X;X;;;;;;;;;;;;;;;;;;;;;;;X;;;X;;;;;;;;;;;;;;;;;;;;;;;;;;;;;;;;;;;;;;;;;;;;;;;;;;;;;;;;;;;;;;;;X;;;;
HC1750;HC1750;VALVE ANTI-ICING WING;OVERHAUL;;;;X;X;X;X;X;;;;;;;;;;;;;X;;;;;;X;;;;;;;;;;;;;;;;;;;;;;;;;;;;;;;;;;;;;;;;;;;;;;;;;;;;;;;;;;;;;;;;;;;;;;;X;;;;
HC1751;HC1751;VALVE ANTI-ICING WING;OVERHAUL;;;;X;X;X;X;X;;;;;;;;;;;;;X;;;;;;X;;;;;;;;;;;;;;;;;;;;;;;;;;;;;;;;;;;;;;;;;;;;;;;;;;;;;;;;;;;;;;;;;;;;;;;X;;;;
HC1752;HC1752;VALVE ANTI-ICING WING;OVERHAUL;;;;X;X;X;X;X;;;;;;;;;;;;;X;;;;;;X;;;;;;;;;;;;;;;;;;;;;;;;;;;;;;;;;;;;;;;;;;;;;;;;;;;;;;;;;;;;;;;;;;;;;;;X;;;;
HC1753;HC1753;VALVE ANTI-ICING WING;OVERHAUL;;;;X;X;X;X;X;;;;;;;;;;;;;X;;;;;;X;;;;;;;;;;;;;;;;;;;;;;;;;;;;;;;;;;;;;;;;;;;;;;;;;;;;;;;;;;;;;;;;;;;;;;;X;;;;
HC1754;HC1754;VALVE ANTI-ICING WING;OVERHAUL;;;;X;X;X;X;X;;;;;;;;;;;;;X;;;;;;X;;;;;;;;;;;;;;;;;;;;;;;;;;;;;;;;;;;;;;;;;;;;;;;;;;;;;;;;;;;;;;;;;;;;;;;X;;;;
HC1755;HC1755;VALVE ANTI-ICING WING;OVERHAUL;;;;X;X;X;X;X;;;;;;;;;;;;;X;;;;;;X;;;;;;;;;;;;;;;;;;;;;;;;;;;;;;;;;;;;;;;;;;;;;;;;;;;;;;;;;;;;;;;;;;;;;;;X;;;;
HC1756;HC1756;VALVE ANTI-ICING WING;OVERHAUL;;;;X;X;X;X;X;;;;;;;;;;;;;X;;;;;;X;;;;;;;;;;;;;;;;;;;;;;;;;;;;;;;;;;;;;;;;;;;;;;;;;;;;;;;;;;;;;;;;;;;;;;;X;;;;
HC1757;HC1757;VALVE ANTI-ICING WING;OVERHAUL;;;;X;X;X;X;X;;;;;;;;;;;;;X;;;;;;X;;;;;;;;;;;;;;;;;;;;;;;;;;;;;;;;;;;;;;;;;;;;;;;;;;;;;;;;;;;;;;;;;;;;;;;X;;;;
HC1758;HC1758;VALVE ANTI-ICING WING;OVERHAUL;;;;X;X;X;X;X;;;;;;;;;;;;;X;;;;;;X;;;;;;;;;;;;;;;;;;;;;;;;;;;;;;;;;;;;;;;;;;;;;;;;;;;;;;;;;;;;;;;;;;;;;;;X;;;;
HC31002310;HC3100-23-10;HANDSET & SUPPORT BRACKET;;REPAIR;;;X;X;;X;;;;;;;;;;;;;;X;;;;;X;X;X;;;;;;;;;;;;;;;;;;;;;;;;;;;;;;;;;;;;;;;;;;;;;;;;;;;;;;;;;;;;;;;;;;;;;;;X;;;
HE62190;HE62190;WATER BOILER ASSY;OVERHAUL;;;;X;X;X;X;X;;;;;;;;;;;;;X;;X;;;;;;;;;;;;;;;;;;;;;;;;;;;;;;;;;;;;;;;;;;;;;;;;;;;;;;;;;;;;;;;;;;;;;;;;;;;X;;;;
HE62191;HE62191;WATER BOILER ASSY;OVERHAUL;;;;X;X;X;X;X;;;;;;;;;;;;;X;;X;;;;;;;;;;;;;;;;;;;;;;;;;;;;;;;;;;;;;;;;;;;;;;;;;;;;;;;;;;;;;;;;;;;;;;;;;;;X;;;;
HME1410CA;HME1410CA;HEADSET;;REPAIR;;;X;X;;;;;;;;;;;;;;;;;;;;;;;;;;X;;;X;;;;;;;;;;;;;;;;;;;;;;;;;;;;;;;;;;;;;;;;;;;;;;;;;;;;;;;;;;;;;;;;;X;;;
HME1410KA;HME1410KA;CASQUE;;REPAIR;;;X;X;;;;;;;;;;;;;;;;;;;;;;;;;;;;;;;;;;;;;;;;;;;;;;;;;;;;;;;;;;;;;;;;;;;;;;;;;;;;;;;;;;;;;;;;X;X;;;;;X;;;
HTE190021;HTE190021;TWIN MOTOR ACTUATOR;REPAIR;;;;X;X;X;X;X;;;;;;;;;;;;;X;;;;X;X;X;X;;;;;;;;;;;;;;;;;;;;;;;;;;;;;;;;;;;;;;;;;;;;;;;;;;;;;;;;;;;;;;;;;;;;;;X;;;;
HTE190026;HTE190026;TWIN MOTOR ACTUATOR;REPAIR;;;;X;X;X;X;X;;;;;;;;;;;;;X;;;;X;X;X;X;;;;;;;;;;;;;;;;;;;;;;;;;;;;;;;;;;;;;;;;;;;;;;;;;;;;;;;;;;;;;;;;;;;;;;X;;;;
HTE200002;HTE200002;SINGLE MOTOR ACTUATOR;OVERHAUL;;;;X;X;X;X;X;;;X;;;;;;;;;;X;;;;;;;;;;;;;;;;;;;;;;;;;;;;;;;;;;;;;;;;;;;;;;;;;;;;;;;;;;;;;;;;;;;;;;;;;;;;;X;;;;
HTE2000021;HTE200002-1;SINGLE MOTOR ACTUATOR;OVERHAUL;;;;X;X;X;X;X;;;X;;;;;;;;;;X;;;;;;;;;;;;;;;;;;;;;;;;;;;;;;;;;;;;;;;;;;;;;;;;;;;;;;;;;;;;;;;;;;;;;;;;;;;;;X;;;;
HTE210014;HTE210014;SINGLE MOTOR ACTUATOR;REPAIR;;;;X;X;X;X;X;;;;;;;;;;;;;X;;;;;;;;X;;;;;;;;;;;;;;;;;;;;;;;;;;;;;;;;;;;;;;;;;;;;;;;;;;;;;;;;;;;;;;;;;;;;;X;;;;
HTE420043;HTE420043;PRESSURE RELIEF VALVE;OVERHAUL;;;;X;X;X;X;X;;;;;;;;;;;;;;;;;;;;;;;;;;;;;;;;;;;;;;;;;;;;;;;;;;;;;;;;;;;;;;;;;;;;;;;;;;;;;X;;;;;X;;;;;;;;X;;;;
HTE440007;HTE440007;VALVE;;REPAIR;;;X;X;;;;;;;;;;;;;;;;;;;;;;;;;;;;;;;;;;;;;;;;;;;;;;;;;;;;;;;;;;;;;;;;;;;;;;;;;;;;;;;;;;;;;;;;X;X;;;;;X;;;
HTE900158;HTE900158;VALVE;;BENCH TEST;;;X;X;;;;;;;;;;;;;;;;;;;;;;;;;;;;;;;;;;;;;;;;;;;;;;;;;;;;;;;;;;;;;;;;;;;;;;;;;;;;;;;;;;;;;;;;X;X;;;;;X;;;
HTE900158001;HTE900158-001;VALVE;;REPAIR;;;X;X;;X;;;;;;;;;;;;;;;;;;;;;;;;;;;;;;;;;;;;;;;;;;X;;;;;X;;;;;;;;;;;;;;;;;;;;;;;;;;;;;;;;;;;;;;;;;;;;;X;;;
HTE920026;HTE920026;ELECTRICALLY ACT. BALL VALVE;OVERHAUL;;;;X;X;X;X;X;;;;;;;;;;;;;;;;;;;;;;;;;;;;;;;;;;;;;;;;;;;;;;;;;;;;;;;;;;;;;;;;;;;;;;;;;;;;;X;;;;;X;;;;;;;;X;;;;
HTE94792;HTE9479-2;ELECTRICALLY ACT. BALL VALVE;OVERHAUL;;;;X;X;X;X;X;;;;;;;;;;;;;;;;;;;;;;;;;;;;;;;;;;;;;;;;;;;;;;;;;;;;;;;;;;;;;;;;;;;;;;;;;;;;;X;;;;;X;;;;;;;;X;;;;
HTE94793;HTE9479-3;ELECTRICALLY ACT. BALL VALVE;OVERHAUL;;;;X;X;X;X;X;;;;;;;;;;;;;;;;;;;;;;;;;;;;;;;;;;;;;;;;;;;;;;;;;;;;;;;;;;;;;;;;;;;;;;;;;;;;;X;;;;;X;;;;;;;;X;;;;
HTE94902;HTE9490-2;ELEC ACTUATED FOUR PORT VALVE;OVERHAUL;;;;X;X;X;X;X;;;;;;;;;;;;;;;;;;;;;;;;;;;;;;;;;;;;;;;;;;;;;;;;;;;;;;;;;;;;;;;;;;;;;;;;;;;;;X;;;;;X;;;;;;;;X;;;;
HTE94903;HTE9490-3;ELEC ACTUATED FOUR PORT VALVE;OVERHAUL;;;;X;X;X;X;X;;;;;;;;;;;;;;;;;;;;;;;;;;;;;;;;;;;;;;;;;;;;;;;;;;;;;;;;;;;;;;;;;;;;;;;;;;;;;X;;;;;X;;;;;;;;X;;;;
HTE94904;HTE9490-4;ELEC ACTUATED FOUR PORT VALVE;OVERHAUL;;;;X;X;X;X;X;;;;;;;;;;;;;;;;;;;;;;;;;;;;;;;;;;;;;;;;;;;;;;;;;;;;;;;;;;;;;;;;;;;;;;;;;;;;;X;;;;;X;;;;;;;;X;;;;
HTE95312;HTE9531-2;HYDRAULIC PUMP ISOL VALVE;OVERHAUL;;;;X;X;X;X;X;;;;;;;;;;;;;;;;;;;;;;;;;;;;;;;;;;;;;;;;;;;;;;;;;;;;;;;;;;;;;;;;;;;;;;;;;;;;;X;;;;;X;;;;;;;;X;;;;
HTE95313;HTE9531-3;HYDRAULIC PUMP ISOL VALVE;OVERHAUL;;;;X;X;X;X;X;;;;;;;;;;;;;;;;;;;;;;;;;;;;;;;;;;;;;;;;;;;;;;;;;;;;;;;;;;;;;;;;;;;;;;;;;;;;;X;;;;;X;;;;;;;;X;;;;
HTE96352;HTE9635-2;ELECTRICALLY ACT. BALL VALVE;OVERHAUL;;;;X;X;X;X;X;;;;;;;;;;;;;;;;;;;;;;;;;;;;;;;;;;;;;;;;;;;;;;;;;;;;;;;;;;;;;;;;;;;;;;;;;;;;;X;;;;;X;;;;;;;;X;;;;
HTE96353;HTE9635-3;ELECTRICALLY ACT. BALL VALVE;OVERHAUL;;;;X;X;X;X;X;;;;;;;;;;;;;;;;;;;;;;;;;;;;;;;;;;;;;;;;;;;;;;;;;;;;;;;;;;;;;;;;;;;;;;;;;;;;;X;;;;;X;;;;;;;;X;;;;
HTE9683;HTE9683;ELECTRICALLY ACT. BALL VALVE;OVERHAUL;;;;X;X;X;X;X;;;;;;;;;;;;;;;;;;;;;;;X;;;X;;;;;;;;;;;;;;;;;;;;;;;;;;;;;;;;;;;;;;;;;;;;;;;;;;;;;;;;;;;;;;;;X;;;;
JE219780;JE2-1978-0;EMERGENCY LOCATOR TRANSMITTER;;REPAIR;;;X;X;;;;;;;;;;;;;;;;;;;;;;;;;;;;;;;;;;;;;;;;;;;;;;;;;;;;;;;;;;;;;;;;;;;;;;;;;;;;;;;;;;;;;;;;X;X;;;;;X;;;
JE219780NG;JE2-1978-0-NG;EMERGENCY LOCATOR TRANSMITTER;;REPAIR;;;X;X;;;;;;;;;;;;;;;;;;;;;;;;;;;;;;;;;;;;;;;;;;;;;;;;;;;;;;;;;;;;;;;;;;;;;;;;;;;;;;;;X;;;;;;;;;;;;;;X;;;
JP2551;JP2551;JACK PANEL BOOMSET AND HEADSET;;REPAIR;;;X;X;;;;;;;;;;;;;;;;;;;;;;;;;;;;;;;;;;;;;;X;X;;;;;;;;;;;;;;;;;;;;;;;;;;;;;;;;;;;;;;;;;;;;;;;;;;;;;;;X;;;
JP2551B;JP2551B;JACK PANEL BOOMSET AND HEADSET;;BENCH TEST;;;X;X;;;;;;;;;;;;;;;;;;;;;;;;;;;;;;;;;;;;;;X;X;;;;;;;;;;;;;;;;;;;;;;;;;;;;;;;;;;;;;;;;;;;;;;;;;;;;;;;X;;;
JR34968A;JR34968A;FAIRING;;BENCH TEST;;;X;X;;;;;;;;;;;;;;;;;;;;;;;;;;;;;;;;;;;;;;;;;;;;;;;;;;;;;;;;;;;;;;;;;;;;;;;;;;;;;;;;;;;;;;;;X;X;;;;;X;;X;
JR57485;JR57485;SPINNER;;REPAIR;;;X;X;;X;;;;;;;;;;;;;;;;;;;;;;;;;;;;;;;;;;;;;;;;;;;;;;;;;;;;;;;;;;;;;;;;;;;;;;;;;;;;;;X;;;;;;;;;;;;;;X;;;
K157ABM5;K157ABM5;FLIGHT CONTROL UNIT;REPAIR;;;;X;X;X;X;X;;;;;;;;;;;;;X;;X;X;;;;;;;;;;;;;;;;;;;;;;;;;;;;;;;;;;;;;;;;;;;;;;;;;;;;;;;;;;;;;;;;;;;;;;;;;;X;;;;
K157ABM6;K157ABM6;FLIGHT CONTROL UNIT;REPAIR;;;;X;X;X;X;X;;;;;;;;;;;;;X;;X;X;;;;;;;;;;;;;;;;;;;;;;;;;;;;;;;;;;;;;;;;;;;;;;;;;;;;;;;;;;;;;;;;;;;;;;;;;;X;;;;
K158ABM1;K158ABM1;THRUST RATING PANEL;REPAIR;;;;X;X;X;X;X;;;;;;;;;;;;;X;;X;X;;;;;;;;;;;;;;;;;;;;;;;;;;;;;;;;;;;;;;;;;;;;;;;;;;;;;;;;;;;;;;;;;;;;;;;;;;X;;;;
K217ABM11;K217ABM11;FLIGHT CONTROL UNIT;REPAIR;;;;X;X;X;X;X;;;;;;;;;;;;;X;;;;;;X;;;;;;;;;;;;;;;;;;;;;;;;;;;;;;;;;;;;;;;;;;;;;;;;;;;;;;;;;;;;;;;;;;;;;;;X;;;;
K217ABM8;K217ABM8;CONTROL, FLIGHT;REPAIR;;;;X;X;X;X;;;;;;;;;;;;;;X;;;;;;X;;;;;;;;;;;;;;;;;;;;;;;;;;;;;;;;;;;;;;;;;;;;;;;;;;;;;;;;;;;;;;;;;;;;;;;X;;;;
K217BBM11;K217BBM11;FLIGHT CONTROL UNIT;REPAIR;;;;X;X;X;X;X;;;;;;;;;;;;;X;;;;;;X;;;;;;;;;;;;;;;;;;;;;;;;;;;;;;;;;;;;;;;;;;;;;;;;;;;;;;;;;;;;;;;;;;;;;;;X;;;;
K3614930200060;K3614930200060;DUCTING INSTL - APU BLEED AIR;REPAIR;;;;X;X;X;X;X;;;;;;;;;;;;;X;;;X;;;;;;;;;;;;;;;;;;;;;;;;;;;;;;;;;;;;;;;;;;;;;;;;;;;;;;;;;;;;;;;;;;;;;;;;;;X;;;X;
K36149303000;K36149303000;BLEED AIR DUCT ASSY;REPAIR;;;;X;X;X;X;X;;;;;;;;;;;;;X;;;X;;;;;;;;;;;;;;;;;;;;;;;;;;;;;;;;;;;;;;;;;;;;;;;;;;;;;;;;;;;;;;;;;;;;;;;;;;X;;;X;
K3614930300000;K3614930300000;BLEED AIR DUCT ASSY;REPAIR;;;;X;X;X;X;X;;;;;;;;;;;;;X;;;X;;;;;;;;;;;;;;;;;;;;;;;;;;;;;;;;;;;;;;;;;;;;;;;;;;;;;;;;;;;;;;;;;;;;;;;;;;X;;;X;
K3614930900000;K3614930900000;DUCT ASSY;REPAIR;;;;X;X;X;X;X;;;;;;;;;;;;;X;;;X;;;;;;;;;;;;;;;;;;;;;;;;;;;;;;;;;;;;;;;;;;;;;;;;;;;;;;;;;;;;;;;;;;;;;;;;;;X;;;X;
K55182775000;K55182775000;LH AUXILIARY FIN TIP;MOD;;;;X;X;X;X;X;;;;;;;;;;;;;X;;;X;;;;;;;;;;;;;;;;;;;;;;;;;;;;;;;;;;;;;;;;;;;;;;;;;;;;;;;;;;;;;;;;;;;;;;;;;;X;;;X;
K55182775001;K55182775001;RH AUXILIARY FIN TIP;MOD;;;;X;X;X;X;X;;;;;;;;;;;;;X;;;X;;;;;;;;;;;;;;;;;;;;;;;;;;;;;;;;;;;;;;;;;;;;;;;;;;;;;;;;;;;;;;;;;;;;;;;;;;X;;;X;
K5518282000000;K5518282000000;FAIRING ASSY - LWR (LH);REPAIR;;;;X;X;X;X;X;;;;;;;;;;;;;X;;;X;;;;;;;;;;;;;;;;;;;;;;;;;;;;;;;;;;;;;;;;;;;;;;;;;;;;;;;;;;;;;;;;;;;;;;;;;;X;;;X;
KB12;KB12;FUEL QTY INDICATOR;;REPAIR;;;X;X;;X;;;;;;;;;;;;;;;;;;;;;;;;;;;;;;;;;;;; ; ;;;;;X;;;X;;;;;;;;;;;;;;;;;;;;;;;;;;;;;;;;;;;;;;;;;;;;;;;X;;;
KCA0101W;KCA0101W;STANDBY COMPAS;;REPAIR;;;X;X;X;X;X;;;;;X;;;;;;;;;;;;;;;;;;;;;;;;;;;;;;;;;;;;;;;;;;;;;;;;;;;;;;;;;;;;;;;;;;;;;;;;X;;;;;;;;;;;;;;X;;;
KCA0104W;KCA0104W;STANDBY COMPAS;;REPAIR;;;X;X;X;X;X;;;;;X;;;;;;;;;;;;;;;;;;;;;;;;;;;;;;X;X;;;;;X;;;X;;;;;;;;;;;;;;;;;;;;;;;;;;;;;;;;;;;;;;;;;;;;;;;X;;;
KCA0105W;KCA0105W;STANDBY COMPAS;;REPAIR;;;X;X;X;X;X;;;;;X;;;;;;;;;;;;;;;;;;;;;;;;;;;;;;;;;;;;;;;;;;;;;;;;;;;;;;;;;;;;;;;;;;;;;;;;;;;;;;;;X;X;;;;;X;;;
KCA0106W;KCA0106W;MAGNETIC STANDBY COMPASS;;REPAIR;;;X;X;X;X;X;;;;;X;;;;;;;;;;;;;;;;;;;;;;;;;;;;;;;;;;;;;;;;;;;;;;;;;;;;;;;;;;;;;;;;;;;;;;;;;;;;;;;;X;X;;;;;X;;;
KCA0112W;KCA0112W;STANDBY COMPAS;;REPAIR;;;X;X;X;X;X;;;;;X;;;;;;;;;;;;;;;;;;;;;;;;;;;;;;;;;;;;;;;;;;;;;;;;;;;;;;;;;;;;;;;;;;;;;;;;X;;;;;;;;;;;;;;X;;;
KCA0113FY;KCA0113FY;STANDBY COMPAS;;REPAIR;;;X;X;X;X;X;;;;;X;;;;;;;;;;;;;;;;;;;;;;;;;;;;;;;;;;;;;;;;;;;;;;;;;;;;;;;;;;;;;;;;;;;;;;;;X;;;;;;;;;;;;;;X;;;
KCA0113W;KCA0113W;STANDBY COMPAS;;REPAIR;;;X;X;X;X;X;;;;;X;;;;;;;;;;;;;;;;;;;;;;;;;;;;;;;;;;;;;;;;;;;;;;;;;;;;;;;;;;;;;;;;;;;;;;;;X;;;;;;;;;;;;;;X;;;
KCA0114W;KCA0114W;MAGNETIC STANDBY COMPASS;;BENCH TEST;;;X;X;X;X;X;;;;;X;;;;;;;;;;;;;;;;;;;;;;;;;;;;;;;;;;;;X;;;X;;;;;;;;;;;;;;;;;;;;X;;;;X;;;;;;;;;;;;;;;;;;;;;;;X;;;
KCN62420034;KCN624-2003-4;COWLING ASSY;;REPAIR;;;X;X;;;;;;;;;;;;;;;;;;;;;;;;;;;;;;;;;;;;;;X;X;;;;;;;;;;;;;;;;;;;;;;;;;;;;;;;;;;;;;;;;;;;;;;;;;;;;;;;X;;;
KM436;KM436;INDICATOR;REPAIR;;;;X;X;X;X;X;;;;;;;;;;;;;X;;X;X;;;;;;;;;;;;;;;;;;;;;;;;;;;;;;;;;;;;;;;;;;;;;;;;;;;;;;;;;;;;;;;;;;;;;;;;;;X;;;;
L13471;L13471;RAPID WATER HEATER;REPAIR;;;;X;X;X;X;X;;;;;;;;;;;;;X;;X;X;;;X;X;X;X;;;;;;;;;;;;;;;;;;;;;;;;;;;;;;;;;;;;;;;;;;;;;;;;;;;;;;;;;;;;;;;;;;;;X;;;;
L1347111;L13471-11;RAPID WATER HEATER;REPAIR;;;;X;X;X;X;X;;;;;;;;;;;;;X;;X;X;;;X;X;X;X;;;;;;;;;;;;;;;;;;;;;;;;;;;;;;;;;;;;;;;;;;;;;;;;;;;;;;;;;;;;;;;;;;;;X;;;;
L1347119;L13471-19;RAPID WATER HEATER;REPAIR;;;;X;X;X;X;X;;;;;;;;;;;;;X;;X;X;;;X;X;X;X;;;;;;;;;;;;;;;;;;;;;;;;;;;;;;;;;;;;;;;;;;;;;;;;;;;;;;;;;;;;;;;;;;;;X;;;;
L1347132;L13471-32;RAPID WATER HEATER;REPAIR;;;;X;X;X;X;X;;;;;;;;;;;;;X;;X;X;;;X;X;X;X;;;;;;;;;;;;;;;;;;;;;;;;;;;;;;;;;;;;;;;;;;;;;;;;;;;;;;;;;;;;;;;;;;;;X;;;;
L1347133;L13471-33;RAPID WATER HEATER;REPAIR;;;;X;X;X;X;X;;;;;;;;;;;;;X;;X;X;;;X;X;X;X;;;;;;;;;;;;;;;;;;;;;;;;;;;;;;;;;;;;;;;;;;;;;;;;;;;;;;;;;;;;;;;;;;;;X;;;;
L1347140;L13471-40;RAPID WATER HEATER;REPAIR;;;;X;X;X;X;X;;;;;;;;;;;;;X;;X;X;;;X;X;X;X;;;;;;;;;;;;;;;;;;;;;;;;;;;;;;;;;;;;;;;;;;;;;;;;;;;;;;;;;;;;;;;;;;;;X;;;;
L5758411300400;L5758411300400;FAIRING ASSY - MOVABLE 3;REPAIR;;;;X;X;X;X;X;;;;;;;;;;;;;X;;;;;;;;;;;;;;;;;;;;;;;;;;;;;;;;;;;;;;;;;;;;;;;;;;;;;;;;;;;;;;;;;;;;;;;;;;;;;X;;;X;
L5758411300495;L5758411300495;FAIRING ASSY - MOVABLE 3;REPAIR;;;;X;X;X;X;X;;;;;;;;;;;;;X;;;;;;;;;;;;;;;;;;;;;;;;;;;;;;;;;;;;;;;;;;;;;;;;;;;;;;;;;;;;;;;;;;;;;;;;;;;;;X;;;X;
L5758411300500;L5758411300500;FAIRING ASSY - MOVABLE 3;REPAIR;;;;X;X;X;X;X;;;;;;;;;;;;;X;;;;;;;;;;;;;;;;;;;;;;;;;;;;;;;;;;;;;;;;;;;;;;;;;;;;;;;;;;;;;;;;;;;;;;;;;;;;;X;;;X;
L5758411300595;L5758411300595;FAIRING ASSY - MOVABLE 3;REPAIR;;;;X;X;X;X;X;;;;;;;;;;;;;X;;;;;;;;;;;;;;;;;;;;;;;;;;;;;;;;;;;;;;;;;;;;;;;;;;;;;;;;;;;;;;;;;;;;;;;;;;;;;X;;;X;
L5758411401000;L5758411401000;FAIRING ASSY - MOVABLE, 4;REPAIR;;;;X;X;X;X;X;;;;;;;;;;;;;X;;;;;;;;;;;;;;;;;;;;;;;;;;;;;;;;;;;;;;;;;;;;;;;;;;;;;;;;;;;;;;;;;;;;;;;;;;;;;X;;;X;
L5758411401100;L5758411401100;FAIRING ASSY - MOVABLE, 4;REPAIR;;;;X;X;X;X;X;;;;;;;;;;;;;X;;;;;;;;;;;;;;;;;;;;;;;;;;;;;;;;;;;;;;;;;;;;;;;;;;;;;;;;;;;;;;;;;;;;;;;;;;;;;X;;;X;
L5758411600400;L5758411600400;FAIRING ASSY - MOVABLE, 6;REPAIR;;;;X;X;X;X;X;;;;;;;;;;;;;X;;;;;;;;;;;;;;;;;;;;;;;;;;;;;;;;;;;;;;;;;;;;;;;;;;;;;;;;;;;;;;;;;;;;;;;;;;;;;X;;;X;
L5758411600500;L5758411600500;FAIRING ASSY - MOVABLE, 6;REPAIR;;;;X;X;X;X;X;;;;;;;;;;;;;X;;;;;;;;;;;;;;;;;;;;;;;;;;;;;;;;;;;;;;;;;;;;;;;;;;;;;;;;;;;;;;;;;;;;;;;;;;;;;X;;;X;
L84A13603;L84A13-603;NON RETURN VALVE;;REPAIR;;;X;;;;;;;;;X;;;;;;;;;;;;;;;;;;;;;;;;;;;;;;;;;;;;;;;;;;;X;;;;X;;;;;;;;;;;;;;;;;;;;;;;;;X;;;;;;;;;;;;;;X;;;
L84A19601;L84A19-601;FUEL TANK NRV PRESSU.;;REPAIR;;;X;;;;;;;;;;;;;;;;;;;;;;;;;;;;;;;;;;;;;;;;;;;;;;;;;;;;X;;;;X;;;;;;;;;;;;;;;;;;;;;;;;;X;;;;;;;;;;;;;;X;;;
L84A19606;L84A19-606;NON RETURN VALVE;;REPAIR;;;X;;;;;;;;;;;;;;;;;;;;;;;;;;;;;;;;;;;;;;;;;;;;;;;;;;;;X;;;;X;;;;;;;;;;;;;;;;;;;;;;;;;X;;;;;;;;;;;;;;X;;;
L84B31001;L84B31-001;NON RETURN VALVE;;REPAIR;;;X;X;;;;;;;;;;;;;;;;;;;;;;;;;;;;;;;;;;;;;;;;;;;;;;;;;;;X;;;;X;;;;;;;;;;;;;;;;;;;;;;;;;X;;;;;;;;;;;;;;X;;;
L84B38001;L84B38-001;NON RETURN VALVE;;REPAIR;;;X;X;;;;;;;;;;;;;;;;;;;;;;;;;;;;;;;;;;;;;;;;;;;;;;;;;;;X;;;;X;;;;;;;;;;;;;;;;;;;;;;;;;X;;;;;;;;;;;;;;X;;;
L95B13401;L95B13-401;VALVE, PRESSURE RELIEF;OVERHAUL;;;;X;X;X;X;X;;;;;;;;;;;;;X;X;X;X;;;;;;;;;;;;;;;;;;;;;;;;;;;;;;;;;;;;;;;;;;;;;;;;;;;;;;;;;;;;;;;;;;;;;;;;;;X;;;;
LA2E90606HM0100;LA2E90606HM0100;ECAM CONTROL PANEL;REPAIR;;;;X;X;X;X;X;;;;;;;;;;;;;X;;;;;;;;;;;;;;;;;;;;;;;;;;;;;;;;;;;;;;;;;;;;;;;;;;;;;;;;;;;;;;;;;;;;;;;;;;;;;X;;;;
LA2E90707HM0100;LA2E90707HM0100;ECAM CONTROL PANEL;REPAIR;;;;X;X;X;X;X;;;;;;;;;;;;;X;;;;;;;;;;;;;;;;;;;;;;;;;;;;;;;;;;;;;;;;;;;;;;;;;;;;;;;;;;;;;;;;;;;;;;;;;;;;;X;;;;
LA2E90808HM0100;LA2E90808HM0100;ECAM CONTROL PANEL;REPAIR;;;;X;X;X;X;X;;;;;;;;;;;;;X;;;;;;;;;;;;;;;;;;;;;;;;;;;;;;;;;;;;;;;;;;;;;;;;;;;;;;;;;;;;;;;;;;;;;;;;;;;;;X;;;;
LG14C11;LG14C11;EPR TRANSMITTEUR;;REPAIR;;;X;;;;;;;;;;;;;;;;;;;;;;;;;;;;;;;;;;;;;;;;;;;;;;;;;;;;X;;;;X;;;;;;;;;;;;;;;;;;;;;;;;;X;;;;;;;;;;;;;;X;;;
LG80A18;LG80A18;TRANSMITTER,PRESSUR;;REPAIR;;;X;X;;;;;;;;;;;;;;;;;;;;;;;;;;;;;;;;;;;;;;;;;;;;;;;;;;;;;;;;;;;;;;;;;;;;;;;;;X;X;;;;;;X;;;;;;;;;;;;;;X;;;
LXT1704C;LXT1704C;DUCT ,INLET;;REPAIR;;;X;X;;;;;;;;;;;;;;;;;;;;;;;;;;;;;;;;;;;;;;X;;;;X;;;;;;;;;;;;;;;;;;;;;;;;;;;;;;;;;;;;;;;;;;;;;;;;;;;;X;;X;
M10DE0103;M10DE0103;EXHAUST CONE;;REPAIR;;;X;X;;X;;;;;;;;;;;;;;;;;;;;;;;;;;;;;;;;;;;;X;;;;X;;;;;;;;;;;;;;;;;;;;;;;;;;;;;;;;;;;;;;;;;;;;;;;;;;;;X;;X;
M10DE0104;M10DE0104;EXHAUST CONE;;REPAIR;;;X;X;;;;;;;;;;;;;;;;;;;;;;;;;;;;;;;;;;;;;;;;;;;;;;;;;;;;;;;;;;;;;;;;;;;;;;;;;;;;;;;;;;;;;;;;X;X;;;;;X;;;
M10DE0104R;M10DE0104R;EXHAUST CONE;;REPAIR;;;X;X;;X;X;;;;;;;;;;;;;;;;;;;;;;;;;;;;;;;;;;;;;;;;;;;;;;;;;;;;;;;;;;;;;;;;;;;;;;;;;;;;;;;;;;;;;X;X;;;;;X;;;
M2047501;M2047-501;TEMPERATURE SWITCH;;BENCH TEST;;;X;X;;X;;;;;;;;;;;;;;;;;;;;;;;;;;;;;;;;;;;;;;;;;;;;;;;;;;;;;;;;;;;;;;;;;;;;;;;;;;;;;;;;;;;;;;X;X;;;;;X;;;
M42101;M421-01;PRESSURE SWITCH;REPAIR;;;;X;X;X;X;X;;;;;;;;;;;;;X;;;;;;;;;;;;;;;;;;;;;;;;;;;;;;;;;;;;;;;;;;;;;;;;;;;;;;;;;;;;;;;;;;;;;;;;;;;;;X;;;;
M83P1801A;M83P1801A;MIKE;;REPAIR;;;X;X;;X;;;;;;;;;;;;;;;;;;;;;;;;;;;;;;;;;;;;;;;;;;;;;;;;;;;;;;;;;;;;;;;;;;;;;;;;;;;;;;;;;;;;;;X;;X;;;;X;;;
M83P1801APL68;M83P1801APL68;HAND MIKE;;REPAIR;;;X;X;;X;;;;;;;;;;;;;;;;;;;;;;;;X;;;X;;;;;;;;;;;;;;;;;;;;;;;;;;;;;;;;;;;;;;;;;;;;;;;;;;;;;;;;;;;;;;;;;X;;;
M991;M991;CABIN AIR CHECK VALVE ASSEMBLY;OVERHAUL;;;;X;;;;;;;;;X;;;;;;;;;;;;;;;;;;X;;;;;;;;;;;X;;;;;;;;;;;;;;;;;;;;;;;;;;;;;;;;;;;;;;;;;;;;;;;;;;;;;;;;X;;;;
M996;M996;4-INCH CHECK VALVE ASSEMBLY;OVERHAUL;;;;X;;;;;;;;;X;;;;;;;;;;;;;;;;;;X;;;;;;;;;;;X;;;;;;;;;;;;;;;;;;;;;;;;;;;;;;;;;;;;;;;;;;;;;;;;;;;;;;;;X;;;;
MA101000;MA10-10-00;CREW OXYGEN MASK REGULATORS;OVERHAUL;;;;X;X;X;X;X;;;;;;;;;;;;;;;;;;;;;;;;;;;;;;;;;;;;;;;;;;;;;;;;X;;;X;X;X;;;;;;;;;;;;;;;;;;;;;;;;;;;;;;;;;;;;;X;;;;
MA101001;MA10-10-01;CREW OXYGEN MASK REGULATORS;OVERHAUL;;;;X;X;X;X;X;;;;;;;;;;;;;;;;;;;;;;;;;;;;;;;;;;;;;;;;;;;;;;;;X;;;X;X;X;;;;;;;;;;;;;;;;;;;;;;;;;;;;;;;;;;;;;X;;;;
MA101002;MA10-10-02;CREW OXYGEN MASK REGULATORS;OVERHAUL;;;;X;X;X;X;X;;;;;;;;;;;;;;;;;;;;;;;;;;;;;;;;;;;;;;;;;;;;;;;;X;;;X;X;X;;;;;;;;;;;;;;;;;;;;;;;;;;;;;;;;;;;;;X;;;;
MA101003;MA10-10-03;CREW OXYGEN MASK REGULATORS;OVERHAUL;;;;X;X;X;X;X;;;;;;;;;;;;;;;;;;;;;;;;;;;;;;;;;;;;;;;;;;;;;;;;X;;;X;X;X;;;;;;;;;;;;;;;;;;;;;;;;;;;;;;;;;;;;;X;;;;
MA101004;MA10-10-04;CREW OXYGEN MASK REGULATORS;OVERHAUL;;;;X;X;X;X;X;;;;;;;;;;;;;;;;;;;;;;;;;;;;;;;;;;;;;;;;;;;;;;;;X;;;X;X;X;;;;;;;;;;;;;;;;;;;;;;;;;;;;;;;;;;;;;X;;;;
MA101200;MA10-12-00;CREW OXYGEN MASK REGULATORS;OVERHAUL;;;;X;X;X;X;X;;;;;;;;;;;;;;;;;;;;;;;;;;;;;;;;;;;;;;;;;;;;;;;;X;;;X;X;X;;;;;;;;;;;;;;;;;;;;;;;;;;;;;;;;;;;;;X;;;;
MA101201;MA10-12-01;CREW OXYGEN MASK REGULATORS;OVERHAUL;;;;X;X;X;X;X;;;;;;;;;;;;;;;;;;;;;;;;;;;;;;;;;;;;;;;;;;;;;;;;X;;;X;X;X;;;;;;;;;;;;;;;;;;;;;;;;;;;;;;;;;;;;;X;;;;
MA101202;MA10-12-02;CREW OXYGEN MASK REGULATORS;OVERHAUL;;;;X;X;X;X;X;;;;;;;;;;;;;;;;;;;;;;;;;;;;;;;;;;;;;;;;;;;;;;;;X;;;X;X;X;;;;;;;;;;;;;;;;;;;;;;;;;;;;;;;;;;;;;X;;;;
MC100201;MC10-02-01;CREW OXYGEN MASK REGULATOR;OVERHAUL;;;;X;X;X;X;X;;;;;;;;;;;;;X;;;;;;;;;;;;;;;;;;;;;;;;;;;;;;;;;;;;;;;;;;;;;;;;;;;;;;;;;;;;;;;;;;;;;;;;;;;;;X;;;;
MC100202;MC10-02-02;CREW OXYGEN MASK REGULATOR;OVERHAUL;;;;X;X;X;X;X;;;;;;;;;;;;;X;;;;;;;;;;;;;;;;;;;;;;;;;;;;;;;;;;;;;;;;;;;;;;;;;;;;;;;;;;;;;;;;;;;;;;;;;;;;;X;;;;
MC100203;MC10-02-03;CREW OXYGEN MASK REGULATOR;OVERHAUL;;;;X;X;X;X;X;;;;;;;;;;;;;X;;;;;;;;;;;;;;;;;;;;;;;;;;;;;;;;;;;;;;;;;;;;;;;;;;;;;;;;;;;;;;;;;;;;;;;;;;;;;X;;;;
MC100204;MC10-02-04;CREW OXYGEN MASK REGULATOR;OVERHAUL;;;;X;X;X;X;X;;;;;;;;;;;;;X;;;;;;;;;;;;;;;;;;;;;;;;;;;;;;;;;;;;;;;;;;;;;;;;;;;;;;;;;;;;;;;;;;;;;;;;;;;;;X;;;;
MC100205;MC10-02-05;CREW OXYGEN MASK REGULATOR;OVERHAUL;;;;X;X;X;X;X;;;;;;;;;;;;;X;;;;;;;;;;;;;;;;;;;;;;;;;;;;;;;;;;;;;;;;;;;;;;;;;;;;;;;;;;;;;;;;;;;;;;;;;;;;;X;;;;
MC100206;MC10-02-06;CREW OXYGEN MASK REGULATOR;OVERHAUL;;;;X;X;X;X;X;;;;;;;;;;;;;X;;;;;;;;;;;;;;;;;;;;;;;;;;;;;;;;;;;;;;;;;;;;;;;;;;;;;;;;;;;;;;;;;;;;;;;;;;;;;X;;;;
MC100207;MC10-02-07;CREW OXYGEN MASK REGULATOR;OVERHAUL;;;;X;X;X;X;X;;;;;;;;;;;;;X;;;;;;;;;;;;;;;;;;;;;;;;;;;;;;;;;;;;;;;;;;;;;;;;;;;;;;;;;;;;;;;;;;;;;;;;;;;;;X;;;;
MC100210;MC10-02-10;CREW OXYGEN MASK REGULATOR;OVERHAUL;;;;X;X;X;X;X;;;;;;;;;;;;;X;;;;;;;;;;;;;;;;;;;;;;;;;;;;;;;;;;;;;;;;;;;;;;;;;;;;;;;;;;;;;;;;;;;;;;;;;;;;;X;;;;
MC1002102;MC10-02-102;CREW OXYGEN MASK REGULATOR;OVERHAUL;;;;X;X;X;X;X;;;;;;;;;;;;;X;;;;;;;;;;;;;;;;;;;;;;;;;;;;;;;;;;;;;;;;;;;;;;;;;;;;;;;;;;;;;;;;;;;;;;;;;;;;;X;;;;
MC1002104;MC10-02-104;CREW OXYGEN MASK REGULATOR;OVERHAUL;;;;X;X;X;X;X;;;;;;;;;;;;;X;;;;;;;;;;;;;;;;;;;;;;;;;;;;;;;;;;;;;;;;;;;;;;;;;;;;;;;;;;;;;;;;;;;;;;;;;;;;;X;;;;
MC1002105;MC10-02-105;CREW OXYGEN MASK REGULATOR;OVERHAUL;;;;X;X;X;X;X;;;;;;;;;;;;;X;;;;;;;;;;;;;;;;;;;;;;;;;;;;;;;;;;;;;;;;;;;;;;;;;;;;;;;;;;;;;;;;;;;;;;;;;;;;;X;;;;
MC1002106;MC10-02-106;CREW OXYGEN MASK REGULATOR;OVERHAUL;;;;X;X;X;X;X;;;;;;;;;;;;;X;;;;;;;;;;;;;;;;;;;;;;;;;;;;;;;;;;;;;;;;;;;;;;;;;;;;;;;;;;;;;;;;;;;;;;;;;;;;;X;;;;
MC1002107;MC10-02-107;CREW OXYGEN MASK REGULATOR;OVERHAUL;;;;X;X;X;X;X;;;;;;;;;;;;;X;;;;;;;;;;;;;;;;;;;;;;;;;;;;;;;;;;;;;;;;;;;;;;;;;;;;;;;;;;;;;;;;;;;;;;;;;;;;;X;;;;
MC1002108;MC10-02-108;CREW OXYGEN MASK REGULATOR;OVERHAUL;;;;X;X;X;X;X;;;;;;;;;;;;;X;;;;;;;;;;;;;;;;;;;;;;;;;;;;;;;;;;;;;;;;;;;;;;;;;;;;;;;;;;;;;;;;;;;;;;;;;;;;;X;;;;
MC1002109;MC10-02-109;CREW OXYGEN MASK REGULATOR;OVERHAUL;;;;X;X;X;X;X;;;;;;;;;;;;;X;;;;;;;;;;;;;;;;;;;;;;;;;;;;;;;;;;;;;;;;;;;;;;;;;;;;;;;;;;;;;;;;;;;;;;;;;;;;;X;;;;
MC1002112;MC10-02-112;CREW OXYGEN MASK REGULATOR;OVERHAUL;;;;X;X;X;X;X;;;;;;;;;;;;;X;;;;;;;;;;;;;;;;;;;;;;;;;;;;;;;;;;;;;;;;;;;;;;;;;;;;;;;;;;;;;;;;;;;;;;;;;;;;;X;;;;
MC1002115;MC10-02-115;CREW OXYGEN MASK REGULATOR;OVERHAUL;;;;X;X;X;X;X;;;;;;;;;;;;;X;;;;;;;;;;;;;;;;;;;;;;;;;;;;;;;;;;;;;;;;;;;;;;;;;;;;;;;;;;;;;;;;;;;;;;;;;;;;;X;;;;
MC1002116;MC10-02-116;CREW OXYGEN MASK REGULATOR;OVERHAUL;;;;X;X;X;X;X;;;;;;;;;;;;;X;;;;;;;;;;;;;;;;;;;;;;;;;;;;;;;;;;;;;;;;;;;;;;;;;;;;;;;;;;;;;;;;;;;;;;;;;;;;;X;;;;
MC1002117;MC10-02-117;CREW OXYGEN MASK REGULATOR;OVERHAUL;;;;X;X;X;X;X;;;;;;;;;;;;;X;;;;;;;;;;;;;;;;;;;;;;;;;;;;;;;;;;;;;;;;;;;;;;;;;;;;;;;;;;;;;;;;;;;;;;;;;;;;;X;;;;
MC1002121;MC10-02-121;CREW OXYGEN MASK REGULATOR;OVERHAUL;;;;X;X;X;X;X;;;;;;;;;;;;;X;;;;;;;;;;;;;;;;;;;;;;;;;;;;;;;;;;;;;;;;;;;;;;;;;;;;;;;;;;;;;;;;;;;;;;;;;;;;;X;;;;
MC1002155;MC10-02-155;CREW OXYGEN MASK REGULATOR;OVERHAUL;;;;X;X;X;X;X;;;;;;;;;;;;;X;;;;;;;;;;;;;;;;;;;;;;;;;;;;;;;;;;;;;;;;;;;;;;;;;;;;;;;;;;;;;;;;;;;;;;;;;;;;;X;;;;
MC1002169;MC10-02-169;CREW OXYGEN MASK REGULATOR;OVERHAUL;;;;X;X;X;X;X;;;;;;;;;;;;;X;;;;;;;;;;;;;;;;;;;;;;;;;;;;;;;;;;;;;;;;;;;;;;;;;;;;;;;;;;;;;;;;;;;;;;;;;;;;;X;;;;
MC1002170;MC10-02-170;CREW OXYGEN MASK REGULATOR;OVERHAUL;;;;X;X;X;X;X;;;;;;;;;;;;;X;;;;;;;;;;;;;;;;;;;;;;;;;;;;;;;;;;;;;;;;;;;;;;;;;;;;;;;;;;;;;;;;;;;;;;;;;;;;;X;;;;
MC1002171;MC10-02-171;CREW OXYGEN MASK REGULATOR;OVERHAUL;;;;X;X;X;X;X;;;;;;;;;;;;;X;;;;;;;;;;;;;;;;;;;;;;;;;;;;;;;;;;;;;;;;;;;;;;;;;;;;;;;;;;;;;;;;;;;;;;;;;;;;;X;;;;
MC100222;MC10-02-22;CREW OXYGEN MASK REGULATOR;OVERHAUL;;;;X;X;X;X;X;;;;;;;;;;;;;X;;;;;;;;;;;;;;;;;;;;;;;;;;;;;;;;;;;;;;;;;;;;;;;;;;;;;;;;;;;;;;;;;;;;;;;;;;;;;X;;;;
MC100250;MC10-02-50;CREW OXYGEN MASK REGULATOR;OVERHAUL;;;;X;X;X;X;X;;;;;;;;;;;;;X;;;;;;;;;;;;;;;;;;;;;;;;;;;;;;;;;;;;;;;;;;;;;;;;;;;;;;;;;;;;;;;;;;;;;;;;;;;;;X;;;;
MC100254;MC10-02-54;CREW OXYGEN MASK REGULATOR;OVERHAUL;;;;X;X;X;X;X;;;;;;;;;;;;;X;;;;;;;;;;;;;;;;;;;;;;;;;;;;;;;;;;;;;;;;;;;;;;;;;;;;;;;;;;;;;;;;;;;;;;;;;;;;;X;;;;
MC100255;MC10-02-55;CREW OXYGEN MASK REGULATOR;OVERHAUL;;;;X;X;X;X;X;;;;;;;;;;;;;X;;;;;;;;;;;;;;;;;;;;;;;;;;;;;;;;;;;;;;;;;;;;;;;;;;;;;;;;;;;;;;;;;;;;;;;;;;;;;X;;;;
MC100269;MC10-02-69;CREW OXYGEN MASK REGULATOR;OVERHAUL;;;;X;X;X;X;X;;;;;;;;;;;;;X;;;;;;;;;;;;;;;;;;;;;;;;;;;;;;;;;;;;;;;;;;;;;;;;;;;;;;;;;;;;;;;;;;;;;;;;;;;;;X;;;;
MC100401;MC10-04-01;CREW OXYGEN MASK REGULATOR;OVERHAUL;;;;X;X;X;X;X;;;;;;;;;;;;;X;;;;;;;;;;X;;;;;X;;;;;;;;;;;;;;;;;;;;;;;;;;;;;;;;;;;;;;;;;;;;;;;;;;;;;;;;;;;;;;X;;;;
MC100402;MC10-04-02;CREW OXYGEN MASK REGULATOR;OVERHAUL;;;;X;X;X;X;X;;;;;;;;;;;;;X;;;;;;;;;;;;;;;;;;;;;;;;;;;;;;;;;;;;;;;;;;;;;;;;;;;;;;;;;;;;;;;;;;;;;;;;;;;;;X;;;;
MC100407;MC10-04-07;CREW OXYGEN MASK REGULATOR;OVERHAUL;;;;X;X;X;X;X;;;;;;;;;;;;;X;;;;;;;;;;;;;;;;;;;;;;;;;;;;;;;;;;;;;;;;;;;;;;;;;;;;;;;;;;;;;;;;;;;;;;;;;;;;;X;;;;
MC1004101;MC10-04-101;CREW OXYGEN MASK REGULATOR;OVERHAUL;;;;X;X;X;X;X;;;;;;;;;;;;;X;;;;;;;;;;X;;;;;X;;;;;;;;;;;;;;;;;;;;;;;;;;;;;;;;;;;;;;;;;;;;;;;;;;;;;;;;;;;;;;X;;;;
MC1004102;MC10-04-102;CREW OXYGEN MASK REGULATOR;OVERHAUL;;;;X;X;X;X;X;;;;;;;;;;;;;X;;;;;;;;;;;;;;;;;;;;;;;;;;;;;;;;;;;;;;;;;;;;;;;;;;;;;;;;;;;;;;;;;;;;;;;;;;;;;X;;;;
MC1004105;MC10-04-105;CREW OXYGEN MASK REGULATOR;OVERHAUL;;;;X;X;X;X;X;;;;;;;;;;;;;;;;;;;;;;;;;;;;;;;;;;;X;;;;;;;;;;;;;;;;;;;;;;;;;;;;;;;;;;;;;;;;;;;;;;;;;;;;;;;X;;;;
MC1004107;MC10-04-107;CREW OXYGEN MASK REGULATOR;OVERHAUL;;;;X;X;X;X;X;;;;;;;;;;;;;X;;;;;;;;;;;;;;;;;;;;;;X;;;;;;;;;;;;;;;;;;;;;;;;;;;;;;;;;;;;;;;;;;;;;;;;;;;;;;;X;;;;
MC1004109;MC10-04-109;MASQUE Oý EQUIPAGE;OVERHAUL;;;;X;X;X;X;X;;;;;;;;;;;;;;;;;;;;;;;;;;;;;;;;;;;X;;;;;;;;;;;;;;;;;;;;;;;;;;;;;;;;;;;;;;;;;;;;;;;;;;;;;;;X;;;;
MC1004110;MC10-04-110;CREW OXYGEN MASK REGULATOR;OVERHAUL;;;;X;X;X;X;X;;;;;;;;;;;;;;;;;;;;;;;;;;;;;;;;;;;X;;;;;;;;;;;;;;;;;;;;;;;;;;;;;;;;;;;;;;;;;;;;;;;;;;;;;;;X;;;;
MC1004111;MC10-04-111;CREW OXYGEN MASK REGULATOR;OVERHAUL;;;;X;X;X;X;X;;;;;;;;;;;;;X;;;;;;;;;;;;;;;;;;;;;;;;;;;;;;;;;;;;;;;;;;;;;;;;;;;;;;;;;;;;;;;;;;;;;;;;;;;;;X;;;;
MC1004112;MC10-04-112;CREW OXYGEN MASK REGULATOR;OVERHAUL;;;;X;X;X;X;X;;;;;;;;;;;;;X;;;;;;;;;;;;;;;;;;;;;;;;;;;;;;;;;;;;;;;;;;;;;;;;;;;;;;;;;;;;;;;;;;;;;;;;;;;;;X;;;;
MC1004115;MC10-04-115;CREW OXYGEN MASK REGULATOR;OVERHAUL;;;;X;X;X;X;X;;;;;;;;;;;;;X;;;;;;;;;;;;;;;;;;;;;;;;;;;;;;;;;;;;;;;;;;;;;;;;;;;;;;;;;;;;;;;;;;;;;;;;;;;;;X;;;;
MC1004116;MC10-04-116;CREW OXYGEN MASK REGULATOR;OVERHAUL;;;;X;X;X;X;X;;;;;;;;;;;;;X;;;;;;;;;;;;;;;;;;;;;;;;;;;;;;;;;;;;;;;;;;;;;;;;;;;;;;;;;;;;;;;;;;;;;;;;;;;;;X;;;;
MC1004121;MC10-04-121;CREW OXYGEN MASK REGULATOR;OVERHAUL;;;;X;X;X;X;X;;;;;;;;;;;;;X;;;;;;;;;;;;;;;;;;;;;;;;;;;;;;;;;;;;;;;;;;;;;;;;;;;;;;;;;;;;;;;;;;;;;;;;;;;;;X;;;;
MC1004122;MC10-04-122;CREW OXYGEN MASK REGULATOR;OVERHAUL;;;;X;X;X;X;X;;;;;;;;;;;;;X;;;;;;;;;;;;;;;;;;;;;;;;;;;;;;;;;;;;;;;;;;;;;;;;;;;;;;;;;;;;;;;;;;;;;;;;;;;;;X;;;;
MC1004127;MC10-04-127;CREW OXYGEN MASK REGULATOR;OVERHAUL;;;;X;X;X;X;X;;;;;;;;;;;;;X;;;;;;;;;;;;;;;;;;;;;;;;;;;;;;;;;;;;;;;;;;;;;;;;;;;;;;;;;;;;;;;;;;;;;;;;;;;;;X;;;;
MC1004157;MC10-04-157;CREW OXYGEN MASK REGULATOR;OVERHAUL;;;;X;X;X;X;X;;;;;;;;;;;;;X;X;X;X;X;X;X;X;X;X;;;;;;;;;;;;;;;;;;;;;;;;;;;;;;;;;;;;;;;;;;;;;;;;;;;;;;;;;;;;;;;;;;;;X;;;;
MC1004159;MC10-04-159;CREW OXYGEN MASK REGULATOR;OVERHAUL;;;;X;X;X;X;X;;;;;;;;;;;;;X;;;;;;;;;;;;;;;;;;;;;;;;;;;;;;;;;;;;;;;;;;;;;;;;;;;;;;;;;;;;;;;;;;;;;;;;;;;;;X;;;;
MC1004177;MC10-04-177;CREW OXYGEN MASK REGULATOR;OVERHAUL;;;;X;X;X;X;X;;;;;;;;;;;;;X;;;;;;;;;;;;;;;;;;;;;;;;;;;;;;;;;;;;;;;;;;;;;;;;;;;;;;;;;;;;;;;;;;;;;;;;;;;;;X;;;;
MC100421;MC10-04-21;CREW OXYGEN MASK REGULATOR;OVERHAUL;;;;X;X;X;X;X;;;;;;;;;;;;;X;X;X;X;X;X;X;X;X;X;;;;;;;;;;;;;;;;;;;;;;;;;;;;;;;;;;;;;;;;;;;;;;;;;;;;;;;;;;;;;;;;;;;;X;;;;
MC100422;MC10-04-22;CREW OXYGEN MASK REGULATOR;OVERHAUL;;;;X;X;X;X;X;;;;;;;;;;;;;X;X;X;X;X;X;X;X;X;X;;;;;;;;;;;;;;;;;;;;;;;;;;;;;;;;;;;;;;;;;;;;;;;;;;;;;;;;;;;;;;;;;;;;X;;;;
MC100427;MC10-04-27;CREW OXYGEN MASK REGULATOR;OVERHAUL;;;;X;X;X;X;X;;;;;;;;;;;;;X;;;;;;;;;;;;;;;;;;;;;;;;;;;;;;;;;;;;;;;;;;;;;;;;;;;;;;;;;;;;;;;;;;;;;;;;;;;;;X;;;;
MC100477;MC10-04-77;CREW OXYGEN MASK REGULATOR;OVERHAUL;;;;X;X;X;X;X;;;;;;;;;;;;;X;;;;;;;;;;;;;;;;;;;;;;;;;;;;;;;;;;;;;;;;;;;;;;;;;;;;;;;;;;;;;;;;;;;;;;;;;;;;;X;;;;
MC100504;MC10-05-04;CREW OXYGEN MASK REGULATOR;OVERHAUL;;;;X;X;X;X;X;;;;;;;;;;;;;X;;;;;;;;;;;;;;;;;;;;;;;;;;;;;;;;;;;;;;;;;;;;;;;;;;;;;;;;;;;;;;;;;;;;;;;;;;;;;X;;;;
MC1005100;MC10-05-100;CREW OXYGEN MASK REGULATOR;OVERHAUL;;;;X;X;X;X;X;;;;;;;;;;;;;X;;;;;;;;;;;;;;;;;;;;;;;;;;;;;;;;;;;;;;;;;;;;;;;;;;;;;;;;;;;;;;;;;;;;;;;;;;;;;X;;;;
MC1005101;MC10-05-101;CREW OXYGEN MASK REGULATOR;OVERHAUL;;;;X;X;X;X;X;;;;;;;;;;;;;X;;;;;;;;;;;;;;;;;;;;;;;;;;;;;;;;;;;;;;;;;;;;;;;;;;;;;;;;;;;;;;;;;;;;;;;;;;;;;X;;;;
MC1005102;MC10-05-102;CREW OXYGEN MASK REGULATOR;OVERHAUL;;;;X;X;X;X;X;;;;;;;;;;;;;X;;;;;;;;;;;;;;;;;;;;;;;;;;;;;;;;;;;;;;;;;;;;;;;;;;;;;;;;;;;;;;;;;;;;;;;;;;;;;X;;;;
MC1005104;MC10-05-104;CREW OXYGEN MASK REGULATOR;OVERHAUL;;;;X;X;X;X;X;;;;;;;;;;;;;X;;;;;;;;;;;;;;;;;;;;;;;;;;;;;;;;;;;;;;;;;;;;;;;;;;;;;;;;;;;;;;;;;;;;;;;;;;;;;X;;;;
MC1005124;MC10-05-124;CREW OXYGEN MASK REGULATOR;OVERHAUL;;;;X;X;X;X;X;;;;;;;;;;;;;X;;;;;;;;;;;;;;;;;;;;;;;;;;;;;;;;;;;;;;;;;;;;;;;;;;;;;;;;;;;;;;;;;;;;;;;;;;;;;X;;;;
MC1005152;MC10-05-152;CREW OXYGEN MASK REGULATOR;OVERHAUL;;;;X;X;X;X;X;;;;;;;;;;;;;X;;;;;;;;;;;;;;;;;;;;;;;;;;;;;;;;;;;;;;;;;;;;;;;;;;;;;;;;;;;;;;;;;;;;;;;;;;;;;X;;;;
MC100600;MC10-06-00;CREW OXYGEN MASK REGULATOR;OVERHAUL;;;;X;X;X;X;X;;;;;;;;;;;;;X;;;;;;;;;;;;;;;;;;;;;;;;;;;;;;;;;;;;;;;;;;;;;;;;;;;;;;;;;;;;;;;;;;;;;;;;;;;;;X;;;;
MC100601;MC10-06-01;CREW OXYGEN MASK REGULATOR;OVERHAUL;;;;X;X;X;X;X;;;;;;;;;;;;;X;;;;;;;;;;;;;;;;;;;;;;;;;;;;;;;;;;;;;;;;;;;;;;;;;;;;;;;;;;;;;;;;;;;;;;;;;;;;;X;;;;
MC100603;MC10-06-03;CREW OXYGEN MASK REGULATOR;OVERHAUL;;;;X;X;X;X;X;;;;;;;;;;;;;X;;;;;;;;;;;;;;;;;;;;;;;;;;;;;;;;;;;;;;;;;;;;;;;;;;;;;;;;;;;;;;;;;;;;;;;;;;;;;X;;;;
MC1006100;MC10-06-100;CREW OXYGEN MASK REGULATOR;OVERHAUL;;;;X;X;X;X;X;;;;;;;;;;;;;X;;;;;;;;;;;;;;;;;;;;;;;;;;;;;;;;;;;;;;;;;;;;;;;;;;;;;;;;;;;;;;;;;;;;;;;;;;;;;X;;;;
MC1006101;MC10-06-101;CREW OXYGEN MASK REGULATOR;OVERHAUL;;;;X;X;X;X;X;;;;;;;;;;;;;X;;;;;;;;;;;;;;;;;;;;;;;;;;;;;;;;;;;;;;;;;;;;;;;;;;;;;;;;;;;;;;;;;;;;;;;;;;;;;X;;;;
MC1006102;MC10-06-102;CREW OXYGEN MASK REGULATOR;OVERHAUL;;;;X;X;X;X;X;;;;;;;;;;;;;X;;;;;;;;;;;;;;;;;;;;;;;;;;;;;;;;;;;;;;;;;;;;;;;;;;;;;;;;;;;;;;;;;;;;;;;;;;;;;X;;;;
MC1006104;MC10-06-104;CREW OXYGEN MASK REGULATOR;OVERHAUL;;;;X;X;X;X;X;;;;;;;;;;;;;X;;;;;;;;;;;;;;;;;;;;;;;;;;;;;;;;;;;;;;;;;;;;;;;;;;;;;;;;;;;;;;;;;;;;;;;;;;;;;X;;;;
MC1006105;MC10-06-105;CREW OXYGEN MASK REGULATOR;OVERHAUL;;;;X;X;X;X;X;;;;;;;;;;;;;X;;;;;;;;;;;;;;;;;;;;;;;;;;;;;;;;;;;;;;;;;;;;;;;;;;;;;;;;;;;;;;;;;;;;;;;;;;;;;X;;;;
MC1006106;MC10-06-106;CREW OXYGEN MASK REGULATOR;OVERHAUL;;;;X;X;X;X;X;;;;;;;;;;;;;X;;;;;;;;;;;;;;;;;;;;;;;;;;;;;;;;;;;;;;;;;;;;;;;;;;;;;;;;;;;;;;;;;;;;;;;;;;;;;X;;;;
MC1006120;MC10-06-120;CREW OXYGEN MASK REGULATOR;OVERHAUL;;;;X;X;X;X;X;;;;;;;;;;;;;X;;;;;;;;;;;;;;;;;;;;;;;;;;;;;;;;;;;;;;;;;;;;;;;;;;;;;;;;;;;;;;;;;;;;;;;;;;;;;X;;;;
MC1006121;MC10-06-121;CREW OXYGEN MASK REGULATOR;OVERHAUL;;;;X;X;X;X;X;;;;;;;;;;;;;X;;;;;;;;;;;;;;;;;;;;;;;;;;;;;;;;;;;;;;;;;;;;;;;;;;;;;;;;;;;;;;;;;;;;;;;;;;;;;X;;;;
MC1006124;MC10-06-124;CREW OXYGEN MASK REGULATOR;OVERHAUL;;;;X;X;X;X;X;;;;;;;;;;;;;X;;;;;;;;;;;;;;;;;;;;;;;;;;;;;;;;;;;;;;;;;;;;;;;;;;;;;;;;;;;;;;;;;;;;;;;;;;;;;X;;;;
MC1006125;MC10-06-125;CREW OXYGEN MASK REGULATOR;OVERHAUL;;;;X;X;X;X;X;;;;;;;;;;;;;X;;;;;;;;;;;;;;;;;;;;;;;;;;;;;;;;;;;;;;;;;;;;;;;;;;;;;;;;;;;;;;;;;;;;;;;;;;;;;X;;;;
MC1006126;MC10-06-126;CREW OXYGEN MASK REGULATOR;OVERHAUL;;;;X;X;X;X;X;;;;;;;;;;;;;X;;;;;;;;;;;;;;;;;;;;;;;;;;;;;;;;;;;;;;;;;;;;;;;;;;;;;;;;;;;;;;;;;;;;;;;;;;;;;X;;;;
MC100620;MC10-06-20;CREW OXYGEN MASK REGULATOR;OVERHAUL;;;;X;X;X;X;X;;;;;;;;;;;;;X;;;;;;;;;;;;;;;;;;;;;;;;;;;;;;;;;;;;;;;;;;;;;;;;;;;;;;;;;;;;;;;;;;;;;;;;;;;;;X;;;;
MC100621;MC10-06-21;CREW OXYGEN MASK REGULATOR;OVERHAUL;;;;X;X;X;X;X;;;;;;;;;;;;;X;;;;;;;;;;;;;;;;;;;;;;;;;;;;;;;;;;;;;;;;;;;;;;;;;;;;;;;;;;;;;;;;;;;;;;;;;;;;;X;;;;
MC100623;MC10-06-23;CREW OXYGEN MASK REGULATOR;OVERHAUL;;;;X;X;X;X;X;;;;;;;;;;;;;X;;;;;;;;;;;;;;;;;;;;;;;;;;;;;;;;;;;;;;;;;;;;;;;;;;;;;;;;;;;;;;;;;;;;;;;;;;;;;X;;;;
MC100800;MC10-08-00;CREW OXYGEN MASK REGULATOR;OVERHAUL;;;;X;X;X;X;X;;;;;;;;;;;;;X;;;;;;;;;;;;;;;;;;;;;;;;;;;;;;;;;;;;;;;;;;;;;;;;;;;;;;;;;;;;;;;;;;;;;;;;;;;;;X;;;;
MC100801;MC10-08-01;CREW OXYGEN MASK REGULATOR;OVERHAUL;;;;X;X;X;X;X;;;;;;;;;;;;;X;;;;;;;;;;;;;;;;;;;;;;;;;;;;;;;;;;;;;;;;;;;;;;;;;;;;;;;;;;;;;;;;;;;;;;;;;;;;;X;;;;
MC100802;MC10-08-02;CREW OXYGEN MASK REGULATOR;OVERHAUL;;;;X;X;X;X;X;;;;;;;;;;;;;X;;;;;;;;;;;;;;;;;;;;;;;;;;;;;;;;;;;;;;;;;;;;;;;;;;;;;;;;;;;;;;;;;;;;;;;;;;;;;X;;;;
MC100805;MC10-08-05;CREW OXYGEN MASK REGULATOR;OVERHAUL;;;;X;X;X;X;X;;;;;;;;;;;;;X;X;X;X;X;X;X;X;X;X;;;;;;;;;;;;;;;;;;;;;;;;;;;;;;;;;;;;;;;;;;;;;;;;;;;;;;;;;;;;;;;;;;;;X;;;;
MC100809;MC10-08-09;CREW OXYGEN MASK REGULATOR;OVERHAUL;;;;X;X;X;X;X;;;;;;;;;;;;;X;;;;;;;;;;;;;;;;;;;;;;;;;;;;;;;;;;;;;;;;;;;;;;;;;;;;;;;;;;;;;;;;;;;;;;;;;;;;;X;;;;
MC1008100;MC10-08-100;CREW OXYGEN MASK REGULATOR;OVERHAUL;;;;X;X;X;X;X;;;;;;;;;;;;;X;;;;;;;;;;;;;;;;;;;;;;;;;;;;;;;;;;;;;;;;;;;;;;;;;;;;;;;;;;;;;;;;;;;;;;;;;;;;;X;;;;
MC1008102;MC10-08-102;CREW OXYGEN MASK REGULATOR;OVERHAUL;;;;X;X;X;X;X;;;;;;;;;;;;;X;;;;;;;;;;;;;;;;;;;;;;;;;;;;;;;;;;;;;;;;;;;;;;;;;;;;;;;;;;;;;;;;;;;;;;;;;;;;;X;;;;
MC1008103;MC10-08-103;CREW OXYGEN MASK REGULATOR;OVERHAUL;;;;X;X;X;X;X;;;;;;;;;;;;;X;;;;;;;;;;;;;;;;;;;;;;;;;;;;;;;;;;;;;;;;;;;;;;;;;;;;;;;;;;;;;;;;;;;;;;;;;;;;;X;;;;
MC1008104;MC10-08-104;CREW OXYGEN MASK REGULATOR;OVERHAUL;;;;X;X;X;X;X;;;;;;;;;;;;;X;;;;;;;;;;;;;;;;;;;;;;;;;;;;;;;;;;;;;;;;;;;;;;;;;;;;;;;;;;;;;;;;;;;;;;;;;;;;;X;;;;
MC1008106;MC10-08-106;CREW OXYGEN MASK REGULATOR;OVERHAUL;;;;X;X;X;X;X;;;;;;;;;;;;;X;;;;;;;;;;;;;;;;;;;;;;;;;;;;;;;;;;;;;;;;;;;;;;;;;;;;;;;;;;;;;;;;;;;;;;;;;;;;;X;;;;
MC1008107;MC10-08-107;CREW OXYGEN MASK REGULATOR;OVERHAUL;;;;X;X;X;X;X;;;;;;;;;;;;;X;;;;;;;;;;;;;;;;;;;;;;;;;;;;;;;;;;;;;;;;;;;;;;;;;;;;;;;;;;;;;;;;;;;;;;;;;;;;;X;;;;
MC1008108;MC10-08-108;CREW OXYGEN MASK REGULATOR;OVERHAUL;;;;X;X;X;X;X;;;;;;;;;;;;;X;;;;;;;;;;;;;;;;;;;;;;;;;;;;;;;;;;;;;;;;;;;;;;;;;;;;;;;;;;;;;;;;;;;;;;;;;;;;;X;;;;
MC1008109;MC10-08-109;CREW OXYGEN MASK REGULATOR;OVERHAUL;;;;X;X;X;X;X;;;;;;;;;;;;;X;;;;;;;;;;X;;;;X;;;;;;;;;;;;;;;;;;;;;;;;;;;;;;;;;;;;;;;;;;;;;;;;;;;;;;;;;;;;;;;X;;;;
MC1008110;MC10-08-110;CREW OXYGEN MASK REGULATOR;OVERHAUL;;;;X;X;X;X;X;;;;;;;;;;;;;X;;;;;;;;;;;;;;;;;;;;;;;;;;;;;;;;;;;;;;;;;;;;;;;;;;;;;;;;;;;;;;;;;;;;;;;;;;;;;X;;;;
MC1008111;MC10-08-111;CREW OXYGEN MASK REGULATOR;OVERHAUL;;;;X;X;X;X;X;;;;;;;;;;;;;X;;;;;;;;;;;;;;;;;;;;;;;;;;;;;;;;;;;;;;;;;;;;;;;;;;;;;;;;;;;;;;;;;;;;;;;;;;;;;X;;;;
MC1008112;MC10-08-112;CREW OXYGEN MASK REGULATOR;OVERHAUL;;;;X;X;X;X;X;;;;;;;;;;;;;X;;;;;;;;;;;;;;;;;;;;;;;;;;;;;;;;;;;;;;;;;;;;;;;;;;;;;;;;;;;;;;;;;;;;;;;;;;;;;X;;;;
MC1008120;MC10-08-120;CREW OXYGEN MASK REGULATOR;OVERHAUL;;;;X;X;X;X;X;;;;;;;;;;;;;X;;;;;;;;;;;;;;;;;;;;;;;;;;;;;;;;;;;;;;;;;;;;;;;;;;;;;;;;;;;;;;;;;;;;;;;;;;;;;X;;;;
MC1008123;MC10-08-123;CREW OXYGEN MASK REGULATOR;OVERHAUL;;;;X;X;X;X;X;;;;;;;;;;;;;X;;;;;;;;;;;;;;;;;;;;;;;;;;;;;;;;;;;;;;;;;;;;;;;;;;;;;;;;;;;;;;;;;;;;;;;;;;;;;X;;;;
MC1008124;MC10-08-124;CREW OXYGEN MASK REGULATOR;OVERHAUL;;;;X;X;X;X;X;;;;;;;;;;;;;X;;;;;;;;;;;;;;;;;;;;;;;;;;;;;;;;;;;;;;;;;;;;;;;;;;;;;;;;;;;;;;;;;;;;;;;;;;;;;X;;;;
MC1008126;MC10-08-126;CREW OXYGEN MASK REGULATOR;OVERHAUL;;;;X;X;X;X;X;;;;;;;;;;;;;X;;;;;;;;;;;;;;;;;;;;;;;;;;;;;;;;;;;;;;;;;;;;;;;;;;;;;;;;;;;;;;;;;;;;;;;;;;;;;X;;;;
MC1008127;MC10-08-127;CREW OXYGEN MASK REGULATOR;OVERHAUL;;;;X;X;X;X;X;;;;;;;;;;;;;X;;;;;;;;;;;;;;;;;;;;;;;;;;;;;;;;;;;;;;;;;;;;;;;;;;;;;;;;;;;;;;;;;;;;;;;;;;;;;X;;;;
MC1008128;MC10-08-128;CREW OXYGEN MASK REGULATOR;OVERHAUL;;;;X;X;X;X;X;;;;;;;;;;;;;X;;;;;;;;;;;;;;;;;;;;;;;;;;;;;;;;;;;;;;;;;;;;;;;;;;;;;;;;;;;;;;;;;;;;;;;;;;;;;X;;;;
MC100813;MC10-08-13;CREW OXYGEN MASK REGULATOR;OVERHAUL;;;;X;X;X;X;X;;;;;;;;;;;;;X;;;;;;;;;;;;;;;;;;;;;;;;;;;;;;;;;;;;;;;;;;;;;;;;;;;;;;;;;;;;;;;;;;;;;;;;;;;;;X;;;;
MC1008209;MC10-08-209;CREW OXYGEN MASK REGULATOR;OVERHAUL;;;;X;X;X;X;X;;;;;;;;;;;;;X;;;;;;;;;;;;;;;;;;;;;;;;;;;;;;;;;;;;;;;;;;;;;;;;;;;;;;;;;;;;;;;;;;;;;;;;;;;;;X;;;;
MC100825;MC10-08-25;CREW OXYGEN MASK REGULATOR;OVERHAUL;;;;X;X;X;X;X;;;;;;;;;;;;;X;X;X;X;X;X;X;X;X;X;;;;;;;;;;;;;;;;;;;;;;;;;;;;;;;;;;;;;;;;;;;;;;;;;;;;;;;;;;;;;;;;;;;;X;;;;
MC100900;MC10-09-00;CREW OXYGEN MASK REGULATOR;OVERHAUL;;;;X;X;X;X;X;;;;;;;;;;;;;X;;;;;;;;;;;;;;;;;;;;;;;;;;;;;;;;;;;;;;;;;;;;;;;;;;;;;;;;;;;;;;;;;;;;;;;;;;;;;X;;;;
MC100901;MC10-09-01;CREW OXYGEN MASK REGULATOR;OVERHAUL;;;;X;X;X;X;X;;;;;;;;;;;;;X;;;;;;;;;;;;;;;;;;;;;;;;;;;;;;;;;;;;;;;;;;;;;;;;;;;;;;;;;;;;;;;;;;;;;;;;;;;;;X;;;;
MC1010100;MC10-10-100;CREW OXYGEN MASK REGULATOR;OVERHAUL;;;;X;X;X;X;X;;;;;;;;;;;;;X;;;;;;;;;;;;;;;;;;;;;;;;;;;;;;;;;;;;;;;;;;;;;;;;;;;;;;;;;;;;;;;;;;;;;;;;;;;;;X;;;;
MC1010101;MC10-10-101;CREW OXYGEN MASK REGULATOR;OVERHAUL;;;;X;X;X;X;X;;;;;;;;;;;;;X;;;;;;;;;;;;;;;;;;;;;;;;;;;;;;;;;;;;;;;;;;;;;;;;;;;;;;;;;;;;;;;;;;;;;;;;;;;;;X;;;;
MC1010102;MC10-10-102;CREW OXYGEN MASK REGULATOR;OVERHAUL;;;;X;X;X;X;X;;;;;;;;;;;;;X;;;;;;;;;;;;;;;;;;;;;;;;;;;;;;;;;;;;;;;;;;;;;;;;;;;;;;;;;;;;;;;;;;;;;;;;;;;;;X;;;;
MC1010103;MC10-10-103;CREW OXYGEN MASK REGULATOR;OVERHAUL;;;;X;X;X;X;X;;;;;;;;;;;;;X;;;;;;;;;;;;;;;;;;;;;;;;;;;;;;;;;;;;;;;;;;;;;;;;;;;;;;;;;;;;;;;;;;;;;;;;;;;;;X;;;;
MC1010104;MC10-10-104;CREW OXYGEN MASK REGULATOR;OVERHAUL;;;;X;X;X;X;X;;;;;;;;;;;;;X;;;;;;;;;;;;;;;;;;;;;;;;;;;;;;;;;;;;;;;;;;;;;;;;;;;;;;;;;;;;;;;;;;;;;;;;;;;;;X;;;;
MC1012100;MC10-12-100;CREW OXYGEN MASK REGULATOR;OVERHAUL;;;;X;X;X;X;X;;;X;;;;;;;;;;X;;;;;;;;;;;;;;;;;;;;;;;;;;;;;;;;;;;;;;;;;;;;;;;;;;;;;;;;;;;;;;;;;;;;;;;;;;;;;X;;;;
MC1012101;MC10-12-101;CREW OXYGEN MASK REGULATOR;OVERHAUL;;;;X;X;X;X;X;;;X;;;;;;;;;;X;;;;;;;;;;;;;;;;;;;;;;;;;;;;;;;;;;;;;;;;;;;;;;;;;;;;;;;;;;;;;;;;;;;;;;;;;;;;;X;;;;
MC1012150;MC10-12-150;CREW OXYGEN MASK REGULATOR;OVERHAUL;;;;X;X;X;X;X;;;X;;;;;;;;;;X;;;;;;;;;;;;;;;;;;;;;;;;;;;;;;;;;;;;;;;;;;;;;;;;;;;;;;;;;;;;;;;;;;;;;;;;;;;;;X;;;;
MC1012151;MC10-12-151;CREW OXYGEN MASK REGULATOR;OVERHAUL;;;;X;X;X;X;X;;;X;;;;;;;;;;X;;;;;;;;;;;;;;;;;;;;;;;;;;;;;;;;;;;;;;;;;;;;;;;;;;;;;;;;;;;;;;;;;;;;;;;;;;;;;X;;;;
MC1012152;MC10-12-152;CREW OXYGEN MASK REGULATOR;OVERHAUL;;;;X;X;X;X;X;;;X;;;;;;;;;;;;;;;;;;;;;;;;;;;;;;;;;;;;;;;;;;;;;X;;;X;X;X;X;X;X;X;;;;;;;;;;;;;;;;;;;;;;;;;;;;;;;;;X;;;;
MC101302;MC10-13-02;CREW OXYGEN MASK REGULATOR;OVERHAUL;;;;X;X;X;X;X;;;;;;;;;;;;;X;;;;;;;;;;;;;;;;;;;;;;;;;;;;;;;;;;;;;;;;;;;;;;;;;;;;;;;;;;;;;;;;;;;;;;;;;;;;;X;;;;
MC101303;MC10-13-03;CREW OXYGEN MASK REGULATOR;OVERHAUL;;;;X;X;X;X;X;;;;;;;;;;;;;X;;;;;;;;;;;;;;;;;;;;;;;;;;;;;;;;;;;;;;;;;;;;;;;;;;;;;;;;;;;;;;;;;;;;;;;;;;;;;X;;;;
MC101304;MC10-13-04;CREW OXYGEN MASK REGULATOR;OVERHAUL;;;;X;X;X;X;X;;;;;;;;;;;;;X;;;;;;;;;;;;;;;;;;;;;;;;;;;;;;;;;;;;;;;;;;;;;;;;;;;;;;;;;;;;;;;;;;;;;;;;;;;;;X;;;;
MC101305;MC10-13-05;CREW OXYGEN MASK REGULATOR;OVERHAUL;;;;X;X;X;X;X;;;;;;;;;;;;;X;;;;;;;;;;;;;;;;;;;;;;;;;;;;;;;;;;;;;;;;;;;;;;;;;;;;;;;;;;;;;;;;;;;;;;;;;;;;;X;;;;
MC1013102;MC10-13-102;CREW OXYGEN MASK REGULATOR;OVERHAUL;;;;X;X;X;X;X;;;;;;;;;;;;;X;;;;;;;;;;;;;;;;;;;;;;;;;;;;;;;;;;;;;;;;;;;;;;;;;;;;;;;;;;;;;;;;;;;;;;;;;;;;;X;;;;
MC1013103;MC10-13-103;CREW OXYGEN MASK REGULATOR;OVERHAUL;;;;X;X;X;X;X;;;;;;;;;;;;;X;;;;;;;;;;;;;;;;;;;;;;;;;;;;;;;;;;;;;;;;;;;;;;;;;;;;;;;;;;;;;;;;;;;;;;;;;;;;;X;;;;
MC1013104;MC10-13-104;CREW OXYGEN MASK REGULATOR;OVERHAUL;;;;X;X;X;X;X;;;;;;;;;;;;;X;;;;;;;;;;;;;;;;;;;;;;;;;;;;;;;;;;;;;;;;;;;;;;;;;;;;;;;;;;;;;;;;;;;;;;;;;;;;;X;;;;
MC1013114;MC10-13-114;CREW OXYGEN MASK REGULATOR;OVERHAUL;;;;X;X;X;X;X;;;;;;;;;;;;;X;;;;;;;;;;;;;;;;;;;;;;;;;;;;;;;;;;;;;;;;;;;;;;;;;;;;;;;;;;;;;;;;;;;;;;;;;;;;;X;;;;
MC1013150;MC10-13-150;CREW OXYGEN MASK REGULATOR;OVERHAUL;;;;X;X;X;X;X;;;;;;;;;;;;;X;;;;;;;;;;;;;;;;;;;;;;;;;;;;;;;;;;;;;;;;;;;;;;;;;;;;;;;;;;;;;;;;;;;;;;;;;;;;;X;;;;
MC101400;MC10-14-00;CREW OXYGEN MASK REGULATOR;OVERHAUL;;;;X;X;X;X;X;;;;;;;;;;;;;X;;;;;;;;;;;;;;;;;;;;;;;;;;;;;;;;;;;;;;;;;;;;;;;;;;;;;;;;;;;;;;;;;;;;;;;;;;;;;X;;;;
MC101401;MC10-14-01;CREW OXYGEN MASK REGULATOR;OVERHAUL;;;;X;X;X;X;X;;;;;;;;;;;;;X;;;;;;;;;;;;;;;;;;;;;;;;;;;;;;;;;;;;;;;;;;;;;;;;;;;;;;;;;;;;;;;;;;;;;;;;;;;;;X;;;;
MC101402;MC10-14-02;CREW OXYGEN MASK REGULATOR;OVERHAUL;;;;X;X;X;X;X;;;;;;;;;;;;;X;;;;;;;;;;;;;;;;;;;;;;;;;;;;;;;;;;;;;;;;;;;;;;;;;;;;;;;;;;;;;;;;;;;;;;;;;;;;;X;;;;
MC1014100;MC10-14-100;CREW OXYGEN MASK REGULATOR;OVERHAUL;;;;X;X;X;X;X;;;;;;;;;;;;;X;;;;;;;;;;;;;;;;;;;;;;;;;;;;;;;;;;;;;;;;;;;;;;;;;;;;;;;;;;;;;;;;;;;;;;;;;;;;;X;;;;
MC1014101;MC10-14-101;CREW OXYGEN MASK REGULATOR;OVERHAUL;;;;X;X;X;X;X;;;;;;;;;;;;;X;;;;;;;;;;;;;;;;;;;;;;;;;;;;;;;;;;;;;;;;;;;;;;;;;;;;;;;;;;;;;;;;;;;;;;;;;;;;;X;;;;
MC1014102;MC10-14-102;CREW OXYGEN MASK REGULATOR;OVERHAUL;;;;X;X;X;X;X;;;;;;;;;;;;;X;;;;;;;;;;;;;;;;;;;;;;;;;;;;;;;;;;;;;;;;;;;;;;;;;;;;;;;;;;;;;;;;;;;;;;;;;;;;;X;;;;
MC1014103;MC10-14-103;CREW OXYGEN MASK REGULATOR;OVERHAUL;;;;X;X;X;X;X;;;;;;;;;;;;;X;;;;;;;;;;;;;;;;;;;;;;;;;;;;;;;;;;;;;;;;;;;;;;;;;;;;;;;;;;;;;;;;;;;;;;;;;;;;;X;;;;
MC1014104;MC10-14-104;CREW OXYGEN MASK REGULATOR;OVERHAUL;;;;X;X;X;X;X;;;;;;;;;;;;;X;;;;;;;;;;;;;;;;;;;;;;;;;;;;;;;;;;;;;;;;;;;;;;;;;;;;;;;;;;;;;;;;;;;;;;;;;;;;;X;;;;
MC1014120;MC10-14-120;CREW OXYGEN MASK REGULATOR;OVERHAUL;;;;X;X;X;X;X;;;;;;;;;;;;;X;;;;;;;;;;;;;;;;;;;;;;;;;;;;;;;;;;;;;;;;;;;;;;;;;;;;;;;;;;;;;;;;;;;;;;;;;;;;;X;;;;
MC1014121;MC10-14-121;CREW OXYGEN MASK REGULATOR;OVERHAUL;;;;X;X;X;X;X;;;;;;;;;;;;;X;;;;;;;;;;;;;;;;;;;;;;;;;;;;;;;;;;;;;;;;;;;;;;;;;;;;;;;;;;;;;;;;;;;;;;;;;;;;;X;;;;
MC1014122;MC10-14-122;CREW OXYGEN MASK REGULATOR;OVERHAUL;;;;X;X;X;X;X;;;;;;;;;;;;;X;;;;;;;;;;;;;;;;;;;;;;;;;;;;;;;;;;;;;;;;;;;;;;;;;;;;;;;;;;;;;;;;;;;;;;;;;;;;;X;;;;
MC1014123;MC10-14-123;CREW OXYGEN MASK REGULATOR;OVERHAUL;;;;X;X;X;X;X;;;;;;;;;;;;;X;;;;;;;;;;;;;;;;;;;;;;;;;;;;;;;;;;;;;;;;;;;;;;;;;;;;;;;;;;;;;;;;;;;;;;;;;;;;;X;;;;
MC1014124;MC10-14-124;CREW OXYGEN MASK REGULATOR;OVERHAUL;;;;X;X;X;X;X;;;;;;;;;;;;;X;;;;;;;;;;;;;;;;;;;;;;;;;;;;;;;;;;;;;;;;;;;;;;;;;;;;;;;;;;;;;;;;;;;;;;;;;;;;;X;;;;
MC101420;MC10-14-20;CREW OXYGEN MASK REGULATOR;OVERHAUL;;;;X;X;X;X;X;;;;;;;;;;;;;X;;;;;;;;;;;;;;;;;;;;;;;;;;;;;;;;;;;;;;;;;;;;;;;;;;;;;;;;;;;;;;;;;;;;;;;;;;;;;X;;;;
MC101421;MC10-14-21;CREW OXYGEN MASK REGULATOR;OVERHAUL;;;;X;X;X;X;X;;;;;;;;;;;;;X;;;;;;;;;;;;;;;;;;;;;;;;;;;;;;;;;;;;;;;;;;;;;;;;;;;;;;;;;;;;;;;;;;;;;;;;;;;;;X;;;;
MC101422;MC10-14-22;CREW OXYGEN MASK REGULATOR;OVERHAUL;;;;X;X;X;X;X;;;;;;;;;;;;;X;;;;;;;;;;;;;;;;;;;;;;;;;;;;;;;;;;;;;;;;;;;;;;;;;;;;;;;;;;;;;;;;;;;;;;;;;;;;;X;;;;
MC101501;MC10-15-01;CREW OXYGEN MASK REGULATOR;OVERHAUL;;;;X;X;X;X;X;;;;;;;;;;;;;X;;;;;;;;;;;;;;;;;;;;;;;;;;;;;;;;;;;;;;;;;;;;;;;;;;;;;;;;;;;;;;;;;;;;;;;;;;;;;X;;;;
MC101502;MC10-15-02;CREW OXYGEN MASK REGULATOR;OVERHAUL;;;;X;X;X;X;X;;;;;;;;;;;;;X;;;;;;;;;;;;;;;;;;;;;;;;;;;;;;;;;;;;;;;;;;;;;;;;;;;;;;;;;;;;;;;;;;;;;;;;;;;;;X;;;;
MC101503;MC10-15-03;CREW OXYGEN MASK REGULATOR;OVERHAUL;;;;X;X;X;X;X;;;;;;;;;;;;;X;;;;;;;;;;;;;;;;;;;;;;;;;;;;;;;;;;;;;;;;;;;;;;;;;;;;;;;;;;;;;;;;;;;;;;;;;;;;;X;;;;
MC101504;MC10-15-04;CREW OXYGEN MASK REGULATOR;OVERHAUL;;;;X;X;X;X;X;;;;;;;;;;;;;X;;;;;;;;;;;;;;;;;;;;;;;;;;;;;;;;;;;;;;;;;;;;;;;;;;;;;;;;;;;;;;;;;;;;;;;;;;;;;X;;;;
MC101505;MC10-15-05;CREW OXYGEN MASK REGULATOR;OVERHAUL;;;;X;X;X;X;X;;;;;;;;;;;;;X;;;;;;;;;;;;;;;;;;;;;;;;;;;;;;;;;;;;;;;;;;;;;;;;;;;;;;;;;;;;;;;;;;;;;;;;;;;;;X;;;;
MC101507;MC10-15-07;CREW OXYGEN MASK REGULATOR;OVERHAUL;;;;X;X;X;X;X;;;;;;;;;;;;;X;;;;;;;;;;;;;;;;;;;;;;;;;;;;;;;;;;;;;;;;;;;;;;;;;;;;;;;;;;;;;;;;;;;;;;;;;;;;;X;;;;
MC101509;MC10-15-09;CREW OXYGEN MASK REGULATOR;OVERHAUL;;;;X;X;X;X;X;;;;;;;;;;;;;X;;;;;;;;;;;;;;;;;;;;;;;;;;;;;;;;;;;;;;;;;;;;;;;;;;;;;;;;;;;;;;;;;;;;;;;;;;;;;X;;;;
MC101510;MC10-15-10;CREW OXYGEN MASK REGULATOR;OVERHAUL;;;;X;X;X;X;X;;;;;;;;;;;;;X;;;;;;;;;;;;;;;;;;;;;;;;;;;;;;;;;;;;;;;;;;;;;;;;;;;;;;;;;;;;;;;;;;;;;;;;;;;;;X;;;;
MC1015101;MC10-15-101;CREW OXYGEN MASK REGULATOR;OVERHAUL;;;;X;X;X;X;X;;;;;;;;;;;;;X;;;;;;;;;;;;;;;;;;;;;;;;;;;;;;;;;;;;;;;;;;;;;;;;;;;;;;;;;;;;;;;;;;;;;;;;;;;;;X;;;;
MC1015102;MC10-15-102;CREW OXYGEN MASK REGULATOR;OVERHAUL;;;;X;X;X;X;X;;;;;;;;;;;;;X;;;;;;;;;;;;;;;;;;;;;;;;;;;;;;;;;;;;;;;;;;;;;;;;;;;;;;;;;;;;;;;;;;;;;;;;;;;;;X;;;;
MC1015104;MC10-15-104;CREW OXYGEN MASK REGULATOR;OVERHAUL;;;;X;X;X;X;X;;;;;;;;;;;;;X;;;;;;;;;;;;;;;;;;;;;;;;;;;;;;;;;;;;;;;;;;;;;;;;;;;;;;;;;;;;;;;;;;;;;;;;;;;;;X;;;;
MC1015105;MC10-15-105;CREW OXYGEN MASK REGULATOR;OVERHAUL;;;;X;X;X;X;X;;;;;;;;;;;;;X;;;;;;;;;;;;;;;;;;;;;;;;;;;;;;;;;;;;;;;;;;;;;;;;;;;;;;;;;;;;;;;;;;;;;;;;;;;;;X;;;;
MC1015107;MC10-15-107;CREW OXYGEN MASK REGULATOR;OVERHAUL;;;;X;X;X;X;X;;;;;;;;;;;;;X;;;;;;;;;;;;;;;;;;;;;;;;;;;;;;;;;;;;;;;;;;;;;;;;;;;;;;;;;;;;;;;;;;;;;;;;;;;;;X;;;;
MC1015108;MC10-15-108;CREW OXYGEN MASK REGULATOR;OVERHAUL;;;;X;X;X;X;X;;;;;;;;;;;;;X;;;;;;;;;;;;;;;;;;;;;;;;;;;;;;;;;;;;;;;;;;;;;;;;;;;;;;;;;;;;;;;;;;;;;;;;;;;;;X;;;;
MC1015109;MC10-15-109;CREW OXYGEN MASK REGULATOR;OVERHAUL;;;;X;X;X;X;X;;;;;;;;;;;;;X;;;;;;;;;;;;;;;;;;;;;;;;;;;;;;;;;;;;;;;;;;;;;;;;;;;;;;;;;;;;;;;;;;;;;;;;;;;;;X;;;;
MC101511;MC10-15-11;CREW OXYGEN MASK REGULATOR;OVERHAUL;;;;X;X;X;X;X;;;;;;;;;;;;;X;;;;;;;;;;;;;;;;;;;;;;;;;;;;;;;;;;;;;;;;;;;;;;;;;;;;;;;;;;;;;;;;;;;;;;;;;;;;;X;;;;
MC1015113;MC10-15-113;CREW OXYGEN MASK REGULATOR;OVERHAUL;;;;X;X;X;X;X;;;;;;;;;;;;;X;;;;;;;;;;;;;;;;;;;;;;;;;;;;;;;;;;;;;;;;;;;;;;;;;;;;;;;;;;;;;;;;;;;;;;;;;;;;;X;;;;
MC1015114;MC10-15-114;CREW OXYGEN MASK REGULATOR;OVERHAUL;;;;X;X;X;X;X;;;;;;;;;;;;;X;;;;;;;;;;;;;;;;;;;;;;;;;;;;;;;;;;;;;;;;;;;;;;;;;;;;;;;;;;;;;;;;;;;;;;;;;;;;;X;;;;
MC1015115;MC10-15-115;CREW OXYGEN MASK REGULATOR;OVERHAUL;;;;X;X;X;X;X;;;;;;;;;;;;;X;;;;;;;;;;;;;;;;;;;;;;;;;;;;;;;;;;;;;;;;;;;;;;;;;;;;;;;;;;;;;;;;;;;;;;;;;;;;;X;;;;
MC1015116;MC10-15-116;CREW OXYGEN MASK REGULATOR;OVERHAUL;;;;X;X;X;X;X;;;;;;;;;;;;;X;;;;;;;;;;;;;;;;;;;;;;;;;;;;;;;;;;;;;;;;;;;;;;;;;;;;;;;;;;;;;;;;;;;;;;;;;;;;;X;;;;
MC1015117;MC10-15-117;CREW OXYGEN MASK REGULATOR;OVERHAUL;;;;X;X;X;X;X;;;;;;;;;;;;;X;;;;;;;;;;;;;;;;;;;;;;;;;;;;;;;;;;;;;;;;;;;;;;;;;;;;;;;;;;;;;;;;;;;;;;;;;;;;;X;;;;
MC1015118;MC10-15-118;CREW OXYGEN MASK REGULATOR;OVERHAUL;;;;X;X;X;X;X;;;;;;;;;;;;;X;;;;;;;;;;;;;;;;;;;;;;;;;;;;;;;;;;;;;;;;;;;;;;;;;;;;;;;;;;;;;;;;;;;;;;;;;;;;;X;;;;
MC1015119;MC10-15-119;CREW OXYGEN MASK REGULATOR;OVERHAUL;;;;X;X;X;X;X;;;;;;;;;;;;;X;;;;;;;;;;;;;;;;;;;;;;;;;;;;;;;;;;;;;;;;;;;;;;;;;;;;;;;;;;;;;;;;;;;;;;;;;;;;;X;;;;
MC101512;MC10-15-12;CREW OXYGEN MASK REGULATOR;OVERHAUL;;;;X;X;X;X;X;;;;;;;;;;;;;X;;;;;;;;;;;;;;;;;;;;;;;;;;;;;;;;;;;;;;;;;;;;;;;;;;;;;;;;;;;;;;;;;;;;;;;;;;;;;X;;;;
MC1015120;MC10-15-120;CREW OXYGEN MASK REGULATOR;OVERHAUL;;;;X;X;X;X;X;;;;;;;;;;;;;X;;;;;;;;;;;;;;;;;;;;;;;;;;;;;;;;;;;;;;;;;;;;;;;;;;;;;;;;;;;;;;;;;;;;;;;;;;;;;X;;;;
MC1015121;MC10-15-121;CREW OXYGEN MASK REGULATOR;OVERHAUL;;;;X;X;X;X;X;;;;;;;;;;;;;X;;;;;;;;;;;;;;;;;;;;;;;;;;;;;;;;;;;;;;;;;;;;;;;;;;;;;;;;;;;;;;;;;;;;;;;;;;;;;X;;;;
MC101513;MC10-15-13;CREW OXYGEN MASK REGULATOR;OVERHAUL;;;;X;X;X;X;X;;;;;;;;;;;;;X;;;;;;;;;;;;;;;;;;;;;;;;;;;;;;;;;;;;;;;;;;;;;;;;;;;;;;;;;;;;;;;;;;;;;;;;;;;;;X;;;;
MC1015151;MC10-15-151;CREW OXYGEN MASK REGULATOR;OVERHAUL;;;;X;X;X;X;X;;;;;;;;;;;;;X;;;;;;;;;;;;;;;;;;;;;;;;;;;;;;;;;;;;;;;;;;;;;;;;;;;;;;;;;;;;;;;;;;;;;;;;;;;;;X;;;;
MC1015152;MC10-15-152;CREW OXYGEN MASK REGULATOR;OVERHAUL;;;;X;X;X;X;X;;;;;;;;;;;;;X;;;;;;;;;;;;;;;;;;;;;;;;;;;;;;;;;;;;;;;;;;;;;;;;;;;;;;;;;;;;;;;;;;;;;;;;;;;;;X;;;;
MC1015155;MC10-15-155;CREW OXYGEN MASK REGULATOR;OVERHAUL;;;;X;X;X;X;X;;;;;;;;;;;;;X;;;;;;;;;;;;;;;;;;;;;;;;;;;;;;;;;;;;;;;;;;;;;;;;;;;;;;;;;;;;;;;;;;;;;;;;;;;;;X;;;;
MC1015157;MC10-15-157;CREW OXYGEN MASK REGULATOR;OVERHAUL;;;;X;X;X;X;X;;;;;;;;;;;;;X;;;;;;;;;;;;;;;;;;;;;;;;;;;;;;;;;;;;;;;;;;;;;;;;;;;;;;;;;;;;;;;;;;;;;;;;;;;;;X;;;;
MC1015158;MC10-15-158;CREW OXYGEN MASK REGULATOR;OVERHAUL;;;;X;X;X;X;X;;;;;;;;;;;;;X;;;;;;;;;;;;;;;;;;;;;;;;;;;;;;;;;;;;;;;;;;;;;;;;;;;;;;;;;;;;;;;;;;;;;;;;;;;;;X;;;;
MC1015159;MC10-15-159;CREW OXYGEN MASK REGULATOR;OVERHAUL;;;;X;X;X;X;X;;;;;;;;;;;;;X;;;;;;;;;;;;;;;;;;;;;;;;;;;;;;;;;;;;;;;;;;;;;;;;;;;;;;;;;;;;;;;;;;;;;;;;;;;;;X;;;;
MC1015166;MC10-15-166;CREW OXYGEN MASK REGULATOR;OVERHAUL;;;;X;X;X;X;X;;;;;;;;;;;;;X;;;;;;;;;;;;;;;;;;;;;;;;;;;;;;;;;;;;;;;;;;;;;;;;;;;;;;;;;;;;;;;;;;;;;;;;;;;;;X;;;;
MC1015167;MC10-15-167;CREW OXYGEN MASK REGULATOR;OVERHAUL;;;;X;X;X;X;X;;;;;;;;;;;;;X;;;;;;;;;;;;;;;;;;;;;;;;;;;;;;;;;;;;;;;;;;;;;;;;;;;;;;;;;;;;;;;;;;;;;;;;;;;;;X;;;;
MC1015168;MC10-15-168;CREW OXYGEN MASK REGULATOR;OVERHAUL;;;;X;X;X;X;X;;;;;;;;;;;;;X;;;;;;;;;;;;;;;;;;;;;;;;;;;;;;;;;;;;;;;;;;;;;;;;;;;;;;;;;;;;;;;;;;;;;;;;;;;;;X;;;;
MC101517;MC10-15-17;CREW OXYGEN MASK REGULATOR;OVERHAUL;;;;X;X;X;X;X;;;;;;;;;;;;;X;;;;;;;;;;;;;;;;;;;;;;;;;;;;;;;;;;;;;;;;;;;;;;;;;;;;;;;;;;;;;;;;;;;;;;;;;;;;;X;;;;
MC1015170;MC10-15-170;CREW OXYGEN MASK REGULATOR;OVERHAUL;;;;X;X;X;X;X;;;;;;;;;;;;;X;;;;;;;;;;;;;;;;;;;;;;;;;;;;;;;;;;;;;;;;;;;;;;;;;;;;;;;;;;;;;;;;;;;;;;;;;;;;;X;;;;
MC1015171;MC10-15-171;CREW OXYGEN MASK REGULATOR;OVERHAUL;;;;X;X;X;X;X;;;;;;;;;;;;;X;;;;;;;;;;;;;;;;;;;;;;;;;;;;;;;;;;;;;;;;;;;;;;;;;;;;;;;;;;;;;;;;;;;;;;;;;;;;;X;;;;
MC1015176;MC10-15-176;CREW OXYGEN MASK REGULATOR;OVERHAUL;;;;X;X;X;X;X;;;;;;;;;;;;;X;;;;;;;;;;;;;;;;;;;;;;;;;;;;;;;;;;;;;;;;;;;;;;;;;;;;;;;;;;;;;;;;;;;;;;;;;;;;;X;;;;
MC101518;MC10-15-18;CREW OXYGEN MASK REGULATOR;OVERHAUL;;;;X;X;X;X;X;;;;;;;;;;;;;X;;;;;;;;;;;;;;;;;;;;;;;;;;;;;;;;;;;;;;;;;;;;;;;;;;;;;;;;;;;;;;;;;;;;;;;;;;;;;X;;;;
MC1016100;MC10-16-100;CREW OXYGEN MASK REGULATOR;OVERHAUL;;;;X;X;X;X;X;;;;;;;;;;;;;X;;;;;;;;;;;;;;;;;;;;;;;;;;;;;;;;;;;;;;;;;;;;;;;;;;;;;;;;;;;;;;;;;;;;;;;;;;;;;X;;;;
MC1016101;MC10-16-101;CREW OXYGEN MASK REGULATOR;OVERHAUL;;;;X;X;X;X;X;;;;;;;;;;;;;X;;;;;;;;;;;;;;;;;;;;;;;;;;;;;;;;;;;;;;;;;;;;;;;;;;;;;;;;;;;;;;;;;;;;;;;;;;;;;X;;;;
MC1016103;MC10-16-103;CREW OXYGEN MASK REGULATOR;OVERHAUL;;;;X;X;X;X;X;;;;;;;;;;;;;X;;;;;;;;;;;;;;;;;;;;;;;;;;;;;;;;;;;;;;;;;;;;;;;;;;;;;;;;;;;;;;;;;;;;;;;;;;;;;X;;;;
MC1016104;MC10-16-104;CREW OXYGEN MASK REGULATOR;OVERHAUL;;;;X;X;X;X;X;;;;;;;;;;;;;X;;;;;;;;;;;;;;;;;;;;;;;;;;;;;;;;;;;;;;;;;;;;;;;;;;;;;;;;;;;;;;;;;;;;;;;;;;;;;X;;;;
MC1016105;MC10-16-105;CREW OXYGEN MASK REGULATOR;OVERHAUL;;;;X;X;X;X;X;;;;;;;;;;;;;X;;;;;;;;;;;;;;;;;;;;;;;;;;;;;;;;;;;;;;;;;;;;;;;;;;;;;;;;;;;;;;;;;;;;;;;;;;;;;X;;;;
MC1016150;MC10-16-150;CREW OXYGEN MASK REGULATOR;OVERHAUL;;;;X;X;X;X;X;;;;;;;;;;;;;X;;;;;;;;;;;;;;;;;;;;;;;;;;;;;;;;;;;;;;;;;;;;;;;;;;;;;;;;;;;;;;;;;;;;;;;;;;;;;X;;;;
MC1016151;MC10-16-151;CREW OXYGEN MASK REGULATOR;OVERHAUL;;;;X;X;X;X;X;;;;;;;;;;;;;X;;;;;;;;;;;;;;;;;;;;;;;;;;;;;;;;;;;;;;;;;;;;;;;;;;;;;;;;;;;;;;;;;;;;;;;;;;;;;X;;;;
MC1016152;MC10-16-152;CREW OXYGEN MASK REGULATOR;OVERHAUL;;;;X;X;X;X;X;;;;;;;;;;;;;X;;;;;;;;;;;;;;;;;;;;;;;;;;;;;;;;;;;;;;;;;;;;;;;;;;;;;;;;;;;;;;;;;;;;;;;;;;;;;X;;;;
MC1016153;MC10-16-153;CREW OXYGEN MASK REGULATOR;OVERHAUL;;;;X;X;X;X;X;;;;;;;;;;;;;X;;;;;;;;;;;;;;;;;;;;;;;;;;;;;;;;;;;;;;;;;;;;;;;;;;;;;;;;;;;;;;;;;;;;;;;;;;;;;X;;;;
MC101700;MC10-17-00;CREW OXYGEN MASK REGULATOR;OVERHAUL;;;;X;X;X;X;X;;;;;;;;;;;;;X;;;;;;;;;;;;;;;;;;;;;;;;;;;;;;;;;;;;;;;;;;;;;;;;;;;;;;;;;;;;;;;;;;;;;;;;;;;;;X;;;;
MC1017100;MC10-17-100;CREW OXYGEN MASK REGULATOR;OVERHAUL;;;;X;X;X;X;X;;;;;;;;;;;;;X;;;;;;;;;;;;;;;;;;;;;;;;;;;;;;;;;;;;;;;;;;;;;;;;;;;;;;;;;;;;;;;;;;;;;;;;;;;;;X;;;;
MC1017101;MC10-17-101;CREW OXYGEN MASK REGULATOR;OVERHAUL;;;;X;X;X;X;X;;;;;;;;;;;;;X;;;;;;;;;;;;;;;;;;;;;;;;;;;;;;;;;;;;;;;;;;;;;;;;;;;;;;;;;;;;;;;;;;;;;;;;;;;;;X;;;;
MC101900;MC10-19-00;CREW OXYGEN MASK REGULATOR;OVERHAUL;;;;X;X;X;X;X;;;;;;;;;;;;;X;;;;;;;;;;;;;;;;;;;;;;;;;;;;;;;;;;;;;;;;;;;;;;;;;;;;;;;;;;;;;;;;;;;;;;;;;;;;;X;;;;
MC101901;MC10-19-01;CREW OXYGEN MASK REGULATOR;OVERHAUL;;;;X;X;X;X;X;;;;;;;;;;;;;X;;;;;;;;;;;;;;;;;;;;;;;;;;;;;;;;;;;;;;;;;;;;;;;;;;;;;;;;;;;;;;;;;;;;;;;;;;;;;X;;;;
MC101902;MC10-19-02;CREW OXYGEN MASK REGULATOR;OVERHAUL;;;;X;X;X;X;X;;;;;;;;;;;;;X;;;;;;;;;;;;;;;;;;;;;;;;;;;;;;;;;;;;;;;;;;;;;;;;;;;;;;;;;;;;;;;;;;;;;;;;;;;;;X;;;;
MC1019101;MC10-19-101;CREW OXYGEN MASK REGULATOR;OVERHAUL;;;;X;X;X;X;X;;;;;;;;;;;;;X;;;;;;;;;;;;;;;;;;;;;;;;;;;;;;;;;;;;;;;;;;;;;;;;;;;;;;;;;;;;;;;;;;;;;;;;;;;;;X;;;;
MC1019102;MC10-19-102;CREW OXYGEN MASK REGULATOR;OVERHAUL;;;;X;X;X;X;X;;;;;;;;;;;;;X;;;;;;;;;;;;;;;;;;;;;;;;;;;;;;;;;;;;;;;;;;;;;;;;;;;;;;;;;;;;;;;;;;;;;;;;;;;;;X;;;;
MC1019103;MC10-19-103;CREW OXYGEN MASK REGULATOR;OVERHAUL;;;;X;X;X;X;X;;;;;;;;;;;;;X;;;;;;;;;;;;;;;;;;;;;;;;;;;;;;;;;;;;;;;;;;;;;;;;;;;;;;;;;;;;;;;;;;;;;;;;;;;;;X;;;;
MC1019151;MC10-19-151;CREW OXYGEN MASK REGULATOR;OVERHAUL;;;;X;X;X;X;X;;;;;;;;;;;;;X;;;;;;;;;;;;;;;;;;;;;;;;;;;;;;;;;;;;;;;;;;;;;;;;;;;;;;;;;;;;;;;;;;;;;;;;;;;;;X;;;;
MC102000;MC10-20-00;CREW OXYGEN MASK REGULATOR;OVERHAUL;;;;X;X;X;X;X;;;;;;;;;;;;;X;;;;;;;;;;;;;;;;;;;;;;;;;;;;;;;;;;;;;;;;;;;;;;;;;;;;;;;;;;;;;;;;;;;;;;;;;;;;;X;;;;
MC102200;MC10-22-00;CREW OXYGEN MASK REGULATOR;OVERHAUL;;;;X;X;X;X;X;;;;;;;;;;;;;X;;;;;;;;;;;;;;;;;;;;;;;;;;;;;;;;;;;;;;;;;;;;;;;;;;;;;;;;;;;;;;;;;;;;;;;;;;;;;X;;;;
MC102201;MC10-22-01;CREW OXYGEN MASK REGULATOR;OVERHAUL;;;;X;X;X;X;X;;;;;;;;;;;;;X;;;;;;;;;;;;;;;;;;;;;;;;;;;;;;;;;;;;;;;;;;;;;;;;;;;;;;;;;;;;;;;;;;;;;;;;;;;;;X;;;;
MC1022100;MC10-22-100;CREW OXYGEN MASK REGULATOR;OVERHAUL;;;;X;X;X;X;X;;;;;;;;;;;;;X;;;;;;;;;;;;;;;;;;;;;;;;;;;;;;;;;;;;;;;;;;;;;;;;;;;;;;;;;;;;;;;;;;;;;;;;;;;;;X;;;;
MC1022101;MC10-22-101;CREW OXYGEN MASK REGULATOR;OVERHAUL;;;;X;X;X;X;X;;;;;;;;;;;;;X;;;;;;;;;;;;;;;;;;;;;;;;;;;;;;;;;;;;;;;;;;;;;;;;;;;;;;;;;;;;;;;;;;;;;;;;;;;;;X;;;;
MC102500;MC10-25-00;CREW OXYGEN MASK REGULATOR;OVERHAUL;;;;X;X;X;X;X;;;;;;;;;;;;;X;;;;;;;;;;;;;;;;;;;;;;;;;;;;;;;;;;;;;;;;;;;;;;;;;;;;;;;;;;;;;;;;;;;;;;;;;;;;;X;;;;
MC102501;MC10-25-01;CREW OXYGEN MASK REGULATOR;OVERHAUL;;;;X;X;X;X;X;;;;;;;;;;;;;X;;;;;;;;;;;;;;;;;;;;;;;;;;;;;;;;;;;;;;;;;;;;;;;;;;;;;;;;;;;;;;;;;;;;;;;;;;;;;X;;;;
MC102504;MC10-25-04;CREW OXYGEN MASK REGULATOR;OVERHAUL;;;;X;X;X;X;X;;;;;;;;;;;;;X;;;;;;;;;;;;;;;;;;;;;;;;;;;;;;;;;;;;;;;;;;;;;;;;;;;;;;;;;;;;;;;;;;;;;;;;;;;;;X;;;;
MC1025101;MC10-25-101;CREW OXYGEN MASK REGULATOR;OVERHAUL;;;;X;X;X;X;X;;;;;;;;;;;;;X;;;;;;;;;;;;;;;;;;;;;;;;;;;;;;;;;;;;;;;;;;;;;;;;;;;;;;;;;;;;;;;;;;;;;;;;;;;;;X;;;;
MC1025102;MC10-25-102;CREW OXYGEN MASK REGULATOR;OVERHAUL;;;;X;X;X;X;X;;;;;;;;;;;;;X;;;;;;;;;;;;;;;;;;;;;;;;;;;;;;;;;;;;;;;;;;;;;;;;;;;;;;;;;;;;;;;;;;;;;;;;;;;;;X;;;;
MC1025103;MC10-25-103;CREW OXYGEN MASK REGULATOR;OVERHAUL;;;;X;X;X;X;X;;;;;;;;;;;;;X;;;;;;;;;;;;;;;;;;;;;;;;;;;;;;;;;;;;;;;;;;;;;;;;;;;;;;;;;;;;;;;;;;;;;;;;;;;;;X;;;;
MC1025104;MC10-25-104;CREW OXYGEN MASK REGULATOR;OVERHAUL;;;;X;X;X;X;X;;;;;;;;;;;;;X;;;;;;;;;;X;;;;X;;;;;;;;;;;;;;;;;;;;;;;;;;;;;;;;;;;;;;;;;;;;;;;;;;;;;;;;;;;;;;;X;;;;
MC1025105;MC10-25-105;CREW OXYGEN MASK REGULATOR;OVERHAUL;;;;X;X;X;X;X;;;;;;;;;;;;;X;;;;;;;;;;;;;;;;;;;;;;;;;;;;;;;;;;;;;;;;;;;;;;;;;;;;;;;;;;;;;;;;;;;;;;;;;;;;;X;;;;
MC1025106;MC10-25-106;CREW OXYGEN MASK REGULATOR;OVERHAUL;;;;X;X;X;X;X;;;;;;;;;;;;;X;;;;;;;;;;;;;;;;;;;;;;;;;;;;;;;;;;;;;;;;;;;;;;;;;;;;;;;;;;;;;;;;;;;;;;;;;;;;;X;;;;
MC1025107;MC10-25-107;CREW OXYGEN MASK REGULATOR;OVERHAUL;;;;X;X;X;X;X;;;;;;;;;;;;;X;;;;;;;;;;;;;;;;;;;;;;;;;;;;;;;;;;;;;;;;;;;;;;;;;;;;;;;;;;;;;;;;;;;;;;;;;;;;;X;;;;
MC1025124;MC10-25-124;CREW OXYGEN MASK REGULATOR;OVERHAUL;;;;X;X;X;X;X;;;;;;;;;;;;;X;;;;;;;;;;;;;;;;;;;;;;;;;;;;;;;;;;;;;;;;;;;;;;;;;;;;;;;;;;;;;;;;;;;;;;;;;;;;;X;;;;
MC1025154;MC10-25-154;CREW OXYGEN MASK REGULATOR;OVERHAUL;;;;X;X;X;X;X;;;;;;;;;;;;;X;;;;;;;;;;;;;;;;;;;;;;;;;;;;;;;;;;;;;;;;;;;;;;;;;;;;;;;;;;;;;;;;;;;;;;;;;;;;;X;;;;
MC1025158;MC10-25-158;CREW OXYGEN MASK REGULATOR;OVERHAUL;;;;X;X;X;X;X;;;;;;;;;;;;;X;;;;;;;;;;;;;;;;;;;;;;;;;;;;;;;;;;;;;;;;;;;;;;;;;;;;;;;;;;;;;;;;;;;;;;;;;;;;;X;;;;
MC1025204;MC10-25-204;CREW OXYGEN MASK REGULATOR;OVERHAUL;;;;X;X;X;X;X;;;;;;;;;;;;;X;;;;;;;;;;;;;;;;;;;;;;;;;;;;;;;;;;;;;;;;;;;;;;;;;;;;;;;;;;;;;;;;;;;;;;;;;;;;;X;;;;
MC1032101;MC10-32-101;CREW OXYGEN MASK REGULATOR;OVERHAUL;;;;X;X;X;X;X;;;;;;;;;;;;;X;;;X;;;;;;;;;;;;;;;;;;;;;;;;;;;;;;;;;;;;;;;;;;;;;;;;;;;;;;;;;;;;;;;;;;;;;;;;;;X;;;;
MC1032102;MC10-32-102;CREW OXYGEN MASK REGULATOR;OVERHAUL;;;;X;X;X;X;X;;;;;;;;;;;;;X;;;;;;;;;;;;;;;;;;;;;;;;;;;;;;;;;;;;;;;;;;;;;;;;;;;;;;;;;;;;;;;;;;;;;;;;;;;;;X;;;;
MC1032103;MC10-32-103;CREW OXYGEN MASK REGULATOR;OVERHAUL;;;;X;X;X;X;X;;;;;;;;;;;;;X;;;;;;;;;;;;;;;;;;;;;;;;;;;;;;;;;;;;;;;;;;;;;;;;;;;;;;;;;;;;;;;;;;;;;;;;;;;;;X;;;;
MC1035101;MC10-35-101;CREW OXYGEN MASK REGULATOR;OVERHAUL;;;;X;X;X;X;X;;;;;;;;;;;;;X;;;;;;;;;;;;;;;;;;;;;;;;;;;;;;;;;;;;;;;;;;;;;;;;;;;;;;;;;;;;;;;;;;;;;;;;;;;;;X;;;;
MC20192500000;MC201-925000-00;ARMOIRE ELECTRIQUE EQUIPEE;REPAIR;;;;X;;;;;;;;;X;;;;;;;;;;;;;;;;;;X;;;;;;;;;;;X;;;;;;;;;;;;;;;;;;;;;;;;;;;;;;;;;;;;;;;;;;;;;;;;;;;;;;;;X;;;;
ME2920VX1;ME2920VX1;MOTOR, ELECTRICAL;OVERHAUL;;;;X;X;X;X;X;;;;;;X;;;;;X;;;;;;;;;;;;;;;;;;;;;;;;;;;;;;;;;;;;;;;;;;;;;;;;;;;;;;;;;;;;;;;;;;;;;;;;;;;;;;;X;;;;
MF024B006A;MF024B006A;MOTEUR HYDRAULIQUE;OVERHAUL;;;;X;;;;;;;;;X;;;;;;;;;;;;;;;;;;;;;;;;;;;;;;;;;;;;;;;;;;;;;;;;;;;;;;;;;;;;;;;;;;;;;;;;X;;;X;;;;;;;;;;X;;;;
MF024B006GB1;MF024B006GB1;HYDRAULIC MOTOR;OVERHAUL;;;;X;;;;;;;;;X;;;;;;;;;;;;;;;;;;;;;;;;;;;;;;;;;;;;;;;;;;;;;;;;;;;;;;;;;;;;;;;;;;;;;;;;X;;;X;;;;;;;;;;X;;;;
MF100205;MF10-02-05;FULL FACE QUICK DONNING MASK REGULATOR;OVERHAUL;;;;X;X;X;X;X;;;;;;;;;;;;;;;;;;;;;;;;;;;;;;;;;;;;;;;;;;;;;;;;;;;;;;;;;;;;;;;;;;;;;;;;;;;;;X;;;;;;;;;;;;;X;;;;
MF100210;MF10-02-10;FULL FACE QUICK DONNING MASK REGULATOR;OVERHAUL;;;;X;X;X;X;X;;;;;;;;;;;;;X;;;;;;;;;;;;;;;;;;;;;;;;;;;;;;;;;;;;;;;;;;;;;;;;;;;;;;;;;;;;;;;;;;;;;;;;;;;;;X;;;;
MF100211;MF10-02-11;FULL FACE QUICK DONNING MASK REGULATOR;OVERHAUL;;;;X;X;X;X;X;;;;;;;;;;;;;X;;;;;;;;;;;;;;;;;;;;;;;;;;;;;;;;;;;;;;;;;;;;;;;;;;;;;;;;;;;;;;;;;;;;;;;;;;;;;X;;;;
MF100212;MF10-02-12;FULL FACE QUICK DONNING MASK REGULATOR;OVERHAUL;;;;X;X;X;X;X;;;;;;;;;;;;;X;;;;;;;;;;;;;;;;;;;;;;;;;;;;;;;;;;;;;;;;;;;;;;;;;;;;;;;;;;;;;;;;;;;;;;;;;;;;;X;;;;
MF100214;MF10-02-14;FULL FACE QUICK DONNING MASK REGULATOR;OVERHAUL;;;;X;X;X;X;X;;;;;;;;;;;;;X;;;;X;X;X;X;;;;;;;;;;;;;;;;;;;;;;;;;;;;;;;;;;;;;;;;;;;;;;;;;;;;;;;;;;;;;;;;;;;;;;X;;;;
MF100220;MF10-02-20;FULL FACE QUICK DONNING MASK REGULATOR;OVERHAUL;;;;X;X;X;X;X;;;;;;;;;;;;;X;X;X;X;X;X;X;X;X;X;X;;;X;;X;X;;X;;;;;;;;;;;;;;;;;;;;;;;;;;;;;;;;;;;;;;;;;;;;;;;;;;;;;;;;;;;X;;;;
MF100401;MF10-04-01;FULL FACE QUICK DONNING MASK REGULATOR;OVERHAUL;;;;X;X;X;X;X;;;;;;;;;;;;;X;X;X;X;X;X;X;X;X;X;;;;;;;;;;;;;;;;;;;;;;;;;;;;;;;;;;;;;;;;;;;;;;;;;;;;;;;;;;;;;;;;;;;;X;;;;
MF100402;MF10-04-02;FULL FACE QUICK DONNING MASK REGULATOR;OVERHAUL;;;;X;X;X;X;X;;;;;;;;;;;;;X;X;X;X;X;X;X;X;X;X;;;;;;;;;;;;;;;;;;;;;;;;;;;;;;;;;;;;;;;;;;;;;;;;;;;;;;;;;;;;;;;;;;;;X;;;;
MF100501;MF10-05-01;FULL FACE QUICK DONNING MASK REGULATOR;OVERHAUL;;;;X;X;X;X;X;;;;;;;;;;;;;X;;X;X;;;X;;;;;;;;;;;;;;;;;;;;;;;;;;;;;;;;;;;;;;;;;;;;;;;;;;;;;;;;;;;;;;;;;;;;;;;X;;;;
MF100511;MF10-05-11;FULL FACE QUICK DONNING MASK REGULATOR;OVERHAUL;;;;X;X;X;X;X;;;;;;;;;;;;;X;;X;X;X;X;X;X;X;X;X;;;X;;X;X;;X;;;;;;;;;;;;;;;;;;;;;;;;;;;;;;;;;;;;;;;;;;;;;;;;;;;;;;;;;;;X;;;;
MF100512;MF10-05-12;FULL FACE QUICK DONNING MASK REGULATOR;OVERHAUL;;;;X;X;X;X;X;;;;;;;;;;;;;X;;;;;X;;;;;;;;;;;;;;;;;;;;;;;;;;;;;;;;;;;;;;;;;;;;;;;;;;;;;;;;;;;;;;;;;;;;;;;;X;;;;
MF100801;MF10-08-01;FULL FACE QUICK DONNING MASK REGULATOR;OVERHAUL;;;;X;X;X;X;X;;;;;;;;;;;;;X;X;X;X;X;X;X;X;X;X;;;;;;;;;;;;;;;;;;;;;;;;;;;;;;;;;;;;;;;;;;;;;;;;;;;;;;;;;;;;;;;;;;;;X;;;;
MF100802;MF10-08-02;FULL FACE QUICK DONNING MASK REGULATOR;OVERHAUL;;;;X;X;X;X;X;;;;;;;;;;;;;X;X;X;X;X;X;X;X;X;X;;;;;;;;;;;;;;;;;;;;;;;;;;;;;;;;;;;;;;;;;;;;;;;;;;;;;;;;;;;;;;;;;;;;X;;;;
MF103391130ZES477;MF103-3911-30ZE-S477;HYDRAULIC MOTOR ASSEMBLY;OVERHAUL;;;;X;;;;;;;;;X;;;;;;;;;;;;;;;;;;X;;;;;;;;;;;X;;;;;;;;;;;;;;;;;;;;;;;;;;;;;;;;;;;;;;;;;;;;;;;;;;;;;;;;X;;;;
MF10391125Z;MF10-3911-25Z;HYDRAULIC MOTOR ASSEMBLY;OVERHAUL;;;;X;;;;;;;;;X;;;;;;;;;;;;;;;;;;X;;;;;;;;;;;X;;;;;;;;;;;;;;;;;;;;;;;;;;;;;;;;;;;;;;;;;;;;;;;;;;;;;;;;X;;;;
MF10391125ZE;MF10-3911-25ZE;HYDRAULIC MOTOR ASSEMBLY;OVERHAUL;;;;X;;;;;;;;;X;;;;;;;;;;;;;;;;;;X;;;;;;;;;;;X;;;;;;;;;;;;;;;;;;;;;;;;;;;;;;;;;;;;;;;;;;;;;;;;;;;;;;;;X;;;;
MF19391125Z;MF19-3911-25Z;HYDRAULIC MOTOR ASSEMBLY;OVERHAUL;;;;X;;;;;;;;;X;;;;;;;;;;;;;;;;;;X;;;;;;;;;;;X;;;;;;;;;;;;;;;;;;;;;;;;;;;;;;;;;;;;;;;;;;;;;;;;;;;;;;;;X;;;;
MF19391125ZE;MF19-3911-25ZE;HYDRAULIC MOTOR ASSEMBLY;OVERHAUL;;;;X;;;;;;;;;X;;;;;;;;;;;;;;;;;;X;;;;;;;;;;;X;;;;;;;;;;;;;;;;;;;;;;;;;;;;;;;;;;;;;;;;;;;;;;;;;;;;;;;;X;;;;
MF20010;MF20-010;FULL FACE QUICK DONNING MASK REGULATOR;OVERHAUL;;;;X;X;X;X;X;;;;;;;;;;;;;;;;;;;;;;;;;;;;;;;;;;;;;;;;;;;;;;;;;;;;;;;;;;;;;;;;;;;;;;;;;;;;;X;;;;;;;;;;;;;X;;;;
MF20030;MF20-030;FULL FACE QUICK DONNING MASK REGULATOR;OVERHAUL;;;;X;X;X;X;X;;;;;;;;;;;;;;;;;;;;;;;;;;;;;;;;;;;;;;;;;;;;;;;;;;;;;;;;;;;;;;;;;;;;;;;;;;;;;X;;;;;;;;;;;;;X;;;;
MF20501;MF20-501;FULL FACE QUICK DONNING MASK REGULATOR;OVERHAUL;;;;X;X;X;X;X;;;;;;;;;;;;;;;;;;;;;;;;;;;;;;;;;;;;;;;;;;;;;;;;;;;;;;;;;;;;;;;;;;;;;;;;;;;;;X;;;;;;;;;;;;;X;;;;
MF20506;MF20-506;FULL FACE QUICK DONNING MASK REGULATOR;OVERHAUL;;;;X;X;X;X;X;;;;;;;;;;;;;;;;;;;;;;;;;;;;;;;;;;;;;;;;;;;;;;;;;;;;;;;;;;;;;;;;;;;;;;;;;;;;;X;;;;;;;;;;;;;X;;;;
MF20516;MF20-516;FULL FACE QUICK DONNING MASK REGULATOR;OVERHAUL;;;;X;X;X;X;X;;;;;;;;;;;;;;;;;;;;;;;;;;;;;;;;;;;;;;;;;;;;;;;;;;;;;;;;;;;;;;;;;;;;;;;;;;;;;X;;;;;;;;;;;;;X;;;;
MF20519;MF20-519;FULL FACE QUICK DONNING MASK REGULATOR;OVERHAUL;;;;X;X;X;X;X;;;;;;;;;;;;;;;;;;;;;;;;;;;;;;;;;;;;;;;;;;;;;;;;;;;;;;;;;;;;;;;;;;;;;;;;;;;;;X;;;;;;;;;;;;;X;;;;
MF20534;MF20-534;FULL FACE QUICK DONNING MASK REGULATOR;OVERHAUL;;;;X;X;X;X;X;;;;;;;;;;;;;;;;;;;;;;;;;;;;;;;;;;;;;;;;;;;;;;;;;;;;;;;;;;;;;;;;;;;;;;;;;;;;;X;;;;;;;;;;;;;X;;;;
MF20546;MF20-546;FULL FACE QUICK DONNING MASK REGULATOR;OVERHAUL;;;;X;X;X;X;X;;;;;;;;;;;;;;;;;;;;;;;;;;;;;;;;;;;;;;;;;;;;;;;;;;;;;;;;;;;;;;;;;;;;;;;;;;;;;X;;;;;;;;;;;;;X;;;;
MF45391120Z;MF45-3911-20Z;HYDRAULIC MOTOR ASSEMBLY;OVERHAUL;;;;X;;;;;;;;;X;;;;;;;;;;;;;;;;;;X;;;;;;;;;;;X;;;;;;;;;;;;;;;;;;;;;;;;;;;;;;;;;;;;;;;;;;;;;;;;;;;;;;;;X;;;;
MF8391125Z;MF8-3911-25Z;HYDRAULIC MOTOR ASSEMBLY;OVERHAUL;;;;X;;;;;;;;;X;;;;;;;;;;;;;;;;;;X;;;;;;;;;;;X;;;;;;;;;;;;;;;;;;;;;;;;;;;;;;;;;;;;;;;;;;;;;;;;;;;;;;;;X;;;;
MF9391125Z;MF9-3911-25Z;HYDRAULIC MOTOR ASSEMBLY;OVERHAUL;;;;X;;;;;;;;;X;;;;;;;;;;;;;;;;;;X;;;;;;;;;;;X;;;;;;;;;;;;;;;;;;;;;;;;;;;;;;;;;;;;;;;;;;;;;;;;;;;;;;;;X;;;;
MF9391125ZG;MF9-3911-25ZG;HYDRAULIC MOTOR ASSEMBLY;OVERHAUL;;;;X;;;;;;;;;X;;;;;;;;;;;;;;;;;;X;;;;;;;;;;;X;;;;;;;;;;;;;;;;;;;;;;;;;;;;;;;;;;;;;;;;;;;;;;;;;;;;;;;;X;;;;
MF9391130Z;MF9-3911-30Z;HYDRAULIC MOTOR ASSEMBLY;OVERHAUL;;;;X;;;;;;;;;X;;;;;;;;;;;;;;;;;;X;;;;;;;;;;;X;;;;;;;;;;;;;;;;;;;;;;;;;;;;;;;;;;;;;;;;;;;;;;;;;;;;;;;;X;;;;
MF9391130ZE;MF9-3911-30ZE;HYDRAULIC MOTOR ASSEMBLY;OVERHAUL;;;;X;;;;;;;;;X;;;;;;;;;;;;;;;;;;X;;;;;;;;;;;X;;;;;;;;;;;;;;;;;;;;;;;;;;;;;;;;;;;;;;;;;;;;;;;;;;;;;;;;X;;;;
MF9391130ZS481;MF9-3911-30Z-S481;HYDRAULIC MOTOR ASSEMBLY;OVERHAUL;;;;X;;;;;;;;;X;;;;;;;;;;;;;;;;;;X;;;;;;;;;;;X;;;;;;;;;;;;;;;;;;;;;;;;;;;;;;;;;;;;;;;;;;;;;;;;;;;;;;;;X;;;;
MI585200;MI-585200;RADAR R/T;;REPAIR;;;X;X;;;;;;;;;;;;;;;;;;;;;;;;;;;;;;;;;;;;;;;;;;;;;;;;;;;X;;;X;;;;;;;;;;;;;;;;;;;;;;;;;;X;;;;;;;;;;;;;;X;;;
MI585202;MI-585202;RADAR ANTENNA;;REPAIR;;DNR;X;X;X;X;;;;;;;;;;;;;;;;;;;;;;;;;;;;;;;;;;;;X;X;;;;;;;;;;;;;;;;;;;;;;;;;;;;;;;;;;;;;;;;;;;;;;;;;;;;;;;X;;;
MI5853505;MI-585350-5;XCVR RADAR;;REPAIR;;DNR;X;X;X;X;X;;;;;;;;;;;;;;;;;;;;;;;;;;;;;;;;;;;X;X;;;;;;;;;;;;;;;;;;;;;;;;;;;;X;;X;;;;;;;;;;;;;;;;;;;;;;;;;X;;;
MI585353;MI-585353;ANT RADAR;;REPAIR;;DNR;X;X;X;X;X;;;;;;;;;;;;;;;;;;;;;;;;;;;;;;;;;;;X;;;;;;X;;;;X;X;;;;;;;;;;;;;;;;;;X;;X;;;;;;;;;;;;;;;;;;;;;;;;;X;;;
MPEV30086;MPEV3-008-6;PUMP ELECTRIC MOTOR DRIVEN;;REPAIR;;;X;X;;X;;;;;;;;;;;;;;;;;;;;;;;;;;;;;;;;;;;;;;;;;;X;;;;X;X;;;;;;;;;;;;;;;;;;;;;;;;X;X;;;;;;X;;;;;;;;;;;;;;X;;;
MPEV30118UK2B;MPEV3-011-8UK2B;MOTEUR/POMPE HYDRAULIQUE;;OVERHAUL;;;X;X;;X;;;;;;;;;;;;;;;;;;;;;;;;;;;;;;;;;;;;;;;;;;;;;;;;;;;;;;;;;;;;;;;;;X;;;;;;X;X;;;;;;X;;;;;;;;;;;;;;X;;;
MS24171D1;MS24171D1;RELAY;;BENCH TEST;;;X;;;;;;;;;;;;;;;;;;;;;;;;;;;;;;;;;;;;;;;;;;;;;X;;;;;;;;;;;;;;;;;;;;;;;;;;;;;;;;;;;;;;;;;;;;;;;;;;X;;;
MS24568D1;MS24568-D1;RELAY;;BENCH TEST;;;X;X;;X;;;;;;X;;;;;;;;;;;;;;;;;;;;;;;;;;;;;;X;;;;X;;;;;;;;;;;;;;;;;;;;;;;;;;;;;;;;;;;;;;;;;;;;;;;;;;;;X;;;
MS741000;MS741-000;INDICATOR LIGHT ICING;;REPAIR;;;X;X;;X;;;;;;;;;;;;;;;;;;;;;;;;;;;;;;;;;;;;;;;;;;;;;;;;;X;;;;;;;;;;;;;;;;;;;;;;;;;;;;;X;;;;;;;;;;;;;;X;;X;
MSE10107;MSE101-07;CREW OXYGEN MASK STOWAGE EQUIPMENT;OVERHAUL;;;;X;X;X;X;X;;;X;;;;;;;;;;X;X;X;X;;;;;;;;;;;;;;;;;;;;;;;;;;;;;;;;;;;;;;;;;;;;;;;;;;;;;;;;;;;;;;;;;;;;;;;;;;X;;;;
MSE1011;MSE101-1;CREW OXYGEN MASK STOWAGE EQUIPMENT;OVERHAUL;;;;X;X;X;X;X;;;X;;;;;;;;;;X;X;;;;;;;;;;;;;;;;;;;;;;;;;;;;;;;;;;;;;;;;;;;;;;;;;;;;;;;;;;;;;;;;;;;;;;;;;;;;X;;;;
MSE101101;MSE101-101;CREW OXYGEN MASK STOWAGE EQUIPMENT;OVERHAUL;;;;X;X;X;X;X;;;X;;;;;;;;;;X;X;X;X;;;;;;;;;;;;;;;;;;;;;;;;;;;;;;;;;;;;;;;;;;;;;;;;;;;;;;;;;;;;;;;;;;;;;;;;;;X;;;;
MSE101107;MSE101-107;CREW OXYGEN MASK STOWAGE EQUIPMENT;OVERHAUL;;;;X;X;X;X;X;;;X;;;;;;;;;;X;X;X;X;;;;;;;;;;;;;;;;;;;;;;;;;;;;;;;;;;;;;;;;;;;;;;;;;;;;;;;;;;;;;;;;;;;;;;;;;;X;;;;
MSE101121;MSE101-121;CREW OXYGEN MASK STOWAGE EQUIPMENT;OVERHAUL;;;;X;X;X;X;X;;;X;;;;;;;;;;X;X;X;X;;;;;;;;;;;;;;;;;;;;;;;;;;;;;;;;;;;;;;;;;;;;;;;;;;;;;;;;;;;;;;;;;;;;;;;;;;X;;;;
MSE101127;MSE101-127;CREW OXYGEN MASK STOWAGE EQUIPMENT;OVERHAUL;;;;X;X;X;X;X;;;X;;;;;;;;;;X;X;X;X;;;;;;;;;;;;;;;;;;;;;;;;;;;;;;;;;;;;;;;;;;;;;;;;;;;;;;;;;;;;;;;;;;;;;;;;;;X;;;;
MSE1012;MSE101-2;CREW OXYGEN MASK STOWAGE EQUIPMENT;OVERHAUL;;;;X;X;X;X;X;;;X;;;;;;;;;;X;X;;;;;;;;;;;;;;;;;;;;;;;;;;;;;;;;;;;;;;;;;;;;;;;;;;;;;;;;;;;;;;;;;;;;;;;;;;;;X;;;;
MSE10121;MSE101-21;CREW OXYGEN MASK STOWAGE EQUIPMENT;OVERHAUL;;;;X;X;X;X;X;;;X;;;;;;;;;;X;;;;;;;;;;;;;;;;;;;;;;;;;;;;;;;;;;;;;;;;;;;;;;;;;;;;;;;;;;;;;;;;;;;;;;;;;;;;;X;;;;
MSE10127;MSE101-27;CREW OXYGEN MASK STOWAGE EQUIPMENT;OVERHAUL;;;;X;X;X;X;X;;;X;;;;;;;;;;X;X;X;X;;;;;;;;;;;;;;;;;;;;;;;;;;;;;;;;;;;;;;;;;;;;;;;;;;;;;;;;;;;;;;;;;;;;;;;;;;X;;;;
MT2140FX;MT2140FX;MOTOR ASSEMBLY;REPAIR;;;;X;X;X;X;X;;;;;;;;;;;;;X;;;;;;;;;;;;;;;;;;;;;;;;;;;;;;;;;;;;;;;;;;;;;;;;;;;;;;;;;;;;;;;;;;;;;;;;;;;;;X;;;;
MT2140FXA;MT2140FXA;MOTOR ASSEMBLY;REPAIR;;;;X;X;X;X;X;;;;;;X;;;;;;;;;;;;;;;;;;;;;;;;;;;;;;;;;;;;;;;;;;;;;;;;;;;;;;;;;;;;;;;;;;;;;;;;;;;;;;;;;;;;X;;;;
MXP111;MXP111;FLIGHT CREW MASK STOWAGE;OVERHAUL;;;;X;X;X;X;X;;;;;;;;;;;;;;;;;;;;;;;;;;;;;;;;;;;;;;;;;;;;;;;;;;;;;;;;;;;;;;;;;;;;;;;;;;;;;X;;;;;;;;;;;;;X;;;;
MXP1111;MXP111-1;FLIGHT CREW MASK STOWAGE;OVERHAUL;;;;X;X;X;X;X;;;;;;;;;;;;;;;;;;;;;;;;;;;;;;;;;;;;;;;;;;;;;;;;;;;;;;;;;;;;;;;;;;;;;;;;;;;;;X;;;;;;;;;;;;;X;;;;
MXP1112;MXP111-2;FLIGHT CREW MASK STOWAGE;OVERHAUL;;;;X;X;X;X;X;;;;;;;;;;;;;;;;;;;;;;;;;;;;;;;;;;;;;;;;;;;;;;;;;;;;;;;;;;;;;;;;;;;;;;;;;;;;;X;;;;;;;;;;;;;X;;;;
MXP1114;MXP111-4;FLIGHT CREW MASK STOWAGE;OVERHAUL;;;;X;X;X;X;X;;;;;;;;;;;;;X;;;;;;;;;;;;;;;;;;;;;;;;;;;;;;;;;;;;;;;;;;;;;;;;;;;;;;;;;;;;;;;;;;;;;;;;;;;;;X;;;;
MXP1382;MXP138-2;FLIGHT CREW MASK STOWAGE;OVERHAUL;;;;X;X;X;X;X;;;;;;;;;;;;;X;;;;;;;;;;X;;;;;;;;;;;;;;;;;;;;;;;;;;;;;;;;;;;;;;;;;;;;;;;;;;;;;;;;;;;;;;;;;;;X;;;;
MXP141;MXP141;FLIGHT CREW MASK STOWAGE;OVERHAUL;;;;X;X;X;X;X;;;;;;;;;;;;;;;;;;;;;;;X;;;;;;;;;;;;;;;;;;;;;;;;;;;;;;;;;;;;;;;;;;;;;;;;;;;;;;;;;;;;;;;;;;;X;;;;
MXP1411;MXP141-1;FLIGHT CREW MASK STOWAGE;OVERHAUL;;;;X;X;X;X;X;;;;;;;;;;;;;;;;;;;;;;;X;;;;;;;;;;;;;;;;;;;;;;;;;;;;;;;;;;;;;;;;;;;;;;;;;;;;;;;;;;;;;;;;;;;X;;;;
MXP1412;MXP141-2;FLIGHT CREW MASK STOWAGE;OVERHAUL;;;;X;X;X;X;X;;;;;;;;;;;;;;;;;;;;;;;X;;;;;;;;;;;;;;;;;;;;;;;;;;;;;;;;;;;;;;;;;;;;;;;;;;;;;;;;;;;;;;;;;;;X;;;;
MXP1413;MXP141-3;FLIGHT CREW MASK STOWAGE;OVERHAUL;;;;X;X;X;X;X;;;;;;;;;;;;;;;;;;;;;;;X;;;;;;;;;;;;;;;;;;;;;;;;;;;;;;;;;;;;;;;;;;;;;;;;;;;;;;;;;;;;;;;;;;;X;;;;
MXP142;MXP142;FLIGHT CREW MASK STOWAGE;OVERHAUL;;;;X;X;X;X;X;;;;;;;;;;;;;;;;;;;;;;;;;;;;;;;;;;;X;;;;;;;;;;;;;;;;;;;;;;;;;;;;;;;;;;;;;;;;;;;;;;;;;;;;;;;X;;;;
MXP1461;MXP146-1;FLIGHT CREW MASK STOWAGE;OVERHAUL;;;;X;X;X;X;X;;;;;;;;;;;;;;;;;;;;;;;X;;;;;;;;;;;;;;;;;;;;;;;;;;;;;;;;;;;;;;;;;;;;;;;;;;;;;;;;;;;;;;;;;;;X;;;;
MXP147;MXP147;FLIGHT CREW MASK STOWAGE;OVERHAUL;;;;X;X;X;X;X;;;;;;;;;;;;;;;;;;;;;;;X;;;;;;;;;;;;;;;;;;;;;;;;;;;;;;;;;;;;;;;;;;;;;;;;;;;;;;;;;;;;;;;;;;;X;;;;
MXP1471;MXP147-1;FLIGHT CREW MASK STOWAGE;OVERHAUL;;;;X;X;X;X;X;;;;;;;;;;;;;;;;;;;;;;;X;;;;;;;;;;;;;;;;;;;;;;;;;;;;;;;;;;;;;;;;;;;;;;;;;;;;;;;;;;;;;;;;;;;X;;;;
MXP1472;MXP147-2;FLIGHT CREW MASK STOWAGE;OVERHAUL;;;;X;X;X;X;X;;;;;;;;;;;;;;;;;;;;;;;X;;;;;;;;;;;;;;;;;;;;;;;;;;;;;;;;;;;;;;;;;;;;;;;;;;;;;;;;;;;;;;;;;;;X;;;;
MXP1473;MXP147-3;FLIGHT CREW MASK STOWAGE;OVERHAUL;;;;X;X;X;X;X;;;;;;;;;;;;;;;;;;;;;;;X;;;;;;;;;;;;;;;;;;;;;;;;;;;;;;;;;;;;;;;;;;;;;;;;;;;;;;;;;;;;;;;;;;;X;;;;
MXP1474;MXP147-4;FLIGHT CREW MASK STOWAGE;OVERHAUL;;;;X;X;X;X;X;;;;;;;;;;;;;;;;;;;;;;;X;;;;;;;;;;;;;;;;;;;;;;;;;;;;;;;;;;;;;;;;;;;;;;;;;;;;;;;;;;;;;;;;;;;X;;;;
MXP1475;MXP147-5;FLIGHT CREW MASK STOWAGE;OVERHAUL;;;;X;X;X;X;X;;;;;;;;;;;;;;;;;;;;;;;X;;;;;;;;;;;;;;;;;;;;;;;;;;;;;;;;;;;;;;;;;;;;;;;;;;;;;;;;;;;;;;;;;;;X;;;;
MXP1476;MXP147-6;FLIGHT CREW MASK STOWAGE;OVERHAUL;;;;X;X;X;X;X;;;;;;;;;;;;;;;;;;;;;;;X;;;;;;;;;;;;;;;;;;;;;;;;;;;;;;;;;;;;;;;;;;;;;;;;;;;;;;;;;;;;;;;;;;;X;;;;
MXP301;MXP301;FLIGHT CREW MASK STOWAGE;OVERHAUL;;;;X;X;X;X;X;;;;;;;;;;;;;X;;;;;;;;;;;;;;;;;;;;;;X;X;;;X;;;;;;;;;;;;;;;;;;;;;;;;;;;;;;;;;;;;;;;;;;;;;;;;;;;X;;;;
MXP30602;MXP306-02;FLIGHT CREW MASK STOWAGE;OVERHAUL;;;;X;X;X;X;X;;;;;;;;;;;;;X;;;;;;;;;;;;;;;;;;;;;;;;;;;;;;;;;;;;;;;;;;;;;;;;;;;;;;;;;;;;;;;;;;;;;;;;;;;;;X;;;;
MXP401;MXP401;FLIGHT CREW MASK STOWAGE;OVERHAUL;;;;X;X;X;X;X;;;;;;;;;;;;;X;;X;X;X;X;X;X;X;X;;;;;;;;;;;;;;;;;;;;;;;;;;;;;;;;;;;;;;;;;;;;;;;;;;;;;;;;;;;;;;;;;;;;X;;;;
MXP4021;MXP402-1;FLIGHT CREW MASK STOWAGE;OVERHAUL;;;;X;X;X;X;X;;;;;;;;;;;;;X;;;;;;;;;;;;;;;;;;;;;;;;;;;;;;;;;;;;;;;;;;;;;;;;;;;;;;;;;;;;;;;;;;;;;;;;;;;;;X;;;;
MXP4022;MXP402-2;FLIGHT CREW MASK STOWAGE;OVERHAUL;;;;X;X;X;X;X;;;;;;;;;;;;;X;;;;;;;;;;;;;;;;;;;;;;;;;;;;;;;;;;;;;;;;;;;;;;;;;;;;;;;;;;;;;;;;;;;;;;;;;;;;;X;;;;
MXP403;MXP403;FLIGHT CREW MASK STOWAGE;OVERHAUL;;;;X;X;X;X;X;;;;;;;;;;;;;X;;;X;;;;;;;;;;;;;;;;;;;;;;;;;;;;;;;;;;;;;;;;;;;;;;;;;;;;;;;;;;;;;;;;;;;;;;;;;;X;;;;
MXP4031;MXP403-1;FLIGHT CREW MASK STOWAGE;OVERHAUL;;;;X;X;X;X;X;;;;;;;;;;;;;X;;;;;;;;;;;;;;;;;;;;;;;;;;;;;;;;;;;;;;;;;;;;;;;;;;;;;;;;;;;;;;;;;;;;;;;;;;;;;X;;;;
MXP410;MXP410;FLIGHT CREW MASK STOWAGE;OVERHAUL;;;;X;X;X;X;X;;;;;;;;;;;;;;;;;;;;;;;;;;;;;;;;;;;;;;;;;;;;;;;;;;;;;;;;;;;;;;;;;;;;;;;;;;;;;X;;;;;;;;;;;;;X;;;;
MXP4101;MXP410-1;FLIGHT CREW MASK STOWAGE;OVERHAUL;;;;X;X;X;X;X;;;;;;;;;;;;;;;;;;;;;;;;;;;;;;;;;;;;;;;;;;;;;;;;;;;;;;;;;;;;;;;;;;;;;;;;;;;;;X;;;;;;;;;;;;;X;;;;
MXP411;MXP411;FLIGHT CREW MASK STOWAGE;OVERHAUL;;;;X;X;X;X;X;;;;;;;;;;;;;;;;;;;;;;;;;;;;;;;;;;;;;;;;;;;;;;;;;;;;;;;;;;;;;;;;;;;;;;;;;;;;;X;;;;;;;;;;;;;X;;;;
MXP4111;MXP411-1;FLIGHT CREW MASK STOWAGE;OVERHAUL;;;;X;X;X;X;X;;;;;;;;;;;;;;;;;;;;;;;;;;;;;;;;;;;;;;;;;;;;;;;;;;;;;;;;;;;;;;;;;;;;;;;;;;;;;X;;;;;;;;;;;;;X;;;;
MXP41110;MXP411-10;FLIGHT CREW MASK STOWAGE;OVERHAUL;;;;X;X;X;X;X;;;;;;;;;;;;;;;;;;;;;;;;;;;;;;;;;;;;;;;;;;;;;;;;;;;;;;;;;;;;;;;;;;;;;;;;;;;;;X;;;;;;;;;;;;;X;;;;
MXP4112;MXP411-2;FLIGHT CREW MASK STOWAGE;OVERHAUL;;;;X;X;X;X;X;;;;;;;;;;;;;;;;;;;;;;;;;;;;;;;;;;;;;;;;;;;;;;;;;;;;;;;;;;;;;;;;;;;;;;;;;;;;;X;;;;;;;;;;;;;X;;;;
MXP4113;MXP411-3;FLIGHT CREW MASK STOWAGE;OVERHAUL;;;;X;X;X;X;X;;;;;;;;;;;;;;;;;;;;;;;;;;;;;;;;;;;;;;;;;;;;;;;;;;;;;;;;;;;;;;;;;;;;;;;;;;;;;X;;;;;;;;;;;;;X;;;;
MXP4114;MXP411-4;FLIGHT CREW MASK STOWAGE;OVERHAUL;;;;X;X;X;X;X;;;;;;;;;;;;;;;;;;;;;;;;;;;;;;;;;;;;;;;;;;;;;;;;;;;;;;;;;;;;;;;;;;;;;;;;;;;;;X;;;;;;;;;;;;;X;;;;
MXP4119;MXP411-9;FLIGHT CREW MASK STOWAGE;OVERHAUL;;;;X;X;X;X;X;;;;;;;;;;;;;;;;;;;;;;;;;;;;;;;;;;;;;;;;;;;;;;;;;;;;;;;;;;;;;;;;;;;;;;;;;;;;;X;;;;;;;;;;;;;X;;;;
MXP41301;MXP413-01;FLIGHT CREW MASK STOWAGE;OVERHAUL;;;;X;X;X;X;X;;;;;;;;;;;;;;;;;;;;;;;;;;;;;;;;;;;;;;;;;;;;;;;;;;;;;;;;;;;;;;;;;;;;;;;;;;;;;X;;;;;X;;;;;;;;X;;;;
MXP418;MXP418;FLIGHT CREW MASK STOWAGE;OVERHAUL;;;;X;X;X;X;X;;;;;;;;;;;;;;;;;;;;;;;;;;;;;;;;;;;;;;;;;;;;;;;;;;;;;;;;;;;;;;;;;;;;;;;;;;;;;X;;;;;;;;;;;;;X;;;;
MXP4181;MXP418-1;FLIGHT CREW MASK STOWAGE;OVERHAUL;;;;X;X;X;X;X;;;;;;;;;;;;;;;;;;;;;;;;;;;;;;;;;;;;;;;;;;;;;;;;;;;;;;;;;;;;;;;;;;;;;;;;;;;;;X;;;;;;;;;;;;;X;;;;
MXP420;MXP420;FLIGHT CREW MASK STOWAGE;OVERHAUL;;;;X;X;X;X;X;;;;;;;;;;;;;;;;;;;;;;;;;;;;;;;;;;;;;;;;;;;;;;;;;;;;;;;;;;;;;;;;;;;;;;;;;;;;;X;;;;;;;;;;;;;X;;;;
MXP601;MXP601;FLIGHT CREW MASK STOWAGE;OVERHAUL;;;;X;X;X;X;X;;;;;;;;;;;;;;;;;;;;;;;;;;;;;;;;;;;X;;;;;;;;;;;;;;;;;;;;;;;;;;;;;;;;;;;;;;;;;;;;;;;;;;;;;;;X;;;;
MXP801;MXP801;FLIGHT CREW MASK STOWAGE;OVERHAUL;;;;X;X;X;X;X;;;;;;;;;;;;;X;;X;X;X;X;X;X;X;X;;;;;;;;;;;;;;;;;;;;;;;;;;;;;;;;;;;;;;;;;;;;;;;;;;;;;;;;;;;;;;;;;;;;X;;;;
MXP8011;MXP801-1;FLIGHT CREW MASK STOWAGE;OVERHAUL;;;;X;X;X;X;X;;;;;;;;;;;;;X;;;X;X;X;X;X;X;X;;;;;;;;;;;;;;;;;;;;;;;;;;;;;;;;;;;;;;;;;;;;;;;;;;;;;;;;;;;;;;;;;;;;X;;;;
MXP80110;MXP801-10;FLIGHT CREW MASK STOWAGE;OVERHAUL;;;;X;X;X;X;X;;;;;;;;;;;;;X;;;;;;;;X;;;;;;;;;;;;;;;;;;;;;;;;;;;;;;;;;;;;;;;;;;;;;;;;;;;;;;;;;;;;;;;;;;;;;X;;;;
MXP80111;MXP801-11;FLIGHT CREW MASK STOWAGE;OVERHAUL;;;;X;X;X;X;X;;;;;;;;;;;;;X;;;X;X;X;X;X;X;X;;;;;;;;;;;;;;;;;;;;;;;;;;;;;;;;;;;;;;;;;;;;;;;;;;;;;;;;;;;;;;;;;;;;X;;;;
MXP80151;MXP801-51;FLIGHT CREW MASK STOWAGE;OVERHAUL;;;;X;X;X;X;X;;;;;;;;;;;;;X;;;;;;;;;;;;;;;;;;;;;;;;;;;;;;;;;;;;;;;;;;;;;;;;;;;;;;;;;;;;;;;;;;;;;;;;;;;;;X;;;;
MXP802;MXP802;FLIGHT CREW MASK STOWAGE;OVERHAUL;;;;X;X;X;X;X;;;;;;;;;;;;;X;;;;;;;;;;;;;;;;;;;;;;;;;;;;;;;;;;;;;;;;;;;;;;;;;;;;;;;;;;;;;;;;;;;;;;;;;;;;;X;;;;
MXP806;MXP806;FLIGHT CREW MASK STOWAGE;OVERHAUL;;;;X;X;X;X;X;;;;;;;;;;;;;X;;;;;;;;;;;;;;;;;;;;;;;;;;;;;;;;;;;;;;;;;;;;;;;;;;;;;;;;;;;;;;;;;;;;;;;;;;;;;X;;;;
MXP8061;MXP806-1;FLIGHT CREW MASK STOWAGE;OVERHAUL;;;;X;X;X;X;X;;;;;;;;;;;;;X;;;;;;;;;;;;;;;;;;;;;;;;;;;;;;;;;;;;;;;;;;;;;;;;;;;;;;;;;;;;;;;;;;;;;;;;;;;;;X;;;;
MXP8062;MXP806-2;FLIGHT CREW MASK STOWAGE;OVERHAUL;;;;X;X;X;X;X;;;;;;;;;;;;;X;;;;;;;;;;;;;;;;;;;;;;;;;;;;;;;;;;;;;;;;;;;;;;;;;;;;;;;;;;;;;;;;;;;;;;;;;;;;;X;;;;
MXP8063;MXP806-3;FLIGHT CREW MASK STOWAGE;OVERHAUL;;;;X;X;X;X;X;;;;;;;;;;;;;X;;;;;;;;;;;;;;;;;;;;;;;;;;;;;;;;;;;;;;;;;;;;;;;;;;;;;;;;;;;;;;;;;;;;;;;;;;;;;X;;;;
MXP8064;MXP806-4;FLIGHT CREW MASK STOWAGE;OVERHAUL;;;;X;X;X;X;X;;;;;;;;;;;;;X;;;;;;;;;;;;;;;;;;;;;;;;;;;;;;;;;;;;;;;;;;;;;;;;;;;;;;;;;;;;;;;;;;;;;;;;;;;;;X;;;;
MXP8065;MXP806-5;FLIGHT CREW MASK STOWAGE;OVERHAUL;;;;X;X;X;X;X;;;;;;;;;;;;;X;;;;;;;;;;;;;;;;;;;;;;;;;;;;;;;;;;;;;;;;;;;;;;;;;;;;;;;;;;;;;;;;;;;;;;;;;;;;;X;;;;
MXP810;MXP810;FLIGHT CREW MASK STOWAGE;OVERHAUL;;;;X;X;X;X;X;;;;;;;;;;;;;X;;;;;;;;;;;;;;;;;;;;;;;;;;;;;;;;;;;;;;;;;;;;;;;;;;;;;;;;;;;;;;;;;;;;;;;;;;;;;X;;;;
MY20550181;MY20550-18-1;VALVE;;REPAIR;;;X;;;;;;;;;;;;;;;;;;;;;;;;;;;;;;;;;;;;;;;;;;;;;;;;;;;;X;;;;X;;;;;;;;;;;;;;;;;;;;;;;;;X;;;;;;;;;;;;;;X;;X;
MY20551302;MY20551-30-2;ENGINE COWLING;;REPAIR;;;X;;;;;;;;;;;;;;;;;;;;;;;;;;;;;;;;;;;;;;;;;;;;;;;;;;;;X;;;;X;;;;;;;;;;;;;;;;;;;;;;;;;X;;;;;;;;;;;;;;X;;X;
MY2055150;MY20551-50;ENGINE COWLING;;REPAIR;;;X;;;;;;;;;;;;;;;;;;;;;;;;;;;;;;;;;;;;;;;;;;;;;;;;;;;;X;;;;X;;;;;;;;;;;;;;;;;;;;;;;;;X;;;;;;;;;;;;;;X;;X;
MY2055170;MY20551-70;ENGINE COWLING;;REPAIR;;;X;;;;;;;;;;;;;;;;;;;;;;;;;;;;;;;;;;;;;;;;;;;;;;;;;;;;X;;;;X;;;;;;;;;;;;;;;;;;;;;;;;;X;;;;;;;;;;;;;;X;;X;
NH2446880;NH24468-80;INTAKE TOP SECTION;;REPAIR;;;X;X;;X;;;;;;X;;;;;;;;;;;;;;;;;;;;;;;;;;;;;;;;;;;;;;;;;;;;;;;;;;;;;;;;;;;;;;;;;X;X;;;;;;X;;;;;;;;;;;;;;X;;;
P059580;P059580;END BELL HOUSING ASSY;;REPAIR;;;X;X;;X;;;;;;;;;;;;;;;;;;;;;;;;;;;;;;;;;;;;;;;;;;;;;;;;;;;;;;;;;;;;;;;;;;;;;;;X;X;;;;;;;;;;;;;;;;;;;;X;;;
P1833951;P183-395-1;VALVE OVERFLOW SHITT OFF;;REPAIR;;;X;X;;X;;;;;;;;;;;;;;;;;;;;;;;;;;;;;;;;;;;;;;;;;;;;;;;;;;;;;;;;;;;;;;;;;X;;;;;;;;;;;;;X;;;;;;;;;;;;;;X;;;
P221;P22-1;WING FLAP POSITION INDICATOR;;REPAIR;;;X;X;;;;;;;;X;;;;;;;;;;;;;;;;;;X;;;;;;;;;;;X;;;;;;;;;;;;;;;;;;;;;;;;;;;;;;;;;;;;;;;;;;;;;;;;;;;;;;;;;X;;;
P375A000200;P375A0002-00;SPEEDBRAKE;OVERHAUL;;;;X;X;X;X;X;;;;;;;;;;;;;X;;;X;;;;;;;;;;;;;;;;;;;;;;;;;;;;;;;;;;;;;;;;;;;;;;;;;;;;;;;;;;;;;;;;;;;;;;;;;;X;;;;
P376A000204;P376A0002-04;ACTUATOR, SPOILER SPEED BRAKE;OVERHAUL;;;;X;X;X;X;X;;;;;;;;;;;;;X;X;;X;;;;;;;;;;;;;;;;;;;;;;;;;;;;;;;;;;;;;;;;;;;;;;;;;;;;;;;;;;;;;;;;;;;;;;;;;;X;;;;
P376A000205;P376A0002-05;ACTUATOR, SPOILER SPEED BRAKE;OVERHAUL;;;;X;X;X;X;X;;;;;;;;;;;;;X;X;;X;;;;;;;;;;;;;;;;;;;;;;;;;;;;;;;;;;;;;;;;;;;;;;;;;;;;;;;;;;;;;;;;;;;;;;;;;;X;;;;
P376A000206;P376A0002-06;SPOILER SPEEDBRAKE ACTUATOR;OVERHAUL;;;;X;X;X;X;X;;;;;;;;;;;;;X;X;;X;;;;;;;;;;;;;;;;;;;;;;;;;;;;;;;;;;;;;;;;;;;;;;;;;;;;;;;;;;;;;;;;;;;;;;;;;;X;;;;
P376A000207;P376A0002-07;ACTUATOR, SPEEDBRAKE;OVERHAUL;;;;X;X;X;X;X;;;;;;;;;;;;;X;X;;X;;;;;;;;;;;;;;;;;;;;;;;;;;;;;;;;;;;;;;;;;;;;;;;;;;;;;;;;;;;;;;;;;;;;;;;;;;X;;;;
P376A000208;P376A0002-08;SPOILER SPEEDBRAKE ACTUATOR;OVERHAUL;;;;X;X;X;X;X;;;;;;;;;;;;;X;X;;X;;;;;;;;;;;;;;;;;;;;;;;;;;;;;;;;;;;;;;;;;;;;;;;;;;;;;;;;;;;;;;;;;;;;;;;;;;X;;;;
P376A000209;P376A0002-09;ACTUATOR, SPOILER SPEEDBRAKE;OVERHAUL;;;;X;X;X;X;X;;;;;;;;;;;;;X;X;;X;;;;;;;;;;;;;;;;;;;;;;;;;;;;;;;;;;;;;;;;;;;;;;;;;;;;;;;;;;;;;;;;;;;;;;;;;;X;;;;
P4010049;P4-01-0049;BATTERY;;REPAIR;;;X;X;;;;;;;;;;;;;;;;;;;;;;;;;;;;;;;;;;;;;;X;X;;;;;;;;;;;;;;;;;;;;;;;;;;;;;;;;;;;;;;;;;;;;;;;;;;;;;;;X;;;
P4011003001;P4-01-1003-001;FLASH LIGHT BATTERY PACK;;OVERHAUL;;;X;X;;X;;;;;;;;;;;;;;;;;;;;;;;;;;;;;;;;;;;;;;;;;;;;;;;;;;;;;;;;;;;;;;;;;;;;;;;;;;;;;;;;;;;;;;X;X;;;;;X;;;
P500431;P500431;END BELL HOUSING ASSY;;REPAIR;;;X;X;;X;;;;;;;;;;;;;;;;;;;;;;;;;;;;;;;;;;;;X;X;X;X;X;;;;;;;;;;;;;;;;;;;;;;;;;;;;;;;;;;;;;;;;;;;;;;;;;;;;X;;;
P600365;P600365;HOUSING BEARING UNIT;;REPAIR;;;X;X;;X;;;;;;X;;;;;;;;;;;;;;;;;;;;;;;;;;;;;;;;;;;;;;;;;;;X;;;;;X;;;;;;;;;;;;;;;;;;;;;;;;;;;;;;;;;;;;;;X;;;
P6742;P6742;FILTER ASSY;;BENCH TEST;;;X;;;;;;;;;;;;;;;;;;;;;;;;;;;;;;;;;;;;;;;;;;;;;;;;;;;;X;;;;X;;;;;;;;;;;;;;;;;;;;;;;;;;;;;;;;;;;;;;;X;;;
P7119HP;P7119HP;SAMPLING VALVE;REPAIR;;;;X;X;X;X;X;;;;;;;;;;;;;X;X;X;X;;X;X;X;X;X;;;;;;;;;;;;;;;;;;;;;;;;;;;;;;;;;;;;;;;;;;;;;;;;;;;;;;;;;;;;;;;;;;;;X;;;;
P725A000100;P725A0001-00;SPOILER SPEEDBRAKE ACTUATOR;OVERHAUL;;;;X;X;X;X;X;;;;;;;;;;;;;X;X;X;X;;;;;;;;;;;;;;;;;;;;;;;;;;;;;;;;;;;;;;;;;;;;;;;;;;;;;;;;;;;;;;;;;;;;;;;;;;X;;;;
P94B12201;P94B12-201;PUMP, ELECTRICAL, FUEL;OVERHAUL;;;;X;X;X;X;X;;;;;;X;;;X;;;;;;;;;;;;;;;;;;;;;;;;;;;;;;;;;;;;;;;;;;;;;;;;;;;;;;;;;;;;;;;;;;;;;;;;;;;;;;;;;X;;;;
P94B12202;P94B12-202;PUMP, ELECTRICAL, FUEL;OVERHAUL;;;;X;X;X;X;X;;;;;;X;;;X;;;;;;;;;;;;;;;;;;;;;;;;;;;;;;;;;;;;;;;;;;;;;;;;;;;;;;;;;;;;;;;;;;;;;;;;;;;;;;;;;X;;;;
P94B12203;P94B12-203;PUMP, ELECTRICAL, FUEL;OVERHAUL;;;;X;X;X;X;X;;;;;;X;;;X;;;;;;;;;;;;;;;;;;;;;;;;;;;;;;;;;;;;;;;;;;;;;;;;;;;;;;;;;;;;;;;;;;;;;;;;;;;;;;;;;X;;;;
P94B12205;P94B12-205;PUMP, ELECTRICAL, FUEL;OVERHAUL;;;;X;X;X;X;X;;;;;;X;;;X;;;;;;;;;;;;;;;;;;;;;;;;;;;;;;;;;;;;;;;;;;;;;;;;;;;;;;;;;;;;;;;;;;;;;;;;;;;;;;;;;X;;;;
P94B12207;P94B12-207;PUMP, ELECTRICAL, FUEL;OVERHAUL;;;;X;X;X;X;X;;;;;;X;;X;X;;;;;;;;;;;;;;;;;;;;;;;;;;;;;;;;;;;;;;;;;;;;;;;;;;;;;;;;;;;;;;;;;;;;;;;;;;;;;;;;;X;;;;
P94B12208;P94B12-208;PUMP, ELECTRICAL, FUEL;OVERHAUL;;;;X;X;X;X;X;;;;;;X;;X;X;;;;;;;;;;;;;;;;;;;;;;;;;;;;;;;;;;;;;;;;;;;;;;;;;;;;;;;;;;;;;;;;;;;;;;;;;;;;;;;;;X;;;;
P94C16601;P94C16-601;PUMP, ELECTRICAL, FUEL;OVERHAUL;;;;X;X;X;X;X;;;;;;X;;X;X;;;;;;;;;;;;;;;;;;;;;;;;;;;;;;;;;;;;;;;;;;;;;;;;;;;;;;;;;;;;;;;;;;;;;;;;;;;;;;;;;X;;;;
P94C16602;P94C16-602;PUMP, ELECTRICAL, FUEL;OVERHAUL;;;;X;X;X;X;X;;;;;;X;;X;X;;;;;;;;;;;;;;;;;;;;;;;;;;;;;;;;;;;;;;;;;;;;;;;;;;;;;;;;;;;;;;;;;;;;;;;;;;;;;;;;;X;;;;
P94C16606;P94C16-606;PUMP, ELECTRICAL, FUEL;OVERHAUL;;;;X;X;X;X;X;;;;;;X;;X;;;;;;;;;;;;;;;;;;;;;;;;;;;;;;;;;;;;;;;;;;;;;;;;;;;;;;;;;;;;;;;;;;;;;;;;;;;;;;;;;;X;;;;
P94C16608;P94C16-608;PUMP, ELECTRICAL, FUEL;OVERHAUL;;;;X;X;X;X;X;;;;;;X;;;;X;X;;;;;;;;;;;;;;;;;;;;;;;;;;;;;;;;;;;;;;;;;;;;;;;;;;;;;;;;;;;;;;;;;;;;;;;;;;;;;;;X;;;;
PA2532;PA2532;PUBLIC ADDRESS AMPLIFIER;;REPAIR;;;X;X;X;X;X;;;;;;;;;;;;;;;;;;;;;;;;;;;;;;;;;;;X;X;;;;;;;;;;;;;;;;;;;;;;;;;;;;;;;;;;;;;;;;;;;;;;;;;;;;;;;X;;;
PA2532AB01;PA2532AB01;PUBLIC ADDRESS AMPLIFIER;;REPAIR;;;X;X;X;X;X;;;;;;;;;;;;;;;;;;;;;;;;;;;;;;;;;;;;;;;;;;;;;;;;;;;;;;;;;;X;;;;;;;;;;;;;;;;;;;X;;;;;;;;;;;;;;X;;;
PC15BC;PC-15BC;INVERTER;;REPAIR;;;X;X;;;;;;;;;;;;;;;;;;;;;;;;;;;;;;;;;;;;;;;;;;;;;;;;;;;;;;;;;;;;;X;;;;;;;;;;;;;;;;;;;X;;;;;;;;;;;;;;X;;;
PC15H;PC15H;INVERTER;;REPAIR;;;X;X;;;;;;;;;;;;;;;;;;;;;;;;;;;;;;;;;;;;;;;;;;;;;;;;;;;;;;;;;;;;;X;;;;;;;;;;;;;;;;;;;X;;;;;;;;;;;;;;X;;;
PC17A;PC-17A;INVERTER;;REPAIR;;;X;X;;;;;;;;;;;;;;;;;;;;;;;;;;;;;;;;;;;;;;;;;;;;;;;;;;;X;;;X;;;;;;;X;X;X;;;;;;;;;;;;;;;;;;;;;;;;X;;;;;;;X;;;
PC2206A;PC2206A;BOITIER MECBO BJ400A;;REPAIR;;;X;;;;;;;;;X;;;;;;;;;;;;;;;;;;;;;;;;;;;;;;;;;;;;;;;;;;;X;;;X;;;;;;;;;;;;;;;;;;;;;;;;;;;;;;;;;;;;;;;;X;;;
PC251123F;PC-251-123F;INVERTER STATIC 250 VA;;REPAIR;;;X;X;;X;;;;;;;;;;;;;;;;;;;;;;;;;;;;;;;;;;;;;;;;;;X;;;;X;X;;;;;;;;;;;;;;;;;;;;;;;;;;;;;;;;;;;;;;;;;;;;;X;;;
PC450;PC-450;INVERTER;;REPAIR;;;X;X;; ;;;;;;X;;;;;;;;;;;;;;;;;;;;;;;;;;;;;;;;;;;;X;;;X;;;;;;;;;;;;;;;;;;;;;;;;;;;;;;;;;;;;;;;;;;;;;;;X;;;
PE06003;PE0600-3;PHARE ORIENTABLE;;OVERHAUL;;;X;;;;;;;;;X;X;;;;X;;;;;;;;;;;;;;;;;;;;;;;;;;;;;;;;;;;;;;;;;;;;;;;;;;;;;;;;;;;;;;;;;;;;;;;;;;;;;;;;;X;;;
PE450;PE450;LANDING LIGHT;;REPAIR;;;X;X;;;;;;;;;;;;;;;;;;;;;;;;;;;;;;;;;;;;;;;;;;;;;;;;;;;X;;;;X;;;;;;;;;;;;;;;;;;;;;;;;;X;;;;;;;;;;;;;;X;;;
PES64D4Q600;PES64D4Q600;EXTENSIBLE LANDING LIGHT;REPAIR;;;;X;X;X;X;X;;;;;;;;;;;;;X;;;;;;;;;;;;;;;;;;;;;;;;;;;;;;;;;;;;;;;;;;;;;;;;;;;;;;;;;;;;;;;;;;;;;;;;;;;;;X;;;;
PES64D4Q600C;PES64D4Q600C;EXTENSIBLE LANDING LIGHT;REPAIR;;;;X;X;X;X;X;;;;;;;;;;;;;X;;;;;;;;;;;;;;;;;;;;;;;;;;;;;;;;;;;;;;;;;;;;;;;;;;;;;;;;;;;;;;;;;;;;;;;;;;;;;X;;;;
PES64D4Q600D;PES64D4Q600D;EXTENSIBLE LANDING LIGHT;REPAIR;;;;X;X;X;X;X;;;;;;;;;;;;;X;X;;;;;;;;;;;;;;;;;;;;;;;;;;;;;;;;;;;;;;;;;;;;;;;;;;;;;;;;;;;;;;;;;;;;;;;;;;;;X;;;;
PES64D4Q600E;PES64D4Q600E;EXTENSIBLE LANDING LIGHT;REPAIR;;;;X;X;X;X;X;;;;;;;;;;;;;X;;;;;;;;;;;;;;;;;;;;;;;;;;;;;;;;;;;;;;;;;;;;;;;;;;;;;;;;;;;;;;;;;;;;;;;;;;;;;X;;;;
PF24390615BC4;PF24-3906-15BC-4;HYDRAULIC PUMP ASSEMBLY;OVERHAUL;;;;X;;;;;;;;;X;;;;;;;;;;;;;;;;;;X;;;;;;;;;;;X;;;;;;;;;;;;;;;;;;;;;;;;;;;;;;;;;;;;;;;;;;;;;;;;;;;;;;;;X;;;;
PF24390615BCES6284;PF24-3906-15BCE-S628-4;HYDRAULIC PUMP ASSEMBLY;OVERHAUL;;;;X;;;;;;;;;X;;;;;;;;;;;;;;;;;;X;;;;;;;;;;;X;;;;;;;;;;;;;;;;;;;;;;;;;;;;;;;;;;;;;;;;;;;;;;;;;;;;;;;;X;;;;
PF24390620BCE4;PF24-3906-20BCE-4;HYDRAULIC PUMP ASSEMBLY;OVERHAUL;;;;X;;;;;;;;;X;;;;;;;;;;;;;;;;;;X;;;;;;;;;;;X;;;;;;;;;;;;;;;;;;;;;;;;;;;;;;;;;;;;;;;;;;;;;;;;;;;;;;;;X;;;;
PF24390625BCE4;PF24-3906-25BCE-4;HYDRAULIC PUMP ASSEMBLY;OVERHAUL;;;;X;;;;;;;;;X;;;;;;;;;;;;;;;;;;X;;;;;;;;;;;X;;;;;;;;;;;;;;;;;;;;;;;;;;;;;;;;;;;;;;;;;;;;;;;;;;;;;;;;X;;;;
PF24390625ZH4;PF24-3906-25ZH-4;HYDRAULIC PUMP;OVERHAUL;;;;X;;;;;;;;;X;;;;;;;;;;;;;;;;;;X;;;;;;;;;;;X;;;;;;;;;;;;;;;;;;;;;;;;;;;;;;;;;;;;;;;;;;;;;;;;;;;;;;;;X;;;;
PF24390630BCS3154;PF24-3906-30BC-S315-4;HYDRAULIC PUMP ASSEMBLY;OVERHAUL;;;;X;;;;;;;;;X;;;;;;;;;;;;;;;;;;X;;;;;;;;;;;X;;;;;;;;;;;;;;;;;;;;;;;;;;;;;;;;;;;;;;;;;;;;;;;;;;;;;;;;X;;;;
PF24390630BCS3564;PF24-3906-30BC-S356-4;HYDRAULIC PUMP ASSEMBLY;OVERHAUL;;;;X;;;;;;;;;X;;;;;;;;;;;;;;;;;;X;;;;;;;;;;;X;;;;;;;;;;;;;;;;;;;;;;;;;;;;;;;;;;;;;;;;;;;;;;;;;;;;;;;;X;;;;
PF24390630S2514;PF24-3906-30S251-4;HYDRAULIC PUMP ASSEMBLY;OVERHAUL;;;;X;;;;;;;;;X;;;;;;;;;;;;;;;;;;X;;;;;;;;;;;X;;;;;;;;;;;;;;;;;;;;;;;;;;;;;;;;;;;;;;;;;;;;;;;;;;;;;;;;X;;;;
PM1A154240;PM1A154240;SPOILER ATL2;REPAIR;;;;X;;;;;;;;;;;;;;;;;;;;;;;;;;;;;;;;;;;;;;;;;;;;;;;;;;;;X;;X;;;;;;;;;;;;;;;;;;;;;;;;;;;;;;;;;;;;;;;;X;;;X;
PM1A154240REP;PM1A154240-REP;SPOILER ATL2;REPAIR;;;;X;;;;;;;;;;;;;;;;;;;;;;;;;;;;;;;;;;;;;;;;;;;;;;;;;;;;X;;X;;;;;;;;;;;;;;;;;;;;;;;;;;;;;;;;;;;;;;;;X;;;X;
PPA110000;PPA1100-00;SMOKE DETECTOR;OVERHAUL;;;;X;X;X;X;X;;;;;;;;;;;;;X;;;;;X;X;X;X;;;;;;;;;;;;;;;;;;;;;;;;;;;;;;;;;;;;;;;;;;;;;;;;;;;;;;;;;;;;;;;;;;;;;X;;;;
PPA110100;PPA1101-00;SMOKE DETECTOR;OVERHAUL;;;;X;X;X;X;X;;;;;;;;;;;;;X;;;;;X;X;X;X;X;;;;;;;;;;;;;;;;;;;;;;;;;;;;;;;;;;;;;;;;;;;;;;;;;;;;;;;;;;;;;;;;;;;;X;;;;
PPA110200;PPA1102-00;SMOKE DETECTOR;OVERHAUL;;;;X;X;X;X;X;;;;;;;;;;;;;X;;;;;X;X;X;X;X;;;;;;;;;;;;;;;;;;;;;;;;;;;;;;;;;;;;;;;;;;;;;;;;;;;;;;;;;;;;;;;;;;;;X;;;;
PPA110300;PPA1103-00;SMOKE DETECTOR;OVERHAUL;;;;X;X;X;X;X;;;;;;;;;;;;;X;;;;;X;X;X;X;;;;;;;;;;;;;;;;;;;;;;;;;;;;;;;;;;;;;;;;;;;;;;;;;;;;;;;;;;;;;;;;;;;;;X;;;;
PPA120000;PPA1200-00;SMOKE DETECTOR;OVERHAUL;;;;X;X;X;X;X;;;;;;;;;;;;;X;;;;;;;;;;;;;;;;;;;;;;;;;;;;;;;;;;;;;;;;;;;;;;;;;;;;;;;;;;;;;;;;;;;;;;;;;;;;;X;;;;
PPA120100;PPA1201-00;SMOKE DETECTOR;OVERHAUL;;;;X;X;X;X;X;;;;;;;;;;;;;X;;;;;;;;;;;;;;;;;;;;;;;;;;;;;;;;;;;;;;;;;;;;;;;;;;;;;;;;;;;;;;;;;;;;;;;;;;;;;X;;;;
PPA120200;PPA1202-00;SMOKE DETECTOR;OVERHAUL;;;;X;X;X;X;X;;;;;;;;;;;;;X;;;;;;;;;;;;;;;;;;;;;;;;;;;;;;;;;;;;;;;;;;;;;;;;;;;;;;;;;;;;;;;;;;;;;;;;;;;;;X;;;;
PPA120300;PPA1203-00;DETECTEUR DE FUMEE;OVERHAUL;;;;X;X;X;X;X;;;;;;;;;;;;;X;;;;;;;;;X;;;;;;;;;;;;;;;;;;;;;;;;;;;;;;;;;;;;;;;;;;;;;;;;;;;;;;;;;;;;;;;;;;;;X;;;;
PPA120400;PPA1204-00;DETECTEUR DE FUMEE;OVERHAUL;;;;X;X;X;X;X;;;;;;;;;;;;;X;;;;;X;X;X;X;;;;;;;;;;;;;;;;;;;;;;;;;;;;;;;;;;;;;;;;;;;;;;;;;;;;;;;;;;;;;;;;;;;;;X;;;;
PS1211;PS12-11;BATTERY;;REPAIR;;;X;X;; ;;;;;;;;;;;;;;;;;;;;;;;;;;;;;;;;;;;;;;;;;; ;;;;; ;;;;;;;;;;;;;;;;;;;;;;;;;;;;;;;X;;;;;;;;;;;;;;X;;;
PS1211M;PS12-11M;BATTERY;;REPAIR;;;X;X;;X;;;;;;;;;;;;;;;;;;;;;;;;;;;;;;;;;;;;;;;;;;X;;;;;X;;;;;;;;;;;;;;;;;;;;;;;;;;;;;;;;;;;;;;;;;;;;;X;;;
PV303211;PV3-032-11;HYDRAULIC PUMP;;REPAIR;;;X;X;;X;;;;;;;;;;;;;;;;;;;;;;;;;;;;;;;;;;;;;;;;;;X;;;;X;X;;;;;;;;;;;;;;;;;;X;;;;;;;;;;;;;X;;;;;;;;;;;;;;X;;;
PV304448;PV3-044-48;HYDRAULIC PUMP;;OVERHAUL;;;X;;;;;;;;;;;;;;;;;;;;;;;;;;;;;;;;;;;;;;;;;;;;;;;;;;;;;;;;;;;;;;;;;;;;X;;;;X;;;;;;;;;;;;;;;;;;;;;;;X;;;
PVB0222;PVB-022-2;HYDRAULIC PUMP;;OVERHAUL;;;X;X;;X;;;;;;;;;;;;;;;;;;;;;;;;;;;;;;;;;;;;;;;;;;;;;;;;;X;;;;;X;;;;;;;;;;;;;;;;;;;;;;;;;;;;;;;;;;;;;;X;;;
PWKB12;PWKB12;FUEL QTY INDICATOR;;REPAIR;;;X;X;;X;;;;;;;;;;;;;;;;;;;;;;;;;;;;;;;;;;;;;;;;;;;;;;;;;;;;;;;;;;;;;;;;;;;;;;;;;;;;;;X;;;;;;;;;;;;;;X;;;
Q1794122051A;Q17-94122051A;CLOCK;;REPAIR;;;X;X;;X;;;;;;;;;;;;;;;;;;;;;;;;;;;;;;;;;;;;X;X;X;X;X;;;;;;;;;;;;;;;;;;;;;;;;;;;;;;;;;;;;;;;;;;;;;;;;;;;;X;;;
Q1794122051AA;Q17-94122051AA;CLOCK;;REPAIR;;;X;X;;X;;;;;;;;;;;;;;;;;;;;;;;;;;;;;;;;;;;;X;X;X;X;X;;;;;;;;;;;;;;;;;;;;;;;;;;;;;;;;;;;;;;;;;;;;;;;;;;;;X;;;
Q1794122051AB;Q17-94122051AB;CLOCK;;REPAIR;;;X;X;;X;;;;;;;;;;;;;;;;;;;;;;;;;;;;;;;;;;;;X;X;X;X;X;;;;;;;;;;;;;;;;;;;;;;;;;;;;;;;;;;;;;;;;;;;;;;;;;;;;X;;;
Q1794122051FA;Q17-94122051FA;CLOCK;;REPAIR;;;X;X;;X;;;;;;;;;;;;;;;;;;;;;;;;;;;;;;;;;;;;X;X;X;X;X;;;;;;;;;;;;;;;;;;;;;;;;;;;;;;;;;;;;;;;;;;;;;;;;;;;;X;;;
Q1794122051FGE;Q17-94122051FGE;CLOCK;;REPAIR;;;X;X;;;;;;;;;;;;;;;;;;;;;;;;;;;;;;;;;;;;;;X;X;;;;;;;;;;;;;;;;;;;;;;;;;;;;;;;;;;;;;;;;;;;;;;;;;;;;;;;X;;;
QA07609;QA07609;FILTER;REPAIR;;;;X;X;X;X;;;;;;;;;;;;;;;;;;;;;;;;X;;;;;;X;;;;;;;;;;;;;;;;;;;;;;;;;;;;;;;;;;;;;;;;;;;;;;;;;;;;;;;;;;;;;X;;;;
R108RI1122;R108RI112-2;WINDSCREEN HEATER REGULATOR;REPAIR;;;;X;X;X;X;X;;;;;;X;;;;X;X;;;;;;;;;;;;;;;;;;;;;;;;;;;;;;;;;;;;;;;;;;;;;;;;;;;;;;;;;;;;;;;;;;;;;;;;;;;;;;;X;;;;
R108RI1123;R108RI112-3;WINDSCREEN HEATER REGULATOR;REPAIR;;;;X;X;X;X;X;;;;;;X;;;;X;X;;;;;;;;;;;;;;;;;;;;;;;;;;;;;;;;;;;;;;;;;;;;;;;;;;;;;;;;;;;;;;;;;;;;;;;;;;;;;;;X;;;;
R2511;R25-1-1;POWER SUPPLY;;REPAIR;Overhaul/Repair/Inspection/Modification;;X;X;;X;;;;;;;;;;;;;;;;;;;;;;;;;;;;;;;;;;;;X;X;;;;;;;;;;;;;;;;;;;;;;;;;;;;;;;;;;;;;;;;;;;;;;;;;;;;;;;X;X;;
R2511A;R25-1-1A;POWER SUPPLY;;REPAIR;Overhaul/Repair/Inspection/Modification;;X;X;X;X;X;;;;;;;;;;;;;;;;;;;;;;;;;;;;;;;;;;;X;X;;;X;;;;;;;;;;;;;;;;;;;;;;;;;;;;;;;;;;;;;;;;;;;;;;;;;;;;X;X;;
R251M2BR;R25-1M2BR;ANTI-COLLISION LIGHT;;REPAIR;Overhaul/Repair/Inspection/Modification;;X;X;;X;X;;;;;;;;;;;;;;;;;;;;;;;;;;;;;;;;;;;X;;;;X;;;;;;;;;;;;;;;;;;;;;;;;;;;;;;;;;;;;;;;;;;;;;;;;;;;;X;X;;
R251M2BW;R25-1M2BW;ANTI-COLLISION LIGHT;;REPAIR;Overhaul/Repair/Inspection/Modification;;X;X;;X;X;;;;;;;;;;;;;;;;;;;;;;;;;;;;;;;;;;;X;;;;X;;;;;;;;;;;;;;;;;;;;;;;;;;;;;;;;;;;;;;;;;;;;;;;;;;;;X;X;;
R251M2CW;R25-1M2CW;ANTI-COLLISION LIGHT;;REPAIR;Overhaul/Repair/Inspection/Modification;;X;X;;;X;;;;;;;;;;;;;;;;;;;;;;;;;;;;;;;;;;;X;;;;X;;;;;;;;;;;;;;;;;;;;;;;;;;;;;;;;;;;;;;;;;;;;;;X;;;X;;;X;X;;
R571 10279 202 00;R571 10279 202 00;FITTING;REPAIR;;;;X;X;X;X;X;;;;;;;;;;;;;X;X;;X;;;;;;;;;;;;;;;;;;;;;;;;;;;;;;;;;;;;;;;;;;;;;;;;;;;;;;;;;;;;;;;;;;;;;;;;;;X;;;X;
RC10600;RC106-00;HEATING BOX ELECTRICAL;;BENCH TEST;;;X;X;;X;;;;;;;;;;;;;;;;;;;;;;;;;;;;;;;;;;;;X;X;;;;;;;;;;;;;;;;;;;;;;;;;;;;;;;;;;;;;;;;;;;;;;;;;;;;;;;X;;;
RCF6701;RCF6701;PRESSURE REGULATOR TRANSMITTER;OVERHAUL;;;;X;X;X;X;X;;;X;;;;;;;;;;X;X;X;X;;;;;;;;;;;;;;;;;;;;;;;;;;;;;;;;;;;;;;;;;;;;;;;;;;;;;;;;;;;;;;;;;;;;;;;;;;X;;;;
RCF6702;RCF6702;PRESSURE REGULATOR TRANSMITTER;OVERHAUL;;;;X;X;X;X;X;;;X;;;;;;;;;;X;;X;X;;;;;;;;;;;;;;;;;;;;;;;;;;;;;;;;;;;;;;;;;;;;;;;;;;;;;;;;;;;;;;;;;;;;;;;;;;X;;;;
RCF6703;RCF6703;PRESSURE REGULATOR TRANSMITTER;OVERHAUL;;;;X;X;X;X;X;;;X;;;;;;;;;;X;X;X;X;;;;;;;;;;;;;;;;;;;;;;;;;;;;;;;;;;;;;;;;;;;;;;;;;;;;;;;;;;;;;;;;;;;;;;;;;;X;;;;
RCF6704;RCF6704;PRESSURE REGULATOR TRANSMITTER;OVERHAUL;;;;X;X;X;X;X;;;X;;;;;;;;;;X;;;X;;;;;;;;;;;;;;;;;;;;;;;;;;;;;;;;;;;;;;;;;;;;;;;;;;;;;;;;;;;;;;;;;;;;;;;;;;X;;;;
RCF6705;RCF6705;PRESSURE REGULATOR TRANSMITTER;OVERHAUL;;;;X;X;X;X;X;;;X;;;;;;;;;;X;;;;;X;X;X;;;;;;;;;;;;;;;;;;;;;;;;;;;;;;;;;;;;;;;;;;;;;;;;;;;;;;;;;;;;;;;;;;;;;;X;;;;
RCF6706;RCF6706;PRESSURE REGULATOR TRANSMITTER;OVERHAUL;;;;X;X;X;X;X;;;X;;;;;;;;;;X;;;;;X;X;X;;;;;;;;;;;;;;;;;;;;;;;;;;;;;;;;;;;;;;;;;;;;;;;;;;;;;;;;;;;;;;;;;;;;;;X;;;;
RCF6707;RCF6707;PRESSURE REGULATOR TRANSMITTER;OVERHAUL;;;;X;X;X;X;X;;;X;;;;;;;;;;X;;;;;X;X;X;;;;;;;;;;;;;;;;;;;;;;;;;;;;;;;;;;;;;;;;;;;;;;;;;;;;;;;;;;;;;;;;;;;;;;X;;;;
RCF6708;RCF6708;PRESSURE REGULATOR TRANSMITTER;OVERHAUL;;;;X;X;X;X;X;;;X;;;;;;;;;;X;;;;X;X;X;X;X;X;;;;;;;;;;;;;;;;;;;;;;;;;;;;;;;;;;;;;;;;;;;;;;;;;;;;;;;;;;;;;;;;;;;;X;;;;
RCF6709;RCF6709;PRESSURE REGULATOR TRANSMITTER;OVERHAUL;;;;X;X;X;X;X;;;X;;;;;;;;;;X;;;;;;;;;;;;;;;;;;;;;;;;;;;;;;;;;;;;;;;;;;;;;;;;;;;;;;;;;;;;;;;;;;;;;;;;;;;;;X;;;;
RCF6710;RCF6710;PRESSURE REGULATOR TRANSMITTER;OVERHAUL;;;;X;X;X;X;X;;;X;;;;;;;;;;X;;;;;;;;;;;;;;;;;;;;;;;;;;;;;;;;;;;;;;;;;;;;;;;;;;;;;;;;;;;;;;;;;;;;;;;;;;;;;X;;;;
RCF6711;RCF6711;PRESSURE REGULATOR TRANSMITTER;OVERHAUL;;;;X;X;X;X;X;;;X;;;;;;;;;;X;;;;;;;;;;;;;;;;;;;;;;;;;;;;;;;;;;;;;;;;;;;;;;;;;;;;;;;;;;;;;;;;;;;;;;;;;;;;;X;;;;
RFC11W1R0C+D;RFC11W1R0C+D;PALE-12;;REPAIR;;;X;X;;;;;;;;;;;;;;;;;;;;;;;;;;;;;;;;;;;;;;;;;;;;;;;;;;;;;;;;;;;;;;;;;;;;;;;;;X;X;;;;;;;;;;;;;;;;;;;;X;;X;
RFC11Y1P0C;RFC11Y1P0C;PALE-12;;REPAIR;;;X;X;;;;;;;;;;;;;;;;;;;;;;;;;;;;;;;;;;;;;;;;;;;;;;;;;;;;;;;;;;;;;;;;;;;;;;;;;X;X;;;;;;;;;;;;;;;;;;;;X;;X;
RG380E/44K;RG-380E/44K;MAIN BATTERY;REPAIR;;;;X;X;X;X;X;;;;;;;;;;;;;;;;;;;;;;;;;;;;;;;;;;;;;;;;;;;;;;;;;;;;;;;;;;X;X;X;X;X;;;;;;;;;;;;;;;;;;;;;;;;;;;;X;;;;
RG380E44;RG-380E44;MAIN BATTERY;;REPAIR;;;X;X;;X;;;;;;;;;;;;;;;;;;;;;;;;;;;;;;;;;;;;X;X;X;X;X;;;;;;;;;;;;;;;;;;;;;;;;;;;;;;;;;;;;;;;;;;;;;;;;;;;;X;;;
RG42;RG-42;EMERGENCY BATTERY;;REPAIR;;;X;X;;X;;;;;;;;;;;;;;;;;;;;;;;;;;;;;;;;;;;;X;X;X;X;X;;;;;;;;;;;;;;;;;;;;;;;;;;;;;;;;;;;;;;;;;;;;;;;;;;;;X;;;
RGC002C;RGC002C;CARD, WINDSCREEN HEATER REGULATOR;REPAIR;;;;X;X;X;X;X;;;;;;X;;;;X;X;;;;;;;;;;;;;;;;;;;;;;;;;;;;;;;;;;;;;;;;;;;;;;;;;;;;;;;;;;;;;;;;;;;;;;;;;;;;;;;X;;;;
RP17100;RP171-00;SENSOR;;REPAIR;;;X;X;;X;;;;;;;;;;;;;;;;;;;;;;;;;;;;;;;;;;;;;;;;;;;;;;;;;;;;;;;;;;;;;;;;;X;;;;X;;;;;;;;;;;;;;;;;;;;;;;X;;;
RPS1B;RPS1-B;BATTERY POWER SUPPLY;REPAIR;OVERHAUL;;;X;X;X;X;X;;;;;;;;;;;;;;;;;;;;;;;X;;;;;;;;;;;;;;;;;;;;;;;;;;;;;;;;;;;;;;;;;;;;;;;;;;;;;;;;;;;;;;;;;;;X;X;;;
RT19H4FX;RT19H4FX;HORIZONTAL REDUCTION GEAR ACTUATOR;OVERHAUL;;;;X;X;X;X;X;;;X;;;;;;;;;;X;;;;;;;;;;;;;;;;;;;;;;;;;;;;;;;;;;;;;;;;;;;;;;;;;;;;;;;;;;;;;;;;;;;;;;;;;;;;;X;;;;
RT19J3FX;RT19J3FX;VERTICAL REDUCTION GEAR ACTUATOR;OVERHAUL;;;;X;X;X;X;X;;;X;;;;;;;;;;X;;;;;;;;;;;;;;;;;;;;;;;;;;;;;;;;;;;;;;;;;;;;;;;;;;;;;;;;;;;;;;;;;;;;;;;;;;;;;X;;;;
RTPA003A;RTPA003A;P.C.B.,;REPAIR;;;;X;X;X;X;X;;;;;;X;;;;;;; ;;;; ; ; ; ;;;;;;;;;;;;;;;;;;;;;;;;;;;;;;;;;;;;;;;;;;;;;;;;;;;;;;;;;;;;;;;;;;;;;;X;;;;
S0041012200000;S0041012200000;LEADING EDGE;;REPAIR;Repair/Inspection/Modification;;X;X;;X;;;;;;;;;;;;;;;;;;;;;;;;;;;;;;;;;;;;X;X;;;;;;;;;;;;;;;;;;;;;;;;;;;;;;;;;;;;;;;;;;;;;;;;;;;;;;;X;X;X;
S0041012200100;S0041012200100;LEADING EDGE;;REPAIR;Repair/Inspection/Modification;;X;X;;X;;;;;;;;;;;;;;;;;;;;;;;;;;;;;;;;;;;;X;;;;X;;;;;;;;;;;;;;;;;;;;;;;;;;;;;;;;;;;;;;;;;;;;;;;;;;;;X;X;X;
S0041012300000;S0041012300000;LEADING EDGE;;REPAIR;Repair/Inspection/Modification;;X;X;;X;;;;;;;;;;;;;;;;;;;;;;;;;;;;;;;;;;;;X;;;;X;;;;;;;;;;;;;;;;;;;;;;;;;;;;;;;;;;;;;;;;;;;;;;;;;;;;X;X;X;
S0041012300100;S0041012300100;LEADING EDGE;;REPAIR;Repair/Inspection/Modification;;X;X;;X;;;;;;;;;;;;;;;;;;;;;;;;;;;;;;;;;;;;X;X;;;;;;;;;;;;;;;;;;;;;;;;;;;;;;;;;;;;;;;;;;;;;;;;;;;;;;;X;X;X;
S0041040000000;S0041040000000;LEADIND EDGE;;REPAIR;Repair/Inspection/Modification;;X;X;;;;;;;;;;;;;;;;;;;;;;;;;;;;;;;;;;;;;;X;X;;;;;;;;;;;;;;;;;;;;;;;;;;;;;;;;;;;;;;;;;;;;;;;;;;;;;;;X;X;X;
S0041040100000;S0041040100000;LEADING EDGE;;REPAIR;Repair/Inspection/Modification;;X;X;;X;;;;;;;;;;;;;;;;;;;;;;;;;;;;;;;;;;;;X;;;;X;;;;;;;;;;;;;;;;;;;;;;;;;;;;;;;;;;;;;;;;;;;;;;;;;;;;X;X;X;
S0041040200000;S0041040200000;LEADING EDGE;;REPAIR;Repair/Inspection/Modification;;X;X;;X;;;;;;;;;;;;;;;;;;;;;;;;;;;;;;;;;;;;X;;;;X;;;;;;;;;;;;;;;;;;;;;;;;;;;;;;;;;;;;;;;;;;;;;;;;;;;;X;X;X;
S0041040200100;S0041040200100;LEADING EDGE;;REPAIR;Repair/Inspection/Modification;;X;X;;X;;;;;;;;;;;;;;;;;;;;;;;;;;;;;;;;;;;;;;;;;;;;;;;;;;;;;;;;;;;;;;;;;;;;;;;;;;;;;;;;;;;;;;X;X;;;;;X;X;;
S0041045000100;S0041045000100;LEADING EDGE;;REPAIR;Repair/Inspection/Modification;;X;X;;X;;;;;;;;;;;;;;;;;;;;;;;;;;;;;;;;;;;;X;;;;X;;;;;;;;;;;;;;;;;;;;;;;;;;;;;;;;;;;;;;;;;;;;;;;;;;;;X;X;;
S100008000;S100-0080-00;COCKPIT VOICE RECORDER;;REPAIR;;;X;X;;X;;;;;;;;;;;;;;;;;;;;;;;;;;;;;;;;;;;;;;;;;;;;;;;;;;;;;;;;;;;;;;;;;X;;;;;;;;;;;;;X;;;;;;;;;;;;;;X;;;
S100008001;S100-0080-01;UNIT VOICE RECORDER;;REPAIR;;;X;X;;;;;;;;;;;;;;;;;;;;;;;;;;;;;;;;;;;;;;;;;;;;;;;;;;;;;;;;;;;;;;;;;;;;;;;;;;;;;;;;;;;;;;;;X;X;;;;;X;;;
S182050202;S1820502-02;ELT KANNAD 406 AP;;REPAIR;;;X;X;;X;X;;;;;;;;;;;;;;;;;;;;;;;;;;;;;;;;;;;;;;;;;;;;;;;;;;;;;;;;;;;;;;;;;;;;;;;;;;;;;;;;;;;;;;;;;;;X;;;
S182050204;S1820502-04;ELT KANNAD 406 AP-H;;REPAIR;;;X;X;;X;X;;;;;;;;;;;;;;;;;;;;;;;;;;;;;;;;;;;;;;;;;;;;;;;;;;;;;;;;;;;;;;;;;;;;;;;;;;;;;X;;;;;;;;;;;;;;X;;;
S182051401;S1820514-01;PROGRAMMING DONGLE;;BENCH TEST;;;X;X;X;X;X;;;;;;;;;;;;;;;;;;;;;;;;;;;;;;;;;;;;;;;;;;;;;;;;;;;;;;;;;;;;;;;;;;;;;;;;;;;;;;;;;;;;;;;;;;;X;;;
S182051404;S1820514-04;PROGRAMMING DONGLE;;BENCH TEST;;;X;X;X;X;X;;;;;;;;;;;;;;;;;;;;;;;;;;;;;;;;;;;;;;;;;;;;;;;;;;;;;;;;;;;;;;;;;;;;;;;;;;;;;;;;;;;;;;;;;;;X;;;
S182051405;S1820514-05;PROGRAMMING DONGLE;;BENCH TEST;;;X;X;X;X;X;;;;;;;;;;;;;X;;;;;X;X;X;;;;;;;;;;;;;;;;;;;;;;;;;;;;;;;;;;;;;;;;;;;;;;;;;;;;;;;;;;;;;;;;;;;;;;;X;;;
S182051406;S1820514-06;PROGRAMMING DONGLE;;BENCH TEST;;;X;X;X;X;X;;;;;;;;;;;;;;;;;;;;;;;;;;;;;;;;;;;;;;;;;;;;;;;;;;;;;;;;;;;;;;;;;;;;;;;;;;;;;X;;;;;;;;;;;;;;X;;;
S182150202;S1821502-02;ELT KANNAD 406AF;;REPAIR;;;X;X;;X;X;;;;;;;;;;;;;;;;;;;;;;;;;;;;;;;;;;;;;;;;;;;;;;;;;;;;;;;;;;;;;;;;;;;;;;;;;;;;;X;;;;;;;;;;;;;;X;;;
S182250202;S1822502-02;ELT KANNAD 406 AF-H;;REPAIR;;;X;X;;X;X;;;;;;;;;;;;;;;;;;;;;;;;;;;;;;;;;;;;;;;;;;;;;;;;;;;;;;;;;;;;;;;;;;;;;;;;;;;;;X;;;;;;;;;;;;;;X;;;
S182350202;S1823502-02;ELT KANNAD 406 AS;;REPAIR;;;X;X;;X;X;;;;;;;;;;;;;;;;;;;;;;;;;;;;;;;;;;;;;;;;;;;;;;;;;;;;;;;;;;;;;;;;;;;;;;;;;;;;;X;;;;;;;;;;;;;;X;;;
S182350203;S1823502-03;ELT KANNAD 406 AS-TNC;;REPAIR;;;X;X;;X;X;;;;;;;;;;;;;;;;;;;;;;;X;;;X;X;;;;;;;;;;;;;;;;;;;;;;;;;;;;;;;;;;;;;;;;;;;;;;;;;;;;;;;;;;;;;;;;X;;;
S182350205;S1823502-05;ELT KANNAD 406 SURVIVAL;;REPAIR;;;X;X;;X;X;;;;;;;;;;;;;;;;;;;;;;;;;;;;;;;;;;;;;;;;;;;;;;;;;;;;;;;;;;;;;;;;;;;;;;;;;;;;;X;;;;;;;;;;;;;;X;;;
S185050102;S1850501-02;ELT KANNAD AP INTEGRA;;REPAIR;;;X;X;X;X;X;;;;;;;;;;;;;;;;;;;;;;;;;;;;;;;;;;;;;;;;;;;;;;;;;;;;;;;;;;;;;;;;;;;;;;;;;;;;;X;;;;;;;;;;;;;;X;;;
S185150101;S1851501-01;ELT KANNAD AP INTEGRA;;REPAIR;;;X;X;X;X;X;;;;;;;;;;;;;;;;;;;;;;;;;;;;;;;;;;;;;;;;;;;;;;;;;;;;;;;;;;;;;;;;;;;;;;;;;;;;;X;;;;;;;;;;;;;;X;;;
S185450101;S1854501-01;ELT KANNAD AP INTEGRA;;REPAIR;;;X;X;X;X;X;;;;;;;;;;;;;;;;;;;;;;;;;;;;;;;;;;;;;;;;;;;;;;;;;;;;;;;;;;;;;;;;;;;;;;;;;;;;;X;;;;;;;;;;;;;;X;;;
S200001200;S200-0012-00;CVR;;REPAIR;;;X;X;;X;;;;;;;;;;;;;;;;;;;;;;;;;;;;;;;;;;;;X;;;;X;;;;;;;;;;;;;;;;;;;;;;;;;;;;;;;;;;;;;;;;;;;;;;;;;;;;X;;X;
S2128006000100;S2128006000100;DUCT ASSY;;REPAIR;;;X;X;;X;;;;;;;;;;;;;;;;;;;;;;;;;;;;;;;;;;;;X;;;;X;;;;;;;;;;;;;;;;;;;;;;;;;;;;;;;;;;;;;;;;;;;;;;;;;;;;X;;X;
S2158146301400;S2158146301400;DUCT ASSY;;REPAIR;;;X;X;;X;;;;;;;;;;;;;;;;;;;;;;;;;;;;;;;;;;;;X;;;;X;;;;;;;;;;;;;;;;;;;;;;;;;;;;;;;;;;;;;;;;;;;;;;;;;;;;X;;X;
S2158146301500;S2158146301500;DUCT ASSY;;REPAIR;;;X;X;;X;;;;;;;;;;;;;;;;;;;;;;;;;;;;;;;;;;;;X;;;;X;;;;;;;;;;;;;;;;;;;;;;;;;;;;;;;;;;;;;;;;;;;;;;;;;;;;X;;X;
S2158146700400;S2158146700400;DUCT;;REPAIR;;;X;X;;;;;;;;;;;;;;;;;;;;;;;;;;;;;;;;;;;;;;X;X;;;;;;;;;;;;;;;;;;;;;;;;;;;;;;;;;;;;;;;;;;;;;;;;;;;;;;;X;;X;
S2158146700500;S2158146700500;DUCT;;REPAIR;;;X;X;;X;;;;;;;;;;;;;;;;;;;;;;;;X;;;;;;;;;;X;;;;;;;;;;;;;;;;;;;;;;;;;;;;;;;;;;;;;;;;;;;;X;;;;;;;;;;;;;;X;;;
S2158164200100;S2158164200100;DUCT ASSY;;REPAIR;;;X;X;;X;;;;;;;;;;;;;;;;;;;;;;;;;;;;;;;;;;;;X;;X;;;;;;;;;;;;;;;;;;;;;;;;;;;;;;;;;;;;;;;;;;;;;;;;;;;;;;X;;X;
S218559;S218-5-59;INDICATEUR DE TEMPERATURE;REPAIR;;;;X;;;;;;;;;X;;;;;;;;;;;;;;;;;;;;;;;;;;;;;;;;;;;;;;;;;;;;;;;;;;;;;;;;;;;;;;;;;;;;;;;;X;;;X;;;;;;;;;;X;;;;
S2421002600000;S2421002600000;HOUSING;;REPAIR;;;X;X;;;;;;;;;;;;;;;;;;;;;;;;;;;;;;;;;;;;;;X;X;;;;;;;;;;;;;;;;;;;;;;;;;;;;;;;;;;;;;;;;;;;;;;;;;;;;;;;X;;X;
S2421401000200;S2421401000200;HOUSING;;REPAIR;;;X;X;;;;;;;;;;;;;;;;;;;;;;;;;;;;;;;;;;;;;;;;;;;;;;;;;;;;;;;;;;;;;;;;;;;;;;;;;;;;;;;;;;;;;;;;X;X;;;;;X;;;
S243;S-243;MEGAPHONE;;REPAIR;;;X;X;;X;;;;;;;;;;;;;;;;;;;;;;;;;;;;;;;;;;;;X;X;;;;;;;;;;;;;;;;;;;;;;;;;;;;;;;;;;;;;;;;;;;;;;;;;;;;;;;X;;X;
S2431004100200;S2431004100200;INLET;;REPAIR;;;X;X;;;;;;;;;;;;;;;;;;;;;;;;;;;;;;;;;;;;;;X;;;;X;;;;;;;;;;;;;;;;;;;;;;;;;;;;;;;;;;;;;;;;;;;;;;;;;;;;X;;X;
S2431004100400;S2431004100400;INLET;;REPAIR;;;X;;;;;;;;;;;;;;;;;;;;;;;;;;;;;;;;;;;;;;;X;X;;;;;;;;;;;;;;;;;;;;;;;;;;;;;;;;;;;;;;;;;;;;;;;;;;;;;;;X;;X;
S2511056400000;S2511056400000;DOOR;;REPAIR;;;X;X;;X;;;;;;;;;;;;;;;;;;;;;;;;;;;;;;;;;;;;X;X;;;;;;;;;;;;;;;;;;;;;;;;;;;;;;;;;;;;;;;;;;;;;;;;;;;;;;;X;;X;
S2511056400540;S2511056400540;DOOR;;REPAIR;;;X;X;;;;;;;;;;;;;;;;;;;;;;;;;;;;;;;;;;;;;;X;X;;;;;;;;;;;;;;;;;;;;;;;;;;;;;;;;;;;;;;;;;;;;;;;;;;;;;;;X;;X;
S2521717100000;S2521717100000;FAIRING;;REPAIR;;;X;X;; ;;;;;;;;;;;;;;;;;;;;;;;;;;;;;;;;;;;;X;X;;;;;;;;;;;;;;;;;;;;;;;;;;;;;;;;;;;;;;;;;;;;;;;;;;;;;;;X;;X;
S2521790800200;S2521790800200;PANEL ASSY;;REPAIR;;;X;X;;;;;;;;;;;;;;;;;;;;;;;;;;;;;;;;;;;;;;X;;;;X;;;;;;;;;;;;;;;;;;;;;;;;;;;;;;;;;;;;;;;;;;;;;;;;;;;;X;;;
S2521794800000;S2521794800000;LINING ASSY;;REPAIR;;;X;X;;X;;;;;;;;;;;;;;;;;;;;;;;;;;;;;;;;;;;;X;X;;;;;;;;;;;;;;;;;;;;;;;;;;;;;;;;;;;;;;;;;;;;;;;;;;;;;;;X;;X;
S2521804600200;S2521804600200;LINING ASSY;;REPAIR;;;X;X;;X;;;;;;;;;;;;;;;;;;;;;;;;;;;;;;;;;;;;X;X;;;;;;;;;;;;;;;;;;;;;;;;;;;;;;;;;;;;;;;;;;;;;;;;;;;;;;;X;;X;
S2551042100000;S2551042100000;PANEL;;REPAIR;;;X;X;;X;;;;;;;;;;;;;;;;;;;;;;;;;;;;;;;;;;;;X;X;;;;;;;;;;;;;;;;;;;;;;;;;;;;;;;;;;;;;;;;;;;;;;;;;;;;;;;X;;X;
S2551042101000;S2551042101000;PANEL;;REPAIR;;;X;X;;;;;;;;;;;;;;;;;;;;;;;;;;;;;;;;;;;;;;X;X;;;;;;;;;;;;;;;;;;;;;;;;;;;;;;;;;;;;;;;;;;;;;;;;;;;;;;;X;;X;
S2718141600200;S2718141600200;LEVER ASSY;;REPAIR;;;X;X;; ;;;;;;;;;;;;;;;;;;;;;;;;;;;;;;;;;;;;X;X;X;X;;;;;;;;;;;;;;;;;;;;;;;;;;;;;;;;;;;;;;;X;X;;;;;;;;;;;;;X;;X;
S2728118500402;S2728118500402;COVER;;REPAIR;;;X;X;;X;;;;;;;;;;;;;;;;;;;;;;;;;;;;;;;;;;;;;;;;;;;;;;;;;;;;;;;;;;;;;;;;;;;;;;;;;;;;;;X;X;;;;;;;;;;;;;X;;;
S2728176000000;S2728176000000;LEVER ASSY;;INSPECTION;;;X;X;;X;;;;;;;;;;;;;;;;;;;;;;;;;;;;;;;;;;;;X;X;X;X;;;;;;;;;;;;;;;;;;;;;;;;;;;;;;;;;;;;;;;;;;;;;;;;;;;;;X;;X;
S2728192900200;S2728192900200;ROD;;INSPECTION;;;X;X;;X;;;;;;;;;;;;;;;;;;;;;;;;;;;;;;;;;;;;X;X;X;X;;;;;;;;;;;;;;;;;;;;;;;;;;;;;;;;;;;;;;;X;X;;;;;;;;;;;;;X;;X;
S282T0021;S282T002-1;NICKEL CADMIUM BATTERY;OVERHAUL;;;;X;X;X;X;X;;;;;;;;;;;;;;;;;;;;;;;X;;;X;;;;;;;;;;;;;;;;;;;;;;;;;;;;;;;;;;;;;;;;;;;;;;;;;;;;;;;;;;;;;;;;X;;;;
S282T0031;S282T003-1;NICKEL CADMIUM AIRCRAFT BATTERY;OVERHAUL;;;;X;X;X;X;X;;;;;;;;;;;;;;;;;;;;;;;X;;;X;;;;;;;;;;;;;;;;;;;;;;;;;;;;;;;;;;;;;;;;;;;;;;;;;;;;;;;;;;;;;;;;X;;;;
S282T0034;S282T003-4;NICKEL CADMIUM AIRCRAFT BATTERY;OVERHAUL;;;;X;X;X;X;X;;;;;;;;;;;;;;;;;;;;;;;X;;;X;;;;;;;;;;;;;;;;;;;;;;;;;;;;;;;;;;;;;;;;;;;;;;;;;;;;;;;;;;;;;;;;X;;;;
S28C1;S28C1;VALVE-PRESSURE RELIEF;OVERHAUL;;;;X;X;X;X;X;;;;;;;;;;;;;X;;;;;;;;;;;;;;;;;;;;;;;;;;;;;;;;;;;;;;;;;;;;;;;;;;;;;;;;;;;;;;;;;;;;;;;;;;;;;X;;;;
S2F21251;S2F212-51;EMERGENCY OXYGEN CONTAINER;REPAIR;;;;X;X;X;X;;;;;;;;;;;;;;X;;;;;;;;;;;;;;;;;;;;;;;;;;;;;;;;;;;;;;;;;;;;;;;;;;;;;;;;;;;;;;;;;;;;;;;;;;;;;X;;;;
S2F21285;S2F212-85;EMERGENCY OXYGEN CONTAINER;REPAIR;;;;X;X;X;X;;;;;;;;;;;;;;X;;;;;;;;;;;;;;;;;;;;;;;;;;;;;;;;;;;;;;;;;;;;;;;;;;;;;;;;;;;;;;;;;;;;;;;;;;;;;X;;;;
S34504;S-3450-4;CONTROL VALVE ASSEMBLY;OVERHAUL;;;;X;;;;;;;;;;;;;;;;;;;;;;;;;;;X;;;;;;;;;;;X;;;;;;;;;;;;;;;;;;;;;;;;;;;;;;;;;;;;;;;;;;;;;;;;;;;;;;;;X;;;;
S345041;S-3450-41;CONTROL VALVE ASSEMBLY;OVERHAUL;;;;X;;;;;;;;;;;;;;;;;;;;;;;;;;;X;;;;;;;;;;;X;;;;;;;;;;;;;;;;;;;;;;;;;;;;;;;;;;;;;;;;;;;;;;;;;;;;;;;;X;;;;
S35978;S3597-8;BATTERY;;BENCH TEST;;;X;X;; ;;;;;;;;;;;;;;;;;;;;;;;;;;;;;;;;;;;;X;X;;;;;;;;;;;;;;;;;;;;;;;;;;;;;;;;;;;;;;;;;;;;;;;;;;;;;;;X;;X;
S3611004401600;S3611004401600;DUCT ASSY;;REPAIR;;;X;X;; ;;;;;;;;;;;;;;;;;;;;;;;;;;;;;;;;;;;;X;X;;;;;;;;;;;;;;;;;;;;;;;;;;;;;;;;;;;;;;;;;;;;;;;;;;;;;;;X;;X;
S43000460;S4-3000460;SERVO CONTROL SPOILER ACTUATOR;OVERHAUL;;;;X;X;X;X;X;;;;;;;;;;;;;X;;;;;;;;X;X;;;;;;;;;;;;;;;;;;;;;;;;;;;;;;;;;;;;;;;;;;;;;;;;;;;;;;;;;;;;;;;;;;;;X;;;;
S4300046001;S4-3000460-01;SERVO CONTROL SPOILER ACTUATOR;OVERHAUL;;;;X;X;X;X;X;;;;;;;;;;;;;X;;;;;;;;X;X;;;;;;;;;;;;;;;;;;;;;;;;;;;;;;;;;;;;;;;;;;;;;;;;;;;;;;;;;;;;;;;;;;;;X;;;;
S4300046002;S4-3000460-02;SERVO CONTROL SPOILER ACTUATOR;OVERHAUL;;;;X;X;X;X;X;;;;;;;;;;;;;X;;;;;;;;;X;;;;;;;;;;;;;;;;;;;;;;;;;;;;;;;;;;;;;;;;;;;;;;;;;;;;;;;;;;;;;;;;;;;;X;;;;
S4300046003;S4-3000460-03;SERVO CONTROL SPOILER ACTUATOR;OVERHAUL;;;;X;X;X;X;X;;;;;;;;;;;;;X;;;;;;;;X;X;;;;;;;;;;;;;;;;;;;;;;;;;;;;;;;;;;;;;;;;;;;;;;;;;;;;;;;;;;;;;;;;;;;;X;;;;
S43000470;S4-3000470;SERVO CONTROL SPOILER ACTUATOR;OVERHAUL;;;;X;X;X;X;X;;;;;;;;;;;;;X;;;;;;;;X;X;;;;;;;;;;;;;;;;;;;;;;;;;;;;;;;;;;;;;;;;;;;;;;;;;;;;;;;;;;;;;;;;;;;;X;;;;
S4300047001;S4-3000470-01;SERVO CONTROL SPOILER ACTUATOR;OVERHAUL;;;;X;X;X;X;X;;;;;;;;;;;;;X;;;;;;;;X;X;;;;;;;;;;;;;;;;;;;;;;;;;;;;;;;;;;;;;;;;;;;;;;;;;;;;;;;;;;;;;;;;;;;;X;;;;
S4300047002;S4-3000470-02;SERVO CONTROL SPOILER ACTUATOR;OVERHAUL;;;;X;X;X;X;X;;;;;;;;;;;;;X;;;;;;;;;X;;;;;;;;;;;;;;;;;;;;;;;;;;;;;;;;;;;;;;;;;;;;;;;;;;;;;;;;;;;;;;;;;;;;X;;;;
S4300047003;S4-3000470-03;SERVO CONTROL SPOILER ACTUATOR;OVERHAUL;;;;X;X;X;X;X;;;;;;;;;;;;;X;;;;;;;;X;X;;;;;;;;;;;;;;;;;;;;;;;;;;;;;;;;;;;;;;;;;;;;;;;;;;;;;;;;;;;;;;;;;;;;X;;;;
S4330095002;S4-3300950-02;NOSE LANDING GEAR DOOR ACTUATOR;OVERHAUL;;;;X;X;X;X;X;;;;;;;;;;;;;X;;;;;;;;X;X;;;;;;;;;;;;;;;;;;;;;;;;;;;;;;;;;;;;;;;;;;;;;;;;;;;;;;;;;;;;;;;;;;;;X;;;;
S43300955;S4-3300955;NOSE LANDING GEAR DOOR ACTUATOR;OVERHAUL;;;;X;X;X;X;X;;;;;;;;;;;;;X;;;;;;;;X;X;;;;;;;;;;;;;;;;;;;;;;;;;;;;;;;;;;;;;;;;;;;;;;;;;;;;;;;;;;;;;;;;;;;;X;;;;
S4340090001;S4-3400900-01;MANUAL SELECTOR VALVE;OVERHAUL;;;;X;X;X;X;X;;;;;;;;;;;;;X;;;;;;X;;X;X;;;;;;;;;;;;;;;;;;;;;;;;;;;;;;;;;;;;;;;;;;;;;;;;;;;;;;;;;;;;;;;;;;;;X;;;;
S4340223001;S4-3402230-01;MAIN SELECTOR VALVE;REPAIR;;;;X;X;X;X;X;;;;;;;;;;;;;X;;;X;;;;;;;;;;;;;;;;;;;;;;;;;;;;;;;;;;;;;;;;;;;;;;;;;;;;;;;;;;;;;;;;;;;;;;;;;;X;;;;
S44500271;S4-4500271;SPRING STRUT;BENCH TEST;;;;X;X;X;X;X;;;;;;;;;;;;;X;;;;;;X;;X;X;;;;;;;;;;;;;;;;;;;;;;;;;;;;;;;;;;;;;;;;;;;;;;;;;;;;;;;;;;;;;;;;;;;;X;;;;
S5217600100800;S5217600100800;DOOR PAX;;REPAIR;;;X;X;;X;;;;;;;;;;;;;;;;;;;;;;;;;;;;;;;;;;;;X;X;;;;;;;;;;;;;;;;;;;;;;;;;;;;;;;;;;;;;;;;;;;;;;;;;;;;;;;X;;X;
S5217600101200;S5217600101200;PAX DOOR;;REPAIR;;;X;X;;X;;;;;;;;;;;;;;;;;;;;;;;;;;;;;;;;;;;;X;;;;X;;;;;;;;;;;;;;;;;;;;;;;;;;;;;;;;;;;;;;;;;;;;;;;;;;;;X;;X;
S5217600106200;S5217600106200;DOOR;;REPAIR;;;X;X;;;;;;;;;;;;;;;;;;;;;;;;;;;;;;;;;;;;;;X;;;;X;;;;;;;;;;;;;;;;;;;;;;;;;;;;;;;;;;;;;;;;;;;;;;;;;;;;X;;X;
S5217600106600;S5217600106600;DOOR;;REPAIR;;;X;X;;;;;;;;;;;;;;;;;;;;;;;;;;;;;;;;;;;;;;X;;;;X;;;;;;;;;;;;;;;;;;;;;;;;;;;;;;;;;;;;;;;;;;;;;;;;;;;;X;;X;
S5217600107200;S5217600107200;DOOR;;REPAIR;;;X;X;;X;;;;;;;;;;;;;;;;;;;;;;;;;;;;;;;;;;;;X;X;;; ;;;;;;;;;;;;;;;;;;;;;;;;;;;;;;;;;;;;;;;;;;;;;;;;;;;;X;;X;
S5217600107400;S5217600107400;DOOR PAX;;REPAIR;;;X;X;;;;;;;;;;;;;;;;;;;;;;;;;;;;;;;;;;;;;;;;;;;;;;;;;;;;;;;;;;;;;;;;;;;;;;;;;;;;;;;;X;;;;;;;;;;;;;;X;;X;
S5217600108600;S5217600108600;DOOR PAX LH;;REPAIR;;;X;X;;X;X;;;;;;;;;;;;;;;;;;;;;;;;;;;;;;;;;;;X;;;;X;;;;;;;;;;;;;;;;;;;;;;;;;;;;;;;;;;;;;;;;;;;;;;;;;;;;X;;X;
S5217623320002;S5217623320002;FAIRING;;REPAIR;;;X;;;;;;;;;;;;;;;;;;;;;;;;;;;;;;;;;;;;;;;X;X;;;;;;;;;;;;;;;;;;;;;;;;;;;;;;;;;;;;;;;;;;;;;;;;;;;;;;;X;;X;
S5217671601295;S5217671601295;TORQUE TUBE;;REPAIR;;;X;X;;;;;;;;;;;;;;;;;;;;;;;;;;;;;;;;;;;;;; X; ;;;X;;;;;;;;;;;;;;;;;;;;;;;;;;;;;;;;;;;;;;;;;;;;;;;;;;;;X;;X;
S5227600102000;S5227600102000;DOOR ;;REPAIR;;;X;;;;;;;;;;;;;;;;;;;;;;;;;;;;;;;;;;;;;;;X;X;;;;;;;;;;;;;;;;;;;;;;;;;;;;;;;;;;;;;;;;;;;;;;;;;;;;;;;X;;X;
S5227700100000;S5227700100000;DOOR EMERGENCY EXIT;;REPAIR;;;X;;;;;;;;;;;;;;;;;;;;;;;;;;;;;;;;;;;;;;;X;X;;;;;;;;;;;;;;;;;;;;;;;;;;;;;;;;;;;;;;;;;;;;;;;;;;;;;;;X;;X;
S5227700100400;S5227700100400;DOOR EMERGENCY EXIT;;REPAIR;;;X;X;;X;;;;;;;;;;;;;;;;;;;;;;;;;;;;;;;;;;;;X;X;;;;;;;;;;;;;;;;;;;;;;;;;;;;;;;;;;;;;;;;;;;;;;;;;;;;;;;X;;X;
S5237600103000;S5237600103000;DOOR ASSY CARGO;;REPAIR;;;X;X;;X;;;;;;;;;;;;;;;;;;;;;;;;;;;;;;;;;;;;X;;;;X;;;;;;;;;;;;;;;;;;;;;;;;;;;;;;;;;;;;;;;;;;;;;;;;;;;;X;;X;
S5237600104200;S5237600104200;DOOR;;REPAIR;;;X;X;;X;;;;;;;;;;;;;;;;;;;;;;;;;;;;;;;;;;;;X;;;;X;;;;;;;;;;;;;;;;;;;;;;;;;;;;;;;;;;;;;;;;;;;;;;;;;;;;X;;X;
S5237600104295;S5237600104295;CARGO DOOR;;REPAIR;;;X;X;;;;;;;;;;;;;;;;;;;;;;;;;;;;;;;;;;;;;;X;X;;;;;;;;;;;;;;;;;;;;;;;;;;;;;;;;;;;;;;;;;;;;;;;;;;;;;;;X;;X;
S5237600105600;S5237600105600;CARGO DOOR;;REPAIR;;;X;X;;X;;;;;;;;;;;;;;;;;;;;;;;;;;;;;;;;;;;;X;X;;;;;;;;;;;;;;;;;;;;;;;;;;;;;;;;;;;;;;;;;;;;;;;;;;;;;;;X;;X;
S5237600113200;S5237600113200;CARGO DOOR;;REPAIR;;;X;X;;X;;;;;;;;;;;;;;;;;;;;;;;;;;;;;;;;;;;;X;X;;;;;;;;;;;;;;;;;;;;;;;;;;;;;;;;;;;;;;;;;;;;;;;;;;;;;;;X;;X;
S5237600113400;S5237600113400;DOOR ASSY;;REPAIR;;;X;X;;X;;;;;;;;;;;;;;;;;;;;;;;;;;;;;;;;;;;;X;X;;;;;;;;;;;;;;;;;;;;;;;;;;;;;;;;;;;;;;;;;;;;;;;;;;;;;;;X;;X;
S5237600114400;S5237600114400;DOOR CARGO;;REPAIR;;;X;X;;X;;;;;;;;;;;;;;;;;;;;;;;;;;;;;;;;;;;;X;;;;X;;;;;;;;;;;;;;;;;;;;;;;;;;;;;;;;;;;;;;;;;;;;;;;;;;;;X;;X;
S5237600114600;S5237600114600;CARGO DOOR;;REPAIR;;;X;X;;X;;;;;;;;;;;;;;;;;;;;;;;;;;;;;;;;;;;;X;;;;X;;;;;;;;;;;;;;;;;;;;;;;;;;;;;;;;;;;;;;;;;;;;;;;;;; ;;X;;;
S523763008;S523763008;DOOR CARGO;;REPAIR;;;X;X;;X;;;;;;;;;;;;;;;;;;;;;;;;;;;;;;;;;;;;X;X;X;X; ;;;;;;;;;;;;;;X;;;;;;;;;;;;;;;;;;;;;;;;;;;;;;;;;;;;;;X;;X;
S5237900101600;S5237900101600;DOOR ASSY LH;;REPAIR;;;X;X;;X;;;;;;;;;;;;;;;;;;;;;;;;;;;;;;;;;;;;X;;;;X;;;;;;;;;;;;;;;;;;;;;;;;;;;;;;;;;;;;;;;;;;;;;;;;;;;;X;;X;
S5241053900000;S5241053900000;COLLAR;;REPAIR;;;X;X;;;;;;;;;;;;;;;;;;;;;;;;;;;;;;;;;;;;;;X;;;;X;;;;;;;;;;;;;;;;;;;;;;;;;;;;;;;;;;;;;;;;;;;;;;;;;;;;X;;X;
S5241055200200;S5241055200200;PANEL;;REPAIR;;;X;X;;X;;;;;;;;;;;;;;;;;;;;;;;;;;;;;;;;;;;;X;;;;X;;;;;;;;;;;;;;;;;;;;;;;;;;;;;;;;;;;;;;;;;;;;;;;;;;;;X;;X;
S5241055200400;S5241055200400;PANEL;;REPAIR;;;X;X;;X;;;;;;;;;;;;;;;;;;;;;;;;;;;;;;;;;;;;X;;;;X;;;;;;;;;;;;;;;;;;;;;;;;;;;;;;;;;;;;;;;;;;;;;;;;;;;;X;;X;
S5241055700400;S5241055700400;PANEL;;REPAIR;;;X;X;;;;;;;;;;;;;;;;;;;;;;;;;;;;;;;;;;;;;;X;;;;X;;;;;;;;;;;;;;;;;;;;;;;;;;;;;;;;;;;;;;;;;;;;;;;;;;;;X;;X;
S5247121200800;S5247121200800;DOOR ASSY;;REPAIR;;;X;X;;X;;;;;;;;;;;;;;;;;;;;;;;;;;;;;;;;;;;;X;;;;X;;;;;;;;;;;;;;;;;;;;;;;;;;;;;;;;;;;;;;;;;;;;;;;;;;;;X;;X;
S5247121200900;S5247121200900;DOOR;;REPAIR;;;X;X;;X;;;;;;;;;;;;;;;;;;;;;;;;;;;;;;;;;;;;X;X;;;;;;;;;;;;;;;;;;;;;;;;;;;;;;;;;;;;;;;;;;;;;;;;;;;;;;;X;;X;
S5247700100600;S5247700100600;DOOR ASSY;;REPAIR;;;X;X;;X;;;;;;;;;;;;;;;;;;;;;;;;;;;;;;;;;;;;X;X;;;;;;;;;;;;;;;;;;;;;;;;;;;;;;;;;;;;;;;;;;;;;;;;;;;;;;;X;;X;
S5247700100800;S5247700100800;DOOR ASSY;;REPAIR;;;X;X;;X;;;;;;;;;;;;;;;;;;;;;;;;;;;;;;;;;;;;X;X;;;;;;;;;;;;;;;;;;;;;;;;;;;;;;;;;;;;;;;;;;;;;;;;;;;;;;;X;;X;
S5247700101200;S5247700101200;DOOR SERVICE;;REPAIR;;;X;X;; ;;;;;;;;;;;;;;;;;;;;;;;;;;;;;;;;;;;;X;X;;; ;;;;;;;;;;;;;;;;;;;;;;;;;;;;;;;;;;;;;;;;;;;;;;;;;;;;X;;X;
S524R0014016;S524R0014-016;PANEL;;REPAIR;;;X;X;; ;;;;;;;;;;;;;;;;;;;;;;;;;;;;;;;;;;;;X;X;;; ;;;;;;;;;;;;;;;;;;;;;;;;;;;;;;;;;;;;;;;;;;;;;;;;;;;;X;;X;
S524R0014024;S524R0014-024;PANEL;;REPAIR;;;X;X;;;;;;;;;;;;;;;;;;;;;;;;;;;;;;;;;;;;;;X;;;;X;;;;;;;;;;;;;;;;;;;;;;;;;;;;;;;;;;;;;;;;;;;;;;;;;;;;X;;X;
S5267110001000;S5267110001000;AIRSTAIR ASSY;;REPAIR;;;X;X;;X;;;;;;;;;;;;;;;;;;;;;;;;;;;;;;;;;;;;X;;;;X;;;;;;;;;;;;;;;;;;;;;;;;;;;;;;;;;;;;;;;;;;;;;;;;;;;;X;;X;
S5267111501200;S5267111501200;HAND RAIL;;REPAIR;;;X;X;;X;;;;;;;;;;;;;;;;;;;;;;;;;;;;;;;;;;;;X;X;;;;;;;;;;;;;;;;;;;;;;;;;;;;;;;;;;;;;;;;;;;;;;;;;;;;;;;X;;X;
S5287130402950;S5287130402950;DOOR ASSY MLG RH;;REPAIR;;;X;X;;X;;;;;;;;;;;;;;;;;;;;;;;;;;;;;;;;;;;;X;X;;;;;;;;;;;;;;;;;;;;;;;;;;;;;;;;;;;;;;;;;;;;;;;;;;;;;;;X;;X;
S5287130600902;S5287130600902;GEAR DOOR;;REPAIR;;;X;X;;;;;;;;;;;;;;;;;;;;;;;;;;;;;;;;;;;;;;X;X;;;;;;;;;;;;;;;;;;;;;;;;;;;;;;;;;;;;;;;;;;;;;;;;;;;;;;;X;;X;
S5287431200400;S5287431200400;DOOR ASSY  ;;REPAIR;;;X;X;;X;;;;;;;;;;;;;;;;;;;;;;;;;;;;;;;;;;;;X;X;;;;;;;;;;;;;;;;;;;;;;;;;;;;;;;;;;;;;;;;;;;;;;;;;;;;;;;X;;X;
S5287660100400;S5287660100400;DOOR ASSEMBLY;;REPAIR;;;X;X;;;;;;;;;;;;;;;;;;;;;;;;;;;;;;;;;;;;;;X;X;;;;;;;;;;;;;;;;;;;;;;;;;;;;;;;;;;;;;;;;;;;;;;;;;;;;;;;X;;X;
S5287660101400;S5287660101400;DOOR ASSEMBLY;;REPAIR;;;X;X;;;;;;;;;;;;;;;;;;;;;;;;;;;;;;;;;;;;;;X;X;;;;;;;;;;;;;;;;;;;;;;;;;;;;;;;;;;;;;;;;;;;;;;;;;;;;;;;X;;X;
S5287660101500;S5287660101500;DOOR ASSEMBLY;;REPAIR;;;X;X;;;;;;;;;;;;;;;;;;;;;;;;;;;;;;;;;;;;;;X;X;;;;;;;;;;;;;;;;;;;;;;;;;;;;;;;;;;;;;;;;;;;;;;;;;;;;;;;X;;X;
S5287660200200;S5287660200200;DOOR ASSEMBLY;;REPAIR;;;X;X;;X;;;;;;;;;;;;;;;;;;;;;;;;;;;;;;;;;;;;X;X;;;;;;;;;;;;;;;;;;;;;;;;;;;;;;;;;;;;;;;;;;;;;;;;;;;;;;;X;;X;
S5287660200600;S5287660200600;ASSEMBLY;;REPAIR;;;X;X;;X;;;;;;;;;;;;;;;;;;;;;;;;;;;;;;;;;;;;X;X;;;;;;;;;;;;;;;;;;;;;;;;;;;;;;;;;;;;;;;;;;;;;;;;;;;;;;;X;;X;
S5287660200700;S5287660200700;DOOR;;REPAIR;;;X;X;;X;;;;;;;;;;;;;;;;;;;;;;;;;;;;;;;;;;;;X;X;;;;;;;;;;;;;;;;;;;;;;;;;;;;;;;;;;;;;;;;;;;;;;;;;;;;;;;X;;X;
S5287660201400;S5287660201400;DOOR NLG L/H;;REPAIR;;;X;X;;X;;;;;;;;;;;;;;;;;;;;;;;;;;;;;;;;;;;;X;X;;;;;;;;;;;;;;;;;;;;;;;;;;;;;;;;;;;;;;;;;;;;;;;;;;;;;;;X;;X;
S5287660201500;S5287660201500;NLG FWD DOOR RH;;REPAIR;;;X;X;;;;;;;;;;;;;;;;;;;;;;;;;;;;;;;;;;;;;;X;;;;X;;;;;;;;;;;;;;;;;;;;;;;;;;;;;;;;;;;;;;;;;;;;;;;;;;;;X;;X;
S5287660201600;S5287660201600;DOOR;;REPAIR;;;X;X;;X;;;;;;;;;;;;;;;;;;;;;;;;;;;;;;;;;;;;X;X;;;;;;;;;;;;;;;;;;;;;;;;;;;;;;;;;;;;;;;;;;;;;;;;;;;;;;;X;;X;
S5287660201700;S5287660201700;NLG AFT DOOR;;REPAIR;;;X;X;;;;;;;;;;;;;;;;;;;;;;;;;;;;;;;;;;;;;;X;;;;X;;;;;;;;;;;;;;;;;;;;;;;;;;;;;;;;;;;;;;;;;;;;;;;;;;;;X;;X;
S5287920200200;S5287920200200;DOOR;;REPAIR;;;X;X;;X;;;;;;;;;;;;;;;;;;;;;;;;;;;;;;;;;;;;X;X;;;;;;;;;;;;;;;;;;;;;;;;;;;;;;;;;;;;;;;;;;;;;;;;;;;;;;;X;;X;
S5287930100450;S5287930100450;MLG DOOR ASSY LH;;REPAIR;;;X;X;;X;;;;;;;;;;;;;;;;;;;;;;;;;;;;;;;;;;;;X; ;;;X;;;;;;;;;;;;;;;;;;;;;;;;;;;;;;;;;;;;;;;;;;;;;;;;;;;;X;;X;
S5287930100550;S5287930100550;MLG DOOR ASSY LH;;REPAIR;;;X;X;X;X;;;;;;;;;;;;;;;;;;;;;;;;;;;;;;;;;;;;X;;;;X;;;;;;;;;;;;;;;;;;;;;;;;;;;;;;;;;;;;;;;;;;;;;;;;;;;;X;;X;
S5287930101050;S5287930101050;MLG DOOR ASSY LH;;REPAIR;;;X;X;;X;;;;;;;;;;;;;;;;;;;;;;;;;;;;;;;;;;;;X;;;;X;;;;;;;;;;;;;;;;;;;;;;;;;;;;;;;;;;;;;;;;;;;;;;;;;;;;X;;X;
S5287930101150;S5287930101150;MLG DOOR ASSY;;REPAIR;;;X;X;;X;;;;;;;;;;;;;;;;;;;;;;;;;;;;;;;;;;;;X;;;;X;;;;;;;;;;;;;;;;;;;;;;;;;;;;;;;;;;;;;;;;;;;;;;;;;;;;X;;X;
S5287930101851;S5287930101851;MLG DOOR ASSY LH;;REPAIR;;;X;X;;;;;;;;;;;;;;;;;;;;;;;;;;;;;;;;;;;;;;X;X;;;;;;;;;;;;;;;;;;;;;;;;;;;;;;;;;;;;;;;;;;;;;;;;;;;;;;;X;;X;
S5287930101951;S5287930101951;MLG DOOR ASSY RH;;REPAIR;;;X;X;;X;;;;;;;;;;;;;;;;;;;;;;;;;;;;;;;;;;;;X;;;;X;;;;;;;;;;;;;;;;;;;;;;;;;;;;;;;;;;;;;;;;;;;;;;;;;;;;X;;X;
S5287930102000;S5287930102000;DOOR ASSY;;REPAIR;;;X;X;;X;;;;;;;;;;;;;;;;;;;;;;;;;;;;;;;;;;;;X;;;;X;;;;;;;;;;;;;;;;;;;;;;;;;;;;;;;;;;;;;;;;;;;;;;;;;;;;X;;X;
S5287930102850;S5287930102850;MLG DOOR ASSY (LH);;REPAIR;;;X;X;;X;;;;;;;;;;;;;;;;;;;;;;;;;;;;;;;;;;;;X;;;;X;;;;;;;;;;;;;;;;;;;;;;;;;;;;;;;;;;;;;;;;;;;;;;;;;;;;X;;X;
S5307030301000;S5307030301000;FLOOR PANEL;;REPAIR;;;X;X;;;;;;;;;;;;;;;;;;;;;;;;;;;;;;;;;;;;;;X; ;;;X;;;;;;;;;;;;;;;;;;;;;;;;;;;;;;;;;;;;;;;;;;;;;;;;;;;;X;;X;
S5307150201200;S5307150201200;PANEL ASSY;;REPAIR;;;X;X;;;;;;;;;;;;;;;;;;;;;;;;;;;;;;;;;;;;;;X; ;;;X;;;;;;;;;;;;;;;;;;;;;;;;;;;;;;;;;;;;;;;;;;;;;;;;;;;;X;;X;
S5307150301200;S5307150301200;PANEL ASSY;;REPAIR;;;X;X;;;;;;;;;;;;;;;;;;;;;;;;;;;;;;;;;;;;;;X;X;;; ;;;;;;;;;;;;;;;;;;;;;;;;;;;;;;;;;;;;;;;;;;;;;;;;;;;;X;;X;
S5307150500800;S5307150500800;PANEL ASSY;;REPAIR;;;X;X;;X;;;;;;;;;;;;;;;;;;;;;;;;;;;;;;;;;;;;X; ;;;X;;;;;;;;;;;;;;;;;;;;;;;;;;;;;;;;;;;;;;;;;;;;;;;;;;;;X;;X;
S5307150501200;S5307150501200;PANEL ASSY;;REPAIR;;;X;X;;;;;;;;;;;;;;;;;;;;;;;;;;;;;;;;;;;;;;X;X;;; ;;;;;;;;;;;;;;;;;;;;;;;;;;;;;;;;;;;;;;;;;;;;;;;;;;;;X;;X;
S5307150502400;S5307150502400;PANEL ASSY;;REPAIR;;;X;X;;;;;;;;;;;;;;;;;;;;;;;;;;;;;;;;;;;;;;X;X;;; ;;;;;;;;;;;;;;;;;;;;;;;;;;;;;;;;;;;;;;;;;;;;;;;;;;;;X;;X;
S5307150504200;S5307150504200;FLOOR ASSY;;REPAIR;;;X;X;;X;;;;;;;;;;;;;;;;;;;;;;;;;;;;;;;;;;;;X;;;;X;;;;;;;;;;;;;;;;;;;;;;;;;;;;;;;;;;;;;;;;;;;;;;;;;;;;X;;X;
S5307300005600;S5307300005600;CONE ASSY;;REPAIR;;;X;X;;X;;;;;;;;;;;;;;;;;;;;;;;;;;;;;;;;;;;;X;;;;X;;;;;;;;;;;;;;;;;;;;;;;;;;;;;;;;;;;;;;;;;;;;;;;;;;;;X;;X;
S5307300007200;S5307300007200;CONE ASSY;;REPAIR;;;X;X;;X;;;;;;;;;;;;;;;;;;;;;;;;;;;;;;;;;;;;X;;;;X;;;;;;;;;;;;;;;;;;;;;;;;;;;;;;;;;;;;;;;;;;;;;;;;;;;;X;;X;
S5357170002600;S5357170002600;SHIELD;;REPAIR;;;X;X;;X;;;;;;;;;;;;;;;;;;;;;;;;;;;;;;;;;;;;X;X;;;;;;;;;;;;;;;;;;;;;;;;;;;;;;;;;;;;;;;;;;;;;;;;;;;;;;;X;;X;
S5357840000251;S5357840000251;FITTING;;TEST;;;X;X;;;;;;;;;;;;;;;;;;;;;;;;;;;;;;;;;;;;;;X;;;;X;;;;;;;;;;;;;;;;;;;;;;;;;;;;;;;;;;;;;;;;;;;;;;;;;;;;X;;X;
S5367129100800;S5367129100800;FILLER ASSY;;REPAIR;;;X;X;;X;;;;;;;;;;;;;;;;;;;;;;;;;;;;;;;;;;;;X;;X;;;;;;;;;;;;;;;;;;;;;;;;;;;;;;;;;;;;;;;;;;;;;;;;;;;;;;X;;X;
S5387500001200;S5387500001200;DOOR ASSY;;REPAIR;;;X;X;;X;;;;;;;;;;;;;;;;;;;;;;;;;;;;;;;;;;;;X;X;;;;;;;;;;;;;;;;;;;;;;;;;;;;;;;;;;;;;;;;;;;;;;;;;;;;;;;X;;X;
S5391007001200;S5391007001200;PANEL ASSY;;REPAIR;;;X;X;;X;;;;;;;;;;;;;;;;;;;;;;;;;;;;;;;;;;;;X;X;;;;;;;;;;;;;;;;;;;;;;;;;;;;;;;;;;;;;;;;;;;;;;;;;;;;;;;X;;;
S5391007602700;S5391007602700;PANEL ASSY;;REPAIR;;;X;X;;X;;;;;;;;;;;;;;;;;;;;;;;;;;;;;;;;;;;;X;X;;;;;;;;;;;;;;;;;;;;;;;;;;;;;;;;;;;;;;;;;;;;;;;;;;;;;;;X;;X;
S5391203001200;S5391203001200;PANEL ASSY;;REPAIR;;;X;X;;X;;;;;;;;;;;;;;;;;;;;;;;;;;;;;;;;;;;;X;;;;X;;;;;;;;;;;;;;;;;;;;;;;;;;;;;;;;;;;;;;;;;;;;;;;;;;;;X;;X;
S5391206000800;S5391206000800;PANEL ASSY;;REPAIR;;;X;X;;X;;;;;;;;;;;;;;;;;;;;;;;;;;;;;;;;;;;;X;X;;;;;;;;;;;;;;;;;;;;;;;;;;;;;;;;;;;;;;;;;;;;;;;;;;;;;;;X;;X;
S5391207000800;S5391207000800;PANEL ASSY;;REPAIR;;;X;X;;X;;;;;;;;;;;;;;;;;;;;;;;;;;;;;;;;;;;;X;X;;;;;;;;;;;;;;;;;;;;;;;;;;;;;;;;;;;;;;;;;;;;;;;;;;;;;;;X;;X;
S5397121100500;S5397121100500;PANEL ASSY;;REPAIR;;;X;X;;;;;;;;;;;;;;;;;;;;;;;;;;;;;;;;;;;;;;X;X;;;;;;;;;;;;;;;;;;;;;;;;;;;;;;;;;;;;;;;;;;;;;;;;;;;;;;;X;;X;
S5397121102000;S5397121102000;PANEL ASSY LH;;BENCH TEST;;;X;X;;X;;;;;;;;;;;;;;;;;;;;;;;;;;;;;;;;;;;;X;;X;;;;;;;;;;;;;;;;;;;;;;;;;;;;;;;;;;;;;;;;;;;;;;;;;;;;;;X;;X;
S5397121500200;S5397121500200;PANEL MLG FAIRING  L/H;;REPAIR;;;X;X;;;;;;;;;;;;;;;;;;;;;;;;;;;;;;;;;;;;;;X;X;;;;;;;;;;;;;;;;;;;;;;;;;;;;;;;;;;;;;;;;;;;;;;;;;;;;;;;X;;X;
S5397121500300;S5397121500300;PANEL MLG FAIRING  R/H;;REPAIR;;;X;X;;X;;;;;;;;;;;;;;;;;;;;;;;;;;;;;;;;;;;;X;;;;X;;;;;;;;;;;;;;;;;;;;;;;;;;;;;;;;;;;;;;;;;;;;;;;;;;;;X;;X;
S5397130201400;S5397130201400;PANEL;;BENCH TEST;;;X;X;;X;;;;;;;;;;;;;;;;;;;;;;;;;;;;;;;;;;;;X;X;;;;;;;;;;;;;;;;;;;;;;;;;;;;;;;;;;;;;;;;;;;;;;;;;;;;;;;X;;X;
S5397130300701;S5397130300701;PANEL ASSY RH;;REPAIR;;;X;X;;X;;;;;;;;;;;;;;;;;;;;;;;;;;;;;;;;;;;;X;;;;X;;;;;;;;;;;;;;;;;;;;;;;;;;;;;;;;;;;;;;;;;;;;;;;;;;;;X;;X;
S5397410200800;S5397410200800;PANEL;;REPAIR;;;X;X;;X;;;;;;;;;;;;;;;;;;;;;;;;;;;;;;;;;;;;X;;;;X;;;;;;;;;;;;;;;;;;;;;;;;;;;;;;;;;;;;;;;;;;;;;;;;;;;;X;;X;
S5397410301200;S5397410301200;PANEL;;REPAIR;;;X;X;;;;;;;;;;;;;;;;;;;;;;;;;;;;;;;;;;;;;;X;X;;;;;;;;;;;;;;;;;;;;;;;;;;;;;;;;;;;;;;;;;;;;;;;;;;;;;;;X;;X;
S5397420200400;S5397420200400;FAIRING;;TEST;;;X;X;;X;;;;;;;;;;;;;;;;;;;;;;;;;;;;;;;;;;;;X;X;;;;;;;;;;;;;;;;;;;;;;;;;;;;;;;;;;;;;;;;;;;;;;;;;;;;;;;X;;X;
S5397430100800;S5397430100800;PANEL;;REPAIR;;;X;X;;;;;;;;;;;;;;;;;;;;;;;;;;;;;;;;;;;;;;;;;;;;;;;;;;;;;;;;;;;;;;;;;;;;;;;;;;;;;;;;;;;;;;;;X;X;;;;;X;;X;
S5397470102601;S5397470102601;PANEL ASSY;;REPAIR;;;X;X;;;;;;;;;;;;;;;;;;;;;;;;;;;;;;;;;;;;;;X;X;;;;;;;;;;;;;;;;;;;;;;;;;;;;;;;;;;;;;;;;;;;;;;;;;;;;;;;X;;X;
S5397471100402;S5397471100402;AIR INTAKE;;REPAIR;;;X;X;;;;;;;;;;;;;;;;;;;;;;;;;;;;;;;;;;;;;;X;;;;X;;;;;;;;;;;;;;;;;;;;;;;;;;;;;;;;;;;;;;;;;;;;;;;;;;;;X;;X;
S5397471100502;S5397471100502;AIR INTAKE;;REPAIR;;;X;X;;;;;;;;;;;;;;;;;;;;;;;;;;;;;;;;;;;;;;X;;;;X;;;;;;;;;;;;;;;;;;;;;;;;;;;;;;;;;;;;;;;;;;;;;;;;;;;;X;;X;
S5397480100201;S5397480100201;PANEL;;REPAIR;;;X;X;;;;;;;;;;;;;;;;;;;;;;;;;;;;;;;;;;;;;;X;X;;; ;;;;;;;;;;;;;;;;;;;;;;;;;;;;;;;;;;;;;;;;;;;;;;;;;;;;X;;X;
S53975000002A4;S53975000002A4;DOME RADAR;;BENCH TEST;;;X;X;;;;;;;;;;;;;;;;;;;;;;;;;;;;;;;;;;;;;;X;;;;X;;;;;;;;;;;;;;;;;;;;;;;;;;;;;;;;;;;;;;;;;;;;;;;;;;;;X;;X;
S5397500001400;S5397500001400;DOME RADAR;;REPAIR;;;X;X;;;;;;;;;;;;;;;;;;;;;;;;;;;;;;;;;;;;;;X;;;;X;;;;;;;;;;;;;;;;;;;;;;;;;;;;;;;;;;;;;;;;;;;;;;;;;;;;X;;X;
S5397500001600;S5397500001600;DOME RADAR;;REPAIR;;;X;X;;;;;;;;;;;;;;;;;;;;;;;;;;;;;;;;;;;;;;X;;;;X;;;;;;;;;;;;;;;;;;;;;;;;;;;;;;;;;;;;;;;;;;;;;;;;;;;;X;;X;
S5397500001800;S5397500001800;DOME RADAR;;REPAIR;;;X;X;;;;;;;;;;;;;;;;;;;;;;;;;;;;;;;;;;;;;;X;;;;X;;;;;;;;;;;;;;;;;;;;;;;;;;;;;;;;;;;;;;;;;;;;;;;;;;;;X;;X;
S5397500003200;S5397500003200;DOME RADAR;;REPAIR;;;X;X;;X;;;;;;;;;;;;;;;;;;;;;;;;;;;;;;;;;;;;X;X;;;;;;;;;;;;;;;;;;;;;;;;;;;;;;;;;;;;;;;;;;;;;;;;;;;;;;;X;;X;
S5397900300802;S5397900300802;LEADING EDGE FIN;;BENCH TEST;;;X;X;;X;;;;;;;;;;;;;;;;;;;;;;;;;;;;;;;;;;;;X;X;;;;;;;;;;;;;;;;;;;;;;;;;;;;;;;;;;;;;;;;;;;;;;;;;;;;;;;X;;X;
S5411040200600;S5411040200600;COWL;;REPAIR;;;X;X;;;;;;;;;;;;;;;;;;;;;;;;;;;;;;;;;;;;;;X;X;;;;;;;;;;;;;;;;;;;;;;;;;;;;;;;;;;;;;;;;;;;;;;;;;;;;;;;X;;X;
S5411040300001;S5411040300001;COWL;;REPAIR;;;X;X;;X;;;;;;;;;;;;;;;;;;;;;;;;;;;;;;;;;;;;X;X;;;;;;;;;;;;;;;;;;;;;;;;;;;;;;;;;;;;;;;;;;;;;;;;;;;;;;;X;;X;
S5411040300600;S5411040300600;COWL;;REPAIR;;;X;X;;X;;;;;;;;;;;;;;;;;;;;;;;;;;;;;;;;;;;;X;X;;;;;;;;;;;;;;;;;;;;;;;;;;;;;;;;;;;;;;;;;;;;;;;;;;;;;;;X;;X;
S5411040400851;S5411040400851;BEAM ASSY;;REPAIR;;;X;X;;X;;;;;;;;;;;;;;;;;;;;;;;;;;;;;;;;;;;;X;X;;;;;;;;;;;;;;;;;;;;;;;;;;;;;;;;;;;;;;;;;;;;;;;;;;;;;;;X;;X;
S5411040401251;S5411040401251;BEAM ASSY;;REPAIR;;;X;X;;X;;;;;;;;;;;;;;;;;;;;;;;;;;;;;;;;;;;;X;X;;;;;;;;;;;;;;;;;;;;;;;;;;;;;;;;;;;;;;;;;;;;;;;;;;;;;;;X;;X;
S5411052500000;S5411052500000;AIR INTAKE;;REPAIR;Repair/Inspection/Modification;;X;X;X;X;;;;;;;;;;;;;;;;;;;;;;;;;;;;;;;;;;;;X;X;;;;;;;;;;;;;;;;;;;;;;;;;;;;;;;;;;;;;;;;;;;;;;;;;;;;;;;X;X;X;
S5411052500002;S5411052500002;AIR INTAKE;;OVERHAUL;Repair/Inspection/Modification;;X;X;X;;;;;;;;;;;;;;;;;;;;;;;;;;;;;;;;;;;;;X;X;;;;;;;;;;;;;;;;;;;;;;;;;;;;;;;;;;;;;;;;;;;;;;;;;;;;;;;X;X;X;
S5411060001860;S5411060001860;FAIRING COOLER;;REPAIR;;;X;;;;;;;;;;;;;;;;;;;;;;;;;;;;;;;;;;;;;;;X;X;;;;;;;;;;;;;;;;;;;;;;;;;;;;;;;;;;;;;;;;;;;;;;;;;;;;;;;X;;X;
S5411060301551;S5411060301551;FAIRING LOWER;;TEST;;;X;X;;X;;;;;;;;;;;;;;;;;;;;;;;;;;;;;;;;;;;;X;X;;;;;;;;;;;;;;;;;;;;;;;;;;;;;;;;;;;;;;;;;;;;;;;;;;;;;;;X;;X;
S5411060900000;S5411060900000;GASPATH ASSY;;OVERHAUL;Repair/Inspection/Modification;;X;X;X;X;X;;;;;;;;;;;;;;;;;;;;;;;;;;;;;;;;;;;X;;;;X;;;;;;;;;;;;;;;;;;;;;;;;;;;;;;;;;;;;;;;;;;;;;;;;;;;;X;X;X;
S5411060900011;S5411060900011;DUCT ASSY;;;Repair/Inspection/Modification;;;X;;;;;X;X;X;X;;;;;;;;;;;;;;;;;;;;;;;;;;;;;;;;;;;;X;X;X;X;X;;;;;;;;;;;;;;;;;;;;;;;;;;;;;;;;;;;;;;;;;;;;;;;;;
S5411060900040;S5411060900040;DUCT ASSY;;;Repair/Inspection/Modification;;;X;;;;;X;X;X;X;;;;;;;;;;;;;;;;;;;;;;;;;;;;;;;;;;;;X;X;X;X;X;;;;;;;;;;;;;;;;;;;;;;;;;;;;;;;;;;;;;;;;;;;;;;;;;
S5411200100000;S5411200100000;COWL ASSY;;REPAIR;;;X;X;;X;;;;;;;;;;;;;;;;;;;;;;;;;;;;;;;;;;;;X;;X;;;;;;;;;;;;;;;;;;;;;;;;;;;;;;;;;;;;;;;;;;;;;;;;;;;;;;X;;X;
S5411240200400;S5411240200400;COWL ASSY;;REPAIR;;;X;X;;X;;;;;;;;;;;;;;;;;;;;;;;;;;;;;;;;;;;;X;X;;;;;;;;;;;;;;;;;;;;;;;;;;;;;;;;;;;;;;;;;;;;;;;;;;;;;;;X;;X;
S5411249500000;S5411249500000;OUTLET ;;REPAIR;;;X;X;; ;;;;;;;;;;;;;;;;;;;;;;;;;;;;;;;;;;;;X;;;;X;;;;;;;;;;;;;;;;;;;;;;;;;;;;;;;;;;;;;;;;;;;;;;;;;;;;X;;X;
S5411249600000;S5411249600000;INLET ASSY AIR ;;REPAIR;;;X;X;;X;;;;;;;;;;;;;;;;;;;;;;;;;;;;;;;;;;;;X;;;;X;;;;;;;;;;;;;;;;;;;;;;;;;;;;;;;;;;;;;;;;;;;;;;;;;;;;X;;X;
S5411260000051;S5411260000051;FAIRING ASSY ENGINE NACELLE;;REPAIR;;;X;X;;X;;;;;;;;;;;;;;;;;;;;;;;;;;;;;;;;;;;;X;;;;X;;;;;;;;;;;;;;;;;;;;;;;;;;;;;;;;;;;;;;;;;;;;;;;;;;;;X;;X;
S5411260000052;S5411260000052;FAIRING ASSY ENGINE;;TEST;;;X;X;;X;;;;;;;;;;;;;;;;;;;;;;;;;;;;;;;;;;;;X;;;;X;;;;;;;;;;;;;;;;;;;;;;;;;;;;;;;;;;;;;;;;;;;;;;;;;;;;X;;X;
S5411260000053;S5411260000053;FAIRING ENGINE ASSY;;REPAIR;;;X;X;;X;;;;;;;;;;;;;;;;;;;;;;;;;;;;;;;;;;;;X;X;;;;;;;;;;;;;;;;;;;;;;;;;;;;;;;;;;;;;;;;;;;;;;;;;;;;;;;X;;X;
S5411265600000;S5411265600000;GASPATH ASSY;;OVERHAUL;Repair/Inspection/Modification;;X;X;X;X;;;;;;;;;;;;;;;;;;;;;;;;;;;;;;;;;;;;X;;;;X;;;;;;;;;;;;;;;;;;;;;;;;;;;;;;;;;;;;;;;;;;;;;;;;;;;;X;X;X;
S5411265600200;S5411265600200;GASPATH ASSY;;REPAIR;Repair/Inspection/Modification;;X;;;;;;;;;;;;;;;;;;;;;;;;;;;;;;;;;;;;;;;X;;;;X;;;;;;;;;;;;;;;;;;;;;;;;;;;;;;;;;;;;;;;;;;;;;;;;;;;;X;X;X;
S5411265600400;S5411265600400;DUCT ASSY;;;Repair/Inspection/Modification;;;X;;;;;X;X;X;X;;;;;;;;;;;;;;;;;;;;;;;;;;;;;;;;;;;;X;X;X;X;X;;;;;;;;;;;;;;;;;;;;;;;;;;;;;;;;;;;;;;;;;;;;;;;;;
S5411265600600;S5411265600600;ASSEMBLY;;REPAIR;Repair/Inspection/Modification;;X;X;;X;;;;;;;;;;;;;;;;;;;;;;;;;;;;;;;;;;;;X;;;;X;;;;;;;;;;;;;;;;;;;;;;;;;;;;;;;;;;;;;;;;;;;;;;;;;;;;X;X;X;
S5411265600700;S5411265600700;DUCT ASSY;;REPAIR;Repair/Inspection/Modification;;X;X;;X;;;;;;X;;;;;;;;;;;;;;;;;;;;;;;;;;;;;;X;;;;X;;;;;;;;;;;;;;;;;;;;;;;;;;;;;;;;;;;;;;;;;;;;;;;;;;;;X;X;X;
S5411265600800;S5411265600800;DUCT ASSY;;;Repair/Inspection/Modification;;;X;;;;;X;X;X;X;;;;;;;;;;;;;;;;;;;;;;;;;;;;;;;;;;;;X;X;X;X;X;;;;;;;;;;;;;;;;;;;;;;;;;;;;;;;;;;;;;;;;;;;;;;;;;
S5411265600900;S5411265600900;DUCT ASSY;;;Repair/Inspection/Modification;;;X;;;;;X;X;X;X;;;;;;;;;;;;;;;;;;;;;;;;;;;;;;;;;;;;X;X;X;X;X;;;;;;;;;;;;;;;;;;;;;;;;;;;;;;;;;;;;;;;;;;;;;;;;;
S5411267000000;S5411267000000;DUCT ASSY;;REPAIR;Repair/Inspection/Modification;;X;X;;X;;;;;;;;;;;;;;;;;;;;;;;;;;;;;;;;;;;;X;;;;X;;;;;;;;;;;;;;;;;;;;;;;;;;;;;;;;;;;;;;;;;;;;;;;;;;;;X;X;X;
S5411267000095;S5411267000095;DUCT ASSY;;REPAIR;;;X;X;;;;;;;;;;;;;;;;;;;;;;;;;;;;;;;;;;;;;;X;;;;X;;;;;;;;;;;;;;;;;;;;;;;;;;;;;;;;;;;;;;;;;;;;;;;;;;;;X;;X;
S5411267000200;S5411267000200;DUCT ASSY;;REPAIR;Repair/Inspection/Modification;;X;X;;X;;;;;;;;;;;;;;;;;;;;;;;;;;;;;;;;;;;;X;;;;X;;;;;;;;;;;;;;;;;;;;;;;;;;;;;;;;;;;;;;;;;;;;;;;;;;;;X;X;X;
S5411267000600;S5411267000600;OIL COOLER DUCT ASSY;;REPAIR;Repair/Inspection/Modification;;X;X;;X;;;;;;;;;;;;;;;;;;;;;;;;;;;;;;;;;;;;X;;;;X;;;;;;;;;;;;;;;;;;;;;;;;;;;;;;;;;;;;;;;;;;;;;;;;;;;;X;X;X;
S5411267001000;S5411267001000;OIL COOLER DUCT ASSY;;REPAIR;Repair/Inspection/Modification;;X;X;;X;;;;;;;;;;;;;;;;;;;;;;;;;;;;;;;;;;;;X;;;;X;;;;;;;;;;;;;;;;;;;;;;;;;;;;;;;;;;;;;;;;;;;;;;;;;;;;X;X;X;
S5411267001100;S5411267001100;DUCT ASSY;;;Repair/Inspection/Modification;;;X;;;;;X;X;X;X;;;;;;;;;;;;;;;;;;;;;;;;;;;;;;;;;;;;X;X;X;X;X;;;;;;;;;;;;;;;;;;;;;;;;;;;;;;;;;;;;;;;;;;;;;;;;;
S5411267001200;S5411267001200;OIL COOLER DUCT ASSY;;REPAIR;Repair/Inspection/Modification;;X;X;;X;;;;;;;;;;;;;;;;;;;;;;;;;;;;;;;;;;;;X;;;;X;;;;;;;;;;;;;;;;;;;;;;;;;;;;;;;;;;;;;;;;;;;;;;;;;;;;X;X;X;
S5411267001300;S5411267001300;OIL COOLER DUCT ASSY;;REPAIR;Repair/Inspection/Modification;;X;X;;X;;;;;;;;;;;;;;;;;;;;;;;;;;;;;;;;;;;;X;;;;X;;;;;;;;;;;;;;;;;;;;;;;;;;;;;;;;;;;;;;;;;;;;;;;;;;;;X;X;X;
S5411272300301;S5411272300301;DUCT ASSY EXHAUST;;REPAIR;;;X;X;;X;;;;;;;;;;;;;;;;;;;;;;;;;;;;;;;;;;;;X;;X;;;;;;;;;;;;;;;;;;;;;;;;;;;;;;;;;;;;;;;;;;;;;;;;;;;;;;X;;X;
S5411275900001;S5411275900001;AIR INTAKE;;REPAIR;Repair/Inspection/Modification;;X;X;X;X;X;;;;;;;;;;;;;;;;;;;;;;;;;;;;;;;;;;;X;;;;X;;;;;;;;;;;;;;;;;;;;;;;;;;;;;;;;;;;;;;;;;;;;;;;;;;;;X;X;X;
S5411275900200;S5411275900200;AIR INTAKE;;REPAIR;Repair/Inspection/Modification;;X;X;X;X;;;;;;;;;;;;;;;;;;;;;;;;;;;;;;;;;;;;X;X;;;;;;;;;;;;;;;;;;;;;;;;;;;;;;;;;;;;;;;;;;;;;;;;;;;;;;;X;X;X;
S5411275900201;S5411275900201;AIR INTAKE;;;Repair/Inspection/Modification;;;X;;;;;X;X;X;X;;;;;;;;;;;;;;;;;;;;;;;;;;;;;;;;;;;;X;X;X;X;X;;;;;;;;;;;;;;;;;;;;;;;;;;;;;;;;;;;;;;;;;;;;;;;;;
S5411275900300;S5411275900300;AIR INTAKE;;;Repair/Inspection/Modification;;;X;;;;;X;X;X;X;;;;;;;;;;;;;;;;;;;;;;;;;;;;;;;;;;;;X;X;X;X;X;;;;;;;;;;;;;;;;;;;;;;;;;;;;;;;;;;;;;;;;;;;;;;;;;
S5411275900401;S5411275900401;AIR INTAKE;;;Repair/Inspection/Modification;;;X;;;;;X;X;X;X;;;;;;;;;;;;;;;;;;;;;;;;;;;;;;;;;;;;X;X;X;X;X;;;;;;;;;;;;;;;;;;;;;;;;;;;;;;;;;;;;;;;;;;;;;;;;;
S5411275900601;S5411275900601;AIR INTAKE;;;Repair/Inspection/Modification;;;X;;;;;X;X;X;X;;;;;;;;;;;;;;;;;;;;;;;;;;;;;;;;;;;;X;X;X;X;X;;;;;;;;;;;;;;;;;;;;;;;;;;;;;;;;;;;;;;;;;;;;;;;;;
S5411275900801;S5411275900801;AIR INTAKE;;;Repair/Inspection/Modification;;;X;;;;;X;X;X;X;;;;;;;;;;;;;;;;;;;;;;;;;;;;;;;;;;;;X;X;X;X;X;;;;;;;;;;;;;;;;;;;;;;;;;;;;;;;;;;;;;;;;;;;;;;;;;
S5411275901001;S5411275901001;AIR INTAKE;;;Repair/Inspection/Modification;;;X;;;;;X;X;X;X;;;;;;;;;;;;;;;;;;;;;;;;;;;;;;;;;;;;X;X;X;X;X;;;;;;;;;;;;;;;;;;;;;;;;;;;;;;;;;;;;;;;;;;;;;;;;;
S5411278000000;S5411278000000;OUTLET VANE;;REPAIR;;;X;X;;;;;;;;;;;;;;;;;;;;;;;;;;;;;;;;;;;;;;X;X;;;;;;;;;;;;;;;;;;;;;;;;;;;;;;;;;;;;;;;;;;;;;;;;;;;;;;;X;;X;
S5411278000200;S5411278000200;DUCT ASSY;;REPAIR;;;X;X;;X;;;;;;;;;;;;;;;;;;;;;;;;;;;;;;;;;;;;X;X;;;;;;;;;;;;;;;;;;;;;;;;;;;;;;;;;;;;;;;;;;;;;;;;;;;;;;;X;;X;
S5411278000201;S5411278000201;DUCT ASSY;;REPAIR;;;X;X;;X;;;;;;;;;;;;;;;;;;;;;;;;;;;;;;;;;;;;X;X;;;;;;;;;;;;;;;;;;;;;;;;;;;;;;;;;;;;;;;;;;;;;;;;;;;;;;;X;;X;
S5411278000400;S5411278000400;DUCT ASSY;;REPAIR;;;X;X;;X;;;;;;;;;;;;;;;;;;;;;;;;;;;;;;;;;;;;X;;;;X;;;;;;;;;;;;;;;;;;;;;;;;;;;;;;;;;;;;;;;;;;;;;;;;;;;;X;;X;
S5411561900000;S5411561900000;AIR INTAKE DUCT ASSY;;REPAIR;Repair/Inspection/Modification;;X;X;;X;;;;;;;;;;;;;;;;;;;;;;;;;;;;;;;;;;;;X;;;;X;;;;;;;;;;;;;;;;;;;;;;;;;;;;;;;;;;;;;;;;;;;;;;;;;;;;X;X;X;
S5411561900100;S5411561900100;AIR INTAKE;;;Repair/Inspection/Modification;;;X;;;;;X;X;X;X;;;;;;;;;;;;;;;;;;;;;;;;;;;;;;;;;;;;X;X;X;X;X;;;;;;;;;;;;;;;;;;;;;;;;;;;;;;;;;;;;;;;;;;;;;;;;;
S5421010300000;S5421010300000;DOOR;;REPAIR;;;X;X;;;;;;;;;;;;;;;;;;;;;;;;;;;;;;;;;;;;;;X;X;;;;;;;;;;;;;;;;;;;;;;;;;;;;;;;;;;;;;;;;;;;;;;;;;;;;;;;X;;X;
S5421010300100;S5421010300100;CAPOT LATERAL;;REPAIR;;;X;X;;;;;;;;;;;;;;;;;;;;;;;;;;;;;;;;;;;;;;X;X;;;;;;;;;;;;;;;;;;;;;;;;;;;;;;;;;;;;;;;;;;;;;;;;;;;;;;;X;;X;
S5421014000300;S5421014000300;COWL ASSY;;REPAIR;;;X;X;;X;;;;;;;;;;;;;;;;;;;;;;;;;;;;;;;;;;;;X;X;;;;;;;;;;;;;;;;;;;;;;;;;;;;;;;;;;;;;;;;;;;;;;;;;;;;;;;X;;X;
S5421014000700;S5421014000700;COWLING;;REPAIR;;;X;X;;X;X;;;;;;;;;;;;;;;;;;;;;;;;;;;;;;;;;;;X;;;;X;;;;;;;;;;;;;;;;;;;;;;;;;;;;;;;;;;;;;;;;;;;;;;;;;;;;X;;;
S5421210300000;S5421210300000;COWL ASSY;;REPAIR;;;X;X;;X;;;;;;;;;;;;;;;;;;;;;;;;;;;;;;;;;;;;X;X;;;;;;;;;;;;;;;;;;;;;;;;;;;;;;;;;;;;;;;;;;;;;;;;;;;;;;;X;;X;
S5421210300400;S5421210300400;COWL ASSY;;REPAIR;;;X;X;;X;;;;;;;;;;;;;;;;;;;;;;;;;;;;;;;;;;;;X;X;;;X;;;;;;;;;;;;;;;;;;;;;;;;;;;;;;;;;;;;;;;;;;;;;;;;;;;;X;;X;
S5421210300500;S5421210300500;COWL ASSY;;REPAIR;;;X;X;;X;;;;;;;;;;;;;;;;;;;;;;;;;;;;;;;;;;;;X;X;;;;;;;;;;;;;;;;;;;;;;;;;;;;;;;;;;;;;;;;;;;;;;;;;;;;;;;X;;X;
S5421210600000;S5421210600000;COWL ASSY;;REPAIR;;;X;X;;X;;;;;;;;;;;;;;;;;;;;;;;;;;;;;;;;;;;;X;X;;;;;;;;;;;;;;;;;;;;;;;;;;;;;;;;;;;;;;;;;;;;;;;;;;;;;;;X;;X;
S5421210600100;S5421210600100;COWL;;REPAIR;;;X;X;;X;;;;;;;;;;;;;;;;;;;;;;;;;;;;;;;;;;;;X;X;;;;;;;;;;;;;;;;;;;;;;;;;;;;;;;;;;;;;;;;;;;;;;;;;;;;;;;X;;X;
S5421210700000;S5421210700000;COWL;;REPAIR;;;X;X;;X;;;;;;;;;;;;;;;;;;;;;;;;;;;;;;;;;;;;X; ;;;X;;;;;;;;;;;;;;;;;;;;;;;;;;;;;;;;;;;;;;;;;;;;;;;;;;;;X;;X;
S5421210700300;S5421210700300;COWL LOWER ASSY;;REPAIR;;;X;X;;X;;;;;;;;;;;;;;;;;;;;;;;;;;;;;;;;;;;;X;;;;X;;;;;;;;;;;;;;;;;;;;;;;;;;;;;;;;;;;;;;;;;;;;;;;;;;;;X;;X;
S5421222600000;S5421222600000;COWL ASSY;;REPAIR;;;X;X;;X;;;;;;;;;;;;;;;;;;;;;;;;;;;;;;;;;;;;X; ;;;X;;;;;;;;;;;;;;;;;;;;;;;;;;;;;;;;;;;;;;;;;;;;;;;;;;;;X;;X;
S5421222600100;S5421222600100;COWL ASSY;;REPAIR;;;X;X;;X;;;;;;;;;;;;;;;;;;;;;;;;;;;;;;;;;;;;X; ;;;X;;;;;;;;;;;;;;;;;;;;;;;;;;;;;;;;;;;;;;;;;;;;;;;;;;;;X;;X;
S5421222700100;S5421222700100;COWL ASSY;;REPAIR;;;X;X;;X;;;;;;;;;;;;;;;;;;;;;;;;;;;;;;;;;;;;X; ;;;X;;;;;;;;;;;;;;;;;;;;;;;;;;;;;;;;;;;;;;;;;;;;;;;;;;;;X;;X;
S5421222800000;S5421222800000;COWL ASSY;;REPAIR;;;X;X;;X;;;;;;;;;;;;;;;;;;;;;;;;;;;;;;;;;;;;X; ;;;X;;;;;;;;;;;;;;;;;;;;;;;;;;;;;;;;;;;;;;;;;;;;;;;;;;;;X;;X;
S5421222800100;S5421222800100;COWL ASSY;;REPAIR;;;X;X;;X;;;;;;;;;;;;;;;;;;;;;;;;;;;;;;;;;;;;X;;;;X;;;;;;;;;;;;;;;;;;;;;;;;;;;;;;;;;;;;;;;;;;;;;;;;;;;;X;;X;
S5421260000100;S5421260000100;FAIRING;;REPAIR;;;X;X;; ;;;;;;;;;;;;;;;;;;;;;;;;;;;;;;;;;;;;X;;X;; ;;;;;;;;;;;;;;;;;;;;;;;;;;;;;;;;;;;;;;;;;;;;;;;;;;;;X;;X;
S5421502000200;S5421502000200;FIREWALL ASSY;;REPAIR;;;X;X;; ;;;;;;;;;;;;;;;;;;;;;;;;;;;;;;;;;;;;X;;X;; ;;;;;;;;;;;;;;;;;;;;;;;;;;;;;;;;;;;;;;;;;;;;;;;;;;;;X;;X;
S5421502000300;S5421502000300;FIREWALL ASSY;;REPAIR;;;X;X;;X;;;;;;;;;;;;;;;;;;;;;;;;;;;;;;;;;;;;X;X;;;;;;;;;;;;;;;;;;;;;;;;;;;;;;;;;;;;;;;;;;;;;;;;;;;;;;;X;;X;
S5431011000100;S5431011000100;COWL ASSY;;REPAIR;;;X;X;;X;;;;;;;;;;;;;;;;;;;;;;;;;;;;;;;;;;;;X;;;;X;;;;;;;;;;;;;;;;;;;;;;;;;;;;;;;;;;;;;;;;;;;;;;;;;;;;X;;X;
S5431011000200;S5431011000200;COWL ASSY;;REPAIR;;;X;X;;X;;;;;;;;;;;;;;;;;;;;;;;;;;;;;;;;;;;;X;X;;;;;;;;;;;;;;;;;;;;;;;;;;;;;;;;;;;;;;;;;;;;;;;;;;;;;;;X;;X;
S5431011000201;S5431011000201;COWL ASSY;;TEST;;;X;X;;;;;;;;;;;;;;;;;;;;;;;;;;;;;;;;;;;;;;X;;;;X;;;;;;;;;;;;;;;;;;;;;;;;;;;;;;;;;;;;;;;;;;;;;;;;;;;;X;;X;
S5431011000300;S5431011000300;COWL ASSY;;REPAIR;;;X;X;;X;;;;;;;;;;;;;;;;;;;;;;;;;;;;;;;;;;;;X;;;;X;;;;;;;;;;;;;;;;;;;;;;;;;;;;;;;;;;;;;;;;;;;;;;;;;;;;X;;X;
S5431212000000;S5431212000000;COWL ASSY;;REPAIR;;;X;X;;X;;;;;;;;;;;;;;;;;;;;;;;;;;;;;;;;;;;;X;X;;;;;;;;;;;;;;;;;;;;;;;;;;;;;;;;;;;;;;;;;;;;;;;;;;;;;;;X;;X;
S5431220001000;S5431220001000;FAIRING ASSY;;REPAIR;;;X;X;;X;;;;;;;;;;;;;;;;;;;;;;;;;;;;;;;;;;;;X;;;;X;;;;;;;;;;;;;;;;;;;;;;;;;;;;;;;;;;;;;;;;;;;;;;;;;;;;X;;X;
S5431220001100;S5431220001100;FAIRING ASSY;;REPAIR;;;X;X;;X;;;;;;;;;;;;;;;;;;;;;;;;;;;;;;;;;;;;X;;;;X;;;;;;;;;;;;;;;;;;;;;;;;;;;;;;;;;;;;;;;;;;;;;;;;;;;;X;;X;
S5431301100000;S5431301100000;COWL LOWER ASSY;;REPAIR;;;X;X;;X;;;;;;;;;;;;;;;;;;;;;;;;;;;;;;;;;;;;X;X;;;;;;;;;;;;;;;;;;;;;;;;;;;;;;;;;;;;;;;;;;;;;;;;;;;;;;;X;;X;
S5507000220002;S5507000220002;FAIRING;;REPAIR;;;X;X;;X;;;;;;;;;;;;;;;;;;;;;;;;;;;;;;;;;;;;X;;;;X;;;;;;;;;;;;;;;;;;;;;;;;;;;;;;;;;;;;;;;;;;;;;;;;;;;;X;;X;
S5517000000251;S5517000000251;HORIZONTAL STAB;;REPAIR;;;X;X;;X;;;;;;;;;;;;;;;;;;;;;;;;;;;;;;;;;;;;X;X;;;;;;;;;;;;;;;;;;;;;;;;;;;;;;;;;;;;;;;;;;;;;;;;;;;;;;;X;;X;
S5517200000400;S5517200000400;LEADING EDGE;;REPAIR;Repair/Inspection/Modification;;X;X;;X;;;;;;;;;;;;;;;;;;;;;;;;;;;;;;;;;;;;X;X;;;;;;;;;;;;;;;;;;;;;;;;;;;;;;;;;;;;;;;;;;;;;;;;;;;;;;;X;X;X;
S5517200000500;S5517200000500;LEADING EDGE ASSY RH;;REPAIR;Repair/Inspection/Modification;;X;X;X;X;X;;;;;;;;;;;;;;;;;;;;;;;;;;;;;;;;;;;X;;;;X;;;;;;;;;;;;;;;;;;;;;;;;;;;;;;;;;;;;;;;;;;;;;;;;;;;;X;X;X;
S5517200000600;S5517200000600;LEADING;;REPAIR;Repair/Inspection/Modification;;X;X;;X;;;;;;;;;;;;;;;;;;;;;;;;;;;;;;;;;;;;X;;;;X;;;;;;;;;;;;;;;;;;;;;;;;;;;;;;;;;;;;;;;;;;;;;;;;;;;;X;X;X;
S5517200000651;S5517200000651;LEADING EDGE ASSY LH;;REPAIR;Repair/Inspection/Modification;;X;X;X;X;X;;;;;;;;;;;;;;;;;;;;;;;;;;;;;;;;;;;X;;;;X;;;;;;;;;;;;;;;;;;;;;;;;;;;;;;;;;;;;;;;;;;;;;;;;;;;;X;X;X;
S5517200000700;S5517200000700;LEADING EDGE;;REPAIR;Repair/Inspection/Modification;;X;X;;X;;;;;;;;;;;;;;;;;;;;;;;;;;;;;;;;;;;;X;;;;X;;;;;;;;;;;;;;;;;;;;;;;;;;;;;;;;;;;;;;;;;;;;;;;;;;;;X;X;X;
S5517200000751;S5517200000751;LEADING EDGE;;REPAIR;Repair/Inspection/Modification;;X;X;; ;;;;;;;;;;;;;;;;;;;;;;;;;;;;;;;;;;;;X; ; ; ;X;;;;;;;;;;;;;;;;;;;;;;;;;;;;;;;;;;;;;;;;;;;;;;;;;;;;X;X;X;
S5517200000851;S5517200000851;LEADING EDGE LH;;REPAIR;Repair/Inspection/Modification;;X;X;X;X;;;;;;;;;;;;;;;;;;;;;;;;;;;;;;;;;;;;X;;;;X;;;;;;;;;;;;;;;;;;;;;;;;;;;;;;;;;;;;;;;;;;;;;;;;;;;;X;X;X;
S5517200000852;S5517200000852;LEADING EDGE LH;;REPAIR;;;X;X;X;X;;;;;;;;;;;;;;;;;;;;;;;;;;;;;;;;;;;;X;;;;X;;;;;;;;;;;;;;;;;;;;;;;;;;;;;;;;;;;;;;;;;;;;;;;;;;;;X;;X;
S5517200000900;S5517200000900;LEADING EDGE;;REPAIR;Repair/Inspection/Modification;;X;X;; ;;;;;;;;;;;;;;;;;;;;;;;;;;;;;;;;;;;;X; ; ; ;X;;;;;;;;;;;;;;;;;;;;;;;;;;;;;;;;;;;;;;;;;;;;;;;;;;;;X;X;X;
S5517200000951;S5517200000951;LEADING EDGE RH;;REPAIR;Repair/Inspection/Modification;;X;X;X;X;;;;;;;;;;;;;;;;;;;;;;;;;;;;;;;;;;;;X;;;;X;;;;;;;;;;;;;;;;;;;;;;;;;;;;;;;;;;;;;;;;;;;;;;;;;;;;X;X;X;
S5517200000952;S5517200000952;LEADING EDGE RH;;REPAIR;;;X;X;X;X;X;;;;;;;;;;;;;;;;;;;;;;;;;;;;;;;;;;;X;;;;X;;;;;;;;;;;;;;;;;;;;;;;;;;;;;;;;;;;;;;;;;;;;;;;;;;;;X;;X;
S5517310600000;S5517310600000;LUG ASSY;;REPAIR;;;X;X;; ;;;;;;;;;;;;;;;;;;;;;;;;;;;;;;;;;;;;X; ; ; ;X;;;;;;;;;;;;;;;;;;;;;;;;;;;;;;;;;;;;;;;;;;;;;;;;;;;;X;;X;
S5517310800000;S5517310800000;LUG ASSY;;REPAIR;;;X;X;;X;;;;;;;;;;;;;;;;;;;;;;;;;;;;;;;;;;;;X;X;X;X; ;;;;;;;;;;;;;;;;;;;;;;;;;;;;;;;;;;;;;;;;;;;;;;;;;;;;X;;X;
S5517320000901;S5517320000901;COVER ASSY HINGE;;REPAIR;;;X;X;;X;;;;;;;;;;;;;;;;;;;;;;;;;;;;;;;;;;;;X;;;;X;;;;;;;;;;;;;;;;;;;;;;;;;;;;;;;;;;;;;;;;;;;;;;;;;;;;X;;X;
S5527000000600;S5527000000600;ELEVATOR ASSY;;REPAIR;;;X;X;;X;;;;;;;;;;;;;;;;;;;;;;;;;;;;;;;;;;;;X;X;;;;;;;;;;;;;;;;;;;;;;;;;;;;;;;;;;;;;;;;;;;;;;;;;;;;;;;X;;X;
S5527000000700;S5527000000700;ELEVATOR ASSY;;BENCH TEST;;;X;X;;X;;;;;;;;;;;;;;;;;;;;;;;;;;;;;;;;;;;;X;;;;X;;;;;;;;;;;;;;;;;;;;;;;;;;;;;;;;;;;;;;;;;;;;;;;;;;;;X;;X;
S5527000000762;S5527000000762;ELEVATOR ASSY RH;;REPAIR;;;X;X;X;X;X;;;;;;;;;;;;;;;;;;;;;;;;;;;;;;;;;;;X;;;;X;;;;;;;;;;;;;;;;;;;;;;;;;;;;;;;;;;;;;;;;;;;;;;;;;;;;X;;X;
S5527000002600;S5527000002600;ELEVATOR ASSY;;BENCH TEST;;;X;X;;X;;;;;;;;;;;;;;;;;;;;;;;;;;;;;;;;;;;;X;;;;X;;;;;;;;;;;;;;;;;;;;;;;;;;;;;;;;;;;;;;;;;;;;;;;;;;;;X;;X;
S5527000002700;S5527000002700;ELEVATOR ASSY;;BENCH TEST;;;X;X;;X;;;;;;;;;;;;;;;;;;;;;;;;;;;;;;;;;;;;X;X;;;;;;;;;;;;;;;;;;;;;;;;;;;;;;;;;;;;;;;;;;;;;;;;;;;;;;;X;;X;
S5527000003000;S5527000003000;ELEVATOR ASSY;;REPAIR;;;X;X;;X;;;;;;;;;;;;;;;;;;;;;;;;;;;;;;;;;;;;X;X;;;;;;;;;;;;;;;;;;;;;;;;;;;;;;;;;;;;;;;;;;;;;;;;;;;;;;;X;;X;
S5527000003100;S5527000003100;ELEVATOR ASSY;;REPAIR;;;X;X;;X;;;;;;;;;;;;;;;;;;;;;;;;;;;;;;;;;;;;X;X;;;;;;;;;;;;;;;;;;;;;;;;;;;;;;;;;;;;;;;;;;;;;;;;;;;;;;;X;;X;
S5527000003400;S5527000003400;ELEVATOR ASSY;;REPAIR;;;X;X;;X;;;;;;;;;;;;;;;;;;;;;;;;;;;;;;;;;;;;X;X;;; ;;;;;;;;;;;;;;;;;;;;;;;;;;;;;;;;;;;;;;;;;;;;;;;;;;;;X;;X;
S5527000003500;S5527000003500;ELEVATOR ASSY;;REPAIR;;;X;X;;X;;;;;;;;;;;;;;;;;;;;;;;;;;;;;;;;;;;;X;;;;X;;;;;;;;;;;;;;;;;;;;;;;;;;;;;;;;;;;;;;;;;;;;;;;;;;;;X;;X;
S5527000004200;S5527000004200;ELEVATOR ASSY;;INSPECTION;;;X;X;;X;;;;;;;;;;;;;;;;;;;;;;;;;;;;;;;;;;;;X;;;;X;;;;;;;;;;;;;;;;;;;;;;;;;;;;;;;;;;;;;;;;;;;;;;;;;;;;X;;X;
S5527000004300;S5527000004300;ELEVATOR ASSY RH;;INSPECTION;;;X;X;;X;;;;;;;;;;;;;;;;;;;;;;;;;;;;;;;;;;;;X;;;;X;;;;;;;;;;;;;;;;;;;;;;;;;;;;;;;;;;;;;;;;;;;;;;;;;;;;X;;X;
S5527400000600;S5527400000600;TRIM ELEVATOR;;REPAIR;;;X;X;;X;;;;;;;;;;;;;;;;;;;;;;;;;;;;;;;;;;;;X;;;;X;;;;;;;;;;;;;;;;;;;;;;;;;;;;;;;;;;;;;;;;;;;;;;;;;;;;X;;X;
S5527400001100;S5527400001100;TRIM ELEVATOR;;REPAIR;;;X;;;;;;;;;;;;;;;;;;;;;;;;;;;;;;;;;;;;;;;X;X;;;;;;;;;;;;;;;;;;;;;;;;;;;;;;;;;;;;;;;;;;;;;;;;;;;;;;;X;;X;
S5527600001406;S5527600001406;TRAILING EDGE;;REPAIR;;;X;X;;;;;;;;;;;;;;;;;;;;;;;;;;;;;;;;;;;;;;X;X;;;;;;;;;;;;;;;;;;;;;;;;;;;;;;;;;;;;;;;;;;;;;;;;;;;;;;;X;;X;
S5527600001506;S5527600001506;TRAILING EDGE;;REPAIR;;;X;X;;X;;;;;;;;;;;;;;;;;;;;;;;;;;;;;;;;;;;;X;;;;X;;;;;;;;;;;;;;;;;;;;;;;;;;;;;;;;;;;;;;;;;;;;;;;;;;;;X;;X;
S55371000006;S55371000-006;VERTICAL STABILIZER;;REPAIR;;;X;X;;X;;;;;;;;;;;;;;;;;;;;;;;;;;;;;;;;;;;;X;X;;;;;;;;;;;;;;;;;;;;;;;;;;;;;;;;;;;;;;;;;;;;;;;;;;;;;;;X;;X;
S5537220001000;S5537220001000;LEADING EDGE;;BENCH TEST;;;X;X;;X;;;;;;;;;;;;;;;;;;;;;;;;;;;;;;;;;;;;X;;;;X;;;;;;;;;;;;;;;;;;;;;;;;;;;;;;;;;;;;;;;;;;;;;;;;;;;;X;;X;
S55374000000;S55374000-000;VERTICAL TAIL TOP ASSY;;REPAIR;;;X;X;;X;;;;;;;;;;;;;;;;;;;;;;;;;;;;;;;;;;;;X;X;;;;;;;;;;;;;;;;;;;;;;;;;;;;;;;;;;;;;;;;;;;;;;;;;;;;;;;X;;X;
S5547000000400;S5547000000400;RUDDER ASSY;;REPAIR;;;X;X;;X;;;;;;;;;;;;;;;;;;;;;;;;;;;;;;;;;;;;X;X;;;;;;;;;;;;;;;;;;;;;;;;;;;;;;;;;;;;;;;;;;;;;;;;;;;;;;;X;;X;
S5547000001600;S5547000001600;RUDDER ASSY;;REPAIR;;;X;X;;X;;;;;;;;;;;;;;;;;;;;;;;;;;;;;;;;;;;;X;;;;X;;;;;;;;;;;;;;;;;;;;;;;;;;;;;;;;;;;;;;;;;;;;;;;;;;;;X;;X;
S5547000001800;S5547000001800;RUDDER;;REPAIR;;;X;X;;X;;;;;;;;;;;;;;;;;;;;;;;;;;;;;;;;;;;;X;X;;;;;;;;;;;;;;;;;;;;;;;;;;;;;;;;;;;;;;;;;;;;;;;;;;;;;;;X;;X;
S5547000002600;S5547000002600;RUDDER ASSY;;REPAIR;;;X;X;;X;;;;;;;;;;;;;;;;;;;;;;;;;;;;;;;;;;;;X;X;;;;;;;;;;;;;;;;;;;;;;;;;;;;;;;;;;;;;;;;;;;;;;;;;;;;;;;X;;X;
S5547000003800;S5547000003800;RUDDER ASSY;;REPAIR;;;X;X;;;;;;;;;;;;;;;;;;;;;;;;;;;;;;;;;;;;;;X;;;;X;;;;;;;;;;;;;;;;;;;;;;;;;;;;;;;;;;;;;;;;;;;;;;;;;;;;X;;X;
S5547900001200;S5547900001200;TRIM TAB ASSY;;REPAIR;;;X;X;;X;;;;;;;;;;;;;;;;;;;;;;;;;;;;;;;;;;;;X;;;;X;;;;;;;;;;;;;;;;;;;;;;;;;;;;;;;;;;;;;;;;;;;;;;;;;;;;X;;X;
S55479000900;S55479000900;TRIM TAB ASSY;;REPAIR;;;X;X;;X;;;;;;;;;;;;;;;;;;;;;;;;;;;;;;;;;;;;X;;;;X;;;;;;;;;;;;;;;;;;;;;;;;;;;;;;;;;;;;;;;;;;;;;;;;;;;;X;;X;
S5561210400000;S5561210400000;FAIRING;;REPAIR;;;X;X;;X;;;;;;;;;;;;;;;;;;;;;;;;;;;;;;;;;;;;X;X;;;;;;;;;;;;;;;;;;;;;;;;;;;;;;;;;;;;;;;;;;;;;;;;;;;;;;;X;;X;
S5701006320001;S5701006320001;ASSEMBLY;;REPAIR;;;X;X;;X;;;;;;;;;;;;;;;;;;;;;;;;;;;;;;;;;;;;X;X;;;;;;;;;;;;;;;;;;;;;;;;;;;;;;;;;;;;;;;;;;;;;;;;;;;;;;;X;;X;
S5701006420001;S5701006420001;SPACER;;REPAIR;;;X;X;;X;;;;;;;;;;;;;;;;;;;;;;;;;;;;;;;;;;;;X;X;;;;;;;;;;;;;;;;;;;;;;;;;;;;;;;;;;;;;;;;;;;;;;;;;;;;;;;X;;X;
S5701006720001;S5701006720001;SPACER;;REPAIR;;;X;X;;X;;;;;;;;;;;;;;;;;;;;;;;;;;;;;;;;;;;;X;X;;;;;;;;;;;;;;;;;;;;;;;;;;;;;;;;;;;;;;;;;;;;;;;;;;;;;;;X;;X;
S5701055901000;S5701055901000;BEAM;;REPAIR;;;X;X;;;;;;;;;;;;;;;;;;;;;;;;;;;;;;;;;;;;;;X;;;;X;;;;;;;;;;;;;;;;;;;;;;;;;;;;;;;;;;;;;;;;;;;;;;;;;;;;X;;X;
S5701056001060;S5701056001060;BEAM;;REPAIR;;;X;X;;;;;;;;;;;;;;;;;;;;;;;;;;;;;;;;;;;;;;X;X;;;;;;;;;;;;;;;;;;;;;;;;;;;;;;;;;;;;;;;;;;;;;;;;;;;;;;;X;;X;
S5701056901000;S5701056901000;BEAM;;REPAIR;;;X;X;;;;;;;;;;;;;;;;;;;;;;;;;;;;;;;;;;;;;;X;X;;;;;;;;;;;;;;;;;;;;;;;;;;;;;;;;;;;;;;;;;;;;;;;;;;;;;;;X;;X;
S5701056901100;S5701056901100;BEAM;;REPAIR;;;X;X;;X;;;;;;;;;;;;;;;;;;;;;;;;;;;;;;;;;;;;X;;;;X;;;;;;;;;;;;;;;;;;;;;;;;;;;;;;;;;;;;;;;;;;;;;;;;;;;;X;;X;
S5701206600140;S5701206600140;BEAM;;REPAIR;;;X;X;;X;;;;;;;;;;;;;;;;;;;;;;;;;;;;;;;;;;;;X;X;;;;;;;;;;;;;;;;;;;;;;;;;;;;;;;;;;;;;;;;;;;;;;;;;;;;;;;X;;X;
S5701506500000;S5701506500000;BRACKET ASSY;;REPAIR;;;X;X;;X;;;;;;;;;;;;;;;;;;;;;;;;;;;;;;;;;;;;X;;;;X;;;;;;;;;;;;;;;;;;;;;;;;;;;;;;;;;;;;;;;;;;;;;;;;;;;;X;;X;
S5731200200800;S5731200200800;TIP LIGHT COVER;;REPAIR;;;X;X;;X;;;;;;;;;;;;;;;;;;;;;;;;;;;;;;;;;;;;X;;;;X;;;;;;;;;;;;;;;;;;;;;;;;;;;;;;;;;;;;;;;;;;;;;;;;;;;;X;;X;
S5741003101200;S5741003101200;LEADING EDGE ASSY;;REPAIR;;;X;X;;X;;;;;;;;;;;;;;;;;;;;;;;;;;;;;;;;;;;;X;X;;;;;;;;;;;;;;;;;;;;;;;;;;;;;;;;;;;;;;;;;;;;;;;;;;;;;;;X;;X;
S5741003400200;S5741003400200;LEADING EDGE;;REPAIR;Repair/Inspection/Modification;;X;X;;;;;;;;;;;;;;;;;;;;;;;;;;;;;;;;;;;;;;X;X;;;;;;;;;;;;;;;;;;;;;;;;;;;;;;;;;;;;;;;;;;;;;;;;;;;;;;;X;X;X;
S5741003800095;S5741003800095;LEADING EDGE;;REPAIR;Repair/Inspection/Modification;;X;X;;;;;;;;;;;;;;;;;;;;;;;;;;;;;;;;;;;;;;X;X;;;;;;;;;;;;;;;;;;;;;;;;;;;;;;;;;;;;;;;;;;;;;;;;;;;;;;;X;X;X;
S5741003800195;S5741003800195;LEADING EDGE;;REPAIR;Repair/Inspection/Modification;;X;X;;;;;;;;;;;;;;;;;;;;;;;;;;;;;;;;;;;;;;X;X;;;;;;;;;;;;;;;;;;;;;;;;;;;;;;;;;;;;;;;;;;;;;;;;;;;;;;;X;X;X;
S5741003800495;S5741003800495;LEADING EDGE;;REPAIR;Repair/Inspection/Modification;;X;X;;;;;;;;;;;;;;;;;;;;;;;;;;;;;;;;;;;;;;X;X;;;;;;;;;;;;;;;;;;;;;;;;;;;;;;;;;;;;;;;;;;;;;;;;;;;;;;;X;X;X;
S5741003800595;S5741003800595;LEADING EDGE;;REPAIR;Repair/Inspection/Modification;;X;X;;X;;;;;;;;;;;;;;;;;;;;;;;;;;;;;;;;;;;;X;X;;;;;;;;;;;;;;;;;;;;;;;;;;;;;;;;;;;;;;;;;;;;;;;;;;;;;;;X;X;X;
S5741003800600;S5741003800600;LEADING EDGE;;;Repair/Inspection/Modification;;;X;;;;;X;X;X;X;;;;;;;;;;;;;;;;;;;;;;;;;;;;;;;;;;;;X;X;X;X;X;;;;;;;;;;;;;;;;;;;;;;;;;;;;;;;;;;;;;;;;;;;;;;;;;
S5741003800695;S5741003800695;LEADING EDGE;;REPAIR;Repair/Inspection/Modification;;X;X;;X;;;;;;;;;;;;;;;;;;;;;;;;;;;;;;;;;;;;X;X;;;;;;;;;;;;;;;;;;;;;;;;;;;;;;;;;;;;;;;;;;;;;;;;;;;;;;;X;X;X;
S5741003800700;S5741003800700;LEADING EDGE;;REPAIR;Repair/Inspection/Modification;;X;X;;X;;;;;;;;;;;;;;;;;;;;;;;;;;;;;;;;;;;;X;X;;;;;;;;;;;;;;;;;;;;;;;;;;;;;;;;;;;;;;;;;;;;;;;;;;;;;;;X;X;X;
S5741003800795;S5741003800795;LEADING EDGE;;REPAIR;Repair/Inspection/Modification;;X;X;X;X;X;;;;;;;;;;;;;;;;;;;;;;;;;;;;;;;;;;;X;X;;;;;;;;;;;;;;;;;;;;;;;;;;;;;;;;;;;;;;;;;;;;;;;;;;;;;;;X;X;X;
S5741003800800;S5741003800800;LEADING EDGE;;;Repair/Inspection/Modification;;;X;;;;;X;X;X;X;;;;;;;;;;;;;;;;;;;;;;;;;;;;;;;;;;;;X;X;X;X;X;;;;;;;;;;;;;;;;;;;;;;;;;;;;;;;;;;;;;;;;;;;;;;;;;
S5741003800895;S5741003800895;LEADING EDGE;;REPAIR;Repair/Inspection/Modification;;X;X;;;;;;;;;;;;;;;;;;;;;;;;;;;;;;;;;;;;;;X;X;;;;;;;;;;;;;;;;;;;;;;;;;;;;;;;;;;;;;;;;;;;;;;;;;;;;;;;X;X;X;
S5741003800900;S5741003800900;LEADING EDGE;;REPAIR;Repair/Inspection/Modification;;X;X;;X;;;;;;;;;;;;;;;;;;;;;;;;;;;;;;;;;;;;X;X;;;;;;;;;;;;;;;;;;;;;;;;;;;;;;;;;;;;;;;;;;;;;;;;;;;;;;;X;X;X;
S5741003800995;S5741003800995;LEADING EDGE;;REPAIR;Repair/Inspection/Modification;;X;X;;;;;;;;;;;;;;;;;;;;;;;;;;;;;;;;;;;;;;X;X;;;;;;;;;;;;;;;;;;;;;;;;;;;;;;;;;;;;;;;;;;;;;;;;;;;;;;;X;X;X;
S5741003801000;S5741003801000;LEADING EDGE;;REPAIR;Repair/Inspection/Modification;;X;X;;;;;;;;;;;;;;;;;;;;;;;;;;;;;;;;;;;;;;X;X;;;;;;;;;;;;;;;;;;;;;;;;;;;;;;;;;;;;;;;;;;;;;;;;;;;;;;;X;X;X;
S5741003801100;S5741003801100;LEADING EDGE;;REPAIR;Repair/Inspection/Modification;;X;X;;X;;;;;;;;;;;;;;;;;;;;;;;;;;;;;;;;;;;;X;X;;;;;;;;;;;;;;;;;;;;;;;;;;;;;;;;;;;;;;;;;;;;;;;;;;;;;;;X;X;X;
S5741004200000;S5741004200000;LEADING EDGE;;;Repair/Inspection/Modification;;;X;;;;;X;X;X;X;;;;;;;;;;;;;;;;;;;;;;;;;;;;;;;;;;;;X;X;X;X;X;;;;;;;;;;;;;;;;;;;;;;;;;;;;;;;;;;;;;;;;;;;;;;;;;
S5741004200095;S5741004200095;LEADING EDGE;;REPAIR;Repair/Inspection/Modification;;X;X;;X;;;;;;;;;;;;;;;;;;;;;;;;;;;;;;;;;;;;X;X;;;;;;;;;;;;;;;;;;;;;;;;;;;;;;;;;;;;;;;;;;;;;;;;;;;;;;;X;X;X;
S5741004200100;S5741004200100;LEADING EDGE;;;Repair/Inspection/Modification;;;X;;;;;X;X;X;X;;;;;;;;;;;;;;;;;;;;;;;;;;;;;;;;;;;;X;X;X;X;X;;;;;;;;;;;;;;;;;;;;;;;;;;;;;;;;;;;;;;;;;;;;;;;;;
S5741004200195;S5741004200195;LEADING EDGE;;REPAIR;Repair/Inspection/Modification;;X;X;;X;;;;;;;;;;;;;;;;;;;;;;;;;;;;;;;;;;;;X;X;;;;;;;;;;;;;;;;;;;;;;;;;;;;;;;;;;;;;;;;;;;;;;;;;;;;;;;X;X;X;
S5741004200200;S5741004200200;LEADING EDGE;;;Repair/Inspection/Modification;;;X;;;;;X;X;X;X;;;;;;;;;;;;;;;;;;;;;;;;;;;;;;;;;;;;X;X;X;X;X;;;;;;;;;;;;;;;;;;;;;;;;;;;;;;;;;;;;;;;;;;;;;;;;;
S5741004200295;S5741004200295;LEADING EDGE;;REPAIR;Repair/Inspection/Modification;;X;;;;;;;;;;;;;;;;;;;;;;;;;;;;;;;;;;;;;;;X;X;;;;;;;;;;;;;;;;;;;;;;;;;;;;;;;;;;;;;;;;;;;;;;;;;;;;;;;X;X;X;
S5741004200300;S5741004200300;LEADING EDGE;;BENCH TEST;Repair/Inspection/Modification;;X;X;;X;;;;;;;;;;;;;;;;;;;;;;;;;;;;;;;;;;;;X;X;;;;;;;;;;;;;;;;;;;;;;;;;;;;;;;;;;;;;;;;;;;;;;;;;;;;;;;X;X;X;
S5741004200395;S5741004200395;LEADING EDGE;;REPAIR;Repair/Inspection/Modification;;X;X;;;;;;;;;;;;;;;;;;;;;;;;;;;;;;;;;;;;;;X;X;;;;;;;;;;;;;;;;;;;;;;;;;;;;;;;;;;;;;;;;;;;;;;;;;;;;;;;X;X;X;
S5741004200600;S5741004200600;LEADING EDGE;;REPAIR;Repair/Inspection/Modification;;X;X;;;;;;;;;;;;;;;;;;;;;;;;;;;;;;;;;;;;;;X;X;;;;;;;;;;;;;;;;;;;;;;;;;;;;;;;;;;;;;;;;;;;;;;;;;;;;;;;X;X;X;
S5741004200700;S5741004200700;LEADING EDGE;;REPAIR;Repair/Inspection/Modification;;X;X;;X;;;;;;;;;;;;;;;;;;;;;;;;;;;;;;;;;;;;X;X;;;;;;;;;;;;;;;;;;;;;;;;;;;;;;;;;;;;;;;;;;;;;;;;;;;;;;;X;X;X;
S5741004200800;S5741004200800;LEADING EDGE;;REPAIR;Repair/Inspection/Modification;;X;X;;X;;;;;;;;;;;;;;;;;;;;;;;;;;;;;;;;;;;;X;X;;;;;;;;;;;;;;;;;;;;;;;;;;;;;;;;;;;;;;;;;;;;;;;;;;;;;;;X;X;X;
S5741004200900;S5741004200900;LEADING EDGE;;REPAIR;Repair/Inspection/Modification;;X;X;;X;;;;;;;;;;;;;;;;;;;;;;;;;;;;;;;;;;;;X;X;;;;;;;;;;;;;;;;;;;;;;;;;;;;;;;;;;;;;;;;;;;;;;;;;;;;;;;X;X;X;
S5741004201000;S5741004201000;LEADING EDGE;;REPAIR;Repair/Inspection/Modification;;X;X;;X;;;;;;;;;;;;;;;;;;;;;;;;;;;;;;;;;;;;X;X;;;;;;;;;;;;;;;;;;;;;;;;;;;;;;;;;;;;;;;;;;;;;;;;;;;;;;;X;X;X;
S5741004201100;S5741004201100;LEADING EDGE;;REPAIR;Repair/Inspection/Modification;;X;X;;X;;;;;;;;;;;;;;;;;;;;;;;;;;;;;;;;;;;;X;X;;;;;;;;;;;;;;;;;;;;;;;;;;;;;;;;;;;;;;;;;;;;;;;;;;;;;;;X;X;X;
S5741004201200;S5741004201200;LEADING EDGE;;REPAIR;Repair/Inspection/Modification;;X;X;;X;;;;;;;;;;;;;;;;;;;;;;;;;;;;;;;;;;;;X;X;;;;;;;;;;;;;;;;;;;;;;;;;;;;;;;;;;;;;;;;;;;;;;;;;;;;;;;X;X;X;
S5741004201300;S5741004201300;LEADING EDGE;;REPAIR;Repair/Inspection/Modification;;X;X;;X;;;;;;;;;;;;;;;;;;;;;;;;;;;;;;;;;;;;X;X;;;;;;;;;;;;;;;;;;;;;;;;;;;;;;;;;;;;;;;;;;;;;;;;;;;;;;;X;X;X;
S5741004201400;S5741004201400;LEADING EDGE;;REPAIR;Repair/Inspection/Modification;;X;X;;X;;;;;;;;;;;;;;;;;;;;;;;;;;;;;;;;;;;;X;X;;;;;;;;;;;;;;;;;;;;;;;;;;;;;;;;;;;;;;;;;;;;;;;;;;;;;;;X;X;X;
S5741004201500;S5741004201500;LEADING EDGE;;REPAIR;Repair/Inspection/Modification;;X;X;;X;;;;;;;;;;;;;;;;;;;;;;;;;;;;;;;;;;;;X;X;;X;;;;;;;;;;;;;;;;;;;;;;;;;;;;;;;;;;;;;;;;;;;;;;;;;;;;;X;X;X;
S5741004600095;S5741004600095;LEADING EDGE;;REPAIR;Repair/Inspection/Modification;;X;X;;X;;;;;;;;;;;;;;;;;;;;;;;;;;;;;;;;;;;;X;X;;;;;;;;;;;;;;;;;;;;;;;;;;;;;;;;;;;;;;;;;;;;;;;;;;;;;;;X;X;X;
S5741004600195;S5741004600195;LEADING EDGE;;REPAIR;Repair/Inspection/Modification;;X;X;;X;;;;;;;;;;;;;;;;;;;;;;;;;;;;;;;;;;;;X;X;;;;;;;;;;;;;;;;;;;;;;;;;;;;;;;;;;;;;;;;;;;;;;;;;;;;;;;X;X;X;
S5741004600200;S5741004600200;LEADING EDGE;;REPAIR;Repair/Inspection/Modification;;X;X;;X;;;;;;;;;;;;;;;;;;;;;;;;;;;;;;;;;;;;X;;;X;;;;;;;;;;;;;;;;;;;;;;;;;;;;;;;;;;;;;;;;;;;;;;;;;;;;;X;X;X;
S5741004600295;S5741004600295;LEADING EDGE;;REPAIR;Repair/Inspection/Modification;;X;X;;X;;;;;;;;;;;;;;;;;;;;;;;;;;;;;;;;;;;;X;X;;;;;;;;;;;;;;;;;;;;;;;;;;;;;;;;;;;;;;;;;;;;;;;;;;;;;;;X;X;X;
S5741004600395;S5741004600395;LEADING EDGE;;REPAIR;Repair/Inspection/Modification;;X;X;;X;;;;;;;;;;;;;;;;;;;;;;;;;;;;;;;;;;;;X;X;;;;;;;;;;;;;;;;;;;;;;;;;;;;;;;;;;;;;;;;;;;;;;;;;;;;;;;X;X;X;
S5741004600400;S5741004600400;LEADING EDGE;;;Repair/Inspection/Modification;;;X;;;;;X;X;X;X;;;;;;;;;;;;;;;;;;;;;;;;;;;;;;;;;;;;X;X;X;X;X;;;;;;;;;;;;;;;;;;;;;;;;;;;;;;;;;;;;;;;;;;;;;;;;;
S5741004600500;S5741004600500;LEADING EDGE;;;Repair/Inspection/Modification;;;X;;;;;X;X;X;X;;;;;;;;;;;;;;;;;;;;;;;;;;;;;;;;;;;;X;X;X;X;X;;;;;;;;;;;;;;;;;;;;;;;;;;;;;;;;;;;;;;;;;;;;;;;;;
S5741004600600;S5741004600600;LEADING EDGE;;;Repair/Inspection/Modification;;;X;;;;;X;X;X;X;;;;;;;;;;;;;;;;;;;;;;;;;;;;;;;;;;;;X;X;X;X;X;;;;;;;;;;;;;;;;;;;;;;;;;;;;;;;;;;;;;;;;;;;;;;;;;
S5741004600695;S5741004600695;LEADING EDGE;;REPAIR;Repair/Inspection/Modification;;X;X;;X;;;;;;;;;;;;;;;;;;;;;;;;;;;;;;;;;;;;X;X;;;;;;;;;;;;;;;;;;;;;;;;;;;;;;;;;;;;;;;;;;;;;;;;;;;;;;;X;X;X;
S5741004600700;S5741004600700;LEADING EDGE;;TEST;Repair/Inspection/Modification;;X;X;;X;;;;;;;;;;;;;;;;;;;;;;;;;;;;;;;;;;;;X;X;;;;;;;;;;;;;;;;;;;;;;;;;;;;;;;;;;;;;;;;;;;;;;;;;;;;;;;X;X;X;
S5741004600795;S5741004600795;LEADING EDGE;;REPAIR;Repair/Inspection/Modification;;X;X;;X;;;;;;;;;;;;;;;;;;;;;;;;;;;;;;;;;;;;X;X;;;;;;;;;;;;;;;;;;;;;;;;;;;;;;;;;;;;;;;;;;;;;;;;;;;;;;;X;X;X;
S5741004601200;S5741004601200;LEADING EDGE;;REPAIR;Repair/Inspection/Modification;;X;X;;X;;;;;;;;;;;;;;;;;;;;;;;;;;;;;;;;;;;;X;X;;;;;;;;;;;;;;;;;;;;;;;;;;;;;;;;;;;;;;;;;;;;;;;;;;;;;;;X;X;X;
S5741004601295;S5741004601295;LEADING EDGE;;REPAIR;Repair/Inspection/Modification;;X;X;;X;;;;;;;;;;;;;;;;;;;;;;;;;;;;;;;;;;;;X;X;;;;;;;;;;;;;;;;;;;;;;;;;;;;;;;;;;;;;;;;;;;;;;;;;;;;;;;X;X;X;
S5741004601395;S5741004601395;LEADING EDGE;;REPAIR;Repair/Inspection/Modification;;X;X;;X;;;;;;;;;;;;;;;;;;;;;;;;;;;;;;;;;;;;X;X;;;;;;;;;;;;;;;;;;;;;;;;;;;;;;;;;;;;;;;;;;;;;;;;;;;;;;;X;X;X;
S5741004601400;S5741004601400;LEADING EDGE;;REPAIR;Repair/Inspection/Modification;;X;X;;X;;;;;;;;;;;;;;;;;;;;;;;;;;;;;;;;;;;;X;X;;;;;;;;;;;;;;;;;;;;;;;;;;;;;;;;;;;;;;;;;;;;;;;;;;;;;;;X;X;X;
S5741004601495;S5741004601495;LEADING EDGE;;REPAIR;Repair/Inspection/Modification;;X;X;;X;;;;;;;;;;;;;;;;;;;;;;;;;;;;;;;;;;;;X;X;;;;;;;;;;;;;;;;;;;;;;;;;;;;;;;;;;;;;;;;;;;;;;;;;;;;;;;X;X;X;
S5741004601500;S5741004601500;LEADING EDGE;;REPAIR;Repair/Inspection/Modification;;X;X;;X;;;;;;;;;;;;;;;;;;;;;;;;;;;;;;;;;;;;X;X;;;;;;;;;;;;;;;;;;;;;;;;;;;;;;;;;;;;;;;;;;;;;;;;;;;;;;;X;X;X;
S5741004601595;S5741004601595;LEADING EDGE;;REPAIR;Repair/Inspection/Modification;;X;X;;X;;;;;;;;;;;;;;;;;;;;;;;;;;;;;;;;;;;;X;X;;;;;;;;;;;;;;;;;;;;;;;;;;;;;;;;;;;;;;;;;;;;;;;;;;;;;;;X;X;X;
S5741004601800;S5741004601800;LEADING EDGE;;REPAIR;Repair/Inspection/Modification;;X;X;;X;;;;;;;;;;;;;;;;;;;;;;;;;;;;;;;;;;;;X;X;;;;;;;;;;;;;;;;;;;;;;;;;;;;;;;;;;;;;;;;;;;;;;;;;;;;;;;X;X;X;
S5741004601895;S5741004601895;LEADING EDGE;;REPAIR;Repair/Inspection/Modification;;X;X;;X;;;;;;;;;;;;;;;;;;;;;;;;;;;;;;;;;;;;X;X;;;;;;;;;;;;;;;;;;;;;;;;;;;;;;;;;;;;;;;;;;;;;;;;;;;;;;;X;X;X;
S5741004601900;S5741004601900;LEADING EDGE;;REPAIR;Repair/Inspection/Modification;;X;X;;X;;;;;;;;;;;;;;;;;;;;;;;;;;;;;;;;;;;;X;X;;;;;;;;;;;;;;;;;;;;;;;;;;;;;;;;;;;;;;;;;;;;;;;;;;;;;;;X;X;X;
S5741004601995;S5741004601995;LEADING EDGE;;REPAIR;Repair/Inspection/Modification;;X;X;;X;;;;;;;;;;;;;;;;;;;;;;;;;;;;;;;;;;;;X;X;;;;;;;;;;;;;;;;;;;;;;;;;;;;;;;;;;;;;;;;;;;;;;;;;;;;;;;X;X;X;
S5741005000095;S5741005000095;LEADING EDGE;;REPAIR;Repair/Inspection/Modification;;X;X;;X;;;;;;;;;;;;;;;;;;;;;;;;;;;;;;;;;;;;X;X;;;;;;;;;;;;;;;;;;;;;;;;;;;;;;;;;;;;;;;;;;;;;;;;;;;;;;;X;X;X;
S5741005600095;S5741005600095;LEADING EDGE;;REPAIR;Repair/Inspection/Modification;;X;X;;X;;;;;;;;;;;;;;;;;;;;;;;;;;;;;;;;;;;;X;X;;;;;;;;;;;;;;;;;;;;;;;;;;;;;;;;;;;;;;;;;;;;;;;;;;;;;;;X;X;X;
S5741005600195;S5741005600195;LEADING EDGE;;REPAIR;Repair/Inspection/Modification;;X;X;;X;;;;;;;;;;;;;;;;;;;;;;;;;;;;;;;;;;;;X;X;;;;;;;;;;;;;;;;;;;;;;;;;;;;;;;;;;;;;;;;;;;;;;;;;;;;;;;X;X;X;
S5741005600495;S5741005600495;LEADING EDGE;;;Repair/Inspection/Modification;;;X;;;;;X;X;X;X;;;;;;;;;;;;;;;;;;;;;;;;;;;;;;;;;;;;X;X;X;X;X;;;;;;;;;;;;;;;;;;;;;;;;;;;;;;;;;;;;;;;;;;;;;;;;;
S5741009300095;S5741009300095;LEADING EDGE;;REPAIR;Repair/Inspection/Modification;;X;X;;X;;;;;;;;;;;;;;;;;;;;;;;;;;;;;;;;;;;;X;X;;;;;;;;;;;;;;;;;;;;;;;;;;;;;;;;;;;;;;;;;;;;;;;;;;;;;;;X;X;X;
S5741009300295;S5741009300295;LEADING EDGE;;REPAIR;Repair/Inspection/Modification;;X;X;;X;;;;;;;;;;;;;;;;;;;;;;;;;;;;;;;;;;;;X;X;;; ;;;;;;;;;;;;;;;;;;;;;;;;;;;;;;;;;;;;;;;;;;;;;;;;;;;;X;X;X;
S5741200200100;S5741200200100;LEADING EDGE;;REPAIR;;;X;X;;;;;;;;;;;;;;;;;;;;;;;;;;;;;;;;;;;;;;X;;;;X;;;;;;;;;;;;;;;;;;;;;;;;;;;;;;;;;;;;;;;;;;;;;;;;;;;;X;;X;
S5741200200300;S5741200200300;LEADING EDGE;;REPAIR;;;X;X;;X;;;;;;;;;;;;;;;;;;;;;;;;;;;;;;;;;;;;X;;;;X;;;;;;;;;;;;;;;;;;;;;;;;;;;;;;;;;;;;;;;;;;;;;;;;;;;;X;;X;
S5741200600000;S5741200600000;LEADING EDGE;;REPAIR;Repair/Inspection/Modification;;X;X;;X;;;;;;;;;;;;;;;;;;;;;;;;;;;;;;;;;;;;X;;;;X;;;;;;;;;;;;;;;;;;;;;;;;;;;;;;;;;;;;;;;;;;;;;;;;;;;;X;X;X;
S5741200600095;S5741200600095;LEADING EDGE;;REPAIR;Repair/Inspection/Modification;;X;X;X;X;;;;;;;;;;;;;;;;;;;;;;;;;;;;;;;;;;;;X;;;;X;;;;;;;;;;;;;;;;;;;;;;;;;;;;;;;;;;;;;;;;;;;;;;;;;;;;X;X;X;
S5741200600100;S5741200600100;LEADING EDGE;;REPAIR;Repair/Inspection/Modification;;X;X;;X;;;;;;;;;;;;;;;;;;;;;;;;;;;;;;;;;;;;X;;;;X;;;;;;;;;;;;;;;;;;;;;;;;;;;;;;;;;;;;;;;;;;;;;;;;;;;;X;X;X;
S5741200600195;S5741200600195;LEADING EDGE;;REPAIR;Repair/Inspection/Modification;;X;X;X;X;;;;;;;;;;;;;;;;;;;;;;;;;;;;;;;;;;;;X;;;;X;;;;;;;;;;;;;;;;;;;;;;;;;;;;;;;;;;;;;;;;;;;;;;;;;;;;X;X;X;
S5741200600200;S5741200600200;LEADING EDGE;;REPAIR;Repair/Inspection/Modification;;X;X;;X;;;;;;;;;;;;;;;;;;;;;;;;;;;;;;;;;;;;X;;;;X;;;;;;;;;;;;;;;;;;;;;;;;;;;;;;;;;;;;;;;;;;;;;;;;;;;;X;X;X;
S5741200600295;S5741200600295;LEADING EDGE;;REPAIR;Repair/Inspection/Modification;;X;X;X;;;;;;;;;;;;;;;;;;;;;;;;;;;;;;;;;;;;;X;;;;X;;;;;;;;;;;;;;;;;;;;;;;;;;;;;;;;;;;;;;;;;;;;;;;;;;;;X;X;X;
S5741200600300;S5741200600300;LEADING EDGE;;REPAIR;Repair/Inspection/Modification;;X;X;;X;;;;;;;;;;;;;;;;;;;;;;;;;;;;;;;;;;;;X;;;;X;;;;;;;;;;;;;;;;;;;;;;;;;;;;;;;;;;;;;;;;;;;;;;;;;;;;X;X;X;
S5741200600395;S5741200600395;LEADING EDGE;;REPAIR;Repair/Inspection/Modification;;X;X;X;X;;;;;;;;;;;;;;;;;;;;;;;;;;;;;;;;;;;;X;;;;X;;;;;;;;;;;;;;;;;;;;;;;;;;;;;;;;;;;;;;;;;;;;;;;;;;;;X;X;X;
S5741200600400;S5741200600400;LEADING EDGE;;REPAIR;Repair/Inspection/Modification;;X;X;;X;;;;;;;;;;;;;;;;;;;;;;;;;;;;;;;;;;;;X;;;;X;;;;;;;;;;;;;;;;;;;;;;;;;;;;;;;;;;;;;;;;;;;;;;;;;;;;X;X;X;
S5741200600495;S5741200600495;LEADING EDGE;;REPAIR;Repair/Inspection/Modification;;X;X;X;X;;;;;;;;;;;;;;;;;;;;;;;;;;;;;;;;;;;;X;;;;X;;;;;;;;;;;;;;;;;;;;;;;;;;;;;;;;;;;;;;;;;;;;;;;;;;;;X;X;X;
S5741200600500;S5741200600500;LEADING EDGE;;REPAIR;Repair/Inspection/Modification;;X;X;;X;;;;;;;;;;;;;;;;;;;;;;;;;;;;;;;;;;;;X;;;;X;;;;;;;;;;;;;;;;;;;;;;;;;;;;;;;;;;;;;;;;;;;;;;;;;;;;X;X;X;
S5741200600595;S5741200600595;LEADING EDGE;;REPAIR;Repair/Inspection/Modification;;X;X;;;;;;;;;;;;;;;;;;;;;;;;;;;;;;;;;;;;;;X;;;;X;;;;;;;;;;;;;;;;;;;;;;;;;;;;;;;;;;;;;;;;;;;;;;;;;;;;X;X;X;
S5741200600600;S5741200600600;LEADING EDGE;;REPAIR;Repair/Inspection/Modification;;X;X;;X;;;;;;;;;;;;;;;;;;;;;;;;;;;;;;;;;;;;X;;;;X;;;;;;;;;;;;;;;;;;;;;;;;;;;;;;;;;;;;;;;;;;;;;;;;;;;;X;X;X;
S5741200600700;S5741200600700;LEADING EDGE;;;Repair/Inspection/Modification;;;X;;;;;X;X;X;X;;;;;;;;;;;;;;;;;;;;;;;;;;;;;;;;;;;;X;X;X;X;X;;;;;;;;;;;;;;;;;;;;;;;;;;;;;;;;;;;;;;;;;;;;;;;;;
S5741200600710;S5741200600710;LEADING EDGE;;;Repair/Inspection/Modification;;;X;;;;;X;X;X;X;;;;;;;;;;;;;;;;;;;;;;;;;;;;;;;;;;;;X;X;X;X;X;;;;;;;;;;;;;;;;;;;;;;;;;;;;;;;;;;;;;;;;;;;;;;;;;
S5741200600795;S5741200600795;LEADING EDGE;;;Repair/Inspection/Modification;;;X;;;;;X;X;X;X;;;;;;;;;;;;;;;;;;;;;;;;;;;;;;;;;;;;X;X;X;X;X;;;;;;;;;;;;;;;;;;;;;;;;;;;;;;;;;;;;;;;;;;;;;;;;;
S5741201600010;S5741201600010;LEADING EDGE;;REPAIR;Repair/Inspection/Modification;;X;X;;X;;;;;;;;;;;;;;;;;;;;;;;;;;;;;;;;;;;;X;;;;X;;;;;;;;;;;;;;;;;;;;;;;;;;;;;;;;;;;;;;;;;;;;;;;;;;;;X;X;X;
S5741201600095;S5741201600095;LEADING EDGE;;REPAIR;Repair/Inspection/Modification;;X;X;;X;;;;;;;;;;;;;;;;;;;;;;;;;;;;;;;;;;;;X;;;;X;;;;;;;;;;;;;;;;;;;;;;;;;;;;;;;;;;;;;;;;;;;;;;;;;;;;X;X;X;
S5741201600100;S5741201600100;LEADING EDGE;;REPAIR;Repair/Inspection/Modification;;X;X;;X;;;;;;;;;;;;;;;;;;;;;;;;;;;;;;;;;;;;X;;;;X;;;;;;;;;;;;;;;;;;;;;;;;;;;;;;;;;;;;;;;;;;;;;;;;;;;;X;X;X;
S5741201600110;S5741201600110;LEADING EDGE;;REPAIR;Repair/Inspection/Modification;;X;X;;X;;;;;;;;;;;;;;;;;;;;;;;;;;;;;;;;;;;;X;;;;X;;;;;;;;;;;;;;;;;;;;;;;;;;;;;;;;;;;;;;;;;;;;;;;;;;;;X;X;X;
S5741201600195;S5741201600195;LEADING EDGE;;REPAIR;Repair/Inspection/Modification;;X;X;;X;;;;;;;;;;;;;;;;;;;;;;;;;;;;;;;;;;;;X;;;;X;;;;;;;;;;;;;;;;;;;;;;;;;;;;;;;;;;;;;;;;;;;;;;;;;;;;X;X;X;
S5741201600210;S5741201600210;LEADING EDGE;;REPAIR;Repair/Inspection/Modification;;X;X;X;X;X;;;;;;;;;;;;;;;;;;;;;;;;;;;;;;;;;;;X;;;;X;;;;;;;;;;;;;;;;;;;;;;;;;;;;;;;;;;;;;;;;;;;;;;;;;;;;X;X;X;
S5741201600310;S5741201600310;LEADING EDGE ASSY;;REPAIR;Repair/Inspection/Modification;;X;X;;X;;;;;;;;;;;;;;;;;;;;;;;;;;;;;;;;;;;;X;;;;X;;;;;;;;;;;;;;;;;;;;;;;;;;;;;;;;;;;;;;;;;;;;;;;;;;;;X;X;X;
S5741201600401;S5741201600401;LEADING EDGE;;;Repair/Inspection/Modification;;;X;;;;;X;X;X;X;;;;;;;;;;;;;;;;;;;;;;;;;;;;;;;;;;;;X;X;X;X;X;;;;;;;;;;;;;;;;;;;;;;;;;;;;;;;;;;;;;;;;;;;;;;;;;
S5741201600501;S5741201600501;LEADING EDGE;;;Repair/Inspection/Modification;;;X;;;;;X;X;X;X;;;;;;;;;;;;;;;;;;;;;;;;;;;;;;;;;;;;X;X;X;X;X;;;;;;;;;;;;;;;;;;;;;;;;;;;;;;;;;;;;;;;;;;;;;;;;;
S5741201600601;S5741201600601;LEADING EDGE;;;Repair/Inspection/Modification;;;X;;;;;X;X;X;X;;;;;;;;;;;;;;;;;;;;;;;;;;;;;;;;;;;;X;X;X;X;X;;;;;;;;;;;;;;;;;;;;;;;;;;;;;;;;;;;;;;;;;;;;;;;;;
S5741201600701;S5741201600701;LEADING EDGE;;;Repair/Inspection/Modification;;;X;;;;;X;X;X;X;;;;;;;;;;;;;;;;;;;;;;;;;;;;;;;;;;;;X;X;X;X;X;;;;;;;;;;;;;;;;;;;;;;;;;;;;;;;;;;;;;;;;;;;;;;;;;
S5741202200000;S5741202200000;LEADING EDGE ASSY;;REPAIR;;;X;;;;;;;;;;;;;;;;;;;;;;;;;;;;;;;;;;;;;;;X;;;;X;;;;;;;;;;;;;;;;;;;;;;;;;;;;;;;;;;;;;;;;;;;;;;;;;;;;X;;X;
S5741208000001;S5741208000001;LEADING EDGE ASSY;;REPAIR;Repair/Inspection/Modification;;X;X;;X;;;;;;;;;;;;;;;;;;;;;;;;;;;;;;;;;;;;X;;;;X;;;;;;;;;;;;;;;;;;;;;;;;;;;;;;;;;;;;;;;;;;;;;;;;;;;;X;X;X;
S5741208000200;S5741208000200;LEADING EDGE ASSY;;REPAIR;Repair/Inspection/Modification;;X;X;;X;;;;;;;;;;;;;;;;;;;;;;;;;;;;;;;;;;;;X;;;;X;;;;;;;;;;;;;;;;;;;;;;;;;;;;;;;;;;;;;;;;;;;;;;;;;;;;X;X;X;
S5741208000400;S5741208000400;LEADING EDGE ASSY;;REPAIR;Repair/Inspection/Modification;;X;X;;X;;;;;;;;;;;;;;;;;;;;;;;;;;;;;;;;;;;;X;;;;X;;;;;;;;;;;;;;;;;;;;;;;;;;;;;;;;;;;;;;;;;;;;;;;;;;;;X;X;X;
S5741209000101;S5741209000101;LEADING EDGE INTERMEDIATE;;REPAIR;Repair/Inspection/Modification;;X;X;;X;;;;;;;;;;;;;;;;;;;;;;;;;;;;;;;;;;;;X;;;;X;;;;;;;;;;;;;;;;;;;;;;;;;;;;;;;;;;;;;;;;;;;;;;;;;;;;X;X;X;
S5741209000300;S5741209000300;LEADING EDGE INTERMEDIATE;;REPAIR;Repair/Inspection/Modification;;X;X;;X;;;;;;;;;;;;;;;;;;;;;;;;;;;;;;;;;;;;X;;;;X;;;;;;;;;;;;;;;;;;;;;;;;;;;;;;;;;;;;;;;;;;;;;;;;;;;;X;X;X;
S5741209000500;S5741209000500;LEADING EDGE INTERMEDIATE;;REPAIR;Repair/Inspection/Modification;;X;X;;;;;;;;;;;;;;;;;;;;;;;;;;;;;;;;;;;;;;X;;;;X;;;;;;;;;;;;;;;;;;;;;;;;;;;;;;;;;;;;;;;;;;;;;;;;;;;;X;X;X;
S5741211400000;S5741211400000;LEADING EDGE;;REPAIR;Repair/Inspection/Modification;;X;X;;X;;;;;;;;;;;;;;;;;;;;;;;;;;;;;;;;;;;;X;;;;X;;;;;;;;;;;;;;;;;;;;;;;;;;;;;;;;;;;;;;;;;;;;;;;;;;;;X;X;X;
S5741211400095;S5741211400095;LEADING EDGE;;REPAIR;Repair/Inspection/Modification;;X;X;;X;;;;;;;;;;;;;;;;;;;;;;;;;;;;;;;;;;;;X;;;;X;;;;;;;;;;;;;;;;;;;;;;;;;;;;;;;;;;;;;;;;;;;;;;;;;;;;X;X;X;
S5741211400100;S5741211400100;LEADING EDGE;;;Repair/Inspection/Modification;;;X;;;;;X;X;X;X;;;;;;;;;;;;;;;;;;;;;;;;;;;;;;;;;;;;X;X;X;X;X;;;;;;;;;;;;;;;;;;;;;;;;;;;;;;;;;;;;;;;;;;;;;;;;;
S5741211400195;S5741211400195;LEADING EDGE;;REPAIR;Repair/Inspection/Modification;;X;X;X;X;;;;;;;;;;;;;;;;;;;;;;;;;;;;;;;;;;;;X;;;;X;;;;;;;;;;;;;;;;;;;;;;;;;;;;;;;;;;;;;;;;;;;;;;;;;;;;X;X;X;
S5741211400200;S5741211400200;LEADING EDGE;;REPAIR;Repair/Inspection/Modification;;X;X;;;;;;;;;;;;;;;;;;;;;;;;;;;;;;;;;;;;;;X;;;;X;;;;;;;;;;;;;;;;;;;;;;;;;;;;;;;;;;;;;;;;;;;;;;;;;;;;X;X;X;
S5741211400210;S5741211400210;LEADING EDGE;;REPAIR;Repair/Inspection/Modification;;X;X;;;;;;;;;;;;;;;;;;;;;;;;;;;;;;;;;;;;;;X;;;;X;;;;;;;;;;;;;;;;;;;;;;;;;;;;;;;;;;;;;;;;;;;;;;;;;;;;X;X;X;
S5741211400310;S5741211400310;LEADING EDGE;;REPAIR;Repair/Inspection/Modification;;X;X;;;;;;;;;;;;;;;;;;;;;;;;;;;;;;;;;;;;;;X;;;;X;;;;;;;;;;;;;;;;;;;;;;;;;;;;;;;;;;;;;;;;;;;;;;;;;;;;X;X;X;
S5741211700010;S5741211700010;LEADING EDGE;;REPAIR;Repair/Inspection/Modification;;X;X;;;;;;;;;;;;;;;;;;;;;;;;;;;;;;;;;;;;;;X;;;;X;;;;;;;;;;;;;;;;;;;;;;;;;;;;;;;;;;;;;;;;;;;;;;;;;;;;X;X;X;
S5741211700110;S5741211700110;LEADING EDGE;;REPAIR;Repair/Inspection/Modification;;X;X;;X;;;;;;;;;;;;;;;;;;;;;;;;;;;;;;;;;;;;X;;;;X;;;;;;;;;;;;;;;;;;;;;;;;;;;;;;;;;;;;;;;;;;;;;;;;;;;;X;X;X;
S5741211700210;S5741211700210;LEADING EDGE;;REPAIR;Repair/Inspection/Modification;;X;X;;X;;;;;;;;;;;;;;;;;;;;;;;;;;;;;;;;;;;;X;;;;X;;;;;;;;;;;;;;;;;;;;;;;;;;;;;;;;;;;;;;;;;;;;;;;;;;;;X;X;X;
S5741211700310;S5741211700310;LEADING EDGE;;REPAIR;Repair/Inspection/Modification;;X;X;;X;;;;;;;;;;;;;;;;;;;;;;;;;;;;;;;;;;;;X;;;;X;;;;;;;;;;;;;;;;;;;;;;;;;;;;;;;;;;;;;;;;;;;;;;;;;;;;X;X;X;
S5741212100000;S5741212100000;LEADING EDGE;;REPAIR;Repair/Inspection/Modification;;X;X;;X;;;;;;;;;;;;;;;;;;;;;;;;;;;;;;;;;;;;X;;;;X;;;;;;;;;;;;;;;;;;;;;;;;;;;;;;;;;;;;;;;;;;;;;;;;;;;;X;X;X;
S5741212100095;S5741212100095;LEADING EDGE;;REPAIR;Repair/Inspection/Modification;;X;X;;X;;;;;;;;;;;;;;;;;;;;;;;;;;;;;;;;;;;;X;;;;X;;;;;;;;;;;;;;;;;;;;;;;;;;;;;;;;;;;;;;;;;;;;;;;;;;;;X;X;X;
S5741212100096;S5741212100096;LEADING EDGE;;REPAIR;Repair/Inspection/Modification;;X;X;;X;;;;;;;;;;;;;;;;;;;;;;;;;;;;;;;;;;;;X;;;;X;;;;;;;;;;;;;;;;;;;;;;;;;;;;;;;;;;;;;;;;;;;;;;;;;;;;X;X;X;
S5741212100100;S5741212100100;LEADING EDGE;;REPAIR;Repair/Inspection/Modification;;X;X;;X;;;;;;;;;;;;;;;;;;;;;;;;;;;;;;;;;;;;X;;;;X;;;;;;;;;;;;;;;;;;;;;;;;;;;;;;;;;;;;;;;;;;;;;;;;;;;;X;X;X;
S5741212100195;S5741212100195;LEADING EDGE;;REPAIR;Repair/Inspection/Modification;;X;X;;X;;;;;;;;;;;;;;;;;;;;;;;;;;;;;;;;;;;;X;X;;;;;;;;;;;;;;;;;;;;;;;;;;;;;;;;;;;;;;;;;;;;;;;;;;;;;;;X;X;X;
S5741212100196;S5741212100196;LEADING EDGE;;;Repair/Inspection/Modification;;;X;;;;;X;X;X;X;;;;;;;;;;;;;;;;;;;;;;;;;;;;;;;;;;;;X;X;X;X;X;;;;;;;;;;;;;;;;;;;;;;;;;;;;;;;;;;;;;;;;;;;;;;;;;
S5741212100300;S5741212100300;LEADING EDGE;;REPAIR;Repair/Inspection/Modification;;X;X;;X;;;;;;;;;;;;;;;;;;;;;;;;;;;;;;;;;;;;X;;;;X;;;;;;;;;;;;;;;;;;;;;;;;;;;;;;;;;;;;;;;;;;;;;;;;;;;;X;X;X;
S5741212100400;S5741212100400;LEADING EDGE;;REPAIR;Repair/Inspection/Modification;;X;X;;X;;;;;;;;;;;;;;;;;;;;;;;;;;;;;;;;;;;;X;;;;X;;;;;;;;;;;;;;;;;;;;;;;;;;;;;;;;;;;;;;;;;;;;;;;;;;;;X;X;X;
S5741212100496;S5741212100496;LEADING EDGE;;REPAIR;Repair/Inspection/Modification;;X;X;;X;;;;;;;;;;;;;;;;;;;;;;;;;;;;;;;;;;;;X;;;;X;;;;;;;;;;;;;;;;;;;;;;;;;;;;;;;;;;;;;;;;;;;;;;;;;;;;X;X;X;
S5741212100500;S5741212100500;LEADING EDGE;;REPAIR;Repair/Inspection/Modification;;X;X;;X;;;;;;;;;;;;;;;;;;;;;;;;;;;;;;;;;;;;X;;;;X;;;;;;;;;;;;;;;;;;;;;;;;;;;;;;;;;;;;;;;;;;;;;;;;;;;;X;X;X;
S5741212100596;S5741212100596;LEADING EDGE;;REPAIR;Repair/Inspection/Modification;;X;X;;X;;;;;;;;;;;;;;;;;;;;;;;;;;;;;;;;;;;;X;;;;X;;;;;;;;;;;;;;;;;;;;;;;;;;;;;;;;;;;;;;;;;;;;;;;;;;;;X;X;X;
S5741212100600;S5741212100600;LEADING EDGE;;REPAIR;Repair/Inspection/Modification;;X;X;;X;;;;;;;;;;;;;;;;;;;;;;;;;;;;;;;;;;;;X;;;;X;;;;;;;;;;;;;;;;;;;;;;;;;;;;;;;;;;;;;;;;;;;;;;;;;;;;X;X;X;
S5741212100610;S5741212100610;LEADING EDGE;;REPAIR;Repair/Inspection/Modification;;X;X;;;;;;;;;;;;;;;;;;;;;;;;;;;;;;;;;;;;;;X;;;;X;;;;;;;;;;;;;;;;;;;;;;;;;;;;;;;;;;;;;;;;;;;;;;;;;;;;X;X;X;
S5741212100700;S5741212100700;LEADING EDGE;;REPAIR;Repair/Inspection/Modification;;X;X;;;;;;;;;;;;;;;;;;;;;;;;;;;;;;;;;;;;;;X;;;;X;;;;;;;;;;;;;;;;;;;;;;;;;;;;;;;;;;;;;;;;;;;;;;;;;;;;X;X;X;
S5741212100710;S5741212100710;LEADING EDGE;;REPAIR;Repair/Inspection/Modification;;X;X;;X;;;;;;;;;;;;;;;;;;;;;;;;;;;;;;;;;;;;X;;;;X;;;;;;;;;;;;;;;;;;;;;;;;;;;;;;;;;;;;;;;;;;;;;;;;;;;;X;X;X;
S5741212100800;S5741212100800;LEADING EDGE;;BENCH TEST;Repair/Inspection/Modification;;X;X;;X;;;;;;;;;;;;;;;;;;;;;;;;;;;;;;;;;;;;X;;;;X;;;;;;;;;;;;;;;;;;;;;;;;;;;;;;;;;;;;;;;;;;;;;;;;;;;;X;X;X;
S5741212100810;S5741212100810;LEADING EDGE;;REPAIR;Repair/Inspection/Modification;;X;X;X;X;X;;;;;;;;;;;;;;;;;;;;;;;;;;;;;;;;;;;X;;;;X;;;;;;;;;;;;;;;;;;;;;;;;;;;;;;;;;;;;;;;;;;;;;;;;;;;;X;X;X;
S5741212100910;S5741212100910;LEADING EDGE;;REPAIR;Repair/Inspection/Modification;;X;X;;X;;;;;;;;;;;;;;;;;;;;;;;;;;;;;;;;;;;;X;;;;X;;;;;;;;;;;;;;;;;;;;;;;;;;;;;;;;;;;;;;;;;;;;;;;;;;;;X;X;X;
S5741212101001;S5741212101001;LEADING EDGE;;;Repair/Inspection/Modification;;;X;;;;;X;X;X;X;;;;;;;;;;;;;;;;;;;;;;;;;;;;;;;;;;;;X;X;X;X;X;;;;;;;;;;;;;;;;;;;;;;;;;;;;;;;;;;;;;;;;;;;;;;;;;
S5741212101101;S5741212101101;LEADING EDGE;;;Repair/Inspection/Modification;;;X;;;;;X;X;X;X;;;;;;;;;;;;;;;;;;;;;;;;;;;;;;;;;;;;X;X;X;X;X;;;;;;;;;;;;;;;;;;;;;;;;;;;;;;;;;;;;;;;;;;;;;;;;;
S5741212500200;S5741212500200;LEADING EDGE;;;Repair/Inspection/Modification;;;X;;;;;X;X;X;X;;;;;;;;;;;;;;;;;;;;;;;;;;;;;;;;;;;;X;X;X;X;X;;;;;;;;;;;;;;;;;;;;;;;;;;;;;;;;;;;;;;;;;;;;;;;;;
S5741212500295;S5741212500295;LEADING EDGE;;REPAIR;Repair/Inspection/Modification;;X;X;;X;;;;;;;;;;;;;;;;;;;;;;;;;;;;;;;;;;;;X;;;;X;;;;;;;;;;;;;;;;;;;;;;;;;;;;;;;;;;;;;;;;;;;;;;;;;;;;X;X;X;
S5741212500296;S5741212500296;LEADING EDGE;;REPAIR;Repair/Inspection/Modification;;X;X;;X;;;;;;;;;;;;;;;;;;;;;;;;;;;;;;;;;;;;X;;;;X;;;;;;;;;;;;;;;;;;;;;;;;;;;;;;;;;;;;;;;;;;;;;;;;;;;;X;X;X;
S5741212500300;S5741212500300;LEADING EDGE;;REPAIR;Repair/Inspection/Modification;;X;X;;X;;;;;;;;;;;;;;;;;;;;;;;;;;;;;;;;;;;;X;;;;X;;;;;;;;;;;;;;;;;;;;;;;;;;;;;;;;;;;;;;;;;;;;;;;;;;;;X;X;X;
S5741212500395;S5741212500395;LEADING EDGE;;REPAIR;Repair/Inspection/Modification;;X;X;;X;;;;;;;;;;;;;;;;;;;;;;;;;;;;;;;;;;;;X;;;;X;;;;;;;;;;;;;;;;;;;;;;;;;;;;;;;;;;;;;;;;;;;;;;;;;;;;X;X;X;
S5741212500396;S5741212500396;LEADING EDGE;;REPAIR;Repair/Inspection/Modification;;X;X;;X;;;;;;;;;;;;;;;;;;;;;;;;;;;;;;;;;;;;X;;;;X;;;;;;;;;;;;;;;;;;;;;;;;;;;;;;;;;;;;;;;;;;;;;;;;;;;;X;X;X;
S5741212500500;S5741212500500;LEADING EDGE;;REPAIR;Repair/Inspection/Modification;;X;X;;X;;;;;;;;;;;;;;;;;;;;;;;;;;;;;;;;;;;;X;;;;X;;;;;;;;;;;;;;;;;;;;;;;;;;;;;;;;;;;;;;;;;;;;;;;;;;;;X;X;X;
S5741212500600;S5741212500600;LEADING EDGE;;REPAIR;Repair/Inspection/Modification;;X;X;;X;;;;;;;;;;;;;;;;;;;;;;;;;;;;;;;;;;;;X;;;;X;;;;;;;;;;;;;;;;;;;;;;;;;;;;;;;;;;;;;;;;;;;;;;;;;;;;X;X;X;
S5741212500696;S5741212500696;LEADING EDGE;;REPAIR;Repair/Inspection/Modification;;X;X;;X;;;;;;;;;;;;;;;;;;;;;;;;;;;;;;;;;;;;X;;;;X;;;;;;;;;;;;;;;;;;;;;;;;;;;;;;;;;;;;;;;;;;;;;;;;;;;;X;X;X;
S5741212500700;S5741212500700;LEADING EDGE;;REPAIR;Repair/Inspection/Modification;;X;X;;X;;;;;;;;;;;;;;;;;;;;;;;;;;;;;;;;;;;;X;;;;X;;;;;;;;;;;;;;;;;;;;;;;;;;;;;;;;;;;;;;;;;;;;;;;;;;;;X;X;X;
S5741212500796;S5741212500796;LEADING EDGE;;REPAIR;Repair/Inspection/Modification;;X;X;;X;;;;;;;;;;;;;;;;;;;;;;;;;;;;;;;;;;;;X;;;;X;;;;;;;;;;;;;;;;;;;;;;;;;;;;;;;;;;;;;;;;;;;;;;;;;;;;X;X;X;
S5741212500800;S5741212500800;LEADING EDGE;;REPAIR;Repair/Inspection/Modification;;X;X;;X;;;;;;;;;;;;;;;;;;;;;;;;;;;;;;;;;;;;X;X;;;;;;;;;;;;;;;;;;;;;;;;;;;;;;;;;;;;;;;;;;;;;;;;;;;;;;;X;X;X;
S5741212500810;S5741212500810;LEADING EDGE;;REPAIR;Repair/Inspection/Modification;;X;X;;X;;;;;;;;;;;;;;;;;;;;;;;;;;;;;;;;;;;;X;X;;;;;;;;;;;;;;;;;;;;;;;;;;;;;;;;;;;;;;;;;;;;;;;;;;;;;;;X;X;X;
S5741212500900;S5741212500900;LEADING EDGE;;REPAIR;Repair/Inspection/Modification;;X;X;;X;;;;;;;;;;;;;;;;;;;;;;;;;;;;;;;;;;;;X;;;;X;;;;;;;;;;;;;;;;;;;;;;;;;;;;;;;;;;;;;;;;;;;;;;;;;;;;X;X;X;
S5741212500910;S5741212500910;LEADING EDGE;;;Repair/Inspection/Modification;;;X;;;;;X;X;X;X;;;;;;;;;;;;;;;;;;;;;;;;;;;;;;;;;;;;X;X;X;X;X;;;;;;;;;;;;;;;;;;;;;;;;;;;;;;;;;;;;;;;;;;;;;;;;;
S5741212501000;S5741212501000;LEADING EDGE;;REPAIR;Repair/Inspection/Modification;;X;X;;X;;;;;;;;;;;;;;;;;;;;;;;;;;;;;;;;;;;;X;;;;X;;;;;;;;;;;;;;;;;;;;;;;;;;;;;;;;;;;;;;;;;;;;;;;;;;;;X;X;X;
S5741212501010;S5741212501010;LEADING EDGE;;REPAIR;Repair/Inspection/Modification;;X;X;X;X;X;;;;;;;;;;;;;;;;;;;;;;;;;;;;;;;;;;;X;;;;X;;;;;;;;;;;;;;;;;;;;;;;;;;;;;;;;;;;;;;;;;;;;;;;;;;;;X;X;X;
S5741212501100;S5741212501100;LEADING EDGE;;REPAIR;Repair/Inspection/Modification;;X;X;;X;;;;;;;;;;;;;;;;;;;;;;;;;;;;;;;;;;;;X;X;;; ;;;;;;;;;;;;;;;;;;;;;;;;;;;;;;;;;;;;;;;;;;;;;;;;;;;;X;X;X;
S5741212501110;S5741212501110;LEADING EDGE;;REPAIR;Repair/Inspection/Modification;;X;X;X;X;X;;;;;;;;;;;;;;;;;;;;;;;;;;;;;;;;;;;X;X;;;;;;;;;;;;;;;;;;;;;;;;;;;;;;;;;;;;;;;;;;;;;;;;;;;;;;;X;X;X;
S5741212700700;S5741212700700;LEADING EDGE;;REPAIR;Repair/Inspection/Modification;;X;X;;X;;;;;;;;;;;;;;;;;;;;;;;;;;;;;;;;;;;;X;;;;X;;;;;;;;;;;;;;;;;;;;;;;;;;;;;;;;;;;;;;;;;;;;;;;;;;;;X;X;X;
S5741217000095;S5741217000095;LEADING EDGE;;TEST;Repair/Inspection/Modification;;X;X;;X;;;;;;;;;;;;;;;;;;;;;;;;;;;;;;;;;;;;X;X;;;;;;;;;;;;;;;;;;;;;;;;;;;;;;;;;;;;;;;;;;;;;;;;;;;;;;;X;X;X;
S5741504600000;S5741504600000;LEADING EDGE;;REPAIR;Repair/Inspection/Modification;;X;X;;X;;;;;;;;;;;;;;;;;;;;;;;;;;;;;;;;;;;;X;X;;;;;;;;;;;;;;;;;;;;;;;;;;;;;;;;;;;;;;;;;;;;;;;;;;;;;;;X;X;X;
S5741504600100;S5741504600100;LEADING EDGE;;REPAIR;Repair/Inspection/Modification;;X;X;;X;;;;;;;;;;;;;;;;;;;;;;;;;;;;;;;;;;;;X;X;;;;;;;;;;;;;;;;;;;;;;;;;;;;;;;;;;;;;;;;;;;;;;;;;;;;;;;X;X;X;
S5741504600195;S5741504600195;LEADING EDGE;;REPAIR;Repair/Inspection/Modification;;X;X;;X;;;;;;;;;;;;;;;;;;;;;;;;;;;;;;;;;;;;x;x;;;;;;;;;;;;;;;;;;;;;;;;;;;;;;;;;;;;;;;;;;;;;;;;;;;;;;;X;X;X;
S5741504600200;S5741504600200;LEADING EDGE;;REPAIR;Repair/Inspection/Modification;;X;X;;X;;;;;;;;;;;;;;;;;;;;;;;;;;;;;;;;;;;;X;X;;;;;;;;;;;;;;;;;;;;;;;;;;;;;;;;;;;;;;;;;;;;;;;;;;;;;;;X;X;X;
S5741504600300;S5741504600300;LEADING EDGE;;;Repair/Inspection/Modification;;;X;;;;;X;X;X;X;;;;;;;;;;;;;;;;;;;;;;;;;;;;;;;;;;;;X;X;X;X;X;;;;;;;;;;;;;;;;;;;;;;;;;;;;;;;;;;;;;;;;;;;;;;;;;
S5741504800000;S5741504800000;LEADING EDGE;;REPAIR;Repair/Inspection/Modification;;X;X;;X;;;;;;;;;;;;;;;;;;;;;;;;;;;;;;;;;;;;X;;;;X;;;;;;;;;;;;;;;;;;;;;;;;;;;;;;;;;;;;;;;;;;;;;;;;;;;;X;X;X;
S5741504800100;S5741504800100;LEADING EDGE;;REPAIR;Repair/Inspection/Modification;;X;X;;X;;;;;;;;;;;;;;;;;;;;;;;;;;;;;;;;;;;;X;X;X;X; ;;;;;;;;;;;;;;;;;;;;;;;;;;;;;;;;;;;;;;;;;;;;;;;;;;;;X;X;X;
S5741504800200;S5741504800200;LEADING EDGE;;REPAIR;Repair/Inspection/Modification;;X;X;;X;;;;;;;;;;;;;;;;;;;;;;;;;;;;;;;;;;;;X;X;;;;;;;;;;;;;;;;;;;;;;;;;;;;;;;;;;;;;;;;;;;;;;;;;;;;;;;X;X;X;
S5741504800300;S5741504800300;LEADING EDGE;;REPAIR;Repair/Inspection/Modification;;X;X;;X;;;;;;;;;;;;;;;;;;;;;;;;;;;;;;;;;;;;X;X;;;;;;;;;;;;;;;;;;;;;;;;;;;;;;;;;;;;;;;;;;;;;;;;;;;;;;;X;X;X;
S5741505600100;S5741505600100;LEADING EDGE;;REPAIR;Repair/Inspection/Modification;;X;X;;X;;;;;;;;;;;;;;;;;;;;;;;;;;;;;;;;;;;;X;X;;;;;;;;;;;;;;;;;;;;;;;;;;;;;;;;;;;;;;;;;;;;;;;;;;;;;;;X;X;X;
S5741505600300;S5741505600300;LEADING EDGE;;REPAIR;Repair/Inspection/Modification;;X;X;;X;;;;;;;;;;;;;;;;;;;;;;;;;;;;;;;;;;;;X;X;;;;;;;;;;;;;;;;;;;;;;;;;;;;;;;;;;;;;;;;;;;;;;;;;;;;;;;X;X;X;
S5741505600500;S5741505600500;LEADING EDGE;;BENCH TEST;Repair/Inspection/Modification;;X;X;;X;;;;;;;;;;;;;;;;;;;;;;;;;;;;;;;;;;;;X;X;;;;;;;;;;;;;;;;;;;;;;;;;;;;;;;;;;;;;;;;;;;;;;;;;;;;;;;X;X;X;
S5741509300000;S5741509300000;LEADING EDGE;;;Repair/Inspection/Modification;;;X;;;;;X;X;X;X;;;;;;;;;;;;;;;;;;;;;;;;;;;;;;;;;;;;X;X;X;X;X;;;;;;;;;;;;;;;;;;;;;;;;;;;;;;;;;;;;;;;;;;;;;;;;;
S5741509300200;S5741509300200;LEADING EDGE;;REPAIR;Repair/Inspection/Modification;;X;X;;X;;;;;;;;;;;;;;;;;;;;;;;;;;;;;;;;;;;;X;X;;;;;;;;;;;;;;;;;;;;;;;;;;;;;;;;;;;;;;;;;;;;;;;;;;;;;;;X;X;X;
S5741509300400;S5741509300400;LEADING EDGE;;REPAIR;Repair/Inspection/Modification;;X;X;;X;;;;;;;;;;;;;;;;;;;;;;;;;;;;;;;;;;;;X;X;;;;;;;;;;;;;;;;;;;;;;;;;;;;;;;;;;;;;;;;;;;;;;;;;;;;;;;X;X;X;
S5751000500000;S5751000500000;FLAP;;REPAIR;;;X;X;;X;;;;;;;;;;;;;;;;;;;;;;;;;;;;;;;;;;;;X;X;;;;;;;;;;;;;;;;;;;;;;;;;;;;;;;;;;;;;;;;;;;;;;;;;;;;;;;X;;X;
S5751000500200;S5751000500200;FLAP;;REPAIR;;;X;X;;X;;;;;;;;;;;;;;;;;;;;;;;;;;;;;;;;;;;;X;X;;;;;;;;;;;;;;;;;;;;;;;;;;;;;;;;;;;;;;;;;;;;;;;;;;;;;;;X;;X;
S5751000500295;S5751000500295;FLAP;;REPAIR;;;X;X;;X;;;;;;;;;;;;;;;;;;;;;;;;;;;;;;;;;;;;X;X;;;;;;;;;;;;;;;;;;;;;;;;;;;;;;;;;;;;;;;;;;;;;;;;;;;;;;;X;;X;
S5751000500495;S5751000500495;FLAP;;REPAIR;;;X;X;;X;;;;;;;;;;;;;;;;;;;;;;;;;;;;;;;;;;;;X;X;;;;;;;;;;;;;;;;;;;;;;;;;;;;;;;;;;;;;;;;;;;;;;;;;;;;;;;X;;X;
S5751000501300;S5751000501300;FLAP;;REPAIR;;;X;X;;X;;;;;;;;;;;;;;;;;;;;;;;;;;;;;;;;;;;;X;X;;;;;;;;;;;;;;;;;;;;;;;;;;;;;;;;;;;;;;;;;;;;;;;;;;;;;;;X;;X;
S5751000502095;S5751000502095;INBOARD FLAP ASSY LH;;REPAIR;;;X;X;;X;;;;;;;;;;;;;;;;;;;;;;;;;;;;;;;;;;;;X;X;;;;;;;;;;;;;;;;;;;;;;;;;;;;;;;;;;;;;;;;;;;;;;;;;;;;;;;X;;X;
S5751000502100;S5751000502100;FLAP INBOARD RH;;REPAIR;;;X;X;;X;;;;;;;;;;;;;;;;;;;;;;;;;;;;;;;;;;;;X;X;;;;;;;;;;;;;;;;;;;;;;;;;;;;;;;;;;;;;;;;;;;;;;;;;;;;;;;X;;X;
S5751000502195;S5751000502195;FLAP;;REPAIR;;;X;X;;X;;;;;;;;;;;;;;;;;;;;;;;;;;;;;;;;;;;;X;X;;;;;;;;;;;;;;;;;;;;;;;;;;;;;;;;;;;;;;;;;;;;;;;;;;;;;;;X;;X;
S5751000502400;S5751000502400;FLAP INBOARD LH;;REPAIR;;;X;X;;X;;;;;;;;;;;;;;;;;;;;;;;;;;;;;;;;;;;;X;X;;;;;;;;;;;;;;;;;;;;;;;;;;;;;;;;;;;;;;;;;;;;;;;;;;;;;;;X;;X;
S5751000502495;S5751000502495;FLAP ASSY INBOARD;;REPAIR;;;X;X;;;;;;;;;;;;;;;;;;;;;;;;;;;;;;;;;;;;;;X;X;;;;;;;;;;;;;;;;;;;;;;;;;;;;;;;;;;;;;;;;;;;;;;;;;;;;;;;X;;X;
S5751000502500;S5751000502500;FLAP INBOARD RH;;REPAIR;;;X;X;;X;;;;;;;;;;;;;;;;;;;;;;;;;;;;;;;;;;;;X;X;;;;;;;;;;;;;;;;;;;;;;;;;;;;;;;;;;;;;;;;;;;;;;;;;;;;;;;X;;X;
S5751000502595;S5751000502595;FLAP ASSY INBOARD RH;;REPAIR;;;X;X;;X;;;;;;;;;;;;;;;;;;;;;;;;;;;;;;;;;;;;X;X;;;;;;;;;;;;;;;;;;;;;;;;;;;;;;;;;;;;;;;;;;;;;;;;;;;;;;;X;;X;
S5751000502895;S5751000502895;FLAP;;REPAIR;;;X;X;;;;;;;;;;;;;;;;;;;;;;;;;;;;;;;;;;;;;;X;X;;;;;;;;;;;;;;;;;;;;;;;;;;;;;;;;;;;;;;;;;;;;;;;;;;;;;;;X;;X;
S5751000503100;S5751000503100;FLAP INBOARD RH;;REPAIR;;;X;X;;X;;;;;;;;;;;;;;;;;;;;;;;;;;;;;;;;;;;;X;X;;;;;;;;;;;;;;;;;;;;;;;;;;;;;;;;;;;;;;;;;;;;;;;;;;;;;;;X;;X;
S5751000503500;S5751000503500;FLAP ASSY INBOARD;;REPAIR;;;X;X;;X;;;;;;;;;;;;;;;;;;;;;;;;;;;;;;;;;;;;X;X;;;;;;;;;;;;;;;;;;;;;;;;;;;;;;;;;;;;;;;;;;;;;;;;;;;;;;;X;;X;
S5751000504300;S5751000504300;FLAP ASSY INBOARD;;REPAIR;;;X;X;;X;;;;;;;;;;;;;;;;;;;;;;;;;;;;;;;;;;;;X;;X;;;;;;;;;;;;;;;;;;;;;;;;;;;;;;;;;;;;;;;;;;;;;;;;;;;;;;X;;X;
S5751004000501;S5751004000501;DEFLECTEUR ASSY;;REPAIR;;;X;X;;X;;;;;;;;;;;;;;;;;;;;;;;;;;;;;;;;;;;;X;X;;;;;;;;;;;;;;;;;;;;;;;;;;;;;;;;;;;;;;;;;;;;;;;;;;;;;;;X;;X;
S5751005000200;S5751005000200;DEFLECTEUR ASSY;;REPAIR;;;X;X;;X;;;;;;;;;;;;;;;;;;;;;;;;;;;;;;;;;;;;X;X;;;;;;;;;;;;;;;;;;;;;;;;;;;;;;;;;;;;;;;;;;;;;;;;;;;;;;;X;;X;
S57510080002;S57510080002;FLAP;;REPAIR;;;X;X;;X;;;;;;;;;;;;;;;;;;;;;;;;;;;;;;;;;;;;X;X;;;;;;;;;;;;;;;;;;;;;;;;;;;;;;;;;;;;;;;;;;;;;;;;;;;;;;;X;;X;
S5751008001095;S5751008001095;OUTBOARD FALP RH;;REPAIR;;;X;X;;X;;;;;;;;;;;;;;;;;;;;;;;;;;;;;;;;;;;;X;X;;;;;;;;;;;;;;;;;;;;;;;;;;;;;;;;;;;;;;;;;;;;;;;;;;;;;;;X;;X;
S5751008001200;S5751008001200;FLAP;;REPAIR;;;X;X;;X;;;;;;;;;;;;;;;;;;;;;;;;;;;;;;;;;;;;X;X;;;;;;;;;;;;;;;;;;;;;;;;;;;;;;;;;;;;;;;;;;;;;;;;;;;;;;;X;;X;
S5751008001695;S5751008001695;OUTBOARD FALP LH;;REPAIR;;;X;X;;X;;;;;;;;;;;;;;;;;;;;;;;;;;;;;;;;;;;;X;X;;;;;;;;;;;;;;;;;;;;;;;;;;;;;;;;;;;;;;;;;;;;;;;;;;;;;;;X;;X;
S5751008002000;S5751008002000;FLAP;;REPAIR;;;X;X;;X;;;;;;;;;;;;;;;;;;;;;;;;;;;;;;;;;;;;X;X;;;;;;;;;;;;;;;;;;;;;;;;;;;;;;;;;;;;;;;;;;;;;;;;;;;;;;;X;;X;
S5751008002095;S5751008002095;FLAP;;REPAIR;;;X;X;;X;;;;;;;;;;;;;;;;;;;;;;;;;;;;;;;;;;;;X;X;;;;;;;;;;;;;;;;;;;;;;;;;;;;;;;;;;;;;;;;;;;;;;;;;;;;;;;X;;X;
S5751008002100;S5751008002100;FLAP OUTBOARD RH;;REPAIR;;;X;X;;X;;;;;;;;;;;;;;;;;;;;;;;;;;;;;;;;;;;;X;X;;;;;;;;;;;;;;;;;;;;;;;;;;;;;;;;;;;;;;;;;;;;;;;;;;;;;;;X;;X;
S5751008002195;S5751008002195;FLAP;;REPAIR;;;X;X;;X;;;;;;;;;;;;;;;;;;;;;;;;;;;;;;;;;;;;X; ;;;X;;;;;;;;;;;;;;;;;;;;;;;;;;;;;;;;;;;;;;;;;;;;;;;;;;;;X;;X;
S5751008002600;S5751008002600;FLAP;;REPAIR;;;X;X;;X;;;;;;;;;;;;;;;;;;;;;;;;;;;;;;;;;;;;X; ;;;X;;;;;;;;;;;;;;;;;;;;;;;;;;;;;;;;;;;;;;;;;;;;;;;;;;;;X;;X;
S5751008002851;S5751008002851;FLAP OUTBOARD LH;;REPAIR;;;X;X;;X;;;;;;;;;;;;;;;;;;;;;;;;;;;;;;;;;;;;X;X;;;;;;;;;;;;;;;;;;;;;;;;;;;;;;;;;;;;;;;;;;;;;;;;;;;;;;;X;;X;
S5751008003700;S5751008003700;OUTBOARD FLAP ASSY RH;;REPAIR;;;X;X;;X;;;;;;;;;;;;;;;;;;;;;;;;;;;;;;;;;;;;X;X;;;;;;;;;;;;;;;;;;;;;;;;;;;;;;;;;;;;;;;;;;;;;;;;;;;;;;;X;;X;
S5751021201060;S5751021201060;OUTBOARD FLAP ASSY;;REPAIR;;;X;;;;;;;;;;;;;;;;;;;;;;;;;;;;;;;;;;;;;;;X;X;;;;;;;;;;;;;;;;;;;;;;;;;;;;;;;;;;;;;;;;;;;;;;;;;;;;;;;X;;X;
S5751051100900;S5751051100900;PANEL;;TEST;;;X;X;;;;;;;;;;;;;;;;;;;;;;;;;;;;;;;;;;;;;;X;X;;;;;;;;;;;;;;;;;;;;;;;;;;;;;;;;;;;;;;;;;;;;;;;;;;;;;;;X;;X;
S5751051101200;S5751051101200;PANEL ASSY;;REPAIR;;;X;X;;X;;;;;;;;;;;;;;;;;;;;;;;;;;;;;;;;;;;;X;X;;;;;;;;;;;;;;;;;;;;;;;;;;;;;;;;;;;;;;;;;;;;;;;;;;;;;;;X;;X;
S5751051101900;S5751051101900;PANEL;;REPAIR;;;X;X;;X;;;;;;;;;;;;;;;;;;;;;;;;;;;;;;;;;;;;X;X;;;;;;;;;;;;;;;;;;;;;;;;;;;;;;;;;;;;;;;;;;;;;;;;;;;;;;;X;;X;
S5751051201800;S5751051201800;PANEL;;INSPECTION;;;X;X;;X;;;;;;;;;;;;;;;;;;;;;;;;;;;;;;;;;;;;X;X;;;;;;;;;;;;;;;;;;;;;;;;;;;;;;;;;;;;;;;;;;;;;;;;;;;;;;;X;;X;
S5751051301900;S5751051301900;PANEL;;REPAIR;;;X;X;;X;;;;;;;;;;;;;;;;;;;;;;;;;;;;;;;;;;;;X;X;;;;;;;;;;;;;;;;;;;;;;;;;;;;;;;;;;;;;;;;;;;;;;;;;;;;;;;X;;X;
S5751065000400;S5751065000400;FITTING ASSY;;INSPECTION;;;X;X;;X;;;;;;;;;;;;;;;;;;;;;;;;;;;;;;;;;;;;X;X;;;;;;;;;;;;;;;;;;;;;;;;;;;;;;;;;;;;;;;;;;;;;;;;;;;;;;;X;;X;
S5751066000500;S5751066000500;FITTING ASSY;;TEST;;;X;X;;X;;;;;;;;;;;;;;;;;;;;;;;;;;;;;;;;;;;;X;X;;;;;;;;;;;;;;;;;;;;;;;;;;;;;;;;;;;;;;;;;;;;;;;;;;;;;;;X;;X;
S5751067000400;S5751067000400;FITTING ASSY;;TEST;;;X;X;;X;;;;;;;;;;;;;;;;;;;;;;;;;;;;;;;;;;;;X;X;;;;;;;;;;;;;;;;;;;;;;;;;;;;;;;;;;;;;;;;;;;;;;;;;;;;;;;X;;X;
S5751068001900;S5751068001900;PANEL;;REPAIR;;;X;X;;X;;;;;;;;;;;;;;;;;;;;;;;;;;;;;;;;;;;;X;X;;;;;;;;;;;;;;;;;;;;;;;;;;;;;;;;;;;;;;;;;;;;;;;;;;;;;;;X;;X;
S5751070900200;S5751070900200;PANEL ASSY LH;;REPAIR;;;X;X;;X;;;;;;;;;;;;;;;;;;;;;;;;;;;;;;;;;;;;X;X;;;;;;;;;;;;;;;;;;;;;;;;;;;;;;;;;;;;;;;;;;;;;;;;;;;;;;;X;;X;
S5751070900300;S5751070900300;PANEL ASSY RH;;REPAIR;;;X;X;;X;;;;;;;;;;;;;;;;;;;;;;;;;;;;;;;;;;;;X;X;;;;;;;;;;;;;;;;;;;;;;;;;;;;;;;;;;;;;;;;;;;;;;;;;;;;;;;X;;X;
S5751071000200;S5751071000200;PANEL ASSY LH;;REPAIR;;;X;X;;X;;;;;;;;;;;;;;;;;;;;;;;;;;;;;;;;;;;;X;X;;;;;;;;;;;;;;;;;;;;;;;;;;;;;;;;;;;;;;;;;;;;;;;;;;;;;;;X;;X;
S5751071000300;S5751071000300;PANEL ASSY RH;;REPAIR;;;X;X;;X;;;;;;;;;;;;;;;;;;;;;;;;;;;;;;;;;;;;X;;;;X;;;;;;;;;;;;;;;;;;;;;;;;;;;;;;;;;;;;;;;;;;;;;;;;;;;;X;;X;
S5751200500000;S5751200500000;LEFT INT FLAP;;REPAIR;;;X;X;;X;;;;;;;;;;;;;;;;;;;;;;;;;;;;;;;;;;;;X;;;;X;;;;;;;;;;;;;;;;;;;;;;;;;;;;;;;;;;;;;;;;;;;;;;;;;;;;X;;X;
S5751200500595;S5751200500595;INBOARD FLAP RH;;REPAIR;;;X;X;X;X;;;;;;;;;;;;;;;;;;;;;;;;;;;;;;;;;;;;X;X;;;;;;;;;;;;;;;;;;;;;;;;;;;;;;;;;;;;;;;;;;;;;;;;;;;;;;;X;;X;
S5751200500650;S5751200500650;INBOARD FLAP;;REPAIR;;;X;X;;X;;;;;;;;;;;;;;;;;;;;;;;;;;;;;;;;;;;;X;;;;X;;;;;;;;;;;;;;;;;;;;;;;;;;;;;;;;;;;;;;;;;;;;;;;;;;;;X;;X;
S5751200500695;S5751200500695;INBOARD FLAP LH;;REPAIR;;;X;X;;X;;;;;;;;;;;;;;;;;;;;;;;;;;;;;;;;;;;;X;;;;X;;;;;;;;;;;;;;;;;;;;;;;;;;;;;;;;;;;;;;;;;;;;;;;;;;;;X;;X;
S5751200500750;S5751200500750;INBOARD FLAP ;;REPAIR;;;X;X;;X;;;;;;;;;;;;;;;;;;;;;;;;;;;;;;;;;;;;X;;;;X;;;;;;;;;;;;;;;;;;;;;;;;;;;;;;;;;;;;;;;;;;;;;;;;;;;;X;;X;
S5751200500795;S5751200500795;FLAP ASSY - INBOARD;;REPAIR;;;X;X;;X;;;;;;;;;;;;;;;;;;;;;;;;;;;;;;;;;;;;X;;;;X;;;;;;;;;;;;;;;;;;;;;;;;;;;;;;;;;;;;;;;;;;;;;;;;;;;;X;;X;
S5751200500895;S5751200500895;FLAP ASSY - INBOARD;;REPAIR;;;X;X;;X;;;;;;;;;;;;;;;;;;;;;;;;;;;;;;;;;;;;X;;;;X;;;;;;;;;;;;;;;;;;;;;;;;;;;;;;;;;;;;;;;;;;;;;;;;;;;;X;;X;
S5751200501095;S5751200501095;FLAP LH INT.;;REPAIR;;;X;X;;X;;;;;;;;;;;;;;;;;;;;;;;;;;;;;;;;;;;;X;;;;X;;;;;;;;;;;;;;;;;;;;;;;;;;;;;;;;;;;;;;;;;;;;;;;;;;;;X;;X;
S5751200501151;S5751200501151;FLAP INBOARD RIGHT;;REPAIR;;;X;X;;X;;;;;;;;;;;;;;;;;;;;;;;;;;;;;;;;;;;;X;;;;X;;;;;;;;;;;;;;;;;;;;;;;;;;;;;;;;;;;;;;;;;;;;;;;;;;;;X;;X;
S5751200501195;S5751200501195;FLAP INBOARD RH;;REPAIR;;;X;X;;X;;;;;;;;;;;;;;;;;;;;;;;;;;;;;;;;;;;;X;;;;X;;;;;;;;;;;;;;;;;;;;;;;;;;;;;;;;;;;;;;;;;;;;;;;;;;;;X;;X;
S5751200501895;S5751200501895;FLAP ASSY INBOARD;;REPAIR;;;X;X;;X;;;;;;;;;;;;;;;;;;;;;;;;;;;;;;;;;;;;X;;;;X;;;;;;;;;;;;;;;;;;;;;;;;;;;;;;;;;;;;;;;;;;;;;;;;;;;;X;;X;
S5751200501951;S5751200501951;FLAP ASSY ;;REPAIR;;;X;X;;X;;;;;;;;;;;;;;;;;;;;;;;;;;;;;;;;;;;;X;;;;X;;;;;;;;;;;;;;;;;;;;;;;;;;;;;;;;;;;;;;;;;;;;;;;;;;;;X;;X;
S5751200501995;S5751200501995;FLAP ASSY INBOARD;;REPAIR;;;X;X;;X;;;;;;;;;;;;;;;;;;;;;;;;;;;;;;;;;;;;X;;;;X;;;;;;;;;;;;;;;;;;;;;;;;;;;;;;;;;;;;;;;;;;;;;;;;;;;;X;;X;
S5751200502000;S5751200502000;FLAP INBOARD LH;;REPAIR;;;X;X;;X;;;;;;;;;;;;;;;;;;;;;;;;;;;;;;;;;;;;X;;;;X;;;;;;;;;;;;;;;;;;;;;;;;;;;;;;;;;;;;;;;;;;;;;;;;;;;;X;;X;
S5751200502051;S5751200502051;FLAP;;BENCH TEST;;;X;X;;X;;;;;;;;;;;;;;;;;;;;;;;;;;;;;;;;;;;;X;;;;X;;;;;;;;;;;;;;;;;;;;;;;;;;;;;;;;;;;;;;;;;;;;;;;;;;;;X;;X;
S5751200502151;S5751200502151;FLAP INBOARD RIGHT;;REPAIR;;;X;X;;X;;;;;;;;;;;;;;;;;;;;;;;;;;;;;;;;;;;;X;;;;X;;;;;;;;;;;;;;;;;;;;;;;;;;;;;;;;;;;;;;;;;;;;;;;;;;;;X;;X;
S5751200502195;S5751200502195;FLAP INBOARD RIGHT;;REPAIR;;;X;X;;X;;;;;;;;;;;;;;;;;;;;;;;;;;;;;;;;;;;;X;X;;;;;;;;;;;;;;;;;;;;;;;;;;;;;;;;;;;;;;;;;;;;;;;;;;;;;;;X;;X;
S5751200502600;S5751200502600;FLAP ASSY INBOARD;;REPAIR;;;X;X;;X;;;;;;;;;;;;;;;;;;;;;;;;;;;;;;;;;;;;X;X;;;;;;;;;;;;;;;;;;;;;;;;;;;;;;;;;;;;;;;;;;;;;;;;;;;;;;;X;;X;
S5751200502651;S5751200502651;FLAP ASSY INBOARD LH;;REPAIR;;;X;X;;;;;;;;;;;;;;;;;;;;;;;;;;;;;;;;;;;;;;X;;;;X;;;;;;;;;;;;;;;;;;;;;;;;;;;;;;;;;;;;;;;;;;;;;;;;;;;;X;;X;
S57512006000H00;S57512006000H00;INBOARD FLAP ASSY LH;;REPAIR;;;X;X;;;;;;;;;;;;;;;;;;;;;;;;;;;;;;;;;;;;;;X;;;;X;;;;;;;;;;;;;;;;;;;;;;;;;;;;;;;;;;;;;;;;;;;;;;;;;;;;X;;X;
S57512006001H00;S57512006001H00;INBOARD FLAP RH;;REPAIR;;;X;X;;X;;;;;;;;;;;;;;;;;;;;;;;;;;;;;;;;;;;;X;;;;X;;;;;;;;;;;;;;;;;;;;;;;;;;;;;;;;;;;;;;;;;;;;;;;;;;;;X;;X;
S57512006005000;S57512006005000;FLAP;;REPAIR;;;X;X;;X;;;;;;;;;;;;;;;;;;;;;;;;;;;;;;;;;;;;X;;;;X;;;;;;;;;;;;;;;;;;;;;;;;;;;;;;;;;;;;;;;;;;;;;;;;;;;;X;;X;
S5751208000495;S5751208000495;OUTBOARD FLAP LH;;REPAIR;;;X;X;;X;;;;;;;;;;;;;;;;;;;;;;;;;;;;;;;;;;;;X;;;;X;;;;;;;;;;;;;;;;;;;;;;;;;;;;;;;;;;;;;;;;;;;;;;;;;;;;X;;X;
S5751208000895;S5751208000895;LH EXTERNAL FLAP;;REPAIR;;;X;X;;X;;;;;;;;;;;;;;;;;;;;;;;;;;;;;;;;;;;;X;;;;X;;;;;;;;;;;;;;;;;;;;;;;;;;;;;;;;;;;;;;;;;;;;;;;;;;;;X;;X;
S5751208000995;S5751208000995;FLAP OUBOARD RIGHT;;REPAIR;;;X;X;;X;;;;;;;;;;;;;;;;;;;;;;;;;;;;;;;;;;;;X;;;;X;;;;;;;;;;;;;;;;;;;;;;;;;;;;;;;;;;;;;;;;;;;;;;;;;;;;X;;X;
S5751208001095;S5751208001095;OUTBOARD FLAP LH;;REPAIR;;;X;X;;X;;;;;;;;;;;;;;;;;;;;;;;;;;;;;;;;;;;;X;;;;X;;;;;;;;;;;;;;;;;;;;;;;;;;;;;;;;;;;;;;;;;;;;;;;;;;;;X;;X;
S5751208001150;S5751208001150;OUTBOARD FLAP RH;;REPAIR;;;X;X;;X;;;;;;;;;;;;;;;;;;;;;;;;;;;;;;;;;;;;X;;;;X;;;;;;;;;;;;;;;;;;;;;;;;;;;;;;;;;;;;;;;;;;;;;;;;;;;;X;;X;
S5751208001195;S5751208001195;FLAP;;REPAIR;;;X;X;;X;;;;;;;;;;;;;;;;;;;;;;;;;;;;;;;;;;;;X;;;;X;;;;;;;;;;;;;;;;;;;;;;;;;;;;;;;;;;;;;;;;;;;;;;;;;;;;X;;X;
S5751208001251;S5751208001251;FLAP;;REPAIR;;;X;X;;X;;;;;;;;;;;;;;;;;;;;;;;;;;;;;;;;;;;;X;;;;X;;;;;;;;;;;;;;;;;;;;;;;;;;;;;;;;;;;;;;;;;;;;;;;;;;;;X;;X;
S5751208001295;S5751208001295;FLAP;;REPAIR;;;X;X;;X;;;;;;;;;;;;;;;;;;;;;;;;;;;;;;;;;;;;X;X;;;;;;;;;;;;;;;;;;;;;;;;;;;;;;;;;;;;;;;;;;;;;;;;;;;;;;;X;;X;
S5751208001595;S5751208001595;FLAP;;REPAIR;;;X;X;;X;;;;;;;;;;;;;;;;;;;;;;;;;;;;;;;;;;;;X;X;;;;;;;;;;;;;;;;;;;;;;;;;;;;;;;;;;;;;;;;;;;;;;;;;;;;;;;X;;X;
S5751208002000;S5751208002000;FLAP ASSY OUTBOARD LH;;REPAIR;;;X;X;;X;;;;;;;;;;;;;;;;;;;;;;;;;;;;;;;;;;;;X;X;;;;;;;;;;;;;;;;;;;;;;;;;;;;;;;;;;;;;;;;;;;;;;;;;;;;;;;X;;X;
S5751208002051;S5751208002051;FLAP ASSY OUTBOARD;;REPAIR;;;X;X;;X;;;;;;;;;;;;;;;;;;;;;;;;;;;;;;;;;;;;X;;;;X;;;;;;;;;;;;;;;;;;;;;;;;;;;;;;;;;;;;;;;;;;;;;;;;;;;;X;;X;
S5751208002100;S5751208002100;FLAP;;REPAIR;;;X;X;;X;;;;;;;;;;;;;;;;;;;;;;;;;;;;;;;;;;;;X;;;;X;;;;;;;;;;;;;;;;;;;;;;;;;;;;;;;;;;;;;;;;;;;;;;;;;;;;X;;X;
S5751208002151;S5751208002151;OUTBOARD FLAP RH;;REPAIR;;;X;X;;X;;;;;;;;;;;;;;;;;;;;;;;;;;;;;;;;;;;;X;;;;X;;;;;;;;;;;;;;;;;;;;;;;;;;;;;;;;;;;;;;;;;;;;;;;;;;;;X;;X;
S5751208002195;S5751208002195;OUTBOARD FLAP RH;;REPAIR;;;X;X;;X;;;;;;;;;;;;;;;;;;;;;;;;;;;;;;;;;;;;X; ;;;X;;;;;;;;;;;;;;;;;;;;;;;;;;;;;;;;;;;;;;;;;;;;;;;;;;;;X;;X;
S5751208002251;S5751208002251;FLAP ASSY OUTBOARD;;REPAIR;;;X;X;;X;;;;;;;;;;;;;;;;;;;;;;;;;;;;;;;;;;;;X; ;;;X;;;;;;;;;;;;;;;;;;;;;;;;;;;;;;;;;;;;;;;;;;;;;;;;;;;;X;;X;
S5751208002351;S5751208002351;FLAP ASSY OUTBOARD;;REPAIR;;;X;X;;X;;;;;;;;;;;;;;;;;;;;;;;;;;;;;;;;;;;;X;;;;X;;;;;;;;;;;;;;;;;;;;;;;;;;;;;;;;;;;;;;;;;;;;;;;;;;;;X;;X;
S5751208002451;S5751208002451;FLAP ASSY OUTBOARD;;REPAIR;;;X;X;;X;;;;;;;;;;;;;;;;;;;;;;;;;;;;;;;;;;;;X;X;;;;;;;;;;;;;;;;;;;;;;;;;;;;;;;;;;;;;;;;;;;;;;;;;;;;;;;X;;X;
S5751208002551;S5751208002551;OUTBOARD FLAP LH;;REPAIR;;;X;X;;X;;;;;;;;;;;;;;;;;;;;;;;;;;;;;;;;;;;;X;X;X;X; ;;;;;;;;;;;;;;;;;;;;;;;;;;;;;;;;;;;;;;;;;;;;;;;;;;;;X;;X;
S5751208002651;S5751208002651;OUTBOARD FLAP LH;;REPAIR;;;X;X;;X;;;;;;;;;;;;;;;;;;;;;;;;;;;;;;;;;;;;X;;;;X;;;;;;;;;;;;;;;;;;;;;;;;;;;;;;;;;;;;;;;;;;;;;;;;;;;;X;;X;
S5751208002751;S5751208002751;OUTBOARD FLAP RH;;REPAIR;;;X;X;;X;;;;;;;;;;;;;;;;;;;;;;;;;;;;;;;;;;;;X;;;;X;;;;;;;;;;;;;;;;;;;;;;;;;;;;;;;;;;;;;;;;;;;;;;;;;;;;X;;X;
S5751208400400;S5751208400400;FLAP LH OUTBOARD;;REPAIR;;;X;X;;;;;;;;;;;;;;;;;;;;;;;;;;;;;;;;;;;;;;X;;;;X;;;;;;;;;;;;;;;;;;;;;;;;;;;;;;;;;;;;;;;;;;;;;;;;;;;;X;;X;
S57512084005000;S57512084005000;RIGHT EXTERNAL FLAP;;REPAIR;;;X;X;;X;;;;;;;;;;;;;;;;;;;;;;;;;;;;;;;;;;;;X;;;;X;;;;;;;;;;;;;;;;;;;;;;;;;;;;;;;;;;;;;;;;;;;;;;;;;;;;X;;X;
S5751208400700;S5751208400700;BOX ASSY FLAP RH;;REPAIR;;;X;X;;X;;;;;;;;;;;;;;;;;;;;;;;;;;;;;;;;;;;;X;;;;X;;;;;;;;;;;;;;;;;;;;;;;;;;;;;;;;;;;;;;;;;;;;;;;;;;;;X;;X;
S5751208500900;S5751208500900;FLAP;;REPAIR;;;X;X;;X;;;;;;;;;;;;;;;;;;;;;;;;;;;;;;;;;;;;X;;;;X;;;;;;;;;;;;;;;;;;;;;;;;;;;;;;;;;;;;;;;;;;;;;;;;;;;;X;;X;
S5751221102260;S5751221102260;FLAP INBOARD LH;;REPAIR;;;X;X;;X;;;;;;;;;;;;;;;;;;;;;;;;;;;;;;;;;;;;X;;;;X;;;;;;;;;;;;;;;;;;;;;;;;;;;;;;;;;;;;;;;;;;;;;;;;;;;;X;;X;
S5751222100400;S5751222100400;FITTING ASSY;;INSPECTION;;;X;X;;X;;;;;;;;;;;;;;;;;;;;;;;;;;;;;;;;;;;;X;;;;X;;;;;;;;;;;;;;;;;;;;;;;;;;;;;;;;;;;;;;;;;;;;;;;;;;;;X;;X;
S5751233100000;S5751233100000;FLAP ASSY INBOARD;;INSPECTION;;;X;X;;X;;;;;;;;;;;;;;;;;;;;;;;;;;;;;;;;;;;;X;;;;X;;;;;;;;;;;;;;;;;;;;;;;;;;;;;;;;;;;;;;;;;;;;;;;;;;;;X;;X;
S5751233100100;S5751233100100;FLAP ASSY INBOARD;;INSPECTION;;;X;X;;X;;;;;;;;;;;;;;;;;;;;;;;;;;;;;;;;;;;;X;;X;;;;;;;;;;;;;;;;;;;;;;;;;;;;;;;;;;;;;;;;;;;;;;;;;;;;;;X;;X;
S5751233200000;S5751233200000;OUTBOARD FLAP;;REPAIR;;;X;X;;X;;;;;;;;;;;;;;;;;;;;;;;;;;;;;;;;;;;;X;;;;X;;;;;;;;;;;;;;;;;;;;;;;;;;;;;;;;;;;;;;;;;;;;;;;;;;;;X;;X;
S5751233200100;S5751233200100;FLAP ASSY OUTBOARD;;REPAIR;;;X;X;;X;;;;;;;;;;;;;;;;;;;;;;;;;;;;;;;;;;;;X;;;;X;;;;;;;;;;;;;;;;;;;;;;;;;;;;;;;;;;;;;;;;;;;;;;;;;;;;X;;X;
S5751235300100;S5751235300100;PANEL ASSY;;REPAIR;;;X;X;;X;;;;;;;;;;;;;;;;;;;;;;;;;;;;;;;;;;;;X;X;;;;;;;;;;;;;;;;;;;;;;;;;;;;;;;;;;;;;;;;;;;;;;;;;;;;;;;X;;X;
S5751235300300;S5751235300300;PANEL ASSY;;REPAIR;;;X;X;;X;;;;;;;;;;;;;;;;;;;;;;;;;;;;;;;;;;;;X;;;;X;;;;;;;;;;;;;;;;;;;;;;;;;;;;;;;;;;;;;;;;;;;;;;;;;;;;X;;X;
S5751238600900;S5751238600900;PANEL ASSY;;REPAIR;;;X;X;;X;;;;;;;;;;;;;;;;;;;;;;;;;;;;;;;;;;;;X;X;X;X;;;;;;;;;;;;;;;;;;;;;;;;;;;;;;;;;;;;;;;;;;;;;;;;;;;;;X;;X;
S5751521400200;S5751521400200;RIB;;TEST;;;X;X;;X;;;;;;;;;;;;;;;;;;;;;;;;;;;;;;;;;;;;X;X;;;;;;;;;;;;;;;;;;;;;;;;;;;;;;;;;;;;;;;;;;;;;;;;;;;;;;;X;;X;
S5751522100000;S5751522100000;LH INBOARD FLAP ASSY;;REPAIR;;;X;X;;X;;;;;;;;;;;;;;;;;;;;;;;;;;;;;;;;;;;;X;X;X;;;;;;;;;;;;;;;;;;;;;;;;;;;;;;;;;;;;;;;;;;;;;;;;;;;;;;X;;X;
S5751522100100;S5751522100100;FLAP INBOARD LH;;REPAIR;;;X;X;;X;;;;;;;;;;;;;;;;;;;;;;;;;;;;;;;;;;;;X;;;;X;;;;;;;;;;;;;;;;;;;;;;;;;;;;;;;;;;;;;;;;;;;;;;;;;;;;X;;X;
S5751522800100;S5751522800100;FLAP ASSY;;REPAIR;;;X;X;;X;;;;;;;;;;;;;;;;;;;;;;;;;;;;;;;;;;;;X;;;;X;;;;;;;;;;;;;;;;;;;;;;;;;;;;;;;;;;;;;;;;;;;;;;;;;;;;X;;X;
S5751566500000;S5751566500000;FITTING ASSY;;TEST;;;X;X;;X;;;;;;;;;;;;;;;;;;;;;;;;;;;;;;;;;;;;X;X;;;;;;;;;;;;;;;;;;;;;;;;;;;;;;;;;;;;;;;;;;;;;;;;;;;;;;;X;;X;
S5761015600395;S5761015600395;AILERON ASSY;;REPAIR;;;X;X;;X;;;;;;;;;;;;;;;;;;;;;;;;;;;;;;;;;;;;X;X;;;;;;;;;;;;;;;;;;;;;;;;;;;;;;;;;;;;;;;;;;;;;;;;;;;;;;;X;;X;
S5761015601401;S5761015601401;AILERON LH;;REPAIR;;;X;X;;X;;;;;;;;;;;;;;;;;;;;;;;;;;;;;;;;;;;;X;X;;;;;;;;;;;;;;;;;;;;;;;;;;;;;;;;;;;;;;;;;;;;;;;;;;;;;;;X;;X;
S5761015601495;S5761015601495;AILERON;;REPAIR;;;X;X;;X;;;;;;;;;;;;;;;;;;;;;;;;;;;;;;;;;;;;X;X;;;;;;;;;;;;;;;;;;;;;;;;;;;;;;;;;;;;;;;;;;;;;;;;;;;;;;;X;;X;
S5761015601501;S5761015601501;AILERON ASSY;;REPAIR;;;X;X;;X;;;;;;;;;;;;;;;;;;;;;;;;;;;;;;;;;;;;X;X;;;;;;;;;;;;;;;;;;;;;;;;;;;;;;;;;;;;;;;;;;;;;;;;;;;;;;;X;;X;
S5761015601595;S5761015601595;AILERON;;REPAIR;;;X;X;;X;;;;;;;;;;;;;;;;;;;;;;;;;;;;;;;;;;;;X;X;;;;;;;;;;;;;;;;;;;;;;;;;;;;;;;;;;;;;;;;;;;;;;;;;;;;;;;X;;X;
S5761015601601;S5761015601601;AILERON ASSY LH;;REPAIR;;;X;X;;X;;;;;;;;;;;;;;;;;;;;;;;;;;;;;;;;;;;;X;X;;;;;;;;;;;;;;;;;;;;;;;;;;;;;;;;;;;;;;;;;;;;;;;;;;;;;;;X;;X;
S5761015601695;S5761015601695;AILERON ASSY;;REPAIR;;;X;X;;X;;;;;;;;;;;;;;;;;;;;;;;;;;;;;;;;;;;;X;X;;;;;;;;;;;;;;;;;;;;;;;;;;;;;;;;;;;;;;;;;;;;;;;;;;;;;;;X;;X;
S5761015601700;S5761015601700;AILERON, FIN;;TEST;;;X;X;;X;;;;;;;;;;;;;;;;;;;;;;;;;;;;;;;;;;;;X;X;;;;;;;;;;;;;;;;;;;;;;;;;;;;;;;;;;;;;;;;;;;;;;;;;;;;;;;X;;X;
S5761015601701;S5761015601701;AILERON ASSY RH;;REPAIR;;;X;X;;X;;;;;;;;;;;;;;;;;;;;;;;;;;;;;;;;;;;;X;X;;;;;;;;;;;;;;;;;;;;;;;;;;;;;;;;;;;;;;;;;;;;;;;;;;;;;;;X;;X;
S5761015601795;S5761015601795;RH AILERON ASSY;;REPAIR;;;X;X;;X;;;;;;;;;;;;;;;;;;;;;;;;;;;;;;;;;;;;X;X;;;;;;;;;;;;;;;;;;;;;;;;;;;;;;;;;;;;;;;;;;;;;;;;;;;;;;;X;;X;
S5761025000095;S5761025000095;LH AILERON ASSY;;REPAIR;;;X;X;;X;;;;;;;;;;;;;;;;;;;;;;;;;;;;;;;;;;;;X;X;;;;;;;;;;;;;;;;;;;;;;;;;;;;;;;;;;;;;;;;;;;;;;;;;;;;;;;X;;X;
S5761025000100;S5761025000100;AILERON;;REPAIR;;;X;X;;X;;;;;;;;;;;;;;;;;;;;;;;;;;;;;;;;;;;;X;X;;;;;;;;;;;;;;;;;;;;;;;;;;;;;;;;;;;;;;;;;;;;;;;;;;;;;;;X;;X;
S5761025000195;S5761025000195;RH AILERON ASSY;;REPAIR;;;X;X;;;;;;;;;;;;;;;;;;;;;;;;;;;;;;;;;;;;;;X;X;;;;;;;;;;;;;;;;;;;;;;;;;;;;;;;;;;;;;;;;;;;;;;;;;;;;;;;X;;X;
S5761025000201;S5761025000201;AILERON;;REPAIR;;;X;X;;X;;;;;;;;;;;;;;;;;;;;;;;;;;;;;;;;;;;;X;X;;;;;;;;;;;;;;;;;;;;;;;;;;;;;;;;;;;;;;;;;;;;;;;;;;;;;;;X;;X;
S5761025000251;S5761025000251;AILERON;;BENCH TEST;;;X;;;;;;;;;;;;;;;;;;;;;;;;;;;;;;;;;;;;;;;X;X;;;;;;;;;;;;;;;;;;;;;;;;;;;;;;;;;;;;;;;;;;;;;;;;;;;;;;;X;;X;
S5761025000301;S5761025000301;AILERON;;REPAIR;;;X;X;;X;;;;;;;;;;;;;;;;;;;;;;;;;;;;;;;;;;;;X;X;;X;;;;;;;;;;;;;;;;;;;;;;;;;;;;;;;;;;;;;;;;;;;;;;;;;;;;;X;;X;
S5761027000101;S5761027000101;TAB;;REPAIR;;;X;X;;;;;;;;;;;;;;;;;;;;;;;;;;;;;;;;;;;;;;X;X;;;;;;;;;;;;;;;;;;;;;;;;;;;;;;;;;;;;;;;;;;;;;;;;;;;;;;;X;;X;
S5761201200000;S5761201200000;AILERON;;REPAIR;;;X;X;;X;;;;;;;;;;;;;;;;;;;;;;;;;;;;;;;;;;;;X;X;;;;;;;;;;;;;;;;;;;;;;;;;;;;;;;;;;;;;;;;;;;;;;;;;;;;;;;X;;X;
S5761204700001;S5761204700001;CRANK ASSY;;REPAIR;;;X;X;;X;;;;;;;;;;;;;;;;;;;;;;;;;;;;;;;;;;;;X;;;;X;;;;;;;;;;;;;;;;;;;;;;;;;;;;;;;;;;;;;;;;;;;;;;;;;;;;X;;X;
S5761215601295;S5761215601295;LH AILERON ASSY;;REPAIR;;;X;X;;X;;;;;;;;;;;;;;;;;;;;;;;;;;;;;;;;;;;;X;;;;X;;;;;;;;;;;;;;;;;;;;;;;;;;;;;;;;;;;;;;;;;;;;;;;;;;;;X;;X;
S5761215601895;S5761215601895;AILERON, FIN;;REPAIR;;;X;X;;X;;;;;;;;;;;;;;;;;;;;;;;;;;;;;;;;;;;;X;;;;X;;;;;;;;;;;;;;;;;;;;;;;;;;;;;;;;;;;;;;;;;;;;;;;;;;;;X;;X;
S5761215601901;S5761215601901;RH AILERON;;REPAIR;;;X;X;;X;;;;;;;;;;;;;;;;;;;;;;;;;;;;;;;;;;;;X;;;;X;;;;;;;;;;;;;;;;;;;;;;;;;;;;;;;;;;;;;;;;;;;;;;;;;;;;X;;X;
S5761215601995;S5761215601995;RH AILERON ASSY;;REPAIR;;;X;X;;X;;;;;;;;;;;;;;;;;;;;;;;;;;;;;;;;;;;;X;;;;X;;;;;;;;;;;;;;;;;;;;;;;;;;;;;;;;;;;;;;;;;;;;;;;;;;;;X;;X;
S5761215602001;S5761215602001;AILERON ASSY;;REPAIR;;;X;X;;X;;;;;;;;;;;;;;;;;;;;;;;;;;;;;;;;;;;;X;;;;X;;;;;;;;;;;;;;;;;;;;;;;;;;;;;;;;;;;;;;;;;;;;;;;;;;;;X;;X;
S5761215602095;S5761215602095;RH AILERON ASSY;;REPAIR;;;X;X;;X;;;;;;;;;;;;;;;;;;;;;;;;;;;;;;;;;;;;X;;;;X;;;;;;;;;;;;;;;;;;;;;;;;;;;;;;;;;;;;;;;;;;;;;;;;;;;;X;;X;
S5761215602101;S5761215602101;RH AILERON ASSY;;REPAIR;;;X;X;;X;;;;;;;;;;;;;;;;;;;;;;;;;;;;;;;;;;;;X;;;;X;;;;;;;;;;;;;;;;;;;;;;;;;;;;;;;;;;;;;;;;;;;;;;;;;;;;X;;X;
S5761215602301;S5761215602301;AILERON ASSY;;REPAIR;;;X;X;;X;;;;;;;;;;;;;;;;;;;;;;;;;;;;;;;;;;;;X;;;;X;;;;;;;;;;;;;;;;;;;;;;;;;;;;;;;;;;;;;;;;;;;;;;;;;;;;X;;X;
S5761218000500;S5761218000500;TAB;;REPAIR;;;X;X;;X;;;;;;;;;;;;;;;;;;;;;;;;;;;;;;;;;;;;X;;;;X;;;;;;;;;;;;;;;;;;;;;;;;;;;;;;;;;;;;;;;;;;;;;;;;;;;;X;;X;
S5761218000700;S5761218000700;TAB;;BENCH TEST;;;X;X;;X;;;;;;;;;;;;;;;;;;;;;;;;;;;;;;;;;;;;X;;;;X;;;;;;;;;;;;;;;;;;;;;;;;;;;;;;;;;;;;;;;;;;;;;;;;;;;;X;;X;
S5761218000900;S5761218000900;TAB;;REPAIR;;;X;X;;X;;;;;;;;;;;;;;;;;;;;;;;;;;;;;;;;;;;;X;;;;X;;;;;;;;;;;;;;;;;;;;;;;;;;;;;;;;;;;;;;;;;;;;;;;;;;;;X;;X;
S5761315601097;S5761315601097;AILERON ASSY;;REPAIR;;;X;X;;X;;;;;;;;;;;;;;;;;;;;;;;;;;;;;;;;;;;;X;;;;X;;;;;;;;;;;;;;;;;;;;;;;;;;;;;;;;;;;;;;;;;;;;;;;;;;;;X;;X;
S5761315601099;S5761315601099;AILERON ASSY;;REPAIR;;;X;X;;X;;;;;;;;;;;;;;;;;;;;;;;;;;;;;;;;;;;;X;;;;X;;;;;;;;;;;;;;;;;;;;;;;;;;;;;;;;;;;;;;;;;;;;;;;;;;;;X;;X;
S5761315601195;S5761315601195;AILERON ASSY;;REPAIR;;;X;X;;X;;;;;;;;;;;;;;;;;;;;;;;;;;;;;;;;;;;;X;;;;X;;;;;;;;;;;;;;;;;;;;;;;;;;;;;;;;;;;;;;;;;;;;;;;;;;;;X;;X;
S5761315601199;S5761315601199;AILERON ASSY;;REPAIR;;;X;X;;;;;;;;;;;;;;;;;;;;;;;;;;;;;;;;;;;;;;X;;;;X;;;;;;;;;;;;;;;;;;;;;;;;;;;;;;;;;;;;;;;;;;;;;;;;;;;;X;;X;
S5761315601200;S5761315601200;AILERON LH;;REPAIR;;;X;X;;X;;;;;;;;;;;;;;;;;;;;;;;;;;;;;;;;;;;;X;;;;X;;;;;;;;;;;;;;;;;;;;;;;;;;;;;;;;;;;;;;;;;;;;;;;;;;;;X;;X;
S5761315601296;S5761315601296;AILERON ASSY;;REPAIR;;;X;X;;X;;;;;;;;;;;;;;;;;;;;;;;;;;;;;;;;;;;;X;;;;X;;;;;;;;;;;;;;;;;;;;;;;;;;;;;;;;;;;;;;;;;;;;;;;;;;;;X;;X;
S5761315601797;S5761315601797;AILERON ASSY;;REPAIR;;;X;X;;X;;;;;;;;;;;;;;;;;;;;;;;;;;;;;;;;;;;;X;;;;X;;;;;;;;;;;;;;;;;;;;;;;;;;;;;;;;;;;;;;;;;;;;;;;;;;;;X;;X;
S5761315602000;S5761315602000;AILERON ASSY;;REPAIR;;;X;X;;X;;;;;;;;;;;;;;;;;;;;;;;;;;;;;;;;;;;;X;;;;X;;;;;;;;;;;;;;;;;;;;;;;;;;;;;;;;;;;;;;;;;;;;;;;;;;;;X;;X;
S5761315602095;S5761315602095;AILERON ASSY LH;;REPAIR;;;X;X;;X;;;;;;;;;;;;;;;;;;;;;;;;;;;;;;;;;;;;X;;;;X;;;;;;;;;;;;;;;;;;;;;;;;;;;;;;;;;;;;;;;;;;;;;;;;;;;;X;;X;
S5761315602096;S5761315602096;AILERON ASSY LH;;REPAIR;;;X;X;;X;;;;;;;;;;;;;;;;;;;;;;;;;;;;;;;;;;;;X;;;;X;;;;;;;;;;;;;;;;;;;;;;;;;;;;;;;;;;;;;;;;;;;;;;;;;;;;X;;X;
S5761315602100;S5761315602100;AILERON ASSY;;REPAIR;;;X;X;;X;;;;;;;;;;;;;;;;;;;;;;;;;;;;;;;;;;;;X;X;;; ;;;;;;;;;;;;;;;;;;;;;;;;;;;;;;;;;;;;;;;;;;;;;;;;;;;;X;;X;
S5761315602195;S5761315602195;AILERON TAB;;REPAIR;;;X;X;;X;;;;;;;;;;;;;;;;;;;;;;;;;;;;;;;;;;;;X;;;;X;;;;;;;;;;;;;;;;;;;;;;;;;;;;;;;;;;;;;;;;;;;;;;;;;;;;X;;X;
S5761516400852;S5761516400852;HORN ASSY;;REPAIR;;;X;X;;X;;;;;;;;;;;;;;;;;;;;;;;;;;;;;;;;;;;;X;;;;X;;;;;;;;;;;;;;;;;;;;;;;;;;;;;;;;;;;;;;;;;;;;;;;;;;;;X;;X;
S5761525000600;S5761525000600;AILERON ASSY;;REPAIR;;;X;X;;X;;;;;;;;;;;;;;;;;;;;;;;;;;;;;;;;;;;;X;;;;X;;;;;;;;;;;;;;;;;;;;;;;;;;;;;;;;;;;;;;;;;;;;;;;;;;;;X;;X;
S5761525000700;S5761525000700;AILERON ASSY;;TEST;;;X;X;;X;;;;;;;;;;;;;;;;;;;;;;;;;;;;;;;;;;;;X;;;;X;;;;;;;;;;;;;;;;;;;;;;;;;;;;;;;;;;;;;;;;;;;;;;;;;;;;X;;X;
S5761530000396;S5761530000396;AILERON ASSY;;REPAIR;;;X;X;;X;;;;;;;;;;;;;;;;;;;;;;;;;;;;;;;;;;;;X;;X;; ;;;;;;;;;;;;;;;;;;;;;;;;;;;;;;;;;;;;;;;;;;;;;;;;;;;;X;;X;
S5761530000800;S5761530000800;AILERON ASSY;;REPAIR;;;X;X;; ;;;;;;;;;;;;;;;;;;;;;;;;;;;;;;;;;;;;X;;;;X;;;;;;;;;;;;;;;;;;;;;;;;;;;;;;;;;;;;;;;;;;;;;;;;;;;;X;;X;
S5761530000900;S5761530000900;AILERON ASSY;;REPAIR;;;X;X;;X;;;;;;;;;;;;;;;;;;;;;;;;;;;;;;;;;;;;X;X;;;;;;;;;;;;;;;;;;;;;;;;;;;;;;;;;;;;;;;;;;;;;;;;;;;;;;;X;;X;
S5761530000995;S5761530000995;AILERON ASSY;;REPAIR;;;X;X;;X;;;;;;;;;;;;;;;;;;;;;;;;;;;;;;;;;;;;X;X;;;;;;;;;;;;;;;;;;;;;;;;;;;;;;;;;;;;;;;;;;;;;;;;;;;;;;;X;;X;
S5771000000600;S5771000000600;SPOILER ASSY LH;;REPAIR;;;X;X;;X;;;;;;;;;;;;;;;;;;;;;;;;;;;;;;;;;;;;X;X;;;;;;;;;;;;;;;;;;;;;;;;;;;;;;;;;;;;;;;;;;;;;;;;;;;;;;;X;;X;
S5771000002001;S5771000002001;SPOILER ASSY LH;;REPAIR;;;X;X;;X;;;;;;;;;;;;;;;;;;;;;;;;;;;;;;;;;;;;X;X;;;;;;;;;;;;;;;;;;;;;;;;;;;;;;;;;;;;;;;;;;;;;;;;;;;;;;;X;;X;
S5771000002101;S5771000002101;SPOILER ASSY LH;;REPAIR;;;X;X;;X;;;;;;;;;;;;;;;;;;;;;;;;;;;;;;;;;;;;X;X;;;;;;;;;;;;;;;;;;;;;;;;;;;;;;;;;;;;;;;;;;;;;;;;;;;;;;;X;;X;
S5771200000400;S5771200000400;SPOILER ASSY ;;REPAIR;;;X;X;;X;;;;;;;;;;;;;;;;;;;;;;;;;;;;;;;;;;;;X;X;;;;;;;;;;;;;;;;;;;;;;;;;;;;;;;;;;;;;;;;;;;;;;;;;;;;;;;X;;X;
S5791000100200;S5791000100200;FAIRING ASSY;;REPAIR;;;X;X;;X;;;;;;;;;;;;;;;;;;;;;;;;;;;;;;;;;;;;X;X;;;;;;;;;;;;;;;;;;;;;;;;;;;;;;;;;;;;;;;;;;;;;;;;;;;;;;;X;;X;
S5791201100601;S5791201100601;FAIRING ASSY;;REPAIR;;;X;X;;X;;;;;;;;;;;;;;;;;;;;;;;;;;;;;;;;;;;;X;X;;;;;;;;;;;;;;;;;;;;;;;;;;;;;;;;;;;;;;;;;;;;;;;;;;;;;;;X;;X;
S5791202100600;S5791202100600;FAIRING ASSY;;REPAIR;;;X;X;;X;;;;;;;;;;;;;;;;;;;;;;;;;;;;;;;;;;;;X;X;;;X;;;;;;;;;;;;;;;;;;;;;;;;;;;;;;;;;;;;;;;;;;;;;;;;;;;;X;;X;
S5791204101000;S5791204101000;FAIRING ASSY;;REPAIR;;;X;X;;X;;;;;;;;;;;;;;;;;;;;;;;;;;;;;;;;;;;;X;X;;;X;;;;;;;;;;;;;;;;;;;;;;;;;;;;;;;;;;;;;;;;;;;;;;;;;;;;X;;X;
S5791207100900;S5791207100900;FAIRING FLAP RH;;REPAIR;;;X;X;;;;;;;;;;;;;;;;;;;;;;;;;;;;;;;;;;;;;;;;;;;;;;;;;;;;;;;;;;;;;;;;;;;;;;;;;;;;;;;;;;;;;;;;X;;;X;;;X;;;
S703100000;S703-1000-00;FLIGHT DATA RECORDER;;REPAIR;;;X;X;;;;;;;;;;;;;;;;;;;;;;;;;;;;;;;;;;;;;;X;X;;;;;;;;;;;;;;;;;;;;;;;;;;;;;;;;;;;;;;;;;;;;;;;;;;;;;;;X;;X;
S7811000000000;S7811000000000;PIPE;;REPAIR;;;X;X;;;;;;;;;;;;;;;;;;;;;;;;;;;;;;;;;;;;;;X;;;;X;;;;;;;;;;;;;;;;;;;;;;;;;;;;;;;;;;;;;;;;;;;;;;;;;;;;X;;X;
S7811200000000;S7811200000000;PIPE;;REPAIR;;;X;X;;X;;;;;;;;;;;;;;;;;;;;;;;;;;;;;;;;;;;;X;;;;X;;;;;;;;;;;;;;;;;;;;;;;;;;;;;;;;;;;;;;;;;;;;;;;;;;;;X;;X;
S7811200000200;S7811200000200;PIPE;;REPAIR;;;X;X;;;;;;;;;;;;;;;;;;;;;;;;;;;;;;;;;;;;;;X;;;;X;;;;;;;;;;;;;;;;;;;;;;;;;;;;;;;;;;;;;;;;;;;;;;;;;;;;X;;X;
S7811210400200;S7811210400200;PIPE;;REPAIR;;;X;X;;X;;;;;;;;;;;;;;;;;;;;;;;;;;;;;;;;;;;;;;;;;;;;;;;;;;;;;;;;;;;;;;;;;;;;;;;;;;;;;;;;;;;;;;X;X;;;;;X;;;
S800200000;S800-2000-00;SOLID STATE FLIGHT DATA RECORD;;REPAIR;;;X;X;;X;;;;;;;;;;;;;;;;;;;;;;;;;;;;;;;;;;;;;;;;;;;;;;;;;;;;;;;;;;;;;;;;;X;;X;;;;;;;;;;;;;;;;;;; ; ;;;;;X;;;
S800200001;S800-2000-01;SOLID STATE FLIGHT DATA RECORD;;REPAIR;;;X;X;;X;;;;;;;;;;;;;;;;;;;;;;;;;;;;;;;;;;;;;;;;;;;;;;;;;;;;;;;;;;;;;;;;;X;;X;;;;;;;;;;;;;;;;;;;X;X;;;;;X;;;
S800300000;S800-3000-00;SOLID STATE FLIGHT DATA RECORD;;REPAIR;;;X;;;;;;;;;;;;;;;;;;;;;;;;;;;;;;;;;;;;;;;;;;;;;;;;;;;;;;;;;;;;;;;;;;;;;;;;;;;;;;;;;X;;;X;;;;;;;;;;;X;;;
SA1300000000;SA13-0-00-00-000;TRANSLATION ARIMAGE;;REPAIR;;;X;;;;;;;;;;;;;;;;;;;;;;;;;;;;;;;;;;;;;;;;;;;;;;;;;;;;;;;;;;;;;;;;;;;;;;;;;;;;;;;;;X;;;X;;;;;;;;;;;X;;;
SA1310101006;SA13-1-01-01-006;BOITIER DEJECTION;;REPAIR;;;X;;;;;;;;;;;;;;;;;;;;;;;;;;;;;;;;;;;;;;;;;;;;;;;;;;;;;;;;;;;;;;;;;;;;;;;;;;;;;;;;;X;;;X;;;;;;;;;;;X;;;
SA1310102007;SA13-1-01-02-007  ;FAISCEAU INTERMEDIAIRE;;REPAIR;;;X;;;;;;;;;;;;;;;;;;;;;;;;;;;;;;;;;;;;;;;;;;;;;;;;;;;;;;;;;;;;;;;;;;;;;;;;;;;;;;;;;X;;;X;;;;;;;;;;;X;;;
SA1310201004;SA13-1-02-01-004;BOITIER DEJECTION ;;REPAIR;;;X;;;;;;;;;;;;;;;;;;;;;;;;;;;;;;;;;;;;;;;;;;;;;;;;;;;;;;;;;;;;;;;;;;;;;;;;;;;;;;;;;X;;;X;;;;;;;;;;;X;;;
SA1320204004;SA13-2-02-04-004;CHEMIN DE ROULEMENT 2D;;REPAIR;;;X;;;;;;;;;;;;;;;;;;;;;;;;;;;;;;;;;;;;;;;;;;;;;;;;;;;;;;;;;;;;;;;;;;;;;;;;;;;;;;;;;X;;;X;;;;;;;;;;;X;;;
SA1330000000;SA13-3-00-00-000;PASSERELLE A ROULEA;;REPAIR;;;X;;;;;;;;;;;;;;;;;;;;;;;;;;;;;;;;;;;;;;;;;;;;;;;;;;;;;;;;;;;;;;;;;;;;;;;;;;;;;;;;;X;;;X;;;;;;;;;;;X;;;
SAS911001A;SAS911-001A;VALVE ANTI-ICING WING;OVERHAUL;;;;X;X;X;X;X;;;;;;;;;;;;;X;;;;;;X;;;;;;;;;;;;;;;;;;;;;;;;;;;;;;;;;;;;;;;;;;;;;;;;;;;;;;;;;;;;;;;;;;;;;;;X;;;;
SAS911002A;SAS911-002A;VALVE ANTI-ICING WING;OVERHAUL;;;;X;X;X;X;X;;;;;;;;;;;;;X;;;;;;X;;;;;;;;;;;;;;;;;;;;;;;;;;;;;;;;;;;;;;;;;;;;;;;;;;;;;;;;;;;;;;;;;;;;;;;X;;;;
SAS912001A;SAS912-001A;VALVE ANTI-ICING WING;OVERHAUL;;;;X;X;X;X;X;;;;;;;;;;;;;X;;;;;;X;;;;;;;;;;;;;;;;;;;;;;;;;;;;;;;;;;;;;;;;;;;;;;;;;;;;;;;;;;;;;;;;;;;;;;;X;;;;
SAS912002A;SAS912-002A;VALVE ANTI-ICING WING;OVERHAUL;;;;X;X;X;X;X;;;;;;;;;;;;;X;;;;;;X;;;;;;;;;;;;;;;;;;;;;;;;;;;;;;;;;;;;;;;;;;;;;;;;;;;;;;;;;;;;;;;;;;;;;;;X;;;;
SB209L1A11480;SB209L1A1-1480;HYDRAULIC SYSTEM ACCUMULATOR;OVERHAUL;;;;X;X;X;X;X;;;;;;;;;;;;;X;;;;X;X;X;X;;;;;;;;;;;;;;;;;;;;;;;;;;;;;;;;;;;;;;;;;;;;;;;;;;;;;;;;;;;;;;;;;;;;;;X;;;;
SB209L1A11481;SB209L1A1-1481;HYDRAULIC SYSTEM ACCUMULATOR;OVERHAUL;;;;X;X;X;X;X;;;;;;;;;;;;;X;;;;X;X;X;X;;;;;;;;;;;;;;;;;;;;;;;;;;;;;;;;;;;;;;;;;;;;;;;;;;;;;;;;;;;;;;;;;;;;;;X;;;;
SB209L1A11482;SB209L1A1-1482;ACCUMULATOR, HYDRAULIC;OVERHAUL;;;;X;X;X;X;X;;;;;;;;;;;;;X;;;;X;X;X;X;;;;;;;;;;;;;;;;;;;;;;;;;;;;;;;;;;;;;;;;;;;;;;;;;;;;;;;;;;;;;;;;;;;;;;X;;;;
SB209L1A11483;SB209L1A1-1483;HYDRAULIC SYSTEM ACCUMULATOR;OVERHAUL;;;;X;X;X;X;X;;;;;;;;;;;;;X;;;;X;X;X;X;;;;;;;;;;;;;;;;;;;;;;;;;;;;;;;;;;;;;;;;;;;;;;;;;;;;;;;;;;;;;;;;;;;;;;X;;;;
SB209L1A11484;SB209L1A1-1484;HYDRAULIC SYSTEM ACCUMULATOR;OVERHAUL;;;;X;X;X;X;X;;;;;;;;;;;;;X;;;;X;X;X;X;;;;;;;;;;;;;;;;;;;;;;;;;;;;;;;;;;;;;;;;;;;;;;;;;;;;;;;;;;;;;;;;;;;;;;X;;;;
SC2253A;SC2253A;DECODEUR SELCAL;REPAIR;;;;X;X;X;X;X;;;;;;;;;;;;;X;;X;X;;;;;;;;;;;;;;;;;;;;;;;;;;;;;;;;;;;;;;;;;;;;;;;;;;;;;;;;;;;;;;;;;;;;;;;;;;X;;;;
SC2253AD01;SC2253AD01;AIRBORNE SELECTIVE CALLING UNIT;REPAIR;;;;X;X;X;X;X;;;;;;;;;;;;;X;;X;X;;;;;;;;;;;;;;;;;;;;;;;;;;;;;;;;;;;;;;;;;;;;;;;;;;;;;;;;;;;;;;;;;;;;;;;;;;X;;;;
SC47001;SC4700-1;SERVOCONTROL;OVERHAUL;;;;X;X;X;X;X;;;X;;;;;;;;;;X;;;;X;X;X;X;;;;;;;;;;;;;;;;;;;;;;;;;;;;;;;;;;;;;;;;;;;;;;;;;;;;;;;;;;;;;;;;;;;;;;X;;;;
SC47002;SC4700-2;SERVOCONTROL;OVERHAUL;;;;X;X;X;X;X;;;X;;;;;;;;;;X;;;;;X;X;X;;;;;;;;;;;;;;;;;;;;;;;;;;;;;;;;;;;;;;;;;;;;;;;;;;;;;;;;;;;;;;;;;;;;;;X;;;;
SC47003;SC4700-3;SERVOCONTROL;OVERHAUL;;;;X;X;X;X;X;;;X;;;;;;;;;;X;;;;;X;X;X;;;;;;;;;;;;;;;;;;;;;;;;;;;;;;;;;;;;;;;;;;;;;;;;;;;;;;;;;;;;;;;;;;;;;;X;;;;
SC47004;SC4700-4;SERVOCONTROL;OVERHAUL;;;;X;X;X;X;X;;;X;;;;;;;;;;X;;;;;X;X;X;;;;;;;;;;;;;;;;;;;;;;;;;;;;;;;;;;;;;;;;;;;;;;;;;;;;;;;;;;;;;;;;;;;;;;X;;;;
SC47005;SC4700-5;SERVOCONTROL;OVERHAUL;;;;X;X;X;X;X;;;X;;;;;;;;;;X;;;;X;X;X;X;;;;;;;;;;;;;;;;;;;;;;;;;;;;;;;;;;;;;;;;;;;;;;;;;;;;;;;;;;;;;;;;;;;;;;X;;;;
SC4710;SC4710;SERVOACTUATOR-YAW DAMPER;OVERHAUL;;;;X;X;X;X;X;;;X;;;;;;;;;;X;;;;;;;;X;X;;;;;;;;;;;;;;;;;;;;;;;;;;;;;;;;;;;;;;;;;;;;;;;;;;;;;;;;;;;;;;;;;;;;X;;;;
SC47101;SC4710-1;SERVOACTUATOR-YAW DAMPER;OVERHAUL;;;;X;X;X;X;X;;;X;;;;;;;;;;X;;;;;;;;X;X;;;;;;;;;;;;;;;;;;;;;;;;;;;;;;;;;;;;;;;;;;;;;;;;;;;;;;;;;;;;;;;;;;;;X;;;;
SCDLCF1003014305;SCD-LCF100-3014-305;CABIN RECIRC FAN;;REPAIR;;;X;;;;;;;;;;;;;;;;;;;;;;;;;;;;;;;;;;;;;;;;;;;;;;;;;;;;;;;;;;;;;;;;;;;;;;;;;;;;;;;;;;;;;;;;;;;;;;;X;;;
SCDLCF1003014307;SCD-LCF100-3014-307;CABIN RECIRC FAN;;REPAIR;;;X;;;;;;;;;;;;;;;;;;;;;;;;;;;;;;;;;;;;;;;;;;;;;;;;;;;;;;;;;;;;;;;;;;;;;;;;;;;;;;;;;;;;;;;;;;;;;;;X;;;
SD55341;SD5534-1;STRAP;;INSPECTION;;;X;;;;;;;;;;;;;;;;;;;;;;;;;;;;;;;;;;;;;;;;;;;;;;;;;;;;;;;;;;;;;;;;;;;;;;;;;;;;;;;;;X;;;;;;X;;X;X;;;;;X;;;
SETL0C420G;SETL-0C420G;INDICATOR CABIN DIFF;;REPAIR;;;X;X;;X;;;;;;;;;;;;;;;;;;;;;;;;;;;;;;;;;;;;;;;;;;;;;;;;;;;;;;;;;;;;;;;;;;;;;;;;;;;;;;;;;;;;;;X;X;;;;;X;;;
SETL0C420P;SETL-0C420P;INDICATOR CABIN DIFF;;REPAIR;;;X;X;;;;;;;;;;;;;;;;;;;;;;;;;;;;;;;;;;;;;;;;;;;;;;;;;;;X;;;;;;;;;;;;;;;;;;;;;;;;;;;;;X;;;;;;;;;;;;;;X;;;
SIC5059040107;SIC5059-04-0107;COMPUTER, FUEL QTY;REPAIR;;;;X;X;X;X;X;;;;;;;;;;;;;X;;;;;;X;;;;;;;;;;;;;;;;;;;;;;;;;;;;;;;;;;;;;;;;;;;;;;;;;;;;;;;;;;;;;;;;;;;;;;;X;;;;
SIC5059040207;SIC5059-04-0207;COMPUTER, FUEL QTY;REPAIR;;;;X;X;X;X;X;;;;;;;;;;;;;X;;;;;;X;;;;;;;;;;;;;;;;;;;;;;;;;;;;;;;;;;;;;;;;;;;;;;;;;;;;;;;;;;;;;;;;;;;;;;;X;;;;
SIC5059110107;SIC5059-11-0107;COMPUTER, FQI-WITH OBRM;REPAIR;;;;X;X;X;X;X;;;;;;;;;;;;;X;;;;;;X;;;;;;;;;;;;;;;;;;;;;;;;;;;;;;;;;;;;;;;;;;;;;;;;;;;;;;;;;;;;;;;;;;;;;;;X;;;;
SIC5059110207;SIC5059-11-0207;COMPUTER, FQI-WITH OBRM;REPAIR;;;;X;X;X;X;X;;;;;;;;;;;;;X;;;;;;X;;;;;;;;;;;;;;;;;;;;;;;;;;;;;;;;;;;;;;;;;;;;;;;;;;;;;;;;;;;;;;;;;;;;;;;X;;;;
SK3852;SK3852;INDICATOR POSITION;;REPAIR;;;X;X;;X;;;;;;;;;;;;;;;;;;;;;;;;;;;;;;;;;;;;X;X;;;;;;;;;;;;;;;;;;;;;;;;;;;;;;;;;;;;;;;;;;;;;;;;;;;;;;;X;;;
SLZ9157;SLZ9157;VERTICAL SPEED INDICATOR;;REPAIR;;;X;X;;;;;;;;;;;;;;;;;;;;;;;;;;;;;;;;;;;;;;X;X;;;;;;;;;;;;X;;;;X;;;;;;;;;;;;;;;;;;;;;;;;;;;;;;;;;;;;;;;X;;;
SM400D38;SM400D38;RELAY;;BENCH TEST;;;X;X;;X;X;;;;;;;;;;;;;;;;;;;;;;;;;;;;;;;;;;;X;X;;;;;;;;;;;;;;;;;;;;;;;;;;;;;;;;;;;;;;;;;;;;;;;;;;;;;;;X;;;
SM400D39;SM400D39;CONTACTOR;;BENCH TEST;;;X;X;X;X;X;;;;;;;;;;;;;;;;;;;;;;;;;;;;;;;;;;;X;X;;;;;;;;;;;;;;;;;;;;;;;;;;;;;;;;;;;;;;;;;;;;;;;;;;;;;;;X;;;
SM400D40;SM400D40;CONTACTOR;;REPAIR;;;X;X;X;X;X;;;;;;;;;;;;;;;;;;;;;;;;;;;;;;;;;;;;;;;;;;;;;;;;X;;;;;;;;;;;;;;;;;;;;;;;;;;;;;X;;;;;;;;;;;;;;X;;;
SM400D41;SM400D41;CONTACTOR;;BENCH TEST;;;X;X;X;;X;;;;;;;;;;;;;;;;;;;;;;;;;;;;;;;;;;;;;;;;;;;;;;;;X;;;;;;;;;;;;;;;;;;;;;;;;;;;;;X;;;;;;;;;;;;;;X;;;
SN0434001;SN0434001;FAN COWL;REPAIR;;;;X;X;X;X;;;;;;;;;;;;;;X;;;;;;;;X;;;;;;;;;;;;;;;;;;;;;;;;;;;;;;;;;;;;;;;;;;;;;;;;;;;;;;;;;;;;;;;;;;;;;X;;;X;
SP161BCA;SP16-1B-CA;ROBINET,A TOURNANT;;REPAIR;;;X;X;;X;;;;;;;;;;;;;;;;;;;;;;;;X;;;;;;;;;;X;;;;;;;; ;; ;;;;;X;;;;X;;;;;;;;;;;;;;;;;;;;;;;;;;;;;;;;;;;;;;;X;;;
SP161BDA;SP16-1B-DA;ISOLATING VALVE;;REPAIR;;;X;X;;X;;;;;;;;;;;;;;;;;;;;;;;;X;;;X;;;;;;;;;;;;;;;;;;;;;;X;;;;X;;;;;;;;;;;;;;;;;;;;;;;;;;;;;;;;;;;;;;;X;;;
ST107R;ST-107R;HYD PRESSURE TRANSMITTER;;REPAIR;;;X;X;;;;;;;;;;;;;;;;;;;;;;;;;;;;;;;;;;;;;;;;;;;;X;;X;;;;;;;;;;;;;;;;;;;;;;;;;;;;;;;;;;;;;;;;;;;;;;;;X;;;
ST31002110;ST3100-21-10;HANDSET & SUPPORT BRACKET;;REPAIR;;;X;X;;X;;;;;;;;;;;;;;X;;;;;X;X;X;;;;;;;;;;;;;;;;;;;;;;;;;;;;;;;;;;;;;;;;;;;;;;;;;;;;;;;;;;;;;;;;;;;;;;;X;;;
ST31002132;ST3100-21-32;HANDSET & SUPPORT BRACKET;;REPAIR;;;X;X;;X;;;;;;;;;;;;;;;;;;;;;;;;X;;;X;;;;;;;;;;;;;;;;;;;;;;;;;;;;;;;;;;;;;;;;;;;;;;;;;;;;;;;;;;;;;;;;;X;;;
ST31002210;ST3100-22-10;HANDSET & SUPPORT BRACKET;;REPAIR;;;X;X;;X;;;;;;;;;;;;;;X;;;;;X;X;X;;;;;;;;;;;;;;;;;;;;;;;;;;;;;;;;;;;;;;;;;;;;;;;;;;;;;;;;;;;;;;;;;;;;;;;X;;;
ST31002232;ST3100-22-32;HANDSET & SUPPORT BRACKET;;REPAIR;;;X;X;;X;;;;;;;;;;;;;;;;;;;;;;;;X;;;X;;;;;;;;;;;;;;;;;;;;;;;;;;;;;;;;;;;;;;;;;;;;;;;;;;;;;;;;;;;;;;;;;X;;;
ST31002310;ST3100-23-10;HANDSET & SUPPORT BRACKET;;REPAIR;;;X;X;;X;;;;;;;;;;;;;;X;;;;;X;X;X;;;;;;;;;;;;;;;;;;;;;;;;;;;;;;;;;;;;;;;;;;;;;;;;;;;;;;;;;;;;;;;;;;;;;;;X;;;
ST31002332;ST3100-23-32;HANDSET & SUPPORT BRACKET;;REPAIR;;;X;X;;X;;;;;;;;;;;;;;;;;;;;;;;;;;;;;;;;;;;;;;;;;;;;;;;;;;;;;;;;;;;;;;;;;;;;;;;;;;;;;;X;;;;;X;;;;;;;;;X;;;
ST31003310;ST3100-33-10;HANDSET & SUPPORT BRACKET;;REPAIR;;;X;X;;X;;;;;;;;;;;;;;X;;;;;X;X;X;;;;;;;;;;;;;;;;;;;;;;;;;;;;;;;;;;;;;;;;;;;;;;;;;;;;;;;;;;;;;;;;;;;;;;;X;;;
ST55600101000;ST5560-01-01000;LH AUXILIARY FIN TIP;MOD;;;;X;X;;;;;;;;;;;;;;;;X;;;X;;;;;;;;;;;;;;;;;;;;;;;;;;;;;;;;;;;;;;;;;;;;;;;;;;;;;;;;;;;;;;;;;;;;;;;;;;X;;;X;
ST55600101001;ST5560-01-01001;RH AUXILIARY FIN TIP;MOD;;;;X;X;;;;;;;;;;;;;;;;X;;;X;;;;;;;;;;;;;;;;;;;;;;;;;;;;;;;;;;;;;;;;;;;;;;;;;;;;;;;;;;;;;;;;;;;;;;;;;;X;;;X;
SYLC51836;SYLC51836;ACTUATOR LINEAR;;REPAIR;;;X;X;;;;;;;;;;;;;;;;;;;;;;;;;;;;;;;;;;;;;;;;;;;;X;;X;;;;;;;;;;;;;;;;;;;;;;;;;;;;;;;;;;;;;;;;;;;;;;;;X;;;
SYLC518361;SYLC51836-1;ACTUATOR LINEAR;;REPAIR;;;X;X;;X;;;;;;;;;;;;;;;;;;;;;;;;;;;;;;;;;;;;;;;;;;X;;X;;;;;;;;;;;;;;;;;;;;;;;;;;;;;;;;;;;;;;;;;;;;;;;;X;;;
SYLC518361;SYLC-51836-1;ACTUATOR LINEAR;;REPAIR;;;X;X;;X;;;;;;;;;;;;;;;;;;;;;;;;;;;;;;;;;;;;;;;;;;X;;;;X;X;;;;;;;;;;;;;;;;;;;;;;;;;;;;;;;;;;;;;;;;;;;;;X;;;
SYLC5183610;SYLC51836-10;ACTUATOR LINEAR;;REPAIR;;;X;X;;X;;;;;;;;;;;;;;;;;;;;;;;;;;;;;;;;;;;;;;;;;;X;;;;X;X;;;;;;;;;;;;;;;;;;;;;;;;;;;;;;;X;;;;;;;;;;;;;;X;;;
SYLZ9885;SYLZ9885;THERMAL SWITCH ELEC. CONTROL;;REPAIR;;;X;X;;X;;;;;;;;;;;;;;;;;;;;;;;;;;;;;;;;;;;;;;;;;;;;;;;;;;;;;;;;;;;;;;;;;;;;;;;;;;;;;;X;;;;;;;;;;;;;;X;;X;
T7923702000902;T7923702000902;OUTBOARD FLAP;REPAIR;;;;X;X;X;X;X;;;;;;;;;;;;;;;;;;;;;;;;;;;;;;;;;;;;;;;;;;;;;;;;;;;;;;;;;;;;;;;;;;;;;;;;;;;;;;;;;;;;;;;;;;X;;;X;
TM512202;TM512-202;FUEL FLOW TRANSMITTER;;OVERHAUL;;;X;X;X;X;X;;;;;;;;;;;;;;;;;;;;;;;;;;;;;;;;;;;X;X;X;X;X;;;;;;;;;;;;;;;;;;;;;;;;;;;;;;;;;;;;;;;;;;;;;;;;;;;;X;;;
TM512204;TM512-204;FUEL FOW TRANSMITTER;;OVERHAUL;;;X;X;X;X;X;;;;;;;;;;;;;;;;;;;;;;;;;;;;;;;;;;;X;X;X;X;X;;;;;;;;;;;;;;;;;;;;;;;;;;;;;;;;;;;;;;;;;;;;;;;;;;;;X;;;
TNAS1024118;TNAS1024-118;FUEL FOW TRANSMITTER;;OVERHAUL;;;X;X;X;X;X;;;;;;;;;;X;X;;;;;;;;;;;;;;;;;;;;;;;;;;;;;;;;;;;;;;;;;;;;;;;;;;;;;;;;;;;;;;;;;;;;;;;;;;;;;;;;X;;;
TNS5122311;TNS512-231-1;FUEL TRANSMITTER;;OVERHAUL;;;X;X;X;X;X;;;;;;X;;;;X;;;;;;;;;;;;;;;;;;;;;;;;;;;;;;;;;;;;;;;;;;;;;;;;;;;;;;;;;;;;;;;;;;;;;;;;;;;;;;;;;X;;;
TNS51223111;TNS512-231-11;FUEL TRANSMITTER;;OVERHAUL;;;X;X;X;X;X;;;;;;X;;;;;X;;;;;;;;;;;;;;;;;;;;;;;;;;;;;;;;;;;;;;;;;;;;;;;;;;;;;;;;;;;;;;;;;;;;;;;;;;;;;;;;X;;;
TSG420103;TSG420-103;STATIC INVERTER;REPAIR;;;;X;X;X;X;X;;;;;;X;;;X;X;;;X;X;;;;;;;;;X;;;;;X;;;;;X;;;;;;;;;;;;;;;;;;;;;;;;;;;;;;;;;;;;;;;;;;;;;;;;;;;;;;;;;X;;;;
TY136101A;TY1361-01A;DOWNDRIVE GEARBOX;OVERHAUL;;;;X;X;X;X;X;;;;;;;;;;;;;X;;;X;;;;;;;;;;;;;;;;;;;;;;;;;;;;;;;;;;;;;;;;;;;;;;;;;;;;;;;;;;;;;;;;;;;;;;;;;;X;;;;
TY136102A;TY1361-02A;DOWNDRIVE GEARBOX;OVERHAUL;;;;X;X;X;X;X;;;;;;;;;;;;;X;;;X;;;;;;;;;;;;;;;;;;;;;;;;;;;;;;;;;;;;;;;;;;;;;;;;;;;;;;;;;;;;;;;;;;;;;;;;;;X;;;;
TY136102B;TY1361-02B;DOWNDRIVE GEARBOX;OVERHAUL;;;;X;X;X;X;X;;;;;;;;;;;;;X;;;X;;;;;;;;;;;;;;;;;;;;;;;;;;;;;;;;;;;;;;;;;;;;;;;;;;;;;;;;;;;;;;;;;;;;;;;;;;X;;;;
TY136201A;TY1362-01A;DOWNDRIVE GEARBOX;OVERHAUL;;;;X;X;X;X;X;;;;;;;;;;;;;X;;;X;;;;;;;;;;;;;;;;;;;;;;;;;;;;;;;;;;;;;;;;;;;;;;;;;;;;;;;;;;;;;;;;;;;;;;;;;;X;;;;
TY136202A;TY1362-02A;DOWNDRIVE GEARBOX;OVERHAUL;;;;X;X;X;X;X;;;;;;;;;;;;;X;;;;;;;;;;;;;;;;;;;;;;;;;;;;;;;;;;;;;;;;;;;;;;;;;;;;;;;;;;;;;;;;;;;;;;;;;;;;;X;;;;
TY136202B;TY1362-02B;DOWNDRIVE GEARBOX;OVERHAUL;;;;X;X;X;X;X;;;;;;;;;;;;;X;;;X;;;;;;;;;;;;;;;;;;;;;;;;;;;;;;;;;;;;;;;;;;;;;;;;;;;;;;;;;;;;;;;;;;;;;;;;;;X;;;;
V2T125;V2T125;UNDERFLOOR VALVE;;REPAIR;;;X;X;;X;X;;;;;;;;;;;;;;;;;;;;;;;;;;;;;;;;;;;X;X;;;X;;;;;;;;;;;;;;;;;;;;;;;;;;;;;;;;;;;;;;;;;;;;;;;;;;;;X;;;
V2T1251;V2T125-1;UNDERFLOOR VALVE;;REPAIR;;;X;X;;X;X;;;;;;;;;;;;;;;;;;;;;;;;;;;;;;;;;;;X;X;;;X;;;;;;;;;;;;;;;;;;;;;;;;;;;;;;;;;;;;;;;;;;;;;;;;;;;;X;;;
V2T1252;V2T125-2;UNDERFLOOR VALVE;;REPAIR;;;X;X;;X;X;;;;;;;;;;;;;;;;;;;;;;;;;;;;;;;;;;;X;X;;;X;;;;;;;;;;;;;;;;;;;;;;;;;;;;;;;;;;;;;;;;;;;;;;;;;;;;X;;;
VD3800;VD3800;MIXED FLOW FAN;OVERHAUL;;;;X;X;X;X;X;;;;;;;;;;;;;X;;X;X;;;;;;;;;;;;;;;;;;;;;;;;;;;;;;;;;;;;;;;;;;;;;;;;;;;;;;;;;;;;;;;;;;;;;;;;;;X;;;;
VD3810;VD3810;MIXED FLOW FAN;OVERHAUL;;;;X;X;X;X;X;;;X;;;;;;;;;;X;;X;X;X;X;X;X;X;X;;;;;;;;;;;;;;;;;;;;;;;;;;;;;;;;;;;;;;;;;;;;;;;;;;;;;;;;;;;;;;;;;;;;X;;;;
VD3820;VD3820;MIXED FLOW FAN;REPAIR;;;;X;X;X;X;X;;;;;;;;;;;;;X;;X;X;;;;;X;X;;;;;;;;;;;;;;;;;;;;;;;;;;;;;;;;;;;;;;;;;;;;;;;;;;;;;;;;;;;;;;;;;;;;X;;;;
VD382001;VD3820-01;MIXED FLOW FAN;OVERHAUL;;;;X;X;X;X;X;;;;;;;;;;;;;X;;X;X;;;;;X;X;;;;;;;;;;;;;;;;;;;;;;;;;;;;;;;;;;;;;;;;;;;;;;;;;;;;;;;;;;;;;;;;;;;;X;;;;
VD390002;VD3900-02;RECIRCULATION FAN;REPAIR;;;;X;X;X;X;X;;;;;;;;;;;;;X;;;;;;X;;;;;;;;;;;;;;;;;;;;;;;;;;;;;;;;;;;;;;;;;;;;;;;;;;;;;;;;;;;;;;;;;;;;;;;X;;;;
VD390003;VD3900-03;RECIRCULATION FAN;REPAIR;;;;X;X;X;X;X;;;;;;;;;;;;;X;;;;;;X;;;;;;;;;;;;;;;;;;;;;;;;;;;;;;;;;;;;;;;;;;;;;;;;;;;;;;;;;;;;;;;;;;;;;;;X;;;;
VD390100;VD3901-00;RECIRCULATION FAN;OVERHAUL;;;;X;X;X;X;X;;;;;;;;;;;;;X;;;;;;;X;X;X;;;;;;;;;;;;;;;;;;;;;;;;;;;;;;;;;;;;;;;;;;;;;;;;;;;;;;;;;;;;;;;;;;;;X;;;;
VD390900;VD3909-00;RECIRCULATION FAN;OVERHAUL;;;;X;X;X;X;X;;;;;;;;;;;;;X;;;;X;X;;;X;X;;;;;;;;;;;;;;;;;;;;;;;;;;;;;;;;;;;;;;;;;;;;;;;;;;;;;;;;;;;;;;;;;;;;X;;;;
VD3920;VD3920;EXTRACTION FAN;OVERHAUL;;;;X;X;X;X;X;;;X;;;;;;;;;;X;;;;X;X;X;X;X;X;;;;;;;;;;;;;;;;;;;;;;;;;;;;;;;;;;;;;;;;;;;;;;;;;;;;;;;;;;;;;;;;;;;;X;;;;
VF1620B00;VF1620B00;AIR OVERBOARD VALVE;OVERHAUL;;;;X;X;X;X;X;;;;;;;;;;;;;X;;;;;;;;;X;;;;;;;;;;;;;;;;;;;;;;;;;;;;;;;;;;;;;;;;;;;;;;;;;;;;;;;;;;;;;;;;;;;;X;;;;
VFT210;VFT210;VALVE SKIN AIR;OVERHAUL;;;;X;X;X;X;X;;;;;;;;;;;;;X;;;;X;X;X;X;X;X;;;;;;;;;;;;;;;;;;;;;;;;;;;;;;;;;;;;;;;;;;;;;;;;;;;;;;;;;;;;;;;;;;;;X;;;;
VFT2101;VFT210-1;VALVE SKIN AIR;OVERHAUL;;;;X;X;X;X;X;;;;;;;;;;;;;X;;;;X;X;X;X;X;X;;;;;;;;;;;;;;;;;;;;;;;;;;;;;;;;;;;;;;;;;;;;;;;;;;;;;;;;;;;;;;;;;;;;X;;;;
VFT210A;VFT210A;VALVE SKIN AIR;OVERHAUL;;;;X;X;X;X;X;;;;;;;;;;;;;X;;;;X;X;X;X;X;X;;;;;;;;;;;;;;;;;;;;;;;;;;;;;;;;;;;;;;;;;;;;;;;;;;;;;;;;;;;;;;;;;;;;X;;;;
VFT210A1;VFT210A1;VALVE SKIN AIR;OVERHAUL;;;;X;X;X;X;X;;;;;;;;;;;;;X;;;;X;X;X;X;X;X;;;;;;;;;;;;;;;;;;;;;;;;;;;;;;;;;;;;;;;;;;;;;;;;;;;;;;;;;;;;;;;;;;;;X;;;;
VFT210A2;VFT210A2;VALVE SKIN AIR;OVERHAUL;;;;X;X;X;X;X;;;;;;;;;;;;;X;;;;X;X;X;X;X;X;;;;;;;;;;;;;;;;;;;;;;;;;;;;;;;;;;;;;;;;;;;;;;;;;;;;;;;;;;;;;;;;;;;;X;;;;
VFT210B00;VFT210B00;SKIN AIR VALVE;OVERHAUL;;;;X;X;X;X;X;;;;;;;;;;;;;X;;;;X;X;X;X;X;X;;;;;;;;;;;;;;;;;;;;;;;;;;;;;;;;;;;;;;;;;;;;;;;;;;;;;;;;;;;;;;;;;;;;X;;;;
VFT300A1;VFT300A1;VALVE SKIN AIR;OVERHAUL;;;;X;X;X;X;X;;;;;;;;;;;;;X;;;X;X;X;X;X;;;;;;;;;;;;;;;;;;;;;;;;;;;;;;;;;;;;;;;;;;;;;;;;;;;;;;;;;;;;;;;;;;;;;;X;;;;
VFT300B00;VFT300B00;SKIN AIR VALVE;OVERHAUL;;;;X;X;X;X;X;;;;;;;;;;;;;X;;;X;X;X;X;X;;;;;;;;;;;;;;;;;;;;;;;;;;;;;;;;;;;;;;;;;;;;;;;;;;;;;;;;;;;;;;;;;;;;;;X;;;;
VL005030A;VL005030A;AILERON GUST LOCK ACTUATOR;;REPAIR;;;X;X;X;X;X;;;;;;;;;;;;;;;;;;;;;;;;;;;;;;;;;;;X;X;X;X;X;;;;;;;;;;;;;;;;;;;;;;;;;;;;;;;;;;;;;;;;;;;;;;;;;;;;X;;;
VL005030B;VL005030B;AILERON GUST LOCK ACTUATOR;;REPAIR;;;X;X;X;X;X;;;;;;;;;;;;;;;;;;;;;;;;;;;;;;;;;;;X;X;X;X;X;;;;;;;;;;;;;;;;;;;;;;;;;;;;;;;;;;;;;;;;;;;;;;;;;;;;X;;;
VL32C11;VL32C11;CARGO DOOR ACTUATOR;;OVERHAUL;;;X;X;;;X;;;;;;;;;;;;;;;;;;;;;;;;;;;;;;;;;;;;;;;;;;;;;;;;;;;;;;;;;;;;;;;;;;;;;;;;;;;;;X;;;;;;X;;;;;;;;X;;;
VL35B;VL35B;LINEAR ACTUATOR;OVERHAUL;;;;X;X;X;X;X;;;;;;;;;;;;;X;X;;;;;;;;;;;;;;;;;;;;;;;;;;;;;;;;;;;;;;;;;;;;;;;;;;;;;;;;;;;;;;;;;;;;;;;;;;;;X;;;;
VL35B1;VL35B1;LINEAR ACTUATOR;OVERHAUL;;;;X;X;X;X;X;;;;;;;;;;;;;X;X;;;;;;;;;;;;;;;;;;;;;;;;;;;;;;;;;;;;;;;;;;;;;;;;;;;;;;;;;;;;;;;;;;;;;;;;;;;;X;;;;
VL35B3;VL35B3;LINEAR ACTUATOR;OVERHAUL;;;;X;X;X;X;X;;;;;;;;;;;;;X;X;;;;;;;;;;;;;;;;;;;;;;;;;;;;;;;;;;;;;;;;;;;;;;;;;;;;;;;;;;;;;;;;;;;;;;;;;;;;X;;;;
VL35C;VL35C;LINEAR ACTUATOR;REPAIR;;;;X;X;X;X;X;;;;;;;;;;;;;X;X;;;;;;;;;;;;;;;;;;;;;;;;;;;;;;;;;;;;;;;;;;;;;;;;;;;;;;;;;;;;;;;;;;;;;;;;;;;;X;;;;
VL35C1;VL35C1;LINEAR ACTUATOR;REPAIR;;;;X;X;X;X;X;;;;;;;;;;;;;X;X;;;;;;;;;;;;;;;;;;;;;;;;;;;;;;;;;;;;;;;;;;;;;;;;;;;;;;;;;;;;;;;;;;;;;;;;;;;;X;;;;
VL35D1;VL35D1;LINEAR ACTUATOR;OVERHAUL;;;;X;X;X;X;X;;;;;;;;;;;;;X;;;;;;;;;;;;;;;;;;;;;;;;;;;;;;;;;;;;;;;;;;;;;;;;;;;;;;;;;;;;;;;;;;;;;;;;;;;;;X;;;;
VL35G;VL35G;LINEAR ACTUATOR;OVERHAUL;;;;X;X;X;X;X;;;;;;;;;;;;;X;X;;;;;;;;;;;;;;;;;;;;;;;;;;;;;;;;;;;;;;;;;;;;;;;;;;;;;;;;;;;;;;;;;;;;;;;;;;;;X;;;;
VL35L;VL35L;LINEAR ACTUATOR;REPAIR;;;;X;X;X;X;X;;;X;;;;;;;;;;X;;X;X;;;;;;;;;;;;;;;;;;;;;;;;;;;;;;;;;;;;;;;;;;;;;;;;;;;;;;;;;;;;;;;;;;;;;;;;;;X;;;;
VP1257AA;VP1257AA;VALVE;;REPAIR;;;X;X;;X;;;;;;;;;;;;;;;;;;;;;;;;;;;;;;;;;;;;;;;;;;;;;;;;;;;;;;;;;;;;;;;;;X;;;;X;;;;;;;;;X;;;;; ; ; ;;;;;;;X;;;
VP1257C00;VP1257C00;VALVE;;REPAIR;;;X;X;;;;;;;;;;;;;;;;;;;;;;;;;;;;;;;;;;;;;;;;;;;;;;;;;;;;;;;;;;;;;;;;;;;;;;;;;;;;;;;;X;;;;;;X;;;;;;;;X;;;
VR1010241A;VR-1010-24-1A;VOLTAGE REGULATOR;;REPAIR;;;X;X;;X;;;;;;;;;;;;;;;;;;;;;;;;;;;;;;;;;;;;;;;;;;;;;;;;;;;;;;;;;;;;;;;;;;;;;;;;;;;;;;X;;;;;;X;;;;;;;;X;;;
VR1010242A;VR1010-24-2A;DC VOLTAGE REGULATOR;;REPAIR;;;X;X;;X;;;;;;;;;;;;;;;;;;;;;;;;;;;;;;;;;;;;;;;;;;;;;;;;;;;;;;;;;;;;;;;;;X;;;;;;;;;;;;;X;;;;;;X;;;;;;;;X;;;
VR1010242A;VR-1010-24-2A;DC VOLTAGE REGULATOR;;REPAIR;;;X;X;;X;X;;;;;;;;;;;;;;;;;;;;;;;;;;;;;;;;;;;;;;;;;;;;;;;;X;;;;;;;;;;;;;;;;;;;;;;;;;;;;;X;;;;;;X;;;;;;;;X;;;
VR3910;VR3910;EXTRACTION FAN;OVERHAUL;;;;X;X;X;X;X;;;;;;;;;;;;;X;;X;X;;;X;;;;;;;;;;;;;;;;;;;;;;;;;;;;;;;;;;;;;;;;;;;;;;;;;;;;;;;;;;;;;;;;;;;;;;;X;;;;
VT0306D;VT-0306D;MULTI-PURPOSE FUEL/OIL PRESS TRANSMITTER;REPAIR;;;;X;X;X;X;;;;;;;;;;;;;;X;X;X;X;;;;;;;;;;;;;;;;;;;;;;;;;;;;;;;;;;;;;;;;;;;;;;;;;;;;;;;;;;;;;;;;;;;;;;;;;;X;;;;
VTDC160A;VTD-C160A;VALISE DE CONTROLE DEGIVRAGE;;REPAIR;;;X;;;;;;;;;;;;;;;;;;;;;;;;;;;;;;;;;;;;;;;;;;;;;;;;;;;;;;;;;;;;;;;;;;;;;;;;;;;;;;;;;X;;;X;;;;;;;;;;;X;;;
VTS4422;VTS4422;DOOR LOCK;;OVERHAUL;;;X;X;;X;;;;;;X;;;;;;;;;;;;;;;;;;;;;;;;;;;;;;;;;;;;;;;;;;;X;;;;X;;;;;;;;;;;;;;;;;;;;;;;;;;;;;;;;;;;;;;;X;;;
VTS4423;VTS4423;DOOR LOCK;;OVERHAUL;;;X;X;;X;;;;;;X;;;;;;;;;;;;;;;;;;;;;;;;;;;;;;;;;;;;;;;;;;;X;;;;X;;;;;;;;;;;;;;;;;;;;;;;;;;;;;;;;;;;;;;;X;;;
VTS4424;VTS4424;DOOR LOCK;;OVERHAUL;;;X;X;;X;;;;;;X;;;;;;;;;;;;;;;;;;;;;;;;;;;;;;;;;;;;;;;;;;;X;;;;X;;;;;;;;;;;;;;;;;;;;;;;;;;;;;;;;;;;;;;;X;;;
W42712401;W42712-401;ENGINE FIRE;;REPAIR;;;X;X;;X;;;;;;;;;;;;;;;;;;;;;;;;;;;;;;;;;;;;;;;;;;;;;;;;;;;;;;;;;;;;;;;;;;;;;;;;;;;;;;;;;;;;;;X;;;X;;;X;;;
WL1001KCA1;WL1001KCA1;STANDBY COMPAS;;REPAIR;;;X;X;X;X;X;;;;;X;;;;;;;;;;;;;;;;;;;;;;;;;;;;;;;;;;;;;;;;;;;;;;;;;;;;;;;;;;;;;;;;;;;X;X;;;;;;;;;;;;;;;;;;X;;;
WL1704AM9;WL1704AM9;STANDBY ALTIMETER;;BENCH TEST;;;X;X;;X;;;;;;;;;;;;;;;;;;;;;;;;;;;;;;;;;;;;;;;;;;;;;;;;;;;;;;;;;;;;;;;;;;;;;;;;;;;;;;;;;;;;;;X;;;;;;X;;;
WL1801AM2;WL1801AM2;COUNTER/POINTER ALTIMETER;;BENCH TEST;;;X;X;;X;;;;;;;;;;;;;;;;;;;;;;;;;;;;;;;;;;;;;;;;;;;;;;;;;;;;;;;;;;;;;;;;;;;;;;;;;;;;;;;;;;;;;;X;;X;;;;X;;;
WL300AS3;WL300AS3;INDICATOR;;REPAIR;;;X;X;;X;;;;;;;;;;;;;;;;;;;;;;;;;;;;;;;;;;;;;;;;;;;;;;;;;;;;;;;;;;;;;;;;;;;;;;;;;;;;;;;;;;;;;;X;;X;;;;X;;;
X00043409;X00043-409;SENSOR;;REPAIR;;;X;X;;;;;;;;;;;;;;;;;;;;;;;;;;;;;;;;;;;;;;;;;;;;;;;;;;;;;;;;;;;;;;;;;;;;;;;;;;;;;;;;;;;;;;;;X;;;X;;;X;;;
X702219A;X702-219A;BLOWER ASSY;;REPAIR;;;X;;;;;;;;;X;;;;;;;;;;;;;;;;;;X;;;;;;;;;;;X;;;;;;;;;;;;;;;;;;;;;;;;;;;;;;;;;;;;;;;;;;;;;;;;;;;;;;;;;X;;;
XW211602;XW21160-2;MOTEUR EG;;REPAIR;;;X;X;;X;;;;;;;;;;;;;;;;;;;;;;;;;;;;;;;;;;;;;;;;;;;;;;;;;;;;;;;;;;;;;;;;;;;;;;;;;;;;;;X;;;;;;X;;X;X;;;;;X;;;
XW235137;XW23513-7;MOTOR CONVERTER LH;;REPAIR;;;X;;;;;;;;;;;;;;;;;;;;;;;;;;;;;;;;;;;;;;;;;;;;;;;;;;;;;;;;;;;;;;;;;;;;;;;;;;;;;;;;;;;;;;;;;X;X;;;;;X;;;
XW235138;XW23513-8;MOTOR CONVERTER RH;;REPAIR;;;X;X;;X;;;;;;;;;;;;;;;;;;;;;;;;;;;;;;;;;;;;;;;;;;;;;;;;;;;;;;;;;;;;;;;;;;;;;;;;;;;;;;;;;;;;;;;;;;;;X;;;
Y0052;Y005-2;TRANSFORMER RECTIFIER;OVERHAUL;;;;X;X;X;X;X;;;;;;;;;;;;;X;;;;X;X;X;X;;;;;;;;;;;;;;;;;;;;;;;;;;;;;;;;;;;;;;;;;;;;;;;;;;;;;;;;;;;;;;;;;;;;;;X;;;;
Y0053;Y005-3;TRANSFORMER RECTIFIER;OVERHAUL;;;;X;X;X;X;X;;;;;;;;;;;;;X;;;;X;X;X;X;;;;;;;;;;;;;;;;;;;;;;;;;;;;;;;;;;;;;;;;;;;;;;;;;;;;;;;;;;;;;;;;;;;;;;X;;;;
Z121H0090110;Z121H0090110;AAP;MOD;;;;X;X;X;X;X;;;;;;;;;;;;;X;;;;;;;;X;;;;;;;;;;;;;;;;;;;;;;;;;;;;;;;;;;;;;;;;;;;;;;;;;;;;;;;;;;;;;;;;;;;;;X;;;;
Z121H0225111;Z121H0225111;AAP;MOD;;;;X;X;X;X;X;;;;;;;;;;;;;X;;;;;;;;X;;;;;;;;;;;;;;;;;;;;;;;;;;;;;;;;;;;;;;;;;;;;;;;;;;;;;;;;;;;;;;;;;;;;;X;;;;
ZA0028B02;ZA0028B02;MOTOR SUB-ASSY;OVERHAUL;;;;X;X;X;X;X;;;;;;;;;;;;;X;;;;;;;;;;;;;;;;;;;;;;;;;;;;;;;;;;;;;;;;;;;;;;;;;;;;;;;;;;;;;;;;;;;;;;;;;;;;;X;;;;
ZA0028B03;ZA0028B03;MOTOR SUB-ASSY;OVERHAUL;;;;X;X;X;X;X;;;;;;;;;;;;;X;;;;;;;;;;;;;;;;;;;;;;;;;;;;;;;;;;;;;;;;;;;;;;;;;;;;;;;;;;;;;;;;;;;;;;;;;;;;;X;;;;