44410405003;444-10405-003;02 CYLINDER - ALU;;OVERHAUL;;;X;X;;;;;;;;;;;;;;;;;;;;;;;;;;;;;;;;;;;;;;;;;;;;;;;;;;;;;;;;;;;;;;;;;;;;;;;;;;;;;;;;X;;;;;;;;;;;;;;X;;;
44410406001;444-10406-001;02 CYLINDER;;OVERHAUL;;;X;;;;;;;;;;;;;;;;;;;;;;;;;;;;;;;;;;;;;;;;;;;;;;;;;;;;;;;;;;;;;;;;;;;;;;;;;;;;;;;;;X;;;;;;;;;;;;;;X;;;
44410406002;444-10406-002;02 CYLINDER;;OVERHAUL;;;X;;;;;;;;;;;;;;;;;;;;;;;;;;;;;;;;;;;;;;;;;;;;;;;;;;;;;;;;;;;;;;;;;;;;;;;;;;;;;;;;;X;;;;;;;;;;;;;;X;;;
44412346001;444-12346-001;02 CYLINDER;;OVERHAUL;;;X;;;;;;;;;;;;;;;;;;;;;;;;;;;;;;;;;;;;;;;;;;;;;;;;;;;;;;;;;;;;;;;;;;;;;;;;;;;;;;;;;X;;;;;;;;;;;;;;X;;;
44412346002;444-12346-002;02 CYLINDER - COMPOSITE;;OVERHAUL;;;X;X;;;;;;;;;;;;;;;;;;;;;;;;;;;;;;;;;;;;;;;;;;;;;;;;;;;;;;;;;;;;;;;;;;;;;;;;;;;;;;;;X;;;;;;;;;;;;;;X;;;
44412346003;444-12346-003;02 CYLINDER - ACIER;;OVERHAUL;;;X;X;;;;;;;;;;;;;;;;;;;;;;;;;;;;;;;;;;;;;;;;;;;;;;;;;;;;;;;;;;;;;;;;;;;;;;;;;;;;;;;;X;;;;;;;;;;;;;;X;;;
44412346003;444-12346-003;02 CYLINDER - COMPOSITE;;OVERHAUL;;;X;X;;;;;;;;;;;;;;;;;;;;;;;;;;;;;;;;;;;;;;;;;;;;;;;;;;;;;;;;;;;;;;;;;;;;;;;;;;;;;;;;X;;;;;;;;;;;;;;X;;;
44412346004;444-12346-004;02 CYLINDER - COMPOSITE;;OVERHAUL;;;X;X;;;;;;;;;;;;;;;;;;;;;;;;;;;;;;;;;;;;;;;;;;;;;;;;;;;;;;;;;;;;;;;;;;;;;;;;;;;;;;;;X;;;;;;;;;;;;;;X;;;
44412346005;444-12346-005;02 CYLINDER - ACIER;;OVERHAUL;;;X;X;;;;;;;;;;;;;;;;;;;;;;;;;;;;;;;;;;;;;;;;;;;;;;;;;;;;;;;;;;;;;;;;;;;;;;;;;;;;;;;;X;;;;;;;;;;;;;;X;;;
44412346005;444-12346-005;02 CYLINDER - COMPOSITE;;OVERHAUL;;;X;X;;;;;;;;;;;;;;;;;;;;;;;;;;;;;;;;;;;;;;;;;;;;;;;;;;;;;;;;;;;;;;;;;;;;;;;;;;;;;;;;X;;;;;;;;;;;;;;X;;;
44413506900;444-13506-900;02 CYLINDER - COMPOSITE;;OVERHAUL;;;X;;;;;;;;;;;;;;;;;;;;;;;;;;;;;;;;;;;;;;;;;;;;;;;;;;;;;;;;;;;;;;;;;;;;;;;;;;;;;;;;;X;;;;;;;;;;;;;;X;;;
449101;44910-1;BOITIER EMERGENCY;;REPAIR;;;X;;;;;;;;;X;;;;;;;;;;;;;;;;;;X;;;;;;;;;;;X;;;;;;;;;;;;;;;;;;;;;;;;;;;;;;;;;;;;;;;;;;;;;;;;;;;;;;;;;X;;;
4500571;45-0057-1;WING LIGHT RETRACTABLE;;REPAIR;;DNR;X;X;;;;;;;;;;;;;;;;;;;;;;;;;;X;;;;;;;;;;X;;;;;;;;;;;;;;;;;;;;;;;;;;;;;;;;;;;;;;;;;;;;;;;;;;;;;;;;;;X;;;
4500681;45-0068-1;TAXI LIGHT;;REPAIR;;DNR;X;X;;X;;;;;;;;;;;;;;;;;;;;;;;;;;;;;;;;;;;;;;;;;;;;;;;;;;;;;;;;;;;;;;;;;;;;;;;;;;;;;;;;;;;;;;X;X;;;;;X;;;
4500683;45-0068-3;TAXI LIGHT;;REPAIR;;DNR;X;X;;X;;;;;;;;;;;;;;;;;;;;;;;;;;;;;;;;;;;;;;;;;;;;;;;;;;;;;;;;;;;;;;;;;;;;;;;;;;;;;;;;;;;;;;X;;;X;;;X;;;
4500685;45-0068-5;TAXI LIGHT;;REPAIR;;DNR;X;X;;X;;;;;;;;;;;;;;;;;;;;;;;;;;;;;;;;;;;;;;;;;;;;;;;;;;;;;;;;;;;;;;;;;;;;;;;;;;;;;;;;;;;;;;X;X;;;;;X;;;
4500687;45-0068-7;TAXI LIGHT;;REPAIR;;DNR;X;X;;X;;;;;;;;;;;;;;;;;;;;;;;;;;;;;;;;;;;;;;;;;;;;;;;;;;;;;;;;;;;;;;;;;;;;;;;;;;;;;;;;;;;;;;X;X;;;;;X;;;
4502341;45-0234-1;LIGHT LANDING;;REPAIR;;DNR;X;X;;X;;;;;;;;;;;;;;;;;;;;;;;;;;;;;;;;;;;;;;;;;;;;;;;;;;;;;;;;;;;;;;;;;;;;;;;;;;;;;;;;;;;;;;X;X;;;;;X;;;
4502343;45-0234-3;LIGHT LANDING;;REPAIR;;DNR;X;X;;;;;;;;;;;;;;;;;;;;;;;;;;;;;;;;;;;;;;;;;;;;;;;;;;;;;;;;;;;;;;;;;;;;;;;;;;;;;;;;;;;;;;;;X;X;;;;;X;;;
453627;453627;VARIABLE DISPLACMNT HYDR PUMP;OVERHAUL;;;;X;X;X;X;X;;;;;;;;;;;;;;;;;;;;;;;;;;;;;;;;;;;;;;;;;;;;;;;;;;;;;;;;;;;;;;;;;;;;;;;;;;;;;X;;;;;X;;;;;;;;X;;;;
4558561191FAF;4558-56119-1FAF;INNER CYLINDER;OVERHAUL;;;;X;;;;;;;;;X;;;;;;;;;;;;;;;;;;X;;;;;;;;;;;X;;;;;;;;;;;;;;;;;;;;;;;;;;;;;;;;;;;;;;;;;;;;;;;;;;;;;;;;X;;;;
4579;4579;NICKEL CADMIUM BATTERY;OVERHAUL;OVERHAUL;;DNR;X;X;X;X;X;;;;;;;;;;;;;;;;;;;;;;;X;;;X;;;;;;;;;;;;;;;;;;;;;;;;;;;;;;;;;;;;;;;;;;;;;;;;;;;;;;;;;;;;;;;;X;X;;;
458561021;458-56102-1;TRUNNION ASSEMBLY;OVERHAUL;;;;X;;;;;;;;;X;;;;;;;;;;;;;;;;;;X;;;;;;;;;;;X;;;;;;;;;;;;;;;;;;;;;;;;;;;;;;;;;;;;;;;;;;;;;;;;;;;;;;;;X;;;;
458561022;458-56102-2;TRUNNION ASSEMBLY;OVERHAUL;;;;X;;;;;;;;;X;;;;;;;;;;;;;;;;;;X;;;;;;;;;;;X;;;;;;;;;;;;;;;;;;;;;;;;;;;;;;;;;;;;;;;;;;;;;;;;;;;;;;;;X;;;; 
458561061;458-56106-1;DRAG BRACE ASSEMBLY;OVERHAUL;;;;X;;;;;;;;;X;;;;;;;;;;;;;;;;;;X;;;;;;;;;;;X;;;;;;;;;;;;;;;;;;;;;;;;;;;;;;;;;;;;;;;;;;;;;;;;;;;;;;;;X;;;;
458561101;458-56110-1;TRUCK ASSEMBLY;OVERHAUL;;;;X;;;;;;;;;X;;;;;;;;;;;;;;;;;;X;;;;;;;;;;;X;;;;;;;;;;;;;;;;;;;;;;;;;;;;;;;;;;;;;;;;;;;;;;;;;;;;;;;;X;;;;
458561151;458-56115-1;AXLE, FWD;OVERHAUL;;;;X;;;;;;;;;X;;;;;;;;;;;;;;;;;;X;;;;;;;;;;;X;;;;;;;;;;;;;;;;;;;;;;;;;;;;;;;;;;;;;;;;;;;;;;;;;;;;;;;;X;;;;
458561161;458-56116-1;AXLE, AFT;OVERHAUL;;;;X;;;;;;;;;X;;;;;;;;;;;;;;;;;;X;;;;;;;;;;;X;;;;;;;;;;;;;;;;;;;;;;;;;;;;;;;;;;;;;;;;;;;;;;;;;;;;;;;;X;;;;
458561171;458-56117-1;BOLT, PIVOT;OVERHAUL;;;;X;;;;;;;;;X;;;;;;;;;;;;;;;;;;X;;;;;;;;;;;X;;;;;;;;;;;;;;;;;;;;;;;;;;;;;;;;;;;;;;;;;;;;;;;;;;;;;;;;X;;;;
458561181FAF;458-56118-1FAF;BRAKE COLLAR;OVERHAUL;;;;X;;;;;;;;;X;;;;;;;;;;;;;;;;;;X;;;;;;;;;;;X;;;;;;;;;;;;;;;;;;;;;;;;;;;;;;;;;;;;;;;;;;;;;;;;;;;;;;;;X;;;;
458561191;458-56119-1;CYLINDER ASSY, INNER;OVERHAUL;;;;X;;;;;;;;;X;;;;;;;;;;;;;;;;;;X;;;;;;;;;;;X;;;;;;;;;;;;;;;;;;;;;;;;;;;;;;;;;;;;;;;;;;;;;;;;;;;;;;;;X;;;;
458561191FAF;458-56119-1-FAF;INNER CYLINDER;OVERHAUL;;;;X;;;;;;;;;X;;;;;;;;;;;;;;;;;;X;;;;;;;;;;;X;;;;;;;;;;;;;;;;;;;;;;;;;;;;;;;;;;;;;;;;;;;;;;;;;;;;;;;;X;;;;
458561191FAF;458-56119-1FAF;INNER CYLINDER;OVERHAUL;;;;X;;;;;;;;;X;;;;;;;;;;;;;;;;;;X;;;;;;;;;;;X;;;;;;;;;;;;;;;;;;;;;;;;;;;;;;;;;;;;;;;;;;;;;;;;;;;;;;;;X;;;;
458561231;458-56123-1;SHOCK STRUT ASSEMBLY;OVERHAUL;;;;X;;;;;;;;;;;;;;;;;;;;;;;;;;;X;;;;;;;;;;;X;;;;;;;;;;;;;;;;;;;;;;;;;;;;;;;;;;;;;;;;;;;;;;;;;;;;;;;;X;;;;
458561232;458-56123-2;SHOCK STRUT ASSEMBLY;OVERHAUL;;;;X;;;;;;;;;;;;;;;;;;;;;;;;;;;X;;;;;;;;;;;X;;;;;;;;;;;;;;;;;;;;;;;;;;;;;;;;;;;;;;;;;;;;;;;;;;;;;;;;X;;;;
458561241;458-56124-1;SIDE STRUT ASSEMBLY;OVERHAUL;;;;X;;;;;;;;;X;;;;;;;;;;;;;;;;;;X;;;;;;;;;;;X;;;;;;;;;;;;;;;;;;;;;;;;;;;;;;;;;;;;;;;;;;;;;;;;;;;;;;;;X;;;;
458561242;458-56124-2;SIDE STRUT ASSEMBLY;OVERHAUL;;;;X;;;;;;;;;X;;;;;;;;;;;;;;;;;;X;;;;;;;;;;;X;;;;;;;;;;;;;;;;;;;;;;;;;;;;;;;;;;;;;;;;;;;;;;;;;;;;;;;;X;;;;
458561251;458-56125-1;UPPER SIDE STRUT, LH;OVERHAUL;;;;X;;;;;;;;;;;;;;;;;;;;;;;;;;;X;;;;;;;;;;;X;;;;;;;;;;;;;;;;;;;;;;;;;;;;;;;;;;;;;;;;;;;;;;;;;;;;;;;;X;;;;
458561252;458-56125-2;UPPER SIDE STRUT , RH;OVERHAUL;;;;X;;;;;;;;;X;;;;;;;;;;;;;;;;;;X;;;;;;;;;;;X;;;;;;;;;;;;;;;;;;;;;;;;;;;;;;;;;;;;;;;;;;;;;;;;;;;;;;;;X;;;;
458561301;458-56130-1;LOWER SIDE STRUT ASSY;OVERHAUL;;;;X;;;;;;;;;;;;;;;;;;;;;;;;;;;X;;;;;;;;;;;X;;;;;;;;;;;;;;;;;;;;;;;;;;;;;;;;;;;;;;;;;;;;;;;;;;;;;;;;X;;;;
458561371;458-56137-1;UPPER UNIVERSAL ASSY, LH;OVERHAUL;;;;X;;;;;;;;;X;;;;;;;;;;;;;;;;;;X;;;;;;;;;;;X;;;;;;;;;;;;;;;;;;;;;;;;;;;;;;;;;;;;;;;;;;;;;;;;;;;;;;;;X;;;;
458561372;458-56137-2;UPPER UNIVERSAL ASSY, RH;OVERHAUL;;;;X;;;;;;;;;;;;;;;;;;;;;;;;;;;X;;;;;;;;;;;X;;;;;;;;;;;;;;;;;;;;;;;;;;;;;;;;;;;;;;;;;;;;;;;;;;;;;;;;X;;;;
458561411;458-56141-1;LOWER UNIVERSAL ASSEMBLY;OVERHAUL;;;;X;;;;;;;;;;;;;;;;;;;;;;;;;;;X;;;;;;;;;;;X;;;;;;;;;;;;;;;;;;;;;;;;;;;;;;;;;;;;;;;;;;;;;;;;;;;;;;;;X;;;;
458561511;458-56151-1;TORSION LINK ASSEMBLY;OVERHAUL;;;;X;;;;;;;;;;;;;;;;;;;;;;;;;;;X;;;;;;;;;;;X;;;;;;;;;;;;;;;;;;;;;;;;;;;;;;;;;;;;;;;;;;;;;;;;;;;;;;;;X;;;;
458561512;458-56151-2;TORSION LINK;OVERHAUL;;;;X;;;;;;;;;;;;;;;;;;;;;;;;;;;X;;;;;;;;;;;X;;;;;;;;;;;;;;;;;;;;;;;;;;;;;;;;;;;;;;;;;;;;;;;;;;;;;;;;X;;;;
458561591;458-56159-1;CYLINDER ASSY, OUTER LH;OVERHAUL;;;;X;;;;;;;;;X;;;;;;;;;;;;;;;;;;X;;;;;;;;;;;X;;;;;;;;;;;;;;;;;;;;;;;;;;;;;;;;;;;;;;;;;;;;;;;;;;;;;;;;X;;;;
458561592;458-56159-2;CYLINDER ASSY, OUTER RH;OVERHAUL;;;;X;;;;;;;;;X;;;;;;;;;;;;;;;;;;X;;;;;;;;;;;X;;;;;;;;;;;;;;;;;;;;;;;;;;;;;;;;;;;;;;;;;;;;;;;;;;;;;;;;X;;;;
45856168501;458-56168-501;BOLT, TRUNNION TO OLEO;OVERHAUL;;;;X;;;;;;;;;X;;;;;;;;;;;;;;;;;;X;;;;;;;;;;;X;;;;;;;;;;;;;;;;;;;;;;;;;;;;;;;;;;;;;;;;;;;;;;;;;;;;;;;;X;;;;
458561911;458-56191-1;MLG, COMPONENT ASSEMBLY LH;OVERHAUL;;;;X;;;;;;;;;X;;;;;;;;;;;;;;;;;;X;;;;;;;;;;;X;;;;;;;;;;;;;;;;;;;;;;;;;;;;;;;;;;;;;;;;;;;;;;;;;;;;;;;;X;;;;
458561912;458-56191-2;MLG, COMPONENT ASSEMBLY RH;OVERHAUL;;;;X;;;;;;;;;X;;;;;;;;;;;;;;;;;;X;;;;;;;;;;;X;;;;;;;;;;;;;;;;;;;;;;;;;;;;;;;;;;;;;;;;;;;;;;;;;;;;;;;;X;;;;
45D51;45D5-1;PRESSURE SWITCH;REPAIR;;;;X;X;X;X;X;;;;;;;;;;;;;X;;;;;;;;;;;;;;;;;;;;;;;;;;;;;;;;;;;;;;;;;;;;;;;;;;;;;;;;;;;;;;;;;;;;;;;;;;;;;X;;;;
46044C1600;4604-4-C1600;PRIORITY VALVE;BENCH TEST;;;;X;;;;;;;;;;;;;;;;;;;;;;;;;;;;;;;;;;;;;;;;;;;;;;;;;;;;;;;;;;;;;;;;;;;;X;;;;;X;;;;;;;;;;;;;;;;;;;;;X;;;;
46044C1600;4604-4C1600;VALVE PRIORITY;BENCH TEST;;;;X;;;;;;;;;;;;;;;;;;;;;;;;;;;;;;;;;;;;;;;;;;;;;;;;;;;;;;;;;;;;;;;;;;;;X;;;;;X;;;;;;;;;;;;;;;;;;;;;X;;;;
46081;4608-1;BATTERY;;OVERHAUL;;DNR;X;X;;X;;;;;;;;;;;;;;;;;;;;;;;;;;;;;;;;;;;;;;;;;;;;;;;;;;;;;;;;;;;;;;;;;;;;;;;;;;;;;;;;;;;;;;X;X;;;;;X;;;
4611135023;4611135023;MOTOR SUB-ASSY;OVERHAUL;;;;X;X;X;X;X;;;;;;;;;;;;;X;;;;;;;;;X;;;;;;;;;;;;;;;;;;;;;;;;;;;;;;;;;;;;;;;;;;;;;;;;;;;;;;;;;;;;;;;;;;;;X;;;;
4611135034;4611135034;MOTOR SUB-ASSY;OVERHAUL;;;;X;X;X;X;X;;;;;;;;;;;;;X;;;;;;;;;X;;;;;;;;;;;;;;;;;;;;;;;;;;;;;;;;;;;;;;;;;;;;;;;;;;;;;;;;;;;;;;;;;;;;X;;;;
46604;4660-4;PRIORITY VALVE;BENCH TEST;;;;X;;;;;;;;;;;;;;;;;;;;;;;;;;;;;;;;;;;;;;;;;;;;;;;;;;;;;;;;;;;;;;;;;;;;X;;;;;X;;;;;;;;;;;;;;;;;;;;;X;;;;
46604C1600;4660-4-C1600;PRIORITY VALVE;BENCH TEST;;;;X;;;;;;;;;;;;;;;;;;;;;;;;;;;;;;;;;;;;;;;;;;;;;;;;;;;;;;;;;;;;;;;;;;;;X;;;;;X;;;;;;;;;;;;;;;;;;;;;X;;;;
466090;466090;EXTINGUISHER;;TEST;;;X;X;;;;;;;;;;;;;;;;;;;;;;;;;;;;;;;;;;;;;;;;;;;;;;;;X;X;;;;;;;;;;;;;;;;;;;;;;;;;;;;;;;;;;;;;;;X;X;;;;;X;;;
46797508011;4679-750-80-11;FLAP POSITION INDICATOR;;REPAIR;;;X;X;;X;X;;;;;;;;;;;;;;;;;;;;;;;;;;;;;;;;;;;X;X;;;;;;;;;;;;;;;;;;;;;;;;;;;;;;;;;;;;;;;;;;;;;;;;;;;;;;;X;;;
46797518011;4679-751-80-11;FLAP POSITION INDICATOR;;REPAIR;;;X;X;;X;X;;;;;;;;;;;;;;;;;;;;;;;;;;;;;;;;;;;X;X;;;;;;;;;;;;;;;;;;;;;;;;;;;;;;;;;;;;;;;;;;;;;;;;;;;;;;;X;;;
46797528010;4679-752-80-10;FLAP POSITION INDICATOR;;REPAIR;;;X;X;;X;;;;;;;;;;;;;;;;;;;;;;;;;;;;;;;;;;;;X;;;;X;;;;;;;;;;;;;;;;;;;;;;;;;;;;;;;;;;;;;;;;;;;;;;;;;;;;X;;;
46797538010;4679-753-80-10;FLAP POSITION INDICATOR;;REPAIR;;;X;X;;X;;;;;;;;;;;;;;;;;;;;;;;;;;;;;;;;;;;;X;;;;X;;;;;;;;;;;;;;;;;;;;;;;;;;;;;;;;;;;;;;;;;;;;;;;;;;;;X;;;
46797548010;4679-754-80-10;FLAP POSITION INDICATOR;;REPAIR;;;X;X;;X;X;;;;;;;;;;;;;;;;;;;;;;;;;;;;;;;;;;;X;;;;X;;;;;;;;;;;;;;;;;;;;;;;;;;;;;;;;;;;;;;;;;;;;;;;;;;;;X;;;
46797648010;4679-764-80-10;FLAP POSITION INDICATOR;;REPAIR;;;X;X;;X;X;;;;;;;;;;;;;;;;;;;;;;;;;;;;;;;;;;;X;;;;X;;;;;;;;;;;;;;;;;;;;;;;;;;;;;;;;;;;;;;;;;;;;;;;;;;;;X;;;
47100011;471-0001-1;COFFEE MAKER,;REPAIR;;;;X;X;X;X;X;;;;;;;;;;;;;X;;;;;;;;;;X;;;;;;;X;;;;;;;;;;;;;;;;;;;;;;;;;;;;;;;;;;;;;;;;;;;;;;;;;;;;;;;;;;;;X;;;;
47100013;471-0001-3;COFFEE MAKER,;REPAIR;;;;X;X;X;X;X;;;;;;;;;;;;;X;;;;;;;;;;X;;;X;;;;;;;;;;;;;;;;;;;;;;;;;;;;;;;;;;;;;;;;;;;;;;;;;;;;;;;;;;;;;;;;X;;;;
47100015;471-0001-5;COFFEE MAKER,;REPAIR;;;;X;X;X;X;X;;;;;;;;;;;;;X;;;X;;;;;;;X;;;X;;;X;X;X;;;;;;;;;;;;;;;;;;;;;;;;;;;;;;;;;;;;;;;;;;;;;;;;;;;;;;;;;;;X;;;;
4724202;472420-2;FIRE EXTINGUISHING BOTTLE;;TEST;;;X;X;;X;;;;;;;;;;;;;;;;;;;;;;;;;;;;;;;;;;;;X;X;;;;;;;;;;;;;;;;;;;;;;;;;;;;;;;;;;;;;;;;;;;;;;;;;;;;;;;X;;;
4739172;473917-2;FIRE EXTINGUISHER CONTAINER;;TEST;;;X;X;;X;;;;;;;;;;;;;;;;;;;;;;;;;;;;;;;;;;;;;;;;;;;;;;;;;;;;;;;;;;;;;;;;;;;;;;;;;;;;;;X;;;;;;;;;;;;;;X;;;
477CA01C1502Y2;477CA01C15-02Y2;THREE POLE CONTACTOR;REPAIR;;;;X;X;X;X;X;;;;;;;;;;;;;X;;;;;;;;;;;;;;;;;;;;;;;;;;;;;;;;;;;;;;;;;;;;;;;;;;;;;;;;;;;;;;;;;;;;;;;;;;;;;X;;;;
477CA01C1502Y3;477CA01C15-02Y3;THREE POLE CONTACTOR;OVERHAUL;;;;X;X;X;X;X;;;;;;;;;;;;;X;X;X;X;;;;;;;;;;;;;;;;;;;;;;;;;;;;;;;;;;;;;;;;;;;;;;;;;;;;;;;;;;;;;;;;;;;;;;;;;;X;;;;
481270;4812-70;MOTOR;;OVERHAUL;;;X;X;;X;;;;;;;;;;;;;;;;;;;;;;;;;;;;;;;;;;;;;;;;;;;;;;;;;;;;;;;;;;;;;;;;;;;;;;;;;;;;;;;;;;;;;;X;X;;;;;X;;;
48635018011;4863-501-80-11;TRIM INDICATOR;;REPAIR;;;X;X;X;X;X;;;;;;;;;;;;;;;;;;;;;;;;;;;;;;;;;;;X;X;;;;;;;;;;;;;;;;;;;;;;;;;;;;;;;;;;;;;;;;;;;;;;;;;;;;;;;X;;;
48635028010;4863-502-80-10;TRIM POSITION INDICATOR;;REPAIR;;;X;X;X;X;X;;;;;;;;;;;;;;;;;;;;;;;;;;;;;;;;;;;X;X;;;;;;;;;;;;;;;;;;;;;;;;;;;;;;;;;;;;;;;;;;;;;;;;;;;;;;;X;;;
48635038010;4863-503-80-10;TRIM POSITION INDICATOR;;REPAIR;;;X;X;X;X;X;;;;;;;;;;;;;;;;;;;;;;;;;;;;;;;;;;;X;;;;X;;;;;;;;;;;;;;;;;;;;;;;;;;;;;;;;;;;;;;;;;;;;;;;;;;;;X;;;
48635048011;4863-504-80-11;TRIM INDICATOR;;REPAIR;;;X;X;X;X;X;;;;;;;;;;;;;;;;;;;;;;;;;;;;;;;;;;;X;X;;;;;;;;;;;;;;;;;;;;;;;;;;;;;;;;;;;;;;;;;;;;;;;;;;;;;;;X;;;
4911710;49-117-10;SFCC-SLAT AND FLAP CONTROL COMPUTER;REPAIR;;;;X;X;X;X;X;;;;;;;;;;;;;X;;;;;;X;;;;;;;;;;;;;;;;;;;;;;;;;;;;;;;;;;;;;;;;;;;;;;;;;;;;;;;;;;;;;;;;;;;;;;;X;;;;
4920001;49200-01;DIFFERENTIAL PRESSURE SWITCH;REPAIR;;;;X;X;X;X;X;;;;;;X;;;;;;;;;;;;;;;;;;;;;;;;;;;;;;;;;;;;;;;;;;;;;;;;;;;;;;;;;;;;;;;;;;;;;;;;;;;;;;;;;;;;X;;;;
4931031;49310-31;CABIN PRESS INDICATOR;;REPAIR;;;X;X;X;X;X;;;;;;;;;;;;;;;;;;;;;;;;;;;;;;;;;;;X;X;;;;;;;;;;;;;;;;;;;;;;;;;;;;;;;;;;;;;;;;;;;;;;;;;;;;;;;X;;;
4931050;49310-50;CABIN PRESS INDICATOR;;REPAIR;;;X;X;X;X;X;;;;;;;;;;;;;;;;;;;;;;;;;;;;;;;;;;;X;X;;;;;;;;;;;;;;;;;;;;;;;;;;;;;;;;;;;;;;;;;;;;;;;;;;;;;;;X;;;
49380;49380;PROBE;;BENCH TEST;;;X;X;X;X;X;;;;;;;;;;;;;;;;;;;;;;;;;;;;;;;;;;;X;X;;;;;;;;;;;;;;;;;;;;;;;;;;;;;;;;;;;;;;;;;;;;;;;;;;;;;;;X;;;
4990AC2;4990AC-2;REGULATEUR PRESSION AIR;;BENCH TEST;;;X;X;;X;;;;;;;;;;;;;;;;;;;;;;;;;;;;;;;;;;;;;;;;;;;;;;;;;;;;;;;;;;;;;;;;;;;;;;;X;X;;;;;;X;;;;;;;;;;;;;;X;;;
4D2095184;4D2095-184;VALVE;;BENCH TEST;;;X;X;;X;;;;;;;;;;;;;;;;;;;;;;;;;;;;;;;;;;;;;;;;;;;;;;;;;;;;;;;;;;;;;;;;;;;;;;;X;X;;;;;;;;;;;;;;;;;;;;X;;;
50001201;500012-01;BATTERY UNIT;OVERHAUL;;;;X;X;X;X;;;;;;;;;;;;;;X;X;;;;;;;;;X;;X;X;;X;;;;;;;;;;;;;;;;;;;;;;;;;;;;;;;;;;;;;;;;;;;;;;;;;;;;;;;;;;;;;;X;;;;
50001202;500012-02;BATTERY UNIT;OVERHAUL;;;;X;X;X;X;;;;;;;;;;;;;;X;;;;;;;;;;;;;;;;;;;;;;;;;;;;;;;;;;;;;;;;;;;;;;;;;;;;;;;;;;;;;;;;;;;;;;;;;;;;;X;;;;
50004003;500040-03;BATTERY UNIT;OVERHAUL;;;;X;X;X;X;;;;;;;;;;;;;;X;X;;;;;;;;;;;;;;;;;;;;;;;;;;;;;;;;;;;;;;;;;;;;;;;;;;;;;;;;;;;;;;;;;;;;;;;;;;;;X;;;;
5001221;50-0122-1;TAKEOFF AND TAXIING LIGHT;REPAIR;;;;X;X;X;X;X;;;;;;;;;;;;;X;;X;X;;;;;;;;;;;;;;;;;;;;;;;;;;;;;;;;;;;;;;;;;;;;;;;;;;;;;;;;;;;;;;;;;;;;;;;;;;X;;;;
5001225;50-0122-5;TAKEOFF AND TAXIING LIGHT;REPAIR;;;;X;X;X;X;X;;;;;;;;;;;;;X;;;;;;;;;;;;;;;;;;;;;;;;;;;;;;;;;;;;;;;;;;;;;;;;;;;;;;;;;;;;;;;;;;;;;;;;;;;;;X;;;;
5001645;50-0164-5;AIRCRAFT TAKE-OFF LIGHT;REPAIR;;;;X;X;X;X;X;;;;;;;;;;;;;X;;;;X;X;X;X;;;;;;;;;;;;;;;;;;;;;;;;;;;;;;;;;;;;;;;;;;;;;;;;;;;;;;;;;;;;;;;;;;;;;;X;;;;
5001647;50-0164-7;AIRCRAFT TAKE-OFF LIGHT;REPAIR;;;;X;X;X;X;X;;;;;;;;;;;;;X;;;;;;;;;;;;;;;;;;;;;;;;;;;;;;;;;;;;;;;;;;;;;;;;;;;;;;;;;;;;;;;;;;;;;;;;;;;;;X;;;;
5001761;50-0176-1;AIRCRAFT TAXIING LIGHT;REPAIR;;;;X;X;X;X;X;;;;;;;;;;;;;X;;;;X;X;X;X;;;;;;;;;;;;;;;;;;;;;;;;;;;;;;;;;;;;;;;;;;;;;;;;;;;;;;;;;;;;;;;;;;;;;;X;;;;
5001763;50-0176-3;AIRCRAFT TAXIING LIGHT;REPAIR;;;;X;X;X;X;X;;;;;;;;;;;;;X;;;;X;X;X;X;;;;;;;;;;;;;;;;;;;;;;;;;;;;;;;;;;;;;;;;;;;;;;;;;;;;;;;;;;;;;;;;;;;;;;X;;;;
5001771;50-0177-1;RUNWAY TURNOFF FLOODLIGHT;REPAIR;;;;X;X;X;X;;;;;;;;;;;;;;X;;;;X;X;X;X;;;;;;;;;;;;;;;;;;;;;;;;;;;;;;;;;;;;;;;;;;;;;;;;;;;;;;;;;;;;;;;;;;;;;;X;;;;
5001773;50-0177-3;RUNWAY TURNOFF FLOODLIGHT;REPAIR;;;;X;X;X;X;;;;;;;;;;;;;;X;;;;X;X;X;X;;;;;;;;;;;;;;;;;;;;;;;;;;;;;;;;;;;;;;;;;;;;;;;;;;;;;;;;;;;;;;;;;;;;;;X;;;;
5002566;5002566;WHEEL, MAIN LANDING GEAR;OVERHAUL;;;;X;X;X;X;X;;;X;;;X;;X;;;;;;;;;;;;;;;;;;;;;;;;;;;;;;;;;;;;;;;;;;;;;;;;;;;;;;;;;;;;;;;;;;;;;;;;;;;;;;;;;;X;;;;
5003647;5003647;BRAKE,;OVERHAUL;;;;X;X;X;X;X;;;X;;;X;;X;;;;;;;;;;;;;;;;;;;;;;;;;;;;;;;;;;;;;;;;;;;;;;;;;;;;;;;;;;;;;;;;;;;;;;;;;;;;;;;;;;X;;;;
50036471;5003647-1;BRAKE,;OVERHAUL;;;;X;X;X;X;X;;;X;;;X;;X;;;;;;;;;;;;;;;;;;;;;;;;;;;;;;;;;;;;;;;;;;;;;;;;;;;;;;;;;;;;;;;;;;;;;;;;;;;;;;;;;;X;;;;
50036472;5003647-2;BRAKE,;OVERHAUL;;;;X;X;X;X;X;;;X;;;X;;X;;;;;;;;;;;;;;;;;;;;;;;;;;;;;;;;;;;;;;;;;;;;;;;;;;;;;;;;;;;;;;;;;;;;;;;;;;;;;;;;;;X;;;;
50036473;5003647-3;BRAKE,;OVERHAUL;;;;X;X;X;X;X;;;X;;;X; ;X;;;;;;;;;;;;;;;;;;;;;;;;;;;;;;;;;;;;;;;;;;;;;;;;;;;;;;;;;;;;;;;;;;;;;;;;;;;;;;;;;;X;;;;
501122803;501-1228-03;BATTERY;;REPAIR;;;X;X;;X;X;;;;;;;;;;;;;;;;;;;;;;;;;;;;;;;;;;;;;;;;;X;;X;;;;;;;;;;;;;;;;;;;;;;;;;;;;;;;;;;X;X;;;;;;;;;;;;;X;;;
501122804;501-1228-04;EMERGENCY POWER SUPPLY;BENCH TEST;OVERHAUL;;;X;X;X;X;X;;;;;;;;;;;;;;;;;;;;;;;;;;;;;;;;;;;;;;;;;X;X;X;X;X;X;;;;;;;;;;;;;;;;;;;;;;;;;;;;;;;;;;;;;;;;;;;;X;X;;;
501171201;501-1712-01;STBY GYRO BATTERY;;REPAIR;;;X;X;;X;;;;;;;;;;;;;;;;;;;;;;;;;;;;;;;;;;;;;;;;;;;;;;;;;;;;;;;;;;;;;;;;;;;;;;;X;X;;;;;;;;;;;;;;;;;;;;X;;;
501171202;501-1712-02;STBY GYRO BATTERY;;REPAIR;;;X;X;;X;;;;;;;;;;;;;;;;;;;;;;;;;;;;;;;;;;;;;;;;;;X;;;;;X;;;;;;;;;;;;;;;;;;;;;;;;X;X;;;;;;;;;;;;;;;;;;;;X;;;
50221;50221;OIL FILTER;OVERHAUL;;;;X;;;;;;;;;X;;;;;;;;;;;;;;;;;;X;;;;;;;;;;;X;;;;;;;;;;;;;;;;;;;;;;;;;;;;;;;;;;;;;;;;;;;;;;;;;;;;;;;;X;;;;
503BA01AY03;503BA01AY03;MASTER WARNING UNIT;REPAIR;;;;X;X;X;X;;;;;;;X;;;;;X;;;;;;;;;;;;;;;;;;;;;;;;;;;;;;;;;;;;;;;;;;;;;;;;;;;;;;;;;;;;;;;;;;;;;;;;;;;;;;;X;;;;
503BA01Y02;503BA01Y02;MASTER WARNING UNIT;REPAIR;;;;X;X;X;X;X;;;;;;X;;;;;X;;;;;;;;;;;;;;;;;;;;;;;;;;;;;;;;;;;;;;;;;;;;;;;;;;;;;;;;;;;;;;;;;;;;;;;;;;;;;;;X;;;;
503BA01Y03;503BA01Y03;MASTER WARNING UNIT;REPAIR;;;;X;X;X;X;X;;;;;;X;;;;;X;;;;;;;;;;;;;;;;;;;;;;;;;;;;;;;;;;;;;;;;;;;;;;;;;;;;;;;;;;;;;;;;;;;;;;;;;;;;;;;X;;;;
503BA01Y04;503BA01Y04;MASTER WARNING UNIT;REPAIR;;;;X;X;X;X;X;;;;;;X;;;;;X;;;;;;;;;;;;;;;;;;;;;;;;;;;;;;;;;;;;;;;;;;;;;;;;;;;;;;;;;;;;;;;;;;;;;;;;;;;;;;;X;;;;
505CH;505CH;BATTERIE;OVERHAUL;;;;X;X;X;X;;;;;;;;;;;;;;X;;;;;;;;;X;;;;;;;;;;;;;;;;;;;;;;;;;;;;;;;;;;;;;;;;;;;;;;;;;;;;;;;;;;;;;;;;;;;;X;;;;
505CH2;505CH2;AIRCRAFT BATTERY;OVERHAUL;;;;X;X;X;X;X;;;;;;;;;;;;;X;;;;;;;;;X;;;;;;;;;;;;;;;;;;;;;;;;;;;;;;;;;;;;;;;;;;;;;;;;;;;;;;;;;;;;;;;;;;;;X;;;;
5062476;50-6247-6;NOSE GEAR LOCK ACTUATOR ASSY;OVERHAUL;;;;X;;;;;;;;;;;;;;;;;;;;;;;;;;;X;;;;;;;;;;;X;;;;;;;;;;;;;;;;;;;;;;;;;;;;;;;;;;;;;;;;;;;;;;;;;;;;;;;;X;;;;
5062478;50-6247-8;NOSE GEAR LOCK ACTUATOR ASSY;OVERHAUL;;;;X;;;;;;;;;;;;;;;;;;;;;;;;;;;X;;;;;;;;;;;X;;;;;;;;;;;;;;;;;;;;;;;;;;;;;;;;;;;;;;;;;;;;;;;;;;;;;;;;X;;;;
5062479;50-6247-9;NOSE GEAR LOCK ACTUATOR ASSY;OVERHAUL;;;;X;;;;;;;;;X;;;;;;;;;;;;;;;;;;X;;;;;;;;;;;X;;;;;;;;;;;;;;;;;;;;;;;;;;;;;;;;;;;;;;;;;;;;;;;;;;;;;;;;X;;;;
50659;50659;HYDRAULIC SHUTTLE VALVE;OVERHAUL;;;;X;;;;;;;;;X;;;;;;;;;;;;;;;;;;X;;;;;;;;;;;X;;;;;;;;;;;;;;;;;;;;;;;;;;;;;;;;;;;;;;;;;;;;;;;;;;;;;;;;X;;;;
5068337;50-6833-7;MAIN LANDING GEAR ACTUATOR ASSEMBLY;OVERHAUL;;;;X;;;;;;;;;;;;;;;;;;;;;;;;;;;X;X;;;;;;;;;;;;;;;;;;;;;;;;;;;;;;;;;;;;;;;;;;;;;;;;;;;;;;;;;;;;;;;;;;X;;;;
5068339;50-6833-9;MAIN LANDING GEAR ACTUATOR ASSEMBLY;OVERHAUL;;;;X;;;;;;;;;;;;;;;;;;;;;;;;;;;X;X;;;;;;;;;;;;;;;;;;;;;;;;;;;;;;;;;;;;;;;;;;;;;;;;;;;;;;;;;;;;;;;;;;X;;;;
5068352;50-6835-2;MLG, SIDE STRUT ACTUATOR ASSEMBLY;OVERHAUL;;;;X;;;;;;;;;;;;;;;;;;;;;;;;;;;X;X;;;;;;;;;;;;;;;;;;;;;;;;;;;;;;;;;;;;;;;;;;;;;;;;;;;;;;;;;;;;;;;;;;X;;;;
50707;50707;LANDING GEAR & DOOR CONTROL SEQU.VALVE;OVERHAUL;;;;X;;;;;;;;;X;;;;;;;;;;;;;;;;;;X;;;;;;;;;;;X;;;;;;;;;;;;;;;;;;;;;;;;;;;;;;;;;;;;;;;;;;;;;;;;;;;;;;;;X;;;;
509511;5095-1-1;AUDIO AMPLIFIER;;REPAIR;;;X;X;;X;;;;;;;;;;;;;;;;;;;;;;;;;;;;;;;;;;;;;;;;;;;;;;;;;;;;;;;;;;;;;;;;;;;;;;;X;X;;;;;;X;;;;;;;;;;;;;;X;;;
5097316;50-9731-6;MAIN GEAR CENTERING CYLINDER ASSY;OVERHAUL;;;;X;;;;;;;;;X;;;;;;;;;;;;;;;;;;X;;;;;;;;;;;X;;;;;;;;;;;;;;;;;;;;;;;;;;;;;;;;;;;;;;;;;;;;;;;;;;;;;;;;X;;;;
51001401;510014-01;BATTERY UNIT LTN;;OVERHAUL;;;X;X;;X;;;;;;X;;;;;;;;;;;;;;;;;;;;;;;;;;;;;;;;;;;;;;;;;;;;;;;;;;;;;;;;;;;;;;;;;X;X;;;;;;X;;;;;;;;;;;;;;X;;;
511991;511991;ALTIMETRE BAROMETRIQUE;;REPAIR;;;X;;;;;;;;;;;;;;;;;;;;;;;;;;;;;;;;;;;;;;;;;;;;;;;;;;;;;;;;;;;;;;;;;;;;;;;;;;;;;;;;;X;;;X;;;;;;;;;;;X;;;
51262208011;5126-220-80-11;INDICATOR FUEL TEMPERATURE;;REPAIR;;;X;X;;X;;;;;;;;;;;;;;;;;;;;;;;;;;;;;;;;;;;;X;X;;;;;;;;;;;;;;;;;;;;;;;;;;;;;;;;;;;;;;;;;;;;;;;;;;;;;;;X;;;
51262238011;5126-223-80-11;FUEL TANK TEMP INDICATOR;;REPAIR;;;X;X;;X;;;;;;;;;;;;;;;;;;;;;;;;;;;;;;;;;;;;X;X;;;;;;;;;;;;;;;;;;;;;;;;;;;;;;;;;;;;;;;;;;;;;;;;;;;;;;;X;;;
51362159110;5136-215-91-10;INDICATOR, BATTERY TEMPERATURE;REPAIR;;;;X;X;X;X;X;;;;;;X;;;;;X;;;;;;;;;;;;;;;;;;;;;;;;;;;;;;;;;;;;;;;;;;;;;;;;;;;;;;;;;;;;;;;;;;;;;;;;;;;;;;;X;;;;
51362179110;5136-217-91-10;INDICATOR, BATTERY TEMPERATURE;REPAIR;;;;X;X;X;X;X;;;;;;X;;;;;X;;;;;;;;;;;;;;;;;;;;;;;;;;;;;;;;;;;;;;;;;;;;;;;;;;;;;;;;;;;;;;;;;;;;;;;;;;;;;;;X;;;;
513CA01C102Y1;513CA01C1-02Y1;THREE POLE CONTACTOR;REPAIR;;;;X;X;X;X;X;;;;;;;;;;;;;X;X;X;X;;;;;;;;;;;;;;;;;;;;;;;;;;;;;;;;;;;;;;;;;;;;;;;;;;;;;;;;;;;;;;;;;;;;;;;;;;X;;;;
513CA02F102Y1;513CA02F1-02Y1;THREE POLE CONTACTOR;REPAIR;;;;X;X;X;X;X;;;;;;;;;;;;;X;X;X;X;;;;;;;;;;;;;;;;;;;;;;;;;;;;;;;;;;;;;;;;;;;;;;;;;;;;;;;;;;;;;;;;;;;;;;;;;;X;;;;
515A000002;515A0000-02;GEARBOX;OVERHAUL;;;;X;X;X;X;X;;;;;;;;;;;;;X;;;;;;;;;;;;;;;;;;;;;;;;;;;;;;;;;;;;;;;;;;;;;;;;;;;;;;;;;;;;;;;;;;;;;;;;;;;;;X;;;;
51653027;51653-027;CONTROL FIRE DETECTION;;REPAIR;;;X;X;;X;;;;;;;;;;;;;;;;;;;;;;;;;;;;;;;;;;;;;;;;;;;;;;;;;;;;;;;;;;;;;;;;;;;;;;;;;;;;;;;;;;;;;;X;X;;;;;X;;;
51653152;51653-152;DETECTOR UNIT;;REPAIR;;;X;X;;X;;;;;;;;;;;;;;;;;;;;;;;;;;;;;;;;;;;;X;X;;;;;;;;;;;;;;;;;;;;;;;;;;;;;;;;;;;;;;;;;;;;;;;;;;;;;;;X;;;
518157;518157;HYDRAULIC MOTORPUMP ASSEMBLY;REPAIR;;;;X;X;X;X;X;;;;;;;;;;;;;X;;;;;;;;;;;;;;;;;;;;;;;;;;;;;;;;;;;;;;;;;;;;;;;;;;;;;;;;;;;;;;;;;;;;;;;;;;;;;X;;;;
51821;5182-1;AMPLIFIER;;REPAIR;;;X;X;;X;;;;;;;;;;;;;;;;;;;;;;;;;;;;;;;;;;;;;;;;;;;;;;;;;;;;;;;;;;;;;;;;;X;;;;;;;;;;;;;X;;;;;;;;;;;;;;X;;;
5189541;518954-1;STARTER;;OVERHAUL;;DNR;X;X;;X;;;;;;;;;;;;;;;;;;;;;;;;;;;;;;;;;;;;;;;;;;;;;;;;;;;;;;;;;;;;;;;;;;;;;;;;;;;;;;;;;;;;;;X;X;;;;;X;;;
51895411;518954-1-1;STARTER;;OVERHAUL;;DNR;X;X;;X;;;;;;;;;;;;;;;;;;;;;;;;;;;;;;;;;;;;;;;;;;;;;;;;;;;;;;;;;;;;;;;;;;;;;;;;;;;;;;;;;;;;;;X;X;;;;;X;;;
5198581;519858-1;ENGINE STARTER MOTOR;REPAIR;;;;X;X;X;X;X;;;;;;;;;;;;;X;;;;;;;;;;;;;;;;;;;;;;;;;;;;;;;;;;;;;;;;;;;;;;;;;;;;;;;;;;;;;;;;;;;;;;;;;;;;;X;;;;
5198582;519858-2;ENGINE STARTER MOTOR;REPAIR;;;;X;X;X;X;X;;;;;;;;;;;;;X;X;X;X;X;X;X;X;X;X;X;;;;;;X;X;;;;;;;;;;;;;;;;;;;;;;;;;;;;;;;;;;;;;;;;;;;;;;;;;;;;;;;;;;;;X;;;;
5198583;519858-3;ENGINE STARTER MOTOR;REPAIR;;;;X;X;X;X;X;;;;;;;;;;;;;X;;;;;;;;;;;;;;;;;;;;;;;;;;;;;;;;;;;;;;;;;;;;;;;;;;;;;;;;;;;;;;;;;;;;;;;;;;;;;X;;;;
5198584;519858-4;ENGINE STARTER MOTOR;REPAIR;;;;X;X;X;X;X;;;;;;;;;;;;;X;X;X;X;X;X;X;X;X;X;X;;;;;;X;X;;;;;;;;;;;;;;;;;;;;;;;;;;;;;;;;;;;;;;;;;;;;;;;;;;;;;;;;;;;;X;;;;
5198585;519858-5;ENGINE STARTER MOTOR;REPAIR;;;;X;X;X;X;X;;;;;;;;;;;;;X;X;X;X;X;X;X;X;X;X;X;;;;;;X;X;;;;;;;;;;;;;;;;;;;;;;;;;;;;;;;;;;;;;;;;;;;;;;;;;;;;;;;;;;;;X;;;;
5198586;519858-6;ENGINE STARTER MOTOR;REPAIR;;;;X;X;X;X;X;;;;;;;;;;;;;X;X;X;X;X;X;X;X;X;X;X;;;;;;X;X;;;;;;;;;;;;;;;;;;;;;;;;;;;;;;;;;;;;;;;;;;;;;;;;;;;;;;;;;;;;X;;;;
5198587;519858-7;MOTOR, ENGINE STARTER;REPAIR;;;;X;X;X;X;X;;;;;;;;;;;;;X;X;X;X;X;X;X;X;X;X;X;;;;;;X;X;;;;;;;;;;;;;;;;;;;;;;;;;;;;;;;;;;;;;;;;;;;;;;;;;;;;;;;;;;;;X;;;;
5198588;519858-8;MOTOR, ENGINE STARTER;REPAIR;;;;X;X;X;X;X;;;;;;;;;;;;;X;X;X;X;X;X;X;X;X;X;;;;;;;;;;;;;;;;;;;;;;;;;;;;;;;;;;;;;;;;;;;;;;;;;;;;;;;;;;;;;;;;;;;;X;;;;
5203337213;520-3337-213;RADIO MAGNETIC INDICATOR;;REPAIR;;;X;X;;X;;;;;;;;;;;;;;;;;;;;;;;;;;;;;;;;;;;;X;X;;;;;;;;;;;;;;;;;;;;;;;;;;;;;;;;;;;;;;;;;;;;;;;;;;;;;;;X;;;
520831;520831;ELECTRIC DRIVEN HYDRAULIC MOTORPUMP ASSY;OVERHAUL;;;;X;X;X;X;X;;;;;;;;;;;;;X;X;X;;;;;;;;;;;;;;;;;;;;;;;;;;;;;;;;;;;;;;;;;;;;;;;;;;;;;;;;;;;;;;X;;;;;X;;;;;;;;X;;;;
521449;521449;VARIABLE DISPLACEMEN HYDRAULIC PUMP ASSY;OVERHAUL;;;;X;X;X;X;X;;;;;;;;;;;;;;;;;;;;;;;;;;;;;;;;;;;;;;;;;;;;;;;;;;;;;;;;;;;;;;;;;;;;;;;;;;;;;X;;;;;X;;;;;;;;X;;;;
521570;521570;VENTILATEUR DE REFROIDISSEMENT;REPAIR;;;;X;;;;;;;;;;;;;;;;;;;;;;;;;;;;;;;;;;;;;;;;;;;;;;;;;;;;;;;;;;;;;;;;;;;;;;;;;;;;;;;;;X;;;X;;;;;;;;;;X;;;;
521580;521580;SEPARATEUR D'EAU 6 POUCES;;OVERHAUL;;;X;;;;;;;;;;;;;;;;;;;;;;;;;;;;;;;;;;;;;;;;;;;;;;;;;;;;;;;;;;;;;;;;;;;;;;;;;;;;;;;;;X;;;X;;;;;;;;;;;X;;;
521650;521650;CLAPET DE DECHARGE;OVERHAUL;;;;X;;;;;;;;;X;;;;;;;;;;;;;;;;;;;;;;;;;;;;;;;;;;;;;;;;;;;;;;;;;;;;;;;;;;;;;;;;;;;;;;;;X;;;X;;;;;;;;;;X;;;;
521651;521651;CLAPET DE DECHARGE;OVERHAUL;;;;X;;;;;;;;;X;;;;;;;;;;;;;;;;;;;;;;;;;;;;;;;;;;;;;;;;;;;;;;;;;;;;;;;;;;;;;;;;;;;;;;;;X;;;X;;;;;;;;;;X;;;;
521670;521670;TURBO-REFRIGERATEUR;OVERHAUL;;;;X;;;;;;;;;;;;;;;;;;;;;;;;;;;;;;;;;;;;;;;;;;;;;;;;;;;;;;;;;;;;;;;;;;;;;;;;;;;;;;;;;X;;;X;;;;;;;;;;X;;;;
521780;521780;REGULATEUR DE PRESS. SECOURS (NORMALAIR);OVERHAUL;;;;X;;;;;;;;;;;;;;;;;;;;;;;;;;;;;;;;;;;;;;;;;;;;;;;;;;;;;;;;;;;;;;;;;;;;;;;;;;;;;;;;;X;;;X;;;;;;;;;;X;;;;
5222996011;522-2996-011;MARKER RECEIVER;;REPAIR;;DNR;X;X;;X;;;;;;;;;;;;;;;;;;;;;;;;;;;;;;;;;;;;;;;;;;;;;;;;;;;;;;;;;;;;;;;;;;;;;;;;;;;;;;X;;;;;;;;;;;;;;X;;;
5224538002;522-4538-002;AIRCRAFT PASSENGER ADDRESS AMPLIFIER;;REPAIR;;DNR;X;X;;X;;;;;;;;;;;;;;;;;;;;;;;;;;;;;;;;;;;;;;;;;;;;;;;;;;;;;;;;;;;;;;;;;;;;;;;;;;;;;;;;;;;;;;X;;;X;;;X;;;
5224538003;522-4538-003;AIRCRAFT PASSENGER ADDRESS AMPLIFIER;;REPAIR;;DNR;X;X;;X;;;;;;;;;;;;;;;;;;;;;;;;;;;;;;;;;;;;;;;;;;;;;;;;;;;;;;;;;;;;;;;;;;;;;;;;;;;;;;;;;;;;;;X;;;X;;;X;;;
5224538005;522-4538-005;AIRCRAFT PASSENGER ADDRESS AMPLIFIER;;REPAIR;;DNR;X;X;;X;;;;;;;;;;;;;;;;;;;;;;;;;;;;;;;;;;;;;;;;;;;;;;;;;;;;;;;;;;;;;;;;;;;;;;;;;;;;;;;;;;;;;;X;;;X;;;X;;;
522960;522960;REGULATEUR DE PRESSION;OVERHAUL;;;;X;;;;;;;;;;;;;;;;;;;;;;;;;;;;;;;;;;;;;;;;;;;;;;;;;;;;;;;;;;;;;;;;;;;;;;;;;;;;;;;;;X;;;X;;;;;;;;;;X;;;;
523156;523156;IND BRAKE PRESS;;REPAIR;;;X;X;;X;;;;;;;;;;;;;;;;;;;;;;;;;;;;;;;;;;;;;;;;;;;;;;;;;;;;;;;;;;;;;;;;;;;;;;;;;;;;;;;;;;;;;;X;X;;;;;X;;;
524031;524-031;STARTER GENERATOR;OVERHAUL;OVERHAUL;;;X;X;X;X;X;;;;;;X;;X;X;X;;;;;;;;;;;;;;;;;;;;;;;;;;;;;;;;;;;;;;;;;;;;;;;;;;;;;;;;;;;;;;;;;;;;;;;;;;;;;;;;X;X;;;
524031B;524-031B;STARTER GENERATOR;OVERHAUL;;;;X;X;X;X;X;;;;;;X;;X;X;X;;;;;;;;;;;;;;;;;;;;;;;;;;;;;;;;;;;;;;;;;;;;;;;;;;;;;;;;;;;;;;;;;;;;;;;;;;;;;;;;X;;;;
524032;524-032;STARTER GENERATOR;OVERHAUL;OVERHAUL;;;X;X;X;X;X;;;;;;X;;X;X;X;;;;;;;;;;;;;;;;;;;;;;;;;;;;;;;;;;;;;;;;;;;;;;;;;;;;;;;;;;;;;;;;;;;;;;;;;;;;;;;;X;X;;;
524060;524-060;STARTER GENERATOR;;OVERHAUL;;;X;X;;X;;;;;;;X;;;;;;;;;;;;;;;;;;;;;;;;;;;;;;;;;;;;;;;;;;;;;;;;;;;;;;;;;;;;;;;;;;;;;;;;;;;;;;;;;;;;;X;;;
524061;524-061;STARTER GENERATOR;;OVERHAUL;;;X;X;;X;;;;;;;X;;;;;;;;;;;;;;;;;;;;;;;;;;;;;;;;;;;;;;;;;;;;;;;;;;;;;;;;;;;;;;;;;;;;;;;;;;;;;;;;;;;;;X;;;
524062;524-062;STARTER GENERATOR;;OVERHAUL;;;X;X;;X;;;;;;;X;;;;;;;;;;;;;;;;;;;;;;;;;;;;;;;;;;;;;;;;;;;;;;;;;;;;;;;;;;;;;;;;;;;;;;;;;;;;;;;;;;;;;X;;;
52657;52657;SOLENOID OPERATED 3-WAY SELECTOR VALVE;OVERHAUL;;;;X;;;;;;;;;X;;;;;;;;;;;;;;;;;;X;;;;;;;;;;;X;;;;;;;;;;;;;;;;;;;;;;;;;;;;;;;;;;;;;;;;;;;;;;;;;;;;;;;;X;;;;
526573;52657-3;SOLENOID OPERATED 3- WAY SELECTOR VALVE;OVERHAUL;;;;X;;;;;;;;;X;;;;;;;;;;;;;;;;;;X;;;;;;;;;;;X;;;;;;;;;;;;;;;;;;;;;;;;;;;;;;;;;;;;;;;;;;;;;;;;;;;;;;;;X;;;;
526574;52657-4;SOLENOID OPERATED 3-WAY SELECTOR VALVE;OVERHAUL;;;;X;;;;;;;;;X;;;;;;;;;;;;;;;;;;X;;;;;;;;;;;X;;;;;;;;;;;;;;;;;;;;;;;;;;;;;;;;;;;;;;;;;;;;;;;;;;;;;;;;X;;;;
52820;528-20;WING TIP NAVIGATION LIGHT;REPAIR;;;;X;X;X;X;X;;;;;;;;;;;;;X;;;;;;X;X;;;;;;;;;;;;;;;;;;;;;;;;;;;;;;;;;;;;;;;;;;;;;;;;;;;;;;;;;;;;;;;;;;;;;;X;;;;
52830;528-30;WING TIP NAVIGATION LIGHT;REPAIR;;;;X;X;X;X;X;;;;;;;;;;;;;X;;;;;;X;X;;;;;;;;;;;;;;;;;;;;;;;;;;;;;;;;;;;;;;;;;;;;;;;;;;;;;;;;;;;;;;;;;;;;;;X;;;;
52870;528-70;WING TIP NAVIGATION LIGHT;REPAIR;;;;X;X;X;X;X;;;;;;;;;;;;;X;;;;X;X;X;X;;;;;;;;;;;;;;;;;;;;;;;;;;;;;;;;;;;;;;;;;;;;;;;;;;;;;;;;;;;;;;;;;;;;;;X;;;;
52880;528-80;WING TIP NAVIGATION LIGHT;REPAIR;;;;X;X;X;X;X;;;;;;;;;;;;;X;;;;X;X;X;X;;;;;;;;;;;;;;;;;;;;;;;;;;;;;;;;;;;;;;;;;;;;;;;;;;;;;;;;;;;;;;;;;;;;;;X;;;;
52920;529-20;WING TIP NAVIGATION LIGHT;REPAIR;;;;X;X;X;X;X;;;;;;;;;;;;;X;;;;;;;;X;X;;;;;;;;;;;;;;;;;;;;;;;;;;;;;;;;;;;;;;;;;;;;;;;;;;;;;;;;;;;;;;;;;;;;X;;;;
52930;529-30;WING TIP NAVIGATION LIGHT;REPAIR;;;;X;X;X;X;X;;;;;;;;;;;;;X;;;;;;;;X;X;;;;;;;;;;;;;;;;;;;;;;;;;;;;;;;;;;;;;;;;;;;;;;;;;;;;;;;;;;;;;;;;;;;;X;;;;
52970;529-70;WING TIP NAVIGATION LIGHT;REPAIR;;;;X;X;X;X;X;;;;;;;;;;;;;X;;;;;;;;X;X;;;;;;;;;;;;;;;;;;;;;;;;;;;;;;;;;;;;;;;;;;;;;;;;;;;;;;;;;;;;;;;;;;;;X;;;;
52980;529-80;WING TIP NAVIGATION LIGHT;REPAIR;;;;X;X;X;X;X;;;;;;;;;;;;;X;;;;;;;;X;X;;;;;;;;;;;;;;;;;;;;;;;;;;;;;;;;;;;;;;;;;;;;;;;;;;;;;;;;;;;;;;;;;;;;X;;;;
52C22S5A0460006;52C22S5A0460006;CHEMICAL OXYGEN CONTAINER ASSY;REPAIR;;;;X;X;X;X;X;;;;;;;;;;;;;X;;;;;;;;X;X;;;;;;;;;;;;;;;;;;;;;;;;;;;;;;;;;;;;;;;;;;;;;;;;;;;;;;;;;;;;;;;;;;;;X;;;;
52SP172411;52SP172-41-1;PNEUMATIC DE-ICER;;REPAIR;;;X;X;;;;;;;;;;;;;;;;;;;;;;;;;;;;;;;;;;;;;;X;;;;X;;;;;;;;;;;;;;;;;;;;;;;;;;;;;;;;;;;;;;;;;;;;;;;;;;;;X;;X;
52SP172412;52SP172-41-2;PNEUMATIC DE-ICER;;REPAIR;;;X;X;;;;;;;;;;;;;;;;;;;;;;;;;;;;;;;;;;;;;;X;;;;X;;;;;;;;;;;;;;;;;;;;;;;;;;;;;;;;;;;;;;;;;;;;;;;;;;;;X;;X;
5319CH1;5319CH1;NICKEL CADMIUM AIRCRAFT BATTERY;OVERHAUL;;;;X;X;X;X;X;;;;;;;;;;;;;;;;;;;;;;;X;;;X;;;;;;;;;;;;;;;;;;;;;;;;;;;;;;;;;;;;;;;;;;;;;;;;;;;;;;;;;;;;;;;;X;;;;
532A000002;532A0000-02;LIMITER, TORQUE;OVERHAUL;;;;X;X;X;X;X;;;;;;;;;;;;;X;X;X;;;;;;;;;;;;;;;;;;;;;;;;;;;;;;;;;;;;;;;;;;;;;;;;;;;;;;;;;;;;;;;;;;;;;;;;;;;X;;;;
532A000003;532A0000-03;LIMITER, TORQUE;OVERHAUL;;;;X;X;X;X;X;;;;;;;;;;;;;X;X;X;;;;;;;;;;;;;;;;;;;;;;;;;;;;;;;;;;;;;;;;;;;;;;;;;;;;;;;;;;;;;;;;;;;;;;;;;;;X;;;;
532A000004;532A0000-04;LIMITER, TORQUE;OVERHAUL;;;;X;X;X;X;X;;;;;;;;;;;;;X;X;X;;;;;;;;;;;;;;;;;;;;;;;;;;;;;;;;;;;;;;;;;;;;;;;;;;;;;;;;;;;;;;;;;;;;;;;;;;;X;;;;
532B000001;532B0000-01;LIMITER, TORQUE;OVERHAUL;;;;X;X;X;X;X;;;;;;;;;;;;;X;X;X;;;;;;;;;;;;;;;;;;;;;;;;;;;;;;;;;;;;;;;;;;;;;;;;;;;;;;;;;;;;;;;;;;;;;;;;;;;X;;;;
5332D1007;5332D100-7;MOTOR;;OVERHAUL;;;X;X;;X;;;;;;;;;;;;;;;;;;;;;;;;;;;;;;;;;;;;;;;;;;;;;;;;;;;;;;;;;;;;;;;;;X;;;;;;;;;;;;;X;;;;;;;;;;;;;;X;;;
53462108;5346-210-8;TEMPERATURE CARGO COMPARTMENT INDICATOR;REPAIR;;;;X;X;X;X;X;;;;;;;;;;;;;X;X;X;X;;;;;;;;;;;;;;;;;;;;;;;;;;;;;;;;;;;;;;;;;;;;;;;;;;;;;;;;;;;;;;;;;;;;;;;;;;X;;;;
536113;5361-1-3;PANEL;;REPAIR;;;X;X;;X;;;;;;;;;;;;;;;;;;;;;;;;;;;;;;;;;;;;;;;;;;;;;;;;;;;;;;;;;;;;;;;;;X;;;;X;;;;;;;;;X;;;;;;;;;;;;;;X;;;
536115;5361-1-5;PANEL;;REPAIR;;;X;X;;X;;;;;;;;;;;;;;;;;;;;;;;;;;;;;;;;;;;;;;;;;;;;;;;;;;;;;;;;;;;;;;;;;X;;;;X;;;;;;;;;X;;;;;;;;;;;;;;X;;;
539CH1;539CH-1;NICKEL CADMIUM AIRCRAFT BATTERY;OVERHAUL;;;;X;X;X;X;X;;;;;;;;;;;;;;;;;;;;;;;X;;;X;;;;;;;;;;;;;;;;;;;;;;;;;;;;;;;;;;;;;;;;;;;;;;;;;;;;;;;;;;;;;;;;X;;;;
53C2205A0460006;53C2205A0460006;3 MASQUE OXYGENE;REPAIR;;;;X;X;X;X;X;;;;;;;;;;;;;X;;;;;;;;X;X;;;;;;;;;;;;;;;;;;;;;;;;;;;;;;;;;;;;;;;;;;;;;;;;;;;;;;;;;;;;;;;;;;;;X;;;;
53C2205F0460006;53C2205F0460006;CHEMICAL OXYGEN CONTAINER ASSY;REPAIR;;;;X;X;X;X;X;;;;;;;;;;;;;X;;;;;;;;X;X;;;;;;;;;;;;;;;;;;;;;;;;;;;;;;;;;;;;;;;;;;;;;;;;;;;;;;;;;;;;;;;;;;;;X;;;;
54015842;540158-4-2;ACTUATOR  ;;REPAIR;;;X;;;;;;;;;;;;;;;;;;;;;;;;;;;;;;;;;;;;;;;;;;;;;;;;;;;;;;;;;;;;;;;;;;;;;;;;;;;;;;;;;X;;;X;;;;;;;;;;;X;;;
54067818;5-40678-18;UNIVERSAL NOZZLE ASSY ;;OVERHAUL;;;X;;;;;;;;;X;;;;;;;;;;;;;;;;;;;;;;;;;;;;;;;;;;;;;;;;;;;;;;;;;;;;;;;;;;;;;;;;;X;X;;;;;;;;;;;;;;;;;;;;X;;;
54067819A;5-40678-19A;UNIVERSAL NOZZLE ASSY ;;OVERHAUL;;;X;;;;;;;;;X;;;;;;;;;;;;;;;;;;;;;;;;;;;;;;;;;;;;;;;;;;;;;;;;;;;;;;;;;;;;;;;;;X;X;;;;;;;;;;;;;;;;;;;;X;;;
54274048010;5427-404-80-10;TEMPERATURE INDICATOR;;REPAIR;;;X;X;;X;;;;;;;;;;;;;;;;;;;;;;;;;;;;;;;;;;;;X;X;;;;;;;;;;;;;;;;;;;;;;;;;;;;;;;;;;;;;;;;;;;;;;;;;;;;;;;X;;;
549602;5496-02;NET;;REPAIR;;;X;X;;X;;;;;;;;;;;;;;;;;;;;;;;;;;;;;;;;;;;;X;X;;;;;;;;;;;;;;;;;;;;;;;;;;;;;;;;;;;;;;;;;;;;;;;;;;;;;;;X;;;
54962;54962;POST/NET;;REPAIR;;;X;X;;X;;;;;;;;;;;;;;;;;;;;;;;;;;;;;;;;;;;;X;X;;;;;;;;;;;;;;;;;;;;;;;;;;;;;;;;;;;;;;;;;;;;;;;;;;;;;;;X;;;
54C2205A0460006;54C2205A0460006;4 MASQUE OXYGENE;REPAIR;;;;X;X;X;X;X;;;;;;;;;;;;;X;;;;;;;;X;X;;;;;;;;;;;;;;;;;;;;;;;;;;;;;;;;;;;;;;;;;;;;;;;;;;;;;;;;;;;;;;;;;;;;X;;;;
5500A1AB23A;5500-A1A-B23A;PORTABLE OXYGEN BOTTLE;;OVERHAUL;;;X;X;;;;;;;;;;;;;;;;;;;;;;;;;;;;;;;;;;;;;;;;;;;;;;;;;;;;;;;;;;;;;;;;;;;;;;;;;;;;;;;;X;;;;;;;;;;;;;;X;;;
5500A1ABB23A;5500-A1A-BB23A;PORTABLE OXYGEN BOTTLE;;OVERHAUL;;;X;X;;;;;;;;;;;;;;;;;;;;;;;;;;;;;;;;;;;;;;;;;;;;;;;;;;;;;;;;;;;;;;;;;;;;;;;;;;;;;;;;X;;;;;;;;X;X;;;;;X;;;
5500A1ABF20B;5500-A1A-BF20B;PORTABLE OXYGEN BOTTLE;;OVERHAUL;;;X;X;;;;;;;;;;;;;;;;;;;;;;;;;;;;;;;;;;;;;;;;;;;;;;;;;;;;;;;;;;;;;;;;;;;;;;;;;;;;;;;;X;;;;;;;;X;X;;;;;X;;;
5500A1ABF23A;5500-A1A-BF23A;PORTABLE OXYGEN BOTTLE;;OVERHAUL;;;X;X;;;;;;;;;;;;;;;;;;;;;;;;;;;;;;;;;;;;;;;;;;;;;;;;;;;;;;;;;;;;;;;;;;;;;;;;;;;;;;;;X;;;;;;;;X;X;;;;;X;;;
5500A1ABF23B;5500-A1A-BF23B;PORTABLE OXYGEN BOTTLE;;OVERHAUL;;;X;X;;;;;;;;;;;;;;;;;;;;;;;;;;;;;;;;;;;;;;;;;;;;;;;;;;;;;;;;;;;;;;;;;;;;;;;;;;;;;;;;X;;;;;;;;;;;;;;X;;;
5500A1XBF20B;5500-A1X-BF20B;PORTABLE OXYGEN BOTTLE;;OVERHAUL;;;X;X;;;;;;;;;;;;;;;;;;;;;;;;;;;;;;;;;;;;;;;;;;;;;;;;;;;;;;;;;;;;;;;;;;;;;;;;;;;;;;;;X;;;;;;;;;;;;;;X;;;
5500A6ABG20B;5500-A6A-BG20B;PORTABLE OXYGEN BOTTLE;;OVERHAUL;;;X;X;;;;;;;;;;;;;;;;;;;;;;;;;;;;;;;;;;;;;;;;;;;;;;;;;;;;;;;;;;;;;;;;;;;;;;;;;;;;;;;;X;;;;;;;;;;;;;;X;;;
5500AIABB14A;5500-AIA-BB14A;PORTABLE OXYGEN BOTTLE;;OVERHAUL;;;X;X;;;;;;;;;;;;;;;;;;;;;;;;;;;;;;;;;;;;;;;;;;;;;;;;;;;;;;;;;;;;;;;;;;;;;;;;;;;;;;;;X;;;;;;;;;;;;;;X;;;
5500B1ABF23A;5500-B1A-BF23A;PORTABLE OXYGEN BOTTLE;;OVERHAUL;;;X;X;;;;;;;;;;;;;;;;;;;;;;;;;;;;;;;;;;;;;;;;;;;;;;;;;;;;;;;;;;;;;;;;;;;;;;;;;;;;;;;;X;;;;;;;;X;X;;;;;X;;;
5500B1UBF23A;5500-B1U-BF23A;PORTABLE OXYGEN BOTTLE;;OVERHAUL;;;X;X;;;;;;;;;;;;;;;;;;;;;;;;;;;;;;;;;;;;;;;;;;;;;;;;;;;;;;;;;;;;;;;;;;;;;;;;;;;;;;;;X;;;;;;;;;;;;;;X;;;
5500B6CBF25A;5500-B6C-BF25A;PORTABLE OXYGEN BOTTLE;;OVERHAUL;;;X;X;;X;;;;;;;;;;;;;;;;;;;;;;;;;;;;;;;;;;;;;;;;;;;;;;;;;;;;;;;;;;;;;;;;;;;;;;;;;;;;;;X;;;;;;;;X;;;X;;;X;;;
5500B6WFF23AP;5500-B6W-FF23AP;PORTABLE OXYGEN BOTTLE;;OVERHAUL;;;X;X;;;;;;;;;;;;;;;;;;;;;;;;;;;;;;;;;;;;;;;;;;;;;;;;;;;;;;;;;;;;;;;;;;;;;;;;;;;;;;;;X;;;;;;;;;;;;;;X;;;
5500B9AYY0N;5500-B9A-YY0N;PORTABLE OXYGEN BOTTLE;;OVERHAUL;;;X;X;;;;;;;;;;;;;;;;;;;;;;;;;;;;;;;;;;;;;;;;;;;;;;;;;;;;;;;;;;;;;;;;;;;;;;;;;;;;;;;;X;;;;;;;;;;;;;;X;;;
5500C1ABB20A;5500-C1A-BB20A;PORTABLE OXYGEN BOTTLE;;OVERHAUL;;;X;X;;;;;;;;;;;;;;;;;;;;;;;;;;;;;;;;;;;;;;;;;;;;;;;;;;;;;;;;;;;;;;;;;;;;;;;;;;;;;;;;X;;;;;;;;;;;;;;X;;;
5500C1ABB2A;5500-C1A-BB2A;PORTABLE OXYGEN BOTTLE;;OVERHAUL;;;X;X;;;;;;;;;;;;;;;;;;;;;;;;;;;;;;;;;;;;;;;;;;;;;;;;;;;;;;;;;;;;;;;;;;;;;;;;;;;;;;;;X;;;;;;;;;;;;;;X;;;
5500C1ABF20A;5500-C1A-BF20A;PORTABLE OXYGEN BOTTLE;;OVERHAUL;;;X;X;;;;;;;;;;;;;;;;;;;;;;;;;;;;;;;;;;;;;;;;;;;;;;;;;;;;;;;;;;;;;;;;;;;;;;;;;;;;;;;;X;;;;;;;;;;;;;;X;;;
5500C1ABF20B;5500-C1A-BF20B;PORTABLE OXYGEN BOTTLE;;OVERHAUL;;;X;X;;;;;;;;;;;;;;;;;;;;;;;;;;;;;;;;;;;;;;;;;;;;;;;;;;;;;;;;;;;;;;;;;;;;;;;;;;;;;;;;X;;;;;;;;;;;;;;X;;;
5500C1ABF23A;5500-C1A-BF23A;PORTABLE OXYGEN BOTTLE;;OVERHAUL;;;X;X;;;;;;;;;;;;;;;;;;;;;;;;;;;;;;;;;;;;;;;;;;;;;;;;;;;;;;;;;;;;;;;;;;;;;;;;;;;;;;;;X;;;;;;;;;;;;;;X;;;
5500C1ABF23B;5500-C1A-BF23B;PORTABLE OXYGEN BOTTLE;;OVERHAUL;;;X;X;;;;;;;;;;;;;;;;;;;;;;;;;;;;;;;;;;;;;;;;;;;;;;;;;;;;;;;;;;;;;;;;;;;;;;;;;;;;;;;;X;;;;;;;;;;;;;;X;;;
5500C1ABG20A;5500-C1A-BG20A;PORTABLE OXYGEN BOTTLE;;OVERHAUL;;;X;X;;;;;;;;;;;;;;;;;;;;;;;;;;;;;;;;;;;;;;;;;;;;;;;;;;;;;;;;;;;;;;;;;;;;;;;;;;;;;;;;X;;;;;;;;;;;;;;X;;;
5500C1AE20BN;5500-C1A-E20BN;PORTABLE OXYGEN BOTTLE;;OVERHAUL;;;X;X;;;;;;;;;;;;;;;;;;;;;;;;;;;;;;;;;;;;;;;;;;;;;;;;;;;;;;;;;;;;;;;;;;;;;;;;;;;;;;;;X;;;;;;;;;;;;;;X;;;
5500C1AEG23A;5500-C1A-EG23A;PORTABLE OXYGEN BOTTLE;;OVERHAUL;;;X;X;;;;;;;;;;;;;;;;;;;;;;;;;;;;;;;;;;;;;;;;;;;;X;;X;;;;;;;;;;;;;;;;;;;;;;;;;;;;;;;;;;X;;;;;;;;;;;;;;X;;;
5500C1AY0EE;5500-C1A-Y0EE;PORTABLE OXYGEN BOTTLE;;OVERHAUL;;;X;X;;;;;;;;;;;;;;;;;;;;;;;;;;;;;;;;;;;;;;;;;;;;;;;;;;;;;;;;;;;;;;;;;;;;;;;;;;;;;;;;X;;;;;;;;;;;;;;X;;;
5500C1AYY0N;5500-C1A-YY0N;PORTABLE OXYGEN BOTTLE;;OVERHAUL;;;X;X;;;;;;;;;;;;;;;;;;;;;;;;;;;;;;;;;;;;;;;;;;;;;;;;;;;;;;;;;;;;;;;;;;;;;;;;;;;;;;;;X;;;;;;;;X;X;;;;;X;;;
5500C6AE20BN;5500-C6A-E20BN;PORTABLE OXYGEN BOTTLE;;OVERHAUL;;;X;X;;;;;;;;;;;;;;;;;;;;;;;;;;;;;;;;;;;;;;;;;;;;;;;;;;;;;;;;;;;;;;;;;;;;;;;;;;;;;;;;X;;;;;;;;X;X;;;;;X;;;
5500C6AE23BN;5500-C6A-E23BN;PORTABLE OXYGEN BOTTLE;;OVERHAUL;;;X;X;;;;;;;;;;;;;;;;;;;;;;;;;;;;;;;;;;;;;;;;;;;;X;;;;;;;;;;;;;;;;;;;;;;;;;;;;;;;;;;;;X;;;;;;;;;;;;;;X;;;
5500C6AF23AP;5500-C6A-F23AP;PORTABLE OXYGEN BOTTLE;;OVERHAUL;;;X;X;;;;;;;;;;;;;;;;;;;;;;;;;;;;;;;;;;;;;;;;;;;;X;;X;;;;;;;;;;;;;;;;;;;;;;;;;;;;;;;;;;X;;;;;;;;;;;;;;X;;;
5500C6UF23AP;5500-C6U-F23AP;PORTABLE OXYGEN BOTTLE;;OVERHAUL;;;X;X;;;;;;;;;;;;;;;;;;;;;;;;;;;;;;;;;;;;;;;;;;;;;;;;;;;;;;;;;;;;;;;;;;;;;;;;;;;;;;;;X;;;;;;;;X;X;;;;;X;;;
5500J1ABBF23B;5500-J1A-BBF23B;PORTABLE OXYGEN BOTTLE;;OVERHAUL;;;X;X;;;;;;;;;;;;;;;;;;;;;;;;;;;;;;;;;;;;;;;;;;;;;;;;;;;;;;;;;;;;;;;;;;;;;;;;;;;;;;;;X;;;;;;;;X;X;;;;;X;;;
5500J1ABBX20B;5500-J1A-BBX20B;PORTABLE OXYGEN BOTTLE;;OVERHAUL;;;X;X;;;;;;;;;;;;;;;;;;;;;;;;;;;;;;;;;;;;;;;;;;;;;;;;;;;;;;;;;;;;;;;;;;;;;;;;;;;;;;;;X;;;;;;;;X;X;;;;;X;;;
5500J1ABFX20B;5500-J1A-BFX20B;PORTABLE OXYGEN BOTTLE;;OVERHAUL;;;X;X;;;;;;;;;;;;;;;;;;;;;;;;;;;;;;;;;;;;;;;;;;;;;;;;;;;;;;;;;;;;;;;;;;;;;;;;;;;;;;;;X;;;;;;;;;;;;;;X;;;
5500L1AFF23AP;5500-L1A-FF23AP;PORTABLE OXYGEN BOTTLE;;OVERHAUL;;;X;X;;;;;;;;;;;;;;;;;;;;;;;;;;;;;;;;;;;;;;;;;;;;;;;;;;;;;;;;;;;;;;;;;;;;;;;;;;;;;;;;X;;;;;;;;;;;;;;X;;;
5500L6AFF23AP;5500-L6A-FF23AP;PORTABLE OXYGEN BOTTLE;;OVERHAUL;;;X;X;;;;;;;;;;;;;;;;;;;;;;;;;;;;;;;;;;;;;;;;;;;;;;;;;;;;;;;;;;;;;;;;;;;;;;;;;;;;;;;;X;;;;;;;;;;;;;;X;;;
5500M6WFF23AP;5500-M6W-FF23AP;PORTABLE OXYGEN BOTTLE;;OVERHAUL;;;X;X;;;;;;;;;;;;;;;;;;;;;;;;;;;;;;;;;;;;;;;;;;;;X;;;X;;;;;;;;;;;;;;;;;;;;;;;;;;;;;;;;;X;;;;;;;;;;;;;;X;;;
550501122;55050-1122;ALTIMETER;;OVERHAUL;;;X;X;;X;;;;;;X;;;;;;;;;;;;;;;;;;;;;;;;;;;;;;;;;;;;X;;;X;;;;;;;;;;;;;;;;;;;;;;;;;;;;;;;;;X;;;;;;;;;;;;;;X;;;
5506LS;5506L-S;ALTITUDE ALERTER;;REPAIR;;;X;X;;;;;;;;;;;;;;;;;;;;;;;;;;;;;;;;;;;;;;;;;;;;;;;;;;;;;;;;;;;;;;;;;;;;;;;;;;;;;;;;;;;;;;;;;;;;;;X;;;
5506LS2;5506L-S2;ALTITUDE ALERTER;;REPAIR;;;X;X;;;;;;;;;;;;;;;;;;;;;;;;;;;;;;;;;;;;;;;;;;;;;;;;;;;;;;;;;;;;;;;;;;;;;;;;;;;;;;;;;;;;;;;;;;;;;;X;;;
5506LS5;5506L-S5;ALTITUDE ALERTER;;REPAIR;;;X;X;;;;;;;;;;;;;;;;;;;;;;;;;;;;;;;;;;;;;;;;;;;;;;;;;;;;;;;;;;;;;;;;;;;;;;;;;;;;;;;;;;;;;;;;;;;;;;X;;;
5506LS52;5506L-S52;ALTITUDE ALERTER;;REPAIR;;;X;X;;;;;;;;;;;;;;;;;;;;;;;;;;;;;;;;;;;;;;;;;;;;;;;;;;;;;;;;;;;;;;;;;;;;;;;;;;;;;;;;;;;;;;;;;;;;;;X;;;
5506LSG;5506L-SG;ALTITUDE ALERTER;;REPAIR;;;X;X;;;;;;;;;;;;;;;;;;;;;;;;;;;;;;;;;;;;;;;;;;;;;;;;;;;;;;;;;;;;;;;;;;;;;;;;;;;;;;;;;;;;;;;;;;;;;;X;;;
5506LSG2;5506L-SG2;ALTITUDE ALERTER;;REPAIR;;;X;X;;;;;;;;;;;;;;;;;;;;;;;;;;;;;;;;;;;;;;;;;;;;;;;;;;;;;;;;;;;;;;;;;;;;;;;;;;;;;;;;;;;;;;;;;;;;;;X;;;
5506LSG5;5506L-SG5;ALTITUDE ALERTER;;REPAIR;;;X;X;;;;;;;;;;;;;;;;;;;;;;;;;;;;;;;;;;;;;;;;;;;;;;;;;;;;;;;;;;;;;;;;;;;;;;;;;;;;;;;;;;;;;;;;;;;;;;X;;;
5506LSG52;5506L-SG52;ALTITUDE ALERTER;;REPAIR;;;X;X;;;;;;;;;;;;;;;;;;;;;;;;;;;;;;;;;;;;;;;;;;;;;;;;;;;;;;;;;;;;;;;;;;;;;;;;;;X;;;;;;;;;;;;;;;;;;;;X;;;
5506S;5506-S;ENCODING ALTIMETER;;REPAIR;;;X;X;;X;;;;;;X;;;;;;;;;;;;;;;;;;;;;;;;;;;;;;;;;;;;;;;;;;;;;;;;;;;;;;;;;;;;;;;;;;;;;;;;X;;;;;;;;;;;;;;X;;;
5506S3;5506-S3;ENCODING ALTIMETER;;REPAIR;;;X;X;;X;;;;;;X;;;;;;;;;;;;;;;;;;;;;;;;;;;;;;;;;;;;;;;;;;;;;;;;;;;;;;;;;;;;;;;;;;;;;;;;X;;;;;;;;;;;;;;X;;;
5506S34;5506-S3-4;ENCODING ALTIMETER;;REPAIR;;;X;X;;X;;;;;;X;;;;;;;;;;;;;;;;;;;;;;;;;;;;;;;;;;;;;;;;;;;;;;;;;;;;;;;;;;;;;;;;;;;;;;;;X;;;;;;;;;;;;;;X;;;
5506S4;5506-S-4;ENCODING ALTIMETER;;REPAIR;;;X;X;;X;;;;;;X;;;;;;;;;;;;;;;;;;;;;;;;;;;;;;;;;;;;;;;;;;;;;;;;;;;;;;;;;;;;;;;;;;;;;;;;X;;;;;;;;;;;;;;X;;;
5506S5;5506-S5;ENCODING ALTIMETER;;REPAIR;;;X;X;;X;;;;;;X;;;;;;;;;;;;;;;;;;;;;;;;;;;;;;;;;;;;;;;;;;;;;;;;;;;;;;;;;;;;;;;;;;;;;;;;X;;;;;;;;;;;;;;X;;;
5506S53;5506-S53;ENCODING ALTIMETER;;REPAIR;;;X;X;;X;;;;;;X;;;;;;;;;;;;;;;;;;;;;;;;;;;;;;;;;;;;;;;;;;;;;;;;;;;;;;;;;;;;;;;;;;;;;;;;X;;;;;;;;;;;;;;X;;;
5506S534;5506-S53-4;ENCODING ALTIMETER;;REPAIR;;;X;X;;X;;;;;;X;;;;;;;;;;;;;;;;;;;;;;;;;;;;;;;;;;;;;;;;;;;;;;;;;;;;;;;;;;;;;;;;;;;;;;;;X;;;;;;;;;;;;;;X;;;
5506S54;5506-S5-4;ENCODING ALTIMETER;;REPAIR;;;X;X;;X;;;;;;X;;;;;;;;;;;;;;;;;;;;;;;;;;;;;;;;;;;;;;;;;;;;;;;;;;;;;;;;;;;;;;;;;;;;;;;;X;;;;;;;;;;;;;;X;;;
5506SG;5506-SG;ENCODING ALTIMETER;;REPAIR;;;X;X;;X;;;;;;X;;;;;;;;;;;;;;;;;;;;;;;;;;;;;;;;;;;;;;;;;;;;;;;;;;;;;;;;;;;;;;;;;;;;;;;;X;;;;;;;;;;;;;;X;;;
5506SG3;5506-SG3;ENCODING ALTIMETER;;REPAIR;;;X;X;;X;;;;;;X;;;;;;;;;;;;;;;;;;;;;;;;;;;;;;;;;;;;;;;;;;;;;;;;;;;;;;;;;;;;;;;;;;;;;;;;X;;;;;;;;;;;;;;X;;;
5506SG34;5506-SG3-4;ENCODING ALTIMETER;;REPAIR;;;X;X;;X;;;;;;X;;;;;;;;;;;;;;;;;;;;;;;;;;;;;;;;;;;;;;;;;;;;;;;;;;;;;;;;;;;;;;;;;;;;;;;;X;;;;;;;;;;;;;;X;;;
5506SG4;5506-SG-4;ENCODING ALTIMETER;;REPAIR;;;X;X;;X;;;;;;X;;;;;;;;;;;;;;;;;;;;;;;;;;;;;;;;;;;;;;;;;;;;;;;;;;;;;;;;;;;;;;;;;;;;;;;;X;;;;;;;;;;;;;;X;;;
5506SG5;5506-SG5;ENCODING ALTIMETER;;REPAIR;;;X;X;;X;;;;;;X;;;;;;;;;;;;;;;;;;;;;;;;;;;;;;;;;;;;;;;;;;;;;;;;;;;;;;;;;;;;;;;;;;;;;;;;X;;;;;;;;;;;;;;X;;;
5506SG53;5506-SG53;ENCODING ALTIMETER;;REPAIR;;;X;X;;X;;;;;;X;;;;;;;;;;;;;;;;;;;;;;;;;;;;;;;;;;;;;;;;;;;;;;;;;;;;;;;;;;;;;;;;;X;X;;;;;;;;;;;;;;;;;;;;X;;;
5506SG534;5506-SG53-4;ENCODING ALTIMETER;;REPAIR;;;X;X;;X;;;;;;X;;;;;;;;;;;;;;;;;;;;;;;;;;;;;;;;;;;;;;;;;;;;;;;;;;;;;;;;;;;;;;;;;;;;;;;;X;;;;;;;;;;;;;;X;;;
5506SG54;5506-SG5-4;ENCODING ALTIMETER;;REPAIR;;;X;X;;X;;;;;;X;;;;;;;;;;;;;;;;;;;;;;;;;;;;;;;;;;;;;;;;;;;;;;;;;;;;;;;;;;;;;;;;;;;;;;;;X;;;;;;;;;;;;;;X;;;
55076;55076;VARIABLE DELIVERY HYDRAULIC PUMP;OVERHAUL;;;;X;X;X;X;X;;;;;;;;;;;;;;;;;;;;;;;X;;;;;;;;;;;;;;;;;;;;;;;;;;;;;;;;;;;;;;;;;;;;;;;;;;;;;;;;;;;;;;;;;;;X;;;;
5507602;55076-02;VARIABLE DELIVERY HYDRAULIC PUMP;OVERHAUL;;;;X;X;X;X;X;;;;;;;;;;;;;;;;;;;;;;;X;;;;;;;;;;;;;;;;;;;;;;;;;;;;;;;;;;;;;;;;;;;;;;;;;;;;;;;;;;;;;;;;;;;X;;;;
5507603;55076-03;VARIABLE DELIVERY HYDRAULIC PUMP;OVERHAUL;;;;X;X;X;X;X;;;;;;;;;;;;;;;;;;;;;;;X;;;;;;;;;;;;;;;;;;;;;;;;;;;;;;;;;;;;;;;;;;;;;;;;;;;;;;;;;;;;;;;;;;;X;;;;
55098;55098;VARIABLE DELIVERY HYDRAULIC PUMP;OVERHAUL;;;;X;X;X;X;X;;;;;;;;;;;;;;;;;;;;;;;X;;;;;;;;;;;;;;;;;;;;;;;;;;;;;;;;;;;;;;;;;;;;;;;;;;;;;;;;;;;;;;;;;;;X;;;;
5509801;55098-01;VARIABLE DELIVERY HYDRAULIC PUMP;OVERHAUL;;;;X;X;X;X;X;;;;;;;;;;;;;;;;;;;;;;;X;;;;;;;;;;;;;;;;;;;;;;;;;;;;;;;;;;;;;;;;;;;;;;;;;;;;;;;;;;;;;;;;;;;X;;;;
5509804;55098-04;VARIABLE DELIVERY HYDRAULIC PUMP;OVERHAUL;;;;X;X;X;X;X;;;;;;;;;;;;;;;;;;;;;;;X;;;;;;;;;;;;;;;;;;;;;;;;;;;;;;;;;;;;;;;;;;;;;;;;;;;;;;;;;;;;;;;;;;;X;;;;
5509805;55098-05;VARIABLE DELIVERY HYDRAULIC PUMP;OVERHAUL;;;;X;X;X;X;X;;;;;;;;;;;;;;;;;;;;;;;X;;;;;;;;;;;;;;;;;;;;;;;;;;;;;;;;;;;;;;;;;;;;;;;;;;;;;;;;;;;;;;;;;;;X;;;;
5509806;55098-06;VARIABLE DELIVERY HYDRAULIC PUMP;OVERHAUL;;;;X;X;X;X;X;;;;;;;;;;;;;;;;;;;;;;;X;;;;;;;;;;;;;;;;;;;;;;;;;;;;;;;;;;;;;;;;;;;;;;;;;;;;;;;;;;;;;;;;;;;X;;;;
5509807;55098-07;VARIABLE DELIVERY HYDRAULIC PUMP;OVERHAUL;;;;X;X;X;X;X;;;;;;;;;;;;;;;;;;;;;;;X;;;;;;;;;;;;;;;;;;;;;;;;;;;;;;;;;;;;;;;;;;;;;;;;;;;;;;;;;;;;;;;;;;;X;;;;
5509808;55098-08;VARIABLE DELIVERY HYDRAULIC PUMP;OVERHAUL;;;;X;X;X;X;X;;;;;;;;;;;;;;;;;;;;;;;X;;;;;;;;;;;;;;;;;;;;;;;;;;;;;;;;;;;;;;;;;;;;;;;;;;;;;;;;;;;;;;;;;;;X;;;;
551A020001;551A0200-01;JOINT ASSY, UNIVERSAL;OVERHAUL;;;;X;X;X;X;X;;;;;;;;;;;;;X;;;;;;;;;;;;;;;;;;;;;;;;;;;;;;;;;;;;;;;;;;;;;;;;;;;;;;;;;;;;;;;;;;;;;;;;;;;;;X;;;;
551A460001;551A4600-01;SHAFT ASSY;REPAIR;;;;X;X;X;X;X;;;;;;;;;;;;;X;;;;;;;;;;;;;;;;;;;;;;;;;;;;;;;;;;;;;;;;;;;;;;;;;;;;;;;;;;;;;;;;;;;;;;;;;;;;;X;;;;
551C020001;551C0200-01;JOINT ASSY, UNIVERSAL;OVERHAUL;;;;X;X;X;X;X;;;;;;;;;;;;;X;;;;;;;;;;;;;;;;;;;;;;;;;;;;;;;;;;;;;;;;;;;;;;;;;;;;;;;;;;;;;;;;;;;;;;;;;;;;;X;;;;
556403;55640-3;PRESSURE DIFFERENTIAL;;INSPECTED;;;X;;;;;;;;;;;;;;;;;;;;;;;;;;;X;;;X;;;;;;;;;;;;;;;;;;;;;;;;;;;;;;;;;;;;;;;;;;;;;;;;;;;;;;;;;;;;;;;;;X;;;
559012A;559-012A;STATIC INVERTER;;REPAIR;;;X;X;X;X;X;;;;;;;;;;;;;;;;;;;;;;;;;;;;;;;;;;;X;X;X;X;X;;;;;;;;;;;;;;;;;;;;;;;;;;;;;;;;;;;;;;;;;;;;;;;;;;;;X;;;
559012B;559-012B;STATIC INVERTER;;REPAIR;;;X;X;X;X;X;;;;;;;;;;;;;;;;;;;;;;;;;;;;;;;;;;;X;X;X;X;X;;;;;;;;;;;;;;;;;;;;;;;;;;;;;;;;;;;;;;;;;;;;;;;;;;;;X;;;
559012C;559-012C;STATIC INVERTER;;REPAIR;;;X;X;X;X;X;;;;;;;;;;;;;;;;;;;;;;;;;;;;;;;;;;;X;X;X;X;X;;;;;;;;;;;;;;;;;;;;;;;;;;;;;;;;;;;;;;;;;;;;;;;;;;;;X;;;
559012D;559-012D;STATIC INVERTER;;REPAIR;;;X;X;X;X;X;;;;;;;;;;;;;;;;;;;;;;;;;;;;;;;;;;;X;X;X;X;X;;;;;;;;;;;;;;;;;;;;;;;;;;;;;;;;;;;;;;;;;;;;;;;;;;;;X;;;
56001C1AF20B;5600-1C1A-F20B;PORTABLE OXYGEN BOTTLE;;OVERHAUL;;;X;X;;;;;;;;;;;;;;;;;;;;;;;;;;;;;;;;;;;;;;;;;;;;;;;;;;;;;;;;;;;;;;;;;;;;;;;;;;;;;;;;X;;;;;;;;;;;;;;X;;;
56001C1BE20B;5600-1C1B-E20B;PORTABLE OXYGEN BOTTLE;;OVERHAUL;;;X;X;;;;;;;;;;;;;;;;;;;;;;;;;;;;;;;;;;;;;;;;;;;;;;;;;;;;;;;;;;;;;;;;;;;;;;;;;;;;;;;;X;;;;;;;;;;;;;;X;;;
56002C1AE20A;5600-2C1A-E20A;PORTABLE OXYGEN BOTTLE;;OVERHAUL;;;X;X;;;;;;;;;;;;;;;;;;;;;;;;;;;;;;;;;;;;;;;;;;;;;;;;;;;;;;;;;;;;;;;;;;;;;;;;;;;;;;;;X;;;;;;;;;;;;;;X;;;
56002C1AE23A;5600-2C1A-E23A;PORTABLE OXYGEN BOTTLE;;OVERHAUL;;;X;X;;;;;;;;;;;;;;;;;;;;;;;;;;;;;;;;;;;;;;;;;;;;;;;;;;;;;;;;;;;;;;;;;;;;;;;;;;;;;;;;X;;;;;;;;;;;;;;X;;;
56002C1AF23A;5600-2C1A-F23A;PORTABLE OXYGEN BOTTLE;;OVERHAUL;;;X;X;;;;;;;;;;;;;;;;;;;;;;;;;;;;;;;;;;;;;;;;;;;;;;;;;;;;;;;;;;;;;;;;;;;;;;;;;;;;;;;;X;;;;;;;;;;;;;;X;;;
56002C1BX0K;5600-2C1B-X0K;PORTABLE OXYGEN BOTTLE;;OVERHAUL;;;X;X;;;;;;;;;;;;;;;;;;;;;;;;;;;;;;;;;;;;;;;;;;;;;;;;;;;;;;;;;;;;;;;;;;;;;;;;;;;;;;;;X;;;;;;;;;;;;;;X;;;
56002C9AC20A;5600-2C9A-C20A;PORTABLE OXYGEN BOTTLE;;OVERHAUL;;;X;X;;;;;;;;;;;;;;;;;;;;;;;;;;;;;;;;;;;;;;;;;;;;;;;;;;;;;;;;;;;;;;;;;;;;;;;;;;;;;;;;X;;;;;;;;;;;;;;X;;;
56002CIAF23A;5600-2CIA-F23A;PORTABLE OXYGEN BOTTLE;;OVERHAUL;;;X;X;;;;;;;;;;;;;;;;;;;;;;;;;;;;;;;;;;;;;;;;;;;;;;;;;;;;;;;;;;;;;;;;;;;;;;;;;;;;;;;;X;;;;;;;;;;;;;;X;;;
56008D1AY0N;5600-8D1A-Y0N;PORTABLE OXYGEN BOTTLE;;OVERHAUL;;;X; ;; ;;;;;;;;;;;;;;;;;;;;;;;;;;;;;;;;;;;;;;;;;;;;;;;;;;;;;;;;;;;;;;;;;;;;;;;;;;;;;;X;;;;;;X;; ; ;;;;;X;;;
56173529111;5617-352-91-11;DUAL ENGINE OIL/PRESSU TEMPER INDICATOR;REPAIR;;;;X;X;X;X;X;;;;;;X;;;;;X;;;;;;;;;;;;;;;;;;;;;;;;;;;;;;;;;;;;;;;;;;;;;;;;;;;;;;;;;;;;;;;;;;;;;;;;;;;;;;;X;;;;
56173529112;5617-352-91-12;DUAL ENGINE OIL/PRESSU TEMPER INDICATOR;REPAIR;;;;X;X;X;X;X;;;;;;X;;;;;X;;;;;;;;;;;;;;;;;;;;;;;;;;;;;;;;;;;;;;;;;;;;;;;;;;;;;;;;;;;;;;;;;;;;;;;;;;;;;;;X;;;;
56173539910;5617-353-99-10;DUAL ENGINE OIL/PRESSU TEMPER INDICATOR;REPAIR;;;;X;X;X;X;X;;;;;;X;;;;;;;;;;;;;;;;;;;;;;;;;;;;;;;;;;;;;;;;;;;;;;;;;;;;;;;;;;;;;;;;;;;;;;;;;;;;;;;;;;;;X;;;;
56173559111;5617-355-91-11;DUAL ENGINE OIL/PRESSU TEMPER INDICATOR;REPAIR;;;;X;X;X;X;X;;;;;;X;;;;;X;;;;;;;;;;;;;;;;;;;;;;;;;;;;;;;;;;;;;;;;;;;;;;;;;;;;;;;;;;;;;;;;;;;;;;;;;;;;;;;X;;;;
56173579110;5617-357-91-10;DUAL ENGINE OIL/PRESSU TEMPER INDICATOR;REPAIR;;;;X;X;X;X;X;;;;;;X;;;;;X;;;;;;;;;;;;;;;;;;;;;;;;;;;;;;;;;;;;;;;;;;;;;;;;;;;;;;;;;;;;;;;;;;;;;;;;;;;;;;;X;;;;
56173589110;5617-358-91-10;DUAL ENGINE OIL/PRESSU TEMPER INDICATOR;REPAIR;;;;X;X;X;X;X;;;;;;X;;;;;;;;;;;;;;;;;;;;;;;;;;;;;;;;;;;;;;;;;;;;;;;;;;;;;;;;;;;;;;;;;;;;;;;;;;;;;;;;;;;;X;;;;
56173598010;5617-359-80-10;DUAL ENGINE OIL/PRESSU TEMPER INDICATOR;REPAIR;;;;X;X;X;X;X;;;;;;X;;;;;X;;;;;;;;;;;;;;;;;;;;;;;;;;;;;;;;;;;;;;;;;;;;;;;;;;;;;;;;;;;;;;;;;;;;;;;;;;;;;;;X;;;;
5634982;5-63498-2;ACTUATOR ASSY MLG SIDE STRUT;OVERHAUL;;;;X;;;;;;;;;X;;;;;;;;;;;;;;;;;;X;;;;;;;;;;;X;;;;;;;;;;;;;;;;;;;;;;;;;;;;;;;;;;;;;;;;;;;;;;;;;;;;;;;;X;;;;
5634983;5-63498-3;ACTUATOR ASSY MLG SIDE STRUT;OVERHAUL;;;;X;;;;;;;;;X;;;;;;;;;;;;;;;;;;X;;;;;;;;;;;X;;;;;;;;;;;;;;;;;;;;;;;;;;;;;;;;;;;;;;;;;;;;;;;;;;;;;;;;X;;;;
564461;56446-1;HYDRAULIC RESTRICTOR FILTER;OVERHAUL;;;;X;;;;;;;;;X;;;;;;;;;;;;;;;;;;X;;;;;;;;;;;X;;;;;;;;;;;;;;;;;;;;;;;;;;;;;;;;;;;;;;;;;;;;;;;;;;;;;;;;X;;;;
565000278314;565-000278-314;PUSH BUTTON;;INSPECTION;;;X;;;;;;;;;;;;;;;;;;;;;;;;;;;;;;;;;;;;;;;;;;;;;;;;;;;;;;;;;;;;;;;;;;;;;;;;;;;;;;;;;;;;;;;;;X;X;;;;;X;;;
565000278328;565-000278-328;PUSH BUTTON;;INSPECTION;;;X;;;;;;;;;;;;;;;;;;;;;;;;;;;;;;;;;;;;;;;;;;;;;;;;;;;;;;;;;;;;;;;;;;;;;;;;;;;;;;;;;;;;;;;;;X;X;;;;;X;;;
565000278410;565-000278-410;PUSH BUTTON;;INSPECTION;;;X;;;;;;;;;;;;;;;;;;;;;;;;;;;;;;;;;;;;;;;;;;;;;;;;;;;;;;;;;;;;;;;;;;;;;;;;;;;;;;;;;;;;;;;;;X;X;;;;;X;;;
566170;566170;SWITCH;;BENCH TEST;;;X;;;;;;;;;;;;;;;;;;;;;;;;;;;;;;;;;;;;;;;;;;;;;;;;;;;;;;;;;;;;;;;;;;;;;;;;;;;;;;;;;X;;;X;;;;;;;;;;;X;;;
566920;5669-20;VALVE EXT. DISCHARGE;;REPAIR;;DNR;X;X;;X;;;;;;;;;;;;;;;;;;;;;;;;;;;;;;;;;;;;X;X;;;;;;;;;;;;;;;;;;;;;;;;;;;;;;;;;;;;;;;;;;;;;;;;;;;;;;;X;;;
56741468010;5674-146-80-10;BRAKE PRESSURE INDICATOR;REPAIR;;;;X;X;X;X;X;;;;;;;;;;;;;X;;;;;;;;;X;;;;;;;;;;;;;;;;;;;;;;;;;;;;;;;;;;;;;;;;;;;;;;;;;;;;;;;;;;;;;;;;;;;;X;;;;
56774068013;5677-406-80-13;DUAL OIL TEMPERATURE /PRESSURE INDICATOR;REPAIR;REPAIR;;;X;X;X;X;X;;;;;;;;;;;;;;;;;;;;;;;;;;;;;;;;;;;X;X;X;X;X;;;;;;;;;;;;;;;;;;;;;;;;;;;;;;;;;;;;;;;;;;;;;;;;;;;X;X;;;
56774068014;5677-406-80-14;OIL PRESS TEMP INDICATOR;;REPAIR;;;X;X;;X;X;;;;;;;;;;;;;;;;;;;;;;;;;;;;;;;;;;;X;X;;;;;;;;;;;;;;;;;;;;;;;;;;;;;;;;;;;;;;;;;;;;;;;;;;;;;;;X;;;
56774078014;5677-407-80-14;DUAL OIL TEMPERATURE /PRESSURE INDICATOR;REPAIR;;;;X;X;X;X;X;;;;;;;;;;;;;;;;;;;;;;;;;;;;;;;;;;;X;X;X;X;X;;;;;;;;;;;;;;;;;;;;;;;;;;;;;;;;;;;;;;;;;;;;;;;;;;;X;;;;
56774098010;5677-409-80-10;DUAL OIL TEMPERATURE /PRESSURE INDICATOR;REPAIR;REPAIR;;;X;X;X;X;X;;;;;;;;;;;;;;;;;;;;;;;;;;;;;;;;;;;X;X;X;X;X;;;;;;;;;;;;;;;;;;;;;;;;;;;;;;;;;;;;;;;;;;;;;;;;;;;X;X;;;
56774208010;5677-420-80-10;DUAL OIL TEMPERATURE /PRESSURE INDICATOR;REPAIR;REPAIR;;;X;X;X;X;X;;;;;;;;;;;;;;;;;;;;;;;;;;;;;;;;;;;X;X;X;X;X;;;;;;;;;;;;;;;;;;;;;;;;;;;;;;;;;;;;;;;;;;;;;;;;;;;X;X;;;
56774218010;5677-421-80-10;DUAL OIL TEMPERATURE /PRESSURE INDICATOR;REPAIR;REPAIR;;;X;X;X;X;X;;;;;;;;;;;;;;;;;;;;;;;;;;;;;;;;;;;X;X;X;X;X;;;;;;;;;;;;;;;;;;;;;;;;;;;;;;;;;;;;;;;;;;;;;;;;;;;X;X;;;
56777058010;5677-705-80-10;HP SPEED INDICATOR;;REPAIR;;;X;X;;X;;;;;;;;;;;;;;;;;;;;;;;;;;;;;;;;;;;;X;X;;;;;;;;;;;;;;;;;;;;;;;;;;;;;;;;;;;;;;;;;;;;;;;;;;;;;;;X;;;
56777508012;5677-750-80-12;TORQUE INDICATOR;;REPAIR;;;X;X;X;X;X;;;;;;;;;;;;;;;;;;;;;;;;;;;;;;;;;;;X;;;;X;;;;;;;;;;;;;;;;;;;;;;;;;;;;;;;;;;;;;;;;;;;;;;;;;;;;X;;;
56777558011;5677-755-80-11;TORQUE INDICATOR;;REPAIR;;;X;X;X;X;X;;;;;;;;;;;;;;;;;;;;;;;;;;;;;;;;;;;X;X;;;;;;;;;;;;;;;;;;;;;;;;;;;;;;;;;;;;;;;;;;;;;;;;;;;;;;;X;;;
56777568010;5677-756-80-10;TORQUE INDICATOR;;REPAIR;;;X;X;X;X;X;;;;;;;;;;;;;;;;;;;;;;;;;;;;;;;;;;;X;;;;X;;;;;;;;;;;;;;;;;;;;;;;;;;;;;;;;;;;;;;;;;;;;;;;;;;;;X;;;
56777658010;5677-765-80-10;TORQUE INDICATOR;;REPAIR;;;X;X;X;X;X;;;;;;;;;;;;;;;;;;;;;;;;;;;;;;;;;;;X;X;;;;;;;;;;;;;;;;;;;;;;;;;;;;;;;;;;;;;;;;;;;;;;;;;;;;;;;X;;;
56777668010;5677-766-80-10;TORQUE INDICATOR;;REPAIR;;;X;X;X;X;X;;;;;;;;;;;;;;;;;;;;;;;;;;;;;;;;;;;X;X;;;;;;;;;;;;;;;;;;;;;;;;;;;;;;;;;;;;;;;;;;;;;;;;;;;;;;;X;;;
56785538012;5678-553-80-12;ITT INDICATOR;;REPAIR;;;X;X;;;X;;;;;;;;;;;;;;;;;;;;;;;;;;;;;;;;;;;X;X;;;;;;;;;;;;;;;;;;;;;;;;;;;;;;;;;;;;;;;;;;;;;;;;;;;;;;;X;;;
56785558010;5678-555-80-10;ITT INDICATOR;;REPAIR;;;X;X;;X;X;;;;;;;;;;;;;;;;;;;;;;;;;;;;;;;;;;;X;;;;X;;;;;;;;;;;;;;;;;;;;;;;;;;;;;;;;;;;;;;;;;;;;;;;;;;;;X;;;
56785598010;5678-559-80-10;ITT INDICATOR;;REPAIR;;;X;X;;X;X;;;;;;;;;;;;;;;;;;;;;;;;;;;;;;;;;;;X;X;;;;;;;;;;;;;;;;;;;;;;;;;;;;;;;;;;;;;;;;;;;;;;;;;;;;;;;X;;;
56787048011;5678-704-80-11;NH INDICATOR;;REPAIR;;;X;X;;X;;;;;;;;;;;;;;;;;;;;;;;;;;;;;;;;;;;;X;X;;;;;;;;;;;;;;;;;;;;;;;;;;;;;;;;;;;;;;;;;;;;;;;;;;;;;;;X;;;
56787108012;5678-710-80-12;PROPELLER NP INDICATOR;;REPAIR;;;X;X;;X;X;;;;;;;;;;;;;;;;;;;;;;;;;;;;;;;;;;;X;X;;;;;;;;;;;;;;;;;;;;;;;;;;;;;;;;;;;;;;;;;;;;;;;;;;;;;;;X;;;
56787118010;5678-711-80-10;PROPELLER NP INDICATOR;;REPAIR;;;X;X;;X;X;;;;;;;;;;;;;;;;;;;;;;;;;;;;;;;;;;;X;;;;X;;;;;;;;;;;;;;;;;;;;;;;;;;;;;;;;;;;;;;;;;;;;;;;;;;;;X;;;
56787138010;5678-713-80-10;PROPELLER NP INDICATOR;;REPAIR;;;X;X;;X;X;;;;;;;;;;;;;;;;;;;;;;;;;;;;;;;;;;;X;;;;X;;;;;;;;;;;;;;;;;;;;;;;;;;;;;;;;;;;;;;;;;;;;;;;;;;;;X;;;
56787158010;5678-715-80-10;NP INDICATOR;;REPAIR;;;X;X;;X;X;;;;;;;;;;;;;;;;;;;;;;;;;;;;;;;;;;;X;X;;;;;;;;;;;;;;;;;;;;;;;;;;;;;;;;;;;;;;;;;;;;;;;;;;;;;;;X;;;
56787168010;5678-716-80-10;PROPELLER SPEED IND.;;REPAIR;;;X;X;;X;X;;;;;;;;;;;;;;;;;;;;;;;;;;;;;;;;;;;X;X;;;;;;;;;;;;;;;;;;;;;;;;;;;;;;;;;;;;;;;;;;;;;;;;;;;;;;;X;;;
56B24;56B24;SENSOR, TEMPERATURE;BENCH TEST;;;;X;X;X;X;X;;;;;;;;;;;;;X;X;X;X;;;;;;;;;;;;;;;;;;;;;;;;;;;;;;;;;;;;;;;;;;;;;;;;;;;;;;;;;;;;;;;;;;;;;;;;;;X;;;;
5701C000;5701C000;SENSOR TEMPERATURE CONTROL;OVERHAUL;;;;X;X;X;X;X;;;;;;;;;;;;;X;;;;;;X;;;;;;;;;;;;;;;;;;;;;;;;;;;;;;;;;;;;;;;;;;;;;;;;;;;;;;;;;;;;;;;;;;;;;;;X;;;;
5701C000002;5701C000-002;SENSOR TEMPERATURE CONTROL;OVERHAUL;;;;X;X;X;X;X;;;;;;;;;;;;;X;;;;;;X;;;;;;;;;;;;;;;;;;;;;;;;;;;;;;;;;;;;;;;;;;;;;;;;;;;;;;;;;;;;;;;;;;;;;;;X;;;;
5701C000003;5701C000-003;SENSOR TEMPERATURE CONTROL;OVERHAUL;;;;X;X;X;X;X;;;;;;;;;;;;;X;;;;;;X;;;;;;;;;;;;;;;;;;;;;;;;;;;;;;;;;;;;;;;;;;;;;;;;;;;;;;;;;;;;;;;;;;;;;;;X;;;;
57083;57083;HYD PUMP;;REPAIR;;;X;;;;;;;;;;;;;;;;;;;;;;;;;;;;;;;;;;;;;;;;;;;;;;;;;;;;;;;;;;;;;;;;;;;;;;;;;;;;;;;;;X;;;;;;X;;;;;;;;X;;;
571191;571191;POWER TRANSFERT UNIT;OVERHAUL;;;;X;X;X;X;X;;;X;;;;;;;;;;X;X;X;X;;;;;;;;;;;;;;;;;;;;;;;;;;;;;;;;;;;;;;;;;;;;;;;;;;;;;;;;;;;;;;;;;;;;;;;;;;X;;;;
57150;57150;HYDRAULIC PUMP SYSTEM 2;;OVERHAUL;;;X;X;;;;;;;;;;;;;;;;;;;;;;;;;;;;;;;;;;;;;;;;;;;;;;;;;;;;;;;;;;;;;;;;;;;;;;;;;;;;;;;;X;;;;;; ;;X;;;X;;;X;;;
57186;57186;PUMP MOTOR PACKAGE;OVERHAUL;;;;X;X;X;X;X;;;;;;;;;;;;;;;;;;;;;;;X;;;X;;;;;;;;;;;;;;;;;;;;;;;;;;;;;;;;;;;;;;;;;;;;;;;;;;;;;;;;;;;;;;;;X;;;;
5718601;57186-01;PUMP MOTOR PACKAGE;OVERHAUL;;;;X;X;X;X;X;;;;;;;;;;;;;;;;;;;;;;;X;;;X;;;;;;;;;;;;;;;;;;;;;;;;;;;;;;;;;;;;;;;;;;;;;;;;;;;;;;;;;;;;;;;;X;;;;
5718602;57186-02;PUMP MOTOR PACKAGE;OVERHAUL;;;;X;X;X;X;X;;;;;;;;;;;;;;;;;;;;;;;X;;;X;;;;;;;;;;;;;;;;;;;;;;;;;;;;;;;;;;;;;;;;;;;;;;;;;;;;;;;;;;;;;;;;X;;;;
5718603;57186-03;PUMP MOTOR PACKAGE;OVERHAUL;;;;X;X;X;X;X;;;;;;;;;;;;;;;;;;;;;;;X;;;X;;;;;;;;;;;;;;;;;;;;;;;;;;;;;;;;;;;;;;;;;;;;;;;;;;;;;;;;;;;;;;;;X;;;;
5718604;57186-04;PUMP MOTOR PACKAGE;OVERHAUL;;;;X;X;X;X;X;;;;;;;;;;;;;;;;;;;;;;;X;;;X;;;;;;;;;;;;;;;;;;;;;;;;;;;;;;;;;;;;;;;;;;;;;;;;;;;;;;;;;;;;;;;;X;;;;
5718605;57186-05;PUMP MOTOR PACKAGE;OVERHAUL;;;;X;X;X;X;X;;;;;;;;;;;;;;;;;;;;;;;X;;;X;;;;;;;;;;;;;;;;;;;;;;;;;;;;;;;;;;;;;;;;;;;;;;;;;;;;;;;;;;;;;;;;X;;;;
5718606;57186-06;PUMP MOTOR PACKAGE;OVERHAUL;;;;X;X;X;X;X;;;;;;;;;;;;;;;;;;;;;;;X;;;X;;;;;;;;;;;;;;;;;;;;;;;;;;;;;;;;;;;;;;;;;;;;;;;;;;;;;;;;;;;;;;;;X;;;;
5718607;57186-07;PUMP MOTOR PACKAGE;OVERHAUL;;;;X;X;X;X;X;;;;;;;;;;;;;;;;;;;;;;;X;;;X;;;;;;;;;;;;;;;;;;;;;;;;;;;;;;;;;;;;;;;;;;;;;;;;;;;;;;;;;;;;;;;;X;;;;
5718610;57186-10;PUMP MOTOR PACKAGE;OVERHAUL;;;;X;X;X;X;X;;;;;;;;;;;;;;;;;;;;;;;X;;;X;;;;;;;;;;;;;;;;;;;;;;;;;;;;;;;;;;;;;;;;;;;;;;;;;;;;;;;;;;;;;;;;X;;;;
572025873G;572-02587-3G;PROBE SUBASSEMBLY;REPAIR;;;;X;;;;;;;;;;;;;;;;;;;;;;;;;;;X;;;;;;;;;;;;;;;;;;;;;;;;;;;;;;;;;;;;;;;;;;;;;;;;;;;;;;;;;;;;;;;;;;;X;;;;
5723342;5-72334-2;TORQUE LINK;OVERHAUL;;;;X;;;;;;;;;X;;;;;;;;;;;;;;;;;;X;;;;;;;;;;;X;;;;;;;;;;;;;;;;;;;;;;;;;;;;;;;;;;;;;;;;;;;;;;;;;;;;;;;;X;;;;
5723344;5-72334-4;TORQUE LINK;OVERHAUL;;;;X;;;;;;;;;X;;;;;;;;;;;;;;;;;;X;;;;;;;;;;;X;;;;;;;;;;;;;;;;;;;;;;;;;;;;;;;;;;;;;;;;;;;;;;;;;;;;;;;;X;;;;
5723345;5-72334-5;TORQUE LINK;OVERHAUL;;;;X;;;;;;;;;X;;;;;;;;;;;;;;;;;;X;;;;;;;;;;;X;;;;;;;;;;;;;;;;;;;;;;;;;;;;;;;;;;;;;;;;;;;;;;;;;;;;;;;;X;;;;
5723346;5-72334-6;TORQUE LINK;OVERHAUL;;;;X;;;;;;;;;X;;;;;;;;;;;;;;;;;;X;;;;;;;;;;;X;;;;;;;;;;;;;;;;;;;;;;;;;;;;;;;;;;;;;;;;;;;;;;;;;;;;;;;;X;;;;
5723347;5-72334-7;TORQUE LINK;OVERHAUL;;;;X;;;;;;;;;X;;;;;;;;;;;;;;;;;;X;;;;;;;;;;;X;;;;;;;;;;;;;;;;;;;;;;;;;;;;;;;;;;;;;;;;;;;;;;;;;;;;;;;;X;;;;
5723348;5-72334-8;TORQUE LINK;OVERHAUL;;;;X;;;;;;;;;X;;;;;;;;;;;;;;;;;;X;;;;;;;;;;;X;;;;;;;;;;;;;;;;;;;;;;;;;;;;;;;;;;;;;;;;;;;;;;;;;;;;;;;;X;;;;
5723349;5-72334-9;TORQUE LINK;OVERHAUL;;;;X;;;;;;;;;X;;;;;;;;;;;;;;;;;;X;;;;;;;;;;;X;;;;;;;;;;;;;;;;;;;;;;;;;;;;;;;;;;;;;;;;;;;;;;;;;;;;;;;;X;;;;
572349;5-72349;ACTUATOR ATTACHING BRACKET;OVERHAUL;;;;X;;;;;;;;;X;;;;;;;;;;;;;;;;;;X;;;;;;;;;;;X;;;;;;;;;;;;;;;;;;;;;;;;;;;;;;;;;;;;;;;;;;;;;;;;;;;;;;;;X;;;;
573144;5-73144;CYLINDER ASSEMBLY INNER;OVERHAUL;;;;X;;;;;;;;;X;;;;;;;;;;;;;;;;;;X;;;;;;;;;;;X;;;;;;;;;;;;;;;;;;;;;;;;;;;;;;;;;;;;;;;;;;;;;;;;;;;;;;;;X;;;;
5731441;5-73144-1;CYLINDER ASSEMBLY INNER;OVERHAUL;;;;X;;;;;;;;;X;;;;;;;;;;;;;;;;;;X;;;;;;;;;;;X;;;;;;;;;;;;;;;;;;;;;;;;;;;;;;;;;;;;;;;;;;;;;;;;;;;;;;;;X;;;;
5731964;5-73196-4;COLLAR ASSEMBLY;OVERHAUL;;;;X;;;;;;;;;;;;;;;;;;;;;;;;;;;X;;;;;;;;;;;X;;;;;;;;;;;;;;;;;;;;;;;;;;;;;;;;;;;;;;;;;;;;;;;;;;;;;;;;X;;;;
5731965;5-73196-5;COLLAR;OVERHAUL;;;;X;;;;;;;;;;;;;;;;;;;;;;;;;;;X;;;;;;;;;;;X;;;;;;;;;;;;;;;;;;;;;;;;;;;;;;;;;;;;;;;;;;;;;;;;;;;;;;;;X;;;;
5731966;5-73196-6;COLLAR;OVERHAUL;;;;X;;;;;;;;;;;;;;;;;;;;;;;;;;;X;;;;;;;;;;;X;;;;;;;;;;;;;;;;;;;;;;;;;;;;;;;;;;;;;;;;;;;;;;;;;;;;;;;;X;;;;
57435;57435;Pressure Differential Indicator / IDG 740508;;REPAIR;;;X;;;;;;;;;;;;;;;;;;;;;;;;;;;;;;;;;;;;;;;;;;;;;;;;;;;;;;;;;;;;;;;;;;;;;;;;;;;;;;;;;;;;;;;;;X;X;;;;;X;;;
57761;5776-1;EMERG EGRESS LIGHT POWER SUPPLY BATTERY;BENCH TEST;;;;X;X;X;X;X;;;;;;X;;;;;;;;;;;;;;;;;;;;;;;;;;;;;;;;;;;;;;;;;;;;;;;;;;;;;;;;;;;;;;;;;;;;;;;;;;;;;;;;;;;;X;;;;
580GC01Y02;580GC01Y02;SHORT CIRCUIT PROTECTION BOARD;REPAIR;;;;X;X;X;X;X;;;;;;X;;X;;;;;;;;;;;;;;;;;;;;;;;;;;;;;;;;;;;;;;;;;;;;;;;;;;;;;;;;;;;;;;;;;;;;;;;;;;;;;;;;;;X;;;;
581EA;581EA;CYLINDER ASSEMBLY, LEADING EDGE FLAP;OVERHAUL;;;;X;;;;;;;;;X;;;;;;;;;;;;;;;;;;X;;;;;;;;;;;X;;;;;;;;;;;;;;;;;;;;;;;;;;;;;;;;;;;;;;;;;;;;;;;;;;;;;;;;X;;;;
582219;5822-19;POWER SUPPLY ASSY;REPAIR;;;;X;X;X;X;;;;;;;;;;;;;;X;;;;;;;;;;;;;;;;;;;;;;;;;;;;;;;;;;;;;;;;;;;;;;;;;;;;;;;;;;;;;;;;;;;;;;;;;;;;;X;;;;
582221;5822-21;POWER SUPPLY UNIT;REPAIR;;;;X;X;X;X;;;;;;;;;;;;;;X;;X;X;;X;X;X;;;;;;;;;;;;;;;;;;;;;;;;;;;;;;;;;;;;;;;;;;;;;;;;;;;;;;;;;;;;;;;;;;;;;;X;;;;
582225;5822-25;POWER SUPPLY ASSY;REPAIR;;;;X;X;X;X;X;;;;;;;;;;;;;;;;;;;;;;;X;;;;;;;;;;X;;;;;;;;;;;;;;;;;;;;;;;;;;;;;;;;;;;;;;;;;;;;;;;;;;;;;;;;;X;;;;
5830461;5-83046-1;NOSE LANDING GEAR;OVERHAUL;;;;X;;;;;;;;;X;;;;;;;;;;;;;;;;;;X;;;;;;;;;;;X;;;;;;;;;;;;;;;;;;;;;;;;;;;;;;;;;;;;;;;;;;;;;;;;;;;;;;;;X;;;;
583050;5-83050;SUPPORT LINK;OVERHAUL;;;;X;;;;;;;;;X;;;;;;;;;;;;;;;;;;X;;;;;;;;;;;X;;;;;;;;;;;;;;;;;;;;;;;;;;;;;;;;;;;;;;;;;;;;;;;;;;;;;;;;X;;;;
5830512;5-83051-2;HOUSING;OVERHAUL;;;;X;;;;;;;;;;;;;;;;;;;;;;;;;;;X;;;;;;;;;;;X;;;;;;;;;;;;;;;;;;;;;;;;;;;;;;;;;;;;;;;;;;;;;;;;;;;;;;;;X;;;;
583052;5-83052;MLG ACTUATOR BEAM;OVERHAUL;;;;X;;;;;;;;;X;;;;;;;;;;;;;;;;;;X;;;;;;;;;;;X;;;;;;;;;;;;;;;;;;;;;;;;;;;;;;;;;;;;;;;;;;;;;;;;;;;;;;;;X;;;;
5830522;5-83052-2;MLG ACTUATOR BEAM;OVERHAUL;;;;X;;;;;;;;;X;;;;;;;;;;;;;;;;;;X;;;;;;;;;;;X;;;;;;;;;;;;;;;;;;;;;;;;;;;;;;;;;;;;;;;;;;;;;;;;;;;;;;;;X;;;;
583052502;5-83052-502;MLG ACTUATOR BEAM;OVERHAUL;;;;X;;;;;;;;;X;;;;;;;;;;;;;;;;;;X;;;;;;;;;;;X;;;;;;;;;;;;;;;;;;;;;;;;;;;;;;;;;;;;;;;;;;;;;;;;;;;;;;;;X;;;;
5840432;5-84043-2;CARGO DOOR ACTUATOR ASSY;OVERHAUL;;;;X;;;;;;;;;X;;;;;;;;;;;;;;;;;;X;;;;;;;;;;;X;;;;;;;;;;;;;;;;;;;;;;;;;;;;;;;;;;;;;;;;;;;;;;;;;;;;;;;;X;;;;
5840458;5-84045-8;MLG DOOR ACTUATOR ASSEMBLIES;OVERHAUL;;;;X;;;;;;;;;X;;;;;;;;;;;;;;;;;;X;;;;;;;;;;;X;;;;;;;;;;;;;;;;;;;;;;;;;;;;;;;;;;;;;;;;;;;;;;;;;;;;;;;;X;;;;
5840459;5-84045-9;MLG DOOR ACTUATOR ASSEMBLIES;OVERHAUL;;;;X;;;;;;;;;X;;;;;;;;;;;;;;;;;;X;;;;;;;;;;;X;;;;;;;;;;;;;;;;;;;;;;;;;;;;;;;;;;;;;;;;;;;;;;;;;;;;;;;;X;;;;
5840463;5-84046-3;MAIN LANDING GEAR ACTUATOR ASSEMBLIES;OVERHAUL;;;;X;;;;;;;;;X;;;;;;;;;;;;;;;;;;X;;;;;;;;;;;X;;;;;;;;;;;;;;;;;;;;;;;;;;;;;;;;;;;;;;;;;;;;;;;;;;;;;;;;X;;;;
5840465;5-84046-5;MAIN LANDING GEAR ACTUATOR ASSEMBLIES;OVERHAUL;;;;X;;;;;;;;;X;;;;;;;;;;;;;;;;;;X;;;;;;;;;;;X;;;;;;;;;;;;;;;;;;;;;;;;;;;;;;;;;;;;;;;;;;;;;;;;;;;;;;;;X;;;;
5840466;5-84046-6;MAIN LANDING GEAR ACTUATOR ASSEMBLIES;OVERHAUL;;;;X;;;;;;;;;X;;;;;;;;;;;;;;;;;;X;;;;;;;;;;;X;;;;;;;;;;;;;;;;;;;;;;;;;;;;;;;;;;;;;;;;;;;;;;;;;;;;;;;;X;;;;
5840475;5-84047-5;NOSE GEAR HYDRAULIC ACTUATOR ASSY;OVERHAUL;;;;X;;;;;;;;;;;;;;;;;;;;;;;;;;;X;;;;;;;;;;;X;;;;;;;;;;;;;;;;;;;;;;;;;;;;;;;;;;;;;;;;;;;;;;;;;;;;;;;;X;;;;
5840476;5-84047-6;NOSE GEAR HYDRAULIC ACTUATOR ASSY;OVERHAUL;;;;X;;;;;;;;;;;;;;;;;;;;;;;;;;;X;;;;;;;;;;;X;;;;;;;;;;;;;;;;;;;;;;;;;;;;;;;;;;;;;;;;;;;;;;;;;;;;;;;;X;;;;
5840477;5-84047-7;NOSE GEAR HYDRAULIC ACTUATOR ASSY;OVERHAUL;;;;X;;;;;;;;;X;;;;;;;;;;;;;;;;;;X;;;;;;;;;;;X;;;;;;;;;;;;;;;;;;;;;;;;;;;;;;;;;;;;;;;;;;;;;;;;;;;;;;;;X;;;;
58404911;5-84049-11;FLAP DRIVE BALL SCREW TRANSMISSION ASSY;OVERHAUL;;;;X;;;;;;;;;;;;;;;;;;;;;;;;;;;X;;;;;;;;;;;X;;;;;;;;;;;;;;;;;;;;;;;;;;;;;;;;;;;;;;;;;;;;;;;;;;;;;;;;X;;;;
58404912;5-84049-12;FLAP DRIVE BALL SCREW TRANSMISSION ASSY;OVERHAUL;;;;X;;;;;;;;;;;;;;;;;;;;;;;;;;;X;;;;;;;;;;;X;;;;;;;;;;;;;;;;;;;;;;;;;;;;;;;;;;;;;;;;;;;;;;;;;;;;;;;;X;;;;
58404913;5-84049-13;FLAP DRIVE BALL SCREW TRANSMISSION ASSY;OVERHAUL;;;;X;;;;;;;;;;;;;;;;;;;;;;;;;;;X;;;;;;;;;;;X;;;;;;;;;;;;;;;;;;;;;;;;;;;;;;;;;;;;;;;;;;;;;;;;;;;;;;;;X;;;;
5840493041;5-84049-3041;FLAP DRIVE BALL SCREW TRANSMISSION ASSY;OVERHAUL;;;;X;;;;;;;;;;;;;;;;;;;;;;;;;;;X;;;;;;;;;;;X;;;;;;;;;;;;;;;;;;;;;;;;;;;;;;;;;;;;;;;;;;;;;;;;;;;;;;;;X;;;;
5840493042;5-84049-3042;FLAP DRIVE BALL SCREW TRANSMISSION ASSY;OVERHAUL;;;;X;;;;;;;;;;;;;;;;;;;;;;;;;;;X;;;;;;;;;;;X;;;;;;;;;;;;;;;;;;;;;;;;;;;;;;;;;;;;;;;;;;;;;;;;;;;;;;;;X;;;;
5840493045;5-84049-3045;FLAP DRIVE BALL SCREW TRANSMISSION ASSY;OVERHAUL;;;;X;;;;;;;;;;;;;;;;;;;;;;;;;;;X;;;;;;;;;;;X;;;;;;;;;;;;;;;;;;;;;;;;;;;;;;;;;;;;;;;;;;;;;;;;;;;;;;;;X;;;;
5840493046;5-84049-3046;FLAP DRIVE BALL SCREW TRANSMISSION ASSY;OVERHAUL;;;;X;;;;;;;;;;;;;;;;;;;;;;;;;;;X;;;;;;;;;;;X;;;;;;;;;;;;;;;;;;;;;;;;;;;;;;;;;;;;;;;;;;;;;;;;;;;;;;;;X;;;;
5840497;5-84049-7;FLAP DRIVE BALL SCREW TRANSMISSION ASSY;OVERHAUL;;;;X;;;;;;;;;;;;;;;;;;;;;;;;;;;X;;;;;;;;;;;X;;;;;;;;;;;;;;;;;;;;;;;;;;;;;;;;;;;;;;;;;;;;;;;;;;;;;;;;X;;;;
5840499;5-84049-9;FLAP DRIVE BALL SCREW TRANSMISSION ASSY;OVERHAUL;;;;X;;;;;;;;;;;;;;;;;;;;;;;;;;;X;;;;;;;;;;;X;;;;;;;;;;;;;;;;;;;;;;;;;;;;;;;;;;;;;;;;;;;;;;;;;;;;;;;;X;;;;
5840542;5-84054-2;LOCK ARM;OVERHAUL;;;;X;;;;;;;;;X;;;;;;;;;;;;;;;;;;X;;;;;;;;;;;X;;;;;;;;;;;;;;;;;;;;;;;;;;;;;;;;;;;;;;;;;;;;;;;;;;;;;;;;X;;;;
585679;5-85679;EMERGENCY FLAP DRIVE GEARBOX ASSY;OVERHAUL;;;;X;;;;;;;;;X;;;;;;;;;;;;;;;;;;X;;;;;;;;;;;X;;;;;;;;;;;;;;;;;;;;;;;;;;;;;;;;;;;;;;;;;;;;;;;;;;;;;;;;X;;;;
5856791;5-85679-1;EMERGENCY FLAP DRIVE GEARBOX ASSY;OVERHAUL;;;;X;;;;;;;;;X;;;;;;;;;;;;;;;;;;X;;;;;;;;;;;X;;;;;;;;;;;;;;;;;;;;;;;;;;;;;;;;;;;;;;;;;;;;;;;;;;;;;;;;X;;;;
58608445;5-86084-45;HYDRAULIC RESERVOIR ASSY;REPAIR;;;;X;;;;;;;;;X;;;;;;;;;;;;;;;;;;X;;;;;;;;;;;X;;;;;;;;;;;;;;;;;;;;;;;;;;;;;;;;;;;;;;;;;;;;;;;;;;;;;;;;X;;;;
586522;5-86522;PISTON;OVERHAUL;;;;X;;;;;;;;;X;;;;;;;;;;;;;;;;;;X;;;;;;;;;;;X;;;;;;;;;;;;;;;;;;;;;;;;;;;;;;;;;;;;;;;;;;;;;;;;;;;;;;;;X;;;;
5865702;5-86570-2;NOSE GEAR DOOR ACTUATOR ASSY;OVERHAUL;;;;X;;;;;;;;;X;;;;;;;;;;;;;;;;;;X;;;;;;;;;;;X;;;;;;;;;;;;;;;;;;;;;;;;;;;;;;;;;;;;;;;;;;;;;;;;;;;;;;;;X;;;;
5865703;5-86570-3;NOSE GEAR DOOR ACTUATOR ASSY;OVERHAUL;;;;X;;;;;;;;;X;;;;;;;;;;;;;;;;;;X;;;;;;;;;;;X;;;;;;;;;;;;;;;;;;;;;;;;;;;;;;;;;;;;;;;;;;;;;;;;;;;;;;;;X;;;;
5865704;5-86570-4;NOSE GEAR DOOR ACTUATOR ASSY;OVERHAUL;;;;X;;;;;;;;;X;;;;;;;;;;;;;;;;;;X;;;;;;;;;;;X;;;;;;;;;;;;;;;;;;;;;;;;;;;;;;;;;;;;;;;;;;;;;;;;;;;;;;;;X;;;;
5865713;5-86571-3;NOSE WHEEL STEERING CYLINDER ASSY;OVERHAUL;;;;X;;;;;;;;;X;;;;;;;;;;;;;;;;;;X;;;;;;;;;;;X;;;;;;;;;;;;;;;;;;;;;;;;;;;;;;;;;;;;;;;;;;;;;;;;;;;;;;;;X;;;;
5865714;5-86571-4;NOSE WHEEL STEERING CYLINDER ASSY;OVERHAUL;;;;X;;;;;;;;;X;;;;;;;;;;;;;;;;;;X;;;;;;;;;;;X;;;;;;;;;;;;;;;;;;;;;;;;;;;;;;;;;;;;;;;;;;;;;;;;;;;;;;;;X;;;;
5874481;5-87448-1;FLAP DRIVE POWER UNIT ASSY;;OVERHAUL;;;X;;;;;;;;;;;;;;;;;;;;;;;;;;;X;;;;;;;;;;;X;;;;;;;;;;;;;;;;;;;;;;;;;;;;;; ;;;;; ;;;;;;;;;;;;;;;;;;;;;;X;;;
58876310;5-88763-10;AILERON CONTROL SURFACE SNUBBER;OVERHAUL;;;;X;;;;;;;;;X;;;;;;;;;;;;;;;;;;X;;;;;;;;;;;X;;;;;;;;;;;;;;;;;;;;;;;;;;;;;;;;;;;;;;;;;;;;;;;;;;;;;;;;X;;;;
5887637;5-88763-7;AILERON CONTROL SURFACE SNUBBER;OVERHAUL;;;;X;;;;;;;;;X;;;;;;;;;;;;;;;;;;X;;;;;;;;;;;X;;;;;;;;;;;;;;;;;;;;;;;;;;;;;;;;;;;;;;;;;;;;;;;;;;;;;;;;X;;;;
589048;589048;O2 CYLINDER - ACIER;;OVERHAUL;;;X;X;;;;;;;;;;;;;;;;;;;;;;;;;;;;;;;;;;;;;;;;;;;;;;;;;;;;;;;;;;;;;;;;;;;;;;;;;;;;;;;;X;;;;;;;;;;;;;;X;;;
589081;589081;OXYGEN CYLINDER;;OVERHAUL;;;X;;;;;;;;;;;;;;;;;;;;;;;;;;;;;;;;;;;;;;;;;;;;;;;;;;;;;;;;;;;;;;;;;;;;;;;;;;;;;;;;;X;;;;;;;;;;;;;;X;;;
59100913;5910091-3;RADOME;;REPAIR;;;X;X;;;;;;;;;;;;;;;;;;;;;;;;;;X;;;;;;;;;;X;;;;;;;;;;;;;;;;;;;;;;;;;;;;;;;;;;;;;;;;;;;;;;;;;;;;;;;;;;X;;;
591285501;5912855-01;BATTERY;;OVERHAUL;;DNR;X;X;;;;;;;;;;;;;;;;;;;;;;;;;;;;;;;;;;;;;;;;;;;;X;;;;;X;;;;;;;;;;;;;;;;;;;;;;;;;;;;;;;;;;;;;;;X;X;;;;;X;;;
59153731;5915373-1;PRESSURE SWITCH ASSY;;INSPECTED;;;X;;;;;;;;;;;;;;;;;X;;;;;X;X;X;;;;;;;;;;;;;;;;;;;;;;;;;;;;;;;;;;;;;;;;;;;;;;;;;;;;;;;;;;;;;;;;;;;;;;;X;;;
59257;5925-7;INVERTER POWER UNIT;;BENCH TEST;;;X;X;;X;;;;;;;;;;;;;;;;;;;;;;;;X;;;;;;;;;;X;;;;;;;;;;;;;;;;;;;;;;;;;;;;;;;;;;;;;;;;;;;;;;;;;;;;;;;;;;X;;X;
5955470505;5955470-505;TRIM TAB AILERON;;REPAIR;;;X;X;;;;;;;;;;;;;;;;;;;;;;;;;;X;;;;;;;;;;X;;;;;;;;;;;;;;;;;;;;;;;;;;;;;;;;;;;;;;;;;;;;;;;;;;;;;;;;;;X;;;
5958753;5-95875-3;SPOILER ACTUATOR ASSEMBLIES;OVERHAUL;;;;X;;;;;;;;;X;;;;;;;;;;;;;;;;;;X;;;;;;;;;;;X;;;;;;;;;;;;;;;;;;;;;;;;;;;;;;;;;;;;;;;;;;;;;;;;;;;;;;;;X;;;;
5958755;5-95875-5;SPOILER ACTUATOR ASSEMBLIES;OVERHAUL;;;;X;;;;;;;;;X;;;;;;;;;;;;;;;;;;X;;;;;;;;;;;X;;;;;;;;;;;;;;;;;;;;;;;;;;;;;;;;;;;;;;;;;;;;;;;;;;;;;;;;X;;;;
59721111F;5-97211-11F;HOUSING ASSY;;REPAIR;;;X;;;;;;;;;X;;;;;;;;;;;;;;;;;;X;;;;;;;;;;;X;;;;;;;;;;;;;;;;;;;;;;;;;;;;;;;;;;;;;;;;;;;;;;;;;;;;;;;;;X;;;
59721112F;5-97211-12F;HOUSING ASSY;;REPAIR;;;X;;;;;;;;;;;;;;;;;;;;;;;;;;;X;;;;;;;;;;;X;;;;;;;;;;;;;;;;;;;;;;;;;;;;;;;;;;;;;;;;;;;;;;;;;;;;;;;;;X;;;
597213;5-97213;FLAP & SPOILER CONTROL VALVE ASSEMBLY;OVERHAUL;;;;X;;;;;;;;;X;;;;;;;;;;;;;;;;;;X;;;;;;;;;;;X;;;;;;;;;;;;;;;;;;;;;;;;;;;;;;;;;;;;;;;;;;;;;;;;;;;;;;;;X;;;;
5972131;5-97213-1;FLAP & SPOILER CONTROL VALVE ASSEMBLY;OVERHAUL;;;;X;;;;;;;;;X;;;;;;;;;;;;;;;;;;X;;;;;;;;;;;X;;;;;;;;;;;;;;;;;;;;;;;;;;;;;;;;;;;;;;;;;;;;;;;;;;;;;;;;X;;;;
5972132;5-97213-2;FLAP & SPOILER CONTROL VALVE ASSEMBLY;OVERHAUL;;;;X;;;;;;;;;X;;;;;;;;;;;;;;;;;;X;;;;;;;;;;;X;;;;;;;;;;;;;;;;;;;;;;;;;;;;;;;;;;;;;;;;;;;;;;;;;;;;;;;;X;;;;
5972133;5-97213-3;FLAP & SPOILER CONTROL VALVE ASSEMBLY;OVERHAUL;;;;X;;;;;;;;;X;;;;;;;;;;;;;;;;;;X;;;;;;;;;;;X;;;;;;;;;;;;;;;;;;;;;;;;;;;;;;;;;;;;;;;;;;;;;;;;;;;;;;;;X;;;;
59880;59880;PRESSURE DIFFERENTIAL;;INSPECTED;;;X;;;;;;;;;;;;;;;;;X;;;;;X;X;X;;;;;;;;;;;;;;;;;;;;;;;;;;;;;;;;;;;;;;;;;;;;;;;;;;;;;;;;;;;;;;;;;;;;;;;X;;;
5C5791;5C5791;CYLINDER,;OVERHAUL;;;;X;;;;;;;;;;;;;;;;;;;;;;;;;;;;;;;;;;;;;;;;;;;;;;;;;;;;;;;;;;;;;;;;;;;;;;;;;;;;;;;;;X;;X;;;;;;;;;;;X;;;;
5C5792;5C5792;CYLINDER,;OVERHAUL;;;;X;;;;;;;;;;;;;;;;;;;;;;;;;;;;;;;;;;;;;;;;;;;;;;;;;;;;;;;;;;;;;;;;;;;;;;;;;;;;;;;;;X;;X;;;;;;;;;;;X;;;;
5C57921;5C5792-1;CYLINDER,;OVERHAUL;;;;X;;;;;;;;;;;;;;;;;;;;;;;;;;;;;;;;;;;;;;;;;;;;;;;;;;;;;;;;;;;;;;;;;;;;;;;;;;;;;;;;;X;;X;;;;;;;;;;;X;;;;
5XA00503201;5XA005032-01;LIGHTING CONTROLLER;REPAIR;;;;X;X;X;X;X;;;;;;;;;;;;;X;;;;X;X;X;X;;;;;;;;;;;;;;;;;;;;;;;;;;;;;;;;;;;;;;;;;;;;;;;;;;;;;;;;;;;;;;;;;;;;;;X;;;;
5XA00503300;5XA005033-00;LIGHTING CONTROLLER;REPAIR;;;;X;X;X;X;X;;;;;;;;;;;;;X;;;;X;X;X;X;;;;;;;;;;;;;;;;;;;;;;;;;;;;;;;;;;;;;;;;;;;;;;;;;;;;;;;;;;;;;;;;;;;;;;X;;;;
5XA00538200;5XA005382-00;LIGHTING CONTROLLER;REPAIR;;;;X;X;X;X;;;;;;;;;;;;;;X;;X;X;;;;;;;;;;;;;;;;;;;;;;;;;;;;;;;;;;;;;;;;;;;;;;;;;;;;;;;;;;;;;;;;;;;;;;;;;;X;;;;
600103851007;600-10385-1007;FAIRING WING BOX EXT LH;;REPAIR;;;X;;;;;;;;;;;;;;;;;;;;;;;;;;;;;;;;;;;;;;;;;;;;;;;;;;;;;;;;;;;;;;;;;;;;X;;;;;;;;;;;;;X;;;;;;;;;;;;;;X;;X;
600103851008;600-10385-1008;FAIRING WING BOX ASSY RH;;REPAIR;;;X;X;;;;;;;;;;;;;;;;;;;;;;;;;;;;;;;;;;;;;;;;;;;;;;;;;;;;;;;;;;;;;;;;;;;X;;;;;;;;;;;;;X;;;;;;;;;;;;;;X;;X;
600103881;600-10388-1;FAIRING INSTL -SIDE (WINGLET);;REPAIR;;;X;X;;;;;;;;;;;;;;;;;;;;;;;;;;;;;;;;;;;;;;;;;;;;;;;;;;;;;;;;;;;;;;;;;;;X;;;;;;;;;;;;;X;;;;;;;;;;;;;;X;;X;
6001038855;600-10388-55;FAIRING;;REPAIR;;;X;X;;;;;;;;;;;;;;;;;;;;;;;;;;;;;;;;;;;;;;;;;;;;;;;;;;;;;;;;;;;;;;;;;;;X;;;;;;;;;;;;;X;;;;;;;;;;;;;;X;;X;
6001038858;600-10388-58;FAIRING OUTBD LOWER;;REPAIR;;;X;X;;;;;;;;;;;;;;;;;;;;;;;;;;;;;;;;;;;;;;;;;;;;;;;;;;;;;;;;;;;;;;;;;;;X;;;;;;;;;;;;;X;;;;;;;;;;;;;;X;;X;
6001510933;600-15109-33;TRAILING EDGE ASSY LH;;REPAIR;;;X;X;;;;;;;;;;;;;;;;;;;;;;;;;;;;;;;;;;;;;;;;;;;;;;;;;;;;;;;;;;;;;;;;;;;X;;;;;;;;;;;;;X;;;;;;;;;;;;;;X;;X;
6001511018;600-15110-18;FAIRING ASSY;;REPAIR;;;X;X;;;;;;;;;;;;;;;;;;;;;;;;;;;;;;;;;;;;;;;;;;;;;;;;;;;;;;;;;;;;;;;;;;;X;;;;;;;;;;;;;X;;;;;;;;;;;;;;X;;X;
600151103;600-15110-3;FAIRING ASSY- TIP (LH);;REPAIR;;;X;X;;;;;;;;;;;;;;;;;;;;;;;;;;;;;;;;;;;;;;;;;;;;;;;;;;;;;;;;;;;;;;;;;;;X;;;;;;;;;;;;;X;;;;;;;;;;;;;;X;;X;
600151104;600-15110-4;FAIRING ASSY- TIP (RH) (A);;REPAIR;;;X;X;;X;;;;;;;;;;;;;;;;;;;;;;;;;;;;;;;;;;;;;;;;;;;;;;;;;;;;;;;;;;;;;;;;;X;;;;;;;;;;;;;X;;;;;;;;;;;;;;X;;X;
6002113327;600-21133-27;VISOR;;REPAIR;;;X;X;;X;;;;;;;;;;;;;;;;;;;;;;;;;;;;;;;;;;;;;;;;;;;;;;;;;;;;;;;;;;;;;;;;;X;;;;;;;;;;;;;X;;;;;;;;;;;;;;X;;X;
6002113343;600-21133-43;VISOR;;REPAIR;;;X;X;;X;;;;;;;;;;;;;;;;;;;;;;;;;;;;;;;;;;;;;;;;;;;;;;;;;;;;;;;;;;;;;;;;;X;;;;;;;;;;;;;X;;;;;;;;;;;;;;X;;X;
6002113443;600-21134-43;VISOR;;REPAIR;;;X;X;; ;;;;;;;;;;;;;;;;;;;;;;;;;;;;;;;;;;;;;;;;;;;;;;;;;;;;;;;;;;;;;;;;;X;;;;X;;;;;;;;;X;;;;;;;;;;;;;;X;;X;
6002113444;600-21134-44;VISOR;;REPAIR;;;X;X;;;;;;;;;;;;;;;;;;;;;;;;;;;;;;;;;;;;;;;;;;;;;;;;;;;;;;;;;;;;;;;;;;;X;;;;;;;;;;;;;X;;;;;;;;;;;;;;X;;X;
600230591007;600-23059-1007;FAIRING ASSY- STABILIZER (A;;REPAIR;;;X;X;;X;;;;;;;;;;;;;;;;;;;;;;;;;;;;;;;;;;;;;;;;;;;;;;;;;;;;;;;;;;;;;;;;;X;;;;;;;;;;;;;X;;;;;;;;;;;;;;X;;X;
600230591008;600-23059-1008;FAIRING ASSY STABILIZER TIP RH;;REPAIR;;;X;X;;X;;;;;;;;;;;;;;;;;;;;;;;;;;;;;;;;;;;;;;;;;;;;;;;;;;;;;;;;;;;;;;;;;;;;;;;;;;;;;;X;;;;;;;;;;;;;;X;;;
60030431;60-0304-31;POWER SUPPLY;;REPAIR;;DNR;X;X;;X;;;;;;;;;;;;;;;;;;;;;;;;;;;;;;;;;;;;;;;;;;;;;;;;;;;;;;;;;;;;;;;;;;;;;;;;;;;;;;X;;;;;;;;;;;;;;X;;;
60030451;60-0304-51;POWER SUPPLY;;REPAIR;;DNR;X;X;;X;;;;;;;;;;;;;;;;;;;;;;;;;;;;;;;;;;;;;;;;;;;;;;;;;;;;;;;;;;;;;;;;;;;;;;;;;;;;;;X;;;;;;;;;;;;;;X;;;
60031020;6003-1020;CLAPET DE SURPRESSION;BENCH TEST;;;;X;;;;;;;;;;;;;;;;;;;;;;;;;;;;;;;;;;;;;;;;;;;;;;;;;;;;X;X;;;;;;;;;;;;;;;;;;;;;;;;;;;;;;;;;;;;;;;;;X;;;;
6003303881;600-33038-81;RADOME ASSY;;REPAIR;;;X;X;;;;;;;;;;;;;;;;;;;;;;;;;;;;;;;;;;;;;;;;;;;;;;;;;;;;;;;;;;;;;;;;;;;X;;;;;;;;;;;;;X;;;;;;;;;;;;;;X;;X;
6003303939;600-33039-39;DOOR ASSY-ACCESS LH;;REPAIR;;;X;X;;;;;;;;;;;;;;;;;;;;;;;;;;;;;;;;;;;;;;;;;;;;;;;;;;;;;;;;;;;;;;;;;;;X;;;;;;;;;;;;;X;;;;;;;;;;;;;;X;;X;
6003303940;600-33039-40;DOOR ASSY-ACCESS RH;;REPAIR;;;X;X;;;;;;;;;;;;;;;;;;;;;;;;;;;;;;;;;;;;;;;;;;;;;;;;;;;;;;;;;;;;;;;;;;;X;;;;;;;;;;;;;X;;;;;;;;;;;;;;X;;X;
600330431007;600-33043-1007;DOOR ASSY;;REPAIR;;;X;X;;;;;;;;;;;;;;;;;;;;;;;;;;;;;;;;;;;;;;;;;;;;;;;;;;;;;;;;;;;;;;;;;;;X;;;;;;;;;;;;;X;;;;;;;;;;;;;;X;;X;
600330431008;600-33043-1008;DOOR ASSY;;REPAIR;;;X;X;;;;;;;;;;;;;;;;;;;;;;;;;;;;;;;;;;;;;;;;;;;;;;;;;;;;;;;;;;;;;;;;;;;;;;;;;;;;;;;;;;;;;;;;X;X;;;;;X;;;
60042731;6004273-1;DUAL SKID CONTROL VALVE (ABS);OVERHAUL;;;;X;X;X;X;X;;;;;;;;;;;;;;;;;;;;;;;;;;;;;;;;;;;;;;;;;;;;;;;;;;;;;;;;;;;;;;;;;;;;;;;;;;;;;;;;;;;;;X;X;;;;X;;;;
60046821;6004682-1;SENSOR;;BENCH TEST;;;X;X;;X;;;;;;;;;;;;;;;;;;;;;;;;;;;;;;;;;;;;;;;;;;;;;;;;;;;;;;;;;;;;;;;;;;;;;;;;;;;;;;;;;;;;;;X;X;;;;;X;;X;
60049101;60049-101;ESCAPE SLIDE;;OVERHAUL;;;X;X;;X;;;;;;;;;;;;;;;;;;;;;;;;;;;;;;;;;;;;;;;;;;;;;;;;;;;;;;;;;;;;;;;;;;;;;;;;;;;;;;;;;;;;;;X;X;;;;;X;;X;
60049103;60049-103;ESCAPE SLIDE;;OVERHAUL;;;X;X;;X;;;;;;;;;;;;;;;;;;;;;;;;;;;;;;;;;;;;;;;;;;;;;;;;;;;;;;;;;;;;;;;;;X;;;;;;;;;;;;;X;;;;;;;;;;;;;;X;;;
6008905;60-0890-5;BATTERY;;REPAIR;;;X;X;;X;;;;;;;;;;;;;;;;;;;;;;;;;;;;;;;;;;;;;;;;;;;;;;;;;;;;;;;;;;;;;;;;;;;;;;;;;;;;;;;;;;;;;;X;;;X;;;X;;;
601004;601-004;EXTINCTEUR;;TEST;;;X;X;;;;;;;;;;;;;;;;;;;;;;;;;;X;;;;;;;;;;X;;;;;;;;;;;;;;;;;;;;;;;;;;;;;;;;;;;;;;;;;;;;X;;;;;;X;;;;;;;;X;;;
60100E02;60100E02;AIR STARTER VALVE;OVERHAUL;;;;X;;;;;;;;;X;;;;;;;;;;;;;;;;;;X;;;;;;;;;;;X;;;;;;;;;;;;;;;;;;;;;;;;;;;;;;;;;;;;;;;;;;;;;;;;;;;;;;;;X;;;;
601022101;601022-101;GALLEY;;REPAIR;;;X;;;;;;;;;;;;;;;;;;;;;;;;;;;X;;;X;;;;;;;;;;;;;;;;;;;;;;;;;;;;;;;;;;;;;;;;;;;;;;;;;;;;;;;;;;;;;;;;;X;;;
6010241;601024-1;GALLEY;;REPAIR;;;X;;;;;;;;;;;;;;;;;;;;;;;;;;;X;;;X;;;;;;;;;;;;;;;;;;;;;;;;;;;;;;;;;;;;;;;;;;;;;;;;;;;;;;;;;;;;;;;;;X;;;
6010251;601025-1;GALLEY;;REPAIR;;;X;;;;;;;;;;;;;;;;;;;;;;;;;;;X;;;X;;;;;;;;;;;;;;;;;;;;;;;;;;;;;;;;;;;;;;;;;;;;;;;;;;;;;;;;;;;;;;;;;X;;;
6011777;60-1177-7;EMERGENCY BATTERY PACK;;REPAIR;;DNR;X;X;;;;;;;;;;;;;;;;;;;;;;;;;;X;;;;;;;;;;X;;;;;;;;;;;;;;;;;;;;;;;;;;;;;;;;;;;;;;;;;;;;;;;;;;;;;;;;;;X;;;
6011779;60-1177-9;EMERGENCY BATTERY PACK;;REPAIR;;DNR;X;;;;;;;;;;;;;;;;;;;;;;;;;;;;;;;;;;;;;;;;;;;;;;;;;;;;;;;;;;;;;;;;;;;;X;;;;;;;;;;;;;X;;;;;;;;;;;;;;X;;X;
601R140021;601R14002-1;FLAP ASSY INBOARD;;REPAIR;;;X;X;;X;;;;;;;;;;;;;;;;;;;;;;;;;;;;;;;;;;;;;;;;;;;;;;;;;;;;;;;;;;;;;;;;;X;;;;;;;;;;;;;X;;;;;;;;;;;;;;X;;;
601R310513;601R3105-13;B.P.S.U.;;REPAIR;;;X;X;;X;;;;;;;;;;;;;;;;;;;;;;;;;;;;;;;;;;;;;;;;;;;;;;;;;;;;;;;;;;;;;;;;;X;;;;;;;;;;;;;X;;;;;;;;;;;;;;X;;;
601R31057;601R3105-7;B.P.S.U.;;REPAIR;;;X;X;;X;;;;;;;;;;;;;;;;;;;;;;;;;;;;;;;;;;;;;;;;;;;;;;;;;;;;;;;;;;;;;;;;;X;;;;;;;;;;;;;X;;;;;;;;;;;;;;X;;;
601R31980109;601R31980-109;PANEL ASSY STAIRS;;REPAIR;;;X;X;;;;;;;;;;;;;;;;;;;;;;;;;;;;;;;;;;;;;;;;;;;;;;;;;;;;;;;;;;;;;;;;;;;X;;;;;;;;;;;;;X;;;;;;;;;;;;;;X;;X;
601R319803;601R31980-3;PANEL-HINGED;;REPAIR;;;X;X;;;;;;;;;;;;;;;;;;;;;;;;;;;;;;;;;;;;;;;;;;;;;;;;;;;;;;;;;;;;;;;;;;;X;;;;;;;;;;;;;X;;;;;;;;;;;;;;X;;X;
601R3198059;601R31980-59;PANEL;;REPAIR;;;X;X;;;;;;;;;;;;;;;;;;;;;;;;;;;;;;;;;;;;;;;;;;;;;;;;;;;;;;;;;;;;;;;;;;;X;;;;;;;;;;;;;X;;;;;;;;;;;;;;X;;X;
601R3198067;601R31980-67;PANEL;;REPAIR;;;X;X;;;;;;;;;;;;;;;;;;;;;;;;;;;;;;;;;;;;;;;;;;;;;;;;;;;;;;;;;;;;;;;;;;;X;;;;;;;;;;;;;X;;;;;;;;;;;;;;X;;X;
601R35205105;601R35205-105;STEP PLATE ASSY;;REPAIR;;;X;X;;;;;;;;;;;;;;;;;;;;;;;;;;;;;;;;;;;;;;;;;;;;;;;;;;;;;;;;;;;;;;;;;;;;;;;X;;;;;;;;;;;;;;;;;;;;;;;X;;X;
601R424517;601R42451-7;MONORAIL ASSY;;REPAIR;;;X;X;;;;;;;;;;;;;;;;;;;;;;;;;;;;;;;;;;;;;;;;;;;;;;;;;;;;;;;;;;;;;;;;;;;X;;;;X;;;;;;;;;X;;;;;;;;;;;;;;X;;;
601R431291;601R43129-1;VALVE;;REPAIR;;;X;X;;X;;;;;;;;;;;;;;;;;;;;;;;;;;;;;;;;;;;;;;;;;;;;;;;;;;;;;;;;;;;;;;;;;X;;;;X;;;;;;;;;X;;;;;;;;;;;;;;X;;;
601R431353;601R43135-3;PUMP;;BENCH TEST;;;X;X;;X;;;;;;;;;;;;;;;;;;;;;;;;;;;;;;;;;;;;;;;;;;;;;;;;;;;;;;;;;;;;;;;;;X;;;;X;;;;;;;;;X;;;;;;;;;;;;;;X;;;
601R515941;601R51594-1;YAM DAMPER CONTROL PANEL;;REPAIR;;;X;X;;X;;;;;;;;;;;;;;;;;;;;;;;;;;;;;;;;;;;;;;;;;;;;;;;;;;;;;;;;;;;;;;;;;X;;;;X;;;;;;;;;;;;;;;;;;;;;;;X;;;
601R53319951;601R53319-951;ENG OIL FAULT PANEL;;REPAIR;;;X;X;;;;;;;;;;;;;;;;;;;;;;;;;;;;;;;;;;;;;;;;;;;;;;;;;;;;;;;;;;;;;;;;;;;X;;;;;;;;;;;;;X;;;;;;;;;;;;;;X;;X;
601R6255810;601R62558-10;SHROUD ASSY;;REPAIR;;;X;X;;X;;;;;;;;;;;;;;;;;;;;;;;;;;;;;;;;;;;;;;;;;;;;;;;;;;;;;;;;;;;;;;;;;X;;;;;;;;;;;;;X;;;;;;;;;;;;;;X;;;
601R861001;601R86100-1;MODULE;;REPAIR;;;X;X;;X;;;;;;;;;;;;;;;;;;;;;;;;;;;;;;;;;;;;;;;;;;;;;;;;;;;;;;;;;;;;;;;;;X;;;;;;;;;;;;;X;;;;;;;;;;;;;;X;;;
601R952111;601R95211-1;DUCT ASSY- (LH);;REPAIR;;;X;X;; ;;;;;;;;;;;;;;;;;;;;;;;;;;;;;;;;;;;;;;;;;;;;;;;;;;;;;;;;;;;;;;;;;X;;;;X;;;;;;;;; ;;;;;;;;;;;;;;X;;X;
601R95211113;601R95211-113;DUCT ASSY;;REPAIR;;;X;X;;X;;;;;;;;;;;;;;;;;;;;;;;;;;;;;;;;;;;;;;;;;;;;;;;;;;;;;;;;;;;;;;;;;X;;;;;;;;;;;;;X;;;;;;;;;;;;;;X;;X;
601R9521171;601R95211-71;DUCT ASSY;;REPAIR;;;X;;;;;;;;;;;;;;;;;;;;;;;;;;;;;;;;;;;;;;;;;;;;;;;;;;;;;;;;;;;;;;;;;;;;X;;;;;;;;;;;;;X;;;;;;;;;;;;;;X;;X;
601R961517;601R96151-7;WELDED ASSY BULKHEAD;;REPAIR;;;X;X;;;;;;;;;;;;;;;;;;;;;;;;;;;;;;;;;;;;;;;;;;;;;;;;;;;;;;;;;;;;;;;;;;;X;;;;X;;;;;;;;;X;;;;;;;;;;;;;;X;;X;
601R9715015;601R97150-15;ACCESS PANEL APU;;REPAIR;;;X;X;;;;;;;;;;;;;;;;;;;;;;;;;;;;;;;;;;;;;;;;;;;;;;;;;;;;;;;;;;;;;;;;;;;X;;;;;;;;;;;;;X;;;;;;;;;;;;;;X;;X;
601R9720419;601R97204-19;EXHAUST;;REPAIR;;;X;X;;;;;;;;;;;;;;;;;;;;;;;;;;;;;;;;;;;;;;;;;;;;;;;;;;;;;;;;;;;;;;;;;;;X;;;;;;;;;;;;;X;;;;;;;;;;;;;;X;;X;
601R9720913;601R97209-13;EXHAUST;;REPAIR;;;X;X;;;;;;;;;;;;;;;;;;;;;;;;;;;;;;;;;;;;;;;;;;;;X;;;;;;;;;;;;;;;;;;;;;;;;;;;;;;;;;;;;;;;;;;;;;;;;;;X;;;
60211;6021-1;ALTERNATOR;REPAIR;;;;X;;;;;;;;;;X;;X;;;;;;;;;;;;;;;;;;;;;;;;;;;;;;;;;;;;;;;;;;;;;;;;;;;;;;;;;;;;;;;;;;;;;;;;;;;;;;;;;;X;;;;
6025021;60-2502-1;LEFT/RIGHT/FRONT EMERGENCY LIG;;REPAIR;;;X;X;;X;;;;;;;;;;;;;;;;;;;;;;;;;;;;;;;;;;;;;;;;;;;;;;;;;X;;;;;X;;;;;;;;;;;;;;;;;;;;;;;;;;;;;;;;;;;;;;X;;;
6025023;60-2502-3;LEFT/RIGHT/FRONT EMERGENCY LIG;;REPAIR;;;X;X;;X;;;;;;;;;;;;;;;;;;;;;;;;;;;;;;;;;;;;;;;;;;;;;;;;;X;;;;;X;;;;;;;;;;;;;;;;;;;;;;;;;;;;;;;;;;;;;;X;;;
6025025;60-2502-5;LEFT/RIGHT/FRONT EMERGENCY LIG;;REPAIR;;;X;X;;X;;;;;;;;;;;;;;;;;;;;;;;;;;;;;;;;;;;;;;;;;;;;;;;;;X;;;;;X;;;;;;;;;;;;;;;;;;;;;;;;;;;;;;;;;;;;;;X;;;
6038951;60-3895-1;BATT ECLAIRAGE SECOURS;;OVERHAUL;;;X;X;;X;;;;;;;;;;;;;;;;;;;;;;;;;;;;;;;;;;;;;;;;;;;;;;;;;;;;;;;;;;;;;;;;;;;;;;;X;;;;;;;;;;;;;;;X;X;;;;;X;;;
6040681;60-4068-1;POWER SUPPLY BATTERY;;REPAIR;;DNR;X;X;;;;;;;;;;;;;;;;;;;;;;;;;;;;;;;;;;;;;;;;;;;;;;;;;;;;;;;;;;;;;;;;;;;;;;;;;;;;;;;;;;;;;;;;X;X;;;;;X;;;
6049151;60-4915-1;POWER SUPPLY BATTERY;;OVERHAUL;;DNR;X;X;;X;;;;;;;;;;;;;;;;;;;;;;;;;;;;;;;;;;;;;;;;;;;;;;;;;;;;;;;;;;;;;;;;;;;;;;;;;;;;;;X;;;;;;;;;;;;;;X;;;
605;605;BATTERY;;OVERHAUL;;DNR;X;X;;;;;;;;;;;;;;;;;;;;;;;;;;X;;;;;;;;;;X;;;;;;;;;;;;;;;;;;;;;;;;;;;;;;;;;;;;;;;;;;;;;;;;;;;;;;;;;;X;;;
60701;6070-1;MOTOR REDUCER;;REPAIR;;;X;;;;;;;;;X;;;;;;;;;;;;;;;;;;;;;;;;;;;;;;;;;;;;;;;;;;;X;;;;;X;X;;;;;;;;;;;;;;;;;;;;;;;;;;;;;;;;;;;;;X;;;
60714821;607148-2-1;SENSOR;;BENCH TEST;;;X;X;;X;;;;;;;;;;;;;;;;;;;;;;;;;;;;;;;;;;;;;;;;;;;;;;;;;;;;;;;;;;;;;;;;;;;;;;;X;X;;;;;;X;;;;;;;;;;;;;;X;;X;
6071T97G01;6071T97G01;PLENUM-INLET PARTICLE SEPARAT;;REPAIR;;;X;;;;;;;;;;;;;;;;;;;;;;;;;;;;;;;;;;;;;;;;;;;;;;;;;;;;;;;;;;;;;;;;;;;;X;;;;;;X;;;;;;;X;;;;;;;;;;;;;;X;;;
607300001;60730-000-1;TRANSDUCER;;REPAIR;;;X;;;;;;;;;;;;;;;;;;;;;;;;;;;;;;;;;;;;;;;;;;;;;;;;;;;;;;;;;;;;;;;;;;;;;;;;;;;;;;;;;X;;;;;;;;;;;;;;X;;;
608401;6084-01;OXYGEN CYLINDER;;OVERHAUL;;;X;X;;X;;;;;;;;;;;;;;;;;;;;;;;;;;;;;;;;;;;;;;;;;;;;;;;;;;;;;;;;;;;;;;;;;;;;;;;;;;;;;;X;;;;;;;;;;;;;;X;;;
608402;6084-02;OXYGEN CYLINDER;;OVERHAUL;;;X;X;;X;;;;;;;;;;;;;;;;;;;;;;;;;;;;;;;;;;;;;;;;;;;;;;;;;;;;;;;;;;;;;;;;;;;;;;;;;;;;;;X;;;;;;;;;;;;;;X;;;
608404;6084-04;OXYGEN CYLINDER;;OVERHAUL;;;X;X;;;;;;;;;;;;;;;;;;;;;;;;;;;;;;;;;;;;;;;;;;;;;;;;;;;;;;;;;;;;;;;;;;;;;;;;;;;;;;;;X;;;;;;;;;;;;;;X;;;
608420;6084-20;OXYGEN CYLINDER;;OVERHAUL;;;X;X;; ;;;;;;;;;;;;;;;;;;;;;;;;;;;;;;;;;;;;;;;;;;;;;;;;;;;;;;;;;;;;;;;;;;;;;;;;;;;;;;X;;;;;;;;;;;;;;X;;;
608426;6084-26;OXYGEN CYLINDER;;OVERHAUL;;;X;X;;;;;;;;;;;;;;;;;;;;;;;;;;;;;;;;;;;;;;;;;;;;;;;;;;;;;;;;;;;;;;;;;;;;;;;;;;;;;;;;X;;;;;;;;;;;;;;X;;;
608429;6084-29;OXYGEN CYLINDER;;OVERHAUL;;;X;X;;X;;;;;;;;;;;;;;;;;;;;;;;;;;;;;;;;;;;;;;;;;;;;;;;;;;;;;;;;;;;;;;;;;;;;;;;;;;;;;;X;;;;;;;;;;;;;;X;;;
608433;6084-33;OXYGEN CYLINDER;;OVERHAUL;;;X;X;;;;;;;;;;;;;;;;;;;;;;;;;;;;;;;;;;;;;;;;;;;;;;;;;;;;;;;;;;;;;;;;;;;;;;;;;;;;;;;;X;;;;;;;;;;;;;;X;;;
608434;6084-34;OXYGEN CYLINDER;;OVERHAUL;;;X;X;;;;;;;;;;;;;;;;;;;;;;;;;;;;;;;;;;;;;;;;;;;;;;;;;;;;;;;;;;;;;;;;;;;;;;;;;;;;;;;;X;;;;;;;;;;;;;;X;;;
60B002102;60B00210-2;VALVE, NOSE WHEEL STEERING METERING;OVERHAUL;;;;X;X;X;X;X;;;X;;;;;;;;;;;;;;;;;;;;X;;;;;;;;;;;;;;;;;;;;;;;;;;;;;;;;;;;;;;;;;;;;;;;;;;;;;;;;;;;;;;;;;;;X;;;;
60B002104;60B00210-4;VALVE, NOSE WHEEL STEERING METERING;OVERHAUL;;;;X;X;X;X;X;;;X;;;;;;;;;;;;;;;;;;;;X;;;;;;;;;;;;;;;;;;;;;;;;;;;;;;;;;;;;;;;;;;;;;;;;;;;;;;;;;;;;;;;;;;;X;;;;
60B002105;60B00210-5;VALVE, NOSE WHEEL STEERING METERING;OVERHAUL;;;;X;X;X;X;X;;;X;;;;;;;;;;;;;;;;;;;;X;;;;;;;;;;;;;;;;;;;;;;;;;;;;;;;;;;;;;;;;;;;;;;;;;;;;;;;;;;;;;;;;;;;X;;;;
60B002106;60B00210-6;VALVE, NOSE WHEEL STEERING METERING;OVERHAUL;;;;X;X;X;X;X;;;X;;;;;;;;;;;;;;;;;;;;X;;;;;;;;;;;;;;;;;;;;;;;;;;;;;;;;;;;;;;;;;;;;;;;;;;;;;;;;;;;;;;;;;;;X;;;;
60B002107;60B00210-7;VALVE, NOSE WHEEL STEERING METERING;OVERHAUL;;;;X;X;X;X;X;;;X;;;;;;;;;;;;;;;;;;;;X;;;;;;;;;;;;;;;;;;;;;;;;;;;;;;;;;;;;;;;;;;;;;;;;;;;;;;;;;;;;;;;;;;;X;;;;
6104789;61-0478-9;BATTERY-NICAD;;REPAIR;;DNR;X;X;;X;;;;;;;;;;;;;;;;;;;;;;;;;;;;;;;;;;;;;;;;;;;;;;;;;;;;;;;;;;;;;;;;;;;;;;;;;;;;;;;;;;;;;;X;X;;;;;X;;;
61163;61163;ENGINE FUEL SHUTOFF VALVE ;;OVERHAUL;;;X;X;;X;;;;;;;;;;;;;;;;;;;;;;;;X;;;X;;;;;;;;;;;;;;;;;;;;;;;;;;;;;;;;;;;;;;;;;;;;;;;;;;;;;;;;;;;;;;;;;X;;;
6136661;61-3666-1;COVER ASSY;;REPAIR;;;X;X;;X;;;;;;;;;;;;;;;;;;;;;;;;X;;;X;;;;;;;;;;;;;;;;;;;;;;;;;;;;;;;;;;;;;;;;;;;;;;;;;;;;;;;;;;;;;;;;;X;;X;
614741031;61474-103-1;INDICATOR, TACHOMETER;REPAIR;;;;X;X;X;X;X;;;;;;X;;;;;;;;;;;;;;;;;;;;;;;;;;;;;;;;;;;;;;;;;;;;;;;;;;;;;;;;;;;;;;;;;;;;;;;;;;;;;;;;;;;;X;;;;
614741032;61474-103-2;INDICATOR, TACHOMETER;REPAIR;;;;X;X;X;X;X;;;;;;X;;;;;;;;;;;;;;;;;;;;;;;;;;;;;;;;;;;;;;;;;;;;;;;;;;;;;;;;;;;;;;;;;;;;;;;;;;;;;;;;;;;;X;;;;
614741033;61474-103-3;INDICATOR, TACHOMETER;REPAIR;;;;X;X;X;X;X;;;;;;X;;;;;;;;;;;;;;;;;;;;;;;;;;;;;;;;;;;;;;;;;;;;;;;;;;;;;;;;;;;;;;;;;;;;;;;;;;;;;;;;;;;;X;;;;
614741034;61474-103-4;INDICATOR, TACHOMETER;REPAIR;;;;X;X;X;X;X;;;;;;X;;;;;;;;;;;;;;;;;;;;;;;;;;;;;;;;;;;;;;;;;;;;;;;;;;;;;;;;;;;;;;;;;;;;;;;;;;;;;;;;;;;;X;;;;
614741081;61474-108-1;INDICATOR, TACHOMETER;REPAIR;;;;X;X;X;X;X;;;;;;X;;;;X;X;;;;;;;;;;;;;;;;;;;;;;;;;;;;;;;;;;;;;;;;;;;;;;;;;;;;;;;;;;;;;;;;;;;;;;;;;;;;;;;X;;;;
614741082;61474-108-2;INDICATOR, TACHOMETER;REPAIR;;;;X;X;X;X;X;;;;;;X;;;;X;X;;;;;;;;;;;;;;;;;;;;;;;;;;;;;;;;;;;;;;;;;;;;;;;;;;;;;;;;;;;;;;;;;;;;;;;;;;;;;;;X;;;;
614741121;61474-112-1;INDICATOR, TACHOMETER;REPAIR;;;;X;X;X;X;X;;;;;;X;;;;X;X;;;;;;;;;;;;;;;;;;;;;;;;;;;;;;;;;;;;;;;;;;;;;;;;;;;;;;;;;;;;;;;;;;;;;;;;;;;;;;;X;;;;
614741122;61474-112-2;INDICATOR, TACHOMETER;REPAIR;;;;X;X;X;X;X;;;;;;X;;;;X;X;;;;;;;;;;;;;;;;;;;;;;;;;;;;;;;;;;;;;;;;;;;;;;;;;;;;;;;;;;;;;;;;;;;;;;;;;;;;;;;X;;;;
614741141;61474-114-1;INDICATOR, TACHOMETER;REPAIR;;;;X;X;X;X;X;;;;;;X;;;;;;;;;;;;;;;;;;;;;;;;;;;;;;;;;;;;;;;;;;;;;;;;;;;;;;;;;;;;;;;;;;;;;;;;;;;;;;;;;;;;X;;;;
614741301;61474-130-1;INDICATOR, TACHOMETER;REPAIR;;;;X;X;X;X;X;;;;;;X;;;;X;X;;;;;;;;;;;;;;;;;;;;;;;;;;;;;;;;;;;;;;;;;;;;;;;;;;;;;;;;;;;;;;;;;;;;;;;;;;;;;;;X;;;;
614741302;61474-130-2;INDICATOR, TACHOMETER;REPAIR;;;;X;X;X;X;X;;;;;;X;;;;X;X;;;;;;;;;;;;;;;;;;;;;;;;;;;;;;;;;;;;;;;;;;;;;;;;;;;;;;;;;;;;;;;;;;;;;;;;;;;;;;;X;;;;
614741312;61474-131-2;INDICATOR, TACHOMETER;REPAIR;;;;X;X;X;X;X;;;;;;X;;;;;;;;;;;;;;;;;;;;;;;;;;;;;;;;;;;;;;;;;;;;;;;;;;;;;;;;;;;;;;;;;;;;;;;;;;;;;;;;;;;;X;;;;
614741321;61474-132-1;INDICATOR, TACHOMETER;REPAIR;;;;X;X;X;X;X;;;;;;X;;;;;;;;;;;;;;;;;;;;;;;;;;;;;;;;;;;;;;;;;;;;;;;;;;;;;;;;;;;;;;;;;;;;;;;;;;;;;;;;;;;;X;;;;
614741331;61474-133-1;INDICATOR, TACHOMETER;REPAIR;;;;X;X;X;X;X;;;;;;X;;;;;;;;;;;;;;;;;;;;;;;;;;;;;;;;;;;;;;;;;;;;;;;;;;;;;;;;;;;;;;;;;;;;;;;;;;;;;;;;;;;;X;;;;
614741341;61474-134-1;INDICATOR, TACHOMETER;REPAIR;;;;X;X;X;X;X;;;;;;X;;;;;;;;;;;;;;;;;;;;;;;;;;;;;;;;;;;;;;;;;;;;;;;;;;;;;;;;;;;;;;;;;;;;;;;;;;;;;;;;;;;;X;;;;
614741351;61474-135-1;INDICATOR, TACHOMETER;REPAIR;;;;X;X;X;X;X;;;;;;X;;;;;;;;;;;;;;;;;;;;;;;;;;;;;;;;;;;;;;;;;;;;;;;;;;;;;;;;;;;;;;;;;;;;;;;;;;;;;;;;;;;;X;;;;
614751001;61475-100-1;INDICATOR, TACHOMETER;REPAIR;;;;X;X;X;X;X;;;;;;X;;;;;X;;;;;;;;;;;;;;;;;;;;;;;;;;;;;;;;;;;;;;;;;;;;;;;;;;;;;;;;;;;;;;;;;;;;;;;;;;;;;;;X;;;;
614751021;61475-102-1;INDICATOR, TACHOMETER;REPAIR;;;;X;X;X;X;X;;;;;;X;;;;;X;;;;;;;;;;;;;;;;;;;;;;;;;;;;;;;;;;;;;;;;;;;;;;;;;;;;;;;;;;;;;;;;;;;;;;;;;;;;;;;X;;;;
614751031;61475-103-1;INDICATOR, TACHOMETER;REPAIR;;;;X;X;X;X;X;;;;;;X;;;;X;X;;;;;;;;;;;;;;;;;;;;;;;;;;;;;;;;;;;;;;;;;;;;;;;;;;;;;;;;;;;;;;;;;;;;;;;;;;;;;;;X;;;;
614751041;61475-104-1;INDICATOR, TACHOMETER;REPAIR;;;;X;X;X;X;X;;;;;;X;;;;;X;;;;;;;;;;;;;;;;;;;;;;;;;;;;;;;;;;;;;;;;;;;;;;;;;;;;;;;;;;;;;;;;;;;;;;;;;;;;;;;X;;;;
614751051;61475-105-1;INDICATOR, TACHOMETER;REPAIR;;;;X;X;X;X;X;;;;;;X;;;;;X;;;;;;;;;;;;;;;;;;;;;;;;;;;;;;;;;;;;;;;;;;;;;;;;;;;;;;;;;;;;;;;;;;;;;;;;;;;;;;;X;;;;
614751061;61475-106-1;INDICATOR, TACHOMETER;REPAIR;;;;X;X;X;X;X;;;;;;X;;;;;X;;;;;;;;;;;;;;;;;;;;;;;;;;;;;;;;;;;;;;;;;;;;;;;;;;;;;;;;;;;;;;;;;;;;;;;;;;;;;;;X;;;;
614751071;61475-107-1;INDICATOR, TACHOMETER;REPAIR;;;;X;X;X;X;X;;;;;;X;;;;;X;;;;;;;;;;;;;;;;;;;;;;;;;;;;;;;;;;;;;;;;;;;;;;;;;;;;;;;;;;;;;;;;;;;;;;;;;;;;;;;X;;;;
614751081;61475-108-1;INDICATOR, TACHOMETER;REPAIR;;;;X;X;X;X;X;;;;;;X;;;;;X;;;;;;;;;;;;;;;;;;;;;;;;;;;;;;;;;;;;;;;;;;;;;;;;;;;;;;;;;;;;;;;;;;;;;;;;;;;;;;;X;;;;
614751091;61475-109-1;INDICATOR, TACHOMETER;REPAIR;;;;X;X;X;X;X;;;;;;X;;;;;X;;;;;;;;;;;;;;;;;;;;;;;;;;;;;;;;;;;;;;;;;;;;;;;;;;;;;;;;;;;;;;;;;;;;;;;;;;;;;;;X;;;;
614751101;61475-110-1;INDICATOR, TACHOMETER;REPAIR;;;;X;X;X;X;X;;;;;;X;;;;;X;;;;;;;;;;;;;;;;;;;;;;;;;;;;;;;;;;;;;;;;;;;;;;;;;;;;;;;;;;;;;;;;;;;;;;;;;;;;;;;X;;;;
614751111;61475-111-1;INDICATOR, TACHOMETER;REPAIR;;;;X;X;X;X;X;;;;;;X;;;;;X;;;;;;;;;;;;;;;;;;;;;;;;;;;;;;;;;;;;;;;;;;;;;;;;;;;;;;;;;;;;;;;;;;;;;;;;;;;;;;;X;;;;
614751142;61475-114-2;INDICATOR, TACHOMETER;REPAIR;;;;X;X;X;X;X;;;;;;X;;;;;X;;;;;;;;;;;;;;;;;;;;;;;;;;;;;;;;;;;;;;;;;;;;;;;;;;;;;;;;;;;;;;;;;;;;;;;;;;;;;;;X;;;;
614751152;61475-115-2;INDICATOR, TACHOMETER;REPAIR;;;;X;X;X;X;X;;;;;;X;;;;;X;;;;;;;;;;;;;;;;;;;;;;;;;;;;;;;;;;;;;;;;;;;;;;;;;;;;;;;;;;;;;;;;;;;;;;;;;;;;;;;X;;;;
615331021;61533-102-1;INDICATOR, TEMPERATURE;REPAIR;;;;X;X;X;X;X;;;;;;X;;;;;X;;;;;;;;;;;;;;;;;;;;;;;;;;;;;;;;;;;;;;;;;;;;;;;;;;;;;;;;;;;;;;;;;;;;;;;;;;;;;;;X;;;;
615331031;61533-103-1;INDICATOR, TEMPERATURE;REPAIR;;;;X;X;X;X;X;;;;;;X;;;;;X;;;;;;;;;;;;;;;;;;;;;;;;;;;;;;;;;;;;;;;;;;;;;;;;;;;;;;;;;;;;;;;;;;;;;;;;;;;;;;;X;;;;
615331041;61533-104-1;INDICATOR, TEMPERATURE;REPAIR;;;;X;X;X;X;X;;;;;;X;;;;;X;;;;;;;;;;;;;;;;;;;;;;;;;;;;;;;;;;;;;;;;;;;;;;;;;;;;;;;;;;;;;;;;;;;;;;;;;;;;;;;X;;;;
615331061;61533-106-1;INDICATOR, TEMPERATURE;REPAIR;;;;X;X;X;X;X;;;;;;X;;;;;X;;;;;;;;;;;;;;;;;;;;;;;;;;;;;;;;;;;;;;;;;;;;;;;;;;;;;;;;;;;;;;;;;;;;;;;;;;;;;;;X;;;;
615331071;61533-107-1;INDICATOR, TEMPERATURE;REPAIR;;;;X;X;X;X;X;;;;;;X;;;;;X;;;;;;;;;;;;;;;;;;;;;;;;;;;;;;;;;;;;;;;;;;;;;;;;;;;;;;;;;;;;;;;;;;;;;;;;;;;;;;;X;;;;
615331092;61533-109-2;INDICATOR, TEMPERATURE;REPAIR;;;;X;X;X;X;X;;;;;;X;;;;;;;;;;;;;;;;;;;;;;;;;;;;;;;;;;;;;;;;;;;;;;;;;;;;;;;;;;;;;;;;;;;;;;;;;;;;;;;;;;;;X;;;;
615331093;61533-109-3;INDICATOR, TEMPERATURE;REPAIR;;;;X;X;X;X;X;;;;;;X;;;;;;;;;;;;;;;;;;;;;;;;;;;;;;;;;;;;;;;;;;;;;;;;;;;;;;;;;;;;;;;;;;;;;;;;;;;;;;;;;;;;X;;;;
615331094;61533-109-4;INDICATOR, TEMPERATURE;REPAIR;;;;X;X;X;X;X;;;;;;X;;;;;X;;;;;;;;;;;;;;;;;;;;;;;;;;;;;;;;;;;;;;;;;;;;;;;;;;;;;;;;;;;;;;;;;;;;;;;;;;;;;;;X;;;;
615331095;61533-109-5;INDICATOR, TEMPERATURE;REPAIR;;;;X;X;X;X;X;;;;;;X;;;;;X;;;;;;;;;;;;;;;;;;;;;;;;;;;;;;;;;;;;;;;;;;;;;;;;;;;;;;;;;;;;;;;;;;;;;;;;;;;;;;;X;;;;
615331111;61533-111-1;INDICATOR, TEMPERATURE;REPAIR;;;;X;X;X;X;X;;;;;;X;;;;;X;;;;;;;;;;;;;;;;;;;;;;;;;;;;;;;;;;;;;;;;;;;;;;;;;;;;;;;;;;;;;;;;;;;;;;;;;;;;;;;X;;;;
615331174;61533-117-4;INDICATOR, TEMPERATURE;REPAIR;;;;X;X;X;X;X;;;;;;X;;;;;X;;;;;;;;;;;;;;;;;;;;;;;;;;;;;;;;;;;;;;;;;;;;;;;;;;;;;;;;;;;;;;;;;;;;;;;;;;;;;;;X;;;;
615331211;61533-121-1;INDICATOR, TEMPERATURE;REPAIR;;;;X;X;X;X;X;;;;;;X;;;;;X;;;;;;;;;;;;;;;;;;;;;;;;;;;;;;;;;;;;;;;;;;;;;;;;;;;;;;;;;;;;;;;;;;;;;;;;;;;;;;;X;;;;
6153A;6153A;RECTIFIER, TRANSFO;REPAIR;;;;X;X;X;X;X;;;;;;X;;;;X;;;;;;;;;;;;;;;;;;;;;;;;;;;;;;;;;;;;;;;;;;;;;;;;;;;;;;;;;;;;;;;;;;;;;;;;;;;;;;;;X;;;;
615511012;61551-101-2;INDICATOR, SLAT & FLAP POSITION;REPAIR;;;;X;X;X;X;X;;;;;;;;;;;;;X;;;X;;;;;;;;;;;;;;;;;;;;;;;;;;;;;;;;;;;;;;;;;;;;;;;;;;;;;;;;;;;;;;;;;;;;;;;;;;X;;;;
615511021;61551-102-1;INDICATOR, SLAT & FLAP POSITION;REPAIR;;;;X;X;X;X;X;;;;;;;;;;;;;X;;;X;;;;;;;;;;;;;;;;;;;;;;;;;;;;;;;;;;;;;;;;;;;;;;;;;;;;;;;;;;;;;;;;;;;;;;;;;;X;;;;
616;616;BATTERY;;OVERHAUL;;;X;X;;X;;;;;;X;;;;;;;;;;;;;;;;;;;;;;;;;;;;;;;;;;;;;;;;;;;;;;;;;;;;;;;;;;;;;;;;;X;X;;;;;;;;;;;;;;;;;;;;X;;;
61620468;61620-468;SLIDE EVACUATION SYSTEM;;OVERHAUL;;;X;X;;X;;;;;;;;;;;;;;;;;;;;;;;;X;;;X;;;;;;;;;;;;;;;;;;;;;;;;;;;;;;;;;;;;;;;;;;;;;;;;;;;;;;;;;;;;;;;;;X;;X;
61621469;61621-469;SLIDE EVACUATION SYSTEM;;OVERHAUL;;;X;X;;;;;;;;;;;;;;;;;;;;;;;;;;;;;;;;;;;;;;;;;;;;;;;;;;;X;;;;;;;;;;;;;;;;;;;;;;;;;;;;;X;;;;;;;;;;;;;;X;;;
6175123;617512-3;PACK TEMPERATURE CONTROL;REPAIR;;;;X;X;X;X;X;;;;;;;;;;;;;X;X;X;X;;;;;;;;;;;;;;;;;;;;;;;;;;;;;;;;;;;;;;;;;;;;;;;;;;;;;;;;;;;;;;;;;;;;;;;;;;X;;;;
6179243;617924-3;APU AND PACK TEMPERATURE CONTROL;REPAIR;;;;X;X;X;X;X;;;;;;;;;;;;;X;X;X;X;;;;;;;;;;;;;;;;;;;;;;;;;;;;;;;;;;;;;;;;;;;;;;;;;;;;;;;;;;;;;;;;;;;;;;;;;;X;;;;
6179246;617924-6;APU AND PACK TEMPERATURE CONTROL;REPAIR;;;;X;X;X;X;;;;;;;;;;;;;;;;;;;;;;;;X;;;;;;;;;X;;;;;;;;;;;;;;;;;;;;;;;;;;;;;;;;;;;;;;;;;;;;;;;;;;;;;;;;;;X;;;;
62197001001;62197-001-001;WATER BOILER;REPAIR;;;;X;X;X;X;X;;;;;;;;;;;;;X;;;;X;X;X;X;;;;;;;;;;;;;;;;;;;;;;;;;;;;;;;;;;;;;;;;;;;;;;;;;;;;;;;;;;;;;;;;;;;;;;X;;;;
62197101001;62197-101-001;WATER BOILER;REPAIR;;;;X;X;X;X;X;;;;;;;;;;;;;X;;;;X;X;X;X;;;;;;;;;;;;;;;;;;;;;;;;;;;;;;;;;;;;;;;;;;;;;;;;;;;;;;;;;;;;;;;;;;;;;;X;;;;
6220876001;622-0876-001;NAV RECEIVER;;REPAIR;;DNR;X;X;;X;;;;;;; ;; ;;;;;;;;;;;;;;;;;;;;;;;;;;;;;;;;;;;;;;;;;;;;;;;;;;;;;;;;;;;;;;;;;;;;;X;X;;;;;;;;;;;;;X;;;
6220876002;622-0876-002;NAV RECEIVER;;REPAIR;;DNR;X;X;;X;;;;;;; ;;X;;;;;;;;;;;;;;;;;;;;;;;;;;;;;;;;;;;;;;;;;;;;;;;;;;;;;;;;;;;;;;;;;;;;;X;;;;;;;;;;;;;;X;;;
6220876011;622-0876-011;NAV RECEIVER;;REPAIR;;DNR;X;X;;X;;;;;;;X;;X;;;;;;;;;;;;;;;;;;;;;;;;;;;;;;;;;;;;;;;;;;;;;;;;;;;;;;;;;;;;;;;;;;;;;X;;;;;;;;;;;;;;X;;;
6220876201;622-0876-201;NAV RECEIVER;;REPAIR;;DNR;X; ; ; ;;;;;;; ;  ; ;;;;;;;;;;;;;;;;;;;;;;;;;;;;;;;;;;;;;;;;;;;;;;;;;;;;;;;;;;;;;;;;;;;;;X;;;;;;;;;;;;;;X;;;
6220876204;622-0876-204;NAV RECEIVER;;REPAIR;;;X;X;;X;;;;;;;;;;;;;;;;;;;;;;;;X;;;X;;;;;;;;;;;;;;;;;;;;;;;;;;;;;;;;;;;;;;;;;;;;;;;;;;;X;;;;;;X;;;;;;;;X;;;
6221204003;622-1204-003;RADIO ALT IND;;REPAIR;;DNR;X;X;;X;;;;;;;;;;;;;;;;;;;;;;;;;;;;;;;;;;;;;;;;;;;;;;;;;;;;;;;;;;;;;;;;;;;;;;;;;;;;;;;;;;;;;;X;;;X;;;X;;;
6221204004;622-1204-004;RADIO ALT IND;;REPAIR;;DNR;X;X;;X;;;;;;;X;;X;;;;;;;;;;;;;;;;;;;;;;;;;;;;;;;;;;;;;;;;;;;;;;;;;;;;;;;;;;;;;;;;;;;;;X;;;;;;;;;;;;;;X;;;
6221233001;622-1233-001;DME R/T;;REPAIR;;DNR;X;X;;;;;;;;;;;;;;;;;;;;;;;;;;;;;;;;;;;;;;;;;;;;;;;;;;;;;;;;;;;;;;;;;;;;;;;;;;;;;;;;X;;;;;;;;;;;;;;X;;;
6221270001;622-1270-001;TRANSPONDER ATC;;REPAIR;;DNR;X;X;;;;;;;;;;;;;;;;;;;;;;;;;;;;;;;;;;;;;;;;;;;;;;;;;;;;;;;;;;;;;;;;;;;;;;;;;;;;;;;;X;;;;;;;;;;;;;;X;;;
6221334001;622-1334-001;VHF COMM R/T;;REPAIR;;DNR;X;X;;;;;;;;;;;;;;;;;;;;;;;;;;X;;;X;;;;;;;;;;;;;;;;;;;;;;;;;;;;;;;;;;;;;;;;;;;;;;;;;;;;;;;;;;;;;;;;;X;;;
6221762;622176-2;CONTRLLR TEMPERATURE;;REPAIR;;DNR;X;X;;;;;;;;;X;;X;;;;;;;;;;;;;;;;;;;;;;;;;;;;;;;;;;;;;;;;;;;;;;;;;;;;;;;;;;;;;;;;;;;;;X;;;;;;;;;;;;;;X;;;
6221879001;622-1879-001;VHF COMM R/T;;REPAIR;;DNR;X;X;;;;;;;;;;;;;;;;;;;;;;;;;;;;;;;;;;;;;;;;;;;;;;;;;;;;;;;;;;;;;;;;;;;;;;;;;;;;;;;;X;;;;;;X;;;;;;;;X;;;
6221879002;622-1879-002;VHF COMM R/T;;REPAIR;;DNR;X;X;;;;;;;;;;;;;;;;;;;;;;;;;;;;;;;;;;;;;;;;;;;;;;;;;;;;;;;;;;;;;;;;;;;;;;;;;;;;;;;;X;;;;;;X;;;;;;;;X;;;
6222362001;622-2362-001;RECEIVER ADF;;REPAIR;;DNR;X;X;;X;X;;;;;;X;;X;;;;;;;;;;;;;;;;;;;;;;;;;;;;;;;;;;;;;;;;;;;;;;;;;;;;;;;;X;;X;;;;;;;;;;;X;;;;;;;;;;;;;;X;;;
6222363001;622-2363-001;LOOP / ADF ANTENNA;;REPAIR;;DNR;X;X;;X;;;;;;;;;;;;;;;;;;;;;;;;;;;;;;;;;;;;;;;;;;X;;X;;;;;;;;;;;;;;;;;;;;;X;;X;;;;;;;;;;;;;;;;;;;;;;;;;X;;;
6222504001;622-2504-001;RADAR ANTENNA;;REPAIR;;DNR;X;X;;;;;;;;;;;;;;;;;;;;;;;;;;;;;;;;;;;;;;;;;;;;;;;;;;;;;;;;;;;;;;;;;;;;;;;;;X;X;;;;;;X;;;;;;;;;;;;;;X;;;
6222506008;622-2506-008;RADIO MAG IND RMI36;;REPAIR;;;X;X;;;;;;;;;;;;;;;;;;;;;;;;;;;;;;;;;;;;;;;;;;;;X;;X;;;;;;;;;;;;;;;;;;;;;;;;;;;X;;;;;;;;;;;;;;;;;;;;;X;;;
6222855001;622-2855-001;RADIO ALT R/T;;REPAIR;;DNR;X;X;;X;;;;;;;;;;;;;;;;;;;;;;;;;;;;;;;;;;;;;;;;;;;;;;;;;;;;;;;;;;;;;;;;;X;;;;;;;;;;;;;X;;;;;;;;;;;;;;X;;;
6222855011;622-2855-011;RADIO ALTI R/T;;REPAIR;;DNR;X;X;;X;;;;;;;;;;;;;;;;;;;;;;;;;;;;;;;;;;;;;;;;;;;;;;;;;;;;;;;;;;;;;;;;;;;;;;;;;;;;;;;;;;;;;;X;;;X;;;X;;;
6222937002;622-2937-002;INDICATOR RADIO ALTI;;BENCH TEST;;DNR;X;X;;;;;;;;;;;;;;;;;;;;;;;;;;;;;;;;;;;;;;;;;;;;;;;;;;;;;;;;;;;;;;;;;;;;;;;;;;;;;;;;;;;;;;;;X;;;X;;;X;;;
6223178005;622-3178-005;ADF RECEIVER;;REPAIR;;DNR;X;X;;X;;;;;;;;;;;;;;;;;;;;;;;;;;;;;;;;;;;;;;;;;;;;;;;;;;;;;;;;;;;;;;;;;;;;;;;;;;;;;;;;;;;;;;X;;;X;;;X;;;
6223255001;622-3255-001;NAV RECEIVER;;REPAIR;;DNR;X;X;;X;;;;;;;;;;;;;;;;;;;;;;;;;;;;;;;;;;;;;;;;;;;;;;;;;;;;;;;;;;;;;;;;;;;;;;;;;;;;;;;;;;;;;;X;;;X;;;X;;;
6223255002;622-3255-002;NAV RECEIVER;;REPAIR;;DNR;X;X;;X;;;;;;;;;;;;;;;;;;;;;;;;;;;;;;;;;;;;;;;;;;;;;;;;;;;;;;;;;;;;;;;;;;;;;;;;;;;;;;;;;;;;;;X;;;X;;;X;;;
6223255005;622-3255-005;NAV RECEIVER;;REPAIR;;DNR;X;X;;X;;;;;;;;;;;;;;;;;;;;;;;;X;;;X;;;;;;;;;;;;;;;;;;;;;;;;;;;;;;;;;;;;;;;;;;;;;;;;;;;;;;;;;;;;;;;;;X;;;
6223257001;622-3257-001;NAV RECEIVER;;REPAIR;;DNR;X;X;;X;;;;;;;;;;;;;;;;;;;;;;;;;;;;;;;;;;;;;;;;;;;;;;;;;;;;;;;;;;;;;;;;;;;;;;;;;;;;;;;;;;;;;;X;;;X;;;X;;;
6223257003;622-3257-003;NAV RECEIVER;;REPAIR;;DNR;X;X;;X;;;;;;;;;;;;;;;;;;;;;;;;X;;;;;X;;;;;;;;;;;;;;;;;;;;;;;;;;;;;;;;;;;;;;;;;;;;;;;;;;;;;;;;;;;;;;;X;;;
6223257004;622-3257-004;NAV RECEIVER;;REPAIR;;DNR;X;X;;X;;;;;;;;;;;;;;;;;;;;;;;;X;;;;;X;;;;;;;;;;;;;;;;;;;;;;;;;;;;;;;;;;;;;;;;;;;;;;;;;;;;;;;;;;;;;;;X;;;
6224096001;622-4096-001;PASSAGER ADRESS AMPLIFIER;;REPAIR;;DNR;X;X;;X;;;;;;;;;;;;;;;;;;;;;;;;X;;;X;;;;;;;;;;;;;;;;;;;;;;;;;;;;;;;;;;;;;;;;;;;;;;;;;;;;;;;;;;;;;;;;;X;;;
6224096002;622-4096-002;PASSAGER ADRESS AMPLIFIER;;REPAIR;;DNR;X;X;;;;;;;;;;;;;;;;;;;;;;;;;;X;;;;;;;;;;X;;;;;;;;;;;;;;;;;;;;;;;;;;;;;;;;;;;;;;;;;;;;;;;;;;;;;;;;;;X;;;
6224298001;622-4298-001;INDICATEUR HSI;REPAIR;;;;X;;;;;;;;;;;;;;;;;;;;;;;;;;;;;;;;;;;;;;;;;;;;;;;;;;;;;;;;;;;;;;;;;;;;;;;;;;;;;;;;;X;;X;;;;;;;;;;;X;;;;
6224540001;622-4540-001;DME 700;;REPAIR;;DNR;X;X;;X;;;;;;;;;;;;;;;;;;;;;;;;;;;;;;;;;;;;;;;;;;;;;;;;;;;;;;;;;;;;;;;;;;;;;;;;;;;;;;;;;;;;;;X;X;;;;;X;;;
6224540020;622-4540-020;DME 700;;REPAIR;;DNR;X;X;;X;;;;;;;;;;;;;;;;;;;;;;;;;;;;;;;;;;;;;;;;;;;;;;;;;;;;;;;;;;;;;;;;;;;;;;;;;;;;;;;;;;;;;;X;X;;;;;X;;;
6224540021;622-4540-021;DME 700;;REPAIR;;DNR;X;X;;X;;;;;;;;;;;;;;;;;;;;;;;;;;;;;;;;;;;;;;;;;;;;;;;;;;;;;;;;;;;;;;;;;;;;;;;;;;;;;;;;;;;;;;X;X;;;;;X;;;
6224540022;622-4540-022;DME 700;;REPAIR;;DNR;X;X;;X;;;;;;;;;;;;;;;;;;;;;;;;;;;;;;;;;;;;;;;;;;;;;;;;;;;;;;;;;;;;;;;;;;;;;;;;;;;;;;;;;;;;;;X;X;;;;;X;;;
6224540023;622-4540-023;DME 700;;REPAIR;;DNR;X;X;;X;;;;;;;;;;;;;;;;;;;;;;;;;;;;;;;;;;;;;;;;;;;;;;;;;;;;;;;;;;;;;;;;;;;;;;;;;;;;;;;;;;;;;;X;X;;;;;X;;;
6224540120;622-4540-120;DME 700;;REPAIR;;DNR;X;X;;X;;;;;;;;;;;;;;;;;;;;;;;;;;;;;;;;;;;;;;;;;;;;;;;;;;;;;;;;;;;;;;;;;;;;;;;;;;;;;;;;;;;;;;X;X;;;;;X;;;
6224540121;622-4540-121;DME 700;;REPAIR;;DNR;X;X;;X;;;;;;;;;;;;;;;;;;;;;;;;;;;;;;;;;;;;;;;;;;;;;;;;;;;;;;;;;;;;;;;;;;;;;;;;;;;;;;;;;;;;;;X;X;;;;;X;;;
6224540122;622-4540-122;DME 700;;REPAIR;;DNR;X;X;;X;;;;;;;;;;;;;;;;;;;;;;;;;;;;;;;;;;;;;;;;;;;;;;;;;;;;;;;;;;;;;;;;;;;;;;;;;;;;;;;;;;;;;;X;X;;;;;X;;;
6224938001;622-4938-001;RADIO MAGNETIC INDICATOR;;REPAIR;;DNR;X;X;;;;;;;;;;;;;;;;;;;;;;;;;;;;;;;;;;;;;;;;;;;;;;;;;;;;;;;;;;;;;;;;;;;;;;;;;;;;;;;;X;;;;;;;;;;;;;;X;;;
6224938007;622-4938-007;RMI;;REPAIR;;DNR;X;X;;X;;;;;;;;;;;;;;;;;;;;;;;;;;;;;;;;;;;;;;;;;;;;;;;;;;;;;;;;;;;;;;;;;;;;;;;;;;;;;;;;;;;;;;X;X;;;;;X;;;
6225001501;622-5001-501;RADIO DISTANCE MAGNETIC INDICATOR;REPAIR;;;;X;X;X;X;X;;;;;;;;;;;;;X;;X;X;;;;;;;;;;;;;;;;;;;;;;;;;;;;;;;;;;;;;;;;;;;;;;;;;;;;;;;;;;;;;;;;;;;;;;;;;;X;;;;
6225001502;622-5001-502;RADIO DISTANCE MAGNETIC INDICATOR;REPAIR;;;;X;X;X;X;X;;;;;;;;;;;;;X;;;X;;;;;;;;;;;;;;;;;;;;;;;;;;;;;;;;;;;;;;;;;;;;;;;;;;;;;;;;;;;;;;;;;;;;;;;;;;X;;;;
6225001503;622-5001-503;RADIO DISTANCE MAGNETIC INDICATOR;REPAIR;;;;X;X;X;X;X;;;;;;;;;;;;;X;;;;;X;X;X;;;;;;;;;;;;;;;;;;;;;;;;;;;;;;;;;;;;;;;;;;;;;;;;;;;;;;;;;;;;;;;;;;;;;;X;;;;
6225001504;622-5001-504;RADIO DISTANCE MAGNETIC INDICATOR;REPAIR;;;;X;X;X;X;X;;;;;;;;;;;;;X;;;;X;X;X;X;;;;;;;;;;;;;;;;;;;;;;;;;;;;;;;;;;;;;;;;;;;;;;;;;;;;;;;;;;;;;;;;;;;;;;X;;;;
6225001701;622-5001-701;RDMI-743;;REPAIR;;DNR;X;X;;X;;;;;;;;;;;;;;;;;;;;;;;;;;;;;;;;;;;;;;;;;;;;;;;;;;;;;;;;;;;;;;;;;;;;;;;;;;;;;;;;;;;;;;X;X;;;;;X;;;
6225129106;622-5129-106;WXR RADAR CTRL PANEL;;REPAIR;;DNR;X;X;;;;;;;;;;;;;;;;;;;;;;;;;;;;;;;;;;;;;;;;;;;;;;;;;;;;;;;;;;;;;;;;;;;;;;;;;;;;;;;;;;;;;;;;X;X;;;;;X;;;
6225129203;622-5129-203;WX RADAR PANEL;;REPAIR;;DNR;X;X;;X;;;;;;;;;;;;;;;;;;;;;;;;;;;;;;;;;;;;;;;;;;;;;;;;;;;;;;;;;;;;;;;;;;;;;;;;;;;;;;;;;;;;;;X;X;;;;;X;;;
6225129223;622-5129-223;WX RADAR PANEL;;REPAIR;;DNR;X;X;;X;;;;;;;;;;;;;;;;;;;;;;;;;;;;;;;;;;;;;;;;;;;;;;;;;;;;;;;;;;;;;;;;;;;;;;;;;;;;;;;;;;;;;;X;X;;;;;X;;;
6225132104;622-5132-104;RADAR TRANSCEIVER;;REPAIR;;DNR;X;X;;X;;;;;;;;;;;;;;;;;;;;;;;;;;;;;;;;;;;;;;;;;;;;;;;;;;;;;;;;;;;;;;;;;;;;;;;;;;;;;;;;;;;;;;X;X;;;;;X;;;
6225132109;622-5132-109;RADAR TRANSCEIVER;;REPAIR;;DNR;X;X;;X;;;;;;;;;;;;;;;;;;;;;;;;;;;;;;;;;;;;;;;;;;;;;;;;;;;;;;;;;;;;;;;;;;;;;;;;;;;;;;X;;;;;;;;;;;;;;X;;;
6225132120;622-5132-120;RADAR R/T;;REPAIR;;DNR;X;X;;X;;;;;;;;;;;;;;;;;;;;;;;;X;;;;;;;;;;X;;;;;;;;;;;;;;;;;;;;;;;;;;;;;;;;;;;;;;;;;;;;;;;;;;;;;;;;;;X;;;
6225135001;622-5135-001;WEATHER RADAR ANTENNA DRIVE;;REPAIR;;DNR;X;X;;X;;;;;;;;;;;;;;;;;;;;;;;;;;;;;;;;;;;;;;;;;;;;;;;;;;;;;;;;;;;;;;;;;;;;;;;;;;;;;;;;;;;;;;X;X;;;;;X;;;
6225135002;622-5135-002;WEATHER RADAR ANTENNA DRIVE;;REPAIR;;DNR;X;X;;X;;;;;;;;;;;;;;;;;;;;;;;;;;;;;;;;;;;;;;;;;;;;;;;;;;;;;;;;;;;;;;;;;;;;;;;;;;;;;;;;;;;;;;X;X;;;;;X;;;
6225135201;622-5135-201;RADAR ANTENNA;;REPAIR;;DNR;X;X;;X;;;;;;;;;;;;;;;;;;;;;;;;;;;;;;;;;;;;;;;;;;;;;;;;;;;;;;;;;;;;;;;;;;;;;;;;;;;;;;;;;;;;;;X;X;;;;;X;;;
6225135202;622-5135-202;WEATHER RADAR ANTENNA DRIVE;;REPAIR;;DNR;X;X;;X;;;;;;;;;;;;;;X;X;;;;;;;;;;;;;;;;;;;;;;;;;;;;;;;;;;;;;;;;;;;;;;;;;;;;;;;;;;;;;;;;;;;;;;;;;;;;;X;;;
6225136001;622-5136-001;WEATHER RDR ANTENNA;;REPAIR;;DNR;X;X;;X;;;;;;;;;;;;;;;;;;;;;;;;;;;;;;;;;;;;;;;;;;;;;;;;;;;;;;;;;;;;;;;;;;;;;;;;;;;;;;;;;;;;;;X;X;;;;;X;;;
6225136201;622-5136-201;WEATHER RDR ANTENNA;;REPAIR;;DNR;X;X;;X;;;;;;;;;;;;;;X;;;;;X;X;X;;;;;;;;;;;;;;;;;;;;;;;;;;;;;;;;;;;;;;;;;;;;;;;;;;;;;;;;;;;;;;;;;;;;;;;X;;;
6225137201;622-5137-201;ANTENNA FLATE PLATE WFA-701X;;REPAIR;;DNR;X;X;;X;;;;;;;;;;;;;;;;;;;;;;;;;;;;;;;;;;;;;;;;;;;;;;;;;;;;;;;;;;;;;;;;;;;;;;;;;;;;;;;;;;;;;;X;X;;;;;X;;;
6225219003;622-5219-003;TRANSCVR VHF;;REPAIR;;DNR;X;X;;X;;;;;;;;;;;;;;;;;;;;;;;;;;;;;;;;;;;;;;;;;;;;;;;;;;;;;;;;;;;;;;;;;;;;;;;;;;;;;;;;;;;;;;X;X;;;;;X;;;
6225220001;622-5220-001;NAV RECEIVER;;REPAIR;;DNR;X;X;;X;;;;;;;;;;;;;;;;;;;;;;;;X;;;X;;;;;;;;;;;;;;;;;;;;;;;;;;;;;;;;;;;;;;;;;;;;;;;;;;;;;;;;;;;;;;;;;X;;;
6225220002;622-5220-002;NAV RECEIVER;;REPAIR;;DNR;X;X;;X;;;;;;;;;;;;;;;;;;;;;;;;;;;;;;;;;;;;;;;;;;;;;;;;;;;;;;;;;;;;;;;;;;;;;;;;;;;;;;;;;;;;;;X;X;;;;;X;;;
6225220102;622-5220-102;NAV RECEIVER;;REPAIR;;DNR;X;X;;X;;;;;;;;;;;;;;;;;;;;;;;;X;;;X;;;;;;;;;;;;;;;;;;;;;;;;;;;;;;;;;;;;;;;;;;;;;;;;;;;;;;;;;;;;;;;;;X;;;
6225220103;622-5220-103;NAV RECEIVER;;REPAIR;;DNR;X;X;;X;;;;;;;;;;;;;;;;;;;;;;;;;;;;;;;;;;;;;;;;;;;;;;;;;;;;;;;;;;;;;;;;;;;;;;;;;;;;;;;;;;;;;;X;X;;;;;X;;;
6225221002;622-5221-002;ILS RECEIVER;;REPAIR;;DNR;X;X;;X;;;;;;;;;;;;;;;;;;;;;;;;;;;;;;;;;;;;;;;;;;;;;;;;;;;;;;;;;;;;;;;;;;;;;;;;;;;;;;;;;;;;;;X;X;;;;;X;;;
6225222001;622-5222-001;ADF RECEIVER;;REPAIR;;DNR;X;X;;X;;;;;;;;;;;;;;;;;;;;;;;;X;;;;;;;;;;X;;;;;;;;;;;;;;;;;;;;;;;;;;;;;;;;;;;;;;;;;;;;;;;;;;;;;;;;;;X;;;
6225222002;622-5222-002;ADF RECEIVER;;REPAIR;;DNR;X;X;;X;;;;;;;;;;;;;;;;;;;;;;;;;;;;;;;;;;;;;;;;;;;;;;;;;;;;;;;;;;;;;;;;;;;;;;;;;;;;;;;;;;;;;;X;X;;;;;X;;;
6225222020;622-5222-020;ADF RECEIVER;;REPAIR;;DNR;X;X;;X;;;;;;;;;;;;;;X;X;;;;;;;;;;;;;;;;;;;;;;;;;;;;;;;;;;;;;;;;;;;;;;;;;;;;;;;;;;;;;;;;;;;;;;;;;;;;;X;;;
6225222102;622-5222-102;ADF RECEIVER;;REPAIR;;DNR;X;X;;X;;;;;;;;;;;;;;;;;;;;;;;;;;;;;;;;;;;;;;;;;;;;;;;;;;;;;;;;;;;;;;;;;;;;;;;;;;;;;;;;;;;;;;X;X;;;;;X;;;
6225222120;622-5222-120;ADF RECEIVER;;REPAIR;;DNR;X;X;;X;;;;;;;;;;;;;;;;;;;;;;;;X;;;;;X;;;;;;;;;;;;;;;;;;;;;;;;;;;;;;;;;;;;;;;;;;;;;;;;;;;;;;;;;;;;;;;X;;;
6225222420;622-5222-420;ADF RECEIVER;;REPAIR;;DNR;X;X;;X;;;;;;;;;;;;;;;;;;;;;;;;X;;;X;;;;;;;;;;;;;;;;;;;;;;;;;;;;;;;;;;;;;;;;;;;;;;;;;;;;;;;;;;;;;;;;;X;;;
6225272001;622-5272-001;HFS-700 RECEIVER TRANSMITTER;;REPAIR;;DNR;X;X;;X;;;;;;;;;;;;;;;;;;;;;;;;;;;;;;;;;;;;;;;;;;;;;;;;;;;;;;;;;;;;;;;;;;;;;;;;;;;;;;;;;;;;;;X;X;;;;;X;;;
6225272003;622-5272-003;HFS-700 RECEIVER TRANSMITTER;;REPAIR;;DNR;X;X;;X;;;;;;;;;;;;;;X;;X;;;;;;;;;;;;;;;;;;;;;;;;;;;;;;;;;;;;;;;;;;;;;;;;;;;;;;;;;;;;;;;;;;;;;;;;;;;;X;;;
6225272020;622-5272-020;HFS-700 RECEIVER TRANSMITTER;;REPAIR;;DNR;X;X;;X;;;;;;;;;;;;;;X;X;;;;;;;;;;;;;;;;;;;;;;;;;;;;;;;;;;;;;;;;;;;;;;;;;;;;;;;;;;;;;;;;;;;;;;;;;;;;;X;;;
6225272023;622-5272-023;HFS-700 RECEIVER TRANSMITTER;;REPAIR;;DNR;X;X;;X;;;;;;;;;;;;;;;;;;;;;;;;X;;;;;;;;;;X;;;;;;;;;;;;;;;;;;;;;;;;;;;;;;;;;;;;;;;;;;;;;;;;;;;;;;;;;;X;;;
6225272120;622-5272-120;HFS-700 RECEIVER TRANSMITTER;;REPAIR;;DNR;X;X;;X;;;;;;;;;;;;;;;;;;;;;;;;X;;;X;;;;;;;;;;;;;;;;;;;;;;;;;;;;;;;;;;;;;;;;;;;;;;;;;;;;;;;;;;;;;;;;;X;;;
6225342001;622-5342-001;AMPLIFIR PASSENGER ADDRESS;;REPAIR;;DNR;X;X;;X;;;;;;;;;;;;;;;;;;;;;;;;;;;;;;;;;;;;;;;;;;;;;;;;;;;;;;;;;;;;;;;;;;;;;;;;;;;;;;;;;;;;;;X;X;;;;;X;;;
6225342101;622-5342-101;PASSENGER ADRESS UNIT;;BENCH TEST;;;X;X;;X;;;;;;;;;;;;;;;;;;;;;;;;;;;;;;;;;;;;;;;;;;;;;;;;;;;;;;;;;;;;;;;;;;;;;;;;;;;;;;;;;;;;;;X;X;;;;;X;;;
6225739002;622-5739-002;DEM;;REPAIR;;DNR;X;X;;;;;;;;;;;;;;;;;;;;;;;;;;;;;;;;;;;;;;;;;;;;X;;X;;;;;;;;;;;;;;;;;;;;;;;;;;;;;;;;;;;;;;;;;;;;;;;;X;;;
6226137001;622-6137-001;NAV RECEIVER;;REPAIR;;DNR;X;X;;X;;;;;;;;;;;;;;;;;;;;;;;;;;;;;;;;;;;;X;;;;X;;;;;;;;;;;;;;;;;;;;;;;;;;;;;;;;;;;;;;;;;;;;;;;;;;;;X;;;
6226137201;622-6137-201;NAV RECEIVER;;REPAIR;;DNR;X;X;X;X;X;;;;;;X;;;;;;;;;;;;;;;;;;;;;;;;;;;;;X;X;;;;;;;;;;;;X;;;X;;;;;;;;;;;;;X;;X;;;;;;;;;;;;;;;;;;;;;;;;;X;;;
6226152001;622-6152-001;VHF COMM TRANSCEIVER;;REPAIR;;DNR;X;X;;X;;;;;;;X;;;;;;;;;;;;;;;;;;;;;;;;;;;;;X;X;;;X;;;;;;;;;;;;;;;;;;;;;;;;;;;;;;;;;;;;;;;;;;;;;;;;;;;;X;;;
6226152002;622-6152-002;VHF COMM TRANSCEIVER;;REPAIR;;DNR;X;X;;X;;;;;;;X;;;;;;;;;;;;;;;;;;;;;;;;;;;;;X;X;;;X;;;;;;;;;;;;;;;;;;;;;;;;;;;;;;;;;;;;;;;;;;;;;;;;;;;;X;;;
6226152011;622-6152-011;VHF COMM TRANSCEIVER;;REPAIR;;DNR;X;X;;X;;;;;;;X;;;;;;;;;;;;;;;;;;;;;;;;;;;;;X;X;;;X;;;;;;;;;;;;;;;;;;;;;;;;;;;;;;;;;;;;;;;;;;;;;;;;;;;;X;;;
6226152012;622-6152-012;VHF COMM TRANSCEIVER;;REPAIR;;DNR;X;X;;X;;;;;;;X;;;;;;;;;;;;;;;;;;;;;;;;;;;;;X;X;;;X;;;;;;;;;;;;;;;;;;;;;;;;;;;;;;;;;;;;;;;;;;;;;;;;;;;;X;;;
6226152021;622-6152-021;VHF COMM TRANSCEIVER;;REPAIR;;DNR;X;X;;X;;;;;;;X;;;;;;;;;;;;;;;;;;;;;;;;;;;;;X;X;;;X;;;;;;;;;;;;;;;;;;;;;;;;;;;;;;;;;;;;;;;;;;;;;;;;;;;;X;;;
6226152022;622-6152-022;VHF COMM TRANSCEIVER;;REPAIR;;DNR;X;X;;X;;;;;;;X;;;;;;;;;;;;;;;;;;;;;;;;;;;;;X;X;;;X;;;;;;;;;;;;;;;;;;;;;;;;;;;;;;;;;;;;;;;;;;;;;;;;;;;;X;;;
6226152023;622-6152-023;VHF COMM TRANSCEIVER;;REPAIR;;DNR;X;X;;X;;;;;;;X;;;;;;;;;;;;;;;;;;;;;;;;;;;;;X;X;;;X;;;;;;;;;;;;;;;;;;;;;;;;;;;;;;;;;;;;;;;;;;;;;;;;;;;;X;;;
6226152031;622-6152-031;VHF COMM TRANSCEIVER;;REPAIR;;DNR;X;X;;X;;;;;;;X;;;;;;;;;;;;;;;;;;;;;;;;;;;;;X;X;;;X;;;;;;;;;;;;;;;;;;;;;;;;;;;;;;;;;;;;;;;;;;;;;;;;;;;;X;;;
6226152032;622-6152-032;VHF COMM TRANSCEIVER;;REPAIR;;DNR;X;X;X;X;X;;;;;;;;;;;;;;;;;;;;;;;;;;;;;;;;;;;X;X;X;X;X;;;;;;;;;;;;;;;;;;;;;;;;;;;;;;;;;;;;;;;;;;;;;;;;;;;;X;;;
6226152033;622-6152-033;VHF COMM TRANSCEIVER;;REPAIR;;DNR;X;X;X;X;X;;;;;;;;;;;;;;;;;;;;;;;;;;;;;;;;;;;X;X;X;X;X;;;;;;;;;;;;;;;;;;;;;;;;;;;;;;;;;;;;;;;;;;;;;;;;;;;;X;;;
6226153001;622-6153-001;VHF COMM TRANSCEIVER;;REPAIR;;DNR;X;X;;X;;;;;;;;;;;;;;;;;;;;;;;;;;;;;;;;;;;;X;X;;;X;;;;;;;;;;;;;;;;;;;;;;;;;;;;;;;;;;;;;;;;;;;;;;;;;;;;X;;;
6226153002;622-6153-002;VHF COMM TRANSCEIVER;;REPAIR;;DNR;X;X;X;X;X;;;;;;;;;;;;;;;;;;;;;;;;;;;;;;;;;;;X;X;X;X;X;;;;;;;;;;;;;;;;;;;;;;;;;;;;;;;;;;;;;;;;;;;;;;;;;;;;X;;;
6226153021;622-6153-021;VHF COMM TRANSCEIVER;;REPAIR;;DNR;X;X;X;X;X;;;;;;;;;;;;;;;;;;;;;;;;;;;;;;;;;;;X;X;X;X;X;;;;;;;;;;;;;;;;;;;;;;;;;;;;;;;;;;;;;;;;;;;;;;;;;;;;X;;;
6226153022;622-6153-022;VHF COMM TRANSCEIVER;;REPAIR;;DNR;X;X;X;X;X;;;;;;;;;;;;;;;;;;;;;;;;;;;;;;;;;;;X;X;X;X;X;;;;;;;;;;;;;;;;;;;;;;;;;;;;;;;;;;;;;;;;;;;;;;;;;;;;X;;;
6226153023;622-6153-023;VHF COMM TRANSCEIVER;;REPAIR;;DNR;X;X;X;X;X;;;;;;;;;;;;;;;;;;;;;;;;;;;;;;;;;;;X;X;X;X;X;;;;;;;;;;;;;;;;;;;;;;;;;;;;;;;;;;;;;;;;;;;;;;;;;;;;X;;;
6226263001;622-6263-001;DME INTERROGATOR;;REPAIR;;DNR;X;X;;X;;;;;;;;;;;;;;;;;;;;;;;;;;;;;;;;;;;;X;X;;;X;;;;;;;;;;;;;;;;;;;;;;;;;;;;;;;;;;;;;;;;;;;;;;;;;;;;X;;;
6226263003;622-6263-003;DME INTERROGATOR;;REPAIR;;DNR;X;X;;X;X;;;;;;X;;;;;;;;;;;;;;;;;;;;;;;;;;;;;X;;;;;;X;;X;;;;;;;;;;;;;;;;;;;;;X;;X;;;;;;;;;;;;;;;;;;;;;;;;;X;;;
6226389001;622-6389-001;VHF COMM TRANSCEIVER;;REPAIR;;DNR;X;X;;X;;;;;;;X;;;;;;;;;;;;;;;;;;;;;;;;;;;;;X;X;;;X;;;;;;;;;;;;;;;;;;;;;;;;;;;;;;;;;;;;;;;;;;;;;;;;;;;;X;;;
6226389002;622-6389-002;VHF COMM TRANSCEIVER;;REPAIR;;DNR;X;X;;X;;;;;;;X;;;;;;;;;;;;;;;;;;;;;;;;;;;;;X;X;;;X;;;;;;;;;;;;;;;;;;;;;;;;;;;;;;;;;;;;;;;;;;;;;;;;;;;;X;;;
6226389011;622-6389-011;VHF COMM TRANSCEIVER;;REPAIR;;DNR;X;X;;X;;;;;;;X;;;;;;;;;;;;;;;;;;;;;;;;;;;;;X;X;;;X;;;;;;;;;;;;;;;;;;;;;;;;;;;;;;;;;;;;;;;;;;;;;;;;;;;;X;;;
6226389012;622-6389-012;VHF COMM TRANSCEIVER;;REPAIR;;DNR;X;X;;X;;;;;;;X;;;;;;;;;;;;;;;;;;;;;;;;;;;;;X;X;;;X;;;;;;;;;;;;;;;;;;;;;;;;;;;;;;;;;;;;;;;;;;;;;;;;;;;;X;;;
6226390001;622-6390-001;VHF COMM TRANSCEIVER;;REPAIR;;DNR;X;X;;X;;;;;;;X;;;;;;;;;;;;;;;;;;;;;;;;;;;;;X;X;;;X;;;;;;;;;;;;;;;;;;;;;;;;;;;;;;;;;;;;;;;;;;;;;;;;;;;;X;;;
6226390002;622-6390-002;VHF COMM TRANSCEIVER;;REPAIR;;DNR;X;X;;X;;;;;;;X;;;;;;;;;;;;;;;;;;;;;;;;;;;;;X;X;;;X;;;;;;;;;;;;;;;;;;;;;;;;;;;;;;;;;;;;;;;;;;;;;;;;;;;;X;;;
6226520001;622-6520-001;VHF CONTROL UNIT;;REPAIR;;DNR;X;X;;X;;;;;;;X;;;;;;;;;;;;;;;;;;;;;;;;;;;;;X;X;;;;;;;;;;;;;;;;;;;;;;;;;;;;;;;;;;;;;;;;;;;;;;;;;;;;;;;X;;;
6226520003;622-6520-003;VHF CONTROL UNIT;;REPAIR;;DNR;X;X;;X;X;;;;;;X;;;;;;;;;;;;;;;;;;;;;;;;;;;;;X;X;;;;;;;;;;;;;;;;;;;;;;;;;;;;;;;;;;;;;;;;;;;;;;;;;;;;;;;X;;;
6226520005;622-6520-005;VHF CONTROL UNIT;;REPAIR;;DNR;X;X;;X;;;;;;;;;;;;;;;;;;;;;;;;;;;;;;;;;;;;;;;;;;;;;;;;;;;;;;;;;;;;;;;;;;;;;;;;;;;;;;X;X;;;;;;;;;;;;;X;;;
6226520007;622-6520-007;VHF CONTROL UNIT;;REPAIR;;DNR;X;X;;X;;;;;;;X;;;;;;;;;;;;;;;;;;;;;;;;;;;;;X;X;;;;;;;;;;;;;;;;;;;;;;;;;;;;;;;;;;;;;;;;;;;;;;;;;;;;;;;X;;;
6226520008;622-6520-008;VHF CONTROL UNIT;;REPAIR;;DNR;X;X;;X;;;;;;;X;;;;;;;;;;;;;;;;;;;;;;;;;;;;;;;;;;;X;;X;;;;;;;;;;;;;;;;;;;;;;;;;;;;;;;;;;;;;;;;;;;;;;;;X;;;
6226520009;622-6520-009;VHF CONTROL UNIT;;REPAIR;;DNR;X;X;;X;;;;;;;;;;;;;;;;;;;;;;;;;;;;;;;;;;;;X;X;;;;;;;;;;;;;;;;;;;;;;;;;;;;;;;;;;;;;;;;;;;;;;;;;;;;;;;X;;;
6226521001;622-6521-001;VOR DME CONTROL UNIT;;REPAIR;;DNR;X;X;;X;;;;;;;;;;;;;;;;;;;;;;;;;;;;;;;;;;;;;;;;;;;;;;;;;;;;;;;;;;;;;;;;;X;;X;;;;;;;;;;;;;;;;;;;;;;;;;X;;;
6226521007;622-6521-007;VOR DME CONTROL UNIT;;REPAIR;;DNR;X;X;;X;;;;;;;;;;;;;;;;;;;;;;;;;;;;;;;;;;;;;;;;;;;;;;;;;;;;;;;;;;;;;;;;;;;;;;;;;;;;;;X;;;;;;;;;;;;;;X;;;
6226521008;622-6521-008;VOR DME CONTROL UNIT;;REPAIR;;DNR;X;X;;X;;;;;;;;;;;;;;;;;;;;;;;;;;;;;;;;;;;;;;;;;;;;;;;;;;;;;;;;;;;;;;;;;;;;;;;;;;;;;;X;;;;;;;;;;;;;;X;;;
6226521009;622-6521-009;VOR DME CONTROL UNIT;;REPAIR;;DNR;X;X;;X;;;;;;;;;;;;;;;;;;;;;;;;;;;;;;;;;;;;X;X;;;;;;;;;;;;;;;;;;;;;;;;;;;;;;;;;;;;;;;;;;;;;;;;;;;;;;;X;;;
6226521011;622-6521-011;VOR DME CONTROL UNIT;;REPAIR;;DNR;X;X;X;X;X;;;;;;;;;;;;;;;;;;;;;;;;;;;;;;;;;;;X;;;;;;;;;;;;;;;;;;;;;;;;;;;;;;;;;;;;;;;;;;;;;;;;;;X;;X;;;;X;;;
6226521013;622-6521-013;VOR DME CONTROL UNIT;;REPAIR;;DNR;X;X;;X;;;;;;;;;;;;;;;;;;;;;;;;;;;;;;;;;;;;;;;;;;;;;;;;;;;;;;;;;;;;;;;;;;;;;;;;;;;;;;;;;;;;;;X;;;X;;;X;;;
6226521014;622-6521-014;NAV CONTROL UNIT CTL-32;;REPAIR;;DNR;X;X;;X;;;;;;;;;;;;;;;;;;;;;;;;;;;;;;;;;;;;;;;;;;;;;;;;;X;;;X;;;;;;;;;;;;;;;;;;;;;;;;;;;;;;;;;;;;;;;;X;;;
6226521015;622-6521-015;NAV CONTROL UNIT CTL-32;;REPAIR;;DNR;X;X;;X;;;;;;;;;;;;;;;;;;;;;;;;;;;;;;;;;;;;;;;;;;;;;;;;;;;;;;;;;;;;;;;;;;;;;;;;;;;;;;;;;;;;;;X;;X;;;;X;;;
6226521016;622-6521-016;VOR DME CONTROL UNIT;;REPAIR;;DNR;X;X;;X;;;;;;;X;;;;;;;;;;;;;;;;;;;;;;;;;;;;;;;;;;;;;;;;;;;;;;;;;;;;;;;;;;;;;;;;;;;;;;;X;;;;;;;;;;;;;;X;;;
6226521025;622-6521-025;VOR DME CONTROL UNIT;;REPAIR;;DNR;X;X;;X;;;;;;;X;;;;;;;;;;;;;;;;;;;;;;;;;;;;;;;;;;;X;;X;;;;;;;;;;;;;;;;;;;;;;;;;;;;;;;;;;;;;;;;;;;;;;;;X;;;
6226522001;622-6522-001;ADF CONTROL UNIT;;REPAIR;;DNR;X;X;;X;;;;;;;X;;;;;;;;;;;;;;;;;;;;;;;;;;;;;X;X;;;;;;;;;;;;;;;;;;;;;;;;;;;;X;;X;;;;;;;;;;;;;;;;;;;;;;;;;X;;;
6226522002;622-6522-002;ADF CONTROL UNIT;;REPAIR;;DNR;X;X;;X;;;;;;;;;;;;;;;;;;;;;;;;;;;;;;;;;;;;X;X;;;;;;;;;;;;;;;;;;;;;;;;;;;;;;;;;;;;;;;;;;;;;;;;;;;;;;;X;;;
6226522003;622-6522-003;ADF CONTROL UNIT;;REPAIR;;DNR;X;X;X;X;X;;;;;;X;;;;;;;;;;;;;;;;;;;;;;;;;;;;;X;X;;;;;;;;;;;;;;;;;;;;;;;;;;;;;;;;;;;;;;;;;;;;;;;;;X;;X;;;;X;;;
6226522004;622-6522-004;ADF CONTROL UNIT;;REPAIR;;DNR;X;X;;X;;;;;;;;;;;;;;;;;;;;;;;;;;;;;;;;;;;;X;X;;;;;;;;;;;;;;;;;;;;;;;;;;;;;;;;;;;;;;;;;;;;;;;;;;;;;;;X;;;
6226522005;622-6522-005;ADF CONTROL UNIT;;REPAIR;;DNR;X;X;;X;;;;;;;;;;;;;;;;;;;;;;;;;;;;;;;;;;;;;;;;;;;;;;;;;;;;;;;;;;;;;;;;;;;;;;;;;;;;;;X;;;;;;;;;;;;;;X;;;
6226522007;622-6522-007;ADF CONTROL UNIT;;REPAIR;;DNR;X;X;;X;;;;;;;;;;;;;;;;;;;;;;;;;;;;;;;;;;;;X;X;;;;;;;;;;;;;;;;;;;;;;;;;;;;;;;;;;;;;;;;;;;;;;;;;X;;X;;;;X;;;
6226522008;622-6522-008;ADF CONTROL UNIT;;REPAIR;;DNR;X;X;;X;;;;;;;X;;;;;;;;;;;;;;;;;;;;;;;;;;;;;X;X;;;;;;;;;;;;;;;;;;;;;;;;;;;;;;;;;;;;;;;;;;;;;;;;;;;;;;;X;;;
6226523003;622-6523-003;CONTROL UNIT ATC;;REPAIR;;DNR;X;X;;X;;;;;;;X;;;;;;;;;;;;;;;;;;;;;;;;;;;;;X;;;;X;;;;;;;;;X;;;X;;;;;;;;;;;;;;;;;;;;;;;;;;;;;;;;;;;;;;;;X;;;
6226523005;622-6523-005;CONTROL UNIT ATC;;REPAIR;;DNR;X;X;;X;;;;;;;X;;;;;;;;;;;;;;;;;;;;;;;;;;;;;X;X;;;;;;;;;;;;;;;;;;;;;;;;;;;;;;;;;;;;;;;;;;;;;;;;;;;;;;;X;;;
6226523007;622-6523-007;CONTROL UNIT DUAL ATC;;REPAIR;;DNR;X;X;;X;;;;;;;X;;;;;;;;;;;;;;;;;;;;;;;;;;;;;X;;;;X;;;;;;;;;;;;;;;;;;;;;;;;;;;;;;;;;;;;;;;;;;;;;;;;;;;;X;;;
6226523008;622-6523-008;CONTROL UNIT ATC;;REPAIR;;DNR;X;X;;X;;;;;;;X;;;;;;;;;;;;;;;;;;;;;;;;;;;;;;;;;;;;;;;;;;;;;;;;;;;;;;;;;;;;;;;;X;X;;;;;;X;;;;;;;;;;;;;;X;;;
6226523203;622-6523-203;CONTROL BOX ATC;;REPAIR;;;X;X;;X;;;;;;;X;;;;;;;;;;;;;;;;;;;;;;;;;;;;;X;;;;X;;;;;;;;;;;;;;;;;;;;;;;;;;;;;;;X;X;;;;;;;;;;;;;;;;;;;;X;;;
6226523205;622-6523-205;CONTROL UNIT ATC;;REPAIR;;DNR;X;X;;X;;;;;;;X;;;;;;;;;;;;;;;;;;;;;;;;;;;;;X;;;;X;;;;;;;;;;;;;;;;;;;;;;;;;X;;X;;;;;;;;;;;;;;;;;;;;;;;;;X;;;
6226523207;622-6523-207;CONTROL UNIT ATC;;REPAIR;;DNR;X;X;;;;;;;;;;;;;;;;;;;;;;;;;;;;;;;;;;;;;;X;;;;;;;;;;;;;;;;;;;;;;;;;;;;;;;;;;;;;;;;;;;;;;;;;;X;;X;;;;X;;;
6226524001;622-6524-001;D.M.E. INDICATOR;;REPAIR;;DNR;X;X;;;;;;;;X;;;;;;;;;;;;;;;;;;;;;;;;;;;;;;X;X;;;;;;;;;;;;;;;;;;;;;;;;;;;;;;;;;;;;;;;;;;;;;;;;;;;;;;;X;;;
6226524003;622-6524-003;D.M.E. INDICATOR;;REPAIR;;DNR;X;X;;X;;;;;;;;;;;;;;;;;;;;;;;;;;;;;;;;;;;;X;X;;;;;;;;;;;;X;;;X;;;;;;;;;;;;;;;;;;;;;;;;;;X;;;;;;;;;;;;;;X;;;
6226524004;622-6524-004;D.M.E. INDICATOR;;REPAIR;;DNR;X;X;;X;;;;;;X;;;;;;;;;;;;;;;;;;;;;;;;;;;;;;X;X;;;;;;;;;;;;;;;;;;;;;;;;;;;;;;;;;;;;;;;;;;;;;;;;;;;;;;;X;;;
6226590001;622-6590-001;ADAPTER BOX;;REPAIR;;DNR;X;X;;X;;;;;;;;;;;;;;;;;;;;;;;;;;;;;;;;;;;;X;X;;;;;;;;;;;;;;;;;;;;;;;;;;;;;;;;;;;;;;;;;;;;;;;;;;;;;;;X;;;
6226590002;622-6590-002;ADAPTER BOX;;REPAIR;;DNR;X;X;;;;;;;;;;;;;;;;;;;;;;;;;;;;;;;;;;;;;;;;;;;;;;;;;;;;;;;;;;;;;;;;;;;;;;;;;X;X;;;;;;X;;;;;;;;;;;;;;X;;;
6226827001;622-6827-001;CONTROL, HF / COMM;REPAIR;;;;X;X;X;X;X;;;;;;;;;;;;;X;;;;;;;;;;X;;;;;;;X;;;;;;;;;;;;;;;;;;;;;;;;;;;;;;;;;;;;;;;;;;;;;;;;;;;;;;;;;;;;X;;;;
6226827002;622-6827-002;CONTROL, HF / COMM;REPAIR;;;;X;X;X;X;X;;;;;;;;;;;;;X;;;;;;;;;;X;;;X;;;X;X;;;;;;;;;;;;;;;;;;;;;;;;;;;;;;;;;;;;;;;;;;;;;;;;;;;;;;;;;;;;X;;;;
6226827003;622-6827-003;CONTROL, HF / COMM;REPAIR;;;;X;X;X;X;X;;;;;;;;;;;;;X;;;;;;;;;;;;;;;;;;;;;;;;;;;;;;;;;;;;;;;;;;;;;;;;;;;;;;;;;;;;;;;;;;;;;;;;;;;;;X;;;;
6226827011;622-6827-011;CONTROL, HF / COMM;REPAIR;;;;X;X;X;X;X;;;;;;;;;;;;;X;;;;;;;;;X;;;;;;;;;;;;;;;;;;;;;;;;;;;;;;;;;;;;;;;;;;;;;;;;;;;;;;;;;;;;;;;;;;;;X;;;;
6226827012;622-6827-012;CONTROL, HF / COMM;REPAIR;;;;X;X;X;X;X;;;;;;;;;;;;;X;;;;;;;;;;;;;;;;;;;;;;;;;;;;;;;;;;;;;;;;;;;;;;;;;;;;;;;;;;;;;;;;;;;;;;;;;;;;;X;;;;
6226827021;622-6827-021;CONTROL, HF / COMM;REPAIR;;;;X;X;X;X;X;;;;;;;;;;;;;X;;;X;;;;;;;X;;;;;;X;;;;;;;;;;;;;;;;;;;;;;;;;;;;;;;;;;;;;;;;;;;;;;;;;;;;;;;;;;;;;X;;;;
6226827022;622-6827-022;CONTROL, HF / COMM;REPAIR;;;;X;X;X;X;X;;;;;;;;;;;;;X;;X;X;;;;;;;X;;;X;;;X;;;;;;;;;;;;;;;;;;;;;;;;;;;;;;;;;;;;;;;;;;;;;;;;;;;;;;;;;;;;;X;;;;
6226829001;622-6829-001;CONTROL, ADF;REPAIR;;;;X;X;X;X;X;;;;;;;;;;;;;;;;;;;;;;;X;;;;;;;;;;X;;;;;;;;;;;;;;;;;;;;;;;;;;;;;;;;;;;;;;;;;;;;;;;;;;;;;;;;;X;;;;
6226829011;622-6829-011;CONTROL, ADF;REPAIR;;;;X;X;X;X;X;;;;;;;;;;;;;;;;;;;;;;;X;;;;;;;;;;X;;;;;;;;;;;;;;;;;;;;;;;;;;;;;;;;;;;;;;;;;;;;;;;;;;;;;;;;;X;;;;
6226829021;622-6829-021;CONTROL, ADF;REPAIR;;;;X;X;X;X;X;;;;;;;;;;;;;;;;;;;;;;;X;;;;;;;;;;X;;;;;;;;;;;;;;;;;;;;;;;;;;;;;;;;;;;;;;;;;;;;;;;;;;;;;;;;;X;;;;
6226829022;622-6829-022;CONTROL, ADF;REPAIR;;;;X;X;X;X;X;;;;;;;;;;;;;X;;X;X;;;;;;;X;;;;;;;;;;X;;;;;;;;;;;;;;;;;;;;;;;;;;;;;;;;;;;;;;;;;;;;;;;;;;;;;;;;;X;;;;
6227080001;622-7080-001;CONTROL, ADF;REPAIR;;;;X;X;X;X;X;;;;;;;;;;;;;;;;;;;;;;;X;;;;;;;;;;X;;;;;;;;;;;;;;;;;;;;;;;;;;;;;;;;;;;;;;;;;;;;;;;;;;;;;;;;;X;;;;
6227080002;622-7080-002;CONTROL, ADF;REPAIR;;;;X;X;X;X;X;;;;;;;;;;;;;;;;;;;;;;;X;;;;;;;;;;X;;;;;;;;;;;;;;;;;;;;;;;;;;;;;;;;;;;;;;;;;;;;;;;;;;;;;;;;;X;;;;
6227080003;622-7080-003;CONTROL, ADF;REPAIR;;;;X;X;X;X;X;;;;;;;;;;;;;;;;;;;;;;;X;;;;;;;;;;X;;;;;;;;;;;;;;;;;;;;;;;;;;;;;;;;;;;;;;;;;;;;;;;;;;;;;;;;;X;;;;
6227194101;622-7194-101;NAV RECEIVER;;REPAIR;;;X;X;;X;;;;;;;X;;;;;;;;;;;;;;;;;;;;;;;;;;;;;;;;;;;;;;;;;;;;;;;;;;;;;;;;;;X;;;;X;;;;;;;;;;;;;;;;;;;;;;;X;;;
6227194201;622-7194-201;NAV RECEIVER;;REPAIR;;;X;X;;X;;;;;;;X;;;;;;;;;;;;;;;;;;;;;;;;;;;;;;;;;;;;;;;;;;;;;;;;;;;;;;;;;;X;;;;X;;;;;;;;;;;;;;;;;;;;;;;X;;;
6227292101;622-7292-101;VHF COMM R/T;;REPAIR;;;X;X;;X;;;;;;;;;;;;;;;;;;;;;;;;;;;;;;;;;;;;;;;;;;;;;;;;;;;;;;;;;;;;;;;;;X;;;;X;;;;;;;;;;;;;;;;;;;;;;;X;;;
6227309001;622-7309-001;DME RECEIVER;;REPAIR;;DNR;X;X;;X;X;;;;;;;;;;;;;;;;;;;;;;;;;;;;;;;;;;;;;;;;;;;;;;;;;;;;;;;;;;;;;;;;;;;;;;;;;;;;;;;;;;;;;X;;;X;;;X;;;
6227309101;622-7309-101;DME RECEIVER;;REPAIR;;DNR;X;X;;X;X;;;;;;;;;;;;;;;;;;;;;;;;;;;;;;;;;;;;;;;;;;;;;;;;;;;;;;;;;;;;;;;;;;;;;;;;;;;;;;;;;;;;;X;;;X;;;X;;;
6227318001;622-7318-001;DME INDICATOR;;REPAIR;;DNR;X;X;;X;;;;;;X;;;;;;;;;;;;;;;;;;;;;;;;;;;;;;;;;;;;;;;;;;;;;;;;;;;;;;;;;;;;;;;;;;;;;;;;X;;;;;;;;;;;;;;X;;;
6227318004;622-7318-004;DME INDICATOR;;REPAIR;;DNR;X;X;;;;;;;;X;;;;;;;;;;;;;;;;;;;;;;;;;;;;;;;;;;;;X;;X;;;;;;;;;;;;;;;;;;;;;;;;;;;;;;;;;;;;;;;;;;;;;;;;X;;;
6227382101;622-7382-101;ADF-462;;REPAIR;;DNR;X;X;;X;;;;;;;;;;;;;;;;;;;;;;;;;;;;;;;;;;;;;;;;;;;;;;;;;;;;;;;;;;;;;;;;;;;;;;;;;;;;;;;;;;;;;;X;X;;;;;X;;;
6227476411;622-7476-411;FLIGHT CONTROL COMPUTER;;;Overhaul/Repair/Inspection/Modification;;;X;;;;;X;X;X;X;;;;;;;;;;;;;;;;;;;;;;;;;;;;;;;;;;;;;;;;;;;;;;;;;;;;;;;;;;;;;;;;;;;;;;;;;;;;;;;;;;;;;;;X;;
6227476503;622-7476-503;FLIGHT CONTROL COMPUTER;;;Overhaul/Repair/Inspection/Modification;;;X;;;;;X;X;X;X;;;;;;;;;;;;;;;;;;;;;;;;;;;;;;;;;;;;;;;;;;;;;;;;;;;;;;;;;;;;;;;;;;;;;;;;;;;;;;;;;;;;;;;X;;
6227477301;622-7477-301;FLIGHT MODE PANEL;;;Overhaul/Repair/Inspection/Modification;;;X;;;;;X;X;X;X;;;;;;;;;;;;;;;;;;;;;;;;;;;;;;;;;;;;;;;;;;;;;;;;;;;;;;;;;;;;;;;;;;;;;;;;;;;;;;;;;;;;;;;X;;
6227478411;622-7478-411;FLIGHT AUGMENTATION COMPUTER;;;Overhaul/Repair/Inspection/Modification;;;X;;;;;X;X;X;X;;;;;;;;;;;;;;;;;;;;;;;;;;;;;;;;;;;;;;;;;;;;;;;;;;;;;;;;;;;;;;;;;;;;;;;;;;;;;;;;;;;;;;;X;;
6227478501;622-7478-501;FLIGHT AUGMENTATION COMPUTER;;;Overhaul/Repair/Inspection/Modification;;;X;;;;;X;X;X;X;;;;;;;;;;;;;;;;;;;;;;;;;;;;;;;;;;;;;;;;;;;;;;;;;;;;;;;;;;;;;;;;;;;;;;;;;;;;;;;;;;;;;;;X;;
6227478503;622-7478-503;FLIGHT AUGMENTATION COMPUTER;;;Overhaul/Repair/Inspection/Modification;;;X;;;;;X;X;X;X;;;;;;;;;;;;;;;;;;;;;;;;;;;;;;;;;;;;;;;;;;;;;;;;;;;;;;;;;;;;;;;;;;;;;;;;;;;;;;;;;;;;;;;X;;
6227479411;622-7479-411;COMPUTER MAINTENANCE CONTROL;;;Overhaul/Repair/Inspection/Modification;;;X;;;;;X;X;X;X;;;;;;;;;;;;;;;;;;;;;;;;;;;;;;;;;;;;;;;;;;;;;;;;;;;;;;;;;;;;;;;;;;;;;;;;;;;;;;;;;;;;;;;X;;
6227480301;622-7480-301;AFCAS MAINTENANCE PANEL;;;Overhaul/Repair/Inspection/Modification;;;X;;;;;X;X;X;X;;;;;;;;;;;;;;;;;;;;;;;;;;;;;;;;;;;;;;;;;;;;;;;;;;;;;;;;;;;;;;;;;;;;;;;;;;;;;;;;;;;;;;;X;;
6227484421;622-7484-421;EFIS;;;Overhaul/Repair/Inspection/Modification;;;X;;;;;X;X;X;X;;;;;;;;;;;;;;;;;;;;;;;;;;;;;;;;;;;;;;;;;;;;;;;;;;;;;;;;;;;;;;;;;;;;;;;;;;;;;;;;;;;;;;;X;;
6227484422;622-7484-422;EFIS;;;Overhaul/Repair/Inspection/Modification;;;X;;;;;X;X;X;X;;;;;;;;;;;;;;;;;;;;;;;;;;;;;;;;;;;;;;;;;;;;;;;;;;;;;;;;;;;;;;;;;;;;;;;;;;;;;;;;;;;;;;;X;;
6227485411;622-7485-411;PANEL DISPLAY CONTROL;;;Overhaul/Repair/Inspection/Modification;;;X;;;;;X;X;X;X;;;;;;;;;;;;;;;;;;;;;;;;;;;;;;;;;;;;;;;;;;;;;;;;;;;;;;;;;;;;;;;;;;;;;;;;;;;;;;;;;;;;;;;X;;
6227485421;622-7485-421;DISPLAY CONTROL PANEL;;;Overhaul/Repair/Inspection/Modification;;;X;;;;;X;X;X;X;;;;;;;;;;;;;;;;;;;;;;;;;;;;;;;;;;;;;;;;;;;;;;;;;;;;;;;;;;;;;;;;;;;;;;;;;;;;;;;;;;;;;;;X;;
6227486301;622-7486-301;ALTITUDE SELECT PANEL;;;Overhaul/Repair/Inspection/Modification;;;X;;;;;X;X;X;X;;;;;;;;;;;;;;;;;;;;;;;;;;;;;;;;;;;;;;;;;;;;;;;;;;;;;;;;;;;;;;;;;;;;;;;;;;;;;;;;;;;;;;;X;;
6227878001;622-7878-001;TRANSPONDER TPR-720;;REPAIR;;DNR;X;X;;X;;;;;;;;;;;;;;;;;;;;;;;;;;;;;;;;;;;;;;;;;;;;;;;;;;;;;;;;;;;;;;;;;;;;;;;;;;;;;;;;;;;;;;X;X;;;;;X;;;
6227878020;622-7878-020;TRANSPONDER TPC-720;;REPAIR;;DNR;X;X;;X;;;;;;;;;;;;;;;;;;;;;;;;X;;;X;;;;;;;;;;;;;;;;;;;;;;;;;;;;;;;;;;;;;;;;;;;;;;;;;;;;;;;;;;;;;;;;;X;;;
6227878120;622-7878-120;TRANSPONDER TPC-720;;REPAIR;;DNR;X;X;;X;;;;;;;;;;;;;;;;;;;;;;;;X;;;X;;;;;;;;;;;;;;;;;;;;;;;;;;;;;;;;;;;;;;;;;;;;;;;;;;;;;;;;;;;;;;;;;X;;;
6227878200;622-7878-200;TRANSPONDER TPC-720;;REPAIR;;DNR;X;X;;X;;;;;;;;;;;;;;;;;;;;;;;;;;;;;;;;;;;;;;;;;;;;;;;;;;;;;;;;;;;;;;;;;;;;;;;;;;;;;;;;;;;;;;X;X;;;;;X;;;
6227878201;622-7878-201;TRANSPONDER TPC-720;;REPAIR;;DNR;X;X;;X;;;;;;;;;;;;;;;;;;;;;;;;;;;;;;;;;;;;;;;;;;;;;;;;;;;;;;;;;;;;;;;;;;;;;;;;;;;;;;;;;;;;;;X;X;;;;;X;;;
6227878301;622-7878-301;TRANSPONDER TPC-720;;REPAIR;;DNR;X;X;;X;;;;;;;;;;;;;;;;;;;;;;;;;;;;;;;;;;;;;;;;;;;;;;;;;;;;;;;;;;;;;;;;;;;;;;;;;;;;;;;;;;;;;;X;X;;;;;X;;;
6227925303;622-7925-303;SERVOMTR AILERON/ELEVATOR RUDD;;OVERHAUL;;DNR;X;X;;X;;;;;;;;;;;;;;;;;;;;;;;;;;;;;;;;;;;;;;;;;;;;;;;;;;;;;;;;;;;;;;;;;;;;;;;;;;;;;;;;;;;;;;X;X;;;;;X;;;
6227926303;622-7926-303;MOUNTING SERVO;;REPAIR;;DNR;X;X;;X;;;;;;;;;;;;;;;;;;;;;;;;;;;;;;;;;;;;;;;;;;;;;;;;;;;;;;;;;;;;;;;;;;;;;;;;;;;;;;;;;;;;;;X;X;;;;;X;;;
6227957302;622-7957-302;PANEL MULTIFONCTION CONTROL;;;Overhaul/Repair/Inspection/Modification;;;X;;;;;X;X;X;X;;;;;;;;;;;;;;;;;;;;;;;;;;;;;;;;;;;;;;;;;;;;;;;;;;;;;;;;;;;;;;;;;;;;;;;;;;;;;;;;;;;;;;;X;;
6227957311;622-7957-311;PANEL MULTIFONCTION CONTROL;;;Overhaul/Repair/Inspection/Modification;;;X;;;;;X;X;X;X;;;;;;;;;;;;;;;;;;;;;;;;;;;;;;;;;;;;;;;;;;;;;;;;;;;;;;;;;;;;;;;;;;;;;;;;;;;;;;;;;;;;;;;X;;
6227957411;622-7957-411;PANEL MULTIFONCTION CONTROL;;;Overhaul/Repair/Inspection/Modification;;;X;;;;;X;X;X;X;;;;;;;;;;;;;;;;;;;;;;;;;;;;;;;;;;;;;;;;;;;;;;;;;;;;;;;;;;;;;;;;;;;;;;;;;;;;;;;;;;;;;;;X;;
6228047423;622-8047-423;MFDU;;;Overhaul/Repair/Inspection/Modification;;;X;;;;;X;X;X;X;;;;;;;;;;;;;;;;;;;;;;;;;;;;;;;;;;;;;;;;;;;;;;;;;;;;;;;;;;;;;;;;;;;;;;;;;;;;;;;;;;;;;;;X;;
6228047541;622-8047-541;MULTIFONCTION DISPLAY UNIT;;;Overhaul/Repair/Inspection/Modification;;;X;;;;;X;X;X;X;;;;;;;;;;;;;;;;;;;;;;;;;;;;;;;;;;;;;;;;;;;;;;;;;;;;;;;;;;;;;;;;;;;;;;;;;;;;;;;;;;;;;;;X;;
6228069303;622-8069-303;MOUNTING SERVO;;OVERHAUL;;DNR;X;X;X;X;X;;;;;;;;;;;;;;;;;;;;;;;;;;;;;;;;;;;;;;;;;;;;;;;;;;;;;;;;;;;;;;;;;;;;;;;;;;;;;;;;;;;;;X;X;;;;;X;;;
6228069304;622-8069-304;MOUNTING SERVO;;OVERHAUL;;DNR;X;X;X;X;X;;;;;;;;;;;;;;;;;;;;;;;;;;;;;;;;;;;;;;;;;X;;X;;;;;;;;;;;;;;;;;;;;;;;;;;;;;;;;;;;;;;;;;;;;;;;;X;;;
6228971012;622-8971-012;TCAS TTR-920;;REPAIR;;;X;X;X;X;X;;;;;;;;;;;;;;;;;;;;;;;;;;;;;;;;;;;X;;X;;X;;;;;;;;;;;;;;;;;;;;;;;;;;;;;;;;;;;;;;;;;;;;;;;;;;;;X;;;
6228971014;622-8971-014;TCAS TTR-920;;REPAIR;;;X;X;X;X;X;;;;;;;;;;;;;;;;;;;;;;;;;;;;;;;;;;;X;;X;;X;;;;;;;;;;;;;;;;;;;;;;;;;;;;;;;;;;;;;;;;;;;;;;;;;;;;X;;;
6228971020;622-8971-020;TCAS TTR-920;;REPAIR;;;X;X;X;X;X;;;;;;;;;;;;;;;;;;;;;;;;;;;;;;;;;;;;;;;;;;;;;;;;;;;;;;;;;;;;;;;;X;;;;X;;;;;;;;;;;;;;;;;;;;;;;X;;;
6228971022;622-8971-022;TCAS TTR-920;;REPAIR;;;X;X;X;X;X;;;;;;;;;;;;;;;;;;;;;;;;;;;;;;;;;;;;;;;;;;;;;;;;;;;;;;;;;;;;;;;;X;;;;X;;;;;;;;;;;;;;;;;;;;;;;X;;;
6228971112;622-8971-112;TCAS TTR-920;;REPAIR;;;X;X;X;X;X;;;;;;;;;;;;;;;;;;;;;;;;;;;;;;;;;;;X;;X;;X;;;;;;;;;;;;;;;;;;;;;;;;;;;;;;;;;;;;;;;;;;;;;;;;;;;;X;;;
6228971120;622-8971-120;TCAS TTR-920;;REPAIR;;;X;X;X;X;X;;;;;;;;;;;;;;;;;;;;;;;;;;;;;;;;;;;X;X;;X;;;;;;;;;;;;;;;;;;;;;;;;;;;;;;;;;;;;;;;;;;;;;;;;;;;;;X;;;
6228971122;622-8971-122;TCAS TTR-920;;REPAIR;;;X;X;X;X;X;;;;;;;;;;;;;;;;;;;;;;;;;;;;;;;;;;;X;X;;X;;;;;;;;;;;;;;;;;;;;;;;;;;;;;;;;;;;;;;;;;;;;;;;;;;;;;X;;;
6228971320;622-8971-320;TCAS TTR-920;;REPAIR;;;X;X;X;X;X;;;;;;;;;;;;;;;;;;;;;;;;;;;;;;;;;;;X;;X;;X;;;;;;;;;;;;;;;;;;;;;;;;;;;;;;;;;;;;;;;;;;;;;;;;;;;;X;;;
6228971322;622-8971-322;TCAS TTR-920;;REPAIR;;;X;X;X;X;X;;;;;;;;;;;;;;;;;;;;;;;X;;;X;;;;;;;;;;;;;;;;;;;;;;;;;;;;;;;;;;;;;;;;;;;;;;;;;;;;;;;;;;;;;;;;;X;;;
6228971420;622-8971-420;TCAS TTR-920;;REPAIR;;;X;X;X;X;X;;;;;;;;;;;;;;;;;;;;;;;;;;;;;;;;;;;X;;X;;X;;;;;;;;;;;;;;;;;;;;;;;;;;;;;;;;;;;;;;;;;;;;;;;;;;;;X;;;
6228971422;622-8971-422;TCAS TTR-920;;REPAIR;;;X;X;X;X;X;;;;;;;;;;;;;;;;;;;;;;;;;;;;;;;;;;;X;;X;;X;;;;;;;;;;;;;;;;;;;;;;;;;;;;;;;;;;;;;;;;;;;;;;;;;;;;X;;;
6228971620;622-8971-620;TCAS TTR-920;;REPAIR;;;X;X;X;X;X;;;;;;;;;;;;;;;;;;;;;;;;;;;;;;;;;;;X;;X;;X;;;;;;;;;;;;;;;;;;;;;;;;;;;;;;;;;;;;;;;;;;;;;;;;;;;;X;;;
6228971622;622-8971-622;TCAS TTR-920;;REPAIR;;;X;X;X;X;X;;;;;;;;;;;;;;;;;;;;;;;;;;;;;;;;;;;X;;X;;X;;;;;;;;;;;;;;;;;;;;;;;;;;;;;;;;;;;;;;;;;;;;;;;;;;;;X;;;
623272;623272;VARIABLE DISPLACEMENT HYDRAULIC PUMP;OVERHAUL;;;;X;X;X;X;X;;;;;;;;;;;;;X;X;X;X;;;;;;;;;;;;;;;;;;;;;;;;;;;;;;;;;;;;;;;;;;;;;;;;;;;;;;;;;;;;;;;;;;;;;;;;;;X;;;;
623977;623977;VARIABLE DISPLACEMENT HYDRAULIC PUMP;OVERHAUL;;;;X;X;X;X;X;;;;;;;;;;;;;X;;;;;;;;;;;;;;;;;;;;;;;;;;;;;;;;;;;;;;;;;;;;;;;;;;;;;;;;;;;;;;;;;;;;;;;;;;;;;X;;;;
624372;624372;HYDRAULIC MOTOR PUMP ASSY;OVERHAUL;;;;X;X;X;X;X;;;;;;;;;;;;;X;X;X;X;;;;;;;;;;;;;;;;;;;;;;;;;;;;;;;;;;;;;;;;;;;;;;;;;;;;;;;;;;;;;;;;;;;;;;;;;;X;;;;
6248201;624820-1;TEMPERATURE CONTROLLER;;REPAIR;;DNR;X;X;X;X;;;;;;;;;;;;;;;;;;;;;;;;;;;;;;;;;;;;X;X;;;;;;;;;;;;;;;;;;;;;;;;;;;;;;;;;;;;;;;;;;;;;;;;;;;;;;;X;;;
6249922;624992-2;WINDOW HEAT CONTROL UNIT;REPAIR;;;;X;X;X;X;X;;;;;;;;;;;;;;;;;;;;;;;;;;;;;;;;;;;X;;;;;;;;;;;;;;;;;;;;;;;;;;;;;;;;;;;;;;;;;;;;;;;;;;;;;;;X;;;;
6249923;624992-3;WINDOW HEAT CONTROL UNIT;REPAIR;;;;X;X;X;X;X;;;;;;;;;;;;;;;;;;;;;;;;;;;;;;;;;;;X;;;;;;;;;;;;;;;;;;;;;;;;;;;;;;;;;;;;;;;;;;;;;;;;;;;;;;;X;;;;
6252;6252;FUSE HYDRAULIC QUANTITY MEASURING;OVERHAUL;;;;X;X;X;X;X;;;;;;;;;;;;;;;;;;;;;;;X;;;X;;;;;;;;;;;;;;;;;;;;;;;;;;;;;;;;;;;;;;;;;;;;;;;;;;;;;;;;;;;;;;;;X;;;;
6257181;625718-1;TEMPERATURE SELECTOR;;OVERHAUL;;DNR;X;X;X;X;X;;;;;;;;;;;;;;;;;;;;;;;;;;;;;;;;;;;X;X;;;;;;;;;;;;;;;;;;;;;;;;;;;;;;;;;;;;;;;;;;;;;;;;;;;;;;;X;;;
625B241;625B-2-4-1;CLAPET;;BENCH TEST;;;X;X;;X;;;;;;;;;;;;;;;;;;;;;;;;X;;;;;;;;;;X;;;;;;;;X;;;X;;;;;;;;;;;;;;;;;;;;;;;;;;;;;;;;;;;;;;;;;;;;;;;X;;;
62721;6272-1;HYDRAULIC FUSE, VOLUMETRIC;OVERHAUL;;;;X;X;X;X;X;;;;;;;;;;;;;;;;;;;;;;;X;;;X;;;;;;;;;;;;;;;;;;;;;;;;;;;;;;;;;;;;;;;;;;;;;;;;;;;;;;;;;;;;;;;;X;;;;
6272481;627248-1;CONTROLLER, PNEUMATIC SYSTEM;REPAIR;;;;X;X;X;X;X;;;;;;;;;;;;;X;X;X;X;;;;;;;;;;;;;;;;;;;;;;;;;;;;;;;;;;;;;;;;;;;;;;;;;;;;;;;;;;;;;;;;;;;;;;;;;;X;;;;
6272482;627248-2;CONTROLLER, PNEUMATIC SYSTEM;REPAIR;;;;X;X;X;X;X;;;;;;;;;;;;;X;X;X;X;;;;;;;;;;;;;;;;;;;;;;;;;;;;;;;;;;;;;;;;;;;;;;;;;;;;;;;;;;;;;;;;;;;;;;;;;;X;;;;
62731;6273-1;HYDRAULIC FUSE, VOLUMETRIC;OVERHAUL;;;;X;X;X;X;X;;;;;;;;;;;;;;;;;;;;;;;X;;;X;;;;;;;;;;;;;;;;;;;;;;;;;;;;;;;;;;;;;;;;;;;;;;;;;;;;;;;;;;;;;;;;X;;;;
62735;6273-5;HYDRAULIC FUSE, VOLUMETRIC;OVERHAUL;;;;X;X;X;X;X;;;;;;;;;;;;;;;;;;;;;;;X;;;X;;;;;;;;;;;;;;;;;;;;;;;;;;;;;;;;;;;;;;;;;;;;;;;;;;;;;;;;;;;;;;;;X;;;;
6273961;627396-1;ZONE VERNIER TEMP.CONTROL;REPAIR;;;;X;X;X;X;X;;;;;;;;;;;;;X;X;X;X;;;;;;;;;;;;;;;;;;;;;;;;;;;;;;;;;;;;;;;;;;;;;;;;;;;;;;;;;;;;;;;;;;;;;;;;;;X;;;;
6275621;627562-1;CONTROLLER, CARGO COMPARTMENT TEMP;REPAIR;;;;X;X;X;X;X;;;;;;;;;;;;;X;;X;X;;;;;;;;;;;;;;;;;;;;;;;;;;;;;;;;;;;;;;;;;;;;;;;;;;;;;;;;;;;;;;;;;;;;;;;;;;X;;;;
63274008;63274-008;HANDSET;;REPAIR;;;X;X;;;;;;;;;;;;;;;;;;;;;;;;;;;;;;;;;;;;;;;;;;;;;;;;;;;;;;;;;;;;;;;;;;;X;;X;;;;;;;;;;;;;;;;;;;;;;;;;X;;;
63274011;63274-011;HANDSET;;REPAIR;;;X;X;;X;;;;;;;;;;;;;;;;;;;;;;;;;;;;;;;;;;;;;;;;;;;;;;;;;;;;;;;;;;;;;;;;;X;;X;;;;;;;;;;;;;;;;;;;X;X;;;;;X;;;
6350A33CCC;6350A33-CC-C;OXYGEN BOTTLE;;OVERHAUL;;;X;X;;;;;;;;;;;;;;;;;;;;;;;;;;;;;;;;;;;;;;;;;;;;;;;;;;;;;;;;;;;;;;;;;;;;;;;;;;;;;;;;;;;;;;;;X;;;X;;;X;;;
6350A33CCC;6350-A33-CC-C;OXYGEN BOTTLE;;OVERHAUL;;;X;X;;;;;;;;;;;;;;;;;;;;;;;;;;;;;;;;;;;;;;;;;;;;;;;;;;;;;;;;;;;;;;;;;;;;;;;;;;;;;;;;;;;;;;;;X;;;X;;;X;;;
6350A33NNC;6350A33-NN-C;OXYGEN BOTTLE;;REPAIR;;;X;X;;;;;;;;;;;;;;;;;;;;;;;;;;;;;;;;;;;;;;;;;;;;;;;;;;;;;;;;;;;;;;;;;;;;;;;;;;;;;;;;X;;;;;;;;;;;;;;X;;;
6350A33SSSC;6350A33-SSS-C;OXYGEN BOTTLE;;REPAIR;;;X;X;;;;;;;;;;;;;;;;;;;;;;;;;;;;;;;;;;;;;;;;;;;;;;;;;;;;;;;;;;;;;;;;;;;;;;;;;;;;;;;;X;;;;;;;;;;;;;;X;;;
6350A33SSSC;6350-A33-SSS-C;OXYGEN BOTTLE;;OVERHAUL;;;X;X;;;;;;;;;;;;;;;;;;;;;;;;;;;;;;;;;;;;;;;;;;;;;;;;;;;;;;;;;;;;;;;;;;;;;;;;;;;;;;;;;;;;;;;;X;;;X;;;X;;;
6350A33SSSZ;6350A33-SSS-Z;OXYGEN BOTTLE;;OVERHAUL;;;X;X;;;;;;;;;;;;;;;;;;;;;;;;;;;;;;;;;;;;;;;;;;;;;;;;;;;;;;;;;;;;;;;;;;;;;;;;;;;;;;;;X;;;;;;;;;;;;;;X;;;
6350A33SSSZ;6350-A33-SSS-Z;OXYGEN BOTTLE;;OVERHAUL;;;X;X;;;;;;;;;;;;;;;;;;;;;;;;;;;;;;;;;;;;;;;;;;;;;;;;;;;;;;;;;;;;;;;;;;;;;;;;;;;;;;;;X;;;;;;;;;;;;;;X;;;
6350A33UUUC;6350A33-UUU-C;OXYGEN BOTTLE;;OVERHAUL;;;X;X;;;;;;;;;;;;;;;;;;;;;;;;;;;;;;;;;;;;;;;;;;;;;;;;;;;;;;;;;;;;;;;;;;;;;;;;;;;;;;;;;;;;;;;;X;;;X;;;X;;;
6350A33UUUC;6350-A33-UUU-C;OXYGEN BOTTLE;;OVERHAUL;;;X;X;;;;;;;;;;;;;;;;;;;;;;;;;;;;;;;;;;;;;;;;;;;;;;;;;;;;;;;;;;;;;;;;;;;;;;;;;;;;;;;;;;;;;;;;X;;;X;;;X;;;
6350A33WWC;6350A33-WW-C;OXYGEN BOTTLE;;REPAIR;;;X;X;;;;;;;;;;;;;;;;;;;;;;;;;;;;;;;;;;;;;;;;;;;;;;;;;;;;;;;;;;;;;;;;;;;;;;;;;;;;;;;;X;;;;;;;;;;;;;;X;;;
6350A34CCC;6350A34-CC-C;OXYGEN BOTTLE;;REPAIR;;;X;X;;;;;;;;;;;;;;;;;;;;;;;;;;;;;;;;;;;;;;;;;;;;;;;;;;;;;;;;;;;;;;;;;;;;;;;;;;;;;;;;;;;;;;;;X;X;;;;;X;;;
635400312;63540-031-2;DIGITAL RMI/ADF INDICATOR;REPAIR;;;;X;X;X;X;X;;;;;;;;;;;;;X;;X;X;;;;;;;;;;;;;;;;;;;;;;;;;;;;;;;;;;;;;;;;;;;;;;;;;;;;;;;;;;;;;;;;;;;;;;;;;;X;;;;
635400313;63540-031-3;DIGITAL RMI/ADF INDICATOR;REPAIR;;;;X;X;X;X;X;;;;;;;;;;;;;X;;X;X;;;;;;;;;;;;;;;;;;;;;;;;;;;;;;;;;;;;;;;;;;;;;;;;;;;;;;;;;;;;;;;;;;;;;;;;;;X;;;;
635400314;63540-031-4;DIGITAL RMI/ADF INDICATOR;REPAIR;;;;X;X;X;X;X;;;;;;;;;;;;;X;;X;X;;;;;;;;;;;;;;;;;;;;;;;;;;;;;;;;;;;;;;;;;;;;;;;;;;;;;;;;;;;;;;;;;;;;;;;;;;X;;;;
635400401;63540-040-1;DIGITAL RMI/ADF INDICATOR;REPAIR;;;;X;X;X;X;X;;;;;;;;;;;;;X;X;X;X;;;;;;;;;;;;;;;;;;;;;;;;;;;;;;;;;;;;;;;;;;;;;;;;;;;;;;;;;;;;;;;;;;;;;X;X;;;;X;;;;
635400402;63540-040-2;DIGITAL RMI/ADF INDICATOR;REPAIR;;;;X;X;X;X;X;;;;;;;;;;;;;X;;X;X;;;;;;;;;;;;;;;;;;;;;;;;;;;;;;;;;;;;;;;;;;;;;;;;;;;;;;;;;;;;;;;;;;;;;;;;;;X;;;;
635400403;63540-040-3;DIGITAL RMI/ADF INDICATOR;REPAIR;;;;X;X;X;X;X;;;;;;;;;;;;;X;;X;X;;;;;;;;;;;;;;;;;;;;;;;;;;;;;;;;;;;;;;;;;;;;;;;;;;;;;;;;;;;;;;;;;;;;;;;;;;X;;;;
635400412;63540-041-2;DIGITAL RMI/ADF INDICATOR;REPAIR;;;;X;X;X;X;X;;;;;;;;;;;;;X;;;;;;X;;;;;;;;;;;;;;;;;;;;;;;;;;;;;;;;;;;;;;;;;;;;;;;;;;;;;;;;;;;;;;;;;;;;;;;X;;;;
635400413;63540-041-3;DIGITAL RMI/ADF INDICATOR;REPAIR;;;;X;X;X;X;X;;;;;;;;;;;;;X;;;;X;X;X;X;;;;;;;;;;;;;;;;;;;;;;;;;;;;;;;;;;;;;;;;;;;;;;;;;;;;;;;;;;;;;;;;;;;;;;X;;;;
635400414;63540-041-4;DIGITAL RMI/ADF INDICATOR;REPAIR;;;;X;X;X;X;X;;;;;;;;;;;;;X;;;;;;;;;;;;;;;;;;;;;;;;;;;;;;;;;;;;;;;;;;;;;;;;;;;;;;;;;;;;;;;;;;;;;;;;;;;;;X;;;;
635401562;63540-156-2;DDRMI INDICATOR;REPAIR;;;;X;X;X;X;X;;;X;;;;;;;;;;X;X;;;;;;;;;;;;;;;;;;;;;;;;;;;;;;;;;;;;;;;;;;;;;;;;;;;;;;;;;;;;;;;;;;;;;;;;;;;;X;;;;
635401563;63540-156-3;DDRMI INDICATOR;REPAIR;;;;X;X;X;X;X;;;X;;;;;;;;;;X;X;X;X;;;;;;;;;;;;;;;;;;;;;;;;;;;;;;;;;;;;;;;;;;;;;;;;;;;;;;;;;;;;;;;;;;;;;;;;;;X;;;;
635401564;63540-156-4;DDRMI INDICATOR;REPAIR;;;;X;X;X;X;X;;;X;;;;;;;;;;X;X;X;X;;;;;;;;;;;;;;;;;;;;;;;;;;;;;;;;;;;;;;;;;;;;;;;;;;;;;;;;;;;;;;;;;;;;;;;;;;X;;;;
635401565;63540-156-5;DDRMI INDICATOR;REPAIR;;;;X;X;X;X;X;;;X;;;;;;;;;;X;X;X;X;;;;;;;;;;;;;;;;;;;;;;;;;;;;;;;;;;;;;;;;;;;;;;;;;;;;;;;;;;;;;;;;;;;;;;;;;;X;;;;
635401702;63540-170-2;DDRMI INDICATOR;REPAIR;REPAIR;;;X;X;X;X;X;;;X;;;;;;;;;;X;X;X;X;;;;;;;;;;;;;;;;;;;;;;;;;;;;;;;;;;;;;;;;;;;;;;;;;;;;;;;;;;;;;;;;;;;;;X;X;;;;X;X;;;
635401703;63540-170-3;DDRMI INDICATOR;REPAIR;BENCH TEST;;;X;X;X;X;X;;;X;;;;;;;;;;X;X;X;X;;;;;;;;;;;;;;;;;;;;;;;;;;;;;;;;;;;;;;;;;;;;;;;;;;;;;;;;;;;;;;;;;;;;;X;X;;;;X;X;;;
635401704;63540-170-4;DDRMI INDICATOR;REPAIR;;;;X;X;X;X;X;;;X;;;;;;;;;;X;;X;X;;;;;;;;;;;;;;;;;;;;;;;;;;;;;;;;;;;;;;;;;;;;;;;;;;;;;;;;;;;;;;;;;;;;;;;;;;X;;;;
635431502;63543-150-2;DDRMI INDICATOR;REPAIR;;;;X;X;X;X;X;;;;;;;;;;;;;X;;;;;X;X;X;;;;;;;;;;;;;;;;;;;;;;;;;;;;;;;;;;;;;;;;;;;;;;;;;;;;;;;;;;;;;;;;;;;;;;X;;;;
635431503;63543-150-3;DDRMI INDICATOR;REPAIR;;;;X;X;X;X;X;;;;;;;;;;;;;X;;;;;X;X;X;;;;;;;;;;;;;;;;;;;;;;;;;;;;;;;;;;;;;;;;;;;;;;;;;;;;;;;;;;;;;;;;;;;;;;X;;;;
635431504;63543-150-4;DDRMI INDICATOR;REPAIR;;;;X;X;X;X;X;;;;;;;;;;;;;X;;;;X;X;X;X;;;;;;;;;;;;;;;;;;;;;;;;;;;;;;;;;;;;;;;;;;;;;;;;;;;;;;;;;;;;;;;;;;;;;;X;;;;
635431505;63543-150-5;DDRMI INDICATOR;REPAIR;;;;X;X;X;X;X;;;;;;;;;;;;;X;;;;X;X;X;X;;;;;;;;;;;;;;;;;;;;;;;;;;;;;;;;;;;;;;;;;;;;;;;;;;;;;;;;;;;;;;;;;;;;;;X;;;;
635432531;63543-253-1;DIGITAL DUAL-DISTANCE RADIO MAGNETIC IND;REPAIR;;;;X;X;X;X;X;;;;;;;;;;;;;X;;;;;;;;X;X;;;;;;;;;;;;;;;;;;;;;;;;;;;;;;;;;;;;;;;;;;;;;;;;;;;;;;;;;;;;;;;;;;;;X;;;;
635432532;63543-253-2;DIGITAL DUAL-DISTANCE RADIO MAGNETIC IND;REPAIR;;;;X;X;X;X;X;;;;;;;;;;;;;X;;;;;X;X;X;X;X;;;;;;;;;;;;;;;;;;;;;;;;;;;;;;;;;;;;;;;;;;;;;;;;;;;;;;;;;;;;;;;;;;;;X;;;;
635432533;63543-253-3;DIGITAL DUAL-DISTANCE RADIO MAGNETIC IND;REPAIR;;;;X;X;X;X;X;;;;;;;;;;;;;X;;;;X;X;X;X;X;X;;;;;;;;;;;;;;;;;;;;;;;;;;;;;;;;;;;;;;;;;;;;;;;;;;;;;;;;;;;;;;;;;;;;X;;;;
635432534;63543-253-4;DIGITAL DUAL-DISTANCE RADIO MAGNETIC IND;REPAIR;;;;X;X;X;X;X;;;;;;;;;;;;;X;;;;X;X;X;X;X;X;;;;;;;;;;;;;;;;;;;;;;;;;;;;;;;;;;;;;;;;;;;;;;;;;;;;;;;;;;;;;;;;;;;;X;;;;
636000502;63600-050-2;FUEL FLOW / FUEL USED INDICATOR;REPAIR;;;;X;X;X;X;X;;;;;;;;;;;;;X;;X;X;;;;;;;;;;;;;;;;;;;;;;;;;;;;;;;;;;;;;;;;;;;;;;;;;;;;;;;;;;;;;;;;;;;;;;;;;;X;;;;
636000513;63600-051-3;FUEL FLOW / FUEL USED INDICATOR;REPAIR;;;;X;X;X;X;X;;;;;;;;;;;;;X;;X;X;;;;;;;;;;;;;;;;;;;;;;;;;;;;;;;;;;;;;;;;;;;;;;;;;;;;;;;;;;;;;;;;;;;;;;;;;;X;;;;
636002502;63600-250-2;INDICATOR, EGT;REPAIR;;;;X;X;X;X;X;;;;;;;;;;;;;X;;X;X;;;;;;;;;;;;;;;;;;;;;;;;;;;;;;;;;;;;;;;;;;;;;;;;;;;;;;;;;;;;;;;;;;;;;;;;;;X;;;;
636002512;63600-251-2;INDICATOR, EGT;REPAIR;;;;X;X;X;X;X;;;;;;;;;;;;;X;;X;X;;;;;;;;;;;;;;;;;;;;;;;;;;;;;;;;;;;;;;;;;;;;;;;;;;;;;;;;;;;;;;;;;;;;;;;;;;X;;;;
636002522;63600-252-2;INDICATOR, EGT;REPAIR;;;;X;X;X;X;;;;;;;;;;;;;;X;;X;X;;;;;;;;;;;;;;;;;;;;;;;;;;;;;;;;;;;;;;;;;;;;;;;;;;;;;;;;;;;;;;;;;;;;;;;;;;X;;;;
636002532;63600-253-2;INDICATOR, EGT;REPAIR;;;;X;X;X;X;;;;;;;;;;;;;;X;;X;X;;;;;;;;;;;;;;;;;;;;;;;;;;;;;;;;;;;;;;;;;;;;;;;;;;;;;;;;;;;;;;;;;;;;;;;;;;X;;;;
636002541;63600-254-1;INDICATOR, EGT;REPAIR;;;;X;X;X;X;;;;;;;;;;;;;;X;;X;X;;;;;;;;;;;;;;;;;;;;;;;;;;;;;;;;;;;;;;;;;;;;;;;;;;;;;;;;;;;;;;;;;;;;;;;;;;X;;;;
636002551;63600-255-1;INDICATOR, EGT;REPAIR;;;;X;X;X;X;;;;;;;;;;;;;;X;;X;X;;;;;;;;;;;;;;;;;;;;;;;;;;;;;;;;;;;;;;;;;;;;;;;;;;;;;;;;;;;;;;;;;;;;;;;;;;X;;;;
636002561;63600-256-1;INDICATOR, EGT;REPAIR;;;;X;X;X;X;X;;;;;;;;;;;;;X;;X;X;;;;;;;;;;;;;;;;;;;;;;;;;;;;;;;;;;;;;;;;;;;;;;;;;;;;;;;;;;;;;;;;;;;;;;;;;;X;;;;
636002571;63600-257-1;INDICATOR, EGT;REPAIR;;;;X;X;X;X;X;;;;;;;;;;;;;X;;X;X;;;;;;;;;;;;;;;;;;;;;;;;;;;;;;;;;;;;;;;;;;;;;;;;;;;;;;;;;;;;;;;;;;;;;;;;;;X;;;;
636002581;63600-258-1;INDICATOR, EGT;REPAIR;;;;X;X;X;X;X;;;;;;;;;;;;;X;;X;X;;;;;;;;;;;;;;;;;;;;;;;;;;;;;;;;;;;;;;;;;;;;;;;;;;;;;;;;;;;;;;;;;;;;;;;;;;X;;;;
636002591;63600-259-1;INDICATOR, EGT;REPAIR;;;;X;X;X;X;;;;;;;;;;;;;;X;;X;X;;;;;;;;;;;;;;;;;;;;;;;;;;;;;;;;;;;;;;;;;;;;;;;;;;;;;;;;;;;;;;;;;;;;;;;;;;X;;;;
636002601;63600-260-1;INDICATOR, EGT;REPAIR;;;;X;X;X;X;X;;;;;;;;;;;;;X;;X;X;;;;;;;;;;;;;;;;;;;;;;;;;;;;;;;;;;;;;;;;;;;;;;;;;;;;;;;;;;;;;;;;;;;;;;;;;;X;;;;
636002611;63600-261-1;INDICATOR, EGT;REPAIR;;;;X;X;X;X;X;;;;;;;;;;;;;X;;X;X;;;;;;;;;;;;;;;;;;;;;;;;;;;;;;;;;;;;;;;;;;;;;;;;;;;;;;;;;;;;;;;;;;;;;;;;;;X;;;;
636002702;63600-270-2;E.G.T INDICATOR;REPAIR;;;;X;X;X;X;X;;;;;;;;;;;;;X;;X;;;;;;;;;;;;;;;;;;;;;;;;;;;;;;;;;;;;;;;;;;;;;;;;;;;;;;;;;;;;;;;;;;;;;;;;;;;X;;;;
636002711;63600-271-1;E.G.T INDICATOR;REPAIR;;;;X;X;X;X;X;;;;;;;;;;;;;X;;X;X;;;;;;;;;;;;;;;;;;;;;;;;;;;;;;;;;;;;;;;;;;;;;;;;;;;;;;;;;;;;;;;;;;;;;;;;;;X;;;;
636002801;63600-280-1;E.G.T INDICATOR;REPAIR;;;;X;X;X;X;X;;;;;;;;;;;;;X;;X;X;;;;;;;;;;;;;;;;;;;;;;;;;;;;;;;;;;;;;;;;;;;;;;;;;;;;;;;;;;;;;;;;;;;;;;;;;;X;;;;
636004502;63600-450-2;N1 INDICATOR;REPAIR;;;;X;X;X;X;X;;;;;;;;;;;;;X;;X;X;;;;;;;;;;;;;;;;;;;;;;;;;;;;;;;;;;;;;;;;;;;;;;;;;;;;;;;;;;;;;;;;;;;;;;;;;;X;;;;
636004512;63600-451-2;N1 INDICATOR;REPAIR;;;;X;X;X;X;X;;;;;;;;;;;;;X;;X;X;;;;;;;;;;;;;;;;;;;;;;;;;;;;;;;;;;;;;;;;;;;;;;;;;;;;;;;;;;;;;;;;;;;;;;;;;;X;;;;
636004522;63600-452-2;N1 INDICATOR;REPAIR;;;;X;X;X;X;X;;;;;;;;;;;;;X;;X;X;;;;;;;;;;;;;;;;;;;;;;;;;;;;;;;;;;;;;;;;;;;;;;;;;;;;;;;;;;;;;;;;;;;;;;;;;;X;;;;
636004532;63600-453-2;N1 INDICATOR;REPAIR;;;;X;X;X;X;X;;;;;;;;;;;;;X;;X;X;;;;;;;;;;;;;;;;;;;;;;;;;;;;;;;;;;;;;;;;;;;;;;;;;;;;;;;;;;;;;;;;;;;;;;;;;;X;;;;
636004541;63600-454-1;N2 INDICATOR;REPAIR;;;;X;X;X;X;X;;;;;;;;;;;;;X;;X;X;;;;;;;;;;;;;;;;;;;;;;;;;;;;;;;;;;;;;;;;;;;;;;;;;;;;;;;;;;;;;;;;;;;;;;;;;;X;;;;
636004551;63600-455-1;N2 INDICATOR;REPAIR;;;;X;X;X;X;X;;;;;;;;;;;;;X;;X;X;;;;;;;;;;;;;;;;;;;;;;;;;;;;;;;;;;;;;;;;;;;;;;;;;;;;;;;;;;;;;;;;;;;;;;;;;;X;;;;
636004562;63600-456-2;N1 INDICATOR;REPAIR;;;;X;X;X;X;X;;;;;;;;;;;;;X;;X;X;;;;;;;;;;;;;;;;;;;;;;;;;;;;;;;;;;;;;;;;;;;;;;;;;;;;;;;;;;;;;;;;;;;;;;;;;;X;;;;
636004571;63600-457-1;N2 INDICATOR;REPAIR;;;;X;X;X;X;X;;;;;;;;;;;;;X;;X;X;;;;;;;;;;;;;;;;;;;;;;;;;;;;;;;;;;;;;;;;;;;;;;;;;;;;;;;;;;;;;;;;;;;;;;;;;;X;;;;
636004581;63600-458-1;INDICATOR-ENGINE SPEED N2;REPAIR;;;;X;X;X;X;X;;;;;;;;;;;;;X;;X;X;;;;;;;;;;;;;;;;;;;;;;;;;;;;;;;;;;;;;;;;;;;;;;;;;;;;;;;;;;;;;;;;;;;;;;;;;;X;;;;
636004591;63600-459-1;N2 INDICATOR;REPAIR;;;;X;X;X;X;X;;;;;;;;;;;;;X;;X;X;;;;;;;;;;;;;;;;;;;;;;;;;;;;;;;;;;;;;;;;;;;;;;;;;;;;;;;;;;;;;;;;;;;;;;;;;;X;;;;
636014502;63601-450-2;N1 INDICATOR;REPAIR;;;;X;X;X;X;X;;;;;;;;;;;;;X;;X;X;;;;;;;;;;;;;;;;;;;;;;;;;;;;;;;;;;;;;;;;;;;;;;;;;;;;;;;;;;;;;;;;;;;;;;;;;;X;;;;
636014511;63601-451-1;N1 INDICATOR;REPAIR;;;;X;X;X;X;X;;;;;;;;;;;;;X;;X;X;;;;;;;;;;;;;;;;;;;;;;;;;;;;;;;;;;;;;;;;;;;;;;;;;;;;;;;;;;;;;;;;;;;;;;;;;;X;;;;
636014601;63601-460-1;N1 INDICATOR;REPAIR;;;;X;X;X;X;X;;;;;;;;;;;;;X;;X;X;;;;;;;;;;;;;;;;;;;;;;;;;;;;;;;;;;;;;;;;;;;;;;;;;;;;;;;;;;;;;;;;;;;;;;;;;;X;;;;
636016502;63601-650-2;EPR INDICATOR;REPAIR;;;;X;X;X;X;X;;;;;;;;;;;;;X;;X;X;;;;;;;;;;;;;;;;;;;;;;;;;;;;;;;;;;;;;;;;;;;;;;;;;;;;;;;;;;;;;;;;;;;;;;;;;;X;;;;
636016511;63601-651-1;EPR INDICATOR;REPAIR;;;;X;X;X;X;X;;;;;;;;;;;;;X;;X;X;;;;;;;;;;;;;;;;;;;;;;;;;;;;;;;;;;;;;;;;;;;;;;;;;;;;;;;;;;;;;;;;;;;;;;;;;;X;;;;
63999000;63999-000;HAND MIKE;;REPAIR;;;X;X;;X;;;;;;;;;;;;;;;;;;;;;;;;X;;;;;;;X;;; ;;;;;;;;;;;;;;;;;;;;;;;;;;;;;;;;;;;;;;;;;;;;;;;;;;;;;;;;;;X;;;
63999001;63999-001;HAND MIKE;;REPAIR;;;X;X;;X;;;;;;;;;;;;;;;;;;;;;;;; ;;;;;;;;;; ;;;;;;;;;;;;;;;;;;;;;;;;;;;;;;;;;;;;;;;;;;;;;;;;;;;;X;X;;;;;X;;;
63999003;63999-003;HAND MIKE;;REPAIR;;;X;X;;X;;;;;;;;;;;;;;;;;;;;;;;;;;;;;;;;;;;;;;;;;;;;;;;;;;;;;;;;;;;;;;;;;;;;;;;;;;;;;;;;;;;;;;X;X;;;;;X;;;
63C2205B0460006;63C2205B0460006;OXYGEN MASK CONTAINER 3 MASKS;REPAIR;;;;X;X;X;X;;;;;;;;;;;;;;X;;;;;;;;X;X;;;;;;;;;;;;;;;;;;;;;;;;;;;;;;;;;;;;;;;;;;;;;;;;;;;;;;;;;;;;;;;;;;;;X;;;;
63C2205Q0460006;63C2205Q0460006;CHEMICAL OXYGEN CONTAINER ASSY;REPAIR;;;;X;X;X;X;;;;;;;;;;;;;;X;;;;;;;;X;X;;;;;;;;;;;;;;;;;;;;;;;;;;;;;;;;;;;;;;;;;;;;;;;;;;;;;;;;;;;;;;;;;;;;X;;;;
63C22H6D0460006;63C22H6D0460006;CHEMICAL OXYGEN CONTAINER ASSY;REPAIR;;;;X;X;X;X;;;;;;;;;;;;;;X;;;;;;;;X;;;;;;;;;;;;;;;;;;;;;;;;;;;;;;;;;;;;;;;;;;;;;;;;;;;;;;;;;;;;;;;;;;;;;X;;;;
640406601;64040-660-1;ANEMOMETRE SANS VMO;;REPAIR;;;X;;;;;;;;;;;;;;;;;;;;;;;;;;;;;;;;;;;;;;;;;;;;;;;;;;;;;;;;;;;;;;;;;;;;;;;;;;;;;;;;;X;;;X;;;;;;;;;;;X;;;
640408601;64040-860-1;AIRSPEED INDICATOR;REPAIR;;;;X;X;X;X;X;;;;;;;;;;;;;X;;X;X;;;;;;;;;;;;;;;;;;;;;;;;;;;;;;;;;;;;;;;;;;;;;;;;;;;;;;;;;;;;;;;;;;;;;;;;;;X;;;;
640408611;64040-861-1;AIRSPEED INDICATOR;REPAIR;;;;X;X;X;X;X;;;;;;;;;;;;;X;;X;X;;;;;;;;;;;;;;;;;;;;;;;;;;;;;;;;;;;;;;;;;;;;;;;;;;;;;;;;;;;;;;;;;;;;;;;;;;X;;;;
640408621;64040-862-1;AIRSPEED INDICATOR;REPAIR;;;;X;X;X;X;X;;;;;;;;;;;;;X;;X;X;;;;;;;;;;;;;;;;;;;;;;;;;;;;;;;;;;;;;;;;;;;;;;;;;;;;;;;;;;;;;;;;;;;;;;;;;;X;;;;
640408631;64040-863-1;AIRSPEED INDICATOR;REPAIR;;;;X;X;X;X;X;;;;;;;;;;;;;X;;X;X;;;;;;;;;;;;;;;;;;;;;;;;;;;;;;;;;;;;;;;;;;;;;;;;;;;;;;;;;;;;;;;;;;;;;;;;;;X;;;;
640506601;64050-660-1;AIRSPEED INDICATOR;REPAIR;;;;X;X;X;X;X;;;;;;;;;;;;;;;;;;;;;;;;;;;;;;;;;;;X;;;;;;;;;;;;;;;;;;;;;;;;;;;;;;;;;;;;;;;;;;;;;;;;;;;;;;;X;;;;
640506611;64050-661-1;AIRSPEED INDICATOR;REPAIR;REPAIR;;;X;X;X;X;X;;;;;;;;;;;;;;;;;;;;;;;;;;;;;;;;;;;X;;;;;;;;;;;;;;;;;;;;;;;;;;;;;;;;;;;;;;;;;;;;;;;;;;;;;;;X;X;;;
640506621;64050-662-1;AIRSPEED INDICATOR;REPAIR;REPAIR;;;X;X;X;X;X;;;;;;;;;;;;;;;;;;;;;;;;;;;;;;;;;;;X;;;;;;;;;;;;;;;;;;;;;;;;;;;;;;;;;;;;;;;;;;;;;;;;;;;;;;;X;X;;;
640506631;64050-663-1;AIRSPEED INDICATOR;REPAIR;REPAIR;;;X;X;X;X;X;;;;;;;;;;;;;;;;;;;;;;;;;;;;;;;;;;;X;X;;;;;;;;;;;;;;;;;;;;;;;;;;;;;;;;;;;;;;;;;;;;;;;;;;;;;;X;X;;;
640508601;64050-860-1;AIRSPEED INDICATOR;REPAIR;;;;X;X;X;X;X;;;;;;;;;;;;;;;;;;;;;;;;;;;;;;;;;;;;;;;;;;;;;;;;;;;;;;;;;;;;;;;;;;;;;;;;;;;;;X;;;;;;;;;;;;;X;;;;
640508621;64050-862-1;AIRSPEED INDICATOR;REPAIR;;;;X;X;X;X;X;;;;;;;;;;;;;;;;;;;;;;;;;;;;;;;;;;;;;;;;;;;;;;;;;;;;;;;;;;;;;;;;;;;;;;;;;;;;;X;;;;;;;;;;;;;X;;;;
640508661;64050-866-1;AIRSPEED INDICATOR;REPAIR;;;;X;X;X;X;X;;;;;;;;;;;;;;;;;;;;;;;;;;;;;;;;;;;;;;;;;;;;;;;;;;;;;;;;;;;;;;;;;;;;;;;;;;;;;X;;;;;;;;;;;;;X;;;;
640508681;64050-868-1;AIRSPEED INDICATOR;REPAIR;;;;X;X;X;X;X;;;;;;;;;;;;;;;;;;;;;;;;;;;;;;;;;;;;;;;;;;;;;;;;;;;;;;;;;;;;;;;;;;;;;;;;;;;;;X;;;;;;;;;;;;;X;;;;
640522001;64052-200-1;SWITCH, AIRSPEED;REPAIR;;;;X;X;X;X;X;;;;;;X;;;;;X;;;;;;;;;;;;;;;;;;;;;;;;;;;;;;;;;;;;;;;;;;;;;;;;;;;;;;;;;;;;;;;;;;;;;;;;;;;;;;;X;;;;
641100101;64110-010-1;ALTIMETER;REPAIR;;;;X;X;X;X;X;;;;;;X;;;;X;;; ;;;; ; ; ; ;;;;;;;;;;;;;;;;;;;;;;;;;;;;;;;;;;;;;;;;;;;;;;;;;;;;;;;;;;;;;;;;;;;;;;X;;;;
641119601;64111-960-1;INDICATOR, ALTIMETER-STANDBY;REPAIR;;;;X;X;X;X;X;;;;;;;;;;;;;X;;;;;;X;;;;;;;;;;;;;;;;;;;;;;;;;;;;;;;;;;;;;;;;;;;;;;;;;;;;;;;;;;;;;;;;;;;;;;;X;;;;
641119921;64111-992-1;INDICATOR, ALTIMETER-STANDBY;REPAIR;;;;X;X;X;X;X;;;;;;;;;;;;;X;;;;;;X;;;;;;;;;;;;;;;;;;;;;;;;;;;;;;;;;;;;;;;;;;;;;;;;;;;;;;;;;;;;;;;;;;;;;;;X;;;;
6411343;641134-3;SWITCH;;BENCH TEST;;;X;X;X;;;;;;;;;;;;;;;;;;;;;;;;;;;;;;;;;;;;;X;X;;;;;;;;;;;;;;;;;;;;;;;;;;;;;;;;;;;;;;;;;;;;;;;;;;;;;;;X;;;
6411344;641134-4;SWITCH;;BENCH TEST;;;X;X;;X;;;;;;;;;;;;;;;;;;;;;;;;;;;;;;;;;;;;;;;;;;;;;;;;;;;;;;;;;;;;;;;;;;;;;;;X;X;;;;;;X;;;;;;;;;;;;;;X;;;
641315601;64131-560-1;ALTIMETER;;BENCH TEST;;;X;X;;X;;;;;;;;;;;;;;;;;;;;;;;;;;;;;;;;;;;;X;X;;;;;;;;;;;;;;;;;;;;;;;;;;;;;;;;;;X;X;;;;;;;;;;;;;;;;;;;;X;;;
641409531;64140-953-1;ALTIMETER  ( THALES );REPAIR;;;;X;X;X;X;X;;;;;;X;;;;X;;; ;;;; ; ; ; ;;;;;;;;;;;;;;;;;;;;;;;;;;;;;;;;;;;;;;;;;;;;;;;;;;;;;;;;;;;;;;;;;;;;;;X;;;;
641409711;64140-971-1;ALTIMETER  ( THALES );REPAIR;;;;X;X;X;X;X;;;;;;X;;;;X;;; ;;;; ; ; ; ;;;;;;;;;;;;;;;;;;;;;;;;;;;;;;;;;;;;;;;;;;;;;;;;;;;;;;;;;;;;;;;;;;;;;;X;;;;
641413611;64141-361-1;COUNTER/POINTER ALTIMETER;REPAIR;REPAIR;;;X;X;X;X;X;;;;;;;;;;;;;;;;;;;;;;;;;;;;;;;;;;;;;;;;;;;;;;;;;;;;;;;;;;;;;;;;;;;;;;X;X;;;;;;;;;;;;;;;;;;;X;X;;;
641413621;64141-362-1;COUNTER/POINTER ALTIMETER;REPAIR;REPAIR;;;X;X;X;X;X;;;;;;;;;;;;;X;;;;;;;;;;;;;;;;;;;;;;X;X;;;X;;;;;;;;;;;;;;;;;;;;;;;;;;;;;;;;;;;;;;;;;;;;;;;;;;;X;X;;;
641413721;64141-372-1;ALTIMETER;;REPAIR;;;X;X;;X;;;;;;;;;;;;;;;;;;;;;;;;;;;;;;;;;;;;;;;;;;;;;;;;;;;;;;;;;;;;;;;;;;;;;;;;;;;;;;;;;;;;;;X;X;;;;;X;;;
641415201;64141-520-1;COUNTER POINTER ALTIMETER;;REPAIR;;;X;X;;X;;;;;;X;;;;;;;;;;;;;;;;;;;;;;;;;;;;;;;;;;;;;;;;;;;X;;;;;X;;;;;;;;;;;;;;;;;;;;;;;;;;;;;;;;;;;;;;X;;;
641415801;64141-580-1;ALTIMETER;REPAIR;;;;X;X;X;X;X;;;;;;;;;;;;;X;;;;;;X;;;;;;;;;;;;;;;;;;;;;;;;;;;;;;;;;;;;;;;;;;;;;;;;;;;;;;;;;;;;;;;;;;;;;;;X;;;;
641415821;64141-582-1;ALTIMETER;REPAIR;;;;X;X;X;X;X;;;;;;;;;;;;;X;;;;;;X;;;;;;;;;;;;;;;;;;;;;;;;;;;;;;;;;;;;;;;;;;;;;;;;;;;;;;;;;;;;;;;;;;;;;;;X;;;;
641415901;64141-590-1;ALTIMETER;REPAIR;;;;X;X;X;X;X;;;;;;;;;;;;;X;;;;;;X;;;;;;;;;;;;;;;;;;;;;;;;;;;;;;;;;;;;;;;;;;;;;;;;;;;;;;;;;;;;;;;;;;;;;;;X;;;;
641612301;64161-230-1;ALTIMETER;REPAIR;;;;X;X;X;X;X;;;;;;;;;;;;;X;;X;X;;;;;;;;;;;;;;;;;;;;;;;;;;;;;;;;;;;;;;;;;;;;;;;;;;;;;;;;;;;;;;;;;;;;;;;;;;X;;;;
641612321;64161-232-1;ALTIMETER;REPAIR;;;;X;X;X;X;X;;;;;;;;;;;;;X;;X;X;;;;;;;;;;;;;;;;;;;;;;;;;;;;;;;;;;;;;;;;;;;;;;;;;;;;;;;;;;;;;;;;;;;;;;;;;;X;;;;
641612331;64161-233-1;ALTIMETER;REPAIR;;;;X;X;X;X;X;;;;;;;;;;;;;X;;X;X;;;;;;;;;;;;;;;;;;;;;;;;;;;;;;;;;;;;;;;;;;;;;;;;;;;;;;;;;;;;;;;;;;;;;;;;;;X;;;;
641612341;64161-234-1;ALTIMETER;REPAIR;;;;X;X;X;X;X;;;;;;;;;;;;;X;;X;X;;;;;;;;;;;;;;;;;;;;;;;;;;;;;;;;;;;;;;;;;;;;;;;;;;;;;;;;;;;;;;;;;;;;;;;;;;X;;;;
641612371;64161-237-1;ALTIMETER;REPAIR;;;;X;X;X;X;X;;;;;;;;;;;;;X;;X;X;;;;;;;;;;;;;;;;;;;;;;;;;;;;;;;;;;;;;;;;;;;;;;;;;;;;;;;;;;;;;;;;;;;;;;;;;;X;;;;
641612381;64161-238-1;ALTIMETER;REPAIR;;;;X;X;X;X;X;;;;;;;;;;;;;X;;X;X;;;;;;;;;;;;;;;;;;;;;;;;;;;;;;;;;;;;;;;;;;;;;;;;;;;;;;;;;;;;;;;;;;;;;;;;;;X;;;;
6424001501;642-4001-501;NOZZLE CORE;REPAIR;;;;X;X;X;X;;;;;;;;;;;;;;X;;;;X;X;X;X;;;;;;;;;;;;;;;;;;;;;;;;;;;;;;;;;;;;;;;;;;;;;;;;;;;;;;;;;;;;;;;;;;;;;;X;;;X;
642500051;64250-005-1;TRANSMITTER, HYDRAULIC PRESSURE;OVERHAUL;;;;X;X;X;X;X;;;;;;;;;;;;;X;X;X;X;;;;;;;;;;;;;;;;;;;;;;;;;;;;;;;;;;;;;;;;;;;;;;;;;;;;;;;;;;;;;;;;;;;;;;;;;;X;;;;
642500052;64250-005-2;TRANSMITTER, HYDRAULIC PRESSURE;OVERHAUL;;;;X;X;X;X;X;;;;;;;;;;;;;X;X;X;X;;;;;;;;;;;;;;;;;;;;;;;;;;;;;;;;;;;;;;;;;;;;;;;;;;;;;;;;;;;;;;;;;;;;;;;;;;X;;;;
642500331;64250-033-1;TRANSMITTER, HYDRAULIC PRESSURE;BENCH TEST;;;;X;X;X;X;X;;;;;;X;;;;;;;;;;;;;;;;;;;;;;;;;;;;;;;;;;;;;;;;;;;;;;;;;;;;;;;;;;;;;;;;;;;;;;;;;;;;;;;;;;;;X;;;;
642500332;64250-033-2;TRANSMITTER, HYDRAULIC PRESSURE;BENCH TEST;;;;X;X;X;X;X;;;;;;X;;;;;;;;;;;;;;;;;;;;;;;;;;;;;;;;;;;;;;;;;;;;;;;;;;;;;;;;;;;;;;;;;;;;;;;;;;;;;;;;;;;;X;;;;
6451101;645110-1;FAN COOLING;;OVERHAUL;;DNR;X;X;;X;;;;;;;;;;;;;;;;;;;;;;;;;;;;;;;;;;;;;;;;;;;;;;;;;;;;;;;;;;;;;;;;;;;;;;;;;;;;;;;;;;;;;;X;X;;;;;X;;;
645111031;64511-103-1;INDICATOR, TACHOMETER;REPAIR;;;;X;X;X;X;X;;;;;;X;;X;;;;;;;;;;;;;;;;;;;;;;;;;;;;;;;;;;;;;;;;;;;;;;;;;;;;;;;;;;;;;;;;;;;;;;;;;;;;;;;;;;X;;;;
645142011;64514-201-1;INDICATOR, TACHOMETER;REPAIR;;;;X;X;X;X;;;;;;;X;;X;;;;;;;;;;;;;;;;;;;;;;;;;;;;;;;;;;;;;;;;;;;;;;;;;;;;;;;;;;;;;;;;;;;;;;;;;;;;;;;;;;X;;;;
645142021;64514-202-1;INDICATOR, TACHOMETER;REPAIR;;;;X;X;X;X;;;;;;;X;;X;;;;;;;;;;;;;;;;;;;;;;;;;;;;;;;;;;;;;;;;;;;;;;;;;;;;;;;;;;;;;;;;;;;;;;;;;;;;;;;;;;X;;;;
645142031;64514-203-1;INDICATOR, TACHOMETER;REPAIR;;;;X;X;X;X;;;;;;;X;;X;;;;;;;;;;;;;;;;;;;;;;;;;;;;;;;;;;;;;;;;;;;;;;;;;;;;;;;;;;;;;;;;;;;;;;;;;;;;;;;;;;X;;;;
645142051;64514-205-1;INDICATOR, TACHOMETER;REPAIR;;;;X;X;X;X;;;;;;;X;;X;;;;;;;;;;;;;;;;;;;;;;;;;;;;;;;;;;;;;;;;;;;;;;;;;;;;;;;;;;;;;;;;;;;;;;;;;;;;;;;;;;X;;;;
645142052;64514-205-2;INDICATOR, TACHOMETER;REPAIR;;;;X;X;X;X;;;;;;;X;;X;;;;;;;;;;;;;;;;;;;;;;;;;;;;;;;;;;;;;;;;;;;;;;;;;;;;;;;;;;;;;;;;;;;;;;;;;;;;;;;;;;X;;;;
645142081;64514-208-1;INDICATOR, TACHOMETER;REPAIR;;;;X;X;X;X;;;;;;;X;;X;;;;;;;;;;;;;;;;;;;;;;;;;;;;;;;;;;;;;;;;;;;;;;;;;;;;;;;;;;;;;;;;;;;;;;;;;;;;;;;;;;X;;;;
645363001;64536-300-1;INDICATOR, TACHOMETER;REPAIR;;;;X;X;X;X;X;;;;;;X;;X;;;;;;;;;;;;;;;;;;;;;;;;;;;;;;;;;;;;;;;;;;;;;;;;;;;;;;;;;;;;;;;;;;;;;;;;;;;;;;;;;;X;;;;
645363021;64536-302-1;INDICATOR, TACHOMETER;REPAIR;;;;X;X;X;X;X;;;;;;X;;X;;;;;;;;;;;;;;;;;;;;;;;;;;;;;;;;;;;;;;;;;;;;;;;;;;;;;;;;;;;;;;;;;;;;;;;;;;;;;;;;;;X;;;;
645365001;64536-500-1;INDICATOR, TACHOMETER;REPAIR;;;;X;X;X;X;X;;;;;;X;;X;;;;;;;;;;;;;;;;;;;;;;;;;;;;;;;;;;;;;;;;;;;;;;;;;;;;;;;;;;;;;;;;;;;;;;;;;;;;;;;;;;X;;;;
645365011;64536-501-1;INDICATOR, TACHOMETER;REPAIR;;;;X;X;X;X;X;;;;;;X;;;;;;;;;;;;;;;;;;;;;;;;;;;;;;;;;;;;;;;;;;;;;;;;;;;;;;;;;;;;;;;;;;;;;;;;;;;;;;;;;;;;X;;;;
645383071;64538-307-1;INDICATOR, TACHOMETER;REPAIR;;;;X;X;;;;;;;;;X;;X;;;;;;;;;;;;;;;;;;;;;;;;;;;;;;;;;;;;;;;;;;;;;;;;;;;;;;;;;;;;;;;;;;;;;;;;;;;;;;;;;;X;;;;
645383081;64538-308-1;INDICATOR, TACHOMETER;REPAIR;;;;X;X;;;;;;;;;X;;X;;;;;;;;;;;;;;;;;;;;;;;;;;;;;;;;;;;;;;;;;;;;;;;;;;;;;;;;;;;;;;;;;;;;;;;;;;;;;;;;;;X;;;;
645500051;64550-005-1;GENERATOR, TACHOMETER;OVERHAUL;;;;X;X;X;X;X;;;;;;X;;X;;;;;;;;;;;;;;;;;;;;;;;;;;;;;;;;;;;;;;;;;;;;;;;;;;;;;;;;;;;;;;;;;;;;;;;;;;;;;;;;;;X;;;;
645500071;64550-007-1;GENERATOR, TACHOMETER;OVERHAUL;;;;X;X;X;X;X;;;;;;X;;X;X;;;;;;;;;;;;;;;;;;;;;;;;;;;;;;;;;;;;;;;;;;;;;;;;;;;;;;;;;;;;;;;;;;;;;;;;;;;;;;;;;X;;;;
645500291;64550-029-1;GENERATOR, TACHOMETER;OVERHAUL;;;;X;X;X;X;X;;;;;;X;;X;X;;;;;;;;;;;;;;;;;;;;;;;;;;;;;;;;;;;;;;;;;;;;;;;;;;;;;;;;;;;;;;;;;;;;;;;;;;;;;;;;;X;;;;
647240011;64724-001-1;TRANSMITTER, POSITION;REPAIR;;;;X;X;X;X;X;;;;;;X;;;;;X;;;;;;;;;;;;;;;;;;;;;;;;;;;;;;;;;;;;;;;;;;;;;;;;;;;;;;;;;;;;;;;;;;;;;;;;;;;;;;;X;;;;
647240012;64724-001-2;TRANSMITTER, POSITION;REPAIR;;;;X;X;X;X;X;;;;;;X;;;;;X;;;;;;;;;;;;;;;;;;;;;;;;;;;;;;;;;;;;;;;;;;;;;;;;;;;;;;;;;;;;;;;;;;;;;;;;;;;;;;;X;;;;
647520031;64752-003-1;TRANSMITTER, GAUGE;REPAIR;;;;X;X;X;X;X;;;;;;;;;;;;;X;;;;;;;;;;;;;;;;;;;;;;;;;;;;;;;;;;;;;;;;;;;;;;;;;;;;;;;;;;;;;;;;;;;;;;;;;;;;;X;;;;
647520041;64752-004-1;TRANSMITTER, GAUGE;REPAIR;;;;X;X;X;X;X;;;;;;;;;;;;;X;;;;;;;;;;;;;;;;;;;;;;;;;;;;;;;;;;;;;;;;;;;;;;;;;;;;;;;;;;;;;;;;;;;;;;;;;;;;;X;;;;
647520051;64752-005-1;TRANSMITTER, GAUGE;REPAIR;;;;X;X;X;X;X;;;;;;;;;;;;;X;;;;;;;;;;;;;;;;;;;;;;;;;;;;;;;;;;;;;;;;;;;;;;;;;;;;;;;;;;;;;;;;;;;;;;;;;;;;;X;;;;
647520052;64752-005-2;TRANSMITTER, GAUGE;REPAIR;;;;X;X;X;X;X;;;;;;;;;;;;;X;;;;;;;;;;;;;;;;;;;;;;;;;;;;;;;;;;;;;;;;;;;;;;;;;;;;;;;;;;;;;;;;;;;;;;;;;;;;;X;;;;
647520061;64752-006-1;TRANSMITTER, GAUGE;REPAIR;;;;X;X;X;X;X;;;;;;;;;;;;;X;;;;;;;;;;;;;;;;;;;;;;;;;;;;;;;;;;;;;;;;;;;;;;;;;;;;;;;;;;;;;;;;;;;;;;;;;;;;;X;;;;
647520071;64752-007-1;TRANSMITTER, GAUGE;REPAIR;;;;X;X;X;X;X;;;;;;;;;;;;;X;;;;;;;;;;;;;;;;;;;;;;;;;;;;;;;;;;;;;;;;;;;;;;;;;;;;;;;;;;;;;;;;;;;;;;;;;;;;;X;;;;
647520082;64752-008-2;TRANSMITTER, GAUGE;REPAIR;;;;X;X;X;X;X;;;;;;;;;;;;;X;;;;;;;;;;;;;;;;;;;;;;;;;;;;;;;;;;;;;;;;;;;;;;;;;;;;;;;;;;;;;;;;;;;;;;;;;;;;;X;;;;
647520151;64752-015-1;TRANSMITTER, GAUGE;REPAIR;;;;X;X;X;X;X;;;;;;;;;;;;;X;;;;;;;;;;;;;;;;;;;;;;;;;;;;;;;;;;;;;;;;;;;;;;;;;;;;;;;;;;;;;;;;;;;;;;;;;;;;;X;;;;
647520161;64752-016-1;TRANSMITTER, GAUGE;REPAIR;;;;X;X;X;X;X;;;;;;;;;;;;;X;;;;;;;;;;;;;;;;;;;;;;;;;;;;;;;;;;;;;;;;;;;;;;;;;;;;;;;;;;;;;;;;;;;;;;;;;;;;;X;;;;
647520171;64752-017-1;TRANSMITTER, GAUGE;REPAIR;;;;X;X;X;X;X;;;;;;;;;;;;;X;;;;;;;;;;;;;;;;;;;;;;;;;;;;;;;;;;;;;;;;;;;;;;;;;;;;;;;;;;;;;;;;;;;;;;;;;;;;;X;;;;
647520181;64752-018-1;TRANSMITTER, GAUGE;REPAIR;;;;X;X;X;X;X;;;;;;;;;;;;;X;;;;;;;;;;;;;;;;;;;;;;;;;;;;;;;;;;;;;;;;;;;;;;;;;;;;;;;;;;;;;;;;;;;;;;;;;;;;;X;;;;
647520191;64752-019-1;TRANSMITTER, GAUGE;REPAIR;;;;X;X;X;X;X;;;;;;;;;;;;;X;;;;;;;;;;;;;;;;;;;;;;;;;;;;;;;;;;;;;;;;;;;;;;;;;;;;;;;;;;;;;;;;;;;;;;;;;;;;;X;;;;
647520201;64752-020-1;TRANSMITTER, GAUGE;REPAIR;;;;X;X;X;X;X;;;;;;;;;;;;;X;;;;;;;;;;;;;;;;;;;;;;;;;;;;;;;;;;;;;;;;;;;;;;;;;;;;;;;;;;;;;;;;;;;;;;;;;;;;;X;;;;
647520231;64752-023-1;TRANSMITTER, GAUGE;REPAIR;;;;X;X;X;X;X;;;;;;;;;;;;;X;;;;;;;;;;;;;;;;;;;;;;;;;;;;;;;;;;;;;;;;;;;;;;;;;;;;;;;;;;;;;;;;;;;;;;;;;;;;;X;;;;
647520261;64752-026-1;TRANSMITTER, GAUGE;REPAIR;;;;X;X;X;X;X;;;;;;;;;;;;;X;;;;;;;;;;;;;;;;;;;;;;;;;;;;;;;;;;;;;;;;;;;;;;;;;;;;;;;;;;;;;;;;;;;;;;;;;;;;;X;;;;
64753;64753;COFFEE MAKER;REPAIR;;;;X;X;X;X;X;;;;;;;;;;;;;X;;X;X;;;X;X;X;X;;;;;;;;;;;;;;;;;;;;;;;;;;;;;;;;;;;;;;;;;;;;;;;;;;;;;;;;;;;;;;;;;;;;X;;;;
64753001003;64753-001-003;BEVERAGE MAKER (COFEE MAKER);REPAIR;;;;X;X;X;X;X;;;;;;;;;;;;;X;;X;X;;;X;X;X;X;;;;;;;;;;;;;;;;;;;;;;;;;;;;;;;;;;;;;;;;;;;;;;;;;;;;;;;;;;;;;;;;;;;;X;;;;
64753001005;64753-001-005;COFFEE MAKER;REPAIR;;;;X;X;X;X;X;;;;;;;;;;;;;X;;X;X;;;X;X;X;X;;;;;;;;;;;;;;;;;;;;;;;;;;;;;;;;;;;;;;;;;;;;;;;;;;;;;;;;;;;;;;;;;;;;X;;;;
64754035;64754-035;BREW;;REPAIR;;;X;X;;;;;;;;;;;;;;;;;;;;;;;;;;X;;;;;;;;;;X;;;;;;;;;;;;;;;;;;;;;;;;;;;;;;;;;;;;;;;;;;;;;;;;;;;;;;;;;;X;;;
64771001001;64771-001-001;BEVERAGE MAKER;REPAIR;;;;X;X;X;X;X;;;;;;;;;;;;;X;;X;X;;;X;X;X;X;;;;;;;;;;;;;;;;;;;;;;;;;;;;;;;;;;;;;;;;;;;;;;;;;;;;;;;;;;;;;;;;;;;;X;;;;
64771001003;64771-001-003;BEVERAGE MAKER;OVERHAUL;;;;X;X;X;X;X;;;;;;;;;;;;;X;;X;X;;;X;X;X;X;;;;;;;;;;;;;;;;;;;;;;;;;;;;;;;;;;;;;;;;;;;;;;;;;;;;;;;;;;;;;;;;;;;;X;;;;
648074061;64807-406-1;INDICATOR, TEMPERATURE;REPAIR;;;;X;X;X;X;X;;;;;;X;;;;;;; ;;;; ; ; ; ;;;;;;;;;;;;;;;;;;;;;;;;;;;;;;;;;;;;;;;;;;;;;;;;;;;;;;;;;;;;;;;;;;;;;;X;;;;
648074071;64807-407-1;INDICATOR, TEMPERATURE;REPAIR;;;;X;X;X;X;X;;;;;;X;;;;;;; ;;;; ; ; ; ;;;;;;;;;;;;;;;;;;;;;;;;;;;;;;;;;;;;;;;;;;;;;;;;;;;;;;;;;;;;;;;;;;;;;;X;;;;
648074081;64807-408-1;INDICATOR, TEMPERATURE;REPAIR;;;;X;X;X;X;X;;;;;;X;;;;;;;;;;;;;;;;;;;;;;;;;;;;;;;;;;;;;;;;;;;;;;;;;;;;;;;;;;;;;;;;;;;;;;;;;;;;;;;;;;;;X;;;;
648074101;64807-410-1;INDICATOR, TEMPERATURE;REPAIR;;;;X;X;X;X;X;;;;;;X;;;;;;; ;;;; ; ; ; ;;;;;;;;;;;;;;;;;;;;;;;;;;;;;;;;;;;;;;;;;;;;;;;;;;;;;;;;;;;;;;;;;;;;;;X;;;;
648074111;64807-411-1;INDICATOR, TEMPERATURE;REPAIR;;;;X;X;X;X;X;;;;;;X;;;;;;;;;;;;;;;;;;;;;;;;;;;;;;;;;;;;;;;;;;;;;;;;;;;;;;;;;;;;;;;;;;;;;;;;;;;;;;;;;;;;X;;;;
648074121;64807-412-1;INDICATOR, TEMPERATURE;REPAIR;;;;X;X;X;X;X;;;;;;X;;;;;;; ;;;; ; ; ; ;;;;;;;;;;;;;;;;;;;;;;;;;;;;;;;;;;;;;;;;;;;;;;;;;;;;;;;;;;;;;;;;;;;;;;X;;;;
648074131;64807-413-1;INDICATOR, TEMPERATURE;REPAIR;;;;X;X;X;X;;;;;;;X;;;;;;; ;;;; ; ; ; ;;;;;;;;;;;;;;;;;;;;;;;;;;;;;;;;;;;;;;;;;;;;;;;;;;;;;;;;;;;;;;;;;;;;;;X;;;;
648074141;64807-414-1;INDICATOR, TEMPERATURE;REPAIR;;;;X;X;X;X;X;;;;;;X;;;;;;;;;;;;;;;;;;;;;;;;;;;;;;;;;;;;;;;;;;;;;;;;;;;;;;;;;;;;;;;;;;;;;;;;;;;;;;;;;;;;X;;;;
648074151;64807-415-1;INDICATOR, TEMPERATURE;REPAIR;;;;X;X;X;X;;;;;;;X;;;;;;; ;;;; ; ; ; ;;;;;;;;;;;;;;;;;;;;;;;;;;;;;;;;;;;;;;;;;;;;;;;;;;;;;;;;;;;;;;;;;;;;;;X;;;;
648074161;64807-416-1;INDICATOR, TEMPERATURE;REPAIR;;;;X;X;X;X;X;;;;;;X;;;;;;; ;;;; ; ; ; ;;;;;;;;;;;;;;;;;;;;;;;;;;;;;;;;;;;;;;;;;;;;;;;;;;;;;;;;;;;;;;;;;;;;;;X;;;;
648074181;64807-418-1;INDICATOR, TEMPERATURE;REPAIR;;;;X;X;X;X;X;;;;;;X;;;;;;;;;;;;;;;;;;;;;;;;;;;;;;;;;;;;;;;;;;;;;;;;;;;;;;;;;;;;;;;;;;;;;;;;;;;;;;;;;;;;X;;;;
648074201;64807-420-1;INDICATOR, TEMPERATURE;REPAIR;;;;X;X;X;X;X;;;;;;X;;;;;;;;;;;;;;;;;;;;;;;;;;;;;;;;;;;;;;;;;;;;;;;;;;;;;;;;;;;;;;;;;;;;;;;;;;;;;;;;;;;;X;;;;
648074221;64807-422-1;INDICATOR, TEMPERATURE;REPAIR;;;;X;X;X;X;X;;;;;;X;;;;;;; ;;;; ; ; ; ;;;;;;;;;;;;;;;;;;;;;;;;;;;;;;;;;;;;;;;;;;;;;;;;;;;;;;;;;;;;;;;;;;;;;;X;;;;
648074231;64807-423-1;INDICATOR, TEMPERATURE;REPAIR;;;;X;X;X;X;X;;;;;;X;;;;;;;;;;;;;;;;;;;;;;;;;;;;;;;;;;;;;;;;;;;;;;;;;;;;;;;;;;;;;;;;;;;;;;;;;;;;;;;;;;;;X;;;;
648074241;64807-424-1;INDICATOR, TEMPERATURE;REPAIR;;;;X;X;X;X;X;;;;;;X;;;;;;; ;;;; ; ; ; ;;;;;;;;;;;;;;;;;;;;;;;;;;;;;;;;;;;;;;;;;;;;;;;;;;;;;;;;;;;;;;;;;;;;;;X;;;;
648094091;64809-409-1;INDICATOR, PRESSURE;REPAIR;;;;X;X;X;X;X;;;;;;X;;;;;;; ;;;; ; ; ; ;;;;;;;;;;;;;;;;;;;;;;;;;;;;;;;;;;;;;;;;;;;;;;;;;;;;;;;;;;;;;;;;;;;;;;X;;;;
648094161;64809-416-1;INDICATOR, PRESSURE;REPAIR;;;;X;X;X;X;X;;;;;;X;;;;;;; ;;;; ; ; ; ;;;;;;;;;;;;;;;;;;;;;;;;;;;;;;;;;;;;;;;;;;;;;;;;;;;;;;;;;;;;;;;;;;;;;;X;;;;
648094211;64809-421-1;INDICATOR, PRESSURE;REPAIR;;;;X;X;X;X;X;;;;;;X;;;;;;; ;;;; ; ; ; ;;;;;;;;;;;;;;;;;;;;;;;;;;;;;;;;;;;;;;;;;;;;;;;;;;;;;;;;;;;;;;;;;;;;;;X;;;;
648094361;64809-436-1;INDICATOR, PRESSURE;REPAIR;;;;X;X;X;X;X;;;;;;X;;;;;;; ;;;; ; ; ; ;;;;;;;;;;;;;;;;;;;;;;;;;;;;;;;;;;;;;;;;;;;;;;;;;;;;;;;;;;;;;;;;;;;;;;X;;;;
648094411;64809-441-1;INDICATOR, PRESSURE;REPAIR;;;;X;X;X;X;X;;;;;;X;;;;;;; ;;;; ; ; ; ;;;;;;;;;;;;;;;;;;;;;;;;;;;;;;;;;;;;;;;;;;;;;;;;;;;;;;;;;;;;;;;;;;;;;;X;;;;
648094631;64809-463-1;INDICATOR, PRESSURE;REPAIR;;;;X;X;X;X;X;;;;;;X;;;;;;; ;;;; ; ; ; ;;;;;;;;;;;;;;;;;;;;;;;;;;;;;;;;;;;;;;;;;;;;;;;;;;;;;;;;;;;;;;;;;;;;;;X;;;;
648224241;64822-424-1;INDICATOR-OIL;REPAIR;;;;X;X;X;X;X;;;;;;;;;;;;;X;;X;X;;;;;;;;;;;;;;;;;;;;;;;;;;;;;;;;;;;;;;;;;;;;;;;;;;;;;;;;;;;;;;;;;;;;;;;;;;X;;;;
648804032;64880-403-2;DUAL INDICATOR;REPAIR;;;;X;X;X;X;X;;;;;;;;;;;;;X;;X;X;;;;;;;;;;;;;;;;;;;;;;;;;;;;;;;;;;;;;;;;;;;;;;;;;;;;;;;;;;;;;;;;;;;;;;;;;;X;;;;
648804181;64880-418-1;INDICATOR-PRESS, QTY OIL;REPAIR;;;;X;X;X;X;X;;;;;;;;;;;;;X;;X;X;;;;;;;;;;;;;;;;;;;;;;;;;;;;;;;;;;;;;;;;;;;;;;;;;;;;;;;;;;;;;;;;;;;;;;;;;;X;;;;
648804201;64880-420-1;DUAL INDICATOR;REPAIR;;;;X;X;X;X;X;;;;;;;;;;;;;X;;X;X;;;;;;;;;;;;;;;;;;;;;;;;;;;;;;;;;;;;;;;;;;;;;;;;;;;;;;;;;;;;;;;;;;;;;;;;;;X;;;;
648822021;64882-202-1;TRIPLE PRESSURE INDICATOR;REPAIR;;;;X;X;X;X;X;;;;;;;;;;;;;X;;;;X;X;X;X;;;;;;;;;;;;;;;;;;;;;;;;;;;;;;;;;;;;;;;;;;;;;;;;;;;;;;;;;;;;;;;;;;;;;;X;;;;
648822061;64882-206-1;TRIPLE PRESSURE INDICATOR;REPAIR;;;;X;X;X;X;X;;;;;;;;;;;;;X;;;;X;X;X;X;;;;;;;;;;;;;;;;;;;;;;;;;;;;;;;;;;;;;;;;;;;;;;;;;;;;;;;;;;;;;;;;;;;;;;X;;;;
649020032;64902-003-2;INDICATOR, HYDRAULIC QUANTITY;REPAIR;;;;X;X;X;X;X;;;;;;;;;;;;;X;X;X;X;;;;;;;;;;;;;;;;;;;;;;;;;;;;;;;;;;;;;;;;;;;;;;;;;;;;;;;;;;;;;;;;;;;;;;;;;;X;;;;
649020521;64902-052-1;HYDRAULIC QUANTITY INDICATOR;REPAIR;;;;X;X;X;X;X;;;;;;;;;;;;;X;X;X;X;;;;;;;;;;;;;;;;;;;;;;;;;;;;;;;;;;;;;;;;;;;;;;;;;;;;;;;;;;;;;;;;;;;;;;;;;;X;;;;
649020531;64902-053-1;HYDRAULIC QUANTITY INDICATOR;REPAIR;;;;X;X;X;X;X;;;;;;;;;;;;;X;X;X;X;;;;;;;;;;;;;;;;;;;;;;;;;;;;;;;;;;;;;;;;;;;;;;;;;;;;;;;;;;;;;;;;;;;;;;;;;;X;;;;
649020541;64902-054-1;HYDRAULIC QUANTITY INDICATOR;REPAIR;;;;X;X;X;X;X;;;;;;;;;;;;;X;X;;X;;;;;;;;;;;;;;;;;;;;;;;;;;;;;;;;;;;;;;;;;;;;;;;;;;;;;;;;;;;;;;;;;;;;;;;;;;X;;;;
649020551;64902-055-1;HYDRAULIC QUANTITY INDICATOR;REPAIR;;;;X;X;X;X;X;;;;;;;;;;;;;X;X;X;X;;;;;;;;;;;;;;;;;;;;;;;;;;;;;;;;;;;;;;;;;;;;;;;;;;;;;;;;;;;;;;;;;;;;;;;;;;X;;;;
649020561;64902-056-1;HYDRAULIC QUANTITY INDICATOR;REPAIR;;;;X;X;X;X;X;;;;;;;;;;;;;X;X;X;X;;;;;;;;;;;;;;;;;;;;;;;;;;;;;;;;;;;;;;;;;;;;;;;;;;;;;;;;;;;;;;;;;;;;;;;;;;X;;;;
649020571;64902-057-1;HYDRAULIC QUANTITY INDICATOR;REPAIR;;;;X;X;X;X;X;;;;;;;;;;;;;X;X;;X;;;;;;;;;;;;;;;;;;;;;;;;;;;;;;;;;;;;;;;;;;;;;;;;;;;;;;;;;;;;;;;;;;;;;;;;;;X;;;;
649021001;64902-100-1;HYDRAULIC QUANTITY REPEATER;REPAIR;;;;X;X;X;X;X;;;;;;;;;;;;;X;X;;X;;;;;;;;;;;;;;;;;;;;;;;;;;;;;;;;;;;;;;;;;;;;;;;;;;;;;;;;;;;;;;;;;;;;;;;;;;X;;;;
649021011;64902-101-1;HYDRAULIC QUANTITY REPEATER;REPAIR;;;;X;X;X;X;X;;;;;;;;;;;;;X;X;;X;;;;;;;;;;;;;;;;;;;;;;;;;;;;;;;;;;;;;;;;;;;;;;;;;;;;;;;;;;;;;;;;;;;;;;;;;;X;;;;
649520011;64952-001-1;TEMPERATURE INDICATORE;REPAIR;;;;X;X;X;X;X;;;;;X;;;;;;;;X;X;X;X;;;;;;;;;;;;;;;;;;;;;;;;;;;;;;;;;;;;;;;;;;;;;;;;;;;;;;;;;;;;;;;;;;;;;;;;;;X;;;;
649750011;64975-001-1;INDICATOR, TACHOMETER;REPAIR;;;;X;X;X;X;X;;;;;;X;;;;;X;;;;;;;;;;;;;;;;;;;;;;;;;;;;;;;;;;;;;;;;;;;;;;;;;;;;;;;;;;;;;;;;;;;;;;;;;;;;;;;X;;;;
649750012;64975-001-2;INDICATOR, TACHOMETER;REPAIR;;;;X;X;X;X;X;;;;;;X;;;;;X;;;;;;;;;;;;;;;;;;;;;;;;;;;;;;;;;;;;;;;;;;;;;;;;;;;;;;;;;;;;;;;;;;;;;;;;;;;;;;;X;;;;
649750031;64975-003-1;INDICATOR, TACHOMETER;REPAIR;;;;X;X;X;X;X;;;;;;X;;;;;X;;;;;;;;;;;;;;;;;;;;;;;;;;;;;;;;;;;;;;;;;;;;;;;;;;;;;;;;;;;;;;;;;;;;;;;;;;;;;;;X;;;;
649750041;64975-004-1;INDICATOR, TACHOMETER;REPAIR;;;;X;X;X;X;X;;;;;;X;;;;;X;;;;;;;;;;;;;;;;;;;;;;;;;;;;;;;;;;;;;;;;;;;;;;;;;;;;;;;;;;;;;;;;;;;;;;;;;;;;;;;X;;;;
649750051;64975-005-1;INDICATOR, TACHOMETER;REPAIR;;;;X;X;X;X;X;;;;;;X;;;;;X;;;;;;;;;;;;;;;;;;;;;;;;;;;;;;;;;;;;;;;;;;;;;;;;;;;;;;;;;;;;;;;;;;;;;;;;;;;;;;;X;;;;
649750201;64975-020-1;INDICATOR, TACHOMETER;REPAIR;;;;X;X;X;X;X;;;;;;X;;;;;X;;;;;;;;;;;;;;;;;;;;;;;;;;;;;;;;;;;;;;;;;;;;;;;;;;;;;;;;;;;;;;;;;;;;;;;;;;;;;;;X;;;;
649750212;64975-021-2;INDICATOR, TACHOMETER;REPAIR;;;;X;X;X;X;X;;;;;;X;;;;;X;;;;;;;;;;;;;;;;;;;;;;;;;;;;;;;;;;;;;;;;;;;;;;;;;;;;;;;;;;;;;;;;;;;;;;;;;;;;;;;X;;;;
64C2205B0460006;64C2205B0460006;OXYGEN MASK CONTAINER 4 MASKS;REPAIR;;;;X;X;X;X;;;;;;;;;;;;;;X;;;;;;;;X;X;;;;;;;;;;;;;;;;;;;;;;;;;;;;;;;;;;;;;;;;;;;;;;;;;;;;;;;;;;;;;;;;;;;;X;;;;
65075;65075;VARIABLE DELIVERY HYDRAULIC PUMP;OVERHAUL;;;;X;X;X;X;X;;;;;;;;;;;;;;;;;;;;;;;X;;;;;;;;;;;;;;;;;;;;;;;;;;;;;;;;;;;;;;;;;;;;;;;;;;;;;;;;;;;;;;;;;;;X;;;;
6507501;65075-01;VARIABLE DELIVERY HYDRAULIC PUMP;OVERHAUL;;;;X;X;X;X;X;;;;;;;;;;;;;;;;;;;;;;;X;;;;;;;;;;;;;;;;;;;;;;;;;;;;;;;;;;;;;;;;;;;;;;;;;;;;;;;;;;;;;;;;;;;X;;;;
6507502;65075-02;VARIABLE DELIVERY HYDRAULIC PUMP;OVERHAUL;;;;X;X;X;X;X;;;;;;;;;;;;;;;;;;;;;;;X;;;;;;;;;;;;;;;;;;;;;;;;;;;;;;;;;;;;;;;;;;;;;;;;;;;;;;;;;;;;;;;;;;;X;;;;
6507503;65075-03;VARIABLE DELIVERY HYDRAULIC PUMP;OVERHAUL;;;;X;X;X;X;X;;;;;;;;;;;;;;;;;;;;;;;X;;;;;;;;;;;;;;;;;;;;;;;;;;;;;;;;;;;;;;;;;;;;;;;;;;;;;;;;;;;;;;;;;;;X;;;;
6507504;65075-04;VARIABLE DELIVERY HYDRAULIC PUMP;OVERHAUL;;;;X;X;X;X;X;;;;;;;;;;;;;;;;;;;;;;;X;;;;;;;;;;;;;;;;;;;;;;;;;;;;;;;;;;;;;;;;;;;;;;;;;;;;;;;;;;;;;;;;;;;X;;;;
6507505;65075-05;VARIABLE DELIVERY HYDRAULIC PUMP;OVERHAUL;;;;X;X;X;X;X;;;;;;;;;;;;;;;;;;;;;;;X;;;;;;;;;;;;;;;;;;;;;;;;;;;;;;;;;;;;;;;;;;;;;;;;;;;;;;;;;;;;;;;;;;;X;;;;
6507506;65075-06;VARIABLE DELIVERY HYDRAULIC PUMP;OVERHAUL;;;;X;X;X;X;X;;;;;;;;;;;;;;;;;;;;;;;X;;;;;;;;;;;;;;;;;;;;;;;;;;;;;;;;;;;;;;;;;;;;;;;;;;;;;;;;;;;;;;;;;;;X;;;;
650CC01;650CC01;DC SINGLE-POLE CONTACTOR;OVERHAUL;;;;X;X;X;X;X;;;;;;;;;;;;;X;;;;;;;;X;;;;;;;;;;;;;;;;;;;;;;;;;;;;;;;;;;;;;;;;;;;;;;;;;;;;;;;;;;;;;;;;;;;;;X;;;;
65121;6512-1;HYDRAULIC PRESSURE SWITCH ASSEMBLY;OVERHAUL;;;;X;;;;;;;;;X;;;;;;;;;;;;;;;;;;X;;;;;;;;;;;X;;;;;;;;;;;;;;;;;;;;;;;;;;;;;;;;;;;;;;;;;;;;;;;;;;;;;;;;X;;;;
651211;6512-11;HYDRAULIC PRESSURE SWITCH ASSEMBLY;OVERHAUL;;;;X;;;;;;;;;X;;;;;;;;;;;;;;;;;;X;;;;;;;;;;;X;;;;;;;;;;;;;;;;;;;;;;;;;;;;;;;;;;;;;;;;;;;;;;;;;;;;;;;;X;;;;
65122;6512-2;HYDRAULIC PRESSURE SWITCH ASSEMBLY;OVERHAUL;;;;X;;;;;;;;;X;;;;;;;;;;;;;;;;;;X;;;;;;;;;;;X;;;;;;;;;;;;;;;;;;;;;;;;;;;;;;;;;;;;;;;;;;;;;;;;;;;;;;;;X;;;;
651221;6512-21;HYDRAULIC PRESSURE SWITCH ASSEMBLY;OVERHAUL;;;;X;;;;;;;;;X;;;;;;;;;;;;;;;;;;X;;;;;;;;;;;X;;;;;;;;;;;;;;;;;;;;;;;;;;;;;;;;;;;;;;;;;;;;;;;;;;;;;;;;X;;;;
6512662;65-1266-2;BRAKE ROD EQUALIZER;OVERHAUL;;;;X;;;;;;;;;X;;;;;;;;;;;;;;;;;;X;;;;;;;;;;;X;;;;;;;;;;;;;;;;;;;;;;;;;;;;;;;;;;;;;;;;;;;;;;;;;;;;;;;;X;;;;
652052112;65205-211-2;ALTITUDE INDICATOR;REPAIR;;;;X;X;X;X;X;;;X;;;;;;;;;;X;X;X;X;;;;;;;;;;;;;;;;;;;;;;;;;;;;;;;;;;;;;;;;;;;;;;;;;;;;;;;;;;;;;;;;;;;;;;;;;;X;;;;
652052113;65205-211-3;ALTITUDE INDICATOR;REPAIR;;;;X;X;X;X;X;;;X;;;;;;;;;;X;;X;X;;;;;;;;;;;;;;;;;;;;;;;;;;;;;;;;;;;;;;;;;;;;;;;;;;;;;;;;;;;;;;;;;;;;;;;;;;X;;;;
652052114;65205-211-4;ALTITUDE INDICATOR;REPAIR;;;;X;X;X;X;X;;;X;;;;;;;;;;X;X;X;X;;;;;;;;;;;;;;;;;;;;;;;;;;;;;;;;;;;;;;;;;;;;;;;;;;;;;;;;;;;;;;;;;;;;;;;;;;X;;;;
652052115;65205-211-5;ALTITUDE INDICATOR;REPAIR;;;;X;X;X;X;X;;;X;;;;;;;;;;X;X;X;X;;;;;;;;;;;;;;;;;;;;;;;;;;;;;;;;;;;;;;;;;;;;;;;;;;;;;;;;;;;;;;;;;;;;;;;;;;X;;;;
652052116;65205-211-6;ALTITUDE INDICATOR;REPAIR;;;;X;X;X;X;X;;;X;;;;;;;;;;X;X;X;X;;;;;;;;;;;;;;;;;;;;;;;;;;;;;;;;;;;;;;;;;;;;;;;;;;;;;;;;;;;;;;;;;;;;;;;;;;X;;;;
652052301;65205-230-1;ALTITUDE INDICATOR;REPAIR;;;;X;X;X;X;X;;;X;;;;;;;;;;X;;X;X;;;;;;;;;;;;;;;;;;;;;;;;;;;;;;;;;;;;;;;;;;;;;;;;;;;;;;;;;;;;;;;;;;;;;;;;;;X;;;;
652052302;65205-230-2;ALTITUDE INDICATOR;REPAIR;;;;X;X;X;X;X;;;X;;;;;;;;;;X;;X;X;;;;;;;;;;;;;;;;;;;;;;;;;;;;;;;;;;;;;;;;;;;;;;;;;;;;;;;;;;;;;;;;;;;;;;;;;;X;;;;
652052303;65205-230-3;ALTITUDE INDICATOR;REPAIR;;;;X;X;X;X;X;;;X;;;;;;;;;;X;;X;X;;;;;;;;;;;;;;;;;;;;;;;;;;;;;;;;;;;;;;;;;;;;;;;;;;;;;;;;;;;;;;;;;;;;;;;;;;X;;;;
652052304;65205-230-4;ALTITUDE INDICATOR;REPAIR;;;;X;X;X;X;X;;;X;;;;;;;;;;X;;X;X;;;;;;;;;;;;;;;;;;;;;;;;;;;;;;;;;;;;;;;;;;;;;;;;;;;;;;;;;;;;;;;;;;;;;;;;;;X;;;;
652052305;65205-230-5;ALTITUDE INDICATOR;REPAIR;;;;X;X;X;X;X;;;X;;;;;;;;;;X;;X;X;;;;;;;;;;;;;;;;;;;;;;;;;;;;;;;;;;;;;;;;;;;;;;;;;;;;;;;;;;;;;;;;;;;;;;;;;;X;;;;
652052351;65205-235-1;ALTITUDE INDICATOR;REPAIR;;;;X;X;X;X;X;;;X;;;;;;;;;;X;;;X;;;;;;;;;;;;;;;;;;;;;;;;;;;;;;;;;;;;;;;;;;;;;;;;;;;;;;;;;;;;;;;;;;;;;;;;;;X;;;;
652052352;65205-235-2;ALTITUDE INDICATOR;REPAIR;;;;X;X;X;X;X;;;X;;;;;;;;;;X;;;X;;;;;;;;;;;;;;;;;;;;;;;;;;;;;;;;;;;;;;;;;;;;;;;;;;;;;;;;;;;;;;;;;;;;;;;;;;X;;;;
652052353;65205-235-3;ALTITUDE INDICATOR;REPAIR;;;;X;X;X;X;X;;;X;;;;;;;;;;X;;;X;;;;;;;;;;;;;;;;;;;;;;;;;;;;;;;;;;;;;;;;;;;;;;;;;;;;;;;;;;;;;;;;;;;;;;;;;;X;;;;
652052401;65205-240-1;ALTITUDE INDICATOR;REPAIR;;;;X;X;X;X;X;;;X;;;;;;;;;;X;;;X;;;;;;;;;;;;;;;;;;;;;;;;;;;;;;;;;;;;;;;;;;;;;;;;;;;;;;;;;;;;;;;;;;;;;;;;;;X;;;;
652052402;65205-240-2;ALTITUDE INDICATOR;REPAIR;;;;X;X;X;X;X;;;X;;;;;;;;;;X;;;X;;;;;;;;;;;;;;;;;;;;;;;;;;;;;;;;;;;;;;;;;;;;;;;;;;;;;;;;;;;;;;;;;;;;;;;;;;X;;;;
652052403;65205-240-3;ALTITUDE INDICATOR;REPAIR;;;;X;X;X;X;X;;;X;;;;;;;;;;X;;;X;;;;;;;;;;;;;;;;;;;;;;;;;;;;;;;;;;;;;;;;;;;;;;;;;;;;;;;;;;;;;;;;;;;;;;;;;;X;;;;
652211113;65-22111-13;OUTER CYLINDER;REPAIR;;;;X;;;;;;;;;;;;;;;;;;;;;;;;;;;X;X;;;;;;;;;;;;;;;;;;;;;;;;;;;;;;;;;;;;;;;;;;;;;;;;;;;;;;;;;;;;;;;;;;X;;;;
652211114;65-22111-14;OUTER CYLINDER;REPAIR;;;;X;;;;;;;;;;;;;;;;;;;;;;;;;;;X;X;;;;;;;;;;;;;;;;;;;;;;;;;;;;;;;;;;;;;;;;;;;;;;;;;;;;;;;;;;;;;;;;;;X;;;;
65221123;65-22112-3;INNER CYLINDER;REPAIR;;;;X;;;;;;;;;;;;;;;;;;;;;;;;;;;X;X;;;;;;;;;;;;;;;;;;;;;;;;;;;;;;;;;;;;;;;;;;;;;;;;;;;;;;;;;;;;;;;;;;X;;;;
6523461;65-2346-1;GALLEY DOOR SNUBBER ASSY;OVERHAUL;;;;X;X;X;X;X;;;;;;;;;;;;;;;;;;;;;;;X;;;X;;X;;;;;;;;;;;;;;;;;;;;;;;;;;;;;;;;;;;;;;;;;;;;;;;;;;;;;;;;;;;;;;X;;;;
6523463;65-2346-3;GALLEY DOOR SNUBBER ASSY;OVERHAUL;;;;X;X;X;X;X;;;;;;;;;;;;;;;;;;;;;;;X;;;X;;X;;;;;;;;;;;;;;;;;;;;;;;;;;;;;;;;;;;;;;;;;;;;;;;;;;;;;;;;;;;;;;X;;;;
6523464;65-2346-4;GALLEY DOOR SNUBBER ASSY;OVERHAUL;;;;X;X;X;X;X;;;;;;;;;;;;;;;;;;;;;;;X;;;X;;X;;;;;;;;;;;;;;;;;;;;;;;;;;;;;;;;;;;;;;;;;;;;;;;;;;;;;;;;;;;;;;X;;;;
6523465;65-2346-5;GALLEY DOOR SNUBBER ASSY;OVERHAUL;;;;X;X;X;X;X;;;;;;;;;;;;;;;;;;;;;;;X;;;X;;X;;;;;;;;;;;;;;;;;;;;;;;;;;;;;;;;;;;;;;;;;;;;;;;;;;;;;;;;;;;;;;X;;;;
6527500LHE;65-27500L-HE;MAIN LANDING GEAR (LH);OVERHAUL;;;;X;;;;;;;;;;;;;;;;;;;;;;;;;;;X;X;;;;;;;;;;;;;;;;;;;;;;;;;;;;;;;;;;;;;;;;;;;;;;;;;;;;;;;;;;;;;;;;;;X;;;;
6527500RHE;65-27500R-HE;MAIN LANDING GEAR (RH);OVERHAUL;;;;X;;;;;;;;;;;;;;;;;;;;;;;;;;;X;X;;;;;;;;;;;;;;;;;;;;;;;;;;;;;;;;;;;;;;;;;;;;;;;;;;;;;;;;;;;;;;;;;;X;;;;
6527501HE;65-27501-HE;NOSE LANDING GEAR;OVERHAUL;;;;X;;;;;;;;;;;;;;;;;;;;;;;;;;;X;X;;;;;;;;;;;;;;;;;;;;;;;;;;;;;;;;;;;;;;;;;;;;;;;;;;;;;;;;;;;;;;;;;;X;;;;
65282357;65-28235-7;NLG, CYLINDER ASSY STEERING ( LH );OVERHAUL;;;;X;;;;;;;;;;;;;;;;;;;;;;;;;;;X;X;;;;;;;;;;;;;;;;;;;;;;;;;;;;;;;;;;;;;;;;;;;;;;;;;;;;;;;;;;;;;;;;;;X;;;;
65282358;65-28235-8;NLG, CYLINDER ASSY STEERING ( RH );OVERHAUL;;;;X;;;;;;;;;;;;;;;;;;;;;;;;;;;X;X;;;;;;;;;;;;;;;;;;;;;;;;;;;;;;;;;;;;;;;;;;;;;;;;;;;;;;;;;;;;;;;;;;X;;;;
65369329;65-3693-29;NLG, DRAG BRACE ASSEMBLY;OVERHAUL;;;;X;;;;;;;;;;;;;;;;;;;;;;;;;;;X;X;;;;;;;;;;;;;;;;;;;;;;;;;;;;;;;;;;;;;;;;;;;;;;;;;;;;;;;;;;;;;;;;;;X;;;;
65446103;65-44610-3;NOSE GEAR HYDRAULIC ACTUATOR ASSY;OVERHAUL;;;;X;X;X;X;X;;;;;;;;;;;;;;;;;;;;;;;X;;;X;;;;;;;;;;;;;;;;;;;;;;;;;;;;;;;;;;;;;;;;;;;;;;;;;;;;;;;;;;;;;;;;X;;;;
65446104;65-44610-4;NOSE GEAR HYDRAULIC ACTUATOR ASSY;OVERHAUL;;;;X;X;X;X;X;;;;;;;;;;;;;;;;;;;;;;;X;;;X;;;;;;;;;;;;;;;;;;;;;;;;;;;;;;;;;;;;;;;;;;;;;;;;;;;;;;;;;;;;;;;;X;;;;
654462511;65-44625-11;NOSE GEAR HYDRAULIC ACTUATOR ASSY;OVERHAUL;;;;X;X;X;X;X;;;;;;;;;;;;;;;;;;;;;;;X;;;X;;;;;;;;;;;;;;;;;;;;;;;;;;;;;;;;;;;;;;;;;;;;;;;;;;;;;;;;;;;;;;;;X;;;;
65446255;65-44625-5;NOSE GEAR HYDRAULIC ACTUATOR ASSY;OVERHAUL;;;;X;X;X;X;X;;;;;;;;;;;;;;;;;;;;;;;X;;;X;;;;;;;;;;;;;;;;;;;;;;;;;;;;;;;;;;;;;;;;;;;;;;;;;;;;;;;;;;;;;;;;X;;;;
65446258;65-44625-8;NOSE GEAR HYDRAULIC ACTUATOR ASSY;OVERHAUL;;;;X;X;X;X;X;;;;;;;;;;;;;;;;;;;;;;;X;;;X;;;;;;;;;;;;;;;;;;;;;;;;;;;;;;;;;;;;;;;;;;;;;;;;;;;;;;;;;;;;;;;;X;;;;
65446259;65-44625-9;NOSE GEAR HYDRAULIC ACTUATOR ASSY;OVERHAUL;;;;X;X;X;X;X;;;;;;;;;;;;;;;;;;;;;;;X;;;X;;;;;;;;;;;;;;;;;;;;;;;;;;;;;;;;;;;;;;;;;;;;;;;;;;;;;;;;;;;;;;;;X;;;;
65447102;65-44710-2;CYLINDER, STEERING;OVERHAUL;;;;X;X;X;X;X;;;;;;;;;;;;;;;;;;;;;;;X;;;X;;;;;;;;;;;;;;;;;;;;;;;;;;;;;;;;;;;;;;;;;;;;;;;;;;;;;;;;;;;;;;;;X;;;;
65447103;65-44710-3;CYLINDER, STEERING;OVERHAUL;;;;X;X;X;X;X;;;;;;;;;;;;;;;;;;;;;;;X;;;X;;;;;;;;;;;;;;;;;;;;;;;;;;;;;;;;;;;;;;;;;;;;;;;;;;;;;;;;;;;;;;;;X;;;;
65447104;65-44710-4;CYLINDER, STEERING;OVERHAUL;;;;X;X;X;X;X;;;;;;;;;;;;;;;;;;;;;;;X;;;X;;;;;;;;;;;;;;;;;;;;;;;;;;;;;;;;;;;;;;;;;;;;;;;;;;;;;;;;;;;;;;;;X;;;;
65447105;65-44710-5;CYLINDER, STEERING;OVERHAUL;;;;X;X;X;X;X;;;;;;;;;;;;;;;;;;;;;;;X;;;X;;;;;;;;;;;;;;;;;;;;;;;;;;;;;;;;;;;;;;;;;;;;;;;;;;;;;;;;;;;;;;;;X;;;;
65447106;65-44710-6;CYLINDER, STEERING;OVERHAUL;;;;X;X;X;X;X;;;;;;;;;;;;;;;;;;;;;;;X;;;X;;;;;;;;;;;;;;;;;;;;;;;;;;;;;;;;;;;;;;;;;;;;;;;;;;;;;;;;;;;;;;;;X;;;;
65447107;65-44710-7;CYLINDER, STEERING;OVERHAUL;;;;X;X;X;X;X;;;;;;;;;;;;;;;;;;;;;;;X;;;X;;;;;;;;;;;;;;;;;;;;;;;;;;;;;;;;;;;;;;;;;;;;;;;;;;;;;;;;;;;;;;;;X;;;;
65447108;65-44710-8;CYLINDER, STEERING;OVERHAUL;;;;X;X;X;X;X;;;;;;;;;;;;;;;;;;;;;;;X;;;X;;;;;;;;;;;;;;;;;;;;;;;;;;;;;;;;;;;;;;;;;;;;;;;;;;;;;;;;;;;;;;;;X;;;;
65447109;65-44710-9;CYLINDER, STEERING;OVERHAUL;;;;X;X;X;X;X;;;;;;;;;;;;;;;;;;;;;;;X;;;X;;;;;;;;;;;;;;;;;;;;;;;;;;;;;;;;;;;;;;;;;;;;;;;;;;;;;;;;;;;;;;;;X;;;;
654485110;65-44851-10;GROUND SPOILER LOCK ACT ASSY;OVERHAUL;;;;X;X;X;X;X;;;;;;;;;;;;;;;;;;;;;;;X;;;X;;;;;;;;;;;;;;;;;;;;;;;;;;;;;;;;;;;;;;;;;;;;;;;;;;;;;;;;;;;;;;;;X;;;;
654485112;65-44851-12;GROUND SPOILER LOCK ACT ASSY;OVERHAUL;;;;X;X;X;X;X;;;;;;;;;;;;;;;;;;;;;;;X;;;X;;;;;;;;;;;;;;;;;;;;;;;;;;;;;;;;;;;;;;;;;;;;;;;;;;;;;;;;;;;;;;;;X;;;;
654485113;65-44851-13;GROUND SPOILER LOCK ACT ASSY;OVERHAUL;;;;X;X;X;X;X;;;;;;;;;;;;;;;;;;;;;;;X;;;X;;;;;;;;;;;;;;;;;;;;;;;;;;;;;;;;;;;;;;;;;;;;;;;;;;;;;;;;;;;;;;;;X;;;;
654485114;65-44851-14;GROUND SPOILER LOCK ACT ASSY;OVERHAUL;;;;X;X;X;X;X;;;;;;;;;;;;;;;;;;;;;;;X;;;X;;;;;;;;;;;;;;;;;;;;;;;;;;;;;;;;;;;;;;;;;;;;;;;;;;;;;;;;;;;;;;;;X;;;;
65448513;65-44851-3;GROUND SPOILER LOCK ACT ASSY;OVERHAUL;;;;X;X;X;X;X;;;;;;;;;;;;;;;;;;;;;;;X;;;X;;;;;;;;;;;;;;;;;;;;;;;;;;;;;;;;;;;;;;;;;;;;;;;;;;;;;;;;;;;;;;;;X;;;;
65448514;65-44851-4;GROUND SPOILER LOCK ACT ASSY;OVERHAUL;;;;X;X;X;X;X;;;;;;;;;;;;;;;;;;;;;;;X;;;X;;;;;;;;;;;;;;;;;;;;;;;;;;;;;;;;;;;;;;;;;;;;;;;;;;;;;;;;;;;;;;;;X;;;;
65448515;65-44851-5;GROUND SPOILER LOCK ACT ASSY;OVERHAUL;;;;X;X;X;X;X;;;;;;;;;;;;;;;;;;;;;;;X;;;X;;;;;;;;;;;;;;;;;;;;;;;;;;;;;;;;;;;;;;;;;;;;;;;;;;;;;;;;;;;;;;;;X;;;;
65448516;65-44851-6;GROUND SPOILER LOCK ACT ASSY;OVERHAUL;;;;X;X;X;X;X;;;;;;;;;;;;;;;;;;;;;;;X;;;X;;;;;;;;;;;;;;;;;;;;;;;;;;;;;;;;;;;;;;;;;;;;;;;;;;;;;;;;;;;;;;;;X;;;;
65448517;65-44851-7;GROUND SPOILER LOCK ACT ASSY;OVERHAUL;;;;X;X;X;X;X;;;;;;;;;;;;;;;;;;;;;;;X;;;X;;;;;;;;;;;;;;;;;;;;;;;;;;;;;;;;;;;;;;;;;;;;;;;;;;;;;;;;;;;;;;;;X;;;;
654496023;65-44960-23;OUTBORD GROUND SPOILER ACT ASSY;OVERHAUL;;;;X;X;X;X;X;;;;;;;;;;;;;;;;;;;;;;;X;;;X;;;;;;;;;;;;;;;;;;;;;;;;;;;;;;;;;;;;;;;;;;;;;;;;;;;;;;;;;;;;;;;;X;;;;
654496024;65-44960-24;OUTBORD GROUND SPOILER ACT ASSY;OVERHAUL;;;;X;X;X;X;X;;;;;;;;;;;;;;;;;;;;;;;X;;;X;;;;;;;;;;;;;;;;;;;;;;;;;;;;;;;;;;;;;;;;;;;;;;;;;;;;;;;;;;;;;;;;X;;;;
654496025;65-44960-25;OUTBORD GROUND SPOILER ACT ASSY;OVERHAUL;;;;X;X;X;X;X;;;;;;;;;;;;;;;;;;;;;;;X;;;X;;;;;;;;;;;;;;;;;;;;;;;;;;;;;;;;;;;;;;;;;;;;;;;;;;;;;;;;;;;;;;;;X;;;;
654496027;65-44960-27;OUTBORD GROUND SPOILER ACT ASSY;OVERHAUL;;;;X;X;X;X;X;;;;;;;;;;;;;;;;;;;;;;;X;;;X;;;;;;;;;;;;;;;;;;;;;;;;;;;;;;;;;;;;;;;;;;;;;;;;;;;;;;;;;;;;;;;;X;;;;
654496028;65-44960-28;OUTBORD GROUND SPOILER ACT ASSY;OVERHAUL;;;;X;X;X;X;X;;;;;;;;;;;;;;;;;;;;;;;X;;;X;;;;;;;;;;;;;;;;;;;;;;;;;;;;;;;;;;;;;;;;;;;;;;;;;;;;;;;;;;;;;;;;X;;;;
65449753;65-44975-3;VALVE, STEERING DEPRESSURIZATION;OVERHAUL;;;;X;X;X;X;X;;;;;;;;;;;;;;;;;;;;;;;X;;;X;;;;;;;;;;;;;;;;;;;;;;;;;;;;;;;;;;;;;;;;;;;;;;;;;;;;;;;;;;;;;;;;X;;;;
65449755;65-44975-5;VALVE, STEERING DEPRESSURIZATION;OVERHAUL;;;;X;X;X;X;X;;;;;;;;;;;;;;;;;;;;;;;X;;;X;;;;;;;;;;;;;;;;;;;;;;;;;;;;;;;;;;;;;;;;;;;;;;;;;;;;;;;;;;;;;;;;X;;;;
6548291;65-4829-1;NOSE GEAR DRAG BRACE ASSY;OVERHAUL;;;;X;;;;;;;;;;;;;;;;;;;;;;;;;;;X;;;;;;;;;;;X;;;;;;;;;;;;;;;;;;;;;;;;;;;;;;;;;;;;;;;;;;;;;;;;;;;;;;;;X;;;;
6548293;65-4829-3;NOSE GEAR DRAG BRACE ASSY;OVERHAUL;;;;X;;;;;;;;;X;;;;;;;;;;;;;;;;;;X;;;;;;;;;;;X;;;;;;;;;;;;;;;;;;;;;;;;;;;;;;;;;;;;;;;;;;;;;;;;;;;;;;;;X;;;;
6548297;65-4829-7;NOSE GEAR DRAG BRACE ASSY;OVERHAUL;;;;X;;;;;;;;;;;;;;;;;;;;;;;;;;;X;;;;;;;;;;;X;;;;;;;;;;;;;;;;;;;;;;;;;;;;;;;;;;;;;;;;;;;;;;;;;;;;;;;;X;;;;
655281923;65-52819-23;STALL WARNING COMPUTER;;REPAIR;;;X;X;;X;;;;;;;;;;;;;;;;;;;;;;;;X;;;X;;;;;;;;;;;;;;;;;;;;;;;;;;;;;;;;;;;;;;;;;;;;;;;;;;;;;;;;;;;;;;;;;X;;;
655281925;65-52819-25;STALL WARNING COMPUTER;;REPAIR;;;X;X;;X;;;;;;;;;;;;;;;;;;;;;;;;X;;;X;;;;;;;;;;;;;;;;;;;;;;;;;;;;;;;;;;;;;;;;;;;;;;;;;;;;;;;;;;;;;;;;;X;;;
655281939;65-52819-39;STALL WARNING COMPUTER;;REPAIR;;;X;X;;X;;;;;;;;;;;;;;;;;;;;;;;;X;;;X;;;;;;;;;;;;;;;;;;;;;;;;;;;;;;;;;;;;;;;;;;;;;;;;;;;;;;;;;;;;;;;;;X;;;
65528223;65-52822-3;STALL MANAGEMENT COMPUTER;;REPAIR;;;X;X;;X;;;;;;;;;;;;;;;;;;;;;;;;X;;;X;;;;;;;;;;;;;;;;;;;;;;;;;;;;;;;;;;;;;;;;;;;;;;;;;;;;;;;;;;;;;;;;;X;;;
65528223M0DA;65-52822-3M0DA;STALL MANAGEMENT COMPUTER;;REPAIR;;;X;X;;X;;;;;;;;;;;;;;;;;;;;;;;;X;;;X;;;;;;;;;;;;;;;;;;;;;;;;;;;;;;;;;;;;;;;;;;;;;;;;;;;;;;;;;;;;;;;;;X;;;
65528225;65-52822-5;STALL MANAGEMENT COMPUTER;;REPAIR;;;X;X;;X;;;;;;;;;;;;;;;;;;;;;;;;X;;;X;;;;;;;;;;;;;;;;;;;;;;;;;;;;;;;;;;;;;;;;;;;;;;;;;;;;;;;;;;;;;;;;;X;;;
65528227;65-52822-7;STALL MANAGEMENT COMPUTER;;REPAIR;;;X;X;;X;;;;;;;;;;;;;;;;;;;;;;;;X;;;X;;;;;;;;;;;;;;;;;;;;;;;;;;;;;;;;;;;;;;;;;;;;;;;;;;;;;;;;;;;;;;;;;X;;;
65528227M0DA;65-52822-7M0DA;STALL MANAGEMENT COMPUTER;;REPAIR;;;X;X;;X;;;;;;;;;;;;;;;;;;;;;;;;X;;;X;;;;;;;;;;;;;;;;;;;;;;;;;;;;;;;;;;;;;;;;;;;;;;;;;;;;;;;;;;;;;;;;;X;;;
655593;65-5593;CABIN PRESSURE CONTROL SYSTEM VALVE ASSY;OVERHAUL;;;;X;;;;;;;;;X;;;;;;;;;;;;;;;;;;X;;;;;;;;;;;X;;;;;;;;;;;;;;;;;;;;;;;;;;;;;;;;;;;;;;;;;;;;;;;;;;;;;;;;X;;;;
65562981;65-56298-1;MAIN CARGO DOOR ACTUATOR;OVERHAUL;;;;X;X;X;X;X;;;;;;;;;;;;;;;;;;;;;;;X;X;X;;;;;;;;;;;;;;;;;;;;;;;;;;;;;;;;;;;;;;;;;;;;;;;;;;;;;;;;;;;;;;;;;X;;;;
65588321;65-58832-1;ACTUATOR BEAM;OVERHAUL;;;;X;;;;;;;;;X;;;;;;;;;;;;;;;;;;X;;;;;;;;;;;X;;;;;;;;;;;;;;;;;;;;;;;;;;;;;;;;;;;;;;;;;;;;;;;;;;;;;;;;X;;;;
6567501;65-6750-1;RUDDEVATOR BOOST ASSEMBLY;OVERHAUL;;;;X;;;;;;;;;X;;;;;;;;;;;;;;;;;;X;;;;;;;;;;;X;;;;;;;;;;;;;;;;;;;;;;;;;;;;;;;;;;;;;;;;;;;;;;;;;;;;;;;;X;;;;
656750501;65-6750-501;RUDDEVATOR BOOST ASSEMBLY;OVERHAUL;;;;X;;;;;;;;;X;;;;;;;;;;;;;;;;;;X;;;;;;;;;;;X;;;;;;;;;;;;;;;;;;;;;;;;;;;;;;;;;;;;;;;;;;;;;;;;;;;;;;;;X;;;;
658070511;65807-051-1;CLOCK;;REPAIR;;;X;X;;;;;;;;;;;;;;;;;;;;;;;;;;X;;;X;;;;;;;;;;;;;;;;;;;;;;;;;;;;;;;;;;;;;;;;;;;;;;;;;;;;;;;;;;;;;;;;;X;;X;
65B0150310;65B01503-10;ACTUATOR, STEERING NOSE GEAR;REPAIR;;;;X;X;X;X;X;;;X;;;;;;;;;;;;;;;;;;;;X;;;;;X;;;;;;;;;;;;;;;;;;;;;;;;;;;;;;;;;;;;;;;;;;;;;;;;;;;;;;;;;;;;;;X;;;;
65B0150311;65B01503-11;ACTUATOR, STEERING NOSE GEAR;REPAIR;;;;X;X;X;X;X;;;X;;;;;;;;;;;;;;;;;;;;X;;;;;X;;;;;;;;;;;;;;;;;;;;;;;;;;;;;;;;;;;;;;;;;;;;;;;;;;;;;;;;;;;;;;X;;;;
65B0150312;65B01503-12;ACTUATOR, STEERING NOSE GEAR;REPAIR;;;;X;X;X;X;X;;;X;;;;;;;;;;;;;;;;;;;;X;;;;;X;;;;;;;;;;;;;;;;;;;;;;;;;;;;;;;;;;;;;;;;;;;;;;;;;;;;;;;;;;;;;;X;;;;
65B0150316;65B01503-16;ACTUATOR, STEERING NOSE GEAR;REPAIR;;;;X;X;X;X;X;;;X;;;;;;;;;;;;;;;;;;;;X;;;;;X;;;;;;;;;;;;;;;;;;;;;;;;;;;;;;;;;;;;;;;;;;;;;;;;;;;;;;;;;;;;;;X;;;;
65B015034;65B01503-4;ACTUATOR, STEERING NOSE GEAR;REPAIR;;;;X;X;X;X;X;;;X;;;;;;;;;;;;;;;;;;;;X;;;;;X;;;;;;;;;;;;;;;;;;;;;;;;;;;;;;;;;;;;;;;;;;;;;;;;;;;;;;;;;;;;;;X;;;;
65B015037;65B01503-7;ACTUATOR, STEERING NOSE GEAR;REPAIR;;;;X;X;X;X;X;;;X;;;;;;;;;;;;;;;;;;;;X;;;;;X;;;;;;;;;;;;;;;;;;;;;;;;;;;;;;;;;;;;;;;;;;;;;;;;;;;;;;;;;;;;;;X;;;;
65B0150413;65B01504-13;ACTUATOR, TRUCK POSITIONING MAIN BODY GE;REPAIR;;;;X;X;X;X;X;;;;;;;;;;;;;;;;;;;;;;;X;;;;;X;;;;;;;;;;;;;;;;;;;;;;;;;;;;;;;;;;;;;;;;;;;;;;;;;;;;;;;;;;;;;;X;;;;
65B0150414;65B01504-14;ACTUATOR, TRUCK POSITIONING MAIN BODY GE;REPAIR;;;;X;X;X;X;X;;;;;;;;;;;;;;;;;;;;;;;X;;;;;X;;;;;;;;;;;;;;;;;;;;;;;;;;;;;;;;;;;;;;;;;;;;;;;;;;;;;;;;;;;;;;X;;;;
65B0150415;65B01504-15;ACTUATOR, TRUCK POSITIONING MAIN BODY GE;REPAIR;;;;X;X;X;X;X;;;;;;;;;;;;;;;;;;;;;;;X;;;;;X;;;;;;;;;;;;;;;;;;;;;;;;;;;;;;;;;;;;;;;;;;;;;;;;;;;;;;;;;;;;;;X;;;;
65B0150416;65B01504-16;ACTUATOR, TRUCK POSITIONING MAIN BODY GE;REPAIR;;;;X;X;X;X;X;;;;;;;;;;;;;;;;;;;;;;;X;;;;;X;;;;;;;;;;;;;;;;;;;;;;;;;;;;;;;;;;;;;;;;;;;;;;;;;;;;;;;;;;;;;;X;;;;
65B0150417;65B01504-17;ACTUATOR, TRUCK POSITIONING MAIN BODY GE;REPAIR;;;;X;X;X;X;X;;;;;;;;;;;;;;;;;;;;;;;X;;;;;X;;;;;;;;;;;;;;;;;;;;;;;;;;;;;;;;;;;;;;;;;;;;;;;;;;;;;;;;;;;;;;X;;;;
65B0150418;65B01504-18;ACTUATOR, TRUCK POSITIONING MAIN BODY GE;REPAIR;;;;X;X;X;X;X;;;;;;;;;;;;;;;;;;;;;;;X;;;;;X;;;;;;;;;;;;;;;;;;;;;;;;;;;;;;;;;;;;;;;;;;;;;;;;;;;;;;;;;;;;;;X;;;;
65B0150421;65B01504-21;ACTUATOR, TRUCK POSITIONING MAIN BODY GE;REPAIR;;;;X;X;X;X;X;;;;;;;;;;;;;;;;;;;;;;;X;;;;;X;;;;;;;;;;;;;;;;;;;;;;;;;;;;;;;;;;;;;;;;;;;;;;;;;;;;;;;;;;;;;;X;;;;
65B0150422;65B01504-22;ACTUATOR, TRUCK POSITIONING MAIN BODY GE;REPAIR;;;;X;X;X;X;X;;;;;;;;;;;;;;;;;;;;;;;X;;;;;X;;;;;;;;;;;;;;;;;;;;;;;;;;;;;;;;;;;;;;;;;;;;;;;;;;;;;;;;;;;;;;X;;;;
65B0150423;65B01504-23;ACTUATOR, TRUCK POSITIONING MAIN BODY GE;REPAIR;;;;X;X;X;X;X;;;;;;;;;;;;;;;;;;;;;;;X;;;;;X;;;;;;;;;;;;;;;;;;;;;;;;;;;;;;;;;;;;;;;;;;;;;;;;;;;;;;;;;;;;;;X;;;;
65B0150424;65B01504-24;ACTUATOR, TRUCK POSITIONING MAIN BODY GE;REPAIR;;;;X;X;X;X;X;;;;;;;;;;;;;;;;;;;;;;;X;;;;;X;;;;;;;;;;;;;;;;;;;;;;;;;;;;;;;;;;;;;;;;;;;;;;;;;;;;;;;;;;;;;;X;;;;
65B015401;65B01540-1;ACTUATOR, DOWNLOCK WING LANDING GEAR;REPAIR;;;;X;X;X;X;X;;;X;;;;;;;;;;;;;;;;;;;;X;;;;;X;;;;;;;;;;;;;;;;;;;;;;;;;;;;;;;;;;;;;;;;;;;;;;;;;;;;;;;;;;;;;;X;;;;
65B0154010;65B01540-10;ACTUATOR, DOWNLOCK WING LANDING GEAR;REPAIR;;;;X;X;X;X;X;;;X;;;;;;;;;;;;;;;;;;;;X;;;;;X;;;;;;;;;;;;;;;;;;;;;;;;;;;;;;;;;;;;;;;;;;;;;;;;;;;;;;;;;;;;;;X;;;;
65B0154011;65B01540-11;ACTUATOR, DOWNLOCK WING LANDING GEAR;REPAIR;;;;X;X;X;X;X;;;X;;;;;;;;;;;;;;;;;;;;X;;;;;X;;;;;;;;;;;;;;;;;;;;;;;;;;;;;;;;;;;;;;;;;;;;;;;;;;;;;;;;;;;;;;X;;;;
65B0154012;65B01540-12;ACTUATOR, DOWNLOCK WING LANDING GEAR;REPAIR;;;;X;X;X;X;X;;;X;;;;;;;;;;;;;;;;;;;;X;;;;;X;;;;;;;;;;;;;;;;;;;;;;;;;;;;;;;;;;;;;;;;;;;;;;;;;;;;;;;;;;;;;;X;;;;
65B0154013;65B01540-13;ACTUATOR, DOWNLOCK WING LANDING GEAR;REPAIR;;;;X;X;X;X;X;;;X;;;;;;;;;;;;;;;;;;;;X;;;;;X;;;;;;;;;;;;;;;;;;;;;;;;;;;;;;;;;;;;;;;;;;;;;;;;;;;;;;;;;;;;;;X;;;;
65B0154014;65B01540-14;ACTUATOR, DOWNLOCK WING LANDING GEAR;REPAIR;;;;X;X;X;X;X;;;X;;;;;;;;;;;;;;;;;;;;X;;;;;X;;;;;;;;;;;;;;;;;;;;;;;;;;;;;;;;;;;;;;;;;;;;;;;;;;;;;;;;;;;;;;X;;;;
65B0154015;65B01540-15;ACTUATOR, DOWNLOCK WING LANDING GEAR;REPAIR;;;;X;X;X;X;X;;;X;;;;;;;;;;;;;;;;;;;;X;;;;;X;;;;;;;;;;;;;;;;;;;;;;;;;;;;;;;;;;;;;;;;;;;;;;;;;;;;;;;;;;;;;;X;;;;
65B0154016;65B01540-16;ACTUATOR, DOWNLOCK WING LANDING GEAR;REPAIR;;;;X;X;X;X;X;;;X;;;;;;;;;;;;;;;;;;;;X;;;;;X;;;;;;;;;;;;;;;;;;;;;;;;;;;;;;;;;;;;;;;;;;;;;;;;;;;;;;;;;;;;;;X;;;;
65B0154017;65B01540-17;ACTUATOR, DOWNLOCK WING LANDING GEAR;REPAIR;;;;X;X;X;X;X;;;X;;;;;;;;;;;;;;;;;;;;X;;;;;X;;;;;;;;;;;;;;;;;;;;;;;;;;;;;;;;;;;;;;;;;;;;;;;;;;;;;;;;;;;;;;X;;;;
65B0154018;65B01540-18;ACTUATOR, DOWNLOCK WING LANDING GEAR;REPAIR;;;;X;X;X;X;X;;;X;;;;;;;;;;;;;;;;;;;;X;;;;;X;;;;;;;;;;;;;;;;;;;;;;;;;;;;;;;;;;;;;;;;;;;;;;;;;;;;;;;;;;;;;;X;;;;
65B0154019;65B01540-19;ACTUATOR, DOWNLOCK WING LANDING GEAR;REPAIR;;;;X;X;X;X;X;;;X;;;;;;;;;;;;;;;;;;;;X;;;;;X;;;;;;;;;;;;;;;;;;;;;;;;;;;;;;;;;;;;;;;;;;;;;;;;;;;;;;;;;;;;;;X;;;;
65B015402;65B01540-2;ACTUATOR, DOWNLOCK WING LANDING GEAR;REPAIR;;;;X;X;X;X;X;;;X;;;;;;;;;;;;;;;;;;;;X;;;;;X;;;;;;;;;;;;;;;;;;;;;;;;;;;;;;;;;;;;;;;;;;;;;;;;;;;;;;;;;;;;;;X;;;;
65B0154020;65B01540-20;ACTUATOR, DOWNLOCK WING LANDING GEAR;REPAIR;;;;X;X;X;X;X;;;X;;;;;;;;;;;;;;;;;;;;X;;;;;X;;;;;;;;;;;;;;;;;;;;;;;;;;;;;;;;;;;;;;;;;;;;;;;;;;;;;;;;;;;;;;X;;;;
65B015403;65B01540-3;ACTUATOR, DOWNLOCK WING LANDING GEAR;REPAIR;;;;X;X;X;X;X;;;X;;;;;;;;;;;;;;;;;;;;X;;;;;X;;;;;;;;;;;;;;;;;;;;;;;;;;;;;;;;;;;;;;;;;;;;;;;;;;;;;;;;;;;;;;X;;;;
65B015404;65B01540-4;ACTUATOR, DOWNLOCK WING LANDING GEAR;REPAIR;;;;X;X;X;X;X;;;X;;;;;;;;;;;;;;;;;;;;X;;;;;X;;;;;;;;;;;;;;;;;;;;;;;;;;;;;;;;;;;;;;;;;;;;;;;;;;;;;;;;;;;;;;X;;;;
65B015405;65B01540-5;ACTUATOR, DOWNLOCK WING LANDING GEAR;REPAIR;;;;X;X;X;X;X;;;X;;;;;;;;;;;;;;;;;;;;X;;;;;X;;;;;;;;;;;;;;;;;;;;;;;;;;;;;;;;;;;;;;;;;;;;;;;;;;;;;;;;;;;;;;X;;;;
65B015406;65B01540-6;ACTUATOR, DOWNLOCK WING LANDING GEAR;REPAIR;;;;X;X;X;X;X;;;X;;;;;;;;;;;;;;;;;;;;X;;;;;X;;;;;;;;;;;;;;;;;;;;;;;;;;;;;;;;;;;;;;;;;;;;;;;;;;;;;;;;;;;;;;X;;;;
65B015407;65B01540-7;ACTUATOR, DOWNLOCK WING LANDING GEAR;REPAIR;;;;X;X;X;X;X;;;X;;;;;;;;;;;;;;;;;;;;X;;;;;X;;;;;;;;;;;;;;;;;;;;;;;;;;;;;;;;;;;;;;;;;;;;;;;;;;;;;;;;;;;;;;X;;;;
65B015408;65B01540-8;ACTUATOR, DOWNLOCK WING LANDING GEAR;REPAIR;;;;X;X;X;X;X;;;X;;;;;;;;;;;;;;;;;;;;X;;;;;X;;;;;;;;;;;;;;;;;;;;;;;;;;;;;;;;;;;;;;;;;;;;;;;;;;;;;;;;;;;;;;X;;;;
65B015409;65B01540-9;ACTUATOR, DOWNLOCK WING LANDING GEAR;REPAIR;;;;X;X;X;X;X;;;X;;;;;;;;;;;;;;;;;;;;X;;;;;X;;;;;;;;;;;;;;;;;;;;;;;;;;;;;;;;;;;;;;;;;;;;;;;;;;;;;;;;;;;;;;X;;;;
65B051931;65B05193-1;SLEEVE WHEEL MLG;REPAIR;;;;X;X;X;X;X;;;;;;;;;;;;;;;;;;;;;;;X;;;;;X;;;;;;;;;;;;;;;;;;;;;;;;;;;;;;;;;;;;;;;;;;;;;;;;;;;;;;;;;;;;;;X;;;;
65B051933;65B05193-3;SLEEVE WHEEL MLG;OVERHAUL;;;;X;X;X;X;X;;;;;;;;;;;;;;;;;;;;;;;X;;;;;X;;;;;;;;;;;;;;;;;;;;;;;;;;;;;;;;;;;;;;;;;;;;;;;;;;;;;;;;;;;;;;X;;;;
65B051934;65B05193-4;SLEEVE WHEEL MLG;OVERHAUL;;;;X;X;X;X;X;;;;;;;;;;;;;;;;;;;;;;;X;;;;;X;;;;;;;;;;;;;;;;;;;;;;;;;;;;;;;;;;;;;;;;;;;;;;;;;;;;;;;;;;;;;;X;;;;
65B825581;65B82558-1;BODY LANDING GEAR DOWNLOCK ACTUATOR;REPAIR;;;;X;X;X;X;X;;;X;;;;;;;;;;;;;;;;;;;;X;;;;;X;;;;;;;;;;;;;;;;;;;;;;;;;;;;;;;;;;;;;;;;;;;;;;;;;;;;;;;;;;;;;;X;;;;
65B8255810;65B82558-10;BODY LANDING GEAR DOWNLOCK ACTUATOR;REPAIR;;;;X;X;X;X;X;;;X;;;;;;;;;;;;;;;;;;;;X;;;;;X;;;;;;;;;;;;;;;;;;;;;;;;;;;;;;;;;;;;;;;;;;;;;;;;;;;;;;;;;;;;;;X;;;;
65B825582;65B82558-2;BODY LANDING GEAR DOWNLOCK ACTUATOR;REPAIR;;;;X;X;X;X;X;;;X;;;;;;;;;;;;;;;;;;;;X;;;;;X;;;;;;;;;;;;;;;;;;;;;;;;;;;;;;;;;;;;;;;;;;;;;;;;;;;;;;;;;;;;;;X;;;;
65B825583;65B82558-3;BODY LANDING GEAR DOWNLOCK ACTUATOR;REPAIR;;;;X;X;X;X;X;;;X;;;;;;;;;;;;;;;;;;;;X;;;;;X;;;;;;;;;;;;;;;;;;;;;;;;;;;;;;;;;;;;;;;;;;;;;;;;;;;;;;;;;;;;;;X;;;;
65B825584;65B82558-4;BODY LANDING GEAR DOWNLOCK ACTUATOR;REPAIR;;;;X;X;X;X;X;;;X;;;;;;;;;;;;;;;;;;;;X;;;;;X;;;;;;;;;;;;;;;;;;;;;;;;;;;;;;;;;;;;;;;;;;;;;;;;;;;;;;;;;;;;;;X;;;;
65B825585;65B82558-5;BODY LANDING GEAR DOWNLOCK ACTUATOR;REPAIR;;;;X;X;X;X;X;;;X;;;;;;;;;;;;;;;;;;;;X;;;;;X;;;;;;;;;;;;;;;;;;;;;;;;;;;;;;;;;;;;;;;;;;;;;;;;;;;;;;;;;;;;;;X;;;;
65B825586;65B82558-6;BODY LANDING GEAR DOWNLOCK ACTUATOR;REPAIR;;;;X;X;X;X;X;;;X;;;;;;;;;;;;;;;;;;;;X;;;;;X;;;;;;;;;;;;;;;;;;;;;;;;;;;;;;;;;;;;;;;;;;;;;;;;;;;;;;;;;;;;;;X;;;;
65B825587;65B82558-7;BODY LANDING GEAR DOWNLOCK ACTUATOR;REPAIR;;;;X;X;X;X;X;;;X;;;;;;;;;;;;;;;;;;;;X;;;;;X;;;;;;;;;;;;;;;;;;;;;;;;;;;;;;;;;;;;;;;;;;;;;;;;;;;;;;;;;;;;;;X;;;;
65B825588;65B82558-8;BODY LANDING GEAR DOWNLOCK ACTUATOR;REPAIR;;;;X;X;X;X;X;;;X;;;;;;;;;;;;;;;;;;;;X;;;;;X;;;;;;;;;;;;;;;;;;;;;;;;;;;;;;;;;;;;;;;;;;;;;;;;;;;;;;;;;;;;;;X;;;;
65B825589;65B82558-9;BODY LANDING GEAR DOWNLOCK ACTUATOR;REPAIR;;;;X;X;X;X;X;;;;;;;;;;;;;;;;;;;;;;;X;;;;;X;;;;;;;;;;;;;;;;;;;;;;;;;;;;;;;;;;;;;;;;;;;;;;;;;;;;;;;;;;;;;;X;;;;
65B825912;65B82591-2;ACTUATOR, STEERING NOSE GEAR;REPAIR;;;;X;X;X;X;X;;;X;;;;;;;;;;;;;;;;;;;;X;;;;;X;;;;;;;;;;;;;;;;;;;;;;;;;;;;;;;;;;;;;;;;;;;;;;;;;;;;;;;;;;;;;;X;;;;
65C2205B0460006;65C2205B0460006;CHEMICAL OXYGEN CONTAINER ASSY;REPAIR;;;;X;X;X;X;;;;;;;;;;;;;;X;;;;;;;;X;X;;;;;;;;;;;;;;;;;;;;;;;;;;;;;;;;;;;;;;;;;;;;;;;;;;;;;;;;;;;;;;;;;;;;X;;;;
65C2638416;65C26384-16;TAB;;REPAIR;;;X;;;;;;;;;;;;;;;;;;;;;;;;;;;;;;;;;;;;;;;;;;;;;X;;;;;;;;;;;;;;;;;;;;;;;;;;;;;;;;;;;;;;;;;;;;;;;;;;X;;;
65C268332;65C26833-2;VALVE, STEERING DEPRESSURIZATION;OVERHAUL;;;;X;X;X;X;X;;;;;;;;;;;;;;;;;;;;;;;X;;;X;;;;;;;;;;;;;;;;;;;;;;;;;;;;;;;;;;;;;;;;;;;;;;;;;;;;;;;;;;;;;;;;X;;;;
65C268333;65C26833-3;VALVE, STEERING DEPRESSURIZATION;OVERHAUL;;;;X;X;X;X;X;;;;;;;;;;;;;;;;;;;;;;;X;;;X;;;;;;;;;;;;;;;;;;;;;;;;;;;;;;;;;;;;;;;;;;;;;;;;;;;;;;;;;;;;;;;;X;;;;
65C268641;65C26864-1;OUTBORD GROUND SPOILER ACT ASSY;OVERHAUL;;;;X;X;X;X;X;;;;;;;;;;;;;;;;;;;;;;;X;;;X;;;;;;;;;;;;;;;;;;;;;;;;;;;;;;;;;;;;;;;;;;;;;;;;;;;;;;;;;;;;;;;;X;;;;
65C268642;65C26864-2;OUTBORD GROUND SPOILER ACT ASSY;OVERHAUL;;;;X;X;X;X;X;;;;;;;;;;;;;;;;;;;;;;;X;;;X;;;;;;;;;;;;;;;;;;;;;;;;;;;;;;;;;;;;;;;;;;;;;;;;;;;;;;;;;;;;;;;;X;;;;
65C268643;65C26864-3;GROUND SPOILER ACTUATOR 0,1,8,9;OVERHAUL;;;;X;X;X;X;X;;;;;;;;;;;;;;;;;;;;;;;X;;;X;;;;;;;;;;;;;;;;;;;;;;;;;;;;;;;;;;;;;;;;;;;;;;;;;;;;;;;;;;;;;;;;X;;;;
65C268855;65C26885-5;VALVE, STEERING DEPRESSURIZATION;OVERHAUL;;;;X;X;X;X;X;;;;;;;;;;;;;;;;;;;;;;;X;;;X;;;;;;;;;;;;;;;;;;;;;;;;;;;;;;;;;;;;;;;;;;;;;;;;;;;;;;;;;;;;;;;;X;;;;
65C268856;65C26885-6;VALVE, STEERING DEPRESSURIZATION;OVERHAUL;;;;X;X;X;X;X;;;;;;;;;;;;;;;;;;;;;;;X;;;X;;;;;;;;;;;;;;;;;;;;;;;;;;;;;;;;;;;;;;;;;;;;;;;;;;;;;;;;;;;;;;;;X;;;;
65WE002241;65WE00224-1;HYDRAULIC PUMP;;OVERHAUL;;;X;X;;;;;;;;X;;;;;;;;;;;;;;;;;;;;;;;;;;;;;;;;;;;;X;;;X;;;;;;;;;;;;;;;;;;;;;;;;;;;;;;;;;;;;;;;;;;;;;;;X;;;
6607A3106;6607A3-106;SWITCH;;BENCH TEST;;;X;X;;;;;;;;;;;;;;;;;;;;;;;;;;;;;;;;;;;;;;;;;;;;X;;;X;;;;;;;;;;;;;;;;;;;;;;;;;;;;;;;;;;;;;;;;;X;X;;;;;X;;;
6607P98D;6607P9-8D;HYDRAULIC PRESSURE SWITCH;;REPAIR;;;X;X;;X;;;;;;;;;;;;;;;;;;;;;;;;;;;;;;;;;;;;X;X;;;;;;;;;;;;;;;;;;;;;;;;;;;;;;;;;;;;;;;;;;;;;;;;;;;;;;;X;;;
66087;66087;VARIABLE DELIVERY HYDRAULIC PUMP;OVERHAUL;;;;X;X;X;X;X;;;;;;;;;;;;;;;;;;;;;;;X;;;X;;;;;;;;;;;;;;;;;;;;;;;;;;;;;;;;;;;;;;;;;;;;;;;;;;;;;;;;;;;;;;;;X;;;;
663900002;66390-000-2;MODULE, POWER LOSS;REPAIR;;;;X;X;X;X;X;;;;;;X;;;;;X;;;;;;;;;;;;;;;;;;;;;;;;;;;;;;;;;;;;;;;;;;;;;;;;;;;;;;;;;;;;;;;;;;;;;;;;;;;;;;;X;;;;
663900003;66390-000-3;MODULE, POWER LOSS;REPAIR;;;;X;X;X;X;X;;;;;;X;;;;;X;;;;;;;;;;;;;;;;;;;;;;;;;;;;;;;;;;;;;;;;;;;;;;;;;;;;;;;;;;;;;;;;;;;;;;;;;;;;;;;X;;;;
664700500A4A;664700500A4A;LANDING GEAR CONTROL AND INTERFACE UNIT;REPAIR;;;;X;X;X;X;X;;;;;;;;;;;;;X;;;;X;X;X;X;;;;;;;;;;;;;;;;;;;;;;;;;;;;;;;;;;;;;;;;;;;;;;;;;;;;;;;;;;;;;;;;;;;;;;X;;;;
664700500A4B;664700500A4B;LANDING GEAR CONTROL AND INTERFACE UNIT;REPAIR;;;;X;X;X;X;X;;;;;;;;;;;;;X;;;;X;X;X;X;;;;;;;;;;;;;;;;;;;;;;;;;;;;;;;;;;;;;;;;;;;;;;;;;;;;;;;;;;;;;;;;;;;;;;X;;;;
664700500A4C;664700500A4C;LANDING GEAR CONTROL AND INTERFACE UNIT;REPAIR;;;;X;X;X;X;X;;;;;;;;;;;;;X;;;;X;X;X;X;;;;;;;;;;;;;;;;;;;;;;;;;;;;;;;;;;;;;;;;;;;;;;;;;;;;;;;;;;;;;;;;;;;;;;X;;;;
664700500A4D;664700500A4D;LANDING GEAR CONTROL AND INTERFACE UNIT;REPAIR;;;;X;X;X;X;X;;;;;;;;;;;;;X;;;;X;X;X;X;;;;;;;;;;;;;;;;;;;;;;;;;;;;;;;;;;;;;;;;;;;;;;;;;;;;;;;;;;;;;;;;;;;;;;X;;;;
665010031;66501-003-1;SYSTEM DATA ANALOG CONVERTER;REPAIR;;;;X;X;X;X;X;;;;;;;;;;;;;X;;X;X;;;;;;;;;;;;;;;;;;;;;;;;;;;;;;;;;;;;;;;;;;;;;;;;;;;;;;;;;;;;;;;;;;;;;;;;;;X;;;;
665010042;66501-004-2;SYSTEM DATA ANALOG CONVERTER;REPAIR;;;;X;X;X;X;X;;;;;;;;;;;;;X;;X;X;;;;;;;;;;;;;;;;;;;;;;;;;;;;;;;;;;;;;;;;;;;;;;;;;;;;;;;;;;;;;;;;;;;;;;;;;;X;;;;
665010051;66501-005-1;SYSTEM DATA ANALOG CONVERTER;REPAIR;;;;X;X;X;X;X;;;;;;;;;;;;;X;;X;X;;;;;;;;;;;;;;;;;;;;;;;;;;;;;;;;;;;;;;;;;;;;;;;;;;;;;;;;;;;;;;;;;;;;;;;;;;X;;;;
6664157;6664157;WINDSHIELD & SIDE WINDOW TEMP REGULATOR;REPAIR;;;;X;X;X;X;X;;;;;;;;;;;;;X;;X;X;;;;;;;;;;;;;;;;;;;;;;;;;;;;;;;;;;;;;;;;;;;;;;;;;;;;;;;;;;;;;;;;;;;;;;;;;;X;;;;
6680201;6-68020-1;EMERGENCY LOCK SHAFT;OVERHAUL;;;;X;;;;;;;;;X;;;;;;;;;;;;;;;;;;X;;;;;;;;;;;X;;;;;;;;;;;;;;;;;;;;;;;;;;;;;;;;;;;;;;;;;;;;;;;;;;;;;;;;X;;;;
6712152212;67121-52-212;TERMOSWITCH;;BENCH TEST;;;X;X;;X;;;;;;X;;;;;;;;;;;;;;;;;;;;;;;;;;;;;;;;;;;;;;;;;;;;;;;;;;;;;;;;;;;;;;;;;X;X;;;;;;;;;;;;;;;;;;;;X;;;
6713D010000;6713D010000;VALVE, REGULATING HP;OVERHAUL;;;;X;X;X;X;X;;;X;;;;;;;;;;X;;;;;;;;;;;;;;;;;;;;;;;;;;;;;;;;;;;;;;;;;;;;;;;;;;;;;;;;;;;;;;;;;;;;;;;;;;;;;X;;;;
6713D020000;6713D020000;VALVE, REGULATING HP;OVERHAUL;;;;X;X;X;X;X;;;X;;;;;;;;;;X;;;;;;;;;;;;;;;;;;;;;;;;;;;;;;;;;;;;;;;;;;;;;;;;;;;;;;;;;;;;;;;;;;;;;;;;;;;;;X;;;;
6713D040000;6713D040000;VALVE, REGULATING HP;OVERHAUL;;;;X;X;X;X;X;;;X;;;;;;;;;;X;;;;;;;;;;;;;;;;;;;;;;;;;;;;;;;;;;;;;;;;;;;;;;;;;;;;;;;;;;;;;;;;;;;;;;;;;;;;;X;;;;
6713D050000;6713D050000;VALVE, REGULATING HP;OVERHAUL;;;;X;X;X;X;X;;;X;;;;;;;;;;X;;;;;;;;;;;;;;;;;;;;;;;;;;;;;;;;;;;;;;;;;;;;;;;;;;;;;;;;;;;;;;;;;;;;;;;;;;;;;X;;;;
6713D060000;6713D060000;VALVE, REGULATING HP;OVERHAUL;;;;X;X;X;X;X;;;X;;;;;;;;;;X;;;;;;;;;;;;;;;;;;;;;;;;;;;;;;;;;;;;;;;;;;;;;;;;;;;;;;;;;;;;;;;;;;;;;;;;;;;;;X;;;;
6713D070000;6713D070000;VALVE, REGULATING HP;OVERHAUL;;;;X;X;X;X;X;;;X;;;;;;;;;;X;;;;;;;;;;;;;;;;;;;;;;;;;;;;;;;;;;;;;;;;;;;;;;;;;;;;;;;;;;;;;;;;;;;;;;;;;;;;;X;;;;
6713D080000;6713D080000;HP BLEED VALVE;OVERHAUL;;;;X;X;X;X;X;;;;;;;;;;;;;X;;;;;;X;;;;;;;;;;;;;;;;;;;;;;;;;;;;;;;;;;;;;;;;;;;;;;;;;;;;;;;;;;;;;;;;;;;;;;;X;;;;
6714D020000;6714D020000;VALVE, REGULATING BLEED PRESSURE;OVERHAUL;;;;X;X;X;X;X;;;X;;;;;;;;;;X;;;;;;;;;;;;;;;;;;;;;;;;;;;;;;;;;;;;;;;;;;;;;;;;;;;;;;;;;;;;;;;;;;;;;;;;;;;;;X;;;;
6714D040000;6714D040000;VALVE, REGULATING BLEED PRESSURE;OVERHAUL;;;;X;X;X;X;X;;;X;;;;;;;;;;X;;;;;;;;;;;;;;;;;;;;;;;;;;;;;;;;;;;;;;;;;;;;;;;;;;;;;;;;;;;;;;;;;;;;;;;;;;;;;X;;;;
6714D050000;6714D050000;VALVE, REGULATING BLEED PRESSURE;OVERHAUL;;;;X;X;X;X;X;;;X;;;;;;;;;;X;;;;;;;;;;;;;;;;;;;;;;;;;;;;;;;;;;;;;;;;;;;;;;;;;;;;;;;;;;;;;;;;;;;;;;;;;;;;;X;;;;
6714D060000;6714D060000;VALVE, REGULATING BLEED PRESSURE;OVERHAUL;;;;X;X;X;X;X;;;X;;;;;;;;;;X;;;;;;;;;;;;;;;;;;;;;;;;;;;;;;;;;;;;;;;;;;;;;;;;;;;;;;;;;;;;;;;;;;;;;;;;;;;;;X;;;;
6714D070000;6714D070000;HP BLEED VALVE;OVERHAUL;;;;X;X;X;X;X;;;;;;;;;;;;;X;;;;X;X;X;X;;;;;;;;;;;;;;;;;;;;;;;;;;;;;;;;;;;;;;;;;;;;;;;;;;;;;;;;;;;;;;;;;;;;;;X;;;;
67255;67255;OVEN;;REPAIR;;;X;X;;;;;;;;;;;;;;;;;;;;;;;;;;;;;;;;;;;;;;;;;;;;;;;;;;;;;;;;;;;;;;;;;;;;;;;;;;;;;;;;;;;;;;;;X;X;;;;;X;;;
672553;67255-3;OVEN;;REPAIR;;;X;;;;;;;;;;;;;;;;;;;;;;;;;;;;;;;;;;;;;;;;;;;;;;;;;;;;;;;;;;;;;;;;;;;;;;;;;;X;X;;;;;;X;;;;;;;;;;;;;;X;;;
6730A02;6730A02;FAN AIR VALVE;OVERHAUL;;;;X;X;X;X;X;;;X;;;;;;;;;;X;;;;;;;;;;;;;;;;;;;;;;;;;;;;;;;;;;;;;;;;;;;;;;;;;;;;;;;;;;;;;;;;;;;;;;;;;;;;;X;;;;
6730B01;6730B01;FAN AIR VALVE;OVERHAUL;;;;X;X;X;X;X;;;X;;;;;;;;;;X;;;;;;;;;;;;;;;;;;;;;;;;;;;;;;;;;;;;;;;;;;;;;;;;;;;;;;;;;;;;;;;;;;;;;;;;;;;;;X;;;;
6730C010000;6730C010000;FAN AIR VALVE;OVERHAUL;;;;X;X;X;X;X;;;X;;;;;;;;;;X;;;;;X;X;X;;X;;;;;;;;;;;;;;;;;;;;;;;;;;;;;;;;;;;;;;;;;;;;;;;;;;;;;;;;;;;;;;;;;;;;X;;;;
6730F010000;6730F010000;VALVE, FAN AIR;OVERHAUL;;;;X;X;X;X;X;;;;;;;;;;;;;X;;;;;X;X;X;;X;;;;;;;;;;;;;;;;;;;;;;;;;;;;;;;;;;;;;;;;;;;;;;;;;;;;;;;;;;;;;;;;;;;;X;;;;
6732A010000;6732A010000;FAN AIR VALVE;OVERHAUL;;;;X;X;X;X;X;;;;;;;;;;;;;X;;;;;;;;;X;;;;;;;;;;;;;;;;;;;;;;;;;;;;;;;;;;;;;;;;;;;;;;;;;;;;;;;;;;;;;;;;;;;;X;;;;
6733A030000;6733A030000;VALVE-FAN AIR;OVERHAUL;;;;X;X;X;X;X;;;;;;;;;;;;;X;;;;;;;;X;;;;;;;;;;;;;;;;;;;;;;;;;;;;;;;;;;;;;;;;;;;;;;;;;;;;;;;;;;;;;;;;;;;;;X;;;;
6740B03;6740B03;VALVE, OVERPRESSURE;OVERHAUL;;;;X;X;X;X;X;;;X;;;;;;;;;;X;;;;;;;;;;;;;;;;;;;;;;;;;;;;;;;;;;;;;;;;;;;;;;;;;;;;;;;;;;;;;;;;;;;;;;;;;;;;;X;;;;
6740B04;6740B04;VALVE, OVERPRESSURE;OVERHAUL;;;;X;X;X;X;X;;;X;;;;;;;;;;X;;;;;;;;;;;;;;;;;;;;;;;;;;;;;;;;;;;;;;;;;;;;;;;;;;;;;;;;;;;;;;;;;;;;;;;;;;;;;X;;;;
6740B050000;6740B050000;VALVE, OVERPRESSURE;OVERHAUL;;;;X;X;X;X;X;;;X;;;;;;;;;;X;;;;;;;;;;;;;;;;;;;;;;;;;;;;;;;;;;;;;;;;;;;;;;;;;;;;;;;;;;;;;;;;;;;;;;;;;;;;;X;;;;
6740E010000;6740E010000;VALVE-OVERPRESSURE;OVERHAUL;;;;X;X;X;X;X;;;X;;;;;;;;;;X;;;;;;;;;;;;;;;;;;;;;;;;;;;;;;;;;;;;;;;;;;;;;;;;;;;;;;;;;;;;;;;;;;;;;;;;;;;;;X;;;;
6740F010000;6740F010000;OVERPRESSURE VALVE;OVERHAUL;;;;X;X;X;X;X;;;X;;;;;;;;;;X;;;;X;X;X;X;;;;;;;;;;;;;;;;;;;;;;;;;;;;;;;;;;;;;;;;;;;;;;;;;;;;;;;;;;;;;;;;;;;;;;X;;;;
6740G010000;6740G010000;OVERPRESSURE VALVE;OVERHAUL;;;;X;X;X;X;X;;;;;;;;;;;;;X;;;;X;X;X;X;;;;;;;;;;;;;;;;;;;;;;;;;;;;;;;;;;;;;;;;;;;;;;;;;;;;;;;;;;;;;;;;;;;;;;X;;;;
6742A030000;6742A030000;OVERPRESSURE VALVE;OVERHAUL;;;;X;X;X;X;X;;;;;;;;;;;;;X;;;;;;;;;X;;;;;;;;;;;;;;;;;;;;;;;;;;;;;;;;;;;;;;;;;;;;;;;;;;;;;;;;;;;;;;;;;;;;X;;;;
6742A040000;6742A040000;OVERPRESSURE VALVE;OVERHAUL;;;;X;X;X;X;X;;;;;;;;;;;;;X;;;;;;;;;X;;;;;;;;;;;;;;;;;;;;;;;;;;;;;;;;;;;;;;;;;;;;;;;;;;;;;;;;;;;;;;;;;;;;X;;;;
6742D010000;6742D010000;VALVE-OVERPRESSURE;OVERHAUL;;;;X;X;X;X;X;;;;;;;;;;;;;X;;;;;;;;;X;;;;;;;;;;;;;;;;;;;;;;;;;;;;;;;;;;;;;;;;;;;;;;;;;;;;;;;;;;;;;;;;;;;;X;;;;
6743A010000;6743A010000;VALVE, OVERPRESSURE;OVERHAUL;;;;X;X;X;X;X;;;;;;;;;;;;;X;;;;;;;;X;;;;;;;;;;;;;;;;;;;;;;;;;;;;;;;;;;;;;;;;;;;;;;;;;;;;;;;;;;;;;;;;;;;;;X;;;;
6753D010000;6753D010000;HP BLEED VALVE;OVERHAUL;;;;X;X;X;X;X;;;;;;;;;;;;;X;;;;;;;;;;;;;;;;;;;;;;;;;;;;;;;;;;;;;;;;;;;;;;;;;;;;;;;;;;;;;;;;;;;;;;;;;;;;;X;;;;
6773B020000;6773B020000;HP BLEED VALVE;OVERHAUL;;;;X;X;X;X;X;;;;;;;;;;;;;X;;;;;;;;;;;;;;;;;;;;;;;;;;;;;;;;;;;;;;;;;;;;;;;;;;;;;;;;;;;;;;;;;;;;;;;;;;;;;X;;;;
6773B030000;6773B030000;HIGH PRESSURE REGULATING VALVE;OVERHAUL;;;;X;X;X;X;X;;;;;;;;;;;;;X;;;;;;;;;;;;;;;;;;;;;;;;;;;;;;;;;;;;;;;;;;;;;;;;;;;;;;;;;;;;;;;;;;;;;;;;;;;;;X;;;;
6773E010000;6773E010000;VALVE-REGULATING, HP;OVERHAUL;;;;X;X;X;X;X;;;;;;;;;;;;;X;;;;;;;;;;;;;;;;;;;;;;;;;;;;;;;;;;;;;;;;;;;;;;;;;;;;;;;;;;;;;;;;;;;;;;;;;;;;;X;;;;
6800021200;680-0021-200;OVERHEAT DETECTOR;REPAIR;;;;X;X;X;X;X;;;;;;;;;;;;;X;X;X;X;;;;;;;;;;;;;;;;;;;;;;;;;;;;;;;;;;;;;;;;;;;;;;;;;;;;;;;;;;;;;;;;;;;;;;;;;;X;;;;
6800021210;680-0021-210;OVERHEAT DETECTOR;REPAIR;;;;X;X;X;X;X;;;;;;;;;;;;;X;X;X;X;;;;;;;;;;;;;;;;;;;;;;;;;;;;;;;;;;;;;;;;;;;;;;;;;;;;;;;;;;;;;;;;;;;;;;;;;;X;;;;
6800021500;680-0021-500;OVERHEAT DETECTOR;REPAIR;;;;X;X;X;X;X;;;;;;;;;;;;;X;X;X;X;;;;;;;;;;;;;;;;;;;;;;;;;;;;;;;;;;;;;;;;;;;;;;;;;;;;;;;;;;;;;;;;;;;;;;;;;;X;;;;
6836015100;683-6015-100;REGULATOR, WINDSHIELD TEMPERATURE;REPAIR;;;;X;X;X;X;X;;;;;;X;;;;;X;;;;;;;;;;;;;;;;;;;;;;;;;;;;;;;;;;;;;;;;;;;;;;;;;;;;;;;;;;;;;;;;;;;;;;;;;;;;;;;X;;;;
6836015200;683-6015-200;REGULATOR, WINDSHIELD TEMPERATURE;REPAIR;;;;X;X;X;X;X;;;;;;X;;;;;X;;;;;;;;;;;;;;;;;;;;;;;;;;;;;;;;;;;;;;;;;;;;;;;;;;;;;;;;;;;;;;;;;;;;;;;;;;;;;;;X;;;;
6836021000;683-6021-000;REGULATOR, WINDSHIELD TEMPERATURE;REPAIR;;;;X;X;X;X;X;;;;;;X;;;;;;;;;;;;;;;;;;;;;;;;;;;;;;;;;;;;;;;;;;;;;;;;;;;;;;;;;;;;;;;;;;;;;;;;;;;;;;;;;;;;X;;;;
6841009200;684-1009-200;RECTIFIER, TRANSFO;OVERHAUL;;;;X;X;X;X;;;;;;;X;;;;;X;;;;;;;;;;;;;;;;;;;;;;;;;;;;;;;;;;;;;;;;;;;;;;;;;;;;;;;;;;;;;;;;;;;;;;;;;;;;;;;X;;;;
6844143100;684-4143-100;STATIC CONVERTER;OVERHAUL;;;;X;X;X;X;X;;;;;;X;;X;X;;;;;;;;;;;;;;;;;;;;;;;;;;;;;;;;;;;;;;;;;;;;;;;;;;;;;;;;;;;;;;;;;;;;;;;;;;;;;;;;;X;;;;
6864027200;686-4027-200;CONTROL, LANDING GEAR;REPAIR;;;;X;X;X;X;X;;;;;;X;;;;;X;;;;;;;;;;;;;;;;;;;;;;;;;;;;;;;;;;;;;;;;;;;;;;;;;;;;;;;;;;;;;;;;;;;;;;;;;;;;;;;X;;;;
6864027300;686-4027-300;CONTROL, LANDING GEAR;REPAIR;;;;X;X;X;X;X;;;;;;X;;;;;X;;;;;;;;;;;;;;;;;;;;;;;;;;;;;;;;;;;;;;;;;;;;;;;;;;;;;;;;;;;;;;;;;;;;;;;;;;;;;;;X;;;;
6864027400;686-4027-400;CONTROL, LANDING GEAR;REPAIR;;;;X;X;X;X;X;;;;;;X;;;;;X;;;;;;;;;;;;;;;;;;;;;;;;;;;;;;;;;;;;;;;;;;;;;;;;;;;;;;;;;;;;;;;;;;;;;;;;;;;;;;;X;;;;
6864027500;686-4027-500;CONTROL, LANDING GEAR;REPAIR;;;;X;X;X;X;X;;;;;;X;;;;;X;;;;;;;;;;;;;;;;;;;;;;;;;;;;;;;;;;;;;;;;;;;;;;;;;;;;;;;;;;;;;;;;;;;;;;;;;;;;;;;X;;;;
6864027600;686-4027-600;CONTROL, LANDING GEAR;REPAIR;;;;X;X;X;X;X;;;;;;X;;;;;X;;;;;;;;;;;;;;;;;;;;;;;;;;;;;;;;;;;;;;;;;;;;;;;;;;;;;;;;;;;;;;;;;;;;;;;;;;;;;;;X;;;;
6864033100;686-4033-100;WINDSCREEN WIPER CONTROL UNIT;REPAIR;;;;X;X;X;X;X;;;;;;X;;;;;X;;;;;;;;;;;;;;;;;;;;;;;;;;;;;;;;;;;;;;;;;;;;;;;;;;;;;;;;;;;;;;;;;;;;;;;;;;;;;;;X;;;;
6864034100;686-4034-100;ORANGE WARNING SYSTEM;REPAIR;;;;X;X;X;X;X;;;;;;X;;;;;X;;;;;;;;;;;;;;;;;;;;;;;;;;;;;;;;;;;;;;;;;;;;;;;;;;;;;;;;;;;;;;;;;;;;;;;;;;;;;;;X;;;;
6864035300;686-4035-300;WARNING SYSTEM, AUXILIARY;REPAIR;;;;X;X;X;X;X;;;;;;X;;;;;X;;;;;;;;;;;;;;;;;;;;;;;;;;;;;;;;;;;;;;;;;;;;;;;;;;;;;;;;;;;;;;;;;;;;;;;;;;;;;;;X;;;;
6864035400;686-4035-400;WARNING SYSTEM, AUXILIARY;REPAIR;;;;X;X;X;X;X;;;;;;X;;;;;X;;;;;;;;;;;;;;;;;;;;;;;;;;;;;;;;;;;;;;;;;;;;;;;;;;;;;;;;;;;;;;;;;;;;;;;;;;;;;;;X;;;;
6864035500;686-4035-500;WARNING SYSTEM, AUXILIARY;REPAIR;;;;X;X;X;X;X;;;;;;X;;;;;X;;;;;;;;;;;;;;;;;;;;;;;;;;;;;;;;;;;;;;;;;;;;;;;;;;;;;;;;;;;;;;;;;;;;;;;;;;;;;;;X;;;;
6864037000;686-4037-000;ALARM UNIT;REPAIR;;;;X;X;X;X;X;;;;;;X;;;;;;;;;;;;;;;;;;;;;;;;;;;;;;;;;;;;;;;;;;;;;;;;;;;;;;;;;;;;;;;;;;;;;;;;;;;;;;;;;;;;X;;;;
689460A;689460A;QUICK ATT;;INSPECTED;;;X;;;;;;;;;;;;;;;;;;;;;;;;;;;X;;;X;;;;;;;;;;;;;;;;;;;;;;;;;;;;;;;;;;;;;;;;;;;;;;;;;;;;;;;;;;;;;;;;;X;;;
68F254001;68F25400-1;NOSE GEAR DOOR ACTUATOR ASSY;OVERHAUL;;;;X;;;;;;;;;X;;;;;;;;;;;;;;;;;;X;;;;;;;;;;;X;;;;;;;;;;;;;;;;;;;;;;;;;;;;;;;;;;;;;;;;;;;;;;;;;;;;;;;;X;;;;
692525;692525;OIL PRESSURE SWITCH;OVERHAUL;;;;X;;;;;;;;;X;;;;;;;;;;;;;;;;;;;;;;;;;;;;;;;;;;;;;;;;;;;;;;;;;;;;;;;;;;;;;;;;;;;;;;;;X;;X;X;;;;;;;;;;X;;;;
69252521;692525-21;OIL PRESSURE SWITCH;OVERHAUL;;;;X;;;;;;;;;X;;;;;;;;;;;;;;;;;;;;;;;;;;;;;;;;;;;;;;;;;;;;;;;;;;;;;;;;;;;;;;;;;;;;;;;;X;;X;X;;;;;;;;;;X;;;;
6925257;692525-7;OIL PRESSURE SWITCH;OVERHAUL;;;;X;;;;;;;;;X;;;;;;;;;;;;;;;;;;;;;;;;;;;;;;;;;;;;;;;;;;;;;;;;;;;;;;;;;;;;;;;;;;;;;;;;X;;X;X;;;;;;;;;;X;;;;
6925258;692525-8;OIL PRESSURE SWITCH;OVERHAUL;;;;X;;;;;;;;;X;;;;;;;;;;;;;;;;;;;;;;;;;;;;;;;;;;;;;;;;;;;;;;;;;;;;;;;;;;;;;;;;;;;;;;;;X;;X;X;;;;;;;;;;X;;;;
6925259;692525-9;OIL PRESSURE SWITCH;OVERHAUL;;;;X;;;;;;;;;X;;;;;;;;;;;;;;;;;;;;;;;;;;;;;;;;;;;;;;;;;;;;;;;;;;;;;;;;;;;;;;;;;;;;;;;;X;;X;X;;;;;;;;;;X;;;;
693335;693335;HYDRAULIC MOTORPUMP ASSEMBLY;REPAIR;;;;X;X;X;X;X;;;;;;;;;;;;;X;;;;;X;X;X;X;X;;;;;;;;;;;;;;;;;;;;;;;;;;;;;;;;;;;;;;;;;;;;;;;;;;;;;;;;;;;;;;;;;;;;X;;;;
693337;693337;HYDRAULIC MOTORPUMP ASSEMBLY;REPAIR;;;;X;X;X;X;X;;;;;;;;;;;;;X;;;;X;X;X;X;;;;;;;;;;;;;;;;;;;;;;;;;;;;;;;;;;;;;;;;;;;;;;;;;;;;;;;;;;;;;;;;;;;;;;X;;;;
695043;695043;CYLINDER, NLG UPLOCK;OVERHAUL;;;;X;;;;;;;;;;;;;;;;;;;;;;;;;;;;;;;;;;;;;;;;;;;;;;;;;;;;;;;;;;;;;;;;;;;;;;;;;;;;;;;;;X;;X;;;;;;;;;;;X;;;;
6950431;695043-1;CYLINDER, NLG UPLOCK;OVERHAUL;;;;X;;;;;;;;;;;;;;;;;;;;;;;;;;;;;;;;;;;;;;;;;;;;;;;;;;;;;;;;;;;;;;;;;;;;;;;;;;;;;;;;;X;;X;;;;;;;;;;;X;;;;
6950433;695043-3;NOSE LANDING GEAR UPLOCK;OVERHAUL;;;;X;;;;;;;;;;;;;;;;;;;;;;;;;;;;;;;;;;;;;;;;;;;;;;;;;;;;;;;;;;;;;;;;;;;;;;;;;;;;;;;;;X;;X;;;;;;;;;;;X;;;;
69547841;69-54784-1;HYDRAULIC SWIVEL ASSEMBLY;OVERHAUL;;;;X;X;X;X;X;;;;;;;;;;;;;;;;;;;;;;;X;;;;X;X;;;;;;;;;;;;;;;;;;;;;;;;;;;;;;;;;;;;;;;;;;;;;;;;;;;;;;;;;;;;;;X;;;;
6955681;695568-1;CYLINDER, NLG STEERING;OVERHAUL;;;;X;;;;;;;;;;;;;;;;;;;;;;;;;;;;;;;;;;;;;;;;;;;;;;;;;;;;;;;;;;;;;;;;;;;;;;;;;;;;;;;;;X;;X;;;;;;;;;;;X;;;;
6955683;695568-3;CYLINDER, NLG SIRG;OVERHAUL;;;;X;;;;;;;;;;;;;;;;;;;;;;;;;;;;;;;;;;;;;;;;;;;;;;;;;;;;;;;;;;;;;;;;;;;;;;;;;;;;;;;;;X;;X;;;;;;;;;;;X;;;;
6955685;695568-5;ENSEMBLE DE CYLINDRE-TRAIN AVANT, SIRG;OVERHAUL;;;;X;;;;;;;;;;;;;;;;;;;;;;;;;;;;;;;;;;;;;;;;;;;;;;;;;;;;;;;;;;;;;;;;;;;;;;;;;;;;;;;;;X;;X;;;;;;;;;;;X;;;;
69582;6958-2;EMERGENCY EGRESS LIGHTING POWER SUPPLY;REPAIR;;;;X;X;X;X;X;;;;;;X;;;;;;;;;;;;;;;;;;;;;;;;;;;;;;;;;;;;;;;;;;;;;;;;;;;;;;;;;;;;;;;;;;;;;;;;;;;;;;;;;;;;X;;;;
69589;6958-9;EMERGENCY EGRESS LIGHTING POWER SUPPLY;REPAIR;;;;X;X;X;X;X;;;;;;X;;;;;;;;;;;;;;;;;;;;;;;;;;;;;;;;;;;;;;;;;;;;;;;;;;;;;;;;;;;;;;;;;;;;;;;;;;;;;;;;;;;;X;;;;
69698822;69-69882-2;HYDRAULIC SWIVEL ASSEMBLY;OVERHAUL;;;;X;X;X;X;X;;;;;;;;;;;;;;;;;;;;;;;X;;;;X;X;;;;;;;;;;;;;;;;;;;;;;;;;;;;;;;;;;;;;;;;;;;;;;;;;;;;;;;;;;;;;;X;;;;
69698823;69-69882-3;HYDRAULIC SWIVEL ASSEMBLY;OVERHAUL;;;;X;X;X;X;X;;;;;;;;;;;;;;;;;;;;;;;X;;;;X;X;;;;;;;;;;;;;;;;;;;;;;;;;;;;;;;;;;;;;;;;;;;;;;;;;;;;;;;;;;;;;;X;;;;
69698824;69-69882-4;HYDRAULIC SWIVEL ASSEMBLY;OVERHAUL;;;;X;X;X;X;X;;;;;;;;;;;;;;;;;;;;;;;X;;;;X;X;;;;;;;;;;;;;;;;;;;;;;;;;;;;;;;;;;;;;;;;;;;;;;;;;;;;;;;;;;;;;;X;;;;
69698825;69-69882-5;HYDRAULIC SWIVEL ASSEMBLY;OVERHAUL;;;;X;X;X;X;X;;;;;;;;;;;;;;;;;;;;;;;X;;;;X;X;;;;;;;;;;;;;;;;;;;;;;;;;;;;;;;;;;;;;;;;;;;;;;;;;;;;;;;;;;;;;;X;;;;
69698826;69-69882-6;HYDRAULIC SWIVEL ASSEMBLY;OVERHAUL;;;;X;X;X;X;X;;;;;;;;;;;;;;;;;;;;;;;X;;;;X;X;;;;;;;;;;;;;;;;;;;;;;;;;;;;;;;;;;;;;;;;;;;;;;;;;;;;;;;;;;;;;;X;;;;
697902E;697902E;PRESSURE SWITCH ASSY;;INSPECTED;;;X;;;;;;;;;;;;;;;;;;;;;;;;;;;X;;;X;;;;;;;;;;;;;;;;;;;;;;;;;;;;;;;;;;;;;;;;;;;;;;;;;;;;;;;;;;;;;;;;;X;;;
699394B;699394B;EXTERNAL MODULE;;INSPECTED;;;X;;;;;;;;;;;;;;;;;;;;;;;;;;;X;;;X;;;;;;;;;;;;;;;;;;;;;;;;;;;;;;;;;;;;;;;;;;;;;;;;;;;;;;;;;;;;;;;;;X;;;
69B803581;69B80358-1;ACTUATOR, DOWNLOCK WING LANDING GEAR;OVERHAUL;;;;X;X;X;X;X;;;;;;;;;;;;;;;;;;;;;;;X;;;;;X;;;;;;;;;;;;;;;;;;;;;;;;;;;;;;;;;;;;;;;;;;;;;;;;;;;;;;;;;;;;;;X;;;;
69B8035810;69B80358-10;BODY LANDING GEAR DOWNLOCK ACTUATOR;OVERHAUL;;;;X;X;X;X;X;;;;;;;;;;;;;;;;;;;;;;;X;;;;;X;;;;;;;;;;;;;;;;;;;;;;;;;;;;;;;;;;;;;;;;;;;;;;;;;;;;;;;;;;;;;;X;;;;
69B8035811;69B80358-11;ACTUATOR, DOWNLOCK WING LANDING GEAR;OVERHAUL;;;;X;X;X;X;X;;;;;;;;;;;;;;;;;;;;;;;X;;;;;X;;;;;;;;;;;;;;;;;;;;;;;;;;;;;;;;;;;;;;;;;;;;;;;;;;;;;;;;;;;;;;X;;;;
69B8035812;69B80358-12;ACTUATOR, DOWNLOCK WING LANDING GEAR;OVERHAUL;;;;X;X;X;X;X;;;;;;;;;;;;;;;;;;;;;;;X;;;;;X;;;;;;;;;;;;;;;;;;;;;;;;;;;;;;;;;;;;;;;;;;;;;;;;;;;;;;;;;;;;;;X;;;;
69B8035813;69B80358-13;BODY LANDING GEAR DOWNLOCK ACTUATOR;OVERHAUL;;;;X;X;X;X;X;;;;;;;;;;;;;;;;;;;;;;;X;;;;;X;;;;;;;;;;;;;;;;;;;;;;;;;;;;;;;;;;;;;;;;;;;;;;;;;;;;;;;;;;;;;;X;;;;
69B8035815;69B80358-15;ACTUATOR, DOWNLOCK WING LANDING GEAR;OVERHAUL;;;;X;X;X;X;X;;;;;;;;;;;;;;;;;;;;;;;X;;;;;X;;;;;;;;;;;;;;;;;;;;;;;;;;;;;;;;;;;;;;;;;;;;;;;;;;;;;;;;;;;;;;X;;;;
69B8035816;69B80358-16;ACTUATOR, DOWNLOCK WING LANDING GEAR;OVERHAUL;;;;X;X;X;X;X;;;;;;;;;;;;;;;;;;;;;;;X;;;;;X;;;;;;;;;;;;;;;;;;;;;;;;;;;;;;;;;;;;;;;;;;;;;;;;;;;;;;;;;;;;;;X;;;;
69B8035817;69B80358-17;BODY LANDING GEAR DOWNLOCK ACTUATOR;OVERHAUL;;;;X;X;X;X;X;;;;;;;;;;;;;;;;;;;;;;;X;;;;;X;;;;;;;;;;;;;;;;;;;;;;;;;;;;;;;;;;;;;;;;;;;;;;;;;;;;;;;;;;;;;;X;;;;
69B8035818;69B80358-18;ACTUATOR, DOWNLOCK WING LANDING GEAR;OVERHAUL;;;;X;X;X;X;X;;;;;;;;;;;;;;;;;;;;;;;X;;;;;X;;;;;;;;;;;;;;;;;;;;;;;;;;;;;;;;;;;;;;;;;;;;;;;;;;;;;;;;;;;;;;X;;;;
69B8035819;69B80358-19;ACTUATOR, DOWNLOCK WING LANDING GEAR;OVERHAUL;;;;X;X;X;X;X;;;;;;;;;;;;;;;;;;;;;;;X;;;;;X;;;;;;;;;;;;;;;;;;;;;;;;;;;;;;;;;;;;;;;;;;;;;;;;;;;;;;;;;;;;;;X;;;;
69B803582;69B80358-2;BODY LANDING GEAR DOWNLOCK ACTUATOR;OVERHAUL;;;;X;X;X;X;X;;;;;;;;;;;;;;;;;;;;;;;X;;;;;X;;;;;;;;;;;;;;;;;;;;;;;;;;;;;;;;;;;;;;;;;;;;;;;;;;;;;;;;;;;;;;X;;;;
69B8035820;69B80358-20;BODY LANDING GEAR DOWNLOCK ACTUATOR;OVERHAUL;;;;X;X;X;X;X;;;;;;;;;;;;;;;;;;;;;;;X;;;;;X;;;;;;;;;;;;;;;;;;;;;;;;;;;;;;;;;;;;;;;;;;;;;;;;;;;;;;;;;;;;;;X;;;;
69B8035821;69B80358-21;ACTUATOR, DOWNLOCK WING LANDING GEAR;OVERHAUL;;;;X;X;X;X;X;;;;;;;;;;;;;;;;;;;;;;;X;;;;;X;;;;;;;;;;;;;;;;;;;;;;;;;;;;;;;;;;;;;;;;;;;;;;;;;;;;;;;;;;;;;;X;;;;
69B8035822;69B80358-22;ACTUATOR, DOWNLOCK WING LANDING GEAR;OVERHAUL;;;;X;X;X;X;X;;;;;;;;;;;;;;;;;;;;;;;X;;;;;X;;;;;;;;;;;;;;;;;;;;;;;;;;;;;;;;;;;;;;;;;;;;;;;;;;;;;;;;;;;;;;X;;;;
69B8035823;69B80358-23;BODY LANDING GEAR DOWNLOCK ACTUATOR;OVERHAUL;;;;X;X;X;X;X;;;;;;;;;;;;;;;;;;;;;;;X;;;;;X;;;;;;;;;;;;;;;;;;;;;;;;;;;;;;;;;;;;;;;;;;;;;;;;;;;;;;;;;;;;;;X;;;;
69B8035824;69B80358-24;ACTUATOR, DOWNLOCK WING LANDING GEAR;OVERHAUL;;;;X;X;X;X;X;;;;;;;;;;;;;;;;;;;;;;;X;;;;;X;;;;;;;;;;;;;;;;;;;;;;;;;;;;;;;;;;;;;;;;;;;;;;;;;;;;;;;;;;;;;;X;;;;
69B8035826;69B80358-26;BODY LANDING GEAR DOWNLOCK ACTUATOR;OVERHAUL;;;;X;X;X;X;X;;;;;;;;;;;;;;;;;;;;;;;X;;;;;X;;;;;;;;;;;;;;;;;;;;;;;;;;;;;;;;;;;;;;;;;;;;;;;;;;;;;;;;;;;;;;X;;;;
69B8035827;69B80358-27;ACTUATOR, DOWNLOCK WING LANDING GEAR;OVERHAUL;;;;X;X;X;X;X;;;;;;;;;;;;;;;;;;;;;;;X;;;;;X;;;;;;;;;;;;;;;;;;;;;;;;;;;;;;;;;;;;;;;;;;;;;;;;;;;;;;;;;;;;;;X;;;;
69B8035828;69B80358-28;ACTUATOR, DOWNLOCK WING LANDING GEAR;OVERHAUL;;;;X;X;X;X;X;;;;;;;;;;;;;;;;;;;;;;;X;;;;;X;;;;;;;;;;;;;;;;;;;;;;;;;;;;;;;;;;;;;;;;;;;;;;;;;;;;;;;;;;;;;;X;;;;
69B8035829;69B80358-29;BODY LANDING GEAR DOWNLOCK ACTUATOR;OVERHAUL;;;;X;X;X;X;X;;;;;;;;;;;;;;;;;;;;;;;X;;;;;X;;;;;;;;;;;;;;;;;;;;;;;;;;;;;;;;;;;;;;;;;;;;;;;;;;;;;;;;;;;;;;X;;;;
69B803583;69B80358-3;ACTUATOR, DOWNLOCK WING LANDING GEAR;OVERHAUL;;;;X;X;X;X;X;;;;;;;;;;;;;;;;;;;;;;;X;;;;;X;;;;;;;;;;;;;;;;;;;;;;;;;;;;;;;;;;;;;;;;;;;;;;;;;;;;;;;;;;;;;;X;;;;
69B8035830;69B80358-30;BODY LANDING GEAR DOWNLOCK ACTUATOR;OVERHAUL;;;;X;X;X;X;X;;;;;;;;;;;;;;;;;;;;;;;X;;;;;X;;;;;;;;;;;;;;;;;;;;;;;;;;;;;;;;;;;;;;;;;;;;;;;;;;;;;;;;;;;;;;X;;;;
69B8035831;69B80358-31;ACTUATOR, DOWNLOCK WING LANDING GEAR;OVERHAUL;;;;X;X;X;X;X;;;;;;;;;;;;;;;;;;;;;;;X;;;;;X;;;;;;;;;;;;;;;;;;;;;;;;;;;;;;;;;;;;;;;;;;;;;;;;;;;;;;;;;;;;;;X;;;;
69B8035832;69B80358-32;ACTUATOR, DOWNLOCK WING LANDING GEAR;OVERHAUL;;;;X;X;X;X;X;;;;;;;;;;;;;;;;;;;;;;;X;;;;;X;;;;;;;;;;;;;;;;;;;;;;;;;;;;;;;;;;;;;;;;;;;;;;;;;;;;;;;;;;;;;;X;;;;
69B803584;69B80358-4;ACTUATOR, DOWNLOCK WING LANDING GEAR;OVERHAUL;;;;X;X;X;X;X;;;;;;;;;;;;;;;;;;;;;;;X;;;;;X;;;;;;;;;;;;;;;;;;;;;;;;;;;;;;;;;;;;;;;;;;;;;;;;;;;;;;;;;;;;;;X;;;;
69B803585;69B80358-5;ACTUATOR, DOWNLOCK WING LANDING GEAR;OVERHAUL;;;;X;X;X;X;X;;;;;;;;;;;;;;;;;;;;;;;X;;;;;X;;;;;;;;;;;;;;;;;;;;;;;;;;;;;;;;;;;;;;;;;;;;;;;;;;;;;;;;;;;;;;X;;;;
69B803586;69B80358-6;ACTUATOR, DOWNLOCK WING LANDING GEAR;OVERHAUL;;;;X;X;X;X;X;;;;;;;;;;;;;;;;;;;;;;;X;;;;;X;;;;;;;;;;;;;;;;;;;;;;;;;;;;;;;;;;;;;;;;;;;;;;;;;;;;;;;;;;;;;;X;;;;
69B803587;69B80358-7;BODY LANDING GEAR DOWNLOCK ACTUATOR;OVERHAUL;;;;X;X;X;X;X;;;;;;;;;;;;;;;;;;;;;;;X;;;;;X;;;;;;;;;;;;;;;;;;;;;;;;;;;;;;;;;;;;;;;;;;;;;;;;;;;;;;;;;;;;;;X;;;;
69B803588;69B80358-8;ACTUATOR, DOWNLOCK WING LANDING GEAR;OVERHAUL;;;;X;X;X;X;X;;;;;;;;;;;;;;;;;;;;;;;X;;;;;X;;;;;;;;;;;;;;;;;;;;;;;;;;;;;;;;;;;;;;;;;;;;;;;;;;;;;;;;;;;;;;X;;;;
69B803589;69B80358-9;ACTUATOR, DOWNLOCK WING LANDING GEAR;OVERHAUL;;;;X;X;X;X;X;;;;;;;;;;;;;;;;;;;;;;;X;;;;;X;;;;;;;;;;;;;;;;;;;;;;;;;;;;;;;;;;;;;;;;;;;;;;;;;;;;;;;;;;;;;;X;;;;
7000700942;7000700-942;AIR DATA COMPUTER;;REPAIR;Repair/Inspection/Modification;DNR & SIN;X;X;;X;;;;;;;;;;;;;;;;;;;;;;;;;;;;;;;;;;;;X;;;;X;;;;;;;;;;;;;;;;;;;;;;;;;;;;;;;;;;;;;;;;;;;;;;;;;;;;X;X;;
7000700951;7000700-951;AIR DATA COMPUTER;;REPAIR;Repair/Inspection/Modification;DNR & SIN;X;X;X;X;X;;;;;;;;;;;;;;;;;;;;;;;;;;;;;;;;;;;X;X;;;;;;;;;;;;;;;;;;;;;;;;;;;;;;;;;;;;;;;;;;;;;;;;;;;;;;;X;X;;
7000700959;7000700-959;AIR DATA COMPUTER;;REPAIR;Repair/Inspection/Modification;DNR & SIN;X;X;X;X;X;;;;;;;;;;;;;;;;;;;;;;;;;;;;;;;;;;;X;X;;;;;;;;;;;;;;;;;;;;;;;;;;;;;;;;;;;;;;;;;;;;;;;;;;;;;;;X;X;;
7000700961;7000700-961;AIR DATA COMPUTER;;REPAIR;Repair/Inspection/Modification;DNR & SIN;X;X;X;X;X;;;;;;;;;;;;;;;;;;;;;;;;;;;;;;;;;;; ; ;;;;;;;;;;;;;;;;;;;;;;;;;;;;X;;X; ; ;;;;;;;;;;;;;;;;;;;;;;;X;X;;
7000700976;7000700-976;AIR DATA COMPUTER;;REPAIR;;DNR;X;X; ;X;;;;;;;;;;;;;;;;;;;;;;;;;;;;;;;;;;;; ; ;;;;;;;;;;;;;;;;;;;;;;;;;;;;X;;X; ; ;;;;;;;;;;;;;;;;;;;;;;;X;;;
7002638907;7002638-907;INDICATOR TAS TEMP;;REPAIR;;DNR;X;X;X;X;X;;;;;;;;;;;;;;;;;;;;;;;;;;;;;;;;;;;X;X;;;;;;;;;;;;;;;;;;;;;;;;;;;;;;;;;;;;;;;;;;;;;;;;;;;;;;;X;;;
7002860909;7002860-909;AIRSPEED INDICATOR;;OVERHAUL;;DNR;X;X;X;X;X;;;;;;;;;;;;;;;;;;;;;;;;;;;;;;;;;;;X;;;;;;;;;;;;;;;;;;;;;;;;;;;;;X;;X;;;;;;;;;;;X;;;;;;;;;;;;;;X;;;
7003110901;7003110-901;ED-800 ELECTRONIC DISPLAY;;REPAIR;Repair/Inspection/Modification;DNR;X;X;X;X;X;;;;;;;;;;;;;;;;;;;;;;;;;;;;;;;;;;;X;X;;;;;;;;;;;;;;;;;;;;;;;;;;;;X;;X;;;;;;;;;;;;;;;;;;;;;;;;;X;X;;
7003110902;7003110-902;ED-800 ELECTRONIC DISPLAY;;REPAIR;Repair/Inspection/Modification;DNR;X;X; ;X;;;;;;;;;;;;;;;;;;;;;;;;;;;;;;;;;;;;X;X;;;;;;;;;;;;;;;;;;;;;;;;;;;;;;;;;;;;;;;;;;;;;;;;;;;;;;;X;X;;
7003110911;7003110-911;ED-800 ELECTRONIC DISPLAY;;;Repair/Inspection/Modification;;;X;;;;;X;X;X;X;;;;;;;;;;;;;;;;;;;;;;;;;;;;;;;;;;;;X;X;X;X;X;;;;;;;;;;;;;;;;;;;;;;;;;;;;;;;;;;;;;;;;;;;;;;;;;
7003110912;7003110-912;ED-800 ELECTRONIC DISPLAY;;REPAIR;Repair/Inspection/Modification;DNR;X;X;X;X;X;;;;;;;;;;;;;;;;;;;;;;;;;;;;;;;;;;;X;X;;;;;;;;;;;;;;;;;;;;;;;;;;;;;;;;;;;;;;;;;;;;;;;;;;;;;;;X;X;;
7003110921;7003110-921;ED-800 ELECTRONIC DISPLAY;;REPAIR;Repair/Inspection/Modification;DNR;X;X;;X;;;;;;;;;;;;;;;;;;;;;;;;;;;;;;;;;;;;X;X;;;;;;;;;;;;;;;;;;;;;;;;;;;;;;;;;;;;;;;;;;X;;;;;;;;;;;;;X;X;;
7003110922;7003110-922;ED-800 ELECTRONIC DISPLAY;;;Repair/Inspection/Modification;;;X;;;;;X;X;X;X;;;;;;;;;;;;;;;;;;;;;;;;;;;;;;;;;;;;X;X;X;X;X;;;;;;;;;;;;;;;;;;;;;;;;;;;;;;;;;;;;;;;;;;;;;;;;;
7003110931;7003110-931;ED-800 ELECTRONIC DISPLAY;;;Repair/Inspection/Modification;;;X;;;;;X;X;X;X;;;;;;;;;;;;;;;;;;;;;;;;;;;;;;;;;;;;X;X;X;X;X;;;;;;;;;;;;;;;;;;;;;;;;;;;;;;;;;;;;;;;;;;;;;;;;;
7003110932;7003110-932;ED-800 ELECTRONIC DISPLAY;;REPAIR;Repair/Inspection/Modification;DNR;X;;;;;;;;;;;;;;;;;;;;;;;;;;;;;;;;;;;;;;;X;X;;;;;;;;;;;;;;;;;;;;;;;;;;;;;;;;;;;;;;;;;;;;;;;;;;;;;;;X;X;;
7003110941;7003110-941;ED-800 ELECTRONIC DISPLAY;;;Repair/Inspection/Modification;;;X;;;;;X;X;X;X;;;;;;;;;;;;;;;;;;;;;;;;;;;;;;;;;;;;X;X;X;X;X;;;;;;;;;;;;;;;;;;;;;;;;;;;;;;;;;;;;;;;;;;;;;;;;;
7003110942;7003110-942;ED-800 ELECTRONIC DISPLAY;;;Repair/Inspection/Modification;;;X;;;;;X;X;X;X;;;;;;;;;;;;;;;;;;;;;;;;;;;;;;;;;;;;X;X;X;X;X;;;;;;;;;;;;;;;;;;;;;;;;;;;;;;;;;;;;;;;;;;;;;;;;;
7003110950;7003110-950;ED-800 ELECTRONIC DISPLAY;;;Repair/Inspection/Modification;;;X;;;;;X;X;X;X;;;;;;;;;;;;;;;;;;;;;;;;;;;;;;;;;;;;X;X;X;X;X;;;;;;;;;;;;;;;;;;;;;;;;;;;;;;;;;;;;;;;;;;;;;;;;;
7003131902;7003131-902;VIDEO DRIVER CCA;;REPAIR;;DNR;X;X;;X;;;;;;;;;;;;;;;;;;;;;;;;;;;;;;;;;;;; ; ;;;;; ;;;;;;;;;;;;;;;;;;;;;;;X;;X;;;;;;;;;;;;;;;;;;;;;;;;;X;;;
7003360931;7003360-931;A.H.R.U.;;REPAIR;Repair/Inspection/Modification;DNR & SIN;X;X;X;X;X;;;;;;;;;;;;;;;;;;;;;;;;;;;;;;;;;;;X;X;;;;;;;;;;;;;;;;;;;;;;;;;;;;;;;;;;;;;;;;;;;;;;;;;;;;;;;X;X;;
7003360932;7003360-932;A.H.R.U.;;REPAIR;Repair/Inspection/Modification;DNR & SIN;X;X;X;X;X;;;;;;;;;;;;;;;;;;;;;;;;;;;;;;;;;;;X;X;;;;;;;;;;;;;;;;;;;;;;;;;;;;;;;;;;;;;;;;;;X;;;;;;;;;;;;;X;X;;
7003360933;7003360-933;A.H.R.U.;;REPAIR;Repair/Inspection/Modification;DNR & SIN;X;X;X;X;X;;;;;;;;;;;;;;;;;;;;;;;;;;;;;;;;;;;X;X;;;;;;;;;;;;;;;;;;;;;;;;;;;;;;;;;;;;;;;;;;;;;;;;;;;;;;;X;X;;
7003360934;7003360-934;A.H.R.U.;;REPAIR;Repair/Inspection/Modification;DNR & SIN;X;X;X;X;X;;;;;;;;;;;;;;;;;;;;;;;;;;;;;;;;;;;X;X;;;;;;;;;;;;;;;;;;;;;;;;;;;;;;;;;;;;;;;;;;;;;;;;;;;;;;;X;X;;
7003360935;7003360-935;A.H.R.U.;;REPAIR;Repair/Inspection/Modification;DNR & SIN;X;X;X;X;X;;;;;;;;;;;;;;;;;;;;;;;;;;;;;;;;;;;X;X;;;;;;;;;;;;;;;;;;;;;;;;;;;;;;;;;;;;;;;;;;;;;;;;;;;;;;;X;X;;
7003360936;7003360-936;A.H.R.U.;;REPAIR;Repair/Inspection/Modification;DNR & SIN;X;X;X;X;X;;;;;;;;;;;;;;;;;;;;;;;;;;;;;;;;;;;X;X;;;;;;;;;;;;;;;;;;;;;;;;;;;;;;;;;;;;;;;;;;;;;;;;;;;;;;;X;X;;
7003360940;7003360-940;A.H.R.U.;;REPAIR;Repair/Inspection/Modification;DNR & SIN;X;X;X;X;X;;;;;;;;;;;;;;;;;;;;;;;;;;;;;;;;;;;X;X;;;;;;;;;;;;;;;;;;;;;;;;;;;;;;;;;;;;;;;;;;;;;;;;;;;;;;;X;X;;
7003360941;7003360-941;A.H.R.U.;;REPAIR;Repair/Inspection/Modification;DNR & SIN;X;X;X;X;X;;;;;;;;;;;;;;;;;;;;;;;;;;;;;;;;;;;X;X;;;;;;;;;;;;;;;;;;;;;;;;;;;;X;;X;;;;;;;;;;;;;;;;;;;;;;;;;X;X;;
7003360943;7003360-943;A.H.R.U.;;REPAIR;Repair/Inspection/Modification;DNR & SIN;X;X;X;X;X;;;;;;;;;;;;;;;;;;;;;;;;;;;;;;;;;;;X;X;;;;;;;;;;;;;;;;;;;;;;;;;;;;;;;;;;;;;;;;;;;;;;;;;;;;;;;X;X;;
7003360944;7003360-944;A.H.R.U.;;REPAIR;Repair/Inspection/Modification;DNR & SIN;X;X;X;X;X;;;;;;;;;;;;;;;;;;;;;;;;;;;;;;;;;;;X;X;;;;;;;;;;;;;;;;;;;;;;;;;;;;;;;;;;;;;;;;;;;;;;;;;;;;;;;X;X;;
7003360946;7003360-946;A.H.R.U.;;REPAIR;Repair/Inspection/Modification;DNR & SIN;X;X;X;X;X;;;;;;;;;;;;;;;;;;;;;;;;;;;;;;;;;;;X;X;;;;;;;;;;;;;;;;;;;;;;;;;;;;;;;;;;;;;;;;;;;;;;;;;;;;;;;X;X;;
7003360947;7003360-947;A.H.R.U.;;REPAIR;Repair/Inspection/Modification;DNR & SIN;X;X;X;X;X;;;;;;;;;;;;;;;;;;;;;;;;;;;;;;;;;;;X;;;;;;;;;;;;;;;;;;;;;;;;;;;;;;;;;;X;;;;;;;;X;;;;;;;;;;;;;;X;X;;
7003360948;7003360-948;A.H.R.U.;;;Repair/Inspection/Modification;SIN;;X;;;;;X;X;X;X;;;;;;;;;;;;;;;;;;;;;;;;;;;;;;;;;;;;X;X;X;X;X;;;;;;;;;;;;;;;;;;;;;;;;;;;;;;;;;;;;;;;;;;;;;;;;;
7003360949;7003360-949;A.H.R.U.;;REPAIR;Repair/Inspection/Modification;DNR & SIN;X;X;X;X;X;;;;;;;;;;;;;;;;;;;;;;;;;;;;;;;;;;;;;;;;;;;;;;;;;;;;;;;;;;;;;;;;;;;;;;;;;;;;;X;;;;;;;;;;;;;;X;X;;
7003360950;7003360-950;A.H.R.U.;;REPAIR;Repair/Inspection/Modification;DNR & SIN;X;X;X;X;X;;;;;;;;;;;;;;;;;;;;;;;;;;;;;;;;;;;;;;;;;;;;;;;;;;;;;;;;;;;;;;;;;;;;;;;;;;;;;X;;;;;;;;;;;;;;X;X;;
7003430901;7003430-901;ED-600 ELECTRONIC DISPLAY;;REPAIR;;DNR;X;X;;X;;;;;;X;;;;;;;;;;;;;;;;;;;;;;;;;;;;;;;;;;;;;;;;;;;;;;;;;;;;;;;;;;;;;;;;X;;;;;;;;X;;;;;;;;;;;;;;X;;;
7003430902;7003430-902;ED-600 ELECTRONIC DISPLAY;;REPAIR;;DNR;X;X;X;X;;;;;;X;;;;;;;;;;;;;;;;;;;;;;;;;;;;;;X;X;;;;;;;;;;;;;;;;;;;;;;;;;;;;;;;;;;;;;;;;;;;;;;;;;;;;;;;X;;;
7003652602;7003652-602;DISPLAY ADVISORY UNIT;;REPAIR;Repair/Inspection/Modification;DNR & SIN;X;X;X;X;X;;;;;;;;;;;;;;;;;;;;;;;;;;;;;;;;;;;X;;;;;;;;;;;;;;;;;;;;;;;;;;;;;X;;X;;;;;;;;;;;X;;;;;;;;;;;;;;X;X;;
7003652611;7003652-611;PANEL ADVISORY DISPLAY;;REPAIR;Repair/Inspection/Modification;DNR & SIN;X;X;;X;X;;;;;;;;;;;;;;;;;;;;;;;;;;;;;;;;;;;X;X;;;;;;;;;;;;;;;;;;;;;;;;;;;;X;;X;;;;;;;;;;;;;;;;;;;;;;;;;X;X;;
7003652902;7003652-902;ADVISORY DISPLAY UNIT;;REPAIR;Repair/Inspection/Modification;DNR & SIN;X;X;X;X;X;;;;;;;;;;;;;;;;;;;;;;;;;;;;;;;;;;;X;X;;;;;;;;;;;;;;;;;;;;;;;;;;;;;;;;;;;;;;;;;;;;;;;;;;;;;;;X;X;;
7003974603;7003974-603;FLIGHT GUIDANCE COMPUTER;;;Repair/Inspection/Modification;SIN;;X;;;;;X;X;X;X;;;;;;;;;;;;;;;;;;;;;;;;;;;;;;;;;;;;X;X;X;X;X;;;;;;;;;;;;;;;;;;;;;;;;;;;;;;;;;;;;;;;;;;;;;;;;;
7003974604;7003974-604;FLIGHT GUIDANCE COMPUTER;;;Repair/Inspection/Modification;SIN;;X;;;;;X;X;X;X;;;;;;;;;;;;;;;;;;;;;;;;;;;;;;;;;;;;X;X;X;X;X;;;;;;;;;;;;;;;;;;;;;;;;;;;;;;;;;;;;;;;;;;;;;;;;;
7003974605;7003974-605;COMPUTER AFCS;;REPAIR;Repair/Inspection/Modification;DNR & SIN;X;X;X;X;X;;;;;;;;;;;;;;;;;;;;;;;;;;;;;;;;;;;X;;;;X;;;;;;;;;;;;;;;;;;;;;;;;;;;;;;;;;;;;;;;;;;;;;;;;;;;;X;X;;
7003974606;7003974-606;FLIGHT GUIDANCE COMPUTER;;REPAIR;Repair/Inspection/Modification;DNR & SIN;X;X;X;X;X;;;;;;;;;;;;;;;;;;;;;;;;;;;;;;;;;;;X;X;;;;;;;;;;;;;;;;;;;;;;;;;;;;;;;;;;;;;;;;;;;;;;;;;;;;;;;X;X;;
7003974607;7003974-607;FLIGHT GUIDANCE COMPUTER;;REPAIR;Repair/Inspection/Modification;DNR & SIN;X;X;;X;X;;;;;;;;;;;;;;;;;;;;;;;;;;;;;;;;;;;X;X;;;;;;;;;;;;;;;;;;;;;;;;;;;;;;;;;;;;;;;;;;;;;;;;;;;;;;;X;X;;
7003974608;7003974-608;FLIGHT GUIDANCE COMPUTER;;REPAIR;Repair/Inspection/Modification;DNR & SIN;X;X;;X;X;;;;;;;;;;;;;;;;;;;;;;;;;;;;;;;;;;;X; ;;;X;;;;;;;;;;;;;;;;;;;;;;;;;;;;;;;;;;;;;;;;;;;;;;;;;;;;X;X;;
7003974609;7003974-609;FLIGHT GUIDANCE COMPUTER;;REPAIR;Repair/Inspection/Modification;DNR & SIN;X;X;X;X;X;;;;;;;;;;;;;;;;;;;;;;;;;;;;;;;;;;;X;X;;;;;;;;;;;;;;;;;;;;;;;;;;;;;;;;;;;;;;;;;;;;;;;;;;;;;;;X;X;;
7003975602;7003975-602;FLIGHT GUIDANCE CONTROLLER;;REPAIR;Repair/Inspection/Modification;DNR & SIN;X;X;X;X;X;;;;;;;;;;;;;;;;;;;;;;;;;;;;;;;;;;;X;X;;;;;;;;;;;;;;;;;;;;;;;;;;;;;;;;;;;;;;;;;;;;;;;;;;;;;;;X;X;;
7004544412;7004544-412;SYMBOL GENERATOR UNIT;;REPAIR;Repair/Inspection/Modification;DNR & SIN;X;X;;X;X;;;;;;;;;;;;;;;;;;;;;;;;;;;;;;;;;;;X;X;;;;;;;;;;;;;;;;;;;;;;;;;;;;;;;;;;;;;;;;;;;;;;;;;;;;;;;X;X;;
7004544712;7004544-712;SYMBOL GENERATOR UNIT;;REPAIR;Repair/Inspection/Modification;DNR & SIN;X;X;;;X;;;;;;;;;;;;;;;;;;;;;;;;;;;;;;;;;;;X;;;;X;;;;;;;;;;;;;;;;;;;;;;;;;;;;;;;;;;;;;;;;;;;;;;;;;;;;X;X;;
7004544713;7004544-713;SYMBOL GENERATOR;;BENCH TEST;Repair/Inspection/Modification;DNR & SIN;X;X;X;X;X;;;;;;;;;;;;;;;;;;;;;;;;;;;;;;;;;;;X;;;;X;;;;;;;;;;;;;;;;;;;;;;;;;;;;;;;;;;;;;;;;;;;;;;;;;;;;X;X;;
7004544714;7004544-714;SYMBOL GENERATOR;;REPAIR;Repair/Inspection/Modification;SIN;X;X;X;X;X;;;;;;;;;;;;;;;;;;;;;;;;;;;;;;;;;;;X;X;;;;;;;;;;;;;;;;;;;;;;;;;;;;;;;;;;;;;;;;;;;;;;;;;;;;;;;X;X;;
7004544715;7004544-715;SYMBOL GENERATOR UNIT;;;Repair/Inspection/Modification;SIN;;X;;;;;X;X;X;X;;;;;;;;;;;;;;;;;;;;;;;;;;;;;;;;;;;;X;X;X;X;X;;;;;;;;;;;;;;;;;;;;;;;;;;;;;;;;;;;;;;;;;;;;;;;;;
7005819202;7005819-202;DISPLAY CONTROLLER;;MODIFICATION ONLY;Repair/Inspection/Modification;DNR & SIN;X;X;X;X;;;;;;;;;;;;;;;;;;;;;;;;;;;;;;;;;;;;X;;;;X;;;;;;;;;;;;;;;;;;;;;;;;;;;;;;;;;;;;;;;;;;;;;;;;;;;;X;X;;
7005819506;7005819-506;CTRL PANEL EFIS;;REPAIR;Repair/Inspection/Modification;DNR & SIN;X;X;X;X;X;;;;;;;;;;;;;;;;;;;;;;;;;;;;;;;;;;;X;X;;;;;;;;;;;;;;;;;;;;;;;;;;;;;;;;;;;;;;;;;;;;;;;;;;;;;;;X;X;;
7005973912;7005973-912;HEADING COURSE CONTROLLER;;REPAIR;Repair/Inspection/Modification;DNR & SIN;X;X;;X;X;;;;;;;;;;;;;;;;;;;;;;;;;;;;;;;;;;;X;X;;;;;;;;;;;;;;;;;;;;;;;;;;;;;;;;;;;;;;;;;;;;;;;;;;;;;;;X;X;;
7005973914;7005973-914;HEADING COURSE CONTROLLER;;REPAIR;Repair/Inspection/Modification;DNR & SIN;X;X;;X;X;;;;;;;;;;;;;;;;;;;;;;;;;;;;;;;;;;;X;;;;;;;;;;;;;;;;;;;;;;;;;;;;;;;;;;;;;;;;;;X;;;;;;;;;;;;;;X;X;;
7006921302;7006921-302;WEATHER RADAR CONTROLLER;;REPAIR;;DNR;X;X;;X;X;;;;;;;;;;;;;;;;;;;;;;;;;;;;;;;;;;;;;;;;;X;;;;X;X;;;;;;;;;;;;;;;;;;;;;;;;;;;;;;;;;;;;;;;;;;;;;X;;;
7008471407;7008471-407;WEATHER RADAR CONTROLLER;;REPAIR;;DNR;X;X;X;X;X;;;;;;;;;;;;;;;;;;;;;;;;;;;;;;;;;;;;;;;;;X;;;;X;X;;;;;;;;;;;;;;;;;;;;;;;;;;;;;;;;;;;;;;;;;;;;;X;;;
7008471418;7008471-418;WEATHER RADAR CONTROLLER;;REPAIR;;;X;X;X;X;X;;;;;X;;;;;;;;;;;;;;;;;;X;;;;;;;;;;;X;;;;;;;;;;;;;;;;;;;;;;;;;;;;;;;;;;;;;;;;;;;;;;;;;;;;;;;;;X;;;
7008471667;7008471-667;WEATHER RADAR CONTROLLER;;REPAIR;;DNR;X;X;X;X;;;;;;;;;;;;;;;;;;;;;;;;;;;;;;;;;;;;X;X;;;;;X;;;;X;X;;;;;;;;;;;;;;;;;;;;;;;;;;;;;;;;;;;;;;;;;;;;;X;;;
7008471668;7008471-668;WEATHER RADAR CONTROLLER;;REPAIR;;DNR;X;X;X;X;X;;;;;;;;;;;;;;;;;;;;;;;;;;;;;;;;;;;X;X;;;;; ;;;;; ;;;;;;;;;;;;;;;;;;;;;;;;;;;;;;;;;;;;;;;;;;;;;X;;;
7008471677;7008471-677;WEATHER RADAR CONTROLLER;;REPAIR;;;X;X;;;;;;;;;;;;;;;;;;;;;;;;;;;;;;;;;;;;;;X;X;;;;;;;;;;;;X;;;X;;;;;;;;;;;;;;;;;;;;;;;;;;;;;;;;;;;;;;;;X;;;
7008932901;7008932-901;CIRCUIT CARD ASSY;;REPAIR;;DNR;X;X;;;;;;;;;;;;;;;;;;;;;;;;;;X;;;;;;;;;;X;;;;;;;;;;;;;;;;;;;;;;;;;;;;;;;;;;;;;;;;;;;;;;;;;;;;;;;;;;X;;;
701218088;7012-18088;SAFETY VALVE;OVERHAUL;;;;X;X;X;X;X;;;;;;;;;;;;;X;;;;;;;;X;X;;;;;;;;;;;;;;;;;;;;;;;;;;;;;;;;;;;;;;;;;;;;;;;;;;;;;;;;;;;;;;;;;;;;X;;;;
70121808803;7012-18088-03;SAFETY VALVE;OVERHAUL;;;;X;X;X;X;X;;;;;;;;;;;;;X;;;;;;;;X;X;;;;;;;;;;;;;;;;;;;;;;;;;;;;;;;;;;;;;;;;;;;;;;;;;;;;;;;;;;;;;;;;;;;;X;;;;
7012650000;701-2650000;DAMPER, DOOR & EMERGENCY;OVERHAUL;;;;X;X;X;X;X;;;;;;;;;;;;;X;X;;;;;;;;;;;;;;;;;;;;;;;;;;;;;;;;;;;;;;;;;;;;;;;;;;;;;;;;;;;;;;;;;;;;;;;;;;;;X;;;;
7012650002;701-2650002;DAMPER, DOOR & EMERGENCY;OVERHAUL;;;;X;X;X;X;X;;;;;;;;;;;;;X;;;;;;;;;;;;;;;;;;;;;;;;;;;;;;;;;;;;;;;;;;;;;;;;;;;;;;;;;;;;;;;;;;;;;;;;;;;;;X;;;;
70126500021;701-26500021;DAMPER, DOOR & EMERGENCY;OVERHAUL;;;;X;X;X;X;X;;;;;;;;;;;;;X;;;;;;;;;;;;;;;;;;;;;;;;;;;;;;;;;;;;;;;;;;;;;;;;;;;;;;;;;;;;;;;;;;;;;;;;;;;;;X;;;;
7013100;701-3100;VALVE, PRESSURE RELIEF;OVERHAUL;;;;X;X;X;X;X;;;;;;;;;;;;;X;X;X;X;;;;;;;;;;;;;;;;;;;;;;;;;;;;;;;;;;;;;;;;;;;;;;;;;;;;;;;;;;;;;;;;;;;;;;;;;;X;;;;
7013740000;701-3740000;DAMPER, DOOR & EMERGENCY;OVERHAUL;;;;X;X;X;X;X;;;;;;;;;;;;;X;;;;;;;;;;;;;;;;;;;;;;;;;;;;;;;;;;;;;;;;;;;;;;;;;;;;;;;;;;;;;;;;;;;;;;;;;;;;;X;;;;
7015000001;701-5000001;CYLINDER DAMPER/EMERGENCY OPENER;OVERHAUL;;;;X;X;X;X;X;;;;;;;;;;;;;X;X;X;X;;;;;;;;;;;;;;;;;;;;;;;;;;;;;;;;;;;;;;;;;;;;;;;;;;;;;;;;;;;;;;;;;;;;;;;;;;X;;;;
70150000011;701-50000011;CYLINDER DAMPER/EMERGENCY OPENER;OVERHAUL;;;;X;X;X;X;X;;;;;;;;;;;;;X;;;;;;;;;;;;;;;;;;;;;;;;;;;;;;;;;;;;;;;;;;;;;;;;;;;;;;;;;;;;;;;;;;;;;;;;;;;;;X;;;;
7015000002;701-5000002;CYLINDER DAMPER/EMERGENCY OPENER;OVERHAUL;;;;X;X;X;X;X;;;;;;;;;;;;;X;;;;;;;;;;;;;;;;;;;;;;;;;;;;;;;;;;;;;;;;;;;;;;;;;;;;;;;;;;;;;;;;;;;;;;;;;;;;;X;;;;
70150000021;701-50000021;CYLINDER DAMPER/EMERGENCY OPENER;OVERHAUL;;;;X;X;X;X;X;;;;;;;;;;;;;X;;;;;;;;;;;;;;;;;;;;;;;;;;;;;;;;;;;;;;;;;;;;;;;;;;;;;;;;;;;;;;;;;;;;;;;;;;;;;X;;;;
7015000003;701-5000003;CYLINDER DAMPER/EMERGENCY OPENER;OVERHAUL;;;;X;X;X;X;X;;;;;;;;;;;;;X;;;;;;;;;;;;;;;;;;;;;;;;;;;;;;;;;;;;;;;;;;;;;;;;;;;;;;;;;;;;;;;;;;;;;;;;;;;;;X;;;;
70150000031;701-50000031;CYLINDER DAMPER/EMERGENCY OPENER;OVERHAUL;;;;X;X;X;X;X;;;;;;;;;;;;;X;;;;;;;;;;;;;;;;;;;;;;;;;;;;;;;;;;;;;;;;;;;;;;;;;;;;;;;;;;;;;;;;;;;;;;;;;;;;;X;;;;
7015000004;701-5000004;CYLINDER DAMPER/EMERGENCY OPENER;OVERHAUL;;;;X;X;X;X;X;;;;;;;;;;;;;X;X;X;X;;;;;;;;;;;;;;;;;;;;;;;;;;;;;;;;;;;;;;;;;;;;;;;;;;;;;;;;;;;;;;;;;;;;;;;;;;X;;;;
70150000041;701-50000041;CYLINDER DAMPER/EMERGENCY OPENER;OVERHAUL;;;;X;X;X;X;X;;;;;;;;;;;;;X;;;;;;;;;;;;;;;;;;;;;;;;;;;;;;;;;;;;;;;;;;;;;;;;;;;;;;;;;;;;;;;;;;;;;;;;;;;;;X;;;;
7015000005;701-5000005;CYLINDER DAMPER/EMERGENCY OPENER;OVERHAUL;;;;X;X;X;X;X;;;;;;;;;;;;;X;X;X;X;;;;;;;;;;;;;;;;;;;;;;;;;;;;;;;;;;;;;;;;;;;;;;;;;;;;;;;;;;;;;;;;;;;;;;;;;;X;;;;
70150000051;701-50000051;CYLINDER DAMPER/EMERGENCY OPENER;OVERHAUL;;;;X;X;X;X;X;;;;;;;;;;;;;X;;;;;;;;;;;;;;;;;;;;;;;;;;;;;;;;;;;;;;;;;;;;;;;;;;;;;;;;;;;;;;;;;;;;;;;;;;;;;X;;;;
7015080001;701-5080001;DAMPER, DOOR & EMERGENCY;OVERHAUL;;;;X;X;X;X;X;;;;;;;;;;;;;X;X;X;X;;;;;;;;;;;;;;;;;;;;;;;;;;;;;;;;;;;;;;;;;;;;;;;;;;;;;;;;;;;;;;;;;;;;;;;;;;X;;;;
7015080002;701-5080002;DAMPER, DOOR & EMERGENCY;OVERHAUL;;;;X;X;X;X;X;;;;;;;;;;;;;X;X;X;X;;;;;;;;;;;;;;;;;;;;;;;;;;;;;;;;;;;;;;;;;;;;;;;;;;;;;;;;;;;;;;;;;;;;;;;;;;X;;;;
70150800021;701-50800021;DAMPER, DOOR & EMERGENCY;OVERHAUL;;;;X;X;X;X;X;;;;;;;;;;;;;X;X;;;;;;;;;;;;;;;;;;;;;;;;;;;;;;;;;;;;;;;;;;;;;;;;;;;;;;;;;;;;;;;;;;;;;;;;;;;;X;;;;
7015097000;701-5097000;CYLINDER DAMPER/EMERGENCY OPENER;OVERHAUL;;;;X;X;X;X;X;;;;;;;;;;;;;X;X;X;X;;;;;;;;;;;;;;;;;;;;;;;;;;;;;;;;;;;;;;;;;;;;;;;;;;;;;;;;;;;;;;;;;;;;;;;;;;X;;;;
70150970001;701-50970001;CYLINDER DAMPER/EMERGENCY OPENER;OVERHAUL;;;;X;X;X;X;X;;;;;;;;;;;;;X;;;;;;;;;;;;;;;;;;;;;;;;;;;;;;;;;;;;;;;;;;;;;;;;;;;;;;;;;;;;;;;;;;;;;;;;;;;;;X;;;;
7015097001;701-5097001;CYLINDER DAMPER/EMERGENCY OPENER;OVERHAUL;;;;X;X;X;X;X;;;;;;;;;;;;;X;;;;;;;;;;;;;;;;;;;;;;;;;;;;;;;;;;;;;;;;;;;;;;;;;;;;;;;;;;;;;;;;;;;;;;;;;;;;;X;;;;
70150970011;701-50970011;CYLINDER DAMPER/EMERGENCY OPENER;OVERHAUL;;;;X;X;X;X;X;;;;;;;;;;;;;X;X;X;X;;;;;;;;;;;;;;;;;;;;;;;;;;;;;;;;;;;;;;;;;;;;;;;;;;;;;;;;;;;;;;;;;;;;;;;;;;X;;;;
7015097002;701-5097002;CYLINDER DAMPER/EMERGENCY OPENER;OVERHAUL;;;;X;X;X;X;X;;;;;;;;;;;;;X;X;X;X;;;;;;;;;;;;;;;;;;;;;;;;;;;;;;;;;;;;;;;;;;;;;;;;;;;;;;;;;;;;;;;;;;;;;;;;;;X;;;;
70150970021;701-50970021;CYLINDER DAMPER/EMERGENCY OPENER;OVERHAUL;;;;X;X;X;X;X;;;;;;;;;;;;;X;X;X;X;;;;;;;;;;;;;;;;;;;;;;;;;;;;;;;;;;;;;;;;;;;;;;;;;;;;;;;;;;;;;;;;;;;;;;;;;;X;;;;
7015097003;701-5097-003;CYLINDER DAMPER/EMERGENCY OPENER;OVERHAUL;;;;X;X;X;X;X;;;;;;;;;;;;;X;;;;;;;;;;;;;;;;;;;;;;;;;;;;;;;;;;;;;;;;;;;;;;;;;;;;;;;;;;;;;;;;;;;;;;;;;;;;;X;;;;
7015097003;701-5097003;CYLINDER DAMPER/EMERGENCY OPENER;OVERHAUL;;;;X;X;X;X;X;;;;;;;;;;;;;X;;;;;;;;;;;;;;;;;;;;;;;;;;;;;;;;;;;;;;;;;;;;;;;;;;;;;;;;;;;;;;;;;;;;;;;;;;;;;X;;;;
70150970031;701-50970031;CYLINDER DAMPER/EMERGENCY OPENER;OVERHAUL;;;;X;X;X;X;X;;;;;;;;;;;;;X;X;X;X;;;;;;;;;;;;;;;;;;;;;;;;;;;;;;;;;;;;;;;;;;;;;;;;;;;;;;;;;;;;;;;;;;;;;;;;;;X;;;;
701528F;701528F;INPUT SHAFT;;INSPECTED;;;X;;;;;;;;;;;;;;;;;;;;;;;;;;;X;;;X;;;;;;;;;;;;;;;;;;;;;;;;;;;;;;;;;;;;;;;;;;;;;;;;;;;;;;;;;;;;;;;;;X;;;
7015300000;701-5300-000;UNIT, N1 LIGHTNING PROTECTION;BENCH TEST;;;;X;X;X;X;X;;;;;;;;;;;;;X;X;;;;;;;;;;;;;;;;;;;;;;;;;;;;;;;;;;;;;;;;;;;;;;;;;;;;;;;;;;;;;;;;;;;;;;;;;;;;X;;;;
7015540000;701-5540-000;UNIT, N1 LIGHTNING PROTECTION;BENCH TEST;;;;X;X;X;X;X;;;;;;;;;;;;;X;X;;;;;;;;;;;;;;;;;;;;;;;;;;;;;;;;;;;;;;;;;;;;;;;;;;;;;;;;;;;;;;;;;;;;;;;;;;;;X;;;;
7015600000;701-5600000;CYLINDER DAMPER/EMERGENCY OPENER;OVERHAUL;;;;X;X;X;X;X;;;;;;;;;;;;;X;X;X;X;;;;;;;;;;;;;;;;;;;;;;;;;;;;;;;;;;;;;;;;;;;;;;;;;;;;;;;;;;;;;;;;;;;;;;;;;;X;;;;
70156000001;701-56000001;CYLINDER DAMPER/EMERGENCY OPENER;OVERHAUL;;;;X;X;X;X;X;;;;;;;;;;;;;X;;;;;;;;;;;;;;;;;;;;;;;;;;;;;;;;;;;;;;;;;;;;;;;;;;;;;;;;;;;;;;;;;;;;;;;;;;;;;X;;;;
7015600001;701-5600001;CYLINDER DAMPER/EMERGENCY OPENER;OVERHAUL;;;;X;X;X;X;X;;;;;;;;;;;;;X;;;;;;;;;;;;;;;;;;;;;;;;;;;;;;;;;;;;;;;;;;;;;;;;;;;;;;;;;;;;;;;;;;;;;;;;;;;;;X;;;;
70156000011;701-56000011;CYLINDER DAMPER/EMERGENCY OPENER;OVERHAUL;;;;X;X;X;X;X;;;;;;;;;;;;;X;;;;;;;;;;;;;;;;;;;;;;;;;;;;;;;;;;;;;;;;;;;;;;;;;;;;;;;;;;;;;;;;;;;;;;;;;;;;;X;;;;
7015600002;701-5600002;CYLINDER DAMPER/EMERGENCY OPENER;OVERHAUL;;;;X;X;X;X;X;;;;;;;;;;;;;X;;;;;;;;;;;;;;;;;;;;;;;;;;;;;;;;;;;;;;;;;;;;;;;;;;;;;;;;;;;;;;;;;;;;;;;;;;;;;X;;;;
70156000021;701-56000021;CYLINDER DAMPER/EMERGENCY OPENER;OVERHAUL;;;;X;X;X;X;X;;;;;;;;;;;;;X;;;;;;;;;;;;;;;;;;;;;;;;;;;;;;;;;;;;;;;;;;;;;;;;;;;;;;;;;;;;;;;;;;;;;;;;;;;;;X;;;;
701654;701654;STROBE LIGHT;;REPAIR;;;X;X;;;;;;;;;;;;;;;;;;;;;;;;;;X;;;;;;;;;;X;;;;;;;;;;;;;;;;;;;;;;;;;;;;;;;;;;;;;;;;;;;;;;;;;;;;;;;;;;X;;;
7021450331;7021450-331;WEATHER RADAR;;REPAIR;;;X;X;X;X;X;;;;;;;;;;;;;;;;;;;;;;;;;;;;;;;;;;;;;;;;;;;;;;;;;;;;;;;;;;;;;;;;;;;;;;;;;;;;;X;;;;;;;;;;;;;;X;;;
7021450401;7021450-401;WEATHER RADAR;;REPAIR;;;X;X;X;X;X;;;;;X;;;;;;;;;;;;;;;;;;;;;;;;;;;;;;;;;;;;;;;;;;;;;;;;;;;;;;;;;;;;;;;;;;;;;;;;X;;;;;;;;;;;;;;X;;;
7021450411;7021450-411;WEATHER RADAR;;REPAIR;;;X;X;X;X;X;;;;;X;;;;;;;;;;;;;;;;;;;;;;;;;;;;;;;;;;;;;;;;;;;;;;;;;;;;;;;;;;;;;;;;;;;;;;;;X;;;;;;;;;;;;;;X;;;
7021450421;7021450-421;WEATHER RADAR;;REPAIR;;;X;X;X;X;X;;;;;X;;;;;;;;;;;;;;;;;;;;;;;;;;;;;;X;;X;;X;;;;;;;;;;;;;;;;;;;;;;;;;;;;;;;;;;;;;;;;;;;;;;;;;;;;X;;;
7021450601;7021450-601;WEATHER RADAR;;REPAIR;;;X;X;X;X;X;;;;;X;;;;;;;;;;;;;;;;;;;;;;;;;;;;;;X;;X;;X;;;;;;;;;;;;;;;;;;;;;;;;;X;;X;;;;;;;;;;;X;;;;;;;;;;;;;;X;;;
7021450611;7021450-611;WEATHER RADAR;;REPAIR;;;X;X;X;X;X;;;;;X;;;;;;;;;;;;;;;;;;;;;;;;;;;;;;;;;;;;;;;;;;;;;;;;;;;;;;;;;;;;;;;;;;;;;;;;X;;;;;;;;;;;;;;X;;;
7021450621;7021450-621;WEATHER RADAR;;REPAIR;;;X;X;X;X;X;;;;;X;;;;;;;;;;;;;;;;;;;;;;;;;;;;;;;;;;;;X;;;;X;X;;;;;;;;;;;;;;;;;;;;;;;;;;;;;;;X;;;;;;;;;;;;;;X;;;
7021450801;7021450-801;TRANSCEIVER RADAR WU-880;;REPAIR;;;X;X;X;X;X;;;;;X;;;;;;;;;;;;;;;;;;;;;;;;;;;;;;;;;;;;X;;;;X;X;;;;;;;;;;;;;;;;;;;;;;;;;;;;;;;;;;;;;;;;;;;;;X;;;
7021450811;7021450-811;WEATHER RADAR;;REPAIR;;;X;X;X;X;X;;;;;X;;;;;;;;;;;;;;;;;;;;;;;;;;;;;;;;;;;;;;;;;;;;;;;;;;;;;;;;;;;;;;;;;;;;;;;;X;;;;;;;;;;;;;;X;;;
7021450821;7021450-821;WEATHER RADAR;;REPAIR;;;X;X;X;X;X;;;;;X;;;;;;;;;;;;;;;;;;;;;;;;;;;;;;;;;;;;;;;;;;;;;;;;;;;;;;;;;;;X;;X;;;;;;;;;;;X;;;;;;;;;;;;;;X;;;
7021451418;7021451-418;ANTENNA WEATHER RADAR PLATE;;BENCH TEST;;;X;X;;X;;;;;;;;;;;;;;;;;;;;;;;;;;;;;;;;;;;;X;X;;;;;;;;;;;;;;;;;;;;;;;;;;;;;;;;;;;;;;;;;;;;;;;;;;;;;;;X;;;
70214793;7021479-3;FLAT ANTENNA;;REPAIR;;;X;X;X;X;X;;;;;;;;;;;;;;;;;;;;;;;;;;;;;;;;;;;X;X;X;X;;;;;;;;;;;;;;;;;;;;;;;;;;;;;;;;;;;;;;;;;;;;;;;;;;;;;X;;;
702242;702242;LIGHT;;REPAIR;;;X;X;;X;;;;;;;;;;;;;;;;;;;;;;;;X;;;;;;;;;;X;;;;;;;;;;;;;;;;;;;;;;;;;;;;;;;;;;;;;;;;;;;;;;;;;;;;X;X;;;;;X;;;
702422F;702422F;GOVERNOR AND SUPPORT;;INSPECTED;;;X;;;;;;;;;;;;;;;;;;;;;;;;;;;X;;;X;;;;;;;;;;;;;;;;;;;;;;;;;;;;;;;;;;;;;;;;;;;;;;;;;;;;;;;;;;;;;;;;;X;;;
702504;702504;STROBE LIGHT;;REPAIR;;;X;X;;X;;;;;;;;;;;;;;;;;;;;;;;;;;;;;;;;;;;;X;X;;;;;;;;;;;;;;;;;;;;;;;;;;;;;;;;;;;;;;;;;;;;;;;;;;;;;;;X;;;
70254A010001;70254A010001;FAN;OVERHAUL;;;;;;;;;;;;;X;;;;;;;;X;;;;;;;;X;;;;;;;;;;;;;;;;;;;;;;;;;;;;;;;;;;;;;;;;;;;;;;;;;;;;;;;;;;;;;;;;;;;;;X;;;;
70254A020001;70254A020001;FAN;OVERHAUL;;;;;;;;;;;;;X;;;;;;;;X;;;;;;;;X;;;;;;;;;;;;;;;;;;;;;;;;;;;;;;;;;;;;;;;;;;;;;;;;;;;;;;;;;;;;;;;;;;;;;X;;;;
70313;7031-3;FEEDBACK UNIT FLAP POSIT;;REPAIR;;;X;X;X;X;X;;;;;;;;;;;;;;;;;;;;;;;;;;;;;;;;;;;X;X;;;;;;;;;;;;;;;;;;;;;;;;;;;;;;;;;;;;;;;;;;;;;;;;;;;;;;;X;;;
70322;7032-2;SWITCH UNIT FLAP CONTROL;;REPAIR;;;X;X;X;X;X;;;;;;;;;;;;;;;;;;;;;;;;;;;;;;;;;;;;;;;;;;;;;;;;X;;;;;;;;;;;;;;;;;;;;;;;;;;;;;X;;;;;;;;;;;;;;X;;;
704 953/3;704 953/3;VALVE, ELECTRICAL;BENCH TEST;;;;X;;;;;;;;;X;;;;;;;;;;;;;;;;;;;;;;;;;;;;;;;;;;;;;;;;;;;;;;;;;;;;;;;;;;;;;;;;;;;;;;;;X;;;X;;;;;;;;;;X;;;;
7048;7048;SWITCH UNIT FLAP CONTROL;;REPAIR;;;X;X;X;X;;;;;;;;;;;;;;;;;;;;;;;;;;;;;;;;;;;;X;X;;;;;;;;;;;;;;;;;;;;;;;;;;;;;;;;;;;;;;;;;;;;;;;;;;;;;;;X;;;
70481;7048-1;SWITCH UNIT FLAP CONTROL;;REPAIR;;;X;X;X;X;X;;;;;;;;;;;;;;;;;;;;;;;;;;;;;;;;;;;;;;;;;;;;;;;;;;;;;;;;;;;;;;;;;;;;;;;;;;;;;;;;;;;;;X;;;X;;;X;;;
70512;705-12;GYROSCOPIC HORIZON;OVERHAUL;;;;X;X;X;X;X;;;;;;X;;;;X;X;;;;;;;;;;;;;;;;;;;;;;;;;;;;;;;;;;;;;;;;;;;;;;;;;;;;;;;;;;;;;;;;;;;;;;;;;;;;;;;X;;;;
70512V2;705-12V2;GYROSCOPIC HORIZON;OVERHAUL;;;;X;X;X;X;X;;;;;;X;;;;X;X;;;;;;;;;;;;;;;;;;;;;;;;;;;;;;;;;;;;;;;;;;;;;;;;;;;;;;;;;;;;;;;;;;;;;;;;;;;;;;;X;;;;
70515V1;705-15V1;GYROSCOPIC HORIZON;;REPAIR;;;X;X;;X;;;;;;;;;;;;;;;;;;;;;;;;;;;;;;;;;;;;;;;;;;;;;;;;;;;;;;;;;;;;;;;;;;;;;;;;;;;;;;;;;;;;;;X;;;X;;;X;;;
70515V1M1;705-15V1M1;GYROSCOPIC HORIZON;;REPAIR;;;X;X;;X;;;;;;;;;;;;;;;;;;;;;;;;X;;;X;;;;;;;;;;;;;;;;;;;;;;;;;;;;;;;;;;;;;;;;;;;;;;;;;;;;;;;;;;;;;;;;;X;;;
7057V4;705-7V4;GYROSCOPIC HORIZON;;REPAIR;;;X;X;;;;;;;;;;;;;;;;;;;;;;;;;;;;;;;;;;;;;;;;;;;;;;;;;;;;;;;;;;;;;;;;;;;;;;;;;;;;;;;;;;;;;;;;X;;;X;;;X;;;
705CA01;705CA01;CONTACTEUR;OVERHAUL;;;;X;X;X;X;X;;;;;;;;;;;;;X;;;;;;;;X;X;;;;;;;;;;;;;;;;;;;;;;;;;;;;;;;;;;;;;;;;;;;;;;;;;;;;;;;;;;;;;;;;;;;;X;;;;
7067862;706-786-2;DUAL-CHANNEL FUEL GAGE AMPLIFIER;REPAIR;;;;X;X;X;X;X;;;X;;;X;;X;;X;;;;;;;;;;;;;;;;;;;;;;;;;;;;;;;;;;;;;;;;;;;;;;;;;;;;;;;;;;;;;;;;;;;;;;;;;;;;;;;;X;;;;
7067862;706786-2;DUAL-CHANNEL FUEL GAGE AMPLIFIER;REPAIR;;;;X;X;X;X;X;;;X;;;X;;X;;X;;;;;;;;;;;;;;;;;;;;;;;;;;;;;;;;;;;;;;;;;;;;;;;;;;;;;;;;;;;;;;;;;;;;;;;;;;;;;;;;X;;;;
7067863;706-786-3;DUAL-CHANNEL FUEL GAGE AMPLIFIER;REPAIR;;;;X;X;X;X;X;;;X;;;X;;X;;X;;;;;;;;;;;;;;;;;;;;;;;;;;;;;;;;;;;;;;;;;;;;;;;;;;;;;;;;;;;;;;;;;;;;;;;;;;;;;;;;X;;;;
7067863;706786-3;DUAL-CHANNEL FUEL GAGE AMPLIFIER;REPAIR;;;;X;X;X;X;X;;;X;;;X;;X;;X;;;;;;;;;;;;;;;;;;;;;;;;;;;;;;;;;;;;;;;;;;;;;;;;;;;;;;;;;;;;;;;;;;;;;;;;;;;;;;;;X;;;;
7069022;706-902-2;AMPLIFIER, GAUGE;REPAIR;;;;X;X;X;X;X;;;;;;X;;;;;X;;;;;;;;;;;;;;;;;;;;;;;;;;;;;;;;;;;;;;;;;;;;;;;;;;;;;;;;;;;;;;;;;;;;;;;;;;;;;;;X;;;;
7069023;706-902-3;AMPLIFIER, GAUGE;REPAIR;;;;X;X;X;X;X;;;;;;X;;;;;X;;;;;;;;;;;;;;;;;;;;;;;;;;;;;;;;;;;;;;;;;;;;;;;;;;;;;;;;;;;;;;;;;;;;;;;;;;;;;;;X;;;;
7069024;706-902-4;AMPLIFIER, GAUGE;REPAIR;;;;X;X;X;X;X;;;;;;X;;;;;X;;;;;;;;;;;;;;;;;;;;;;;;;;;;;;;;;;;;;;;;;;;;;;;;;;;;;;;;;;;;;;;;;;;;;;;;;;;;;;;X;;;;
7069281;706-928-1;AMPLIFIER, GAUGE;REPAIR;;;;X;X;X;X;X;;;;;;X;;;;X;X;;;;;;;;;;;;;;;;;;;;;;;;;;;;;;;;;;;;;;;;;;;;;;;;;;;;;;;;;;;;;;;;;;;;;;;;;;;;;;;X;;;;
7069282;706-928-2;AMPLIFIER, GAUGE;REPAIR;;;;X;X;X;X;X;;;;;;X;;;;;X;;;;;;;;;;;;;;;;;;;;;;;;;;;;;;;;;;;;;;;;;;;;;;;;;;;;;;;;;;;;;;;;;;;;;;;;;;;;;;;X;;;;
7069283;706-928-3;AMPLIFIER, GAUGE;REPAIR;;;;X;X;X;X;X;;;;;;X;;;;;X;;;;;;;;;;;;;;;;;;;;;;;;;;;;;;;;;;;;;;;;;;;;;;;;;;;;;;;;;;;;;;;;;;;;;;;;;;;;;;;X;;;;
707175;707175;DIFFERENTIAL;;INSPECTED;;;X;;;;;;;;;;;;;;;;;;;;;;;;;;;X;;;X;;;;;;;;;;;;;;;;;;;;;;;;;;;;;;;;;;;;;;;;;;;;;;;;;;;;;;;;;;;;;;;;;X;;;
707334;707334;SCAVENGE PUMP;;INSPECTED;;;X;;;;;;;;;;;;;;;;;;;;;;;;;;;X;;;X;;;;;;;;;;;;;;;;;;;;;;;;;;;;;;;;;;;;;;;;;;;;;;;;;;;;;;;;;;;;;;;;;X;;;
707337;707337;CHARGE PUMP;;INSPECTED;;;X;;;;;;;;;;;;;;;;;;;;;;;;;;;X;;;X;;;;;;;;;;;;;;;;;;;;;;;;;;;;;;;;;;;;;;;;;;;;;;;;;;;;;;;;;;;;;;;;;X;;;
70836011;7083601-1;APU PRIMARY EXHAUST PIPE;REPAIR;;;;X;X;X;X;X;;;;;;;;;;;;;;;;;;;;;;;;;;;;;;;;;;;;;;;;;;;;;;;;X;;;;;;;;;X;;;;;;;;;;;;;;;;;;;;;;;;;;;;;;;;;X;;;;
70836012;7083601-2;APU PRIMARY EXHAUST PIPE;REPAIR;;;;X;X;X;X;X;;;;;;;;;;;;;;;;;;;;;;;;;;;;;;;;;;;;;;;;;;;;;;;;X;;;;;;;;;X;;;;;;;;;;;;;;;;;;;;;;;;;;;;;;;;;X;;;;
708CA29;708CA29;SNIFFLE VALVE;;REPAIR;;;X;X;;X;;;;;;;;;;;;;;;;;;;;;;;;;;;;;;;;;;;;;;;;;;;;;;;;;X;;;;;;;;;;;;;;;;;;;;;;;;;;;;;X;;;;;;;;;;;;;;X;;;
70Y1;70Y1;BATTERIE D'ACCUMULA;;REPAIR;;;X;X;;;;;;;;X;;;;;;;;;;;;;;;;;;;;;;;;;;;;;;;;;;;;;;;;;;;X;;;;X;;;;;;;;;;;;;;;;;;;;;;;;;X;;;;;;;;;;;;;;X;;;
71;71;POWER SUPP;;REPAIR;;;X;X;;X;;;;;;;;;;;;;;;;;;;;;;;;;;;;;;;;;;;;X;X;;;;;;;;;;;;X;;;;X;;;;;;;;;;;;;;;;;;;;;;;;;;;;;;;;;;;;;;;X;;;
710TS06Y01;710TS06Y01;NOSE WHEEL STEERING CONTROLLER;REPAIR;;;;X;X;X;X;X;;;;;;;;;;;;;X;;;;;;;;;;;;;;;;;;;;;;;;;;;;;;;;;;;;;;;;;;;;;;;;;;;;;;;;;;;;;;;;;;;;;;;;;;;;;X;;;;
710TS06Y11;710TS06Y11;NOSE WHEEL STEERING CONTROLLER;REPAIR;;;;X;X;X;X;X;;;;;;;;;;;;;X;;;;X;X;X;X;;;;;;;;;;;;;;;;;;;;;;;;;;;;;;;;;;;;;;;;;;;;;;;;;;;;;;;;;;;;;;;;;;;;;;X;;;;
710TS06Y12;710TS06Y12;NOSE WHEEL STEERING CONTROLLER;REPAIR;;;;X;X;X;X;X;;;;;;;;;;;;;X;;;;;;;;X;X;;;;;;;;;;;;;;;;;;;;;;;;;;;;;;;;;;;;;;;;;;;;;;;;;;;;;;;;;;;;;;;;;;;;X;;;;
710TS06Y13;710TS06Y13;NOSE WHEEL STEERING CONTROLLER;REPAIR;;;;X;X;X;X;X;;;;;;;;;;;;;X;;;;;;;;;;;;;;;;;;;;;;;;;;;;;;;;;;;;;;;;;;;;;;;;;;;;;;;;;;;;;;;;;;;;;;;;;;;;;X;;;;
71190400010NC0A;71190400010NC0A;SAMPLING VALVE;REPAIR;;;;X;X;X;X;X;;;;;;;;;;;;;X;;;;;;;;;;;;;;;;;;;;;;;;;;;;;;;;;;;;;;;;;;;;;;;;;;;;;;;;;;;;;;;;;;;;;;;;;;;;;X;;;;
7119201104300;711920-110-4300;SEAT DOUBLE;;OVERHAUL;;;X;X;;;;;;;;;;;;;;;;X;;X;;;;;;;;;;;;;;;;;;;;;;;;;;;;;;;;;;;;;;;;;;;;;;;;;;;;;;;;;;;;;;;;;;;;;;;;;;;;X;;X;
7119201105710;711920-110-5710;SEAT DOUBLE;;OVERHAUL;;;X;X;;;;;;;;;;;;;;;;X;;X;;;;;;;;;;;;;;;;;;;;;;;;;;;;;;;;;;;;;;;;;;;;;;;;;;;;;;;;;;;;;;;;;;;;;;;;;;;;X;;X;
7119201154700;711920-115-4700;SEAT DOUBLE;;OVERHAUL;;;X;X;;;;;;;;;;;;;;;;X;;X;;;;;;;;;;;;;;;;;;;;;;;;;;;;;;;;;;;;;;;;;;;;;;;;;;;;;;;;;;;;;;;;;;;;;;;;;;;;X;;X;
7119211104300;711921-110-4300;SEAT DOUBLE;;OVERHAUL;;;X;X;;;;;;;;;;;;;;;;X;;X;;;;;;;;;;;;;;;;;;;;;;;;;;;;;;;;;;;;;;;;;;;;;;;;;;;;;;;;;;;;;;;;;;;;;;;;;;;;X;;X;
7119211104303;711921-110-4303;SEAT DOUBLE;;OVERHAUL;;;X;X;;X;;;;;;;;;;;;;;X;;X;;;;;;;;;;;;;;;;;;;;;;;;;;;;;;;;;;;;;;;;;;;;;;;;;;;;;;;;;;;;;;;;;;;;;;;;;;;;X;;X;
7119211104700;711921-110-4700;SEAT DOUBLE;;OVERHAUL;;;X;X;;X;;;;;;;;;;;;;;X;;X;;;;;;;;;;;;;;;;;;;;;;;;;;;;;;;;;;;;;;;;;;;;;;;;;;;;;;;;;;;;;;;;;;;;;;;;;;;;X;;X;
7119211104703;711921-110-4703;SEAT DOUBLE;;OVERHAUL;;;X;X;;X;;;;;;;;;;;;;;X;;X;;;;;;;;;;;;;;;;;;;;;;;;;;;;;;;;;;;;;;;;;;;;;;;;;;;;;;;;;;;;;;;;;;;;;;;;;;;;X;;X;
7119211105710;711921-110-5710;SEAT DOUBLE;;OVERHAUL;;;X;X;;X;;;;;;;;;;;;;;X;;X;;;;;;;;;;;;;;;;;;;;;;;;;;;;;;;;;;;;;;;;;;;;;;;;;;;;;;;;;;;;;;;;;;;;;;;;;;;;X;;X;
7119211154700;711921-115-4700;SEAT DOUBLE;;OVERHAUL;;;X;X;;X;;;;;;;;;;;;;;X;;X;;;;;;;;;;;;;;;;;;;;;;;;;;;;;;;;;;;;;;;;;;;;;;;;;;;;;;;;;;;;;;;;;;;;;;;;;;;;X;;X;
7119221105710;711922-110-5710;SEAT DOUBLE;;OVERHAUL;;;X;X;;X;;;;;;;;;;;;;;X;;X;;;;;;;;;;;;;;;;;;;;;;;;;;;;;;;;;;;;;;;;;;;;;;;;;;;;;;;;;;;;;;;;;;;;;;;;;;;;X;;X;
7119231105710;711923-110-5710;SEAT DOUBLE;;OVERHAUL;;;X;X;;X;;;;;;;;;;;;;;X;;X;;;;;;;;;;;;;;;;;;;;;;;;;;;;;;;;;;;;;;;;;;;;;;;;;;;;;;;;;;;;;;;;;;;;;;;;;;;;X;;X;
7119341104500;711934-110-4500;SEAT TRIPLE;;OVERHAUL;;;X;X;;X;;;;;;;;;;;;;;X;;X;;;;;;;;;;;;;;;;;;;;;;;;;;;;;;;;;;;;;;;;;;;;;;;;;;;;;;;;;;;;;;;;;;;;;;;;;;;;X;;X;
7119341104700;711934-110-4700;SEAT TRIPLE;;OVERHAUL;;;X;X;;X;;;;;;;;;;;;;;X;;X;;;;;;;;;;;;;;;;;;;;;;;;;;;;;;;;;;;;;;;;;;;;;;;;;;;;;;;;;;;;;;;;;;;;;;;;;;;;X;;X;
7119341105710;711934-110-5710;SEAT TRIPLE;;OVERHAUL;;;X;;;;;;;;;;;;;;;;;;;;;;;;;;;;;;;;;;;;;;;;;;;;;;;;;;;;;;;;;;;;;;;;;;;;;;;;;;X;X;;;;;;X;;;;;;;;;;;;;;X;;;
711TS06Y;711TS06Y;NOSE WHEEL STEERING CONTROLLER;REPAIR;;;;X;X;X;X;X;;;;;;;;;;;;;X;;;;X;X;X;X;;;;;;;;;;;;;;;;;;;;;;;;;;;;;;;;;;;;;;;;;;;;;;;;;;;;;;;;;;;;;;;;;;;;;;X;;;;
712TS06Y;712TS06Y;NOSE WHEEL STEERING CONTROLLER;REPAIR;;;;X;X;X;X;X;;;;;;;;;;;;;X;;;;;;;;X;X;;;;;;;;;;;;;;;;;;;;;;;;;;;;;;;;;;;;;;;;;;;;;;;;;;;;;;;;;;;;;;;;;;;;X;;;;
712TS06Y01;712TS06Y01;NOSE WHEEL STEERING CONTROLLER;REPAIR;;;;X;X;X;X;X;;;;;;;;;;;;;X;;;;;;;;X;X;;;;;;;;;;;;;;;;;;;;;;;;;;;;;;;;;;;;;;;;;;;;;;;;;;;;;;;;;;;;;;;;;;;;X;;;;
715TS06Y01;715TS06Y01;NOSE WHEEL STEERING CONTROLLER;REPAIR;;;;X;X;X;X;X;;;;;;;;;;;;;X;;;;;;;;;;;;;;;;;;;;;;;;;;;;;;;;;;;;;;;;;;;;;;;;;;;;;;;;;;;;;;;;;;;;;;;;;;;;;X;;;;
715TS06Y11;715TS06Y11;NOSE WHEEL STEERING CONTROLLER;REPAIR;;;;X;X;X;X;X;;;;;;;;;;;;;X;;;;X;X;X;X;;;;;;;;;;;;;;;;;;;;;;;;;;;;;;;;;;;;;;;;;;;;;;;;;;;;;;;;;;;;;;;;;;;;;;X;;;;
715TS06Y12;715TS06Y12;NOSE WHEEL STEERING CONTROLLER;REPAIR;;;;X;X;X;X;X;;;;;;;;;;;;;X;;;;;;;;X;X;;;;;;;;;;;;;;;;;;;;;;;;;;;;;;;;;;;;;;;;;;;;;;;;;;;;;;;;;;;;;;;;;;;;X;;;;
715TS06Y13;715TS06Y13;NOSE WHEEL STEERING CONTROLLER;REPAIR;;;;X;X;X;X;X;;;;;;;;;;;;;X;X;X;X;;;X;X;X;X;;;;;;;;;;;;;;;;;;;;;;;;;;;;;;;;;;;;;;;;;;;;;;;;;;;;;;;;;;;;;;;;;;;;X;;;;
7165232;716-523-2;INDICATOR;REPAIR;;;;X;X;X;X;X;;;;;;X;;X;;;;;;;;;;;;;;;;;;;;;;;;;;;;;;;;;;;;;;;;;;;;;;;;;;;;;;;;;;;;;;;;;;;;;;;;;;;;;;;;;;X;;;;
7165232;716523-2;INDICATOR;REPAIR;;;;X;X;X;X;X;;;;;;X;;X;;;;;;;;;;;;;;;;;;;;;;;;;;;;;;;;;;;;;;;;;;;;;;;;;;;;;;;;;;;;;;;;;;;;;;;;;;;;;;;;;;X;;;;
7165851;716585-1;INDICATOR;REPAIR;;;;X;X;X;X;X;;;;;;X;;;;;;;;;;;;;;;;;;;;;;;;;;;;;;;;;;;;;;;;;;;;;;;;;;;;;;;;;;;;;;;;;;;;;;;;;;;;;;;;;;;;X;;;;
7165861;716-586-1;INDICATOR;REPAIR;;;;X;X;X;X;X;;;;;;X;;X;;;;;;;;;;;;;;;;;;;;;;;;;;;;;;;;;;;;;;;;;;;;;;;;;;;;;;;;;;;;;;;;;;;;;;;;;;;;;;;;;;X;;;;
7165861;716586-1;INDICATOR;REPAIR;;;;X;X;X;X;X;;;;;;X;;X;;;;;;;;;;;;;;;;;;;;;;;;;;;;;;;;;;;;;;;;;;;;;;;;;;;;;;;;;;;;;;;;;;;;;;;;;;;;;;;;;;X;;;;
7165871;716-587-1;INDICATOR;REPAIR;;;;X;X;X;X;X;;;;;;X;;X;;;;;;;;;;;;;;;;;;;;;;;;;;;;;;;;;;;;;;;;;;;;;;;;;;;;;;;;;;;;;;;;;;;;;;;;;;;;;;;;;;X;;;;
7165871;716587-1;INDICATOR;REPAIR;;;;X;X;X;X;X;;;;;;X;;X;;;;;;;;;;;;;;;;;;;;;;;;;;;;;;;;;;;;;;;;;;;;;;;;;;;;;;;;;;;;;;;;;;;;;;;;;;;;;;;;;;X;;;;
7166544;716-654-4;PANEL, MAIN TANK INDICATING;REPAIR;;;;X;X;X;X;X;;;;;;X;;;;;X;;;;;;;;;;;;;;;;;;;;;;;;;;;;;;;;;;;;;;;;;;;;;;;;;;;;;;;;;;;;;;;;;;;;;;;;;;;;;;;X;;;;
7166545;716-654-5;PANEL, MAIN TANK INDICATING;REPAIR;;;;X;X;X;X;X;;;;;;X;;;;;X;;;;;;;;;;;;;;;;;;;;;;;;;;;;;;;;;;;;;;;;;;;;;;;;;;;;;;;;;;;;;;;;;;;;;;;;;;;;;;;X;;;;
7166554;716-655-4;PANEL, MAIN TANK INDICATING;REPAIR;;;;X;X;X;X;X;;;;;;X;;;;;X;;;;;;;;;;;;;;;;;;;;;;;;;;;;;;;;;;;;;;;;;;;;;;;;;;;;;;;;;;;;;;;;;;;;;;;;;;;;;;;X;;;;
7166555;716-655-5;PANEL, MAIN TANK INDICATING;REPAIR;;;;X;X;X;X;X;;;;;;X;;;;;X;;;;;;;;;;;;;;;;;;;;;;;;;;;;;;;;;;;;;;;;;;;;;;;;;;;;;;;;;;;;;;;;;;;;;;;;;;;;;;;X;;;;
7166564;716-656-4;PANEL, MAIN TANK INDICATING;REPAIR;;;;X;X;X;X;X;;;;;;X;;;;;X;;;;;;;;;;;;;;;;;;;;;;;;;;;;;;;;;;;;;;;;;;;;;;;;;;;;;;;;;;;;;;;;;;;;;;;;;;;;;;;X;;;;
7166565;716-656-5;PANEL, MAIN TANK INDICATING;REPAIR;;;;X;X;X;X;X;;;;;;X;;;;;X;;;;;;;;;;;;;;;;;;;;;;;;;;;;;;;;;;;;;;;;;;;;;;;;;;;;;;;;;;;;;;;;;;;;;;;;;;;;;;;X;;;;
7166574;716-657-4;PANEL, MAIN TANK INDICATING;REPAIR;;;;X;X;X;X;X;;;;;;X;;;;;X;;;;;;;;;;;;;;;;;;;;;;;;;;;;;;;;;;;;;;;;;;;;;;;;;;;;;;;;;;;;;;;;;;;;;;;;;;;;;;;X;;;;
7166575;716-657-5;PANEL, MAIN TANK INDICATING;REPAIR;;;;X;X;X;X;X;;;;;;X;;;;;X;;;;;;;;;;;;;;;;;;;;;;;;;;;;;;;;;;;;;;;;;;;;;;;;;;;;;;;;;;;;;;;;;;;;;;;;;;;;;;;X;;;;
7166752;716675-2;PANEL, TANK INDICATING;REPAIR;;;;X;X;X;X;X;;;;;;X;;;;;X;;;;;;;;;;;;;;;;;;;;;;;;;;;;;;;;;;;;;;;;;;;;;;;;;;;;;;;;;;;;;;;;;;;;;;;;;;;;;;;X;;;;
7166762;716676-2;PANEL, TANK INDICATING;REPAIR;;;;X;X;X;X;X;;;;;;X;;;;;X;;;;;;;;;;;;;;;;;;;;;;;;;;;;;;;;;;;;;;;;;;;;;;;;;;;;;;;;;;;;;;;;;;;;;;;;;;;;;;;X;;;;
7166803;716-680-3;PANEL, MAIN TANK INDICATING;REPAIR;;;;X;X;X;X;X;;;;;;X;;;;;X;;;;;;;;;;;;;;;;;;;;;;;;;;;;;;;;;;;;;;;;;;;;;;;;;;;;;;;;;;;;;;;;;;;;;;;;;;;;;;;X;;;;
7166804;716-680-4;PANEL, MAIN TANK INDICATING;REPAIR;;;;X;X;X;X;X;;;;;;X;;;;;X;;;;;;;;;;;;;;;;;;;;;;;;;;;;;;;;;;;;;;;;;;;;;;;;;;;;;;;;;;;;;;;;;;;;;;;;;;;;;;;X;;;;
7166811;716681-1;PANEL, TANK INDICATING;REPAIR;;;;X;X;X;X;X;;;;;;X;;;;;X;;;;;;;;;;;;;;;;;;;;;;;;;;;;;;;;;;;;;;;;;;;;;;;;;;;;;;;;;;;;;;;;;;;;;;;;;;;;;;;X;;;;
7167543;716-754-3;PANEL, MAIN TANK INDICATING;REPAIR;;;;X;X;X;X;X;;;;;;X;;;;;X;;;;;;;;;;;;;;;;;;;;;;;;;;;;;;;;;;;;;;;;;;;;;;;;;;;;;;;;;;;;;;;;;;;;;;;;;;;;;;;X;;;;
7167553;716-755-3;PANEL, MAIN TANK INDICATING;REPAIR;;;;X;X;X;X;X;;;;;;X;;;;;X;;;;;;;;;;;;;;;;;;;;;;;;;;;;;;;;;;;;;;;;;;;;;;;;;;;;;;;;;;;;;;;;;;;;;;;;;;;;;;;X;;;;
7167563;716-756-3;PANEL, MAIN TANK INDICATING;REPAIR;;;;X;X;X;X;X;;;;;;X;;;;;X;;;;;;;;;;;;;;;;;;;;;;;;;;;;;;;;;;;;;;;;;;;;;;;;;;;;;;;;;;;;;;;;;;;;;;;;;;;;;;;X;;;;
7167571;716757-1;PANEL, TANK INDICATING;REPAIR;;;;X;X;X;X;X;;;;;;X;;;;;X;;;;;;;;;;;;;;;;;;;;;;;;;;;;;;;;;;;;;;;;;;;;;;;;;;;;;;;;;;;;;;;;;;;;;;;;;;;;;;;X;;;;
7167581;716758-1;PANEL, TANK INDICATING;REPAIR;;;;X;X;X;X;X;;;;;;X;;;;;X;;;;;;;;;;;;;;;;;;;;;;;;;;;;;;;;;;;;;;;;;;;;;;;;;;;;;;;;;;;;;;;;;;;;;;;;;;;;;;;X;;;;
7167591;716759-1;PANEL, TANK INDICATING;REPAIR;;;;X;X;X;X;X;;;;;;X;;;;;X;;;;;;;;;;;;;;;;;;;;;;;;;;;;;;;;;;;;;;;;;;;;;;;;;;;;;;;;;;;;;;;;;;;;;;;;;;;;;;;X;;;;
7167603;716-760-3;PANEL, MAIN TANK INDICATING;REPAIR;;;;X;X;X;X;X;;;;;;X;;;;;X;;;;;;;;;;;;;;;;;;;;;;;;;;;;;;;;;;;;;;;;;;;;;;;;;;;;;;;;;;;;;;;;;;;;;;;;;;;;;;;X;;;;
7167604;716-760-4;PANEL, MAIN TANK INDICATING;REPAIR;;;;X;X;X;X;X;;;;;;X;;;;;X;;;;;;;;;;;;;;;;;;;;;;;;;;;;;;;;;;;;;;;;;;;;;;;;;;;;;;;;;;;;;;;;;;;;;;;;;;;;;;;X;;;;
7167613;716-761-3;PANEL, MAIN TANK INDICATING;REPAIR;;;;X;X;X;X;X;;;;;;X;;;;;X;;;;;;;;;;;;;;;;;;;;;;;;;;;;;;;;;;;;;;;;;;;;;;;;;;;;;;;;;;;;;;;;;;;;;;;;;;;;;;;X;;;;
7167614;716-761-4;PANEL, MAIN TANK INDICATING;REPAIR;;;;X;X;X;X;X;;;;;;X;;;;;X;;;;;;;;;;;;;;;;;;;;;;;;;;;;;;;;;;;;;;;;;;;;;;;;;;;;;;;;;;;;;;;;;;;;;;;;;;;;;;;X;;;;
7167623;716-762-3;PANEL, MAIN TANK INDICATING;REPAIR;;;;X;X;X;X;X;;;;;;X;;;;;X;;;;;;;;;;;;;;;;;;;;;;;;;;;;;;;;;;;;;;;;;;;;;;;;;;;;;;;;;;;;;;;;;;;;;;;;;;;;;;;X;;;;
7167624;716-762-4;PANEL, MAIN TANK INDICATING;REPAIR;;;;X;X;X;X;X;;;;;;X;;;;;X;;;;;;;;;;;;;;;;;;;;;;;;;;;;;;;;;;;;;;;;;;;;;;;;;;;;;;;;;;;;;;;;;;;;;;;;;;;;;;;X;;;;
7167633;716-763-3;PANEL, MAIN TANK INDICATING;REPAIR;;;;X;X;X;X;X;;;;;;X;;;;;X;;;;;;;;;;;;;;;;;;;;;;;;;;;;;;;;;;;;;;;;;;;;;;;;;;;;;;;;;;;;;;;;;;;;;;;;;;;;;;;X;;;;
7167634;716-763-4;PANEL, MAIN TANK INDICATING;REPAIR;;;;X;X;X;X;X;;;;;;X;;;;;X;;;;;;;;;;;;;;;;;;;;;;;;;;;;;;;;;;;;;;;;;;;;;;;;;;;;;;;;;;;;;;;;;;;;;;;;;;;;;;;X;;;;
7167643;716-764-3;PANEL, MAIN TANK INDICATING;REPAIR;;;;X;X;X;X;X;;;;;;X;;;;;X;;;;;;;;;;;;;;;;;;;;;;;;;;;;;;;;;;;;;;;;;;;;;;;;;;;;;;;;;;;;;;;;;;;;;;;;;;;;;;;X;;;;
7167653;716-765-3;PANEL, MAIN TANK INDICATING;REPAIR;;;;X;X;X;X;X;;;;;;X;;;;;X;;;;;;;;;;;;;;;;;;;;;;;;;;;;;;;;;;;;;;;;;;;;;;;;;;;;;;;;;;;;;;;;;;;;;;;;;;;;;;;X;;;;
7167654;716-765-4;PANEL, MAIN TANK INDICATING;REPAIR;;;;X;X;X;X;X;;;;;;X;;;;;X;;;;;;;;;;;;;;;;;;;;;;;;;;;;;;;;;;;;;;;;;;;;;;;;;;;;;;;;;;;;;;;;;;;;;;;;;;;;;;;X;;;;
7167681;716768-1;PANEL, TANK INDICATING;REPAIR;;;;X;X;X;X;X;;;;;;X;;;X;;X;;;;;;;;;;;;;;;;;;;;;;;;;;;;;;;;;;;;;;;;;;;;;;;;;;;;;;;;;;;;;;;;;;;;;;;;;;;;;;;X;;;;
7167711;716771-1;PANEL, TANK INDICATING;REPAIR;;;;X;X;X;X;X;;;;;;X;;;;;X;;;;;;;;;;;;;;;;;;;;;;;;;;;;;;;;;;;;;;;;;;;;;;;;;;;;;;;;;;;;;;;;;;;;;;;;;;;;;;;X;;;;
7168491;716-849-1;TANK CONTENTS INDICATOR;REPAIR;;;;X;X;X;X;X;;;;;;X;;X;;;;;;;;;;;;;;;;;;;;;;;;;;;;;;;;;;;;;;;;;;;;;;;;;;;;;;;;;;;;;;;;;;;;;;;;;;;;;;;;;;X;;;;
716879;716-879;INDICATOR;REPAIR;;;;X;X;X;X;X;;;;;;X;;X;;;;;;;;;;;;;;;;;;;;;;;;;;;;;;;;;;;;;;;;;;;;;;;;;;;;;;;;;;;;;;;;;;;;;;;;;;;;;;;;;;X;;;;
716879;716879;INDICATOR;REPAIR;;;;X;X;X;X;X;;;;;;X;;X;;;;;;;;;;;;;;;;;;;;;;;;;;;;;;;;;;;;;;;;;;;;;;;;;;;;;;;;;;;;;;;;;;;;;;;;;;;;;;;;;;X;;;;
716958;716958;VARIABLE DISPLACMNT HYDR PUMP;OVERHAUL;;;;X;X;X;X;X;;;;;;;;;;;;;;;;;;;;;;;;;;;;;;;;;;;;;;;;;;;;;;;;;;;;;;;;;;;;;;;;;;;;;;;;;;;;;X;;;;;X;;;;;;;;X;;;;
7169801;716-980-1;TANK CONTENTS INDICATOR;REPAIR;;;;X;X;X;X;X;;;;;;X;;X;;;;;;;;;;;;;;;;;;;;;;;;;;;;;;;;;;;;;;;;;;;;;;;;;;;;;;;;;;;;;;;;;;;;;;;;;;;;;;;;;;X;;;;
7169811;716-981-1;TANK CONTENTS INDICATOR;REPAIR;;;;X;X;X;X;X;;;;;;X;;X;;;;;;;;;;;;;;;;;;;;;;;;;;;;;;;;;;;;;;;;;;;;;;;;;;;;;;;;;;;;;;;;;;;;;;;;;;;;;;;;;;X;;;;
7169821;716-982-1;TANK CONTENTS INDICATOR;REPAIR;;;;X;X;X;X;X;;;;;;X;;;;;X;;;;;;;;;;;;;;;;;;;;;;;;;;;;;;;;;;;;;;;;;;;;;;;;;;;;;;;;;;;;;;;;;;;;;;;;;;;;;;;X;;;;
7169831;716-983-1;TANK CONTENTS INDICATOR;REPAIR;;;;X;X;X;X;X;;;;;;X;;X;;;;;;;;;;;;;;;;;;;;;;;;;;;;;;;;;;;;;;;;;;;;;;;;;;;;;;;;;;;;;;;;;;;;;;;;;;;;;;;;;;X;;;;
7169841;716-984-1;TANK CONTENTS INDICATOR;REPAIR;;;;X;X;X;X;X;;;;;;X;;X;;;;;;;;;;;;;;;;;;;;;;;;;;;;;;;;;;;;;;;;;;;;;;;;;;;;;;;;;;;;;;;;;;;;;;;;;;;;;;;;;;X;;;;
7169851;716-985-1;TANK CONTENTS INDICATOR;REPAIR;;;;X;X;X;X;X;;;;;;X;;X;;;;;;;;;;;;;;;;;;;;;;;;;;;;;;;;;;;;;;;;;;;;;;;;;;;;;;;;;;;;;;;;;;;;;;;;;;;;;;;;;;X;;;;
716988;716988;VARIABLE DISPLACMNT HYDR PUMP;OVERHAUL;;;;X;X;X;X;X;;;;;;;;;;;;;;;;;;;;;;;;;;;;;;;;;;;;;;;;;;;;;;;;;;;;;;;;;;;;;;;;;;;;;;;;;;;;;X;;;;;X;;;;;;;;X;;;;
716TS06Y;716TS06Y;NOSE WHEEL STEERING CONTROLLER;REPAIR;;;;X;X;X;X;X;;;;;;;;;;;;;X;;;;X;X;X;X;;;;;;;;;;;;;;;;;;;;;;;;;;;;;;;;;;;;;;;;;;;;;;;;;;;;;;;;;;;;;;;;;;;;;;X;;;;
717091;717091;VARIABLE DISPLACMNT HYDR PUMP;OVERHAUL;;;;X;X;X;X;X;;;;;;;;;;;;;;;;;;;;;;;;;;;;;;;;;;;;;;;;;;;;;;;;;;;;;;;;;;;;;;;;;;;;;;;;;;;;;X;;;;;X;;;;;;;;X;;;;
717324;717324;CHARGE FILTER CAP;;INSPECTED;;;X;;;;;;;;;;;;;;;;;;;;;;;;;;;X;;;X;;;;;;;;;;;;;;;;;;;;;;;;;;;;;;;;;;;;;;;;;;;;;;;;;;;;;;;;;;;;;;;;;X;;;
717TS06Y;717TS06Y;NOSE WHEEL STEERING CONTROLLER;REPAIR;;;;X;X;X;X;X;;;;;;;;;;;;;X;;;;;;;;X;X;;;;;;;;;;;;;;;;;;;;;;;;;;;;;;;;;;;;;;;;;;;;;;;;;;;;;;;;;;;;;;;;;;;;X;;;;
717TS06Y01;717TS06Y01;NOSE WHEEL STEERING CONTROLLER;REPAIR;;;;X;X;X;X;X;;;;;;;;;;;;;X;;;;;;;;X;X;;;;;;;;;;;;;;;;;;;;;;;;;;;;;;;;;;;;;;;;;;;;;;;;;;;;;;;;;;;;;;;;;;;;X;;;;
7180541;718-054-1;LEVEL SENSING UNIT;BENCH TEST;;;;X;X;X;X;X;;;X;;;;;;;;;;X;X;X;X;;;;;;;;;;;;;;;;;;;;;;;;;;;;;;;;;;;;;;;;;;;;;;;;;;;;;;;;;;;;;;;;;;;;;;;;;;X;;;;
7180551;718-055-1;LEVEL SENSING UNIT;BENCH TEST;;;;X;X;X;X;X;;;X;;;;;;;;;;X;X;;X;;;;;;;;;;;;;;;;;;;;;;;;;;;;;;;;;;;;;;;;;;;;;;;;;;;;;;;;;;;;;;;;;;;;;;;;;;X;;;;
718557;718-557;LEVEL SENSING UNIT;BENCH TEST;;;;X;X;X;X;X;;;X;;;;;;;;;;X;X;X;X;;;;;;;;;;;;;;;;;;;;;;;;;;;;;;;;;;;;;;;;;;;;;;;;;;;;;;;;;;;;;;;;;;;;;;;;;;X;;;;
718886;718-886;LEVEL SENSING UNIT;BENCH TEST;;;;X;X;X;X;X;;;X;;;;;;;;;;X;X;;X;;;;;;;;;;;;;;;;;;;;;;;;;;;;;;;;;;;;;;;;;;;;;;;;;;;;;;;;;;;;;;;;;;;;;;;;;;X;;;;
718990;718-990;LEVEL SWITCH AMPLIFIER;REPAIR;;;;X;X;X;X;X;;;;;;;;;;;;;X;;;X;;;;;;;;;;;;;;;;;;;;;;;;;;;;;;;;;;;;;;;;;;;;;;;;;;;;;;;;;;;;;;;;;;;;;;;;;;X;;;;
71Y1;71Y1;TRANSFORMATEUR,ALIM;;REPAIR;;;X;X;;;;;;;;;;;;;;;;;;;;;;;;;;;;;;;;;;;;;;;;;;;;;;;;;;;X;;;;X;;;;;;;;;;;;;;;;;;;;;;;;;;;;;;;;;X;X;;;;;X;;;
72011402B;72011402B;COFFEE MAKER DA14;REPAIR;;;;X;X;X;X;X;;;;;;;;;;;;;X;X;X;X;X;X;X;X;X;X;;;;;;;;;;;;;;;;;;;;;;;;;;;;;;;;;;;;;;;;;;;;;;;;;;;;;;;;;;;;;;;;;;;;X;;;;
72011412;72011412;COFFEE MAKER DA14-2;REPAIR;;;;X;X;X;X;X;;;;;;;;;;;;;X;X;X;X;X;X;X;X;X;X;;;;;;;;;;;;;;;;;;;;;;;;;;;;;;;;;;;;;;;;;;;;;;;;;;;;;;;;;;;;;;;;;;;;X;;;;
72011413;72011413;COFFEE MAKER DA14;REPAIR;;;;X;X;X;X;X;;;;;;;;;;;;;X;;;X;;;;;;;;;;;;;;;;;;;;;;;;;;;;;;;;;;;;;;;;;;;;;;;;;;;;;;;;;;;;;;;;;;;;;;;;;;X;;;;
72011414;72011414;COFFEE MAKER DA14;REPAIR;;;;X;X;X;X;X;;;;;;;;;;;;;X;;;;;;X;;;;;;;;;;;;;;;;;;;;;;;;;;;;;;;;;;;;;;;;;;;;;;;;;;;;;;;;;;;;;;;;;;;;;;;X;;;;
72011500;72011500;COFFEE MAKER DA14;REPAIR;;;;X;X;X;X;X;;;;;;;;;;;;;X;;;X;;;;;;;;;;;;;;;;;;;;;;;;;;;;;;;;;;;;;;;;;;;;;;;;;;;;;;;;;;;;;;;;;;;;;;;;;;X;;;;
72011510;72011510;COFFEE MAKER DA14;REPAIR;;;;X;X;X;X;X;;;;;;;;;;;;;X;;;X;;;;;;;;;;;;;;;;;;;;;;;;;;;;;;;;;;;;;;;;;;;;;;;;;;;;;;;;;;;;;;;;;;;;;;;;;;X;;;;
72012400;72012400;COFFEE MAKER;REPAIR;;;;X;X;X;X;X;;;;;;;;;;;;;X;X;X;X;X;X;X;X;X;X;;;;;;;;;;;;;;;;;;;;;;;;;;;;;;;;;;;;;;;;;;;;;;;;;;;;;;;;;;;;;;;;;;;;X;;;;
72012410;72012410;COFFEE MAKER;REPAIR;;;;X;X;X;X;X;;;;;;;;;;;;;X;X;X;X;X;X;X;X;X;X;;;;;;;;;;;;;;;;;;;;;;;;;;;;;;;;;;;;;;;;;;;;;;;;;;;;;;;;;;;;;;;;;;;;X;;;;
72012420;72012420;COFFEE MAKER;REPAIR;;;;X;X;X;X;X;;;;;;;;;;;;;X;X;X;X;X;X;X;X;X;X;;;;;;;;;;;;;;;;;;;;;;;;;;;;;;;;;;;;;;;;;;;;;;;;;;;;;;;;;;;;;;;;;;;;X;;;;
72067000;72067000;HIGH SPEED OVEN DF700/DF775;REPAIR;;;;X;X;X;X;X;;;;;;;;;;;;;X;;X;X;X;X;X;X;X;X;X;;;X;;;X;;;;;;;;;;;;;;;;;;;;;;;;;;;;;;;;;;;;;;;;;;;;;;;;;;;;;;;;;;;;;X;;;;
72067001;72067001;HIGH SPEED OVEN DF700/DF775;REPAIR;;;;X;X;X;X;X;;;;;;;;;;;;;X;;X;X;X;X;X;X;X;X;X;;;X;;;X;;;;;;;;;;;;;;;;;;;;;;;;;;;;;;;;;;;;;;;;;;;;;;;;;;;;;;;;;;;;;X;;;;
72067002;72067002;HIGH SPEED OVEN DF700/DF775;REPAIR;;;;X;X;X;X;X;;;;;;;;;;;;;X;;;;;;X;X;X;;X;;;X;;;X;;;;;;;;;;;;;;;;;;;;;;;;;;;;;;;;;;;;;;;;;;;;;;;;;;;;;;;;;;;;;X;;;;
72067003;72067003;HIGH SPEED OVEN DF700/DF775;REPAIR;;;;X;X;X;X;X;;;;;;;;;;;;;X;;X;X;X;X;X;X;X;X;;;;;;;;;;;;;;;;;;;;;;;;;;;;;;;;;;;;;;;;;;;;;;;;;;;;;;;;;;;;;;;;;;;;X;;;;
72067004;72067004;HIGH SPEED OVEN DF700/DF775;REPAIR;;;;X;X;X;X;X;;;;;;;;;;;;;X;;X;X;X;X;X;X;X;X;;;;;;;;;;;;;;;;;;;;;;;;;;;;;;;;;;;;;;;;;;;;;;;;;;;;;;;;;;;;;;;;;;;;X;;;;
72067100;72067100;HIGH SPEED OVEN DF700/DF775;REPAIR;;;;X;X;X;X;X;;;;;;;;;;;;;X;;;;;;;;X;X;X;;;X;;;;;;;;;;;;;;;;;;;;;;;;;;;;;;;;;;;;;;;;;;;;;;;;;;;;;;;;;;;;;;;;X;;;;
72067101;72067101;HIGH SPEED OVEN DF700/DF775;REPAIR;;;;X;X;X;X;X;;;;;;;;;;;;;X;;X;X;X;X;X;X;X;X;;;;;;;;;;;;;;;;;;;;;;;;;;;;;;;;;;;;;;;;;;;;;;;;;;;;;;;;;;;;;;;;;;;;X;;;;
72067102;72067102;HIGH SPEED OVEN DF700/DF775;REPAIR;;;;X;X;X;X;X;;;;;;;;;;;;;X;;;;;;X;X;;;;;;;;;;;;;;;;;;;;;;;;;;;;;;;;;;;;;;;;;;;;;;;;;;;;;;;;;;;;;;;;;;;;;;X;;;;
72067750;72067750;HIGH SPEED OVEN DF700/DF775;REPAIR;;;;X;X;X;X;X;;;;;;;;;;;;;X;;;;;;X;X;;;X;;;X;;;X;;;;;;;;;;;;;;;;;;;;;;;;;;;;;;;;;;;;;;;;;;;;;;;;;;;;;;;;;;;;;X;;;;
72067751;72067751;HIGH SPEED OVEN DF700/DF775;REPAIR;;;;X;X;X;X;X;;;;;;;;;;;;;X;;;;;;;;;;;;;;;;;;;;;;;;;;;;;;;;;;;;;;;;;;;;;;;;;;;;;;;;;;;;;;;;;;;;;;;;;;;;;X;;;;
72067752;72067752;HIGH SPEED OVEN DF700/DF775;REPAIR;;;;X;X;X;X;X;;;;;;;;;;;;;X;;X;X;X;X;X;X;X;X;X;;;X;;;X;;;;;;;;;;;;;;;;;;;;;;;;;;;;;;;;;;;;;;;;;;;;;;;;;;;;;;;;;;;;;X;;;;
72067851;72067851;HIGH SPEED OVEN DF700/DF775;REPAIR;;;;X;X;X;X;X;;;;;;;;;;;;;X;;;;;;;;;;;;;;;;;;;;;;;;;;;;;;;;;;;;;;;;;;;;;;;;;;;;;;;;;;;;;;;;;;;;;;;;;;;;;X;;;;
72067852;72067852;HIGH SPEED OVEN DF700/DF775;REPAIR;;;;X;X;X;X;X;;;;;;;;;;;;;X;;;;;;;;;;;;;;;;;;;;;;;;;;;;;;;;;;;;;;;;;;;;;;;;;;;;;;;;;;;;;;;;;;;;;;;;;;;;;X;;;;
7207371;720737-1;SAFETY VALVE;OVERHAUL;;;;X;X;X;X;X;;;;;;;;;;;;;;;;;;;;;;;X;;;X;;;;;;;;;;;;;;;;;;;;;;;;;;;;;;;;;;;;;;;;;;;;;;;;;;;;;;;;;;;;;;;;X;;;;
7207372;720737-2;SAFETY VALVE;OVERHAUL;;;;X;X;X;X;X;;;;;;;;;;;;;;;;;;;;;;;X;;;X;;;;;;;;;;;;;;;;;;;;;;;;;;;;;;;;;;;;;;;;;;;;;;;;;;;;;;;;;;;;;;;;X;;;;
7207373;720737-3;SAFETY VALVE;OVERHAUL;;;;X;X;X;X;X;;;;;;;;;;;;;;;;;;;;;;;X;;;X;;;;;;;;;;;;;;;;;;;;;;;;;;;;;;;;;;;;;;;;;;;;;;;;;;;;;;;;;;;;;;;;X;;;;
7207374;720737-4;SAFETY VALVE;OVERHAUL;;;;X;X;X;X;X;;;;;;;;;;;;;;;;;;;;;;;X;;;X;;;;;;;;;;;;;;;;;;;;;;;;;;;;;;;;;;;;;;;;;;;;;;;;;;;;;;;;;;;;;;;;X;;;;
7207375;720737-5;SAFETY VALVE;OVERHAUL;;;;X;X;X;X;X;;;;;;;;;;;;;;;;;;;;;;;X;;;X;;;;;;;;;;;;;;;;;;;;;;;;;;;;;;;;;;;;;;;;;;;;;;;;;;;;;;;;;;;;;;;;X;;;;
7207376;720737-6;SAFETY VALVE;OVERHAUL;;;;X;X;X;X;X;;;;;;;;;;;;;;;;;;;;;;;X;;;X;X;;;;;;;;;;;;;;;;;;;;;;;;;;;;;;;;;;;;;;;;;;;;;;;;;;;;;;;;;;;;;;;X;;;;
7207377;720737-7;SAFETY VALVE;OVERHAUL;;;;X;X;X;X;X;;;;;;;;;;;;;;;;;;;;;;;X;;;X;;;;;;;;;;;;;;;;;;;;;;;;;;;;;;;;;;;;;;;;;;;;;;;;;;;;;;;;;;;;;;;;X;;;;
7208A01;7208A01;NON-RETURN VALVE;BENCH TEST;;;;X;X;X;X;X;;;;;;;;;;;;;X;X;X;X;;;;;;;;;;;;;;;;;;;;;;;;;;;;;;;;;;;;;;;;;;;;;;;;;;;;;;;;;;;;;;;;;;;;;;;;;;X;;;;
7216A01;7216A01;NON-RETURN VALVE;BENCH TEST;;;;X;X;X;X;X;;;;;;;;;;;;;X;X;X;X;;;;;;;;;;;;;;;;;;;;;;;;;;;;;;;;;;;;;;;;;;;;;;;;;;;;;;;;;;;;;;;;;;;;;;;;;;X;;;;
72180131;72180131;WATER BOILER;OVERHAUL;;;;X;X;X;X;X;;;;;;;;;;;;;X;;X;;;X;X;X;X;X;;;;;;;;;;;;;;;;;;;;;;;;;;;;;;;;;;;;;;;;;;;;;;;;;;;;;;;;;;;;;;;;;;;;X;;;;
72180132;72180132;WATER HEATER DR6-2B;OVERHAUL;;;;X;X;X;X;;;;;;;;;;;;;;X;;X;;;X;X;X;X;X;;;;;;;;;;;;;;;;;;;;;;;;;;;;;;;;;;;;;;;;;;;;;;;;;;;;;;;;;;;;;;;;;;;;X;;;;
72180133;72180133;WATER HEATER DR6-2B;OVERHAUL;;;;X;X;X;X;;;;;;;;;;;;;;X;;X;;;X;X;X;X;X;;;;;;;;;;;;;;;;;;;;;;;;;;;;;;;;;;;;;;;;;;;;;;;;;;;;;;;;;;;;;;;;;;;;X;;;;
72180134;72180134;WATER HEATER DR6-2B;OVERHAUL;;;;X;X;X;X;;;;;;;;;;;;;;X;;X;;;X;X;X;X;X;;;;;;;;;;;;;;;;;;;;;;;;;;;;;;;;;;;;;;;;;;;;;;;;;;;;;;;;;;;;;;;;;;;;X;;;;
72180135;72180135;WATER HEATER DR6-2B;OVERHAUL;;;;X;X;X;X;;;;;;;;;;;;;;X;;X;;;X;X;X;X;X;;;;;;;;;;;;;;;;;;;;;;;;;;;;;;;;;;;;;;;;;;;;;;;;;;;;;;;;;;;;;;;;;;;;X;;;;
72180137;72180137;WATER HEATER DR6-2B;OVERHAUL;;;;X;X;X;X;;;;;;;;;;;;;;X;;X;;;X;X;X;X;X;;;;;;;;;;;;;;;;;;;;;;;;;;;;;;;;;;;;;;;;;;;;;;;;;;;;;;;;;;;;;;;;;;;;X;;;;
72180138;72180138;WATER HEATER DR6-2B;OVERHAUL;;;;X;X;X;X;;;;;;;;;;;;;;X;;X;;;X;X;X;X;X;;;;;;;;;;;;;;;;;;;;;;;;;;;;;;;;;;;;;;;;;;;;;;;;;;;;;;;;;;;;;;;;;;;;X;;;;
72184002B;72184002B;WATER HEATER;OVERHAUL;;;;X;X;X;X;;;;;;;;;;;;;;X;X;X;X;;;X;X;X;X;;;;;;;;;;;;;;;;;;;;;;;;;;;;;;;;;;;;;;;;;;;;;;;;;;;;;;;;;;;;;;;;;;;;X;;;;
72184003B;72184003B;WATER HEATER;OVERHAUL;;;;X;X;X;X;X;;;;;;;;;;;;;X;X;X;X;;;X;X;X;X;;;;;;;;;;;;;;;;;;;;;;;;;;;;;;;;;;;;;;;;;;;;;;;;;;;;;;;;;;;;;;;;;;;;X;;;;
72184004;72184004;WATER HEATER;OVERHAUL;;;;X;X;X;X;;;;;;;;;;;;;;X;X;X;X;;;X;X;X;X;;;;;;;;;;;;;;;;;;;;;;;;;;;;;;;;;;;;;;;;;;;;;;;;;;;;;;;;;;;;;;;;;;;;X;;;;
72184006;72184006;WATER HEATER;OVERHAUL;;;;X;X;X;X;;;;;;;;;;;;;;X;X;X;X;;;X;X;X;X;;;;;;;;;;;;;;;;;;;;;;;;;;;;;;;;;;;;;;;;;;;;;;;;;;;;;;;;;;;;;;;;;;;;X;;;;
72184007B;72184007B;WATER HEATER;OVERHAUL;;;;X;X;X;X;;;;;;;;;;;;;;X;X;X;X;;;X;X;X;X;;;;;;;;;;;;;;;;;;;;;;;;;;;;;;;;;;;;;;;;;;;;;;;;;;;;;;;;;;;;;;;;;;;;X;;;;
72184008B;72184008B;WATER HEATER;OVERHAUL;;;;X;X;X;X;;;;;;;;;;;;;;X;X;X;X;;;X;X;X;X;;;;;;;;;;;;;;;;;;;;;;;;;;;;;;;;;;;;;;;;;;;;;;;;;;;;;;;;;;;;;;;;;;;;X;;;;
72184011B;72184011B;WATER HEATER;OVERHAUL;;;;X;X;X;X;;;;;;;;;;;;;;X;X;X;X;;;X;X;X;X;;;;;;;;;;;;;;;;;;;;;;;;;;;;;;;;;;;;;;;;;;;;;;;;;;;;;;;;;;;;;;;;;;;;X;;;;
72184012B;72184012B;WATER HEATER;OVERHAUL;;;;X;X;X;X;X;;;;;;;;;;;;;X;X;X;X;;;X;X;X;X;;;;;;;;;;;;;;;;;;;;;;;;;;;;;;;;;;;;;;;;;;;;;;;;;;;;;;;;;;;;;;;;;;;;X;;;;
72184013B;72184013B;WATER HEATER;OVERHAUL;;;;X;X;X;X;;;;;;;;;;;;;;X;X;X;X;;;X;X;X;X;;;;;;;;;;;;;;;;;;;;;;;;;;;;;;;;;;;;;;;;;;;;;;;;;;;;;;;;;;;;;;;;;;;;X;;;;
72184015B;72184015B;WATER HEATER;OVERHAUL;;;;X;X;X;X;;;;;;;;;;;;;;X;X;X;X;;;X;X;X;X;;;;;;;;;;;;;;;;;;;;;;;;;;;;;;;;;;;;;;;;;;;;;;;;;;;;;;;;;;;;;;;;;;;;X;;;;
72184017B;72184017B;WATER HEATER;OVERHAUL;;;;X;X;X;X;;;;;;;;;;;;;;X;X;X;X;;;X;X;X;X;;;;;;;;;;;;;;;;;;;;;;;;;;;;;;;;;;;;;;;;;;;;;;;;;;;;;;;;;;;;;;;;;;;;X;;;;
72184018;72184018;WATER HEATER;OVERHAUL;;;;X;X;X;X;;;;;;;;;;;;;;X;X;X;X;;;X;X;X;X;;;;;;;;;;;;;;;;;;;;;;;;;;;;;;;;;;;;;;;;;;;;;;;;;;;;;;;;;;;;;;;;;;;;X;;;;
72184019;72184019;WATER HEATER;OVERHAUL;;;;X;X;X;X;;;;;;;;;;;;;;X;X;X;X;;;X;X;X;X;;;;;;;;;;;;;;;;;;;;;;;;;;;;;;;;;;;;;;;;;;;;;;;;;;;;;;;;;;;;;;;;;;;;X;;;;
72184025;72184025;WATER HEATER;OVERHAUL;;;;X;X;X;X;;;;;;;;;;;;;;X;X;X;X;;;X;X;X;X;;;;;;;;;;;;;;;;;;;;;;;;;;;;;;;;;;;;;;;;;;;;;;;;;;;;;;;;;;;;;;;;;;;;X;;;;
72184100;72184100;WATER HEATER DR4100;REPAIR;;;;X;X;X;X;;;;;;;;;;;;;;X;;;;;;;;X;X;;;;;;;;;;;;;;;;;;;;;;;;;;;;;;;;;;;;;;;;;;;;;;;;;;;;;;;;;;;;;;;;;;;;X;;;;
72184101;72184101;WATER HEATER DR4100;REPAIR;;;;X;X;X;X;;;;;;;;;;;;;;X;;;;;;;;X;X;;;;;;;;;;;;;;;;;;;;;;;;;;;;;;;;;;;;;;;;;;;;;;;;;;;;;;;;;;;;;;;;;;;;X;;;;
72184105;72184105;WATER HEATER DR4100;REPAIR;;;;X;X;X;X;X;;;;;;;;;;;;;X;;;;;;;;X;X;;;;;;;;;;;;;;;;;;;;;;;;;;;;;;;;;;;;;;;;;;;;;;;;;;;;;;;;;;;;;;;;;;;;X;;;;
72184106;72184106;WATER HEATER DR4100;REPAIR;;;;X;X;X;X;;;;;;;;;;;;;;X;;;;;;;;X;X;;;;;;;;;;;;;;;;;;;;;;;;;;;;;;;;;;;;;;;;;;;;;;;;;;;;;;;;;;;;;;;;;;;;X;;;;
72184108;72184108;WATER HEATER DR4100;REPAIR;;;;X;X;X;X;;;;;;;;;;;;;;X;;;;;;;;X;X;;;;;;;;;;;;;;;;;;;;;;;;;;;;;;;;;;;;;;;;;;;;;;;;;;;;;;;;;;;;;;;;;;;;X;;;;
72184109;72184109;WATER HEATER DR4100;REPAIR;;;;X;X;X;X;;;;;;;;;;;;;;X;;;;;;;;X;X;;;;;;;;;;;;;;;;;;;;;;;;;;;;;;;;;;;;;;;;;;;;;;;;;;;;;;;;;;;;;;;;;;;;X;;;;
72184110;72184110;WATER HEATER DR4100;REPAIR;;;;X;X;X;X;;;;;;;;;;;;;;X;;;;;;;;X;X;;;;;;;;;;;;;;;;;;;;;;;;;;;;;;;;;;;;;;;;;;;;;;;;;;;;;;;;;;;;;;;;;;;;X;;;;
72184113;72184113;WATER HEATER DR4100;REPAIR;;;;X;X;X;X;;;;;;;;;;;;;;X;;;;;;;;X;X;;;;;;;;;;;;;;;;;;;;;;;;;;;;;;;;;;;;;;;;;;;;;;;;;;;;;;;;;;;;;;;;;;;;X;;;;
72184115;72184115;WATER HEATER DR4100;REPAIR;;;;X;X;X;X;;;;;;;;;;;;;;X;;;;;;;;X;X;;;;;;;;;;;;;;;;;;;;;;;;;;;;;;;;;;;;;;;;;;;;;;;;;;;;;;;;;;;;;;;;;;;;X;;;;
72184117;72184117;WATER HEATER DR4100;REPAIR;;;;X;X;X;X;;;;;;;;;;;;;;X;;;;;;;;X;X;;;;;;;;;;;;;;;;;;;;;;;;;;;;;;;;;;;;;;;;;;;;;;;;;;;;;;;;;;;;;;;;;;;;X;;;;
722031;722-031;LEVEL SWITCH AMPLIFIER;REPAIR;;;;X;X;X;X;X;;;;;;;;;;;;;X;;X;;;;;;;;;;;;;;;;;;;;;;;;;;;;;;;;;;;;;;;;;;;;;;;;;;;;;;;;;;;;;;;;;;;;;;;;;;;X;;;;
722113;722-113;LEVEL SWITCH AMPLIFIER;REPAIR;;;;X;X;X;X;X;;;;;;;;;;;;;X;;X;;;;;;;;;;;;;;;;;;;;;;;;;;;;;;;;;;;;;;;;;;;;;;;;;;;;;;;;;;;;;;;;;;;;;;;;;;;X;;;;
7221131;722-113-1;LEVEL SWITCH AMPLIFIER;REPAIR;;;;X;X;X;X;X;;;;;;;;;;;;;X;;X;;;;;;;;;;;;;;;;;;;;;;;;;;;;;;;;;;;;;;;;;;;;;;;;;;;;;;;;;;;;;;;;;;;;;;;;;;;X;;;;
7221391;722-139-1;HIGH LEVEL SENSOR;;OVERHAUL;;;X;X;X;X;X;;;;;;;;;;;;;;;;;;;;;;;;;;;;;;;;;;;;;;;;;;;;;;;;X;;;;X;;;;;;;;;;;;;;;;;;;;;;;;;;;;;;;;;;;;;;;X;;;
7221431;722-143-1;LEVEL SWITCH AMPLIFIER;REPAIR;;;;X;X;X;X;X;;;;;;;;;;;;;X;;;X;;;;;;;;;;;;;;;;;;;;;;;;;;;;;;;;;;;;;;;;;;;;;;;;;;;;;;;;;;;;;;;;;;;;;;;;;;X;;;;
7222621;722-262-1;LEVEL SWITCH AMPLIFIER;REPAIR;;;;X;X;X;X;X;;;;;;;;;;;;;X;;X;;;;;;;;;;;;;;;;;;;;;;;;;;;;;;;;;;;;;;;;;;;;;;;;;;;;;;;;;;;;;;;;;;;;;;;;;;;X;;;;
7222953;722-295-3;LEVEL SWITCH AMPLIFIER;REPAIR;;;;X;X;X;X;X;;;;;;;;;;;;;X;;;X;;;;;;;;;;;;;;;;;;;;;;;;;;;;;;;;;;;;;;;;;;;;;;;;;;;;;;;;;;;;;;;;;;;;;;;;;;X;;;;
722378;722-378;LEVEL SWITCH AMPLIFIER;REPAIR;;;;X;X;X;X;X;;;;;;;;;;;;;X;;X;;;;;;;;;;;;;;;;;;;;;;;;;;;;;;;;;;;;;;;;;;;;;;;;;;;;;;;;;;;;;;;;;;;;;;;;;;;X;;;;
7224041;722-404-1;HIGH LEVEL SENSOR;;BENCH TEST;;;X;X;;;;;;;;;;;;;;;;;;;;;;;;;;;;;;;;;;;;;;X;;;;X;;;;;;;;;;;;;;;;;;;;;;;;;;;;;;;;;;;;;;;;;;;;;;;;;;;;X;;;
7224042;722-404-2;HIGH LEVEL SENSOR;;BENCH TEST;;;X;X;;;;;;;;;;;;;;;;;;;;;;;;;;;;;;;;;;;;;;;;;;;;;;;;;;;;;;;;;;;;;;;;;;;;;;;;;;;;;;;;X;;;;;;;;;;;;;;X;;;
723681;72368-1;PUMP;;OVERHAUL;;;X;X;;X;;;;;;;;;;;;;;;;;;;;;;;;;;;;;;;;;;;;;;;;;;;;;;;;;;;;;;;;;;;;;;;;;;;;;;;;;;;;;;;;;;;;;;;;;X;;;X;;;
7243988;72-43988;VALVE, RELIEF;OVERHAUL;;;;X;X;X;X;X;;;;;;X;;;;X;X;;;;;;;;;;;;;;;;;;;;;;;;;;;;;;;;;;;;;;;;;;;;;;;;;;;;;;;;;;;;;;;;;;;;;;;;;;;;;;;X;;;;
7248271;724827-1;SAFETY VALVE;OVERHAUL;;;;X;X;X;X;X;;;;;;;;;;;;;;;;;;;;;;;X;;;X;;;;;;;;;;;;;;;;;;;;;;;;;;;;;;;;;;;;;;;;;;;;;;;;;;;;;;;;;;;;;;;;X;;;;
7248272;724827-2;SAFETY VALVE;OVERHAUL;;;;X;X;X;X;X;;;;;;;;;;;;;;;;;;;;;;;X;;;X;;;;;;;;;;;;;;;;;;;;;;;;;;;;;;;;;;;;;;;;;;;;;;;;;;;;;;;;;;;;;;;;X;;;;
7258A01;7258A01;NON-RETURN VALVE;OVERHAUL;;;;X;X;X;X;X;;;;;;;;;;;;;X;X;X;X;;;;;;;;;;;;;;;;;;;;;;;;;;;;;;;;;;;;;;;;;;;;;;;;;;;;;;;;;;;;;;;;;;;;;;;;;;X;;;;
7266A01;7266A01;NON-RETURN VALVE;OVERHAUL;;;;X;X;X;X;X;;;;;;;;;;;;;X;X;X;X;;;;;;;;;;;;;;;;;;;;;;;;;;;;;;;;;;;;;;;;;;;;;;;;;;;;;;;;;;;;;;;;;;;;;;;;;;X;;;;
727086630;727-0866-30;REAR NAVIGATION LIGHT;;REPAIR;;;X;X;;X;;;;;;;;;;;;;;;;;;;;;;;;;;;;;;;;;;;;;;;;;;;;;;;;;;;;;;;;;;;;;;;;;;;;;;;;;;;;;;;;;;;;;;;;;X;;;X;;;
731114D;731114D;INTEGRATED DRIVE GENERATOR;;OVERHAUL;;;X;;;;;;;;;X;;;;;;;;;;;;;;;;;;X;;;;;;;;;;;X;;;;;;;;;;;;;;;;;;;;;;;;;;;;;;;;;;;;;;;;;;;;;;;;;;;;;;;;;X;;;
732702230;7327022-30;OUTER CYLINDER;OVERHAUL;;;;X;;;;;;;;;X;;;;;;;;;;;;;;;;;;X;;;;;;;;;;;X;;;;;;;;;;;;;;;;;;;;;;;;;;;;;;;;;;;;;;;;;;;;;;;;;;;;;;;;X;;;;
7330A161;7330A16-1;ROBINET DOSEUR;BENCH TEST;;;;X;;;;;;;;;;;;;;;;;;;;;;;;;;;;;;;;;;;;;;;;;;;;;;;;;;;;X;X;;;;;;;;;;;;;;;;;;;;;;;;;;;;;;;;;;;;;;;;;X;;;;
733A000001;733A0000-01;3/2 WAY SOLENOID VALVE;REPAIR;;;;X;X;X;X;X;;;;;;;;;;;;;X;;;;X;X;X;X;;;;;;;;;;;;;;;;;;;;;;;;;;;;;;;;;;;;;;;;;;;;;;;;;;;;;;;;;;;;;;;;;;;;;;X;;;;
7343656;73-43656;PUMP, HAND;OVERHAUL;;;;X;X;X;X;X;;;X;;;X;;;;X;X;;;;;;;;;;;;;;;;;;;;;;;;;;;;;;;;;;;;;;;;;;;;;;;;;;;;;;;;;;;;;;;;;;;;;;;;;;;;;;;X;;;;
7343995;73-43995;RESTRICTOR, TWO WAY;OVERHAUL;;;;X;X;X;X;X;;;X;;;X;;;;X;;;;;;;;;;;;;;;;;;;;;;;;;;;;;;;;;;;;;;;;;;;;;;;;;;;;;;;;;;;;;;;;;;;;;;;;;;;;;;;;X;;;;
735511A;735511A;CSD UNIT;;OVERHAUL;;;X;X;;X;X;;;;;;;;;;;;;;;;;;;;;;;X;;;X;;;;;;;;;;;;;;;;;;;;;;;;;;;;;;;;;;;;;;;;;;;;;;;;;;;;;;;;;;;;;;;;;X;;;
735615B;735615B;WIRING HARNESS;;INSPECTED;;;X;;;;;;;;;;;;;;;;;;;;;;;;;;;X;;;X;;;;;;;;;;;;;;;;;;;;;;;;;;;;;;;;;;;;;;;;;;;;;;;;;;;;;;;;;;;;;;;;;X;;;
735697;735697;INPUT HOUSING;;INSPECTED;;;X;;;;;;;;;;;;;;;;;;;;;;;;;;;X;;;X;;;;;;;;;;;;;;;;;;;;;;;;;;;;;;;;;;;;;;;;;;;;;;;;;;;;;;;;;;;;;;;;;X;;;
737837B;737837B;PUMP AND MOTOR;;INSPECTED;;;X;;;;;;;;;;;;;;;;;;;;;;;;;;;X;;;X;;;;;;;;;;;;;;;;;;;;;;;;;;;;;;;;;;;;;;;;;;;;;;;;;;;;;;;;;;;;;;;;;X;;;
738292;738292;DUAL-CHANNEL FUEL GAGE AMPLIFIER;REPAIR;;;;X;X;X;X;X;;;;;;X;;X;;;;;;;;;;;;;;;;;;;;;;;;;;;;;;;;;;;;;;;;;;;;;;;;;;;;;;;;;;;;;;;;;;;;;;;;;;;;;;;;;;X;;;;
738440;738440;Charge Pump / IDG 740508;;REPAIR;;;X;;;;;;;;;;;;;;;;;;;;;;;;;;;;;;;;;;;;;;;;;;;;;;;;;;;;;;;;;;;;;;;;;;;;;;;;;;;;;;;;;;;;;;;;;X;X;;;;;X;;;
73844318;73844318;COOLER PACK;;OVERHAUL;;;X;;;;;;;;;;;;;;;;;;;;;;;;;;;;;;;;;;;;;;;;;;;;;X;;;X;;;;;;;;;;;;;;;;;;;;;;;;;;;;;;;;;;;;;;;;;;;;;;;X;;;
73844318;738443-18;COOLER PACK;;REPAIR;;;X;X;;;;;;;;;;;;;;;;;;;;;;;;;;;;;;;;;;;;;;;;;;;;X;;X;X;;;;;;;;;;;;;;;;;;;;;;;;;;;;;;;;;;;;;;;;;;;;;;;X;;;
738461;738461;Inversion Pump / IDG 740508;;REPAIR;;;X;;;;;;;;;;;;;;;;;;;;;;;;;;;;;;;;;;;;;;;;;;;;;;;;;;;;;;;;;;;;;;;;;;;;;;;;;;;;;;;;;;;;;;;;;X;X;;;;;X;;;
7400;74-00;FIRE EXTINGUISHER;;TEST;;;X;X;;X;;;;;;;;;;;;;;;;;;;;;;;;;;;;;;;;;;;;X;X;;;;;;;;;;;;;;;;;;;;;;;;;;;;;;;;;;;;;;;;;;;;;;;;;;;;;;;X;;;
740119;740119;INTEGRATED DRIVE GENERATOR;;OVERHAUL;;;X;X;;X;;;;;;;;;;;;;;X;;;;;;X;;;;;;;;;;;;;;;;;;;;;;;;;;;;;;;;;;;;;;;;;;;;;;;;;;;;;;;;;;;;;;;;;; ; ;;;;;X;;;
740119A;740119A;INTEGRATED DRIVE GENERATOR;;OVERHAUL;;;X;X;;X;;;;;;;;;;;;;;X;;;;;;X;;;;;;;;;;;;;;;;;;;;;;;;;;;;;;;;;;;;;;;;;;;;;;;;;;;;;;;;;;;;;;;;;; ; ;;;;;X;;;
740119B;740119B;INTEGRATED DRIVE GENERATOR;;OVERHAUL;;;X;X;;X;;;;;;;;;;;;;;X;;;;;;X;;;;;;;;;;;;;;;;;;;;;;;;;;;;;;;;;;;;;;;;;;;;;;;;;;;;;;;;;;;;;;;;;; ; ;;;;;X;;;
740119C;740119C;INTEGRATED DRIVE GENERATOR;;OVERHAUL;;;X;X;;X;;;;;;;;;;;;;;X;;;;;;X;;;;;;;;;;;;;;;;;;;;;;;;;;;;;;;;;;;;;;;;;;;;;;;;;;;;;;;;;;;;;;;;;; ; ;;;;;X;;;
740119D;740119D;INTEGRATED DRIVE GENERATOR;;OVERHAUL;;;X;X;;X;;;;;;;;;;;;;;X;;;;;;X;;;;;;;;;;;;;;;;;;;;;;;;;;;;;;;;;;;;;;;;;;;;;;;;;;;;;;;;;;;;;;;;;; ; ;;;;;X;;;
740119E;740119E;INTEGRATED DRIVE GENERATOR;;OVERHAUL;;;X;X;;X;;;;;;;;;;;;;;X;;;;;;X;;;;;;;;;;;;;;;;;;;;;;;;;;;;;;;;;;;;;;;;;;;;;;;;;;;;;;;;;;;;;;;;;; ; ;;;;;X;;;
740119F;740119F;INTEGRATED DRIVE GENERATOR;;OVERHAUL;;;X;X;;X;;;;;;;;;;;;;;X;;;;;;X;;;;;;;;;;;;;;;;;;;;;;;;;;;;;;;;;;;;;;;;;;;;;;;;;;;;;;;;;;;;;;;;;; ; ;;;;;X;;;
740119G;740119G;INTEGRATED DRIVE GENERATOR;;OVERHAUL;;;X;X;;X;;;;;;;;;;;;;;X;;;;;;X;;;;;;;;;;;;;;;;;;;;;;;;;;;;;;;;;;;;;;;;;;;;;;;;;;;;;;;;;;;;;;;;;; ; ;;;;;X;;;
740119H;740119H;INTEGRATED DRIVE GENERATOR;;OVERHAUL;;;X;X;;X;;;;;;;;;;;;;;X;;;;;;X;;;;;;;;;;;;;;;;;;;;;;;;;;;;;;;;;;;;;;;;;;;;;;;;;;;;;;;;;;;;;;;;;; ; ;;;;;X;;;
7401211100200;740121-110-0200;SEAT;;REPAIR;;;X;X;;X;;;;;;;;;;;;;;;;;;;;;;;;;;;;;;;;;;;;X;X;;;;;;;;;;;;;;;;;;;;;;;;;;;;;;;;;;;;;;;;;;;;;;;;;;;;;;;X;;;
7401211100244;740121-110-0244;SEAT;;REPAIR;;;X;X;;X;;;;;;;;;;;;;;;;;;;;;;;;;;;;;;;;;;;;X;X;;;;;;;;;;;;;;;;;;;;;;;;;;;;;;;;;;;;;;;;;;;;;;;;;;;;;;;X;;;
7401211100700;740121-110-0700;SEAT;;REPAIR;;;X;X;;;;;;;;;;;;;;;;;;;;;;;;;;;;;;;;;;;;;;;;;;;;;;;;;;;;;;;;;;;;;;;;;;;;;;;;;;;;;;;;;;;;;;;;X;;X;;;;X;;;
740123A;740123A;ADAPTER QAD;;INSPECTED;;;X;;;;;;;;;;;;;;;;;X;;;;;X;X;X;;;;;;;;;;;;;;;;;;;;;;;;;;;;;;;;;;;;;;;;;;;;;;;;;;;;;;;;;;;;;;;;;;;;;;;X;;;
7404SB01;7404SB01;VALVE, NO RETURN;BENCH TEST;;;;X;X;X;X;X;;;;;;;;;;;;;X;X;X;X;;;;;;;;;;;;;;;;;;;;;;;;;;;;;;;;;;;;;;;;;;;;;;;;;;;;;;;;;;;;;;;;;;;;;;;;;;X;;;;
740508;740508;INTEGRATED DRIVE GENERATOR;;OVERHAUL;;;X;X;;X;;;;;;;;;;;;;;;;;;;;;;;;;;;;;;;;;;;;;;;;;;;;;;;;;;;;;;;;;;;;;;;;;;;;;;;;;;;;;;;;;;;;;;X;X;;;;;X;;;
7406SB01;7406SB01;VALVE, NO RETURN;BENCH TEST;;;;X;X;X;X;X;;;;;;;;;;;;;X;X;X;X;;;;;;;;;;;;;;;;;;;;;;;;;;;;;;;;;;;;;;;;;;;;;;;;;;;;;;;;;;;;;;;;;;;;;;;;;;X;;;;
7408SB01;7408SB01;VALVE, NO RETURN;BENCH TEST;;;;X;X;X;X;X;;;X;;;;;;;;;;X;X;X;X;;;;;;;;;;;;;;;;;;;;;;;;;;;;;;;;;;;;;;;;;;;;;;;;;;;;;;;;;;;;;;;;;;;;;;;;;;X;;;;
741023;741023;Center Housing / IDG 740508;;REPAIR;;;X;;;;;;;;;;;;;;;;;;;;;;;;;;;;;;;;;;;;;;;;;;;;;;;;;;;;;;;;;;;;;;;;;;;;;;;;;;;;;;;;;;;;;;;;;X;X;;;;;X;;;
7410SB01;7410SB01;VALVE, NO RETURN;BENCH TEST;;;;X;X;X;X;X;;;;;;;;;;;;;X;X;;;;;;;;;;;;;;;;;;;;;;;;;;;;;;;;;;;;;;;;;;;;;;;;;;;;;;;;;;;;;;;;;;;;;;;;;;;;X;;;;
7412SB01;7412SB01;VALVE, NO RETURN;BENCH TEST;;;;X;X;X;X;X;;;;;;;;;;;;;X;X;X;X;;;;;;;;;;;;;;;;;;;;;;;;;;;;;;;;;;;;;;;;;;;;;;;;;;;;;;;;;;;;;;;;;;;;;;;;;;X;;;;
741434;741434;Electrical Harness / IDG 740508;;REPAIR;;;X;;;;;;;;;;;;;;;;;;;;;;;;;;;;;;;;;;;;;;;;;;;;;;;;;;;;;;;;;;;;;;;;;;;;;;;;;;;;;;;;;;;;;;;;;X;X;;;;;X;;;
741439;741439;Stator Housing Assy / IDG 740508;;REPAIR;;;X;;;;;;;;;;;;;;;;;;;;;;;;;;;;;;;;;;;;;;;;;;;;;;;;;;;;;;;;;;;;;;;;;;;;;;;;;;;;;;;;;;;;;;;;;X;X;;;;;X;;;
741442;741442;Pump and Motor/ IDG 740508;;REPAIR;;;X;;;;;;;;;;;;;;;;;;;;;;;;;;;;;;;;;;;;;;;;;;;;;;;;;;;;;;;;;;;;;;;;;;;;;;;;;;;;;;;;;;;;;;;;;X;X;;;;;X;;;
741485;741485;Differential/ IDG 740508;;REPAIR;;;X;;;;;;;;;;;;;;;;;;;;;;;;;;;;;;;;;;;;;;;;;;;;;;;;;;;;;;;;;;;;;;;;;;;;;;;;;;;;;;;;;;;;;;;;;X;X;;;;;X;;;
741495A;741495A;Scavenge pump/ IDG 740508;;REPAIR;;;X;X;;X;;;;;;;;;;;;;;;;;;;;;;;;;;;;;;;;;;;;X;X;;;;;;;;;;;;;;;;;;;;;;;;;;;;;;;;;;;;;;;;;;;;;;;;;;;;;;;X;;;
741512;741512;AC Generator / IDG 740508;;REPAIR;;;X;;;;;;;;;;;;;;;;;;;;;;;;;;;;;;;;;;;;;;;;;;;;;;;;;;;;;;;;;;;;;;;;;;;;;;;;;;;;;;;;;;;;;;;;;X;X;;;;;X;;;
74170208;741702-08;DOUBLE SEATS;;REPAIR;;;X;X;;X;;;;;;;;;;;;;;;;;;;;;;;;;;;;;;;;;;;;X;X;;;;;;;;;;;;;;;;;;;;;;;;;;;;;;;;;;;;;;;;;;;;;;;;;;;;;;;X;;;
74171207;741712-07;DOUBLE SEATS;;REPAIR;;;X;X;;X;;;;;;;;;;;;;;X;;;;;;X;;;;;;;;;;;;;;;;;;;;;;;;;;;;;;;;;;;;;;;;;;;;;;;;;;;;;;;;;;;;;;;;;;;;;;;;X;;;
7420;74-20;PORTABLE FIRE EXTINGUISHER;;INSPECTION;;;X;;;;;;;;;;;;;;;;;;;;;;;;;;;;;;;;;;;;;;;;;;;;;;;;;;;;;;;;;;;;;;;;;;;;;;;;;;;;;;;;;;;;;;;;;X;X;;;;;X;;;
742051;742051;ROTOR;;REPAIR;;;X;;;;;;;;;;;;;;;;;;;;;;;;;;;;;;;;;;;;;;;;;;;;;;;;;;;;;;;;;;;;;;;;;;;;;;;;;;;;;;;;;;;;;;;;;X;X;;;;;X;;;
742074;742074;INDICATOR;REPAIR;;;;X;X;X;X;X;;;;;;X;;;;;;;;;;;;;;;;;;;;;;;;;;;;;;;;;;;;;;;;;;;;;;;;;;;;;;;;;;;;;;;;;;;;;;;;;;;;;;;;;;;;X;;;;
74228710;742287-1-0;INDICATOR;REPAIR;;;;X;X;X;X;X;;;;;;X;;;;;;;;;;;;;;;;;;;;;;;;;;;;;;;;;;;;;;;;;;;;;;;;;;;;;;;;;;;;;;;;;;;;;;;;;;;;;;;;;;;;X;;;;
74228810;742288-1-0;INDICATOR;REPAIR;;;;X;X;X;X;X;;;;;;X;;;;;;;;;;;;;;;;;;;;;;;;;;;;;;;;;;;;;;;;;;;;;;;;;;;;;;;;;;;;;;;;;;;;;;;;;;;;;;;;;;;;X;;;;
74228910;742289-1-0;INDICATOR;REPAIR;;;;X;X;X;X;X;;;;;;X;;;;;;;;;;;;;;;;;;;;;;;;;;;;;;;;;;;;;;;;;;;;;;;;;;;;;;;;;;;;;;;;;;;;;;;;;;;;;;;;;;;;X;;;;
74229010;742290-1-0;INDICATOR;REPAIR;;;;X;X;X;X;X;;;;;;X;;;;;;;;;;;;;;;;;;;;;;;;;;;;;;;;;;;;;;;;;;;;;;;;;;;;;;;;;;;;;;;;;;;;;;;;;;;;;;;;;;;;X;;;;
74234410;742344-1-0;MAIN TANK INDICATING PANEL;REPAIR;;;;X;X;X;X;X;;;;;;X;;;;;;;;;;;;;;;;;;;;;;;;;;;;;;;;;;;;;;;;;;;;;;;;;;;;;;;;;;;;;;;;;;;;;;;;;;;;;;;;;;;;X;;;;
74236610;742366-1-0;INDICATOR;REPAIR;;;;X;X;X;X;X;;;;;;X;;;;;;;;;;;;;;;;;;;;;;;;;;;;;;;;;;;;;;;;;;;;;;;;;;;;;;;;;;;;;;;;;;;;;;;;;;;;;;;;;;;;X;;;;
742390A;742390A;Input Housing Assy / IDG 740508;;REPAIR;;;X;X;;X;;;;;;;;;;;;;;;;;;;;;;;;;;;;;;;;;;;;;;;;;;;;;;;;;;;;;;;;;;;;;;;;;X;;;;;;;;;;;;;X;;;;;;;;;;;;;;X;;;
74268310;742683-1-0;INDICATOR;REPAIR;;;;X;X;X;X;X;;;;;;X;;;;;;;;;;;;;;;;;;;;;;;;;;;;;;;;;;;;;;;;;;;;;;;;;;;;;;;;;;;;;;;;;;;;;;;;;;;;;;;;;;;;X;;;;
743036410;7430364-10;ACTUATOR BEAM;OVERHAUL;;;;X;;;;;;;;;X;;;;;;;;;;;;;;;;;;X;;;;;;;;;;;X;;;;;;;;;;;;;;;;;;;;;;;;;;;;;;;;;;;;;;;;;;;;;;;;;;;;;;;;X;;;;
744082;744-082;DIGITAL FLOWMETER;;REPAIR;;;X;X;;X;;;;;;X;X;;;X;;;;;;;;;;;;;;;;;;;;;;;;;;;;;;;;;;;;;;;;;;;;;;;;;;;;;;;;;;;;;;;;;;;;;;;;;;;;;;;;;;X;;;
7440823;744-082-3;DIGITAL FLOWMETER;;REPAIR;;;X;X;;X;;;;;;X;X;;;X;;;;;;;;;;;;;;;;;;;;;;;;;;;;;;;;;;;;;;;;;;;;;;;;;;;;;;;;;;;;;;;;;;;;;;;;;;;;;;;;;;X;;;
7440981;744-098-1;DIGITAL FLOWMETER;;REPAIR;;;X;X;;X;;;;;;X;X;;;;;;;;;;;;;;;;;;;;;;;;;;;;;;;;;;;;;;;;;;;;;;;;;;;;;;;;;;;;;;;;;;;;;;;;;;;;;;;;;;;;;X;;;
744138;744-138;INDICATOR, FUEL FLOW;REPAIR;REPAIR;;;X;X;X;X;;;;;;;X;;X;;X;X;;;;;;;;;;;;;;;;;;;;;;;;;;;;;;;;;;;;;;;;;;;;;;;;;;;;;;;;;;;;;;;;;;;;;;;;;;;;;;;X;X;;;
7443995;74-43995;RESTRICTOR, TWO WAY;OVERHAUL;;;;X;X;X;X;X;;;;;;X;;;;X;;;;;;;;;;;;;;;;;;;;;;;;;;;;;;;;;;;;;;;;;;;;;;;;;;;;;;;;;;;;;;;;;;;;;;;;;;;;;;;;X;;;;
7453191;7-45319-1;LAVATORY AND GALLEY WATER ;;REPAIR;;;X;X;;X;;;;;;;;;;;;;;;;;;;;;;;;;;;;;;;;;;;;;;;;;;;;;;;;;;;;;;;;;;;;;;;;;X;;;;;;;;;;;;;X;;;;;;;;;;;;;;X;;;
7453194;7-45319-4;LAVATORY AND GALLEY WATER ;;REPAIR;;;X;X;;X;;;;;;;;;;;;;;;;;;;;;;;;;;;;;;;;;;;;;;;;;;X;;;;;X;;;;;;;;;;;;;;;;;;;;;;;;;;;;;;;;;;;;;;;;;;;;;X;;;
7455503;7-45550-3;LEVER, LANDING GEAR CONTR;;REPAIR;;;X;X;;;;;;;;;;;;;;;;;;;;;;;;;;;;;;;;;;;;;;;;;;;;X;;;;X;X;;;;;;;;;;;;;;;;;;;;;;;;X;X;;;;;;X;;;;;;;;;;;;;;X;;;
745A000001;745A0000-01;TRIM AIR CHECK VALVE;OVERHAUL;;;;X;X;X;X;X;;;;;;;;;;;;;X;;;;X;X;X;X;;;;;;;;;;;;;;;;;;;;;;;;;;;;;;;;;;;;;;;;;;;;;;;;;;;;;;;;;;;;;;;;;;;;;;X;;;;
7460781;746078-1;CYLINDER, MASTER;OVERHAUL;;;;X;X;X;X;X;;;;;;;;;;;;;X;X;;;;;;;;;;;;;;;;;;;;;;;;;;;;;;;;;;;;;;;;;;;;;;;;;;;;;;;;;;;;;;;;;;;;;;;;;;;;X;;;;
746078101;746078-101;CYLINDER, MASTER;OVERHAUL;;;;X;X;X;X;X;;;;;;;;;;;;;X;X;;;;;;;;;;;;;;;;;;;;;;;;;;;;;;;;;;;;;;;;;;;;;;;;;;;;;;;;;;;;;;;;;;;;;;;;;;;;X;;;;
746078102;746078-102;CYLINDER, MASTER;OVERHAUL;;;;X;X;X;X;X;;;;;;;;;;;;;X;X;;;;;;;;;;;;;;;;;;;;;;;;;;;;;;;;;;;;;;;;;;;;;;;;;;;;;;;;;;;;;;;;;;;;;;;;;;;;X;;;;
7461611;746161-1;SELECTOR, PARKING BRAKE;OVERHAUL;;;;X;X;X;X;X;;;;;;;;;;;;;X;X;X;X;;;;;;;;;;;;;;;;;;;;;;;;;;;;;;;;;;;;;;;;;;;;;;;;;;;;;;;;;;;;;;;;;;;;;;;;;;X;;;;
746161101;746161-101;SELECTEUR-FREIN DE STATIONNEMENT;OVERHAUL;;;;X;X;X;X;X;;;;;;;;;;;;;X;X;X;X;;;;;;;;;;;;;;;;;;;;;;;;;;;;;;;;;;;;;;;;;;;;;;;;;;;;;;;;;;;;;;;;;;;;;;;;;;X;;;;
746A000004;746A0000-04;PRESSURE REGULATING VALVE;OVERHAUL;;;;X;X;X;X;X;;;;;;;;;;;;;X;;;;X;X;X;X;;;;;;;;;;;;;;;;;;;;;;;;;;;;;;;;;;;;;;;;;;;;;;;;;;;;;;;;;;;;;;;;;;;;;;X;;;;
746A000005;746A0000-05;PRESSURE REGULATING VALVE;OVERHAUL;;;;X;X;X;X;X;;;;;;;;;;;;;X;;;;X;X;X;X;;;;;;;;;;;;;;;;;;;;;;;;;;;;;;;;;;;;;;;;;;;;;;;;;;;;;;;;;;;;;;;;;;;;;;X;;;;
746A000006;746A0000-06;PRESSURE REGULATING VALVE;OVERHAUL;;;;X;X;X;X;X;;;;;;;;;;;;;X;;;;X;X;X;X;;;;;;;;;;;;;;;;;;;;;;;;;;;;;;;;;;;;;;;;;;;;;;;;;;;;;;;;;;;;;;;;;;;;;;X;;;;
747101D;747101D;HOUSING;;INSPECTION;;;X;X;;X;;;;;;;;;;;;;;X;;;;;X;X;X;;;;;;;;;;;;;;;;;;;;;;;;;;;;;;;;;;;;;;;;;;;;;;;;;;;;;;;;;;;;;;;;;;;;;;;X;;;
747740G;747740G;STATOR ASSY;;INSPECTION;;;X;X;;X;;;;;;;;;;;;;;X;;;;;X;X;X;;;;;;;;;;;;;;;;;;;;;;;;;;;;;;;;;;;;;;;;;;;;;;;;;;;;;;;;;;;;;;;;;;;;;;;X;;;
747744B;747744B;PUMP AND MOTOR;;INSPECTED;;;X;;;;;;;;;;;;;;;;;X;;;;;X;X;X;;;;;;;;;;;;;;;;;;;;;;;;;;;;;;;;;;;;;;;;;;;;;;;;;;;;;;;;;;;;;;;;;;;;;;;X;;;
747767B;747767B;GOVERNOR AND SUPPORT;;INSPECTED;;;X;;;;;;;;;;;;;;;;;X;;;;;X;X;X;;;;;;;;;;;;;;;;;;;;;;;;;;;;;;;;;;;;;;;;;;;;;;;;;;;;;;;;;;;;;;;;;;;;;;;X;;;
747768D;747768D;ROTOR BALANCE ASSY;;INSPECTED;;;X;;;;;;;;;;;;;;;;;X;;;;;X;X;X;;;;;;;;;;;;;;;;;;;;;;;;;;;;;;;;;;;;;;;;;;;;;;;;;;;;;;;;;;;;;;;;;;;;;;;X;;;
7478921;747892-1;SPOILER ACTUATING CYLINDER;OVERHAUL;;;;X;X;X;X;X;;;;;;;;;;;;;X;;;;;;;;;;;;;;;;;;;;;;;;;;;;;;;;;;;;;;;;;;;;;;;;;;;;;;;;;;;;;;;;;;;;;;;;;;;;;X;;;;
747892103;747892-103;SPOILER ACTUATING CYLINDER;OVERHAUL;;;;X;X;X;X;X;;;;;;;;;;;;;X;X;;X;;;;;;;;;;;;;;;;;;;;;;;;;;;;;;;;;;;;;;;;;;;;;;;;;;;;;;;;;;;;;;;;;;;;;;;;;;X;;;;
747892104;747892-104;SPOILER ACTUATING CYLINDER;OVERHAUL;;;;X;X;X;X;X;;;;;;;;;;;;;X;X;;X;;;;;;;;;;;;;;;;;;;;;;;;;;;;;;;;;;;;;;;;;;;;;;;;;;;;;;;;;;;;;;;;;;;;;;;;;;X;;;;
74789211;747892-1-1;SPOILER ACTUATING CYLINDER;OVERHAUL;;;;X;X;X;X;X;;;;;;;;;;;;;X;X;;;;;;;;;;;;;;;;;;;;;;;;;;;;;;;;;;;;;;;;;;;;;;;;;;;;;;;;;;;;;;;;;;;;;;;;;;;;X;;;;
74789212;747892-1-2;SPOILER ACTUATING CYLINDER;OVERHAUL;;;;X;X;X;X;X;;;;;;;;;;;;;X;X;;X;;;;;;;;;;;;;;;;;;;;;;;;;;;;;;;;;;;;;;;;;;;;;;;;;;;;;;;;;;;;;;;;;;;;;;;;;;X;;;;
74789212B;747892-1-2B;SPOILER ACTUATING CYLINDER;OVERHAUL;;;;X;X;X;X;X;;;;;;;;;;;;;X;;;;;;;;;;;;;;;;;;;;;;;;;;;;;;;;;;;;;;;;;;;;;;;;;;;;;;;;;;;;;;;;;;;;;;;;;;;;;X;;;;
7478923;747892-3;SPOILER ACTUATING CYLINDER;OVERHAUL;;;;X;X;X;X;X;;;;;;;;;;;;;X;X;;X;;;;;;;;;;;;;;;;;;;;;;;;;;;;;;;;;;;;;;;;;;;;;;;;;;;;;;;;;;;;;;;;;;;;;;;;;;X;;;;
747892302;747892-302;SPOILER ACTUATING CYLINDER;OVERHAUL;;;;X;X;X;X;X;;;;;;;;;;;;;X;X;;X;;;;;;;;;;;;;;;;;;;;;;;;;;;;;;;;;;;;;;;;;;;;;;;;;;;;;;;;;;;;;;;;;;;;;;;;;;X;;;;
7480361;748-036-1;MAIN TANK INDICATING PANEL;REPAIR;;;;X;X;X;X;X;;;;;;X;;;;X;X;;;;;;;;;;;;;;;;;;;;;;;;;;;;;;;;;;;;;;;;;;;;;;;;;;;;;;;;;;;;;;;;;;;;;;;;;;;;;;;X;;;;
7480361;748036-1;MAIN TANK INDICATING PANEL;REPAIR;;;;X;X;X;X;X;;;;;;X;;;;X;X;;;;;;;;;;;;;;;;;;;;;;;;;;;;;;;;;;;;;;;;;;;;;;;;;;;;;;;;;;;;;;;;;;;;;;;;;;;;;;;X;;;;
7480362;748-036-2;MAIN TANK INDICATING PANEL;REPAIR;;;;X;X;X;X;X;;;;;;X;;;;X;X;;;;;;;;;;;;;;;;;;;;;;;;;;;;;;;;;;;;;;;;;;;;;;;;;;;;;;;;;;;;;;;;;;;;;;;;;;;;;;;X;;;;
7480362;748036-2;MAIN TANK INDICATING PANEL;REPAIR;;;;X;X;X;X;X;;;;;;X;;;;X;X;;;;;;;;;;;;;;;;;;;;;;;;;;;;;;;;;;;;;;;;;;;;;;;;;;;;;;;;;;;;;;;;;;;;;;;;;;;;;;;X;;;;
7480371;748037-1;AUXILIARY TANK INDICATOR;REPAIR;;;;X;X;X;X;X;;;;;;X;;;;;;;;;;;;;;;;;;;;;;;;;;;;;;;;;;;;;;;;;;;;;;;;;;;;;;;;;;;;;;;;;;;;;;;;;;;;;;;;;;;;X;;;;
7480372;748-037-2;AUXILIARY TANK INDICATOR;REPAIR;;;;X;X;X;X;X;;;;;;X;;;;;X;;;;;;;;;;;;;;;;;;;;;;;;;;;;;;;;;;;;;;;;;;;;;;;;;;;;;;;;;;;;;;;;;;;;;;;;;;;;;;;X;;;;
7480372;748037-2;AUXILIARY TANK INDICATOR;REPAIR;;;;X;X;X;X;X;;;;;;X;;;;;X;;;;;;;;;;;;;;;;;;;;;;;;;;;;;;;;;;;;;;;;;;;;;;;;;;;;;;;;;;;;;;;;;;;;;;;;;;;;;;;X;;;;
748443A;748443A;OUPUT HOUSING;;INSPECTED;;;X;;;;;;;;;;;;;;;;;;;;;;;;;;;X;;;X;;;;;;;;;;;;;;;;;;;;;;;;;;;;;;;;;;;;;;;;;;;;;;;;;;;;;;;;;;;;;;;;;X;;;
7484591;748-459-1;PANEL, MAIN TANK INDICATING;REPAIR;;;;X;X;X;X;X;;;;;;X;;;;;X;;;;;;;;;;;;;;;;;;;;;;;;;;;;;;;;;;;;;;;;;;;;;;;;;;;;;;;;;;;;;;;;;;;;;;;;;;;;;;;X;;;;
7484655;748-465-5;INDICATOR FUEL QUANTITY;;REPAIR;;;X;X;;X;;;;;;;;;;;;;;;;;;;;;;;;;;;;;;;;;;;;X;X;;;;;;;;;;;;;;;;;;;;;;;;;;;;;;;;;;;;;;;;;;;;;;;;;;;;;;;X;;;
7485111;748-511-1;PANEL, MAIN TANK INDICATING;REPAIR;;;;X;X;X;X;X;;;;;;X;;;;;X;;;;;;;;;;;;;;;;;;;;;;;;;;;;;;;;;;;;;;;;;;;;;;;;;;;;;;;;;;;;;;;;;;;;;;;;;;;;;;;X;;;;
7485121;748-512-1;PANEL, TANK INDICATING;OVERHAUL;;;;X;X;X;X;X;;;;;;X;;;;;X;;;;;;;;;;;;;;;;;;;;;;;;;;;;;;;;;;;;;;;;;;;;;;;;;;;;;;;;;;;;;;;;;;;;;;;;;;;;;;;X;;;;
7485222;748-522-2;FUEL QUANTITY INDICATOR;;REPAIR;;;X;X;;X;X;;;;;;;;;;;;;;;;;;;;;;;;;;;;;;;;;;;X;;;;X;;;;;;;;;;;;;;;;;;;;;;;;;;;;;;;;;;;;;;;;;;;;;;;;;;;;X;;;
748538;748538;INDICATOR;REPAIR;;;;X;X;X;X;X;;;;;;X;;;;;;;;;;;;;;;;;;;;;;;;;;;;;;;;;;;;;;;;;;;;;;;;;;;;;;;;;;;;;;;;;;;;;;;;;;;;;;;;;;;;X;;;;
748670;748-670;MAIN TANK INDICATING PANEL;REPAIR;;;;X;X;X;X;X;;;;;;X;;;;X;X;;;;;;;;;;;;;;;;;;;;;;;;;;;;;;;;;;;;;;;;;;;;;;;;;;;;;;;;;;;;;;;;;;;;;;;;;;;;;;;X;;;;
748670;748670;MAIN TANK INDICATING PANEL;REPAIR;;;;X;X;X;X;;;;;;;X;;;;X;X;;;;;;;;;;;;;;;;;;;;;;;;;;;;;;;;;;;;;;;;;;;;;;;;;;;;;;;;;;;;;;;;;;;;;;;;;;;;;;;X;;;;
7486701;748-670-1;MAIN TANK INDICATING PANEL;REPAIR;;;;X;X;X;X;X;;;;;;X;;;;X;X;;;;;;;;;;;;;;;;;;;;;;;;;;;;;;;;;;;;;;;;;;;;;;;;;;;;;;;;;;;;;;;;;;;;;;;;;;;;;;;X;;;;
7486701;748670-1;MAIN TANK INDICATING PANEL;REPAIR;;;;X;X;X;X;X;;;;;;X;;;;X;X;;;;;;;;;;;;;;;;;;;;;;;;;;;;;;;;;;;;;;;;;;;;;;;;;;;;;;;;;;;;;;;;;;;;;;;;;;;;;;;X;;;;
7486702;748-670-2;MAIN TANK INDICATING PANEL;REPAIR;;;;X;X;X;X;X;;;;;;X;;;;X;X;;;;;;;;;;;;;;;;;;;;;;;;;;;;;;;;;;;;;;;;;;;;;;;;;;;;;;;;;;;;;;;;;;;;;;;;;;;;;;;X;;;;
7486702;748670-2;MAIN TANK INDICATING PANEL;REPAIR;;;;X;X;X;X;X;;;;;;X;;;;X;X;;;;;;;;;;;;;;;;;;;;;;;;;;;;;;;;;;;;;;;;;;;;;;;;;;;;;;;;;;;;;;;;;;;;;;;;;;;;;;;X;;;;
7486812;748-681-2;REPEATER INDICATOR FUEL;;REPAIR;;;X;X;;X;;;;;;;;;;;;;;;;;;;;;;;;;;;;;;;;;;;;X;X;;; ;;;;;;;;;;;;;;;;;;;;;;;;;;;;;;;;;;;;;;;;;;;;;;;;;;;;X;;;
7486813;748681-3;REPEATER INDICATOR FUEL;;REPAIR;;;X;X;;X;;;;;;;;;;;;;;;;;;;;;;;;;;;;;;;;;;;;X;X;;; ;;;;;;;;;;;;;;;;;;;;;;;;;;;;;;;;;;;;;;;;;;;;;;;;;;;;X;;;
7486821;748-682-1;REPEATER INDICATOR FUEL;;REPAIR;;;X;X;;X;;;;;;;;;;;;;;;;;;;;;;;;;;;;;;;;;;;;X;X;;; ;;;;;;;;;;;;;;;;;;;;;;;;;;;;;;;;;;;;;;;;;;;;;;;;;;;;X;;;
7486822;748-682-2;REPEATER INDICATOR FUEL;;REPAIR;;;X;X;;X;;;;;;;;;;;;;;;;;;;;;;;;;;;;;;;;;;;;X;X;;;;;;;;;;;;;;;;;;;;;;;;;;;;;;;;;;;;;;;;;;;;;;;;;;;;;;;X;;;
7486823;748682-3;REPEATER INDICATOR FUEL;;REPAIR;;;X;X;;X;;;;;;;;;;;;;;;;;;;;;;;;;;;;;;;;;;;;X;X;;; ;;;;;;;;;;;;;;;;;;;;;;;;;;;;;;;;;;;;;;;;;;;;;;;;;;;;X;;;
748722;748-722;REPEATER INDICATOR;REPAIR;REPAIR;;;X;X;X;X;X;;;;;;;;;;;;;;;;;;;;;;;;;;;;;;;;;;;X;X;X;X;X;;;;;;;;;;;;;;;;;;;;;;;;;;;;;;;;;;;;;;;;;;;;;;;;;;;X;X;;;
748722;748722;REPEATER INDICATOR;REPAIR;REPAIR;;;X;X;X;X;X;;;;;;;;;;;;;;;;;;;;;;;;;;;;;;;;;;;X;X;X;X;X;;;;;;;;;;;;;;;;;;;;;;;;;;;;;;;;;;;;;;;;;;;;;;;;;;;X;X;;;
748724;748-724;REPEATER INDICATOR;REPAIR;REPAIR;;;X;X;X;X;X;;;;;;;;;;;;;;;;;;;;;;;;;;;;;;;;;;;X;X;X;X;X;;;;;;;;;;;;;;;;;;;;;;;;;;;;;;;;;;;;;;;;;;;;;;;;;;;X;X;;;
748724;748724;REPEATER INDICATOR;REPAIR;REPAIR;;;X;X;X;X;X;;;;;;;;;;;;;;;;;;;;;;;;;;;;;;;;;;;X;X;X;X;X;;;;;;;;;;;;;;;;;;;;;;;;;;;;;;;;;;;;;;;;;;;;;;;;;;;X;X;;;
748735;748735;INDICATOR;REPAIR;;;;X;X;X;X;X;;;;;;X;;;;;;;;;;;;;;;;;;;;;;;;;;;;;;;;;;;;;;;;;;;;;;;;;;;;;;;;;;;;;;;;;;;;;;;;;;;;;;;;;;;;X;;;;
748A000005;748A0000-05;ANTI-ICING VALVE;OVERHAUL;;;;X;X;X;X;X;;;;;;;;;;;;;X;X;X;X;X;X;X;X;X;X;;;;;;;;;;;;;;;;;;;;;;;;;;;;;;;;;;;;;;;;;;;;;;;;;;;;;;;;;;;;;;;;;;;;X;;;;
748A000008;748A0000-08;ANTI-ICING VALVE;OVERHAUL;;;;X;X;X;X;X;;;;;;;;;;;;;X;;;;;;;;;;;;;;;;;;;;;;;;;;;;;;;;;;;;;;;;;;;;;;;;;;;;;;;;;;;;;;;;;;;;;;;;;;;;;X;;;;
748B000001;748B0000-01;ANTI-ICING VALVE;OVERHAUL;;;;X;X;X;X;X;;;;;;;;;;;;;X;;;;;;;;;;;;;;;;;;;;;;;;;;;;;;;;;;;;;;;;;;;;;;;;;;;;;;;;;;;;;;;;;;;;;;;;;;;;;X;;;;
749158;749-158;INDICATOR FUEL QUANTITY;;REPAIR;;;X;X;;X;X;;;;;;;;;;;;;;;;;;;;;;;;;;;;;;;;;;;X;;;;X;;;;;;;;;;;;;;;;;;;;;;;;;;;;;;;;;;;;;;;;;;;;;;;;;;;;X;;;
749159;749-159;INDICATOR FUEL QUANTITY;;REPAIR;;;X;X;;X;X;;;;;;;;;;;;;;;;;;;;;;;;;;;;;;;;;;;X;;;;X;;;;;;;;;;;;;;;;;;;;;;;;;;;;;;;;;;;;;;;;;;;;;;;;;;;;X;;;
749160;749-160;FUEL QUANTITY INDICATOR;;REPAIR;;;X;X;;X;X;;;;;;;;;;;;;;;;;;;;;;;;;;;;;;;;;;;X;;;;X;;;;;;;;;;;;;;;;;;;;;;;;;;;;;;;;;;;;;;;;;;;;;;;;;;;;X;;;
7491601;749160-1;REPEATER INDICATOR FUEL;;REPAIR;;;X;X;;X;X;;;;;;;;;;;;;;;;;;;;;;;;;;;;;;;;;;;X;X;;; ;;;;;;;;;;;;;;;;;;;;;;;;;;;;;;;;;;;;;;;;;;;;;;;;;;;;X;;;
749161;749-161;FUEL QUANTITY INDICATOR;;REPAIR;;;X;X;;X;X;;;;;;;;;;;;;;;;;;;;;;;;;;;;;;;;;;;X;X;;;;;;;;;;;;;;;;;;;;;;;;;;;;;;;;;;;;;;;;;;;;;;;;;;;;;;;X;;;
7491611;749161-1;REPEATER INDICATOR FUEL;;REPAIR;;;X;X;;X;X;;;;;;;;;;;;;;;;;;;;;;;;;;;;;;;;;;;X;X;;; ;;;;;;;;;;;;;;;;;;;;;;;;;;;;;;;;;;;;;;;;;;;;;;;;;;;;X;;;
749188;749-188;INDICATOR PRESSURE TRIPLE;;REPAIR;;;X;X;;;;;;;;;;;;;;;;;;;;;;;;;;;;;;;;;;;;;;X;X;;;;;;;;;;;;;;;;;;;;;;;;;;;;;;;;;;;;;;;;;;;;;;;;;;;;;;;X;;;
7491982;749198-2;HYDRAULIC TANK  (MESSIER-BUGATTI);REPAIR;;;;X;X;X;X;X;;;;;;;;;;;;;X;X;X;X;;X;X;X;;;;;;;;;;;;;;;;;;;;;;;;;;;;;;;;;;;;;;;;;;;;;;;;;;;;;;;;;;;;;;;;;;;;;;X;;;;
749198202;749198-202;HYDRAULIC TANK  (MESSIER-BUGATTI);REPAIR;;;;X;X;X;X;X;;;;;;;;;;;;;X;X;X;X;;X;X;X;;;;;;;;;;;;;;;;;;;;;;;;;;;;;;;;;;;;;;;;;;;;;;;;;;;;;;;;;;;;;;;;;;;;;;X;;;;
749382;749382;SELECTOR, HYDROMECHANICAL;REPAIR;;;;X;X;X;X;X;;;;;;;;;;;;;X;X;;;;;;;;;;;;;;;;;;;;;;;;;;;;;;;;;;;;;;;;;;;;;;;;;;;;;;;;;;;;;;;;;;;;;;;;;;;;X;;;;
749474;749474;PIN ASSY;OVERHAUL;;;;X;X;X;X;X;;;;;;;;;;;;;;;;;;;;;;;;;;;;;;;;;;;;;;;;;;;;;;;;X;;;;;;;;;;;;;;;;;;;;;;;;;;;;;;;;;;;;;;;;;;X;;;;
7494741;749474-1;PIN ASSY;OVERHAUL;;;;X;X;X;X;X;;;;;;;;;;;;;;;;;;;;;;;;;;;;;;;;;;;;;;;;;;;;;;;;X;;;;;;;;;;;;;;;;;;;;;;;;;;;;;;;;;;;;;;;;;;X;;;;
749757;749-757;INDICATOR;;REPAIR;;;X;X;;;X;;;;;;;;;;;;;;;;;;;;;;;;;;;;;;;;;;;X;X;;;;;;;;;;;;;;;;;;;;;;;;;;;;;;;;;;;;;;;;;;;;;;;;;;;;;;;X;;;
749758;749-758;FUEL QUANTITY INDICATOR;;REPAIR;;;X;X;;;X;;;;;;;;;;;;;;;;;;;;;;;;;;;;;;;;;;;X;;;;X;;;;;;;;;;;;;;;;;;;;;;;;;;;;;;;;;;;;;;;;;;;;;;;;;;;;X;;;
749759;749-759;FUEL INDICATOR;;REPAIR;;;X;X;;;X;;;;;;;;;;;;;;;;;;;;;;;;;;;;;;;;;;;X;;;;X;;;;;;;;;;;;;;;;;;;;;;;;;;;;;;;;;;;;;;;;;;;;;;;;;;;;X;;;
7497591;749759-1;REPEATER INDICATOR FUEL;;REPAIR;;;X;X;;X;;;;;;;;;;;;;;;;;;;;;;;;;;;;;;;;;;;;X;X;;; ;;;;;;;;;;;;;;;;;;;;;;;;;;;;;;;;;;;;;;;;;;;;;;;;;;;;X;;;
749760;749-760;FUEL INDICATOR;;REPAIR;;;X;X;;;X;;;;;;;;;;;;;;;;;;;;;;;;;;;;;;;;;;;X;;;;;;;;;;;;;;;;;;;;;;;;;;;;;;;;;;;;;;;;;;;;;;;;;;X;X;;;;;X;;;
7497601;749760-1;REPEATER INDICATOR FUEL;;REPAIR;;;X;X;;X;;;;;;;;;;;;;;;;;;;;;;;;;;;;;;;;;;;;X;X;;; ;;;;;;;;;;;;;;;;;;;;;;;;;;;;;;;;;;;;;;;;;;;;;;;;;;;;X;;;
7501215;7501215;HYDRAULIC FILTER;OVERHAUL;;;;X;;;;;;;;;X;;;;;;;;;;;;;;;;;;X;;;;;;;;;;;X;;;;;;;;;;;;;;;;;;;;;;;;;;;;;;;;;;;;;;;;;;;;;;;;;;;;;;;;X;;;;
7502762;7502762;HYDRAULIC FILTER;OVERHAUL;;;;X;;;;;;;;;X;;;;;;;;;;;;;;;;;;X;;;;;;;;;;;X;;;;;;;;;;;;;;;;;;;;;;;;;;;;;;;;;;;;;;;;;;;;;;;;;;;;;;;;X;;;;
7506656;750665-6;SWITCH;;BENCH TEST;;;X;X;;X;;;;;;;;;;;;;;;;;;;;;;;;;;;;;;;;;;;;;;;;;;;;;;;;;;;;;;;;;;;;;;;;;;;;;;;;;;;;;;;;;;;;;;X;X;;;;;X;;;
7508861;750886-1;ACCUMULATOR-BRAKE SYSTEM;OVERHAUL;;;;X;X;X;X;X;;;;;;;;;;;;;X;;;;;;;;;;;;;;;;;;;;;;;;;;;;;;;;;;;;;;;;;;;;;;;;;;;;;;;;;;;;;;;;;;;;;;;;;;;;;X;;;;
750886101;750886-101;ACCUMULATOR-BRAKE SYSTEM;OVERHAUL;;;;X;X;X;X;X;;;;;;;;;;;;;X;;;;;;;;;;;;;;;;;;;;;;;;;;;;;;;;;;;;;;;;;;;;;;;;;;;;;;;;;;;;;;;;;;;;;;;;;;;;;X;;;;
750886102;750886-102;ACCUMULATOR-BRAKE SYSTEM;OVERHAUL;;;;X;X;X;X;X;;;;;;;;;;;;;X;;;;;;;;;;;;;;;;;;;;;;;;;;;;;;;;;;;;;;;;;;;;;;;;;;;;;;;;;;;;;;;;;;;;;;;;;;;;;X;;;;
750942;7-5094-2;LOCKING ACTUATOR LEADING EDGE FLAP;OVERHAUL;;;;X;;;;;;;;;X;;;;;;;;;;;;;;;;;;X;;;;;;;;;;;X;;;;;;;;;;;;;;;;;;;;;;;;;;;;;;;;;;;;;;;;;;;;;;;;;;;;;;;;X;;;;
750A000002;750A0000-02;TRIM AIR VALVE;OVERHAUL;;;;X;X;X;X;;;;;;;;;;;;;;X;;;;;;X;X;;;;;;;;;;;;;;;;;;;;;;;;;;;;;;;;;;;;;;;;;;;;;;;;;;;;;;;;;;;;;;;;;;;;;;X;;;;
750B000001;750B0000-01;TRIM AIR VALVE;OVERHAUL;;;;X;X;X;X;X;;;;;;;;;;;;;X;;;;X;X;X;X;;;;;;;;;;;;;;;;;;;;;;;;;;;;;;;;;;;;;;;;;;;;;;;;;;;;;;;;;;;;;;;;;;;;;;X;;;;
750T21121;750T2112-1;HANDSET;;OVERHAUL;;;X;X;;X;;;;;;;;;;;;;;;;;;;;;;;;;;;;;;;;;;;;;;;;;;;;;;;;;;;;;;;;;;;;;;;;;;;;;;;;;;;;;;;;;;;;;;X;X;;;;;X;;;
750T21122;750T2112-2;HANDSET;;OVERHAUL;;;X;X;;X;;;;;;;;;;;;;;;;;;;;;;;;;;;;;;;;;;;;;;;;;;;;;;;;;;;;;;;;;;;;;;;;;;;;;;;;;;;;;;;;;;;;;;X;X;;;;;X;;;
750T21126;750T2112-6;HANDSET;;REPAIR;;;X;X;;X;;;;;;;;;;;;;;;;;;;;;;;;;;;;;;;;;;;;;;;;;;;;;;;;;;;;;;;;;;;;;;;;;;;;;;;;;;;;;;;;;;;;;;X;X;;;;;X;;;
750T21127;750T2112-7;HANDSET;;REPAIR;;;X;X;;X;;;;;;;;;;;;;;;;;;;;;;;;;;;;;;;;;;;;;;;;;;;;;;;;;;;;;;;;;;;;;;;;;;;;;;;;;;;;;;;;;;;;;;X;X;;;;;X;;;
750T21128;750T2112-8;HANDSET;;REPAIR;;;X;X;;X;;;;;;;;;;;;;;;;;;;;;;;;;;;;;;;;;;;;X;;;;X;;;;;;;;;;;;;;;;;;;;;;;;;;;;;;;;;;;;;;;;;;;;;;;;;;;;X;;;
750T21129;750T2112-9;HANDSET;;REPAIR;;;X;X;;X;;;;;;;;;;;;;;;;;;;;;;;;;;;;;;;;;;;;;;;;;;X;;;;X;X;;;;;;;;;;;;;;;;;;;;;;;;;;;;;;;;;;;;;;;;;;;;;X;;;
7510100631;7510100-631;UNIT INTEGRATED NAV/ADF/;;REPAIR;;DNR;X;X;;X;;;;;;;;;;;;;;;;;;;;;;;;;;;;;;;;;;;;;;;;;;X;;;;X;X;;;;;;;;;;;;;;;;;;;;;;;;;;;;;;;;;;;;;;;;;;;;;X;;;
7510100831;7510100-831;UNIT INTEGRATED NAV/ADF/;;BENCH TEST;;DNR;X;X;;X;;;;;;;;;;;;;;;;;;;;;;;;;;;;;;;;;;;;;;;;;;X;;;;X;X;;;;;;;;;;;;;;;;;;;;;;;;;;;;;;;;;;;;;;;;;;;;;X;;;
7511001939;7511001-939;AUDIO CONTROL UNIT;;REPAIR;;DNR;X;X;;X;;;;;;;;;;;;;;;;;;;;;;;;;;;;;;;;;;;;;;;;;;X;;;;X;X;;;;;;;;;;;;;;;;;;;;;;;;;;;;;;;X;;;;;;;;;;;;;;X;;;
751202E;751202E;ELECTRICAL HARNESS;;INSPECTED;;;X;;;;;;;;;;;;;;;;;X;;;;;X;X;X;;;;;;;;;;;;;;;;;;;;;;;;;;;;;;;;;;;;;;;;;;;;;;;;;;;;;;;;;;;;;;;;;;;;;;;X;;;
751A000007;751A0000-07;FLOW CONTROL VALVE;OVERHAUL;;;;X;X;X;X;X;;;X;;;;;;;;;;X;;;;;X;X;;;;;;;;;;;;;;;;;;;;;;;;;;;;;;;;;;;;;;;;;;;;;;;;;;;;;;;;;;;;;;;;;;;;;;;X;;;;
751B000002;751B0000-02;FLOW CONTROL VALVE;OVERHAUL;;;;X;X;X;X;X;;;;;;;;;;;;;X;;;;;;;X;;;;;;;;;;;;;;;;;;;;;;;;;;;;;;;;;;;;;;;;;;;;;;;;;;;;;;;;;;;;;;;;;;;;;;X;;;;
751F000001;751F0000-01;FLOW CONTROL VALVE;OVERHAUL;;;;X;X;X;X;X;;;X;;;;;;;;;;X;;;;;;;;;;;;;;;;;;;;;;;;;;;;;;;;;;;;;;;;;;;;;;;;;;;;;;;;;;;;;;;;;;;;;;;;;;;;;X;;;;
751G000001;751G0000-01;FLOW CONTROL VALVE;OVERHAUL;;;;X;X;X;X;X;;;;;;;;;;;;;X;;;;;;;;;;;;;;;;;;;;;;;;;;;;;;;;;;;;;;;;;;;;;;;;;;;;;;;;;;;;;;;;;;;;;;;;;;;;;X;;;;
753126310;7531263-10;INNER CYLINDER ASSY;OVERHAUL;;;;X;;;;;;;;;X;;;;;;;;;;;;;;;;;;X;;;;;;;;;;;X;;;;;;;;;;;;;;;;;;;;;;;;;;;;;;;;;;;;;;;;;;;;;;;;;;;;;;;;X;;;;
753531B;753531B;CARRIER SHAFT;;INSPECTED;;;X;;;;;;;;;;;;;;;;;X;;;;;X;X;X;;;;;;;;;;;;;;;;;;;;;;;;;;;;;;;;;;;;;;;;;;;;;;;;;;;;;;;;;;;;;;;;;;;;;;;X;;;
75466110;754661-10;CONTROLLER CABIN TEMPERATURE;;REPAIR;;;X;X;; ;;;;;;X;;;;;;;;;;;;;;;;;;;;;;;;;;;;;;;;;;;;X;;;X;;;;;;;;;;;;;;;;;;;;;;;;;;;;;;;;;X;;;;;;;;;;;;;;X;;;
7546613;754661-3;CONTROLLER CABIN TEMPERATURE;;REPAIR;;;X;X;; ;;;;;;X;;;;;;;;;;;;;;;;;;;;;;;;;;;;;;;;;;;;X;;;X;;;;;;;;;;;;;;;;;;;;;;;;;;;;;;;;;X;;;;;;;;;;;;;;X;;;
7546811;754681-1;SELECTOR;;REPAIR;;;X;X;;X;;;;;;X;;;;;;;;;;;;;;;;;;;;;;;;;;;;;;;;;;;;;;;;;;;;;;;;;;;;;;;;;;;;;;;;;X;X;;;;;;X;;;;;;;;;;;;;;X;;;
7546813;754681-3;SELECTOR;;REPAIR;;;X;X;;X;;;;;;;;;;;;;;;;;;;;;;;;;;;;;;;;;;;;;;;;;;;;;;;;;;;;;;;;;;;;;;;;;;;;;;;X;X;;;;;;X;;;;;;;;;;;;;;X;;;
7546911;754691-1;SENSOR;;BENCH TEST;;;X;X;;X;;;;;;;;;;;;;;;;;;;;;;;;;;;;;;;;;;;;;;;;;;;;;;;;;;;;;;;;;;;;;;;;;;;;;;;X;X;;;;;;X;;;;;;;;;;;;;;X;;;
7546912;754691-2;SENSOR;;BENCH TEST;;;X;;;;;;;;;;;;;;;;;;;;;;;;;;;;;;;;;;;;;;;;;;;;;;;;;;;;;;;;;;;;;;;;;;;;;;;;;;X;X;;;;;;;;;;;;;;;;;;;;X;;;
7547511;754751-1;TEMPERATURE VALVE;;REPAIR;;;X;X;;X;;;;;;X;;;;;;;;;;;;;;;;;;;;;;;;;;;;;;;;;;;;X;;;X;;;;;;;;;;;;;;;;;;;;;;;;;;;;;;;;;;;;;;;;;;;;;;;X;;;
7547512;754751-2;TEMPERATURE VALVE;;REPAIR;;;X;X;;X;;;;;;X;;;;;;;;;;;;;;;;;;;;;;;;;;;;;;;;;;;;X;;;X;;;;;;;;;;;;;;;;;;;;;;;;;;;;;;;;;X;;;;;;X;;;;;;;;X;;;
7547513;754751-3;TEMPERATURE VALVE;;REPAIR;;;X;X;;X;;;;;;X;;;;;;;;;;;;;;;;;;;;;;;;;;;;;;;;;;;;X;;;X;;;;;;;;;;;;;;;;;;;;;;;;;;;;;;;;;X;;;;;;X;;;;;;;;X;;;
7547514;754751-4;TEMPERATURE VALVE;;REPAIR;;;X;X;;X;;;;;;X;;;;;;;;;;;;;;;;;;;;;;;;;;;;;;;;;;;;X;;;X;;;;;;;;;;;;;;;;;;;;;;;;;;;;;;;;;X;;;;;;X;;;;;;;;X;;;
755CA01;755CA01;THREE-POLE CONTACTOR;OVERHAUL;;;;X;X;X;X;X;;;;;;;;;;;;;X;;;;;;;;X;X;;;;;;;;;;;;;;;;;;;;;;;;;;;;;;;;;;;;;;;;;;;;;;;;;;;;;;;;;;;;;;;;;;;;X;;;;
755CA02F;755CA02F;THREE-POLE CONTACTOR;OVERHAUL;;;;X;X;X;X;X;;;;;;;;;;;;;X;;;;;;;;X;X;;;;;;;;;;;;;;;;;;;;;;;;;;;;;;;;;;;;;;;;;;;;;;;;;;;;;;;;;;;;;;;;;;;;X;;;;
757A000008;757A0000-08;AIR CYCLE MACHINE;OVERHAUL;;;;X;X;X;X;X;;;X;;;;;;;;;;X;;;;;;;;;;;;;;;;;;;;;;;;;;;;;;;;;;;;;;;;;;;;;;;;;;;;;;;;;;;;;;;;;;;;;;;;;;;;;X;;;;
757A000009;757A0000-09;AIR CYCLE MACHINE;OVERHAUL;;;;X;X;X;X;X;;;X;;;;;;;;;;X;;;;;;;;;;;;;;;;;;;;;;;;;;;;;;;;;;;;;;;;;;;;;;;;;;;;;;;;;;;;;;;;;;;;;;;;;;;;;X;;;;
757A000010;757A0000-10;AIR CYCLE MACHINE;OVERHAUL;;;;X;X;X;X;X;;;X;;;;;;;;;;X;;;;;;;;;;;;;;;;;;;;;;;;;;;;;;;;;;;;;;;;;;;;;;;;;;;;;;;;;;;;;;;;;;;;;;;;;;;;;X;;;;
757C000001;757C0000-01;AIR CYCLE MACHINE;OVERHAUL;;;;X;X;X;X;X;;;X;;;;;;;;;;X;;;;X;X;X;X;;;;;;;;;;;;;;;;;;;;;;;;;;;;;;;;;;;;;;;;;;;;;;;;;;;;;;;;;;;;;;;;;;;;;;X;;;;
757C000002;757C0000-02;AIR CYCLE MACHINE;OVERHAUL;;;;X;X;X;X;X;;;X;;;;;;;;;;X;;;;;;;;;;;;;;;;;;;;;;;;;;;;;;;;;;;;;;;;;;;;;;;;;;;;;;;;;;;;;;;;;;;;;;;;;;;;;X;;;;
758A000002;758A0000-02;VALVE-BYPASS;OVERHAUL;;;;X;X;X;X;X;;;;;;;;;;;;;X;;;;;;;;;;;;;;;;;;;;;;;;;;;;;;;;;;;;;;;;;;;;;;;;;;;;;;;;;;;;;;;;;;;;;;;;;;;;;X;;;;
759A000008;759A0000-08;PACK CONTROLLER;REPAIR;;;;X;X;X;X;X;;;;;;;;;;;;;X;;;;;;X;;;;;;;;;;;;;;;;;;;;;;;;;;;;;;;;;;;;;;;;;;;;;;;;;;;;;;;;;;;;;;;;;;;;;;;X;;;;
759A000009;759A0000-09;PACK CONTROLLER;REPAIR;;;;X;X;X;X;X;;;;;;;;;;;;;X;;;;;;X;;;;;;;;;;;;;;;;;;;;;;;;;;;;;;;;;;;;;;;;;;;;;;;;;;;;;;;;;;;;;;;;;;;;;;;X;;;;
759A000010;759A0000-10;PACK CONTROLLER;REPAIR;;;;X;X;X;X;X;;;;;;;;;;;;;X;;;;X;X;X;X;;;;;;;;;;;;;;;;;;;;;;;;;;;;;;;;;;;;;;;;;;;;;;;;;;;;;;;;;;;;;;;;;;;;;;X;;;;
759A000011;759A0000-11;PACK CONTROLLER;REPAIR;;;;X;X;X;X;X;;;;;;;;;;;;;X;;;;X;X;X;X;;;;;;;;;;;;;;;;;;;;;;;;;;;;;;;;;;;;;;;;;;;;;;;;;;;;;;;;;;;;;;;;;;;;;;X;;;;
759C000002;759C0000-02;PACK CONTROLLER;REPAIR;;;;X;X;X;X;X;;;;;;;;;;;;;X;;;;;;X;;;;;;;;;;;;;;;;;;;;;;;;;;;;;;;;;;;;;;;;;;;;;;;;;;;;;;;;;;;;;;;;;;;;;;;X;;;;
759D000001;759D0000-01;PACK CONTROLLER;REPAIR;;;;X;X;X;X;X;;;;;;;;;;;;;X;;;;;;X;;;;;;;;;;;;;;;;;;;;;;;;;;;;;;;;;;;;;;;;;;;;;;;;;;;;;;;;;;;;;;;;;;;;;;;X;;;;
759D000002;759D0000-02;PACK CONTROLLER;REPAIR;;;;X;X;X;X;X;;;;;;;;;;;;;X;;;;;;X;;;;;;;;;;;;;;;;;;;;;;;;;;;;;;;;;;;;;;;;;;;;;;;;;;;;;;;;;;;;;;;;;;;;;;;X;;;;
76 451;76 451;VALVE, ELECTRICAL;BENCH TEST;;;;X;;;;;;;;;;;;;;;;;;;;;;;;;;;;;;;;;;;;;;;;;;;;;;;;;;;;;;;;;;;;;;;;;;;;;;;;;;;;;;;;;X;;;X;;;;;;;;;;X;;;;
76 451001;76 451-001;VALVE, ELECTRICAL;BENCH TEST;;;;X;;;;;;;;;X;;;;;;;;;;;;;;;;;;;;;;;;;;;;;;;;;;;;;;;;;;;;;;;;;;;;;;;;;;;;;;;;;;;;;;;;X;;;X;;;;;;;;;;X;;;;
76 452;76 452;VALVE, ELECTRICAL;BENCH TEST;;;;X;;;;;;;;;;;;;;;;;;;;;;;;;;;;;;;;;;;;;;;;;;;;;;;;;;;;;;;;;;;;;;;;;;;;;;;;;;;;;;;;;X;;;X;;;;;;;;;;X;;;;
76 452001;76 452-001;VALVE, ELECTRICAL;BENCH TEST;;;;X;;;;;;;;;X;;;;;;;;;;;;;;;;;;;;;;;;;;;;;;;;;;;;;;;;;;;;;;;;;;;;;;;;;;;;;;;;;;;;;;;;X;;;X;;;;;;;;;;X;;;;
76135519113;7613-551-91-13;INDICATOR, T4;REPAIR;;;;X;X;X;X;X;;;;;;X;;;;;;;;;;;;;;;;;;;;;;;;;;;;;;;;;;;;;;;;;;;;;;;;;;;;;;;;;;;;;;;;;;;;;;;;;;;;;;;;;;;;X;;;;
76135549111;7613-554-91-11;INDICATOR, T4;REPAIR;;;;X;X;X;X;X;;;;;;X;;;;;;;;;;;;;;;;;;;;;;;;;;;;;;;;;;;;;;;;;;;;;;;;;;;;;;;;;;;;;;;;;;;;;;;;;;;;;;;;;;;;X;;;;
76135559110;7613-555-91-10;INDICATOR, T4;REPAIR;;;;X;X;X;X;X;;;;;;X;;;;;X;;;;;;;;;;;;;;;;;;;;;;;;;;;;;;;;;;;;;;;;;;;;;;;;;;;;;;;;;;;;;;;;;;;;;;;;;;;;;;;X;;;;
76135579110;7613-557-91-10;INDICATOR, T4;REPAIR;;;;X;X;X;X;X;;;;;;X;;;;;X;;;;;;;;;;;;;;;;;;;;;;;;;;;;;;;;;;;;;;;;;;;;;;;;;;;;;;;;;;;;;;;;;;;;;;;;;;;;;;;X;;;;
761574B;761574B;INTEGRATED DRIVE GENERATOR;;REPAIR;;;X;X;;X;;;;;;;;;;;;;;;;;;;;;;;;X;;;;X;;;;;;;;;;;;;;;;;;;;;;;;;;;;;;;;;;;;;;;;;;;;;;;;;;;;;;;;;;;;;;;;X;;;
761626;761626;FITTING AY.LH;OVERHAUL;;;;X;X;X;X;;;;;;;;;;;;;;;;;;;;;;;;;;;;;;;;;;;;;;;;;;;;;;;;;X;;;;;;;;;;;;;;;;;;;;;;;;;;;;;;;;;;;;;;;;;;X;;;;
761627;761627;FITTING AY.RH;OVERHAUL;;;;X;X;X;X;;;;;;;;;;;;;;;;;;;;;;;;;;;;;;;;;;;;;;;;;;;;;;;;;X;;;;;;;;;;;;;;;;;;;;;;;;;;;;;;;;;;;;;;;;;;X;;;;
761A000003;761A0000-03;RAM AIR INLET ACTUATOR;OVERHAUL;;;;X;X;X;X;X;;;;;;;;;;;;;X;;;;;X;X;X;;;;;;;;;;;;;;;;;;;;;;;;;;;;;;;;;;;;;;;;;;;;;;;;;;;;;;;;;;;;;;;;;;;;;;X;;;;
761A000004;761A0000-04;RAM AIR INLET ACTUATOR;OVERHAUL;;;;X;X;X;X;X;;;;;;;;;;;;;X;;;;;X;X;X;;;;;;;;;;;;;;;;;;;;;;;;;;;;;;;;;;;;;;;;;;;;;;;;;;;;;;;;;;;;;;;;;;;;;;X;;;;
761B000001;761B0000-01;RAM AIR INLET ACTUATOR;OVERHAUL;;;;X;X;X;X;X;;;;;;;;;;;;;X;;;;;X;X;X;;;;;;;;;;;;;;;;;;;;;;;;;;;;;;;;;;;;;;;;;;;;;;;;;;;;;;;;;;;;;;;;;;;;;;X;;;;
762080;762080;VALVE, SAFETY;OVERHAUL;;;;X;X;X;X;X;;;X;;;;;;;;;;X;;;;;;;;;;;;;;;;;;;;;;;;;;;;;;;;;;;;;;;;;;;;;;;;;;;;;;;;;;;;;;;;;;;;;;;;;;;;;X;;;;
762080003;762080003;VALVE, SAFETY;OVERHAUL;;;;X;X;X;X;X;;;;;;;;;;;;;X;;X;X;;;;;;;;;;;;;;;;;;;;;;;;;;;;;;;;;;;;;;;;;;;;;;;;;;;;;;;;;;;;;;;;;;;;;;;;;;X;;;;
7620801;762080-1;VALVE, SAFETY;OVERHAUL;;;;X;X;X;X;X;;;X;;;;;;;;;;X;X;X;X;;;;;;;;;;;;;;;;;;;;;;;;;;;;;;;;;;;;;;;;;;;;;;;;;;;;;;;;;;;;;;;;;;;;;;;;;;X;;;;
7620802;762080-2;VALVE, SAFETY;OVERHAUL;;;;X;X;X;X;X;;;X;;;;;;;;;;X;X;X;X;;;;;;;;;;;;;;;;;;;;;;;;;;;;;;;;;;;;;;;;;;;;;;;;;;;;;;;;;;;;;;;;;;;;;;;;;;X;;;;
762A000003;762A0000-03;RAM AIR OUTLET ACTUATOR;REPAIR;;;;X;X;X;X;X;;;;;;;;;;;;;X;;;;;X;X;X;;;;;;;;;;;;;;;;;;;;;;;;;;;;;;;;;;;;;;;;;;;;;;;;;;;;;;;;;;;;;;;;;;;;;;X;;;;
762A000004;762A0000-04;RAM AIR OUTLET ACTUATOR;OVERHAUL;;;;X;X;X;X;X;;;;;;;;;;;;;X;;;;;X;X;X;;;;;;;;;;;;;;;;;;;;;;;;;;;;;;;;;;;;;;;;;;;;;;;;;;;;;;;;;;;;;;;;;;;;;;X;;;;
763024;763-024;SONDE THERMOSTATIQUE;;BENCH TEST;;;X;;;;;;;;;;X;;;;X;;;;;;;;;;;;;;;;;;;;;;;;;;;;;;;;;;;;;;;;;;;;;;;;;;;;;;;;;;;;;;;;;;;;;;;;;;;;;;;;;X;;;
76451;76451;VALVE, ELECTRICAL;BENCH TEST;;;;X;;;;;;;;;X;;;;;;;;;;;;;;;;;;;;;;;;;;;;;;;;;;;;;;;;;;;;;;;;;;;;;;;;;;;;;;;;;;;;;;;;X;;;X;;;;;;;;;;X;;;;
76452;76452;VALVE, ELECTRICAL;BENCH TEST;;;;X;;;;;;;;;X;;;;;;;;;;;;;;;;;;;;;;;;;;;;;;;;;;;;;;;;;;;;;;;;;;;;;;;;;;;;;;;;;;;;;;;;X;;;X;;;;;;;;;;X;;;;
76452001;76452-001;VALVE, ELECTRICAL;BENCH TEST;;;;X;;;;;;;;;;;;;;;;;;;;;;;;;;;;;;;;;;;;;;;;;;;;;;;;;;;;;;;;;;;;;;;;;;;;;;;;;;;;;;;;;X;;;X;;;;;;;;;;X;;;;
7660462;766-046-2;PROBE FUEL QUANTITY;;REPAIR;;;X;X;;X;;;;;;;;;;;;;;;;;;;;;;;;;;;;;;;;;;;;X;X;;;;;;;;;;;;;;;;;;;;;;;;;;;;;;;;;;;;;;;;;;;;;;;;;;;;;;;X;;;
7660472;766-047-2;PROBEFUEL QUANTITY;;REPAIR;;;X;X;;X;;;;;;;;;;;;;;;;;;;;;;;;;;;;;;;;;;;;X;X;;;;;;;;;;;;;;;;;;;;;;;;;;;;;;;;;;;;;;;;;;;;;;;;;;;;;;;X;;;
7660482;766-048-2;PROBE FUEL QUANTITY;;REPAIR;;;X;X;;X;;;;;;;;;;;;;;;;;;;;;;;;;;;;;;;;;;;;X;;;;X;;;;;;;;;;;;;;;;;;;;;;;;;;;;;;;;;;;;;;;;;;;;;;;;;;;;X;;;
766219;766219;INTEGRATED DRIVE GENERATOR;;OVERHAUL;;;X;X;;X;;;;;;;;;;;;;;X;;;;;;X;;;;;;;;;;;;;;;;;;;;;;;;;;;;;;;;;;;;;;;;;;;;;;;;;;;;;;;;;;;;;;;;;; ; ;;;;;X;;;
7667931;766-793-1;PROBE FUEL QUANTITY;;REPAIR;;;X;X;;X;;;;;;;;;;;;;;;;;;;;;;;;;;;;;;;;;;;;X;;;;X;;;;;;;;;;;;;;;;;;;;;;;;;;;;;;;;;;;;;;;;;;;;;;;;;;;;X;;;
7667952;766-795-2;PROBE FUEL QUANTITY;;REPAIR;;;X;X;;X;;;;;;;;;;;;;;;;;;;;;;;;;;;;;;;;;;;;X;;;;X;;;;;;;;;;;;;;;;;;;;;;;;;;;;;;;;;;;;;;;;;;;;;;;;;;;;X;;;
7667962;766-796-2;PROBE FUEL QUANTITY;;REPAIR;;;X;X;;X;;;;;;;;;;;;;;;;;;;;;;;;;;;;;;;;;;;;X;;;;X;;;;;;;;;;;;;;;;;;;;;;;;;;;;;;;;;;;;;;;;;;;;;;;;;;;;X;;;
7667972;766-797-2;PROBE FUEL QUANTITY;;REPAIR;;;X;X;;X;;;;;;;;;;;;;;;;;;;;;;;;;;;;;;;;;;;;X;;;;X;;;;;;;;;;;;;;;;;;;;;;;;;;;;;;;;;;;;;;;;;;;;;;;;;;;;X;;;
7669831;766-983-1;PROBE FUEL QUANTITY;;REPAIR;;;X;X;;X;;;;;;;;;;;;;;;;;;;;;;;;;;;;;;;;;;;;X;X;;;;;;;;;;;;;;;;;;;;;;;;;;;;;;;;;;;;;;;;;;;;;;;;;;;;;;;X;;;
768055;768-055;PROBE FUEL QUANTITY;;REPAIR;;;X;X;;X;;;;;;;;;;;;;;;;;;;;;;;;;;;;;;;;;;;;X;;;;X;;;;;;;;;;;;;;;;;;;;;;;;;;;;;;;;;;;;;;;;;;;;;;;;;;;;X;;;
768100;768-100;PROBE FUEL QUANTITY;;REPAIR;;;X;;;;;;;;;;;;;;;;;;;;;;;;;;;;;;;;;;;;;;;X;;;;;;;;;;;;;X;;;;;;;;;;;;;;;;;;;;;;;;;;;;;X;;;;;;;;;;;;;;X;;;
769284;769284;CHARGE/SCAVENGE PUMP;;INSPECTED;;;X;;;;;;;;;;;;;;;;;X;;;;;X;X;X;;;;;;;;;;;;;;;;;;;;;;;;;;;;;;;;;;;;;;;;;;;;;;;;;;;;;;;;;;;;;;;;;;;;;;;X;;;
769286;769286;SCAVENGE PUMP;;INSPECTED;;;X;;;;;;;;;;;;;;;;;X;;;;;X;X;X;;;;;;;;;;;;;;;;;;;;;;;;;;;;;;;;;;;;;;;;;;;;;;;;;;;;;;;;;;;;;;;;;;;;;;;X;;;
769B000001;769B0000-01;CHECK VALVE;REPAIR;;;;X;X;X;X;X;;;;;;;;;;;;;X;;;;X;X;X;X;;;;;;;;;;;;;;;;;;;;;;;;;;;;;;;;;;;;;;;;;;;;;;;;;;;;;;;;;;;;;;;;;;;;;;X;;;;
772181;772181;INTEGRATED DRIVE GENERATOR;;BENCH TEST;;;X;X;;X;;;;;;;;;;;;;;X;;;;;X;X;X;;;;;;;;;;;;;;;;;;;;;;;;;;;;;;;;;;;;;;;;;;;;;;;;;;;;;;;;;;;;;;;;;;;;;;;X;;;
772181A;772181A;INTEGRATED DRIVE GENERATOR;;BENCH TEST;;;X;X;;X;;;;;;;;;;;;;;X;;;;;X;X;X;;;;;;;;;;;;;;;;;;;;;;;;;;;;;;;;;;;;;;;;;;;;;;;;;;;;;;;;;;;;;;;;;;;;;;;X;;;
7725370002;772-5370-002;COURSE INDICATOR;;REPAIR;;DNR;X;;;;;;;;;;;;;;;;;;;;;;;;;;;;;;;;;;;;;;;;;;;;;;;;;;;;;;;;;;;;;;;;;;;;;;;;;;X;X;;;;;;X;;;;;;;;;;;;;;X;;;
772941650;7729416-50;MAIN GEAR SNUBBER ASSEMBLY;OVERHAUL;;;;X;;;;;;;;;X;;;;;;;;;;;;;;;;;;X;;;;;;;;;;;X;;;;;;;;;;;;;;;;;;;;;;;;;;;;;;;;;;;;;;;;;;;;;;;;;;;;;;;;X;;;;
772941670;7729416-70;MAIN GEAR SNUBBER ASSEMBLY;OVERHAUL;;;;X;;;;;;;;;X;;;;;;;;;;;;;;;;;;X;;;;;;;;;;;X;;;;;;;;;;;;;;;;;;;;;;;;;;;;;;;;;;;;;;;;;;;;;;;;;;;;;;;;X;;;;
7756891;775689-1;BRUSH BLOCK;;OVERHAUL;;;X;X;;;;;;;;X;;;;;;;;;;;;;;;;;;;;;;;;;;;;;;;;;;;;;;;;;;;;;;;;;;;;;;;;;;;;;;;;;X;X;;;;;;X;;;;;;;;;;;;;;X;;;
7756892;775689-2;BRUSH BLOCK;;OVERHAUL;;;X;X;;;;;;;;X;;;;;;;;;;;;;;;;;;;;;;;;;;;;;;;;;;;;;;;;;;;;;;;;;;;;;;;;;;;;;;;;;X;X;;;;;;X;;;;;;;;;;;;;;X;;;
7756894;775689-4;BRUSH BLOCK;;OVERHAUL;;;X;X;;;;;;;;X;;;;;;;;;;;;;;;;;;;;;;;;;;;;;;;;;;;;;;;;;;;;;;;;;;;;;;;;;;;;;;;;;X;X;;;;;;X;;;;;;;;;;;;;;X;;;
7756895;775689-5;BRUSH BLOCK;;OVERHAUL;;;X;X;;;;;;;;X;;;;;;;;;;;;;;;;;;;;;;;;;;;;;;;;;;;;X;;X;;;;;;;;;;;;;;;;;;;;;;;;;;;X;X;;;;;;;;;;;;;;;;;;;;X;;;
7771492001;777-1492-001;ADF RECEIVER;;REPAIR;;;X;X;;X;;;;;;X;;;;;;;;;;;;;;;;;;;;;;;;;;;;;;;;;;;;;;;;;;;;;;;;;;;;;;;;;;;;;;;;;;;;;;;;;;;;;;;;X;X;;;;;X;;;
7771492002;777-1492-002;ADF RECEIVER;;REPAIR;;;X;X;;X;;;;;;X;;;;;;;;;;;;;;;;;;;;;;;;;;;;;;;;;;;;;;;;;;;;;;;;;;;;;;;;;;;;;;;;;;;;;;;;;;;;;;;;X;X;;;;;X;;;
7771492003;777-1492-003;ADF RECEIVER;;REPAIR;;;X;X;;X;X;;;;;X;;;;;;;;;;;;;;;;;;;;;;;;;;;;;;;;;;;;;;;;;;;;;;;;;;;;;;;;;;;;;;;;;;;;;;;;;;;;;;;;X;X;;;;;X;;;
7771492004;777-1492-004;ADF RECEIVER;;REPAIR;;;X;X;;X;X;;;;;X;;;;;;;;;;;;;;;;;;;;;;;;;;;;;;;;;;;;;;;;;;;;;;;;;;;;;;;;;;;;;;;;;;;;;;;;;;;;;;;;X;X;;;;;X;;;
7771492005;777-1492-005;ADF RECEIVER;;BENCH TEST;;;X;X;X;X;X;;;;;;;;;;;;;;;;;;;;;;;;;;;;;;;;;;;;;;;;;;;;;;;;;;;;;;;;;;;;;;;;;;;;;;;;;;;;;;;;;;;;;X;;;X;;;X;;;
7771492006;777-1492-006;ADF RECEIVER;;REPAIR;;;X;X;X;X;X;;;;;;;;;;;;;;;;;;;;;;;X;;;X;;;;;;;;;;;;;;;;;;;;;;;;;;;;;;;;;;;;;;;;;;;;;;;;;;;;;;;;;;;;;;;;;X;;;
780A000001;780A0000-01;COMMAND SENSOR UNIT;OVERHAUL;;;;X;X;X;X;X;;;;;;;;;;;;;X;;;;X;X;X;X;;;;;;;;;;;;;;;;;;;;;;;;;;;;;;;;;;;;;;;;;;;;;;;;;;;;;;;;;;;;;;;;;;;;;;X;;;;
780A000002;780A0000-02;COMMAND SENSOR UNIT;OVERHAUL;;;;X;X;X;X;X;;;;;;;;;;;;;X;;;;X;X;X;X;;;;;;;;;;;;;;;;;;;;;;;;;;;;;;;;;;;;;;;;;;;;;;;;;;;;;;;;;;;;;;;;;;;;;;X;;;;
780B000001;780B0000-01;COMMAND SENSOR UNIT;OVERHAUL;;;;X;X;X;X;X;;;;;;;;;;;;;X;;;;X;X;X;X;;;;;;;;;;;;;;;;;;;;;;;;;;;;;;;;;;;;;;;;;;;;;;;;;;;;;;;;;;;;;;;;;;;;;;X;;;;
78131750013;7813-175-00-13;INDICATOR, TACHOMETER;REPAIR;;;;X;X;X;X;X;;;;;;X;;;X;;;;;;;;;;;;;;;;;;;;;;;;;;;;;;;;;;;;;;;;;;;;;;;;;;;;;;;;;;;;;;;;;;;;;;;;;;;;;;;;;X;;;;
7826891;782689-1;BRUSH BLOCK HOUSING ASSEMBLY;REPAIR;;;;X;;;;;;;;;X;;;;;;;;;;;;;;;;;;;;;;;;;;;;;;;;;;;;;;;;;;;;;;;;;;;;;;;;;;;X;;;;;X;;;;;;;;;;;;;;;;;;;;;X;;;;
7826892;782689-2;BRUSH BLOCK HOUSING ASSEMBLY;REPAIR;REPAIR;;;X;;;;;;;;;X;;;;;;;;;;;;;;;;;;;;;;;;;;;;;;;;;;;;;;;;;;;;;;;;;;;;;;;;;;;X;;;;;X;;;;;;;;;;;;;;;;;;;;;X;X;;;
7826893;782689-3;BRUSH BLOCK HOUSING ASSEMBLY;REPAIR;;;;X;;;;;;;;;X;;;;;;;;;;;;;;;;;;;;;;;;;;;;;;;;;;;;;;;;;;;;;;;;;;;;;;;;;;;X;;;;;X;;;;;;;;;;;;;;;;;;;;;X;;;;
7826894;782689-4;BRUSH BLOCK HOUSING ASSEMBLY;REPAIR;REPAIR;;;X;;;;;;;;;X;;;;;;;;;;;;;;;;;;;;;;;;;;;;;;;;;;;;;;;;;;;;;;;;;;;;;;;;;;;X;;;;;X;;;;;;;;;;;;;;;;;;;;;X;X;;;
7826895;782689-5;BRUSH BLOCK HOUSING ASSEMBLY;REPAIR;;;;X;;;;;;;;;X;;;;;;;;;;;;;;;;;;;;;;;;;;;;;;;;;;;;;;;;;;;;;;;;;;;;;;;;;;;X;;;;;X;;;;;;;;;;;;;;;;;;;;;X;;;;
7826896;782689-6;BRUSH BLOCK HOUSING ASSEMBLY;REPAIR;OVERHAUL;;;X;;;;;;;;;X;;;;;;;;;;;;;;;;;;;;;;;;;;;;;;;;;;;;;;;;;;;;;;;;;;;;;;;;;;;X;;;;;X;;;;;;;;;;;;;;;;;;;;;X;X;;;
7850021;785-002-1;COMPUTER, BLEED MONITORING;REPAIR;;;;X;X;X;X;X;;;;;;;;;;;;;X;;;;X;X;X;X;;;;;;;;;;;;;;;;;;;;;;;;;;;;;;;;;;;;;;;;;;;;;;;;;;;;;;;;;;;;;;;;;;;;;;X;;;;
7850022;785-002-2;COMPUTER, BLEED MONITORING;REPAIR;;;;X;X;X;X;X;;;;;;;;;;;;;X;;;;X;X;X;X;;;;;;;;;;;;;;;;;;;;;;;;;;;;;;;;;;;;;;;;;;;;;;;;;;;;;;;;;;;;;;;;;;;;;;X;;;;
7850024;785-002-4;COMPUTER, BLEED MONITORING;REPAIR;;;;X;X;X;X;X;;;;;;;;;;;;;X;;;;X;X;X;X;;;;;;;;;;;;;;;;;;;;;;;;;;;;;;;;;;;;;;;;;;;;;;;;;;;;;;;;;;;;;;;;;;;;;;X;;;;
7850025;785-002-5;COMPUTER, BLEED MONITORING;REPAIR;;;;X;X;X;X;X;;;;;;;;;;;;;X;;;;;;X;X;;;;;;;;;;;;;;;;;;;;;;;;;;;;;;;;;;;;;;;;;;;;;;;;;;;;;;;;;;;;;;;;;;;;;;X;;;;
7850026;785-002-6;COMPUTER, BLEED MONITORING;REPAIR;;;;X;X;X;X;X;;;;;;;;;;;;;X;;;;;;X;X;;;;;;;;;;;;;;;;;;;;;;;;;;;;;;;;;;;;;;;;;;;;;;;;;;;;;;;;;;;;;;;;;;;;;;X;;;;
78500261;785-002-61;COMPUTER, BLEED MONITORING;REPAIR;;;;X;X;X;X;X;;;;;;;;;;;;;X;;;;;;X;X;;;;;;;;;;;;;;;;;;;;;;;;;;;;;;;;;;;;;;;;;;;;;;;;;;;;;;;;;;;;;;;;;;;;;;X;;;;
7852591;785-259-1;OVER TEMPERATURE SWITCH;;BENCH TEST;;;X;X;;X;;;;;;;;;;;;;;;;;;;;;;;;;;;;;;;;;;;;;;;;;;;;;;;;;;;;;;;;;;;;;;;;;;;;;;;;;;;;;;;;;;;;;;X;;;X;;;X;;;
7876366006;787-6366-006;ADF CONTROL;;REPAIR;;;X;X;;;;;;;;;;;;;;;;;;;;;;;;;;;;;;;;;;;;;;X;X;;;;;;;;;;;;;;;;;;;;;;;;;;;;;;;;;;;;;;;;;;;;;;;;;;;;;;;X;;;
7901761;790176-1;SPINNER;;REPAIR;;;X;X;;;;;;;;;;;;;;;;;;;;;;;;;;;;;;;;;;;;;;;;;;;;;;;;;;;;;;;;;;;;;;;;;;;;;;;;;;;;;;;;;;;;;;;;X;X;;;;;X;;;
7923267J;7923267J;SHUT OFF VALVE;;OVERHAUL;;;X;X;;X;;;;;;;;;;;;;;;;;;;;;;;;;;;;;;;;;;;;;;;;;;;;;;;;;;;;;;;;;;;;;;;;;;;;;;;;;;;;;;;;;;;;;;X;;;X;;;X;;;
7926216003;792-6216-003;ADF RECEIVER;;OVERHAUL;;;X;X;;X;;;;;;;;;;;;;;;;;;;;;;;;;;;;;;;;;;;;;;;;;;;;;;;;;;;;;;;;;;;;;;;;;;;;;;;;;;;;;;;;;;;;;;X;;;X;;;X;;;
7926216004;792-6216-004;ADF RECEIVER;;OVERHAUL;;;X;X;;X;;;;;;;;;;;;;;;;;;;;;;;;;;;;;;;;;;;;;;;;;;;;;;;;;;;;;;;;;;;;;;;;;;;;;;;;;;;;;;;;;;;;;;X;;;X;;;X;;;
7926275007;792-6275-007;ADF CONTROL UNIT 614L-13;;REPAIR;;;X;X;;X;;;;;;;;;;;;;;;;;;;;;;;;;;;;;;;;;;;;;;;;;;;;;;;;;X;;;X;;;;;;;;;;;;;;;;;;;;;;;;;;X;;;;;;;;;;;;;;X;;;
7926357002;792-6357-002;ATTITUDE DIRECTOR INDICATOR;;BENCH TEST;;DNR;X;;;;;;;;;;;;;;;;;;;;;;;;;;;;;;;;;;;;;;;;;;;;;;;;;;;;;;;;;;;;;;;;;;;;;;;;;;;;;;;;;X;;;;;;;;;;;;;;X;;;
7926357008;792-6357-008;ATTITUDE DIRECTOR INDICATOR;;REPAIR;;DNR;X;X;;X;;;;;;;;;;;;;;;;;;;;;;;;;;;;;;;;;;;;;;;;;;;;;;;;;;;;;;;;;;;;;;;;;;;;;;;;;;;;;;X;;;;;;;;;;;;;;X;;;
7926703001;792-6703-001;FLIGHT COMPUTER;;REPAIR;;;X;X;;X;;;;;;X;;;;;;;;;;;;;;;;;;;;;;;;;;;;;;;;;;;;;;;;;;; ;;;X;;;;;;;;;;;;;;;;;;; ; ;;;;;; ;;;;;;;;X;;;X;;;X;; ;
7926703002;792-6703-002;FLIGHT COMPUTER;;REPAIR;;;X;X;;X;;;;;;X;;;;;;;;;;;;;;;;;;;;;;;;;;;;;;;;;;;;;;;;;;;X;;;X;;;;;;;;;;;;;;;;;;;X;X;;;;;;X;;;;;;;;;;;;;;X;; ;
7926703003;792-6703-003;FLIGHT COMPUTER;;REPAIR;;;X;X;;X;;;;;;X;;;;;;;;;;;;;;;;;;;;;;;;;;;;;;;;;;;;;;;;;;;X;;;X;;;;;;;;;;;;;;;;;;;X;X;;;;;;X;;;;;;;;;;;;;;X;; ;
7940052D;7940052D;SHUT - OF VALVE;REPAIR;;;;X;X;X;X;X;;;;;;;;;;;;;X;;X;X;;;;;;;;;;;;;;;;;;;;;;;;;;;;;;;;;;;;;;;;;;;;;;;;;;;;;;;;;;;;;;;;;;;;;;;;;;X;;;;
7943494;794349-4;BULKHEAD;;REPAIR;;;X;X;;;;;;;;;;;;;;;;;;;;;;;;;;;;;;;;;;;;;;X;X;;;;;;;;;;;;;;;;;;;;;;;;;;;;;;;;;;X;X;;;;;;;;;;;;;;;;;;;;X;;;
7945017F;7945017F;VALVE WATER;REPAIR;;;;X;X;X;X;;;;;;;;;;;;;;X;X;X;X;;;;;;;;;;;;;;;;;;;;;;;;;;;;;;;;;;;;;;;;;;;;;;;;;;;;;;;;;;;;;;;;;;;;;;;;;;X;;;;
7945217F;7945217F;MOTORISED WATER VALVE;OVERHAUL;;;;X;X;X;X;X;;;;;;;;;;;;;X;X;X;X;;;;;;;;;;;;;;;;;;;;;;;;;;;;;;;;;;;;;;;;;;;;;;;;;;;;;;;;;;;;;;;;;;;;;;;;;;X;;;;
7963712;796-371-2;PRESELECTOR, FUEL QUANTITY;REPAIR;;;;X;X;X;X;X;;;;;;;;;;;;;X;;X;X;;;;;;;;;;;;;;;;;;;;;;;;;;;;;;;;;;;;;;;;;;;;;;;;;;;;;;;;;;;;;;;;;;;;;;;;;;X;;;;
7965412;796-541-2;REFUELING CONTROL PANEL;REPAIR;;;;X;X;X;X;;;;;;;X;;X;;;;;;;;;;;;;;;;;;;;;;;;;;;;;;;;;;;;;;;;;;;;;;;;;;;;;;;;;;;;;;;;;;;;;;;;;;;;;;;;;;X;;;;
7965591;796-559-1;REFUELING CONTROL PANEL;REPAIR;;;;X;X;X;X;X;;;;;;X;;;;;;;;;;;;;;;;;;;;;;;;;;;;;;;;;;;;;;;;;;;;;;;;;;;;;;;;;;;;;;;;;;;;;;;;;;;;;;;;;;;;X;;;;
7965592;796-559-2;REFUELING CONTROL PANEL;REPAIR;;;;X;X;X;X;X;;;;;;X;;;;;X;;;;;;;;;;;;;;;;;;;;;;;;;;;;;;;;;;;;;;;;;;;;;;;;;;;;;;;;;;;;;;;;;;;;;;;;;;;;;;;X;;;;
7965601;796-560-1;REFUELING CONTROL PANEL;REPAIR;;;;X;X;X;X;X;;;;;;X;;;;;X;;;;;;;;;;;;;;;;;;;;;;;;;;;;;;;;;;;;;;;;;;;;;;;;;;;;;;;;;;;;;;;;;;;;;;;;;;;;;;;X;;;;
7965602;796-560-2;REFUELING CONTROL PANEL;REPAIR;;;;X;X;X;X;X;;;;;;X;;;;;X;;;;;;;;;;;;;;;;;;;;;;;;;;;;;;;;;;;;;;;;;;;;;;;;;;;;;;;;;;;;;;;;;;;;;;;;;;;;;;;X;;;;
7965611;796-561-1;REFUELING CONTROL PANEL;REPAIR;;;;X;X;X;X;X;;;;;;X;;;;;X;;;;;;;;;;;;;;;;;;;;;;;;;;;;;;;;;;;;;;;;;;;;;;;;;;;;;;;;;;;;;;;;;;;;;;;;;;;;;;;X;;;;
7965612;796-561-2;REFUELING CONTROL PANEL;REPAIR;;;;X;X;X;X;X;;;;;;X;;;;;;;;;;;;;;;;;;;;;;;;;;;;;;;;;;;;;;;;;;;;;;;;;;;;;;;;;;;;;;;;;;;;;;;;;;;;;;;;;;;;X;;;;
7965621;796-562-1;REFUELING CONTROL PANEL;REPAIR;;;;X;X;X;X;X;;;;;;X;;;;;X;;;;;;;;;;;;;;;;;;;;;;;;;;;;;;;;;;;;;;;;;;;;;;;;;;;;;;;;;;;;;;;;;;;;;;;;;;;;;;;X;;;;
7965631;796-563-1;REFUELING CONTROL PANEL;REPAIR;;;;X;X;X;X;X;;;;;;X;;;;;X;;;;;;;;;;;;;;;;;;;;;;;;;;;;;;;;;;;;;;;;;;;;;;;;;;;;;;;;;;;;;;;;;;;;;;;;;;;;;;;X;;;;
7965641;796-564-1;REFUELING CONTROL PANEL;REPAIR;;;;X;X;X;X;X;;;;;;X;;;;;X;;;;;;;;;;;;;;;;;;;;;;;;;;;;;;;;;;;;;;;;;;;;;;;;;;;;;;;;;;;;;;;;;;;;;;;;;;;;;;;X;;;;
7965651;796-565-1;REFUELING CONTROL PANEL;REPAIR;;;;X;X;X;X;X;;;;;;X;;;;;X;;;;;;;;;;;;;;;;;;;;;;;;;;;;;;;;;;;;;;;;;;;;;;;;;;;;;;;;;;;;;;;;;;;;;;;;;;;;;;;X;;;;
7965661;796-566-1;REFUELING CONTROL PANEL;REPAIR;;;;X;X;X;X;X;;;;;;X;;;;;X;;;;;;;;;;;;;;;;;;;;;;;;;;;;;;;;;;;;;;;;;;;;;;;;;;;;;;;;;;;;;;;;;;;;;;;;;;;;;;;X;;;;
7965671;796-567-1;REFUELING CONTROL PANEL;REPAIR;;;;X;X;X;X;X;;;;;;X;;;;;X;;;;;;;;;;;;;;;;;;;;;;;;;;;;;;;;;;;;;;;;;;;;;;;;;;;;;;;;;;;;;;;;;;;;;;;;;;;;;;;X;;;;
7965672;796-567-2;REFUELING CONTROL PANEL;REPAIR;;;;X;X;X;X;X;;;;;;X;;;;;X;;;;;;;;;;;;;;;;;;;;;;;;;;;;;;;;;;;;;;;;;;;;;;;;;;;;;;;;;;;;;;;;;;;;;;;;;;;;;;;X;;;;
7965681;796-568-1;REFUELING CONTROL PANEL;REPAIR;;;;X;X;X;X;X;;;;;;X;;;;;X;;;;;;;;;;;;;;;;;;;;;;;;;;;;;;;;;;;;;;;;;;;;;;;;;;;;;;;;;;;;;;;;;;;;;;;;;;;;;;;X;;;;
7965691;796-569-1;REFUELING CONTROL PANEL;REPAIR;;;;X;X;X;X;X;;;;;;X;;;;;X;;;;;;;;;;;;;;;;;;;;;;;;;;;;;;;;;;;;;;;;;;;;;;;;;;;;;;;;;;;;;;;;;;;;;;;;;;;;;;;X;;;;
7965701;796-570-1;REFUELING CONTROL PANEL;REPAIR;;;;X;X;X;X;X;;;;;;X;;;;;;;X;;;;;;;;;;;;;;;;;;;;;;;;;;;;;;;;;;;;;;;;;;;;;;;;;;;;;;;;;;;;;;;;;;;;;;;;;;;;;X;;;;
7965711;796-571-1;REFUELING CONTROL PANEL;REPAIR;;;;X;X;X;X;X;;;;;;X;;;;;X;;;;;;;;;;;;;;;;;;;;;;;;;;;;;;;;;;;;;;;;;;;;;;;;;;;;;;;;;;;;;;;;;;;;;;;;;;;;;;;X;;;;
7966241;796-624-1;PRESELECTOR, FUEL QUANTITY;REPAIR;;;;X;X;X;X;X;;;;;;;;;;;;;X;;X;X;;;;;;;;;;;;;;;;;;;;;;;;;;;;;;;;;;;;;;;;;;;;;;;;;;;;;;;;;;;;;;;;;;;;;;;;;;X;;;;
796806;796-806;PRESELECTOR;;REPAIR;;;X;X;X;X;X;;;;;;;;;;;;;;;;;;;;;;;;;;;;;;;;;;;X;X;;;;;;;;;;;;;;;;;;;;;;;;;;;;;;;;;;;;;;;;;;;;;;;;;;;;;;;X;;;
7968101;796-810-1;REFUELING CONTROL PANEL;REPAIR;;;;X;X;X;X;X;;;;;;X;;;;;X;;;;;;;;;;;;;;;;;;;;;;;;;;;;;;;;;;;;;;;;;;;;;;;;;;;;;;;;;;;;;;;;;;;;;;;;;;;;;;;X;;;;
796814;796-814;PRESELECTOR;;REPAIR;;;X;X;X;X;X;;;;;;;;;;;;;;;;;;;;;;;;;;;;;;;;;;;X;X;;;;;;;;;;;;;;;;;;;;;;;;;;;;;;;;;;;;;;;;;;;;;;;;;;;;;;;X;;;
7968150102;796-815-01-02;PRESELECTOR;REPAIR;;;;X;X;X;X;X;;;;;;;;;;;;;X;;;;X;X;X;;;;;;;;;;;;;;;;;;;;;;;;;;;;;;;;;;;;;;;;;;;;;;;;;;;;;;;;;;;;;;;;;;;;;;;X;;;;
7968150203;796-815-02-03;PRESELECTOR;REPAIR;;;;X;X;X;X;X;;;;;;;;;;;;;X;;;;X;X;X;;;;;;;;;;;;;;;;;;;;;;;;;;;;;;;;;;;;;;;;;;;;;;;;;;;;;;;;;;;;;;;;;;;;;;;X;;;;
7968150203;796815-02-03;PRESELECTOR;REPAIR;;;;X;X;X;X;X;;;;;;;;;;;;;X;;;;X;X;X;;;;;;;;;;;;;;;;;;;;;;;;;;;;;;;;;;;;;;;;;;;;;;;;;;;;;;;;;;;;;;;;;;;;;;;X;;;;
796815C101;796-815-C1-01;PRESELECTOR;REPAIR;;;;X;X;X;X;X;;;;;;;;;;;;;X;;;;;;X;;;;;;;;;;;;;;;;;;;;;;;;;;;;;;;;;;;;;;;;;;;;;;;;;;;;;;;;;;;;;;;;;;;;;;;X;;;;
796815C101;796-815C1-01;PRESELECTOR;REPAIR;;;;X;X;X;X;X;;;;;;;;;;;;;X;;;;;;X;;;;;;;;;;;;;;;;;;;;;;;;;;;;;;;;;;;;;;;;;;;;;;;;;;;;;;;;;;;;;;;;;;;;;;;X;;;;
796942;796-942;REFUELING CONTROL PANEL;REPAIR;;;;X;X;X;X;;;;;;;X;;X;;;;;;;;;;;;;;;;;;;;;;;;;;;;;;;;;;;;;;;;;;;;;;;;;;;;;;;;;;;;;;;;;;;;;;;;;;;;;;;;;;X;;;;
7969421;796-942-1;REFUELING CONTROL PANEL;REPAIR;;;;X;X;X;X;;;;;;;X;;X;;;;;;;;;;;;;;;;;;;;;;;;;;;;;;;;;;;;;;;;;;;;;;;;;;;;;;;;;;;;;;;;;;;;;;;;;;;;;;;;;;X;;;;
7969422;796-942-2;REFUELING CONTROL PANEL;REPAIR;;;;X;X;X;X;;;;;;;X;;X;;;;;;;;;;;;;;;;;;;;;;;;;;;;;;;;;;;;;;;;;;;;;;;;;;;;;;;;;;;;;;;;;;;;;;;;;;;;;;;;;;X;;;;
7969501;796-950-1;JUNCTION BOX;;REPAIR;;;X;X;;X;;;;;;;;;;;;;;;;;;;;;;;;;;;;;;;;;;;;X;X;;;;;;;;;;;;;;;;;;;;;;;;;;;;;;;;;;;;;;;;;;;;;;;;;;;;;;;X;;;
796966;796-966;FUEL QTY PRESELECTOR;;REPAIR;;;X;X;X;X;X;;;;;;;;;;;;;;;;;;;;;;;;;;;;;;;;;;;X;X;;;;;;;;;;;;;;;;;;;;;;;;;;;;;;;;;;;;;;;;;;;;;;;;;;;;;;;X;;;
796967;796-967;FUEL QTY PRESELECTOR;;REPAIR;;;X;X;X;X;X;;;;;;;;;;;;;;;;;;;;;;;;;;;;;;;;;;;X;X;;;;;;;;;;;;;;;;;;;;;;;;;;;;;;;;;;;;;;;;;;;;;;;;;;;;;;;X;;;
796979;796-979;PRESELECTOR;;REPAIR;;;X;X;X;X;X;;;;;;;;;;;;;;;;;;;;;;;;;;;;;;;;;;;X;;;;X;;;;;;;;;;;;;;;;;;;;;;;;;;;;;;;;;;;;;;;;;;;;;;;;;;;;X;;;
796984;796-984;FUEL QTY PRESELECTOR;;REPAIR;;;X;X;X;X;X;;;;;;;;;;;;;;;;;;;;;;;;;;;;;;;;;;;X;X;;;;;;;;;;;;;;;;;;;;;;;;;;;;;;;;;;;;;;;;;;;;;;;;;;;;;;;X;;;
7980210102;798-021-01-02;PRESELECTOR;REPAIR;;;;X;X;X;X;X;;;;;;;;;;;;;X;;;;X;X;X;X;;;;;;;;;;;;;;;;;;;;;;;;;;;;;;;;;;;;;;;;;;;;;;;;;;;;;;;;;;;;;;;;;;;;;;X;;;;
7980210203;798-021-02-03;PRESELECTOR;REPAIR;;;;X;X;X;X;X;;;;;;;;;;;;;X;;;;X;X;X;X;;;;;;;;;;;;;;;;;;;;;;;;;;;;;;;;;;;;;;;;;;;;;;;;;;;;;;;;;;;;;;;;;;;;;;X;;;;
7980210203;798021-02-03;PRESELECTOR (FR);REPAIR;;;;X;X;X;X;X;;;;;;;;;;;;;X;;;;X;X;X;X;;;;;;;;;;;;;;;;;;;;;;;;;;;;;;;;;;;;;;;;;;;;;;;;;;;;;;;;;;;;;;;;;;;;;;X;;;;
798038;798-038;PROBE FUEL QUANTITY;;REPAIR;;;X;X;;X;;;;;;;;;;;;;;;;;;;;;;;;;;;;;;;;;;;;X;;;;;;;;;;;;;;;;;;;;;;;;;;;;;X;;;;X;;;;;;;;;X;;;;;;;;;;;;;;X;;;
7981144;798-114-4;DEFUEL REFUEL PANEL;;REPAIR;;;X;X;;X;;;;;;;;;;;;;;;;;;;;;;;;;;;;;;;;;;;;;;;;;;;;;;;;;;;;;;;;;;;;;;;;;X;;;;X;;;;;;;;;X;;;;;;;;;;;;;;X;;;
7981144A;798-114-4A;DEFUEL REFUEL PANEL;;REPAIR;;;X;X;;X;;;;;;;;;;;;;;;;;;;;;;;;;;;;;;;;;;;;;;;;;;;;;;;;;;;;;;;;;;;;;;;;;X;;;;X;;;;;;;;;X;;;;;;;;;;;;;;X;;;
7981146;798-114-6;DEFUEL REFUEL PANEL;;REPAIR;;;X;X;;;;;;;;;;;;;;;;;;;;;;;;;;;;;;;;;;;;;;;;;;;;;;;;;;;;;;;;;;;;;;;;;;;;;;;;;;;;;;;;;;;;;;;;X;;;X;;;X;;;
7G418;7G418;MICRO SWITCH;;TEST;;;X;X;;;;;;;;;;;;;;;;;;;;;;;;;;;;;;;;;;;;;;;;;;;;;;;;;;;X;;;X;;;;;;;;;;;;;;;;;;;;;;;;;;;;;;;;;;;;;;;;X;;;
7G74;7G74;SWITCH;;BENCH TEST;;;X;X;;X;;;;;;;;;;;;;;;;;;;;;;;;;;;;;;;;;;;;;;;;;;;;;;;;;;;;;;;;;;;;;;;;;;;;;;;;;;;;;;X;;;;;;;; ;;; ;;;X;;;
7G840;7G840;SWITCH;;BENCH TEST;;;X;X;;;;;;;;;;;;;;;;;;;;;;;;;;;;;;;;;;;;;;;;;;;;;;;;;;;;;;;;;;;;;;;;;;;;;;;;;;;;;;;;X;;;;;;;;;;;;;;X;;;
8000281Y00;8000281Y00;RUNWAY TURN-OFF LIGHT;REPAIR;;;;X;X;X;X;X;;;;;;;;;;;;;X;;;;X;X;X;X;;;;;;;;;;;;;;;;;;;;;;;;;;;;;;;;;;;;;;;;;;;;;;;;;;;;;;;;;;;;;;;;;;;;;;X;;;;
8000283Y00;8000283Y00;TAKE OFF LIGHT;REPAIR;;;;X;X;X;X;;;;;;;;;;;;;;X;;;;X;X;X;X;;;;;;;;;;;;;;;;;;;;;;;;;;;;;;;;;;;;;;;;;;;;;;;;;;;;;;;;;;;;;;;;;;;;;;X;;;;
8000306Y00;8000306Y00;RUNWAY TURN-OFF LIGHT;REPAIR;;;;X;X;X;X;X;;;;;;;;;;;;;X;;;;X;X;X;X;;;;;;;;;;;;;;;;;;;;;;;;;;;;;;;;;;;;;;;;;;;;;;;;;;;;;;;;;;;;;;;;;;;;;;X;;;;
8000959Y00;8000959Y00;L/H WING & ENGINE LIGHT;REPAIR;;;;X;X;X;X;X;;;;;;;;;;;;;X;;;;X;X;X;X;X;X;;;;;;;;;;;;;;;;;;;;;;;;;;;;;;;;;;;;;;;;;;;;;;;;;;;;;;;;;;;;;;;;;;;;X;;;;
8000960Y00;8000960Y00;R/H WING & ENGINE LIGHT;REPAIR;;;;X;X;X;X;X;;;;;;;;;;;;;X;;;;X;X;X;X;X;X;;;;;;;;;;;;;;;;;;;;;;;;;;;;;;;;;;;;;;;;;;;;;;;;;;;;;;;;;;;;;;;;;;;;X;;;;
8001001;8001001;EXTINGUISHER TOILETTES;;TEST;;;X;X;;;;;;;;;;;;;;;;;;;;;;;;;;;;;;;;;;;;;;X;;;;X;;;;;;;;;;;;;;;;;;;;;;;;;;;;;;;;;;;;;;;;;;;;;;;;;;;;X;;;
8001006Y00;8001006Y00;TAXI AND TAKE OFF LIGHT;;REPAIR;;;X;X;X;X;X;;;;;;;;;;;;;;;;;;;;;;;X;;;;;;;;;;X;;;;;;;;;;;;;;;;;;;;;;;;;;;;;;;;;;;;;;;;;;;;;;;;;;;;;;;;;;X;;;
8001006Y01;8001006Y01;TAXI AND TAKE OFF LIGHT;;OVERHAUL;;;X;X;X;X;X;;;;;;;;;;;;;;;;;;;;;;;;;;;;;;;;;;;X;;;;X;;;;;;;;;;;;;;;;;;;;;;;;;;;;;;;;;;;;;;;;;;;;;;;;;;;;X;;;
8001060000A;8001-06-0000A;OVEN;;REPAIR;;;X;X;;X;;;;;;;;;;;;;;;;;;;;;;;;;;;;;;;;;;;;;;;;;;;;;;;;;;;;;;;;;;;;;;;;;;;;;;;;;;;;;;;;;;;;;;X;;;X;;;X;;;
800610345;80-0610-3-45;FLIGHT WARNING COMPUTER;;REPAIR;;DNR;X;X;;;;;;;;;;;;;;;;;;;;;;;;;;;;;;;;;;;;;;;;;;;;;;;;;;;;;;;;;;;;;;;;;;;;;;;;;;;;;;;;;;;;;;;;X;X;;;;;X;;;
800610350;80-0610-3-50;FLIGHT WARNING COMPUTER;;REPAIR;;DNR;X;X;;X;;;;;;;;;;;;;;;;;;;;;;;;;;;;;;;;;;;;;;;;;;;;;;;;;;;;;;;;;;;;;;;;;;;;;;;;;;;;;;;;;;;;;;X;X;;;;;X;;;
800610355;80-0610-3-55;FLIGHT WARNING COMPUTER;;REPAIR;;DNR;X;X;;X;;;;;;;;;;;;;;;;;;;;;;;;;;;;;;;;;;;;;;;;;;;;;;;;;;;;;;;;;;;;;;;;;;;;;;;;;;;;;;;;;;;;;;X;X;;;;;X;;;
80130700;801307-00;OXYGEN BOTTLE;;OVERHAUL;;;X;X;;;;;;;;;;;;;;;;;;;;;;;;;;X;;;X;;;;;;;;;;;;;;;;;;;;;;;;;;;;;;;;;;;;;;;;;;;;;;;;;;;;;;;;;;;;;;;;;X;;;
80130706;801307-06;OXYGEN BOTTLE;;OVERHAUL;;;X;X;;X;;;;;;;;;;;;;;;;;;;;;;;;X;;;;;;;;;;X;;;;;;;;;;;;;;;;;;;;;;;;;;;;;;;;;;;;;;;;;;;;;;;;;;;;;;;;;;X;;;
80130720;801307-20;OXYGEN BOTTLE;;OVERHAUL;;;X;;;;;;;;;;;;;;;;;;;;;;;;;;;X;;;;;;;;;;X;;;;;;;;;;;;;;;;;;;;;;;;;;;;;;;;;;;;;;;;;;;;;;;;;;;;;;;;;;X;;;
8030A010001;8030A010001;FAN - AVIONICS EXTRACTION AFT;OVERHAUL;;;;X;X;X;X;X;;;;;;;;;;;;;;;;;;;;;;;;;;;;;;;;;;;;;;;;;;;;;;;;;;;;;;;;;;;;;;;;;;;;;;;;;;;;;X;;;;;;;;;;;;;X;;;;
8030A020001;8030A020001;FAN - AVIONICS EXTRACTION AFT;OVERHAUL;;;;X;X;X;X;X;;;;;;;;;;;;;;;;;;;;;;;;;;;;;;;;;;;;;;;;;;;;;;;;;;;;;;;;;;;;;;;;;;;;;;;;;;;;;X;;;;;;;;;;;;;X;;;;
8032;803-2;ATTITUDE INDICATOR;;REPAIR;;;X;X;;;;;;;;;;;;;;;;;;;;;;;;;;;;;;;;;;;;;;;;;;;;;;;;;;;X;;;;X;;;;;;;;;;;;;;;;;;;;;;;;;X;;;;;;;;;;;;;;X;;;
803V24;803V24;HORIZON;;REPAIR;;;X;;;;;;;;;;;;;;;;;;;;;;;;;;;;;;;;;;;;;;;;;;;;;;;;;;;;X;;;X;X;;;;;;;;;;;;;;;;;;;;;;;;;;;;;;;;;;;;;;;X;;;
804747;804747;BATTERY EMERGENCY;;OVERHAUL;;DNR;X;X;X;;;;;;;X;;;;;;;;;;;;;;;;;;;;;;;;;;;;;;;;;;;;;;;;;;;X;;;;;X;;;;;;;;;;;;;;;;;;;;;;;;;;;;;;;;;;;;;;X;;;
804751;804751;BATTERY;;OVERHAUL;;DNR;X;X;;X;;;;;;;;;;;;;;;;;;;;;;;;;;;;;;;;;;;;;;;;;;;;;;;;;X;;;X;;;;;;;;;;;;;;;;;;;;;;;;;;X;;;;X;;;;;;;;;;X;;;
8054010000;8054-01-0000;OVEN;;REPAIR;;;X;X;;X;;;;;;;;;;;;;;;;;;;;;;;;;;;;;;;;;;;;;;;;;;;;;;;;;;;;;;;;;;;;;;;;;;;;;;;;;;;;;;;;;;;;;;X;X;;;;;X;;;
8054110000;8054-11-0000;OVEN;;REPAIR;;;X;X;;X;;;;;;;;;;;;;;;;;;;;;;;;;;;;;;;;;;;;;;;;;;;;;;;;;;;;;;;;;;;;;;;;;;;;;;;;;;;;;;;;;;;;;;X;X;;;;;X;;;
8054510000;8054-51-0000;OVEN;;REPAIR;;;X;X;;X;;;;;;;;;;;;;;;;;;;;;;;;;;;;;;;;;;;;;;;;;;;;;;;;;;;;;;;;;;;;;;;;;;;;;;;;;;;;;;X;;;;;;;;;;;;;;X;;;
80555154501;8055515-4501;PTA-45B DATA PRINTER;REPAIR;;;;X;X;X;X;X;;;;;;;;;;;;;X;;;;;;X;;;;X;;;X;;;;X;;;;;;;;;;;;;;;;;;;;;;;;;;;;;;;;;;;;;;;;;;;;;;;X;;;;;X;;;;;;;;X;;;;
80555154502;8055515-4502;PTA-45B DATA PRINTER;REPAIR;;;;X;X;X;X;X;;;;;;;;;;;;;X;;;;;;X;;;;X;;;X;;;;X;;;;;;;;;;;;;;;;;;;;;;;;;;;;;;;;;;;;;;;;;;;;;;;X;;;;;X;;;;;;;;X;;;;
80555154503;8055515-4503;PTA-45B DATA PRINTER;REPAIR;;;;X;X;X;X;X;;;;;;;;;;;;;X;;;;;;X;;;;X;;;X;;;;X;;;;;;;;;;;;;;;;;;;;;;;;;;;;;;;;;;;;;;;;;;;;;;;X;;;;;X;;;;;;;;X;;;;
80555154504;8055515-4504;PTA-45B DATA PRINTER;REPAIR;;;;X;X;X;X;X;;;;;;;;;;;;;X;;;;;;X;;;;X;;;X;;;;X;;;;;;;;;;;;;;;;;;;;;;;;;;;;;;;;;;;;;;;;;;;;;;;X;;;;;X;;;;;;;;X;;;;
80555154506;8055515-4506;PTA-45B DATA PRINTER;REPAIR;;;;X;X;X;X;X;;;;;;;;;;;;;X;;;;;;X;;;;X;;;X;;;;X;;;;;;;;;;;;;;;;;;;;;;;;;;;;;;;;;;;;;;;;;;;;;;;X;;;;;X;;;;;;;;X;;;;
80555154507;8055515-4507;PTA-45B DATA PRINTER;REPAIR;;;;X;X;X;X;X;;;;;;;;;;;;;X;;;;;;X;;;;X;;;X;;;;X;;;;;;;;;;;;;;;;;;;;;;;;;;;;;;;;;;;;;;;;;;;;;;;X;;;;;X;;;;;;;;X;;;;
80603201;8060-320-1;STARTER GENERATOR;;OVERHAUL;;;X;X;;X;;;;;;;;;;;;;;;;;;;;;;;;;;;;;;;;;;;;;;;;;;;;;;;;;X;;;;;X;;;;;;;;;;;;;;;;;;;;;;;;;;;;;;;;;;;;;;X;;;
8060360;8060-360;STARTER GENERATOR;;OVERHAUL;;;X;X;;X;;;;;;;;;;;;;;;;;;;;;;;;;;;;;;;;;;;;;;;;;;;;;;;;;X;;;;;X;;;;;;;;;;;;;;;;;;;;;;;;;;;;;;;;;;;;;;X;;;
8084036H;8084036H;VALVE-REMPLISSAGE, REGULATION D'ECHAPPEM;REPAIR;;;;X;X;X;X;X;;;;;;;;;;;;;X;;X;X;;;;;;;;;;;;;;;;;;;;;;;;;;;;;;;;;;;;;;;;;;;;;;;;;;;;;;;;;;;;;;;;;;;;;;;;;;X;;;;
8084040H;8084040H;VALVE,;REPAIR;;;;X;X;X;X;X;;;;;;;;;;;;;X;;;;;;;;;;;;;;;;;;;;;;;;;;;;;;;;;;;;;;;;;;;;;;;;;;;;;;;;;;;;;;;;;;;;;;;;;;;;;X;;;;
8084240H;8084240H;MOTORISED SPHERICAL PLUG VALVE;OVERHAUL;;;;X;X;X;X;X;;;;;;;;;;;;;X;;X;X;;;;;;;;;;;;;;;;;;;;;;;;;;;;;;;;;;;;;;;;;;;;;;;;;;;;;;;;;;;;;;;;;;;;;;;;;;X;;;;
81001A02010002;81001A020100-02;REGULATION AND SAFETY VALVE;OVERHAUL;;;;X;X;X;X;X;;;;;;;;;;;;;X;X;X;X;;;;;;;;;;;;;;;;;;;;;;;;;;;;;;;;;;;;;;;;;;;;;;;;;;;;;;;;;;;;;;;;;;;;;;;;;;X;;;;
81001B010100;81001B010100;REGULATION AND SAFETY VALVE;OVERHAUL;;;;X;X;X;X;X;;;;;;;;;;;;;X;X;;;;;;;;;;;;;;;;;;;;;;;;;;;;;;;;;;;;;;;;;;;;;;;;;;;;;;;;;;;;;;;;;;;;;;;;;;;;X;;;;
81001B01010002;81001B010100-02;REGULATION AND SAFETY VALVE;OVERHAUL;;;;X;X;X;X;X;;;;;;;;;;;;;X;X;;;;;;;;;;;;;;;;;;;;;;;;;;;;;;;;;;;;;;;;;;;;;;;;;;;;;;;;;;;;;;;;;;;;;;;;;;;;X;;;;
81001B01020002;81001B010200-02;REGULATION AND SAFETY VALVE;OVERHAUL;;;;X;X;X;X;X;;;;;;;;;;;;;X;X;;;;;;;;;;;;;;;;;;;;;;;;;;;;;;;;;;;;;;;;;;;;;;;;;;;;;;;;;;;;;;;;;;;;;;;;;;;;X;;;;
81001C010300;81001C010300;REGULATION AND SAFETY VALVE;OVERHAUL;;;;X;X;X;X;X;;;;;;;;;;;;;X;X;X;;;;;;;;;;;;;;;;;;;;;;;;;;;;;;;;;;;;;;;;;;;;;;;;;;;;;;;;;;;;;;;;;;;;;;;;;;;X;;;;
8101010000;8101-01-0000;OVEN;REPAIR;;;;X;X;X;X;X;;;;;;;;;;;;;X;;;;;;;;;;;;;;;;;;;;;;;;;;;;;;;;;;;;;;;;;;;;;;;;;;;;;;;;;;;;;;;;;;;;;;;;;;;;;X;;;;
8101014000;8101-01-4000;CONTROL BOX;;REPAIR;;;X;X;;X;;;;;;;;;;;;;;;;;;;;;;;;X;;;;;;;;;;X;;;;;;;;;;;;;;;;;;;;;;;;;;;;;;;;;;;;;;;;;;;;;;;;;;;;;;;;;;X;;;
81010140001;8101-01-4000-1;CONTROL BOX;;BENCH TEST;;;X;X;;X;;;;;;;;;;;;;;;;;;;;;;;;X;;;;;;;;;;X;;;;;;;;;;;;;;;;;;;;;;;;;;;;;;;;;;;;;;;;;;;;;;;;;;;;;;;;;;X;;;
8101020000;8101-02-0000;OVEN;REPAIR;;;;X;X;X;X;X;;;;;;;;;;;;;X;;;;;;;;;;;;;;;;;;;;;;;;;;;;;;;;;;;;;;;;;;;;;;;;;;;;;;;;;;;;;;;;;;;;;;;;;;;;;X;;;;
8101040000;8101-04-0000;OVEN;REPAIR;;;;X;X;X;X;X;;;;;;;;;;;;;X;;;;;;;;;;;;;;;;;;;;;;;;;;;;;;;;;;;;;;;;;;;;;;;;;;;;;;;;;;;;;;;;;;;;;;;;;;;;;X;;;;
8101070000;8101-07-0000;OVEN;REPAIR;;;;X;X;X;X;X;;;;;;;;;;;;;X;;;;;;;;;;;;;;;;;;;;;;;;;;;;;;;;;;;;;;;;;;;;;;;;;;;;;;;;;;;;;;;;;;;;;;;;;;;;;X;;;;
8101080000C;8101-08-0000C;OVEN;REPAIR;;;;X;X;X;X;X;;;;;;;;;;;;;X;;;;;;;;;;;;;;;;;;;;;;;;;;;;;;;;;;;;;;;;;;;;;;;;;;;;;;;;;;;;;;;;;;;;;;;;;;;;;X;;;;
8101090000;8101-09-0000;OVEN;REPAIR;;;;X;X;X;X;X;;;;;;;;;;;;;X;;;;;;;;;;;;;;;;;;;;;;;;;;;;;;;;;;;;;;;;;;;;;;;;;;;;;;;;;;;;;;;;;;;;;;;;;;;;;X;;;;
8101110000;8101-11-0000;OVEN;REPAIR;;;;X;X;X;X;X;;;;;;;;;;;;;X;;X;X;;;;;;;X;;;X;;;;;;;;;;;;;;;;;;;;;;;;;;;;;;;;;;;;;;;;;;;;;;;;;;;;;;;;;;;;;;;;X;;;;
8101110000A;8101-11-0000A;OVEN;REPAIR;;;;X;X;X;X;X;;;;;;;;;;;;;X;;;;;;;;;;X;;;X;;;;;;;;;;;;;;;;;;;;;;;;;;;;;;;;;;;;;;;;;;;;;;;;;;;;;;;;;;;;;;;;X;;;;
8101110000B;8101-11-0000B;OVEN;REPAIR;;;;X;X;X;X;X;;;;;;;;;;;;;X;;X;X;;;;;;;;;;;;;;;;;;;;;;;;;;;;;;;;;;;;;;;;;;;;;;;;;;;;;;;;;;;;;;;;;;;;;;;;;;X;;;;
8101110000C;8101-11-0000C;OVEN;REPAIR;;;;X;X;X;X;X;;;;;;;;;;;;;X;;;;;;;;;;;;;;;;;;;;;;;;;;;;;;;;;;;;;;;;;;;;;;;;;;;;;;;;;;;;;;;;;;;;;;;;;;;;;X;;;;
8101120000;8101-12-0000;OVEN;REPAIR;;;;X;X;X;X;X;;;;;;;;;;;;;X;;;;;;;;;;;;;;;;;;;;;;;;;;;;;;;;;;;;;;;;;;;;;;;;;;;;;;;;;;;;;;;;;;;;;;;;;;;;;X;;;;
8101120000A;8101-12-0000A;OVEN;REPAIR;;;;X;X;X;X;X;;;;;;;;;;;;;X;;;;;;;;;;;;;;;;;;;;;;;;;;;;;;;;;;;;;;;;;;;;;;;;;;;;;;;;;;;;;;;;;;;;;;;;;;;;;X;;;;
8101120000B;8101-12-0000B;OVEN;REPAIR;;;;X;X;X;X;X;;;;;;;;;;;;;X;;;;;;;;;;;;;;;;;;;;;;;;;;;;;;;;;;;;;;;;;;;;;;;;;;;;;;;;;;;;;;;;;;;;;;;;;;;;;X;;;;
8101130000;8101-13-0000;OVEN;REPAIR;;;;X;X;X;X;X;;;;;;;;;;;;;X;;X;;;;;;;;X;;;X;;;;;;;;;;;;;;;;;;;;;;;;;;;;;;;;;;;;;;;;;;;;;;;;;;;;;;;;;;;;;;;;X;;;;
8101140000;8101-14-0000;OVEN;REPAIR;;;;X;X;X;X;X;;;;;;;;;;;;;X;;;;;;;;;;X;;;X;;;X;;;;;;;;;;;;;;;;;;;;;;;;;;;;;;;;;;;;;;;;;;;;;;;;;;;;;;;;;;;;;X;;;;
8101140000A;8101-14-0000A;OVEN;REPAIR;;;;X;X;X;X;X;;;;;;;;;;;;;X;;;;;;;;;;X;;;X;;;;;;;;;;;;;;;;;;;;;;;;;;;;;;;;;;;;;;;;;;;;;;;;;;;;;;;;;;;;;;;;X;;;;
8101140000B;8101-14-0000B;OVEN;REPAIR;;;;X;X;X;X;X;;;;;;;;;;;;;X;;;;;;;;;;X;;;X;;;;;;;;;;;;;;;;;;;;;;;;;;;;;;;;;;;;;;;;;;;;;;;;;;;;;;;;;;;;;;;;X;;;;
8101150000;8101-15-0000;OVEN;REPAIR;;;;X;X;X;X;X;;;;;;;;;;;;;X;;;;;;;;;;;;;;;;;;;;;;;;;;;;;;;;;;;;;;;;;;;;;;;;;;;;;;;;;;;;;;;;;;;;;;;;;;;;;X;;;;
8101170000;8101-17-0000;OVEN;REPAIR;;;;X;X;X;X;X;;;;;;;;;;;;;X;;;;;;;;;;;;;;;;;;;;;;;;;;;;;;;;;;;;;;;;;;;;;;;;;;;;;;;;;;;;;;;;;;;;;;;;;;;;;X;;;;
8101170000A;8101-17-0000A;OVEN;REPAIR;;;;X;X;X;X;X;;;;;;;;;;;;;X;;;;;;;;;;;;;;;;;;;;;;;;;;;;;;;;;;;;;;;;;;;;;;;;;;;;;;;;;;;;;;;;;;;;;;;;;;;;;X;;;;
8101170000B;8101-17-0000B;OVEN;REPAIR;;;;X;X;X;X;X;;;;;;;;;;;;;X;;;;;;;;;;;;;;;;;;;;;;;;;;;;;;;;;;;;;;;;;;;;;;;;;;;;;;;;;;;;;;;;;;;;;;;;;;;;;X;;;;
8101180000A;8101-18-0000A;OVEN;REPAIR;;;;X;X;X;X;X;;;;;;;;;;;;;X;;;;;;;;;;;;;;;;;;;;;;;;;;;;;;;;;;;;;;;;;;;;;;;;;;;;;;;;;;;;;;;;;;;;;;;;;;;;;X;;;;
8101180000B;8101-18-0000B;OVEN;REPAIR;;;;X;X;X;X;X;;;;;;;;;;;;;X;;;;;;;;;;;;;;;;;;;;;;;;;;;;;;;;;;;;;;;;;;;;;;;;;;;;;;;;;;;;;;;;;;;;;;;;;;;;;X;;;;
8101180000C;8101-18-0000C;OVEN;REPAIR;;;;X;X;X;X;X;;;;;;;;;;;;;X;;;;;;;;;;;;;;;;;;;;;;;;;;;;;;;;;;;;;;;;;;;;;;;;;;;;;;;;;;;;;;;;;;;;;;;;;;;;;X;;;;
8101182000;8101-18-2000;OVEN;REPAIR;;;;X;X;X;X;X;;;;;;;;;;;;;X;;;;;;X;;;;;;;;;;;;;;;;;;;;;;;;;;;;;;;;;;;;;;;;;;;;;;;;;;;;;;;;;;;;;;;;;;;;;;;X;;;;
8101190000;8101-19-0000;OVEN;REPAIR;;;;X;X;X;X;X;;;;;;;;;;;;;X;;;;;;;;;;;;;;;;;;;;;;;;;;;;;;;;;;;;;;;;;;;;;;;;;;;;;;;;;;;;;;;;;;;;;;;;;;;;;X;;;;
8101190000A;8101-19-0000A;OVEN;REPAIR;;;;X;X;X;X;X;;;;;;;;;;;;;X;;;;;;;;;;;;;;;;;;;;;;;;;;;;;;;;;;;;;;;;;;;;;;;;;;;;;;;;;;;;;;;;;;;;;;;;;;;;;X;;;;
8101190000B;8101-19-0000B;OVEN;REPAIR;;;;X;X;X;X;X;;;;;;;;;;;;;X;;;;;;;;;;;;;;;;;;;;;;;;;;;;;;;;;;;;;;;;;;;;;;;;;;;;;;;;;;;;;;;;;;;;;;;;;;;;;X;;;;
8101210000C;8101-21-0000C;OVEN;REPAIR;;;;X;X;X;X;X;;;;;;;;;;;;;X;;;;;;;;;;;;;;;;;;;;;;;;;;;;;;;;;;;;;;;;;;;;;;;;;;;;;;;;;;;;;;;;;;;;;;;;;;;;;X;;;;
8101220000B;8101-22-0000B;OVEN;REPAIR;;;;X;X;X;X;X;;;;;;;;;;;;;X;;;;;;;;;;X;;;X;;;;;;;;;;;;;;;;;;;;;;;;;;;;;;;;;;;;;;;;;;;;;;;;;;;;;;;;;;;;;;;;X;;;;
8101260000B;8101-26-0000B;OVEN;REPAIR;;;;X;X;X;X;X;;;;;;;;;;;;;X;;;;;;;;;;;;;;;;;;;;;;;;;;;;;;;;;;;;;;;;;;;;;;;;;;;;;;;;;;;;;;;;;;;;;;;;;;;;;X;;;;
8101260000C;8101-26-0000C;OVEN;REPAIR;;;;X;X;X;X;X;;;;;;;;;;;;;X;;X;X;X;X;X;X;X;X;X;;;X;;;;;;;;;;;;;;;;;;;;;;;;;;;;;;;;;;;;;;;;;;;;;;;;;;;;;;;;;;;;;;;;X;;;;
8101270000;8101-27-0000;OVEN;REPAIR;;;;X;X;X;X;X;;;;;;;;;;;;;X;;;;;;;;;;;;;;;;;;;;;;;;;;;;;;;;;;;;;;;;;;;;;;;;;;;;;;;;;;;;;;;;;;;;;;;;;;;;;X;;;;
8101270000C;8101-27-0000C;OVEN;REPAIR;;;;X;X;X;X;X;;;;;;;;;;;;;X;;;;;;;;;;;;;;;;;;;;;;;;;;;;;;;;;;;;;;;;;;;;;;;;;;;;;;;;;;;;;;;;;;;;;;;;;;;;;X;;;;
8101280000B;8101-28-0000B;OVEN;REPAIR;;;;X;X;X;X;X;;;;;;;;;;;;;X;;X;;;;X;;;;X;;;X;;;X;X;;;;;;;;;;;;;;;;;;;;;;;;;;;;;;;;;;;;;;;;;;;;;;;;;;;;;;;;;;;;X;;;;
8101610000B;8101-61-0000B;OVEN;REPAIR;;;;X;X;X;X;X;;;;;;;;;;;;;X;;;;;;;;;;;;;;;;;;;;;;;;;;;;;;;;;;;;;;;;;;;;;;;;;;;;;;;;;;;;;;;;;;;;;;;;;;;;;X;;;;
8101610000C;8101-61-0000C;OVEN;REPAIR;;;;X;X;X;X;X;;;;;;;;;;;;;X;;;;;;;;;;;;;;;;;;;;;;;;;;;;;;;;;;;;;;;;;;;;;;;;;;;;;;;;;;;;;;;;;;;;;;;;;;;;;X;;;;
8101660000B;8101-66-0000B;OVEN;REPAIR;;;;X;X;X;X;X;;;;;;;;;;;;;X;;;;;;;;;;;;;;;;;;;;;;;;;;;;;;;;;;;;;;;;;;;;;;;;;;;;;;;;;;;;;;;;;;;;;;;;;;;;;X;;;;
8101660000C;8101-66-0000C;OVEN;REPAIR;;;;X;X;X;X;X;;;;;;;;;;;;;X;;;;;;;;;;;;;;;;;;;;;;;;;;;;;;;;;;;;;;;;;;;;;;;;;;;;;;;;;;;;;;;;;;;;;;;;;;;;;X;;;;
8101710000B;8101-71-0000B;OVEN;REPAIR;;;;X;X;X;X;X;;;;;;;;;;;;;X;;;;;;;;;;;;;;;;;;;;;;;;;;;;;;;;;;;;;;;;;;;;;;;;;;;;;;;;;;;;;;;;;;;;;;;;;;;;;X;;;;
8101710000C;8101-71-0000C;OVEN;REPAIR;;;;X;X;X;X;X;;;;;;;;;;;;;X;;;;;;;;;;;;;;;;;;;;;;;;;;;;;;;;;;;;;;;;;;;;;;;;;;;;;;;;;;;;;;;;;;;;;;;;;;;;;X;;;;
8101760000B;8101-76-0000B;OVEN;REPAIR;;;;X;X;X;X;X;;;;;;;;;;;;;X;;;;;;;;;;;;;;;;;;;;;;;;;;;;;;;;;;;;;;;;;;;;;;;;;;;;;;;;;;;;;;;;;;;;;;;;;;;;;X;;;;
8101760000C;8101-76-0000C;OVEN;REPAIR;;;;X;X;X;X;X;;;;;;;;;;;;;X;;;;;;;;;;;;;;;;;;;;;;;;;;;;;;;;;;;;;;;;;;;;;;;;;;;;;;;;;;;;;;;;;;;;;;;;;;;;;X;;;;
8103010000;8103-01-0000;SINGLE OVEN;;REPAIR;;;X;X;;X;;;;;;;;;;;;;;;;;;;;;;;;X;;;;;;;;;;X;;;;;;;;;;;;;;;;;;;;;;;;;;;;;;;;;;;;;;;;;;;;;;;;;;;;;;;;;;X;;;
8103060000;8103-06-0000;SINGLE OVEN;;REPAIR;;;X;;;;;;;;;;;;;;;;;;;;;;;;;;;;;;;;;;;;;;;X;;;;X;;;;;;;;;;;;;;;;;;;;;;;;;;;;;;;;;;;;;;;;;;;;;;;;;;;;X;;X;
81050B020100;81050B020100;CABIN PRESSURE SAFETY VALVE;OVERHAUL;;;;X;X;X;X;X;;;X;;;;;;;;;;X;;X;X;;;;;;;;;;;;;;;;;;;;;;;;;;;;;;;;;;;;;;;;;;;;;;;;;;;;;;;;;;;;;;;;;;;;;;;;;;X;;;;
81071100010;8107-110-00-10;TRANSMITTER;;BENCH TEST;;;X;X;X;X;;;;;;;;;;;;;;;;;;;;;;;;;;;;;;;;;;;;;;;;;;X;;;;X;X;;;;;;;;;;;;;;;;;;;;;;;;;;;;;;;;;;;;;;;;;;;;;X;;;
810A000003;810A0000-03;RUDDER SERVO CONTROL;OVERHAUL;;;;X;X;X;X;X;;;;;;;;;;;;;X;;;;X;X;X;X;;;;;;;;;;;;;;;;;;;;;;;;;;;;;;;;;;;;;;;;;;;;;;;;;;;;;;;;;;;;;;;;;;;;;;X;;;;
810A000004;810A0000-04;RUDDER SERVO CONTROL;OVERHAUL;;;;X;X;X;X;X;;;;;;;;;;;;;X;;;;X;X;X;X;;;;;;;;;;;;;;;;;;;;;;;;;;;;;;;;;;;;;;;;;;;;;;;;;;;;;;;;;;;;;;;;;;;;;;X;;;;
810A000005;810A0000-05;RUDDER SERVO CONTROL;OVERHAUL;;;;X;X;X;X;X;;;;;;;;;;;;;X;;;;X;X;X;X;;;;;;;;;;;;;;;;;;;;;;;;;;;;;;;;;;;;;;;;;;;;;;;;;;;;;;;;;;;;;;;;;;;;;;X;;;;
810A000006;810A0000-06;RUDDER SERVO CONTROL;OVERHAUL;;;;X;X;X;X;X;;;;;;;;;;;;;X;;;;X;X;X;X;;;;;;;;;;;;;;;;;;;;;;;;;;;;;;;;;;;;;;;;;;;;;;;;;;;;;;;;;;;;;;;;;;;;;;X;;;;
810C000001;810C0000-01;RUDDER SERVO CONTROL;OVERHAUL;;;;X;X;X;X;X;;;;;;;;;;;;;X;;;;X;X;X;X;;;;;;;;;;;;;;;;;;;;;;;;;;;;;;;;;;;;;;;;;;;;;;;;;;;;;;;;;;;;;;;;;;;;;;X;;;;
810D000001;810D0000-01;RUDDER SERVO CONTROL;OVERHAUL;;;;X;X;X;X;X;;;;;;;;;;;;;X;;;;X;X;X;X;;;;;;;;;;;;;;;;;;;;;;;;;;;;;;;;;;;;;;;;;;;;;;;;;;;;;;;;;;;;;;;;;;;;;;X;;;;
810M000001;810M0000-01;RUDDER SERVO CONTROL;OVERHAUL;;;;X;X;X;X;X;;;;;;;;;;;;;X;;;;X;X;X;X;;;;;;;;;;;;;;;;;;;;;;;;;;;;;;;;;;;;;;;;;;;;;;;;;;;;;;;;;;;;;;;;;;;;;;X;;;;
810M000002;810M0000-02;RUDDER SERVO CONTROL;OVERHAUL;;;;X;X;X;X;X;;;;;;;;;;;;;X;;;;X;X;X;X;;;;;;;;;;;;;;;;;;;;;;;;;;;;;;;;;;;;;;;;;;;;;;;;;;;;;;;;;;;;;;;;;;;;;;X;;;;
812155610;8121556-10;MAIN GEAR CENTERING CYLINDER ASSY;OVERHAUL;;;;X;;;;;;;;;X;;;;;;;;;;;;;;;;;;X;;;;;;;;;;;X;;;;;;;;;;;;;;;;;;;;;;;;;;;;;;;;;;;;;;;;;;;;;;;;;;;;;;;;X;;;;
8152891;815289-1;AMBIENT TEMPERATURE SENSOR;;BENCH TEST;;;X;X;;X;;;;;;;;;;;;;;;;;;;;;;;;;;;;;;;;;;;;;;;;;;X;;;;X;X;;;;;;;;;;;;;;;;;;;;;;;;;;;;;;;;;;;;;;;;;;;;;X;;;
8152892;815289-2;AMBIENT TEMPERATURE SENSOR;;BENCH TEST;;;X;X;;X;;;;;;;;;;;;;;;;;;;;;;;;;;;;;;;;;;;;;;;;;;X;;;;X;X;;;;;;;;;;;;;;;;;;;;;;;;X;X;;;;;;X;;;;;;;;;;;;;;X;;;
8160530;8160-530;STARTER;;OVERHAUL;;;X;X;;;;;;;;X;;;;;;;;;;;;;;;;;;;;;;;;;;;;;;;;;;;;;;;;;;;;;;;;;;;;;;;;;;;;;;;;;X;X;;;;;;;;;;;;;;;;;;;;X;;;
8166011;816601-1;HIGHT STAGE PRES.VALVE;;REPAIR;;;X;X;;X;;;;;;;;;;;;;;;;;;;;;;;;;;;;;;;;;;;;;;;;;;X;;;;X;X;;;;;;;;;;;;;;;;;;;;;;;;;;;;;;;;;;;;;;;;;;;;;X;;;
8166061;816606-1;VALVE;;REPAIR;;;X;X;;;;;;;;;;;;;;;;;;;;;;;;;;;;;;;;;;;;;;;;;;;;X;;;;X;X;;;;;;;;;;;;;;;;;;;;;;;;;;;;;;;;;;;;;;;;;;;;;X;;;
8166071;816607-1;HIGHT STAGE PRES.VALVE;;OVERHAUL;;;X;X;;X;X;;;;;;;;;;;;;;;;;;;;;;;X;;;;;;;;;;X;;;;;;;;X;;;;X;X;;;;;;;;;;;;;;;;;;;;;;;;;;;;;;;;;;;;;;;;;;;;;X;;;
81951;8195-1;HYDRAULIC PRESSURE SNUBBER;OVERHAUL;;;;X;;;;;;;;;X;;;;;;;;;;;;;;;;;;X;;;;;;;;;;;X;;;;;;;;;;;;;;;;;;;;;;;;;;;;;;;;;;;;;;;;;;;;;;;;;;;;;;;;X;;;;
819522;8195-22;HYDRAULIC PRESSURE SNUBBER;OVERHAUL;;;;X;;;;;;;;;X;;;;;;;;;;;;;;;;;;X;;;;;;;;;;;X;;;;;;;;;;;;;;;;;;;;;;;;;;;;;;;;;;;;;;;;;;;;;;;;;;;;;;;;X;;;;
819531;8195-31;HYDRAULIC PRESSURE SNUBBER;OVERHAUL;;;;X;;;;;;;;;X;;;;;;;;;;;;;;;;;;X;;;;;;;;;;;X;;;;;;;;;;;;;;;;;;;;;;;;;;;;;;;;;;;;;;;;;;;;;;;;;;;;;;;;X;;;;
8201010000;8201-01-0000;OVEN;OVERHAUL;;;;X;X;X;X;X;;;;;;;;;;;;;X;;X;X;X;X;X;X;X;X;X;;;X;;X;X;X;;;X;;;;;;;;;;;;;;;;;;;;;;;;;;;;;;;;;;;;;;;;;;;;;;;;;;;;;;;;;X;;;;
8201020000;8201-02-0000;OVEN;OVERHAUL;;;;X;X;X;X;X;;;;;;;;;;;;;X;;;;;;;;;;;;;;;;;;;;;;;;;;;;;;;;;;;;;;;;;;;;;;;;;;;;;;;;;;;;;;;;;;;;;;;;;;;;;X;;;;
8201030000;8201-03-0000;OVEN;OVERHAUL;;;;X;X;X;X;X;;;;;;;;;;;;;X;;;;;;X;;;;X;;;;;X;;;;;;;;;;;;;;;;;;;;;;;;;;;;;;;;;;;;;;;;;;;;;;;;;;;;;;;;;;;;;;X;;;;
8201040000;8201-04-0000;OVEN;OVERHAUL;;;;X;X;X;X;X;;;;;;;;;;;;;X;;X;X;;X;X;X;X;X;;;;;;;;;;;;;;;;;;;;;;;;;;;;;;;;;;;;;;;;;;;;;;;;;;;;;;;;;;;;;;;;;;;;X;;;;
8201070000;8201-07-0000;OVEN;OVERHAUL;;;;X;X;X;X;X;;;;;;;;;;;;;X;;;;;;;;;;;;;;;;;;;;;;;;;;;;;;;;;;;;;;;;;;;;;;;;;;;;;;;;;;;;;;;;;;;;;;;;;;;;;X;;;;
82010B040901;82010B040901;CABIN PRESSURE CONTROLLER;REPAIR;;;;X;X;X;X;X;;;;;;;;;;;;;X;;;;;;;;;;;;;;;;;;;;;;;;;;;;;;;;;;;;;;;;;;;;;;;;;;;;;;;;;;;;;;;;;;;;;;;;;;;;;X;;;;
82010C050800;82010C050800;CABIN PRESSURE CONTROLLER;REPAIR;;;;X;X;X;X;X;;;;;;;;;;;;;X;X;X;X;;;;;;;;;;;;;;;;;;;;;;;;;;;;;;;;;;;;;;;;;;;;;;;;;;;;;;;;;;;;;;;;;;;;;;;;;;X;;;;
82010C051100;82010C051100;CABIN PRESSURE CONTROLLER;REPAIR;;;;X;X;X;X;X;;;;;;;;;;;;;X;X;X;X;;;;;;;;;;;;;;;;;;;;;;;;;;;;;;;;;;;;;;;;;;;;;;;;;;;;;;;;;;;;;;;;;;;;;;;;;;X;;;;
8201110000;8201-11-0000;OVEN;REPAIR;;;;X;X;X;X;X;;;;;;;;;;;;;X;;X;X;X;X;X;X;X;X;X;;;X;;X;X;X;X;;;;;;;;;;;;;;;;;;;;;;;;;;;;;;;;;;;;;;;;;;;;;;;;;;;;;;;;;;;X;;;;
8201110000A;8201-11-0000A;OVEN;REPAIR;;;;X;X;X;X;X;;;;;;;;;;;;;X;;X;X;X;X;X;X;X;X;X;;;X;;X;X;X;X;;;;;;;;;;;;;;;;;;;;;;;;;;;;;;;;;;;;;;;;;;;;;;;;;;;;;;;;;;;X;;;;
8201110000D;8201-11-0000D;OVEN;REPAIR;;;;X;X;X;X;X;;;;;;;;;;;;;X;;X;X;X;X;X;X;X;X;X;;;X;;X;X;X;X;;;;;;;;;;;;;;;;;;;;;;;;;;;;;;;;;;;;;;;;;;;;;;;;;;;;;;;;;;;X;;;;
8201120000;8201-12-0000;OVEN;REPAIR;;;;X;X;X;X;X;;;;;;;;;;;;;X;;X;X;X;X;X;X;X;X;X;;;X;;X;X;X;X;;;;;;;;;;;;;;;;;;;;;;;;;;;;;;;;;;;;;;;;;;;;;;;;;;;;;;;;;;;X;;;;
8201120000D;8201-12-0000D;OVEN;REPAIR;;;;X;X;X;X;X;;;;;;;;;;;;;X;;X;X;X;X;X;X;X;X;X;;;X;;X;X;X;X;;;;;;;;;;;;;;;;;;;;;;;;;;;;;;;;;;;;;;;;;;;;;;;;;;;;;;;;;;;X;;;;
8201130000;8201-13-0000;OVEN;REPAIR;;;;X;X;X;X;X;;;;;;;;;;;;;X;;X;X;X;X;X;X;X;X;X;;;X;;X;X;X;X;;;;;;;;;;;;;;;;;;;;;;;;;;;;;;;;;;;;;;;;;;;;;;;;;;;;;;;;;;;X;;;;
8201140000;8201-14-0000;OVEN;REPAIR;;;;X;X;X;X;X;;;;;;;;;;;;;X;;X;X;X;X;X;X;X;X;X;;;X;;X;X;X;X;;;;;;;;;;;;;;;;;;;;;;;;;;;;;;;;;;;;;;;;;;;;;;;;;;;;;;;;;;;X;;;;
8201170000;8201-17-0000;OVEN;REPAIR;;;;X;X;X;X;X;;;;;;;;;;;;;X;;X;X;X;X;X;X;X;X;X;;;X;;X;X;X;X;;;;;;;;;;;;;;;;;;;;;;;;;;;;;;;;;;;;;;;;;;;;;;;;;;;;;;;;;;;X;;;;
8201510000;8201-51-0000;OVEN;OVERHAUL;;;;X;X;X;X;X;;;;;;;;;;;;;X;;;;;;;;;;X;;;X;;X;X;X;;;;;;;;;;;;;;;;;;;;;;;;;;;;;;;;;;;;;;;;;;;;;;;;;;;;;;;;;;;;X;;;;
8201520000;8201-52-0000;OVEN;OVERHAUL;;;;X;X;X;X;X;;;;;;;;;;;;;X;;;;;;;;;;;;;;;;;;;;;;;;;;;;;;;;;;;;;;;;;;;;;;;;;;;;;;;;;;;;;;;;;;;;;;;;;;;;;X;;;;
8201530000;8201-53-0000;OVEN;OVERHAUL;;;;X;X;X;X;X;;;;;;;;;;;;;X;;;;;;;;;;;;;;;;;;;;;;;;;;;;;;;;;;;;;;;;;;;;;;;;;;;;;;;;;;;;;;;;;;;;;;;;;;;;;X;;;;
8201540000;8201-54-0000;OVEN;OVERHAUL;;;;X;X;X;X;X;;;;;;;;;;;;;X;;;;;;;;;;;;;;;;;;;;;;;;;;;;;;;;;;;;;;;;;;;;;;;;;;;;;;;;;;;;;;;;;;;;;;;;;;;;;X;;;;
8201610000;8201-61-0000;OVEN;REPAIR;;;;X;X;X;X;X;;;;;;;;;;;;;X;;X;X;X;X;X;X;X;X;X;;;X;;X;X;X;X;;;;;;;;;;;;;;;;;;;;;;;;;;;;;;;;;;;;;;;;;;;;;;;;;;;;;;;;;;;X;;;;
8201630000;8201-63-0000;OVEN;REPAIR;;;;X;X;X;X;X;;;;;;;;;;;;;X;;X;X;X;X;X;X;X;X;X;;;X;;X;X;X;X;;;;;;;;;;;;;;;;;;;;;;;;;;;;;;;;;;;;;;;;;;;;;;;;;;;;;;;;;;;X;;;;
8201640000;8201-64-0000;OVEN;REPAIR;;;;X;X;X;X;X;;;;;;;;;;;;;X;;X;X;X;X;X;X;X;X;X;;;X;;X;X;X;X;;;;;;;;;;;;;;;;;;;;;;;;;;;;;;;;;;;;;;;;;;;;;;;;;;;;;;;;;;;X;;;;
8201670000;8201-67-0000;OVEN;REPAIR;;;;X;X;X;X;X;;;;;;;;;;;;;X;;X;X;X;X;X;X;X;X;X;;;X;;X;X;X;X;;;;;;;;;;;;;;;;;;;;;;;;;;;;;;;;;;;;;;;;;;;;;;;;;;;;;;;;;;;X;;;;
8205071;820507-1;BRUSH BLOCK;;OVERHAUL;;;X;X;;X;;;;;;X;;;;;;;;;;;;;;;;;;;;;;;;;;;;;;X;X;;;;;;;;;;;;;;;;;;;;;;;;;;;;;;;;;;X;X;;;;;;;;;;;;;;;;;;;;X;;;
8205381;820538-1;BRUSH BLOCK;;REPAIR;;;X;X;;X;;;;;;;;;;;;;;;;;;;;;;;;;;;;;;;;;;;;;;;;;;;;;;;;;;;;;;;;;;;;;;;;;;;;;;;;;;;;;;;;;;;;;;X;X;;;;;X;;;
8205391;820539-1;BRUSH BLOCK;;REPAIR;;;X;X;;X;;;;;;;;;;;;;;;;;;;;;;;;;;;;;;;;;;;;;;;;;;;;;;;;;;;;;;;;;;;;;;;;;;;;;;;;;;;;;;;;;;;;;;X;X;;;;;X;;;
82200A0101;82200A0101;SELECTOR-LANDING ALTITUDE;REPAIR;;;;X;X;X;X;X;;;;;;;;;;;;;X;X;X;X;;;;;;;;;;;;;;;;;;;;;;;;;;;;;;;;;;;;;;;;;;;;;;;;;;;;;;;;;;;;;;;;;;;;;;;;;;X;;;;
8220282002;822-0282-002;ILS-700 RECEICER;;REPAIR;;DNR;X;X;;X;;;;;;;;;;;;;;;;;;;;;;;;;;;;;;;;;;;;;;;;;;;;;;;;;;;;;;;;;;;;;;;;;X;;;;X;;;;;;;;;;;;;;;;;X;X;;;;;X;;;
8220393001;822-0393-001;VHF COMM R/T;;REPAIR;;;X;X;;X;;;;;;;;;;;;;;;;;;;;;;;;;;;;;;;;;;;;;;;;;;;;;;;;;;;;;;;;;;;;;;;;;;;;;;;;;;;;;;;;;;;;;;X;X;;;;;X;;;
8220693003;822-0693-003;VHF COMM R/T;;REPAIR;;;X;X;;;;;;;;;X;;X;;;;;;;;;;;;;;;;;;;;;;;;;;;;;;;;;;;;;;;;;;;;;;;;;;;;;;;;;;;;;;;;;;;;;X;;;;;;;;;;;;;;X;;;
8220726002;822-0726-002;VOR 700 RECEIVER;;REPAIR;;;X;X;;X;;;;;;;;;;;;;;;;;;;;;;;;;;;;;;;;;;;;;;;;;;;;;;;;;;;;;;;;;;;;;;;;;;;;;;;;;;;;;;;;;;;;;;X;X;;;;;X;;;
8220726103;822-0726-103;VOR 700 RECEIVER;;REPAIR;;DNR;X;X;;X;;;;;;;;;;;;;;;;;;;;;;;;;;;;;;;;;;;;;;;;;;;;;;;;;;;;;;;;;;;;;;;;;;;;;;;;;;;;;;;;;;;;;;X;X;;;;;X;;;
8220760001;822-0760-001;NAVIGATION RECEIVER;;REPAIR;;DNR;X;X;;X;;;;;;;;;;;;;;;;;;;;;;;;;;;;;;;;;;;;;;;;;;;;;;;;;;;;;;;;;;;;;;;;;;;;;;;;;;;;;;;;;;;;;;X;;X;;;;X;;;
8220760002;822-0760-002;NAVIGATION RECEIVER;;REPAIR;;DNR;X;X;;X;;;;;;;;;;;;;;;;;;;;;;;;;;;;;;;;;;;;;;;;;;;;;;;;;;;;;;;;;;;;;;;;;;;;;;;;;;;;;;;;;;;;;;X;;X;;;;X;;;
8220760005;822-0760-005;NAVIGATION RECEIVER;;REPAIR;;DNR;X;X;;X;;;;;;;;;;;;;;;;;;;;;;;;;;;;;;;;;;;;;;;;;;;;;;;;;;;;;;;;;;;;;;;;;;;;;;;;;;;;;;;;;;;;;;X;;X;;;;X;;;
8220761001;822-0761-001;NAVIGATION RECEIVER;;REPAIR;;DNR;X;X;;X;;;;;;;;;;;;;;;;;;;;;;;;X;;;X;;;;;;;;;;;;;;;;;;;;;;;;;;;;;;;;;;;;;;;;;;;;;;;;;;;;;;;;;;;;;;;;;X;;;
8220761003;822-0761-003;NAVIGATION RECEIVER;;REPAIR;;DNR;X;X;;X;;;;;;;;;;;;;;;;;;;;;;;;X;;;;;X;;;;;;;;;;;;;;;;;;;;;;;;;;;;;;;;;;;;;;;;;;;;;;;;;;;;;;;;;;;;;;;X;;;
8220761004;822-0761-004;NAVIGATION RECEIVER;;REPAIR;;DNR;X;X;;X;;;;;;;;;;;;;;;;;;;;;;;;X;;;;;X;;;;;;;;;;;;;;;;;;;;;;;;;;;;;;;;;;;;;;;;;;;;;;;;;;;;;;;;;;;;;;;X;;;
8221044003;822-1044-003;VHF RECEIVER;;REPAIR;;DNR;X;X;;X;;;;;;;;;;;;;;;;;;;;;;;;;;;;;;;;;;;;;;;;;;;;;;;;;;;;;;;;;;;;;;;;;;;;;;;;;;;;;;;;;;;;;;X;X;;;;;X;;;
8221044004;822-1044-004;VHF RECEIVER;;REPAIR;;DNR;X;X;;X;;;;;;;;;;;;;;;;;;;;;;;;;;;;;;;;;;;;;;;;;;;;;;;;;;;;;;;;;;;;;;;;;;;;;;;;;;;;;;;;;;;;;;X;X;;;;;X;;;
8221044005;822-1044-005;VHF RECEIVER;;REPAIR;;DNR;X;X;;X;;;;;;;;;;;;;;;;;;;;;;;;X;;;X;;;;;;;;;;;;;;;;;;;;;;;;;;;;;;;;;;;;;;;;;;;;;;;;;;;;;;;;;;;;;;;;;X;;;
8221044020;822-1044-020;VHF RECEIVER;;REPAIR;;DNR;X;X;;X;;;;;;;;;;;;;;X;;;;;X;X;X;;;;;;;;;;;;;;;;;;;;;;;;;;;;;;;;;;;;;;;;;;;;;;;;;;;;;;;;;;;;;;;;;;;;;;;X;;;
8221044120;822-1044-120;VHF RECEIVER;;REPAIR;;DNR;X;X;;X;;;;;;;;;;;;;;;;;;;;;;;;X;;;X;;;;;;;;;;;;;;;;;;;;;;;;;;;;;;;;;;;;;;;;;;;;;;;;;;;;;;;;;;;;;;;;;X;;;
8221044121;822-1044-121;VHF RECEIVER;;REPAIR;;DNR;X;X;;X;;;;;;;;;;;;;;;;;;;;;;;;X;;;X;;;;;;;;;;;;;;;;;;;;;;;;;;;;;;;;;;;;;;;;;;;;;;;;;;;;;;;;;;;;;;;;;X;;;
8221111001;822-1111-001;VHF COMM R/T;;REPAIR;;DNR;X;X;;;;;;;;;X;;X;;;;;;;;;;;;;;;;;;;;;;;;;;;X;X;;;;;;;;;;;;;;;;;;;;;;;;;;;;;;;;;;;;;;;;;;;;;;;;;;;;;;;X;;;
8221112001;822-1112-001;VHF COMM R/T;;REPAIR;;DNR;X;X;;;;;;;;;X;;X;;;;;;;;;;;;;;;;;;;;;;;;;;;X;X;;;;;;;;;;;;;;;;;;;;;;;;;;;;;;;;;;;;;;;;;;;;;;;;;;;;;;;X;;;
8221113001;822-1113-001;VHF COMM;;OVERHAUL;;DNR;X;X;X;X;X;;;;;;X;;X;;;;;;;;;;;;;;;;;;;;;;;;;;;X;;;;X;;X;;;;X;X;;;;;;;;;;;;;;;;;;X;;X;;;;;;;;;;;;;;;;;;;;;;;;;X;;;
8221113021;822-1113-021;VHF 22C;;REPAIR;;DNR;X;X;X;X;X;;;;;;X;;X;;;;;;;;;;;;;;;;;;;;;;;;;;;X;;;;;;X;;;;X;X;;;;;;;;;;;;;;;;;;;;;;;;;;;;;;;X;;;;;;;;;;;;;;X;;;
8221113023;822-1113-023;VHF 22C;;OVERHAUL;;DNR;X;X;X;X;X;;;;;;X;;X;;;;;;;;;;;;;;;;;;;;;;;;;;;X;;;;;;X;;;;X;X;;;;;;;;;;;;;;;;;;;;;;;;;;;;;;;X;;;;;;;;;;;;;;X;;;
8221114001;822-1114-001;VHF COMM R/T;;OVERHAUL;;;X;X;X;X;X;;;;;;;;;;;;;;;;;;;;;;;;;;;;;;;;;;;;;;;;;;;;;;;;X;;;;X;;;;;;;;;;;;;;;;;;;;;;;;;;;;;;;;;;;;;;;X;;;
8221114021;822-1114-021;VHF COMM R/T;;OVERHAUL;;;X;X;X;X;X;;;;;;X;;;;;;;;;;;;;;;;;;;;;;;;;;;;;;;;;;;;;;;;;;X;;;X;;;;;;;;;;;;;;;;;;;;;;;;;;X;;;;;;;;;;;;;;X;;;
8221114023;822-1114-023;VHF COMM R/T;;OVERHAUL;;;X;X;X;X;X;;;;;;;;;;;;;;;;;;;;;;;;;;;;;;;;;;;;;;;;;;;;;;;;X;;;;;X;;;;;;;;;;;;;;;;;;;;;;;;;;;;;;;;;;;;;;X;;;
8221115001;822-1115-001;TRANSCEIVER VHF COMM;;REPAIR;;DNR;X;X;;X;;;;;;;;;;;;;;;;;;;;;;;;;;;;;;;;;;;;;;;;;;;;;;;;;;;;;;;;;;;;;;;;;;;;;;;;;;;;;;X;;;;;;;;;;;;;;X;;;
8221116001;822-1116-001;VHF-422D;;REPAIR;;;X;X;;X;;;;;;;;;;;;;;;;;;;;;;;;;;;;;;;;;;;;;;;;;;;;;;;;;X;;;;;X;;;;;;;;;;;;;;;;;;;;;;;;;;;;;;;;;;;;;;X;;;
8221116021;822-1116-021;VHF-422D;;REPAIR;;;X;X;;X;;;;;;;;;;;;;;;;;;;;;;;;;;;;;;;;;;;;;;;;;;;;;;;;;X;;;;;X;;;;;;;;;;;;;;;;;;;;;;;;;;;;;;;;;;;;;;X;;;
8221116023;822-1116-023;VHF-422D;;REPAIR;;;X;X;;X;;;;;;;;;;;;;;;;;;;;;;;;;;;;;;;;;;;;;;;;;;;;;;;;;X;;;;;X;;;;;;;;;;;;;;;;;;;;;;;;;;;;;;;;;;;;;;X;;;
8221120001;822-1120-001;CONTROL;;REPAIR;;DNR;X;X;;X;X;;;;;;;;;;;;;;;;;;;;;;;;;;;;;;;;;;;X;;;;X;;;;;;;;;;;;;;;;;;;;;;;;;X;;X;;;;;;;;;;;;;;;;;;;;;;;;;X;;;
8221120003;822-1120-003;VHF PANEL;;REPAIR;;DNR;X;X;;X;X;;;;;;;;;;;;;;;;;;;;;;;;;;;;;;;;;;;X;;;;;;;;;;;;;;;;;;;;;;;;;;;;;;;;;;;;;;;;;;X;;;;;;;;;;;;;;X;;;
8221120005;822-1120-005;CONTROL BOX;;REPAIR;;DNR;X;X;;X;X;;;;;;X;;X;;;;;;;;;;;;;;;;;;;;;;;;;;;;;;;;;X;;;;X;X;;;;;;;;;;;;;;;;;;;;;;;;;;;;;;;X;;;;;;;;;;;;;;X;;;
8221120007;822-1120-007;CONTROL BOX CTL22C;;REPAIR;;DNR;X;X;;X;X;;;;;;;;;;;;;;;;;;;;;;;;;;;;;;;;;;;;;;;;;;;;;;;;;;;;;;;;;;;;;;;;;;;;;;;;;;;;;X;;;;;;;;;;;;;;X;;;
8221120008;822-1120-008;CONTROL BOX;;BENCH TEST;;;X;X;;X;X;;;;;;;;;;;;;;;;;;;;;;;;;;;;;;;;;;;;;;;;;;;;;;;;X;;;X;;;;;;;;;;;;;;;;;;;;;;;;;;X;;;;;;;;;;;;;;X;;;
8221121001;822-1121-001;COMM/NAV TUNING UNIT;;REPAIR;;DNR;X;X;;X;;;;;;;;;;;;;;;;;;;;;;;;;;;;;;;;;;;;X;X;;;;;;;;;;;;;;;;;;;;;;;;;;;;;;;;;;;;;;;;;;;;;;;;;;;;;;;X;;;
8222175001;822-2175-001;CONTROL UNIT - CTL-22D;;REPAIR;;DNR;X;X;;X;;;;;;;;;;;;;;;;;;;;;;;;;;;;;;;;;;;;X;X;;;;;;;;;;;;;;;;;;;;;;;;;;;;;;;;;;;;;;;;;X;;;;;;;;;;;;;;X;;;
8222175003;822-2175-003;CONTROL UNIT - CTL-22D;;REPAIR;;DNR;X;X;;X;;;;;;;;;;;;;;;;;;;;;;;;;;;;;;;;;;;;X;X;;;;;;;;;;;;;;;;;;;;;;;;;;;;;;;;;;;;;;;;;X;;;;;;;;;;;;;;X;;;
8222175005;822-2175-005;CONTROL UNIT - CTL-22D;;REPAIR;;DNR;X;X;;X;;;;;;;;;;;;;;;;;;;;;;;;;;;;;;;;;;;;X;X;;;;;;;;;;;;;;;;;;;;;;;;;;;;;;;;;;;;;;;;;X;;;;;;;;;;;;;;X;;;
8222175007;822-2175-007;CONTROL UNIT - CTL-22D;;REPAIR;;DNR;X;X;;X;;;;;;;;;;;;;;;;;;;;;;;;;;;;;;;;;;;;X;X;;;;;;;;;;;;;;;;;;;;;;;;;;;;;;;;;;;;;;;;;X;;;;;;;;;;;;;;X;;;
8222175009;822-2175-009;CONTROL UNIT - CTL-22D;;REPAIR;;DNR;X;X;;X;;;;;;;;;;;;;;;;;;;;;;;;;;;;;;;;;;;;X;X;;;;;;;;;;;;;;;;;;;;;;;;;;;;;;;;;;;;;;;;;X;;;;;;;;;;;;;;X;;;
8222176001;822-2176-001;CONTROL UNIT - CTL-22D;;REPAIR;;DNR;X;X;;X;;;;;;;;;;;;;;;;;;;;;;;;;;;;;;;;;;;;X;X;;;;;;;;;;;;;;;;;;;;;;;;;;;;;;;;;;;;;;;;;X;;;;;;;;;;;;;;X;;;
8222176003;822-2176-003;CONTROL UNIT - CTL-22D;;REPAIR;;DNR;X;X;;X;;;;;;;;;;;;;;;;;;;;;;;;;;;;;;;;;;;;X;X;;;;;;;;;;;;;;;;;;;;;;;;;;;;;;;;;;;;;;;;;X;;;;;;;;;;;;;;X;;;
8222176005;822-2176-005;CONTROL UNIT - CTL-22D;;REPAIR;;DNR;X;X;;X;;;;;;;;;;;;;;;;;;;;;;;;;;;;;;;;;;;;X;X;;;;;;;;;;;;;;;;;;;;;;;;;;;;;;;;;;;;;;;;;X;;;;;;;;;;;;;;X;;;
8222176007;822-2176-007;CONTROL UNIT - CTL-22D;;REPAIR;;DNR;X;X;;X;;;;;;;;;;;;;;;;;;;;;;;;;;;;;;;;;;;;X;X;;;;;;;;;;;;;;;;;;;;;;;;;;;;;;;;;;;;;;;;;X;;;;;;;;;;;;;;X;;;
8222176009;822-2176-009;CONTROL UNIT - CTL-22D;;REPAIR;;DNR;X;X;;X;;;;;;;;;;;;;;;;;;;;;;;;;;;;;;;;;;;;X;X;;;;;;;;;;;;;;;;;;;;;;;;;;;;;;;;;;;;;;;;;X;;;;;;;;;;;;;;X;;;
82363;8236-3;TRIM ACTUATOR;;OVERHAUL;Overhaul/Repair/Inspection/Modification;;X;X;X;X;X;;;;;;;;;;;;;;;;;;;;;;;;;;;;;;;;;;;X;X;;;;;;;;;;;;;;;;;;;;;;;;;;;;;;;;;;;;;;;;;;;;;;;;;;;;;;;X;X;;
82363AE;8236-3AE;TRIM ACTUATOR (8236-3 AMDT AE);;;Overhaul/Repair/Inspection/Modification;;;X;;;;;X;X;X;X;;;;;;;;;;;;;;;;;;;;;;;;;;;;;;;;;;;;X;X;X;X;X;;;;;;;;;;;;;;;;;;;;;;;;;;;;;;;;;;;;;;;;;;;;;;;;;
8260121;8260-121;GENERATOR STARTER DC;;OVERHAUL;Overhaul/Repair/Inspection/Modification;;X;X;X;X;X;;;;;;;;;;;;;;;;;;;;;;;;;;;;;;;;;;;X;X;X;X;X;;;;;;;;;;;;;;;;;;;;;;;;;;;;;;;;;;;;;;;;;;;;;;;;;;;;X;X;;
8260123;8260-123;GENERATOR STARTER DC;;OVERHAUL;Overhaul/Repair/Inspection/Modification;;X;X;X;X;X;;;;;;;;;;;;;;;;;;;;;;;;;;;;;;;;;;;X;X;X;X;X;;;;;;;;;;;;;;;;;;;;;;;;;;;;;;;;;;;;;;;;;;;;;;;;;;;;X;X;;
8260124;8260-124;GENERATOR STARTER DC;;OVERHAUL;Overhaul/Repair/Inspection/Modification;;X;X;X;X;X;;;;;;;;;;;;;;;;;;;;;;;;;;;;;;;;;;;X;X;X;X;X;;;;;;;;;;;;;;;;;;;;;;;;;;;;;;;;;;;;;;;;;;;;;;;;;;;;X;X;;
8260150;8260-150;GENERATOR STARTER DC;;OVERHAUL;;;X;X;;X;X;;;;;;;;;;;;;;;;;;;;;;;;;;;;;;;;;;;X;X;X;X;X;;;;;;;;;;;;;;;;;;;;;;;;;;;;;;;;;;;;;;;;;;;;;;;;;;;;X;;;
826A164;826A16-4;VALVE, SHUT OFF;OVERHAUL;;;;X;X;X;X;X;;;;;;X;;;;X;X;;;;;;;;;;;;;;;;;;;;;;;;;;;;;;;;;;;;;;;;;;;;;;;;;;;;;;;;;;;;;;;;;;;;;;;;;;;;;;;X;;;;
82951;8295-1;ACTUATOR ELECTRIC;;OVERHAUL;;;X;X;;X;;;;;;;;;;;;;;;;;;;;;;;;;;;;;;;;;;;;X;X;;;;;;;;;;;;;;;;;;;;;;;;;;;;;;;;;;;;;;;;;;;;;;;;;;;;;;;X;;;
83001;8300-1;ACTUATOR STICK PUSHER;;OVERHAUL;;;X;X;X;X;X;;;;;;;;;;;;;;;;;;;;;;;;;;;;;;;;;;;;;;;;;;;;;;;;;;;;;;;;;;;;;;;;X;;;;;;;;;;;;;X;;;;;;;;;;;;;;X;;;
83427;83427;PUMP;;OVERHAUL;;;X;X;;X;;;;;;;;;;;;;;;;;;;;;;;;;;;;;;;;;;;;;;;;;;X;;;;;X;;;;;;;;;;;;;;;;;;;;;;;;;;;;;;;;;;;;;;;;;;;;;X;;;
837207;83720-7;WATER SEPARATORS;OVERHAUL;;;;X;;;;;;;;;X;;;;;;;;;;;;;;;;;;X;;;;;;;;;;;X;;;;;;;;;;;;;;;;;;;;;;;;;;;;;;;;;;;;;;;;;;;;;;;;;;;;;;;;X;;;;
837208;83720-8;WATER SEPARATORS;OVERHAUL;;;;X;;;;;;;;;X;;;;;;;;;;;;;;;;;;X;;;;;;;;;;;X;;;;;;;;;;;;;;;;;;;;;;;;;;;;;;;;;;;;;;;;;;;;;;;;;;;;;;;;X;;;;
83769H1417;83769H14-17;BOLT;BENCH TEST;;;;X;X;X;X;X;;;;;;;;;;;;;X;;;;X;X;X;X;;;;;;;;;;;;;;;;;;;;;;;;;;;;;;;;;;;;;;;;;;;;;;;;;;;;;;;;;;;;;;;;;;;;;;X;;;;
83769H1614;83769H16-14;BOLT;BENCH TEST;;;;X;X;X;X;X;;;;;;;;;;;;;X;;;;X;X;X;X;;;;;;;;;;;;;;;;;;;;;;;;;;;;;;;;;;;;;;;;;;;;;;;;;;;;;;;;;;;;;;;;;;;;;;X;;;;
8400A1611;8400A16-11;ROBINET SPHERIQUE;BENCH TEST;;;;X;;;;;;;;;;;;;;;;;;;;;;;;;;;;;;;;;;;;;;;;;;;;;;;;;;;;X;X;;;;;;;;;;;;;;;;;;;;;;;;;;;;;;;;;;;;;;;;;X;;;;
848354;848354;VARIABLE DISPLACEMENT HYDRAULIC PUMP;OVERHAUL;;;;X;X;X;X;X;;;;;;;;;;;;;X;;;;;;;;X;X;X;;;;;X;;;;;;;;;;;;;;;;;;;;;;;;;;;;;;;;;;;;;;;;;;;;;;;;;;;;;;;;;;;;;;X;;;;
848847;848847;PUMP;;OVERHAUL;;;X;X;;;;;;;;;;;;;;;;;;;;;;;;;;;;;;;;;;;;;;;;;;;;;;;;;;;;;;;;;;;;;;;;;;;;;;;;;;;;;;;;;;;;;;;;X;X;;;;;X;;;
85030621504;85-03-06215-04;MIKE;;REPAIR;;;X;X;;X;;;;;;;;;;;;;;;;;;;;;;;;;;;;;;;;;;;;;;;;;;;;;;;;;;;;;;;;;;;;;;;;;;;;;;;;;;;;;;;;;;;;;;X;X;;;;;X;;;
855D10013;855D100-13;B.P.S.U.;;OVERHAUL;;;X;X;;X;;;;;;;;;;;;;;;;;;;;;;;;;;;;;;;;;;;;;;;;;;;;;;;;;;;;;;;;;;;;;;;;;X;;;;;;;;;;;;;X;;;;;;;;;;;;;;X;;;
855D1007;855D100-7;B.P.S.U.;;REPAIR;;;X;X;;X;;;;;;;;;;;;;;;;;;;;;;;;;;;;;;;;;;;;;;;;;;;;;;;;;;;;;;;;;;;;;;;;;X;;;;;;;;;;;;;X;;;;;;;;;;;;;;X;;;
855D1009;855D100-9;B.P.S.U.;;REPAIR;;;X;X;;;;;;;;;;;;;;;;;;;;;;;;;;;;;;;;;;;;;;;;;;;;;;;;;;;;;;;;;;;;;;;;;;;;;;;;;;;;;;;;;;;;;;;;X;;X;;;;X;;;
85720302001;85720302-001;LEADING EDGE ASSY LH;;REPAIR;;;X;X;X;X;X;;;;;;;;;;;;;;;;;;;;;;;;;;;;;;;;;;;;;;;;;;;;;;;;;;;;;;;;;;;;;;;;X;;X;;;;;;;;;;;;;;;;;;;;;;;;;X;;;
85720302002;85720302-002;LEADING EDGE ASSY RH;;REPAIR;;;X;X;X;X;X;;;;;;;;;;;;;;;;;;;;;;;;;;;;;;;;;;;;;;;;;;;;;;;;;;;;;;;;;;;;;;;;X;;X;;;;;;;;;;;;;;;;;;;;;;;;;X;;;
85720302003;85720302-003;LEADING EDGE ASSY LH;;REPAIR;;;X;X;X;X;X;;;;;;;;;;;;;;;;;;;;;;;;;;;;;;;;;;;;;;;;;;;;;;;;;;;;;;;;;;;;;;;;X;;X;;;;;;;;;;;;;;;;;;;;;;;;;X;;;
85720302004;85720302-004;LEADING EDGE ASSY RH;;REPAIR;;;X;X;X;X;X;;;;;;;;;;;;;;;;;;;;;;;;;;;;;;;;;;;;;;;;;;;;;;;;;;;;;;;;;;;;;;;;X;;X;;;;;;;;;;;;;;;;;;;;;;;;;X;;; 
85720302005;85720302-005;LEADING EDGE ASSY LH;;REPAIR;;;X;X;X;X;X;;;;;;;;;;;;;;;;;;;;;;;;;;;;;;;;;;;;;;;;;;;;;;;;;;;;;;;;;;;;;;;;X;;X;;;;;;;;;;;;;;;;;;;;;;;;;X;;; 
85720302006;85720302-006;LEADING EDGE ASSY RH;;REPAIR;;;X;X;X;X;X;;;;;;;;;;;;;;;;;;;;;;;;;;;;;;;;;;;;;;;;;;;;;;;;;;;;;;;;;;;;;;;;X;;X;;;;;;;;;;;;;;;;;;;;;;;;;X;;; 
85720304001;85720304-001;LEADING EDGE ASSY LH;;REPAIR;;;X;X;X;X;X;;;;;;;;;;;;;;;;;;;;;;;;;;;;;;;;;;;;;;;;;;;;;;;;;;;;;;;;;;;;;;;;X;;X;;;;;;;;;;;;;;;;;;;;;;;;;X;;;
85720304002;85720304-002;LEADING EDGE ASSY RH;;REPAIR;;;X;X;X;X;X;;;;;;;;;;;;;;;;;;;;;;;;;;;;;;;;;;;;;;;;;;;;;;;;;;;;;;;;;;;;;;;;X;;X;;;;;;;;;;;;;;;;;;;;;;;;;X;;;
85720304003;85720304-003;LEADING EDGE ASSY LH;;REPAIR;;;X;X;X;X;X;;;;;;;;;;;;;;;;;;;;;;;;;;;;;;;;;;;;;;;;;;;;;;;;;;;;;;;;;;;;;;;;X;;X;;;;;;;;;;;;;;;;;;;;;;;;;X;;;
85720304004;85720304-004;LEADING EDGE ASSY RH;;REPAIR;;;X;X;X;X;X;;;;;;;;;;;;;;;;;;;;;;;;;;;;;;;;;;;;;;;;;;;;;;;;;;;;;;;;;;;;;;;;X;;X;;;;;;;;;;;;;;;;;;;;;;;;;X;;;
85720304005;85720304-005;LEADING EDGE ASSY LH;;REPAIR;;;X;X;X;X;X;;;;;;;;;;;;;;;;;;;;;;;;;;;;;;;;;;;;;;;;;;;;;;;;;;;;;;;;;;;;;;;;X;;X;;;;;;;;;;;;;;;;;;;;;;;;;X;;;
85720304006;85720304-006;LEADING EDGE ASSY RH;;REPAIR;;;X;X;X;X;X;;;;;;;;;;;;;;;;;;;;;;;;;;;;;;;;;;;;;;;;;;;;;;;;;;;;;;;;;;;;;;;;X;;X;;;;;;;;;;;;;;;;;;;;;;;;;X;;;
85720305001;85720305-001;LEADING EDGE ASSY LH;;REPAIR;;;X;X;X;X;X;;;;;;;;;;;;;;;;;;;;;;;;;;;;;;;;;;;;;;;;;;;;;;;;;;;;;;;;;;;;;;;;X;;X;;;;;;;;;;;;;;;;;;;;;;;;;X;;;
85720305002;85720305-002;LEADING EDGE ASSY RH;;REPAIR;;;X;X;X;X;X;;;;;;;;;;;;;;;;;;;;;;;;;;;;;;;;;;;;;;;;;;;;;;;;;;;;;;;;;;;;;;;;X;;X;;;;;;;;;;;;;;;;;;;;;;;;;X;;;
85720305003;85720305-003;LEADING EDGE ASSY LH;;REPAIR;;;X;X;X;X;X;;;;;;;;;;;;;;;;;;;;;;;;;;;;;;;;;;;;;;;;;;;;;;;;;;;;;;;;;;;;;;;;X;;X;;;;;;;;;;;;;;;;;;;;;;;;;X;;;
85720305004;85720305-004;LEADING EDGE ASSY RH;;REPAIR;;;X;X;X;X;X;;;;;;;;;;;;;;;;;;;;;;;;;;;;;;;;;;;;;;;;;;;;;;;;;;;;;;;;;;;;;;;;X;;X;;;;;;;;;;;;;;;;;;;;;;;;;X;;;
85720305005;85720305-005;LEADING EDGE ASSY LH;;REPAIR;;;X;X;X;X;X;;;;;;;;;;;;;;;;;;;;;;;;;;;;;;;;;;;;;;;;;;;;;;;;;;;;;;;;;;;;;;;;X;;X;;;;;;;;;;;;;;;;;;;;;;;;;X;;;
85720305006;85720305-006;LEADING EDGE ASSY RH;;REPAIR;;;X;X;X;X;X;;;;;;;;;;;;;;;;;;;;;;;;;;;;;;;;;;;;;;;;;;;;;;;;;;;;;;;;;;;;;;;;X;;X;;;;;;;;;;;;;;;;;;;;;;;;;X;;;
85720306001;85720306-001;LEADING EDGE ASSY LH;;REPAIR;;;X;X;X;X;X;;;;;;;;;;;;;;;;;;;;;;;;;;;;;;;;;;;;;;;;;;;;;;;;;;;;;;;;;;;;;;;;X;;X;;;;;;;;;;;;;;;;;;;;;;;;;X;;;
85720306002;85720306-002;LEADING EDGE ASSY RH;;REPAIR;;;X;X;X;X;X;;;;;;;;;;;;;;;;;;;;;;;;;;;;;;;;;;;;;;;;;;;;;;;;;;;;;;;;;;;;;;;;X;;X;;;;;;;;;;;;;;;;;;;;;;;;;X;;;
85720306003;85720306-003;LEADING EDGE ASSY LH;;REPAIR;;;X;X;X;X;X;;;;;;;;;;;;;;;;;;;;;;;;;;;;;;;;;;;;;;;;;;;;;;;;;;;;;;;;;;;;;;;;X;;X;;;;;;;;;;;;;;;;;;;;;;;;;X;;;
85720306004;85720306-004;LEADING EDGE ASSY RH;;REPAIR;;;X;X;X;X;X;;;;;;;;;;;;;;;;;;;;;;;;;;;;;;;;;;;;;;;;;;;;;;;;;;;;;;;;;;;;;;;;X;;X;;;;;;;;;;;;;;;;;;;;;;;;;X;;;
85720306005;85720306-005;LEADING EDGE ASSY LH;;REPAIR;;;X;X;X;X;X;;;;;;;;;;;;;;;;;;;;;;;;;;;;;;;;;;;;;;;;;;;;;;;;;;;;;;;;;;;;;;;;X;;X;;;;;;;;;;;;;;;;;;;;;;;;;X;;;
85720306006;85720306-006;LEADING EDGE ASSY RH;;REPAIR;;;X;X;X;X;X;;;;;;;;;;;;;;;;;;;;;;;;;;;;;;;;;;;;;;;;;;;;;;;;;;;;;;;;;;;;;;;;X;;X;;;;;;;;;;;;;;;;;;;;;;;;;X;;;
85720313001;85720313-001;LEADING EDGE ASSY LH;;REPAIR;;;X;X;X;X;X;;;;;;;;;;;;;;;;;;;;;;;;;;;;;;;;;;;;;;;;;;;;;;;;;;;;;;;;;;;;;;;;X;;X;;;;;;;;;;;;;;;;;;;;;;;;;X;;;
85720313002;85720313-002;LEADING EDGE ASSY RH;;REPAIR;;;X;X;X;X;X;;;;;;;;;;;;;;;;;;;;;;;;;;;;;;;;;;;;;;;;;;;;;;;;;;;;;;;;;;;;;;;;X;;X;;;;;;;;;;;;;;;;;;;;;;;;;X;;;
85720313003;85720313-003;LEADING EDGE ASSY LH;;REPAIR;;;X;X;X;X;X;;;;;;;;;;;;;;;;;;;;;;;;;;;;;;;;;;;;;;;;;;;;;;;;;;;;;;;;;;;;;;;;X;;X;;;;;;;;;;;;;;;;;;;;;;;;;X;;;
85720313004;85720313-004;LEADING EDGE ASSY RH;;REPAIR;;;X;X;X;X;X;;;;;;;;;;;;;;;;;;;;;;;;;;;;;;;;;;;;;;;;;;;;;;;;;;;;;;;;;;;;;;;;X;;X;;;;;;;;;;;;;;;;;;;;;;;;;X;;;
85720313005;85720313-005;LEADING EDGE ASSY LH;;REPAIR;;;X;X;X;X;X;;;;;;;;;;;;;;;;;;;;;;;;;;;;;;;;;;;;;;;;;;;;;;;;;;;;;;;;;;;;;;;;X;;X;;;;;;;;;;;;;;;;;;;;;;;;;X;;;
85720313006;85720313-006;LEADING EDGE ASSY RH;;REPAIR;;;X;X;X;X;X;;;;;;;;;;;;;;;;;;;;;;;;;;;;;;;;;;;;;;;;;;;;;;;;;;;;;;;;;;;;;;;;X;;X;;;;;;;;;;;;;;;;;;;;;;;;;X;;;
85720325001;85720325-001;LEADING EDGE ASSY LH;;REPAIR;;;X;X;X;X;X;;;;;;;;;;;;;;;;;;;;;;;;;;;;;;;;;;;;;;;;;;;;;;;;;;;;;;;;;;;;;;;;X;;X;;;;;;;;;;;;;;;;;;;;;;;;;X;;;
85720325002;85720325-002;LEADING EDGE ASSY RH;;REPAIR;;;X;X;X;X;X;;;;;;;;;;;;;;;;;;;;;;;;;;;;;;;;;;;;;;;;;;;;;;;;;;;;;;;;;;;;;;;;X;;X;;;;;;;;;;;;;;;;;;;;;;;;;X;;;
85720326001;85720326-001;LEADING EDGE ASSY LH;;REPAIR;;;X;X;X;X;X;;;;;;;;;;;;;;;;;;;;;;;;;;;;;;;;;;;;;;;;;;;;;;;;;;;;;;;;;;;;;;;;X;;X;;;;;;;;;;;;;;;;;;;;;;;;;X;;;
85720326002;85720326-002;LEADING EDGE ASSY RH;;REPAIR;;;X;X;X;X;X;;;;;;;;;;;;;;;;;;;;;;;;;;;;;;;;;;;;;;;;;;;;;;;;;;;;;;;;;;;;;;;;X;;X;;;;;;;;;;;;;;;;;;;;;;;;;X;;;
861686;861686;ELECTRIC DRIVEN HYDRAULIC MOTORPUMP ASSY;OVERHAUL;;;;X;X;X;X;X;;;;;;;;;;;;;X;X;X;;;;;;;;;;;;;;;;;;;;;;;;;;;;;;;;;;;;;;;;;;;;;;;;;;;;;;;;;;;;;;X;;;;;X;;;;;;;;X;;;;
870904;870904;CO2 EXTINGUISHER;;TEST;;;X;X;;X;;;;;;;;;;;;;;;;;;;;;;;;;;;;;;;;;;;;;;;;;;;;;;;;;;;;;;;;;;;;;;;;;;;;;;;;;;;;;;X;;;;;;;;;;;;;;X;;;
87140011007;87140011-007;LOWER COWL;;REPAIR;;;X;X;;;;;;;;X;;;;;;;;;;;;;;;;;;;;;;;;;;;;;;;;;;;;;;;;;;;;;;;;;;;;;;;;;;;X;;;;;X;;;;;;;;;;;;;;;;;;;;;;X;;;
87140011009;87140011-009;LOWER COWL;;REPAIR;;;X;X;;;;;;;;X;;;;;;;;;;;;;;;;;;;;;;;;;;;;;;;;;;;;;;;;;;;;;;;;;;;;;;;;;;;X;;;;;X;;;;;;;;;;;;;;;;;;;;;;X;;;
87232186V02;87232186V02;CAPTEUR DE PRESSION PS BCP44;;TEST;;;X;;;;;;;;;;;;;;;;;;;;;;;;;;;;;;;;;;;;;;;;;;;;;;;;;;;;;;;;;;;;;;;;;;;;;;;;;;;;;;;;;X;;;X;;;;;;;;;;;X;;;
87232187V15;87232187V15;CAPTEUR DE PRESSION PT BCP44;;TEST;;;X;;;;;;;;;;;;;;;;;;;;;;;;;;;;;;;;;;;;;;;;;;;;;;;;;;;;;;;;;;;;;;;;;;;;;;;;;;;;;;;;;X;;;X;;;;;;;;;;;X;;;
87232222V17;87232222V17;BOITIER CAPTEUR DE PRESSION BCP44;;TEST;;;X;;;;;;;;;;;;;;;;;;;;;;;;;;;;;;;;;;;;;;;;;;;;;;;;;;;;;;;;;;;;;;;;;;;;;;;;;;;;;;;;;X;;;X;;;;;;;;;;;X;;;
87292325V04;87292325V04;AVIONICS EQUIPMENT VENTILATION COMPUTER;REPAIR;;;;X;X;X;X;X;;;;;;;;;;;;;X;;;;;;X;;;;;;;;;;;;;;;;;;;;;;;;;;;;;;;;;;;;;;;;;;;;;;;;;;;;;;;;;;;;;;;;;;;;;;;X;;;;
87292325V05;87292325V05;AVIONICS EQUIPMENT VENTILATION COMPUTER;REPAIR;;;;X;X;X;X;X;;;;;;;;;;;;;X;;;;;;X;;;;;;;;;;;;;;;;;;;;;;;;;;;;;;;;;;;;;;;;;;;;;;;;;;;;;;;;;;;;;;;;;;;;;;;X;;;;
87292325V06;87292325V06;AVIONICS EQUIPMENT VENTILATION COMPUTER;REPAIR;;;;X;X;X;X;X;;;;;;;;;;;;;X;;;;;;X;;;;;;;;;;;;;;;;;;;;;;;;;;;;;;;;;;;;;;;;;;;;;;;;;;;;;;;;;;;;;;;;;;;;;;;X;;;;
87292325V07;87292325V07;AVIONICS EQUIPMENT VENTILATION COMPUTER;REPAIR;;;;X;X;X;X;X;;;;;;;;;;;;;X;;;;;;X;;;;;;;;;;;;;;;;;;;;;;;;;;;;;;;;;;;;;;;;;;;;;;;;;;;;;;;;;;;;;;;;;;;;;;;X;;;;
87292335V01;87292335V01;BACK-UP BATTERY UNIT;REPAIR;;;;X;X;X;X;X;;;;;;X;;;;;;;;;;;;;;;;;;;;;;;;;;;;;;;;;;;;;;;;;;;;;;;;;;;;;;;;;;;;;;;;;;;;;;;;;;;;;;;;;;;;X;;;;
8792525006;879-2525-006;CONTROL UNIT;REPAIR;;;;X;X;X;X;X;;;;;;;;;;;;;X;X;X;X;;;;;;;;;;;;;;;;;;;;;;;;;;;;;;;;;;;;;;;;;;;;;;;;;;;;;;;;;;;;;;;;;;;;;;;;;;X;;;;
8792525007;879-2525-007;CONTROL UNIT;REPAIR;;;;X;X;X;X;X;;;;;;;;;;;;;X;;;X;;;;;;;;;;;;;;;;;;;;;;;;;;;;;;;;;;;;;;;;;;;;;;;;;;;;;;;;;;;;;;;;;;;;;;;;;;X;;;;
8792525012;879-2525-012;CONTROL UNIT;REPAIR;;;;X;X;X;X;X;;;;;;;;;;;;;X;;;;;X;X;X;X;X;;;;;;;;;;;;;;;;;;;;;;;;;;;;;;;;;;;;;;;;;;;;;;;;;;;;;;;;;;;;;;;;;;;;X;;;;
88001B01;88001B01;RE-FLOW AND SAFETY VALVE;OVERHAUL;;;;X;X;X;X;X;;;;;;;;;;;;;X;X;;;;;;;;;;;;;;;;;;;;;;;;;;;;;;;;;;;;;;;;;;;;;;;;;;;;;;;;;;;;;;;;;;;;;;;;;;;;X;;;;
88002A02;88002A02;RE-FLOW AND SAFETY VALVE;OVERHAUL;;;;X;X;X;X;X;;;;;;;;;;;;;X;X;;;;;;;;;;;;;;;;;;;;;;;;;;;;;;;;;;;;;;;;;;;;;;;;;;;;;;;;;;;;;;;;;;;;;;;;;;;;X;;;;
88003B0201;88003B0201;GROUND VENTING VALVE;OVERHAUL;;;;X;X;X;X;X;;;;;;;;;;;;;X;;;;;;;;;;;;;;;;;;;;;;;;;;;;;;;;;;;;;;;;;;;;;;;;;;;;;;;;;;;;;;;;;;;;;;;;;;;;;X;;;;
8850001;8850-001;TRANSMITTER, PEDAL;OVERHAUL;;;;X;X;X;X;X;;;X;;;X;;X;;;;;;;;;;;;;;;;;;;;;;;;;;;;;;;;;;;;;;;;;;;;;;;;;;;;;;;;;;;;;;;;;;;;;;;;;;;;;;;;;;X;;;;
8850001A;8850-001A;TRANSMITTER, PEDAL;OVERHAUL;;;;X;X;X;X;X;;;;;;X;;X;;;;;;;;;;;;;;;;;;;;;;;;;;;;;;;;;;;;;;;;;;;;;;;;;;;;;;;;;;;;;;;;;;;;;;;;;;;;;;;;;;X;;;;
8850004;8850-004;TRANSMITTER, UNDER PEDALS;OVERHAUL;;;;X;X;X;X;X;;;X;;;X;;X;;;;;;;;;;;;;;;;;;;;;;;;;;;;;;;;;;;;;;;;;;;;;;;;;;;;;;;;;;;;;;;;;;;;;;;;;;;;;;;;;;X;;;;
885133631;88513363-1;SLIDE RAIL POS 1;;REPAIR;;;X;;;;;;;;;;;;;;;;;;;;;;;;;;;;;;;;;;;;;;;;;;;;;;;;;;;;;;;;;;;;;;;;;;;;;;;;;;X;X;;;;;;X;;;;;;;;;;;;;;X;;X;
885133641;88513364-1;SLIDE RAIL POS 2;;REPAIR;;;X;;;;;;;;;;;;;;;;;;;;;;;;;;;;;;;;;;;;;;;;;;;;;;;;;;;;;;;;;;;;;;;;;;;;;;;;;;X;X;;;;;;X;;;;;;;;;;;;;;X;;X;
885133642;88513364-2;SLIDE RAIL POS 2;;REPAIR;;;X;;;;;;;;;;;;;;;;;;;;;;;;;;;;;;;;;;;;;;;;;;;;;;;;;;;;;;;;;;;;;;;;;;;;;;;;;;X;X;;;;;;X;;;;;;;;;;;;;;X;;X;
885133651;88513365-1;SLIDE RAIL POS 3;;REPAIR;;;X;;;;;;;;;;;;;;;;;;;;;;;;;;;;;;;;;;;;;;;;;;;;;;;;;;;;;;;;;;;;;;;;;;;;X;;;;;;X;X;;;;;;X;;;;;;;;;;;;;;X;;;
885303510;8853035-10;BRAKE COLLAR ASSEMBLY;OVERHAUL;;;;X;;;;;;;;;;;;;;;;;;;;;;;;;;;X;;;;;;;;;;;X;;;;;;;;;;;;;;;;;;;;;;;;;;;;;;;;;;;;;;;;;;;;;;;;;;;;;;;;X;;;;
885303550;8853035-50;BRAKE COLLAR ASSEMBLY;OVERHAUL;;;;X;;;;;;;;;X;;;;;;;;;;;;;;;;;;X;;;;;;;;;;;X;;;;;;;;;;;;;;;;;;;;;;;;;;;;;;;;;;;;;;;;;;;;;;;;;;;;;;;;X;;;;
887055;887055;PUMP;;OVERHAUL;;;X;X;;X;;;;;;;;;;;;;;;;;;;;;;;;;;;;;;;;;;;;X;X;;;;;;;;;;;;;;;;;;;;;;;;;;;;;;;;;;;;;;;;;;;;;;;;;;;;;;;X;;;
887111;887111;VARIABLE DISPLACEMENT HYDRAULIC PUMP;OVERHAUL;;;;X;X;X;X;X;;;;;;;;;;;;;X;;;;;;;;;;;;;;;;;;;;;;;;;;;;;;;;;;;;;;;;;;;;;;;;;;;;;;;;;;;;;;;;;;;;;;;;;;;;;X;;;;
887476;887476;VARIABLE DISPLACEMENT HYDRAULIC PUMP;OVERHAUL;;;;X;X;X;X;X;;;;;;;;;;;;;;;;;;;;;;;X;;X;X;;;;;;;;;;;;;;;;;;;;;;;;;;;;;;;;;;;;;;;;;;;;;;;;;;;;;;;;;;;;;;;;X;;;;
887477;887477;AC DRIVEN MOTORPUMP ASSEMBLY;OVERHAUL;;;;X;X;X;X;X;;;;;;;;;;;;;;;;;;;;;;;X;;X;X;;;;;;;;;;;;;;;;;;;;;;;;;;;;;;;;;;;;;;;;;;;;;;;;;;;;;;;;;;;;;;;;X;;;;
887673;887673;VARIABLE DISPLACEMENT HYDRAULIC PUMP;OVERHAUL;;;;X;X;X;X;X;;;;;;;;;;;;;X;;;;;;;;;;X;;;;;;X;;;;;;;;;;;;;;;;;;;;;;;;;;;;;;;;;;;;;;;;;;;;;;;;;;;;;;;;;;;;;X;;;;
8892323004;889-2323-004;CONTROL UNIT - ILS;REPAIR;;;;X;X;X;X;X;;;;;;;;;;;;;X;;;;;;;;;;;;;;;;;;;;;;;;;;;;;;;;;;;;;;;;;;;;;;;;;;;;;;;;;;;;;;;;;;;;;;;;;;;;;X;;;;
8892323006;889-2323-006;CONTROL UNIT - ILS;REPAIR;;;;X;X;X;X;X;;;;;;;;;;;;;X;;X;X;;;;;;;;;;;;;;;;;;;;;;;;;;;;;;;;;;;;;;;;;;;;;;;;;;;;;;;;;;;;;;;;;;;;;;;;;;X;;;;
8892323007;889-2323-007;CONTROL UNIT - ILS;REPAIR;;;;X;X;X;X;X;;;;;;;;;;;;;X;;X;X;;;;;;;;;;;;;;;;;;;;;;;;;;;;;;;;;;;;;;;;;;;;;;;;;;;;;;;;;;;;;;;;;;;;;;;;;;X;;;;
8892323017;889-2323-017;BOITE DE COMMANDE (CONTROLE UNIT);REPAIR;;;;X;X;X;X;X;;;;;;;;;;;;;X;X;X;X;;;;;;;;;;;;;;;;;;;;;;;;;;;;;;;;;;;;;;;;;;;;;;;;;;;;;;;;;;;;;;;;;;;;;;;;;;X;;;;
8892625004;889-2625-004;CONTROL UNIT;REPAIR;;;;X;X;X;X;X;;;;;;;;;;;;;X;;X;X;;;;;;;;;;;;;;;;;;;;;;;;;;;;;;;;;;;;;;;;;;;;;;;;;;;;;;;;;;;;;;;;;;;;;;;;;;X;;;;
89131114;891311-14;OXYGEN BOTTLE;;OVERHAUL;;;X;X;;;;;;;;;;;;;;;;;;;;;;;;;;X;;;;;;;;;;X;;;;;;;;;;;;;;;;;;;;;;;;;;;;;;;;;;;;;;;;;;;;;;;;;;;;;;;;;;X;;;
892480;892480;PORTABLE FIRE EXTINGUISHER;;TEST;;;X;X;;X;;;;;;X;;;;;;;;;;;;;;;;;;;;;;;;;;;;;;;;;;;;;;;;;;;;;;;;;;;;;;;;;;;X;;;;;;X;X;;;;;;X;;;;;;;;;;;;;;X;;;
894TS05N1Y;894TS05N1Y;SWITCH CONTROL, LANDING GEAR;OVERHAUL;;;;X;X;X;X;;;;;;;X;;;;;;;;;;;;;;;;;;;;;;;;;;;;;;;;;;;;;;;;;;;;;;;;;;;;;;;;;;;;;;;;;;;;;;;;;;;;;;;;;;;;X;;;;
894TS05NY;894TS05NY;SWITCH CONTROL, LANDING GEAR;OVERHAUL;;;;X;X;X;X;X;;;;;;X;;;;;;;;;;;;;;;;;;;;;;;;;;;;;;;;;;;;;;;;;;;;;;;;;;;;;;;;;;;;;;;;;;;;;;;;;;;;;;;;;;;;X;;;;
895TS05N1Y;895TS05N1Y;SWITCH CONTROL, LANDING GEAR;OVERHAUL;;;;X;X;X;X;X;;;;;;X;;;;;;;;;;;;;;;;;;;;;;;;;;;;;;;;;;;;;;;;;;;;;;;;;;;;;;;;;;;;;;;;;;;;;;;;;;;;;;;;;;;;X;;;;
895TS05NY;895TS05NY;SWITCH CONTROL, LANDING GEAR;OVERHAUL;;;;X;X;X;X;X;;;;;;X;;;;;;;;;;;;;;;;;;;;;;;;;;;;;;;;;;;;;;;;;;;;;;;;;;;;;;;;;;;;;;;;;;;;;;;;;;;;;;;;;;;;X;;;;
89793050;89793050;CYLINDER O2;;OVERHAUL;;;X;X;;;;;;;;;;;;;;;;;;;;;;;;;;;;;;;;;;;;;;X;;;;X;;;;;;;;;;;;;;;;;;;;;;;;;;;;;;;;;;;;;;;;;;;;;;;;;;;;X;;;
89794050;89794050;CYLINDER O2;;OVERHAUL;;;X;X;;X;;;;;;;;;;;;;;X;;X;;;;;;;;;;;;;;;;;;;;;;;;;;;;;;;;;;;;;;;;;;;;;;;;;;;;;;;;;;;;;;;;;;;;;;;;;;;;X;;;
89794077;89794077;OXYGEN BOTTLE;;OVERHAUL;;;X;X;;X;;;;;;;;;;;;;;;;;;;;;;;;;;;;;;;;;;;;X;;;;X;;;;;;;;;;;;;;;;;;;;;;;;;;;;;;;;;;;;;;;;;;;;;;;;;;;;X;;;
89794077;897940-77;CYLINDER O2;;OVERHAUL;;;X;X;;;;;;;;;;;;;;;;;;;;;;;;;;;;;;;;;;;;;;;;;;;;;;;;;;;;;;;;;;;;;;;;;;;;;;;;;;;;;;;;;;;;;;;;X;X;;;;;X;;;
898052;898052;EXTINGUISHER;;TEST;;;X;X;;X;;;;;;;;;;;;;;;;;;;;;;;;;;;;;;;;;;;;;;;;;;;;;;;;;;;;;;;;;;;;;;;;;;;;;X;;;;;;;;;;;;;;;;;;;;;;;X;;;
8982301;898230-1;VALVE-TRIM AIR PRESSURE REGULATOR;OVERHAUL;;;;X;X;X;X;X;;;;;;;;;;;;;X;X;;;;;;;;;;;;;;;;;;;;;;;;;;;;;;;;;;;;;;;;;;;;;;;;;;;;;;;;;;;;;;;;;;;;;;;;;;;;X;;;;
8982961;898296-1;VALVE, PNEUMATIC SYSTEM OVERPRESSURE;OVERHAUL;;;;X;X;X;X;X;;;;;;;;;;;;;;;;;;;;;;;X;;;;;;;;;;X;;;;;;;;;;;;;;;;;;;;;;;;;;;;;;;;;;;;;;;;;;;;;;;;;;;;;;;;;X;;;;
8982962;898296-2;VALVE, PNEUMATIC SYSTEM OVERPRESSURE;OVERHAUL;;;;X;X;X;X;X;;;;;;;;;;;;;;;;;;;;;;;X;;;;;;;;;;X;;;;;;;;;;;;;;;;;;;;;;;;;;;;;;;;;;;;;;;;;;;;;;;;;;;;;;;;;X;;;;
8982963;898296-3;VALVE, PNEUMATIC SYSTEM OVERPRESSURE;OVERHAUL;;;;X;X;X;X;X;;;;;;;;;;;;;;;;;;;;;;;X;;;;;;;;;;X;;;;;;;;;;;;;;;;;;;;;;;;;;;;;;;;;;;;;;;;;;;;;;;;;;;;;;;;;X;;;;
8985663;898566-3;VALVE-CHECK SHUTOFF FLUID;OVERHAUL;;;;X;X;X;X;X;;;;;;;;;;;;;X;X;;;;;;;;;;;;;;;;;;;;;;;;;;;;;;;;;;;;;;;;;;;;;;;;;;;;;;;;;;;;;;;;;;;;;;;;;;;;X;;;;
8986262;898626-2;PNEUMATIC PRESSURE REGULATOR VALVE;OVERHAUL;;;;X;X;X;X;X;;;;;;;;;;;;;X;;;;;;;;;;;;;;;;;;;;;;;;;;;;;;;;;;;;;;;;;;;;;;;;;;;;;;;;;;;;;;;;;;;;;;;;;;;;;X;;;;
8986263;898626-3;PNEUMATIC PRESSURE REGULATOR VALVE;OVERHAUL;;;;X;X;X;X;X;;;X;;;;;;;;;;X;;;;;;;;;;;;;;;;;;;;;;;;;;;;;;;;;;;;;;;;;;;;;;;;;;;;;;;;;;;;;;;;;;;;;;;;;;;;;X;;;;
8986264;898626-4;PNEUMATIC PRESSURE REGULATOR VALVE;OVERHAUL;;;;X;X;X;X;X;;;X;;;;;;;;;;X;;;;;;;;;;;;;;;;;;;;;;;;;;;;;;;;;;;;;;;;;;;;;;;;;;;;;;;;;;;;;;;;;;;;;;;;;;;;;X;;;;
89893010;898930-10;VALVE;;OVERHAUL;;;X;X;;X;;;;;;;;;;;;;;;;;;;;;;;;;;;;;;;;;;;;;;;;;;;;;;;;;;;;;;;;;;;;;;;;;;;;;X;;;;;;;;;;;;;;;;;;;;;;;X;;;
8989308;898930-8;VALVE;;OVERHAUL;;;X;X;;;;;;;;;;;;;;;;;;;;;;;;;;;;;;;;;;;;;;;;;;;;;;;;;;;;;;;;;;;;;;;;;;;X;;;;;;;;;;;;;X;;;;;;;;;;;;;;X;;;
8990850002;899-0850-002;RADIO MANAGEMENT PANEL;REPAIR;;;;X;X;X;X;X;;;;;;;;;;;;;X;;;;;;X;;X;X;;;;;;;;;;;;;;;;;;;;;;;;;;;;;;;;;;;;;;;;;;;;;;;;;;;;;;;;;;;;;;;;;;;;X;;;;
8990850003;899-0850-003;RADIO MANAGEMENT PANEL;REPAIR;;;;X;X;X;X;X;;;;;;;;;;;;;X;;;;;X;X;X;X;X;;;;;;;;;;;;;;;;;;;;;;;;;;;;;;;;;;;;;;;;;;;;;;;;;;;;;;;;;;;;;;;;;;;;X;;;;
8990850004;899-0850-004;RADIO MANAGEMENT PANEL;REPAIR;;;;X;X;X;X;X;;;;;;;;;;;;;X;;;;;X;X;X;X;X;;;;;;;;;;;;;;;;;;;;;;;;;;;;;;;;;;;;;;;;;;;;;;;;;;;;;;;;;;;;;;;;;;;;X;;;;
8992125014;899-2125-014;CONTROL UNIT;REPAIR;;;;X;X;X;X;X;;;;;;;;;;;;;X;;X;X;;;;;;;;;;;;;;;;;;;;;;;;;;;;;;;;;;;;;;;;;;;;;;;;;;;;;;;;;;;;;;;;;;;;;;;;;;X;;;;
8992223004;899-2223-004;CONTROL UNIT - VOR / DME;REPAIR;;;;X;X;X;X;X;;;;;;;;;;;;;X;;X;X;;;;;;;;;;;;;;;;;;;;;;;;;;;;;;;;;;;;;;;;;;;;;;;;;;;;;;;;;;;;;;;;;;;;;;;;;;X;;;;
8992223006;899-2223-006;CONTROL UNIT - VOR / DME;REPAIR;;;;X;X;X;X;X;;;;;;;;;;;;;X;X;;;;;;;;;;;;;;;;;;;;;;;;;;;;;;;;;;;;;;;;;;;;;;;;;;;;;;;;;;;;;;;;;;;;;;;;;;;;X;;;;
8992223008;899-2223-008;CONTROL UNIT - VOR / DME;REPAIR;;;;X;X;X;X;X;;;;;;;;;;;;;X;;X;X;;;;;;;;;;;;;;;;;;;;;;;;;;;;;;;;;;;;;;;;;;;;;;;;;;;;;;;;;;;;;;;;;;;;;;;;;;X;;;;
8992223018;899-2223-018;CONTROL UNIT;REPAIR;;;;X;X;X;X;X;;;;;;;;;;;;;X;X;X;X;;;;;;;;;;;;;;;;;;;;;;;;;;;;;;;;;;;;;;;;;;;;;;;;;;;;;;;;;;;;;;;;;;;;;;;;;;X;;;;
8992725003;899-2725-003;CONTROL UNIT;REPAIR;;;;X;X;X;X;X;;;;;;;;;;;;;X;;;X;;;;;;;;;;;;;;;;;;;;;;;;;;;;;;;;;;;;;;;;;;;;;;;;;;;;;;;;;;;;;;;;;;;;;;;;;;X;;;;
8992725006;899-2725-006;CONTROL UNIT;REPAIR;;;;X;X;X;X;X;;;;;;;;;;;;;X;;X;;;;;;;;;;;;;;;;;;;;;;;;;;;;;;;;;;;;;;;;;;;;;;;;;;;;;;;;;;;;;;;;;;;;;;;;;;;X;;;;
8992725007;899-2725-007;CONTROL UNIT;REPAIR;;;;X;X;X;X;X;;;;;;;;;;;;;X;X;X;X;;;;;;;;;;;;;;;;;;;;;;;;;;;;;;;;;;;;;;;;;;;;;;;;;;;;;;;;;;;;;;;;;;;;;;;;;;X;;;;
8992725008;899-2725-008;CONTROL UNIT;REPAIR;;;;X;X;X;X;X;;;;;;;;;;;;;X;;;;;;;;;;;;;;;;;;;;;;;;;;;;;;;;;;;;;;;;;;;;;;;;;;;;;;;;;;;;;;;;;;;;;;;;;;;;;X;;;;
8992725009;899-2725-009;CONTROL UNIT;REPAIR;;;;X;X;X;X;X;;;;;;;;;;;;;X;;X;;;;;;;;;;;;;;;;;;;;;;;;;;;;;;;;;;;;;;;;;;;;;;;;;;;;;;;;;;;;;;;;;;;;;;;;;;;X;;;;
8DJ143LWC1;8DJ143LWC1;LP INDICATEUR;;BENCH TEST;;;X; ;;;;;;;;;;;;;;;;;;;;;;;;;;;;;;;;;;;;;;;;;;;;;;;;;;; ;;;;;;;;;;;;;;;;;;;;;;X;X;;;;;;X;;;;;;;;;;;;;;X;;;
8DJ356WAH1;8DJ356WAH1;N2 TACHOMETER INDICATOR;;REPAIR;;;X;;;;;;;;;X;;;;;;;;;;;;;;;;;;X;;;;;;;;;;;X;;;;;;;;;;;;;; ;;;;;;;;;;;;;;;;;;;;;;;;;;;;;;;;;;;;;;;;;;;X;;;
8DJ357WAD1A;8DJ357WAD1A;EGT INDICATOR;;REPAIR;;;X;;;;;;;;;X;;;;;;;;;;;;;;;;;;X;;;;;;;;;;;X;;;;;;;;;;;;;; ;;;;;;;;;;;;;;;;;;;;;;;;;;;;;;;;;;;;;;;;;;;X;;;
8DJ361WAF1;8DJ361WAF1;N1 TACHOMETER INDICATOR;;REPAIR;;;X;;;;;;;;;X;;;;;;;;;;;;;;;;;;X;;;;;;;;;;;X;;;;;;;;;;;;;;;;;;;;;;;;;;;;;;;;;;;;;;;;;;;;;;;;;;;;;;;;;X;;;
8ES00397400;8ES003974-00;ENERGY BOX;REPAIR;;;;X;X;X;X;X;;;;;;;;;;;;;X;;X;X;;;;;;;;;;;;;;;;;;;;;;;;;;;;;;;;;;;;;;;;;;;;;;;;;;;;;;;;;;;;;;;;;;;;;;;;;;X;;;;
8ES00504500;8ES005045-00;ENERGY BOX;REPAIR;;;;X;X;X;X;X;;;;;;;;;;;;;X;;;;;X;X;X;X;X;;;;;;;;;;;;;;;;;;;;;;;;;;;;;;;;;;;;;;;;;;;;;;;;;;;;;;;;;;;;;;;;;;;;X;;;;
8ES00523600;8ES005236-00;POWER UNIT;REPAIR;;;;X;X;X;X;X;;;;;;;;;;;;;X;;;;;;;;;;;;;;;;;;;;;;;;;;;;;;;;;;;;;;;;;;;;;;;;;;;;;;;;;;;;;;;;;;;;;;;;;;;;;X;;;;
8ES00523603;8ES005236-03;POWER UNIT;REPAIR;;;;X;X;X;X;X;;;;;;;;;;;;;X;;;;;X;X;X;;;;;;;;;;;;;;;;;;;;;;;;;;;;;;;;;;;;;;;;;;;;;;;;;;;;;;;;;;;;;;;;;;;;;;X;;;;
8ES00523613;8ES005236-13;POWER UNIT;REPAIR;;;;X;X;X;X;X;;;;;;;;;;;;;X;;;;;X;X;X;;;;;;;;;;;;;;;;;;;;;;;;;;;;;;;;;;;;;;;;;;;;;;;;;;;;;;;;;;;;;;;;;;;;;;X;;;;
8ES00523700;8ES005237-00;POWER UNIT;REPAIR;;;;X;X;X;X;X;;;;;;;;;;;;;X;;;;;;;;;;;;;;;;;;;;;;;;;;;;;;;;;;;;;;;;;;;;;;;;;;;;;;;;;;;;;;;;;;;;;;;;;;;;;X;;;;
8ES00523703;8ES005237-03;POWER UNIT;REPAIR;;;;X;X;X;X;X;;;;;;;;;;;;;X;;X;;;X;X;X;;;;;;;;;;;;;;;;;;;;;;;;;;;;;;;;;;;;;;;;;;;;;;;;;;;;;;;;;;;;;;;;;;;;;;X;;;;
8ES00523713;8ES005237-13;POWER UNIT;REPAIR;;;;X;X;X;X;;;;;;;;;;;;;;X;;X;;;X;X;X;;;;;;;;;;;;;;;;;;;;;;;;;;;;;;;;;;;;;;;;;;;;;;;;;;;;;;;;;;;;;;;;;;;;;;X;;;;
8ES00523800;8ES005238-00;POWER UNIT;REPAIR;;;;X;X;X;X;X;;;;;;;;;;;;;X;;;;;;;;;;;;;;;;;;;;;;;;;;;;;;;;;;;;;;;;;;;;;;;;;;;;;;;;;;;;;;;;;;;;;;;;;;;;;X;;;;
8ES00523803;8ES005238-03;POWER UNIT;REPAIR;;;;X;X;X;X;X;;;;;;;;;;;;;X;;;;;X;X;X;;;;;;;;;;;;;;;;;;;;;;;;;;;;;;;;;;;;;;;;;;;;;;;;;;;;;;;;;;;;;;;;;;;;;;X;;;;
8ES00523813;8ES005238-13;POWER UNIT;REPAIR;;;;X;X;X;X;X;;;;;;;;;;;;;X;;;;;X;X;X;;;;;;;;;;;;;;;;;;;;;;;;;;;;;;;;;;;;;;;;;;;;;;;;;;;;;;;;;;;;;;;;;;;;;;X;;;;
8ES00530400;8ES005304-00;ENERGY BOX;REPAIR;;;;X;X;X;X;X;;;;;;;;;;;;;X;;;;X;X;X;X;X;X;;;;;;;;;;;;;;;;;;;;;;;;;;;;;;;;;;;;;;;;;;;;;;;;;;;;;;;;;;;;;;;;;;;;X;;;;
8ES40370102;8ES403701-02;TRANSFORMER ASSEMBLY;REPAIR;;;;X;X;X;X;X;;;;;;;;;;;;;X;;;;;;X;X;X;X;;;;;;;;;;;;;;;;;;;;;;;;;;;;;;;;;;;;;;;;;;;;;;;;;;;;;;;;;;;;;;;;;;;;X;;;;
8ES40370302;8ES403703-02;TRANSFORMER ASSEMBLY;REPAIR;;;;X;X;X;X;X;;;;;;;;;;;;;X;;;;X;X;X;X;X;X;;;;;;;;;;;;;;;;;;;;;;;;;;;;;;;;;;;;;;;;;;;;;;;;;;;;;;;;;;;;;;;;;;;;X;;;;
8ES40370302A;8ES403703-02A;TRANSFORMER ASSEMBLY;REPAIR;;;;X;X;X;X;X;;;;;;;;;;;;;X;;;;X;X;X;X;X;X;;;;;;;;;;;;;;;;;;;;;;;;;;;;;;;;;;;;;;;;;;;;;;;;;;;;;;;;;;;;;;;;;;;;X;;;;
8ES40536800;8ES405368-00;TRANSFORMER ASSEMBLY;REPAIR;;;;X;X;X;X;X;;;;;;;;;;;;;X;;;;;;;;;;;;;;;;;;;;;;;;;;;;;;;;;;;;;;;;;;;;;;;;;;;;;;;;;;;;;;;;;;;;;;;;;;;;;X;;;;
8ES45501200;8ES455012-00;POWER SUPPLY UNIT;OVERHAUL;;;;X;X;X;X;X;;;;;;;;;;;;;X;;;;X;X;X;X;X;X;;;;;;;;;;;;;;;;;;;;;;;;;;;;;;;;;;;;;;;;;;;;;;;;;;;;;;;;;;;;;;;;;;;;X;;;;
8ES45501206;8ES455012-06;POWER SUPPLY UNIT;REPAIR;;;;X;X;X;X;;;;;;;;;;;;;;X;;;;X;X;X;X;X;X;;;;;;;;;;;;;;;;;;;;;;;;;;;;;;;;;;;;;;;;;;;;;;;;;;;;;;;;;;;;;;;;;;;;X;;;;
8ES45543807;8ES455438-07;POWER SUPPLY UNIT;REPAIR;;;;X;X;X;X;;;;;;;;;;;;;;X;;;;X;X;X;X;X;X;;;;;;;;;;;;;;;;;;;;;;;;;;;;;;;;;;;;;;;;;;;;;;;;;;;;;;;;;;;;;;;;;;;;X;;;;
8ES45544006;8ES455440-06;POWER SUPPLY UNIT;REPAIR;;;;X;X;X;X;;;;;;;;;;;;;;X;;;;X;X;X;X;X;X;;;;;;;;;;;;;;;;;;;;;;;;;;;;;;;;;;;;;;;;;;;;;;;;;;;;;;;;;;;;;;;;;;;;X;;;;
90070003904;900-700-039-04;OXYGEN BOTTLE;;TEST;;;X;X;;;;;;;;;;;;;;;;;;;;;;;;;;;;;;;;;;;;;;;;;;;;;;;;;;;;;;;;;;;;;;;;;;;;;;;;;;;;;;;;;;;;;;;;X;;;X;;;X;;;
90070003905;900-700-039-05;OXYGEN BOTTLE;;OVERHAUL;;;X;X;;X;;;;;;;;;;;;;;;;;;;;;;;;;;;;;;;;;;;;;;;;;;;;;;;;;;;;;;;;;;;;;;;;;;;;;;;;;;;;;;;;;;;;;;X;;;X;;;X;;;
900840;900-8-40;HYDRAULIC SYSTEM FUSE;OVERHAUL;;;;X;;;;;;;;;X;;;;;;;;;;;;;;;;;;X;;;;;;;;;;;X;;;;;;;;;;;;;;;;;;;;;;;;;;;;;;;;;;;;;;;;;;;;;;;;;;;;;;;;X;;;;
90241570403;9024-15704-03;SAFETY VALVE;OVERHAUL;;;;X;X;X;X;X;;;;;;;;;;;;;X;;;;;;;;;;;;;;;;;;;;;;;;;;;;;;;;;;;;;;;;;;;;;;;;;;;;;;;;;;;;;;;;;;;;;;;;;;;;;X;;;;
9024157042;9024-15704-2;SAFETY VALVE;OVERHAUL;;;;X;X;X;X;X;;;;;;;;;;;;;X;;;;;;;;;;;;;;;;;;;;;;;;;;;;;;;;;;;;;;;;;;;;;;;;;;;;;;;;;;;;;;;;;;;;;;;;;;;;;X;;;;
9028A000201;9028A0002-01;PPU-POSITION PICK-OFF UNIT;OVERHAUL;;;;X;X;X;X;X;;;;;;;;;;;;;X;;;;;;;;;;;;;;;;;;;;;;;;;;;;;;;;;;;;;;;;;;;;;;;;;;;;;;;;;;;;;;;;;;;;;;;;;;;;;X;;;;
9028A000401;9028A0004-01;PPU-POSITION PICK-OFF UNIT;OVERHAUL;;;;X;X;X;X;X;;;;;;;;;;;;;X;;;;;;;;;;;;;;;;;;;;;;;;;;;;;;;;;;;;;;;;;;;;;;;;;;;;;;;;;;;;;;;;;;;;;;;;;;;;;X;;;;
9028A000501;9028A0005-01;PPU-POSITION PICK-OFF UNIT;OVERHAUL;;;;X;X;X;X;X;;;;;;;;;;;;;X;;;;;;;;;;;;;;;;;;;;;;;;;;;;;;;;;;;;;;;;;;;;;;;;;;;;;;;;;;;;;;;;;;;;;;;;;;;;;X;;;;
9031341;903-1341;MIKE;;REPAIR;;;X;X;;X;;;;;;;;;;;;;;;;;;;;;;;;;;;;;;;;;;;;;;;;;;;;;;;;;;;;;;;;;;;;;;;;;;;;;;;;;;;;;;X;;;;;;;;;;;;;;X;;;
9031342;903-1342;MIKE;;REPAIR;;;X;X;;X;;;;;;;;;;;;;;;;;;;;;;;;;;;;;;;;;;;;;;;;;;;;;;;;;;;;;;;;;;;;;;;;;;;;;;;;;;;;;;X;;;;;;;;;;;;;;X;;;
903270108;9032701-08;SEAT;;REPAIR;;;X;X;;;;;;;;;;;;;;;;;;;;;;;;;;X;;;;;;;;;;X;;;;;;;;;;;;;;;;;;;;;;;;;;;;;;;;;;;;;;;;;;;;;;;;;;;;;;;;;;X;;;
904318513;9043185-13;IGNITION LEAD;;OVERHAUL;;;X;X;;X;;;;;;;;;;;;;;;;;;;;;;;;X;;;X;;;;;;;;;;;;;;;;;;;;;;;;;;;;;;;;;;;;;;;;;;;;;;;;;;;;;;;;;;;;;;;;;X;;;
904318514;9043185-14;IGNITION LEAD;;OVERHAUL;;;X;X;;X;;;;;;;;;;;;;;;;;;;;;;;;X;;;X;;;;;;;;;;;;;;;;;;;;;;;;;;;;;;;;;;;;;;;;;;;;;;;;;;;;;;;;;;;;;;;;;X;;;
904318515;9043185-15;IGNITION LEAD;;OVERHAUL;;;X;X;;X;;;;;;;;;;;;;;;;;;;;;;;;X;;;X;;;;;;;;;;;;;;;;;;;;;;;;;;;;;;;;;;;;;;;;;;;;;;;;;;;;;;;;;;;;;;;;;X;;;
904318516;9043185-16;IGNITION LEAD;;OVERHAUL;;;X;X;;X;;;;;;;;;;;;;;;;;;;;;;;;X;;;X;;;;;;;;;;;;;;;;;;;;;;;;;;;;;;;;;;;;;;;;;;;;;;;;;;;;;;;;;;;;;;;;;X;;;
90431852;9043185-2;IGNITION LEAD;;OVERHAUL;;;X;X;;X;;;;;;;;;;;;;;;;;;;;;;;;X;;;X;;;;;;;;;;;;;;;;;;;;;;;;;;;;;;;;;;;;;;;;;;;;;;;;;;;;;;;;;;;;;;;;;X;;;
9086523;90-8652-3;PISTON;OVERHAUL;;;;X;;;;;;;;;;;;;;;;;;;;;;;;;;;X;;;;;;;;;;;X;;;;;;;;;;;;;;;;;;;;;;;;;;;;;;;;;;;;;;;;;;;;;;;;;;;;;;;;X;;;;
90G138;90G138;ENSEMBLE DE COMMUTATEUR;OVERHAUL;;;;X;X;X;X;X;;;;;;;;;;;;;X;X;;;;;;;;;;;;;;;;;;;;;;;;;;;;;;;;;;;;;;;;;;;;;;;;;;;;;;;;;;;;;;;;;;;;;;;;;;;;X;;;;
90G183;90G183;PRESSURE SWITCH;OVERHAUL;;;;X;X;X;X;X;;;;;;;;;;;;;;;;;;;;;;;X;;X;;;;;;;;;;;;;;;;;;;;;;;;;;;;;;;;;;;;;;;;;;;;;;;;;;;;;;;;;;;;;;;;;X;;;;
9104A000601;9104A0006-01;PRESSURE SENSOR;BENCH TEST;;;;X;X;X;X;X;;;;;;;;;;;;;X;;;;;X;X;X;;;;;;;;;;;;;;;;;;;;;;;;;;;;;;;;;;;;;;;;;;;;;;;;;;;;;;;;;;;;;;;;;;;;;;X;;;;
9104A000902;9104A0009-02;PACK-INLET-PRESSURE SENSOR;BENCH TEST;;;;X;X;X;X;X;;;;;;;;;;;;;X;;;;;;X;;;;;;;;;;;;;;;;;;;;;;;;;;;;;;;;;;;;;;;;;;;;;;;;;;;;;;;;;;;;;;;;;;;;;;;X;;;;
9106A000602;9106A0006-02;DIFFERENTIAL PRESSURE SENSOR;BENCH TEST;;;;X;X;X;X;X;;;;;;;;;;;;;X;;;;X;X;X;X;;;;;;;;;;;;;;;;;;;;;;;;;;;;;;;;;;;;;;;;;;;;;;;;;;;;;;;;;;;;;;;;;;;;;;X;;;;
9111B;91-11B;BOITIER DE TEST;;REPAIR;;;X;;;;;;;;;;;;;;;;;;;;;;;;;;;;;;;;;;;;;;;;;;;;;;;;;;;;;;;;;;;;;;;;;;;;;;;;;;;;;;;;;X;;;X;;;;;;;;;;;X;;;
912D0401;912D0401;CONTROLLER, MANUAL;OVERHAUL;REPAIR;;;X;X;X;X;X;;;;;;;;;;;;;;;;;;;;;;;;;;;;;;;;;;;X;X;;;X;;;;;;;;;;;;;;;;;;;;;;;;;;;;;;;;;;;;;;;;;;;;;;;;;;;X;X;;;
912R0201;912R0201;CONTROLLER PRESSURIZATION;;REPAIR;;;X;X;;;;;;;;;;;;;;;;;;;;;;;;;;;;;;;;;;;;;;;;;;;;X;;X;;;;;;;;;;;;;;;;;;;;;;;;;;;;;;;;;;;;;;;;;;;;;;;;X;;;
9201000265;9201000-265;TRANSMETTEUR OIL QUANTITY;;REPAIR;;;X;X;;X;;;;;;;;;;;;;;;;;;;;;;;;;;;;;;;;;;;;;;;;;;;;;;;;;;;;;;;;;;;;;;;;;;;;;;;;;;;;;;;;;;;;;;X;X;;;;;X;;;
9201000272;9201000-272;TRANSMETTEUR OIL QUANTITY;;REPAIR;;;X;X;;X;;;;;;;;;;;;;;;;;;;;;;;;;;;;;;;;;;;;;;;;;;;;;;;;;;;;;;;;;;;;;;;;;;;;;;;;;;;;;;;;;;;;;;X;;;X;;;X;;;
920100078;9201000-78;QUANTITY TRANSMITTER;;REPAIR;;;X;X;;X;;;;;;;;;;;;;;;;;;;;;;;;;;;;;;;;;;;;;;;;;;;;;;;;;;;;;;;;;;;;;;;;;;;;;;;;;;;;;;;;;;;;;;X;X;;;;;X;;;
920100079;9201000-79;QUANTITY TRANSMITTER;;REPAIR;;;X;X;;;;;;;;;;;;;;;;;;;;;;;;;;X;;;;;;;;;;X;;;;;;;;;;;;;;;;;;;;;;;;;;;;;;;;;;;;;;;;;;;;;;;;;;;;;;;;;;X;;;
92074399;9207-4399;RELAY;;BENCH TEST;;;X;X;;;;;;;;;;;;;;;;;;;;;;;;;;X;;;;;;;;;;X;;;;;;;;;;;;;;;;;;;;;;;;;;;;;;;;;;;;;;;;;;;;;;;;;;;;;;;;;;X;;;
921C0108;921C0108;ROBINET 3 VOIES;BENCH TEST;;;;X;;;;;;;;;;;;;;;;;;;;;;;;;;;;;;;;;;;;;;;;;;;;;;;;;;;;X;X;;;;;;;;;;;;;;;;;;;;;;;;;;;;;;;;;;;;;;;;;X;;;;
92746205;9274-6205;RELAY;;BENCH TEST;;;X;X;;;;;;;;X;;;;;;;;;;;;;;;;;;;;;;;;;;;;;;;;;;;;;;;;;;;;;;;;;;;;;;;;;;;;;;;;;;;;;;;;;;;;;;;;X;X;;;;;X;;;
9300216;9300216;VALVE SHUF OFF;;BENCH TEST;;;X;X;;;;;;;;;;;;;;;;;;;;;;;;;;;;;;;;;;;;;;;;;;;;X;;;;;;;;;;;;;;;;;;;;;;;;;;;;;;;;;;;;;;;;;;;;;;;;;;X;;;
93304026;9330-4026;RELAY;;BENCH TEST;;;X;X;;;;;;;;X;;;;;;;;;;;;;;;;;;;;;;;;;;;;;;;;;;;;;;;;;;;;;;;;;;;;;;;;;;;;;;;;;;;;;;;;;;;;;;;;X;X;;;;;X;;;
9333M29G01;9333M29G01;FAIRING ASSY - PYLON AFT;REPAIR;;;;X;X;X;X;X;;;;;;;;;;;;;X;;;X;;;;;;;;;;;;;;;;;;;;;;;;;;;;;;;;;;;;;;;;;;;;;;;;;;;;;;;;;;;;;;;;;;;;;;;;;;X;;;X;
939D2853;939D285-3;TEMPERATURE CONTROL UNIT;;REPAIR;;;X;X;;X;;;;;;;;;;;;;;;;;;;;;;;;;;;;;;;;;;;;X;X;X;X;X;;;;;;;;;;;;;;;;;;;;;;;;;;;;;;;;;;;;;;X;;;;;;;;X;X;;;;;X;;;
93A10010;93-A100-10;CVR;;OVERHAUL;;;X;X;;X;;;;;;;;;;;;;;;;;;;;;;;;;;;;;;;;;;;;X;X;X;X;X;;;;;;;;;;;;;;;;;;;;;;;;;;;;;;;;;;;;;;X;;;;;;;;X;X;;;;;X;;;
93A10020;93-A100-20;CVR;;OVERHAUL;;;X;X;;X;;;;;;;;;;;;;;;;;;;;;;;;;;;;;;;;;;;;X;X;X;X;X;;;;;;;;;;;;;;;;;;;;;;;;;;;;;;;;;;;;;;X;;;;;;;;X;X;;;;;X;;;
93A10030;93-A100-30;CVR;;OVERHAUL;;;X;X;;X;;;;;;;;;;;;;;;;;;;;;;;;;;;;;;;;;;;;X;X;X;X;X;;;;;;;;;;;;;;;;;;;;;;;;;;;;;;;;;;;;;;X;;;;;;;;X;X;;;;;X;;;
93A10080;93-A100-80;CVR;;OVERHAUL;;;X;X;;X;;;;;;;;;;;;;;;;;;;;;;;;;;;;;;;;;;;;X;X;X;X;X;;;;;;;;;;;;;;;;;;;;;;;;;;;;;;;;;;;;;;X;;;;;;;;X;X;;;;;X;;;
93A10081;93-A100-81;CVR;;OVERHAUL;;;X;X;;X;;;;;;;;;;;;;;;;;;;;;;;;;;;;;;;;;;;;X;X;X;X;X;;;;;;;;;;;;;;;;;;;;;;;;;;;;;;;;;;;;;;X;;;;;;;;X;X;;;;;X;;;
93A10083;93-A100-83;CVR;;OVERHAUL;;;X;X;;X;;;;;;;;;;;;;;;;;;;;;;;;;;;;;;;;;;;;X;X;X;X;X;;;;;;;;;;;;;;;;;;;;;;;;;;;;;;;;;;;;;;X;;;;;;;;X;X;;;;;X;;;
93A10084;93-A100-84;CVR;;OVERHAUL;;;X;X;;X;;;;;;;;;;;;;;;;;;;;;;;;;;;;;;;;;;;;;;;;;;;;;;;;;;;;;;;;;;;;;;;;;;;;;;;;;;;;;;;;;;;;;;X;X;;;;;X;;;
93A15100;93-A151-00;PANEL MONITOR;;REPAIR;;;X;X;;X;;;;;;;;;;;;;;;;;;;;;;;;;;;;;;;;;;;;;;;;;;;;;;;;;;;;;;;;;;;;;;;;;;;;;;;;;;;;;;X;;;;;;;; ; ;;;;;X;;;
93A15120;93-A151-20;PANEL MONITOR;;REPAIR;;;X;X;;X;;;;;;;;;;;;;;;;;;;;;;;;;;;;;;;;;;;;;;;;;;;;;;;;;;;;;;;;;;;;;;;;;;;;;;;;;;;;;;X;;;;;;;;X;X;;;;;X;;;
93A15130;93-A151-30;PANEL MONITOR;;REPAIR;;;X;X;;X;;;;;;;;;;;;;;;;;;;;;;;;;;;;;;;;;;;;;;;;;;;;;;;;;;;;;;;;;;;;;;;;;;;;;;;;;;;;;;X;;;;;;;;X;X;;;;;X;;;
93A15150;93-A151-50;PANEL MONITOR;;REPAIR;;;X;X;;X;;;;;;;;;;;;;;;;;;;;;;;;;;;;;;;;;;;;X;X;X;X;;;;;;;;;;;;;;;;;;;;;;;;;;;;;;;;;;;;;;; ;;;;;;;; ; ;;;;;X;;;
9401037;9401037;ACTUATOR FUEL BALANCE TRF VALV;;OVERHAUL;;;X;X;;X;;;;;;;;;;;;;;;;;;;;;;;;;;;;;;;;;;;;X;X;;;;;;;;;;;;;;;;;;;;;;;;;;;;;;;;;;;;;;;;;;;;;;;;;;;;;;;X;;;
9402006;9402006;MOTOR UNIT;OVERHAUL;;;;X;X;X;X;X;;;X;;;;;;;;;;X;X;;;;;;;;;;;;;;;;;;;;;;;;;;;;;;;;;;;;;;;;;;;;;;;;;;;;;;;;;;;;;;;;;;;;;;;;;;;;X;;;;
9406012;9406012;ACTUATOR-FLAP;OVERHAUL;;;;X;X;X;X;X;;;X;;;;;;;;;;X;;;;;;;;;;;;;;;;;;;;;;;;;;;;;;;;;;;;;;;;;;;;;;;;;;;;;;;;;;;;;;;;;;;;;;;;;;;;;X;;;;
9406038;9406038;FLAT ACTUATOR;REPAIR;;;;X;X;X;X;X;;;;;;;;;;;;;X;;X;;;;;;;;;;;;;;;;;;;;;;;;;;;;;;;;;;;;;;;;;;;;;;;;;;;;;;;;;;;;;;;;;;;;;;;;;;;X;;;;
94060531;940-605-31;FUEL FLOW INDICATOR;;REPAIR;;;X;X;;X;X;;;;;;;;;;;;;;;;;;;;;;;;;;;;;;;;;;;X;X;;;;;;;;;;;;;;;;;;;;;;;;;;;;;;;;;;;;;;;;;;;;;;;;;;;;;;;X;;;
94060532;940-605-32;FUEL FLOW INDICATOR;;REPAIR;;;X;X;;X;;;;;;;;;;;;;;;;;;;;;;;;;;;;;;;;;;;;X;X;;;;;;;;;;;;;;;;;;;;;;;;;;;;;;;;;;;;;;;;;;;;;;;;;;;;;;;X;;;
94060541;940-605-41;FUEL FLOW INDICATOR;;REPAIR;;;X;X;;X;;;;;;;;;;;;;;;;;;;;;;;;;;;;;;;;;;;;X;X;;;;;;;;;;;;;;;;;;;;;;;;;;;;;;;;;;;;;;;;;;;;;;;;;;;;;;;X;;;
94060542;940-605-42;FUEL FLOW INDICATOR;;REPAIR;;;X;X;;X;X;;;;;;;;;;;;;;;;;;;;;;;;;;;;;;;;;;;X;X;;;;;;;;;;;;;;;;;;;;;;;;;;;;;;;;;;;;;;;;;;;;;;;;;;;;;;;X;;;
940638X;940-638-X;FUEL FLOW INDICATOR;;REPAIR;;;X;X;X;X;X;;;;;;;;;;;;;;;;;;;;;;;;;;;;;;;;;;;X; ;;;X;;;;;;;;;;;;;;;;;;;;;;;;;;;;;;;;;;;;;;;;;;;;;;;;;;;;X;;;
940639X;940-639-X;FUEL FLOW INDICATOR;;REPAIR;;;X;X;X;X;X;;;;;;;;;;;;;;;;;;;;;;;X;;;X;;;;;;;;;;;;;;;;;;;;;;;;;;;;;;;;;;;;;;;;;;;;;;;;;;;;;;;;;;; ;  ;;;;;X;;;
941D3352;941D335-2;CIRCUIT BREAKER;;OVERHAUL;;;X;X;;X;;;;;;;;;;;;;;;;;;;;;;;;;;;;;;;;;;;;;;;;;;;;;;;;;;;;;;;;;;;;;;;;;;;;;;;;;;;;;;;;;;;;;;X;X;;;;;X;;;
941D3354;941D335-4;CIRCUIT BREAKER;;OVERHAUL;;;X;X;;X;;;;;;;;;;;;;;;;;;;;;;;;;;;;;;;;;;;;;;;;;;;;;;;;;;;;;;;;;;;;;;;;;;;;;;;;;;;;;;;;;;;;;;X;X;;;;;X;;;
941D3422;941D342-2;MOTOR ELECTRIC;;REPAIR;;;X;X;;X;;;;;;;;;;;;;;;;;;;;;;;;;;;;;;;;;;;;;;;;;;X;;X;;;;;;;;;;;;;;;;;;;;;;;;;;;;;;;;;;;;;;;;;;;;;;;;X;;;
944108;9-441-08;TOTALIZER;;REPAIR;;;X;X;;X;;;;;;;;;;;;;;;;;;;;;;;;;;;;;;;;;;;;X;X;;;;;;;;;;;;;;;;;;;;;;;;;;;;;;;;;;;;;;;;;;;;;;;;;;;;;;;X;;;
94511;945-11;CONTROL UNIT PROTECTION;;REPAIR;Repair/Inspection/Modification;;X;X;X;X;X;;;;;;;;;;;;;;;;;;;;;;;;;;;;;;;;;;;X;X;;;;;;;;;;;;;;;;;;;;;;;;;;;;;;;;;;;;;;;;;;;;;;;;;;;;;;;X;X;;
94512;945-12;BUS POWER CONTROL UNIT AC;;REPAIR;Repair/Inspection/Modification;;X;X;X;X;X;;;;;;;;;;;;;;;;;;;;;;;;;;;;;;;;;;;X;;;;;;;;;;;;;;;;;;;;;;;;;;;;;;;;;;;;;;;;;;X;;;;;;;;;;;;;;X;X;;
9505285;9505285;VALVE VENTILATION;;REPAIR;;;X;X;;X;;;;;;;;;;;;;;;;;;;;;;;;;;;;;;;;;;;;;;;;;;;;;;;;;;;;;;;;;;;;;;;;;;;;;;;;;;;;;;;;;;;;;;X;X;;;;;X;;;
9507445;9507445;VENT FLOAT VALVE;;REPAIR;;;X;X;;X;;;;;;;;;;;;;;;;;;;;;;;;;;;;;;;;;;;;;;;;;;;;;;;;;;;;;;;;;;;;;;;;;;;;;;;;;;;;;;;;;;;;;;X;X;;;;;X;;X;
95150060001;95-15006-0001;RH INNER FLAP;;REPAIR;;;X;;;;;;;;;;;;;;;;;;;;;;;;;;;;;;;;;;;;;;;;;;;;;;;;;;;;;;;;;;;;;;;;;;;;;;;;;;X;X;;;;;;;;;;;;;;;;;;;;X;;X;
9542653;9542653;DETECTOR ANTI-SKID;;REPAIR;;;X;X;;;;;;;;;;;;;;;;;;;;;;;;;;;;;;;;;;;;;;;;;;;;;;;;;;;X;;;;X;;;;;;;;;;;;;;;;;;;;;;;;;X;;;;;;;;;;;;;;X;;;
95426531;9542653-1;DETECTOR ANTI-SKID;;REPAIR;;;X;X;;;;;;;;;;;;;;;;;;;;;;;;;;;;;;;;;;;;;;;;;;;;;;;;;;;X;;;X;X;;;;;;;;;;;;;;;;;;;;;;;;;;;;;;;;;;;;;;;X;;;
95427193;9542719-3;ANTI SKID GENERATOR;;BENCH TEST;;;X;X;;X;;;;;;;;;;;;;;;;;;;;;;;;;;;;;;;;;;;;;;;;;;;;;;;;;;;;;;;;;;;;;;;;;;;;;;;;;;;;;;;;;;;;;;X;;;X;;;X;;;
95442581;9544258-1;LIFT DUMPER CONTROLLER;;REPAIR;;;X;X;;X;;;;;;;;;;;;;;;;;;;;;;;;;;;;;;;;;;;;;;;;;;;;;;;;;;;;;;;;;;;;;;;;;;;;;;;;;;;;;;X;;;;;;;;;;;;;;X;;;
95443;9544-3;MOTOR DC;;BENCH TEST;;;X;X;;X;;;;;;;;;;;;;;;;;;;;;;;;;;;;;;;;;;;;X;X;X;X;X;;;;;;;;;;;;;;;;;;;;;;;;;;;;;;;;;;;;;;;;;;;;;;;;;;;;X;;;
955626;9-55626;LOCK ARM SHAFT;OVERHAUL;;;;X;;;;;;;;;X;;;;;;;;;;;;;;;;;;X;;;;;;;;;;;X;;;;;;;;;;;;;;;;;;;;;;;;;;;;;;;;;;;;;;;;;;;;;;;;;;;;;;;;X;;;;
957A000002;957A0000-02;TEMPERATURE CONTROL VALVE;OVERHAUL;;;;X;X;X;X;X;;;;;;;;;;;;;X;;;;;;;;;;;;;;;;;;;;;;;;;;;;;;;;;;;;;;;;;;;;;;;;;;;;;;;;;;;;;;;;;;;;;;;;;;;;;X;;;;
957B000001;957B0000-01;TEMPERATURE CONTROL VALVE;OVERHAUL;;;;X;X;X;X;X;;;;;;;;;;;;;X;;;;;;;;;;;;;;;;;;;;;;;;;;;;;;;;;;;;;;;;;;;;;;;;;;;;;;;;;;;;;;;;;;;;;;;;;;;;;X;;;;
958A000001;958A0000-01;BYPASS VALVE;OVERHAUL;;;;X;X;X;X;X;;;;;;;;;;;;;X;;;;;;;;;;;;;;;;;;;;;;;;;;;;;;;;;;;;;;;;;;;;;;;;;;;;;;;;;;;;;;;;;;;;;;;;;;;;;X;;;;
958A000002;958A0000-02;BYPASS VALVE;OVERHAUL;;;;X;X;X;X;X;;;;;;;;;;;;;X;;;;;;;;;;;;;;;;;;;;;;;;;;;;;;;;;;;;;;;;;;;;;;;;;;;;;;;;;;;;;;;;;;;;;;;;;;;;;X;;;;
958A000003;958A0000-03;BYPASS VALVE;OVERHAUL;;;;X;X;X;X;X;;;;;;;;;;;;;X;;;;;;;;;;;;;;;;;;;;;;;;;;;;;;;;;;;;;;;;;;;;;;;;;;;;;;;;;;;;;;;;;;;;;;;;;;;;;X;;;;
959960714105;9599-607-14105;INDICATOR, HEIGHT;REPAIR;;;;X;X;X;X;X;;;;;;X;;X;;;;;;;;;;;;;;;;;;;;;;;;;;;;;;;;;;;;;;;;;;;;;;;;;;;;;;;;;;;;;;;;;;;;;;;;;;;;;;;;;;X;;;;
959960714184;9599-607-14184;INDICATOR, HEIGHT;REPAIR;;;;X;X;X;X;X;;;;;;X;;;;;;;;;;;;;;;;;;;;;;;;;;;;;;;;;;;;;;;;;;;;;;;;;;;;;;;;;;;;;;;;;;;;;;;;;;;;;;;;;;;;X;;;;
959960714185;9599-607-14185;INDICATOR, HEIGHT;REPAIR;;;;X;X;X;X;X;;;;;;X;;;;;;;;;;;;;;;;;;;;;;;;;;;;;;;;;;;;;;;;;;;;;;;;;;;;;;;;;;;;;;;;;;;;;;;;;;;;;;;;;;;;X;;;;
959960714191;9599-607-14191;INDICATOR, HEIGHT;REPAIR;;;;X;X;X;X;X;;;;;;X;;;;;;;;;;;;;;;;;;;;;;;;;;;;;;;;;;;;;;;;;;;;;;;;;;;;;;;;;;;;;;;;;;;;;;;;;;;;;;;;;;;;X;;;;
959960714192;9599-607-14192;INDICATOR, HEIGHT;REPAIR;;;;X;X;X;X;X;;;;;;X;;;;;;;;;;;;;;;;;;;;;;;;;;;;;;;;;;;;;;;;;;;;;;;;;;;;;;;;;;;;;;;;;;;;;;;;;;;;;;;;;;;;X;;;;
959960714194;9599-607-14194;INDICATOR, HEIGHT;REPAIR;;;;X;X;X;X;X;;;;;;X;;;;;;;;;;;;;;;;;;;;;;;;;;;;;;;;;;;;;;;;;;;;;;;;;;;;;;;;;;;;;;;;;;;;;;;;;;;;;;;;;;;;X;;;;
959960714195;9599-607-14195;INDICATOR, HEIGHT;REPAIR;;;;X;X;X;X;X;;;;;;X;;;;;;;;;;;;;;;;;;;;;;;;;;;;;;;;;;;;;;;;;;;;;;;;;;;;;;;;;;;;;;;;;;;;;;;;;;;;;;;;;;;;X;;;;
959960714198;9599-607-14198;INDICATOR, HEIGHT;REPAIR;;;;X;X;X;X;X;;;;;;X;;;;;;;;;;;;;;;;;;;;;;;;;;;;;;;;;;;;;;;;;;;;;;;;;;;;;;;;;;;;;;;;;;;;;;;;;;;;;;;;;;;;X;;;;
959960714199;9599-607-14199;INDICATOR, HEIGHT;REPAIR;;;;X;;;;;;;;;X;;;;;;;;;;;;;;;;;;;;;;;;;;;;;;;;;;;;;;;;;;;;;;;;;;;;;;;;;;;;;;;;;;;;;;;;X;;;X;;;;;;;;;;X;;;;
959960714509;9599-607-14509;TRANSCEIVER RADIO ALTIME;;REPAIR;;;X;X;;X;;;;;;;;;;;;;;;;;;;;;;;;;;;;;;;;;;;;X;X;;;;;;;;;;;;;;;;;;;;;;;;;;;;;;;;;;;;;;;;;;;;;;;;;;;;;;;X;;;
959960714528;9599-607-14528;TRANSCEIVER RADIO ALTIME;;REPAIR;;;X;X;;X;;;;;;;;;;;;;;;;;;;;;;;;;;;;;;;;;;;;X;X;;;;;;;;;;;;;;;;;;;;;;;;;;;;;;;;;;;;;;;;;;;;;;;;;;;;;;;X;;;
959960714529;9599-607-14529;TRANSCEIVER RADIO ALTIME;;REPAIR;;;X;X;;X;;;;;;;;;;;;;;;;;;;;;;;;;;;;;;;;;;;;X;X;;;;;;;;;;;;;;;;;;;;;;;;;;;;;;;;;;;;;;;;;;;;;;;;;;;;;;;X;;;
959960714562;9599-607-14562;TRANSCEIVER RADIO ALTIME;;REPAIR;;;X;X;X;X;X;;;;;;;;;;;;;;;;;;;;;;;;;;;;;;;;;;;X;X;;;;;;;;;;;;;;;;;;;;;;;;;;;;;;;;;;;;;;;;;;;;;;;;;;;;;;;X;;;
959960714572;9599-607-14572;TRANSCEIVER RADIO ALTIME;;REPAIR;;;X;X;X;X;X;;;;;;;;;;;;;;;;;;;;;;;;;;;;;;;;;;;X;;;;;;;;;;;;;;;;;;;;;;;;;;;;;;;;;;;;;;;;;;;;;;;;;;X;X;;;;;X;;;
959960714901;9599-607-14901;RADIO ALTIMETER TRANSCEIVER;;REPAIR;;;X;X;;X;;;;;;;;;;;;;;X;X;;;;;;;;;;;;;;;;;;;;;;;;;;;;;;;;;;;;;;;;;;;;;;;;;;;;;;;;;;;;;;;;;;;;;;; ; ;;;;;X;;;
959960714921;9599-607-14921;RADIO ALTIMETER TRANSCEIVER;;REPAIR;;;X;X;;X;;;;;;;;;;;;;;;;;;;;;;;;;;;;;;;;;;;;;;;;;;;;;;;;;;;;;;;;;;;;;;;;;;;;;;;;;;;;;;;;;;;;;;X;X;;;;;X;;;
959960714932;9599-607-14932;RADIO ALTIMETER TRANSCEIVER;;REPAIR;;;X;X;X;X;X;;;;;;;;;;;;;X;;;;;;X;;;;;;;;;;;;;;;;;;;;;;;;;;;;;;;;;;;;;;;;;;;;;;;;;;;;;;;;;;;;;;;;;;X;X;;;;;X;;;
959960714941;9599-607-14941;ALTIMETER;;REPAIR;;;X;X;;X;;;;;;;;;;;;;;;;;;;;;;;;;;;;;;;;;;;;;;;;;;;;;;;;;;;;;;;;;;;;;;;;;;;;;;;;;;;;;;;;;;;;;;X;;;X;;;X;;;
959960714942;9599-607-14942;ERT-530 RADIO ALTIMETER TRANSCEIVER UNIT;REPAIR;;;;X;X;X;X;X;;;;;;;;;;;;;X;;;;;;X;;;;;;;;;;;;;;;;;;;;;;;;;;;;;;;;;;;;;;;;;;;;;;;;;;;;;;;;;;;;;;;;;;;;;;;X;;;;
959960717501;9599-607-17501;INDICATOR, HEIGHT;REPAIR;;;;X;X;X;X;X;;;;;;X;;;;;;;;;;;;;;;;;;;;;;;;;;;;;;;;;;;;;;;;;;;;;;;;;;;;;;;;;;;;;;;;;;;;;;;;;;;;;;;;;;;;X;;;;
959960717511;9599-607-17511;INDICATOR, HEIGHT;REPAIR;;;;X;X;X;X;X;;;;;;X;;;;;;;;;;;;;;;;;;;;;;;;;;;;;;;;;;;;;;;;;;;;;;;;;;;;;;;;;;;;;;;;;;;;;;;;;;;;;;;;;;;;X;;;;
959960717512;9599-607-17512;INDICATOR, HEIGHT;REPAIR;;;;X;X;X;X;X;;;;;;X;;;;;;;;;;;;;;;;;;;;;;;;;;;;;;;;;;;;;;;;;;;;;;;;;;;;;;;;;;;;;;;;;;;;;;;;;;;;;;;;;;;;X;;;;
959960717517;9599-607-17517;INDICATOR, HEIGHT;REPAIR;;;;X;X;X;X;X;;;;;;X;;;;;;;;;;;;;;;;;;;;;;;;;;;;;;;;;;;;;;;;;;;;;;;;;;;;;;;;;;;;;;;;;;;;;;;;;;;;;;;;;;;;X;;;;
959960717521;9599-607-17521;INDICATOR, HEIGHT;REPAIR;;;;X;X;X;X;X;;;;;;X;;;;;;;;;;;;;;;;;;;;;;;;;;;;;;;;;;;;;;;;;;;;;;;;;;;;;;;;;;;;;;;;;;;;;;;;;;;;;;;;;;;;X;;;;
959960717522;9599-607-17522;INDICATOR, HEIGHT;REPAIR;;;;X;X;X;X;X;;;;;;X;;;;;;;;;;;;;;;;;;;;;;;;;;;;;;;;;;;;;;;;;;;;;;;;;;;;;;;;;;;;;;;;;;;;;;;;;;;;;;;;;;;;X;;;;
959960717525;9599-607-17525;INDICATOR, HEIGHT;REPAIR;;;;X;X;X;X;X;;;;;;X;;;;;;;;;;;;;;;;;;;;;;;;;;;;;;;;;;;;;;;;;;;;;;;;;;;;;;;;;;;;;;;;;;;;;;;;;;;;;;;;;;;;X;;;;
959960717531;9599-607-17531;INDICATOR, HEIGHT;REPAIR;;;;X;X;X;X;X;;;;;;X;;;;;;;;;;;;;;;;;;;;;;;;;;;;;;;;;;;;;;;;;;;;;;;;;;;;;;;;;;;;;;;;;;;;;;;;;;;;;;;;;;;;X;;;;
959960717532;9599-607-17532;INDICATOR, HEIGHT;REPAIR;;;;X;X;X;X;X;;;;;;X;;;;;;;;;;;;;;;;;;;;;;;;;;;;;;;;;;;;;;;;;;;;;;;;;;;;;;;;;;;;;;;;;;;;;;;;;;;;;;;;;;;;X;;;;
959960717533;9599-607-17533;INDICATOR, HEIGHT;REPAIR;;;;X;X;X;X;X;;;;;;X;;;;;;;;;;;;;;;;;;;;;;;;;;;;;;;;;;;;;;;;;;;;;;;;;;;;;;;;;;;;;;;;;;;;;;;;;;;;;;;;;;;;X;;;;
959960717534;9599-607-17534;INDICATOR, HEIGHT;REPAIR;;;;X;X;X;X;X;;;;;;X;;;;;;;;;;;;;;;;;;;;;;;;;;;;;;;;;;;;;;;;;;;;;;;;;;;;;;;;;;;;;;;;;;;;;;;;;;;;;;;;;;;;X;;;;
959960717535;9599-607-17535;INDICATOR, HEIGHT;REPAIR;;;;X;X;X;X;X;;;;;;X;;;;;;;;;;;;;;;;;;;;;;;;;;;;;;;;;;;;;;;;;;;;;;;;;;;;;;;;;;;;;;;;;;;;;;;;;;;;;;;;;;;;X;;;;
959960717536;9599-607-17536;INDICATOR, HEIGHT;REPAIR;;;;X;X;X;X;X;;;;;;X;;;;;;;;;;;;;;;;;;;;;;;;;;;;;;;;;;;;;;;;;;;;;;;;;;;;;;;;;;;;;;;;;;;;;;;;;;;;;;;;;;;;X;;;;
959960717544;9599-607-17544;INDICATOR, HEIGHT;REPAIR;;;;X;;;;;;;;;X;;;;;;;;;;;;;;;;;;X;;;;;;;;;;;X;;;;;;;;;;;;;;;;;;;;;;;;;;;;;;;;;;;;;;;;;;;;;;;;;;;;;;;;X;;;;
959960717545;9599-607-17545;INDICATOR, HEIGHT;REPAIR;;;;X;X;X;X;X;;;;;;X;;;;;;;;;;;;;;;;;;;;;;;;;;;;;;;;;;;;;;;;;;;;;;;;;;;;;;;;;;;;;;;;;;;;;;;;;;;;;;;;;;;;X;;;;
959960717547;9599-607-17547;INDICATOR, HEIGHT;REPAIR;;;;X;X;X;X;X;;;;;;X;;;;;;;;;;;;;;;;;;;;;;;;;;;;;;;;;;;;;;;;;;;;;;;;;;;;;;;;;;;;;;;;;;;;;;;;;;;;;;;;;;;;X;;;;
959960717555;9599-607-17555;INDICATOR, HEIGHT;REPAIR;;;;X;X;X;X;X;;;;;;X;;;;;;;;;;;;;;;;;;;;;;;;;;;;;;;;;;;;;;;;;;;;;;;;;;;;;;;;;;;;;;;;;;;;;;;;;;;;;;;;;;;;X;;;;
959960717557;9599-607-17557;INDICATOR, HEIGHT;REPAIR;;;;X;X;X;X;X;;;;;;X;;;;;;;;;;;;;;;;;;;;;;;;;;;;;;;;;;;;;;;;;;;;;;;;;;;;;;;;;;;;;;;;;;;;;;;;;;;;;;;;;;;;X;;;;
959960719502;9599-607-19502;E/R RADIO ALTIMETRE;REPAIR;;;;X;X;X;X;X;;;;;;;;;;;;;X;;;;;;;;;X;;;;;;;;;;;;;;;;;;;;;;;;;;;;;;;;;;;;;;;;;;;;;;;;;;;;;;;;;;;;;;;;;;;;X;;;;
959960719503;9599-607-19503;ERT-540 RADIO ALTIMETER TRANSCEIVER UNIT;REPAIR;;;;X;X;X;X;X;;;;;;;;;;;;;X;;;;;;;;;X;;;;;;;;;;;;;;;;;;;;;;;;;;;;;;;;;;;;;;;;;;;;;;;;;;;;;;;;;;;;;;;;;;;;X;;;;
959960719991;9599-607-19991;RADIO ALTIMETER TRANSCEIVER;;REPAIR;;;X;X;;X;;;;;;;;;;;;;; ;;;;;;X;;;;X;;;X;X;;;;;;;;;;;;;;;;;;;;;;;;;;;;;;;;;;;;;;;;;;;;;;;;;;;;;;;;;; ; ;;;;;X;;;
959960719992;9599-607-19992;RADIO ALTIMETER TRANSCEIVER;;REPAIR;;;X;X;;X;;;;;;;;;;;;;; ;;;;;;X;;;;X;;;X;X;;;;;;;;;;;;;;;;;;;;;;;;;;;;;;;;;;;;;;;;;;;;;;;;;;;;;;;;;; ; ;;;;;X;;;
959960719993;9599-607-19993;RADIO ALTIMETER TRANSCEIVER;;REPAIR;;;X;X;;X;;;;;;;;;;;;;; ;;;;;;X;;;;X;;;X;X;;;;;;;;;;;;;;;;;;;;;;;;;;;;;;;;;;;;;;;;;;;;;;;;;;;;;;;;;; ; ;;;;;X;;;
959960719996;9599-607-19996;RADIO ALTIMETER TRANSCEIVER;;REPAIR;;;X;X;;X;;;;;;;;;;;;;; ;;;;;;X;;;;X;;;X;X;;;;;;;;;;;;;;;;;;;;;;;;;;;;;;;;;;;;;;;;;;;;;;;;;;;;;;;;;; ; ;;;;;X;;;
9601;960-1;MOTOR DC;;BENCH TEST;;;X;X;X;X;X;;;;;;;;;;;;;;;;;;;;;;;;;;;;;;;;;;;X;X;;;;;;;;;;;;;;;;;;;;;;;;;;;;;;;;;;;;;;;;;;;;;;;;;;;;;;;X;;;
96126096;96126096;EFIS CTL PNL - KM429;REPAIR;;;;X;X;X;X;X;;;;;;;;;;;;;X;;X;;;;;;;;;;;;;;;;;;;;;;;;;;;;;;;;;;;;;;;;;;;;;;;;;;;;;;;;;;;;;;;;;;;;;;;;;;;X;;;;
96126097;96126097;EFIS CTL PNL - KM429;REPAIR;;;;X;X;X;X;X;;;;;;;;;;;;;X;;X;X;;;;;;;;;;;;;;;;;;;;;;;;;;;;;;;;;;;;;;;;;;;;;;;;;;;;;;;;;;;;;;;;;;;;;;;;;;X;;;;
9612660321;9612660321;EFIS SGU-UG218;REPAIR;;;;X;X;X;X;X;;;;;;;;;;;;;X;;;X;;;;;;;;;;;;;;;;;;;;;;;;;;;;;;;;;;;;;;;;;;;;;;;;;;;;;;;;;;;;;;;;;;;;;;;;;;X;;;;
9615325060;9615325060;DISPLAY MANAGEMENT COMPUTER;REPAIR;;;;X;X;X;X;X;;;;;;;;;;;;;;;;;;;;;;;;;;;;;;;;;;;;;;;;;;;;;;;;;;;;;;;;;;;;;;;;;;;;;;;;;;;;;X;;;;;;;;;;;;;X;;;;
9615325070;9615325070;DISPLAY MANAGEMENT COMPUTER;REPAIR;;;;X;X;X;X;X;;;;;;;;;;;;;X;;;;X;X;X;X;;;;;;;;;;;;;;;;;;;;;;;;;;;;;;;;;;;;;;;;;;;;;;;;;;;;;;;;;;;;;;;;;;;;;;X;;;;
9617891;9-61789-1;NOSE GEAR LOCK RETENTION ACTUATOR ASSY;OVERHAUL;;;;X;;;;;;;;;X;;;;;;;;;;;;;;;;;;X;;;;;;;;;;;X;;;;;;;;;;;;;;;;;;;;;;;;;;;;;;;;;;;;;;;;;;;;;;;;;;;;;;;;X;;;;
962A000005;962A0000-05;PRESSURE REGULATING VALVE;OVERHAUL;;;;X;X;X;X;X;;;;;;;;;;;;;X;;;;;;;;X;X;;;;;;;;;;;;;;;;;;;;;;;;;;;;;;;;;;;;;;;;;;;;;;;;;;;;;;;;;;;;;;;;;;;;X;;;;
962A000006;962A0000-06;PRESSURE REGULATING VALVE;OVERHAUL;;;;X;X;X;X;X;;;;;;;;;;;;;X;;;;;;;;X;X;;;;;;;;;;;;;;;;;;;;;;;;;;;;;;;;;;;;;;;;;;;;;;;;;;;;;;;;;;;;;;;;;;;;X;;;;
962A000007;962A0000-07;PRESSURE REGULATING VALVE;OVERHAUL;;;;X;X;X;X;X;;;;;;;;;;;;;X;;;;;;;;X;X;;;;;;;;;;;;;;;;;;;;;;;;;;;;;;;;;;;;;;;;;;;;;;;;;;;;;;;;;;;;;;;;;;;;X;;;;
963A000002;963A0000-02;TRIM AIR VALVE;OVERHAUL;;;;X;X;X;X;X;;;;;;;;;;;;;X;;;;;X;X;X;X;X;;;;;;;;;;;;;;;;;;;;;;;;;;;;;;;;;;;;;;;;;;;;;;;;;;;;;;;;;;;;;;;;;;;;X;;;;
963B000001;963B0000-01;TRIM AIR VALVE;OVERHAUL;;;;X;X;X;X;X;;;;;;;;;;;;;X;;;;X;X;X;X;X;X;;;;;;;;;;;;;;;;;;;;;;;;;;;;;;;;;;;;;;;;;;;;;;;;;;;;;;;;;;;;;;;;;;;;X;;;;
964A000003;964A0000-03;FLOW CONTROL VALVE;OVERHAUL;;;;X;X;X;X;X;;;;;;;;;;;;;X;;;;;;;;X;X;;;;;;;;;;;;;;;;;;;;;;;;;;;;;;;;;;;;;;;;;;;;;;;;;;;;;;;;;;;;;;;;;;;;X;;;;
964A000004;964A0000-04;FLOW CONTROL VALVE;REPAIR;;;;X;X;X;X;X;;;;;;;;;;;;;X;;;;;;;;X;X;;;;;;;;;;;;;;;;;;;;;;;;;;;;;;;;;;;;;;;;;;;;;;;;;;;;;;;;;;;;;;;;;;;;X;;;;
964A000005;964A0000-05;FLOW CONTROL VALVE;OVERHAUL;;;;X;X;X;X;X;;;;;;;;;;;;;X;;;;;;;;X;X;;;;;;;;;;;;;;;;;;;;;;;;;;;;;;;;;;;;;;;;;;;;;;;;;;;;;;;;;;;;;;;;;;;;X;;;;
964A000006;964A0000-06;FLOW CONTROL VALVE;OVERHAUL;;;;X;X;X;X;X;;;;;;;;;;;;;X;;;;;;;;X;X;;;;;;;;;;;;;;;;;;;;;;;;;;;;;;;;;;;;;;;;;;;;;;;;;;;;;;;;;;;;;;;;;;;;X;;;;
964F000001;964F0000-01;FLOW CONTROL VALVE;OVERHAUL;;;;X;X;X;X;X;;;;;;;;;;;;;X;;;;;;;;X;;;;;;;;;;;;;;;;;;;;;;;;;;;;;;;;;;;;;;;;;;;;;;;;;;;;;;;;;;;;;;;;;;;;;X;;;;
964F000002;964F0000-02;FLOW CONTROL VALVE;OVERHAUL;;;;X;X;X;X;X;;;;;;;;;;;;;X;;;;;;;;X;;;;;;;;;;;;;;;;;;;;;;;;;;;;;;;;;;;;;;;;;;;;;;;;;;;;;;;;;;;;;;;;;;;;;X;;;;
9650476088;965-0476-088;G.P.W.S;;REPAIR;;DNR;X;X;;X;;;;;;;;;;;;;;;;;;;;;;;;;;;;;;;;;;;;;;;;;;;;;;;;;;;;;;;;;;;;;;;;;;;;;;;;;;;;;;;;;;;;;;X;X;;;;;X;;;
9700A1ABF20B;9700-A1A-BF20B;CYLINDER AND VALVE ASSEMBLY;;OVERHAUL;;;X;X;;X;;;;;;;;;;;;;;;;;;;;;;;;;;;;;;;;;;;;;;;;;;;;;;;;;;;;;;;;;;;;;;;;;;;;;;;;;;;;;;;;;;;;;;X;X;;;;;X;;;
9700A1ABF23B;9700-A1A-BF23B;CYLINDER AND VALVE ASSEMBLY;;OVERHAUL;;;X;X;;X;;;;;;;;;;;;;;;;;;;;;;;;;;;;;;;;;;;;X;X;;;;;;;;;;;;;;;;;;;;;;;;;;;;;;;;;;;;;;;;;;;;;;;;;;;;;;;X;;;
9700A1AYY0N;9700-A1A-YY0N;CYLINDER AND VALVE ASSEMBLY;;OVERHAUL;;;X;X;;X;;;;;;;;;;;;;;;;;;;;;;;;;;;;;;;;;;;;X;X;;;;;;;;;;;;;;;;;;;;;;;;;;;;;;;;;;;;;;;;;;;;;;;;;;;;;;;X;;;
9700A1BB20B;9700-A1B-B20B;CYLINDER AND VALVE ASSEMBLY;;OVERHAUL;;;X;X;;X;;;;;;;;;;;;;;;;;;;;;;;;;;;;;;;;;;;;;;;;;;;;;;;;;;;;;;;;;;;;;;;;;;;;;;;;;;;;;;;;;;;;;;X;X;;;;;X;;;
9700B1XBBF25A;9700-B1X-BBF25A;CYLINDER AND VALVE ASSEMBLY;;OVERHAUL;;;X;X;;X;;;;;;;;;;;;;;;;;;;;;;;;;;;;;;;;;;;;;;;;;;;;;;;;;;;;;;;;;;;;;;;;;;;;;;;;;;;;;;;;;;;;;;X;;;X;;;X;;;
9700C1ABF23A;9700-C1A-BF23A;CYLINDER AND VALVE ASSEMBLY;;OVERHAUL;;;X;X;;X;;;;;;;;;;;;;;;;;;;;;;;;;;;;;;;;;;;;;;;;;;;;;;;;;;;;;;;;;;;;;;;;;;;;;;;;;;;;;;;;;;;;;;X;X;;;;;X;;;
9700C1AF23A;9700-C1A-F23A;CYLINDER AND VALVE ASSEMBLY;;OVERHAUL;;;X;X;;X;;;;;;;;;;;;;;;;;;;;;;;;;;;;;;;;;;;;;;;;;;;;;;;;;;;;;;;;;;;;;;;;;;;;;;;;;;;;;;;;;;;;;;X;X;;;;;X;;;
9700C1AF23AM;9700-C1A-F23AM;CYLINDER AND VALVE ASSEMBLY;;OVERHAUL;;;X;X;;X;;;;;;;;;;;;;;;;;;;;;;;;;;;;;;;;;;;;;;;;;;;;;;;;;;;;;;;;;;;;;;;;;;;;;;;;;;;;;;;;;;;;;;X;X;;;;;X;;;
9700C1AF23AN;9700-C1A-F23AN;CYLINDER AND VALVE ASSEMBLY;;OVERHAUL;;;X;X;;X;;;;;;;;;;;;;;;;;;;;;;;;;;;;;;;;;;;;;;;;;;;;;;;;;;;;;;;;;;;;;;;;;;;;;;;;;;;;;;;;;;;;;;X;X;;;;;X;;;
9700C1AFF23A;9700-C1A-FF23A;CYLINDER AND VALVE ASSEMBLY;;OVERHAUL;;;X;X;;X;;;;;;;;;;;;;;;;;;;;;;;;;;;;;;;;;;;;;;;;;;;;;;;;;;;;;;;;;;;;;;;;;;;;;;;;;;;;;;;;;;;;;;X;X;;;;;X;;;
9700C1AFF23AD;9700-C1A-FF23AD;CYLINDER AND VALVE ASSEMBLY;;OVERHAUL;;;X;X;;X;;;;;;;;;;;;;;;;;;;;;;;;;;;;;;;;;;;;X;X;;;;;;;;;;;;;;;;;;;;;;;;;;;;;;;;;;;;;;;;;;;;;;;;;;;;;;;X;;;
9700C1AYY0N;9700-C1A-YY0N;CYLINDER AND VALVE ASSEMBLY;;OVERHAUL;;;X;X;;X;;;;;;;;;;;;;;;;;;;;;;;;;;;;;;;;;;;;;;;;;;;;;;;;;;;;;;;;;;;;;;;;;;;;;;;;;;;;;;;;;;;;;;X;X;;;;;X;;;
9700D1ABF20B;9700-D1A-BF20B;CYLINDER AND VALVE ASSEMBLY;;OVERHAUL;;;X;X;;X;;;;;;;;;;;;;;;;;;;;;;;;;;;;;;;;;;;;;;;;;;;;;;;;;;;;;;;;;;;;;;;;;;;;;;;;;;;;;;;;;;;;;;X;X;;;;;X;;;
9700D1ABF23A;9700-D1A-BF23A;CYLINDER AND VALVE ASSEMBLY;;OVERHAUL;;;X;X;;X;;;;;;;;;;;;;;;;;;;;;;;;;;;;;;;;;;;;;;;;;;;;;;;;;;;;;;;;;;;;;;;;;;;;;;;;;;;;;;;;;;;;;;X;X;;;;;X;;;
9700F1ABF23AM;9700-F1A-BF23AM;CYLINDER AND VALVE ASSEMBLY;;OVERHAUL;;;X;X;;X;;;;;;;;;;;;;;;;;;;;;;;;;;;;;;;;;;;;;;;;;;;;;;;;;;;;;;;;;;;;;;;;;;;;;;;;;;;;;;;;;;;;;;;;;;;;X;;;
9700F1AF23A;9700-F1A-F23A;CYLINDER AND VALVE ASSEMBLY;;OVERHAUL;;;X;X;;X;;;;;;;;;;;;;;;;;;;;;;;;;;;;;;;;;;;;;;;;;;;;;;;;;;;;;;;;;;;;;;;;;;;;;;;;;;;;;;;;;;;;;;X;X;;;;;X;;;
9700F1AFF23A;9700-F1A-FF23A;CYLINDER AND VALVE ASSEMBLY;;OVERHAUL;;;X;X;;X;;;;;;;;;;;;;;;;;;;;;;;;;;;;;;;;;;;;;;;;;;;;;;;;;;;;;;;;;;;;;;;;;;;;;;;;;;;;;;;;;;;;;;X;X;;;;;X;;;
9700J1ABF20B;9700-J1A-BF20B;CYLINDER AND VALVE ASSEMBLY;;OVERHAUL;;;X;X;;X;;;;;;;;;;;;;;;;;;;;;;;;;;;;;;;;;;;;;;;;;;;;;;;;;;;;;;;;;;;;;;;;;X;;;;X;;;;;;;;;;;;;;;;;;;;;;;X;;;
970120002;9701200-02;PASSENGER SEAT;;REPAIR;;;X;X;;X;;;;;;;;;;;;;;;;;;;;;;;;;;;;;;;;;;;;;;;;;;;;;;;;;;;;;;;;;;;;;;;;;X;;;;X;;;;;;;;;;;;;;;;;;;;;;;X;;;
970120004;9701200-04;PASSENGER SEAT;;REPAIR;;;X;X;;X;;;;;;;;;;;;;;;;;;;;;;;;;;;;;;;;;;;;;;;;;;;;;;;;;;;;;;;;;;;;;;;;;X;;;;X;;;;;;;;;;;;;;;;;;;;;;;X;;;
970120006;9701200-06;PASSENGER SEAT;;REPAIR;;;X;X;;X;;;;;;;;;;;;;;;;;;;;;;;;;;;;;;;;;;;;;;;;;;;;;;;;;;;;;;;;;;;;;;;;;X;;;;X;;;;;;;;;;;;;;;;;;;;;;;X;;;
970120008;9701200-08;PASSENGER SEAT;;REPAIR;;;X;X;;X;;;;;;;;;;;;;;;;;;;;;;;;;;;;;;;;;;;;;;;;;;;;;;;;;;;;;;;;;;;;;;;;;X;;;;X;;;;;;;;;;;;;;;;;;;;;;;X;;;
970120022;9701200-22;PASSENGER SEAT;;REPAIR;;;X;X;;X;;;;;;;;;;;;;;;;;;;;;;;;;;;;;;;;;;;;;;;;;;;;;;;;;;;;;;;;;;;;;;;;;X;;;;X;;;;;;;;;;;;;;;;;;;;;;;X;;;
970120112;9701201-12;PASSENGER SEAT;;REPAIR;;;X;X;;X;;;;;;;;;;;;;;;;;;;;;;;;;;;;;;;;;;;;;;;;;;;;;;;;;;;;;;;;;;;;;;;;;X;;;;X;;;;;;;;;;;;;;;;;;;;;;;X;;;
970121001;9701210-01;PASSENGER SEAT;;REPAIR;;;X;X;;X;;;;;;;;;;;;;;;;;;;;;;;;;;;;;;;;;;;;;;;;;;;;;;;;;;;;;;;;;;;;;;;;;X;;;;X;;;;;;;;;;;;;;;;;;;;;;;X;;;
970121003;9701210-03;PASSENGER SEAT;;REPAIR;;;X;X;;X;;;;;;;;;;;;;;;;;;;;;;;;;;;;;;;;;;;;;;;;;;;;;;;;;;;;;;;;;;;;;;;;;X;;;;X;;;;;;;;;;;;;;;;;;;;;;;X;;;
970121005;9701210-05;PASSENGER SEAT;;REPAIR;;;X;X;;X;;;;;;;;;;;;;;;;;;;;;;;;;;;;;;;;;;;;;;;;;;;;;;;;;;;;;;;;;;;;;;;;;X;;;;X;;;;;;;;;;;;;;;;;;;;;;;X;;;
970121007;9701210-07;PASSENGER SEAT;;REPAIR;;;X;X;;X;;;;;;;;;;;;;;;;;;;;;;;;;;;;;;;;;;;;;;;;;;;;;;;;;;;;;;;;;;;;;;;;;X;;;;X;;;;;;;;;;;;;;;;;;;;;;;X;;;
970121021;9701210-21;PASSENGER SEAT;;REPAIR;;;X;X;;X;;;;;;;;;;;;;;;;;;;;;;;;;;;;;;;;;;;;;;;;;;;;;;;;;;;;;;;;;;;;;;;;;X;;;;X;;;;;;;;;;;;;;;;;;;;;;;X;;;
970121029;9701210-29;PASSENGER SEAT;;REPAIR;;;X;X;;X;;;;;;;;;;;;;;;;;;;;;;;;;;;;;;;;;;;;;;;;;;;;;;;;;;;;;;;;;;;;;;;;;X;;;;X;;;;;;;;;;;;;;;;;;;;;;;X;;;
970121111;9701211-11;PASSENGER SEAT;;REPAIR;;;X;X;;;;;;;;;;;;;;;;;;;;;;;;;;;;;;;;;;;;;;;;;;;;X;;;;;;;;;;;;;;;;;;;;;;;;;;;;;;;;;;;;;;;;;;;;;;;;;;X;;;
97150120;97150-120;RH MAIN HYDRAULIC BLOCK;OVERHAUL;;;;X;X;X;X;X;;;X;;;X;;;;X;X;;;;;;;;;;;;;;;;;;;;;;;;;;;;;;;;;;;;;;;;;;;;;;;;;;;;;;;;;;;;;;;;;;;;;;;;;;;;;;;X;;;;
97150121;97150-121;RH MAIN HYDRAULIC BLOCK;OVERHAUL;;;;X;X;X;X;X;;;X;;;X;;;;;X;;;;;;;;;;;;;;;;;;;;;;;;;;;;;;;;;;;;;;;;;;;;;;;;;;;;;;;;;;;;;;;;;;;;;;;;;;;;;;;X;;;;
97150122;97150-122;RH MAIN HYDRAULIC BLOCK;OVERHAUL;;;;X;X;X;X;X;;;X;;;X;;;;;X;;;;;;;;;;;;;;;;;;;;;;;;;;;;;;;;;;;;;;;;;;;;;;;;;;;;;;;;;;;;;;;;;;;;;;;;;;;;;;;X;;;;
97150222;97150-222;RH MAIN HYDRAULIC BLOCK;OVERHAUL;;;;X;X;X;X;X;;;X;;;X;;;;;X;;;;;;;;;;;;;;;;;;;;;;;;;;;;;;;;;;;;;;;;;;;;;;;;;;;;;;;;;;;;;;;;;;;;;;;;;;;;;;;X;;;;
97150320;97150-320;RH MAIN HYDRAULIC BLOCK;OVERHAUL;;;;X;X;X;X;X;;;X;;;X;;;;;X;;;;;;;;;;;;;;;;;;;;;;;;;;;;;;;;;;;;;;;;;;;;;;;;;;;;;;;;;;;;;;;;;;;;;;;;;;;;;;;X;;;;
97150321;97150-321;RH MAIN HYDRAULIC BLOCK;OVERHAUL;;;;X;X;X;X;X;;;X;;;X;;;;;X;;;;;;;;;;;;;;;;;;;;;;;;;;;;;;;;;;;;;;;;;;;;;;;;;;;;;;;;;;;;;;;;;;;;;;;;;;;;;;;X;;;;
97150322;97150-322;RH MAIN HYDRAULIC BLOCK;OVERHAUL;;;;X;X;X;X;X;;;X;;;X;;;;;X;;;;;;;;;;;;;;;;;;;;;;;;;;;;;;;;;;;;;;;;;;;;;;;;;;;;;;;;;;;;;;;;;;;;;;;;;;;;;;;X;;;;
97150421;97150-421;RH MAIN HYDRAULIC BLOCK;OVERHAUL;;;;X;X;X;X;X;;;X;;;X;;;;;X;;;;;;;;;;;;;;;;;;;;;;;;;;;;;;;;;;;;;;;;;;;;;;;;;;;;;;;;;;;;;;;;;;;;;;;;;;;;;;;X;;;;
97150422;97150-422;RH MAIN HYDRAULIC BLOCK;OVERHAUL;;;;X;X;X;X;X;;;X;;;X;;;;;X;;;;;;;;;;;;;;;;;;;;;;;;;;;;;;;;;;;;;;;;;;;;;;;;;;;;;;;;;;;;;;;;;;;;;;;;;;;;;;;X;;;;
97151120;97151-120;LH MAIN HYDRAULIC BLOCK;OVERHAUL;;;;X;X;X;X;X;;;X;;;X;;;;;X;;;;;;;;;;;;;;;;;;;;;;;;;;;;;;;;;;;;;;;;;;;;;;;;;;;;;;;;;;;;;;;;;;;;;;;;;;;;;;;X;;;;
97151121;97151-121;LH MAIN HYDRAULIC BLOCK;OVERHAUL;;;;X;X;X;X;X;;;X;;;X;;;;;X;;;;;;;;;;;;;;;;;;;;;;;;;;;;;;;;;;;;;;;;;;;;;;;;;;;;;;;;;;;;;;;;;;;;;;;;;;;;;;;X;;;;
97151122;97151-122;LH MAIN HYDRAULIC BLOCK;OVERHAUL;;;;X;X;X;X;X;;;X;;;X;;;;;X;;;;;;;;;;;;;;;;;;;;;;;;;;;;;;;;;;;;;;;;;;;;;;;;;;;;;;;;;;;;;;;;;;;;;;;;;;;;;;;X;;;;
97151123;97151-123;LH MAIN HYDRAULIC BLOCK;OVERHAUL;;;;X;X;X;X;X;;;X;;;X;;;;;X;;;;;;;;;;;;;;;;;;;;;;;;;;;;;;;;;;;;;;;;;;;;;;;;;;;;;;;;;;;;;;;;;;;;;;;;;;;;;;;X;;;;
97151220;97151-220;LH MAIN HYDRAULIC BLOCK;OVERHAUL;;;;X;X;X;X;X;;;X;;;X;;;;;X;;;;;;;;;;;;;;;;;;;;;;;;;;;;;;;;;;;;;;;;;;;;;;;;;;;;;;;;;;;;;;;;;;;;;;;;;;;;;;;X;;;;
97151221;97151-221;LH MAIN HYDRAULIC BLOCK;OVERHAUL;;;;X;X;X;X;X;;;X;;;X;;;;;X;;;;;;;;;;;;;;;;;;;;;;;;;;;;;;;;;;;;;;;;;;;;;;;;;;;;;;;;;;;;;;;;;;;;;;;;;;;;;;;X;;;;
97151222;97151-222;LH MAIN HYDRAULIC BLOCK;OVERHAUL;;;;X;X;X;X;X;;;X;;;X;;;;;X;;;;;;;;;;;;;;;;;;;;;;;;;;;;;;;;;;;;;;;;;;;;;;;;;;;;;;;;;;;;;;;;;;;;;;;;;;;;;;;X;;;;
97151223;97151-223;LH MAIN HYDRAULIC BLOCK;OVERHAUL;;;;X;X;X;X;X;;;X;;;X;;;;;X;;;;;;;;;;;;;;;;;;;;;;;;;;;;;;;;;;;;;;;;;;;;;;;;;;;;;;;;;;;;;;;;;;;;;;;;;;;;;;;X;;;;
97151320;97151-320;LH MAIN HYDRAULIC BLOCK;OVERHAUL;;;;X;X;X;X;X;;;X;;;X;;;;;X;;;;;;;;;;;;;;;;;;;;;;;;;;;;;;;;;;;;;;;;;;;;;;;;;;;;;;;;;;;;;;;;;;;;;;;;;;;;;;;X;;;;
97151321;97151-321;LH MAIN HYDRAULIC BLOCK;OVERHAUL;;;;X;X;X;X;X;;;X;;;X;;;;;X;;;;;;;;;;;;;;;;;;;;;;;;;;;;;;;;;;;;;;;;;;;;;;;;;;;;;;;;;;;;;;;;;;;;;;;;;;;;;;;X;;;;
97151322;97151-322;LH MAIN HYDRAULIC BLOCK;OVERHAUL;;;;X;X;X;X;X;;;X;;;X;;;;;X;;;;;;;;;;;;;;;;;;;;;;;;;;;;;;;;;;;;;;;;;;;;;;;;;;;;;;;;;;;;;;;;;;;;;;;;;;;;;;;X;;;;
97151323;97151-323;LH MAIN HYDRAULIC BLOCK;OVERHAUL;;;;X;X;X;X;X;;;X;;;X;;;;;X;;;;;;;;;;;;;;;;;;;;;;;;;;;;;;;;;;;;;;;;;;;;;;;;;;;;;;;;;;;;;;;;;;;;;;;;;;;;;;;X;;;;
97151420;97151-420;LH MAIN HYDRAULIC BLOCK;OVERHAUL;;;;X;X;X;X;X;;;X;;;X;;;;;X;;;;;;;;;;;;;;;;;;;;;;;;;;;;;;;;;;;;;;;;;;;;;;;;;;;;;;;;;;;;;;;;;;;;;;;;;;;;;;;X;;;;
97151421;97151-421;LH MAIN HYDRAULIC BLOCK;OVERHAUL;;;;X;X;X;X;X;;;X;;;X;;;;;X;;;;;;;;;;;;;;;;;;;;;;;;;;;;;;;;;;;;;;;;;;;;;;;;;;;;;;;;;;;;;;;;;;;;;;;;;;;;;;;X;;;;
97151422;97151-422;LH MAIN HYDRAULIC BLOCK;OVERHAUL;;;;X;X;X;X;X;;;X;;;X;;;;;X;;;;;;;;;;;;;;;;;;;;;;;;;;;;;;;;;;;;;;;;;;;;;;;;;;;;;;;;;;;;;;;;;;;;;;;;;;;;;;;X;;;;
97151423;97151-423;LH MAIN HYDRAULIC BLOCK;OVERHAUL;;;;X;X;X;X;X;;;X;;;X;;;;;X;;;;;;;;;;;;;;;;;;;;;;;;;;;;;;;;;;;;;;;;;;;;;;;;;;;;;;;;;;;;;;;;;;;;;;;;;;;;;;;X;;;;
97152120;97152-120;BLOCK, HYDRAULIC AUTOPILOT;OVERHAUL;;;;X;X;X;X;X;;;X;;;X;;;;;X;;;;;;;;;;;;;;;;;;;;;;;;;;;;;;;;;;;;;;;;;;;;;;;;;;;;;;;;;;;;;;;;;;;;;;;;;;;;;;;X;;;;
97152120AMDT04;97152-120AMDT04;BLOCK, HYDRAULIC AUTOPILOT;OVERHAUL;;;;X;X;X;X;X;X;;;;;X;;;;;X;;;;;;;;;;;;;;;;;;;;;;;;;;;;;;;;;;;;;;;;;;;;;;;;;;;;;;;;;;;;;;;;;;;;;;;;;;;;;;;X;;;;
97153120;97153-120;BLOCK, HYDRAULIC ROTOR BRAKE;OVERHAUL;;;;X;X;X;X;X;;;X;;;X;;;;;X;;;;;;;;;;;;;;;;;;;;;;;;;;;;;;;;;;;;;;;;;;;;;;;;;;;;;;;;;;;;;;;;;;;;;;;;;;;;;;;X;;;;
971533;971533;PUMP ELECTRIC MOTOR DRIVEN;;OVERHAUL;;;X;X;;X;;;;;;;;;;;;;;;;;;;;;;;;;;;;;;;;;;;;;;;;;;X;;;;X;X;;X;;;;;;;;;;;;;;;;;;;;;;;;;;;;;;;;;;;;;;;;;;;X;;;
97153320;97153-320;BLOCK, HYDRAULIC ROTOR BRAKE;OVERHAUL;;;;X;X;X;X;X;;;X;;;X;;;;;X;;;;;;;;;;;;;;;;;;;;;;;;;;;;;;;;;;;;;;;;;;;;;;;;;;;;;;;;;;;;;;;;;;;;;;;;;;;;;;;X;;;;
97153420;97153-420;BLOCK, HYDRAULIC ROTOR BRAKE;OVERHAUL;;;;X;X;X;X;X;;;X;;;X;;;;;X;;;;;;;;;;;;;;;;;;;;;;;;;;;;;;;;;;;;;;;;;;;;;;;;;;;;;;;;;;;;;;;;;;;;;;;;;;;;;;;X;;;;
97153420AMDT03;97153-420AMDT03;BLOCK, HYDRAULIC ROTOR BRAKE;OVERHAUL;;;;X;X;X;X;X;X;;;;;X;;;;;X;;;;;;;;;;;;;;;;;;;;;;;;;;;;;;;;;;;;;;;;;;;;;;;;;;;;;;;;;;;;;;;;;;;;;;;;;;;;;;;X;;;;
97154120;97154-120;LG AND BRAKE SYSTEM HYD CONTROL UNIT;OVERHAUL;;;;X;X;X;X;X;;;X;;;X;;;;;X;;;;;;;;;;;;;;;;;;;;;;;;;;;;;;;;;;;;;;;;;;;;;;;;;;;;;;;;;;;;;;;;;;;;;;;;;;;;;;;X;;;;
97154121;97154-121;LG AND BRAKE SYSTEM HYD CONTROL UNIT;OVERHAUL;;;;X;X;X;X;X;;;X;;;X;;;;;X;;;;;;;;;;;;;;;;;;;;;;;;;;;;;;;;;;;;;;;;;;;;;;;;;;;;;;;;;;;;;;;;;;;;;;;;;;;;;;;X;;;;
97156120;97156-120;TRANSMITTER, HYDR. BRAKE CIRCUIT;OVERHAUL;;;;X;X;X;X;X;;;;;;X;;;;;X;;;;;;;;;;;;;;;;;;;;;;;;;;;;;;;;;;;;;;;;;;;;;;;;;;;;;;;;;;;;;;;;;;;;;;;;;;;;;;;X;;;;
97163120;97163-120;AUXILIARY ELECTRO HYDRAULIC BLOCK;OVERHAUL;;;;X;X;X;X;X;;;X;;;X;;;;;X;;;;;;;;;;;;;;;;;;;;;;;;;;;;;;;;;;;;;;;;;;;;;;;;;;;;;;;;;;;;;;;;;;;;;;;;;;;;;;;X;;;;
97163220;97163-220;AUXILIARY ELECTRO HYDRAULIC BLOCK;OVERHAUL;;;;X;X;X;X;X;;;;;;X;;;;;X;;;;;;;;;;;;;;;;;;;;;;;;;;;;;;;;;;;;;;;;;;;;;;;;;;;;;;;;;;;;;;;;;;;;;;;;;;;;;;;X;;;;
97167;97167;TRANSMITTER, BRAKE HYDRAULIC;OVERHAUL;;;;X;X;X;X;X;;;X;;;X;;X;;;;;;;;;;;;;;;;;;;;;;;;;;;;;;;;;;;;;;;;;;;;;;;;;;;;;;;;;;;;;;;;;;;;;;;;;;;;;;;;;;X;;;;
971808;971808;HYDRAULIC PUMP;;OVERHAUL;;;X;X;;X;;;;;;;;;;;;;;;;;;;;;;;;;;;;;;;;;;;;;;;;;;X;;;;X;X;;;;;;;;;;;;;;;;;;;;;;;;;;;;;;;;;;;;;;;;;;;;;X;;;
971808M0DA;971808M0DA;HYDRAULIC PUMP;;OVERHAUL;;;X;X;;;;;;;;;;;;;;;;;;;;;;;;;;;;;;;;;;;;;;X;X;;;;;X;;;;X;X;;;;;;;;;;;;;;;;;;;;;;;;;;;;;;;;;;;;;;;;;;;;;X;;;
971844;971844;VARIABLE DISPLACEMENT HYDRAULIC PUMP;OVERHAUL;;;;X;X;X;X;X;;;;;;;;;;;;;X;;;;;;;;X;X;X;;;;;X;;;;;;;;;;;;;;;;;;;;;;;;;;;;;;;;;;;;;;;;;;;;;;;;;;;;;;;;;;;;;;X;;;;
97241110;97241-110;DISTRIBUTOR, ELECTRO HYDRAULIC;OVERHAUL;;;;X;X;X;X;X;;;;;;X;;X;;;X;;;;;;;;;;;;;;;;;;;;;;;;;;;;;;;;;;;;;;;;;;;;;;;;;;;;;;;;;;;;;;;;;;;;;;;;;;;;;;;X;;;;
97241120;97241-120;DISTRIBUTOR, ELECTRO HYDRAULIC;OVERHAUL;;;;X;X;X;X;X;;;;;;X;;X;;;X;;;;;;;;;;;;;;;;;;;;;;;;;;;;;;;;;;;;;;;;;;;;;;;;;;;;;;;;;;;;;;;;;;;;;;;;;;;;;;;X;;;;
97241210;97241-210;DISTRIBUTOR, ELECTRO HYDRAULIC;OVERHAUL;;;;X;X;X;X;X;;;;;;X;;X;;;X;;;;;;;;;;;;;;;;;;;;;;;;;;;;;;;;;;;;;;;;;;;;;;;;;;;;;;;;;;;;;;;;;;;;;;;;;;;;;;;X;;;;
97241220;97241-220;DISTRIBUTOR, ELECTRO HYDRAULIC;OVERHAUL;;;;X;X;X;X;X;;;X;;;X;;X;;;X;;;;;;;;;;;;;;;;;;;;;;;;;;;;;;;;;;;;;;;;;;;;;;;;;;;;;;;;;;;;;;;;;;;;;;;;;;;;;;;X;;;;
972630;972630;VARIABLE DISPLACEMENT PUMP;OVERHAUL;;;;X;X;X;X;X;;;;;;;;;;;;;X;;;;;;;;X;X;X;;;;;X;;;;;;;;;;;;;;;;;;;;;;;;;;;;;;;;;;;;;;;;;;;;;;;;;;;;;;;;;;;;;;X;;;;
97271110;97271-110;DISTRIBUTOR, ELECTRO HYDRAULIC;OVERHAUL;;;;X;X;X;X;X;;;;;;X;;X;;;X;;;;;;;;;;;;;;;;;;;;;;;;;;;;;;;;;;;;;;;;;;;;;;;;;;;;;;;;;;;;;;;;;;;;;;;;;;;;;;;X;;;;
97271120;97271-120;DISTRIBUTOR, ELECTRO HYDRAULIC;OVERHAUL;;;;X;X;X;X;X;;;;;;X;;X;;;X;;;;;;;;;;;;;;;;;;;;;;;;;;;;;;;;;;;;;;;;;;;;;;;;;;;;;;;;;;;;;;;;;;;;;;;;;;;;;;;X;;;;
97280;97280;DISTRIBUTOR, ELECTRO HYDRAULIC;OVERHAUL;;;;X;X;X;X;X;;;X;;;X;;X;;;;;;;;;;;;;;;;;;;;;;;;;;;;;;;;;;;;;;;;;;;;;;;;;;;;;;;;;;;;;;;;;;;;;;;;;;;;;;;;;;X;;;;
97280120;97280-120;DISTRIBUTOR, ELECTRO HYDRAULIC;OVERHAUL;;;;X;X;X;X;X;;;X;;;X;;X;;;;;;;;;;;;;;;;;;;;;;;;;;;;;;;;;;;;;;;;;;;;;;;;;;;;;;;;;;;;;;;;;;;;;;;;;;;;;;;;;;X;;;;
97280220;97280-220;DISTRIBUTOR, ELECTRO HYDRAULIC;OVERHAUL;;;;X;X;X;X;X;;;X;;;X;;X;;;;;;;;;;;;;;;;;;;;;;;;;;;;;;;;;;;;;;;;;;;;;;;;;;;;;;;;;;;;;;;;;;;;;;;;;;;;;;;;;;X;;;;
972A000002;972A0000-02;ANTI ICE VALVE;OVERHAUL;;;;X;X;X;X;X;;;;;;;;;;;;;X;;;;;;;;;;;;;;;;;;;;;;;;;;;;;;;;;;;;;;;;;;;;;;;;;;;;;;;;;;;;;;;;;;;;;;;;;;;;;X;;;;
972A000003;972A0000-03;ANTI ICE VALVE;OVERHAUL;;;;X;X;X;X;X;;;;;;;;;;;;;X;;;;;;;;;;;;;;;;;;;;;;;;;;;;;;;;;;;;;;;;;;;;;;;;;;;;;;;;;;;;;;;;;;;;;;;;;;;;;X;;;;
974540;974540;AC MOTOR DRIVEN HYDRAULIC PUMP ASSEMBLY;OVERHAUL;;;;X;X;X;X;X;;;;;;;;;;;;;X;;;;;;X;;;;;;;;;;;;;;;;;;;;;;;;;;;;;;;;;;;;;;;;;;;;;;;;;;;;;;;;;;;;;;;;;;;;;;;X;;;;
974800;974800;PUMP, HYDRAULIC-VARIAB.DISPL;OVERHAUL;;;;X;X;X;X;X;;;;;;;;;;;;;X;;;;;;;;X;X;;;;;;;;;;;;;;;;;;;;;;;;;;;;;;;;;;;;;;;;;;;;;;;;;;;;;;;;;;;;;;;;;;;;X;;;;
974947;974947;VARIABLE DISPLACEMENT HYDRAULIC PUMP;OVERHAUL;;;;X;X;X;X;X;;;;;;;;;;;;;X;;;;;;;;X;;;;;;;;;;;;;;;;;;;;;;;;;;;;;;;;;;;;;;;;;;;;;;;;;;;;;;;;;;;;;;;;;;;;;X;;;;
974976;974976;PUMP, HYDRAULIC-VARIAB.DISPL;OVERHAUL;;;;X;X;X;X;X;;;;;;;;;;;;;X;;;;;;;;X;X;X;;;;;X;;;;;;;;;;;;;;;;;;;;;;;;;;;;;;;;;;;;;;;;;;;;;;;;;;;;;;;;;;;;;;X;;;;
9750E0640;9750E0640;LEAD ACID VALVE REGULATED BATTERIES;BENCH TEST;;;;X;X;X;X;X;;;;;;;;;;;;;;;;;;;;;;;;;;;;;;;;;;;;;;;;;;;;;;;;;;;;;;;;;;;;;;;;;;;;;;;;;;;;;X;;;;;X;;;;;;;;X;;;;
9750W03505;9750W0350-5;EMERGENCY BATTERY;;REPAIR;;;X;X;;X;;;;;;;;;;;;;;;;;;;;;;;;;;;;;;;;;;;;X;X;;;;;;;;;;;;;;;;;;;;;;;;;;;;;;;;;;;;;;;;;;;;;;;;;;;;;;;X;;;
9750W0538;9750W0538;MAIN BATTERY;;REPAIR;;;X;X;;X;;;;;;;;;;;;;;;;;;;;;;;;;;;;;;;;;;;;;;;;;;;;;;;;;;;;;;;;;;;;;;;;;;;;;;;;;;;;;;;;;;;;;;X;X;;;;;X;;;
9750W0640;9750W0640;LEAD ACID VALVE REGULATED BATTERIES;BENCH TEST;;;;X;X;X;X;X;;;;;;;;;;;;;;;;;;;;;;;;;;;;;;;;;;;;;;;;;;;;;;;;;;;;;;;;;;;;;;;;;;;;;;;;;;;;;X;;;;;X;;;;;;;;X;;;;
97550910;975509-10;OUTER CYLINDER;OVERHAUL;;;;X;;;;;;;;;X;;;;;;;;;;;;;;;;;;X;;;;;;;;;;;X;;;;;;;;;;;;;;;;;;;;;;;;;;;;;;;;;;;;;;;;;;;;;;;;;;;;;;;;X;;;;
975A000002;975A0000-02;RAM AIR INLET ACTUATOR;REPAIR;;;;X;X;X;X;X;;;;;;;;;;;;;X;;;;;;;;X;X;;;;;;;;;;;;;;;;;;;;;;;;;;;;;;;;;;;;;;;;;;;;;;;;;;;;;;;;;;;;;;;;;;;;X;;;;
975A000003;975A0000-03;RAM AIR INLET ACTUATOR;REPAIR;;;;X;X;X;X;X;;;;;;;;;;;;;X;;;;;;;;X;X;;;;;;;;;;;;;;;;;;;;;;;;;;;;;;;;;;;;;;;;;;;;;;;;;;;;;;;;;;;;;;;;;;;;X;;;;
976A000002;976A0000-02;RAM AIR OUTLET ACTUATOR;REPAIR;;;;X;X;X;X;X;;;;;;;;;;;;;X;;;;;;;;X;X;;;;;;;;;;;;;;;;;;;;;;;;;;;;;;;;;;;;;;;;;;;;;;;;;;;;;;;;;;;;;;;;;;;;X;;;;
976J1863;976J186-3;TRANSFORMER RECTIFIER UNIT;;REPAIR;;;X;X;;X;;;;;;;;;;;;;;;;;;;;;;;;X;;;;;;;;;;X;;;;;;;;;;;;;;;;;;;;;;;;;;;;;;;;;;;;;;;;;;;;;;;;;;;;;;;;;;X;;;
976J2526;976J252-6;AC GENERATOR  ;;OVERHAUL;;;X;X;;X;;;;;;;;;;;;;;;;;;;;;;;;X;;;;;;;;;;;;;;;;;;;;;;;;;;;;;;;;;;;;;;;;;;;;;;;;;;;;;;;;;;;;;;;;;;;;X;;;
976J2528;976J252-8;AC GENERATOR  ;;OVERHAUL;;;X;X;;X;;;;;;;;;;;;;;;;;;;;;;;;X;;;X;;;;;;;;;;;;;;;;;;;;;;;;;;;;;;;;;;;;;;;;;;;;;;;;;;;;;;;;;;;;;;;;;X;;;
976J4981;976J498-1;AC GENERATOR  ;;OVERHAUL;;;X;X;;X;;;;;;;;;;;;;;;;;;;;;;;;X;;;X;;;;;;;;;;;;;;;;;;;;;;;;;;;;;;;;;;;;;;;;;;;;;;;;;;;;;;;;;;;;;;;;;X;;;
976J4982;976J498-2;AC GENERATOR  ;;OVERHAUL;;;X;X;;X;;;;;;;;;;;;;;;;;;;;;;;;X;;;X;;;;;;;;;;;;;;;;;;;;;;;;;;;;;;;;;;;;;;;;;;;;;;;;;;;;;;;;;;;;;;;;;X;;;
976J5981;976J598-1;AC GENERATOR  ;;OVERHAUL;;;X;X;;;;;;;;;;;;;;;;;;;;;;;;;;;;;;;;;;;;;;;;;;;;;;;;;;;;;;;;;;;;;;;;;;;;;;;;;;;;;;;;;;;;;;;;X;;;X;;;X;;;
977550004;977550-004;ACTUATOR, ELECTRO HYDRAULIC;OVERHAUL;;;;X;X;X;X;X;;;;;;;;;;;;;X;;;;;;;;;;;;;;;;;;;;;;;;;;;;;;;;;;;;;;;;;;;;;;;;;;;;;;;;;;;;;;;;;;;;;;;;;;;;;X;;;;
977550024;977550-024;ACTUATOR, ELECTRO HYDRAULIC;OVERHAUL;;;;X;X;X;X;X;;;;;;;;;;;;;X;;;;;;;;;;;;;;;;;;;;;;;;;;;;;;;;;;;;;;;;;;;;;;;;;;;;;;;;;;;;;;;;;;;;;;;;;;;;;X;;;;
977550034;977550-034;ACTUATOR, ELECTRO HYDRAULIC;OVERHAUL;;;;X;X;X;X;X;;;;;;;;;;;;;X;X;;;;;;;;;;;;;;;;;;;;;;;;;;;;;;;;;;;;;;;;;;;;;;;;;;;;;;;;;;;;;;;;;;;;;;;;;;;;X;;;;
97856021;978560-2-1;BY PASS VALVE;;BENCH TEST;;;X;X;;;;;;;;;;;;;;;;;;;;;;;;;;;;;;;;;;;;;;;;;;;;;;;;;;;;;;;;;;;;;;;;;;;;;;;;;;;;;;;;;;;;;;;;X;X;;;;;X;;;
97856051;978560-5-1;VALVE MODULATING;;REPAIR;;DNR;X;X;;;;;;;;;;;;;;;;;;;;;;;;;;;;;;;;;;;;;;;;;;;;;;;;;;;;;;;;;;;;;;;;;;;;;;;;;;;;;;;;;;;;;;;;X;X;;;;;X;;;
9785606;978560-6;TURBINE BY-PASS VALVE;;OVERHAUL;;DNR;X;X;;X;;;;;;;;;;;;;;;;;;;;;;;;;;;;;;;;;;;;X;;;;X;;;;;;;;;;;;;;;;;;;;;;;;;;;;;;;;;;;;;;;;;;;;;;;;;;;;X;;;
978671;97867-1;HOSE ASSY;;INSPECTION;;;X;X;;;;;;;;;;;;;;;;;;;;;;;;;;;;;;;;;;;;;;;;;;;;;;;;;;;;;;;;;;;;;;;;;;;;;;;;;;;;;;;;;;;;;;;;X;;;X;;;X;;;
978673;97867-3;HOSE ASSY;;INSPECTION;;;X;X;;;;;;;;;;;;;;;;;;;;;;;;;;;;;;;;;;;;;;;;;;;;;;;;;;;;;;;;;;;;;;;;;;;;;;;;;;;;;;;;;;;;;;;;X;X;;;;;X;;;
97869011;978690-11;VALVE, HP BLEED CONTROL;OVERHAUL;;;;X;X;X;X;X;;;;;;;;;;;;;X;;;;;;;;;;;;;;;;;;;;;;;;;;;;;;;;;;;;;;;;;;;;;;;;;;;;;;;;;;;;;;;;;;;;;;;;;;;;;X;;;;
9786902;978690-2;VALVE, HP BLEED CONTROL;OVERHAUL;;;;X;X;X;X;X;;;;;;;;;;;;;X;;;;;;;;;;;;;;;;;;;;;;;;;;;;;;;;;;;;;;;;;;;;;;;;;;;;;;;;;;;;;;;;;;;;;;;;;;;;;X;;;;
9786903;978690-3;VALVE, HP BLEED CONTROL;OVERHAUL;;;;X;X;X;X;X;;;;;;;;;;;;;X;;;;;;;;;;;;;;;;;;;;;;;;;;;;;;;;;;;;;;;;;;;;;;;;;;;;;;;;;;;;;;;;;;;;;;;;;;;;;X;;;;
9786904;978690-4;VALVE, HP BLEED CONTROL;OVERHAUL;;;;X;X;X;X;X;;;;;;;;;;;;;X;;;;;;;;;;;;;;;;;;;;;;;;;;;;;;;;;;;;;;;;;;;;;;;;;;;;;;;;;;;;;;;;;;;;;;;;;;;;;X;;;;
9786905;978690-5;VALVE, HP BLEED CONTROL;OVERHAUL;;;;X;X;X;X;X;;;;;;;;;;;;;X;;;;;;;;;;;;;;;;;;;;;;;;;;;;;;;;;;;;;;;;;;;;;;;;;;;;;;;;;;;;;;;;;;;;;;;;;;;;;X;;;;
9786906;978690-6;VALVE, HP BLEED CONTROL;OVERHAUL;;;;X;X;X;X;X;;;;;;;;;;;;;X;;;;;;;;;;;;;;;;;;;;;;;;;;;;;;;;;;;;;;;;;;;;;;;;;;;;;;;;;;;;;;;;;;;;;;;;;;;;;X;;;;
9786907;978690-7;VALVE, HP BLEED CONTROL;OVERHAUL;;;;X;X;X;X;X;;;;;;;;;;;;;X;;;;;;;;;;;;;;;;;;;;;;;;;;;;;;;;;;;;;;;;;;;;;;;;;;;;;;;;;;;;;;;;;;;;;;;;;;;;;X;;;;
9786908;978690-8;VALVE, HP BLEED CONTROL;OVERHAUL;;;;X;X;X;X;X;;;;;;;;;;;;;X;X;X;X;;;;;;;;;;;;;;;;;;;;;;;;;;;;;;;;;;;;;;;;;;;;;;;;;;;;;;;;;;;;;;;;;;;;;;;;;;X;;;;
9786909;978690-9;VALVE, HP BLEED CONTROL;OVERHAUL;;;;X;X;X;X;X;;;;;;;;;;;;;X;;;;;;;;;;;;;;;;;;;;;;;;;;;;;;;;;;;;;;;;;;;;;;;;;;;;;;;;;;;;;;;;;;;;;;;;;;;;;X;;;;
9786921;978692-1;VALVE, PNEUMATIC SYSTEM OVERPRESSURE;OVERHAUL;;;;X;X;X;X;X;;;;;;;;;;;;;X;;;;;;;;;;;;;;;;;;;;;;;;;;;;;;;;;;;;;;;;;;;;;;;;;;;;;;;;;;;;;;;;;;;;;;;;;;;;;X;;;;
9786922;978692-2;VALVE, PNEUMATIC SYSTEM OVERPRESSURE;OVERHAUL;;;;X;X;X;X;X;;;;;;;;;;;;;X;X;X;X;;;;;;;;;;;;;;;;;;;;;;;;;;;;;;;;;;;;;;;;;;;;;;;;;;;;;;;;;;;;;;;;;;;;;;;;;;X;;;;
9787105;978710-5;PNEUMATIC SHUTOFF BUTTERFLY VALVE;OVERHAUL;;;;X;X;X;X;X;;;;;;;;;;;;;X;;;;;;;;;;;;;;;;;;;;;;;;;;;;;;;;;;;;;;;;;;;;;;;;;;;;;;;;;;;;;;;;;;;;;;;;;;;;;X;;;;
9787106;978710-6;PNEUMATIC SHUTOFF BUTTERFLY VALVE;OVERHAUL;;;;X;X;X;X;X;;;;;;;;;;;;;X;;;;;;;;;;;;;;;;;;;;;;;;;;;;;;;;;;;;;;;;;;;;;;;;;;;;;;;;;;;;;;;;;;;;;;;;;;;;;X;;;;
9787343;978734-3;VALVE-AIR FAN;OVERHAUL;;;;X;X;X;X;X;;;;;;;;;;;;;X;X;X;X;;;;;;;;;;;;;;;;;;;;;;;;;;;;;;;;;;;;;;;;;;;;;;;;;;;;;;;;;;;;;;;;;;;;;;;;;;X;;;;
9787344;978734-4;VALVE-AIR FAN;OVERHAUL;;;;X;X;X;X;X;;;;;;;;;;;;;X;X;X;X;;;;;;;;;;;;;;;;;;;;;;;;;;;;;;;;;;;;;;;;;;;;;;;;;;;;;;;;;;;;;;;;;;;;;;;;;;X;;;;
9787345;978734-5;VALVE-AIR FAN;OVERHAUL;;;;X;X;X;X;X;;;;;;;;;;;;;X;;X;X;;;;;;;;;;;;;;;;;;;;;;;;;;;;;;;;;;;;;;;;;;;;;;;;;;;;;;;;;;;;;;;;;;;;;;;;;;X;;;;
9788403;978840-3;PACK ANTI-ICE VALVE;OVERHAUL;;;;X;X;X;X;X;;;;;;;;;;;;;X;;;;;;;;;;;;;;;;;;;;;;;;;;;;;;;;;;;;;;;;;;;;;;;;;;;;;;;;;;;;;;;;;;;;;;;;;;;;;X;;;;
9788404;978840-4;PACK ANTI-ICE VALVE;OVERHAUL;;;;X;X;X;X;X;;;;;;;;;;;;;X;;;;;;;;;;;;;;;;;;;;;;;;;;;;;;;;;;;;;;;;;;;;;;;;;;;;;;;;;;;;;;;;;;;;;;;;;;;;;X;;;;
9788421;978842-1;VALVE, FAN AIR;OVERHAUL;;;;X;X;X;X;X;;;;;;;;;;;;;X;X;X;X;;;;;;;;;;;;;;;;;;;;;;;;;;;;;;;;;;;;;;;;;;;;;;;;;;;;;;;;;;;;;;;;;;;;;;;;;;X;;;;
9788422;978842-2;VALVE, FAN AIR;OVERHAUL;;;;X;X;X;X;X;;;;;;;;;;;;;X;X;X;X;;;;;;;;;;;;;;;;;;;;;;;;;;;;;;;;;;;;;;;;;;;;;;;;;;;;;;;;;;;;;;;;;;;;;;;;;;X;;;;
9788423;978842-3;VALVE, FAN AIR;OVERHAUL;;;;X;X;X;X;X;;;;;;;;;;;;;X;X;X;X;;;;;;;;;;;;;;;;;;;;;;;;;;;;;;;;;;;;;;;;;;;;;;;;;;;;;;;;;;;;;;;;;;;;;;;;;;X;;;;
9790181;979018-1;FAN AIR VALVE;OVERHAUL;;;;X;X;X;X;;;;;;;;;;;;;;;;;;;;;;;;X;;;;;X;;;;;;;;;;;;;;;;;;;;;;;;;;;;;;;;;;;;;;;;;;;;;;;;;;;;;;;;;;;;;;X;;;;
97914261;979142-6-1;VALVE SHUTOFF TURBOFAN;;REPAIR;;DNR;X;X;X;X;X;;;;;;;;;;;;;;;;;;;;;;;;;;;;;;;;;;;X;X;;;;;;;;;;;;;;;;;;;;;;;;;;;;;;;;;;;;;;;;;;;;;;;;;;;;;;;X;;;
9791461;979146-1;VALVE, HP BLEED CONTROL;OVERHAUL;;;;X;X;X;X;X;;;;;;;;;;;;;X;;;;;;;;;;;;;;;;;;;;;;;;;;;;;;;;;;;;;;;;;;;;;;;;;;;;;;;;;;;;;;;;;;;;;;;;;;;;;X;;;;
9791463;979146-3;VALVE, HP BLEED CONTROL;OVERHAUL;;;;X;X;X;X;X;;;;;;;;;;;;;X;;;;;;;;;;;;;;;;;;;;;;;;;;;;;;;;;;;;;;;;;;;;;;;;;;;;;;;;;;;;;;;;;;;;;;;;;;;;;X;;;;
9791464;979146-4;VALVE, HP BLEED CONTROL;OVERHAUL;;;;X;X;X;X;X;;;;;;;;;;;;;X;;;;;;;;;;;;;;;;;;;;;;;;;;;;;;;;;;;;;;;;;;;;;;;;;;;;;;;;;;;;;;;;;;;;;;;;;;;;;X;;;;
9791861;979186-1;PNEUMATIC SHUTOFF BUTTERFLY VALVE;OVERHAUL;;;;X;X;X;X;X;;;;;;;;;;;;;X;;;;;;;;;;;;;;;;;;;;;;;;;;;;;;;;;;;;;;;;;;;;;;;;;;;;;;;;;;;;;;;;;;;;;;;;;;;;;X;;;;
9791881;979188-1;PNEUMATIC SHUTOFF BUTTERFLY VALVE;OVERHAUL;;;;X;X;X;X;X;;;;;;;;;;;;;X;;;;;;;;;;;;;;;;;;;;;;;;;;;;;;;;;;;;;;;;;;;;;;;;;;;;;;;;;;;;;;;;;;;;;;;;;;;;;X;;;;
9791883;979188-3;PNEUMATIC SHUTOFF BUTTERFLY VALVE;OVERHAUL;;;;X;X;X;X;X;;;;;;;;;;;;;X;;;;;;;;;;;;;;;;;;;;;;;;;;;;;;;;;;;;;;;;;;;;;;;;;;;;;;;;;;;;;;;;;;;;;;;;;;;;;X;;;;
979764;979764;TANK ASSY;REPAIR;;;;X;X;X;X;X;;;X;;;X;;;;;;;;;;;;;;;;;;;;;;;;;;;;;;;;;;;;;;;;;;;;;;;;;;;;;;;;;;;;;;;;;;;;;;;;;;;;;;;;;;;;X;;;;
979764100;979764-100;TANK ASSY;REPAIR;;;;X;X;X;X;X;;;X;;;X;;;;;;;;;;;;;;;;;;;;;;;;;;;;;;;;;;;;;;;;;;;;;;;;;;;;;;;;;;;;;;;;;;;;;;;;;;;;;;;;;;;;X;;;;
979764125;979764-125;TANK ASSY;REPAIR;;;;X;X;X;X;X;;;X;;;X;;;;;;;;;;;;;;;;;;;;;;;;;;;;;;;;;;;;;;;;;;;;;;;;;;;;;;;;;;;;;;;;;;;;;;;;;;;;;;;;;;;;X;;;;
979764205;979764-205;RH TANK PAINTED;REPAIR;;;;X;X;X;X;X;;;X;;;X;;;;;;;;;;;;;;;;;;;;;;;;;;;;;;;;;;;;;;;;;;;;;;;;;;;;;;;;;;;;;;;;;;;;;;;;;;;;;;;;;;;;X;;;;
979765;979765;TANK;REPAIR;;;;X;X;X;X;X;;;X;;;X;;;;;;;;;;;;;;;;;;;;;;;;;;;;;;;;;;;;;;;;;;;;;;;;;;;;;;;;;;;;;;;;;;;;;;;;;;;;;;;;;;;;X;;;;
979765100;979765-100;TANK;REPAIR;;;;X;X;X;X;X;;;X;;;X;;;;;;;;;;;;;;;;;;;;;;;;;;;;;;;;;;;;;;;;;;;;;;;;;;;;;;;;;;;;;;;;;;;;;;;;;;;;;;;;;;;;X;;;;
979765105;979765-105;LH TANK PAINTED;REPAIR;;;;X;X;X;X;X;;;X;;;X;;;;;;;;;;;;;;;;;;;;;;;;;;;;;;;;;;;;;;;;;;;;;;;;;;;;;;;;;;;;;;;;;;;;;;;;;;;;;;;;;;;;X;;;;
9797861;979786-1;SHUTOFF VALVE;OVERHAUL;;;;X;X;X;X;X;;;;;;;;;;;;;X;;;;;;;;X;X;;;;;;;;;;;;;;;;;;;;;;;;;;;;;;;;;;;;;;;;;;;;;;;;;;;;;;;;;;;;;;;;;;;;X;;;;
9797862;979786-2;SHUTOFF VALVE;OVERHAUL;;;;X;X;X;X;X;;;;;;;;;;;;;X;;;;;;;;X;X;;;;;;;;;;;;;;;;;;;;;;;;;;;;;;;;;;;;;;;;;;;;;;;;;;;;;;;;;;;;;;;;;;;;X;;;;
9797864;979786-4;SHUTOFF VALVE;OVERHAUL;;;;X;X;X;X;X;;;;;;;;;;;;;X;;;;;;;;X;X;;;;;;;;;;;;;;;;;;;;;;;;;;;;;;;;;;;;;;;;;;;;;;;;;;;;;;;;;;;;;;;;;;;;X;;;;
9797865;979786-5;SHUTOFF VALVE;OVERHAUL;;;;X;X;X;X;X;;;;;;;;;;;;;X;;;;;;;;X;X;;;;;;;;;;;;;;;;;;;;;;;;;;;;;;;;;;;;;;;;;;;;;;;;;;;;;;;;;;;;;;;;;;;;X;;;;
97980610;979806-10;VALVE-SURGE CONTROL;OVERHAUL;;;;X;X;X;X;X;;;;;;;;;;;;;X;X;X;X;X;X;X;X;X;X;X;;;;;;X;X;;;;;;;;;;;;;;;;;;;;;;;;;;;;;;;;;;;;;;;;;;;;;;;;;;;;;;;;;;;;X;;;;
97980611;979806-11;VALVE-SURGE CONTROL;OVERHAUL;;;;X;X;X;X;X;;;;;;;;;;;;;X;X;X;X;X;X;X;X;X;X;X;;;;;;X;X;;;;;;;;;;;;;;;;;;;;;;;;;;;;;;;;;;;;;;;;;;;;;;;;;;;;;;;;;;;;X;;;;
97980612;979806-12;VALVE-SURGE CONTROL;OVERHAUL;;;;X;X;X;X;X;;;;;;;;;;;;;X;X;X;X;X;X;X;X;X;X;X;;;;;;X;X;;;;;;;;;;;;;;;;;;;;;;;;;;;;;;;;;;;;;;;;;;;;;;;;;;;;;;;;;;;;X;;;;
97980631;979806-3-1;VALVE-SURGE CONTROL;OVERHAUL;;;;X;X;X;X;X;;;;;;;;;;;;;X;;;;;;;;;;X;;;;;;X;X;;;;;;;;;;;;;;;;;;;;;;;;;;;;;;;;;;;;;;;;;;;;;;;;;;;;;;;;;;;;X;;;;
97980641;979806-4-1;VALVE-SURGE CONTROL;OVERHAUL;;;;X;X;X;X;X;;;;;;;;;;;;;X;;;;;;;;;;X;;;;;;X;X;;;;;;;;;;;;;;;;;;;;;;;;;;;;;;;;;;;;;;;;;;;;;;;;;;;;;;;;;;;;X;;;;
97980651;979806-5-1;VALVE-SURGE CONTROL;OVERHAUL;;;;X;X;X;X;X;;;;;;;;;;;;;X;;;;;;;;;;X;;;;;;X;X;;;;;;;;;;;;;;;;;;;;;;;;;;;;;;;;;;;;;;;;;;;;;;;;;;;;;;;;;;;;X;;;;
97980661;979806-6-1;VALVE-SURGE CONTROL;OVERHAUL;;;;X;X;X;X;X;;;;;;;;;;;;;X;X;X;X;X;X;X;X;X;X;X;;;;;;X;X;;;;;;;;;;;;;;;;;;;;;;;;;;;;;;;;;;;;;;;;;;;;;;;;;;;;;;;;;;;;X;;;;
9798067;979806-7;VALVE-SURGE CONTROL;OVERHAUL;;;;X;X;X;X;X;;;;;;;;;;;;;X;X;X;X;X;X;X;X;X;X;X;;;;;;X;X;;;;;;;;;;;;;;;;;;;;;;;;;;;;;;;;;;;;;;;;;;;;;;;;;;;;;;;;;;;;X;;;;
9798068;979806-8;VALVE-SURGE CONTROL;OVERHAUL;;;;X;X;X;X;X;;;;;;;;;;;;;X;X;X;X;X;X;X;X;X;X;X;;;;;;X;X;;;;;;;;;;;;;;;;;;;;;;;;;;;;;;;;;;;;;;;;;;;;;;;;;;;;;;;;;;;;X;;;;
9798069;979806-9;VALVE-SURGE CONTROL;OVERHAUL;;;;X;X;X;X;X;;;;;;;;;;;;;X;;;;;;;;;;X;;;;;;X;X;;;;;;;;;;;;;;;;;;;;;;;;;;;;;;;;;;;;;;;;;;;;;;;;;;;;;;;;;;;;X;;;;
9798261;979826-1;4 INCH DIAMET.PNEUM.SHUTOFF BUTTER.VALVE;OVERHAUL;;;;X;X;X;X;;;;;;;;;;;;;;X;X;X;X;;;;;;;;;;;;;;;;;;;;;;;;;;;;;;;;;;;;;;;;;;;;;;;;;;;;;;;;;;;;;;;;;;;;;;;;;;X;;;;
97982610;979826-10;4 INCH DIAMET.PNEUM.SHUTOFF BUTTER.VALVE;OVERHAUL;;;;X;X;X;X;;;;;;;;;;;;;;X;X;X;X;;;;;;;;;;;;;;;;;;;;;;;;;;;;;;;;;;;;;;;;;;;;;;;;;;;;;;;;;;;;;;;;;;;;;;;;;;X;;;;
97982611;979826-11;4 INCH DIAMET.PNEUM.SHUTOFF BUTTER.VALVE;OVERHAUL;;;;X;X;X;X;;;;;;;;;;;;;;X;X;X;X;;;;;;;;;;;;;;;;;;;;;;;;;;;;;;;;;;;;;;;;;;;;;;;;;;;;;;;;;;;;;;;;;;;;;;;;;;X;;;;
9798262;979826-2;4 INCH DIAMET.PNEUM.SHUTOFF BUTTER.VALVE;OVERHAUL;;;;X;X;X;X;;;;;;;;;;;;;;X;X;X;X;;;;;;;;;;;;;;;;;;;;;;;;;;;;;;;;;;;;;;;;;;;;;;;;;;;;;;;;;;;;;;;;;;;;;;;;;;X;;;;
9798263;979826-3;4 INCH DIAMET.PNEUM.SHUTOFF BUTTER.VALVE;OVERHAUL;;;;X;X;X;X;;;;;;;;;;;;;;X;X;X;X;;;;;;;;;;;;;;;;;;;;;;;;;;;;;;;;;;;;;;;;;;;;;;;;;;;;;;;;;;;;;;;;;;;;;;;;;;X;;;;
9798264;979826-4;4 INCH DIAMET.PNEUM.SHUTOFF BUTTER.VALVE;OVERHAUL;;;;X;X;X;X;;;;;;;;;;;;;;X;X;X;X;;;;;;;;;;;;;;;;;;;;;;;;;;;;;;;;;;;;;;;;;;;;;;;;;;;;;;;;;;;;;;;;;;;;;;;;;;X;;;;
9798265;979826-5;4 INCH DIAMET.PNEUM.SHUTOFF BUTTER.VALVE;OVERHAUL;;;;X;X;X;X;;;;;;;;;;;;;;X;X;X;X;;;;;;;;;;;;;;;;;;;;;;;;;;;;;;;;;;;;;;;;;;;;;;;;;;;;;;;;;;;;;;;;;;;;;;;;;;X;;;;
9798266;979826-6;4 INCH DIAMET.PNEUM.SHUTOFF BUTTER.VALVE;OVERHAUL;;;;X;X;X;X;;;;;;;;;;;;;;X;X;X;X;;;;;;;;;;;;;;;;;;;;;;;;;;;;;;;;;;;;;;;;;;;;;;;;;;;;;;;;;;;;;;;;;;;;;;;;;;X;;;;
9798267;979826-7;4 INCH DIAMET.PNEUM.SHUTOFF BUTTER.VALVE;OVERHAUL;;;;X;X;X;X;;;;;;;;;;;;;;X;X;X;X;;;;;;;;;;;;;;;;;;;;;;;;;;;;;;;;;;;;;;;;;;;;;;;;;;;;;;;;;;;;;;;;;;;;;;;;;;X;;;;
9798268;979826-8;4 INCH DIAMET.PNEUM.SHUTOFF BUTTER.VALVE;OVERHAUL;;;;X;X;X;X;;;;;;;;;;;;;;X;X;X;X;;;;;;;;;;;;;;;;;;;;;;;;;;;;;;;;;;;;;;;;;;;;;;;;;;;;;;;;;;;;;;;;;;;;;;;;;;X;;;;
9798269;979826-9;4 INCH DIAMET.PNEUM.SHUTOFF BUTTER.VALVE;OVERHAUL;;;;X;X;X;X;;;;;;;;;;;;;;X;X;X;X;;;;;;;;;;;;;;;;;;;;;;;;;;;;;;;;;;;;;;;;;;;;;;;;;;;;;;;;;;;;;;;;;;;;;;;;;;X;;;;
9799121;979912-1;VALVE, ELECTRICAL SELECTOR;OVERHAUL;;;;X;X;X;X;X;;;;;;;;;;;;;X;;X;;;;;;;;;;;;;;;;;;;;;;;;;;;;;;;;;;;;;;;;;;;;;;;;;;;;;;;;;;;;;;;;;;;;;;;;;;;X;;;;
9799122;979912-2;VALVE, ELECTRICAL SELECTOR;OVERHAUL;;;;X;X;X;X;X;;;;;;;;;;;;;X;;X;;;;;;;;;;;;;;;;;;;;;;;;;;;;;;;;;;;;;;;;;;;;;;;;;;;;;;;;;;;;;;;;;;;;;;;;;;;X;;;;
9799123;979912-3;VALVE, ELECTRICAL SELECTOR;OVERHAUL;;;;X;X;X;X;X;;;;;;;;;;;;;X;;X;;;;;;;;;;;;;;;;;;;;;;;;;;;;;;;;;;;;;;;;;;;;;;;;;;;;;;;;;;;;;;;;;;;;;;;;;;;X;;;;
9799124;979912-4;VALVE, ELECTRICAL SELECTOR;OVERHAUL;;;;X;X;X;X;X;;;;;;;;;;;;;X;;X;;;;;;;;;;;;;;;;;;;;;;;;;;;;;;;;;;;;;;;;;;;;;;;;;;;;;;;;;;;;;;;;;;;;;;;;;;;X;;;;
9799901;979990-1;VALVE CONTROL TEMPERATURE;;OVERHAUL;Overhaul/Repair/Inspection/Modification;DNR;X;X;;X;;;;;;;;;;;;;;;;;;;;;;;;;;;;;;;;;;;;X;;;;;;;;;;;;;;;;;;;;;;;;;;;;;X;;;;;;;;;;;;;X;;;;;;;;;;;;;;X;X;;
9799981;979998-1;VALVE;;REPAIR;;DNR;X;X;;X;;;;;;;;;;;;;;;;;;;;;;;;;;;;;;;;;;;;;;;;;;;;;;;;;;;;;;;;;;;;;;;;;X;;;;;;;;;;;;;X;;;;;;;;;;;;;;X;;;
9799982;979998-2;VALVE;;OVERHAUL;;DNR;X;X;;X;;;;;;;;;;;;;;;;;;;;;;;;;;;;;;;;;;;;;;;;;;;;;;;;;;;;;;;;;;;;;;;;;;;;;;;;;;;;;;;;;;;;;;X;X;;;;;X;;;
9804100AXUS;980-4100-AXUS;DIGITAL FLIGHT DATA RECORDER;;OVERHAUL;;DNR;X;X;;X;;;;;;;;;;;;;;;;;;;;;;;;X;;;;;;;;;;X;;;;;;;;;;;;;;;;;;;;;;;;;;;;;;;;;;;;;;;;;;;;;;;;;;;;;;;;;;X;;;
9804100BXUN;980-4100-BXUN;DIGITAL FLIGHT DATA RECORDER;;REPAIR;;DNR;X;X;;X;;;;;;;;;;;;;;;;;;;;;;;;X;;;X;;;;;;;;;;;;;;;;;;;;;;;;;;;;;;;;;;;;;;;;;;;;;;;;;;;;;;;;;;;;;;;;;X;;;
9804100BXUS;980-4100-BXUS;DIG FLIGHT DATA RECORDER;;REPAIR;;DNR;X;X;;X;;;;;;;;;;;;;;;;;;;;;;;;;;;;;;;;;;;;;;;;;;;;;;;;;;;;;;;;;;;;;;;;;;;;;;;;;;;;;;;;;;;;;;X;X;;;;;X;;;
9804100DXUN;980-4100-DXUN;UNIVERSAL FLIGHT DATA RECORDER;;REPAIR;;DNR;X;X;;X;;;;;;;;;;;;;;;;;;;;;;;;;;;;;;;;;;;;;;;;;;;;;;;;;;;;;;;;;;;;;;;;;;;;;;;;;;;;;;;;;;;;;;X;X;;;;;X;;;
9804100DXUS;980-4100-DXUS;UNIVERSAL FLIGHT DATA RECORDER;;REPAIR;;DNR;X;X;;X;;;;;;;;;;;;;;;;;;;;;;;;;;;;;;;;;;;;;;;;;;;;;;;;;;;;;;;;;;;;;;;;;;;;;;;;;;;;;;X;;;;;;;;;;;;;;X;;;
9804120DXUN;980-4120-DXUN;UFDR;;REPAIR;;;X;X;;X;X;;;;;;;;;;;;;;;;;;;;;;;;;;;;;;;;;;;;;;;;;;;;;;;;;;;;;;;;;;;;;;;;;;;;;;;;;;;;;;;;;;;;;X;X;;;;;X;;;
9804120DXUS;980-4120-DXUS;UFDR;;REPAIR;;;X;X;;X;X;;;;;;;;;;;;;;;;;;;;;;;;;;;;;;;;;;;;;;;;;;;;;;;;;;;;;;;;;;;;;;;;;;;;;;;;;;;;;X;;;;;;;;;;;;;;X;;;
9804120GQUS;980-4120-GQUS;DFDR;;REPAIR;;;X;X;;X;;;;;;;;;;;;;;;;;;;;;;;;;;;;;;;;;;;;X;;;;X;;;;;;;;;;;;;;;;;;;;;;;;;;;;;;;;;;;;;;;;;;;;;;;;;;;;X;;;
9804120GTUN;980-4120-GTUN;SSFDR;;REPAIR;;DNR;X;X;;X;X;;;;;;;;;;;;;;;;;;;;;;;;;;;;;;;;;;;;;;;;;;;;;;;;;;;;;;;;;;;;;;;;;;;;;;;;;;;;;X;;;;;;;;;;;;;;X;;;
9804120GXUN;980-4120-GXUN;SSUFDR;;REPAIR;;DNR;X;X;;X;X;;;;;;;;;;;;;;;;;;;;;;;;;;;;;;;;;;;;;;;;;;;;;;;;;;;;;;;;;;;;;;;;;;;;;;;;;;;;;X;;;;;;;;;;;;;;X;;;
9804120RQUN;980-4120-RQUN;SOLID STATE FLIGHT DATA RECORD;;REPAIR;;DNR;X;X;;X;X;;;;;;;;;;;;;;;;;;;;;;;;;;;;;;;;;;;;;;;;;;;;;;;;;;;;;;;;;;;;;;;;;;;;;;;;;;;;;X;;;;;;;;;;;;;;X;;;
9804120RQUS;980-4120-RQUS;SSFDR;;REPAIR;;;X;X;;X;X;;;;;;;;;;;;;;;;;;;;;;;X;;;X;;;;;;;;;;;;;;;;;;;;;;X;;;X;;;;;;;;;;;;;;;;;;;;;;;;;;;;;;;;;;;;;;;;X;;;
9804120RXUS;980-4120-RXUS;SSFDR;;REPAIR;;DNR;X;X;;X;X;;;;;;;;;;;;;;;;;;;;;;;;;;;;;;;;;;;;;;;;;;;;;;;;;;;;;;;;;;;;;;;;;;;;;;;;;;;;;;;;;;;;;X;;;X;;;X;;;
9804700001;980-4700-001;DIGITAL FLIGHT DATA RECORDER;;REPAIR;;DNR;X;X;;X;;;;;;;;;;;;;;;;;;;;;;;;;;;;;;;;;;;;;;;;;;;;;;;;;;;;;;;;;;;;;;;;;;;;;;;;;;;;;;X;;;;;;;;;;;;;;X;;;
9804700003;980-4700-003;RECORDER FLIGHT DATA SOLI;;REPAIR;;DNR;X;X;;X;;;;;;;;;;;;;;;;;;;;;;;;;;;;;;;;;;;;;;;;;;;;;;;;;;;;;;;;;;;;;;;;;;;;;;;X;X;;;;;;X;;;;;;;;;;;;;;X;;;
9804700017;980-4700-017;RECORDER;;REPAIR;;;X;X;;X;;;;;;;;;;;;;;;;;;;;;;;;;;;;;;;;;;;;;;;;;;X;;;;X;X;;;;;;;;;;;;;;;;;;;;;;;;X;X;;;;;;;;;;;;;;;;;;;;X;;;
9804700019;980-4700-019;DIGITAL FLIGHT DATA RECORDER;;REPAIR;;DNR;X;X;;X;;;;;;;;;;;;;;;;;;;;;;;;;;;;;;;;;;;;;;;;;;X;;;;X;X;;;;;;;;;;;;;;;;;;;;;;;;;;;;;;;;;;;;;;;;;;;;;X;;;
9804700027;980-4700-027;DIGITAL FLIGHT DATA RECORDER;;REPAIR;;DNR;X;X;;X;X;;;;;;;;;;;;;;;;;;;;;;;;;;;;;;;;;;;;;;;;;X;;;;X;X;;;;;;;;;;;;;;;;;;;;;;;;;;;;;;;X;;;;;;;;;;;;;;X;;;
9804700042;980-4700-042;DIGITAL FLIGHT DATA RECORDER;;REPAIR;;DNR;X;X;;X;;;;;;;;;;;;;;;;;;;;;;;;;;;;;;;;;;;;;;;;;;X;;;;X;X;;X;;;;;;;;;;;;;;;;;;;;;;;;;;;;;X;;;;;;;;;;;;;;X;;;
9806020001;980-6020-001;SSCVR;;REPAIR;;;X;X;X;X;X;;;;;X;;;;;;;;;;;;;;;;;;;;;;;;;;;;;;;;;;;;;;;;;;;;;;;;;;;;;;;;;;;X;;X;;;;;;;;;;;;;;;;;;;;;;;;;X;;;
9806020002;980-6020-002;SSCVR;;REPAIR;;;X;X;X;X;X;;;;;X;;;;;;;;X;;;;X;X;X;;;;;;;;;;;;;;;;;;;;;;;;;;;;;;;;;;;;;;;;;;;;;;;;;;;;;;;;;;;;;;;;;;;;;;;;X;;;
9806020011;980-6020-011;SSCVR;;REPAIR;;;X;X;X;X;X;;;;;X;;;;;;;;;;;;;;;;;;;;;;;;;;;;;;;;;;;;;;;;;;;;;;;;;;;;;;;;;;;;;;;;;X;X;;;;;;;;;;;;;;;;;;;;X;;;
9806020012;980-6020-012;SSCVR;;REPAIR;;;X;X;X;X;X;;;;;X;;;;;;;;X;;;;X;X;X;;;;;;;;;;;;;;;;;;;;;;;;;;;;;;;;;;;;;;;;;;;;;;;;;;;;;;;;;;;;;;;;;;;;;;;;X;;;
9806020021;980-6020-021;SSCVR;;REPAIR;;;X;X;X;X;X;;;;;X;;;;;;;;X;;;;X;X;X;;;;;;;;;;;;;;;;;;;;;;;;;;;;;;;;;;;;;;;;;;;;;;;;;;;;;;;;;;;;;;;;;;;;;;;;X;;;
9806020023;980-6020-023;SSCVR;;REPAIR;;;X;X;X;X;X;;;;;X;;;;;;;;X;;;;X;X;X;;;;;;;;;;;;;;;;;;;;;;;;;;;;;;;;;;;;;;;;;;;;;;;;;;;;;;;;;;;;;;;;;;;;;;;;X;;;
9806022001;980-6022-001;SSCVR;;REPAIR;;;X;X;X;X;X;;;;;X;;;;;;;;;;;;;;;;;;;;;;;;;;;;;;;;;;;;X;;;;X;X;;;;;;;;;;;;;;;;;;;;;;;;;;X;;;;;;;;;;;;;;;;;;;X;;;
9806022002;980-6022-002;SSCVR;;REPAIR;;;X;X;X;X;X;;;;;X;;;;;;;;X;;;;X;X;X;;;;;;;;;;;;;;;;;;;;;;;;;;;;;;;;;;;;;;;;;;;;;;;;;;;;;;;;;;;;;;;;;;;;;;;;X;;;
9806022011;980-6022-011;SSCVR;;REPAIR;;;X;X;X;X;X;;;;;X;;;;;;;;;;;;;;;;;;;;;;;;;;;;;;;;;;;;;;;;;;;X;;;;;X;;;;;;;;;;;;;;;;;;;;;;;;;;;;;;;;;;;;;;X;;;
9806022012;980-6022-012;SSCVR;;REPAIR;;;X;X;X;X;X;;;;;X;;;;;;;;X;;;;X;X;X;;;;;;;;;;;;;;;;;;;;;;;;;;;;;;;;;;;;;;;;;;;;;;;;;;;;;;;;;;;;;;;;;;;;;;;;X;;;
980A000001;980A0000-01;CHECK VALVE;OVERHAUL;;;;X;X;X;X;X;;;;;;;;;;;;;X;;;;;;;;X;X;;;;;;;;;;;;;;;;;;;;;;;;;;;;;;;;;;;;;;;;;;;;;;;;;;;;;;;;;;;;;;;;;;;;X;;;;
980B000002;980B0000-02;CHECK VALVE;OVERHAUL;;;;X;X;X;X;X;;;;;;;;;;;;;X;;;;;;;;X;X;;;;;;;;;;;;;;;;;;;;;;;;;;;;;;;;;;;;;;;;;;;;;;;;;;;;;;;;;;;;;;;;;;;;X;;;;
982A000001;982A0000-01;TRIM AIR CHECK VALVE;OVERHAUL;;;;X;X;X;X;X;;;;;;;;;;;;;X;;;;;;;;X;X;;;;;;;;;;;;;;;;;;;;;;;;;;;;;;;;;;;;;;;;;;;;;;;;;;;;;;;;;;;;;;;;;;;;X;;;;
992710701;9927107-01;AXLE, AFT;OVERHAUL;;;;X;;;;;;;;;;;;;;;;;;;;;;;;;;;X;;;;;;;;;;;X;;;;;;;;;;;;;;;;;;;;;;;;;;;;;;;;;;;;;;;;;;;;;;;;;;;;;;;;X;;;;
992710810;9927108-10;TRUCK ASSEMBLY;OVERHAUL;;;;X;;;;;;;;;X;;;;;;;;;;;;;;;;;;X;;;;;;;;;;;X;;;;;;;;;;;;;;;;;;;;;;;;;;;;;;;;;;;;;;;;;;;;;;;;;;;;;;;;X;;;;
9993;999-3;ALERTING PANEL;;REPAIR;;;X;X;;X;;;;;;;;;;;;;;;;;;;;;;;;;;;;;;;;;;;;X;;;;X;;;;;;;;;X;;;;X;;;;;;;;;;;;;;;;;;;;;;;;;;;;;;;;;;;;;;;X;;;
A03000;A03000;ELECTRIC ACTUATOR;REPAIR;;;;X;X;X;X;X;;;;;;;;;;;;;X;;;X;;;;;;;;;;;;;;;;;;;;;;;;;;;;;;;;;;;;;;;;;;;;;;;;;;;;;;;;;;;;;;;;;;;;;;;;;;X;;;;
A03505429;A03505-429;LEADING EDGE;;REPAIR;;;X;X;;;;;;;;;;;;;;;;;;;;;;;;;;;;;;;;;;;;;;;;;;;;;;;;;;;;;;;;;;;;;;;;;;;;;;;;;;;;;;;;;;;;;;;;X;X;;;;;X;;X;
A03505437;A03505-437;EDGE;;REPAIR;;;X;X;;;;;;;;;;;;;;;;;;;;;;;;;;;;;;;;;;;;;;;;;;;;;;;;;;;;;;;;;;;;;;;;;;;;;;;;;;;;;;;;;;;;;;;;X;X;;;;;X;;X;
A05000;A05000;ACTUATOR ASSY;OVERHAUL;;;;X;X;X;X;X;;;;;;;;;;;;;X;;;;;;;;;;;;;;;;;;;;;;;;;;;;;;;;;;;;;;;;;;;;;;;;;;;;;;;;;;;;;;;;;;;;;;;;;;;;;X;;;;
A05B00;A05B00;ACTUATOR ASSY;OVERHAUL;;;;X;X;X;X;X;;;;;;;;;;;;;X;X;X;X;X;X;X;X;X;X;;;;;;;;;;;;;;;;;;;;;;;;;;;;;;;;;;;;;;;;;;;;;;;;;;;;;;;;;;;;;;;;;;;;X;;;;
A06000;A06000;ACTUATOR ASSY;OVERHAUL;;;;X;X;X;X;X;;;;;;;;;;;;;X;;;;;;;;X;X;;;;;;;;;;;;;;;;;;;;;;;;;;;;;;;;;;;;;;;;;;;;;;;;;;;;;;;;;;;;;;;;;;;;X;;;;
A06A00;A06A00;ACTUATOR ASSY;OVERHAUL;;;;X;X;X;X;X;;;;;;;;;;;;;X;;;;;;;;;;;;;;;;;;;;;;;;;;;;;;;;;;;;;;;;;;;;;;;;;;;;;;;;;;;;;;;;;;;;;;;;;;;;;X;;;;
A06C00;A06C00;ACTUATOR ASSY;OVERHAUL;;;;X;X;X;X;X;;;;;;;;;;;;;X;;;;;;;;;;;;;;;;;;;;;;;;;;;;;;;;;;;;;;;;;;;;;;;;;;;;;;;;;;;;;;;;;;;;;;;;;;;;;X;;;;
A06D00;A06D00;ACTUATOR ASSY;OVERHAUL;;;;X;X;X;X;X;;;;;;;;;;;;;X;;;;;;;;;;;;;;;;;;;;;;;;;;;;;;;;;;;;;;;;;;;;;;;;;;;;;;;;;;;;;;;;;;;;;;;;;;;;;X;;;;
A06L00;A06L00;ACTUATOR ASSY;OVERHAUL;;;;X;X;X;X;X;;;;;;;;;;;;;X;;;;;;;;;;;;;;;;;;;;;;;;;;;;;;;;;;;;;;;;;;;;;;;;;;;;;;;;;;;;;;;;;;;;;;;;;;;;;X;;;;
A1022812M3;A10-22812M3;LEG, NOSE LANDING GEAR;OVERHAUL;;;;X;X;X;X;X;;;;;;X;X;;;;;;;;;;;;;;;;;;;;;;;;;;;;;;;;;;;;;;;;;;;;;;;;;;;;;;;;;;;;;;;;;;;;;;;;;;;;;;;;;;;X;;;;
A1022812M4;A10-22812M4;NOSE LANDING GEAR;OVERHAUL;;;;X;X;X;X;X;;;X;;;X;;;;;;;;;;;;;;;;;;;;;;;;;;;;;;;;;;;;;;;;;;;;;;;;;;;;;;;;;;;;;;;;;;;;;;;;;;;;;;;;;;;;X;;;;
A1022812M4A;A10-22812M4A;NOSE LANDING GEAR;OVERHAUL;;;;X;X;X;X;X;X;;;;;X;X;;;;;;;;;;;;;;;;;;;;;;;;;;;;;;;;;;;;;;;;;;;;;;;;;;;;;;;;;;;;;;;;;;;;;;;;;;;;;;;;;;;X;;;;
A1022812M4V2;A10-22812M4V2;NOSE LANDING GEAR;OVERHAUL;;;;X;X;X;X;X;;;;;;X;X;;;;;;;;;;;;;;;;;;;;;;;;;;;;;;;;;;;;;;;;;;;;;;;;;;;;;;;;;;;;;;;;;;;;;;;;;;;;;;;;;;;X;;;;
A1022812M4V2;A10-22812-M4V2;NOSE LANDING GEAR;OVERHAUL;;;;X;X;X;X;X;X;;;;;X;X;;;;;;;;;;;;;;;;;;;;;;;;;;;;;;;;;;;;;;;;;;;;;;;;;;;;;;;;;;;;;;;;;;;;;;;;;;;;;;;;;;;X;;;;
A1022812M4V2A;A10-22812M4V2A;NOSE LANDING GEAR;OVERHAUL;;;;X;X;X;X;X;;;;;;X;;;;;;;;;;;;;;;;;;;;;;;;;;;;;;;;;;;;;;;;;;;;;;;;;;;;;;;;;;;;;;;;;;;;;;;;;;;;;;;;;;;;X;;;;
A1022812M4Z;A10-22812M4Z;LEG, NOSE LANDING GEAR  AMDT V1/V2/V2A;OVERHAUL;;;;X;X;X;X;X;;;;;;X;;;;;;;;;;;;;;;;;;;;;;;;;;;;;;;;;;;;;;;;;;;;;;;;;;;;;;;;;;;;;;;;;;;;;;;;;;;;;;;;;;;;X;;;;
A1022812V2M4;A10-22812V2M4;NOSE LANDING GEAR;OVERHAUL;;;;X;X;X;X;X;X;;;;;X;X;;;;;;;;;;;;;;;;;;;;;;;;;;;;;;;;;;;;;;;;;;;;;;;;;;;;;;;;;;;;;;;;;;;;;;;;;;;;;;;;;;;X;;;;
A1022812V2M4A;A10-22812V2M4A;NOSE LANDING GEAR;OVERHAUL;;;;X;X;X;X;X;X;;;;;X;X;;;;;;;;;;;;;;;;;;;;;;;;;;;;;;;;;;;;;;;;;;;;;;;;;;;;;;;;;;;;;;;;;;;;;;;;;;;;;;;;;;;X;;;;
A1022812V2M4A;A10-22812V2M4-A;NOSE LANDING GEAR;OVERHAUL;;;;X;X;X;X;X;;;;;;X;X;;;;;;;;;;;;;;;;;;;;;;;;;;;;;;;;;;;;;;;;;;;;;;;;;;;;;;;;;;;;;;;;;;;;;;;;;;;;;;;;;;;X;;;;
A1022812V2ZM4;A10-22812V2ZM4;LEG-NOSE GEAR AMDT A;OVERHAUL;;;;X;X;X;X;;;;;;;X;;;;;;;;;;;;;;;;;;;;;;;;;;;;;;;;;;;;;;;;;;;;;;;;;;;;;;;;;;;;;;;;;;;;;;;;;;;;;;;;;;;;X;;;;
A1023444;A10-23444;ACCUMULATOR, HYDRAULIC;OVERHAUL;;;;X;X;X;X;X;;;;;;X;X;;;X;X;;;;;;;;;;;;;;;;;;;;;;;;;;;;;;;;;;;;;;;;;;;;;;;;;;;;;;;;;;;;;;;;;;;;;;;;;;;;;;;X;;;;
A1023444A;A10-23444A;ACCUMULATOR, HYDRAULIC;OVERHAUL;;;;X;X;X;X;X;X;;;;;X;X;;;X;X;;;;;;;;;;;;;;;;;;;;;;;;;;;;;;;;;;;;;;;;;;;;;;;;;;;;;;;;;;;;;;;;;;;;;;;;;;;;;;;X;;;;
A11320454;A11320-454;DOOR;;REPAIR;;;X;X;;;;;;;;;;;;;;;;;;;;;;;;;;;;;;;;;;;;;;X;X;;;;;;;;;;;;;;;;;;;;;;;;;;;;;;;;;;;;;;;;;;;;;;;;;;;;;;;X;;;
A11A111100REP;A11A111100REP;BORD D'ATTAQUE TC1;REPAIR;;;;X;;;;;;;;;;;;;;;;;;;;;;;;;;;;;;;;;;;;;;;;;;;;;;;;;;;;X;X;;;;;;;;;;;;;;;;;;;;;;;;;;;;;;;;;;;;;;;;;X;;;X;
A11A111300;A11A111300;LEADING EDGE;REPAIR;;;;X;;;;;;;;;;;;;;;;;;;;;;;;;;;;;;;;;;;;;;;;;;;;;;;;;;;;X;X;;;;;;;;;;;;;;;;;;;;;;;;;;;;;;;;;;;;;;;;;X;;;X;
A11A111300N1;A11A111300N1;LEADING EDGE;REPAIR;;;;X;;;;;;;;;;;;;;;;;;;;;;;;;;;;;;;;;;;;;;;;;;;;;;;;;;;;X;X;;;;;;;;;;;;;;;;;;;;;;;;;;;;;;;;;;;;;;;;;X;;;X;
A11A111300REP;A11A111300REP;LEADING EDGE;REPAIR;;;;X;;;;;;;;;;;;;;;;;;;;;;;;;;;;;;;;;;;;;;;;;;;;;;;;;;;;X;X;;;;;;;;;;;;;;;;;;;;;;;;;;;;;;;;;;;;;;;;;X;;;X;
A120201M2;A1-20201M2;WHEEL, NOSE LANDING GEAR;OVERHAUL;;;;X;X;X;X;X;;;X;;;X;X;;;;;;;;;;;;;;;;;;;;;;;;;;;;;;;;;;;;;;;;;;;;;;;;;;;;;;;;;;;;;;;;;;;;;;;;;;;;;;;;;;;X;;;;
A120201M3;A1-20201M3;WHEEL, NOSE LANDING GEAR;OVERHAUL;;;;X;X;X;X;X;;;;;;X;X;;;;;;;;;;;;;;;;;;;;;;;;;;;;;;;;;;;;;;;;;;;;;;;;;;;;;;;;;;;;;;;;;;;;;;;;;;;;;;;;;;;X;;;;
A120201ZM3;A1-20201ZM3;WHEEL, NOSE LANDING GEAR;OVERHAUL;;;;X;X;X;X;X;;;;;;X;X;;;;;;;;;;;;;;;;;;;;;;;;;;;;;;;;;;;;;;;;;;;;;;;;;;;;;;;;;;;;;;;;;;;;;;;;;;;;;;;;;;;X;;;;
A12SA;A12SA;MEGAPHONE;;REPAIR;;;X;X;;;;;;;;;;;;;;;;;;;;;;;;;;;;;;;;;;;;;;;;;;;;;;;;;;;;;;;;;;;;;;;;;;;;;;;;;;;;;;;;;;;;;;;;X;X;;;;;X;;X;
A15654417;A15654-417;FAIRING;;REPAIR;;;X;X;;;;;;;;;;;;;;;;;;;;;;;;;;;;;;;;;;;;;;;;;;;;;;;;;;;;;;;;;;;;;;;;;;;;;;;;;;;;;;;;;;;;;;;;X;X;;;;;X;;X;
A15654418;A15654-418;FAIRING;;REPAIR;;;X;X;;;;;;;;;;;;;;;;;;;;;;;;;;;;;;;;;;;;;;;;;;;;;;;;;;;;;;;;;;;;;;;;;;;;;;;;;;;;;;;;;;;;;;;;X;;;X;;;X;;X;
A1571215;A15712-15;Oý CONTAINER ASSY;REPAIR;;;;X;X;X;X;X;;;;;;;;;;;;;X;;;;;;;;;;;;;;;;;;;;;;;;;;;;;;;;;;;;;;;;;;;;;;;;;;;;;;;;;;;;;;;;;;;;;;;;;;;;;X;;;;
A1571216;A15712-16;Oý CONTAINER ASSY;REPAIR;;;;X;X;X;X;X;;;;;;;;;;;;;X;;;;;;X;;;;;;;;;;;;;;;;;;;;;;;;;;;;;;;;;;;;;;;;;;;;;;;;;;;;;;;;;;;;;;;;;;;;;;;X;;;;
A1571217;A15712-17;Oý CONTAINER ASSY;REPAIR;;;;X;X;X;X;X;;;;;;;;;;;;;X;;;;;;X;;;;;;;;;;;;;;;;;;;;;;;;;;;;;;;;;;;;;;;;;;;;;;;;;;;;;;;;;;;;;;;;;;;;;;;X;;;;
A1571220;A15712-20;Oý CONTAINER ASSY;REPAIR;;;;X;X;X;X;X;;;;;;;;;;;;;X;;X;;;;X;;;;;;;;;;;;;;;;;;;;;;;;;;;;;;;;;;;;;;;;;;;;;;;;;;;;;;;;;;;;;;;;;;;;;;;X;;;;
A1571221;A15712-21;Oý CONTAINER ASSY;REPAIR;;;;X;X;X;X;X;;;;;;;;;;;;;X;;X;X;;;;;;;;;;;;;;;;;;;;;;;;;;;;;;;;;;;;;;;;;;;;;;;;;;;;;;;;;;;;;;;;;;;;;;;;;;X;;;;
A1571223;A15712-23;Oý CONTAINER ASSY;REPAIR;;;;X;X;X;X;X;;;;;;;;;;;;;X;;;;;;X;;;;;;;;;;;;;;;;;;;;;;;;;;;;;;;;;;;;;;;;;;;;;;;;;;;;;;;;;;;;;;;;;;;;;;;X;;;;
A1571225;A15712-25;Oý CONTAINER ASSY;REPAIR;;;;X;X;X;X;X;;;;;;;;;;;;;X;;;;;;X;;;;;;;;;;;;;;;;;;;;;;;;;;;;;;;;;;;;;;;;;;;;;;;;;;;;;;;;;;;;;;;;;;;;;;;X;;;;
A1571226;A15712-26;Oý CONTAINER ASSY;REPAIR;;;;X;X;X;X;X;;;;;;;;;;;;;X;;;X;;;;;;;;;;;;;;;;;;;;;;;;;;;;;;;;;;;;;;;;;;;;;;;;;;;;;;;;;;;;;;;;;;;;;;;;;;X;;;;
A1571229;A15712-29;Oý CONTAINER ASSY;REPAIR;;;;X;X;X;X;X;;;;;;;;;;;;;X;;X;X;;;X;;;;;;;;;;;;;;;;;;;;;;;;;;;;;;;;;;;;;;;;;;;;;;;;;;;;;;;;;;;;;;;;;;;;;;;X;;;;
A1571250;A15712-50;Oý CONTAINER ASSY;REPAIR;;;;X;X;X;X;X;;;;;;;;;;;;;X;;;;;;;;;;;;;;;;;;;;;;;;;;;;;;;;;;;;;;;;;;;;;;;;;;;;;;;;;;;;;;;;;;;;;;;;;;;;;X;;;;
A1571260;A15712-60;Oý CONTAINER ASSY;REPAIR;;;;X;X;X;X;X;;;;;;;;;;;;;X;;X;;;;;;;;;;;;;;;;;;;;;;;;;;;;;;;;;;;;;;;;;;;;;;;;;;;;;;;;;;;;;;;;;;;;;;;;;;;X;;;;
A1571262;A15712-62;Oý CONTAINER ASSY;REPAIR;;;;X;X;X;X;X;;;;;;;;;;;;;X;;X;;;;;;;;;;;;;;;;;;;;;;;;;;;;;;;;;;;;;;;;;;;;;;;;;;;;;;;;;;;;;;;;;;;;;;;;;;;X;;;;
A1571263;A15712-63;Oý CONTAINER ASSY;REPAIR;;;;X;X;X;X;X;;;;;;;;;;;;;X;;X;;;;;;;;;;;;;;;;;;;;;;;;;;;;;;;;;;;;;;;;;;;;;;;;;;;;;;;;;;;;;;;;;;;;;;;;;;;X;;;;
A1571265;A15712-65;Oý CONTAINER ASSY;REPAIR;;;;X;X;X;X;X;;;;;;;;;;;;;X;;X;X;;;;;;;;;;;;;;;;;;;;;;;;;;;;;;;;;;;;;;;;;;;;;;;;;;;;;;;;;;;;;;;;;;;;;;;;;;X;;;;
A1571266;A15712-66;Oý CONTAINER ASSY;REPAIR;;;;X;X;X;X;X;;;;;;;;;;;;;X;;;;;;X;;;;;;;;;;;;;;;;;;;;;;;;;;;;;;;;;;;;;;;;;;;;;;;;;;;;;;;;;;;;;;;;;;;;;;;X;;;;
A1571267;A15712-67;Oý CONTAINER ASSY;REPAIR;;;;X;X;X;X;X;;;;;;;;;;;;;X;;X;;;;;;;;;;;;;;;;;;;;;;;;;;;;;;;;;;;;;;;;;;;;;;;;;;;;;;;;;;;;;;;;;;;;;;;;;;;X;;;;
A1571270;A15712-70;Oý CONTAINER ASSY;REPAIR;;;;X;X;X;X;X;;;;;;;;;;;;;X;;;;;;;;;;;;;;;;;;;;;;;;;;;;;;;;;;;;;;;;;;;;;;;;;;;;;;;;;;;;;;;;;;;;;;;;;;;;;X;;;;
A1571271;A15712-71;Oý CONTAINER ASSY;REPAIR;;;;X;X;X;X;X;;;;;;;;;;;;;X;;;;;;X;;;;;;;;;;;;;;;;;;;;;;;;;;;;;;;;;;;;;;;;;;;;;;;;;;;;;;;;;;;;;;;;;;;;;;;X;;;;
A200300;A200300;CONTROL UNIT-ANNUNCIATOR LIGHT;REPAIR;;;;X;X;X;X;X;;;;;;;;;;;;;X;;;;;;;;X;X;;;;;;;;;;;;;;;;;;;;;;;;;;;;;;;;;;;;;;;;;;;;;;;;;;;;;;;;;;;;;;;;;;;;X;;;;
A200300E01;A200300E01;RELAY CARD ASSY;REPAIR;;;;X;X;X;X;X;;;;;;;;;;;;;X;;;;;;;;;;;;;;;;;;;;;;;;;;;;;;;;;;;;;;;;;;;;;;;;;;;;;;;;;;;;;;;;;;;;;;;;;;;;;X;;;;
A20201M2;A20201M2;WHEEL, REAR LANDING GEAR;OVERHAUL;;;;X;X;X;X;X;;;X;;;X;;;;;X;;;;;;;;;;;;;;;;;;;;;;;;;;;;;;;;;;;;;;;;;;;;;;;;;;;;;;;;;;;;;;;;;;;;;;;;;;;;;;;X;;;;
A20217121;A20217-121;WHEEL, NOSE LANDING GEAR;OVERHAUL;;;;X;X;X;X;X;;;X;;;X;;;;;X;;;;;;;;;;;;;;;;;;;;;;;;;;;;;;;;;;;;;;;;;;;;;;;;;;;;;;;;;;;;;;;;;;;;;;;;;;;;;;;X;;;;
A20217121A;A20217-121A;WHEEL, NOSE LANDING GEAR;OVERHAUL;;;;X;X;X;X;X;;;;;;X;;;;;X;;;;;;;;;;;;;;;;;;;;;;;;;;;;;;;;;;;;;;;;;;;;;;;;;;;;;;;;;;;;;;;;;;;;;;;;;;;;;;;X;;;;
A20217401;A20217-40-1;WHEEL, NOSE LANDING GEAR;OVERHAUL;;;;X;X;X;X;X;;;X;;;X;;;X;X;;;;;;;;;;;;;;;;;;;;;;;;;;;;;;;;;;;;;;;;;;;;;;;;;;;;;;;;;;;;;;;;;;;;;;;;;;;;;;;;X;;;;
A2021863M1;A20-21863M1;VALISE HYDRAULIQUE;;REPAIR;;;X;;;;;;;;;;;;;;;;;;;;;;;;;;;;;;;;;;;;;;;;;;;;;;;;;;;;;;;;;;;;;;;;;;;;;;;;;;;;;;;;;X;;;X;;;;;;;;;;;X;;;
A2023751;A20-23751;"STAY - JACK MAIN LANDING GEAR ""LH""";OVERHAUL;;;;X;X;X;X;X;;;;;;X;;;;X;;;;;;;;;;;;;;;;;;;;;;;;;;;;;;;;;;;;;;;;;;;;;;;;;;;;;;;;;;;;;;;;;;;;;;;;;;;;;;;;X;;;;
A20237511;A20-23751-1;"STAY - JACK MAIN LANDING GEAR ""RH""";OVERHAUL;;;;X;X;X;X;X;;;X;;;X;;;;X;;;;;;;;;;;;;;;;;;;;;;;;;;;;;;;;;;;;;;;;;;;;;;;;;;;;;;;;;;;;;;;;;;;;;;;;;;;;;;;;X;;;;
A202375110;A20-23751-10;"STAY - JACK MAIN LANDING GEAR ""LH""";OVERHAUL;;;;X;X;X;X;X;;;X;;;X;;;;X;;;;;;;;;;;;;;;;;;;;;;;;;;;;;;;;;;;;;;;;;;;;;;;;;;;;;;;;;;;;;;;;;;;;;;;;;;;;;;;;X;;;;
A202375110+01;A20-23751-10+01;MLG DOWNLOCK ACTUATING;OVERHAUL;;;;X;X;X;X;X;;;;;;X;;;;X;;;;;;;;;;;;;;;;;;;;;;;;;;;;;;;;;;;;;;;;;;;;;;;;;;;;;;;;;;;;;;;;;;;;;;;;;;;;;;;;X;;;;
A20237511001;A20-23751-1001;"STAY - JACK MAIN LANDING GEAR ""LH""";OVERHAUL;;;;X;X;X;X;X;;;X;;;X;;;;X;;;;;;;;;;;;;;;;;;;;;;;;;;;;;;;;;;;;;;;;;;;;;;;;;;;;;;;;;;;;;;;;;;;;;;;;;;;;;;;;X;;;;
A20237511001A;A20-23751-1001A;MLG DOWNLOCK ACTUATING;OVERHAUL;;;;X;X;X;X;X;;;;;;X;;;;X;;;;;;;;;;;;;;;;;;;;;;;;;;;;;;;;;;;;;;;;;;;;;;;;;;;;;;;;;;;;;;;;;;;;;;;;;;;;;;;;X;;;;
A20237511001B;A20-23751-1001B;"STAY - JACK MAIN LANDING GEAR ""LH""";OVERHAUL;;;;X;X;X;X;X;X;;;;;X;;;;X;;;;;;;;;;;;;;;;;;;;;;;;;;;;;;;;;;;;;;;;;;;;;;;;;;;;;;;;;;;;;;;;;;;;;;;;;;;;;;;;X;;;;
A2023751101;A20-23751-101;"STAY - JACK MAIN LANDING GEAR ""LH""";OVERHAUL;;;;X;X;X;X;X;;;X;;;X;;;;X;;;;;;;;;;;;;;;;;;;;;;;;;;;;;;;;;;;;;;;;;;;;;;;;;;;;;;;;;;;;;;;;;;;;;;;;;;;;;;;;X;;;;
A2023751101B;A20-23751-101B;"STAY - JACK MAIN LANDING GEAR ""LH""";OVERHAUL;;;;X;X;X;X;X;X;;;;;X;;;;X;;;;;;;;;;;;;;;;;;;;;;;;;;;;;;;;;;;;;;;;;;;;;;;;;;;;;;;;;;;;;;;;;;;;;;;;;;;;;;;;X;;;;
A202375110B;A20-23751-10B;"STAY - JACK MAIN LANDING GEAR ""LH""";OVERHAUL;;;;X;X;X;X;X;X;;;;;X;;;;X;;;;;;;;;;;;;;;;;;;;;;;;;;;;;;;;;;;;;;;;;;;;;;;;;;;;;;;;;;;;;;;;;;;;;;;;;;;;;;;;X;;;;
A202375115;A20-23751-15;"STAY - JACK MAIN LANDING GEAR ""RH""";OVERHAUL;;;;X;X;X;X;X;;;X;;;X;;;;X;;;;;;;;;;;;;;;;;;;;;;;;;;;;;;;;;;;;;;;;;;;;;;;;;;;;;;;;;;;;;;;;;;;;;;;;;;;;;;;;X;;;;
A202375115+01;A20-23751-15+01;MLG DOWNLOCK ACTUATING;OVERHAUL;;;;X;X;X;X;X;;;;;;X;;;;X;;;;;;;;;;;;;;;;;;;;;;;;;;;;;;;;;;;;;;;;;;;;;;;;;;;;;;;;;;;;;;;;;;;;;;;;;;;;;;;;X;;;;
A20237511501;A20-23751-1501;"STAY - JACK MAIN LANDING GEAR ""RH""";OVERHAUL;;;;X;X;X;X;X;;;X;;;X;;;;X;;;;;;;;;;;;;;;;;;;;;;;;;;;;;;;;;;;;;;;;;;;;;;;;;;;;;;;;;;;;;;;;;;;;;;;;;;;;;;;;X;;;;
A20237511501B;A20-23751-1501B;"STAY - JACK MAIN LANDING GEAR ""RH""";OVERHAUL;;;;X;X;X;X;X;X;;;;;X;;;;X;;;;;;;;;;;;;;;;;;;;;;;;;;;;;;;;;;;;;;;;;;;;;;;;;;;;;;;;;;;;;;;;;;;;;;;;;;;;;;;;X;;;;
A202375115B;A20-23751-15B;"STAY - JACK MAIN LANDING GEAR ""RH""";OVERHAUL;;;;X;X;X;X;X;;;;;;X;;;;X;;;;;;;;;;;;;;;;;;;;;;;;;;;;;;;;;;;;;;;;;;;;;;;;;;;;;;;;;;;;;;;;;;;;;;;;;;;;;;;;X;;;;
A20237511A;A20-23751-1A;"STAY - JACK MAIN LANDING GEAR ""RH""";OVERHAUL;;;;X;X;X;X;X;;;;;;X;;;;;;;;;;;;;;;;;;;;;;;;;;;;;;;;;;;;;;;;;;;;;;;;;;;;;;;;;;;;;;;;;;;;;;;;;;;;;;;;;;;;X;;;;
A2023751501;A20-23751-501;"STAY - JACK MAIN LANDING GEAR ""RH""";OVERHAUL;;;;X;X;X;X;X;;;X;;;X;;;;X;;;;;;;;;;;;;;;;;;;;;;;;;;;;;;;;;;;;;;;;;;;;;;;;;;;;;;;;;;;;;;;;;;;;;;;;;;;;;;;;X;;;;
A2023751501B;A20-23751-501B;"STAY - JACK MAIN LANDING GEAR ""RH""";OVERHAUL;;;;X;X;X;X;X;X;;;;;X;;;;X;;;;;;;;;;;;;;;;;;;;;;;;;;;;;;;;;;;;;;;;;;;;;;;;;;;;;;;;;;;;;;;;;;;;;;;;;;;;;;;;X;;;;
A2023751501B;A20-23751-501-B;"STAY - JACK MAIN LANDING GEAR ""RH""";OVERHAUL;;;;X;X;X;X;X;;;;;;X;;;;X;;;;;;;;;;;;;;;;;;;;;;;;;;;;;;;;;;;;;;;;;;;;;;;;;;;;;;;;;;;;;;;;;;;;;;;;;;;;;;;;X;;;;
A2023751A;A20-23751-A;MLG DOWNLOCK ACTUATING;OVERHAUL;;;;X;X;X;X;X;;;;;;X;;;;X;;;;;;;;;;;;;;;;;;;;;;;;;;;;;;;;;;;;;;;;;;;;;;;;;;;;;;;;;;;;;;;;;;;;;;;;;;;;;;;;X;;;;
A2023753;A20-23753;STAY JACK NOSE GEAR;OVERHAUL;;;;X;X;X;X;X;;;X;;;X;;;;X;;;;;;;;;;;;;;;;;;;;;;;;;;;;;;;;;;;;;;;;;;;;;;;;;;;;;;;;;;;;;;;;;;;;;;;;;;;;;;;;X;;;;
A202375310;A20-23753-10;STAY JACK NOSE GEAR;OVERHAUL;;;;X;X;X;X;X;;;;;;X;;;;X;;;;;;;;;;;;;;;;;;;;;;;;;;;;;;;;;;;;;;;;;;;;;;;;;;;;;;;;;;;;;;;;;;;;;;;;;;;;;;;;X;;;;
A202375310+01;A20-23753-10+01;STAY JACK NOSE GEAR;OVERHAUL;;;;X;X;X;X;X;X;;;;;X;;;;X;;;;;;;;;;;;;;;;;;;;;;;;;;;;;;;;;;;;;;;;;;;;;;;;;;;;;;;;;;;;;;;;;;;;;;;;;;;;;;;;X;;;;
A20237531001;A20-23753-1001;STAY JACK NOSE GEAR;OVERHAUL;;;;X;X;X;X;X;;;;;;X;;;;X;;;;;;;;;;;;;;;;;;;;;;;;;;;;;;;;;;;;;;;;;;;;;;;;;;;;;;;;;;;;;;;;;;;;;;;;;;;;;;;;X;;;;
A20237531001C;A20-23753-1001C;STAY JACK NOSE GEAR;OVERHAUL;;;;X;X;X;X;X;X;;;;;X;;;;X;;;;;;;;;;;;;;;;;;;;;;;;;;;;;;;;;;;;;;;;;;;;;;;;;;;;;;;;;;;;;;;;;;;;;;;;;;;;;;;;X;;;;
A2023753101;A20-23753-101;STAY JACK NOSE GEAR;OVERHAUL;;;;X;X;X;X;X;;;;;;X;;;;X;;;;;;;;;;;;;;;;;;;;;;;;;;;;;;;;;;;;;;;;;;;;;;;;;;;;;;;;;;;;;;;;;;;;;;;;;;;;;;;;X;;;;
A2023753101C;A20-23753-101C;STAY JACK NOSE GEAR;OVERHAUL;;;;X;X;X;X;X;X;;;;;X;;;;X;;;;;;;;;;;;;;;;;;;;;;;;;;;;;;;;;;;;;;;;;;;;;;;;;;;;;;;;;;;;;;;;;;;;;;;;;;;;;;;;X;;;;
A2023753A;A20-23753-A;STAY JACK NOSE GEAR;OVERHAUL;;;;X;X;X;X;X;X;;;;;X;;;;X;;;;;;;;;;;;;;;;;;;;;;;;;;;;;;;;;;;;;;;;;;;;;;;;;;;;;;;;;;;;;;;;;;;;;;;;;;;;;;;;X;;;;
A2023753B;A20-23753-B;STAY JACK NOSE GEAR;OVERHAUL;;;;X;X;X;X;X;X;;;;;X;;;;X;;;;;;;;;;;;;;;;;;;;;;;;;;;;;;;;;;;;;;;;;;;;;;;;;;;;;;;;;;;;;;;;;;;;;;;;;;;;;;;;X;;;;
A2023753C;A20-23753-C;STAY JACK NOSE GEAR;OVERHAUL;;;;X;X;X;X;X;X;;;;;X;;;;X;;;;;;;;;;;;;;;;;;;;;;;;;;;;;;;;;;;;;;;;;;;;;;;;;;;;;;;;;;;;;;;;;;;;;;;;;;;;;;;;X;;;;
A2023776;A20-23776;ACCUMULATOR, HYDRAULIC;OVERHAUL;;;;X;X;X;X;X;;;X;;;X;;;;X;X;;;;;;;;;;;;;;;;;;;;;;;;;;;;;;;;;;;;;;;;;;;;;;;;;;;;;;;;;;;;;;;;;;;;;;;;;;;;;;;X;;;;
A2023776A;A20-23776A;ACCUMULATOR, HYDRAULIC;OVERHAUL;;;;X;X;X;X;X;X;;;;;X;;;;X;X;;;;;;;;;;;;;;;;;;;;;;;;;;;;;;;;;;;;;;;;;;;;;;;;;;;;;;;;;;;;;;;;;;;;;;;;;;;;;;;X;;;;
A2023776A;A20-23776-A;ACCUMULATOR, HYDRAULIC;OVERHAUL;;;;X;X;X;X;X;X;;;;;X;;;;X;X;;;;;;;;;;;;;;;;;;;;;;;;;;;;;;;;;;;;;;;;;;;;;;;;;;;;;;;;;;;;;;;;;;;;;;;;;;;;;;;X;;;;
A21310433;A21310-433;TRAPPE TAG;;REPAIR;;;X;X;;;;;;;;;;;;;;;;;;;;;;;;;;;;;;;;;;;;;;;;;;;;;;;;;;;;;;;;;;;;;;;;;;;;;;;;;;;;;;;;;;;;;;;;X;;;X;;;X;;X;
A21310435;A21310-435;TRAPPE TAD;;REPAIR;;;X;X;;;;;;;;;;;;;;;;;;;;;;;;;;;;;;;;;;;;;;;;;;;;;;;;;;;;;;;;;;;;;;;;;;;;;;;;;;;;;;;;;;;;;;;;X;X;;;;;X;;X;
A21510017;A21510-017;PANEL;;REPAIR;;;X;;;;;;;;;;;;;;;;;;;;;;;;;;;;;;;;;;;;;;;;;;;;;;;;;;;;;;;;;;;;;;;;;;;;;;;;;;;;;;;;;;;;;;;;;X;X;;;;;X;;X;
A21510018;A21510-018;PANEL;;REPAIR;;;X;;;;;;;;;;;;;;;;;;;;;;;;;;;;;;;;;;;;;;;;;;;;;;;;;;;;;;;;;;;;;;;;;;;;;;;;;;;;;;;;;;;;;;;;;X;;;X;;;X;;X;
A21518407;A21518-407;WINDOW;;REPAIR;;;X;X;;;;;;;;;;;;;;;;;;;;;;;;;;;;;;;;;;;;;;;;;;;;;;;;;;;;;;;;;;;;;;;;;;;;;;;;;;;;;;;;;;;;;;;;X;;;X;;;X;;X;
A21518413;A21518-413;WINDOW;;BENCH TEST;;;X;X;;;;;;;;;;;;;;;;;;;;;;;;;;;;;;;;;;;;;;;;;;;;;;;;;;;;;;;;;;;;;;;;;;;;;;;;;;;;;;;;;;;;;;;;X;;;X;;;X;;X;
A21518414;A21518-414;WINDOW;;BENCH TEST;;;X;X;;;;;;;;;;;;;;;;;;;;;;;;;;;;;;;;;;;;;;;;;;;;;;;;;;;;;;;;;;;;;;;;;;;;;;;;;;;;;;;;;;;;;;;;X;X;;;;;X;;X;
A21638;A21638;FOOTBRAKE;;REPAIR;;;X;X;;X;;;;;;;;;;;;;;X;X;;;;;;;;;;;;;;;;;;;;;;;;;;;;;;;;;;;;;;;;;;;;;;;;;;;;;;;;;;;;;;;;;;;;;;;;;;;;;X;;;
A222849M4M5;A2-22849M4M5;STRUT SHOCK REAR ASSY;OVERHAUL;;;;X;X;X;X;X;X;;;;;X;X;;;;;;;;;;;;;;;;;;;;;;;;;;;;;;;;;;;;;;;;;;;;;;;;;;;;;;;;;;;;;;;;;;;;;;;;;;;;;;;;;;;X;;;;
A222849M5;A2-22849M5;STRUT SHOCK REAR ASSY;OVERHAUL;;;;X;X;X;X;X;;;X;;;X;X;;;;;;;;;;;;;;;;;;;;;;;;;;;;;;;;;;;;;;;;;;;;;;;;;;;;;;;;;;;;;;;;;;;;;;;;;;;;;;;;;;;X;;;;
A222849M5V1;A2-22849M5V1;STRUT SHOCK REAR ASSY;OVERHAUL;;;;X;X;X;X;X;;;;;;X;X;;;;;;;;;;;;;;;;;;;;;;;;;;;;;;;;;;;;;;;;;;;;;;;;;;;;;;;;;;;;;;;;;;;;;;;;;;;;;;;;;;;X;;;;
A222849M5V1;A2-22849M5-V1;STRUT SHOCK REAR ASSY;OVERHAUL;;;;X;X;X;X;X;X;;;;;X;X;;;;;;;;;;;;;;;;;;;;;;;;;;;;;;;;;;;;;;;;;;;;;;;;;;;;;;;;;;;;;;;;;;;;;;;;;;;;;;;;;;;X;;;;
A222849V1M5;A2-22849V1M5;STRUT SHOCK REAR ASSY;OVERHAUL;;;;X;X;X;X;X;X;;;;;X;X;;;;;;;;;;;;;;;;;;;;;;;;;;;;;;;;;;;;;;;;;;;;;;;;;;;;;;;;;;;;;;;;;;;;;;;;;;;;;;;;;;;X;;;;
A23029401;A23029-401;OUTLET;;REPAIR;;;X;X;;;;;;;;;;;;;;;;;;;;;;;;;;;;;;;;;;;;;;;;;;;;;;;;;;;;;;;;;;;;;;;;;;;;;;;;;;;;;;;;;;;;;;;;X;;;X;;;X;;X;
A24112066;A24112066;DIVIDER, FLOW;OVERHAUL;;;;X;X;X;X;X;;;X;;;X;;;;;X;;;;;;;;;;;;;;;;;;;;;;;;;;;;;;;;;;;;;;;;;;;;;;;;;;;;;;;;;;;;;;;;;;;;;;;;;;;;;;;X;;;;
A24112066;A24-112-066;DIVIDER, FLOW;OVERHAUL;;;;X;X;X;X;X;X;;;;;X;;;;;X;;;;;;;;;;;;;;;;;;;;;;;;;;;;;;;;;;;;;;;;;;;;;;;;;;;;;;;;;;;;;;;;;;;;;;;;;;;;;;;X;;;;
A24112066;A24-112066;DIVIDER, FLOW;OVERHAUL;;;;X;X;X;X;X;X;;;;;X;;;;;X;;;;;;;;;;;;;;;;;;;;;;;;;;;;;;;;;;;;;;;;;;;;;;;;;;;;;;;;;;;;;;;;;;;;;;;;;;;;;;;X;;;;
A24112066A;A24112066A;DIVIDER, FLOW;OVERHAUL;;;;X;X;X;X;X;;;X;;;X;;;;;;;;;;;;;;;;;;;;;;;;;;;;;;;;;;;;;;;;;;;;;;;;;;;;;;;;;;;;;;;;;;;;;;;;;;;;;;;;;;;;X;;;;
A24777009;A24777009;LIMITER, FLOW;REPAIR;;;;X;X;X;X;X;;;;;;X;;;;;;;;;;;;;;;;;;;;;;;;;;;;;;;;;;;;;;;;;;;;;;;;;;;;;;;;;;;;;;;;;;;;;;;;;;;;;;;;;;;;X;;;;
A249791;A24979-1;PUMP, MOTOR;OVERHAUL;;;;X;X;X;X;X;;;X;;;X;;;;X;;;;;;;;;;;;;;;;;;;;;;;;;;;;;;;;;;;;;;;;;;;;;;;;;;;;;;;;;;;;;;;;;;;;;;;;;;;;;;;;X;;;;
A2519902;A25199-0-2;VALVE, SOLENOID;OVERHAUL;;;;X;X;X;X;X;;;;;;;;;;;;;X;X;X;X;;;;;;;;;;;;;;;;;;;;;;;;;;;;;;;;;;;;;;;;;;;;;;;;;;;;;;;;;;;;;;;;;;;;;;;;;;X;;;;
A2519903;A25199-0-3;VALVE ELECTROHYDRAULIQUE;OVERHAUL;;;;X;X;X;X;X;;;;;;;;;;;;;X;X;X;X;;;;;;;;;;;;;;;;;;;;;;;;;;;;;;;;;;;;;;;;;;;;;;;;;;;;;;;;;;;;;;;;;;;;;;;;;;X;;;;
A25240003;A25240003;CUT-OUT VALVE  (MESSIER-BUGATTI);OVERHAUL;;;;X;X;X;X;X;;;;;;;;;;;;;X;X;X;X;;;;;;;;;;;;;;;;;;;;;;;;;;;;;;;;;;;;;;;;;;;;;;;;;;;;;;;;;;;;;;;;;;;;;;;;;;X;;;;
A2527003;A25270-0-3;VALVE, DOOR OPENING CONTROL;OVERHAUL;;;;X;X;X;X;X;;;;;;;;;;;;;X;X;;;;;;;;;;;;;;;;;;;;;;;;;;;;;;;;;;;;;;;;;;;;;;;;;;;;;;;;;;;;;;;;;;;;;;;;;;;;X;;;;
A252704;A25270-4;VALVE-GROUND DOOR OPENING CONTROL;OVERHAUL;;;;X;X;X;X;X;;;;;;;;;;;;;X;X;;;;;;;;;;;;;;;;;;;;;;;;;;;;;;;;;;;;;;;;;;;;;;;;;;;;;;;;;;;;;;;;;;;;;;;;;;;;X;;;;
A252704C;A25270-4C;VALVE, DOOR OPENING CONTROL;OVERHAUL;;;;X;X;X;X;X;;;;;;;;;;;;;X;X;X;X;;;;;;;;;;;;;;;;;;;;;;;;;;;;;;;;;;;;;;;;;;;;;;;;;;;;;;;;;;;;;;;;;;;;;;;;;;X;;;;
A2527111;A25271-1-1;VALVE, HYDRAULIC SEQUENCE NLG;OVERHAUL;;;;X;X;X;X;X;;;;;;;;;;;;;X;X;X;X;;;;;;;;;;;;;;;;;;;;;;;;;;;;;;;;;;;;;;;;;;;;;;;;;;;;;;;;;;;;;;;;;;;;;;;;;;X;;;;
A2527111R1;A25271-1-1R1;VALVE, HYDRAULIC SEQUENCE NLG;OVERHAUL;;;;X;X;X;X;X;;;;;;;;;;;;;X;;;;;;;;;;;;;;;;;;;;;;;;;;;;;;;;;;;;;;;;;;;;;;;;;;;;;;;;;;;;;;;;;;;;;;;;;;;;;X;;;;
A252791;A25279-1;VALVE, SEQUENCE LH;OVERHAUL;;;;X;X;X;X;X;;;;;;;;;;;;;X;X;X;X;;;;;;;;;;;;;;;;;;;;;;;;;;;;;;;;;;;;;;;;;;;;;;;;;;;;;;;;;;;;;;;;;;;;;;;;;;X;;;;
A252801;A25280-1;VALVE, SEQUENCE RH;OVERHAUL;;;;X;X;X;X;X;;;;;;;;;;;;;X;X;X;X;;;;;;;;;;;;;;;;;;;;;;;;;;;;;;;;;;;;;;;;;;;;;;;;;;;;;;;;;;;;;;;;;;;;;;;;;;X;;;;
A25285;A25285;VALVE, AIR VENT, MLG;OVERHAUL;;;;X;X;X;X;X;;;;;;;;;;;;;X;X;X;X;;;;;;;;;;;;;;;;;;;;;;;;;;;;;;;;;;;;;;;;;;;;;;;;;;;;;;;;;;;;;;;;;;;;;;;;;;X;;;;
A25287005;A25287005;VALVE;OVERHAUL;;;;X;X;X;X;X;;;X;;;;;;;;;;X;;;;;;;;;;;;;;;;;;;;;;;;;;;;;;;;;;;;;;;;;;;;;;;;;;;;;;;;;;;;;;;;;;;;;;;;;;;;;X;;;;
A25313;A25313;SELECTOR VALVE;OVERHAUL;;;;X;X;X;X;X;;;X;;;;;;;;;;X;;;;;;;;;;;;;;;;;;;;;;;;;;;;;;;;;;;;;;;;;;;;;;;;;;;;;;;;;;;;;;;;;;;;;;;;;;;;;X;;;;
A25313002;A25313002;SELECTOR VALVE;OVERHAUL;;;;X;X;X;X;X;;;X;;;;;;;;;;X;;;;;X;X;X;X;X;;;;;;;;;;;;;;;;;;;;;;;;;;;;;;;;;;;;;;;;;;;;;;;;;;;;;;;;;;;;;;;;;;;;X;;;;
A253130021;A25313002-1;SELECTOR VALVE;OVERHAUL;;;;X;X;X;X;X;;;X;;;;;;;;;;X;;;;;X;X;X;X;X;;;;;;;;;;;;;;;;;;;;;;;;;;;;;;;;;;;;;;;;;;;;;;;;;;;;;;;;;;;;;;;;;;;;X;;;;
A253130022;A25313002-2;SELECTOR VALVE;OVERHAUL;;;;X;X;X;X;X;;;;;;;;;;;;;X;;;;;;;;X;X;;;;;;;;;;;;;;;;;;;;;;;;;;;;;;;;;;;;;;;;;;;;;;;;;;;;;;;;;;;;;;;;;;;;X;;;;
A25313003;A25313003;SELECTOR VALVE;OVERHAUL;;;;X;X;X;X;X;;;;;;;;;;;;;X;;;;;;;;X;X;;;;;;;;;;;;;;;;;;;;;;;;;;;;;;;;;;;;;;;;;;;;;;;;;;;;;;;;;;;;;;;;;;;;X;;;;
A253130031;A25313003-1;SELECTOR VALVE;OVERHAUL;;;;X;X;X;X;X;;;;;;;;;;;;;X;;;;;;;;X;X;;;;;;;;;;;;;;;;;;;;;;;;;;;;;;;;;;;;;;;;;;;;;;;;;;;;;;;;;;;;;;;;;;;;X;;;;
A253130032;A25313003-2;SELECTOR VALVE;OVERHAUL;;;;X;X;X;X;X;;;;;;;;;;;;;X;;;;;;;;;;;;;;;;;;;;;;;;;;;;;;;;;;;;;;;;;;;;;;;;;;;;;;;;;;;;;;;;;;;;;;;;;;;;;X;;;;
A253131;A25313-1;SELECTOR VALVE;OVERHAUL;;;;X;X;X;X;X;;;;;;;;;;;;;X;X;;;;;;;;;;;;;;;;;;;;;;;;;;;;;;;;;;;;;;;;;;;;;;;;;;;;;;;;;;;;;;;;;;;;;;;;;;;;X;;;;
A25313101;A25313-101;SELECTOR VALVE;OVERHAUL;;;;X;X;X;X;X;;;;;;;;;;;;;X;X;X;X;;;;;;;;;;;;;;;;;;;;;;;;;;;;;;;;;;;;;;;;;;;;;;;;;;;;;;;;;;;;;;;;;;;;;;;;;;X;;;;
A25313201;A25313-201;SELECTOR VALVE;OVERHAUL;;;;X;X;X;X;X;;;;;;;;;;;;;X;X;X;X;;;;;;;;;;;;;;;;;;;;;;;;;;;;;;;;;;;;;;;;;;;;;;;;;;;;;;;;;;;;;;;;;;;;;;;;;;X;;;;
A25315;A25315;PARKING BRAKE VALVE;OVERHAUL;;;;X;X;X;X;X;;;X;;;;;;;;;;X;X;X;X;;X;X;X;;;;;;;;;;;;;;;;;;;;;;;;;;;;;;;;;;;;;;;;;;;;;;;;;;;;;;;;;;;;;;;;;;;;;;X;;;;
A25315020;A25315020;HYDRAULICAL OPERATED PARKING BRAKE VALVE;OVERHAUL;;;;X;X;X;X;X;;;;;;;;;;;;;X;;;;;;;;X;X;;;;;;;;;;;;;;;;;;;;;;;;;;;;;;;;;;;;;;;;;;;;;;;;;;;;;;;;;;;;;;;;;;;;X;;;;
A253150201;A25315020-1;HYDRAULICAL OPERATED PARKING BRAKE VALVE;OVERHAUL;;;;X;X;X;X;X;;;;;;;;;;;;;X;;;;;;;;X;X;;;;;;;;;;;;;;;;;;;;;;;;;;;;;;;;;;;;;;;;;;;;;;;;;;;;;;;;;;;;;;;;;;;;X;;;;
A253150202;A25315020-2;PARKING BRAKE VALVE;OVERHAUL;;;;X;X;X;X;X;;;X;;;;;;;;;;X;;;;;;;;X;X;;;;;;;;;;;;;;;;;;;;;;;;;;;;;;;;;;;;;;;;;;;;;;;;;;;;;;;;;;;;;;;;;;;;X;;;;
A253151;A25315-1;PARKING BRAKE VALVE;OVERHAUL;;;;X;X;X;X;X;;;X;;;;;;;;;;X;X;X;X;;X;X;X;;;;;;;;;;;;;;;;;;;;;;;;;;;;;;;;;;;;;;;;;;;;;;;;;;;;;;;;;;;;;;;;;;;;;;X;;;;
A25316020;A25316020;VALVE, SHUTTLE DUAL;OVERHAUL;;;;X;X;X;X;X;;;;;;;;;;;;;X;;;;;;;;;;;;;;;;;;;;;;;;;;;;;;;;;;;;;;;;;;;;;;;;;;;;;;;;;;;;;;;;;;;;;;;;;;;;;X;;;;
A25316101;A25316-101;VALVE-DUAL SHUTTLE;OVERHAUL;;;;X;X;X;X;X;;;;;;;;;;;;;X;;;;;;;;;;;;;;;;;;;;;;;;;;;;;;;;;;;;;;;;;;;;;;;;;;;;;;;;;;;;;;;;;;;;;;;;;;;;;X;;;;
A253171;A25317-1;VALVE-SAFETY;OVERHAUL;;;;X;X;X;X;X;;;X;;;;;;;;;;X;X;X;X;;;;;X;X;;;;;;;;;;;;;;;;;;;;;;;;;;;;;;;;;;;;;;;;;;;;;;;;;;;;;;;;;;;;;;;;;;;;X;;;;
A25323002;A25323002;FITTING, SWIVEL;OVERHAUL;;;;X;X;X;X;X;;;;;;;;;;;;;X;;;;;;;;;;;;;;;;;;;;;;;;;;;;;;;;;;;;;;;;;;;;;;;;;;;;;;;;;;;;;;;;;;;;;;;;;;;;;X;;;;
A253231;A25323-1;FITTING, SWIVEL;OVERHAUL;;;;X;X;X;X;X;;;;;;;;;;;;;X;;;;;;;;;;;;;;;;;;;;;;;;;;;;;;;;;;;;;;;;;;;;;;;;;;;;;;;;;;;;;;;;;;;;;;;;;;;;;X;;;;
A25375004;A25375004;COUPLING, NLG STEERING CONTROL;OVERHAUL;;;;X;X;X;X;X;;;;;;;;;;;;;X;X;X;X;;;;;;;;;;;;;;;;;;;;;;;;;;;;;;;;;;;;;;;;;;;;;;;;;;;;;;;;;;;;;;;;;;;;;;;;;;X;;;;
A253750041;A25375004-1;COUPLING, NLG STEERING CONTROL;OVERHAUL;;;;X;X;X;X;X;;;;;;;;;;;;;X;X;X;X;;;;;;;;;;;;;;;;;;;;;;;;;;;;;;;;;;;;;;;;;;;;;;;;;;;;;;;;;;;;;;;;;;;;;;;;;;X;;;;
A25375014;A25375014;COUPLING, NLG STEERING CONTROL;OVERHAUL;;;;X;X;X;X;X;;;;;;;;;;;;;X;;X;X;;;;;;;;;;;;;;;;;;;;;;;;;;;;;;;;;;;;;;;;;;;;;;;;;;;;;;;;;;;;;;;;;;;;;;;;;;X;;;;
A253751;A25375-1;COUPLING, NLG STEERING CONTROL;OVERHAUL;;;;X;X;X;X;X;;;;;;;;;;;;;X;X;;;;;;;;;;;;;;;;;;;;;;;;;;;;;;;;;;;;;;;;;;;;;;;;;;;;;;;;;;;;;;;;;;;;;;;;;;;;X;;;;
A253752;A25375-2;COUPLING, NLG STEERING CONTROL;OVERHAUL;;;;X;X;X;X;X;;;;;;;;;;;;;X;X;;;;;;;;;;;;;;;;;;;;;;;;;;;;;;;;;;;;;;;;;;;;;;;;;;;;;;;;;;;;;;;;;;;;;;;;;;;;X;;;;
A25375201;A25375-201;COUPLING, NLG STEERING CONTROL;OVERHAUL;;;;X;X;X;X;X;;;;;;;;;;;;;X;X;;;;;;;;;;;;;;;;;;;;;;;;;;;;;;;;;;;;;;;;;;;;;;;;;;;;;;;;;;;;;;;;;;;;;;;;;;;;X;;;;
A25421001;A25421001;UPLOCK, NLG;OVERHAUL;;;;X;X;X;X;X;;;;;;;;;;;;;X;X;X;X;;;;;;;;;;;;;;;;;;;;;;;;;;;;;;;;;;;;;;;;;;;;;;;;;;;;;;;;;;;;;;;;;;;;;;;;;;X;;;;
A254210011;A25421001-1;UPLOCK, NLG;OVERHAUL;;;;X;X;X;X;X;;;;;;;;;;;;;X;X;X;X;;;;;;;;;;;;;;;;;;;;;;;;;;;;;;;;;;;;;;;;;;;;;;;;;;;;;;;;;;;;;;;;;;;;;;;;;;X;;;;
A254210012;A25421001-2;UPLOCK ASSY-NLG;OVERHAUL;;;;X;X;X;X;X;;;;;;;;;;;;;X;X;X;X;;;;;;;;;;;;;;;;;;;;;;;;;;;;;;;;;;;;;;;;;;;;;;;;;;;;;;;;;;;;;;;;;;;;;;;;;;X;;;;
A25431;A25431;UPLOCK, MLG DOOR;OVERHAUL;;;;X;X;X;X;X;;;;;;;;;;;;;X;;;;;;;;;;;;;;;;;;;;;;;;;;;;;;;;;;;;;;;;;;;;;;;;;;;;;;;;;;;;;;;;;;;;;;;;;;;;;X;;;;
A25431001;A25431001;UPLOCK, MLG DOOR;OVERHAUL;;;;X;X;X;X;X;;;;;;;;;;;;;X;X;X;X;;;;;;;;;;;;;;;;;;;;;;;;;;;;;;;;;;;;;;;;;;;;;;;;;;;;;;;;;;;;;;;;;;;;;;;;;;X;;;;
A254310011;A25431001-1;UPLOCK, MLG DOOR;OVERHAUL;;;;X;X;X;X;X;;;;;;;;;;;;;X;X;X;X;;;;;;;;;;;;;;;;;;;;;;;;;;;;;;;;;;;;;;;;;;;;;;;;;;;;;;;;;;;;;;;;;;;;;;;;;;X;;;;
A254310012;A25431001-2;UPLOCK ASSY-NLG DOOR;OVERHAUL;;;;X;X;X;X;X;;;;;;;;;;;;;X;X;X;X;;;;;;;;;;;;;;;;;;;;;;;;;;;;;;;;;;;;;;;;;;;;;;;;;;;;;;;;;;;;;;;;;;;;;;;;;;X;;;;
A2543101;A25431-0-1;UPLOCK, MLG DOOR;OVERHAUL;;;;X;X;X;X;X;;;;;;;;;;;;;X;X;;;;;;;;;;;;;;;;;;;;;;;;;;;;;;;;;;;;;;;;;;;;;;;;;;;;;;;;;;;;;;;;;;;;;;;;;;;;X;;;;
A2543102;A25431-0-2;UPLOCK, MLG DOOR;OVERHAUL;;;;X;X;X;X;X;;;;;;;;;;;;;X;X;X;X;;;;;;;;;;;;;;;;;;;;;;;;;;;;;;;;;;;;;;;;;;;;;;;;;;;;;;;;;;;;;;;;;;;;;;;;;;X;;;;
A254313;A25431-3;UPLOCK, MLG DOOR;OVERHAUL;;;;X;X;X;X;X;;;;;;;;;;;;;X;X;;;;;;;;;;;;;;;;;;;;;;;;;;;;;;;;;;;;;;;;;;;;;;;;;;;;;;;;;;;;;;;;;;;;;;;;;;;;X;;;;
A254314;A25431-4;UPLOCK, MLG DOOR;OVERHAUL;;;;X;X;X;X;X;;;;;;;;;;;;;X;X;X;X;;;;;;;;;;;;;;;;;;;;;;;;;;;;;;;;;;;;;;;;;;;;;;;;;;;;;;;;;;;;;;;;;;;;;;;;;;X;;;;
A25434005;A25434005;EMERGENCY BRAKE DUAL DISTRIBUTION VALVE;OVERHAUL;;;;X;X;X;X;X;;;X;;;;;;;;;;X;;X;X;;;;;;;;;;;;;;;;;;;;;;;;;;;;;;;;;;;;;;;;;;;;;;;;;;;;;;;;;;;;;;;;;;;;;;;;;;X;;;;
A25434005001;A25434005-001;EMERGENCY BRAKE DUAL DISTRIBUTION VALVE;OVERHAUL;;;;X;X;X;X;X;;;X;;;;;;;;;;X;;;;;;;;;;;;;;;;;;;;;;;;;;;;;;;;;;;;;;;;;;;;;;;;;;;;;;;;;;;;;;;;;;;;;;;;;;;;;X;;;;
A254340051;A25434005-1;EMERGENCY BRAKE DUAL DISTRIBUTION VALVE;OVERHAUL;;;;X;X;X;X;X;;;X;;;;;;;;;;X;;X;X;;;X;;;;;;;;;;;;;;;;;;;;;;;;;;;;;;;;;;;;;;;;;;;;;;;;;;;;;;;;;;;;;;;;;;;;;;;X;;;;
A25434005100;A25434005-100;EMERGENCY BRAKE DUAL DISTRIBUTION VALVE;OVERHAUL;;;;X;X;X;X;X;;;X;;;;;;;;;;X;;;;;;;;;;;;;;;;;;;;;;;;;;;;;;;;;;;;;;;;;;;;;;;;;;;;;;;;;;;;;;;;;;;;;;;;;;;;;X;;;;
A25434005101;A25434005-101;EMERGENCY BRAKE DUAL DISTRIBUTION VALVE;OVERHAUL;;;;X;X;X;X;X;;;X;;;;;;;;;;X;;;;;;;;;;;;;;;;;;;;;;;;;;;;;;;;;;;;;;;;;;;;;;;;;;;;;;;;;;;;;;;;;;;;;;;;;;;;;X;;;;
A254340051010;A25434005-1010;EMERGENCY BRAKE DUAL DISTRIBUTION VALVE;OVERHAUL;;;;X;X;X;X;X;;;X;;;;;;;;;;X;;;;;;X;;;;;;;;;;;;;;;;;;;;;;;;;;;;;;;;;;;;;;;;;;;;;;;;;;;;;;;;;;;;;;;;;;;;;;;X;;;;
A25434005110;A25434005-110;EMERGENCY BRAKE DUAL DISTRIBUTION VALVE;OVERHAUL;;;;X;X;X;X;X;;;X;;;;;;;;;;X;;;;;;;;;;;;;;;;;;;;;;;;;;;;;;;;;;;;;;;;;;;;;;;;;;;;;;;;;;;;;;;;;;;;;;;;;;;;;X;;;;
A254340052;A25434005-2;EMERGENCY BRAKE DUAL DISTRIBUTION VALVE;OVERHAUL;;;;X;X;X;X;X;;;X;;;;;;;;;;X;;X;X;;;X;;;;;;;;;;;;;;;;;;;;;;;;;;;;;;;;;;;;;;;;;;;;;;;;;;;;;;;;;;;;;;;;;;;;;;;X;;;;
A25434005200;A25434005-200;EMERGENCY BRAKE DUAL DISTRIBUTION VALVE;OVERHAUL;;;;X;X;X;X;X;;;X;;;;;;;;;;X;;;;;;;;;;;;;;;;;;;;;;;;;;;;;;;;;;;;;;;;;;;;;;;;;;;;;;;;;;;;;;;;;;;;;;;;;;;;;X;;;;
A25434005201;A25434005-201;EMERGENCY BRAKE DUAL DISTRIBUTION VALVE;OVERHAUL;;;;X;X;X;X;X;;;X;;;;;;;;;;X;;;;;;;;;;;;;;;;;;;;;;;;;;;;;;;;;;;;;;;;;;;;;;;;;;;;;;;;;;;;;;;;;;;;;;;;;;;;;X;;;;
A254340052010;A25434005-2010;EMERGENCY BRAKE DUAL DISTRIBUTION VALVE;OVERHAUL;;;;X;X;X;X;X;;;X;;;;;;;;;;X;;;;;;X;;;;;;;;;;;;;;;;;;;;;;;;;;;;;;;;;;;;;;;;;;;;;;;;;;;;;;;;;;;;;;;;;;;;;;;X;;;;
A25434005210;A25434005-210;EMERGENCY BRAKE DUAL DISTRIBUTION VALVE;OVERHAUL;;;;X;X;X;X;X;;;X;;;;;;;;;;X;;;;;;;;;;;;;;;;;;;;;;;;;;;;;;;;;;;;;;;;;;;;;;;;;;;;;;;;;;;;;;;;;;;;;;;;;;;;;X;;;;
A254340053;A25434005-3;EMERGENCY BRAKE DUAL DISTRIBUTION VALVE;OVERHAUL;;;;X;X;X;X;X;;;X;;;;;;;;;;X;;X;X;;;X;;;;;;;;;;;;;;;;;;;;;;;;;;;;;;;;;;;;;;;;;;;;;;;;;;;;;;;;;;;;;;;;;;;;;;;X;;;;
A25434005300;A25434005-300;EMERGENCY BRAKE DUAL DISTRIBUTION VALVE;OVERHAUL;;;;X;X;X;X;X;;;X;;;;;;;;;;X;;;;X;X;X;X;;;;;;;;;;;;;;;;;;;;;;;;;;;;;;;;;;;;;;;;;;;;;;;;;;;;;;;;;;;;;;;;;;;;;;X;;;;
A25434005301;A25434005-301;EMERGENCY BRAKE DUAL DISTRIBUTION VALVE;OVERHAUL;;;;X;X;X;X;X;;;X;;;;;;;;;;X;;;;X;X;X;X;;;;;;;;;;;;;;;;;;;;;;;;;;;;;;;;;;;;;;;;;;;;;;;;;;;;;;;;;;;;;;;;;;;;;;X;;;;
A254340053010;A25434005-3010;EMERGENCY BRAKE DUAL DISTRIBUTION VALVE;OVERHAUL;;;;X;X;X;X;X;;;X;;;;;;;;;;X;;;;;;X;;;;;;;;;;;;;;;;;;;;;;;;;;;;;;;;;;;;;;;;;;;;;;;;;;;;;;;;;;;;;;;;;;;;;;;X;;;;
A25434005310;A25434005-310;EMERGENCY BRAKE DUAL DISTRIBUTION VALVE;OVERHAUL;;;;X;X;X;X;X;;;X;;;;;;;;;;X;;;;;;;;;;;;;;;;;;;;;;;;;;;;;;;;;;;;;;;;;;;;;;;;;;;;;;;;;;;;;;;;;;;;;;;;;;;;;X;;;;
A25434005400;A25434005-400;EMERGENCY BRAKE DUAL DISTRIBUTION VALVE;OVERHAUL;;;;X;X;X;X;X;;;X;;;;;;;;;;X;;;;X;X;X;X;;;;;;;;;;;;;;;;;;;;;;;;;;;;;;;;;;;;;;;;;;;;;;;;;;;;;;;;;;;;;;;;;;;;;;X;;;;
A25434005401;A25434005-401;EMERGENCY BRAKE DUAL DISTRIBUTION VALVE;OVERHAUL;;;;X;X;X;X;X;;;X;;;;;;;;;;X;;;;X;X;X;X;;;;;;;;;;;;;;;;;;;;;;;;;;;;;;;;;;;;;;;;;;;;;;;;;;;;;;;;;;;;;;;;;;;;;;X;;;;
A254340054010;A25434005-4010;EMERGENCY BRAKE DUAL DISTRIBUTION VALVE;OVERHAUL;;;;X;X;X;X;X;;;X;;;;;;;;;;X;;;;;;X;;;;;;;;;;;;;;;;;;;;;;;;;;;;;;;;;;;;;;;;;;;;;;;;;;;;;;;;;;;;;;;;;;;;;;;X;;;;
A25434005410;A25434005-410;EMERGENCY BRAKE DUAL DISTRIBUTION VALVE;OVERHAUL;;;;X;X;X;X;X;;;X;;;;;;;;;;X;X;;;;;;;;;;;;;;;;;;;;;;;;;;;;;;;;;;;;;;;;;;;;;;;;;;;;;;;;;;;;;;;;;;;;;;;;;;;;X;;;;
A25434006;A25434006;EMERGENCY BRAKE DUAL DISTRIBUTION VALVE;OVERHAUL;;;;X;X;X;X;X;;;X;;;;;;;;;;X;;X;;;;;;;;;;;;;;;;;;;;;;;;;;;;;;;;;;;;;;;;;;;;;;;;;;;;;;;;;;;;;;;;;;;;;;;;;;;X;;;;
A254340061;A25434006-1;EMERGENCY BRAKE DUAL DISTRIBUTION VALVE;OVERHAUL;;;;X;X;X;X;X;;;X;;;;;;;;;;X;;X;;;;X;;;;;;;;;;;;;;;;;;;;;;;;;;;;;;;;;;;;;;;;;;;;;;;;;;;;;;;;;;;;;;;;;;;;;;;X;;;;
A25434006100;A25434006-100;EMERGENCY BRAKE DUAL DISTRIBUTION VALVE;OVERHAUL;;;;X;X;X;X;X;;;X;;;;;;;;;;X;;;;X;X;X;X;;;;;;;;;;;;;;;;;;;;;;;;;;;;;;;;;;;;;;;;;;;;;;;;;;;;;;;;;;;;;;;;;;;;;;X;;;;
A25434006101;A25434006-101;EMERGENCY BRAKE DUAL DISTRIBUTION VALVE;OVERHAUL;;;;X;X;X;X;X;;;X;;;;;;;;;;X;;;;X;X;X;X;;;;;;;;;;;;;;;;;;;;;;;;;;;;;;;;;;;;;;;;;;;;;;;;;;;;;;;;;;;;;;;;;;;;;;X;;;;
A254340061010;A25434006-1010;EMERGENCY BRAKE DUAL DISTRIBUTION VALVE;OVERHAUL;;;;X;X;X;X;X;;;X;;;;;;;;;;X;;;;;;X;;;;;;;;;;;;;;;;;;;;;;;;;;;;;;;;;;;;;;;;;;;;;;;;;;;;;;;;;;;;;;;;;;;;;;;X;;;;
A25434006110;A25434006-110;EMERGENCY BRAKE DUAL DISTRIBUTION VALVE;OVERHAUL;;;;X;X;X;X;X;;;X;;;;;;;;;;X;;;;;;;;;;;;;;;;;;;;;;;;;;;;;;;;;;;;;;;;;;;;;;;;;;;;;;;;;;;;;;;;;;;;;;;;;;;;;X;;;;
A254340062;A25434006-2;EMERGENCY BRAKE DUAL DISTRIBUTION VALVE;OVERHAUL;;;;X;X;X;X;X;;;X;;;;;;;;;;X;;;;;X;X;X;;;;;;;;;;;;;;;;;;;;;;;;;;;;;;;;;;;;;;;;;;;;;;;;;;;;;;;;;;;;;;;;;;;;;;X;;;;
A25434006200;A25434006-200;EMERGENCY BRAKE DUAL DISTRIBUTION VALVE;OVERHAUL;;;;X;X;X;X;X;;;X;;;;;;;;;;X;;;;;X;X;X;;;;;;;;;;;;;;;;;;;;;;;;;;;;;;;;;;;;;;;;;;;;;;;;;;;;;;;;;;;;;;;;;;;;;;X;;;;
A25434006210;A25434006-210;EMERGENCY BRAKE DUAL DISTRIBUTION VALVE;OVERHAUL;;;;X;X;X;X;X;;;X;;;;;;;;;;X;;;;;;;;;;;;;;;;;;;;;;;;;;;;;;;;;;;;;;;;;;;;;;;;;;;;;;;;;;;;;;;;;;;;;;;;;;;;;X;;;;
A254340063;A25434006-3;EMERGENCY BRAKE DUAL DISTRIBUTION VALVE;OVERHAUL;;;;X;X;X;X;X;;;X;;;;;;;;;;X;;;;;X;X;X;;;;;;;;;;;;;;;;;;;;;;;;;;;;;;;;;;;;;;;;;;;;;;;;;;;;;;;;;;;;;;;;;;;;;;X;;;;
A254340063000;A25434006-3000;EMERGENCY BRAKE DUAL DISTRIBUTION VALVE;OVERHAUL;;;;X;X;X;X;X;;;X;;;;;;;;;;X;;;;;;X;;;;;;;;;;;;;;;;;;;;;;;;;;;;;;;;;;;;;;;;;;;;;;;;;;;;;;;;;;;;;;;;;;;;;;;X;;;;
A25434020;A25434020;VALVE, DUAL DISTRIBUTION;OVERHAUL;;;;X;X;X;X;X;;;;;;;;;;;;;X;;X;X;;;;;X;X;;;;;;;;;;;;;;;;;;;;;;;;;;;;;;;;;;;;;;;;;;;;;;;;;;;;;;;;;;;;;;;;;;;;X;;;;
A25434021;A25434021;VALVE, DUAL DISTRIBUTION;OVERHAUL;;;;X;X;X;X;X;;;;;;;;;;;;;X;;X;X;;;;;X;X;;;;;;;;;;;;;;;;;;;;;;;;;;;;;;;;;;;;;;;;;;;;;;;;;;;;;;;;;;;;;;;;;;;;X;;;;
A25434021001;A25434021-001;VALVE, DUAL DISTRIBUTION;OVERHAUL;;;;X;X;X;X;X;;;;;;;;;;;;;X;;X;X;;;;;X;X;;;;;;;;;;;;;;;;;;;;;;;;;;;;;;;;;;;;;;;;;;;;;;;;;;;;;;;;;;;;;;;;;;;;X;;;;
A254340211;A25434021-1;VALVE, DUAL DISTRIBUTION;OVERHAUL;;;;X;X;X;X;X;;;;;;;;;;;;;X;;X;X;;;;;X;X;;;;;;;;;;;;;;;;;;;;;;;;;;;;;;;;;;;;;;;;;;;;;;;;;;;;;;;;;;;;;;;;;;;;X;;;;
A254340212;A25434021-2;VALVE, DUAL DISTRIBUTION;OVERHAUL;;;;X;X;X;X;X;;;;;;;;;;;;;X;;X;X;;;;;X;X;;;;;;;;;;;;;;;;;;;;;;;;;;;;;;;;;;;;;;;;;;;;;;;;;;;;;;;;;;;;;;;;;;;;X;;;;
A25434202;A25434-202;VALVE, DUAL DISTRIBUTION;OVERHAUL;;;;X;X;X;X;X;;;;;;;;;;;;;X;X;;;;;;;;;;;;;;;;;;;;;;;;;;;;;;;;;;;;;;;;;;;;;;;;;;;;;;;;;;;;;;;;;;;;;;;;;;;;X;;;;
A25434203;A25434-203;VALVE, DUAL DISTRIBUTION;OVERHAUL;;;;X;X;X;X;X;;;;;;;;;;;;;X;X;X;X;;;;;;;;;;;;;;;;;;;;;;;;;;;;;;;;;;;;;;;;;;;;;;;;;;;;;;;;;;;;;;;;;;;;;;;;;;X;;;;
A2543421;A25434-2-1;VALVE, DUAL DISTRIBUTION;OVERHAUL;;;;X;X;X;X;X;;;;;;;;;;;;;X;;;;;;;;;;;;;;;;;;;;;;;;;;;;;;;;;;;;;;;;;;;;;;;;;;;;;;;;;;;;;;;;;;;;;;;;;;;;;X;;;;
A254342100;A25434-2-100;VALVE, DUAL DISTRIBUTION;OVERHAUL;;;;X;X;X;X;X;;;;;;;;;;;;;X;X;X;X;X;X;X;X;X;X;;;;;;;;;;;;;;;;;;;;;;;;;;;;;;;;;;;;;;;;;;;;;;;;;;;;;;;;;;;;;;;;;;;;X;;;;
A254342400;A25434-2-400;VALVE, DUAL DISTRIBUTION;OVERHAUL;;;;X;X;X;X;X;;;;;;;;;;;;;X;X;X;X;;;;;;;;;;;;;;;;;;;;;;;;;;;;;;;;;;;;;;;;;;;;;;;;;;;;;;;;;;;;;;;;;;;;;;;;;;X;;;;
A254343;A25434-3;VALVE, DUAL DISTRIBUTION;OVERHAUL;;;;X;X;X;X;X;;;;;;;;;;;;;X;;;;;;;;;;;;;;;;;;;;;;;;;;;;;;;;;;;;;;;;;;;;;;;;;;;;;;;;;;;;;;;;;;;;;;;;;;;;;X;;;;
A25434301;A25434-301;VALVE, DUAL DISTRIBUTION;OVERHAUL;;;;X;X;X;X;X;;;;;;;;;;;;;X;;;;;;;;;;;;;;;;;;;;;;;;;;;;;;;;;;;;;;;;;;;;;;;;;;;;;;;;;;;;;;;;;;;;;;;;;;;;;X;;;;
A25434302;A25434-302;VALVE, DUAL DISTRIBUTION;OVERHAUL;;;;X;X;X;X;X;;;;;;;;;;;;;X;;;;;;;;;;;;;;;;;;;;;;;;;;;;;;;;;;;;;;;;;;;;;;;;;;;;;;;;;;;;;;;;;;;;;;;;;;;;;X;;;;
A254344;A25434-4;VALVE DUAL DISTRIBUTION - MLG;OVERHAUL;;;;X;X;X;X;X;;;;;;;;;;;;;X;X;X;X;;;;;;;;;;;;;;;;;;;;;;;;;;;;;;;;;;;;;;;;;;;;;;;;;;;;;;;;;;;;;;;;;;;;;;;;;;X;;;;
A254344001;A25434-4-001;VALVE-DUAL DISTRIBUTION;OVERHAUL;;;;X;X;X;X;X;;;;;;;;;;;;;X;X;X;X;;;;;;;;;;;;;;;;;;;;;;;;;;;;;;;;;;;;;;;;;;;;;;;;;;;;;;;;;;;;;;;;;;;;;;;;;;X;;;;
A25434401;A25434-401;VALVE, DUAL DISTRIBUTION;OVERHAUL;;;;X;X;X;X;X;;;;;;;;;;;;;X;X;;;;;;;;;;;;;;;;;;;;;;;;;;;;;;;;;;;;;;;;;;;;;;;;;;;;;;;;;;;;;;;;;;;;;;;;;;;;X;;;;
A25434402;A25434-402;VALVE, DUAL DISTRIBUTION;OVERHAUL;;;;X;X;X;X;X;;;;;;;;;;;;;X;X;X;X;;;;;;;;;;;;;;;;;;;;;;;;;;;;;;;;;;;;;;;;;;;;;;;;;;;;;;;;;;;;;;;;;;;;;;;;;;X;;;;
A25434403;A25434-403;VALVE, DUAL DISTRIBUTION;OVERHAUL;;;;X;X;X;X;X;;;;;;;;;;;;;X;X;X;X;;;;;;;;;;;;;;;;;;;;;;;;;;;;;;;;;;;;;;;;;;;;;;;;;;;;;;;;;;;;;;;;;;;;;;;;;;X;;;;
A254344200;A25434-4-200;VALVE, DUAL DISTRIBUTION;OVERHAUL;;;;X;X;X;X;X;;;;;;;;;;;;;X;X;X;X;;;;;;;;;;;;;;;;;;;;;;;;;;;;;;;;;;;;;;;;;;;;;;;;;;;;;;;;;;;;;;;;;;;;;;;;;;X;;;;
A25441;A25441;UPLOCK, MLG DOOR;OVERHAUL;;;;X;X;X;X;X;;;;;;;;;;;;;X;;;;;;;;;;;;;;;;;;;;;;;;;;;;;;;;;;;;;;;;;;;;;;;;;;;;;;;;;;;;;;;;;;;;;;;;;;;;;X;;;;
A25441001;A25441001;UPLOCK, MLG DOOR;OVERHAUL;;;;X;X;X;X;X;;;;;;;;;;;;;X;X;X;X;;;;;;;;;;;;;;;;;;;;;;;;;;;;;;;;;;;;;;;;;;;;;;;;;;;;;;;;;;;;;;;;;;;;;;;;;;X;;;;
A254410011;A25441001-1;UPLOCK, MLG DOOR;OVERHAUL;;;;X;X;X;X;X;;;;;;;;;;;;;X;X;X;X;;;;;;;;;;;;;;;;;;;;;;;;;;;;;;;;;;;;;;;;;;;;;;;;;;;;;;;;;;;;;;;;;;;;;;;;;;X;;;;
A254410012;A25441001-2;UPLOCK ASSY-MLG DOOR;OVERHAUL;;;;X;X;X;X;X;;;;;;;;;;;;;X;X;X;X;;;;;;;;;;;;;;;;;;;;;;;;;;;;;;;;;;;;;;;;;;;;;;;;;;;;;;;;;;;;;;;;;;;;;;;;;;X;;;;
A2544101;A25441-0-1;UPLOCK, MLG DOOR;OVERHAUL;;;;X;X;X;X;X;;;;;;;;;;;;;X;X;;;;;;;;;;;;;;;;;;;;;;;;;;;;;;;;;;;;;;;;;;;;;;;;;;;;;;;;;;;;;;;;;;;;;;;;;;;;X;;;;
A2544102;A25441-0-2;UPLOCK, MLG DOOR;OVERHAUL;;;;X;X;X;X;X;;;;;;;;;;;;;X;X;;;;;;;;;;;;;;;;;;;;;;;;;;;;;;;;;;;;;;;;;;;;;;;;;;;;;;;;;;;;;;;;;;;;;;;;;;;;X;;;;
A254413;A25441-3;UPLOCK, MLG DOOR;OVERHAUL;;;;X;X;X;X;X;;;;;;;;;;;;;X;X;;;;;;;;;;;;;;;;;;;;;;;;;;;;;;;;;;;;;;;;;;;;;;;;;;;;;;;;;;;;;;;;;;;;;;;;;;;;X;;;;
A254414;A25441-4;UPLOCK, MLG DOOR;OVERHAUL;;;;X;X;X;X;X;;;;;;;;;;;;;X;X;;;;;;;;;;;;;;;;;;;;;;;;;;;;;;;;;;;;;;;;;;;;;;;;;;;;;;;;;;;;;;;;;;;;;;;;;;;;X;;;;
A254415;A25441-5;UPLOCK, MLG DOOR;OVERHAUL;;;;X;X;X;X;X;;;;;;;;;;;;;X;X;;;;;;;;;;;;;;;;;;;;;;;;;;;;;;;;;;;;;;;;;;;;;;;;;;;;;;;;;;;;;;;;;;;;;;;;;;;;X;;;;
A254500013;A25450001-3;UPLOCK;OVERHAUL;;;;X;X;X;X;X;;;;;;;;;;;;;X;;;X;;;;;;;;;;;;;;;;;;;;;;;;;;;;;;;;;;;;;;;;;;;;;;;;;;;;;;;;;;;;;;;;;;;;;;;;;;X;;;;
A254505;A25450-5;UPLOCK;OVERHAUL;;;;X;X;X;X;X;;;;;;;;;;;;;X;;;;;;;;;;;;;;;;;;;;;;;;;;;;;;;;;;;;;;;;;;;;;;;;;;;;;;;;;;;;;;;;;;;;;;;;;;;;;X;;;;
A25451001;A25451001;UPLOCK, MAIN LANDING GEAR;OVERHAUL;;;;X;X;X;X;X;;;;;;;;;;;;;X;X;;;;;;;;;;;;;;;;;;;;;;;;;;;;;;;;;;;;;;;;;;;;;;;;;;;;;;;;;;;;;;;;;;;;;;;;;;;;X;;;;
A254510011;A25451001-1;UPLOCK, MAIN LANDING GEAR;OVERHAUL;;;;X;X;X;X;X;;;;;;;;;;;;;X;X;;X;;;;;;;;;;;;;;;;;;;;;;;;;;;;;;;;;;;;;;;;;;;;;;;;;;;;;;;;;;;;;;;;;;;;;;;;;;X;;;;
A254510012;A25451001-2;UPLOCK, MAIN LANDING GEAR;OVERHAUL;;;;X;X;X;X;X;;;;;;;;;;;;;X;X;;X;;;;;;;;;;;;;;;;;;;;;;;;;;;;;;;;;;;;;;;;;;;;;;;;;;;;;;;;;;;;;;;;;;;;;;;;;;X;;;;
A254510013;A25451001-3;UPLOCK, MAIN LANDING GEAR;OVERHAUL;;;;X;X;X;X;X;;;;;;;;;;;;;X;X;;X;;;;;;;;;;;;;;;;;;;;;;;;;;;;;;;;;;;;;;;;;;;;;;;;;;;;;;;;;;;;;;;;;;;;;;;;;;X;;;;
A254510021;A25451002-1;UPLOCK, MAIN LANDING GEAR;OVERHAUL;;;;X;X;X;X;X;;;X;;;;;;;;;;X;;X;;;;;;;;;;;;;;;;;;;;;;;;;;;;;;;;;;;;;;;;;;;;;;;;;;;;;;;;;;;;;;;;;;;;;;;;;;;X;;;;
A254510022;A25451002-2;UPLOCK, MAIN LANDING GEAR;OVERHAUL;;;;X;X;X;X;X;;;X;;;;;;;;;;X;;X;;;;;;;;;;;;;;;;;;;;;;;;;;;;;;;;;;;;;;;;;;;;;;;;;;;;;;;;;;;;;;;;;;;;;;;;;;;X;;;;
A254510023;A25451002-3;UPLOCK, MAIN LANDING GEAR;OVERHAUL;;;;X;X;X;X;X;;;X;;;;;;;;;;X;;X;;;;;;;;;;;;;;;;;;;;;;;;;;;;;;;;;;;;;;;;;;;;;;;;;;;;;;;;;;;;;;;;;;;;;;;;;;;X;;;;
A2545101;A25451-0-1;UPLOCK, MAIN LANDING GEAR;OVERHAUL;;;;X;X;X;X;X;;;;;;;;;;;;;X;X;;;;;;;;;;;;;;;;;;;;;;;;;;;;;;;;;;;;;;;;;;;;;;;;;;;;;;;;;;;;;;;;;;;;;;;;;;;;X;;;;
A2545103;A25451-0-3;UPLOCK, MAIN LANDING GEAR;OVERHAUL;;;;X;X;X;X;X;;;;;;;;;;;;;X;X;;;;;;;;;;;;;;;;;;;;;;;;;;;;;;;;;;;;;;;;;;;;;;;;;;;;;;;;;;;;;;;;;;;;;;;;;;;;X;;;;
A2545104;A25451-0-4;UPLOCK, MAIN LANDING GEAR;OVERHAUL;;;;X;X;X;X;X;;;;;;;;;;;;;X;X;;;;;;;;;;;;;;;;;;;;;;;;;;;;;;;;;;;;;;;;;;;;;;;;;;;;;;;;;;;;;;;;;;;;;;;;;;;;X;;;;
A254515;A25451-5;UPLOCK, MAIN LANDING GEAR;OVERHAUL;;;;X;X;X;X;X;;;;;;;;;;;;;X;X;;;;;;;;;;;;;;;;;;;;;;;;;;;;;;;;;;;;;;;;;;;;;;;;;;;;;;;;;;;;;;;;;;;;;;;;;;;;X;;;;
A254516;A25451-6;UPLOCK, MAIN LANDING GEAR;OVERHAUL;;;;X;X;X;X;X;;;;;;;;;;;;;X;X;;;;;;;;;;;;;;;;;;;;;;;;;;;;;;;;;;;;;;;;;;;;;;;;;;;;;;;;;;;;;;;;;;;;;;;;;;;;X;;;;
A254517;A25451-7;UPLOCK, MAIN LANDING GEAR;OVERHAUL;;;;X;X;X;X;X;;;;;;;;;;;;;X;X;;;;;;;;;;;;;;;;;;;;;;;;;;;;;;;;;;;;;;;;;;;;;;;;;;;;;;;;;;;;;;;;;;;;;;;;;;;;X;;;;
A25452001;A25452001;UPLOCK, MAIN LANDING GEAR;OVERHAUL;;;;X;X;X;X;X;;;;;;;;;;;;;X;X;;;;;;;;;;;;;;;;;;;;;;;;;;;;;;;;;;;;;;;;;;;;;;;;;;;;;;;;;;;;;;;;;;;;;;;;;;;;X;;;;
A254520011;A25452001-1;UPLOCK, MAIN LANDING GEAR;OVERHAUL;;;;X;X;X;X;X;;;;;;;;;;;;;X;X;;X;;;;;;;;;;;;;;;;;;;;;;;;;;;;;;;;;;;;;;;;;;;;;;;;;;;;;;;;;;;;;;;;;;;;;;;;;;X;;;;
A254520012;A25452001-2;UPLOCK, MAIN LANDING GEAR;OVERHAUL;;;;X;X;X;X;X;;;;;;;;;;;;;X;X;;X;;;;;;;;;;;;;;;;;;;;;;;;;;;;;;;;;;;;;;;;;;;;;;;;;;;;;;;;;;;;;;;;;;;;;;;;;;X;;;;
A254520013;A25452001-3;UPLOCK, MAIN LANDING GEAR;OVERHAUL;;;;X;X;X;X;X;;;;;;;;;;;;;X;X;;X;;;;;;;;;;;;;;;;;;;;;;;;;;;;;;;;;;;;;;;;;;;;;;;;;;;;;;;;;;;;;;;;;;;;;;;;;;X;;;;
A254520021;A25452002-1;UPLOCK, MAIN LANDING GEAR;OVERHAUL;;;;X;X;X;X;X;;;X;;;;;;;;;;X;;X;;;;;;;;;;;;;;;;;;;;;;;;;;;;;;;;;;;;;;;;;;;;;;;;;;;;;;;;;;;;;;;;;;;;;;;;;;;X;;;;
A254520022;A25452002-2;UPLOCK, MAIN LANDING GEAR;OVERHAUL;;;;X;X;X;X;X;;;X;;;;;;;;;;X;;X;;;;;;;;;;;;;;;;;;;;;;;;;;;;;;;;;;;;;;;;;;;;;;;;;;;;;;;;;;;;;;;;;;;;;;;;;;;X;;;;
A254520023;A25452002-3;UPLOCK, MAIN LANDING GEAR;OVERHAUL;;;;X;X;X;X;X;;;X;;;;;;;;;;X;;X;;;;;;;;;;;;;;;;;;;;;;;;;;;;;;;;;;;;;;;;;;;;;;;;;;;;;;;;;;;;;;;;;;;;;;;;;;;X;;;;
A2545201;A25452-0-1;UPLOCK, MAIN LANDING GEAR;OVERHAUL;;;;X;X;X;X;X;;;;;;;;;;;;;X;X;;;;;;;;;;;;;;;;;;;;;;;;;;;;;;;;;;;;;;;;;;;;;;;;;;;;;;;;;;;;;;;;;;;;;;;;;;;;X;;;;
A2545203;A25452-0-3;UPLOCK, MAIN LANDING GEAR;OVERHAUL;;;;X;X;X;X;X;;;;;;;;;;;;;X;X;;;;;;;;;;;;;;;;;;;;;;;;;;;;;;;;;;;;;;;;;;;;;;;;;;;;;;;;;;;;;;;;;;;;;;;;;;;;X;;;;
A2545204;A25452-0-4;UPLOCK, MAIN LANDING GEAR;OVERHAUL;;;;X;X;X;X;X;;;;;;;;;;;;;X;X;;;;;;;;;;;;;;;;;;;;;;;;;;;;;;;;;;;;;;;;;;;;;;;;;;;;;;;;;;;;;;;;;;;;;;;;;;;;X;;;;
A254525;A25452-5;UPLOCK, MAIN LANDING GEAR;OVERHAUL;;;;X;X;X;X;X;;;;;;;;;;;;;X;X;;;;;;;;;;;;;;;;;;;;;;;;;;;;;;;;;;;;;;;;;;;;;;;;;;;;;;;;;;;;;;;;;;;;;;;;;;;;X;;;;
A254526;A25452-6;UPLOCK ASSY-MLG;OVERHAUL;;;;X;X;X;X;X;;;;;;;;;;;;;X;X;;;;;;;;;;;;;;;;;;;;;;;;;;;;;;;;;;;;;;;;;;;;;;;;;;;;;;;;;;;;;;;;;;;;;;;;;;;;X;;;;
A254527;A25452-7;UPLOCK ASSY-MLG;OVERHAUL;;;;X;X;X;X;X;;;;;;;;;;;;;X;;;;;;;;;;;;;;;;;;;;;;;;;;;;;;;;;;;;;;;;;;;;;;;;;;;;;;;;;;;;;;;;;;;;;;;;;;;;;X;;;;
A25453001;A25453001;UPLOCK, MAIN LANDING GEAR;OVERHAUL;;;;X;X;X;X;X;;;;;;;;;;;;;X;X;X;X;;;;;;;;;;;;;;;;;;;;;;;;;;;;;;;;;;;;;;;;;;;;;;;;;;;;;;;;;;;;;;;;;;;;;;;;;;X;;;;
A254530011;A25453001-1;UPLOCK, MAIN LANDING GEAR;OVERHAUL;;;;X;X;X;X;X;;;;;;;;;;;;;X;X;;;;;;;;;;;;;;;;;;;;;;;;;;;;;;;;;;;;;;;;;;;;;;;;;;;;;;;;;;;;;;;;;;;;;;;;;;;;X;;;;
A254530012;A25453001-2;UPLOCK, MAIN LANDING GEAR;OVERHAUL;;;;X;X;X;X;X;;;;;;;;;;;;;X;;;;;;;;;;;;;;;;;;;;;;;;;;;;;;;;;;;;;;;;;;;;;;;;;;;;;;;;;;;;;;;;;;;;;;;;;;;;;X;;;;
A2545303;A25453-0-3;UPLOCK, MAIN LANDING GEAR;OVERHAUL;;;;X;X;X;X;X;;;;;;;;;;;;;X;X;;;;;;;;;;;;;;;;;;;;;;;;;;;;;;;;;;;;;;;;;;;;;;;;;;;;;;;;;;;;;;;;;;;;;;;;;;;;X;;;;
A2545304;A25453-0-4;UPLOCK, MAIN LANDING GEAR;OVERHAUL;;;;X;X;X;X;X;;;;;;;;;;;;;X;X;;;;;;;;;;;;;;;;;;;;;;;;;;;;;;;;;;;;;;;;;;;;;;;;;;;;;;;;;;;;;;;;;;;;;;;;;;;;X;;;;
A254535;A25453-5;UPLOCK, MAIN LANDING GEAR;OVERHAUL;;;;X;X;X;X;X;;;;;;;;;;;;;X;X;;;;;;;;;;;;;;;;;;;;;;;;;;;;;;;;;;;;;;;;;;;;;;;;;;;;;;;;;;;;;;;;;;;;;;;;;;;;X;;;;
A254536;A25453-6;UPLOCK, MAIN LANDING GEAR;OVERHAUL;;;;X;X;X;X;X;;;;;;;;;;;;;X;X;;;;;;;;;;;;;;;;;;;;;;;;;;;;;;;;;;;;;;;;;;;;;;;;;;;;;;;;;;;;;;;;;;;;;;;;;;;;X;;;;
A254537;A25453-7;UPLOCK, MAIN LANDING GEAR;OVERHAUL;;;;X;X;X;X;X;;;;;;;;;;;;;X;X;;;;;;;;;;;;;;;;;;;;;;;;;;;;;;;;;;;;;;;;;;;;;;;;;;;;;;;;;;;;;;;;;;;;;;;;;;;;X;;;;
A25454001;A25454001;UPLOCK, MAIN LANDING GEAR;OVERHAUL;;;;X;X;X;X;X;;;;;;;;;;;;;X;X;X;X;;;;;;;;;;;;;;;;;;;;;;;;;;;;;;;;;;;;;;;;;;;;;;;;;;;;;;;;;;;;;;;;;;;;;;;;;;X;;;;
A254540011;A25454001-1;UPLOCK, MAIN LANDING GEAR;OVERHAUL;;;;X;X;X;X;X;;;;;;;;;;;;;X;X;;;;;;;;;;;;;;;;;;;;;;;;;;;;;;;;;;;;;;;;;;;;;;;;;;;;;;;;;;;;;;;;;;;;;;;;;;;;X;;;;
A254540012;A25454001-2;UPLOCK, MAIN LANDING GEAR;OVERHAUL;;;;X;X;X;X;X;;;;;;;;;;;;;X;;;;;;;;;;;;;;;;;;;;;;;;;;;;;;;;;;;;;;;;;;;;;;;;;;;;;;;;;;;;;;;;;;;;;;;;;;;;;X;;;;
A2545403;A25454-0-3;UPLOCK, MAIN LANDING GEAR;OVERHAUL;;;;X;X;X;X;X;;;;;;;;;;;;;X;X;;;;;;;;;;;;;;;;;;;;;;;;;;;;;;;;;;;;;;;;;;;;;;;;;;;;;;;;;;;;;;;;;;;;;;;;;;;;X;;;;
A2545404;A25454-0-4;UPLOCK, MAIN LANDING GEAR;OVERHAUL;;;;X;X;X;X;X;;;;;;;;;;;;;X;X;;;;;;;;;;;;;;;;;;;;;;;;;;;;;;;;;;;;;;;;;;;;;;;;;;;;;;;;;;;;;;;;;;;;;;;;;;;;X;;;;
A254545;A25454-5;UPLOCK, MAIN LANDING GEAR;OVERHAUL;;;;X;X;X;X;X;;;;;;;;;;;;;X;X;;;;;;;;;;;;;;;;;;;;;;;;;;;;;;;;;;;;;;;;;;;;;;;;;;;;;;;;;;;;;;;;;;;;;;;;;;;;X;;;;
A254546;A25454-6;UPLOCK, MAIN LANDING GEAR;OVERHAUL;;;;X;X;X;X;X;;;;;;;;;;;;;X;X;;;;;;;;;;;;;;;;;;;;;;;;;;;;;;;;;;;;;;;;;;;;;;;;;;;;;;;;;;;;;;;;;;;;;;;;;;;;X;;;;
A254547;A25454-7;UPLOCK, MAIN LANDING GEAR;OVERHAUL;;;;X;X;X;X;X;;;;;;;;;;;;;X;X;;;;;;;;;;;;;;;;;;;;;;;;;;;;;;;;;;;;;;;;;;;;;;;;;;;;;;;;;;;;;;;;;;;;;;;;;;;;X;;;;
A254602;A25460-2;AUTOMATIC SELECTOR;OVERHAUL;;;;X;X;X;X;X;;;;;;;;;;;;;X;;;;;;;;;;;;;;;;;;;;;;;;;;;;;;;;;;;;;;;;;;;;;;;;;;;;;;;;;;;;;;;;;;;;;;;;;;;;;X;;;;
A254611;A25461-1;AUTOMATIC SELECTOR;OVERHAUL;;;;X;X;X;X;X;;;;;;;;;;;;;X;X;X;X;;X;X;X;;;;;;;;;;;;;;;;;;;;;;;;;;;;;;;;;;;;;;;;;;;;;;;;;;;;;;;;;;;;;;;;;;;;;;X;;;;
A25461102;A25461-102;AUTOMATIC SELECTOR;OVERHAUL;;;;X;X;X;X;X;;;;;;;;;;;;;X;X;X;X;;X;X;X;;;;;;;;;;;;;;;;;;;;;;;;;;;;;;;;;;;;;;;;;;;;;;;;;;;;;;;;;;;;;;;;;;;;;;X;;;;
A25461103;A25461-103;AUTOMATIC SELECTOR;OVERHAUL;;;;X;X;X;X;X;;;;;;;;;;;;;X;X;X;X;;X;X;X;;;;;;;;;;;;;;;;;;;;;;;;;;;;;;;;;;;;;;;;;;;;;;;;;;;;;;;;;;;;;;;;;;;;;;X;;;;
A25461104;A25461-104;AUTOMATIC SELECTOR;OVERHAUL;;;;X;X;X;X;X;;;;;;;;;;;;;X;X;X;X;;X;X;X;;;;;;;;;;;;;;;;;;;;;;;;;;;;;;;;;;;;;;;;;;;;;;;;;;;;;;;;;;;;;;;;;;;;;;X;;;;
A2546111;A25461-1-1;AUTOMATIC SELECTOR;OVERHAUL;;;;X;X;X;X;X;;;;;;;;;;;;;X;;;;;;;;;;;;;;;;;;;;;;;;;;;;;;;;;;;;;;;;;;;;;;;;;;;;;;;;;;;;;;;;;;;;;;;;;;;;;X;;;;
A26050803;A26050-803;PAX DOOR;;REPAIR;;;X;X;;;;;;;;;;;;;;;;;;;;;;;;;;;;;;;;;;;;;;;;;;;;;;;;;;;;;;;;;;;;;;;;;;;;;;;;;;;;;;;;;;;;;;;;X;;;X;;;X;;X;
A26050805;A26050-805;PAX DOOR;;REPAIR;;;X;X;;;;;;;;;;;;;;;;;;;;;;;;;;;;;;;;;;;;;;;;;;;;;;;;;;;;;;;;;;;;;;;;;;;;;;;;;;;;;;;;;;;;;;;;X;X;;;;;X;;;
A2621217M1;A26-21217M1;BRAKE, DOUBLE;OVERHAUL;;;;X;X;X;X;X;;;X;;;X;;;;X;;;;;;;;;;;;;;;;;;;;;;;;;;;;;;;;;;;;;;;;;;;;;;;;;;;;;;;;;;;;;;;;;;;;;;;;;;;;;;;;X;;;;
A2621217M1A;A26-21217M1A;BRAKE, DOUBLE;OVERHAUL;;;;X;X;X;X;X;;;X;;;X;;;;X;;;;;;;;;;;;;;;;;;;;;;;;;;;;;;;;;;;;;;;;;;;;;;;;;;;;;;;;;;;;;;;;;;;;;;;;;;;;;;;;X;;;;
A2621217M1B;A26-21217M1B;BRAKE, DOUBLE;OVERHAUL;;;;X;X;X;X;X;X;;;;;X;;;;X;;;;;;;;;;;;;;;;;;;;;;;;;;;;;;;;;;;;;;;;;;;;;;;;;;;;;;;;;;;;;;;;;;;;;;;;;;;;;;;;X;;;;
A2621217M1B;A26-21217M1-B;BRAKE, DOUBLE;OVERHAUL;;;;X;X;X;X;X;X;;;;;X;;;;X;;;;;;;;;;;;;;;;;;;;;;;;;;;;;;;;;;;;;;;;;;;;;;;;;;;;;;;;;;;;;;;;;;;;;;;;;;;;;;;;X;;;;
A2727086500200;A2727086500200;SPRING ROD;OVERHAUL;;;;X;X;X;X;X;;;;;;;;;;;;;X;X;X;X;;;;;X;X;;;;;;;;;;;;;;;;;;;;;;;;;;;;;;;;;;;;;;;;;;;;;;;;;;;;;;;;;;;;;;;;;;;;X;;;;
A2727086500400;A2727086500400;SPRING ROD;OVERHAUL;;;;X;X;X;X;X;;;;;;;;;;;;;X;X;X;X;;;;;X;X;;;;;;;;;;;;;;;;;;;;;;;;;;;;;;;;;;;;;;;;;;;;;;;;;;;;;;;;;;;;;;;;;;;;X;;;;
A2727086500600;A2727086500600;SPRING ROD;OVERHAUL;;;;X;X;X;X;X;;;;;;;;;;;;;X;X;X;X;;;;;X;X;;;;;;;;;;;;;;;;;;;;;;;;;;;;;;;;;;;;;;;;;;;;;;;;;;;;;;;;;;;;;;;;;;;;X;;;;
A2727086500800;A2727086500800;SPRING ROD;OVERHAUL;;;;X;X;X;X;X;;;;;;;;;;;;;X;X;X;X;;;;;X;X;;;;;;;;;;;;;;;;;;;;;;;;;;;;;;;;;;;;;;;;;;;;;;;;;;;;;;;;;;;;;;;;;;;;X;;;;
A2727086501000;A2727086501000;SPRING ROD;OVERHAUL;;;;X;X;X;X;X;;;;;;;;;;;;;X;X;X;X;;;;;X;X;;;;;;;;;;;;;;;;;;;;;;;;;;;;;;;;;;;;;;;;;;;;;;;;;;;;;;;;;;;;;;;;;;;;X;;;;
A2727114900000;A2727114900000;SPRING ROD;OVERHAUL;;;;X;X;X;X;X;;;;;;;;;;;;;X;X;X;X;;;;;X;X;;;;;;;;;;;;;;;;;;;;;;;;;;;;;;;;;;;;;;;;;;;;;;;;;;;;;;;;;;;;;;;;;;;;X;;;;
A28104;A281-04;ELEMENT EQUIPE;;REPAIR;;;X;;;;;;;;;;;;;;;;;;;;;;;;;;;;;;;;;;;;;;;;;;;;;;;;;;;;;;;;;;;;;;;;;;;;;;;;;;;;;;;;;;;;X;;;;;;;;;;;X;;;
A28104F;A281-04F;ELEMENT EQUIPE;;REPAIR;;;X;;;;;;;;;;;;;;;;;;;;;;;;;;;;;;;;;;;;;;;;;;;;;;;;;;;;;;;;;;;;;;;;;;;;;;;;;;;;;;;;;;;;X;;;;;;;;;;;X;;;
A28104G;A281-04G;ELEMENT EQUIPE;;REPAIR;;;X;;;;;;;;;;;;;;;;;;;;;;;;;;;;;;;;;;;;;;;;;;;;;;;;;;;;;;;;;;;;;;;;;;;;;;;;;;;;;;;;;;;;X;;;;;;;;;;;X;;;
A31212173;A31-21217-3;BRAKE, DOUBLE;OVERHAUL;;;;X;X;X;X;X;;;X;;;X;;;;X;;;;;;;;;;;;;;;;;;;;;;;;;;;;;;;;;;;;;;;;;;;;;;;;;;;;;;;;;;;;;;;;;;;;;;;;;;;;;;;;X;;;;
A31212173A;A31-21217-3A;BRAKE, DOUBLE;OVERHAUL;;;;X;X;X;X;X;;;X;;;X;;;;X;;;;;;;;;;;;;;;;;;;;;;;;;;;;;;;;;;;;;;;;;;;;;;;;;;;;;;;;;;;;;;;;;;;;;;;;;;;;;;;;X;;;;
A31212173B;A31-21217-3B;BRAKE, DOUBLE;OVERHAUL;;;;X;X;X;X;X;;;X;;;X;;;X;X;;;;;;;;;;;;;;;;;;;;;;;;;;;;;;;;;;;;;;;;;;;;;;;;;;;;;;;;;;;;;;;;;;;;;;;;;;;;;;;;X;;;;
A31212173B;A31-21217-3-B;BRAKE, DOUBLE;OVERHAUL;;;;X;X;X;X;X;X;;;;;X;;;;X;;;;;;;;;;;;;;;;;;;;;;;;;;;;;;;;;;;;;;;;;;;;;;;;;;;;;;;;;;;;;;;;;;;;;;;;;;;;;;;;X;;;;
A3121217M2;A31-21217M2;BRAKE, DOUBLE;OVERHAUL;;;;X;X;X;X;X;;;;;;X;;;;X;;;;;;;;;;;;;;;;;;;;;;;;;;;;;;;;;;;;;;;;;;;;;;;;;;;;;;;;;;;;;;;;;;;;;;;;;;;;;;;;X;;;;
A3121217M2A;A31-21217M2A;BRAKE, DOUBLE;OVERHAUL;;;;X;X;X;X;X;;;;;;X;;;;X;;;;;;;;;;;;;;;;;;;;;;;;;;;;;;;;;;;;;;;;;;;;;;;;;;;;;;;;;;;;;;;;;;;;;;;;;;;;;;;;X;;;;
A324271;A3-24271;CONTROL, HYDRAULIC;OVERHAUL;;;;X;X;X;X;X;;;;;;X;;;;;;;;;;;;;;;;;;;;;;;;;;;;;;;;;;;;;;;;;;;;;;;;;;;;;;;;;;;;;;;;;;;;;;;;;;;;;;;;;;;;X;;;;
A324271M1;A3-24271-M1;CONTROL, HYDRAULIC;OVERHAUL;;;;X;X;X;X;X;;;;;;X;;;;;;;;;;;;;;;;;;;;;;;;;;;;;;;;;;;;;;;;;;;;;;;;;;;;;;;;;;;;;;;;;;;;;;;;;;;;;;;;;;;;X;;;;
A324271M1;A3-24271M1;CONTROL, HYDRAULIC;OVERHAUL;;;;X;X;X;X;X;;;;;;X;;;;;;;;;;;;;;;;;;;;;;;;;;;;;;;;;;;;;;;;;;;;;;;;;;;;;;;;;;;;;;;;;;;;;;;;;;;;;;;;;;;;X;;;;
A324271M1A;A3-24271-M1A;CONTROL, HYDRAULIC;OVERHAUL;;;;X;X;X;X;X;;;;;;X;;;;;;;;;;;;;;;;;;;;;;;;;;;;;;;;;;;;;;;;;;;;;;;;;;;;;;;;;;;;;;;;;;;;;;;;;;;;;;;;;;;;X;;;;
A324271M1Z;A3-24271M1Z;CONTROL, HYDRAULIC;OVERHAUL;;;;X;X;X;X;X;;;;;;X;X;;;;;;;;;;;;;;;;;;;;;;;;;;;;;;;;;;;;;;;;;;;;;;;;;;;;;;;;;;;;;;;;;;;;;;;;;;;;;;;;;;;X;;;;
A324729;A3-24729;VALVE, SOLENOID;OVERHAUL;;;;X;X;X;X;X;;;X;;;X;;;;X;;;;;;;;;;;;;;;;;;;;;;;;;;;;;;;;;;;;;;;;;;;;;;;;;;;;;;;;;;;;;;;;;;;;;;;;;;;;;;;;X;;;;
A33760;A33760;PLATE, THRUST;OVERHAUL;;;;X;X;X;X;X;;;;;;;;;;;;;;;;;;;;;;;;;;;;;;;;;;;;;;;;;;;;;;;;X;;;;;;;;;;;;;;;;;;;;;;;;;;;;;;;;;;;;;;;;;;X;;;;
A3420217M2;A34-20217M2;WHEEL,;OVERHAUL;;;;X;X;X;X;X;;;X;;;X;;;;X;;;;;;;;;;;;;;;;;;;;;;;;;;;;;;;;;;;;;;;;;;;;;;;;;;;;;;;;;;;;;;;;;;;;;;;;;;;;;;;;X;;;;
A349423;A34942-3;PLATE, THRUST;OVERHAUL;;;;X;X;X;X;X;;;;;;;;;;;;;;;;;;;;;;;;;;;;;;;;;;;;;;;;;;;;;;;;X;;;;;;;;;;;;;;;;;;;;;;;;;;;;;;;;;;;;;;;;;;X;;;;
A352;A352;EXTINCTEUR;;TEST;;;X;X;;;;;;;;;;;;;;;;;;;;;;;;;;;;;;;;;;;;;;;;;;;;;;;;;;;;;;;;;;;;;;;;;;;;;;;;;;;;;;;;;;;;;;;;X;X;;;;;X;;;
A352T;A352T;EXTINGUISHER HALON;;TEST;;;X;X;;;;;;;;;;;;;;;;;;;;;;;;;;;;;;;;;;;;;;;;;;;;;;;;;;;;;;;;;;;;;;;;;;;;;;;;;;;;;;;;;;;;;;;;X;X;;;;;X;;X;
A38001438;A38001-438;SPEED BRAKE;;REPAIR;;;X;X;;;;;;;;;;;;;;;;;;;;;;;;;;;;;;;;;;;;;;;;;;;;;;;;;;;;;;;;;;;;;;;;;;;;;;;;;;;;;;;;;;;;;;;;X;;;X;;;X;;X;
A38061403;A38061-403;SPEED BK RH;;REPAIR;;;X;X;;;;;;;;;;;;;;;;;;;;;;;;;;;;;;;;;;;;;;;;;;;;;;;;;;;;;;;;;;;;;;;;;;;;;;;;;;;;;;;;;;;;;;;;X;;;X;;;X;;X;
A38061404;A38061-404;SPEED BRAKE;;REPAIR;;;X;;;;;;;;;;;;;;;;;;;;;;;;;;;;;;;;;;;;;;;;;;;;;;;;;;;;;;;;;;;;;;;;;;;;;;;;;;;;;;;;;X;;;;;;;;;;;;;;X;;;
A400264;A400264;OXYGEN BOTTLE;;OVERHAUL;;;X;;;;;;;;;;;;;;;;;;;;;;;;;;;;;;;;;;;;;;;;;;;;;;;;;;;;;;;;;;;;;;;;;;;;;;;;;;;;;;;;;X;;;;;;;;;;;;;;X;;;
A411102;A411102;02 CYLINDER - ALU;;OVERHAUL;;;X;;;;;;;;;;;;;;;;;;;;;;;;;;;;;;;;;;;;;;;;;;;;;;;;;;;;;;;;;;;;;;;;;;;;;;;;;;;;;;;;;X;;;;;;;;;;;;;;X;;;
A411455;A411455;02 CYLINDER - ALU;;OVERHAUL;;;X;;;;;;;;;;;;;;;;;;;;;;;;;;;;;;;;;;;;;;;;;;;;;;;;;;;;;;;;;;;;;;;;;;;;;;;;;;;;;;;;;X;;;;;;;;;;;;;;X;;;
A413438;A413438;02 CYLINDER - ACIER;;OVERHAUL;;;X;X;;;;;;;;;;;;;;;;;;;;;;;;;;;;;;;;;;;;;;;;;;;;;;;;;;;;;;;;;;;;;;;;;;;;;;;;;;;;;;;;;;;;;;;;X;X;;;;;X;;;
A42701403;A42701-403;PANEL ASSY SWICTH;;REPAIR;;;X;X;;X;;;;;;;;;;;;;;;;;;;;;;;;;;;;;;;;;;;;;;;;;;;;;;;;;;;;;;;;;;;;;;;;;;;;;;;;;;;;;;;;;;;;;;X;X;;;;;X;;;
A42701417;A42701-417;PANEL SWITCH LH;;REPAIR;;;X;X;;X;;;;;;;;;;;;;;;;;;;;;;;;;;;;;;;;;;;;;;;;;;;;;;;;;;;;;;;;;;;;;;;;;;;;;;;;;;;;;;;;;;;;;;X;X;;;;;X;;;
A42701421;A42701-421;PANEL;;REPAIR;;;X;X;;X;;;;;;;;;;;;;;;;;;;;;;;;;;;;;;;;;;;;;;;;;;;;;;;;;;;;;;;;;;;;;;;;;;;;;;;;;;;;;;;;;;;;;;X;X;;;;;X;;;
A42701431;A42701-431;PANEL ASSY SWICTH;;REPAIR;;;X;X;;;;;;;;;;;;;;;;;;;;;;;;;;;;;;;;;;;;;;;;;;;;;;;;;;;;;;;;;;;;;;;;;;;;;;;;;;;;;;;;;;;;;;;;X;X;;;;;X;;;
A42703403;A42703-403;PANEL ASSY ANTI ICING;;REPAIR;;;X;X;;X;;;;;;;;;;;;;;;;;;;;;;;;;;;;;;;;;;;;;;;;;;;;;;;;;;;;;;;;;;;;;;;;;;;;;;;;;;;;;;;;;;;;;;X;X;;;;;X;;;
A42703405;A42703-405;PANEL ASSY ANTI ICING;;REPAIR;;;X;X;;X;;;;;;;;;;;;;;;;;;;;;;;;;;;;;;;;;;;;;;;;;;;;;;;;;;;;;;;;;;;;;;;;;;;;;;;;;;;;;;;;;;;;;;X;X;;;;;X;;;
A42703407;A42703-407;PANEL ASSY ANTI ICING;;REPAIR;;;X;X;;;;;;;;;;;;;;;;;;;;;;;;;;;;;;;;;;;;;;;;;;;;;;;;;;;;;;;;;;;;;;;;;;;;;;;;;;;;;;;;;;;;;;;;X;X;;;;;X;;;
A42704403;A42704-403;RAM AIR PANEL ASSEMBLY;;REPAIR;;;X;X;;X;;;;;;;;;;;;;;;;;;;;;;;;;;;;;;;;;;;;;;;;;;;;;;;;;;;;;;;;;;;;;;;;;;;;;;;;;;;;;;;;;;;;;;X;X;;;;;X;;;
A42704405;A42704-405;RAM AIR PANEL ASSEMBLY;;REPAIR;;;X;X;;X;;;;;;;;;;;;;;;;;;;;;;;;;;;;;;;;;;;;;;;;;;;;;;;;;;;;;;;;;;;;;;;;;;;;;;;;;;;;;;;;;;;;;;X;X;;;;;X;;;
A42704409;A42704-409;PANEL RAM AIR;;REPAIR;;;X;X;;X;;;;;;;;;;;;;;;;;;;;;;;;;;;;;;;;;;;;;;;;;;;;;;;;;;;;;;;;;;;;;;;;;;;;;;;;;;;;;;;;;;;;;;X;X;;;;;X;;;
A42705403;A42705-403;HYDRAULIC PANEL ASSEMBLY;;REPAIR;;;X;X;;X;;;;;;;;;;;;;;;;;;;;;;;;;;;;;;;;;;;;;;;;;;;;;;;;;;;;;;;;;;;;;;;;;;;;;;;;;;;;;;;;;;;;;;X;X;;;;;X;;;
A42705405;A42705-405;HYDRAULIC PANEL ASSEMBLY;;REPAIR;;;X;X;;X;;;;;;;;;;;;;;;;;;;;;;;;;;;;;;;;;;;;;;;;;;;;;;;;;;;;;;;;;;;;;;;;;;;;;;;;;;;;;;;;;;;;;;X;X;;;;;X;;;
A42705407;A42705-407;PANEL;;REPAIR;;;X;X;;X;;;;;;;;;;;;;;;;;;;;;;;;;;;;;;;;;;;;;;;;;;;;;;;;;;;;;;;;;;;;;;;;;;;;;;;;;;;;;;;;;;;;;;X;X;;;;;X;;;
A42705409;A42705-409;HYDRAULIC CONTROL PANEL;;REPAIR;;;X;X;;X;;;;;;;;;;;;;;;;;;;;;;;;;;;;;;;;;;;;;;;;;;;;;;;;;;;;;;;;;;;;;;;;;;;;;;;;;;;;;;;;;;;;;;X;X;;;;;X;;;
A42705411;A42705-411;HYDRAULIC CONTROL PANEL;;REPAIR;;;X;X;;;;;;;;;;;;;;;;;;;;;;;;;;;;;;;;;;;;;;;;;;;;;;;;;;;;;;;;;;;;;;;;;;;;;;;;;;;;;;;;;;;;;;;;X;X;;;;;X;;;
A42706403;A42706-403;ELECTRICAL POWER PANEL;;REPAIR;;;X;X;;X;;;;;;;;;;;;;;;;;;;;;;;;;;;;;;;;;;;;;;;;;;;;;;;;;;;;;;;;;;;;;;;;;;;;;;;;;;;;;;;;;;;;;;X;X;;;;;X;;;
A42706405;A42706-405;ELECTRIC PANEL ASSEMBLY;;BENCH TEST;;;X;X;;X;;;;;;;;;;;;;;;;;;;;;;;;;;;;;;;;;;;;;;;;;;;;;;;;;;;;;;;;;;;;;;;;;;;;;;;;;;;;;;;;;;;;;;X;X;;;;;X;;;
A42706411;A42706-411;PANEL;;REPAIR;;;X;X;;X;;;;;;;;;;;;;;;;;;;;;;;;;;;;;;;;;;;;;;;;;;;;;;;;;;;;;;;;;;;;;;;;;;;;;;;;;;;;;;;;;;;;;;X;X;;;;;X;;;
A42706413;A42706-413;ELECTRIC POWER CONTROL PANEL;;REPAIR;;;X;X;;X;;;;;;;;;;;;;;;;;;;;;;;;;;;;;;;;;;;;;;;;;;;;;;;;;;;;;;;;;;;;;;;;;;;;;;;;;;;;;;;;;;;;;;X;X;;;;;X;;;
A42706415;A42706-415;ELECTRICAL POWER CONTROL PANEL;;REPAIR;;;X;X;;X;;;;;;;;;;;;;;;;;;;;;;;;;;;;;;;;;;;;;;;;;;;;;;;;;;;;;;;;;;;;;;;;;;;;;;;;;;;;;;;;;;;;;;X;X;;;;;X;;;
A42706417;A42706-417;ELECTRIC POWER CONTROL PANEL;;REPAIR;;;X;X;;X;;;;;;;;;;;;;;;;;;;;;;;;;;;;;;;;;;;;;;;;;;;;;;;;;;;;;;;;;;;;;;;;;;;;;;;;;;;;;;;;;;;;;;X;X;;;;;X;;;
A42706419;A42706-419;ELECTRICAL POWER CONTROL PANEL;;REPAIR;;;X;X;;X;;;;;;;;;;;;;;;;;;;;;;;;;;;;;;;;;;;;;;;;;;;;;;;;;;;;;;;;;;;;;;;;;;;;;;;;;;;;;;;;;;;;;;X;X;;;;;X;;;
A42706421;A42706-421;ELECTRICAL POWER CONTROL PANEL;;REPAIR;;;X;X;;X;;;;;;;;;;;;;;;;;;;;;;;;;;;;;;;;;;;;;;;;;;;;;;;;;;;;;;;;;;;;;;;;;;;;;;;;;;;;;;;;;;;;;;X;X;;;;;X;;;
A42706423;A42706-423;ELECTRICAL POWER CONTROL PANEL;;REPAIR;;;X;X;;X;;;;;;;;;;;;;;;;;;;;;;;;;;;;;;;;;;;;;;;;;;;;;;;;;;;;;;;;;;;;;;;;;;;;;;;;;;;;;;;;;;;;;;X;X;;;;;X;;;
A42706425;A42706-425;ELECTRICAL POWER CONTROL PANEL;;REPAIR;;;X;X;;X;;;;;;;;;;;;;;;;;;;;;;;;;;;;;;;;;;;;;;;;;;;;;;;;;;;;;;;;;;;;;;;;;;;;;;;;;;;;;;;;;;;;;;X;X;;;;;X;;;
A42706427;A42706-427;ELECTRICAL POWER CONTROL PANEL;;REPAIR;;;X;X;;X;;;;;;;;;;;;;;;;;;;;;;;;;;;;;;;;;;;;;;;;;;;;;;;;;;;;;;;;;;;;;;;;;;;;;;;;;;;;;;;;;;;;;;X;X;;;;;X;;;
A42706429;A42706-429;ELECTRIC POWER CONTROL PANEL;;REPAIR;;;X;X;;X;;;;;;;;;;;;;;;;;;;;;;;;;;;;;;;;;;;;;;;;;;;;;;;;;;;;;;;;;;;;;;;;;;;;;;;;;;;;;;;;;;;;;;X;X;;;;;X;;;
A42706437;A42706-437;PANEL;;REPAIR;;;X;X;;X;;;;;;;;;;;;;;;;;;;;;;;;;;;;;;;;;;;;;;;;;;;;;;;;;;;;;;;;;;;;;;;;;;;;;;;;;;;;;;;;;;;;;;X;X;;;;;X;;;
A42707403;A42707-403;FUEL PANEL;;REPAIR;;;X;X;;;;;;;;;;;;;;;;;;;;;;;;;;;;;;;;;;;;;;;;;;;;;;;;;;;;;;;;;;;;;;;;;;;;;;;;;;;;;;;;;;;;;;;;X;X;;;;;X;;;
A42707405;A42707-405;PANEL;;REPAIR;;;X;X;;X;;;;;;;;;;;;;;;;;;;;;;;;;;;;;;;;;;;;;;;;;;;;;;;;;;;;;;;;;;;;;;;;;;;;;;;;;;;;;;;;;;;;;;X;X;;;;;X;;;
A42707409;A42707-409;FUEL PANEL ASSEMBLY;;REPAIR;;;X;X;;X;;;;;;;;;;;;;;;;;;;;;;;;;;;;;;;;;;;;;;;;;;;;;;;;;;;;;;;;;;;;;;;;;;;;;;;;;;;;;;;;;;;;;;X;X;;;;;X;;;
A42707411;A42707-411;FUEL PANEL ASSEMBLY;;REPAIR;;;X;X;;X;;;;;;;;;;;;;;;;;;;;;;;;;;;;;;;;;;;;;;;;;;;;;;;;;;;;;;;;;;;;;;;;;;;;;;;;;;;;;;;;;;;;;;X;X;;;;;X;;;
A42707413;A42707-413;FUEL PANEL ASSEMBLY;;REPAIR;;;X;X;;X;;;;;;;;;;;;;;;;;;;;;;;;;;;;;;;;;;;;;;;;;;;;;;;;;;;;;;;;;;;;;;;;;;;;;;;;;;;;;;;;;;;;;;X;X;;;;;X;;;
A42707417;A42707-417;FUEL CONTROL PANEL;;REPAIR;;;X;X;;X;;;;;;;;;;;;;;;;;;;;;;;;;;;;;;;;;;;;;;;;;;;;;;;;;;;;;;;;;;;;;;;;;;;;;;;;;;;;;;;;;;;;;;X;X;;;;;X;;;
A42707423;A42707-423;PANEL;;REPAIR;;;X;X;;X;;;;;;;;;;;;;;;;;;;;;;;;;;;;;;;;;;;;;;;;;;;;;;;;;;;;;;;;;;;;;;;;;;;;;;;;;;;;;;;;;;;;;;X;X;;;;;X;;;
A42707425;A42707-425;PANEL;;REPAIR;;;X;X;;X;;;;;;;;;;;;;;;;;;;;;;;;;;;;;;;;;;;;;;;;;;;;;;;;;;;;;;;;;;;;;;;;;;;;;;;;;;;;;;;;;;;;;;X;X;;;;;X;;;
A42707435;A42707-435;PANEL ASSY FUEL;;REPAIR;;;X;X;;X;;;;;;;;;;;;;;;;;;;;;;;;;;;;;;;;;;;;;;;;;;;;;;;;;;;;;;;;;;;;;;;;;;;;;;;;;;;;;;;;;;;;;;X;X;;;;;X;;;
A42707439;A42707-439;FUEL PANEL;;REPAIR;;;X;X;;;;;;;;;;;;;;;;;;;;;;;;;;;;;;;;;;;;;;;;;;;;;;;;;;;;;;;;;;;;;;;;;;;;;;;;;;;;;;;;;;;;;;;;X;X;;;;;X;;;
A42708403;A42708-403;ENGINE START CONTROL PANEL;;REPAIR;;;X;X;;X;;;;;;;;;;;;;;;;;;;;;;;;;;;;;;;;;;;;;;;;;;;;;;;;;;;;;;;;;;;;;;;;;;;;;;;;;;;;;;;;;;;;;;X;X;;;;;X;;;
A42708405;A42708-405;ENGINE START CONTROL PANEL;;REPAIR;;;X;X;;X;;;;;;;;;;;;;;;;;;;;;;;;;;;;;;;;;;;;;;;;;;;;;;;;;;;;;;;;;;;;;;;;;;;;;;;;;;;;;;;;;;;;;;X;X;;;;;X;;;
A42708407;A42708-407;ENGINE START CONTROL PANEL;;REPAIR;;;X;X;;X;;;;;;;;;;;;;;;;;;;;;;;;;;;;;;;;;;;;;;;;;;;;;;;;;;;;;;;;;;;;;;;;;;;;;;;;;;;;;;;;;;;;;;X;X;;;;;X;;;
A42708409;A42708-409;ENGINE START CONTROL PANEL;;REPAIR;;;X;X;;X;;;;;;;;;;;;;;;;;;;;;;;;;;;;;;;;;;;;;;;;;;;;;;;;;;;;;;;;;;;;;;;;;;;;;;;;;;;;;;;;;;;;;;X;X;;;;;X;;;
A42708411;A42708-411;ENGINE START CONTROL PANEL;;REPAIR;;;X;X;;X;;;;;;;;;;;;;;;;;;;;;;;;;;;;;;;;;;;;;;;;;;;;;;;;;;;;;;;;;;;;;;;;;;;;;;;;;;;;;;;;;;;;;;X;X;;;;;X;;;
A42708413;A42708-413;ENGINE START CONTROL PANEL;;REPAIR;;;X;X;;X;;;;;;;;;;;;;;;;;;;;;;;;;;;;;;;;;;;;;;;;;;;;;;;;;;;;;;;;;;;;;;;;;;;;;;;;;;;;;;;;;;;;;;X;X;;;;;X;;;
A42708415;A42708-415;ENGINE START CONTROL PANEL;;BENCH TEST;;;X;X;;X;;;;;;;;;;;;;;;;;;;;;;;;;;;;;;;;;;;;;;;;;;;;;;;;;;;;;;;;;;;;;;;;;;;;;;;;;;;;;;;;;;;;;;X;X;;;;;X;;;
A42708417;A42708-417;ENGINE START CONTROL PANEL;;REPAIR;;;X;X;;X;;;;;;;;;;;;;;;;;;;;;;;;;;;;;;;;;;;;;;;;;;;;;;;;;;;;;;;;;;;;;;;;;;;;;;;;;;;;;;;;;;;;;;X;X;;;;;X;;;
A42708419;A42708-419;ENGINE START CONTROL PANEL;;REPAIR;;;X;X;;X;;;;;;;;;;;;;;;;;;;;;;;;;;;;;;;;;;;;;;;;;;;;;;;;;;;;;;;;;;;;;;;;;;;;;;;;;;;;;;;;;;;;;;X;X;;;;;X;;;
A42708421;A42708-421;ENGINE START CONTROL PANEL;;REPAIR;;;X;X;;X;;;;;;;;;;;;;;;;;;;;;;;;;;;;;;;;;;;;;;;;;;;;;;;;;;;;;;;;;;;;;;;;;;;;;;;;;;;;;;;;;;;;;;X;X;;;;;X;;;
A42708423;A42708-423;ENGINE START CONTROL PANEL;;REPAIR;;;X;X;;X;;;;;;;;;;;;;;;;;;;;;;;;;;;;;;;;;;;;;;;;;;;;;;;;;;;;;;;;;;;;;;;;;;;;;;;;;;;;;;;;;;;;;;X;X;;;;;X;;;
A42709405;A42709-405;PANEL PROBE WIND. HEAT;;REPAIR;;;X;X;;X;;;;;;;;;;;;;;;;;;;;;;;;;;;;;;;;;;;;;;;;;;;;;;;;;;;;;;;;;;;;;;;;;;;;;;;;;;;;;;;;;;;;;;X;X;;;;;X;;;
A42709409;A42709-409;PANEL;;REPAIR;;;X;X;;X;;;;;;;;;;;;;;;;;;;;;;;;;;;;;;;;;;;;;;;;;;;;;;;;;;;;;;;;;;;;;;;;;;;;;;;;;;;;;;;;;;;;;;X;X;;;;;X;;;
A42710405;A42710-405;FLT AUGM CTL PANEL;;REPAIR;;;X;X;;X;;;;;;;;;;;;;;;;;;;;;;;;;;;;;;;;;;;;;;;;;;;;;;;;;;;;;;;;;;;;;;;;;;;;;;;;;;;;;;;;;;;;;;X;X;;;;;X;;;
A42710407;A42710-407;FLT AUGM CTL PANEL;;REPAIR;;;X;X;;X;;;;;;;;;;;;;;;;;;;;;;;;;;;;;;;;;;;;;;;;;;;;;;;;;;;;;;;;;;;;;;;;;;;;;;;;;;;;;;;;;;;;;;X;X;;;;;X;;;
A42710409;A42710-409;FLT AUGM CTL PANEL;;REPAIR;;;X;X;;X;;;;;;;;;;;;;;;;;;;;;;;;;;;;;;;;;;;;;;;;;;;;;;;;;;;;;;;;;;;;;;;;;;;;;;;;;;;;;;;;;;;;;;X;X;;;;;X;;;
A42711403;A42711-403;ENGINE FIRE PANEL ASSEMBLY;;REPAIR;;;X;X;;X;;;;;;;;;;;;;;;;;;;;;;;;;;;;;;;;;;;;;;;;;;;;;;;;;;;;;;;;;;;;;;;;;;;;;;;;;;;;;;;;;;;;;;X;X;;;;;X;;;
A42711405;A42711-405;ENGINE FIRE PANEL ASSEMBLY;;REPAIR;;;X;X;;X;;;;;;;;;;;;;;;;;;;;;;;;;;;;;;;;;;;;;;;;;;;;;;;;;;;;;;;;;;;;;;;;;;;;;;;;;;;;;;;;;;;;;;X;X;;;;;X;;;
A42711409;A42711-409;ENGINE FIRE CONTROL PANEL;;REPAIR;;;X;X;;X;;;;;;;;;;;;;;;;;;;;;;;;;;;;;;;;;;;;;;;;;;;;;;;;;;;;;;;;;;;;;;;;;;;;;;;;;;;;;;;;;;;;;;X;X;;;;;X;;;
A42712403;A42712-403;ENGINE FIRE PANEL ASSEMBLY;;REPAIR;;;X;X;;X;;;;;;;;;;;;;;;;;;;;;;;;;;;;;;;;;;;;;;;;;;;;;;;;;;;;;;;;;;;;;;;;;;;;;;;;;;;;;;;;;;;;;;X;X;;;;;X;;;
A42712405;A42712-405;ENGINE FIRE PANEL ASSEMBLY;;REPAIR;;;X;X;;X;;;;;;;;;;;;;;;;;;;;;;;;;;;;;;;;;;;;;;;;;;;;;;;;;;;;;;;;;;;;;;;;;;;;;;;;;;;;;;;;;;;;;;X;X;;;;;X;;;
A42712407;A42712-407;PANEL ASSY ENGINE FIRE;;REPAIR;;;X;X;;X;;;;;;;;;;;;;;;;;;;;;;;;;;;;;;;;;;;;;;;;;;;;;;;;;;;;;;;;;;;;;;;;;;;;;;;;;;;;;;;;;;;;;;X;X;;;;;X;;;
A42712409;A42712-409;ENGINE FIRE CONTROL PANEL;;REPAIR;;;X;X;;X;;;;;;;;;;;;;;;;;;;;;;;;;;;;;;;;;;;;;;;;;;;;;;;;;;;;;;;;;;;;;;;;;;;;;;;;;;;;;;;;;;;;;;X;X;;;;;X;;;
A42713405;A42713-405;PANEL;;REPAIR;;;X;X;;X;;;;;;;;;;;;;;;;;;;;;;;;;;;;;;;;;;;;;;;;;;;;;;;;;;;;;;;;;;;;;;;;;;;;;;;;;;;;;;;;;;;;;;X;X;;;;;X;;;
A42713407;A42713-407;AIR CONDITIONNING PANEL;;REPAIR;;;X;X;;X;;;;;;;;;;;;;;;;;;;;;;;;;;;;;;;;;;;;;;;;;;;;;;;;;;;;;;;;;;;;;;;;;;;;;;;;;;;;;;;;;;;;;;X;X;;;;;X;;;
A42713411;A42713-411;PANEL;;REPAIR;;;X;X;;X;;;;;;;;;;;;;;;;;;;;;;;;;;;;;;;;;;;;;;;;;;;;;;;;;;;;;;;;;;;;;;;;;;;;;;;;;;;;;;;;;;;;;;X;X;;;;;X;;;
A42713415;A42713-415;AIR COND. CONTROL PANEL;;REPAIR;;;X;X;;X;;;;;;;;;;;;;;;;;;;;;;;;;;;;;;;;;;;;;;;;;;;;;;;;;;;;;;;;;;;;;;;;;;;;;;;;;;;;;;;;;;;;;;X;X;;;;;X;;;
A42713417;A42713-417;AIR COND. CONTROL PANEL;;REPAIR;;;X;X;;X;;;;;;;;;;;;;;;;;;;;;;;;;;;;;;;;;;;;;;;;;;;;;;;;;;;;;;;;;;;;;;;;;;;;;;;;;;;;;;;;;;;;;;X;X;;;;;X;;;
A42713423;A42713-423;PANEL AIR CONDITIONING;;REPAIR;;;X;X;;X;;;;;;;;;;;;;;;;;;;;;;;;;;;;;;;;;;;;;;;;;;;;;;;;;;;;;;;;;;;;;;;;;;;;;;;;;;;;;;;;;;;;;;X;X;;;;;X;;;
A42713425;A42713-425;PANEL AIR CONDITIONING;;REPAIR;;;X;X;;X;;;;;;;;;;;;;;;;;;;;;;;;;;;;;;;;;;;;;;;;;;;;;;;;;;;;;;;;;;;;;;;;;;;;;;;;;;;;;;;;;;;;;;X;X;;;;;X;;;
A42713427;A42713-427;AIR COND. CONTROL PANEL;;REPAIR;;;X;X;;X;;;;;;;;;;;;;;;;;;;;;;;;;;;;;;;;;;;;;;;;;;;;;;;;;;;;;;;;;;;;;;;;;;;;;;;;;;;;;;;;;;;;;;X;X;;;;;X;;;
A42713429;A42713-429;PANEL;;REPAIR;;;X;X;;X;;;;;;;;;;;;;;;;;;;;;;;;;;;;;;;;;;;;;;;;;;;;;;;;;;;;;;;;;;;;;;;;;;;;;;;;;;;;;;;;;;;;;;X;X;;;;;X;;;
A42714403;A42714-403;PANEL AVIONIC SWITCH;;REPAIR;;;X;X;;X;;;;;;;;;;;;;;;;;;;;;;;;;;;;;;;;;;;;;;;;;;;;;;;;;;;;;;;;;;;;;;;;;;;;;;;;;;;;;;;;;;;;;;X;X;;;;;X;;;
A42714411;A42714-411;PANEL AVIONIC SWITCH;;REPAIR;;;X;X;;X;;;;;;;;;;;;;;;;;;;;;;;;;;;;;;;;;;;;;;;;;;;;;;;;;;;;;;;;;;;;;;;;;;;;;;;;;;;;;;;;;;;;;;X;X;;;;;X;;;
A42714427;A42714-427;PANEL;;BENCH TEST;;;X;X;;X;;;;;;;;;;;;;;;;;;;;;;;;;;;;;;;;;;;;;;;;;;;;;;;;;;;;;;;;;;;;;;;;;;;;;;;;;;;;;;;;;;;;;;X;X;;;;;X;;;
A42714429;A42714-429;PANEL;;BENCH TEST;;;X;X;;;;;;;;;;;;;;;;;;;;;;;;;;;;;;;;;;;;;;;;;;;;;;;;;;;;;;;;;;;;;;;;;;;;;;;;;;;;;;;;;;;;;;;;X;X;;;;;X;;;
A42719403;A42719-403;PANEL;;REPAIR;;;X;X;;X;;;;;;;;;;;;;;;;;;;;;;;;;;;;;;;;;;;;;;;;;;;;;;;;;;;;;;;;;;;;;;;;;;;;;;;;;;;;;;;;;;;;;;X;X;;;;;X;;;
A42719411;A42719-411;FLIGHT COMPARTMENT TEST PANEL;;REPAIR;;;X;X;;X;;;;;;;;;;;;;;;;;;;;;;;;;;;;;;;;;;;;;;;;;;;;;;;;;;;;;;;;;;;;;;;;;;;;;;;;;;;;;;;;;;;;;;X;X;;;;;X;;;
A42719413;A42719-413;FLIGHT COMPARTMENT TEST PANEL;;REPAIR;;;X;X;;;;;;;;;;;;;;;;;;;;;;;;;;;;;;;;;;;;;;;;;;;;;;;;;;;;;;;;;;;;;;;;;;;;;;;;;;;;;;;;;;;;;;;;X;X;;;;;X;;;
A42719423;A42719-423;PANEL ASSY TEST;;REPAIR;;;X;X;;;;;;;;;;;;;;;;;;;;;;;;;;;;;;;;;;;;;;;;;;;;;;;;;;;;;;;;;;;;;;;;;;;;;;;;;;;;;;;;;;;;;;;;X;X;;;;;X;;;
A42719425;A42719-425;PANEL;;REPAIR;;;X;X;;;;;;;;;;;;;;;;;;;;;;;;;;;;;;;;;;;;;;;;;;;;;;;;;;;;;;;;;;;;;;;;;;;;;;;;;;;;;;;;;;;;;;;;X;X;;;;;X;;;
A42720403;A42720-403;JACK BOX RIGHT;;REPAIR;;;X;X;;X;;;;;;;;;;;;;;;;;;;;;;;;;;;;;;;;;;;;;;;;;;;;;;;;;;;;;;;;;;;;;;;;;;;;;;;;;;;;;;;;;;;;;;X;X;;;;;X;;;
A42720405;A42720-405;JACK BOX RIGHT;;REPAIR;;;X;X;;X;;;;;;;;;;;;;;;;;;;;;;;;;;;;;;;;;;;;;;;;;;;;;;;;;;;;;;;;;;;;;;;;;;;;;;;;;;;;;;;;;;;;;;X;X;;;;;X;;;
A42720406;A42720-406;JACK BOX RIGHT;;REPAIR;;;X;X;;X;;;;;;;;;;;;;;;;;;;;;;;;;;;;;;;;;;;;;;;;;;;;;;;;;;;;;;;;;;;;;;;;;;;;;;;;;;;;;;;;;;;;;;X;X;;;;;X;;;
A42720407;A42720-407;JACK BOX RIGHT;;REPAIR;;;X;X;;X;;;;;;;;;;;;;;;;;;;;;;;;;;;;;;;;;;;;;;;;;;;;;;;;;;;;;;;;;;;;;;;;;;;;;;;;;;;;;;;;;;;;;;X;X;;;;;X;;;
A42726405;A42726-405;PANEL ASSY SWITCH;;REPAIR;;;X;X;;X;;;;;;;;;;;;;;;;;;;;;;;;;;;;;;;;;;;;;;;;;;;;;;;;;;;;;;;;;;;;;;;;;;;;;;;;;;;;;;;;;;;;;;X;X;;;;;X;;;
A42726409;A42726-409;PANEL SWITCH FWD;;REPAIR;;;X;X;;X;;;;;;;;;;;;;;;;;;;;;;;;;;;;;;;;;;;;;;;;;;;;;;;;;;;;;;;;;;;;;;;;;;;;;;;;;;;;;;;;;;;;;;X;X;;;;;X;;;
A42726415;A42726-415;PANEL;;REPAIR;;;X;X;;X;;;;;;;;;;;;;;;;;;;;;;;;;;;;;;;;;;;;;;;;;;;;;;;;;;;;;;;;;;;;;;;;;;;;;;;;;;;;;;;;;;;;;;X;X;;;;;X;;;
A42729401;A42729-401;SELECTOR POINTER;;REPAIR;;;X;X;;X;;;;;;;;;;;;;;;;;;;;;;;;;;;;;;;;;;;;;;;;;;;;;;;;;;;;;;;;;;;;;;;;;;;;;;;;;;;;;;;;;;;;;;X;X;;;;;X;;;
A42729405;A42729-405;SELECTOR POINTER;;REPAIR;;;X;X;;;;;;;;;;;;;;;;;;;;;;;;;;;;;;;;;;;;;;;;;;;;;;;;;;;;;;;;;;;;;;;;;;;;;;;;;;;;;;;;;;;;;;;;X;X;;;;;X;;;