A431287;A431287;O2 CYLINDER;;OVERHAUL;;;X;X;;;;;;;;;;;;;;;;;;;;;;;;;;;;;;;;;;;;;;;;;;;;;;;;;;;;;;;;;;;;;;;;;;;;;;;;;;;;;;;;X;;;;;;;;;;;;;;X;;;
A439631;A439631;02 CYLINDER - ACIER;;OVERHAUL;;;X;;;;;;;;;;;;;;;;;;;;;;;;;;;;;;;;;;;;;;;;;;;;;;;;;;;;;;;;;;;;;;;;;;;;;;;;;;;;;;;;;X;;;;;;;;;;;;;;X;;;
A439632;A439632;02 CYLINDER - ACIER;;OVERHAUL;;;X;;;;;;;;;;;;;;;;;;;;;;;;;;;;;;;;;;;;;;;;;;;;;;;;;;;;;;;;;;;;;;;;;;;;;;;;;;;;;;;;;X;;;;;;;;;;;;;;X;;;
A446824;A446824;02 CYLINDER - ALU;;OVERHAUL;;;X;;;;;;;;;;;;;;;;;;;;;;;;;;;;;;;;;;;;;;;;;;;;;;;;;;;;;;;;;;;;;;;;;;;;;;;;;;;;;;;;;X;;;;;;;;;;;;;;X;;;
A447554;A447554;02 CYLINDER - ALU;;OVERHAUL;;;X;;;;;;;;;;;;;;;;;;;;;;;;;;;;;;;;;;;;;;;;;;;;;;;;;;;;;;;;;;;;;;;;;;;;;;;;;;;;;;;;;X;;;;;;;;;;;;;;X;;;
A448015;A448015;02 CYLINDER;;OVERHAUL;;;X;X;;;;;;;;;;;;;;;;;;;;;;;;;;;;;;;;;;;;;;;;;;;;;;;;;;;;;;;;;;;;;;;;;;;;;;;;;;;;;;;;;;;;;;;;X;X;;;;;X;;;
A487489;A487489;02 CYLINDER ;;OVERHAUL;;;X;X;;;;;;;;;;;;;;;;;;;;;;;;;;;;;;;;;;;;;;;;;;;;;;;;;;;;;;;;;;;;;;;;;;;;;;;;;;;;;;;;X;;;;;;;;;;;;;;X;;;
A495766;A495766;O2 CYLINDER;;OVERHAUL;;;X;;;;;;;;;;;;;;;;;;;;;;;;;;;;;;;;;;;;;;;;;;;;;;;;;;;;;;;;;;;;;;;;;;;;;;;;;;;;;;;;;X;;;;;;;;;;;;;;X;;;
A495794;A495794;02 CYLINDER;;OVERHAUL;;;X;X;;;;;;;;;;;;;;;;;;;;;;;;;;;;;;;;;;;;;;;;;;;;;;;;;;;;;;;;;;;;;;;;;;;;;;;;;;;;;;;;X;;;;;;;;;;;;;;X;;;
A495796;A495796;O2 CYLINDER;;OVERHAUL;;;X;;;;;;;;;;;;;;;;;;;;;;;;;;;;;;;;;;;;;;;;;;;;;;;;;;;;;;;;;;;;;;;;;;;;;;;;;;;;;;;;;X;;;;;;;;;;;;;;X;;;
A495797;A495797;O2 CYLINDER;;OVERHAUL;;;X;;;;;;;;;;;;;;;;;;;;;;;;;;;;;;;;;;;;;;;;;;;;;;;;;;;;;;;;;;;;;;;;;;;;;;;;;;;;;;;;;X;;;;;;;;;;;;;;X;;;
A495799;A495799;OXYGEN BOTTLE;;REPAIR;;;X;;;;;;;;;;;;;;;;;;;;;;;;;;;;;;;;;;;;;;;;;;;;;;;;;;;;;;;;;;;;;;;;;;;;;;;;;;;;;;;;;X;;;;;;;;;;;;;;X;;;
A495800;A495800;OXYGEN BOTTLE;;REPAIR;;;X;;;;;;;;;;;;;;;;;;;;;;;;;;;;;;;;;;;;;;;;;;;;;;;;;;;;;;;;;;;;;;;;;;;;;;;;;;;;;;;;;X;;;;;;;;;;;;;;X;;;
A495804;A495804;02 CYLINDER ;;OVERHAUL;;;X;;;;;;;;;;;;;;;;;;;;;;;;;;;;;;;;;;;;;;;;;;;;;;;;;;;;;;;;;;;;;;;;;;;;;;;;;;;;;;;;;X;;;;;;;;;;;;;;X;;;
A495805;A495805;02 CYLINDER ;;OVERHAUL;;;X;;;;;;;;;;;;;;;;;;;;;;;;;;;;;;;;;;;;;;;;;;;;;;;;;;;;;;;;;;;;;;;;;;;;;;;;;;;;;;;;;X;;;X;;;;;;;;;;;X;;;
A50070Z6;A-50070-Z6;HYDRAULIC RELIEF VALVE;OVERHAUL;;;;X;;;;;;;;;X;;;;;;;;;;;;;;;;;;X;;;;;;;;;;;X;;;;;;;;;;;;;;;;;;;;;;;;;;;;;;;;;;;;;;;;;;;;;;;;;;;;;;;;X;;;;
A50080Y6;A-50080-Y6;HYDRAULIC RELIEF VALVE;OVERHAUL;;;;X;;;;;;;;;X;;;;;;;;;;;;;;;;;;X;;;;;;;;;;;X;;;;;;;;;;;;;;;;;;;;;;;;;;;;;;;;;;;;;;;;;;;;;;;;;;;;;;;;X;;;;
A50080Y61;A-50080-Y61;HYDRAULIC RELIEF VALVE;OVERHAUL;;;;X;;;;;;;;;X;;;;;;;;;;;;;;;;;;X;;;;;;;;;;;X;;;;;;;;;;;;;;;;;;;;;;;;;;;;;;;;;;;;;;;;;;;;;;;;;;;;;;;;X;;;;
A50081AB;A-50081-AB;HYDRAULIC RELIEF VALVE;OVERHAUL;;;;X;;;;;;;;;X;;;;;;;;;;;;;;;;;;X;;;;;;;;;;;X;;;;;;;;;;;;;;;;;;;;;;;;;;;;;;;;;;;;;;;;;;;;;;;;;;;;;;;;X;;;;
A50081AB6;A-50081-AB6;HYDRAULIC RELIEF VALVE;OVERHAUL;;;;X;;;;;;;;;X;;;;;;;;;;;;;;;;;;X;;;;;;;;;;;X;;;;;;;;;;;;;;;;;;;;;;;;;;;;;;;;;;;;;;;;;;;;;;;;;;;;;;;;X;;;;
A50081AB61;A-50081-AB61;HYDRAULIC RELIEF VALVE;OVERHAUL;;;;X;;;;;;;;;X;;;;;;;;;;;;;;;;;;X;;;;;;;;;;;X;;;;;;;;;;;;;;;;;;;;;;;;;;;;;;;;;;;;;;;;;;;;;;;;;;;;;;;;X;;;;
A50082CD6;A-50082-CD6;VALVE RELIEF HYDRAULIC;OVERHAUL;;;;X;;;;;;;;;X;;;;;;;;;;;;;;;;;;X;;;;;;;;;;;X;;;;;;;;;;;;;;;;;;;;;;;;;;;;;;;;;;;;;;;;;;;;;;;;;;;;;;;;X;;;;
A50082CD61;A-50082-CD61;RELIEF VALVE (FR);OVERHAUL;;;;X;;;;;;;;;X;;;;;;;;;;;;;;;;;;X;;;;;;;;;;;X;;;;;;;;;;;;;;;;;;;;;;;;;;;;;;;;;;;;;;;;;;;;;;;;;;;;;;;;X;;;;
A51501;A515-01;CHEMIN DE ROULEMENT;;REPAIR;;;X;;;;;;;;;;;;;;;;;;;;;;;;;;;;;;;;;;;;;;;;;;;;;;;;;;;;;;;;;;;;;;;;;;;;;;;;;;;;;;;;;X;;;X;;;;;;;;;;;X;;;
A51502;A515-02;CHEMIN DE ROULEMENT;;REPAIR;;;X;;;;;;;;;;;;;;;;;;;;;;;;;;;;;;;;;;;;;;;;;;;;;;;;;;;;;;;;;;;;;;;;;;;;;;;;;;;;;;;;;X;;;X;;;;;;;;;;;X;;;
A51503;A515-03;CHEMIN DE ROULEMENT;;REPAIR;;;X;;;;;;;;;;;;;;;;;;;;;;;;;;;;;;;;;;;;;;;;;;;;;;;;;;;;;;;;;;;;;;;;;;;;;;;;;;;;;;;;;X;;;X;;;;;;;;;;;X;;;
A5247513800800;A5247513800800;COVER ASSY;REPAIR;;;;X;X;X;X;X;;;;;;;;;;;;;X;;;X;;;;;;;;;;;;;;;;;;;;;;;;;;;;;;;;;;;;;;;;;;;;;;;;;;;;;;;;;;;;;;;;;;;;;;;;;;X;;;X;
A5281002500001;A5281002500001;MAIN GEAR DOOR;REPAIR;;;;X;X;;;;;;;;;;;;;;;;;;;X;;;;;;;;;;;;;;;;;;;;;;;;;;;;;;;;;;;;;;;;;;;;;;;;;;;;;;;;;;;;;;;;;;;;;;;;;;X;;;X;
A5281002500101;A5281002500101;MAIN GEAR DOOR;REPAIR;;;;X;X;;;;;;;;;;;;;;;;;;;X;;;;;;;;;;;;;;;;;;;;;;;;;;;;;;;;;;;;;;;;;;;;;;;;;;;;;;;;;;;;;;;;;;;;;;;;;;X;;;X;
A5281002500400;A5281002500400;MAIN GEAR DOOR;REPAIR;;;;X;X;;;;;;;;;;;;;;;;;;;X;;;;;;;;;;;;;;;;;;;;;;;;;;;;;;;;;;;;;;;;;;;;;;;;;;;;;;;;;;;;;;;;;;;;;;;;;;X;;;X;
A5281002500500;A5281002500500;MAIN GEAR DOOR;REPAIR;;;;X;X;;;;;;;;;;;;;;;;;;;X;;;;;;;;;;;;;;;;;;;;;;;;;;;;;;;;;;;;;;;;;;;;;;;;;;;;;;;;;;;;;;;;;;;;;;;;;;X;;;X;
A5281008000051;A5281008000051;NOSE GEAR AFT DOOR;REPAIR;;;;X;X;;;;;;;;;;;;;;;;;;;X;;;;;;;;;;;;;;;;;;;;;;;;;;;;;;;;;;;;;;;;;;;;;;;;;;;;;;;;;;;;;;;;;;;;;;;;;;X;;;X;
A5281008000151;A5281008000151;NOSE GEAR AFT DOOR;REPAIR;;;;X;X;;;;;;;;;;;;;;;;;;;X;;;;;;;;;;;;;;;;;;;;;;;;;;;;;;;;;;;;;;;;;;;;;;;;;;;;;;;;;;;;;;;;;;;;;;;;;;X;;;X;
A5281010000001;A5281010000001;MAIN GEAR DOOR;REPAIR;;;;X;X;;;;;;;;;;;;;;;;;;;X;;;;;;;;;;;;;;;;;;;;;;;;;;;;;;;;;;;;;;;;;;;;;;;;;;;;;;;;;;;;;;;;;;;;;;;;;;X;;;X;
A5281010000101;A5281010000101;MAIN GEAR DOOR;REPAIR;;;;X;X;;;;;;;;;;;;;;;;;;;X;;;;;;;;;;;;;;;;;;;;;;;;;;;;;;;;;;;;;;;;;;;;;;;;;;;;;;;;;;;;;;;;;;;;;;;;;;X;;;X;
A5281010000200;A5281010000200;MAIN GEAR DOOR;REPAIR;;;;X;X;;;;;;;;;;;;;;;;;;;X;;;;;;;;;;;;;;;;;;;;;;;;;;;;;;;;;;;;;;;;;;;;;;;;;;;;;;;;;;;;;;;;;;;;;;;;;;X;;;X;
A5281010000300;A5281010000300;MAIN GEAR DOOR;REPAIR;;;;X;X;;;;;;;;;;;;;;;;;;;X;;;;;;;;;;;;;;;;;;;;;;;;;;;;;;;;;;;;;;;;;;;;;;;;;;;;;;;;;;;;;;;;;;;;;;;;;;X;;;X;
A5281010000400;A5281010000400;MAIN GEAR DOOR;REPAIR;;;;X;X;;;;;;;;;;;;;;;;;;;X;;;;;;;;;;;;;;;;;;;;;;;;;;;;;;;;;;;;;;;;;;;;;;;;;;;;;;;;;;;;;;;;;;;;;;;;;;X;;;X;
A5281010000500;A5281010000500;MAIN GEAR DOOR;REPAIR;;;;X;X;;;;;;;;;;;;;;;;;;;X;;;;;;;;;;;;;;;;;;;;;;;;;;;;;;;;;;;;;;;;;;;;;;;;;;;;;;;;;;;;;;;;;;;;;;;;;;X;;;X;
A5281010000600;A5281010000600;MAIN GEAR DOOR;REPAIR;;;;X;X;;;;;;;;;;;;;;;;;;;X;;;;;;;;;;;;;;;;;;;;;;;;;;;;;;;;;;;;;;;;;;;;;;;;;;;;;;;;;;;;;;;;;;;;;;;;;;X;;;X;
A5281010000700;A5281010000700;MAIN GEAR DOOR;REPAIR;;;;X;X;;;;;;;;;;;;;;;;;;;X;;;;;;;;;;;;;;;;;;;;;;;;;;;;;;;;;;;;;;;;;;;;;;;;;;;;;;;;;;;;;;;;;;;;;;;;;;X;;;X;
A5281010001000;A5281010001000;MAIN GEAR DOOR;REPAIR;;;;X;X;;;;;;;;;;;;;;;;;;;X;;;;;;;;;;;;;;;;;;;;;;;;;;;;;;;;;;;;;;;;;;;;;;;;;;;;;;;;;;;;;;;;;;;;;;;;;;X;;;X;
A5281010001100;A5281010001100;MAIN GEAR DOOR;REPAIR;;;;X;X;;;;;;;;;;;;;;;;;;;X;;;;;;;;;;;;;;;;;;;;;;;;;;;;;;;;;;;;;;;;;;;;;;;;;;;;;;;;;;;;;;;;;;;;;;;;;;X;;;X;
A5281012500051;A5281012500051;NOSE GEAR AFT DOOR;REPAIR;;;;X;X;;;;;;;;;;;;;;;;;;;X;;;;;;;;;;;;;;;;;;;;;;;;;;;;;;;;;;;;;;;;;;;;;;;;;;;;;;;;;;;;;;;;;;;;;;;;;;X;;;X;
A5281012500151;A5281012500151;NOSE GEAR AFT DOOR;REPAIR;;;;X;X;;;;;;;;;;;;;;;;;;;X;;;;;;;;;;;;;;;;;;;;;;;;;;;;;;;;;;;;;;;;;;;;;;;;;;;;;;;;;;;;;;;;;;;;;;;;;;X;;;X;
A5281012500651;A5281012500651;NOSE GEAR AFT DOOR;REPAIR;;;;X;X;;;;;;;;;;;;;;;;;;;X;;;;;;;;;;;;;;;;;;;;;;;;;;;;;;;;;;;;;;;;;;;;;;;;;;;;;;;;;;;;;;;;;;;;;;;;;;X;;;X;
A5281012500751;A5281012500751;NOSE GEAR AFT DOOR;REPAIR;;;;X;X;;;;;;;;;;;;;;;;;;;X;;;;;;;;;;;;;;;;;;;;;;;;;;;;;;;;;;;;;;;;;;;;;;;;;;;;;;;;;;;;;;;;;;;;;;;;;;X;;;X;
A5281012500800;A5281012500800;NOSE GEAR AFT DOOR;REPAIR;;;;X;X;;;;;;;;;;;;;;;;;;;X;;;;;;;;;;;;;;;;;;;;;;;;;;;;;;;;;;;;;;;;;;;;;;;;;;;;;;;;;;;;;;;;;;;;;;;;;;X;;;X;
A5281012500900;A5281012500900;NOSE GEAR AFT DOOR;REPAIR;;;;X;X;;;;;;;;;;;;;;;;;;;X;;;;;;;;;;;;;;;;;;;;;;;;;;;;;;;;;;;;;;;;;;;;;;;;;;;;;;;;;;;;;;;;;;;;;;;;;;X;;;X;
A5281015000000;A5281015000000;MLG MAIN DOOR;BENCH TEST;;;;X;X;X;X;X;;;;;;;;;;;;;X;;X;;;;;;;;;;;;;;;;;;;;;;;;;;;;;;;;;;;;;;;;;;;;;;;;;;;;;;;;;;;;;;;;;;;;;;;;;;;X;;;X;
A5281015000000;A5281015000000;MLG MAIN DOOR;REPAIR;;;;X;X;;;;;;;;;;;;;;;;;;;X;;;;;;;;;;;;;;;;;;;;;;;;;;;;;;;;;;;;;;;;;;;;;;;;;;;;;;;;;;;;;;;;;;;;;;;;;;X;;;X;
A5281015000100;A5281015000100;MLG MAIN DOOR;REPAIR;;;;X;X;;;;;;;;;;;;;;;;;;;X;;;;;;;;;;;;;;;;;;;;;;;;;;;;;;;;;;;;;;;;;;;;;;;;;;;;;;;;;;;;;;;;;;;;;;;;;;X;;;X;
A5281016100200;A5281016100200;FAIRING - TIRE (LH);REPAIR;;;;X;X;X;X;X;;;;;;;;;;;;;X;;X;;;;;;;;;;;;;;;;;;;;;;;;;;;;;;;;;;;;;;;;;;;;;;;;;;;;;;;;;;;;;;;;;;;;;;;;;;;X;;;X;
A5281062500051;A5281062500051;NOSE GEAR MAIN DOOR;REPAIR;;;;X;X;;;;;;;;;;;;;;;;;;;X;;;;;;;;;;;;;;;;;;;;;;;;;;;;;;;;;;;;;;;;;;;;;;;;;;;;;;;;;;;;;;;;;;;;;;;;;;X;;;X;
A5281062500052;A5281062500052;NOSE GEAR MAIN DOOR;REPAIR;;;;X;X;;;;;;;;;;;;;;;;;;;X;;;;;;;;;;;;;;;;;;;;;;;;;;;;;;;;;;;;;;;;;;;;;;;;;;;;;;;;;;;;;;;;;;;;;;;;;;X;;;X;
A5281062500151;A5281062500151;NOSE GEAR MAIN DOOR;REPAIR;;;;X;X;;;;;;;;;;;;;;;;;;;X;;;;;;;;;;;;;;;;;;;;;;;;;;;;;;;;;;;;;;;;;;;;;;;;;;;;;;;;;;;;;;;;;;;;;;;;;;X;;;X;
A5281062500152;A5281062500152;NOSE GEAR MAIN DOOR;REPAIR;;;;X;X;;;;;;;;;;;;;;;;;;;X;;;;;;;;;;;;;;;;;;;;;;;;;;;;;;;;;;;;;;;;;;;;;;;;;;;;;;;;;;;;;;;;;;;;;;;;;;X;;;X;
A5281064800251;A5281064800251;NOSE GEAR AFT DOOR;REPAIR;;;;X;X;;;;;;;;;;;;;;;;;;;X;;;;;;;;;;;;;;;;;;;;;;;;;;;;;;;;;;;;;;;;;;;;;;;;;;;;;;;;;;;;;;;;;;;;;;;;;;X;;;X;
A5281064800351;A5281064800351;NOSE GEAR AFT DOOR;REPAIR;;;;X;X;;;;;;;;;;;;;;;;;;;X;;;;;;;;;;;;;;;;;;;;;;;;;;;;;;;;;;;;;;;;;;;;;;;;;;;;;;;;;;;;;;;;;;;;;;;;;;X;;;X;
A5281064800400;A5281064800400;NOSE GEAR AFT DOOR;REPAIR;;;;X;X;;;;;;;;;;;;;;;;;;;X;;;;;;;;;;;;;;;;;;;;;;;;;;;;;;;;;;;;;;;;;;;;;;;;;;;;;;;;;;;;;;;;;;;;;;;;;;X;;;X;
A5281064800500;A5281064800500;NOSE GEAR AFT DOOR;REPAIR;;;;X;X;;;;;;;;;;;;;;;;;;;X;;;;;;;;;;;;;;;;;;;;;;;;;;;;;;;;;;;;;;;;;;;;;;;;;;;;;;;;;;;;;;;;;;;;;;;;;;X;;;X;
A5281100000051;A5281100000051;NOSE GEAR AFT DOOR;REPAIR;;;;X;X;;;;;;;;;;;;;;;;;;;X;;;;;;;;;;;;;;;;;;;;;;;;;;;;;;;;;;;;;;;;;;;;;;;;;;;;;;;;;;;;;;;;;;;;;;;;;;X;;;X;
A5281100000151;A5281100000151;NOSE GEAR AFT DOOR;REPAIR;;;;X;X;;;;;;;;;;;;;;;;;;;X;;;;;;;;;;;;;;;;;;;;;;;;;;;;;;;;;;;;;;;;;;;;;;;;;;;;;;;;;;;;;;;;;;;;;;;;;;X;;;X;
A5281100000851;A5281100000851;NOSE GEAR AFT DOOR;REPAIR;;;;X;X;;;;;;;;;;;;;;;;;;;X;;;;;;;;;;;;;;;;;;;;;;;;;;;;;;;;;;;;;;;;;;;;;;;;;;;;;;;;;;;;;;;;;;;;;;;;;;X;;;X;
A5281100000951;A5281100000951;NOSE GEAR AFT DOOR;REPAIR;;;;X;X;;;;;;;;;;;;;;;;;;;X;;;;;;;;;;;;;;;;;;;;;;;;;;;;;;;;;;;;;;;;;;;;;;;;;;;;;;;;;;;;;;;;;;;;;;;;;;X;;;X;
A5283062500052;A5283062500052;NOSE GEAR MAIN DOOR;REPAIR;;;;X;X;;;;;;;;;;;;;;;;;;;X;;;;;;;;;;;;;;;;;;;;;;;;;;;;;;;;;;;;;;;;;;;;;;;;;;;;;;;;;;;;;;;;;;;;;;;;;;X;;;X;
A5283062500152;A5283062500152;NOSE GEAR MAIN DOOR;REPAIR;;;;X;X;;;;;;;;;;;;;;;;;;;X;;;;;;;;;;;;;;;;;;;;;;;;;;;;;;;;;;;;;;;;;;;;;;;;;;;;;;;;;;;;;;;;;;;;;;;;;;X;;;X;
A5283300000000;A5283300000000;MAIN GEAR DOOR;REPAIR;;;;X;X;;;;;;;;;;;;;;;;;;;X;;;;;;;;;;;;;;;;;;;;;;;;;;;;;;;;;;;;;;;;;;;;;;;;;;;;;;;;;;;;;;;;;;;;;;;;;;X;;;X;
A5283300000100;A5283300000100;MAIN GEAR DOOR;REPAIR;;;;X;X;;;;;;;;;;;;;;;;;;;X;;;;;;;;;;;;;;;;;;;;;;;;;;;;;;;;;;;;;;;;;;;;;;;;;;;;;;;;;;;;;;;;;;;;;;;;;;X;;;X;
A5283300000200;A5283300000200;MAIN GEAR DOOR;REPAIR;;;;X;X;;;;;;;;;;;;;;;;;;;X;;;;;;;;;;;;;;;;;;;;;;;;;;;;;;;;;;;;;;;;;;;;;;;;;;;;;;;;;;;;;;;;;;;;;;;;;;X;;;X;
A5283300000300;A5283300000300;MAIN GEAR DOOR;REPAIR;;;;X;X;;;;;;;;;;;;;;;;;;;X;;;;;;;;;;;;;;;;;;;;;;;;;;;;;;;;;;;;;;;;;;;;;;;;;;;;;;;;;;;;;;;;;;;;;;;;;;X;;;X;
A5283400000000;A5283400000000;MAIN GEAR DOOR;REPAIR;;;;X;X;;;;;;;;;;;;;;;;;;;X;;;;;;;;;;;;;;;;;;;;;;;;;;;;;;;;;;;;;;;;;;;;;;;;;;;;;;;;;;;;;;;;;;;;;;;;;;X;;;X;
A5283400000095;A5283400000095;MAIN GEAR DOOR;REPAIR;;;;X;X;;;;;;;;;;;;;;;;;;;X;;;;;;;;;;;;;;;;;;;;;;;;;;;;;;;;;;;;;;;;;;;;;;;;;;;;;;;;;;;;;;;;;;;;;;;;;;X;;;X;
A5283400000100;A5283400000100;MAIN GEAR DOOR;REPAIR;;;;X;X;;;;;;;;;;;;;;;;;;;X;;;;;;;;;;;;;;;;;;;;;;;;;;;;;;;;;;;;;;;;;;;;;;;;;;;;;;;;;;;;;;;;;;;;;;;;;;X;;;X;
A5283400000195;A5283400000195;MAIN GEAR DOOR;REPAIR;;;;X;X;;;;;;;;;;;;;;;;;;;X;;;;;;;;;;;;;;;;;;;;;;;;;;;;;;;;;;;;;;;;;;;;;;;;;;;;;;;;;;;;;;;;;;;;;;;;;;X;;;X;
A5283400000200;A5283400000200;MAIN GEAR DOOR;REPAIR;;;;X;X;;;;;;;;;;;;;;;;;;;X;;;;;;;;;;;;;;;;;;;;;;;;;;;;;;;;;;;;;;;;;;;;;;;;;;;;;;;;;;;;;;;;;;;;;;;;;;X;;;X;
A5283400000295;A5283400000295;MAIN GEAR DOOR;REPAIR;;;;X;X;;;;;;;;;;;;;;;;;;;X;;;;;;;;;;;;;;;;;;;;;;;;;;;;;;;;;;;;;;;;;;;;;;;;;;;;;;;;;;;;;;;;;;;;;;;;;;X;;;X;
A5283400000300;A5283400000300;MAIN GEAR DOOR;REPAIR;;;;X;X;;;;;;;;;;;;;;;;;;;X;;;;;;;;;;;;;;;;;;;;;;;;;;;;;;;;;;;;;;;;;;;;;;;;;;;;;;;;;;;;;;;;;;;;;;;;;;X;;;X;
A5283400000395;A5283400000395;MAIN GEAR DOOR;REPAIR;;;;X;X;;;;;;;;;;;;;;;;;;;X;;;;;;;;;;;;;;;;;;;;;;;;;;;;;;;;;;;;;;;;;;;;;;;;;;;;;;;;;;;;;;;;;;;;;;;;;;X;;;X;
A5283400000600;A5283400000600;MAIN GEAR DOOR;REPAIR;;;;X;X;;;;;;;;;;;;;;;;;;;X;;;;;;;;;;;;;;;;;;;;;;;;;;;;;;;;;;;;;;;;;;;;;;;;;;;;;;;;;;;;;;;;;;;;;;;;;;X;;;X;
A5283400000695;A5283400000695;MAIN GEAR DOOR;REPAIR;;;;X;X;;;;;;;;;;;;;;;;;;;X;;;;;;;;;;;;;;;;;;;;;;;;;;;;;;;;;;;;;;;;;;;;;;;;;;;;;;;;;;;;;;;;;;;;;;;;;;X;;;X;
A5283400000700;A5283400000700;MAIN GEAR DOOR;REPAIR;;;;X;X;;;;;;;;;;;;;;;;;;;X;;;;;;;;;;;;;;;;;;;;;;;;;;;;;;;;;;;;;;;;;;;;;;;;;;;;;;;;;;;;;;;;;;;;;;;;;;X;;;X;
A5283400000795;A5283400000795;MAIN GEAR DOOR;REPAIR;;;;X;X;;;;;;;;;;;;;;;;;;;X;;;;;;;;;;;;;;;;;;;;;;;;;;;;;;;;;;;;;;;;;;;;;;;;;;;;;;;;;;;;;;;;;;;;;;;;;;X;;;X;
A5283400000800;A5283400000800;MAIN GEAR DOOR;REPAIR;;;;X;X;;;;;;;;;;;;;;;;;;;X;;;;;;;;;;;;;;;;;;;;;;;;;;;;;;;;;;;;;;;;;;;;;;;;;;;;;;;;;;;;;;;;;;;;;;;;;;X;;;X;
A5283400000895;A5283400000895;MAIN GEAR DOOR;REPAIR;;;;X;X;;;;;;;;;;;;;;;;;;;X;;;;;;;;;;;;;;;;;;;;;;;;;;;;;;;;;;;;;;;;;;;;;;;;;;;;;;;;;;;;;;;;;;;;;;;;;;X;;;X;
A5283400000900;A5283400000900;MAIN GEAR DOOR;REPAIR;;;;X;X;;;;;;;;;;;;;;;;;;;X;;;;;;;;;;;;;;;;;;;;;;;;;;;;;;;;;;;;;;;;;;;;;;;;;;;;;;;;;;;;;;;;;;;;;;;;;;X;;;X;
A5283400000995;A5283400000995;MAIN GEAR DOOR;REPAIR;;;;X;X;;;;;;;;;;;;;;;;;;;X;;;;;;;;;;;;;;;;;;;;;;;;;;;;;;;;;;;;;;;;;;;;;;;;;;;;;;;;;;;;;;;;;;;;;;;;;;X;;;X;
A5283400001001;A5283400001001;MAIN GEAR DOOR;REPAIR;;;;X;X;;;;;;;;;;;;;;;;;;;X;;;;;;;;;;;;;;;;;;;;;;;;;;;;;;;;;;;;;;;;;;;;;;;;;;;;;;;;;;;;;;;;;;;;;;;;;;X;;;X;
A5283400001095;A5283400001095;MAIN GEAR DOOR;REPAIR;;;;X;X;;;;;;;;;;;;;;;;;;;X;;;;;;;;;;;;;;;;;;;;;;;;;;;;;;;;;;;;;;;;;;;;;;;;;;;;;;;;;;;;;;;;;;;;;;;;;;X;;;X;
A5283400001101;A5283400001101;MAIN GEAR DOOR;REPAIR;;;;X;X;;;;;;;;;;;;;;;;;;;X;;;;;;;;;;;;;;;;;;;;;;;;;;;;;;;;;;;;;;;;;;;;;;;;;;;;;;;;;;;;;;;;;;;;;;;;;;X;;;X;
A5283400001195;A5283400001195;MAIN GEAR DOOR;REPAIR;;;;X;X;;;;;;;;;;;;;;;;;;;X;;;;;;;;;;;;;;;;;;;;;;;;;;;;;;;;;;;;;;;;;;;;;;;;;;;;;;;;;;;;;;;;;;;;;;;;;;X;;;X;
A5283400001201;A5283400001201;MAIN GEAR DOOR;REPAIR;;;;X;X;;;;;;;;;;;;;;;;;;;X;;;;;;;;;;;;;;;;;;;;;;;;;;;;;;;;;;;;;;;;;;;;;;;;;;;;;;;;;;;;;;;;;;;;;;;;;;X;;;X;
A5283400001295;A5283400001295;MAIN GEAR DOOR;REPAIR;;;;X;X;;;;;;;;;;;;;;;;;;;X;;;;;;;;;;;;;;;;;;;;;;;;;;;;;;;;;;;;;;;;;;;;;;;;;;;;;;;;;;;;;;;;;;;;;;;;;;X;;;X;
A5283400001301;A5283400001301;MAIN GEAR DOOR;REPAIR;;;;X;X;;;;;;;;;;;;;;;;;;;X;;;;;;;;;;;;;;;;;;;;;;;;;;;;;;;;;;;;;;;;;;;;;;;;;;;;;;;;;;;;;;;;;;;;;;;;;;X;;;X;
A5283400001395;A5283400001395;MAIN GEAR DOOR;REPAIR;;;;X;X;;;;;;;;;;;;;;;;;;;X;;;;;;;;;;;;;;;;;;;;;;;;;;;;;;;;;;;;;;;;;;;;;;;;;;;;;;;;;;;;;;;;;;;;;;;;;;X;;;X;
A5283400001401;A5283400001401;MAIN GEAR DOOR;REPAIR;;;;X;X;;;;;;;;;;;;;;;;;;;X;;;;;;;;;;;;;;;;;;;;;;;;;;;;;;;;;;;;;;;;;;;;;;;;;;;;;;;;;;;;;;;;;;;;;;;;;;X;;;X;
A5283400001501;A5283400001501;MAIN GEAR DOOR;REPAIR;;;;X;X;;;;;;;;;;;;;;;;;;;X;;;;;;;;;;;;;;;;;;;;;;;;;;;;;;;;;;;;;;;;;;;;;;;;;;;;;;;;;;;;;;;;;;;;;;;;;;X;;;X;
A5283400001651;A5283400001651;MAIN GEAR DOOR;REPAIR;;;;X;X;;;;;;;;;;;;;;;;;;;X;;;;;;;;;;;;;;;;;;;;;;;;;;;;;;;;;;;;;;;;;;;;;;;;;;;;;;;;;;;;;;;;;;;;;;;;;;X;;;X;
A5283400001695;A5283400001695;MAIN GEAR DOOR;REPAIR;;;;X;X;;;;;;;;;;;;;;;;;;;X;;;;;;;;;;;;;;;;;;;;;;;;;;;;;;;;;;;;;;;;;;;;;;;;;;;;;;;;;;;;;;;;;;;;;;;;;;X;;;X;
A5283400001751;A5283400001751;MAIN GEAR DOOR;REPAIR;;;;X;X;;;;;;;;;;;;;;;;;;;X;;;;;;;;;;;;;;;;;;;;;;;;;;;;;;;;;;;;;;;;;;;;;;;;;;;;;;;;;;;;;;;;;;;;;;;;;;X;;;X;
A5283400001795;A5283400001795;MAIN GEAR DOOR;REPAIR;;;;X;X;;;;;;;;;;;;;;;;;;;X;;;;;;;;;;;;;;;;;;;;;;;;;;;;;;;;;;;;;;;;;;;;;;;;;;;;;;;;;;;;;;;;;;;;;;;;;;X;;;X;
A5351027600000;A5351027600000;SPRING ROD;OVERHAUL;;;;X;X;X;X;X;;;;;;;;;;;;;X;;;;;;;;;;;;;;;;;;;;;;;;;;;;;;;;;;;;;;;;;;;;;;;;;;;;;;;;;;;;;;;;;;;;;;;;;;;;;X;;;;
A5351027600100;A5351027600100;SPRING ROD;OVERHAUL;;;;X;X;X;X;X;;;;;;;;;;;;;X;;;;;;;;;;;;;;;;;;;;;;;;;;;;;;;;;;;;;;;;;;;;;;;;;;;;;;;;;;;;;;;;;;;;;;;;;;;;;X;;;;
A5461229900100;A5461229900100;COWL - EXCHANGER ASSY;REPAIR;;;;X;X;X;X;X;;;;;;;;;;;;;X;;;X;;;;;;;;;;;;;;;;;;;;;;;;;;;;;;;;;;;;;;;;;;;;;;;;;;;;;;;;;;;;;;;;;;;;;;;;;;X;;;X;
A5517742100300;A5517742100300;FAIRING ASSY LOWER RH;REPAIR;;;;X;X;X;X;X;;;;;;;;;;;;;X;;;X;;;;;;;;;;;;;;;;;;;;;;;;;;;;;;;;;;;;;;;;;;;;;;;;;;;;;;;;;;;;;;;;;;;;;;;;;;X;;;X;
A5517910000551;A5517910000551;APRON FAIRING;REPAIR;;;;X;X;X;X;X;;;;;;;;;;;;;X;X;;;;;;;;;;;;;;;;;;;;;;;;;;;;;;;;;;;;;;;;;;;;;;;;;;;;;;;;;;;;;;;;;;;;;;;;;;;;X;;;X;
A5527000000200;A5527000000200;ELEVATOR;REPAIR;;;;X;X;;;;;;;;;;;;;;;;;;;X;;;;;;;;;;;;;;;;;;;;;;;;;;;;;;;;;;;;;;;;;;;;;;;;;;;;;;;;;;;;;;;;;;;;;;;;;;X;;;X;
A5527000000300;A5527000000300;ELEVATOR;REPAIR;;;;X;X;;;;;;;;;;;;;;;;;;;X;;;;;;;;;;;;;;;;;;;;;;;;;;;;;;;;;;;;;;;;;;;;;;;;;;;;;;;;;;;;;;;;;;;;;;;;;;X;;;X;
A5527000000400;A5527000000400;ELEVATOR;REPAIR;;;;X;X;;;;;;;;;;;;;;;;;;;X;;;;;;;;;;;;;;;;;;;;;;;;;;;;;;;;;;;;;;;;;;;;;;;;;;;;;;;;;;;;;;;;;;;;;;;;;;X;;;X;
A5527000000500;A5527000000500;ELEVATOR;REPAIR;;;;X;X;;;;;;;;;;;;;;;;;;;X;;;;;;;;;;;;;;;;;;;;;;;;;;;;;;;;;;;;;;;;;;;;;;;;;;;;;;;;;;;;;;;;;;;;;;;;;;X;;;X;
A5527000000600;A5527000000600;ELEVATOR;REPAIR;;;;X;X;;;;;;;;;;;;;;;;;;;X;;;;;;;;;;;;;;;;;;;;;;;;;;;;;;;;;;;;;;;;;;;;;;;;;;;;;;;;;;;;;;;;;;;;;;;;;;X;;;X;
A5527000000700;A5527000000700;ELEVATOR;REPAIR;;;;X;X;;;;;;;;;;;;;;;;;;;X;;;;;;;;;;;;;;;;;;;;;;;;;;;;;;;;;;;;;;;;;;;;;;;;;;;;;;;;;;;;;;;;;;;;;;;;;;X;;;X;
A5527000000800;A5527000000800;ELEVATOR;REPAIR;;;;X;X;;;;;;;;;;;;;;;;;;;X;;;;;;;;;;;;;;;;;;;;;;;;;;;;;;;;;;;;;;;;;;;;;;;;;;;;;;;;;;;;;;;;;;;;;;;;;;X;;;X;
A5527000000900;A5527000000900;ELEVATOR;REPAIR;;;;X;X;;;;;;;;;;;;;;;;;;;X;;;;;;;;;;;;;;;;;;;;;;;;;;;;;;;;;;;;;;;;;;;;;;;;;;;;;;;;;;;;;;;;;;;;;;;;;;X;;;X;
A5527000001100;A5527000001100;ELEVATOR;REPAIR;;;;X;X;;;;;;;;;;;;;;;;;;;X;;;;;;;;;;;;;;;;;;;;;;;;;;;;;;;;;;;;;;;;;;;;;;;;;;;;;;;;;;;;;;;;;;;;;;;;;;X;;;X;
A5527000001200;A5527000001200;ELEVATOR;REPAIR;;;;X;X;;;;;;;;;;;;;;;;;;;X;;;;;;;;;;;;;;;;;;;;;;;;;;;;;;;;;;;;;;;;;;;;;;;;;;;;;;;;;;;;;;;;;;;;;;;;;;X;;;X;
A5527000001300;A5527000001300;ELEVATOR;REPAIR;;;;X;X;;;;;;;;;;;;;;;;;;;X;;;;;;;;;;;;;;;;;;;;;;;;;;;;;;;;;;;;;;;;;;;;;;;;;;;;;;;;;;;;;;;;;;;;;;;;;;X;;;X;
A5527000001400;A5527000001400;ELEVATOR;REPAIR;;;;X;X;;;;;;;;;;;;;;;;;;;X;;;;;;;;;;;;;;;;;;;;;;;;;;;;;;;;;;;;;;;;;;;;;;;;;;;;;;;;;;;;;;;;;;;;;;;;;;X;;;X;
A5527000001600;A5527000001600;ELEVATOR;REPAIR;;;;X;X;;;;;;;;;;;;;;;;;;;X;;;;;;;;;;;;;;;;;;;;;;;;;;;;;;;;;;;;;;;;;;;;;;;;;;;;;;;;;;;;;;;;;;;;;;;;;;X;;;X;
A5527000001700;A5527000001700;ELEVATOR;REPAIR;;;;X;X;;;;;;;;;;;;;;;;;;;X;;;;;;;;;;;;;;;;;;;;;;;;;;;;;;;;;;;;;;;;;;;;;;;;;;;;;;;;;;;;;;;;;;;;;;;;;;X;;;X;
A5527000001800;A5527000001800;ELEVATOR;REPAIR;;;;X;X;;;;;;;;;;;;;;;;;;;X;;;;;;;;;;;;;;;;;;;;;;;;;;;;;;;;;;;;;;;;;;;;;;;;;;;;;;;;;;;;;;;;;;;;;;;;;;X;;;X;
A5527000001900;A5527000001900;ELEVATOR;REPAIR;;;;X;X;;;;;;;;;;;;;;;;;;;X;;;;;;;;;;;;;;;;;;;;;;;;;;;;;;;;;;;;;;;;;;;;;;;;;;;;;;;;;;;;;;;;;;;;;;;;;;X;;;X;
A5527000100300;A5527000100300;ELEVATOR;REPAIR;;;;X;X;;;;;;;;;;;;;;;;;;;X;;;;;;;;;;;;;;;;;;;;;;;;;;;;;;;;;;;;;;;;;;;;;;;;;;;;;;;;;;;;;;;;;;;;;;;;;;X;;;X;
A5527000200200;A5527000200200;ELEVATOR;REPAIR;;;;X;X;;;;;;;;;;;;;;;;;;;X;;;;;;;;;;;;;;;;;;;;;;;;;;;;;;;;;;;;;;;;;;;;;;;;;;;;;;;;;;;;;;;;;;;;;;;;;;X;;;X;
A5527000300000;A5527000300000;ELEVATOR;REPAIR;;;;X;X;;;;;;;;;;;;;;;;;;;X;;;;;;;;;;;;;;;;;;;;;;;;;;;;;;;;;;;;;;;;;;;;;;;;;;;;;;;;;;;;;;;;;;;;;;;;;;X;;;X;
A5527000300100;A5527000300100;ELEVATOR;REPAIR;;;;X;X;;;;;;;;;;;;;;;;;;;X;;;;;;;;;;;;;;;;;;;;;;;;;;;;;;;;;;;;;;;;;;;;;;;;;;;;;;;;;;;;;;;;;;;;;;;;;;X;;;X;
A5527000500000;A5527000500000;ELEVATOR;REPAIR;;;;X;X;;;;;;;;;;;;;;;;;;;X;;;;;;;;;;;;;;;;;;;;;;;;;;;;;;;;;;;;;;;;;;;;;;;;;;;;;;;;;;;;;;;;;;;;;;;;;;X;;;X;
A5527000500100;A5527000500100;ELEVATOR;REPAIR;;;;X;X;;;;;;;;;;;;;;;;;;;X;;;;;;;;;;;;;;;;;;;;;;;;;;;;;;;;;;;;;;;;;;;;;;;;;;;;;;;;;;;;;;;;;;;;;;;;;;X;;;X;
A5527600000051;A5527600000051;ELEVATOR;REPAIR;;;;X;X;;;;;;;;;;;;;;;;;;;X;;;;;;;;;;;;;;;;;;;;;;;;;;;;;;;;;;;;;;;;;;;;;;;;;;;;;;;;;;;;;;;;;;;;;;;;;;X;;;X;
A5527600100051;A5527600100051;ELEVATOR;REPAIR;;;;X;X;;;;;;;;;;;;;;;;;;;X;;;;;;;;;;;;;;;;;;;;;;;;;;;;;;;;;;;;;;;;;;;;;;;;;;;;;;;;;;;;;;;;;;;;;;;;;;X;;;X;
A5527605500051;A5527605500051;ELEVATOR;REPAIR;;;;X;X;;;;;;;;;;;;;;;;;;;X;;;;;;;;;;;;;;;;;;;;;;;;;;;;;;;;;;;;;;;;;;;;;;;;;;;;;;;;;;;;;;;;;;;;;;;;;;X;;;X;
A5527605500052;A5527605500052;ELEVATOR;REPAIR;;;;X;X;;;;;;;;;;;;;;;;;;;X;;;;;;;;;;;;;;;;;;;;;;;;;;;;;;;;;;;;;;;;;;;;;;;;;;;;;;;;;;;;;;;;;;;;;;;;;;X;;;X;
A5527605500251;A5527605500251;ELEVATOR;REPAIR;;;;X;X;;;;;;;;;;;;;;;;;;;X;;;;;;;;;;;;;;;;;;;;;;;;;;;;;;;;;;;;;;;;;;;;;;;;;;;;;;;;;;;;;;;;;;;;;;;;;;X;;;X;
A5527605500252;A5527605500252;ELEVATOR;REPAIR;;;;X;X;;;;;;;;;;;;;;;;;;;X;;;;;;;;;;;;;;;;;;;;;;;;;;;;;;;;;;;;;;;;;;;;;;;;;;;;;;;;;;;;;;;;;;;;;;;;;;X;;;X;
A5527605500451;A5527605500451;ELEVATOR;REPAIR;;;;X;X;;;;;;;;;;;;;;;;;;;X;;;;;;;;;;;;;;;;;;;;;;;;;;;;;;;;;;;;;;;;;;;;;;;;;;;;;;;;;;;;;;;;;;;;;;;;;;X;;;X;
A5527605500651;A5527605500651;ELEVATOR;REPAIR;;;;X;X;;;;;;;;;;;;;;;;;;;X;;;;;;;;;;;;;;;;;;;;;;;;;;;;;;;;;;;;;;;;;;;;;;;;;;;;;;;;;;;;;;;;;;;;;;;;;;X;;;X;
A5527605600051;A5527605600051;ELEVATOR;REPAIR;;;;X;X;;;;;;;;;;;;;;;;;;;X;;;;;;;;;;;;;;;;;;;;;;;;;;;;;;;;;;;;;;;;;;;;;;;;;;;;;;;;;;;;;;;;;;;;;;;;;;X;;;X;
A5527605600052;A5527605600052;ELEVATOR;REPAIR;;;;X;X;;;;;;;;;;;;;;;;;;;X;;;;;;;;;;;;;;;;;;;;;;;;;;;;;;;;;;;;;;;;;;;;;;;;;;;;;;;;;;;;;;;;;;;;;;;;;;X;;;X;
A5527605600251;A5527605600251;ELEVATOR;REPAIR;;;;X;X;;;;;;;;;;;;;;;;;;;X;;;;;;;;;;;;;;;;;;;;;;;;;;;;;;;;;;;;;;;;;;;;;;;;;;;;;;;;;;;;;;;;;;;;;;;;;;X;;;X;
A5527605600252;A5527605600252;ELEVATOR;REPAIR;;;;X;X;;;;;;;;;;;;;;;;;;;X;;;;;;;;;;;;;;;;;;;;;;;;;;;;;;;;;;;;;;;;;;;;;;;;;;;;;;;;;;;;;;;;;;;;;;;;;;X;;;X;
A5527605600451;A5527605600451;ELEVATOR;REPAIR;;;;X;X;;;;;;;;;;;;;;;;;;;X;;;;;;;;;;;;;;;;;;;;;;;;;;;;;;;;;;;;;;;;;;;;;;;;;;;;;;;;;;;;;;;;;;;;;;;;;;X;;;X;
A5527605600651;A5527605600651;ELEVATOR;REPAIR;;;;X;X;;;;;;;;;;;;;;;;;;;X;;;;;;;;;;;;;;;;;;;;;;;;;;;;;;;;;;;;;;;;;;;;;;;;;;;;;;;;;;;;;;;;;;;;;;;;;;X;;;X;
A5547150000000;A5547150000000;RUDDER ASSY;REPAIR;;;;X;X;;;;;;;;;;;;;;;;;;;;;;;;X;X;;;;;;;;;;;;;;;;;;;;;;;;;;;;;;;;;;;;;;;;;;;;;;;;;;;;;;;;;;;;;;;;;;;;X;;;X;
A5547150000251;A5547150000251;RUDDER ASSY;REPAIR;;;;X;X;;;;;;;;;;;;;;;;;;;;;;;;X;X;;;;;;;;;;;;;;;;;;;;;;;;;;;;;;;;;;;;;;;;;;;;;;;;;;;;;;;;;;;;;;;;;;;;X;;;X;
A5547150000400;A5547150000400;RUDDER ASSY;REPAIR;;;;X;X;;;;;;;;;;;;;;;;;;;;;;;;X;X;;;;;;;;;;;;;;;;;;;;;;;;;;;;;;;;;;;;;;;;;;;;;;;;;;;;;;;;;;;;;;;;;;;;X;;;X;
A5547150000851;A5547150000851;RUDDER ASSY;REPAIR;;;;X;X;;;;;;;;;;;;;;;;;;;;;;;;X;X;;;;;;;;;;;;;;;;;;;;;;;;;;;;;;;;;;;;;;;;;;;;;;;;;;;;;;;;;;;;;;;;;;;;X;;;X;
A5547150001051;A5547150001051;RUDDER ASSY;REPAIR;;;;X;X;;;;;;;;;;;;;;;;;;;;;;;;X;X;;;;;;;;;;;;;;;;;;;;;;;;;;;;;;;;;;;;;;;;;;;;;;;;;;;;;;;;;;;;;;;;;;;;X;;;X;
A5547150001451;A5547150001451;RUDDER ASSY;REPAIR;;;;X;X;;;;;;;;;;;;;;;;;;;;;;;;X;X;;;;;;;;;;;;;;;;;;;;;;;;;;;;;;;;;;;;;;;;;;;;;;;;;;;;;;;;;;;;;;;;;;;;X;;;X;
A5547150001651;A5547150001651;RUDDER ASSY;REPAIR;;;;X;X;;;;;;;;;;;;;;;;;;;;;;;;X;X;;;;;;;;;;;;;;;;;;;;;;;;;;;;;;;;;;;;;;;;;;;;;;;;;;;;;;;;;;;;;;;;;;;;X;;;X;
A5547150002051;A5547150002051;RUDDER ASSY;REPAIR;;;;X;X;;;;;;;;;;;;;;;;;;;;;;;;X;X;;;;;;;;;;;;;;;;;;;;;;;;;;;;;;;;;;;;;;;;;;;;;;;;;;;;;;;;;;;;;;;;;;;;X;;;X;
A5547150002251;A5547150002251;RUDDER ASSY;REPAIR;;;;X;X;;;;;;;;;;;;;;;;;;;;;;;;X;X;;;;;;;;;;;;;;;;;;;;;;;;;;;;;;;;;;;;;;;;;;;;;;;;;;;;;;;;;;;;;;;;;;;;X;;;X;
A5547150002451;A5547150002451;RUDDER ASSY;REPAIR;;;;X;X;;;;;;;;;;;;;;;;;;;;;;;;X;X;;;;;;;;;;;;;;;;;;;;;;;;;;;;;;;;;;;;;;;;;;;;;;;;;;;;;;;;;;;;;;;;;;;;X;;;X;
A5547150002651;A5547150002651;RUDDER ASSY;REPAIR;;;;X;X;;;;;;;;;;;;;;;;;;;;;;;;X;X;;;;;;;;;;;;;;;;;;;;;;;;;;;;;;;;;;;;;;;;;;;;;;;;;;;;;;;;;;;;;;;;;;;;X;;;X;
A5547150003051;A5547150003051;RUDDER ASSY;REPAIR;;;;X;X;;;;;;;;;;;;;;;;;;;;;;;;X;X;;;;;;;;;;;;;;;;;;;;;;;;;;;;;;;;;;;;;;;;;;;;;;;;;;;;;;;;;;;;;;;;;;;;X;;;X;
A5547171000051;A5547171000051;RUDDER ASSY;REPAIR;;;;X;X;;;;;;;;;;;;;;;;;;;;;;;;X;X;;;;;;;;;;;;;;;;;;;;;;;;;;;;;;;;;;;;;;;;;;;;;;;;;;;;;;;;;;;;;;;;;;;;X;;;X;
A5547171000251;A5547171000251;RUDDER ASSY;REPAIR;;;;X;X;;;;;;;;;;;;;;;;;;;;;;;;X;X;;;;;;;;;;;;;;;;;;;;;;;;;;;;;;;;;;;;;;;;;;;;;;;;;;;;;;;;;;;;;;;;;;;;X;;;X;
A5547171000451;A5547171000451;RUDDER ASSY;REPAIR;;;;X;X;;;;;;;;;;;;;;;;;;;;;;;;X;X;;;;;;;;;;;;;;;;;;;;;;;;;;;;;;;;;;;;;;;;;;;;;;;;;;;;;;;;;;;;;;;;;;;;X;;;X;
A5547173000000;A5547173000000;RUDDER ASSY;REPAIR;;;;X;X;;;;;;;;;;;;;;;;;;;;;;;;X;X;;;;;;;;;;;;;;;;;;;;;;;;;;;;;;;;;;;;;;;;;;;;;;;;;;;;;;;;;;;;;;;;;;;;X;;;X;
A5547173000051;A5547173000051;RUDDER ASSY;REPAIR;;;;X;X;;;;;;;;;;;;;;;;;;;;;;;;X;X;;;;;;;;;;;;;;;;;;;;;;;;;;;;;;;;;;;;;;;;;;;;;;;;;;;;;;;;;;;;;;;;;;;;X;;;X;
A5549007200600;A5549007200600;RUDDER ASSY;REPAIR;;;;X;X;;;;;;;;;;;;;;;;;;;;;;;;X;X;;;;;;;;;;;;;;;;;;;;;;;;;;;;;;;;;;;;;;;;;;;;;;;;;;;;;;;;;;;;;;;;;;;;X;;;X;
A5766030115851;A5766030115851;LOW SPEED AILERON;REPAIR;;;;X;X;;;;;;;;;;;;;;;;;;;X;;;;;;;;;;;;;;;;;;;;;;;;;;;;;;;;;;;;;;;;;;;;;;;;;;;;;;;;;;;;;;;;;;;;;;;;;;X;;;X;
A5766030115951;A5766030115951;LOW SPEED AILERON;REPAIR;;;;X;X;;;;;;;;;;;;;;;;;;;X;;;;;;;;;;;;;;;;;;;;;;;;;;;;;;;;;;;;;;;;;;;;;;;;;;;;;;;;;;;;;;;;;;;;;;;;;;X;;;X;
A5766050115251;A5766050115251;LOW SPEED AILERON;REPAIR;;;;X;X;;;;;;;;;;;;;;;;;;;X;;;;;;;;;;;;;;;;;;;;;;;;;;;;;;;;;;;;;;;;;;;;;;;;;;;;;;;;;;;;;;;;;;;;;;;;;;X;;;X;
A5766050115351;A5766050115351;LOW SPEED AILERON;REPAIR;;;;X;X;;;;;;;;;;;;;;;;;;;X;;;;;;;;;;;;;;;;;;;;;;;;;;;;;;;;;;;;;;;;;;;;;;;;;;;;;;;;;;;;;;;;;;;;;;;;;;X;;;X;
A5766050115451;A5766050115451;LOW SPEED AILERON;REPAIR;;;;X;X;;;;;;;;;;;;;;;;;;;X;;;;;;;;;;;;;;;;;;;;;;;;;;;;;;;;;;;;;;;;;;;;;;;;;;;;;;;;;;;;;;;;;;;;;;;;;;X;;;X;
A5766050115551;A5766050115551;LOW SPEED AILERON;REPAIR;;;;X;X;;;;;;;;;;;;;;;;;;;X;;;;;;;;;;;;;;;;;;;;;;;;;;;;;;;;;;;;;;;;;;;;;;;;;;;;;;;;;;;;;;;;;;;;;;;;;;X;;;X;
A5766050115651;A5766050115651;LOW SPEED AILERON;REPAIR;;;;X;X;;;;;;;;;;;;;;;;;;;X;;;;;;;;;;;;;;;;;;;;;;;;;;;;;;;;;;;;;;;;;;;;;;;;;;;;;;;;;;;;;;;;;;;;;;;;;;X;;;X;
A5766050115751;A5766050115751;LOW SPEED AILERON;REPAIR;;;;X;X;;;;;;;;;;;;;;;;;;;X;;;;;;;;;;;;;;;;;;;;;;;;;;;;;;;;;;;;;;;;;;;;;;;;;;;;;;;;;;;;;;;;;;;;;;;;;;X;;;X;
A5766050115851;A5766050115851;LOW SPEED AILERON;REPAIR;;;;X;X;;;;;;;;;;;;;;;;;;;X;;;;;;;;;;;;;;;;;;;;;;;;;;;;;;;;;;;;;;;;;;;;;;;;;;;;;;;;;;;;;;;;;;;;;;;;;;X;;;X;
A5766050115951;A5766050115951;LOW SPEED AILERON;REPAIR;;;;X;X;;;;;;;;;;;;;;;;;;;X;;;;;;;;;;;;;;;;;;;;;;;;;;;;;;;;;;;;;;;;;;;;;;;;;;;;;;;;;;;;;;;;;;;;;;;;;;X;;;X;
A5766050116051;A5766050116051;LOW SPEED AILERON;REPAIR;;;;X;X;;;;;;;;;;;;;;;;;;;X;;;;;;;;;;;;;;;;;;;;;;;;;;;;;;;;;;;;;;;;;;;;;;;;;;;;;;;;;;;;;;;;;;;;;;;;;;X;;;X;
A5766050116151;A5766050116151;LOW SPEED AILERON;REPAIR;;;;X;X;;;;;;;;;;;;;;;;;;;X;;;;;;;;;;;;;;;;;;;;;;;;;;;;;;;;;;;;;;;;;;;;;;;;;;;;;;;;;;;;;;;;;;;;;;;;;;X;;;X;
A5766050116251;A5766050116251;LOW SPEED AILERON;REPAIR;;;;X;X;;;;;;;;;;;;;;;;;;;X;;;;;;;;;;;;;;;;;;;;;;;;;;;;;;;;;;;;;;;;;;;;;;;;;;;;;;;;;;;;;;;;;;;;;;;;;;X;;;X;
A5766050116351;A5766050116351;LOW SPEED AILERON;REPAIR;;;;X;X;;;;;;;;;;;;;;;;;;;X;;;;;;;;;;;;;;;;;;;;;;;;;;;;;;;;;;;;;;;;;;;;;;;;;;;;;;;;;;;;;;;;;;;;;;;;;;X;;;X;
A5766100116200;A5766100116200;ALL SPEED AILERON;REPAIR;;;;X;X;;;;;;;;;;;;;;;;;;;X;;;;;;;;;;;;;;;;;;;;;;;;;;;;;;;;;;;;;;;;;;;;;;;;;;;;;;;;;;;;;;;;;;;;;;;;;;X;;;X;
A5766100116300;A5766100116300;ALL SPEED AILERON;REPAIR;;;;X;X;;;;;;;;;;;;;;;;;;;X;;;;;;;;;;;;;;;;;;;;;;;;;;;;;;;;;;;;;;;;;;;;;;;;;;;;;;;;;;;;;;;;;;;;;;;;;;X;;;X;
A5766100116400;A5766100116400;ALL SPEED AILERON;REPAIR;;;;X;X;;;;;;;;;;;;;;;;;;;X;;;;;;;;;;;;;;;;;;;;;;;;;;;;;;;;;;;;;;;;;;;;;;;;;;;;;;;;;;;;;;;;;;;;;;;;;;X;;;X;
A5766100116500;A5766100116500;ALL SPEED AILERON;REPAIR;;;;X;X;;;;;;;;;;;;;;;;;;;X;;;;;;;;;;;;;;;;;;;;;;;;;;;;;;;;;;;;;;;;;;;;;;;;;;;;;;;;;;;;;;;;;;;;;;;;;;X;;;X;
A5766100116600;A5766100116600;ALL SPEED AILERON;REPAIR;;;;X;X;;;;;;;;;;;;;;;;;;;X;;;;;;;;;;;;;;;;;;;;;;;;;;;;;;;;;;;;;;;;;;;;;;;;;;;;;;;;;;;;;;;;;;;;;;;;;;X;;;X;
A5766100116700;A5766100116700;ALL SPEED AILERON;REPAIR;;;;X;X;;;;;;;;;;;;;;;;;;;X;;;;;;;;;;;;;;;;;;;;;;;;;;;;;;;;;;;;;;;;;;;;;;;;;;;;;;;;;;;;;;;;;;;;;;;;;;X;;;X;
A5766100116800;A5766100116800;ALL SPEED AILERON;REPAIR;;;;X;X;;;;;;;;;;;;;;;;;;;X;;;;;;;;;;;;;;;;;;;;;;;;;;;;;;;;;;;;;;;;;;;;;;;;;;;;;;;;;;;;;;;;;;;;;;;;;;X;;;X;
A5766100116900;A5766100116900;ALL SPEED AILERON;REPAIR;;;;X;X;;;;;;;;;;;;;;;;;;;X;;;;;;;;;;;;;;;;;;;;;;;;;;;;;;;;;;;;;;;;;;;;;;;;;;;;;;;;;;;;;;;;;;;;;;;;;;X;;;X;
A5766100117200;A5766100117200;ALL SPEED AILERON;REPAIR;;;;X;X;;;;;;;;;;;;;;;;;;;X;;;;;;;;;;;;;;;;;;;;;;;;;;;;;;;;;;;;;;;;;;;;;;;;;;;;;;;;;;;;;;;;;;;;;;;;;;X;;;X;
A5766100117300;A5766100117300;ALL SPEED AILERON;REPAIR;;;;X;X;;;;;;;;;;;;;;;;;;;X;;;;;;;;;;;;;;;;;;;;;;;;;;;;;;;;;;;;;;;;;;;;;;;;;;;;;;;;;;;;;;;;;;;;;;;;;;X;;;X;
A5766100117400;A5766100117400;ALL SPEED AILERON;REPAIR;;;;X;X;X;X;X;;;;;;;;;;;;;X;;;X;;;;;;;;;;;;;;;;;;;;;;;;;;;;;;;;;;;;;;;;;;;;;;;;;;;;;;;;;;;;;;;;;;;;;;;;;;X;;;X;
A5766100117500;A5766100117500;ALL SPEED AILERON;REPAIR;;;;X;X;X;X;X;;;;;;;;;;;;;X;;;X;;;;;;;;;;;;;;;;;;;;;;;;;;;;;;;;;;;;;;;;;;;;;;;;;;;;;;;;;;;;;;;;;;;;;;;;;;X;;;X;
A5766100117600;A5766100117600;ALL SPEED AILERON;REPAIR;;;;X;X;;;;;;;;;;;;;;;;;;;X;;;;;;;;;;;;;;;;;;;;;;;;;;;;;;;;;;;;;;;;;;;;;;;;;;;;;;;;;;;;;;;;;;;;;;;;;;X;;;X;
A5766100117700;A5766100117700;ALL SPEED AILERON;REPAIR;;;;X;X;;;;;;;;;;;;;;;;;;;X;;;;;;;;;;;;;;;;;;;;;;;;;;;;;;;;;;;;;;;;;;;;;;;;;;;;;;;;;;;;;;;;;;;;;;;;;;X;;;X;
A5766100117800;A5766100117800;ALL SPEED AILERON;REPAIR;;;;X;X;;;;;;;;;;;;;;;;;;;X;;;;;;;;;;;;;;;;;;;;;;;;;;;;;;;;;;;;;;;;;;;;;;;;;;;;;;;;;;;;;;;;;;;;;;;;;;X;;;X;
A5766100117900;A5766100117900;ALL SPEED AILERON;REPAIR;;;;X;X;;;;;;;;;;;;;;;;;;;X;;;;;;;;;;;;;;;;;;;;;;;;;;;;;;;;;;;;;;;;;;;;;;;;;;;;;;;;;;;;;;;;;;;;;;;;;;X;;;X;
A5766150000000;A5766150000000;ALL SPEED AILERON;REPAIR;;;;X;X;;;;;;;;;;;;;;;;;;;X;;;;;;;;;;;;;;;;;;;;;;;;;;;;;;;;;;;;;;;;;;;;;;;;;;;;;;;;;;;;;;;;;;;;;;;;;;X;;;X;
A5766150000100;A5766150000100;ALL SPEED AILERON;REPAIR;;;;X;X;;;;;;;;;;;;;;;;;;;X;;;;;;;;;;;;;;;;;;;;;;;;;;;;;;;;;;;;;;;;;;;;;;;;;;;;;;;;;;;;;;;;;;;;;;;;;;X;;;X;
A5766150000200;A5766150000200;ALL SPEED AILERON;REPAIR;;;;X;X;;;;;;;;;;;;;;;;;;;X;;;;;;;;;;;;;;;;;;;;;;;;;;;;;;;;;;;;;;;;;;;;;;;;;;;;;;;;;;;;;;;;;;;;;;;;;;X;;;X;
A5766150000300;A5766150000300;ALL SPEED AILERON;REPAIR;;;;X;X;;;;;;;;;;;;;;;;;;;X;;;;;;;;;;;;;;;;;;;;;;;;;;;;;;;;;;;;;;;;;;;;;;;;;;;;;;;;;;;;;;;;;;;;;;;;;;X;;;X;
A5771001100000;A5771001100000;SPOILER;REPAIR;;;;X;X;;;;;;;;;;;;;;;;;;;X;;;;;;;;;;;;;;;;;;;;;;;;;;;;;;;;;;;;;;;;;;;;;;;;;;;;;;;;;;;;;;;;;;;;;;;;;;X;;;X;
A5771001100100;A5771001100100;SPOILER;REPAIR;;;;X;X;;;;;;;;;;;;;;;;;;;X;;;;;;;;;;;;;;;;;;;;;;;;;;;;;;;;;;;;;;;;;;;;;;;;;;;;;;;;;;;;;;;;;;;;;;;;;;X;;;X;
A5771001100400;A5771001100400;SPOILER;REPAIR;;;;X;X;;;;;;;;;;;;;;;;;;;X;;;;;;;;;;;;;;;;;;;;;;;;;;;;;;;;;;;;;;;;;;;;;;;;;;;;;;;;;;;;;;;;;;;;;;;;;;X;;;X;
A5771001100500;A5771001100500;SPOILER;REPAIR;;;;X;X;;;;;;;;;;;;;;;;;;;X;;;;;;;;;;;;;;;;;;;;;;;;;;;;;;;;;;;;;;;;;;;;;;;;;;;;;;;;;;;;;;;;;;;;;;;;;;X;;;X;
A5771001100600;A5771001100600;SPOILER;REPAIR;;;;X;X;;;;;;;;;;;;;;;;;;;X;;;;;;;;;;;;;;;;;;;;;;;;;;;;;;;;;;;;;;;;;;;;;;;;;;;;;;;;;;;;;;;;;;;;;;;;;;X;;;X;
A5771001100700;A5771001100700;SPOILER;REPAIR;;;;X;X;;;;;;;;;;;;;;;;;;;X;;;;;;;;;;;;;;;;;;;;;;;;;;;;;;;;;;;;;;;;;;;;;;;;;;;;;;;;;;;;;;;;;;;;;;;;;;X;;;X;
A5771001100900;A5771001100900;SPOILER;REPAIR;;;;X;X;;;;;;;;;;;;;;;;;;;X;;;;;;;;;;;;;;;;;;;;;;;;;;;;;;;;;;;;;;;;;;;;;;;;;;;;;;;;;;;;;;;;;;;;;;;;;;X;;;X;
A5771001101000;A5771001101000;SPOILER;REPAIR;;;;X;X;;;;;;;;;;;;;;;;;;;X;;;;;;;;;;;;;;;;;;;;;;;;;;;;;;;;;;;;;;;;;;;;;;;;;;;;;;;;;;;;;;;;;;;;;;;;;;X;;;X;
A5771001101100;A5771001101100;SPOILER;REPAIR;;;;X;X;;;;;;;;;;;;;;;;;;;X;;;;;;;;;;;;;;;;;;;;;;;;;;;;;;;;;;;;;;;;;;;;;;;;;;;;;;;;;;;;;;;;;;;;;;;;;;X;;;X;
A5771001101200;A5771001101200;SPOILER;REPAIR;;;;X;X;;;;;;;;;;;;;;;;;;;X;;;;;;;;;;;;;;;;;;;;;;;;;;;;;;;;;;;;;;;;;;;;;;;;;;;;;;;;;;;;;;;;;;;;;;;;;;X;;;X;
A5771001101300;A5771001101300;SPOILER;REPAIR;;;;X;X;;;;;;;;;;;;;;;;;;;X;;;;;;;;;;;;;;;;;;;;;;;;;;;;;;;;;;;;;;;;;;;;;;;;;;;;;;;;;;;;;;;;;;;;;;;;;;X;;;X;
A5771001200000;A5771001200000;SPOILER;REPAIR;;;;X;X;;;;;;;;;;;;;;;;;;;X;;;;;;;;;;;;;;;;;;;;;;;;;;;;;;;;;;;;;;;;;;;;;;;;;;;;;;;;;;;;;;;;;;;;;;;;;;X;;;X;
A5771001200100;A5771001200100;SPOILER;REPAIR;;;;X;X;;;;;;;;;;;;;;;;;;;X;;;;;;;;;;;;;;;;;;;;;;;;;;;;;;;;;;;;;;;;;;;;;;;;;;;;;;;;;;;;;;;;;;;;;;;;;;X;;;X;
A5771001200300;A5771001200300;SPOILER;REPAIR;;;;X;X;;;;;;;;;;;;;;;;;;;X;;;;;;;;;;;;;;;;;;;;;;;;;;;;;;;;;;;;;;;;;;;;;;;;;;;;;;;;;;;;;;;;;;;;;;;;;;X;;;X;
A5771001200400;A5771001200400;SPOILER;REPAIR;;;;X;X;;;;;;;;;;;;;;;;;;;X;;;;;;;;;;;;;;;;;;;;;;;;;;;;;;;;;;;;;;;;;;;;;;;;;;;;;;;;;;;;;;;;;;;;;;;;;;X;;;X;
A5771001200500;A5771001200500;SPOILER;REPAIR;;;;X;X;;;;;;;;;;;;;;;;;;;X;;;;;;;;;;;;;;;;;;;;;;;;;;;;;;;;;;;;;;;;;;;;;;;;;;;;;;;;;;;;;;;;;;;;;;;;;;X;;;X;
A5771001200800;A5771001200800;SPOILER;REPAIR;;;;X;X;;;;;;;;;;;;;;;;;;;X;;;;;;;;;;;;;;;;;;;;;;;;;;;;;;;;;;;;;;;;;;;;;;;;;;;;;;;;;;;;;;;;;;;;;;;;;;X;;;X;
A5771001200900;A5771001200900;SPOILER;REPAIR;;;;X;X;;;;;;;;;;;;;;;;;;;X;;;;;;;;;;;;;;;;;;;;;;;;;;;;;;;;;;;;;;;;;;;;;;;;;;;;;;;;;;;;;;;;;;;;;;;;;;X;;;X;
A5771001201000;A5771001201000;SPOILER;REPAIR;;;;X;X;;;;;;;;;;;;;;;;;;;X;;;;;;;;;;;;;;;;;;;;;;;;;;;;;;;;;;;;;;;;;;;;;;;;;;;;;;;;;;;;;;;;;;;;;;;;;;X;;;X;
A5771001201100;A5771001201100;SPOILER;REPAIR;;;;X;X;;;;;;;;;;;;;;;;;;;X;;;;;;;;;;;;;;;;;;;;;;;;;;;;;;;;;;;;;;;;;;;;;;;;;;;;;;;;;;;;;;;;;;;;;;;;;;X;;;X;
A5771001201200;A5771001201200;SPOILER;REPAIR;;;;X;X;;;;;;;;;;;;;;;;;;;X;;;;;;;;;;;;;;;;;;;;;;;;;;;;;;;;;;;;;;;;;;;;;;;;;;;;;;;;;;;;;;;;;;;;;;;;;;X;;;X;
A5771001201300;A5771001201300;SPOILER;REPAIR;;;;X;X;;;;;;;;;;;;;;;;;;;X;;;;;;;;;;;;;;;;;;;;;;;;;;;;;;;;;;;;;;;;;;;;;;;;;;;;;;;;;;;;;;;;;;;;;;;;;;X;;;X;
A5771001201400;A5771001201400;SPOILER;REPAIR;;;;X;X;;;;;;;;;;;;;;;;;;;X;;;;;;;;;;;;;;;;;;;;;;;;;;;;;;;;;;;;;;;;;;;;;;;;;;;;;;;;;;;;;;;;;;;;;;;;;;X;;;X;
A5771001201500;A5771001201500;SPOILER;REPAIR;;;;X;X;;;;;;;;;;;;;;;;;;;X;;;;;;;;;;;;;;;;;;;;;;;;;;;;;;;;;;;;;;;;;;;;;;;;;;;;;;;;;;;;;;;;;;;;;;;;;;X;;;X;
A5771001201600;A5771001201600;SPOILER;REPAIR;;;;X;X;;;;;;;;;;;;;;;;;;;X;;;;;;;;;;;;;;;;;;;;;;;;;;;;;;;;;;;;;;;;;;;;;;;;;;;;;;;;;;;;;;;;;;;;;;;;;;X;;;X;
A5771001201700;A5771001201700;SPOILER;REPAIR;;;;X;X;;;;;;;;;;;;;;;;;;;X;;;;;;;;;;;;;;;;;;;;;;;;;;;;;;;;;;;;;;;;;;;;;;;;;;;;;;;;;;;;;;;;;;;;;;;;;;X;;;X;
A5771001300000;A5771001300000;SPOILER;REPAIR;;;;X;X;;;;;;;;;;;;;;;;;;;X;;;;;;;;;;;;;;;;;;;;;;;;;;;;;;;;;;;;;;;;;;;;;;;;;;;;;;;;;;;;;;;;;;;;;;;;;;X;;;X;
A5771001300095;A5771001300095;SPOILER;REPAIR;;;;X;X;;;;;;;;;;;;;;;;;;;X;;;;;;;;;;;;;;;;;;;;;;;;;;;;;;;;;;;;;;;;;;;;;;;;;;;;;;;;;;;;;;;;;;;;;;;;;;X;;;X;
A5771001300300;A5771001300300;SPOILER;REPAIR;;;;X;X;;;;;;;;;;;;;;;;;;;X;;;;;;;;;;;;;;;;;;;;;;;;;;;;;;;;;;;;;;;;;;;;;;;;;;;;;;;;;;;;;;;;;;;;;;;;;;X;;;X;
A5771001300395;A5771001300395;SPOILER;REPAIR;;;;X;X;;;;;;;;;;;;;;;;;;;X;;;;;;;;;;;;;;;;;;;;;;;;;;;;;;;;;;;;;;;;;;;;;;;;;;;;;;;;;;;;;;;;;;;;;;;;;;X;;;X;
A5771001300400;A5771001300400;SPOILER;REPAIR;;;;X;X;;;;;;;;;;;;;;;;;;;X;;;;;;;;;;;;;;;;;;;;;;;;;;;;;;;;;;;;;;;;;;;;;;;;;;;;;;;;;;;;;;;;;;;;;;;;;;X;;;X;
A5771001300495;A5771001300495;SPOILER;REPAIR;;;;X;X;;;;;;;;;;;;;;;;;;;X;;;;;;;;;;;;;;;;;;;;;;;;;;;;;;;;;;;;;;;;;;;;;;;;;;;;;;;;;;;;;;;;;;;;;;;;;;X;;;X;
A5771001300600;A5771001300600;SPOILER;REPAIR;;;;X;X;;;;;;;;;;;;;;;;;;;X;;;;;;;;;;;;;;;;;;;;;;;;;;;;;;;;;;;;;;;;;;;;;;;;;;;;;;;;;;;;;;;;;;;;;;;;;;X;;;X;
A5771001300695;A5771001300695;SPOILER;REPAIR;;;;X;X;;;;;;;;;;;;;;;;;;;X;;;;;;;;;;;;;;;;;;;;;;;;;;;;;;;;;;;;;;;;;;;;;;;;;;;;;;;;;;;;;;;;;;;;;;;;;;X;;;X;
A5771001300700;A5771001300700;SPOILER;REPAIR;;;;X;X;;;;;;;;;;;;;;;;;;;X;;;;;;;;;;;;;;;;;;;;;;;;;;;;;;;;;;;;;;;;;;;;;;;;;;;;;;;;;;;;;;;;;;;;;;;;;;X;;;X;
A5771001300800;A5771001300800;SPOILER;REPAIR;;;;X;X;;;;;;;;;;;;;;;;;;;X;;;;;;;;;;;;;;;;;;;;;;;;;;;;;;;;;;;;;;;;;;;;;;;;;;;;;;;;;;;;;;;;;;;;;;;;;;X;;;X;
A5771001300900;A5771001300900;SPOILER;REPAIR;;;;X;X;;;;;;;;;;;;;;;;;;;X;;;;;;;;;;;;;;;;;;;;;;;;;;;;;;;;;;;;;;;;;;;;;;;;;;;;;;;;;;;;;;;;;;;;;;;;;;X;;;X;
A5771001301000;A5771001301000;SPOILER;REPAIR;;;;X;X;;;;;;;;;;;;;;;;;;;X;;;;;;;;;;;;;;;;;;;;;;;;;;;;;;;;;;;;;;;;;;;;;;;;;;;;;;;;;;;;;;;;;;;;;;;;;;X;;;X;
A5771001301095;A5771001301095;SPOILER;REPAIR;;;;X;X;;;;;;;;;;;;;;;;;;;X;;;;;;;;;;;;;;;;;;;;;;;;;;;;;;;;;;;;;;;;;;;;;;;;;;;;;;;;;;;;;;;;;;;;;;;;;;X;;;X;
A5771001301100;A5771001301100;SPOILER;REPAIR;;;;X;X;;;;;;;;;;;;;;;;;;;X;;;;;;;;;;;;;;;;;;;;;;;;;;;;;;;;;;;;;;;;;;;;;;;;;;;;;;;;;;;;;;;;;;;;;;;;;;X;;;X;
A5771007600000;A5771007600000;SPOILER ASSY;REPAIR;;;;X;X;X;X;X;;;;;;;;;;;;;X;;X;;;;;;;;;;;;;;;;;;;;;;;;;;;;;;;;;;;;;;;;;;;;;;;;;;;;;;;;;;;;;;;;;;;;;;;;;;;X;;;X;
A5771007600200;A5771007600200;SPOILER ASSY;REPAIR;;;;X;X;X;X;X;;;;;;;;;;;;;X;;X;;;;;;;;;;;;;;;;;;;;;;;;;;;;;;;;;;;;;;;;;;;;;;;;;;;;;;;;;;;;;;;;;;;;;;;;;;;X;;;X;
A5771007600300;A5771007600300;SPOILER ASSY;REPAIR;;;;X;X;X;X;X;;;;;;;;;;;;;X;;X;;;;;;;;;;;;;;;;;;;;;;;;;;;;;;;;;;;;;;;;;;;;;;;;;;;;;;;;;;;;;;;;;;;;;;;;;;;X;;;X;
A5771007600600;A5771007600600;SPOILER ASSY;REPAIR;;;;X;X;X;X;X;;;;;;;;;;;;;X;;X;;;;;;;;;;;;;;;;;;;;;;;;;;;;;;;;;;;;;;;;;;;;;;;;;;;;;;;;;;;;;;;;;;;;;;;;;;;X;;;X;
A5771009600000;A5771009600000;SPOILER ASSY;REPAIR;;;;X;X;X;X;X;;;;;;;;;;;;;X;;X;;;;;;;;;;;;;;;;;;;;;;;;;;;;;;;;;;;;;;;;;;;;;;;;;;;;;;;;;;;;;;;;;;;;;;;;;;;X;;;X;
A5771009600200;A5771009600200;SPOILER ASSY;REPAIR;;;;X;X;X;X;X;;;;;;;;;;;;;X;;X;;;;;;;;;;;;;;;;;;;;;;;;;;;;;;;;;;;;;;;;;;;;;;;;;;;;;;;;;;;;;;;;;;;;;;;;;;;X;;;X;
A5771009600300;A5771009600300;SPOILER ASSY;REPAIR;;;;X;X;X;X;X;;;;;;;;;;;;;X;;X;;;;;;;;;;;;;;;;;;;;;;;;;;;;;;;;;;;;;;;;;;;;;;;;;;;;;;;;;;;;;;;;;;;;;;;;;;;X;;;X;
A5771009600400;A5771009600400;SPOILER ASSY;REPAIR;;;;X;X;X;X;X;;;;;;;;;;;;;X;;X;;;;;;;;;;;;;;;;;;;;;;;;;;;;;;;;;;;;;;;;;;;;;;;;;;;;;;;;;;;;;;;;;;;;;;;;;;;X;;;X;
A5771011600000;A5771011600000;SPOILER;REPAIR;;;;X;X;;;;;;;;;;;;;;;;;;;X;;;;;;;;;;;;;;;;;;;;;;;;;;;;;;;;;;;;;;;;;;;;;;;;;;;;;;;;;;;;;;;;;;;;;;;;;;X;;;X;
A5771011600095;A5771011600095;SPOILER;REPAIR;;;;X;X;;;;;;;;;;;;;;;;;;;X;;;;;;;;;;;;;;;;;;;;;;;;;;;;;;;;;;;;;;;;;;;;;;;;;;;;;;;;;;;;;;;;;;;;;;;;;;X;;;X;
A5771011600100;A5771011600100;SPOILER;REPAIR;;;;X;X;;;;;;;;;;;;;;;;;;;X;;;;;;;;;;;;;;;;;;;;;;;;;;;;;;;;;;;;;;;;;;;;;;;;;;;;;;;;;;;;;;;;;;;;;;;;;;X;;;X;
A5771011600200;A5771011600200;SPOILER;REPAIR;;;;X;X;;;;;;;;;;;;;;;;;;;X;;;;;;;;;;;;;;;;;;;;;;;;;;;;;;;;;;;;;;;;;;;;;;;;;;;;;;;;;;;;;;;;;;;;;;;;;;X;;;X;
A5771011600295;A5771011600295;SPOILER;REPAIR;;;;X;X;;;;;;;;;;;;;;;;;;;X;;;;;;;;;;;;;;;;;;;;;;;;;;;;;;;;;;;;;;;;;;;;;;;;;;;;;;;;;;;;;;;;;;;;;;;;;;X;;;X;
A5776150115051;A5776150115051;SPOILER;REPAIR;;;;X;X;;;;;;;;;;;;;;;;;;;X;;;;;;;;;;;;;;;;;;;;;;;;;;;;;;;;;;;;;;;;;;;;;;;;;;;;;;;;;;;;;;;;;;;;;;;;;;X;;;X;
A5776150115251;A5776150115251;SPOILER;REPAIR;;;;X;X;;;;;;;;;;;;;;;;;;;X;;;;;;;;;;;;;;;;;;;;;;;;;;;;;;;;;;;;;;;;;;;;;;;;;;;;;;;;;;;;;;;;;;;;;;;;;;X;;;X;
A5776150115451;A5776150115451;SPOILER;REPAIR;;;;X;X;;;;;;;;;;;;;;;;;;;X;;;;;;;;;;;;;;;;;;;;;;;;;;;;;;;;;;;;;;;;;;;;;;;;;;;;;;;;;;;;;;;;;;;;;;;;;;X;;;X;
A5776150115651;A5776150115651;SPOILER;REPAIR;;;;X;X;;;;;;;;;;;;;;;;;;;X;;;;;;;;;;;;;;;;;;;;;;;;;;;;;;;;;;;;;;;;;;;;;;;;;;;;;;;;;;;;;;;;;;;;;;;;;;X;;;X;
A5776150115851;A5776150115851;SPOILER;REPAIR;;;;X;X;;;;;;;;;;;;;;;;;;;X;;;;;;;;;;;;;;;;;;;;;;;;;;;;;;;;;;;;;;;;;;;;;;;;;;;;;;;;;;;;;;;;;;;;;;;;;;X;;;X;
A5776150116051;A5776150116051;SPOILER;REPAIR;;;;X;X;;;;;;;;;;;;;;;;;;;X;;;;;;;;;;;;;;;;;;;;;;;;;;;;;;;;;;;;;;;;;;;;;;;;;;;;;;;;;;;;;;;;;;;;;;;;;;X;;;X;
A5776150116251;A5776150116251;SPOILER;REPAIR;;;;X;X;;;;;;;;;;;;;;;;;;;X;;;;;;;;;;;;;;;;;;;;;;;;;;;;;;;;;;;;;;;;;;;;;;;;;;;;;;;;;;;;;;;;;;;;;;;;;;X;;;X;
A5776200116051;A5776200116051;OUTER AIRBRAKE ASSY;REPAIR;;;;X;X;;;;;;;;;;;;;;;;;;;X;;;;;;;;;;;;;;;;;;;;;;;;;;;;;;;;;;;;;;;;;;;;;;;;;;;;;;;;;;;;;;;;;;;;;;;;;;X;;;X;
A5776200116251;A5776200116251;OUTER AIRBRAKE ASSY;REPAIR;;;;X;X;;;;;;;;;;;;;;;;;;;X;;;;;;;;;;;;;;;;;;;;;;;;;;;;;;;;;;;;;;;;;;;;;;;;;;;;;;;;;;;;;;;;;;;;;;;;;;X;;;X;
A5776200116651;A5776200116651;OUTER AIRBRAKE ASSY;REPAIR;;;;X;X;;;;;;;;;;;;;;;;;;;X;;;;;;;;;;;;;;;;;;;;;;;;;;;;;;;;;;;;;;;;;;;;;;;;;;;;;;;;;;;;;;;;;;;;;;;;;;X;;;X;
A5776200116851;A5776200116851;OUTER AIRBRAKE ASSY;REPAIR;;;;X;X;;;;;;;;;;;;;;;;;;;X;;;;;;;;;;;;;;;;;;;;;;;;;;;;;;;;;;;;;;;;;;;;;;;;;;;;;;;;;;;;;;;;;;;;;;;;;;X;;;X;
A5776200117051;A5776200117051;OUTER AIRBRAKE ASSY;REPAIR;;;;X;X;;;;;;;;;;;;;;;;;;;X;;;;;;;;;;;;;;;;;;;;;;;;;;;;;;;;;;;;;;;;;;;;;;;;;;;;;;;;;;;;;;;;;;;;;;;;;;X;;;X;
A5776200117251;A5776200117251;OUTER AIRBRAKE ASSY;REPAIR;;;;X;X;;;;;;;;;;;;;;;;;;;X;;;;;;;;;;;;;;;;;;;;;;;;;;;;;;;;;;;;;;;;;;;;;;;;;;;;;;;;;;;;;;;;;;;;;;;;;;X;;;X;
A5776200117451;A5776200117451;OUTER AIRBRAKE ASSY;REPAIR;;;;X;X;;;;;;;;;;;;;;;;;;;X;;;;;;;;;;;;;;;;;;;;;;;;;;;;;;;;;;;;;;;;;;;;;;;;;;;;;;;;;;;;;;;;;;;;;;;;;;X;;;X;
A5776200118051;A5776200118051;OUTER AIRBRAKE ASSY;REPAIR;;;;X;X;;;;;;;;;;;;;;;;;;;X;;;;;;;;;;;;;;;;;;;;;;;;;;;;;;;;;;;;;;;;;;;;;;;;;;;;;;;;;;;;;;;;;;;;;;;;;;X;;;X;
A5776200118251;A5776200118251;OUTER AIRBRAKE ASSY;REPAIR;;;;X;X;;;;;;;;;;;;;;;;;;;X;;;;;;;;;;;;;;;;;;;;;;;;;;;;;;;;;;;;;;;;;;;;;;;;;;;;;;;;;;;;;;;;;;;;;;;;;;X;;;X;
A5776200118451;A5776200118451;OUTER AIRBRAKE ASSY;REPAIR;;;;X;X;;;;;;;;;;;;;;;;;;;X;;;;;;;;;;;;;;;;;;;;;;;;;;;;;;;;;;;;;;;;;;;;;;;;;;;;;;;;;;;;;;;;;;;;;;;;;;X;;;X;
A5776260115051;A5776260115051;INNER AIRBRAKE ASSY;REPAIR;;;;X;X;;;;;;;;;;;;;;;;;;;X;;;;;;;;;;;;;;;;;;;;;;;;;;;;;;;;;;;;;;;;;;;;;;;;;;;;;;;;;;;;;;;;;;;;;;;;;;X;;;X;
A5776260115251;A5776260115251;INNER AIRBRAKE ASSY;REPAIR;;;;X;X;;;;;;;;;;;;;;;;;;;X;;;;;;;;;;;;;;;;;;;;;;;;;;;;;;;;;;;;;;;;;;;;;;;;;;;;;;;;;;;;;;;;;;;;;;;;;;X;;;X;
A5776260115451;A5776260115451;INNER AIRBRAKE ASSY;REPAIR;;;;X;X;;;;;;;;;;;;;;;;;;;X;;;;;;;;;;;;;;;;;;;;;;;;;;;;;;;;;;;;;;;;;;;;;;;;;;;;;;;;;;;;;;;;;;;;;;;;;;X;;;X;
A5776260115651;A5776260115651;INNER AIRBRAKE ASSY;REPAIR;;;;X;X;;;;;;;;;;;;;;;;;;;X;;;;;;;;;;;;;;;;;;;;;;;;;;;;;;;;;;;;;;;;;;;;;;;;;;;;;;;;;;;;;;;;;;;;;;;;;;X;;;X;
A5776260115851;A5776260115851;INNER AIRBRAKE ASSY;REPAIR;;;;X;X;;;;;;;;;;;;;;;;;;;X;;;;;;;;;;;;;;;;;;;;;;;;;;;;;;;;;;;;;;;;;;;;;;;;;;;;;;;;;;;;;;;;;;;;;;;;;;X;;;X;
A5776260116051;A5776260116051;INNER AIRBRAKE ASSY;REPAIR;;;;X;X;;;;;;;;;;;;;;;;;;;X;;;;;;;;;;;;;;;;;;;;;;;;;;;;;;;;;;;;;;;;;;;;;;;;;;;;;;;;;;;;;;;;;;;;;;;;;;X;;;X;
A5776260116251;A5776260116251;INNER AIRBRAKE ASSY;REPAIR;;;;X;X;;;;;;;;;;;;;;;;;;;X;;;;;;;;;;;;;;;;;;;;;;;;;;;;;;;;;;;;;;;;;;;;;;;;;;;;;;;;;;;;;;;;;;;;;;;;;;X;;;X;
A5776260116451;A5776260116451;INNER AIRBRAKE ASSY;REPAIR;;;;X;X;;;;;;;;;;;;;;;;;;;X;;;;;;;;;;;;;;;;;;;;;;;;;;;;;;;;;;;;;;;;;;;;;;;;;;;;;;;;;;;;;;;;;;;;;;;;;;X;;;X;
A5777000000000;A5777000000000;SPOILER;REPAIR;;;;X;X;;;;;;;;;;;;;;;;;;;X;;;;;;;;;;;;;;;;;;;;;;;;;;;;;;;;;;;;;;;;;;;;;;;;;;;;;;;;;;;;;;;;;;;;;;;;;;X;;;X;
A5777000000400;A5777000000400;SPOILER;REPAIR;;;;X;X;;;;;;;;;;;;;;;;;;;X;;;;;;;;;;;;;;;;;;;;;;;;;;;;;;;;;;;;;;;;;;;;;;;;;;;;;;;;;;;;;;;;;;;;;;;;;;X;;;X;
A5777000000600;A5777000000600;SPOILER;REPAIR;;;;X;X;;;;;;;;;;;;;;;;;;;X;;;;;;;;;;;;;;;;;;;;;;;;;;;;;;;;;;;;;;;;;;;;;;;;;;;;;;;;;;;;;;;;;;;;;;;;;;X;;;X;
A5777000000800;A5777000000800;SPOILER;REPAIR;;;;X;X;;;;;;;;;;;;;;;;;;;X;;;;;;;;;;;;;;;;;;;;;;;;;;;;;;;;;;;;;;;;;;;;;;;;;;;;;;;;;;;;;;;;;;;;;;;;;;X;;;X;
A5777000001000;A5777000001000;SPOILER;REPAIR;;;;X;X;;;;;;;;;;;;;;;;;;;X;;;;;;;;;;;;;;;;;;;;;;;;;;;;;;;;;;;;;;;;;;;;;;;;;;;;;;;;;;;;;;;;;;;;;;;;;;X;;;X;
A5777000001200;A5777000001200;SPOILER;REPAIR;;;;X;X;;;;;;;;;;;;;;;;;;;X;;;;;;;;;;;;;;;;;;;;;;;;;;;;;;;;;;;;;;;;;;;;;;;;;;;;;;;;;;;;;;;;;;;;;;;;;;X;;;X;
A5777000001400;A5777000001400;SPOILER;REPAIR;;;;X;X;;;;;;;;;;;;;;;;;;;X;;;;;;;;;;;;;;;;;;;;;;;;;;;;;;;;;;;;;;;;;;;;;;;;;;;;;;;;;;;;;;;;;;;;;;;;;;X;;;X;
A5777000001600;A5777000001600;SPOILER;REPAIR;;;;X;X;;;;;;;;;;;;;;;;;;;X;;;;;;;;;;;;;;;;;;;;;;;;;;;;;;;;;;;;;;;;;;;;;;;;;;;;;;;;;;;;;;;;;;;;;;;;;;X;;;X;
A5777005000000;A5777005000000;SPOILER;REPAIR;;;;X;X;;;;;;;;;;;;;;;;;;;X;;;;;;;;;;;;;;;;;;;;;;;;;;;;;;;;;;;;;;;;;;;;;;;;;;;;;;;;;;;;;;;;;;;;;;;;;;X;;;X;
A5777005000400;A5777005000400;SPOILER;REPAIR;;;;X;X;;;;;;;;;;;;;;;;;;;X;;;;;;;;;;;;;;;;;;;;;;;;;;;;;;;;;;;;;;;;;;;;;;;;;;;;;;;;;;;;;;;;;;;;;;;;;;X;;;X;
A5777005000600;A5777005000600;SPOILER;REPAIR;;;;X;X;;;;;;;;;;;;;;;;;;;X;;;;;;;;;;;;;;;;;;;;;;;;;;;;;;;;;;;;;;;;;;;;;;;;;;;;;;;;;;;;;;;;;;;;;;;;;;X;;;X;
A5777005000800;A5777005000800;SPOILER;REPAIR;;;;X;X;;;;;;;;;;;;;;;;;;;X;;;;;;;;;;;;;;;;;;;;;;;;;;;;;;;;;;;;;;;;;;;;;;;;;;;;;;;;;;;;;;;;;;;;;;;;;;X;;;X;
A5777005001000;A5777005001000;SPOILER;REPAIR;;;;X;X;;;;;;;;;;;;;;;;;;;X;;;;;;;;;;;;;;;;;;;;;;;;;;;;;;;;;;;;;;;;;;;;;;;;;;;;;;;;;;;;;;;;;;;;;;;;;;X;;;X;
A5777005001200;A5777005001200;SPOILER;REPAIR;;;;X;X;;;;;;;;;;;;;;;;;;;X;;;;;;;;;;;;;;;;;;;;;;;;;;;;;;;;;;;;;;;;;;;;;;;;;;;;;;;;;;;;;;;;;;;;;;;;;;X;;;X;
A5777005001400;A5777005001400;SPOILER;REPAIR;;;;X;X;;;;;;;;;;;;;;;;;;;X;;;;;;;;;;;;;;;;;;;;;;;;;;;;;;;;;;;;;;;;;;;;;;;;;;;;;;;;;;;;;;;;;;;;;;;;;;X;;;X;
A5777006000000;A5777006000000;SPOILER;REPAIR;;;;X;X;;;;;;;;;;;;;;;;;;;X;;;;;;;;;;;;;;;;;;;;;;;;;;;;;;;;;;;;;;;;;;;;;;;;;;;;;;;;;;;;;;;;;;;;;;;;;;X;;;X;
A5777006000400;A5777006000400;SPOILER;REPAIR;;;;X;X;;;;;;;;;;;;;;;;;;;X;;;;;;;;;;;;;;;;;;;;;;;;;;;;;;;;;;;;;;;;;;;;;;;;;;;;;;;;;;;;;;;;;;;;;;;;;;X;;;X;
A5777006000600;A5777006000600;SPOILER;REPAIR;;;;X;X;;;;;;;;;;;;;;;;;;;X;;;;;;;;;;;;;;;;;;;;;;;;;;;;;;;;;;;;;;;;;;;;;;;;;;;;;;;;;;;;;;;;;;;;;;;;;;X;;;X;
A5777006000800;A5777006000800;SPOILER;REPAIR;;;;X;X;;;;;;;;;;;;;;;;;;;X;;;;;;;;;;;;;;;;;;;;;;;;;;;;;;;;;;;;;;;;;;;;;;;;;;;;;;;;;;;;;;;;;;;;;;;;;;X;;;X;
A5777006001000;A5777006001000;SPOILER;REPAIR;;;;X;X;;;;;;;;;;;;;;;;;;;X;;;;;;;;;;;;;;;;;;;;;;;;;;;;;;;;;;;;;;;;;;;;;;;;;;;;;;;;;;;;;;;;;;;;;;;;;;X;;;X;
A5777006001200;A5777006001200;SPOILER;REPAIR;;;;X;X;;;;;;;;;;;;;;;;;;;X;;;;;;;;;;;;;;;;;;;;;;;;;;;;;;;;;;;;;;;;;;;;;;;;;;;;;;;;;;;;;;;;;;;;;;;;;;X;;;X;
A5777006001400;A5777006001400;SPOILER;REPAIR;;;;X;X;;;;;;;;;;;;;;;;;;;X;;;;;;;;;;;;;;;;;;;;;;;;;;;;;;;;;;;;;;;;;;;;;;;;;;;;;;;;;;;;;;;;;;;;;;;;;;X;;;X;
A5777100000200;A5777100000200;SPOILER;REPAIR;;;;X;X;X;X;;;;;;;;;;;;;;X;;;X;;;;;;;;;;;;;;;;;;;;;;;;;;;;;;;;;;;;;;;;;;;;;;;;;;;;;;;;;;;;;;;;;;;;;;;;;;X;;;X;
A5777100000400;A5777100000400;SPOILER;REPAIR;;;;X;X;X;X;X;;;;;;;;;;;;;X;;;X;;;;;;;;;;;;;;;;;;;;;;;;;;;;;;;;;;;;;;;;;;;;;;;;;;;;;;;;;;;;;;;;;;;;;;;;;;X;;;X;
A5777100000800;A5777100000800;SPOILER;REPAIR;;;;X;X;X;X;;;;;;;;;;;;;;X;;;X;;;;;;;;;;;;;;;;;;;;;;;;;;;;;;;;;;;;;;;;;;;;;;;;;;;;;;;;;;;;;;;;;;;;;;;;;;X;;;X;
A5777100001000;A5777100001000;SPOILER;REPAIR;;;;X;X;X;X;;;;;;;;;;;;;;X;;;X;;;;;;;;;;;;;;;;;;;;;;;;;;;;;;;;;;;;;;;;;;;;;;;;;;;;;;;;;;;;;;;;;;;;;;;;;;X;;;X;
A5777101000400;A5777101000400;SPOILER;REPAIR;;;;X;X;X;X;;;;;;;;;;;;;;X;;;X;;;;;;;;;;;;;;;;;;;;;;;;;;;;;;;;;;;;;;;;;;;;;;;;;;;;;;;;;;;;;;;;;;;;;;;;;;X;;;X;
A5777101000600;A5777101000600;SPOILER;REPAIR;;;;X;X;X;X;X;;;;;;;;;;;;;X;;;;;;;;;;;;;;;;;;;;;;;;;;;;;;;;;;;;;;;;;;;;;;;;;;;;;;;;;;;;;;;;;;;;;;;;;;;;;X;;;X;
A5777150000200;A5777150000200;SPOILER;REPAIR;;;;X;X;X;X;;;;;;;;;;;;;;X;;;X;;;;;;;;;;;;;;;;;;;;;;;;;;;;;;;;;;;;;;;;;;;;;;;;;;;;;;;;;;;;;;;;;;;;;;;;;;X;;;X;
A5777150000600;A5777150000600;SPOILER;REPAIR;;;;X;X;X;X;;;;;;;;;;;;;;X;;;X;;;;;;;;;;;;;;;;;;;;;;;;;;;;;;;;;;;;;;;;;;;;;;;;;;;;;;;;;;;;;;;;;;;;;;;;;;X;;;X;
A5784310000051;A5784310000051;SLAT NO. 1;REPAIR;;;;X;X;;;;;;;;;;;;;;;;;;;X;;;;;;;;;;;;;;;;;;;;;;;;;;;;;;;;;;;;;;;;;;;;;;;;;;;;;;;;;;;;;;;;;;;;;;;;;;X;;;X;
A5784310000151;A5784310000151;SLAT NO. 1;REPAIR;;;;X;X;;;;;;;;;;;;;;;;;;;X;;;;;;;;;;;;;;;;;;;;;;;;;;;;;;;;;;;;;;;;;;;;;;;;;;;;;;;;;;;;;;;;;;;;;;;;;;X;;;X;
A5784310000851;A5784310000851;SLAT NO. 1;REPAIR;;;;X;X;;;;;;;;;;;;;;;;;;;X;;;;;;;;;;;;;;;;;;;;;;;;;;;;;;;;;;;;;;;;;;;;;;;;;;;;;;;;;;;;;;;;;;;;;;;;;;X;;;X;
A5784310000951;A5784310000951;SLAT NO. 1;REPAIR;;;;X;X;;;;;;;;;;;;;;;;;;;X;;;;;;;;;;;;;;;;;;;;;;;;;;;;;;;;;;;;;;;;;;;;;;;;;;;;;;;;;;;;;;;;;;;;;;;;;;X;;;X;
A5784310001051;A5784310001051;SLAT NO. 1;REPAIR;;;;X;X;;;;;;;;;;;;;;;;;;;X;;;;;;;;;;;;;;;;;;;;;;;;;;;;;;;;;;;;;;;;;;;;;;;;;;;;;;;;;;;;;;;;;;;;;;;;;;X;;;X;
A5784310001151;A5784310001151;SLAT NO. 1;REPAIR;;;;X;X;;;;;;;;;;;;;;;;;;;X;;;;;;;;;;;;;;;;;;;;;;;;;;;;;;;;;;;;;;;;;;;;;;;;;;;;;;;;;;;;;;;;;;;;;;;;;;X;;;X;
A5784310001851;A5784310001851;SLAT NO. 1;REPAIR;;;;X;X;;;;;;;;;;;;;;;;;;;X;;;;;;;;;;;;;;;;;;;;;;;;;;;;;;;;;;;;;;;;;;;;;;;;;;;;;;;;;;;;;;;;;;;;;;;;;;X;;;X;
A5784310001951;A5784310001951;SLAT NO. 1;REPAIR;;;;X;X;;;;;;;;;;;;;;;;;;;X;;;;;;;;;;;;;;;;;;;;;;;;;;;;;;;;;;;;;;;;;;;;;;;;;;;;;;;;;;;;;;;;;;;;;;;;;;X;;;X;
A5784320100000;A5784320100000;SLAT NO. 2;REPAIR;;;;X;X;;;;;;;;;;;;;;;;;;;X;;;;;;;;;;;;;;;;;;;;;;;;;;;;;;;;;;;;;;;;;;;;;;;;;;;;;;;;;;;;;;;;;;;;;;;;;;X;;;X;
A5784320100100;A5784320100100;SLAT NO. 2;REPAIR;;;;X;X;;;;;;;;;;;;;;;;;;;X;;;;;;;;;;;;;;;;;;;;;;;;;;;;;;;;;;;;;;;;;;;;;;;;;;;;;;;;;;;;;;;;;;;;;;;;;;X;;;X;
A5784320100200;A5784320100200;SLAT NO. 2;REPAIR;;;;X;X;;;;;;;;;;;;;;;;;;;X;;;;;;;;;;;;;;;;;;;;;;;;;;;;;;;;;;;;;;;;;;;;;;;;;;;;;;;;;;;;;;;;;;;;;;;;;;X;;;X;
A5784320100300;A5784320100300;SLAT NO. 2;REPAIR;;;;X;X;;;;;;;;;;;;;;;;;;;X;;;;;;;;;;;;;;;;;;;;;;;;;;;;;;;;;;;;;;;;;;;;;;;;;;;;;;;;;;;;;;;;;;;;;;;;;;X;;;X;
A5784320100400;A5784320100400;SLAT NO. 2;REPAIR;;;;X;X;;;;;;;;;;;;;;;;;;;X;;;;;;;;;;;;;;;;;;;;;;;;;;;;;;;;;;;;;;;;;;;;;;;;;;;;;;;;;;;;;;;;;;;;;;;;;;X;;;X;
A5784320100500;A5784320100500;SLAT NO. 2;REPAIR;;;;X;X;;;;;;;;;;;;;;;;;;;X;;;;;;;;;;;;;;;;;;;;;;;;;;;;;;;;;;;;;;;;;;;;;;;;;;;;;;;;;;;;;;;;;;;;;;;;;;X;;;X;
A5784320100600;A5784320100600;SLAT NO. 2;REPAIR;;;;X;X;;;;;;;;;;;;;;;;;;;X;;;;;;;;;;;;;;;;;;;;;;;;;;;;;;;;;;;;;;;;;;;;;;;;;;;;;;;;;;;;;;;;;;;;;;;;;;X;;;X;
A5784320100700;A5784320100700;SLAT NO. 2;REPAIR;;;;X;X;;;;;;;;;;;;;;;;;;;X;;;;;;;;;;;;;;;;;;;;;;;;;;;;;;;;;;;;;;;;;;;;;;;;;;;;;;;;;;;;;;;;;;;;;;;;;;X;;;X;
A5784330100000;A5784330100000;SLAT NO. 3;REPAIR;;;;X;X;;;;;;;;;;;;;;;;;;;X;;;;;;;;;;;;;;;;;;;;;;;;;;;;;;;;;;;;;;;;;;;;;;;;;;;;;;;;;;;;;;;;;;;;;;;;;;X;;;X;
A5784330100100;A5784330100100;SLAT NO. 3;REPAIR;;;;X;X;;;;;;;;;;;;;;;;;;;X;;;;;;;;;;;;;;;;;;;;;;;;;;;;;;;;;;;;;;;;;;;;;;;;;;;;;;;;;;;;;;;;;;;;;;;;;;X;;;X;
A5784330100200;A5784330100200;SLAT NO. 3;REPAIR;;;;X;X;;;;;;;;;;;;;;;;;;;X;;;;;;;;;;;;;;;;;;;;;;;;;;;;;;;;;;;;;;;;;;;;;;;;;;;;;;;;;;;;;;;;;;;;;;;;;;X;;;X;
A5784330100300;A5784330100300;SLAT NO. 3;REPAIR;;;;X;X;;;;;;;;;;;;;;;;;;;X;;;;;;;;;;;;;;;;;;;;;;;;;;;;;;;;;;;;;;;;;;;;;;;;;;;;;;;;;;;;;;;;;;;;;;;;;;X;;;X;
A5784330100400;A5784330100400;SLAT NO. 3;REPAIR;;;;X;X;;;;;;;;;;;;;;;;;;;X;;;;;;;;;;;;;;;;;;;;;;;;;;;;;;;;;;;;;;;;;;;;;;;;;;;;;;;;;;;;;;;;;;;;;;;;;;X;;;X;
A5784330100500;A5784330100500;SLAT NO. 3;REPAIR;;;;X;X;;;;;;;;;;;;;;;;;;;X;;;;;;;;;;;;;;;;;;;;;;;;;;;;;;;;;;;;;;;;;;;;;;;;;;;;;;;;;;;;;;;;;;;;;;;;;;X;;;X;
A5784392000051;A5784392000051;SLAT NO. 1;REPAIR;;;;X;X;;;;;;;;;;;;;;;;;;;X;;;;;;;;;;;;;;;;;;;;;;;;;;;;;;;;;;;;;;;;;;;;;;;;;;;;;;;;;;;;;;;;;;;;;;;;;;X;;;X;
A5784392000151;A5784392000151;SLAT NO. 1;REPAIR;;;;X;X;;;;;;;;;;;;;;;;;;;X;;;;;;;;;;;;;;;;;;;;;;;;;;;;;;;;;;;;;;;;;;;;;;;;;;;;;;;;;;;;;;;;;;;;;;;;;;X;;;X;
A5784410000051;A5784410000051;SLAT NO. 1;REPAIR;;;;X;X;;;;;;;;;;;;;;;;;;;X;;;;;;;;;;;;;;;;;;;;;;;;;;;;;;;;;;;;;;;;;;;;;;;;;;;;;;;;;;;;;;;;;;;;;;;;;;X;;;X;
A5784410000151;A5784410000151;SLAT NO. 1;REPAIR;;;;X;X;;;;;;;;;;;;;;;;;;;X;;;;;;;;;;;;;;;;;;;;;;;;;;;;;;;;;;;;;;;;;;;;;;;;;;;;;;;;;;;;;;;;;;;;;;;;;;X;;;X;
A5784410000251;A5784410000251;SLAT NO. 1;REPAIR;;;;X;X;;;;;;;;;;;;;;;;;;;X;;;;;;;;;;;;;;;;;;;;;;;;;;;;;;;;;;;;;;;;;;;;;;;;;;;;;;;;;;;;;;;;;;;;;;;;;;X;;;X;
A5784410000351;A5784410000351;SLAT NO. 1;REPAIR;;;;X;X;;;;;;;;;;;;;;;;;;;X;;;;;;;;;;;;;;;;;;;;;;;;;;;;;;;;;;;;;;;;;;;;;;;;;;;;;;;;;;;;;;;;;;;;;;;;;;X;;;X;
A5784410000451;A5784410000451;SLAT NO. 1;REPAIR;;;;X;X;;;;;;;;;;;;;;;;;;;X;;;;;;;;;;;;;;;;;;;;;;;;;;;;;;;;;;;;;;;;;;;;;;;;;;;;;;;;;;;;;;;;;;;;;;;;;;X;;;X;
A5784410000551;A5784410000551;SLAT NO. 1;REPAIR;;;;X;X;;;;;;;;;;;;;;;;;;;X;;;;;;;;;;;;;;;;;;;;;;;;;;;;;;;;;;;;;;;;;;;;;;;;;;;;;;;;;;;;;;;;;;;;;;;;;;X;;;X;
A5784410001051;A5784410001051;SLAT NO. 1;REPAIR;;;;X;X;;;;;;;;;;;;;;;;;;;X;;;;;;;;;;;;;;;;;;;;;;;;;;;;;;;;;;;;;;;;;;;;;;;;;;;;;;;;;;;;;;;;;;;;;;;;;;X;;;X;
A5784410001151;A5784410001151;SLAT NO. 1;REPAIR;;;;X;X;;;;;;;;;;;;;;;;;;;X;;;;;;;;;;;;;;;;;;;;;;;;;;;;;;;;;;;;;;;;;;;;;;;;;;;;;;;;;;;;;;;;;;;;;;;;;;X;;;X;
A5784420100000;A5784420100000;SLAT NO. 2;REPAIR;;;;X;X;;;;;;;;;;;;;;;;;;;X;;;;;;;;;;;;;;;;;;;;;;;;;;;;;;;;;;;;;;;;;;;;;;;;;;;;;;;;;;;;;;;;;;;;;;;;;;X;;;X;
A5784420100100;A5784420100100;SLAT 2;REPAIR;;;;X;X;X;X;X;;;;;;;;;;;;;X;;X;;;;;;;;;;;;;;;;;;;;;;;;;;;;;;;;;;;;;;;;;;;;;;;;;;;;;;;;;;;;;;;;;;;;;;;;;;;X;;;X;
A5784424200000;A5784424200000;SLAT NO. 2;REPAIR;;;;X;X;;;;;;;;;;;;;;;;;;;X;;;;;;;;;;;;;;;;;;;;;;;;;;;;;;;;;;;;;;;;;;;;;;;;;;;;;;;;;;;;;;;;;;;;;;;;;;X;;;X;
A5784424200100;A5784424200100;SLAT NO. 2;REPAIR;;;;X;X;;;;;;;;;;;;;;;;;;;X;;;;;;;;;;;;;;;;;;;;;;;;;;;;;;;;;;;;;;;;;;;;;;;;;;;;;;;;;;;;;;;;;;;;;;;;;;X;;;X;
A5784430100000;A5784430100000;SLAT NO. 3;REPAIR;;;;X;X;;;;;;;;;;;;;;;;;;;X;;;;;;;;;;;;;;;;;;;;;;;;;;;;;;;;;;;;;;;;;;;;;;;;;;;;;;;;;;;;;;;;;;;;;;;;;;X;;;X;
A5784430100100;A5784430100100;SLAT NO. 3;REPAIR;;;;X;X;;;;;;;;;;;;;;;;;;;X;;;;;;;;;;;;;;;;;;;;;;;;;;;;;;;;;;;;;;;;;;;;;;;;;;;;;;;;;;;;;;;;;;;;;;;;;;X;;;X;
A5784434100000;A5784434100000;SLAT NO. 3;REPAIR;;;;X;X;;;;;;;;;;;;;;;;;;;X;;;;;;;;;;;;;;;;;;;;;;;;;;;;;;;;;;;;;;;;;;;;;;;;;;;;;;;;;;;;;;;;;;;;;;;;;;X;;;X;
A5784434100100;A5784434100100;SLAT NO. 3;REPAIR;;;;X;X;;;;;;;;;;;;;;;;;;;X;;;;;;;;;;;;;;;;;;;;;;;;;;;;;;;;;;;;;;;;;;;;;;;;;;;;;;;;;;;;;;;;;;;;;;;;;;X;;;X;
A5784434200000;A5784434200000;SLAT NO. 3;REPAIR;;;;X;X;;;;;;;;;;;;;;;;;;;X;;;;;;;;;;;;;;;;;;;;;;;;;;;;;;;;;;;;;;;;;;;;;;;;;;;;;;;;;;;;;;;;;;;;;;;;;;X;;;X;
A5784434200100;A5784434200100;SLAT NO. 3;REPAIR;;;;X;X;;;;;;;;;;;;;;;;;;;X;;;;;;;;;;;;;;;;;;;;;;;;;;;;;;;;;;;;;;;;;;;;;;;;;;;;;;;;;;;;;;;;;;;;;;;;;;X;;;X;
A5784439000000;A5784439000000;SLAT 3;REPAIR;;;;X;X;X;X;X;;;;;;;;;;;;;X;;X;;;;;;;;;;;;;;;;;;;;;;;;;;;;;;;;;;;;;;;;;;;;;;;;;;;;;;;;;;;;;;;;;;;;;;;;;;;X;;;X;
A5784439000100;A5784439000100;SLAT NO. 3;REPAIR;;;;X;X;;;;;;;;;;;;;;;;;;;X;;;;;;;;;;;;;;;;;;;;;;;;;;;;;;;;;;;;;;;;;;;;;;;;;;;;;;;;;;;;;;;;;;;;;;;;;;X;;;X;
A5784450000000;A5784450000000;KRUEGER ASSY;BENCH TEST;;;;X;X;X;X;;;;;;;;;;;;;;X;;X;;;;;;;;;;;;;;;;;;;;;;;;;;;;;;;;;;;;;;;;;;;;;;;;;;;;;;;;;;;;;;;;;;;;;;;;;;;X;;;X;
A5786300115400;A5786300115400;SLAT ASSEMBLE NO. 1;REPAIR;;;;X;X;;;;;;;;;;;;;;;;;;;X;;;;;;;;;;;;;;;;;;;;;;;;;;;;;;;;;;;;;;;;;;;;;;;;;;;;;;;;;;;;;;;;;;;;;;;;;;X;;;X;
A5786300115500;A5786300115500;SLAT ASSEMBLE NO. 1;REPAIR;;;;X;X;;;;;;;;;;;;;;;;;;;X;;;;;;;;;;;;;;;;;;;;;;;;;;;;;;;;;;;;;;;;;;;;;;;;;;;;;;;;;;;;;;;;;;;;;;;;;;X;;;X;
A5786300115800;A5786300115800;SLAT ASSEMBLE NO. 1;REPAIR;;;;X;X;;;;;;;;;;;;;;;;;;;X;;;;;;;;;;;;;;;;;;;;;;;;;;;;;;;;;;;;;;;;;;;;;;;;;;;;;;;;;;;;;;;;;;;;;;;;;;X;;;X;
A5786300115900;A5786300115900;SLAT ASSEMBLE NO. 1;REPAIR;;;;X;X;;;;;;;;;;;;;;;;;;;X;;;;;;;;;;;;;;;;;;;;;;;;;;;;;;;;;;;;;;;;;;;;;;;;;;;;;;;;;;;;;;;;;;;;;;;;;;X;;;X;
A5786300116200;A5786300116200;SLAT ASSEMBLE NO. 1;REPAIR;;;;X;X;;;;;;;;;;;;;;;;;;;X;;;;;;;;;;;;;;;;;;;;;;;;;;;;;;;;;;;;;;;;;;;;;;;;;;;;;;;;;;;;;;;;;;;;;;;;;;X;;;X;
A5786300116300;A5786300116300;SLAT ASSEMBLE NO. 1;REPAIR;;;;X;X;;;;;;;;;;;;;;;;;;;X;;;;;;;;;;;;;;;;;;;;;;;;;;;;;;;;;;;;;;;;;;;;;;;;;;;;;;;;;;;;;;;;;;;;;;;;;;X;;;X;
A5786300117000;A5786300117000;SLAT ASSEMBLE NO. 1;REPAIR;;;;X;X;;;;;;;;;;;;;;;;;;;X;;;;;;;;;;;;;;;;;;;;;;;;;;;;;;;;;;;;;;;;;;;;;;;;;;;;;;;;;;;;;;;;;;;;;;;;;;X;;;X;
A5786300117100;A5786300117100;SLAT ASSEMBLE NO. 1;REPAIR;;;;X;X;;;;;;;;;;;;;;;;;;;X;;;;;;;;;;;;;;;;;;;;;;;;;;;;;;;;;;;;;;;;;;;;;;;;;;;;;;;;;;;;;;;;;;;;;;;;;;X;;;X;
A5786300117200;A5786300117200;SLAT ASSEMBLE NO. 1;REPAIR;;;;X;X;;;;;;;;;;;;;;;;;;;X;;;;;;;;;;;;;;;;;;;;;;;;;;;;;;;;;;;;;;;;;;;;;;;;;;;;;;;;;;;;;;;;;;;;;;;;;;X;;;X;
A5786300117300;A5786300117300;SLAT ASSEMBLE NO. 1;REPAIR;;;;X;X;;;;;;;;;;;;;;;;;;;X;;;;;;;;;;;;;;;;;;;;;;;;;;;;;;;;;;;;;;;;;;;;;;;;;;;;;;;;;;;;;;;;;;;;;;;;;;X;;;X;
A5786300117400;A5786300117400;SLAT ASSEMBLE NO. 1;REPAIR;;;;X;X;;;;;;;;;;;;;;;;;;;X;;;;;;;;;;;;;;;;;;;;;;;;;;;;;;;;;;;;;;;;;;;;;;;;;;;;;;;;;;;;;;;;;;;;;;;;;;X;;;X;
A5786300117500;A5786300117500;SLAT ASSEMBLE NO. 1;REPAIR;;;;X;X;;;;;;;;;;;;;;;;;;;X;;;;;;;;;;;;;;;;;;;;;;;;;;;;;;;;;;;;;;;;;;;;;;;;;;;;;;;;;;;;;;;;;;;;;;;;;;X;;;X;
A5786300117600;A5786300117600;SLAT ASSEMBLE NO. 1;REPAIR;;;;X;X;;;;;;;;;;;;;;;;;;;X;;;;;;;;;;;;;;;;;;;;;;;;;;;;;;;;;;;;;;;;;;;;;;;;;;;;;;;;;;;;;;;;;;;;;;;;;;X;;;X;
A5786300117700;A5786300117700;SLAT ASSEMBLE NO. 1;REPAIR;;;;X;X;;;;;;;;;;;;;;;;;;;X;;;;;;;;;;;;;;;;;;;;;;;;;;;;;;;;;;;;;;;;;;;;;;;;;;;;;;;;;;;;;;;;;;;;;;;;;;X;;;X;
A5786300117800;A5786300117800;SLAT ASSEMBLE NO. 1;REPAIR;;;;X;X;;;;;;;;;;;;;;;;;;;X;;;;;;;;;;;;;;;;;;;;;;;;;;;;;;;;;;;;;;;;;;;;;;;;;;;;;;;;;;;;;;;;;;;;;;;;;;X;;;X;
A5786300117900;A5786300117900;SLAT ASSEMBLE NO. 1;REPAIR;;;;X;X;;;;;;;;;;;;;;;;;;;X;;;;;;;;;;;;;;;;;;;;;;;;;;;;;;;;;;;;;;;;;;;;;;;;;;;;;;;;;;;;;;;;;;;;;;;;;;X;;;X;
A5786300118000;A5786300118000;SLAT ASSEMBLE NO. 1;REPAIR;;;;X;X;;;;;;;;;;;;;;;;;;;X;;;;;;;;;;;;;;;;;;;;;;;;;;;;;;;;;;;;;;;;;;;;;;;;;;;;;;;;;;;;;;;;;;;;;;;;;;X;;;X;
A5786300118100;A5786300118100;SLAT ASSEMBLE NO. 1;REPAIR;;;;X;X;;;;;;;;;;;;;;;;;;;X;;;;;;;;;;;;;;;;;;;;;;;;;;;;;;;;;;;;;;;;;;;;;;;;;;;;;;;;;;;;;;;;;;;;;;;;;;X;;;X;
A5786300118200;A5786300118200;SLAT ASSEMBLE NO. 1;REPAIR;;;;X;X;;;;;;;;;;;;;;;;;;;X;;;;;;;;;;;;;;;;;;;;;;;;;;;;;;;;;;;;;;;;;;;;;;;;;;;;;;;;;;;;;;;;;;;;;;;;;;X;;;X;
A5786300118300;A5786300118300;SLAT ASSEMBLE NO. 1;REPAIR;;;;X;X;;;;;;;;;;;;;;;;;;;X;;;;;;;;;;;;;;;;;;;;;;;;;;;;;;;;;;;;;;;;;;;;;;;;;;;;;;;;;;;;;;;;;;;;;;;;;;X;;;X;
A5786300118400;A5786300118400;SLAT ASSEMBLE NO. 1;REPAIR;;;;X;X;;;;;;;;;;;;;;;;;;;X;;;;;;;;;;;;;;;;;;;;;;;;;;;;;;;;;;;;;;;;;;;;;;;;;;;;;;;;;;;;;;;;;;;;;;;;;;X;;;X;
A5786300118500;A5786300118500;SLAT ASSEMBLE NO. 1;REPAIR;;;;X;X;;;;;;;;;;;;;;;;;;;X;;;;;;;;;;;;;;;;;;;;;;;;;;;;;;;;;;;;;;;;;;;;;;;;;;;;;;;;;;;;;;;;;;;;;;;;;;X;;;X;
A5786320115000;A5786320115000;SLAT NO. 1;REPAIR;;;;X;X;;;;;;;;;;;;;;;;;;;X;;;;;;;;;;;;;;;;;;;;;;;;;;;;;;;;;;;;;;;;;;;;;;;;;;;;;;;;;;;;;;;;;;;;;;;;;;X;;;X;
A5786320115100;A5786320115100;SLAT NO. 1;REPAIR;;;;X;X;;;;;;;;;;;;;;;;;;;X;;;;;;;;;;;;;;;;;;;;;;;;;;;;;;;;;;;;;;;;;;;;;;;;;;;;;;;;;;;;;;;;;;;;;;;;;;X;;;X;
A5786320115400;A5786320115400;SLAT NO. 1;REPAIR;;;;X;X;;;;;;;;;;;;;;;;;;;X;;;;;;;;;;;;;;;;;;;;;;;;;;;;;;;;;;;;;;;;;;;;;;;;;;;;;;;;;;;;;;;;;;;;;;;;;;X;;;X;
A5786320115500;A5786320115500;SLAT NO. 1;REPAIR;;;;X;X;;;;;;;;;;;;;;;;;;;X;;;;;;;;;;;;;;;;;;;;;;;;;;;;;;;;;;;;;;;;;;;;;;;;;;;;;;;;;;;;;;;;;;;;;;;;;;X;;;X;
A5786320115600;A5786320115600;SLAT NO. 1;REPAIR;;;;X;X;;;;;;;;;;;;;;;;;;;X;;;;;;;;;;;;;;;;;;;;;;;;;;;;;;;;;;;;;;;;;;;;;;;;;;;;;;;;;;;;;;;;;;;;;;;;;;X;;;X;
A5786320115700;A5786320115700;SLAT NO. 1;REPAIR;;;;X;X;;;;;;;;;;;;;;;;;;;X;;;;;;;;;;;;;;;;;;;;;;;;;;;;;;;;;;;;;;;;;;;;;;;;;;;;;;;;;;;;;;;;;;;;;;;;;;X;;;X;
A5786325115000;A5786325115000;SLAT NO. 1;REPAIR;;;;X;X;;;;;;;;;;;;;;;;;;;X;;;;;;;;;;;;;;;;;;;;;;;;;;;;;;;;;;;;;;;;;;;;;;;;;;;;;;;;;;;;;;;;;;;;;;;;;;X;;;X;
A5786325115100;A5786325115100;SLAT NO. 1;REPAIR;;;;X;X;;;;;;;;;;;;;;;;;;;X;;;;;;;;;;;;;;;;;;;;;;;;;;;;;;;;;;;;;;;;;;;;;;;;;;;;;;;;;;;;;;;;;;;;;;;;;;X;;;X;
A5786325115400;A5786325115400;SLAT NO. 1;REPAIR;;;;X;X;;;;;;;;;;;;;;;;;;;X;;;;;;;;;;;;;;;;;;;;;;;;;;;;;;;;;;;;;;;;;;;;;;;;;;;;;;;;;;;;;;;;;;;;;;;;;;X;;;X;
A5786325115500;A5786325115500;SLAT NO. 1;REPAIR;;;;X;X;;;;;;;;;;;;;;;;;;;X;;;;;;;;;;;;;;;;;;;;;;;;;;;;;;;;;;;;;;;;;;;;;;;;;;;;;;;;;;;;;;;;;;;;;;;;;;X;;;X;
A5786325115600;A5786325115600;SLAT NO. 1;REPAIR;;;;X;X;;;;;;;;;;;;;;;;;;;X;;;;;;;;;;;;;;;;;;;;;;;;;;;;;;;;;;;;;;;;;;;;;;;;;;;;;;;;;;;;;;;;;;;;;;;;;;X;;;X;
A5786325115700;A5786325115700;SLAT NO. 1;REPAIR;;;;X;X;;;;;;;;;;;;;;;;;;;X;;;;;;;;;;;;;;;;;;;;;;;;;;;;;;;;;;;;;;;;;;;;;;;;;;;;;;;;;;;;;;;;;;;;;;;;;;X;;;X;
A5786325115800;A5786325115800;SLAT NO. 1;REPAIR;;;;X;X;;;;;;;;;;;;;;;;;;;X;;;;;;;;;;;;;;;;;;;;;;;;;;;;;;;;;;;;;;;;;;;;;;;;;;;;;;;;;;;;;;;;;;;;;;;;;;X;;;X;
A5786325115900;A5786325115900;SLAT NO. 1;REPAIR;;;;X;X;;;;;;;;;;;;;;;;;;;X;;;;;;;;;;;;;;;;;;;;;;;;;;;;;;;;;;;;;;;;;;;;;;;;;;;;;;;;;;;;;;;;;;;;;;;;;;X;;;X;
A5786325116000;A5786325116000;SLAT NO. 1;REPAIR;;;;X;X;;;;;;;;;;;;;;;;;;;X;;;;;;;;;;;;;;;;;;;;;;;;;;;;;;;;;;;;;;;;;;;;;;;;;;;;;;;;;;;;;;;;;;;;;;;;;;X;;;X;
A5786325116100;A5786325116100;SLAT NO. 1;REPAIR;;;;X;X;;;;;;;;;;;;;;;;;;;X;;;;;;;;;;;;;;;;;;;;;;;;;;;;;;;;;;;;;;;;;;;;;;;;;;;;;;;;;;;;;;;;;;;;;;;;;;X;;;X;
A5786325116200;A5786325116200;SLAT NO. 1;REPAIR;;;;X;X;;;;;;;;;;;;;;;;;;;X;;;;;;;;;;;;;;;;;;;;;;;;;;;;;;;;;;;;;;;;;;;;;;;;;;;;;;;;;;;;;;;;;;;;;;;;;;X;;;X;
A5786325116300;A5786325116300;SLAT NO. 1;REPAIR;;;;X;X;X;X;X;;;;;;;;;;;;;X;;;X;;;;;;;;;;;;;;;;;;;;;;;;;;;;;;;;;;;;;;;;;;;;;;;;;;;;;;;;;;;;;;;;;;;;;;;;;;X;;;X;
A5786325116400;A5786325116400;SLAT NO. 1;REPAIR;;;;X;X;;;;;;;;;;;;;;;;;;;X;;;;;;;;;;;;;;;;;;;;;;;;;;;;;;;;;;;;;;;;;;;;;;;;;;;;;;;;;;;;;;;;;;;;;;;;;;X;;;X;
A5786325116500;A5786325116500;SLAT NO. 1;REPAIR;;;;X;X;;;;;;;;;;;;;;;;;;;X;;;;;;;;;;;;;;;;;;;;;;;;;;;;;;;;;;;;;;;;;;;;;;;;;;;;;;;;;;;;;;;;;;;;;;;;;;X;;;X;
A5786325116600;A5786325116600;SLAT NO. 1;REPAIR;;;;X;X;;;;;;;;;;;;;;;;;;;X;;;;;;;;;;;;;;;;;;;;;;;;;;;;;;;;;;;;;;;;;;;;;;;;;;;;;;;;;;;;;;;;;;;;;;;;;;X;;;X;
A5786325116700;A5786325116700;SLAT NO. 1;REPAIR;;;;X;X;;;;;;;;;;;;;;;;;;;X;;;;;;;;;;;;;;;;;;;;;;;;;;;;;;;;;;;;;;;;;;;;;;;;;;;;;;;;;;;;;;;;;;;;;;;;;;X;;;X;
A5786420015200;A5786420015200;SLAT NO. 2;REPAIR;;;;X;X;;;;;;;;;;;;;;;;;;;X;;;;;;;;;;;;;;;;;;;;;;;;;;;;;;;;;;;;;;;;;;;;;;;;;;;;;;;;;;;;;;;;;;;;;;;;;;X;;;X;
A5786420015300;A5786420015300;SLAT NO. 2;REPAIR;;;;X;X;;;;;;;;;;;;;;;;;;;X;;;;;;;;;;;;;;;;;;;;;;;;;;;;;;;;;;;;;;;;;;;;;;;;;;;;;;;;;;;;;;;;;;;;;;;;;;X;;;X;
A5786420015400;A5786420015400;SLAT NO. 2;REPAIR;;;;X;X;;;;;;;;;;;;;;;;;;;X;;;;;;;;;;;;;;;;;;;;;;;;;;;;;;;;;;;;;;;;;;;;;;;;;;;;;;;;;;;;;;;;;;;;;;;;;;X;;;X;
A5786420015500;A5786420015500;SLAT NO. 2;REPAIR;;;;X;X;;;;;;;;;;;;;;;;;;;X;;;;;;;;;;;;;;;;;;;;;;;;;;;;;;;;;;;;;;;;;;;;;;;;;;;;;;;;;;;;;;;;;;;;;;;;;;X;;;X;
A5786420015600;A5786420015600;SLAT NO. 2;REPAIR;;;;X;X;;;;;;;;;;;;;;;;;;;X;;;;;;;;;;;;;;;;;;;;;;;;;;;;;;;;;;;;;;;;;;;;;;;;;;;;;;;;;;;;;;;;;;;;;;;;;;X;;;X;
A5786420015700;A5786420015700;SLAT NO. 2;REPAIR;;;;X;X;;;;;;;;;;;;;;;;;;;X;;;;;;;;;;;;;;;;;;;;;;;;;;;;;;;;;;;;;;;;;;;;;;;;;;;;;;;;;;;;;;;;;;;;;;;;;;X;;;X;
A5786420015800;A5786420015800;SLAT NO. 2;REPAIR;;;;X;X;;;;;;;;;;;;;;;;;;;X;;;;;;;;;;;;;;;;;;;;;;;;;;;;;;;;;;;;;;;;;;;;;;;;;;;;;;;;;;;;;;;;;;;;;;;;;;X;;;X;
A5786420015900;A5786420015900;SLAT NO. 2;REPAIR;;;;X;X;;;;;;;;;;;;;;;;;;;X;;;;;;;;;;;;;;;;;;;;;;;;;;;;;;;;;;;;;;;;;;;;;;;;;;;;;;;;;;;;;;;;;;;;;;;;;;X;;;X;
A5786420016000;A5786420016000;SLAT NO. 2;REPAIR;;;;X;X;;;;;;;;;;;;;;;;;;;X;;;;;;;;;;;;;;;;;;;;;;;;;;;;;;;;;;;;;;;;;;;;;;;;;;;;;;;;;;;;;;;;;;;;;;;;;;X;;;X;
A5786420016100;A5786420016100;SLAT NO. 2;REPAIR;;;;X;X;;;;;;;;;;;;;;;;;;;X;;;;;;;;;;;;;;;;;;;;;;;;;;;;;;;;;;;;;;;;;;;;;;;;;;;;;;;;;;;;;;;;;;;;;;;;;;X;;;X;
A5786420016200;A5786420016200;SLAT NO. 2;REPAIR;;;;X;X;;;;;;;;;;;;;;;;;;;X;;;;;;;;;;;;;;;;;;;;;;;;;;;;;;;;;;;;;;;;;;;;;;;;;;;;;;;;;;;;;;;;;;;;;;;;;;X;;;X;
A5786420016300;A5786420016300;SLAT NO. 2;REPAIR;;;;X;X;;;;;;;;;;;;;;;;;;;X;;;;;;;;;;;;;;;;;;;;;;;;;;;;;;;;;;;;;;;;;;;;;;;;;;;;;;;;;;;;;;;;;;;;;;;;;;X;;;X;
A5786420016400;A5786420016400;SLAT NO. 2;REPAIR;;;;X;X;;;;;;;;;;;;;;;;;;;X;;;;;;;;;;;;;;;;;;;;;;;;;;;;;;;;;;;;;;;;;;;;;;;;;;;;;;;;;;;;;;;;;;;;;;;;;;X;;;X;
A5786420016500;A5786420016500;SLAT NO. 2;REPAIR;;;;X;X;;;;;;;;;;;;;;;;;;;X;;;;;;;;;;;;;;;;;;;;;;;;;;;;;;;;;;;;;;;;;;;;;;;;;;;;;;;;;;;;;;;;;;;;;;;;;;X;;;X;
A5786420016600;A5786420016600;SLAT NO. 2;REPAIR;;;;X;X;;;;;;;;;;;;;;;;;;;X;;;;;;;;;;;;;;;;;;;;;;;;;;;;;;;;;;;;;;;;;;;;;;;;;;;;;;;;;;;;;;;;;;;;;;;;;;X;;;X;
A5786420016700;A5786420016700;SLAT NO. 2;REPAIR;;;;X;X;;;;;;;;;;;;;;;;;;;X;;;;;;;;;;;;;;;;;;;;;;;;;;;;;;;;;;;;;;;;;;;;;;;;;;;;;;;;;;;;;;;;;;;;;;;;;;X;;;X;
A5786420016800;A5786420016800;SLAT ASSY - NO 2;REPAIR;;;;X;X;X;X;X;;;;;;;;;;;;;X;;;X;;;;;;;;;;;;;;;;;;;;;;;;;;;;;;;;;;;;;;;;;;;;;;;;;;;;;;;;;;;;;;;;;;;;;;;;;;X;;;X;
A5786420016800;A5786420016800;SLAT NO. 2;REPAIR;;;;X;X;;;;;;;;;;;;;;;;;;;X;;;;;;;;;;;;;;;;;;;;;;;;;;;;;;;;;;;;;;;;;;;;;;;;;;;;;;;;;;;;;;;;;;;;;;;;;;X;;;X;
A5786420016900;A5786420016900;SLAT ASSY - NO 2;REPAIR;;;;X;X;X;X;X;;;;;;;;;;;;;X;;;X;;;;;;;;;;;;;;;;;;;;;;;;;;;;;;;;;;;;;;;;;;;;;;;;;;;;;;;;;;;;;;;;;;;;;;;;;;X;;;X;
A5786420016900;A5786420016900;SLAT NO. 2;REPAIR;;;;X;X;;;;;;;;;;;;;;;;;;;X;;;;;;;;;;;;;;;;;;;;;;;;;;;;;;;;;;;;;;;;;;;;;;;;;;;;;;;;;;;;;;;;;;;;;;;;;;X;;;X;
A5786420017000;A5786420017000;SLAT NO. 2;REPAIR;;;;X;X;;;;;;;;;;;;;;;;;;;X;;;;;;;;;;;;;;;;;;;;;;;;;;;;;;;;;;;;;;;;;;;;;;;;;;;;;;;;;;;;;;;;;;;;;;;;;;X;;;X;
A5786420017100;A5786420017100;SLAT NO. 2;REPAIR;;;;X;X;;;;;;;;;;;;;;;;;;;X;;;;;;;;;;;;;;;;;;;;;;;;;;;;;;;;;;;;;;;;;;;;;;;;;;;;;;;;;;;;;;;;;;;;;;;;;;X;;;X;
A5786420017200;A5786420017200;SLAT NO. 2;REPAIR;;;;X;X;;;;;;;;;;;;;;;;;;;X;;;;;;;;;;;;;;;;;;;;;;;;;;;;;;;;;;;;;;;;;;;;;;;;;;;;;;;;;;;;;;;;;;;;;;;;;;X;;;X;
A5786420017300;A5786420017300;SLAT NO. 2;REPAIR;;;;X;X;;;;;;;;;;;;;;;;;;;X;;;;;;;;;;;;;;;;;;;;;;;;;;;;;;;;;;;;;;;;;;;;;;;;;;;;;;;;;;;;;;;;;;;;;;;;;;X;;;X;
A5786520017200;A5786520017200;SLAT NO. 3;REPAIR;;;;X;X;;;;;;;;;;;;;;;;;;;X;;;;;;;;;;;;;;;;;;;;;;;;;;;;;;;;;;;;;;;;;;;;;;;;;;;;;;;;;;;;;;;;;;;;;;;;;;X;;;X;
A5786520017300;A5786520017300;SLAT NO. 3;REPAIR;;;;X;X;;;;;;;;;;;;;;;;;;;X;;;;;;;;;;;;;;;;;;;;;;;;;;;;;;;;;;;;;;;;;;;;;;;;;;;;;;;;;;;;;;;;;;;;;;;;;;X;;;X;
A5786520017400;A5786520017400;SLAT NO. 3;REPAIR;;;;X;X;X;X;X;;;;;;;;;;;;;X;;;X;;;;;;;;;;;;;;;;;;;;;;;;;;;;;;;;;;;;;;;;;;;;;;;;;;;;;;;;;;;;;;;;;;;;;;;;;;X;;;X;
A5786520017500;A5786520017500;SLAT NO. 3;REPAIR;;;;X;X;X;X;X;;;;;;;;;;;;;X;;;X;;;;;;;;;;;;;;;;;;;;;;;;;;;;;;;;;;;;;;;;;;;;;;;;;;;;;;;;;;;;;;;;;;;;;;;;;;X;;;X;
A5786520017500;A5786520017500;SLAT NO. 3;REPAIR;;;;X;X;;;;;;;;;;;;;;;;;;;X;;;;;;;;;;;;;;;;;;;;;;;;;;;;;;;;;;;;;;;;;;;;;;;;;;;;;;;;;;;;;;;;;;;;;;;;;;X;;;X;
A5786520017600;A5786520017600;SLAT NO. 3;REPAIR;;;;X;X;;;;;;;;;;;;;;;;;;;X;;;;;;;;;;;;;;;;;;;;;;;;;;;;;;;;;;;;;;;;;;;;;;;;;;;;;;;;;;;;;;;;;;;;;;;;;;X;;;X;
A5786520017700;A5786520017700;SLAT NO. 3;REPAIR;;;;X;X;;;;;;;;;;;;;;;;;;;X;;;;;;;;;;;;;;;;;;;;;;;;;;;;;;;;;;;;;;;;;;;;;;;;;;;;;;;;;;;;;;;;;;;;;;;;;;X;;;X;
A5786520017800;A5786520017800;SLAT NO. 3;REPAIR;;;;X;X;;;;;;;;;;;;;;;;;;;X;;;;;;;;;;;;;;;;;;;;;;;;;;;;;;;;;;;;;;;;;;;;;;;;;;;;;;;;;;;;;;;;;;;;;;;;;;X;;;X;
A5786520017900;A5786520017900;SLAT NO. 3;REPAIR;;;;X;X;;;;;;;;;;;;;;;;;;;X;;;;;;;;;;;;;;;;;;;;;;;;;;;;;;;;;;;;;;;;;;;;;;;;;;;;;;;;;;;;;;;;;;;;;;;;;;X;;;X;
A5796000000051;A5796000000051;INNER FLAP ASSY;REPAIR;;;;X;X;;;;;;;;;;;;;;;;;;;X;;;;;;;;;;;;;;;;;;;;;;;;;;;;;;;;;;;;;;;;;;;;;;;;;;;;;;;;;;;;;;;;;;;;;;;;;;X;;;X;
A5796000000151;A5796000000151;INNER FLAP ASSY;REPAIR;;;;X;X;;;;;;;;;;;;;;;;;;;X;;;;;;;;;;;;;;;;;;;;;;;;;;;;;;;;;;;;;;;;;;;;;;;;;;;;;;;;;;;;;;;;;;;;;;;;;;X;;;X;
A5796000000251;A5796000000251;INNER FLAP ASSY;REPAIR;;;;X;X;X;X;X;;;;;;;;;;;;;X;;;X;;;;;;;;;;;;;;;;;;;;;;;;;;;;;;;;;;;;;;;;;;;;;;;;;;;;;;;;;;;;;;;;;;;;;;;;;;X;;;X;
A5796000000351;A5796000000351;INNER FLAP ASSY;REPAIR;;;;X;X;X;X;X;;;;;;;;;;;;;X;;;X;;;;;;;;;;;;;;;;;;;;;;;;;;;;;;;;;;;;;;;;;;;;;;;;;;;;;;;;;;;;;;;;;;;;;;;;;;X;;;X;
A5796000000451;A5796000000451;INNER FLAP ASSY;REPAIR;;;;X;X;;;;;;;;;;;;;;;;;;;X;;;;;;;;;;;;;;;;;;;;;;;;;;;;;;;;;;;;;;;;;;;;;;;;;;;;;;;;;;;;;;;;;;;;;;;;;;X;;;X;
A5796000000551;A5796000000551;INNER FLAP ASSY;REPAIR;;;;X;X;;;;;;;;;;;;;;;;;;;X;;;;;;;;;;;;;;;;;;;;;;;;;;;;;;;;;;;;;;;;;;;;;;;;;;;;;;;;;;;;;;;;;;;;;;;;;;X;;;X;
A5796000000651;A5796000000651;INNER FLAP ASSY;REPAIR;;;;X;X;;;;;;;;;;;;;;;;;;;X;;;;;;;;;;;;;;;;;;;;;;;;;;;;;;;;;;;;;;;;;;;;;;;;;;;;;;;;;;;;;;;;;;;;;;;;;;X;;;X;
A5796000000751;A5796000000751;INNER FLAP ASSY;REPAIR;;;;X;X;;;;;;;;;;;;;;;;;;;X;;;;;;;;;;;;;;;;;;;;;;;;;;;;;;;;;;;;;;;;;;;;;;;;;;;;;;;;;;;;;;;;;;;;;;;;;;X;;;X;
A5796000000851;A5796000000851;INNER FLAP ASSY;REPAIR;;;;X;X;;;;;;;;;;;;;;;;;;;X;;;;;;;;;;;;;;;;;;;;;;;;;;;;;;;;;;;;;;;;;;;;;;;;;;;;;;;;;;;;;;;;;;;;;;;;;;X;;;X;
A5796000000951;A5796000000951;INNER FLAP ASSY;REPAIR;;;;X;X;;;;;;;;;;;;;;;;;;;X;;;;;;;;;;;;;;;;;;;;;;;;;;;;;;;;;;;;;;;;;;;;;;;;;;;;;;;;;;;;;;;;;;;;;;;;;;X;;;X;
A5796000001051;A5796000001051;INNER FLAP ASSY;REPAIR;;;;X;X;;;;;;;;;;;;;;;;;;;X;;;;;;;;;;;;;;;;;;;;;;;;;;;;;;;;;;;;;;;;;;;;;;;;;;;;;;;;;;;;;;;;;;;;;;;;;;X;;;X;
A5796000001151;A5796000001151;INNER FLAP ASSY;REPAIR;;;;X;X;;;;;;;;;;;;;;;;;;;X;;;;;;;;;;;;;;;;;;;;;;;;;;;;;;;;;;;;;;;;;;;;;;;;;;;;;;;;;;;;;;;;;;;;;;;;;;X;;;X;
A5796000001251;A5796000001251;INNER FLAP ASSY;REPAIR;;;;X;X;;;;;;;;;;;;;;;;;;;X;;;;;;;;;;;;;;;;;;;;;;;;;;;;;;;;;;;;;;;;;;;;;;;;;;;;;;;;;;;;;;;;;;;;;;;;;;X;;;X;
A5796000001351;A5796000001351;INNER FLAP ASSY;REPAIR;;;;X;X;;;;;;;;;;;;;;;;;;;X;;;;;;;;;;;;;;;;;;;;;;;;;;;;;;;;;;;;;;;;;;;;;;;;;;;;;;;;;;;;;;;;;;;;;;;;;;X;;;X;
A5796000001451;A5796000001451;INNER FLAP ASSY;REPAIR;;;;X;X;;;;;;;;;;;;;;;;;;;X;;;;;;;;;;;;;;;;;;;;;;;;;;;;;;;;;;;;;;;;;;;;;;;;;;;;;;;;;;;;;;;;;;;;;;;;;;X;;;X;
A5796000001551;A5796000001551;INNER FLAP ASSY;REPAIR;;;;X;X;;;;;;;;;;;;;;;;;;;X;;;;;;;;;;;;;;;;;;;;;;;;;;;;;;;;;;;;;;;;;;;;;;;;;;;;;;;;;;;;;;;;;;;;;;;;;;X;;;X;
A5796030000051;A5796030000051;CENTER FLAP ASSY;REPAIR;;;;X;X;;;;;;;;;;;;;;;;;;;X;;;;;;;;;;;;;;;;;;;;;;;;;;;;;;;;;;;;;;;;;;;;;;;;;;;;;;;;;;;;;;;;;;;;;;;;;;X;;;X;
A5796030000151;A5796030000151;CENTER FLAP ASSY;REPAIR;;;;X;X;;;;;;;;;;;;;;;;;;;X;;;;;;;;;;;;;;;;;;;;;;;;;;;;;;;;;;;;;;;;;;;;;;;;;;;;;;;;;;;;;;;;;;;;;;;;;;X;;;X;
A5796030000251;A5796030000251;CENTER FLAP ASSY;REPAIR;;;;X;X;X;X;X;;;;;;;;;;;;;X;;;X;;;;;;;;;;;;;;;;;;;;;;;;;;;;;;;;;;;;;;;;;;;;;;;;;;;;;;;;;;;;;;;;;;;;;;;;;;X;;;X;
A5796030000351;A5796030000351;CENTER FLAP ASSY;REPAIR;;;;X;X;X;X;X;;;;;;;;;;;;;X;;;X;;;;;;;;;;;;;;;;;;;;;;;;;;;;;;;;;;;;;;;;;;;;;;;;;;;;;;;;;;;;;;;;;;;;;;;;;;X;;;X;
A5796030000451;A5796030000451;CENTER FLAP ASSY;REPAIR;;;;X;X;;;;;;;;;;;;;;;;;;;X;;;;;;;;;;;;;;;;;;;;;;;;;;;;;;;;;;;;;;;;;;;;;;;;;;;;;;;;;;;;;;;;;;;;;;;;;;X;;;X;
A5796030000551;A5796030000551;CENTER FLAP ASSY;REPAIR;;;;X;X;;;;;;;;;;;;;;;;;;;X;;;;;;;;;;;;;;;;;;;;;;;;;;;;;;;;;;;;;;;;;;;;;;;;;;;;;;;;;;;;;;;;;;;;;;;;;;X;;;X;
A5796030000651;A5796030000651;CENTER FLAP ASSY;REPAIR;;;;X;X;;;;;;;;;;;;;;;;;;;X;;;;;;;;;;;;;;;;;;;;;;;;;;;;;;;;;;;;;;;;;;;;;;;;;;;;;;;;;;;;;;;;;;;;;;;;;;X;;;X;
A5796030000751;A5796030000751;CENTER FLAP ASSY;REPAIR;;;;X;X;;;;;;;;;;;;;;;;;;;X;;;;;;;;;;;;;;;;;;;;;;;;;;;;;;;;;;;;;;;;;;;;;;;;;;;;;;;;;;;;;;;;;;;;;;;;;;X;;;X;
A5796065000051;A5796065000051;OUTER FLAP ASSY;REPAIR;;;;X;X;;;;;;;;;;;;;;;;;;;X;;;;;;;;;;;;;;;;;;;;;;;;;;;;;;;;;;;;;;;;;;;;;;;;;;;;;;;;;;;;;;;;;;;;;;;;;;X;;;X;
A5796065000151;A5796065000151;OUTER FLAP ASSY;REPAIR;;;;X;X;;;;;;;;;;;;;;;;;;;X;;;;;;;;;;;;;;;;;;;;;;;;;;;;;;;;;;;;;;;;;;;;;;;;;;;;;;;;;;;;;;;;;;;;;;;;;;X;;;X;
A57960650002;A57960650002;OUTER FLAP ASSEMBLY;REPAIR;;;;;;;X;;;;;;;;;;;;;;X;;;X;;;;;;;;;;;;;;;;;;;;;;;;;;;;;;;;;;;;;;;;;;;;;;;;;;;;;;;;;;;;;;;;;;;;;;;;;;X;;;X;
A5796065000251;A5796065000251;OUTER FLAP ASSEMBLY;REPAIR;;;;X;X;X;X;X;;;;;;;;;;;;;X;;;X;;;;;;;;;;;;;;;;;;;;;;;;;;;;;;;;;;;;;;;;;;;;;;;;;;;;;;;;;;;;;;;;;;;;;;;;;;X;;;X;
A5796065000351;A5796065000351;OUTER FLAP ASSY;REPAIR;;;;X;X;;;;;;;;;;;;;;;;;;;X;;;;;;;;;;;;;;;;;;;;;;;;;;;;;;;;;;;;;;;;;;;;;;;;;;;;;;;;;;;;;;;;;;;;;;;;;;X;;;X;
A5796065000451;A5796065000451;OUTER FLAP ASSY;REPAIR;;;;X;X;;;;;;;;;;;;;;;;;;;X;;;;;;;;;;;;;;;;;;;;;;;;;;;;;;;;;;;;;;;;;;;;;;;;;;;;;;;;;;;;;;;;;;;;;;;;;;X;;;X;
A5796065000551;A5796065000551;OUTER FLAP ASSY;REPAIR;;;;X;X;;;;;;;;;;;;;;;;;;;X;;;;;;;;;;;;;;;;;;;;;;;;;;;;;;;;;;;;;;;;;;;;;;;;;;;;;;;;;;;;;;;;;;;;;;;;;;X;;;X;
A5796065000651;A5796065000651;OUTER FLAP ASSY;REPAIR;;;;X;X;;;;;;;;;;;;;;;;;;;X;;;;;;;;;;;;;;;;;;;;;;;;;;;;;;;;;;;;;;;;;;;;;;;;;;;;;;;;;;;;;;;;;;;;;;;;;;X;;;X;
A5796065000751;A5796065000751;OUTER FLAP ASSY;REPAIR;;;;X;X;;;;;;;;;;;;;;;;;;;X;;;;;;;;;;;;;;;;;;;;;;;;;;;;;;;;;;;;;;;;;;;;;;;;;;;;;;;;;;;;;;;;;;;;;;;;;;X;;;X;
A5796500000051;A5796500000051;FLAP TRACK FAIRING 2 THRU 5;REPAIR;;;;X;X;;;;;;;;;;;;;;;;;;;X;;;;;;;;;;;;;;;;;;;;;;;;;;;;;;;;;;;;;;;;;;;;;;;;;;;;;;;;;;;;;;;;;;;;;;;;;;X;;;X;
A5796500000151;A5796500000151;FLAP TRACK FAIRING 2 THRU 5;REPAIR;;;;X;X;;;;;;;;;;;;;;;;;;;X;;;;;;;;;;;;;;;;;;;;;;;;;;;;;;;;;;;;;;;;;;;;;;;;;;;;;;;;;;;;;;;;;;;;;;;;;;X;;;X;
A5796500000251;A5796500000251;FLAP TRACK FAIRING 2 THRU 5;REPAIR;;;;X;X;;;;;;;;;;;;;;;;;;;X;;;;;;;;;;;;;;;;;;;;;;;;;;;;;;;;;;;;;;;;;;;;;;;;;;;;;;;;;;;;;;;;;;;;;;;;;;X;;;X;
A5796500000351;A5796500000351;FLAP TRACK FAIRING 2 THRU 5;REPAIR;;;;X;X;;;;;;;;;;;;;;;;;;;X;;;;;;;;;;;;;;;;;;;;;;;;;;;;;;;;;;;;;;;;;;;;;;;;;;;;;;;;;;;;;;;;;;;;;;;;;;X;;;X;
A5796500000451;A5796500000451;FLAP TRACK FAIRING 2 THRU 5;REPAIR;;;;X;X;;;;;;;;;;;;;;;;;;;X;;;;;;;;;;;;;;;;;;;;;;;;;;;;;;;;;;;;;;;;;;;;;;;;;;;;;;;;;;;;;;;;;;;;;;;;;;X;;;X;
A5796500000551;A5796500000551;FLAP TRACK FAIRING 2 THRU 5;REPAIR;;;;X;X;;;;;;;;;;;;;;;;;;;X;;;;;;;;;;;;;;;;;;;;;;;;;;;;;;;;;;;;;;;;;;;;;;;;;;;;;;;;;;;;;;;;;;;;;;;;;;X;;;X;
A5796500000651;A5796500000651;FLAP TRACK FAIRING 2 THRU 5;REPAIR;;;;X;X;;;;;;;;;;;;;;;;;;;X;;;;;;;;;;;;;;;;;;;;;;;;;;;;;;;;;;;;;;;;;;;;;;;;;;;;;;;;;;;;;;;;;;;;;;;;;;X;;;X;
A5796500000751;A5796500000751;FLAP TRACK FAIRING 2 THRU 5;REPAIR;;;;X;X;;;;;;;;;;;;;;;;;;;X;;;;;;;;;;;;;;;;;;;;;;;;;;;;;;;;;;;;;;;;;;;;;;;;;;;;;;;;;;;;;;;;;;;;;;;;;;X;;;X;
A5796500000851;A5796500000851;FLAP TRACK FAIRING 2 THRU 5;REPAIR;;;;X;X;;;;;;;;;;;;;;;;;;;X;;;;;;;;;;;;;;;;;;;;;;;;;;;;;;;;;;;;;;;;;;;;;;;;;;;;;;;;;;;;;;;;;;;;;;;;;;X;;;X;
A5796500000951;A5796500000951;FLAP TRACK FAIRING 2 THRU 5;REPAIR;;;;X;X;;;;;;;;;;;;;;;;;;;X;;;;;;;;;;;;;;;;;;;;;;;;;;;;;;;;;;;;;;;;;;;;;;;;;;;;;;;;;;;;;;;;;;;;;;;;;;X;;;X;
A5796500001051;A5796500001051;FLAP TRACK FAIRING 2 THRU 5;REPAIR;;;;X;X;;;;;;;;;;;;;;;;;;;X;;;;;;;;;;;;;;;;;;;;;;;;;;;;;;;;;;;;;;;;;;;;;;;;;;;;;;;;;;;;;;;;;;;;;;;;;;X;;;X;
A5796500001151;A5796500001151;FLAP TRACK FAIRING 2 THRU 5;REPAIR;;;;X;X;;;;;;;;;;;;;;;;;;;X;;;;;;;;;;;;;;;;;;;;;;;;;;;;;;;;;;;;;;;;;;;;;;;;;;;;;;;;;;;;;;;;;;;;;;;;;;X;;;X;
A5796502000051;A5796502000051;MOVEABLE FAIRING 2 THRU 5;REPAIR;;;;X;X;;;;;;;;;;;;;;;;;;;X;;;;;;;;;;;;;;;;;;;;;;;;;;;;;;;;;;;;;;;;;;;;;;;;;;;;;;;;;;;;;;;;;;;;;;;;;;X;;;X;
A5796502000151;A5796502000151;MOVEABLE FAIRING 2 THRU 5;REPAIR;;;;X;X;;;;;;;;;;;;;;;;;;;X;;;;;;;;;;;;;;;;;;;;;;;;;;;;;;;;;;;;;;;;;;;;;;;;;;;;;;;;;;;;;;;;;;;;;;;;;;X;;;X;
A5796502000251;A5796502000251;MOVEABLE FAIRING 2 THRU 5;REPAIR;;;;X;X;;;;;;;;;;;;;;;;;;;X;;;;;;;;;;;;;;;;;;;;;;;;;;;;;;;;;;;;;;;;;;;;;;;;;;;;;;;;;;;;;;;;;;;;;;;;;;X;;;X;
A5796502000351;A5796502000351;MOVEABLE FAIRING 2 THRU 5;REPAIR;;;;X;X;;;;;;;;;;;;;;;;;;;X;;;;;;;;;;;;;;;;;;;;;;;;;;;;;;;;;;;;;;;;;;;;;;;;;;;;;;;;;;;;;;;;;;;;;;;;;;X;;;X;
A5796505000051;A5796505000051;FLAP TRACK FAIRING 2 THRU 5;REPAIR;;;;X;X;;;;;;;;;;;;;;;;;;;X;;;;;;;;;;;;;;;;;;;;;;;;;;;;;;;;;;;;;;;;;;;;;;;;;;;;;;;;;;;;;;;;;;;;;;;;;;X;;;X;
A5796505000151;A5796505000151;FLAP TRACK FAIRING 2 THRU 5;REPAIR;;;;X;X;;;;;;;;;;;;;;;;;;;X;;;;;;;;;;;;;;;;;;;;;;;;;;;;;;;;;;;;;;;;;;;;;;;;;;;;;;;;;;;;;;;;;;;;;;;;;;X;;;X;
A5796505000251;A5796505000251;FLAP TRACK FAIRING 2 THRU 5;REPAIR;;;;X;X;;;;;;;;;;;;;;;;;;;X;;;;;;;;;;;;;;;;;;;;;;;;;;;;;;;;;;;;;;;;;;;;;;;;;;;;;;;;;;;;;;;;;;;;;;;;;;X;;;X;
A5796505000351;A5796505000351;FLAP TRACK FAIRING 2 THRU 5;REPAIR;;;;X;X;;;;;;;;;;;;;;;;;;;X;;;;;;;;;;;;;;;;;;;;;;;;;;;;;;;;;;;;;;;;;;;;;;;;;;;;;;;;;;;;;;;;;;;;;;;;;;X;;;X;
A5796505000451;A5796505000451;FLAP TRACK FAIRING 2 THRU 5;REPAIR;;;;X;X;;;;;;;;;;;;;;;;;;;X;;;;;;;;;;;;;;;;;;;;;;;;;;;;;;;;;;;;;;;;;;;;;;;;;;;;;;;;;;;;;;;;;;;;;;;;;;X;;;X;
A5796505000551;A5796505000551;FLAP TRACK FAIRING 2 THRU 5;REPAIR;;;;X;X;;;;;;;;;;;;;;;;;;;X;;;;;;;;;;;;;;;;;;;;;;;;;;;;;;;;;;;;;;;;;;;;;;;;;;;;;;;;;;;;;;;;;;;;;;;;;;X;;;X;
A5796505000651;A5796505000651;FLAP TRACK FAIRING 2 THRU 5;REPAIR;;;;X;X;;;;;;;;;;;;;;;;;;;X;;;;;;;;;;;;;;;;;;;;;;;;;;;;;;;;;;;;;;;;;;;;;;;;;;;;;;;;;;;;;;;;;;;;;;;;;;X;;;X;
A5796505000751;A5796505000751;FLAP TRACK FAIRING 2 THRU 5;REPAIR;;;;X;X;;;;;;;;;;;;;;;;;;;X;;;;;;;;;;;;;;;;;;;;;;;;;;;;;;;;;;;;;;;;;;;;;;;;;;;;;;;;;;;;;;;;;;;;;;;;;;X;;;X;
A5796505000851;A5796505000851;FLAP TRACK FAIRING 2 THRU 5;REPAIR;;;;X;X;;;;;;;;;;;;;;;;;;;X;;;;;;;;;;;;;;;;;;;;;;;;;;;;;;;;;;;;;;;;;;;;;;;;;;;;;;;;;;;;;;;;;;;;;;;;;;X;;;X;
A5796505000951;A5796505000951;FLAP TRACK FAIRING 2 THRU 5;REPAIR;;;;X;X;;;;;;;;;;;;;;;;;;;X;;;;;;;;;;;;;;;;;;;;;;;;;;;;;;;;;;;;;;;;;;;;;;;;;;;;;;;;;;;;;;;;;;;;;;;;;;X;;;X;
A5796507000251;A5796507000251;MOVEABLE FAIRING 2 THRU 5;REPAIR;;;;X;X;;;;;;;;;;;;;;;;;;;X;;;;;;;;;;;;;;;;;;;;;;;;;;;;;;;;;;;;;;;;;;;;;;;;;;;;;;;;;;;;;;;;;;;;;;;;;;X;;;X;
A5796507000351;A5796507000351;MOVEABLE FAIRING 2 THRU 5;REPAIR;;;;X;X;;;;;;;;;;;;;;;;;;;X;;;;;;;;;;;;;;;;;;;;;;;;;;;;;;;;;;;;;;;;;;;;;;;;;;;;;;;;;;;;;;;;;;;;;;;;;;X;;;X;
A5796507000651;A5796507000651;MOVEABLE FAIRING 2 THRU 5;REPAIR;;;;X;X;;;;;;;;;;;;;;;;;;;X;;;;;;;;;;;;;;;;;;;;;;;;;;;;;;;;;;;;;;;;;;;;;;;;;;;;;;;;;;;;;;;;;;;;;;;;;;X;;;X;
A5796507000751;A5796507000751;MOVEABLE FAIRING 2 THRU 5;REPAIR;;;;X;X;;;;;;;;;;;;;;;;;;;X;;;;;;;;;;;;;;;;;;;;;;;;;;;;;;;;;;;;;;;;;;;;;;;;;;;;;;;;;;;;;;;;;;;;;;;;;;X;;;X;
A5796510000051;A5796510000051;FLAP TRACK FAIRING 2 THRU 5;REPAIR;;;;X;X;;;;;;;;;;;;;;;;;;;X;;;;;;;;;;;;;;;;;;;;;;;;;;;;;;;;;;;;;;;;;;;;;;;;;;;;;;;;;;;;;;;;;;;;;;;;;;X;;;X;
A5796510000151;A5796510000151;FLAP TRACK FAIRING 2 THRU 5;REPAIR;;;;X;X;;;;;;;;;;;;;;;;;;;X;;;;;;;;;;;;;;;;;;;;;;;;;;;;;;;;;;;;;;;;;;;;;;;;;;;;;;;;;;;;;;;;;;;;;;;;;;X;;;X;
A5796510000251;A5796510000251;FLAP TRACK FAIRING 2 THRU 5;REPAIR;;;;X;X;;;;;;;;;;;;;;;;;;;X;;;;;;;;;;;;;;;;;;;;;;;;;;;;;;;;;;;;;;;;;;;;;;;;;;;;;;;;;;;;;;;;;;;;;;;;;;X;;;X;
A5796510000351;A5796510000351;FLAP TRACK FAIRING 2 THRU 5;REPAIR;;;;X;X;;;;;;;;;;;;;;;;;;;X;;;;;;;;;;;;;;;;;;;;;;;;;;;;;;;;;;;;;;;;;;;;;;;;;;;;;;;;;;;;;;;;;;;;;;;;;;X;;;X;
A5796510000451;A5796510000451;FLAP TRACK FAIRING 2 THRU 5;REPAIR;;;;X;X;;;;;;;;;;;;;;;;;;;X;;;;;;;;;;;;;;;;;;;;;;;;;;;;;;;;;;;;;;;;;;;;;;;;;;;;;;;;;;;;;;;;;;;;;;;;;;X;;;X;
A5796510000551;A5796510000551;FLAP TRACK FAIRING 2 THRU 5;REPAIR;;;;X;X;;;;;;;;;;;;;;;;;;;X;;;;;;;;;;;;;;;;;;;;;;;;;;;;;;;;;;;;;;;;;;;;;;;;;;;;;;;;;;;;;;;;;;;;;;;;;;X;;;X;
A5796510000651;A5796510000651;FLAP TRACK FAIRING 2 THRU 5;REPAIR;;;;X;X;;;;;;;;;;;;;;;;;;;X;;;;;;;;;;;;;;;;;;;;;;;;;;;;;;;;;;;;;;;;;;;;;;;;;;;;;;;;;;;;;;;;;;;;;;;;;;X;;;X;
A5796510000751;A5796510000751;FLAP TRACK FAIRING 2 THRU 5;REPAIR;;;;X;X;;;;;;;;;;;;;;;;;;;X;;;;;;;;;;;;;;;;;;;;;;;;;;;;;;;;;;;;;;;;;;;;;;;;;;;;;;;;;;;;;;;;;;;;;;;;;;X;;;X;
A5796510000851;A5796510000851;FLAP TRACK FAIRING 2 THRU 5;REPAIR;;;;X;X;;;;;;;;;;;;;;;;;;;X;;;;;;;;;;;;;;;;;;;;;;;;;;;;;;;;;;;;;;;;;;;;;;;;;;;;;;;;;;;;;;;;;;;;;;;;;;X;;;X;
A5796510000951;A5796510000951;FLAP TRACK FAIRING 2 THRU 5;REPAIR;;;;X;X;;;;;;;;;;;;;;;;;;;X;;;;;;;;;;;;;;;;;;;;;;;;;;;;;;;;;;;;;;;;;;;;;;;;;;;;;;;;;;;;;;;;;;;;;;;;;;X;;;X;
A5796512000251;A5796512000251;MOVEABLE FAIRING 2 THRU 5;REPAIR;;;;X;X;;;;;;;;;;;;;;;;;;;X;;;;;;;;;;;;;;;;;;;;;;;;;;;;;;;;;;;;;;;;;;;;;;;;;;;;;;;;;;;;;;;;;;;;;;;;;;X;;;X;
A5796512000351;A5796512000351;MOVEABLE FAIRING 2 THRU 5;REPAIR;;;;X;X;;;;;;;;;;;;;;;;;;;X;;;;;;;;;;;;;;;;;;;;;;;;;;;;;;;;;;;;;;;;;;;;;;;;;;;;;;;;;;;;;;;;;;;;;;;;;;X;;;X;
A5796512000651;A5796512000651;MOVEABLE FAIRING 2 THRU 5;REPAIR;;;;X;X;;;;;;;;;;;;;;;;;;;X;;;;;;;;;;;;;;;;;;;;;;;;;;;;;;;;;;;;;;;;;;;;;;;;;;;;;;;;;;;;;;;;;;;;;;;;;;X;;;X;
A5796512000751;A5796512000751;MOVEABLE FAIRING 2 THRU 5;REPAIR;;;;X;X;;;;;;;;;;;;;;;;;;;X;;;;;;;;;;;;;;;;;;;;;;;;;;;;;;;;;;;;;;;;;;;;;;;;;;;;;;;;;;;;;;;;;;;;;;;;;;X;;;X;
A5796515000051;A5796515000051;FLAP TRACK FAIRING 2 THRU 5;REPAIR;;;;X;X;;;;;;;;;;;;;;;;;;;X;;;;;;;;;;;;;;;;;;;;;;;;;;;;;;;;;;;;;;;;;;;;;;;;;;;;;;;;;;;;;;;;;;;;;;;;;;X;;;X;
A5796515000151;A5796515000151;FLAP TRACK FAIRING 2 THRU 5;REPAIR;;;;X;X;;;;;;;;;;;;;;;;;;;X;;;;;;;;;;;;;;;;;;;;;;;;;;;;;;;;;;;;;;;;;;;;;;;;;;;;;;;;;;;;;;;;;;;;;;;;;;X;;;X;
A5796515000251;A5796515000251;FLAP TRACK FAIRING 2 THRU 5;REPAIR;;;;X;X;;;;;;;;;;;;;;;;;;;X;;;;;;;;;;;;;;;;;;;;;;;;;;;;;;;;;;;;;;;;;;;;;;;;;;;;;;;;;;;;;;;;;;;;;;;;;;X;;;X;
A5796515000351;A5796515000351;FLAP TRACK FAIRING 2 THRU 5;REPAIR;;;;X;X;;;;;;;;;;;;;;;;;;;X;;;;;;;;;;;;;;;;;;;;;;;;;;;;;;;;;;;;;;;;;;;;;;;;;;;;;;;;;;;;;;;;;;;;;;;;;;X;;;X;
A5796515000451;A5796515000451;FLAP TRACK FAIRING 2 THRU 5;REPAIR;;;;X;X;;;;;;;;;;;;;;;;;;;X;;;;;;;;;;;;;;;;;;;;;;;;;;;;;;;;;;;;;;;;;;;;;;;;;;;;;;;;;;;;;;;;;;;;;;;;;;X;;;X;
A5796515000551;A5796515000551;FLAP TRACK FAIRING 2 THRU 5;REPAIR;;;;X;X;;;;;;;;;;;;;;;;;;;X;;;;;;;;;;;;;;;;;;;;;;;;;;;;;;;;;;;;;;;;;;;;;;;;;;;;;;;;;;;;;;;;;;;;;;;;;;X;;;X;
A5796515000651;A5796515000651;FLAP TRACK FAIRING 2 THRU 5;REPAIR;;;;X;X;;;;;;;;;;;;;;;;;;;X;;;;;;;;;;;;;;;;;;;;;;;;;;;;;;;;;;;;;;;;;;;;;;;;;;;;;;;;;;;;;;;;;;;;;;;;;;X;;;X;
A5796515000751;A5796515000751;FLAP TRACK FAIRING 2 THRU 5;REPAIR;;;;X;X;;;;;;;;;;;;;;;;;;;X;;;;;;;;;;;;;;;;;;;;;;;;;;;;;;;;;;;;;;;;;;;;;;;;;;;;;;;;;;;;;;;;;;;;;;;;;;X;;;X;
A5796515000851;A5796515000851;FLAP TRACK FAIRING 2 THRU 5;REPAIR;;;;X;X;;;;;;;;;;;;;;;;;;;X;;;;;;;;;;;;;;;;;;;;;;;;;;;;;;;;;;;;;;;;;;;;;;;;;;;;;;;;;;;;;;;;;;;;;;;;;;X;;;X;
A5796515000951;A5796515000951;FLAP TRACK FAIRING 2 THRU 5;REPAIR;;;;X;X;;;;;;;;;;;;;;;;;;;X;;;;;;;;;;;;;;;;;;;;;;;;;;;;;;;;;;;;;;;;;;;;;;;;;;;;;;;;;;;;;;;;;;;;;;;;;;X;;;X;
A5796517000251;A5796517000251;MOVEABLE FAIRING 2 THRU 5;REPAIR;;;;X;X;;;;;;;;;;;;;;;;;;;X;;;;;;;;;;;;;;;;;;;;;;;;;;;;;;;;;;;;;;;;;;;;;;;;;;;;;;;;;;;;;;;;;;;;;;;;;;X;;;X;
A5796517000351;A5796517000351;MOVEABLE FAIRING 2 THRU 5;REPAIR;;;;X;X;;;;;;;;;;;;;;;;;;;X;;;;;;;;;;;;;;;;;;;;;;;;;;;;;;;;;;;;;;;;;;;;;;;;;;;;;;;;;;;;;;;;;;;;;;;;;;X;;;X;
A5796550000000;A5796550000000;FIXED FAIRING 2 THRU 7;REPAIR;;;;X;X;;;;;;;;;;;;;;;;;;;X;;;;;;;;;;;;;;;;;;;;;;;;;;;;;;;;;;;;;;;;;;;;;;;;;;;;;;;;;;;;;;;;;;;;;;;;;;X;;;X;
A5796550000100;A5796550000100;FIXED FAIRING 2 THRU 7;REPAIR;;;;X;X;;;;;;;;;;;;;;;;;;;X;;;;;;;;;;;;;;;;;;;;;;;;;;;;;;;;;;;;;;;;;;;;;;;;;;;;;;;;;;;;;;;;;;;;;;;;;;X;;;X;
A5796552500200;A5796552500200;MOVABLE FAIRING ASSEMBLY;REPAIR;;;;X;X;X;X;X;;;;;;;;;;;;;X;;;X;;;;;;;;;;;;;;;;;;;;;;;;;;;;;;;;;;;;;;;;;;;;;;;;;;;;;;;;;;;;;;;;;;;;;;;;;;X;;;X;
A5796552500300;A5796552500300;MOVABLE FAIRING ASSEMBLY;REPAIR;;;;X;X;X;X;X;;;;;;;;;;;;;X;;;X;;;;;;;;;;;;;;;;;;;;;;;;;;;;;;;;;;;;;;;;;;;;;;;;;;;;;;;;;;;;;;;;;;;;;;;;;;X;;;X;
A5796552500600;A5796552500600;FAIRING ASSY FLAP;REPAIR;;;;X;X;X;X;X;;;;;;;;;;;;;X;;;X;;;;;;;;;;;;;;;;;;;;;;;;;;;;;;;;;;;;;;;;;;;;;;;;;;;;;;;;;;;;;;;;;;;;;;;;;;X;;;X;
A5796556000000;A5796556000000;FIXED FAIRING 2 THRU 7;REPAIR;;;;X;X;;;;;;;;;;;;;;;;;;;X;;;;;;;;;;;;;;;;;;;;;;;;;;;;;;;;;;;;;;;;;;;;;;;;;;;;;;;;;;;;;;;;;;;;;;;;;;X;;;X;
A5796556000100;A5796556000100;RH FIXED FAIRING ASSY - FLAP TRACK #3;REPAIR;;;;X;X;X;X;X;;;;;;;;;;;;;X;;;X;;;;;;;;;;;;;;;;;;;;;;;;;;;;;;;;;;;;;;;;;;;;;;;;;;;;;;;;;;;;;;;;;;;;;;;;;;X;;;X;
A5796556000100;A5796556000100;FIXED FAIRING 2 THRU 7;REPAIR;;;;X;X;;;;;;;;;;;;;;;;;;;X;;;;;;;;;;;;;;;;;;;;;;;;;;;;;;;;;;;;;;;;;;;;;;;;;;;;;;;;;;;;;;;;;;;;;;;;;;X;;;X;
A5796556000151;A5796556000151;RH FIXED FAIRING ASSY - FLAP TRACK #3;REPAIR;;;;X;X;X;X;X;;;;;;;;;;;;;X;;;X;;;;;;;;;;;;;;;;;;;;;;;;;;;;;;;;;;;;;;;;;;;;;;;;;;;;;;;;;;;;;;;;;;;;;;;;;;X;;;X;
A5796556000551;A5796556000551;RH FIXED FAIRING ASSY - FLAP TRACK #3;REPAIR;;;;X;X;X;X;X;;;;;;;;;;;;;X;;;X;;;;;;;;;;;;;;;;;;;;;;;;;;;;;;;;;;;;;;;;;;;;;;;;;;;;;;;;;;;;;;;;;;;;;;;;;;X;;;X;
A5796557500200;A5796557500200;MOVABLE FAIRING ASSEMBLY;REPAIR;;;;X;X;X;X;X;;;;;;;;;;;;;X;;;X;;;;;;;;;;;;;;;;;;;;;;;;;;;;;;;;;;;;;;;;;;;;;;;;;;;;;;;;;;;;;;;;;;;;;;;;;;X;;;X;
A5796557500300;A5796557500300;MOVABLE FAIRING ASSEMBLY;REPAIR;;;;X;X;X;X;X;;;;;;;;;;;;;X;;;X;;;;;;;;;;;;;;;;;;;;;;;;;;;;;;;;;;;;;;;;;;;;;;;;;;;;;;;;;;;;;;;;;;;;;;;;;;X;;;X;
A5796560000000;A5796560000000;FIXED FAIRING 2 THRU 7;REPAIR;;;;X;X;;;;;;;;;;;;;;;;;;;X;;;;;;;;;;;;;;;;;;;;;;;;;;;;;;;;;;;;;;;;;;;;;;;;;;;;;;;;;;;;;;;;;;;;;;;;;;X;;;X;
A5796560000100;A5796560000100;FIXED FAIRING 2 THRU 7;REPAIR;;;;X;X;;;;;;;;;;;;;;;;;;;X;;;;;;;;;;;;;;;;;;;;;;;;;;;;;;;;;;;;;;;;;;;;;;;;;;;;;;;;;;;;;;;;;;;;;;;;;;X;;;X;
A5796561500200;A5796561500200;MOVABLE FAIRING ASSEMBLY;REPAIR;;;;X;X;X;X;X;;;;;;;;;;;;;X;;;X;;;;;;;;;;;;;;;;;;;;;;;;;;;;;;;;;;;;;;;;;;;;;;;;;;;;;;;;;;;;;;;;;;;;;;;;;;X;;;X;
A5796561500300;A5796561500300;MOVABLE FAIRING ASSEMBLY;REPAIR;;;;X;X;X;X;X;;;;;;;;;;;;;X;;;X;;;;;;;;;;;;;;;;;;;;;;;;;;;;;;;;;;;;;;;;;;;;;;;;;;;;;;;;;;;;;;;;;;;;;;;;;;X;;;X;
A5796561500351;A5796561500351;FAIRING ASSY MOVABLE TRACK 4 RH;REPAIR;;;;X;X;X;X;X;;;;;;;;;;;;;X;;;X;;;;;;;;;;;;;;;;;;;;;;;;;;;;;;;;;;;;;;;;;;;;;;;;;;;;;;;;;;;;;;;;;;;;;;;;;;X;;;X;
A5796564000200;A5796564000200;FIXED FAIRING 2 THRU 7;REPAIR;;;;X;X;;;;;;;;;;;;;;;;;;;X;;;;;;;;;;;;;;;;;;;;;;;;;;;;;;;;;;;;;;;;;;;;;;;;;;;;;;;;;;;;;;;;;;;;;;;;;;X;;;X;
A5796564000300;A5796564000300;FIXED FAIRING 2 THRU 7;REPAIR;;;;X;X;;;;;;;;;;;;;;;;;;;X;;;;;;;;;;;;;;;;;;;;;;;;;;;;;;;;;;;;;;;;;;;;;;;;;;;;;;;;;;;;;;;;;;;;;;;;;;X;;;X;
A5796565500200;A5796565500200;MOVABLE FAIRING ASSEMBLY;REPAIR;;;;X;X;X;X;X;;;;;;;;;;;;;X;;;X;;;;;;;;;;;;;;;;;;;;;;;;;;;;;;;;;;;;;;;;;;;;;;;;;;;;;;;;;;;;;;;;;;;;;;;;;;X;;;X;
A5796565500300;A5796565500300;MOVABLE FAIRING ASSEMBLY;REPAIR;;;;X;X;X;X;X;;;;;;;;;;;;;X;;;X;;;;;;;;;;;;;;;;;;;;;;;;;;;;;;;;;;;;;;;;;;;;;;;;;;;;;;;;;;;;;;;;;;;;;;;;;;X;;;X;
A5796569000000;A5796569000000;FIXED FAIRING 2 THRU 7;REPAIR;;;;X;X;;;;;;;;;;;;;;;;;;;X;;;;;;;;;;;;;;;;;;;;;;;;;;;;;;;;;;;;;;;;;;;;;;;;;;;;;;;;;;;;;;;;;;;;;;;;;;X;;;X;
A5796569000100;A5796569000100;FIXED FAIRING 2 THRU 7;REPAIR;;;;X;X;;;;;;;;;;;;;;;;;;;X;;;;;;;;;;;;;;;;;;;;;;;;;;;;;;;;;;;;;;;;;;;;;;;;;;;;;;;;;;;;;;;;;;;;;;;;;;X;;;X;
A5796570500200;A5796570500200;MOVABLE FAIRING ASSEMBLY;REPAIR;;;;X;X;X;X;X;;;;;;;;;;;;;X;;;X;;;;;;;;;;;;;;;;;;;;;;;;;;;;;;;;;;;;;;;;;;;;;;;;;;;;;;;;;;;;;;;;;;;;;;;;;;X;;;X;
A5796570500300;A5796570500300;MOVABLE FAIRING ASSEMBLY;REPAIR;;;;X;X;X;X;X;;;;;;;;;;;;;X;;;X;;;;;;;;;;;;;;;;;;;;;;;;;;;;;;;;;;;;;;;;;;;;;;;;;;;;;;;;;;;;;;;;;;;;;;;;;;X;;;X;
A5796600015800;A5796600015800;INNER FLAP AND TAB ASSEMBLY;REPAIR;;;;X;X;;;;;;;;;;;;;;;;;;;X;;;;;;;;;;;;;;;;;;;;;;;;;;;;;;;;;;;;;;;;;;;;;;;;;;;;;;;;;;;;;;;;;;;;;;;;;;X;;;X;
A5796600015900;A5796600015900;INNER FLAP AND TAB ASSEMBLY;REPAIR;;;;X;X;;;;;;;;;;;;;;;;;;;X;;;;;;;;;;;;;;;;;;;;;;;;;;;;;;;;;;;;;;;;;;;;;;;;;;;;;;;;;;;;;;;;;;;;;;;;;;X;;;X;
A5796600016000;A5796600016000;INNER FLAP AND TAB ASSEMBLY;REPAIR;;;;X;X;;;;;;;;;;;;;;;;;;;X;;;;;;;;;;;;;;;;;;;;;;;;;;;;;;;;;;;;;;;;;;;;;;;;;;;;;;;;;;;;;;;;;;;;;;;;;;X;;;X;
A5796600016100;A5796600016100;INNER FLAP AND TAB ASSEMBLY;REPAIR;;;;X;X;;;;;;;;;;;;;;;;;;;X;;;;;;;;;;;;;;;;;;;;;;;;;;;;;;;;;;;;;;;;;;;;;;;;;;;;;;;;;;;;;;;;;;;;;;;;;;X;;;X;
A5796600016200;A5796600016200;INNER FLAP AND TAB ASSEMBLY;REPAIR;;;;X;X;;;;;;;;;;;;;;;;;;;X;;;;;;;;;;;;;;;;;;;;;;;;;;;;;;;;;;;;;;;;;;;;;;;;;;;;;;;;;;;;;;;;;;;;;;;;;;X;;;X;
A5796600016300;A5796600016300;INNER FLAP AND TAB ASSEMBLY;REPAIR;;;;X;X;;;;;;;;;;;;;;;;;;;X;;;;;;;;;;;;;;;;;;;;;;;;;;;;;;;;;;;;;;;;;;;;;;;;;;;;;;;;;;;;;;;;;;;;;;;;;;X;;;X;
A5796600016400;A5796600016400;INNER FLAP AND TAB ASSEMBLY;REPAIR;;;;X;X;;;;;;;;;;;;;;;;;;;X;;;;;;;;;;;;;;;;;;;;;;;;;;;;;;;;;;;;;;;;;;;;;;;;;;;;;;;;;;;;;;;;;;;;;;;;;;X;;;X;
A5796600016500;A5796600016500;INNER FLAP AND TAB ASSEMBLY;REPAIR;;;;X;X;;;;;;;;;;;;;;;;;;;X;;;;;;;;;;;;;;;;;;;;;;;;;;;;;;;;;;;;;;;;;;;;;;;;;;;;;;;;;;;;;;;;;;;;;;;;;;X;;;X;
A5796600016800;A5796600016800;INNER FLAP AND TAB ASSEMBLY;REPAIR;;;;X;X;;;;;;;;;;;;;;;;;;;X;;;;;;;;;;;;;;;;;;;;;;;;;;;;;;;;;;;;;;;;;;;;;;;;;;;;;;;;;;;;;;;;;;;;;;;;;;X;;;X;
A5796600016900;A5796600016900;INNER FLAP AND TAB ASSEMBLY;REPAIR;;;;X;X;;;;;;;;;;;;;;;;;;;X;;;;;;;;;;;;;;;;;;;;;;;;;;;;;;;;;;;;;;;;;;;;;;;;;;;;;;;;;;;;;;;;;;;;;;;;;;X;;;X;
A5796600017000;A5796600017000;INNER FLAP AND TAB ASSEMBLY;REPAIR;;;;X;X;;;;;;;;;;;;;;;;;;;X;;;;;;;;;;;;;;;;;;;;;;;;;;;;;;;;;;;;;;;;;;;;;;;;;;;;;;;;;;;;;;;;;;;;;;;;;;X;;;X;
A5796600017100;A5796600017100;INNER FLAP AND TAB ASSEMBLY;REPAIR;;;;X;X;;;;;;;;;;;;;;;;;;;X;;;;;;;;;;;;;;;;;;;;;;;;;;;;;;;;;;;;;;;;;;;;;;;;;;;;;;;;;;;;;;;;;;;;;;;;;;X;;;X;
A5796600017200;A5796600017200;INNER FLAP AND TAB ASSEMBLY;REPAIR;;;;X;X;;;;;;;;;;;;;;;;;;;X;;;;;;;;;;;;;;;;;;;;;;;;;;;;;;;;;;;;;;;;;;;;;;;;;;;;;;;;;;;;;;;;;;;;;;;;;;X;;;X;
A5796600017300;A5796600017300;INNER FLAP AND TAB ASSEMBLY;REPAIR;;;;X;X;;;;;;;;;;;;;;;;;;;X;;;;;;;;;;;;;;;;;;;;;;;;;;;;;;;;;;;;;;;;;;;;;;;;;;;;;;;;;;;;;;;;;;;;;;;;;;X;;;X;
A5796600017400;A5796600017400;INNER FLAP AND TAB ASSEMBLY;REPAIR;;;;X;X;;;;;;;;;;;;;;;;;;;X;;;;;;;;;;;;;;;;;;;;;;;;;;;;;;;;;;;;;;;;;;;;;;;;;;;;;;;;;;;;;;;;;;;;;;;;;;X;;;X;
A5796600017500;A5796600017500;INNER FLAP AND TAB ASSEMBLY;REPAIR;;;;X;X;;;;;;;;;;;;;;;;;;;X;;;;;;;;;;;;;;;;;;;;;;;;;;;;;;;;;;;;;;;;;;;;;;;;;;;;;;;;;;;;;;;;;;;;;;;;;;X;;;X;
A5796700015000;A5796700015000;CENTER FLAP AND TAB ASSEMBLY;REPAIR;;;;X;X;;;;;;;;;;;;;;;;;;;X;;;;;;;;;;;;;;;;;;;;;;;;;;;;;;;;;;;;;;;;;;;;;;;;;;;;;;;;;;;;;;;;;;;;;;;;;;X;;;X;
A5796700015100;A5796700015100;CENTER FLAP AND TAB ASSEMBLY;REPAIR;;;;X;X;;;;;;;;;;;;;;;;;;;X;;;;;;;;;;;;;;;;;;;;;;;;;;;;;;;;;;;;;;;;;;;;;;;;;;;;;;;;;;;;;;;;;;;;;;;;;;X;;;X;
A5796700015600;A5796700015600;CENTER FLAP AND TAB ASSEMBLY;REPAIR;;;;X;X;;;;;;;;;;;;;;;;;;;X;;;;;;;;;;;;;;;;;;;;;;;;;;;;;;;;;;;;;;;;;;;;;;;;;;;;;;;;;;;;;;;;;;;;;;;;;;X;;;X;
A5796700015700;A5796700015700;CENTER FLAP AND TAB ASSEMBLY;REPAIR;;;;X;X;;;;;;;;;;;;;;;;;;;X;;;;;;;;;;;;;;;;;;;;;;;;;;;;;;;;;;;;;;;;;;;;;;;;;;;;;;;;;;;;;;;;;;;;;;;;;;X;;;X;
A5796700015800;A5796700015800;CENTER FLAP AND TAB ASSEMBLY;REPAIR;;;;X;X;;;;;;;;;;;;;;;;;;;X;;;;;;;;;;;;;;;;;;;;;;;;;;;;;;;;;;;;;;;;;;;;;;;;;;;;;;;;;;;;;;;;;;;;;;;;;;X;;;X;
A5796700015900;A5796700015900;CENTER FLAP AND TAB ASSEMBLY;REPAIR;;;;X;X;;;;;;;;;;;;;;;;;;;X;;;;;;;;;;;;;;;;;;;;;;;;;;;;;;;;;;;;;;;;;;;;;;;;;;;;;;;;;;;;;;;;;;;;;;;;;;X;;;X;
A5796700016000;A5796700016000;CENTER FLAP AND TAB ASSEMBLY;REPAIR;;;;X;X;;;;;;;;;;;;;;;;;;;X;;;;;;;;;;;;;;;;;;;;;;;;;;;;;;;;;;;;;;;;;;;;;;;;;;;;;;;;;;;;;;;;;;;;;;;;;;X;;;X;
A5796700016100;A5796700016100;CENTER FLAP AND TAB ASSEMBLY;REPAIR;;;;X;X;;;;;;;;;;;;;;;;;;;X;;;;;;;;;;;;;;;;;;;;;;;;;;;;;;;;;;;;;;;;;;;;;;;;;;;;;;;;;;;;;;;;;;;;;;;;;;X;;;X;
A5796700016200;A5796700016200;CENTER FLAP AND TAB ASSEMBLY;REPAIR;;;;X;X;;;;;;;;;;;;;;;;;;;X;;;;;;;;;;;;;;;;;;;;;;;;;;;;;;;;;;;;;;;;;;;;;;;;;;;;;;;;;;;;;;;;;;;;;;;;;;X;;;X;
A5796700016300;A5796700016300;CENTER FLAP AND TAB ASSEMBLY;REPAIR;;;;X;X;;;;;;;;;;;;;;;;;;;X;;;;;;;;;;;;;;;;;;;;;;;;;;;;;;;;;;;;;;;;;;;;;;;;;;;;;;;;;;;;;;;;;;;;;;;;;;X;;;X;
A5796700016400;A5796700016400;CENTER FLAP AND TAB ASSEMBLY;REPAIR;;;;X;X;;;;;;;;;;;;;;;;;;;X;;;;;;;;;;;;;;;;;;;;;;;;;;;;;;;;;;;;;;;;;;;;;;;;;;;;;;;;;;;;;;;;;;;;;;;;;;X;;;X;
A5796700016500;A5796700016500;CENTER FLAP AND TAB ASSEMBLY;REPAIR;;;;X;X;;;;;;;;;;;;;;;;;;;X;;;;;;;;;;;;;;;;;;;;;;;;;;;;;;;;;;;;;;;;;;;;;;;;;;;;;;;;;;;;;;;;;;;;;;;;;;X;;;X;
A5796700016600;A5796700016600;CENTER FLAP AND TAB ASSEMBLY;REPAIR;;;;X;X;;;;;;;;;;;;;;;;;;;X;;;;;;;;;;;;;;;;;;;;;;;;;;;;;;;;;;;;;;;;;;;;;;;;;;;;;;;;;;;;;;;;;;;;;;;;;;X;;;X;
A5796700016700;A5796700016700;CENTER FLAP AND TAB ASSEMBLY;REPAIR;;;;X;X;;;;;;;;;;;;;;;;;;;X;;;;;;;;;;;;;;;;;;;;;;;;;;;;;;;;;;;;;;;;;;;;;;;;;;;;;;;;;;;;;;;;;;;;;;;;;;X;;;X;
A5796800015600;A5796800015600;OUTER FLAP AND TAB ASSY;REPAIR;;;;X;X;;;;;;;;;;;;;;;;;;;X;;;;;;;;;;;;;;;;;;;;;;;;;;;;;;;;;;;;;;;;;;;;;;;;;;;;;;;;;;;;;;;;;;;;;;;;;;X;;;X;
A5796800015700;A5796800015700;OUTER FLAP AND TAB ASSY;REPAIR;;;;X;X;;;;;;;;;;;;;;;;;;;X;;;;;;;;;;;;;;;;;;;;;;;;;;;;;;;;;;;;;;;;;;;;;;;;;;;;;;;;;;;;;;;;;;;;;;;;;;X;;;X;
A5796800015800;A5796800015800;OUTER FLAP AND TAB ASSY;REPAIR;;;;X;X;;;;;;;;;;;;;;;;;;;X;;;;;;;;;;;;;;;;;;;;;;;;;;;;;;;;;;;;;;;;;;;;;;;;;;;;;;;;;;;;;;;;;;;;;;;;;;X;;;X;
A5796800015900;A5796800015900;OUTER FLAP AND TAB ASSY;REPAIR;;;;X;X;;;;;;;;;;;;;;;;;;;X;;;;;;;;;;;;;;;;;;;;;;;;;;;;;;;;;;;;;;;;;;;;;;;;;;;;;;;;;;;;;;;;;;;;;;;;;;X;;;X;
A5796800016000;A5796800016000;OUTER FLAP AND TAB ASSY;REPAIR;;;;X;X;;;;;;;;;;;;;;;;;;;X;;;;;;;;;;;;;;;;;;;;;;;;;;;;;;;;;;;;;;;;;;;;;;;;;;;;;;;;;;;;;;;;;;;;;;;;;;X;;;X;
A5796800016100;A5796800016100;OUTER FLAP AND TAB ASSY;REPAIR;;;;X;X;;;;;;;;;;;;;;;;;;;X;;;;;;;;;;;;;;;;;;;;;;;;;;;;;;;;;;;;;;;;;;;;;;;;;;;;;;;;;;;;;;;;;;;;;;;;;;X;;;X;
A5796800016200;A5796800016200;OUTER FLAP AND TAB ASSY;REPAIR;;;;X;X;;;;;;;;;;;;;;;;;;;X;;;;;;;;;;;;;;;;;;;;;;;;;;;;;;;;;;;;;;;;;;;;;;;;;;;;;;;;;;;;;;;;;;;;;;;;;;X;;;X;
A5796800016300;A5796800016300;OUTER FLAP AND TAB ASSY;REPAIR;;;;X;X;;;;;;;;;;;;;;;;;;;X;;;;;;;;;;;;;;;;;;;;;;;;;;;;;;;;;;;;;;;;;;;;;;;;;;;;;;;;;;;;;;;;;;;;;;;;;;X;;;X;
A5796800016400;A5796800016400;OUTER FLAP AND TAB ASSY;REPAIR;;;;X;X;;;;;;;;;;;;;;;;;;;X;;;;;;;;;;;;;;;;;;;;;;;;;;;;;;;;;;;;;;;;;;;;;;;;;;;;;;;;;;;;;;;;;;;;;;;;;;X;;;X;
A5796800016500;A5796800016500;OUTER FLAP AND TAB ASSY;REPAIR;;;;X;X;;;;;;;;;;;;;;;;;;;X;;;;;;;;;;;;;;;;;;;;;;;;;;;;;;;;;;;;;;;;;;;;;;;;;;;;;;;;;;;;;;;;;;;;;;;;;;X;;;X;
A5796800016600;A5796800016600;OUTER FLAP AND TAB ASSY;REPAIR;;;;X;X;;;;;;;;;;;;;;;;;;;X;;;;;;;;;;;;;;;;;;;;;;;;;;;;;;;;;;;;;;;;;;;;;;;;;;;;;;;;;;;;;;;;;;;;;;;;;;X;;;X;
A5796800016700;A5796800016700;OUTER FLAP AND TAB ASSY;REPAIR;;;;X;X;;;;;;;;;;;;;;;;;;;X;;;;;;;;;;;;;;;;;;;;;;;;;;;;;;;;;;;;;;;;;;;;;;;;;;;;;;;;;;;;;;;;;;;;;;;;;;X;;;X;
A5796800016800;A5796800016800;OUTER FLAP AND TAB ASSY;REPAIR;;;;X;X;;;;;;;;;;;;;;;;;;;X;;;;;;;;;;;;;;;;;;;;;;;;;;;;;;;;;;;;;;;;;;;;;;;;;;;;;;;;;;;;;;;;;;;;;;;;;;X;;;X;
A5796800016900;A5796800016900;OUTER FLAP AND TAB ASSY;REPAIR;;;;X;X;;;;;;;;;;;;;;;;;;;X;;;;;;;;;;;;;;;;;;;;;;;;;;;;;;;;;;;;;;;;;;;;;;;;;;;;;;;;;;;;;;;;;;;;;;;;;;X;;;X;
A5796930015200;A5796930015200;FIXED FAIRING 2 THRU 6;REPAIR;;;;X;X;;;;;;;;;;;;;;;;;;;X;;;;;;;;;;;;;;;;;;;;;;;;;;;;;;;;;;;;;;;;;;;;;;;;;;;;;;;;;;;;;;;;;;;;;;;;;;X;;;X;
A5796930015251;A5796930015251;FIXED FAIRING 2 THRU 6;REPAIR;;;;X;X;;;;;;;;;;;;;;;;;;;X;;;;;;;;;;;;;;;;;;;;;;;;;;;;;;;;;;;;;;;;;;;;;;;;;;;;;;;;;;;;;;;;;;;;;;;;;;X;;;X;
A5796930015300;A5796930015300;FIXED FAIRING 2 THRU 6;REPAIR;;;;X;X;;;;;;;;;;;;;;;;;;;X;;;;;;;;;;;;;;;;;;;;;;;;;;;;;;;;;;;;;;;;;;;;;;;;;;;;;;;;;;;;;;;;;;;;;;;;;;X;;;X;
A5796930015351;A5796930015351;FIXED FAIRING 2 THRU 6;REPAIR;;;;X;X;;;;;;;;;;;;;;;;;;;X;;;;;;;;;;;;;;;;;;;;;;;;;;;;;;;;;;;;;;;;;;;;;;;;;;;;;;;;;;;;;;;;;;;;;;;;;;X;;;X;
A5796930115200;A5796930115200;MOVEABLE FAIRING 2 THRU 6;REPAIR;;;;X;X;;;;;;;;;;;;;;;;;;;X;;;;;;;;;;;;;;;;;;;;;;;;;;;;;;;;;;;;;;;;;;;;;;;;;;;;;;;;;;;;;;;;;;;;;;;;;;X;;;X;
A5796930115300;A5796930115300;MOVEABLE FAIRING 2 THRU 6;REPAIR;;;;X;X;;;;;;;;;;;;;;;;;;;X;;;;;;;;;;;;;;;;;;;;;;;;;;;;;;;;;;;;;;;;;;;;;;;;;;;;;;;;;;;;;;;;;;;;;;;;;;X;;;X;
A5796938015200;A5796938015200;FIXED FAIRING 2 THRU 6;REPAIR;;;;X;X;;;;;;;;;;;;;;;;;;;X;;;;;;;;;;;;;;;;;;;;;;;;;;;;;;;;;;;;;;;;;;;;;;;;;;;;;;;;;;;;;;;;;;;;;;;;;;X;;;X;
A5796938015251;A5796938015251;FIXED FAIRING 2 THRU 6;REPAIR;;;;X;X;;;;;;;;;;;;;;;;;;;X;;;;;;;;;;;;;;;;;;;;;;;;;;;;;;;;;;;;;;;;;;;;;;;;;;;;;;;;;;;;;;;;;;;;;;;;;;X;;;X;
A5796938015300;A5796938015300;FIXED FAIRING 2 THRU 6;REPAIR;;;;X;X;;;;;;;;;;;;;;;;;;;X;;;;;;;;;;;;;;;;;;;;;;;;;;;;;;;;;;;;;;;;;;;;;;;;;;;;;;;;;;;;;;;;;;;;;;;;;;X;;;X;
A5796938015351;A5796938015351;FIXED FAIRING 2 THRU 6;REPAIR;;;;X;X;;;;;;;;;;;;;;;;;;;X;;;;;;;;;;;;;;;;;;;;;;;;;;;;;;;;;;;;;;;;;;;;;;;;;;;;;;;;;;;;;;;;;;;;;;;;;;X;;;X;
A5796938115200;A5796938115200;MOVEABLE FAIRING 2 THRU 6;REPAIR;;;;X;X;;;;;;;;;;;;;;;;;;;X;;;;;;;;;;;;;;;;;;;;;;;;;;;;;;;;;;;;;;;;;;;;;;;;;;;;;;;;;;;;;;;;;;;;;;;;;;X;;;X;
A5796938115300;A5796938115300;MOVEABLE FAIRING 2 THRU 6;REPAIR;;;;X;X;;;;;;;;;;;;;;;;;;;X;;;;;;;;;;;;;;;;;;;;;;;;;;;;;;;;;;;;;;;;;;;;;;;;;;;;;;;;;;;;;;;;;;;;;;;;;;X;;;X;
A5796946015200;A5796946015200;FIXED FAIRING 2 THRU 6;REPAIR;;;;X;X;;;;;;;;;;;;;;;;;;;X;;;;;;;;;;;;;;;;;;;;;;;;;;;;;;;;;;;;;;;;;;;;;;;;;;;;;;;;;;;;;;;;;;;;;;;;;;X;;;X;
A5796946015251;A5796946015251;FIXED FAIRING 2 THRU 6;REPAIR;;;;X;X;;;;;;;;;;;;;;;;;;;X;;;;;;;;;;;;;;;;;;;;;;;;;;;;;;;;;;;;;;;;;;;;;;;;;;;;;;;;;;;;;;;;;;;;;;;;;;X;;;X;
A5796946015300;A5796946015300;FIXED FAIRING 2 THRU 6;REPAIR;;;;X;X;;;;;;;;;;;;;;;;;;;X;;;;;;;;;;;;;;;;;;;;;;;;;;;;;;;;;;;;;;;;;;;;;;;;;;;;;;;;;;;;;;;;;;;;;;;;;;X;;;X;
A5796946015351;A5796946015351;FIXED FAIRING 2 THRU 6;REPAIR;;;;X;X;;;;;;;;;;;;;;;;;;;X;;;;;;;;;;;;;;;;;;;;;;;;;;;;;;;;;;;;;;;;;;;;;;;;;;;;;;;;;;;;;;;;;;;;;;;;;;X;;;X;
A5796946115200;A5796946115200;MOVEABLE FAIRING 2 THRU 6;REPAIR;;;;X;X;;;;;;;;;;;;;;;;;;;X;;;;;;;;;;;;;;;;;;;;;;;;;;;;;;;;;;;;;;;;;;;;;;;;;;;;;;;;;;;;;;;;;;;;;;;;;;X;;;X;
A5796946115300;A5796946115300;MOVEABLE FAIRING 2 THRU 6;REPAIR;;;;X;X;;;;;;;;;;;;;;;;;;;X;;;;;;;;;;;;;;;;;;;;;;;;;;;;;;;;;;;;;;;;;;;;;;;;;;;;;;;;;;;;;;;;;;;;;;;;;;X;;;X;
A5796954015800;A5796954015800;FIXED FAIRING 2 THRU 6;REPAIR;;;;X;X;;;;;;;;;;;;;;;;;;;X;;;;;;;;;;;;;;;;;;;;;;;;;;;;;;;;;;;;;;;;;;;;;;;;;;;;;;;;;;;;;;;;;;;;;;;;;;X;;;X;
A5796954015851;A5796954015851;FIXED FAIRING 2 THRU 6;REPAIR;;;;X;X;;;;;;;;;;;;;;;;;;;X;;;;;;;;;;;;;;;;;;;;;;;;;;;;;;;;;;;;;;;;;;;;;;;;;;;;;;;;;;;;;;;;;;;;;;;;;;X;;;X;
A5796954015900;A5796954015900;FIXED FAIRING 2 THRU 6;REPAIR;;;;X;X;;;;;;;;;;;;;;;;;;;X;;;;;;;;;;;;;;;;;;;;;;;;;;;;;;;;;;;;;;;;;;;;;;;;;;;;;;;;;;;;;;;;;;;;;;;;;;X;;;X;
A5796954015951;A5796954015951;FIXED FAIRING 2 THRU 6;REPAIR;;;;X;X;;;;;;;;;;;;;;;;;;;X;;;;;;;;;;;;;;;;;;;;;;;;;;;;;;;;;;;;;;;;;;;;;;;;;;;;;;;;;;;;;;;;;;;;;;;;;;X;;;X;
A5796954115800;A5796954115800;MOVEABLE FAIRING 2 THRU 6;REPAIR;;;;X;X;;;;;;;;;;;;;;;;;;;X;;;;;;;;;;;;;;;;;;;;;;;;;;;;;;;;;;;;;;;;;;;;;;;;;;;;;;;;;;;;;;;;;;;;;;;;;;X;;;X;
A5796954115900;A5796954115900;MOVEABLE FAIRING 2 THRU 6;REPAIR;;;;X;X;;;;;;;;;;;;;;;;;;;X;;;;;;;;;;;;;;;;;;;;;;;;;;;;;;;;;;;;;;;;;;;;;;;;;;;;;;;;;;;;;;;;;;;;;;;;;;X;;;X;
A5796962015200;A5796962015200;FIXED FAIRING 2 THRU 6;REPAIR;;;;X;X;;;;;;;;;;;;;;;;;;;X;;;;;;;;;;;;;;;;;;;;;;;;;;;;;;;;;;;;;;;;;;;;;;;;;;;;;;;;;;;;;;;;;;;;;;;;;;X;;;X;
A5796962015251;A5796962015251;FIXED FAIRING 2 THRU 6;REPAIR;;;;X;X;;;;;;;;;;;;;;;;;;;X;;;;;;;;;;;;;;;;;;;;;;;;;;;;;;;;;;;;;;;;;;;;;;;;;;;;;;;;;;;;;;;;;;;;;;;;;;X;;;X;
A5796962015300;A5796962015300;FIXED FAIRING 2 THRU 6;REPAIR;;;;X;X;;;;;;;;;;;;;;;;;;;X;;;;;;;;;;;;;;;;;;;;;;;;;;;;;;;;;;;;;;;;;;;;;;;;;;;;;;;;;;;;;;;;;;;;;;;;;;X;;;X;
A5796962015351;A5796962015351;FIXED FAIRING 2 THRU 6;REPAIR;;;;X;X;;;;;;;;;;;;;;;;;;;X;;;;;;;;;;;;;;;;;;;;;;;;;;;;;;;;;;;;;;;;;;;;;;;;;;;;;;;;;;;;;;;;;;;;;;;;;;X;;;X;
A5796962115200;A5796962115200;MOVEABLE FAIRING 2 THRU 6;REPAIR;;;;X;X;;;;;;;;;;;;;;;;;;;X;;;;;;;;;;;;;;;;;;;;;;;;;;;;;;;;;;;;;;;;;;;;;;;;;;;;;;;;;;;;;;;;;;;;;;;;;;X;;;X;
A5796962115300;A5796962115300;MOVEABLE FAIRING 2 THRU 6;REPAIR;;;;X;X;;;;;;;;;;;;;;;;;;;X;;;;;;;;;;;;;;;;;;;;;;;;;;;;;;;;;;;;;;;;;;;;;;;;;;;;;;;;;;;;;;;;;;;;;;;;;;X;;;X;
A5797010000200;A5797010000200;INBOARD FLAP ASSY;REPAIR;;;;X;X;;;;;;;;;;;;;;;;;;;X;;;;;;;;;;;;;;;;;;;;;;;;;;;;;;;;;;;;;;;;;;;;;;;;;;;;;;;;;;;;;;;;;;;;;;;;;;X;;;X;
A5797010000300;A5797010000300;INBOARD FLAP ASSY;REPAIR;;;;X;X;;;;;;;;;;;;;;;;;;;X;;;;;;;;;;;;;;;;;;;;;;;;;;;;;;;;;;;;;;;;;;;;;;;;;;;;;;;;;;;;;;;;;;;;;;;;;;X;;;X;
A5797010000400;A5797010000400;INBOARD FLAP ASSY;REPAIR;;;;X;X;;;;;;;;;;;;;;;;;;;X;;;;;;;;;;;;;;;;;;;;;;;;;;;;;;;;;;;;;;;;;;;;;;;;;;;;;;;;;;;;;;;;;;;;;;;;;;X;;;X;
A5797010000500;A5797010000500;INBOARD FLAP ASSY;REPAIR;;;;X;X;;;;;;;;;;;;;;;;;;;X;;;;;;;;;;;;;;;;;;;;;;;;;;;;;;;;;;;;;;;;;;;;;;;;;;;;;;;;;;;;;;;;;;;;;;;;;;X;;;X;
A5797010000600;A5797010000600;INBOARD FLAP ASSY;REPAIR;;;;X;X;;;;;;;;;;;;;;;;;;;X;;;;;;;;;;;;;;;;;;;;;;;;;;;;;;;;;;;;;;;;;;;;;;;;;;;;;;;;;;;;;;;;;;;;;;;;;;X;;;X;
A5797010000800;A5797010000800;INBOARD FLAP ASSY;REPAIR;;;;X;X;;;;;;;;;;;;;;;;;;;X;;;;;;;;;;;;;;;;;;;;;;;;;;;;;;;;;;;;;;;;;;;;;;;;;;;;;;;;;;;;;;;;;;;;;;;;;;X;;;X;
A5797010000900;A5797010000900;INBOARD FLAP ASSY;REPAIR;;;;X;X;;;;;;;;;;;;;;;;;;;X;;;;;;;;;;;;;;;;;;;;;;;;;;;;;;;;;;;;;;;;;;;;;;;;;;;;;;;;;;;;;;;;;;;;;;;;;;X;;;X;
A5797010001000;A5797010001000;INBOARD FLAP ASSY;REPAIR;;;;X;X;;;;;;;;;;;;;;;;;;;X;;;;;;;;;;;;;;;;;;;;;;;;;;;;;;;;;;;;;;;;;;;;;;;;;;;;;;;;;;;;;;;;;;;;;;;;;;X;;;X;
A5797010001100;A5797010001100;INBOARD FLAP ASSY;REPAIR;;;;X;X;;;;;;;;;;;;;;;;;;;X;;;;;;;;;;;;;;;;;;;;;;;;;;;;;;;;;;;;;;;;;;;;;;;;;;;;;;;;;;;;;;;;;;;;;;;;;;X;;;X;
A5797010001400;A5797010001400;INBOARD FLAP ASSY;REPAIR;;;;X;X;;;;;;;;;;;;;;;;;;;X;;;;;;;;;;;;;;;;;;;;;;;;;;;;;;;;;;;;;;;;;;;;;;;;;;;;;;;;;;;;;;;;;;;;;;;;;;X;;;X;
A5797010001500;A5797010001500;INBOARD FLAP ASSY;REPAIR;;;;X;X;;;;;;;;;;;;;;;;;;;X;;;;;;;;;;;;;;;;;;;;;;;;;;;;;;;;;;;;;;;;;;;;;;;;;;;;;;;;;;;;;;;;;;;;;;;;;;X;;;X;
A5797010001600;A5797010001600;INBOARD FLAP ASSY;REPAIR;;;;X;X;;;;;;;;;;;;;;;;;;;X;;;;;;;;;;;;;;;;;;;;;;;;;;;;;;;;;;;;;;;;;;;;;;;;;;;;;;;;;;;;;;;;;;;;;;;;;;X;;;X;
A5797010001700;A5797010001700;INBOARD FLAP ASSY;REPAIR;;;;X;X;;;;;;;;;;;;;;;;;;;X;;;;;;;;;;;;;;;;;;;;;;;;;;;;;;;;;;;;;;;;;;;;;;;;;;;;;;;;;;;;;;;;;;;;;;;;;;X;;;X;
A5797010002000;A5797010002000;INBOARD FLAP ASSY;REPAIR;;;;X;X;;;;;;;;;;;;;;;;;;;X;;;;;;;;;;;;;;;;;;;;;;;;;;;;;;;;;;;;;;;;;;;;;;;;;;;;;;;;;;;;;;;;;;;;;;;;;;X;;;X;
A5797010002100;A5797010002100;INBOARD FLAP ASSY;REPAIR;;;;X;X;;;;;;;;;;;;;;;;;;;X;;;;;;;;;;;;;;;;;;;;;;;;;;;;;;;;;;;;;;;;;;;;;;;;;;;;;;;;;;;;;;;;;;;;;;;;;;X;;;X;
A5797010002200;A5797010002200;INBOARD FLAP ASSY;REPAIR;;;;X;X;;;;;;;;;;;;;;;;;;;X;;;;;;;;;;;;;;;;;;;;;;;;;;;;;;;;;;;;;;;;;;;;;;;;;;;;;;;;;;;;;;;;;;;;;;;;;;X;;;X;
A5797010002300;A5797010002300;INBOARD FLAP ASSY;REPAIR;;;;X;X;;;;;;;;;;;;;;;;;;;X;;;;;;;;;;;;;;;;;;;;;;;;;;;;;;;;;;;;;;;;;;;;;;;;;;;;;;;;;;;;;;;;;;;;;;;;;;X;;;X;
A5797010002600;A5797010002600;INBOARD FLAP ASSY;REPAIR;;;;X;X;;;;;;;;;;;;;;;;;;;X;;;;;;;;;;;;;;;;;;;;;;;;;;;;;;;;;;;;;;;;;;;;;;;;;;;;;;;;;;;;;;;;;;;;;;;;;;X;;;X;
A5797010002700;A5797010002700;INBOARD FLAP ASSY;REPAIR;;;;X;X;;;;;;;;;;;;;;;;;;;X;;;;;;;;;;;;;;;;;;;;;;;;;;;;;;;;;;;;;;;;;;;;;;;;;;;;;;;;;;;;;;;;;;;;;;;;;;X;;;X;
A5797010002800;A5797010002800;INBOARD FLAP ASSY;REPAIR;;;;X;X;;;;;;;;;;;;;;;;;;;X;;;;;;;;;;;;;;;;;;;;;;;;;;;;;;;;;;;;;;;;;;;;;;;;;;;;;;;;;;;;;;;;;;;;;;;;;;X;;;X;
A5797010002900;A5797010002900;INBOARD FLAP ASSY;REPAIR;;;;X;X;;;;;;;;;;;;;;;;;;;X;;;;;;;;;;;;;;;;;;;;;;;;;;;;;;;;;;;;;;;;;;;;;;;;;;;;;;;;;;;;;;;;;;;;;;;;;;X;;;X;
A5797010003000;A5797010003000;INBOARD FLAP ASSY;REPAIR;;;;X;X;;;;;;;;;;;;;;;;;;;X;;;;;;;;;;;;;;;;;;;;;;;;;;;;;;;;;;;;;;;;;;;;;;;;;;;;;;;;;;;;;;;;;;;;;;;;;;X;;;X;
A5797010003100;A5797010003100;INBOARD FLAP ASSY;REPAIR;;;;X;X;;;;;;;;;;;;;;;;;;;X;;;;;;;;;;;;;;;;;;;;;;;;;;;;;;;;;;;;;;;;;;;;;;;;;;;;;;;;;;;;;;;;;;;;;;;;;;X;;;X;
A5797010003200;A5797010003200;INBOARD FLAP ASSY;REPAIR;;;;X;X;;;;;;;;;;;;;;;;;;;X;;;;;;;;;;;;;;;;;;;;;;;;;;;;;;;;;;;;;;;;;;;;;;;;;;;;;;;;;;;;;;;;;;;;;;;;;;X;;;X;
A5797010003300;A5797010003300;INBOARD FLAP ASSY;REPAIR;;;;X;X;;;;;;;;;;;;;;;;;;;X;;;;;;;;;;;;;;;;;;;;;;;;;;;;;;;;;;;;;;;;;;;;;;;;;;;;;;;;;;;;;;;;;;;;;;;;;;X;;;X;
A5797010003400;A5797010003400;INBOARD FLAP ASSY;REPAIR;;;;X;X;;;;;;;;;;;;;;;;;;;X;;;;;;;;;;;;;;;;;;;;;;;;;;;;;;;;;;;;;;;;;;;;;;;;;;;;;;;;;;;;;;;;;;;;;;;;;;X;;;X;
A5797130100000;A5797130100000;OUTBOARD FLAP ASSY;REPAIR;;;;X;X;;;;;;;;;;;;;;;;;;;X;;;;;;;;;;;;;;;;;;;;;;;;;;;;;;;;;;;;;;;;;;;;;;;;;;;;;;;;;;;;;;;;;;;;;;;;;;X;;;X;
A5797130100100;A5797130100100;OUTBOARD FLAP ASSY;REPAIR;;;;X;X;;;;;;;;;;;;;;;;;;;X;;;;;;;;;;;;;;;;;;;;;;;;;;;;;;;;;;;;;;;;;;;;;;;;;;;;;;;;;;;;;;;;;;;;;;;;;;X;;;X;
A5797130100400;A5797130100400;OUTBOARD FLAP ASSY;REPAIR;;;;X;X;;;;;;;;;;;;;;;;;;;X;;;;;;;;;;;;;;;;;;;;;;;;;;;;;;;;;;;;;;;;;;;;;;;;;;;;;;;;;;;;;;;;;;;;;;;;;;X;;;X;
A5797130100500;A5797130100500;OUTBOARD FLAP ASSY;REPAIR;;;;X;X;;;;;;;;;;;;;;;;;;;X;;;;;;;;;;;;;;;;;;;;;;;;;;;;;;;;;;;;;;;;;;;;;;;;;;;;;;;;;;;;;;;;;;;;;;;;;;X;;;X;
A5797130100600;A5797130100600;OUTBOARD FLAP ASSY;REPAIR;;;;X;X;;;;;;;;;;;;;;;;;;;X;;;;;;;;;;;;;;;;;;;;;;;;;;;;;;;;;;;;;;;;;;;;;;;;;;;;;;;;;;;;;;;;;;;;;;;;;;X;;;X;
A5797130100700;A5797130100700;OUTBOARD FLAP ASSY;REPAIR;;;;X;X;;;;;;;;;;;;;;;;;;;X;;;;;;;;;;;;;;;;;;;;;;;;;;;;;;;;;;;;;;;;;;;;;;;;;;;;;;;;;;;;;;;;;;;;;;;;;;X;;;X;
A5797130100800;A5797130100800;OUTBOARD FLAP ASSY;REPAIR;;;;X;X;;;;;;;;;;;;;;;;;;;X;;;;;;;;;;;;;;;;;;;;;;;;;;;;;;;;;;;;;;;;;;;;;;;;;;;;;;;;;;;;;;;;;;;;;;;;;;X;;;X;
A5797130100900;A5797130100900;OUTBOARD FLAP ASSY;REPAIR;;;;X;X;;;;;;;;;;;;;;;;;;;X;;;;;;;;;;;;;;;;;;;;;;;;;;;;;;;;;;;;;;;;;;;;;;;;;;;;;;;;;;;;;;;;;;;;;;;;;;X;;;X;
A5797130101000;A5797130101000;OUTBOARD FLAP ASSY;REPAIR;;;;X;X;;;;;;;;;;;;;;;;;;;X;;;;;;;;;;;;;;;;;;;;;;;;;;;;;;;;;;;;;;;;;;;;;;;;;;;;;;;;;;;;;;;;;;;;;;;;;;X;;;X;
A5797130101100;A5797130101100;OUTBOARD FLAP ASSY;REPAIR;;;;X;X;;;;;;;;;;;;;;;;;;;X;;;;;;;;;;;;;;;;;;;;;;;;;;;;;;;;;;;;;;;;;;;;;;;;;;;;;;;;;;;;;;;;;;;;;;;;;;X;;;X;
A5797130101200;A5797130101200;OUTBOARD FLAP ASSY;REPAIR;;;;X;X;;;;;;;;;;;;;;;;;;;X;;;;;;;;;;;;;;;;;;;;;;;;;;;;;;;;;;;;;;;;;;;;;;;;;;;;;;;;;;;;;;;;;;;;;;;;;;X;;;X;
A5797130101300;A5797130101300;OUTBOARD FLAP ASSY;REPAIR;;;;X;X;;;;;;;;;;;;;;;;;;;X;;;;;;;;;;;;;;;;;;;;;;;;;;;;;;;;;;;;;;;;;;;;;;;;;;;;;;;;;;;;;;;;;;;;;;;;;;X;;;X;
A5797130101400;A5797130101400;OUTBOARD FLAP ASSY;REPAIR;;;;X;X;;;;;;;;;;;;;;;;;;;X;;;;;;;;;;;;;;;;;;;;;;;;;;;;;;;;;;;;;;;;;;;;;;;;;;;;;;;;;;;;;;;;;;;;;;;;;;X;;;X;
A5797130101451;A5797130101451;OUTBOARD FLAP ASSY;REPAIR;;;;X;X;;;;;;;;;;;;;;;;;;;X;;;;;;;;;;;;;;;;;;;;;;;;;;;;;;;;;;;;;;;;;;;;;;;;;;;;;;;;;;;;;;;;;;;;;;;;;;X;;;X;
A5797130101452;A5797130101452;OUTBOARD FLAP ASSY;REPAIR;;;;X;X;;;;;;;;;;;;;;;;;;;X;;;;;;;;;;;;;;;;;;;;;;;;;;;;;;;;;;;;;;;;;;;;;;;;;;;;;;;;;;;;;;;;;;;;;;;;;;X;;;X;
A5797130101500;A5797130101500;OUTBOARD FLAP ASSY;REPAIR;;;;X;X;;;;;;;;;;;;;;;;;;;X;;;;;;;;;;;;;;;;;;;;;;;;;;;;;;;;;;;;;;;;;;;;;;;;;;;;;;;;;;;;;;;;;;;;;;;;;;X;;;X;
A5797130101551;A5797130101551;OUTBOARD FLAP ASSY;REPAIR;;;;X;X;;;;;;;;;;;;;;;;;;;X;;;;;;;;;;;;;;;;;;;;;;;;;;;;;;;;;;;;;;;;;;;;;;;;;;;;;;;;;;;;;;;;;;;;;;;;;;X;;;X;
A5797130101552;A5797130101552;OUTBOARD FLAP ASSY;REPAIR;;;;X;X;;;;;;;;;;;;;;;;;;;X;;;;;;;;;;;;;;;;;;;;;;;;;;;;;;;;;;;;;;;;;;;;;;;;;;;;;;;;;;;;;;;;;;;;;;;;;;X;;;X;
A5797130101600;A5797130101600;OUTBOARD FLAP ASSY;REPAIR;;;;X;X;;;;;;;;;;;;;;;;;;;X;;;;;;;;;;;;;;;;;;;;;;;;;;;;;;;;;;;;;;;;;;;;;;;;;;;;;;;;;;;;;;;;;;;;;;;;;;X;;;X;
A5797130101700;A5797130101700;OUTBOARD FLAP ASSY;REPAIR;;;;X;X;;;;;;;;;;;;;;;;;;;X;;;;;;;;;;;;;;;;;;;;;;;;;;;;;;;;;;;;;;;;;;;;;;;;;;;;;;;;;;;;;;;;;;;;;;;;;;X;;;X;
A5797130101800;A5797130101800;OUTBOARD FLAP ASSY;REPAIR;;;;X;X;;;;;;;;;;;;;;;;;;;X;;;;;;;;;;;;;;;;;;;;;;;;;;;;;;;;;;;;;;;;;;;;;;;;;;;;;;;;;;;;;;;;;;;;;;;;;;X;;;X;
A5797130101900;A5797130101900;OUTBOARD FLAP ASSY;REPAIR;;;;X;X;;;;;;;;;;;;;;;;;;;X;;;;;;;;;;;;;;;;;;;;;;;;;;;;;;;;;;;;;;;;;;;;;;;;;;;;;;;;;;;;;;;;;;;;;;;;;;X;;;X;
A5797130102000;A5797130102000;OUTBOARD FLAP ASSY;REPAIR;;;;X;X;;;;;;;;;;;;;;;;;;;X;;;;;;;;;;;;;;;;;;;;;;;;;;;;;;;;;;;;;;;;;;;;;;;;;;;;;;;;;;;;;;;;;;;;;;;;;;X;;;X;
A5797130102100;A5797130102100;OUTBOARD FLAP ASSY;REPAIR;;;;X;X;;;;;;;;;;;;;;;;;;;X;;;;;;;;;;;;;;;;;;;;;;;;;;;;;;;;;;;;;;;;;;;;;;;;;;;;;;;;;;;;;;;;;;;;;;;;;;X;;;X;
A5797130102200;A5797130102200;OUTBOARD FLAP ASSY;REPAIR;;;;X;X;;;;;;;;;;;;;;;;;;;X;;;;;;;;;;;;;;;;;;;;;;;;;;;;;;;;;;;;;;;;;;;;;;;;;;;;;;;;;;;;;;;;;;;;;;;;;;X;;;X;
A5797130102300;A5797130102300;OUTBOARD FLAP ASSY;REPAIR;;;;X;X;;;;;;;;;;;;;;;;;;;X;;;;;;;;;;;;;;;;;;;;;;;;;;;;;;;;;;;;;;;;;;;;;;;;;;;;;;;;;;;;;;;;;;;;;;;;;;X;;;X;
A583;A583;SIEGE MONOPLACE;;REPAIR;;;X;;;;;;;;;;;;;;;;;;;;;;;;;;;;;;;;;;;;;;;;;;;;;;;;;;;;;;;;;;;;;;;;;;;;;;;;;;;;;;;;;X;;;X;;;;;;;;;;;X;;;
A583A;A583A;SIEGE MONOPLACE;;REPAIR;;;X;;;;;;;;;;;;;;;;;;;;;;;;;;;;;;;;;;;;;;;;;;;;;;;;;;;;;;;;;;;;;;;;;;;;;;;;;;;;;;;;;X;;;X;;;;;;;;;;;X;;;
A589048;A589048;02 CYLINDER - ACIER;;OVERHAUL;;;X;;;;;;;;;;;;;;;;;;;;;;;;;;;;;;;;;;;;;;;;;;;;;;;;;;;;;;;;;;;;;;;;;;;;;;;;;;;;;;;;;X;;;;;;;;;;;;;;X;;;
A589080;A589080;02 CYLINDER - ACIER;;OVERHAUL;;;X;;;;;;;;;;;;;;;;;;;;;;;;;;;;;;;;;;;;;;;;;;;;;;;;;;;;;;;;;;;;;;;;;;;;;;;;;;;;;;;;;X;;;;;;X;;;;;;;;X;;;
A589081;A589081;02 CYLINDER - ACIER;;OVERHAUL;;;X;;;;;;;;;;;;;;;;;;;;;;;;;;;;;;;;;;;;;;;;;;;;;;;;;;;;;;;;;;;;;;;;;;;;;;;;;;;;;;;;;X;;;;;;;;;;;;;;X;;;
A701D;A-701D;CONTACTOR;;REPAIR;;;X;X;;X;;;;;;;;;;;;;;;;;;;;;;;;;;;;;;;;;;;;;;;;;;;;;;;;;;;;;;;;;;;;;;;;;;;;;;;;;;;;;;X;;;;;;X;;X;X;;;;;X;;X;
A7024212;A70-24212;VALVE, CHECK;OVERHAUL;;;;X;X;X;X;X;;;X;;;X;;;;X;;;;;;;;;;;;;;;;;;;;;;;;;;;;;;;;;;;;;;;;;;;;;;;;;;;;;;;;;;;;;;;;;;;;;;;;;;;;;;;;X;;;;
A7024244;A70-24244;FILTER,;OVERHAUL;;;;X;X;X;X;X;;;;;;X;;;;X;;;;;;;;;;;;;;;;;;;;;;;;;;;;;;;;;;;;;;;;;;;;;;;;;;;;;;;;;;;;;;;;;;;;;;;;;;;;;;;;X;;;;
A7024262;A70-24262;REDUCER, PRESSURE;OVERHAUL;;;;X;X;X;X;X;;;X;;;X;;;;X;X;;;;;;;;;;;;;;;;;;;;;;;;;;;;;;;;;;;;;;;;;;;;;;;;;;;;;;;;;;;;;;;;;;;;;;;;;;;;;;;X;;;;
A7224023;A72-24023;VALVE, LEVER ACTUATED;OVERHAUL;;;;X;X;X;X;X;;;X;;;X; ;;;X;;;;;;;;;;;;;;;;;;;;;;;;;;;;;;;;;;;;;;;;;;;;;;;;;;;;;;;;;;;;;;;;;;;;;;;;;;;;;;;;X;;;;
A7224023A;A72-24023-A;VALVE, LEVER ACTUATED;OVERHAUL;;;;X;X;X;X;X;X;;;;;X; ;;;X;;;;;;;;;;;;;;;;;;;;;;;;;;;;;;;;;;;;;;;;;;;;;;;;;;;;;;;;;;;;;;;;;;;;;;;;;;;;;;;;X;;;;
A7224540;A72-24540;VALVE, SOLENOID;OVERHAUL;;;;X;X;X;X;X;;;X;;;X;;;;X;X;;;;;;;;;;;;;;;;;;;;;;;;;;;;;;;;;;;;;;;;;;;;;;;;;;;;;;;;;;;;;;;;;;;;;;;;;;;;;;;X;;;;
A7224540A;A72-24540A;VALVE, SOLENOID;OVERHAUL;;;;X;X;X;X;X;;;;;;X;;;;X;X;;;;;;;;;;;;;;;;;;;;;;;;;;;;;;;;;;;;;;;;;;;;;;;;;;;;;;;;;;;;;;;;;;;;;;;;;;;;;;;X;;;;
A73100424;A73100-424;DUCT ASSY;;REPAIR;;;X;;;;;;;;;;;;;;;;;;;;;;;;;;;;;;;;;;;;;;;;;;;;;;;;;;;;;;;;;;;;;;;;;;;;;;;;;;;;;;;;;;;;;;;;;X;X;;;;;X;;X;
A73100425;A73100-425;DUCT ASSY;;REPAIR;;;X;X;;;;;;;;;;;;;;;;;;;;;;;;;;;;;;;;;;;;;;;;;;;;;;;;;;;;;;;;;;;;;;;;;;;;;;;;;;;;;;;;;;;;;;;;X;X;;;;;X;;X;
A73100427;A73100-427;DUCT ASSY;;REPAIR;;;X;X;;;;;;;;;;;;;;;;;;;;;;;;;;;;;;;;;;;;;;;;;;;;;;;;;;;;;;;;;;;;;;;;;;;;;;;;;;;;;;;;;;;;;;;;X;X;;;;;X;;X;
A73100429;A73100-429;DUCT ASSY;;REPAIR;;;X;X;;X;;;;;;;;;;;;;;;;;;;;;;;;X;;;X;;;;;;;;;;;;;;;;;;;;;;;;;;;;;;;;;;;;;;;;;;;;;;;;;;;;;;;;;;;;;;;;;X;;;
A7324533;A73-24533;TRANSMITTER, BRAKE PRESSURE;OVERHAUL;;;;X;X;X;X;X;;;X;;;X;;;;X;;;;;;;;;;;;;;;;;;;;;;;;;;;;;;;;;;;;;;;;;;;;;;;;;;;;;;;;;;;;;;;;;;;;;;;;;;;;;;;;X;;;;
A7324534;A73-24534;VALVE, SOLENOID;OVERHAUL;;;;X;X;X;X;X;;;;;;X;;;;X;;;;;;;;;;;;;;;;;;;;;;;;;;;;;;;;;;;;;;;;;;;;;;;;;;;;;;;;;;;;;;;;;;;;;;;;;;;;;;;;X;;;;
A7324534M1;A73-24534M1;VALVE, SOLENOID;OVERHAUL;;;;X;X;X;X;X;;;X;;;X;;;X;X;;;;;;;;;;;;;;;;;;;;;;;;;;;;;;;;;;;;;;;;;;;;;;;;;;;;;;;;;;;;;;;;;;;;;;;;;;;;;;;;X;;;;
A7324540;A73-24540;VALVE, SOLENOID;OVERHAUL;;;;X;X;X;X;X;;;;;;X;;;;X;X;;;;;;;;;;;;;;;;;;;;;;;;;;;;;;;;;;;;;;;;;;;;;;;;;;;;;;;;;;;;;;;;;;;;;;;;;;;;;;;X;;;;
A7521502500200;A7521502500200;DOOR ASSY;BENCH TEST;;;;X;X;X;X;X;;;;;;;;;;;;;X;;X;;;;;;;;;;;;;;;;;;;;;;;;;;;;;;;;;;;;;;;;;;;;;;;;;;;;;;;;;;;;;;;;;;;;;;;;;;;X;;;X;
A7524060;A75-24060;DISTRIBUTOR, PRESSURE REDUCING;OVERHAUL;;;;X;X;X;X;X;;;;;;X;;;;X;X;;;;;;;;;;;;;;;;;;;;;;;;;;;;;;;;;;;;;;;;;;;;;;;;;;;;;;;;;;;;;;;;;;;;;;;;;;;;;;;X;;;;
A7524381;A75-24381;SWITCH, PRESSURE;OVERHAUL;;;;X;X;X;X;X;;;X;;;X;;;;X;X;;;;;;;;;;;;;;;;;;;;;;;;;;;;;;;;;;;;;;;;;;;;;;;;;;;;;;;;;;;;;;;;;;;;;;;;;;;;;;;X;;;;
A7824371;A78-24371;VALVE, SELECTOR TWO POSITIONS;OVERHAUL;;;;X;X;X;X;X;;;X;;;X;;;;X;;;;;;;;;;;;;;;;;;;;;;;;;;;;;;;;;;;;;;;;;;;;;;;;;;;;;;;;;;;;;;;;;;;;;;;;;;;;;;;;X;;;;
A8001003;A800100-3;EXTINGUISHER;;TEST;;;X;X;;X;;;;;;;;;;;;;;;;;;;;;;;;;;;;;;;;;;;;;;;;;;;;;;;;;;;;;;;;;;;;;;;;;;;;;;;;;;;;;;;;;;;;;;X;X;;;;;X;;;
A8251004;A825100-4;EXTINGUISHER;;TEST;;;X;X;;;;;;;;;;;;;;;;;;;;;;;;;;X;;;;;;;;;;X;;;;;;;;;;;;;;;;;;;;;;;;;;;;;;;;;;;;;;;;;;;;;;;;;;;;;;;;;;X;;;
A8251006;A825100-6;EXTINGUISHER;;TEST;;;X;X;;X;;;;;;;;;;;;;;;;;;;;;;;;X;;;;;;;;;;X;;;;;;;;;;;;;;;;;;;;;;;;;;;;;;;;;;;;;;;;;;;;;;;;;;;;;;;;;;X;;;
A8251007;A825100-7;EXTINGUISHER;;TEST;;;X;X;;X;;;;;;;;;;;;;;;;;;;;;;;;;;;;;;;;;;;;;;;;;;;;;;;;;;;;;;;;;;;;;;;;;;;;;;;;;;;;;;;;;;;;;;X;;;X;;;X;;;
A83235409;A83235-409;SYNCRONIZER ASSEMBLY;;REPAIR;;;X;X;;X;;;;;;;;;;;;;;;;;;;;;;;;;;;;;;;;;;;;;;;;;;;;;;;;;;;;;;;;;;;;;;;;;;;;;;;;;;;;;;;;;;;;;;X;;;X;;;X;;;
A83235411;A83235-411;SYNCRONIZER ASSEMBLY;;REPAIR;;;X;X;;X;;;;;;;;;;;;;;;;;;;;;;;;;;;;;;;;;;;;;;;;;;;;;;;;;;;;;;;;;;;;;;;;;;;;;;;;;;;;;;;;;;;;;;X;X;;;;;X;;;
A83235413;A83235-413;SYNCRONIZER;;REPAIR;;;X;X;;X;;;;;;;;;;;;;;;;;;;;;;;;;;;;;;;;;;;;;;;;;;;;;;;;;;;;;;;;;;;;;;;;;;;;;;;;;;;;;;;;;;;;;;X;;;X;;;X;;;
A83235415;A83235-415;SYNCRONIZER ASSEMBLY;;REPAIR;;;X;X;;X;;;;;;;;;;;;;;;;;;;;;;;;;;;;;;;;;;;;;;;;;;;;;;;;;;;;;;;;;;;;;;;;;;;;;;;;;;;;;;;;;;;;;;X;X;;;;;X;;;
A83235417;A83235-417;SYNCRNZR;;REPAIR;;;X;X;;X;;;;;;;;;;;;;;;;;;;;;;;;;;;;;;;;;;;;;;;;;;;;;;;;;;;;;;;;;;;;;;;;;;;;;;;;;;;;;;;;;;;;;;X;X;;;;;X;;;
A83235419;A83235-419;SYNCRNZR;;REPAIR;;;X;X;;;;;;;;;;;;;;;;;;;;;;;;;;;;;;;;;;;;;;;;;;;;;;;;;;;;;;;;;;;;;;;;;;;;;;;;;;;;;;;;;;;;;;;;X;X;;;;;X;;;
A89894701;A89894-701;STEP;;REPAIR;;;X;X;;X;;;;;;;;;;;;;;;;;;;;;;;;;;;;;;;;;;;;;;;;;;;;;;;;;;;;;;;;;;;;;;;;;;;;;;;;;;;;;;;;;;;;;;X;;;X;;;X;;;
AA190334;AA-19033-4;MOTOR PUMP ASSEMBLY;OVERHAUL;;;;X;;;;;;;;;;;;;;;;;;;;;;;;;;;X;;;;;;;;;;;X;;;;;;;;;;;;;;;;;;;;;;;;;;;;;;;;;;;;;;;;;;;;;;;;;;;;;;;;X;;;;
AA19044;AA-19044;MOTOR PUMP ASSY;OVERHAUL;;;;X;;;;;;;;;X;;;;;;;;;;;;;;;;;;X;;;;;;;;;;;X;;;;;;;;;;;;;;;;;;;;;;;;;;;;;;;;;;;;;;;;;;;;;;;;;;;;;;;;X;;;;
AA5L3260;AA5L32-60;OXYGEN CONTAINER ASSEMBLY, TWO MASKS;REPAIR;;;;X;X;X;X;X;;;;;;;;;;;;;X;;X;X;;;;;;;;;;;;;;;;;;;;;;;;;;;;;;;;;;;;;;;;;;;;;;;;;;;;;;;;;;;;;;;;;;;;;;;;;;X;;;;
AA5L3360;AA5L33-60;OXYGEN CONTAINER ASSEMBLY, THREE MASKS;REPAIR;;;;X;X;X;X;X;;;;;;;;;;;;;X;;X;X;;;X;;;;;;;;;;;;;;;;;;;;;;;;;;;;;;;;;;;;;;;;;;;;;;;;;;;;;;;;;;;;;;;;;;;;;;;X;;;;
AA5L3460;AA5L34-60;OXYGEN CONTAINER ASSEMBLY, FOUR MASKS;REPAIR;;;;X;X;X;X;X;;;;;;;;;;;;;X;;X;;;;X;;;;;;;;;;;;;;;;;;;;;;;;;;;;;;;;;;;;;;;;;;;;;;;;;;;;;;;;;;;;;;;;;;;;;;;X;;;;
AA5R3260;AA5R32-60;OXYGEN CONTAINER ASSEMBLY, TWO MASKS;REPAIR;;;;X;X;X;X;X;;;;;;;;;;;;;X;;X;X;;;X;;;;;;;;;;;;;;;;;;;;;;;;;;;;;;;;;;;;;;;;;;;;;;;;;;;;;;;;;;;;;;;;;;;;;;;X;;;;
AA5R3360;AA5R33-60;OXYGEN CONTAINER ASSEMBLY, THREE MASKS;REPAIR;;;;X;X;X;X;X;;;;;;;;;;;;;X;;X;X;;;X;;;;;;;;;;;;;;;;;;;;;;;;;;;;;;;;;;;;;;;;;;;;;;;;;;;;;;;;;;;;;;;;;;;;;;;X;;;;
AA5R3460;AA5R34-60;OXYGEN CONTAINER ASSEMBLY, FOUR MASKS;REPAIR;;;;X;X;X;X;X;;;;;;;;;;;;;X;;X;;;;X;;;;;;;;;;;;;;;;;;;;;;;;;;;;;;;;;;;;;;;;;;;;;;;;;;;;;;;;;;;;;;;;;;;;;;;X;;;;
AAP3350;AAP3350;FIRE EXTINGUISHER;;TEST;;;X;X;;X;;;;;;;;;;;;;;;;;;;;;;;;;;;;;;;;;;;;X;X;;;;;;;;;;;;;;;;;;;;;;;;;;;;;;;;;;;;;;;;;;;;;;;;;;;;;;;X;;;
AB5L3225;AB5L32-25;OXYGEN CONTAINER ASSY  (PURITAN);REPAIR;;;;X;X;X;X;X;;;;;;;;;;;;;X;;X;X;;;;;;;;;;;;;;;;;;;;;;;;;;;;;;;;;;;;;;;;;;;;;;;;;;;;;;;;;;;;;;;;;;;;;;;;;;X;;;;
AB5L3260;AB5L32-60;OXYGEN CONTAINER ASSY  (PURITAN);REPAIR;;;;X;X;X;X;X;;;;;;;;;;;;;X;;;;;;;;;;;;;;;;;;;;;;;;;;;;;;;;;;;;;;;;;;;;;;;;;;;;;;;;;;;;;;;;;;;;;;;;;;;;;X;;;;
AB5L3325;AB5L33-25;OXYGEN CONTAINER ASSY  (PURITAN);REPAIR;;;;X;X;X;X;X;;;;;;;;;;;;;X;;X;X;;;X;;;;;;;;;;;;;;;;;;;;;;;;;;;;;;;;;;;;;;;;;;;;;;;;;;;;;;;;;;;;;;;;;;;;;;;X;;;;
AB5L3360;AB5L33-60;OXYGEN CONTAINER ASSY  (PURITAN);REPAIR;;;;X;X;X;X;X;;;;;;;;;;;;;X;;;;;;;;;;;;;;;;;;;;;;;;;;;;;;;;;;;;;;;;;;;;;;;;;;;;;;;;;;;;;;;;;;;;;;;;;;;;;X;;;;
AB5L3425;AB5L34-25;OXYGEN CONTAINER ASSY  (PURITAN);REPAIR;;;;X;X;X;X;X;;;;;;;;;;;;;X;;;X;;;X;;;;;;;;;;;;;;;;;;;;;;;;;;;;;;;;;;;;;;;;;;;;;;;;;;;;;;;;;;;;;;;;;;;;;;;X;;;;
AB5L3460;AB5L34-60;OXYGEN CONTAINER ASSY  (PURITAN);REPAIR;;;;X;X;X;X;X;;;;;;;;;;;;;X;;;;;;;;;;;;;;;;;;;;;;;;;;;;;;;;;;;;;;;;;;;;;;;;;;;;;;;;;;;;;;;;;;;;;;;;;;;;;X;;;;
AB5R3225;AB5R32-25;OXYGEN CONTAINER ASSY  (PURITAN);REPAIR;;;;X;X;X;X;X;;;;;;;;;;;;;X;;X;X;;;;;;;;;;;;;;;;;;;;;;;;;;;;;;;;;;;;;;;;;;;;;;;;;;;;;;;;;;;;;;;;;;;;;;;;;;X;;;;
AB5R3260;AB5R32-60;OXYGEN CONTAINER ASSY  (PURITAN);REPAIR;;;;X;X;X;X;X;;;;;;;;;;;;;X;;;;;;;;;;;;;;;;;;;;;;;;;;;;;;;;;;;;;;;;;;;;;;;;;;;;;;;;;;;;;;;;;;;;;;;;;;;;;X;;;;
AB5R3325;AB5R33-25;OXYGEN CONTAINER ASSY  (PURITAN);REPAIR;;;;X;X;X;X;X;;;;;;;;;;;;;X;;X;X;;;X;;;;;;;;;;;;;;;;;;;;;;;;;;;;;;;;;;;;;;;;;;;;;;;;;;;;;;;;;;;;;;;;;;;;;;;X;;;;
AB5R3360;AB5R33-60;OXYGEN CONTAINER ASSY  (PURITAN);REPAIR;;;;X;X;X;X;X;;;;;;;;;;;;;X;;;;;;;;;;;;;;;;;;;;;;;;;;;;;;;;;;;;;;;;;;;;;;;;;;;;;;;;;;;;;;;;;;;;;;;;;;;;;X;;;;
AB5R3425;AB5R34-25;OXYGEN CONTAINER ASSY  (PURITAN);REPAIR;;;;X;X;X;X;X;;;;;;;;;;;;;X;;;X;;;X;;;;;;;;;;;;;;;;;;;;;;;;;;;;;;;;;;;;;;;;;;;;;;;;;;;;;;;;;;;;;;;;;;;;;;;X;;;;
AB5R3460;AB5R34-60;OXYGEN CONTAINER ASSY  (PURITAN);REPAIR;;;;X;X;X;X;X;;;;;;;;;;;;;X;;;;;;;;;;;;;;;;;;;;;;;;;;;;;;;;;;;;;;;;;;;;;;;;;;;;;;;;;;;;;;;;;;;;;;;;;;;;;X;;;;
AC67726;AC67726;BRAKE CONTROL VALVE (DUNLOP AERO);OVERHAUL;;;;X;X;X;X;X;;;;;;;;;;;;;;;;;;;;;;;;;;;;;;;;;;;;;;;;;;;;;;;;;;;;;;;;;;;;;;;;;;;;;;;;;;;;;X;;;;;X;;;;;;;;X;;;;
AC67728;AC67728;BRAKE CONTROL VALVE (DUNLOP AERO);OVERHAUL;;;;X;X;X;X;X;;;;;;;;;;;;;;;;;;;;;;;;;;;;;;;;;;;;;;;;;;;;;;;;;;;;;;;;;;;;;;;;;;;;;;;;;;;;;X;;;;;X;;;;;;;;X;;;;
AC875030;AC875030;RADOME;;REPAIR;;;X;;;;;;;;;X;;;;;;;;;;;;;;;;;;;;;;;;;;;;;;;;;;;;;;;;;;;;;;;;;;;;;;;;;;;;;;;;;X;X;;;;;;;;;;;;;;;;;;;;X;;X;
ACG72221;ACG7222-1;SLEEVE;OVERHAUL;;;;X;X;X;X;X;;;;;;;;;;;;;;;;;;;;;;;X;;;;;;;;;;X;;;;;;;;;;;;;;;;;;;;;;;;;;;;;;;;;;;;;;;;;;;;;;;;;;;;;;;;;X;;;;
ACG7222501;ACG7222-501;SLEEVE;OVERHAUL;;;;X;X;X;X;X;;;;;;;;;;;;;;;;;;;;;;;X;;;;;;;;;;X;;;;;;;;;;;;;;;;;;;;;;;;;;;;;;;;;;;;;;;;;;;;;;;;;;;;;;;;;X;;;;
ACG74025507;ACG7402-5507;CYLINDER, STEERING NLG;REPAIR;;;;X;X;X;X;X;;;;;;;;;;;;;;;;;;;;;;;X;;;;;X;;;;;;;;;;;;;;;;;;;;;;;;;;;;;;;;;;;;;;;;;;;;;;;;;;;;;;;;;;;;;;X;;;;
ACG74405501;ACG7440-5501;CYLINDER, NLG STEERING;REPAIR;;;;X;X;X;X;X;;;X;;;;;;;;;;;;;;;;;;;;X;;;;;;;;;X;;;;;;;;;;;;;;;;;;;;;;;;;;;;;;;;;;;;;;;;;;;;;;;;;;;;;;;;;;X;;;;
ACG74405503;ACG7440-5503;CYLINDER, STEERING NLG;REPAIR;;;;X;X;X;X;X;;;X;;;;;;;;;;;;;;;;;;;;X;;;;;;;;;X;;;;;;;;;;;;;;;;;;;;;;;;;;;;;;;;;;;;;;;;;;;;;;;;;;;;;;;;;;X;;;;
ACG74405505;ACG7440-5505;CYLINDER, STEERING NLG;OVERHAUL;;;;X;X;X;X;X;;;X;;;;;;;;;;;;;;;;;;;;X;;;;;;;;;X;;;;;;;;;;;;;;;;;;;;;;;;;;;;;;;;;;;;;;;;;;;;;;;;;;;;;;;;;;X;;;;
ACG74405507;ACG7440-5507;CYLINDER, STEERING NLG;OVERHAUL;;;;X;X;X;X;X;;;X;;;;;;;;;;;;;;;;;;;;X;;;;;;;;;X;;;;;;;;;;;;;;;;;;;;;;;;;;;;;;;;;;;;;;;;;;;;;;;;;;;;;;;;;;X;;;;
ACP2531;ACP2531;AUDIO CONTROL PANEL;;REPAIR;Repair/Inspection/Modification;;X;X;X;X;X;;;;;;;;;;;;;;;;;;;;;;;;;;;;;;;;;;;X;X;;;;;;;;;;;;;;;;;;;;;;;;;;;;;;;;;;;;;;;;;;;;;;;;;;;;;;;X;X;;
ACP2531AB04;ACP2531AB04;AUDIO CONTROL PANEL;;REPAIR;Repair/Inspection/Modification;;X;X;;X;;;;;;;;;;;;;;;;;;;;;;;;;;;;;;;;;;;;X;X;;;;;;;;;;;;;;;;;;;;;;;;;;;;;;;;;;;;;;;;;;;;;;;;;;;;;;;X;X;;
ACP2531AC01;ACP2531AC01;AUDIO CONTROL PANEL;;REPAIR;Repair/Inspection/Modification;;X;X;;X;;;;;;;;;;;;;;;;;;;;;;;;;;;;;;;;;;;;X;X;;;;;;;;;;;;;;;;;;;;;;;;;;;;;;;;;;;;;;;;;;;;;;;;;;;;;;;X;X;;
ACP2531AC02;ACP2531AC02;AUDIO CONTROL PANEL;;REPAIR;Repair/Inspection/Modification;;X;X;;X;;;;;;;;;;;;;;;;;;;;;;;;;;;;;;;;;;;;X;X;;;;;;;;;;;;;;;;;;;;;;;;;;;;;;;;;;;;;;;;;;;;;;;;;;;;;;;X;X;;
ACP2788AA02;ACP2788AA02;AUDIO CONTROL PANEL;REPAIR;;Repair/Inspection/Modification;;X;X;X;X;X;;;X;;;;;;;;;;X;;;;;;X;;;;;;;;;;;;;;;;;;;;;;;;;;;;;;;;;;;;;;;;;;;;;;;;;;;;;;;;;;;;;;;;;;;;;;;X;;X;;
ACP2788AB04;ACP2788AB04;AUDIO CONTROL PANEL;REPAIR;;Repair/Inspection/Modification;;X;X;X;X;X;;;X;;;;;;;;;;X;;;;;X;X;X;;;;;;;;;;;;;;;;;;;;;;;;;;;;;;;;;;;;;;;;;;;;;;;;;;;;;;;;;;;;;;;;;;;;;;X;;X;;
ACP2788AB05;ACP2788AB05;AUDIO CONTROL PANEL;REPAIR;;Repair/Inspection/Modification;;X;X;X;X;X;;;X;;;;;;;;;;X;;;;X;X;X;X;;;;;;;;;;;;;;;;;;;;;;;;;;;;;;;;;;;;;;;;;;;;;;;;;;;;;;;;;;;;;;;;;;;;;;X;;X;;
ACP2788AC01;ACP2788AC01;AUDIO CONTROL PANEL;REPAIR;;Repair/Inspection/Modification;;X;X;X;X;X;;;X;;;;;;;;;;X;;;;;;;;X;X;;;;;;;;;;;;;;;;;;;;;;;;;;;;;;;;;;;;;;;;;;;;;;;;;;;;;;;;;;;;;;;;;;;;X;;X;;
ACP2788AD01;ACP2788AD01;AUDIO CONTROL PANEL;REPAIR;;Repair/Inspection/Modification;;X;X;X;X;X;;;;;;;;;;;;;X;;;;;X;X;X;X;X;;;;;;;;;;;;;;;;;;;;;;;;;;;;;;;;;;;;;;;;;;;;;;;;;;;;;;;;;;;;;;;;;;;;X;;X;;
ACP2788AE01;ACP2788AE01;AUDIO CONTROL PANEL;REPAIR;;Repair/Inspection/Modification;;X;X;X;X;X;;;;;;;;;;;;;X;;;;;X;X;X;X;X;;;;;;;;;;;;;;;;;;;;;;;;;;;;;;;;;;;;;;;;;;;;;;;;;;;;;;;;;;;;;;;;;;;;X;;X;;
ACP2788AF01;ACP2788AF01;AUDIO CONTROL PANEL;REPAIR;;Repair/Inspection/Modification;;X;X;X;X;X;;;X;;;;;;;;;;X;;;;X;X;X;X;X;X;;;;;;;;;;;;;;;;;;;;;;;;;;;;;;;;;;;;;;;;;;;;;;;;;;;;;;;;;;;;;;;;;;;;X;;X;;
AE1012A00;AE1012A00;FAN;;OVERHAUL;Overhaul/Repair/Inspection/Modification;;X;X;X;X;X;;;;;;;;;;;;;;;;;;;;;;;;;;;;;;;;;;;X;;;;X;;;;;;;;;;;;;;;;;;;;;;;;;;;;;;;;;;;;;;;;;;;;;;;;;;;;X;X;;
AE1012A01;AE1012A01;FAN;;OVERHAUL;;;X;X;X;X;X;;;;;;;;;;;;;;;;;;;;;;;;;;;;;;;;;;;X;;;;X;;;;;;;;;;;;;;;;;;;;;;;;;;;;;;;;;;;;;;;;;;;;;;;;;;;;X;;;
AE1012B00;AE1012B00;RECIRCULATION FAN;;OVERHAUL;Overhaul/Repair/Inspection/Modification;;X;X;X;X;X;;;;;;;;;;;;;;;;;;;;;;;;;;;;;;;;;;;X;;;;X;;;;;;;;;;;;;;;;;;;;;;;;;;;;;;;;;;;;;;X;;;;;;;;;;;;;;X;X;;
AE1012B01;AE1012B01;RECIRCULATION FAN;;OVERHAUL;;;X;X;X;X;X;;;;;;;;;;;;;;;;;;;;;;;;;;;;;;;;;;;X;;;;X;;;;;;;;;;;;;;;;;;;;;;;;;;;;;;;;;;;;;;X;;;;;;;;;;;;;;X;;;
AE1502U01;AE1502U01;UNIVERSAL BRAKE COOLING FAN;REPAIR;;;;X;X;X;X;X;;;;;;;;;;;;;X;;;;;;;;;X;;;;;;;;;;;;;;;;;;;;;;;;;;;;;;;;;;;;;;;;;;;;;;;;;;;;;;;;;;;;;;;;;;;;X;;;;
AE1502U02;AE1502U02;UNIVERSAL BRAKE COOLING FAN;OVERHAUL;;;;X;X;X;X;X;;;;;;;;;;;;;X;;;;;;;;;X;;;;;;;;;;;;;;;;;;;;;;;;;;;;;;;;;;;;;;;;;;;;;;;;;;;;;;;;;;;;;;;;;;;;X;;;;
AE1502U02AMDTA;AE1502U02AMDTA;UNIVERSAL BRAKE COOLING FAN;REPAIR;;;;X;X;X;X;X;;;;;;;;;;;;;X;;;;;;;;;X;;;;;;;;;;;;;;;;;;;;;;;;;;;;;;;;;;;;;;;;;;;;;;;;;;;;;;;;;;;;;;;;;;;;X;;;;
AE1901;AE19-01;RIDEAU;;INSPECTION;;;X;;;;;;;;;;;;;;;;;;;;;;;;;;;;;;;;;;;;;;;;;;;;;;;;;;;;;;;;;;;;;;;;;;;;;;;;;;;;;;;;;X;;;X;;;;;;;;;;;X;;;
AE5088802;AE5088802;CLAMP;;REPAIR;;;X;X;;X;;;;;;;;;;;;;;;;;;;;;;;;;;;;;;;;;;;;;;;;;;;;;;;;;;;;;;;;;;;;;;;;;;;;;;;;;;;;;;;;;;;;;;X;;;X;;;X;;;
AF28227D;AF282-27D;LOT D'ARRIMAGE,CARG;;REPAIR;;;X;;;;;;;;;;;;;;;;;;;;;;;;;;;;;;;;;;;;;;;;;;;;;;;;;;;;;;;;;;;;;;;;;;;;;;;;;;;;;;;;;X;;;X;;;;;;;;;;;X;;;
AH2542;AH2542;CRADDLE;;REPAIR;;;X;X;;;;;;;;;;;;;;;;;;;;;;;;;;;;;;;;;;;;;;;;;;;;;;;;;;;;;;;;;;;;;;;;;;;;;;;;;;;;;;;;;;;;;;;;X;X;;;;;X;;;
AH2542AB03;AH2542AB03;PANEL HANDSET PNC;;REPAIR;;;X;X;;;;;;;;;;;;;;;;;;;;;;;;;;;;;;;;;;;;;;;;;;;;;;;;;;;;;;;;;;;;;;;;;;;;;;;;;;;;;;;;;;;;;;;;X;X;;;;;X;;;
AH2542AE01;AH2542AE01;CRADDLE;;REPAIR;;;X;X;;X;;;;;;;;;;;;;;;;;;;;;;;;;;;;;;;;;;;;X;X;;;;;;;;;;;;;;;;;;;;;;;;;;;;;;;;;;;;;;;;;;;;;;;;;;;;;;;X;;;
AH2542AE02;AH2542AE02;CRADDLE;;REPAIR;;;X;X;X;X;X;;;;;;;;;;;;;;;;;;;;;;;;;;;;;;;;;;;X;;;;X;;;;;;;;;;;;;;;;;;;;;;;;;;;;;;;;;;;;;;;;;;;;;;;;;;;;X;;;
AH2542AL01;AH2542AL01;CRADDLE;;REPAIR;;;X;X;;X;;;;;;;;;;;;;;;;;;;;;;;;;;;;;;;;;;;;X;;;;X;;;;;;;;;;;;;;;;;;;;;;;;;;;;;;;;;;;;;;;;;;;;;;;;;;;;X;;;
AH2542AL02;AH2542AL02;HANDSET;;REPAIR;;;X;X;X;X;X;;;;;;;;;;;;;;;;;;;;;;;;;;;;;;;;;;;;;;;;;;;;;;;;;;;;;;;;;;;;;;;;;;;;;;;;;;;;;;;;;;;;;X;X;;;;;X;;;
AH2542AN02;AH2542AN02;ATTENDANT HANSET;;REPAIR;;;X;X;X;X;X;;;;;;;;;;;;;;;;;;;;;;;;;;;;;;;;;;;X;;;;;;;;;;;;;;;;;;;;;;;;;;;;;;;;;;;;;;;;;;;;;;;;;;;;;;;;X;;;
AH2542B;AH2542B;PANEL HANDSET PNC;;REPAIR;;;X;X;;X;;;;;;;;;;;;;;;;;;;;;;;;;;;;;;;;;;;;X;;;;X;;;;;;;;;;;;;;;;;;;;;;;;;;;;;;;;;;;;;;;;;;;;;;;;;;;;X;;;
AH2542BA01;AH2542BA01;PANEL HANDSET PNC;;REPAIR;;;X;X;X;X;X;;;;;;;;;;;;;;;;;;;;;;;;;;;;;;;;;;;X;;;;X;;;;;;;;;;;;;;;;;;;;;;;;;;;;;;;;;;;;;;;;;;;;;;;;;;;;X;;;
AH2542BA02;AH2542BA02;PANEL HANDSET PNC;;REPAIR;;;X;X;;X;;;;;;;;;;;;;;;;;;;;;;;;;;;;;;;;;;;;X;;;;X;;;;;;;;;;;;;;;;;;;;;;;;;;;;;;;;;;;;;;;;;;;;;;;;;;;;X;;;
AH2542BA03;AH2542BA03;PANEL HANDSET PNC;;REPAIR;;;X;X;X;X;X;;;;;;;;;;;;;;;;;;;;;;;;;;;;;;;;;;;X;;;;X;;;;;;;;;;;;;;;;;;;;;;;;;;;;;;;;;;;;;;;;;;;;;;;;;;;;X;;;
AH2542CA01;AH2542CA01;PANEL HANDSET PNC;;REPAIR;;;X;X;X;X;X;;;;;;;;;;;;;;;;;;;;;;;;;;;;;;;;;;;X;;;;X;;;;;;;;;;;;;;;;;;;;;;;;;;;;;;;;;;;;;;;;;;;;;;;;;;;;X;;;
AH2542CA02;AH2542CA02;PANEL HANDSET PNC;;REPAIR;;;X;X;X;X;X;;;;;;;;;;;;;;;;;;;;;;;;;;;;;;;;;;;X;;;;X;;;;;;;;;;;;;;;;;;;;;;;;;;;;;;;;;;;;;;;;;;;;;;;;;;;;X;;;
AH2542CB01;AH2542CB01;PANEL HANDSET PNC;;REPAIR;;;X;X;X;X;X;;;;;;;;;;;;;;;;;;;;;;;;;;;;;;;;;;;;;;;;;;;;;;;;;;;;;;;;;;;;;;;;;;;;;;;;;;;;;;;;;;;;;X;X;;;;;X;;;
AH571215;AH5712-15;OXYGEN CONTAINER ASSEMBLY   (PURITAN);REPAIR;;;;X;X;X;X;X;;;;;;;;;;;;;X;;;;;;;;;;;;;;;;;;;;;;;;;;;;;;;;;;;;;;;;;;;;;;;;;;;;;;;;;;;;;;;;;;;;;;;;;;;;;X;;;;
AH571216;AH5712-16;OXYGEN CONTAINER ASSEMBLY   (PURITAN);REPAIR;;;;X;X;X;X;X;;;;;;;;;;;;;X;;;;;;X;;;;;;;;;;;;;;;;;;;;;;;;;;;;;;;;;;;;;;;;;;;;;;;;;;;;;;;;;;;;;;;;;;;;;;;X;;;;
AH571217;AH5712-17;OXYGEN CONTAINER ASSEMBLY   (PURITAN);REPAIR;;;;X;X;X;X;X;;;;;;;;;;;;;X;;X;;;;X;;;;;;;;;;;;;;;;;;;;;;;;;;;;;;;;;;;;;;;;;;;;;;;;;;;;;;;;;;;;;;;;;;;;;;;X;;;;
AH571220;AH5712-20;OXYGEN CONTAINER ASSEMBLY   (PURITAN);REPAIR;;;;X;X;X;X;X;;;;;;;;;;;;;X;;X;;;;;;;;;;;;;;;;;;;;;;;;;;;;;;;;;;;;;;;;;;;;;;;;;;;;;;;;;;;;;;;;;;;;;;;;;;;X;;;;
AH571221;AH5712-21;OXYGEN CONTAINER ASSEMBLY   (PURITAN);REPAIR;;;;X;X;X;X;X;;;;;;;;;;;;;X;;X;X;;;;;;;;;;;;;;;;;;;;;;;;;;;;;;;;;;;;;;;;;;;;;;;;;;;;;;;;;;;;;;;;;;;;;;;;;;X;;;;
AH571223;AH5712-23;OXYGEN CONTAINER ASSEMBLY   (PURITAN);REPAIR;;;;X;X;X;X;X;;;;;;;;;;;;;X;;;;;;X;;;;;;;;;;;;;;;;;;;;;;;;;;;;;;;;;;;;;;;;;;;;;;;;;;;;;;;;;;;;;;;;;;;;;;;X;;;;
AH571225;AH5712-25;OXYGEN CONTAINER ASSEMBLY   (PURITAN);REPAIR;;;;X;X;X;X;X;;;;;;;;;;;;;X;;X;;;;X;;;;;;;;;;;;;;;;;;;;;;;;;;;;;;;;;;;;;;;;;;;;;;;;;;;;;;;;;;;;;;;;;;;;;;;X;;;;
AH571226;AH5712-26;OXYGEN CONTAINER ASSEMBLY   (PURITAN);REPAIR;;;;X;X;X;X;X;;;;;;;;;;;;;X;;;X;;;;;;;;;;;;;;;;;;;;;;;;;;;;;;;;;;;;;;;;;;;;;;;;;;;;;;;;;;;;;;;;;;;;;;;;;;X;;;;
AH571229;AH5712-29;OXYGEN CONTAINER ASSEMBLY   (PURITAN);REPAIR;;;;X;X;X;X;X;;;;;;;;;;;;;X;;X;X;;X;X;X;;;;;;;;;;;;;;;;;;;;;;;;;;;;;;;;;;;;;;;;;;;;;;;;;;;;;;;;;;;;;;;;;;;;;;X;;;;
AH571251;AH5712-51;OXYGEN CONTAINER ASSEMBLY   (PURITAN);REPAIR;;;;X;X;X;X;X;;;;;;;;;;;;;X;;;;;;X;;;;;;;;;;;;;;;;;;;;;;;;;;;;;;;;;;;;;;;;;;;;;;;;;;;;;;;;;;;;;;;;;;;;;;;X;;;;
AH571260;AH5712-60;OXYGEN CONTAINER ASSEMBLY   (PURITAN);REPAIR;;;;X;X;X;X;X;;;;;;;;;;;;;X;;;;;;;;;;;;;;;;;;;;;;;;;;;;;;;;;;;;;;;;;;;;;;;;;;;;;;;;;;;;;;;;;;;;;;;;;;;;;X;;;;
AH571262;AH5712-62;OXYGEN CONTAINER ASSEMBLY   (PURITAN);REPAIR;;;;X;X;X;X;X;;;;;;;;;;;;;X;;X;;;;;;;;;;;;;;;;;;;;;;;;;;;;;;;;;;;;;;;;;;;;;;;;;;;;;;;;;;;;;;;;;;;;;;;;;;;X;;;;
AH571263;AH5712-63;OXYGEN CONTAINER ASSEMBLY   (PURITAN);REPAIR;;;;X;X;X;X;X;;;;;;;;;;;;;X;;X;;;;;;;;;;;;;;;;;;;;;;;;;;;;;;;;;;;;;;;;;;;;;;;;;;;;;;;;;;;;;;;;;;;;;;;;;;;X;;;;
AH571265;AH5712-65;OXYGEN CONTAINER ASSEMBLY   (PURITAN);REPAIR;;;;X;X;X;X;X;;;;;;;;;;;;;X;;X;X;;;X;;;;;;;;;;;;;;;;;;;;;;;;;;;;;;;;;;;;;;;;;;;;;;;;;;;;;;;;;;;;;;;;;;;;;;;X;;;;
AH571266;AH5712-66;OXYGEN CONTAINER ASSEMBLY   (PURITAN);REPAIR;;;;X;X;X;X;X;;;;;;;;;;;;;X;;;;;;X;;;;;;;;;;;;;;;;;;;;;;;;;;;;;;;;;;;;;;;;;;;;;;;;;;;;;;;;;;;;;;;;;;;;;;;X;;;;
AH571267;AH5712-67;OXYGEN CONTAINER ASSEMBLY   (PURITAN);REPAIR;;;;X;X;X;X;X;;;;;;;;;;;;;X;;;;;;;;;;;;;;;;;;;;;;;;;;;;;;;;;;;;;;;;;;;;;;;;;;;;;;;;;;;;;;;;;;;;;;;;;;;;;X;;;;
AH571270;AH5712-70;OXYGEN CONTAINER ASSEMBLY   (PURITAN);REPAIR;;;;X;X;X;X;X;;;;;;;;;;;;;X;;;;;;;;;;;;;;;;;;;;;;;;;;;;;;;;;;;;;;;;;;;;;;;;;;;;;;;;;;;;;;;;;;;;;;;;;;;;;X;;;;
AH571271;AH5712-71;OXYGEN CONTAINER ASSEMBLY   (PURITAN);REPAIR;;;;X;X;X;X;X;;;;;;;;;;;;;X;;;;;;X;;;;;;;;;;;;;;;;;;;;;;;;;;;;;;;;;;;;;;;;;;;;;;;;;;;;;;;;;;;;;;;;;;;;;;;X;;;;
AH5L3225;AH5L32-25;CONTAINER, OXYGEN EMERGENCY;REPAIR;;;;X;X;X;X;X;;;;;;;;;;;;;X;;X;X;;;;;;;;;;;;;;;;;;;;;;;;;;;;;;;;;;;;;;;;;;;;;;;;;;;;;;;;;;;;;;;;;;;;;;;;;;X;;;;
AH5L3260;AH5L32-60;CONTAINER, OXYGEN EMERGENCY;REPAIR;;;;X;X;X;X;X;;;;;;;;;;;;;X;;X;X;;;;;;;;;;;;;;;;;;;;;;;;;;;;;;;;;;;;;;;;;;;;;;;;;;;;;;;;;;;;;;;;;;;;;;;;;;X;;;;
AH5L3325;AH5L33-25;CONTAINER, OXYGEN EMERGENCY;REPAIR;;;;X;X;X;X;X;;;;;;;;;;;;;X;;X;X;;;;;;;;;;;;;;;;;;;;;;;;;;;;;;;;;;;;;;;;;;;;;;;;;;;;;;;;;;;;;;;;;;;;;;;;;;X;;;;
AH5L3360;AH5L33-60;CONTAINER, OXYGEN EMERGENCY;REPAIR;;;;X;X;X;X;X;;;;;;;;;;;;;X;;X;X;;;X;;;;;;;;;;;;;;;;;;;;;;;;;;;;;;;;;;;;;;;;;;;;;;;;;;;;;;;;;;;;;;;;;;;;;;;X;;;;
AH5L3425;AH5L34-25;CONTAINER, OXYGEN EMERGENCY;REPAIR;;;;X;X;X;X;X;;;;;;;;;;;;;X;;;;;;;;;;;;;;;;;;;;;;;;;;;;;;;;;;;;;;;;;;;;;;;;;;;;;;;;;;;;;;;;;;;;;;;;;;;;;X;;;;
AH5L3460;AH5L34-60;CONTAINER, OXYGEN EMERGENCY;REPAIR;;;;X;X;X;X;X;;;;;;;;;;;;;X;;X;X;;;X;;;;;;;;;;;;;;;;;;;;;;;;;;;;;;;;;;;;;;;;;;;;;;;;;;;;;;;;;;;;;;;;;;;;;;;X;;;;
AH5R3225;AH5R32-25;CONTAINER, OXYGEN EMERGENCY;REPAIR;;;;X;X;X;X;X;;;;;;;;;;;;;X;;X;X;;;;;;;;;;;;;;;;;;;;;;;;;;;;;;;;;;;;;;;;;;;;;;;;;;;;;;;;;;;;;;;;;;;;;;;;;;X;;;;
AH5R3325;AH5R33-25;CONTAINER, OXYGEN EMERGENCY;REPAIR;;;;X;X;X;X;X;;;;;;;;;;;;;X;;X;X;;;;;;;;;;;;;;;;;;;;;;;;;;;;;;;;;;;;;;;;;;;;;;;;;;;;;;;;;;;;;;;;;;;;;;;;;;X;;;;
AH5R3360;AH5R33-60;CONTAINER, OXYGEN EMERGENCY;REPAIR;;;;X;X;X;X;X;;;;;;;;;;;;;X;;X;X;;;X;;;;;;;;;;;;;;;;;;;;;;;;;;;;;;;;;;;;;;;;;;;;;;;;;;;;;;;;;;;;;;;;;;;;;;;X;;;;
AH5R3425;AH5R34-25;CONTAINER, OXYGEN EMERGENCY;REPAIR;;;;X;X;X;X;X;;;;;;;;;;;;;X;;;;;;;;;;;;;;;;;;;;;;;;;;;;;;;;;;;;;;;;;;;;;;;;;;;;;;;;;;;;;;;;;;;;;;;;;;;;;X;;;;
AH5R3460;AH5R34-60;CONTAINER, OXYGEN EMERGENCY;REPAIR;;;;X;X;X;X;X;;;;;;;;;;;;;X;;X;X;;;X;;;;;;;;;;;;;;;;;;;;;;;;;;;;;;;;;;;;;;;;;;;;;;;;;;;;;;;;;;;;;;;;;;;;;;;X;;;;
AIR916540;AIR91654-0;NON RETURN VALVE;OVERHAUL;;;;X;X;X;X;X;;;;;;;;;;;;;;;;;;;;;;;;;;;;;;;;;;;;;;;;;X;;;;X;X;;;;;;;;;;;;;;;;;;;;;;;;;;;;;;;X;;;;;X;;;;;;;;X;;;;
AIR91656;AIR91656;NON RETURN VALVE;REPAIR;;;;X;X;X;X;X;;;;;;;;;;;;;X;;;;;;;;;;;;;;;;;;;;;;;;;;;;;;;;;;;;;;;;;;;;;;;;;;;;;;;;;;;;;;;;;;;;;;;;;;;;;X;;;;
AIR916560;AIR91656-0;NON RETURN VALVE (APPH);OVERHAUL;;;;X;X;X;X;X;;;;;;;;;;;;;X;;;;;;;;;;;;;;;;;;;;;;;;;;;;;;;;;;;;;;;;;;;;;;;;;;;;;;;;;;;;;;;;X;;;;;X;;;;;;;;X;;;;
AIR916580;AIR91658-0;NON RETURN VALVE;OVERHAUL;;;;X;X;X;X;X;;;;;;;;;;;;;;;;;;;;;;;;;;;;;;;;;;;;;;;;;X;;;;X;X;;;;;;;;;;;;;;;;;;;;;;;;;;;;;;;X;;;;;X;;;;;;;;X;;;;
AIR916660;AIR91666-0;ACCUMULATOR;OVERHAUL;;;;X;X;X;X;X;;;;;;;;;;;;;;;;;;;;;;;;;;;;;;;;;;;;;;;;;;;;;;;;;;;;;;;;;;;;;;;;;;;;;;;;;;;;;X;;;;;X;;;;;;;;X;;;;
AIR916661;AIR91666-1;ACCUMULATOR;OVERHAUL;;;;X;X;X;X;X;;;;;;;;;;;;;;;;;;;;;;;;;;;;;;;;;;;;;;;;;;;;;;;;;;;;;;;;;;;;;;;;;;;;;;;;;;;;;X;;;;;X;;;;;;;;X;;;;
AIR916662;AIR91666-2;ACCUMULATOR;OVERHAUL;;;;X;X;X;X;X;;;;;;;;;;;;;;;;;;;;;;;;;;;;;;;;;;;;;;;;;;;;;;;;;;;;;;;;;;;;;;;;;;;;;;;;;;;;;X;;;;;X;;;;;;;;X;;;;
AIR917480;AIR91748-0;LIFT SPOILER SELECTOR VALVE;OVERHAUL;;;;X;X;X;X;X;;;;;;;;;;;;;;;;;;;;;;;;;;;;;;;;;;;;;;;;;;;;;;;;;;;;;;;;;;;;;;;;;;;;;;;;;;;;;X;;;;;X;;;;;;;;X;;;;
AIR917481;AIR91748-1;LIFT SPOILER SELECTOR VALVE;OVERHAUL;;;;X;X;X;X;X;;;;;;;;;;;;;;;;;;;;;;;;;;;;;;;;;;;;;;;;;;;;;;;;;;;;;;;;;;;;;;;;;;;;;;;;;;;;;X;;;;;X;;;;;;;;X;;;;
AJ5L3225;AJ5L32-25;OXYGEN CONTAINER ASSEMBLY;REPAIR;;;;X;X;X;X;X;;;;;;;;;;;;;X;;X;X;;;;X;;;;;;;;;;;;;;;;;;;;;;;;;;;;;;;;;;;;;;;;;;;;;;;;;;;;;;;;;;;;;;;;;;;;;;X;;;;
AJ5L3325;AJ5L33-25;OXYGEN CONTAINER ASSEMBLY;REPAIR;;;;X;X;X;X;X;;;;;;;;;;;;;X;;X;X;;X;X;X;;;;;;;;;;;;;;;;;;;;;;;;;;;;;;;;;;;;;;;;;;;;;;;;;;;;;;;;;;;;;;;;;;;;;;X;;;;
AJ5L3425;AJ5L34-25;OXYGEN CONTAINER ASSEMBLY;REPAIR;;;;X;X;X;X;X;;;;;;;;;;;;;X;;X;X;;X;X;X;;;;;;;;;;;;;;;;;;;;;;;;;;;;;;;;;;;;;;;;;;;;;;;;;;;;;;;;;;;;;;;;;;;;;;X;;;;
AJ5R3225;AJ5R32-25;OXYGEN CONTAINER ASSEMBLY;REPAIR;;;;X;X;X;X;X;;;;;;;;;;;;;X;;X;X;;;;X;;;;;;;;;;;;;;;;;;;;;;;;;;;;;;;;;;;;;;;;;;;;;;;;;;;;;;;;;;;;;;;;;;;;;;X;;;;
AJ5R3325;AJ5R33-25;OXYGEN CONTAINER ASSEMBLY;REPAIR;;;;X;X;X;X;X;;;;;;;;;;;;;X;;X;X;;X;X;X;;;;;;;;;;;;;;;;;;;;;;;;;;;;;;;;;;;;;;;;;;;;;;;;;;;;;;;;;;;;;;;;;;;;;;X;;;;
AJ5R3425;AJ5R34-25;OXYGEN CONTAINER ASSEMBLY;REPAIR;;;;X;X;X;X;X;;;;;;;;;;;;;X;;X;X;;X;X;X;;;;;;;;;;;;;;;;;;;;;;;;;;;;;;;;;;;;;;;;;;;;;;;;;;;;;;;;;;;;;;;;;;;;;;X;;;;
AMU2790BB06;AMU2790BB06;AUDIO MANAGEMENT UNIT;REPAIR;;;;X;X;X;X;X;;;;;;;;;;;;;X;;;;;;;;;;;;;;;;;;;;;;;;;;;;;;;;;;;;;;;;;;;;;;;;;;;;;;;;;;;;;;;;;;;;;;;;;;;;;X;;;;
AMU2790CB04;AMU2790CB04;AUDIO MANAGEMENT UNIT;REPAIR;;;;X;X;X;X;;;;;;;;;;;;;;X;;;;;;X;;;;;;;;;;;;;;;;;;;;;;;;;;;;;;;;;;;;;;;;;;;;;;;;;;;;;;;;;;;;;;;;;;;;;;;X;;;;
AMU2790CB06;AMU2790CB06;AUDIO MANAGEMENT UNIT;REPAIR;;;;X;X;X;X;X;;;;;;;;;;;;;X;;;;;X;X;X;;;;;;;;;;;;;;;;;;;;;;;;;;;;;;;;;;;;;;;;;;;;;;;;;;;;;;;;;;;;;;;;;;;;;;X;;;;
AMU2790DB06;AMU2790DB06;AUDIO MANAGEMENT UNIT;REPAIR;;;;X;X;X;X;X;;;;;;;;;;;;;X;;;;;;X;;;;;;;;;;;;;;;;;;;;;;;;;;;;;;;;;;;;;;;;;;;;;;;;;;;;;;;;;;;;;;;;;;;;;;;X;;;;
AMU2790EB06;AMU2790EB06;AUDIO MANAGEMENT UNIT;REPAIR;;;;X;X;X;X;X;;;;;;;;;;;;;X;;;;;;X;;;;;;;;;;;;;;;;;;;;;;;;;;;;;;;;;;;;;;;;;;;;;;;;;;;;;;;;;;;;;;;;;;;;;;;X;;;;
APE2650;APE2650;CLOCK;REPAIR;;;;X;X;X;X;X;;;;;;;;;;;;;X;X;X;X;;;;;;;;;;;;;;;;;;;;;;;;;;;;;;;;;;;;;;;;;;;;;;;;;;;;;;;;;;;;;;;;;;;;;;;;;;X;;;;
APE2652;APE2652;CLOCK;REPAIR;;;;X;X;X;X;X;;;;;;;;;;;;;X;X;X;X;;;;;;;;;;;;;;;;;;;;;;;;;;;;;;;;;;;;;;;;;;;;;;;;;;;;;;;;;;;;;;;;;;;;;;;;;;X;;;;
APE962;APE962;TIME DISPLAY UNIT;REPAIR;;;;X;X;X;X;X;;;;;;;;;;;;;X;;;;;;;;;;;;;;;;;;;;;;;;;;;;;;;;;;;;;;;;;;;;;;;;;;;;;;;;;;;;;;;;X;;;X;;;;;;;;;;X;;;;
APE96201;APE962-01;TIME DISPLAY UNIT;REPAIR;;;;X;X;X;X;X;;;;;;;;;;;;;X;;;;;;;;;;;;;;;;;;;;;;;;;;;;;;;;;;;;;;;;;;;;;;;;;;;;;;;;;;;;;;;;X;;;X;;;;;;;;;;X;;;;
APS301;APS30-1;POWER SUPPLY;;OVERHAUL;Overhaul/Repair/Inspection/Modification;;X;X;X;X;X;;;;;;;;;;;;;;;;;;;;;;;;;;;;;;;;;;;X;X;;;;;;;;;;;;;;;;;;;;;;;;;;;;;;;;;;;;;;;;;;;;;;;;;;;;;;;X;X;;
APS321;APS32-1;POWER SUPPLY;;OVERHAUL;Overhaul/Repair/Inspection/Modification;;X;X;X;X;X;;;;;;;;;;;;;;;;;;;;;;;;;;;;;;;;;;;X;X;;;;;;;;;;;;;;;;;;;;;;;;;;;;;;;;;;;;;;;;;;;;;;;;;;;;;;;X;X;;
APS401;APS40-1;POWER SUPPLY;;OVERHAUL;Overhaul/Repair/Inspection/Modification;;X;X;X;X;X;;;;;;;;;;;;;;;;;;;;;;;;;;;;;;;;;;;X;X;X;X;X;;X;;;;;;;;;;;;;;;;;;;;;;;;;;;;;;;;;;;;;;;;;;;;;;;;;;X;X;;
APS61000;APS-6-1000;PRESSURE TRANSDUCER;;BENCH TEST;;;X;X;;X;;;;;;;;;;;;;;;;;;;;;;;;;;;;;;;;;;;;;;;;;;X;;;;X;X;;;;;;;;;;;;;;;;;;;;;;;;;;;;;;;;;;;;;;;;;;;;;X;;;
APS71000;APS-7-1000;TRANSDUCER;;BENCH TEST;;;X;X;;X;;;;;;;;;;;;;;;;;;;;;;;;;;;;;;;;;;;;;;;;;;X;;;;;X;;;;;;;;;;;;;;;;;;;;;;;;;;;;;;;;;;;;;;;;;;;;;X;;;
APS81000;APS-8-1000;PRESSURE TRANSDUCER;;BENCH TEST;;;X;X;;X;;;;;;;;;;;;;;;;;;;;;;;;;;;;;;;;;;;;;;;;;;X;;;;X;X;;;;;;;;;;;;;;;;;;;;;;;;;;;;;;;;;;;;;;;X;X;;;;;X;;;
APT410004KW;APT-4-1000-4KW;TRANSDCR;;BENCH TEST;;;X;X;;;;;;;;;;;;;;;;;;;;;;;;;;;;;;;;;;;;;;X;X;;;;;;;;;;;;;;;;;;;;;;;;;;;;;;;;;;;;;;;;;;;;;;;;;;;;;;;X;;;
APT861000+01;APT-86-1000-+01;TRANSMITTER PRESSURE;;BENCH TEST;;;X;X;;;;;;;;;;;;;;;;;;;;;;;;;;;;;;;;;;;;;;;;;;;;;;;;;;;;;;;;;;;;;;;;;;;;;;;;;;;;;;;;;;;;;;;;X;X;;;;;X;;;
APT9100050GW;APT9-1000-50GW;TRANSDUCER;;REPAIR;;;X;X;;X;;;;;;;;;;;;;;;;;;;;;;;;;;;;;;;;;;;;;;;;;;;;;;;;;;;;;;;;;;;;;;;;;;;;;;;;;;;;;;;;;;;;;;X;X;;;;;X;;;
APT9100050GW;APT-9-1000-50GW;TRANSDUCER;;BENCH TEST;;;X;X;;X;;;;;;;;;;;;;;;;;;;;;;;;;;;;;;;;;;;;;;;;;;;;;;;;;;;;;;;;;;;;;;;;;;;;;;;;;;;;;;;;;;;;;;X;X;;;;;X;;;
APTE173RT175G;APTE-173RT1-75G;OIL PRESSURE TRANSMITTER;;BENCH TEST;;;X;X;;X;;;;;;;;;;;;;;;;;;;;;;;;;;;;;;;;;;;;;;;;;;;;;;;;;;;;;;;;;;;;;;;;;X;;;;X;;;;;;;;;;;;;;;;;;;;;;;X;;;
AR47141;AR4714-1;ELECTRICALLY OPERATED STRIKE ASSEMBLY;;;Overhaul/Repair/Inspection/Modification;;;X;;;;;;;;;;;;;;;;;;;;;X;;;;X;X;X;X;;;;;;;;;;;;;;;;;;;;;;;;;;;;;;;;;;;;;;;;;;;;;;;;;;;;;;;;;;;;;;;;;;;;;
AR471411;AR4714-11;ELECTRICALLY OPERATED STRIKE ASSEMBLY;;;Overhaul/Repair/Inspection/Modification;;;X;;;;;;;;;;;;;;;;;;;;;X;;;;X;X;X;X;;;;;;;;;;;;;;;;;;;;;;;;;;;;;;;;;;;;;;;;;;;;;;;;;;;;;;;;;;;;;;;;;;;;;
AR4714201;AR4714-201;ELECTRICALLY OPERATED STRIKE ASSEMBLY;;;Overhaul/Repair/Inspection/Modification;;;X;;;;;;;;;;;;;;;;;;;;;X;;;;X;X;X;X;;;;;;;;;;;;;;;;;;;;;;;;;;;;;;;;;;;;;;;;;;;;;;;;;;;;;;;;;;;;;;;;;;;;;
AR4714203;AR4714-203;ELECTRICALLY OPERATED STRIKE ASSEMBLY;;;Overhaul/Repair/Inspection/Modification;;;X;;;;;;;;;;;;;;;;;;;;;X;;;;X;X;X;X;;;;;;;;;;;;;;;;;;;;;;;;;;;;;;;;;;;;;;;;;;;;;;;;;;;;;;;;;;;;;;;;;;;;;
AR47143;AR4714-3;ELECTRICALLY OPERATED STRIKE ASSEMBLY;;;Overhaul/Repair/Inspection/Modification;;;X;;;;;;;;;;;;;;;;;;;;;X;;;;X;X;X;X;;;;;;;;;;;;;;;;;;;;;;;;;;;;;;;;;;;;;;;;;;;;;;;;;;;;;;;;;;;;;;;;;;;;;
AR47147;AR4714-7;ELECTRICALLY OPERATED STRIKE ASSEMBLY;;;Overhaul/Repair/Inspection/Modification;;;X;;;;;;;;;;;;;;;;;;;;;X;;;;X;X;X;X;;;;;;;;;;;;;;;;;;;;;;;;;;;;;;;;;;;;;;;;;;;;;;;;;;;;;;;;;;;;;;;;;;;;;
AR47149;AR4714-9;ELECTRICALLY OPERATED STRIKE ASSEMBLY;;;Overhaul/Repair/Inspection/Modification;;;X;;;;;;;;;;;;;;;;;;;;;X;;;;X;X;X;X;;;;;;;;;;;;;;;;;;;;;;;;;;;;;;;;;;;;;;;;;;;;;;;;;;;;;;;;;;;;;;;;;;;;;
ARG70765505;ARG7076-5505;CYLINDER, TRIM;REPAIR;;;;X;X;X;X;X;;;X;;;;;;;;;;;;;;;;;;;;X;;;;;;;;;;;;;;;;;;;;;;;;;;;;;;;;;;;;;;;;;;;;;;;;;;;;;;;;;;;;;;;;;;;X;;;;
ARG70765507;ARG7076-5507;CYLINDER, TRIM;REPAIR;;;;X;X;X;X;X;;;X;;;;;;;;;;;;;;;;;;;;X;;;;;;;;;;;;;;;;;;;;;;;;;;;;;;;;;;;;;;;;;;;;;;;;;;;;;;;;;;;;;;;;;;;X;;;;
ARG70765509;ARG7076-5509;CYLINDER, TRIM;REPAIR;;;;X;X;X;X;X;;;X;;;;;;;;;;;;;;;;;;;;X;;;;;;;;;;;;;;;;;;;;;;;;;;;;;;;;;;;;;;;;;;;;;;;;;;;;;;;;;;;;;;;;;;;X;;;;
ARG70765511;ARG7076-5511;CYLINDER, TRIM;OVERHAUL;;;;X;X;X;X;X;;;X;;;;;;;;;;;;;;;;;;;;X;;;;;;;;;;;;;;;;;;;;;;;;;;;;;;;;;;;;;;;;;;;;;;;;;;;;;;;;;;;;;;;;;;;X;;;;
ARG7348501;ARG7348-501;SLEEVE;OVERHAUL;;;;X;X;X;X;X;;;;;;;;;;;;;;;;;;;;;;;X;;;;;;;;;;X;;;;;;;;;;;;;;;;;;;;;;;;;;;;;;;;;;;;;;;;;;;;;;;;;;;;;;;;;X;;;;
ARG76351;ARG7635-1;SLEEVE;OVERHAUL;;;;X;X;X;X;X;;;;;;;;;;;;;;;;;;;;;;;X;;;;;;;;;;X;;;;;;;;;;;;;;;;;;;;;;;;;;;;;;;;;;;;;;;;;;;;;;;;;;;;;;;;;X;;;;
AS332001;AS33-20-01;NET ASSY;;REPAIR;;;X;X;;X;;;;;;;;;;;;;;;;;;;;;;;;;;;;;;;;;;;;X;X;;;;;;;;;;;;;;;;;;;;;;;;;;;;;;;;;;;;;;;;;;;;;;;;;;;;;;;X;;;
ASO2011;ASO201-1;STEAM OVEN;REPAIR;;;;X;X;X;X;;;;;;X;;;;;;;;X;;X;;;;X;;X;;;;;;;;;;;;;;;;;;;;;;;;;;;;;;;;;;;;;;;;;;;;;;;;;;;;;;;;;;;;;;;;;;;;;X;;;;
ASO20112;ASO201-12;STEAM OVEN;REPAIR;;;;X;X;X;X;;;;;;;;;;;;;;X;;X;;;;X;;X;;;;;;;;;;;;;;;;;;;;;;;;;;;;;;;;;;;;;;;;;;;;;;;;;;;;;;;;;;;;;;;;;;;;;X;;;;
ASO20121;ASO201-21;STEAM OVEN;REPAIR;;;;X;X;X;X;;;;;;;;;;;;;;X;;X;;;;X;;X;;;;;;;;;;;;;;;;;;;;;;;;;;;;;;;;;;;;;;;;;;;;;;;;;;;;;;;;;;;;;;;;;;;;;X;;;;
ASO20132;ASO201-32;STEAM OVEN;REPAIR;;;;X;X;X;X;;;;;;;;;;;;;;X;;X;;;;X;;X;;;;;;;;;;;;;;;;;;;;;;;;;;;;;;;;;;;;;;;;;;;;;;;;;;;;;;;;;;;;;;;;;;;;;X;;;;
AV16B1237;AV16B1237;FUEL SHUTOFF VALVE;;REPAIR;;;X; ;;;;;;;;X;;;;;;;;;;;;;;;;;;X;;;;;;;;;;X;X;;;;;;;;;;;;;;;;;;;;;;;;;;;;;;;;;;;;;;;;;;;;;;;;;;;;;;;;;X;;;
AV16B1247;AV16B1247;FUEL SHUTOFF VALVE;;REPAIR;;;X;;;;;;;;;;;;;;;;;;;;;;;;;;;X;;;;;;;;;;X;X;;;;;;;;;;;;;;;;;;;;;;;;;;;;;;;;;;;;;;;;;;;;;;;;;;;;;;;;;X;;;
AV16B1247C;AV16B1247C;FUEL SHUTOFF VALVE;;REPAIR;;;X;;;;;;;;;;;;;;;;;;;;;;;;;;;X;;;;;;;;;; ;X;;;;;;;;;;;;;;;;;;;;;;;;;;;;;;;;;;;;;;;;;;;;;;;;;;;;;;;;;X;;;
AV16B1247D;AV16B1247D;FUEL SHUTOFF VALVE;;OVERHAUL;;;X;;;;;;;;;X;;;;;;;;;;;;;;;;;;X;;;;;;;;;; ;X;;;;;;;;;;;;;;;;;;;;;;;;;;;;;;;;;;;;;;;;;;;;;;;;;;;;;;;;;X;;;
AV16B1248C;AV16B1248C;FUEL SHUTOFF VALVE;;REPAIR;;;X;;;;;;;;;X;;;;;;;;;;;;;;;;;;X;;;;;;;;;; ;X;;;;;;;;;;;;;;;;;;;;;;;;;;;;;;;;;;;;;;;;;;;;;;;;;;;;;;;;;X;;;
AV16B1519D;AV16B1519D;FUEL ELECTRIC SHUT-OFF VALVE;;OVERHAUL;;;X;X;;X;;;;;;;;;;;;;;;;;;;;;;;;;;;;;;;;;;;;;;;;;;;;;;;;;;;;;;;;;;;;;;;;;;;;;;;;;;;;;;X;;;;;;;;;;;;;;X;;;
AV16B1736D;AV16B1736D;VALVE GROUND;;REPAIR;;;X;X;;;;;;;;;;;;;;;;;;;;;;;;;;;;;;;;;;;;;;;;;;;;;;;;;;;;;;;;;;;;;;;;;;;;;;;;;;;;;;;;X;;;;;;;;;;;;;;X;;;
AV16E1209D;AV16E1209D;VALVE ASSEMBLY;;OVERHAUL;;;X;X;;X;;;;;;;;;;;;;;;;;;;;;;;;X;;;X;;;;;;;;;;;;;;;;;;;;;;;;;;;;;;;;;;;;;;;;;;;;;;;;;;;X;;;;;;;;;;;;;;X;;;
AV67023620001;AV670-23620-001;FAIRING;;REPAIR;;;X;X;;;;;;;;;;;;;;;;;;;;;;;;;;;;;;;;;;;;;;;;;;;;;;;;;;;;;;;;;;;;;;;;;;;X;;;;;;;;;;;;;X;;;;;;;;;;;;;;X;;X;
AV67023620009;AV670-23620-009;FAIRING;;REPAIR;;;X;X;;;;;;;;;;;;;;;;;;;;;;;;;;;;;;;;;;;;;;;;;;;;;;;;;;;;;;;;;;;;;;;;;;;X;;;;;;;;;;;;;X;;;;;;;;;;;;;;X;;X;
AV67023620010;AV670-23620-010;FAIRING;;REPAIR;;;X;X;;X;;;;;;;;;;;;;;;;;;;;;;;;;;;;;;;;;;;;X;;;;X;;;;;;;;;;;;;;;;;;;;;;;;;;;;;;;;;;;;;;;;;;;;;;;;;;;;X;;;
AW2044AB01;AW2044AB01;NITROGEN PRESSURE GAGE;REPAIR;;;;X;X;X;X;X;;;;;;;;;;;;;X;X;X;X;;;;;;;;;;;;;;;;;;;;;;;;;;;;;;;;;;;;;;;;;;;;;;;;;;;;;;;;;;;;;;;;;;;;;;;;;;X;;;;
AW2044AB02;AW2044AB02;NITROGEN PRESSURE GAGE;REPAIR;;;;X;X;X;X;X;;;;;;;;;;;;;X;X;X;X;;;;;X;X;;;;;;;;;;;;;;;;;;;;;;;;;;;;;;;;;;;;;;;;;;;;;;;;;;;;;;;;;;;;;;;;;;;;X;;;;
AYG7185503;AYG7185-503;SLEEVE;OVERHAUL;;;;X;X;X;X;X;;;;;;;;;;;;;;;;;;;;;;;X;;;;;;;;;;X;;;;;;;;;;;;;;;;;;;;;;;;;;;;;;;;;;;;;;;;;;;;;;;;;;;;;;;;;X;;;;
AYG75531;AYG7553-1;SLEEVE;OVERHAUL;;;;X;X;X;X;X;;;;;;;;;;;;;;;;;;;;;;;X;;;;;;;;;;X;;;;;;;;;;;;;;;;;;;;;;;;;;;;;;;;;;;;;;;;;;;;;;;;;;;;;;;;;X;;;;
B03AA1020;B03AA1020;DUAL DISTRIBUTOR VALVE;OVERHAUL;OVERHAUL;;;X;X;X;X;X;;;;;;;;;;;;;;;;;;;;;;;;;;;;;;;;;;;X;;;;X;;;;;;;;;;;;;;;;;;;;;;;;;;;;;;;;;;;;;;;;;;;;;;;;;;;X;X;;;
B03AA1031;B03AA1031;DUAL DISTRIBUTOR VALVE;OVERHAUL;OVERHAUL;;;X;X;X;X;X;;;;;;;;;;;;;;;;;;;;;;;;;;;;;;;;;;;X;X;;;X;;;;;;;;;;;;;;;;;;;;;;;;;;;;;;;;;;;;;;;;;;;;;;;;;;;X;X;;;
B03AA1040;B03AA1040;VALVE, DUAL, DISTRIBUTOR;;OVERHAUL;;;X;X;X;X;X;;;;;;;;;;;;;;;;;;;;;;;;;;;;;;;;;;;X;;;;X;;;;;;;;;;;;;;;;;;;;;;;;;;;;;;;;;;;;;;;;;;;;;;;;;;;;X;;;
B03AA1060;B03AA1060;VALVE, DUAL, DISTRIBUTOR;;OVERHAUL;;;X;;;;;;;;;;;;;;;;;;;;;;;;;;;;;;;;;;;;;;;X;;;;;;;;;;;;;X;;;;;;;;;;;;;;;;;;;;;;;;;;;;;X;;;;;;;;;;;;;;X;;;
B05JB1040;B05JB1040;VALVE, CHECK;OVERHAUL;;;;X;X;X;X;;;;;;;;;;;;;;X;;;;;;;;;;;;;;;;;;;;;;;;;;;;;;;;;;;;;;;;;;;;;;;;;;;;;;;;;;;;;;;;;;;;;;;;;;;;;X;;;;
B05JB1041;B05JB1041;VALVE, CHECK;OVERHAUL;;;;X;X;X;X;X;;;;;;;;;;;;;X;;;;;;;;;;;;;;;;;;;;;;;;;;;;;;;;;;;;;;;;;;;;;;;;;;;;;;;;;;;;;;;;;;;;;;;;;;;;;X;;;;
B07EA1060;B07EA1060;VALVE;;REPAIR;;;X;X;;X;;;;;;;;;;;;;;;;;;;;;;;;;;;;;;;;;;;;X;X;;;;;;;;;;;;X;;;;X;;;;;;;;;;;;;;;;;;;;;;;;;;;;;;;;;;;;;;;X;;;
B07ED1080;B07ED1080;CLAPET DE SURPRESSION;BENCH TEST;;;;X;;;;;;;;;;;;;;;;;;;;;;;;;;;;;;;;;;;;;;;;;;;;;;;;;;;;X;X;;;;;;;;;;;;;;;;;;;;;;;;;;;;;;;;;;;;;;;;;X;;;;
B1 09 00 00;B1 09 00 00;BACK-UP BATTERY;REPAIR;;;;X;X;X;X;X;;;;;;X;;;;;;; ;;;; ; ; ; ;;;;;;;;;;;;;;;;;;;;;;;;;;;;;;;;;;;;;;;;;;;;;;;;;;;;;;;;;;;;;;;;;;;;;;X;;;;
B1 25 00 00;B1 25 00 00;BACK-UP BATTERY;REPAIR;;;;X;X;X;X;X;;;;;;X;;;;;;; ;;;; ; ; ; ;;;;;;;;;;;;;;;;;;;;;;;;;;;;;;;;;;;;;;;;;;;;;;;;;;;;;;;;;;;;;;;;;;;;;;X;;;;
B138S;B-138S;CONTACTOR;;BENCH TEST;;;X;X;X;X;X;;;;;;;;;;;;;;;;;;;;;;;;;;;;;;;;;;;X;X;;;;;;;;;;;;;;;;;;;;;;;;;;;;;;;;;;;;;;;;;;;;;;;;;;;;;;;X;;;
B14GF1502;B14GF1502;REGULATOR AND SHUT-OFF VALVE;OVERHAUL;OVERHAUL;Overhaul/Repair/Inspection/Modification;;X;X;X;X;X;;;;;;;;;;;;;;;;;;;;;;;;;;;;;;;;;;;X;X;;;X;;;;;;;;;;;;;;;;;;;;;;;;;;;;;;;;;;;;;;;;;;;;;;;;;;;X;X;X;;
B14GF1503;B14GF1503;REGULATOR AND SHUT-OFF VALVE;OVERHAUL;OVERHAUL;Overhaul/Repair/Inspection/Modification;;X;X;X;X;X;;;;;;;;;;;;;;;;;;;;;;;;;;;;;;;;;;;X;X;;;;;;;;;;;;;;;;;;;;;;;;;;;;;;;;;;;;;;;;;;;;;;;;;;;;;;X;X;X;;
B1513CH1;B1513CH1;BATTERY;;OVERHAUL;;DNR;X;X;;;;;;;;;;;;;;;;;;;;;;;;;;;;;;;;;;;;;;;;;;;;;;;;;;;;;;;;;;;;;;;;;;;;;;;;;;;;;;;;X;;;;X;;;;;;;;;;X;;;
B1540;B1540;STICK SHAKER;OVERHAUL;;;;X;X;X;X;X;;;;;;;;;;;;;X;X;X;X;;;;;;;;;;;;;;;;;;;;;;;;;;;;;;;;;;;;;;;;;;;;;;;;;;;;;;;;;;;;;;;;;;;;;;;;;;X;;;;
B15A1;B15A-1;BRIDGE RACK ASSY;;REPAIR;;;X;;;;;;;;;X;;;;;;;;;;;;;;;;;;X;;;;;;;;;;;X;;;;;;;;;;;;;;;;;;;;;;;;;;;;;;;;;;;;;;;;;;;;;;;;;;;;;;;;;X;;;
B15B3260;B15B32-60;2 MASK BOX;REPAIR;;;;X;X;X;X;X;;;;;;;;;;;;;X;;X;;;;;;;;;;;;;;;;;;;;;;;;;;;;;;;;;;;;;;;;;;;;;;;;;;;;;;;;;;;;;;;;;;;;;;;;;;;X;;;;
B15B3333;B15B33-33;EMERGENCY OXYGEN CONTAINER ASSEMBLY;REPAIR;;;;X;X;X;X;X;;;;;;;;;;;;;X;;X;;;;;;;;;;;;;;;;;;;;;;;;;;;;;;;;;;;;;;;;;;;;;;;;;;;;;;;;;;;;;;;;;;;;;;;;;;;X;;;;
B15B3360;B15B33-60;3 MASK BOX;REPAIR;;;;X;X;X;X;X;;;;;;;;;;;;;X;;X;;;;;;;;;;;;;;;;;;;;;;;;;;;;;;;;;;;;;;;;;;;;;;;;;;;;;;;;;;;;;;;;;;;;;;;;;;;X;;;;
B15B3364;B15B33-64;EMERGENCY OXYGEN CONTAINER ASSEMBLY;REPAIR;;;;X;X;X;X;X;;;;;;;;;;;;;X;;X;;;;;;;;;;;;;;;;;;;;;;;;;;;;;;;;;;;;;;;;;;;;;;;;;;;;;;;;;;;;;;;;;;;;;;;;;;;X;;;;
B15B3460;B15B34-60;4 MASK BOX;REPAIR;;;;X;X;X;X;X;;;;;;;;;;;;;X;;X;;;;;;;;;;;;;;;;;;;;;;;;;;;;;;;;;;;;;;;;;;;;;;;;;;;;;;;;;;;;;;;;;;;;;;;;;;;X;;;;
B15C3260;B15C32-60;EMERGENCY OXYGEN CONTAINER ASSEMBLY;REPAIR;;;;X;X;X;X;X;;;;;;;;;;;;;X;;X;;;;;;;;;;;;;;;;;;;;;;;;;;;;;;;;;;;;;;;;;;;;;;;;;;;;;;;;;;;;;;;;;;;;;;;;;;;X;;;;
B15C3360;B15C33-60;EMERGENCY OXYGEN CONTAINER ASSEMBLY;REPAIR;;;;X;X;X;X;X;;;;;;;;;;;;;X;;X;;;;;;;;;;;;;;;;;;;;;;;;;;;;;;;;;;;;;;;;;;;;;;;;;;;;;;;;;;;;;;;;;;;;;;;;;;;X;;;;
B15GA0204;B15GA0204;VALVE, PRESSURE REDUCING;OVERHAUL;;;;X;X;X;X;X;;;;;;;;;;;;;X;X;X;X;;;;;;;;;;;;;;;;;;;;;;;;;;;;;;;;;;;;;;;;;;;;;;;;;;;;;;;;;;;;;;;;;;;;;;;;;;X;;;;
B372BAM0508;B372BAM0508;SPOILER AND ELEVATOR COMPUTER;REPAIR;;;;X;X;X;X;X;;;;;;;;;;;;;X;;;;;;X;;;;;;;;;;;;;;;;;;;;;;;;;;;;;;;;;;;;;;;;;;;;;;;;;;;;;;;;;;;;;;;;;;;;;;;X;;;;
B372BAM0509;B372BAM0509;SPOILER AND ELEVATOR COMPUTER;REPAIR;;;;X;X;X;X;X;;;;;;;;;;;;;X;;;;X;X;X;X;;;;;;;;;;;;;;;;;;;;;;;;;;;;;;;;;;;;;;;;;;;;;;;;;;;;;;;;;;;;;;;;;;;;;;X;;;;
B372BAM0511;B372BAM0511;SPOILER AND ELEVATOR COMPUTER;REPAIR;;;;X;X;X;X;X;;;;;;;;;;;;;X;;;;;;X;;;;;;;;;;;;;;;;;;;;;;;;;;;;;;;;;;;;;;;;;;;;;;;;;;;;;;;;;;;;;;;;;;;;;;;X;;;;
B372BAM0512;B372BAM0512;SPOILER AND ELEVATOR COMPUTER;REPAIR;;;;X;X;X;X;X;;;;;;;;;;;;;X;;;;;;X;;;;;;;;;;;;;;;;;;;;;;;;;;;;;;;;;;;;;;;;;;;;;;;;;;;;;;;;;;;;;;;;;;;;;;;X;;;;
B372BAM0513;B372BAM0513;SPOILER AND ELEVATOR COMPUTER;REPAIR;;;;X;X;X;X;X;;;;;;;;;;;;;X;;;;;;X;;;;;;;;;;;;;;;;;;;;;;;;;;;;;;;;;;;;;;;;;;;;;;;;;;;;;;;;;;;;;;;;;;;;;;;X;;;;
B372BAM0515;B372BAM0515;SPOILER AND ELEVATOR COMPUTER;REPAIR;;;;X;X;X;X;X;;;;;;;;;;;;;X;;;;X;X;X;X;;;;;;;;;;;;;;;;;;;;;;;;;;;;;;;;;;;;;;;;;;;;;;;;;;;;;;;;;;;;;;;;;;;;;;X;;;;
B38LC1504;B38LC1504;VALVE, SHUT OFF;OVERHAUL;;;;X;X;X;X;X;;;;;;;;;;;;;X;;X;;;;;;;;;;;;;;;;;;;;;;;;;;;;;;;;;;;;;;;;;;;;;;;;;;;;;;;;;;;;;;;;;;;;;;;;;;;X;;;;
B38LC1505;B38LC1505;VALVE, SHUT OFF;OVERHAUL;;;;X;X;X;X;X;;;;;;;;;;;;;X;X;;X;;;;;;;;;;;;;;;;;;;;;;;;;;;;;;;;;;;;;;;;;;;;;;;;;;;;;;;;;;;;;;;;;;;;;;;;;;X;;;;
B38LC1506;B38LC1506;VALVE, SHUT OFF;OVERHAUL;;;;X;X;X;X;X;;;;;;;;;;;;;X;;X;;;;;;;;;;;;;;;;;;;;;;;;;;;;;;;;;;;;;;;;;;;;;;;;;;;;;;;;;;;;;;;;;;;;;;;;;;;X;;;;
B38LC1507;B38LC1507;VALVE, SHUT OFF;OVERHAUL;;;;X;X;X;X;X;;;;;;;;;;;;;X;;X;;;;;;;;;;;;;;;;;;;;;;;;;;;;;;;;;;;;;;;;;;;;;;;;;;;;;;;;;;;;;;;;;;;;;;;;;;;X;;;;
B38LC1508;B38LC1508;VALVE, SHUT OFF;OVERHAUL;;;;X;X;X;X;X;;;;;;;;;;;;;X;X;;X;;;;;;;;;;;;;;;;;;;;;;;;;;;;;;;;;;;;;;;;;;;;;;;;;;;;;;;;;;;;;;;;;;;;;;;;;;X;;;;
B38LC1509;B38LC1509;VALVE, SHUT OFF;OVERHAUL;;;;X;X;X;X;X;;;;;;;;;;;;;X;;X;;;;;;;;;;;;;;;;;;;;;;;;;;;;;;;;;;;;;;;;;;;;;;;;;;;;;;;;;;;;;;;;;;;;;;;;;;;X;;;;
B38LC1510;B38LC1510;VALVE, SHUT OFF;OVERHAUL;;;;X;X;X;X;X;;;;;;;;;;;;;X;;X;;;;;;;;;;;;;;;;;;;;;;;;;;;;;;;;;;;;;;;;;;;;;;;;;;;;;;;;;;;;;;;;;;;;;;;;;;;X;;;;
B38LC2505;B38LC2505;VALVE, SHUT OFF;OVERHAUL;;;;X;X;X;X;X;;;;;;;;;;;;;X;X;;X;;;;;;;;;;;;;;;;;;;;;;;;;;;;;;;;;;;;;;;;;;;;;;;;;;;;;;;;;;;;;;;;;;;;;;;;;;X;;;;
B38LC2506;B38LC2506;VALVE, SHUT OFF;OVERHAUL;;;;X;X;X;X;X;;;;;;;;;;;;;X;;X;;;;;;;;;;;;;;;;;;;;;;;;;;;;;;;;;;;;;;;;;;;;;;;;;;;;;;;;;;;;;;;;;;;;;;;;;;;X;;;;
B38LC2507;B38LC2507;VALVE, SHUT OFF;OVERHAUL;;;;X;X;X;X;X;;;;;;;;;;;;;X;;X;;;;;;;;;;;;;;;;;;;;;;;;;;;;;;;;;;;;;;;;;;;;;;;;;;;;;;;;;;;;;;;;;;;;;;;;;;;X;;;;
B38LC2508;B38LC2508;VALVE, SHUT OFF;OVERHAUL;;;;X;X;X;X;X;;;;;;;;;;;;;X;X;;X;;;;;;;;;;;;;;;;;;;;;;;;;;;;;;;;;;;;;;;;;;;;;;;;;;;;;;;;;;;;;;;;;;;;;;;;;;X;;;;
B38LC2509;B38LC2509;VALVE, SHUT OFF;OVERHAUL;;;;X;X;X;X;X;;;;;;;;;;;;;X;;X;;;;;;;;;;;;;;;;;;;;;;;;;;;;;;;;;;;;;;;;;;;;;;;;;;;;;;;;;;;;;;;;;;;;;;;;;;;X;;;;
B38LC2510;B38LC2510;VALVE, SHUT OFF;OVERHAUL;;;;X;X;X;X;X;;;;;;;;;;;;;X;;X;;;;;;;;;;;;;;;;;;;;;;;;;;;;;;;;;;;;;;;;;;;;;;;;;;;;;;;;;;;;;;;;;;;;;;;;;;;X;;;;
B38LC2605;B38LC2605;VALVE, SHUT OFF;OVERHAUL;;;;X;X;X;X;X;;;;;;;;;;;;;X;;X;;;;;;;;;;;;;;;;;;;;;;;;;;;;;;;;;;;;;;;;;;;;;;;;;;;;;;;;;;;;;;;;;;;;;;;;;;;X;;;;
B38LC2606;B38LC2606;VALVE, SHUT OFF;OVERHAUL;;;;X;X;X;X;X;;;;;;;;;;;;;X;;X;;;;;;;;;;;;;;;;;;;;;;;;;;;;;;;;;;;;;;;;;;;;;;;;;;;;;;;;;;;;;;;;;;;;;;;;;;;X;;;;
B38LC2607;B38LC2607;VALVE, SHUT OFF;OVERHAUL;;;;X;X;X;X;X;;;;;;;;;;;;;X;;X;;;;;;;;;;;;;;;;;;;;;;;;;;;;;;;;;;;;;;;;;;;;;;;;;;;;;;;;;;;;;;;;;;;;;;;;;;;X;;;;
B38LC2608;B38LC2608;VALVE, SHUT OFF;OVERHAUL;;;;X;X;X;X;X;;;;;;;;;;;;;X;;X;;;;;;;;;;;;;;;;;;;;;;;;;;;;;;;;;;;;;;;;;;;;;;;;;;;;;;;;;;;;;;;;;;;;;;;;;;;X;;;;
B38LC2609;B38LC2609;VALVE, SHUT OFF;OVERHAUL;;;;X;X;X;X;X;;;;;;;;;;;;;X;;X;;;;;;;;;;;;;;;;;;;;;;;;;;;;;;;;;;;;;;;;;;;;;;;;;;;;;;;;;;;;;;;;;;;;;;;;;;;X;;;;
B38LC2610;B38LC2610;VALVE, SHUT OFF;OVERHAUL;;;;X;X;X;X;X;;;;;;;;;;;;;X;;X;;;;;;;;;;;;;;;;;;;;;;;;;;;;;;;;;;;;;;;;;;;;;;;;;;;;;;;;;;;;;;;;;;;;;;;;;;;X;;;;
B38LC3505;B38LC3505;VALVE, SHUT OFF;OVERHAUL;;;;X;X;X;X;X;;;;;;;;;;;;;X;X;;X;;;;;;;;;;;;;;;;;;;;;;;;;;;;;;;;;;;;;;;;;;;;;;;;;;;;;;;;;;;;;;;;;;;;;;;;;;X;;;;
B38LC3506;B38LC3506;VALVE, SHUT OFF;OVERHAUL;;;;X;X;X;X;X;;;;;;;;;;;;;X;;X;;;;;;;;;;;;;;;;;;;;;;;;;;;;;;;;;;;;;;;;;;;;;;;;;;;;;;;;;;;;;;;;;;;;;;;;;;;X;;;;
B38LC3507;B38LC3507;VALVE, SHUT OFF;OVERHAUL;;;;X;X;X;X;X;;;;;;;;;;;;;X;;X;;;;;;;;;;;;;;;;;;;;;;;;;;;;;;;;;;;;;;;;;;;;;;;;;;;;;;;;;;;;;;;;;;;;;;;;;;;X;;;;
B38LC3508;B38LC3508;VALVE, SHUT OFF;OVERHAUL;;;;X;X;X;X;X;;;;;;;;;;;;;X;X;;X;;;;;;;;;;;;;;;;;;;;;;;;;;;;;;;;;;;;;;;;;;;;;;;;;;;;;;;;;;;;;;;;;;;;;;;;;;X;;;;
B38LC3509;B38LC3509;VALVE, SHUT OFF;OVERHAUL;;;;X;X;X;X;X;;;;;;;;;;;;;X;;X;;;;;;;;;;;;;;;;;;;;;;;;;;;;;;;;;;;;;;;;;;;;;;;;;;;;;;;;;;;;;;;;;;;;;;;;;;;X;;;;
B38LC3510;B38LC3510;VALVE, SHUT OFF;OVERHAUL;;;;X;X;X;X;X;;;;;;;;;;;;;X;;X;;;;;;;;;;;;;;;;;;;;;;;;;;;;;;;;;;;;;;;;;;;;;;;;;;;;;;;;;;;;;;;;;;;;;;;;;;;X;;;;
B38LC3605;B38LC3605;VALVE, SHUT OFF;OVERHAUL;;;;X;X;X;X;X;;;;;;;;;;;;;X;X;;X;;;;;;;;;;;;;;;;;;;;;;;;;;;;;;;;;;;;;;;;;;;;;;;;;;;;;;;;;;;;;;;;;;;;;;;;;;X;;;;
B38LC3606;B38LC3606;VALVE, SHUT OFF;OVERHAUL;;;;X;X;X;X;X;;;;;;;;;;;;;X;;X;;;;;;;;;;;;;;;;;;;;;;;;;;;;;;;;;;;;;;;;;;;;;;;;;;;;;;;;;;;;;;;;;;;;;;;;;;;X;;;;
B38LC3607;B38LC3607;VALVE, SHUT OFF;OVERHAUL;;;;X;X;X;X;X;;;;;;;;;;;;;X;;X;;;;;;;;;;;;;;;;;;;;;;;;;;;;;;;;;;;;;;;;;;;;;;;;;;;;;;;;;;;;;;;;;;;;;;;;;;;X;;;;
B38LC3608;B38LC3608;VALVE, SHUT OFF;OVERHAUL;;;;X;X;X;X;X;;;;;;;;;;;;;X;X;;X;;;;;;;;;;;;;;;;;;;;;;;;;;;;;;;;;;;;;;;;;;;;;;;;;;;;;;;;;;;;;;;;;;;;;;;;;;X;;;;
B38LC3609;B38LC3609;VALVE, SHUT OFF;OVERHAUL;;;;X;X;X;X;X;;;;;;;;;;;;;X;;X;;;;;;;;;;;;;;;;;;;;;;;;;;;;;;;;;;;;;;;;;;;;;;;;;;;;;;;;;;;;;;;;;;;;;;;;;;;X;;;;
B38LC3610;B38LC3610;VALVE, SHUT OFF;OVERHAUL;;;;X;X;X;X;X;;;;;;;;;;;;;X;;X;;;;;;;;;;;;;;;;;;;;;;;;;;;;;;;;;;;;;;;;;;;;;;;;;;;;;;;;;;;;;;;;;;;;;;;;;;;X;;;;
B38LC3705;B38LC3705;VALVE, SHUT OFF;OVERHAUL;;;;X;X;X;X;X;;;;;;;;;;;;;X;X;;X;;;;;;;;;;;;;;;;;;;;;;;;;;;;;;;;;;;;;;;;;;;;;;;;;;;;;;;;;;;;;;;;;;;;;;;;;;X;;;;
B38LC3705100;B38LC3705-100;VALVE, SHUT OFF;BENCH TEST;;;;X;X;X;X;X;;;;;;;;;;;;;X;;;;;;;;;;;;;;;;;;;;;;;;;;;;;;;;;;;;;;;;;;;;;;;;;;;;;;;;;;;;;;;;;;;;;;;;;;;;;X;;;;
B38LC3706;B38LC3706;VALVE, SHUT OFF;OVERHAUL;;;;X;X;X;X;X;;;;;;;;;;;;;X;X;X;X;;;;;;;;;;;;;;;;;;;;;;;;;;;;;;;;;;;;;;;;;;;;;;;;;;;;;;;;;;;;;;;;;;;;;;;;;;X;;;;
B38LC3707;B38LC3707;VALVE, SHUT OFF;OVERHAUL;;;;X;X;X;X;X;;;;;;;;;;;;;X;X;X;X;;;;;;;;;;;;;;;;;;;;;;;;;;;;;;;;;;;;;;;;;;;;;;;;;;;;;;;;;;;;;;;;;;;;;;;;;;X;;;;
B38LC3708;B38LC3708;VALVE, SHUT OFF;OVERHAUL;;;;X;X;X;X;X;;;;;;;;;;;;;X;X;;X;;;;;;;;;;;;;;;;;;;;;;;;;;;;;;;;;;;;;;;;;;;;;;;;;;;;;;;;;;;;;;;;;;;;;;;;;;X;;;;
B38LC3709;B38LC3709;VALVE, SHUT OFF;OVERHAUL;;;;X;X;X;X;X;;;;;;;;;;;;;X;X;X;X;;;;;;;;;;;;;;;;;;;;;;;;;;;;;;;;;;;;;;;;;;;;;;;;;;;;;;;;;;;;;;;;;;;;;;;;;;X;;;;
B38LC3710;B38LC3710;VALVE, SHUT OFF;OVERHAUL;;;;X;X;X;X;X;;;;;;;;;;;;;X;X;X;X;;;;;;;;;;;;;;;;;;;;;;;;;;;;;;;;;;;;;;;;;;;;;;;;;;;;;;;;;;;;;;;;;;;;;;;;;;X;;;;
B38LC3805;B38LC3805;VALVE, SHUT OFF;OVERHAUL;;;;X;X;X;X;X;;;;;;;;;;;;;X;;X;;;;;;;;;;;;;;;;;;;;;;;;;;;;;;;;;;;;;;;;;;;;;;;;;;;;;;;;;;;;;;;;;;;;;;;;;;;X;;;;
B38LC3806;B38LC3806;VALVE, SHUT OFF;OVERHAUL;;;;X;X;X;X;X;;;;;;;;;;;;;X;;X;;;;;;;;;;;;;;;;;;;;;;;;;;;;;;;;;;;;;;;;;;;;;;;;;;;;;;;;;;;;;;;;;;;;;;;;;;;X;;;;
B38LC3807;B38LC3807;VALVE, SHUT OFF;OVERHAUL;;;;X;X;X;X;X;;;;;;;;;;;;;X;;X;;;;;;;;;;;;;;;;;;;;;;;;;;;;;;;;;;;;;;;;;;;;;;;;;;;;;;;;;;;;;;;;;;;;;;;;;;;X;;;;
B38LC3808;B38LC3808;VALVE, SHUT OFF;OVERHAUL;;;;X;X;X;X;X;;;;;;;;;;;;;X;;X;;;;;;;;;;;;;;;;;;;;;;;;;;;;;;;;;;;;;;;;;;;;;;;;;;;;;;;;;;;;;;;;;;;;;;;;;;;X;;;;
B38LC3809;B38LC3809;VALVE, SHUT OFF;OVERHAUL;;;;X;X;X;X;X;;;;;;;;;;;;;X;;X;;;;;;;;;;;;;;;;;;;;;;;;;;;;;;;;;;;;;;;;;;;;;;;;;;;;;;;;;;;;;;;;;;;;;;;;;;;X;;;;
B38LC3810;B38LC3810;VALVE, SHUT OFF;OVERHAUL;;;;X;X;X;X;X;;;;;;;;;;;;;X;;X;;;;;;;;;;;;;;;;;;;;;;;;;;;;;;;;;;;;;;;;;;;;;;;;;;;;;;;;;;;;;;;;;;;;;;;;;;;X;;;;
B38LC5005;B38LC5005;VALVE, SHUT OFF;OVERHAUL;;;;X;X;X;X;X;;;;;;;;;;;;;X;;X;;;;;;;;;;;;;;;;;;;;;;;;;;;;;;;;;;;;;;;;;;;;;;;;;;;;;;;;;;;;;;;;;;;;;;;;;;;X;;;;
B38LC5006;B38LC5006;VALVE, SHUT OFF;OVERHAUL;;;;X;X;X;X;X;;;;;;;;;;;;;X;;X;;;;;;;;;;;;;;;;;;;;;;;;;;;;;;;;;;;;;;;;;;;;;;;;;;;;;;;;;;;;;;;;;;;;;;;;;;;X;;;;
B38LC5007;B38LC5007;VALVE, SHUT OFF;OVERHAUL;;;;X;X;X;X;X;;;;;;;;;;;;;X;;X;;;;;;;;;;;;;;;;;;;;;;;;;;;;;;;;;;;;;;;;;;;;;;;;;;;;;;;;;;;;;;;;;;;;;;;;;;;X;;;;
B38LC5008;B38LC5008;VALVE, SHUT OFF;OVERHAUL;;;;X;X;X;X;X;;;;;;;;;;;;;X;;X;;;;;;;;;;;;;;;;;;;;;;;;;;;;;;;;;;;;;;;;;;;;;;;;;;;;;;;;;;;;;;;;;;;;;;;;;;;X;;;;
B38LC5009;B38LC5009;VALVE, SHUT OFF;OVERHAUL;;;;X;X;X;X;X;;;;;;;;;;;;;X;;X;;;;;;;;;;;;;;;;;;;;;;;;;;;;;;;;;;;;;;;;;;;;;;;;;;;;;;;;;;;;;;;;;;;;;;;;;;;X;;;;
B38LC5010;B38LC5010;VALVE, SHUT OFF;OVERHAUL;;;;X;X;X;X;X;;;;;;;;;;;;;X;;X;;;;;;;;;;;;;;;;;;;;;;;;;;;;;;;;;;;;;;;;;;;;;;;;;;;;;;;;;;;;;;;;;;;;;;;;;;;X;;;;
B38LC5105;B38LC5105;VALVE, SHUT OFF;OVERHAUL;;;;X;X;X;X;X;;;;;;;;;;;;;X;;X;;;;;;;;;;;;;;;;;;;;;;;;;;;;;;;;;;;;;;;;;;;;;;;;;;;;;;;;;;;;;;;;;;;;;;;;;;;X;;;;
B38LC5106;B38LC5106;VALVE, SHUT OFF;OVERHAUL;;;;X;X;X;X;X;;;;;;;;;;;;;X;X;X;X;;;;;;;;;;;;;;;;;;;;;;;;;;;;;;;;;;;;;;;;;;;;;;;;;;;;;;;;;;;;;;;;;;;;;;;;;;X;;;;
B38LC5107;B38LC5107;VALVE, SHUT OFF;OVERHAUL;;;;X;X;X;X;X;;;;;;;;;;;;;X;X;X;X;;;;;;;;;;;;;;;;;;;;;;;;;;;;;;;;;;;;;;;;;;;;;;;;;;;;;;;;;;;;;;;;;;;;;;;;;;X;;;;
B38LC5108;B38LC5108;VALVE, SHUT OFF;OVERHAUL;;;;X;X;X;X;X;;;;;;;;;;;;;X;X;;X;;;;;;;;;;;;;;;;;;;;;;;;;;;;;;;;;;;;;;;;;;;;;;;;;;;;;;;;;;;;;;;;;;;;;;;;;;X;;;;
B38LC5109;B38LC5109;VALVE, SHUT OFF;OVERHAUL;;;;X;X;X;X;X;;;;;;;;;;;;;X;;X;;;;;;;;;;;;;;;;;;;;;;;;;;;;;;;;;;;;;;;;;;;;;;;;;;;;;;;;;;;;;;;;;;;;;;;;;;;X;;;;
B38LC5110;B38LC5110;VALVE, SHUT OFF;OVERHAUL;;;;X;X;X;X;X;;;;;;;;;;;;;X;;X;;;;;;;;;;;;;;;;;;;;;;;;;;;;;;;;;;;;;;;;;;;;;;;;;;;;;;;;;;;;;;;;;;;;;;;;;;;X;;;;
B38QA3001;B38QA3001;VALVE, SHUT OFF;OVERHAUL;;;;X;X;X;X;X;;;;;;;;;;;;;X;X;;;;;;;;;;;;;;;;;;;;;;;;;;;;;;;;;;;;;;;;;;;;;;;;;;;;;;;;;;;;;;;;;;;;;;;;;;;;X;;;;
B38QA5004;B38QA5004;VALVE-SHUT OFF;OVERHAUL;;;;X;X;X;X;X;;;;;;;;;;;;;X;X;;;;;;;;;;;;;;;;;;;;;;;;;;;;;;;;;;;;;;;;;;;;;;;;;;;;;;;;;;;;;;;;;;;;;;;;;;;;X;;;;
B38QA6505;B38QA6505;VALVE-SHUT OFF;OVERHAUL;;;;X;X;X;X;X;;;;;;;;;;;;;X;X;X;X;;;;;;;;;;;;;;;;;;;;;;;;;;;;;;;;;;;;;;;;;;;;;;;;;;;;;;;;;;;;;;;;;;;;;;;;;;X;;;;
B397BAM0621;B397BAM0621;FAC - FLIGHT AUGMENTATION COMPUTER;REPAIR;;;;X;X;X;X;X;;;;;;;;;;;;;X;;;;;;X;;;;;;;;;;;;;;;;;;;;;;;;;;;;;;;;;;;;;;;;;;;;;;;;;;;;;;;;;;;;;;;;;;;;;;;X;;;;
B397BAM0622;B397BAM0622;FAC - FLIGHT AUGMENTATION COMPUTER;REPAIR;;;;X;X;X;X;X;;;;;;;;;;;;;X;;;;;;X;;;;;;;;;;;;;;;;;;;;;;;;;;;;;;;;;;;;;;;;;;;;;;;;;;;;;;;;;;;;;;;;;;;;;;;X;;;;
B397BAM0623;B397BAM0623;FAC - FLIGHT AUGMENTATION COMPUTER;REPAIR;;;;X;X;X;X;X;;;;;;;;;;;;;X;;;;;;X;;;;;;;;;;;;;;;;;;;;;;;;;;;;;;;;;;;;;;;;;;;;;;;;;;;;;;;;;;;;;;;;;;;;;;;X;;;;
B397BAM0624;B397BAM0624;FAC - FLIGHT AUGMENTATION COMPUTER;REPAIR;;;;X;X;X;X;X;;;;;;;;;;;;;X;;;;;;X;;;;;;;;;;;;;;;;;;;;;;;;;;;;;;;;;;;;;;;;;;;;;;;;;;;;;;;;;;;;;;;;;;;;;;;X;;;;
B40CD0401;B40CD0401;FAN;OVERHAUL;;;;X;X;X;X;X;;;;;;;;;;;;;X;X;;;;;;;;;;;;;;;;;;;;;;;;;;;;;;;;;;;;;;;;;;;;;;;;;;;;;;;;;;;;;;;;;;;;;;;;;;;;X;;;;
B40NA1500;B40NA1500;FAN;;BENCH TEST;;;X;X;;X;;;;;;;;;;;;;;;;;;;;;;;;;;;;;;;;;;;;X;X;;;;;;;;;;;;;;;;;;;;;;;;;;;;;;;;;;;;;;;;;;;;;;;;;;;;;;;X;;;
B473ABM2;B473ABM2;CENTER OF GRAVITY CONTROL COMPUTER;REPAIR;;;;X;X;X;X;X;;;;;;;;;;;;;X;;X;X;;;;;;;;;;;;;;;;;;;;;;;;;;;;;;;;;;;;;;;;;;;;;;;;;;;;;;;;;;;;;;;;;;;;;;;;;;X;;;;
B473ABM4;B473ABM4;CENTER OF GRAVITY CONTROL COMPUTER;REPAIR;;;;X;X;X;X;X;;;;;;;;;;;;;X;;X;X;;;;;;;;;;;;;;;;;;;;;;;;;;;;;;;;;;;;;;;;;;;;;;;;;;;;;;;;;;;;;;;;;;;;;;;;;;X;;;;
B473ACM2;B473ACM2;CENTER OF GRAVITY CONTROL COMPUTER;REPAIR;;;;X;X;X;X;X;;;;;;;;;;;;;X;;X;X;;;;;;;;;;;;;;;;;;;;;;;;;;;;;;;;;;;;;;;;;;;;;;;;;;;;;;;;;;;;;;;;;;;;;;;;;;X;;;;
B473ACM4;B473ACM4;CENTER OF GRAVITY CONTROL COMPUTER;REPAIR;;;;X;X;X;X;X;;;;;;;;;;;;;X;;X;X;;;;;;;;;;;;;;;;;;;;;;;;;;;;;;;;;;;;;;;;;;;;;;;;;;;;;;;;;;;;;;;;;;;;;;;;;;X;;;;
B47CA1090;B47CA1090;VALVE DE ICING SHUTOFF;;OVERHAUL;Overhaul/Repair/Inspection/Modification;;X;X;;X;;;;;;;;;;;;;;;;;;;;;;;;;;;;;;;;;;;;;;;;;;;;;;;;;;;;;;;;;;;;;;;;;X;;;;;;;;;;;;;X;;;;;;;;;;;;;;X;X;;
B75011;B-750-11;BREAKDOWN STEERING METERING VALVE ASSY;OVERHAUL;;;;X;;;;;;;;;X;;;;;;;;;;;;;;;;;;X;;;;;;;;;;;X;;;;;;;;;;;;;;;;;;;;;;;;;;;;;;;;;;;;;;;;;;;;;;;;;;;;;;;;X;;;;
B75011;B750-11;BREAKDOWN STEERING METERING VALVE ASSY;OVERHAUL;;;;X;;;;;;;;;X;;;;;;;;;;;;;;;;;;X;;;;;;;;;;;X;;;;;;;;;;;;;;;;;;;;;;;;;;;;;;;;;;;;;;;;;;;;;;;;;;;;;;;;X;;;;
B7505;B750-5;BREAKDOWN STEERING METERING VALVE ASSY;OVERHAUL;;;;X;;;;;;;;;;;;;;;;;;;;;;;;;;;X;;;;;;;;;;;X;;;;;;;;;;;;;;;;;;;;;;;;;;;;;;;;;;;;;;;;;;;;;;;;;;;;;;;;X;;;;
B9719401;B97-19-401;HYDRAULIC SHUTOFF VALVE;;REPAIR;;;X;X;;X;;;;;;;;;;;;;;;;;;;;;;;;;;;;;;;;;;;;;;;;;;;;;;;;;;;;;;;;;;;;;;;;;X;;;;;;;;;;;;;X;;;;;;;;;;;;;;X;;;
B9719452;B97-19-452;HYDRAULIC SHUTOFF VALVE;;REPAIR;;;X;X;;X;;;;;;;;;;;;;;;;;;;;;;;;;;;;;;;;;;;;;;;;;;;;;;;;;;;;;;;;;;;;;;;;;X;;;;;;;;;;;;;X;;;;;;;;;;;;;;X;;;
B9719454;B97-19-454;HYDRAULIC SHUTOFF VALVE;;REPAIR;;;X;X;;;;;;;;;;;;;;;;;;;;;;;;;;;;;;;;;;;;;;X;X;;;;;;;;;;;;;;;;;;;;;;;;;;;;;;;;;;;;;;;;;;;;;;;;;;;;;;;X;;;
B97N19201;B97N19-201;VALVE FILLING AND DRAINI;;REPAIR;;;X;X;X;X;X;;;;;;;;;;;;;;;;;;;;;;;;;;;;;;;;;;;;;;;;;;;;;;;;X;;;;;;;;;;;;;;;;;;;;;;;;;;;;;X;;;;;;;;;;;;;;X;;;
B97W99115A;B97W99-115A;ACTUATOR, SINGLE;OVERHAUL;;;;X;X;X;X;X;;;;;X;;;;;;;;X;X;X;X;;;;;;;;;;;;;;;;;;;;;;;;;;;;;;;;;;;;;;;;;;;;;;;;;;;;;;;;;;;;;;;;;;;;;;;;;;X;;;;
B97W99115B;B97W99-115B;ACTUATOR, SINGLE;OVERHAUL;;;;X;X;X;X;X;;;;;;;;;;;;;X;X;X;X;;;;;;;;;;;;;;;;;;;;;;;;;;;;;;;;;;;;;;;;;;;;;;;;;;;;;;;;;;;;;;;;;;;;;;;;;;X;;;;
B97W99116;B97W99-116;ACTUATOR, TWIN;OVERHAUL;;;;X;X;X;X;X;;;;;;;;;;;;;X;X;;;;;;;;;;;;;;;;;;;;;;;;;;;;;;;;;;;;;;;;;;;;;;;;;;;;;;;;;;;;;;;;;;;;;;;;;;;;X;;;;
B97W99116B;B97W99-116B;ACTUATOR, TWIN;OVERHAUL;;;;X;X;X;X;X;;;;;;;;;;;;;X;X;X;X;;;;;;;;;;;;;;;;;;;;;;;;;;;;;;;;;;;;;;;;;;;;;;;;;;;;;;;;;;;;;;;;;;;;;;;;;;X;;;;
B99003;B99-003;ROBINET,A TOURNANT;;OVERHAUL;;;X;X;;X;;;;;;;;;;;;;;;;;;;;;;;;;;;;;;;;;;;;;;;;;;;;;;;;;X;;;;X;;;;;;;;;;;;;;;;;;;;;;;;;X;;;;;;;;;;;;;;X;;;
B99004;B99-004;ISOLATING COCK;;OVERHAUL;;;X;X;;X;;;;;;;;;;;;;;;;;;;;;;;;;;;;;;;;;;;;;;;;;;;;;;;;;X;;;;X;;;;;;;;;;;;;;;;;;;;;;;;;X;;;;;;;;;;;;;;X;;;
B99005;B99-005;CROSSFEED VALVE;;OVERHAUL;;;X;X;;X;;;;;;;;;;;;;;;;;;;;;;;;;;;;;;;;;;;;;;;;;;;;;;;;;X;;;;X;;;;;;;;;;;;;;;;;;;;;;;;;X;;;;;;;;;;;;;;X;;;
B99005;B-99-005;CROSSFEED VALVE;;BENCH TEST;;;X;;;;;;;;;;;;;;;;;;;;;;;;;;;;;;;;;;;;;;;;;;;;;;;;;;;;X;;;;X;;;;;;;;;;;;;;;;;;;;;;;;;X;;;;;;;;;;;;;;X;;;
B99006;B99-006;CROSSFEED VALVE;;OVERHAUL;;;X;X;;X;;;;;;;;;;;;;;;;;;;;;;;;;;;;;;;;;;;;;;;;;;;;;;;;;X;;;;X;;;;;;;;;;;;;;;;;;;;;;;;;X;;;;;;;;;;;;;;X;;;
B9926203;B99-26-203;ISOLATING VALVE;;BENCH TEST;;;X;X;;X;;;;;;;;;;;;;;;;;;;;;;;;;;;;;;;;;;;;;;;;;;;;;;;;;X;;;;X;;;;;;;;;;;;;;;;;;;;;;;;;;;;;;;;;X;X;;;;;X;;;
B9926204;B99-26-204;ISOLATING VALVE;;BENCH TEST;;;X;X;;X;;;;;;;;;;;;;;;;;;;;;;;;;;;;;;;;;;;;;;;;;;;;;;;;;X;;;;X;;;;;;;;;;;;;;;;;;;;;;;;;;;;;;;;;X;X;;;;;X;;;
BA06;BA06;NICKEL CADMIUM BATTERY;OVERHAUL;;;;X;X;X;X;X;;;;;;;;;;;;;;;;;;;;;;;X;;;X;;;;;;;;;;;;;;;;;;;;;;;;;;;;;;;;;;;;;;;;;;;;;;;;;;;;;;;;;;;;;;;;X;;;;
BA20703GR3;BA20703GR-3;FIRE EXTINGUISHER;;BENCH TEST;;;X;X;;;;;;;;;;;;;;;;;;;;;;;;;;;;;;;;;;;;;;;;;;;;;;;;;;;;;;;;;;;;;;;;;;;;;;;;;;;;;;;;;;;;;;;;X;X;;;;;X;;;
BA20703GSR3;BA20703GSR-3;FIRE EXTINGUISHER;;BENCH TEST;;;X;X;;;;;;;;;;;;;;;;;;;;;;;;;;;;;;;;;;;;;;;;;;;;;;;;;;;;;;;;;;;;;;;;;;;;;;;;;;;;;;;;X;;;;;;;;;;;;;;X;;;
BA20703R3;BA20703R-3;FIRE EXTINGUISHER;;BENCH TEST;;;X;X;;;;;;;;;;;;;;;;;;;;;;;;;;;;;;;;;;;;;;;;;;;;;;;;;;;;;;;;;;;;;;;;;;;;;;;;;;;;;;;;;;;;;;;;X;X;;;;;X;;;
BA22696;BA22696;EXTINGUISHER TOILET;;TEST;;;X;X;;;;;;;;;;;;;;;;;;;;;;;;;;;;;;;;;;;;;;;;;;;;;;;;;;;;;;;;;;;;;;;;;;;X;;;;;;;;;;;;;X;;;;;;;;;;;;;;X;;;
BA232171;BA23217-1;TOILET FIRE EXTINGUISHER;;TEST;;;X;X;;;;;;;;;;;;;;;;;;;;;;;;;;X;;;X;;;;;;;;;;;;;;;;;;;;;;;;;;;;;;;;;;;;;;;;;;;;;;;;;;;;;;;;;;;;;;;;;X;;;
BA3501;BA35-01;NICKEL CADMIUM AIRCRAFT BATTERY;OVERHAUL;REPAIR;;DNR;X;X;X;X;X;;;;;;;;;;;;;;;;;;;;;;;X;;;X;;;;;;;;;;;;;;;;;;;;;;;;;;;;;;;;;;;;;;;;;;;;;;;;;;;;;;;;;;;;;;;;X;X;;;
BA3502;BA35-02;NICKEL CADMIUM AIRCRAFT BATTERY;OVERHAUL;;;;X;X;X;X;X;;;;;;;;;;;;;;;;;;;;;;;X;;;X;;;;;;;;;;;;;;;;;;;;;;;;;;;;;;;;;;;;;;;;;;;;;;;;;;;;;;;;;;;;;;;;X;;;;
BA510153;BA51015-3;FIRE EXTINGUISHER;;TEST;;;X;X;;X;;;;;;;;;;;;;;;;;;;;;;;;;;;;;;;;;;;;;;;;;;;;;;;;;;;;;;;;;;;;;;;;;;;;;;;;;;;;;;;;;;;;;;X;X;;;;;X;;;
BA510155;BA51015-5;FIRE EXTINGUISHER;;TEST;;;X;X;;X;;;;;;;;;;;;;;;;;;;;;;;;;;;;;;;;;;;;;;;;;;;;;;;;;;;;;;;;;;;;;;;;;;;;;;;;;;;;;;;;;;;;;;X;X;;;;;X;;;
BA51015G3;BA51015G-3;FIRE EXTINGUISHER;;TEST;;;X;X;;;;;;;;;;;;;;;;;;;;;;;;;;;;;;;;;;;;;;;;;;;;;;;;;;;;;;;;;;;;;;;;;;;X;;;;X;;;;;;;;;X;;;;;;;;;;;;;;X;;;
BA51015R5;BA51015R-5;FIRE EXTINGUISHER;;TEST;;;X;X;;X;;;;;;;X;;;;X;;;;;;;;;;;;;;;;;;;;;;;;;;;;;;;;;;;;;;;;;;;;;;;;;;;;;;;;;;;;;;;;;;;X;;;;;;;;;;;;;;X;;;
BA51015S5;BA51015S-5;FIRE EXTINGUISHER;;TEST;;;X;X;;X;;;;;;;;;;;;;;;;;;;;;;;;;;;;;;;;;;;;;;;;;;;;;;;;;;;;;;;;;;;;;;;;;;;;;;;;;;;;;;X;;;;;;;;;;;;;;X;;;
BA51015SR5;BA51015SR-5;FIRE EXTINGUISHER;;TEST;;;X;X;;X;;;;;;;;;;;;;;;;;;;;;;;;;;;;;;;;;;;;;;;;;;;;;;;;;;;;;;;;;;;;;;;;;;;;;;;;;;;;;;X;;;;;;;;;;;;;;X;;;
BA670954101;BA670-95410-1;DUCT ASSY RAM AIR EXHAUST LH;;REPAIR;;;X;X;;;;;;;;;;;;;;;;;;;;;;;;;;;;;;;;;;;;;;;;;;;;;;;;;;;;;;;;;;;;;;;;;;;X;;;;X;;;;;;;;;X;;;;;;;;;;;;;;X;;X;
BA670954102;BA670-95410-2;DUCT ASSY RAM AIR EXHAUST RH;;REPAIR;;;X;X;;X;;;;;;;;;;;;;;;;;;;;;;;;;;;;;;;;;;;;;;;;;;;;;;;;;;;;;;;;;;;;;;;;;X;;;;X;;;;;;;;;X;;;;;;;;;;;;;;X;;X;
BA670954111;BA670-95411-1;DUCT ASSY RAM AIR EXHAUST RH;;REPAIR;;;X;X;; ;;;;;;;;;;;;;;;;;;;;;;;;;;;;;;;;;;;;;;;;;;;;;;;;;;;;;;;;;;;;;;;;;X;;;;X;;;;;;;;;X;;;;;;;;;;;;;;X;;X;
BC2065AE01;BC2065AE01;SELCAL CODE DE SELECTION;REPAIR;;;;X;X;X;X;X;;;;;;;;;;;;;;;;;;;;;;;;;;;;;;;;;;;X;;;;;;;;;;;;;;;;;;;;;;;;;;;;;;;;;;;;;;;;;;;;;;;;;;;;;;;X;;;;
BC2065C;BC2065C;SELCAL CODE DE SELECTION;REPAIR;;;;X;X;X;X;X;;;;;;;;;;;;;X;;X;X;X;X;X;X;X;X;;;;;;;;;;;;;;;;;;;;;;;;;;;;;;;;;;;;;;;;;;;;;;;;;;;;;;;;;;;;;;;;;;;;X;;;;
BC3436AA02;BC3436AA02;BOITE DE COMMANDE PRINCIPALE;REPAIR;;;;X;;;;;;;;;;;;;;;;;;;;;;;;;;;;;;;;;;;;;;;;;;;;;;;;;;;;;;;;;;;;;;;;;;;;;;;;;;;;;;;;;X;;;X;;;;;;;;;;X;;;;
BC807A0100;BC807A01-00;BOITE DE COMMANDE PRINCIPALE;REPAIR;;;;X;;;;;;;;;X;;;;;;;;;;;;;;;;;;;;;;;;;;;;;;;;;;;;;;;;;;;;;;;;;;;;;;;;;;;;;;;;;;;;;;;;X;;;X;;;;;;;;;;X;;;;
BDM300;BDM300;POSITION DETECTOR UNIT;REPAIR;;;;X;X;X;X;X;;;X;;;;;;;;;;X;;X;X;;;;;;;;;;;;;;;;;;;;;;;;;;;;;;;;;;;;;;;;;;;;;;;;;;;;;;;;;;;;;;;;;;;;;;;;;;X;;;;
BDM3001;BDM300-1;POSITION DETECTOR UNIT;REPAIR;;;;X;X;X;X;X;;;X;;;;;;;;;;X;;X;X;;;;;;;;;;;;;;;;;;;;;;;;;;;;;;;;;;;;;;;;;;;;;;;;;;;;;;;;;;;;;;;;;;;;;;;;;;X;;;;
BDM3002;BDM300-2;POSITION DETECTOR UNIT;REPAIR;;;;X;X;X;X;X;;;X;;;;;;;;;;X;;X;X;;;;;;;;;;;;;;;;;;;;;;;;;;;;;;;;;;;;;;;;;;;;;;;;;;;;;;;;;;;;;;;;;;;;;;;;;;X;;;;
BDM3003;BDM300-3;POSITION DETECTOR UNIT;REPAIR;;;;X;X;X;X;X;;;X;;;;;;;;;;X;;X;X;;;;;;;;;;;;;;;;;;;;;;;;;;;;;;;;;;;;;;;;;;;;;;;;;;;;;;;;;;;;;;;;;;;;;;;;;;X;;;;
BHC10201;BHC1020-1;HYDRAULIC CONTROL UNIT. (GOODRICH);OVERHAUL;;;;X;X;X;X;X;;;;;;;;;;;;;;;;;;;;;;;;;;;;;;;;;;;X;X;;;X;;;;;;;;;;;;;;;;;;;;;;;;;;;;;;;;;;;;;;;;;;;;;;;;;;;X;;;;
BHC1021;BHC1021;HYDRAULIC CONTROL UNIT;OVERHAUL;;;;X;X;X;X;X;;;;;;;;;;;;;;;;;;;;;;;;;;;;;;;;;;;X;X;;;X;;;;;;;;;;;;;;;;;;;;;;;;;;;;;;;;;;;;;;;;;;;;;;;;;;;X;;;;
BJ1977A;BJ1977A;BOX, JUNCTION;REPAIR;;;;X;X;X;X;X;;;;;;X;;;;;;;;;;;;;;;;;;;;;;;;;;;;;;;;;;;;;;;;;;;;;;;;;;;;;;;;;;;;;;;;;;;;;;;;;;;;;;;;;;;;X;;;;
BJ1977B;BJ1977B;BOX, JUNCTION;REPAIR;;;;X;X;X;X;X;;;;;;X;X;X;X;;X;;;;;;;;;;;;;;;;;;;;;;;;;;;;;;;;;;;;;;;;;;;;;;;;;;;;;;;;;;;;;;;;;;;;;;;;;;;;;;;X;;;;
BJ1977C;BJ1977C;BOX, JUNCTION;REPAIR;;;;X;X;X;X;X;;;;;;X;X;;;;;;;;;;;;;;;;;;;;;;;;;;;;;;;;;;;;;;;;;;;;;;;;;;;;;;;;;;;;;;;;;;;;;;;;;;;;;;;;;;;X;;;;
BJ1977D;BJ1977D;BOX, JUNCTION;REPAIR;;;;X;X;X;X;X;;;;;;X;X;;;;;;;;;;;;;;;;;;;;;;;;;;;;;;;;;;;;;;;;;;;;;;;;;;;;;;;;;;;;;;;;;;;;;;;;;;;;;;;;;;;X;;;;
BR9279285;BR9279-285;EXIT IDENTIFIER, FLOODLIGHT;BENCH TEST;;;;X;X;X;X;X;;;;;;;;;;;;;X;;;;X;X;X;X;;X;;;;;;;;;;;;;;;;;;;;;;;;;;;;;;;;;;;;;;;;;;;;;;;;;;;;;;;;;;;;;;;;;;;;X;;;;
BR9279336;BR9279-336;EXIT IDENTIFIER, FLOODLIGHT;BENCH TEST;;;;X;X;X;X;X;;;;;;;;;;;;;X;;;;X;X;X;X;;X;;;;;;;;;;;;;;;;;;;;;;;;;;;;;;;;;;;;;;;;;;;;;;;;;;;;;;;;;;;;;;;;;;;;X;;;;
C11AA0301;C11AA0301;PUMP, ELECTRICAL, FUEL;OVERHAUL;;;;X;X;X;X;X;;;;;;X;;X;;X;;;;;;;;;;;;;;;;;;;;;;;;;;;;;;;;;;;;;;;;;;;;;;;;;;;;;;;;;;;;;;;;;;;;;;;;;;;;;;;;X;;;;
C11AA0301A;C11AA0301A;PUMP, ELECTRICAL, FUEL;OVERHAUL;;;;X;X;X;X;X;;;;;;X;;X;;;;;;;;;;;;;;;;;;;;;;;;;;;;;;;;;;;;;;;;;;;;;;;;;;;;;;;;;;;;;;;;;;;;;;;;;;;;;;;;;;X;;;;
C11AA0301B;C11AA0301B;PUMP, ELECTRICAL, FUEL;OVERHAUL;;;;X;X;X;X;X;;;;;;X;;X;;;;;;;;;;;;;;;;;;;;;;;;;;;;;;;;;;;;;;;;;;;;;;;;;;;;;;;;;;;;;;;;;;;;;;;;;;;;;;;;;;X;;;;
C11AA0301C;C11AA0301C;PUMP, ELECTRICAL, FUEL;OVERHAUL;;;;X;X;X;X;X;;;;;;X;;X;;;;;;;;;;;;;;;;;;;;;;;;;;;;;;;;;;;;;;;;;;;;;;;;;;;;;;;;;;;;;;;;;;;;;;;;;;;;;;;;;;X;;;;
C11BA0101;C11BA0101;PUMP, ELECTRICAL, FUEL;OVERHAUL;;;;X;X;X;X;X;;;;;;X;;;;X;X;;;;;;;;;;;;;;;;;;;;;;;;;;;;;;;;;;;;;;;;;;;;;;;;;;;;;;;;;;;;;;;;;;;;;;;;;;;;;;;X;;;;
C11BA0102;C11BA0102;PUMP, ELECTRICAL, FUEL;OVERHAUL;;;;X;X;X;X;X;;;;;;X;;;;X;X;;;;;;;;;;;;;;;;;;;;;;;;;;;;;;;;;;;;;;;;;;;;;;;;;;;;;;;;;;;;;;;;;;;;;;;;;;;;;;;X;;;;
C11BA0102C;C11BA0102C;PUMP, ELECTRICAL, FUEL;OVERHAUL;;;;X;X;X;X;X;X;;;;;X;;;;X;X;;;;;;;;;;;;;;;;;;;;;;;;;;;;;;;;;;;;;;;;;;;;;;;;;;;;;;;;;;;;;;;;;;;;;;;;;;;;;;;X;;;;
C11BC0011;C11BC0011;PUMP, ELECTRICAL, FUEL;OVERHAUL;;;;X;X;X;X;X;;;;;;X;;X;;X;X;;;;;;;;;;;;;;;;;;;;;;;;;;;;;;;;;;;;;;;;;;;;;;;;;;;;;;;;;;;;;;;;;;;;;;;;;;;;;;;X;;;;
C11BC0042;C11BC0042;PUMP, ELECTRICAL, FUEL;OVERHAUL;;;;X;X;X;X;X;;;;;;X;;X;;;X;;;;;;;;;;;;;;;;;;;;;;;;;;;;;;;;;;;;;;;;;;;;;;;;;;;;;;;;;;;;;;;;;;;;;;;;;;;;;;;X;;;;
C11BC0080;C11BC0080;PUMP, ELECTRICAL, FUEL;OVERHAUL;;;;X;X;X;X;X;;;;;;X;;X;;;;;;;;;;;;;;;;;;;;;;;;;;;;;;;;;;;;;;;;;;;;;;;;;;;;;;;;;;;;;;;;;;;;;;;;;;;;;;;;;;X;;;;
C11BC0081;C11BC0081;PUMP, ELECTRICAL, FUEL;OVERHAUL;;;;X;X;X;X;X;;;;;;X;;X;;;;;;;;;;;;;;;;;;;;;;;;;;;;;;;;;;;;;;;;;;;;;;;;;;;;;;;;;;;;;;;;;;;;;;;;;;;;;;;;;;X;;;;
C11BD0011;C11BD0011;PUMP, ELECTRICAL, FUEL;OVERHAUL;;;;X;X;X;X;X;;;;;;X;;X;;;X;;;;;;;;;;;;;;;;;;;;;;;;;;;;;;;;;;;;;;;;;;;;;;;;;;;;;;;;;;;;;;;;;;;;;;;;;;;;;;;X;;;;
C11BD0012;C11BD0012;PUMP, ELECTRICAL, FUEL;OVERHAUL;;;;X;X;X;X;X;;;;;;X;;X;;;X;;;;;;;;;;;;;;;;;;;;;;;;;;;;;;;;;;;;;;;;;;;;;;;;;;;;;;;;;;;;;;;;;;;;;;;;;;;;;;;X;;;;
C11VQ0011;C11VQ0011;PUMP FUEL ELECTRIC;;OVERHAUL;;;X;X;X;X;;;;;;;;;;;;;;;;;;;;;;;;;;;;;;;;;;;;X;X;;;;;;;;;;;;;;;;;;;;;;;;;;;;;;;;;;;;;;;;;;;;;;;;;;;;;;;X;;;
C11VQ0012;C11VQ0012;PUMP FUEL ELECTRIC;;OVERHAUL;;;X;X;X;X;;;;;;;;;;;;;;;;;;;;;;;;;;;;;;;;;;;;X;X;;;;;;;;;;;;;;;;;;;;;;;;;;;;;;;;;;;;;;;;;;;;;;;;;;;;;;;X;;;
C11VQ0013;C11VQ0013;PUMP FUEL ELECTRIC;;OVERHAUL;;;X;X;X;X;X;;;;;;;;;;;;;;;;;;;;;;;;;;;;;;;;;;;X;;;;X;;;;;;;;;;;;;;;;;;;;;;;;;;;;;;;;;;;;;;;;;;;;;;;;;;;;X;;;
C11VQ0020;C11VQ0020;PUMP FUEL ELECTRIC;;OVERHAUL;;;X;X;X;X;X;;;;;;;;;;;;;;;;;;;;;;;;;;;;;;;;;;;X;X;;;;;;;;;;;;;;;;;;;;;;;;;;;;;;;;;;;;;;;;;;;;;;;;;;;;;;;X;;;
C11VQ0030;C11VQ0030;PUMP FUEL ELECTRIC;;OVERHAUL;;;X;X;X;X;X;;;;;;;;;;;;;;;;;;;;;;;;;;;;;;;;;;;X;X;;;;;;;;;;;;;;;;;;;;;;;;;;;;;;;;;;;;;;;;;;;;;;;;;;;;;;;X;;;
C11VQ0030020;C11VQ0030-020;BASE - EQUIPPED PUMP;;INSPECTION;;;X;X;;X;;;;;;;;;;;;;;;;;;;;;;;;;;;;;;;;;;;;X;X;;;;;;;;;;;;;;;;;;;;;;;;;;;;;;;;;;;;;;;;;;;;;;;;;;;;;;;X;;;
C11VQ0030030;C11VQ0030-030;MOTOR ASSY;;BENCH TEST;;;X;X;;X;;;;;;;;;;;;;;;;;;;;;;;;;;;;;;;;;;;;X;X;X;X;X;;;;;;;;;;;;;;;;;;;;;;;;;;;;;;;;;;;;;;;;;;;;;;;;;;;;X;;;
C1215023402;C12150-23402;COMMUTATEUR DE TRAIN;;REPAIR;;;X;;;;;;;;;;;;;;;;;;;;;;;;;;;;;;;;;;;;;;;;;;;;;;;;;;;;;;;;;;;;;;;;;;;;;;;;;;;;;;;;;X;;;X;;;;;;;;;;;X;;;
C122306;C1-22306;SWITCH, LANDING GEAR;OVERHAUL;;;;X;X;X;X;X;;;X;;;X;;;;X;;;;;;;;;;;;;;;;;;;;;;;;;;;;;;;;;;;;;;;;;;;;;;;;;;;;;;;;;;;;;;;;;;;;;;;;;;;;;;;;X;;;;
C122606;C1-22606;SWITCH, LANDING GEAR;OVERHAUL;;;;X;X;X;X;X;;;X;;;X;;;;X;;;;;;;;;;;;;;;;;;;;;;;;;;;;;;;;;;;;;;;;;;;;;;;;;;;;;;;;;;;;;;;;;;;;;;;;;;;;;;;;X;;;;
C12404AA01;C12404AA01;ATC-TCAS CONTROL PANEL;REPAIR;;;;X;X;X;X;X;;;;;;;;;;;;;X;;;;;X;X;X;X;X;;;;;;;;;;;;;;;;;;;;;;;;;;;;;;;;;;;;;;;;;;;;;;;;;;;;;;;;;;;;;;;;;;;;X;;;;
C12404AB02;C12404AB02;ATC-TCAS CONTROL PANEL;REPAIR;;;;X;X;X;X;X;;;X;;;;;;;;;;X;;;;X;X;X;X;X;X;;;;;;;;;;;;;;;;;;;;;;;;;;;;;;;;;;;;;;;;;;;;;;;;;;;;;;;;;;;;;;;;;;;;X;;;;
C12404BA02;C12404BA02;ATC-TCAS CONTROL PANEL;REPAIR;;;;X;X;X;X;X;;;X;;;;;;;;;;X;;X;X;;;;;;;;;;;;;;;;;;;;;;;;;;;;;;;;;;;;;;;;;;;;;;;;;;;;;;;;;;;;;;;;;;;;;;;;;;X;;;;
C12404BB03;C12404BB03;ATC-TCAS CONTROL PANEL;REPAIR;;;;X;X;X;X;X;;;X;;;;;;;;;;X;;X;X;;;;;;;;;;;;;;;;;;;;;;;;;;;;;;;;;;;;;;;;;;;;;;;;;;;;;;;;;;;;;;;;;;;;;;;;;;X;;;;
C12404EA01;C12404EA01;ATC-TCAS CONTROL PANEL;REPAIR;;;;X;X;X;X;X;;;X;;;;;;;;;;X;;;;;;;;;;;;;;;;;;;;;;;;;;;;;;;;;;;;;;;;;;;;;;;;;;;;;;;;;;;;;;;;;;;;;;;;;;;;;X;;;;
C12404EA02;C12404EA02;ATC-TCAS CONTROL PANEL;REPAIR;;;;X;X;X;X;X;;;X;;;;;;;;;;X;;;;;;;;;;;;;;;;;;;;;;;;;;;;;;;;;;;;;;;;;;;;;;;;;;;;;;;;;;;;;;;;;;;;;;;;;;;;;X;;;;
C12848AA01;C12848AA01;RADIO MANAGEMENT PANEL;REPAIR;;;;X;X;X;X;X;;;;;;;;;;;;;X;;;;X;X;X;X;;;;;;;;;;;;;;;;;;;;;;;;;;;;;;;;;;;;;;;;;;;;;;;;;;;;;;;;;;;;;;;;;;;;;;X;;;;
C12848AB02;C12848AB02;RADIO MANAGEMENT PANEL;REPAIR;;;;X;X;X;X;X;;;;;;;;;;;;;X;;;;X;X;X;X;;;;;;;;;;;;;;;;;;;;;;;;;;;;;;;;;;;;;;;;;;;;;;;;;;;;;;;;;;;;;;;;;;;;;;X;;;;
C12848CA01;C12848CA01;RADIO MANAGAMENT PANEL;REPAIR;;;;X;X;X;X;X;;;;;;;;;;;;;X;;;;X;X;X;X;;;;;;;;;;;;;;;;;;;;;;;;;;;;;;;;;;;;;;;;;;;;;;;;;;;;;;;;;;;;;;;;;;;;;;X;;;;
C12848CB01;C12848CB01;RADIO MANAGEMENT PANEL;REPAIR;;;;X;X;X;X;X;;;;;;;;;;;;;X;;;;X;X;X;X;;;;;;;;;;;;;;;;;;;;;;;;;;;;;;;;;;;;;;;;;;;;;;;;;;;;;;;;;;;;;;;;;;;;;;X;;;;
C12848DA01;C12848DA01;RADIO MANAGAMENT PANEL;REPAIR;;;;X;X;X;X;X;;;;;;;;;;;;;X;;;;X;X;X;X;;;;;;;;;;;;;;;;;;;;;;;;;;;;;;;;;;;;;;;;;;;;;;;;;;;;;;;;;;;;;;;;;;;;;;X;;;;
C12848DB01;C12848DB01;RADIO MANAGEMENT PANEL;REPAIR;;;;X;X;X;X;X;;;;;;;;;;;;;X;;;;X;X;X;X;;;;;;;;;;;;;;;;;;;;;;;;;;;;;;;;;;;;;;;;;;;;;;;;;;;;;;;;;;;;;;;;;;;;;;X;;;;
C12848EA01;C12848EA01;RADIO MANAGAMENT PANEL;REPAIR;;;;X;X;X;X;X;;;;;;;;;;;;;X;;;;X;X;X;X;;;;;;;;;;;;;;;;;;;;;;;;;;;;;;;;;;;;;;;;;;;;;;;;;;;;;;;;;;;;;;;;;;;;;;X;;;;
C12850AA01;C12850AA01;FLIGHT CONTROL UNIT SINGLE AISLE;REPAIR;;;;X;X;X;X;X;;;;;;;;;;;;;X;;;;;;X;;;;;;;;;;;;;;;;;;;;;;;;;;;;;;;;;;;;;;;;;;;;;;;;;;;;;;;;;;;;;;;;;;;;;;;X;;;;
C12850AB02;C12850AB02;FLIGHT CONTROL UNIT SINGLE AISLE;REPAIR;;;;X;X;X;X;;;;;;;;;;;;;;X;;;;;;X;;;;;;;;;;;;;;;;;;;;;;;;;;;;;;;;;;;;;;;;;;;;;;;;;;;;;;;;;;;;;;;;;;;;;;;X;;;;
C12850AC02;C12850AC02;FLIGHT CONTROL UNIT SINGLE AISLE;REPAIR;;;;X;X;X;X;X;;;;;;;;;;;;;X;;;;;;X;;;;;;;;;;;;;;;;;;;;;;;;;;;;;;;;;;;;;;;;;;;;;;;;;;;;;;;;;;;;;;;;;;;;;;;X;;;;
C12850AC03;C12850AC03;FLIGHT CONTROL UNIT SINGLE AISLE;REPAIR;;;;X;X;X;X;X;;;;;;;;;;;;;X;;;;;;X;;;;;;;;;;;;;;;;;;;;;;;;;;;;;;;;;;;;;;;;;;;;;;;;;;;;;;;;;;;;;;;;;;;;;;;X;;;;
C12850BA01;C12850BA01;FLIGHT CONTROL UNIT SINGLE AISLE;REPAIR;;;;X;X;X;X;X;;;;;;;;;;;;;X;;;;;;X;;;;;;;;;;;;;;;;;;;;;;;;;;;;;;;;;;;;;;;;;;;;;;;;;;;;;;;;;;;;;;;;;;;;;;;X;;;;
C12850BB02;C12850BB02;FLIGHT CONTROL UNIT SINGLE AISLE;REPAIR;;;;X;X;X;X;;;;;;;;;;;;;;X;;;;;;X;;;;;;;;;;;;;;;;;;;;;;;;;;;;;;;;;;;;;;;;;;;;;;;;;;;;;;;;;;;;;;;;;;;;;;;X;;;;
C12850BC02;C12850BC02;FLIGHT CONTROL UNIT SINGLE AISLE;REPAIR;;;;X;X;X;X;X;;;;;;;;;;;;;X;;;;;;X;;;;;;;;;;;;;;;;;;;;;;;;;;;;;;;;;;;;;;;;;;;;;;;;;;;;;;;;;;;;;;;;;;;;;;;X;;;;
C12850BC03;C12850BC03;FLIGHT CONTROL UNIT SINGLE AISLE;REPAIR;;;;X;X;X;X;X;;;;;;;;;;;;;X;;;;;;X;;;;;;;;;;;;;;;;;;;;;;;;;;;;;;;;;;;;;;;;;;;;;;;;;;;;;;;;;;;;;;;;;;;;;;;X;;;;
C12850CA01;C12850CA01;FLIGHT CONTROL UNIT SINGLE AISLE;REPAIR;;;;X;X;X;X;X;;;;;;;;;;;;;X;;;;;;X;;;;;;;;;;;;;;;;;;;;;;;;;;;;;;;;;;;;;;;;;;;;;;;;;;;;;;;;;;;;;;;;;;;;;;;X;;;;
C14158AA;C14158AA;ALTIMETER  ( THALES );REPAIR;;;;X;X;X;X;X;;;;;;X;;;;X;;; ;;;; ; ; ; ;;;;;;;;;;;;;;;;;;;;;;;;;;;;;;;;;;;;;;;;;;;;;;;;;;;;;;;;;;;;;;;;;;;;;;X;;;;
C16222AA01;C16222AA01;TORQUE INDICATOR;;REPAIR;;;X;X;X;X;X;;;;;;;;;;;;;;;;;;;;;;;;;;;;;;;;;;;X;X;;;;;;;;;;;;;;;;;;;;;;;;;;;;;;;;;;;;;;;;;;;;;;;;;;;;;;;X;;;
C16235AA;C16235AA;BRAKE PRESSURE INDICATOR;REPAIR;;;;X;X;X;X;X;;;;;;;;;;;;;X;;;;;;;;;X;;;;;;;;;;;;;;;;;;;;;;;;;;;;;;;;;;;;;;;;;;;;;;;;;;;;;;;;;;;;;;;;;;;;X;;;;
C16235CA;C16235CA;BRAKE PRESSURE INDICATOR;REPAIR;;;;X;X;X;X;X;;;;;;;;;;;;;X;;;;;;;;;X;;;;;;;;;;;;;;;;;;;;;;;;;;;;;;;;;;;;;;;;;;;;;;;;;;;;;;;;;;;;;;;;;;;;X;;;;
C16287AA;C16287AA;INDICATOR, TACHOMETER;REPAIR;;;;X;X;X;X;X;;;;;;X;;X;;;;;;;;;;;;;;;;;;;;;;;;;;;;;;;;;;;;;;;;;;;;;;;;;;;;;;;;;;;;;;;;;;;;;;;;;;;;;;;;;;X;;;;
C16287BA;C16287BA;INDICATOR, TACHOMETER;REPAIR;;;;X;X;X;X;X;;;;;;X;;X;;;;;;;;;;;;;;;;;;;;;;;;;;;;;;;;;;;;;;;;;;;;;;;;;;;;;;;;;;;;;;;;;;;;;;;;;;;;;;;;;;X;;;;
C16287CA;C16287CA;INDICATOR, TACHOMETER;REPAIR;;;;X;X;X;X;X;;;;;;X;;X;;;;;;;;;;;;;;;;;;;;;;;;;;;;;;;;;;;;;;;;;;;;;;;;;;;;;;;;;;;;;;;;;;;;;;;;;;;;;;;;;;X;;;;
C16287DA;C16287DA;INDICATOR, TACHOMETER;REPAIR;;;;X;X;X;X;X;;;;;;X;;X;;;;;;;;;;;;;;;;;;;;;;;;;;;;;;;;;;;;;;;;;;;;;;;;;;;;;;;;;;;;;;;;;;;;;;;;;;;;;;;;;;X;;;;
C16291AB;C16291AB;ANGLE OF ATTACK SENSOR;REPAIR;;;;X;X;X;X;X;;;;;;;;;;;;;X;;;X;X;X;X;X;X;;;;;;;;;;;;;;;;;;;;;;;;;;;;;;;;;;;;;;;;;;;;;;;;;;;;;;;;;;;;;;;;;;;;;X;;;;
C16298AA;C16298AA;INDICATOR, TEMPERATURE;REPAIR;;;;X;X;X;X;X;;;;;;X;;;;;X;;;;;;;;;;;;;;;;;;;;;;;;;;;;;;;;;;;;;;;;;;;;;;;;;;;;;;;;;;;;;;;;;;;;;;;;;;;;;;;X;;;;
C20005;C20005;WHEEL, MAIN LANDING GEAR;OVERHAUL;;;;X;X;X;X;X;;;X;;;X;;;;;X;;;;;;;;;;;;;;;;;;;;;;;;;;;;;;;;;;;;;;;;;;;;;;;;;;;;;;;;;;;;;;;;;;;;;;;;;;;;;;;X;;;;
C200391;C20039-1;BRAKE UNIT;OVERHAUL;;;;X;X;X;X;X;;;X;;;X;;;;;X;;;;;;;;;;;;;;;;;;;;;;;;;;;;;;;;;;;;;;;;;;;;;;;;;;;;;;;;;;;;;;;;;;;;;;;;;;;;;;;X;;;;
C200391A;C20039-1A;BRAKE UNIT;OVERHAUL;;;;X;X;X;X;X;;;;;;X;;;;;X;;;;;;;;;;;;;;;;;;;;;;;;;;;;;;;;;;;;;;;;;;;;;;;;;;;;;;;;;;;;;;;;;;;;;;;;;;;;;;;X;;;;
C200391B;C20039-1B;BRAKE UNIT;OVERHAUL;;;;X;X;X;X;X;;;;;;X;;;;;X;;;;;;;;;;;;;;;;;;;;;;;;;;;;;;;;;;;;;;;;;;;;;;;;;;;;;;;;;;;;;;;;;;;;;;;;;;;;;;;X;;;;
C20101303201;C20101303-201;BRAKE SYSTEM CONTROL UNIT;REPAIR;;;;X;X;X;X;X;;;X;;;;;;;;;;X;;X;;;;;;;;;;;;;;;;;;;;;;;;;;;;;;;;;;;;;;;;;;;;;;;;;;;;;;;;;;;;;;;;;;;;;;;;;;;X;;;;
C20101303202;C20101303-202;BRAKE SYSTEM CONTROL UNIT;REPAIR;;;;X;X;X;X;X;;;X;;;;;;;;;;X;;X;;;;;;;;;;;;;;;;;;;;;;;;;;;;;;;;;;;;;;;;;;;;;;;;;;;;;;;;;;;;;;;;;;;;;;;;;;;X;;;;
C20101304201;C20101304-201;BRAKE SYSTEM CONTROL UNIT;REPAIR;;;;X;X;X;X;X;;;X;;;;;;;;;;X;;X;;;;;;;;;;;;;;;;;;;;;;;;;;;;;;;;;;;;;;;;;;;;;;;;;;;;;;;;;;;;;;;;;;;;;;;;;;;X;;;;
C20101304202;C20101304-202;BRAKE SYSTEM CONTROL UNIT;REPAIR;;;;X;X;X;X;X;;;X;;;;;;;;;;X;;X;;;;;;;;;;;;;;;;;;;;;;;;;;;;;;;;;;;;;;;;;;;;;;;;;;;;;;;;;;;;;;;;;;;;;;;;;;;X;;;;
C20101305301;C20101305-301;CONTROL, BRAKE SYSTEM;REPAIR;;;;X;X;X;X;X;;;X;;;;;;;;;;X;;;;;;;;;;;;;;;;;;;;;;;;;;;;;;;;;;;;;;;;;;;;;;;;;;;;;;;;;;;;;;;;;;;;;;;;;;;;;X;;;;
C20101310;C20101310;BRAKE SYSTEM CONTROL UNIT;REPAIR;;;;X;X;X;X;X;;;X;;;;;;;;;;X;;X;;;;;;;;;;;;;;;;;;;;;;;;;;;;;;;;;;;;;;;;;;;;;;;;;;;;;;;;;;;;;;;;;;;;;;;;;;;X;;;;
C20101310001;C20101310-001;CONTROL, BRAKE SYSTEM;REPAIR;;;;X;X;X;X;X;;;X;;;;;;;;;;X;;X;;;;;;;;;;;;;;;;;;;;;;;;;;;;;;;;;;;;;;;;;;;;;;;;;;;;;;;;;;;;;;;;;;;;;;;;;;;X;;;;
C20101310002;C20101310-002;CONTROL, BRAKE SYSTEM;REPAIR;;;;X;X;X;X;X;;;X;;;;;;;;;;X;;X;;;;;;;;;;;;;;;;;;;;;;;;;;;;;;;;;;;;;;;;;;;;;;;;;;;;;;;;;;;;;;;;;;;;;;;;;;;X;;;;
C20101310003;C20101310-003;CONTROL, BRAKE SYSTEM;REPAIR;;;;X;X;X;X;X;;;X;;;;;;;;;;X;;X;;;;;;;;;;;;;;;;;;;;;;;;;;;;;;;;;;;;;;;;;;;;;;;;;;;;;;;;;;;;;;;;;;;;;;;;;;;X;;;;
C20101310300;C20101310-300;BRAKE SYSTEM CONTROL UNIT;REPAIR;;;;X;X;X;X;X;;;X;;;;;;;;;;X;;X;;;;;;;;;;;;;;;;;;;;;;;;;;;;;;;;;;;;;;;;;;;;;;;;;;;;;;;;;;;;;;;;;;;;;;;;;;;X;;;;
C20101310301;C20101310-301;CONTROL, BRAKE SYSTEM;REPAIR;;;;X;X;X;X;X;;;X;;;;;;;;;;X;;X;;;;;;;;;;;;;;;;;;;;;;;;;;;;;;;;;;;;;;;;;;;;;;;;;;;;;;;;;;;;;;;;;;;;;;;;;;;X;;;;
C20101310303;C20101310-303;CONTROL, BRAKE SYSTEM;REPAIR;;;;X;X;X;X;X;;;X;;;;;;;;;;X;;X;;;;;;;;;;;;;;;;;;;;;;;;;;;;;;;;;;;;;;;;;;;;;;;;;;;;;;;;;;;;;;;;;;;;;;;;;;;X;;;;
C20101310400;C20101310-400;BRAKE SYSTEM CONTROL UNIT;REPAIR;;;;X;X;X;X;X;;;X;;;;;;;;;;X;;X;;;;;;;;;;;;;;;;;;;;;;;;;;;;;;;;;;;;;;;;;;;;;;;;;;;;;;;;;;;;;;;;;;;;;;;;;;;X;;;;
C20101310401;C20101310-401;CONTROL, BRAKE SYSTEM;REPAIR;;;;X;X;X;X;X;;;X;;;;;;;;;;X;;X;;;;;;;;;;;;;;;;;;;;;;;;;;;;;;;;;;;;;;;;;;;;;;;;;;;;;;;;;;;;;;;;;;;;;;;;;;;X;;;;
C20101310403;C20101310-403;CONTROL, BRAKE SYSTEM;REPAIR;;;;X;X;X;X;X;;;X;;;;;;;;;;X;;X;;;;;;;;;;;;;;;;;;;;;;;;;;;;;;;;;;;;;;;;;;;;;;;;;;;;;;;;;;;;;;;;;;;;;;;;;;;X;;;;
C20101310501;C20101310-501;CONTROL, BRAKE SYSTEM;REPAIR;;;;X;X;X;X;X;;;X;;X;;;;;;;;X;X;X;;;;;;;;;;;;;;;;;;;;;;;;;;;;;;;;;;;;;;;;;;;;;;;;;;;;;;;;;;;;;;;;;;;;;;;;;;;X;;;;
C20101310502;C20101310-502;CONTROL, BRAKE SYSTEM;REPAIR;;;;X;X;X;X;X;;;X;;;;;;;;;;X;X;X;;;;;;;;;;;;;;;;;;;;;;;;;;;;;;;;;;;;;;;;;;;;;;;;;;;;;;;;;;;;;;;;;;;;;;;;;;;X;;;;
C20101310503;C20101310-503;CONTROL, BRAKE SYSTEM;REPAIR;;;;X;X;X;X;X;;;X;;;;;;;;;;X;;X;;;;;;;;;;;;;;;;;;;;;;;;;;;;;;;;;;;;;;;;;;;;;;;;;;;;;;;;;;;;;;;;;;;;;;;;;;;X;;;;
C20101311;C20101311;CONTROL, BRAKE SYSTEM;REPAIR;;;;X;X;X;X;X;;;X;;;;;;;;;;X;;;;;;;;;;;;;;;;;;;;;;;;;;;;;;;;;;;;;;;;;;;;;;;;;;;;;;;;;;;;;;;;;;;;;;;;;;;;;X;;;;
C20101311001;C20101311-001;CONTROL, BRAKE SYSTEM;REPAIR;;;;X;X;X;X;X;;;X;;;;;;;;;;X;;X;;;;;;;;;;;;;;;;;;;;;;;;;;;;;;;;;;;;;;;;;;;;;;;;;;;;;;;;;;;;;;;;;;;;;;;;;;;X;;;;
C20101311002;C20101311-002;CONTROL, BRAKE SYSTEM;REPAIR;;;;X;X;X;X;X;;;X;;;;;;;;;;X;X;X;;;;;;;;;;;;;;;;;;;;;;;;;;;;;;;;;;;;;;;;;;;;;;;;;;;;;;;;;;;;;;;;;;;;;;;;;;;X;;;;
C20101311003;C20101311-003;CONTROL, BRAKE SYSTEM;REPAIR;;;;X;X;X;X;X;;;X;;;;;;;;;;X;;X;;;;;;;;;;;;;;;;;;;;;;;;;;;;;;;;;;;;;;;;;;;;;;;;;;;;;;;;;;;;;;;;;;;;;;;;;;;X;;;;
C20101311501;C20101311-501;CONTROL, BRAKE SYSTEM;REPAIR;;;;X;X;X;X;X;;;X;;;;;;;;;;X;;X;;;;;;;;;;;;;;;;;;;;;;;;;;;;;;;;;;;;;;;;;;;;;;;;;;;;;;;;;;;;;;;;;;;;;;;;;;;X;;;;
C20101311502;C20101311-502;CONTROL, BRAKE SYSTEM;REPAIR;;;;X;X;X;X;X;;;X;;;;;;;;;;X;X;X;;;;;;;;;;;;;;;;;;;;;;;;;;;;;;;;;;;;;;;;;;;;;;;;;;;;;;;;;;;;;;;;;;;;;;;;;;;X;;;;
C20101311503;C20101311-503;CONTROL, BRAKE SYSTEM;REPAIR;;;;X;X;X;X;X;;;X;;;;;;;;;;X;;;;;;;;;;;;;;;;;;;;;;;;;;;;;;;;;;;;;;;;;;;;;;;;;;;;;;;;;;;;;;;;;;;;;;;;;;;;;X;;;;
C20101600201;C20101600-201;CONTROL, BRAKE SYSTEM;REPAIR;;;;X;X;X;X;X;;;X;;;;;;;;;;X;;;X;;;;;;;;;;;;;;;;;;;;;;;;;;;;;;;;;;;;;;;;;;;;;;;;;;;;;;;;;;;;;;;;;;;;;;;;;;X;;;;
C20101600202;C20101600-202;CONTROL, BRAKE SYSTEM;REPAIR;;;;X;X;X;X;X;;;X;;;;;;;;;;X;X;X;X;;;;;;;;;;;;;;;;;;;;;;;;;;;;;;;;;;;;;;;;;;;;;;;;;;;;;;;;;;;;;;;;;;;;;;;;;;X;;;;
C20101610;C20101610;BRAKE SYSTEM CONTROL UNIT;REPAIR;;;;X;X;X;X;X;;;X;;;;;;;;;;X;;X;X;;;;;;;;;;;;;;;;;;;;;;;;;;;;;;;;;;;;;;;;;;;;;;;;;;;;;;;;;;;;;;;;;;;;;;;;;;X;;;;
C20101610001;C20101610-001;BRAKE SYSTEM CONTROL UNIT;REPAIR;;;;X;X;X;X;X;;;X;;;;;;;;;;X;;X;X;;;;;;;;;;;;;;;;;;;;;;;;;;;;;;;;;;;;;;;;;;;;;;;;;;;;;;;;;;;;;;;;;;;;;;;;;;X;;;;
C20101610002;C20101610-002;BRAKE SYSTEM CONTROL UNIT;REPAIR;;;;X;X;X;X;X;;;X;;;;;;;;;;X;;X;X;;;;;;;;;;;;;;;;;;;;;;;;;;;;;;;;;;;;;;;;;;;;;;;;;;;;;;;;;;;;;;;;;;;;;;;;;;X;;;;
C20101610003;C20101610-003;BRAKE SYSTEM CONTROL UNIT;REPAIR;;;;X;X;X;X;X;;;X;;;;;;;;;;X;;;;;;;;;;;;;;;;;;;;;;;;;;;;;;;;;;;;;;;;;;;;;;;;;;;;;;;;;;;;;;;;;;;;;;;;;;;;;X;;;;
C20101610301;C20101610-301;BRAKE SYSTEM CONTROL UNIT;REPAIR;;;;X;X;X;X;X;;;X;;;;;;;;;;X;X;X;X;;;;;;;;;;;;;;;;;;;;;;;;;;;;;;;;;;;;;;;;;;;;;;;;;;;;;;;;;;;;;;;;;;;;;;;;;;X;;;;
C20101610303;C20101610-303;BRAKE SYSTEM CONTROL UNIT;REPAIR;;;;X;X;X;X;X;;;X;;;;;;;;;;X;X;X;X;;;;;;;;;;;;;;;;;;;;;;;;;;;;;;;;;;;;;;;;;;;;;;;;;;;;;;;;;;;;;;;;;;;;;;;;;;X;;;;
C20101610501;C20101610-501;BRAKE SYSTEM CONTROL UNIT;REPAIR;;;;X;X;X;X;X;;;X;;;;;;;;;;X;;;X;;;;;;;;;;;;;;;;;;;;;;;;;;;;;;;;;;;;;;;;;;;;;;;;;;;;;;;;;;;;;;;;;;;;;;;;;;X;;;;
C20101610502;C20101610-502;BRAKE SYSTEM CONTROL UNIT;REPAIR;;;;X;X;X;X;X;;;X;;;;;;;;;;X;;;X;;;;;;;;;;;;;;;;;;;;;;;;;;;;;;;;;;;;;;;;;;;;;;;;;;;;;;;;;;;;;;;;;;;;;;;;;;X;;;;
C20101610503;C20101610-503;BRAKE SYSTEM CONTROL UNIT;REPAIR;;;;X;X;X;X;X;;;X;;;;;;;;;;X;X;X;X;;;;;;;;;;;;;;;;;;;;;;;;;;;;;;;;;;;;;;;;;;;;;;;;;;;;;;;;;;;;;;;;;;;;;;;;;;X;;;;
C20101614001;C20101614-001;CONTROL, BRAKE SYSTEM;REPAIR;;;;X;X;X;X;X;;;;;;;;;;;;;X;;;X;;;;;;;;;;;;;;;;;;;;;;;;;;;;;;;;;;;;;;;;;;;;;;;;;;;;;;;;;;;;;;;;;;;;;;;;;;X;;;;
C20102000;C20102000;PRESSURE TRANSDUCER;BENCH TEST;;;;X;X;X;X;X;;;;;;;;;;;;;X;;X;X;;;;;;;;;;;;;;;;;;;;;;;;;;;;;;;;;;;;;;;;;;;;;;;;;;;;;;;;;;;;;;;;;;;;;;;;;;X;;;;
C20102001;C20102001;PRESSURE TRANSDUCER;BENCH TEST;;;;X;X;X;X;X;;;;;;;;;;;;;X;;X;X;;;;;;;;;;;;;;;;;;;;;;;;;;;;;;;;;;;;;;;;;;;;;;;;;;;;;;;;;;;;;;;;;;;;;;;;;;X;;;;
C20103000;C20103000;BRAKE SERVOVALVE;OVERHAUL;;;;X;X;X;X;X;;;;;;;;;;;;;X;X;X;X;;;;;;;;;;;;;;;;;;;;;;;;;;;;;;;;;;;;;;;;;;;;;;;;;;;;;;;;;;;;;;;;;;;;;;;;;;X;;;;
C20103100;C20103100;BRAKE SERVOVALVE;OVERHAUL;;;;X;X;X;X;X;;;X;;;;;;;;;;X;;X;X;;;;;;;;;;;;;;;;;;;;;;;;;;;;;;;;;;;;;;;;;;;;;;;;;;;;;;;;;;;;;;;;;;;;;;;;;;X;;;;
C201031001;C20103100-1;BRAKE SERVOVALVE;OVERHAUL;;;;X;X;X;X;X;;;X;;;;;;;;;;X;;;;;;;;;;;;;;;;;;;;;;;;;;;;;;;;;;;;;;;;;;;;;;;;;;;;;;;;;;;;;;;;;;;;;;;;;;;;;X;;;;
C20103100101;C20103100-101;BRAKE SERVOVALVE;OVERHAUL;;;;X;X;X;X;X;;;X;;;;;;;;;;X;X;X;X;X;X;X;X;;;;;;;;;;;;;;;;;;;;;;;;;;;;;;;;;;;;;;;;;;;;;;;;;;;;;;;;;;;;;;;;;;;;;;X;;;;
C20103120;C20103120;BRAKE SERVOVALVE;OVERHAUL;;;;X;X;X;X;X;;;X;;;;;;;;;;X;;;;;;;;;;;;;;;;;;;;;;;;;;;;;;;;;;;;;;;;;;;;;;;;;;;;;;;;;;;;;;;;;;;;;;;;;;;;;X;;;;
C20103500;C20103500;SERVOVALVE-BRAKE;OVERHAUL;;;;X;X;X;X;X;;;X;;;;;;;;;;X;;;;;;;;;;;;;;;;;;;;;;;;;;;;;;;;;;;;;;;;;;;;;;;;;;;;;;;;;;;;;;;;;;;;;;;;;;;;;X;;;;
C20103520;C20103520;SERVO VALVE, BRAKE;OVERHAUL;;;;X;X;X;X;X;;;;;;;;;;;;;X;;;;;;;;;;;;;;;;;;;;;;;;;;;;;;;;;;;;;;;;;;;;;;;;;;;;;;;;;;;;;;;;;;;;;;;;;;;;;X;;;;
C20104000;C20104000;VALVE-MASTER;OVERHAUL;;;;X;X;X;X;X;;;X;;;;;;;;;;X;;X;X;;;;;;;;;;;;;;;;;;;;;;;;;;;;;;;;;;;;;;;;;;;;;;;;;;;;;;;;;;;;;;;;;;;;;;;;;;X;;;;
C20105000;C20105000;TACHOMETER;OVERHAUL;;;;X;X;X;X;X;;;X;;;;;;;;;;X;;X;X;X;X;X;X;;;;;;;;;;;;;;;;;;;;;;;;;;;;;;;;;;;;;;;;;;;;;;;;;;;;;;;;;;;;;;;;;;;;;;X;;;;
C201050001;C20105000-1;TACHOMETER;OVERHAUL;;;;X;X;X;X;X;;;X;;;;;;;;;;X;;X;X;X;X;X;X;;;;;;;;;;;;;;;;;;;;;;;;;;;;;;;;;;;;;;;;;;;;;;;;;;;;;;;;;;;;;;;;;;;;;;X;;;;
C201050002;C20105000-2;TACHOMETER;OVERHAUL;;;;X;X;X;X;X;;;X;;;;;;;;;;X;;X;X;X;X;X;X;;;;;;;;;;;;;;;;;;;;;;;;;;;;;;;;;;;;;;;;;;;;;;;;;;;;;;;;;;;;;;;;;;;;;;X;;;;
C20105100;C20105100;TACHOMETER;OVERHAUL;;;;X;X;X;X;X;;;X;;;;;;;;;;X;;;;;;;;X;X;;;;;;;;;;;;;;;;;;;;;;;;;;;;;;;;;;;;;;;;;;;;;;;;;;;;;;;;;;;;;;;;;;;;X;;;;
C201051001;C20105100-1;TACHOMETER;OVERHAUL;;;;X;X;X;X;X;;;X;;;;;;;;;;X;;;;X;X;X;X;;;;;;;;;;;;;;;;;;;;;;;;;;;;;;;;;;;;;;;;;;;;;;;;;;;;;;;;;;;;;;;;;;;;;;X;;;;
C20147000;C20147000;WHEEL, REAR LANDING GEAR;OVERHAUL;;;;X;X;X;X;X;;;;;;X;;;;;;;;;;;;;;;;;;;;;;;;;;;;;;;;;;;;;;;;;;;;;;;;;;;;;;;;;;;;;;;;;;;;;;;;;;;;;;;;;;;;X;;;;
C20147200;C20147-200;WHEEL, REAR LANDING GEAR;OVERHAUL;;;;X;X;X;X;X;;;X;;;X;;;;;X;;;;;;;;;;;;;;;;;;;;;;;;;;;;;;;;;;;;;;;;;;;;;;;;;;;;;;;;;;;;;;;;;;;;;;;;;;;;;;;X;;;;
C20147200;C20147200;WHEEL, REAR LANDING GEAR;OVERHAUL;;;;X;X;X;X;X;;;X;;;X;;;;;X;;;;;;;;;;;;;;;;;;;;;;;;;;;;;;;;;;;;;;;;;;;;;;;;;;;;;;;;;;;;;;;;;;;;;;;;;;;;;;;X;;;;
C202880001;C20288000-1;RETURN ACCUMULATOR;OVERHAUL;;;;X;X;X;X;X;;;X;;;;;;;;;;X;;;;;;;;X;X;;;;;;;;;;;;;;;;;;;;;;;;;;;;;;;;;;;;;;;;;;;;;;;;;;;;;;;;;;;;;;;;;;;;X;;;;
C202880002;C20288000-2;RETURN ACCUMULATOR;OVERHAUL;;;;X;X;X;X;X;;;X;;;;;;;;;;X;;;;;;;;X;X;;;;;;;;;;;;;;;;;;;;;;;;;;;;;;;;;;;;;;;;;;;;;;;;;;;;;;;;;;;;;;;;;;;;X;;;;
C203740001;C20374000-1;VALVE-SERVO, BRAKE;OVERHAUL;;;;X;X;X;X;X;;;X;;;;;;;;;;X;;;;;;;;;;;;;;;;;;;;;;;;;;;;;;;;;;;;;;;;;;;;;;;;;;;;;;;;;;;;;;;;;;;;;;;;;;;;;X;;;;
C203740002;C20374000-2;SERVOVALVE-BRAKE;OVERHAUL;;;;X;X;X;X;X;;;X;;;;;;;;;;X;;;;;;;;;;;;;;;;;;;;;;;;;;;;;;;;;;;;;;;;;;;;;;;;;;;;;;;;;;;;;;;;;;;;;;;;;;;;;X;;;;
C20525000;C20525000;WHEEL;OVERHAUL;;;;X;X;X;X;X;;;X;;;X;;;;;;;;;;;;;;;;;;;;;;;;;;;;;;;;;;;;;;;;;;;;;;;;;;;;;;;;;;;;;;;;;;;;;;;;;;;;;;;;;;;;X;;;;
C20723000;C20723000;BRAKE WHEEL;OVERHAUL;;;;X;X;X;X;X;;;;;;X;;X;;X;X;;;;;;;;;;;;;;;;;;;;;;;;;;;;;;;;;;;;;;;;;;;;;;;;;;;;;;;;;;;;;;;;;;;;;;;;;;;;;;;X;;;;
C220921006;C22092-1006;NOSE LANDING GEAR;OVERHAUL;;;;X;X;X;X;X;;;X;;;X;;;;X;;;;;;;;;;;;;;;;;;;;;;;;;;;;;;;;;;;;;;;;;;;;;;;;;;;;;;;;;;;;;;;;;;;;;;;;;;;;;;;;X;;;;
C220921006C;C22092-1006-C;NOSE LANDING GEAR;OVERHAUL;;;;X;X;X;X;X;;;;;;X;;;;X;;;;;;;;;;;;;;;;;;;;;;;;;;;;;;;;;;;;;;;;;;;;;;;;;;;;;;;;;;;;;;;;;;;;;;;;;;;;;;;;X;;;;
C220921007;C22092-1007;NOSE LANDING GEAR;OVERHAUL;;;;X;X;X;X;X;;;X;;;X;;;;X;;;;;;;;;;;;;;;;;;;;;;;;;;;;;;;;;;;;;;;;;;;;;;;;;;;;;;;;;;;;;;;;;;;;;;;;;;;;;;;;X;;;;
C220921007C;C22092-1007-C;NOSE LANDING GEAR;OVERHAUL;;;;X;X;X;X;X;;;;;;X;;;;X;;;;;;;;;;;;;;;;;;;;;;;;;;;;;;;;;;;;;;;;;;;;;;;;;;;;;;;;;;;;;;;;;;;;;;;;;;;;;;;;X;;;;
C220921008;C22092-1008;NOSE LANDING GEAR;OVERHAUL;;;;X;X;X;X;X;;;X;;;X;;;;X;;;;;;;;;;;;;;;;;;;;;;;;;;;;;;;;;;;;;;;;;;;;;;;;;;;;;;;;;;;;;;;;;;;;;;;;;;;;;;;;X;;;;
C220921008C;C22092-1008-C;NOSE LANDING GEAR;OVERHAUL;;;;X;X;X;X;X;;;;;;X;;;;X;;;;;;;;;;;;;;;;;;;;;;;;;;;;;;;;;;;;;;;;;;;;;;;;;;;;;;;;;;;;;;;;;;;;;;;;;;;;;;;;X;;;;
C22092105;C22092-10-5;NOSE LANDING GEAR;OVERHAUL;;;;X;X;X;X;X;;;X;;;X;;;;X;;;;;;;;;;;;;;;;;;;;;;;;;;;;;;;;;;;;;;;;;;;;;;;;;;;;;;;;;;;;;;;;;;;;;;;;;;;;;;;;X;;;;
C22092105;C22092-105;NOSE LANDING GEAR;OVERHAUL;;;;X;X;X;X;X;;;X;;;X;;;;X;;;;;;;;;;;;;;;;;;;;;;;;;;;;;;;;;;;;;;;;;;;;;;;;;;;;;;;;;;;;;;;;;;;;;;;;;;;;;;;;X;;;;
C22092105B;C22092-10-5B;NOSE LANDING GEAR;OVERHAUL;;;;X;X;X;X;X;X;;;;;X;;;;X;;;;;;;;;;;;;;;;;;;;;;;;;;;;;;;;;;;;;;;;;;;;;;;;;;;;;;;;;;;;;;;;;;;;;;;;;;;;;;;;X;;;;
C22092105C;C22092-105C;NOSE LANDING GEAR;OVERHAUL;;;;X;X;X;X;X;X;;;;;X;;;;X;;;;;;;;;;;;;;;;;;;;;;;;;;;;;;;;;;;;;;;;;;;;;;;;;;;;;;;;;;;;;;;;;;;;;;;;;;;;;;;;X;;;;
C22092106;C22092-106;NOSE LANDING GEAR;OVERHAUL;;;;X;X;X;X;X;;;X;;;X;;;;X;;;;;;;;;;;;;;;;;;;;;;;;;;;;;;;;;;;;;;;;;;;;;;;;;;;;;;;;;;;;;;;;;;;;;;;;;;;;;;;;X;;;;
C22092107;C22092-107;NOSE LANDING GEAR;OVERHAUL;;;;X;X;X;X;X;;;X;;;X;;;;X;;;;;;;;;;;;;;;;;;;;;;;;;;;;;;;;;;;;;;;;;;;;;;;;;;;;;;;;;;;;;;;;;;;;;;;;;;;;;;;;X;;;;
C220921M4;C22092-1M4;NOSE LANDING GEAR;OVERHAUL;;;;X;X;X;X;X;;;X;;;X;;;;X;;;;;;;;;;;;;;;;;;;;;;;;;;;;;;;;;;;;;;;;;;;;;;;;;;;;;;;;;;;;;;;;;;;;;;;;;;;;;;;;X;;;;
C220921M4B;C22092-1M4B;NOSE LANDING GEAR;OVERHAUL;;;;X;X;X;X;X;X;;;;;X;;;;X;;;;;;;;;;;;;;;;;;;;;;;;;;;;;;;;;;;;;;;;;;;;;;;;;;;;;;;;;;;;;;;;;;;;;;;;;;;;;;;;X;;;;
C22092M2;C22092-M2;NOSE LANDING GEAR;OVERHAUL;;;;X;X;X;X;X;;;;;;X;;;;X;;;;;;;;;;;;;;;;;;;;;;;;;;;;;;;;;;;;;;;;;;;;;;;;;;;;;;;;;;;;;;;;;;;;;;;;;;;;;;;;X;;;;
C22093;C22093;MAIN LANDING GEAR;OVERHAUL;;;;X;X;X;X;X;X;;;;;X;;;;X;;;;;;;;;;;;;;;;;;;;;;;;;;;;;;;;;;;;;;;;;;;;;;;;;;;;;;;;;;;;;;;;;;;;;;;;;;;;;;;;X;;;;
C220931003;C22093-1003;MAIN LANDING GEAR;OVERHAUL;;;;X;X;X;X;X;;;;;X;X;;;;X;;;;;;;;;;;;;;;;;;;;;;;;;;;;;;;;;;;;;;;;;;;;;;;;;;;;;;;;;;;;;;;;;;;;;;;;;;;;;;;;X;;;;
C220931004;C22093-1004;MAIN LANDING GEAR;OVERHAUL;;;;X;X;X;X;X;;;;;X;X;;;;X;;;;;;;;;;;;;;;;;;;;;;;;;;;;;;;;;;;;;;;;;;;;;;;;;;;;;;;;;;;;;;;;;;;;;;;;;;;;;;;;X;;;;
C220931004A;C22093-1004A;MAIN LANDING GEAR;OVERHAUL;;;;X;X;X;X;X;X;;;;;X;;;;X;;;;;;;;;;;;;;;;;;;;;;;;;;;;;;;;;;;;;;;;;;;;;;;;;;;;;;;;;;;;;;;;;;;;;;;;;;;;;;;;X;;;;
C220931004C;C22093-1004-C;MAIN LANDING GEAR;OVERHAUL;;;;X;X;X;X;X;X;;;;;X;;;;X;;;;;;;;;;;;;;;;;;;;;;;;;;;;;;;;;;;;;;;;;;;;;;;;;;;;;;;;;;;;;;;;;;;;;;;;;;;;;;;;X;;;;
C220931004D;C22093-1004D;MAIN LANDING GEAR;OVERHAUL;;;;X;X;X;X;X;X;;;;;X;;;;X;;;;;;;;;;;;;;;;;;;;;;;;;;;;;;;;;;;;;;;;;;;;;;;;;;;;;;;;;;;;;;;;;;;;;;;;;;;;;;;;X;;;;
C220931005;C22093-1005;MAIN LANDING GEAR;OVERHAUL;;;;X;X;X;X;X;;;;;X;X;;;;X;;;;;;;;;;;;;;;;;;;;;;;;;;;;;;;;;;;;;;;;;;;;;;;;;;;;;;;;;;;;;;;;;;;;;;;;;;;;;;;;X;;;;
C220931006;C22093-1006;MAIN LANDING GEAR;OVERHAUL;;;;X;X;X;X;X;;;;;X;X;;;;X;;;;;;;;;;;;;;;;;;;;;;;;;;;;;;;;;;;;;;;;;;;;;;;;;;;;;;;;;;;;;;;;;;;;;;;;;;;;;;;;X;;;;
C220931006D;C22093-1006D;MAIN LANDING GEAR;OVERHAUL;;;;X;X;X;X;X;X;;;;;X;;;;X;;;;;;;;;;;;;;;;;;;;;;;;;;;;;;;;;;;;;;;;;;;;;;;;;;;;;;;;;;;;;;;;;;;;;;;;;;;;;;;;X;;;;
C220931006D;C22093-1006-D;MAIN LANDING GEAR;OVERHAUL;;;;X;X;X;X;X;X;;;;;X;;;;X;;;;;;;;;;;;;;;;;;;;;;;;;;;;;;;;;;;;;;;;;;;;;;;;;;;;;;;;;;;;;;;;;;;;;;;;;;;;;;;;X;;;;
C22093102;C22093-10-2;MAIN LANDING GEAR;OVERHAUL;;;;X;X;X;X;X;;;;;X;X;;;;X;;;;;;;;;;;;;;;;;;;;;;;;;;;;;;;;;;;;;;;;;;;;;;;;;;;;;;;;;;;;;;;;;;;;;;;;;;;;;;;;X;;;;
C22093102A;C22093-10-2A;MAIN LANDING GEAR;OVERHAUL;;;;X;X;X;X;X;X;;;;;X;;;;X;;;;;;;;;;;;;;;;;;;;;;;;;;;;;;;;;;;;;;;;;;;;;;;;;;;;;;;;;;;;;;;;;;;;;;;;;;;;;;;;X;;;;
C22093106;C22093-106;MAIN LANDING GEAR;OVERHAUL;;;;X;X;X;X;X;;;;;X;X;;;;X;;;;;;;;;;;;;;;;;;;;;;;;;;;;;;;;;;;;;;;;;;;;;;;;;;;;;;;;;;;;;;;;;;;;;;;;;;;;;;;;X;;;;
C22093106D;C22093-106D;MAIN LANDING GEAR;OVERHAUL;;;;X;X;X;X;X;X;;;;;X;;;;X;;;;;;;;;;;;;;;;;;;;;;;;;;;;;;;;;;;;;;;;;;;;;;;;;;;;;;;;;;;;;;;;;;;;;;;;;;;;;;;;X;;;;
C220932006;C22093-2006;MAIN LANDING GEAR;OVERHAUL;;;;X;X;X;X;X;;;;;X;X;;;;X;;;;;;;;;;;;;;;;;;;;;;;;;;;;;;;;;;;;;;;;;;;;;;;;;;;;;;;;;;;;;;;;;;;;;;;;;;;;;;;;X;;;;
C220932006C;C22093-2006C;MAIN LANDING GEAR;OVERHAUL;;;;X;X;X;X;X;X;;;;;X;;;;X;;;;;;;;;;;;;;;;;;;;;;;;;;;;;;;;;;;;;;;;;;;;;;;;;;;;;;;;;;;;;;;;;;;;;;;;;;;;;;;;X;;;;
C220932006D;C22093-2006D;MAIN LANDING GEAR;OVERHAUL;;;;X;X;X;X;X;X;;;;;X;;;;X;;;;;;;;;;;;;;;;;;;;;;;;;;;;;;;;;;;;;;;;;;;;;;;;;;;;;;;;;;;;;;;;;;;;;;;;;;;;;;;;X;;;;
C220933;C22093-3;MAIN LANDING GEAR;OVERHAUL;;;;X;X;X;X;X;;;;;X;X;;;;X;;;;;;;;;;;;;;;;;;;;;;;;;;;;;;;;;;;;;;;;;;;;;;;;;;;;;;;;;;;;;;;;;;;;;;;;;;;;;;;;X;;;;
C220934;C22093-4;MAIN LANDING GEAR;OVERHAUL;;;;X;X;X;X;X;;;;;X;X;;;;X;;;;;;;;;;;;;;;;;;;;;;;;;;;;;;;;;;;;;;;;;;;;;;;;;;;;;;;;;;;;;;;;;;;;;;;;;;;;;;;;X;;;;
C220934D;C22093-4D;MAIN LANDING GEAR;OVERHAUL;;;;X;X;X;X;X;X;;;;;X;;;;X;;;;;;;;;;;;;;;;;;;;;;;;;;;;;;;;;;;;;;;;;;;;;;;;;;;;;;;;;;;;;;;;;;;;;;;;;;;;;;;;X;;;;
C220935;C22093-5;MAIN LANDING GEAR;OVERHAUL;;;;X;X;X;X;X;;;;;X;X;;;;X;;;;;;;;;;;;;;;;;;;;;;;;;;;;;;;;;;;;;;;;;;;;;;;;;;;;;;;;;;;;;;;;;;;;;;;;;;;;;;;;X;;;;
C220936;C22093-6;MAIN LANDING GEAR;OVERHAUL;;;;X;X;X;X;X;;;;;X;X;;;;X;;;;;;;;;;;;;;;;;;;;;;;;;;;;;;;;;;;;;;;;;;;;;;;;;;;;;;;;;;;;;;;;;;;;;;;;;;;;;;;;X;;;;
C220936D;C22093-6D;MAIN LANDING GEAR;OVERHAUL;;;;X;X;X;X;X;X;;;;;X;;;;X;;;;;;;;;;;;;;;;;;;;;;;;;;;;;;;;;;;;;;;;;;;;;;;;;;;;;;;;;;;;;;;;;;;;;;;;;;;;;;;;X;;;;
C22093M2;C22093M2;MAIN LANDING GEAR;OVERHAUL;;;;X;X;X;X;X;;;X;;;X;;;;X;;;;;;;;;;;;;;;;;;;;;;;;;;;;;;;;;;;;;;;;;;;;;;;;;;;;;;;;;;;;;;;;;;;;;;;;;;;;;;;;X;;;;
C22093M2;C22093-M2;MAIN LANDING GEAR;OVERHAUL;;;;X;X;X;X;X;X;;;;;X;;;;X;;;;;;;;;;;;;;;;;;;;;;;;;;;;;;;;;;;;;;;;;;;;;;;;;;;;;;;;;;;;;;;;;;;;;;;;;;;;;;;;X;;;;
C22093M2A;C22093-M2A;MAIN LANDING GEAR;OVERHAUL;;;;X;X;X;X;X;X;;;;;X;;;;X;;;;;;;;;;;;;;;;;;;;;;;;;;;;;;;;;;;;;;;;;;;;;;;;;;;;;;;;;;;;;;;;;;;;;;;;;;;;;;;;X;;;;
C22150;C22150;ACCU;OVERHAUL;;;;X;X;X;X;X;;;;;;X;;;;X;;;;;;;;;;;;;;;;;;;;;;;;;;;;;;;;;;;;;;;;;;;;;;;;;;;;;;;;;;;;;;;;;;;;;;;;;;;;;;;;X;;;;
C221541;C22154-1;COMMUTATEUR DE TRAIN;;REPAIR;;;X;;;;;;;;;;;;;;;;;;;;;;;;;;;;;;;;;;;;;;; ;;;;;;;;;;;;;;;;;;;;;;;;;;;;;;;;;;;;;;;;;;X;;;X;;;;;;;;;;;X;;;
C22740005;C22740005;CONTROL, STEERING NLG;OVERHAUL;;;;X;X;X;X;X;;;X;;;;;;;;;;X;;;;;;;;;;;;;;;;;;;;;;;;;;;;;;;;;;;;;;;;;;;;;;;;;;;;;;;;;;;;;;;;;;;;;;;;;;;;;X;;;;
C227400051;C22740005-1;CONTROL, STEERING NLG;OVERHAUL;;;;X;X;X;X;X;;;X;;;;;;;;;;X;;;;;;;;;;;;;;;;;;;;;;;;;;;;;;;;;;;;;;;;;;;;;;;;;;;;;;;;;;;;;;;;;;;;;;;;;;;;;X;;;;
C227400052;C22740005-2;CONTROL UNIT-NOSE WHEEL STEERING;OVERHAUL;;;;X;X;X;X;X;;;X;;;;;;;;;;X;;;;;;;;;;;;;;;;;;;;;;;;;;;;;;;;;;;;;;;;;;;;;;;;;;;;;;;;;;;;;;;;;;;;;;;;;;;;;X;;;;
C23005;C23005;DAMPER, PITCH;OVERHAUL;;;;X;X;X;X;X;;;X;;;;;;;;;;X;X;X;X;X;X;X;X;X;X;;;;;;;;;;;;;;;;;;;;;;;;;;;;;;;;;;;;;;;;;;;;;;;;;;;;;;;;;;;;;;;;;;;;X;;;;
C2300503;C23005-0-3;DAMPER, PITCH;OVERHAUL;;;;X;X;X;X;X;;;X;;;;;;;;;;X;;;;;;;;;;;;;;;;;;;;;;;;;;;;;;;;;;;;;;;;;;;;;;;;;;;;;;;;;;;;;;;;;;;;;;;;;;;;;X;;;;
C230051;C23005-1;DAMPER, PITCH;OVERHAUL;;;;X;X;X;X;X;;;X;;;;;;;;;;X;;;;;;;;;;;;;;;;;;;;;;;;;;;;;;;;;;;;;;;;;;;;;;;;;;;;;;;;;;;;;;;;;;;;;;;;;;;;;X;;;;
C230052;C23005-2;DAMPER, PITCH;OVERHAUL;;;;X;X;X;X;X;;;X;;;;;;;;;;X;X;X;X;X;X;X;X;X;X;;;;;;;;;;;;;;;;;;;;;;;;;;;;;;;;;;;;;;;;;;;;;;;;;;;;;;;;;;;;;;;;;;;;X;;;;
C23005201;C23005-201;DAMPER, PITCH;OVERHAUL;;;;X;X;X;X;X;;;X;;;;;;;;;;X;;;;;;;;;;;;;;;;;;;;;;;;;;;;;;;;;;;;;;;;;;;;;;;;;;;;;;;;;;;;;;;;;;;;;;;;;;;;;X;;;;
C230053;C23005-3;DAMPER, PITCH;OVERHAUL;;;;X;X;X;X;X;;;X;;;;;;;;;;X;;;;;;;;;;;;;;;;;;;;;;;;;;;;;;;;;;;;;;;;;;;;;;;;;;;;;;;;;;;;;;;;;;;;;;;;;;;;;X;;;;
C23005301;C23005-301;DAMPER, PITCH;OVERHAUL;;;;X;X;X;X;X;;;X;;;;;;;;;;X;;;;;;;;;;;;;;;;;;;;;;;;;;;;;;;;;;;;;;;;;;;;;;;;;;;;;;;;;;;;;;;;;;;;;;;;;;;;;X;;;;
C23005302;C23005-302;DAMPER, PITCH;OVERHAUL;;;;X;X;X;X;X;;;X;;;;;;;;;;X;;;;;;;;;;;;;;;;;;;;;;;;;;;;;;;;;;;;;;;;;;;;;;;;;;;;;;;;;;;;;;;;;;;;;;;;;;;;;X;;;;
C23005303;C23005-303;DAMPER, PITCH;OVERHAUL;;;;X;X;X;X;X;;;X;;;;;;;;;;X;;;;;;;;;;;;;;;;;;;;;;;;;;;;;;;;;;;;;;;;;;;;;;;;;;;;;;;;;;;;;;;;;;;;;;;;;;;;;X;;;;
C230054;C23005-4;DAMPER, PITCH;OVERHAUL;;;;X;X;X;X;X;;;X;;;;;;;;;;X;;;;;;;;;;;;;;;;;;;;;;;;;;;;;;;;;;;;;;;;;;;;;;;;;;;;;;;;;;;;;;;;;;;;;;;;;;;;;X;;;;
C230055;C23005-5;DAMPER, PITCH;OVERHAUL;;;;X;X;X;X;X;;;X;;;;;;;;;;X;;;;;;;;;;;;;;;;;;;;;;;;;;;;;;;;;;;;;;;;;;;;;;;;;;;;;;;;;;;;;;;;;;;;;;;;;;;;;X;;;;
C230056;C23005-6;DAMPER-PITCH;OVERHAUL;;;;X;X;X;X;X;;;X;;;;;;;;;;X;;;;;;;;;;;;;;;;;;;;;;;;;;;;;;;;;;;;;;;;;;;;;;;;;;;;;;;;;;;;;;;;;;;;;;;;;;;;;X;;;;
C2303228;C23032-2-8;CYLINDER, ACTUATING;OVERHAUL;;;;X;X;X;X;X;;;;;;;;;;;;;X;;;;;;;;;;;;;;;;;;;;;;;;;;;;;;;;;;;;;;;;;;;;;;;;;;;;;;;;;;;;;;;;;;;;;;;;;;;;;X;;;;
C23034414;C23034-414;CYLINDER, ACTUATING;OVERHAUL;;;;X;X;X;X;X;;;;;;;;;;;;;X;;;;;;;;;;;;;;;;;;;;;;;;;;;;;;;;;;;;;;;;;;;;;;;;;;;;;;;;;;;;;;;;;;;;;;;;;;;;;X;;;;
C230354;C23035-4;ACTUATING CYLINDER;OVERHAUL;;;;X;X;X;X;X;;;;;;;;;;;;;X;X;X;X;X;X;X;X;X;X;;;;;;;;;;;;;;;;;;;;;;;;;;;;;;;;;;;;;;;;;;;;;;;;;;;;;;;;;;;;;;;;;;;;X;;;;
C23035409;C23035-409;ACTUATING CYLINDER;OVERHAUL;;;;X;X;X;X;X;;;;;;;;;;;;;X;X;X;X;;;;;;;;;;;;;;;;;;;;;;;;;;;;;;;;;;;;;;;;;;;;;;;;;;;;;;;;;;;;;;;;;;;;;;;;;;X;;;;
C23035410;C23035-410;ACTUATING CYLINDER;OVERHAUL;;;;X;X;X;X;X;;;;;;;;;;;;;X;X;X;X;;;;;;;;;;;;;;;;;;;;;;;;;;;;;;;;;;;;;;;;;;;;;;;;;;;;;;;;;;;;;;;;;;;;;;;;;;X;;;;
C23035411;C23035-411;ACTUATING CYLINDER;OVERHAUL;;;;X;X;X;X;X;;;;;;;;;;;;;X;X;X;X;;;;;;;;;;;;;;;;;;;;;;;;;;;;;;;;;;;;;;;;;;;;;;;;;;;;;;;;;;;;;;;;;;;;;;;;;;X;;;;
C23035412;C23035-412;ACTUATING CYLINDER;OVERHAUL;;;;X;X;X;X;X;;;;;;;;;;;;;X;X;X;X;X;X;X;X;X;X;;;;;;;;;;;;;;;;;;;;;;;;;;;;;;;;;;;;;;;;;;;;;;;;;;;;;;;;;;;;;;;;;;;;X;;;;
C23035413;C23035-413;ACTUATING CYLINDER;OVERHAUL;;;;X;X;X;X;X;;;;;;;;;;;;;X;X;X;X;X;X;X;X;X;X;;;;;;;;;;;;;;;;;;;;;;;;;;;;;;;;;;;;;;;;;;;;;;;;;;;;;;;;;;;;;;;;;;;;X;;;;
C2303548;C23035-4-8;ACTUATING CYLINDER;OVERHAUL;;;;X;X;X;X;X;;;;;;;;;;;;;X;X;X;X;;;;;;;;;;;;;;;;;;;;;;;;;;;;;;;;;;;;;;;;;;;;;;;;;;;;;;;;;;;;;;;;;;;;;;;;;;X;;;;
C230381;C23038-1;CYLINDER, ACTUATING NLG;OVERHAUL;;;;X;X;X;X;X;;;X;;;;;;;;;;X;;;;;;;;;;;;;;;;;;;;;;;;;;;;;;;;;;;;;;;;;;;;;;;;;;;;;;;;;;;;;;;;;;;;;;;;;;;;;X;;;;
C230382;C23038-2;CYLINDER, ACTUATING NLG;OVERHAUL;;;;X;X;X;X;X;;;X;;;;;;;;;;X;X;X;X;;;;;;;;;;;;;;;;;;;;;;;;;;;;;;;;;;;;;;;;;;;;;;;;;;;;;;;;;;;;;;;;;;;;;;;;;;X;;;;
C230384;C23038-4;CYLINDER, ACTUATING NLG;OVERHAUL;;;;X;X;X;X;X;;;X;;;;;;;;;;X;X;X;X;;;;;;;;;;;;;;;;;;;;;;;;;;;;;;;;;;;;;;;;;;;;;;;;;;;;;;;;;;;;;;;;;;;;;;;;;;X;;;;
C23038403;C23038-403;CYLINDER, ACTUATING NLG;OVERHAUL;;;;X;X;X;X;X;;;X;;;;;;;;;;X;X;X;X;;;;;;;;;;;;;;;;;;;;;;;;;;;;;;;;;;;;;;;;;;;;;;;;;;;;;;;;;;;;;;;;;;;;;;;;;;X;;;;
C23038404;C23038-404;CYLINDER, ACTUATING NLG;OVERHAUL;;;;X;X;X;X;X;;;X;;;;;;;;;;X;X;X;X;;;;;;;;;;;;;;;;;;;;;;;;;;;;;;;;;;;;;;;;;;;;;;;;;;;;;;;;;;;;;;;;;;;;;;;;;;X;;;;
C2303841;C23038-4-1;CYLINDER, ACTUATING NLG;OVERHAUL;;;;X;X;X;X;X;;;X;;;;;;;;;;X;X;X;X;;;;;;;;;;;;;;;;;;;;;;;;;;;;;;;;;;;;;;;;;;;;;;;;;;;;;;;;;;;;;;;;;;;;;;;;;;X;;;;
C2303842;C23038-4-2;CYLINDER, ACTUATING NLG;OVERHAUL;;;;X;X;X;X;X;;;X;;;;;;;;;;X;X;X;X;;;;;;;;;;;;;;;;;;;;;;;;;;;;;;;;;;;;;;;;;;;;;;;;;;;;;;;;;;;;;;;;;;;;;;;;;;X;;;;
C23089;C23089;BOX, INTERPHONE;OVERHAUL;;;;X;X;X;X;X;;;;;;;;;;;;;X;X;X;X;X;X;X;X;X;X;;;;;;;;;;;;;;;;;;;;;;;;;;;;;;;;;;;;;;;;;;;;;;;;;;;;;;;;;;;;;;;;;;;;X;;;;
C230890;C23089-0;BOX, INTERPHONE;OVERHAUL;;;;X;X;X;X;X;;;;;;;;;;;;;X;X;X;X;X;X;X;X;X;X;;;;;;;;;;;;;;;;;;;;;;;;;;;;;;;;;;;;;;;;;;;;;;;;;;;;;;;;;;;;;;;;;;;;X;;;;
C2308901;C23089-0-1;BOX, INTERPHONE;OVERHAUL;;;;X;X;X;X;X;;;;;;;;;;;;;X;X;X;X;X;X;X;X;X;X;;;;;;;;;;;;;;;;;;;;;;;;;;;;;;;;;;;;;;;;;;;;;;;;;;;;;;;;;;;;;;;;;;;;X;;;;
C23089010;C23089010;ELECTRICAL-BOX;OVERHAUL;;;;X;X;X;X;X;;;;;;;;;;;;;X;;;;;;;;;;;;;;;;;;;;;;;;;;;;;;;;;;;;;;;;;;;;;;;;;;;;;;;;;;;;;;;;;;;;;;;;;;;;;X;;;;
C230890101;C23089010-1;ELECTRICAL-BOX;OVERHAUL;;;;X;X;X;X;X;;;;;;;;;;;;;X;;;;;;;;;;;;;;;;;;;;;;;;;;;;;;;;;;;;;;;;;;;;;;;;;;;;;;;;;;;;;;;;;;;;;;;;;;;;;X;;;;
C2308902;C23089-0-2;BOX, INTERPHONE;OVERHAUL;;;;X;X;X;X;X;;;;;;;;;;;;;X;X;X;X;X;X;X;X;X;X;;;;;;;;;;;;;;;;;;;;;;;;;;;;;;;;;;;;;;;;;;;;;;;;;;;;;;;;;;;;;;;;;;;;X;;;;
C2308910;C23089-10;BOX, INTERPHONE;OVERHAUL;;;;X;X;X;X;X;;;;;;;;;;;;;X;;;;;;;;;;;;;;;;;;;;;;;;;;;;;;;;;;;;;;;;;;;;;;;;;;;;;;;;;;;;;;;;;;;;;;;;;;;;;X;;;;
C230891001;C23089-1001;BOX, INTERPHONE;OVERHAUL;;;;X;X;X;X;X;;;;;;;;;;;;;X;;;;;;;;;;;;;;;;;;;;;;;;;;;;;;;;;;;;;;;;;;;;;;;;;;;;;;;;;;;;;;;;;;;;;;;;;;;;;X;;;;
C23118;C23118;CYLINDER, ACTUATING;OVERHAUL;;;;X;X;X;X;X;;;X;;;;;;;;;;X;;;;;;;;;;;;;;;;;;;;;;;;;;;;;;;;;;;;;;;;;;;;;;;;;;;;;;;;;;;;;;;;;;;;;;;;;;;;;X;;;;
C2311802;C23118-0-2;CYLINDER, ACTUATING;OVERHAUL;;;;X;X;X;X;X;;;X;;;;;;;;;;X;;;;;;;;;;;;;;;;;;;;;;;;;;;;;;;;;;;;;;;;;;;;;;;;;;;;;;;;;;;;;;;;;;;;;;;;;;;;;X;;;;
C2311806;C23118-0-6;CYLINDER, ACTUATING;OVERHAUL;;;;X;X;X;X;X;;;X;;;;;;;;;;X;X;X;X;X;X;X;X;X;X;;;;;;;;;;;;;;;;;;;;;;;;;;;;;;;;;;;;;;;;;;;;;;;;;;;;;;;;;;;;;;;;;;;;X;;;;
C2311807;C23118-0-7;CYLINDER, ACTUATING;OVERHAUL;;;;X;X;X;X;X;;;X;;;;;;;;;;X;X;X;X;X;X;X;X;X;X;;;;;;;;;;;;;;;;;;;;;;;;;;;;;;;;;;;;;;;;;;;;;;;;;;;;;;;;;;;;;;;;;;;;X;;;;
C2311808;C23118-0-8;CYLINDER, ACTUATING;OVERHAUL;;;;X;X;X;X;X;;;X;;;;;;;;;;X;X;X;X;X;X;X;X;X;X;;;;;;;;;;;;;;;;;;;;;;;;;;;;;;;;;;;;;;;;;;;;;;;;;;;;;;;;;;;;;;;;;;;;X;;;;
C2311809;C23118-0-9;CYLINDER, ACTUATING;OVERHAUL;;;;X;X;X;X;X;;;X;;;;;;;;;;X;;;;;;;;;;;;;;;;;;;;;;;;;;;;;;;;;;;;;;;;;;;;;;;;;;;;;;;;;;;;;;;;;;;;;;;;;;;;;X;;;;
C23118110;C23118-1-10;CYLINDER, ACTUATING;OVERHAUL;;;;X;X;X;X;X;;;X;;;;;;;;;;X;;;;;;;;;;;;;;;;;;;;;;;;;;;;;;;;;;;;;;;;;;;;;;;;;;;;;;;;;;;;;;;;;;;;;;;;;;;;;X;;;;
C2311816;C23118-1-6;CYLINDER, ACTUATING;OVERHAUL;;;;X;X;X;X;X;;;X;;;;;;;;;;X;X;X;X;X;X;X;X;X;X;;;;;;;;;;;;;;;;;;;;;;;;;;;;;;;;;;;;;;;;;;;;;;;;;;;;;;;;;;;;;;;;;;;;X;;;;
C2311817;C23118-1-7;CYLINDER, ACTUATING;OVERHAUL;;;;X;X;X;X;X;;;X;;;;;;;;;;X;X;X;X;X;X;X;X;X;X;;;;;;;;;;;;;;;;;;;;;;;;;;;;;;;;;;;;;;;;;;;;;;;;;;;;;;;;;;;;;;;;;;;;X;;;;
C2311818;C23118-1-8;CYLINDER, ACTUATING;OVERHAUL;;;;X;X;X;X;X;;;X;;;;;;;;;;X;X;X;X;X;X;X;X;X;X;;;;;;;;;;;;;;;;;;;;;;;;;;;;;;;;;;;;;;;;;;;;;;;;;;;;;;;;;;;;;;;;;;;;X;;;;
C2311819;C23118-1-9;CYLINDER, ACTUATING;OVERHAUL;;;;X;X;X;X;X;;;X;;;;;;;;;;X;X;X;X;X;X;X;X;X;X;;;;;;;;;;;;;;;;;;;;;;;;;;;;;;;;;;;;;;;;;;;;;;;;;;;;;;;;;;;;;;;;;;;;X;;;;
C23119;C23119;CYLINDER, ACTUATING;OVERHAUL;;;;X;X;X;X;X;;;;;;;;;;;;;X;;;;;;;;;;;;;;;;;;;;;;;;;;;;;;;;;;;;;;;;;;;;;;;;;;;;;;;;;;;;;;;;;;;;;;;;;;;;;X;;;;
C2311906;C23119-0-6;CYLINDER, ACTUATING;OVERHAUL;;;;X;X;X;X;X;;;;;;;;;;;;;X;X;X;X;X;X;X;X;X;X;;;;;;;;;;;;;;;;;;;;;;;;;;;;;;;;;;;;;;;;;;;;;;;;;;;;;;;;;;;;;;;;;;;;X;;;;
C2311907;C23119-0-7;CYLINDER, ACTUATING;OVERHAUL;;;;X;X;X;X;X;;;;;;;;;;;;;X;X;X;X;X;X;X;X;X;X;;;;;;;;;;;;;;;;;;;;;;;;;;;;;;;;;;;;;;;;;;;;;;;;;;;;;;;;;;;;;;;;;;;;X;;;;
C2311908;C23119-0-8;CYLINDER, ACTUATING;OVERHAUL;;;;X;X;X;X;X;;;;;;;;;;;;;X;X;X;X;X;X;X;X;X;X;;;;;;;;;;;;;;;;;;;;;;;;;;;;;;;;;;;;;;;;;;;;;;;;;;;;;;;;;;;;;;;;;;;;X;;;;
C2311909;C23119-0-9;CYLINDER, ACTUATING;OVERHAUL;;;;X;X;X;X;X;;;;;;;;;;;;;X;X;X;X;X;X;X;X;X;X;;;;;;;;;;;;;;;;;;;;;;;;;;;;;;;;;;;;;;;;;;;;;;;;;;;;;;;;;;;;;;;;;;;;X;;;;
C2311916;C23119-1-6;CYLINDER, ACTUATING;OVERHAUL;;;;X;X;X;X;X;;;;;;;;;;;;;X;;;;;;;;;;;;;;;;;;;;;;;;;;;;;;;;;;;;;;;;;;;;;;;;;;;;;;;;;;;;;;;;;;;;;;;;;;;;;X;;;;
C2311917;C23119-1-7;CYLINDER, ACTUATING;OVERHAUL;;;;X;X;X;X;X;;;;;;;;;;;;;X;X;X;X;X;X;X;X;X;X;;;;;;;;;;;;;;;;;;;;;;;;;;;;;;;;;;;;;;;;;;;;;;;;;;;;;;;;;;;;;;;;;;;;X;;;;
C2311918;C23119-1-8;CYLINDER, ACTUATING;OVERHAUL;;;;X;X;X;X;X;;;;;;;;;;;;;X;X;X;X;X;X;X;X;X;X;;;;;;;;;;;;;;;;;;;;;;;;;;;;;;;;;;;;;;;;;;;;;;;;;;;;;;;;;;;;;;;;;;;;X;;;;
C2311919;C23119-1-9;CYLINDER, ACTUATING;OVERHAUL;;;;X;X;X;X;X;;;;;;;;;;;;;X;X;X;X;X;X;X;X;X;X;;;;;;;;;;;;;;;;;;;;;;;;;;;;;;;;;;;;;;;;;;;;;;;;;;;;;;;;;;;;;;;;;;;;X;;;;
C23129004;C23129004;CYLINDER, ACTUATING;OVERHAUL;;;;X;X;X;X;X;;;X;;;;;;;;;;X;X;X;X;X;X;X;X;X;X;;;;;;;;;;;;;;;;;;;;;;;;;;;;;;;;;;;;;;;;;;;;;;;;;;;;;;;;;;;;;;;;;;;;X;;;;
C231290041;C23129004-1;CYLINDER, ACTUATING;OVERHAUL;;;;X;X;X;X;X;;;X;;;;;;;;;;X;X;X;X;X;X;X;X;X;X;;;;;;;;;;;;;;;;;;;;;;;;;;;;;;;;;;;;;;;;;;;;;;;;;;;;;;;;;;;;;;;;;;;;X;;;;
C231290042;C23129004-2;CYLINDER, ACTUATING;OVERHAUL;;;;X;X;X;X;X;;;X;;;;;;;;;;X;X;X;X;X;X;X;X;X;X;;;;;;;;;;;;;;;;;;;;;;;;;;;;;;;;;;;;;;;;;;;;;;;;;;;;;;;;;;;;;;;;;;;;X;;;;
C231290043;C23129004-3;CYLINDER, ACTUATING;OVERHAUL;;;;X;X;X;X;X;;;X;;;;;;;;;;X;X;X;X;X;X;X;X;X;X;;;;;;;;;;;;;;;;;;;;;;;;;;;;;;;;;;;;;;;;;;;;;;;;;;;;;;;;;;;;;;;;;;;;X;;;;
C231290044;C23129004-4;CYLINDER, ACTUATING;OVERHAUL;;;;X;X;X;X;X;;;X;;;;;;;;;;X;X;X;X;X;X;X;X;X;X;;;;;;;;;;;;;;;;;;;;;;;;;;;;;;;;;;;;;;;;;;;;;;;;;;;;;;;;;;;;;;;;;;;;X;;;;
C231293;C23129-3;CYLINDER, ACTUATING;OVERHAUL;;;;X;X;X;X;X;;;X;;;;;;;;;;X;X;X;X;X;X;X;X;X;X;;;;;;;;;;;;;;;;;;;;;;;;;;;;;;;;;;;;;;;;;;;;;;;;;;;;;;;;;;;;;;;;;;;;X;;;;
C23129308;C23129-308;CYLINDER, ACTUATING;OVERHAUL;;;;X;X;X;X;X;;;X;;;;;;;;;;X;X;X;X;X;X;X;X;X;X;;;;;;;;;;;;;;;;;;;;;;;;;;;;;;;;;;;;;;;;;;;;;;;;;;;;;;;;;;;;;;;;;;;;X;;;;
C23129309;C23129-309;CYLINDER, ACTUATING;OVERHAUL;;;;X;X;X;X;X;;;X;;;;;;;;;;X;;;;;;;;;;;;;;;;;;;;;;;;;;;;;;;;;;;;;;;;;;;;;;;;;;;;;;;;;;;;;;;;;;;;;;;;;;;;;X;;;;
C2312931;C23129-3-1;CYLINDER, ACTUATING;OVERHAUL;;;;X;X;X;X;X;;;X;;;;;;;;;;X;X;X;X;X;X;X;X;X;X;;;;;;;;;;;;;;;;;;;;;;;;;;;;;;;;;;;;;;;;;;;;;;;;;;;;;;;;;;;;;;;;;;;;X;;;;
C23129310;C23129-310;CYLINDER, ACTUATING;OVERHAUL;;;;X;X;X;X;X;;;X;;;;;;;;;;X;X;X;X;X;X;X;X;X;X;;;;;;;;;;;;;;;;;;;;;;;;;;;;;;;;;;;;;;;;;;;;;;;;;;;;;;;;;;;;;;;;;;;;X;;;;
C23129311;C23129-311;CYLINDER, ACTUATING;OVERHAUL;;;;X;X;X;X;X;;;X;;;;;;;;;;X;X;X;X;X;X;X;X;X;X;;;;;;;;;;;;;;;;;;;;;;;;;;;;;;;;;;;;;;;;;;;;;;;;;;;;;;;;;;;;;;;;;;;;X;;;;
C23129312;C23129-312;CYLINDER, ACTUATING;OVERHAUL;;;;X;X;X;X;X;;;X;;;;;;;;;;X;X;X;X;X;X;X;X;X;X;;;;;;;;;;;;;;;;;;;;;;;;;;;;;;;;;;;;;;;;;;;;;;;;;;;;;;;;;;;;;;;;;;;;X;;;;
C2312932;C23129-3-2;CYLINDER, ACTUATING;OVERHAUL;;;;X;X;X;X;X;;;X;;;;;;;;;;X;X;X;X;X;X;X;X;X;X;;;;;;;;;;;;;;;;;;;;;;;;;;;;;;;;;;;;;;;;;;;;;;;;;;;;;;;;;;;;;;;;;;;;X;;;;
C2312933;C23129-3-3;CYLINDER, ACTUATING;OVERHAUL;;;;X;X;X;X;X;;;X;;;;;;;;;;X;X;X;X;X;X;X;X;X;X;;;;;;;;;;;;;;;;;;;;;;;;;;;;;;;;;;;;;;;;;;;;;;;;;;;;;;;;;;;;;;;;;;;;X;;;;
C2312934;C23129-3-4;CYLINDER, ACTUATING;OVERHAUL;;;;X;X;X;X;X;;;X;;;;;;;;;;X;X;X;X;X;X;X;X;X;X;;;;;;;;;;;;;;;;;;;;;;;;;;;;;;;;;;;;;;;;;;;;;;;;;;;;;;;;;;;;;;;;;;;;X;;;;
C2312935;C23129-3-5;CYLINDER, ACTUATING;OVERHAUL;;;;X;X;X;X;X;;;X;;;;;;;;;;X;X;X;X;X;X;X;X;X;X;;;;;;;;;;;;;;;;;;;;;;;;;;;;;;;;;;;;;;;;;;;;;;;;;;;;;;;;;;;;;;;;;;;;X;;;;
C2312937;C23129-3-7;CYLINDER, ACTUATING;OVERHAUL;;;;X;X;X;X;X;;;X;;;;;;;;;;X;X;X;X;X;X;X;X;X;X;;;;;;;;;;;;;;;;;;;;;;;;;;;;;;;;;;;;;;;;;;;;;;;;;;;;;;;;;;;;;;;;;;;;X;;;;
C23130004;C23130004;CYLINDER, ACTUATING MLG;OVERHAUL;;;;X;X;X;X;X;;;X;;;;;;;;;;X;;;X;;;;;;;;;;;;;;;;;;;;;;;;;;;;;;;;;;;;;;;;;;;;;;;;;;;;;;;;;;;;;;;;;;;;;;;;;;X;;;;
C231300041;C23130004-1;CYLINDER, ACTUATING MLG;OVERHAUL;;;;X;X;X;X;X;;;X;;;;;;;;;;X;;;X;;;;;;;;;;;;;;;;;;;;;;;;;;;;;;;;;;;;;;;;;;;;;;;;;;;;;;;;;;;;;;;;;;;;;;;;;;X;;;;
C231300042;C23130004-2;CYLINDER, ACTUATING MLG;OVERHAUL;;;;X;X;X;X;X;;;X;;;;;;;;;;X;;;;;;;;;;;;;;;;;;;;;;;;;;;;;;;;;;;;;;;;;;;;;;;;;;;;;;;;;;;;;;;;;;;;;;;;;;;;;X;;;;
C231300043;C23130004-3;CYLINDER, ACTUATING MLG;OVERHAUL;;;;X;X;X;X;X;;;X;;;;;;;;;;X;;;;;;;;;;;;;;;;;;;;;;;;;;;;;;;;;;;;;;;;;;;;;;;;;;;;;;;;;;;;;;;;;;;;;;;;;;;;;X;;;;
C231300044;C23130004-4;CYLINDER, ACTUATING MLG;OVERHAUL;;;;X;X;X;X;X;;;X;;;;;;;;;;X;;;X;;;;;;;;;;;;;;;;;;;;;;;;;;;;;;;;;;;;;;;;;;;;;;;;;;;;;;;;;;;;;;;;;;;;;;;;;;X;;;;
C231303;C23130-3;CYLINDER, ACTUATING MLG;OVERHAUL;;;;X;X;X;X;X;;;X;;;;;;;;;;X;;;;;;;;;;;;;;;;;;;;;;;;;;;;;;;;;;;;;;;;;;;;;;;;;;;;;;;;;;;;;;;;;;;;;;;;;;;;;X;;;;
C23130308;C23130-308;CYLINDER, ACTUATING MLG;OVERHAUL;;;;X;X;X;X;X;;;X;;;;;;;;;;X;;;;;;;;;;;;;;;;;;;;;;;;;;;;;;;;;;;;;;;;;;;;;;;;;;;;;;;;;;;;;;;;;;;;;;;;;;;;;X;;;;
C23130309;C23130-309;CYLINDER, ACTUATING MLG;OVERHAUL;;;;X;X;X;X;X;;;X;;;;;;;;;;X;;;;;;;;;;;;;;;;;;;;;;;;;;;;;;;;;;;;;;;;;;;;;;;;;;;;;;;;;;;;;;;;;;;;;;;;;;;;;X;;;;
C2313031;C23130-3-1;CYLINDER, ACTUATING MLG;OVERHAUL;;;;X;X;X;X;X;;;X;;;;;;;;;;X;;;;;;;;;;;;;;;;;;;;;;;;;;;;;;;;;;;;;;;;;;;;;;;;;;;;;;;;;;;;;;;;;;;;;;;;;;;;;X;;;;
C23130310;C23130-310;CYLINDER, ACTUATING MLG;OVERHAUL;;;;X;X;X;X;X;;;X;;;;;;;;;;X;;;;;;;;;;;;;;;;;;;;;;;;;;;;;;;;;;;;;;;;;;;;;;;;;;;;;;;;;;;;;;;;;;;;;;;;;;;;;X;;;;
C23130311;C23130-311;CYLINDER, ACTUATING MLG;OVERHAUL;;;;X;X;X;X;X;;;X;;;;;;;;;;X;;;;;;;;;;;;;;;;;;;;;;;;;;;;;;;;;;;;;;;;;;;;;;;;;;;;;;;;;;;;;;;;;;;;;;;;;;;;;X;;;;
C23130312;C23130-312;CYLINDER, ACTUATING MLG;OVERHAUL;;;;X;X;X;X;X;;;X;;;;;;;;;;X;;;;;;;;;;;;;;;;;;;;;;;;;;;;;;;;;;;;;;;;;;;;;;;;;;;;;;;;;;;;;;;;;;;;;;;;;;;;;X;;;;
C23130313;C23130-313;CYLINDER, ACTUATING MLG;OVERHAUL;;;;X;X;X;X;X;;;X;;;;;;;;;;X;;;;;;;;;;;;;;;;;;;;;;;;;;;;;;;;;;;;;;;;;;;;;;;;;;;;;;;;;;;;;;;;;;;;;;;;;;;;;X;;;;
C2313033;C23130-3-3;CYLINDER, ACTUATING MLG;OVERHAUL;;;;X;X;X;X;X;;;X;;;;;;;;;;X;;;;;;;;;;;;;;;;;;;;;;;;;;;;;;;;;;;;;;;;;;;;;;;;;;;;;;;;;;;;;;;;;;;;;;;;;;;;;X;;;;
C2313034;C23130-3-4;CYLINDER, ACTUATING MLG;OVERHAUL;;;;X;X;X;X;X;;;X;;;;;;;;;;X;;;;;;;;;;;;;;;;;;;;;;;;;;;;;;;;;;;;;;;;;;;;;;;;;;;;;;;;;;;;;;;;;;;;;;;;;;;;;X;;;;
C2313035;C23130-3-5;CYLINDER, ACTUATING MLG;OVERHAUL;;;;X;X;X;X;X;;;X;;;;;;;;;;X;;;;;;;;;;;;;;;;;;;;;;;;;;;;;;;;;;;;;;;;;;;;;;;;;;;;;;;;;;;;;;;;;;;;;;;;;;;;;X;;;;
C2313037;C23130-3-7;CYLINDER, ACTUATING MLG;OVERHAUL;;;;X;X;X;X;X;;;X;;;;;;;;;;X;X;;;;;;;;;;;;;;;;;;;;;;;;;;;;;;;;;;;;;;;;;;;;;;;;;;;;;;;;;;;;;;;;;;;;;;;;;;;;X;;;;
C23131104;C23131-104;CYLINDER-NLG DOOR ACTUATING;OVERHAUL;;;;X;X;X;X;X;;;;;;;;;;;;;X;;;;;;;;;;;;;;;;;;;;;;;;;;;;;;;;;;;;;;;;;;;;;;;;;;;;;;;;;;;;;;;;;;;;;;;;;;;;;X;;;;
C231321;C23132-1;CYLINDER, ACTUATING MLG DOOR;OVERHAUL;;;;X;X;X;X;X;;;;;;;;;;;;;X;X;;;;;;;;;;;;;;;;;;;;;;;;;;;;;;;;;;;;;;;;;;;;;;;;;;;;;;;;;;;;;;;;;;;;;;;;;;;;X;;;;
C23132103;C23132-103;CYLINDER, ACTUATING MLG DOOR;OVERHAUL;;;;X;X;X;X;X;;;;;;;;;;;;;X;X;;X;;;;;;;;;;;;;;;;;;;;;;;;;;;;;;;;;;;;;;;;;;;;;;;;;;;;;;;;;;;;;;;;;;;;;;;;;;X;;;;
C23132104;C23132-104;CYLINDER, ACTUATING MLG DOOR;OVERHAUL;;;;X;X;X;X;X;;;;;;;;;;;;;X;X;;X;;;;;;;;;;;;;;;;;;;;;;;;;;;;;;;;;;;;;;;;;;;;;;;;;;;;;;;;;;;;;;;;;;;;;;;;;;X;;;;
C2313211;C23132-1-1;CYLINDER, ACTUATING MLG DOOR;OVERHAUL;;;;X;X;X;X;X;;;;;;;;;;;;;X;;;;;;;;;;;;;;;;;;;;;;;;;;;;;;;;;;;;;;;;;;;;;;;;;;;;;;;;;;;;;;;;;;;;;;;;;;;;;X;;;;
C2313212;C23132-1-2;CYLINDER, ACTUATING MLG DOOR;OVERHAUL;;;;X;X;X;X;X;;;;;;;;;;;;;X;X;;;;;;;;;;;;;;;;;;;;;;;;;;;;;;;;;;;;;;;;;;;;;;;;;;;;;;;;;;;;;;;;;;;;;;;;;;;;X;;;;
C23199101;C23199-101;DOOR ACTUATING CYLINDER ASSEMBLY;OVERHAUL;;;;X;X;X;X;X;;;;;;;;;;;;;X;X;X;X;;;;;;;;;;;;;;;;;;;;;;;;;;;;;;;;;;;;;;;;;;;;;;;;;;;;;;;;;;;;;;;;;;;;;;;;;;X;;;;
C23199102;C23199-102;DOOR ACTUATING CYLINDER ASSEMBLY;OVERHAUL;;;;X;X;X;X;X;;;;;;;;;;;;;X;X;X;X;;;;;;;;;;;;;;;;;;;;;;;;;;;;;;;;;;;;;;;;;;;;;;;;;;;;;;;;;;;;;;;;;;;;;;;;;;X;;;;
C23199103;C23199-103;DOOR ACTUATING CYLINDER ASSEMBLY;OVERHAUL;;;;X;X;X;X;X;;;;;;;;;;;;;X;X;X;X;;;;;;;;;;;;;;;;;;;;;;;;;;;;;;;;;;;;;;;;;;;;;;;;;;;;;;;;;;;;;;;;;;;;;;;;;;X;;;;
C23199104;C23199-104;DOOR ACTUATING CYLINDER ASSEMBLY;OVERHAUL;;;;X;X;X;X;X;;;;;;;;;;;;;X;X;X;X;;;;;;;;;;;;;;;;;;;;;;;;;;;;;;;;;;;;;;;;;;;;;;;;;;;;;;;;;;;;;;;;;;;;;;;;;;X;;;;
C232651;C23265-1;DUAL MANIFOLD;OVERHAUL;;;;X;X;X;X;X;;;;;;;;;;;;;X;X;X;X;X;X;X;X;X; ;;;;;;;;;;;;;;;;;;;;;;;;;;;;;;;;;;;;;;;;;;;;;;;;;;;;;;;;;;;;;;;;;;;;X;;;;
C2326511;C23265-1-1;DUAL MANIFOLD;OVERHAUL;;;;X;X;X;X;X;;;;;;;;;;;;;X;X;X;X;X;X;X;X;X; ;;;;;;;;;;;;;;;;;;;;;;;;;;;;;;;;;;;;;;;;;;;;;;;;;;;;;;;;;;;;;;;;;;;;X;;;;
C232653;C23265-3;DUAL MANIFOLD;OVERHAUL;;;;X;X;X;X;X;;;;;;;;;;;;;X;X;X;X;X;X;X;X;X; ;;;;;;;;;;;;;;;;;;;;;;;;;;;;;;;;;;;;;;;;;;;;;;;;;;;;;;;;;;;;;;;;;;;;X;;;;
C232661;C23266-1;DUAL MANIFOLD;OVERHAUL;;;;X;X;X;X;X;;;;;;;;;;;;;X;X;X;X;X;X;X;X;X;X;;;;;;;;;;;;;;;;;;;;;;;;;;;;;;;;;;;;;;;;;;;;;;;;;;;;;;;;;;;;;;;;;;;;X;;;;
C2326611;C23266-1-1;DUAL MANIFOLD;OVERHAUL;;;;X;X;X;X;X;;;;;;;;;;;;;X;X;X;X;X;X;X;X;X; ;;;;;;;;;;;;;;;;;;;;;;;;;;;;;;;;;;;;;;;;;;;;;;;;;;;;;;;;;;;;;;;;;;;;X;;;;
C232663;C23266-3;DUAL MANIFOLD;OVERHAUL;;;;X;X;X;X;X;;;;;;;;;;;;;X;X;X;X;X;X;X;X;X; ;;;;;;;;;;;;;;;;;;;;;;;;;;;;;;;;;;;;;;;;;;;;;;;;;;;;;;;;;;;;;;;;;;;;X;;;;
C23267;C23267;MANIFOLD, BRAKE SYSTEM;OVERHAUL;;;;X;X;X;X;X;;;;;;;;;;;;;X;;;;;;;;;;;;;;;;;;;;;;;;;;;;;;;;;;;;;;;;;;;;;;;;;;;;;;;;;;;;;;;;;;;;;;;;;;;;;X;;;;
C23267001;C23267001;MANIFOLD, BRAKE SYSTEM;OVERHAUL;;;;X;X;X;X;X;;;;;;;;;;;;;X;;;;;;;;;;;;;;;;;;;;;;;;;;;;;;;;;;;;;;;;;;;;;;;;;;;;;;;;;;;;;;;;;;;;;;;;;;;;;X;;;;
C232670011;C23267001-1;MANIFOLD, BRAKE SYSTEM;OVERHAUL;;;;X;X;X;X;X;;;;;;;;;;;;;X;;;;;;;;;;;;;;;;;;;;;;;;;;;;;;;;;;;;;;;;;;;;;;;;;;;;;;;;;;;;;;;;;;;;;;;;;;;;;X;;;;
C232671;C23267-1;MANIFOLD, BRAKE SYSTEM;OVERHAUL;;;;X;X;X;X;X;;;;;;;;;;;;;X;;;;;;;;;;;;;;;;;;;;;;;;;;;;;;;;;;;;;;;;;;;;;;;;;;;;;;;;;;;;;;;;;;;;;;;;;;;;;X;;;;
C23455;C23455;MECHANICAL INDICATOR;OVERHAUL;;;;X;X;X;X;X;;;;;;;;;;;;;X;;;;;;;;;;;;;;;;;;;;;;;;;;;;;;;;;;;;;;;;;;;;;;;;;;;;;;;;;;;;;;;;;;;;;;;;;;;;;X;;;;
C234551;C23455-1;MECHANICAL INDICATOR;OVERHAUL;;;;X;X;X;X;X;;;;;;;;;;;;;X;;;;;;;;;;;;;;;;;;;;;;;;;;;;;;;;;;;;;;;;;;;;;;;;;;;;;;;;;;;;;;;;;;;;;;;;;;;;;X;;;;
C239432;C23943-2;NOSE LANDING GEAR;OVERHAUL;;;;X;X;X;X;X;;;X;;;X;;;;;X;;;;;;;;;;;;;;;;;;;;;;;;;;;;;;;;;;;;;;;;;;;;;;;;;;;;;;;;;;;;;;;;;;;;;;;;;;;;;;;X;;;;
C23943201;C23943-201;NOSE LANDING GEAR;OVERHAUL;;;;X;X;X;X;X;;;X;;;X;;;;;X;;;;;;;;;;;;;;;;;;;;;;;;;;;;;;;;;;;;;;;;;;;;;;;;;;;;;;;;;;;;;;;;;;;;;;;;;;;;;;;X;;;;
C23943202;C23943-202;NOSE LANDING GEAR;OVERHAUL;;;;X;X;X;X;X;;;X;;;X;;;;;X;;;;;;;;;;;;;;;;;;;;;;;;;;;;;;;;;;;;;;;;;;;;;;;;;;;;;;;;;;;;;;;;;;;;;;;;;;;;;;;X;;;;
C23943203;C23943-203;NOSE LANDING GEAR;OVERHAUL;;;;X;X;X;X;X;;;X;;;X;;;;;X;;;;;;;;;;;;;;;;;;;;;;;;;;;;;;;;;;;;;;;;;;;;;;;;;;;;;;;;;;;;;;;;;;;;;;;;;;;;;;;X;;;;
C23943204;C23943-204;NOSE LANDING GEAR;OVERHAUL;;;;X;X;X;X;X;;;X;;;X;;;;;X;;;;;;;;;;;;;;;;;;;;;;;;;;;;;;;;;;;;;;;;;;;;;;;;;;;;;;;;;;;;;;;;;;;;;;;;;;;;;;;X;;;;
C23943205;C23943-205;NOSE LANDING GEAR;OVERHAUL;;;;X;X;X;X;X;;;X;;;X;;;;;X;;;;;;;;;;;;;;;;;;;;;;;;;;;;;;;;;;;;;;;;;;;;;;;;;;;;;;;;;;;;;;;;;;;;;;;;;;;;;;;X;;;;
C23943206;C23943-206;NOSE LANDING GEAR;OVERHAUL;;;;X;X;X;X;X;;;X;;;X;;;;;X;;;;;;;;;;;;;;;;;;;;;;;;;;;;;;;;;;;;;;;;;;;;;;;;;;;;;;;;;;;;;;;;;;;;;;;;;;;;;;;X;;;;
C23943207;C23943-207;NOSE LANDING GEAR;OVERHAUL;;;;X;X;X;X;X;;;X;;;X;;;;;X;;;;;;;;;;;;;;;;;;;;;;;;;;;;;;;;;;;;;;;;;;;;;;;;;;;;;;;;;;;;;;;;;;;;;;;;;;;;;;;X;;;;
C23943208;C23943-208;NOSE LANDING GEAR;OVERHAUL;;;;X;X;X;X;X;;;X;;;X;;;;;X;;;;;;;;;;;;;;;;;;;;;;;;;;;;;;;;;;;;;;;;;;;;;;;;;;;;;;;;;;;;;;;;;;;;;;;;;;;;;;;X;;;;
C23943209;C23943-209;NOSE LANDING GEAR;OVERHAUL;;;;X;X;X;X;X;;;X;;;X;;;;;X;;;;;;;;;;;;;;;;;;;;;;;;;;;;;;;;;;;;;;;;;;;;;;;;;;;;;;;;;;;;;;;;;;;;;;;;;;;;;;;X;;;;
C23943209A;C23943-209A;NOSE LANDING GEAR;OVERHAUL;;;;X;X;X;X;X;X;;;;;X;;;;;X;;;;;;;;;;;;;;;;;;;;;;;;;;;;;;;;;;;;;;;;;;;;;;;;;;;;;;;;;;;;;;;;;;;;;;;;;;;;;;;X;;;;
C239433;C23943-3;NOSE LANDING GEAR;OVERHAUL;;;;X;X;X;X;X;;;X;;;X;;;;;X;;;;;;;;;;;;;;;;;;;;;;;;;;;;;;;;;;;;;;;;;;;;;;;;;;;;;;;;;;;;;;;;;;;;;;;;;;;;;;;X;;;;
C239434;C23943-4;NOSE LANDING GEAR;OVERHAUL;;;;X;X;X;X;X;;;X;;;X;;;;;X;;;;;;;;;;;;;;;;;;;;;;;;;;;;;;;;;;;;;;;;;;;;;;;;;;;;;;;;;;;;;;;;;;;;;;;;;;;;;;;X;;;;
C239435;C23943-5;NOSE LANDING GEAR;OVERHAUL;;;;X;X;X;X;X;;;X;;;X;;;;;X;;;;;;;;;;;;;;;;;;;;;;;;;;;;;;;;;;;;;;;;;;;;;;;;;;;;;;;;;;;;;;;;;;;;;;;;;;;;;;;X;;;;
C239436;C23943-6;NOSE LANDING GEAR;OVERHAUL;;;;X;X;X;X;X;;;X;;;X;;;;;X;;;;;;;;;;;;;;;;;;;;;;;;;;;;;;;;;;;;;;;;;;;;;;;;;;;;;;;;;;;;;;;;;;;;;;;;;;;;;;;X;;;;
C239437;C23943-7;NOSE LANDING GEAR;OVERHAUL;;;;X;X;X;X;X;;;X;;;X;;;;;X;;;;;;;;;;;;;;;;;;;;;;;;;;;;;;;;;;;;;;;;;;;;;;;;;;;;;;;;;;;;;;;;;;;;;;;;;;;;;;;X;;;;
C239437A;C23943-7A;NOSE LANDING GEAR;OVERHAUL;;;;X;X;X;X;X;X;;;;;X;;;;;X;;;;;;;;;;;;;;;;;;;;;;;;;;;;;;;;;;;;;;;;;;;;;;;;;;;;;;;;;;;;;;;;;;;;;;;;;;;;;;;X;;;;
C239437B;C23943-7B;NOSE LANDING GEAR;OVERHAUL;;;;X;X;X;X;X;X;;;;;X;;;;;X;;;;;;;;;;;;;;;;;;;;;;;;;;;;;;;;;;;;;;;;;;;;;;;;;;;;;;;;;;;;;;;;;;;;;;;;;;;;;;;X;;;;
C239441;C23944-1;BARREL,;REPAIR;;;;X;X;X;X;X;;;X;;;X;;;;;;;;;;;;;;;;;;;;;;;;;;;;;;;;;;;;;;;;;;;;;;;;;;;;;;;;;;;;;;;;;;;;;;;;;;;;;;;;;;;;X;;;;
C23944101;C23944-101;BARREL,;REPAIR;;;;X;X;X;X;X;;;X;;;X;;;;;;;;;;;;;;;;;;;;;;;;;;;;;;;;;;;;;;;;;;;;;;;;;;;;;;;;;;;;;;;;;;;;;;;;;;;;;;;;;;;;X;;;;
C23944102;C23944-102;BARREL,;REPAIR;;;;X;X;X;X;X;;;X;;;X;;;;;;;;;;;;;;;;;;;;;;;;;;;;;;;;;;;;;;;;;;;;;;;;;;;;;;;;;;;;;;;;;;;;;;;;;;;;;;;;;;;;X;;;;
C23944103;C23944-103;BARREL,;REPAIR;;;;X;X;X;X;X;;;X;;;X;;;;;;;;;;;;;;;;;;;;;;;;;;;;;;;;;;;;;;;;;;;;;;;;;;;;;;;;;;;;;;;;;;;;;;;;;;;;;;;;;;;;X;;;;
C23944107;C23944-107;BARREL,;REPAIR;;;;X;X;X;X;X;;;X;;;X;;;;;;;;;;;;;;;;;;;;;;;;;;;;;;;;;;;;;;;;;;;;;;;;;;;;;;;;;;;;;;;;;;;;;;;;;;;;;;;;;;;;X;;;;
C239452;C23945-2;ABSORBER, SHOCK;REPAIR;;;;X;X;X;X;X;;;X;;;X;;;;;X;;;;;;;;;;;;;;;;;;;;;;;;;;;;;;;;;;;;;;;;;;;;;;;;;;;;;;;;;;;;;;;;;;;;;;;;;;;;;;;X;;;;
C239454;C23945-4;ABSORBER, SHOCK;OVERHAUL;;;;X;X;X;X;X;;;;;;X;;;;;X;;;;;;;;;;;;;;;;;;;;;;;;;;;;;;;;;;;;;;;;;;;;;;;;;;;;;;;;;;;;;;;;;;;;;;;;;;;;;;;X;;;;
C23947020;C23947020;CYLINDER, ACTUATING-NOSE GEAR;OVERHAUL;;;;X;X;X;X;X;;;;;;X;;;;X;X;;;;;;;;;;;;;;;;;;;;;;;;;;;;;;;;;;;;;;;;;;;;;;;;;;;;;;;;;;;;;;;;;;;;;;;;;;;;;;;X;;;;
C239470201;C23947020-1;CYLINDER, ACTUATING-NOSE GEAR;OVERHAUL;;;;X;X;X;X;X;;;;;;X;;;;X;X;;;;;;;;;;;;;;;;;;;;;;;;;;;;;;;;;;;;;;;;;;;;;;;;;;;;;;;;;;;;;;;;;;;;;;;;;;;;;;;X;;;;
C239470201;C23947-020-1;CYLINDER, ACTUATING-NOSE GEAR;OVERHAUL;;;;X;X;X;X;X;X;;;;;X;;;;X;X;;;;;;;;;;;;;;;;;;;;;;;;;;;;;;;;;;;;;;;;;;;;;;;;;;;;;;;;;;;;;;;;;;;;;;;;;;;;;;;X;;;;
C239470202;C23947020-2;CYLINDER, ACTUATING-NOSE GEAR;OVERHAUL;;;;X;X;X;X;X;;;;;;X;;;;;;;;;;;;;;;;;;;;;;;;;;;;;;;;;;;;;;;;;;;;;;;;;;;;;;;;;;;;;;;;;;;;;;;;;;;;;;;;;;;;X;;;;
C239470202;C23947-020-2;CYLINDER, ACTUATING-NOSE GEAR;OVERHAUL;;;;X;X;X;X;X;X;;;;;X;;;;X;X;;;;;;;;;;;;;;;;;;;;;;;;;;;;;;;;;;;;;;;;;;;;;;;;;;;;;;;;;;;;;;;;;;;;;;;;;;;;;;;X;;;;
C23947030;C23947030;CYLINDER, ACTUATING-NOSE GEAR;OVERHAUL;;;;X;X;X;X;X;;;X;;;X;;;;;X;;;;;;;;;;;;;;;;;;;;;;;;;;;;;;;;;;;;;;;;;;;;;;;;;;;;;;;;;;;;;;;;;;;;;;;;;;;;;;;X;;;;
C239472;C23947-2;CYLINDER, ACTUATING-NOSE GEAR;OVERHAUL;;;;X;X;X;X;X;;;X;;;X;;;;X;X;;;;;;;;;;;;;;;;;;;;;;;;;;;;;;;;;;;;;;;;;;;;;;;;;;;;;;;;;;;;;;;;;;;;;;;;;;;;;;;X;;;;
C239473;C23947-3;CYLINDER, ACTUATING-NOSE GEAR;OVERHAUL;;;;X;X;X;X;X;;;;;;X;;;;;;;;;;;;;;;;;;;;;;;;;;;;;;;;;;;;;;;;;;;;;;;;;;;;;;;;;;;;;;;;;;;;;;;;;;;;;;;;;;;;X;;;;
C23951000;C23951000;"ROCKER BEAM ""LH""";OVERHAUL;;;;X;X;X;X;X;;;X;;;X;;;;;X;;;;;;;;;;;;;;;;;;;;;;;;;;;;;;;;;;;;;;;;;;;;;;;;;;;;;;;;;;;;;;;;;;;;;;;;;;;;;;;X;;;;
C239514;C23951-4;"ROCKER BEAM ""LH""";OVERHAUL;;;;X;X;X;X;X;;;X;;;X;;;;;X;;;;;;;;;;;;;;;;;;;;;;;;;;;;;;;;;;;;;;;;;;;;;;;;;;;;;;;;;;;;;;;;;;;;;;;;;;;;;;;X;;;;
C239515;C23951-5;"ROCKER BEAM ""LH""";OVERHAUL;;;;X;X;X;X;X;;;X;;;X;;;;;X;;;;;;;;;;;;;;;;;;;;;;;;;;;;;;;;;;;;;;;;;;;;;;;;;;;;;;;;;;;;;;;;;;;;;;;;;;;;;;;X;;;;
C239516;C23951-6;"ROCKER BEAM ""LH""";OVERHAUL;;;;X;X;X;X;X;;;X;;;X;;;;;X;;;;;;;;;;;;;;;;;;;;;;;;;;;;;;;;;;;;;;;;;;;;;;;;;;;;;;;;;;;;;;;;;;;;;;;;;;;;;;;X;;;;
C23952000;C23952000;"ROCKER BEAM ""RH""";OVERHAUL;;;;X;X;X;X;X;;;X;;;X;;;;;X;;;;;;;;;;;;;;;;;;;;;;;;;;;;;;;;;;;;;;;;;;;;;;;;;;;;;;;;;;;;;;;;;;;;;;;;;;;;;;;X;;;;
C239524;C23952-4;"ROCKER BEAM ""RH""";OVERHAUL;;;;X;X;X;X;X;;;X;;;X;;;;;X;;;;;;;;;;;;;;;;;;;;;;;;;;;;;;;;;;;;;;;;;;;;;;;;;;;;;;;;;;;;;;;;;;;;;;;;;;;;;;;X;;;;
C239525;C23952-5;"ROCKER BEAM ""RH""";OVERHAUL;;;;X;X;X;X;X;;;X;;;X;;;;;X;;;;;;;;;;;;;;;;;;;;;;;;;;;;;;;;;;;;;;;;;;;;;;;;;;;;;;;;;;;;;;;;;;;;;;;;;;;;;;;X;;;;
C239526;C23952-6;"ROCKER BEAM ""RH""";OVERHAUL;;;;X;X;X;X;X;;;X;;;X;;;;;X;;;;;;;;;;;;;;;;;;;;;;;;;;;;;;;;;;;;;;;;;;;;;;;;;;;;;;;;;;;;;;;;;;;;;;;;;;;;;;;X;;;;
C23953000;C23953000;"ABSORBER SHOCK ASSY ""LH""";OVERHAUL;;;;X;X;X;X;X;;;X;;;X;;;;;X;;;;;;;;;;;;;;;;;;;;;;;;;;;;;;;;;;;;;;;;;;;;;;;;;;;;;;;;;;;;;;;;;;;;;;;;;;;;;;;X;;;;
C239530001;C23953000-1;"ABSORBER SHOCK ASSY ""LH""";OVERHAUL;;;;X;X;X;X;X;;;X;;;X;;;;;X;;;;;;;;;;;;;;;;;;;;;;;;;;;;;;;;;;;;;;;;;;;;;;;;;;;;;;;;;;;;;;;;;;;;;;;;;;;;;;;X;;;;
C239530002;C23953000-2;"ABSORBER SHOCK ASSY ""LH""";OVERHAUL;;;;X;X;X;X;X;;;X;;;X;;;;;X;;;;;;;;;;;;;;;;;;;;;;;;;;;;;;;;;;;;;;;;;;;;;;;;;;;;;;;;;;;;;;;;;;;;;;;;;;;;;;;X;;;;
C23953010;C23953010;ABSORBER SHOCK ASSY;OVERHAUL;;;;X;;;;;;;;;;X;;;;;X;;;;;;;;;;;;;;;;;;;;;;;;;;;;;;;;;;;;;;;;;;;;;;;;;;;;;;;;;;;;;;;;;;;;;;;;;;;;;;;X;;;;
C239531;C23953-1;"ABSORBER SHOCK ASSY ""LH""";OVERHAUL;;;;X;X;X;X;X;;;X;;;X;;;;;X;;;;;;;;;;;;;;;;;;;;;;;;;;;;;;;;;;;;;;;;;;;;;;;;;;;;;;;;;;;;;;;;;;;;;;;;;;;;;;;X;;;;
C23953103;C23953-103;"ABSORBER SHOCK ASSY ""LH""";OVERHAUL;;;;X;X;X;X;X;;;X;;;X;;;;;X;;;;;;;;;;;;;;;;;;;;;;;;;;;;;;;;;;;;;;;;;;;;;;;;;;;;;;;;;;;;;;;;;;;;;;;;;;;;;;;X;;;;
C23953104;C23953-104;"ABSORBER SHOCK ASSY ""LH""";OVERHAUL;;;;X;X;X;X;X;;;X;;;X;;;;;X;;;;;;;;;;;;;;;;;;;;;;;;;;;;;;;;;;;;;;;;;;;;;;;;;;;;;;;;;;;;;;;;;;;;;;;;;;;;;;;X;;;;
C23953105;C23953-105;"ABSORBER SHOCK ASSY ""LH""";OVERHAUL;;;;X;X;X;X;X;;;X;;;X;;;;X;X;;;;;;;;;;;;;;;;;;;;;;;;;;;;;;;;;;;;;;;;;;;;;;;;;;;;;;;;;;;;;;;;;;;;;;;;;;;;;;;X;;;;
C23953106;C23953-106;"ABSORBER SHOCK ASSY ""LH""";OVERHAUL;;;;X;X;X;X;X;;;X;;;X;;;;;X;;;;;;;;;;;;;;;;;;;;;;;;;;;;;;;;;;;;;;;;;;;;;;;;;;;;;;;;;;;;;;;;;;;;;;;;;;;;;;;X;;;;
C23953107;C23953-107;"ABSORBER SHOCK ASSY ""LH""";OVERHAUL;;;;X;X;X;X;X;;;X;;;X;;;;;X;;;;;;;;;;;;;;;;;;;;;;;;;;;;;;;;;;;;;;;;;;;;;;;;;;;;;;;;;;;;;;;;;;;;;;;;;;;;;;;X;;;;
C239532;C23953-2;"ABSORBER SHOCK ASSY ""LH""";OVERHAUL;;;;X;X;X;X;X;;;X;;;X;;;;;X;;;;;;;;;;;;;;;;;;;;;;;;;;;;;;;;;;;;;;;;;;;;;;;;;;;;;;;;;;;;;;;;;;;;;;;;;;;;;;;X;;;;
C239533;C23953-3;"ABSORBER SHOCK ASSY ""LH""";OVERHAUL;;;;X;X;X;X;X;;;X;;;X;;;;;X;;;;;;;;;;;;;;;;;;;;;;;;;;;;;;;;;;;;;;;;;;;;;;;;;;;;;;;;;;;;;;;;;;;;;;;;;;;;;;;X;;;;
C239534;C23953-4;"ABSORBER SHOCK ASSY ""LH""";OVERHAUL;;;;X;X;X;X;X;;;X;;;X;;;;;X;;;;;;;;;;;;;;;;;;;;;;;;;;;;;;;;;;;;;;;;;;;;;;;;;;;;;;;;;;;;;;;;;;;;;;;;;;;;;;;X;;;;
C23954000;C23954000;"ABSORBER SHOCK ASSY ""RH""";OVERHAUL;;;;X;X;X;X;X;;;;;;X;;;;;X;;;;;;;;;;;;;;;;;;;;;;;;;;;;;;;;;;;;;;;;;;;;;;;;;;;;;;;;;;;;;;;;;;;;;;;;;;;;;;;X;;;;
C239540001;C23954000-1;"ABSORBER SHOCK ASSY ""RH""";OVERHAUL;;;;X;X;X;X;X;;;;;;X;;;;;X;;;;;;;;;;;;;;;;;;;;;;;;;;;;;;;;;;;;;;;;;;;;;;;;;;;;;;;;;;;;;;;;;;;;;;;;;;;;;;;X;;;;
C239540002;C23954000-2;"ABSORBER SHOCK ASSY ""RH""";OVERHAUL;;;;X;X;X;X;X;;;;;;X;;;;;X;;;;;;;;;;;;;;;;;;;;;;;;;;;;;;;;;;;;;;;;;;;;;;;;;;;;;;;;;;;;;;;;;;;;;;;;;;;;;;;X;;;;
C239541;C23954-1;"ABSORBER SHOCK ASSY ""RH""";OVERHAUL;;;;X;X;X;X;X;;;X;;;X;;;;;X;;;;;;;;;;;;;;;;;;;;;;;;;;;;;;;;;;;;;;;;;;;;;;;;;;;;;;;;;;;;;;;;;;;;;;;;;;;;;;;X;;;;
C23954103;C23954-103;"ABSORBER SHOCK ASSY ""RH""";OVERHAUL;;;;X;X;X;X;X;;;X;;;X;;;;;X;;;;;;;;;;;;;;;;;;;;;;;;;;;;;;;;;;;;;;;;;;;;;;;;;;;;;;;;;;;;;;;;;;;;;;;;;;;;;;;X;;;;
C23954104;C23954-104;"ABSORBER SHOCK ASSY ""RH""";OVERHAUL;;;;X;X;X;X;X;;;X;;;X;;;;;X;;;;;;;;;;;;;;;;;;;;;;;;;;;;;;;;;;;;;;;;;;;;;;;;;;;;;;;;;;;;;;;;;;;;;;;;;;;;;;;X;;;;
C23954105;C23954-105;"ABSORBER SHOCK ASSY ""RH""";OVERHAUL;;;;X;X;X;X;X;;;X;;;X;;;X;;X;;;;;;;;;;;;;;;;;;;;;;;;;;;;;;;;;;;;;;;;;;;;;;;;;;;;;;;;;;;;;;;;;;;;;;;;;;;;;;;X;;;;
C23954106;C23954-106;"ABSORBER SHOCK ASSY ""RH""";OVERHAUL;;;;X;X;X;X;X;;;X;;;X;;;;X;X;;;;;;;;;;;;;;;;;;;;;;;;;;;;;;;;;;;;;;;;;;;;;;;;;;;;;;;;;;;;;;;;;;;;;;;;;;;;;;;X;;;;
C23954106A;C23954-106A;"ABSORBER SHOCK ASSY ""RH""";OVERHAUL;;;;X;X;X;X;X;X;;;;;X;;;;X;X;;;;;;;;;;;;;;;;;;;;;;;;;;;;;;;;;;;;;;;;;;;;;;;;;;;;;;;;;;;;;;;;;;;;;;;;;;;;;;;X;;;;
C23954107;C23954-107;"ABSORBER SHOCK ASSY ""RH""";OVERHAUL;;;;X;X;X;X;X;;;X;;;X;;;;;X;;;;;;;;;;;;;;;;;;;;;;;;;;;;;;;;;;;;;;;;;;;;;;;;;;;;;;;;;;;;;;;;;;;;;;;;;;;;;;;X;;;;
C239542;C23954-2;"ABSORBER SHOCK ASSY ""RH""";OVERHAUL;;;;X;X;X;X;X;;;X;;;X;;;;;X;;;;;;;;;;;;;;;;;;;;;;;;;;;;;;;;;;;;;;;;;;;;;;;;;;;;;;;;;;;;;;;;;;;;;;;;;;;;;;;X;;;;
C239543;C23954-3;"ABSORBER SHOCK ASSY ""RH""";OVERHAUL;;;;X;X;X;X;X;;;X;;;X;;;;;X;;;;;;;;;;;;;;;;;;;;;;;;;;;;;;;;;;;;;;;;;;;;;;;;;;;;;;;;;;;;;;;;;;;;;;;;;;;;;;;X;;;;
C239544;C23954-4;"ABSORBER SHOCK ASSY ""RH""";OVERHAUL;;;;X;X;X;X;X;;;X;;;X;;;;;X;;;;;;;;;;;;;;;;;;;;;;;;;;;;;;;;;;;;;;;;;;;;;;;;;;;;;;;;;;;;;;;;;;;;;;;;;;;;;;;X;;;;
C239550001;C23955000-1;SHOCK ABSORBER;OVERHAUL;;;;X;X;X;X;X;;;;;;X;;;;;X;;;;;;;;;;;;;;;;;;;;;;;;;;;;;;;;;;;;;;;;;;;;;;;;;;;;;;;;;;;;;;;;;;;;;;;;;;;;;;;X;;;;
C23955102;C23955-102;ABSORBER, SHOCK;OVERHAUL;;;;X;X;X;X;X;;;X;;;X;;;;;X;;;;;;;;;;;;;;;;;;;;;;;;;;;;;;;;;;;;;;;;;;;;;;;;;;;;;;;;;;;;;;;;;;;;;;;;;;;;;;;X;;;;
C23955104;C23955-104;"ABSORBER SHOCK ""LH""";OVERHAUL;;;;X;X;X;X;X;;;X;;;X;;;;;X;;;;;;;;;;;;;;;;;;;;;;;;;;;;;;;;;;;;;;;;;;;;;;;;;;;;;;;;;;;;;;;;;;;;;;;;;;;;;;;X;;;;
C239552;C23955-2;ABSORBER, SHOCK;OVERHAUL;;;;X;X;X;X;X;;;X;;;X;;;;;X;;;;;;;;;;;;;;;;;;;;;;;;;;;;;;;;;;;;;;;;;;;;;;;;;;;;;;;;;;;;;;;;;;;;;;;;;;;;;;;X;;;;
C239553;C23955-3;ABSORBER, SHOCK;OVERHAUL;;;;X;X;X;X;X;;;X;;;X;;;;;X;;;;;;;;;;;;;;;;;;;;;;;;;;;;;;;;;;;;;;;;;;;;;;;;;;;;;;;;;;;;;;;;;;;;;;;;;;;;;;;X;;;;
C241111;C24111-1;PUMP-RESERVOIR FILLING HAND-OPERATED;OVERHAUL;;;;X;X;X;X;X;;;;;;;;;;;;;X;X;;;;;;;;;;;;;;;;;;;;;;;;;;;;;;;;;;;;;;;;;;;;;;;;;;;;;;;;;;;;;;;;;;;;;;;;;;;;X;;;;
C24160022;C24160022;PUMP, SELF-REGULATING;OVERHAUL;;;;X;X;X;X;X;;;;;;X;;x;;;;;;;;;;;;;;;;;;;;;;;;;;;;;;;;;;;;;;;;;;;;;;;;;;;;;;;;;;;;;;;;;;;;;;;;;;;;;;;;;;X;;;;
C241600221;C24160022-1;PUMP, SELF-REGULATING;OVERHAUL;;;;X;X;X;X;X;;;;;;X;;x;;;;;;;;;;;;;;;;;;;;;;;;;;;;;;;;;;;;;;;;;;;;;;;;;;;;;;;;;;;;;;;;;;;;;;;;;;;;;;;;;;X;;;;
C241600222;C24160022-2;PUMP, SELF REGULATING;OVERHAUL;;;;X;X;X;X;X;;;;;;X;;x;;;;;;;;;;;;;;;;;;;;;;;;;;;;;;;;;;;;;;;;;;;;;;;;;;;;;;;;;;;;;;;;;;;;;;;;;;;;;;;;;;X;;;;
C24160026;C24160026;PUMP, SELF-REGULATING;OVERHAUL;;;;X;X;X;X;X;;;;;;X;;;;;X;;;;;;;;;;;;;;;;;;;;;;;;;;;;;;;;;;;;;;;;;;;;;;;;;;;;;;;;;;;;;;;;;;;;;;;;;;;;;;;X;;;;
C241600261;C24160026-1;PUMP, SELF-REGULATING;OVERHAUL;;;;X;X;X;X;X;;;;;;X;;;;;X;;;;;;;;;;;;;;;;;;;;;;;;;;;;;;;;;;;;;;;;;;;;;;;;;;;;;;;;;;;;;;;;;;;;;;;;;;;;;;;X;;;;
C24160041;C24160041;PUMP, SELF-REGULATING;OVERHAUL;;;;X;X;X;X;X;;;;;;X;;;;;X;;;;;;;;;;;;;;;;;;;;;;;;;;;;;;;;;;;;;;;;;;;;;;;;;;;;;;;;;;;;;;;;;;;;;;;;;;;;;;;X;;;;
C241600411;C24160041-1;PUMP, SELF-REGULATING;OVERHAUL;;;;X;X;X;X;X;;;;;;X;;;;;X;;;;;;;;;;;;;;;;;;;;;;;;;;;;;;;;;;;;;;;;;;;;;;;;;;;;;;;;;;;;;;;;;;;;;;;;;;;;;;;X;;;;
C24160041100;C24160041-100;PUMP, SELF-REGULATING;OVERHAUL;;;;X;X;X;X;X;;;;;;X;;;;;X;;;;;;;;;;;;;;;;;;;;;;;;;;;;;;;;;;;;;;;;;;;;;;;;;;;;;;;;;;;;;;;;;;;;;;;;;;;;;;;X;;;;
C241600412;C24160041-2;PUMP, SELF-REGULATING;OVERHAUL;;;;X;X;X;X;X;;;;;;X;;;;;X;;;;;;;;;;;;;;;;;;;;;;;;;;;;;;;;;;;;;;;;;;;;;;;;;;;;;;;;;;;;;;;;;;;;;;;;;;;;;;;X;;;;
C24160041200;C24160041-200;PUMP, SELF-REGULATING;OVERHAUL;;;;X;X;X;X;X;;;;;;X;;;;;X;;;;;;;;;;;;;;;;;;;;;;;;;;;;;;;;;;;;;;;;;;;;;;;;;;;;;;;;;;;;;;;;;;;;;;;;;;;;;;;X;;;;
C24160042;C24160042;PUMP, SELF-REGULATING;OVERHAUL;;;;X;X;X;X;X;;;;;;X;;;;;X;;;;;;;;;;;;;;;;;;;;;;;;;;;;;;;;;;;;;;;;;;;;;;;;;;;;;;;;;;;;;;;;;;;;;;;;;;;;;;;X;;;;
C241600421;C24160042-1;PUMP, SELF-REGULATING;OVERHAUL;;;;X;X;X;X;X;;;;;;X;;;;;X;;;;;;;;;;;;;;;;;;;;;;;;;;;;;;;;;;;;;;;;;;;;;;;;;;;;;;;;;;;;;;;;;;;;;;;;;;;;;;;X;;;;
C24160042100;C24160042-100;PUMP, SELF-REGULATING;OVERHAUL;;;;X;X;X;X;X;;;;;;X;;;;;X;;;;;;;;;;;;;;;;;;;;;;;;;;;;;;;;;;;;;;;;;;;;;;;;;;;;;;;;;;;;;;;;;;;;;;;;;;;;;;;X;;;;
C241600422;C24160042-2;PUMP, SELF-REGULATING;OVERHAUL;;;;X;X;X;X;X;;;;;;X;;;;;X;;;;;;;;;;;;;;;;;;;;;;;;;;;;;;;;;;;;;;;;;;;;;;;;;;;;;;;;;;;;;;;;;;;;;;;;;;;;;;;X;;;;
C24160042200;C24160042-200;PUMP, SELF-REGULATING;OVERHAUL;;;;X;X;X;X;X;;;;;;X;;;;;X;;;;;;;;;;;;;;;;;;;;;;;;;;;;;;;;;;;;;;;;;;;;;;;;;;;;;;;;;;;;;;;;;;;;;;;;;;;;;;;X;;;;
C24160045;C24160045;PUMP, SELF-REGULATING;OVERHAUL;;;;X;X;X;X;X;;;X;;;X;;;;;X;;;;;;;;;;;;;;;;;;;;;;;;;;;;;;;;;;;;;;;;;;;;;;;;;;;;;;;;;;;;;;;;;;;;;;;;;;;;;;;X;;;;
C241600451;C24160045-1;PUMP, SELF-REGULATING;OVERHAUL;;;;X;X;X;X;X;;;X;;;X;;;;;X;;;;;;;;;;;;;;;;;;;;;;;;;;;;;;;;;;;;;;;;;;;;;;;;;;;;;;;;;;;;;;;;;;;;;;;;;;;;;;;X;;;;
C24160045100;C24160045-100;PUMP, SELF-REGULATING;OVERHAUL;;;;X;X;X;X;X;;;X;;;X;;;;;X;;;;;;;;;;;;;;;;;;;;;;;;;;;;;;;;;;;;;;;;;;;;;;;;;;;;;;;;;;;;;;;;;;;;;;;;;;;;;;;X;;;;
C241600452;C24160045-2;PUMP, SELF-REGULATING;OVERHAUL;;;;X;X;X;X;X;;;X;;;X;;;;;X;;;;;;;;;;;;;;;;;;;;;;;;;;;;;;;;;;;;;;;;;;;;;;;;;;;;;;;;;;;;;;;;;;;;;;;;;;;;;;;X;;;;
C24160045200;C24160045-200;PUMP, SELF-REGULATING;OVERHAUL;;;;X;X;X;X;X;;;X;;;X;;;;;X;;;;;;;;;;;;;;;;;;;;;;;;;;;;;;;;;;;;;;;;;;;;;;;;;;;;;;;;;;;;;;;;;;;;;;;;;;;;;;;X;;;;
C24160046;C24160046;PUMP, SELF-REGULATING;OVERHAUL;;;;X;X;X;X;X;;;;;;X;;;;;X;;;;;;;;;;;;;;;;;;;;;;;;;;;;;;;;;;;;;;;;;;;;;;;;;;;;;;;;;;;;;;;;;;;;;;;;;;;;;;;X;;;;
C241600461;C24160046-1;PUMP, SELF-REGULATING;OVERHAUL;;;;X;X;X;X;X;;;;;;X;;;;;X;;;;;;;;;;;;;;;;;;;;;;;;;;;;;;;;;;;;;;;;;;;;;;;;;;;;;;;;;;;;;;;;;;;;;;;;;;;;;;;X;;;;
C24160046100;C24160046-100;PUMP, SELF-REGULATING;OVERHAUL;;;;X;X;X;X;X;;;;;;X;;;;;X;;;;;;;;;;;;;;;;;;;;;;;;;;;;;;;;;;;;;;;;;;;;;;;;;;;;;;;;;;;;;;;;;;;;;;;;;;;;;;;X;;;;
C241600462;C24160046-2;PUMP, SELF-REGULATING;OVERHAUL;;;;X;X;X;X;X;;;;;;X;;;;;X;;;;;;;;;;;;;;;;;;;;;;;;;;;;;;;;;;;;;;;;;;;;;;;;;;;;;;;;;;;;;;;;;;;;;;;;;;;;;;;X;;;;
C24160046200;C24160046-200;PUMP, SELF-REGULATING;OVERHAUL;;;;X;X;X;X;X;;;;;;X;;;;;X;;;;;;;;;;;;;;;;;;;;;;;;;;;;;;;;;;;;;;;;;;;;;;;;;;;;;;;;;;;;;;;;;;;;;;;;;;;;;;;X;;;;
C241601;C24160-1;PUMP, SELF-REGULATING;OVERHAUL;;;;X;X;X;X;X;;;;;;X;;;;;X;;;;;;;;;;;;;;;;;;;;;;;;;;;;;;;;;;;;;;;;;;;;;;;;;;;;;;;;;;;;;;;;;;;;;;;;;;;;;;;X;;;;
C24160101;C24160-101;PUMP, SELF-REGULATING;OVERHAUL;;;;X;X;X;X;X;;;;;;X;;;;;X;;;;;;;;;;;;;;;;;;;;;;;;;;;;;;;;;;;;;;;;;;;;;;;;;;;;;;;;;;;;;;;;;;;;;;;;;;;;;;;X;;;;
C242640041;C24264004-1;LIMITER, PRESSURE;OVERHAUL;;;;X;X;X;X;X;;;;;;;;;;;;;X;;X;X;;;;;;;;;;;;;;;;;;;;;;;;;;;;;;;;;;;;;;;;;;;;;;;;;;;;;;;;;;;;;;;;;;;;;;;;;;X;;;;
C242642;C24264-2;LIMITER, PRESSURE;OVERHAUL;;;;X;X;X;X;X;;;;;;;;;;;;;X;X;X;X;;;;;;;;;;;;;;;;;;;;;;;;;;;;;;;;;;;;;;;;;;;;;;;;;;;;;;;;;;;;;;;;;;;;;;;;;;X;;;;
C24264202;C24264-202;LIMITER, PRESSURE;OVERHAUL;;;;X;X;X;X;X;;;;;;;;;;;;;X;;;;;;;;;;;;;;;;;;;;;;;;;;;;;;;;;;;;;;;;;;;;;;;;;;;;;;;;;;;;;;;;;;;;;;;;;;;;;X;;;;
C2426421;C24264-2-1;LIMITER, PRESSURE;OVERHAUL;;;;X;X;X;X;X;;;;;;;;;;;;;X;X;X;X;;;;;;;;;;;;;;;;;;;;;;;;;;;;;;;;;;;;;;;;;;;;;;;;;;;;;;;;;;;;;;;;;;;;;;;;;;X;;;;
C242643;C24264-3;LIMITER, PRESSURE;OVERHAUL;;;;X;X;X;X;X;;;;;;;;;;;;;X;;;;;;;;;;;;;;;;;;;;;;;;;;;;;;;;;;;;;;;;;;;;;;;;;;;;;;;;;;;;;;;;;;;;;;;;;;;;;X;;;;
C2426431;C24264-3-1;LIMITER, PRESSURE;OVERHAUL;;;;X;X;X;X;X;;;;;;;;;;;;;X;X;X;X;;;;;;;;;;;;;;;;;;;;;;;;;;;;;;;;;;;;;;;;;;;;;;;;;;;;;;;;;;;;;;;;;;;;;;;;;;X;;;;
C2427301;C24273-0-1;RESTRICTOR, VARIABLE, LH;OVERHAUL;;;;X;X;X;X;X;;;X;;;;;;;;;;X;X;X;X;;;;;;;;;;;;;;;;;;;;;;;;;;;;;;;;;;;;;;;;;;;;;;;;;;;;;;;;;;;;;;;;;;;;;;;;;;X;;;;
C2427311;C24273-1-1;RESTRICTOR, VARIABLE, LH;OVERHAUL;;;;X;X;X;X;X;;;X;;;;;;;;;;X;X;X;X;;;;;;;;;;;;;;;;;;;;;;;;;;;;;;;;;;;;;;;;;;;;;;;;;;;;;;;;;;;;;;;;;;;;;;;;;;X;;;;
C2427331;C24273-3-1;RESTRICTOR-LH;OVERHAUL;;;;X;X;X;X;X;;;X;;;;;;;;;;X;;;;;;;;;;;;;;;;;;;;;;;;;;;;;;;;;;;;;;;;;;;;;;;;;;;;;;;;;;;;;;;;;;;;;;;;;;;;;X;;;;
C24274;C24274;RESTRICTOR, VARIABLE, RH;OVERHAUL;;;;X;X;X;X;X;;;;;;;;;;;;;X;;;;;;;;;;;;;;;;;;;;;;;;;;;;;;;;;;;;;;;;;;;;;;;;;;;;;;;;;;;;;;;;;;;;;;;;;;;;;X;;;;
C2427401;C24274-0-1;RESTRICTOR, VARIABLE, RH;OVERHAUL;;;;X;X;X;X;X;;;;;;;;;;;;;X;X;;X;;;;;;;;;;;;;;;;;;;;;;;;;;;;;;;;;;;;;;;;;;;;;;;;;;;;;;;;;;;;;;;;;;;;;;;;;;X;;;;
C242741;C24274-1;RESTRICTOR, VARIABLE, RH;OVERHAUL;;;;X;X;X;X;X;;;;;;;;;;;;;X;;;;;;;;;;;;;;;;;;;;;;;;;;;;;;;;;;;;;;;;;;;;;;;;;;;;;;;;;;;;;;;;;;;;;;;;;;;;;X;;;;
C2427411;C24274-1-1;RESTRICTOR, VARIABLE, RH;OVERHAUL;;;;X;X;X;X;X;;;;;;;;;;;;;X;X;;X;;;;;;;;;;;;;;;;;;;;;;;;;;;;;;;;;;;;;;;;;;;;;;;;;;;;;;;;;;;;;;;;;;;;;;;;;;X;;;;
C2427431;C24274-3-1;RESTRICTOR RH;OVERHAUL;;;;X;X;X;X;X;;;;;;;;;;;;;X;;;;;;;;;;;;;;;;;;;;;;;;;;;;;;;;;;;;;;;;;;;;;;;;;;;;;;;;;;;;;;;;;;;;;;;;;;;;;X;;;;
C243431;C24343-1;VALVE, SEQUENCE BY PASS;OVERHAUL;;;;X;X;X;X;X;;;;;;;;;;;;;X;X;X;X;;;;;;;;;;;;;;;;;;;;;;;;;;;;;;;;;;;;;;;;;;;;;;;;;;;;;;;;;;;;;;;;;;;;;;;;;;X;;;;
C243531;C24353-1;HYDRAULIC UNIT;OVERHAUL;;;;X;X;X;X;X;;;X;;;X;;;;;X;;;;;;;;;;;;;;;;;;;;;;;;;;;;;;;;;;;;;;;;;;;;;;;;;;;;;;;;;;;;;;;;;;;;;;;;;;;;;;;X;;;;
C243532;C24353-2;HYDRAULIC UNIT;OVERHAUL;;;;X;X;X;X;X;;;;;;X;;;;;X;;;;;;;;;;;;;;;;;;;;;;;;;;;;;;;;;;;;;;;;;;;;;;;;;;;;;;;;;;;;;;;;;;;;;;;;;;;;;;;X;;;;
C243532B;C24353-2B;HYDRAULIC UNIT;OVERHAUL;;;;X;X;X;X;X;X;;;;;X;;;;;X;;;;;;;;;;;;;;;;;;;;;;;;;;;;;;;;;;;;;;;;;;;;;;;;;;;;;;;;;;;;;;;;;;;;;;;;;;;;;;;X;;;;
C243532D;C24353-2-D;HYDRAULIC UNIT;OVERHAUL;;;;X;X;X;X;X;X;;;;;X;;;;;X;;;;;;;;;;;;;;;;;;;;;;;;;;;;;;;;;;;;;;;;;;;;;;;;;;;;;;;;;;;;;;;;;;;;;;;;;;;;;;;X;;;;
C243532D;C24353-2D;HYDRAULIC UNIT;OVERHAUL;;;;X;X;X;X;X;X;;;;;X;;;;;X;;;;;;;;;;;;;;;;;;;;;;;;;;;;;;;;;;;;;;;;;;;;;;;;;;;;;;;;;;;;;;;;;;;;;;;;;;;;;;;X;;;;
C243532E;C24353-2E;HYDRAULIC UNIT;OVERHAUL;;;;X;X;X;X;X;X;;;;;X;;;;;X;;;;;;;;;;;;;;;;;;;;;;;;;;;;;;;;;;;;;;;;;;;;;;;;;;;;;;;;;;;;;;;;;;;;;;;;;;;;;;;X;;;;
C243533;C24353-3;HYDRAULIC UNIT;OVERHAUL;;;;X;X;X;X;X;;;;;;X;;;;;;;;;;;;;;;;;;;;;;;;;;;;;;;;;;;;;;;;;;;;;;;;;;;;;;;;;;;;;;;;;;;;;;;;;;;;;;;;;;;;X;;;;
C243533E;C24353-3E;HYDRAULIC UNIT;OVERHAUL;;;;X;X;X;X;X;X;;;;;X;;;;;X;;;;;;;;;;;;;;;;;;;;;;;;;;;;;;;;;;;;;;;;;;;;;;;;;;;;;;;;;;;;;;;;;;;;;;;;;;;;;;;X;;;;
C24443000;C24443000;SWIVEL-FITTING;OVERHAUL;;;;X;X;X;X;X;;;;;;;;;;;;;X;;;;;;;;;;;;;;;;;;;;;;;;;;;;;;;;;;;;;;;;;;;;;;;;;;;;;;;;;;;;;;;;;;;;;;;;;;;;;X;;;;
C24443002;C24443002;SWIVEL-FITTING;OVERHAUL;;;;X;X;X;X;X;;;X;;;;;;;;;;X;;;;;;;;;;;;;;;;;;;;;;;;;;;;;;;;;;;;;;;;;;;;;;;;;;;;;;;;;;;;;;;;;;;;;;;;;;;;;X;;;;
C244890011;C24489001-1;VALVE, MANIFOLD, MASTER;OVERHAUL;;;;X;X;X;X;X;;;;;;;;;;;;;X;;X;X;;;;;;;;;;;;;;;;;;;;;;;;;;;;;;;;;;;;;;;;;;;;;;;;;;;;;;;;;;;;;;;;;;;;;;;;;;X;;;;
C24491000;C24491000;VALVE, MANIFOLD SERVO BRAKE;OVERHAUL;;;;X;X;X;X;X;;;;;;;;;;;;;X;;X;;;;;;;;;;;;;;;;;;;;;;;;;;;;;;;;;;;;;;;;;;;;;;;;;;;;;;;;;;;;;;;;;;;;;;;;;;;X;;;;
C244910001;C24491000-1;VALVE, MANIFOLD SERVO BRAKE;OVERHAUL;;;;X;X;X;X;X;;;;;;;;;;;;;X;;X;;;;;;;;;;;;;;;;;;;;;;;;;;;;;;;;;;;;;;;;;;;;;;;;;;;;;;;;;;;;;;;;;;;;;;;;;;;X;;;;
C244910002;C24491000-2;VALVE, MANIFOLD SERVO BRAKE;OVERHAUL;;;;X;X;X;X;X;;;;;;;;;;;;;X;;X;;;;;;;;;;;;;;;;;;;;;;;;;;;;;;;;;;;;;;;;;;;;;;;;;;;;;;;;;;;;;;;;;;;;;;;;;;;X;;;;
C24491001;C24491001;VALVE, MANIFOLD SERVO BRAKE;OVERHAUL;;;;X;X;X;X;X;;;;;;;;;;;;;X;;X;;;;;;;;;;;;;;;;;;;;;;;;;;;;;;;;;;;;;;;;;;;;;;;;;;;;;;;;;;;;;;;;;;;;;;;;;;;X;;;;
C24513000;C24513000;MANIFOLD, ACCUMULATOR;OVERHAUL;;;;X;X;X;X;X;;;;;;;;;;;;;X;;X;;;;;;;;;;;;;;;;;;;;;;;;;;;;;;;;;;;;;;;;;;;;;;;;;;;;;;;;;;;;;;;;;;;;;;;;;;;X;;;;
C24592000;C24592000;CYLINDER, MASTER;OVERHAUL;;;;X;X;X;X;X;;;;;;;;;;;;;X;X;X;X;;;;;;;;;;;;;;;;;;;;;;;;;;;;;;;;;;;;;;;;;;;;;;;;;;;;;;;;;;;;;;;;;;;;;;;;;;X;;;;
C245920001;C24592000-1;CYLINDER, MASTER;OVERHAUL;;;;X;X;X;X;X;;;;;;;;;;;;;X;X;X;X;;X;X;X;;;;;;;;;;;;;;;;;;;;;;;;;;;;;;;;;;;;;;;;;;;;;;;;;;;;;;;;;;;;;;;;;;;;;;X;;;;
C24592020;C24592020;MASTER CYLINDER;OVERHAUL;;;;X;X;X;X;X;;;;;;;;;;;;;X;;;;;;;;X;X;;;;;;;;;;;;;;;;;;;;;;;;;;;;;;;;;;;;;;;;;;;;;;;;;;;;;;;;;;;;;;;;;;;;X;;;;
C245920201;C24592020-1;MASTER CYLINDER;OVERHAUL;;;;X;X;X;X;X;;;;;;;;;;;;;X;;;;;;;;X;X;;;;;;;;;;;;;;;;;;;;;;;;;;;;;;;;;;;;;;;;;;;;;;;;;;;;;;;;;;;;;;;;;;;;X;;;;
C24703001;C24703001;PARKING BRAKE SELECTOR VALVE;OVERHAUL;;;;X;X;X;X;X;;;;;;;;;;;;;X;;;;;;X;;;;;;;;;;;;;;;;;;;;;;;;;;;;;;;;;;;;;;;;;;;;;;;;;;;;;;;;;;;;;;;;;;;;;;;X;;;;
C247030011;C24703001-1;PARKING BRAKE SELECTOR VALVE;OVERHAUL;;;;X;X;X;X;X;;;;;;;;;;;;;X;;;;;;;;;;;;;;;;;;;;;;;;;;;;;;;;;;;;;;;;;;;;;;;;;;;;;;;;;;;;;;;;;;;;;;;;;;;;;X;;;;
C247030012;C24703001-2;PARKING BRAKE SELECTOR VALVE;OVERHAUL;;;;X;X;X;X;X;;;;;;;;;;;;;X;;;;;;;;;;;;;;;;;;;;;;;;;;;;;;;;;;;;;;;;;;;;;;;;;;;;;;;;;;;;;;;;;;;;;;;;;;;;;X;;;;
C24703001201;C24703001-201;PARKING BRAKE SELECTOR VALVE;OVERHAUL;;;;X;X;X;X;X;;;;;;;;;;;;;X;;;;X;X;X;X;;;;;;;;;;;;;;;;;;;;;;;;;;;;;;;;;;;;;;;;;;;;;;;;;;;;;;;;;;;;;;;;;;;;;;X;;;;
C247030013;C24703001-3;PARKING BRAKE SELECTOR VALVE;OVERHAUL;;;;X;X;X;X;X;;;;;;;;;;;;;X;;;;;;X;;;;;;;;;;;;;;;;;;;;;;;;;;;;;;;;;;;;;;;;;;;;;;;;;;;;;;;;;;;;;;;;;;;;;;;X;;;;
C24703001301;C24703001-301;PARKING BRAKE SELECTOR VALVE;OVERHAUL;;;;X;X;X;X;X;;;;;;;;;;;;;X;;;;X;X;X;X;;;;;;;;;;;;;;;;;;;;;;;;;;;;;;;;;;;;;;;;;;;;;;;;;;;;;;;;;;;;;;;;;;;;;;X;;;;
C247030014;C24703001-4;PARKING BRAKE SELECTOR VALVE;OVERHAUL;;;;X;X;X;X;X;;;;;;;;;;;;;X;;;;;X;X;X;;;;;;;;;;;;;;;;;;;;;;;;;;;;;;;;;;;;;;;;;;;;;;;;;;;;;;;;;;;;;;;;;;;;;;X;;;;
C24703001401;C24703001-401;PARKING BRAKE SELECTOR VALVE;OVERHAUL;;;;X;X;X;X;X;;;;;;;;;;;;;X;;;;X;X;X;X;;;;;;;;;;;;;;;;;;;;;;;;;;;;;;;;;;;;;;;;;;;;;;;;;;;;;;;;;;;;;;;;;;;;;;X;;;;
C24703002;C24703002;PARKING PRESSURE LIMITER;OVERHAUL;;;;X;X;X;X;X;;;;;;;;;;;;;X;;;;;;;;X;X;;;;;;;;;;;;;;;;;;;;;;;;;;;;;;;;;;;;;;;;;;;;;;;;;;;;;;;;;;;;;;;;;;;;X;;;;
C247030021;C24703002-1;PARKING PRESSURE LIMITER;OVERHAUL;;;;X;X;X;X;X;;;;;;;;;;;;;X;;;;;;;;X;X;;;;;;;;;;;;;;;;;;;;;;;;;;;;;;;;;;;;;;;;;;;;;;;;;;;;;;;;;;;;;;;;;;;;X;;;;
C247030022;C24703002-2;PARKING PRESSURE LIMITER;OVERHAUL;;;;X;X;X;X;X;;;;;;;;;;;;;X;;;;;;;;X;X;;;;;;;;;;;;;;;;;;;;;;;;;;;;;;;;;;;;;;;;;;;;;;;;;;;;;;;;;;;;;;;;;;;;X;;;;
C24703003;C24703003;PARKING BRAKE SELECTOR VALVE;OVERHAUL;;;;X;X;X;X;X;;;;;;;;;;;;;X;;;;;X;X;X;;;;;;;;;;;;;;;;;;;;;;;;;;;;;;;;;;;;;;;;;;;;;;;;;;;;;;;;;;;;;;;;;;;;;;X;;;;
C247030031;C24703003-1;PARKING BRAKE SELECTOR VALVE;OVERHAUL;;;;X;X;X;X;X;;;;;;;;;;;;;X;;;;;X;X;X;;;;;;;;;;;;;;;;;;;;;;;;;;;;;;;;;;;;;;;;;;;;;;;;;;;;;;;;;;;;;;;;;;;;;;X;;;;
C24736000;C24736000;HYDRAULIC CONTROL UNIT;OVERHAUL;;;;X;X;X;X;X;;;;;;;;;;;;;X;;;;;X;X;X;;;;;;;;;;;;;;;;;;;;;;;;;;;;;;;;;;;;;;;;;;;;;;;;;;;;;;;;;;;;;;;;;;;;;;X;;;;
C2473600001;C24736000-0-1;HYDRAULIC CONTROL UNIT;OVERHAUL;;;;X;X;X;X;X;;;;;;;;;;;;;X;;;;;X;X;X;;;;;;;;;;;;;;;;;;;;;;;;;;;;;;;;;;;;;;;;;;;;;;;;;;;;;;;;;;;;;;;;;;;;;;X;;;;
C2473600002;C24736000-0-2;HYDRAULIC CONTROL UNIT;OVERHAUL;;;;X;X;X;X;X;;;;;;;;;;;;;X;;;;;X;X;X;;;;;;;;;;;;;;;;;;;;;;;;;;;;;;;;;;;;;;;;;;;;;;;;;;;;;;;;;;;;;;;;;;;;;;X;;;;
C247360001;C24736000-1;HYDRAULIC CONTROL UNIT;OVERHAUL;;;;X;X;X;X;X;;;;;;;;;;;;;X;;;;;X;X;X;;;;;;;;;;;;;;;;;;;;;;;;;;;;;;;;;;;;;;;;;;;;;;;;;;;;;;;;;;;;;;;;;;;;;;X;;;;
C247360002;C24736000-2;HYDRAULIC CONTROL UNIT;OVERHAUL;;;;X;X;X;X;X;;;;;;;;;;;;;X;;;;;X;X;X;;;;;;;;;;;;;;;;;;;;;;;;;;;;;;;;;;;;;;;;;;;;;;;;;;;;;;;;;;;;;;;;;;;;;;X;;;;
C247360003;C24736000-3;HYDRAULIC CONTROL UNIT;OVERHAUL;;;;X;X;X;X;X;;;;;;;;;;;;;X;;;;;X;X;X;;;;;;;;;;;;;;;;;;;;;;;;;;;;;;;;;;;;;;;;;;;;;;;;;;;;;;;;;;;;;;;;;;;;;;X;;;;
C24736001;C24736001;HYDRAULIC CONTROL UNIT;OVERHAUL;;;;X;X;X;X;X;;;;;;;;;;;;;X;;;;;X;X;X;;;;;;;;;;;;;;;;;;;;;;;;;;;;;;;;;;;;;;;;;;;;;;;;;;;;;;;;;;;;;;;;;;;;;;X;;;;
C2473600101;C24736001-0-1;HYDRAULIC CONTROL UNIT;OVERHAUL;;;;X;X;X;X;X;;;;;;;;;;;;;X;;;;;X;X;X;;;;;;;;;;;;;;;;;;;;;;;;;;;;;;;;;;;;;;;;;;;;;;;;;;;;;;;;;;;;;;;;;;;;;;X;;;;
C2473600102;C24736001-0-2;HYDRAULIC CONTROL UNIT;OVERHAUL;;;;X;X;X;X;X;;;;;;;;;;;;;X;;;;;X;X;X;;;;;;;;;;;;;;;;;;;;;;;;;;;;;;;;;;;;;;;;;;;;;;;;;;;;;;;;;;;;;;;;;;;;;;X;;;;
C247360011;C24736001-1;HYDRAULIC CONTROL UNIT;OVERHAUL;;;;X;X;X;X;X;;;;;;;;;;;;;X;;;;;X;X;X;;;;;;;;;;;;;;;;;;;;;;;;;;;;;;;;;;;;;;;;;;;;;;;;;;;;;;;;;;;;;;;;;;;;;;X;;;;
C247360012;C24736001-2;HYDRAULIC CONTROL UNIT;OVERHAUL;;;;X;X;X;X;X;;;;;;;;;;;;;X;;;;;X;X;X;;;;;;;;;;;;;;;;;;;;;;;;;;;;;;;;;;;;;;;;;;;;;;;;;;;;;;;;;;;;;;;;;;;;;;X;;;;
C247360013;C24736001-3;HYDRAULIC CONTROL UNIT;OVERHAUL;;;;X;X;X;X;X;;;;;;;;;;;;;X;;;;;X;X;X;;;;;;;;;;;;;;;;;;;;;;;;;;;;;;;;;;;;;;;;;;;;;;;;;;;;;;;;;;;;;;;;;;;;;;X;;;;
C247361001;C24736100-1;HYDRAULIC CONTROL UNIT;OVERHAUL;;;;X;X;X;X;X;;;;;;;;;;;;;X;;;;;X;X;X;;;;;;;;;;;;;;;;;;;;;;;;;;;;;;;;;;;;;;;;;;;;;;;;;;;;;;;;;;;;;;;;;;;;;;X;;;;
C247370022;C24737002-2;MANIFOLD;OVERHAUL;;;;X;X;X;X;X;;;;;;;;;;;;;X;;;;;X;X;X;;;;;;;;;;;;;;;;;;;;;;;;;;;;;;;;;;;;;;;;;;;;;;;;;;;;;;;;;;;;;;;;;;;;;;X;;;;
C247370024;C24737002-4;LG - NORMAL BRAKE MANIFOLD;OVERHAUL;;;;X;X;X;X;X;;;;;;;;;;;;;X;;;;;X;X;X;;;;;;;;;;;;;;;;;;;;;;;;;;;;;;;;;;;;;;;;;;;;;;;;;;;;;;;;;;;;;;;;;;;;;;X;;;;
C24739000;C24739000;BRAKE MANIFOLD;OVERHAUL;;;;X;X;X;X;X;;;;;;;;;;;;;X;;;;;;;;;;;;;;;;;;;;;;;;;;;;;;;;;;;;;;;;;;;;;;;;;;;;;;;;;;;;;;;;;;;;;;;;;;;;;X;;;;
C24739001;C24739001;BRAKE MANIFOLD;OVERHAUL;;;;X;X;X;X;X;;;;;;;;;;;;;X;;;;;;;;;;;;;;;;;;;;;;;;;;;;;;;;;;;;;;;;;;;;;;;;;;;;;;;;;;;;;;;;;;;;;;;;;;;;;X;;;;
C24739002;C24739002;BRAKE MANIFOLD;OVERHAUL;;;;X;X;X;X;X;;;;;;;;;;;;;X;;;;;;X;;;;;;;;;;;;;;;;;;;;;;;;;;;;;;;;;;;;;;;;;;;;;;;;;;;;;;;;;;;;;;;;;;;;;;;X;;;;
C24739010;C24739010;BRAKE MANIFOLD;OVERHAUL;;;;X;X;X;X;X;;;;;;;;;;;;;X;;;;;;;;;;;;;;;;;;;;;;;;;;;;;;;;;;;;;;;;;;;;;;;;;;;;;;;;;;;;;;;;;;;;;;;;;;;;;X;;;;
C24740000;C24740000;BRAKE MANIFOLD;OVERHAUL;;;;X;X;X;X;X;;;;;;;;;;;;;X;;;;;;;;;;;;;;;;;;;;;;;;;;;;;;;;;;;;;;;;;;;;;;;;;;;;;;;;;;;;;;;;;;;;;;;;;;;;;X;;;;
C24740001;C24740001;BRAKE MANIFOLD;OVERHAUL;;;;X;X;X;X;X;;;;;;;;;;;;;X;;;;;;;;;;;;;;;;;;;;;;;;;;;;;;;;;;;;;;;;;;;;;;;;;;;;;;;;;;;;;;;;;;;;;;;;;;;;;X;;;;
C24740002;C24740002;BRAKE MANIFOLD;OVERHAUL;;;;X;X;X;X;X;;;;;;;;;;;;;X;;;;;;X;;;;;;;;;;;;;;;;;;;;;;;;;;;;;;;;;;;;;;;;;;;;;;;;;;;;;;;;;;;;;;;;;;;;;;;X;;;;
C24740010;C24740010;BRAKE MANIFOLD;OVERHAUL;;;;X;X;X;X;X;;;;;;;;;;;;;X;;;;;;;;;;;;;;;;;;;;;;;;;;;;;;;;;;;;;;;;;;;;;;;;;;;;;;;;;;;;;;;;;;;;;;;;;;;;;X;;;;
C24747000;C24747000;SWIVEL SELECTOR VALVE;OVERHAUL;;;;X;X;X;X;X;;;X;;;;;;;;;;X;;;;;;;;;;;;;;;;;;;;;;;;;;;;;;;;;;;;;;;;;;;;;;;;;;;;;;;;;;;;;;;;;;;;;;;;;;;;;X;;;;
C247470001;C24747000-1;SWIVEL SELECTOR VALVE;OVERHAUL;;;;X;X;X;X;X;;;X;;;;;;;;;;X;;;;;;;;;;;;;;;;;;;;;;;;;;;;;;;;;;;;;;;;;;;;;;;;;;;;;;;;;;;;;;;;;;;;;;;;;;;;;X;;;;
C24757000;C24757000;VALVE-SAFETY;OVERHAUL;;;;X;X;X;X;X;;;;;;;;;;;;;X;;;;;;;;;;;;;;;;;;;;;;;;;;;;;;;;;;;;;;;;;;;;;;;;;;;;;;;;;;;;;;;;;;;;;;;;;;;;;X;;;;
C24757020;C24757020;SAFETY VALVE;OVERHAUL;;;;X;X;X;X;X;;;X;;;;;;;;;;X;;;;;;;;;;;;;;;;;;;;;;;;;;;;;;;;;;;;;;;;;;;;;;;;;;;;;;;;;;;;;;;;;;;;;;;;;;;;;X;;;;
C247770201;C24777020-1;NORMAL BRAKE MANIFOLD;OVERHAUL;;;;X;X;X;X;X;;;X;;;;;;;;;;X;;;;;;;;X;X;;;;;;;;;;;;;;;;;;;;;;;;;;;;;;;;;;;;;;;;;;;;;;;;;;;;;;;;;;;;;;;;;;;;X;;;;
C247770202;C24777020-2;NORMAL BRAKE MANIFOLD;OVERHAUL;;;;X;X;X;X;X;;;X;;;;;;;;;;X;;;;;;;;X;X;;;;;;;;;;;;;;;;;;;;;;;;;;;;;;;;;;;;;;;;;;;;;;;;;;;;;;;;;;;;;;;;;;;;X;;;;
C247770203;C24777020-3;NORMAL BRAKE MANIFOLD;OVERHAUL;;;;X;X;X;X;X;;;X;;;;;;;;;;X;;;;;;;;X;X;;;;;;;;;;;;;;;;;;;;;;;;;;;;;;;;;;;;;;;;;;;;;;;;;;;;;;;;;;;;;;;;;;;;X;;;;
C247820001;C24782000-1;SOLENOID VALVE;OVERHAUL;;;;X;X;X;X;X;;;;;;;;;;;;;X;;;;;;;;;;;;;;;;;;;;;;;;;;;;;;;;;;;;;;;;;;;;;;;;;;;;;;;;;;;;;;;;;;;;;;;;;;;;;X;;;;
C247820002;C24782000-2;SOLENOID VALVE;OVERHAUL;;;;X;X;X;X;X;;;;;;;;;;;;;X;;;;;;;;;;;;;;;;;;;;;;;;;;;;;;;;;;;;;;;;;;;;;;;;;;;;;;;;;;;;;;;;;;;;;;;;;;;;;X;;;;
C247820003;C24782000-3;SOLENOID VALVE;OVERHAUL;;;;X;X;X;X;X;;;;;;;;;;;;;X;;;;;;;;;;;;;;;;;;;;;;;;;;;;;;;;;;;;;;;;;;;;;;;;;;;;;;;;;;;;;;;;;;;;;;;;;;;;;X;;;;
C24837000;C24837000;MANIFOLD, BRAKE;OVERHAUL;;;;X;X;X;X;X;;;;;;;;;;;;;X;;;;;X;X;X;;;;;;;;;;;;;;;;;;;;;;;;;;;;;;;;;;;;;;;;;;;;;;;;;;;;;;;;;;;;;;;;;;;;;;X;;;;
C24837010;C24837010;MANIFOLD, BRAKE;OVERHAUL;;;;X;X;X;X;X;;;;;;;;;;;;;X;;;;;X;X;X;;;;;;;;;;;;;;;;;;;;;;;;;;;;;;;;;;;;;;;;;;;;;;;;;;;;;;;;;;;;;;;;;;;;;;X;;;;
C248370101;C24837010-1;MANIFOLD, BRAKE;OVERHAUL;;;;X;X;X;X;X;;;;;;;;;;;;;X;;;;;X;X;X;;;;;;;;;;;;;;;;;;;;;;;;;;;;;;;;;;;;;;;;;;;;;;;;;;;;;;;;;;;;;;;;;;;;;;X;;;;
C248370102;C24837010-2;NORMAL BRAKE MANIFOLD ASSY   (MESSIER);OVERHAUL;;;;X;X;X;X;X;;;;;;;;;;;;;X;;;;;X;X;X;;;;;;;;;;;;;;;;;;;;;;;;;;;;;;;;;;;;;;;;;;;;;;;;;;;;;;;;;;;;;;;;;;;;;;X;;;;
C248370103;C24837010-3;NORMAL BRAKE MANIFOLD ASSY   (MESSIER);OVERHAUL;;;;X;X;X;X;X;;;;;;;;;;;;;X;;;;;X;X;X;;;;;;;;;;;;;;;;;;;;;;;;;;;;;;;;;;;;;;;;;;;;;;;;;;;;;;;;;;;;;;;;;;;;;;X;;;;
C24837011;C24837011;BRAKE MANIFOLD              (MESSIER);OVERHAUL;;;;X;X;X;X;X;;;;;;;;;;;;;X;;;;;X;X;X;;;;;;;;;;;;;;;;;;;;;;;;;;;;;;;;;;;;;;;;;;;;;;;;;;;;;;;;;;;;;;;;;;;;;;X;;;;
C24837100;C24837100;MANIFOLD, BRAKE;OVERHAUL;;;;X;X;X;X;X;;;;;;;;;;;;;X;;;;;X;X;X;;;;;;;;;;;;;;;;;;;;;;;;;;;;;;;;;;;;;;;;;;;;;;;;;;;;;;;;;;;;;;;;;;;;;;X;;;;
C248371001;C24837100-1;MANIFOLD, BRAKE;OVERHAUL;;;;X;X;X;X;X;;;;;;;;;;;;;X;;;;;X;X;X;;;;;;;;;;;;;;;;;;;;;;;;;;;;;;;;;;;;;;;;;;;;;;;;;;;;;;;;;;;;;;;;;;;;;;X;;;;
C248371002;C24837100-2;NORMAL BRAKE MANIFOLD ASSY   (MESSIER);OVERHAUL;;;;X;X;X;X;X;;;;;;;;;;;;;X;;;;;X;X;X;;;;;;;;;;;;;;;;;;;;;;;;;;;;;;;;;;;;;;;;;;;;;;;;;;;;;;;;;;;;;;;;;;;;;;X;;;;
C248371003;C24837100-3;NORMAL BRAKE MANIFOLD ASSY   (MESSIER);OVERHAUL;;;;X;X;X;X;X;;;;;;;;;;;;;X;;;;;X;X;X;;;;;;;;;;;;;;;;;;;;;;;;;;;;;;;;;;;;;;;;;;;;;;;;;;;;;;;;;;;;;;;;;;;;;;X;;;;
C24837101;C24837101;NORMAL BRAKE MANIFOLD;OVERHAUL;;;;X;X;X;X;X;;;;;;;;;;;;;X;;;;;X;X;X;;;;;;;;;;;;;;;;;;;;;;;;;;;;;;;;;;;;;;;;;;;;;;;;;;;;;;;;;;;;;;;;;;;;;;X;;;;
C248371011;C24837101-1;NORMAL BRAKE MANIFOLD;OVERHAUL;;;;X;X;X;X;X;;;;;;;;;;;;;X;;;;;X;X;X;;;;;;;;;;;;;;;;;;;;;;;;;;;;;;;;;;;;;;;;;;;;;;;;;;;;;;;;;;;;;;;;;;;;;;X;;;;
C248371012;C24837101-2;NORMAL BRAKE MANIFOLD;OVERHAUL;;;;X;X;X;X;X;;;;;;;;;;;;;X;;;;;X;X;X;;;;;;;;;;;;;;;;;;;;;;;;;;;;;;;;;;;;;;;;;;;;;;;;;;;;;;;;;;;;;;;;;;;;;;X;;;;
C248371013;C24837101-3;NORMAL BRAKE MANIFOLD;OVERHAUL;;;;X;X;X;X;X;;;;;;;;;;;;;X;;;;;X;X;X;;;;;;;;;;;;;;;;;;;;;;;;;;;;;;;;;;;;;;;;;;;;;;;;;;;;;;;;;;;;;;;;;;;;;;X;;;;
C248371014;C24837101-4;NORMAL BRAKE MANIFOLD;OVERHAUL;;;;X;X;X;X;X;;;;;;;;;;;;;X;;;;;X;X;X;;;;;;;;;;;;;;;;;;;;;;;;;;;;;;;;;;;;;;;;;;;;;;;;;;;;;;;;;;;;;;;;;;;;;;X;;;;
C24837102;C24837102;NORMAL BRAKE MANIFOLD ASSEMBLY;OVERHAUL;;;;X;X;X;X;X;;;;;;;;;;;;;X;;;;;X;X;X;;;;;;;;;;;;;;;;;;;;;;;;;;;;;;;;;;;;;;;;;;;;;;;;;;;;;;;;;;;;;;;;;;;;;;X;;;;
C248371022;C24837102-2;NORMAL BRAKE MANIFOLD ASSEMBLY;OVERHAUL;;;;X;X;X;X;X;;;;;;;;;;;;;X;;;;;X;X;X;;;;;;;;;;;;;;;;;;;;;;;;;;;;;;;;;;;;;;;;;;;;;;;;;;;;;;;;;;;;;;;;;;;;;;X;;;;
C24839010;C24839010;LH ALTERNATE BRAKE MANIFOLD ASSEMBLY;OVERHAUL;;;;X;X;X;X;X;;;;;;;;;;;;;X;;;;;X;X;X;;;;;;;;;;;;;;;;;;;;;;;;;;;;;;;;;;;;;;;;;;;;;;;;;;;;;;;;;;;;;;;;;;;;;;X;;;;
C248390101;C24839010-1;LH ALTERNATE BRAKE MANIFOLD ASSEMBLY;OVERHAUL;;;;X;X;X;X;X;;;;;;;;;;;;;X;;;;;X;X;X;;;;;;;;;;;;;;;;;;;;;;;;;;;;;;;;;;;;;;;;;;;;;;;;;;;;;;;;;;;;;;;;;;;;;;X;;;;
C248390102;C24839010-2;LH ALTERNATE BRAKE MANIFOLD ASSEMBLY;OVERHAUL;;;;X;X;X;X;X;;;;;;;;;;;;;X;;;;;X;X;X;;;;;;;;;;;;;;;;;;;;;;;;;;;;;;;;;;;;;;;;;;;;;;;;;;;;;;;;;;;;;;;;;;;;;;X;;;;
C24839011;C24839011;MANIFOLD, BRAKE ASSY;OVERHAUL;;;;X;X;X;X;X;;;;;;;;;;;;;X;;;;;;X;;;;;;;;;;;;;;;;;;;;;;;;;;;;;;;;;;;;;;;;;;;;;;;;;;;;;;;;;;;;;;;;;;;;;;;X;;;;
C248390111;C24839011-1;MANIFOLD, BRAKE ASSY;OVERHAUL;;;;X;X;X;X;X;;;;;;;;;;;;;X;;;;;;X;;;;;;;;;;;;;;;;;;;;;;;;;;;;;;;;;;;;;;;;;;;;;;;;;;;;;;;;;;;;;;;;;;;;;;;X;;;;
C248390112;C24839011-2;MANIFOLD, BRAKE ASSY;OVERHAUL;;;;X;X;X;X;X;;;;;;;;;;;;;X;;;;;;X;;;;;;;;;;;;;;;;;;;;;;;;;;;;;;;;;;;;;;;;;;;;;;;;;;;;;;;;;;;;;;;;;;;;;;;X;;;;
C24840000;C24840000;RH ALTERNATE BRAKE MANIFOLD ASSEMBLY;OVERHAUL;;;;X;X;X;X;X;;;;;;;;;;;;;X;;;;;;;;;;;;;;;;;;;;;;;;;;;;;;;;;;;;;;;;;;;;;;;;;;;;;;;;;;;;;;;;;;;;;;;;;;;;;X;;;;
C24840010;C24840010;RH ALTERNATE BRAKE MANIFOLD ASSEMBLY;OVERHAUL;;;;X;X;X;X;X;;;;;;;;;;;;;X;;;;;X;X;X;;;;;;;;;;;;;;;;;;;;;;;;;;;;;;;;;;;;;;;;;;;;;;;;;;;;;;;;;;;;;;;;;;;;;;X;;;;
C248400101;C24840010-1;RH ALTERNATE BRAKE MANIFOLD ASSEMBLY;OVERHAUL;;;;X;X;X;X;X;;;;;;;;;;;;;X;;;;;X;X;X;;;;;;;;;;;;;;;;;;;;;;;;;;;;;;;;;;;;;;;;;;;;;;;;;;;;;;;;;;;;;;;;;;;;;;X;;;;
C248400102;C24840010-2;RH ALTERNATE BRAKE MANIFOLD ASSEMBLY;OVERHAUL;;;;X;X;X;X;X;;;;;;;;;;;;;X;;;;;X;X;X;;;;;;;;;;;;;;;;;;;;;;;;;;;;;;;;;;;;;;;;;;;;;;;;;;;;;;;;;;;;;;;;;;;;;;X;;;;
C24840011;C24840011;MANIFOLD, BRAKE ASSY;OVERHAUL;;;;X;X;X;X;X;;;;;;;;;;;;;X;;;;;;X;;;;;;;;;;;;;;;;;;;;;;;;;;;;;;;;;;;;;;;;;;;;;;;;;;;;;;;;;;;;;;;;;;;;;;;X;;;;
C248400111;C24840011-1;MANIFOLD, BRAKE ASSY;OVERHAUL;;;;X;X;X;X;X;;;;;;;;;;;;;X;;;;;;X;;;;;;;;;;;;;;;;;;;;;;;;;;;;;;;;;;;;;;;;;;;;;;;;;;;;;;;;;;;;;;;;;;;;;;;X;;;;
C248400112;C24840011-2;MANIFOLD, BRAKE ASSY;OVERHAUL;;;;X;X;X;X;X;;;;;;;;;;;;;X;;;;;;X;;;;;;;;;;;;;;;;;;;;;;;;;;;;;;;;;;;;;;;;;;;;;;;;;;;;;;;;;;;;;;;;;;;;;;;X;;;;
C24849000;C24849000;HYDRAULIC UNIT.(MESSIER BUGATTI);OVERHAUL;;;;X;X;X;X;X;;;;;;X;;;;;;;;;;;;;;;;;;;;;;;;;;;;;;;;;;;;;;;;;;;;;;;;;;;;;;;;;;;;;;;;;;;;;;;;;;;;;;;;;;;;X;;;;
C248490001;C24849000-1;HYDRAULIC UNIT.(MESSIER BUGATTI);OVERHAUL;;;;X;X;X;X;X;;;X;;;X;;;;;;;;;;;;;;;;;;;;;;;;;;;;;;;;;;;;;;;;;;;;;;;;;;;;;;;;;;;;;;;;;;;;;;;;;;;;;;;;;;;;X;;;;
C24857000;C24857000;SWIVEL, SELECTOR VALVE;OVERHAUL;;;;X;X;X;X;X;;;X;;;;;;;;;;X;;;;;;;;;;;;;;;;;;;;;;;;;;;;;;;;;;;;;;;;;;;;;;;;;;;;;;;;;;;;;;;;;;;;;;;;;;;;;X;;;;
C248570001;C24857000-1;SWIVEL, SELECTOR VALVE;OVERHAUL;;;;X;X;X;X;X;;;X;;;;;;;;;;X;;;;;;;;;;;;;;;;;;;;;;;;;;;;;;;;;;;;;;;;;;;;;;;;;;;;;;;;;;;;;;;;;;;;;;;;;;;;;X;;;;
C24858000;C24858000;SENSOR BOX;REPAIR;;;;X;X;X;X;X;;;;;;;;;;;;;X;;;;;;;;;;;;;;;;;;;;;;;;;;;;;;;;;;;;;;;;;;;;;;;;;;;;;;;;;;;;;;;;;;;;;;;;;;;;;X;;;;
C24859000;C24859000;GEARBOX;OVERHAUL;;;;X;X;X;X;X;;;X;;;;;;;;;;X;;;;;;;;;;;;;;;;;;;;;;;;;;;;;;;;;;;;;;;;;;;;;;;;;;;;;;;;;;;;;;;;;;;;;;;;;;;;;X;;;;
C248790202;C24879020-2;BRAKE MANIFOLD ASSY;OVERHAUL;;;;X;X;X;X;X;;;;;;;;;;;;;X;;;;;;;;X;X;;;;;;;;;;;;;;;;;;;;;;;;;;;;;;;;;;;;;;;;;;;;;;;;;;;;;;;;;;;;;;;;;;;;X;;;;
C248790203;C24879020-3;BRAKE MANIFOLD ASSY;OVERHAUL;;;;X;X;X;X;X;;;;;;;;;;;;;X;;;;;;;;X;X;;;;;;;;;;;;;;;;;;;;;;;;;;;;;;;;;;;;;;;;;;;;;;;;;;;;;;;;;;;;;;;;;;;;X;;;;
C248800202;C24880020-2;BRAKE MANIFOLD ASSY;OVERHAUL;;;;X;X;X;X;X;;;;;;;;;;;;;X;;;;;;;;X;X;;;;;;;;;;;;;;;;;;;;;;;;;;;;;;;;;;;;;;;;;;;;;;;;;;;;;;;;;;;;;;;;;;;;X;;;;
C248800203;C24880020-3;BRAKE MANIFOLD ASSY;OVERHAUL;;;;X;X;X;X;X;;;;;;;;;;;;;X;;;;;;;;X;X;;;;;;;;;;;;;;;;;;;;;;;;;;;;;;;;;;;;;;;;;;;;;;;;;;;;;;;;;;;;;;;;;;;;X;;;;
C24960000;C24960000;SAFETY VALVE;OVERHAUL;;;;X;X;X;X;X;;;;;;;;;;;;;X;;;;;;;;;;;;;;;;;;;;;;;;;;;;;;;;;;;;;;;;;;;;;;;;;;;;;;;;;;;;;;;;;;;;;;;;;;;;;X;;;;
C249600001;C24960000-1;SAFETY VALVE;OVERHAUL;;;;X;X;X;X;X;;;;;;;;;;;;;X;X;X;X;;;;;X;X;;;;;;;;;;;;;;;;;;;;;;;;;;;;;;;;;;;;;;;;;;;;;;;;;;;;;;;;;;;;;;;;;;;;X;;;;
C24966000;C24966000;SAFETY VALVE;OVERHAUL;;;;X;X;X;X;X;;;;;;;;;;;;;X;;;;;;;;X;;;;;;;;;;;;;;;;;;;;;;;;;;;;;;;;;;;;;;;;;;;;;;;;;;;;;;;;;;;;;;;;;;;;;X;;;;
C24998000;C24998000;SWIVEL SELECTOR VALVE;OVERHAUL;;;;X;X;X;X;X;;;X;;;;;;;;;;X;;;;;;;;;;;;;;;;;;;;;;;;;;;;;;;;;;;;;;;;;;;;;;;;;;;;;;;;;;;;;;;;;;;;;;;;;;;;;X;;;;
C25243002;C25243002;SAFETY VALVE;OVERHAUL;;;;X;X;X;X;X;;;;;;;;;;;;;X;;;;;;;;;;;;;;;;;;;;;;;;;;;;;;;;;;;;;;;;;;;;;;;;;;;;;;;;;;;;;;;;;;;;;;;;;;;;;X;;;;
C252430021;C25243002-1;SAFETY VALVE;OVERHAUL;;;;X;X;X;X;X;;;;;;;;;;;;;X;X;X;X;X;X;X;X;X;X;;;;;;;;;;;;;;;;;;;;;;;;;;;;;;;;;;;;;;;;;;;;;;;;;;;;;;;;;;;;;;;;;;;;X;;;;
C252430022;C25243002-2;SAFETY VALVE;OVERHAUL;;;;X;X;X;X;X;;;;;;;;;;;;;X;;;;;;;;;;;;;;;;;;;;;;;;;;;;;;;;;;;;;;;;;;;;;;;;;;;;;;;;;;;;;;;;;;;;;;;;;;;;;X;;;;
C25243102;C25243102;VALVE, SAFETY (FR);OVERHAUL;;;;X;X;X;X;X;;;;;;;;;;;;;X;X;X;;;;X;;X;X;;;;;;;;;;;;;;;;;;;;;;;;;;;;;;;;;;;;;;;;;;;;;;;;;;;;;;;;;;;;;;;;;;;;X;;;;
C3495100086;C3495100086;OVERSPEED SENSOR;;REPAIR;;;X;X;;;;;;;;;;;;;;;;;;;;;;;;;;;;;;;;;;;;;;;;;;;;;;;;;;;;;;;;;;;;;;;;;;;;;;;;;X;X;;;;;;;;;;;;;;X;X;;;;;X;;;
C352;C352;EXTINGUISHER;;TEST;;;X;X;;;;;;;;;;;;;;;;;;;;;;;;;;;;;;;;;;;;;;;;;;;;;;;;;;;;;;;;;;;;;;;;;;;;;;;;;;;;;;;;;;;;;;;;X;X;;;;;X;;;
C352T;C352T;EXTINGUISHER;;TEST;;;X;X;;;;;;;;;;;;;;;;;;;;;;;;;;;;;;;;;;;;;;;;;;;;;;;;;;;;;;;;;;;;;;;;;;;;;;;;;;;;;;;;X;;;;;;;;;;;;;;X;;;
C352TS;C352TS;EXTINGUISHER;;TEST;;;X;X;;X;;;;;;;;;;;;;;;;;;;;;;;;;;;;;;;;;;;;;;;;;;;;;;;;;;;;;;;;;;;;;;;;;;;;;;;;;;;;;;X;;;;;;;;;;;;;;X;;;
C3SE041920000;C3SE0419-20000;BOITIER SELECTEUR;;REPAIR;;;X;;;;;;;;;;;;;;;;;;;;;;;;;;;;;;;;;;;;;;;;;;;;;;;;;;;;;;;;;;;;;;;;;;;;;;;;;;;;;;;;;X;;;X;;;;;;;;;;;X;;;
C51LM0011;C51LM0011;SELECTOR, MANUAL;OVERHAUL;;;;X;X;X;X;X;;;;;;;;;;;;;X;;;;;;;;;;;;;;;;;;;;;;;;;;;;;;;;;;;;;;;;;;;;;;;;;;;;;;;;;;;;;;;;;;;;;;;;;;;;;X;;;;
C51LM0012;C51LM0012;SELECTOR, MANUAL;OVERHAUL;;;;X;X;X;X;X;;;;;;;;;;;;;X;X;;;;;;;;;;;;;;;;;;;;;;;;;;;;;;;;;;;;;;;;;;;;;;;;;;;;;;;;;;;;;;;;;;;;;;;;;;;;X;;;;
C51LM0013;C51LM0013;SELECTOR, MANUAL;OVERHAUL;;;;X;X;X;X;X;;;;;;;;;;;;;X;X;;;;;;;;;;;;;;;;;;;;;;;;;;;;;;;;;;;;;;;;;;;;;;;;;;;;;;;;;;;;;;;;;;;;;;;;;;;;X;;;;
C51LM0014;C51LM0014;SELECTOR, MANUAL;OVERHAUL;;;;X;X;X;X;X;;;;;;;;;;;;;X;X;X;X;;;;;;;;;;;;;;;;;;;;;;;;;;;;;;;;;;;;;;;;;;;;;;;;;;;;;;;;;;;;;;;;;;;;;;;;;;X;;;;
C525034;C52503-4;PISTON;REPAIR;;;;X;X;X;X;X;;;;;;;;;;;;;;;;;;;;;;;;;;;;;;;;;;;;;;;;;;;;;;;;X;;;;;;;;;;;;;;;;;;;;;;;;;;;;;;;;;;;;;;;;;;X;;;;
C554483;C55448-3;CYLINDRE;REPAIR;;;;X;X;X;X;;;;;;;X;;;;X;;;;;;;;;;;;;;;;;;;;;;;;;;;;;;;;;;;;;;;;;;;;;;;;;;;;;;;;;;;;;;;;;;;;;;;;;;;;;;;;X;;;;
C67833;C67833;BODY PLUGGED;REPAIR;;;;X;X;X;X;X;;;;;;;;;;;;;X;;;;;;;;;;;;;;;;;;;;;;;;;;;;;;;;;;;;;;;;;;;;;;;;;;;;;;;;;;;;;;;;;;;;;;;;;;;;;X;;;;
C6FS11593;C6FS1159-3;DOME RADAR;;REPAIR;;;X;X;;;;;;;;;;;;;;;;;;;;;;;;;;;;;;;;;;;;;;;;;;;;;;;;;;;;;;;;;;;;;;;;;;;;;;;;;;;;;;;;X;;;;;;;;;;;;;;X;;;
C6NF13241;C6NF1324-1;EMERGENCY BATTERY;;OVERHAUL;;;X;X;;X;;;;;;;;;;;;;;;;;;;;;;;;;;;;;;;;;;;;;;;;;;;;;;;;;;;;;;;;;;;;;;;;;;;;;;;;;;;;;;X;;;;;;X;;;;;;;;X;;;
C6SC10053;C6SC1005-3;PUMP;;OVERHAUL;;;X;;;;;;;;;;;;;;;;;;;;;;;;;;;;;;;;;;;;;;;;;;;;;;;;;;;;;;;;;;;;;;;;;;;;;;;;;;;;;;;;;X;;;;;;X;;;;;;;;X;;;
C6SC10361;C6SC1036-1;INDICATOR;;REPAIR;;;X;X;;X;;;;;;;;;;;;;;;;;;;;;;;;;;;;;;;;;;;;;;;;;;;;;;;;;;;;;;;;;;;;;;;;;;;;;;;;;;;;;;X;;;;;;X;;;;;;;;X;;;
C6SC10375;C6SC1037-5;TACHOMETER INDICATOR;;BENCH TEST;;;X;X;;;;;;;;;;;;;;;;;;;;;;;;;;;;;;;;;;;;;;;;;;;;;;;;;;;;;;;;;;;;;;;;;;;;;;;;;;;;;;;;X;;;;;;X;;;;;;;;X;;;
C6SC10377;C6SC1037-7;TACHOMETER INDICATOR;;BENCH TEST;;;X;X;;;;;;;;;;;;;;;;;;;;;;;;;;;;;;;;;;;;;;;;;;;;;;;;;;;;;;;;;;;;;;;;;;;;;;;;;;;;;;;;X;;;;;;X;;;;;;;;X;;X;
C6WF10023;C6WF1002-3;FLAP;;REPAIR;;;X;;;;;;;;;;;;;;;;;;;;;;;;;;;;;;;;;;;;;;;;;;;;;;;;;;;;;;;;;;;;;;;;;;;;;;;;;;;;;;;;;X;;;;;;X;;;;;;;;X;;X;
C6WF10043;C6WF1004-3;FLAP ASSY;;REPAIR;;;X;;;;;;;;;;;;;;;;;;;;;;;;;;;;;;;;;;;;;;;X;X;;;;;;;;;;;;;;;;;;;;;;;;;;;;;;;;;;;;;;;;;X;;;;;;X;;;;;;;;X;;;
C90ST0002;C90ST0002;GAUGE TRANSMITTER;REPAIR;;;;X;X;X;X;X;;;X;;;;;;;;;;X;;;;;;;;;;;;;;;;;;;;;;;;;;;;;;;;;;;;;;;;;;;;;;;;;;;;;;;;;;;;;;;;;;;;;;;;;;;;;X;;;;
C90ST0003;C90ST0003;GAUGE TRANSMITTER;REPAIR;;;;X;X;X;X;X;;;X;;;;;;;;;;X;;;;;;;;;;;;;;;;;;;;;;;;;;;;;;;;;;;;;;;;;;;;;;;;;;;;;;;;;;;;;;;;;;;;;;;;;;;;;X;;;;
C90ST0016;C90ST0016;MOTOR ASSY;;BENCH TEST;;;X;X;;X;;;;;;;;;;;;;;;;;;;;;;;;;;;;;;;;;;;;X;X;X;X;X;;;;;;;;;;;;;;;;;;;;;;;;;;;;;;;;;;;;;;;;;;;;;;;;;;;;X;;;
C90ST0082;C90ST0082;MOTOR ASSY;;BENCH TEST;;;X;X;;X;;;;;;;;;;;;;;;;;;;;;;;;;;;;;;;;;;;;X;X;X;X;X;;;;;;;;;;;;;;;;;;;;;;;;;;;;;;;;;;;;;;;;;;;;;;;;;;;;X;;;
C90ST0103;C90ST0103;MOTOR ASSY;;BENCH TEST;;;X;X;;X;;;;;;;;;;;;;;;;;;;;;;;;;;;;;;;;;;;;X;X;X;X;X;;;;;;;;;;;;;;;;;;;;;;;;;;;;;;;;;;;;;;;;;;;;;;;;;;;;X;;;
CA9303;CA9303;MOTOR,;REPAIR;;;;X;X;X;X;X;;;;;;;;;;;;;X;;;;;;;;;;;;;;;;;;;;;;;;;;;;;;;;;;;;;;;;;;;;;;;;;;;;;;;;;;;;;;;;;;;;;;;;;;;;;X;;;;
CAU2533;CAU2533;REMOTE CONTROL AUDIO UNIT;;REPAIR;;;X;X;X;X;X;;;;;;;;;;;;;;;;;;;;;;;;;;;;;;;;;;;X;X;;;;;;;;;;;;;;;;;;;;;;;;;;;;;;;;;;;;;;;;;;;;;;;;;;;;;;;X;;;
CAU2533AA03;CAU2533AA03;REMOTE CONTROL AUDIO UNIT;;REPAIR;;;X;X;X;X;X;;;;;;;;;;;;;;;;;;;;;;;;;;;;;;;;;;;X;X;;;;;;;;;;;;;;;;;;;;;;;;;;;;;;;;;;;;;;;;;;;;;;;;;;;;;;;X;;;
CAU2533AB03;CAU2533AB03;CONTROL UNIT;;REPAIR;;;X;X;X;X;X;;;;;;;;;;;;;;;;;;;;;;;;;;;;;;;;;;;X;;;;X;;;;;;;;;;;;;;;;;;;;;;;;;;;;;;;;;;;;;;;;;;;;;;;;;;;;X;;;
CAU2583;CAU2583;RCAU;;REPAIR;;;X;X;X;X;X;;;;;;;;;;;;;;;;;;;;;;;;;;;;;;;;;;;X;X;;;;;;;;;;;;;;;;;;;;;;;;;;;;;;;;;;;;;;;;;;;;;;;;;;;;;;;X;;;
CAU2583AA03;CAU2583AA03;CONTROL;;REPAIR;;;X;X;X;X;X;;;;;;;;;;;;;;;;;;;;;;;;;;;;;;;;;;;X;X;;;;;;;;;;;;;;;;;;;;;;;;;;;;;;;;;;;;;;;;;;;;;;;;;;;;;;;X;;;
CAU2583AB02;CAU2583AB02;CONTROL;;REPAIR;;;X;X;X;X;X;;;;;;;;;;;;;;;;;;;;;;;;;;;;;;;;;;;X;X;;;;;;;;;;;;;;;;;;;;;;;;;;;;;;;;;;;;;;;;;;;;;;;;;;;;;;;X;;;
CAU2583AB03;CAU2583AB03;CONTROL;;REPAIR;;;X;X;X;X;X;;;;;;;;;;;;;;;;;;;;;;;;;;;;;;;;;;;X;X;;;;;;;;;;;;;;;;;;;;;;;;;;;;X;;;;;;;;;;;;;X;;;;;;;;;;;;;;X;;X;
CC6701535235;CC670-15352-35;FAIRING;;REPAIR;;;X;X;;;;;;;;;;;;;;;;;;;;;;;;;;;;;;;;;;;;;;;;;;;;;;;;;;;;;;;;;;;;;;;;;;;X;;;;;;;;;;;;;X;;;;;;;;;;;;;;X;;X;
CC6701535243;CC670-15352-43;FAIRING ASSY;;REPAIR;;;X;X;;;;;;;;;;;;;;;;;;;;;;;;;;;;;;;;;;;;;;;;;;;;;;;;;;;;;;;;;;;;;;;;;;;X;;;;;;;;;;;;;X;;;;;;;;;;;;;;X;;X;
CC6701535244;CC670-15352-44;FAIRING;;REPAIR;;;X;X;;;;;;;;;;;;;;;;;;;;;;;;;;;;;;;;;;;;;;;;;;;;;;;;;;;;;;;;;;;;;;;;;;;X;;;;;;;;;;;;;X;;;;;;;;;;;;;;X;;X;
CC67015352951;CC670-15352-951;FAIRING;;REPAIR;;;X;X;;;;;;;;;;;;;;;;;;;;;;;;;;;;;;;;;;;;;;;;;;;;;;;;;;;;;;;;;;;;;;;;;;;X;;;;;;;;;;;;;X;;;;;;;;;;;;;;X;;X;
CC670163505;CC670-16350-5;FAIRING;;REPAIR;;;X;X;;;;;;;;;;;;;;;;;;;;;;;;;;;;;;;;;;;;;;;;;;;;;;;;;;;;;;;;;;;;;;;;;;;X;;;;;;;;;;;;;X;;;;;;;;;;;;;;X;;X;
CC670330973;CC670-33097-3;DOORD ASSY NLG FWD RH;;REPAIR;;;X;X;;X;;;;;;;;;;;;;;;;;;;;;;;;;;;;;;;;;;;;;;;;;;;;;;;;;;;;;;;;;;;;;;;;;;;;;;;;;;;;;;;;;;;;;;X;X;;;;;X;;;
CG1137AC10;CG1137AC10;IRS MODE SELECT UNIT;;REPAIR;;DNR;X;;;;;;;;;;;;;;;;;;;;;;;;;;;;;;;;;;;;;;;;;;;;;;;;;;;;;;;;;;;;;;;;;;;;;;;;;;;;;;;;;X;;;;;;;;;;;;;;X;;;
CG8104013446N00;CG8104013446N00;FILTER ASSY;;INSPECTION;;;X;X;;;;;;;;X;;;;;;;;;;;;;;;;;;;;;;;;;;;;;;;;;;;;;;;;;;;X;;;X;;;;;;;;;;;;;;;;;;;;;;;;;;;;;;;;;;;;;;;;X;;;
CG8106013356N00;CG8106013356N00;CARTRIDGE-FILTER;;INSPECTION;;;X;X;;;;;;;;X;;;;;;;;;;;;;;;;;;;;;;;;;;;;;;;;;;;;;;;;;;;X;;;X;;;;;;;;;;;;;;;;;;;;;;;;;;;;;;;;;;;;;;;;X;;;
CH0377101482A01;CH0377101482A01;RING;;INSPECTION;;;X;;;;;;;;;;;;;;;;;;;;;;;;;;;;;;;;;;;;;;;;;;;;;;;;;;;;;;;;;;;;;;;;;;;;;;;;;;X;X;;;;;;X;;;;;;;;;;;;;;X;;X;
CH1329A0008;CH1329A0008;COUPLING BOX;REPAIR;;;;X;X;X;X;X;;;;;;;;;;;;;X;;;X;;;;;;;;;;;;;;;;;;;;;;;;;;;;;;;;;;;;;;;;;;;;;;;;;;;;;;;;;;;;;;;;;;;;;;;;;;X;;;;
CH1330A0118;CH1330A0118;STEADY BEARING ASSEMBLY       (LUCAS);REPAIR;;;;X;X;X;X;;;;;;;;;;;;;;X;;;X;;;;;;;;;;;;;;;;;;;;;;;;;;;;;;;;;;;;;;;;;;;;;;;;;;;;;;;;;;;;;;;;;;;;;;;;;;X;;;;
CH8066093732N00;CH8066093732N00;CARTRIDGE FILTER;;REPAIR;;;X;X;;;;;;;;;;;;;;;;;;;;;;;;;;;;;;;;;;;;;;;;;;;;;;;;;;;;;;;X;;;;;;;;;;;;;;;;;;;;;;;;;;;;;;;;;;;;;;;X;;;
CHA1062001;CHA1062-001;FRICTION BRAKE;OVERHAUL;;;;X;X;X;X;X;;;;;;;;;;;;;X;;;;;;;;;;;;;;;;;;;;;;;;;;;;;;;;;;;;;;;;;;;;;;;;;;;;;;;;;;;;;;;;;;;;;;;;;;;;;X;;;;
CHA1062002A;CHA1062-002A;FRICTION BRAKE;OVERHAUL;;;;X;X;X;X;X;;;;;;;;;;;;;X;;;;;;;;;;;;;;;;;;;;;;;;;;;;;;;;;;;;;;;;;;;;;;;;;;;;;;;;;;;;;;;;;;;;;;;;;;;;;X;;;;
CHA1062002B;CHA1062-002B;FRICTION BRAKE;OVERHAUL;;;;X;X;X;X;X;;;;;;;;;;;;;X;;;;;;;;;;;;;;;;;;;;;;;;;;;;;;;;;;;;;;;;;;;;;;;;;;;;;;;;;;;;;;;;;;;;;;;;;;;;;X;;;;
CHA1062005A;CHA1062-005A;FRICTION BRAKE;OVERHAUL;;;;X;X;X;X;X;;;;;;;;;;;;;X;;;;;;;;;;;;;;;;;;;;;;;;;;;;;;;;;;;;;;;;;;;;;;;;;;;;;;;;;;;;;;;;;;;;;;;;;;;;;X;;;;
CHA1062006A;CHA1062-006A;FRICTION BRAKE;OVERHAUL;;;;X;X;X;X;X;;;;;;;;;;;;;X;X;;;;;;;;;;;;;;;;;;;;;;;;;;;;;;;;;;;;;;;;;;;;;;;;;;;;;;;;;;;;;;;;;;;;;;;;;;;;X;;;;
CHA1062006B;CHA1062-006B;FRICTION BRAKE;OVERHAUL;;;;X;X;X;X;X;;;;;;;;;;;;;X;;;;;;;;;;;;;;;;;;;;;;;;;;;;;;;;;;;;;;;;;;;;;;;;;;;;;;;;;;;;;;;;;;;;;;;;;;;;;X;;;;
CHA1062007A;CHA1062-007A;FRICTION BRAKE;OVERHAUL;;;;X;X;X;X;X;;;;;;;;;;;;;X;X;;;;;;;;;;;;;;;;;;;;;;;;;;;;;;;;;;;;;;;;;;;;;;;;;;;;;;;;;;;;;;;;;;;;;;;;;;;;X;;;;
CHA1062007B;CHA1062-007B;BRAKE ASSY-FRICTION;OVERHAUL;;;;X;X;X;X;X;;;;;;;;;;;;;X;;;;;;;;;;;;;;;;;;;;;;;;;;;;;;;;;;;;;;;;;;;;;;;;;;;;;;;;;;;;;;;;;;;;;;;;;;;;;X;;;;
CHA1063001;CHA1063-001;FRICTION BRAKE;OVERHAUL;;;;X;X;X;X;X;;;;;;;;;;;;;X;;;;;;;;;;;;;;;;;;;;;;;;;;;;;;;;;;;;;;;;;;;;;;;;;;;;;;;;;;;;;;;;;;;;;;;;;;;;;X;;;;
CHA1063002A;CHA1063-002A;FRICTION BRAKE;OVERHAUL;;;;X;X;X;X;X;;;;;;;;;;;;;X;;;;;;;;;;;;;;;;;;;;;;;;;;;;;;;;;;;;;;;;;;;;;;;;;;;;;;;;;;;;;;;;;;;;;;;;;;;;;X;;;;
CHA1063002B;CHA1063-002B;FRICTION BRAKE;OVERHAUL;;;;X;X;X;X;X;;;;;;;;;;;;;X;;;;;;;;;;;;;;;;;;;;;;;;;;;;;;;;;;;;;;;;;;;;;;;;;;;;;;;;;;;;;;;;;;;;;;;;;;;;;X;;;;
CHA1063005A;CHA1063-005A;FRICTION BRAKE;OVERHAUL;;;;X;X;X;X;X;;;;;;;;;;;;;X;;;;;;;;;;;;;;;;;;;;;;;;;;;;;;;;;;;;;;;;;;;;;;;;;;;;;;;;;;;;;;;;;;;;;;;;;;;;;X;;;;
CHA1063006A;CHA1063-006A;FRICTION BRAKE;OVERHAUL;;;;X;X;X;X;X;;;;;;;;;;;;;X;X;;;;;;;;;;;;;;;;;;;;;;;;;;;;;;;;;;;;;;;;;;;;;;;;;;;;;;;;;;;;;;;;;;;;;;;;;;;;X;;;;
CHA1063006B;CHA1063-006B;FRICTION BRAKE;OVERHAUL;;;;X;X;X;X;X;;;;;;;;;;;;;X;;;;;;;;;;;;;;;;;;;;;;;;;;;;;;;;;;;;;;;;;;;;;;;;;;;;;;;;;;;;;;;;;;;;;;;;;;;;;X;;;;
CHA1063007A;CHA1063-007A;FRICTION BRAKE;OVERHAUL;;;;X;X;X;X;X;;;;;;;;;;;;;X;X;;;;;;;;;;;;;;;;;;;;;;;;;;;;;;;;;;;;;;;;;;;;;;;;;;;;;;;;;;;;;;;;;;;;;;;;;;;;X;;;;
CHA1063007B;CHA1063-007B;BRAKE ASSY-FRICTION;OVERHAUL;;;;X;X;X;X;X;;;;;;;;;;;;;X;;;;;;;;;;;;;;;;;;;;;;;;;;;;;;;;;;;;;;;;;;;;;;;;;;;;;;;;;;;;;;;;;;;;;;;;;;;;;X;;;;
CHA704708;CHA704-708;SHAFT, SLAT TRANSMISSION;OVERHAUL;;;;X;X;X;X;X;;;;;;;;;;;;;X;X;;;;;;;;;;;;;;;;;;;;;;;;;;;;;;;;;;;;;;;;;;;;;;;;;;;;;;;;;;;;;;;;;;;;;;;;;;;;X;;;;
CHA704711;CHA704-711;SHAFT, SLAT TRANSMISSION;OVERHAUL;;;;X;X;X;X;X;;;;;;;;;;;;;X;X;;;;;;;;;;;;;;;;;;;;;;;;;;;;;;;;;;;;;;;;;;;;;;;;;;;;;;;;;;;;;;;;;;;;;;;;;;;;X;;;;
CHA704714;CHA704-714;SHAFT, SLAT TRANSMISSION;OVERHAUL;;;;X;X;X;X;X;;;;;;;;;;;;;X;X;;;;;;;;;;;;;;;;;;;;;;;;;;;;;;;;;;;;;;;;;;;;;;;;;;;;;;;;;;;;;;;;;;;;;;;;;;;;X;;;;
CHA704716;CHA704-716;SHAFT, SLAT TRANSMISSION;OVERHAUL;;;;X;X;X;X;X;;;;;;;;;;;;;X;X;;;;;;;;;;;;;;;;;;;;;;;;;;;;;;;;;;;;;;;;;;;;;;;;;;;;;;;;;;;;;;;;;;;;;;;;;;;;X;;;;
CHA704717;CHA704-717;SHAFT, SLAT TRANSMISSION;OVERHAUL;;;;X;X;X;X;X;;;;;;;;;;;;;X;X;;;;;;;;;;;;;;;;;;;;;;;;;;;;;;;;;;;;;;;;;;;;;;;;;;;;;;;;;;;;;;;;;;;;;;;;;;;;X;;;;
CHA704721;CHA704-721;SHAFT, SLAT TRANSMISSION;OVERHAUL;;;;X;X;X;X;X;;;;;;;;;;;;;X;X;;;;;;;;;;;;;;;;;;;;;;;;;;;;;;;;;;;;;;;;;;;;;;;;;;;;;;;;;;;;;;;;;;;;;;;;;;;;X;;;;
CHA704722;CHA704-722;SHAFT, SLAT TRANSMISSION;OVERHAUL;;;;X;X;X;X;X;;;;;;;;;;;;;X;X;;;;;;;;;;;;;;;;;;;;;;;;;;;;;;;;;;;;;;;;;;;;;;;;;;;;;;;;;;;;;;;;;;;;;;;;;;;;X;;;;
CHA704723;CHA704-723;SHAFT, SLAT TRANSMISSION;OVERHAUL;;;;X;X;X;X;X;;;;;;;;;;;;;X;X;;;;;;;;;;;;;;;;;;;;;;;;;;;;;;;;;;;;;;;;;;;;;;;;;;;;;;;;;;;;;;;;;;;;;;;;;;;;X;;;;
CHA704724;CHA704-724;SHAFT, SLAT TRANSMISSION;OVERHAUL;;;;X;X;X;X;X;;;;;;;;;;;;;X;X;;;;;;;;;;;;;;;;;;;;;;;;;;;;;;;;;;;;;;;;;;;;;;;;;;;;;;;;;;;;;;;;;;;;;;;;;;;;X;;;;
CHA704726;CHA704-726;SHAFT, SLAT TRANSMISSION;OVERHAUL;;;;X;X;X;X;X;;;;;;;;;;;;;X;X;;;;;;;;;;;;;;;;;;;;;;;;;;;;;;;;;;;;;;;;;;;;;;;;;;;;;;;;;;;;;;;;;;;;;;;;;;;;X;;;;
CHA704732;CHA704-732;SHAFT, SLAT TRANSMISSION;OVERHAUL;;;;X;X;X;X;X;;;;;;;;;;;;;X;X;;;;;;;;;;;;;;;;;;;;;;;;;;;;;;;;;;;;;;;;;;;;;;;;;;;;;;;;;;;;;;;;;;;;;;;;;;;;X;;;;
CHA704744;CHA704-744;SHAFT, SLAT TRANSMISSION;OVERHAUL;;;;X;X;X;X;X;;;;;;;;;;;;;X;X;;;;;;;;;;;;;;;;;;;;;;;;;;;;;;;;;;;;;;;;;;;;;;;;;;;;;;;;;;;;;;;;;;;;;;;;;;;;X;;;;
CHA704745;CHA704-745;UNIVERSAL JOINT ASSY;OVERHAUL;;;;X;X;X;X;X;;;;;;;;;;;;;X;X;;;;;;;;;;;;;;;;;;;;;;;;;;;;;;;;;;;;;;;;;;;;;;;;;;;;;;;;;;;;;;;;;;;;;;;;;;;;X;;;;
CHA704747;CHA704-747;SHAFT, SLAT TRANSMISSION;OVERHAUL;;;;X;X;X;X;X;;;;;;;;;;;;;X;X;;;;;;;;;;;;;;;;;;;;;;;;;;;;;;;;;;;;;;;;;;;;;;;;;;;;;;;;;;;;;;;;;;;;;;;;;;;;X;;;;
CHA704750;CHA704-750;SHAFT, SLAT TRANSMISSION;OVERHAUL;;;;X;X;X;X;X;;;;;;;;;;;;;X;X;;;;;;;;;;;;;;;;;;;;;;;;;;;;;;;;;;;;;;;;;;;;;;;;;;;;;;;;;;;;;;;;;;;;;;;;;;;;X;;;;
CHA704752;CHA704-752;SHAFT, SLAT TRANSMISSION;OVERHAUL;;;;X;X;X;X;X;;;;;;;;;;;;;X;X;;;;;;;;;;;;;;;;;;;;;;;;;;;;;;;;;;;;;;;;;;;;;;;;;;;;;;;;;;;;;;;;;;;;;;;;;;;;X;;;;
CHA704756;CHA704-756;SHAFT, SLAT TRANSMISSION;OVERHAUL;;;;X;X;X;X;X;;;;;;;;;;;;;X;X;;;;;;;;;;;;;;;;;;;;;;;;;;;;;;;;;;;;;;;;;;;;;;;;;;;;;;;;;;;;;;;;;;;;;;;;;;;;X;;;;
CHA704757;CHA704-757;SHAFT, SLAT TRANSMISSION;OVERHAUL;;;;X;X;X;X;X;;;;;;;;;;;;;X;X;;;;;;;;;;;;;;;;;;;;;;;;;;;;;;;;;;;;;;;;;;;;;;;;;;;;;;;;;;;;;;;;;;;;;;;;;;;;X;;;;
CHA704758;CHA704-758;SHAFT, SLAT TRANSMISSION;OVERHAUL;;;;X;X;X;X;X;;;;;;;;;;;;;X;X;;;;;;;;;;;;;;;;;;;;;;;;;;;;;;;;;;;;;;;;;;;;;;;;;;;;;;;;;;;;;;;;;;;;;;;;;;;;X;;;;
CHA704783;CHA704-783;SHAFT, SLAT TRANSMISSION;OVERHAUL;;;;X;X;X;X;X;;;;;;;;;;;;;X;X;;;;;;;;;;;;;;;;;;;;;;;;;;;;;;;;;;;;;;;;;;;;;;;;;;;;;;;;;;;;;;;;;;;;;;;;;;;;X;;;;
CHA722156;CHA722-156;SHAFT FLAP TRANSMISSION;OVERHAUL;;;;X;X;X;X;X;;;;;;;;;;;;;X;;;;;;;;;;;;;;;;;;;;;;;;;;;;;;;;;;;;;;;;;;;;;;;;;;;;;;;;;;;;;;;;;;;;;;;;;;;;;X;;;;
CHA722158;CHA722-158;SHAFT, FLAP TRANSMISSION;OVERHAUL;;;;X;X;X;X;X;;;;;;;;;;;;;X;;;;;;;;;;;;;;;;;;;;;;;;;;;;;;;;;;;;;;;;;;;;;;;;;;;;;;;;;;;;;;;;;;;;;;;;;;;;;X;;;;
CHA722158L;CHA722-158L;SHAFT, FLAP TRANSMISSION;OVERHAUL;;;;X;X;X;X;X;;;;;;;;;;;;;X;;;;;;;;;;;;;;;;;;;;;;;;;;;;;;;;;;;;;;;;;;;;;;;;;;;;;;;;;;;;;;;;;;;;;;;;;;;;;X;;;;
CHA722159;CHA722-159;SHAFT, FLAP TRANSMISSION;OVERHAUL;;;;X;X;X;X;X;;;;;;;;;;;;;X;;;;;;;;;;;;;;;;;;;;;;;;;;;;;;;;;;;;;;;;;;;;;;;;;;;;;;;;;;;;;;;;;;;;;;;;;;;;;X;;;;
CHA722159L;CHA722-159L;SHAFT, FLAP TRANSMISSION;OVERHAUL;;;;X;X;X;X;X;;;;;;;;;;;;;X;;;;;;;;;;;;;;;;;;;;;;;;;;;;;;;;;;;;;;;;;;;;;;;;;;;;;;;;;;;;;;;;;;;;;;;;;;;;;X;;;;
CHA722160;CHA722-160;SHAFT, FLAP TRANSMISSION;OVERHAUL;;;;X;X;X;X;X;;;;;;;;;;;;;X;;;;;;;;;;;;;;;;;;;;;;;;;;;;;;;;;;;;;;;;;;;;;;;;;;;;;;;;;;;;;;;;;;;;;;;;;;;;;X;;;;
CHA722161;CHA722-161;SHAFT, FLAP TRANSMISSION;OVERHAUL;;;;X;X;X;X;X;;;;;;;;;;;;;X;;;;;;;;;;;;;;;;;;;;;;;;;;;;;;;;;;;;;;;;;;;;;;;;;;;;;;;;;;;;;;;;;;;;;;;;;;;;;X;;;;
CHA722161L;CHA722-161L;SHAFT, FLAP TRANSMISSION;OVERHAUL;;;;X;X;X;X;X;;;;;;;;;;;;;X;;;;;;;;;;;;;;;;;;;;;;;;;;;;;;;;;;;;;;;;;;;;;;;;;;;;;;;;;;;;;;;;;;;;;;;;;;;;;X;;;;
CHA722162;CHA722-162;SHAFT, FLAP TRANSMISSION;OVERHAUL;;;;X;X;X;X;X;;;;;;;;;;;;;X;;;;;;;;;;;;;;;;;;;;;;;;;;;;;;;;;;;;;;;;;;;;;;;;;;;;;;;;;;;;;;;;;;;;;;;;;;;;;X;;;;
CHA722162L;CHA722-162L;SHAFT, FLAP TRANSMISSION;OVERHAUL;;;;X;X;X;X;X;;;;;;;;;;;;;X;;;;;;;;;;;;;;;;;;;;;;;;;;;;;;;;;;;;;;;;;;;;;;;;;;;;;;;;;;;;;;;;;;;;;;;;;;;;;X;;;;
CHA722163;CHA722-163;SHAFT, FLAP TRANSMISSION;OVERHAUL;;;;X;X;X;X;X;;;;;;;;;;;;;X;;;;;;;;;;;;;;;;;;;;;;;;;;;;;;;;;;;;;;;;;;;;;;;;;;;;;;;;;;;;;;;;;;;;;;;;;;;;;X;;;;
CHA722184;CHA722-184;SHAFT, FLAP DOWNDRIVE;OVERHAUL;;;;X;X;X;X;X;;;;;;;;;;;;;X;;;;;;;;;;;;;;;;;;;;;;;;;;;;;;;;;;;;;;;;;;;;;;;;;;;;;;;;;;;;;;;;;;;;;;;;;;;;;X;;;;
CHA722185;CHA722-185;SHAFT, FLAP DOWNDRIVE;OVERHAUL;;;;X;X;X;X;X;;;;;;;;;;;;;X;X;;;;;;;;;;;;;;;;;;;;;;;;;;;;;;;;;;;;;;;;;;;;;;;;;;;;;;;;;;;;;;;;;;;;;;;;;;;;X;;;;
CHA722186;CHA722-186;SHAFT, FLAP DOWNDRIVE;OVERHAUL;;;;X;X;X;X;X;;;;;;;;;;;;;X;X;;;;;;;;;;;;;;;;;;;;;;;;;;;;;;;;;;;;;;;;;;;;;;;;;;;;;;;;;;;;;;;;;;;;;;;;;;;;X;;;;
CHA722187;CHA722-187;SHAFT, FLAP DOWNDRIVE;OVERHAUL;;;;X;X;X;X;X;;;;;;;;;;;;;X;X;;;;;;;;;;;;;;;;;;;;;;;;;;;;;;;;;;;;;;;;;;;;;;;;;;;;;;;;;;;;;;;;;;;;;;;;;;;;X;;;;
CHA722190;CHA722-190;SHAFT, FLAP TRANSMISSION;OVERHAUL;;;;X;X;X;X;X;;;;;;;;;;;;;X;;;;;;;;;;;;;;;;;;;;;;;;;;;;;;;;;;;;;;;;;;;;;;;;;;;;;;;;;;;;;;;;;;;;;;;;;;;;;X;;;;
CHA722300;CHA722-300;BEARING, STEADY ASSEMBLY;OVERHAUL;;;;X;X;X;X;X;;;;;;;;;;;;;X;X;;X;;;;;;;;;;;;;;;;;;;;;;;;;;;;;;;;;;;;;;;;;;;;;;;;;;;;;;;;;;;;;;;;;;;;;;;;;;X;;;;
CHA722307;CHA722-307;SHAFT, FLAP TRANSMISSION;OVERHAUL;;;;X;X;X;X;X;;;;;;;;;;;;;X;;;;;;;;;;;;;;;;;;;;;;;;;;;;;;;;;;;;;;;;;;;;;;;;;;;;;;;;;;;;;;;;;;;;;;;;;;;;;X;;;;
CHA722308;CHA722-308;SHAFT, FLAP TRANSMISSION;OVERHAUL;;;;X;X;X;X;X;;;;;;;;;;;;;X;;;;;;;;;;;;;;;;;;;;;;;;;;;;;;;;;;;;;;;;;;;;;;;;;;;;;;;;;;;;;;;;;;;;;;;;;;;;;X;;;;
CHA722309;CHA722-309;SHAFT, FLAP TRANSMISSION;OVERHAUL;;;;X;X;X;X;X;;;;;;;;;;;;;X;;;;;;;;;;;;;;;;;;;;;;;;;;;;;;;;;;;;;;;;;;;;;;;;;;;;;;;;;;;;;;;;;;;;;;;;;;;;;X;;;;
CHA722310;CHA722-310;SHAFT, FLAP TRANSMISSION;OVERHAUL;;;;X;X;X;X;X;;;;;;;;;;;;;X;;;;;;;;;;;;;;;;;;;;;;;;;;;;;;;;;;;;;;;;;;;;;;;;;;;;;;;;;;;;;;;;;;;;;;;;;;;;;X;;;;
CHA722321;CHA722-321;SHAFT, FLAP DOWNDRIVE;OVERHAUL;;;;X;X;X;X;X;;;;;;;;;;;;;X;;;;;;;;;;;;;;;;;;;;;;;;;;;;;;;;;;;;;;;;;;;;;;;;;;;;;;;;;;;;;;;;;;;;;;;;;;;;;X;;;;
CHA722322;CHA722-322;SHAFT, FLAP DOWNDRIVE;OVERHAUL;;;;X;X;X;X;X;;;;;;;;;;;;;X;;;;;;;;;;;;;;;;;;;;;;;;;;;;;;;;;;;;;;;;;;;;;;;;;;;;;;;;;;;;;;;;;;;;;;;;;;;;;X;;;;
CHA722323;CHA722-323;SHAFT, FLAP DOWNDRIVE;OVERHAUL;;;;X;X;X;X;X;;;;;;;;;;;;;X;;;;;;;;;;;;;;;;;;;;;;;;;;;;;;;;;;;;;;;;;;;;;;;;;;;;;;;;;;;;;;;;;;;;;;;;;;;;;X;;;;
CHA722324;CHA722-324;SHAFT, FLAP DOWNDRIVE;OVERHAUL;;;;X;X;X;X;X;;;;;;;;;;;;;X;X;;X;;;;;;;;;;;;;;;;;;;;;;;;;;;;;;;;;;;;;;;;;;;;;;;;;;;;;;;;;;;;;;;;;;;;;;;;;;X;;;;
CHA722367;CHA722-367;SHAFT, FLAP DOWNDRIVE;OVERHAUL;;;;X;X;X;X;X;;;;;;;;;;;;;X;X;;X;;;;;;;;;;;;;;;;;;;;;;;;;;;;;;;;;;;;;;;;;;;;;;;;;;;;;;;;;;;;;;;;;;;;;;;;;;X;;;;
CHA722368;CHA722-368;SHAFT, FLAP DOWNDRIVE;OVERHAUL;;;;X;X;X;X;X;;;;;;;;;;;;;X;X;;X;;;;;;;;;;;;;;;;;;;;;;;;;;;;;;;;;;;;;;;;;;;;;;;;;;;;;;;;;;;;;;;;;;;;;;;;;;X;;;;
CHA722369;CHA722-369;SHAFT, FLAP DOWNDRIVE;OVERHAUL;;;;X;X;X;X;X;;;;;;;;;;;;;X;X;;X;;;;;;;;;;;;;;;;;;;;;;;;;;;;;;;;;;;;;;;;;;;;;;;;;;;;;;;;;;;;;;;;;;;;;;;;;;X;;;;
CHA722374;CHA722-374;SHAFT, FLAP DOWNDRIVE;OVERHAUL;;;;X;X;X;X;X;;;;;;;;;;;;;X;;;;;;;;;;;;;;;;;;;;;;;;;;;;;;;;;;;;;;;;;;;;;;;;;;;;;;;;;;;;;;;;;;;;;;;;;;;;;X;;;;
CHA722375;CHA722-375;SHAFT, FLAP DOWNDRIVE;OVERHAUL;;;;X;X;X;X;X;;;;;;;;;;;;;X;;;;;;;;;;;;;;;;;;;;;;;;;;;;;;;;;;;;;;;;;;;;;;;;;;;;;;;;;;;;;;;;;;;;;;;;;;;;;X;;;;
CHA722376;CHA722-376;SHAFT, FLAP DOWNDRIVE;OVERHAUL;;;;X;X;X;X;X;;;;;;;;;;;;;X;;;;;;;;;;;;;;;;;;;;;;;;;;;;;;;;;;;;;;;;;;;;;;;;;;;;;;;;;;;;;;;;;;;;;;;;;;;;;X;;;;
CHA722420;CHA722-420;SHAFT FLAP TRANSMISSION;OVERHAUL;;;;X;X;X;X;X;;;;;;;;;;;;;X;X;;X;;;;;;;;;;;;;;;;;;;;;;;;;;;;;;;;;;;;;;;;;;;;;;;;;;;;;;;;;;;;;;;;;;;;;;;;;;X;;;;
CHA722423;CHA722-423;BEARING, STEADY ASSEMBLY;OVERHAUL;;;;X;X;X;X;X;;;;;;;;;;;;;X;X;;X;;;;;;;;;;;;;;;;;;;;;;;;;;;;;;;;;;;;;;;;;;;;;;;;;;;;;;;;;;;;;;;;;;;;;;;;;;X;;;;
CHA722441;CHA722-441;BEARING, STEADY ASSEMBLY;OVERHAUL;;;;X;X;X;X;X;;;;;;;;;;;;;X;X;;X;;;;;;;;;;;;;;;;;;;;;;;;;;;;;;;;;;;;;;;;;;;;;;;;;;;;;;;;;;;;;;;;;;;;;;;;;;X;;;;
CHA722501;CHA722-501;BEARING, STEADY ASSEMBLY;OVERHAUL;;;;X;X;X;X;X;;;;;;;;;;;;;X;X;;X;;;;;;;;;;;;;;;;;;;;;;;;;;;;;;;;;;;;;;;;;;;;;;;;;;;;;;;;;;;;;;;;;;;;;;;;;;X;;;;
CHA722502;CHA722-502;BEARING, STEADY ASSEMBLY;OVERHAUL;;;;X;X;X;X;X;;;;;;;;;;;;;X;X;;X;;;;;;;;;;;;;;;;;;;;;;;;;;;;;;;;;;;;;;;;;;;;;;;;;;;;;;;;;;;;;;;;;;;;;;;;;;X;;;;
CHA722503;CHA722-503;SHAFT, FLAP DOWNDRIVE;OVERHAUL;;;;X;X;X;X;X;;;;;;;;;;;;;X;X;;X;;;;;;;;;;;;;;;;;;;;;;;;;;;;;;;;;;;;;;;;;;;;;;;;;;;;;;;;;;;;;;;;;;;;;;;;;;X;;;;
CHA722504;CHA722-504;SHAFT, FLAP DOWNDRIVE;OVERHAUL;;;;X;X;X;X;X;;;;;;;;;;;;;X;X;;X;;;;;;;;;;;;;;;;;;;;;;;;;;;;;;;;;;;;;;;;;;;;;;;;;;;;;;;;;;;;;;;;;;;;;;;;;;X;;;;
CHA722505;CHA722-505;SHAFT, FLAP DOWNDRIVE;OVERHAUL;;;;X;X;X;X;X;;;;;;;;;;;;;X;X;;X;;;;;;;;;;;;;;;;;;;;;;;;;;;;;;;;;;;;;;;;;;;;;;;;;;;;;;;;;;;;;;;;;;;;;;;;;;X;;;;
CHA722506;CHA722-506;SHAFT, FLAP DOWNDRIVE;OVERHAUL;;;;X;X;X;X;X;;;;;;;;;;;;;X;X;;X;;;;;;;;;;;;;;;;;;;;;;;;;;;;;;;;;;;;;;;;;;;;;;;;;;;;;;;;;;;;;;;;;;;;;;;;;;X;;;;
CHA722528;CHA722-528;SHAFT, FLAP DOWNDRIVE;OVERHAUL;;;;X;X;X;X;X;;;;;;;;;;;;;X;;;;;;;;;;;;;;;;;;;;;;;;;;;;;;;;;;;;;;;;;;;;;;;;;;;;;;;;;;;;;;;;;;;;;;;;;;;;;X;;;;
CHA722529;CHA722-529;SHAFT, FLAP DOWNDRIVE;OVERHAUL;;;;X;X;X;X;X;;;;;;;;;;;;;X;;;;;;;;;;;;;;;;;;;;;;;;;;;;;;;;;;;;;;;;;;;;;;;;;;;;;;;;;;;;;;;;;;;;;;;;;;;;;X;;;;
CHA722530;CHA722-530;SHAFT, FLAP DOWNDRIVE;OVERHAUL;;;;X;X;X;X;X;;;;;;;;;;;;;X;;;;;;;;;;;;;;;;;;;;;;;;;;;;;;;;;;;;;;;;;;;;;;;;;;;;;;;;;;;;;;;;;;;;;;;;;;;;;X;;;;
CHA722531;CHA722-531;SHAFT, FLAP DOWNDRIVE;OVERHAUL;;;;X;X;X;X;X;;;;;;;;;;;;;X;;;;;;;;;;;;;;;;;;;;;;;;;;;;;;;;;;;;;;;;;;;;;;;;;;;;;;;;;;;;;;;;;;;;;;;;;;;;;X;;;;
CP1976A1;CP1976A1;AUDIO CONTROL PANEL;REPAIR;;;;X;X;X;X;X;;;;;;X;X;;;;;;;;;;;;;;;;;;;;;;;;;;;;;;;;;;;;;;;;;;;;;;;;;;;;;;;;;;;;;;;;;;;;;;;;;;;;;;;;;;;X;;;;
CP1976A2;CP1976A2;AUDIO CONTROL PANEL;REPAIR;;;;X;X;X;X;X;;;;;;X;X;X;X;;X;;;;;;;;;;;;;;;;;;;;;;;;;;;;;;;;;;;;;;;;;;;;;;;;;;;;;;;;;;;;;;;;;;;;;;;;;;;;;;;X;;;;
CP1976AA01;CP1976AA01;AUDIO CONTROL PANEL;REPAIR;;;;X;X;X;X;;;;;;;X;;;;X;;;;;;;;;;;;;;;;;;;;;;;;;;;;;;;;;;;;;;;;;;;;;;;;;;;;;;;;;;;;;;;;;;;;;;;;;;;;;;;;X;;;;
CP1976AA02;CP1976AA02;AUDIO CONTROL PANEL;REPAIR;;;;X;X;X;X;;;;;;;X;;;;X;;;;;;;;;;;;;;;;;;;;;;;;;;;;;;;;;;;;;;;;;;;;;;;;;;;;;;;;;;;;;;;;;;;;;;;;;;;;;;;;X;;;;
CP1976AA03;CP1976AA03;AUDIO CONTROL PANEL;REPAIR;;;;X;X;X;X;;;;;;;X;;;;X;;;;;;;;;;;;;;;;;;;;;;;;;;;;;;;;;;;;;;;;;;;;;;;;;;;;;;;;;;;;;;;;;;;;;;;;;;;;;;;;X;;;;
CP1976B1;CP1976B1;AUDIO CONTROL PANEL;REPAIR;;;;X;X;X;X;X;;;;;;X;X;;X;;X;;;;;;;;;;;;;;;;;;;;;;;;;;;;;;;;;;;;;;;;;;;;;;;;;;;;;;;;;;;;;;;;;;;;;;;;;;;;;;;X;;;;
CP1976B2;CP1976B2;AUDIO CONTROL PANEL;REPAIR;;;;X;X;X;X;X;;;;;;X;X;X;X;;X;;;;;;;;;;;;;;;;;;;;;;;;;;;;;;;;;;;;;;;;;;;;;;;;;;;;;;;;;;;;;;;;;;;;;;;;;;;;;;;X;;;;
CP1976C;CP1976C;AUDIO CONTROL PANEL;REPAIR;;;;X;X;X;X;;;;;;;X;;;;X;;;;;;;;;;;;;;;;;;;;;;;;;;;;;;;;;;;;;;;;;;;;;;;;;;;;;;;;;;;;;;;;;;;;;;;;;;;;;;;;X;;;;
CP1976DA02;CP1976DA02;AUDIO CONTROL PANEL;REPAIR;;;;X;X;X;X;;;;;;;X;;;;X;;;;;;;;;;;;;;;;;;;;;;;;;;;;;;;;;;;;;;;;;;;;;;;;;;;;;;;;;;;;;;;;;;;;;;;;;;;;;;;;X;;;;
CP1976EA01;CP1976EA01;AUDIO CONTROL PANEL;REPAIR;;;;X;X;X;X;;;;;;;X;;;;X;;;;;;;;;;;;;;;;;;;;;;;;;;;;;;;;;;;;;;;;;;;;;;;;;;;;;;;;;;;;;;;;;;;;;;;;;;;;;;;;X;;;;
CP1976EB01;CP1976EB01;AUDIO CONTROL PANEL;REPAIR;;;;X;X;X;X;;;;;;;X;;;;X;;;;;;;;;;;;;;;;;;;;;;;;;;;;;;;;;;;;;;;;;;;;;;;;;;;;;;;;;;;;;;;;;;;;;;;;;;;;;;;;X;;;;
CP1976FA01;CP1976FA01;AUDIO CONTROL PANEL;REPAIR;;;;X;X;X;X;;;;;;;X;;;;X;;;;;;;;;;;;;;;;;;;;;;;;;;;;;;;;;;;;;;;;;;;;;;;;;;;;;;;;;;;;;;;;;;;;;;;;;;;;;;;;X;;;;
CP1976FB01;CP1976FB01;AUDIO CONTROL PANEL;REPAIR;;;;X;X;X;X;;;;;;;X;;;;X;;;;;;;;;;;;;;;;;;;;;;;;;;;;;;;;;;;;;;;;;;;;;;;;;;;;;;;;;;;;;;;;;;;;;;;;;;;;;;;;X;;;;
CP1976GA01;CP1976GA01;AUDIO CONTROL PANEL;REPAIR;;;;X;X;X;X;;;;;;;X;;;;X;;;;;;;;;;;;;;;;;;;;;;;;;;;;;;;;;;;;;;;;;;;;;;;;;;;;;;;;;;;;;;;;;;;;;;;;;;;;;;;;X;;;;
CP2425A;CP2425A;AUDIO CONTROL PANEL;REPAIR;;;;X;X;X;X;X;;;;;;;;;;;;;X;;X;;;;;;;;;;;;;;;;;;;;;;;;;;;;;;;;;;;;;;;;;;;;;;;;;;;;;;;;;;;;;;;;;;;;;;;;;;;X;;;;
CP2425B;CP2425B;AUDIO CONTROL PANEL;REPAIR;;;;X;X;X;X;X;;;;;;;;;;;;;X;;X;;;;;;;;;;;;;;;;;;;;;;;;;;;;;;;;;;;;;;;;;;;;;;;;;;;;;;;;;;;;;;;;;;;;;;;;;;;X;;;;
CP2425CA;CP2425CA;AUDIO CONTROL PANEL;REPAIR;;;;X;X;X;X;X;;;;;;;;;;;;;X;;X;X;;;;;;;;;;;;;;;;;;;;;;;;;;;;;;;;;;;;;;;;;;;;;;;;;;;;;;;;;;;;;;;;;;;;;;;;;;X;;;;
CP2425CB;CP2425CB;AUDIO CONTROL PANEL;REPAIR;;;;X;X;X;X;X;;;;;;;;;;;;;X;;X;X;;;;;;;;;;;;;;;;;;;;;;;;;;;;;;;;;;;;;;;;;;;;;;;;;;;;;;;;;;;;;;;;;;;;;;;;;;X;;;;
CP2425CC;CP2425CC;AUDIO CONTROL PANEL;REPAIR;;;;X;X;X;X;X;;;;;;;;;;;;;X;;;;;;;;;;;;;;;;;;;;;;;;;;;;;;;;;;;;;;;;;;;;;;;;;;;;;;;;;;;;;;;;;;;;;;;;;;;;;X;;;;
CP2425CD;CP2425CD;AUDIO CONTROL PANEL;REPAIR;;;;X;X;X;X;X;;;;;;;;;;;;;X;;;;;;;;;;;;;;;;;;;;;;;;;;;;;;;;;;;;;;;;;;;;;;;;;;;;;;;;;;;;;;;;;;;;;;;;;;;;;X;;;;
CP2425DA;CP2425DA;AUDIO CONTROL PANEL;REPAIR;;;;X;X;X;X;X;;;;;;;;;;;;;X;;;;;;;;;;;;;;;;;;;;;;;;;;;;;;;;;;;;;;;;;;;;;;;;;;;;;;;;;;;;;;;;;;;;;;;;;;;;;X;;;;
CP2425E;CP2425E;AUDIO CONTROL PANEL;REPAIR;;;;X;X;X;X;X;;;;;;;;;;;;;X;;;;;;;;;;;;;;;;;;;;;;;;;;;;;;;;;;;;;;;;;;;;;;;;;;;;;;;;;;;;;;;;;;;;;;;;;;;;;X;;;;
CP2425EA;CP2425EA;AUDIO CONTROL PANEL;REPAIR;;;;X;X;X;X;X;;;;;;;;;;;;;X;;;;;;;;;;;;;;;;;;;;;;;;;;;;;;;;;;;;;;;;;;;;;;;;;;;;;;;;;;;;;;;;;;;;;;;;;;;;;X;;;;
CP2425F;CP2425F;AUDIO CONTROL PANEL;REPAIR;;;;X;X;X;X;X;;;;;;;;;;;;;X;;X;X;;;;;;;;;;;;;;;;;;;;;;;;;;;;;;;;;;;;;;;;;;;;;;;;;;;;;;;;;;;;;;;;;;;;;;;;;;X;;;;
CP2425H;CP2425H;AUDIO CONTROL PANEL;REPAIR;;;;X;X;X;X;X;;;;;;;;;;;;;X;;;;;;;;;;;;;;;;;;;;;;;;;;;;;;;;;;;;;;;;;;;;;;;;;;;;;;;;;;;;;;;;;;;;;;;;;;;;;X;;;;
CP2426B;CP2426B;AUDIO CONTROL PANEL;REPAIR;;;;X;X;X;X;X;;;;;;;;;;;;;X;X;X;;;;;;;;;;;;;;;;;;;;;;;;;;;;;;;;;;;;;;;;;;;;;;;;;;;;;;;;;;;;;;;;;;;;;;;;;;;X;;;;
CP2426C;CP2426C;AUDIO CONTROL PANEL;REPAIR;;;;X;X;X;X;X;;;;;;;;;;;;;X;;;;;;;;;;;;;;;;;;;;;;;;;;;;;;;;;;;;;;;;;;;;;;;;;;;;;;;;;;;;;;;;;;;;;;;;;;;;;X;;;;
CP2426CA;CP2426CA;AUDIO CONTROL PANEL;REPAIR;;;;X;X;X;X;X;;;;;;;;;;;;;X;;X;X;;;;;;;;;;;;;;;;;;;;;;;;;;;;;;;;;;;;;;;;;;;;;;;;;;;;;;;;;;;;;;;;;;;;;;;;;;X;;;;
CP2426CB;CP2426CB;AUDIO CONTROL PANEL;REPAIR;;;;X;X;X;X;X;;;;;;;;;;;;;X;;X;X;;;;;;;;;;;;;;;;;;;;;;;;;;;;;;;;;;;;;;;;;;;;;;;;;;;;;;;;;;;;;;;;;;;;;;;;;;X;;;;
CP2426CC;CP2426CC;AUDIO CONTROL PANEL;REPAIR;;;;X;X;X;X;X;;;;;;;;;;;;;X;;;;;;;;;;;;;;;;;;;;;;;;;;;;;;;;;;;;;;;;;;;;;;;;;;;;;;;;;;;;;;;;;;;;;;;;;;;;;X;;;;
CP2426D;CP2426D;AUDIO CONTROL PANEL;REPAIR;;;;X;X;X;X;X;;;;;;;;;;;;;X;;;;;;;;;;;;;;;;;;;;;;;;;;;;;;;;;;;;;;;;;;;;;;;;;;;;;;;;;;;;;;;;;;;;;;;;;;;;;X;;;;
CP2426DA;CP2426DA;AUDIO CONTROL PANEL;REPAIR;;;;X;X;X;X;X;;;;;;;;;;;;;X;;X;;;;;;;;;;;;;;;;;;;;;;;;;;;;;;;;;;;;;;;;;;;;;;;;;;;;;;;;;;;;;;;;;;;;;;;;;;;X;;;;
CP2426DB;CP2426DB;AUDIO CONTROL PANEL;REPAIR;;;;X;X;X;X;X;;;;;;;;;;;;;X;X;X;X;;;;;;;;;;;;;;;;;;;;;;;;;;;;;;;;;;;;;;;;;;;;;;;;;;;;;;;;;;;;;;;;;;;;;;;;;;X;;;;
CP2426E;CP2426E;AUDIO CONTROL PANEL;REPAIR;;;;X;X;X;X;X;;;;;;;;;;;;;X;;X;X;;;;;;;;;;;;;;;;;;;;;;;;;;;;;;;;;;;;;;;;;;;;;;;;;;;;;;;;;;;;;;;;;;;;;;;;;;X;;;;
CP2426EA;CP2426EA;AUDIO CONTROL PANEL;REPAIR;;;;X;X;X;X;X;;;;;;;;;;;;;X;;X;;;;;;;;;;;;;;;;;;;;;;;;;;;;;;;;;;;;;;;;;;;;;;;;;;;;;;;;;;;;;;;;;;;;;;;;;;;X;;;;
CP2426EB;CP2426EB;AUDIO CONTROL PANEL;REPAIR;;;;X;X;X;X;X;;;;;;;;;;;;;X;;X;;;;;;;;;;;;;;;;;;;;;;;;;;;;;;;;;;;;;;;;;;;;;;;;;;;;;;;;;;;;;;;;;;;;;;;;;;;X;;;;
CP2426F;CP2426F;AUDIO CONTROL PANEL;REPAIR;;;;X;X;X;X;X;;;;;;;;;;;;;X;;X;X;;;;;;;;;;;;;;;;;;;;;;;;;;;;;;;;;;;;;;;;;;;;;;;;;;;;;;;;;;;;;;;;;;;;;;;;;;X;;;;
CP2426FA;CP2426FA;AUDIO CONTROL PANEL;REPAIR;;;;X;X;X;X;X;;;;;;;;;;;;;X;;X;X;;;;;;;;;;;;;;;;;;;;;;;;;;;;;;;;;;;;;;;;;;;;;;;;;;;;;;;;;;;;;;;;;;;;;;;;;;X;;;;
CP2426FB;CP2426FB;AUDIO CONTROL PANEL;REPAIR;;;;X;X;X;X;X;;;;;;;;;;;;;X;;X;X;;;;;;;;;;;;;;;;;;;;;;;;;;;;;;;;;;;;;;;;;;;;;;;;;;;;;;;;;;;;;;;;;;;;;;;;;;X;;;;
CP2426FC;CP2426FC;AUDIO CONTROL PANEL;REPAIR;;;;X;X;X;X;X;;;;;;;;;;;;;X;;X;;;;;;;;;;;;;;;;;;;;;;;;;;;;;;;;;;;;;;;;;;;;;;;;;;;;;;;;;;;;;;;;;;;;;;;;;;;X;;;;
CP2426G;CP2426G;AUDIO CONTROL PANEL;REPAIR;;;;X;X;X;X;X;;;;;;;;;;;;;X;;;;;;;;;;;;;;;;;;;;;;;;;;;;;;;;;;;;;;;;;;;;;;;;;;;;;;;;;;;;;;;;;;;;;;;;;;;;;X;;;;
CP2426GA;CP2426GA;AUDIO CONTROL PANEL;REPAIR;;;;X;X;X;X;X;;;;;;;;;;;;;X;;X;X;;;;;;;;;;;;;;;;;;;;;;;;;;;;;;;;;;;;;;;;;;;;;;;;;;;;;;;;;;;;;;;;;;;;;;;;;;X;;;;
CP2426GB;CP2426GB;AUDIO CONTROL PANEL;REPAIR;;;;X;X;X;X;X;;;;;;;;;;;;;X;;X;X;;;;;;;;;;;;;;;;;;;;;;;;;;;;;;;;;;;;;;;;;;;;;;;;;;;;;;;;;;;;;;;;;;;;;;;;;;X;;;;
CP2426H;CP2426H;AUDIO CONTROL PANEL;REPAIR;;;;X;X;X;X;X;;;;;;;;;;;;;X;;;;;;;;;;;;;;;;;;;;;;;;;;;;;;;;;;;;;;;;;;;;;;;;;;;;;;;;;;;;;;;;;;;;;;;;;;;;;X;;;;
CP2426HA;CP2426HA;AUDIO CONTROL PANEL;REPAIR;;;;X;X;X;X;X;;;;;;;;;;;;;X;;X;;;;;;;;;;;;;;;;;;;;;;;;;;;;;;;;;;;;;;;;;;;;;;;;;;;;;;;;;;;;;;;;;;;;;;;;;;;X;;;;
CP2426HB;CP2426HB;AUDIO CONTROL PANEL;REPAIR;;;;X;X;X;X;X;;;;;;;;;;;;;X;;;;;;;;;;;;;;;;;;;;;;;;;;;;;;;;;;;;;;;;;;;;;;;;;;;;;;;;;;;;;;;;;;;;;;;;;;;;;X;;;;
CP2426J;CP2426J;AUDIO CONTROL PANEL;REPAIR;;;;X;X;X;X;X;;;;;;;;;;;;;X;;X;;;;;;;;;;;;;;;;;;;;;;;;;;;;;;;;;;;;;;;;;;;;;;;;;;;;;;;;;;;;;;;;;;;;;;;;;;;X;;;;
CT01501;CT01501;AIR STARTER;BENCH TEST;;;;X;;;;;;;;;;;;;;;;;;;;;;;;;;;;;;;;;;;;;;;;;;;;;;;;;;;;;;;;;;;;;;;;;;;;;;;;;;;;;;;;;X;;;X;;;;;;;;;;X;;;;
CT1006/1;CT1006/1;AIR STARTER;REPAIR;;;;X;;;;;;;;;X;;;;;;;;;;;;;;;;;;;;;;;;;;;;;;;;;;;;;;;;;;;;;;;;;;;;;;;;;;;;;;;;;;;;;;;;X;;;X;;;;;;;;;;X;;;;
CT10061;CT1006-1;AIR STARTER;REPAIR;;;;X;;;;;;;;;X;;;;;;;;;;;;;;;;;;;;;;;;;;;;;;;;;;;;;;;;;;;;;;;;;;;;;;;;;;;;;;;;;;;;;;;;X;;;X;;;;;;;;;;X;;;;
CT141;CT141;CHECK VALVE;OVERHAUL;;;;X;X;X;X;X;;;;;;;;;;;;;X;;;;X;X;X;X;;;;;;;;;;;;;;;;;;;;;;;;;;;;;;;;;;;;;;;;;;;;;;;;;;;;;;;;;;;;;;;;;;;;;;X;;;;
CT1411;CT141-1;CHECK VALVE;OVERHAUL;;;;X;X;X;X;X;;;;;;;;;;;;;X;;;;X;X;X;X;;;;;;;;;;;;;;;;;;;;;;;;;;;;;;;;;;;;;;;;;;;;;;;;;;;;;;;;;;;;;;;;;;;;;;X;;;;
CT2542AG01;CT2542AG01;HANDSET;;REPAIR;;;X;X;;X;;;;;;;;;;;;;;;;;;;;;;;;;;;;;;;;;;;;X;X;;;;;;;;;;;;;;;;;;;;;;;;;;;;;;;;;;;;;;;;;;;;;;;;;;;;;;;X;;;
CT2542AG02;CT2542AG02;HANDSET;;REPAIR;;;X;X;X;X;X;;;;;;;;;;;;;;;;;;;;;;;;;;;;;;;;;;;;;;;;;;;;;;;;;;;;;;;;;;X;;;;;;;;;;;;;;;;;;;X;;;;;;;;;;;;;;X;;;
CZ9284E;CZ9284E;PRESSURE TRANSDUCER;BENCH TEST;;;;X;X;X;X;X;;;;;;;;;;;;;X;;;;X;X;X;X;;;;;;;;;;;;;;;;;;;;;;;;;;;;;;;;;;;;;;;;;;;;;;;;;;;;;;;;;;;;;;;;;;;;;;X;;;;
CZ9DM6A;CZ9DM6A;PRESSURE TRANSDUCER;BENCH TEST;;;;X;X;X;X;X;;;;;;;;;;;;;X;;;;X;X;X;X;X;X;;;;;;;;;;;;;;;;;;;;;;;;;;;;;;;;;;;;;;;;;;;;;;;;;;;;;;;;;;;;;;;;;;;;X;;;;
D0001039000051;D0001039000051;FAIRING ASSEMBLY, MOVABLE PYLON;REPAIR;;;;X;X;;;;;;;;;;;;;;;;;;;;X;X;X;X;;;;;;;;;;;;;;;;;;;;;;;;;;;;;;;;;;;;;;;;;;;;;;;;;;;;;;;;;;;;;;;;;;;;;;X;;;X;
D0001039000052;D0001039000052;FAIRING ASSEMBLY, MOVABLE PYLON;REPAIR;;;;X;X;;;;;;;;;;;;;;;;;;;;X;X;X;X;;;;;;;;;;;;;;;;;;;;;;;;;;;;;;;;;;;;;;;;;;;;;;;;;;;;;;;;;;;;;;;;;;;;;;X;;;X;
D0001039000053;D0001039000053;FAIRING ASSEMBLY, MOVABLE PYLON;REPAIR;;;;X;X;;;;;;;;;;;;;;;;;;;;X;X;X;X;;;;;;;;;;;;;;;;;;;;;;;;;;;;;;;;;;;;;;;;;;;;;;;;;;;;;;;;;;;;;;;;;;;;;;X;;;X;
D0001039000054;D0001039000054;FAIRING ASSEMBLY, MOVABLE PYLON;REPAIR;;;;X;X;;;;;;;;;;;;;;;;;;;;X;X;X;X;;;;;;;;;;;;;;;;;;;;;;;;;;;;;;;;;;;;;;;;;;;;;;;;;;;;;;;;;;;;;;;;;;;;;;X;;;X;
D0001039000055;D0001039000055;FAIRING ASSEMBLY, MOVABLE PYLON;REPAIR;;;;X;X;;;;;;;;;;;;;;;;;;;;X;X;X;X;;;;;;;;;;;;;;;;;;;;;;;;;;;;;;;;;;;;;;;;;;;;;;;;;;;;;;;;;;;;;;;;;;;;;;X;;;X;
D0001039000056;D0001039000056;FAIRING ASSEMBLY, MOVABLE PYLON;REPAIR;;;;X;X;;;;;;;;;;;;;;;;;;;;X;X;X;X;;;;;;;;;;;;;;;;;;;;;;;;;;;;;;;;;;;;;;;;;;;;;;;;;;;;;;;;;;;;;;;;;;;;;;X;;;X;
D0001039000057;D0001039000057;FAIRING ASSEMBLY, MOVABLE PYLON;REPAIR;;;;X;X;;;;;;;;;;;;;;;;;;;;X;X;X;X;;;;;;;;;;;;;;;;;;;;;;;;;;;;;;;;;;;;;;;;;;;;;;;;;;;;;;;;;;;;;;;;;;;;;;X;;;X;
D0001039000058;D0001039000058;FAIRING ASSEMBLY, MOVABLE PYLON;REPAIR;;;;X;X;;;;;;;;;;;;;;;;;;;;X;X;X;X;;;;;;;;;;;;;;;;;;;;;;;;;;;;;;;;;;;;;;;;;;;;;;;;;;;;;;;;;;;;;;;;;;;;;;X;;;X;
D0001039000059;D0001039000059;FAIRING ASSEMBLY, MOVABLE PYLON;REPAIR;;;;X;X;;;;;;;;;;;;;;;;;;;;X;X;X;X;;;;;;;;;;;;;;;;;;;;;;;;;;;;;;;;;;;;;;;;;;;;;;;;;;;;;;;;;;;;;;;;;;;;;;X;;;X;
D00010390000AG;D00010390000AG;FAIRING ASSEMBLY, MOVABLE PYLON;REPAIR;;;;X;X;;;;;;;;;;;;;;;;;;;;X;X;X;X;;;;;;;;;;;;;;;;;;;;;;;;;;;;;;;;;;;;;;;;;;;;;;;;;;;;;;;;;;;;;;;;;;;;;;X;;;X;
D00010390000AH;D00010390000AH;FAIRING ASSEMBLY, MOVABLE PYLON;REPAIR;;;;X;X;;;;;;;;;;;;;;;;;;;;X;X;X;X;;;;;;;;;;;;;;;;;;;;;;;;;;;;;;;;;;;;;;;;;;;;;;;;;;;;;;;;;;;;;;;;;;;;;;X;;;X;
D00010390000AI;D00010390000AI;FAIRING ASSEMBLY, MOVABLE PYLON;REPAIR;;;;X;X;;;;;;;;;;;;;;;;;;;;X;X;X;X;;;;;;;;;;;;;;;;;;;;;;;;;;;;;;;;;;;;;;;;;;;;;;;;;;;;;;;;;;;;;;;;;;;;;;X;;;X;
D00010390000AJ;D00010390000AJ;FAIRING ASSEMBLY, MOVABLE PYLON;REPAIR;;;;X;X;;;;;;;;;;;;;;;;;;;;X;X;X;X;;;;;;;;;;;;;;;;;;;;;;;;;;;;;;;;;;;;;;;;;;;;;;;;;;;;;;;;;;;;;;;;;;;;;;X;;;X;
D00010390000AK;D00010390000AK;FAIRING ASSEMBLY, MOVABLE PYLON;REPAIR;;;;X;X;;;;;;;;;;;;;;;;;;;;X;X;X;X;;;;;;;;;;;;;;;;;;;;;;;;;;;;;;;;;;;;;;;;;;;;;;;;;;;;;;;;;;;;;;;;;;;;;;X;;;X;
D00010390000AL;D00010390000AL;FAIRING ASSEMBLY, MOVABLE PYLON;REPAIR;;;;X;X;;;;;;;;;;;;;;;;;;;;X;X;X;X;;;;;;;;;;;;;;;;;;;;;;;;;;;;;;;;;;;;;;;;;;;;;;;;;;;;;;;;;;;;;;;;;;;;;;X;;;X;
D00010390000AM;D00010390000AM;FAIRING ASSEMBLY, MOVABLE PYLON;REPAIR;;;;X;X;;;;;;;;;;;;;;;;;;;;X;X;X;X;;;;;;;;;;;;;;;;;;;;;;;;;;;;;;;;;;;;;;;;;;;;;;;;;;;;;;;;;;;;;;;;;;;;;;X;;;X;
D00010390000AN;D00010390000AN;FAIRING ASSEMBLY, MOVABLE PYLON;REPAIR;;;;X;X;;;;;;;;;;;;;;;;;;;;X;X;X;X;;;;;;;;;;;;;;;;;;;;;;;;;;;;;;;;;;;;;;;;;;;;;;;;;;;;;;;;;;;;;;;;;;;;;;X;;;X;
D00010390000AP;D00010390000AP;FAIRING ASSEMBLY, MOVABLE PYLON;REPAIR;;;;X;X;;;;;;;;;;;;;;;;;;;;X;X;X;X;;;;;;;;;;;;;;;;;;;;;;;;;;;;;;;;;;;;;;;;;;;;;;;;;;;;;;;;;;;;;;;;;;;;;;X;;;X;
D00010390000AQ;D00010390000AQ;FAIRING ASSEMBLY, MOVABLE PYLON;REPAIR;;;;X;X;;;;;;;;;;;;;;;;;;;;X;X;X;X;;;;;;;;;;;;;;;;;;;;;;;;;;;;;;;;;;;;;;;;;;;;;;;;;;;;;;;;;;;;;;;;;;;;;;X;;;X;
D00010390000AR;D00010390000AR;FAIRING ASSEMBLY, MOVABLE PYLON;REPAIR;;;;X;X;;;;;;;;;;;;;;;;;;;;X;X;X;X;;;;;;;;;;;;;;;;;;;;;;;;;;;;;;;;;;;;;;;;;;;;;;;;;;;;;;;;;;;;;;;;;;;;;;X;;;X;
D00010390000AS;D00010390000AS;FAIRING ASSEMBLY, MOVABLE PYLON;REPAIR;;;;X;X;;;;;;;;;;;;;;;;;;;;X;X;X;X;;;;;;;;;;;;;;;;;;;;;;;;;;;;;;;;;;;;;;;;;;;;;;;;;;;;;;;;;;;;;;;;;;;;;;X;;;X;
D00010390000AT;D00010390000AT;FAIRING ASSEMBLY, MOVABLE PYLON;REPAIR;;;;X;X;;;;;;;;;;;;;;;;;;;;X;X;X;X;;;;;;;;;;;;;;;;;;;;;;;;;;;;;;;;;;;;;;;;;;;;;;;;;;;;;;;;;;;;;;;;;;;;;;X;;;X;
D00010390000AU;D00010390000AU;FAIRING ASSEMBLY, MOVABLE PYLON;REPAIR;;;;X;X;;;;;;;;;;;;;;;;;;;;X;X;X;X;;;;;;;;;;;;;;;;;;;;;;;;;;;;;;;;;;;;;;;;;;;;;;;;;;;;;;;;;;;;;;;;;;;;;;X;;;X;
D00010390000AV;D00010390000AV;FAIRING ASSEMBLY, MOVABLE PYLON;REPAIR;;;;X;X;;;;;;;;;;;;;;;;;;;;X;X;X;X;;;;;;;;;;;;;;;;;;;;;;;;;;;;;;;;;;;;;;;;;;;;;;;;;;;;;;;;;;;;;;;;;;;;;;X;;;X;
D00010390000AW;D00010390000AW;FAIRING ASSEMBLY, MOVABLE;REPAIR;;;;X;X;X;X;X;;;;;;;;;;;;;X;;;;;;X;;;;;;;;;;;;;;;;;;;;;;;;;;;;;;;;;;;;;;;;;;;;;;;;;;;;;;;;;;;;;;;;;;;;;;;X;;;X;
D00010390000AX;D00010390000AX;FAIRING ASSEMBLY, MOVABLE PYLON;REPAIR;;;;X;X;;;;;;;;;;;;;;;;;;;;X;X;X;X;;;;;;;;;;;;;;;;;;;;;;;;;;;;;;;;;;;;;;;;;;;;;;;;;;;;;;;;;;;;;;;;;;;;;;X;;;X;
D00010390000AY;D00010390000AY;FAIRING ASSEMBLY, MOVABLE PYLON;REPAIR;;;;X;X;;;;;;;;;;;;;;;;;;;;X;X;X;X;;;;;;;;;;;;;;;;;;;;;;;;;;;;;;;;;;;;;;;;;;;;;;;;;;;;;;;;;;;;;;;;;;;;;;X;;;X;
D00010390000AZ;D00010390000AZ;FAIRING ASSEMBLY, MOVABLE PYLON;REPAIR;;;;X;X;;;;;;;;;;;;;;;;;;;;X;X;X;X;;;;;;;;;;;;;;;;;;;;;;;;;;;;;;;;;;;;;;;;;;;;;;;;;;;;;;;;;;;;;;;;;;;;;;X;;;X;
D00010390000BA;D00010390000BA;FAIRING ASSEMBLY, MOVABLE PYLON;REPAIR;;;;X;X;;;;;;;;;;;;;;;;;;;;X;X;X;X;;;;;;;;;;;;;;;;;;;;;;;;;;;;;;;;;;;;;;;;;;;;;;;;;;;;;;;;;;;;;;;;;;;;;;X;;;X;
D00010390000BB;D00010390000BB;FAIRING ASSEMBLY, MOVABLE PYLON;REPAIR;;;;X;X;;;;;;;;;;;;;;;;;;;;X;X;X;X;;;;;;;;;;;;;;;;;;;;;;;;;;;;;;;;;;;;;;;;;;;;;;;;;;;;;;;;;;;;;;;;;;;;;;X;;;X;
D00010390000BD;D00010390000BD;FAIRING ASSEMBLY, MOVABLE PYLON;REPAIR;;;;X;X;;;;;;;;;;;;;;;;;;;;X;X;X;X;;;;;;;;;;;;;;;;;;;;;;;;;;;;;;;;;;;;;;;;;;;;;;;;;;;;;;;;;;;;;;;;;;;;;;X;;;X;
D00010390000BE;D00010390000BE;FAIRING ASSEMBLY, MOVABLE PYLON;REPAIR;;;;X;X;;;;;;;;;;;;;;;;;;;;X;X;X;X;;;;;;;;;;;;;;;;;;;;;;;;;;;;;;;;;;;;;;;;;;;;;;;;;;;;;;;;;;;;;;;;;;;;;;X;;;X;
D00010390000BF;D00010390000BF;FAIRING ASSEMBLY, MOVABLE PYLON;REPAIR;;;;X;X;;;;;;;;;;;;;;;;;;;;X;X;X;X;;;;;;;;;;;;;;;;;;;;;;;;;;;;;;;;;;;;;;;;;;;;;;;;;;;;;;;;;;;;;;;;;;;;;;X;;;X;
D00010390000BG;D00010390000BG;FAIRING ASSEMBLY, MOVABLE PYLON;REPAIR;;;;X;X;;;;;;;;;;;;;;;;;;;;X;X;X;X;;;;;;;;;;;;;;;;;;;;;;;;;;;;;;;;;;;;;;;;;;;;;;;;;;;;;;;;;;;;;;;;;;;;;;X;;;X;
D00010390000BH;D00010390000BH;FAIRING ASSEMBLY, MOVABLE PYLON;REPAIR;;;;X;X;;;;;;;;;;;;;;;;;;;;X;X;X;X;;;;;;;;;;;;;;;;;;;;;;;;;;;;;;;;;;;;;;;;;;;;;;;;;;;;;;;;;;;;;;;;;;;;;;X;;;X;
D00010390000BI;D00010390000BI;FAIRING ASSEMBLY, MOVABLE PYLON;REPAIR;;;;X;X;;;;;;;;;;;;;;;;;;;;X;X;X;X;;;;;;;;;;;;;;;;;;;;;;;;;;;;;;;;;;;;;;;;;;;;;;;;;;;;;;;;;;;;;;;;;;;;;;X;;;X;
D00010390000BJ;D00010390000BJ;FAIRING ASSEMBLY, MOVABLE PYLON;REPAIR;;;;X;X;;;;;;;;;;;;;;;;;;;;X;X;X;X;;;;;;;;;;;;;;;;;;;;;;;;;;;;;;;;;;;;;;;;;;;;;;;;;;;;;;;;;;;;;;;;;;;;;;X;;;X;
D00010390000BK;D00010390000BK;FAIRING ASSEMBLY, MOVABLE PYLON;REPAIR;;;;X;X;;;;;;;;;;;;;;;;;;;;X;X;X;X;;;;;;;;;;;;;;;;;;;;;;;;;;;;;;;;;;;;;;;;;;;;;;;;;;;;;;;;;;;;;;;;;;;;;;X;;;X;
D00010390000BL;D00010390000BL;FAIRING ASSEMBLY, MOVABLE PYLON;REPAIR;;;;X;X;;;;;;;;;;;;;;;;;;;;X;X;X;X;;;;;;;;;;;;;;;;;;;;;;;;;;;;;;;;;;;;;;;;;;;;;;;;;;;;;;;;;;;;;;;;;;;;;;X;;;X;
D00010390000BM;D00010390000BM;FAIRING ASSEMBLY, MOVABLE PYLON;REPAIR;;;;X;X;;;;;;;;;;;;;;;;;;;;X;X;X;X;;;;;;;;;;;;;;;;;;;;;;;;;;;;;;;;;;;;;;;;;;;;;;;;;;;;;;;;;;;;;;;;;;;;;;X;;;X;
D00010390000BN;D00010390000BN;FAIRING ASSEMBLY, MOVABLE PYLON;REPAIR;;;;X;X;;;;;;;;;;;;;;;;;;;;X;X;X;X;;;;;;;;;;;;;;;;;;;;;;;;;;;;;;;;;;;;;;;;;;;;;;;;;;;;;;;;;;;;;;;;;;;;;;X;;;X;
D00010390000BP;D00010390000BP;FAIRING ASSEMBLY, MOVABLE PYLON;REPAIR;;;;X;X;;;;;;;;;;;;;;;;;;;;X;X;X;X;;;;;;;;;;;;;;;;;;;;;;;;;;;;;;;;;;;;;;;;;;;;;;;;;;;;;;;;;;;;;;;;;;;;;;X;;;X;
D00010390000BQ;D00010390000BQ;FAIRING ASSEMBLY, MOVABLE PYLON;REPAIR;;;;X;X;;;;;;;;;;;;;;;;;;;;X;X;X;X;;;;;;;;;;;;;;;;;;;;;;;;;;;;;;;;;;;;;;;;;;;;;;;;;;;;;;;;;;;;;;;;;;;;;;X;;;X;
D00010390000BR;D00010390000BR;FAIRING ASSEMBLY, MOVABLE PYLON;REPAIR;;;;X;X;;;;;;;;;;;;;;;;;;;;X;X;X;X;;;;;;;;;;;;;;;;;;;;;;;;;;;;;;;;;;;;;;;;;;;;;;;;;;;;;;;;;;;;;;;;;;;;;;X;;;X;
D00010390000BS;D00010390000BS;FAIRING ASSEMBLY, MOVABLE PYLON;REPAIR;;;;X;X;;;;;;;;;;;;;;;;;;;;X;X;X;X;;;;;;;;;;;;;;;;;;;;;;;;;;;;;;;;;;;;;;;;;;;;;;;;;;;;;;;;;;;;;;;;;;;;;;X;;;X;
D00010390000BT;D00010390000BT;FAIRING ASSEMBLY, MOVABLE PYLON;REPAIR;;;;X;X;;;;;;;;;;;;;;;;;;;;X;X;X;X;;;;;;;;;;;;;;;;;;;;;;;;;;;;;;;;;;;;;;;;;;;;;;;;;;;;;;;;;;;;;;;;;;;;;;X;;;X;
D00010390000BU;D00010390000BU;FAIRING ASSEMBLY, MOVABLE PYLON;REPAIR;;;;X;X;;;;;;;;;;;;;;;;;;;;X;X;X;X;;;;;;;;;;;;;;;;;;;;;;;;;;;;;;;;;;;;;;;;;;;;;;;;;;;;;;;;;;;;;;;;;;;;;;X;;;X;
D00010390000BV;D00010390000BV;FAIRING ASSEMBLY, MOVABLE;REPAIR;;;;X;X;X;X;X;;;;;;;;;;;;;X;;;;;;X;;;;;;;;;;;;;;;;;;;;;;;;;;;;;;;;;;;;;;;;;;;;;;;;;;;;;;;;;;;;;;;;;;;;;;;X;;;X;
D00010390000BW;D00010390000BW;FAIRING ASSEMBLY, MOVABLE PYLON;REPAIR;;;;X;X;;;;;;;;;;;;;;;;;;;;X;X;X;X;;;;;;;;;;;;;;;;;;;;;;;;;;;;;;;;;;;;;;;;;;;;;;;;;;;;;;;;;;;;;;;;;;;;;;X;;;X;
D00010390000BX;D00010390000BX;FAIRING ASSEMBLY, MOVABLE PYLON;REPAIR;;;;X;X;;;;;;;;;;;;;;;;;;;;X;X;X;X;;;;;;;;;;;;;;;;;;;;;;;;;;;;;;;;;;;;;;;;;;;;;;;;;;;;;;;;;;;;;;;;;;;;;;X;;;X;
D00010390000BY;D00010390000BY;FAIRING ASSEMBLY, MOVABLE PYLON;REPAIR;;;;X;X;;;;;;;;;;;;;;;;;;;;X;X;X;X;;;;;;;;;;;;;;;;;;;;;;;;;;;;;;;;;;;;;;;;;;;;;;;;;;;;;;;;;;;;;;;;;;;;;;X;;;X;
D00010390000BZ;D00010390000BZ;FAIRING ASSEMBLY, MOVABLE PYLON;REPAIR;;;;X;X;;;;;;;;;;;;;;;;;;;;X;X;X;X;;;;;;;;;;;;;;;;;;;;;;;;;;;;;;;;;;;;;;;;;;;;;;;;;;;;;;;;;;;;;;;;;;;;;;X;;;X;
D00010390000CA;D00010390000CA;FAIRING ASSEMBLY, MOVABLE PYLON;REPAIR;;;;X;X;;;;;;;;;;;;;;;;;;;;X;X;X;X;;;;;;;;;;;;;;;;;;;;;;;;;;;;;;;;;;;;;;;;;;;;;;;;;;;;;;;;;;;;;;;;;;;;;;X;;;X;
D00010390000CB;D00010390000CB;FAIRING ASSEMBLY, MOVABLE PYLON;REPAIR;;;;X;X;;;;;;;;;;;;;;;;;;;;X;X;X;X;;;;;;;;;;;;;;;;;;;;;;;;;;;;;;;;;;;;;;;;;;;;;;;;;;;;;;;;;;;;;;;;;;;;;;X;;;X;
D0001039000151;D0001039000151;FAIRING ASSEMBLY, MOVABLE PYLON;REPAIR;;;;X;X;;;;;;;;;;;;;;;;;;;;X;X;X;X;;;;;;;;;;;;;;;;;;;;;;;;;;;;;;;;;;;;;;;;;;;;;;;;;;;;;;;;;;;;;;;;;;;;;;X;;;X;
D0001039000152;D0001039000152;FAIRING ASSEMBLY, MOVABLE PYLON;REPAIR;;;;X;X;;;;;;;;;;;;;;;;;;;;X;X;X;X;;;;;;;;;;;;;;;;;;;;;;;;;;;;;;;;;;;;;;;;;;;;;;;;;;;;;;;;;;;;;;;;;;;;;;X;;;X;
D0001039000153;D0001039000153;FAIRING ASSEMBLY, MOVABLE PYLON;REPAIR;;;;X;X;;;;;;;;;;;;;;;;;;;;X;X;X;X;;;;;;;;;;;;;;;;;;;;;;;;;;;;;;;;;;;;;;;;;;;;;;;;;;;;;;;;;;;;;;;;;;;;;;X;;;X;
D0001039000154;D0001039000154;FAIRING ASSEMBLY, MOVABLE PYLON;REPAIR;;;;X;X;;;;;;;;;;;;;;;;;;;;X;X;X;X;;;;;;;;;;;;;;;;;;;;;;;;;;;;;;;;;;;;;;;;;;;;;;;;;;;;;;;;;;;;;;;;;;;;;;X;;;X;
D0001039000155;D0001039000155;FAIRING ASSEMBLY, MOVABLE PYLON;REPAIR;;;;X;X;;;;;;;;;;;;;;;;;;;;X;X;X;X;;;;;;;;;;;;;;;;;;;;;;;;;;;;;;;;;;;;;;;;;;;;;;;;;;;;;;;;;;;;;;;;;;;;;;X;;;X;
D0001039000156;D0001039000156;FAIRING ASSEMBLY, MOVABLE PYLON;REPAIR;;;;X;X;;;;;;;;;;;;;;;;;;;;X;X;X;X;;;;;;;;;;;;;;;;;;;;;;;;;;;;;;;;;;;;;;;;;;;;;;;;;;;;;;;;;;;;;;;;;;;;;;X;;;X;
D0001039000157;D0001039000157;FAIRING ASSEMBLY, MOVABLE PYLON;REPAIR;;;;X;X;;;;;;;;;;;;;;;;;;;;X;X;X;X;;;;;;;;;;;;;;;;;;;;;;;;;;;;;;;;;;;;;;;;;;;;;;;;;;;;;;;;;;;;;;;;;;;;;;X;;;X;
D0001039000158;D0001039000158;FAIRING ASSEMBLY, MOVABLE PYLON;REPAIR;;;;X;X;;;;;;;;;;;;;;;;;;;;X;X;X;X;;;;;;;;;;;;;;;;;;;;;;;;;;;;;;;;;;;;;;;;;;;;;;;;;;;;;;;;;;;;;;;;;;;;;;X;;;X;
D0001039000159;D0001039000159;FAIRING ASSEMBLY, MOVABLE PYLON;REPAIR;;;;X;X;;;;;;;;;;;;;;;;;;;;X;X;X;X;;;;;;;;;;;;;;;;;;;;;;;;;;;;;;;;;;;;;;;;;;;;;;;;;;;;;;;;;;;;;;;;;;;;;;X;;;X;
D00010390001AG;D00010390001AG;FAIRING ASSEMBLY, MOVABLE PYLON;REPAIR;;;;X;X;;;;;;;;;;;;;;;;;;;;X;X;X;X;;;;;;;;;;;;;;;;;;;;;;;;;;;;;;;;;;;;;;;;;;;;;;;;;;;;;;;;;;;;;;;;;;;;;;X;;;X;
D00010390001AH;D00010390001AH;FAIRING ASSEMBLY, MOVABLE PYLON;REPAIR;;;;X;X;;;;;;;;;;;;;;;;;;;;X;X;X;X;;;;;;;;;;;;;;;;;;;;;;;;;;;;;;;;;;;;;;;;;;;;;;;;;;;;;;;;;;;;;;;;;;;;;;X;;;X;
D00010390001AI;D00010390001AI;FAIRING ASSEMBLY, MOVABLE PYLON;REPAIR;;;;X;X;;;;;;;;;;;;;;;;;;;;X;X;X;X;;;;;;;;;;;;;;;;;;;;;;;;;;;;;;;;;;;;;;;;;;;;;;;;;;;;;;;;;;;;;;;;;;;;;;X;;;X;
D00010390001AJ;D00010390001AJ;FAIRING ASSEMBLY, MOVABLE PYLON;REPAIR;;;;X;X;;;;;;;;;;;;;;;;;;;;X;X;X;X;;;;;;;;;;;;;;;;;;;;;;;;;;;;;;;;;;;;;;;;;;;;;;;;;;;;;;;;;;;;;;;;;;;;;;X;;;X;
D00010390001AK;D00010390001AK;FAIRING ASSEMBLY, MOVABLE PYLON;REPAIR;;;;X;X;;;;;;;;;;;;;;;;;;;;X;X;X;X;;;;;;;;;;;;;;;;;;;;;;;;;;;;;;;;;;;;;;;;;;;;;;;;;;;;;;;;;;;;;;;;;;;;;;X;;;X;
D00010390001AL;D00010390001AL;FAIRING ASSEMBLY, MOVABLE PYLON;REPAIR;;;;X;X;;;;;;;;;;;;;;;;;;;;X;X;X;X;;;;;;;;;;;;;;;;;;;;;;;;;;;;;;;;;;;;;;;;;;;;;;;;;;;;;;;;;;;;;;;;;;;;;;X;;;X;
D00010390001AM;D00010390001AM;FAIRING ASSEMBLY, MOVABLE PYLON;REPAIR;;;;X;X;;;;;;;;;;;;;;;;;;;;X;X;X;X;;;;;;;;;;;;;;;;;;;;;;;;;;;;;;;;;;;;;;;;;;;;;;;;;;;;;;;;;;;;;;;;;;;;;;X;;;X;
D00010390001AN;D00010390001AN;FAIRING ASSEMBLY, MOVABLE PYLON;REPAIR;;;;X;X;;;;;;;;;;;;;;;;;;;;X;X;X;X;;;;;;;;;;;;;;;;;;;;;;;;;;;;;;;;;;;;;;;;;;;;;;;;;;;;;;;;;;;;;;;;;;;;;;X;;;X;
D00010390001AP;D00010390001AP;FAIRING ASSEMBLY, MOVABLE PYLON;REPAIR;;;;X;X;;;;;;;;;;;;;;;;;;;;X;X;X;X;;;;;;;;;;;;;;;;;;;;;;;;;;;;;;;;;;;;;;;;;;;;;;;;;;;;;;;;;;;;;;;;;;;;;;X;;;X;
D00010390001AQ;D00010390001AQ;FAIRING ASSEMBLY, MOVABLE PYLON;REPAIR;;;;X;X;;;;;;;;;;;;;;;;;;;;X;X;X;X;;;;;;;;;;;;;;;;;;;;;;;;;;;;;;;;;;;;;;;;;;;;;;;;;;;;;;;;;;;;;;;;;;;;;;X;;;X;
D00010390001AR;D00010390001AR;FAIRING ASSEMBLY, MOVABLE PYLON;REPAIR;;;;X;X;;;;;;;;;;;;;;;;;;;;X;X;X;X;;;;;;;;;;;;;;;;;;;;;;;;;;;;;;;;;;;;;;;;;;;;;;;;;;;;;;;;;;;;;;;;;;;;;;X;;;X;
D00010390001AS;D00010390001AS;FAIRING ASSEMBLY, MOVABLE PYLON;REPAIR;;;;X;X;;;;;;;;;;;;;;;;;;;;X;X;X;X;;;;;;;;;;;;;;;;;;;;;;;;;;;;;;;;;;;;;;;;;;;;;;;;;;;;;;;;;;;;;;;;;;;;;;X;;;X;
D00010390001AT;D00010390001AT;FAIRING ASSEMBLY, MOVABLE PYLON;REPAIR;;;;X;X;;;;;;;;;;;;;;;;;;;;X;X;X;X;;;;;;;;;;;;;;;;;;;;;;;;;;;;;;;;;;;;;;;;;;;;;;;;;;;;;;;;;;;;;;;;;;;;;;X;;;X;
D00010390001AU;D00010390001AU;FAIRING ASSEMBLY, MOVABLE PYLON;REPAIR;;;;X;X;;;;;;;;;;;;;;;;;;;;X;X;X;X;;;;;;;;;;;;;;;;;;;;;;;;;;;;;;;;;;;;;;;;;;;;;;;;;;;;;;;;;;;;;;;;;;;;;;X;;;X;
D00010390001AV;D00010390001AV;FAIRING ASSEMBLY, MOVABLE PYLON;REPAIR;;;;X;X;;;;;;;;;;;;;;;;;;;;X;X;X;X;;;;;;;;;;;;;;;;;;;;;;;;;;;;;;;;;;;;;;;;;;;;;;;;;;;;;;;;;;;;;;;;;;;;;;X;;;X;
D00010390001AW;D00010390001AW;FAIRING ASSEMBLY, MOVABLE;REPAIR;;;;X;X;X;X;X;;;;;;;;;;;;;X;;;;;;X;;;;;;;;;;;;;;;;;;;;;;;;;;;;;;;;;;;;;;;;;;;;;;;;;;;;;;;;;;;;;;;;;;;;;;;X;;;X;
D00010390001AX;D00010390001AX;FAIRING ASSEMBLY, MOVABLE PYLON;REPAIR;;;;X;X;;;;;;;;;;;;;;;;;;;;X;X;X;X;;;;;;;;;;;;;;;;;;;;;;;;;;;;;;;;;;;;;;;;;;;;;;;;;;;;;;;;;;;;;;;;;;;;;;X;;;X;
D00010390001AY;D00010390001AY;FAIRING ASSEMBLY, MOVABLE PYLON;REPAIR;;;;X;X;;;;;;;;;;;;;;;;;;;;X;X;X;X;;;;;;;;;;;;;;;;;;;;;;;;;;;;;;;;;;;;;;;;;;;;;;;;;;;;;;;;;;;;;;;;;;;;;;X;;;X;
D00010390001AZ;D00010390001AZ;FAIRING ASSEMBLY, MOVABLE PYLON;REPAIR;;;;X;X;;;;;;;;;;;;;;;;;;;;X;X;X;X;;;;;;;;;;;;;;;;;;;;;;;;;;;;;;;;;;;;;;;;;;;;;;;;;;;;;;;;;;;;;;;;;;;;;;X;;;X;
D00010390001BA;D00010390001BA;FAIRING ASSEMBLY, MOVABLE PYLON;REPAIR;;;;X;X;;;;;;;;;;;;;;;;;;;;X;X;X;X;;;;;;;;;;;;;;;;;;;;;;;;;;;;;;;;;;;;;;;;;;;;;;;;;;;;;;;;;;;;;;;;;;;;;;X;;;X;
D00010390001BB;D00010390001BB;FAIRING ASSEMBLY, MOVABLE PYLON;REPAIR;;;;X;X;;;;;;;;;;;;;;;;;;;;X;X;X;X;;;;;;;;;;;;;;;;;;;;;;;;;;;;;;;;;;;;;;;;;;;;;;;;;;;;;;;;;;;;;;;;;;;;;;X;;;X;
D00010390001BD;D00010390001BD;FAIRING ASSEMBLY, MOVABLE PYLON;REPAIR;;;;X;X;;;;;;;;;;;;;;;;;;;;X;X;X;X;;;;;;;;;;;;;;;;;;;;;;;;;;;;;;;;;;;;;;;;;;;;;;;;;;;;;;;;;;;;;;;;;;;;;;X;;;X;
D00010390001BE;D00010390001BE;FAIRING ASSEMBLY, MOVABLE PYLON;REPAIR;;;;X;X;;;;;;;;;;;;;;;;;;;;X;X;X;X;;;;;;;;;;;;;;;;;;;;;;;;;;;;;;;;;;;;;;;;;;;;;;;;;;;;;;;;;;;;;;;;;;;;;;X;;;X;
D00010390001BF;D00010390001BF;FAIRING ASSEMBLY, MOVABLE PYLON;REPAIR;;;;X;X;;;;;;;;;;;;;;;;;;;;X;X;X;X;;;;;;;;;;;;;;;;;;;;;;;;;;;;;;;;;;;;;;;;;;;;;;;;;;;;;;;;;;;;;;;;;;;;;;X;;;X;
D00010390001BG;D00010390001BG;FAIRING ASSEMBLY, MOVABLE PYLON;REPAIR;;;;X;X;;;;;;;;;;;;;;;;;;;;X;X;X;X;;;;;;;;;;;;;;;;;;;;;;;;;;;;;;;;;;;;;;;;;;;;;;;;;;;;;;;;;;;;;;;;;;;;;;X;;;X;
D00010390001BH;D00010390001BH;FAIRING ASSEMBLY, MOVABLE PYLON;REPAIR;;;;X;X;;;;;;;;;;;;;;;;;;;;X;X;X;X;;;;;;;;;;;;;;;;;;;;;;;;;;;;;;;;;;;;;;;;;;;;;;;;;;;;;;;;;;;;;;;;;;;;;;X;;;X;
D00010390001BI;D00010390001BI;FAIRING ASSEMBLY, MOVABLE PYLON;REPAIR;;;;X;X;;;;;;;;;;;;;;;;;;;;X;X;X;X;;;;;;;;;;;;;;;;;;;;;;;;;;;;;;;;;;;;;;;;;;;;;;;;;;;;;;;;;;;;;;;;;;;;;;X;;;X;
D00010390001BJ;D00010390001BJ;FAIRING ASSEMBLY, MOVABLE PYLON;REPAIR;;;;X;X;;;;;;;;;;;;;;;;;;;;X;X;X;X;;;;;;;;;;;;;;;;;;;;;;;;;;;;;;;;;;;;;;;;;;;;;;;;;;;;;;;;;;;;;;;;;;;;;;X;;;X;
D00010390001BK;D00010390001BK;FAIRING ASSEMBLY, MOVABLE PYLON;REPAIR;;;;X;X;;;;;;;;;;;;;;;;;;;;X;X;X;X;;;;;;;;;;;;;;;;;;;;;;;;;;;;;;;;;;;;;;;;;;;;;;;;;;;;;;;;;;;;;;;;;;;;;;X;;;X;
D00010390001BL;D00010390001BL;FAIRING ASSEMBLY, MOVABLE PYLON;REPAIR;;;;X;X;;;;;;;;;;;;;;;;;;;;X;X;X;X;;;;;;;;;;;;;;;;;;;;;;;;;;;;;;;;;;;;;;;;;;;;;;;;;;;;;;;;;;;;;;;;;;;;;;X;;;X;
D00010390001BM;D00010390001BM;FAIRING ASSEMBLY, MOVABLE PYLON;REPAIR;;;;X;X;;;;;;;;;;;;;;;;;;;;X;X;X;X;;;;;;;;;;;;;;;;;;;;;;;;;;;;;;;;;;;;;;;;;;;;;;;;;;;;;;;;;;;;;;;;;;;;;;X;;;X;
D00010390001BN;D00010390001BN;FAIRING ASSEMBLY, MOVABLE PYLON;REPAIR;;;;X;X;;;;;;;;;;;;;;;;;;;;X;X;X;X;;;;;;;;;;;;;;;;;;;;;;;;;;;;;;;;;;;;;;;;;;;;;;;;;;;;;;;;;;;;;;;;;;;;;;X;;;X;
D00010390001BP;D00010390001BP;FAIRING ASSEMBLY, MOVABLE PYLON;REPAIR;;;;X;X;;;;;;;;;;;;;;;;;;;;X;X;X;X;;;;;;;;;;;;;;;;;;;;;;;;;;;;;;;;;;;;;;;;;;;;;;;;;;;;;;;;;;;;;;;;;;;;;;X;;;X;
D00010390001BQ;D00010390001BQ;FAIRING ASSEMBLY, MOVABLE PYLON;REPAIR;;;;X;X;;;;;;;;;;;;;;;;;;;;X;X;X;X;;;;;;;;;;;;;;;;;;;;;;;;;;;;;;;;;;;;;;;;;;;;;;;;;;;;;;;;;;;;;;;;;;;;;;X;;;X;
D00010390001BR;D00010390001BR;FAIRING ASSEMBLY, MOVABLE PYLON;REPAIR;;;;X;X;;;;;;;;;;;;;;;;;;;;X;X;X;X;;;;;;;;;;;;;;;;;;;;;;;;;;;;;;;;;;;;;;;;;;;;;;;;;;;;;;;;;;;;;;;;;;;;;;X;;;X;
D00010390001BS;D00010390001BS;FAIRING ASSEMBLY, MOVABLE PYLON;REPAIR;;;;X;X;;;;;;;;;;;;;;;;;;;;X;X;X;X;;;;;;;;;;;;;;;;;;;;;;;;;;;;;;;;;;;;;;;;;;;;;;;;;;;;;;;;;;;;;;;;;;;;;;X;;;X;
D00010390001BT;D00010390001BT;FAIRING ASSEMBLY, MOVABLE;REPAIR;;;;X;X;X;X;X;;;;;;;;;;;;;X;;;;;;X;;;;;;;;;;;;;;;;;;;;;;;;;;;;;;;;;;;;;;;;;;;;;;;;;;;;;;;;;;;;;;;;;;;;;;;X;;;X;
D00010390001BU;D00010390001BU;FAIRING ASSEMBLY, MOVABLE PYLON;REPAIR;;;;X;X;;;;;;;;;;;;;;;;;;;;X;X;X;X;;;;;;;;;;;;;;;;;;;;;;;;;;;;;;;;;;;;;;;;;;;;;;;;;;;;;;;;;;;;;;;;;;;;;;X;;;X;
D00010390001BV;D00010390001BV;FAIRING ASSEMBLY, MOVABLE PYLON;REPAIR;;;;X;X;;;;;;;;;;;;;;;;;;;;X;X;X;X;;;;;;;;;;;;;;;;;;;;;;;;;;;;;;;;;;;;;;;;;;;;;;;;;;;;;;;;;;;;;;;;;;;;;;X;;;X;
D00010390001BW;D00010390001BW;FAIRING ASSEMBLY, MOVABLE PYLON;REPAIR;;;;X;X;;;;;;;;;;;;;;;;;;;;X;X;X;X;;;;;;;;;;;;;;;;;;;;;;;;;;;;;;;;;;;;;;;;;;;;;;;;;;;;;;;;;;;;;;;;;;;;;;X;;;X;
D00010390001BX;D00010390001BX;FAIRING ASSEMBLY, MOVABLE PYLON;REPAIR;;;;X;X;;;;;;;;;;;;;;;;;;;;X;X;X;X;;;;;;;;;;;;;;;;;;;;;;;;;;;;;;;;;;;;;;;;;;;;;;;;;;;;;;;;;;;;;;;;;;;;;;X;;;X;
D00010390001BY;D00010390001BY;FAIRING ASSEMBLY, MOVABLE PYLON;REPAIR;;;;X;X;;;;;;;;;;;;;;;;;;;;X;X;X;X;;;;;;;;;;;;;;;;;;;;;;;;;;;;;;;;;;;;;;;;;;;;;;;;;;;;;;;;;;;;;;;;;;;;;;X;;;X;
D00010390001BZ;D00010390001BZ;FAIRING ASSEMBLY, MOVABLE PYLON;REPAIR;;;;X;X;;;;;;;;;;;;;;;;;;;;X;X;X;X;;;;;;;;;;;;;;;;;;;;;;;;;;;;;;;;;;;;;;;;;;;;;;;;;;;;;;;;;;;;;;;;;;;;;;X;;;X;
D00010390001CA;D00010390001CA;FAIRING ASSEMBLY, MOVABLE PYLON;REPAIR;;;;X;X;;;;;;;;;;;;;;;;;;;;X;X;X;X;;;;;;;;;;;;;;;;;;;;;;;;;;;;;;;;;;;;;;;;;;;;;;;;;;;;;;;;;;;;;;;;;;;;;;X;;;X;
D00010390001CB;D00010390001CB;FAIRING ASSEMBLY, MOVABLE PYLON;REPAIR;;;;X;X;;;;;;;;;;;;;;;;;;;;X;X;X;X;;;;;;;;;;;;;;;;;;;;;;;;;;;;;;;;;;;;;;;;;;;;;;;;;;;;;;;;;;;;;;;;;;;;;;X;;;X;
D00830404;D00830-404;DOOR;;REPAIR;;;X;X;;;;;;;;;;;;;;;;;;;;;;;;;;;;;;;;;;;;;;;;;;;;;;;;;;;;;;;;;;;;;;;;;;;;;;;;;;;;;;;;;;;;;;;;X;X;;;;;X;;X;
D00830405;D00830-405;DOOR;;REPAIR;;;X;X;;;;;;;;;;;;;;;;;;;;;;;;;;;;;;;;;;;;;;;;;;;;;;;;;;;;;;;;;;;;;;;;;;;;;;;;;;;;;;;;;;;;;;;;X;X;;;;;X;;X;
D00830406;D00830-406;DOOR;;REPAIR;;;X;X;;;;;;;;;;;;;;;;;;;;;;;;;;;;;;;;;;;;;;;;;;;;;;;;;;;;;;;;;;;;;;;;;;;;;;;;;;;;;;;;;;;;;;;;X;X;;;;;X;;X;
D00885402;D00885-402;FAIRING;;REPAIR;;;X;X;;;;;;;;;;;;;;;;;;;;;;;;;;;;;;;;;;;;;;;;;;;;;;;;;;;;;;;;;;;;;;;;;;;;;;;;;;;;;;;;;;;;;;;;X;X;;;;;X;;X;
D03039403;D03039-403;STABILIZER;;REPAIR;;;X;X;;;;;;;;;;;;;;;;;;;;;;;;;;;;;;;;;;;;;;;;;;;;;;;;;;;;;;;;;;;;;;;;;;;;;;;;;;;;;;;;;;;;;;;;X;X;;;;;X;;X;
D03507405;D03507-405;LEADING;;REPAIR;;;X;X;;;;;;;;;;;;;;;;;;;;;;;;;;;;;;;;;;;;;;;;;;;;;;;;;;;;;;;;;;;;;;;;;;;;;;;;;;;;;;;;;;;;;;;;X;X;;;;;X;;X;
D03507406;D03507-406;LEADING EDGE;;REPAIR;;;X;X;;;;;;;;;;;;;;;;;;;;;;;;;;;;;;;;;;;;;;;;;;;;;;;;;;;;;;;;;;;;;;;;;;;;;;;;;;;;;;;;;;;;;;;;X;X;;;;;X;;X;
D05000;D05000;FILL AND DRAIN VALVE/OVERFLOW SHUT-OFF;REPAIR;;;;X;X;X;X;X;;;;;;;;;;;;;X;X;X;X;;;X;;;;;;;;;;;;;;;;;;;;;;;;;;;;;;;;;;;;;;;;;;;;;;;;;;;;;;;;;;;;;;;;;;;;;;;X;;;;
D05A00;D05A00;VALVE COUPURE;REPAIR;;;;X;X;X;X;X;;;;;;;;;;;;;X;X;X;X;;;X;;;;;;;;;;;;;;;;;;;;;;;;;;;;;;;;;;;;;;;;;;;;;;;;;;;;;;;;;;;;;;;;;;;;;;;X;;;;
D05B00;D05B00;FILL AND DRAIN VALVE/OVERFLOW SHUT-OFF;REPAIR;;;;X;X;X;X;X;;;;;;;;;;;;;X;X;X;X;;;X;;;;;;;;;;;;;;;;;;;;;;;;;;;;;;;;;;;;;;;;;;;;;;;;;;;;;;;;;;;;;;;;;;;;;;;X;;;;
D05C00;D05C00;FILL AND DRAIN VALVE/OVERFLOW SHUT-OFF;REPAIR;;;;X;X;X;X;X;;;;;;;;;;;;;X;X;X;X;;;X;;;;;;;;;;;;;;;;;;;;;;;;;;;;;;;;;;;;;;;;;;;;;;;;;;;;;;;;;;;;;;;;;;;;;;;X;;;;
D102740;D102740;MOTOR;;REPAIR;;;X;X;;X;;;;;;;;;;;;;;;;;;;;;;;;;;;;;;;;;;;;;;;;;;;;;;;;;;;;;;;;;;;;;;;;;;;;;;;;;;;;;;X;;;;;X;;;;;;;;;X;;;
D11320409;D11320-409;DOOR;;REPAIR;;;X;X;;;;;;;;;;;;;;;;;;;;;;;;;;;;;;;;;;;;;;;;;;;;;;;;;;;;;;;;;;;;;;;;;;;;;;;;;;;;;;;;;;;;;;;;X;X;;;;;X;;X;
D11320410;D11320-410;DOOR;;REPAIR;;;X;X;;;;;;;;;;;;;;;;;;;;;;;;;;;;;;;;;;;;;;;;;;;;;;;;;;;;;;;;;;;;;;;;;;;;;;;;;;;;;;;;;;;;;;;;X;X;;;;;X;;X;
D11320413;D11320-413;DOOR;;REPAIR;;;X;X;;;;;;;;;;;;;;;;;;;;;;;;;;;;;;;;;;;;;;;;;;;;;;;;;;;;;;;;;;;;;;;;;;;;;;;;;;;;;;;;;;;;;;;;X;X;;;;;X;;X;
D11320425;D11320-425;DOOR ASSY;;REPAIR;;;X;X;;X;;;;;;;;;;;;;;;;;;;;;;;;;;;;;;;;;;;;;;;;;;;;;;;;;;;;;;;;;;;;;;;;;;;;;;;;;;;;;;;;;;;;;;X;X;;;;;X;;X;
D11320436;D11320-436;DOOR ASSY;;REPAIR;;;X;X;;;;;;;;;;;;;;;;;;;;;;;;;;;;;;;;;;;;;;;;;;;;;;;;;;;;;;;;;;;;;;;;;;;;;;;;;;;;;;;;;;;;;;;;X;X;;;;;X;;X;
D13300405;D13300-405;DOOR;;REPAIR;;;X;X;;X;;;;;;;;;;;;;;;;;;;;;;;;;;;;;;;;;;;;;;;;;;;;;;;;;;;;;;;;;;;;;;;;;;;;;;;;;;;;;;;;;;;;;;X;X;;;;;X;;X;
D13300406;D13300-406;DOOR;;REPAIR;;;X;X;;X;;;;;;;;;;;;;;;;;;;;;;;;;;;;;;;;;;;;;;;;;;;;;;;;;;;;;;;;;;;;;;;;;;;;;;;;;;;;;;;;;;;;;;X;X;;;;;X;;X;
D13312407;D13312-407;MLG OUTBOARD DOOR ASSY;;REPAIR;;;X;X;;X;;;;;;;;;;;;;;;;;;;;;;;;;;;;;;;;;;;;;;;;;;;;;;;;;;;;;;;;;;;;;;;;;;;;;;;;;;;;;;;;;;;;;;X;X;;;;;X;;X;
D13312703;D13312-703;MLG OUTBOARD DOOR ASSY;;REPAIR;;;X;X;;X;;;;;;;;;;;;;;;;;;;;;;;;;;;;;;;;;;;;;;;;;;;;;;;;;;;;;;;;;;;;;;;;;;;;;;;;;;;;;;;;;;;;;;X;X;;;;;X;;X;
D13312704;D13312-704;MLG OUTBOARD DOOR ASSY;;REPAIR;;;X;X;;X;;;;;;;;;;;;;;;;;;;;;;;;;;;;;;;;;;;;;;;;;;;;;;;;;;;;;;;;;;;;;;;;;;;;;;;;;;;;;;;;;;;;;;X;X;;;;;X;;X;
D13312705;D13312-705;MLG OUTBOARD DOOR ASSY;;REPAIR;;;X;X;;X;;;;;;;;;;;;;;;;;;;;;;;;;;;;;;;;;;;;;;;;;;;;;;;;;;;;;;;;;;;;;;;;;;;;;;;;;;;;;;;;;;;;;;X;X;;;;;X;;X;
D13312707;D13312-707;MLG OUTBOARD DOOR ASSY;;REPAIR;;;X;X;;;;;;;;;;;;;;;;;;;;;;;;;;;;;;;;;;;;;;;;;;;;;;;;;;;;;;;;;;;;;;;;;;;;;;;;;;;;;;;;;;;;;;;;X;X;;;;;X;;X;
D14010422;D14010-422;EDGE;;REPAIR;;;X;;;;;;;;;;;;;;;;;;;;;;;;;;;;;;;;;;;;;;;;;;;;;;;;;;;;;;;;;;;;;;;;;;;;;;;;;;;;;;;;;;;;;;;;;X;X;;;;;X;;X;
D14020421;D14020-421;EDGE;;REPAIR;;;X;X;;;;;;;;;;;;;;;;;;;;;;;;;;;;;;;;;;;;;;;;;;;;;;;;;;;;;;;;;;;;;;;;;;;;;;;;;;;;;;;;;;;;;;;;X;X;;;;;X;;X;
D14020425;D14020-425;LEADING;;REPAIR;;;X;X;;;;;;;;;;;;;;;;;;;;;;;;;;;;;;;;;;;;;;;;;;;;;;;;;;;;;;;;;;;;;;;;;;;;;;;;;;;;;;;;;;;;;;;;X;X;;;;;X;;X;
D14030419;D14030-419;EDGE ASSY LEADING;;REPAIR;;;X;X;;;;;;;;;;;;;;;;;;;;;;;;;;;;;;;;;;;;;;;;;;;;;;;;;;;;;;;;;;;;;;;;;;;;;;;;;;;;;;;;;;;;;;;;X;X;;;;;X;;X;
D14090401;D14090-401;PICCOLO TUBE LH;;REPAIR;;;X;X;;;;;;;;;;;;;;;;;;;;;;;;;;;;;;;;;;;;;;;;;;;;;;;;;;;;;;;;;;;;;;;;;;;;;;;;;;;;;;;;;;;;;;;;X;X;;;;;X;;X;
D14090402;D14090-402;TUBE ASSY;;REPAIR;;;X;X;;;;;;;;;;;;;;;;;;;;;;;;;;;;;;;;;;;;;;;;;;;;;;;;;;;;;;;;;;;;;;;;;;;;;;;;;;;;;;;;;;;;;;;;X;X;;;;;X;;X;
D14091401;D14091-401;PICCOLO TUBE LH;;REPAIR;;;X;X;;;;;;;;;;;;;;;;;;;;;;;;;;;;;;;;;;;;;;;;;;;;;;;;;;;;;;;;;;;;;;;;;;;;;;;;;;;;;;;;;;;;;;;;X;X;;;;;X;;X;
D14091402;D14091-402;PICCOLO TUBE RH;;REPAIR;;;X;X;;;;;;;;;;;;;;;;;;;;;;;;;;;;;;;;;;;;;;;;;;;;;;;;;;;;;;;;;;;;;;;;;;;;;;;;;;;;;;;;;;;;;;;;X;X;;;;;X;;X;
D15270006;D15270-006;DOME;;REPAIR;;;X;X;;;;;;;;;;;;;;;;;;;;;;;;;;;;;;;;;;;;;;;;;;;;;;;;;;;;;;;;;;;;;;;;;;;;;;;;;;;;;;;;;;;;;;;;X;;;;X;;X;;X;
D15652407;D15652-407;CONE ASSY-TAIL;;REPAIR;;;X;X;;;;;;;;;;;;;;;;;;;;;;;;;;;;;;;;;;;;;;;;;;;;;;;;;;;;;;;;;;;;;;;;;;;;;;;;;;;;;;;;;;;;;;;;X;X;;;;;X;;X;
D15652408;D15652-408;CONE;;REPAIR;;;X;X;;;;;;;;;;;;;;;;;;;;;;;;;;;;;;;;;;;;;;;;;;;;;;;;;;;;;;;;;;;;;;;;;;;;;;;;;;;;;;;;;;;;;;;;X;X;;;;;X;;X;
D16009407;D16009-407;LIFT DUMPER Nø5;;REPAIR;;;X;X;;;;;;;;;;;;;;;;;;;;;;;;;;;;;;;;;;;;;;;;;;;;;;;;;;;;;;;;;;;;;;;;;;;;;;;;;;;;;;;;;;;;;;;;X;X;;;;;X;;X;
D17003449;D17003-449;FLAP;;REPAIR;;;X;X;;;;;;;;;;;;;;;;;;;;;;;;;;;;;;;;;;;;;;;;;;;;;;;;;;;;;;;;;;;;;;;;;;;;;;;;;;;;;;;;;;;;;;;;X;X;;;;;X;;X;
D17003455;D17003-455;FLAP;;REPAIR;;;X;X;;;;;;;;;;;;;;;;;;;;;;;;;;;;;;;;;;;;;;;;;;;;;;;;;;;;;;;;;;;;;;;;;;;;;;;;;;;;;;;;;;;;;;;;X;X;;;;;X;;X;
D17408401;D17408-401;DOOR SHROUD;;REPAIR;;;X;X;;;;;;;;;;;;;;;;;;;;;;;;;;;;;;;;;;;;;;;;;;;;;;;;;;;;;;;;;;;;;;;;;;;;;;;;;;;;;;;;X;;;;;;X;;X;X;;;;;X;;;
D18000409;D18000-409;AILERON ASSY LH;;REPAIR;;;X;X;;;;;;;;;;;;;;;;;;;;;;;;;;;;;;;;;;;;;;;;;;;;;;;;;;;;;;;;;;;;;;;;;;;;;;;;;;;;;;;;;;;;;;;;X;X;;;;;X;;X;
D19033;D19-033;PROTECTIVE REGULATOR;REPAIR;;;;X;X;X;X;;;;;;;X;;X;;;;;;;;;;;;;;;;;;;;;;;;;;;;;;;;;;;;;;;;;;;;;;;;;;;;;;;;;;;;;;;;;;;;;;;;;;;;;;;;;;X;;;;
D19034;D19-034;PROTECTIVE REGULATOR;REPAIR;;;;X;X;X;X;;;;;;;X;;X;;;;;;;;;;;;;;;;;;;;;;;;;;;;;;;;;;;;;;;;;;;;;;;;;;;;;;;;;;;;;;;;;;;;;;;;;;;;;;;;;;X;;;;
D19035;D19-035;PROTECTIVE REGULATOR;REPAIR;;;;X;X;X;X;;;;;;;X;;X;;;;;;;;;;;;;;;;;;;;;;;;;;;;;;;;;;;;;;;;;;;;;;;;;;;;;;;;;;;;;;;;;;;;;;;;;;;;;;;;;;X;;;;
D19058401;D19058-401;NOSE LANDING GEAR DOOR;;REPAIR;;;X;X;;;;;;;;;;;;;;;;;;;;;;;;;;;;;;;;;;;;;;;;;;;;;;;;;;;;;;;;;;;;;;;;;;;;;;;;;;;;;;;;;;;;;;;;X;X;;;;;X;;X;
D21240403;D21240-403;RADOME;;REPAIR;;;X;X;;;;;;;;;;;;;;;;;;;;;;;;;;;;;;;;;;;;;;;;;;;;;;;;;;;;;;;;;;;;;;;;;;;;;;;;;;;;;;;;;;;;;;;;X;X;;;;;X;;X;
D21240411;D21240-411;RADOME ASSY;;REPAIR;;;X;X;;;;;;;;;;;;;;;;;;;;;;;;;;;;;;;;;;;;;;;;;;;;;;;;;;;;;;;;;;;;;;;;;;;;;;;;;;;;;;;;;;;;;;;;X;X;;;;;X;;X;
D21240413;D21240-413;RADOME ASSY;;REPAIR;;;X;X;;;;;;;;;;;;;;;;;;;;;;;;;;;;;;;;;;;;;;;;;;;;;;;;;;;;;;;;;;;;;;;;;;;;;;;;;;;;;;;;;;;;;;;;X;X;;;;;X;;X;
D21518403;D21518-403;WINDOW;;REPAIR;;;X;X;;;;;;;;;;;;;;;;;;;;;;;;;;;;;;;;;;;;;;;;;;;;;;;;;;;;;;;;;;;;;;;;;;;;;;;;;;;;;;;;;;;;;;;;X;X;;;;;X;;X;
D21518404;D21518-404;WINDOW SLIDING RIGHT;;REPAIR;;;X;X;;;;;;;;;;;;;;;;;;;;;;;;;;;;;;;;;;;;;;;;;;;;;;;;;;;;;;;;;;;;;;;;;;;;;;;;;;;;;;;;;;;;;;;;X;X;;;;;X;;X;
D21518405;D21518-405;WINDOW;;REPAIR;;;X;X;;X;;;;;;;;;;;;;;;;;;;;;;;;;;;;;;;;;;;;;;;;;;;;;;;;;;;;;;;;;;;;;;;;;;;;;;;;;;;;;;;;;;;;;;X;X;;;;;X;;X;
D21518406;D21518-406;WINDOW SLIDING RH;;REPAIR;;;X;X;;X;;;;;;;;;;;;;;;;;;;;;;;;;;;;;;;;;;;;;;;;;;;;;;;;;;;;;;;;;;;;;;;;;;;;;;;;;;;;;;;;;;;;;;X;X;;;;;X;;X;
D21518407;D21518-407;WINDOW;;REPAIR;;;X;X;;;;;;;;;;;;;;;;;;;;;;;;;;;;;;;;;;;;;;;;;;;;;;;;;;;;;;;;;;;;;;;;;;;;;;;;;;;;;;;;;;;;;;;;X;X;;;;;X;;X;
D21518408;D21518-408;WINDOW SLIDING RH;;REPAIR;;;X;X;;X;;;;;;;;;;;;;;;;;;;;;;;;;;;;;;;;;;;;;;;;;;;;;;;;;;;;;;;;;;;;;;;;;;;;;;;;;;;;;;;;;;;;;;X;X;;;;;X;;X;
D21518409;D21518-409;WINDOW;;REPAIR;;;X;X;;;;;;;;;;;;;;;;;;;;;;;;;;;;;;;;;;;;;;;;;;;;;;;;;;;;;;;;;;;;;;;;;;;;;;;;;;;;;;;;;;;;;;;;X;X;;;;;X;;X;
D21518410;D21518-410;WINDOW SLIDING RH;;REPAIR;;;X;X;;;;;;;;;;;;;;;;;;;;;;;;;;;;;;;;;;;;;;;;;;;;;;;;;;;;;;;;;;;;;;;;;;;;;;;;;;;;;;;;;;;;;;;;X;X;;;;;X;;X;
D21518411;D21518-411;WINDOW;;REPAIR;;;X;X;;;;;;;;;;;;;;;;;;;;;;;;;;;;;;;;;;;;;;;;;;;;;;;;;;;;;;;;;;;;;;;;;;;;;;;;;;;;;;;;;;;;;;;;X;X;;;;;X;;X;
D21518412;D21518-412;RH SLIDING WINDOW;;REPAIR;;;X;X;;;;;;;;;;;;;;;;;;;;;;;;;;;;;;;;;;;;;;;;;;;;;;;;;;;;;;;;;;;;;;;;;;;;;;;;;;;;;;;;;;;;;;;;X;X;;;;;X;;X;
D21518413;D21518-413;WINDOW;;REPAIR;;;X;X;;;;;;;;;;;;;;;;;;;;;;;;;;;;;;;;;;;;;;;;;;;;;;;;;;;;;;;;;;;;;;;;;;;;;;;;;;;;;;;;;;;;;;;;X;X;;;;;X;;X;
D21518414;D21518-414;WINDOW;;REPAIR;;;X;X;;;;;;;;;;;;;;;;;;;;;;;;;;;;;;;;;;;;;;;;;;;;;;;;;;;;;;;;;;;;;;;;;;;;;;;;;;;;;;;;;;;;;;;;X;X;;;;;X;;X;
D21518703;D21518-703;WINDOW;;REPAIR;;;X;X;;;;;;;;;;;;;;;;;;;;;;;;;;;;;;;;;;;;;;;;;;;;;;;;;;;;;;;;;;;;;;;;;;;;;;;;;;;;;;;;;;;;;;;;X;X;;;;;X;;X;
D21518704;D21518-704;WINDOW SLIDING RH;;REPAIR;;;X;X;;;;;;;;;;;;;;;;;;;;;;;;;;;;;;;;;;;;;;;;;;;;;;;;;;;;;;;;;;;;;;;;;;;;;;;;;;;;;;;;;;;;;;;;X;X;;;;;X;;X;
D21518705;D21518-705;WINDOW;;REPAIR;;;X;X;;;;;;;;;;;;;;;;;;;;;;;;;;;;;;;;;;;;;;;;;;;;;;;;;;;;;;;;;;;;;;;;;;;;;;;;;;;;;;;;;;;;;;;;X;X;;;;;X;;X;
D21518706;D21518-706;WINDOW SLIDING RH;;OVERHAUL;;;X;X;;;;;;;;;;;;;;;;;;;;;;;;;;;;;;;;;;;;;;;;;;;;;;;;;;;;;;;;;;;;;;;;;;;;;;;;;X;X;;;;;;X;;;;;;;;;;;;;;X;;;
D2157100002000;D2157100002000;RAM AIR OUTLET;REPAIR;;;;X;X;X;X;;;;;;;;;;;;;;X;;;;X;X;X;X;;;;;;;;;;;;;;;;;;;;;;;;;;;;;;;;;;;;;;;;;;;;;;;;;;;;;;;;;;;;;;;;;;;;;;X;;;X;
D2157108002400;D2157108002400;RAM AIR OUTLET;REPAIR;;;;X;X;X;X;;;;;;;;;;;;;;X;;;;X;X;X;X;;;;;;;;;;;;;;;;;;;;;;;;;;;;;;;;;;;;;;;;;;;;;;;;;;;;;;;;;;;;;;;;;;;;;;X;;;X;
D220151;D22015-1;PROXIMITY SWITCH;OVERHAUL;;;;X;X;X;X;X;;;;;;X;;;;;X;;;;;;;;;;;;;;;;;;;;;;;;;;;;;;;;;;;;;;;;;;;;;;;;;;;;;;;;;;;;;;;;;;;;;;;;;;;;;;;X;;;;
D220151A;D22015-1A;PROXIMITY SWITCH;REPAIR;;;;X;X;X;X;X;X;;;;;X;;;;;X;;;;;;;;;;;;;;;;;;;;;;;;;;;;;;;;;;;;;;;;;;;;;;;;;;;;;;;;;;;;;;;;;;;;;;;;;;;;;;;X;;;;
D220152;D22015-2;PROXIMITY SWITCH;OVERHAUL;;;;X;X;X;X;X;;;X;;;X;;;;;X;;;;;;;;;;;;;;;;;;;;;;;;;;;;;;;;;;;;;;;;;;;;;;;;;;;;;;;;;;;;;;;;;;;;;;;;;;;;;;;X;;;;
D220152A;D22015-2A;PROXIMITY SWITCH;REPAIR;;;;X;X;X;X;X;X;;;;;X;;;;;X;;;;;;;;;;;;;;;;;;;;;;;;;;;;;;;;;;;;;;;;;;;;;;;;;;;;;;;;;;;;;;;;;;;;;;;;;;;;;;;X;;;;
D22073101;D22073-101;PROXIMITY SWITCH;OVERHAUL;;;;X;X;X;X;X;;;;;;X;;;;;;;;;;;;;;;;;;;;;;;;;;;;;;;;;;;;;;;;;;;;;;;;;;;;;;;;;;;;;;;;;;;;;;;;;;;;;;;;;;;;X;;;;
D22073102;D22073-102;PROXIMITY SWITCH;OVERHAUL;;;;X;X;X;X;X;;;;;;X;;;;;;;;;;;;;;;;;;;;;;;;;;;;;;;;;;;;;;;;;;;;;;;;;;;;;;;;;;;;;;;;;;;;;;;;;;;;;;;;;;;;X;;;;
D22073201;D22073-201;PROXIMITY SWITCH;OVERHAUL;;;;X;X;X;X;X;;;;;;X;;;;;;;;;;;;;;;;;;;;;;;;;;;;;;;;;;;;;;;;;;;;;;;;;;;;;;;;;;;;;;;;;;;;;;;;;;;;;;;;;;;;X;;;;
D22073202;D22073-202;PROXIMITY SWITCH;OVERHAUL;;;;X;X;X;X;X;;;;;;X;;;;;;;;;;;;;;;;;;;;;;;;;;;;;;;;;;;;;;;;;;;;;;;;;;;;;;;;;;;;;;;;;;;;;;;;;;;;;;;;;;;;X;;;;
D22075;D22075;PROXIMITY SWITCH;OVERHAUL;;;;X;X;X;X;X;;;X;;;X;;;;;X;;;;;;;;;;;;;;;;;;;;;;;;;;;;;;;;;;;;;;;;;;;;;;;;;;;;;;;;;;;;;;;;;;;;;;;;;;;;;;;X;;;;
D220751;D22075-1;PROXIMITY SWITCH;OVERHAUL;;;;X;X;X;X;X;;;X;;;X;;;;;X;;;;;;;;;;;;;;;;;;;;;;;;;;;;;;;;;;;;;;;;;;;;;;;;;;;;;;;;;;;;;;;;;;;;;;;;;;;;;;;X;;;;
D220751A;D22075-1-A;PROXIMITY SWITCH;REPAIR;;;;X;X;X;X;X;X;;;;;X;;;;;X;;;;;;;;;;;;;;;;;;;;;;;;;;;;;;;;;;;;;;;;;;;;;;;;;;;;;;;;;;;;;;;;;;;;;;;;;;;;;;;X;;;;
D22076;D22076;PROXIMITY SWITCH;OVERHAUL;;;;X;X;X;X;X;;;;;;X;;;;;X;;;;;;;;;;;;;;;;;;;;;;;;;;;;;;;;;;;;;;;;;;;;;;;;;;;;;;;;;;;;;;;;;;;;;;;;;;;;;;;X;;;;
D220761;D22076-1;PROXIMITY SWITCH;OVERHAUL;;;;X;X;X;X;X;;;;;;X;;;;;X;;;;;;;;;;;;;;;;;;;;;;;;;;;;;;;;;;;;;;;;;;;;;;;;;;;;;;;;;;;;;;;;;;;;;;;;;;;;;;;X;;;;
D220761A;D22076-1-A;PROXIMITY SWITCH;REPAIR;;;;X;X;X;X;X;X;;;;;X;;;;;X;;;;;;;;;;;;;;;;;;;;;;;;;;;;;;;;;;;;;;;;;;;;;;;;;;;;;;;;;;;;;;;;;;;;;;;;;;;;;;;X;;;;
D22105;D22105;HARNESS, RH;REPAIR;;;;X;;;;;;;;;;X;;;;;;;;;;;;;;;;;;;;;;;;;;;;;;;;;;;;;;;;;;;;;;;;;;;;;;;;;;;;;;;;;;;;;;;;;;;;;;;;;;;;X;;;;
D22106;D22106;HARNESS, LH;REPAIR;;;;X;;;;;;;;;;X;;;;;;;;;;;;;;;;;;;;;;;;;;;;;;;;;;;;;;;;;;;;;;;;;;;;;;;;;;;;;;;;;;;;;;;;;;;;;;;;;;;;X;;;;
D221370002;D22137000-2;CYLINDER ASSY;OVERHAUL;;;;X;X;X;X;X;;;;;;;;;;;;;X;;X;;;;;;;;;;;;;;;;;;;;;;;;;;;;;;;;;;;;;;;;;;;;;;;;;;;;;;;;;;;;;;;;;;;;;;;;;;;X;;;;
D22147300;D22147300;ACTUATOR, RETRACTION MLG;OVERHAUL;;;;X;X;X;X;X;;;X;;;;;;;;;;X;X;X;X;;;;;;;;;;;;;;;;;;;;;;;;;;;;;;;;;;;;;;;;;;;;;;;;;;;;;;;;;;;;;;;;;;;;;;;;;;X;;;;
D221473001;D22147300-1;ACTUATOR, RETRACTION MLG;OVERHAUL;;;;X;X;X;X;X;;;X;;;;;;;;;;X;;X;;;;;;;;;;;;;;;;;;;;;;;;;;;;;;;;;;;;;;;;;;;;;;;;;;;;;;;;;;;;;;;;;;;;;;;;;;;X;;;;
D221473002;D22147300-2;ACTUATOR, RETRACTION MLG;OVERHAUL;;;;X;X;X;X;X;;;X;;;;;;;;;;X;;X;;;;;;;;;;;;;;;;;;;;;;;;;;;;;;;;;;;;;;;;;;;;;;;;;;;;;;;;;;;;;;;;;;;;;;;;;;;X;;;;
D22237001;D22237001;BRACKE MANIFOLD;OVERHAUL;;;;X;X;X;X;X;;;;;;;;;;;;;X;;X;;;;;;;;;;;;;;;;;;;;;;;;;;;;;;;;;;;;;;;;;;;;;;;;;;;;;;;;;;;;;;;;;;;;;;;;;;;X;;;;
D22238001;D22238001;BRAKE MANIFOLD;OVERHAUL;;;;X;X;X;X;X;;;;;;;;;;;;;X;;X;;;;;;;;;;;;;;;;;;;;;;;;;;;;;;;;;;;;;;;;;;;;;;;;;;;;;;;;;;;;;;;;;;;;;;;;;;;X;;;;
D22295000;D22295000;ACCUMULATOR, HYDRAULIC;OVERHAUL;;;;X;X;X;X;X;;;X;;;X;;;;;X;;;;;;;;;;;;;;;;;;;;;;;;;;;;;;;;;;;;;;;;;;;;;;;;;;;;;;;;;;;;;;;;;;;;;;;;;;;;;;;X;;;;
D22295000A;D22295000-A;ACCUMULATOR, HYDRAULIC;OVERHAUL;;;;X;X;X;X;X;X;;;;;X;;;;;X;;;;;;;;;;;;;;;;;;;;;;;;;;;;;;;;;;;;;;;;;;;;;;;;;;;;;;;;;;;;;;;;;;;;;;;;;;;;;;;X;;;;
D22426000;D22426000;DAMPER, PITCH;OVERHAUL;;;;X;X;X;X;X;;;X;;;;;;;;;;X;;;;;;;;;;;;;;;;;;;;;;;;;;;;;;;;;;;;;;;;;;;;;;;;;;;;;;;;;;;;;;;;;;;;;;;;;;;;;X;;;;
D224260001;D22426000-1;DAMPER, PITCH;OVERHAUL;;;;X;X;X;X;X;;;X;;;;;;;;;;X;;;;;;;;;;;;;;;;;;;;;;;;;;;;;;;;;;;;;;;;;;;;;;;;;;;;;;;;;;;;;;;;;;;;;;;;;;;;;X;;;;
D224260002;D22426000-2;DAMPER, PITCH;OVERHAUL;;;;X;X;X;X;X;;;X;;;;;;;;;;X;;;;;;;;;;;;;;;;;;;;;;;;;;;;;;;;;;;;;;;;;;;;;;;;;;;;;;;;;;;;;;;;;;;;;;;;;;;;;X;;;;
D224260003;D22426000-3;DAMPER, PITCH;OVERHAUL;;;;X;X;X;X;X;;;X;;;;;;;;;;X;;;;;;;;;;;;;;;;;;;;;;;;;;;;;;;;;;;;;;;;;;;;;;;;;;;;;;;;;;;;;;;;;;;;;;;;;;;;;X;;;;
D224260004;D22426000-4;DAMPER, PITCH;OVERHAUL;;;;X;X;X;X;X;;;X;;;;;;;;;;X;;;;;;;;;;;;;;;;;;;;;;;;;;;;;;;;;;;;;;;;;;;;;;;;;;;;;;;;;;;;;;;;;;;;;;;;;;;;;X;;;;
D22495001;D22495001;MANIFOLD, BRAKE SYSTEM;OVERHAUL;;;;X;X;X;X;X;;;;;;;;;;;;;X;;;X;;;;;;;;;;;;;;;;;;;;;;;;;;;;;;;;;;;;;;;;;;;;;;;;;;;;;;;;;;;;;;;;;;;;;;;;;;X;;;;
D22655000;D22655000;DAMPER, PITCH;OVERHAUL;;;;X;X;X;X;X;;;X;;;;;;;;;;X;X;X;X;X;X;X;X;X;X;;;;;;;;;;;;;;;;;;;;;;;;;;;;;;;;;;;;;;;;;;;;;;;;;;;;;;;;;;;;;;;;;;;;X;;;;
D226550001;D22655000-1;DAMPER, PITCH;OVERHAUL;;;;X;X;X;X;X;;;X;;;;;;;;;;X;;;;;;;;;;;;;;;;;;;;;;;;;;;;;;;;;;;;;;;;;;;;;;;;;;;;;;;;;;;;;;;;;;;;;;;;;;;;;X;;;;
D226550002;D22655000-2;DAMPER, PITCH;OVERHAUL;;;;X;X;X;X;X;;;X;;;;;;;;;;X;;;;;;;;;;;;;;;;;;;;;;;;;;;;;;;;;;;;;;;;;;;;;;;;;;;;;;;;;;;;;;;;;;;;;;;;;;;;;X;;;;
D226550003;D22655000-3;DAMPER, PITCH;OVERHAUL;;;;X;X;X;X;X;;;X;;;;;;;;;;X;;;;;;;;;;;;;;;;;;;;;;;;;;;;;;;;;;;;;;;;;;;;;;;;;;;;;;;;;;;;;;;;;;;;;;;;;;;;;X;;;;
D23071000;D23071000;NLG ACTUATING CYLINDER;OVERHAUL;;;;X;X;X;X;X;;;;;;;;;;;;;X;;;;;;X;;;;;;;;;;;;;;;;;;;;;;;;;;;;;;;;;;;;;;;;;;;;;;;;;;;;;;;;;;;;;;;;;;;;;;;X;;;;
D230710001;D23071000-1;NLG ACTUATING CYLINDER;OVERHAUL;;;;X;X;X;X;X;;;;;;;;;;;;;X;;;;;;;;;;;;;;;;;;;;;;;;;;;;;;;;;;;;;;;;;;;;;;;;;;;;;;;;;;;;;;;;;;;;;;;;;;;;;X;;;;
D23071001;D23071001;NLG ACTUATING CYLINDER;OVERHAUL;;;;X;X;X;X;X;;;;;;;;;;;;;X;;;;;X;X;X;;;;;;;;;;;;;;;;;;;;;;;;;;;;;;;;;;;;;;;;;;;;;;;;;;;;;;;;;;;;;;;;;;;;;;X;;;;
D23074000;D23074000;FORESTAY                    (MESSIER);REPAIR;;;;X;;;;;;;;;;;;;;;;;X;;;;;;X;;;;;;;;;;;;;;;;;;;;;;;;;;;;;;;;;;;;;;;;;;;;;;;;;;;;;;;;;;;;;;;;;;;;;;;X;;;;
D230760001;D23076000-1;UNLOCKING ACTUATOR;OVERHAUL;;;;X;X;X;X;X;;;;;;;;;;;;;X;;;;;;;;;;;;;;;;;;;;;;;;;;;;;;;;;;;;;;;;;;;;;;;;;;;;;;;;;;;;;;;;;;;;;;;;;;;;;X;;;;
D230760002;D23076000-2;UNLOCKING ACTUATOR;OVERHAUL;;;;X;X;X;X;X;;;;;;;;;;;;;X;;;;;;;;;;;;;;;;;;;;;;;;;;;;;;;;;;;;;;;;;;;;;;;;;;;;;;;;;;;;;;;;;;;;;;;;;;;;;X;;;;
D230760003;D23076000-3;UNLOCKING ACTUATOR;OVERHAUL;;;;X;X;X;X;X;;;X;;;;;;;;;;X;;;;;;;;;;;;;;;;;;;;;;;;;;;;;;;;;;;;;;;;;;;;;;;;;;;;;;;;;;;;;;;;;;;;;;;;;;;;;X;;;;
D23116000;D23116000;ANTI SHIMMY VALVE;OVERHAUL;;;;X;X;X;X;X;;;X;;;;;;;;;;X;;;;;;;;;;;;;;;;;;;;;;;;;;;;;;;;;;;;;;;;;;;;;;;;;;;;;;;;;;;;;;;;;;;;;;;;;;;;;X;;;;
D23119000;D23119000;ELECTRICAL BOX;REPAIR;;;;X;X;X;X;X;;;X;;;;;;;;;;X;;;;;;;;;;;;;;;;;;;;;;;;;;;;;;;;;;;;;;;;;;;;;;;;;;;;;;;;;;;;;;;;;;;;;;;;;;;;;X;;;;
D23119010;D23119010;ELECTRICAL BOX;REPAIR;;;;X;X;X;X;X;;;X;;;;;;;;;;X;;;;;;;;;;;;;;;;;;;;;;;;;;;;;;;;;;;;;;;;;;;;;;;;;;;;;;;;;;;;;;;;;;;;;;;;;;;;;X;;;;
D23119500;D23119500;ELECTRICAL BOX;REPAIR;;;;X;X;X;X;X;;;X;;;;;;;;;;X;;;;X;X;X;X;;X;;;;;;;;;;;;;;;;;;;;;;;;;;;;;;;;;;;;;;;;;;;;;;;;;;;;;;;;;;;;;;;;;;;;X;;;;
D231195001;D23119500-1;ELECTRICAL BOX;REPAIR;;;;X;X;X;X;X;;;X;;;;;;;;;;X;;;;X;X;X;X;;X;;;;;;;;;;;;;;;;;;;;;;;;;;;;;;;;;;;;;;;;;;;;;;;;;;;;;;;;;;;;;;;;;;;;X;;;;
D23119510;D23119510;ELECTRICAL BOX;REPAIR;;;;X;X;X;X;X;;;X;;;;;;;;;;X;;;;X;X;X;X;X;X;;;;;;;;;;;;;;;;;;;;;;;;;;;;;;;;;;;;;;;;;;;;;;;;;;;;;;;;;;;;;;;;;;;;X;;;;
D231195101;D23119510-1;ELECTRICAL BOX;REPAIR;;;;X;X;X;X;X;;;X;;;;;;;;;;X;;;;X;X;X;X;X;X;;;;;;;;;;;;;;;;;;;;;;;;;;;;;;;;;;;;;;;;;;;;;;;;;;;;;;;;;;;;;;;;;;;;X;;;;
D23119550;D23119550;ELECTRICAL BOX;REPAIR;;;;X;X;X;X;X;;;X;;;;;;;;;;X;;;;;;;;X;X;;;;;;;;;;;;;;;;;;;;;;;;;;;;;;;;;;;;;;;;;;;;;;;;;;;;;;;;;;;;;;;;;;;;X;;;;
D23119750;D23119750;ELECTRICAL BOX;REPAIR;;;;X;X;X;X;;;;;;;;;;;;;;X;;;;X;X;X;X;;;;;;;;;;;;;;;;;;;;;;;;;;;;;;;;;;;;;;;;;;;;;;;;;;;;;;;;;;;;;;;;;;;;;;X;;;;
D231197501;D23119750-1;ELECTRICAL BOX;REPAIR;;;;X;X;X;X;X;;;;;;;;;;;;;X;;;;X;X;X;X;;;;;;;;;;;;;;;;;;;;;;;;;;;;;;;;;;;;;;;;;;;;;;;;;;;;;;;;;;;;;;;;;;;;;;X;;;;
D23119751;D23119751;ELECTRICAL BOX;REPAIR;;;;X;X;X;X;X;;;;;;;;;;;;;X;;;;X;X;X;X;;;;;;;;;;;;;;;;;;;;;;;;;;;;;;;;;;;;;;;;;;;;;;;;;;;;;;;;;;;;;;;;;;;;;;X;;;;
D231197511;D23119751-1;ELECTRICAL BOX;REPAIR;;;;X;X;X;X;X;;;;;;;;;;;;;X;;;;X;X;X;X;;;;;;;;;;;;;;;;;;;;;;;;;;;;;;;;;;;;;;;;;;;;;;;;;;;;;;;;;;;;;;;;;;;;;;X;;;;
D23119760;D23119760;ELECTRICAL BOX;REPAIR;;;;X;X;X;X;X;;;;;;;;;;;;;X;;;;X;X;X;X;;;;;;;;;;;;;;;;;;;;;;;;;;;;;;;;;;;;;;;;;;;;;;;;;;;;;;;;;;;;;;;;;;;;;;X;;;;
D231197601;D23119760-1;ELECTRICAL BOX;REPAIR;;;;X;X;X;X;;;;;;;;;;;;;;X;;;;X;X;X;X;;;;;;;;;;;;;;;;;;;;;;;;;;;;;;;;;;;;;;;;;;;;;;;;;;;;;;;;;;;;;;;;;;;;;;X;;;;
D23119761;D23119761;ELECTRICAL BOX;REPAIR;;;;X;X;X;X;X;;;;;;;;;;;;;X;;;;X;X;X;X;;;;;;;;;;;;;;;;;;;;;;;;;;;;;;;;;;;;;;;;;;;;;;;;;;;;;;;;;;;;;;;;;;;;;;X;;;;
D231197611;D23119761-1;ELECTRICAL BOX;REPAIR;;;;X;X;X;X;X;;;;;;;;;;;;;X;;;;X;X;X;X;;;;;;;;;;;;;;;;;;;;;;;;;;;;;;;;;;;;;;;;;;;;;;;;;;;;;;;;;;;;;;;;;;;;;;X;;;;
D23119770;D23119770;ELECTRICAL BOX;REPAIR;;;;X;X;X;X;;;;;;;;;;;;;;X;;;;X;X;X;X;;;;;;;;;;;;;;;;;;;;;;;;;;;;;;;;;;;;;;;;;;;;;;;;;;;;;;;;;;;;;;;;;;;;;;X;;;;
D231197701;D23119770-1;ELECTRICAL BOX;REPAIR;;;;X;X;X;X;;;;;;;;;;;;;;X;;;;X;X;X;X;;;;;;;;;;;;;;;;;;;;;;;;;;;;;;;;;;;;;;;;;;;;;;;;;;;;;;;;;;;;;;;;;;;;;;X;;;;
D23119771;D23119771;ELECTRICAL BOX;REPAIR;;;;X;X;X;X;X;;;;;;;;;;;;;X;;;;X;X;X;X;;;;;;;;;;;;;;;;;;;;;;;;;;;;;;;;;;;;;;;;;;;;;;;;;;;;;;;;;;;;;;;;;;;;;;X;;;;
D23287000;D23287000;STEERING ACTUATOR;OVERHAUL;;;;X;X;X;X;X;;;X;;;;;;;;;;X;;;;;;;;;;;;;;;;;;;;;;;;;;;;;;;;;;;;;;;;;;;;;;;;;;;;;;;;;;;;;;;;;;;;;;;;;;;;;X;;;;
D232930001;D23293000-1;CHANGE-OVER VALVE;OVERHAUL;;;;X;X;X;X;X;;;X;;;;;;;;;;X;;;;;;;;;;;;;;;;;;;;;;;;;;;;;;;;;;;;;;;;;;;;;;;;;;;;;;;;;;;;;;;;;;;;;;;;;;;;;X;;;;
D23298000;D23298000;LOCK STAY ACTUATOR;OVERHAUL;;;;X;X;X;X;X;;;X;;;;;;;;;;X;;;;;;;;;;;;;;;;;;;;;;;;;;;;;;;;;;;;;;;;;;;;;;;;;;;;;;;;;;;;;;;;;;;;;;;;;;;;;X;;;;
D233000001;D23300000-1;RETRACTION ACTUATOR;OVERHAUL;;;;X;X;X;X;X;;;X;;;;;;;;;;X;;;;;;;;;;;;;;;;;;;;;;;;;;;;;;;;;;;;;;;;;;;;;;;;;;;;;;;;;;;;;;;;;;;;;;;;;;;;;X;;;;
D233000002;D23300000-2;RETRACTION ACTUATOR;OVERHAUL;;;;X;X;X;X;X;;;X;;;;;;;;;;X;;;;;;;;;;;;;;;;;;;;;;;;;;;;;;;;;;;;;;;;;;;;;;;;;;;;;;;;;;;;;;;;;;;;;;;;;;;;;X;;;;
D233000003;D23300000-3;RETRACTION ACTUATOR;OVERHAUL;;;;X;X;X;X;X;;;X;;;;;;;;;;X;;;;;;;;X;X;;;;;;;;;;;;;;;;;;;;;;;;;;;;;;;;;;;;;;;;;;;;;;;;;;;;;;;;;;;;;;;;;;;;X;;;;
D233520001;D23352000-1;RETRACTION ACTUATOR;OVERHAUL;;;;X;X;X;X;X;;;X;;;;;;;;;;X;;;;;;;;X;X;;;;;;;;;;;;;;;;;;;;;;;;;;;;;;;;;;;;;;;;;;;;;;;;;;;;;;;;;;;;;;;;;;;;X;;;;
D233520002;D23352000-2;RETRACTION ACTUATOR;OVERHAUL;;;;X;X;X;X;X;;;X;;;;;;;;;;X;;;;;;;;X;X;;;;;;;;;;;;;;;;;;;;;;;;;;;;;;;;;;;;;;;;;;;;;;;;;;;;;;;;;;;;;;;;;;;;X;;;;
D233520003;D23352000-3;RETRACTION ACTUATOR;OVERHAUL;;;;X;X;X;X;X;;;X;;;;;;;;;;X;;;;;;;;X;X;;;;;;;;;;;;;;;;;;;;;;;;;;;;;;;;;;;;;;;;;;;;;;;;;;;;;;;;;;;;;;;;;;;;X;;;;
D23354000;D23354000;ELECTRICAL BOX;REPAIR;;;;X;X;X;X;X;;;;;;;;;;;;;X;;;;X;X;X;X;;X;;;;;;;;;;;;;;;;;;;;;;;;;;;;;;;;;;;;;;;;;;;;;;;;;;;;;;;;;;;;;;;;;;;;X;;;;
D233540001;D23354000-1;ELECTRICAL BOX;REPAIR;;;;X;X;X;X;X;;;;;;;;;;;;;X;;;;X;X;X;X;;X;;;;;;;;;;;;;;;;;;;;;;;;;;;;;;;;;;;;;;;;;;;;;;;;;;;;;;;;;;;;;;;;;;;;X;;;;
D233540002;D23354000-2;ELECTRICAL BOX;REPAIR;;;;X;X;X;X;X;;;;;;;;;;;;;X;;;;X;X;X;X;;X;;;;;;;;;;;;;;;;;;;;;;;;;;;;;;;;;;;;;;;;;;;;;;;;;;;;;;;;;;;;;;;;;;;;X;;;;
D23354010;D23354010;ELECTRICAL BOX;REPAIR;;;;X;X;X;X;;;;;;;;;;;;;;X;;;;X;X;X;X;;X;;;;;;;;;;;;;;;;;;;;;;;;;;;;;;;;;;;;;;;;;;;;;;;;;;;;;;;;;;;;;;;;;;;;X;;;;
D233540101;D23354010-1;ELECTRICAL BOX;REPAIR;;;;X;X;X;X;;;;;;;;;;;;;;X;;;;X;X;X;X;;X;;;;;;;;;;;;;;;;;;;;;;;;;;;;;;;;;;;;;;;;;;;;;;;;;;;;;;;;;;;;;;;;;;;;X;;;;
D233540102;D23354010-2;ELECTRICAL BOX;REPAIR;;;;X;X;X;X;;;;;;;;;;;;;;X;;;;X;X;X;X;;X;;;;;;;;;;;;;;;;;;;;;;;;;;;;;;;;;;;;;;;;;;;;;;;;;;;;;;;;;;;;;;;;;;;;X;;;;
D23354100;D23354100;ELECTRICAL BOX;REPAIR;;;;X;X;X;X;;;;;;;;;;;;;;X;;;;X;X;X;X;;X;;;;;;;;;;;;;;;;;;;;;;;;;;;;;;;;;;;;;;;;;;;;;;;;;;;;;;;;;;;;;;;;;;;;X;;;;
D233541001;D23354100-1;ELECTRICAL BOX;REPAIR;;;;X;X;X;X;;;;;;;;;;;;;;X;;;;X;X;X;X;;X;;;;;;;;;;;;;;;;;;;;;;;;;;;;;;;;;;;;;;;;;;;;;;;;;;;;;;;;;;;;;;;;;;;;X;;;;
D233541002;D23354100-2;ELECTRICAL BOX;REPAIR;;;;X;X;X;X;;;;;;;;;;;;;;X;;;;X;X;X;X;;X;;;;;;;;;;;;;;;;;;;;;;;;;;;;;;;;;;;;;;;;;;;;;;;;;;;;;;;;;;;;;;;;;;;;X;;;;
D23449000;D23449000;STEERING ACTUATOR;OVERHAUL;;;;X;X;X;X;X;;;X;;;;;;;;;;X;;;;;;;;;;;;;;;;;;;;;;;;;;;;;;;;;;;;;;;;;;;;;;;;;;;;;;;;;;;;;;;;;;;;;;;;;;;;;X;;;;
D23450000;D23450000;CHANGE-OVER VALVE;OVERHAUL;;;;X;X;X;X;X;;;;;;;;;;;;;X;;;;;;;;;;;;;;;;;;;;;;;;;;;;;;;;;;;;;;;;;;;;;;;;;;;;;;;;;;;;;;;;;;;;;;;;;;;;;X;;;;
D23613000;D23613000;NLG ACTUATING CYLINDER ASSY;OVERHAUL;;;;X;X;X;X;X;;;;;;;;;;;;;X;;;;X;X;X;X;;;;;;;;;;;;;;;;;;;;;;;;;;;;;;;;;;;;;;;;;;;;;;;;;;;;;;;;;;;;;;;;;;;;;;X;;;;
D23809000;D23809000;ELECTRICAL BOX;REPAIR;;;;X;X;X;X;;;;;;;;;;;;;;X;;;;;;;;X;X;;;;;;;;;;;;;;;;;;;;;;;;;;;;;;;;;;;;;;;;;;;;;;;;;;;;;;;;;;;;;;;;;;;;X;;;;
D2557215700200;D2557215700200;MAT - BALL;REPAIR;;;;X;X;X;X;X;;;;;;;;;;;;;X;;;;X;X;X;X;;;;;;;;;;;;;;;;;;;;;;;;;;;;;;;;;;;;;;;;;;;;;;;;;;;;;;;;;;;;;;;;;;;;;;X;;;;
D2557215700600;D2557215700600;MAT - BALL;REPAIR;;;;X;X;X;X;X;;;;;;;;;;;;;X;;;;X;X;X;X;;;;;;;;;;;;;;;;;;;;;;;;;;;;;;;;;;;;;;;;;;;;;;;;;;;;;;;;;;;;;;;;;;;;;;X;;;;
D2557215701000;D2557215701000;MAT - BALL;REPAIR;;;;X;X;X;X;X;;;;;;;;;;;;;X;;;;X;X;X;X;;;;;;;;;;;;;;;;;;;;;;;;;;;;;;;;;;;;;;;;;;;;;;;;;;;;;;;;;;;;;;;;;;;;;;X;;;;
D2557215701400;D2557215701400;MAT - BALL;REPAIR;;;;X;X;X;X;X;;;;;;;;;;;;;X;;;;X;X;X;X;;;;;;;;;;;;;;;;;;;;;;;;;;;;;;;;;;;;;;;;;;;;;;;;;;;;;;;;;;;;;;;;;;;;;;X;;;;
D2557215701800;D2557215701800;MAT - BALL;REPAIR;;;;X;X;X;X;X;;;;;;;;;;;;;X;;;;X;X;X;X;;;;;;;;;;;;;;;;;;;;;;;;;;;;;;;;;;;;;;;;;;;;;;;;;;;;;;;;;;;;;;;;;;;;;;X;;;;
D2557215702200;D2557215702200;MAT - BALL;REPAIR;;;;X;X;X;X;X;;;;;;;;;;;;;X;;;;X;X;X;X;;;;;;;;;;;;;;;;;;;;;;;;;;;;;;;;;;;;;;;;;;;;;;;;;;;;;;;;;;;;;;;;;;;;;;X;;;;
D2557215702400;D2557215702400;MAT - BALL;REPAIR;;;;X;X;X;X;;;;;;;;;;;;;;X;;;;X;X;X;X;;;;;;;;;;;;;;;;;;;;;;;;;;;;;;;;;;;;;;;;;;;;;;;;;;;;;;;;;;;;;;;;;;;;;;X;;;X;
D2557215702600;D2557215702600;MAT - BALL;REPAIR;;;;X;X;X;X;X;;;;;;;;;;;;;X;;;;X;X;X;X;;;;;;;;;;;;;;;;;;;;;;;;;;;;;;;;;;;;;;;;;;;;;;;;;;;;;;;;;;;;;;;;;;;;;;X;;;;
D2557215703000;D2557215703000;MAT - BALL;REPAIR;;;;X;X;X;X;X;;;;;;;;;;;;;X;;;;X;X;X;X;;;;;;;;;;;;;;;;;;;;;;;;;;;;;;;;;;;;;;;;;;;;;;;;;;;;;;;;;;;;;;;;;;;;;;X;;;;
D2557215800400;D2557215800400;MAT - BALL;REPAIR;;;;X;X;X;X;X;;;;;;;;;;;;;X;;;;X;X;X;X;;;;;;;;;;;;;;;;;;;;;;;;;;;;;;;;;;;;;;;;;;;;;;;;;;;;;;;;;;;;;;;;;;;;;;X;;;;
D2557215801000;D2557215801000;MAT - BALL;REPAIR;;;;X;X;X;X;X;;;;;;;;;;;;;X;;;;X;X;X;X;;;;;;;;;;;;;;;;;;;;;;;;;;;;;;;;;;;;;;;;;;;;;;;;;;;;;;;;;;;;;;;;;;;;;;X;;;;
D2557215901000;D2557215901000;MAT - BALL;REPAIR;;;;X;X;X;X;;;;;;;;;;;;;;X;;;;X;X;X;X;;;;;;;;;;;;;;;;;;;;;;;;;;;;;;;;;;;;;;;;;;;;;;;;;;;;;;;;;;;;;;;;;;;;;;X;;;X;
D2557215902000;D2557215902000;MAT - BALL;REPAIR;;;;X;X;X;X;X;;;;;;;;;;;;;X;;;;X;X;X;X;;;;;;;;;;;;;;;;;;;;;;;;;;;;;;;;;;;;;;;;;;;;;;;;;;;;;;;;;;;;;;;;;;;;;;X;;;;
D2557215903000;D2557215903000;MAT - BALL;REPAIR;;;;X;X;X;X;X;;;;;;;;;;;;;X;;;;X;X;X;X;;;;;;;;;;;;;;;;;;;;;;;;;;;;;;;;;;;;;;;;;;;;;;;;;;;;;;;;;;;;;;;;;;;;;;X;;;;
D2557216000600;D2557216000600;MAT - BALL;REPAIR;;;;X;X;X;X;;;;;;;;;;;;;;X;;;;X;X;X;X;;;;;;;;;;;;;;;;;;;;;;;;;;;;;;;;;;;;;;;;;;;;;;;;;;;;;;;;;;;;;;;;;;;;;;X;;;X;
D2557216001200;D2557216001200;MAT - BALL;REPAIR;;;;X;X;X;X;;;;;;;;;;;;;;X;;;;X;X;X;X;;;;;;;;;;;;;;;;;;;;;;;;;;;;;;;;;;;;;;;;;;;;;;;;;;;;;;;;;;;;;;;;;;;;;;X;;;X;
D26;D26;PROTECTIVE REGULATOR;OVERHAUL;;;;X;X;X;X;X;;;;;;X;;X;;;;;;;;;;;;;;;;;;;;;;;;;;;;;;;;;;;;;;;;;;;;;;;;;;;;;;;;;;;;;;;;;;;;;;;;;;;;;;;;;;X;;;;
D2727000700200;D2727000700200;CENTERING SPRING ROD -- YAW DAMPER;REPAIR;;;;X;X;X;X;X;;;;;;;;;;;;;X;;;;X;X;X;X;;X;;;;;;;;;;;;;;;;;;;;;;;;;;;;;;;;;;;;;;;;;;;;;;;;;;;;;;;;;;;;;;;;;;;;X;;;;
D2727000700600;D2727000700600;CENTERING SPRING ROD -- YAW DAMPER;REPAIR;;;;X;X;X;X;X;;;;;;;;;;;;;X;;;;X;X;X;X;;X;;;;;;;;;;;;;;;;;;;;;;;;;;;;;;;;;;;;;;;;;;;;;;;;;;;;;;;;;;;;;;;;;;;;X;;;;
D2727025000400;D2727025000400;RUDDER CONTROL CENTERING ROD;OVERHAUL;;;;X;X;X;X;X;;;;;;;;;;;;;X;;;;X;X;X;X;;;;;;;;;;;;;;;;;;;;;;;;;;;;;;;;;;;;;;;;;;;;;;;;;;;;;;;;;;;;;;;;;;;;;;X;;;;
D2727025000600;D2727025000600;RUDDER CONTROL CENTERING ROD;OVERHAUL;;;;X;X;X;X;X;;;;;;;;;;;;;X;;;;X;X;X;X;;;;;;;;;;;;;;;;;;;;;;;;;;;;;;;;;;;;;;;;;;;;;;;;;;;;;;;;;;;;;;;;;;;;;;X;;;;
D30664105;D30664-105;ESCAPE SLIDE;;OVERHAUL;;;X;X;;X;;;;;;;;;;;;;;X;;;;;;X;;;;;;;;;;;;;;;;;;;;;;;;;;;;;;;;;;;;;;;;;;;;;;;;;;;;;;;;;;;;;;;;;;;;;;;;X;;;
D30664107;D30664-107;ESCAPE SLIDE;;OVERHAUL;;;X;X;;X;;;;;;;;;;;;;;X;;;;;;X;;;;;;;;;;;;;;;;;;;;;;;;;;;;;;;;;;;;;;;;;;;;;;;;;;;;;;;;;;;;;;;;;;;;;;;;X;;;
D30664109;D30664-109;ESCAPE SLIDE;;OVERHAUL;;;X;X;;X;;;;;;;;;;;;;;X;;;;;;X;;;; ;;;;;;;;;; ;;;;;;;;;;;;;;;;;;;;;;;;;;;;;;;;;;;;;;;;;;;;;;;;;;;;;;;;;;X;;X;
D30664305;D30664-305;ESCAPE SLIDE;;OVERHAUL;;;X;X;;X;;;;;;;;;;;;;;X;;;;;;X;;;; ;;;;;;;;;; ;;;;;;;;;;;;;;;;;;;;;;;;;;;;;;;;;;;;;;;;;;;;;;;;;;;;;;;;;;X;;X;
D30664307;D30664-307;ESCAPE SLIDE;;OVERHAUL;;;X;X;;X;;;;;;;;;;;;;;X;;;;;;X;;;; ;;;;;;;;;; ;;;;;;;;;;;;;;;;;;;;;;;;;;;;;;;;;;;;;;;;;;;;;;;;;;;;;;;;;;X;;X;
D30664309;D30664-309;ESCAPE SLIDE;;OVERHAUL;;;X;X;;X;;;;;;;;;;;;;;X;;;;;;X;;;; ;;;;;;;;;; ;;;;;;;;;;;;;;;;;;;;;;;;;;;;;;;;;;;;;;;;;;;;;;;;;;;;;;;;;;X;;X;
D30664311;D30664-311;ESCAPE SLIDE;;OVERHAUL;;;X;X;;X;;;;;;;;;;;;;;X;;;;;;X;;;; ;;;;;;;;;; ;;;;;;;;;;;;;;;;;;;;;;;;;;;;;;;;;;;;;;;;;;;;;;;;;;;;;;;;;;X;;X;
D30664405;D30664-405;ESCAPE SLIDE ;;OVERHAUL;;;X;X;;X;;;;;;;;;;;;;;X;;;;;;X;;;;;;;;;;;;;;;;;;;;;;;;;;;;;;;;;;;;;;;;;;;;;;;;;;;;;;;;;;;;;;;;;;;;;;;;X;;;
D30664409;D30664-409;ESCAPE SLIDE ;;OVERHAUL;;;X;X;;X;;;;;;;;;;;;;;X;;;;;;X;;;;;;;;;;;;;;;;;;;;;;;;;;;;;;;;;;;;;;;;;;;;;;;;;;;;;;;;;;;;;;;;;;;;;;;;X;;;
D30664505;D30664-505;ESCAPE SLIDE;;OVERHAUL;;;X;X;;X;;;;;;;;;;;;;;X;;;;;;X;;;; ;;;;;;;;;; ;;;;;;;;;;;;;;;;;;;;;;;;;;;;;;;;;;;;;;;;;;;;;;;;;;;;;;;;;;X;;X;
D30664509;D30664-509;ESCAPE SLIDE;;OVERHAUL;;;X;X;;X;;;;;;;;;;;;;;X;;;;;;X;;;; ;;;;;;;;;; ;;;;;;;;;;;;;;;;;;;;;;;;;;;;;;;;;;;;;;;;;;;;;;;;;;;;;;;;;;X;;X;
D30664605;D30664-605;ESCAPE SLIDE;;OVERHAUL;;;X;X;;X;;;;;;;;;;;;;;X;;;;;;X;;;; ;;;;;;;;;; ;;;;;;;;;;;;;;;;;;;;;;;;;;;;;;;;;;;;;;;;;;;;;;;;;;;;;;;;;;X;;X;
D30664609;D30664-609;ESCAPE SLIDE;;OVERHAUL;;;X;X;;X;;;;;;;;;;;;;;X;;;;;;X;;;; ;;;;;;;;;; ;;;;;;;;;;;;;;;;;;;;;;;;;;;;;;;;;;;;;;;;;;;;;;;;;;;;;;;;;;X;;X;
D30664705;D30664-705;ESCAPE SLIDE;;OVERHAUL;;;X;X;;X;;;;;;;;;;;;;;X;;;;;;X;;;; ;;;;;;;;;; ;;;;;;;;;;;;;;;;;;;;;;;;;;;;;;;;;;;;;;;;;;;;;;;;;;;;;;;;;;X;;X;
D30664709;D30664-709;ESCAPE SLIDE;;OVERHAUL;;;X;X;;X;;;;;;;;;;;;;;X;;;;;;X;;;; ;;;;;;;;;; ;;;;;;;;;;;;;;;;;;;;;;;;;;;;;;;;;;;;;;;;;;;;;;;;;;;;;;;;;;X;;X;
D30665105;D30665-105;ESCAPE SLIDE;;OVERHAUL;;;X;X;;X;;;;;;;;;;;;;;X;;;;;;X;;;; ;;;;;;;;;; ;;;;;;;;;;;;;;;;;;;;;;;;;;;;;;;;;;;;;;;;;;;;;;;;;;;;;;;;;;X;;X;
D30665107;D30665-107;ESCAPE SLIDE;;OVERHAUL;;;X;X;;X;;;;;;;;;;;;;;X;;;;;;X;;;; ;;;;;;;;;; ;;;;;;;;;;;;;;;;;;;;;;;;;;;;;;;;;;;;;;;;;;;;;;;;;;;;;;;;;;X;;X;
D30665109;D30665-109;ESCAPE SLIDE;;OVERHAUL;;;X;X;;X;;;;;;;;;;;;;;X;;;;;;X;;;; ;;;;;;;;;; ;;;;;;;;;;;;;;;;;;;;;;;;;;;;;;;;;;;;;;;;;;;;;;;;;;;;;;;;;;X;;X;
D30665305;D30665-305;ESCAPE SLIDE;;OVERHAUL;;;X;X;;X;;;;;;;;;;;;;;X;;;;;;X;;;; ;;;;;;;;;; ;;;;;;;;;;;;;;;;;;;;;;;;;;;;;;;;;;;;;;;;;;;;;;;;;;;;;;;;;;X;;X;
D30665307;D30665-307;ESCAPE SLIDE;;OVERHAUL;;;X;X;;X;;;;;;;;;;;;;;X;;;;;;X;;;; ;;;;;;;;;; ;;;;;;;;;;;;;;;;;;;;;;;;;;;;;;;;;;;;;;;;;;;;;;;;;;;;;;;;;;X;;X;
D30665309;D30665-309;ESCAPE SLIDE;;OVERHAUL;;;X;X;;X;;;;;;;;;;;;;;X;;;;;;X;;;;;;;;;;;;;;;;;;;;;;;;;;;;;;;;;;;;;;;;;;;;;;;;;;;;;;;;;;;;;;;;;;;;;;;;X;;X;