Fld_Linked_ID;Fld_Company_ID;Company_Old_Id;Fld_Company_Type_ID;Fld_Company_Country;Fld_Company_City;Fld_Company_State;Fld_Company_Street;Fld_Company_ZipCode;Fld_Company_Fax;Fld_Company_Phone;Fld_Company_Email;Fld_Company_Score;Fld_Company_BAX_Contact;Fld_Remark;Fld_VAT_Nbr;Fld_Date_Of_First_Contact;Fld_Company_Address_Type
5734;3527;;;USA;Blytheville;AR;2305 Texas Street;72315;;;;;;;;;3
5733;5197;;2;Serbia;Surcin;;Belgrade Airport;11180;381 (11) 319 5979;381 (11) 3194-097;;;7;;;;3
5732;5196;;3;;;;;;231;231-769-2442;;;;;;;
5731;5195;;4;;;;;;45-325-00704;45-32500603;;;;;;;
5730;377;;;Sweden;Stockholm Arlanda;;"Cargo City; Linhangaren";SE-190 46;;;;;;;SE556228636801;;8
5729;5194;;2;;;;;;47-74804019;47-48313000;;;;"BAE Jetstream 3100
BAE Jetstream 3200";;;
5728;5190;;4;;;;;;954) 653-1530;954) 376-3765;;;;;;;
5727;5189;;4;;;;;;772-461-6952;772-464-0088;;;;;;;
5726;5188;;4;;;;;;425-527-6990;425-449-2662;;;;;;;
5725;1885;;;Brazil;São Paulo - SP;;R. Gal. Pantaleão Teles, nº 210;04355-040;;;;;;;;;2
5724;;;4;;;;;;;;;;;;;;
5723;3038;;;Philippines;Domestic Road,;Pasay City;"c/o Warlito Cudal
8006 Airline Operations Center";1301;;;;;;;;;12
5722;5187;;6;;;;;;616-977-6887;616-285-4279;;;;;;;
5721;5186;;1;;;;;;1-800-797-3445;1-800-440-9004;;;;DIST Honeywell Exch;;;
5720;2573;;;USA;Seattle;WA;2811 South 102nd Street;98168;206 674 8652;206 575 0920;;;;;;;12
5719;2234;;4;USA;Bakersfield;CA;1810 Oak Street;93301-3008;;;;;;;;;3
5718;5185;;4;;;;;;901.302.9278;901.255.2623;;;;;;;
5717;5184;;1;Germany;;Bremen;;;49-421-2436974;49-421-24289376;;;;;;;
5716;5183;;1;;;;;;972-3-778242;972-3-9353904;;;;;;;
5715;5182;;2;United States;;;;;1-9544278407;1-9544278405;;;17;;;;
5714;5181;;1;;;;;;1-305-592-7295;1-305-592-2625;;;;;;;
5713;5061;;2;New Zealand;;;;;;;;;3;Eagle Air is a wholly owned subsidiary of Air New Zealand;;;
5712;5180;;5;;;;;;1-425-251-4664;1-425-251-;;;;ex volvo;;;
5711;1305;;;USA;Fort Lauderdale;FL;"1100 NW 51st Court
Fort Lauderdale Executive Airport";33309;954-377-0300;954-377-0320;;;;;;;12
5710;5179;;8;Singapore;;;;;0;0;;;;;;;
5709;5178;;3;;;;;;419-867-4223;419-866-2235;;;;;;;
5708;941;;;USA;Lewisville;TX;107 Hillside Drive;75057;;;;;;;;;12
5707;922;;;USA;Joplin;;PO Box 2367;MO 64803;;;;;;;;;2
5706;5177;;2;France;Roissy CDG Cedex;;Continental Square II,Batimen 3 place de Berlin BP 13760;95727;0;0;;;14;;;;3
5705;5176;;4;;;;;;0;0;;;;;;;
5704;5175;;3;;;;;;305 971-2411;305 971-2413;;;;;;;
5703;5174;;2;Denmark;;;;;0;0;;4;7;;DK33473516;;
5702;962;;6;UK;Farnborough;Hants;Warwick House, PO Box 87, Farnborough Aero Ctr;GU14 6YU;;;;;;;;;12
5701;1273;;6;UK;Basingstoke;;Edison Rd;RG21 6QD;44-1256-722-201;44 1256 722 200;;4;;;;;5
5700;5173;;4;;;;;;31;31 (0)85 8783298;;;;;;;
5699;5172;;4;United Kingdom;;;;;+33 (0) 5 61158849;+33 5 6115 8805;;;6;;;;
5698;5171;;2;Nicaragua;;Managua;Nacional Flight, Internacional Airport. KM 10.5 North Highway;;+(505) 2263-1281;+(505) 2263-2142 /43/44;;;6;;;;
5697;5170;;4;;;;;;1 443 841 4094;1 443 841 4094;;;;;;;
5696;5169;;1;HUNGARY;;;;;0;0;;;7;;;;
5695;5135;;1;France;MAUGUIO;;Latécoère aéroservices Aéroport de Montpellier Méditerrannée;34130;;;;;;;;;12
5694;1037;;;Serbia;Surcin;;A/P “Belgrade”;11180;;;;;;;;;12
5693;5168;;3;;;;;;1-631-567-2492;1-631-567-2345;;;;;;;
5692;5135;;;France;Mauguio;;"Montpellier Technical Center Aeroport de Montpellier
Meditérranée,";34130;;;;;;Montpellier Technical Center;;;12
5691;5167;;4;SOUTH Africa;;;;;27-86-696 3376;27-11-972-2900;;;;;;;
5690;5166;;4;;;;;;954 333 3575;954 789 8517;;;;;;;
5689;5165;;3;;;;;;0;0;;;;;;;
5688;1753;;;FRANCE;RD 317 - CD 9;VILLERON;"ANTAVIA chez Aertec
Lieu de la sucrerie";95380;;;;;;;;;5
5687;59;;;USA;Irving;TX;"222 West Las Colinas Boulevard
Suite 875-East";75039;972 556 9625;972 813 1172;;;;;;;9
5686;5164;;2;Senegal;;;;;0;0;;;7;;;;
5685;377;;;Sweden;VISBY;;"Technical Department
Gotlandsflyg Visby Flygplats";621 41;;;;;;;;;12
5684;5059;;;France;L’Orée du parc;Fréjus;93 Allée du Phoenix;83600;04 9444 4730;04 9444 4113;;;;;;;9
5683;5163;;9;;;;;;44 01392 203865;44 01392 203865;;;;;;;
5682;5162;;5;;;;5 rue Geoffroy Marie 75009 Paris;;01.77.62.47.61;01.77.69.59.44;;;;06.80.37.47.67;;;
5681;5161;;4;;;;;;405-603-2958;205-567-0936;;;;;;;
5680;2526;;1;;;;;;;;;;;FIRE EXTING;;;
5679;4898;;2;;;;;;;;;;;;;;
5678;5117;;2;;;;;;;;;;;;;;
5677;3332;;2;;;;;;;;;;;;;;
5676;5160;;3;USA;Muskegon;MI;620 E. Ellis Road;49441;231-799-9901;231-799-9000;;;;;;;3
5675;1442;;;USA;Plantation;FL;1210 South Pine Island Road 4th Floor;33324;;;;;;;;;9
5674;5159;;3;;;;;;305-625-1055;305-625-1006;;;;;;;
5673;1498;;;Vietnam;"Long Bien Dist'; HANOI";;"AIRIMEX; 414 NGUYEN VAN CU STR";;+84 (0) 43827 1925;+84 (0) 43827 1351;;;;;;;2
5672;1498;;;Vietnam;"Tan Binh Dist'; Ho Chi Minh City";;"AIRIMEX BRANCH; RO.408, 4th FL; 49 TRUONGSON ST'";;+84 8 3848 8772;+84 8 3848 8773;;;;;;;3
5670;5158;;4;United Arab Emirates;;;;;00;00;;;;;;;
5669;29;;;Australia;Narrabeen;N.S.W;PO Box 483;2101;;;;;;;;;2
5668;1622;;;Germany;Waldstarsse 255;Koln;Hotel Holiday INN Koln-Bonn Airport;51147;;;;;;;;;12
5667;2378;;1;;;;;;;;;;;;;;
5666;5157;;2;Sweden;Bromma;;Gårdsfogdev. 7;168 66;46 8 764 48 00;46 8 120 212 00;;;;http://www.avitrans.se;;;3
5665;5156;;1;;;;;;1-305-826-4348;1-786-275-3890;;;;;;;
5664;5155;;1;;;;;;1-954-522-2330;1-954-522-2242;;;;;;;
5663;5154;;1;AUSTRALIA;;;;;+61 7 3204 2251;+61734805491;;;;;;;
5662;5153;;2;India;;;;;0;0;;;7;;;;
5661;2855;;;France;AEROPORT -  RUE DE LA BELLE BORNE;TREMBLAY EN FRANCE;IMPORT ARRET P5 BATIMENT 2 SOGARIS FRET 5;93290;;;;;6;;;;12
5660;3581;;;USA;Torrance;CA;2565 W. 237th Street;90505;310 891-1248;310 891-0300;;;;From Dec 20th 2010;;;3
5659;1312;;;USA;Wood Dale;IL;"AAR ACS-NY C/O AAR CORP Attn: A/P MS U-30
1100 N. Wood Dale Road";60191;;;;;;;;;2
5658;1755;;;UK;Holbrook Lane;Coventry;Meggitt Aircraft Braking Systems;CV6 4AA;;44 2476 666655;;;;;;;3
5657;5133;;2;USA;;;;;;;;;;;;;
5656;5152;;2;POLAND;;;;;0;0;;;7;;;;
5654;5151;;4;;;;;;971 6 5985101;971 6 5985474;;;;;;;
5653;5150;;4;;;;;;0;0;;;;;;;
5652;709;;1;USA;Lincoln;NE;3410 West Mathis Street;68524;1-402-479-4213;1-402-479-4211;;5;4;;;;5
5651;5149;;1;;;;;;+44 2392 704001;+44 (0) 2392 704390;;;17;;;;
5650;377;;;Denmark;Kaervej 81;Sonderborg;C/O Cimber Air Maintenance Center A/S;DK-6400;;;;;;;;;5
5649;5148;;3;USA;Tamarac;FL;6501b Nob hill Rd.;33321;954 718 4326;954 718 4404;;;;;;;3
5648;1922;;;UNITED KINGDOM;THORPE IND ESTATE;EGHAM SURREY;"C/O x-Pand International Frieght LTD.
CRABTREE ROAD";TW20 8RN;;;;;;;;;14
5647;5147;;2;;;;;;813-54607205;81-98-857-2695;;;;or yoshinao.taniguchi@jalux.com;;;
5646;4925;;;USA;Doral;FL;"TACA Logistics Center
2196 NW 89th Place";33172;;;;;;;;;5
5645;5146;;1;;;;;;619;(619) 258-5220;;;;GKN Aerospace Chem-tronics Inc;;;
5644;5145;;1;;;;;;01;01;;;17;;;;
5643;5144;;3;;;;;;941-637-0388;941-637-8585;;;;;;;
5642;5143;;2;Spain;Palma de Mallorca;;Av. Conde de Sallent 23, 5A;07003;+34 971 728 153;+34 971 575 072;gisella.escobar@albastar.es;;17;;;;
5641;4959;;3;USA;;;;;;;;;;;;;
5640;4957;;3;USA;;;;;;;;;;;;;
5639;1435;;6;;;;;;;;;;;Acoustic Insulation, Crew Seating, Passenger Seating, Pilot Seats, Thermal Insulation;;;
5638;1498;;;Vietnam;Nanoi;;"Supply & Material management Dept.
Nguyenson street";;;;;;;;;;9
5637;5141;;1;Vietnam;Vietnam;;"Hochimin city branch office
Tansnnhat Airport, A75 Troungson ward2";;84 8 3842 4944;84 8 3842 4944;;;;;;;3
5636;5140;;3;;;;;;818-886-8588;818-886-8388 x224;;;;;;;
5635;5139;;2;;;;;;+971 4 216 7809;+971 4 216 7809;;;;;;;
5634;1885;;;USA;Miami;FL;"C/O TAM Linhas Aereas (COMAT) 
6105 NW 18th. St. Bldg 716C – Door # 30";33126;;;;;;;;;12
5633;5138;;4;;;;;;44-1425-279550;44-1425-277550;;;;;;;
5632;5137;;4;;;;;;305;305;;;;;;;
5631;5136;;2;CONGO;BP 4247 – Pointe Noire;;Aéroport de Pointe Noire;;1 786 513 2939;1 786 513 2938;;;6;Regourd Aviation company;;;3
5630;562;;;Maroc;Ben Slimane;Casablanca;Aeroport de Ben-Slimane Hangar 13-14 et 15;13004;212523297730;212523297724;;;;Atlantic Air Industrie Maroc;;;3
5629;5135;;;CONGO;;;"EQUAFLIGHT SERVICE Aéroport de Pointe Noire
BP 4247 – Pointe Noire";;1 786 513 2939;;clungu@regourd.com;;;Constantin Lungu clungu@regourd.com;;;2
5628;5135;;;Maroc;Ben Slimane;;Aeroport de Ben-Slimane Hangar 13-14 et 15;13004;;;;;;Atlantic Air Industrie Maroc;;;3
5627;5135;;;le Bourget;;;rue de Prague bat 433;93350;;;;;;;;;5
5626;5118;;3;USA;;;;;;;;;;;;;
5625;5135;;2;France;Paris;;21 Ave George V;75008;+33 1 74 37 72 19;+33 0 612 030 619;;;14;;;;2
5622;5132;;4;USA;;;101 5th Ave Mckeesport, PA 15132;;00;+971-50-5857157;;;;;;;
5621;5131;;2;Poland;;;;;0;0;;;7;Splited from LOT Aug 2010;;;
5620;5130;;3;Italy;C/O Aeroprto militare;Brindisi;Via U. Maddalena;72011;39 041 269 3984;39 041 269 3983;;;;;;;5
5619;5129;;5;;;;;;262) 367-7158;(262) 367-2292;;;;;;;
5618;5128;;4;;;;;;0;0;;;;;;;
5617;5127;;3;;;;;;61 7 3860 6255;61 7 3622 8000;;;;;;;
5616;1292;;;TANZANIA;DAR ES SALAAM;;"AIR TANZANIA - JULIUS NYERERE AIRPORT
TERMINAL ONE -";;011 255-22-2113114;011 255-22-2711500;;;;Attn: Hamisi Zahabu;;;14
5615;1654;;;;;;;;;;;;;;;;
5614;4713;;;United Arab Emirates;Sharjah;;"PO BOX 8301
Building No. Z3, Office No. 44";;;;;;;;;;
5613;4303;;1;;;;;;;;;;;Sibir Technics Ltd.;;;
5612;5126;;3;USA;;;;;305;305)407-8222 / (305)407-8568;;;;;;;
5611;1203;;;DENMARK;"INDENRIGSGARDEN; STANDPLADA A28;";KASTRUP;COPENHAGEN AIRPORT, TERMINAL 1;2770;;;;;;;DK27513050;;8
5610;5107;;9;USA;MIAMI;FL;7517-21 NW 52ND STREET;33166;;1 305 718-3799;;;;;;;12
5609;5125;;1;USA;;;;;480-377-3106;480-377-3167;;;;;;;
5608;5124;;3;;;;;;1-253-872-6575;1-253-872-6180;;;;;;;
5607;5123;;10;United Kingdom;Edinburgh Airport;Edinburgh;Building 92 , General Aviation Terminal;EH12 9DN;44 131 339 9984;44 131 339 9975;;;;;;;3
5606;317;;;;;;"BUILDING 92 , GENERAL AVIATION TERM
EDINBURGH AIRPORT";;;;;;;;;;
5605;1198;;;United Kingdom;SL3 0QT;COLNBROOK, SLOUGH;"C/O MERIDIAN FREIGHT SERVICES LTD
UNIT 5 THE POLYGON BUSINESS";SL3 0QT;;;;;;;;;1
5604;5122;;4;;;;;;34;34;;;;;;;
5603;3770;;1;Germany;;;;;;;;;7;;;;
5602;5121;;3;;;;;;44-1702291166;44-1702290090;;;;;;;
5601;5120;;4;;;;;;206) 203-4076;561-953-3285;;;;ATTENTION BROKER POURRI - INFO DE DART;;;
5600;377;;;Sweden;TROLLHÄTTAN;;Trollhättan Vänersborgs Flygplats;SE-461 93;;;;;;;SE556228636801;;2
5599;5114;;10;;;;;;603 -7846 3797;603 -7840 3547;;;;;;;
5598;5113;;3;;;;;;305-477-8615;1-305-477-8614;;;;;;;
5597;2171;;2;;;;;;;;;;;;;;
5596;5112;;3;;;;;;1-954-791-0986;1-954-791-9728;;;;;;;
5595;5111;;3;;;;;;1-832-;1-832-692-7996;;;;;;;
5594;5110;;3;;;;;;1-800-957-2379;1-800-962-7418;;;;;;;
5593;5109;;4;;;;;;305-926-3954;305-235-3338;;;;;;;
5592;5108;;6;;;;;;803-245-4146;803-245-4347;;;;;;;
5591;511;;;FRANCE;ORLY;;ORlY CLO BATIMENT N°19 - 2 ANCIENNE ROUTE DE FONTAINEBLEAU - LIVRAISON AU MAG AIRLINAIR BAT 432;94396;;;;;;GEODISEUROMATIC POUR AIRLINAIR;FR73421393208;;10
5590;5107;;9;;;;;;01 34 29 09 88;01 34 38 58 06;;;;;;;
5589;5106;;3;USA;;;;;1-954 533-6725;1-954 549-9047;;;;;;;
5588;5105;;5;USA;St. Charles;IL;"P.O. Box 3550
1775 Wallace Ave.";60174;0;0;;;;Aircraft Lamp;;;
5587;5104;;1;USA;URBANA;OHIO;550 State Road 55;43078;00;00;;;;;;;3
5586;5103;;1;;;;;;0;0;;;;;;;
5585;3832;;;Malaysia;;;"105  Mersing,Jh 86800
Mersing,Jh 86800";86800;;;;;;;;;
5584;3381;;;NEPAL;LALITPUR;KATHMANDU;C/O CARGO PACKERS & MOVERS P. LTP;;;;;;;;;;3
5583;5102;;2;Morocco;Casablanca;;"11 Rue Michel-Ange
Quartier Racine";20050;0;0;;;14;;;;3
5582;5101;;2;;;;;;0;0;;;;;;;
5581;1054;;;Canada;Admonton;Alberta;"5th Avenue & Service Road
Edmonton INT’L Airport";T5J 2T2;;;;;;;;;9
5580;5100;;3;;;;;;305)255-7501;305)255-7556;;;;;;;
5579;5099;;3;;;;;;905-405-9031;905-405-9355;;;;;;;
5578;5098;;4;;;;;;56-382-9666;256-851-9005;;;;;;;
5577;5097;;3;;;Miramar, FL 33023;;;3;3;;;;;;;
5576;5096;;2;Saudi Arabia;;;;;966 2 665 6044;966 2 665 2765;;;;;;;
5575;5095;;4;USA;FORT LAUDERDALE;FL;6278 N FEDERAL HWY  #162;33308;954-535-9691;954-338-3840;;;;;;;3
5574;5094;;2;Nigeria;;;;;0;0;;;7;;;;
5573;5093;;2;Nigeria;;;;;0;0;;;17;;;;
5572;5092;;2;Nigeria;;;;;0;0;;;17;;;;
5571;5091;;2;Nigeria;;;;;0;0;;;17;;;;
5570;5090;;2;Nigeria;;;;;0;0;;;7;;;;
5569;5089;;2;Nigeria;;;;;;;;;7;;;;
5568;315;;9;FRANCE;ROISSY - CDG;;3 RUE DU REMBLAI - ZONE DE FRET 3 - BAT 4;95706;;+33 1 49191555;;;;LIVRER AU RDC POUR LES AOG;;;7
5567;5088;;3;;;;;;91.22.2761.9128;91.22.6626.9918;;;;;;;
5566;5087;;3;;;;;;0;0;;;;;;;
5565;2807;;3;France;Tremblay en france;;50, rue des Chardonnerets Actipark-lot 4-;93290;;+33 1 49 38 06 48;;;6;;;;3
5564;549;;;UK;Coinbrook Slough;Berkshire;"Unit 10, Polygon Bus. Centre
Blackthorn Road";SL3 0QT;;;;;;;;;12
5563;5086;;6;;;;;;336-766-9064;336-714-1332;;;;;;;
5562;1524;;1;USA;Greensboro;NC;108 Landmark Drive;27409;;336-605-8000;;;;;;;3
5561;164;;1;USA;Miami;FL;11700 NW 102nd Road, Suite #6;33178;305-477-9799;305-477-4711;;;;Aviation Services Company - Miami;;;5
5560;5085;;4;CANADA;;;;;000;000;;;;;;;
5559;5084;;2;Germany;Saarbrücken;;Flughafen Saarbrücken;66131;49 6893 8004 6935;49 6893 8004 6930;;;17;;;;3
5558;5083;;;SINGAPORE;NO 7 FAN YOONG ROAD;;C/O SHAHIRA FREIGHT FORWARDERS;629785;;;;;;;;;12
5557;5083;;2;INDONESIA;;JAKARTA;HALIM PERDANA KUSUMA AIRPORT;13610;62-813 830 56172;62-21-8093428;;;;;;;3
5556;5082;;;USA;West Palm Beach;Florida;5600 N Flagler Dr Suite 2101;33407;;;;;;;;;2
5555;5082;;3;USA;West Palm Beach;Florida;1401 Mercer Ave Unit 2046;33401;561 281;561 281 6178;;;;;;;3
5554;5081;;3;Germany;;;;;0;0;;;;;;;
5553;5080;;3;;;;;;1847-717-0400;7;;;;;;;
5552;5079;;2;Zambia;;;;;1;1;;;17;;;;
5551;843;;;MALAWI;CHILEKA AIRPORT;BLANTYRE;TECHNICAL STORES;;0112651692316;0112651620177;;;;;;;5
5550;5078;;3;;;;;;-3055513436;1-7862217019;;;;;;;
5549;307;;;USA;Coon Rapids;Minnesota;8840 Evergreen Blvd;55433-6040;;602-365-3960;;;;;;;12
5547;5077;;3;;;;;;0;0;;;;;;;
5546;955;;;USA;Houston;Texas;"700 N. Sam Houston Parkway West St. 200
Dept. XJTAP";77067;;;;;;;;;2
5545;5076;;9;;;;;;33.1 4863.0911;33 1 4863.9054;;;;NST;;;
5544;5075;;1;;;;;;321-255-9608;321-255-9877 Ext. 235;;;;;;;
5543;5074;;1;;;;;;321-255-9608;321-255-9877 Ext. 235;;;;;;;
5542;4459;;2;Georgia;;;;;;;;7;3;Jet Ukraine;;;
5541;2143;;2;Canada;;;;;;;;;;;;;
5540;4804;;2;Romania;;;;;;;;;;;;;
5539;5073;;4;India;;;;;0;0;;;;;;;
5538;5072;;2;Republic of Yemen;Sana'a;;P.O. Box 19102;;0;0;;;14;;;;
5537;3585;;2;Belgium;;;;;;;;7;3;;;;
5536;5071;;2;Nigeria;;;;;0;0;;;7;;;;
5535;766;;2;Belgium;;;;;;;;7;3;DHL;;;
5534;5070;;4;;;;;;0;0;;;;;;;
5533;5069;;2;Belgium;;;;;0;0;;;;;;;
5532;5068;;3;;;;;;0;0;;;;;;;
5531;5067;;3;;;;;;317) 745-6700;317) 745-6600;;;;;;;
5530;5066;;2;;;;;;(310)524-1091;310)524-1039;;;;;;;
5529;5065;;3;;;;;;201-387-6111;201-387-6161;;;;;;;
5528;5064;;2;Victoria Island Lagos;;;;;234;234 1 2707063;;;;;;;
5527;5063;;4;;;;;;7;786-357-5079;;;;;;;
5526;5062;;;Tunisia;;;;;;;;;;;;;
5525;5062;;3;France;;;;;0;0;;;;;;;
5523;5060;;1;;;;;;44 (0)1189 794 511;44 (0)1189 789 789;;;;Fuel , Fire vO2 Equipment Rep;;;
5522;2783;;2;Greece;;;;;;;;;;;;;
5521;5059;;6;France;Saint Aygulf;;213 avenue CASTILLON;83370;04 9481 7259;04 9481 7213;;;;www.vibratech.fr;;;5
5520;5058;;1;;;;;;1-305-513-3067;1-305-513-3066;;;;Free;;;
5519;5057;;1;;;;;;1-305-513-3067;1-305-513-3066;;;;;;;
5518;3804;;;Kazhakstan;Almaty;;"VP Engineering; 8A, Akhmetov str.";"050039;";;;;;;;;;2
5517;5056;;3;;;;;;0;0;;;;;;;
5516;5055;;3;;;;;;1-425-740-0118;1-360-652-3333;;;;;;;
5515;5054;;3;;;;;;913-499-6458;913-499-6458;;;;;;;
5513;5053;;2;Belgium;;;;;0;0;;;17;;;;
5512;5052;;2;SPAIN;;;;;0;0;;;14;;;;
5511;5051;;4;;;;;;4;443-738-0890;;;;;;;
5510;5031;;2;Sweden;;;;;;;;;;Avia Express see SKYWAYS Sweden;;;
5509;2404;;;;LAS PALMAS DE GRAN CANARIA;SPAIN;ISLAS AIRWAYS - AEROPUERTO DE GRAN CANARIA;;00-34-928-578965;00-34-928-579762;;;6;;;;5
5508;5050;;3;;;;;;0;0;;;;;;;
5507;5049;;4;;;;;;0;0;;;;;;;
5506;5048;;2;INDONESIA;CENGKARENG, JAKARTA;;W.HOUSE CGK, TRM' 1B SOEKARNO HATTA;19111;;62 31 8686480;;;7;;;;3
5505;4852;;1;USA;Norristown;Pennsylvania;750 West Washington Street;19401;610-275-5878;610-272-1945;;;;Chroming facility;;;5
5504;2530;;;Malta;Malta International Airport, Luqa;LQA 4000;P.O. BOX 48;;;;;;;;MT10948036;;2
5503;979;;6;United Kingdom;Bucks;;Unit 6 Century Point, Halifax Road, High Wycombe;HP12 3SL;+44 1494 455400;+44 1494 555466;www.parker.com;;;;;;12
5502;979;;6;USA;Irvine;CA;14300 Alton Parkway;92618;;;www.parker.com;;;;;;9
5501;5047;;2;Egypt;;;;;0;0;;;7;;;;
5500;4932;;1;Argentina;;;;;;;;7;3;;;;
5499;5046;;1;;;;;;1520-889-8848;520-889-8818 X120;;;;;;;
5498;5045;;1;Canada;Charlottetown;PE;34 Belmont Street;C1A-5H2;902 370 3313;902 370 3311;;;;;;;3
5497;5044;;2;SPAIN;;;;;0;0;;;14;OLD CANARIFLY and TOP FLY;;;
5496;5043;;2;China;;;;;0;0;;;7;;;;
5495;5042;;3;Miami;;;;;0;0;;;;;;;
5494;5041;;2;Germany;;;;;0;0;;;7;;;;
5493;1712;;2;Germany;;;;;;;;;3;;;;
5492;5040;;6;France;;Toulouse;57 Chemain du Sang de Serf;31200;33;33;;;;;;;
5491;5039;;2;;;;;;2;2;;;;Turkey leased two used A320s (TBA) with CFM56s from ILF;;;
5490;5038;;4;;;;;;7;786-4234419;;;;;;;
5489;5037;;3;;;;;;352;352-621-459-500;;;;;;;
5488;5036;;1;;;;;;305;786)275-3890 ext. 8004;;;;;;;
5487;5035;;3;USA;Anthem;;4225 W. Fortune Drive;AZ 85086;1;1-623-266-1900;;;;;;;3
5486;5034;;3;;;;;;5;514-453-1632;;;;;;;
5485;5033;;4;Bangladesh;Dhaka;;;;0;0;;;7;Agent in Bangladesh;;;
5484;5032;;4;Libyan Arab Jamahiriya;TRIPOLI;;ALSHAT ST.;56467;0;0;;;;;;;
5483;1203;;;Denmark;KASTRUP;;KASTRUP Airport, Dom' Terminal A28;DK-2770;;;;;;;DK33473516;;6
5481;2670;;;USA;LaGrange;GA;112 Gordon Commercial Dr.Suite A;30240;;;;;;;;;12
5480;5030;;4;USA;;;;;1-954.960.8887;1-954.960.8886;;;;;;;
5479;5029;;4;France;;;;;01 46 75 38 95;01 46 75 00 44;;;;;;;
5478;445;;;France;Roissy en France;;zac du moulin, 9 rue du noyer;95700;;;;;;;;;8
5477;5028;;1;;;;;;305-592-7624;305-592-6219;;;;;;;
5476;534;;;FRANCE;AEROPORT RUE DE LA BELLE BORNE;TREMBLAY;"C/O AIR FRANCE INDUSTRIES / BL.LR 
BATIMENT 2 SOGARIS FRET 5";93290;;;;;;;;;12
5475;5027;;3;;;;;;305;305-764-3239;;;;;;;
5474;5026;;1;USA;Cleburne;TEXAS;3213 N. Main St;76033;817.558.4940;817.558.4942;;;;;;;3
5473;5025;;4;USA;;;;;562-863-0536;562-863-0568;;;;;;;
5472;5024;;4;;;;;;(323) 967-2272;(323) 852-0070;;;;;;;
5471;633;;;UK;Penge;London;33 Oke filed Road;SE20 8EW;;;;;;Indicators repairs;;;5
5470;1684;;;USA;Houston;TX;6961 Brookhollow West Drive;77040;;;;;;North & Latin America Address;;;9
5469;1684;;;France;LA Ferte Bernard;;Route de Bonnetable BP 20154;72406;02 43 60 28 70;02 43 60 28 60;;;;New address;;;3
5468;5023;;3;;;;;;305;8;;;;;;;
5467;5021;;3;;;;;;817-491-7129;817-491-7125;;;;;;;
5466;5020;;6;;;;;;817-654-3405;817-451-1141 X 232;;;;www.vivisun.com;;;
5465;5019;;3;;;;;;49-421-2436974;49-421-24289376;;;;;;;
5464;5018;;3;Singapore;Textile Centre;;200 Jalan Sultan #08-07;199018;0;0;;;;;;;
5463;5017;;1;Puerto Rico;Carolina;;LMM International Airport;00982;817-931-8231;817-931-8232;;;;;;;3
5462;5016;;4;;;;;;7025770796;7024307279;;;;;;;
5461;137;;1;USA;Cleburne;TX;3213 North Main Street;76033;;;;;;;;;5
5460;5015;;1;Canada;Calgary;Alberta;Suite 1, 1060 McTavish Road N.E.;T2E 7G6;1-403-717-9733;1-403-717-9730;;;;;;;3
5459;5014;;6;;;;;;631-981-7225;631-981-6670;;;;;;;
5458;5013;;3;;;;;;630-980-8358;630-980-2356;;;;;;;
5457;5012;;4;;;;;;62217291222;62217292111;;;;;;;
5456;671;;;Canada;Mississauga;;6500 Van Deemter Ct;;;905-564-5555;;;;GEO Express;;;
5455;3616;;3;;;;;;;;;;;;;;
5454;5011;;3;;;;;;0;0;;;;;;;
5453;4822;;;BURKINA FASO;OUAGADOUGOU;;MINISTERE DE LA SECURITE;B.P. 6466;;;;;;Mr. Zalla OMAR;;;3
5452;5010;;4;;;;;;0;0;;;;;;;
5451;5009;;1;USA;City of Industry;CA;665 North Baldwin Park Boulevard;91746;626 851 3101;626 851 3100;;;;;;;3
5450;5007;;;FRANCE;CLERMONT FERRAND;;89 RUE DES PLANCHETTES;63100;04 73 74 36 73;09 61 53 76 92;;;;EMB145 & F100;;;2
5449;5008;;4;Sweden;Arlanda Airport, Stockholm;;Teknikbacken st, Building 097;SE-190 45;0;0;;;;;;;3
5448;5007;;1;FRANCE;CLERMONT FERRAND;;c/o Mag. Enhance Aero Z.I AERO. SUD;63100;04 73 74 36 73;09 61 53 76 92;;4;8;EMB145 & F100;FR 46 500 592 050;;3
5447;5006;;3;United Arab Emirates;;;;;0;0;;;;;;;
5446;5005;;6;France;F-80084 AMIENS CEDEX 02;;10 RUE ROGER DUMOULIN;;03 22 54 47 56;03 22 54 46 36;;;;;FR19433803012;;3
5445;5004;;4;;;;;;0;0;;;;;;;
5444;5003;;2;Venzuela;;Estado Zulia;Aerorto La Chinita Maracaibo;;261 7352732;261 7302930;;;;;;;
5443;5002;;2;;;;;;212;212;;;;Egypt leased two used Airbus A320-200 aircraft from ILFC;;;
5442;5001;;1;UK;Aviation way, Southend on Sea;Essex;London Southend Airport;SS2 6UN;44 1702 530932;44 1702 530931;;;;;;;3
5441;5000;;4;Bangladesh;;;;;0;0;;;;;;;
5440;4999;;3;;;;;;1-888-874-8123;1-407-325-9897;;;;;;;
5439;4998;;1;USA;Grand Prairie;TX;2802 Safran Dr;75052;972-314-3640;972-314-3600;;;;;;;3
5438;2570;;;;;;;;;;;;;;;;
5437;4997;;3;;;;;;251;251-946-3300;;;;;;;
5436;4996;;3;;;;;;3;3;;;;;;;
5433;4119;;2;Iceland;;;;;;;;7;3;;;;
5432;4778;;1;Slovekia;;;;;;;;7;3;;;;
5431;2138;;2;Canada;;;;;;;;7;3;;;;
5430;4994;;4;;;;;;353;353 61 706226;;;;CFM56 engines (CFM56-3, CFM56-5A, CFM56-5B, CFM56-5C and CFM56-7B;;;
5429;4993;;2;;;;;;0;0;;;7;;;;
5428;4992;;2;ICELAND;REYKJAVIK;;;;0;0;;;14;"HELICOPTER AS365N DAUPHIN
                      AS350B2 ECUREUIL
                      BELL 206";;;
5427;4991;;4;;;;;;305-;305 463-7546;;;;;;;
5426;4990;;3;;;Canada;;;1-;1-9059971501;;;;;;;
5425;2224;;;USA;Miami;FL;6030 NW 99th Ave Suite 410;;305-591-9447;305-591-9495;;;;;;;
5424;4989;;4;;;;;;866-885-1423;305-479-2923;;;;;;;
5423;4988;;2;;;;;;1-403-291-3089;1-403-974-3890;;;;;;;
5422;4987;;4;;;;;;0;0;;;;;;;
5421;4986;;4;SAPIN;;;;;0;0;;;;check also under Aerospace Engineering Group (AEG);;;
5420;4985;;4;;;Singapour;;;65 64915826;65 97542314;;;;;;;
5419;4984;;2;;;;;;2;2;;;;"leased first (1918) of two ex-easyJet A320s with V2500s from ACG;";;;
5418;671;;;Canada;Ville Saint Laurent;Québec;4120 Thimens Blvd.;H4R 2B9;;;;;;AIR WORLD EXPRESS;;;2
5417;315;;9;Canada;Ville Saint Laurent;Quebec;3333 rue Douglas-B. Floreani;H4S 1Y6;;514 956 7870;;;;;;;8
5416;4549;;2;Ukraine;;;;;;;;;17;;;;
5415;4983;;4;;;;;;2;213-402-0499;;;;;;;
5414;4982;;4;;;;;;418-876-1222;418-455-7237;;;;;;;
5413;739;;;CANADA;Boucherville;Québec;1370 rue de Coulomb, suite 100;J4B 7J4;+1 (450) 449-1568;+1 (450) 449-1698;e.ledoux@sinters.ca;;;;;;12
5412;4981;;3;;;;;;805-239-;805-239-4037;;;;;;;
5411;4980;;3;USA;DANIA BEACH;FL;1218 S. FEDERAL HIGHWAY;33004;954-624-2487;954-624-2486;;;;;;;3
5410;4979;;4;;;;;;0;0;;;;;;;
5409;4978;;3;;;;;;1-305-513-0041;1-305-513-0052;;;;;;;
5408;4977;;2;INDONESIA;;;;;3;3;;;3;Dash 8-300 & ATR72. 100% owned by Lion Air;;;
5407;4976;;2;;;;;;2;2;;;;;;;
5406;4975;;2;;;;;;3;3;;;;;;;
5405;4974;;2;Greece;;;;;31;31;;;;;;;
5404;4973;;2;Ecuador;;;;;3;3;;7;3;Dash 8-200;;;
5403;4972;;2;;;;;;81;81;;;;;;;
5402;4971;;2;;;;;;3;3;;;;;;;
5401;4970;;2;;;;;;49;49;;;;;;;
5400;4969;;2;JAPAN;;;;;81;81;;;;;;;
5399;4968;;2;ANGOLA;;;;;2;2;;;;Dash 8-300;;;
5398;4967;;2;;;;;;2;2;;;;DHC-8-Q402 OPT for LAM;;;
5397;4966;;8;;;;;;32-10-617.957;32-10-617.153;;;;;;;
5396;4965;;8;;;;;;32-10-617.957;32-10-617.153;;;;;;;
5395;4964;;1;;;;;;203) 291-3330;203) 291-3300;;;;;;;
5394;3582;;;;;;;;;;;;;VOID;;;
5393;4963;;4;;;;;;305-407-1769;954-780-3859;;;;;;;
5391;4961;;1;;;;;;604-233-5701;604-233-5700;;;;;;;
5390;4960;;2;Philippines;;;;;0;0;;;17;"formerly known as Air Philippines
Low-cost carrier";;;
5389;4956;;4;Cyprus;;;;;44 207 788 9635;+357 22 030 685;;8;;Rcihard Company;;;
5388;2021;;;France;ST. MALO;PLEURTUIT;"C/O ANI INDUSTRIES
B.P. 35 AEROPORT DE DINARD";35730;;;;;;;;;12
5387;217;;;;;;;;;;;;;;;;12
5386;4955;;3;USA;Carson;CA;17532 Nutwood Dr.;90746;818;818-207-2677;isaac.arega@xsyncorp.com;;8;;na;;3
5385;4954;;4;;;;;;5;772-224-8007;;;;;;;
5384;4953;;3;USA;Bangor;Maine;191 Randolph Drive;04401;207-385-4011;207-991-4004;;;;;;;3
5383;1474;;6;UK;Bognor Regis;West Sussex;unit c & d - heath place;PO22 9SL;;44-124-384-2703;;4;;Ol address - Not valid since March 22nd 2010;GB 615 4279 42;;
5382;4952;;3;;;;;;954;954-973-7511;;;;;;;
5381;4951;;3;;;;;;64-9-296-2527;64-9-296-2526;;;;;;;
5380;4950;;1;;;;;;45 32 50 35 00;45 23 69 84 00;;;;;;;
5379;4949;;3;;;;;;44 (0)1904 436555;44 (0)1904 436436;;;;;;;
5378;4948;;3;AUSTRALIA;"FORESTVILLE; NSW";;PO BOX 288,;2087;709-579-7014;709-579-7010;;;;;;;2
5376;4947;;3;USA;Painesville;OH;1206 High St;44077-5559;1-440-358-7106;1-440-358-7100;;;;;;;3
5374;1468;;;UK;Essex;;"Long Border Road
London Stansted Airport";CM24 1RE;;;;;;;;;12
5373;4946;;6;;;;;;1-732-494-5808;1-732-452-4432;;;;;;;
5372;4945;;1;USA;Addison;TX;4141 Lindbergh Drive;75001;1-972-991-3271;1-972-239-0231;;;;;;;
5371;4944;;4;;;;;;+339 70 628 794;+332 96 396 070;;;6;;;;
5370;4943;;3;;;;;;7;786-312-6893;;;;;;;
5369;4820;;10;Italy;;;;;;;;7;3;;;;
5368;1030;;;USA;Maimi;FL;MEXICANA HANGAR;;;;;;;;;;12
5367;2177;;1;Peru;;;;;;;;;;;;;
5366;4942;;3;;;;;;714) 200-0393;714) 786-6801;;;;;;;
5365;4941;;3;Indonesia;Jakarta;;;;0;0;;;;;;;
5364;4940;;2;;;;;;1;1;;;;Albania lease two A320s  from ILFC from April/May 2010.;;;
5363;4920;;11;FRANCE;Blagnac Cedex;;17, Avenue Didier Daurat – Bât. Socrate - BP 10051;31702;+33 (0)534 60 50 40;+33 (0)567 31 00 79;;;6;RCS Toulouse B501169528;FR60501169528;;3
5362;4938;;4;;;;;;+33 5 53086329;+33 5 5353 3559;;;;;;;
5361;4937;;4;;;;;;419-873 8484;419-873 0094;;;;;;;
5360;2725;;2;Saudi Arabia;;;;;;;;;17;;;;
5359;4936;;3;;;;;;250-376-1119;250-554-4202;;;;;;;
5358;4935;;2;;;;;;0;0;;;;;;;
5357;4934;;4;;;;;;0;0;;;;;;;
5356;976;;;USA;Erlanger;KY;82 Comair Blvd.;41018;;;;;;Comair Engineering;;;5
5355;1130;;;UK;UXBRIDGE MIDDLESEX;;KUEHNE & NAGEL 1 UNION BUSINESS PARK FLORANCE WAY ROCKINGHAM RD;;;;;;;;;;12
5354;4933;;10;;;;;;1;1 760-530-1767;;;;;;;
5353;222;;3;USA;;;;;;;;;8;;;;
5352;725;;;France;Le Bourget Cedex;;Aéroport du Bourget B.P. 151;93352;;;;;;;;;1
5350;4931;;3;;;;;;442030148703;44-447792994867;;;;;;;
5349;4930;;4;FRANCE;;;;;+331 30555688;+331 30555688;;;6;;;;
5348;1065;;12;China;;;;;;;;;;;;;
5347;4929;;2;Egypt;;;;;0;0;;;7;newly established airline of Al-Tayyar Group Egypt;;;
5346;4786;;2;Nigeria;;;;;;;;7;3;;;;
5345;4928;;3;;;;;;972-910-7403;972-910-7402;;;;;;;
5343;988;;;SPAIN;GALLARTA-VIZCAYA;;"POLIGONO INDUSTRIAL ""EL CAMPILLO"",1D";48500;;;;;14;;Shipping and bill;;12
5342;4086;;9;France;Paris;;20 boulevard Poniatowski;75012;;01 44 68 75 75;;;;;;;
5341;4927;;1;;;;;;8;860-667-6643;;;;;;;
5340;988;;1;Spain;Abanto;;"Polígono ""El Campillo"" Bloque 1D";48509;34 94 6363870;34 94 6363711;;;;"same company as Paramount Aircraft Services SL:
Spain (Repair Shop)";;;3
5339;4926;;3;;;;;;8;858.414.2095;;;;;;;
5338;4925;;;USA;Miami;FL;"C/O Taca Airlines 
10400 NW 21 ST,DOORS 1-4 (REAR OF BLDG)";33172;;;;;;;;;12
5337;4925;;;USA;Miami;FL;"Acconts Payable Regional 
PO BOX 520337";33152,;;;;;;;;;2
5336;4925;;2;Guatemala;Zona 13;;Avenida Hincapie 12-22;;502 2279 58 50;502 2279 58 57;;;;;;;3
5335;4924;;1;;;;;;47 51941794;47 51941958;;;;Surplus@heli-one.ca;;;
5334;3617;;;;;;;;;;;;;;;;
5333;3617;;1;Greece;;;;;+30 210 6627060;+30 210 6020609,619;;;3;;;;
5332;4923;;4;;;;;;0;0;;;;;;;
5331;4922;;4;;;;;;0;0;;;;;;;
5330;4921;;4;France;;;;;0;0;;;14;Stock Helicopter;;;
5329;1496;;;Czech Republic;PRAGUE;;AIRPORT PRAGUE;160 08;;;;;;;;;11
5328;4919;;3;;;;;;954-363-1209;954-363-1200;;;;;;;
5327;1671;;;USA;Jamaica;NY;"C/O Royal Air Maroc
JFK Int'l Airport Bldg 23, Door 37&38";11430;;;;;;;;;5
5326;1056;;;USA;NY;NY;JFK Int'l Airport Bldg 23, Door 37&38 Jamaica;11430;(718)289-7269;(718)289-7070;Christopher.Aquilina@ltl.dhl.d;;;Lufthansa Technik Logistics of America Logistik Specialist  Christopher Aquilina;.dlh.de;;12
5325;4918;;4;;;;;;0;0;;;;;;;
5324;4917;;1;;;;Sun Valley, CA 91352;;818-765-7023;1-818-232-3982;;;;www.lufthansa-technik.com;;;
5323;4226;;;Sweden;Rotevagen;Nykoping;Customer Aliance solutions (Nvkoping);S-611 92;;;;;;;;;5
5322;4916;;3;;;;;;513;513-257-5579;;;;;;;
5321;4915;;3;;;;;;0;0;;;;;;;
5320;4914;;3;;;;;;354 568 6810;354 897 3146;;;;sales@materials.is;;;
5319;4913;;1;;;;;;305;305-725-1541;;;;;;;
5318;4912;;3;;;;;;9;962 796877721;;;;;;;
5317;1324;;;;;;;;;;;;;;;;
5316;4911;;3;USA;;FL;;33172;0;0;;;;;;;
5315;4910;;4;;;;;;561-272-9948;561-807-7323;;;;;;;
5314;4909;;3;;;;;;305) 470-9544;305) 592-6225;;;;;;;
5313;4908;;2;Brazil;Rio de Janeiro;;"AV.EMBAIXADOR ABELARDO BUENO,
ED.OFFICE PARK CENTER";22775-040;0;0;;;14;;;;
5312;4907;;2;Zimbabwe;;;;;0;0;;;17;;;;
5311;4906;;2;Japan;;;;;0;0;;;7;;;;
5310;3469;;2;Hawaii;;;;;;;;;7;;;;
5309;4905;;2;USA;;;;;0;0;;;7;;;;
5308;4904;;6;;;;;;41;41 (0)44 806 24 30;;;;;;;
5307;4903;;4;USA;;;;;(305) 964?7316;305) 964?7562;;;;;;;
5306;4902;;3;;;;;;0;0;;;;;;;
5305;4901;;3;;;;;;65-64833407;65-64833017;;;;;;;
5304;4900;;1;;;;;;353-61-707080;353-61-707070;;;;HS-Shannon was founded as Shannon Aircraft Motor Works;;;
5303;4899;;1;;;;;;336-346-1736;336-346-1735;;;;;;;
5301;4897;;3;USA;Great Falls;MT;1930 Airport Court;59404;406-453-2345;406-453-2344;;;;;;;3
5300;4896;;5;;;;;;1;1;;;;;;;
5299;4895;;4;;;;;;(852) 28052814;(852) 28052784;;;;;;;
5298;4894;;3;canada;;;;;1-905-799-6501;1-905-458-6608;;;;DBA AIRCRAFT PARTS & SUPPLIES;;;
5297;4893;;10;Romania;;;;;0;0;;;3;;;;
5296;4892;;3;;;;;;0;0;;;;;;;
5294;4891;;4;;;;;;4;503-490-5907;;;;;;;
5293;4037;;;Canada;Toronto, Ontario;;255 Duncan Mill Road, Suite 308;M3B 3H9;;;;;;;;;2
5292;164;;;GERMANY;KASSEL;;UNIT 6 HAGEN PARK MIRAMSTRASSE 74;34123;49 (0) 561 57981 25;49 (0) 561 57981 0;;;;;;;12
5291;4890;;4;;;;;;0;0;;;;;;;
5290;4889;;3;;;;;;816)436-1724;816)436-1717;;;;;;;
5289;4888;;3;;;;;;520) 806-8454;520) 806-4192;;;;;;;
5288;4887;;1;USA;Van Nuys;CA;6734 Valjean Ave;91406;818 435 0992;818 787 3852;;;;;;;3
5287;4886;;3;USA;Wilmington;OH;145 Hunter Drive;45177;937 366-3092;937-382-5591;;;;;;;3
5286;4885;;4;;;;;;44 20 7398 5398;44 207 522 7515;;;;;;;
5285;4884;;2;Egypt;;;;;0;0;;;;TU 204-120 family A/C;;;
5284;4883;;2;Sweden;;;;;0;0;;;7;;;;
5283;4882;;2;Czech Republic;;;;;0;0;;;17;;;;
5282;4881;;3;;;;;;62-24 76637311;62;;;;;;;
5281;4880;;3;;;;;;44-2087713498;44-+447545644911;;;;;;;
5280;44;;6;Italy;Naples;NA;Via Galileo Ferraris 76;80142;;;;;;;;;3
5279;4879;;2;Czech Republic;;;;;0;0;;;7;;;;
5278;4878;;1;USA;Cordova;TN;1334 Rebel Road;38018;901.624.3527;901.259.9001;;;;;;;3
5277;4877;;2;Germany;;;;;0;0;;;7;;;;
5276;4876;;2;Austria;;;;;0;0;;;7;;;;
5275;4875;;2;Ukraine;Kiev;;14a, Bazhana ave;02140;00;00;;7;7;TAir-Ukraine Aviation (operate ATR 42/72) supplying company;;;3
5274;4874;;;Russia;Moscow;;;;;;;;;;;;
5273;4874;;5;Germany;Bad Oldesloe;;;;0;0;;;;;;;
5272;4873;;2;Indonesia;Jakarta;;;;0;0;;7;7;;;;
5271;4872;;4;;;;;;86 21 5192 0529;86 21 5192 0528;;;;;;;
5270;4871;;4;;;;;;90.212.465.28.69;90.212.465.28.65;;;;;;;
5269;4870;;3;;;;;;480) 275-3693;941) 870-2871;;;;;;;
5268;4869;;1;;;;;;319;319-393-3348;;;;;;;
5267;7;;;Greece;Spata - Athens;;"Athens International Airport 
Building 56, OA Hangar";19019;;;;;;;;;3
5266;4868;;3;;;;;;57;57-5-656-2327;;;;;;;
5265;48;;;MOROCCO;CASABLAMCA;;C/O HENRY JOHNSON;;;;;;;;;;12
5264;4867;;4;;;;;;508;508) 345-4756;;;;;;;
5263;4866;;9;;;;;;0;01 34 38 57 46;;;;aero@qualitairsea.com;;;
5262;643;;;France;ZA du Pont Yblon;Bonneuil en France;"ATR Customer Support
ATR Customer Support
C/O DHL Solutions";95500;;;;;;Warehouse Address - Good pickup;;;3
5261;4865;;3;USA;;;;;1;1;;;;;;;
5260;1671;;;Germany;Stuttgart;;"C/O Contact Air
Flugzeugwartungshalle";70629;;;;;;;;;12
5259;847;;;MALAYSIA;SEPANG;SELANGOR;KUALA LUMPUR INTERNATIONAL AIRPORT;;;;;;;;;;3
5258;4864;;1;Netherlands;;;Hengelder 22, Zevenaar;6902 PA;+31 (0)316 592130;+31 (0)316 592128;tessie.dikker@nedaero.nl;7;3;;;;
5257;4863;;3;Indonesia;Jakarta;;;;0;0;;;;;;;
5256;4862;;2;USA;;;;;0;0;;;7;;;;
5255;4861;;2;SLOVENIA;;;;;0;0;;7;7;Aiso have Simulator;;;
5254;4860;;2;Abu Dhabi;;;;;0;0;;;7;;;;
5253;4859;;2;United Arab Emirates;Dubai;;;;0;0;;;7;Cargo;;;
5252;4858;;3;Russia;;;;;7-495-730-26-03;7-495-730-26-03;;;;;;;
5251;4857;;2;Mexico;;;;;0;0;;;17;;;;
5250;4830;;5;UK;London;;77 Harrow Drive;N9 9EQ;;;;;;;;;
5249;4856;;2;Portugal;;;;;0;0;;;7;;;;
5248;4855;;2;Bangladesh;;;;;0;0;;;17;;;;
5247;2320;;3;;;;;;;;;;;;;;
5246;4854;;1;USA;FT. Worth;TX;526 Aviator Drive;76179;817-439-0700;817-439-0700;;;;;;;3
5245;4853;;4;;;;;;972-540-5820;972-540-5819;;;;;;;
5244;4852;;;USA;Stratford;Connecticut;175 Garfield Avenue;06615;203-386-0067;800-637-9019;;;;;;;9
5243;4852;;;USA;Dayton;Ohio;107 Westboro Street;45417;937-224-5695;877-872-7716;;;;;;;12
5242;4852;;1;USA;Kingston;Illinois;305 Herbert Road;60145;815-544-3489;866-770-2914;;;;Old address Not Longer valid;;;3
5241;4851;;6;France;Marignane;;;;0;0;;;14;;;;
5240;4850;;4;;;;;;954 202 1964;954 588 4355;;;;;;;
5239;4849;;2;Turkey;11 nolu Hangar Istanbul;;Ataturk Havalimani, Bati 4 Apronu;;+90 212 541 25 25:20;+90 212 540 40 84;;;7;;;;3
5238;4848;;3;Indonesia;Cibubur;Jakarta;Raffles Hills Block A3 No. 06;16416;62 21 8447489;62 21 8447489;;;;;;;3
5237;4847;;7;Canada;;;;;0;0;;;3;;;;
5236;4846;;8;;;;;;1;1;;;;purchased ex-All Nippon Airways A320 (1973) with CFM56s from FGL Aircraft.;;;
5235;4845;;10;;;;;;+ 33 (0) 149 929 911;+ 33 (0) 149 929 914;;;6;"Aeroport de Paris Le Bourget
Zone Nord Aviation d'Affaires
93350 LE BOURGET, France";;;
5234;4844;;1;Malaysia;;;;;60-378462902;60-378462998;;;;;;;
5233;4843;;3;USA;Chatsworth CA, 91311;;19602 Bermuda St.;;818.698.0393;818.826.3468;;;17;www.maximumaerosupport.com;;;3
5232;4842;;3;USA;;CA;;;0;0;;;;;;;
5231;4841;;3;;;;;;480;480;;;;;;;
5230;2066;;;Greece;Spata [for DOT ATR42, reg. LY-LWH];;Athens Intl Airport, Building 56;19019;;;;;;;LT108937314;;1
5229;4840;;4;;;;;;62-21-8447489;+62-21-8447489;;;;;;;
5228;4839;;4;Indonesia;;;;;0;0;;;;;;;
5227;177;;;France;FIGEAC Cedex;;"Avenue Paulin Ratier
Département Maintenance –F6";46101;;;;;;Shop address;;;5
5226;4838;;1;;;;;;1954-587-8838;1;;;;;;;
5225;4837;;4;;;;;;954;954-381-0321;;;;;;;
5224;4836;;1;;;;;;818) 838-1048;818) 838-1008;;;;;;;
5223;4835;;4;;;;;;770) 698 5621;770) 698 1900  ext 147;;;;;;;
5222;4834;;4;;;;;;954-596-8737;954-596-8736;;;;;;;
5221;3234;;;;;;;;;;;;;;;;
5220;4833;;3;;;;;;1-305-696-8003;1-305-696-8001;;;;;;;
5219;4831;;4;;;;;;44;44-1534-484111;;;;;;;
5217;4829;;1;USA;Oscoda;MI;;;989-739-3364;989-739-7108;;;;;;;
5216;4828;;4;Azarbijan;;;;;0;0;;;;Same group of  www.albanianair.com & www.eagle-aviation.net;;;
5215;4827;;4;;;;;;206-338-3231;951-239-0214;;;;;;;
5214;4826;;3;USA;;;;;1-228-374-3023;1-601-421-7844;;;;;;;
5213;4109;;;Denmark;Kastrup;;Kystvejen 18;2770;;;;;;;DK 28501048;;12
5212;4825;;1;Australia;Milperra;;3 Sheridan Close;NSW 2214;61 2 9773 7177;61 2 8723 6535;;;;;;;3
5211;4824;;3;usa;;ca;;;0;0;;;;;;;
5210;4823;;4;;;;;;61-2-9532-1767;61-2-9532-1757;;;;;;;
5209;4822;;3;Israel;Nes-Ziona;;7, Golda Meir Street,Science Park;74036;0;0;;;;;;;2
5208;4666;;;SINGAPORE;CARGO AGENT BUILDING C;;"C/O ALLIANCE FREIGHT EXPRESS PTE LTD
115 AIRPORT CARGO ROAD #08-06";S819466;;;;;;;;;3
5206;4821;;2;Greece;;;Lavriou 76, Nea Ionia Athens;14235;+30-21027.70.800;+30-21027.70.800;;4;6;;;;2
5204;4819;;1;Greece;;;;;30-210-3538-047;30-210-3538-047;;;;;;;
5203;4818;;1;Greece;;;;;xx30-210-3538-047;xx30-210-3538-047;;;;;;;
5202;4817;;4;USA;Norcross;GA;3145 Northwoods Pkwy, Suite 300;30071;770.849.0355;770.849.0900;;;;;;;3
5201;3131;;1;USA;Atlanta;GA;574 Airport south Parkway Suite 200;30349;;;;;;Wheel shop;;;12
5200;3281;;;USA;Miami;FL;8043 NW 67th St.;;;;;;;;;;
5199;4813;;;United Kingdom;CHRISTCHURCH;DORSET;BUILDING 138  BOURNEMOUTH INTERNATIONAL AIRPORT;BH23 6NW;;;;;;;;;3
5198;4816;;4;;;;;;0;0;;;;;;;
5197;2798;;1;Netherlands;;;;;;;;7;3;;;;
5196;2057;;3;Spain;Madrid;;"CALLE BERRUGUETE 40 LOCAL BAJO
ESQUINA CALLE PALACIOS Nº 2";28039;;;;;;;ESB84914431;;3
5195;1474;;1;USA;Burnsville;MN;14300 Judicial Road;55306;;;;;;Goodrich Sensors and Integrated Systems;;;5
5194;4815;;5;;;;;;05;0562 078 141;;;;;;;
5193;359;;;United Kingdom;Cowley Road;Cambridge;St Johns Innovation Park;CB4 0WS;44 20 8813 4351;44 20 8813 4444;;;;;;;9
5192;4814;;1;United States;Arlington;Texas;;;0;0;;;;;;;
5191;4813;;1;United Kingdom;BOURNEMOUTH;DORSET;BOSCOMBE GROVE ROAD BOSCOMBE;BH1 4PD;0;0;;;;"interior design
www.aim-aviation.co.uk";;;2
5190;4812;;4;;;;;;1;386-338-7318;;;;;;;
5189;4811;;4;;;;;;39;39 06916507834;;;;;;;
5188;4810;;3;South Africa;;;;;27-86554 0371;27-11973-4751;;;;;;;
5187;4809;;2;Egypt;;;;;0;0;;;7;;;;
5186;2570;;6;France;Massy;;11 Rue Impere;91300;01-6919-6313;01-6919-6983;;;;Ex Sfim, Aviac;FR39480107911;;5
5185;4808;;6;;;;;;1240-420-0094;1;;;;;;;
5184;4807;;3;;;;;;630-762-3752;630-762-3750;;;;CSS Acquisitions, Inc.;;;
5183;4806;;4;;;;;;38 044 246 2030;38 044 246 2030;;;;;;;
5182;4805;;1;Brazil;;;;;0;0;;;;;;;
5180;4803;;4;UK;;Richard Company;;;44 207 504 8090;44 207 608 5586;;8;;;;;
5179;694;;;;;;;;;;;;;Nec Aero replace by Cobham Avionics;;;
5178;4802;;3;CANADA;MONTREAL;;;;0;0;;;;;;;
5177;1060;;;GERMANY;Saarbruecken-Ensheim;;AM Flughafen, Balthasar-Goldstein # 32;66131;49-6893-80855;49-6893-8080;;;;;DE147642898;;3
5176;4801;;3;;;;;;316;316 440 4744;;;;;;;
5175;4800;;3;;;;;;305-969-2277;305-969-2230;;;;;;;
5174;4799;;3;;;;;;954;954 446 6447;;;;;;;
5173;4798;;4;;;;;;0;0;;;;;;;
5172;4797;;4;USA;West Point;NE;140 19th Road;68788;402-372-5070;402-372-3075;;;;;;;3
5171;4796;;3;;;;;;540-828-6477;540-515-3535;;;;;;;
5170;4795;;4;;;;;;0;0;;;;;;;
5169;4792;;4;Australia;;;;;0;0;;;;;;;
5168;4791;;4;;;;;;0;0;;;;;;;
5167;4777;;2;Thailand;;;;;;;;7;3;;;;
5166;4790;;4;;;;;;0;0;;;;;;;
5165;227;;;France;Toulouse;;;;;33 534400670;;;;;;;
5164;4789;;3;United States;Hollywood;Florida;;;0;0;;;;;;;
5163;845;;;CROATIA;ZAGREB;;BANI 75b, BUZIN;10010;;;;;;;;;2
5162;4788;;6;France;;;;;0;0810 414243;;;;;;;
5161;1462;;;;;;;;;;;;;;;;
5160;4775;;10;Saudi Arabia;;;;;;;;;17;Wheel Brake CAPA;;;
5159;1287;;;France;BUC;;;;33 1 39 56 35 42;33 1 30 97 89 30;;;;;;;
5157;4785;;2;Ethiopia;Addis Ababa;;Bole International Airport;;251 113 729108;251 911477299;tna_mktg@ethionet.et;;14;;n/a;;3
5156;1384;;;Guadeloupe;Abymes;;Aeroport du Raizet sud;97139;;;;;;;;;12
5155;3173;;;Canada;Montreal;PQ;590 Rue SICARD;H1V 2X2;;;;;;;;;3
5154;4783;;1;France;CHATEAUFORT;;Aérodrome de Toussus Le Noble;;0;0;www.mataviation.fr;;14;"Helicoptere serie AS365-AS350,,,
Alouette,Dauphin,Ecureuil";;;
5153;4782;;3;United States;Weston, FL;;;;0;0;;;;;;;
5152;4781;;2;Suriname;Paramaribo;;Zorg en Hoop Airport - Doekhieweg #3;;0;0;;;14;;;;
5151;4776;;2;UK;;;;;;;;7;7;;;;
5150;4780;;2;Portugal;;;;;0;0;;;17;"Helicopter AS305B2-
Repair shop";;;
5149;4779;;2;Nigeria;LAGOS;;Murtala Muhammed Airport- Ikeja LAGOS;PMB21090;234;234-1-773 0709;;;;;;;
5148;2066;;;Norway;Voldsvegen 204, Skien;;DOT line st' in SKE, Skien Lufthamn AS;N-3739;;;;;;;;;6
5147;4774;;2;Spain;The Canary Islands;;Aeropuerto de Gran Canaria P.O Telde ( Las Palmas );35230;34-937-469-008;34-937-469-008;tecnica@topfly.com;;6;Also see the company TOP FLY also Letsfly;;;
5146;4773;;3;;;;;;816-833-2502;816-833-2500;;;;;;;
5145;4772;;3;;;;;;44 (0)845 1280 530;44 (0)845 1280 500;;;;;;;
5144;4771;;3;;;;;;770-631-3651;770-631-2957;;;;;;;
5143;4770;;6;;;;;;1 619-691-6195;1 619-691-4031;;;;"+1 619 691-2006; 24 Hr AOG Tel: +1 619-691-2089 sparesales@goodrich.com";;;
5142;2510;;;USA;Mukilteo;WA;"No longer Valid address 
4333 Harbour point BLVD SouthWest Suite A";98275-5411;206.881.7292;206.881.1172;;;;Faciliy closed !!!;;;13
5141;4769;;3;USA;;;;;0;0;;;;;;;
5140;4768;;2;Bosnia and Herzegovina;Srebrenik;;;;0;0;;;14;;;;
5139;4767;;3;;;;;;305-403-0446;786-331-7029;;;;;;;
5138;4766;;4;;;;;;859-356-1462;8593561447;;;;;;;
5137;4765;;6;;;;;;0;0;;;;;;;
5136;4764;;3;;;;;;760-597-9200;760-597-9100;;;;;;;
5135;4763;;4;;;;;;0;0;;;;;;;
5134;4762;;4;;;;;;0;0;;;;;;;
5133;4761;;2;Lithuania;VILNIUS;;;;+370 5 2151674;+370 5 2159266;;7;3;;;;
5132;4760;;2;Costa Rica;San Jose;;;;(506) 2232-2516;(800) 235-9272;;;;www.natureair.com;;;
5131;4759;;3;USA;Livermore;;;CA 94551;(925) 455 9901;(925) 455 9900;;;;;;;
5130;4758;;1;France;Z.I. de Bressols;Bressols;50 impasse de Fontanilles;82710;05 63 02 10 60;05 63 02 10 50;;;;Composite elements (Radome, Leading edge, Galley), Seats and cabins expertise;;;3
5129;4757;;3;;;;;;34 91 141 43 00;34 67 860 63 19;;;;;;;
5128;4756;;3;;;;;;888-769-4821;305-597-0181;;;;;;;
5127;4755;;3;;;;;;888-212-0457;239-370-0123;;;;;;;
5126;4754;;1;;;;;;972-623-9349;972-623-9331;;;;;;;
5125;4753;;3;;;;;;818-991-7200;818-991-8200;;;;;;;
5124;4752;;4;;;;;;817-284-1343;817-589-2881;;;;;;;
5123;4751;;1;;;;;;0;0;;;;;;;
5122;4750;;2;USA;;;;;0;0;;;7;;;;
5121;4749;;3;;;;;;86-29-86203970;86-29-86846566;;;;;;;
5120;4748;;2;Canada;;;;;0;0;;;7;Part of CargoJet Airways. Cargojet Regional;;;
5119;4747;;2;USA;;;;;0;0;;;;;;;
5118;4746;;2;;;;;;0;0;;;;;;;
5117;4745;;2;Mali;;;;;0;0;;;7;;;;
5116;4744;;2;Sweden;;;;;0;0;;;7;;;;
5115;4743;;1;New Zeland;;;;;0;0;;;7;;;;
5114;4742;;2;Hungary;;;;;0;0;;;7;;;;
5113;4741;;2;USA;;;;;0;0;;;17;;;;
5112;4740;;2;Sweden;;;;;0;0;;;7;;;;
5111;4739;;2;Lithuania;;;;;0;0;;;7;;;;
5110;4738;;2;Cook Islands;;;;;0;0;;;16;;;;
5109;4737;;2;Finland;;;;;0;0;;;17;;;;
5108;267;;;;;;;;;;;;;"www.wkr.com
User Name:  michaelbax
Password:  belairex4272";;;
5107;3219;;;Switzerland;Boeningerstrasse;Wilderswil;C/O RUAG Aerospace;CH-3812;;;;;;;;;12
5106;4736;;6;;;;;;43/(0)7229/618 11-35;43/(0)7229/618 11-0;;;;;;;
5105;1623;;;Ireland;SANTRY;Dublin 9;1 NORTHWOOD AVENUE;;;;;;;;;;2
5104;4735;;4;;;;;;9;972-647-7336;;;;;;;
5103;4734;;5;France;;;;;33.1.49.75.45.74;33.1.49.75.46.63;;;14;EX SAV GIE. Diehl Aerospace  + Liebherr-Aerospace + Thales +Zodiac Services;;;
5102;4733;;9;;;;;;44 (0)1903 539640;44 (0)1903 539639;;;;;;;
5101;4732;;6;;;;;;216)-671-4177;216)-671-3133;;;;;;;
5100;4731;;3;UK;;;;;44-1273497059;44-1273497050;;;;;;;
5099;4730;;2;Afghanistan;;;;;0;0;;;7;;;;
5098;4729;;4;;;;;;0;0;;;;;;;
5097;4728;;6;;;;;;972;972;;;;Omer Ben-Zeev [mailto:omer@aurion.co.il];;;
5096;4727;;4;;;;;;305-717-6809;786-717-6808;;;;;;;
5095;4726;;1;;;;;;65-6545 0833;65-6545 3088;;;;;;;
5094;4725;;2;Philippines;;;;;632-852-0508;632 831 5328;;;;;;;
5093;4724;;3;;;;;;770;770-632-7930;;;;;;;
5092;4723;;4;;;;;;905-673-8343;905-678-5677;;;;;;;
5091;4694;;2;;New Delhi;INDIA;S-6, Green Park Extn;;+91 11 26511490;+91 11 26511491-94;;;11;;;;6
5090;4722;;4;;;;;;34-91 8772595;34-91 8772595;;;;;;;
5089;4721;;1;;;;;;6221- 5501624;62;;;;;;;
5088;4719;;3;USA;Miami;;;;1 206 457 4146;1 786 239 6286;;;;;;;
5087;4718;;3;Indonesia;Jakarta;;;;6221-8471911;6221-8473780;;;;;;;
5086;4717;;1;Ontario;Mississauga;Canada;2283 Anson Drive;L5S 1G6;905 677 5935;905 677 8747;;;;;;;3
5085;4716;;3;South Africa;Pretoria;;;;1;1;;;;;;;
5084;4715;;4;;;;;;0;0;;;;;;;
5083;4714;;10;Saudi Arabia;Riyadh;;;;1;1;;;;;;;
5082;4713;;3;United Kingdom;Slough;;;;44 87 0 626 0752;44 87 0 626 0754;;;;;;;
5081;4712;;3;;;;;;44 87 0 626 0752;44 87 0 626 0754;;;;;;;
5079;4711;;3;USA;;;;;202-204-5209;202-465-4214;;;;;;;
5078;4710;;2;Kazakhstan;;;;;1;1;;;;;;;
5077;4709;;2;FINLAND;;;;;1;1;;;;;;;
5076;4708;;2;Ukraine;;;;;1;1;;;;;;;
5075;4707;;2;;;;;;1;1;;;;;;;
5074;4706;;2;Austria;;;;;1;1;;;;;;;
5073;4705;;2;Germany;;;;;1;1;;;;"Other Country for same Company
www.execujet.eu";;;
5072;4704;;2;;;;;;1;1;;;;;;;
5071;4703;;3;;;;;;44-01767 601600;44-01767314702;;;;;;;
5070;4702;;4;;;;;;305-359-9695;786-230-1104;;;;;;;
5069;4701;;2;Nepal;Kathmandu,;;;;977-14464977;977-14465888;;7;3;;;;
5068;4700;;2;Fiji;;;;;;(679) 6720 410;info@helicopters.com.fj;;11;;;;
5067;4293;;3;USA;Shelton;WA;W. 520 Dayton Airport Road;98584;253-269-6700;253-269-5600;;;;;;;12
5066;4699;;3;;;;;;3126023705;305-420-6971;;;;;;;
5065;4698;;3;;;;;;1-786-4221230;1-7863872945;;;;;;;
5064;4697;;2;France;Nice;;;;1;1;;;14;;;;
5063;4696;;2;Saint Tropez;;;;;1;1;;;14;Helicoptere;;;
5062;4693;;2;St Barth;;;;;1;1;;;14;;;;
5061;3836;;;;;;;;;;;;;;;;
5060;4692;;2;;;;;;1;1;www.sefa-fto.net;;14;;;;
5059;4691;;2;France;;;;;1;1;www.finistair.fr;;14;Aussi REPAIR SHOP Spécialiste Cessna;;;
5058;4690;;6;;;;;;216) 692-5293;216) 692-6000;;;;;;;
5057;4689;;1;;;;;;814-833-3672;814-838-8934;;;;;;;
5056;4688;;3;;;;;;303-343-4452;303-343-4446;;;;;;;
5055;4687;;2;;;;;;905-671-3962;905-671-4674;;;;;;;
5054;4686;;2;United Arab Emirates;Dubai;;;;1;1;;;17;;;;
5053;2066;;;Lithuania;Kauno raj.;;Karm?lavos mstl.;LT-54460;;;;;;;;;2
5052;4685;;3;;;;;;817-251-0451;817-416-8880;;;;;;;
5051;4684;;4;;;;;;206;206-335-7775;;;;;;;
5050;4683;;3;;;;;;210.695.6319;210.695.6275;;;;;;;
5049;4682;;3;;;;;;702;702) 406-6085;;;;PARTING OUT;;;
5048;4681;;1;;;;;;760) 471-1907;760) 471-9969;;;;ESC SLIDE REP;;;
5047;4680;;2;Kenya;;;;;0;0;;;7;;;;
5046;4679;;2;India;;;;;0;0;;;7;working with Sandesh;;;
5045;4678;;2;United Arab Emirates;Dubai Int’l Airport;;;;1;1;www.easternskyjets.com;;3;;;;
5044;712;;6;France;Roche la molière;Maillance;Blvd SAGNAT - ZI du Buisson;42230;;04-77-90-71-00;;4;;;;;12
5043;712;;1;FRANCE;61 RUE PIERRE CURIE;PLAISIR;Att. Receipt Dept;78373;;01-64 86-69 14 / 25 / 23;;4;;"DIST USA by IDC
Repair units to be shipped to this address";;;5
5042;4645;;;USA;440 MCCLELLAN HWY;EAST BOSTON;DBA TANDEM GLOBAL LOGISTICS;02128;;;;;;;;;12
5041;1901;;;;;;;;;;;;;;;;
5040;1714;;3;;;;;;;;;;;;;;
5039;4677;;3;;;;;;3;3;;;;;;;
5038;4676;;6;;;;;;49 (0) 841 68722;49 (0) 841 9651-0;;;;;;;
5037;4675;;3;;;;;;949;949-361-2200;;;;;;;
5036;4674;;9;USA;Miami;FL;9990 N.W. 14 ST SUITE 111;33172;305-592-3344;305-592-3344;;;;;;;3
5035;3556;;;USA;Memphis,;TN;6000 Freeport Dr, Suite 102;38141;;;;;;;;;12
5034;4673;;8;USA;Memphis;TN;3900 Willow Lake Blvd.;38118;901-365-1482;901-362-8600;;;;;;;3
5033;4672;;3;us;McMinnville, OR  97128;;;;(503) 883-9136;(503) 857-0777;;;;specialiist helicopter parts;;;
5032;4671;;2;MACADONIA;;;;;0;0;;;17;;;;
5031;4670;;2;MACEDONIA;;;;;0;0;;;17;;;;
5030;4669;;2;Greece;;;;;0;0;;;17;;;;
5029;4668;;2;Congo;;;;;0;0;;;17;;;;
5028;4667;;2;South Korea;;;;;0;0;;;17;Established as a joint venture with Asiana Airlines and the City of Busan;;;
5027;4666;;11;Singapore;The Tessarina;;20,Wilby Road #10-02;276305;65-6469 1287;65-6728 5840;;;7;works with Burma, Mynmar;;;2
5026;4665;;1;USA  Floride;Jacksonville;;;;1;1;www.jas-aviation.com;;;;;;
5025;4664;;6;;;;;;05 61 85 76 38/ 66 09;05 61 85 12 32;;;;catherine.tardieu@tfelectroniques.com;;;
5024;4662;;4;;;;;;9547019448;9547019448;;;;;;;
5023;4661;;1;;;;;;+1 619 258 5270;1 619 448 2320;;;;www.chem-tronics.com;;;
5022;4660;;3;;;;;;815) 356-0835;815) 356-0485;;;;;;;
5021;4659;;3;;;;;;817 424 4297;817 424 0383;;;;;;;
5020;4658;;4;Singapore;Seletar Airport;;;;1;1;;;;;;;
5019;4657;;4;;;;;;65 67411306;65 67419022;;;;;;;
5018;4656;;2;Italy;Bellizzi (Salerno);;;;1;1;www.capri-helicopters.com;;14;;;;
5017;1072;;;Germany;Ruckersdorf;;Hirschenau 5A;90607;;;;;;;;;2
5016;4655;;3;;;;;;631-567-2492;631-567-2345;;;;;;;
5015;4654;;3;;;;;;503) 925-7980;503) 925-7977;;;;;;;
5014;4653;;1;France;PLEURTUIT SAINT MALO;;AEROPORT DE DINARD;35730;33299882200;33299882222;;;;;;;3
5013;4652;;2;Tanzania;;;;;0;0;;;7;;;;
5012;4651;;3;;;;;;727;727-534-8047;;;;;;;
5011;4650;;4;;;;;;34 960 611 237;34 963 833 339;;;;;;;
5010;4649;;2;Malta;;;;;1;1;;7;14;Georgia;;;
5009;1760;;;;;;;;;;;;;;;;3
5008;4648;;2;;;;;;0;0;;;7;;;;
5007;4647;;1;;;;;;44-1371-874-999;44-1371-875-888;;;;COMPOSITE REP;;;
5006;4646;;3;;;;;;909-337-8252;909-337-8202;;;;;;;
5005;4645;;6;USA;WICHITA;KS;"C/O CH POWELL CO
4939 SOUTH LULU COURT";67216;316-522-1354;316-522-3460;;;;;;;3
5004;4644;;2;Canada;;;;;250) 656-0673;250) 656-7227 ex.2247;;;;;;;
5003;4643;;4;;;;;;61 7 3846 1447;61 7 3846 1533;;;;;;;
5002;4630;;;INDIA;NEW DELHI;;8/23 MEHRAM NAGAR, OPP. DOMESTIC AIRPORT;110037;;;;;;;;;2
5001;4642;;2;;;;;;0;0;;;7;;;;
5000;4641;;1;Australia;;;;;1;1;www.execujet.net;;;"Swiss;";;;
4999;4640;;6;USA;Phoenix;AZ;1800 W Rose Garden Lane;85027;33 53456 1600;33 53456 1785;;;;;;;3
4998;2591;;4;;;;;;;;;;;;;;
4997;4639;;3;;;;;;448702200834;44;;;;;;;
4996;4638;;2;USA;;;;;78422207922;78422590111;;;17;;;;
4995;4637;;2;Lybia;;;;;1;1;petroair.ly;;3;;;;
4994;4636;;2;Italy;Rome;;;;;;www.blu-express.com;;14;Blu-express.com est une marque de la Compagnie aérienne Blue Panorama Airlines;;;
4993;4635;;2;Greece;;;;;+30 2310 489393;+30 2310 489390;www.astra-airlines.gr;;17;;;;
4992;4634;;1;;;;;;604-279-2375;604-279-2376;;;;;;;
4991;4633;;10;Turkey;;;;;0;0;;;7;;;;
4990;4632;;1;;;;;;877;877-240-4225;;;;radom rep & test;;;
4989;4631;;4;;;;;;813) 333-9719;813) 574-2250;;;;;;;
4988;4630;;2;INDIA;NEW DELHI;;8/23 MEHRAM NAGAR, OPP. DOMESTIC AIRPORT;110037;0;0;;7;7;ww.araerotech.com;;;3
4987;4161;;;France;Servicair Line Maintanence;Marigana;"Pour Airlinair
Aerport De Marseille Provance";13728;;06 72 88 98 84;;;;;;;12
4986;4629;;1;;;;;;732-469-8010;732-469-9300;;;;;;;
4985;3252;;2;;;;;;;;;;17;;;;
4984;4628;;1;;;;;;33149753465;33149753465;;;;;;;
4983;4627;;1;USA;Miami;FL;8190 NW 31st Street;33122;305-594-2717;305-591-0343;;;;;;;3
4982;1347;;;Germany;MUNCHEN  XXX;;C/O FRANZ JOSEPH STRAUSS APT MUNICH-NORDALLEE 25;85356;;39-0481477873;;;;;IT 00445990310;;1
4981;4626;;2;Maroc;;;;;212 522 53 95 31;212 522 53 95 15;;;6;;;;
4980;4625;;4;Malaysia;;;;;60-3 51919433;60-3 51911333;;;;;;;
4979;4624;;4;;NEW YORK;;;;+1 928 222 5269;+1 928 222 5269;www.vanbentemaviation.com;;14;Agence Marseille;;;
4978;4623;;3;;;;;;510-263-1699;510-263-1692;;;;;;;
4977;4622;;1;CANADA;Mississauga;ON;7171 Torbram Rd., Unit C-25;L4T 3W4;905-405-1855;905-405-1870;;;;;;;3
4976;4621;;4;Malaysia;Kuala Lumpur;;C-5-1 Setiawangsa Business Suite, Jalan Setiawangsa 11, Taman Setiawangsa;;03 4251 4886;03 4251 1884;;;14;;;;3
4975;4620;;3;;;;;;0;0;;;;;;;
4974;4619;;4;;;;;;0;0;;;;;;;
4973;4618;;3;;;;;;888.496.5670;720.496.1116 or 800.282.4731;;;;;;;
4972;4617;;3;;;;;;305-591-0801;305-591-9911;;;;;;;
4971;4616;;3;;;;;;520-749-5801;520-749-5800;;;;;;;
4970;4615;;3;;;;;;253-661-3193;253-661-3183;;;;;;;
4969;4614;;3;;;;;;954 780-9044;305 793-8778;;;;;;;
4968;1995;;6;USA;Lancaster;PA;33 Centerbille Road;17603;;717-509-2200;www.ittaerospace.com;;;ITT Corp;;;3
4967;4613;;3;;;;;;305-599-8046;305-885-1599;;;;;;;
4966;4612;;6;;;;;;1;1;;;;;;;
4965;4611;;4;CHINA;;;;;0;0;;;;;;;
4964;4610;;4;USA;;;;;0;0;;;;;;;
4963;4609;;4;;;;;;41 44 874 1035;41 44 874 1024;;;;;;;
4962;4608;;2;ALGERIA;;OT;Aeroport, Hassi Messaoud;30500;1;+ 213 (29) 73 05 89;www.airexpress-dz.com;;17;;;;
4961;4607;;2;;;;;;+216 71 281 333;+216 71 280 555;www.tunisavia.com.tn;;14;Helicopter dauphin 365N et 365 N3;;;
4960;4606;;4;USA;Dallas;Texas;9301 Weiss Street, Hangar D;;303-464-1759;303-464-1758;;;6;;;;3
4959;4605;;6;BRASIL;;;;;1;1;;;14;filiale Eurocopter;;;
4958;4604;;3;USA;Sunrise;FL;975 Shotgun Road;33326;954-414-8182;954-414-9898;;;6;;;;3
4957;4597;;2;Indonesia;;;;;;;www.kalstaronline.com;;;operated by Trigana Air Service;;;
4956;2117;;1;;;;;;;;;;;;;;
4955;4603;;4;;;;;;0;0;;;;;;;
4953;4602;;2;RUSSIA;;;;;+7(4112) 443060;+7(4112) 443060;www.yakutia.aero;;14;;;;
4952;4601;;4;;;;;;(904) 741-8191;(904) 741-8191;;;;;;;
4951;4600;;2;INDONESIA;JAKARTA;;;;1;1;www.sriwijayaair-online.com;;14;;;;
4950;4599;;1;;;;;;44 (1702) 523580;44 (1702) 529888;;;;Wheel & Brake;;;
4949;4598;;3;USA;;;;;336-776-9169;336-776-9165;;;;;;;
4947;4596;;2;TAJIKISTAN;;;;;1;1;www.tajikair.tj;;14;;;;
4946;4533;;1;Lithuania;;;;;;;;7;3;;;;
4945;4595;;4;;;;;;0;0;;;;;;;
4944;4594;;4;;;;;;603 - 61377925;603 - 61367871;;;;;;;
4943;4593;;2;Poland;;;;;0;0;;;17;sub of Air Italy Group;;;
4942;4272;;;FINLAND;SEINÄJOKI;;PO BOX 800;60101;;358504441816;;;;;;;2
4941;964;;;USA;Chandler;AZ;"C/O Arizona Customs Brokers
5780 W. Oakland Street";85226;;;;;;;;;12
4940;4592;;4;;;;;;603 4256 0946;603 4256 0982;;;;;;;
4939;4591;;3;;;;;;1-305-885-9644;1-305-885-9640;;;;;;;
4938;4590;;4;;;;;;0;0;;;;;;;
4937;4589;;2;uganda;;;;;1;1;www.flyeagleuganda.com;;14;doing maintenance with Orsmond Aviation;;;
4936;4588;;3;;;;;;61-7 32819098;61-7 32818087;;;;;;;
4935;4587;;3;;;;;;305-882-1039;305-882-1000;;;;;;;
4934;4586;;4;;;;;;90;609384172;;;;;;;
4933;4585;;2;Australia;;;;;0;0;;;7;;;;
4932;4584;;3;;;;;;805-389-0416;805-389-8944;;;;;;;
4931;4583;;3;MALAYSIA;USJ 1,  Subang Jaya;;No. 2A, Jalan 1/19, Taman Perindustrian;47610;603-2178 4021;603-8023 9349;;;;;;;3
4930;4582;;4;;;;;;631-592-9581;631-592-1591;;;;;;;
4929;4581;;2;Surinam;;;;;0;0;;;7;;;;
4928;4580;;3;;;;;;510-357-7740;510-483-9020;;;;;;;
4927;4579;;2;MALI;;;;;0;0;;;17;http://www.camaero.com/pages/home_fr.aspx?language=fr;;;
4924;4578;;3;UK;;;;;44 (0)1273 491757;44 (0)1273 355100;;;;;;;
4923;4577;;10;;;;;;39-081-3694602;39-081-3694274;;;;ALITALIA Tech;;;
4922;4576;;3;;;;;;0;0;;;;;;;
4921;4575;;4;USA;;;;;0;0;;;;;;;
4920;1369;;;UK;Felthm;Middlesex;Great South West RD.;TW19 78AQ;;;;;;;;;8
4919;4574;;3;;;;;;972-616-0103;972-616-0101;;;;;;;
4918;1493;;;POLAND;WARSZAW;;FINANCIAL DEP (FFI), BLDG N, ROOM 506,ULICA 17 STYCZNIA 39;00-906;;;;;;;;;2
4917;4573;;3;;;;;;816)436-1724;1(816)436-1717;;;;;;;
4916;4572;;3;;;;;;757) 966-9573;757) 966-9578;;;;;;;
4915;4571;;1;;;;;;1;1;;;;;;;
4914;4570;;6;;;;;;310;310) 380-5390;;;;;;;
4913;4569;;2;;;;;;61;61;;;7;leased (ACMI) an A320 from Strategic Airlines, Australia from August 3;;;
4912;4567;;3;;;;;;301-622-1291;301-622-1290;;;;;;;
4911;4566;;4;USA;Austin;TX;2208 Energy Dr.;78758;512 973 9554;512 973 9500;;;1;;;;3
4910;4565;;3;;;;;;32.15.33.76.78;32.495.55.8450;;;;;;;
4909;4564;;2;Estonia;;;;;0;0;;;7;;;;
4908;4563;;6;;;;;;0;0;;;;;;;
4907;2902;;;USA;Pheonix;AZ;4010 S. 43rd Place;85040;602 437 1889;602 437 1144;;;;"Repair shop 
FAA Repair station VIJR367K";;;5
4906;4562;;3;;;;;;2;2;;;;;;;
4905;4561;;3;;;;;;866-347-2269;786-223-4493;;;;;;;
4904;4560;;4;;;;;;561 892 0812;561 988 9875;;;;;;;
4903;4559;;2;Saudi Arabia;;;;;0;0;;;17;;;;
4902;4558;;4;;;;;;0;0;;;;;;;
4901;4557;;4;;;;;;954;954-351-6869;;;;;;;
4900;4556;;2;RWANDA;;;;;;;;;3;;;;
4899;4555;;1;;;;;;301-975-0712;301-519-3424;;;;;;;
4898;4554;;3;USA;;;;;818-848-9017;818-848-5685;;;;DONT USE;;;
4897;4553;;3;;;;;;1;1-954-252-5003;;;;;;;
4896;706;;;UK;Gloucster;;Cheltenham road;GL2 9QH;;44-14527-12424;;;;Spares department;;;3
4895;4552;;3;;;;;;1-305-597-4751;1-305-597-4750;;;;;;;
4894;4551;;2;Japan;Tokyo Haneda;;;;1;1;www.jal.co.jp;;;;;;
4893;4550;;2;Mexico;;;;;1;1;www.vivaaerobus.com;;;;;;
4891;4548;;1;Russia;Moscow;;;;1;1;www.soyuzavia.ru;;;;;;
4890;4547;;2;Congo Kinshasa;Congo;;;;1;1;www.servicesair.net;;;;;;
4889;4546;;3;;;;;;60-3 90756102;60-3 90756101;;;;;;;
4888;4018;;2;United Arab Emirates;Abu Dhabi;;;;1;1;;;;;;;
4887;4545;;1;Colombia;;;;;1;1;;7;3;Ex ExcelTech People;;;
4886;4544;;2;;;;;;1;1;;;;;;;
4885;4543;;2;Trinidad and Tobago;;;;;1;1;;7;7;;;;
4884;4518;;;USA;WATERFORD;MI;1685 AIRPORT ROAD;48327;;;;;;;;;12
4883;4518;;4;USA;WATERFORD;MI;4895 HATCHERY RD.;48329;;;http://www.togsaircraft.com;;;;;;2
4882;1369;;9;France;Roissy - CDG;Fret No 3;AOG desk, 8 rue des 2 Cedres,  SOGASRO, 2 Etage  Buraux 217;95700;;01-4862-3443;;;;;FR42 481 860 120;;12
4881;4542;;4;;;;;;305 679 9959;786-228-7835 7836;;;;;;;
4880;4541;;3;;;;;;2;2;;;;;;;
4879;4540;;4;USA;MIAMI;FL;13751 SW 143RD COURT UNIT # 103;33186;305-675-3396;305-233-0110;;;;;;;3
4878;4539;;4;;;;;;59-322-47-2339;59-322-48-0481;;;;;;;
4877;4538;;3;USA;;;;;18593561462;18593561447;;;;;;;
4876;4537;;10;Spain;;;;;0;0;;;7;;;;
4875;4536;;4;;;;;;954-944-1866;954-882-2074;;;;;;;
4874;4535;;4;USA;;;;;626-294-1089;626-294-1080;;;;;;;
4873;4104;;;;HOSUR;TAMIL NADU;"AIRLINE MRO HANGAR-1, (TAAL)
THALLY ROAD, BELAGONDAPALLI";635 114;91-43 47-22 91 29/22 91 30;91 43 47 – 22 91 10;;;;;;;2
4872;4534;;4;;;;;;7;727-723-0200;;;;;;;
4870;4226;;;Great Britain;Brooklands Business Park-Weybridge;Surrey;c/o BAE Sys.-Eur Logi Cntr- 16 Vickers Dr. South;KT13 0UJ;;;;;;;GB900108093;;3
4869;4516;;2;Australia;;;;;;;;7;3;;;;
4868;2323;;2;;;;;;;;;;;;;;
4866;4532;;3;;;;;;818-842-2024;818-842-6464;;;;;;;
4865;4531;;4;AUSTRALIA;;;;;61.755.029.587;61.755.804.965;;;;;;;
4864;4530;;4;HONG KONG;;;;;852) 3528 0470;852) 3528 0460;;;;;;;
4863;4529;;4;;;;;;49 2645 974002;49 2645 977274;;;;;;;
4862;4528;;4;;;;;;62-21-84993619;62-85215860888;;;;;;;
4861;4519;;11;Turkey;;;;;;;;;;;;;
4860;4527;;2;USA;;;;;0;0;;;7;;;;
4859;4526;;2;France;Marseille;;;;1;1;www.fly-axis.com/;;17;;;;
4858;4525;;6;;;;;;805-482-7771;805-484-8884;;;;;;;
4857;4524;;4;Singapore;;;;;0;0;;;;;;;
4856;4523;;4;;;;;;770 707 8329;770 707 7974;;;;;;;
4855;4522;;4;;;;;;305-829-3550;305;;;;;;;
4854;4521;;4;USA;;;;;0;0;;;;;;;
4853;4520;;4;;;;;;57) 1 415 3689;57) 1 415 0263;;;;;;;
4852;100;;;France;Chabris;;ZI LES VIGNEAUX;36210;;;;;;Repair department;;;5
4851;4482;;1;Vietnam;;;;;;;;;;;;;
4850;2361;;2;Jordan;;;;;;;;7;3;;;;
4849;4515;;9;;;;;;44 208 7598466;44 208 7598466;;;;Olympic forwarder;;;3
4848;4514;;4;;;;;;0;0;;;;;;;
4847;4513;;3;;;;;;562-236-5565;562-236-5518;;;;;;;
4846;4512;;4;;;;;;609-288-6102;609-288-6070;;;;;;;
4845;4511;;4;;;;;;321;321-948-5424;;;;;;;
4844;4510;;1;USA;;;;;1-316-264-7898;1-316-264-2397;;;;"http://www.bsaircraft.com/; an AMETEK company";;;
4843;4509;;1;;;;;;0;0;;;;;;;
4842;4508;;3;;;;;;52;52;;;;;;;
4841;4507;;4;;;;;;416-981-7883;416 523 4623;;;;;;;
4840;4506;;4;;;;;;1-803-222-6222;1-803-222-6002;;;;;;;
4839;4505;;1;;;;;;55-21-2432-8899;55-21-3261-5000;;;;;;;
4838;4504;;1;;;;;;513-870-6784;513-860-0295;;;;http://www.ctlaerospace.com;;;
4837;4503;;2;Argentine;;;;;;;logistica@americanjetsa.com.ar;;17;;;;6
4836;4502;;3;;;;;;717-828-0700;717-828-0;;;;;;;
4835;4501;;2;;;;;;905) 727 8845;905) 727 8886;;;;;;;
4834;4500;;4;;;;;;561) 245-4348;561) 245-4340 X 23;;;;;;;
4833;4499;;4;;;;;;31 251 218798;31 251 218504;;;;;;;
4832;374;;;Laos;PO. Box 6441;Vientiane;2 Pangkham Road;;;;;;;;;;2
4831;4498;;2;puerto rico;;;;;;;rvillamil@caribhelicorp.com;;11;;;;6
4830;4497;;2;czech;;;;;;;office@dsa.cz;;11;;;;6
4829;4496;;2;;;;;;;;hoha94.an@samsung.com;;11;;;;6
4828;4494;;2;south africa;;;;;;;mark.nichols@eskom.co.za;;11;;;;6
4827;4495;;2;slovenia;;;;;;;info@flycom.si;;11;;;;6
4826;4493;;2;usa;new york;;;;;;charter@libertyhelicopters.com;;11;;;;6
4825;4491;;2;india;;;;;;;info@kingrotors.com;;11;;;;6
4824;4490;;2;india;;;;;;;aerospares@jubilantenpro.com;;11;;;;6
4823;4488;;2;INDIA;;;;;;;amit.s@gmrgroup.in;;11;;;;6
4822;4487;;2;india;new delhi;;;;;;savia@vsnl.com;;11;;;;6
4821;4486;;2;india;;;;;;;aviationindia@gmail.com;;17;;;;6
4820;4485;;2;india;Karnataka;;;;;;aviators@vsnl.com;;17;;;;6
4819;4484;;2;india;new delhi;;;;;;info@asiaaviation.in;;17;;;;6
4818;4481;;2;india;mumbai;;;;;;webmaster@raymond.in;;11;;;;6
4817;4480;;2;india;mumbai;;;;;;EMAIL.globalhelicorp@vsnl.net;;11;;;;6
4816;4479;;2;india;mumbai;;;;;;mumbaimktg@deccanair.com;;11;;;;6
4815;4478;;2;india;;;;;;;kanika.t@indiabulls.com;;17;;;;6
4814;4476;;2;india;;;;;;91.124.4630800;0contact@abir.in;;17;;;;6
4813;1223;;;Findland;Tavaran Vastaanotto;Rakennus 12;Tecnikontie, Teknillinen Alue;01053;;;;;;;FI 01080233;;12
4812;1223;;2;Finland;HELSINKI AIRPORT;;Helsinki Vantaa Airport - Techn. Area - bldg 12;01530;;358.9.818.6848;;4;7;Have credit for Invoice No 3011600 for the amount of USD 300;FI 01080233;;3
4811;4475;;4;;;;;;0;0;;;;;;;
4810;4474;;2;nepal;Kathmandu;;;;;;office@fishtailair.com;;11;;;;6
4809;4473;;2;nepal;Kathmandu;;;;;;info@airdynasty.com;;17;;;;6
4808;4472;;2;india;mumbai;;;;;;mal@mescoairlines.com;;11;;;;6
4807;4471;;4;;;;;;55 11 3477-4198;55 11 2157-8648;;;;;;;
4806;4470;;2;;;;;;;;aviation@indiaflysafe.com;;11;;;;6
4805;4468;;2;usa;;;;;;;;;16;;;;6
4804;4467;;2;South Africa;;;;;;;johann@kriekheli.com;;11;;;;6
4803;4466;;2;Australia;Sydney;;;;;;phil@heliaust.com.au;;11;;;;6
4802;4465;;1;USA;Savannah;GA;34 Wings Road;31408;912 963-0660;912 963-0640 ext 6122;;;;;;;3
4800;4464;;4;;;;;;651-653-8970;651-765-9151;;;;;;;
4799;4463;;4;;;;;;305 694 6924;888-791-3247;;;;;;;
4798;4462;;4;;;;;;32-59-32-32-36;32-59-32-32-11;;;7;;;;
4797;4461;;2;USA;Houston;TEXAS;2000 W Sam Houston Pkwy S;;713-267-7620;713-267-7600;;;11;;;;6
4796;4460;;4;;;;;;65-6456 9626;65-6458 7838;;;;;;;
4794;4458;;2;Angola;Luanda;;;;;244 92 342 4193;stefvanwyk@yahoo.com;;17;;;;6
4793;4457;;2;japan;;;;;;;shizaibu@aeroasahi.co.jp;;17;;;;6
4792;4456;;2;canada;;;;;613-839-2965;613-839-5868;menardja@htsc.ca;;11;;;;6
4791;4396;;2;Poland;;;;;;;;;;;;;
4790;4455;;2;;;;;;;;info@helialps.ch;;11;;;;6
4789;4454;;2;Belgium;;;;;;;maintenance@nhv.be;;11;;;;6
4788;4453;;2;israel;tel aviv;;;;972-9950-4097;;grachel@cnairways.com;;11;;;;6
4787;4452;;1;;;;;;31(0)70 3017401;31(0)70 3017400;;;;;;;
4786;1883;;;USA;Olathe;Kansas;23500 W. 105th Street;66061;;;;;;;;;12
4785;4449;;2;scotland;;;;;;;;;11;;;;6
4784;4448;;2;Malaysia;;;;;6082-455736;6082-455737;abdullah.tahi;;11;;;;6
4783;4447;;2;New Zealand;;;;;;;dean@helicopters.net.nz;;11;;;;6
4782;4446;;2;Andorra;;;;;;;helitrans@helitrans.ad;;6;;;;6
4781;4445;;4;;;;;;0;0;;;;;;;
4780;4443;;2;usa;;Nevada;;;;702-736-4359;russ.martin@papillon.com;;11;;;;6
4779;4442;;3;;;;;;305) 592-7473;305) 592-7474;;;;;;;
4778;4441;;3;;;;;;813.907.9902;813.907.9901;;;;;;;
4777;4440;;3;USA;;;;;954;954-202-7767;;;;;;;
4776;4439;;3;;;;;;305-971 6651;305-251 0058;;;;;;;
4775;4438;;6;;;;;;0;0;;;;;;;
4774;4437;;2;;;;;;0;0;;;;;;;
4773;4436;;2;Mexico;;;;;0;0;;;7;;;;
4772;4435;;2;Egypt;Heliopolis;;112A Amar Ibn Yasser;11361;0;0;;;17;;;;
4771;4434;;2;Spain;;;;;0;0;;;17;;;;
4770;2845;;8;;;;;;;;;;;;;;
4769;4433;;4;;;;;;0;0;;;;;;;
4768;1610;;1;UK;Prestwick, Ayrshire;Scotland;5 Shawfarm Road;KA9 2TR;;;;;;;GB703512281-001;;3
4767;4432;;3;;;;;;706-443-0101;706-443-0102;;;;;;;
4766;4431;;4;;;;;;818-988-2060;818-947-0003;;;;;;;
4765;4430;;3;;;;;;630-428-4441;630-428-4440;;;;;;;
4764;3129;;;;CDG Airport;;ROUTE DE L'ARPENTEUR;95704;;;;;;HOURS OF OPERATION 9AM-3:30PM;;;
4763;4421;;;USA;Coral Springs;FL;3700 NW 124TH AVE #140;33065;954-255-3667;954-345-9330;;;;;;;12
4762;3129;;;;Paris;;63 Blvd HAUSSMANN;75008;;;;;;HOURS OF OPERATION: 9AM - 4:45PM;;;
4761;4429;;3;;;;;;65-62341600;65-67793020;;;;;;;
4760;4428;;2;romania;;;;;;;office@becker-aviation.ro;;17;;;;6
4759;4427;;2;;;;;;;;info@tamir-air.co.il;;11;;;;6
4758;4426;;2;belguim;;;;;;;ops@hsb.be;;11;;;;6
4757;4425;;6;;;;;;0;0;;;;;;;
4756;4424;;2;;Dublin;irland;;;;P: 353-1-890-2892;sales@irish-helicopters.com;;11;;;;6
4755;4423;;3;Indonesia;Jakarta;;Jl.Transyogi KM.6 Cibubur.;16968;6221 57941925;62;;;;JT8D-9A Engines in AR cond. Complete data & full trace.;;;3
4754;2726;;2;Australia;;;;;;;;;3;FKA National Jet Systems;;;
4753;4422;;4;;;;;;0;0;;;;;;;
4752;4421;;3;USA;Coral Springs;FL;10205 Vestal Court;33071;954-255-3667;954-345-9330;;;;;;;3
4751;2103;;2;Australia;;;;;;;;;;;;;
4750;4420;;3;;;;;;678-833-5492;770-914-0877;;;;INFO@ISLANDAVIATIONHOLDINGS.COM;;;
4749;717;;;New Zealand;Auckland International Airport;;PO Box 53098;;;;;;;;;;2
4748;4419;;3;;;;;;305;305-591-0343;;;;;;;
4747;4418;;4;;;;;;44 207 182 6976;+44 207 309 7721;;;;;;;
4746;4417;;4;;;;;;44 207 182 6976;+44 207 309 7721;;;;;;;
4745;4416;;10;France;;;;;;;;;;;;;
4744;4415;;4;;;;;;0;0;;;;;;;
4743;105;;;Tanzania;Dar-Es-Salaam INT'L Airport;Dar Es Salaam;Terminal 01 - Government Hangar;;;;;;;;;;3
4742;4414;;1;USA;Miramar;Florida;3375 Commerce Parkway;33025;954-634-0392;954-318-5073;;;;;;;3
4741;4413;;3;;;;;;305;305-255-6088;;;;;;;
4740;4412;;3;;;;;;954;954-749-4458;;;;;;;
4739;4411;;3;;;;;;503-434-4224;503-435-4609;;;;;;;
4738;4410;;4;;;;;;954) 980-4148;954) 980-3709;;;;;;;
4737;4409;;4;;;;;;880 2 8911228;880 2 8911228;;;;;;;
4736;4408;;4;;;;;;418-658-8276;418-658-8783;;;;;;;
4735;4407;;4;;;;;;0;0;;;;;;;
4734;4406;;6;;;;;;03-8038-33-91;03-8038-33-01;;;;;;;
4733;4405;;4;;;;;;310) 676-7143;310) 676-7537;;;;;;;
4732;4404;;4;;;;;;740-246-4372;740-246-4552;;;;;;;
4731;4403;;3;;;;;;602-798-8261;602;;;;;;;
4730;4402;;2;Kenya;;;;;0;0;;;7;;;;
4729;4401;;4;;;;;;909-494-4477;909-583-8700;;;;;;;
4728;4400;;3;Canada;Mississauga;ONTARIO;Toronto Airport Corp Centre - 2425 Matheson Blvd, E 8th FL;L4W 5K4;1-905-824-0515;1-905-361-2501;denis_uskov@updevelopment.ca;;6;;;;2
4727;4399;;1;Italy;Torino;;strada Vicinale del Cascinotto 163;10156;39 - (011) 223-9827;39 - (011) 223-9827;;;;;IT 03026450019;;5
4726;4398;;10;;;;;;52;52-333-629-4808;;7;3;;;;1
4725;4397;;2;Gabon;Libreville;;Aeroport international Leon Mba;B.P. 3962;(+ 241) 73 49 98 /  73 21 48;(+ 241) 44 48 60;;7;6;;;;
4724;4395;;4;;;;;;519-787-8558;519-787-8778 x31;;;;;;;
4723;4394;;1;;;;;;(480) 377-3106;(888) 686-4277;;;;Formerly GARRETT/LANDMARK AVIATION;;;
4722;4393;;2;Canada;;;;;1;1;;;17;;;;
4721;2770;;3;TX;;USA;;;1-214-358-6204;1-214-353-6700;;;;;;;
4720;4392;;2;PERU;LIMA;;Av. Comandante Espinar 331, Miraflores;;0;0;www.starperu.com;7;7;;;;
4719;4391;;2;;;;;;252-435-0800;252-435-0799;;;;;;;
4718;3546;;2;UK;;;;;;;;;;;;;
4717;4390;;4;;;;;;0;0;;;;;;;
4716;4389;;3;;;;;;6221 80;6221 8002060;;;;;;;
4715;4388;;3;;;;;;612-395-5267;507553-5053;;;;;;;
4714;4387;;3;USA;;;;;480)-834-3022;480)-834-3024;;;;;;;
4713;4386;;1;United States;North Hollywood;CA;8101 Lankershim Blvd;91605;818-767-5140;818-765-9086;;;;FAA # AZ4R068M;;;3
4712;4385;;1;United States;Miami;FL;6990 NW 25th Street;33122;305-477-3886;305-477-3886;;;;;;;3
4711;4384;;4;;;;;;52;52 (33) 38115464;;;;;;;
4710;4383;;4;;;;;;630-876-8745;630-876-8740;;;;;;;
4709;4382;;4;;;;;;0;0;;;;;;;
4708;4381;;3;USA;;;;;1-303-404-3291;1-303-404-3248;;;;;;;
4707;4380;;4;USA;;;;;0;0;;;;;;;
4706;4010;;1;China;;;;;;;;;;Guangzhou Aircraft Maintenance Engineering Co;;;
4705;4379;;4;;;;;;305;305-817-8495;;;;;;;
4704;4378;;1;;;;;;886-3-393-1037 / 1192;886-3-351-9209;;;;link to EVA Airways/EGAT  http://www.egat.com.tw/html/ENG/home.htm;;;
4703;4377;;2;Saudi Arabia;;;;;;;;;;;;;
4702;4376;;1;;;;;;512.906.2110;512.906.2107;;;;FAA Repair Station 7A1R070B;;;
4701;4375;;4;;;;;;0;0;;;;;;;
4700;1743;;;United States;10203 W. York, Whichita;Kansas;C/O F H Kasing Company of Witchita;67215;;;;;;;;;12
4699;1203;;;Denmark;Soenderborg;;Kaervej 81;DK-6400;;;;;;For Core returns;DK33473516;;5
4698;4374;;9;Canada;Mississauga;ONT;6305 NORTHAM DRIVE UNIT 7;L5S 1V7;905-671-0662;905-671-0662;;;;;;;3
4697;4373;;3;;;;;;631;631-567-2345;;;;;;;
4696;4372;;3;;;;;;847-205-5330;847-498-7370 F:847-205-5330;;;;;;;
4695;4371;;4;;;;;;44;44 (0) 1698 747543;;;;;;;
4694;2747;;2;Mozambique;;;;;;;;;;;;;
4693;4213;;2;INDONESIA;;;;;;;;;17;a regional subsidiary of  LION AIR;;;
4692;4370;;4;;;;;;0;0;;;;;;;
4691;4369;;6;;;;;;0;0;;;;;;;
4690;1627;;1;France;Auxerre;;41-47 rue Guynemer;89002;;01 6486-6916;;5;;;;;5
4689;4368;;4;Luxembourg;;;;;0;0;;;;Same group as www.europe-aviation.com;;;
4688;3584;;2;Yemen;;;;;;;;;14;;;;
4687;4367;;1;;;;;;54-11-4756-4110;54-11-4762-1356;;;;;;;
4686;4366;;6;France;Courtaboeuf;BP 303;7 avenue du Parana;91958;01 4648 8387;01 6486 6969;;;;;FR27484197330;;3
4685;1345;;;France;ORLY FRET No 622;ORLY AEROGARES CEDEX;c/o CLL CARGO LOGISTIC;F-94392;;;;;;;;;8
4684;4365;;2;RUSSIA;;;;;74732392843;74-73-23250-97;;;;SAAB 2000;;;
4683;4364;;1;;;;;;450.629.8361;450.629.6200.ext 429;;;;COMPOSIT;;;
4682;4363;;4;Lithuania;;;;;0;0;;7;3;;;;
4681;671;;;USA;Hawthorne;California;12515 Crenshaw Boulevard;90250;;;;;;LAX  OFFICE;;;11
4680;4362;;3;;;;;;540-432-0193;540-564-0010;;;;;;;
4679;4361;;1;;;;3, Edison Place, Kilwinning, Ayrshire KA13 6PX;;44;44-1294 541111;www.afce.aero;;;;;;
4678;1410;;;USA;INGLEWOOD;CA;C/O OCOMET-EXPOR  8915 S. La Cienega Blvd. Suite E;90301;;;;;;;;;12
4677;4360;;4;;;;;;0;0;;;;;;;
4676;4359;;6;;;;;;0;0;;;;;;;
4675;4358;;2;Canada;;;;R3H0A4;00;00;;;3;;;;3
4674;4357;;2;;;;;;206-202-8232;206-202-8232;;;;;;;
4673;1929;;;USA;MEMPHIS, TN;;3605 KNIGHT ROAD;38118;;;;;;;;;12
4672;4356;;10;Brazil;;;;;0;0;;;7;A Company of TAP PORTUGAL;;;
4671;4355;;3;;;;;;65 6884 4980;65 6304 8991;;;;;;;
4670;4354;;4;;;;;;49 8745 919 418;49 8745 919 417;;;;;;;3
4669;4353;;4;;Perkinsfield, Ontario;;564 Overhead Bridge Rd;L0L 2J0;866-744-4133;866-416-4122;;;;;;;
4668;4352;;3;;;;;;928-681-1002;928-681-1000;;;;;;;
4667;4351;;1;USA;Griffin;GA;129 Sky Harbor Way;30224;770-467-9413;770-467-9490;;;;DBA Poly-Fiber Enterprises, Inc;;;5
4666;4350;;2;Uganda;;;;;0;0;;;17;Air Uganda is part of the Meridiana group that is based in Olbia - Costa Esmeralda Airport, Italy.;;;
4665;4349;;4;USA;;;;;305;305-213-5575;;;;;;;
4664;4348;;1;;;;;;602-275-9901;602-275-9900;;;;Brake WHEEL STARTER Overhaul;;;
4663;4347;;1;China;;;;;0;0;;;3;Web: http://www.lht-shenzhen.com;;;
4662;241;;;U.K;"Unit 5 MCKAY Trade Estate 
Colnbrook";Berkshire;C/O Immidiate transportation Co. LTD;SL3 0AH;;;;;;;;;12
4661;4346;;4;;;;;;0;0;;;;;;;
4660;4345;;3;;;;;;1;1;;;;;;;
4659;4344;;10;USA;;;;;0;0;;;17;;;;
4658;4343;;4;;;;;;0;0;;;;;;;
4657;4342;;6;USA;Torrance;California;3111 Lomita Boulevard;90505;310 517 9484;310 517 9910;;;;;;;3
4656;4341;;1;Canada;Saint-Laurent;Quebec;2311 Alfred-Nobel Blvd, Ban 3 Zip 8064;H4S 2B6;912-257-4600;514-856-7156;;7;3;Air Canada Shop;;;3
4655;4340;;2;ITALY;;;;;;;;;;;;;
4654;4339;;3;;;;;;760-246-2921;760-246-2033;;;;VICKYA@AVENTURAAVIATION.COM;;;
4653;4338;;2;;;;;;907-266-8318;907-266-8311;;7;6;jworkman@flyera.com;;;
4652;4337;;2;Kenya;;;;;1;1;;;7;;;;
4651;3132;;3;USA;Miami;FL;;;;;;;;;;;
4650;2823;;;Egypt;Taba;;Taba International Airport Transit;;;;;;;;;;12
4649;586;;1;United States;Painesville;Ohio;313 Gillet Street;44077;;;;;;Repair shop;;;5
4648;4336;;4;;;;;;0;0;;;;;;;
4647;4335;;3;;;;;;704) 283-5372;704) 283-5080;;;;;;;
4646;4334;;4;;;;;;206-420-6175;888-791-3247;;;;;;;
4645;4290;;2;Poland;Warszawa;;ul. Radarowa 60;02-137;48 22 606 9433;48 22 606 9433;logistics@jetair.pl;7;7;;PL8522255803;;2
4644;4333;;4;;;;;;0;0;;;;;;;
4643;317;;;France;Roissy;;Holiday Inn CDG 1 Allee du Verger;95700;;;;;;;IE 658 784 9U;;7
4642;4332;;2;Taiwan,;Taipei;;2F, 340-9, Tunhwa N. Road;;;;jjflyjet@hotmail.com;;11;;;;6
4641;4331;;1;AUSTRALIA;PEAKHURST;NSW;29 Norman Street;2210;61407700055;612 8525 6401;;7;;;;;3
4640;447;;;USA;EAGAN;MN;2995 LONE OAK CIRCLE;55121;;;;;;;;;12
4639;4330;;4;;;;;;0;0;;;;;;;
4638;4329;;4;United Arab Emirats;Ras Al Khaimah Intl Airport;;Ras Al Khaimah Intl Airport;;971-7-244-8615;971-7-244-8613;;;8;PO BOX 32378;;;3
4637;4328;;3;;;;;;9;9;;;;;;;
4636;4327;;3;;;;;;818-392-8963;818-232-7295;;;;;;;
4635;4326;;4;Romania;;;;;40 21 3161383;40 724 015 018;;;;;;;
4634;4047;;;Lebanon;Beirut;;"Rafik Hariri International Airport
P.O.Box 13-5051";565654;961-1-319905;961-1-312566;;;;;;;12
4633;4325;;4;Portugal;;;;;351212460022;351914403658;;;;;;;
4632;4324;;4;New Zealand;Ardmore Airport;Auckland;551 Harvard Lane;2582;64-9-296-2527;64-9-296-2526;;;;;;;3
4631;1203;;;Denmark;Billund Airport;Billund;Stratusvej 17;DK-7190;;;;;;;DK33473516;;10
4630;1198;;;France;10 RUE DU PAVE, TREMBLAY-EN-FRANCE;ROISSY CHARLES DEGAULLE CEDEX;"S.T.P.I. FOR THAI AIRWAYS INTL 
C/O FRANCE HANDLING ZONE FRET 5";95724;;;;;;;;;12
4629;1198;;;THAILAND;BANGPHLI;SAMUT PRAKARN;"TECHNICAL ACCOUNTING DEPT; TECH DEPT. (ACM) 333/2 MOO 1";BKKTH-J;;;;;;;;;2
4628;1289;;;U.A.E;Dubai;;"MSI Dubai; P.O Box 17462; Jebel Ali Free Zone";FZS1BH02;;;;;;;;;12
4627;1496;;;USA;Jamaica,;NY;In Time Shipping -167-43 Porter Rd;11434;718 553 6705;718 553 6766;jwalls@intimeshipping.com;;;;;;12
4626;4323;;4;;;;;;305-793-8778;954-746-8345;;;;;;;
4625;4322;;1;Canada;Richmond;BC;124-7080 River Road;V6X 1X5;604 273 0215;604 273 4561;;;;;;;3
4624;4321;;2;Sweden;;;;;;;;;7;;;;
4623;4320;;2;Austria;;;;;43(0)1 480195320;43 14801 95312;;;;;;;
4622;1442;;;USA;Plantation;FL;8100 SW 10th St. Suite 3200;33324;;;;;;;;;2
4621;2219;;2;MOZAMBIQUE;;;;;;;;;;;;;
4620;4319;;1;;;;;;303-464-0044;303-464-0043;;;;;;;
4619;2570;;;France;Mantes Le Ville Plant;Montel LeVille;15 a19 Rue Louise Michel;78711;;;;;;;;;3
4618;2570;;;France;Le Ponnet De Paris;Paris Cedex 5;27 Rue Labinac;75512;;;;;;;;;3
4617;4318;;4;;;;;;0;0;;;;;;;
4616;2329;;10;;;;;;;;;7;;;;;
4615;91;;;USA;Miami;FL;"C/O Expeditors; 10205 N.W. 19th St. Suite 107-114";33172;;;;;;;NIF 500792828;;12
4614;4317;;2;Mexico;;;;;52 (555) 763-5685;52 (555) 716-9006;;;17;;;;
4613;4316;;4;United Arab Emirates;;;;;33-492 593 871;33-603 531 665;;;;France HQR;;;
4612;4315;;2;;;;;;0;0;;;;;;;
4611;4314;;3;;;;;;43(0)316-919440;+43(0)664-4145889;;;;;;;
4610;4313;;4;;;;;;305-685-6863;305-685-6806;;;;;;;
4609;4312;;3;United Arab Emirates;;;;;+971 6 7447911;+971 6 7447910;;;;;;;
4608;1665;;6;Canada;Longueuil;Quebec;333 d'Auvergne (Area 2K);J4H 3Y3;;;;;;;;;13
4607;4311;;4;;;;;;0;0;;;;;;;
4606;4310;;3;USA;;FL;;;954-318-5073;954-318-5073;;;;;;;
4605;4296;;3;USA;Doral;FL;7982 N.W. 56 ST.;33166;;1 305-477-4232;;;;;;;3
4604;4289;;3;USA;;;;;;;;;;;;;
4603;4309;;1;;;;;;450;450) 435-9210;;;;;;;
4602;4308;;1;USA;Tumwater;WA;7711 New Market Street S.W.;98501;360- 956-0801;360- 956-0800;;;;;;;3
4601;4307;;3;;;;;;661-257-6000;661-257-6005;;;;;;;
4600;4306;;1;Sweden;;Norkoping;Kungsangen Airport;SE-60361;46-11 121 054;46 11 121 050;;;;;;;
4599;4305;;4;Italy;Castenedolo- Brescia;;Via G.Mameli 6/b;25014;0;0;;;;;IT02077420178;;3
4598;2277;;;Germany;Zweibruecken;;Berliner Allee11-21, Flugplatz, Geb 360;66482;;;;;;;DE 811 970 187;;12
4597;91;;;Portugal;Alverca do Ribatejo;;Apartado 23;2615-173;;;;;;;NIF 500792828;;2
4596;4304;;2;usa;;florida;;;;;joe-kidd@epicaviation.com;;11;;;;6
4595;4303;;2;Russia;Moscow;;;;0;0;;;7;;;;
4594;4302;;2;;;;;;971-65680702;971-65680701;;;;;;;
4593;671;;;USA;Hoffman Estates;IL;1999 Georgetown Lane;60169;;;;;;;;;10
4592;4300;;2;Turkey;;;;;;;guneydh1@ttnet.net.tr;;11;;;;6
4591;4299;;2;Turkey;;;;;;;info@dorukair.com.tr;;11;;;;6
4590;4298;;3;;;;;;;;swilliams@uniflight.com;;11;;;;
4589;4297;;2;usa;;virginia;;;540 721 9906;540-719-1666;;;17;;;;6
4587;4295;;4;Russia;;;;;7495-7804530;74957804539;;;;;;;
4586;1006;;;South Africa;Johannesburg;;"Solenta Aviation ORT C/o Federal Air Hangar
Hangar 14, OR Tambo International Airport";;;;;;;;;;12
4585;4294;;4;;;;;;228 261 26 66;228 223 60 67;;;;;;;
4584;4293;;3;USA;Auburn;WA;1610 20th St NW;98001;253-269-6700;253-269-5600;;;;;;;3
4583;4292;;4;;;;;;305-805-4798;305-805-4797;;;;;;;
4582;4291;;1;UK;;;14-18 Bilton Road,Kingsland Industrial Park,Basingstoke,;RG24 8LJ;44 (0)1256 840278;44 (0)1256 840276;;;;;;;
4581;4288;;2;;;india;;;+91-11-24318487;+91-11-24374041;capt_pandey@yahoo;;;;;;6
4579;4288;;2;india;new delhi;;;;91-11-24318487;+91-11-24374041;capt_pandey@yahoo.com;;11;;;;6
4577;4287;;4;;;;;;336-889-6430;336-889-9191;;;;;;;
4576;4286;;2;;;;;;867) 669-9788;867) 669-9789;;;6;;;;
4575;4285;;6;;;;;;0;0;;;;;;;
4574;733;;1;France;Aubervilliers;;35 Avenue Victor Hugo;93538;;;;;;;;;5
4573;4284;;4;;;;;;305-300-0172;305-300-3712;;;;;;;
4572;4283;;3;;;;;;305-247-8183;305-245-5500;;;;;;;
4571;4282;;10;;;;;;49 89 970 517 22;49 89 970 517 12;;;7;;;;
4570;4281;;10;MALAYSIA;;;;;603) 7846 3397;603) 7846 5112;;;;;;;
4569;2066;;;FRANCE;AEROPORT MONTPELLIER-MEDITERRANEE;MAUGUIO;c/o LATECOERE AEROSERVICES;34130;;;;;;;LT108937314;;8
4568;4104;;;India;Mumbai;;Mumbai Intl' Airport, Kalina Gate N' 8, Santacruz(E);400029;;;;;;;;;6
4567;3153;;;France;MAUGUIO;;AEROPORT MONTPELLIER-MEDITERRANEE;34130;;;;;;;FR35352373492;;5
4566;1345;;;USA;JFK INTERNATIONAL AIRPORT JAMAICA;NY;"c/o OLYMPIC AIRLINES CARGO
CARGO BUILDING # 21A";11430;;;;;;;;;12
4565;4280;;4;UK;Southend-on-sea;Essex;Lancester business park Aviation way;SS2 6UN;44 1702 548509;44 1702 548504;;;;BAC Company *** Do not use Use ACL***;;;3
4564;4279;;2;;;;;;+420 220 56 1808;+420 220 11 2061;;;;See CSA;;;
4563;2415;;1;UNITED ARAB EMIRATES;ABU DHABI;;Abu Dhabi International Airport-Cargo Village Area;;971) 2575 8482;971) 2575 7088;;;;;;;
4562;1477;;;;;;;;;;;;;;;;
4561;4278;;2;SLOVAKIA;Bratislava;;M.R.Stefanik Airport;82371;421;421 911 900 882;;7;6;www.danubewings.com. Contract with Sabena;SK2020278689;;3
4560;4277;;4;USA;Tamarac;FL;8400 N. University Drive - Suite # 114;FL 33321;1-954-934-0299;1-954-934-0306;bob@jetageinternational.com;;;;;;
4559;4276;;4;Denmark;;;;;0;0;;;;;;;
4558;4275;;2;Azerbaijan;Baku;;Heydar Aliyev International Airport;AZ1044;+994 (12) 437-47-98;+994 (12) 437-47-97;;;7;;;;3
4557;4274;;4;;;;;;0;0;;;;;;;
4556;976;;;USA;1107 Aviation BLVD. Herbon;KY;Comair Aircraft Maint Facility;41048;;;;;;;;;12
4555;4273;;4;;;;;;0;0;;;;;;;
4554;4272;;1;Finland;VANTAA;;ÖLJYKUJA 2;01530;358942432270;358504441816;;4;7;(FAM) is a company owned jointly by Finncomm and Finnair.;FI18176012;;3
4553;4271;;9;France;;;;;01 4862 4951;01 4862 3952;;;;;;;3
4552;4270;;1;USA;;;;;305-593-5018;305-593-5232;;;;;;;
4551;1203;;;Denmark;Idenrigsgarden Standplatds A30;Kastrup;Kobenhavns Lufthaven, Terminal 1;2770;;;;;;;DK33473516;;12
4550;4269;;3;USA;Miami;FL;8528 NW 66st;33166;305-471-7397;888-537-2376;;;;;;;3
4549;4268;;3;USA;Weston;FL;1820 N. Corporate Lakes. Bd. Suite: 111;33326;954)384-6778;(954)384-6776;;;;;;;3
4548;4267;;6;USA;;Ohio;1740 Eber Rd;43528;1.419.867.0634;1.419.866.6301;;;;;;;
4547;4266;;3;;;;;;603) 766-2512;603) 766-2500;;;;;;;
4546;4265;;1;USA;Everett;WA;7501 Hardeson Road;98203;1;1;;;;TECHNOFAN USA;;;
4545;4264;;3;USA;;;;;;;;;;;;;
4544;4263;;3;USA;;;;;772-405-1086;888-777-2960;;;;;;;
4543;4262;;3;USA;;;;;305-259-7724;305-259-7736;;;;;;;
4542;4261;;4;;;;;;49 672-494-1368;49 672-494-1365;;;;;;;
4541;4260;;3;;;;;;954 255-3667;954 255-3664;;;;;;;
4540;1674;;;ENGLAND;;MIDDX;2A TUDOR ROAD, HARROW;HA3 5PE;;44-208-863 8578;;;;"AEROSPARES 2000 LTD
AEROSPACE HOUSE
2A TUDOR ROAD, HARROW
MIDDX HA3 5PE
ENGLAND";;;12
4539;4259;;3;United States;Morning View;KY;3453 Visalia Rd.;41063;18593561462;18593561447;;;;;;;3
4538;461;;2;Pakistan;;;;;;;;;17;;;;
4537;524;;;"Brazil
 CEP 31710-410";Belo Horizonte;MG CEP;Rua dos Hangares, 3 Pátio Norte;31710-410;;;;;;;;;2
4536;4258;;4;;;;;;0;0;;;;;;;
4535;4257;;3;;;;;;818-450-0755;818-745-2502;;;;;;;
4534;392;;;USA;Greensboro;NC;Accounts Payable, PO Box 26253;27402;;;;;;;;;2
4533;4256;;4;USA;Orlando;FL;615 Humphries Ave.;32803;;386 479-9867;;;;;;;3
4532;4255;;1;USA;;MO;836 Texas Court, O'Fallon,;63366;636;636-532-2674;;;;;;;
4531;4254;;1;;;;;;918 272-1067;918 272-7371;;;7;;;;
4530;4253;;3;;;;;;44 1279 815566;44 1279 815544;;;;;;;
4529;4252;;1;USA;Carrollton;TX;2236 Parker RD.;75010;972-492-3402;972-492-3401;;;;;;;
4528;4251;;1;USA;;;;;305-883-8664;305-883-8804;;;;Aircraft Emergency Equipment Division;;;
4527;4250;;4;;;;;;0;0;;;;;;;
4526;4249;;6;;;;;;33 1 56 71 79 02;33;;;;;;;
4525;4248;;4;;;;;;206-222-4161;206-222-4731;;;;;;;
4524;4247;;3;;;;;;305-386-4500;305-386-0303;;;;;;;
4523;4246;;4;;;;;;954-747-9017;954-3360-941;;;;;;;
4522;4245;;3;USA;;;;;303.858.8827;303.858.8817;;;;;;;
4521;4244;;3;;;;;;818-881-6304;818-8821-6262;;;;;;;
4520;2242;;;SPAIN;ZARAGOZA;;"C/ NUMANCIA Nº 4 CASA 
Nº 6 CUARTE DE HUERVA";50410;+34 93 746 90 08;+34 902 460 006;;;;;;;12
4518;4243;;1;;;;;;909.981.0962;909.981.0895;;;;;;;
4517;4242;;4;Singapore;;;;;0;0;;;;;;;
4516;4241;;2;New  Zealand;;;;;;64 4 9209638;info@vincentaviation.co.nz;;3;;;;6
4515;3649;;3;USA;;;;;;;;;;;;;
4514;1369;;9;CANADA;DORVAL;QUEBEC;"2100 Reverchon 
PET INTERNATIONAL AIRPORT";H9P 2C7;;514 636 6350;;;;Montréal  INTERNATIONAL AIRPORT;;;8
4513;4240;;1;India;;;;;;91 11 2560 6729;spares@iggaviation.com;;11;;;;1
4512;4239;;2;;;;;;;;info@indamer.com;;11;;;;6
4511;4238;;2;Denemark;;;;;;;Sales@NBA-Aviation.com;;11;;;;6
4510;1754;;2;YEMEN;;;;;;;;7;14;;;;
4509;2014;;2;SINGAPOUR;;;;;;;;;;;;;
4508;4237;;5;;;;;;49;49 (0)40-50 76 28 88;;;;;;;
4507;4236;;3;usa;Boulder City;nevada;;;;;mako@helipartsnevada.com;;11;;;;1
4505;4235;;4;;;;;;804 769 3934;804 769 3909;;;;;;;
4504;2018;;1;;;;;;;;www.radome.com;;;RADOM REP;;;
4503;4234;;2;Sri Lanka;;;;;0;0;;;7;;;;
4502;4233;;;Singapore;PK 2A Tech II;;Block 5 #07-26 Ang Mo Kio Ind.;567760;65-6481-3568;65-6556-4125;;;;;;;
4501;4233;;;Holland;AA Hoofddorp;;Graftermeenstraat 47 C;2131;31 (023) 554 3470;31 (023) 554 3474;;;;;;;
4500;4233;;;USA;Miami;FL;3701 NW 66th Ave.;33166;305-871-7160;305-871-1860;;;;;;;
4499;4233;;;USA;Springville;UT;1625 North 1100 West;84663;801-489-2101;801-489-2000;;;;;;;
4498;4233;;5;USA;Peachtree City;GA;473 Dividend Drive;30269;678-490-0142;678-490-0140;jcaldwell@wencor.com;;;;;;
4497;4232;;1;;;;;;5;580-920-0535;;;;APU Dale at 580-920-0535 or e-mail dowens@apsmro.com;;;
4496;4231;;2;;;;;;250-635-8153;250-635-8763 ext 242;;7;;DHC8;;;
4495;4230;;4;Jordan;;;;;0;0;;;;;;;
4494;4229;;4;;;;;;0;0;;;;;;;
4493;4228;;4;;;;;;305;305-640-9965;;;;;;;
4492;2491;;2;Azerbaijan;;;;;;;;7;13;;;;
4491;1830;;;USA;Boca Raton, FL 33432;;123 NW 16th Street;33432;;;;;;;;;12
4490;249;;;France;Vélizy Villacoublay;;Zone Aéronautique Louis Bréguet;78 140;;;;;;;;;12
4489;4227;;2;India;MAHIPALPUR EXT., NEW DELHI;;Materials Department, A-110, Road NO.5, NH-8;110037;0;0;;;7;our agent RAO Assoc.;;;3
4488;4226;;1;SWEDEN;Account Payable;VAXJO;Aircraft Services Division;SE-351 80;0;46-13-185840;;;;;;;2
4487;4225;;4;;;;;;0;0;;;;;;;
4486;4224;;3;;San Bernardino;CA;185 N. Leland Norton Way;92408;909-382-8503;909-382-8500;;;;;;;
4485;2330;;2;Spain;;;;;;;;;;;;;
4484;4167;;8;France;;;;;;;;;;owner Air Caraibes, Groupe Dubreuil;;;
4483;4223;;4;INDONESIA;;;;;0;0;;;;;;;
4482;2732;;2;Bermuda;Hamilton;;Clarendon House, 2 Church Street;HM11;;+1(202) 657-6012;;;7;Rusline/Volga Avia Express Airlines;;;2
4481;4222;;4;;;;;;0;0;;;;;;;
4480;4221;;4;;;;;;0;0;;;;;;;
4479;4220;;4;;;;;;0;0;;;;;;;
4478;4219;;4;;;;;;0;0;;;;;;;
4477;4218;;4;;;;;;0;0;;;;;;;
4476;4217;;4;USA;Fort Lauderdale;FL;1001 West Cypress Creek Road, Suite 302T;33309-1950;954-889-3758;954-889-6355;;;;;;;3
4475;4216;;4;;;;;;0;0;;;;;;;
4474;4215;;4;;;;;;0;0;;;;;;;
4473;4214;;2;UK;;;;;0;0;;;;"Also Broker; mother company Air Atlantique UK";;;
4472;;;;France;Paris;;23 Rue de la Folie Méricourt;75011;;;yogevl@yahoo.com;;;;;;
4470;4212;;4;;;;;;+ 27 (0) 86 515 02 22;27 (0) 11 462 9881;;;;;;;
4469;4211;;2;norway;;;;;;;geir.tveit@airlift.no;;17;;;;6
4468;4210;;2;finland;;;;;;;tours@heliwest.com.au;;11;;;;6
4467;4209;;2;estonia;;;;;;;;;11;;;;6
4466;2021;;;Singapure;CHANGI AIRFREIGHT CENTER;;C/O Sanpak PTE, Cargo BLDG E#3-19, 7 AIRLINE RD;819827;;;;;;bought SCA Maint. / Technics Dinard;;;3
4465;4208;;2;Finland;;;;;;;info@helitour.fi;;11;;;;6
4464;4207;;3;;;;;;44 1489 892740;44 1489 892740;;;;;;;
4463;4206;;4;;;;;;403;403-851-1135;;;;dhc8;;;
4462;4205;;1;USA;;;;;0;0;;;;;;;
4461;4204;;4;USA;;;;;0;0;;;;;;;
4460;1922;;;United Kingdon;Silver Jubilee Way, Cranford;Middelsex;C/O x-Pand International Frieght LTD.;TW4 6NF;;;;;;;;;12
4459;4203;;4;;;;;;561-900-7076;561-819-9911;;;;;;;
4458;2024;;2;Russia;;;;;;;;;;;;;
4457;4202;;3;;;;;;410-764-8413;1-845-290-0722;;;;;;;
4456;4201;;4;Australia;;;;;0;0;;;;;;;
4455;4200;;4;;;;;;0;0;;;;;;;
4454;4199;;4;;;;;;0;0;;;;;;;
4453;4198;;8;;;;;;3;3;;;;AERO MANAGEMENT INC TRUSTEE, DE purchased second ex-Comair CRJ100 (7158), joining the first (7159).;;;
4452;4197;;4;USA;Princeton;FL;25400 SW 140th Ave;33032;305.258.5953;305.258.5950;;;;http://www.silverwingsaerospace.com/;;;3
4451;1827;;;USA;Miami Lake;FL;6065 NW 167Th St.;33015;;305-698-0383;;;;;;;12
4450;4196;;2;CROATIA;;;;;0;0;;;7;;;;
4449;4195;;4;;;;;;0;0;;;;;;;
4448;4194;;2;sweden;;;;;;;nfo@arlandahelicopter.se;;17;;;;6
4447;4193;;2;romania;;;;;0040 268 476147;0040 268472537;cobrex@brasovia.ro;;11;;;;6
4446;4192;;2;Czech;;;;;;;office@alfahelicopter.cz;;17;;;;6
4444;4191;;11;India;MUMBAI;;#2&3,VARDHAMAN TOWERS, BHASKAR COLONY,NAUPADA-THANE;400602;;;;;7;works with GPS as well;;;3
4443;4190;;2;Netherlands;;;;;;;info@heliholland.nl;;11;;;;6
4442;4166;;2;Australia;;;;;;;sk.low@gbrhelicopters.com.au;;11;;;;6
4441;4189;;4;USA;Boca Raton;FL;1060 Holland Drive suite F;33487;561-241-5992;561-241-5982 ext. 216;;;;;;;3
4440;4188;;4;USA;;;;;305-408-8298;949-378-5256;;;;;;;
4439;4187;;4;USA;Pompano Beach;FL;2301 NW 33rd Court Suite 114;33069;954-979-8122;954-979-8130;;8;;;;;3
4438;4186;;4;;;;;;0;00;;;;;;;
4437;4185;;2;australia;;;;;;;info@helicharters.com.au;;11;;;;6
4436;4184;;2;australia;Perth Airport;WA;191 Fauntleroy Avenue;6105;08 9277 9511;08 9277 9044;enquiries@griffinheli.com;;11;;;;6
4435;4183;;2;australia;;;;;+61 2 6026 2441);+61 2 6026 2300;reception@forestair.com.au;;11;;;;6
4434;4182;;2;australia;Armidale;NSW;;2350;02 6772 7654;02 6772 2348;mail@fleethelicopters.com.au;;11;;;;6
4433;4181;;2;Australia;;;;;+61 2 9709 6943;+61 2 9709 6930;info@epsheli.com.au;;11;;;;6
4432;4180;;2;australia;Mudgee;nsw;347 Ulan Road;2850;02 63 720 822;02 63 727 622;;;11;;;;6
4431;4179;;2;australia;Thebarton;sa;31-33 Cawthorne Street,;5031;(08) 8352 4377;(08) 8352 4499;info@centralhelicopters.com.au;;11;;;;6
4430;4178;;2;Australia;kuranda;;719 speewah road;4882;+61 7 4069 213;+61 7 4069 2233;info@capeyorkhelicopters.com;;11;;;;6
4429;4177;;2;australia;broom international airport-cable beach;wa;airport administration building;6726;+61 8 9192 7499;+61 8 9192 7488;admin@broomehelicopters.com;;11;;;;6
4428;4176;;2;Australia;;VIC;"Bright   PO Box 338
Bright, Vic,";;(03) 5755 1029;0428 300 308;info@brighthelicopters.com.au;;11;;;;6
4427;4175;;2;Australia;;;;;+61 2 9700 7999;+61 2 9700 7888;info@blueskyhelicopters.com;;11;;;;6
4426;4174;;2;Australia;Bankstown Airport;NSW;Link Rd, Bankstown Airport;2200;+61 2 9790 5416;+61 2 9791 0500;;;17;;;;6
4425;4173;;2;Australia;;;;;+61 7 3252 3071;+61 7 3666 2666;nshea@austheli.com;;17;;;;6
4424;4172;;2;Australia;Essendon;Victoria;Hanger 81, Bristol Street,  Airport;3041;(+61 3) 9379 5949;(+61 3) 9379 6999;INFO@AUSJET.COM.AU;;17;;;;6
4423;4171;;2;Australia;Palmerston;;Stuart Highway, Noonamah NT;;;;;;17;;;;6
4422;4170;;2;AUSTRALIA;Caboolture;QLD;5/19 Lear Jet Drive;4510;+61 7 5495 8008;+61 7 5495 8000;info@airwork.com.au;;17;AIRLINE + WORKSHOP;;;6
4421;4169;;2;australia;Port Campbell;victoria;9400 Great Ocean Road;3269;03 5598 6080;03 5598 6161;info@12ah.com;;17;;;;6
4420;4168;;2;Australia;Bundall;Queensland;"Mirage Heliport
(D) Arm Marina Mirage
Seaworld Drive Main Beach";4217;(07) 5526 3730;(07) 5591 8457;info@goldcoasthelitours.com.au;;11;;;;6
4419;4165;;4;;;;;;770-910-7296;770-910-7196;;;;;;;
4418;4163;;1;;;;;;905;(905) 790-0244;;;;;;;
4417;2714;;;UK;Dorset;;10 Cobham Rd, Ferndown;BH21 7PE;44-1202-890992;44-1202-894 945;;;;;;;1
4416;4016;;2;Canada;;;;;;;;;17;;;;
4415;3895;;2;Philippines;;;;;;;;;;;;;
4414;4017;;2;Spain;;;;;;;;;;;;;
4413;4162;;2;Italy;;;;;;;;;17;;;;
4412;4161;;4;France;;;;;;;;;6;;;;
4411;4160;;4;;;;;;64 21 291 3638;64 4 479 3275;;;;Single Point Of Contact [singlepointtrading@gmail.com];;;
4410;4159;;1;;;;;;901) 396-0240;901) 345-9800;;;;;;;
4409;4158;;4;;;;;;305-626-9421;305-620-1145;;;;;;;
4408;4157;;1;United Staes;;;;;954-524-1986;954-525-5456;;;;;;;
4407;4156;;2;Philippines;;;;;0;0;;;;;;;
4406;423;;;France;Toulouse Cedex;;105 Avenue du General Eisenhower;31023;;;;;;LRU Sales address;;;12
4405;4155;;1;THAILAND;A.Pantong;Chonburi;700/160 Moo 1, T-Bankao;20160;66-3 8465075;66-3 8465073;;;;;;;3
4404;4154;;4;USA;Kikland;;;;0;0;;;;;;;
4403;4153;;2;;;;;;962-6-5866581;962-6-5866128;;;;;;;
4402;4152;;1;USA;Miami;FL;3501 NW 74 Avenue;33122-1233;305-463-9913;305-463-9960;;;;maxavionics.com;;;6
4401;4151;;8;TURKEY;;;;;0;0;;;7;Leasing company;;;
4400;4150;;2;Austria;;;;;43 51 22 2422633;43 51 22 2422;;;17;DO328 2ea;;;
4399;4149;;4;;;;;;0;0;;;;;;;
4397;1602;;1;australia;;;;;61-755-369255;61-755-369222;sales@completeavionics.com;;;;;;1
4396;2181;;2;Ukraine;;;;;;;;7;7;;;;
4395;706;;;France;Vélizy Cedex;Immeuble Etendard;36 Avenue de l'Europe B.P 254;78147;33 1 30 67 45 95;33 1 30 67 45 35;;;;;;;12
4394;3791;;;SPAIN;Madrid;;Edificio Air Comet, Bahía de Pollensa, 21-23;28042;;+34 91 203 63 00;;;;;;;2
4393;4148;;4;;;;;;302-529-5671;302-529-5670;;;;;;;
4392;4147;;4;;;;;;49;49 174 7260013;;;;;;;
4391;671;;;South Africa;33 KELLY ROAD JETPARK;CHLOORKOP;"C/O EWC EXPRESS
MEERHOF BLDG";;;;;;;B&H Forwarder in SA;;;8
4390;4146;;4;;;;;;214-244-1445;214-244-1445;;;;;;;
4389;4145;;1;Canada;Concord;ON;120 Villarboit Crescent;L4K 4K2;905)760 0730;905)760 0731;;;;;;;3
4388;4015;;2;Myanmar;;;;;;;;;;"http://www.mot.gov.mm/ma/index.html
state owned";;;
4387;4130;;6;USA;;;;;;;;;;PMA parts;;;
4386;4144;;3;;;;;;2;310-721-4223;;;;;;;
4385;1697;;;USA;PO BOX 931565;Atlanta;Barfield INC;31193-1565;;;;;;;;;2
4384;1441;;;Canada;Dorval;Quebec;"Hangar 2 - Store, Exeltech YUL
795 Boul. Stuart Graham Nord";H4Y 1E9;;;;;;;;;12
4383;4143;;2;Mauritania;Nouakchott;;14, Rue Mamadou Konaté;BP 4746;222 525 48 30;222 524 75 75;;;6;51 %  par TUNISAIR,;;;2
4381;4141;;2;Slovenia;;;;;0;0;;;17;;;;
4380;4140;;1;USA;;;;;5;516-868-7700 x313;16;;;;;;
4379;4139;;1;;;;;;905-672-8557;905-672-9939;;;;;;;
4378;4138;;3;;;;;;623) 505-3442;623) 505-3440;;;;;;;
4377;4137;;2;Argentina;;;;;1;1;;;3;;;;
4376;2404;;;Sal Island - Cape Verde;Espargos;;Aeroporto Internacional Amilcar Cabral-Concourse Hall – 1st floor;C.P. 142;;;;;;NIF: 251751570;;;2
4375;2404;;;Portugal;Lisboa;;Rua Embaixador Martins Janeira, 2C  1º dto;1769-018;;;;;;"SOLTROPICO
Attn: HALCYONAIR";;;12
4374;4136;;2;;;;;;31;31;;;17;"Amsterdam Airlines to provide Lido eFlightBag for A320s; startup is planned mid-'08";;;
4372;671;;;United Kingdom;West Drayton;Middlesex;1 Saxon Way Trading Estate, Harmondsworth;UB7 0LW;;44 20 8759 5544;;;;LONDON HEATHROW;;;12
4371;4134;;4;;;;;;30 210 9604221;30 210 9600821;;;;;;;
4370;4133;;1;USA;Dania Beach;FL;185 SW 20th Way, Ste S1;33004;954 929 7235;954 929 7233;;;;;;;3
4369;4132;;4;;;;;;0;0;;;;;;;
4368;4131;;4;;;;;;(65) 6338 9489;65) 6339 6055;;;;;;;
4367;4129;;4;USA;Swainsboro;Georgia;PO. Box 145;30401;478-237-0028;478-237-0020;;;;;;;6
4366;4128;;3;;;;;;1-800-777-4926;1-800-777-4926;;;;;;;
4365;4127;;4;USA;O'Fallon;Missouri;827 Texas Court;63366;636-812-3476;636-812-3324;;7;;;;;6
4364;4126;;2;;;;;;91-80 25213769;91-80 40444816;;;;;;;
4363;4125;;2;Poland;Warsaw;;;;1;1;;;3;;;;
4362;4124;;2;USA;;;;;1;1;;;;;;;
4361;4123;;2;;;;;;61;61;;;;SKYAIRWORLD, Australia leased new E190 (154) from GECAS, and plans to lease a second in 4Q08;;;
4360;4122;;2;;;;;;3;3;;;;"VTB LEASING, Russia agreed to purchase two A318s and two A319s , from
Frontier Airlines for lease";;;
4359;2129;;2;Mexico;;;;;;;;;;;;;
4358;4118;;8;;;;;;498025993636;49;;;;ENG  CFM56-3B;;;
4357;4117;;3;;;;;;62-21 80877989;62-21 80877989;;;;;;;
4356;4116;;4;;;;;;0;0;;;;;;;
4355;4115;;6;;;;;;(+39) 074267620;(+39) 074234751;;;;;;;
4354;3786;;1;;;;;;;;;;;;;;
4353;4114;;2;Germany;;;;;0;0;;;7;;;;
4352;924;;11;Switzerland;;;;;;;;;;No wagent for www.indaer.com;;;
4351;4113;;4;USA;Augusta;GA;;30906;800-891-1977;800-891-1977;;;;;;;
4350;4000;;;Singapure;Excelsior Hotel;;5 Coleman st. #B1-19;179805;65-6298-1320;65-6336-0255;;;;;;;2
4349;4112;;4;USA;Medley;FL;8226 NW South River Drive;33166;786-360-1827;786-360-1824;;;;;;;3
4348;4111;;6;;;;;;01 30 84 15 30;01 30 84 77 99;;;;;;;
4347;4110;;1;;;;;;55;55 21 2468 5013-5015;;;;ERJ 190 ENGINE APS2300;;;
4346;4109;;1;Denmark;Kastrup;;Amager Strandvej 392;DK-2770;45 3232 5504;45 3232 3987;;;;;DK 28501048;;3
4345;4108;;2;Ukraine;;;;;0;0;;;7;;;;
4344;4107;;2;;;;;;0;0;;;7;;;;
4343;4106;;2;;;;;;0;0;;;17;;;;
4342;4105;;3;USA;Miami;FL;12181 S.W. 129th Court;33186;1-305-251-2300;1-305-251-7200;;;;;;;3
4341;4104;;10;India;Belagondapalli, Hosur, Tamil Nadu;TN;Commercial MRO, Hangar 1 TAAL, Thally Road;635114;;;;;7;work with Jet Airways;;;3
4340;4103;;1;;;;;;608-836-5460;608-836-5450;;;;;;;
4339;4102;;4;;;;;;0;0;;;;;;;
4338;4101;;4;Israel;;;;;305;972;;;;Israel;;;
4337;4100;;4;;;;;;0;0;;;;;;;
4336;3836;;2;Germany;;;;;;;;;7;;;;
4335;4099;;4;;;;;;82-23-412-3622;82-17-377-6030;;;;;;;
4334;4098;;8;France;;;;;33 240 950 676;+33 240 950 114;;7;;;;;
4333;4097;;3;;Marble Falls;TX;;78654;830-693-4398;210-264-2180;;;;;;;
4332;4096;;4;;;;;;+302106635646;+302106635647;;;;;;;
4331;4095;;4;;;;;;0;0;;;;;;;
4330;4094;;1;;;;;;0;0;;;;;;;
4329;3934;;;MÉXICO;COLON, QUERETARO;;"C/O SAYMA AGENCIA ADUANAL
 CARR. ESTATAL 200 #22500 BODEGA 9 Y 10";CP 76720;;;;;;;;;12
4328;4065;;;New Zealand;37 Arney Street;Greymouth;c/o Smith Speed & Spares;;;;;;;;;;12
4327;630;;;USA;Miami;FL;1501 NW 15TH ST;33126;305-463-7868;305-470-0187;;;;;;;
4326;4092;;3;;;;;;720-535-6819;720-212-7369;;;;;;;
4325;4091;;1;;;;;;305.969.4844;305.969.5558;;;;;;;
4324;4090;;4;;;;;;772 380 4587;772,343,9711;;;;;;;
4323;4089;;4;;;;;;0;0;;;;;;;
4322;4088;;3;;;;;;T 954-578-70038;T 954-578-7003;;;;;;;
4321;799;;;Canada;"Building 7, Gate 2 Entrance
DORVAL";QUEBEC;"ACTS Aero Technical Support & Services
C/O Station 29";H4Y 1C2;;;;;;;;;5
4320;4087;;1;;;;;;9221 4547455;9221 4529056;;;;paes@paes.com.pk, arif_paes164@yahoo.com, mjalil@yahoo.com;;;
4319;2429;;;SINGAPORE;Richfield Indu. Center;;C/O BEE Express Pte, 122Eunos Ave 7 # 01-12;408575;;65-6747-8843;;;;;;;3
4318;4085;;4;;;;;;303-449-1221;303-449-1003;;;;;;;
4317;4084;;1;USA;;TX;2701 Forum Drive, Grand Prairie, Texas;75052-7099;972;972 641 3687 or 800 873 0001;;;;;;;
4316;4083;;4;;;;;;3;3;;;;;;;
4315;3825;;;Poland Sp.zo.o;Warszawa;Federal Express;35 Wirazowa St 02-158;;;;;;;;;;5
4314;1604;;;Miami, USA;7429 NW 50th Street,;FL;c/o Freeport Freight Fwdrs;33166;;;;;;;;;12
4313;4082;;2;;;;;;55 11 3375-8453;55-11- 3375-8454;;;;;;;
4312;4081;;3;;;;;;714-438-0665;714-438-0660;;;;;;;
4311;4080;;4;;;;;;91 11 26387676;91 11 26387576 26387675;;;;;;;
4310;4079;;1;;;;;;615-459-0656;615 355 9970;;;;;;;
4309;1745;;;Germany;Dortmund;Gebäude E / EG;Flughafen Dortmund Luftfahrzeughalle 3.3;44319;;;;;;;;;5
4308;4078;;4;;;Zhuhai;Room 402 Hongta Bldg No 244;519015;86-756-3957124;86-756-3361002;zhanglily2@gmail.com;;;;;;
4307;4077;;4;USA;Santa Monica, California;;2100 Pennsylvania Ave.;90404;0;0;;;;;;;3
4306;4076;;4;Spain;Madrid;;C/ Orense, 62-3oC;28028;34-902-947-432;;;;;;;;3
4305;4075;;4;;;;;;0;0;;;;;;;
4304;4074;;1;;;;;;31 20 316 1777;31 20 316 1730;;;7;;;;
4303;2047;;;Australia;Pinkenba;QLD;Po Box 108;4008;;;;;;;;;2
4302;4073;;4;;;;;;301-384-0889;301-384-7900;;;;;;;
4301;4014;;2;Latvia;Riga;;;;;;;7;14;;;;
4300;1496;;;Czech Republic;"JANA KAŠPARA 1/1069; PRAHA 6";;CENTRALNI EVIDENCE FAKTUR;160 08;;;;;;;CZ27145573;;2
4299;4072;;1;;;;;;0;0;;;;;;;
4298;4071;;1;USA;Miami;FL;2561 NW 74th Avenue;33122;305-477-4802;305-477-4063;;;;;;;5
4297;4070;;4;;;;;;0;0;;;;;;;
4296;993;;1;USA;;;;;;;;;;Challenger;;;
4295;3861;;;SRI-LANKA;KATUNAYAKE/ COLOMBO;;MIHIN LANKA PVT., LTD, ENGEENIRING & MAINT DPT, PIER BLD BIA;;;;;;;ATTN: WIJITHA FERNANDO;;;12
4294;4069;;1;USA;;;;;561.989.3844 Fax 561.997.9948;561.989.3844 Fax 561.997.9948;;;;;;;
4293;4068;;4;USA;Parkland;FL;6640 Stratford Drive;33067;954-796-4427;954-796-7622;;;;;;;3
4292;4067;;4;;;;;;954) 333-8958;954) 333-8938;;;;F.I.R.M.-Future Inventory Repair Management;;;
4290;4066;;2;Indonesia;;;;;3;3;agung.widodo@Travira-Air.com;;17;TRAVIRA AIR, Indonesia acquired ex-Flybaboo Dash 8-300 (549).;;;6
4289;4065;;2;New Zealand;Greymouth;;189 Heaphy Rd, Private Bag 611;7840;03 738 0212;03 738 0224;;;17;;;;5
4288;4064;;4;;;;;;008620-83631206;008620-83631203;;;;;;;
4287;4063;;4;Belgium;;;;;32;32495322306;;;;md80 parts;;;
4286;4062;;4;;;;;;321;321) 773-5457;;;;;;;
4285;4061;;1;;;;;;0;0;;;;;;;
4284;4060;;4;usa;;FL;;;305;305;;;;;;;
4283;3134;;;USA;Atlanta,;GA;574 Airport South Parkway, Suite 200;30349-8604;;;;;;;;;5
4282;4059;;4;;;;;;91-11-24318487;91-11-24374041;capt_pandey@yahoo.com;;;;;;
4281;4058;;4;USA;;;;;1;1-954-607-3237;;;;;;;
4280;3286;;;Italy;Via Bernini  101;Napoli;WIND srl;80129;39.081.578 63 50;39.081.558 66 13;;;;;;;2
4279;4057;;1;USA;Deerfield Beach;FL;3248 W Hillsboro Blvd;33442;954 333-8958;954 333-8938;;7;6;;;;3
4278;4056;;4;;;;;;553132211194;553132215215;;;;;;;
4277;1639;;;USA;Windermere;Fl;10650 Chase Rd Building 5;34786;;;;;;;;;3
4276;2050;;;South Africa;Bedfodview;;"C/O Aero Management Services
Pellmeadow Park, Block B, 60 Civin Dr.";2007;;;;;;;;;2
4275;2289;;;USA;Miami;FL;"C/O Ana L. Sanchez; 17530 NW 68th Ave. Suite C-2003";33015;;;;;;;;;3
4274;4055;;9;USA;Elk Grove Village;IL;2351 Brickvale Ave;60007;(847)956-0848;(847)956-0800;;;;;;;5
4273;4054;;8;Sri Lanka;Katunayake Colombo;;Eng & Maint. Dept. peir build. BIA;;00;00;;;;;;;5
4272;1882;;;USA;North Miami Beach;FL;2079 N.E 155th street;33162;;;;;;;;;5
4271;4053;;9;France;ROISSY C.D.G CEDEX;;3 RUE DU TE-BAT 3442 AB-BP 10066;95723;0;0;;;;;;;
4270;3861;;;TURKEY;Istanbul;;ATATURK AIRPORT, Gate B Tesilkoy;;;;;;;;;;5
4269;4052;;4;;;;;;0;0;;;;;;;
4268;4051;;4;;;;;;0;0;;;;;;;
4267;4050;;4;USA;;;;;0;0;;;;;;;
4266;4049;;4;;;;;;0;0;;;;;;;
4265;4048;;7;;;;;;441773821252;441773821447;;;;;;;
4264;3505;;;USA;Bloomfield,;CT;110D West Dudley Town Road;06002;(860) 242-2442;(860) 242-2662;info@innodynesystems.com;;;;;;1
4263;3505;;;;;;;;;;;;;;;;
4262;4047;;4;Lebanon;Beirut;;"General Aviation Terminal - Hariri Int'l Airport; P.O. Box13-5051";565654;+961-1319-905;+961-3656-550;;;;Trans Mediterranean Airways (TMA);;;3
4261;4046;;4;;;;;;0;0;;;;;;;
4260;3684;;4;;;;;;;;;;7;;;;
4258;3809;;3;USA;;;;;;;;;;;;;
4257;4045;;1;;;;;;0;0;;;;;;;
4256;4044;;4;;;;;;0;0;;;;;;;
4255;4043;;1;USA;Livonia;MI;28919 W 7 Mile Road;48152;305-647-0273;305-764-0285;;;;;;;3
4254;4042;;1;;;;;;0;0;;;;;;;
4253;4041;;3;Malaysia;Subang Jaya, Selangor;;No.13-5, Jalan USJ 9/5Q,;47620;;;;;;"No.13-5, Jalan USJ 9/5Q,
Subang Business Center,
47620 Subang Jaya,
Selangor, Malaysia";;;
4252;4040;;4;;;;;;0;0;;;;;;;
4251;4039;;2;Sweden;;;;;2;2;;;;;;;
4250;4038;;8;;;;;;44;44;;;;;;;
4249;4037;;2;Kenya;Nairobi;;748 Plaza, Langata Road, POB 53012-00200;;2;2;;7;7;, Kenya acquired ex-Caribbean Star Dash 8-100 (268) from Bombardier Aerospace;;;3
4248;4036;;8;;;;;;32;32;;;;"Babcock & Brown Air) purchased two A319s (1378/1391; leased to US Airways) from RPK Capital.";;;
4247;4035;;3;;;;;;954-227-5166;954;;;;;;;
4246;2880;;;;;;;;;;;;;;;;
4245;4034;;1;USA;Sanford;FL;1143 E. 30 Street;32773;;;;;;;;;
4244;3131;;1;USA;FT LAUDERDALE;Florida;3200 West Prospect Rd Suite 140;33309;(954) 625-3102;954-625-3907;mdalton@aviall.com;;;wheel & brake shop Ft Lauderdale;;;5
4243;4033;;1;;;;;;954-497-0190;954-497-0100;;;;;;;
4242;4032;;2;Jordan;Amman;;;;96-265626005;96-265626001;;;17;;;;
4241;4031;;6;;;;;;0;0;;;;;;;
4240;4030;;2;UK;;;;;;;;;;;;;
4239;4029;;1;;;;;;305-622-4547;954-330-6368;;;;;;;
4238;3230;;;Ireland;Shannan Free Zone;;"C/O Clara Ireland
Unit 10/11 Distribution Centre";;35 3 61 474632;35 3 61 474800;;;;;;;12
4237;4028;;6;;;;;;44 (0)1202 597555;44 (0)1202 597597;;;;;;;
4236;1304;;2;;;;;;;;;;7;;;;
4235;4027;;1;USA;;;;;318;318.603.4900;;7;;COMPOSITE;;;
4234;3978;;3;Spain;;;;;;;;;;;;;
4233;4026;;8;France;;;;;01 49 02 27 41;(01) 49 02 20 00;;;;www.cofacescrl.com 77538000 atr42. AccordExpr for Invoice LESS then 10000 Eur;;;
4232;4025;;1;;;;;;44(0)1928 579626;44(0)1928 532600;;;;L/G OH + BRAK wheels;;;
4231;4024;;4;;;;;;718-228-6515;718-228-6515;;;;;;;
4229;4023;;1;United Arab Emirates;;;;;0;0;;7;7;;;;
4228;4022;;1;;Canada L4K 4Y2;;45 Corstate Ave Concord, ON;;905-660-1714;905-660-4462;;;;www.world-aviation.ca;;;
4227;4021;;3;USA;Carrolton;TX;1615 Diplomat Dr. Suite 100;75006;972-241-0073;972-241-1071;;;;;;;3
4226;4020;;3;USA;;;;;714-850-9168;714-986-5790;;;;;;;
4225;4019;;4;USA;Sunrise FL;;10301 NW 50th Street, Suite 103;33351;0;;;;;;;;3
4224;4013;;4;;;;;;0;0;;;;;;;
4223;4012;;1;USA;Dallas;TX;1235 Profit Drive.;75247;214-678-9984;1214-678-9976;;7;8;;;;3
4222;4011;;4;;;;;;0;0;;;;;;;
4220;4009;;3;;;;;;33298255168;33298255168;;;;Voice like Luka Ex BAX;;;
4219;4008;;1;;;;;;0;0;;;;RADOMS;;;
4218;4007;;9;;;;7429 N.W. 50 STREET;;305;305-591-3815;;;;;;;
4217;4006;;6;;;;;;39;39;;;;;;;
4216;4005;;2;Luxembourg;Bertrange;;2, rue Pletzer;L-8080;+352 26 34 00 51;+352 26 34 231;info@westair.lu;;14;atr72-200 msn 27 LX-WAB;;;
4215;3853;;2;Spain;;;;;;;;7;3;;;;3
4214;4004;;1;;;;;;0;0;;;;;;;
4213;3314;;;CURACAO,  Netherlands Antilles;WILLEMSTAD;;C/O SWISSPORT CARGO, HATO INTL AIRPORT;;;;;;;;;;3
4212;1258;;;USA;MIAMI;FL;"C/O TRANSWAY LOGISTIC 
2205, N.W. 70 AVENUE";33122;;;;;;;;;8
4211;4003;;4;;;;;;0;0;;;;;;;
4210;3934;;2;Mexico;Querétaro;;Acceso V. No. 106 Frac. Desarrollo Montaña 2000, Secc. III;76138;;;;6;8;Has power by the hour with Barfild and sabena. Trade Name  Regional Cargo;;;2
4209;4002;;1;;;;;;305-594-1842;305-594-7799;;;;;;;
4208;2825;;;UK;Bristol;;Brabazon Hgr. Filton Aerodrome, Golf lane;BS99 7AR;;;;;;;GB 891 718 389;;3
4207;4001;;4;;;;;;954;954-732-8772;;;;;;;
4206;4000;;4;Singapure;No.9 Airline RD. #02-25;Box 898 Changi airfreight center;QQ Gentrans Express PTE LTD;918114;6221-5663027;62-811157120;;;;;;;3
4205;3999;;2;;;;;;0;0;;;;;;;
4204;3998;;4;Jordan;Amman;;;;0;0;;;;;;;
4203;3997;;1;;;;;;44 161 928 4393;44 161 928 4989;;;;brakes@skywheelsgroup.co.uk;;;
4202;3996;;4;USA;;;;;0;0;;;;;;;
4201;3995;;6;;;;;;0;0;;;7;;;;
4200;3994;;4;;;;;;0;0;;;7;;;;
4199;3993;;4;serbia;;;;;3;3;;9;;;;;
4198;3992;;3;Canada;;;;;0;0;;;;;;;
4197;3944;;2;Dutch Caribbean;Oranjestad ARUBA;;Sabana Blanco 70-e, suite 6;;;;;;8;;;;3
4196;3991;;4;;;;;;800-450-3143;954-644-9877;;;;;;;
4195;3990;;1;Czech Republic;;;;;0;0;;;7;;;;
4194;3989;;1;;;;;;0;0;;;;;;;
4193;3988;;4;;;;;;0;0;;;;;;;
4192;3987;;1;;;;;;0;0;;;;;;;
4191;3986;;4;;;;;;0;0;;;;;;;
4190;3985;;2;Mongolia;Ulaanbaatar;;4F, 8 Zovkhis Building, Seoul Street;211213;(976-11)-314258;(976-11)-313689;feedback@eznis.com;;7;www.eznis.com;;;
4189;3984;;6;;;;;;04 50 65 32 91;04 50 65 30 00;;;;;;;
4188;3983;;4;;;;;;0;0;;;;;;;
4187;3982;;4;;;;;;0;0;;;;;;;
4186;3981;;4;;;;;;0;0;;;;;;;
4185;3980;;1;;;;;;49-8031-1878-78;49-8031-1878-0;;;;;;;
4184;3979;;1;;;;;;+8675526867371;86-755-26867375 26867376;;;;;;;
4182;3977;;1;;;;Vibæk Strandvej 9, Ebeltoft;8400;45 8752 1718;4587521717;;;;;;;
4181;2778;;;Finland;SEINAJOKI;;PO BOX 800;FIN-60101;;;;;;;;;2
4180;3976;;3;USA;;Boca Raton;;FL 33487;1-561-241-3604;1-561-241-3601;;;;;;;
4179;3975;;3;;;;;;520-878-0112;520-878-0105;;;;;;;
4178;3974;;4;;;;;;33;33 4.93.40.78.78;;;;;;;
4177;364;;2;USA;;NC;;;;;;;3;;;;6
4176;3933;;2;Lebanon;;;;;;;;;;;;;
4175;3581;;1;USA;Harbor city;CA;25930 Belle Porte Ave;90710;;310-891-0300;;7;4;;;;13
4174;3932;;3;France;;;;;;;;;;;;;
4173;3973;;4;;;;;;0;0;;;;;;;
4172;3972;;4;;;;;;0;0;;;;;;;
4171;3971;;1;UK;Hampshire;;Nevil Shute Road, Portsmouth;PO3 5RX;44 (0)23 92657771;44 (0)23 9265 7770;;;;Proptech is a trading division of CSE Bournemouth Limited;;;
4169;3970;;3;France;;;;;01-7079-0415;08-7796-2210;;;;;FR63489750786;;
4168;3969;;1;;;;;;0;0;;;;;;;
4167;3931;;9;France;;;;;;;;;;;;;
4166;3968;;4;;;;;;865-354-8443;-865-354-8442;;;;;;;
4165;3967;;2;;;;;;0;0;;;;;;;
4164;3966;;2;South Africa;;;;;+2711 659-1003;+2711 516-2324;;;;;;;
4163;3965;;2;;;;;;+33 (0)5.34.57.23.00;+33 (0)5.34.57.23.23;;;;Service des Avions Français InstrumentéS pour la Recherche en Environnement;;;
4162;3963;;2;Australia;;;;;;;;;3;Cairns, Australia purchased ex-Polynesian Airlines Dash 8-100;;;
4161;3962;;3;;;;;;704-6980310;704-6980305;;;;;;;
4160;3961;;3;;Valparaiso, In  46384;IN;;46384;219-477-2621;219-464-2716;bbolin@sage-popovich.com;;;;;;
4159;3960;;3;;;;;;61-299971083;61-299978166;;;;;;;
4158;796;;;France;Rue De pave Zone no6;Charles De Gaulles Airport;"PIA Cargo Manager
Pakistan International Airlines Corporation";;170070067;170070079;;;;;;;12
4157;3959;;2;;;;;;954-359-4380;954-332-0545;;;;;;;
4156;3958;;6;;;;;;0241 33 63 63;0241 33 63 40;;;;;;;
4155;3957;;4;USA;;;;;1;1;;;;;;;
4154;3956;;4;;;;;;949-722-6492;949-722-6392;;;;;;;
4153;3955;;6;;;;;;(330) 296-5532;(330) 296-9621;;;;;;;
4152;3954;;5;;;;;;1-305-234-0820;1-305-251-5710;;;;;;;
4151;3953;;4;Nepal;Kathmandu;;2/69, Sanepa, Lalitpur;;977-1-5554155;977-1-5554515;;;7;;;;3
4150;3952;;1;Brazil;;;;;55 11 5044 - 1057;55 11 5044 - 3423;junior@navyaerospace.com;7;3;www.navyaerospace.com // junior@navyaerospace.com;;;
4149;3951;;6;;;;;;1;1;;;;;;;
4148;3950;;3;;;;;;40 21 7450098;40 21 7450099;;;;;;;
4147;3949;;4;;;;;;55 11 5031 5341;55 11 5031 4993;;;;;;;
4146;3948;;2;Portugal;;;;;1;1;;;17;;;;
4145;3947;;1;;;;;;1;1;;;;;;;
4144;3946;;4;Singapore;#05-12 Ubi Centre;;57 Ubi Avenue 1;408936;65-67468006;65-67491009;;;;;;;
4143;3945;;10;;;;;;7;7;;;17;Ameco provides complete maintenance services for the entire fleet of Air China Limited;;;
4142;3943;;1;USA;;;;;305-891-9059;305-891-9048;;;;;;;
4141;3942;;3;;;;;;847-740-2251;847-740-2216;;;;;;;
4140;3941;;3;;;;;;1-305-255-8840;1-305-255-3988;;;;;;;
4139;3940;;3;;;;;;252-527-9107;252-526-9677;;;;;;;
4138;3939;;4;;;;;;901-396-0240;901-345-9800;;;;;;;
4137;1258;;;USA;2205 NW 70th Avenue Miami;FL;C/O Transway Logistic;;;;;;;;;;7
4136;2066;;;Sweden;Gistgardson;Nyland;Kramfors Solleftea Flygplats;870 52;;;;;;;;;10
4134;3938;;6;;;;;;44-1242-661-661;44-1242-673-333;;;;;;;
4133;2008;;1;;;;;;;;;;;;;;
4132;622;;;USA;Addison;TX;4726 George haddaway drive;75001;;;;;;;;;12
4131;3937;;4;;;;;;65-6561-9798;65-6561-5768;;;;;;;
4130;3936;;4;China;;;;;86-21-64263093;86-21-64261053;;;;;;;
4129;1947;;;UK;Matchams lane;Dorset;Bournemouth Int Airport C/O FR Aviation;BH236NE;;;;;;;;;12
4128;3935;;3;USA;;;;;7;7;;;;;;;
4127;3929;;10;;;;;;8;8;;;17;;;;
4126;2312;;;Australia;Garbutt;QLD;PO Box 7191;4814;TBA;1300 MACAIR;;;;;;;2
4125;3928;;4;USA;Henderson;Nevada;2657 Windmill Pkwy. Suite 341;89074;702-765-0456;702-765-0456;;;;;;;
4124;3927;;4;;;;;;4;4;;;;;;;
4123;3926;;4;;;;;;954-252-2471;954-304-7174;;;;;;;
4122;3925;;3;USA;;;;;973-779-4355;973-779-8122;;;;;;;
4121;3924;;4;;;;;;1;1;;;;;;;
4120;3923;;2;;;;;;1-206-812-9511;206) 812-9584;;;;;;;
4119;3922;;4;;;;;;8;818-509-8583;;;;;;;
4118;1054;;;Canada;Dorval;Quebec;"C/O Exeltec aerospace 
795 Stuart Graham North BLVD.";H4Y 1E9;;;;;;;;;12
4117;2772;;;Republic of Maldives;MALE;;P.O.Box 2079 GPO;;+960 323 161;+960 325 708;;;;;;;2
4116;3921;;3;;;;;;206-203-1711;561-707-3828;;;;cell 561-255-3316;;;
4115;3920;;4;Philippines;;;;;632-852-0508;632-833-3855;;;;;;;
4114;3919;;7;USA;;;;;;;;7;3;;;;6
4113;3918;;4;USA;;;;;612;612-386-4384;;;;;;;
4112;3917;;2;;;;;;390331301875;39;;;;;;;
4111;3916;;4;;;;;;58-212-976-5947;58-414-310-11-68;;;;;;;
4110;2025;;;China;Kwai Chaung, N.T;Hong Kong;C/O Hellmann ,Units 210, Hutchison- 18 Cont. Port Rd.South;;852 27954685;852 27975000;;;;Mr. Jimmy Cheung.;;;3
4109;3915;;3;;;;;;212-591-6354;866-762-3495;;;;;;;
4108;3914;;3;usa;;;;;p;p;;;;;;;
4107;3913;;4;;;;;;1;1;;;;;;;
4106;3912;;6;;;;;;949-975-0532;949-261-1717 (Ext. 11);;;;;;;
4105;3911;;4;;;;;;1;1;;;;;;;
4104;3910;;6;;;;;;1;1;;;;;;;
4103;3909;;4;;;;;;65-6476-3915;65-6476-3904;;;;;;;
4102;3908;;3;;;;;;305-949-9906;305-949-4644;;;;;;;
4101;3907;;4;Singapore;WCEGA Plaza;;1, Bukit Batok Crescent #07-09,;658064;65-6-234-2609;65-6-559-9591;;;;;;;3
4100;2066;;;Denmark;Hangar 302 CPH Airport, Dragoer;;C/O DAT Maintanence;DK-2791;;;;;;DK-6705 ESBJERG;;;11
4099;2047;;;Australia;ARCHERFIELD AIRPORT;QLD;Jetline Engineering, Hangar 6;4108;;;;;;;;;12
4098;277;;;The Netherlands;Zevenaar;;Hengelder 22;6902 PA;;31 316 59 21 50;;;;New address NedAero Components B.V.;;;5
4097;3906;;4;;;;;;1;1;;;;;;;
4096;3905;;4;;;;;;410-884 -7810;410-884 -1325;;;;;;;
4095;3904;;1;USA;Southlake;TX;1200 N. Kimball Ave.;76092;817 488 8918;817 481 8205;;7;4;;;;
4094;3903;;5;;;;;;33(0)1 64 11 30 64;33 (0)1 64 11 33 22;;;;"Company specialize in the planes insectiside staff 
Recommended by ATR";;;
4093;2214;;;USA;MIAMI;FL;"C/O Elena 
17530 NW 68th Avenue; Suite C-2003";33015;;;;;;;;;3
4092;3902;;2;;;;;;0034 649;34 649 47 30;;;;;;;
4091;3901;;4;Panama City Panama;;;;;2;1514-967 2227;;;;;;;
4090;2189;;;;;;;;;;;;;DBA AVCOM TECHNOLOGIES;;;
4089;3900;;3;;;;;;954;954;;;;;;;
4088;3899;;3;;;;;;513-463-0044;513-942-4541, Ext. 123;;;;;;;
4087;3898;;3;;;;;;445601163171;441753676628;;;;;;;
4086;3897;;4;;Doral;FL;10455 N.W. 37th Terrace;33178;305-513-0419;305-599-1108;;;;;;;3
4085;3896;;1;USA;Wellington;KS;411 N. West Road;67152;620-326-2999;620-326-2235;;;;;;;
4083;3894;;6;;;;;;1;1;;;;;;;
4082;2438;;;Pakistan;Islamabad;;Ground Floor, Saudi Pak Tower, Blue Area;44000,;+92-51-280 0173;+92-51-111 247 258;;;;;;;2
4081;3893;;3;USA;;;;;858-571-6072;858-571-7074;;;;;;;
4080;3892;;4;UK;;;"26 York Street
London,     W1U 6PZ";;44 207 788 9635;44 207 788;;8;;"http://www.worldairexpress.co.uk. Http://www.gfm-corp.com Registered in Nicosia
Cyprus";;;
4079;3791;;2;SPAIN;MADRID Aerop Barajas;;Logística, Centro de Carga Aérea N19;28042;+34 91 748 04 24;+34 91 748 04 11;logistics@aircomet.com;7;7;;ESA-81614489;;3
4078;3891;;4;;;;;;44 (0) 1342 314414;44 (0) 1342 314414;;;;;;;
4077;3890;;3;;;;;;954-796-3872;954-796-3056;;;;;;;
4076;3889;;4;China;;;;;1;1;;;;;;;
4075;511;;;France;Orly (Aeroport);;C/O MAG Servisair, Bat. 351 fret;94399;;01 49 75 91 41;;;;;FR73421393208;;12
4074;3888;;10;France;;FR;AERODROME MONTPELLIER MEDITERRANEE, Hangar Air Lit;34130;1;1;;;;;;;
4073;3887;;3;United Arab Emirates;DUBAI;FR;;34130;1;1;;;;;;;
4072;3886;;2;Cayman Island;;FR;;34130;1;1;;7;7;;;;
4071;3885;;10;;;FR;AERODROME MONTPELLIER MEDITERRANEE, Hangar Air Lit;34130;1;1;;;;;;;
4070;133;;;USA;Chandler;AZ;4340 W. Chandler Blvd., Suite 8;85226;;;;;;Satellite Sales Office;;;1
4069;133;;;USA;Walnut Ridge;AR;250 North Lear Road;72476;;;;;;Disassembly;;;5
4068;133;;;USA;Dacula;GA;3816 Coralberry Way;30019;;;;;;Satellite Office;;;9
4067;3884;;4;;;;;;1;1;;;;;;;
4066;3883;;4;;;;;;1;1;;;;;;;
4065;3882;;1;Brazil;;Rio do janeiro;Av. Bras de pina, 854 Gr. 302 Penha Circular;21221-060;55 21 3341 8144;55 21 3341 8127;;7;;;;;
4064;3881;;4;USA;PORT CHARLOTTE FL.;;19800 VETERANS BLVD. SUITE B5;33954;1;1;;;;;;;
4063;3880;;4;;;;;;1;1;;;;;;;
4062;3879;;12;;;;;;52;52;;;;ATR42/ESN 168 Purch by Magellan A/C services  & was sold to NTE and was TearDown at TYR Aviation;;;
4061;3878;;3;USA;;;;;305-418-1921;305-592-9522;;;;;;;
4060;3877;;5;;;;;;+44 1373823042;+44 1373823415;;;;;;;
4059;3876;;4;;;;;;3;305-620-4865;;;;;;;
4058;3875;;5;;;;;;99;11;;;;;;;
4057;3874;;4;France;;;;;33-4-490-910-109;33-4-490-435-656;;;;;;;
4056;3873;;6;;;;;;12;12;;;;;;;
4055;3872;;4;;;;;;305 681 4941;305 681 4877;;;;;;;
4054;3871;;4;USA;DAVIE;FL;4980SW 52nd St. Bay # 118;33314;954-791-9401;954-791-8511;;;;;;;
4053;3870;;4;USA;;;;;949-752-8757;949-752-5757;;;;;;;
4052;3869;;3;;;;;;407-540-9364;561-703-5034;;;;;;;
4051;3868;;4;;;;;;111;111;;;;;;;
4050;3867;;4;USA;;Miami;;;305-395;305-395-3201;;7;;;;;
4049;3866;;2;Portugal;;;;;222;111;;;7;;;;
4048;3865;;2;;;;;;&&;&&;;;;;;;
4047;3864;;4;;;;;;602;602-324-2931;;;;;;;
4046;2440;;;USA;Dorel;FL;Aviateca C/O Aviotrade INC.8004 NW 68TH St.;33166;;;;;;;;;12
4045;3863;;4;;;;;;945-538-3234;954-538-2045;;;;;;;
4044;3862;;2;;;;;;90-242-330-3442;90-242-330-3521;;;;B737;;;
4043;3861;;2;TURKEY;Istanbul;;Dunya Ticaret Merkezi A3 Block Kat:5 Yesilkoy;;+90 212 465 47 58;+90 212 465 40 55;;;17;;;;2
4042;3860;;2;K?rg?z Republic;Bishkek;;144, Kievskaya st.;;(996312) 611261;(996312) 611260;;7;3;;;;
4041;3859;;3;;;;;;760-530-0338;760-530-0071;;;;;;;
4040;3858;;4;;;;;;55 11 5082-5175;55 11 2157-8648 o 5082-5175;;;;www.brasilinternational.com.br;;;
4039;3857;;2;;;;;;9;9;;;;;;;
4038;1312;;;NETHERLANDS;HOOFDDORP;;KRUISWEG 705;2132 ND;;31-20-655-2222;;5;;;NL001511026B01;;3
4036;3834;;2;USA;;;;;;;;7;3;;;;
4034;3856;;1;USA;Groveland;FL;15380 CR 565A Suite G;34736;352-241-7682;352-241-7684;;;;;;;
4033;341;;2;UK;Coventry;;Hangar 6, Coventry Airport;CV8 3AZ;;;;7;;;900 345 468;;3
4032;3855;;2;UK;Cirencester;;Unit 3 Trafalger House Kemble Airfield Enterprise park;GL7 6BQ;44 1285 770770;44 1285 770773;;7;;;;;3
4031;3854;;2;UK;;;;;;;;;;Air owned White Eagle;;;
4029;3852;;4;USA;;;;;954-337-4653;561-308-5926;;;;www,caamsllc,com;;;
4028;3851;;1;;;;;;469-272-9739;469-272-9737;;;;;;;
4027;3850;;3;USA;Miami;FL;7212 NW 25TH ST;33122;305-685-6863;305-477-8614;;8;6;;;;3
4026;3849;;4;;;;;;01;01.45.43.45.53;;;;;;;
4025;3848;;1;;;;;;2;1;www.mesa-technics.com;;7;;;;
4024;3847;;4;;;;;;305-971-9202;305-971-9001;;;;;;;
4023;3846;;4;;;;;;206-309-0961;321-373-6833;;;;;;;
4022;3845;;4;USA;Flat Rock;NC;;28731;;828-698-7490;;;;;;;3
4021;3844;;6;US;;;;;+1 (305) 774 4465;+1 (305) 774 4400;;;;;;;
4020;3843;;4;;;;;;619-267-9424;619-267-0047;;;;;;;
4019;3842;;3;United States;;;;;1-360-453-2302;1-360-453-2300;;;;;;;
4018;3838;;2;Bangladesh;;;;;;;;7;;;;;
4017;3611;;2;BULGRIA;;;;;;;;7;7;May 2009: They have a pool and very few suppliers of which they are obliged exclusivity. OK for BC;;;
4016;2473;;1;USA;;FL;;;;;;;;;;;
4015;3841;;4;USA;;;;FL;321-574-0443;321-574-0488;;;;;;;
4014;3840;;1;;;RENO NV;3555 airway Dr STE350;89511-1847;775-852-6622;775-852-5552;;;;;;;
4013;3839;;4;;;;;;44-1342-837320;44-1342-837300;;;;;;;
4012;3837;;6;;;;To be advised;;;+33 (0)1 8283 5378;;;;;;;3
4011;3782;;3;USA;;;;;;;;;;;;;
4009;3835;;1;;;;;;31 (0) 20 540 8899;31 (0) 20 540 8892;;7;7;A320 Maintenance Line;;;
4008;1384;;;ST. MAARTEN;Grand Case;;Grand Case Airport;AN 97150;;;;;;;;;12
4007;3833;;2;Sweden;;;;;;;;;;;;;
4006;2404;;;REPUBLIC OF CAP VERT;SANTIAGO ISLAND;;"PRAIA INTERNATIONAL AIRPORT
CARGO AEREA P.O.BOX 0641";;;;;;;;;;
4005;3832;;4;;;;;;60-7-7993298;60-7-7993998;;;;F50;;;
4004;3831;;7;Spain;;;;;34-60 938 4171;34-609384171;;;;;;;
4003;3830;;2;;;;;;31206557345;31 6 23927648;;;17;AOG FOR QTY 2EA V2527A5 ENGINES A320;;;
4002;3829;;4;;;;;;27-11-8243870;27-11-8278204;;;;;;;
4001;3828;;3;;;;;;305-884-1388;305-884-1313;;;;;;;
4000;3827;;5;;;;;;610-264-5999;610-264-5490;;;;;;;
3999;3826;;3;;;;;;1-305-463-9519;1-305-463-9510;;;;;;;
3998;3825;;2;Lithuania;Vilnius;;J. Jasinskio 16b;LT-01112;+370;+370 5 252 6588;support@aeroservisas.lt;7;6;Under Airline Aviavlisa;LT 1000 0154 7612;;3
3997;3824;;3;;;;;;7;714-847-7380;;;;;;;
3996;3823;;9;Germany;Menchen-Flughafen;;C/O MSK international spedition Cargoterminal Modul G, Raum 512;85356;;49 89 97594330;;7;;;;;3
3995;3822;;3;;;;;;65 6844 5884;65 6844 4593;;;;www.aerod.com;;;
3994;3484;;;;;;;;;;;;;;;;
3993;3821;;4;;;;;;202;202-2687224;;;;;;;
3992;3820;;3;;;;;;330-702-1710;330-702-1270;;;;;;;
3991;3819;;6;;;;;;52-442-1925807;52.442.192.5800;;;;;;;
3990;3818;;3;France;DINAN;;17 RUE DE LEHON;22100;;;;;6;SIRET : 498 510 361 00013;FR 33498210361;;3
3989;3817;;1;USA;Coral Springs;FL;4350 Northwest 124th Avenue;33065;954-755-4332;954-755-8662;;;;;;;8
3988;3816;;6;;;;;;419-867-0634;419-866-6301;;;;GSE;;;
3987;3815;;1;;;;;;45-46117220;45-46191111;;;;;;;
3986;3814;;1;France;Saint Jean de Véda;;Parc Marcel Dassault - 100, rue Alberto Santos- Dumont;34400;0;04 67 42 90 60;;7;;COMPOSIT REP;;;
3985;1674;;;USA;Miami;FL;FREEPORT FREIGHT FRWRS (c\o HAWK) 7429 N.W. 50 St.;33166;;;;;;;;;3
3984;3805;;2;Tunis;;;;;;;;7;14;;;;
3983;3813;;1;United Staes;Lewisville;TX;811 Office Park Circle;75057;972-436-8114;972-221-7414;;;;;;;
3982;3812;;3;;;;;;216-797-3242;216-261-3500;;;;;;;
3981;547;;;United States;Portsmouth;NH;129 State Street;03801;603-431-5311;603-431-1215;-;;;USA;;;12
3980;3811;;4;;;;;;954-515-0583;954-389-8195;;;;;;;
3979;3810;;2;;;;;;3;3;;;;name for Chinese regional airline being formed (CRJ200s) by Mesa and Shenzhen Airlines.;;;
3978;3808;;3;;;;;;305) 228-0085;305) 599-1625;;;;;;;
3977;3807;;3;;;;;;770-997-1578;770-997-1560;;;;;;;
3976;3806;;3;USA;Arcadia;CA;-;91006;626-254-1555;626-254-1555;jesse@aogline.com;;;DBA Ameritech Aerospace Fax: 626-254-021024-Hour AOG: 1-626-524-8488;;;1
3975;2802;;6;France;Maillance;;Blvd SAGNAT - BP 3;42230;01-6486-6979;01-6486-6927;;4;;;;;3
3974;1013;;;UK;Exeter;Devon;New Walker Hangar, Exeter International Airport;EX5 2BG;;;;;;;;;12
3973;3804;;2;Kazhakstan;Almaty;;"Centre 1; 4A, Zakarpatskaya St`";050039;+7 727 257 17 68;+7 727 258 41 35;;;17;;;;3
3972;3783;;2;;;;;;;;;;;;;;
3971;3803;;2;;;;;;39)  06 79349490;39)  06 79340357;;;;;;;
3970;3802;;3;;;;;;301;301-947-4544;;;;;;;
3969;3801;;6;;;;;;262-679-6175;262-679-6170;;;;Company Flight Components;;;
3968;3800;;3;;;;;;786-524-2779;1-786-623-3736;;;;;;;
3967;3799;;4;Slovkia;;;;;421 (0) 2 5263 0055;421 (0) 2 5263 0054;;;;;;;
3966;1347;;;ITALY;Frazione Dossobuono - Villafranca di Verona;;Via Paolo Bembo n. 70;37062;;;;;;;IT 00445990310;;2
3965;3798;;3;;;;;;3;305-254-6006;;;;;;;
3964;3797;;1;;;;;;0130688219;01 30 68 36 21;;;;CF6-50 PARTS REQUESTED  & BRAKES;;;
3963;3796;;4;;;;;;954-346-1592;954-346-1591;;;;;;;
3962;1762;;;France;Vendôme;;18, boulevard de l'Industrie;41100;2 54 77 32 08;2 54 77 66 99;;;;;;;12
3961;1273;;;France;Vendôme;;18, boulevard de l'Industrie;41100;33 2 54 77 32 08;33 2 54 77 66 99;;;;;;;12
3960;3795;;6;;;;;;1 70 13 70 98;0 826 007 651;;;;http://www.claranet.fr/packs/;;;
3959;3794;;4;France;;;;;33-1-6452-7766;33-1-6452-7755;;;;;;;
3958;3793;;3;USA;;;;;305;305-883-4384;;;;;;;
3957;3792;;1;Spain;Madrid;;Canada Real De Las Merinas 5-7 Centro de Negocious Eisenhower;28042;34-902430991;34-902430990;;;14;"AEROSPACE ENGINEERING GROUP, S.L.www.aerospaceengineeringgroup.com
AEG European Division";;;3
3955;3790;;4;;;;;;44;44-1425623900;;;;;;;
3954;3789;;1;;;;;;351 (21) 467-1059;351 (21) 467-1059;;;;;;;
3953;3788;;4;USA;;FL;;;216) 803-3134;305) 805-3134;;;;;;;
3952;3787;;1;;;;;;0044(0)1202 409184;0044(0)7738456205;;;;;;;
3951;540;;;France;Z.I Paris Nord II , Roissy CDG;;94 rue de la Belle Etoile,;95947;;;;4;;Forwarder;FR 42 410 673 081;;12
3950;3785;;2;;;Mexico;;;525716-8978;52;;;;;;;
3949;3784;;6;France;Paris;;18 Rue Crozatier;75012;01 46 28 66 93;01 43 44 44 50;;;4;Celduc relais distributer;FR20562090688;;1
3947;3781;;2;Mexico;;;;;;;;;;;;;
3946;3780;;6;France;;Sorbiers;BP4 Rue ampere;;04 77538551;04 77539020;;;;;;;
3945;3779;;2;;;;;;;;;;;;;;
3944;1258;;;France;Roissy CDG;;"C/O Ziegler 
Sogaris - BAT D - Zone de fret 5";95709;33-1-4814-8667;33 1 4814- 5686;CAROLINE_GELLY@ZIEGLERGROUP.co;;;;;;12
3943;1506;;;France;AJACCIO, BP 505;CORSE;"MAGASIN,Aeroport de Campo dell'Oro 
Aeroport de campo";20186;;04.9529.0500;;;;;FR 71349638395;;3
3942;3778;;3;;;;;;305-253-3005;305-251-0016;;;;;;;
3941;283;;;Germany;Nuerenberg;;Flughafenstr, 100;90411;;;;;;;;;5
3940;3777;;3;USA;;;;;;;;;;;;;
3939;3776;;3;USA;Independence;MO;"Space center executive park
5001 W Geospace Drive";64056-3324;816-257-2089;816-257-2330;;7;;-;;;
3938;3775;;2;Sweden;;;;;1;1;;;;;;;
3937;3;;2;South Africa;;;;;;;;7;3;Work closley with Solenta;;;3
3936;3774;;6;;;;2 East Main Street ? Carpentersville, IL 60110;;847-428-1956;847-428-7171;;;;DIST by BOON EXT;;;
3935;3773;;1;USA;;TX;3308 Towerwood, Farmer's Branch, Texas;75234;7;7;;;;DIV of Aero Tire & Tank LLC;;;
3934;3772;;1;India;;;;;91;91;;7;4;;;;
3933;2110;;2;;;;;;;;;;;;;;
3932;3771;;3;USA;;;;;34;34;;;;;;;
3931;3769;;2;;;;;;2;2;;;;ATLASJET, Turkey leased (ACMI/ one A320 to ERITREAN,;;;
3929;3768;;6;;;;;;972-3-923-2411;972-3-923-2440;;;;"livedns.co.il, liveshop.co.il
ID=bel-air; Password=' ai891vbe5";;;
3928;3767;;1;Canada;London;ON;580 Sovereign Road;N5V 4K7;519-439-3777;519-645-7380;;;;;;;
3927;3766;;2;UK;;;;;44;44;;;;;;;
3926;3765;;2;UK;;;;;44;44;;;;;;;
3925;3764;;2;Sweden;;;;;44;44;;;;100 owned by Finnair;;;
3924;3763;;2;Indonesia;;;;;62-21 80870667;62-21 80870666;;;7;;;;6
3923;3762;;4;;;;;;55-113535022509;55-1135022509;;;;;;;
3922;3761;;4;;;;;;61-2-9825-6236;61-2-9825-6226;;;;Branch of Topcast Aviation Supplies Co., Ltd - For ATR42-500 aircraft;;;
3921;3760;;4;;;;;;631-585-7570;631-585-1200;;;;;;;
3920;3759;;2;Mexico;;;;;52;52;www.volaris.com.mx;7;7;CIT leased new A319 (2997) with V2500s to VOLARIS,;;;
3919;2900;;2;Russia;;;;;;;;;7;;;;
3918;3758;;2;Maldive;Male;;Male’ International Airport;;;;;7;;;;;3
3917;3757;;2;NIGERIA;;;;;23712704486;237;;;;HEAT STACK PART NUMBER 5013504-3 FOR F100;;;
3916;3756;;3;;;;;;65-62891011;65-62898022;;;;nilo@satair-tpa.com;;;
3915;3755;;1;;;;;;505) 896-2645;505) 896-2644;;;;epair of composite flight surfaces, sheet metal flight surfaces and structures, nacelle;;;
3914;745;;;NORWAY;4262 AVALDSNES;;"C/O DSV Norway A/S
Haugesund Airport Karmøy";;;;;;;;980 645 575;;5
3913;3754;;4;;;;;;818-395-1100;818-395-1111;;;;;;;
3912;2222;;2;Colombia;BOGOTA;;;;;;;;17;;;;
3911;1166;;;France;Fleac;;"Rue du bois Renaud 
8 chemin de letang BP15";16730;05-45-61 49 75;05-45-24 04 04;;;;;;;
3910;3753;;6;;Malakoff;;23-27, rue Pierre Valette;92240;+33 1 70 99 56 06;+33 1 70 99 55 00;;;;No Client 646713;;;8
3909;3752;;1;;;;;;35361717728;35361717727;;;;;;;
3908;1882;;;USA;Skokie;IL;7447 North St. Louis Ave.;60076;;;;;;;;;3
3907;3751;;4;;;;;;714-373-2383;714-373-6081;;;;;;;
3906;3750;;1;;;;;;918-298-1060;918-299-5148;;;;;;;
3905;3728;;12;India;New Delhi;;flat no.003, plot no003, sector 10;;;;www.indusair.biz;;;;;;3
3904;3749;;4;;;;;;305-259-4704;305-232-7785;;;;;;;
3903;200;;;Denmark;Vamdrup;;Kolding Airport, PO Box 80;DK-6580;;;;;;;CVR 12654693;;2
3902;200;;;Denmark;Vamdrup;;Lufthavnsvej 7A;DK-6580;;;;;;;;;7
3901;200;;;Italy;Naples;;Aeronavali C/O DAT, Via Nuovo Tempio 20;80144;;;;;;;DK 12 65 46 93;;12
3900;67;;;ITALY;Naples;;Via Nuovo Tempio 20;80144;;39-081-73-70288;;;;;;;12
3899;3748;;2;South Africa;;;;;3;39;;7;3;check if Maintenace is done by Federal Air. Aircraft owner is Solenta;;;3
3898;3747;;2;;;;;;44-131-477-4342;44-131-441-5885;;;;;;;
3897;3746;;4;United Kingdom;Okehampton;Devon;Exeter Road Industrial Estate;EX20 1UA;44-1837-658-080;44-1837-658-081;;;;;;;3
3896;3745;;1;;;;;;8;8;;;;;;;
3895;3744;;3;;;;;;515) 225-4027;515) 225-2612;;;;;;;
3893;3129;;;France;Villeneuve s/s Dammartin;;8 rue des Acacias;77230;33-1-6094-6688;33-1-6094-6670;;;;;;;12
3892;3743;;4;;;;;;44-1932-251-510;44-1932-251500;;;;;;;
3891;3742;;4;;;;;;9;949-276-7338;;;;;;;
3890;3741;;8;;;;;;240 6673026;240 6673024;;;;;;;
3889;3740;;6;;;;;;04-7866-8265;04-78-66-8260;;;;;;;
3888;1064;;;SPAIN;Quart de Poblet  - Valencia;;"DEPARTAMENTO FINANCIERO – PABELLON 3
AV  / Comarques  del Pais Valencia    N. 2";46930;;;;;;AIR NOSTRUM, L.A.M.;ES A9630 2724;;2
3886;3739;;4;;;;;;65;65-6282-7288;;;;;;;
3885;219;;;USA;Deerfield Beach;FL;910 NE 2nd Street, Unit C;33441;;954-725-3535 / F: 37;;;;Old address;;;12
3884;315;;;USA;Miami;FL;2101 N.W. 82nd Ave;33122;305 592 7966;305 592 7222;;;;;;;12
3883;3738;;4;;;;;;603-87347812;603-87347811;;;;;;;
3882;3726;;2;Spain;;;;;;;;;7;http://www.pan-air.net;;;3
3881;3573;;1;;;;;;;;;;;;;;
3880;3724;;2;Suisse;;;;;;;;7;7;;;;3
3879;3723;;10;;;;;;;;;7;7;;;;
3878;3722;;1;;;;;;;;;;;;;;
3877;3719;;2;;;;;;;;;;;RJ100;;;
3876;3737;;3;UK;CRAWLEY,;;UNIT 2 BAIRD CLOSE, MAXWELL WAY;RH10 9SY;44;44-1293-51-1222;;;;have a Deal with Messier Bugati - Steve Heath;GB897140591;;3
3875;3736;;6;;;;;;p;p;;;;;;;
3874;3735;;10;;;;;;2;2;;;;AZ was certified by FAA to provide line maintenance for A320 Family.;;;
3873;3734;;2;Libya;;;;;7;7;;;17;AFRIQIYAH, Libya for three A319s/six A320s/three A330-200s.;;;
3872;3733;;4;;;;;;954-337-2922;954-3467-845;;;;;;;
3871;3732;;10;NORWAY;;;;;47;4790980242;www.scandairmaint.com;;;;;;
3870;1493;;;France;"14, R' De LA Belle Borne  Fret 5 Sogaris 6
Paris";TREMBLAY;"C/O DHL Global Forwarding 
ZAC Paris nord 2 parc des nations
383 rue de le belle stiole";BP 95974;;+33 1 49 19 68 87;;;;;;;12
3869;3731;;4;INDIA;;;;;91;91-98207 15695;;;;;;;
3868;3730;;4;;;;;;209-944-7501;209-944-7500;;;;;;;
3867;3718;;2;India;Gurgaon.;;Sector-15, Jharsa Road,;;;;;;;;;;
3865;3729;;8;;;;;;353 18 24 4751;353 18 24 4721;;7;7;ATR72 Leas A320 Family;;;
3864;133;;;USA;Pocahontas;AR;2101 Industrial Drive;72455;;870 248 0880;;;;Warehouse location;;;12
3863;3720;;1;USA;Hialeah;Florida;7485 West 2nd. Court;33014-4301;305-884-0339;305-863-8040  Ext. 304;;;;;;;3
3862;3717;;1;USA;Irving;TX;7825 Ridgepoint Drive;75063;;972-402-4300;;;;;;;5
3861;3716;;1;;;;;;49 911 2373711;49 911 2373711;;;;;;;
3860;1037;;;SERBIA;Belgrade;;A/P “Nikola Tesla” 59;11180;;;;;;;;;3
3859;3715;;3;;;;;;865-354-8443;865-354-8442;;;;;;;
3858;2066;;;NORWAY;Molde Lufthavn;;SAS Cargo (forward to DOT LT technician);N-6421;;;;;;Contact +47 9571 5480;LT108937314;;12
3857;1807;;;South Africa;Johannesburg Int'l Airport;SAA Tech area;Johannesburg Main Base Hangar 1;1627;;;;;;;;;3
3856;3714;;4;;;;;;954-425-7996;954-425-7994;;;;;;;
3855;1535;;;Italy;Villanova D'albenga;;"C/O Aerporto Clemente Panero
Viala Generale Disegna 1";17038;;39 182582033;;;;Station manager - Mr. Giraldi;;;5
3854;281;;;Taiwan;Sung-Shan Airport, Taipei;;n° 340-9 Dun-Hua North Rd;;;;;;;;;;2
3853;3713;;6;;;;;;49-8153-88111-51;49-8153-88111-3717;;;;;;;
3852;3712;;1;;;;;;305-238-4903;305-238-4241;;;;;;;
3851;3711;;1;;;;;;623-580-8889;623-580-8880;;;;;;;
3850;1520;;;Honduras C.A.;La Ceiba;;Aeropuerto Intl Goloson - PO BOX 402;;504 441 2527;504 440 0149;;;;;;;2
3849;3710;;4;USA;;;;;954-436-4598;954-441-8915;;;;;;;
3848;3709;;3;;;;;;505-352-5812;505-352-5810;;;;;;;
3847;562;;;France;BOUGUENAIS;;Aeroport Nantes Atlantique;44340;;02 40 13 24 50;;;6;;FR 02 400 161 501;;12
3846;671;;;United Kindom;"Bournemouth
Dorset";Christchurch;"Unit A2, Building 446, Aviation Park West
Bournemouth Int'l Airport";BH23 6NW;+44 (0)1202 580 567;+44 (0)1202 579 303;;;;;;;6
3845;3708;;3;;;;;;9;9;;;;;;;
3844;317;;;Italy;Peschiera Borromeo;MI;C/O Linkair Express Spa via Walter Tobagi 8/1;20068;;;;;;;IE 658 784 9U;;12
3843;1632;;;USA;TULSA;OK;7018 N. Lakewood;74117;;;;;;Repair Shop;;;8
3842;1632;;;USA;Tulsa;OK;11200 E. Pine St.;74116;+1 (918) 234-6633;+1 (918) 234-5155;;;;;;;5
3841;3707;;1;Australia;;;;;61 7 3860 4006;61 7 3637 7008;;;;;;;
3840;3706;;6;Israel;;;;;9;97249968567;;;;;;;
3839;3705;;4;;;;;;954-212-2351;954-806-4563;;;;;;;
3838;3704;;4;;;;;;3;321-777-4563;;;;;;;
3836;3703;;3;;;;;;305-267-6002;305-267-6400;;;;"AOG#'S 786-556-7384; 786-546-4999; 786-554-0657";;;
3835;3702;;4;;;;;;34 637 299 778;34 667 406 028;;;;Aircraftparts@terra.es;;;
3834;3701;;1;;;;;;972;972) 623-9318;;;;;;;
3833;3700;;1;;;;;;43-14-801-9532;43-1-480-1953;;;;;;;
3832;3699;;3;;;;;;954-435-4007;954-435-9662;;;;;;;
3831;898;;;France;Bat 1 Cellule 13;;14 rue de la belle borne,bat sogaris;93290;;;;;;;;;3
3830;3698;;3;;;;;;3;321-473-6075;;8;;;;;
3828;3696;;4;;;;;;912228390909;91-9820507294;;;;;;;
3827;3695;;3;;;;;;305-477-4802;305-477-4063;;;;;;;
3826;3612;;2;;;;;;;;;;;;;;3
3825;3694;;4;Luxemburg;;;;;352-621254055;352-621254055;;;;;;;
3824;3693;;8;;;;;;206;206-854-5758;;;;;;;
3823;3692;;3;;;;;;8;8;;;;;;;
3822;3691;;4;;;;;;64-3-355-2225;64-3-355-2223;;;;;;;
3821;1535;;;Italy;Rome;;C/O World Cargo Srl Via del Foscso della Magliana 12;00148;;39 06 650 29134;;;;;;;12
3820;3690;;4;;;;;;305-675-8576;305-225-9008;;;;;;;
3819;3689;;1;The Netherlands;MAASTRICHT;;"Horsterweg 19 

6199AC Maastricht Airport";6199AC;+31 (0)43 3652663;+31 (0)43 3587926;;;;USE SAMCO A/C MAINT.;NL.0088.82.782.B.01;;
3818;2066;;;Croatia;Velika Gorica;;Vladimira Nazora 5, Pleso;41410;;;;;;;LT 108 937 314;;11
3817;3688;;1;;;;;;9;918-362-9713;;;;"WE CURRENTLY HAVE AVAILABLE SEVERAL OVERHAULED DC-10 TRAS MODIFIED FAN
 COWL DOORS FOR SALE";;;
3816;1553;;4;;;;;;;;;;;;;;
3815;3687;;3;USA;;;;;954-794-0178;954-794-0174;;;;;;;
3814;2678;;2;Spain;Las Palmas;;Gran Canaria Airport;;;;;7;14;does all maintenace with Binter Technic;;;
3813;1444;;2;;;;;;;;;7;7;;;;
3812;3686;;3;USA;;;;;1-513-755-6593;1-513-755-6583;;;;;;;
3811;3657;;1;United States;Orlando;FL;4906 Patch Rd. Ste. B;32822;;;;4;;;;;3
3810;3685;;1;;;;;;936.441.9406;936.441.9555;;;;ATR INTERIOR REFURBISHMENT;;;
3808;3683;;1;Japan;;;;;81) 3 32 44 53 98;81) 3 32 44 53 33;;7;;http://www.ihi.co.jp  CF34 REP SHOP JAPAN;;;
3807;3682;;2;;;Egypt;;;201 2 3038445;20123170513;;;;P base;;;
3806;571;;;France;ROISSY CDG;;ROISSY SOGARIS- BP 10470 - 4 RUE DE LA BELLE BORNE - ENTREPOT N°5 - ZONE DE FRET 5;95708;;;;;;DOUANE;;;
3805;1688;;2;INDIA;;;;;;;;7;3;check under Indian airlines;;;
3804;3681;;3;USA;;FL;;;1;1;;7;;;;;3
3803;3613;;7;France;Morlaix;;Aéroport  29679;CS 27925;;;;7;14;;;;3
3802;3680;;3;USA;Miami;FL;5620 NW 114TH PATH SUITE 204;33178;;;;;;;;;
3801;3679;;2;;;;;;;;;;7;;;;
3800;3678;;2;Austrlia;;;;;;;;;7;;;;
3799;3677;;3;USA;;;;;;;;;;;;;
3798;3676;;2;UAE;;;;;;;;;;;;;
3797;3675;;3;Singapore;Singapore;;114 Piccadilly;;;;;;;;;;3
3796;3674;;3;USA;;;;;786-336-0593;786-336-8220;;;;;;;
3795;3673;;3;;;;;;206;206-276-7075;;;;;;;
3794;2066;;;Sweden;GALLIVARE;;GALLIVARE KOMMUN Flygplatsen;98281;;;;;;;LT 108 937 314;;5
3793;3672;;1;;;;;;305-688-4874;305-688-3344;;;;;;;
3792;3671;;8;;;;;;2;2;;;;(LoadAir, Kuwait/AerCap joint venture), Ireland selected CFM56-5Bs for 30 A319s/A320s on order.;;;
3791;3670;;2;;;;;;;;;;;;;;
3790;3669;;2;Czech Republic;;;;;420 233 371 179;420 233 374 596;;7;3;;;;
3789;1244;;2;Panama;;;;;;;http://www.aeroperlas.com;;17;under TACA, purchase done by Iselna, Wilmer;;;
3788;1333;;;France;Lyon - St. Exupery;;BP39.;69125;;;;;;;;;5
3787;3668;;1;Canada;;PEI;800 Aerospace Blvd. Slemon Park;C0A-2A0;902.436.0258;902.438.2242;;;;Slemon Park;;;3
3786;3667;;3;USA;;;;;1;1;;;;;;;
3785;3666;;6;;;;;;330;330) 487 2077;;;;;;;
3784;3665;;2;;;;;;503;503-766-2287;;;;;;;
3783;3664;;2;Albania;;;;;1;1;;;17;;;;
3782;3614;;3;South Africa;;;;;;;;;;;;;
3781;3572;;3;USA;;;;;;;;;;Work with Brazil;;;
3780;3663;;3;USA;COCONUT CREEK;FL;6601 LYONS RD STE D-10;33073;954-5717984;954-5717983;;;;;;;3
3779;1667;;2;Thailand;;;;;;;;7;;Under thai Airways;;;
3778;511;;;France;C/O Magasin Hndler Orly Aeroprt;;Zone réservée  Echo BAT 432;94541;;01-49759141;;;;;FR73421393208;;3
3777;3662;;3;;;;;;954-359-8452;954-359-8450;;;;;;;
3776;3661;;1;;;;;;305-821-4849;305-821-4810;;;;;;;
3775;3660;;1;USA;MIAMI;FL;1260 NW 57 AVE;33126;305)263-1036;305)267-6434;;;;;;;3
3774;3659;;2;Australia;;;;;61-3-6248-5117;61-362485390;;7;3;Par-Avion Airline;;;
3773;3658;;1;USA;;FL;4906 Patch Road - suite B;32822;321-226-5444;321-235-0869;;;;;;;
3772;3656;;4;USA;;ORLANDO - FL;4906 PATCH ROUAD;32822;407 381 5891;407 381 1078;;;;;;;
3771;3655;;4;USA;;ORLANDO - FL;4906 PATCH ROUAD;32822;407 381 5891;407 381 1078;;;;;;;
3770;3654;;4;;;;;;86-731-2600610;86-731-2600618;;;;;;;
3769;3653;;3;USA;;;;;;;;;;;;;
3768;3652;;3;;;;;;321-821-1859;321-473-6075;;;;;;;
3767;3651;;10;;;;;;918-281-7513;918-831-7724;;;;;;;
3766;3650;;4;;;;;;3;312-494-8614;;;;;;;
3765;3648;;4;;;;;;412-212-0102;412-253-0945;;;;AvMarkets, Inc.;;;
3764;3647;;3;;;;;;1954-359-0041;1954-359-0040;;;;;;;
3763;3646;;4;;;;;;253-927-5006;253-927-4899;;;;;;;
3762;3645;;3;;;;;;1801-760-5655;1702-202-0316;;;;;;;
3761;3644;;3;;;;;;1407-585-3428;1407-585-3413;;;;;;;
3760;3643;;11;France;paris;;171-173 av Jean-Jaures;75019;01 4202 7888;01 4202 1487;;;;;;;
3759;3642;;3;United Arab Emirates;;;;;97165573574;97165573570;;;;;;;
3758;3641;;7;UK;;;;;;;;;17;;;;
3757;3640;;4;;;;;;305-685-0188;305-685-5511;;;;;;;
3756;3639;;1;Italy;;;;;7;7;;;4;;;;3
3755;3586;;2;Canada;;;;;;;;7;6;;;;3
3754;3638;;2;;;;;;39;39;;;;;;;3
3753;3637;;4;;;;;;9;786-587-9741;;;;;;;3
3752;3636;;2;;;;;;3;4;;;;;;;3
3751;3635;;2;U.A.E;New INTL Airport;Abu DhabI;C/O ADAT Technical stores;;9;9;;;7;;;;3
3750;3634;;4;USA;Forest Park;GA;3000 S Corporate Pkwy # 500;30297-1756;404;404-766-0024;;;;;;;3
3749;3633;;4;;;;;;514-631-7049;514-631-7500;;;;;;;3
3748;3632;;4;;;;;;3;386-437-0581;;;;;;;3
3747;2364;;;usa;glastonbury;ct;po box 190;06033;;;;;;;;;2
3746;3631;;4;canada;;;;;;;;;;;;;3
3745;3630;;1;USA;Fort Myers;FL;11900 Lacy Lane;33966;1239-275-7311;1239-275-8202;cvillano@accelaviation.com;7;;;;;3
3744;3615;;1;USA;Carrollton;TX;2550 Midway Rd Suite 100;75006;;;;7;3;;;;3
3743;3629;;3;;;;;;305-256-9375;305-256-9379;;;;;;;3
3742;3185;;;Canada;Manuels,;NL;Suite 101, 241 Conception Bay Hwy;A1W 5J8;1 709-834-6058;1 709-834-6034;;;;;;;3
3741;3628;;1;;;;;;305-477-3308;305-477-2340;;;;;;;3
3740;3627;;1;USA;;;;;901.366.7708;901.366.6900 ext. 16;;7;7;need to ask for their stock & capa;;;3
3739;3618;;2;New Zealand;;;;;;;;;;Fleet Convair CV580;;;3
3738;918;;;spain;quart de poblet;valencia;contabilidad -pabellon 3 -Av. Comarques del Pais Valencia 2;46930;;;;;;;;;2
3737;1194;;;SINGAPORE;SINGAPORE;;PT. DIRGANTARA C/O ROYLEA EXPRESS, 11 CANGI SOUTH STREET 1;486787;65 62140010;65 62808022;;;;;;;3
3736;3626;;4;USA;;;;;407-5134833;305-921-9244;;;;offices Miami, Colombia, Panama;;;3
3735;3625;;4;;;;;;9;918-355-8427;;;;;;;3
3734;3624;;3;;;;;;1954-749-0485;1954-749-0484;;;;;;;3
3733;3590;;2;Gabon;Liberville;;P.O. Box 2232 - Aerport Leon NBA;BP 2232;+241 443134;+241 07792103;logistique@airservice.aero;7;7;;;;3
3731;3619;;6;Swiss;Geneva;;;;;;;;;;;;3
3730;3623;;4;;;Brazil;;;55 21 3339-4132;55 21 2455-2210;;;;;;;3
3729;3622;;3;USA;Coral springs;FL;4350 NW 124 Avenue;33065;1954-755-8656;1954-755-8972;;;;;;;3
3728;3621;;1;Canada;;;;;31316592130;31316582125;;7;4;Canada and Holland, bought Scheriner;;;3
3727;3620;;2;;;;;;407-825-5987;407-825-5976;;;;;;;3
3725;3610;;4;;;;;;305;305-824-0452;;;;;;;3
3724;3609;;3;Fr;;nce;;;33148593014;33-1;;;;;;;3
3723;3608;;2;;;;;;937-382-1408;937-;;;17;;;;3
3722;3607;;4;Argentina;;;;;54;54-114 714 2882;;;;;;;3
3721;3606;;3;;;;;;1818-837-1185;1818-898-1998;;;;;;;3
3720;3605;;3;;;;;;1;1817-539-1386;;;;;;;3
3719;3604;;3;;;;;;1305-557-4959;1305-557-1318;;;;;;;3
3718;3603;;3;USA;Brea;CA;1350 W. Lambert Rd;92821;1562-245-4015;1562-245-4000;;;;;;;3
3717;3602;;;;;;;;01 4006 6060;01 4006 6215;;;;;;;3
3716;3601;;2;;;;;;809-540-4667;954-359-2700;;;;;;;3
3715;3600;;2;;;;;;809-540-4667;954-359-2700;;;7;;;;3
3714;3599;;1;;;;;;3;305-526-7339;;;;;;;3
3713;3598;;1;;;;;;865;86592)5737485;;;;;;;3
3712;3597;;3;USA;Milwaukee;WI;6110 North Flint Road;53209;414 351 1543;414 351 1506;;;;;;;3
3711;3587;;8;;;;;;;;;;;;;;3
3710;3596;;2;;;;;;250 519784;250 519783/+250518881;;;;;;;3
3709;3595;;3;;;;;;1818-240-1009;1818-240-7740;;;;;;;3
3708;3594;;3;;;;;;1817-490-7879;1817-490-7878;;;;;;;3
3707;2199;;;Kenya;Nairobi;;Willfreight Ltd. Willson Airport;;;254-20602841;;;;;;;3
3706;3589;;10;UK;;;;;;;;7;4;;;;3
3705;1860;;;France;VENDÔME;;rue Marc Séguin - ZI Sud - BP 60008;41101;;33 2 54 23 14 54;;;;REP SHOP;;;5
3704;3577;;2;Italy;;;;;;;;;;work with Interstate Netherlands;;;3
3703;3578;;2;Italy;;;;;;;;7;3;stopped using ATR;;;3
3702;3579;;2;Italy;;;;;;;;;;out of business;;;3
3701;2288;;;;CHATELLERAULT CEDEX;;17 rue André Boulle - BP 700;86107;05 4902 3220;05 4902 3454;claudie.veron@hutchinson.fr;;;;;;2
3699;3580;;3;USA;;;;;;;;;;;;;3
3698;3537;;3;USA;;;;;;;;;;;;;3
3697;3536;;9;UK;Slough;;Argonaut Park, Galleymead Rd Colnbrook;SL3 OEN;;;;;;;;;3
3696;3535;;2;Guatemala;;;;;;;;;;http://www.flyinter-taca.com. Gruop TACA. Wilmer from Islena responsable;;;3
3694;1535;;;Poland;WARSAW;;18, Woloska Str.;02-675;;;;;;;;;2
3693;1535;;;Poland;WARSAW;;106 AL. KRAKOWSKA STREET;02-256;;;;;;;;;3
3692;3569;;8;;;;;;;;;;;;;;3
3691;3567;;8;;;;;;;;;;;;;;3
3690;3564;;8;;;;;;;;;;;Formerly Debis AirFinance;;;3
3689;3563;;8;;;;;;;;;;;;;;3
3688;3560;;8;;;;;;;;;;;;;;3
3687;3559;;8;;;;;;;;;;;;;;3
3686;3556;;8;US;Memphis;TN;3900 Willow Lake Blvd.;38118;;;;;;;;;3
3685;3555;;8;;;;;;;;;;;;;;3
3684;203;;;italy;chieti;;via abruzzo, 410;66013;;;;;0;;IT 0162 721 0691;;2
3683;3552;;3;;Muskegon;MI;620 E. Ellis Road;49441;1-231-799-9001;1-231-799-9000;;;;;;;0
3682;3551;;3;;;;;;305-591-1610;305-591-2611;;;;;;;0
3681;3550;;3;;;;;;316-682-8746;316-682-8723;;;;;;;0
3680;3549;;6;;;;;;49-2330-8244;49-2330-97840;;;;;;;0
3679;3548;;1;USA;;;;;714-534-6210;714-54-1541;;;;;;;0
3678;3547;;3;;;;;;971 4 3409735;971 4 3409725;;;;;;;0
3675;3545;;3;USA;Memphis;TN;5308 Cottonwood, Suite 3;38118;1901-365-4030;1901-365-1050;;;;;;;0
3674;3544;;3;;;;;;816-224-4812;816;;;;;;;0
3673;192;;;;;;;;;;;;0;;;;0
3672;3543;;3;ITALY;;;;;39;39;;;;;;;0
3671;3542;;3;USA;Fredericksburg;VA;1321 Lafayette Blvd Suite 102;22401;540 361 7800;540 361 7700;;;;;;;3
3670;3541;;1;United Kingdom;Southend-on-Sea;Essex;North Hangar, Aviation Way;SS2 6UN;44-1702-549025;44-1702-348-601;;;;http://www.inflite.co.uk;;;3
3669;3540;;3;;;;;;1909-336-0548;9;;;;;;;0
3668;3539;;4;;;;;;305-254-7628;305-252-0668;;;;;;;0
3667;3538;;1;France;;;;;01 64 14 84 10;01 64 14 80 33;;;;"ERJ-145's air inlet and thrust reverser; A330s, A340-500s, -600s,ERJ170 with CF34 engine";;;0
3662;3534;;3;;;;;;1770-227-4073;1770-227-3226;;;;;;;0
3661;582;;;USA;CHICAGO;IL;21863 NETWORK PLACE;60673-1223;616 977 6888;616 285 4459;;;0;;;;0
3660;3533;;3;canada;;;-;;519-856-2941;519-546-7830;-;;;-;;;0
3659;3532;;3;;;;;;305-408-7077;305-408-7076;;;;;;;0
3658;3516;;2;Australia;;;;;;;;;0;;;;0
3657;3531;;4;Indonesia;;;;;62-22 6046938;62-22 6030677;;;;;;;0
3656;3530;;2;Canada;;BC;;;403-717-3826;403-717-1800 ex 245;;7;6;;;;3
3655;3529;;4;;;;;;214-234-9369;214;;;;;;;0
3654;3528;;10;;;;;;02.40.13.24.55;02.40.13.32.55;;;;ex nantes aero;;;0
3653;3527;;1;USA;Miami;FL;6900 NW 52nd Street;33166;305-592-7295;305-592-2625;;;4;Air-Pro, an AMG company.;;;5
3652;3526;;2;UAE;;;;;971-65570368;971 6 5570367;;7;8;;;;0
3651;3525;;3;;;;;;7;7;;;;;;;0
3650;251;;;usa;memphis;TN;6000 freeport dr, suite 102;38141;;;;;0;SHIPPING ADDRESS - DO NO INSURE SHIPMENTS;;;3
3649;3524;;4;;;;;;818-368-4089;818-368-4289;;;;;;;0
3648;3371;;3;USA;;;;;;;;;0;;;;0
3647;3523;;6;USA;Moorpark;CA;14501 Princeton Avenue;93021;805-531-6530;805-523-2000, Ext. 2370;;;;;;;3
3646;3478;;3;USA;;;;;;;;;0;;;;0
3645;3522;;3;;;;;;305-593-1424;305-593-1958;;;;;;;0
3644;3521;;1;;;;;;03-;03-2144-8787;;;;composit rep;;;0
3643;3520;;1;France;20700 Ajaccio Cedex 9;;Zone Industrielle du Vazzio;BP 902;04;04-9529-0400;;;;;;;3
3642;3519;;3;SINGAPUR;#02-07 TAGORE BUILDING;;6 TAGORE DRIVE;787623;65-6552-1128;65-6552-8928;;;;Denmark Office;;;3
3641;3518;;3;;;;;;1;1;;;;;;;0
3640;3496;;1;;;;;;;;;;;;;;0
3639;3517;;4;China;;;No.2 Kexin Road;510665;ukn;86-20-85556999;;;;;;;0
3637;3515;;3;CHINA;;;#356 Gui Hua Road;;86731-2600610;86731-2600618;;;;;;;0
3636;3508;;2;Espagne;Madrid;;C/ 5 Norte (1.4 B.4), Terminal Carge, Aeropuerto de Barajas;28041;34 913 294 703;34 913 295 534;ibertrans@teleline.es;;3;;;;8
3628;592;;;BRAZIL;São Paulo;;Rua José dos  Santos Júnior, 130;05750-280;+55-11-4146-9915;+55-11-4146-1313;;;0;;;;2
3627;3507;;4;USA;;CA;2156 TOMICH ROAD;91745;626-236-9398;626-581-1582;;;;;;;0
3626;3506;;2;;;;;;860-242-2662;860-242-2442;;;;;;;0
3625;3505;;1;USA;Bloomfield;CT;110D West Dudley Town Road;06002;860-242-2662;860-242-2442;info@innodynesystems.com;;;;;;1
3624;3504;;2;;;;;;+33 (0)3 26 50 18 28;+33 (0) 3 26 50 78 78;;;;;;;0
3623;3503;;1;;;CA;;91311;(818) 700.2882;(818) 700.1616;;;;;;;0
3615;3495;;1;SINGAPORE;;Changi North Industrial Estate;47 Changi North Crescent;499623;(65) 6542 0555;(65) 6542 1555;info@raycomaerospace.com;;;;;;0
3614;3494;;2;COLOMBIE;;BOGOTA D.C.;CALLE 35 No 7;;(571) 338 03 88;(571) 338 03 55;;;;comercialaeronautico@sudamin.com.co Http://www.sudamin.com.co;;;0
3613;3493;;4;USA;;FL;15421 W. Dixie Hwy. Bay #19;33162;305-466-0782;305-466-0684;owl_aero@bellsouth.net;;;;;;0
3612;3492;;2;Ecuador;;Quito;;;5932-2546631;5932 290-7200 x 115;;;;;;;0
3611;3491;;3;;;;;;1305-883-8830;1305-883-8288;;;;;;;0
3610;3490;;3;;;;;;847-487-9186;8;;;;;;;0
3609;3489;;4;;;;;;305-273-5578;305-271-6931;;;;;;;0
3608;3488;;1;cost rica;;;;;506437-2901;011-506-437-2907;;;7;;;;0
3607;3487;;4;;;;;;44;44-2392 617979;;;;MOCKING LIZARD LLP;;;0
3606;3486;;1;USA;Arlington;TX;1209 sturgeon ct - suite # 103;76001;817-557-2112;817-557-2250;-;1;;-;;;3
3605;1081;;;;SN JUAN;PR;PO BAX 38082 AIRPORT STATION;00937-0082;;;;;0;EXECUTIVE AIRLINES,INC;;;2
3604;1081;;;USA;Gwinn;MI;507 Fouth st;49841;;;;;0;;;;3
3603;3485;;4;;;;;;239-425-3596;239-425-3595;;;;;;;0
3602;3484;;8;Singapore;Singapore;;20 Collyer Quay, #10-01A Tung Centre;049319;65;65)6222-5481;;7;6;;;;3
3601;3483;;3;;;;;;305;305-527-6296;;;;;;;0
3600;3482;;3;;;;;;714;714-398-8758;;;;;;;0
3599;3481;;3;;;;;;972-245-6090;972-245-6699;;;;;;;0
3598;3480;;3;USA;Coral Springs;FL;10609 W. Atlantic Blvd;33071;954-796-3872;954-796-3056;;;;;;;3
3597;3479;;2;;;;;;0066 2 9969314;1;tai_wasan@yahoo.com;;;08/05 WANTED TO BUY AIRBUS A320, A330-200/300, A300-600;;;0
3595;3477;;3;;;;;;1-305-256-0878;1;;;;ALSO- FOR SALE 737-200 AIRCRAFT (FLYER) EX-SOUTHWEST WITH JT8D-9A;;;0
3594;3476;;3;SPAIN;;;;;34 913 519 590;34 913 519 459;;;;Europe-Africa. www.avpro-amprodex.com;;;0
3593;1520;;;USA;Doral;FL;AVIOTRADE INC. 8004 NW 68th Street;33122;305-717-5001;305-717-5000;;;0;AVIOTRADE INC. Forwarder agent;;;3
3592;1063;;;Cabo verde;PRAIA Santiago;;Direccao financeira P.O Box 566;;;;;;0;;;;2
3591;1006;;;Cote D'Ivoire;15 BP 449 Abidjan 15;Abidjan;Solenta Abidjan C/O TTS;00225;;;;;0;Attn: Martine Botha (07);;;7
3590;3475;;1;ROMANIA;;;;;40213185830;40;;;;;;;0
3589;3474;;3;;;;;;701)297-9991;701)297-9999;;;;;;;0
3588;3473;;3;USA;;;;;1954-316-2399;1954-316-2311;;;;;;;0
3587;3472;;1;;;;;;305-823-5878;305-823-5556;;;;see ExpressJet Services;;;0
3586;3471;;3;;;;;;62(22) 6641918;62(22) 6641930;;;;;;;0
3585;3470;;3;;;;;;786-331-8680;786-331-9191;;;;;;;0
3582;3468;;3;USA;;;;;1770-849-0355;1770-849-0900;;;;;;;0
3581;3467;;3;;;;;;3;1352-383-6776;;;;;;;0
3580;3466;;1;;;VALENCIA, CA;25461 RYE CANYON RD;91355;1;1;;;;"rep No HL3R557L
WP 01-06-1986";;;0
3579;3309;;3;;;;;;;;;;0;;;;0
3578;3465;;3;;;;;;1724-779-9510;1724-779-9500;;;;;;;0
3577;3464;;3;;;;;;1;1818-404-4832;;;;;;;0
3576;3463;;3;USA;;Florida;;;1954-724-9430;1954-724-9403;;;;;;;0
3575;3462;;2;Turkey;;;;;902126622257;2;;;17;;;;0
3574;3461;;3;USA;;;;;1715-386-0691;1715-386-0969;;;;;;;0
3573;3460;;2;Turkey;FLORYA – ?STANBUL;;YE??LKÖY CADDES?, NO: 7;34153;1;1;;;7;;;;3
3572;3459;;2;Russia;;;;;1;2;;;17;;;;0
3571;3458;;2;Canada;;;;;+1 416 203-1120;+1 416 203-2323;;;;;;;0
3570;3456;;3;Israel;;;"Building 20/120 Herzelia Airport
             P.O.BOX 6258";;+972-9-9547800;+972-9-9547600;;;;;;;0
3568;3455;;2;;;;;;+;+;;;;;;;0
3567;3454;;2;;;;;;1;1;;;;;;;0
3566;3453;;2;;;;;;1;1;;;;;;;0
3559;3446;;2;USA;;Pennsylvania;1000 Rosedale Avenue;17057;+1 717 948-4714;+1 717 948-5400;;;17;Part of Piedmont Airlines, which is a wholly-owned subsidiary of US Airways Group Inc;;;0
3558;3445;;2;Australia;;;;;;;;;17;;;;0
3557;3444;;3;;;;;;219-661-2240;219-661-2235;;;;;;;0
3556;3443;;2;Lithuania;;;"Goštauto g. 5/2
LT-01106 Vilnius";;+370 5 2106167;+370 5 2106166;http://www.amberair.lt/;;17;;;;0
3555;3442;;2;;;;;;971-2-6767133;971-2-6767122;;;;;;;0
3552;3441;;3;;;;;;3;31134678395;;;;;;;0
3551;3440;;3;;;;;;561-997-8533;561-997-6922;;;;;;;0
3550;3439;;3;USA;;;;;773-348-8250;312-953-2376;;;;;;;0
3549;3438;;1;;;;;;305-477-5172;305-477-6966;;;;;;;0
3548;3437;;2;Bulgaria;Sofia;;1, Brussels Blvd Sofia Airport;1540;(+359) 2 937 32 55;(+359) 2 937 32 54;;;7;www.air.bg;;;3
3547;1599;;;USA;Bothell;WA;1522-217 Place  South East;98021;;425-743-1313;;;0;Crane aero corp - all of our product lines: Hydro-Aire, PL Porter, ELDEC, and Lear Romec;;;0
3546;2136;;3;;;;;;;;;;0;;;;0
3545;3436;;2;Canada;Edmonton;AL;Box 14, 29 Airport Rd;T5G 0W6;0;0;;7;8;;;;0
3544;3435;;2;CANADA;;Northwest Territories;"100 Dickins Street, Post Office Box 1807
Yellowknife";X1A 2P4;867) 873 - 9334;867) 873 - 4464;www.arcticsunwest.com/;;17;;;;0
3543;3434;;2;Papua New Guinea;Port Moresby;;P.O.Box 170 Buroko NCD;;(675) 325 2219;(675) 325 2011;www.apng.com;;17;;;;0
3542;3433;;2;australia;;Sydney;Ross Smith Avenue ,Kingsford Smith Airport;;61 2 9669 2204;61 2 9693 2855;;;;;;;0
3541;1232;;12;USA;Boca Raton;FL;;33496;;;;;0;Closed;;;0
3540;3432;;3;;;;;;954-438-3317;954-438-6703;;;;;;;0
3539;3431;;2;;;;;;1;1;;;;;;;0
3538;3430;;1;;;;;;604-278-9729;604-278-2105;;;;;;;0
3537;3429;;3;USA;Simi Valley;CA;3090 Barnes St.;93065;805-583-2813;805-583-2311;;;;;;;0
3536;1514;;2;Cambodia;;;;;;;;;0;Lease A/C from Bangkok Airways;;;0
3535;3428;;2;netherlands;Maastricht-Airport;AC;Horsterweg 18e;6199;31 43 308 8121;31 43 308 8120;www.interstateairlines.com/;7;14;Works with Regional wings;;;0
3534;2918;;8;;;;;;;;;;0;;;;0
3533;3427;;3;usa;;NY;125 Marbledale Road ,Tuckahoe;10707;914-337-6362;914-779-3500;;;;;;;0
3532;3426;;3;United States;;tx;7451 Airport Freeway;76118;1817-284-5769;1817-589-8337;;;;;;;0
3531;3425;;1;CHINA;;XIAMEN;;;8;865925730206;;;;;;;0
3530;3424;;2;south africa;;;"PO Box 781326
Sandton PO Box 781326";2196;27 11 6660819;27 11 6660800;www.norseair.co.za/;;;Johannesburg;;;0
3528;3422;;3;USA;Roanoke;TX;600 Henrietta Creek Rd.;76262;;;;;;;;;3
3527;1903;;8;Poland;Warsaw;;;;;;;;0;Ex White Eagle Aviation;;;0
3526;3421;;10;Canada;Calgary;Alberta;2139 Pegasus Way Hangar 59;T2E 8T2;403 250 3969;403 250 3663;;7;1;A,B,C&D checks ATR CRJ;;;3
3525;3420;;1;singapore;;;540 airport rd;539938;6562808213;6562871111;http://www.staero.aero;;;A & C Checks for A320, A310 and A300    boeing = c&d checks;;;0
3524;3419;;7;Canada;;;;;514-341-0654;514-341-6780;;;;;;;0
3523;3418;;3;;;;;;602-454-1112;602-454-1110;;;;;;;0
3522;417;;2;Canada;La Rochelle;;;;;;;7;14;;;;0
3521;3417;;3;;;;;;1817-731-7566;1817-731-6786;;;;;;;0
3520;3416;;1;;;;;;514-630-9999;514-630-7777;;;;FIRE EXTING OH;;;0
3519;3415;;3;;Englewood;;;;303-858-8827;303-858-8817;;;;BROKER that Subcontract Work to REP shops like Universal Avionics;;;0
3518;3414;;3;;;;;;440845 6076115;440845 6076890;;;;link to Quicksource Online;;;0
3517;3413;;3;;;;;;760-931-1958;760-931-1900;;;;;;;0
3516;3412;;1;USA;;;;;817-282-7516;817-282-7500;;;;;;;0
3515;3411;;3;;;;;;860-291-0594;860-291-0417;;;;;;;0
3514;3410;;2;usa;Lithia Springs;GA;420 Thorton Rd Suite 101;30211;770-732-6942;678-803-6961;www.tmair.com;;;;;;0
3513;3409;;2;turkey;Istanbul;;"Senlikkoy Mah. Orman Sk. No:10
Sok. No.10 Florya";34750;90 212 57442;90 212 663 06 96;www.worldfocusair.com;;;;;;0
3512;3408;;2;;;Curacao;;;0;0;www.flytca.com/index.html;;;;;;0
3511;3407;;2;venezuela;;Caracas;"Av. Rio Caura, Torre Humboldt, Oficina 513
Prados del Este";01080;58-2129776077;58-2127146474;www.transcarga.net;;;;;;0
3510;3406;;2;usa;;FL    Miami;2508 NW 22 Court;33142;305 637 1140;305-637-1140;www.voetaf.com.br/;;;;;;0
3509;3405;;2;Sweden;Sverige;;Flyplatsen, 577 91 Hultsfred;;46-495243068;46-495249052;www.swedline.com;;;;;;0
3508;3404;;2;Senegal;Dakar;;Ave Abdoulaye Fadiga;;221 426445;221 8426444;www.sunuair.com;;7;;;;0
3507;3403;;2;United States;Dallas;TX;2702 Lovefield Drive;75235;214;214-792-2778;www.southwest.com;;;;;;0
3506;3402;;2;Gambia;;Serrekunda;55 Kairaba Avenue;;220-4377783;220-4377782;;;;;;;0
3505;3401;;2;Belgique;Melsbbroek;;Brussels Airport Hangar 117;B-1820;32-27541709;32-27541706;www.brusselsairlines.com;;7;;;;0
3504;3400;;2;Slovakia;Bratislava;;"Ivanska Cesta 26
PO BOX 24";820 01;421248501000;421248501164;;;14;;;;0
3503;3399;;2;usa;washington dulles;VA;"44965 Aviation Dr
Suite 260";20166;703-661-6884;703-661-6901;www.skylinkairways.com;;;plans to start in summer 05;;;0
3501;3397;;2;Turkey;Istanbul;;"Londa Asfalti NO16/8
Besiol sefacoy";34295;902124654987;90;www.sagaairlines.com;;7;;;;0
3500;3396;;2;Finland;;Vantaa;Lent?j?ntie 7;01530;358 925 120 200;358 925 120 261;www.airfinland.fi;;17;;;;0
3499;3395;;2;United Arab Emirates;fujairah;;12add;;97167472418;971507478591;;;;;;;0
3498;3394;;2;Mongolia;;city = Ulaanbaatar;"PO Box 45
Buyant Ukhaa 45";210134;3761379975;97611379917;www.miat.com;;7;;;;0
3497;3393;;2;spain;;CITY= Leon;"Avenida de la Aviacion # 14
Virgen del Camino";24198;34-987300227;34-987300740;www.lagunair.com;;;;;;0
3496;3392;;2;Russia;;;"Airport Emelianovo Town
Emelianovo Town
Krasnoyarsk Region";663020;73;73912 635279;http://www.krasair.ru;;;;;;0
3495;3391;;2;Congo;;;GOMA DR;;243 257228058;243 813134228;www.kivuair.com/;;;;;;0
3494;3390;;2;Congo;;Kinshasa;Ndjili Airport;;13054187546;243-817005003;www.hba.cd/;;14;;;;0
3493;3389;;12;sweden;Gothenburg;;M?lndalsv?gen 24, 5th fl.;SE-412 63;46;46 313011069;www.flyme.com;;;Bankrupt;;;0
3492;3388;;2;UK;;West Sussex;First Choice House;RH102GX;44-1925-83-1949;44-1925-28-8603;www.firstchoice.co.uk;;7;;;;0
3491;3387;;2;Hungary;Budapest;;"FAH
Pf. 173 H-1701";;361-296-7008;361-296-7689;www.farnair.com;;6;;;;0
3490;3386;;2;germany;L?beck;;Seelandtsra?e 1a Geb?ude 5;23569;49 451 3909 563;49 451 3909 550;;;;;;;0
3489;3385;;2;Turkey;Mersin;;"Bedreddin Demirel Avenue
Yenisehir/ Nicosia
POB: 735 T.R.N.C";10;90;90 392 23 14147;www.kthy.net/kthyen/html/;;;;;;0
3488;3384;;2;United States;Smyrna;TN;693 Fitzhugh Blvd.;37167;615-223-7868;615-223-5453;www.regionsair.com;;;ex corporate air;;;0
3487;3383;;2;Nigeria;Kaduna;Kakuri;CV Makera Rd;;234-62 231 010;234 622 325 55;www.chanchangi-airlines.com;;;;;;0
3486;3382;;2;Romania;Timisoara;Giarmata;Timisoara International Airport;307210;40 256 300 995;40 256 300 968;www.carpatair.com;;7;;;;0
3485;3381;;2;Nepal;Lallitpur;;P.O.Box 2167;;977 4477018;977 14477321;www.buddhaair.com;4;7;;;;2
3484;3380;;2;Italy;Rome;;Via L. Bissolati 76;I-00187;39-06-655-08444;39-06-655-08412;www.blue-panorama.com;;;;;;0
3483;3379;;2;Romania;Aeroport Bucuresti-Baneasa;;"Sos Bucuresti-Ploiesti
nr. 40";;40;40 21 2088 601;www.blueair-web.com;;17;;;;0
3482;3378;;2;malaysia;Selangor;;Terminal 3 Lapangan terbang Sultan Abdul Aziz Shah;47200;60;60-37476228;www.berjaya-air.com/;7;3;;;;0
3481;3377;;2;Indonesia;;city = Jakarta;"Wisma Asia
Jl.Warung Buncit Raya No.2";;62 21 79187849;62 21 79187855;;;;;;;0
3480;3376;;2;egypt;Cairo;;5 El-Nasr St.,El Nozha El Gadidah;;202 6230401/2/3;2026230401;www.amcairlines.com/;;17;;;;0
3479;3375;;2;Fiji Islands;Nasoso Road;;Private Mail Bag, Nadi Airport;;679-6737-233;679-6734-840;www.airpacific.com/;7;7;"Maintenance & Administration Centre; check under Pacific sun";;;3
3478;3374;;2;Guinea;;;BP 12 Africa, Conakry;;(224)-412907;224 45 46 09;www.mirinet.net.gn/AirGuinee/;;17;;;;0
3477;3373;;2;Mongolia;;;34 Ulaanbaatar, Mongolia;;976-11-379616;976-91912905;http://www.aeromongolia.mn;;17;;;;0
3476;3372;;1;Italy;Lonate Pozzolo (Va);;Via Monte Grappa 2;21015;390331301760;390331301750;http://www.bcom.it;;3;Make A,B and C checks on A320 family;;;0
3473;3370;;3;USA;Miami;FL;10050 NW 116th Way Ste 15;33178;305-887-4024;305-887-4044;;;;;;;0
3472;3369;;1;USA;Omaha;68106;3336 South 66th Avenue Circle;Nebraska;402-391-8578;402-391-5693;;;;http://www.asibrake.com/;;;3
3471;3368;;3;;;;;;305-541-2303;305-541-0303;;;;;;;0
3470;1186;;2;USA;Manchester;NH;1 Garside Way;03103;;;;7;8;;;;3
3469;3367;;3;;;;;;425 821 8035;0;;;;;;;0
3468;3366;;2;Canada;;;;;1;1;;7;6;;;;3
3467;3365;;2;Poland;;Pszczyna;17, Z. Nalkowska Street;43-200;48 32 210 44 32;48 32 210 44 32;;;17;"also see under AIR GLOBUS - BIURO PODROZY ""GLOBUS""";PL  638 100 0252;;0
3466;3364;;6;;;;;;44;44-4543480464;;;;;;;0
3465;310;;;USA;Denver;NC;PO BOX 488;28037;;828-464-8741;;;0;;;;2
3464;3363;;4;Israel;;;;;972 4 9835120;972 4 9931215;;;;;;;0
3463;3362;;3;Germany;;;;;494212436974;4942124289376;;;;;;;0
3462;3361;;4;United Kingdom;;;;BH24 3SG;44 (0) 1425 469301;44 (0) 1425 469300;;;;parts base;;;0
3461;1372;;;PAPUA NEW GUINEA;MADANG, MP;;PO BOX 1208;511;;;;;0;;;;2
3460;3360;;2;Egypt;;;;;2024172308;202 4185339;;;;http://www.egyptair.com.eg/docs/shorouk/Welcome.htm;;;0
3459;3359;;6;;;;;;0)5 34 36 10 01;0)5 34 36 10 00;;;;;;;0
3458;3358;;5;USA;;Ca;;92614;949 261 8645;949 261 8600;;;;;;;0
3457;3357;;4;Saudi Arabia;;Jeddah;;;96626604862;96626604947;;;;;;;0
3456;3356;;4;;;ks;;;316 686 3434;316 686 0202;;;;;;;0
3455;3355;;4;;;;;;44 1531 634 497;44 1531 633 000;;;;;;;0
3454;3354;;4;USA;Oxford,;FL;23048 Oxford PI Ste D;33433-6855;1-561-208-3826;1-561-208-3827;;;;;;;0
3453;1986;;10;;;;;;;;;7;0;;;;0
3452;3353;;2;;;;;;;;;;17;;;;0
3451;2363;;10;Philippins;;;;;;;;7;7;;;;0
3450;3352;;10;Malaysia;;;;;;;;;;;;;0
3449;3351;;1;;;;;;1-905-673-9915;1-905-673-9918;http://www.midcanadamod.com/;4;;;;;0
3448;3350;;2;Sweden;;;"Stockholm Bromma Airport
37435 Bromma";;46- 8-282902;46-8-7996615;www.iba.nu;;;;;;0
3447;3349;;2;;;;;;385 51 325 426;385 51 325 425;info@airadriatic.com;;;;;;0
3445;3347;;2;Ukraine;kiev;OT;Intl Airport Borispol-7;01032;38 044 296 7533;38 044 230 0088;http://www.aerosvit.com/;;17;;;;0
3444;3346;;4;;;;;;;;;;;;;;0
3443;3345;;2;Venezuela;Caracas;;"Ave. Francisco de Miranda, Torre Bazar Bolivar
Piso 8, El Marques";;58-212-2020151;58-212-2020102;http://www.laser.com.ve/;;;;;;0
3442;3344;;4;Serbia and Montenegro;;;;;381 11 3621 153;00;http://www.airpink.com;;;;;;0
3441;3343;;2;Greece;;;;;30 2810 222167;30 6977 43 13 27;;;;;;;0
3440;3342;;2;Jordan;;;;;00962 6 5603102;00962 6 5656536;;;;;;;0
3439;3341;;2;Cyprus;;;;;357 22 446803;357 22 399000;freedomairways@cytanet.com.cy;;;suspended operations;;;0
3438;3340;;4;SOUTH AFRICA;;Lanseria, Gauteng, NA 1748;Hangar No.7;;27 (11) 701-3485;27 (11) 701-3210;;;;;;;0
3437;3016;;2;Austria;;;;;;;;;7;;;;0
3436;2462;;2;Switzerland;;;;;;;;;7;;;;0
3435;3339;;2;;;Douala;;;+237-3433526;+2377750555;;;;;;;0
3434;3338;;2;Thailand;Bangkok;;"138/70 Jewelry Center
17/F Nares Road";10500;(66) 25 04 37 46;(66) 25 35 36 44;http://www.orient-thai.com;;7;;;;0
3433;2457;;3;;;;;;;;;;0;;;;0
3432;3337;;3;;;;;;305;305 969 8099;;;;;;;0
3431;3336;;3;USA;;;;;480-905-2477;480-998-2420;JR@Mercurytradingco.com;;;;;;0
3428;3335;;6;Germany;;Buxtehude;Lueneburger Schanze 30;21614;49 (0) 40 743 / 7 45 52;49 (0) 40 743 / 7 45 00;http://www.kid-systeme.de;;;;;;0
3427;1532;;;;Köln;;"Flughafen Köln/Bonn 
        Heinrich-Steinmann-Straße";51147;;;;;0;;;;0
3426;3334;;5;;;Iselin NJ;"101 Wood Avenue

101 Wood Avenue";08830;732) 205;(732) 205-5000;;;;;;;0
3425;3333;;2;Brazil;;Sao Paulo;"Rua Tamoios 246 Jardim Aeroporto
Jardim Aeroporto";04630-000;55 (11) 21616247;55 (11) 5033-4203;;;7;http://www.voegol.com.br/;;;0
3423;3331;;3;Pakistan;;;;;9221 5821983;9221-5385632,5685633;www.royalpakistan.com;;;;;;0
3422;171;;;France;LE PECHEREAU;;ZI DE LA BOURDINE;36200;;;;;0;;;;6
3421;3330;;6;USA;;AZ;11034 N. 23rd Rd;85029;;602-365-3099;;;;;;;0
3420;3046;;;Netherlands;Schiphol-Oost;;Brequetlaan 67 (Oude Meer) Po Box 75116;1117 ZR;;;;;0;;;;0
3419;3329;;3;;;;;;818;818,848,2900;;;;;;;0
3418;3328;;3;;;;;;1;203-877-3674;;;;;;;0
3417;3327;;3;;;;;;954-241-5191;954-927-3883;[ben@parts-x-change.com;;;;;;0
3416;2547;;;;;;;;;;;;0;"PAS - 727- 849-9240
Helicopter Support, Inc., (HSI) 203-795-6051";;;0
3415;3326;;4;canada;;;;;514 333 6997;514 333 7199;;;;;;;0
3414;3315;;2;algérie;Alger;;Houari Boumedienne Airport;;;213 29 73 78 49;www.tassiliairlines.dz;7;6;"www.tassiliairlines.com; http://www.tassiliairlines.dz";;;0
3413;3120;;;usa;tiyan;;Cape Air Maint. Dept c/o ACI Pacific - 17-3404 neptune drive;guam;1-671-475-2276;1-671-475-273;;;0;;;;5
3412;3325;;4;USA;;long beach CA;5393 appian way;90803;714 871 4621;714 992 2453;;;;;;;0
3411;3324;;4;USA;;NY;79 Styles Way, Sky Acres Airport, Lagrangeville;12540;845-677-6252;845-677-8185;;;;;;;0
3410;3323;;4;UK;;west sussex;21 calluna drive, copthorne;RH10 3XE;+44 1293 571 676;+44 1293 565 466;;;;London Gatwick;;;0
3409;3322;;4;USA;;Menphis  TN;3900 willow lake blvd;TN 38118;901 365 1482;901 362 8600;;4;;;;;0
3408;3321;;1;USA;Boerne;TX;1281 North Main;78006;830 249 3275;830 249 3399;;;;;;;0
3407;3320;;1;;;;;;817-477-0575;817-477-9014;;;;;;;0
3406;3313;;3;Brazil;;;;;;;;;0;;;;0
3405;3314;;2;Netherlands Antilles;Willemstad Punda;Curacao;Pietermaai 33-35;;;;;7;8;BonairExel, or Dutch Eagle Express N.V., a part of Exel Group, see Exel Tech. Www.flydae.com;;;2
3404;2070;;2;Bahamas;Naso;;P.O.Box N-4881;;;;http://www.bahamasair.com;7;6;;;;0
3403;3312;;2;Georgia;tbilisi;;40 J. Shartava;160;;;http://www.airzena.com;;17;;;;0
3402;3311;;2;Slovakia;;;;;;;;7;3;;;;0
3401;3319;;4;ISRAEL;;;;;972-974-01155;972-974-02111;;;;;;;0
3400;3318;;4;USA;;TX;4275 kellway circle suite 160;75001;972 733 0181;972 733 0123;;;;;;;0
3399;3307;;3;MEXICO;;;;;;;;;0;;;;0
3398;3317;;3;USA;;FL;;;1-954-617-7707;1-954-617-7700;;;;;;;0
3397;2153;;3;MALAYSIA;;;;;;;;;0;;;;0
3396;317;;;Ireland;Co. Dublin;;The Plaza, New Street, Swords;;;;;;0;;IE 658 784 9U;;2
3395;788;;5;Myanmar;;;;;;;;;0;Air Mandalay;;;0
3393;3316;;3;spain;;Apartado;Aeropuerto de Cuatro Vientos;;34-915083914;34-915089940;;;;;;;0
3387;3310;;3;USA;;NJ;;07652;201 226 0402;201 226 0400;;;;;;;0
3385;3308;;6;Italy;Latina;;via appia km 66.400;041013;390773631546;390773689528;;;;Ask for Batch No on UNITS & doc Supplied;;;0
3383;3306;;4;;;;;;630;630-7626044;;;;Purch Spares from CRJ Grnd Incidant in China  probably SHEIN A/L;;;0
3382;3305;;1;;Spokane;;;;509-747-4062;509) 747-2904;;;;;;;0
3381;3304;;6;;;;;;44 1293 562066;44 1293 562011;;4;;;;;0
3380;3303;;4;Malaysia;;;11-3, JALAN SS 23/11, TAMAN SE PETALING JAYA, SELANGOR - Shahalam;47400;603-7806 5600;603-7803 1350;;;;;;;0
3379;3302;;7;;;;;;43;436811;;;;;;;0
3378;3301;;1;;;;;;0241738040;0241733883;;;;;;;0
3377;2459;;1;Singapore;;;;;;;;;0;;;;0
3375;3300;;4;USA;;;;;305-675-05.94;305-871-75.26;;;;;;;0
3374;3299;;3;;;;;;305-599-9698;305-594-4949;;;;;;;0
3373;3298;;3;;;;;;305-882-0175;305-882-0155;;;;;;;0
3372;3297;;3;;;;;;914-242-8514;914-242-1800;;;;;;;0
3371;3296;;3;S. AFRICA;;;;;27117013243;271;;;;;;;0
3370;2568;;3;USA;;MIA;;;;;;;0;;;;0
3369;3295;;2;NETHERLANDS;;;OUDE-MEER;B40W;31206055834;0031 20 6055811;;;;;;;0
3368;1369;;;France;MITRY-MORY;;RUE RENE CASSIN / ZAC DE LA VILLETTE AUX AULNES;77290;;;;;0;BAX Warehouse;;;3
3367;3038;;2;Philippines;Pasay City;;AOC, Domestic Road 1301;(632) 851;;(632) 851 9460/851-5956;;4;7;www.cebupacificair.com;;;3
3366;3294;;9;;;;;;01 55 21 20 16;01 55 21 20 00;;;;AOG TRANSPORTER;;;0
3365;3293;;3;;;;;;775-856-2144;775-856-2000;;;;;;;0
3364;3292;;1;;;;;;201-507-8863;201-507-8855;;;;;;;0
3363;3291;;1;;;;;;403-291-2987;403-250-2644;;7;;Related to Avmax;;;0
3362;3290;;3;;;;;;44-1264-338899;44-1264-338866;;;;;;;0
3361;3289;;3;Australia;;NSW;29 Norman Street, Peakhurst, Sydney;2210;61 2 9534 3630;61 2 85 25 6444;;;;;;;0
3360;3288;;3;;;;Miami, FL 33172;;305-594-2338;305-594-2220;;;;;;;0
3359;3287;;6;;;;;;909-947-7994;909-947-2725;;;;;;;0
3358;3286;;1;Italy;Marcianise Sud ( CE );80125;Stabilimento c/o ASI Caserta Loc. Ceraso;;39.0823.827391;39.0823.823097;;;;COMPOSIT REP;;;5
3357;3285;;6;;;;;;570-288-0902;570-288-9331;;;;PULLEY MFG;;;0
3356;1197;;10;Jordan;;;;;;;;;7;;;;0
3355;3284;;4;;;;;;2;251-432-8787;;;;;;;0
3354;2480;;2;Poland;;;;;;;;;17;;;;0
3353;2578;;2;Malta;;;;;;;;7;7;;;;0
3352;3283;;4;;;;;;32-59500884;32-59513430;;;;;;;0
3351;3282;;5;USA;Dallas;TX;14936 Trend Drive;75234;1 972-488-8449;1 972-488-0580;;;;;;;0
3350;3281;;3;USA;Miami;FL;6785 NW 169 St. # C;33015;305-828-7100;305-812-5027;;;;;;;0
3349;3280;;3;Brazil;Sao Paulo;SP;Rue Maestro Joao Gomes de Araujo 50;02332-020;55-11-6950-1749;55-11-6950-1852;;;;;;;0
3348;3279;;1;;;;;;9;614-237-4271 Ext 105;;;;;;;0
3347;3278;;3;;;;;;1;760-804-3147;;;;;;;0
3346;3277;;4;Malaysia;;;"No 1-1 Ist Floor Jalan
               47620 UEP Subang jaya";;60;60356337673;;;;Have a customer with ATR4-320 and ATR42-500;;;0
3345;3276;;6;;;;;;602-436-5144;866-825-5428;;4;;debbie.bell@honeywell.com;;;0
3344;3275;;3;;;;;;828-651-0430;828-651-0230;;;;;;;0
3343;3274;;3;USA;aaa;;aaa;11;425-251-4664;425-251-4681;;;;;;;0
3342;3273;;6;;;;;;847-498-4172;847-714-1119;;;;MFG KNOB - INST;;;0
3341;3272;;1;USA;;AZ;3673 S Bullard Ave Suite 122, Goodyear;85338;623-932-1935;623-932-1934 / 293-8118;;;;CERT APPRV No GOXR924Y;;;0
3340;3271;;3;;;;;;954-351-7766;954-351-7755;;;;;;;0
3339;3270;;3;USA;Miami;FL;6300 NW 99th Avenue;33178;305-500-9040;305-500-9007;;9;;;;;0
3338;3269;;3;;;;;;44;44-1295-724-558;;;;;;;0
3337;1708;;;fr;rennes cedex;;bp 28- 22 rue claude bernard;35 088;02 99 01 30 80;02 99 01 31 32;;;0;Adresse de réclamations - Mme Aurélie MOREL;;;2
3336;3268;;4;Spain;Madrid;;Aguetol 7;28042;34-91-312-1574;34-91-747-2444;;7;;;;;0
3335;3267;;3;USA;Newnan;GA;360 West Aviation Way, Newnan-Coweta Airport CCO;30263;770-254-1502;770-254-0520;www.aviationenterprises.net;7;;;;;0
3334;3046;;;Netherlands;Maastricht airport;Maastricht;Air Exel - PO Box 300;6199 AC;;;;;0;;;;2
3333;128;;2;Turkey;;;;;;;;;17;have contractual methods in logistics, thus,  not interested in seperate third parties;;;0
3332;3266;;3;;;;;;210;210-680-8181;;;;;;;0
3331;2574;;;USA;St. Louis;MO;P.O. Box 798206;63179-8000;;;;;0;***REMITTANCE ADDRESS***;;;2
3330;3265;;3;USA;;;;;818-988-8026;818-988-8025;;;;;;;0
3329;3264;;3;USA;DOUGLAS;MI;67 1/2 LAKESHORE - PO BOX 1008;49406;269;269-857-3779;;;;;;;0
3328;3263;;4;;;;;;954-236-2200;954;;;;08/04 LOOKING TO PURCHASE AN ALLISON/ROLLS AE3007A1 ENGINE;;;0
3327;3262;;3;;;;;;630-782-5552;630-782-5550;;;;;;;0
3326;3261;;3;;;;;;954-771-9961;954-771-4471;;;;;;;0
3325;3260;;1;United Staes;;;;;954-524-1986;954-525-5456;;;17;;;;
3324;315;;9;France;Roissy CDG;;"14, Rue de la Belle Borne
Fret 5 Sogaris Bat. 5";95706;;;;;0;;;;13
3323;3259;;3;France;;Le Havre cedex;Route des Alizées - zi le havre sandouville - BP 1033;76430;02 3524 0422;02 3511 7120;leh.ttasca@sdv.com;;;;;;0
3322;3258;;3;;;;;;305-437-8177;305-687-4489;;;;;;;0
3321;3257;;3;USA;Santa Clara;UT;2265 Julie Drive;84765;435-986-9692;435-986-9691;jetairwest@msn.com;;;;;;2
3320;3256;;3;;;;;;404-767-8999;404-767-9333;;;;;;;0
3319;696;;;France;ROISSY CDG CEDEX;;5 rue de la Jeune Fille - zone de fret 4 - bat. 3422C;95724;;01-4862-7735;;;0;"CDG OFFICE; ex LAB-TAT Ind.";FR 53 328 905 997;;3
3318;3255;;1;;;;;;305-463-0473;305-463-9333;;;;COMPOSITE SHOP;;;0
3317;3254;;1;;;;;;441707272146;44;;;;HAMILTON SUNDSTRAND APU PT NO 4501690A AS FITTED TO BAE146.;;;0
3316;1275;;;France;franconvile;;cadet de vaux-mail du centre- 3 allée hector berlioz;95130;;;holmco@wanadoo.fr;;0;Distributer;;;0
3315;3253;;6;USA;Anniston;AL;1 Cliff Garrett Drive;36201;(256) 835-4191;(256) 835-4206;;4;;;;;8
3314;280;;;Botswana;Gaborone;;Sir seretse khama intl airport - po box 92;;;;;;0;;;;2
3313;562;;;France;TREMUSON;;Aéroport de ST Brieux Armor;22 440;;02 96 76 70 78;;;6;;FR 02 400 161 501;;3
3312;2077;;3;USA;MIAMI;FL;3545 nw 115 ave.;33178;;;;;0;;;;3
3311;3251;;3;United Arab Emirates;;;;;0;0;;;;;;;0
3310;3250;;3;;;;;;1;1;;;;;;;0
3309;3249;;3;USA;MIAMI;FL;13034 S.W. 133 Court;33186-5847;305 232 2131;305 232 9449;;;;customer in Brazil;;;3
3308;3248;;4;Canada;;Ontario;7895 Tranmere Dr Unit 14, Mississauga;L5S IV9;905-672-2917;905-672-7167;;;;;;;0
3307;3247;;5;USA;;CA;23987 Craftsman Road, Calabasas;91302;818-223-9658;818-223-8574;;;;;;;0
3306;3246;;2;Colombia;Bogotá;;;;57+1+6104000;57+1+6104000;an_chaves@yahoo.com.mx;;;;;;0
3305;3245;;5;UK;Lydney;Glos.;Church Road;GL15 5EN;44 1594 844719;44 1594 847290;;;;www.wattsgroup.co.uk;;;0
3304;3244;;2;MEXICO;;;;;;;;;8;;;;0
3303;3243;;4;;;;Arlington, Texas;;8;817-595-1414;;;;Spanish;;;0
3302;3242;;3;;;;;;55 11 3842-8414;55 11 3842-8400;;;;;;;0
3301;3241;;4;;;;;;44-1643-708-622;44 1643 709612;;;;P BASE MDG???;;;0
3300;3240;;3;;;;;;31 153808637;31 611352619;;;;;;;0
3299;3239;;4;USA;RACINE;WI;P.O. BOX 044318;53404-7006;1-262-639-8597;1-262-639-8550;;;;Hi Risk;;;0
3298;3238;;4;;;;;;954;954-491-3005;;;;;;;0
3297;3237;;8;Ireland;;;;;351;351-21446-9048;;;;;;;0
3296;3236;;1;USA;Tempe;AZ;4816 South Ash Ave. Suite 102;85282;480-730-9952;480-730-7905;;;;;;;0
3295;3235;;5;USA;Hartford;CT;190 Elliott Street;06114;860 527-6047;860 525-6907;;;;;;;0
3294;3234;;1;Canada;Laval;Quebec;600 3rd Ave;H7R 4J4;514-631-3339;514-631-2173;;;;;;;3
3293;3233;;4;Bogota, Colombia;;;;;312-602-3705 in USA;312-284-0162   US;;;;;;;0
3292;3232;;1;OTTAWA, Canada;;;;;1;1;;;;;;;0
3291;3231;;5;USA;Miami;FL;6900 NW 52nd St;;305 593 8299;305 477 9755;;;;No Cert and Butch No - not to use this Supplier !;;;0
3290;3230;;3;USA;Charlotte;NC;2345 B Township Road;28276;704-504-9205;704-504-9204;;8;;;;;3
3289;3229;;3;;;;;;918-832-1141;918-832-1642;;;;;;;0
3288;3228;;3;;;;;;732-417-9191;732-417-1717;;;;;;;0
3287;3227;;4;;;;;;909-344-8372;909-704-2500;;;;;;;0
3286;3226;;12;Spain;madrid;;AVDA. DE LA INDUSTRIA, 6-8, 28108 ALCOBENDAS;28108;707-445-1244;707-445-0179;;;;;;;0
3285;3225;;3;;;;;;707-445-1244;707-445-0179;;;;;;;0
3284;3224;;3;;;;;;949-553-1035;949-863-4950;;;;;;;0
3282;2832;;;UK;Fleniing Way, Isleworth Middlesex, TW7 61DB;;5/6 Victory Business Center;;;;;;0;;;;1
3281;3223;;6;Germany;;;;;+49 6109 303-332;49) 61 09 3 03-0;http://www.nord-micro.de;;;;;;0
3280;3222;;3;France;;ROISSY AEROPORT CDG;Zone de Fret 3 - BP 124398 - rue des 2 cèdres - aerogare des agents de fret;95707;01 48 16 74 47;01 48 16 74 60;;;;;;;0
3278;3220;;3;France;;;;;0800 583 383;0800 580 400;;;;;;;0
3277;3219;;4;USA;Berlin;CT;119 White Oak Drive;06037;860-828-6531;320-215-5663;ajaniec@mecanexusa.com;12;14;;;;3
3276;3218;;3;;;;;;718-656-7009;718-244-6215;;;;;;;0
3275;3217;;4;;;;;;714.846.0291;714.846.2062;;;;;;;0
3274;3216;;6;;;;;;1;1;;;;;;;0
3273;3215;;;FR;ROISSY CDG;;14 rue de la belle borne-fret 5 - BP 16006 TREMBLAY;95722;;;;;0;;;;0
3272;3215;;3;;;;;;01 41 84 33 35;01 41 84 33 33;;;;;;;0
3271;3214;;4;INDIA;;;;;91-11-516-38980;91;;;;UK Office also;;;0
3270;1914;;;ITALY;Torino;;c/o Geo Logistics Interporto Sito Tangenziale Sud;10040;;;;;0;;;;0
3269;3213;;3;France;;ROISSY CDG;RUE DES VOYELLES - BAT. 3512 - Zone de fret 4;95704;01 4862 9771;01 4816 9925 / 27;;;;;;;0
3268;3212;;9;France;Tremblay en France Roissy CDG Cedex;;Rue du Chapelier Zone de Fret 4 - B. P. 10429;95707;01 48 62 58 32;01 48 16 38 95;g.meyer@dahergroup.com;;;;;;0
3267;2072;;2;Colombia;;;;;;;;;7;;;;0
3266;3211;;4;South Africa;Cape Town;;Signature Flight Build Intl Airport;7525;972-317-7279;972-317-5053;;;;Registered as: Helicopter and Aircraft spare parts cc;;;3
3265;3210;;4;USA;Canoga Park;CA;21520 Blythe Street, Unit D;91304;818-716-5699;818-716-5696;;;;;;;3
3264;3209;;4;Calgary, Alberta, Canada;;;;;1;1;;;;;;;0
3263;3208;;4;;;;;;44 2476301958;44 2476217661;;;;FAX OR EMAIL QUOTE TO +441667462591 ben@highlandairways.co.uk;;;0
3262;3207;;6;;;;;;01-4983-0207;01-4883-2537;;;;;;;0
3261;3206;;1;;;;;;44-1420-80644;44-1420-80633;;;;;;;0
3260;3205;;4;USA;;;;;321-777-0499;321-773-5710;;;;;;;0
3259;1345;;;GREECE;SPATA;;ELEFTHERIOS VENEZELOS INTL AIRPORT - BUILDING 57;19019;30 210 356 4542;30 210 356 4580;;;;;EL 094 019 350;;2
3258;3204;;1;Estonia;;;;;372-640-1116;372-640-1123;;7;4;Estonian Air. 100% owend by SAS;;;0
3257;3203;;4;;;;;;305;305-779-4965;;;;;;;0
3256;1292;;;USA;Van Nuys;CA;16539 Saticoy Street;91406;1-818-756-3300;1-818-933-6101;;;0;Repair Shop;;;2
3255;3202;;2;Spain;;;;;;;;;7;;;;0
3254;3201;;3;France;roissy cdg;;fret 3 - 10 rue des 2 cedres bp 16435;95707;01 4862 6743;01 4862 3352;;;;;;;0
3253;1351;;;TAHITI;PAPEETE;;Boulevard Pomare - PO BOX 314;98713;;;;;0;;;;2
3252;3200;;4;;;TX;;;713;713-465-7333;;;;;;;0
3251;3199;;3;;;;;;281;281-997-3555;;;;;;;0
3250;3198;;4;;;;;;770 632 7931;770 632 7930;;;;;;;0
3249;3197;;4;;;;;;8;818-996-7050;;;;;;;0
3248;1349;;;TUNISIE;TUNIS - CARTHAGE;;Direction Financière;2035;;;;;0;;;;2
3247;3196;;1;;;;;;39-0583-429-447;39-0583-429640;;;;AUGUSTA & Bell Rep Shop;;;0
3246;3195;;3;;orly aerogare cedex;;orly fret 863;94551;01 4975 0274;01 4975 0270;;;;;;;0
3245;3194;;4;USA;MIAMI;FL;20451 NW 2 AVE SUITE 104;33169;305-651-5376;305-651-1905;;5;;;;;0
3244;3193;;3;USA;Doral;Florida;10830 NW 27th Street;33172;305-592-0678;305-477-6865;;;;;;;3
3243;3192;;3;;;;;;1-954-359-4339;954-359-4200;;;;HAWKER 700;;;0
3242;3191;;3;UNITED ARAB EMIRATES;DUBAI;;"UNIT B2 & C26; DUBAI AIRPORT FREE ZONE, PO BOX 54346";;9714-299-4066;9714-299-4055;;;;;;;3
3241;3190;;3;France;roissy cdg;;Zone de fret n°2- BP 10533 - 3 rue du trait-d'union;95709;01 4862 9557;01 4864 8210;;;;;;;3
3240;3189;;3;;;;;;44 1438832092;44 1438832514;;;;;;;0
3239;3188;;4;;;;;;413;413-569-3131;;;;;;;0
3238;3187;;1;INDONESIA;;;;;6221-5501624;62;http://www.gmf-aeroasia.co.id;7;3;;;;0
3237;3186;;1;;;;;;44-494-464076;44-1494-436124;;;;;;;0
3236;3185;;3;Canada;Calgary;AB;Bay#5, 2320 35 Avenue NE;T2E 6S9;403.717.1754;403.717.1744;;8;;"1375 Aimco Boulevard, Units 7&8
Mississauga, Ont L4W 1B5";;;1
3235;3184;;6;;;;;;203-746-2494;203-746-0400 x312;;;;;;;0
3234;1303;;;France;ROISSY CDG CEDEX;;5 rue de la jeune fille . fret 4 bat 3422C;95709;;;;;0;Roissy CDG Hub MAIL ADDRESS;;;3
3233;3183;;4;;Miami;FL;"12955 Biscayne Boulevard
Suite 400";33181;305-981-8955;305-981-8988;;;;P BASE;;;0
3232;3182;;1;Spain;;;;;34 971 795 602;+34 971 795 054;;7;3;Brakes, Wheels;;;0
3231;3181;;6;;;;;;310-836-4926;310-202-8820 ext. 207;;;;;;;0
3230;3180;;4;;;;;;44-20-7900-1635;44-20-7900-1635;;;;P BASE;;;0
3229;1339;;;Canada;Enfield;NS;"Counter at Halifax intl airport
1 Bell Blvd, Compart #1660";B2T 1K2;902.873-3567;902.873-3566;;;0;Final destination: St Pierre et Miquelon.;;;5
3228;3179;;6;;;;;;441236722616;441236458555;;;;;;;0
3227;3178;;2;Bulgaria;;;;;1;1;;;17;A320 (Balkan Holidays),;;;0
3226;3177;;2;;;;;;852 31938835;852;;;7;A320;;;0
3225;3176;;4;;;;;;305-207-3307;305-554-9591;;;;;;;0
3224;3175;;4;Indonesia;;;;;62,;62.81.29240976;;;;P BASE;;;0
3223;3174;;1;;;;;;49 (0)2571 952 909;49 (0)2571 952 900;;;;;;;0
3222;3173;;11;Canada;MONTREAL;QC;2353 de Bordeaux;H2K 3Z1;1 514-221-3340;1 514-525-3232;sales@eproc-solutions.com;4;14;;;;2
3221;3172;;2;Australia;Tullamarine;;Eng Support Bld | Ground Fl' Operations Rd;VIC 3043;61296918735;61296917137;;7;3;;;;3
3220;3171;;2;;;;;;859-905-1516;859-905-1591;;;17;;;;0
3219;3170;;3;;;;;;1-661-824-1111;1-661-824-3333;;;;;;;0
3218;810;;;;;;;;;800-211-8787;;;;;;;0
3217;3169;;4;;;;;;305 259-8802;305 255-9489;;;;;;;0
3215;3168;;11;India;;;;;;;;;;;;;0
3214;3167;;4;;;;;;55-11-5032-1982;55-11-5032-0341;;;;P BASE work in Mia;;;0
3213;3166;;4;;;;;;905-602-7982;905-602-1551;;;;Parts Base;;;0
3212;1223;;;Finland;Technical services;JT/27;Finnair PLC;01053;;;;;;;FI 01080233;;2
3211;3165;;3;France;;Roissy CDG;1 rue du tarteret - zone de fret 1;95709;01-4862-8509;01-4862-8500;;;;;;;0
3210;3164;;2;USA;;DENVER;"12015 E. 46th St
Suite 200";80239;1-720-374-4389;1;;;7;ILS;;;0
3209;3163;;3;Netherlands;;;;;;2;;;;;;;0
3208;3162;;1;USA;Londonderry;NH;14 Tinker AVE;03053;(603) 657-7337;(603) 657-7336;;;;;;;0
3207;3161;;3;;;;;;718-592-9474;718-592-0110;;8;;;;;0
3206;3160;;3;;;;;;44 1903208200;44 1903208400;;;;;;;0
3205;3159;;4;75009, PARIS, France;;;;;01 45 23 41 29;01 45 23 41 33;;;;dmotte@l-s-e.fr URL : www.l-s-e.fr;;;0
3204;3158;;2;SPAIN;BALEARES;;;;34971789181;34;;7;7;RR ENGINE TREND 700 SERIES;;;0
3203;3157;;3;USA;Margate;FL;5445 NW 24th street;33063;954-979-1104;954-979-1103;;8;;;;;1
3202;3156;;9;;;;;;01 4685 8199;01 4685 8002;;5;;;;;0
3201;3155;;9;fr;roissy cdg;;16-20 rue du trait d'union - zone de fret II - bat 3700 - bp10545;95709;0;0820 20 80 80;;4;;CDG HUB;;;0
3200;3154;;5;Singapore;;;;;1;1;;;7;Interesting source in Singapore;;;0
3199;3153;;10;France;Cornebarrieu;;Z.A Jean Mermoz, Rt. de Toulouse;31700;33;33;;5;6;Group including: Latele, MFG fuslage and Harness for CRJ, ERJ, Airbus;FR35352373492;;2
3198;3152;;6;;;;;;33;33;;;;produces electrical harnesses;;;0
3197;3151;;1;China;;;;;2;2;;7;1;"IN services in ASIA; CRJ for CR Airways";;;0
3196;3150;;6;;;;;;1;1;;;;;;;0
3195;3149;;4;;;;;;1-;1-;www.eastair.com;;;;;;0
3194;3148;;6;;;;;;1;(206) 632-4456;;;;;;;0
3193;3147;;2;USA;;OH;;;1-;1-;;7;;;;;0
3192;3146;;3;;;;;;8;8;;;;"three EMBRAER 170s;It expects to have 39 EMBRAER 170s by end of 2004.";;;0
3191;3145;;3;UK;;;;;44 1273748833;44 1273748000;;;;;;;0
3190;3144;;3;USA;Glenview,;IL;1811 Elmdale Avenue;60026-1355;847-657-9197;847-657-8666;;;;;;;3
3189;3114;;1;UK;;;;;;;;;;;;;0
3188;3143;;1;ITALY;Roma;;Via Mameli - P.G. 139 Aeroporto Ciampino Ovest;00040;39-06-79340321;39-06-79340320;;7;;;;;0
3187;3142;;1;USA;Hollywood;FL;"2851 Evans St.
Hollywood, FL 33020-1119";33020;1 (954) 923-3223;(954) 923-3213;;;;;;;3
3186;3141;;2;Venezuela;;;;;58-;58-;;7;3;;;;0
3185;3140;;4;Israel;;;;;972 3 6824189;972 3 6824190;;9;;WWW.LANDSINLOVE.COM;;;0
3184;3139;;1;Denmark;;;;;4;4;;;7;;;;0
3183;3138;;5;;;;;;03-4453-4999;03-44216868;;;;Consumable -Rivet dist;;;0
3182;3137;;3;;;;;;508-775-4489;508-778-7788;;;;;;;0
3181;3136;;4;;;;;;435-986-9692;435-986-9691;;;;;;;0
3180;3135;;3;USA;;;;;8;8;;;;;;;0
3179;3134;;1;USA;VAN NUYS;CA;8210 HASKELL STREET;91406;;954-923-8661;mdalton@aviall.com;;;;;;3
3178;3133;;3;;;;;;8;"8
      Fax:   1 305-254-2156";;;;;;;0
3176;3131;;1;USA;DFW Airport;Texas;2750 Regent Blvd.;75261;954-922-1593;954-926-3911;;;;Dallas Wheel & Brake Shop;;;3
3175;3130;;1;U.A.E;Block C Unit 19;Dubai;Dubai Airport Free Zone;54349;971 42996588;971 42996585;;7;;;;;3
3174;3129;;9;France;ROISSY CDG;;zone d'entretien - BP 10156 - Route de l'arpenteur;95 705;0;0820 123 800;;4;;;;;0
3173;3128;;3;GLOUCESTER, ONTARIO   Canada;;;;;613-736-0789;6;;;;03/04 PARTING OUT FALCON 20 S/N 19;;;0
3172;3127;;2;Colombia;;;;;;;;;;fax 2 011 574 5699265;;;0
3171;3126;;2;TAIWAN;;TAOYUAN;"Supply Dept.
CKS International Airport";utc+8;8863-3987721;8;http://www.china-airlines.com;;;;;;0
3170;3125;;3;;;;;;760 836-9258;760 836-3388;;;;;;;0
3169;3124;;6;;;;;;31 45 5732201;31 45 5732200;;;;;;;0
3168;1914;;1;ITALY;Torino;;Piazza Arturo Graf 147;10126;;39-011-693-2481;;4;;-;IT05635550014;;0
3167;3123;;1;;;;;;906-346-8157;906-346-8135;;;;;;;0
3166;3122;;1;;;;;;901-363-7494;901-363-5337;;;;;;;0
3165;3121;;3;;;;;;972-612-1731;972-519-0915;;;;;;;0
3164;3120;;2;USA;hyannis;MA;660 barnstable road;02601;1-508-778-1870;1-508-771-6944;;4;8;Hyannis Air Service, Inc. dba Cape Air/Nantucket Airlines;;;2
3163;3119;;2;;;;;;8;8;;;;;;;0
3162;3118;;2;USA;;FL;;;8;8;;;7;are under contract with Lufthansa;;;0
3160;3116;;3;;;;;;631-842-8040;631-842-8989;;;;;;;0
3159;3115;;6;JAPAN;;tokyo;JAL Building, 4-11 higashi-shinagawa 2 chome + shinagawa-ku;140-8636;81 3 5460 7205;81 3 5460 7112;;5;;;;;0
3157;1738;;;JAPAN;;;;;;;;7;;;;;0
3156;2940;;2;Saouth Africa;;;;;;;;;7;;;;0
3155;3113;;4;;;;;;8;8;;;;;;;0
3154;3112;;3;USA;MIAMI;FL;8786 NW 18th Terrace;33172;305-597-0105;305-597-0222;;;;;;;0
3153;3111;;3;UK;Horsham;West Sussex;Nightingale House - Nightingale Road;RH12 2NW;44 1403791144;44 1403791100;;;;;;;3
3152;3110;;4;;;;;;9;954-977-0400;;;;;;;0
3151;3109;;3;;;;;;954-442-0555;954-442-9335;;;;;;;0
3150;1245;;;;;;;;;;;;;--- delete ---;;;0
3149;3108;;12;Italy;Gallarate (VA);;Via Schiaparelli, 8;21013;39 0331 285884;39 0331 285861;info@azzurraair.it;;;;;;0
3148;3107;;3;;;Ecuador;;;59-342481185;59-342485514;;;;;;;0
3147;3106;;2;Ukrain;Kiev;;International Airport Borispol-7;08300;380;380;;7;13;www.ukraine-international.com/eng;;;0
3146;1054;;;Canada;Kanata;ON;20 Cope Drive;K2M 2V8;;613-254-6200;;;;LINDA WATTERS;;;2
3145;1054;;;Canada;GLOUCESTOR;ON;100 Thad Johnson RD;K1VOR1;613 688 2672;613 688 2511;RBYRNES@FIRSTAIR.CA;;;Send parts to this address;;;5
3144;3105;;4;;;;;;706-798-0348;706-798-7500;;;;;;;0
3143;3104;;4;;;Canada;;;519-751-0318;519-756-7870;;;;P BASE;;;0
3142;3103;;4;;;;;;44 2-089-253749;44 2-085-317636;;;;P BASE;;;0
3141;3102;;3;Bulgaria;;;;;359-2-;359-2-9424133;;;;;;;0
3140;3101;;2;REUNION;Sainte Marie;;Aéroport Roland Garros;97438;262;262;;;;;;;0
3139;3100;;1;;;;;;05-6185 8329;05-6106 3059;;;;P-Base;;;0
3138;3099;;4;;;;;;305-178-2214;305-278 7530;;;;03/04 Big List ATR 72 -500 Wanted;;;3
3137;3098;;4;;;;;;972-418-9293;972-418-9292;;;;;;;0
3136;3097;;3;;;;;;954-725-5535;954-725-5530;;;;;;;0
3135;3096;;2;USA;Madisson;MS;;;601.607.6531;601.607.6376;;;;formerly Vertex Aerospace LLC, OEM;;;0
3134;3095;;2;;;;;;44-1624;44-1624;;;;ceased operations on May 9. 2008;;;0
3133;3094;;1;The Netherlands;Eindhoven;;Luchthavenweg 81-134;5657;31-;31-;;;;Doing purchasing for KLM EXEL;;;0
3132;3093;;2;Greenland;;;;;(+299) 329375;(+299) 343414;;7;7;MD500 HELICOPTER PARTS FOR SALE;;;0
3131;3092;;4;Germany;;;;;49-21;49-21;;;;;;;0
3130;3091;;4;;;;;;49 2161 5623 593;49;;;;EAE ctc;;;0
3129;3090;;1;;;;;;44-1273-234190;44-1273-234181;;;;;;;0
3128;3089;;4;;;;;;513-624-3130;513-624-3131;;;;;;;0
3127;3088;;4;;;;;;305-594-0242;305-594-7338;;;;;;;0
3126;3087;;2;Germany;Berlin;;"Flughafen Berlin-Tegel
Gebaude N 1 - Hanger";D-13405;49;49;;;;two Fokker 100s at Berlin;;;0
3125;3086;;6;;;;;;949;949-660-0666;;;;;;;0
3124;3085;;6;;;;;;05;05 5369 5869;;;;;;;0
3123;3084;;4;Spain;;;;;34-;34-;;;;Europarts Aviation;;;0
3122;3083;;3;USA;Alpharetta;GA;5910 Shiloh Rd. East  -  SUITE 116;30005;231-386-7073;231-386-7075;;5;;-;;;1
3120;3081;;4;;;CA;;;562-690-8964;562-691-6353;;;;;;;0
3119;3080;;1;;Buenos Aires;;;;54-11-4723-2814;54-11-4892-0240;;;;TRUMP INTERNATIONAL INC 305-971-9001 / Fax: 305-971-9202;;;0
3118;3079;;4;;;;;;651-207-8966;651-207-6806;;;;Parts Base;;;0
3117;3078;;2;Indonesia;;;;;;;;;17;;;;0
3116;3077;;2;Senegal;Dakar;;Aéroport L.S.Senghor BP 29127;;221-820-4655;221- 8652313;;5;6;DHC 8 Parts Base;;;3
3115;3076;;2;France;;;;;31-206484629;3;;;6;;;;0
3114;3075;;1;USA;Punta Gorda;FL;28260 Air Park Rd., Unit #114;33982;941-637-0388;941-637-8585;;;;STOP working With this Shop;;;3
3113;3074;;4;;;TX;;;817-326-1478;817-910-2201;;;;;;;0
3112;3073;;3;;;;;;480-377-9184;480-377-9183;;;;;;;0
3111;3072;;3;;;;;;7;713-627-3033;;;;;;;0
3110;3071;;2;Mexico;;;;;5255;5255;;;17;;;;0
3109;3070;;2;SAMOA;;;;;685 42683;6;www.POLYNESIANAIRLINES.com;;;DHC 6 Ops in SAMOA;;;0
3108;3069;;6;;;;;;206-575-6391;206-575-6507;;;;PARTS BASE;;;0
3107;3068;;6;;;;;;310-322-2368;310-322-2367;;;;;;;0
3106;3067;;6;;;;;;44 01223 838808;44-01223 833141;;;;;;;0
3105;3066;;2;Ecuador;;;;;59 32 251019;59-3246 9802;;7;14;;;;0
3104;3065;;4;;;;;;9;954-462-2747;;;;;;;0
3103;3064;;4;UK;Dinnington;S.Yorks;"Unit 1, Evans Business Centre,
Monksbridge Road";S25 3QS;1909 517105;1909 517107;;;;www.quicksource-online.com;;;0
3102;3063;;4;;;;;;44 208 498 3887;44 208 498 3888;;;;;;;0
3101;3062;;3;;;;;;847-949-9048;847-949-9446;;;;;;;0
3100;3061;;4;USA;;;;;3;305-476-1882;;;;;;;0
3099;3060;;4;India;;New Delhi;;;91 11-51638980;91 11-51639860;;;;;;;0
3098;3059;;6;;;;;;9;915)858-2632;;;;;;;0
3097;3058;;6;;;;;;2;203) 3277300;;;;;;;0
3096;3057;;6;;;;;;1;714) 5493041;;;;;;;0
3095;3056;;3;Israel;;;;;972-3-9799991;972-3-9799990;;9;;;;;0
3094;3055;;2;Ghana;ACCRA;;;;233-21-764723;233-21-776544;;7;6;LINK to VIAGGIO Air;;;0
3093;1919;;;USA;Chicago;Il;21622 Network Place,;60673;;;;;;;;;2
3092;1919;;;USA;Milwaukee;WI;P.O. Box 250343;53223;1 414 355 2648;1 414 355 7770;;;;;;;6
3091;3054;;6;UK;;West Sussex;Unit C&D Heath Place, Bognor Regis.;PO22 9SL;00441243863047;00441243842703;claire.baker@goodrich.com;;;;;;0
3090;3053;;6;China;XIAMEN;;20 DAI LIAO ROAD, GAOQI INTERNATIONAL AIRPORT;361006;;;;;;;;;0
3089;3052;;2;;;;;;81)3 5460 3638;81)3 5460 5943;;7;;under J-Air;;;0
3088;3051;;1;USA;Rockford;Illinois;4747 Harrison Avenue, P.O. BOX 7002;61125;910 631 4255;825 226 6000;;4;;;;;0
3087;1267;;;USA;Miami;FL;PO BOX 025367;33102-5367;;;;;;;;;2
3086;3050;;1;France;;Meudon La Forêt Cedex;18 Avenue du Maréchal Juin BP 49;92362;01 39 45 50 30;01 39 45 50 00;;4;;;;;0
3085;3049;;4;;;NY;;;2;212-772-7160;;;;;;;0
3084;3048;;6;;;;;;201.541.4776;201.541.4781;;;;;;;0
3083;3047;;4;;;;;;858-573-1875;858-573-1873;;3;;Dungerus CO IN ADVANCE ONLY;;;0
3082;3046;;2;Netherlands;eindhoven;;Luchthavenweg 45;5657;31 40 234 8951;31 40 234 8972;;6;3;"ex EQM Aircraft Maintenance
KLM Exel; ILS. For payment look KLM-EXEL";NL 009698905B01;;5
3081;3045;;1;;;;;;04 4246 9979;04 4246 9960;;;;TORQUE WRENCE Calibration;;;0
3080;3028;;;;;;;;;;;;;DELETE;;;0
3079;3044;;6;;;;;;39 0742 348 269;39 0742 348 270;;;;Ph 39 0742 348 300 or 39 0742 348 290 or 39 0742 348 1;;;0
3078;3043;;4;;;;;;1;305-477-1921;;;;;;;0
3077;3042;;1;;;;;;499429942424;49942994240;;;;;;;0
3076;3041;;2;Austria;;;;;43(0) 512-292729-529;43(0) 512-292729-520;;;17;;;;0
3075;3040;;6;;;;;;817-877-4339;1;;;;;;;0
3074;3039;;2;Armenia;Yerevan;;;;1;1;;;17;http://www.u8.am;;;0
3072;3037;;6;;;;;;937-440-3696;937-440-2396;;;;;;;0
3071;3036;;2;USA;Sunrise;FL;5259 N.W. 108th Avenue;33351;954-748-4882;954-748-9911;;;17;;;;3
3070;3035;;11;Viet Nam;ha noi;;;;844-9425620;844-9425619;;;;;;;0
3069;3034;;1;;;;;;49 (0) 22 03/9 66 56-6;49 (0) 22 03 /9 66 56-0;;;;D-51147 Köln;;;0
3068;3033;;3;;;;;;1;334-613-2025;;;;;;;0
3067;3032;;2;USA;Hayden;ID;11549 North Atlas Road;83835;1-208-667-5400;1-208-667-0779;;4;8;"ILS; www.empireaerospace.com";;;3
3066;3031;;4;;;;;;561-483-5594;561-483-0929;;;;;;;0
3065;1239;;;;;;;;;;;;;"P. O. Box 819
V. C. Bird Int'l Airport
Antigua.";;;0
3064;3030;;2;China;;;;;1;1;;7;3;;;;0
3061;3027;;3;USA;Addison,;TX;4309 Lindbergh Drive;75001;972-267-2612;972-267-1940;;;;;;;0
3060;3026;;4;;;;;;44-133-285-3477;44-133-285-5263;sales@kgar.com;;;;;;0
3059;3025;;3;;;;Chandler, AZ 85225;;480-452-0411;480-782-1884;;;;;;;0
3057;3024;;2;USA;;;;;(404)765-5660;(404)765-;;;;;;;0
3056;3023;;3;;;;;;1-714-521-9815;1-714-521-9813;;;;;;;0
3055;3022;;2;Nigeria;Lagos,;;;;234 14979832;234 14977715;;;7;;;;0
3054;3021;;3;;;;;;260-543-2011;260-543-2570;emily@alanaircraftservices.com;;;;;;0
3053;3020;;3;USA;Medley;Florida;7500 NW 69th Ave. R 2-5;33166;1;305-889-3322;;;;;;;0
3052;3019;;3;USA;;FL;;;;;;;;;;;0
3051;3018;;6;;;;Huntington Beach, CA;;1(714) 895 6884;(714) 891 1906;;5;;;;;0
3050;3017;;3;;;;;;305-675-3775;305-592-0342;;;;;;;0
3048;3015;;4;;;Barcelona;;;34 933-700529;34 932-9835-12;;;;Parts Base;;;0
3047;3014;;3;USA;;AZ;Gilbert;85233-2406;480-966-5001;480-966-4999;;;;;;;0
3046;3013;;3;;;;NORTH HOLLYWOOD, CA 91605;;818-764-9650;818-765-4600;;;;;;;0
3045;1417;;;;chatellerault cedex;;17 rue andré boulle - bp 700;86107;05 4902 3220;05 4902 3454;claudie.veron@hutchinsonrubber;;;;.com;;2
3044;1417;;;;fleury les aubrais;;22 rue de curembourg;45401;;;philippe.jory@hutchinsonrubber;;;"RETOUR DE MARCHANDISES; Repair Shop";;;5
3043;356;;;Spain;Telde-Gran Canaria;;Aeropuerto de Gran Canaria, Sucursal N° 1, Apartado de Correos N° 18,;35230;;;;;;;;;2
3042;1323;;;;;;;;;;;;;---VOID---;;;0
3041;3012;;4;USA;;;;;305-717-9941;305-717-0910;;;;;;;0
3040;3011;;4;UK;Harrow;Middlesex;Aerospace house, 2A Tudor RD.;HA3 5PE;44 (208) 863 3717;44 (208) 424 7290;;;;Link To Aerosphers UK;GB761383818;;3
3039;3010;;3;Singapore;;;;;65 67325104;65 67327987;;;;;;;0
3038;3009;;3;Belgium;;;;;32 27253805;32 27253377;;;;;;;0
3037;3008;;2;;;Cairo;;;20 26248791;20 26248822;diaanour@airmemphis.com.eg;;17;;;;1
3036;3007;;2;Australia;;;;;1;1;;;;six 50-seat Q300s for delivery in 1H04 and optioned two to replace 36-seat Dash 8-100s.;;;0
3035;3006;;1;INDONESIA;;BANDUNG;;;6222-6031851;2;;;;ENGINE TAY MK650-15;;;0
3034;3005;;4;USA;Peachtree City;GA;406 Dividend Drive;30269;954-839-7621;954-838-7620;;;;is the U.S office of EUREP Industries;;;3
3033;3004;;4;USA;;;;;954-771-9193;954-771-9338;;;;;;;0
3032;3003;;6;;;;;;330-296-7955;330-296-9948;;;;RADOMS;;;0
3031;839;;;MADAGASCAR;;;BP 437 - IVATO AIRPORT - IVATO 105;;;;;;;;;;6
3030;1069;;;France;;;Aeroport La Rochelle Ile de Ré;17000;;;;;;;;;0
3029;3002;;4;USA;;;;;305-597-0965;305-597-0966;;;;;;;0
3028;3001;;1;GERMANY;ALZEY;;Rudolf-Diesel-Str 10;55232;49 (0) 67 31 / 4 97 - 197;49 (0) 67 31 / 4 97 - 0;;;;;;;0
3027;3000;;4;;;;;;1 909-273-9487;1 909-273-9486;;;;TUNINTER ???;;;0
3026;2999;;1;France;Saint Soupplets;;6/8 Ave du Montboulon;77165;1;01-6001-3399;;;;;;;0
3025;2998;;4;SWEDEN;;;;;46-11-121-054;46-11-121050;;;;;;;0
3024;2997;;2;Mexico;;;;;1;1;;7;3;;;;0
3023;2996;;4;Singapore;;;;;65-687-52-930;65-687-52-920;billtay@starhub.net.sg;;;;;;0
3022;2995;;2;Poland;Pszczyna;;;;;;;7;3;"official Name : Biuro Podrozy i Uslug Globus Sp. Z. Also see under BIURO PODROZY ""GLOBUS""";;;0
3021;2994;;4;;;;;;65 6545-8449;65 6785-2784;;;;;;;0
3020;2993;;12;Canada;Ville Saint-Laurent,;QUE;1200 Pitfield Boulevard;H4S 0A1;514-631-7532;514-631-4191;;7;6;"Ex. Inter Canadian; old address 795 Stuart Graham North Blvd.";;;3
3019;2992;;2;Indonesia;;;;;603-27136611;603-27139911;http://www.lionair.co.id/;7;3;Lion Air’s alliance with SAS. WINGS AIR, -a regional subsidiary of Lion;;;0
3018;2991;;6;England;;West Midlands,;Stratford Road, Shirley, Solihull,;B90 4LA;44 121 451  5949;44 121 451 5931;;4;;;;;0
3016;2990;;6;;;;;;1;636) 946-6525;sales@lmiaerospace.com;;;"CRJ supply structural sheet
metal skins and components for CRJ,";;;0
3015;2989;;4;;;TX;;;210-525-9138;210-525-9136;;;;;;;0
3014;2988;;4;UK;Steyning;;32, Market field West Sussex;BN44 3SU;44 1903 816 088;44 7801 018 321;;;;parts base;GB824 0780 40;;3
3013;2987;;6;;;;;;626) 358-0742;626) 357-5361;;;;Reheat International -Dist 44 (0) 1420 80633 fx 44 neil@reheat.co.uk;;;0
3012;2986;;6;Italy;;;;;39-055-9180-463;39-055-913-671;;;;;;;0
3011;2985;;4;;;;;;305-254-3009;305-254-6777;;;;;;;0
3010;2984;;3;;;;;;631 567-2492;631 567-2345;;;;;;;0
3009;2983;;4;;;;;;909-466-4321;909-948-3880;;;;;;;0
3008;1189;;;France;LA GARDE;;Rue Marcellin Berthelot - ZI Toulon est;83130;;;;;;Warehouse;;;5
3007;2982;;2;INDIA;Bangalore;;Jakkur Aerodrome, Bellary Road;;91-80-856 7998;91-80-856 7378;;5;3;Ph 91-98-440-12290.;;;3
3006;2981;;4;;;;;;7;718-605-5244;;;;;;;0
3005;2980;;3;;;;;;305-688-;305-688-3344;;;;;;;0
3004;709;;;USA;Lincoln;NE;3701 Aviation rd;68524;402-479-1629;402-479-1577;;;;;;;12
3003;2979;;2;USA;Dulles;VA;23321 Autopilot Drive;20166;1;1;http://www.flyi.com/;7;3;Part of Atlantic Coast Airlines;;;0
3002;2978;;3;;;;;;4;46-705-11-8188;;;;;;;0
3001;1749;;2;Italy;rungis;;;;;;;;7;filed for bankruptcy and has temporarily suspended all operations on December 17 2009;;;0
3000;2977;;1;Canada;Sherwood park;Alberta;180 Portage close;T8H 2R6;780-451-2197;780-451-4555;;;;;;;3
2999;2976;;4;;;;;;818-686-1448;818-686-1445;;;;;;;0
2998;2975;;2;;;;;;1;73832599142;;7;;;;;0
2996;1964;;;;;;;;;;;;;http://www.korry.com or 206-361-3366;;;0
2995;2445;;;;;;101 EVANS AVE, DAYTON, NV 89403;;;;;;;http://www.bruceind.com/;;;0
2994;2974;;4;;;;;;33 546903931;33 546903930;;;;;;;0
2993;2973;;3;France;;;;;1;1;;;;A340-300s.;;;0
2991;2972;;4;;;FL;;33950;941-639-8405;941-639-8081;;;;;;;0
2990;2971;;3;USA;;CA;;91506;818,845-0296;818-845-0286;;;;;;;0
2989;2970;;;France;Toulouse;;22 chemin de la crabe;31300;05-6130-5900;05-6130 5959;;;;;;;0
2988;2970;;6;USA;chula Vista;CA;850 lagoon Dr.;91910;1;1;;;;;;;0
2987;2969;;3;USA;;;;;954-346-1592;954-346-1591;;;;;;;0
2986;2968;;6;;;;;;1 601-607-6486;1 601-607-6364;;;;;;;0
2984;2967;;2;USA;;;;;1 (907) 243;1 (907) 243-;;7;3;"11/03 purchased ATR 42-300 Freighter (067; ex-Air Sicilia) from ATR Asset";;;0
2982;1496;;;Czech Republic;16008 , PRAGUE 6;;"ATR STOCK,HANGAR ""F""";;;;www.csamaintenance.cz;;;Repair Shop;006-45795908;;5
2981;2966;;3;;;;;;817-625-8968;817-624-6491;;;;ILS;;;0
2980;2965;;5;uk;sidcup;kent;tudor cottages, footsgra high street;da14 5hn;44-20-8302-7901;44-20-8309-0500;;;;;;;3
2979;2964;;2;China;Jinan;;Yao Quing International Airport;250107;86-531-8730166;86-531-8730777;maqh@shandongair.com.cn;5;1;;;;3
2978;2963;;2;Spain;;;;;34-91-329-1716;34-91-587-3871;;7;7;http://maintenance.iberia.com;;;3
2977;2962;;10;USA;;;;;1-800-347-5901;1-800-577-7273;;7;1;ATR cargo conversion;;;3
2976;2961;;1;USA;MIAMI;FL;7875 NW 64th Street;33166;305-463-9339;305-463-0455;;7;4;Product Support Mgr. 305-684-6666 24hr support;;;3
2975;2960;;4;;;;;;954 433 5630;954 433 1534;;;;;;;3
2974;2959;;4;USA;Irving;TX;1925 Westridge Drive;75038;954-977-8762;954-977-8797;;;;;;;3
2973;2958;;2;France;Orly;;;;33 149755470;33 149751878;;;7;;;;3
2972;1646;;;The Netherlands;;;Llchthavenweg 45 , Eindhoven;5657 AE;;31-40-292-4676;;;;;;;3
2971;2957;;4;;;;;;386-423-4459;386-423-3810;;;;;;;3
2970;2956;;3;DENMARK;;;;;45 32949250;1;;;;J31;;;3
2968;2955;;1;;;;;;250-491-3081;250-491-5530;;;1;;;;3
2967;2954;;4;;;;;;91-11-5168 7081;91-11-5168 7082;;;;;;;3
2966;1006;;;South Africa;Lanseria;;P.O. Box 804 or 469;1748;;;;;;;;;2
2965;1006;;;South africa;Fourways;;stratford office park, erf n°1,block5, Cnr Cedar av. & Valley Way, broadacres;2055;;;;;;;;;9
2963;2953;;3;;;;;;7;954-424-0024;;;;;;;3
2962;2952;;1;USA;;;;;;;;;4;;;;3
2961;2951;;5;;;;;;817-595-0676;817-595-0559;;;;;;;3
2960;2950;;3;;;;;;239-659-0267;239-659-0265;;;;;;;3
2958;2949;;2;Austria;;;;;;;;;;Pool Agreement with TAT LAB, buy consumables. Closed;;;3
2957;2948;;3;;;;;;4;44-208-515-7987;;;;;;;3
2956;2947;;1;;;;;;;;;;;;;;3
2954;2946;;4;;;;;;210-829-7304;210-829-7300;;;;;;;3
2953;2945;;1;;;;;;316-946-4956;316.946.4990;;;;Challenger spares including 300 rotables.;;;3
2952;2944;;3;UK;;;;;;;;;;;;;3
2950;2943;;3;;;CA;;;1;310-615-0068;;;;;;;3
2949;2942;;3;USA;Sunrise;FL;1671 NW 144th Terrace - # 105;33323;1;954-452-0699;;;;;;;3
2948;2941;;6;;;;;;441525853204;441525858368;;;;;;;3
2946;2939;;3;Belgium;;;Ostende Airport;;32 59-516499;32 59-516496;;;;;;;3
2945;2938;;2;Brazil;;;SAO PAUL;;55115364450;1;;;;;;;3
2944;2937;;3;;;FL;MIAMI;33172;305-599-9099;305-477-1921;;;;;;;3
2943;2936;;2;UK;Coventry;;Hangar 7 stores, Coventry Airport, Warwickshire,;CV8 3AZ;44 2476 882619;44 2476 882613;;5;6;Mother company:  skyblueaviation  . Anglo Normandy is doing the Maintenance of their Aircraft.;GB 849 7424 80;;3
2942;2935;;3;;;;Chicago, IL 60622;;773-252-7941;1 773-252-7929;;;;;;;3
2941;343;;;;;;;;;;;;3;--- EURASE---;;;3
2940;1412;;;;;;;;;;;;3;--- ERASE;;;3
2939;1577;;4;;;;;;;;;;;;;;3
2938;2934;;4;;;;;;31 165350074;31 165350075;;;;;;;3
2937;2933;;1;Germany;Wessling;;Sonderflughafen Oberpfaffenhofen Postfach 1253;82231;41 (0)91 873 41 42;41 (0)91 873 41 11;michael.rhode@ruag.com;;;PILATUS PC6, PC7, PC9 series;;;3
2936;2932;;1;Brazil;;;;;55 21 2455-2210;55 21 3339-4132;;;;;;;3
2935;2931;;1;El Salvador;;;;;239-540-0041;239-540-0040;;7;7;C and D cheks for A320  A300. belong to Air Canada ACTS;;;3
2934;2930;;1;;;;;;0039-0543-780504;0039-0543-780504;;;;;;;3
2933;2929;;3;USA;Miami;FL;2684 W 79 st;;-;305-698-7022;-;;;;;;3
2932;2928;;1;USA;Wheeling;Illinois;290 Larkin Drive;60090;847-541-0176;847-541-1133;;;;Quality Problems On PROP HUB OH;;;3
2931;2927;;4;;;;Wichita, KS 67212;;-316-773-9615;1-316-773-9556;;;;;;;3
2929;2926;;2;USA;;;;;1;1;;7;;CRJ OPS;;;3
2927;2925;;2;Colombia;;;;;1;1;;7;7;"signed MOU to order two 50-pax ERJ 145s for 2003; it currently operates one.";;;3
2925;2924;;6;Canada;;;MISSISSAUGA, ONTARIO  Canada;;1-905-608-6254;905-608-6000 X2558;;4;;FACTORY NEW GULFSTREAM IV CONVERTERS;;;3
2924;2923;;4;USA;;NY;;11779;631-738-9789;631-738-9644;;;;;;;3
2923;2922;;1;;;FL;ORLANDO;;407-812-6260;407-812-4545;;;;BAE 146 OPERATORS: GTCP36-150M APU'S CHOICE OF 4 AVAILABLE EACH;;;3
2921;2920;;2;Canada;Saskatoon;SK;Hangar#3 airport;S7L 5X4;306 653-0090;306 668-0240;vhyshka@westwindaviation.ca;4;8;PAYS BY CHQ AND DOES NOT PAY BANK FEES;;;3
2920;2919;;2;Switzerland;;;;;;;;;17;09/03 Switzerland plans October 27 startup from Geneva with a Dash 8-300. Ex FlyBaboo;;;3
2917;2917;;3;USA;;;;;;;;;;Whether buying, selling, or managing PT6, JT15D or PW100;;;3
2916;2916;;2;;;;;;;;;;;;;;3
2910;2910;;3;;;;;;305-406-9849;305-406-9840;;;;;;;3
2909;2909;;3;;;Tucson, AZ 85706-6917;;;520-806-8454;520-806-4192;;;;;;;3
2908;2908;2088983129;6;;;;16, rue de Seine BP 7 - ZI de la Prairi;;01-41-19-17-20;01-41-19-17-00;;;;Sous contrat d'exclusivité avec EADS - SOGERMA;;;3
2907;2907;2088983122;1;Switzerland;Basel;;P.O. Box;CH-4002;;;;;3;;;;3
2906;2906;2088983121;6;;;;;;661-775-1155;661-775-1100;;;;44) (0) 1452-307678  FX 44)(0) 1452-08818 sales@tamfg.com ph: 661-775-1153 Dist by Wesco Aircraft, A;;;3
2905;2905;2088983120;3;USA;;;;;;;;;;;;;3
2904;2904;2088983114;6;USA;Skokie;Illinois;7426 North Linder Avenue;60077;847-673-7144;847-673-8300;;;;UK 44 1438 741469 FR 33 5 63 81 01 60;;;3
2903;2903;2088983113;3;;;;;;319-295-4941;319-265-5467;;;;response@rockwellcollins.com;;;3
2902;2902;2088983112;6;USA;"Phonix

Phenix";AZ;4246 E. WOOD STREET, SUITE 490;85040;602 470 7214;602 470 7226;;;;"support@triumph-controls.com or pbodor@triumph-controls.com 
distributor Seal Dynamics at phone (63";;;3
2901;2901;2088983095;3;;;;;;;;;;;;;;3
2899;2899;2032197264;6;;;;see EATON;;;601-987-3469;;;;CRJ;;;3
2898;2898;-1326372565;2;Turkey;;;;;;;;;7;;;;3
2897;2897;1600856594;3;;;;;;;;;;;CRJ;;;3
2896;2896;2084756981;2;Cuba;;;;;;;;;;;;;3
2895;2895;-1470438844;3;;;;;;610-534-4670;610-534-9000;;;;CRJ sales@riekerinc.com <sales@riekerinc.com>;;;3
2894;2894;-214491089;3;;;;;;;;;;;CRJ;;;3
2893;2893;-1587823706;3;USA;Atlanta - Vancouver;GA;495 Lake Mirror Road BLDG 800 G;30349;;;;;;(A Precision Aviation Group Company);;;3
2892;2892;-325956007;6;USA;Rancho Cucamonga;CA;8575 Helms Avenue;91730;909-945-2821;909-980-5366 ext 212;tbess@pneudraulics.com;;;;;;3
2891;2891;-19327304;3;;;;;;;;;;;CRJ;;;3
2890;2890;-136101133;6;;;;;;;;;;;CRJ;;;3
2889;2889;-52672518;3;;;;;;;;;;;CRJ;;;3
2888;2888;479065213;3;;;;;;;;;;;CRJ;;;3
2887;2887;-226119700;6;;;;;;;818-574-1175;;;;CRJ;;;3
2886;2886;-1023601289;3;;;;;;;;;;;;;;3
2885;2885;-1616323826;6;UK;Sunbury  on Thems;;111 Windmill raod;TW167EF;;;;;;CRJ AMETEK Div;;;3
2884;2884;-1050495903;2;Guinea Ecuatorial;Malabo;;Calle del Rey Malabo;;;;;;;spain office Tel.34- 91 411 10 06  • Telefax: 91 564 21 55 • E-mail: egamad@ecuatoguineana.com;;;3
2883;2883;479437280;3;;;;;;;;;;;CRJ;;;3
2882;2882;-516957253;6;USA;;;;;937-461-1017;937-229-8511;;;;The 19A2991 and 35A573 are proprietary to CANADAIR;;;3
2881;2881;919095522;2;Kenya;Nairobi;;JKIA Airport;;827520;827522;;5;7;Lease two ATR from Executive turbine South Africa, said they have payment problems.;;;3
2880;2880;405484037;2;Colombia;Centro Comercial Terminal Del Sur;Medellin;CRA 65 No. 8B-91 OF. 359;;;011-57-4-361 7039 Ext 109;;7;8;;;;3
2879;2879;-634216300;6;USA;;;;;760-736-6250;760-744-6950;;;;CRJ NL PH 31-135159989 Fx 31-135799036;;;3
2878;2878;-1882285633;3;;;;;;;;;;;;;;3
2877;2877;488646006;3;;;;;;818-709-0426;818-341-4610;;;;CRJ;;;3
2876;2876;1599328617;6;;;;;;661-273-1280;661-273-5411;;;;pnott@crissair.com;;;3
2875;2875;1308827656;6;USA;;;;;909) 270-6201;1-909-2706200;;;;Dist AVIO DIEPN;;;3
2874;2874;9966467;6;;;;;;;;;;;CRJ;;;3
2873;2873;751355082;3;Germany;;;;;;;;;;;;;3
2872;2872;-172050803;3;UK;;;;;;;;7;;;;;3
2871;2871;-162900932;2;Angola;Luanda,  5122;;Aeroporto Intn 4 de Fevereiro;;;;skype: airjetangola;;17;;;;3
2870;2870;1027263751;6;;;;;;480) 921-0470;480) 894-6864;;;;CRJ Dist By Avio Diepen;;;3
2869;2869;-1117665725;3;;;;;;;904-739-4000;;;;see Air Parts & Supply Comp 305-235-5401 dist;;;3
2868;2868;680710962;3;;;;;;;;;;;;;;3
2867;2867;1822039412;3;;;;;;03-2422-2872;03-2422-3876;;;;;;;3
2866;2866;1026206737;3;;;;;;03-2422-3872;03-2422-3106;;;;Mfg Connectors;;;3
2865;2865;-2041242982;3;UAE;Sharjah;;LOB 7G-23, Hamriyah Free Zone,;;;;;;;;;;3
2864;2864;1680;2;USA;;;;;;;;;6;;;;3
2863;2863;1679;3;;;;;;1-310-638-8458 / 310-900-2140;1-310-638-8445;;5;;;;;3
2862;2862;1678;9;;Bobigny;;103 / 119 rue Henri Gautier;93000;;;;;;;;;3
2861;2861;1677;2;COLOMBIA;;;;;;;;;17;;;;3
2860;2860;1676;3;USA;;;;;;;;;;;;;3
2859;2859;1675;3;France;;;;;01 47 57 44 20;01 40 89 53 31;;;;DIVISION JOINTS AERONAUTIQUE;;;3
2858;2858;1674;3;USA;;;;;;;;;;;;;3
2857;2857;1673;6;France;;;;;01.6442.6317;01.6442.5252;;;;Heraeus Sensor;;;3
2856;2856;1672;2;Dominican Republic;Santo Domingo;;;;;;;;3;;;;3
2855;2855;1671;2;FRANCE;RUE DE LA BELLE BORNE;CDG;"CENTRE LOGISTIQUE AIR FRANCE INDUSTRIES SOGARIS ZONE P5 ROISSY
ZONE DE FRET 5";95703;;01-41-56-01-01;;;6;;;;3
2854;2854;1670;6;GERMANY;;;;;;49-6134-204-110;;;;;;;3
2853;2853;1669;2;Ukraine;;;;;;;;;7;;;;3
2852;2852;1668;3;Hungary;Debrecen;;Rózsahegy u. 17;4028;36-52-814-946;36-52-814-946;"""rougahead""";;;Compnay N° 1035732010301165. Pearl Enterprises Kft, http://www.pearl-energia.hu/runway.php;HU13906906;;3
2851;2851;1667;3;;;;;;;;;;;;;;3
2850;2850;1666;2;Cambodia;;;;;;;;;7;;;;3
2849;2849;1665;2;Taiwan;;;;;;;;;7;;;;3
2848;2848;1664;2;USA;;;;;;;;;;;;;3
2847;2847;1663;3;Netherlands;;;;;;;;;;;;;3
2846;2846;1662;3;;;;;;1-972-406-6537;;;;;;;;3
2844;2844;1660;2;Japan;Aichi Japan;;"c/o Nagoya Airport
Toyoyama-cho, Nishighigun,";4080202;;;;;;;;;3
2843;2843;1659;6;France;;;;;05-61-16-20-59;05-61-16-20-50;;;;ATR Spares : Tolerie,  kit;;;3
2842;2842;1658;3;;;;;;;;;;;;;;3
2841;2841;1657;3;;;;;;;;;;;;;;3
2840;2840;1615;3;;;;;;;;;;;;;;3
2839;2839;1614;2;;;;;;;;;;;;;;3
2838;2838;1613;2;Nigeria;Ikeja,Lagos;;;;;;;7;6;"Arik Air Aviation Centre,
Murtala Muhammed Domestic Airport,
P.O.Box 1046";;;3
2837;2837;1612;3;USA;;;;;;;www.tristartst.com;;;;;;3
2836;2836;1611;2;Angola;;;;;;;;7;6;(Heli-Malango);;;3
2835;2835;1610;2;;;;;;;;;;;;;;3
2834;2834;1609;3;;;;;;;;;;;;;;3
2833;2833;1608;3;;;;;;;;;;;;;;3
2832;2832;1607;6;USA;;CA;21240 Burbank lvd;91367;01.3955.5068;610.328.4000;;;;www.nsd.es.northropgrumman.com;;;5
2831;2831;1606;2;afghanistan;;;;;;;http://www.flyariana.com/;;17;;;;3
2830;2830;1605;6;60174;;;;;1-630-584-5154;1-630-584-2300;;;;www.dukane.com / scarlson@dukane.com;;;3
2829;2829;1604;4;;;;;;;;;;;;;;3
2828;2828;1603;3;USA;;;25 Beechwood Dr. Ormond Beach;;1 904 441 3294;1-904-441-5418;;;;;;;3
2827;2827;1512;6;USA;;;;;;;;;;;;;3
2826;2826;1511;3;The Netherlands;Pijnacker,;;PO Box 47;2640 AA;;;;;;;NL816997676B01;;3
2825;2825;1510;2;UK;Hartfield;;Landhurst East Sussex;TN7 4DH;;;;;8;THIS IS AOG FOR OUR A/C 9G-MKP;GB 891 718 389;;2
2824;2824;1509;3;;;;;;;;;;;;;;3
2823;2823;1508;2;Jordan;Amman;;Abu Aboud Complex, 3rd Floor P.O. Box 142876;11844;;;;;8;;;;3
2822;2822;1507;3;;;;;;;;;;;;;;3
2821;2821;1506;4;;;;;;;;;;;;;;3
2820;2820;1505;3;;;;;;;;;;;;;;3
2819;2819;1504;1;USA;La Verne;CA;1677 Curtiss Court;91750;909-593-8499;909-593-8400;;;;;;;3
2818;2818;1503;1;CHINA;;;;;;;;;;;;;3
2817;2817;1773;3;;;;;;514-362-2047;514-735-1536;;;;;;;3
2816;2816;1772;3;USA;;;;;;;;;;;;;3
2815;2815;1771;3;UK;;;;;44-121-451-5949;44-121-451-5931;;;;GOODRICH;;;3
2814;2814;1770;3;;;;;;;;;;;;;;3
2813;2813;1448;10;Danemark;;;;;;;;7;3;;;;3
2812;2812;1447;2;;;;;;;;http://www.westlink.be;;;Also Abelag;;;3
2811;2811;1446;6;;;;;;49-614240-5476;49-6142-405361;;;;;;;3
2810;2810;1445;3;;Florida;;west palm beach;;;;;;;;;;3
2809;2809;1444;1;South Africa;;;;;;;;7;3;;;;3
2808;2808;1443;3;;;;;;;;;;;;;;3
2807;2807;1442;3;France;COURBEVOIE;;27 RUE DU CAYLA;92400;0149 38 06 19;0149 38 06 48;www.as-aviation.net;;;Parts Base also deal with Cimber air;FR16502961071;;13
2806;2806;1441;2;Austria;;;;;;;;7;6;SEE AUSTRIAN ARROWS - TYROLEAN;;;3
2805;2805;1440;3;;;;;;;;;;;;;;3
2804;2804;1439;3;Belgium;Attenhoven;;Kaasstraat 1;3404;32 11 69 50 65;32 11 88 67 83;;;;;BE 0476 927 917;;3
2803;2803;1438;1;;;;;;;;;;;;;;3
2801;2801;1436;3;Singapore;;;;;;;;;;;;;3
2800;2800;1435;3;France;95503 GONESSE Cedex;;1 Bd du 19 mars 1962;95503;;+33 130 185 185;;;17;;;;3
2799;2799;1434;3;;;;;;;;;;;;;;3
2797;2797;1432;3;Singapour;;;;;;;;;;;;;3
2796;2796;1431;2;;SINGAPOR;;;;;;;;;;;;3
2795;2795;1430;3;;;;;;;;;5;;;;;3
2794;2794;1736;2;;;;;;;;;7;3;Same Company as BonairExpress;;;3
2793;2793;1735;6;;;;;;32-4-248-16-20;32-4-264-08-21 / 22;;;;DIST BOON & DERCO;;;3
2792;2792;1734;3;USA;;;;;;;;;;;;;3
2791;2791;1299;3;USA;;;;;214.467.7281;800.535.2579/214.467.7277;;;;Supp Rep;;;3
2790;2790;1298;2;Venezuela;;;;;;;;;17;;;;3
2789;2789;1297;3;USA;;;;;212.398.0190;212.398.0400;;;;Supp;;;3
2788;2788;1296;2;Albania;;;;;;;;;;;;;3
2787;2787;1295;2;France;;;;;;;;;;;;;3
2786;2786;1294;3;UK;;;;;;;;;;;;;3
2785;2785;1293;3;UK;;;;;44.1582.435.040;;;;;Rep;;;3
2784;2784;1292;1;UK;cambridge;;hangar 13, cambridge airport, north works;cb5 8rx;44.1223.321.032;44 1223 373 689;;;;"Rep
make D checks for A320/319";;;2
2782;2782;1290;2;Singapore;;;;;;;;;;;;;3
2781;2781;1289;3;USA/Germany;;;;;214.660.2139/49.04191.2826;214.647.8326/49.04191.2794;;;;Rep;;;3
2780;2780;1288;3;Spain;;;;;34.4.489.2193;;;;;Rep;;;3
2779;2779;1287;3;;;;;;;;;;;;;;3
2778;2778;1286;2;Finland;VANTAA;;Siipitie 5,;FIN-01530;;;;4;1;;FI0955641-9;;3
2777;2777;1285;3;UK;;;;;44.1932.565.434;;;;;Rep;;;3
2776;2776;1284;2;Germany;Dusseldorf;;8 Halle Flughafen;D-40474;;;http://www.ltu.de;;7;;;;3
2775;2775;1283;2;Jamaica;;;;;;;;;;;;;3
2774;2774;1282;3;UK;;;;;44.1292.673.001;44.1292.673000;;;;Rep;;;3
2773;2773;1281;3;USA;;;;;16.4289.4816;;;;;;;;3
2772;2772;1280;2;Republic of Maldives;MALE;MLE;Male international airport;2079;+960 323 161;+960 325 708;;4;6;;;;3
2771;2771;1279;3;USA;;;;;610.388.0661;610.388.0660;;;;Supp, OH, Rep;;;3
2769;2769;1277;3;USA;;;;;206.881.5241;206.885.0889;;;;Supp;;;3
2768;2768;1276;3;USA;;;;;;305.359.1694;;;;Supp;;;3
2767;2767;1275;1;SPAIN;;;;;;;;;;Wheel, Brake, Extinguishers, Life Raft;;;3
2766;2766;1274;3;USA;;;;;214.485.8789;214.458.8785;;;;Rep, Supp;;;3
2765;2765;1273;3;USA;;;;;817.625.6875;817.625.2719;;;;Rep,OH ,Supp;;;3
2764;2764;1272;3;USA;;;;;;;;;;;;;3
2763;2763;1271;3;UK;Slough Buckingham;;801 Oxford Av. Slough Trade Estate;SL1 4LN;;;;;;;;;3
2762;2762;1270;2;Lithuania;;;;;;;;;17;;;;3
2761;2761;1269;3;USA;;;;;708.439.3997;708.439.3939;;;;Supp, OH;;;3
2760;2760;1268;2;USA;;;;;;;;;7;Supp;;;3
2759;2759;1236;3;USA;;CA;;;;949-495-0874;;;;;;;3
2758;2758;1235;3;USA;;;;;612.544.2206;612.544.3511;;;;Rep;;;3
2757;2757;1497;2;Germany;;;;;;;;;;;;;3
2756;2756;1496;2;Turkey;;;;;;;;;;Tarhan & Tower airlines;;;3
2755;2755;1495;3;Singapore;Satair Building;Singapore;27 Loyang Way;508728;;;;;;;;;3
2754;2754;1494;3;USA;Cedar Rapids,;Iowa,;4211 Glass Road, Ste D -;52402;;;;8;;;;;3
2753;2753;1493;3;USA;;FL;;;;;;;;;;;3
2752;2752;1492;3;;;;;;;;;;;;;;3
2751;2751;1491;2;Brazil;;;;;;;;;;;;;3
2750;2750;1490;6;;;;;;;818-741-1533;;;;;;;3
2749;2749;1489;1;;;;;;;;;;;;;;3
2748;2748;1488;3;;;;;;;;;;;;;;3
2746;2746;1486;3;;;;;;;;;;;;;;3
2745;2745;1485;3;;;;;;;01-3480-7376;;;;;;;3
2744;2744;1484;3;;;;;;;;;;;;;;3
2743;2743;1483;3;Portugal;;;;;;;;;;;;;3
2742;2742;1482;1;USA;Ft Lauderdale;FL;2701 SW 2nd Avenue;33315;-;954 522-5370;-;5;;-;;;3
2741;2741;1481;2;India;;;;;703 481 6627;;;;11;;;;6
2740;2740;1480;1;USA;;;;;;;;;;;;;3
2739;2739;1479;3;;;;;;;;;;;;;;3
2738;2738;1573;3;ISRAEL;;;;;;;;;;;;;3
2737;2737;1476;2;IRLAND;;;;;;;;;;;;;3
2736;2736;1475;6;usa;Wilson;NC;4200 Airport Drive NW;27896;(252) 246-7181;(252) 237-7004;;;;;;;3
2735;2735;1474;6;;;;;;;;;;;;;;3
2734;2734;1473;3;;;;;;;;;;;;;;3
2733;2733;1234;1;USA;;;;;501.304.5109;501.394.5177;;;;Rep;;;3
2731;2731;1232;6;USA;Huntsville;AL;1719 US Highway 72 East;35811;;256.851.7001;;;;;;;3
2730;2730;1231;2;INDIA;;;;;;;;;7;Rep;;;3
2729;2729;1230;3;USA;Miami;FL;15402 NW 34th Avenue;33054;;;;;16;Owned by Israeli;;;3
2728;2728;1229;1;USA;KENT;WA;5802 South 228 St.;98032;253.872.7221;253.872.7767;-;5;;P.O Box 1187;;;2
2727;2727;1228;1;USA;;;;;;;;;;Mfr, Rep,;;;3
2724;2724;1225;3;USA;;;;;316.683.1861;800.821.1212/316.683.5619;;;;Rep Exc OH;;;3
2723;2723;1224;2;USA;Eagan;MINNESOTA;;;;;;7;3;;;;3
2722;2722;1223;3;USA;;;;;912.888.5766;912.435.4119;;;;Rep;;;3
2721;2721;1222;1;USA;Indianapolis;IN;8225 Country Club Place;46214;317.271.0345;317.271.0195;;;;Rep;;;3
2720;2720;1221;3;USA;;;;;805.295.0672;805.295.0670;;;;Rep, Supp OH;;;3
2719;2719;1220;3;USA;;;;;817.761.9292;817.761.9200;;;;Rep Exch;;;3
2718;2718;1219;3;USA;;;;;317.243.1468;800.428.3281/317.244.7264;;;;OH Rep;;;3
2717;2717;1218;3;USA/France;;;;;805.273.5443/3421.9737;805.273.4352;;;;Rep;;;3
2716;2716;1217;3;Canada;;;;;514.426.3499;514.426.4300;;;;Rep;;;3
2715;2715;1216;3;USA;;;;;;;;;;;;;3
2714;2714;1215;8;USA;;;;;;;;8;;-;;;3
2713;2713;1214;3;USA;;;;;817.557.0497;817.557.0494;;;;OH Supp;;;3
2712;2712;1213;3;USA;lincoln;;;;;800.228.4277/402.475.2611;;5;4;Rep, OH;;;3
2711;2711;1212;3;USA;;;;;214.956.2681;214.956.3026;;;;OH;;;3
2710;2710;1211;3;USA;;;;;602.233.3347;602.272.1768;;;;Rep Mfr;;;3
2709;2709;1210;2;Nigeria;Ikeja;LAGOS;Muhammed Murtala Airport;PMB21090;;234-1-773-0709;;;17;owned by CHC Canada, Heli one, Schriner;;;3
2707;2707;1208;3;USA;;;;;;;;;;;;;3
2706;2706;1207;2;GREECE;;;;;;;;;7;;;;3
2705;2705;1191;7;Austria;;;;;;;;;;;;;3
2704;2704;1190;3;USA;;;;;817.473.9712;817.473.8266;;;;Rep.;;;3
2703;2703;1189;3;USA;;;;;501.375.0556;501.375.0240;;;;Rep Mod;;;3
2702;2702;1188;8;;;;;;;;;7;3;;;;3
2701;2701;1187;1;USA;;;;;;901.366.7080;;;;;;;3
2700;2700;1186;2;Madagascar;Antananarivo;;Ivato Airport;;;;;;;;;;3
2699;2699;1185;2;SPAIN;;;;;;;;;;;;;3
2698;2698;1184;2;Australia;;;;;;;stores@ausjet.com.au;;17;;;;3
2697;2697;1183;3;USA;;;;;305-477-1412;305-591-1553;;;;;;;3
2696;2696;1182;2;France;;;;;;;;;;;;;3
2695;2695;1181;3;USA;;;;;915-772-1193;915-775-0298;;;;;;;3
2694;2694;1180;3;USA;;;;;910.661.5252/5584;800.334.0198/910.661.5885/5594;;;;Rep;;;3
2693;2693;1179;8;SINGAPORE;#14-02 Valley Point Tower;;491 River Valley Rd.;248373;-;;-;7;3;"Contact with Merpati, Trigana, DAD, Burma
Zip by customer";;;3
2692;2692;1178;2;Holland;;;;;;;;;;;;;3
2691;2691;1177;2;Bahrain;;;;;;;;7;;;;;3
2690;2690;1176;2;USA;;;;;;;;;17;;;;3
2689;2689;1175;1;USA;Ft. Lauderdale;FL;3200 West Prospect Road;33309;305.871.3397;;;;;Rep Supp;;;3
2688;2688;1174;2;Spain;;;;;;;;;17;;;;3
2687;2687;1173;3;USA;;;;;603.431.1124;603.431.1709;;;;Supp;;;3
2686;2686;1172;3;USA;;;;;305-418-4716;305-418-4727;info@dmiaviation.com;;;;;;3
2685;2685;1171;2;UK;LUTON;;;;;;;;7;;;;3
2684;2684;1170;3;USA;;;;;713.363.4553;713.363.0234/800.275.9053;;;;Supp Rep;;;3
2683;2683;1169;2;Mauritius;;;;;;;;7;6;IBL Aviation Ltd, filiale du groupe IBL,  Catovair. GSACatovair@iblgroup.com;;;3
2682;2682;1168;3;Lithuania;Kaunas;LT;A.Juoazapaviciaus str. 7;45251;370 037 746 718;370 686 48757;n.zukauskas@gmail.com;;1;;LT100002265617;;3
2681;2681;1167;2;ROMANIA;;;;;;;;;7;;;;3
2680;2680;1166;3;USA;;;;;813.246.8899;816.246.4800;;;;Supp;;;3
2679;2679;1165;3;USA;;;;;509.529.8132;509.529.1420;;;;Supp;;;3
2677;2677;1163;3;;;;;;;;;;;Supp;;;3
2676;2676;1639;2;Bahamas;;;;;;;;;8;http://www.westernairbahamas.com;;;3
2675;2675;1267;11;Israel;Tel Aviv;;Nachlat Binyamin 70-72;66102;;972-3-5160345;;;;;N°:514266766;;3
2674;2674;1266;8;SINGAPUR;;;;;;;;;;;;;3
2673;2673;1265;2;USA;;;;;;;;;;;;;3
2672;2672;1264;3;USA;;;;;316.676.7636/8286/7636;316.676.6277/7111/8821;;;;;;;3
2671;2671;1263;2;australia;;;;;44.1292.671590/703.406.1165;44.1292.79888/703.406.3800;;;;australia;;;3
2670;2670;1262;6;The Netherlands;Nieuw-Vennep;;Lucas Bolsstraat 7 P.O. Box 231;2152 CZ;31 252 - 627 811;31 252 - 627 999;;;7;;NL804872387B01;;3
2669;2669;1261;8;;;;;;;;;;;;;;3
2668;2668;1260;6;Brazil;;;;;55.123212818 4835.8800;55.123214808/7318  4835.8555;;;;;;;3
2667;2667;1259;3;USA;;;;;;;;;;;;;3
2666;2666;1258;3;Spain/USA;;;;;34.1.585.7366/703.802.1025;34.1.585.7360/703.802.1000;;;;;;;3
2665;2665;1257;10;USA;;;;;;304) 842-6300;;;;our customer NO is 25312;;;3
2664;2664;1256;3;USA;;;;;;;;;;Mfr;;;3
2663;2663;1255;3;UK;;;;;;;;7;3;;;;3
2661;2661;1253;3;USA;;;;;317.230.2913;317.230.5786;;;;Mfr;;;3
2660;2660;1252;3;UK;;;;;44.181.571.2234;49-6142-40-5361;;;;Rep,Supp;;;3
2659;2659;1362;3;USA;;;;;407.283.5070;407.223.3850;;;;Rep;;;3
2658;2658;-2038463251;3;UK;;;;;44-1902-572-719 / 859;44-1902-572-777 / 853;;;;Dist By Transaero 516-921-7407;;;3
2657;2657;1005;2;Cambodia;;;;;;214.406.2000;;;;;;;3
2656;2656;1004;2;Canada;;;;;;;;7;;http://www.provair.com or http://www.provincialairlines.ca;;;3
2655;2655;1003;2;USA;;;;;;;;;;;;;3
2654;2654;1002;2;Hong Kong;;;;;;;;7;7;;;;3
2653;2653;1001;2;Hawai;Honolulu;;;;808-599-5589;808-599-5588;;;;;;;3
2652;2652;1000;3;USA;Fort worth;TX;"200 North Vacek
Suite D";76107;1-817-332-0014;1-817-332-0011;;;;;;;3
2651;2651;999;6;GERMANY/USA;;;;;49.8153.302985/703.450.7735;49.8153.300/703.444.8300;;;;Mr. EBERLE cust. service 49 8153-3002080  fax:3004305;;;3
2650;2650;998;3;USA;;;;;;501.372.5722/800.844.6257;;;;Rep Supp;;;3
2649;2649;997;3;USA;;;;;;;;;;;;;3
2648;2648;996;6;ITALY;;;;;;;;;;;;;3
2647;2647;995;3;USA;;;;;305-5990870;305-599-0364;;;;Rep;;;3
2646;2646;994;2;Turkey;;;;;;90-(212) 424 38 37;;;7;;;;3
2645;2645;993;8;;;;;;;;;;;;;;3
2644;2644;992;2;Italy;;;;;;;;;17;ACMI ATR from White Eagle. Also with http://www.jonioairlines.com/;;;3
2643;2643;1555;3;;;;;;;;;;;;;;3
2642;2642;1554;3;FR;;;;;01-4911.6596;01.4911.6594/95;;;;;;;3
2641;2641;1553;2;JAPAN;;;;;;;;;7;;;;3
2640;2640;1552;2;Singapore;Singapore;;;;;;;;;;;;3
2639;2639;1551;3;;;;;;714.891.5814;714.893.7531;;;;;;;3
2638;2638;1550;3;;;;;;;;;;;;;;3
2637;2637;1549;2;hawaï;;;;;;1-800-255-7198;/www.islandair.com;;;;;;3
2636;2636;1548;1;;;;;;;;;;;;;;3
2635;2635;1547;2;Canada;MISSISSAUGA, ONTARIO;;;;;;;;16;;;;3
2634;2634;1546;2;CHINA;;;;;;;;7;;;;;3
2633;2633;1545;2;spain;;;;;;;;;7;;;;3
2632;2632;1544;3;USA;Whitehous Station;NJ;456 Highway 22, West Swit 1;08889;908-534-8355;908-534-8350;;;;;;;3
2631;2631;1543;6;;Vergennes;VT;;05491;;;;;;GOODRICH;;;3
2630;2630;1542;3;;;;;;;;;;;;;;3
2629;2629;1541;3;;;;390 YOUNGS ROAD;;;;;;;;;;3
2628;2628;1478;1;Canada;;;;;;;;;;;;;3
2627;2627;1502;2;Uzbekistan;;;;;;;;;7;;;;3
2626;2626;1501;3;usa;Tempe;az;124 West Orion St. Suite F6;85283;;480-775-7900;;;;;;;3
2625;2625;1500;3;;;;;;;;;;;;;;3
2624;2624;1499;2;Canada;CALGARY;AB;;;1-403-219-6193;;;;3;;;;3
2623;2623;1498;3;;;;;;;;;;;;;;3
2622;2622;1472;3;;;;;;;;;;;;;;3
2621;2621;1471;10;Iceland;;;;;;;;;;;;;3
2620;2620;1470;3;;;;;;514-636-1022;514-631-9802 ext 2338;;;;;;;3
2619;2619;1469;2;UK;;;;;;;;;;see under British European;;;3
2618;2618;1468;7;Spain;;;;;;;;;6;;;;3
2617;2617;1467;3;;;;;;;;;;;;;;3
2616;2616;1466;3;;;;;;;;;;;;;;3
2615;2615;1465;3;MEXICO;;;;;;;;;;;;;3
2614;2614;1464;3;;;;;;;;;;;;;;3
2613;2613;1463;3;Italy;;;;;;;;;;;;;3
2612;2612;1462;11;USA;;CA;;;;;;;;Also agent to B&b, have good contact with american eagle and Alitalia.;;;3
2611;2611;1461;2;Uganda;;;;;;;;;;;;;3
2610;2610;1460;2;ITALY;Sesto San Giovanni;;Via 24 Maggio, 6;20099;;;http://www.eurofly.it;7;7;merger of Meridiana and Eurofl y;;;3
2609;2609;1459;2;Latvia;RIGA;;"Airport Riga Mazrûdas"", Mârupes pagasts, Rîgas raj";;;;;7;7;PBH contract with AJW;;;3
2608;2608;1458;3;;;;;;;;;;;;;;3
2607;2607;1457;2;Tanzania;;;;;;;;;;;;;3
2606;2606;1456;2;Swiss;;;;;;;;;;;;;3
2605;2605;1455;2;INDIA;;;;;;;;;;;;;3
2604;2604;1454;2;UK;;;;;;;;;;;;;3
2603;2603;1453;2;Germany;;;;;;;;;;http://www.private-wings.de/;;;3
2602;2602;1452;2;Venezuela;;;;;;;;;17;;;;3
2601;2601;1451;2;Hungary;Budapest;;;;;;www.wizzair.com;;7;Have contract with Lufthansa Technic;;;3
2600;2600;1450;2;Nigeria;;;;;;;;7;14;Interstate Airlines (Maastricht) has wet-leased its single ATR 42-500 to Virgin Nigeria;;;3
2599;2599;1449;3;;;;;;;;;;;;;;3
2598;2598;1785;1;USA;MENOMONEE FALLS,;WI;W175 N5737 Technology Drive;53051;262) 293 1010;262) 293 1000;;;;;;;3
2597;2597;1784;3;Dubai;Dubai;;;;;;;;;;;;3
2596;2596;1783;3;;;;;;;;;;;;;;3
2595;2595;1782;3;;;;;;512-474-5000;512-474-5015;;;;;;;3
2594;2594;1781;3;UK;;;;;;;;;;;;;3
2593;2593;1780;3;;;;;;954-349-1704;954-349-1707;;;;;;;3
2592;2592;1779;3;;;;;;;;;;;;;;3
2590;2590;1777;2;ITALY;Milan;;Via Carlo Goldoni 34;;;;http://www.myair.com;;7;;;;3
2589;2589;1776;3;CA;;;25032 ANZA DRIVE;;661-257-2500;661-257-0300;;;;;;;3
2588;2588;1775;10;Brazil;;;;;;;"www.vem.aero; www.tapme.com.br";;;TAP MAINTENANCE & ENGINEERING - BRAZIL UNIT;;;3
2587;2587;1774;6;ITALY;;;;;;+39 081 8871 111;;;;;;;3
2585;2585;991;2;Faroe Islands;Sørvágur;;Vagar Airport;FO -380;;;;;17;;;;3
2584;2584;990;2;Jordan;;;;;;;;7;3;;;;3
2583;2583;989;3;UK;;;;;44.1.582.413.277;44.1.582.410.421;;;;Supp;;;3
2582;2582;988;2;USA;;AL;;;;;;;17;;;;3
2581;2581;987;3;USA;;;;;;;;;;;;;3
2580;2580;986;11;Argentina;;;;;;;;;;Contacts in Ecuador and El-Salvador;;;3
2579;2579;985;4;United Arab Emirates;;;;;;;;;;;;;3
2577;2577;983;3;USA;;;;;714.731.8663;714.731.2709;;;;Rep;;;3
2576;2576;982;2;Canada;;;;;908.462.5279;908.462.5200;;;;;;;3
2575;2575;981;2;Nepal;;;;;;;;;;;;;3
2574;2574;980;1;USA;Winston-Salem;NC;3817 North Liberty Street,;27105;336-776-6141;336-776-6300;;4;4;Headquarters: 1031 East Mountain St. Bldg.320, Kennersville, NC 27284;;;5
2573;2573;-262549234;6;France;Chatellerault Cedex;;rue M. Dassault - BP140;86101;05 49 23 24 55;05 49 02 10 00;;;;;FR 65 612 039 495;;3
2572;2572;-918187793;6;France;Argenteuil Cedex;;"43, Rue Michel Carré
BP 10047";95102;01 49 84 23 49;01 49 84 80 22;vente@lemindus.com;;;;;;3
2571;2571;-1149262674;2;Belgium;;;;;;;;;;;;;3
2570;2570;-1197301289;6;France;Massy;;178 rue de Paris;91344;01-6919-6313;01-6919-6983;;;;Ex Sfim, Aviac;FR39480107911;;2
2569;2569;-1476587186;10;;;;;;;;;7;1;;;;3
2567;2567;1540;10;Canada;Trois-Rivières;QUE;3750, ch. de l'Aéroport;G9A 5E1;;819) 377-4500;;7;1;;;;3
2566;2566;1539;3;USA;Pleasant Valley;MO;6609 Royal Street - Suite 112;64068;816-781-7807;816-781-9311;;;;;;;3
2565;2565;1538;3;;;;;;;;;;;;;;3
2564;2564;1537;3;;;;;;03-8797-8404;03-87-97-98-97;;;;;;;3
2563;2563;1536;2;Spain;Mallorca, Spain;;;;;;;7;3;;;;3
2562;2562;1535;1;UK;Suddbury;Suffolk;Laurence Waters house, Eddison Rd.;CO10 2YW;;;;;;;;;3
2561;2561;1534;3;;;;;;;44.1823.33.10.71;;;;;;;3
2560;2560;1533;2;Canada;Calgery;AL;;;;;;7;3;A parts of Avmax;;;3
2559;2559;1532;6;;;;;;;;;;;or  Microtechnica/Magnaghi  It 39-039-28-948-815 fx 912;;;3
2557;2557;1530;1;;;;;;45.323.24161;;;7;;;;;3
2556;2556;1529;2;Austria;;;;;;;;;;;;;3
2555;2555;1528;2;Portugal;;;;;;;;;;;;;3
2554;2554;1527;2;Suisse;;;;;;;;7;6;;;;3
2553;2553;1526;5;South Africa;;;;;;;;;;Israeli conncetion;;;3
2552;2552;1525;3;;;;;;;;;;;;;;3
2551;2551;1347;2;Venezuela;;;;;;;;7;3;;;;3
2550;2550;1905214175;2;Georgia;;;;;;;;;7;;;;3
2549;2549;-348002124;2;SLOVAK REPUBLIC;Bratislava;;M.R.Štef?nik Airport 820 01 BRATISLAVA 21;;;;http://www.slovakairlines.sk;;7;;;;3
2548;2548;1021631789;2;USA;;;;;;;;;;;;;3
2547;2547;1761018065;6;;;;;;727-533-0401;727-539-8448;;;;Dist also by PAS 727-849-9240 fx 842-1740;;;3
2546;2546;1548949986;1;TURKEY;Istanbul;;;;;;;;7;Also do some brokerage.;;;3
2545;2545;1299398744;3;USA;Cleveland;Ohio;"19601 Five Points Road - 
Hopkins Intl Airport";44135;216-267 6363;216-267-3711;;;;;;;3
2544;2544;-1604587488;1;USA;Mckeesport;PA;101 5th Av.;15132;;;;5;4;;;;3
2543;2543;-962152837;3;;;;;;252-237-9323;252-237-7004;;;;KIDDE -Graviner UK  Ms Sue 44-1753-766149 DIST BY AAXICO & SATAIR;;;3
2542;2542;1721295108;2;South Korea;;;;;;;;7;14;;;;3
2541;2541;1679275864;2;Canada;;;;;;;;7;;;;;3
2540;2540;1786;3;;;;;;02-9863-3560;02-9888-5888;;;;;;;3
2539;2539;1749;3;USA;Miami;;;;;;;;;;;;3
2538;2538;1748;6;USA;;;;;;812-547-7071;;;;Call Aerotech World Trade (Stewart distributor's)= 914 6813000;;;3
2537;2537;1747;1;;;;;;;;;7;;;;;3
2535;2535;1745;1;USA;Miramar,;FL;12040 Miramar Pkwy;33025-7002;1-954-517-1294;1-954-517-1296;;;;;;;3
2534;2534;1744;6;;;;;;49-2056-913-120;49-20-56-266-50;;;;EMRG L/G Contl MFG;;;3
2533;2533;1743;3;USA;Springfield;MO;2805 West Allen Drive;65810;;;;;;;;;3
2532;2532;1742;2;Canada;;;;;;;;;;;;;3
2531;2531;1741;4;;;;;;;;;;;;;;3
2530;2530;1740;2;Malta;Safi;;Medavia Hangar, Tal-Karwija,;SFI 1710;;;;7;7;;MT10948036;;3
2529;2529;1739;6;France;;;ZA Rte. De Fourges;;02 32 52 81 42;02 32 52 81 40;;;;;;;3
2528;2528;1738;3;;;;;;;;;;;;;;3
2527;2527;1737;3;;;;;;44 (0) 208 897 9005;44 (0) 208 990 6711;;;;;;;3
2525;2525;1714;3;;;;;;;;;;;;;;3
2524;2524;1713;3;FR;;;;;01,4666,2324;01,4666,0808;;;;;;;3
2523;2523;1692;1;USA;Tulsa;OK;5304 S Lawton Ave.;74107;;918-445-4300;;;;;;;5
2522;2522;1691;2;Canada;;;;;;;;7;7;;;;3
2521;2521;1690;3;;;;;;;;;;;;;;3
2520;2520;1689;8;;;;;;;;;;;;;;3
2519;2519;1688;3;;;;;;;;;;;;;;3
2518;2518;1687;3;;;;;;;;;;;;;;3
2517;2517;1686;3;;;;;;;04-9095-7766;;;;;;;3
2516;2516;1685;3;USA;;;;;;;;;;Also office in South America;;;3
2515;2515;1684;2;Australia;;;;;;;;7;3;;;;3
2514;2514;1683;3;Australia;Frenchs forest;NSW;13 Karabah PL;2086;;;;;;;;;3
2513;2513;1682;6;USA;;;;;;;;;;our customer NO is 25312;;;3
2512;2512;1206;1;USA;;;;;214.732.4087;214.732.4088;;;;COMPOSITE REP;;;3
2511;2511;1205;2;Ghana;;;;;;;;;3;;;;3
2510;2510;1204;6;USA;Binghamton;NY;33 Lewis Road;13905;215.257.1888;215.257.6531;;;;Binghamton Service Center;;;3
2509;2509;1203;2;South africa;;;;;;;;;17;;;;3
2508;2508;1202;3;USA;;;;;951.272.6151;800.420.5349/951.272.5858;;;;Supp;;;3
2507;2507;1201;2;New Zealand;Auckland;;Hangar 2, Hape Drive, Auckland Airport,;;;;;;17;;;;3
2506;2506;1200;3;Dubai;Dubai;;C-10 Dubai Airport Free Zone;;971-42996901;971-42996900;air_born@emirates.net.ae;;;;;;6
2505;2505;1199;3;UK;Hounslow;Middlesex;Unit 8 Air Links Industrial Estate, Spitfire Way;TW5 9NR;44 208 848 1568;44 208 561 4211;salesuk@mckaero.com;;;Supp, Rep;;;3
2504;2504;1198;1;USA;;;;;510.568.5167;800.227.1850/510.562.2811;;;;Rep Supp;;;3
2503;2503;1197;3;USA;;;;;216.374.2290;216.374.3040;;;;Supp.Rep;;;3
2502;2502;1196;6;USA;;;;;937-440-3287;937-440-2181;;;;Rep Supp;;;3
2501;2501;1195;3;USA;;;;;905,689.1373;905.689.7444;;;;Rep.;;;3
2500;2500;1194;10;USA;;;;;405.685.3000;405.681.3000;;;17;Rep.;;;3
2499;2499;1193;1;Taiwan;;;;;;;;;7;stock are under ILS (code : EVA Airways).;;;3
2498;2498;1192;3;USA/FRANCE;;;;;305.359.4755/4835.9076;305.359.3700/4835.9420;;;;Supp Rep;;;3
2497;2497;1375;1;Colombia;;;;;;;;7;3;;;;3
2496;2496;1313;3;USA;;;;;203.521.9196;203.521.7780;;;;Parts;;;3
2495;2495;1312;3;USA;;;;;305.887.8964;305.887.8201;;;;Parts;;;3
2494;2494;1311;1;USA;Fort Lauderdale;FL;3420 NW 53rd St;33309-6322;;;;;;Composite;;;3
2493;2493;1310;2;Germany;;;;;;;;;7;;;;3
2492;2492;1309;1;UK;London;;95,Wilton Road, Suite 3;SW1V 1BZ;;;;;;;GB 06620924;;3
2490;2490;1307;3;USA;Miami;FL;8470 N.W. 61 St.;33166;305 592 2077;305 592 5587;;;;Supp;;;3
2489;2489;1306;3;USA;;;;;404.449.5457;800.451.7171/404.449.5900;;;;Supp, Rep;;;3
2488;2488;1305;2;Fiji;;;;;;;;7;3;Belong to Air Pacific;;;3
2487;2487;1304;2;Spain;;;;;;;;;;Plaza Servicios Aéreos (Zaragoza) has suspended operations;;;3
2486;2486;1303;1;UK;;;;;;;;;7;;;;3
2485;2485;1302;3;USA;;;;;201.343.3265;800.433.2753/201.343.5400;;;;Supp;;;3
2484;2484;1301;7;Spain;;;;;;;;;6;ATR 72 simulator;;;3
2483;2483;1300;3;USA;;;;;512.633.0860;512.633.0052;;;;Supp;;;3
2482;2482;1393;3;BELGIQUE;;;;;32-2-7234299;32-2-7235019;;;;ANOTHER FAX 32-2-7235997  TECH SALES;;;3
2481;2481;1392;2;The Netherlands;;;;;;;;;3;;;;3
2479;2479;1390;2;UK;;;;;;;;;;;;;3
2478;2478;1389;2;UK;;;;;;;;;;;;;3
2477;2477;1388;3;Singapour;;;;;;;;;;;;;3
2476;2476;1387;2;United Arab Emirates;Sharjah;;Sharjah International Airport , P.O.Box 132;;;;;;17;;;;3
2475;2475;1386;3;USA;;;;;;;;;;;;;3
2474;2474;1383;3;USA;;;;;305.359.1698;305.947.9074;;;;Supp;;;3
2472;2472;1381;3;USA;;;;;214.320.1057;800.527.2581/214.327.8238;;;;;;;3
2471;2471;1380;3;USA;;;;;316.755.1033;800.444.9173/316.755.1223;;;;Rep;;;3
2470;2470;1379;1;USA;;;;;;941.695.3555;;;;Rep, Supp;;;3
2469;2469;1378;2;Portugal;S.Domin.de Rana;;;;;;;6;;;PT 501 718 761;;6
2468;2468;1377;2;ANGOLA;LUANDA;;"AEROPORTO INTERNATIONAL
4 DE FEVEREIRO";;;;;;7;;;;3
2467;2467;1376;2;;;;;;;;;;;;;;3
2466;2466;1681;3;Protugal;PORTO;;;;;;;;;;;;3
2465;2465;1346;2;Kenya;;;;;;;;7;7;;;;3
2464;2464;1069;2;Spain;;;;;;;;;;;;;3
2463;2463;1068;2;Turkey;;;;;;;;7;7;;;;3
2461;2461;1066;3;UK;;;;;44.1.41.889.9903;44.1.41.887.4224;;;;;;;3
2460;2460;1065;8;UK;;;;;;;;;;Air Contractors Parent company of BAC Express, part of the Imperial Group & Safair SA. BAC AV SUPP;;;3
2458;2458;1063;3;SWITZERLAND;;;;;41.22.798.4508;41.22.798.2400;;;;SUBSIDIARY OF PILATUS AIRCRAFT;;;3
2456;2456;1061;3;SWITZERLAND;;;;;41.41.613.351;41.41.636.488;;;;;;;3
2455;2455;1060;8;MAURITIUS;Port Louis;;;;;;;;3;;;;3
2454;2454;1059;1;SWEDEN;;;;;;46.19.241.088;;;7;;;;3
2453;2453;1058;3;USA;IRVINE;;9680 Research Dr;92618;;;;;;;;;3
2452;2452;1057;2;Italy;;;;;;;http://www.yesair.it;;;;;;3
2451;2451;1056;2;MACAU;TAIPA;;TECH STORES EDIF IND VIRON BAS. FL. ZONA DOS ATTERROS  DE PAC-ON LOTE R2;;;;;7;7;;;;3
2450;2450;1055;2;Nimibia;;;;;;;;7;3;;;;3
2449;2449;1694;2;Kenya;Nairobi;;ALS Building, Wilson Airport;;;;;;17;;;;3
2448;2448;1602;3;;;;;;425.743.8234 or 8394 or 8422 /;425.743.8302 / 8422 / 8315 /83;;;;;;;3
2447;2447;1601;2;CHINA;;;;;;;;7;7;;;;3
2446;2446;1600;2;;;;;;;;;;;;;;3
2445;2445;1599;6;USA;;;;;;775-246 0101;;;;"Dist AAXICO Ph# 305-592-4633 
CALSON INTERNATIONAL Ph# 718-525-5900
INTERFAST Ph# 514-738-5959";;;3
2444;2444;1598;2;CHINA;;;;;;;;7;;;;;3
2443;2443;1597;6;JAPAN;;;1-10, FUSO-CHO, AMAGASAKI, HYOGO,;;81-6-6489-5889;81-6-6489-5884;;;;onishi-m@spp.co.jp;;;3
2442;2442;1596;;;;;;;;;;;;;;;3
2441;2441;1595;1;;MIRABEL, QC;;;;;;;;17;;;;3
2440;2440;1594;2;Guatemala;Ciudad DE Guatemala;CIUDAD;AV. Hincapie 12-22 Zone 13;01013;502-2361-2921;502-2279-8222;;4;3;Groupo TACA;;;2
2439;2439;1593;2;Austria;;;;;;;;7;6;;;;3
2438;2438;1592;2;Pakistan;JINNAH INTL AIRPORT, KARACHI;;Eng. COMPLEX, BAY 70, AIRSIDE;;;+92-21-4579-1887;;5;7;;;;3
2437;2437;1591;2;USA;;;;;;;;;;;;;3
2436;2436;1590;2;CROATIA;;;;;;;;7;14;;;;3
2435;2435;1589;3;;;;;;949-809-8228;949-809-8228;;;;vMcdonald@parker.com;;;3
2434;2434;1588;2;Ecuador;;;;;;;;;;;;;3
2433;2433;1587;2;CANADA;;;;;;;;;17;;;;3
2432;2432;1586;11;CHINA;TianHe ,GuangZhou;;Unit B2-2006 ,Astro Garden ,No.105 Ti Yu West Road;510620;;;;;;;;;3
2431;2431;1585;3;China;;;;;;;;;;;;;3
2430;2430;1752;2;ISRAEL;;;;;;;;;;Challanger 604;;;3
2429;2429;1751;2;Indonesia;Pekanbaru - Riau;;Jl.Jendral Sudirman No. 438;28267;62 761 673923;62 761 673922;;6;7;owes over a year $160 000 to Total Aviation DK;;;2
2428;2428;1750;3;Sri Lanka;;;;;;;;;;;;;3
2427;2427;1374;1;USA;;;;;;;;7;;;;;3
2426;2426;1373;3;USA;;;;;503.678.3361;503.678.3366;;;;Supp, Rep;;;3
2425;2425;1372;2;India;;;;;;;;;17;;;;3
2424;2424;1371;2;USA;;;;;;;;;17;;;;3
2423;2423;1370;3;Netherland;;;;;31.13.703400;31.13.703570;;;;OH Rep;;;3
2422;2422;1369;2;Japan;;;;;;;;;17;;;;3
2421;2421;1368;1;Greece;;;;;30.1.8838.714/262.52170;30.1.8836.711;;;;OH Rep;;;3
2420;2420;1367;3;UK;;;;;44.1382.736.019;44.1382.739.311;;;;Rep, OH;;;3
2419;2419;1366;3;Indonesia;;;;;;;;;;;;;3
2418;2418;1365;3;Germany;;;;;49.9429.8432;49.9429.8433;;;;Rep,OH;;;3
2417;2417;1364;12;Israel;Rishon LeZion;;P.O. Box 879;75107;;;;;;;;;3
2416;2416;1363;8;USA;;;;;;;;;;Rep,OH;;;3
2414;2414;1583;2;CHINA;;;;;;;;7;;;;;3
2413;2413;1582;2;USA;Lees Summit;MO;;64064;;;;4;;;;;3
2412;2412;1581;1;;;;;;;;;;;;;;3
2411;2411;1580;1;USA;;;;;;;;;;;;;3
2410;2410;1579;3;ENGLAND;;;CLAVERHAM;;;;;;;;;;3
2409;2409;1578;3;Mexico;;;;;;;;;;;;;3
2408;2408;1577;3;;;;;;;;;;;;;;3
2407;2407;1576;3;;;;;;;;;;;;;;3
2406;2406;1575;3;;;;;;;;;;;;;;3
2405;2405;1574;4;USA;;;;;;;;;;;;;3
2404;2404;1521;2;Cape Verde;Ilha do Sal;;Aeroporto Amilcar cabral Hall - 1º andar C.P. 32 Espargos;;;;;5;6;15% by Air Luxor, AirCraft in operation in Guine Bissau;;;3
2403;2403;1520;3;;;;;;0039 823 827391;;;;;;;;3
2402;2402;1519;2;Germany;;;;;;;;;17;;;;3
2401;2401;1518;1;;;;;;;;;;;;;;3
2400;2400;1517;3;;;;;;;;;;;;;;3
2399;2399;1516;2;;;;;;;;;;;;;;3
2398;2398;1515;2;USA;;;;;;;;;;;;;3
2397;2397;1514;2;Australia;Adelaide Airport;;16 James Schofield Drive #1;5950;08 8234 4411;1300 138 144;info@heliair.com.au;;11;;;;6
2396;2396;1513;3;USA;;;;;216.322.6094;216.284.6300;;;;;;;3
2395;2395;1130;3;USA;;;;;505.344.3835;505.345.8713;;;;Supp;;;3
2394;2394;1129;2;Saudi Arebia;;;;;;;;7;7;;;;3
2393;2393;1769;2;Egypt;Naser City;;;;;;;7;17;;;;3
2392;2392;1768;2;;;;;;;;;;;;;;3
2391;2391;1767;3;;;;;;;;;;;;;;3
2390;2390;1766;3;;KUALA LUMPUR;;;;60362515144;;;;;;;;3
2389;2389;1765;3;;;;;;0142700753;01-5546-9090;;;;REPLACES SECA;;;3
2388;2388;1764;3;;;;;;;;;;;;;;3
2387;2387;1763;2;Taiwan;;;;;;;;;3;;;;3
2386;2386;1762;3;;;;;;01-6459-3994;01-6081-5555;;;;ANTENNA Mfg;;;3
2385;2385;1761;6;;;;;;231-798-0150;231-798-8464;;;;;;;3
2384;2384;1760;2;TURKY;;;;;;;;;;;;;3
2383;2383;1759;6;FR;ROCHEFORT;;Avenue Dulin - Z.I. des Sœurs;17300;05 4687 4012;05 4699 7149;;;;;FR 82 316 883 180;;5
2382;2382;1758;2;USA;;;;;;;;;;Corporate Flight Department;;;3
2381;2381;1757;6;;;;;;1 414 355 6129;1 414 355 3066;;;;DIV of TYCO Elec CRJ;;;3
2380;2380;1756;3;USA;;;;;;;;;;;;;3
2379;2379;1755;2;ITALY;CATANIA;;;;;;;;7;;;;3
2377;2377;1753;2;;;;;;;;;;;;;;3
2376;2376;1693;3;USA;Jackson;MS;811 Airport Road, Hwy. 475 South;39208;;;;;;;;;3
2375;2375;1113;2;Russia;;;;;;;;;;;;;3
2374;2374;1112;2;Australia;;;;;;;;;6;Rep;;;3
2373;2373;1111;2;Vietname;;;;;;;;;;;;;3
2372;2372;1110;3;USA;;;;;631-567-2492;631-589-9070;;;;Rep;;;3
2371;2371;1109;1;USA;;;;;516.399.2275;516.399.2244/800.872.9903;;7;8;Rep;;;3
2369;2369;1107;3;Australia;;;;;;;;;;;;;3
2368;2368;1106;3;USA;;;;;703.430.9060;703.450.8200;;;;Rep Supp;;;3
2367;2367;1401;3;USA;Sylmar;California;12675 Encinitas Avenue;91342-3634;818 362 1088;818 362 1100;;;;;;;3
2366;2366;1400;3;Singapore;;;;;;;;;;;;;3
2365;2365;1399;3;;;;;;;;;;;;;;3
2364;2364;1398;3;USA;glastonbury;ct;65 sequin drive;06033;860 633 2231;860 633 4615;;;;;;;5
2362;2362;1396;2;Angola;;;;;;;;7;3;;;;3
2360;2360;1656;11;Spain;;;;;314-771-0829;314-771-6100;;;;;;;3
2359;2359;1655;11;China;;;;;;;;;;;;;3
2358;2358;1042797291;3;;;;b;;;;;;;;;;
2357;2357;1526149049;2;Russia;;;;;;;;7;7;Bouht ATR72 from AEROAIRLINES will be operated by subsidiary Komiinteravia DBA UTAIR EXPRESS;;;3
2356;2356;1040721723;2;Greece;;;;;;01-6059-8877;;;6;;;;3
2355;2355;2088983094;2;Georgia;;;;;;;;;;;;;3
2354;2354;1654947580;11;Italy;;;;;;;;7;3;;;;3
2353;2353;-1798436852;6;;;;;;;;;;;;;;3
2352;2352;2031533734;3;;;;;;1 30 73 45 75;1 30 73 54 44;;;;SEAL MFG usa 215-266-9521 fx 215-256-0189;;;3
2351;2351;1038848214;3;;;;;;805-578-4155;805-584-4150 ext 5070;;;;MEGGITT Div DIST BY SEAL DYNAMICS;;;3
2350;2350;175181753;2;Albania;;;;;;44-1753-532-031;;7;17;Contrat PHB with Sabena;;;3
2349;2349;-356775289;10;Malta;;;;;356 2249 0000;356 2249 0145;;;;;;;3
2348;2348;-585242641;1;FR;ROISSY CDG;;20 rue pavé, bat. 3210, 2ème etage, BP 10339;;01 4184 6411;01 4184 6400;;;;;;;3
2347;2347;-747034761;3;;;;;;818-843-1209;818-843-6211;;;;ex HYDRA-Electric (MF);;;3
2346;2346;1049444250;3;;;;;;;;;;;;;;3
2345;2345;1037791035;3;;;;;;508-998-4100;508-998-4000;;;;Dist Also By Seal Dynamics;;;3
2344;2344;-650888514;2;France;La Chevrolière;;27 rue de la Clef des Champs;44118;0 033 240 841 909;0 033 240 843 737;;7;6;;;;3
2343;2343;-1673460539;3;;;;;;44-1292-670-215;44-121-788-5084 or 44-1292-670;;;;EX Lucas, TRW, SAMM  623-581-0154;;;3
2342;2342;245011120;2;;;;;;;;;;;;;;3
2341;2341;1029395066;6;USA;;;;;719-380-0040;719-380-0020;;;;;;;3
2340;2340;1027685042;3;France;;;9 rue  des cressonnieres;;;;;;;;;;3
2339;2339;-1463474370;6;USA;;;;;717-771-6864;717-764-8855;;;;CRJ sold this product line several years ago to Tactair Fluid Controls;;;3
2338;2338;1524;3;;;;;;972.641.3711;972.641.3461;;;;;;;3
2337;2337;1523;6;USA;Burnsville;MN;14300 Judicial Road;55306-4898;;952-892-4762;;;;Dist By AVIALL  800-284-2551 fx 800-329-2842 or AAXICO - Chk UK STK;;;3
2336;2336;1522;1;;;;;;305-825-1923;;;;;TEG/ATR Transparencies.;;;3
2335;2335;-2057003647;2;INDONESIA;Jakarta 13610;;;13610;805-604-3701;805-604-3700;;7;3;;;;3
2334;2334;1360;2;Norway;;;;;;;;;;A/C owner DANU DOT;;;3
2333;2333;1359;2;USA;;HI;;;;;;;;http://www.transairhawaii.com;;;3
2332;2332;1358;1;USA;Ft. Lauderdale;FL;6701 B N.W. 12th Avenue;33309;305.984.0290;305.821.5917;;;14;Rewin OH, Rep;;;3
2331;2331;1357;2;Switzerland;;;;;;;;;;;;;3
2328;2328;1354;1;USA;Kansas City;MO;10737 Ambassador Dr.;64153;;;;;;;;;3
2327;2327;1353;2;USA;;;;;;;;;;;;;3
2325;2325;1351;3;USA;;;;;408.637.0096;408.636.8824;;;;Supp,Rep;;;3
2324;2324;1350;2;USA;;;;;;;;;;;;;3
2322;2322;1348;3;USA;;;;;305.688.8450;305.688.0511;;;;;;;3
2321;2321;1638;7;Belgium;Melsbroek;;Airport Building 119, Block 3;B-1820;;;;4;6;;BE0446364997;;3
2319;2319;1636;3;;;;;;714-223-749;71-442-060;;;;;;;3
2318;2318;1635;2;Libya;;;;;;;;;14;;;;3
2317;2317;1634;7;;;;;;;;;;6;;;;3
2316;2316;1633;6;;;;;;02 38 70 45 72;02 38 70 45 31;;4;;ASK to Wright LOT No on Certificat B.L;;;3
2315;2315;1632;3;;;;;;516-585-4810;516-585-4000;;;;;;;3
2314;2314;1631;2;USA;;;;;;;;7;3;;;;3
2313;2313;1630;1;;;;;;;;;7;7;;;;3
2312;2312;1629;12;Australia;Main Terminal Building;Townsville Airport QLD;Townsville Airport Logistic building;4814;61 7 3274 5884;61 7 3274 3663;;4;7;;;;3
2311;2311;1628;3;;;;;;01-4781-6250;;;;;;;;3
2310;2310;1627;2;Canada;;MB;90 Thompson Drive;;;;;7;8;;;;3
2308;2308;1625;3;Turkey;;;;;;;;;;;;;3
2307;2307;1624;6;Germany;Berlin;;Ohlauer Strasse 5-11 AG Berlin-Charlottenburg;10999;;;;;;;;;3
2306;2306;1623;2;Israel;BEN GURUION INT'L AIRPORT;LOD;COMAT RECEIVING STORE;70100;;;;;;www.elaltech.com;;;3
2305;2305;1622;3;;;;;;;;;;;;;;3
2304;2304;1621;1;USA;Tulsa;OK;4085 Southwest Boulevard;74107;;(918) 445-3545;;7;4;Ametek group;;;3
2303;2303;1620;3;France;;;;;;;;;;Consulting firm with good connections in Africa, works on fokker, Boeing;;;3
2302;2302;1619;2;UK;;;;;;;;;;;;;3
2301;2301;1618;2;Indonesia;;;;;;;www.trigana-air.com;7;3;Have agreement with some supplier, but open to suggestions;;;3
2300;2300;1617;11;Singapore;;;;;;;;;7;Specialize in Consumables;;;3
2299;2299;1733;6;;;;;;;;;;;;;;3
2298;2298;1732;1;United States;Van Nuys;CA;7641 Densmore Ave;91406;;;;;;;;;3
2297;2297;1731;3;INDIA;Kolkata;;;700 019;;;;;;;;;3
2296;2296;1730;3;U.A.E;Dubai;;;;;;;;;;;;3
2295;2295;1729;2;Belgium;;;;;;;;;;;;;3
2294;2294;1728;3;Singapore;;;;;;;;;;Doing Maintenance to Myanma Airways;;;3
2293;2293;1727;2;;;;;;;;;;3;;;;3
2292;2292;1726;7;Canada;St-Laurent;QC;6875 Côte de Liesse;H4T 1E5;;;;4;14;MFG. providers of Flight Training Devices and Full Flight Simulators  - NO SHIPPING INSURANCE NEEDED;;;3
2291;2291;1725;3;;;;;;;;;;;(A Precision Aviation Group Company);;;3
2290;2290;1724;3;;;;;;;;;;;;;;3
2289;2289;1723;3;USA;Miami Lakes;FL;7440 Miami Lakes Drive Suite F-207;33015;;;;;;;;;2
2288;2288;1722;6;;FLEURY LES AUBRAIS;;22 RUE DE CUREMBOURG;45401;02-4778-1031;02-4778-1010 / 52;;;;CLAMP Mfg / USINE;;;3
2287;2287;1721;1;;;;;;;;;;;;;;3
2286;2286;1720;3;;;;;;;;;;;;;;3
2285;2285;1719;3;Canada;Montreal;QE;"1000, Rue De La GAUCHETIERE OUEST; Suite 2900";H3B 4W5;615-676-1664;;www.transaerinc.com;;;;;;3
2284;2284;1718;2;Panama;;;;;03-8158-5797;03-8158-4240;;7;3;;;;3
2283;2283;1717;2;BRAZIL;Aeroporto Pinto Martins;;;;;;;;17;;;;3
2282;2282;1716;3;;;;;;1-612-884-0043;1-612-887-5510;;;;;;;3
2281;2281;1429;2;Malaysia;;;;;;;http://www.fireflyz.com.my;7;7;100% owned by Malaysia Airlines;;;3
2280;2280;1428;3;;;;;;;;;;;;;;3
2279;2279;1427;6;USA;STERLING;;;;;;;4;;;;;3
2278;2278;1146;3;USA;;;;;;;;;;;;;3
2277;2277;1145;10;Germany;Saarbruecken;;Flughafen Saarbruecken, Halle 4;66131;;;;5;6;sold to TPA;DE 811 970 187;;2
2276;2276;1144;1;USA;;;;;;;;;;Supp Rep;;;3
2275;2275;1143;2;USA;;;;;;;;;;;;;3
2274;2274;1142;2;UK;Plymouth Devon;;Plymouth City Airport;PL6 8BW;;;;;17;a part of Sutton Harbour Holdings group;GB 577 371 325;;3
2273;2273;1141;2;Egypt;;;;;516.588.8521;;;;;;;;3
2272;2272;1140;7;Canada;Saint-Laurent;Québec;8585, ch. de la Côte-de-Liesse;H4T 1G6;514-341-0654;514-341-6780;;7;6;;;;3
2271;2271;1139;7;USA;;;;;;;;7;;;;;3
2270;2270;1138;2;Egypt;Cairo;;building no.4 block 1154, markaz el-maloumat st. Sheraton;11361;202-2675394;202-2675399;;7;3;;;;3
2269;2269;1137;3;Switzeland;;;;;41.1.813.3887;41.1.813.7033;;;;;;;3
2268;2268;1136;2;China;;;;;;;;;;VIP flight for Poly Technologies;;;3
2267;2267;1135;1;Canada;Mississauga;Ontario;7895 Tranmere Drive, Unit 12;L5S 1V9;905-672-6828;905-672-1364;;;;;;;3
2266;2266;1134;1;Hungary;;;;;36.1.157.7218;36.1.157.7214;;7;3;;;;3
2265;2265;1133;11;USA;Miami;;;;;;;;;Sell Aircraft;;;3
2264;2264;1132;3;USA;;NY;;;;;;;;;;;3
2263;2263;1131;2;Bangladesh;;;;;;;;;;;;;3
2262;2262;1251;3;USA;;;;;305.782.2766;305.783.2669;;;;Supp;;;3
2261;2261;1250;2;Greece;;;;;;;;;;;;;3
2260;2260;1249;3;;;;;;;;;;;;;;3
2259;2259;1248;3;USA;;;;;203.567.3429;203.567.9441/7353;;;;Supp, Rep;;;3
2258;2258;1247;2;France;;;;;;;;;17;AIR HORIZONS, France went bankrupt and ceased service. It operated five 737s and three 757-200s.;;;3
2257;2257;1246;1;UK;London;;;;;;;;;owned subsidiary of Singapore Technologies Aerospace (STAe). B737 and A320 Sapres + Exch + REP;;;3
2256;2256;1245;2;Vietnam;;;;;;;;7;3;;;;3
2255;2255;1244;2;Russia;;;;;;;;;7;;;;3
2254;2254;1243;3;SINGAPOR;;;;;;;;;;;;;3
2253;2253;1242;2;MEXICO;;;;;;;;;;;;;3
2252;2252;1241;3;USA;;;;;305.625.9487;305.625.4900;;;;Rep,HO;;;3
2251;2251;1240;3;USA;Carrollton;TX;2015 McKenzie Dr. Ste 106;75006;;;;8;;;;;3
2250;2250;1239;2;Armenia;;;;;;;;7;7;;;;3
2249;2249;1238;2;Turkey;;;;;;79;;;;;;;3
2248;2248;1237;3;USA;;;;;;;;;;Supp;;;3
2247;2247;1162;3;USA;;;;;316.942.0891;316.942.0844;www.matrixaviation.com;;;Supp, Rep Exch;;;3
2246;2246;1161;2;Switzerland;;;;;;;;;;;;;3
2245;2245;1160;3;USA;;;;;904.737.5064;904.730.3412;;7;6;Supp;;;3
2243;2243;1158;6;CHINA;;;;;;;;;;;;;3
2242;2242;1157;2;SPAIN;SABADELL;;Aeropuerto de SABADELL;08205;+34 93 746 90 08;+34 902 460 006;;5;14;New name http://www.canaryfly.es, also Letsfly;;;3
2241;2241;1156;2;MALI;;;;;;;;;;;;;3
2240;2240;1155;3;USA;;;;;703.432.0193;703.432.0101;;;;Supp;;;3
2239;2239;1154;3;USA;;;;;313.946.1895;313.946.1890;;;;Supp;;;3
2238;2238;1153;2;Turkey;;;;;901.377.7394;901.382.5808;;;;;;;3
2237;2237;1152;7;UAE;Dubai;;;;;;;7;3;;;;3
2236;2236;1151;1;Austria;;;Bld.992, A-1300 Vienna Airport;;;;;7;4;;;;3
2235;2235;1150;2;Australia;Redcliffe;WA;Valentine Road;6105;;;;;;;;;3
2233;2233;1148;2;USA;;;;;;;;;16;;;;3
2232;2232;1147;3;USA;;;;;305.344.2825;305.345.8436;;;;Supp;;;3
2231;2231;1098;1;USA;;;;;602.252.0395;602.253.4540;;;;Rep Supp;;;3
2230;2230;1097;1;Australia;;;;;;;;;;Honeywell TPE331 turbine engines distributre;;;3
2229;2229;1096;2;sri lanka;Katunayake;;Bandaranaike inl airport;;204.885.2229;204.775.9711;;;7;;;;3
2228;2228;1095;2;Canada;;;;;416-675-1969;;;7;7;;;;3
2227;2227;1094;7;USA;;;;;;;;;;;;;3
2226;2226;1093;2;Guinea Equatorial;Malabo;;Calle Presidente Naser;APDO 0916;;;http://www.flyceiba.com/;5;6;;;;3
2225;2225;1092;2;Swiss;;;;;;;;;17;Air Berlin;;;3
2224;2224;1091;3;Canada;;;;;514.631.1209;514.633.9188;;;;Rep;;;3
2223;2223;1090;3;USA;;;;;714.662.7968;714.754.2490;;;;Rep;;;3
2221;2221;1088;1;South Africa;;;;;;;;;;;;;3
2220;2220;1087;2;BULGARIA;SOFIA AIRPORT;;1, Brussels blvd.;1540;359-2-9459031;359-2-98448 568;;5;1;Hemus Air use our a/c. Bulgaria Air, Hemus Air and Viaggio Air are in one common holding;BG831 642 142;;3
2218;2218;1085;3;USA;;;;;480 505 8260;480 505 8261;;;;;;;3
2217;2217;1084;3;USA;;;;;305-593-6012;305-593-5045;falconaero@aol.com;;;Supp;;;3
2216;2216;1572;3;USA;;;2000 N.W,95 AV;;;305 591 8555;;;;;;;3
2215;2215;1571;3;USA;Delaware;;;;;;;;;;;;3
2214;2214;1570;3;USA;Ft. Lauderdale;FL;4521 S.W. 42nd Terrace;33314;;;;5;3;;;;2
2213;2213;1569;2;USA;;;;;;;;;;;;;3
2212;2212;1568;3;;;;;;305.477.0803;305.477.3100;;;;;;;3
2211;2211;1567;3;USA;;;;;623 536 0489;623-536-0488;;;17;;;;3
2210;2210;1566;3;;;;;;;;;;;;;;3
2209;2209;1565;3;;;;;;;203.597.6900;;;;;;;3
2208;2208;1564;4;;;;;;;;;;;;;;3
2207;2207;1563;3;;;;;;;;;;;;;;3
2206;2206;1562;6;;;;;;818.842.6117;818.526.2600;;4;;;;;3
2205;2205;1561;3;;;;;;;;;;;;;;3
2203;2203;1559;2;Ghana;;;;;;;http://www.citylink.com.gh;;7;;;;3
2202;2202;1558;6;UK;Titchfield, Fareham;Hampshire;Abbey Park, Southampton Road;PO14 4QA;44 1329 853797;44 1329 853000;;4;;dist via seal dynamics 631-667-4000;;;3
2201;2201;1557;6;FRANCE;;;ZONE INDUST.DES DAMES BP No25;;0134810221;0130791720;;;;ASK CERT of Conformity in English also;;;3
2200;2200;1556;3;FRANCE;;;32Bis Rue Gutenberg, Z.I LA MARINIERE;;01.6086.4874;01 69 91 49 00;;;;;;;3
2199;2199;1054;10;Kenya;Nairobi;;PO Box 1218;00502;;;;;17;Kaskazy Airlines;;;2
2198;2198;1114;2;Sweden;;;;;;;;7;3;;;;3
2197;2197;1712;3;;;;;;0810 61 01 02;04-7544-8823;;;;;;;3
2196;2196;1711;3;;;;;;;;;;;;;;3
2195;2195;1710;3;;;;;;;;;;;;;;3
2194;2194;1709;2;Belarus;Minsk;;;;;;;7;3;;;;3
2193;2193;1708;3;;;;;;;;;;;;;;3
2192;2192;1707;1;;;;;;;;;;;;;;3
2191;2191;1706;1;SINGAPORE;;;;;;;;;7;;;;3
2190;2190;1705;2;UK;;;;;;;;7;7;;;;3
2188;2188;1703;3;;;;;;;519-271-3880;;;;;;;3
2187;2187;1702;3;spain;Madrid;;;;;;;;;;;;3
2186;2186;1701;2;Lebanon;;;;;;;;;;;;;3
2185;2185;1700;3;;;;;;;;;;;;;;3
2184;2184;1699;2;USA;;;;;;;;;;;;;3
2183;2183;1335;6;USA;MIAMI;FL;5502 N.W. 37th AVENUE;33142;305.871.7873;305.871.4050;;;;OH Rep ww.,theraft.com / javier@theraft.com <javier@theraft.com>;;;3
2182;2182;1334;3;Germany;;;;;405.644.2557;405.634.3258/1456;;;;;;;3
2180;2180;1332;3;USA;;;;;918.968.9564;918.968.9561;;;;OH;;;3
2179;2179;1331;1;USA;;;;;203.649.7968;203.647.0916;;;;"www.chromalloyarizona.com
www.sosarizona.com";;;3
2178;2178;1330;2;Canada;;;4740 Agar Drive;;;;;;8;Owner of Heli-One and Schreiner.;;;3
2176;2176;1328;3;UK;;;;;;;;;;;;;3
2175;2175;1327;1;USA;OPA LOCKA;FL;12970 PORT SAID ROAD;33054;305.681.4236;305.688.9439;;;;Rep, Supp;;;3
2174;2174;1326;3;USA;;;;;310.427.5916;310.595.6263;;;;Rep,HO;;;3
2173;2173;1325;3;USA;;;;;305.687.7708;305.687.7706;;;;Rep;;;3
2172;2172;1324;2;Hong Kong;;;;;;;;;;;;;3
2170;2170;1322;2;Nigeria;;;;;;;;;;;;;3
2169;2169;1321;3;USA;;;;;816.587.6327;816.587.6180;;;;Rep,Rewin;;;3
2168;2168;2088983111;2;Ireland;;;;;;;;;7;;;;3
2167;2167;2088983110;2;NIGERIA;;;;;;;;7;6;;;;3
2166;2166;2088983109;6;USA;Liverpool;NY;4806 West Taft Road;13088;315-451-8919;315-451-3928;;;;KAISER FLUIDS;;;3
2165;2165;2088983108;6;France;St Vallier;;1 avenue Marc Seguin;26240;01-3064-4131;01-3064-2940;;;;MFG GAS ACTU - DIST SATAIRE;FR16775572878;;3
2164;2164;2088983107;3;USA;;;;;;;;;;;;;3
2163;2163;2088983106;6;;;;;;631-563-8781;631-563-6400;;;;;;;3
2161;2161;2088983104;2;Turkey;;;;;;;;;;;;;3
2160;2160;2088983103;6;;;;;;;714-828-7770;;;;;;;3
2159;2159;2088983102;6;91761;;;;;909-947-9958;909-947-2200;;;;SEAL MFG;;;3
2158;2158;2088983101;6;;;;;;714-834-0590;714-834-0602;;;;Sale to VALTEC A/C Supply;;;3
2157;2157;2088983100;6;;;;;;714-773-6351;714-773-2600;;;;;;;3
2156;2156;2088983099;3;england;;;ashchurc, tewkesbury;;44 168 485 2210;44 168 299 111;;;;;;;3
2155;2155;2088983098;3;UK;;;;;44-1777-709739;44-1777-706731;;;;;;;3
2154;2154;2088983097;3;USA;;;;;818-347-7147;818-884-7260;;;;Phone:  818 313 6001    Fax: 818 610 1813 mailto:asams@plporter.com;;;3
2152;2152;1806;3;USA;;;;;;;;;;;;;3
2151;2151;1805;2;Austria;Bregenz;;Bahnhofstrasse 10;6900;;;www.intersky.biz;7;6;;;;3
2150;2150;1804;6;;;;;;;;;;;;;;3
2149;2149;1803;3;USA;;;;;;;;;;;;;3
2148;2148;1802;2;UK;;;;;;;;;7;;;;3
2147;2147;1801;2;MEXICO;;;;;;;;7;3;ABC AEROLINEAS S.A. DE C.V.;;;3
2146;2146;1800;2;Switzerland;;;;;41;41;;;;;;;3
2145;2145;1799;3;;;;;;;;;;;;;;3
2144;2144;1798;2;Philippines;;;;;;;;;17;;;;3
2142;2142;1796;3;;;;;;- 303;39-039-28-94-203;;5;;Microtechnica  39-039-28-94815 fx 39-039-2894912 Ms Monica Brambilla;;;3
2141;2141;1795;2;China;Hainan;;29 haixiu Road;57023;;;http://www.hnair.com;7;3;;;;3
2140;2140;1794;2;Argentina;;;;;;;;;17;;;;3
2139;2139;1793;2;USA;;;;;;;;7;;America West operator;;;3
2137;2137;1791;1;USA;FORT LAUDERDALE;FL;2550 NW 4TH CT.;33311;;(954) 316-6015;;5;4;-;;;3
2135;2135;1789;3;Israel;;;;;;;www.nimdaparts.com;;;;;;3
2134;2134;1320;3;Bangladesh;;;;;;;;;;working with airlines who mainly operatates Dash-8 100&300;;;3
2133;2133;1319;4;Canada;;;;;;;;;;;;;3
2132;2132;1318;2;Holland;;;;;;;;7;6;Rep;;;3
2131;2131;1317;2;Sweden;;;;;;;;;;;;;3
2130;2130;1316;2;Canada;;;;;;;;7;6;OH;;;3
2128;2128;1053;3;IRLAND;;;;;353.61.471.241;353.61.471.533;;;;;;;3
2127;2127;1052;3;GERMANY;;;;;49.231.215.784;49.231.921.302;;;;;;;3
2126;2126;1051;11;GERMANY;Nuremberg;;Formaeckerstr.20 -;90475;-;;-;7;3;;;;3
2125;2125;1050;2;GERMANY;;;;;49.911.520.1216;49.911.520.120;;;17;;;;3
2124;2124;1049;3;;;;;;;;;;;Supp, Rep;;;3
2123;2123;1048;3;UAE;;;;;;;;;;Hlicopteur;;;3
2122;2122;1047;3;;;;;;;;;;;;;;3
2121;2121;1046;2;China;;;;;;;;;;;;;3
2120;2120;1045;2;Austria;;;;;;;;7;14;;;;3
2119;2119;1044;2;GERMANY;;;;;;;;7;7;;;;3
2118;2118;1043;3;USA;;;;;;;;;;;;;3
2116;2116;1041;2;Spain;;;;;;;;;17;;;;3
2115;2115;1040;2;Japan;;;;;;;;7;3;;;;3
2114;2114;1039;2;Slovakia;;;;;;;;7;6;owner VIP AIR, sales@vipair.sk. DAnubewings is a marketing name and operator will be VIP AIR.;;;3
2113;2113;1038;7;Thailand;Bangkok;;89 Vibhavadi Rangsit Road, Chatuchak;10900;(662) 690 0384;(662) 690 0380;;4;7;;;;3
2112;2112;1037;2;NORWAY;N-4055 Stavanger Lufthavn;;Flyplassveien 124;;47.4.659.377;47.4.659.000;http://www.braathens.no;;3;"Also Malmo Aviation; http://www.braathenstechnical.com/";;;3
2111;2111;1036;2;Russia;;;;;;;;;;;;;3
2109;2109;1034;2;SOUTH AFRICA;Bonaero Drive;;;;27.11.395.1539;27.11.973.1921;;7;7;Own Air Contractors.;;;3
2108;2108;1033;2;Brazil;;;;;;;;7;3;;;;3
2107;2107;1032;2;ICELAND;;;;;;;www.airiceland.is;;17;;;;3
2106;2106;1031;1;USA;Van Nuys;CA;;;;;;;;;;;3
2105;2105;1030;3;USA;;;;;305.871.5564;305.871.6650;;;;;;;3
2104;2104;1788;3;ITALY;;;FAREM;;39-0224-09-747;39-0226-222-523;;;;MR D'ANGELO;;;3
2102;2102;-1351836106;6;UK;;;;;44 1495-202006;44-1495-202-000;;;;;;;3
2101;2101;1361;2;Malaysia;;;;;;;;7;3;;;;3
2100;2100;1344;3;USA;;;;;817.329.0317;817.481.3718/6531;;;;Rep;;;3
2098;2098;1342;6;monaco;;;;;;377.9205.6688;iec@iec-monaco.com;4;;"Doc problem (batch n°156) ""Missing Signature & Batch No""";;;3
2097;2097;1341;2;USA;;;;;a;;;;;;;;3
2096;2096;1340;12;South Korea;Chungcheongbuk-do;;San 5-1, Lpsang-ri, Cheongwon-gun;363-793;;;;6;;out of business;;;3
2095;2095;1339;1;USA;;;;;;;;;;Rep;;;3
2094;2094;1338;2;Sweden;;;;;;;;;;;;;3
2093;2093;1337;3;USA;;;;;214.247.7879;214.241.2501;;;;Rep,OH;;;3
2092;2092;1336;3;USA;;;;;210.599.2358;210.599.0060;;;;Rep OH;;;3
2091;2091;1698;3;;;;;;;;;;;;;;3
2090;2090;1697;8;;;;;;;;;;;;;;3
2089;2089;1696;3;;;;;;;502-240-0560;;;;;;;3
2088;2088;1695;2;Turkey;;;;;;;;;7;;;;3
2087;2087;1314;1;Canada;Summerside PEI;;Hangar 8 slemon park;C1N4P6;902.436.0070;902.436.1333;;;;"OH & Repair facility
http://www.atlanticturbines.com/";;;3
2086;2086;1083;2;USA;;;;;;;;;7;;;;3
2085;2085;1082;2;UK;;;;;;;;;7;http://www.partstrading.co.uk/;;;3
2084;2084;1081;3;USA;;;;;208.344.9503;800.643.8379/208.344.5161;;;;Supp Rep;;;3
2083;2083;1080;3;Germany;;;;;;;;;;;;;3
2082;2082;1079;3;USA;;;;;510.782.0329;510.785.9391;;;;Supp,Rep;;;3
2081;2081;1078;3;USA;;;;;;;;;;;;;3
2080;2080;1077;3;USA;;;;;818.243.8965;818.246.8431;;;;Rep, Supp;;;3
2079;2079;1076;3;UK;;;;;44.1.273.813.666;44.1.273.812.345;;;;Supp;;;3
2078;2078;1075;3;UK;Manor House Lane;Datchet;Unit 12, Portland Business Centre;SL3 9EG;;;;7;;A part of Heico;GB727448120;;3
2076;2076;1073;2;UK;;;;;;;;;;FKA A2B airways Ltd. www.flykeen.co.uk;;;3
2075;2075;1072;3;;;;;;;;;;;;;;3
2074;2074;1029;2;MOLDOVA;;;;;;;;;17;;;;3
2073;2073;1028;2;SPAIN;;;;;34914188769;;;;7;;;;3
2071;2071;1026;2;Cyprus;;;;;;;;7;7;;;;3
2069;2069;1024;3;Sweden;;;;;;;;;;;;;3
2067;2067;1022;3;USA;;;;;;;;;;Supp;;;3
2066;2066;1021;2;Lithuania;Karmelava;;Kaunas Airport [Comp. CODE 110893736];LT-54460;;;;4;7;LY-DOT opf FDX/ABR iso OY-CIU (ex DAT);LT 108 937 314;;3
2065;2065;1020;2;South Koera;;;;;;;;;17;;;;3
2064;2064;1019;1;USA;;;;;631-753-2407;631-753-2282;;;;;;;3
2063;2063;1018;3;ITALY;;;;;;;;;;;;;3
2062;2062;1017;2;France;;;;;;;;7;3;Check if started opreration;;;3
2061;2061;1016;3;;;;;;;;;;;;;;3
2060;2060;1015;3;USA;;;;;;;;;;Supp;;;3
2059;2059;1014;1;India;;;;;;;;;;Rep;;;3
2058;2058;1013;7;France;;;;;;;;;;;;;3
2056;2056;1011;11;Malaysia;Selangor Darul Ehsan;;34, USJ 9/5E, 47620 Subang Jaya;;;;;;;;;;3
2055;2055;1010;2;VENEZUELA;;;;;;;;;;Cargo AL established in 1996. owned by Jose Henrique D'Apollo (51%) and DHL International (49%).;;;3
2054;2054;1009;2;Jamaica;Kingston,;;;;;;;;17;;;;3
2053;2053;1008;3;USA;;;;;631.981.2605;631.981.2600;;;;Rep;;;3
2052;2052;1007;2;USA;;;;;;;;;17;;;;3
2051;2051;1006;1;USA;TEMECULA;CA;;;305.;305.;;;;;;;3
2050;2050;1345;3;South Africa;Bedfodview;;Pellmeadow Park, Block B, 60 Civin Dr.;2007;;;;;;;;;3
2049;2049;1128;2;Uruguay;;;;;;;;7;3;;;;3
2048;2048;1127;3;USA;;;;;;;;;;Supp;;;3
2047;2047;1071;2;Australia;Pinkenba;QLD;Boeing Hangar 59, Pandanus  Avenue;4008;;;;4;7;;;;3
2046;2046;1126;2;Bosnia;;;;;;;;;17;;;;3
2045;2045;1125;3;USA;Beggs;OK;8530 N. 220th Road;74421;918.492.6297/800.992.6297;918.492.6295;;;;Supp;;;3
2044;2044;1124;3;USA;;;;;;;;;;;;;3
2043;2043;1123;3;USA;;;;;201.288.8006;201.288.1189;;;;Rep;;;3
2042;2042;1122;2;Russia;;;;;;;;;3;;;;3
2041;2041;1121;1;USA;Sun Valley;CA;11240 Sherman Way;91352;818-765-8073;818-765-6201;;;;Rep;;;3
2040;2040;1120;2;Lithuania;;;;;;;;;;UAB Nordic Solutions Air Services. New name Avion Express;;;3
2039;2039;1119;3;USA;;;;;817-589-8337;8817-284-5769;;;;;;;3
2038;2038;1118;2;China;;;;;;;;7;3;;;;3
2037;2037;1117;1;USA;;;;;510.569.3568;510.569.2949/800.285.9471;;;;Rep;;;3
2036;2036;1116;2;Germany;;;;;;;;;7;;;;3
2035;2035;1115;2;Algerie;Dar El Beida - Algiers;;Aeroport International Houari Boumediene;;213-21-50-58-91;213 21 50 9244 /45;chaalal-a@airalgerie.dz;5;14;Always quote FCA FAST Orly Airport Paris. Add shipping to Part price;;;3
2034;2034;1654;2;Spain;Barcelona;;;;;;;;7;;;;3
2033;2033;1653;3;;;;;;;;;;;;;;3
2032;2032;1652;3;;;;;;;;;;;REPAIR CONVERTION;;;3
2031;2031;1651;1;USA;Ft Lauderdale;FL;5352 NW 21st Terrace;33309;954-772-9570;954-772-4559;;;;old name JDC Co,;;;3
2030;2030;1650;3;;;;;;;;;;;;;;3
2029;2029;1649;3;Denmark;Viborg;;Soebakken 13;8800;45-8725 8401;45-8725 8406;;;;;DK2626624687;;3
2028;2028;1648;2;Finland;;;;;;;;7;3;SAS group;;;3
2027;2027;1647;2;venezuela;;;;;;;;7;14;;;;3
2026;2026;1646;3;;;;;;;;;;;;;;3
2025;2025;1645;3;China;Jida, Zhuhai,;;Room 401, Hongta Build No. 244, Shuiwan Rd.;;86-756-6135-1752;86-756-3355123;;;;86-756-6135-1752;;;2
2023;2023;1643;8;;;;;;;;;;;;;;3
2022;2022;1642;3;;;;;;954-717-9998;954-717-9997;;;;;;;3
2021;2021;1641;10;Indonesia;JL. RAYA PLP CURUG 5, LEGOK, TANGERANG;;Hangar Balai kalibrasi - Budiarto Airport;15820;;;;7;7;bought SCA Maint. / Technics Dinard;;;2
2020;2020;1640;2;Tunisia;Monastir;;AIMHB;5000;;;http://www.nouvelair.com.tn;;14;;;;3
2017;2017;2088983096;6;Japan;;;;;;716-694-7060;;;;;;;3
2016;2016;1070;3;UK;;;;;44.1.332.850.006;44.1.332.813.167/810.910;;;;Supp, Rep;;;3
2015;2015;1105;3;USA;;;;;210.821.4008;210.821.4071;;;;;;;3
2013;2013;1103;1;USA;;;;;818.994.7901/818.787.0329;818.787.3852;;;;A part of Intertechique;;;3
2012;2012;1102;3;TAHILAND;;;;;;;;;;;;;3
2011;2011;1101;1;Brazil;;;;;;;;;;Rep Supp Helicopters;;;3
2010;2010;1100;2;Philippines;;;;;;;;;;;;;3
2009;2009;1099;3;USA;;;;;214.869.1851;214.869.1988;;;;Rep;;;3
2007;2007;1425;6;FRANCE;TOULOUSE;;408 AV DES ETATS UNIS;31016;;05-61-35-29-74;;4;;Have Official Quote Prior Quoting -  Pls consolidate TRANSP PAR DHL 47€73 - A réception;FR42410673081;;3
2006;2006;1424;3;Cambodia;;;;;;;;;;;;;3
2005;2005;1423;6;France;;;;;056212.1520;056212.1525;;;;;;;3
2004;2004;1422;6;;;;;;450-647-2888;450-647-2860;;;;;;;3
2003;2003;1421;2;INDIA;VILE PARLE;MUMBAI;"WESTERN EXPRESS HIGH WAY
NEXT TO NANDGIRI STATE GUEST HOUSE";400 099;;;;7;3;;;;3
2002;2002;1420;1;France;;;;;02 48 71 52 43;02 48 71 31 75;;;;;;;3
2001;2001;1419;2;Indonesia;Jakarta;;Plaza Kuningan Menara Utara 30;12940;;;;;3;;;;3
2000;2000;1418;3;;;;;;44.2476.668.607;44.2476.668641;;;;;;;3
1999;1999;1417;3;France;;;;;;;;;;;;;3
1998;1998;1416;2;Turkey;;;;;;;;;7;;;;3
1997;1997;1415;3;;;;;;01-6486-6987;01-6486-6924;;;;;;;3
1996;1996;1414;2;URUGUAY;;;;;;;;7;3;;;;3
1995;1995;1413;1;USA;Valencia;CA;28150 Industry Drive;91355;661-294-1750;661-295-4000;www.ittaerospace.com;;;Dist AAXICO, ARGER Ent., General Transworld Corp,Del: Min 2wks, Urgent (700$) week, AOG+50% PO value;;;3
1994;1994;1412;3;Russia;Moscow;;Malaya Yakimanska 10;119180;7 495 959 59 44;7 495 959 59 42;;;;;;;3
1993;1993;1411;1;INDIA;;;;;;;;;;Indian Market;;;3
1992;1992;1410;2;China;;;;;;;;7;6;;;;3
1991;1991;1409;3;UK;;;;;;;;;;Also canada;;;3
1990;1990;1408;2;Denmark;;;;;;;;;;;;;3
1989;1989;1407;1;UK;;;;;44-1452-711768;44-1452-711832;;;;repair shop: Peter Higgins   711825- fax 711954;;;3
1988;1988;1406;1;USA;;;;;;;;;;;;;3
1987;1987;1405;2;Indonesia;;;;;;;;;17;;;;3
1985;1985;1403;1;Israel;;;;;972-3-935-3972;972-3-935-8908;;;;;;;3
1984;1984;1402;3;USA;;;;;516-981-7706;516-941-7700;;;;;;;3
1983;1983;1445516954;3;RUSSIA;MOSCU;;;;;;;;;;;;3
1982;1982;1371455748;2;;;;;;;;;;7;easyJet has purchased GB Airways;;;3
1981;1981;1348819369;2;MEXICO;Zapopan, Jalisco;Mexico;Prol. Americas 1731 Fracc. Jacarandas;45160;52 33 3688 8106;52 33 3208 6999;;;;Out of business, CRJ;;;3
1980;1980;1014818108;2;Spain;;;;;;;;7;7;;;;3
1979;1979;1008151397;2;;;;;;;;;;;;;;3
1978;1978;1007715343;12;France;;;;;;;;7;3;http://www.airturquoise.com/. Bankrupt;;;3
1977;1977;992880372;2;;;;;;;;;;;;;;3
1976;1976;770632706;3;;;;;;;;;;;;;;3
1975;1975;549852706;3;;;;;;;;;;;;;;3
1974;1974;100580224;6;;Rueil Malmaison Cedex;;"8, Rue Paul Héroult
ZAC Sainte Geneviève";92563;01-4708-3538;01-5547-2571;;5;;;;;3
1973;1973;84239333;2;CHINA;;;;;;;;;;;;;3
1972;1972;28316800;2;Sweden;35 Karlskoga;;Flygplatsen;S-691;;;http://www.swefly.com;;;;;;3
1971;1971;1808;1;Canada;Montreal;Quebec;4105 Cousens st.;H4S 1V6;514-745-2711;514-745-1600;;;;;;;3
1970;1970;2088983119;3;;;;;;;800-284-7677;;;;info@rosenvisor.com <info@rosenvisor.com> Dist by Glandale / http://www.ceebaileys.com/ordermono.htm;;;3
1969;1969;2088983118;2;;;;;;;714-545-5511;;;;;;;3
1968;1968;2088983117;3;USA;;;;;949-809-8390;949-809-8380;;;;eashman@parker.com;;;3
1967;1967;2088983116;6;France;;;;;01-6459-3994;01-6081-5555;;;;Ex RAYAN;;;3
1966;1966;2088983115;6;;;;;;401-941-8795;401-473-2324;;;;Seals;;;3
1965;1965;2088983128;3;USA;;;;;818-779-3971;818-779-3925;;;;www.puroflow.com / kime@PUROFLOW.com;;;3
1964;1964;2088983127;6;USA;Seattle;Washington;901 Dexter Avenue North,;98109;206.281.1365;206.281.1300;;4;;Batch No need on units & cert NQ  131;;;6
1963;1963;2088983126;3;;;;;;860) 243-7993;860) 243-9704;;;;www.kamatics.com Bearing dist Dixie Aerospace 404-348-8100, Wesco Aircraft Hardware 805-520-9465,W.;;;3
1962;1962;2088983125;2;South Africa;;;;;;;;;;Golfstream learjet, Bell222;;;3
1961;1961;2088983124;3;;;;;;;;;;;;;;3
1960;1960;2088983123;2;;;;;;;;;;;;;;3
1959;1959;2088983131;2;Nepal;;;;;;;;;17;;;;3
1958;1958;2088983130;3;;;;;;0049-8021-9025-66;0049-8021-9025-0;;;;Call the Distributor: SATAIR;;;3
1957;1957;2088983144;3;UK;;;40, Fort Parkway, Erdington;;44-(0)-121 377 7150;44-(0) 121 627 7303;;;;;;;3
1956;1956;2088983143;6;USA;;CA;;92675;;;;;;;;;3
1955;1955;2088983142;3;Canada;;;;;;905-683-3100;;;;;;;3
1954;1954;2088983141;2;SPAIN;;;;;;;;;17;;;;3
1953;1953;2088983140;6;Canada;;;3675 Boul. Industriel;;514-629-1655;514-629-3454;;;;;;;3
1952;1952;2088983139;6;;;;;;708.354.2820;708.354.1040;;;;info@grayhill.com Sodimatel DIST in FR m.rousseau@sodimatel.com;;;3
1951;1951;2088983138;3;Japan;;;;;81-42-528-6162;81-42-528-6185;;;;"AOG Japan : +81-908-806-9031  NL office  Mr Lu 31-20-653-0044 fx 58 lu@jamcoeu.com
USA : +1-425-347";;;3
1950;1950;2088983137;6;Japan;;;;;81-3-3265-5348;81-3-3265-0231;;;;kouhou@nohmi.co.jp Dist by Jalux fax 81-3-5460-7205;;;3
1949;1949;2088983136;2;Russia;;;;;;;;7;17;;;;3
1948;1948;2088983135;6;;;;St. Petersburg, Florida 33710;;727) 347-3881 (sales fax;727) 347-2181 (voice;;;;Press Transducer / sales@vsensors.com;;;3
1947;1947;2088983134;1;Hertfordshire;Stevenage;UK;Six Hills Way;SG1 2DH;44-1438-768822;44-1438-768800;;;;sales@radomes.co.uk;;;3
1946;1946;2088983133;3;;;;;;1-310-618-6660;310-618-6640;;;;716-687-4195  Tim Leach Fax 1-716-687-5969;;;3
1944;1944;579174521;3;;;;;;;36-1-296-8597 (seceretary);;;;CRJ - From EWG, recved first CRJ in Sept and second in Oct/02. Fleet under Malev;;22-juil-02;3
1943;1943;574060476;1;USA;Miami;FL;12400 SW 134th Court, Bay 12;33186;;;;;;;;24-sept-02;3
1942;1942;552467567;3;France;SAINT CYR EN VAL;;Rue Rond d'Eau;45590;;02 38 63 84 00;;;;;;17-déc-01;3
1941;1941;552002970;1;USA;santa maria;CA;726 w.betteravia;93455;805-349-1910;805-349-1911;-;;;-;;27-mai-02;3
1940;1940;550423144;3;;;;;;;44-208-4499263;;;;;;10-juil-01;3
1939;1939;549741107;6;France;Ozoir la Ferrière Cedex;;22 avenue Maurice Chevalier;77330;;01 60 18 52 00;;5;;;FR 90 306 978 545;16-juil-01;3
1938;1938;543518208;1;USA;Miami, FL 33166;;;;;305-717-9951;;;;Work with indonesia;;19-déc-01;3
1937;1937;536028979;1;USA;Tulsa;Oklahoma;;74117;;918-272-4538;;5;;;;25-sept-01;3
1936;1936;535384417;3;;;;;;;954-749-4886;;;;;;07-déc-01;3
1935;1935;533902386;2;;;;;;;91-44-2561113/4/5/6/7;;;7;;;16-oct-02;3
1934;1934;522292855;3;Netherlands;;;;;;;;;;;;30-mai-01;3
1933;1933;516613890;4;ENGLAND;HARROW, MIDDLESEX;;AEROSPACE HOUSE, 2A TUDOR ROAD;HA3 5PE;;;;;;Same company as Aerospares 2000 Ltd;;20-juil-01;3
1932;1932;516571102;3;France;;;;77165;;01-6001-4765;;;;;;28-janv-02;3
1931;1931;516125607;3;Canada;Richmond;;;V7B-1A3;;604-270-3080;;;;;;21-mars-02;3
1930;1930;504066508;3;;;NY;;11418;;718-441-9000;;;;;;25-juil-02;3
1929;1929;494793141;6;USA;CEDAR RAPIDS;IOWA;4700 N. RIVER BLVD;52411;;1-319-378-3500;;;;;;30-oct-01;3
1928;1928;490405879;3;;;;;;;201-236-2266;;;;;;01-juin-01;3
1927;1927;476778882;3;Danemark;KASTRUP;;;DK2770;;45-3250-0440;;;;;;11-sept-01;3
1926;1926;475334599;3;China;huadu;;HUANZHENDONG ROAD,HUASHAN HUAQIAO;510075;;86-20-8526-5311;;9;;ue-aviation.com;;09-oct-01;3
1925;1925;462924833;3;USA;Memphis;TN;3833 PREMIER Avenue;38118;;901-362-9700;;;;;;18-févr-02;3
1924;1924;451349582;3;SPAIN;;;;;;;;;;;;18-avr-01;3
1923;1923;450001651;3;;;NY;;11520;;516-868-7700;;;;;;22-août-01;3
1922;1922;446269933;2;UK;Forest;Guernsey;La Planque Lane, Guernsey Airport;GY8 0DT;;44 1481 266333;;4;1;;VAT exempt area, no VAT #;21-mai-01;3
1921;1921;432504111;3;USA;Patchogue;NY;191 Maple Avenue;11772;;631-447-9698;;;;;;08-août-01;3
1920;1920;1034367755;3;USA;BOCA RATON;FLORIDA;1181 S.Rogers Circle #12;33487;;561-241-3601;;;;To PurchParts Only with Tracability - unreliable Surce;;05-juin-01;3
1919;1919;1625;1;USA;Milwaukee;WI;8065 West Fairlane Ave.;53223;1 414 355 2648;1 414 355 7770;;;;;;03-avr-01;3
1918;1918;1624;3;UK;Horsham;West Sussex;17 lawson Hunt Industrial Park;rh12 3jr;;44 1403 265 566;;;;;;02-avr-01;3
1917;1917;1623;1;Ireland;;;Dublin Airport;;;353 1 886 6975;;5;;;;02-avr-01;3
1916;1916;1622;3;USA;;IA;2050 Progress drive;52233;;847-808-7460;;;;;;01-avr-01;3
1915;1915;1621;1;France;Garons;;Aeroport de Nimes-Arles-Camargue BP 23;30128;;04-6670-7274;;;;sous Sabena;;30-mars-01;3
1913;1913;1619;3;;;;;;;44-20-8990-6711;;;;;;29-mars-01;3
1912;1912;1618;3;;;;;;;305-971-9091;;;;;;27-mars-01;3
1911;1911;1617;5;USA;New York;NJ;75 Burt Drive - Deer Park;11729;;1-631 667 4000 / 253;;5;;;;27-mars-01;3
1910;1910;1616;3;South Africa;Cape Town;;PO Box 6 - Cape Town Int'l Airport;7525;;27 21 386 4360;;9;;;;26-mars-01;3
1909;1909;1615;1;USA;Chatsworth;CA;9101 Winnetka Ave.;91311;818-700-2882;818-700-1616;;;;;;26-mars-01;3
1908;1908;1614;3;DK;;;;;;45 8636 44 22;;;;;;23-mars-01;3
1907;1907;1613;3;usa;;NJ;;07410;;973-238-0800;;;;;;23-mars-01;3
1906;1906;1612;3;USA;Valencia;CA;28402 W Livingston Ave,;91355-1415;;661-702-0800;;;;;;23-mars-01;3
1905;1905;1610;3;;Beziers;;;;;01-4311-3400;;;;;;20-mars-01;3
1904;1904;1609;3;USA;Miami;FL;;33122;;305-593-9929;;;;;;20-mars-01;3
1902;1902;1034663341;3;;;;;;;1 30 96 57 29;;;;;;15-oct-02;3
1901;1901;1568;3;The Netherlands;;;Eikenlaan 261 J, 2404 BP, Alphen aan;;31 (0)172 501 925;31 (0)172 468 050;;;;Specializing in Fokker F-27 and F-28 F100. Office UK, Malasiya,;NL008700333B02;07-févr-01;3
1900;1900;1567;4;;;;;;;;;;;;;06-févr-01;3
1899;1899;1566;3;France;Romilly sur Seine;;26 rue Mattéoti;10100;;03 25 210 417;;;;;;05-févr-01;3
1898;1898;1565;3;USA;;;;;;;;;;;;31-janv-01;3
1897;1897;1564;3;;WECKER;;;;;;;;;;;29-janv-01;3
1896;1896;1563;3;Singapore;Singapore;;"2 Woodlands Sector 1
#03-23";738068;;65-552-8154;;9;;www.pbagroup.net;;29-janv-01;3
1895;1895;1562;3;Australia;;;;3041;;61-393 799 437;;;;;;29-janv-01;3
1894;1894;1561;6;FR;AVRILLE CEDEX;;Chemin du champ des martyrs BP 9;49241;;02 41 33 63 63;;;;;;29-janv-01;3
1893;1893;1560;10;UK;Aberdeen;Scotland;Caledonian House - Ninian road;AB210PD;;44 1224 722 274;;7;1;;;26-janv-01;3
1892;1892;1559;12;ALGERIA;;;;;;213 21 50 87 06;;;;;;26-janv-01;3
1891;1891;1558;11;Spain;Valencia Quart de Poblet;;AV. Comarques Del Pais Valencia,2 Parcela 83;46930;;34-956-85-5957;http://www.grupogeci.com/;5;3;"Rcvd list ATR 42 26/01/01 ref GE106J. Old address Poligono Ind. ""El Oliveral"", Fase III, Nave113";ESA 9701 88 65;26-janv-01;3
1890;1890;1557;3;USA;Lake Forest;CA;One Capitol Drive;92630-2203;;949-586-7558;;;;;;24-janv-01;3
1889;1889;1556;4;ITALY;ROMA;;Via Filippo Searafini 6;00173;39-06-722-3567;39-06-722-3571;;;;;;24-janv-01;3
1888;1888;1555;6;USA;Lancaster;NY;225 Erie Steet;14086;;1 716 683 5100;;;;Dist Via Aviall - Api - Ansett;;22-janv-01;3
1887;1887;1554;3;;;;;;;800-450-6777;;;;;;19-janv-01;3
1886;1886;993123376;12;Nepal;;;;;;977-1-473-860;;6;;FR customer;;21-juin-01;3
1885;1885;992776880;2;Brazil;AV. PEDRO BUENO 1400;SAO PAULO;RUA MONSENHOR ANTONIO PEPE 94;04357-080;55 (11) 5582 9362;55 (11) 5582 9503;;;7;bought Pantanal. Purchase Ordres Pantanal Airlines is now under administration by TAM Airlines.;;17-juin-01;3
1884;1884;992439021;3;;;;;;;305-805-5499;;;;;;13-juin-01;3
1883;1883;992413041;6;USA;Phoenix;AZ;1944 east sky hurber circul;85034;;602-436-3836;;4;;;;13-juin-01;3
1882;1882;992353186;4;USA;Morton Grove;IL;6264 Oakton Street;60053;;847-583-1300;;4;3;devision of HEICO Corporation;;12-juin-01;12
1881;1881;992263545;3;USA;;FL;;;;1-321 267 1040;;;;;;11-juin-01;3
1880;1880;991996921;3;Singapore;;;;486361;;91-11-610-8198;;;;;;08-juin-01;3
1879;1879;991981799;3;;;MD;;20878;;301-977-3114;;;;;;08-juin-01;3
1878;1878;902638709;3;ITALY;Lonate Pozzolo;;Via Monte Grappa N.2;21015;;39-0331-301-750;;;;;;23-août-01;3
1877;1877;897155448;3;;;WA;;98188;;425-227-4500;;;;;;17-mai-02;3
1876;1876;892843165;3;;;;;;;859-269-2351;;;;;;13-mai-02;3
1875;1875;889692319;3;;;;;;;954-741-1707;;;;;;30-août-01;3
1874;1874;887316783;3;;;;;;;281-933-6740;;;;;;25-févr-02;3
1873;1873;862088333;3;;;;;;;44-1449-770-007;;;;;;07-nov-02;3
1872;1872;857698490;3;;Dallas;TX;;;;214-337-8958;;;;;;13-sept-02;3
1871;1871;855871086;3;USA;;;;;;954-929-5878;;;;work with Prima Av in Turkey;;22-août-01;3
1870;1870;838219256;6;USA;Burnsville;MN;14300 Judicial Road;55306-4898;;952-892-4300;;;;;;15-nov-02;3
1869;1869;837200049;3;;;;;;;305-599-9957;;;;;;29-août-01;3
1868;1868;837154209;3;;;;;;;305-477-6282;;;;;;12-avr-02;3
1867;1867;1553;3;GERMANY;;;;;;49-6105-970116;;;;;;18-janv-01;3
1866;1866;1552;6;;;;;;;44-1355-277-845;;;;;;18-janv-01;3
1865;1865;59169486;3;Ireland;;;;;;353-872-352-111;;;;;;27-févr-02;3
1864;1864;26398269;3;USA;Mansfield;TX;7356 HWY 1187;76063;817-672-0064;817-672-0060;;8;;rbailey@avinvres.com;;21-janv-02;3
1863;1863;1165;6;;sylmar;ca;12780 San fernando rd;91342;818-362-7801;818-362-6711;;;;;;26-janv-99;3
1862;1862;1163;1;CERGY PONTOISE;ZA DU VERT GALLANT;ST OUEN L'AUMONE;7/9 AV, DE L'EGUILLETTE - BP7186;95056;;01 34 32-63 38;;;;;01-3432-6486;25-janv-99;3
1861;1861;1162;3;USA;Superior;WI;7874 Brill Road;54880;715-399-0891;715-399-0890;;;;;;25-janv-99;3
1860;1860;1161;6;France;Massy;;zi de la Bonde -15 rue du Buisson aux Fraises;91300;+33 1 69 75 81 79;33 1 69 75 81 85;;5;;Dist Also By Rosenberg FR 01-3411-7608 04-7224-6024 - 67 fx;;25-janv-99;3
1859;1859;1160;2;INDIA;;;;;;;;;7;;;25-janv-99;3
1858;1858;1159;3;UK;;;;;;44 1293 51 66 51;;7;;;;25-janv-99;3
1857;1857;1158;6;;;FL;;;;;;;;;;25-janv-99;3
1856;1856;1157;6;USA;Atlanta;GA;5159 Southridge Parkway;30349;;770-991-7211;;;;salse also via Intertrade;;25-janv-99;3
1855;1855;1156;9;France;Z.I Paris Nord II , Roissy CDG;;94 rue de la Belle Etoile,;95947;;;;4;;;;22-janv-99;3
1854;1854;1155;1;USA;Machesney Park;IL;1303 Turret Drive;61115;815- 398-9308;815-398-9202;;7;;;;21-janv-99;3
1853;1853;1154;1;France;Maillane;;dept maintenance - za La praderie bp 13;13910;;04 90 95 77 66;;5;;;;21-janv-99;3
1852;1852;1055;6;ITALY;20060 CASSINA DE' PECCHI (MI);;Via G. GALILEI, 5;20063;;39 02 924 401;;4;;;IT 00578910127;01-avr-98;8
1851;1851;1054;3;FRANCE;PARIS cedex 03;;9, rue de Poitou;75003;;01 42 71 23 45;;;;;;01-avr-98;3
1850;1850;1053;3;South Australia;Salisbury;;James Shofield Drive, Adelaide  Airport,;5950;;00 61 882 344 755;;;;AIR EMILIA, Italy wet-leased ATR 42-300 (032);;01-avr-98;3
1849;1849;1052;1;NORWAY;Lysaker;;Oksenoyveien 12;1366;;47 67 53 90 66;;5;;;;30-mars-98;3
1848;1848;1051;6;Germany;Mainz Kastel;;Lorenz Schott ST. 9;55252;;49 6134 204110;;;;;DE814224455;26-mars-98;3
1847;1847;1050;3;ENGLAND;Christchurch Dorset;;Bournemouth Int'l Airport;BH23 6NE;;01202 409074;;;;;;26-mars-98;3
1846;1846;20869653;1;Italy;;;;;;;;;;;;22-juil-02;3
1845;1845;1049;6;The NETHERLANDS;BEEK;;Maastricht Aachen Airport, Horsterweg 7;6199 AC;;31 433 588 873/846/889/844;;4;;;NL 005557501B01;20-mars-98;3
1844;1844;1672092644;3;Singapore;;;;;;65-63243248;;9;;;;06-nov-02;3
1843;1843;1668781096;3;USA;wilmington;DE;320 cornell drive - suite D 7;19801;302 777 7800;302-777-5000;;;;;;21-mars-02;3
1842;1842;1665157182;3;Canada;Calgary;AB;Hgr # 5, 620a mctavish Rd. NE;T2E 7G6;;403-250-3032;;;;;;07-nov-02;3
1841;1841;1648784381;3;;;;;;;353-1843-9333;;;;;;17-mai-02;3
1840;1840;1646783226;3;Singapore;;;432 balestier rd.#01-448 public mansion;329813;;65-62-504-833;;;;;;17-avr-02;3
1839;1839;1646597713;3;;;;;;;305-463-9990;;;;;;19-sept-02;3
1838;1838;1638892883;3;USA;Atlanta;GA;4694 Aviation Parkway Suite K;30349;404-767-1467;404-767-0282;;;;-;;24-oct-01;3
1837;1837;1628965987;3;;South Windsor;Connecticut;;06074;;860-289-2500;;;;;;22-mai-01;3
1836;1836;1608810131;3;Switzerland;Belp;;;3123;;41319602231;;;;;;15-nov-02;3
1835;1835;1603411119;3;;signal hill;CA;;90804;;562-498-8263;;;;"F27 specialist; check all F27, such as Farnair, Air Contractors, Swift, Empire, all ATR crago A/L.";;24-août-01;3
1834;1834;1589211025;3;;;;;;;39-06-7934-0573;;;;;;06-mars-02;3
1833;1833;1587270779;3;;;;;;;;;;;;;18-oct-02;3
1832;1832;1585787249;2;INDIA;mumbai;east;s.m centre andheri-kurala rd. andheri east;400 059;;91-22-615-6682;;7;7;;;28-juin-02;5
1831;1831;1577081305;4;;;CA;;92621;;714-255-9700 x 106;;;;;;20-déc-01;3
1830;1830;1574792319;3;Turky;;;;;;90-212-662-71-57/58;;;;;;25-avr-02;3
1829;1829;1572990346;3;;;;;;;516-333-2121;;;;;;23-déc-02;3
1828;1828;1569760377;3;usa;hauppauge;ny;70 oser av;11788;;1-631-231-6111;;;;;;01-févr-02;3
1827;1827;1547554549;3;USA;Tustin;CA;1562E Parkway Loop;92780;714-247-1011;714-247-1010;www.oceanairinc.com;;;;;27-nov-01;3
1826;1826;1540419754;3;;;FL;;33155;;305-264-2662;;;;;;22-janv-02;3
1825;1825;1536679829;3;;;;;;;714-524-5520;;;;;;17-déc-02;3
1824;1824;1536266613;3;;;;;;;626-399-2787;;;;;;17-avr-01;3
1823;1823;1519877419;3;;;;;;;202-363-2600;;;;;;25-mars-02;3
1822;1822;1505319929;5;France;boulogne;;112 rue de paris;92100;;01-4604-4369;;5;;;;31-mai-02;3
1821;1821;1499627913;3;Spain;;;;;;34-913-938-410;;;;;;15-oct-01;3
1820;1820;1495592306;3;;;;;;;1-949 574-4100;;;;;;13-nov-02;3
1819;1819;1483934345;3;;;;;;;61-393-381-155;;;;;;12-avr-02;3
1818;1818;1468698651;3;;;;;;;954-575-8330;;;;;;19-mars-02;3
1817;1817;1461638615;3;;;;;;;212-605-0920;;;;;;25-avr-01;3
1816;1816;1461346480;3;;;;;;;886-6-2022537;;;;;;14-oct-02;3
1815;1815;1452801176;3;Israel;;;;;;972-3-632-3576;;;;;;12-mars-02;3
1814;1814;779;3;USA;;AK;;;;907.243.2485;;;;;;;3
1813;1813;776;3;Nigeria;;;;;;234.1.496.1501;;;11;;;;3
1812;1812;775;3;Nigeria;;;;;;370-3-739-9111;;;;;;;3
1811;1811;773;2;Tanzania;;;;;;255.51.38300;;;17;;;;3
1810;1810;772;3;Cyprus;;;;;;357.2.465580;;;;;;;3
1809;1809;769;3;Israel;;;;;;972.9.501193;;;;;;;3
1808;1808;766;2;Israel;TEL AVIV;;DOV AIRPORT P.O.B. 39101;61392;;972.3.690.2240;;5;7;GMA with ATR;;;3
1807;1807;758;2;South Africa;Johannesburg;;POB 101 Johannesburg Intl Airport;;;27.11.978.5577;;4;6;See also South African Express Airways. Uses ILS;;18-mars-96;2
1806;1806;757;2;South Africa;;;;;;27-11-3901922;;7;6;;27.11.973.2941;18-mars-96;3
1805;1805;756;3;South Africa;;;;;;27.11.659.2980;;;;;;18-mars-96;3
1804;1804;754;3;South Africa;;;;;;27.11.921.0111;;;;;;18-mars-96;3
1803;1803;753;3;USA NY;;;;;;516.694.0600;;;;;;;3
1802;1802;752;2;Turkey;;;;;;;;7;7;;;18-mars-96;3
1801;1801;750;2;Sweden;Malmö-Sturup;;;SE-230 32;;46 40 500 500;;7;;;SE 556204370201;;3
1800;1800;742;2;New Zealand;;;;;;01-6486-6939;;;;;;;3
1799;1799;740;3;New Zealand;;;;;;64.3.218.9129;;;;;;;3
1798;1798;1298;2;Norway;;;;;;;;;7;commercially branded “Norwegian,;;10-sept-99;3
1797;1797;1297;3;;;;;;;;;;;;;08-sept-99;3
1796;1796;1296;4;;;;;;;;;;;;;08-sept-99;3
1795;1795;1295;3;France;Lemesnil amelot;;11 rue de la grande borne;77990;;01-64-02-67-67;;;;;;03-sept-99;3
1794;1794;1294;2;ITALY;Somma Lombardo;;;21019;;;;;7;;;03-sept-99;3
1793;1793;1293;3;Belgium;HERSTAL;;;4040;;32-4-264-0821;;;;Dist DERCO USA  - Boon FR;;31-août-99;3
1792;1792;1292;3;USA;MIAMI;FL;3150 NW 40 ST;33142;;305-633-8800;;;;;;27-août-99;3
1791;1791;1291;3;SPAIN;CADIZ;;Calle Empedrada 33, Jerez de la Frontera;11401;;34-956-343430;;;;;A 116 54 134;26-août-99;3
1790;1790;1290;1;USA;Corona;CA;257 HELICOPTER CIRCLE;92880;;1-909-372-2870;;4;;;;26-août-99;3
1789;1789;1289;3;USA;;;;;;707-746-6265;;;;;;24-août-99;3
1788;1788;1288;3;;;;;;;201-288-1189;;;;;;24-août-99;3
1787;1787;1287;3;;;;;;;353-6147-4766;;;;;;24-août-99;3
1786;1786;1286;6;switzerland;Bachenbulach;;bitziberg Str 5;CH-8184;41-44-218-1212;41-44-218-1200;;;;Company EMTEQ Europe;;24-août-99;3
1785;1785;1285;2;Ivory Coast;;;;;;;;;17;http://www.airivoire.com;;19-août-99;3
1784;1784;1284;3;;;;;;;305-633-0399;;;;;;18-août-99;3
1783;1783;1283;1;USA;Deearfield Beach;FL;580 South Military Trail;33442;;954-428-9500;;5;;Work wit HYDREP;;17-août-99;3
1782;1782;1282;2;France;Carpiquet;;Aéroport de CEAN-Carpiquet;F-14650;;02-31081100;;;14;;;11-août-99;3
1781;1781;1281;3;;;;;;;44-1531-633 000;;;;;;10-août-99;3
1780;1780;1280;6;uk;reading berkshire;;suttons park av., suttons business park;rg6 1la;;44-118-926-2977;;4;;;;09-août-99;3
1779;1779;1279;6;France;La Ferte Bernard;;Route de bonnetable;72400;;01-69-82-77-92 / 58;;5;;;;05-août-99;3
1778;1778;1278;3;;;;;;;414-355-770;;;;;;04-août-99;3
1777;1777;1277;3;Italy;Foggia;;;;;39-0881-760039;;;;Under agreement for now, but not for long,;MIN P.O. : 250 U$;03-août-99;3
1776;1776;1276;6;France;TIERCE;;Avenue de l'osier;49125;;02-41-42-88-92;;;;;;30-juil-99;3
1775;1775;1275;12;ISRAEL;Tel-Aviv;;P.O:Box 40, Ben Gurion Int'l Airport;70100;;972-3-536-2580;;;;;;29-juil-99;3
1774;1774;1274;3;;;;;;;02-4004-4777;;;;;;27-juil-99;3
1773;1773;1207;12;LITHUANIA;Kaunas;;VEIVERIY STR, 132;3018;;370-3-739-9111;;3;;suspended operations, citing debts to Eurocontrol and suppliers ceasing deliveries.;LT 329 974 314;02-mars-99;3
1772;1772;1206;2;;;FL;;33762-3805;;1-727-532-6653;;4;;;;01-mars-99;3
1771;1771;1205;3;USA;MIAMI;FL;7825 N.W 53rd St.;33166;;1-305-592-6236;;;;link to aviotrade inc;;01-mars-99;3
1770;1770;1204;3;;;;;;;44-1276-857441;;;;;;26-févr-99;3
1769;1769;1203;3;;;Salaunes;;33160;;05,5668,5520;;;;;;25-févr-99;3
1768;1768;1202;3;ENGLAND;Christchurch;Dorset;Build. 97 BournemOUth Int'l Airport;BH23 6SE;;44-120-257-0055;;;;;;24-févr-99;3
1767;1767;1183;1;USA;Miami;FL;1951 NW 93rd Avenue;33172;305 477 3367;305 477 2994;;4;;;;15-févr-99;3
1766;1766;1182;1;;;;;;;800-264-7411;;;;;334-928-6800;15-févr-99;3
1765;1765;1181;3;;MONACO;Principaute de monaco;3 rue de l'industrie;98000;;377.9205.6688;;;;;;10-févr-99;3
1764;1764;1180;1;USA;Atlanta;GA;5000, A Clark Howell Highway;30349;404-765-1722;404-767-4667;;4;4;-;;10-févr-99;3
1763;1763;1179;3;France;blagnac;;Immeuble centreda, rue didier daurat;31700;;05 61 71 01 89;;;;;;09-févr-99;3
1762;1762;1178;6;France;vendome;;52 Rue du courtiras;41100;;01.4080.5834/5889;;;;HONEYWELL -NLG Garrett;;09-févr-99;3
1761;1761;1177;3;UK;;;;;;44,1403,711,444;;;;EAE Gmbh Contacts;;09-févr-99;3
1760;1760;1176;6;United Kingdom;Christchurch;Dorset;Aviation Park West, Bournemouth Airport;BH23 6EW;;44-1202-581-818;;4;;;GB798032890004;09-févr-99;3
1759;1759;1175;6;France;Bealieu les Loches;;1 plc. du M. Leclerc;37600;;01 41 23 22 89;;5;;link to Air Cruisers;FR78482605771;05-févr-99;9
1758;1758;1174;10;Canada;TORONTO;ONTARIO;PO BOX 6023 AMF;L5P 1B9;;1-905 676 1540;;7;;;;05-févr-99;3
1757;1757;1173;3;;;;Int'l Precision;;;01-39-54-31-11 ou 05-61-06-52-;www.ippbv.com;;;;;05-févr-99;3
1756;1756;1172;2;Ireland;;;;;;;;;;;;04-févr-99;3
1755;1755;1171;6;UK;SLOUGH;BERKSHIRE;683/685 STIRLING ROAD;SL1 4ST;;44-1753-696 006;;;;www.aircraftbraking.com;;04-févr-99;13
1753;1753;1169;1;France;DIEUPENTALE;;ROUTE DE TOULOUSE;82170;;05-6302-5249;;7;;;;02-févr-99;3
1752;1752;1168;1;France;L'isle jourdain;;ZAC  DE PONT PEYRIN;32600;05 6207 3584;05-6207-7171;www.jcb-aero.com;5;;CERT PROBLESS always CONFIRM P/N & SN Marked on Units & CERT Faxed Prior Shippment;;01-févr-99;3
1751;1751;1167;5;USA;Miami;FL;8881 N.W. 13th Terrace;33172;;1-305-592-4633;;9;;Ask Certified Copy or Original Cert With Evry Order -;;01-févr-99;3
1750;1750;1166;3;France;BAILLY;;8 PARC DES FONTENELLES BP30;78870;;01-3009-2525;;;;;;29-janv-99;3
1748;1748;1517;3;USA;MUSKEGON;MI;;49441;;231-798-8464;;;;;;13-déc-00;3
1747;1747;1516;3;USA;GREENVILLE;NC;;27858;;252-355-7963;;;;;;11-déc-00;3
1746;1746;1515;3;USA;KANSAS CITY;MO;6319 Stadium dr.;64129;;1 816 923 2228;;;;;;07-déc-00;3
1745;1745;1514;10;GERMANY;Koeln;;Hangar 6;51147;;49 2203 40 48 04;;5;1;make A and B checks on CRJ and A checks on ATR;DE 812996 978;06-déc-00;3
1744;1744;1513;6;USA;Leonia;NJ;One willow three road;07605;;1 201 461 0900;;;;DIST BY TRANSAERO 516-921-7400 fx 516-921-7407;;06-déc-00;3
1743;1743;1512;3;USA;Wichita;KS;1853 S. Eisennower Ct.;67209;;316-945-0445;;8;;;;04-déc-00;3
1742;1742;1511;2;fr;blagnac cdx;;1 Rond point maurice bellonte;31707;;05-6171-0140;;;17;;;01-déc-00;3
1741;1741;1510;3;USA;;CA;;92008;;760-597-9100;;;;;;30-nov-00;3
1740;1740;1509;3;USA;Pompano Beach, FL;FL;2301 NW 33rd Court, Suite 114;33069;954-979-8122;954-979-8130;;;;;;30-nov-00;3
1739;1739;2136405086;3;;;ROSNY SOUS BOIS;;93116;;01-49-35-35-35;;;;;;;3
1737;1737;2136405084;3;;;NY;;12540;;845-677-8185 Ext : 111;;;;;;;3
1736;1736;2136405083;3;;;FL;;33178;;1305-418-4252;;;;;;;3
1735;1735;2136405082;3;;;CA;;95035;;1801-859-4269;;;;;;;3
1734;1734;2136405081;3;;;;;;;714-966-1199;;;;;;;3
1733;1733;2136405080;3;USA;Marco Island;FL;1553 buccaneer court;34145;;218-736-7125;;;;;;;3
1732;1732;2136405079;3;;;MD;;20636;;1301-373-9784;;;;;;;3
1731;1731;2136405078;3;USA;chandler;AZ;3045 N.colorado St. Suite # 5;85225;;480-926-7118;;;;;;;3
1730;1730;2136405077;2;UK;;;;;;;;;17;"09/09 leased ex-Gill Airways ATR 72-202 (444) from ATR Asset Management.
Works with anglo normandy.";;;3
1729;1729;2136405076;1;Canada;Calgary;;"1120 - 53 Avenue NE -Calgary ; Alberta";T2E 7N9;;+1(403) 616 3359;;7;;;;;3
1728;1728;2136405075;6;;Springfield;PA;;19064-4084;610-328-4016;610-328 4000;WWW.mog.com;;;;;;3
1727;1727;2136405074;3;;Lees Summit;MO;;64063;;816-246-4500;;;;;;;3
1726;1726;2136405073;3;USA;;;JETRAN INTL;;;786-845-8100;;;;;;;3
1725;1725;2136405072;2;BELGIUM;;;;;;32 476 460 437;;;7;;;;3
1724;1724;2136405071;3;USA;LOS ANGELES;CA;2301 PONTIUS AVENUE;90064;;1-310-477-1224;;;;;;;3
1723;1723;2136405069;3;USA;MANSFIELD;TEXAS;P.O BOX 600;76063;;;;;;;;;3
1722;1722;2136405068;3;;;;;;;603-425-2329;;;;;;;3
1721;1721;2136405067;3;;;;;;;44-1908-222-010;;;;;;;3
1720;1720;2136405066;2;Canada;Montreal;;;;;1450-358-2043;;7;6;;;;3
1719;1719;2136405065;3;;Alger;;;;;305-871-5449;;;;;;;3
1718;1718;2136405064;3;;;;;;;;;;;;;;3
1717;1717;2136405063;3;France;RUNGIS CEDEX;;9 RUE D ARCUEIL;94 152;;;;;;;;;3
1716;1716;2136405062;3;USA;;;;;;305-593-6038;;;;Look for Big Airbus List 09/03;;;3
1715;1715;2136405061;3;;;;;;;;;;;;;;3
1713;1713;2136405059;8;Germany;Bucarest;;Aeroporto Vincenzo Florio;91100;;;;;;;;;3
1711;1711;2136405057;3;;Miami Springs;;;;;1305-885-4991;;;;;;;3
1710;1710;1035449616;4;UK;Poole;;unit 10 The alpha center;BH17 7AG;;44-1202-665551;;;;;;24-oct-02;3
1709;1709;1034956784;3;;;;;;;01-4816-1890;;;;;;18-oct-02;3
1708;1708;1034942608;9;France;ROISSY CDG;;24 rue du trait d'union - BP 10554;95721;;0800 877 877;;4;;;;18-oct-02;3
1707;1707;1034928604;3;GERMANY;;;;;;49 7244 2327;;;;;;18-oct-02;3
1706;1706;1034767815;1;Canada;Montreal;Quebec;5595 Royalmount Ave.;H4P 1J9;;514-735-1536;;;;;;16-oct-02;3
1705;1705;1496;2;Canada;ESSEX;;;SS2  5SX;;;;;;;;23-nov-00;3
1704;1704;1495;3;Switzerland;Brutten, Zurich;;POBOX 61;CH-8311;;41-523-453-605;;;;;;23-nov-00;3
1703;1703;1494;3;France;;;;78;;01 39 12 24 52;;;;;;22-nov-00;3
1702;1702;1493;3;France;BOULOGNE CDX;;55 RUE ESCUDIER - BP 10;92 101;;01 46 03 12 02;;;;;;22-nov-00;3
1701;1701;1492;3;;El Segundo;CA;;90245;;310-615-3100;;;;;;21-nov-00;3
1700;1700;1491;3;UK;Leeds;;;LS19 7YG;;44-113-238-7100;;;;;;20-nov-00;3
1699;1699;1490;8;DK;billund;;;7840;;45 9753 5634;;;6;lease To DAT. Under NORDIC AVIATION CONTRACTOR;;20-nov-00;3
1698;1698;1489;2;INDIA;MUMBAI;;OLD AIRPORT,SANTA CRUZ;400029;;91 22-26157666;;;17;;;17-nov-00;3
1697;1697;1488;1;USA;East Point;Georgia;1478 Central Ave.;30344-4884;;305-876-1677;;;;;23-06-02304-27;17-nov-00;3
1696;1696;1487;3;USA;Tempa;AZ;;85283;;480-966-0077;;;;;;16-nov-00;3
1695;1695;1486;3;USA;Gaithersburg;MD;7840 Airpark Rd.;20879;;301-590-9200;;;;"Buy everything for Air Madagascar in the USA; Good connections in Africa";;16-nov-00;3
1694;1694;1485;4;USA;Seattle;WA;;98003;;253-661-9600;;9;;;;15-nov-00;3
1693;1693;1484;3;USA;;;;;;904-794-1787;;;;;;15-nov-00;3
1692;1692;1482;3;Sweden;Savedalen;;;S-433 61;;46-31-265-902;;;;;SE710615089401;13-nov-00;3
1691;1691;1481;3;USA;santa fe spring;CA;13112 barton rd.;90670;;562-941-9888;;;;;;12-nov-00;3
1690;1690;1190;3;;;;;;;802-865-9318;;;;;;17-févr-99;3
1689;1689;1189;1;USA;Atlanta;GA;495 Lake Mirror Rd. Bldg. 800 Suite G;30349;;404-767-5800;;5;4;FR customer;;17-févr-99;3
1687;1687;1187;3;ENGLAND;Andover;HAMPSHIRE;UNIT 4-5 Mayfield ind. Park WEYHILL;SP11 8HU;;44-1264-771-414;;;;;;15-févr-99;3
1686;1686;1186;3;israel;Bet nehemya;;suite 63B, moshav;73140;;972-03-973-9090;;;;Africa, Blue Panorma Airlines Italy, Airline from Singapor ,;;15-févr-99;3
1685;1685;1185;5;;;TX;;75228;;214-320-9770;;;;dist Elec Equipp, Connector,;;15-févr-99;3
1684;1684;1184;6;France;LES ULIS;COURTABOEUF CDX;5 av.Des Andes BP126;91944;;01-6982-7778/58;;5;;No longer valid address since 2010;;15-févr-99;
1683;1683;1146;3;;;;;;;32-27-535-690;;;;;;16-nov-98;3
1682;1682;1476;3;USA;;FL;;33142;;305-871-1690;;;;;;06-nov-00;3
1681;1681;1475;3;GERMANY;MUNCHEN;;MUNICH GMBH POSTFACH 241345;85335;;49-8997-597785;;;;;;06-nov-00;3
1680;1680;1474;3;U,K;ESSEX;;;;;44-1702-299-763;;;;;;02-nov-00;3
1679;1679;1473;2;TUNISIE;;;2035, Aéroport Tunis-Carthage;;;216 1 785 035;;7;6;"DO328-110 -8ea, ATR 42 from alitalia
SEE SEVENAIR";;31-oct-00;3
1678;1678;1472;3;France;PARIS;;35, rue du Plateau;75958;;01 40 03 46 55;;;;;;31-oct-00;3
1677;1677;1407;3;France;Trelivan;;Aeroport de dinan bel-air;22100;02-9687-3130;02-9687-3131;www.aviationrs.com;5;;NAVETTE 150 €;FR45 429 356 553;07-août-00;3
1676;1676;1406;3;;irvine;;;;;949-653-8344;;;;Offices in Brazil, Asia-Indonesia;;04-août-00;3
1675;1675;1405;1;France;plaisir;;Z.I. Les gâtines - 61 rue pierre curie;78 373;;01-6486-6963;;4;;;;04-août-00;3
1674;1674;1404;3;ISRAEL;Gat Rimon;;60 HAILANOT St.;49920;972-39325845;972-3-932-9849;nmadover@hawkaviation.com;8;3;Need Trace Info;;02-août-00;1
1672;1672;1401;2;Netherlands;;;Prestwickweg , 1118 LC - schiphol south East;;;31-235-555-555;;;;Delete;NL 006704736B04;26-juil-00;3
1671;1671;1400;10;GERMANY;HAMBURG;;Weg beim Jäger 193, Ham UH/BL1 Warenannahme;22335;;49-40-5070-4052;;7;3;;;25-juil-00;3
1670;1670;1399;1;FR;NIORT;;271 Blvd du Château Musset;79005;01 64 86 69 79;01 64 86 69 43;-;;;-;;25-juil-00;3
1669;1669;1398;3;USA;Miami;Florida;6911 NW 51 St.;33166;;1-305-392-9970;;;;;;24-juil-00;3
1668;1668;1397;3;France;SIVRY COURTRY;;Chemin de St Jacques;77115;;01 64 52 77 55;;;;;;20-juil-00;3
1666;1666;1393;3;ITALY;;;zone de fret, aeroport mba bp 9900;;;39-042-260076;;;;;;13-juil-00;3
1664;1664;1007449715;3;Australia;;;;NSW 2751;;61-2-4722-6711;;;;;;04-déc-01;3
1663;1663;1007365168;3;;;;;;;305-999-0018;;;;;;03-déc-01;3
1662;1662;1007105788;3;;;;;;;516-433-5599;;;;;;30-nov-01;3
1661;1661;1007020461;6;France;Villepinte;;22 av Nation  SILIC B;93420;;01-4992-7300;;;;;;29-nov-01;3
1660;1660;1006793889;3;;;MN;;56601;;218-755-1330;;;;;;26-nov-01;3
1659;1659;1006525679;3;India;New Delhi;;;;;91-11-628-9201;;;;;;23-nov-01;3
1658;1658;1004944972;3;usa;dutchess;NY;79 styles way, sky acres airport, lagrangeville dutchess;12540;845 677 6252;845-677-8185;sstyles@stylesaviation.com;6;;No insurance;;05-nov-01;3
1657;1657;1003489889;1;UK;;;;;;;;;;;;19-oct-01;3
1656;1656;1003233484;3;;Roma;;;;;39-0650-524-306;;;;;;16-oct-01;3
1655;1655;1002916536;3;USA;Redmond;WA;8920 152nd Ave NE;98052;;425-869-7799;;;;;;12-oct-01;3
1654;1654;1145;2;Myanmar;Bahan Towship;Yangon;"No.56, Shwe Taung Gyar Street, 
Bahan Township";;;39-0659-57-225;http://www.airbagan.com;7;3;;;16-nov-98;3
1653;1653;1144;5;ENGLAND;Thundersley;ESSEX;533 Rayleigh Rd;SS7 3TN;;44-1268-741770;;;;MAINT Made by Muirhead Avionics;;27-oct-98;3
1652;1652;1143;3;IRELAND;Co. Clare, Shannon;;Unit 10-11 Dist. Centre / Shannon free Zone;;;353-6147-4800;;;;;IE 6560634V;27-oct-98;3
1651;1651;1142;2;Lithuania;;;;;;;;7;;FKA Lithuanian Airlines ceased its operations from 17th January, 2009. Zhak. New: flylalcharters.lt;;22-oct-98;3
1650;1650;1141;6;FRANCE;PLAISIR CDX;;BP1 61 Rue Pierre Curie;78373;;01-64 86-69 14 / 25 / 23;;4;;DIST USA by IDC;;21-oct-98;3
1649;1649;1121;5;UK;middlesex;hounslow;Unit 4 heathrow int'l Trading estate;;;44-208-577-9019;;4;;;;26-août-98;3
1648;1648;1120;5;USA;VALENCIA;CA;27821 Smyth Drive;91355;661.295.6780;661.295.6775;;;;Sold the business.;;25-août-98;3
1647;1647;1119;5;UK;ALBOURNE;West SUSSEX;Unit 1 Jammeson Est.;BN6 9EB;;44-127-383-3833;;5;;;GB 291 9330 43;21-août-98;3
1646;1646;1020422549;2;Netherlands;luchthavenweg 29;;rainbow aviation fao pps-klm, Eidhoven Airport;5657;;31-433-588-596;;;;ILS User, doing now purchasing by Rijnmond Air Svc  And EQM Aircraft Maint. But doing payments;NL 009 698 905 B01;03-mai-02;3
1645;1645;1020239051;3;;;;;;;253-770-7567;;;;;;01-mai-02;3
1644;1644;1019807756;3;;;NJ;;07073;;973-773-9300;;;;;;26-avr-02;3
1643;1643;1019733468;3;USA;Signal Hill;CA;2667 E. 28th st. Suite 510;90806;;562-595-9866;;;;;;25-avr-02;3
1642;1642;817170331;1;;Hannover;;;;;49-511-7806-303;;7;;;;23-sept-02;3
1641;1641;815868059;3;;;;;;;;;;;;;25-juil-01;3
1640;1640;1608;3;USA;Destin;FL;;325550;;850-650-8033;;;;"ailing List :Steve Jones <mpslogistics@earthlink.net>; saidyguardado@commutersupport.com <saidygua";;20-mars-01;3
1639;1639;1607;3;US;WINDERMERE;FLORIDA;PO BOX 889;34786;407-876-3971;407-876-3978;tim.jetspares@earthlink.net;;;;;19-mars-01;2
1638;1638;1606;2;Latvia;Riga;;Riga international airport;LV-1053;;;;;17;owned by SAS;LV 4000 324 5752;14-mars-01;3
1637;1637;1605;3;;;;;;;845-679-5201;;;;;;09-mars-01;3
1636;1636;1604;3;UK;Sharpthorne, Nr East Grindstead;West Sussex;Hangdown mead business park, Top Rd;RH19 4HU;44-1342-810-444;44-1342-810044;;;;;GB645 1087 45;09-mars-01;3
1635;1635;1603;3;France;Genevilliers;;;;;01 41 85 05 10;;;;;;08-mars-01;3
1634;1634;1602;3;USA;Baldwin Park;CA;;91706;;626-939-1255;;;;;;08-mars-01;3
1633;1633;1601;3;Canada;Brampton;Ontario;;L6S 5N1;;905-874-1655;;;;;;07-mars-01;3
1632;1632;1600;1;The Netherlands;Hoofddorp;;;;;31-23-563-7534;;4;;;;07-mars-01;3
1631;1631;1599;2;Jordan;;;;;;962-6-4451445 X 412;;;7;;;07-mars-01;3
1630;1630;1598;3;USA;BURBANK;CA;2921 Thornton Ave.;91510;;323-849-2141;;;;;;06-mars-01;3
1629;1629;1597;3;Canada;Quebec;;4100 Seré Street, Ville Saint-Laurent;H4T 1A6;;514-344-5521;;5;6;;;02-mars-01;3
1628;1628;1596;3;UK;West Sussex;;Star Estate,Partridge Green,Horsham;RH13 8RA;;44-1403-711-444;;4;;;GB 376 814 225;02-mars-01;3
1627;1627;1595;1;France;Aubervilliers;;45 Avenue Victor Hugo - BAT227;93538;03-8694-5201;03-8694-5200;;5;;;;02-mars-01;3
1626;1626;1594;3;USA;Deephaven;MN;19380 Lake Ave.;55391;;952-476-6700;;8;;;;02-mars-01;3
1625;1625;1593;3;;;;;;;;;;;;;01-mars-01;3
1624;1624;1592;8;UK;Southend on Sea;Essex;Lancaster Business park;SS2 6UN;44;44 1702 548 504;-;4;8;the trading devision of BAC LEASING AND SALES. Old Name (Ex BAC);GB 429 712 637;26-févr-01;3
1623;1623;1591;2;Ireland;Corbalis Park - Dublin Airport;co Dublin;ENGINEERING STORES;;;353 1 814 5240 / 5243;;10;1;;IE 9Y23017F;26-févr-01;3
1622;1622;1590;2;Switzerland;Basel Airport;;Airport st. - Zone Nord;CH-4030;;41 61 325 18 19 / 31 Mathias;;4;6;;;23-févr-01;3
1621;1621;1589;3;USA;Fort Laudedale;FLO;1100 Lee Wagener blvd - suite 211;33315;;954-359-3615 / 3616;;;;Part of Rossair Group,;;23-févr-01;3
1620;1620;1588;3;France;PARIS;;rue du Plateau;75019;;01 40 03 46 55;;;;;;23-févr-01;3
1619;1619;1587;6;USA;Sarasota;FL;6000 Fruitvill Rd.;34232;941-3775528;941-377-5524 / 5558;;5;;;;22-févr-01;3
1618;1618;1586;3;UK;;;;;;44-1256-722-110;;;;HONEYWELL SUBSIDIARY;;22-févr-01;3
1617;1617;1585;3;Germany;;;;;;421-672-2245;;;;;;21-févr-01;3
1616;1616;1894986793;3;Canada;;;;J7G 2A7;;450-433-7733;;;;;;14-nov-01;3
1615;1615;1887886385;1;South Africa;;;;;;011-701-3202;;;;VALAIR IS AN AVIONICS WORKSHOP ORIGINALLY BASED IN ZIMBABWE BUT HAVE A BRANCH AT LANSERIA;;10-oct-02;3
1614;1614;1866678325;2;UK;Manchester;;;M90 5PF;;44 1652 681 065;www.easternairways.com;7;7;;;15-nov-02;3
1613;1613;1864172108;3;United Arab;Dubai;;;;;9716-557-0986;;;;;;02-oct-02;3
1612;1612;1861727455;3;;;FL;;33612;;813-833-2725;;;;;;15-mars-02;3
1611;1611;1848469292;3;USA;Soutlake;Texas;1603 Hart;76092;817-416-2706;814-416-7926;;;;"World wide sales & Marketing 
http://www.atlanticturbines.com/";;28-nov-02;3
1610;1610;1828291923;6;USA;Rockton;IL;One Woodwars way, pobox 405;61072-0405;;815-624-4400;;;;Address no longer valid - They are now Honeywell representative;;08-mars-02;
1609;1609;1783017487;3;belgium;Haacht;;kloosterstraat 16;3150;;32-16-606234;;5;;;;14-nov-01;3
1608;1608;1775639520;3;;;;;;;847-304-9477;;;;;;26-nov-02;3
1607;1607;1764718721;3;USA;;TX;;76053;;817-595-1949;;;;;;29-mai-02;3
1606;1606;1752559119;1;USA;Lincoln;CA;1501 Aviation Blvd.;95648;;916-645-8961;;5;;Old address;;02-avr-02;3
1605;1605;1749810132;1;USA;Pensacola;FL;3825 Navy Blvd;32507;(850) 457-0041;(850) 457-0002;;;4;;;05-avr-02;3
1604;1604;1739629170;8;IRELAND;Shannon, Co. Clare;;unit 10/11 Dist. Center;;-;353-61-474-800;-;4;;www.magellanair.com;IE 65 60 634V;15-mars-02;3
1603;1603;1717308413;3;;;;;;;46-131-83013;;;;authorized service center for EMB-120 and ERJ 135/140/145.;;24-août-01;3
1601;1601;1672442721;1;The Netherlands;Schiphol-East;;Thermiekstraat 135;1117 BB;;46-13-23-1950;;;;"Parent company: PO Box 13100, Nobymalmsvägen 1
SE-580 13 LINKÖPING Sweden";;03-nov-02;3
1600;1600;1316;6;UK;essex;;;;;44-1702-209-307;;5;;;;19-oct-99;3
1599;1599;1315;1;USA;Lynnwood;WA;16700 13th Avenue West;98037;425-743-8234;1-818-526-25-00;;4;;http://www.eldec.com / Username:  FRANROUA / Password:    WELCOME;;19-oct-99;5
1598;1598;1314;3;UK;;;;;;44-137-655-0700;;;;;;19-oct-99;3
1597;1597;1313;3;italy;orio al serio;;hangar 39, Aeroporto di orio al serio;24050;;39-035-4203920;;;;;IT 0108 045 0164;13-oct-99;3
1596;1596;1312;3;UK;Worthing;West Sussex;Aviation Center,Downlands Business Park;BN14 9LA;44 1903 705701;44-1903 705700;;4;;;;12-oct-99;3
1595;1595;2136405120;3;U.K;;;;P035 5PR;;44 1983 871 532;;;;;;;3
1594;1594;2136405119;3;;Miami;;;;;305-418-3235;;;;;;;3
1593;1593;995009383;3;Germany;Rückerdorf;;Hirschenau 3;90607;;49-911-5972-7320;;;;;;13-juil-01;3
1592;1592;994836209;3;UK;W Midlands;;Stratford Rd;B90 4LA;;44 121 788 5008;;;;;;11-juil-01;3
1591;1591;993624142;3;;;AZ;;85225;;480-558-9501;;;;;;27-juin-01;3
1590;1590;993623994;6;Germany;Freiburg, HRB 3115;;;;;;;;;;;27-juin-01;3
1589;1589;993536268;3;USA;Canoga Park;CA;;91304;;818-718-1414;;;;;;26-juin-01;3
1588;1588;833589587;1;Singapor;;;;;;65-9017-4620;;;;+ Broker. Work wirh China, Nepal, Thalialnd, Oman, Indonisia etc…;;02-oct-02;3
1587;1587;822593895;3;USA;MIAMI;FL;9550 N.W. 38 th street;33 178;;1 305 594 8910;;;;;;21-mai-01;3
1586;1586;1342;3;;PARIS 15;;9 RUE MATHURIN REGNIER;;;01 47 83 87 06;;;;;;02-févr-00;3
1585;1585;1341;3;USA;Wichita;KS;1326 S. Walnut PO box 13406;67213;;376-262-4020;;;;;;28-janv-00;3
1584;1584;1340;3;USA;coral springs;FL;8801 W. sample rd. Unit # 14;33065;;954-3402962;;;;;;27-janv-00;3
1583;1583;1339;6;France;Buc cedex;;Z.I. - 617 rue fourny;78531;;01-3084-6650;;5;;ingrid.bonnichon@siemens.com;;26-janv-00;3
1582;1582;1338;6;France;levallois-Perret cdx;;"Immeuble ""le malesherbes"" 114,rue victor hugo";92989;;01-5546-9087;;5;;MFG cert in Franch ask in English (NC109 & 129);;24-janv-00;3
1581;1581;1337;3;France;;;;3241;;03 25 83 22 00;;;;;;24-janv-00;3
1580;1580;1336;1;US;DENVER;CO;4600 Ironton Street;80239;;;;;;;;20-janv-00;3
1579;1579;1195;6;Washington;Lynnwood;;;;;425-483-7883;;4;;;;18-févr-99;3
1578;1578;1194;3;;Seattle;;;98188;;206-575-0920 EXT 25;;;;;;18-févr-99;3
1576;1576;1192;3;usa;Miami;fl;12181 SW 129 court;33186;;305-251-7200;;;;;;17-févr-99;3
1575;1575;1191;;USA;Melbourne;FL;"1399 General Aviation Drive
Melbourne Intl. Airport";32935;(321)255-9608;(321)255-9877;;;;;;17-févr-99;3
1574;1574;1575;3;USA;Fountain Valley;;;;;1-714-708-6970;;;;List TAS/Noah Inventory;;14-févr-01;3
1573;1573;1574;3;;MIAMI;FL;6600 N.W PERIMETER RD;33122;;1-305-871-6290;;;;;;14-févr-01;3
1572;1572;1572;3;USA;ALLENDALE;NJ;7 Pearl CT;07401-1617;;201-785-9700;www.wernercorp.com;5;;www.wernercorp.com. Office in Canada closed. Havee office in Singapore;;13-févr-01;3
1571;1571;1571;3;SWITZERLAND;FRAUENFELD;;HUNGERBUELSTRASSE 12 A;CH-8500;;41-527-250-020;;;;Agentin Libya;445-802 REF. 1062;13-févr-01;3
1570;1570;1570;3;;tours cedex 02;;;;;0825 886 887;;;;;;13-févr-01;3
1569;1569;2136404899;4;;Verfeil;;1 Avenue Comtesse de Segur;31590;0561-742-581;05 61 74 25 81;;;;;;;3
1568;1568;2136404898;3;USA;Chicago;IL;P.O. Box 661008;60666-1008;;1847-233-5800;;4;;;;;3
1567;1567;2136404897;3;;Mockport;IL;;60441;;815-836-4000;;;;big RQEST 04/01/02 on CRJ spares;;;3
1566;1566;800793542;5;USA;Burbank;CA;2979 N.Ontario Street;91504-2017;;818-559-9783;;4;;"ID: belair-fr
ID: 6162005";;17-mai-01;3
1565;1565;776444515;3;USA;miami;FL;;;;305-477-9735;;;;;;16-avr-02;3
1564;1564;767013779;1;usa;Atlanta;ga;Po Box 80220 - 3453 pierce drive(30341);30366-0220;770-457-8563;770-454-7500;AVGROUP@JETPARTS.COM;4;;"On ship Profo from Avgrup to paris du not  put ""Core Charges"" Custom Problems NC  150";;21-déc-01;3
1563;1563;764172138;3;USA;clearwater;fl;1212 North Hercules Av.;3376;;727 461 3000;;;;;;06-mars-02;3
1562;1562;756295939;3;;;;(ASIA PACIFIC);;;65-64815311;;;;;;27-nov-02;3
1561;1561;746813440;2;;;;;;;390258587063;;;7;;;24-sept-02;3
1560;1560;736749985;3;France;;;;;;01-6412-7924;;;;;;16-avr-02;3
1559;1559;731365341;4;UK;Chalgrove, Oxford,;;Unit 21B, Monument Business Park,;OX44 7RW,;44-1865-400107;44-1865-400106;sales@aerospaceintl.com;;;Office in India;GB661 6974 03;23-nov-01;3
1558;1558;720833671;3;;;;;;;561-241-9599;;;;;;20-mai-01;3
1557;1557;720577016;1;USA;WICHITA;KS;7707 E, FUNSTON;67207;;316-682-7707;;;;;;14-févr-02;3
1556;1556;699223525;1;;;;;;;866-676-3358;;7;;CRJ + CFM34 CAPA;;09-août-02;3
1555;1555;677754903;3;Sweden;Norrköping;;Kungsängens Flygplats;SE-60361;;46 11 121050;;;;;SE 5565 6140 3801;14-sept-01;3
1554;1554;671132337;2;Canada;;;;;;905-501-1327 or 7373;;;3;;;17-janv-03;3
1552;1552;659480383;3;USA;Kensas City;MO;;64138;;816-358-4925;;;;;;24-mai-01;3
1551;1551;636418158;3;;;;;;;;;;;;;14-sept-01;3
1550;1550;616190213;2;South Africa;;;;;;27 11 978 23 10;;;;Use SA express;;03-déc-02;3
1549;1549;611575014;3;;;Nevada;;;;702-897-1600;;;;;;04-déc-01;3
1548;1548;602336642;3;USA;;MO;c/o horizon air support Domestic Terminal;64063;;816-554-8200;;;;;;25-avr-01;3
1547;1547;582739553;8;Denmark;BILLUND;;STRATUSVEJ 12;DK-7190;;45-97-53-56-34;;4;7;also under  NAC. Support ATR72 Operator in Indonesia UK cust;DK 1939 8994;13-mars-02;3
1546;1546;580565447;3;;Montpellier;;;;;33-4-677-20047;;;;;;08-nov-02;3
1545;1545;806745454;3;;;;;;;305-718-4283;;;;;;12-mars-02;3
1544;1544;1335;2;CUBA;HABANA;;C/128 N°126 E 1EAA Y 5TA AVE.;;;53 7 21 7712 / 7832;;7;14;Responsable des achats pour AEROCARIBBEAN Y AEROGAVIOTA. http://www2.aviaimport.avianet.cu;;20-janv-00;3
1543;1543;989923352;3;USA;WICHITA;KS;1851 S. Einsenhower court;67209;;1 316 945 0445;;;;;;15-mai-01;3
1542;1542;989594241;3;France;st marcel;;43 rue des près;27950;;02 32 64 86 10;;;;Goodrich FR not relaible on Transp- ON Crit USE CHRONOPOST;;11-mai-01;3
1541;1541;989476136;5;;;CA;;92345;;760-949-3242;;;;;;10-mai-01;3
1540;1540;988786686;2;Hong Konk;;;;;;661-257-2500;;;;;;02-mai-01;3
1539;1539;988620400;3;France;;;;;;01 64 86 69 25;;;;;;30-avr-01;3
1537;1537;988102990;6;France;GASNY;;route de Fourges;27620;;02 32 52 81 40;;;;;;24-avr-01;3
1536;1536;982598236;3;;;;;;;949-369-8888;;;;;;16-août-01;3
1535;1535;981173003;2;POLAND;WARSAW;;47, 17 STYCZNIA STREET;02-146;;48 22 650 10 34;;6;7;FR customer EUR 1 Doc Rqrd - Original Inv for Shipping - Goods Made In France. Have ILS;PL  532 0101 403;31-mai-01;9
1534;1534;980276915;2;Chile;;;;;;;;;;;;08-juin-01;3
1533;1533;976821034;3;;;;;;;;;;;;;28-févr-02;3
1532;1532;960206509;2;Germany;Cologne;;Heinrich-Steinmann-Strase,  Airport Cologne/Bonn;51147;;49-2203-596-198;www.lufthansacityline.com;7;6;A/C TYPECRJ AVRO RJ85;;08-juil-02;3
1531;1531;950805600;3;;;NY;;;;631-467-2811;;;;OXY & Fire Exting OH;;14-août-02;3
1530;1530;944968052;1;;;;;;;;;;17;;;17-janv-02;3
1529;1529;923072416;3;;gerrards cross;;;;;44-1753-891-311;;;;Offices UK, Miami and UAE;;08-mai-01;3
1528;1528;917741323;3;;;FL;;33028;;954-436-3668;;;;;;08-août-01;3
1527;1527;1201;1;USA;Coral Springs;FL;3695 N.W. 124 Avenue;33065;954 927 7992;954-927-2700;;5;4;FR customer;;19-févr-99;3
1526;1526;1200;3;USA;;;;;;305-887-5600;;;;;;19-févr-99;3
1525;1525;1199;3;;;;;;;305-633-0399;;;;;;19-févr-99;3
1524;1524;1198;1;USA;Greensboro;NC;408-E Gallimore Dairy Rd.;27409;;336-605-8000;;;;;;19-févr-99;13
1523;1523;1197;3;USA;Reno, Nevada;;5301 Longley lane, Bldg B Suite 40;89511;;775-826-8206;;;;;;19-févr-99;3
1522;1522;333;12;Italy;PALERMO;;Falcone Borsellino Aeroport - punta raisi;90045;;39 091 21 15 19;;;;125-150 FLH monthly Boeing, 200 FLH monthly ATR, lease ATR42 from SLD;IT 0309 361 0875;;3
1521;1521;331;2;Saudia;;;;;;966.2.686.0000;;;7;;;;3
1520;1520;330;2;Honduras C.A.;La Ceiba;;Ave San Isidoro Fte. Parque Central;;;504.43.2683/432326;;12;8;also purchase for  Aviateca, http://www.aeroperlas.com;;;2
1519;1519;327;2;Korea;Seoul,;;1370 GonghangDong, Gangseo-Gu;157-712;;82.2.751.7114/758.8114;;;3;;;;3
1518;1518;322;2;Colombia;;;;;;57.1.413.9511;;;17;Also SAM Colombia - Regional Wing;;;3
1517;1517;321;2;Colombia;Bogota;;Avenida El Dorado. Entrada 1. Hangar Aires;;;57.1.413.9024;;7;6;;;;3
1516;1516;320;3;Colombia;;;;;;57.1.413.8486;;;;;;;3
1515;1515;314;3;Switzerland;;;;;;41.1.813.7033/391.4466;;;;;;;3
1513;1513;309;2;Switzerland;;;;;;41.1.816.4848;;;7;;;;3
1512;1512;308;3;Malaysia;;;;;;;;;;;;;3
1511;1511;306;1;Switzerland;Oberglatt;;Eichweg 3;8154;;41.1.850.5757;;;;;;11-avr-96;3
1510;1510;303;2;HUNGARY;budapest;;log. & contract aog dept - ferihegy airport;1185;;36.1.266.9033;;7;6;;;;3
1509;1509;263;3;France;;;;;;33.74.84.91.32;;;;;;;3
1508;1508;262;3;FRANCE;;;Now Regional Airlines;;;33.2096.0151;;;;;;;3
1507;1507;261;12;FRANCE;;;;;;33.1.4934.6200;;;;work also under OMEGA AERO INDUSTRIES;;;3
1506;1506;260;2;France;AJACCIO CEDEX 2;;Aeroport de Campo dell'Oro;20186;;04.9529.0500;;12;6;FR customer;FR 71349638395;;2
1505;1505;259;3;FRANCE;;;;;;33.4279.7040;;;;;;;3
1504;1504;252;3;Martinique;;;;;;596.510809;;;;;;;3
1503;1503;251;12;FRANCE;;;Aeroport Montpellier Mediterranee BP 43;34131;;334.6720.6832 / 6762;;;;Dead Company;334-467206720;;3
1502;1502;250;2;Angola;;;;;;33.1.4919.7300;;;16;;;;3
1501;1501;249;2;FRANCE;;;DEPT  REPARATION M.I.E.V.;;;01.41 56 01 01;;7;;;49 38 51 92 / 43 23 8181;;3
1500;1500;248;2;Martinique;Le Lamentin;;Aeroport de fort de France;97232;;05 96 51 97 23;;5;6;FR customer;;;3
1499;1499;135;2;Antigua;;;;;;;;7;6;;;;3
1498;1498;133;2;Vietnam;hochiminh;;maint. Base A75 - tansonnhat airport;;;84.4.271.643/2289;;4;7;Vietnam Airlines Engineering address;;;5
1497;1497;132;2;Mauritius;SSR int'l Airport;;SSR international Airport;;;230.208.7700;;10;3;"limited
attention aircraft store";;;3
1496;1496;131;2;Czech Republic;AIRPORT RUZYNE;Prague 6;"HANGAR ""F""";160 08;;420 2.316.0519;;4;7;For Custom Clrearence to fax CSA SHIP INVOICE /NO VALUE HIGHER THAN 25 USD;CZ27145573;;3
1495;1495;130;3;GUADELOUPE;ABYMES;;AEROPORT DU RAIZET;97139;;05-90-90-19-04;;;;;;;3
1494;1494;128;2;Peru;;;;;;;;;;;;;3
1493;1493;127;2;Poland;Warsaw;;"DZIA? MAGAZYNÓW LOTNICZYCH TMS
ul. 17 Stycznia 39";00-906;;48.22.606.9861;;10;7;EUR 1 Doc Rqrd - Original Invoice for Shipping - Goods Made In France;PL 5220002334;;3
1492;1492;126;3;USA;;;;;;;;;;;;;3
1491;1491;125;2;Indonesia;;;;;;62.21.809.1612;;;;;;;3
1490;1490;124;3;USA TX;;;;;;214.425.1400/453.4400;;;;;;;3
1489;1489;123;2;Indonesia;Ciputat Tangerang;Banten;Hangar 2 Pondok Cabe Airstrip;15418;;62.21.231.2030/380.1230;;;;;;;3
1488;1488;122;2;USA WA;;;;;;206.241.6757;;7;6;Horizon will initially use four CRJ700s, growing to nine by mid-2004. deal with Frontier Airlines.;;;3
1487;1487;1391;5;;;;;;;800-235-3300;;;;;;13-juil-00;3
1486;1486;1390;3;U.K;Berkshire;;HOGWOOD IND, Estate Finchampstead;RG40 4QQ;;44-1189 324 013;;10;1;;GB  677 936 763;10-juil-00;3
1485;1485;1389;3;hong kong;kwun tong;kowloon;1502-3 china aerospace centre- 143 hoi bun rd;;;852-2310-1868;;;;;;08-juin-00;3
1484;1484;1388;12;Bulgaria;SOFIA;;SOFIA AIRPORT;1540;;359 2 98 44 81;;;;under Bulgaria Air,;;07-juin-00;3
1483;1483;1387;3;;MORLAIX;;Sold to AMP-C3C;29291;;02-9888-9652;;;;;;26-mai-00;3
1482;1482;1386;1;UK;NORWICH;;LIBERATOR ROAD - NORWICH AIRPORT IND;NR6 6ER;;44 1603 254 554;;;3;FR customer. http://www.klmukengineering.co.uk/;GB 492 218 833 002;24-mai-00;3
1481;1481;1385;3;France;NICE;;;;;01 3013 7400;;;;;;23-mai-00;3
1480;1480;1384;3;Germany;Ruesselsheim;;Pommernstrasse 8;65428;;49-6142-9551-60;;;;;DE 175734229;23-mai-00;3
1479;1479;1383;6;Germany;Rothenbach a.d. Pegnitz;;Abt : DLE-FAE  Heinrich-Diehl-Str. 2;90552;;49-911-957-2682;;4;;;;;3
1478;1478;1382;3;France;Moussy le Neuf;;Z.A. de la Barogne;77230;;01-6003-0100;;;;;;18-mai-00;3
1477;1477;1381;6;France;Courtabeuf;;7, avenue du Parama - BP 303;91958;;01 64 86 69 29;;4;;;;16-mai-00;3
1476;1476;1380;12;ITALY;;;Aeroporto Miramare di Rimini;47900;;39 0541 476 111;;;;*** erase***;;16-mai-00;3
1475;1475;1379;3;USA;MIAMI;FL;11105 NW 33rd St.;33172;;305-592-0263;;8;;;;15-mai-00;3
1474;1474;1378;6;UK;Southway;Plymouth;Clittaford  Road;PL6 6DE;44 1725 722436;44 1752 723375;;4;;Goodrich Sensor and Integrated Systems;GB 615 4279 42;15-mai-00;3
1473;1473;1376;3;UK;surrey;;rowan house, guildford rd, Farnham;GU9 9PZ;;44-125-2733-883;;4;;;;12-mai-00;3
1472;1472;1375;3;USA;HOUSTON;TEXAS;1611 Peachleaf Street;77039;;1 281 449 9500;;;;;;11-mai-00;3
1471;1471;1374;3;U.K;Henfield;sussex;aviation house, high street;BN5 9HP;;44-1273-492237;;;;;GB 675 673 587;11-mai-00;3
1470;1470;1373;3;berkshire UK;SLOUGH;;683/685 Stirling Road;SL1 4ST;;44 1753 696 006/ 306;;;;;;10-mai-00;3
1469;1469;1372;3;USA;MIAMI;FL;7343 NW56Th ST.;33166;;305-594-9449;;;;;;01-mai-00;3
1468;1468;1371;1;UK;HOUNSLOW;Middlesex;686 Steyning Way, Off Green Lane;TW4 6DL;;44 181 572 3821;;;;FLS Aerospace, An SR Technics Company;;28-avr-00;3
1467;1467;1370;3;fl;miami;;1751 N.W. 68th av. bldg. 706 gate 36;33126;;305-871-1587 ext 616;;;;;;12-avr-00;3
1466;1466;1369;3;uk;southend airport;essex;north hangar, aviation way;ss2 6un;;44-170-234-8601;;;;;;11-avr-00;3
1465;1465;1368;3;;;;;;;;;;;;;10-avr-00;3
1464;1464;1366;12;Germany;monchengladbach;;Flughafenstrasse 81;41066;;49-2161-562-4819/20;;;;----DELEAT------- use EAE - European….;DE 132 495 130;03-avr-00;3
1463;1463;1365;3;USA;;;;;;1 602 231 6068;;;;;;31-mars-00;3
1462;1462;1364;3;USA;CULVER CITY;CA;8936 VENICE BLVD;90232;;1 310 558 0505;;9;;Anglo Normandy ????;;27-mars-00;3
1461;1461;1363;3;UK;SAFFRON WALDEN;ESSEX;Bearwalden Business Park , Wendens Ambo;CB114JX;;44-1799 54 32 66;;;;;;27-mars-00;3
1460;1460;1362;3;UK;HEINFELD  W  SUSSEX;;Bramlands Lane;;;44- 1273 49 47 74;;;;"26/09/02 LOOKING TO PURCHASE A PACKAGE OF
ATR 42/72 EXPENDABLES";;21-mars-00;3
1459;1459;1361;6;USA;woodstock;NY;55 hasbrouck lane;12498;;49-21-59-91360;;;;;;17-mars-00;3
1458;1458;1360;6;UK;SWANSEA;;Clase Road;SA6 8PP;;;;;;;;17-mars-00;3
1457;1457;1359;3;Germany;;;;;;49-2159-913-670;;;;;;10-mars-00;3
1456;1456;1358;3;USA;TETERBORO;N J;90 Moonachie Avenue - TETERBORO AIRPORT;07608-1003;;1 201 440 0075;;;4;;;03-mars-00;3
1455;1455;1357;1;USA;Miami;FL;3950 NW 28 Street;33142;;305-871-3383;;5;;Do not send for repair unless cannot avoid as have serious quality problems;;03-mars-00;3
1454;1454;1356;3;USA;CITY OF INDUSTRY;CA;17033 Evergreen Place;91745;;1-626 839 7513;;;;;;29-févr-00;3
1453;1453;1355;3;UK;OXFORD;;16 Napier Rd;OX4 3IA;;44-1865-774-500;;;;;GB 685 7542 86;24-févr-00;3
1452;1452;1354;3;France;;;;;;05 59 33 38 64;;;;;;22-févr-00;3
1451;1451;1353;3;;;;;;;01-6959-8484;;;;;;22-févr-00;3
1450;1450;1352;3;France;;;;;;04 75 79 86 77;;;;;;22-févr-00;3
1449;1449;1351;3;USA;West Palm Beach,;FL;990 Stinson Way, Suite#213;33411;561-791-8850;561-791-7850;-;5;;-;;18-févr-00;3
1448;1448;1350;1;USA;Corona;CA;1721 Railroad Street;92880-2502;;1-909-737-0790;;;4;;;17-févr-00;3
1447;1447;1347;3;;;;;;;01-4123-2431;;;;;;15-févr-00;3
1446;1446;1346;3;UK;Southend on sea,;essex;Unit 4, the forum, coopers way, temple farm ind.;SS 5TE;;44-1702-541-666;;;;;;10-févr-00;3
1445;1445;1345;3;;;;;;;01-4814-9770;;;;;;09-févr-00;3
1443;1443;1343;3;France;;;;;;05 59 12 50 00;;;;;;04-févr-00;3
1442;1442;1019221305;2;USA;Miami;FL;5945NW 18th Street, Building 716G;33152;;954-626-4274;;12;8;buy parts for DHL operation South America: Trans Am Aero Express del Ecuador;;19-avr-02;3
1441;1441;1019199896;3;Canada;Mississauga;Ontario;2425 Matheson Blvd East Suite 800;L4W 5K4;;416-801-7278;;5;;;;19-avr-02;3
1440;1440;1019042540;2;South Africa;;;;;;27-11-267-5401;;;;;;17-avr-02;3
1439;1439;1018976744;1;USA;;;;;;805-529-4486;;;;;;16-avr-02;3
1438;1438;1018593757;3;Brazil;;;;;;55-21-3325-1022;;;;;;12-avr-02;3
1437;1437;1018454202;3;Canada;Calgary, AB;;170 Georges Craig Blvd N.E.;T2E 7H2;;403-250-9077;;;;;;10-avr-02;3
1436;1436;1018276441;1;Canada;Sherwood park;Alberta;180 Portage close;T8H 2R6;;780-451-4349;;5;4;FR customer Du not Inv Bank Charges;;08-avr-02;3
1435;1435;1008677107;3;Italy;;;;;;;;;;;;18-déc-01;3
1434;1434;1008163178;3;Lebanon;BEIRUT;;Manara st. Pobox 113-5680;113-2060;;961-3-775-355;;;;;;12-déc-01;3
1433;1433;121;3;USA TN;;;;;;615.399.6318/19;;;;;;;3
1432;1432;120;2;USA PR;;;;;;809.791.8070;;7;3;;;;3
1431;1431;119;2;USA;GREENSBORO;NC;202 CentrePort Drive - Suite 120;27409;;336 605 6904;;7;;ExpressJet Airlines;;;3
1430;1430;2136405056;3;USA;Colorado;;;;;;;;;;;;3
1429;1429;2136405055;1;;MOUSSY LE NEUF;;;;;;;;;;;;3
1428;1428;2136405054;3;;MARIGNANE;;Centre AVIATION GENERAL  AEROPORT BP 105;;;;;;;;;;3
1427;1427;2136405053;6;;;;;;;04-73-23-92-99;;5;;;;;3
1426;1426;2136405052;12;Italy;;;C/O VULCANAIR Via Pascoli n°7;80026;;+39 541 476111;;;;Need Original Certificate or Certified Copy +Stemp;;;3
1425;1425;2136405051;3;;;;;;;;;;;;;;3
1424;1424;2136405050;4;Belgium;;;;;;32-3-766-4997;;;;;;;3
1423;1423;2136405049;5;USA;Farmingdale;NY;141 executive blvd;11735;631-420-9617;631-420-8200;;;6;;;;3
1422;1422;2136405048;3;Netherlands;De Ryen;;Dorpenbaan 19;5121;;31-161-240-343;;;;;;;3
1421;1421;2136405047;3;Germany;Bremen;;Flughafen Allee 15;28199;;+49-421-55-719-17;;;;;;;3
1420;1420;2136405046;3;England;Heathrow Airpt;Hounslow Middlesex;Building 582, Sandringham Rd Cargo Tal;TW6 3SG;;;;;6;;;;3
1419;1419;2136405045;2;Swiss;;;;;;41-61-582-7478;;7;3;;;;3
1418;1418;2136405044;3;Italy;;;;;;;;;;12/03 suspended operations. It had wet-leased an ATR 42 (032) from Rossair.;;;3
1417;1417;2136405017;6;;joue les tours cédex;;rue des martyrs - bp 543;37305;02 4778 1031;02 4778 1052;véronique.prince@hutchinson.fr;;;DEMANDE DE PRIX;;;6
1416;1416;2136405016;3;;;;;;;44-117-936-5731;;;;;;;3
1415;1415;2136405015;3;;;;;;;44-709-2095159;;;;;;;3
1414;1414;2136405014;3;Brazil;Sao Jose Dos Pinhais;;;;;55413811500;;;;;;;3
1413;1413;2136405043;3;;;TN;;38118;;901-797-9229;;;;;;;3
1411;1411;2136405041;3;;;;;;;336-668-3501;;;;;;;3
1410;1410;1508;3;USA;Boulder;CO;2970 wilderness place suite 220;80301;;303-449-1003;;;;;;29-nov-00;3
1409;1409;1507;3;USA;;;;;;626-854-8151;;;;;;29-nov-00;3
1408;1408;1506;3;FR;CHIMILIN;;;38490;;04 76 32 62 11;;;;;;29-nov-00;3
1407;1407;1505;3;ISRAEL;HOD HASHARON;;5- HANAGAR st. P.O BOX 7295, Nave Ne'ernan;45241;;972-9-761-4444;;;;;;29-nov-00;3
1406;1406;1504;3;Romania;Bucharest;;;;;40-92-36-84-22;;;;03/03 Wanted A310-200 Parts. Owe him $7500 for the units taken by Hamilton;;28-nov-00;3
1405;1405;1503;2;UK;;;;;;44 1582 410 991;;;7;;;27-nov-00;3
1404;1404;1502;3;USA;WAYNE;NJ;Totowa road;07470;;1 201 785 6000;;;;;;24-nov-00;3
1403;1403;1501;6;USA;LEONIA;;;;;;;;;;;24-nov-00;3
1402;1402;1500;3;USA;ST LOUIS;MO;7700 Gravois avenue;63123;;1 314 832 4500;;;;;;24-nov-00;3
1401;1401;1498;3;USA;PAWTUCKET;RI;500 Narragansett Park dr.;02861;;1 401 727 1300;;;;;;24-nov-00;3
1400;1400;1497;3;USA;Burbank;CA;3151 Kenwood street;91505;;1 818 843 6211;;;;;;24-nov-00;3
1399;1399;2136404896;3;PHILIPPINES;Manila;;;;;63-2-8911435;;;;;;;3
1398;1398;2136404895;3;;Boca Raton;FL;;;;1561-391-3272;;;;;;;3
1397;1397;2136404894;2;Canada;;;;;;;;7;3;;;;3
1396;1396;2136404893;3;;LAS VEGAS;;;;;1702-562-4388;;;;;;;3
1395;1395;2136404892;3;;Ft Lauderdale;FL;;33309;;954-972-2807;;;;;;;3
1394;1394;1117236333;3;;;;;;;786-265-5891;;;;Dengerus Co, Work With A&M Avionics;;30-juil-02;3
1393;1393;1117068119;3;Germany;Schlierbach;;;;;49702197350;;;;;;13-nov-02;3
1392;1392;1094521327;3;France;Chemille;;Route de St Lezin BP 29;49120;;02-4164-5400 Ops;;;;;;15-mai-01;3
1391;1391;1086946437;2;Philippines;;;;;;;;7;7;;;07-juin-01;3
1390;1390;1085203349;3;;;;;;;;;;;;;14-oct-02;3
1389;1389;1077670830;5;usa;springville;ut;PO box 514;84663-0514;;801-489-2120;;;;"Your username: oabecassis 
Your password: Bn9rc4";;13-mai-02;3
1388;1388;1076259177;3;USA;Wilson;NC;4200 Airport Drive NW;27896;;;;;;;;19-mars-02;3
1387;1387;1072821385;3;;;;;;;44-2-084499263;;;;;;13-août-02;3
1386;1386;1061207906;3;UK;West Midlands;;Stratford Rd.;B90 4LA;;44-121-451-5786 / 83;;;;;;30-mai-01;3
1385;1385;1060072941;3;;;;;;;602-436-1594;;;;;;16-juil-02;3
1384;1384;1042810849;2;Guadeloupe;Abymes;;Aeroport Pole Caraibes C/O Assistair Cargo;97139;;0690-34 69 35;;5;14;FR customer;;17-janv-03;3
1383;1383;1042808769;1;USA;LAFAYETTE;CO;211 E. Simpson St.;80026;;303-665-0360;;5;4;;;17-janv-03;3
1382;1382;1042445063;6;;;;;;;44 (0)2392 487271;;4;;http://www.aerospace.eaton.com/;;13-janv-03;3
1381;1381;1042047020;10;TAIWAN;;;;;;886-6-2681911 EXT 309;;;17;;;08-janv-03;3
1380;1380;1042008808;3;;;;;;;949-360-1240;;;;;;08-janv-03;3
1379;1379;1040652951;3;;;;;;;01-6414-8800;;;;;;23-déc-02;3
1378;1378;1040375360;3;;;;;;;803-547-3440;;;;;;20-déc-02;3
1377;1377;1040304260;1;ITALY;Milano;Brugherio;Via S. Maurizio al Lambro 20;20047;;39-039-2894-203;;4;;;;19-déc-02;3
1376;1376;1040300205;3;;;TX;;77381;;;;;;;;19-déc-02;3
1375;1375;1040197144;3;UK;;;;RH10 4HF;;;;;;;;18-déc-02;3
1374;1374;1040146743;2;usa;miami;fl;7640 NW 25th St., Suite 103;33122-1716;;305/477-1068;;;;;;17-déc-02;3
1373;1373;1040134351;3;France;garges les gonesses;;;;;01-3445-0026;;;;PRIME INDUSTRIES located in Fort Lauderdale - Florida - is the U.S office of EUREP Industries;;17-déc-02;3
1372;1372;1040059689;12;Papua New Guinea;Madang;;Madang Airport;MP551;;;http://www.airlink.com.pg/;;;"Airlink ceased operations on 27 July 2007 as a result of ""business difficulties""";;16-déc-02;5
1371;1371;1039718010;10;;NASHVILLE;;;37217;;615-399-6102;;7;1;;;12-déc-02;3
1370;1370;1039399430;2;Italy;;;;;;39 06 6563 3040 / 20;;;17;CFM56 maintenance;;04-oct-02;3
1369;1369;1038852259;9;France;Roissy - CDG BP14216;Tremblay;"AOG desk, BAT3626 zone de fret 2
rue du pied sec";95703;;01-4862-3443;;;;Batiment 288 - 1er etage Porte 11-10 - 94392, Orly Airport  Paris;FR42 481 860 120;02-déc-02;7
1368;1368;1038555488;3;;;;;;;954-463-7580;;;;;;29-nov-02;3
1367;1367;1038496763;2;Cuba;;;;;;53-7-81-30-68;;7;6;AVIAIMPORT Purch Agent;;28-nov-02;3
1366;1366;1038404751;3;;Miami;FL;;;;305-592-5155;;;;;;27-nov-02;3
1365;1365;1038298363;1;Singapore;;;;;;65-63804651;;7;4;;;26-nov-02;3
1364;1364;1037977228;3;;;;;;;1-800-254-1809;;;;;;22-nov-02;3
1363;1363;1037869950;2;Kuwait;dragoer;;;;;;;;7;;;21-nov-02;3
1362;1362;1037864512;3;France;;;;;;013-913-2025;;;;specialist in CFM56 Engines;;21-nov-02;3
1361;1361;1037864313;3;;;;;;;954-364-0085;;;;;;21-nov-02;3
1359;1359;1037259807;3;Indonesia;Jakarta;;;;;62-214755416;;;;;;14-nov-02;3
1358;1358;1037036706;6;USA;Burbank;CA;3000 winona ave. Po box 7722;91504;;818-526-2500;http://www.hydroaire.com/;;;;;11-nov-02;3
1357;1357;1036655473;3;;;;;;;44-1449-770-007;;;;;;07-nov-02;3
1356;1356;1036575825;3;;;;;;;05-6106-3062;;;;;;06-nov-02;3
1355;1355;1035554347;5;France;Paris;;16bis, rue Caillaux;75013;;01 45 86 56 36;;;;SKF;;25-oct-02;3
1354;1354;118;3;CANADA;;;;;;403.294.2000/3075;;;;;;;3
1353;1353;117;2;USA;forest park;GA;Hartsfield intl airport;30320;;404.766.1400;;4;8;"ATR72, CRJ; Delta Conncetion Maintenance Facility";;;3
1352;1352;116;2;Thailand;Chatuchak;;140 sukhumvit rd kwang klongtoey;10110;;66.2.504-2866;;4;7;;;;3
1351;1351;115;2;TAHITI;FAAA AIRPORT;;IND.Center Air TAHITI, B.P.6722;98702;;689.86.41.02;;10;6;FR customer -EUR1 Required - final invoice needed With Shippment to clear goods from customs;;;3
1350;1350;114;2;Indonesia;;;;;;62.21.420.6646;;7;7;;;;3
1349;1349;113;2;Tunisie;Tunis;;Aeroport de tunis carthage;2035;;216-71-806-907;;5;14;purchasing done by Tunisair;;;3
1348;1348;112;3;Indonesia;;;;;;62.21.380.4710;;;;;;;3
1347;1347;111;2;ITALY;Ronchi dei Legionari;GO;Via SEN. A. TAMBRAIN, 36;I-34077;;39-0481-477-792;;10;6;A/C ATR42-320 s/n 0378 Tail F-HOFE / OPS CRJ Contract withh Lufthansa;IT 0044 599 0310;;3
1346;1346;110;2;Iran;;;;;;98.21.640.5105;;7;3;;;;3
1345;1345;109;12;Greece;Spata;Athens INT'L Airport;Tech. Operations A.I.A, El VENIZELOS  BLDG 57;19004;;30.1.9362684 / 2655 Natacha;;6;6;;EL 094 019 350;;3
1344;1344;108;2;UK;;;FNA CITYFLYER EXPRESS LTD.;;;44.1.293.567.837;;7;7;Citiexpress - British Airways;;;3
1343;1343;106;2;Vanuato;port vila;;BP 148 - Bauerfield intl airport;;678 24270;678.23.838;;10;6;Operate ATR through Vanair. Have a contract with LAB-TAT;;;3
1342;1342;105;4;France;;;;;;;;7;3;;;;3
1341;1341;104;3;Zaire;;;;;;243.12.26.237;;;;;;;3
1340;1340;103;2;Romania;;;;;;;;;;;;;3
1339;1339;102;2;St P.& Miquelon;St Pierre;St Pierre & Miquelon;Aéroport Pointe Blanche  B.P 4225;97500;;05 0841 1889 2293;;12;6;FR customer;;;3
1338;1338;97;2;Indonesia;Surabaya;;Juanda Int'l Airport;;;62.21.424.3608;www.merpati.co.id;;3;ILS;;;3
1337;1337;96;3;USA;;;;;;708.537.1200;;;;;;;3
1336;1336;94;3;USA;;;;;;815.968.8287;;;;;;;3
1335;1335;92;3;Canada;quebec;;10225 ryan ave., dorval;h9p 1a2;;1-514-420-2926/2931;;;;;;;3
1334;1334;1522;3;USA;Ft Lauderdale;FL;;33309;;954-739-2614;;;;;;19-déc-00;3
1333;1333;1521;1;FR;Orly - zone maint;;2 av de fontainebleau-hangar n1 centre industriel;94310;;01 49 75 91 42;;5;6;same group as Airliner;;14-déc-00;3
1332;1332;1520;1;USA;LONG BEACH;CA;3333 EAST SPRING STREET;90806;;562-595-6055;;;4;;;14-déc-00;3
1331;1331;1519;3;USA;MILL CREEK;WA;15712  MILL CREEK BLVD;98012;;1-425-742-0333;;;;;;14-déc-00;3
1330;1330;997776608;6;France;Ivry sur Seine Cedex;;9 rue Pierre Rigaud;94856;;01 49 87 60 00;;;;;;14-août-01;3
1329;1329;419298338;3;Argentina;;;;;;0291-4540949;;;;;;11-sept-02;3
1328;1328;417592617;3;;;;;;;04-7222-1722;;;;;;30-juil-02;3
1327;1327;414747552;3;;;;;33122;;786-331-7032;;;;;;27-févr-02;3
1326;1326;401130510;3;USA;;;;;;954-491-5071;;;;;;06-nov-02;3
1325;1325;400640637;3;;;CA;;92677;;949-364-71111;;;;;;20-déc-01;3
1324;1324;386658594;1;USA;Miami Spring;FL;5415 MW 36th Street;33166;;305-871-1300;;;;;;27-févr-02;3
1322;1322;347193213;3;;;;;;;818-843-1620;;;;;;09-juil-02;3
1321;1321;344323951;3;;;;;;;305-888-2702;;;;;;02-juil-01;3
1320;1320;1446;10;France;Pleurtuit;35370;Aéroport de dinard-Pleurtui B.P. 35;;-;0299882222;-;5;6;under ANI Industries . Bought by ANI (Aero Nustara Indunesia);;11-oct-00;3
1319;1319;1445;3;UK;albourne;W Sussex;Concorde House - Aviation business park;BN6 9EB;;44 1273 833 330;;;;;GB 423 274 276;11-oct-00;3
1318;1318;1444;3;;;CA;;92335;;909-829-3031;;;;;;08-oct-00;3
1317;1317;1443;3;Canada;Calgary;AB;Pegasus way N.E.;T2E 8M5;;403-717-1744;;;;Closed;;06-oct-00;3
1316;1316;1442;3;;;;;;;512-335-6000;;;;;;06-oct-00;3
1315;1315;1441;3;;;;;;;305-819-9887;;;;;;05-oct-00;3
1314;1314;1438;3;USA;SACRAMENTO;CALIFORNIA;10394 Rockingham Drive;95827;;1 916 368 8070;;;;Works with airline in southeast asia check c11VQ0200, and 8573-556 asks 11/04;;03-oct-00;3
1313;1313;1437;6;;;;SEE HAMILTON SUNDSTRAND CUSTOMER;;;31 43 3 588 888;;4;;;;02-oct-00;3
1312;1312;1436;1;USA;Garden City;NY;747 Zeckendorf Blvd;11530;;516-357-2777;;4;4;;;02-oct-00;3
1311;1311;1435;3;FL;MIAMI;USA;6985 NW 50 STREET;33166;;1 305 526 0089;;;;same as Universal Avionique;;29-sept-00;3
1310;1310;1434;3;;;;;;;210-525-9136;;;;;;27-sept-00;3
1309;1309;1433;3;;;;;;;940-566-0035;;;;;;26-sept-00;3
1308;1308;1432;2;INDIA;Sandefjord;;;;;;;;3;;;25-sept-00;3
1307;1307;1431;3;;;;;;;201-337-8600;;;;;;25-sept-00;3
1306;1306;1430;2;SWEDEN;;;;;;;;;7;;;25-sept-00;3
1305;1305;1428;3;USA;Fort Lauderdale;FL;1120 NW 51st Court;33309;;954-377-0320/17;;;;;;22-sept-00;3
1303;1303;1426;6;France;TREMBLAY EN France;;14 Rue de la belle borne, Sogaris Fret 5 BAT1 cellule 13;93290;;05 56 55 44 40 / 28 41 /17;;7;6;;;19-sept-00;5
1302;1302;1424;3;USA;;CA;;91605;;818-765-5975;;;;;;12-sept-00;3
1301;1301;1470;3;USA;;;;;;1 310 479 5770;;;;;;27-oct-00;3
1300;1300;1469;3;USA;Miami;FL;;33166;;305-887-5650;;;;;;27-oct-00;3
1299;1299;1468;3;USA;;CA;;92614;;949-851-2525;;9;;;;26-oct-00;3
1298;1298;1466;12;France;RUNGIS;;67, rue de Monthléry;94150;;01 49 79 23 00;;;;;;26-oct-00;3
1297;1297;1465;2;France;;REUNION;;;;262 93 1010;;7;6;ATR72-500;;25-oct-00;3
1296;1296;1464;3;USA;;NJ;;08007;;856-546-5656;;;;;;25-oct-00;3
1295;1295;1463;3;USA;Ft Lauderdale;FL;303 S.W. 42ND STREET;33312;;954-791-8800;;;;1x N.C Grave (Voire 6);;25-oct-00;3
1294;1294;1462;3;UK;;;;;;44-1428-682-801;;;;;;24-oct-00;3
1293;1293;1461;3;France;TOULOUSE;;;;;05 61 30 58 08;;;;;FR75393371299;24-oct-00;3
1292;1292;1460;3;USA;pacoima;CA;10312 norris ave. Bldg. A;91331;;1-818-897-3317;;;6;;;17-oct-00;5
1291;1291;1459;3;;;;;;;1 305 871 1690;;;;;;17-oct-00;3
1290;1290;1458;3;Canada;ST BRUNO;QUEBEC;1830 Marie Victorin;J3V6B9;;1 450 441 5111;;;;;;17-oct-00;3
1289;1289;1457;1;GERMANY;RUESSELSHELM;;Pommernstrasse 8;65428;;49 6142 9551 15;;5;7;;DE 175734229;16-oct-00;3
1288;1288;1456;3;USA;;CA;;90806;;562-290-0227;;;;;;14-oct-00;3
1287;1287;1455;3;France;fresnes;;6 Promenade du Barrage;94260;;01-4984-9678;;;;;;13-oct-00;3
1286;1286;1454;2;USA;Miami;FL;P.O. Box 520337;33152;;305-871-3076;;;;;;13-oct-00;3
1285;1285;1453;3;USA;;CA;;94545-4436;;510-887-8067;;;;;;13-oct-00;3
1284;1284;1452;3;USA;;CA;;91311;;818-576-0700;;;;;;13-oct-00;3
1283;1283;1451;3;France;;;;;;01 40 35 03 25;;;;;;12-oct-00;3
1282;1282;1450;3;USA;;;;;;1 561 995 5810;;;;;;12-oct-00;3
1281;1281;1449;3;USA;Ellington;CT;;06029;;860-870-0305;;;;;;12-oct-00;3
1280;1280;1448;3;U,K;;;;;;44-1702-466-910;;;;;;11-oct-00;3
1279;1279;1447;1;Spain;;;;;;34-956-343-430;;7;3;Ref ATR-R-078. Office/Hangar in cuba;A-11654134;11-oct-00;3
1278;1278;1420;1;NORWAY;Sandefjord;;Sandefjord Airport -Torp;3241;;47-3342-6560/ 59/ 60;;;;;976 576 772;11-sept-00;3
1277;1277;1419;3;France;MARCOUSSES;;Z. I du fond des prés;91460;;;;;;;;08-sept-00;3
1276;1276;1110;1;FRANCE;L' ISLE JOURDAIN;;Z.I. BUCONIS - Route de Toulouse;32600;;05 62 07 07 17/ 76 19 / 25;p;4;6;;;30-juil-98;3
1275;1275;1109;6;GERMANY;Berlin;;Ohlauer Str. 5-11;D-10999;;49-30-617-800;www.holmco.de;5;;;;29-juil-98;3
1274;1274;1108;3;USA;AMITYVILLE;;217 MERRIC RD;NY 11701;;516 264 8000;;;;;;28-juil-98;3
1273;1273;1107;6;France;Toulouse cedex 3;;Avenue Saint-Granier - BP 3009;31 024;;05 3456 1500 / 1784;;4;;account no 331520;FR 92 340 797 919;27-juil-98;3
1272;1272;1106;6;France;MASSY Cedex;;11 Rue Ampère;91300;;01 69 19 69 83;;4;;po cancel do to high price;FR39480107911;27-juil-98;3
1271;1271;1105;3;HOLLAND;WIERINGERWERF;;DE STEK 1 P.O. Box 28;1770 AA;;31 227 606 161;;;;;;23-juil-98;3
1270;1270;1104;6;France;BLAGNAC CEDEX;;6 Av. Didier Daurat;31701;-;05-61-71-77-97;-;4;;-;;22-juil-98;3
1269;1269;1103;6;FRANCE;PARIS;;17 rue VICQ D'AZIR;75010;;01-4203-9420;www.stpi.net;4;;JAA @ 23 €;;22-juil-98;3
1268;1268;1102;3;FRANCE;PARIS;;55 rue Notre Dame de Lorette;75009;;01 42 85 09 50;;;;;;20-juil-98;3
1267;1267;1101;1;USA;Miami;FL;4101 Nortwest 29th. Street;33142;3058761682;305-871-3900;;4;8;;;16-juil-98;3
1266;1266;1100;3;U.K;West Sussex;;Wheatsheaf Rd., Henfield;BN5 9AR;;44-1273-495-000;;;;;GB 351 364 862;08-juil-98;3
1265;1265;1099;3;SWITZERLAND;BASEL;;Hangar Facility / BASEL AIRPORT;4030;;41-613-253-300;;;;;;08-juil-98;3
1264;1264;1098;3;FRANCE;ljubljana kuzmiceva 7;;;;;03 29 24 62 71;;;;;;02-juil-98;3
1263;1263;1097;4;USA;FLORIDA;;25 BEECHWOOD DRIVE  ORMOND BEACH;32174;;1 904 441 5418;;;;;;01-juil-98;3
1262;1262;991041922;3;;;;;;;972-370-2393;;;;;;28-mai-01;3
1261;1261;548;3;Canada;;;;;;604.273.2464;;;;;;;3
1260;1260;542;3;Papua;;;;;;675.325.2011;;;;;;;3
1259;1259;537;2;Papua new guine;port moresby;;jackson airport, po Box 7186,boroko;;;675.327.3633;;;17;;;13-juin-96;3
1258;1258;533;2;Brazil;Aerporto da Pampulha;MG;"Rue dos hangares No. 3
Patio Norte";31710-410;;55-31-3055 9700;;4;3;Trip and Total Linhas  Aereas are working as a partner. Purchasing is done for both companies.;;;3
1257;1257;1030;3;USA;ADDISON;TX;4581 CLAIRE CHENNAULT;75001;;972-733.4725;;;;;;30-janv-98;3
1256;1256;1029;6;FRANCE;ISSY LES MOULINEAUX;;48 BLD. GALLIENI;92137;;02-54 03 39 54;;4;;Have Official Quote Prior Quoting - Color Ref H0XX;;29-janv-98;3
1255;1255;1028;1;FRANCE;DINARD;;BP 124,  AEROPORT DE DINARD;35801;;02-9982.7979;;4;;;FR72 381 211 184;23-janv-98;3
1254;1254;1027;3;German;;;;;;49-2772-707189;;;;;;23-janv-98;3
1253;1253;1026;2;FRANCE;RUEIL-MALMAISON;;101 AV DE LA CHATAIGNERAIE;92506;;01.47.16.23.53;;5;;;;21-janv-98;3
1252;1252;1025;3;07141 spain;marratxi palma de m;;aerodromo son bonet, local 17b;allorca;;45-32-519.550;;;;Closed.;;21-janv-98;3
1251;1251;1024;6;GERMANY;LINDENBERG;;PFAENDERSTR. 50-52;D-88161;;49-8381-46 4304 / 4174 / 4532;;4;;;;20-janv-98;3
1250;1250;1022;1;USA;Bohemia;NY;1610 9th Avenue, Suite #2;11716;;631 981 2600;;5;4;;;19-janv-98;3
1249;1249;1021;12;SWITZERLAND;BELP;;BELP AIRPORT;CH-3123;;41-31-960.2237;;7;;under Lufthansa?;;19-janv-98;3
1248;1248;1020;6;FRANCE;Sully sur loire;;16 route d'isdes;45600;;02-38.37.30.00;www.saint-gobain-sully.com;4;;USE SPS Shipping Method for Express Shippments NC 140 / P/N  Missing On Unit NC143;FR02322688474;16-janv-98;3
1247;1247;1019;6;FRANCE;Le Plessis-Robinson;;BP 36-5 AV. DENIS PAPIN;92353;;01.46.01.21.14 / 30/ 26 /17;;5;;;;13-janv-98;3
1246;1246;922;2;Bhutan;;;;;;975.2.22215/22825;;;7;have an agreement with Air France. They are paying monthly fee to get access to AF Pool.;;;3
1243;1243;915;2;Switzerland;;;;;;41.31.960.1211;;;17;All operational and technical matters are supervised by our operating partner, Swiss Jet.;;;3
1242;1242;912;3;UK;;;;;;44.1702.354.435;;;;;;;3
1241;1241;910;2;China;;;;;;86.1.456.3203/3220;;7;7;;;;3
1240;1240;905;2;Netherland;;;;;;31.20.601.1222;;;7;;;;3
1239;1239;679;2;Antigua;;;;;;809.462.0700;www.liatairline.com;;7;"C/O Autair Freight Svcs.
      7301 N.W. 34th Street
      Miami, FL 33122";;;3
1238;1238;674;3;India;;;;;;91.22.363.4413;;;;;;;3
1237;1237;673;3;India;;;;;;91.44.434.4850;;;;;91-44-4344580;;3
1236;1236;500;2;Denmark;Billund;;Cumulusvej 10;DK-7190;;45.7533.1611;;;7;;dk 8359 1528;;3
1235;1235;498;3;Denemark;;;;;;45.9817.3811;;;;;COFACE NOT APPROVED 12/01;;3
1234;1234;496;12;Denmark;dragoer;;Maint. Dept. hangar 302, copenhagen airport;DK2791;;45-32-82-00-44;;;;;;;3
1233;1233;495;12;Denemark;Dragoer;;;;;45.3231.4444;;;;10 CRJ200/700s.;;;3
1231;1231;489;2;UK;;;;;;;;;17;;;;3
1230;1230;487;3;Denemark;;;;;;45.7442.9888;;;;;;;3
1229;1229;486;2;Belgium;DEURNE;ANTWERP AIRPORT;LUCHTHAVENLEI BUS 50;8-2100;;32.3.230.9000;;7;14;Owner Air France;BE 446670251;;3
1228;1228;485;3;Belgium;;;;;;32.56.403911;;;;;;;3
1227;1227;484;1;Belgium;Zaventem;;Brussels Airport Building 23 gate A;B-1930;;32.2.723.4441;;7;;16/06/2005 appartient a TAT;BE465.150.137;;3
1226;1226;480;2;Slovakia;BRATISLAVA;;M.R STEFANIK AIRPORT;82314;;42-7-238643;;;;Saab 340;42-7-5775201;;3
1225;1225;479;3;Czechia;;;;;;42.19.270.117;;;;;;;3
1224;1224;478;3;Czechia;;;;;;42.69.58250;;;;;;;3
1222;1222;471;3;Finland;;;;;;358.0.870.2041;;;;;;;3
1221;1221;470;2;Finland;;;;;;358.0.822448/8702530;;;;see Blue1;;;3
1220;1220;469;2;Austria;INNSBRUCK;;Fuerstenweg 180 Hangar II;6026;;43.512.22422;;7;6;;ATJ39394801;;3
1219;1219;468;2;Austria;Innsbruck;;Technik - Hangar 4 Fürstenweg 190;A6020;;43.512.2222/22220;;7;6;AUSTRIAN ARROWS is new name for Tyrolean. All maintenance + purchasing done bu Austrian;VAT: ATU31742004;;3
1218;1218;467;2;Austria;;;;;;43.5574.48800;;;;under Austrian Airlines;;;3
1217;1217;466;2;Austria;VIENNA AIRPORT;;LUFTFAHRT AKTIENGESELLSCHAFT;A-1300;;43.1.711.103.800/102081;;7;6;9ea CRJ 200;;;3
1216;1216;463;3;Austria;;;;;;43.1.71110701;;;;;;;3
1215;1215;461;2;Austria;vienna;;;;;43.1.683.5110;http://www.aua.com;;17;Bel-Air Express is now certified as approved supplier until 18.Oct 2006.;;;3
1214;1214;455;3;USA PR;;;;;;809.741.3266;;;;;;;3
1213;1213;454;2;USA MD;;;;;;410.742.2996/3968;;;;;;;3
1212;1212;60955335;3;;;FL;;;;305 418 1771;;;;;;09-août-02;3
1211;1211;85;3;USA;;;;;;313.483.3266;;;;;;;3
1210;1210;78;3;Switzerland;;;;;;41.22.366.3655;;;;;;;3
1209;1209;77;1;Switzerland;BASEL;;Flughafenstrasse, P.O. Box 214;CH 4030;;41-61-3852-132;;;3;;;;3
1208;1208;76;3;Switzerland;;;;;;41.22.798.0328/798.4510;;;;;;;3
1207;1207;74;3;CANADA;;;;;;604.273.2464;;;;;;;3
1206;1206;68;3;USA;;;;;;518.828.9461;;;;3x N.C (Voire 15,87, 111) Doc Problems - Pay via W/T ONLY;;;3
1205;1205;63;3;USA;;;;;;607.739.7148;;;;;;;3
1203;1203;50;2;Denmark;SOENDERBORG;;LUFTHAVNSVEJ 2;DK-6400;;45.7442.2277;;4;7;Please sent copy of cert DO NOT INSURE SHIPMENT - Need trace Info on Doc rcvd from Cimber SN on doc.;DK27513050;;3
1202;1202;47;3;Finland;;;;;;358.0.818.6801;;;;;;;3
1201;1201;46;1;SPAINE;;;;;;;;7;;;;;3
1200;1200;44;3;Italy;;;;;;39.2.7611.0050;;;;;;;3
1199;1199;42;3;Italy;;;;;;39.6.522421;;;;;;;3
1198;1198;41;2;Thailand;BANGKOK AIRPORT;;MATERIAL ADMIN. DEPT.;BKKTJTG;;66.2.513.0121;;4;3;;;;3
1196;1196;32;3;France;;;;;;33.1.4835.9899;;;;;;;3
1195;1195;31;2;New Caledonia;Noumea;;Aerodrome de Magenta, BP 212;98845;;687.252.339;;10;6;Exch + Cost = Shop cost + 15% BAX margin. Open Crads.;;;3
1194;1194;1079;12;Indonesia;Jakarta;;Terminal Building, 2nd floor #229 Halim Perdanakusuma Airpot,;;62-21 8094348;62-21 8093372;;5;3;Dirgantara Air Services (PT DAS);;21-mai-98;2
1193;1193;1078;3;FRANCE;Paris;;93 avenue de Villiers;75017;;01 42 67 64 40;;;;;;19-mai-98;3
1192;1192;1077;3;GERMANY;MUNICH;;LOCHHAMERSTR 13;D-82152;;49-89-8956530;;;;;;17-mai-98;3
1191;1191;1076;3;U.K;WEST SUSSEX;;HANGAR 1, SHOREHAM Airport;BN43 5PB;;44 1273 441882;;;;;;12-mai-98;3
1190;1190;1075;3;SPAIN;MADRID;;C/BOLTANA 90 L-2;28022;;00-34-9174-17115;;;;;;12-mai-98;3
1189;1189;1074;6;FRANCE;TOULON cedex 9;;RUE MARCELLIN  BERTHELOT-ZI TOULON EST - BP 208;83089;;04-9401-7180;;5;;P/O FR. MFG l/time is 8-10 WKS- To inf Cust, Cert Problem Extra Cerful Pay Invoice To GE Factofrance;FR34 338 057 003;12-mai-98;2
1188;1188;1073;3;UK;"Partridge Green, West Sussex
West sussex";;Star trading est., Viscount Hous;RH13 8RA;;44.1403.711.777;;4;6;Have office in Solvekia, Bratislava;GB 717 870 119;11-mai-98;3
1187;1187;1072;10;CANADA;CALGARY.;AB;2380 MCTAVISH RD. N. E.;T2E 7G5;;403-735-5980;;7;1;www.avmaxgrp.com. RAS Rheinland Air SerVice thier agent in Germany;;08-mai-98;3
1185;1185;1070;1;Denmark;Dragor;;Hangar 141- Copenhagen Airport;DK 2791;;45 32 45 08 00;;;;;;04-mai-98;3
1184;1184;1069;6;FRANCE;Troyes;;rue william-booth, zi des ecrevolles;10000;-;01-4978-6643;-;4;4;;FR 46552018152;04-mai-98;5
1183;1183;1068;3;France;PARIS;;66 CHAMPS ELYSEES;75008;;014561.5007;;;;Chimicals , Grease Sealant Etc;;03-mai-98;3
1182;1182;1067;6;FRANCE;MERU;;Z. I. - 3, rue Emile Zola;60110;;01-3480-7376;;4;6;;FR25552114175;24-avr-98;3
1181;1181;1066;3;UK;KINGSTON upon THAMES;;Unit 5 Princess Mews / Horace Rd;KT1 2ZS;;44.181.549.8000;;;;;;23-avr-98;3
1180;1180;1018018296;5;France;Isle sur la Sorgue;;BP 95;84803;;04 32 52 02 84;;5;;Arger n’existe plus. Pour les produits ITT, vous devez directement contacter ITT Neo Dyn;;05-avr-02;3
1179;1179;1017999519;6;France;fleac;;bp15,rue bois renaud, 8chemin de l'etang;16730;;05-4524-0404;;5;;new name VIBRO Meter;;05-avr-02;3
1178;1178;1016721474;3;Brazil;;FL;;;;;;;;ATR42-300;;21-mars-02;3
1177;1177;1016525113;2;GABON;Libreville;;zone de fret, aeroport leon mba - bp 9900;;;241-73-9920;;6;;Sold ATR42 to Latecoere.  leased F28 Mk4000 (11126) from Jet Aviation,;;19-mars-02;3
1176;1176;1016523367;3;;;;;;;303-792-3906;;;;;;19-mars-02;3
1175;1175;1016447462;3;;hertfordshire;;;;;44 1279 307015;;;;;;18-mars-02;3
1174;1174;1015835580;5;USA;paramus;NJ;599 industrial avenue;07653-0097;;201-265-8770;;;;2x N.C (Voire 15,87) Doc Problems - Pay via W/T ONLY;;11-mars-02;3
1173;1173;1015228149;3;;;NJ;;074604;;201-288-8877;;;;Dengerus Co - Dist also French Co Be WHER!!!!;;04-mars-02;3
1172;1172;1014795426;3;usa;pembroke pines;fl;9820 sheridan st. No111;33024;;954-309-5749;;;;Dengerus Co Work With Fermel Inv;;27-févr-02;3
1171;1171;1014280865;2;usa;Miami;FL;7100 N.W. 52 Street;33166;;54-351-481-8381;;;;;;21-févr-02;3
1170;1170;1014193824;3;United States;Bensenville;;;;;847-803-9161;;;;;;20-févr-02;3
1169;1169;1014131088;3;;;;;;;480-782-0581;;;;;;19-févr-02;3
1168;1168;1013700053;6;;;;;;;44-1329-853-000;;;;;;14-févr-02;3
1167;1167;1013673008;3;USA;Chatsworth;CA;P.O Box 4839, 9526 Vassar Ave;91311;;818-882-3933;;;;;;14-févr-02;3
1166;1166;1013156235;6;Switzerland;Fribourg;Switzerland;Rte de Moncor 4;CH-1701;;41-26-407-1502;;5;;Crit Delivery (Max 1 WK) + 150 $;;08-févr-02;3
1165;1165;1011946055;3;;;;;;;817-274-0644;;;;;;25-janv-02;3
1164;1164;1011859103;3;;;FL;;33122;;305-594-9464;;;;;;24-janv-02;3
1163;1163;1011771266;1;;;;;;;86-20-8555-6999;;7;3;this is a big repair shop in china owen by Air France industy;;23-janv-02;3
1162;1162;1011359989;3;Germany;;;;73278;;49-7021-97350;;;;;;18-janv-02;3
1161;1161;1011081883;12;;Medeilln;;;;;57-4-342-1500;;6;;1x N.C (Voire 50) Need FAA 8130 cert on Rep Items;;15-janv-02;3
1160;1160;1010414425;3;USA;Grand Haven;MI;14500 168th Avenue, PO BOX 858;49417-0858;;1-616-842-9450;;;;;;19-nov-02;3
1159;1159;1008866910;5;USA;Canoga Park;CA;20945 Osborne Street;91304;;818 700 2905;;5;;Headquarters;;20-déc-01;3
1158;1158;1008834311;3;INDIA;Bombay;;;400099;;91-22-613-5545;;;;;;20-déc-01;3
1157;1157;1065;6;FRANCE;Chateaudun;;route de Jallans;28200;01-6486-6979;01-6486-6928;;4;;;;23-avr-98;3
1156;1156;1064;6;;;;;;;00 44 123 273 3001;;;;Bought by Bonbardier;;20-avr-98;3
1155;1155;1063;6;UK;Bershire;;Mathisen Way, Poyle Road Colnbrook;SL3 0HB;;44 1753 683 245;;4;;*DANGEROUS  GOODS* to ask specific Packaging & markage for AirFreight shipment during Order;;20-avr-98;3
1154;1154;301;2;UK;STANSTED;ESSEX;hanger 7, 9th avenue, stansted airport;CM24 1SG;;44.1279.680.616;;;7;FR customer , No Bank Fees;GB 466 1201 69;13-févr-01;3
1153;1153;300;3;UK;;;;;;44-1223-294080;;;;;44.12205.2525/1223.292525;;3
1152;1152;296;3;USA;;;;;;;;;;;;;3
1151;1151;-229607308;3;;;;;;;218-737-1000;;;;;;14-août-02;3
1150;1150;-236279566;3;France;montrouge;;11 rue corneille;92120;;01-4657-8080;;;;;;19-sept-01;3
1149;1149;-241246623;3;;;FL;;33140-0713;;305-538-5878;;;;;;26-nov-01;3
1148;1148;-261122795;3;UK;Pulborough;West SUSSEX;Unit 4, Station Approach,;RH20 1AQ;;44-1798-872201;;;;Also office in the Netherlands;;25-oct-01;3
1147;1147;-268583831;3;;Miami;;;;;305-597-7175;;;;;;05-nov-02;3
1146;1146;-272855069;3;uk;west sussex;;unit1, imberhorme way, east grinstead;rh19 1rl;;44 134 232 4466;;;;;GB 733 3258 45;22-mai-02;3
1145;1145;-273440047;3;FR;Garons;;Aeroport de Nimes-arles-camargue - bp 23;30128;;04-6670-7200;;;;;FR 79 379 411 028;25-sept-01;3
1144;1144;-273819474;3;Uk;Chobham;Surrey;Unit D Western Entrance, Fairoaks Airport;GU24 8HU;44-1276-855-977/855-987;44-1276-855-966;;5;;When Placing PO On AR Unit put close that we can return the unit after more the 30 dys Insp Time;;14-nov-01;3
1143;1143;-274691181;12;Lithuania;Karmelava;;Kaunas Airport,;54085;;370 37 399 111;;3;;FR customer;;26-sept-02;3
1142;1142;-279045909;3;germany;rheinmuenster;;baden airpark,montreal av., hangar d416;d-77836;;49-6107-770 014;;;;2ea F27, 1ea ATR72 D-ACCC s/n 379;DE 169 369 639;16-août-01;3
1141;1141;-302921498;3;Canada;Montreal;;;QU H1X2W3;;514-376-3173;;;;;;14-mai-02;3
1140;1140;-307258562;2;UK;Hampshire;;Southampton Rd. Titchfield Fareham;P014 4QA;;44-1329-853-880;;5;;;;04-mars-02;3
1139;1139;-316641842;3;;;;;;;;;;;;;19-nov-01;3
1138;1138;-318892368;3;;;;;;;702-407-3043;;;;;;19-juil-02;3
1137;1137;-327315479;3;Denmark;Kastrup;;Amager landevej 278;2770;;45-32-51-95-50;www.leki.dk;4;;;DK 14 390 871;24-avr-01;3
1136;1136;-346494673;3;;;;;;;631-957-8000;;;;;;27-nov-01;3
1135;1135;-351417805;3;;;;;;;972-420-8595;;;;;;22-nov-02;3
1134;1134;-357534835;10;Australia;North Cairns;CNS;Cairns Branch , General aviation cairns;4870;;2 97088628;;;;;;06-nov-02;3
1133;1133;-360138578;3;Denmark;KASTRUP;;KIRSTINEHOJ 36B;DK2770;+45 3250 9287;+45 3252 5531;;;;;DK13590583;08-mai-01;3
1132;1132;-362019791;3;USA;Ft Worth;TX;4550 buckingham Rd;76155;-;817-931-5185;-;4;;;;24-janv-02;3
1131;1131;-382096482;3;USA;Lagrange;GA;112 Gordon Commercial Dr., Suite A;30240;706-812-1411;706-884-8966;;;;Now owned by Stork B.V (Fokker services);;04-juin-01;3
1130;1130;-396485800;3;USA;GRAND RAPIDS;;;;;616-656-7000;;;;;;10-oct-01;3
1129;1129;-413133700;3;;;FL;;33025;;954-447-4700;;;;;;12-juin-01;3
1128;1128;-420935360;1;usa;ft lauderdale;fl;5352 NW 21 Terrace,Ft lauderdale executive airport;33309;;954-772-4559;;5;;Became Triumph Inst. & Avionics;;14-févr-02;3
1127;1127;-436275788;2;Germany;Burbach;;Airport Siegerland, Flughafenstrase;D-57299;;49-2736-44430;;4;3;Purchasing agent RAS;DE 81222 4042;14-juin-02;3
1126;1126;-454410587;6;France;saint-marcel;;43, rue des prés;27950;;02 32 64 86 10;;4;;Goodrich FR not relaible on Transp- ON Crit USE CHRONOPOST;;18-déc-02;3
1125;1125;-468001381;3;;;;;;;;;;;;;28-sept-01;3
1124;1124;-469225113;3;UK;;;;;;44-1344-887-880;;;;;;08-août-02;3
1123;1123;-476659724;12;The Netherlands;Zevenaar;;;;;31-316-592-100;;5;;under Heli-One - NedAero Components;;11-sept-02;3
1122;1122;-477327038;3;Germany;;;;55483;;49-654-37551;;;;;DE202 197 799;13-nov-01;3
1121;1121;-494615848;3;;;;;;;;;;;;;19-déc-01;3
1120;1120;-495581888;3;;;CA;;91311;;818-882-3933;;;;;;21-janv-02;3
1119;1119;-505049590;3;Chile;Santiago;;;;;562 217 4278;;;;;;01-oct-02;3
1118;1118;-509529214;3;;San Antonio;;;TX;;210-599-0060;;;;;;06-nov-02;3
1117;1117;-520136270;3;;miami;;;;;305-436-1400;;;;;;25-avr-02;3
1116;1116;-542046873;3;Spain;Madrid;;P° DEL Zurron 10 Esc 3 2°A;28042;;34-913-294-478;;;;Work with Cuba;ESB-83360487;14-oct-02;3
1115;1115;-542153225;4;UK;west sussex;;Unit 15-16, merlin centre, county oak way, crawley;rh11 7xa;;44 129 356 0666;;;;;;03-sept-01;3
1114;1114;-547705378;3;;;;;;;480-921-0375;;;;;;03-déc-01;3
1113;1113;-556327456;3;USA;;;;;;515-267-1697;;;;;;15-avr-02;3
1112;1112;-568964464;3;Mexico;;;;;;52-55-5789-4321;;;;;;15-oct-02;3
1111;1111;-572465522;3;;;;;;;1800-655-7501;;;;;;27-nov-02;3
1110;1110;-589822484;3;USA;;;;;;830-769-9174;;;;;;19-févr-02;3
1109;1109;-592731503;3;;;;;;;52-55-5789-4321;;;;;;15-janv-02;3
1108;1108;-593418490;2;France;Roissy CDG Cedex;;15 Rue Du Haut De Lavel ZF7;95708;;01 48 16 08 55;;7;6;Filiale d’Air Contractors Limited Ireland,;;30-mai-01;3
1107;1107;-616988371;3;;rego park;NY;61-65 98th street room 3k;11374;;718-592-0282;;;;perhaps contact with BKK, Thiland;;09-déc-02;3
1106;1106;-623747302;3;UK;Luton, Beds;;unit 2 dukes court, wellington St;LU1 5AF;;44-1582-411125;;;;Web stite in Hindi and Thai, wrok with indian companies;GB 640-0657-65;16-nov-01;3
1105;1105;-628748666;2;NEPAL;kathmandu;;thribhuvan int'l airport;;;977-1470-670 / 570;;;7;;;26-sept-01;3
1104;1104;-631144557;5;USA;Memphis;TN;3778 Distriplex drive north;38118;;901-365-3470;;5;;BFGoodich Dist;;31-mai-02;3
1103;1103;-631708674;3;USA;FT LAUDERDALE;FL;5525 nw 15th avenue, suite 202;33309;;954-489-9091;;;;;;27-mai-02;3
1102;1102;-654943229;3;ITALY;Treviso;;Via Nicolo' Franco, 8;I-31100;;39-0422-260-076;;;;;IT 0342 120 0282;15-juin-01;3
1101;1101;-655963660;1;;Luton;;;;;44 (0)1582 720073;;;;;;27-sept-02;3
1100;1100;-660442902;3;;;;;;;91-442410910;;;;www.instrulabonline.com;;07-oct-02;3
1099;1099;-688196679;6;;;;Pratt & Whitney Component Solutions;;;231-798-8464;;;;;;22-mai-01;3
1098;1098;-695995657;3;Greece;Athens;;;;;30-210-9611-881;;;;;;29-nov-02;3
1097;1097;-710063167;3;USA;Rustburg;VA;759 Greenhouse Road;24588;;434-821-9751;;;;SISTER COMPANY SEATTLE TURBINE PARTS;;14-nov-02;3
1096;1096;-710137227;3;Israel;Tel Aviv;;;69460;;972-3-643-8808;;;;;;03-juil-02;3
1095;1095;-732252756;2;TRINIDAD;PORT OF SPAIN;;;;;868-669-3000;;;;DASH 8 PW123 ENGINE;;27-févr-02;3
1094;1094;-737988344;3;USA;Miami;FL;1353 N.W , 88 Ave;33172;;305-718-8883;;;;;;14-févr-02;3
1093;1093;-751348775;1;USA;Fresno;CA;2546 N.Clovis Ave;93727;;559-291-2500;;5;;A HEICO company;;07-juin-01;3
1092;1092;-752371286;3;USA;Miami;FL;8549 NW 68th Street;33166;;786-336-8000;;;;;;28-oct-02;3
1091;1091;-757887433;3;UK;;;;TN16 3BN;;44-1959-576129;;;;;;23-août-01;3
1090;1090;-766443835;3;;;;;;;954-747-9991;;;;;;05-déc-01;3
1089;1089;-770953470;3;USA;Wood Dale;IL;1100 wood dale rd;60191;;630-227-2941;;;;Waiting credit note against P/O 021120T;;15-juin-01;3
1088;1088;-781464511;3;Germany;GROSSAITINGEN;;DINSKELSTR. 6;86845;;;;;;;DE 172 459 047;22-nov-01;3
1087;1087;-787560173;3;;;;;;;44-208-458-7299;;;;;;10-juil-01;3
1086;1086;-803238861;3;;Rueil Malmaison;;;;;01-5547-2574;;;;ASK to Wright LOT No on Certificat B.L;;12-juin-01;3
1085;1085;-804930060;3;USA;fort lauderdale;FL;3030 SW 42nd Street;33312;;954-791-8800;;;;;;19-juil-01;3
1084;1084;1001065776;3;AUSTRALIA;;;;;;;;;;;;21-sept-01;3
1083;1083;1000909295;3;;;;;;;;;;;;;19-sept-01;3
1082;1082;1000362609;3;;;TX;;75050;;972-988-1500;;;;;;13-sept-01;3
1081;1081;1000295936;2;USA;GWINN;;zone de fret, aeroport leon mba, bp 9900;;;906-346-8113;;7;;;;12-sept-01;5
1080;1080;998636933;3;FR;Limoge;;;87068;;05-5538-8075;;;;;;24-août-01;3
1079;1079;998489590;3;;;;;;;49-6969-80900;;;;;;22-août-01;3
1078;1078;997279816;4;USA;Hollywood;FL;4747 Hollywood Blvd #186;33021;954-967-9336;954-989-3774;tasinc@bellsouth.net;;;None As Total Aviation Support;;08-août-01;3
1077;1077;997252902;3;;;FL;;33176;;305-971-9757;;;;;;08-août-01;3
1076;1076;997083810;3;USA;hayward;ca;dba: JingAir ,28310 industrial blvd suite D;94545-4436;;510 887 8063;;;;;;06-août-01;3
1075;1075;997021304;3;USA;;CA;;91730;;909-581-1540;;;;;;05-août-01;3
1074;1074;996569408;3;USA;MIAMI;;;33172;;305-559-1187;;;;;;31-juil-01;3
1073;1073;996130810;3;;simi valley;CA;;;;310-230-0091;;;;;;26-juil-01;3
1072;1072;995528822;8;GERMANY;Nürnberg;;Bülowstrasse 28;90491;;49-911-5972-7313;;5;1;;DE 813 258 697;19-juil-01;3
1071;1071;995273786;6;France;ZAC des Perriers;Sartrouville;35, rue de la Beauce;78500;01 61 04 72 31;01 61 04 72 30;;5;;;;16-juil-01;3
1070;1070;995197291;3;USA;Hollywood;FL;3321 N. 72nd Terrace;33024-2416;;954-964-7528;;;;;;15-juil-01;3
1069;1069;247;2;FRANCE;caen carpiquet;;Aeroport Caen Carpiquet;14 000;;05-4600-3770;;;17;"FR customer; Bankrupt";;;3
1068;1068;246;2;FRANCE;;;;;;33.1.3031.3051;;7;7;;;;3
1067;1067;240;2;IRLAND;;;;;;353.844.55.88;;;3;;;;3
1066;1066;239;2;IRELAND;;;;;;353.1.705.33.60;;;17;;;;3
1064;1064;233;2;SPAIN;Quart de Poblet VALENCIA;;Av. Comarques del País Valencia, 2;46930;;34.96.136 8700;;10;6;GMA contract with ATR;ES A9630 2724;;3
1063;1063;231;2;Cabo verde;PRAIA Santiago;;Aerodromo Francisco Mendes-Hangar A;;;238.633-190;;4;6;"nv Address - Direccao financeira P.O Box 566 Praia CABO VERDE
UK cust";;25-mars-96;3
1062;1062;224;10;GERMANY;Monchengladbach;;Flughafenstrase 31;D-41066;;49.211.421.6621/9918;;4;1;some connection to Avmax group. Same company as RAS Werft & Handle GmbH. Purchasing agent for Avanti;DE 170 728 223;;3
1061;1061;220;2;GERMANY;;;;;;49-231-9213182;;;3;;49.231.21.980;;3
1060;1060;208;2;GERMANY;Saarbruecken-Ensheim;;AM Flughafen, Balthasar-Goldstein # 32;66131;;49 6893 80836;;12;7;do not put transportation insurance !;DE147642898;;2
1059;1059;207;2;GERMANY;;;;;;49.621.42.6040;;;17;;;;3
1058;1058;198;2;PORTUGAL;;;;;;351.848.6693/847.3581;;7;7;;;;3
1057;1057;197;3;PORTUGAL;;;;;;351.1.397.02.24/847.4716;;;;;;;3
1056;1056;193;2;MAROC;Casablanca;;Aeroport Mohamed V;;;212-22-499282;;4;14;Extra cerful On unit Purchased- Quality Problems Also Sogerma-Maroc. ATR went to Regional Maroc;;20-mai-96;3
1055;1055;183;12;CANADA;DORVAL QUEBEC;;795 STUART GRAHAM NORTH;H4Y  1E9;;514.631.9802;;;;;;;3
1054;1054;181;2;Canada;Edmonton;AL;5th Ave. & Service Rd. Edmonton intl airport;T5J 2T2;;780-890-7707;;4;17;;;;3
1053;1053;180;3;CANADA;;;;;;514.636.7070;;;;;;;3
1052;1052;174;2;Norway;;;;;;519.453.8440;;;;;;;3
1051;1051;173;3;CANADA;;;;;;902.873.5000;;;;;;;3
1050;1050;166;3;CANADA;;;;;;418.668.3046;;;;;;;3
1049;1049;165;3;CANADA;;;;;;418.872.7622;;;;;;;3
1048;1048;164;2;CHINA;;;;;;86.571.808.2490/517.3015;;;;;;;3
1047;1047;163;2;CHINA;;;;;;86.20.667.8901;;;;bought CHINA XINJIANG Airlines;;;3
1046;1046;161;3;CHINA;;;;;;86.451.860.2541;;;;;;;3
1045;1045;160;2;CHINA;;;;;;86.21. 25588 99;;;;;;;3
1044;1044;158;3;UAE;;;;;;971.2.4472.27;;;;;;;3
1043;1043;156;3;TONGA;;;;;;676.23.004/414;;;;;;;3
1042;1042;155;2;USA GA;;;;;;404.991.3300/33;;;;;;;3
1041;1041;154;2;GERMANY;Munchen;;Postfach 23 16 24;D-85356;;49-89-97591587;http://www.deutsche-ba.de;;;;;;3
1040;1040;153;3;BELGIUM;;;;;;32-2-7541702;;;;;;;3
1039;1039;739;2;New Zealand;;;;;;64.3.358.1200;;7;;9ea ATR72-500;;;3
1038;1038;733;2;New Zealand;Auckland;;DHL Gateway/Hold for collection;2022;;64.3.546.7484;;7;3;;;;3
1037;1037;723;2;Serbia;BELGRAD;;AIRPORT “NIKOLA TESLA” P.O.BOX 17;11180;;381.11.603.281;;4;7;E-Mail Original Invoice For Custom Clearance;;;2
1036;1036;719;3;Romania;;;;;;40.1.212.0041;;;;;;;3
1035;1035;714;2;Myanmar;;;;;;95.1.80710/84566;;;7;;;;3
1034;1034;713;2;Myanmar;Yangon;;"146 Dhamazedi Road
Bahan Township";;;95.1.30144;;7;3;http://www.air-mandalay.com;;;3
1033;1033;712;3;Cambodia;Phnom Penh;;Eng. Div. Pochentong Int'l Airport;;;855.15.837.435;;;;;;;3
1032;1032;711;2;Burkina Faso;Ouagadougou;;P.O. Box 1459;307676;;;http://www.airburkina.com;;17;;;;3
1031;1031;709;3;USA;;;;;;52.181.22044;;;;;;;3
1030;1030;701;2;USA;LOS ANGELES;CA;9841 AIRPORT BLVD., STE. 400;90045;;52.5.277.0260;;7;8;;;;3
1029;1029;691;2;Mexico;Mexico DF;;Hangr 7 Zone E, Col.Fed.;15620;;52.55.133.1107;;10;6;fr cust;;;3
1028;1028;687;3;Mexico;;;;;;52.99.461307;;;;;;22-mai-96;3
1027;1027;685;2;Brunei;Begawan 1907;;P.O.Box 737, Bandar Seri;;;673.2.332531;;4;7;;;;3
1026;1026;684;2;Marshall Island;Majuro;;POB 1319;96960;;692.625.3731;;7;6;;;;3
1025;1025;659;3;Montserrat;;;;;;809.491.5342;;;;;;;3
1024;1024;658;3;St TOMAS;;;;;;809.497.2643;;;;;;;3
1023;1023;649;2;Australia;;;;;;02.3264.7081 / 23       (Mr SE;;;;;;;3
1022;1022;648;3;Australia;;;;;;61.50.222.444;;;;;;;3
1021;1021;640;9;Israel;;;;;;;;;;;;;3
1020;1020;636;3;Australia;Cudal;NSW;PO Box 12;2864;;61-63-6158815;;;;;61.63.615.815/642104;;3
1019;1019;635;3;Australia;Eagle Farm;;Pandanus Av.  P.O.Box 1126;QLD 4089;;61/7/32121260;;;;;;;3
1018;1018;631;2;Australia;Tamworth;NSW;;;;;;;;;;;3
1017;1017;623;7;Australia;;;;;;61.3.9339.6074/623.1211/1334;;;17;formarly an Airline;;;3
1016;1016;612;2;GABON;PORT GENTIL;;SVC TECHNIQUE - BP 240;;;241.55-3144;;;;;;;3
1015;1015;2136404891;3;usa;burbank;ca;3111 winona avenue;91504;;1-818-846-1800;;;;Customer N° 8756;Customer N° 8756;;3
1014;1014;1444032405;3;;;LA;;70143;;504-678-3219;;;;;;14-févr-02;3
1013;1013;1439890191;2;UK;Clyst Honiton;;Hangar 1, Exeter Int.Airport;EX5 2BG;;44-1392-266-948;;4;3;;GB 525 099 439 (000);13-sept-01;3
1012;1012;1434338916;3;Singapour;;;;;;65 545 8229;;;;;;13-juin-01;3
1011;1011;1427637913;3;;RANTOL;KS;;66079;;785-878-4000;;;;;;26-juil-01;3
1010;1010;1399893995;3;;;FL;;;;305-594-4677;;;;;;17-sept-02;3
1009;1009;1377763988;1;United Kingdom;Rayleigh;Essex;Claydons Lane;SS6 7UP;;44-126-874-1622;;;;;;12-déc-01;3
1008;1008;1372096763;3;;saint AY;France;za les varigoins - 9, rue jean monnet;45130;;02-3846-8846;;;;;;04-juin-02;3
1007;1007;1367335459;3;USA;Wheeling,;IL;860 Chaddick Drive;60090;847-325-4953;847-325-4971;;;;;;12-oct-01;3
1006;1006;1364983311;2;South Africa;Lanseria;;Hangar 110, Gate 13, Lanseria Airport;1748;27-11-659-1089;27-11-875-9600;;4;6;Partsbase, ILS;;19-mars-02;3
1005;1005;1341878605;3;;Tigard;;;97223;;503-968-7887;;;;;;08-nov-02;3
1004;1004;1329811061;12;Colombia;Bogotá;;El Dorado International Airport - Hangar 2;;;(57) 1 414 8207;;;;11/03 is being dissolved and its co-owners will receive equal stakes in AVIANCA and SAM.;;14-nov-02;3
1003;1003;1323148232;1;UK;Christchurch;;Bournemouth Intl Airport;BH23 6NE;44-1202-580-936;44-1202-409000 ext 3262;;;;;;20-août-01;3
1002;1002;1317672729;3;;;;;;;623-5810-154;;;;;;04-juil-01;3
1001;1001;1309252708;3;USA;Miami;;5000 North West 74th Avenue;FL 33166;;1 305 592 4178;;;;;;02-mai-02;3
1000;1000;1300483975;3;;Miami;FL;;33172;;305-477-1274;;;;;;04-avr-02;3
999;999;1298449723;3;UK;West Sussex;;Moorhawes, Sandhawes Hill, East Grinstead;RH19 3NR;;44 1342 870 577;;;;;;14-juin-01;3
998;998;1267784194;2;USA;Renton;WA;4150 Lind Avenue SW;98057;;425 251 9511;;4;;;;12-août-02;3
997;997;1249475791;3;France;st leger s/s brienne;;;;;33-3-2549-1973;;6;;Out of business. Pascal Bila work for him - Customers from Africa.;;18-avr-01;3
996;996;1244388979;3;;;;;;;05546003770;;;;;;18-oct-01;3
995;995;1237796037;2;Taiwan;;;;;;886-4-2426 2838;;7;6;;;21-oct-02;3
994;994;1236460591;3;USA;Lawrenceville;GA;970 progress center av;30043-4803;;1-770-513-0612;;;;;;12-oct-01;3
992;992;1221382944;3;;;NJ;;07627;;201-784-2700;;;;;;05-mars-02;3
991;991;1200349307;3;USA;;CA;;98072;;425-489-1519;;;;;;08-mai-01;3
990;990;1196365888;3;;;;;;;31-23-563-7534;;;;;;21-mars-02;3
989;989;1180250976;2;Netherlands;lelystad;;flamingoweg 20;8218nw;;31-320-284-620;;6;3;Out of Business. ATR  & B1900 ops, ATR42-320 PH-RAQ MSN139;NL 810 306 694 B01;24-mai-02;3
988;988;1157887342;1;USA;Miami;FL;;33166;;305-267-6406;;;;;ESB95116414;06-mai-02;6
987;987;1147566781;3;;;;;;;954-359-0435;;;;;;02-juil-01;3
986;986;1139806907;4;USA;DORAL;FL;8004 NW 68th st.;33166;;305-717-5000;;5;;offices in Brazil, El Salvador;;03-déc-02;3
985;985;1139080938;3;;;;;;;972-771-2262;;;;;NL 810 306 694 B01;21-févr-02;3
984;984;1137909366;3;;;;;;;305-392-1640;;;;;;25-juil-02;3
983;983;914688312;3;Luxembourg;;;65 Ave de la gare;L-1611;;352-40-0811-703;;;;;LU 173 23 440;20-sept-01;3
982;982;904088373;3;Spain;Llucmajor;Baleares;"Avda. Son Noguera, 11 Nave No. 3
Poligono Son Noguera";07620;;34-90-210-1140;;;;work with CUBA;;11-nov-02;3
981;981;1303;3;France;brain-sur-l'authion;;BP1 - Zone artisanale de la bohalle;49800;;02-41-54-90-60;;;;;;16-sept-99;3
980;980;1301;3;;;;;;;44-134-489-3020;;;;;;15-sept-99;3
979;979;1300;6;USA;Irvine;CA;1666 Von Karman Avenue;92606;;;www.parker.com;;;;;14-sept-99;3
978;978;1299;3;USA;miami lakes;FL;6051 N.W. 153rd Street;33014-2413;;305-826-3214;;;4;;;13-sept-99;3
977;977;152;2;SWITZERLAND;;;;;;41.61.325.2525;;;;;;;3
976;976;151;2;USA;Orlando;FL;9100 Hangaer Blvd;32827;;606.525.2550/767.2550;;7;3;;;;3
975;975;148;2;FRANCE;MORLAIX Cedex;;Airport Ploujean - CS 27925;29204;;02.9862.10.22;;5;6;;FR18927350363;;3
974;974;145;2;China;;;;;;886.2.775.2450;;;;;;;3
973;973;144;2;TAIWAN;TAIPEI;;12 Th FL.,No 1, NANKING E.;Rd. SEC.4;;886-4-4262838;;;;see Mandarin Airlines;;;3
972;972;141;2;United Arab Emirates;Abu Dhabi;;Abu Dhabi Intl' Airport Facility;;971 2 575 7775;971 2 575 8000;;4;6;;;;3
971;971;140;2;OMAN;Muscat;;P.O Box 68  Seeb INT'L Airport;111;;968.51 95 70;;12;6;Cerfule On L/Time Quted;;;3
970;970;139;2;Pakistan;;;;;;92.21.457.2011;;7;3;;;;3
969;969;138;3;USA PA;;;;;;215.244.5000;;;;;;;3
968;968;136;3;BAHAMAS;;;;;;809.352.8885;;;;;;;3
967;967;-807033750;3;Belgium;Zaventrn;;Airport Ring Service Maalbeekweg 49;1930;;32-2725-0651;;;;White Eagle Aviation,;;04-juil-01;3
966;966;-811167235;3;USA;;FL;;;;561-274-4275;;;;Pratt & Whitney PT6 / PW100 / JT15D Engines & Parts;;30-août-02;3
965;965;-815592060;3;;;GA;;30240;;706-812-8467;;;;Cerfull Lot Purchased from Dodson cam from Incident CRJ200 NSN 7068;;31-juil-02;3
964;964;-822518679;3;U.S.A;chandler;az;5780 w. oakland st.;85226;;480-961-3600;;8;;;;21-mai-01;3
963;963;-831535699;3;Canada;Montreal;;;;;514-931-7751;;;;12/02 ASK for big list Of ATR 42-300 Spares;;19-déc-02;3
962;962;-839832095;6;UK;Brookland Business Park;Weybridge Surrey;Limited european Logistics Center 16 Vickers Drive;KT13 OUJ;;44-1932-358205;;;;1x N.C (Voire 78);;13-juin-01;3
961;961;-840020497;3;;;;;;;305-592-6192;;;;;;20-avr-01;3
960;960;-865171280;3;;;;;;;603-669-0940;;;;;;27-nov-02;3
959;959;-888373111;3;;;FL;;33950;;941-639-8081;;;;;;28-juin-01;3
958;958;-895037408;3;USA;;;;;;1-281 449 1100;;;;A320 & V2500-A5  partout 10/03;;13-juin-01;3
957;957;-895529932;3;France;;;;31470;;05-3447-1116;;;;;;21-janv-02;3
956;956;-913879393;3;;;;;;;602-470-7226;;;;;;17-sept-02;3
955;955;-914219185;2;USA;Houston;Texas;"17795 JFK Blvd
Houston Maintanence Facility";77032;;;http://www.expressjet.com/;7;3;158 ERJ 2;;22-juil-02;3
954;954;-930551178;3;Spain;madrid;;c/orense 85, Esc. 4 - 4°A;28020;;34-9155-68911;;;;;ES B81 861 221;30-janv-02;3
953;953;-937816420;3;;;;;;;954-746-0515;;;;;;01-juin-01;3
952;952;-941779575;3;;Wicthia;KS;;67226;;;;;;;;05-oct-01;3
951;951;-943356407;3;;;;;;;662-971-1331;;;;;;09-déc-02;3
950;950;-944607422;3;IRLAND;;;;;;353-7141731;;;;;;09-août-02;3
949;949;-952576797;3;USA;;;;;;310-517-0444;;;;;;19-sept-02;3
948;948;-957347522;3;The Netherlands;Rotterdam;;zavetembaan 3 - rotterdam airport;ar 3045;;31-320-284-620;;;;;;27-mai-02;3
947;947;-959069401;3;;Austin;;;;;512-834-2000;;;;;;06-juin-02;3
946;946;-963513462;6;FR;BRON;;18 rue du 35ème Régiment d'Aviation;69500;;04 78 26 10 10;;4;;;;26-févr-02;3
945;945;-973643573;2;Azerbaijan;;;;;;;http://azal.az/en/index.php;7;7;;;24-juil-02;3
944;944;-979722732;3;;;;;;;305-436-0593;;;;;;04-févr-02;3
943;943;-981573458;3;USA;;OR;;97302;;503-362-0811;;;;;;21-mars-02;3
942;942;-982295552;3;;;CA;;91311-6910;;818-718-9978;;;;;;07-mai-02;3
941;941;-983187385;3;USA;Lewisville;TX;821 Office Park Circle;75057;;972-353-4100;-;;;-;;08-févr-02;3
940;940;-994593617;3;;;;;;;65-6315-6011;;;;;;22-avr-02;3
939;939;-1014225312;3;;;;;;;41-11-818-0805;;;;;;01-avr-02;3
938;938;-1014599358;3;;;fl;;;;305-891-5300;;;;;;12-avr-02;3
937;937;-1016022714;3;;Tempe;;;;;602-454-2200;;;;;;11-nov-02;3
936;936;-1020145554;4;Dubai;DUBAI;;;;;;;;;IRAN Contacts;;16-juil-01;3
935;935;-1050191831;3;Brazil;;;;;;;;;;;;14-mai-02;3
934;934;-1063929053;3;USA;;NJ;;07470;;973-839-3360;;;;;;09-janv-02;3
933;933;-1066476644;3;usa;costa mesa;ca;3100 airway Avenue suit 108;92626;;714-438-0660;;;;;;31-mai-01;3
932;932;-1079037277;6;;;;;;;49-6104-9368;;;;;;19-août-02;3
931;931;-1087781317;3;Spain;Madrid;;barbastro, 5 local;28022;;34-91-393-03-96;;;;;ES 878 326 238;11-juin-02;3
930;930;-1090383080;10;Netherlands;Rotterdam;;;NL 3004GA;;;;;;;;21-mars-02;3
929;929;-1097400399;2;;;;;;;;;;7;;;05-déc-02;3
928;928;-1104231993;3;Netherlands;Haarlem;;;;;31-2353-16039;;;;;;07-oct-02;3
927;927;-1106525731;3;USA;North Richland Hills;TX;;;;817- 498-0290;;;;;;14-nov-02;3
926;926;-1113559609;3;USA;;CA;;91355;;661-775-9780;;;;;;28-nov-01;3
925;925;-1115852987;3;UK;Beaworthy,Devon,;;Shebbear,;EX21 5RQ;44 (0)1409 281680;44-1409-281-578;sales@lightaero.co.uk;;;;;28-févr-02;3
923;923;-1124944508;3;;Arlington Heights;IL;;60005;;847-640-7467;;;;;;17-mai-01;3
922;922;-1126788039;3;USA;Joplin;;2707 E 32nd Street;MO 64804;;417-781-8324;;;;;;30-juil-01;3
921;921;-1134797437;6;France;conflans ste honorine;;5 rue clos d'en haut - bp 115;78702;01-3919-9631;0139196060;;;;;FR55349238782;18-déc-02;3
920;920;-1138432516;1;BRAZIL;;;;;;55-31-349-04640;;;;;;17-janv-02;3
919;919;-1146590657;3;USA;Miami;FL;7841 N.W. 56th St.;33166;;305-599-8855;;;;FAA CRS VGHR393L;;19-sept-02;3
918;918;-1147792706;2;Spain;nacional III - salida 345 - quart de poblet;valencia;Av. Comarques del Pais Valencia 2;46930;34 96 136 88 01;34 96 136 87 00;;;;;A 96 302 724;14-mai-02;5
917;917;-1150430242;3;The netherlands;rotterdam;;PO Box 12110 - rotterdam airport;3004 GC;;311 0238 0929;;;;STOPS Activities ON A300;NL 804 847 551 B 01;16-janv-02;3
916;916;-1170955544;3;;;;;;;305-718-4422;;;;;;26-juil-02;3
915;915;-1173652636;3;;;CT;;06070;;860-651-0436;;;;;;11-juin-02;3
914;914;-1176074328;3;;;;;;;954-747-7535;;;;NEW NAME TAPCO 03/04;;03-août-01;3
913;913;-1191230655;5;USA;Woodbury;NY;80 Crossways Park Drive;11797-2045;516-921-7407;516-921-7400;;;;;;23-sept-02;3
912;912;-1193670228;2;;;;;;;;;;;;;27-juin-01;3
911;911;-1196521906;3;UK;;;;;;44-1932-230-553;;;;;;08-juin-01;3
910;910;-1196760263;3;;;;;;;954-486-2332;;;;;;09-avr-02;3
909;909;-1213745168;1;Canada;Burlington;Ontario;1360 artisans cour;L7L 5Y2;905-331-8125;905-3318121;comtekadvanced.com;;;close Quality control on CERT - original Shop Findings  - SN on cert;;05-avr-02;3
908;908;-1221456131;11;Singapore;;;9 Changi South Street 3 08-01 Freight links  Districentre;486361;;65-546-0533;;4;7;;;07-juin-01;3
907;907;-1244902082;5;Netherlands;ac alphem a/d rijn;;J. keplerweg 16;2408;;31-172-449-714;;4;;FR customer;nl 001 512 341 B01;12-mars-02;3
906;906;-1255859354;3;;;;;;;954-846-7700;;;;;;08-août-02;3
904;904;-1259441774;3;United States;;;;;;859-282-6000;;;;;;14-oct-02;3
903;903;-1274545381;2;Bahrain;;;;;;973 327 414;;;7;;;24-sept-02;3
902;902;-1276951122;6;;;;;;;775-856-4141;;5;;Arger n’existe plus. Pour les produits ITT, vous devez directement contacter ITT Neo Dyn;;13-mars-02;3
901;901;-1280325132;3;;PHOENIX;ARIZONA;;;;;;;;;;15-août-02;3
900;900;-1293305490;3;usa;commerce;ca;5989 rickenbacker rd;90040;;213-620-9950;;;;;;31-juil-01;3
899;899;-1300986008;1;USA;Hiawatha;IA;1560 Boyson Road;52233;;319-743-3445;;;;;;21-août-01;3
898;898;-1302091809;1;France;Mérignac cedex;;Aéroport de Mérignac;33701;;05 56 55 28 41;;4;6;;;31-janv-02;5
897;897;-1303387804;3;usa;medley;fl;11701 nw 102nd rd, suite 10;33178;;305 885 2758;;;;;;15-mars-02;3
896;896;-1310027879;3;USA;bangor;me;189 odlin rd,;04401;;1-207-942-8888;;;;Remit to: Telford aviatin services inc., 154 Main Avenue, Bangor, ME, 64401;;21-mai-02;3
895;895;-1311963872;1;USA;Gilbert;AZ;463 South Hamilton Court;85233;-;480-610-3500;-;7;4;-;;14-févr-02;3
894;894;-1316770608;3;Netherlands;Eindhoven;;;;;31-40-235-2697;;;;;;11-nov-02;3
893;893;-1332864303;3;;;CA;;91354;;;;;;;;20-sept-01;3
892;892;-1341657866;3;;;;;60422;;708-207-5348;;;;;;24-sept-02;3
891;891;-1352310537;3;;;;;;;305-592-1753;;;;;;24-sept-02;3
890;890;-1374731982;6;;Placentia;CA;;92870-6788;;714-524-0680;;5;;Dist BY HASCO 714-524-0680 fx 714-524-0273;;07-nov-02;3
889;889;-1380450659;3;;;;;;;01-4130-5010;;;;;;23-déc-02;3
888;888;-1394468748;3;;;;;;;;;;;;;22-oct-01;3
887;887;-1397131690;3;;Miami;FL;;33166;;305-594-7177;;;;;;22-nov-01;3
886;886;-1400896546;3;;;FL;;33126;;305-269-0133;;;;;;13-sept-01;3
885;885;-1407830154;3;uk;essex;;north Hangar, Southend Airport;5s2 6un;;44-170-234-8601;;;;;;12-déc-01;3
884;884;-1416316778;1;USA;Plantation;FL;6851 W. Sunrise Blvd Suite 130;33313;954-791-4907;954-791-4900;;7;4;http://www.skyteam.cc/;;30-mai-02;3
883;883;-1421375156;2;Italy;;;;;;39-091-652-5019;;7;3;http://www.airitaly.eu;;19-sept-02;3
882;882;-1439449570;2;;;;;;;;;;7;;;15-oct-01;3
881;881;-1456570529;3;;Indianapolis;;;46241;;888-823-0337;;;;;;02-oct-02;3
880;880;-1489557305;6;France;Amiens Cedex 2;;Rue A. Durouchez BP 1561;80015;;03 22 52 60 00;;;;;;18-juin-01;3
879;879;-1489824776;3;IT;;;;;;39-0831-573-888;;;;;;22-nov-01;3
878;878;-1506989556;3;;Michiga;;;48507;;810-230-8096;;;;;;24-oct-02;3
877;877;-1791506402;3;;Bogota;;;;;571-413-3951;;;;Work with Prof. Avia. Assoc.;;22-oct-01;3
876;876;-1793084926;3;UK;;;;;;44-1582-749777;;;;;;25-juil-01;3
875;875;-1799807749;3;Germany;Hamburg;;;22339;;49-40-5393-0913;;;;;;10-oct-01;3
874;874;-1804269721;3;usa;omaha;nebraska;6200 north 16th street;68110-1005;;1-402-933-4060;;;;;;20-nov-02;3
873;873;-1806609768;3;USA;Miami;;;33166;;305-884-2333;;;;;;11-juin-01;3
872;872;-1812426447;3;;;;;;;305-891-5300;;;;Dismental an ATR42-300 ex Continental;;09-janv-03;3
871;871;-1830103478;2;usa;los angeles;CA;333 South Hope street, # 3100;90071;;213-620-5761;;;17;www.anatu.com;;24-déc-02;3
870;870;-1841222998;3;USA;;FL;;34104;;941-643-6363;;;;;;27-nov-01;3
869;869;-1854601258;2;Estonia;;;;;;372-6110738;;;;Sold all thier ATR72 to UTAIR. suspended operations;;15-août-02;3
868;868;-1855818218;1;Germany;Mississuaga;;;;;;;;;;;18-oct-02;3
867;867;-1858060603;6;;;;;;;252-237-7004;;4;;;;09-avr-02;3
866;866;-1863084916;3;;Miami;FL;;33166;;305-463-0032;;;;;;24-mai-01;3
865;865;-1864795149;3;Greece;Athens;;;14564;;30-1-6205597;;;;;;26-juil-01;3
864;864;-1866603350;3;;;;;;;;;;;;;21-nov-01;3
863;863;-1886573618;2;Germany;;;;;;49-5119-727411;;;7;;;09-janv-03;3
862;862;-1716481334;2;Bosnia-Herzegov;;;;;;387 51 21 11 82;;;;lease A/C from JAT get also spares from JAT, to check;;30-mai-01;3
861;861;-1717126902;6;;Irvine;CA;;92614-5676;;949-221 5001;;;;;;28-oct-02;3
860;860;-1745829888;3;HONG KONG;;;;;;852-279-78929;;;;;;18-juin-02;3
859;859;-1745884987;1;USA;Chesterfield;Missouri;18377 Edison Avenue;63005;;636-272-2266;;7;4;Rep capa  Technofan, Teleflex;;02-août-01;3
858;858;-1771731168;3;;Miami;;;;;305-513-8800;;;;;;11-sept-02;3
857;857;1537;3;;;;;;;702-944-2795;;;;;;08-janv-01;3
856;856;1536;3;USA;Ontario;CA;;91761;;909-930-9744;;;;;;06-janv-01;3
855;855;1535;2;INDIA;Kolkata;;;;;91-11-656-2423;;5;7;under Alliance air;;05-janv-01;3
854;854;1534;3;;;;;;;49-5130-600-400;;;;;;04-janv-01;3
853;853;1533;3;;;;;;;44-208-844-3800;;;;;;04-janv-01;3
852;852;1140;12;ITALY;ROME;;ROME AIRPORT;;;39-06-659-57879;;;;;IT 0182 735 0818;20-oct-98;3
851;851;1139;3;FRANCE;St Denis Cdx;;166, Rue du Landy;93207;;01-4813-7982;;;;;;16-oct-98;3
850;850;828;3;Burundi;;;;;;257.22.3460/4609;;;;;;;3
849;849;820;3;Nepal;;;;;;977-1-480431;;;;;977.1.229412/222290;;3
848;848;819;3;Malaysia;;;;;;60.3.262.4453;;;;;;;3
847;847;816;2;Malaysia;SUBANG, DARUL EHSAN;SELANGOR;"4TH FL' ADMIN 2 BLDG, MAS COMPLEX A; SULTAN ABDUL AZIZ SHAH AIRPORT";47200;;60.3.746.4555;;4;7;;60-37402246;;2
846;846;807;2;Ghana;;;;;;233.21.77.3321/7580;;;7;;;;3
845;845;806;2;Croatia;Pleso bb;;Technical Services;10150;;385-1-616-4415;;4;7;TO FAX CERT COPY EVRY SHIP / CRITICAL Order= AOG;;;3
844;844;805;3;Guyana;;;;8005;;01-49-18-33-46 / 60 STANDARD;;;;;;;3
843;843;799;2;Malawi;Blantyre;;"4 Robins Road; PO Box 84";;;(265)692 322;;7;7;;;;3
842;842;792;2;Kenya;NAIROBI;;PO BOX 19002;;;254.2.823000;;;7;;;;3
841;841;784;2;Mauritania;;;;;;222.522211;;;17;;;;3
840;840;783;2;Madagascar;;;;;;261.2.29691;;;;;;;3
839;839;782;2;Madagascar;Antananarivo;;Dir. Fin. - 8 Rue Jean Jaures, Ambatomena;101;;261-202- 244- 816;;4;17;Do Note Inv Bank Charges - SHIPPING PROFORMA DOIT COUVRIR TOUS LES FRAIS (AOG/SHIP,);;;2
838;838;611;2;Gabon;;;;;;241.732197;;7;;;;;3
837;837;597;3;ICELAND;REYKJAVIK;;REYKJAVIK AIRPORT;101;;354-570-8010 / 8090;;;;Lease ATR42 to SCL;;;3
836;836;596;10;Iceland;;;;;;354-4250139;;;7;Icelandair Technical Services (ITS);354.1.690.100/3505.0300;;3
835;835;594;3;Iceland;;;;;;354.456.4200/44200;;;;;;;3
834;834;590;2;Turkey;istanbul;;;;;90.212.574.7300;;7;7;;;;3
833;833;588;2;Seychelles;;;;;;248.225300;;;17;;;;3
832;832;587;2;Slovenia;Ljubljana;;Slovenski letalski prevoznik,d.d-Kuzmiceva 7;1000;;386.4.2594.000;;5;7;Also repair shop;;;3
831;831;585;2;Greece;JAMAICA;190 19 SPATA;General Management Tech. Operations;BLDG 57;;30210 3564467;;;;New name PANTHEON AIRWAYS SA;;;3
830;830;1118;2;GUADELOUPE;ABYMES;;AEROPORT DU RAIZET;97139;;590-831-338;;;;;;20-août-98;3
829;829;1117;6;FRANCE;TOULOUSE;;408 AV DES ETATS UNIS;31016;;05-61-35-29-74;;4;;Have Official Quote Prior Quoting -  Pls consolidate TRANSP PAR DHL 47€73 - A réception;FR42410673081;20-août-98;3
828;828;1114;2;USA;;Alaska;;;;;;;17;;;07-août-98;3
827;827;1027519637;6;USA;;;;;;;;;;Dist By Satair;;24-juil-02;3
826;826;1027519419;10;Canada;;;;;;;;7;;;;24-juil-02;3
825;825;1027508650;12;Spain;Llobregat;barcelona;av. onze de setembre, 295 el prat de;08820;;34-93-478-6132;;;;Stop working;;24-juil-02;3
824;824;1027439015;3;FL;Miami;fl;12840 southwest, 84 av. rd;33156;;305 235 5401;sales@apscomiami.com;;;;;23-juil-02;3
823;823;1027435518;2;France;;;;;;02-5116-0504;;7;7;;;23-juil-02;3
822;822;1027429692;3;Canada;;;;;;905-840-0948;;;;;;23-juil-02;3
821;821;1027319627;1;Quebec;Lachine;Canada;2290 - 46th Avenue;H8T 2P3;;514-636-8154;;5;4;FR customer W/T In Advance Only!! Short pay;;22-juil-02;3
820;820;1026403001;3;USA;garden city;ny;800 AXINN AV;11530;;516-222-7070;;;;;;11-juil-02;3
819;819;1025882508;3;USA;;;;;;515-224-4714;;;;;;05-juil-02;3
818;818;1025862028;3;USA;;CA;;915020391;;818-392-2100;;;;;;05-juil-02;3
817;817;1025353581;3;USA;;AZ;;;;480-730-9963;;;3;;;28-juin-02;6
816;816;1025247975;3;South Africa;;;;;;27-1182-78168;;;;;;28-juin-02;3
815;815;1024414020;6;France;Grand Champ;;;56390;02-9766-4016;02-9766-7597;;5;;;;18-juin-02;3
814;814;1024036858;3;;;NY;;11779;;972 314 3604;;;;;;14-juin-02;3
813;813;1023811767;3;UK;;;;;;44-1273-494-216;;;;;;11-juin-02;3
812;812;1022659291;3;;;;;;;305-871-2865;;;;;;29-mai-02;3
811;811;1021551199;3;France;Sophia Antipolis;;;06560;;;;;;;;16-mai-02;3
810;810;1020953949;3;USA;Naples;FL;3763 Enterprise Ave;34104;239-435-3991;239-435-3940;jmarch@marchaviation.com;;;;;15-oct-02;5
809;809;1020950659;3;USA;coral spring;FL;4733 nw 114th dr.;33076;;954-752-5194;;;;;;09-mai-02;3
808;808;1020928669;3;Canada;;;;V4G 1A6;;604-946-4171;;;;;;09-mai-02;3
807;807;999;10;USA;CAHOKIA;IL;14 Archview Drv. St Louis DownTown-Parks Airport;62206;;618.337.2100;;;4;;;08-déc-97;3
806;806;998;1;NETHERLANDS;HOOFDDORP;;KRUISWEG 705;2132 ND;;31-20-655-2222;;4;4;;NL001511026B01;26-nov-97;3
805;805;997;3;USA;HALLANDALE;FL;3101 W. HALLANDALE BCH. BLV # 104;33009;;1-954-9893774;;;;see Tov Meod;;25-nov-97;3
804;804;996;6;usa;;CT;214 CHURCH ST.;06109;;860-529-6851;;;;TOOl ENG;;25-nov-97;3
803;803;995;2;ISRAEL;TEL AVIV;;Dov Airport, P.O.Box 48411;61484;;972.3.699.8627;;5;4;;;25-nov-97;3
802;802;994;3;Germany;WESSLING;;Flugplatz Oberpfaffenhofen;D-82230;;49-8153-302617;;;;"FAIRCHILD DORNIER AEROINDUSTRIES acquired assets of
728 and 928 programs;";DE 811 121 730;24-juin-97;3
801;801;993;3;USA;;;;;;800-2758921;;;;;;04-mars-97;3
800;800;992;2;USA;;;;;;1-901-9226858;;7;8;;;11-févr-97;3
799;799;991;2;CANADA;Dorval;QUE;740 Cote Vertu, Bldng 7 Gate 2;H4Y 1C1;-;1-514-4227949;-;7;;for (ACTS) Do not use Now Aveos;;11-févr-97;3
798;798;990;3;BELGIUM;;;;;;32-2-7160531;;;;;;11-févr-97;3
797;797;989;3;UK;Exeter;;Hangar 21, Exeter Airport;EX5 2BA;;44-1392-364520;;;;;GB 525 099 439;11-févr-97;3
796;796;988;2;Pakistan;Karachi,;;Maim store building;;92-21-9044377;92-4872663;;5;7;;92-4872961;11-févr-97;3
795;795;987;2;Italy;Tessera;;"Aeroporto ""Marco Polo"" via Galileo Galilei,";30030;;39-445-805703;;;17;suspended operations;;11-févr-97;3
794;794;986;2;SWEDEN;HULTSFRED;;FLYGPLATSEN;S-577 91;;46-495-249-770;;7;3;;SE 556514408501;16-janv-97;3
793;793;985;3;Japan;Ube City;;Yamaguchi-Ube Airport;;;81-836-353601;;;;;;14-janv-97;3
792;792;984;2;Canada;;QE;;;;;;7;6;;;05-janv-97;3
791;791;983;2;Germany;;;;;;49-40-5332-3114;;7;7;in contract with Lufthansa technic;;05-janv-97;3
790;790;982;2;UK;Ramsgate;kent;22 Leigh Road, Haine Ind Park;CT12 5EZ;;44-1843-598525/24;;;17;;GB 703 254 274;05-janv-97;3
789;789;531;3;Brazil;;;;;;55.68./223.2866/224.8866;;;;;;;3
787;787;529;3;Brazil;;;;;;55.91.233.6653/0490;;;;;;;3
786;786;450;2;USA;;NY;;;;518.562.2700;;7;6;;;;3
785;785;449;2;USA;;;;;;317.484.6000/716.664.2400;;7;7;;;;3
784;784;447;3;USA;;;;;;316.942.8137/945.3660;;;;;;;3
783;783;446;2;USA NY;;;;;;718.397.6062/703.418.7000;;;;;;;3
782;782;445;2;SWEDEN;;;;;46-510-485-805;46-510-485-800;;7;1;;;;3
781;781;444;2;USA;LOUISVILLE;;;;;502.329.6500;;4;;;;;3
780;780;442;3;USA-NM;;;;;;505.327.0271;;;;;;;3
779;779;441;3;WY, USA;;;;;;1 307 432 7000;;;;;;;3
778;778;440;2;USA;;;;;;703.406.6500;;7;8;;;;3
777;777;439;2;USA;Appleton;WI;W6371 Columbia Drive;54914;;414.739.5123;;7;6;;;;3
776;776;438;2;USA;ST Louis;MO;6161 Aviation Dr Hanger 6;;;314.895.8700;;7;8;;;;3
775;775;436;3;USA;;;;;;312.735.6906;;;;;;;3
774;774;435;2;Turkey;;;;;;;;;3;joint venture of Turkish Airlines and Lufthansa,;;;3
773;773;433;2;USA;St. George;UT;;;;801.634.2210/3000;www.skywest.com;7;6;CRJ  Mint TUCSON AZ / /Delta Conn;;;3
772;772;432;3;USA NV;;;;;;702.739.5611/597.2200/602.645.;;;;;;;3
771;771;431;3;USA;;;;;;317.243.2001;;;;;;;3
770;770;430;3;USA;;;;;;915.772.4616;;;;;;;3
769;769;429;2;CANADA;ONTARIO;;1500 AIRPORT RD, NORTH BAY;P0H 1P0;;705.476.1750 EXT 254;;;;USES ILS;;;3
768;768;428;3;USA FL;;;;;;305.359.8043;;;;;;;3
767;767;420;2;USA IL;;;;;;312.838.8100;;7;3;;;;3
765;765;415;1;USA HI;gloucester;;;;;;;;;;;;3
764;764;414;3;USA TX;;;;;;817.625.7050;;;;;;;3
763;763;413;3;Canada;;;;;;807.737.3473;;;;;;;3
762;762;412;3;USA;;;;;;214.387.4448;;;;;;;3
761;761;411;3;USA FL;;;;;;305.871.0272/1200;;;;;;;3
760;760;410;3;USA AZ;;;;;;602.638.2463/07;;;;;;;3
759;759;409;3;USA;;;;;;702.798.6666/736.7222;;;;;;;3
758;758;408;3;USA;;;;;;313.457.1730;;;;;;;3
757;757;397;3;USA;;;;;;606.283.2232;;;;;;;3
756;756;396;3;USA;;;;;;406.248.1541;;;;;;;3
755;755;395;3;USA TX;;;;;;512.929.6706;;;;;;;3
754;754;391;3;USA;;;;;;406.245.9449;;;;;;;3
753;753;388;2;USA;;;;;;602.267.1995;;;17;CRJ200 operated by MESA A/L and CRJ700 by Freedom A/L;;;3
752;752;387;2;USA;;;;;;1-918-2923307;;;17;;;;3
751;751;382;3;USA;MILWAUKEE, WI;;4984 South Howell ST;53207;;414.482.1711;;;;;;;3
750;750;377;2;Luxembourg;Luxembourg;;Serv. Techn. Aeroport de Luxembourg;L-2987;;352.4798.2311;;;3;Fokker 50;LU 11868245;;3
749;749;373;2;Argentina;;;;;;54.1.812.0953;;;;out of business;;;3
748;748;372;12;Argentina;Cap Federal,bs as;;Aeroparque Jorge Newbery;1425;;54.343.4260 934;;;;;;;3
747;747;360;2;Norway;;;;;;47.22.736500;;7;6;;;;3
746;746;358;3;Norway;;;;;;47.6753.0900;;;;;;;3
745;745;357;2;Norway;Avaldsnes;;P.O.B 163, Haugesund  Airport Karmoy;N-4262;;47-52 84 85 15;;6;;out of business;980 645 575;;3
744;744;1418;3;UK;London;;2 lansdowne Row, suit 290;W1X 8HL;;44 20-7628-6266;;;;Closed;GB 766 0010 57;01-sept-00;9
743;743;1417;3;USA;Cedar Rapids;IA;2121 North Towne Ln Ne -;IA 52402;;1 319 393 9727;;;;;;31-août-00;3
742;742;1416;3;USA;;FL;;33813;;863-647-2469;;;;;;24-août-00;3
741;741;1415;3;UK;hertfordshire;;Unit 2 twyford rd, bishops stortford;cm23 3lj;;44-127-946-6263;;;;;;18-août-00;3
740;740;1153;1;USA;Holtsville,;N.Y;100 Corporate Drive;11742;;516-222-9000;;4;;FR customer;;20-janv-99;3
739;739;1152;5;France;Toulouse Cedex 1;BP10611;"5 Rue Paul Mesplé
Parc Technologique de Basso Cambo";31106;33 5 34 61 28 28;33 5 62 11 17 17;www.sinters.fr;5;6;Accord avec ATR;FR 51 489 855 445;24-déc-98;3
738;738;1151;1;France;BONDOUFLE;;32 Bis Rue Gutenberg, ZI La Mariniere;91919;01 69 91 49 51;01 69 91 49 50;;;;COMPOSITE;;21-déc-98;3
737;737;1150;3;GERMANY;;;;;;49-403-892-983;;;;;;02-déc-98;3
736;736;1149;5;NETHERLAND;RIJSWIJK;;P.O Box 5952;2280 HZ;;31-172-449714;;4;;FR customer;NL807586870B01;26-nov-98;3
735;735;1148;2;GERMANY;Frankfurt;;An der Sandelmuhle 13;D-60439;;49-69-5805-1249;;4;;;;19-nov-98;3
734;734;1147;3;SUISSE;GENEVE;GENEVE 15;AEROPORT DE GENEVE COINTRIN   DPU136;CH1215;;41-22-710-4426;;;;;;19-nov-98;3
733;733;1095;6;FRANCE;velizy villacoublay;;17 RUE DE CLICHY;93584;;01-49-18-34-78 / 60 STANDARD;;4;;;;01-juil-98;3
732;732;1094;3;CANADA;MISSESSAUGA;ONTORIO;7331 BRAMALEA DRIVE UNIT 4 & 5;L5S 1C5;;905 672 5230;;;;trade with AJW, RF Saywell, The Spec Bulb Co;;30-juin-98;3
731;731;1093;3;UK;crawley, sussex;;2 Stockwell Centre, Stephenson Way,3 bridges;RH10 1TN;;44 1293 403747;;;;;GB 479 656 872;30-juin-98;3
730;730;1092;10;SWEDEN;BROMMA;;Hangar 4, Bromma Airport;S-168 67;;46 8-566 190 41;;;7;;SE 556148810601;25-juin-98;3
729;729;1091;5;Germany;AICHACH;;ROBERT- BOSH STR. 4;86551;;49 8251 87570;www.afs-aichach.co;1;;;;25-juin-98;3
728;728;1090;3;ENGLAND;;;;;;44 1293 789 747;;;;;;25-juin-98;3
727;727;1089;6;U.S.A.;AUSTIN;TEXAS;817 W. HOWARD LANE;78753;;954-497-0100;;;;;;25-juin-98;3
726;726;1088;12;ITALY;TRAPANI;;TRAPANI BIRGI AIRPORT;91100;;39 0923 84 26 50;;;;;IT 01827350818;24-juin-98;3
725;725;1087;6;Switzerland;WALDENBURG;;HAUPTSTRASS 85;CH-4437;;41 619 65 2222;;5;;"Distributer is Satori
do not sell directly
2x N.C (Voire 4, 22)";;23-juin-98;3
724;724;1086;6;FRANCE;BRIGNAIS;;ROUTE D'IRIGNY B.P. 32;69530;;04 72 31 98 10;;5;;JAA Not Sign (NC105);;23-juin-98;3
723;723;1085;3;U.S.A.;Mineapolis;MN;INT'L Airport 3800 East 70 ST STREET;55450-1178;;612 726 8918;;;;;;19-juin-98;3
722;722;1084;3;;;;;;;;;;;;;16-juin-98;3
721;721;1083;1;USA;DALLAS;TX;8350 DENTON DRIVE;75235;;972 647 7321;;;4;http://www.txiaviation.com/ All access inventory on Partsbase;;11-juin-98;3
720;720;1082;10;FR;ORLY;;Hangar 12, 2 av. de Fontainebleau;94230;;01.4975.2181;;7;14;http://www.europe-aviation.net/;;09-juin-98;3
719;719;1081;2;ENGLAND;Farnborough;Hampshire;Unit B9, Armstrong Mall;GU14 0NR;;44 238 0621 343 / 300 AOG;;4;;;;03-juin-98;3
718;718;1096;6;FRANCE;BLAGNAC;;10 Pl. M. Dassault, ZAC du grand Noble BP30053;31700;;05 61 30 92 48;;4;;;FR05710802547;01-juil-98;3
717;717;1080;2;New Zealand;Cnr Orchard & Perimeter Roads;CHRISTCHURCH;Inwards Goods - Christchurch Intl Airport;8544;;64-3-374-7679;;10;3;"Do Not Add Bank/SHIPP Fees / ILS Co
make all level of checks on A320 and ATR";;28-mai-98;3
716;716;1062;3;Netherlands;Hoofddorp;;Hoeksteen 153;NL-2132 MX;;00 31 2 0316 0205;;;;;;09-avr-98;3
715;715;1061;6;ENGLAND;HOUNSLOW;;TAMIAN WAY, GREEN LANE;TW4 6BL;;44 208 572 0321 post 210;;5;;;GB 409-8917-15;09-avr-98;3
714;714;1060;3;FRANCE;LE BOURGET;;1150 Avenue de l'Europe;93350;;01 48 35 92 59;;;;;;08-avr-98;3
713;713;1059;3;ROMA / ITALY;Ciampino;;Aeroporto Ciampino Ovest, Hangar 126/B;00040;;39 06 79 34 06 01 / 06-5052-43;;;;use also Atlantic Aviation name;IT 0137 985 1007;08-avr-98;3
711;711;1057;6;FRANCE;MASSY;;15 RUE LOUIS MICHEL;78 200;;01-6919-6831;;4;;"MIN PO : 460 €; A ETE RACHETE PAR INTERTECHNIQUE POUR TOUT L'OXYGENE";;06-avr-98;3
710;710;1056;3;;;;;;;203.597.6900;;;;;;03-avr-98;3
709;709;1018;1;USA;LINCOLN;NE;POBOX81887, LINCOLN AIRPORT;68501;;1-402-479.1577;;5;4;;;12-janv-98;2
708;708;1017;5;USA;Bohemia;NY;80 Orville Dr. P.O.BOX  231;11716-0231;;1-631-589-3393;;5;;;;10-janv-98;3
707;707;1016;6;FRANCE;PARIS CDX 20;;129 BLVD DAVOUT BP 113;75960;;0164866924;;4;;;;08-janv-98;3
706;706;1015;6;FR;VELIZY;;B.P 10;78142;;01.46.29. 85 02;;4;;;;07-janv-98;3
705;705;1014;5;DK;Kastrup;;AMAGER LANDEVEJ 147A;DK-2770;;45.32.47.02.18;;4;;3x N.C (Voire 16,23, 100) Doc Problem;DK 18691671;06-janv-98;3
704;704;1013;6;France;CHARTRES;;40 bis, av. d'Orleans BP 857;28001;;02-37-28-61-28;;;;;;05-janv-98;3
703;703;1012;1;France;GONESSE;Cedex;1 Boulevard du 19 mars 1962;95503;;01.49.34.53.07 / 77 / 06;www.seca.eads.net;5;;Sogerma group;FR42410673081;05-janv-98;3
702;702;1010;6;;;;;;;01 49 93 19 18;;5;;;;02-janv-98;3
701;701;1009;3;USA;GRAPEVINE;TX;1060 E. NORTHWEST HWY.;76501;;;;;;;;30-déc-97;3
700;700;1008;3;USA;MT. JULIET;TN;5005 MARKET PLACE;37122;;1-615-7585005;;;;;;24-déc-97;3
699;699;1007;5;FRANCE;PARIS;;68 CHAMPS-ELYSEES;;;01.45.61.50.00;;;;;;22-déc-97;3
698;698;1006;6;FRANCE;Amiens- Cedex02;;10 Rue ROGER DUMOULIN;80084;;03.22.54.46.36;www.caebonelorraine.com;4;;New name company:MERSEN;;19-déc-97;3
697;697;1005;1;GERMANY;RAUNHEIM AM MAIN;;Frankfurter Strasse 41-65;65475;;49-6142-405361;;;;propulation;;15-déc-97;3
696;696;1004;10;FRANCE;DINARD CEDEX;;Aeroport de Dinard - Pleurtuit- BP 124;35801;02.99.82.73.24;02.99.82.73.40;ex LAB-TAT Ind.;11;6;FR customer ,Have Problems With Cert To CHK-  , Wrong STOCK Info- be carefull when Quoting;FR 53 328 905 997;15-déc-97;2
695;695;1003;3;USA;CINCINNATI;OHIO;3064 COLERAIN Ave.;45225;;513.8.53.44.42;;;;;;14-déc-97;3
694;694;1002;6;FRANCE;Paris;;174/178 QUAI DE JEMMAPES;75010;;01.53.38.98.98;;4;;Pay only W/T;;12-déc-97;3
693;693;1001;3;;;;;;;;;;;;;09-déc-97;3
692;692;1000;6;FRANCE;LE BOURGET;;BAT 407 AEROPORT DU BOURGET;93350;;01.49 34.22 00/61/73;;4;;;;08-déc-97;3
691;691;314587450;3;USA;;;;;;1-212-725-3083;;;;;;23-janv-02;3
690;690;312053657;3;UK;east yorkshire;;18 Southfield, East Yorkshire;HU13 0EX;;44-1482-222-422;;;;;GB 721 4165 66;13-août-01;3
689;689;299910631;3;;;;;;;818-764-3910;;;;;;25-mai-01;3
688;688;298462507;3;FR;Orly;;;;;01 48 52 15 15;;;;;;14-oct-02;3
687;687;290873508;3;usa;guthrie;ok;5818 cimarron manor;73044;;405-282-7707;;;;;;02-oct-02;3
686;686;282443457;3;;;;;;;44-1234-217-779;;;;;;07-févr-02;3
685;685;277710355;3;;Herefordshire;;;;;441989566765;;;;;;18-oct-02;3
684;684;272465536;2;USA;;;;;;1-410-391-1445 Ex 3434;;;;;;19-déc-02;3
683;683;265518515;3;;;;;;;865-379-1122;;;;;;04-avr-02;3
682;682;255739054;3;USA;Greensboro;NC;200 N. Raleigh St;27401;;336-379-0900;;;;Bought stock of A300 from Philippe, Olympic and PIA;;14-juin-01;3
681;681;244811894;3;Denmark;Roskilde;;Hangar H1, Roskilde Airport;DK-4000;;45-4619-1219;;;;;DK 13239444;08-avr-02;3
680;680;239424030;3;UK;Staffordshire;;Aviation House, London Road, Shirleywich;ST18 0PN;;44-1889-271-777;;;;;GB 669 896 641;07-août-02;3
679;679;217288398;3;;;;;;;9716-5642265;;;;;;09-août-02;3
678;678;216395854;1;USA;Miami Springs;FL;665 Mokena drv # 104;33166;;305-887-5600;;;;;;14-févr-02;3
677;677;190216932;3;UK;;;;;;44-1273-495-797;;;;;;21-nov-01;3
676;676;182157735;3;UK;Southend/Sea;Essex;57 Tailors Court;SS2 5SX;;44-1702-600-316;;;;Agent australia, Nepal,;GB 420 6151 00;09-mai-01;3
675;675;176633239;3;England;Pildown Nr. Uckfield;East Sussex;Gatwick Avi° Prod. & Svcs. Unit 1 Ashgrove Farm;TN22 3XN;;441825721210;;6;;;;06-nov-02;3
674;674;174281784;3;;;;;;;615-444-0966;;;;;;04-févr-02;3
673;673;169124748;12;new zealand;nelson;;Hangar 5, trent drive, nelson airport pob7022;;;64-3-547-8317;;;;STOP DOING BUISENESS;;19-nov-02;3
672;672;168782071;3;;;NY;;11559;;516-371-4539;;;;;;17-mai-02;3
671;671;150492028;9;USA;Miami;FL;2284-86 NW 82nd Avenue;33122-1509;;305-471-0444;;4;;To Fax Ship Instruction along with AWB with Every Order. Have ship consul to Casco;EIN #: 65-0172767;05-déc-02;3
670;670;141367910;3;fr;flourens;;z.i. de flourens;31130;;05 6183 6035;;;;;;12-juin-02;3
669;669;136731354;3;Yugoslavia;Belgrade;;;;;381113116956;;;;;;24-oct-02;3
668;668;136560585;3;Spain;;;;;;;;;;;;11-févr-02;3
667;667;1235;6;UK;Coventry;;HOLBROOK LANE;CV6 4AA;;44 2476 668 709 / 631;;4;;Send units to: Dunlop Aerospace Services, Goods in 2 Holbrook Lane Coventry;44.1203.666.655;07-mai-99;3
666;666;1234;3;UK;NEW MALDEN;SURREY;251 Burlington road;KT3 4NE;;44-20-8949-0054;;;;;GB 217 601 586;06-mai-99;3
665;665;1233;3;Sweden;LINKOPING;;BOX 13100;58013;;46-13-231-765;;;;;46-70-564-6281;30-avr-99;3
664;664;1232;1;USA;;NC;;;;1-336-776-6020;;;;parts for sales http://www.piedmontaviation.com/propsforsale.htm;;29-avr-99;3
663;663;1231;3;France;argenteuil;;14 rue de la procession;95100;;01-3981-2299;;;;;;27-avr-99;3
662;662;1230;1;USA;LITTLE FERRY;NJ;100 RISER ROAD,;07643;;1-201-440-4800;;5;4;-;;22-avr-99;3
661;661;1229;3;;Courtaboeuf Cedex;;za de courtaboeuf - 4 rue de Mayotte;91955;;01-6092-3810;;;;;;21-avr-99;3
660;660;1228;1;;;;;;;1-800-527-3019;;;;;;20-avr-99;3
659;659;1227;2;suisse;;;;;;;;;6;;;19-avr-99;3
658;658;1226;3;USA;MIAMI;FL;12969 SW 132ND COURT;33186;;305-229-1144;;;;;;13-avr-99;3
657;657;1225;3;USA;PEACHTREE;GEORGIA;1130 DIVIDEND COURT;30269;;770-631-1961;;;;;;06-avr-99;3
656;656;1224;3;;;;;;;65-271-6863;;;;;;25-mars-99;3
655;655;1223;3;France;cergy pontoise cdx;;BD DE L'OISE;95006;;01-3031-6161;;;;;;24-mars-99;3
654;654;1222;6;France;NOISY LE GRAND;;Bat A 440 - BP 1112;93194;;01-4304-9876;;4;;;;24-mars-99;3
653;653;1221;3;France;LOGNES;;19 rue des Campanules;77185;;01-6411-8341;;;;;;24-mars-99;3
652;652;1220;6;France;ANTONY Cedex;;4 rue Henri Poincare;92167;;01-46-66-08-08;;5;;;01-55-59-09-65;23-mars-99;3
651;651;1219;1;;;;;;214-337-5569;214,330,7214;;;;;;19-mars-99;3
650;650;1218;6;UK;Birmingham;;Oscar house,Wharfdale rd,tyseley;B11 2DG;;44-2476-294-226;;5;;;;19-mars-99;3
649;649;1217;6;France;VALENCE;;2 Rue du DOCTEUR ABEL;26902;;04-7544-8844 / 0825 333 350 rf;;;;;;18-mars-99;3
648;648;1216;3;France;ZI NORD - BP 1561;AMIENS cdx 02;Dept Joints - Rue Andre Durouchez;80015;;03-2252-6035;;;;;03-4471-6193;18-mars-99;3
647;647;1196;6;USA;Grand Prairie;Texas;2701 Forum;75052;;972 314 3604;;4;;;;19-févr-99;3
646;646;1311;3;UK;Vale of glamorgan;wales;Unit 11A, Vale Business Park, Llandow,;CF71 7PF;;44-144-677-1768;;;;;GB 736 807 706;07-oct-99;3
645;645;1310;3;;MIAMI SPRING;FL;316 PAYNE DRIVE;33166;;1-305-882-1088;;;;;;07-oct-99;3
644;644;1309;6;germany;heiligenhaus;;hoeseler strasse 40;42579;;49-2056 913 130;;;;;;04-oct-99;3
643;643;1308;6;France;Blagnac Cedex;;1, alle Pierre-Nadot;31712;;;;7;6;;;24-sept-99;9
642;642;1307;6;USA;sylmar;CA;13955 balboa blvd;91342;818-365-6809;818-361-3366 Ext 257;-;4;;-;;23-sept-99;3
641;641;1306;3;;;;;;;44,1753-682-654;;;;order for six EMBRAER 170s;;21-sept-99;3
640;640;1305;1;France;MARCOUSSES;;Z.I DU FOND DES PRES;91460;;01-6901-4174;;;;;FR 40-315029496;21-sept-99;3
639;639;1304;1;France;les pennes mirabeau;;la voilerie n° 6 - 711 chemin de velaux;13170;;04-4246-9920;;4;;"JAR145 No F-439; Liquidation judiciaire";;21-sept-99;3
638;638;991654425;3;UK;Dorset;;;;;44-1202-894-290;;;;;;04-juin-01;3
637;637;991127849;3;UK;Dunstable, Bedfordshire;;104 Great Northern Road;LU5 4BT;;44-1582-606-303;;;;;GB751812341;29-mai-01;3
636;636;19831667;3;;;;;;;714-779-3766;;;;;;20-juin-01;3
635;635;16700074;3;UK;West Sussex;;;RH20 1AQ;;;;;;;;19-sept-01;3
634;634;15478678;3;;;;;;;310-216-7096;;;;;;27-juin-02;3
633;633;4567306;1;UK;Middlesex;Southall Lane;3 Square One Heathrow;UB2 5NH;44 20 8571 2336;44 20 8571 3422;;;;;740 5950 34;24-avr-01;3
632;632;2608517;2;MONTENEGRO;;;;;;381 81 23 06 41;;7;3;;;28-mai-01;3
631;631;1644;3;;;;;;;732-617-8225;;;;;;13-avr-01;3
630;630;1643;3;USA;Los Angeles;CA;18321 Ventura Blvd  Suite 400;91356;818-881-9525;818-881-8911;;;;from web site cstomer: Xinjiang, DAT, First, Jet A/W, PIA, TACA, TOTAL, West Air,;;13-avr-01;3
629;629;1642;3;DK;;;;;;45 3232 3551;;;;;;12-avr-01;3
628;628;1641;6;France;Le Bourget cdx;;Bât. 66 -BP 151;93352;;01-4862-7300;;4;;SATORI TRADING AS COBHAM MRO;FR70 418 425 492;11-avr-01;3
627;627;1640;3;USA;Inglewood;CA;10402 S La Cienega Blvd;90304;;310-649-6197;;9;;office in Brazil;;11-avr-01;3
626;626;1639;2;Kazakhstan;;;;;;;;7;7;;;10-avr-01;3
625;625;1638;3;USA;;;;;;1 949 369 8888;;;;;;10-avr-01;3
624;624;1637;3;USA;;;;;;1-816-246-8400;;;;;;09-avr-01;3
623;623;1635;3;ISRAEL;;;;;;972 3 677 15 17;;;;;;09-avr-01;3
622;622;1634;3;SWEDEN;306 61 Norrkoping;;svarmaregatan 1;;46-11-148029;46-11-148030;;;;;SE556458162601;09-avr-01;3
621;621;1633;3;SPAIN;MADRID;;;28042;;34 91 746 22 15;;;;;;06-avr-01;3
620;620;1632;3;USA;RIDGEFIELD;CT;139 ETHAN ALLEN HWY;06877;;1 203 544 8301;;;;;;06-avr-01;3
619;619;1631;3;USA;COCONUT CREEK;FL;6601 LYONS ROAD, Building C-11;33073;;1 954 421 2510;;;;;;05-avr-01;3
618;618;1630;3;USA;Lake Forest;CA;1 Capital;92630;;1 949 586 7558;;;;;;05-avr-01;3
617;617;1629;12;BELGIUM;BRUSSELS;;2E Straat Hangar 6 -  Zaventum Airport;;;31 23 5555 642;;;;See other;;05-avr-01;3
616;616;1628;2;France;;;;;;05 62 32 92 00 / 66 53;;7;14;;;05-avr-01;3
615;615;1627;3;Germany;Moenchenglabach;;Flughafen - Halle 4;41066;;49 2161 99456-0;;;;;DE120584899;05-avr-01;3
614;614;1626;3;;;;;;;1 909 736 4690;;;;;;04-avr-01;3
613;613;354;3;Japan;;;;;;81.297.621271;;;;;;;3
612;612;353;2;Japan;;;;;;81.98.858.9664;;;;;;;3
611;611;352;3;Japan;;;;;;81.568.285405;;;;;;;3
610;610;351;3;Japan;;;;;;81.957.537111;;;;;;;3
609;609;350;3;Japan;;;;;;81.3.3591.6361;;;;;;;3
608;608;349;3;Japan;;;;;;81.98.857.2112;;;;see Jalux for Surplus sépares;;;3
607;607;348;2;Japan;;;;;;81.995.582151;;7;3;;;;3
606;606;347;2;Japan;;;;;;81.3.3284.2610/957.521.660;;7;3;Japan Airlines;;;3
605;605;346;2;Canada;;;;;;604.273.8666;;;17;;;;3
604;604;343;2;Italy;;;;;;39.6.7934.0614;;7;7;under contrct wil sabena. Belong to Poste Italiane Group companies;;;3
603;603;342;2;Italy;Olbia , (Sassari);;"Costa Smeralda Airport
Aereoporto Costa Smeralda";07026;;39.789.52.600;http://www.meridiana.it;7;7;;;;3
602;602;-1893701156;3;;;;;;;954-491-6355;;;;;;04-févr-02;3
601;601;-1905473401;3;;;;;;;;;;;;;16-oct-01;3
600;600;-1910096177;3;;;;;;;602-331-9171;;;;;;09-juil-02;3
599;599;-1917793758;3;USA;WICHITA;KANSAS;5201 E, 36TH ST,NORTH;67220;;316 - 686-7392;;;;;;14-févr-02;3
598;598;-1939586558;3;Malaysia;Subang Jaya;;;;;60-3-8023-1122;;;;and office in the USA, Dallas TX;;18-juin-02;3
597;597;-1943524899;6;;Hants,;;Abbey Park -Southampton Road-Titchfield, Fareham;PO14 4QA;;44-1329-853-000;;5;;;;27-juin-02;3
596;596;-1949127115;1;;;;;;;972-393-57-330;;;;;;20-juin-02;3
595;595;-1954615091;3;GERMANY;FRECHEN;;Hasenweide 146;50226;;49 2234 274874;;;;;DE 811 553 632;02-mai-01;3
594;594;-1966015187;3;IRLAND;;;;;;353-1-4580-895;;;;;;08-août-01;3
593;593;-1967036351;3;;CHINO;CA;;91710;;909-590-4889;;;;;;31-juil-01;3
592;592;-1974360808;3;BRAZIL;Carapicuíba;SP;Rua Fortunato Grilenzone, 417 - Helipark;06333-230;+55-11-4146-9915;+55-11-4146-1313;www.realbrasil.com.br;;;we are interest in B737, ATR42, F100 Fokker and Airbus parts - www.realbrasil.com.br;;13-nov-02;9
591;591;-1978613980;2;Italy;saint christophe;(ao);ufficio tecnico,Località aeroporto;11020;;39-0165-303308;;;17;closed;IT 00497790071;06-sept-02;3
590;590;-1982474311;3;;;FL;;33026;;954-430-2981;;;;;;24-oct-01;3
588;588;-2003211741;3;IR;shannon;;10B Knockbeg point, shannon airport;;;353-61475363;;;;;;28-déc-01;3
587;587;-2026598444;1;USA;MIAMI;FL;12223 S.W. 131 AVENUE;33186;;305-256-1626;;;;;;14-févr-02;3
586;586;-2028904583;6;usa;cleveland;oh;4223 montitello blvd;44121;;216-289-8900;;;;Machine shop Do not sent parts here;;07-mai-02;9
585;585;-2044823338;3;UK;;;;;;44-20-8890-4874;;;;;;25-sept-02;3
584;584;-2050686769;3;;;;;;;909-405-1546;;;;;;14-févr-02;3
583;583;-2055958108;1;USA;Lee’s Summit;MO;1825-2 SW Market Street;64082;;816-524-7777;;;;;;09-janv-03;3
582;582;-2060529932;1;USA;Ft Lauderdale;FL;5250 N.W 33 rd Ave.;33309;954-497-0190;954 497 0100;;5;;;;16-oct-02;5
581;581;-2077996218;6;Canada;mirabel;Quebec;10000 cargo a-4 st.;J7N 1H3;;514-855-8900;;;;1x N.C (Voire 74) Doc Problem. our customer NO is 25312;;22-juil-02;3
580;580;-2078973606;3;;;;AERO Technical Support;;;817-498-0290;;;;;;03-mai-01;3
579;579;-2081837867;3;usa;valencia;ca;27727 av scott;91355;;1-661-775-7200;;;;Complete 1829 to Aegean, 150ea  NAS6703U3;;02-déc-02;3
578;578;-2093152562;2;Bangladesh;DHAKA;;ABC house - 8 Kemal atoturk av - banani;1213;;88-02-8826-115;;;7;;;07-sept-01;3
577;577;-2109158337;3;;;;;;;214-267-0800;;;;;;18-févr-02;3
576;576;-2114864392;3;;ROMA;;GELBYSON;;;39-06-3630-4761/4941;;;;;;24-août-01;3
575;575;-2118943636;3;USA;;;FIRST WAVE;;;918-622-0007;;;;;;01-avr-02;3
574;574;-2132900280;3;;;;;;;602-685-5821;;;;;;04-déc-02;3
573;573;-2136064826;3;USA;Northvale;NJ;;07647;;201-767-4565;;;;;;07-janv-03;3
572;572;-2136569880;2;Switzerland;Zurich Airport;;Flughofstrasse 58;8058;;41 043 812 06 84;;7;;;;24-sept-02;3
571;571;-1517010802;9;;;;;;;0825 071 071;;4;;;;18-oct-02;3
570;570;-1533251340;3;USA;Miami;FL;;33178;;305-592-7660;;;;;;13-mars-02;3
569;569;-1553374527;3;INDIA;;;;;;91-80-5272147;;;;;;24-sept-02;3
568;568;-1573924337;3;New Zealand;Auckland;;;;;64.9 275.1791;;;;sale Agent for Air New Zealand;;13-sept-02;3
567;567;-1579061886;3;Italy;NAPLES;;"APT ""capodichino"" - naples";84014;39 081 250 80 12;39 081 250 8012;;;;;IT 0605 167 0633;31-janv-02;3
566;566;-1600919507;3;;;;;;;1 425 644 0244;;;;;;10-avr-02;3
565;565;-1602711881;3;USA;;TEXAS;;75209;;1-214-357-4476;;;;;;24-avr-01;3
564;564;-1642746018;3;;;TX;;76012;;817-275-8200;;;;;;10-janv-03;3
563;563;-1645812843;3;;;;;;;305-448-1587;;;;;;08-août-01;3
562;562;-1649213234;10;France;bouguenais cdx;;Maint. Aéronautique - Zone Aéroportuaire;44346;;02 40 13 24 50;;4;6;JAR 145 F-068;FR 02 400 161 501;17-oct-02;2
561;561;-1663714989;3;;;FL;;33186-6572;;305-238-8503;;;;;;27-août-01;3
560;560;-1667912355;3;;MIAMI;FL;;33166;;305-477-0772;;;;;;02-oct-01;3
559;559;-1671158890;6;USA;north Hollywood;CA;12638 saticoy st.;91605;;818-765-8160;www.wkr.com;5;;"www.wkr.com
User Name:  zavissar
Password:  belairex0";;25-juil-02;3
558;558;-1674854726;6;USA;Carson;CA;1500 Glenn Curtiss ST.;90746;;310.684.7000;;;;;;18-nov-02;3
557;557;-1684343983;1;;Miami;FL;;33172-2419;;305-639-3045;;;;;;25-mars-02;3
556;556;-1686182512;2;Colombia;;;;;;57-8-512-9292;;;;;;01-juin-01;3
555;555;-1708647397;7;USA;Urbana;IL;;61802;;217-344-9200;;7;;CRJ Simmulator Co;;17-sept-02;3
554;554;-1709634133;3;USA;Manassas;;;20110;;703-369-0500;;;;;;14-nov-02;3
553;553;1215;3;DE;;;;19720;;302,324,8100;;;;;;16-mars-99;3
552;552;1214;3;;;;;;;;;;;;;16-mars-99;3
551;551;1213;3;;;;;;;01-3054-8196;;;;;;16-mars-99;3
550;550;1212;6;USA;Windsor Locks;CT;1 Hamilton Rd, M.S. 2MGG-HH10;06096;;1-860-654-6851 / 6529 /5734/ 5;;4;;;;15-mars-99;3
549;549;1211;5;FR;AMIENS;;6 allee des Bouleaux;80 000;-;03-2250-0079;-;5;;-;;10-mars-99;3
548;548;1210;3;;;;;;;44,1702,546,737;;;;;;10-mars-99;3
547;547;1209;3;France;CANNES;;6 BD GUYNEMER;06400;;;;;;;04-9259-1140;08-mars-99;3
546;546;1208;6;France;COLOMIERS;;SCAC - Avenue JEAN MONNET, ZAC de GRAMONT;31770;;05-6135-2948;;4;;;FR42410673081;02-mars-99;3
545;545;1127;6;France;St. Jean de la Ruelle;;22 rue des Chaises;45140;;02 38 70 45 41;www.compagnie-deutsch.com;4;;ASK to Wright LOT No on Certificat B.L;;10-sept-98;3
544;544;1126;2;;NANTERRE;;6 RUE DE LENS;92000;;01-41-19-76-30;;5;;;;09-sept-98;3
543;543;1125;6;FRANCE;SARRALBE;;2 RUE GOETHE;57430;;03-87-97-31-21;;5;;;;08-sept-98;3
542;542;1124;3;France;Fontenay le Fleury;;24 RUE LAENNEC;78330;;01-34-60-04-04;;;;Liquidation judiciaire;;03-sept-98;3
541;541;1113;3;FRANCE;PARIS;;77 rue Philippe de Girard;75018;;01-4465-6060;;;;;;07-août-98;3
540;540;1112;3;France;Paris;;5 rue André Danjon;75019;;33 1  48 03 26 09;SIRET 410 673 081 00031;;;we are in the Supply Chain Business and supply to ATR operators/Repair stations;FR 42410673081;06-août-98;3
539;539;1111;3;USA;Hiawatha;IA;2050 progress drive;52233;;319-294-3333;;5;;;;05-août-98;3
538;538;1034231460;3;USA;;;;;;805-389-8944;;;;;;10-oct-02;3
537;537;1033628265;3;germany;griesheim;;schôneweibergasse 102;64347;;49-615-5666-710;;;;;;17-janv-03;3
536;536;1033540003;3;;;;;;;786-336-8000;;;;;;02-oct-02;3
535;535;1033456386;3;usa;Van Nuys;ca;16539 saticoy;91406;;818-933-6100;;;;;;01-oct-02;5
534;534;1032849822;1;USA;Miami;FL;2200 North west 84th Avenue;33126;;305-436-5464 EXT 276;;4;6;Groupe air France;;24-sept-02;3
533;533;1032532225;6;;dallas;TX;2830 Merrell Road;75229;;972-536-8400;;;;;;20-sept-02;3
532;532;1032262086;2;Turkey;Antalya;;;;;90 (242) 323-7576;;7;7;;;17-sept-02;3
531;531;1032250867;3;France;;;;75019;;01 4038 6200;;;;;;17-sept-02;3
530;530;1031654610;2;South Africa;Gauteng;;Hangar 201 Lanseria 1748;;27-11-701-3063;27-11-701-3202;info@;5;14;1ea, A/C: ZS-OZX, Lease to Fly540. Said have payment probelms;;10-sept-02;3
529;529;1031556685;2;;;;;;;937-484-2300;;4;;;;09-sept-02;3
528;528;1030723747;3;USA;Chandler;AZ;33 S. 56th St. Suite 2;85226;;480-763-8200;;;;;;30-août-02;3
527;527;1029394831;6;;;CO;;80916;;719-380-0020;;;;;;15-août-02;3
526;526;1029232707;3;Turkey;;;;;;90-212-662-7157;;;;;;13-août-02;3
525;525;1029154272;3;China;;;"NAME AS ""CASI""";;;86-103-9010-49527;;;;;;12-août-02;3
524;524;1028879698;2;Brazil;Bairro Jd. Guanabara;Campinas SP CEP;Av. Brasil, 1394;13073-148;55-19-3716-8202;55-19-37168212;;5;8;Trip and Total Linhas  Aereas are working as a partner. Purchasing is done for both companies.;CNPJ02.428.624/0005-63;09-août-02;3
523;523;1028638109;3;France;bezons;;84/116 rue Salvador allende;95870;;01-3423-3423;;;;Mfg Seals Mastics (PRC, JFM etc)& Adesive;;06-août-02;3
522;522;1028133186;3;;;;;;;305-253-3644;;;;;;31-juil-02;3
521;521;1028097608;12;New Zealand;Christchurch Airport;;c/o Horizon Air Support;;;64-3-358-4252;;6;;STOP doing Buisseness. Company went bankrupt 10/2006;;31-juil-02;3
520;520;1028035929;1;USA;Lincoln;NE;3410 West Mathis Street;68524;1-402-479-4213;1-402-479-4211;;5;4;;;30-juil-02;3
519;519;1027689829;3;;;;;;;44-1256-381-507;;;;P/NO 3800702-1 BOEING 737NG APU, IN THE UK;;26-juil-02;3
518;518;1123;6;;;;;;;49-2941-38 8591;;4;;;;01-sept-98;3
517;517;1122;6;FRANCE;BLAGNAC;;ZONE AVIATION  D'AFFAIRE BAT. 41;31700;-;05-61-16-70-80;-;4;;-;;27-août-98;3
516;516;923;2;Bolivia;Cochabamba;;"Aeropuerto J. Wilsterman Ave. Kyllman 
O - 1691
casilla 132";;;591.42.50.738;http://www.labairlines.com;;;;;;3
515;515;1414;3;USA;MIAMI;FL;5575 NW 36 St.;33166;;305-887-9885;;;;;;17-août-00;3
514;514;1413;3;France;Pinsaguel;;;;05-62206491;05  62 20 66 90;-;;;Dis of Heraeus Sensor;;14-août-00;3
513;513;1412;3;USA;Naples;FL;3313 europa drive suite # M221;34105;;941-352-7995;;;;;;14-août-00;3
512;512;1411;1;Netherlands;TILBURG;;KRANENBERG 2;5047 TR;;31-13-572-8534;;7;;PW100 CAPA;;10-août-00;3
511;511;1410;2;France;RUNGIS cedex;;26 rue de villeneuve-silic BP40193;94563;;01 4512 1721;;11;6;FR customer, Slow Payer do not Exide 10K€. RCS covered by Coface 421 393 208;FR73421393208;09-août-00;2
510;510;1409;3;GERMANY;HAMBURG;;Lademannbogen 128;D-22339;;49 405 380 760;;;;;;08-août-00;3
509;509;1408;1;UK;Portsmouth;;Airport  Service Rd Eng accessory business;PO3 5PJ;;44-23-92-304071;;5;;www.hsaviation.co.uk    www.dallasairmotive.com;;07-août-00;3
508;508;1422;3;;;;;;;01 48 62 15 02 / 26 64;;;;;;12-sept-00;3
507;507;1421;5;s/moder      FR;Schweighouse;;Zone d'activité du Ried;67590;;03 88 07 26 40;;4;;;;11-sept-00;3
506;506;340609315;3;China;Foshan;Guangdong;66 tongji rd.tongji plaza,buil.B suite1501;528000;;86-757-230-2596;;;;;;01-août-02;3
505;505;339700911;12;Germany;Moenchengladbach;;Flughafenstrasse 81;41066;;49 2161 6699-650;;;;out of business;DE 132 495 130;07-juin-01;3
503;503;2136405040;3;USA;Lewisville;TX;1800 Waters Ridge Drive, Suite 400;75057;972-353-3923;972-353-3933;-;8;;-;;;3
502;502;2136405038;2;USA;Bensenville;IL;C/O Jet-X 400Nyork RD.;60106;;602-685-4000;;7;;Operate for America West anf US airways;;;3
501;501;2136405037;3;;;AZ;;85710;;1520-881-2171;;;;;;;3
500;500;2136405036;2;United Arab Emirates;Arab Tower;Abu Dhabi;Sheikh Hamdan Street, 4th Floor, Office 403;;971-2-6744055;971-2-6744044;;7;7;;;;3
499;499;2136405035;1;France;Miami;;;;;;;;;;;;3
498;498;2136405034;3;;NY;;;;;631-227-3002;;;;;;;3
497;497;2136405033;3;uSA;;CA;1802 eastman suite 113 ventura;;;;;7;;office in Austalia;;;3
496;496;2136405032;3;;;;;;;310-338-5445;;;;;;;3
495;495;2136405031;3;;Miami;FL;;33131;;305-579-2340;;;;;;;3
494;494;2136405030;3;Canada;St Laurant;Quebec;;;;514-739-1424;;;;CRJ;;;3
493;493;2136405029;10;;ABU DHABI;;;;;;;7;;"A320 / A340 /B767
 /B767";;;3
492;492;2136405028;10;USA;;;;;;650-634-4452;;;7;;;;3
491;491;2136405027;2;SPAIN;Madrid;;Ingeniero Torres Quevedo 14, Pologono Fin de Semana;28022;;34 (91) 748 0760;;10;3;Swift Global Logistics is 100% Swiftair, 2 seperate company.  Have contract with LAB;ES B-85074870;;3
490;490;2136405026;3;Germany;;;Flugplatz Altenburg-Nobitz;;;;;;;;;;3
489;489;2136405025;2;USA;Hanger # 5;Baltimore;Calif.Microwave Syst. 701Wilson Point Road;MD 21220;;;;4;;;;;3
488;488;2136405024;3;;;CA;;94501;;1510-263-1618;;;;;;;3
487;487;2136405023;3;USA;Belcamp;;Calif. Microwave. Sys. 1362 Brass Mill Road.;MD 21017;;410-272-2228;;;;;;;3
486;486;2136405022;1;Germany;Mönchengladbach;;Flughafenstrasse 31;D-41066;;;;;;Same company as RAS Rheinland Air SerVice,;DE 177 799 890;;3
485;485;2136405021;3;USA;;;;;;425-823-8577;;;;Office in Tunisia and France;;;3
484;484;2136405020;3;;Phoenix;AZ;;85040;;602-243-0757;;;;;;;3
483;483;2136405019;10;Singapore;;;;;;65-6380-640;;;4;;;;3
481;481;2136405013;3;;New York;;;11767;;631 724 8919;;;;Small CRJ Lot;;;3
480;480;2136405012;2;Germany;;;;;;49-68-93-83-360;;;17;DHC8, DO328, EMB145;;;3
479;479;2136405011;3;USA;Portsmouth;NH;Pease Intl Tradeport 68, New hampshire Ave.;NH 03 801;;;;;;1x N.C (Voire 86) Doc Problem;;;3
478;478;2136405010;3;;;IL;;62025;;1618-692-1235;;;;;;;3
477;477;2136405009;3;USA;;FL;;;;954-970-9919;;;;;;;3
476;476;2136405008;12;INDIA;New Delhi;;3rd Floor, Dr Gopaldas Bhawan  28, Barakhamba Road - Connaught Place;110 001;;+91-11-2565-4475;;6;3;Dangerous - Bad payer.New name JetLite, the low cost carrier of Jet Airways.;;;3
475;475;2136405007;2;CHINA;Shenyang;;Taoxian Airport;;;862489392841;;;;;;;3
474;474;2136405006;3;;;;;;;352-527-1093;;;;;;;3
473;473;2136405005;5;France;ST NOM LA BRETECHE;BP 99;4, rue de la Procession;78860;01 30 80 45 00;01 30 80 43 40;;;;;;;3
472;472;2136405004;3;USA;;;;;;818-898-2200;;;;;;;3
471;471;2136405003;8;Netherlands;;;;;;;;7;3;;;;3
470;470;2136405002;3;;;;;;;49-26-55-9413110;;;;;;;3
469;469;2136405001;2;TAHITI;FAAA;;BP6806;98702;;;;;14;;;;3
468;468;2136404909;1;Denmark;;;;;;45-32-514222;;5;;;;;3
467;467;2136404908;1;Morocco;;;;;;212-22-53-69-22;;;14;;;;3
466;466;2136404907;6;fr;Le Plessis Trevise;;28 av clara - bp 104;94420;;01-4576-5378;www.industria.fr;5;;;;;3
465;465;2136404906;3;;BRUCE CULBERTSON;CA;3103 EAST ENTREPRISE BREA;92621;;714-524-5520;;;;;;;3
464;464;2136404905;3;Malaysia;;;;;;03-427-02178;;;;;;;3
463;463;2136404904;3;;;WA;;98001;;253-876-1600;;;;2x N.C Grave (Voire 1165) CDG Have Problem to du custom Clearance  on Saterdy Morning -To CHK Befor;;;3
462;462;2136404903;3;;;;;;;714 376 5206;;;;;;;3
460;460;2136404901;6;Canada;St-Laurent;QUE;200 Boulevard Marcel-Laurin;H4M 2L5;;514-744-2811;;4;;;;;3
459;459;2136404900;3;USA;Hiawatha;ia;1450 boyson rd - suite C3-2;52233;319-294-4477;919-294-4465;;;;;;;3
458;458;1480;3;USA;Redmond;;;;4509269008;;;;;;;10-nov-00;3
457;457;1479;3;USA;;;;;;1 937 778 4200;;;;;;10-nov-00;3
456;456;1478;3;USA;Miami;FL;14205 SW 91 ST.;33186;;305-388-5851;;;;;;09-nov-00;3
455;455;1477;3;UK;;;;;;44-1702-466-910;;;;;;07-nov-00;3
454;454;1130461712;1;Australia;Cairns;Qld;Hangar 149, Tom McDonald Drive, Airport;4870;;740359799;;;8;;;14-oct-02;3
453;453;1584;2;France;ATHIS MONS;;Zone des Guyards - 17 rue Hélène Boucher;91200;;01 49 75 45 73;;4;;OEMSERVICES;;21-févr-01;3
452;452;1583;6;USA;BELTESVILLE;MD;11642 OLD BALTIMORE PIKE;20705;301-937-7027;1-301-902-3449/3442;;5;;;;20-févr-01;3
451;451;1582;3;USA;MARATHON, FLORIDA;;8301 OVERSEAS HWY;33050;;1-305-883-9590;;;;;;20-févr-01;3
450;450;1581;3;France;;;;;;05 62 74 51 07;;;;;;19-févr-01;3
449;449;1580;10;SINGAPORE;East Camp;;Building 139, Piccadilly, Seletar Airport;798378;65 6481 1438;65 6481 1080;;7;1;;;19-févr-01;3
448;448;1579;3;;;;;;;01 45 91 04 87;;;;;;19-févr-01;3
447;447;1578;3;USA;Eagan;MN;3225 Neil Armstrong Blvd, Suite 100;55111;;651-994-1600;;4;;Check Cape Air connection. Have purchasing contract with Jetcraft Austrlia;;19-févr-01;3
446;446;1577;1;USA;;FL;1224 industrial blvd;34101;;239-225-0101;;5;4;FR customer;;16-févr-01;3
445;445;1576;9;France;Roissy CDG;;Zone de fret 4, 2 Rue du Te BP 19657;95725;;01 48 16 18 90;;;;;;15-févr-01;3
444;444;1322;3;;;;;;;1292-;;;;;;03-nov-99;3
443;443;1321;1;USA;Centennial;CO;7236 S. Alton Way;80112;303-373-9790;303-371-4305;;5;;;;29-oct-99;3
442;442;1320;1;USA;Ronkonkoma;NY;55 Raynor Avenue;11779;631.981.7706;631.981.7700;;5;;-;;27-oct-99;3
441;441;1319;3;;;;;;;352-355-686;;;;;;25-oct-99;3
440;440;1318;3;ITALY;MILANO;;AEROPORTO MILANO LINATE;;;39-035-4203920;;;;;IT 0108 0450 164;22-oct-99;3
439;439;1317;1;USA;Independence;KS;INDEPENDENCE MUNICIPAL A/P PO Box 684;67301;-;1-620-331-7716;-;;;-;;21-oct-99;5
438;438;1048;3;Irland;;;;;;353.613.69496;;;;;;18-mars-98;3
437;437;1047;1;FRANCE;COLOMIERS;;28 Avenue Clément Ader;31770;;05 61 15 40 22;;;;Smith Indu Aerospace. Also Brokers;;11-mars-98;3
436;436;1046;6;FRANCE;RAMBOUILLET;;14 RUE GUSTAVE EIFFEL;78120;;01 34 57 15 30;;;;;;10-mars-98;3
435;435;1045;6;France;ST MARCEL;;43 rue des pres;27 950;;02.3264.7081 / 78 / 12 / 85;;4;;;FR 47 443 177 233;02-mars-98;3
434;434;1044;6;France;Bourghes;;5 Allee charles pathe;18941;02-486678-11;02-4866-78-13;;4;;;;24-févr-98;3
433;433;1043;12;ITALY;OLBIA;;AEROPORTO OLBIA COSTA SMERALDA;07026;;39.789.645017;;;;;IT 01580380903;23-févr-98;3
432;432;1042;1;FRANCE;EYSINES;;96 rue de Montalieu;33320;;05.5628.6170;;4;;;;23-févr-98;3
431;431;1041;3;USA;DURANT;OK;;74701;;580-9200535;;;;;;17-févr-98;3
430;430;1040;3;USA;NASHVILLE;TN;10 AIRWAYS BLVD;37217;;0800-3270446;;;;;;17-févr-98;3
429;429;1039;3;UK;;;;DE74 2SA;;44.1332.853.750;;;;;;16-févr-98;3
428;428;1038;3;USA;MIAMI;FL;6905 N.W. 25TH STREET;33122;;;;;;;;13-févr-98;3
427;427;1037;6;USA;NEW YORK;NY;200 VARICK ST.;10014;;212.366.0200;;;;;;11-févr-98;3
426;426;1036;3;The Netherlands;HOOFDDORP;;KRUISWEG 705;2132;;31-2065-52223;;;;;;06-févr-98;3
425;425;1035;3;FRANCE;St Malo;;3, rue de la janaie, ZA Yves Burgot;35400;;02 99 19 89 89;;4;6;MBP Trading;FR71409403102;06-févr-98;3
424;424;1034;4;UK;Fordingbridge;Hants;the fairgate centre, burgate;SP6 1LX;44 1425 652 001;44.1425.6522.00;;5;;office in SA;GB 542 064 372;06-févr-98;3
423;423;1033;6;France;Chatellerault Cedex;;Rue Marcel Dassault  B.P. 140;86101;;05.4902 1187 / 10-56;;4;;1x N.C (Voire 83) Trans Problem SERNAM;65612039495;06-févr-98;3
422;422;1032;6;UK;Basingstoke;;Edison Rd;RG21 6QD;44-1256-722-201;44 1256 722 200;;4;;;;05-févr-98;3
421;421;1031;10;NETHERLANDS;hoogerheide;;Aviolandalaan 31,;4631 RP;;31-164-618-603  /  31.20.605.4;;;;BAX Customer account: 72A;;04-févr-98;3
420;420;980;3;Saudia Arebia;;;;;;966-1-465-0989;;;;;;05-janv-97;3
419;419;979;3;Kenya;Nairobi;;Wilson Airport, P.O.Box 30357;;;254-2-501601;;;7;;;20-déc-96;3
418;418;978;3;Germany;;;;;;49-6732-960227;;;;;;12-déc-96;3
416;416;973;12;KENYA;Nairobi;;PO Box 76623 - JKIA - Unit 3;;;254-2-602841/2;;;;;;;3
415;415;957;3;Peru;;;;;;51.14.478.900;;;;;;;3
414;414;954;2;New Caledonia;;;;;;687.28.3333;;7;7;;;;3
413;413;947;3;France;;;;;;4675.1212;;;;;;;3
412;412;940;2;Indonesia;jakarta;;;;;62.21.550.1771/5311;;;7;Also check GMF AeroAsia;;;3
411;411;937;2;Greenland;NUUK;;NUUK AIRPORT P.O.B 1012;DK-3900;;299.328.888 ext.412;;;;;;;3
410;410;934;3;Fiji;;;via G F Ingrassia, 15;;;05 6212 1525/ 05 6171-0086;;;;;;;3
409;409;932;2;Fiji;Suva;;;;;679.314.666;;;17;ceased operations;;;3
408;408;929;3;Denmark;;;;;;45.3232.0000;;;;;;;3
407;407;928;2;Cuba;;;;;;53.7.79.7524;;7;6;AVIAIMPORT Purch Agent;;;3
406;406;891;3;Korea;;;;;;82.2.699.0991;;;;;;21-mai-96;3
405;405;884;2;Cuba;;;;;;53.7.36.775;;7;;;;;3
404;404;875;3;Canada;;;;;;204.783.2333;;;;;;;3
403;403;873;3;Taiwan;;;;;;886.2.745.6760;;;;;;;3
402;402;872;2;China;;;;;;86.29.426.1763/729.8000;;;;;;;3
401;401;870;3;France;;;;;;16.6171.0720;;;;;;;3
400;400;869;3;France;;;;;;4934.6854/53/97;;;;;;;3
399;399;1921741890;3;fr;collegien;;z.a.;77090;;01 6006 9650;;;;;;17-juil-02;3
398;398;1915216808;1;USA;Valencia;CA;25555 ave stanford;91355;;661-295-0670;;5;;;;29-mai-01;3
397;397;1908001361;3;Singapore;;;46 ean kiam place, off east coast rd;429131;;65-345-5335;;;;;;31-janv-02;3
396;396;294;2;Guyane;Matoury;FR;Aéroport de Cayenne Rochambeau;97351;;0594.35.03.00;;5;14;FR customer  Coface Rating X;;;3
395;395;293;2;UK;Paisley;;St Andrews Drive Glasgow Airport;PA32TG;;44.141.889.1311;www.loganair.co.uk/;;;;;;3
394;394;1331;3;USA;MIAMI;FL;4805 NW 79 AVE S # 17;33166;;305-593-5830;;;;ISLENA Airlines / Katz Aviation 305-871-7651, 2892;;07-janv-00;3
393;393;1330;3;USA;miami;fl;12223 SW 132nd Court;33186-6480;;305-254-8500;;;;;;05-janv-00;3
392;392;1329;3;USA;boca raton;FL;645 park of commerce way;33487;;1-561-995-5820;www.volvoaeroservices.com/;;;AERO DIRECT Inc.;;03-janv-00;3
391;391;1328;12;Spain;ojos de garza telde;Canarias;Eduardo Marquina 9, las palmas de gran canaria;35216;;34 928 13 70 24;;;;;ES A384 68 559;27-déc-99;3
390;390;1327;3;UK;Herts;;the Metro centre, St alban rd;al4 9qt;;44-1727-868-293;;;;;;23-déc-99;3
389;389;1326;3;UK;Exeter;;Hangar 21, Exeter Airport, Clyst Honiton;EX5 2BA;;44-139-236-4520      ext 6949;;;;;GB 525 099 439;30-nov-99;3
388;388;1325;5;Ireland;Petersfield, Hampshire;;84 Station Rd., Ramshill;GU31 4AH;;44-173-026-8641;;;;Ask Certified Copy or Original Cert With Evry Order -;;15-nov-99;3
387;387;1324;5;USA;HOUSTON;TX;1105-M UPLAND Dr.;77043;;713-467-0024;;;;;;12-nov-99;3
386;386;1323;10;The Netherlands;Maastricht;;Horsterweg 19, Maastricht Airport;6199 AC;;31-43-358-7926;;5;17;;NL 006 704 736B07;08-nov-99;3
385;385;582;12;Greece;;;;;;30.81.330.074/75/533;;;;;;16-juin-96;3
384;384;575;2;Sweden;;;;;;46-8-59365203;;;3;under Braathens Group;;;3
383;383;574;2;Sweden;;;;;;46.13.37.5500;;7;3;;;;3
382;382;572;2;Sweden;;;;;;46.8.797.0000;;;;;;;3
381;381;571;3;Sweden;;;;;;46.32.320000;;;;;;;3
380;380;568;3;Sweden;;;;;;46.8.687.0190;;;;;;;3
379;379;567;2;Sweden;;;;;;46.40.502.900;;;3;under Braathens Aviation group;;;3
378;378;565;3;Sweden;;;;;;46.495.120.25;;;;;;;3
377;377;563;2;Sweden;ÄNGELHOLM;;Valhall Park Building 234;SE-262 74;;46.510.68.000;;4;7;;SE556228636801;;3
376;376;558;3;Sweden;;;;;;46.680.33000;;;;;46-68012922;;3
375;375;555;2;Philippines;Pasay City;;R-1 Hangar APC Gate 1 Andrews Av, Nichols;1300;;63.2.818.0111;www.philippineair.com;7;;B737 spares. See also Pal Express;;;3
374;374;551;2;Laos;Vientiane;;Wattay International Airport;;;856.21.512001/04;;4;7;;;;3
373;373;2136404967;2;France;Loudes;;Aeroport Le Puy en Velay, F-43320 Loudes;43320;;;;;14;;;;3
372;372;2136404966;3;USA;Miami;FL;6464 NE 4th Court;33138;305 759 0637;305 759 0670;;9;;;;;3
371;371;2136404965;2;Kuwait;Safat;;Po Box 528;13006;;;;;7;;;;3
370;370;2136404964;3;Singapore;;;;;;65-67489577;;;;;;;3
369;369;2136404963;2;Morocco;Casablanca;;41,Avenue des F.A.R, BP12518;20050;;;;5;6;;;;3
368;368;2136404962;6;France;Toulouse;;"Avionics & Simulators Products
Building M65 - Station TIT UM 654";31060;;05-6193-6777;;;7;;;;3
367;367;2136404961;2;Germany;;;;;;;;7;7;;;;3
366;366;2136404960;3;Spain;Madrid;;Avd Europa 8   Coslada;28820;;34 91 660 2400;;;;;;;3
365;365;2136404959;3;Portugal;Lisboa;;Marechal Gomes da Costa 27 A/B - Armazèm - A;1800;;;;;;;;;3
363;363;2136404957;3;SINGAPORE;;;;;;65-67387754;;;;;;;3
362;362;2136404956;3;;;WA;;98001;;253-939-8600;;;;;;;3
361;361;2136404955;3;;;;;;;49-26-3296-430;;;;;;;3
360;360;2136404954;3;;Hamburg;;;22312;;4311;;;7;;;;3
359;359;2136404952;6;United Kingdom;Greenford;Middlesex;417 Bridport Road;UB6 8UE;44 20 8813 4351;44 20 8813 4444;;;;;;;3
358;358;2136404951;3;;St James;NY;195 2nd Street;11780;1 631 584 6507;1 631-584-6500;;;;;;;3
357;357;2136404950;3;USA;Miami,;FL;2450 N.W. 110 Ave  Bay # 2;33172;;305-594-7444;;;;;;;3
356;356;2136404949;2;Spain;Gran Canaria;;Aeropuerto de Gran Canaria, Hangar Islas A/W;;;34 (928) 579762;;5;14;"Send good with invoice and no proforma invoice. Do not use DHL  on AOG's
UK cust";ESA38648770;;3
355;355;2136404948;3;;;;;;;305-888-2227;;;;;;;3
354;354;2136404947;7;The Netherlands;;;P.O. Box 206 - 6190 AE Beek 13 Horsterweg;6199 AC;;31 43 366 45 28;;4;17;;NL 008 349 356B01;;3
353;353;2136404946;12;Italy;CARINI;PA;Via Nazionale, 345;90040;;39-091-867-4146;;;;ATR72 in Jun 03, went bankrupt;VAT: IT04780480820;;3
352;352;2136404945;3;;;CA;;90232;;310-836-9220;;;;;;;3
351;351;2136404944;3;Germany;;;;;;49-2955-748-730;;;;;;;3
350;350;2136404943;2;USA;Pittsburg;PA;;15205;;412-747-1400;;;7;;;;3
349;349;2136404942;3;;Nashville;;;37217;;615-399-6140;;;;;;;3
348;348;2136404940;3;;;;;;;386-785-0747;;;;;;;3
347;347;2136404939;3;England;Inverness;;Sutherland House Inverness Airport;IV2 7JB;;44 1667 462 938;;;;;GB 849 735 083;;3
346;346;2136404938;1;U.K;Essex;;taylors end rd,Stansted airport;cm24 1rb;;44-1279-680030;;7;;;;;3
345;345;2136404992;6;USA;Scottsdale;AZ;PO box 13570;85267-3570;480-998-1435;480-991-0942;;;;ASK batch No on parts Box & Cert;;;3
344;344;2136404991;2;Portugal;;;;;;;;7;7;;;;3
342;342;2136404989;1;SPAIN;PALMA DE MALLORCA;;ACM SERVICE, SL, CARDENAL ROSSEL 182;07007;;;;;;;;;3
340;340;2136404987;6;Germany;Lorch;;Barbarossastr. 8;73547;;;;;;;;;3
339;339;2136404986;3;USA;Agoura Hills;;;91301;;1818-735-8821;;;;;;;3
338;338;2136404985;3;;WALNUT;;;91789;;;;;;;;;3
337;337;2136404984;6;Canada;montreal;quebec;5595 royalmount ave,;H4P 1J9;;514-735-1536;;;;;;;3
336;336;2136404983;1;USA;HIALEAH;FL;1495 S.E 10 TH AVENUE;FL 33010;;305-887-6912;;5;4;-;;;3
335;335;2136404982;2;Italy;;;;;;0039 045 860 1248;;;;;;;3
334;334;2136404981;6;;;;;;;631-563-6400;;4;;;;;3
333;333;2136404980;1;Brazil;;;;;;55-313-492-6446;;7;7;;;;3
332;332;2136404979;3;;;;;;;;;;;;;;3
331;331;2136404978;3;;;;;;;44-1268-570-114;;;;;;;3
330;330;2136404977;1;USA;Anniston;AL;1 Cliff Garrett drive;36202-1110;;256-835-4265;;;;To Confirm BAX Delivery Address  FR not UK with Evry Rep;;;3
329;329;2136404976;12;Italy;;;;;;;;7;;;;;3
328;328;2136404975;10;USA;Myrtle Beach;SC;3301 Mustang Street;29577;;;;7;3;JV with Indaer Colombia;;;3
327;327;2136404974;3;France;Evry Cedex;;ZI Petit Montagne Sud, 6 rue du Velay;91047;;01 69 11 54 90;;;;;;;3
326;326;2136404973;3;USA;;AZ;;;;480-945-2773;;;;;;;3
325;325;2136404972;1;;trelivan;;les champs hues;22100;;02-9639-5728;;;;;;;3
324;324;2136404971;6;USA;Chatsworth;CA;21111 Plummer Street;91311;818.709.0426;818.341.4610;;5;;;;;3
323;323;2136404970;3;;les ulis;;8 Ave de l'atlantique, ZA courtaboeuf;91944;;01-60929075;;;;;;;3
322;322;2136404969;2;Egypt;;;;;;;;;7;;;;3
321;321;2136404968;4;;;;;;;61-7-5571-6700;;;;;;;3
320;320;2136404937;2;Senegal;;;;;;;;7;14;;;;3
319;319;2136404936;2;BR;Belo Horizonte;Minas Gerais;;;;55-31-91736898;;7;3;;;;3
318;318;2136404935;2;Kiribati;Tarawa;;;;;;Airkiribati.admin@tskl.net.ki;7;3;;;;3
317;317;2136404934;2;Ireland;Co. Dublin;;Unit 5A Feltrim Business Park, Feltrim Road, Swords;;;353-1-8121922;;10;3;Air Contractors  part of the Imperial Group & Safair South Africa. Same group ACL of BAC Av;IE 658 784 9U;;5
316;316;2136404933;3;;;;;;;817-460-7842;;;;;;;3
315;315;2136404932;9;France;Colomiers Cedex;;40-42 Avenue Jean-Monnet;31771;;056274-2234;;;;;;;3
314;314;2136404931;3;;;;;;;;;;;;;;3
313;313;2136404930;3;USA;;;;33015;;1305-820-0414;;;;;;;3
312;312;2136404929;3;;MIAMI;;;;;305-234-8966;;;;;;;3
311;311;2136404928;2;Finland;;;;;;09-6151-2850;;;17;;;;3
310;310;2136404927;2;USA;Maiden;NC;3524 Airport Road;28650;828-465-0318;828-464-8741;;4;8;;Federal ID 56-1355585;;3
309;309;2136404925;3;;;;;;;561-278-6477;;;;;;;3
308;308;2136404924;1;USA;Miami;;;33172;;305-715-7099;;;;;;;3
307;307;2136404923;6;USA;Wichita;KS;7227 W. Harry;67209;;1 316 943 9300;;4;;;;;3
306;306;2136404921;3;;;NC;;;;336-346-1164;;;;;;;3
305;305;2136404920;3;;Houston;Texas;;77014;;281-537-2505;;;;;;;3
304;304;2136404919;4;;;CA;;91361;;805-446-2700;;;;;;;3
303;303;2136404918;2;United Kingdom;Glasgow Airport;Paisley;C/O EXECAIR Business Aviation Center;PA3 2RY;;44-1667-462938;;4;3;ATR72 now operated be Air Atlantique - UK;;;3
302;302;2136404917;3;;;;;;;353-86-82-99570;;;;;;;3
301;301;2136404916;3;;;;;;;815-637-3000;http://www.eurotherm.com/;;;;;;3
300;300;2136404914;3;France;;CA;;91504;;323-849-2141;;;;Under Air Parts Int'l Sales;;;3
299;299;2136404913;3;HONG KONG;;;;;;852 2774 2086;;;;;;;3
298;298;2136404912;2;SINGAPORE;SINGAPORE;;A/L HOUSE #8-A, 25 AIRLINE RD.;819829;;;;;7;;;;3
297;297;2136404911;12;UK;Swansea;;Swansea Airport;SA2 7JU;;44-1792-206250;;6;3;stopped using ATR;GB742 082844;;3
296;296;2136404910;2;USA;ST. PAUL;;;;;612-726-0696;;7;7;;;;3
295;295;2136405000;1;;Miami;;;;;305-463-0455;;;;;;;3
294;294;2136404999;3;Singapore;Singapore;Singapore;11, Tampines Street 92;528872;;6567876251;;;;;;;3
293;293;2136404997;6;USA;Seattle;WA;3400 Wallingford Avenue North;98103-9095;206.695.8285;206.695.8112;kruse@avtcorp.com;4;;;;;3
292;292;2136404996;1;USA;Milwaukee;WI;8065 W. Fairlane Ave.;53223;;414-355-3066;;;;;;;3
291;291;2136404995;3;;Tulsa;Oklahoma;6501 East Apache Street;74115;;;;;;;;;3
290;290;2136404994;3;;;;Airparts Co;;;954-739-3575;;;;;;;3
289;289;2136404993;3;Canada;MONTREAL;QUEBEC;1134 STE - CATHERINE STREET W. SUITE 410;H3B 1H4;;1-514- 874-1525;;;;;;;3
288;288;30;2;Ethiopia;Addis Ababa,;;Bole Airport, P.O. Box 1755;;;251.1.81 408;;7;3;;;;3
287;287;28;2;Italy;;;;;;;;;;;;;3
286;286;27;2;SPAIN;APARTADO DE CORREOS 42;LAS PALMAS;"MANTENIMIENTO E INGENIERIA AERONAUTICA DEL ATLANTICO SUR, S.L.
AEROPUERTO DE GRAN CANARIA";35230;;34-928-579655;;12;6;;ES B35980937;;3
285;285;26;2;Spain;Madrid;;c/ Pez Volador n÷5;28007;;;;7;;;;;3
284;284;24;2;Indonesia;;;;;;62.21.655289;;;;http://www.bouraq.com;;;3
283;283;21;2;GERMANY;DORTMUND;;FLUGPLATZ 21;44319;;49-231-9245 7274/73;;4;3;Calls air Contractors in AOG. phasing out our Baes;DE 133 500 868;;3
282;282;20;2;China;;;;;;;;;;;;;3
281;281;17;2;Taiwan;Sung-Shan Airport, Taipei;;Maint' Eng Division, # 340 Dun-Hua North Rd;105;;886.2.8770-2765;;10;7;Outright price only - not interested in ex-change;;;3
280;280;16;2;Botswana;Gaborone;SK4;Maint.facility, Sir Seretse Khama airport;Privatebag;;267.352.812 ext 511;;4;6;;;;3
279;279;15;1;ITALY;Pomigliaru d'Arco;;Viale Impero;80038;;39.11.9913.193/4;;7;3;;;;3
278;278;14;3;Spain;;;;;;34.1.305.5068/523.21.59;;;;;;;3
277;277;11;2;The Netherlands;WS Hoofddorp;;Parellaan 9;2132;;;;;7;USE  NedAero Components B.V.;NL002724340B01;;2
276;276;1;1;France;Bat 1 Cellule 13;;14 rue de la belle borne,bat sogaris;93290;;05 56 55 44 13;;4;;;;;3
275;275;-22360878;3;USA;Chicago;IL;POB 661008;60666-1008;;847-233-5894;;;;-;;19-sept-02;3
274;274;-23587394;3;;;;;;;818-576-1536;;;;;;17-mai-02;3
273;273;-25327608;1;USA;Miami;FL;9371 N.W 100 St.;33178;;305-887-4027;;;4;Doc Problems Ask Cert prior Shippment;;11-déc-02;3
272;272;-39979338;3;France;Dinard Cedex;;Aéro. de Dinard - Pleurtuit St Malo - B.P 90154;35801;;02-9982-9964;;;;use LAB-TAT;FR 53 328 905 997;27-août-01;3
271;271;-40209767;3;;;;;;;714-693-2405;;;;;;02-mai-02;3
270;270;-65086798;1;USA;little ferry;nj;14 riser rd;07643;;201 440 1990;;5;;;;25-juil-01;3
269;269;-75816098;6;Canada;Toronto;ONTARIO;123 Garratt Blvd.;M3K 1Y5;416-375-3334;416-375-3704;;;;our customer NO is 25312;;21-nov-02;2
268;268;-84774457;3;France;;;;;;04-6894-9951;;;;;;29-juil-02;3
267;267;-96721167;6;;;;;;;805-584-4100;;;;"www.wkr.com
User Name:  zavissar
Password:  belairex0";;27-nov-02;3
266;266;-97758462;3;;;;;;;305-824-0031;;;;;;01-mai-01;3
265;265;-100344942;3;USA;Miami;FL;12180 s.w 128th St.;33186;;305-234-2333;;;;ON PO 030418A CN 800 $ CVR U/S;;25-nov-02;3
264;264;-104025540;4;UK;Chichester, W. Sussex;;Unit 2C, Eastmead Ind. Estate Lavant;PO18 0DB;;;;;;;;20-nov-01;3
263;263;-106664311;3;UK;east sussex;;;;;44-1273-813-131;;;;;;21-août-01;3
262;262;-114361454;4;USA;Cary;IL;1160 Alexander CT.;60013;;847-516-3773;;6;;IN Advance Only ! See NC;;04-juin-01;3
261;261;-115701435;3;;Miami;FL;;33172;;305-592-0468;;;;have an office in India (A320 indian Airlines) + Miami and Bangaladesh;;10-juil-01;3
260;260;-122130706;3;;;;;;;01-3988-6355;;;;FIRE EXTING;;31-mai-01;3
259;259;-126715111;1;USA;Titusville;FL;7035 Center Lane;32780;;321-267-1040;;7;;;;06-juin-01;3
258;258;-134079567;3;Germany;;;;;;49-4191-953744;;;;;;27-juil-01;3
257;257;-134773131;3;;;;;;;805-520-6998;;;;;;22-avr-02;3
256;256;-139034260;6;France;CUGNAUX;;z.a. du casque II 17, rue Aristide bergès;31270;;05-6106-7797;;;;tools;FR 03 383 726 759;20-déc-01;3
255;255;-140199635;2;France;Miami;;;;;;;7;7;;;18-sept-01;3
254;254;-142674505;3;;;;;;;61-2-9315-3700;;;;;;15-nov-02;3
253;253;-148141090;3;;;;;;;480-940-1037;;;;;;27-nov-01;3
252;252;-149779509;3;;;MA;;01983;;978-887-0515;;;;;;20-mai-02;3
251;251;-151520111;3;USA;Memphis;TN;3900 willow lake blvd;38118-7040;;901-547-2351;;8;;DO NO INSURE SHIPMENTS;;18-mai-01;3
250;250;-151719876;3;USA;Miramar;FL;3710 Flamingo Road,Miramar;33027;;954-538-2000;;5;;;;21-sept-01;3
249;249;-183699048;1;France;Aubervilliers;;Division Equipements - Batiment 227 - 45, Av. Victor Hugo;93538;01 41 61 53 19;01 4629 8514;;4;;"VL32C11 REPAIR SHOP ADDRESS
NAIMA ALEXANDRE";;28-août-01;12
248;248;-185086588;1;USA;Miami;FL;6985 NW 50th St.;33166;;786-845-0004;;3;;Stop Working with this shop. Same as ARIES SPARES;;22-oct-02;3
247;247;-187953231;3;;;;;;;305-593-9929;;;;;;22-oct-01;3
246;246;-190528157;3;;Le Bourget;;;;;01-4835 413 0 7;;;;;;10-juil-02;3
245;245;-190604134;6;UK;bristol;;169 robin way, chipping sodbury;bs37 6jt;;44-1454-319-017;;;;;;04-mai-01;3
244;244;134758318;3;;;;;;;478-785-0318 ext 233;;;;under ATLANTIC SOUTHEAST AIRLINS;;07-sept-01;3
243;243;134567250;1;USA;Ft. Myers;FL;14111 Jetport Loop;33913;;239-225-0101;;5;4;;;31-mai-02;3
242;242;131218580;4;UK;bucks;;1 haybarn business park,aston abbotts;hp22 4nd;;44-1296-6811-44;;;;;;21-mai-02;3
241;241;115632195;3;USA;Rosedale;NY;One Cross Island Plaza;11422;718-949-9898;718-949-3300;;;;;;14-nov-01;3
240;240;101609173;3;UAE;Dubai;;;;;971-4-299-6255;;;;Farnair owner;;19-mars-02;3
239;239;86787937;3;;;;;;;954-430-3005;;;;;;02-mai-01;3
238;238;79554112;3;;Christchurch;;;;;64-27-246-5414;;;;;;02-sept-02;3
237;237;74415561;3;Germany;;;;;;49-40-532-99-400;;;;;;14-août-02;3
236;236;1551;3;USA;Santa Fee Springs;CA;14106 PONTLAVOY;90670;;562-802-9810;;;;;;18-janv-01;3
235;235;1550;3;USA;Maple Valley;WA;;98038;;425-413-7611;;;;;;18-janv-01;3
234;234;1549;2;Greece;;;2nd Km Paiania & Markopoyloy Ave.;19003;;30-210-3537 110;;7;7;For invoice address see P/O / Rep sent To Aegean Logistics;EL 094 468 339;17-janv-01;3
233;233;1548;3;USA;Issaqhah;WA;8020 Bracken Pl Se Snoqualmie;98065;;425-391-0229;;;;;;17-janv-01;3
232;232;1547;3;USA;;Maryland;;20879;;301-216-9714;;;;;;16-janv-01;3
231;231;1546;3;;;;;;;734-944-6378;;;;;;16-janv-01;3
230;230;1545;2;China;;;;;;86-991-380-1570;;7;3;;;16-janv-01;3
229;229;1544;3;USA;Eagan;MN;;55125;;651-681-9525;;;;;;16-janv-01;3
228;228;1532;3;USA;Ft Lauderdale;;;33309;;954-977-0400;;;;SSA;;03-janv-01;3
227;227;1531;5;Germany;Kaltenkirchen;;kisdorfer weg 36-38;24568;49 4191 809 333;49 4191 809 361;service@itlogistics.de;4;;chemicals, ATR Hardware Dist.;;03-janv-01;3
226;226;1530;3;USA;Glenview;IL;;60025;;847-729-2600;;;;;;03-janv-01;3
225;225;1529;3;;;;;;;44-1702-466 649;;;;;;02-janv-01;3
224;224;1528;3;;;;;;;05-6241-7685;;;;;;02-janv-01;3
223;223;1527;3;USA;Miami;FL;7275 NW 68 ST # 7;33166;;305-871-7651;;;;;;28-déc-00;3
221;221;1525;3;USA;Irvine;CA;55 fairbanks;92618-1603;;949-588-0505 ext 130;;;;Supply ATR parts to several A/L. Mother company in JAPAN;;27-déc-00;3
220;220;1524;3;France;PLEURTUIT;;Aéroport de Dinard St Malo - BP 35;35 730;;02 99 88 22 22;;;;USE SCA Maintenance;;22-déc-00;3
219;219;1523;3;USA;Deerfield Beach;Florida;61 NE 3rd Avenue;33441;;954-725-3535 / F: 37;;;;;;21-déc-00;3
218;218;528;2;Brazil;;;;;;55.21.263.4282;;;;;;;3
217;217;526;2;BRASIL;Vila Olimpia - São Paulo - SP;;Av. Nações Unidas, 10.989 8º andar Conj. Nº 81;04578-000;+55 11 5543 9509;+55 11 5096 3117;pantanal-airlines.com.br;7;7;engenharia@. Purchase Ordres Pantanal Airlines is now under administration by TAM Airlines.;;;3
216;216;506;2;Netherland Anti;;;;;;599.9.338.888;;7;;;;;3
215;215;503;2;Neterland;Postbus;;NL-1117 Schiphol-Oost;7700;;31.20.649.2227;www.klmcityhopper.nl;7;;;;;3
214;214;1543;3;Hong Kong;Kwai Chung;;23/F World paece center, 55 Wo Tong Tsui;;;852-2305-4111;;;;ATR72-210-SN 678;;15-janv-01;3
213;213;1542;3;USA;Norwalk;CT;48 Princes Pine Rd;06850;;203-866-7172;;;;;;12-janv-01;3
212;212;1541;6;US;Phoenix;AZ;1800W Rose Garden;85027;;1 602 436 77 88;;4;6;;;11-janv-01;3
211;211;1540;3;;;;;;;203-866-7172;;;;;;10-janv-01;3
210;210;1539;3;USA;Miami Beach;FL;2699 Collins Ave Ste 113;33140;;305-532-3227;;;;;;09-janv-01;3
209;209;1538;3;;;;;;;407-831-5180;;;;;;09-janv-01;3
208;208;1273;3;essex;Stansted airport;uk;10th AVE., BLDG 130, suite 101-105;CM24 1AF;;44-1279-681401;;;;;GB 573 0366 45;23-juil-99;3
207;207;1272;12;Italy;Rimini;;Corso d`Augusto 115;47900;39-0541-28808/54208;39-0541-351-411;;;;"Need Original Certificate or Certified Copy +Stamp
UK";IT 0237 877 0404;22-juil-99;3
206;206;1271;12;Egypt;giza;;17 Aswan sq. mohandesseen;12311;;202 303 7748;;;;MONA ABO EL HUSSEIN : TEL 202 - 294 6610 or 294 6609;;22-juil-99;3
205;205;1270;2;El Salvador;;;;;;503-3399499;;7;7;5 ATR 320;;22-juil-99;3
204;204;1269;12;Myanmar;;;;;;95-1-665879;;;;http://www.yangonair.com/;;22-juil-99;3
203;203;1268;2;Italy;fiumicino roma;;via ivo olivetti, 3;00054;39 06 650 39133;39 06 650 24182;http://www.air-one.it;;17;also Air One CityLiner;IT 0162 721 0691;22-juil-99;5
202;202;1267;3;Denemark;;;;;;45-75-857400;;;;;;22-juil-99;3
201;201;1266;3;UK;;;;;;44-1224-770222;;;;Doing pruchasing for British World Airlines which have 2 ATR72;;21-juil-99;3
200;200;1265;2;Denmark;Dragor;;Copenhagen Airport South Hangar 302;DK-2791;;45-76-92-30-18;;11;7;;DK 12 65 46 93;21-juil-99;3
199;199;1264;3;Hungary;Debrecen;;Rozsahegy u.17;4028;;36-52-427535;;;;;;15-juil-99;3
198;198;1263;2;Bosnia and Herzegovina;Sarajevo;;Kurta Schorka 36, Sarajevo Airport;71 210;;387-71-456555;;5;7;TURKISH AIRLINES agreed to acquire 49% stake in B&H AIRLINES;;15-juil-99;3
197;197;1262;6;France;;;;;;;;;;;;13-juil-99;3
196;196;1261;10;Danmark;Vamdrup;;Lufthavnsvej 7A;6580;;45 76 92 04 05;;;17;;DK 1175 2446;12-juil-99;3
195;195;1260;3;;;;;;;33-1-48161111;;;;;;09-juil-99;3
194;194;1259;2;Macedonia;Skopje;;Bulevar Partizanski Odredi 17a;91000;;389-91-11 63 33;http://www.mat.com.mk;;3;;;09-juil-99;3
193;193;1258;6;France;Caudebec les Elbeuf;;4 rue Lesage Maille BP 22;76320;;02-32-96-59-08;;4;;http://www.elastomeres.zodiac.com;FR78482605771;06-juil-99;3
192;192;1257;2;Romania;Bucuresti;;"otopeni Intl airport;sos Bucuresti;ploiesti km16,5";;;40-1-2041310;;4;7;on Rep control Eligibility on Cert based on A/C Application;;05-juil-99;3
191;191;1256;1;France;manvieu norrey;;7 Allee les tilleuls;14740;;02-31-80-69-09;;;17;REP wheel and Brake + Broker;;02-juil-99;3
190;190;1255;2;Italy;rome;;;1930;;39 06 655 91 267;;7;3;CAI First;IT 05143121001;25-juin-99;3
189;189;1254;3;Brazil;St Paulo;;Av. Indianopolis 2504, Planaito Paulita;04062-002;;55 11 5583 2828;;;;;;24-juin-99;3
188;188;1253;12;Italy;alghero(ss);;aeroporto fertilia - regione nuraghe bianco;07041;;39-06-5820-5341;;;;Sold STK to Leki;IT 0469 122 1008;24-juin-99;3
187;187;1252;12;Italy;Ciampino, Rome;;"Aeroporto ""ciampino""";00040;;39 091 866 7060;;;;;IT 0472 413 0820;24-juin-99;3
186;186;1251;3;UK;;;;;;44-1903-817-810;;;;;;15-juin-99;3
185;185;1250;2;Bahrain;Manama;;Bahrain Intl Airport;NA 20302;;973-322640;;;8;Eastern Europe Middle East and Africa (EEMEA) Aviation;;09-juin-99;3
184;184;1249;1;France;Manosque;;Zone industrielle St-Maurice;04100;;04-9272-6648;;4;;Doc Problems Ask to fax cert Prior Shippment- Confirm Eligibility and TSN on EASA;FR67314208885;09-juin-99;3
183;183;1248;3;MARTINIQUE;Le lamentin;;Aeroport de fort de France;97232;;596-42-05-11;;;;;;09-juin-99;3
182;182;1247;1;United Kingdom;Thornliebank;Glasgow;Spiersbridge Terrace Thornliebank Industrial Estate;G46 8JQ;;44,141,638,2265;;;;;GB261 0269 86;07-juin-99;3
181;181;1246;3;France;SANNOIS;;41 Bd Gabriel Peri;95111;;01-39-80-94-31;;;;;;07-juin-99;3
180;180;1245;6;France;BEAUCOURT;;Zone Ind  des Popins;90500;;03-8456-5000;;6;;;;01-juin-99;5
179;179;1244;12;Kenya;Mombasa;;P.O Box 93926;;;254-11-434502-5;;;;;;26-mai-99;3
178;178;1243;3;U.S.A.;POMPANO BEACH;FL;1460 S.W. 3rd Street Suite B5;33069;;954.784.7172;;;;;;21-mai-99;3
177;177;1242;6;France;FIGEAC Cedex;;Ave Roland RATIER BP 2 Dept. Maintanace F6;46101;;05-6550-5087;;4;;;;19-mai-99;2
176;176;1241;3;GERMANY;NORDERSTEDT;;Parallelstrasse 5;D-22851;;49-40-529-8870;;;;;;19-mai-99;3
175;175;1240;1;USA;MIAMI SPRING;FLORIDA;PO BOX 661073;33266;;305-871-4445;;;;;;18-mai-99;3
174;174;1239;3;;;;SOLAIR;;;1-954-523-9999;;;;;;12-mai-99;3
173;173;1238;3;USA;HOUSTON;TX;8710 TRAVELAIR;77061;;1-713-649-8128;;;;;;11-mai-99;3
172;172;1237;6;France;Les clayes/bois;;ZI des dames / 28 rue des dames;78340;;01-3055-3208;;5;;Caled Now Chelton Telecom & Microwave;;10-mai-99;3
171;171;1236;6;France;RUNGIS CEDEX;;8-9 Place de la Loire - Silic 162;94533;;01-4173-2573;;;;;;07-mai-99;5
170;170;1138;3;FRANCE;RUEIL MALMAISON;;10 rue Lionel FERRAY;92502;;01 55 47 25 72;;;;;;14-oct-98;3
169;169;1137;1;USA;Bethany;OK;5700 N. ROCKWELL PO Box 1759;73008-1759;405-789-6025;405-787-1545;;5;4;;;13-oct-98;3
168;168;1136;3;GUADELOUPE FWI;ABYMES;;Aeroport du Raizet - Zone Sud;97139;;590-21-52-67;;;;;;12-oct-98;3
167;167;1135;4;ENGLAND;ESSEX;;Unit 23, Star lane Ind. Est. Great Wakering;SS3 0PJ;;44 170-221-6507;;;;;545853027;07-oct-98;3
166;166;1134;3;;;;;;;41-1-247-7700;;;;;;07-oct-98;3
165;165;1133;6;;;;;;;616-949-1090;;4;;;;07-oct-98;3
164;164;1132;6;UK;Maindenhead;;HTL/ Kin-Tech DIV. HOWARTH RD;SL6 1AP;44 (0) 1628 682250;44 1628 682 200;www.pacsciuk.com;4;;Doc Problem (Batch No) (NC 112);GB 479533013;25-sept-98;3
163;163;1131;6;;WOODSTOCK;NY;;12498;;845-679-2401;;;;;;24-sept-98;3
162;162;1130;3;France;Port de Bouc;;BP 120;13524;;33-4-42407240;;;;Hobart representetive in France;;17-sept-98;3
161;161;1129;5;France;rungis s.i.l.i.c;;15-19 Rue d'antony;94152;;01.64 86 69 29;;;;;;16-sept-98;3
160;160;1128;3;Ireland;Dublin 18;;3 Rock Rd., Sandyford;;;353-1-2957344;;;;;;15-sept-98;3
159;159;847;2;UK;hounslow;middlesex;D4 Techn. Block A S395 po box 10, heathrow airport;TW6 2JA;;208-5625168;;;;;;;3
158;158;845;2;France;;;NOW REGIONAL AIRLINES;;;04 77 55 97 00;;;;;;;3
157;157;844;2;Canada;;;;;;;;;17;;;;3
156;156;842;2;Portugal;;;;;;351.96.25067/22255/23708;;7;7;;;;3
155;155;841;2;Chile;;;;;;56.2.639.4411;;7;7;"www.Lanspares.com
have change names to lan airlines";;;3
154;154;837;3;USA;;AK;;;;907.571.1248;;;;;;;3
153;153;836;3;USA;;AK;;;;800.426.0543;;;;;907.766.2222;;3
152;152;830;2;Singapore;;;Silkair;;;65.542.8111;;7;7;;;;3
151;151;2136405087;3;France;Le-Mée-sur-Seine;;Z.A. des Uselles 108, rue Robert Schuman;77350;;;;;;;;;3
150;150;2136405094;6;;;;;;;414-365-4694;;;;IN SVC;;;3
149;149;2136405093;2;Malaysia;;;;;;;;7;7;;;;3
148;148;2136405092;3;;;;;;;353-61-472-730;;;;;;;3
147;147;2136405091;3;;;OR;;97128;;1503-472-0011;;;;;;;3
146;146;2136405090;3;Brazil;;;HAWK AVIATION BRASIL LTDA;;;55 11 4787-1264;;;;;;;3
145;145;2136405089;6;USA;BREA;CA;300 East Cypress;92821;;;;;;;;;3
144;144;2136405088;3;UK;HUDDERSFIELD;;Park Mill Way, Clayton West;HD8 9KJ;;;;;;;;;3
143;143;2136405116;3;Singapore;;;;;;65-6545-9975;;;;;;;3
142;142;2136405115;2;France;;;;;+33.1.49.909.901;+33.1.49.909.900;;;14;;;;3
141;141;2136405114;2;USA;OAK CREEK;WI;6744 S. HOWELL AVENUE;53154;;;;;;;;;3
140;140;2136405113;3;Greece;Spata;;"Athens Intl Airport""El.Venizelos""Bldg.12 Hall01-18";19019;;30 210 3537 110;;;;REP SHIPPING Address;EL 094468339;;3
139;139;2136405112;3;;;;;;;1-310-214-3165;;;;;;;3
138;138;2136405111;3;;;;;;;450-471-4735;;;;;;;3
137;137;2136405110;1;USA;Cleburne;TX;1501-A North Main St.;76031;;817-558-4942;;;;;;;3
136;136;2136405109;3;;;;;;;818-316-1860;;;;;;;3
135;135;2136405108;3;USA;Lakeville;;;;352-521-6905;952-985-5436;;;;;;;3
134;134;2136405107;4;;Miami;FL;;33186;;1786-293-0998;;;;;;;3
133;133;2136405106;3;USA;Memphis;TN;5350 Poplar Avenue Suite 150;38119;901 682-3892;901 682 4064;bhancock@uaminc.com;8;;$350 Credit note !!!;;;3
132;132;2136405105;3;;Columbia;MD;;21045;;410-997-4409;;;;;;;3
131;131;2136405104;3;China;Xian;;;;;86-29-8323329;;;;;;;3
130;130;2136405103;3;;;;;;;055353-9829;;;;;;;3
129;129;2136405102;2;;GREENSBORO;;;;;(336)605-6904;;;;;;;3
127;127;2136405100;3;USA;BURNSVILLE;MN;14300 JUDICIAL ROAD;55306-4898;;952 892 4463;;;;;;;3
126;126;2136405099;6;;Villeurbanne;;8, avenue de Condorcet;69100;;04 72 82 34 14;;4;;;;;3
125;125;2136405098;3;USA;Miami;FL;;;;305-4630455;;;;;;;3
124;124;2136405097;6;USA;Burbank;CA;4510 Vanowen Street;91505;818 845 6978;818 843 1000;;;;NO Repairs can do only exchanges. For repairs send to France.;;;3
123;123;2136405096;3;;ALLAERO;;ALLAERO;;;44-1293-592-125;;;;;;;3
122;122;2136405118;3;;;;;;;0164616751;;;;;;;3
121;121;2136405117;3;United Kingdom;West Grinstead;West Sussex;5 The Courtyard, Pondtail Farm;RH13 8LN;;44-1403-740-220;;;;;;;3
120;120;288;3;Germany;;;;;;49.4464.8011;;;;;;;3
119;119;287;3;UK;;;;;;44,191,214,1412;;;;Have ILS;44.191.286.9665;;3
118;118;285;3;Guadloupe;;;;;;590.829.663;;;;;;;3
117;117;284;3;UK;;;;;;44.151.448.0844;;;;;;;3
116;116;283;12;Germany;Greven;;Bismarckstr. 34;D-48268;;49-2571-9979-741;;;;In Likidation 06/04;;;3
115;115;282;3;Indonesia;;;;;;62.21.720.3651;;;;;;;3
114;114;281;2;UK;Christchurch Dorset;;Eng, Stores Bldg 332, Bournemouth intl airport;BH23 6SE;;44.1202.570.701/593.344;;;;;;;3
113;113;278;2;UK;;;Under British Airways Citiexpress;;;44.1752.705.151;;7;;Owend by British Airways;;;3
112;112;277;2;UK;;;;;;44.1332.854.000;;7;;;;;3
111;111;276;2;UK;;;;;44.1293.821204;44.1293.821621;;;;2morrow Group acquired BAC Express from Air Contractors in July 2005;;;3
110;110;271;3;UK;;;;;;44.1.203.304452;;;;;;;3
109;109;270;3;France;;;;;;33.7826.1305/6333;;;;;;;3
108;108;269;3;France;;;;;;33.4742.3000/3152;;;;;;;3
107;107;268;3;Tahiti;;;;;;689.855554;;;;;;;3
106;106;267;2;France;Aulnat;;Aeroport Clermont Ferrand;63510;;04 73 60 12 09 / 07;;7;6;;;;3
105;105;266;2;TANZANIA;Dar Es Salaam;;Po. Box 70770;;;255-022-284-3154;;6;6;uner ATR GMA contract. Do not contact them, we probably owe them money;;;2
104;104;265;1;France;Aeroport de Lyon;;Zone de Fret, Locindis;69105;;33.4.72228065;;7;17;;;;3
103;103;264;12;corse;ajaccio;;Aeroport campo dell'oro;20090;;04.9520.8216;;;;;;;3
102;102;-203437605;3;;;;;;;;;;;;;18-oct-02;3
101;101;-204565252;3;FR;Paris Cedex 07;;75 Quai d'Orsay;75321;;;;;;;;26-févr-02;3
100;100;-212323538;6;France;Nanterre;;249 rue de la Garenne;92000;;01 4652 6868;;;;;FR24307420067;24-juil-02;3
99;99;-228111259;3;;;;;;;954-344-7627;;;;;;07-sept-01;3
98;98;1334;6;France;;;;;;01 49 39 42 25;;;;*DANGEROUS  GOODS* to ask specific Packaging & markage for AirFright shippment during Order;;19-janv-00;3
97;97;1333;3;UK;;;;;;0044-121 451 59 99;;;;;;19-janv-00;3
96;96;1332;3;;;;TURBINE CONTROLS;;;860-242-0448;;;;3ea ATR42 , Mr Marcovich Rep Dir ATR;;14-janv-00;3
95;95;2136405121;1;USA;Atlanta;GA;574 airport self parkway,suite 200;30349;-;770-473-1346;-;;;-;;;3
94;94;2136405122;6;USA;EAST HARTFORD;CT;PRATT & WHITNEY - SMMO;;;860-565-6892;;4;;;;;3
93;93;2136405158;2;France;;;;;;;;7;7;;;;3
92;92;2136405157;3;;;CA;;91340;;818-470-3179;;;;;;;3
91;91;2136405156;1;Portugal;Alverca do Ribatejo;;Parque Aeronáutico de Alverca;2615-173;351-21-9580401;351-21-9581000;;4;8;;NIF 500792828;;3
90;90;2136405155;3;;Tempe, AZ 85284;;;;;1480-782-1884;;;;;;;3
89;89;2136405154;3;Malaysia;;;;;;603-5635-3345;;9;;;;;3
88;88;2136405153;3;;;;;;;505-347-2029;;;;;;;3
87;87;2136405152;3;;Naples, FL 34104;;;;;1239-659-0265;;;;;;;3
86;86;2136405151;3;;Ft. Lauderdale, FL 33315;;901 SW 3rd Avenue;33315;;1954-524-5568;;;;;;;3
84;84;2136405149;1;USA;;;;;;1305-650-8894;;;;;;;3
83;83;2136405148;3;USA;Wood Dale;IL;1100N Wood dale road;60191;;1630-227-2852;;4;;;;;3
82;82;2136405147;2;USA;Hollywood;FL;3700 North 29th Avenue;33020;;1 954-920-9797;;4;;;;;3
81;81;2136405146;2;AUSTRALIA;Hollywood;;;;;;;;;;;;3
80;80;2136405145;1;;;;;;;954-693-0024;;;7;;;;3
79;79;2136405144;3;;Miami;;;;;305-685-5511;;;;;;;3
78;78;2136405143;1;France;;;;;;01-4816-9964;;;;;;;3
77;77;2136405142;3;;NY;;;;;914) 946-9500;;;;;;;3
76;76;2136405141;2;Germany;;;;;;;;7;7;;;;3
75;75;2136405140;3;;;;Francisco Gomez.;;;+34 91 393 03 96;;;;;;;3
74;74;2136405139;3;;London;;;;;44-2085377121;;;;;;;3
73;73;2136405138;3;;Rio de Janeiro;;;;;55-21 2532-7078;;;;;;;3
72;72;2136405137;3;USA;Miami;FL;8512 N.W. 66th St, Miami;33166;305-639-9923;305-639-9925;;;;;;;3
71;71;2136405136;3;;;TX;;;;723-650-8392;;;;;;;3
70;70;2136405135;3;Singapore;# 06-02 Bright Chambers;;108 Middle Road;188967;;;;;;;;;3
69;69;2136405134;2;Portugal;Lisboa;;Aeropuerto Internacional de Li  Hangar 7;;;;;;17;changed name to: hifly.aero;;;3
68;68;2136405133;2;ITALY;;;;;;;;;7;;;;3
67;67;2136405132;1;Italy;Tessera;Venezia;Via Triestina,214;30030;39 0415415545;39 0412693898;http://www.aeronavali.com/;7;3;;;;3
66;66;2136405131;2;Luxembourg;;;;;;;;;7;;;;3
65;65;2136405130;2;;;;;;;;;;;;;;3
64;64;2136405129;1;France;;;;;;;;;7;;;;3
63;63;2136405128;10;France;PERPIGNAN CEDEX;;AEROPORT  PERPIGNAN - RIVESALTES - Avenue Maurice Bellonte - BP 60 005;66025;33 (0)4 68 63 70 46;33 (0)4 68 63 70 00;;12;6;http://www.eas-industries.com;SIREN 423 198 522;;3
62;62;2136405127;3;usa;;;;;;;;;;;;;3
61;61;2136405126;2;Turkey;Istanbul;;Senlik Mahallesi, Catal sokak No:2 Florya;34153;;;;7;7;;;;3
60;60;2136405125;3;USA;Scottsdale;AZ;"16414 N. 91ST STREET
SUITE 103";85260;480-998-8155;480-998-8133;;;;;;;3
59;59;2136405124;8;USA;Miami;FL;2323 NW 82nd Avenue;33122-1512;305 717 3568;305 590 2600;;;;;;;3
58;58;2136405123;2;Indonesia;Jakarta Pusat,  10610;;Batavia Air;;;6221-4212725;;7;7;B737-200 SIMULATOR;;;3
57;57;2136405169;3;;;;;;;845-567-1970;;;;;;;3
56;56;2136405168;3;;Chatsworth, CA 91311;;;;;1 818-998-2527;;;;;;;3
55;55;2136405167;3;;Huntley, IL 60142;;;;;1 847 669 1500;;;;;;;3
54;54;2136405166;2;UK;Birmingham;;40, Fort Parkway, Erdington;B249HL;;;enquiries@dunlopatl.co.uk;4;;;670-7325-34;;3
53;53;2136405165;3;;Madrid;;;;;34 91 3019447;;;;;;;3
52;52;2136405164;3;;;CA;;;;818-879-5191;;;;;;;3
51;51;2136405163;2;Germany;Nuernberg;;Flughafenstr. 100;90411;49-911-3656-8245;49-911-3656-8274;;;;;;;3
50;50;2136405162;2;Bulgaria;Sofia;;1, BRUSSELS BLVD.;1540;;359 2 98448568;;5;1;Hemus Air use our a/c. Bulgaria Air, Hemus Air and Viaggio Air are in one common holding;BG130969771;;3
49;49;2136405161;2;Jordan;;;;;;962 79 5467165;;;7;Lease A/C to AQABA Airlines;;;3
48;48;2136405160;3;USA;Miami;FL;14365 SW 120 St Suite 101;33186;;305-378-2088;;;;Put on ILS RAM spares based in Lebanon, and Miami;;;3
47;47;2136405159;3;Belgium;Aarschot;;Betekomsesteenweg 21C;3200;-;32-478-502-226;-;;;-;BE0479299665;;3
46;46;868;3;USA AZ;;;;;;602.741.7700;;;;;;;3
45;45;864;3;USA CT;;;;;;203.380.4009;;;;;;;3
43;43;858;2;USA;;;;;;808.833.7108/836.7693;;;17;;;;3
42;42;851;2;UK;;;;;;44.121.743.9090;;7;3;duo suspends operations 01/05/2004;;;3
41;41;848;12;ITALY;Ronchi dei Legionari;GO;Via Tambarin;34 077;;39 0481 772 713;;7;;DO328-110 -8ea;;;3
40;40;2136404890;3;;;;;;;61-754-488-311;;;;;;;3
39;39;2136404889;6;;new jersey;USA;po box 180 belmar;07719-0180;;732-681-3527;;;;;;;3
38;38;2136404888;2;Australia;;;;;;;;7;3;;;;3
37;37;2136404887;1;USA;north Tonawanda;NY;7290 nash Rd.;14120;716-694-7594;716-694-7060;;;;;;;3
36;36;2136404886;3;;;;;;;281.298.9779;;;;;;;3
35;35;2136404885;2;USA;Essington;PE;1 Poulson AV.;19029;;;;7;7;;;;3
34;34;2136404884;2;UK;;;London Luton Airport;;;44-1 582 398544;;7;7;;;;3
33;33;2136404882;3;USA;Anaheim;CA;;92807;;717-777-5995;;;;;;;3
32;32;2136404881;3;guadeloupe-fwi;abymes;;c/o assistair cargo, aéroport du Raizet;97139;;(590)690 346 935;;;;SHIPPING ADDRESS;;;3
31;31;2136404880;3;;;;;;;;;;;;;;3
30;30;2136404879;3;USA;Southwick;MA;36 George Loomis Rd;01077;1 413-569-3636;1 413-569-3131;;;;;;;3
29;29;2136404878;4;AUSTRALIA;WARRIEWOOD;SYDNEY;5A JUBILEE AVE;NS 2102;;61-2-9997-8166;;5;;;;01-avr-02;3
28;28;2133964540;2;Qatar;;;;;;;;7;7;;;01-févr-02;3
27;27;2133894419;3;USA;TORRANCE;CA;;90501;;310-326-9899;;;;Doing business mainly with China;;06-nov-02;3
26;26;2130765980;3;USA;Deerfield Beach;FL;1022 E Newport Centre Drive;33442;;954-429-8600;;9;;;;05-oct-01;3
25;25;2130050705;3;uk;heston, middlesex;;8 airlinks estate, spitfire way;TW5 9NR;;44 208 606 2950;;;;;;07-mars-02;3
24;24;2117644207;3;;;;;;;305-406-9984;;;;20/11/2002 brodcust WANTED ATR-42 TOOLING: ENGINE SLINGS, TAIL @ WING JACKS;;14-juin-01;3
23;23;2116129517;4;USA;;AZ;;85296;;480-497-6136;;;;;;19-mars-02;3
22;22;2111774866;3;USA;EULESS;TX;2815 W. EULESS BLVD;76040;817 354 7136;1817-283-4891;;5;;Close control on Quality parts & Doc;;14-janv-02;6
21;21;2095458786;3;;mojave;CA;;93501-2005;;661-824-7496;;;;;;24-janv-02;3
20;20;2085880567;3;;;;;;;949-261-2121;;;;;;24-avr-02;3
19;19;2080403866;3;;kent;WA;18516 80th avenue south;98032;425 251 4664;425 251 4660;;;;;;13-sept-02;3
18;18;2078597945;3;USA;CALABASAS;CA;23965 Ventura Blvd.;91 302;;1 818 591 3166;;;;;;30-mai-01;3
17;17;2078222334;3;;;CA;;;;559- 271-2335;;;;;;09-sept-02;3
16;16;2071105480;3;FR;Bezons;;;;;;;;;;;14-janv-02;3
15;15;2060046697;3;;;;;;;;;;;;;08-oct-01;3
14;14;2039353710;3;USA;KENT;WA;20112 72nd av south;98032;;1-253-395-9535;;;;;;14-févr-02;3
13;13;2024853055;1;UK;Altrincham;Cheshire;Unit G3, 2 Tudor Rd. - Hanover Business Park;WA14 5RZ;;44-161-941-2068;;4;;;GB 693 7938 66;17-avr-02;3
12;12;2019386221;3;ITALY;Genova;;;;;39-010-23-501;;;;;;07-nov-02;3
11;11;2011687113;3;usa;culver city;ca;11520 jefferson blvd, suite 210;90230;;1-310-397-9896;;;;;;20-nov-02;3
10;10;2004492807;1;Canada;Missassauga;ON;7075 FIR tree drv;L5S1J;;905-678-6311;;7;3;;;13-sept-01;3
9;9;2004418073;12;Italy;Fiumicino;Roma;"Aeroporto ""Leonardo da Vinci"" varco 1";00054;;39 06 65675216;;;;ATR42, Out of business. Sold thier A/C to DART AV. A/C had bad landing broken L/G. Incident related;IT 0192 905 0811;27-mai-02;3
8;8;2000121658;3;USA;Santa Ana;CA;3101 Shannon Street;92704;;714-438-9030;;;;;;10-août-01;3
7;7;1983039312;2;Greece;Koropi - Athens;;Financial Department - 1st Km Varis Koropiou & Ifaistou 1;19400;;30-1-936-2655;;5;6;;EL998939913;26-juil-01;2
6;6;1965752325;3;UK;Crawley;;;;;44-1293-889867;;;;;;22-oct-02;3
5;5;1936823726;3;;Oxnard;CA;;93030-7983;;805-604-3700;;;;;;29-nov-01;3
4;4;1927624231;3;China;;;;;;86-293-312397;;;;sales parts  A320-214 fleet;;14-mai-02;3
2;2;1922404756;5;India;Kolkata;;;;;913-3248-8433;;;;http://www.webspawner.com/users/athertonengg/;;06-nov-02;3
1;1;1921772560;2;;;;Ex. Cityflyer;;;44-1293-462718;;;;;;14-oct-02;3
