Fld_Company_ID;Company_Old_Id;Fld_Company_Name;Fld_Company_Rating_ID;delete
4787;;---Enter Company Name---;;FAUX
4932;;Aeromotores;;FAUX
5133;;Jones Airways;;FAUX
5019;;L & H Trading GmbH;;FAUX
5124;;Skypac Parts & Supply LLC;;FAUX
4059;;1 Source Aero Services S.A.;;FAUX
4169;;12 Apostles Helicopters;;FAUX
1839;1646597713;1st Clas Air Services;;FAUX
4553;;3 Gen Avion Trading;;FAUX
3185;;3 Points Aviation;;FAUX
3713;;328 SUPPORT Services;;FAUX
655;1223;3M France;;FAUX
4037;;748 AIR SERVICES (AIS Kenya);;FAUX
3778;;A & C Aerospace;;FAUX
4327;;A & E PARTS;;FAUX
4333;;A & S Int'L Supply, Inc.;;FAUX
4070;;A I S Aviation;;FAUX
1783;1283;A PRO (Aero-Precision );;FAUX
3920;;A Soriano Aviation;;FAUX
4499;;A&B Aviation Support;;FAUX
4273;;A&M Aerospace, Inc.;;FAUX
1172;1014795426;A&M Avionics Support;;FAUX
2080;;A. BIDERMAN (MF);;FAUX
4978;;A. Y. C. Aviation Inc.;;FAUX
4822;;A.D. Consultants Ltd;;FAUX
678;216395854;A.I.R.S.- Aviation Instruments Repair Specialists;;FAUX
1526;1200;A.I.R.S. INC;;FAUX
4532;;A.J Levin;;FAUX
2169;;A/C ELECTRICAL ELECTRONICS (MF);;FAUX
1543;989923352;A/C INSTRUMENT & RADIO;;FAUX
1587;822593895;A/C PARTS SUPPT IN'L;;FAUX
625;1638;A/C SUPPLIER;;FAUX
691;314587450;A2 GROUP Inc;;FAUX
4815;;A2C Air Cost Control;;FAUX
3626;;AAA Aeronautical Exchange;;FAUX
4486;;aaa aviation india pvt ltd;;FAUX
1923;450001651;AAIC;;FAUX
3905;;Aaim aviation;;FAUX
3991;;AAO Global Commerse;;FAUX
3715;;AAPS Aerospace;;FAUX
1913;1619;AAR - UK;;FAUX
806;998;AAR ACS Amsterdam;;FAUX
83;2136405148;AAR Aircraft & Turbine Center;;FAUX
1312;1436;AAR Aircraft Component Services;;FAUX
1089;-770953470;AAR Allen Asset MGMT;;FAUX
426;1036;AAR ALLEN GROUP INT'L;;FAUX
2761;;AAR Corp (MF);;FAUX
1822;1505319929;AAR Distribution;;FAUX
2527;;AAR International - Aircraft and Turbine UK;;FAUX
2994;;AAR Intl - Singapore;;FAUX
273;-25327608;AAR Landing Gear Services;;FAUX
2500;;AAR OKLAHOMA;;FAUX
978;1299;AAR TEMPCO;;FAUX
4135;;AAR Wheels and Brakes Services;;FAUX
1751;1167;AAXICO;;FAUX
388;1325;AAXICO Europe;;FAUX
4943;;ABA Air Group.;;FAUX
3674;;ABA Aviation Resources;;FAUX
4541;;Abasair;;FAUX
1328;417592617;ABB Control;;FAUX
2854;;ABEX / PARKER (MF);;FAUX
2842;;ABG SEMCA (MF);;FAUX
4476;;Abir Infrastructure;;FAUX
2943;;ABIS;;FAUX
2589;;ABL AEROSPACE;;FAUX
2276;;able engineering;;FAUX
1755;1171;ABS A/C BRAKING SYST.;;FAUX
4882;;ABS Jets;;FAUX
3305;;Absolute Aviation Services;;FAUX
4023;;Abu Dhabi Aircraft Technologies;;FAUX
972;141;Abu Dhabi Aviation;;FAUX
3608;;ABX AIR - AIRBORNE EXPRE;;FAUX
3222;;ABX LOGISTICS International France;;FAUX
4886;;ABX Material Service, Inc.;;FAUX
3630;;Accel Aviation Accessories Inc;;FAUX
2729;;ACCENT AIR INC.;;FAUX
4348;;Accessory Overhaul Groupe;;FAUX
2064;;Accessory Technologies corp;;FAUX
268;-84774457;ACE - Aircraft Components & Equipments;;FAUX
1161;1011081883;ACES Airlines;;FAUX
1624;1592;ACL Aviation Support LTD;;FAUX
342;2136404989;ACM Service;;FAUX
2870;1027263751;ACME;;FAUX
4715;;ACS Propeller;;FAUX
3951;;ACSS - Aviation Com'  & Surveillance Systems;;FAUX
3462;;ACT Airlines;;FAUX
5045;;Action Aero, Inc.;;FAUX
593;-1967036351;ACTION Air Corp;;FAUX
4249;;Acument;;FAUX
2345;1037791035;ACUSHNET Rubber Co (MF);;FAUX
2788;;ADA AIR;;FAUX
1987;;Adam Skyconnection AL (AdamAir);;FAUX
1091;-757887433;ADAMS Aviation;;FAUX
1718;2136405064;ADAMS RITE;;FAUX
4031;;Adams Rite Aerospace;;FAUX
3714;;Adhara Worldwide Services;;FAUX
618;1630;ADI;;FAUX
4052;;Adpan Brothers, Inc;;FAUX
832;587;ADRIA AIRWAYS;;FAUX
948;-957347522;ADS & Co (Schreiner);;FAUX
4830;;ADT LIMITED;;FAUX
3681;;Advance Air Services;;FAUX
3751;;Advanced Aircraft Co;;FAUX
393;1330;Advanced Aircraft Support, Inc.;;FAUX
856;1536;Advanced Aire Accessories;;FAUX
1284;1452;Advanced Tech Supply;;FAUX
1907;1613;Advantage A/C Corp;;FAUX
4103;;Advantage Aero;;FAUX
5026;;Advantage Aviation Tech;;FAUX
137;2136405110;Advantage Aviation Technologies;;FAUX
4997;;AE&C SERVICES;;FAUX
4986;;AEG Europe-PAS;;FAUX
234;1549;AEGEAN Airlines;;FAUX
140;2136405113;Aegean Airlines Logistics dept.;;FAUX
2976;;AEK Technology;;FAUX
4098;;AELIS AIR SERVICES;;FAUX
346;2136404938;AEM (UK);;FAUX
3080;;AEM S.A. (ARG);;FAUX
594;-1966015187;AEOLUS INTL;;FAUX
4331;;AEOS - Aircraft Equipment Overhaul & Sales;;FAUX
1623;1591;AER ARRAN EXPRESS;;FAUX
1066;239;AER LINGUS;;FAUX
3564;;AERCAP;;FAUX
1918;1624;AERCO UK;;FAUX
4357;;Aereolineas Itmaliza de MEXICO;;FAUX
62;2136405127;AERIS, Inc.;;FAUX
3316;;Aerlyper S.A;;FAUX
1857;1158;AERMACCHI;;FAUX
3372;;AERMECCANICA s.r.l.;;FAUX
4598;;AERO 8;;FAUX
3867;;Aero Access;;FAUX
869;-1854601258;Aero Airlines;;FAUX
4457;;Aero Asahi Corporation;;FAUX
4336;;Aero Assets Ltd;;FAUX
3421;;Aero Aviation;;FAUX
4628;;Aero Cabin Solutions;;FAUX
407;928;AERO CARIBBEAN Of CUBA;;FAUX
3264;;AERO CONCEPTS 3000;;FAUX
2709;;Aero Contractors Nigeria (AERO);;FAUX
4293;;AERO CONTROLS;;FAUX
1324;386658594;Aero Controls Avionics Inc;;FAUX
614;1626;AERO CRAFT HYDRAULICS;;FAUX
1007;1367335459;Aero Direct;;FAUX
3777;;Aero EXCESS;;FAUX
985;1139080938;Aero Exchange Intl;;FAUX
1727;2136405074;AERO EXPRESS;;FAUX
2377;;AERO EXPRESS DEL ECUADOR TRANSAM C. LTDA;;FAUX
3776;;Aero Express parts INC;;FAUX
4062;;Aero Flight Parts & Components;;FAUX
241;115632195;Aero Industrial Sales Co;;FAUX
565;-1602711881;AERO INSTRUMENT;;FAUX
37;2136404887;Aero Instruments & Avionics;;FAUX
1387;1072821385;AERO INVENTORY (UK);;FAUX
4513;;Aero Inventory (USA);;FAUX
1834;1589211025;AERO ITALIA;;FAUX
336;2136404983;AERO KOOL CORP.;;FAUX
4198;;AERO MANAGEMENT INC TRUSTEE;;FAUX
87;2136405152;Aero Marine Technologies;;FAUX
3749;;Aero Material Support;;FAUX
3755;;Aero Mechanical Industries;;FAUX
3071;;Aero Mexico;;FAUX
3373;;Aero Mongolia;;FAUX
1905;1610;AERO NEGOCE INT'L;;FAUX
2021;;Aero Nusantara Indonesia;;FAUX
1280;1448;Aero Partners;;FAUX
4001;;Aero Parts Logistics;;FAUX
4620;;Aero Parts Mart;;FAUX
2981;;Aero Parts service;;FAUX
4464;;AERO PARTS USA;;FAUX
415;957;AERO PERU;;FAUX
3581;;Aero Pneudraulics, Inc.;;FAUX
4102;;Aero Power Solutions;;FAUX
4759;;Aero Precision Industries;;FAUX
25;2130050705;Aero quality;;FAUX
2505;;AERO QUALITY SALES (MF);;FAUX
2222;;AERO REPUBLICA;;FAUX
4763;;Aero Resource;;FAUX
24;2117644207;Aero Sales Group;;FAUX
255;-140199635;AERO SERVICES Group;;FAUX
3881;;Aero Sol Aviation Solutions LLC;;FAUX
4866;;aero space;;FAUX
1036;719;AERO SPECIAL SERVICE;;FAUX
4582;;Aero Star Industry;;FAUX
5099;;Aero Supplies Inc;;FAUX
3970;;AERO SUPPLIES INTL;;FAUX
897;-1303387804;Aero supply & consulting corp;;FAUX
1000;1300483975;Aero Support;;FAUX
3767;;Aero Support Canada;;FAUX
130;2136405103;Aero Synergies;;FAUX
1588;833589587;AERO SYSTEM Singapor;;FAUX
2378;;AERO SYSTEMS;;FAUX
4222;;Aero Technical Components;;FAUX
580;-2078973606;AERO Technical Support;;FAUX
3160;;Aero Technics;;FAUX
534;1032849822;AERO TECHNOLOGIES;;FAUX
1332;1520;AERO TECHNOLOGY;;FAUX
2275;;AERO TOY STORE;;FAUX
4565;;Aero trottel;;FAUX
3552;;Aero Vision  INTL;;FAUX
3789;;Aero Voo De Portugal;;FAUX
2695;;AERO ZAMBIA;;FAUX
1731;2136405078;AERO ZONE;;FAUX
302;2136404917;AEROAID;;FAUX
4531;;Aeroassist Pty Ltd;;FAUX
1028;687;AEROCARIBE;;FAUX
2469;2136405361;Aerocondor Transportes Aéreos, SA;;FAUX
728;1090;AEROCONTRACTS;;FAUX
586;-2028904583;AEROCONTROLEX;;FAUX
624;1637;AEROCORE PART SALES;;FAUX
5015;;Aerocorp Avionic Solutions;;FAUX
2125;;AERO-DIENST;;FAUX
31;2136404880;Aerodinamica;;FAUX
4287;;AERODIS;;FAUX
4264;;AERODIS, INC;;FAUX
3954;;AERODROME SUPPORT, INC;;FAUX
3887;;Aerodune L.L.C;;FAUX
3574;;Aerodynamics;;FAUX
3907;;Aeroeagle Resources Asia Pte Ltd;;FAUX
1775;1275;AEROEL Airways;;FAUX
3704;;Aeroflight Parts & Components;;FAUX
3459;;Aeroflot;;FAUX
5023;;Aerofulcrum Inc;;FAUX
1367;1038496763;AEROGAVIOTA;;FAUX
2123;;AEROGULF SERVICES CO;;FAUX
4732;;Aero-Instruments;;FAUX
3900;;aerojet componentes;;FAUX
4041;;Aeroklass;;FAUX
5042;;AeroLab Inc;;FAUX
4974;;Aeroland Airways;;FAUX
2140;;Aerolinas Argentinas;;FAUX
4384;;Aerolineas Mesoamericanas;;FAUX
3934;;Aerolíneas Regionales S.A. de C.V.;;FAUX
60;2136405125;"AERO-LINK ARIZONA
Aero-Link Arizona, Inc";;FAUX
4996;;Aerolink Int'l;;FAUX
2997;;AEROLITORAL - Aeromexico Connect;;FAUX
2044;;AeroLogistics;;FAUX
1557;720577016;AERO-MACH LABS;;FAUX
5077;;AeroMacro;;FAUX
2931;;Aeroman (TACA);;FAUX
1029;691;AEROMAR SA;;FAUX
2950;;Aero-Marine Technologies;;FAUX
1141;-302921498;AEROMARITIME;;FAUX
4439;;AEROMART;;FAUX
1362;1037864512;Aeromat;;FAUX
3948;;AEROMEC Portugal;;FAUX
1428;2136405054;AEROMECANIC;;FAUX
1878;902638709;AEROMECCANICA;;FAUX
40;2136404890;AEROMIL Australia;;FAUX
2482;;AeroMilitec S.A.;;FAUX
4634;;Aeromni Avionics;;FAUX
3176;;Aeronautic Investments;;FAUX
3491;;Aero-Nautical Electronics;;FAUX
3829;;Aeronautical Instrument & Autopilot;;FAUX
3440;;AERONAUTICAL SUPPORT;;FAUX
1734;2136405081;Aeronautix;;FAUX
67;2136405132;Aeronavali;;FAUX
4520;;AERONET;;FAUX
552;1214;AERONETICS;;FAUX
3234;;Aeroneuf Instruments LTD;;FAUX
2195;;Aeronics Aircraft Parts;;FAUX
4780;;Aeronorte;;FAUX
2699;;Aeronova;;FAUX
1438;1018593757;Aeropartes Brazil;;FAUX
455;1477;AEROPARTNERS UK;;FAUX
4088;;Aero-Parts Connections;;FAUX
3470;;AEROPARTS Inc;;FAUX
1244;917;Aeroperlas;;FAUX
4530;;AEROPIECES Ltd;;FAUX
2266;;AEROPLEX;;FAUX
2267;;Aeropol Aviation Services Corporation;;FAUX
1374;1040146743;AEROPOSTAL AIRLINES;;FAUX
1452;1354;AEROQUIP;;FAUX
3162;;AeroRepair;;FAUX
2861;;AEROREPUBLICA;;FAUX
2753;;AeroSave Ressources;;FAUX
3589;;Aeroscot Engineering LTD;;FAUX
4294;;AEROSERVICE;;FAUX
3825;;AEROSERVISAS, JSC;;FAUX
1563;764172138;Aerosonic Corp. Rep. Quote;;FAUX
4629;;AEROSOURCE;;FAUX
4217;;Aerospace Access Corporation;;FAUX
4576;;Aerospace Alliance, Inc;;FAUX
3012;;Aerospace Connections;;FAUX
1694;1485;Aerospace Distributors -Seattle;;FAUX
3822;;Aerospace Distributors Singapore;;FAUX
3657;2136405399;Aerospace Dynamics, Inc;;FAUX
988;1157887342;Aerospace Engineering Group (AEG);;FAUX
1841;1648784381;Aerospace Ind Auxiliary power;;FAUX
3284;;Aerospace Industry Resources;;FAUX
4043;;Aerospace Innovations Group;;FAUX
636;19831667;Aerospace Intl Reps;;FAUX
4757;;Aerospace Material Sales, S.L.;;FAUX
5020;;Aerospace Optics;;FAUX
5016;;aerospace overhaul;;FAUX
4093;;AEROSPACE OVERHAUL, LLC;;FAUX
3142;;AEROSPACE PRECISION;;FAUX
3550;;Aerospace Products Co.;;FAUX
1887;1554;Aerospace Products Int'l;;FAUX
2118;;Aerospace Rotables;;FAUX
5155;;Aerospace Service, Inc;;FAUX
1327;414747552;Aerospace Solutions of south Florida;;FAUX
1636;1604;AEROSPACE SUPPORT Associates ltd;;FAUX
1559;731365341;Aerospace Support INTL;;FAUX
1262;991041922;Aerospace Support of Texas;;FAUX
599;-1917793758;Aerospace Systems & Components;;FAUX
1410;1508;Aerospace Technologies intl;;FAUX
4309;;Aerospace Welding;;FAUX
2948;;AEROSPARES;;FAUX
3011;;Aerospares 2000 Ltd;;FAUX
4514;;Aerospares Consulting Limited;;FAUX
306;2136404921;AEROSPHERE AVIATION SERVICES;;FAUX
1933;516613890;Aerospheres (UK) Ltd;;FAUX
4805;;AEROSS Components & Maintenance;;FAUX
4549;;AEROSTAR Airlines;;FAUX
5176;;Aerostar Asset Management FZC;;FAUX
3981;;Aerostar Industry Co, Inc;;FAUX
4893;;Aerostar SA;;FAUX
714;1060;AEROSTOCK;;FAUX
1680;1474;Aerostocks Ltd;;FAUX
2773;;Aerosup Inc.;;FAUX
4983;;AEROSUPPLIER;;FAUX
3277;;Aerosupplies Partner SDN;;FAUX
3347;;Aerosvit Ukrainian Airlines;;FAUX
1516;320;AEROTACA;;FAUX
1090;-766443835;AEROTEAM Inc;;FAUX
2231;;AEROTEC INTERNATIONAL;;FAUX
4937;;Aerotec Services;;FAUX
70;2136405135;Aerotechnic Asia PTE Ltd.;;FAUX
514;1413;Aerotechnic France;;FAUX
237;74415561;Aerotechnic Hambourg;;FAUX
5128;;Aerotechnic Indochina Pte Ltd;;FAUX
3576;;AEROTECHNIC INDUSTRIES;;FAUX
1910;1616;AEROTECHNIC SOUTH AFRICA;;FAUX
4821;;AEROTECHNICA S.A.;;FAUX
1710;1035449616;AEROTEK;;FAUX
3194;;AEROTEK 2000 INC;;FAUX
941;-983187385;Aerotex International;;FAUX
3599;;AEROTHRUST;;FAUX
1528;917741323;AEROTRADING  Inc;;FAUX
89;2136405154;Aerotrends Aviation(M)Sdn Bhd;;FAUX
1131;-382096482;Aerotron - FOKKER Services GA;;FAUX
1858;1159;AEROTRON UK;;FAUX
59;2136405124;AeroTurbine Inc.;;FAUX
4857;;AeroUnion;;FAUX
2684;;AEROVAL, Inc (MF);;FAUX
4429;;Aerovibes Pte Ltd;;FAUX
3526;;AEROVISTA;;FAUX
4129;;AeroXS Inc;;FAUX
1548;602336642;Aero-Zone;;FAUX
5027;;Aersale;;FAUX
4430;;Aertrade;;FAUX
3671;;AERVENTURE;;FAUX
470;2136405002;AES Aerospace Gmbh;;FAUX
999;1298449723;AES AEROSPACE LTD;;FAUX
868;-1855818218;AES Airplane-Equipment & Services;;FAUX
816;1025247975;African Aviation Technology;;FAUX
2607;;AFRICAN STAR AIRWAYS;;FAUX
4786;;AFRIJET Airlines;;FAUX
3734;;AFRIQIYAH Airways;;FAUX
3855;;Afrus UK;;FAUX
1637;1605;AG&G ROTRON;;FAUX
1959;2088983131;Agni Air;;FAUX
938;-1014599358;AGS International;;FAUX
4808;;AgustaWestland Inc;;FAUX
4698;;AGX Wheels & Brakes Corp;;FAUX
3218;;AI Systems Intl.;;FAUX
1068;246;AIGLE AZUR;;FAUX
4813;;AIM AVIATION;;FAUX
4771;;AIM Aviation Atlanta;;FAUX
2947;;aim composites;;FAUX
2939;;Air & Sea Belgium;;FAUX
3349;;Air Adriatic;;FAUX
4737;;Air Aland Ab;;FAUX
2035;2136405065;Air Algerie;;FAUX
1049;165;AIR ALLIANCE Inc;;FAUX
1050;166;AIR ALMA ,lnc;;FAUX
3041;;Air Alps;;FAUX
1230;487;AIR ALSIE;;FAUX
680;239424030;Air and Ground Aviation Ltd;;FAUX
1024;658;AIR ANGUILLA, Inc.;;FAUX
1384;1042810849;AIR ANTILLES EXPRESS;;FAUX
32;2136404881;Air Antilles Express *;;FAUX
2476;;AIR ARABIA;;FAUX
4626;;Air Arabia Maroc;;FAUX
149;2136405093;Air Asia - Malaysia;;FAUX
1381;1042047020;AIR ASIA - TAIWAN;;FAUX
3804;;AIR ASTANA AIRLINE;;FAUX
3752;;AIR ATLANTA AERO ENGINEE;;FAUX
790;982;AIR ATLANTA Icelandic;;FAUX
1069;247;AIR ATLANTIQUE;;FAUX
2936;2136405171;Air Atlantique UK (Classic Flight);;FAUX
1297;1465;AIR AUSTRAL;;FAUX
1654;1145;Air Bagan LTD.;;FAUX
1638;1606;Air Baltic Corporation A/S;;FAUX
1261;548;AIR BC;;FAUX
798;990;AIR BELGIUM;;FAUX
2402;;AIR BERLIN;;FAUX
461;2136404902;Air BLUE;;FAUX
1812;775;AIR BORDER PATROL;;FAUX
2046;;AIR BOSNA - Use B&H Airlines;;FAUX
1221;470;AIR BOTNIA;;FAUX
280;16;AIR BOTSWANA;;FAUX
3101;;Air Bourbon;;FAUX
4638;;AIR BRIDGE CARGO;;FAUX
3423;;Air bulgaria;;FAUX
1032;711;AIR BURKINA;;FAUX
850;828;AIR BURUNDI;;FAUX
4667;;Air Busan;;FAUX
3353;;AIR CAIRO;;FAUX
1195;31;Air Caledonie Domestic Airlines;;FAUX
168;1136;AIR CALYPSO;;FAUX
799;991;AIR Canada;;FAUX
1397;2136404894;AIR Canada JAZZ;;FAUX
830;1118;AIR CARAIBES EXPLOITATION;;FAUX
1500;248;AIR CARAIBES Indu.;;FAUX
751;382;AIR CARGO CARRIERS, Inc.;;FAUX
3260;;Air Carrier Accessory Svc. Inc;;FAUX
1598;1314;AIR CARRIER SERVICE;;FAUX
1738;2136405085;AIR CENTRAL;;FAUX
621;1633;AIR CENTURY;;FAUX
4462;;Air Charter Express Ltd;;FAUX
1241;910;AIR CHINA Int'l;;FAUX
3791;;AIR COMET;;FAUX
110;271;AIR COMMUTER;;FAUX
4668;;Air Congo;;FAUX
317;2136404934;Air Contractors;;FAUX
5123;;Air Contractors Engineering LTD;;FAUX
957;-895529932;Air Cost Control;;FAUX
3586;;AIR CREEBEC;;FAUX
39;2136404889;Air Cruisers;;FAUX
3813;;Air Dallas Instrument;;FAUX
2982;;Air Deccan;;FAUX
4323;;Air dimension engine;;FAUX
1347;111;AIR DOLOMITI SPA - Linee Aeree Regionali Europee;;FAUX
4473;;air dynasty;;FAUX
4957;;AIR EAGLE AVIATION;;FAUX
1418;2136405044;Air Emilia;;FAUX
1243;915;AIR ENGIADINA - Swiss Jet;;FAUX
1196;32;AIR ENTREPRISE;;FAUX
2116;;Air Europa;;FAUX
1204;51;AIR EXEL;;FAUX
4608;;Air Express;;FAUX
409;932;AIR FIJI;;FAUX
3396;;Air Finland Ltd;;FAUX
3124;;Air Flow International;;FAUX
4162;;Air Four;;FAUX
1501;249;AIR FRANCE;;FAUX
2855;;AIR FRANCE Industries;;FAUX
838;611;AIR GABON;;FAUX
4768;;Air Gazela d.o.o.;;FAUX
2995;2136405320;"AIR GLOBUS - BIURO PODROZY ""GLOBUS""";;FAUX
4669;;Air Go Airlines;;FAUX
385;582;AIR GREECE;;FAUX
3093;;AIR GREENLAND A/S;;FAUX
1495;130;AIR GUADELOUPE;;FAUX
3374;;Air Guinee;;FAUX
396;294;AIR GUYANE;;FAUX
3928;;AIR Holding;;FAUX
2258;;AIR HORIZONS;;FAUX
2107;;Air Iceland - Flugfelag;;FAUX
1698;1489;AIR INDIA;;FAUX
9;2004418073;Air Industria s.p.a.;;FAUX
3794;;Air Industries;;FAUX
1016;612;AIR INTER GABON;;FAUX
417;977;AIR INUIT;;FAUX
883;-1421375156;Air Italy;;FAUX
4593;;Air Italy Polska Sp. z o.o.;;FAUX
1785;;Air Ivoire;;FAUX
2054;;Air Jamaica;;FAUX
2775;;Air Jamaica Express;;FAUX
1502;250;Air Jet Lda. (Angola);;FAUX
3857;;AIR KAZAKHSTAN;;FAUX
419;979;Air Kenya Aviation;;FAUX
318;2136404935;Air Kiribati;;FAUX
1578;1194;AIR LAB;;FAUX
2039;;AIR LAND TURBINE;;FAUX
2866;;AIR LB-Amphenol (MF);;FAUX
1298;1466;AIR LIBERTE siege social;;FAUX
4211;;air lift;;FAUX
101;-204565252;AIR LIQUIDE;;FAUX
1773;1207;AIR LITHUANIA;;FAUX
1143;-274691181;Air Lithuania *;;FAUX
1503;251;AIR LITTORAL IND.;;FAUX
526;1029232707;Air Logic - Istamboul;;FAUX
1747;1516;Air Logic - USA;;FAUX
69;2136405134;Air Luxor;;FAUX
2451;;AIR MACAU;;FAUX
839;782;AIR MADAGASCAR;;FAUX
482;2136405018;AIR MADAGASCAR * (Purch. Dpt);;FAUX
3226;;AIR MADRID;;FAUX
3204;;Air Maintenance Estonian;;FAUX
843;799;Air Malawi Limited;;FAUX
4579;;AIR MALI;;FAUX
2578;;Air Malta;;FAUX
1034;713;AIR MANDALAY;;FAUX
404;875;AIR MANITOBA;;FAUX
1026;684;AIR MARSHALL ISLANDS;;FAUX
1504;252;AIR MARTINIQUE;;FAUX
841;784;AIR MAURITANIE;;FAUX
1497;132;AIR MAURITIUS;;FAUX
616;1628;AIR MEDITERRARANEE;;FAUX
3008;;Air Memphis;;FAUX
4478;;air mid;;FAUX
784;447;AIR MIDWEST;;FAUX
319;2136404936;Air Minas;;FAUX
1871;855871086;Air Minded Svc;;FAUX
2074;;AIR MOLDOVA;;FAUX
2450;;Air Namibia;;FAUX
2507;;Air National Corporate;;FAUX
1038;733;AIR NELSON;;FAUX
717;1080;AIR NEW ZEALAND Engineering Servces;;FAUX
5091;;Air Nigeria;;FAUX
1259;537;AIR NIUGINI;;FAUX
157;844;Air North Ltd (Canada);;FAUX
1052;174;Air Norway;;FAUX
1064;233;AIR NOSTRUM;;FAUX
918;-1147792706;Air Nostrum lam, s.a.;;FAUX
1051;173;AIR NOVA;;FAUX
490;2136405026;AIR OMEGA;;FAUX
203;1268;Air One;;FAUX
2425;;AIR ONE FEEDER India;;FAUX
195;1260;AIR OPEN SKY;;FAUX
1719;2136405065;Air Operation;;FAUX
3703;;AIR OPERATIONS INTL;;FAUX
1224;478;AIR OSTRAVA;;FAUX
3375;;Air Pacific Limited;;FAUX
2284;;Air Panama;;FAUX
3078;;Air Paradise International;;FAUX
3319;;AIR PARK;;FAUX
4554;;Air Parts - Dont USE;;FAUX
824;1027439015;Air Parts & Supply comp;;FAUX
1630;1598;Air Parts Int'l Sales;;FAUX
3344;;Air Pink;;FAUX
2480;;Air Polonia;;FAUX
1247;1019;AIR PRECISION-Cobham Avionics;;FAUX
866;-1863084916;Air Quality Aviation;;FAUX
4738;;Air Rarotonga;;FAUX
2823;;AIR RUM;;FAUX
118;285;AIR SAINT MARTIN;;FAUX
1339;102;AIR SAINT-PIERRE;;FAUX
2872;-172050803;Air Salvage International Limited;;FAUX
3077;;Air Senegal international;;FAUX
3590;;AIR SERVICE GABON;;FAUX
365;2136404959;Air Service Mechanic - DHL Reception;;FAUX
196;1261;AIR SERVICE Vamdrup aps;;FAUX
2545;1299398744;AIR SERVICES CLEVELAND;;FAUX
833;588;AIR SEYCHELLES;;FAUX
1439;1018976744;Air Shunt Instruments;;FAUX
1522;333;AIR SICILIA;;FAUX
3311;;Air Slovakia;;FAUX
2274;;AIR SOUTHWEST;;FAUX
862;-1716481334;AIR SRPSKA;;FAUX
3485;;Air Station Aviation;;FAUX
437;1047;AIR SUPPORT;;FAUX
3463;;Air Support International;;FAUX
1191;1076;AIR SUPPORT LTD;;FAUX
2278;;Air Surplus Network;;FAUX
4695;;AIR SWEDEN;;FAUX
3716;;AIR SYSTEMS EQUIPMENT & INTERIORS GmbH -ASE & I G;;FAUX
1351;115;AIR TAHITI;;FAUX
1811;773;AIR TANZANIA;;FAUX
4615;;Air Time Aviation;;FAUX
2522;;Air Tindi;;FAUX
401;870;AIR TOULOUSE Int'l;;FAUX
2433;;AIR TRANSAT;;FAUX
2232;;AIR TRANSPORT AVIONICS;;FAUX
641;1306;Air transport avionics;;FAUX
278;14;AIR TRUCK;;FAUX
1978;1007715343;Air Turquoise;;FAUX
4350;;Air Uganda;;FAUX
4032;;Air Universal Co;;FAUX
591;-1978613980;Air Vallee;;FAUX
1343;106;AIR VANUATU ENG.;;FAUX
4671;;AIR VARDAR;;FAUX
4167;;Air Vendee Investissement;;FAUX
3611;;AIR VIA;;FAUX
297;2136404911;Air Wales;;FAUX
4065;;Air West Coast maintanence;;FAUX
777;439;AIR WISCONSIN;;FAUX
4104;;Air Works India Engineering Private Limited;;FAUX
4889;;Air World LLC.;;FAUX
3312;;Air Zena Georgian Airlines;;FAUX
4907;;Air Zimbabwe;;FAUX
1207;74;AIRBC;;FAUX
2438;;AIRBLUE;;FAUX
3209;;Airborne 2000;;FAUX
4452;;Airborne Composites;;FAUX
1205;63;AIRBORNE INC;;FAUX
376;558;AIRBORNE OF SWEDEN;;FAUX
4501;;Airborne Petroleum Geophysics;;FAUX
637;991127849;AIRBORNE SUPPORT - UK;;FAUX
2506;;Airborne Systems FZE;;FAUX
4035;;Airbound Tech;;FAUX
3929;;AIRBUS FREIGHTER CONVERSION;;FAUX
5040;;Airbus Indu. - Toulouse;;FAUX
1742;1511;AIRBUS Industrie;;FAUX
368;2136404962;AIRBUS Operations SAS;;FAUX
360;2136404954;AIRBUS-INDUSTRIE;;FAUX
414;954;Aircalin - Air Caledonie International;;FAUX
3823;;Aircargonet International GmbH;;FAUX
3587;;AIRCASTLE;;FAUX
3538;;Aircelle;;FAUX
4934;;Airclaims Ltd;;FAUX
4434;;AirClass Airways;;FAUX
1743;1512;AIRCO - Aircraft Inst.&Radio;;FAUX
3270;;Aircraft & Engine Parts LLC;;FAUX
3357;;Aircraft Accessories & Components Co. Ltd;;FAUX
3653;;Aircraft Accessories of Oklahoma;;FAUX
1470;1373;AIRCRAFT BRAKING SYSTEMS;;FAUX
5001;;Aircraft Components Services LTD;;FAUX
3289;;Aircraft Equipment Ohs & Sales Ltd;;FAUX
2980;;Aircraft Global Support;;FAUX
5085;;Aircraft Instrument Canada;;FAUX
3282;;Aircraft Inventory Mgmt. Svc.;;FAUX
3798;;Aircraft Maintenance & Consult;;FAUX
3875;;Aircraft Maintenance and Support;;FAUX
1122;-477327038;Aircraft Maintenance Germany;;FAUX
1480;1384;Aircraft Maintenance Services MSI;;FAUX
1097;-710063167;Aircraft Maintenance Support;;FAUX
1375;1040197144;Aircraft Parts & Logistics;;FAUX
2224;;AIRCRAFT PARTS & SUPPLIES;;FAUX
2983;;Aircraft Parts International;;FAUX
17;2078222334;Aircraft Parts Outlet;;FAUX
2347;-747034761;AIRCRAFT PARTS SALES;;FAUX
3811;;Aircraft Parts Support Group;;FAUX
4232;;Aircraft Power & ServiceS;;FAUX
2928;;Aircraft Propeller Service;;FAUX
4650;;Aircraft Rotable Solutions, S.L.;;FAUX
1836;1608810131;Aircraft Service Bern;;FAUX
1617;1585;Aircraft Service Lemwerder;;FAUX
3607;;Aircraft Service S.A.;;FAUX
3369;;Aircraft Specialties Inc;;FAUX
1536;982598236;Aircraft Supplier IntL;;FAUX
2060;;Aircraft Supply & Repair;;FAUX
992;1221382944;Aircraft Supply Corp;;FAUX
3655;;AIRCRAFT SUPPORT AND SERVICES, Inc;;FAUX
1884;992439021;Aircraft Surplus;;FAUX
522;1028133186;Aircraft Tech Maint;;FAUX
3368;;Aircraft Tech Supply;;FAUX
3622;;Aircraft Tech. Support Sales;;FAUX
3817;;Aircraft Technical Support;;FAUX
2009;;AIRCRAFT TOOLING INC. (MF);;FAUX
1843;1668781096;AIRCRAFTERS, Inc;;FAUX
3433;;Aircruising Australia;;FAUX
1222;471;AIRDEAL;;FAUX
3525;;Air-Dimension and Engines;;FAUX
4020;;AIREAGLE AVIATION;;FAUX
2264;;AIREL Aerospace;;FAUX
462;2136404903;Aireps LLC;;FAUX
1517;321;AIRES Colombia;;FAUX
4833;;Aire-Tech Aviation Repairs;;FAUX
3710;;AIRE-TECH AVIATION SUPPLY;;FAUX
2001;;Airfast Indonesia;;FAUX
311;2136404928;Airfix Aviation;;FAUX
3496;;AIRFOIL SERVICES;;FAUX
5095;;AIRFOIL TECHNOLOGY GROUP, LLC;;VRAI
4361;;Airframe Components Europe;;FAUX
1212;60955335;Airframe Components Maint;;FAUX
3983;;Airframes Spares + Logistics Inc;;FAUX
3465;;Airgroup America;;FAUX
1766;1182;AIRINC;;FAUX
1486;1390;AIRINMAR;;FAUX
312;2136404929;AIRJET Services;;FAUX
2871;-162900932;AIRJET,Lda;;FAUX
3426;;Airland Turbine Services, Inc;;FAUX
275;-22360878;AirLiance;;FAUX
1282;1450;AIRLIANCE MAT - not to use;;FAUX
1568;2136404898;AirLiance Mat-Not to use;;FAUX
4670;;Airlift Service;;FAUX
511;1410;AIRLINAIR;;FAUX
3901;;Airline Logistics IntL;;FAUX
2257;;AIRLINE ROTABLES LTD;;FAUX
3737;;Airline Services Components;;FAUX
26;2130765980;Airline Spares America, Inc. (ASA);;FAUX
5008;;Airline Support Sweden AB;;FAUX
1446;1346;Airlines Air Spares Ltd;;FAUX
3659;;Airlines of Tasmania;;FAUX
3434;;Airlines PNG (Papua New Guinea);;FAUX
2978;;Airlines Support Sweden;;FAUX
1372;1040059689;AIRLINK LTD;;FAUX
1830;1574792319;AIRLOGIC Ltd;;FAUX
2742;;AIRMARK COMPONENTS;;FAUX
2508;;AIRMARK IntL;;FAUX
4158;;Airmaurin;;FAUX
3445;;Airnorth Regional Airlines Australia;;FAUX
4836;;Airo Industries;;FAUX
4281;;AIROD SDN. BHD.;;FAUX
3803;;AirOne Executive;;FAUX
4080;;Airpack Trading Co;;FAUX
290;2136404994;Airparts Co;;FAUX
3859;;AIRPARTS EXPRESS;;FAUX
300;2136404914;AirParts LLC;;FAUX
2176;;Airparts Supply - UK;;FAUX
4960;;AirPhil Express;;FAUX
4410;;Airplane Materials Services;;FAUX
3770;;AIRplus Maintenance GmbH;;FAUX
3527;;Air-Pro;;FAUX
308;2136404924;Airpro Aviation Sys,;;FAUX
5181;;Air-Pro, Inc;;FAUX
2644;;Airsal Linee Aeree Campane SpA |;;FAUX
1909;1615;Airshunt Instruments;;FAUX
4826;;AirSource International;;FAUX
690;312053657;AIRSPARES (UK) LTD;;FAUX
3482;;AirSpectrum;;FAUX
4505;;Airspeed Serviços Aeronauticos;;FAUX
1441;1019199896;AirStart;;FAUX
914;-1176074328;AIRSTOCKS Inc;;FAUX
3890;;Airstox;;FAUX
4038;;AIRSTREAM INTERNATIONAL GROUP;;FAUX
1869;837200049;AIRSUPPORT SVC Corp;;FAUX
1840;1646783226;Air-Tech Aviation Svc PTE;;FAUX
5024;;Airtech Global Solutions;;FAUX
808;1020928669;AirTech Instruments;;FAUX
3200;;AIRTEK INTL;;FAUX
3620;;AIRTRAN AIRWAYS;;FAUX
4170;;AIRWORK HELICOPTERS;;FAUX
568;-1573924337;Airwork NZ;;FAUX
4573;;AIRWORLD A/C Parts Intl;;FAUX
3461;;Airworthy Aerospace;;FAUX
4928;;AIS Aviation;;FAUX
4684;;AJ Aerospace;;FAUX
1188;1073;AJ WALTER (Aviation) ltd;;FAUX
4355;;AJ Walter Aviation Singapore Pte;;FAUX
5151;;AJMAL AVIATION;;FAUX
4559;;AJWA AVIATION;;FAUX
4714;;Ajwaa Alalam Technical Services;;FAUX
1949;2088983136;Ak Bars Aero;;FAUX
2126;;AKT Logistics;;FAUX
420;980;AL ANWA Est.;;FAUX
3731;;AL ASSOCIATES;;FAUX
3103;;Al Jubrout Aviation;;FAUX
4435;;Al Masria Universal Airlines;;FAUX
5096;;Al Miwan Operation & Maintenance;;FAUX
5098;;Alabama Aerospace;;FAUX
3567;;ALAFCO;;FAUX
488;2136405024;ALAMEDA AEROSPACE;;FAUX
3021;;Alan Aircraft Services;;FAUX
4834;;Alaris Aerospace Systems;;FAUX
2424;;Alaska Airlines;;FAUX
828;1114;Alaska Central Express, Inc;;FAUX
5143;;Alba Star S.A.;;FAUX
3664;;Albanian Airlines;;FAUX
4171;;Albatross Helicopters;;FAUX
679;217288398;ALBURACH AVIO SUPPORT SERVICES;;FAUX
4623;;ALCO;;FAUX
3849;;ALECTON;;FAUX
5130;;Alenia Aeronautica S.P.A;;FAUX
2587;;ALENIA Aerospazio (MF);;FAUX
5101;;Alfa Air;;FAUX
2133;;ALFA Aviation Services;;FAUX
4192;;Alfa Helicopter;;FAUX
1208;76;ALG AEROLISING;;FAUX
353;2136404946;Alisea Airlines SpA;;FAUX
1370;1039399430;ALITALIA;;FAUX
190;1255;Alitalia Express (CAI First);;FAUX
2341;1029395066;ALJ Engines Supply;;FAUX
4431;;All Aircraft Parts;;FAUX
4468;;All american aviation;;FAUX
2635;;ALL CANADA EXPRESS;;FAUX
2422;;ALL NIPPON Airways - ANA;;FAUX
5035;;All Spares Aviation;;FAUX
943;-981573458;ALL SPARES Inc AZ;;FAUX
1325;400640637;All Spares Inc CA;;FAUX
123;2136405096;ALLAERO;;FAUX
4297;;all-american aviation;;FAUX
3446;;AllEGHENY AIRLINES;;FAUX
2509;;Allegiance Air (Pty)Ltd;;FAUX
2233;;Allegiant Air;;FAUX
3955;;Allen Aircraft;;FAUX
1530;944968052;ALLFLIGHT;;FAUX
1075;997021304;Alliance Aerospace Inc;;FAUX
1688;1188;ALLIANCE AIR;;FAUX
38;2136404888;Alliance Airlines Pty;;FAUX
2477;;Alliance Airsupport Pte Ltd;;FAUX
191;1256;ALLIANCE AVIATION;;FAUX
4985;;Alliance Aviation PTE Ltd;;FAUX
3283;;Alliance Spare Parts;;FAUX
984;1137909366;Allied Aerospace;;FAUX
5073;;ALLIED AVIATION (INDIA);;FAUX
257;-134773131;Allied Services;;FAUX
1763;1179;Allied signal FCE;;FAUX
2811;;ALLIED SIGNAL GMBH;;FAUX
2660;;ALLIEDSIGNAL (MF);;FAUX
2661;;ALLISON Engine Co (MF);;FAUX
216;506;ALM Antillean Airlines;;FAUX
1981;1348819369;ALMA Aerolineas Mesoamericas SA DE CV;;FAUX
43;858;Aloha Airlines;;FAUX
4090;;Alpha & Omega Aviation services;;FAUX
4686;;Alpha 55;;FAUX
5102;;Alpha Air;;FAUX
4613;;Alpha Aircraft Systems Inc.;;FAUX
370;2136404964;Alpha Aviation Pte;;FAUX
4699;;Alpha Sentinel;;FAUX
429;1039;ALPHINE AERO;;FAUX
795;987;Alpi Eagles;;FAUX
2407;;Alpine Aerotech;;FAUX
1704;1495;Alpine Air Support;;FAUX
413;947;AlR INTER;;FAUX
2449;;ALS Limited Kenya;;FAUX
2749;;ALSALAM AIRCRAFT CO;;FAUX
865;-1864795149;ALSEC Ltd;;FAUX
537;1033628265;ALSO GMBH - DIV. SKYCOM;;FAUX
3619;;Altenrhein Aviation;;FAUX
3641;;Alteon Training UK Limited;;FAUX
4002;;ALTIMA TECHNOLOGIES;;FAUX
1333;1521;ALTO - SVC LOG;;FAUX
4660;;Altus Global Aviation LLC;;FAUX
3802;;AM Aviation Services;;FAUX
715;1061;AM SAFE Ltd;;FAUX
2519;;AM Trading;;FAUX
1833;1587270779;"AM-AEROSPACE
<amaero@pacific.net.sg>";;FAUX
4972;;Amakusa Airlines Co;;FAUX
3443;;Amber air;;FAUX
2303;;AMC (France);;FAUX
3376;;AMC Airlines;;FAUX
1750;1166;AMDP;;FAUX
3945;;AMECO BEIJING;;FAUX
753;388;AMERICA WEST EXPRESS;;FAUX
99;-228111259;American & European a/c Sales;;FAUX
348;2136404940;American Aerospace;;FAUX
1147;-268583831;American Air Parts;;FAUX
1874;887316783;American Aircraft Co;;FAUX
752;387;AMERICAN AIRLINES;;FAUX
213;1542;AMERICAN AIR-TECH;;FAUX
3472;;AMERICAN COMPOSITES;;FAUX
3745;;American Cooler services;;FAUX
1081;1000295936;American Eagle;;FAUX
4084;;AMERICAN EUROCOPTER;;FAUX
1695;1486;American General Supplies;;FAUX
2789;;AMERICAN JET ENGINE (MF);;FAUX
136;2136405109;American Jet Industries;;FAUX
4503;;American Jet S.A;;FAUX
4055;;American River International;;FAUX
2052;;American Trans Air;;FAUX
3337;;Americas Aviation;;FAUX
1531;950805600;AMERON Global;;FAUX
1459;1361;AMETEK;;FAUX
2510;;AMETEK Aerospace - Mukilteo;;FAUX
2162;2088983105;Ametek-HSA;;FAUX
527;1029394831;AMI;;FAUX
323;2136404970;AMP-C3C;;FAUX
2867;;AMPHENOL-AIR LB (MF);;FAUX
3123;;AMR EAGLE Regional A/C Maint;;FAUX
464;2136404905;AMS;;FAUX
4136;;Amsterdam Airlines;;FAUX
5029;;AMT - Aéro Maintenance & Trading;;FAUX
1792;1292;AMTEC AVIATION AEROSPACE;;FAUX
2697;;AMTEC Corp;;FAUX
3529;;AMZ Aerospace;;FAUX
1553;668915955;AN Aviation;;FAUX
871;-1830103478;ANA Trading;;FAUX
2688;;Andalus Líneas Aéreas;;FAUX
380;568;ANDERSSON BUSINESS JET;;FAUX
3877;;Anglo Aero Engine Services Limited - AAES;;FAUX
3968;;ANGLO AMERICAN PARTS;;FAUX
1922;446269933;Anglo Normandy AeroEngineering Ltd;;FAUX
4458;;Angola Air Services;;FAUX
4653;;ANI Industries;;FAUX
1776;1276;ANJOU Aeronautique;;FAUX
2290;;ANJOU AERONAUTIQUE (MF);;FAUX
1605;1749810132;ANRON Aviation;;FAUX
1359;1037259807;ANS;;FAUX
2367;;Ansett Aircraft Spares & Services;;FAUX
1017;623;ANSETT AUSTRALIA;;FAUX
1649;1121;ANSETT UK;;FAUX
1753;1169;ANTAVIA;;FAUX
3055;;ANTRAK AIR;;FAUX
3793;;AOG AIR INTL;;FAUX
4205;;AOG Aviation Spares;;FAUX
5022;;AOG Expediter Inc;;FAUX
5051;;AOG Global Response LLC;;FAUX
1936;535384417;AOG Network Intl;;FAUX
4719;;aog parts & logistic, inc;;FAUX
4854;;AOG Reaction;;FAUX
967;-807033750;AOG SOLUTION;;FAUX
209;1538;AOG Spares;;FAUX
4202;;AOG Worldwide Services LLC;;FAUX
3806;;AOGLine.com;;FAUX
1915;1621;AOM Industries;;FAUX
4911;;AP Plus Services;;FAUX
4186;;AP Surplus;;FAUX
4301;;AP-AIR;;FAUX
2858;;APC AIRCRAFT PARTS;;FAUX
1146;-272855069;APEX aviation intl ltd;;FAUX
5144;;APG - Rotables, LLC;;FAUX
1104;-631144557;API Aerospace products INTL';;FAUX
1094;-737988344;Apollo Airlines Support group;;FAUX
495;2136405031;APOLLO Aviation Services;;FAUX
2419;;APP - Anugerah Putri Perdana;;FAUX
2117;;Apparatebau gauting gmbh;;FAUX
4291;;APPH Basingstoke MRO;;FAUX
4025;;APPH Runcorn;;FAUX
2512;;APPLIED AERODYNAMICS;;FAUX
4632;;Applied Composites Engineering;;FAUX
4703;;Approach Aviation Ltd;;FAUX
1169;1014131088;APR Air Parts;;FAUX
1686;1186;APS - Air Parts Services & supply;;FAUX
3609;;APS AIR POWER SYSTEMS;;FAUX
3088;;APS Airparts Support;;FAUX
3868;;APS Trading *Dont USE****;;FAUX
1406;1504;APS Trading Serv;;FAUX
3091;;aps-aviation;;FAUX
4756;;Apxas;;FAUX
4630;;AR AIRWAYS PVT.LTD (Club One Air);;FAUX
4963;;AR Express Trading Co;;FAUX
4775;;ARABASCO - Arabian Aircraft Services;;FAUX
2725;;Aramco - Saudi Petrol Co;;FAUX
4682;;ARC - Aircraft Recycling Corporation;;FAUX
1898;1565;ARCOM Enter.;;FAUX
2582;;Arctic Circle Air Service;;FAUX
3435;;Arctic sunwest charters;;FAUX
2690;;Arctic Transportation Services;;FAUX
1059;207;ARCUS-AIR Logistic,;;FAUX
3738;;ARG Tech Sdn;;FAUX
1594;2136405119;ARGENJET AVIATION;;FAUX
902;-1276951122;ARGER Ent.;;FAUX
1180;1018018296;ARGER France;;FAUX
4690;;ARGO-TECH;;FAUX
2831;;ARIANA AFGHAN AIRLINES;;FAUX
1975;549852706;ARIAS AVIATION;;FAUX
1311;1435;ARIES SPARES;;FAUX
2838;;Arik Air;;FAUX
4919;;AristoSky Management;;FAUX
1591;993624142;Arizona A/C Support;;FAUX
46;868;ARIZONA AIRWAYS;;FAUX
1314;1438;ARJEN INTERNATIONAL;;FAUX
5170;;ARK Aerospace;;FAUX
2880;405484037;Arkas S.A;;FAUX
3830;;ARKEFLY;;FAUX
1808;766;ARKIA Israeli airlines ltd;;FAUX
2914;;ARL-Airline-Rotables;;FAUX
4194;;Arlanda Helicopters;;FAUX
4931;;ARM3 Ltd;;FAUX
3107;;ARMADA DEL ECUADOR;;FAUX
3039;;Armavia;;FAUX
940;-994593617;Armel Aeromarine Supplies;;FAUX
2623;;Armenian International airways;;FAUX
4326;;ARPIEM Aviation Service;;FAUX
4767;;Array Aviation;;FAUX
2297;;Arrow Aviation Services Private Limited;;FAUX
2942;;ARROW Dynamics;;FAUX
2160;2088983103;ARROWHEAD (MF);;FAUX
4542;;ArrowTronic;;FAUX
4799;;Artari Aerospace Inc.;;FAUX
121;2136405117;ARTEMIS aerospace, UK;;FAUX
1894;1561;"ARTUS KOLLMORGEN
ARTUS Pacific Scientific";;FAUX
3958;;ARTUS Pacific Scientific;;FAUX
2807;;AS Aviation;;FAUX
2265;;AS AVIATION INC.;;FAUX
729;1091;AS+C - ALCOA Fastening Systems;;FAUX
244;134758318;ASA-Delta Con - see ATLANTIC SOUTHEAST AIRLINS;;FAUX
1249;1021;ASB;;FAUX
3662;;Ascend Aerospace;;FAUX
4888;;Ascent Aviation Services Corp.;;FAUX
5081;;ASD Aviation Spares Distribution;;FAUX
2873;751355082;ASE&I Gmbh;;FAUX
1088;-781464511;ASEC;;FAUX
320;2136404937;ASECNA;;FAUX
2602;;Aserca Airlines;;FAUX
4990;;Ashtech International;;FAUX
236;1551;ASI Aerospace Solutionc Inc;;FAUX
3377;;Asia airline;;FAUX
4484;;asia aviation ltd;;FAUX
2293;;Asia Pacific Airlines;;FAUX
2113;;Asian ATR Training Centre - AATC;;FAUX
3909;;ASIAN Aviation Resources PTE;;FAUX
2056;;Asian Sky Support;;FAUX
2065;;Asiana Airlines;;FAUX
3111;;Askari Ltd;;FAUX
5053;;ASL;;FAUX
1932;516571102;ASM;;FAUX
4242;;A-Sonic Aviation Pte Ltd;;FAUX
2647;;ASPEN ELECT;;FAUX
3193;;Asset Conversion Service;;FAUX
3104;;Asset Management Services;;FAUX
4580;;Assoc. Aerospace Activities;;FAUX
2954;;Associated Airsupport Pvt. Ltd;;FAUX
5093;;Associated Aviation (Nigeria);;FAUX
8;2000121658;Associated Sales Intl;;FAUX
3171;;ASTAR AIR CARGO;;FAUX
4657;;Aston Aviation Supplies Pte;;FAUX
4635;;Astra airlines;;FAUX
4913;;Astro Imstruments Service;;FAUX
2568;;ASTRO Instrument;;FAUX
443;1321;ASTRODYNE INTERNATIONAL;;FAUX
2011;;Astronic;;FAUX
2932;;Astronic Aeronautical Industry;;FAUX
4151;;ASU Aviation;;FAUX
3029;;Ateam aviation (uk) ltd;;FAUX
670;141367910;atelier de la haute-garonne ahg;;FAUX
1721;2136405067;ATEM Aviation;;FAUX
3197;;ATENTION;;FAUX
1983;1445516954;ATH AVIAHELP;;FAUX
2706;;ATHENS AIRWAYS;;FAUX
2;1922404756;ATHERTON ENGINEERING CO (PVT) LTD;;FAUX
4085;;ATI;;FAUX
431;1041;ATI Sales & Services;;FAUX
4161;;ATIS AVIATION;;FAUX
4577;;Atitech SpA;;FAUX
4351;;Atlanta Aerospace;;FAUX
3534;;Atlanta Air Exchange;;FAUX
562;-1649213234;ATLANTIC AIR IND. (Ex. NANTES AERO);;FAUX
1231;489;Atlantic Airlines;;FAUX
2585;;Atlantic Airways;;FAUX
1656;1003233484;ATLANTIC AVIATION;;FAUX
4292;;Atlantic Aviation Parts;;FAUX
778;440;ATLANTIC COAST AIRLINES;;FAUX
3663;;Atlantic Jet Support;;FAUX
2707;;Atlantic Power Systems;;FAUX
1353;117;ATLANTIC SOUTHEAST AIRLINES;;FAUX
1611;1848469292;Atlantic Turbines;;FAUX
2087;;ATLANTIC TURBINES (Canada);;FAUX
2283;;Atlantico Transporte Aereo;;FAUX
2344;-650888514;Atlantique Air Assistance;;FAUX
1938;543518208;ATLAS Aerospace Accessories;;FAUX
2662;;Atlas Airparts Int'l of FL;;FAUX
1421;2136405047;Atlas Electroniks STN GmbH;;FAUX
128;2136405101;Atlasjet  Intl Airways;;VRAI
5120;;ATOMO AVIACION;;FAUX
4603;;Atomo Aviation MX;;FAUX
643;1308;ATR;;FAUX
2336;;ATR A/C TRANSPARENCIES;;FAUX
927;-1106525731;ATS;;FAUX
3884;;ATS Dubai;;FAUX
872;-1812426447;ATS Miami;;FAUX
4751;;ATSTeam;;FAUX
5111;;ATViroTech Inc;;FAUX
285;26;AUDELI AIR EXPRESS;;FAUX
367;2136404961;Augsburg Airways;;FAUX
4106;;Aurela;;FAUX
1730;2136405077;AURIGNY AIR SERVICES;;FAUX
4728;;aurion;;FAUX
4141;;AURORA AIRLINES, d.o.o.;;FAUX
1316;1442;AUSTIN AEROTECH;;FAUX
4376;;Austin Technik, LLC;;FAUX
4172;;AUSTRALASIAN JET;;FAUX
2698;;Australasian Jet Pty Ltd;;FAUX
454;1130461712;Australian Avionics;;FAUX
4173;;Australian Helicopters Pty. Ltd.;;FAUX
1215;461;AUSTRIAN AIRLINES;;FAUX
2806;;AUSTRIAN ARROWS - SEE Tyrolean;;FAUX
2236;;Austrian Technik;;FAUX
4778;;Austrian Technik Bratislava;;FAUX
2439;;Austrojet;;FAUX
3299;;Autair Aviation;;FAUX
2874;9966467;Auto Valve Ind.;;FAUX
1182;1067;AUXILEC-Thales;;FAUX
2745;;AUXILEC-Thales (MF);;FAUX
434;1044;AUXITROL;;FAUX
2642;;AUXITROL (MF);;FAUX
333;2136404980;AV Industria Aeronautica;;FAUX
1117;-520136270;AV Parts;;FAUX
528;1030723747;AV-AIR;;FAUX
1817;1461638615;AVALON;;FAUX
1135;-351417805;AVAMERICA;;FAUX
2959;2136405224;Avant Aerospace;;FAUX
1127;-436275788;AVANTI AIR;;FAUX
5179;;Avation.net (Singapore);;FAUX
3680;;AVBLUE LLC;;FAUX
1716;2136405062;Avborne/SARGENT;;FAUX
3575;;AVCENTER;;FAUX
4258;;AVCO AVIATION CONSULTANS;;FAUX
4841;;Avco International;;FAUX
2473;;AVCOM Avionics & Instru;;FAUX
2704;;AVCom Technologies (MF);;FAUX
4838;;Av-Core Aviation;;FAUX
2353;-1798436852;AVCORP INDUSTRIES;;FAUX
1378;1040375360;AvCORP Intl;;FAUX
328;2136404975;AvCraft Support Services Inc.;;FAUX
2008;;Avdef;;FAUX
2960;;ave aircraft services;;FAUX
5196;;AVECS GLOBAL;;FAUX
2790;;Avensa A/L - Venezuela;;FAUX
4339;;Aventura Aviation;;FAUX
4724;;aventure aviation;;FAUX
3198;;Aventure International Aviation Services;;FAUX
4341;;Aveos Fleet Performance Inc.;;FAUX
577;-2109158337;AV-EX;;FAUX
3878;;AVFLEX;;FAUX
1564;767013779;AVGROUP;;FAUX
5160;;AVI Inventory Services, LLC;;FAUX
5031;;Avia Express;;FAUX
1185;1070;Avia Radio A/S;;FAUX
4383;;Avia Source;;FAUX
5000;;Avia support Ltd;;FAUX
5060;;AVIA TECHNIQUE;;FAUX
3860;;Avia Traffic Company;;FAUX
711;1057;AVIAC - SAGEM SA;;FAUX
4317;;Aviacsa Mexico;;FAUX
4806;;Aviadynamics;;FAUX
1544;1335;AVIAIMPORT SA;;FAUX
2409;;AVIAINDUSTRIAL;;FAUX
2689;;AVIALINK;;FAUX
549;1211;AVIALL;;FAUX
1819;1483934345;Aviall Australia;;FAUX
2774;;AVIALL CALEDONIAN (MF);;FAUX
716;1062;AVIALL- EUROPE;;FAUX
95;2136405121;Aviall Rotable;;FAUX
2846;;AVIALL SERVICES (MF);;FAUX
3131;;AVIALL WHEEL & BRAKE SVC;;FAUX
2408;;AVIALLEUROPE (MF);;FAUX
3134;;AVIALL-Wheel and brake repair;;FAUX
1518;322;AVIANCA;;FAUX
2441;;AVIANOR;;FAUX
1199;42;AVIANOVA;;FAUX
1181;1066;AVIANOVA UK;;FAUX
4984;;AVIANOVA, Russia;;FAUX
536;1033540003;AVIAPLUS ajeh;;FAUX
1668;1397;AVIAPLUS FR - Air Industrie;;FAUX
1092;-752371286;AVIAPLUS inc.;;FAUX
1662;1007105788;AVIARMS Support;;FAUX
4772;;Aviaservices Ltd;;FAUX
2153;;AVIASIAN AIR CARGO SERVICES PTD LTD;;FAUX
1183;1068;AVIATEC;;FAUX
4399;;Aviatec Aviation Technology S.r.l;;FAUX
4925;;Aviateca , S.A. C/O;;FAUX
4583;;AVIATECH TRADING;;FAUX
3927;;Aviateco Group;;FAUX
2459;;Aviation & Electronics Support Pte Ltd;;FAUX
6;1965752325;Aviation Activities;;FAUX
1897;1564;Aviation Advisory Agency;;FAUX
1682;1476;Aviation Airmotive;;FAUX
331;2136404978;Aviation Airmotive UK;;FAUX
3522;;aviation aog;;FAUX
5080;;Aviation Asset Trading;;FAUX
3174;;aviation assistance GMBH;;FAUX
4140;;Aviation Avionics Instruments;;FAUX
1010;1399893995;AVIATION BRAKE SVC;;FAUX
3569;;Aviation Capital Group;;FAUX
3034;;AVIATION CENTER COLOGNE;;FAUX
548;1210;aviation component repair service;;FAUX
2173;;AVIATION COMPOSITE Sys (MF);;FAUX
2189;;Aviation Composite Technologies;;FAUX
3036;;Aviation Concepts, INC.;;FAUX
2012;;Aviation Consultant Asia;;FAUX
4733;;Aviation Couriers-Uk;;FAUX
2595;;Aviation Depot;;FAUX
1900;1567;AVIATION DISPLAY;;FAUX
1890;1557;Aviation Distributors;;FAUX
4870;;Aviation Engineered Products, LLC;;FAUX
3267;;Aviation Enterprises LLC;;FAUX
3692;;AVIATION EQUIPMENT SOLUTIONS;;FAUX
4060;;Aviation Excess;;FAUX
4916;;Aviation Exchange Depot;;FAUX
4310;;AVIATION EXPENDABLE SOLUTIONS;;FAUX
1301;1470;AVIATION HEADQUARTERS;;FAUX
2174;;AVIATION HYDRAULICS (MF);;FAUX
1576;1192;AVIATION INST. SVCS (Do not use);;FAUX
5154;;AVIATION INSTRUMENT SERVICE PTY. LTD.;;FAUX
4105;;Aviation Instruments Services, Inc.;;FAUX
4567;;Aviation International LLC;;FAUX
1864;26398269;Aviation Inventory Resource;;FAUX
2199;;AVIATION MAINTENANCE (Kenya);;FAUX
615;1627;Aviation Maintenance GMBH;;FAUX
3271;;Aviation Management IntL Inc.;;FAUX
5166;;Aviation Management Sales;;FAUX
1469;1372;AVIATION MART CO.;;FAUX
4147;;Aviation Nation;;FAUX
3807;;Aviation Network Services;;FAUX
4256;;AVIATION ONE MAINTENANCE & MODIFICATION Inc;;FAUX
3092;;Aviation Part Services;;FAUX
4146;;Aviation Partners Worldwide;;FAUX
1584;1340;Aviation Parts & Supply, Inc.;;FAUX
5106;;Aviation Parts One.com LLC;;FAUX
587;-2026598444;AVIATION PLUS, inc;;FAUX
4954;;Aviation Precision Resource LLC;;FAUX
4073;;Aviation Products Int'L;;FAUX
2175;;Aviation Propellers Inc.;;FAUX
4344;;Aviation Repair Technologies (ART);;FAUX
2427;;Aviation Representatives;;FAUX
326;2136404973;Aviation Resources;;FAUX
1677;1407;Aviation Rotables Supply;;FAUX
428;1038;AVIATION SALE CO.;;FAUX
4920;;AVIATION SERVICES;;FAUX
3180;;Aviation Services for aerospace partners Int'l;;FAUX
2946;;Aviation Services of America;;FAUX
210;1539;Aviation Services Research;;FAUX
584;-2050686769;Aviation Solutions;;FAUX
362;2136404956;AVIATION SOLUTIONS INTL;;FAUX
1655;1002916536;Aviation Spares & Service Intl.-ASSIC;;FAUX
638;991654425;Aviation Spares Int'l;;FAUX
3604;;Aviation Spares-Miami;;FAUX
1302;1424;AVIATION SUPPLY;;FAUX
47;2136405159;Aviation Support Europe;;FAUX
2763;;AVIATION SUPPORT LTD UK;;FAUX
878;-1506989556;Aviation Support Systems;;FAUX
1558;720833671;Aviation System Intl;;FAUX
1139;-316641842;AVIATION SYSTEMS;;FAUX
3871;;Aviation Systems Of Florida;;FAUX
3266;;AVIATION TECHNOLOGIES;;FAUX
813;1023811767;AVIATION TRADING;;FAUX
4255;;Aviation Turbines Intl;;FAUX
139;2136405112;AVIATION WORLDWIDE;;FAUX
458;1480;Aviation Zenith;;FAUX
4050;;AVIATION-EXCESS INC;;FAUX
4212;;Aviationspares;;FAUX
4485;;aviators india pvt ltd;;FAUX
573;-2136064826;AVIATORS Ltd;;FAUX
361;2136404955;AVIATRADE Gmbh;;FAUX
4654;;Aviatrix, Inc.;;FAUX
1690;1190;AVIATRON INC;;FAUX
1691;1481;Aviatronics, Inc;;FAUX
2762;;Aviavilsa (Lithuania);;FAUX
818;1025862028;Avibank;;FAUX
2351;1038848214;AVICA (MF);;FAUX
305;2136404920;Avico Aero Products & Services;;FAUX
2432;;Aview Technology Trading Ltd;;FAUX
2617;;Avimech International Aircraft;;FAUX
2561;;AVIMO (MF);;FAUX
2693;;Avio Aviation (Asia Pacific) Pte Ltd (JSD Group);;FAUX
1175;1016447462;AVIO DIEPEN UK;;FAUX
279;15;AVIO GROUP (FKA FIAT AVIO);;FAUX
2648;;AVIO INTERIORS;;FAUX
736;1149;AVIO-DIEPEN;;FAUX
907;-1244902082;Avio-diepen B.V.;;FAUX
1485;1389;Avio-Diepen Hong Kong Ltd;;FAUX
3308;;Aviointeriors SPA;;FAUX
2934;;Aviomar Holland;;FAUX
2865;;Avion Enterprises FZE;;FAUX
4761;;Avion Express;;FAUX
3309;;Avion Parts;;FAUX
3922;;AVION RESOURCES & SOLUTIONS;;FAUX
4101;;Avion Systems;;FAUX
3307;;Aviones S.A;;FAUX
3935;;Aviones y partes.com;;FAUX
2403;;AVIONET;;FAUX
4765;;Avionic Instruments;;FAUX
3639;;Avionica;;FAUX
4220;;Avionics & Aircraft Systems, Inc.;;FAUX
2164;2088983107;Avionics International AEG;;FAUX
4075;;Avionics Int'l Resources;;FAUX
1309;1433;Avionics Int'l Supply;;FAUX
3114;;Avionics Mobile;;FAUX
1005;1341878605;Avionics Northwest;;FAUX
1643;1019733468;Avionics of Southern California;;FAUX
3943;;Avionics sales  Corp;;FAUX
1925;462924833;Avionics Specialist, INC;;FAUX
2426;;AVIONICS SUPPORT (MF);;FAUX
1928;490405879;AVIONICS TECHNOLOGIES;;FAUX
3042;;Avionik Straubing;;FAUX
3456;;Avion-Systems;;FAUX
4722;;Avioparts S.L. (Madrid);;FAUX
4364;;Avior;;FAUX
567;-1579061886;AVIORIPRESE;;FAUX
433;1043;AVIOSARDA srl;;FAUX
4346;;AVIOSERV San Diego, Inc.;;FAUX
1124;-469225113;AVIOSOURCE;;FAUX
4154;;AVIOSUPPORT PTE. LTD.;;FAUX
2663;;AvioTech IOM Ltd.;;FAUX
80;2136405145;Aviotek Inst. & Access. Inc;;FAUX
3950;;Aviotrade -Romania;;FAUX
986;1139806907;Aviotrade, Inc.;;FAUX
622;1634;AVIPART;;FAUX
1934;522292855;AVIQUIPO HOLLAND B.V.;;FAUX
1177;1016525113;AVIREX;;FAUX
1511;306;AVISTO / ASB;;FAUX
2504;;AVITECH Engineering;;FAUX
2820;;AVITEK Aerospace Indu.;;FAUX
3986;;Avitex;;FAUX
4966;;AVITRADE;;FAUX
4965;;AVITRADE;;FAUX
5157;;Avitrans Nordic AB;;FAUX
4981;;AVLITE Aviation;;FAUX
2057;;Avlog Aeronautica;;FAUX
4769;;AVMAT;;FAUX
859;-1745884987;AVMATS;;FAUX
1187;1072;AVMAX GROUP;;FAUX
4897;;AVMAX Montana, Inc.;;FAUX
1541;989476136;AVNET Aviation;;FAUX
676;182157735;Avocet Aviation ltd UK;;FAUX
732;1094;AVOCET Canada;;FAUX
2023;;AVOLON;;FAUX
5067;;Avon Aero Supply Inc.;;FAUX
4371;;Avotec;;FAUX
2013;;AV-OX;;FAUX
3476;;AVPRO SPAIN;;FAUX
1074;996569408;AVPRO-USA;;FAUX
4163;;AV-REPS;;FAUX
3828;;Avsales Corp;;FAUX
2218;;AVSETS.COM;;FAUX
3897;;Avsource International, Inc.;;FAUX
3545;;Avspar Int'l. Corp;;FAUX
1407;1505;AVT- ADVANCED VISION TEC;;FAUX
1265;1099;AVTEC;;FAUX
1549;611575014;AVTEC USA;;FAUX
293;2136404997;Avtech Corporation;;FAUX
873;-1806609768;AVTECH FL;;FAUX
5100;;AVTEK Group;;FAUX
21;2095458786;AVTEL Services;;FAUX
3648;;Av-Tools.com Inc.;;FAUX
4524;;Avtrade Leasing Pte Ltd;;FAUX
1319;1445;AVTRADE LTD (UK);;FAUX
570;-1533251340;AVTRADE -MIA;;FAUX
4139;;AvWind Int’l;;FAUX
2520;;AWAS;;FAUX
4526;;AXIS AIRWAYS;;FAUX
600;-1910096177;AZ Aviation;;FAUX
945;-973643573;AZAL - AZERBAIJAN AIRLINES;;FAUX
954;-930551178;AZOR Aviacion;;FAUX
4316;;Azur Aviation;;FAUX
3108;;AZZURRA AIR;;FAUX
2540;;B Airlines;;FAUX
3507;;B BASE SPARES;;FAUX
219;1523;B&B Marketing;;FAUX
2471;;B&D INSTRUMENT & Avionics (MF);;FAUX
4404;;B&E sales & services, Inc.;;FAUX
2287;;B&G INSTRUMENT;;FAUX
175;1240;B&G INSTRUMENTS;;FAUX
198;1263;B&H Airlines  FKA Air Bosna;;FAUX
671;150492028;B&H Worldwide C/O Bel-Air Express;;FAUX
5161;;B&K Aviation Intl;;FAUX
4510;;B&S Aircraft Parts & Accy;;FAUX
4405;;B&V Aircraft Parts and Supply, Inc.;;FAUX
4320;;B.A.C.H. Flugbetriebs;;FAUX
334;2136404981;B/E Aerospace;;FAUX
1344;108;BA Connect ex Citiexpress - British Airways;;FAUX
2919;;Baboo;;FAUX
4280;;BAC Aviation (see ACL Av);;FAUX
2460;;BAC LEASING AND SALES;;FAUX
3700;;BACH Flugbetriebs;;FAUX
962;-839832095;BAE Systems;;FAUX
474;2136405006;BAE SYSTEMS US;;FAUX
2070;;Bahamasair;;FAUX
3252;;BAHRAIN AIR;;FAUX
4149;;BAI, Inc;;FAUX
3418;;Bald Eagle Turbine Sales;;FAUX
1484;1388;BALKAN BULGARIAN AIRLINES;;FAUX
4363;;Baltic AERO Group;;FAUX
1412;2136405042;Bangkok Airways - Do not Use;;FAUX
1352;116;BANGKOK AIRWAYS CO.;;FAUX
343;2136404990;BANGKOK AIRWAYS CO., LTD *2;;FAUX
4174;;Bankstown Helicopters;;FAUX
1881;992263545;BANNER AERO A/C SERVICES;;FAUX
340;2136404987;BANSBACH EASYLIFT;;FAUX
4069;;Banyan Air Service;;FAUX
301;2136404916;Barber Colman - Invensys;;FAUX
1697;1488;Barfield Inc - Georgia;;FAUX
1267;1101;BARFIELD Inc - Mia;;FAUX
2905;2088983120;Baron Group LLC;;FAUX
229;1544;BARON Int'l Aviation;;FAUX
4113;;Barrett Turbine;;FAUX
517;1122;BARRY CONTROL;;FAUX
124;2136405097;Barry Controls Aerospace;;FAUX
1096;-710137227;BARTEK aviation;;FAUX
2002;;BARTIN AERO RECYCLING;;FAUX
1483;1387;BASTIDE ELECTRONIQUE;;FAUX
58;2136405123;Batavia Air;;FAUX
5092;;Bauchi State Government;;FAUX
3211;;BAUER Aviation (AviationSpares);;FAUX
540;1112;BAX - Bel-Air Express;;FAUX
1855;1156;BAX GLOBAL (Frwdr);;FAUX
4122;;BAX/Avissar;;FAUX
4120;;BAX/Noah;;FAUX
4121;;BAX/Yohan;;FAUX
1818;1468698651;Bay View Electronics;;FAUX
3065;;BAYVIEW Aviation;;FAUX
456;1478;Bazzi Air;;FAUX
4036;;BBAIR;;FAUX
2259;;BE Aerospace SEAT Prod (MF);;FAUX
2941;;BE AEROSPACE SEATING PRODUCTS;;FAUX
2163;2088983106;BE Aerospace WEMAC (MF);;FAUX
4369;;Beagle Aerospace;;FAUX
763;413;BEARSKIN AIRLINES;;FAUX
817;1025353581;BECK Aviation;;FAUX
180;1245;BECKER Electronique;;FAUX
4428;;becker-aviation;;FAUX
2225;;Belair Airlines AG;;FAUX
2194;;BELAVIA;;FAUX
1300;1469;Bel-Bac Int'l;;FAUX
965;-815592060;Bell Aerosupply;;FAUX
3062;;Bell Aviation Supply;;FAUX
2350;175181753;Belle Air;;FAUX
3536;;Benair Freight International Limited;;FAUX
2840;;BENDIX KING (MF);;FAUX
645;1310;BENNETT AVIATION;;FAUX
3163;;berg aviation supply;;FAUX
181;1246;BERGER;;FAUX
3378;;Berjaya Air SDN BHD;;FAUX
2411;;BERKLEY INTL;;FAUX
2848;;Berry Aviation;;FAUX
3262;;Best Aviation Sales;;FAUX
560;-1667912355;Best Price in Parts;;FAUX
3861;;BESTAIR;;FAUX
3231;;BETA INDUSTRIES INC;;FAUX
1527;1201;BETTER AVIATION PRODUCTS;;FAUX
2691;;BEXAIR (Bahrain);;FAUX
2503;;BF Goodrich (Ice Protection) (MF);;FAUX
2502;;BF Goodrich (Wheels& Brakes);;FAUX
727;1089;BF GOODRICH AEROSPACE;;FAUX
1795;1295;BF GOODRICH FCE;;FAUX
2120;;BFS Business Flight Salzburg;;FAUX
3178;;BH AIR (Balkan Holidays);;FAUX
2632;;BI AERO;;FAUX
754;391;BIG SKY AIRLINES;;FAUX
432;1042;BIGATA;;FAUX
4823;;Bilyara Aviation Services;;FAUX
4855;;Biman Bangladesh Airlines;;FAUX
4741;;Bimini Island Air, Inc;;FAUX
286;27;BINTER TECHNIC;;FAUX
4619;;Birdman Air Enterprises Inc;;FAUX
3365;;"BIURO PODROZY use ""Air GLOBUS""";;FAUX
4959;;Bivas Aviation;;FAUX
3651;;Bizjet International;;FAUX
1736;2136405083;Black Lion Aviation;;FAUX
4393;;Black Tusk Helicopter;;FAUX
3256;;Blaze Aviation;;FAUX
5148;;Blue Aerospace;;FAUX
3379;;Blue Air;;FAUX
2250;;Blue Airways;;FAUX
4402;;Blue Bird Aviation;;FAUX
1935;533902386;BLUE DART AVIATION;;FAUX
4776;;Blue Islands;;FAUX
142;2136405115;BLUE LINE (France);;FAUX
5030;;Blue Line Aerospace;;FAUX
2664;;Blue Line Aviation Corp;;FAUX
2839;;Blue Moon Aviation;;FAUX
3380;;Blue Panorama Airlines;;FAUX
2864;;Blue Ridge Aero Services;;FAUX
4237;;Blue Sky Alliance (BSA);;FAUX
4175;;Blue Sky Helicopters;;FAUX
900;-1293305490;BLUE SKY Industries;;FAUX
4781;;Blue Wing Airlines;;FAUX
2119;;BLUE WINGS;;FAUX
2028;;Blue1 (Finland);;FAUX
4636;;Blu-express;;FAUX
4247;;BM Air Parts;;FAUX
2148;;BMI REGIONAL;;FAUX
4082;;BMP Pecas e Servicos para Ferrovias;;FAUX
1595;2136405120;BN Group LTD;;FAUX
3602;;BNP-PARIBAS;;FAUX
2014;;BOC AVIATION;;FAUX
1390;1085203349;BOEING;;FAUX
3708;;BOLD Aerospace LLC;;FAUX
581;-2077996218;BOMBARDIER Aerospace;;FAUX
2665;;BOMBARDIER Regional air Center;;FAUX
2513;;BOMBARDIER SERVICES CORP;;FAUX
12;2019386221;BONETTI Aircraft Support;;FAUX
1264;1098;BONNOT S.A;;FAUX
1021;640;Bon-Voyage;;FAUX
2302;;BOOKAJET;;FAUX
1648;1120;Boone Air Parts;;FAUX
507;1421;BOONE EXTEND;;FAUX
4849;;BoraJet Aviation;;FAUX
3665;;Boston-Maine Airways;;FAUX
284;24;BOURAQ AIRLINES;;FAUX
4407;;BP Aerospace;;FAUX
1669;1398;BPI Aerospace Corp;;FAUX
2049;;BQB Líneas Aéreas;;FAUX
2112;;BRAATHENS - SAS;;FAUX
1460;1362;Bramlands (Aviation) Ltd;;FAUX
812;1022659291;BRASEXPRESS;;FAUX
3858;;Brasil International Group;;FAUX
3313;;Brasmex - Brasil Minas Express;;FAUX
4831;;BRAVO Aviation;;FAUX
4110;;Brazilian Aeronautical Comm- Galeao PAMAGL;;FAUX
4894;;BRIDGEMARK AEROSPACE;;FAUX
4176;;Bright Helicopters Pty. Ltd;;FAUX
1296;1464;Bright Light USA;;FAUX
2594;;Brimpex;;FAUX
2103;;Brindabella Airlines;;FAUX
4461;;Bristow Group Inc;;FAUX
1813;776;BRISTOW HELICOPTERS Nigeria;;FAUX
1436;1018276441;BRISTOW Instruments (1977) Ltd;;FAUX
975;148;BRITAIR;;FAUX
1647;1119;BRITANIC AVIATION LTD;;FAUX
2479;;BRITANNIA AIRWAYS;;FAUX
479;2136405011;Britannic Aviation US Office;;FAUX
1254;1027;Britax;;FAUX
1626;1594;BRITE AIR Deephaven;;FAUX
742;1416;BRITE AIR FL;;FAUX
4244;;Brite Air Parts Inc;;FAUX
159;847;BRITISH AIRWAYS Tradeline;;FAUX
2619;;British European ** use FLYBE;;FAUX
3616;;British International;;FAUX
2478;;BRITISH MEDITERRANEAN;;FAUX
112;277;BRITISH MIDLAND - BMI;;FAUX
1242;912;BRITISH WORLD AIRLINES, Ltd .;;FAUX
4009;;BRITTANY EXPRESS;;FAUX
4100;;BRJ Sp. z o.o.;;FAUX
2652;;BROADWING AVIATION;;FAUX
2467;;brock air;;FAUX
730;1092;BROMMA AIR MAINTENANCE AB;;FAUX
1071;995273786;Bronzavia S.A;;FAUX
4177;;Broome Helicopter Services Pty Ltd;;FAUX
4506;;Brothers Aviation Maint. Svc.;;FAUX
3157;;BROWARD Aviation Svc;;FAUX
2708;;Brown helicopter;;FAUX
2445;;BRUCE IND.;;FAUX
3549;;Bruggemann;;FAUX
3401;;Brussels Airlines;;FAUX
113;278;BRYMON AIRWAYS;;FAUX
4224;;BSA international;;FAUX
4904;;Bucher Group;;FAUX
3381;;Buddha Air (P) Ltd;;FAUX
1567;2136404897;Bulanda Air Services;;FAUX
3437;;BULGARIA AIR;;FAUX
4107;;Bulgarian Air Charter;;FAUX
2234;;Burhan Agencies;;FAUX
1144;-273819474;Burwood Aviation Supply;;FAUX
3827;;BUSINESS AEROTECH EA;;FAUX
4850;;Business Air Parts,;;FAUX
3229;;BUSINESS JET SERVICES;;FAUX
1095;-732252756;BWIA INTL Airways;;FAUX
3018;;C&D Interiors;;FAUX
4296;;C&G Engines Corp;;FAUX
497;2136405033;C&L Aerospace;;FAUX
1904;1609;C.A.A.D;;FAUX
1847;1050;C.A.S.;;FAUX
1791;1291;C.I. Guadaira S.A.;;FAUX
3363;;C.M.I.;;FAUX
23;2116129517;C.O.R.E Aviation Services;;FAUX
983;914688312;C.S.A.E;;FAUX
3852;;CAAMS;;FAUX
3025;;Cactus Air Parts;;FAUX
4225;;Cade Technologies;;FAUX
4847;;CAE - Toronto Aviation Centre;;FAUX
4164;;CAE AVIATION;;FAUX
3302;;CAE Aviation sarl;;FAUX
2321;;CAE Brussels;;FAUX
354;2136404947;CAE Center Maastricht;;FAUX
2227;;CAE Denver;;FAUX
2237;;CAE Dubai;;FAUX
3419;;CAE Electronics;;FAUX
2272;;CAE Inc. (CANADA);;FAUX
2618;;CAE Madrid;;FAUX
2317;;CAE Vancouver;;FAUX
3292;;CAG Industries;;FAUX
4884;;Cairo Aviation;;FAUX
3780;;Calduc relais;;FAUX
1893;1560;CALEDONIAN AIRBORNE ENG.;;FAUX
201;1266;Caledonian Airways;;FAUX
3156;;CALEXPRESS / GEODIS (Frwrdr);;FAUX
3227;;CALIBER AVIATION;;FAUX
910;-1196760263;CALIBER Sales Engineering;;FAUX
627;1640;CALIFORNIA AirSales Inc;;FAUX
684;272465536;California Microwave;;FAUX
4386;;California Propeller;;FAUX
2803;;California Radomes;;FAUX
5049;;Calispan (PTY) LTD;;FAUX
2310;;Calm Air;;FAUX
2241;;CAM - Compagnie Aerienne du Mali;;FAUX
477;2136405009;CAM INTL Trade;;FAUX
538;1034231460;CAMAR;;FAUX
4584;;Camar Aircraft Parts Co.;;FAUX
3339;;Cameroon Airlines;;FAUX
5167;;CAMMIC PROCUREMENT;;FAUX
3750;;Camtronics;;FAUX
525;1029154272;Canada Aviation Supply Intl;;FAUX
1437;1018454202;Canadian Aero Accessories;;FAUX
2977;;Canadian Aircraft Components Corp.;;FAUX
4334;;Canadian Aircraft Parts;;FAUX
4463;;Canadian Airparts corp;;FAUX
4353;;Canadian Airspares;;FAUX
2130;;CANADIAN METRO AIRLINES;;FAUX
4016;;Canadian North;;FAUX
4774;;CANARYFLY, S.L. REGIONAL AIRLINE;;FAUX
814;1024036858;Canfield Electronics;;FAUX
2138;;CanJet Airlines;;FAUX
1825;1536679829;CAPCO;;FAUX
3120;2136405307;CAPE AIR;;FAUX
4178;;Cape York Helicopters;;FAUX
944;-979722732;Capital A/C Parts LLC;;FAUX
554;-1709634133;Capital Aviation Instr. & Avionics Co;;FAUX
2213;;Capital Cargo;;FAUX
4195;;Capital Electronics;;FAUX
4340;;Capiteneria Di Porto;;FAUX
4773;;CAPS, LLC;;FAUX
3466;;CAPTIVE AIR;;FAUX
183;1248;CARAIBES AIR TRANSPORT;;FAUX
3049;;CARAVAN INTL;;FAUX
698;1006;Carbone Lorraine (Do not use - See Mersen);;FAUX
3113;;CARDINAL Aerospace;;FAUX
1136;-346494673;Cardwell Condenser Corp;;FAUX
3923;;CARGO 360;;FAUX
1554;671132337;Cargo Jet Airways;;FAUX
3917;;CARGOITALIA;;FAUX
2576;;Cargojet Canada;;FAUX
66;2136405131;cargolux;;FAUX
2856;;Caribair Airlines;;FAUX
4498;;caribbean heli-jets, inc.;;FAUX
1499;135;Caribbean Star Airlines;;FAUX
2314;;CARIBBEAN SUN Airlines;;FAUX
4543;;Caribbean-Airlines;;FAUX
4507;;Carlton Aerospace;;FAUX
3382;;Carpatair S.A.;;FAUX
4079;;Carpenter Avionics;;FAUX
4649;;Carre Aviation;;FAUX
2666;;CASA (MF);;FAUX
2431;;CASC - China AV SUPP IMP & EXP;;FAUX
826;1027519419;CASCADE AEROSPACE;;FAUX
4432;;Cascade Spares;;FAUX
1628;1596;CASCO Ltd;;FAUX
1673;1403;CASGC;;FAUX
2437;;Casino Express;;FAUX
3416;;CASP Aerospace;;FAUX
4475;;CASPCO;;FAUX
4311;;CATANA;;FAUX
4837;;Caterine Aircraft Parts;;FAUX
1540;988786686;Cathay Pacific;;FAUX
2683;;Catovair;;FAUX
1326;401130510;CAV-AIR;;FAUX
4938;;CAVOK AERO DISTRIBUTION;;FAUX
5087;;CAVU Aerospace;;FAUX
3886;;Cayman Airways;;FAUX
2816;;CBK AVIATION, INC.;;FAUX
1506;260;CCM Airlines;;FAUX
1994;;CDC Center International;;FAUX
3799;;CE Aviation s.r.o.;;FAUX
3038;;Cebu Pacific;;FAUX
2226;;Ceiba Intercontinental;;FAUX
3973;;Celerak, Inc;;FAUX
665;1233;Celsius Aviocomp;;FAUX
160;1128;Celtic Aerospace;;FAUX
1756;1172;celtic jet;;FAUX
1190;1075;CENHERMA S.L.;;FAUX
247;-187953231;Central America A/C Dist;;FAUX
3047;;Central Aviation;;FAUX
1709;1034956784;Central Global Cargo;;FAUX
4179;;Central Helicopters;;FAUX
4358;;Central Mountain Air;;FAUX
1678;1472;CENTRE DES IMPOTS - TVA;;FAUX
2221;;Century Avionics;;FAUX
1379;1040652951;CFM INTL;;FAUX
4539;;CG Electronics;;FAUX
3251;;Chabok Fzco;;FAUX
1782;1282;Chalair;;FAUX
3694;;Challengair SA Europe;;FAUX
3098;;Challenger Spares and Support;;FAUX
3504;;CHAMPAGNE AIRLINES;;FAUX
2286;;CHAMPION Aerospace;;FAUX
364;2136404958;Champion Air;;FAUX
881;-1456570529;Chance Aviation Services Inc.;;FAUX
3383;;Chanchangi Airlines;;FAUX
3654;;Changsha Airport Ga service Co.;;FAUX
3515;;Changsha GA Service Co;;FAUX
114;281;CHANNEL EXPRESS;;FAUX
2826;;Channel For;;FAUX
3570;;CHANNELFOR PROCURE MANAG;;FAUX
3572;;CHARIOT AEROSPACE MATERIALS;;FAUX
4885;;Charles Taylor Aviation;;FAUX
4687;;Chartright Air Group;;FAUX
2143;;Chartright Air Inc.;;FAUX
4729;;Chase Aerospace, Inc.;;FAUX
785;449;CHAUTAUQUA AIRLINES;;FAUX
2178;;CHC HELICOPTER;;FAUX
3280;;Check C Airparts International;;FAUX
1967;2088983116;Chelton Antennas;;FAUX
1947;2088983134;Chelton Radomes;;FAUX
5146;;Chem-tronics Inc;;FAUX
1635;1603;CHEQUE RESTAURANT;;FAUX
1969;2088983118;Chevron;;FAUX
923;-1124944508;Chicago Aircraft;;FAUX
1608;1775639520;Chicago Miniature Lamps;;FAUX
2430;;Chief Air;;FAUX
4453;;Chim-Nir Aviation;;FAUX
3889;;China Aero Supply;;FAUX
3126;;CHINA AIRLINES;;FAUX
403;873;CHINA ASIA AIRLINES;;FAUX
4612;;China Aviation Supplies;;FAUX
4611;;China Aviation Supplies Imp. & Exp. Corp;;FAUX
1045;160;CHINA EASTERN AIRLINES;;FAUX
1046;161;CHINA FLYING DRAGON AVlATION;;FAUX
475;2136405007;CHINA NORTHERN AIRLINES;;FAUX
402;872;CHINA NORTWEST AIRLINES;;FAUX
2268;;China Ocean Aviation Group;;FAUX
282;20;China Postal Airlines;;FAUX
1047;163;CHINA SOUTHERN AIRLINES;;FAUX
230;1545;China Southern Airlines (Xinjiang A/L);;FAUX
2121;;China Southwest;;FAUX
1992;;China United Airlines;;FAUX
2038;;China Yunnan Airlines;;FAUX
504;2136405039;CHONGQING AIRLINES;;FAUX
3079;;Christensen Consulting and Trading;;FAUX
2179;;CHROMALLOY;;FAUX
2710;;CHROMIZING ARIZONA (MF);;FAUX
366;2136404960;Chronoexpress;;FAUX
2442;;CHRONOPOST;;FAUX
963;-831535699;CIC Aerospace;;FAUX
3649;;CIL Aircraft Parts;;FAUX
1203;50;Cimber Air Maintenance Center;;FAUX
5174;;Cimber Sterling A/S;;FAUX
2875;1308827656;Circle Seal Controls (MF);;FAUX
3634;;Cirrus Aerospace;;FAUX
480;2136405012;CIRRUS Airlines;;FAUX
5065;;Cirrus Aviation;;FAUX
5084;;Cirrus Maintenance GmbH;;FAUX
2277;2136405213;CIRRUS TECHNIK GMBH;;FAUX
3559;;CIT Aerospace;;FAUX
3102;;CITRAD Airline;;FAUX
116;283;CITY AIR;;FAUX
1306;1430;CITY AIRLINE;;FAUX
2203;;City Link - CTK Group;;FAUX
1067;240;CITYJET;;FAUX
1216;463;CITY-JET Luftfahrt;;FAUX
3832;;CL Aviation;;FAUX
3795;;Claranet France;;FAUX
3059;;CLAROSTAT SENSORS AND CONTROLS;;FAUX
2348;-585242641;CLASQUIN France (Frwrd);;FAUX
3519;;Classic Air Parts PTE;;FAUX
3872;;Clero Aviation;;FAUX
2129;;CLICK MEXICANA;;FAUX
1130;-396485800;CLOSE air Support;;FAUX
335;2136404982;Club Air;;FAUX
4008;;C-MROS;;FAUX
916;-1170955544;CMS Airceaft Support Group;;FAUX
5078;;CNS Investment Group,;;FAUX
745;357;COAST AIR;;FAUX
4675;;Coast Material Sales;;FAUX
3786;;Cobham Advanced Composites;;FAUX
2726;;Cobham Aviation Services Australia;;FAUX
2516;;Cobra International;;FAUX
4193;;Cobrex Trans;;FAUX
1277;1419;COCAAM;;FAUX
1560;736749985;COEFI;;FAUX
4026;;COFACE;;FAUX
2184;;Colgan Air;;FAUX
1270;1104;COLLINS - ROCKWELL FR;;FAUX
2827;;COLLINS - USA;;FAUX
3953;;Colossus Air;;FAUX
4685;;COLT AVIATION;;FAUX
3753;;COLT Telecom;;FAUX
2033;;Columbia Air Services;;FAUX
1804;754;COMAIR (South Africa);;FAUX
976;151;COMAIR AIRLINES;;FAUX
851;1139;COMEPA;;FAUX
3790;;COMET AIR;;FAUX
2923;;COMJET Worldwide;;FAUX
3724;;Comlux Aviation AG;;FAUX
3301;;commeca;;FAUX
3652;;Commerce Park Properties;;FAUX
1077;997252902;Commercial A/C Support Sys.;;FAUX
1761;1177;Commercial Aerospace;;FAUX
3073;;Commercial Aviation INTL;;FAUX
4180;;Commercial Helicopters;;FAUX
786;450;COMMUTAIR;;FAUX
1577;1193;COMMUTER Air Parts Support;;FAUX
4947;;COMMUTER SPARES INTL;;FAUX
658;1226;COMMUTER SUPPORT SERVICES INC,;;FAUX
1505;259;COMPAGNIE AERONAUTIQUE EUROPEENNE;;FAUX
1974;100580224;Compagnie Deutsch Svc (MF);;FAUX
1602;1703396258;Complete Avionics;;FAUX
738;1151;Composite Industrie;;FAUX
2200;;COMPOSITE INDUSTRIE (MF);;FAUX
874;-1804269721;Composite structures inc;;FAUX
1769;1203;Composites Aquitaine;;FAUX
1422;2136405048;COMSERVE;;FAUX
2359;;Comsys Tech Co;;FAUX
2501;;COMTEK (MF);;FAUX
909;-1213745168;COMTEK Advanced Structure;;FAUX
3310;;CONCORD Int'l Inc;;FAUX
4544;;Concors Riga;;FAUX
929;-1097400399;Condor;;FAUX
1842;1665157182;CONDOR Aircraft Accessories Inc.;;FAUX
1107;-616988371;CONDOR INTL Marketing;;FAUX
3255;;Condor Technical Service;;FAUX
170;1138;CONNECTOR ELECT. DEUTSCH;;FAUX
2193;;CONNECTRAL (MF);;FAUX
755;395;CONQUEST AIRLINES Corp;;FAUX
1984;;CONSOLIDATED A/C (MF);;FAUX
442;1320;Consolidated Aircraft Supply;;FAUX
2180;;CONSOLIDATED HELIFLIGHT (MF);;FAUX
2043;;CONSOLIDATED INSRUMENT & AVIONICS CO (MF);;FAUX
1788;1288;Consolidated instru & Avionics;;FAUX
5186;;CONSTANT AVIATION ROTABLE;;FAUX
3577;;Consulta S.r.l.;;FAUX
1287;1455;Consultair France;;FAUX
1060;208;Contact Air Flugdienst;;FAUX
3762;;Continental Air Parts;;FAUX
2204;;Continental AIRCRAFT SUPPORT;;FAUX
129;2136405102;CONTINENTAL AIRLINES;;FAUX
1431;119;CONTINENTAL EXPRESS;;FAUX
4587;;Contrails Capital;;FAUX
166;1134;CONTROL PRODUCTS (satair distr.);;FAUX
2027;;CONVIASA;;FAUX
3488;;COOPESA;;FAUX
2072;;Copa Airlines;;FAUX
3815;;Copenhagen Avionics & Maint;;FAUX
4950;;Copenhagen Component Servces A/S;;FAUX
3467;;Core Store Aviation;;FAUX
2238;;CORENDON Airlines;;FAUX
2461;;CORMACK A/C SERVICES (MF);;FAUX
2935;;Cornerstone Intl Aviation;;FAUX
4328;;corp jet support.com;;FAUX
4127;;Corpair Supply Company, Inc.;;FAUX
756;396;CORPORATE AIR;;FAUX
2298;;CORPORATE AIR PARTS;;FAUX
2566;;CORPORATE Aircraft Parts Sales;;FAUX
3939;;Corporate Aviation Service;;FAUX
4159;;Corporate Avionics;;FAUX
4704;;Corporate Jet Management;;FAUX
1395;2136404892;Corporate Rotable & Supply;;FAUX
1250;1022;Corporate Serv. Supp. & Mfg., Inc.;;FAUX
2053;;CORPORATE SERVICE SUPPLY & MANUFACTURING (MF);;FAUX
2958;;Corsair International;;FAUX
4416;;CORSAVIA ASSISTANCE;;FAUX
3520;;CORSE COMPOSITE AERONAUTIQUE;;FAUX
4302;;COSCO-Consolidated Oilfield Services;;FAUX
1828;1569760377;Cosgrove Aircraft inc;;FAUX
2575;;Cosmic Air;;FAUX
97;1333;COSMOS;;FAUX
2953;;Cosmos Aero Sys;;FAUX
686;282443457;COTECH Trading GB;;FAUX
3208;;Coventry Airmotive Ltd;;FAUX
427;1037;COX & CO.;;FAUX
4869;;CR Avionics;;FAUX
1358;1037036706;Crane - HYDRO-AIRE;;FAUX
1579;1195;CRANE (ELDEC CORP,);;FAUX
2206;;CRANE/HYDRO-AIR-do not use;;FAUX
4842;;CRC Aircraft;;FAUX
3730;;Creative Aviation;;FAUX
3643;;CREDIT AGRICOLE;;FAUX
3427;;Crestwood Technology Group;;FAUX
2876;1599328617;Crissair Inc. (MF);;FAUX
4165;;CRITICAL MASS AVIONICS;;FAUX
3797;;CRMA;;FAUX
845;806;CROATIA AIRLINES;;FAUX
3840;;cross check aviation;;FAUX
977;152;CROSSAIR;;FAUX
2365;;CROSSFLIGHT;;FAUX
2197;;CROUZET (MF);;FAUX
649;1217;CROUZET Automatisme;;FAUX
2792;;CRS Jet-Spares;;FAUX
1376;1040300205;CRUSE Aviation Parts;;FAUX
2801;;Crystal Gold Group Pte;;FAUX
3306;;CSS Acquisitions;;FAUX
134;2136405107;CSS Aerospace;;FAUX
4021;;CT Aerospace;;FAUX
4504;;CTL Aerospace;;FAUX
4999;;Cuana Components;;FAUX
405;884;CUBANA;;FAUX
3974;;CUNY AVIATION;;FAUX
1455;1357;Curtiss Wright Acce-GA Telesis CRG;;FAUX
5009;;Curtiss Wright Controls;;FAUX
3691;;Custom Aeronautical support;;FAUX
324;2136404971;Custom Control Sensors;;FAUX
2877;488646006;CUSTOM CONTROL SENSORS (MF);;FAUX
4865;;Cutler Aviation, Co;;FAUX
4223;;cv mandiri engineering;;FAUX
1165;1011946055;CW Aerotech;;FAUX
4131;;CW Singapore Pte Ltd;;FAUX
4716;;CY Aviation;;FAUX
3706;;CYCLONE AVIATION PRODUCT;;FAUX
2071;;Cyprus Airways;;FAUX
3385;;Cyprus Turkish Airlines;;FAUX
1496;131;Czech Airlines Technics a.s.;;FAUX
4279;;CzechAirlines - Dont Use;;FAUX
3957;;D & P Aircraft Maint. Group;;FAUX
2764;;D&D Enterprises;;FAUX
687;290873508;D&S Locators;;FAUX
1867;1553;D+C Airparts Battery;;FAUX
4413;;D3 Aviation;;FAUX
2134;;Dabury Aviation;;FAUX
1340;103;DAC AIR;;FAUX
1720;2136405066;DAC AVIATION INTL;;FAUX
3441;;Daedalus Components;;FAUX
3212;;DAHER INT'L & LOGISTICS;;FAUX
3474;;Dakota Air Parts International;;FAUX
5021;;Dal Aero;;FAUX
2791;;DALLAS A/C PROPELLERS & ACCESSORIES (MF);;FAUX
2711;;DALLAS Airmotive;;FAUX
1685;1185;Dallas Avionics;;FAUX
3773;;Dallas Centerline;;FAUX
3992;;Dalmar Aviation;;VRAI
4329;;DANA Executive Jets;;FAUX
1927;476778882;DANAVION Intl;;FAUX
682;255739054;Danbee Aerospace;;FAUX
2114;;Danube Wings (VIP WINGS);;FAUX
508;1422;DANZAS;;FAUX
681;244811894;DAO Aviation A/S;;FAUX
3605;;DAR International;;FAUX
425;1035;DART AVIATION;;FAUX
1232;490;Dart Aviation America;;FAUX
4245;;DAS International  Jet Spares, Inc.;;FAUX
2521;;Dashair Sépares Support;;FAUX
3048;;Dassault Falcon Jet;;FAUX
200;1265;DAT - Danish Air Transport;;FAUX
1040;153;DAT- DELTA AIR TRANSPORT;;FAUX
3386;;Dau Air;;FAUX
2376;;Davis Aviation;;FAUX
3994;;Daytona Aerospace;;FAUX
1712;2136405058;DC AVIATION GMBH;;FAUX
2239;;DE HAVILLAND CORP (MF);;FAUX
1713;2136405059;Debis Air Finance;;FAUX
4679;;Deccan 360;;FAUX
4479;;Deccan Charters;;FAUX
1924;451349582;DECI;;FAUX
256;-139034260;DEDIENNE Aerospace;;FAUX
327;2136404974;Dedienne Aerospace  SA Evry;;FAUX
4798;;DEFENSE TECHNOLOGY EQUIPMENT INC;;FAUX
1823;1519877419;Defense Trading;;FAUX
2240;;DE-ICE Sys Int'l (MF);;FAUX
5108;;Delavan;;FAUX
4450;;Delco Sales, Inc.;;FAUX
3024;;DELTA AIRLINES;;FAUX
232;1547;Delta Aviation Inc;;FAUX
1102;-654943229;Delta Component s.a.s.;;FAUX
4680;;Delta Connection Ltd;;FAUX
4497;;delta system - air, a.s.;;FAUX
1556;699223525;Delta Tech;;FAUX
741;1415;DELTAFORD LTD;;FAUX
2132;;Denim Air Maintenance;;FAUX
3415;2136405331;DENVER AIR SUPPORT;;FAUX
292;2136404996;Derco Aerospace Inc.;;FAUX
1919;1625;DERCO REPAIR;;FAUX
3125;;Desert Air Spares International;;FAUX
1889;1556;DESTRIERO Aircraft Spares;;FAUX
2645;;DEUCALION CAPITAL;;FAUX
1041;154;DEUTSCH BA;;FAUX
1086;-803238861;Deutsch Service;;FAUX
2316;;DEUTSH RELAY (MF);;FAUX
1368;1038555488;DEVEX, INC;;FAUX
2395;;DeVore Aviation (MF);;FAUX
3148;;DEXTER-WILSON CORP.;;FAUX
2804;;DF Aviation;;FAUX
692;1000;DFS / Chez DASSAULT AVIATION;;FAUX
4487;;DHILLON AVIATION;;FAUX
185;1250;DHL - Bahrain;;FAUX
3155;;DHL (Frwrdr);;FAUX
1442;1019221305;DHL Aviation Americas Inc.;;FAUX
757;397;DHL WORLDWIDE EXPRESS;;FAUX
4250;;Diamond Aircraft Support LLC;;FAUX
4712;;DIEHL Aerospace, Inc.;;FAUX
1479;1383;DIEHL Luftfarht Elektronik Gmbh;;FAUX
1393;1117068119;Dieter Stoffel;;FAUX
553;1215;DIMO CORP;;FAUX
4804;;DIRECT AERO SERVICES S.R.L.;;FAUX
4216;;Direct Aviation Supplies LLP;;FAUX
4883;;Direktflyg;;FAUX
1194;1079;Dirgantara Air Services (PT DAS);;FAUX
3346;;DIVERSAIR;;FAUX
265;-100344942;Diversefied Aero Svc;;FAUX
4233;;Dixie Aerospace, Inc.;;FAUX
4713;;DJ Aviations Ltd;;FAUX
1461;1363;DJB AEROSPACE;;FAUX
4114;;DLR;;FAUX
394;1331;DM Aircraft Service Inc.;;FAUX
661;1229;DMAEE-QUALISUD;;FAUX
2686;;DMI Aviation Sales;;FAUX
3352;;Dnest Aviation Services;;FAUX
2853;;Dniproavia;;FAUX
4562;;DO NOT USE;;FAUX
4746;;do not use II;;FAUX
1011;1427637913;DODSON INTL Parts;;FAUX
1613;1864172108;Dolphin Air;;FAUX
2181;;DONBASSAERO;;FAUX
2667;;Doral Aviation;;FAUX
2315;;DORNE &  MARGOLIN (MF);;FAUX
2651;;DORNIER;;FAUX
2182;;Dornier Technologie Aviation Services GmbH;;FAUX
4299;;DORUK AIR;;FAUX
2066;2136405312;DOT LT UAB (ex Danu Oro Trans);;FAUX
3699;;DOUBLE O AVIATION;;FAUX
309;2136404925;DOWELL Aviation;;FAUX
2280;;DOWTY (MF);;FAUX
2368;;DOWTY AEROSPACE (MF);;FAUX
1989;;Dowty Propeller;;FAUX
2145;;DPS Aerosupport & Consulting;;FAUX
3177;;DRAGON AIRLINES;;FAUX
2304;;Drake Air;;FAUX
1271;1105;DRIESSEN AIS;;FAUX
2834;;DRIESSEN AIS (MF);;FAUX
3371;;Drop Ship Aviation;;FAUX
1778;1278;DRS;;FAUX
3184;;Druck Inc;;FAUX
1246;922;DRUK AIR;;FAUX
3739;;DTT AVIATION;;FAUX
4196;;Dubrovnik Airline;;FAUX
4570;;Ducommun Technologies;;FAUX
2830;;DUKANE CORP;;FAUX
709;1018;Duncan Aviation;;FAUX
520;1028035929;DUNCAN AVIATION (REP);;FAUX
2712;2136405232;DUNCAN Aviation inc;;FAUX
1294;1462;DUNELM AVIATION LTD;;FAUX
2625;;DUNLOP (MF);;FAUX
683;265518515;Dunlop Aerospace Parts;;FAUX
54;2136405166;Dunlop Aircraft Tyres Limited;;FAUX
1957;2088983144;DUNLOP AIRCRAFT TYRES LIMITED (MF);;FAUX
2000;;DUNLOP Aviation (MF);;FAUX
2196;;DUNLOP FCE (MF);;FAUX
648;1216;DUNLOP France;;FAUX
667;1235;DUNLOP-Meggitt Aircraft Braking Systems;;FAUX
42;851;DUO AIRWAYS;;FAUX
3250;;Durham;;FAUX
3314;;Dutch Antilles Express;;FAUX
2794;;Dutch Eagle Express;;FAUX
994;1236460591;Dutch Valley Supply;;FAUX
3295;;DUTCHBIRD AIRLINES;;FAUX
4324;;Dwen Airmotive New Zealand Limited;;FAUX
4951;;Dwen Airmotive New Zealand Ltd;;FAUX
5165;;Dyn Corp.;;FAUX
2105;;DYNAIR THCH FLORIDE (MF);;FAUX
1724;2136405071;Dynamation research;;FAUX
4796;;Dynamic Aviation Group Inc;;FAUX
4056;;Dynamic Supplies;;FAUX
4901;;Dynaron Enterprises Pte Ltd;;FAUX
3675;;Dynaron Enterprises Pte Ltd;;FAUX
1118;-509529214;Dynatech International;;FAUX
1342;105;E.Peters Export;;FAUX
1417;2136405017;E.S.P.A;;FAUX
1860;1161;E.T.R.I. - ecofit;;FAUX
197;1262;EADS;;FAUX
505;339700911;EAE - european air express;;FAUX
4578;;Eagle Aerospace;;FAUX
4589;;Eagle Air;;FAUX
5061;;Eagle Air (Air New Zealand);;FAUX
823;1027435518;EAGLE Aviation FR;;FAUX
179;1244;EAGLE AVIATION LTD;;FAUX
416;973;EAGLE AVIATION LTD*;;FAUX
3074;;Eagle Avionics;;FAUX
3089;;EAGLE INTL;;FAUX
4595;;Eagle Support Corp;;FAUX
2971;;EAGLEFLITE;;FAUX
63;2136405128;EAS INDUSTRIES;;FAUX
3348;;EASA-145 Repair Shop;;FAUX
211;1540;EAST & WEST Trading;;FAUX
2611;;EAST AFRICAN AIRLINES;;FAUX
4337;;East African Safari Air Express Ltd;;FAUX
3149;;East Air Corporation;;FAUX
1803;753;EAST COAST AVIATION SERVICES;;FAUX
1973;84239333;EAST STAR AIRLINE;;FAUX
3705;;East Wings Intl;;FAUX
2183;;EASTERN AERO MARINE;;FAUX
228;1532;EASTERN AIRPARTS;;FAUX
1614;1866678325;Eastern Airways;;FAUX
1018;631;EASTERN AUSTRALIA AIRLINES;;FAUX
3075;2136405243;Eastern Avionics (Nebo Aviation);;FAUX
3672;;Eastern Maintenance Group;;FAUX
4678;;Eastern SkyJets;;FAUX
809;1020950659;Eastern Stone comp;;FAUX
1084;1001065776;Eastwood A/C Electric;;FAUX
2685;;easyJet.com;;FAUX
766;416;EAT - European Air Transport;;FAUX
2202;;Eaton Aerospace Ltd;;FAUX
1382;1042445063;Eaton Aerospace, Vickers Systems;;FAUX
165;1133;EATON Corp;;FAUX
499;2136405035;Ebs Maintenance;;FAUX
2092;;EC TECNOLOGIES (MF);;FAUX
707;1016;ECE - IN SERVICES;;FAUX
1997;;ECE (MF);;FAUX
1670;1399;ECE NIORT - REP;;FAUX
1179;1017999519;ECET - vibro meter;;FAUX
4618;;Eclipse Air Spares;;FAUX
4592;;E-Clust Technologies Sdn Bhd;;FAUX
2517;;ECT IND (MF);;FAUX
1853;1154;ECT. IND.;;FAUX
4927;;EDAC Aero Engine Components Repair;;FAUX
4367;;EDARP SA;;FAUX
2462;;Edelweiss Air;;FAUX
2093;;EDM of TEXAS (MF);;FAUX
1487;1391;EDMO Distributors, Inc.;;FAUX
3243;;EEE AVSERVICE;;FAUX
1451;1353;EG&G Fr;;FAUX
2884;-1050495903;EGA/GEASA - Guinea Ecuatorial Airlines;;FAUX
4378;;EGAT;;FAUX
322;2136404969;Egypt Air;;FAUX
2392;;EGYPTAIR EXPRESS;;FAUX
3998;;EIASCO/Al-Eqlaa Industrial and Aviation Supplies;;FAUX
4930;;EICI;;FAUX
2737;;EIRJET;;FAUX
3170;;EL DORADO AIRCRAFT SUPPLY;;FAUX
2306;;EL-AL ISRAEL AIRLINES LTD;;FAUX
351;2136404944;ELBE Air;;FAUX
1599;1315;ELDEC CORP - Crane;;FAUX
946;-963513462;ELDEC- France;;FAUX
2951;;Electro Enterprises;;FAUX
2777;;ELECTRON BEAM PROCESSES (MF);;FAUX
56;2136405168;Electronic Manufacturers Assoc;;FAUX
4676;;Elektro-Metall Export GmbH;;FAUX
2833;;ELENIA (MF);;FAUX
2822;;ELEX INTL;;FAUX
239;86787937;ELITE Aerospace;;FAUX
3323;;Elliot Ward Aviation;;FAUX
2448;;Elliott Aviation;;FAUX
1401;1498;ELMWOOD SENSORS;;FAUX
3359;;Elta;;FAUX
3154;;Eltra Aeronautics PTE;;FAUX
2668;;EMBRAER - Brazil;;FAUX
1661;1007020461;EMBRAER - France;;FAUX
2498;;EMBRAER - USA;;FAUX
1371;1039718010;EMBRAER AIRCRAFT MAINT;;FAUX
2137;;EMC Aerospace;;FAUX
4359;;EME ­ Elektro-Metall;;FAUX
117;284;EMERALD AIRWAYS;;FAUX
3190;;EMERY (MENLO) Worldwide (Fwrdr);;FAUX
1336;94;EMERY AIR CHARTER;;FAUX
500;2136405036;EMIRATES;;FAUX
3723;;EMPIRE AERO CENTER;;FAUX
3032;2136405295;Empire Airlines;;FAUX
260;-122130706;EMS;;FAUX
1571;1571;EMTC AVIATION SERVICES GMBH;;FAUX
3801;;Emteq;;FAUX
1956;2088983143;ENDEVCO DYNAMIC INSTRUMENT DIV;;FAUX
2405;;ENGAGE AVIATION;;FAUX
3334;;Engelhard Corporation;;FAUX
5007;;Enhance Aero Maintanence SARL;;FAUX
3490;;ENVAL Aerospace;;FAUX
4074;;EPCOR;;FAUX
4304;;Epic Aviation;;FAUX
3173;2136405378;Eproc Inc.;;FAUX
4181;;EPS Helicopter Services;;FAUX
4912;;Eqlaa Aviation;;FAUX
5136;;Equaflight Service;;FAUX
1276;1110;EQUIP AERO;;FAUX
4338;;ERA Aviation;;FAUX
1457;1359;ERICHSEN;;FAUX
4689;;Erie Aviation;;FAUX
2094;;ERIK THUN;;FAUX
1129;-413133700;ERIKS;;FAUX
3769;;ERITREAN;;FAUX
835;594;ERNIR AIRLINES;;FAUX
551;1213;EROS (VOIR IN-SERVICE);;FAUX
4494;;eskom aviation;;FAUX
2288;;ESPA;;FAUX
3722;;ESSENTIAL AIRCRAFT MAINTENANCE SERVICES -EAMS;;FAUX
3411;;ESSEX AERO SERVICES;;FAUX
1402;1500;ESSEX INDUSTRIES;;FAUX
3244;;Estafeta Carga Aérea, S.A de C.V.;;FAUX
4564;;Estonian Air;;FAUX
288;30;ETHIOPIAN AIRLINES;;FAUX
3635;;ETIHAD AIRWAYS;;FAUX
1257;1030;EUA AIR SUPPORT;;FAUX
1586;1342;EURAERO France;;FAUX
1507;261;EURALAIR lndustries;;FAUX
4433;;EURAM  Gesmbh.;;FAUX
2918;;EURAM AIR LEASES;;FAUX
2592;;EURAVIA ENGINEERING & SU;;FAUX
1597;1313;EURECA;;FAUX
3721;;Eureca Aviation;;FAUX
440;1318;EURECA SRL;;FAUX
4261;;Eureka Aerospace;;FAUX
1373;1040134351;EUREP Industries;;FAUX
2555;;Euro Atlantic Airways;;FAUX
2814;;Euro Express Aviation;;FAUX
3268;;Euro Parts Aviation;;FAUX
332;2136404979;Euro Parts Corporation;;FAUX
2261;;Euroair Ltd;;FAUX
4851;;Eurocopter;;FAUX
399;1921741890;Eurofast sa;;FAUX
2610;;EUROFLY;;FAUX
1200;44;EUROJET ITALIA;;FAUX
5152;;EUROLOT SA;;FAUX
3095;;EuroManx;;FAUX
3084;;Europarts Aviation;;FAUX
3978;;Europavia Spain;;FAUX
1108;-593418490;EUROPE AIRPOSTE;;FAUX
720;1082;EUROPE AVIATION (FNA AIR LIB Tech.);;FAUX
1464;1366;European Air Express - EAE;;FAUX
2998;;European Air Spares;;FAUX
3009;;European Air Support;;FAUX
418;978;European Aircraft Sourcing & Service;;FAUX
1781;1281;EUROPEAN AVIATION Ltd;;FAUX
1555;677754903;European Aviation Support AB;;FAUX
893;-1332864303;European logistics;;FAUX
3355;;European Skybus Ltd;;FAUX
1424;2136405050;EUROSPARES;;FAUX
283;21;EUROWINGS LUFTVERKEHRS AG;;FAUX
51;2136405163;Eurowings Luftverkehrs AG / Nurnberg;;FAUX
2849;;EVA Air;;FAUX
952;-941779575;EVAN Enterprices;;FAUX
3320;;EVANS COMPOSITES;;FAUX
849;820;EVEREST AIR;;FAUX
2499;;Evergreen Aviation Tech Corp;;FAUX
4905;;Evergreen International Airlines, Inc.;;FAUX
147;2136405091;Evergreen Sales & Leasing;;FAUX
4411;;Evergreen Trade Inc;;FAUX
2835;;Everts Air Cargo;;FAUX
4828;;EVSEN Group of Companies;;FAUX
445;1576;EXACIEL LOGISTIQUE AMC;;FAUX
2862;;EXAPAQ (fwrd);;FAUX
4091;;Excel Aerospace;;FAUX
2944;;Excel Airways Limited;;FAUX
2466;;Exclusive Aviation;;FAUX
764;414;EXEC EXPRESS II Dba LONE STAR AIRLINES;;FAUX
1053;180;EXECAIRE ,Inc.;;FAUX
4705;;ExecuJet Aviation;;FAUX
4641;;ExecuJet Aviation Group;;FAUX
3966;;ExecuJet Maintenance;;FAUX
2945;;EXECUTIVE Aircraft;;FAUX
1432;120;EXECUTIVE AIRLINS;;FAUX
4945;;Executive Inst;;FAUX
242;131218580;Executive Jet Support;;FAUX
530;1031654610;EXECUTIVE TURBINE AIRFRAME;;FAUX
3046;;Exel Technics Eindhoven B.V.;;FAUX
2993;;ExelTech Aerospace;;FAUX
5033;;Eximco;;FAUX
4234;;Expo Aviation (Pvt) Ltd;;FAUX
4674;;Express Air Freight C/O Bel-Air Express;;FAUX
1042;155;EXPRESS AIRLINES I Inc.NORTHWEST AIRLINK;;FAUX
1101;-655963660;Express Aviation Support Intl LTD;;FAUX
4949;;EXPRESS ELECTRONICS;;FAUX
3431;;EXPRESS.NET AIRLINES;;FAUX
955;-914219185;EXPRESSJET (ex Continental Express);;FAUX
4027;;ExpressJet Services;;FAUX
5050;;EZC. Inc;;FAUX
3985;;Eznis Airways;;FAUX
4067;;F.I.R.M-Future Inventory Repair Management;;FAUX
3736;;FAA;;FAUX
5149;;FAA Ltd;;FAUX
2713;;FAA-145 Repair Shop;;FAUX
3020;;FAB AIR;;FAUX
3300;;Fabas Consulting Intl;;FAUX
802;994;FAIRCHILD DORNIER;;FAUX
2340;1027685042;Fairchild Fasteners Simmonds (MF);;FAUX
2410;;FAIREY HYDRAULICS LTD (MF);;FAUX
2217;;Falcon Aero;;FAUX
3004;;Falcon Aerospace;;FAUX
4262;;Falcon Aviation Group Corp;;FAUX
4349;;Falcon Commercial Aviation;;FAUX
2453;;Falcon Dynamics, Inc;;FAUX
240;101609173;Falcon Express Cargo Airlines;;FAUX
1801;750;FALCONAIR;;FAUX
2104;;FAREM (MF);;FAUX
917;-1150430242;Farnair netherlands b.v.;;FAUX
1622;1590;FARNAIR Switzerland AG;;FAUX
3387;;Farnair-Hungary KFT;;FAUX
186;1251;FARNBOROUGH AVIATION;;FAUX
3063;;Farsound Engineering Aerospace;;FAUX
2937;;FASTCOL;;FAUX
2273;;Fastlink Egypt;;FAUX
1454;1356;FATAIR INC.;;FAUX
1684;1184;FAURE HERMAN;;FAUX
1779;1279;FAURE HERMAN (rep);;FAUX
1450;1352;FBU HELICOPTER;;FAUX
3;1924198507;Federal Air;;FAUX
1777;1277;Federico II Airways;;FAUX
800;992;FEDEX;;FAUX
3129;;FEDEX (Fwdr);;FAUX
2565;;FELAIR;;FAUX
1754;1170;FELIX AIRWAYS;;FAUX
2543;;FENWAL Safety Sys (MF);;FAUX
867;-1858060603;FENWAL SAFETY Sys.;;FAUX
1394;1117236333;Fermel Investment;;FAUX
430;1040;FFV;;FAUX
1758;1174;FIELD AVIATION;;FAUX
1729;2136405076;Field Aviation West Ltd;;FAUX
2809;;Fields Airmotive;;FAUX
2765;;FIELDTECH Avionics;;FAUX
4691;;Finist'air;;FAUX
1223;473;FINNAIR;;FAUX
4272;;Finnish Aircraft Maintenance Oy;;FAUX
2778;;Finnish Commuter A/L - Finncomm;;FAUX
2281;;Firefly Sdn Bhd;;FAUX
3711;;FIRE-TEC AERO SYSTEMS;;FAUX
1054;181;FIRST AIR;;FAUX
4964;;First Aviation Services;;FAUX
3388;;First Choice Airways;;FAUX
4260;;First Choice Military;;FAUX
3856;;First Class Air Repair;;FAUX
2089;;First Class Air Support;;FAUX
3109;;First Class Aviation;;FAUX
3874;;First Electronics;;FAUX
575;-2118943636;FIRST WAVE;;FAUX
765;2136405192;Firstmark Aerospace;;VRAI
3022;;FirstNation Airways (former Bellview);;FAUX
5064;;FirstNation Airways.DO.NOT.USE;;FAUX
4474;;fish tail air;;FAUX
1693;1484;FIVE STAR Aviation;;FAUX
1512;308;FJ Global Solutions;;VRAI
2878;-1882285633;FL Aerospace (MF);;FAUX
4533;;FL Technics AB;;FAUX
1433;121;FLAGSHIP AIRLINS;;FAUX
1072;995528822;FLAIR Aviation GmbH;;FAUX
1159;1008866910;Flame Enterprises;;FAUX
1508;262;FLANDRE AIR;;FAUX
4606;;Flatiron Aviation Mgt;;FAUX
4742;;Fleet Air International Kft;;FAUX
4182;;Fleet Helicopters;;FAUX
4412;;Fleet Support Services;;FAUX
1786;1286;Flight Component;;FAUX
4571;;Flight deck specialists;;FAUX
947;-959069401;FLIGHT Director;;FAUX
3287;;FLIGHT INDUSTRIES;;FAUX
102;-203437605;FLIGHT LOGISTICS INC;;FAUX
3812;;FLIGHT OPTIONS;;FAUX
1168;1013700053;Flight Refueling;;FAUX
45;864;FLIGHT SERVICES Group;;FAUX
563;-1645812843;Flight Star;;FAUX
4395;;Flight Support;;FAUX
226;1530;Flight Support Int'l;;FAUX
2051;;Flight Systems Int'L, Inc.;;FAUX
4072;;Flight Tech Aviation;;FAUX
3281;;Flight Tek Corp.;;FAUX
3367;;FLIGHT TIGER;;FAUX
1019;635;FLIGHT WEST AIRLINS;;FAUX
2569;;Flightcraft Maintenance Srvcs;;FAUX
3015;;FlightLine;;FAUX
4601;;Flightline Aviation;;FAUX
5103;;Flightline Services;;FAUX
4228;;flightpower;;FAUX
3919;;FlightSafety;;FAUX
2215;;FlightSource;;FAUX
4266;;Flightspares LLC;;FAUX
4229;;FlightTime Enterprises, Inc.;;FAUX
4012;;Flite Components, LLC;;FAUX
1664;1007449715;Flite Path Pty;;FAUX
3580;;Flitecraft Products;;FAUX
2083;;Flitespares Limited;;VRAI
4529;;Flitespares Limited GMBH;;FAUX
3317;;FLORIDA AEROSPACE PARTNERSHIP;;FAUX
3258;;Florida Air Services;;FAUX
2744;;Florida Jet Center;;FAUX
2829;;Flügel;;FAUX
2591;;Flugel, LLC;;FAUX
2879;-634216300;FLUID COMPONENTS INTL;;FAUX
1013;1439890191;Fly BE - British European;;FAUX
4495;;fly com;;FAUX
1651;1142;Fly LAL Charters;;FAUX
2063;;Fly Spares;;FAUX
4502;;Fly System;;FAUX
1278;1420;FLY VEDLIKEHOLD;;FAUX
2881;919095522;Fly540 (Five Forty Aviation Ltd);;FAUX
2646;;Flyair;;FAUX
5139;;FlyDubai;;FAUX
3747;;Fly-Globespan;;FAUX
2653;;FLYHAWAII;;FAUX
485;2136405021;Flying Tiger Company;;FAUX
3389;;FlyMe;;FAUX
3764;;FlyNordic;;FAUX
4740;;Flysmaland AB;;FAUX
3638;;flywex;;FAUX
3854;;FlyWhoosh;;FAUX
3959;;FOCUS AIR;;FAUX
2670;;FOKKER Services;;FAUX
449;1580;FOKKER Services Asia Pte Ltd;;FAUX
4408;;FORAVCO;;FAUX
934;-1063929053;Foremost Corp;;FAUX
4312;;Foremost International FZE;;FAUX
4183;;Forest Air Helicopters;;FAUX
4801;;FORMAT AEROSPACE;;FAUX
973;144;FORMOSA AIRLINES;;FAUX
3595;;Fortner Engineering & Mfg;;FAUX
5068;;Fortran Aviation Pte Ltd;;FAUX
506;340609315;Foshan Kele Tech Co Ltd;;FAUX
3709;;FOSSCO;;FAUX
4308;;FOUR STAR ACCESSORY;;FAUX
4252;;Fox Equipment Services, INC.;;FAUX
936;-1020145554;FP Aeroparts Middle East;;FAUX
1003;1323148232;FR Aviation ltd;;FAUX
597;-1943524899;FR HITEMP;;FAUX
1080;998636933;France Aero;;FAUX
246;-190528157;France Aviation;;FAUX
4086;;France Express Paris;;FAUX
2077;2136405310;Franmar Intl;;FAUX
555;-1708647397;Frasca International Inc;;FAUX
3606;;Frazier Aviation;;FAUX
746;358;FRED OLSEN AIR TRANSPORT;;FAUX
1998;;FREE BIRD AIRLINES;;FAUX
5115;;free1554;;FAUX
5116;;free3344;;FAUX
5142;;free447;;FAUX
5134;;free5557;;FAUX
5058;;free7474;;FAUX
4958;;free7777;;FAUX
3697;;free82545;;FAUX
4779;;free84497;;FAUX
4142;;free855;;FAUX
1945;2088983132;Free87;;FAUX
3679;;FREEDOM AIR;;FAUX
2139;;Freedom Airlines;;FAUX
3341;;Freedom Airways;;FAUX
1321;344323951;Freedom Aviation  Resources;;FAUX
4007;;FREEPORT FREIGHT FORWARDERS;;FAUX
1140;-307258562;FR-Hitemp;;FAUX
3164;;FRONTIER AIRLINES;;FAUX
3814;;F-TECH AEROSTRUCTURES;;FAUX
1456;1358;FURST AIRCRAFT;;FAUX
3902;;FUTURA;;FAUX
243;134567250;FUTURE AVIATION;;FAUX
446;1577;FUTURE Aviation Inc;;FAUX
4057;;Future Inventory Repair Mgt;;FAUX
4811;;G&G Aviation;;FAUX
4419;;G&S A/C Parts & A/L Support;;FAUX
4627;;G&S Instruments & Accessories;;FAUX
675;176633239;G.A.P.S.;;FAUX
2714;;GA TELESIS;;FAUX
5046;;GA Telesis CRG SW- Tucson;;FAUX
3844;;Gables Engineering, Inc.;;FAUX
4017;;Gadair European Airlines;;FAUX
3727;;GA-FINANCE;;FAUX
3168;;Galaxy Aero;;FAUX
2388;;Galaxy Aviation Corp;;FAUX
3272;;GALAXY INTL;;FAUX
1279;1447;GAM -Guadaira Aircraft Maintenance;;FAUX
4839;;GAMA Aero;;FAUX
493;2136405029;GAMCO;;FAUX
4010;;Gameco - Guangzhou A/C Main Eng;;FAUX
208;1273;Gamit Ltd.;;FAUX
75;2136405140;GAMM - Global Aero Maint Manag;;FAUX
329;2136404976;GANDALF AIRLINES;;FAUX
4447;;Garden city helicopter;;FAUX
1463;1365;GARRETT Aviation;;FAUX
412;940;GARUDA Indonesia;;FAUX
1398;2136404895;Gas Turbines International;;FAUX
4873;;Gatari Air Service;;FAUX
1545;806745454;GATEWAY AEROSPACE;;FAUX
2025;;Gateways Hongkong Co.;;FAUX
2026;;Gatwick Aviation;;FAUX
2090;;GATX Capital;;FAUX
1982;1371455748;GB AIRWAYS;;FAUX
4166;;GBR HELICOPTER GROUP;;FAUX
533;1032532225;GE Aviation Materials;;FAUX
4673;;GE Capital;;FAUX
3556;;GECAS - AMS;;FAUX
1891;1558;GECI Espanola Levante, SA;;FAUX
576;-2114864392;GELBYSON;;FAUX
3741;;GEMA FINANCIAL & INVESTMENT;;FAUX
3083;;GEMINI Air Support;;FAUX
5014;;Genelco Industries;;FAUX
162;1130;General Airport Systems;;FAUX
1666;1393;General Aviation;;FAUX
1429;2136405055;GENERAL DYNAMICS AVIATION SERVICES;;FAUX
98;1334;GENERAL INCENDIE (MAIP);;FAUX
3547;;General Supplies & Services;;FAUX
27;2133894419;General Transworld Corp;;FAUX
4441;;Genesis aircraft parts;;FAUX
1524;1198;GENESIS AVIATION, Inc.;;FAUX
5013;;Genova Aerospace;;FAUX
569;-1553374527;Genser;;FAUX
3883;;Georgetown Instrumetn Services;;FAUX
2550;1905214175;Georgian Airways - Airzena;;FAUX
4459;;Georgian International Airlines;;FAUX
2355;2088983094;Georgian National Airlines;;FAUX
5041;;Germania;;FAUX
3087;;GERMANIA EXPRESS;;FAUX
76;2136405141;GERMANWINGS;;FAUX
1954;2088983141;Gestair - Spain;;FAUX
1435;1008677107;GEVEN srl;;FAUX
4956;;GFM - Global Fleet Manangement Corp;;FAUX
4803;;GFM Corporation;;FAUX
1396;2136404893;GFORCE AEROSPACE;;FAUX
846;807;Ghana International Airlines;;FAUX
119;287;GILL AIRWAYS;;FAUX
2615;;GIMI AVIATION PARTS SALES;;FAUX
3081;;Girard Fasteners & Supply;;FAUX
2464;;GIRJET;;FAUX
4661;;GKN Aerospace – San Diego;;FAUX
1653;1144;GLENDALE INTERNATIONAL;;FAUX
4345;;Global Aerosolutions, Inc.;;FAUX
5110;;Global Aerospace Alliance, LLC;;FAUX
10;2004492807;Global Aerospace Corp;;FAUX
4561;;Global Aerospace Engineering;;FAUX
4718;;Global Air;;FAUX
3298;;GLOBAL Air Sales;;FAUX
1569;2136404899;Global Airline Support;;FAUX
3742;;Global airparts Direct;;FAUX
2081;;GLOBAL AIRSPARES;;FAUX
1292;1460;GLOBAL AIRTECH;;FAUX
4817;;Global Aviation Co.;;FAUX
3468;;Global Aviation Co.- Norcross;;FAUX
3248;;Global Aviation Enterprises Inc.;;FAUX
1113;-556327456;Global Aviation Resources;;FAUX
3925;;Global Aviation Services;;FAUX
4948;;Global Aviation Spares;;FAUX
2514;2136405343;Global Aviation Spares Pty Ltd.;;FAUX
4858;;Global Aviation Systems;;FAUX
1861;1162;Global Aviation Tech services (AIE3);;FAUX
535;1033456386;Global Filtration;;FAUX
4706;;Global Jet Concept;;FAUX
3135;;Global Parts Inc.;;FAUX
3166;;Global Parts Support;;FAUX
3930;;GLOBAL PRINCIPAL FINANCE;;FAUX
888;-1394468748;Global Support;;FAUX
2687;;GLOBAL TRADE GROUP Inc. (MF);;FAUX
3632;;GLOBAL TURBINE PARTS;;FAUX
4480;;GLOBAL VECTRA HELICORP;;FAUX
1478;1382;GLOBALL AERO SVCS;;FAUX
2882;-516957253;Globe Motors;;FAUX
4538;;Globe Span Aerospace Parts;;FAUX
3056;;Globus Aviation;;FAUX
3809;;Globus Aviation USA, LLC;;FAUX
3019;;GMAIR;;FAUX
1299;1468;GMDC Inc;;FAUX
1415;2136405015;GMDC UK LTD.;;FAUX
4721;;GMF AeroAsia;;FAUX
3187;;GMF AeroAsia - GARUDA MAINTENANCE;;FAUX
578;-2093152562;GMG Airlines;;FAUX
672;168782071;GMG Aviation;;FAUX
4488;;gmr aviation;;FAUX
1859;;GOAIR;;FAUX
2845;;GOAL;;FAUX
2716;;GODFREY AEROSPACE (MF);;FAUX
3333;;Gol Transportes Aéreos S/A;;FAUX
4168;;GOLD COAST HELITOURS;;FAUX
377;563;Golden Air Flyg AB;;FAUX
4791;;Goldt GBR/Germany;;FAUX
1126;-454410587;Goodrich Actuation Systems SAS;;FAUX
4029;;GOODRICH AEROSPACE L/G;;FAUX
4770;;Goodrich Aerostructures;;FAUX
254;-142674505;Goodrich Control Sys Australia;;FAUX
143;2136405116;Goodrich Control Sys Pte;;FAUX
2991;;Goodrich Control Systems UK;;FAUX
3037;;Goodrich Corp Wheels - Brakes;;FAUX
127;2136405100;GOODRICH CORPORATION;;FAUX
2343;-1673460539;GOODRICH Customer Services;;FAUX
3666;;Goodrich Power Systems;;FAUX
1870;838219256;GOODRICH Rosemount;;FAUX
3054;;Goodrich Rosemount Aerospace Ltd.;;FAUX
3053;;GOODRICH TAECO AERONAUTICAL SYSTEMS(XIAMEN) CO. .;;FAUX
4033;;Goodrich-Component OH & Rep;;FAUX
337;2136404984;Goodtich Control sys;;FAUX
1253;1026;GOODYEAR;;FAUX
2382;;Goodyear Tire Flight Operation;;VRAI
4215;;GoProAero (GPA);;FAUX
2808;;GORE-SHIELD (MF);;FAUX
2528;;GORMAN Aviation;;FAUX
981;1303;GPI;;FAUX
3893;;GRAHAM FLYING SERVICES;;FAUX
758;408;GRAND AIRE EXPRESS,lnc.;;FAUX
759;409;GRAND AIRWAYS;;FAUX
760;410;GRAND CANYON AIRLINES, Inc.;;FAUX
3783;;GRAND CHINA EXPRESS AIR;;FAUX
4895;;Grand Eagle Aero Support Ltd;;FAUX
3701;;Grand Prairie Accessory;;FAUX
1952;2088983139;Grayhill (MF);;FAUX
4148;;Graylyn Turbines;;FAUX
3979;;GREAT EAGLE (SHENZHEN) AVIATION ENGINEERING;;FAUX
779;441;GREAT LAKE AIRLINES;;FAUX
4380;;Great Lakes Air Support;;FAUX
2860;;Great Lakes Global Aviation Logistics;;FAUX
1748;1517;Great Lakes Turbines;;FAUX
291;2136404995;Great Plains Airlines;;FAUX
88;2136405153;Great SouthWest Aviation;;FAUX
974;145;Great Wall Airlines;;FAUX
3617;;GREEK AIR LTD;;FAUX
2352;2031533734;Greene Tweed & Co (MF);;FAUX
411;937;GREENLANDAIR Inc.;;FAUX
1921;432504111;Greensleeve Trading Co.;;FAUX
4753;;GRG Aircraft and Leasing Inc;;FAUX
4184;;Griffin Helicopters;;FAUX
529;1031556685;GRIMES AEROSPACE;;FAUX
4438;;Growth Industries, Inc.;;FAUX
3831;;GRUPO  TYSAC;;FAUX
3916;;GRUPO CREVAL;;FAUX
4586;;grupo-tysac;;FAUX
4899;;GSO AVIATION;;FAUX
5006;;GSS Aviation;;FAUX
2420;;GTC GAS TURBINE (MF);;FAUX
1581;1337;GTE;;FAUX
3517;;Guangzhou Hangxin Avionics Co., Ltd;;FAUX
3693;;Guggenheim aviation;;FAUX
1942;552467567;Guinault;;FAUX
3442;;Gulf Aerospace Co;;FAUX
903;-1274545381;Gulf Air - Bahrain;;FAUX
2883;479437280;GULFSTREAM Aerospace;;FAUX
761;411;GULFSTREAM INT'L AIRLINES;;FAUX
4300;;Guneydogu Aviation;;FAUX
844;805;GUYANA ARWAYS;;FAUX
953;-937816420;H&H Associates;;FAUX
5028;;H.A.S Aviation;;FAUX
509;1408;H+S Aviation;;FAUX
3151;;HAECO - Hong Kong Aircraft Engineering;;FAUX
1988;1160;HAIC;;FAUX
2141;;Hainan Airlines;;FAUX
2404;2136405396;HALCYONAIR CABO VERDE AIRWAYS;;FAUX
4000;;HALE AVIATION SERVICES PTE LTD.;;FAUX
791;983;HAMBURG International;;FAUX
3735;;HAMILTON AEROSPACE TECHNOLOGIES;;FAUX
1313;1437;HAMILTON STANDARD;;FAUX
550;1212;HAMILTON SUNDSTRAND  (USA);;FAUX
1845;1049;Hamilton Sundstrand (NL);;FAUX
3051;;Hamilton Sundstrand Illinois;;FAUX
3213;;HANDLAIR;;FAUX
2621;;HANGAR ONE Iceland;;FAUX
1163;1011771266;HANGXIN Avionics Co Ltd;;FAUX
875;-1799807749;HANSAIR logistics;;FAUX
2096;2136405346;HANSUNG AIRLINES;;FAUX
3035;2136405245;Hanviet Technical services and Trading Co;;FAUX
863;-1886573618;Hapag-Lloyd Fluggesellschaft mbH;;FAUX
4508;;Hapsco;;FAUX
2243;;HARBIN EMBRAER AIRCRAFT;;FAUX
2097;;Harmony Airways;;FAUX
3269;;HARRWAY;;FAUX
2381;;HARTMAN;;FAUX
890;-1374731982;HARTWELL Corp;;FAUX
457;1479;HARTZELL;;FAUX
3469;;Hawaiian Airlines;;FAUX
1674;1404;HAWK Aviation;;FAUX
4604;;Hawk Aviation (LA) - LCC;;FAUX
2922;;HAWK AVIATION APU SERVICE;;FAUX
146;2136405090;HAWK AVIATION BRASIL LTDA;;FAUX
4231;;Hawkair Aviation Services;;FAUX
4896;;Hawker Beechcraft Parts and Distribution;;FAUX
2041;;Hawker Pacific Aerospace;;FAUX
1134;-357534835;Hawker Pacific PTY LTD.;;FAUX
2597;;Hawker Pacific Pty-Dubai;;FAUX
1471;1374;Hayward & Green Aviation;;FAUX
1020;636;HAZELTON AIRLINES;;FAUX
111;276;Hdair.com (FKA BAC EXPRESS);;FAUX
3090;;Headset Services;;FAUX
3676;;HeavyLift International Airlines;;FAUX
2961;2136405226;HEICO Component Repair Group;;FAUX
2397;;HELI AIR;;FAUX
4455;;Heli Alps;;FAUX
4466;;heli aust;;FAUX
4185;;Heli Charters Australia Pty Ltd;;FAUX
4190;;Heli Holland;;FAUX
4968;;Heli Malongo;;FAUX
4426;;HELI SERVICE BELGIUM;;FAUX
4210;;Heli West;;FAUX
1057;197;HELIAVIA;;FAUX
4605;;HELIBRAS;;FAUX
2821;;Helicopter and Aircraft Spare Parts;;FAUX
4456;;Helicopter Transport Services Canada;;FAUX
1534;980276915;Helicopters Chile;;FAUX
1509;263;HELIGLOBE FINET FRANCE CARGO;;FAUX
277;11;Heli-One (NETHERLANDS) B.V.;;FAUX
3621;;Heli-One Comp. (Canada);;FAUX
4924;;Heli-One(Norway) AS;;FAUX
4236;;HeliPart Nevada;;FAUX
4696;;Helisecurite;;FAUX
3290;;HELISPARES;;FAUX
4208;;Helitour Ltd;;FAUX
4446;;helitrans;;FAUX
5194;;Helitrans AS (NO);;FAUX
5193;;Helitrans AS (NO);;FAUX
5192;;Helitrans AS (NO);;FAUX
5191;;Helitrans AS (NO);;FAUX
518;1123;HELLA GMBH;;FAUX
2356;1040721723;Hellas Jet;;FAUX
2421;;HELLENIC (MF);;FAUX
1098;-695995657;Hellenic Star Airways;;FAUX
3999;;HELLO;;VRAI
2331;;Helvetic Airways AG;;FAUX
2606;;Helvetic Wings;;FAUX
2220;;Hemus Air;;FAUX
3150;;Heoux-Devtek Inc.;;FAUX
2857;;HEREUS SENSOR;;FAUX
3137;;Heritage Turbines;;FAUX
740;1153;HERMETIC- AAR;;FAUX
2717;;HEURCHROME (MF);;FAUX
3390;;HEWA BORA AIRLINES;;FAUX
373;2136404967;Hex Air;;FAUX
3067;;Hexcel Composites;;FAUX
2779;;HFC Enterprises;;FAUX
3873;;HHM - H.H. Mercer, Inc.;;FAUX
4856;;Hi Fly;;FAUX
3899;;Hi Tech Aero Spares, a Division of ATC;;FAUX
1940;550423144;HIBBERT & RICHARDS;;FAUX
4800;;High Sky Aviation Parts;;FAUX
919;-1146590657;HIGH STANDARD Aviation, INC.;;FAUX
557;-1684343983;High Tech Avionics & Accys;;FAUX
3845;;HIGHER SOURCE AVIATION;;FAUX
303;2136404918;Highland Airways;;FAUX
347;2136404939;Highland Airways *;;FAUX
889;-1380450659;Hispano- Suiza;;FAUX
1566;800793542;HK Aerospace LLC;;FAUX
2836;;HM AIRWAYS;;FAUX
1953;2088983140;Hochelaga Aerospace (MF);;FAUX
939;-1014225312;HOFER Aviation;;FAUX
3980;;Hoffmann Propeller;;FAUX
3636;;hola airlines;;FAUX
2307;;Holmberg Dont Use;;FAUX
1275;1109;HOLMBERG GmbH & Co KG Berlin;;FAUX
378;565;HOLMSTROEM AIR HUDIKSVALL,;;FAUX
258;-134079567;HOLSTEIN AERO LOGISTICS;;FAUX
4609;;Homac Aviation Services AG;;FAUX
2924;;HONEYWELL - ONTARIO;;FAUX
2005;;HONEYWELL (MF);;FAUX
998;1267784194;HONEYWELL (WA);;FAUX
3253;;Honeywell Aerospace - ES&S;;FAUX
5104;;Honeywell Aerospace (Ohio);;FAUX
460;2136404901;HONEYWELL AEROSPACE Canada;;FAUX
697;1005;Honeywell Aerospace GMBH;;FAUX
4640;;Honeywell Aerospace Trading;;FAUX
3668;2136405335;Honeywell Canada -Slemon Park;;FAUX
450;1581;HONEYWELL HPG France;;FAUX
510;1409;HONEYWELL HPG Gmbh;;FAUX
3330;;Honeywell HPG Trading Svcs;;FAUX
307;2136404923;Honeywell Inc;;FAUX
1883;992413041;Honeywell International;;FAUX
1273;1107;Honeywell International Sárl (HIS);;FAUX
212;1541;HONEYWELL INTL Aerospace Trading Group;;FAUX
330;2136404977;HONEYWELL Int'l Inc. (AL);;FAUX
3717;;Honeywell Irving;;FAUX
422;1032;HONEYWELL UK (Use Honeywell International SARL);;FAUX
3276;;HONEYWELL-AEROTRADING;;FAUX
2654;;Hong Kong Airlines;;FAUX
2342;245011120;HONG KONG EXPRESS AIRWAYS;;FAUX
2718;;HOOSIER AIRCRAFT ACCESSORIES (MF);;FAUX
4717;;Hope Aero Propeller & Components Inc.;;FAUX
1488;122;HORIZON AIR;;FAUX
238;79554112;HORIZON AIR SUPPORT;;FAUX
4283;;Horizon Aircraft Parts;;FAUX
4448;;horn bill skyways;;FAUX
173;1238;HOUSTON AVIATION;;FAUX
2483;;HOWARD A/C Corp (MF);;FAUX
2885;-1616323826;HOWDEN Airscrew;;FAUX
2719;;HOWMET Refurbishment (MF);;FAUX
4710;;Hozu-Avia;;FAUX
4204;;HPD Corp;;FAUX
2720;;HRD Aero Sys (MF);;FAUX
398;1915216808;HRD Aero Systems;;FAUX
2658;-2038463251;HS Marston Aerospace (MF);;FAUX
4788;;HSBC;;FAUX
2629;;HSC CONTROLS INC. (MF);;FAUX
4900;;HS-Shannon;;FAUX
906;-1255859354;HUBAIR;;FAUX
3882;;Hudson Comercio & Servicos Ltda;;FAUX
3936;;Hudson Enterprises;;FAUX
2305;;HUNT MATERIALS;;FAUX
1263;1097;HUNTER AVIATION SCES;;FAUX
2828;;HUNTER AVIATION SUPP. SCES (MF);;FAUX
2016;;HUNTING AVIATION (MF);;FAUX
4421;;Hurricane Electronics Inc;;FAUX
4736;;HYDAC Hydraulik Gesellschaft;;FAUX
1400;1497;HYDRA-ELECTRIC;;FAUX
2157;2088983100;HYDRAFLOW;;FAUX
1255;1028;HYDREP;;FAUX
3910;;HYMATIC ENGINEERING CO LTD;;FAUX
172;1237;HYPER TECHNOLOGIES;;FAUX
2630;;Hypercoat Enterprises;;FAUX
1085;-804930060;I.A.S.G;;FAUX
1765;1181;I.E.C Electronique;;FAUX
2289;;iAero Inc.;;FAUX
5183;;IAI Components Division;;FAUX
1985;;IAI ENGINES DIVISION;;FAUX
1703;1494;IAS;;FAUX
737;1150;IAS Industrial & Airborne Systems;;FAUX
3082;;IBA - see International Business Air;;FAUX
222;1526;IBA Group Limited;;FAUX
4750;;IBC Airways;;FAUX
4051;;Iberel Inc.;;FAUX
2963;;IBERIA Airlines;;FAUX
4537;;IBERIA Maintenance;;FAUX
3508;;IBERTRANS AEREA;;FAUX
3158;;IBERWORLD AIRLINES;;FAUX
2115;;IBEX Airlines Co;;FAUX
400;869;IBM Euroflight;;FAUX
3613;;ICARE;;FAUX
2930;;ICARO;;FAUX
4973;;Icaro Express;;FAUX
4119;;Iceland Express;;FAUX
836;596;ICELANDAIR;;FAUX
2155;;Icon Northern Rubber (MF);;FAUX
252;-149779509;ICX;;FAUX
150;2136405094;IDC Aerospace IN SVC;;FAUX
4942;;Idea Builders;;FAUX
2988;;IDENTIPARTS;;FAUX
2098;;IEC  ELECTRONIQUE;;FAUX
1707;1034928604;IEG - Informatic Eng.GmbH;;FAUX
2354;1654947580;Ifly Aviation;;FAUX
3683;;IHI-Ishikawajima Harima Heavy Industries;;FAUX
451;1582;IKAROS AVIATION;;FAUX
3869;;ILA Investments;;FAUX
3555;;ILFC;;FAUX
154;837;ILLIAMNA AIR TAXI INC.;;FAUX
1589;993536268;ILN technologies;;FAUX
595;-1954615091;ILS Gmbh;;FAUX
5107;;ILSCARGO;;FAUX
3304;;ILSmart;;FAUX
3362;;IM - UND Export Trachtenbrodt;;FAUX
744;1418;IMAGINE AIR LIMITED (UK);;FAUX
2675;;Imagine Air Ltd.;;FAUX
1364;1037977228;IMC Magnetics Corp.;;FAUX
3588;;IMG/Yohan;;FAUX
3684;;IMP GmbH & Co.KG;;FAUX
2346;1049444250;Impact Airspares;;FAUX
1116;-542046873;Impair SL;;FAUX
4707;;Imperial Jet;;FAUX
1582;1338;IMPERVIA - SHAMBAN;;FAUX
2389;;IMPERVIA (MF);;FAUX
1083;1000909295;IMPORT EXPORT air Service;;FAUX
3072;;IMPORT EXPORT AVIATION;;FAUX
4647;;IMT Aviation;;FAUX
2721;2136405291;INAIR Aviation Services;;FAUX
4545;;Indaer;;FAUX
4239;;Indamer;;FAUX
2979;;INDEPENDENCE AIR;;FAUX
4470;;India Flysafe Aviation;;FAUX
855;1535;INDIAN AIRLINES;;FAUX
2605;;INDIGO;;FAUX
3763;;Indonesia Air Transport- PT - IAT;;FAUX
2484;;Indra - Spain;;FAUX
171;1236;INDRAERO SIREN;;FAUX
3728;;INDUS AIRWAYS;;FAUX
466;2136404907;INDUSTRIA;;FAUX
2497;;Industrial Aeronáutica SA (Colombia);;FAUX
4874;;Industry Trade;;FAUX
74;2136405139;Inet Aviation;;FAUX
630;1643;INFINITY Air, Inc.;;FAUX
937;-1016022714;INFINITY Trading & Solutions (I.T.S);;FAUX
3541;;Inflite Southend-On-Sea;;FAUX
2767;;INGENIERÍA SEMASA, S.A.;;FAUX
4422;;Inlet Aviation;;FAUX
3505;;INNODYNE SYSTEMS;;FAUX
1335;92;INNOTECH AVIATION;;FAUX
1100;-660442902;INSTRULAB;;FAUX
2766;;INSTRUMENT Tech Corp;;FAUX
1618;1586;INTALOGIK;;FAUX
3535;;Inter - Transportes Aereos Inter;;FAUX
2088;;Inter Airlines;;FAUX
4418;;Inter Continental Trade;;FAUX
4417;;Inter Continental Trade;;FAUX
1802;752;Inter Ekspres Airlines;;FAUX
2099;;INTER Service S.A.;;FAUX
4970;;Inter Sky;;FAUX
52;2136405164;INTERAERO inc;;FAUX
1920;1034367755;Interavia Aero, Inc.;;FAUX
3687;;Interavia Spares & Services;;FAUX
1055;183;INTER-CANADIAN;;FAUX
4201;;Interconnect Systems Pty Ltd;;FAUX
4240;;InterGlobe General Aviation;;FAUX
2147;;INTERJET;;FAUX
825;1027508650;Intermediacion Aerea;;FAUX
3995;;International Aero Engines AG;;FAUX
4221;;International Aero Interiors, Inc;;FAUX
5018;;International Aero Services Pte Ltd;;FAUX
4200;;International Aero Suppliers;;FAUX
29;2136404878;International Air Parts Pty Ltd.;;FAUX
3640;;International Aircraft Associates;;FAUX
3796;;International Aviation Marketplace;;FAUX
2613;;International Aviation Supply;;FAUX
4511;;International Aviation Team Inc.;;FAUX
3350;;International Business Air;;FAUX
669;136731354;International CG - AVIOGENEX;;FAUX
4445;;International Component Services Group;;FAUX
1176;1016523367;International Flight Support;;FAUX
3356;;international logistics & support corporation;;FAUX
1167;1013673008;International Precision;;FAUX
2158;2088983101;International Seal Co;;FAUX
2770;;INTERNATIONAL TURBINE SERVIC;;FAUX
3628;;INTER-SAFE;;FAUX
4134;;INTERSERVICE SA;;FAUX
2151;2136405297;INTERSKY - Austria;;FAUX
3627;;Intersky Precision Instruments, Inc.;;FAUX
3428;;Interstate Airlines B.V.;;FAUX
1929;494793141;INTERTRADE - Rockwell Collins;;FAUX
2781;;INTERTURBINE Log, USA;;FAUX
227;1531;Interturbine Logistik GmbH;;FAUX
2537;;INTL AERO ENGINES;;FAUX
646;1311;INTL AEROSPACE ASIA;;FAUX
2068;;INT'L Aerospace Group;;FAUX
358;2136404951;Intl Aerospace Technologies;;FAUX
3960;;Int'L Air Parts Australia;;FAUX
79;2136405144;INTL Aircraft Assoc.;;FAUX
1295;1463;INTL Airline Support Group - IASG;;FAUX
879;-1489824776;INTL Aviation Supply;;FAUX
1430;2136405056;INTL FLIGHT SUPPORT;;FAUX
4319;;INTL GOVERNOR SVC;;FAUX
1551;636418158;INTL Logistic Support GMBH;;FAUX
3551;;INTL Tecnical Consultants;;FAUX
2752;;Intra-Asia Services Pte;;FAUX
90;2136405155;Inventory Navigation;;FAUX
2244;;INVENTORY Navigators;;FAUX
1132;-362019791;Inventory Support Intl;;FAUX
4868;;Inversiones Yahara, SA;;FAUX
4910;;INVICTUS AEROSPACE;;FAUX
1120;-495581888;IP Intl Precision;;FAUX
1715;2136405061;IPAC Group;;FAUX
2974;;IPCO Fr;;FAUX
1600;1316;IPECO EUROPE;;FAUX
1757;1173;IPP;;FAUX
3069;;IPTN North America;;FAUX
65;2136405130;iran air;;FAUX
1346;110;IRAN ASEMAN AIRLINES;;FAUX
4424;;Irish Helicopters Limited/ PDG Helicopters;;FAUX
3757;;IRS AIRLINES;;FAUX
4708;;ISD AVIA, LTD;;FAUX
2637;;ISLAND AIR;;FAUX
4420;;Island Aviation Holdings, Inc.;;FAUX
3758;;Island Aviation Services Limited;;FAUX
4725;;Island Aviation, Inc. / A. Soriano Group;;FAUX
4700;;island hooper;;FAUX
2010;;Island Transvoyager;;FAUX
837;597;ISLANDSFLUG HF;;FAUX
356;2136404949;Islas Airways S.A;;FAUX
1520;330;ISLENA AIRLINES;;FAUX
1714;2136405060;ISO Group;;FAUX
3205;;ISO Parts;;FAUX
338;2136404985;ISONET;;FAUX
596;-1949127115;Israel Aircraft Industries;;FAUX
803;995;ISRAIR Airlines;;FAUX
188;1253;ItalAir S.p.A;;FAUX
2245;;Italian Coast Guard;;FAUX
207;1272;ITALY FIRST;;FAUX
1476;1380;ITALY FIRST *;;FAUX
1426;2136405052;Italy First S.p. A;;FAUX
2780;;ITP (MF);;FAUX
701;1009;ITS;;FAUX
2100;;ITS AVIATION (MF);;FAUX
1995;;ITT AEROSPACE CONTROLS;;FAUX
2715;;Itzmaliza;;FAUX
1879;991981799;IUC Inc;;FAUX
2384;;IZMIR AIRLINES;;FAUX
3993;;Izzicup;;FAUX
5025;;IZZY AIR PARTS;;FAUX
3926;;J & C AVIATION;;FAUX
1121;-494615848;J&M Aircraft;;FAUX
1741;1510;J.M Int'l;;FAUX
5082;;Jackson Aircraft;;FAUX
704;1013;JACOTTET Ind.;;FAUX
3888;;Jade Aviation;;FAUX
1472;1375;JAEGER;;FAUX
1308;1432;Jagson Airlines ltd.;;FAUX
606;347;J-AIR;;FAUX
4551;;JAL - Japan Airlines;;FAUX
4360;;Jalaram Enterprise;;FAUX
5066;;Jalux Americas Inc.;;FAUX
3115;;JALUX Inc;;FAUX
5147;;Jalux, jp;;FAUX
1951;2088983138;JAMCO (MF);;FAUX
1015;2136404891;Janco;;FAUX
1844;1672092644;Janco Aviation Pte Ltd;;FAUX
607;348;JAPAN AIR COMMUTER;;FAUX
3052;;JAPAN AIRLINES CO;;FAUX
793;985;Japan Regional Airlines;;FAUX
608;349;JAPAN TRANSOCEAN AIR;;FAUX
541;1113;JAPEL;;FAUX
1425;2136405051;JAS AIRCRAFT S.A.,;;FAUX
4665;;JAS Team;;FAUX
1037;723;JAT - TEHNIKA;;FAUX
5197;;JAT Airways;;FAUX
1363;1037869950;JAZEERA AIRWAYS;;FAUX
4988;;Jazz Air;;FAUX
4063;;JBAvicon;;FAUX
819;1025882508;JC Aerospace;;FAUX
1752;1168;JCB-AERO;;FAUX
3962;;JD Rotable Sales;;FAUX
1128;-420935360;JDC- TRIUMPH Instruments & Avionics;;FAUX
1070;995197291;JEANEL Inc;;FAUX
1392;1094521327;JEHIER;;FAUX
2542;;JEJU AIR;;FAUX
1810;772;JENAIR;;FAUX
797;989;JERSEY EUROPEAN AIRWAYS;;FAUX
389;1326;Jersey EuropeanTech. Svcs;;FAUX
3629;;JET ACCESSORIES TECH;;FAUX
4385;;Jet Accessory Service;;FAUX
4277;;Jet Age International Corp.;;FAUX
4290;;Jet Air Sp. z o.o. (Poland);;FAUX
355;2136404948;JET Aircraft;;FAUX
1832;1585787249;JET AIRWAYS;;FAUX
2172;;Jet Asia;;FAUX
1209;77;JET AVIATION AG;;FAUX
1513;309;JET AVIATION BUSINESS JETS;;FAUX
84;2136405149;Jet Aviation Comp. & A/C Intl;;FAUX
1562;756295939;JET AVIATION PTE;;FAUX
935;-1050191831;JET Design;;FAUX
3144;;Jet International Company Llc;;FAUX
3475;;JET LINE TECHNICS;;FAUX
966;-811167235;Jet Link Turbines;;FAUX
2050;;JET Management Ltd.;;FAUX
589;-1985316666;Jet MidWest;;FAUX
4130;;Jet Parts Engineering, Inc.;;FAUX
933;-1066476644;Jet Power support inc.;;FAUX
169;1137;JET SERVICE ENT. INC;;FAUX
3278;;JET SOURCE;;FAUX
1895;1562;JET SPARES Int'l PTY;;FAUX
4440;;JET SPARES UNLIMITED;;FAUX
1414;2136405014;Jet Sul;;FAUX
3650;;Jet Support Service;;FAUX
942;-982295552;JET TECH INTL;;FAUX
2262;;JET TURBINE Service (MF);;FAUX
1170;1014193824;Jet X Aerospace;;FAUX
1109;-592731503;JET X Aviation;;FAUX
2085;;JET2.COM - PARTS TRADING;;FAUX
1360;1037350855;Jet4you.com;;FAUX
3257;;Jet-Air West;;FAUX
3016;;Jetalliance;;FAUX
4373;;Jet-Away Aviation;;FAUX
5168;;Jetaway Aviation Services;;FAUX
4655;;Jetaway Aviation Services;;FAUX
2984;;JETAWAY AVIATION SERVICES;;FAUX
2086;;JETBLUE AIRWAYS CORP;;FAUX
2246;;JETCLUB;;FAUX
2886;-1023601289;JetCorp;;FAUX
4709;;Jetflite;;FAUX
3439;;Jetline Corp;;FAUX
266;-97758462;JETLINE Spares Support;;FAUX
2465;;Jetlink Express;;FAUX
4227;;JetLite (India) Ltd.;;FAUX
3167;;JetParts Aerospace;;FAUX
4081;;Jetpower Support;;FAUX
4731;;Jetrade Ltd;;FAUX
1726;2136405073;JETRAN INTL;;FAUX
4646;;Jetron;;FAUX
1629;1597;JETSET Aerospace Inc.;;FAUX
1977;992880372;JETSGO;;FAUX
3370;;JETSON Aerospace;;FAUX
3610;;JetSpares Distributors;;FAUX
1639;1607;JetSpares Int'l;;FAUX
2671;;Jetstar Airways Pty Australia;;FAUX
2782;;JETSTAR ASIA;;FAUX
4061;;JetSupport;;FAUX
762;412;JETWAY;;FAUX
3532;;JF AEROSPACE;;FAUX
3818;;JH Aviation;;FAUX
1285;1453;JINGAIR;;FAUX
4112;;JJETAIR, CORP;;FAUX
4610;;JL Aerospace;;FAUX
3932;;JL-AIR;;FAUX
4764;;JM International;;FAUX
2612;;JML Aerospace;;VRAI
4368;;JMV Aviation;;FAUX
3990;;Job Air;;FAUX
4471;;John & Services Co.;;FAUX
3068;;Joint Aviation Systems;;FAUX
3579;;JONIO AIRLINES;;FAUX
1197;39;JorAMCo - Jordan A/C Maint.;;FAUX
49;2136405161;Jordan Aviation Airline;;FAUX
1149;-241246623;JP Export of Miami;;FAUX
880;-1489557305;JPR;;FAUX
5097;;JR Aero Parts, Corp.;;FAUX
4918;;JR Ries & Associates;;FAUX
3623;;JSL & Services;;FAUX
4044;;JT-Power LLC;;FAUX
4490;;jubilant enpro ltd;;FAUX
2399;;JUNEYAO AIRLINES;;FAUX
221;1525;JUPITOR Corp;;FAUX
3712;;JV Air Maintenance;;FAUX
3169;;JVJ Aerospace;;FAUX
5090;;Kabo Air;;FAUX
861;-1717126902;KAISER Electroprecision;;FAUX
4993;;Kalitta Air;;FAUX
3833;;Kallax Flyg, AB;;FAUX
4744;;Kalmarflyg AB;;FAUX
4597;;Kalstar Aviation;;FAUX
1963;2088983126;Kamatics Corporation (MF);;FAUX
439;1317;KANSAS AVIATION OF INDEPENDENCE;;FAUX
4313;;Kansas Group;;FAUX
5036;;Kansas Instruments Sales and Service;;FAUX
465;2136404906;KAPCO;;FAUX
1202;47;KARAIR;;FAUX
1722;2136405068;KAREL SERVICES;;FAUX
4209;;karelia copters;;FAUX
3805;;Karthago Airlines;;FAUX
3329;;KASTLE Aviation;;FAUX
223;1527;KATZ Aviation;;FAUX
3523;;Kavlico Corp;;FAUX
3326;;Kaycee aerospace;;FAUX
1404;1502;KEARFOTT GUIDANCE & NAVIGATION;;FAUX
1657;1003489889;KEARSLEY;;FAUX
2076;;Keen Airways;;FAUX
804;996;KELL STROM;;FAUX
250;-151719876;Kellstrom Ind;;FAUX
3582;;KELOWNA Flightcraft;;FAUX
2955;;Kelowna Flightcraft;;FAUX
3361;;Kemfast Aerospace Ltd;;FAUX
515;1414;KENBOURN Aviation;;FAUX
2216;;KENBOURNE SCES (MF);;FAUX
2223;;KENCO SUPPORT SERVICES (MF);;FAUX
1790;1290;Kennco-Magnaghi DRJ;;FAUX
2370;;KENNCO-MAGNAGHI LOGISTICS CORP (MF);;FAUX
2559;;KENNCO-Microtechnica;;FAUX
2740;;Kentucky Air Center;;FAUX
842;792;KENYA AIRWAYS LTD;;FAUX
1999;;KEROZEN INDUSTRIE;;FAUX
3026;;KG Aircraft Rotables;;FAUX
2887;-226119700;KGS ELECTRONICS (MF);;FAUX
1892;1559;KHALIFA AIRWAYS;;FAUX
1960;2088983123;Khors Air Co;;FAUX
1155;1063;KIDDE  GRAVINER Ltd;;FAUX
2736;;KIDDE AEROSPACE;;FAUX
3335;;KID-SYSTEME GMBH;;FAUX
886;-1400896546;KIKO Intl Ent Corp;;FAUX
2210;;KING (MF);;FAUX
4491;;king rotor & air charter;;FAUX
2003;;KINGFISHER AIRLINES;;FAUX
4352;;Kingman Aviation Parts, Inc.;;FAUX
1210;78;KINGSHILL AVIATION;;FAUX
145;2136405089;Kirkhill Rubber Co;;FAUX
2412;;Kitchener Aero Avionics;;FAUX
1797;1297;KITTY HAWK AIR CARGO;;FAUX
3391;;KIVU AIR;;FAUX
5138;;KL Aviation Ltd.;;FAUX
2481;;KLM;;FAUX
215;503;KLM CITYHOPPER;;FAUX
1646;1020422549;KLM EXEL - Air Exel;;FAUX
1482;1386;KLM UK Engineering LTD;;FAUX
1403;1501;Klune;;FAUX
3946;;KNI ENTERPRISE PTE LTD;;FAUX
3128;;KNIGHTHAWK AIR EXPRESS;;FAUX
4642;;KOLAVIA;;FAUX
4645;;Kollsman;;FAUX
1901;1568;KOOLHAAS ALPHEN;;FAUX
5159;;Koolhaas USA, LLC;;FAUX
3682;;KoralBlue Airline;;FAUX
1519;327;KOREAN AIR;;FAUX
1964;2088983127;Korry Electronics Co (MF);;FAUX
2722;;KOSOLA & Associates (MF);;FAUX
4651;;KPA Aviation LLC;;FAUX
3392;;KrasAir;;FAUX
2596;;KRATOS PRESSURE PRODUCTS (MF);;FAUX
931;-1087781317;KRC Espanola SA;;FAUX
4467;;Kriek Helicopters;;FAUX
5010;;Kristal Aeronautique;;FAUX
3165;;KUHNE & NAGEL (Frwrdr);;FAUX
1744;1513;KULITE;;FAUX
3810;;KUNPENG AIRLINES;;FAUX
371;2136404965;KUWAIT AIRWAYS;;FAUX
3215;;KWE -Kintetsu World Express (France);;FAUX
103;264;KYRNAIR;;FAUX
5184;;L & H Trading GmbH;;FAUX
3031;;L & M AVIATION;;FAUX
2037;;L J. WALCH CO. INC.;;FAUX
4521;;L P Bussiere Corp;;FAUX
987;1147566781;L.M Associat;;FAUX
3159;;L.S.E.;;FAUX
2150;;L3 Communication (MF);;FAUX
1619;1587;L3 Communications  - Recorder;;FAUX
582;2136405363;L3 Communications - Ft. Lauderdale;;FAUX
5187;;L-3 Communications Avionics Systems;;FAUX
3096;;L-3 Communications Vertex Aerospace;;FAUX
5171;;La Costeña;;FAUX
153;836;LAB FLYING SERVICE INC.;;FAUX
733;1095;LABINAL - Messier-Bugatti;;FAUX
272;-39979338;LAB-TAT use Sabena Tech;;FAUX
1625;1593;LAD Aviation Ltd;;FAUX
3393;;Lagun Air;;FAUX
4138;;LAKEVIEW INDUSTRIES, INC.;;FAUX
2219;;LAM MOZAMBIQUE;;FAUX
155;841;LAN Airlines S.A. - Chile;;FAUX
2401;;LANDMARK AVIATION = GARRETT GENERAL AVIATION SVCS.;;FAUX
1943;574060476;LANDMERK;;FAUX
235;1550;LANGER Aviation;;FAUX
374;551;LAO AIRLINES;;FAUX
749;373;LAPA - Lineas Aereas Privadas Argentinas;;FAUX
2586;;LARRUCE AIRCRAFT PARTS;;FAUX
3746;;LAS Aerospace;;FAUX
3677;;LaSalle Electric;;FAUX
3345;;LASER AIRLINES;;FAUX
3153;2136405373;LATECOERE AEROSERVICES;;FAUX
3152;;LATelec;;FAUX
4246;;Latin Air Support;;FAUX
1561;746813440;LAUDA - LIVINGSTON;;FAUX
1217;466;LAUDA AIR - Austrian Airlines;;FAUX
822;1027429692;LC Aviation;;FAUX
1467;1370;LCE C/O TACA INTL AIRLINES;;FAUX
3263;;LCI;;FAUX
2735;;LE BOZEC FILTRATION (MF);;FAUX
16;2071105480;Le Joint Français;;FAUX
2564;;LEACH EUROPE INTL (MF);;FAUX
543;1125;LEACH INT. EUROPE;;FAUX
3145;;Lead Aviation;;FAUX
4219;;Lear Air Inc.;;FAUX
269;-75816098;LEARJET - BOMBARDIER;;FAUX
1979;1008151397;LEASE CORPORATION INTERNATIONAL;;FAUX
2536;;LEE AIR CO.;;FAUX
4251;;Legend Aerospace, Inc;;FAUX
4616;;Lehman Airgroup;;FAUX
3303;;Lekaz technologies;;FAUX
1137;-327315479;LEKI AVIATION A/S (DK);;FAUX
294;2136404999;Leki Aviation PTE Ltd;;FAUX
1252;1025;LEKI AVIATION Spain - Closed;;FAUX
264;-104025540;Leki Aviation UK;;FAUX
3228;;Leki Aviation USA;;FAUX
2572;-918187793;LEM Industries (MF);;FAUX
2474;;LENTERN (MF);;FAUX
2768;;LENTERN Int'l (MF);;FAUX
3207;;LES MODELES Français;;FAUX
5044;;Let’s Fly;;FAUX
710;1056;LEWIS;;FAUX
2209;;LEWIS (MF);;FAUX
120;288;LFH;;FAUX
2616;;LG Aviation;;FAUX
1061;220;LGW;;FAUX
1539;988620400;LHC;;FAUX
652;1220;L'HOTELIER;;FAUX
2524;;L'HOTELLIER (MF);;FAUX
1239;679;Liat Airlines Antigua;;FAUX
4493;;liberty helicopters;;FAUX
3221;;LIBRE;;VRAI
2318;;Libyan Airlines;;FAUX
920;-1138432516;Lider Taxi Aero;;FAUX
2007;;LIEBHERR AEROSPACE (MF);;FAUX
829;1117;LIEBHERR AEROSPACE FCE*;;FAUX
231;1546;LIEBHERR Aerospace Saline Co.;;FAUX
1251;1024;LIEBHERR-AEROSPACE GMBH;;FAUX
546;1208;LIEBHERR-AEROSPACE(REP);;FAUX
925;-1115852987;Light Aero Spares;;FAUX
3987;;Lighthouse Aviation Industries;;FAUX
138;2136405111;LIMA TECH;;FAUX
2523;;Limco Airepair Tulsa;;FAUX
2269;;LIMESS AVIATION (MF);;FAUX
1687;1187;LINDAIR;;FAUX
3785;;LINEAS AEREAS AZTECA;;FAUX
748;372;Lineas Aereas Entre Rios;;FAUX
2485;;LINK AVIATION (MF);;FAUX
3578;;Linkair Express;;FAUX
2992;;Lion Air;;FAUX
1590;993623994;LITEF GmbH;;FAUX
2832;;LITTON-Northrop Grumman;;FAUX
2062;;Littoral Airlines;;FAUX
3768;;LIVE DNS;;FAUX
523;1028638109;LJF - Le Joint Français;;FAUX
233;1548;LKD Aerospace;;FAUX
2769;;LKD Ltd (MF);;FAUX
516;923;LLOYD AEREO BOLIVIANO - LAB;;FAUX
3537;;LM AEROSPACE INC.;;FAUX
2990;;LMI AEROSPACE;;FAUX
3546;;LNT Aviation Ltd;;FAUX
2888;479065213;LOCTITE LUMINESCENT SYS (MF);;FAUX
1268;1102;LOGAMAT S.A.;;FAUX
395;293;LOGANAIR, Ltd;;FAUX
2739;;LOGIC (MF);;FAUX
1852;1055;LOGIC S.p.A.;;FAUX
2019;;Logicstic Experts;;FAUX
2208;;LOGISTECHS;;FAUX
4415;;Logistic Experts,L.L.C.;;FAUX
1732;2136405079;LOGIX CORPORATION;;FAUX
2075;;Lone Wolf Aviation;;FAUX
1937;536028979;LORI Inc;;FAUX
5131;;LOT Aircraft Maintenance Services;;FAUX
1493;127;LOT Polish airlines;;FAUX
5047;;Lotus Air;;FAUX
513;1412;LOXO;;FAUX
3824;;LRE Systems;;FAUX
1331;1519;LRT.Inc;;FAUX
2551;;LTA - Linea Turistica Aereotuy;;FAUX
3195;;LTC Logistic Transit Cargo Intl;;FAUX
1980;1014818108;LTE INTL;;FAUX
4666;;LTR PTE LTD;;FAUX
2776;;LTU;;FAUX
1862;1163;LUCAS AEROSPACE;;FAUX
1706;1034767815;Lucas Aerospace - Montreal;;FAUX
1386;1061207906;LUCAS Aerospace Ltd-TRW;;FAUX
4574;;Ludwig & Associates;;FAUX
3001;;LUFTHANSA AERO;;FAUX
2136;;LUFTHANSA BOMBARDIER AVIATION;;VRAI
3220;;LUFTHANSA CARGO;;FAUX
1532;960206509;Lufthansa Cityline;;FAUX
5169;;Lufthansa Technik Budapest Ltd.;;FAUX
4917;;Lufthansa Technik Component Services;;FAUX
1671;1400;Lufthansa Technik Logistik;;FAUX
2363;;Lufthansa Technik Philippines;;VRAI
4347;;Lufthansa Technik Shenzhen;;FAUX
2907;2088983122;Lufthansa Technik Switzerland;;FAUX
3688;;LUFTHANSA TECHNIK TULSA;;FAUX
2929;;LUMAR Aviation;;FAUX
876;-1793084926;Luton Int'l Aerospace Ltd;;FAUX
441;1319;LUX AEROSPACE;;FAUX
750;377;LUXAIR S.A.;;FAUX
2702;;LUZAIR;;FAUX
4572;;LW Aerospace Solutions;;FAUX
104;265;LYON Maintenance;;FAUX
3771;;M & A AIRCRAFT SERVICES;;FAUX
2091;;M International Export;;FAUX
1366;1038404751;M&M AEROSPACE;;FAUX
86;2136405151;M.A.S INC;;FAUX
1681;1475;M.C.M. MAINT. CENTER;;FAUX
4325;;M.J.L. Aircraft Parts Unipessoal;;FAUX
4004;;M.S.I. GmbH & Co KG;;FAUX
3489;;M2K Aerospace;;FAUX
2962;;M7 Aerospace;;FAUX
950;-944607422;MAC Aviation;;FAUX
2312;;Macair Airlines;;FAUX
194;1259;Macedonian Airlines (MAT);;FAUX
3143;;MACH;;FAUX
3996;;MACH 2 Corp.;;FAUX
4846;;MACQUAIRE AIRFINANCE;;FAUX
436;1046;MADELEC AERO;;FAUX
2957;;MADISON AIR PTS & SUPPLY;;FAUX
1201;46;MADRID AEROSPACE SERVICES;;FAUX
4745;;MAE - MALI AIR EXPRESS;;FAUX
4076;;Maer Fastener;;FAUX
1233;495;MAERSK AIR;;FAUX
1408;1506;MAFELEC;;FAUX
4989;;MAG Aviation Services;;FAUX
1604;1739629170;MAGELLAN AV SV - Ireland;;FAUX
3230;;MAGELLAN AV. SV. - USA;;FAUX
3808;;Magna Tech Aviation;;FAUX
2142;;MAGNAGHI MILANO (MF);;FAUX
44;863;Magnaghi-Aeronautica;;FAUX
2185;;MAGNUM Airdynamics;;FAUX
3214;;MAGNUM Aviation;;FAUX
4282;;Maintenance Center Munich;;FAUX
4819;;Maintenance Support Manager;;FAUX
4818;;Maintenance Support Manager;;FAUX
57;2136405169;MAIRAON Aviation;;FAUX
3744;;Majestic Aerospace;;FAUX
5140;;Majestic Air;;FAUX
847;816;MALAYSIA AIRLINES;;FAUX
4971;;Maldivian;;FAUX
1944;579174521;MALEV EXPRESS / Group Malev;;FAUX
1510;303;MALEV Hungarian Airlines;;FAUX
379;567;MALMO AVIATION;;FAUX
5163;;Man and Van Exeter;;FAUX
1770;1204;MAN AVIATION;;FAUX
4795;;Managed Asset Services Limited;;FAUX
2643;;MANASCO (MF);;FAUX
1350;114;MANDALA Airlines;;FAUX
995;1237796037;Mandarin Airlines;;FAUX
5017;;Maniz Base;;FAUX
4388;;Mantor Aviation;;FAUX
2552;;MARATHON (MF);;FAUX
810;1020953949;March Aviation Inc.;;FAUX
1768;1202;MARILAKE INSTR. LTD;;FAUX
609;350;MARITN E SAFETY AGENCY;;FAUX
2746;;Marketing 2000 Group;;FAUX
639;1304;Marseille Aero Service;;FAUX
2784;;MARSHALL AEROSPACE LTD;;FAUX
3181;;Martek Power Abbott;;FAUX
2533;;MARTIN Services;;FAUX
1240;905;MARTINAIR;;FAUX
5114;;MAS Engineering & Maintenance;;FAUX
4042;;MASCO - Mideast Aircraft Services;;FAUX
3904;;Masco SVC Corp;;FAUX
5158;;Masomi General Trading;;FAUX
642;1307;MASON - Esterline;;FAUX
1565;776444515;MASTER Air Corp;;FAUX
3265;;MASTER Air Parts;;FAUX
1304;1427;MASWINGS;;FAUX
4783;;Mat Aviation;;FAUX
4914;;MATERIALS;;FAUX
2247;;MATRIX;;FAUX
2017;;Matsushita Avionics Systems;;FAUX
4143;;Mauritania Airways;;FAUX
4792;;Mavana Heli Support;;FAUX
4555;;Maven Engineering Corporation;;FAUX
3972;;Max Accessories, Inc;;FAUX
1158;1008834311;Max Aerospace & Aviation;;FAUX
1138;-318892368;MAX AIR;;FAUX
4152;;Max Avionics, LLC;;FAUX
4926;;Max Power;;FAUX
1931;516125607;MAXCRAFT Avionics;;FAUX
4843;;Maximum Aero Support;;FAUX
4860;;Maximus Air Cargo;;FAUX
1260;542;MBA;;FAUX
3318;;Mc donald industries purchasing services LTD;;FAUX
30;2136404879;MDC Aircraft Services;;FAUX
3188;;MDC Aviation;;FAUX
4903;;MDG AIRLINE SERVICES;;FAUX
3718;;MDLR Airlines (P) Ltd;;FAUX
5069;;Meca Airways;;FAUX
3219;;MECANEX USA Inc.;;FAUX
2292;;Mechtronix Systems;;FAUX
2889;-52672518;MECTRON IND (MF);;FAUX
852;1140;MED AIRLINES;;FAUX
726;1088;MED AIRLINES S.P.A.;;FAUX
4047;;Med Airways (formerly Flying Carpet);;FAUX
1771;1205;MED-AIR inc;;FAUX
2530;;Medavia Co. Ltd.;;FAUX
357;2136404950;MedCraft, INC;;FAUX
2349;-356775289;Mediterranean Aviation Co;;FAUX
2677;;MEDSAK INC;;FAUX
2783;;Meelad Air S.A.;;FAUX
4268;;Mega Airlines Solutions;;FAUX
267;-96721167;Meggit Safty Sys.;;FAUX
960;-865171280;Meggitt Aircraft Braking Systems;;FAUX
4285;;Meggitt Fluid Controls-Dunlop Equ' & Serck;;FAUX
4028;;Meggitt PLC;;FAUX
2562;;MEL Aviation Limited;;FAUX
3322;;Memphis Aircraft Parts;;FAUX
251;-151520111;Memphis Group;;FAUX
2186;;MENAJET;;FAUX
4515;;Menzies Cargo;;FAUX
877;-1791506402;Mercaaero Ltda;;FAUX
4643;;Mercatus Aerospace;;FAUX
3788;;Mercs Aviation Services;;FAUX
1073;996130810;Mercury Int'l Ltd/MDC;;FAUX
3336;;MERCURY Trading;;FAUX
304;2136404919;Merex Inc;;FAUX
397;1908001361;Meridian Aviation Services;;FAUX
603;342;MERIDIANA;;FAUX
1824;1536266613;Merit Aerospace;;FAUX
3820;;Meritt Aviation;;FAUX
1774;1274;MERKULOW sarl;;FAUX
2518;;MERL (MF);;FAUX
1338;97;Merpati Nusantara Maintenance Facility;;FAUX
5005;;MERSEN France Amiens S.A.S.;;FAUX
502;2136405038;MESA AIRLINES;;FAUX
3848;;MESA Portugal;;FAUX
2723;;Mesaba Airlines;;FAUX
4472;;mesco airlines;;FAUX
249;-183699048;Messier Bugatti;;FAUX
4265;;Messier Bugatti Systems INC.;;FAUX
706;1015;MESSIER Dowty;;FAUX
2279;;MESSIER Services America;;FAUX
3819;;Messier Services Americas SA;;FAUX
1955;2088983142;Messier-Dowty;;FAUX
3225;;METAXAS Aerosupply;;FAUX
22;2111774866;Metro Parts;;FAUX
349;2136404942;Metrologist;;FAUX
894;-1316770608;Metropolis;;FAUX
3045;;METROTECH Sud;;FAUX
2747;;MEX - Mocambique Expresso;;FAUX
1030;701;MEXICANA DE AVIACION S.A. DE C.V.;;FAUX
695;1003;MEYER TOOL Inc.;;FAUX
3989;;MGM Aviation;;FAUX
2539;;MGT Trading;;FAUX
1290;1458;MHD INTERNATIONAL AVIATION;;FAUX
5034;;mhd rockland;;FAUX
2322;;MIAMI AVIATION CORP (MF);;FAUX
1573;1574;MIAMI AVIATION SERVICE INC;;FAUX
48;2136405160;MIAMI INTER AIR INC;;FAUX
1427;2136405053;Michelin;;FAUX
601;-1905473401;Micro Miniature Bearing;;FAUX
2890;-136101133;MICROPUMP (MF);;FAUX
1377;1040304260;MICROTECNICA - Divisione Magnaghi Brugherio;;FAUX
1914;1620;Microtecnica S.r.l;;FAUX
3351;;MID CANADA MOD CENTER;;FAUX
2754;;MidAmerican Aerospace;;FAUX
3146;;MIDATLANTIC AIRWAYS;;FAUX
2650;;MIDCOAST (MF);;FAUX
807;999;MIDCOAST Aviation;;FAUX
2724;;MID-CONTINENT Instrument Co (MF);;FAUX
3933;;MIDDLE EAST AIRLINES;;FAUX
1434;1008163178;Middleast INTL Aviation;;FAUX
4859;;MIDEX AIRLINES;;FAUX
662;1230;MIDWAY Aircraft Instrument Co;;FAUX
767;420;MIDWAY AIRLINES Corp;;FAUX
1854;1155;MIDWEST Aero Support;;FAUX
459;2136404900;Midwest Aerospace;;FAUX
141;2136405114;Midwest Airlines;;FAUX
5054;;Midwest Aviation;;FAUX
2149;;Mightymouse Aviation;;FAUX
4054;;Mihin Lanka PVT, LTD;;FAUX
2969;;MILES Aviation;;FAUX
4588;;Military & Aviation Spares;;FAUX
1449;1351;MILLENIUM air support, inc.;;FAUX
1103;-631708674;Millennial Technologies;;FAUX
583;-2055958108;Millennium International;;FAUX
951;-943356407;Milliard Intl;;FAUX
993;1224940340;Millville Jet Center;;FAUX
321;2136404968;MILSPEC Services;;FAUX
4270;;Miltechnologies;;FAUX
41;848;MINERVA AIRLINES;;FAUX
4254;;Mingo Aerospace LLC.;;FAUX
1749;1518;Miniliner;;FAUX
3853;;Mint-Airways;;FAUX
1173;1015228149;MIRAJ Corp;;FAUX
1529;923072416;MIRAJ uk Ltd;;FAUX
574;-2132900280;MISA AIR;;FAUX
604;343;MISTRAL AIR;;FAUX
262;-114361454;Mitchell Aircraft Spares;;FAUX
2320;;Mitchell Aircraft Spares-UK;;FAUX
1702;1493;MITEM;;FAUX
2825;;MK AIRLINES;;FAUX
2463;;MNG Airlines;;FAUX
4967;;Mocambique Expresso;;FAUX
1991;;MOCKING LIZARD LLP;;FAUX
2486;;MONARCH AIRCRAFT ENGINEERING;;FAUX
34;2136404884;Monarch Airlines;;FAUX
3394;;Mongolian Airlines MIAT;;FAUX
2891;-19327304;MONOGRAM (MF);;FAUX
2863;;MONOGRAM SANITATION (MF);;FAUX
558;-1674854726;Monogram systems;;FAUX
4381;;Montain Aerospace Inc;;FAUX
632;2608517;MONTENEGRO AIRLINES;;FAUX
289;2136404993;MONTEVA AVIATION GROUP;;FAUX
2577;;MONTGOMERY Sys Tech (MF);;FAUX
1025;659;MONTSERRAT AIRWAYS;;FAUX
1728;2136405075;MOOG AIRCRAFT GROUP;;FAUX
1946;2088983133;MOOG AIRCRAFT GROUP (MF);;FAUX
1119;-505049590;Mopelec;;FAUX
1458;1360;MORGANITE ELECTRICAL CARBON LIMITED;;FAUX
3436;;MORNINGSTAR AIR EXPRESS;;FAUX
1039;739;MOUNT COOK AIRLINE;;FAUX
4382;;MOUNTAIN AEROSPACE;;FAUX
310;2136404927;Mountain Air Cargo;;FAUX
3940;;Mountain Aircraft Services;;FAUX
780;442;MOUNTAIN WEST;;FAUX
4188;;MP AIRCRAFT ENTERPRISES;;FAUX
2904;2088983114;MPC Products / Woodward;;FAUX
1640;1608;MPS Logistics;;FAUX
3956;;Mro Alliance;;FAUX
3521;;MS COMPOSITE;;FAUX
1289;1457;MSI Aircraft Maintenance Services (MSI Gmbh&Co.KG);;FAUX
1274;1108;MSI WINGS;;FAUX
3918;;M-Star;;FAUX
4991;;MTG Aerospace;;FAUX
2418;;MT-PROPELLER GERD MUEHLBAUER (MF);;FAUX
1642;817170331;MTU Maintenance;;FAUX
4961;;MTU Maintenance-Canada;;FAUX
3033;;MTW AEROSPACE;;FAUX
633;4567306;Muirhead Avionics;;FAUX
4962;;Muirhead Avionics (Do not use Duplicate);;FAUX
1234;496;MUK AIR AS;;FAUX
5056;;Multi Pacific California;;FAUX
1700;1491;MultiFlight;;FAUX
2152;;Multi-Pacific International;;FAUX
3690;;Multi-Trading Corp.;;FAUX
4827;;Murrieta Aerospace;;FAUX
473;2136405005;Muvmo;;FAUX
2190;;My Travel Engineering;;FAUX
287;28;MY WAY AIRLINES;;FAUX
2590;;myair.com Spa;;FAUX
4015;;Myanma Airways;;FAUX
1035;714;Myanmar Airways International;;FAUX
3518;;MYLES AVIATION;;FAUX
4633;;myTECHNIC Aircraft MRO Services;;FAUX
352;2136404945;N.A.S International;;FAUX
2371;;NAASCO Northeast Corp.;;FAUX
1699;1490;NAC - use NORDIC AVIATION CONTRACTOR;;FAUX
4006;;Nadella;;FAUX
610;351;NAGASAKI AIRWAYS;;FAUX
2844;;NAKA NIHON;;FAUX
611;352;NAL NAKA NIHON AIR LINE;;FAUX
2727;;NAMS - Norton Aircraft Maintenance Services Inc.;;FAUX
3528;;Nantes Aero use ATLANTIC AIR INDUSTRIES;;FAUX
5156;;NAS Aerospace Repairs, Inc.;;FAUX
2323;;NAS AIR;;FAUX
1912;1618;NAT Aviation;;FAUX
4523;;National Aerotech;;FAUX
1348;112;NATIONAL AIR CHARTER;;FAUX
2394;;NATIONAL AIR SERVICES - NAS;;FAUX
857;1537;National Airlines;;FAUX
1440;1019042540;National Airways Corp;;FAUX
5178;;National Flight Services, Inc.;;FAUX
3296;;NATIONWIDE AIRLINES;;FAUX
3417;;Native American Industries;;FAUX
4760;;NatureAir S.A.;;FAUX
3952;;Navy Aerospace (N.A.S);;FAUX
1745;1514;Nayak Aircraft Service GmbH & Co. KG;;FAUX
2798;;Nayak Aircraft Service Netherlands B/V.;;FAUX
4820;;Nayak Aircraft Services Italy;;FAUX
2678;;NAYSA;;FAUX
4238;;nba aviation;;FAUX
2309;;NC Aerospace;;FAUX
694;1002;NEC AERO;;FAUX
1886;993123376;NECON AIR;;FAUX
4864;;NedAero Components B.V.;;FAUX
3116;;Nell Joy Industries;;FAUX
1794;1294;Neos;;FAUX
1105;-628748666;Nepal Airlines;;FAUX
1237;673;NEPC AIRLINES;;FAUX
4235;;Nesconset Aviation;;FAUX
5002;;Nesma Airlines;;FAUX
3237;;NETJET Europe;;FAUX
4343;;Netria Corp;;FAUX
887;-1397131690;New Age Trade;;FAUX
1125;-468001381;New air International;;FAUX
3942;;New Generation Aerospace;;FAUX
3913;;New Generation Aircraft Services, Inc.;;FAUX
3850;;New Global Aviation;;FAUX
4702;;New Line Aviation;;FAUX
1873;862088333;NEW MARKET ALLIANCE;;FAUX
481;2136405013;New Market Alliance NY;;FAUX
3483;;NEW Resources Aviation;;FAUX
959;-888373111;Newamerica FL;;FAUX
270;-65086798;NEWCAL Aviation;;FAUX
3906;;Newcastle Aviation Partners, LLC;;FAUX
2972;;Newco Aviation Service;;FAUX
3477;;NEWJET ENGINE SERVICES;;FAUX
2797;;Newmark Aerospace Pte;;FAUX
1820;1495592306;NEWPORT AERONAUTICAL SALES;;FAUX
4097;;Newtex Airparts;;FAUX
4321;;NEXTJET;;FAUX
3058;;NEXUS INC;;FAUX
4784;;NHE Trading Sarl;;FAUX
1093;-751348775;Niacc-Avitech Technology;;FAUX
2082;;NI-CAD Sys (MF);;FAUX
4697;;Nice Helicopteres;;FAUX
5071;;Nigerian Air Force;;FAUX
2324;;night hawk;;FAUX
1444;1344;NIKI LUFTFAHRT;;FAUX
4929;;Nile Air;;FAUX
2135;;Nimda Aviation;;FAUX
4906;;Nippon Cargo Airlines Co., Ltd. (NCA);;FAUX
2413;;NK Air;;FAUX
345;2136404992;NKK Switch;;FAUX
2965;;Nobel Electronics;;FAUX
3238;;Noble Eagle;;FAUX
1950;2088983137;Nohmi Bosai (MF);;FAUX
1667;1395;Nok Airlines;;FAUX
4454;;Noordzee Helikopters Vlaanderen;;FAUX
820;1026403001;NORCATEC LLC;;FAUX
620;1632;NORCO INC;;FAUX
547;1209;NORCROSS AIR INC;;FAUX
1632;1600;NORDAM;;FAUX
13;2024853055;Nordam Transparency Europe;;FAUX
1547;582739553;Nordic Aviation Capital A/S;;FAUX
2040;;Nordic Solutions Air (Avion Express);;FAUX
3223;;Nord-Micro;;FAUX
3879;;NORESTE;;FAUX
2622;;NORMALAIR GARRETT (MF);;FAUX
1760;1176;Normalair Garrett-Honeywell Bournemouth;;FAUX
1266;1100;NORMALGLEN;;FAUX
5105;;Norman Lamps, Inc;;FAUX
2069;;Norrlandsflg;;FAUX
1849;1052;Norrønafly Propeller & Parts;;FAUX
3424;;Norse Air;;FAUX
4992;;North Air Helicopters - Nordurflug;;FAUX
4095;;North American Aircraft Srvcs;;FAUX
1462;1364;North American Spares Ltd.;;FAUX
1789;1289;North Bay Aviation;;FAUX
3530;;North Cariboo Air;;FAUX
1235;498;NORTH FLYING;;FAUX
463;2136404904;NORTH STAR AEROSPACE;;FAUX
3486;2136405364;North Star Composites;;FAUX
125;2136405098;North Winds;;FAUX
2372;;NORTHEAST AERO COMPRESSOR CORP.;;FAUX
3395;;Northeast airlines Fujairah;;FAUX
2967;;Northern Air Cargo;;FAUX
3533;;Northern Aircraft parts;;FAUX
3203;;Northern Aviation;;FAUX
1846;20869653;Northern Avionics;;FAUX
1660;1006793889;Northern Flights Airspares;;FAUX
489;2136405025;Northrop Grumann Corporation;;FAUX
487;2136405023;NORTHROP GRUMMAN CORPORATION*;;FAUX
2299;;NORTHSTAR AEROSPACE;;FAUX
2581;;Northwest Air Leasing;;FAUX
296;2136404910;Northwest Airlines;;FAUX
2205;;Northwest Aviation Services;;FAUX
2679;;NORTHWEST Int'l INDUSTRIES (MF);;FAUX
295;2136405000;NORTHWINGS ACCESSORIES / Heico;;FAUX
3003;;NORTON;;FAUX
1798;1298;NORWEGIAN AIR SHUTTLE;;FAUX
2020;;NOUVELAIR TUNISIE;;FAUX
4397;;Nouvelle Air Affaires Gabon;;FAUX
4039;;Nova Airline;;FAUX
2188;;NOVATRONICS;;FAUX
2369;;NRG Aerospace;;FAUX
911;-1196521906;NSA;;FAUX
503;2136405040;NTE aviation;;FAUX
3006;;NUSANTARA TURBIN & PROPU;;FAUX
699;1007;NYCO;;FAUX
1174;1015835580;NYF Corporation;;FAUX
4802;;O.G AVIATION INC;;FAUX
4115;;O.M.A. S.P.A.;;FAUX
731;1093;OAKENHURST;;FAUX
1009;1377763988;OAKENHURST A/C services LTD;;FAUX
325;2136404972;OCAM;;FAUX
1827;1547554549;OCEAN AIR;;FAUX
2973;;OCEAN AIRWAYS;;FAUX
5126;;OCEANA AIRWAYS CORP;;FAUX
472;2136405004;Octagon Aerospace;;FAUX
3782;;OCTAGON Industries;;FAUX
2599;;OEM;;FAUX
253;-148141090;OEM Aviation Sales;;FAUX
4734;;OEMServices;;FAUX
623;1635;OFEK AVIATION;;FAUX
91;2136405156;OGMA;;FAUX
4335;;OH Capital Assets;;FAUX
2325;;OK TURBINES (MF);;FAUX
2908;2088983129;OLAER;;FAUX
5162;;OLAM Partners - MODULASSUR;;FAUX
2757;;OLT - Ostfriesische Lufttransport;;FAUX
2475;;Olympic Aerospace;;FAUX
7;1983039312;Olympic Air SA (BQQA);;FAUX
831;585;OLYMPIC Airlines (PANTHEON AIRWAYS);;FAUX
1420;2136405046;Olympic Airways C/O Menzies Cargo Svces;;FAUX
1345;109;OLYMPIC Aviation S.A.;;FAUX
971;140;OMAN AIR;;FAUX
4711;;OMEGA AEROSPACE;;FAUX
598;-1939586558;OMEGA Aerospace Suppliers;;FAUX
4374;;Omega Airtrans;;FAUX
588;-2003211741;OMEGA AVIATION SVCS;;FAUX
4845;;OMEGA Industries SAS;;FAUX
2398;;OMNI AIR INTL;;FAUX
980;1301;OMNI AVIATION;;FAUX
1322;347193213;OMNIA Inc;;FAUX
2212;;OMNIGAS SYS (MF);;FAUX
3908;;One Source Aerospace;;FAUX
61;2136405126;onur air;;FAUX
2580;;OPAIR;;FAUX
2996;;Optimum Aerospace Supplies;;FAUX
3571;;Optimus Aerospace;;FAUX
471;2136405003;Orange Aircraft Leasing;;FAUX
2308;;Orex Orbit Express Airlines;;FAUX
3338;;Orient Thai Airlines;;FAUX
4969;;Oriental Air Bridge Co.;;FAUX
521;1028097608;Origin Pacific  Airways;;FAUX
673;169124748;Origin Pacific Airways*;;FAUX
5195;;Orion Aerospace Svc;;FAUX
2294;;Orion Air;;FAUX
2633;;Orion Air (spain);;FAUX
3729;;Orix Aviation Systems;;FAUX
1829;1572990346;ORKAL IND;;FAUX
3775;;Osterman Helicopter A B Euro Air;;FAUX
1399;2136404896;Osylim Aviation;;FAUX
2682;;OTS - Air Transport Service;;FAUX
3774;;OTTO Engineering;;FAUX
4330;;OUTER MARKER GROUP;;FAUX
2167;2088983110;OVERLAND AIRWAYS;;FAUX
3493;;OWL AEROSPACE, INC.;;FAUX
1453;1355;OXFORD AVIATION LTD;;FAUX
1746;1515;P & L SALES;;FAUX
1644;1019807756;P & R Trading;;FAUX
3544;;P&A Enterprise;;FAUX
245;-190604134;P&W Component Solutions;;FAUX
2004;;P&WC;;FAUX
4442;;P.L.P. Spares/Investments,Inc.;;FAUX
2061;;P3 aviation;;FAUX
178;1243;PA International Inc;;FAUX
1357;1036655473;PAC AIR;;FAUX
3293;;PACE Aviation  ltd;;FAUX
1633;1601;Pace Enterprises;;FAUX
14;2039353710;Pacific Aero Tech. Inc;;FAUX
4003;;Pacific Aerospace;;FAUX
4933;;Pacific Aerospace Resources & Technologies;;FAUX
4077;;PACIFIC AIR INDUSTRIES;;FAUX
3413;;Pacific Air Resources;;FAUX
4658;;Pacific Air Supplies & Services (S) Pte Ltd;;FAUX
2373;;PACIFIC AIRLINES;;FAUX
4390;;Pacific Airparts;;FAUX
2380;;Pacific Aviation Group;;FAUX
3430;;Pacific Avionics & Instrument;;FAUX
605;346;PACIFIC COASTAL AIRLINES;;FAUX
1941;552002970;Pacific Hydraulic Sys.- MWA;;FAUX
2819;;Pacific Oil Cooler Service, Inc.;;FAUX
2728;2136405210;PACIFIC Propeller;;FAUX
164;1132;Pacific Scientific;;FAUX
1448;1350;PACIFIC SOUTHWEST INSTRUMENTS;;FAUX
2488;;PACIFIC SUN AIRWAYS;;FAUX
3707;;Pacific Turbine Brisbane Ltd.;;FAUX
4987;;Packaging Systems Inc.;;FAUX
2291;;PAI Canada, Inc;;FAUX
4087;;Pakistan Aviation Engg Svcs;;FAUX
970;139;PAKISTAN x2 see PIA;;FAUX
3895;;PAL Express;;FAUX
2547;1761018065;PALL AEROPOWER (MF);;FAUX
4218;;Palm Aerospace;;FAUX
4730;;Pamir Airways;;FAUX
2271;;Pan Am Int'L Flight Academy;;FAUX
4762;;Pan Am Services;;FAUX
93;2136405158;Pan Europeenne Air Service;;FAUX
132;2136405105;panam aviation;;FAUX
3894;;Panasonic Avionics Corporation;;FAUX
713;1059;PANAVIATION srl;;FAUX
217;526;PANTANAL LINHAS AÉREAS S/A;;FAUX
4867;;Panther Turbine;;FAUX
4443;;Papillon Airways, Inc;;FAUX
4099;;Paradise Aviation;;FAUX
768;428;PARADISE ISLAND AIRLINES;;FAUX
2952;;Paramount Aerospace;;FAUX
3792;;Paramount Aircraft Services;;FAUX
2730;;PARAMOUNT AIRWAYS;;FAUX
2159;2088983102;PARCO Inc (MF);;FAUX
1876;892843165;PARKER - Seals;;FAUX
2435;;PARKER (MF);;FAUX
1968;2088983117;Parker Aerospace;;FAUX
1848;1051;Parker Aerospace GmbH (ABEX);;FAUX
2396;;PARKER AIRBORN (MF);;FAUX
979;1300;Parker Hannifin Corp;;FAUX
2319;;PARKER PRADIFA  GERM. (MF);;FAUX
1899;1566;PART NUMBER INTERNATIONAL;;FAUX
5173;;Part Tracing;;FAUX
858;-1771731168;Partex;;FAUX
4053;;PARTNAIR FREIGHT INTERNATIONAL;;FAUX
2067;;Parts & Spares, Int'L;;FAUX
2406;;Parts and Repair Technical Svc;;FAUX
4766;;Parts Guys;;FAUX
3921;;PartsTechnik;;FAUX
3327;;Parts-X-change;;FAUX
2108;;Passaredo Linhas Aéreas;;FAUX
3043;;PASTCOL;;FAUX
1835;1603411119;Patrick V GOUGH Co.;;FAUX
2859;;PAULSTRA (MF);;FAUX
2741;;Pawan Hans India ltd.;;FAUX
2326;;PAZ AVIATION;;FAUX
1896;1563;PBA Technology Pte Ltd;;FAUX
4449;;Pdg helicopters;;FAUX
424;1034;PDQ Airspares Ltd;;FAUX
3487;;PEAK AVIATION;;FAUX
4585;;Pearl Aviation Australia Pty Ltd;;FAUX
199;1264;PEARL ENTREPRISES;;FAUX
1423;2136405049;Peerless Aerospace Fastener;;FAUX
3249;;Pegasus Aircraft Parts Inc.;;FAUX
2161;2088983104;Pegasus Airlines;;FAUX
4046;;PEL - Power Essence League;;FAUX
3516;;Pel-Air Aviation Pty. Limited;;FAUX
848;819;PELANGI AIR;;FAUX
3748;;Pelican Air Services;;FAUX
4747;;PenAir;;FAUX
4890;;Peniel Group, LLC;;FAUX
1814;779;PENINSULA AIRWAYS INC;;FAUX
2102;-1351836106;Penny & Giles (MF);;FAUX
895;-1311963872;PERFORM AIR INTL - PAI;;FAUX
2703;;PERFORMANCE A/C Services (MF);;FAUX
3733;;Performance Aerospace;;FAUX
2771;;PERFORMANCE Management Sys (MF);;FAUX
1966;2088983115;PERKIN ELMER (MF);;FAUX
452;1583;PERKIN ELMER FLUID SVC-EATON;;FAUX
3040;;PERKINS AIRCRAFT SVCS;;FAUX
2201;;PERMASWAGE S.A.;;FAUX
2171;;PETRA AIRLINES;;FAUX
4637;;Petro Air;;FAUX
2393;;Petroleum Air Services;;FAUX
2583;;PFR A/C Support (MF);;FAUX
202;1267;Pharma Nord;;FAUX
1826;1540419754;Philip Air;;FAUX
375;555;PHILIPPINES - Philipine Airlines;;FAUX
1330;997776608;Philips Eclairage;;FAUX
3236;;Phoenix Air Repair;;FAUX
3484;;Phoenix Aircraft Leasing and Sales Pte Ltd;;FAUX
1114;-547705378;Phoenix Aircraft Spares;;FAUX
3839;;Phoenix Avionics;;FAUX
4829;;Phoenix Composite Solutions;;FAUX
3924;;Phoenix Instruments;;FAUX
796;988;PIA - Pakistan Intl Airways;;FAUX
1213;454;PIEDMONT AIRLINES;;FAUX
2574;2136405286;PIEDMONT AVIATION COMP. SERVICES;;FAUX
2694;;PIEDMONT AVIATION SERVICES (MF);;FAUX
664;1232;PIEDMONT Hawthorne;;FAUX
2456;;PILATUS A/C (MF);;FAUX
2639;;PILKINGTON AEROSPACE (MF);;FAUX
1735;2136405082;Pilot Intl Trading Co;;FAUX
4617;;Pinnacle Aircraft Parts;;FAUX
2926;;PINNACLE AIRLINES;;FAUX
3618;;Pionair adventures ltd;;FAUX
997;1249475791;PJB Aviation Support;;FAUX
2154;;PL Porter (MF);;FAUX
4755;;Planet Aerospace;;FAUX
663;1231;PLANETEC;;FAUX
4259;;Platinum Aviation Corp;;FAUX
2487;;Plaza Servicios Aereos;;FAUX
1962;2088983125;"PLC Aviation (	Paramount group)";;FAUX
1996;;PLUNA - URUGUAY;;FAUX
274;-23587394;PMA SALES;;FAUX
2851;;PMI AVIATION;;FAUX
2850;;PMT AIR - Progress Multitrade Co;;FAUX
4758;;PMV Industries;;FAUX
2892;-325956007;PNEUDRAULICS;;FAUX
4305;;Pneus Avio S.a.s.;;FAUX
4034;;PNEU-TECH AEROSPACE;;FAUX
2673;;polar air cargo;;FAUX
821;1027319627;POLE AIR Aviation;;FAUX
4365;;Polet (Polet USA);;FAUX
1546;580565447;Polycraft International;;FAUX
387;1324;POLYGON Aerospace;;FAUX
3070;;POLYNESIAN AIRLINES;;FAUX
3366;;PORTER AIRLINES;;FAUX
3354;;Porto Components Inc;;FAUX
1058;198;PORTUGALIA;;FAUX
4248;;Power Essence League;;FAUX
4257;;Power Flight Aviation;;FAUX
3637;;power master;;FAUX
1831;1577081305;Power Turbine;;FAUX
5037;;PowerJet Aviation Services Ltd;;FAUX
2731;;PPG Aerospace;;FAUX
126;2136405099;PPG Industries;;FAUX
4064;;PR International Enterprise;;FAUX
94;2136405122;PRATT & WHITNEY - SMMO;;FAUX
1665;1392;Pratt & Whitney Canada;;FAUX
719;1081;PRATT & WHITNEY CANADA/MTU;;FAUX
2385;;PRATT & WHITNEY COMPONENT SOLUTIONS;;FAUX
4622;;Precision Aero Components Inc;;FAUX
2470;;Precision Aeronautical Componants (MF);;FAUX
105;266;PRECISION AIR SERVICES LTD;;FAUX
3548;;Precision Airparts Support Services  - PASS;;FAUX
1689;1189;Precision Avionics & Instruments Inc.;;FAUX
1764;1180;Precision Electronics Inc.;;FAUX
2893;-1587823706;Precision Heliparts;;FAUX
2084;;PRECISION PROPELLERS SERVICES (MF);;FAUX
2490;;Preferred Aviation;;FAUX
1609;1783017487;PREMA AVIATION;;FAUX
4389;;Premiair;;FAUX
5057;;PREMIER AEROSPACE CORP;;FAUX
1288;1456;Premier Air Parts;;FAUX
2567;;PREMIER AVIATION OVERHAUL CENTRE;;FAUX
1178;1016721474;PREMIUM Aircraft Parts;;FAUX
2006;;President Airlines;;FAUX
4391;;PRESIDENTIAL AIRWAYS;;FAUX
498;2136405034;Pride Electronics;;FAUX
1337;96;PRIESTER AVIATION;;FAUX
2546;1548949986;Prima Aviation;;FAUX
4840;;Prima Perkasa Raya;;FAUX
3531;;PRIMANDIRI PERDANA;;FAUX
2327;;Primaris Airlines;;FAUX
1880;991996921;Prime Aeronautics;;FAUX
908;-1221456131;Prime Aerospace Pte;;FAUX
1882;992353186;Prime Air - A HEICO Company;;FAUX
2078;;PRIME AIR EUROPE;;FAUX
626;1639;Prime Aviation JSC;;FAUX
3060;;Prime CAE India;;FAUX
3005;;PRIME INDUSTRIES;;FAUX
3217;;Primetech Corporation;;FAUX
2894;-214491089;PRIMEX TECH (MF);;FAUX
4748;;Prince Edward Air Ltd.;;FAUX
4306;;Priority Aero Maintenance;;FAUX
5172;;PRISMA Aviation Services LLP;;FAUX
2146;;PRIVATAIR;;FAUX
2603;;PRIVATE WINGS;;FAUX
1315;1441;PRO AIR;;FAUX
2489;;PRO BATTERY (MF);;FAUX
3543;;PROBEST;;FAUX
259;-126715111;Professional A/C Accessorie;;FAUX
1838;1638892883;Professional Aviation Associates PAA;;FAUX
2364;;projects inc;;FAUX
3826;;Promati;;FAUX
5189;;PROPELLER PARTS MARKET;;FAUX
3971;;Proptech (CSE Aviation );;FAUX
2328;;Propulsion Controls Co.;;FAUX
3239;;PROSERV AVIATION INC.;;FAUX
2927;;Prosper Aviation;;FAUX
158;845;PROTEUS AIRLINES;;FAUX
2656;;Provincial Airlines;;FAUX
3903;;PSA - Produits Sanitaires Aeronefs;;FAUX
3147;;PSA Airlines;;FAUX
3975;;P-Square;;FAUX
4881;;PT Angkasa Biru Pratama;;FAUX
5012;;PT BAYU KARSA TEKNIKATAMA;;FAUX
2335;-2057003647;PT DAS - see Dirgantara Air Services;;FAUX
5083;;PT Gatari Air Service;;FAUX
4848;;PT Prima Perkasa Raya;;FAUX
4863;;PT Realin Polim;;FAUX
4117;;PT Tirta Graha Nusantara;;FAUX
115;282;PT. AERO NUSANTARA INDONESIA - ANI;;FAUX
4423;;PT. ANUGERAH PUTRI PERDANA;;FAUX
4528;;PT. Avconindo Mandiri;;FAUX
4941;;PT. Erena International Logistics;;FAUX
5048;;PT. Merpati Nusantara Airlines;;FAUX
1489;123;PT. Pelita Air Service;;FAUX
4892;;PT. Prakarsa Multisari Mandiri Abadi;;FAUX
3471;;PT. Sarana Wahyu Putera;;FAUX
3175;;PT.FERRILIX MATUARI JAYA;;FAUX
3216;;PTC AEROSPACE;;FAUX
5;1936823726;PTI Technologies;;FAUX
2073;;PULLMANTUR AIR;;FAUX
3912;;PULSCO;;FAUX
827;1027519637;Puritan Bennett;;FAUX
2400;;PURNELL AVIATION;;FAUX
1965;2088983128;PUROFLOW INC (MF);;FAUX
1099;-688196679;PWCS;;FAUX
4880;;Pyae Naing Thu;;FAUX
494;2136405030;Qaerospace;;FAUX
5132;;QAI (Quality Aviation Instruments);;FAUX
3172;;QANTAS AIRWAYS;;FAUX
3007;;QANTASLINK;;FAUX
28;2133964540;Qatar Airways;;FAUX
4116;;Q-Enterprise;;FAUX
4398;;QET Tech Aerospace;;FAUX
4621;;QIBLATIN SYNERGY SDN BHD;;FAUX
4243;;Qualified Technologies;;FAUX
860;-1745829888;Qualitech industries;;FAUX
4536;;Quality Aeroparts;;FAUX
1523;1197;QUALITY AIR Services;;FAUX
3863;;Quality Aircraft Equip & Svc;;FAUX
1868;837154209;QUALITY Aircraft Parts;;FAUX
1082;1000362609;Quality AirSpares;;FAUX
1318;1444;QUALITY Aviation;;FAUX
2544;-1604587488;Quality Aviation Instruments, Inc;;FAUX
3061;;QUANTUM Aviation;;FAUX
4289;;Quantum Global, Inc;;FAUX
4379;;Quatec Aerospa;;FAUX
792;984;Quebecair Express;;FAUX
81;2136405146;QUEENSLAND REGIONAL;;FAUX
4199;;Quick Aerospace Group;;FAUX
3064;;Quicksource On-Line;;FAUX
4126;;QuikJet;;FAUX
544;1126;QUINSON ETS;;FAUX
1413;2136405043;QWEST Air Parts;;FAUX
82;2136405147;R F Saywell Inc.;;FAUX
689;299910631;R&B Aircraft Supply;;FAUX
1160;1010414425;R.A Miller;;FAUX
2680;;R.S.B.I AEROSPACE (MF);;FAUX
2824;;RA-Aviation;;FAUX
1739;2136405086;RADIALL;;FAUX
2472;;RADIO MASTERS (MF);;FAUX
3784;;Radio Relais;;FAUX
4014;;RAF-AVIA;;FAUX
1877;897155448;Rainier Rubber Co;;FAUX
1238;674;RAJAIR;;FAUX
3285;;Ralmark Co;;FAUX
4132;;RAM AIR SALES, INC;;FAUX
3481;;RANGER AIR;;FAUX
4191;;Rao & Associates;;FAUX
5129;;Rapco, Inc.;;FAUX
3524;;Rapture inc;;FAUX
1538;988198260;RAS - Don't Use - Fluggesellschaft;;FAUX
1062;224;RAS (Rheinland Air SV) Werft & Handle GmbH;;FAUX
486;2136405022;RAS Werft Dont USE;;FAUX
3754;;RASAKTI;;FAUX
770;430;RASMARK JET CHARTER,lnc;;FAUX
177;1242;RATIER-FIGEAC;;FAUX
2386;;RAYAN (MF);;FAUX
3495;;RAYCOM AEROSPACE;;FAUX
4481;;Raymond Ltd;;FAUX
3186;;Raytech Avionics;;FAUX
2672;;RAYTHEON A/C;;FAUX
724;1086;RBE S.A;;FAUX
3560;;RBS Aviation Capital;;FAUX
561;-1663714989;RDB Trading Corp;;FAUX
1150;-236279566;RDI;;FAUX
4124;;REACH  Inc.;;FAUX
592;-1974360808;Real Aerovias Brasil Ltda;;FAUX
3112;;Record Aircraft Parts Corp;;FAUX
5089;;RED 1 Xpress;;FAUX
864;-1866603350;Red Rock Aviation;;FAUX
1872;857698490;Redbird Electronics, Inc.;;FAUX
3914;;Red-Eye Aerospace;;FAUX
4672;;Redline Aviation, LLC;;FAUX
2733;;REEBAIRE AIRCRAFT (MF);;FAUX
316;2136404933;REFA Intl;;FAUX
1875;889692319;REGAL Aerospace;;FAUX
2560;;Regional 1 Airlines  Canada;;FAUX
1740;1509;Regional A/L Support GRP;;FAUX
4652;;Regional Air Services;;FAUX
4187;;Regional Airline Support Group;;FAUX
106;267;REGIONAL AIRLINES;;FAUX
369;2136404963;Regional Airlines - Maroc;;FAUX
4982;;Regional Avionics Inc;;FAUX
2374;;Regional Express - REX;;FAUX
372;2136404966;Regional One;;FAUX
2563;;REGIONAL WINGS;;FAUX
3384;;Regions Air;;FAUX
5135;;Regourd Aviation;;FAUX
3085;;Rehau Indu;;FAUX
3206;;REHEAT INTL;;FAUX
545;1127;RELAIS ELECT. DEUTSCH;;FAUX
3192;;RELIANCE AVIATION;;FAUX
1211;85;RELIANT AIRLINES INC;;FAUX
4694;;religare voyages;;FAUX
771;431;RENO AIR EXPRESS;;FAUX
2786;;RENOWN SERVICES;;FAUX
3977;;Repman Co;;FAUX
4436;;Republic Air;;FAUX
2548;1021631789;Republic Airlines;;FAUX
2311;;Revilo Aerospace;;FAUX
64;2136405129;Revima APU;;FAUX
4019;;Revolution Aircraft Services LLC;;FAUX
2127;;RFG REGIONALFLUG (MF);;FAUX
1218;467;RHEINTALFLUG;;FAUX
73;2136405138;Riana Taxi Aereo;;FAUX
2429;;Riau Airlines;;FAUX
1206;68;RICHMOR AVIATION INC;;FAUX
2895;-1470438844;RIEKER INSTRUMENTS CO (MF);;FAUX
3094;;Rijnmond Air Sv - use Exel Tech;;FAUX
743;1417;RIM ENTERPRISES;;FAUX
930;-1090383080;Rinjmond Air Services;;FAUX
218;528;RIO SUL;;FAUX
2701;;RIVER CITY AVIONICS;;FAUX
5094;;Rivers State Government;;FAUX
2366;;RJ AVIA PTE LTD;;FAUX
1355;1035554347;RJ International;;FAUX
3013;;RJ ROTABLES;;FAUX
3539;;RMI Aerospace;;FAUX
3429;;RND Aerospace;;FAUX
2496;;ROBERT YOUNG A/C PARTS (MF);;FAUX
135;2136405108;Roberts Aviation;;FAUX
2556;;Robin Hood Aviation;;FAUX
3982;;Rockland Aerospace Inc.;;FAUX
3000;;Rockwell Aviation Service;;FAUX
1856;1157;Rockwell Collins (GA);;FAUX
2903;2088983113;Rockwell Collins (MF);;FAUX
932;-1079037277;Rockwell Collins Gmbh;;FAUX
1780;1280;ROCKWELL COLLINS UK LTD;;FAUX
531;1032250867;RODRIGUE SA;;FAUX
924;-1119782478;Roe Aviation;;FAUX
3273;;Rogan Corporation;;FAUX
3086;;ROGERSON A/C;;FAUX
2970;;Rohr - Goodrich Aerostructures;;FAUX
2106;2136405250;Roigwest Inc.;;FAUX
1866;1552;ROLLS-ROYCE;;FAUX
2681;;ROMAVIA;;FAUX
1087;-787560173;Romeera Aero spares Limited;;FAUX
1293;1461;ROSEMOUNT AEROSPACE France;;FAUX
1192;1077;ROSEMOUNT AEROSPACE GMBH;;FAUX
2337;;Rosemount Aerospace Inc.;;FAUX
1474;1378;ROSEMOUNT Aerospace Ltd. (UK);;FAUX
1970;2088983119;Rosen Sunvisor Systems (MF);;FAUX
685;277710355;Ross Aviation UK;;FAUX
989;1180250976;Rossair Europe;;FAUX
1805;756;ROSSAIR EXECUTIVE AIR CHARTER;;FAUX
1850;1053;ROSSAIR PTY. LTD.;;FAUX
2024;;ROSSIYA;;FAUX
1416;2136405016;Rotable Asset Management;;FAUX
2030;;Rotable Expendable Sales;;FAUX
4599;;Rotable Repairs;;FAUX
163;1131;ROTRON;;FAUX
722;1084;ROUACH CONSULTING;;FAUX
4118;;Royal Aero Services;;FAUX
1033;712;ROYAL AIR CAMBODGE;;FAUX
1056;193;ROYAL AIR MAROC;;FAUX
2620;;Royal Airlines (Pakistan);;FAUX
5145;;Royal Aviation LLC;;FAUX
4976;;Royal Bengal Airlines;;FAUX
1027;685;ROYAL BRUNEI AIRLINES;;FAUX
2361;;Royal Falcon;;FAUX
4018;;Royal Jet;;FAUX
1631;1599;Royal Jordanian A/L;;FAUX
2657;;Royal Khmer Airlines;;FAUX
3331;;Royal Pakistan;;FAUX
4156;;Royal Star Aviation;;FAUX
4777;;Royal Thai Air Force;;FAUX
1043;156;ROYAL TONGAN AIRLINS;;FAUX
2584;;Royal Wings;;FAUX
1676;1406;RPM Aviation;;FAUX
501;2136405037;RPM AVIATION INC. TUCSON;;FAUX
1621;1589;RTC AVIATION INC;;FAUX
2933;;RUAG Aerospace Services GmbH;;FAUX
4590;;Rudolf Fritz GmbH & Co. KG;;FAUX
2852;;Runway Aerospace Kft;;FAUX
4557;;Runway Aviation;;FAUX
5003;;Rutas Aeraes De Venezuela;;FAUX
341;2136404988;RVL Airtech;;FAUX
3240;;RVZ Consult BV;;FAUX
4556;;RWANDAIR EXPRESS;;FAUX
2168;2088983111;Ryanair;;FAUX
5052;;RYJET;;FAUX
612;353;RYUKYU AIR COMMUTER;;FAUX
3876;;RZ Aviation Logistics;;FAUX
2122;;S & J Military IntL;;FAUX
4040;;S & S Aviation;;FAUX
3563;;S.A.L.E;;FAUX
4944;;S.A.S.S.;;FAUX
1310;1434;S.C. Aircraft Supply;;FAUX
1537;988102990;S.E.E (Sté Europ. d'Etanchéité);;FAUX
1272;1106;S.F.I.M.- Sagem;;FAUX
1356;1036575825;S.I.D.M.I;;FAUX
811;1021551199;S.N.I.R.G.E;;FAUX
18;2078597945;S.O.I. AVIATION;;FAUX
542;1124;S.S.A;;FAUX
688;298462507;S.T.I.O.;;FAUX
3597;;S3 International, LLC;;FAUX
4303;;"S7 AIRLINES - JSC ""Siberia airlines""";;FAUX
1806;757;SA AIRLINK;;FAUX
1807;616190213;SA EXPRESS;;FAUX
2940;;SAA - South African Airways;;FAUX
4226;;Saab Aerotech;;FAUX
1603;1717308413;SAAB Aircraft;;FAUX
1601;1672442721;SAAB Aviocomp;;FAUX
696;1004;SABENA Technics;;FAUX
1227;484;SABENA Technics SA - Belgium;;FAUX
1593;995009383;Sabine Schröder Flugzeugvermietung;;FAUX
5070;;SAC Schleef Aviation Consulting;;FAUX
2109;1285;SAFAIR;;FAUX
2579;;Safari Aviation;;FAUX
4743;;Safe Air;;FAUX
77;2136405142;SAFE FLIGHT INSTRUMENT,;;FAUX
4133;;Safe Fuel Systems;;FAUX
2558;;SAFI AIRWAYS;;FAUX
3964;;SAFIRE;;FAUX
2553;;Safomar Aviation;;FAUX
702;1010;SAFT;;FAUX
3397;;Saga Airlines;;FAUX
3961;;Sage Popovich;;FAUX
4998;;Sagem Avionics Inc.;;FAUX
2570;-1197301289;SAGEM DEFENSE SECURITE;;FAUX
476;2136405008;SAHARA AIRLINES - JetLite;;FAUX
4444;;SAHARA PRIME CITY LTD;;FAUX
4314;;Sailer Aviation Aircraftparts e.U.;;FAUX
2018;;Saint Gobain Perf Plastics;;FAUX
3781;;Saint-Ex Cargo;;FAUX
982;904088373;Saisa Aircraft Support SL;;FAUX
1993;;Saksham Engineering;;FAUX
2446;;SALAMIS AVIATION;;FAUX
2674;;SALE Singapore;;FAUX
2734;;SALT River Aviation;;FAUX
4656;;SAM Helicopters;;FAUX
4377;;SAMA Airlines;;FAUX
3689;;SAMCO Aircraft Dont USE;;FAUX
386;1323;Samco Aircraft Maintenance BV;;FAUX
435;1045;SAMM-GOODRICH;;FAUX
4496;;samsung techwin co. ltd;;FAUX
299;2136404913;SAMWELL AVIATION LTD;;FAUX
1164;1011859103;SANSAA aircraft Parts & Services corp;;FAUX
3141;;Santa Barbara Airlines;;FAUX
4460;;SANXING PTE;;FAUX
4288;;SAR AVIATION;;FAUX
654;1222;SARMA;;FAUX
382;572;SAS - SCANDINAVIAN;;FAUX
4871;;SAS AVIATION;;FAUX
2557;;SAS COMPONENT;;FAUX
629;1642;SAS TECHNITRADE DK;;FAUX
2042;;SAT Airlines;;FAUX
156;842;SATA Air Açores;;FAUX
705;1014;SATAIR;;FAUX
3138;;Satair Hardware;;FAUX
2755;;Satair Pte Ltd  (Singapor);;FAUX
2925;;SATENA;;FAUX
628;1641;SATORI (France);;FAUX
1971;;SATORI-Cobham Avionics - Montreal;;FAUX
1521;331;Saudi Arabian Airlines;;FAUX
3398;;Saudi Aramco see Aramco;;FAUX
4465;;Savannah Air Center;;FAUX
453;1584;SAVE GIE-OEMSERVICES;;FAUX
1;;saxonair;;FAUX
1596;1312;SAYWELL Intl;;FAUX
2989;;SC Aircraft Supply;;FAUX
1320;1446;SCA Technics.- Aviation Support Co.;;FAUX
4816;;SCAN SUPPORT AS;;FAUX
468;2136404909;Scanaviation A/S;;FAUX
2956;;SCANCON AIRWAYS;;FAUX
408;929;SCANDINAVIAN (SAS) Commuter;;FAUX
3732;;SCANDINAVIAN AIRCRAFT MAINTENANCE;;FAUX
3139;;Scandinavian Avionics;;FAUX
4844;;Scandinavian Avionics Malaysia Sdn Bhd;;FAUX
381;571;SCANDINAVIAN COMMUTER;;FAUX
1908;1614;SCANPARTS;;FAUX
2813;;ScanTech - Scandinavian Aircraft Technologies A/S;;FAUX
772;432;SCENIC AIRLINES, Inc.;;FAUX
4876;;SchenkAir GmbH;;FAUX
1369;1038852259;SCHENKER (C/O Bel-Air Express);;FAUX
1445;1345;SCHNELLER;;FAUX
617;1629;SCHREINER A/W - CHC Airways;;FAUX
4975;;Schreiner Airways Cameroon;;FAUX
1123;-476659724;Schreiner Components;;FAUX
1341;104;SCIBE-AIRLIFT ZAIRE;;FAUX
1961;2088983124;Scientific Instru (MF);;FAUX
2743;;SCOPE, LDA;;FAUX
206;1271;Scorpio Aviation;;FAUX
1405;1503;SCOT AIRWAYS;;FAUX
1888;1555;SCOTT AVIATION;;FAUX
315;2136404932;SDV Aerospace;;FAUX
926;-1113559609;Seahawk Aviation Svc;;FAUX
2144;;SEAIR - SouthEast Asian A/L;;FAUX
1911;1617;SEAL DYNAMICS;;FAUX
4509;;SEAM;;FAUX
2525;;Seattle Aero LLC;;FAUX
1645;1020239051;Seattle Turbine Parts;;FAUX
2800;;SECA (MF);;FAUX
703;1012;SECA-EADS;;FAUX
1762;1178;SECAN-Honeywell;;FAUX
2529;;SEE-Ste Europenne D'etancheite (MF);;FAUX
4692;;SEFA;;FAUX
653;1221;SEFELEC;;FAUX
3937;;Segers Aero Corporation;;FAUX
5118;;SEI - Shirley Enterprises Inc;;FAUX
4362;;SELECT AIRPARTS;;FAUX
4425;;Sell GmbH;;FAUX
1930;504066508;Seltech Products;;FAUX
2177;;SEMAN Peru;;FAUX
656;1224;SEMBRANI CORP.;;FAUX
2526;;Semco Aerospace.com;;FAUX
1491;125;SEMPATI AIR;;FAUX
668;136560585;Senasa-Simulator Center;;FAUX
53;2136405165;SENASA-SIMULATOR CENTRE;;FAUX
5164;;SENEGAL AIRLINES;;FAUX
854;1534;SENNHEISER;;FAUX
1948;2088983135;Sensor Systems, L.L.C (MF);;FAUX
631;1644;Sentry Aerospace;;FAUX
406;891;SEOUL AIR INT'L;;FAUX
4594;;Sepakat Aerospace Sdn Bhd;;FAUX
2330;;Serair;;FAUX
650;1218;SERCK Aviation-Dunlop Equip;;FAUX
100;-212323538;Sermat Aero;;FAUX
3969;;Sertec SL;;FAUX
3702;;SERTECAIR;;FAUX
4547;;Services Air;;FAUX
4994;;SES;;FAUX
3201;;SET CARGO (frwd);;FAUX
391;1328;SEVEN AIR;;FAUX
1349;113;SEVENAIR (FKA TUNINTER);;FAUX
2799;;SEXTANT (MF);;FAUX
423;1033;Sextant-THALES;;FAUX
1607;1764718721;SEY TEC;;FAUX
1481;1385;SFERNICE;;FAUX
647;1196;SFIM USA;;FAUX
2338;;SFIM-SAGEM (MF);;FAUX
4575;;SH&E;;FAUX
4153;;Shakaa International;;FAUX
2156;;SHAMBAN - Polymer Sealing Solutions Ltd (MF);;FAUX
2964;2136405150;Shandong Airlines;;FAUX
3030;;SHANGHAI AIRLINES;;FAUX
4872;;Shanghai Rong Xin Aviation Supplies Co. Ltd.;;FAUX
438;1048;SHANNON A/C PROD.;;FAUX
2329;;SHANNON AEROSPACE;;FAUX
1865;59169486;Shannonside Aviation SVC;;FAUX
5121;;Sharp Aviation International;;FAUX
2414;;SHENZHEN AIRLINES;;FAUX
1767;1183;Sherwood Avionics & Accessorie;;FAUX
539;1111;SHEY SYSTEMS;;FAUX
4094;;Shiels;;FAUX
4342;;Shimadzu Precision Instruments, INC.;;FAUX
613;354;SHINCHUO KOKU;;FAUX
3027;;Ship it AOG;;FAUX
5119;;Shirley Enterprises;;FAUX
5182;;Shoreline Aerospace LLC;;FAUX
225;1529;Shoreline Aviation & Marine Ltd;;FAUX
3360;;SHOROUK AIR;;FAUX
1156;1064;SHORT BROTHERS PLC;;FAUX
3834;;Shuttle America;;FAUX
2191;;SIA ENGINEERING;;FAUX
3598;;SIAEC Singapore;;FAUX
2975;;Siberia Airline;;FAUX
2444;;Sichuan Airlines;;FAUX
2818;;SICHUAN SNECMA AERO-ENGINE;;FAUX
1256;1029;SICMA;;FAUX
4230;;Sict Aviation;;FAUX
3100;;SIDMI;;FAUX
1514;313;Siem Reap Airways Intl;;FAUX
1583;1339;SIEMENS-CERBERUS GUINARD;;FAUX
1492;126;SIERRA EXPRESSWAY;;FAUX
2750;;SIERRACIN (MF);;FAUX
1863;1165;SIERRACIN/SYLMAR;;FAUX
2758;;SIFCO Turbin Component Services (MF);;FAUX
187;1252;SI-FLY;;FAUX
1837;1628965987;SIGNAL Aerospares;;FAUX
4387;;SIGNATURE AIR;;FAUX
723;1085;SIGNATURE FLIGHT SUPPORT;;FAUX
2491;;SILK WAY AIRLINES;;FAUX
4275;;Silk Way Technics;;FAUX
152;830;SILKAIR;;FAUX
3669;;Silver Air;;FAUX
2029;;Silver Aviation;;FAUX
4891;;Silver Hawk Air;;FAUX
4197;;Silver Wings Aerospace, Inc;;FAUX
3596;;SILVERBACK CARGO FREIGHTERS;;FAUX
3196;;SIMA;;FAUX
2058;;SIM-Aerotraining;;FAUX
2383;;SIMAIR;;FAUX
3631;;Similair 3000;;FAUX
2631;;SIMMONDS PRECISION PRODUCTS INC;;FAUX
1490;124;SIMMONS AIRLINS;;FAUX
4048;;Simulator Technical Logistics;;FAUX
3645;;Sinclair International;;FAUX
298;2136404912;SINGAPORE AIRLINES;;FAUX
3420;;Singapore Technologies Aerospace LTD;;FAUX
4160;;Single Point Of Contact;;FAUX
1409;1507;Sino American Aviation;;FAUX
739;1152;SINTERS ECA;;FAUX
2986;;SIRIO PANEL;;FAUX
3444;;sisu Services;;FAUX
1958;2088983130;SITEC (MF);;FAUX
2165;2088983108;SKF Aerospace France;;FAUX
2235;;Skippers Aviation PTY Ltd;;FAUX
2260;;SKJ Aviation- Sean Fields;;FAUX
1225;479;SKODA AIR;;FAUX
4525;;SKURKA ENGINEERING;;FAUX
532;1032262086;Sky Airlines;;FAUX
3670;;SKY AIRLINES Chile;;FAUX
1106;-623747302;SKY Aviation Ltd;;FAUX
3400;;SKY EUROPE AIRLINES;;FAUX
3343;;Sky Express S.A.;;FAUX
313;2136404930;SKY FLY UNIVERSAL;;FAUX
1475;1379;SKY MART Sales corp.;;FAUX
4591;;SKY POWER AVIATION;;FAUX
2192;;Sky Professional Workers;;FAUX
5117;;SKY REGIONAL;;FAUX
3233;;Sky Sentinel;;FAUX
4096;;SKY SUPPORT LTD;;FAUX
2732;;Sky Swallows (Volga Avia Express);;FAUX
4284;;Sky Systems;;FAUX
3099;;SKY Technology;;FAUX
996;1244388979;SKY WAY Enterprices;;FAUX
2554;;SKY WORK AIRLINES;;FAUX
3862;;Skyairlines;;FAUX
4123;;SKYAIRWORLD;;FAUX
4214;;Skyblueaviation Ltd;;FAUX
2110;;SKYBUS LLC;;FAUX
1079;998489590;SkyCon;;FAUX
2626;;SkyHawk Aviation;;FAUX
4089;;Sky-Lab;;FAUX
1012;1434338916;SKYLINE AVIATION SUPPLY;;FAUX
870;-1841222998;SKYLINK;;FAUX
3399;;Skylink Airways;;FAUX
3891;;Skylink Aviation Ltd UK;;FAUX
2987;;SKYLOCK Industries;;FAUX
2641;;Skymark Airlines;;FAUX
4068;;Skymasters Aviation, LLC;;FAUX
5175;;Skynet Int’l Inc.;;FAUX
2358;1042797291;Sky-N-Sea International;;FAUX
5055;;Skypac Parts & Supply LLC;;FAUX
1228;485;SKY-SERVICE;;FAUX
2228;;SKYSERVICE AIRLINE;;FAUX
4723;;Skyservice F.B.O. INC.;;FAUX
5190;;SkySpares;;FAUX
3480;;SKYSTOCKS/AIRSTOCKS;;FAUX
4396;;SkyTaxi;;FAUX
884;-1416316778;Skyteam Intl;;FAUX
1142;-279045909;SKYTEAM Luftfahrtunternehmen gmbh;;FAUX
4922;;SKYTECH;;FAUX
1574;1575;SKYTOWER AVIATION SERVICES;;FAUX
961;-840020497;SkyTrade Intl Enterprises;;FAUX
3963;;SKYTRANS;;FAUX
383;574;SKYWAYS (Avia Express);;FAUX
794;986;SKYWAYS Regional;;FAUX
773;433;SKYWEST Airlines;;FAUX
3678;;Skywest Airlines - Australia;;FAUX
3997;;Skywheels;;FAUX
3402;;Slok Airlines International Gambia, Ltd;;FAUX
2549;-348002124;SLOVAK AIRLINES;;FAUX
4782;;Smart aviation solution;;FAUX
2609;;SmartLynx Airlines (former LAT CHARTER);;FAUX
3261;;Smartparts;;FAUX
1772;1206;SMITH INDUSTRIES AEROSPACE;;FAUX
2032;;Smiths Aerospace - Clearwater;;FAUX
3938;;Smiths Aerospace-Bishops Cleeve;;FAUX
3573;;SMITHS DOWTY PROPELLERS;;FAUX
3686;;SMP Aviation;;FAUX
1787;1287;SMYTH AEROSPACE;;FAUX
1902;1034663341;SNECMA;;FAUX
467;2136404908;Snecma Morocco;;FAUX
5112;;SNJ Aero Machining, Inc.;;FAUX
5109;;SNJ Aviation, LLC;;FAUX
3984;;"SNR 

SNR ROULEMENTS 

SNR ROULEMENTS";;FAUX
2511;;Sobel Air Ghana;;FAUX
640;1305;SOCAM;;FAUX
224;1528;SOCATA;;FAUX
1291;1459;SOCIETE AVIATION AIR MOTIVE;;FAUX
220;1524;SOCIETE COOPERATIVE AERO. Use SCA;;FAUX
4921;;SOFEMA Groupe;;FAUX
3725;;sofiec;;FAUX
2999;;SOGAFREM;;FAUX
898;-1302091809;SOGERMA - BORDEAUX;;FAUX
1303;1426;SOGERMA (SABENA Group);;FAUX
276;1;SOGERMA-SDV;;FAUX
2531;;SOI AVIATION;;FAUX
4203;;SOL Aviation;;FAUX
4137;;Sol Lineas Aereas;;FAUX
174;1239;SOLAIR Group;;FAUX
1006;1364983311;SOLENTA Aviation Workshop;;FAUX
2692;;Solid Air;;FAUX
4546;;Solid Partners Sdn Bhd;;FAUX
4861;;SOLINAIR d.o.o. Secovlje;;FAUX
4569;;SOLOMON AIRLINES;;FAUX
15;2060046697;SOLVENTI;;FAUX
2468;;SONAIR AVIATION;;FAUX
4189;;Sonicare Solutions;;FAUX
3673;;Sorkness Aviation, Inc.;;FAUX
2170;;SOSOLISO AIRLINES;;FAUX
3842;;SOUNDAIR AFTERMARKET GROUP;;FAUX
991;1200349307;SOUNDAIR Inc;;FAUX
958;-895037408;SOURCE ONE SPARES;;FAUX
853;1533;SOURCE ONE SPARES EUROPE;;FAUX
4111;;SOURIAU;;FAUX
4269;;South Aerospace Inc;;FAUX
1550;758;South African Express AW - use SA Express;;FAUX
1821;1499627913;South Atlantic Airways;;FAUX
2759;;South Coast Aviation;;FAUX
4898;;SOUTH JET ONE;;FAUX
3647;;South Seas Aviation;;FAUX
3242;;South Wings Aviacao Ltda;;FAUX
5074;;Southeast Aerospace;;FAUX
1575;1191;SOUTHEAST AEROSPACE INC.;;FAUX
5075;;"Southeast Aerospace
Southeast Aerospace";;FAUX
3105;;Southeastern Equipment;;FAUX
4980;;Southern Aerospace;;FAUX
1799;740;SOUTHERN AIR;;FAUX
1022;648;SOUTHERN AUSTRALIA  AIRLINES;;FAUX
2614;;Southern California Metals;;FAUX
1305;1428;Southern Cross Aviation LLC;;FAUX
1171;1014280865;Southern Wind airlines;;FAUX
3403;;Southwest Airlines Company;;FAUX
651;1219;SOUTHWEST COOLER SVC;;FAUX
2901;2088983095;SOUTHWIND AVIATION;;FAUX
3122;;SOUTHWIND Industries;;FAUX
3949;;Southwings;;FAUX
4548;;Soyuzavia;;FAUX
1307;1431;SPACE AGE  Aviation;;FAUX
3841;;Space Coast-IC;;FAUX
3202;;SPANAIR;;VRAI
3247;;Spares & Equipment Int'l;;FAUX
5088;;Spares Support Solutions India Pvt. Ltd.;;FAUX
3189;;Specialist Aviation;;FAUX
3743;;Specialist Technologies;;FAUX
2795;;SPECIALTY BULB Co (MF);;FAUX
33;2136404882;Specification Seals;;FAUX
1696;1487;Spectrum Aerospace;;FAUX
2810;;SPECTRUM COMPONENTS;;FAUX
4318;;SPEED ELEC SA;;FAUX
5153;;Spice Jet Limited;;FAUX
4372;;spirit aerospace;;FAUX
4563;;Spirit AeroSystems;;FAUX
3118;;SPIRIT AIRLINES;;FAUX
2128;;Spirit Aviation;;FAUX
3279;;Spirit Avionics;;FAUX
4809;;Spot Air;;FAUX
3821;;Spot Aviation;;FAUX
2634;;SPRING AIRLINES;;FAUX
4125;;SprintAir SA (Sky Express);;FAUX
261;-115701435;SR Aerospace;;FAUX
2428;;SR Aerospaceinc (Pvt) Ltd;;FAUX
1917;1623;SR Technics IRL ex FLS;;FAUX
3182;;SR Technics Spain (ex FLS Spain);;FAUX
572;-2136569880;SR Technics Switzerland;;FAUX
1468;1371;SR Technics UK Ltd.;;FAUX
2229;;SRILANKAN AIRLINES;;FAUX
4600;;Sriwijaya Air;;FAUX
1663;1007365168;SRT Enterprises;;FAUX
3324;;Sstyles;;FAUX
483;2136405019;ST Aerospace Supplies Pte;;FAUX
1365;1038298363;ST AEROSPACE SYSTEMS;;FAUX
4109;;ST. Aerospace Solutions Europe A/S;;FAUX
4812;;Stable Jet FL;;FAUX
815;1024414020;STACEM;;FAUX
3057;;STACOSWITCH;;FAUX
2636;;STAECO;;FAUX
4726;;STAerospace Engines;;FAUX
3800;;StairCargo;;FAUX
5125;;Standard Aero - Tempe;;FAUX
4394;;STANDARD AERO PARTS SUPPORT;;FAUX
512;1411;STANDARD AERO v.o.f.;;FAUX
1701;1492;Standby Parts;;FAUX
3612;;Star Air Cargo Pty Ltd;;FAUX
2787;;STAR AIRLINES;;FAUX
4940;;STAR AIRWAYS;;FAUX
4939;;STAR AIRWAYS;;FAUX
3642;;Star Aviation Group FZC;;FAUX
4392;;Star Perú;;FAUX
3898;;"Starburst aviation


Starburst Aviation";;FAUX
3633;;Starlink Aviation;;FAUX
3644;;Starport;;FAUX
36;2136404886;STARTERGENERATOR.COM;;FAUX
496;2136405032;STARTRON;;FAUX
4500;;STAT  Industry Aviation & Components;;FAUX
3210;;Stealth Aerospace;;FAUX
3835;;Stella aviation technics;;FAUX
4512;;Sterling A/C services;;FAUX
1990;;Sterling Airlines;;FAUX
3625;;sterling logistic;;FAUX
2248;;Steven Enterprises Group;;FAUX
1796;1296;STEWART INDUSTRIES INTL;;FAUX
2538;;STEWART WARNER (MF);;FAUX
1162;1011359989;STOFFEL Intl Marketing;;FAUX
421;1031;Stork (Fokker Services);;FAUX
1269;1103;STPI;;FAUX
1380;1042008808;STRATEGIC AEROSPACE;;FAUX
4516;;STRATEGIC AIRLINES;;FAUX
3846;;Strategic Sourcing;;FAUX
3254;;STREAMLINE AIRWORKS;;FAUX
3288;;Streamline Aviation;;FAUX
4952;;STRIDER Aviation;;FAUX
2214;;Structures of Broward, Inc.;;FAUX
4263;;STS Component Solutions;;FAUX
1723;2136405069;STUART INDUSTRIES INC;;FAUX
1737;2136405084;Styles Aviation;;FAUX
1658;1004944972;STYLES Logistics;;FAUX
2949;;Styrian Spirit;;FAUX
1153;300;SUCKLING AIRWAYS;;FAUX
2843;;SUD AERO;;FAUX
2696;;SUD Airlines;;FAUX
3494;;SUD-AIR CORP.;;FAUX
1248;1020;SULLY - SAINT-GOBAIN;;FAUX
2443;;SUMITOMO PRECISION PRODUCTS CO (MF);;FAUX
1004;1329811061;SUMMA Alliance;;FAUX
3660;;Summit Aerospace;;FAUX
4286;;Summit Air Charters;;FAUX
1659;1006525679;Summit Aviation PVT;;FAUX
1152;296;Summit Aviation Supply;;FAUX
2270;;SUN AIR (Egypt);;FAUX
1552;659480383;SUN Aviation;;FAUX
2492;;Sun Market Ltd;;FAUX
4727;;Sunaero Aviation, Inc.;;FAUX
1236;500;SUN-AIR of Scandinavia;;FAUX
4406;;Sundstrand Intl;;FAUX
774;435;SunExpress;;FAUX
410;934;Sunflower Airlines Ltd;;FAUX
3432;;Sunrise Air Support;;FAUX
4332;;sunrise airlines co., ltd;;FAUX
5113;;Sunset aviation;;FAUX
4058;;SUNSHINE AIRSPARES;;FAUX
2535;;SUNSHINE AVIONICS;;FAUX
1023;649;SUNSTATE AIRLINES;;FAUX
3404;;SUNUAIR;;FAUX
176;1241;SUPAIR;;FAUX
1447;1347;SUPERFLEXIT;;FAUX
3328;;Superior Accessory SVC;;FAUX
4522;;Superior Aircraft Support;;FAUX
4581;;Surinam Airways;;FAUX
2124;;Surplus Air Support;;FAUX
1809;769;SWAHAF AIRLINES;;FAUX
4207;;Swanaero;;FAUX
3967;;Swazi Express Airways;;FAUX
1972;28316800;SWE FLY;;FAUX
3405;;Swedline Express AB;;FAUX
390;1327;SWIFT AEROSPACE;;FAUX
3583;;Swift Air Separes pty;;FAUX
901;-1280325132;SWIFT AVIATION;;FAUX
491;2136405027;SWIFTAIR (Swift Global Logistics);;FAUX
1419;2136405045;SWISS;;FAUX
3719;;SWISS INTL;;FAUX
3667;;Swiss Teknik;;FAUX
2390;;SYARIKAT PERNIAGAAN;;FAUX
4409;;Sylven International Corp;;FAUX
2608;;Synergy Aviation;;FAUX
3696;;syratron marketing;;FAUX
2457;;T&J Management;;FAUX
2738;;T.S.I;;FAUX
2906;2088983121;TA MFG (MF);;FAUX
2362;;TAAG ANGOLA AIRLINES;;FAUX
2059;;TAAL - TANEJA AEROSPACE AND AVIATION;;FAUX
787;529;TABA;;FAUX
2454;;Täby Air Maintenance AB (TAM);;FAUX
1793;1293;TAC;;FAUX
2793;;TAC Airborne Components (MF);;FAUX
205;1270;TACA Airlines;;FAUX
1286;1454;TACA Grupo International;;FAUX
2440;2136405383;TACA Regional;;FAUX
3224;;TACO BELL FLIGHT OPS;;FAUX
2166;2088983109;TACTAIR;;FAUX
1063;231;TACV - CABO VERDE AIRLINES;;FAUX
3406;;TAF AIR LINES - BRAZIL;;FAUX
4832;;Taffijn Aviation Service;;FAUX
659;1227;TAG AVIATION;;FAUX
4253;;TAG Aviation (Stansted) Ltd;;FAUX
107;268;TAHITI CONQUEST AIRLINES,;;FAUX
3425;;TAIKOO AIRCRAFT ENGG;;FAUX
2898;-1326372565;Tailwind Airlines;;FAUX
968;136;TAINO AIR;;FAUX
4596;;tajikair;;FAUX
71;2136405136;Talesiy;;FAUX
840;783;TAM - Madagascar;;FAUX
1885;992776880;TAM Linhas Aereas;;FAUX
2434;;TAME (Ecuador);;FAUX
4427;;tamir-air;;FAUX
3127;;Tampa Cargo AIRLINES;;FAUX
3772;;TANEJA AEROSPACE AND AVIATION;;FAUX
1494;128;TANS PERU;;FAUX
2391;;TAOS Industries;;FAUX
4356;;TAP Maintenance and Engineering Brazil;;FAUX
344;2136404991;TAP Portugal;;FAUX
2805;;Tapco;;FAUX
1329;419298338;TAPSA Argentina;;FAUX
2756;;Tarhan Tower Airlines (TT Airlines);;FAUX
192;1257;TAROM;;FAUX
3130;;TASC (Airbus Subsidiary);;FAUX
1411;2136405041;TASCO;;FAUX
3315;;Tassili Airlines;;FAUX
1031;709;TAT - Transportes Aereos Terrestres;;FAUX
108;269;TAT European AirLines;;FAUX
1570;1570;TAT EXPRESS (Frwdr);;FAUX
1145;-273440047;TAT IND. - AOMI;;FAUX
1986;;TAT INDUSTRIES- FNI;;FAUX
2111;;TATARSTAN AIRLINES;;FAUX
1226;480;TATRA AIR;;FAUX
789;531;TAVAJ - Transportes Aereos Regulares;;FAUX
3837;;TBA;;FAUX
3110;;TDC Venture;;FAUX
1184;1069;TEAM - Cobham Avionics;;FAUX
3464;;Team Aviation Sales;;FAUX
4683;;Team International;;FAUX
3553;;Tech Log;;FAUX
1585;1341;TECH-AIRE Instruments;;FAUX
1189;1074;TECHMAN HEAD;;FAUX
184;1249;TECHNIC AVIATION;;FAUX
2985;;Technical Aero Service;;FAUX
1612;1861727455;Techno-Elements;;FAUX
718;1096;TECHNOFAN;;FAUX
4295;;TechnoTrade;;FAUX
2896;2084756981;Tecnoimport;;FAUX
2655;;TED;;FAUX
3342;;Teebah Airlines;;FAUX
4923;;Tekair;;FAUX
1815;1452801176;TEKTEAM;;FAUX
3179;;TELEDYNE CONTROLS-SCOTLAND;;FAUX
2534;;TELEFLEX GMBH (MF);;FAUX
644;1309;TELEFLEX Morse Gmbh;;FAUX
1717;2136405063;TELEFLEX RETOUR MATERIEL;;FAUX
2282;;TELEX Communication Inc (MF);;FAUX
896;-1310027879;TELFORD AVIATION;;FAUX
4639;;Temco;;FAUX
2230;;Tenix Aviation Pty Ltd;;FAUX
700;1008;TENNESSE AIRCRAFT CO;;FAUX
2187;;Teribe Internacional;;FAUX
2748;;TES AVIATION GROUP;;FAUX
2966;;TEX AIR PARTS INTL;;FAUX
3851;;TEXAS AIR COMPOSITES;;FAUX
1641;815868059;Texas Air Service;;FAUX
2638;;Texas Brand Aviation LLC;;FAUX
3321;;Texas Composite Inc.;;FAUX
2897;1600856594;TEXAS INST. INC. (MF);;FAUX
2313;;Texas Pneumatic Systems;;FAUX
3412;;TEXASGYRO;;FAUX
2785;;TEXTRON LYCOMING (MF);;FAUX
4664;;TFE Electronics;;FAUX
4663;;TFE Electronics-free;;FAUX
4558;;TGB Aviation;;FAUX
1198;41;THAI AIRWAYS INTL PUBLIC CO. LTD.;;FAUX
3479;;THAI AVIATION INDUSTRIES;;FAUX
921;-1134797437;Thales Avionics Elec Motor-SFMI;;FAUX
3050;;Thales Avionics Meudon;;FAUX
2573;-262549234;Thales Avionics, Inc.;;FAUX
4946;;Thales Avionics, USA;;FAUX
4271;;Thales Geodis;;FAUX
585;-2044823338;Thameside Aero Spares;;FAUX
2015;;THE DEE HOWARD CO. (MF);;FAUX
3132;;THE LEADING EDGE AERO SPARES;;FAUX
4375;;The Parts Guys;;FAUX
708;1017;The Specialty Bulb;;FAUX
2022;;THE XS GROUP;;FAUX
660;1228;THE ZEE COMPANY;;FAUX
314;2136404931;THOMAS AIRCRAFT SUPPLIES;;FAUX
1725;2136405072;THOMAS COOK AIRLINES;;FAUX
4825;;Thomas Electronics Of Australia PTY LTD;;FAUX
725;1087;THOMMEN Revue;;FAUX
2910;;Thompson Comm.;;FAUX
4681;;THORNTON TECHNOLOGY;;FAUX
4662;;THREE 7 GROUP;;FAUX
1733;2136405080;Three Crowns Aviation;;FAUX
2332;;THRUST-TECH AVIATION;;FAUX
109;270;THS HELICOPTERES;;FAUX
564;-1642746018;Thunderbolt Aviation;;FAUX
2249;;THY;;FAUX
5043;;Tianjin Airlines;;FAUX
3944;;Tiara Air;;FAUX
3332;;TIBET AIRLINES;;FAUX
2640;;TIGER AIRWAYS;;FAUX
1281;1449;TIGER Enterprises & Trad;;FAUX
2700;;Tiko Air;;FAUX
1354;118;TIME AIR Inc CANDIAN REGIONAL AIRLINS;;FAUX
1906;1612;TIME AVIATION;;FAUX
2841;;TIMKEN;;FAUX
4793;;TiriacAIR;;FAUX
1154;301;TITAN AIRWAYS LTD;;FAUX
1939;549741107;Titeflex Europe;;FAUX
4631;;TJR Procurement International, LLC;;FAUX
4659;;TK Aviation;;FAUX
1616;1894986793;TMH-Techman-Head Canada;;FAUX
571;-1517010802;TNT (Frwdr);;FAUX
2604;;TNT Aircraft Maint SVC UK;;FAUX
3585;;TNT Airways;;FAUX
3726;;TNT Sapin PAN-AIR;;FAUX
4518;;TOGS AIRCRAFT;;FAUX
635;16700074;Tohchdown Aviation Ltd;;FAUX
2047;;Toll Aviation Engineering Pty Ltd (Jetcraft);;FAUX
5076;;Toll Global Forwarding;;FAUX
4083;;TOOLS AIR;;FAUX
912;-1193670228;TOP AIRCRAFT;;FAUX
5011;;Top Entity Sdn Bhd;;FAUX
2242;;TOP FLY;;FAUX
3761;;Topcast Australia Pty Ltd;;FAUX
214;1543;TOPCAST Aviation Supplies Co;;FAUX
2198;;TOR AIR;;FAUX
3816;;TORNAIR;;FAUX
4145;;Toronto Sky Aviation INC;;FAUX
3473;;Total Aerospace Services;;FAUX
1076;997083810;Total Aerospace Supply, Corp.;;FAUX
4540;;Total Aircraft Support, Inc.;;FAUX
3614;;Total Aviation Business International;;FAUX
1133;-360138578;TOTAL AVIATION DK;;FAUX
805;997;TOTAL AVIATION SUPPORT;;FAUX
1258;533;TOTAL Linhas Aereas;;FAUX
3140;;Total Sky Lands;;FAUX
1148;-261122795;Touch Down Aviation;;FAUX
1193;1078;TOUT POUR LE PORTABLE;;FAUX
1078;997279816;TOV MEOD;;FAUX
4206;;TOWER Aerospace;;FAUX
448;1579;TOWER AIR FREIGHT;;FAUX
4276;;TP Aerospace Solutions APS;;FAUX
3756;;TPA Pte;;FAUX
4045;;TPC - Tube Processing Corporation;;FAUX
55;2136405167;Tracer Corp;;FAUX
5122;;Trade Aeris;;FAUX
4995;;Trade Aeris;;FAUX
2436;;TRADE AIR;;FAUX
3594;;Trade Air International;;FAUX
1115;-542153225;TRADE-AIR Corporate Support;;FAUX
619;1631;Tradewinds Aircraft & Engine Services;;FAUX
4862;;TradeWinds Airlines;;FAUX
5062;;Tramec Aero;;FAUX
2333;;Trans Air Hawaii;;FAUX
775;436;TRANS AMERICAN CHARTER;;FAUX
3458;;Trans Capital Air;;FAUX
2772;;Trans Maldivian Airways;;FAUX
4785;;Trans Nation Airways Pvt;;FAUX
776;438;TRANS STATES AIRLINES;;FAUX
969;138;TRANS WORLD EXPRESS;;FAUX
4648;;Transaero (Russia);;FAUX
3191;;Trans-Aero -Dubai;;FAUX
913;-1191230655;Transaero Inc;;FAUX
2847;;TRANS-AERO NL;;FAUX
666;1234;TRANS-AERO NL (UK);;FAUX
2285;;TransAero Support Inc.;;FAUX
1916;1622;TRANSAIR America;;FAUX
2458;;TRANSAIRCO;;FAUX
281;17;TRANSASIA AIRWAYS;;FAUX
693;1001;TRANSASIAN AIR;;FAUX
3076;;TRANSAVIA AIRLINES;;FAUX
3407;;Transcarga Intl. Airways;;FAUX
3408;;TransCaribbean Airways;;FAUX
3843;;Trans-Continental Aviation;;FAUX
3410;;Transmeridian Airlines, Inc;;FAUX
2101;;Transmile Air Services;;FAUX
4535;;Transocean International Inc.;;FAUX
384;575;TRANSWEDE;;FAUX
2532;;Transwest Air;;FAUX
2296;;Transworld Aviation;;FAUX
1800;742;TRANZAIR;;FAUX
4879;;Travel Service a.s.;;FAUX
4066;;TRAVIRA AIR;;FAUX
1151;-229607308;Tree Crowns Aviation;;FAUX
1533;976821034;TRELLEBORG Airax;;FAUX
3760;;Triangle Electronics Group;;FAUX
1383;1042808769;Tri-Country Instruments;;FAUX
2301;;Trigana Air Service;;FAUX
3600;;Trim Air Charter Services;;FAUX
1385;1060072941;TRIMBLE;;FAUX
3097;;Trinity Aerospace;;FAUX
3478;;Trinity Air & Ground;;FAUX
4853;;Trinity Aircraft Parts;;FAUX
904;-1259441774;Trinity Aviation;;FAUX
4534;;Trinity Technologies;;FAUX
524;1028879698;TRIP Linhas Aereas;;FAUX
4752;;TriStar Aircraft Spares;;FAUX
2837;;TRISTAR SOLUTION TECH;;FAUX
3896;;TRIUMPH ACCESSORY SERVICES;;FAUX
4754;;Triumph Accessory Services-Grand Prairie;;FAUX
5086;;Triumph Actuation Systems, LLC;;FAUX
956;-913879393;TRIUMPH AFTERMARKET SVCS DIV.;;FAUX
2902;2088983112;Triumph Air Repair (Logistics - Phoenix);;FAUX
4155;;Triumph Aviation Svcs Asia Ltd;;FAUX
2031;2136405338;Triumph Instruments -Ft. Laud, Inc.(JDC);;FAUX
519;1027689829;Triumph Logistics - UK, Ltd.;;FAUX
4267;;TRONAIR;;FAUX
602;-1893701156;TROPIC Aero;;FAUX
3847;;TRUMP INTL;;FAUX
4024;;TRUS International;;FAUX
4915;;Trust One Components;;FAUX
1592;994836209;TRW - LUCAS Aerospace UK;;FAUX
1542;989594241;TRW - LUCAS fr;;FAUX
2817;;TRW Aeronautical syst. - LUCAS (MF);;FAUX
2815;;TRW Aeronautical syst. (Goodrich) (MF);;FAUX
1002;1317672729;TRW LUCAS Aerospace;;FAUX
167;1135;TRYGON LTD;;FAUX
734;1147;TSA TRANSAIRCO;;FAUX
3880;;TSI Aviation, Inc.;;FAUX
3259;;TTA (Fwrd);;FAUX
2571;-1149262674;TUI A/L BELGIUM - JETAIRFLY;;FAUX
2493;;TUI Fly;;FAUX
2045;2136405273;TULSA PROPLSIN ENGINES;;FAUX
1679;1473;TUNISAIR;;FAUX
4607;;Tunisavia;;FAUX
1465;1368;TURBAIR;;FAUX
4614;;Turbine Administration Repair;;FAUX
2048;;Turbine Aircraft Support Group;;FAUX
1112;-568964464;Turbine Airmotive;;FAUX
96;1332;TURBINE CONTROLS;;FAUX
922;-1126788039;Turbine Engine Consultants, Inc. (TECI);;FAUX
2251;;TURBINE Engine Resources;;FAUX
4814;;Turbine Fuel Systems;;FAUX
3023;;Turbine Industries;;FAUX
2423;;TURBINE OVERHAUL POWER PLANT SUPPORT (MF);;FAUX
915;-1173652636;Turbine Support SVc;;FAUX
566;-1600919507;Turbine Traders;;FAUX
4354;;Turbines 4 U;;FAUX
4797;;Turbines Ltd;;FAUX
4049;;Turbo Expendables;;FAUX
4807;;Turbo jet;;FAUX
3340;;Turbo Prop Service Centre c.c.;;FAUX
964;-822518679;TURBO Resources Intl;;FAUX
484;2136405020;Turboanalisis AZ;;FAUX
1334;1522;TURBOANALISIS, Inc;;FAUX
2659;;TURBOCOMBUSTER TECNOLOGY (MF);;FAUX
1443;1343;TURBOMECA;;FAUX
834;590;TURKISH AIRLINES;;FAUX
5039;;TURKUAZ AIRLINES;;FAUX
182;1247;TURNER Aviation;;FAUX
1620;1588;TVA - Centre des Ameriques;;FAUX
1008;1372096763;TW - METALS FR;;FAUX
801;993;TWA - surplus sales;;FAUX
1110;-589822484;TWIN Aviation;;FAUX
4953;;Twin City Aero Supply, Inc.;;FAUX
4030;;Twinjet (UK);;FAUX
721;1083;TXI-VITESSE AVIATION INC;;FAUX
3364;;TYCO Electronics;;FAUX
2628;;TYR Aviation Ltd.;;FAUX
4150;;TYROL AIR AMBULANCE;;FAUX
1219;468;TYROLEAN (AUSTRIAN ARROWS);;FAUX
1220;469;TYROLEAN JET SERVICE;;FAUX
1525;1199;UAA;;FAUX
4739;;"UAB ""Avion Express""";;FAUX
3915;;UAS Inc.;;FAUX
1926;475334599;UE Aviation - United Enterprise Group;;FAUX
3106;;Ukrainian Mediterranean Airline (UM Air);;FAUX
3460;;ULS Airlines Cargo ex Kuzu;;FAUX
2494;;Ultimate Aircraft Composites Corp;;FAUX
359;2136404952;ULTRA ELECTRONICS;;FAUX
3044;;Umbra Cuscinetti;;FAUX
3615;;UNDERWOOD-Instrument Services, Inc.;;FAUX
189;1254;UNEX;;FAUX
78;2136405143;UNI AIR Ent;;FAUX
2387;;UNI AIRWAYS;;FAUX
4298;;uni flight;;FAUX
1634;1602;UNICAL Aviation Inc.;;FAUX
590;-1982474311;Unicraft Intl;;FAUX
4401;;Unidyne;;FAUX
20;2085880567;UNIGLOBE Aerospace;;FAUX
4517;;Uniquip;;FAUX
4560;;Uniquip Plus;;FAUX
4909;;Uniserv Aviation;;FAUX
2869;-1117665725;UNISON;;FAUX
1580;1336;UNITED AERODYNAMICS CORP.;;FAUX
1361;1037864313;UNITED AEROSPACE Corp;;FAUX
3646;;United Air Support;;FAUX
2760;;UNITED Airlines;;FAUX
3838;;UNITED AIRWAYS BD LTD;;FAUX
1044;158;UNITED ARAB EMIRAT;;FAUX
2300;;United Aviation (Singapore) Pte Ltd;;FAUX
1784;1284;UNITED AVIATION AEROSPACE;;FAUX
5032;;United Aviation Libya;;FAUX
3199;;United Datatech Aviation;;FAUX
2447;;UNITED EAGLE AIRLINES;;FAUX
905;-1257303475;United Enterprise Group Ltd;;FAUX
492;2136405028;UNITED SERVICES;;FAUX
2252;;United Turbine Technologies (MF);;FAUX
4011;;UNITEK INT'L TRADE CORP.;;FAUX
2495;;UNIVERSAL A/C PARTS;;FAUX
3161;;Universal Aero Management;;FAUX
271;-40209767;Universal Aero Support;;FAUX
4403;;Universal Air Group;;FAUX
4878;;Universal Air Repair , LLC;;FAUX
3246;;Universal Airlines;;FAUX
133;2136405106;UNIVERSAL ASSET MANAGEMENT;;FAUX
248;-185086588;Universal Avionique;;FAUX
2917;;Universal Turbine Parts;;FAUX
4400;;UP Development, Inc.;;FAUX
781;444;UPS;;FAUX
1708;1034942608;UPS-Fwdr;;FAUX
3002;;UPTIME Aviation;;FAUX
3779;;URAL AIRLINES;;FAUX
1711;2136405057;US Airmotive;;FAUX
350;2136404943;US AIRWAYS;;FAUX
4852;;US Chrome;;FAUX
2916;;US DRUG ENFORCEMENT AGENCY;;FAUX
1014;1444032405;US Navy;;FAUX
5063;;USA Logistics Unlimited;;FAUX
3017;;USA Trading Network;;FAUX
35;2136404885;USA3000;;FAUX
783;446;USAIR SHUTTLE;;FAUX
4519;;USM GRUP;;FAUX
2357;1526149049;UTAIR;;FAUX
4875;;UTAIR Ukraine (Fly-Techniks);;FAUX
2627;;Uzbekistan Airways Technics;;FAUX
1001;1309252708;V.H.L. Aircraft, Inc.;;FAUX
4482;;VAECO (Vietnam A/L Eng Co.);;FAUX
1615;1887886385;VALAIR;;FAUX
3656;;VALID;;FAUX
1283;1451;VALTEK;;FAUX
2796;;VALUAIR;;FAUX
4624;;Van Bentem Aviation Europe SARL;;FAUX
2360;;VanAir Parts (Spain);;FAUX
2751;;VARIG BRAZILIAN AIRLINES;;FAUX
2588;;Varig Eng & Maint - VEM;;FAUX
5180;;VAS Aero Services, Volvo;;FAUX
4625;;"Vas Aero





 
  
    
Vas Aero";;FAUX
2256;;VASCO - VIETNAM AIR SERVICES Co.;;FAUX
2938;;VASP - BRAZILIAN AIRLINE;;FAUX
4789;;Vasro Aircraft Parts;;FAUX
735;1148;VDO-DIEHL;;FAUX
4677;;Vector Aerospace;;FAUX
2455;;VELING LTD;;FAUX
4566;;Velocity Electronics;;FAUX
2055;;Vensecar Internacional;;FAUX
122;2136405118;Ventura;;FAUX
3740;;VERITAS;;FAUX
2968;;Vertex (Form Raytheon) Aerospace;;FAUX
3603;;Vesuki Inc.;;FAUX
4013;;VF EQUIPEMENTS;;FAUX
2669;;VGS BLUE;;FAUX
50;2136405162;VIAGGIO AIR (HEMUS AIR);2136405258;FAUX
363;2136404957;VIALINK INT'L PTE;;FAUX
5059;;Vibratech Maintenance - Honeywell Chadwick Systems;;FAUX
1166;1013156235;VIBRO-METRE;;FAUX
2899;2032197264;VICKERS INC (MF);;FAUX
2095;;VICTORY AVIATION;;FAUX
1214;455;VIEQUES AIR LINK;;FAUX
5141;;Vietnam Ailines Engineering Co. LTD;;FAUX
1498;133;VIETNAM AIRLINES CORP / AIRIMEX;;FAUX
4644;;Viking Air Limited;;FAUX
2131;;Viking Airlines;;FAUX
4935;;Viking Hellas Airlines;;FAUX
2334;;Vildanden;;FAUX
4241;;Vincent Aviation;;FAUX
4144;;Vinjen Aviation;;FAUX
3066;;VIP;;FAUX
4278;;VIP Wings (DANUBE WINGS);;FAUX
3506;;VIRGIN AMERICA;;FAUX
882;-1439449570;VIRGIN ATLANTIC Airways;;FAUX
2515;;VIRGIN BLUE (Pacific Blue Airlines);;FAUX
2295;;VIRGIN EXPRESS;;FAUX
2600;;VIRGIN NIGERIA Airways (Air Nigeria);;FAUX
2593;;VISION AERO;;FAUX
339;2136404986;Vision Aerospace;;FAUX
2211;;VISION AIR;;FAUX
4790;;Vista Aviation Inc;;FAUX
4735;;Vitesse Aviation Services;;FAUX
1065;234;Viva Macau Airlines;;FAUX
4550;;VivaAeroBus;;FAUX
2900;-1497596079;Vladivostok Air;;FAUX
1229;486;VLM;;FAUX
68;2136405133;VOLARE;;FAUX
3759;;VOLARIS;;FAUX
1692;1482;VOLAT Aircraft Services;;FAUX
2255;;Volga AviaExpress - Air Volga;;FAUX
2375;;Volga-Dnepr;;FAUX
1903;1569;VOLITO AVIATION;;FAUX
1473;1376;Volvo Aero (AGES) UK;;FAUX
19;2080403866;VOLVO AERO SERVICES - SEATTLE;;FAUX
1652;1143;VOLVO AERO SERVICES- AU;;FAUX
3274;;Volvo Aero Services-Kent;;FAUX
392;1329;Volvo Aero Svcs (Boca);;FAUX
5137;;Vonneair Corp;;FAUX
3870;;Vortex Aviation;;FAUX
2263;;Voyager Airlines BD;;FAUX
769;429;VOYAGEUR AIRWAYS;;FAUX
2253;;VUELA;;FAUX
2034;;VUELING AIRLINES;;FAUX
3492;;Vuelos Internos Privados - VIPSA;;FAUX
990;1196365888;WA Associated;;FAUX
788;530;Wah Wah Co. Myanmar Airlines Agent;;FAUX
3183;;Wales Group Inc;;FAUX
1388;1076259177;WALTER KIDDE AEROSPACE;;FAUX
469;2136405001;WANAIR;;FAUX
1976;770632706;Warrior Aviation;;FAUX
2254;;WAS (Asia);;FAUX
1466;1369;WAS (Component);;FAUX
1705;1496;Wasaya Airways;;FAUX
2079;;WASSEX AEROSPACE;;FAUX
4451;;Wataniya Airways;;FAUX
3245;;Watts Aviation Services Ltd.;;FAUX
3941;;WAYNECO CORP.;;FAUX
3698;;WB Parts;;FAUX
2036;;WDL Aviation;;FAUX
1851;1054;WEBER METAUX & PLASTIQUES;;FAUX
4908;;Webjet;;FAUX
1606;1752559119;WECO Aerospace, Inc.;;FAUX
1389;1077670830;WENCOR WEST;;FAUX
1317;1443;WERNER (Canada);;FAUX
1572;1572;WERNER Aero Services;;FAUX
579;-2081837867;WESCO Aircraft;;FAUX
151;2136405087;Wesco Aircraft FCE;;FAUX
144;2136405088;Wesco Aircraft UK;;FAUX
3235;;Wes-Garde Components Group Inc;;FAUX
263;-106664311;Wessex Aerospace;;FAUX
3241;;west aerospace logistics;;FAUX
4005;;West Air Luxembourg;;FAUX
782;445;West Air Sweden AB;;FAUX
3885;;WEST AVIONICS GmbH;;FAUX
556;-1686182512;West Caribbean Airways;;FAUX
3358;;West coast Airparts;;FAUX
148;2136405092;West Coast Aviation;;FAUX
2624;;WEST JET AIRLINES LTD;;FAUX
899;-1300986008;WEST STAR Aviation;;FAUX
2920;2136405177;West Wind Aviation;;FAUX
3325;;Westav Int'l;;FAUX
4936;;Westcan Aircraft Sales & Salvage;;FAUX
4688;;Western Aero Services;;FAUX
2676;;Western Air (Bahamas);;FAUX
3014;;Western Air International;;FAUX
4128;;WESTERN AIRCRAFT, INC.;;FAUX
4307;;WESTERN AIRPARTS CORP;;FAUX
11;2011687113;Western american specialties;;FAUX
3291;;WESTERN Avionics;;FAUX
4322;;Western Propeller (Pacifac) LTD.;;FAUX
2812;;Westlink - Also Wbelag;;FAUX
4824;;WestStar Aero;;FAUX
5188;;Whale Trading Group, LLC;;FAUX
2416;;Whirlwind Leasing;;FAUX
3866;;WHITE AIRWAYS, S.A.;;FAUX
1535;981173003;WHITE EAGLE Aviation;;FAUX
2207;;WHITE INDUSTRIES;;FAUX
559;-1671158890;Whittaker Control;;FAUX
928;-1104231993;Wiat Co;;FAUX
747;360;WIDEROE;;FAUX
1186;1071;Wiggins Airways;;FAUX
677;190216932;WIGHTLEA AIRCRAFT SUPPORT LTD;;FAUX
4877;;WIKING Helikopter Service GmbH;;FAUX
4370;;Willair;;FAUX
5185;;Williams Aerospace;;FAUX
674;174281784;WILSON Sys;;FAUX
4693;;Winair;;FAUX
3286;;Wind Aeronautics;;FAUX
2379;;WINDJET;;FAUX
4108;;WINDROSE Aviation company;;FAUX
3685;;Wing Aviation;;FAUX
4977;;Wings Abadi Air;;FAUX
72;2136405137;Wings Aero Service, Inc.;;FAUX
4213;;Wings Air;;FAUX
5038;;Wings Field & Brokering Services;;FAUX
5150;;Wingsteck, Inc.;;FAUX
3121;;WINGTIP Aviation SVC;;FAUX
3275;;Witty Air;;FAUX
2601;;WIZZ AIR HUNGARY Kft;;FAUX
4979;;WOLFE AEROSPACE SUPPORT LTD;;FAUX
3232;;WOODLAWN INSTRUMENTS;;FAUX
444;1322;WOODWARD A/C Cont'l;;FAUX
1610;1828291923;Woodward Aircraft Engine Systems;;FAUX
3892;;World Air Express;;FAUX
3720;;World Aircraft Accessories;;FAUX
4527;;World Airways, Inc.;;FAUX
4022;;World aviation Corp;;FAUX
478;2136405010;World Aviation Supply;;FAUX
885;-1407830154;World Aviation Support;;FAUX
657;1225;WORLD CLASS AVIATION;;FAUX
3294;;WORLD COURIER FRANCE;;FAUX
3409;;World Focus Air;;FAUX
634;15478678;WORLD JET;;FAUX
2909;;World Jet AZ;;FAUX
4835;;world micro;;FAUX
4;1927624231;World Shower Aviation;;FAUX
892;-1341657866;World Source Aviation;;FAUX
949;-952576797;WORLD TRADE ENTERPRISES;;FAUX
4552;;WORLDTECH GROUP INC;;FAUX
3438;;Worldwide Accessories Service;;FAUX
3422;;Worldwide Aerospace;;FAUX
3414;;Worldwide Airline Support;;FAUX
1111;-572465522;WORLDWIDE AVIATION;;FAUX
4071;;WORLDWIDE AVIONICS LLC;;FAUX
3695;;Worldwide L.L.C;;FAUX
4810;;Worldwide Spares;;FAUX
92;2136405157;Worldwide Turbine Indu.;;FAUX
5127;;Worthington Aviation AU;;FAUX
447;1578;Worthington Aviation Parts Inc;;FAUX
3864;;WYATT Aerospace;;FAUX
4749;;XAC Group Import & Export Co.;;FAUX
2868;;XCHANGE Partners;;FAUX
131;2136405104;Xian XiangYu Avia Tech Co. Ltd;;FAUX
4902;;XIO a.s;;FAUX
2705;;XIS Flight Training Systems GmbH;;FAUX
5177;;XL AIRWAYS France;;FAUX
3836;;XL Airways Germany GmbH;;FAUX
3911;;Xpress Parts Support;;FAUX
3661;;XS Repair;;FAUX
4955;;XSyn Inc;;FAUX
4414;;XTRA Aerospace;;FAUX
3540;;Xtra Airparts;;FAUX
5004;;X-Wing Aviation;;FAUX
2417;;Y.T.Y.Aeroparts Services;;FAUX
4602;;YAKUTIA AIRLINES;;FAUX
204;1269;Yangon Airways;;FAUX
5072;;Yemenia Joint Venture;;FAUX
3584;;Yemenia Yemen Airways;;FAUX
2452;;Yes Air;;FAUX
4701;;Yeti Airlines Domestic Pvt Ltd;;FAUX
4092;;Yohem Trading Co;;FAUX
3297;;YONIR TECH;;FAUX
2339;-1463474370;York Indu. (MF);;FAUX
3624;;Young Aviation;;FAUX
3010;;Yukmeister Int'l Pte;;FAUX
3988;;Z. G. A. Aircraft Service, Inc;;FAUX
5079;;Zambezi Airlines;;FAUX
3542;;Zenith Aviation;;FAUX
1683;1146;ZENITH TRADING IND.;;FAUX
1391;1086946437;ZEST AIRWAYS;;FAUX
2649;;ZGA Aircraft Parts;;FAUX
1048;164;ZHEJIANG AIRLINES;;FAUX
4078;;Zhuhai Infopower Tech;;FAUX
3931;;Ziegelr Aerospace;;FAUX
1515;314;ZIMEX AVIATION;;FAUX
1759;1175;ZODIAC AEROSPACE / AERAZUR;;FAUX
193;1258;ZODIAC AEROSPACE / AERAZUR (Rep);;FAUX
1477;1381;ZODIAC AEROSPACE / IN;;FAUX
2598;;ZODIAC AEROSPACE / IN - AMERICAS;;FAUX
2415;;ZODIAC AEROSPACE / IN - ASIA;;FAUX
1157;1065;ZODIAC AEROSPACE / IN - L.H.C.;;FAUX
1675;1405;ZODIAC AEROSPACE / IN SERVICE REP;;FAUX
2802;;ZODIAC AEROSPACE / INTERTECHNIQUE;;FAUX
1650;1141;ZODIAC AEROSPACE / INTERTECHNIQUE - EROS;;FAUX
712;1058;ZODIAC AEROSPACE / INTERTECHNIQUE REP;;FAUX
1627;1595;ZODIAC AEROSPACE / PRECILEC;;FAUX
161;1129;ZODIAC AEROSPACE / TELEFLEX - IN;;FAUX
4366;;ZODIAC SERVICES EUROPE;;FAUX
4887;;Zodiac Van Nuys;;FAUX
1816;1461346480;ZONG-WEI TECHNOLOGY CO., LTD;;FAUX
2541;;Zoom Airlines Inc;;FAUX
891;-1352310537;ZOTTI GROUP AVIATION;;FAUX
